,SampleNumber,TimeStamp,EMG1,EMG2,EMG3,EMG4,EMG5,EMG6,EMG7,EMG8
604,604,1503515707857,-8,2,-9,-1,-3,0,-3,-5
605,605,1503515707866,5,21,-3,-4,0,1,5,2
606,606,1503515707880,4,-6,-1,0,-1,-2,2,2
607,607,1503515707888,-3,7,2,-1,0,-1,2,-2
608,608,1503515707897,7,7,0,0,0,2,-2,-1
609,609,1503515707911,-5,1,4,-1,-16,0,1,1
610,610,1503515707917,3,0,4,-1,2,-3,2,2
611,611,1503515707926,2,0,-2,-2,10,-2,0,0
612,612,1503515707940,-3,-5,-3,-1,0,1,7,1
613,613,1503515707948,0,6,0,0,-2,5,2,8
614,614,1503515707956,2,1,-2,2,0,0,-3,1
615,615,1503515707971,2,-2,-2,-2,4,0,0,1
616,616,1503515707978,1,2,0,-2,-3,-6,-3,-2
617,617,1503515707986,-5,5,3,0,0,-2,-1,-4
618,618,1503515708000,-5,26,12,-1,-3,1,-3,-4
619,619,1503515708008,-7,-18,-10,-1,2,0,-1,-2
620,620,1503515708016,-1,-26,-16,-3,-5,-2,-4,-1
621,621,1503515708034,1,-2,-3,0,0,1,10,-13
622,622,1503515708039,3,-1,-1,-1,-3,1,-2,-3
623,623,1503515708053,15,2,0,-2,-2,1,0,19
624,624,1503515708060,4,-1,2,1,1,0,0,0
625,625,1503515708068,-5,-1,1,-1,0,-2,-1,-4
626,626,1503515708082,-2,-7,-1,-3,2,-2,-1,21
627,627,1503515708091,19,10,5,1,0,-2,-5,-20
628,628,1503515708099,0,-1,2,0,-1,1,-1,-11
629,629,1503515708113,-10,-14,-14,-4,-1,-3,-1,4
630,630,1503515708120,0,-7,-7,0,1,3,2,-5
631,631,1503515708128,-7,-6,-12,-8,-4,-5,-7,-8
632,632,1503515708143,-7,11,0,-3,-3,-2,-6,6
633,633,1503515708151,-14,-16,-3,-2,-2,1,2,3
634,634,1503515708158,4,-11,-9,-4,0,1,2,-1
635,635,1503515708174,-15,4,9,4,1,0,1,4
636,636,1503515708180,1,1,2,1,-1,0,-2,-3
637,637,1503515708188,-1,4,8,2,3,1,-3,-4
638,638,1503515708203,-4,2,0,-1,2,5,10,-4
639,639,1503515708211,4,3,0,1,-2,-1,-1,14
640,640,1503515708218,9,5,1,-1,-3,-6,-2,-1
641,641,1503515708234,-1,5,6,3,0,-3,-5,-7
642,642,1503515708242,-3,2,-3,-2,0,2,2,17
643,643,1503515708243,-21,-5,2,-1,-2,0,-3,-21
644,644,1503515708248,17,4,2,-1,0,1,0,5
645,645,1503515708263,-23,-8,-3,-1,0,-5,-6,-4
646,646,1503515708271,-12,20,14,1,-1,-1,-3,-8
647,647,1503515708278,27,6,0,1,-2,-2,1,2
648,648,1503515708294,2,-11,-10,-2,0,-3,-1,11
649,649,1503515708302,-9,-5,2,1,0,3,1,11
650,650,1503515708309,5,13,9,4,0,-1,-6,-5
651,651,1503515708323,6,6,2,0,1,2,3,6
652,652,1503515708331,2,3,-4,-4,-1,-1,-1,-15
653,653,1503515708339,27,37,9,1,-1,-1,-1,10
654,654,1503515708353,36,-17,-11,-3,0,14,1,3
655,655,1503515708360,-17,-17,-6,-2,1,2,5,6
656,656,1503515708369,-1,-4,-5,-2,-1,-3,-1,-1
657,657,1503515708383,5,1,-3,0,-1,-1,-2,-2
658,658,1503515708391,-22,-4,-5,-3,-1,-5,-6,0
659,659,1503515708398,-11,0,-3,-7,-5,-3,0,-7
660,660,1503515708413,-8,-34,-19,-3,0,-6,0,-4
661,661,1503515708420,8,-9,0,3,3,-1,-2,-3
662,662,1503515708428,4,-2,-3,-3,-3,-3,2,-1
663,663,1503515708444,2,-16,-6,-3,-2,-1,7,1
664,664,1503515708451,-13,-2,0,3,-1,-1,-4,-2
665,665,1503515708458,-5,0,-6,0,-4,-23,-6,-3
666,666,1503515708474,-4,11,8,1,-1,-1,3,8
667,667,1503515708480,-9,-9,2,-2,0,6,0,-3
668,668,1503515708488,32,12,8,-13,-9,-4,-1,0
669,669,1503515708504,0,-8,-6,-6,-2,3,-3,0
670,670,1503515708513,-14,13,8,4,1,3,-1,0
671,671,1503515708526,4,19,20,5,1,4,1,0
672,672,1503515708536,6,5,1,0,-2,1,1,-1
673,673,1503515708541,-23,-5,-8,-2,-2,2,-1,2
674,674,1503515708548,0,31,3,1,-1,-1,-2,-4
1227,1227,1503515713933,3,-8,-9,-4,-2,-2,6,-8
1228,1228,1503515713934,3,-5,3,2,1,0,2,-25
1229,1229,1503515713948,-11,-1,-1,0,-1,-2,-9,-11
1230,1230,1503515713949,-1,-19,-17,-3,-2,-3,1,4
1231,1231,1503515713955,-3,3,-1,-1,0,1,4,-4
1232,1232,1503515713963,1,-13,-6,-2,0,0,-3,-1
1233,1233,1503515713978,7,5,6,-3,-3,-3,0,12
1234,1234,1503515713986,-9,0,-2,-2,-4,-1,-2,-2
1235,1235,1503515713993,47,33,8,2,1,5,-2,2
1236,1236,1503515714009,-3,4,5,1,4,4,-8,-10
1237,1237,1503515714016,-18,-14,-5,1,1,-5,-4,8
1238,1238,1503515714031,20,3,-1,-3,0,0,2,-5
1239,1239,1503515714040,49,6,-3,-1,2,2,0,5
1240,1240,1503515714046,-3,-5,-3,-2,-5,-4,0,-4
1241,1241,1503515714053,-18,-10,-1,-2,-1,-1,-3,-9
1242,1242,1503515714068,-1,19,18,3,0,-1,2,4
1243,1243,1503515714076,-8,29,6,2,0,-2,3,3
1244,1244,1503515714091,-4,-14,-5,0,0,3,3,17
1245,1245,1503515714098,-3,-6,-1,-2,-1,-3,0,6
1246,1246,1503515714109,23,3,-2,0,0,0,0,-4
1247,1247,1503515714113,8,-1,-6,-2,-2,9,0,15
1248,1248,1503515714128,2,-13,-5,-2,1,2,5,-7
1249,1249,1503515714135,5,0,2,1,-1,1,-3,-7
1250,1250,1503515714143,-8,1,-3,-2,-1,2,11,4
1251,1251,1503515714158,-18,-16,-8,-3,-3,-3,-4,-9
1252,1252,1503515714166,-20,21,8,1,-1,-4,-11,-8
1253,1253,1503515714174,12,-9,-8,-5,-4,-7,1,13
1254,1254,1503515714189,-23,-29,-15,-5,0,4,5,13
1255,1255,1503515714195,-21,-14,-3,1,-1,-1,-1,-3
1256,1256,1503515714204,7,8,2,-1,-2,15,-5,-11
1257,1257,1503515714218,17,-4,-5,-2,2,-21,-14,-2
1258,1258,1503515714226,-16,-11,3,2,0,14,11,-2
1259,1259,1503515714233,-15,2,2,-1,0,8,3,-8
1260,1260,1503515714249,18,4,-3,-1,-3,-13,-8,-2
1261,1261,1503515714255,-42,-2,0,-1,-1,-7,3,0
1262,1262,1503515714271,37,-1,0,-2,-2,-5,0,-2
1263,1263,1503515714278,42,37,13,1,1,2,-8,2
1264,1264,1503515714286,-3,0,-5,-2,0,-2,6,1
1265,1265,1503515714293,9,4,-1,0,0,2,1,-6
1266,1266,1503515714310,22,-2,-3,-2,-3,-10,-9,1
1267,1267,1503515714316,-10,7,-2,-2,-2,13,-2,-4
1268,1268,1503515714323,-9,6,0,0,-4,-12,7,3
1269,1269,1503515714343,35,-6,-3,0,-2,3,1,-5
1270,1270,1503515714346,-19,-1,2,0,-1,-4,-9,-3
1271,1271,1503515714353,-46,-12,-2,0,2,16,14,-3
1272,1272,1503515714368,3,12,3,-2,1,8,9,2
1273,1273,1503515714376,-22,-19,-4,-1,1,-5,-1,0
1274,1274,1503515714390,-8,-4,-3,-1,0,4,-8,3
1275,1275,1503515714398,14,1,-1,-1,0,-9,-5,3
1276,1276,1503515714414,-7,-1,-2,0,3,3,-1,-1
1277,1277,1503515714429,22,3,2,4,21,33,-1,20
1278,1278,1503515714435,-4,-7,-2,-1,-4,9,10,-17
1279,1279,1503515714451,-4,1,-2,-3,-16,-4,1,-5
1280,1280,1503515714458,35,9,3,3,7,-16,-5,-4
1281,1281,1503515714466,-8,-28,-12,-2,0,-11,-2,1
1282,1282,1503515714473,-21,-5,-4,-2,-7,-6,-2,5
1283,1283,1503515714489,14,7,7,1,-3,-18,-8,-6
1284,1284,1503515714495,6,5,4,4,-2,8,10,-8
1285,1285,1503515714517,3,-11,-2,-2,2,-5,10,13
1286,1286,1503515714519,-40,-3,-3,-5,-3,-7,-2,-4
1287,1287,1503515714526,-1,17,6,2,-1,-4,-9,-9
1288,1288,1503515714533,-1,-6,1,-1,3,-1,0,17
1289,1289,1503515714549,61,-11,-7,-2,-4,0,1,3
1290,1290,1503515714556,-6,-7,-4,-2,0,-5,-5,15
1291,1291,1503515714570,-12,15,3,1,-3,-6,0,-3
1292,1292,1503515714579,-4,-22,-9,-5,-4,-4,-5,-4
1293,1293,1503515714586,-8,6,1,-3,-1,-2,-2,-1
1294,1294,1503515714600,-6,16,3,0,0,0,-3,-20
1295,1295,1503515714610,-44,-16,-3,1,2,-7,-11,0
1296,1296,1503515714616,29,-8,-9,-7,-7,-8,0,11
1297,1297,1503515714631,-12,4,2,1,-2,-9,-24,-9
1298,1298,1503515714638,12,1,-2,2,2,4,2,3
1299,1299,1503515714646,-7,-2,1,2,-1,3,2,-1
1300,1300,1503515714661,7,3,-2,-3,2,-1,-2,0
1301,1301,1503515714668,2,2,-7,-4,-3,-1,2,-7
1302,1302,1503515714676,-10,18,1,1,-1,2,5,3
1303,1303,1503515714691,-16,-21,-8,-2,-2,0,5,10
1304,1304,1503515714698,8,8,5,1,-1,-3,-2,17
1305,1305,1503515714706,-6,4,-1,-2,1,2,3,3
1306,1306,1503515714720,-3,-1,3,2,2,0,-3,-40
1307,1307,1503515714728,15,1,0,-4,-2,4,0,-21
1308,1308,1503515714735,38,4,1,-1,-4,-2,2,6
1309,1309,1503515714751,19,5,1,2,-1,-22,-2,-4
1310,1310,1503515714758,-21,-8,1,1,3,-2,2,-3
1311,1311,1503515714766,-7,-19,-6,-1,2,-3,1,10
1312,1312,1503515714781,-24,-41,-9,-2,-2,2,-6,3
1313,1313,1503515714788,-6,35,15,0,-3,5,3,5
1314,1314,1503515714795,-25,9,6,3,0,1,-4,-3
1757,1757,1503515719191,10,3,-1,-2,1,5,11,-1
1758,1758,1503515719198,-8,-1,7,2,-3,0,6,-3
1759,1759,1503515719213,-13,-6,-6,-4,-5,-1,-6,1
1760,1760,1503515719220,8,-11,-2,2,-1,2,3,0
1761,1761,1503515719228,13,5,-13,-2,-8,-1,6,-7
1762,1762,1503515719243,-8,-7,-6,-4,-6,-2,3,3
1763,1763,1503515719251,-6,-7,-1,-2,0,-1,5,-6
1764,1764,1503515719258,7,8,3,-1,1,1,8,0
1765,1765,1503515719275,-3,-9,-6,7,5,0,12,3
1766,1766,1503515719281,10,9,4,0,-4,0,-6,3
1767,1767,1503515719288,1,-2,-1,-3,-1,6,12,12
1768,1768,1503515719303,-2,0,-2,-1,-2,1,7,-3
1769,1769,1503515719311,-20,-13,-3,-5,8,-7,-14,-3
1770,1770,1503515719318,-16,-18,-8,-4,-3,0,-9,0
1771,1771,1503515719333,21,23,-1,-1,-8,-5,-4,2
1772,1772,1503515719342,-2,-5,-4,2,3,-5,-6,-10
1773,1773,1503515719348,-23,-26,-9,-3,-1,2,10,-2
1774,1774,1503515719363,2,4,-2,-1,-2,-6,0,-22
1775,1775,1503515719371,10,8,6,3,1,2,36,8
1776,1776,1503515719378,-5,1,3,-1,-3,-6,-14,-5
1777,1777,1503515719393,8,-5,5,7,8,-3,-4,2
1778,1778,1503515719400,-5,-5,-1,1,2,2,-19,1
1779,1779,1503515719410,11,5,-3,-5,-8,0,-11,1
1780,1780,1503515719423,18,14,12,2,2,-1,0,4
1781,1781,1503515719431,-31,-48,-17,-2,-1,5,1,8
1782,1782,1503515719439,16,8,2,3,0,2,-9,13
1783,1783,1503515719453,-21,-13,-7,-3,-3,-2,-24,-22
1784,1784,1503515719460,1,10,4,-1,-3,-1,-7,-7
1785,1785,1503515719468,2,14,6,-3,-4,-4,-6,16
1786,1786,1503515719483,4,-1,-5,-2,2,4,18,16
1787,1787,1503515719491,2,14,2,3,0,-3,-15,-23
1788,1788,1503515719498,-19,-16,-4,1,0,-2,7,-10
1789,1789,1503515719515,-3,-1,-4,-5,-4,-2,-3,6
1790,1790,1503515719520,0,3,-5,-1,0,1,4,4
1791,1791,1503515719528,20,4,8,0,-2,-2,-13,3
1792,1792,1503515719544,-7,-12,1,0,-1,2,9,-3
1793,1793,1503515719551,-4,-4,-4,-2,-3,0,-1,-11
1794,1794,1503515719558,-6,2,-1,-3,-2,1,-11,-9
1795,1795,1503515719573,10,9,-5,-2,-4,-2,5,18
1796,1796,1503515719581,3,10,4,-2,-1,-3,-1,10
1797,1797,1503515719588,7,14,7,-1,-1,-1,1,0
1798,1798,1503515719603,-4,-1,-4,0,2,-1,-4,4
1799,1799,1503515719612,-5,8,4,-1,-3,0,-1,0
1800,1800,1503515719618,3,-8,0,0,-1,-3,-2,-9
1801,1801,1503515719633,-3,1,12,7,2,2,-1,-4
1802,1802,1503515719640,-7,5,2,2,1,-2,9,3
1803,1803,1503515719649,-5,-3,-2,-1,-2,0,4,-2
1804,1804,1503515719663,-2,-21,-7,0,-3,-5,3,-4
1805,1805,1503515719671,8,25,3,-4,-1,-2,-29,-14
1806,1806,1503515719678,20,27,13,0,1,5,10,15
1807,1807,1503515719693,1,-7,-6,-2,-2,-2,-1,-18
1808,1808,1503515719700,-15,-9,-6,-1,-2,2,-4,5
1809,1809,1503515719708,-2,-2,7,1,1,-2,4,-3
1810,1810,1503515719723,-3,-7,-4,0,0,-1,2,-5
1811,1811,1503515719731,-1,-7,-4,0,1,0,3,4
1812,1812,1503515719738,1,-2,-3,-1,0,-1,0,-6
1813,1813,1503515719753,2,-7,-7,-9,-11,-2,-8,1
1814,1814,1503515719760,2,-3,-5,-7,-5,-1,1,-8
1815,1815,1503515719768,-9,-11,-12,-2,-4,-2,-2,3
1816,1816,1503515719783,2,-8,0,0,0,2,4,-3
1817,1817,1503515719791,-11,-33,-5,4,6,-1,0,1
1818,1818,1503515719798,-4,-2,-5,0,2,0,-3,-2
1819,1819,1503515719814,10,11,4,-3,-1,-2,-6,5
1820,1820,1503515719821,-23,-4,-1,-2,-6,-1,-3,4
1821,1821,1503515719828,-2,7,2,2,0,1,0,8
1822,1822,1503515719845,4,0,-5,-4,-4,-1,2,-3
1823,1823,1503515719851,2,4,0,5,7,-6,-18,-6
1824,1824,1503515719858,-3,7,4,1,1,-4,-3,-8
1825,1825,1503515719873,2,10,3,-4,-4,-2,3,-2
1826,1826,1503515719881,2,-5,-1,2,5,2,-7,6
1827,1827,1503515719888,-2,-3,-3,1,0,1,9,-1
1828,1828,1503515719903,6,-1,-2,0,-2,2,-1,-2
1829,1829,1503515719917,-4,-21,1,4,3,-2,4,0
1830,1830,1503515719918,-7,-22,-4,-2,-1,-1,-2,-1
1831,1831,1503515719933,25,21,3,0,2,5,-13,2
1832,1832,1503515719940,8,10,0,-1,-2,-1,3,6
1833,1833,1503515719948,-10,-6,-5,-3,-3,2,12,6
1834,1834,1503515719963,-1,8,-2,-5,-6,-9,-11,-2
1835,1835,1503515719971,-2,-5,-1,-3,-4,2,4,-7
1836,1836,1503515719979,-3,5,5,3,1,1,1,-4
1837,1837,1503515719993,5,9,1,-2,-1,-3,-1,2
1838,1838,1503515720000,9,-4,-4,0,1,-2,2,1
1839,1839,1503515720008,-15,9,4,3,1,0,5,-4
1840,1840,1503515720023,21,-14,-8,-4,-2,-2,-1,5
1841,1841,1503515720031,-12,-5,-8,0,-1,-2,-3,-5
1842,1842,1503515720038,-17,-10,-6,0,1,1,-3,-5
1843,1843,1503515720054,-6,-5,-5,-2,-1,-2,4,0
1844,1844,1503515720060,2,16,10,4,4,-1,9,1
1845,1845,1503515720068,-1,-12,0,-1,-2,-3,2,-1
1846,1846,1503515720083,-4,4,1,-4,-4,-2,2,-3
1847,1847,1503515720091,5,8,2,1,-5,-3,-8,-4
1848,1848,1503515720098,2,2,3,-1,-1,0,-7,3
1849,1849,1503515720115,9,12,3,-4,-2,0,5,9
1850,1850,1503515720121,-11,-12,-4,-1,-2,-3,-1,2
1851,1851,1503515720128,5,-20,-8,-1,1,0,-3,0
2414,2414,1503515725625,-14,-4,-7,-5,-2,-2,15,-65
2415,2415,1503515725633,-10,23,23,3,4,-3,-18,-19
2416,2416,1503515725648,-9,5,4,2,0,1,-8,7
2417,2417,1503515725655,35,7,-7,-2,1,2,1,10
2418,2418,1503515725662,2,-5,0,0,-4,-2,8,20
2419,2419,1503515725678,-30,-13,-5,1,1,-1,-2,5
2420,2420,1503515725685,6,-6,-5,-3,1,0,-5,9
2421,2421,1503515725693,-3,8,10,4,2,1,2,-4
2422,2422,1503515725708,4,-2,-4,-6,-45,-3,-1,8
2423,2423,1503515725716,2,-7,-6,1,5,2,-15,-3
2424,2424,1503515725722,7,1,-1,-3,-4,-2,1,41
2425,2425,1503515725738,-6,-15,-10,-4,-3,-3,-2,-7
2426,2426,1503515725745,3,10,1,4,14,3,-18,-4
2427,2427,1503515725760,14,32,2,0,6,-5,-11,-16
2428,2428,1503515725767,16,-9,-10,-4,7,-4,-5,2
2429,2429,1503515725776,17,-19,-10,-4,-10,0,5,9
2430,2430,1503515725790,-21,-10,-1,-1,6,0,0,7
2431,2431,1503515725798,-37,-17,-6,-1,-1,-1,-1,-19
2432,2432,1503515725805,-6,1,2,0,3,-1,-3,-1
2433,2433,1503515725820,-15,0,0,-1,-3,-1,2,3
2434,2434,1503515725827,-4,-4,0,-1,2,-2,6,-4
2435,2435,1503515725835,-1,-19,-2,-3,1,-3,-2,4
2436,2436,1503515725850,29,-7,-4,0,3,-2,-3,-5
2437,2437,1503515725858,-6,-13,7,2,2,4,5,7
2438,2438,1503515725865,2,-11,-9,-4,0,-1,2,-3
2439,2439,1503515725880,1,-13,-9,-2,-5,0,-2,-1
2440,2440,1503515725887,-12,-24,-6,0,0,0,2,-7
2441,2441,1503515725888,8,25,10,1,1,-1,-1,-3
2442,2442,1503515725895,-5,4,-4,-1,0,-3,-4,3
2443,2443,1503515725910,-9,-15,-6,-4,-2,-3,-1,-4
2444,2444,1503515725918,1,15,7,-1,-5,-3,-8,-9
2445,2445,1503515725925,-1,-2,0,2,0,0,-1,3
2446,2446,1503515725942,34,7,5,1,1,2,4,10
2447,2447,1503515725947,-24,-6,3,2,3,17,-1,-4
2448,2448,1503515725955,-14,-10,-4,-2,0,-3,0,-4
2449,2449,1503515725970,-4,-8,1,-2,1,1,7,1
2450,2450,1503515725978,7,-8,-3,-1,-2,-2,0,1
2451,2451,1503515725986,-29,-9,-7,0,-2,-5,-7,-11
2452,2452,1503515726000,-5,2,-5,0,1,-3,7,2
2453,2453,1503515726009,21,5,-3,2,0,-4,-4,0
2454,2454,1503515726016,4,14,1,-3,0,2,-4,3
2455,2455,1503515726030,-1,11,3,0,0,-3,0,-4
2456,2456,1503515726038,-2,2,1,2,2,-3,5,0
2457,2457,1503515726046,-4,15,4,-6,-4,-4,2,-1
2458,2458,1503515726060,-8,0,-4,-1,-1,-2,-4,-4
2459,2459,1503515726067,19,16,11,0,1,0,-4,0
2460,2460,1503515726076,-2,16,0,0,-2,-1,0,2
2461,2461,1503515726090,2,-4,-3,-1,-3,-3,-4,-4
2462,2462,1503515726098,8,7,5,-1,0,0,0,-3
2463,2463,1503515726105,4,-5,-2,0,1,-1,0,1
2464,2464,1503515726120,-13,-17,-1,2,0,1,4,2
2465,2465,1503515726127,8,5,1,3,3,13,-2,0
2466,2466,1503515726135,-2,-7,-1,-2,-3,1,0,0
2467,2467,1503515726150,-3,-2,-1,2,2,0,1,5
2468,2468,1503515726158,-7,15,7,-2,-1,-1,-3,-2
2469,2469,1503515726165,-6,-3,-3,-1,-4,-5,-4,-1
2470,2470,1503515726180,4,-13,-2,-1,-1,-5,0,-1
2471,2471,1503515726187,-3,12,-3,-3,-1,-5,1,-4
2472,2472,1503515726195,2,-8,-4,-1,1,5,-2,-2
2473,2473,1503515726210,2,6,2,0,-1,-4,1,0
2474,2474,1503515726219,6,1,4,0,-3,-1,-3,-2
2475,2475,1503515726225,9,-23,-13,-3,-4,-3,-1,0
2476,2476,1503515726240,-16,-9,-6,0,0,1,1,0
2477,2477,1503515726248,1,33,10,0,0,-4,0,0
2478,2478,1503515726255,14,0,-4,-1,-2,-3,-2,4
2479,2479,1503515726270,-7,-10,-5,-2,0,0,3,0
2480,2480,1503515726278,-1,10,1,-3,0,-2,2,-7
2481,2481,1503515726286,0,-7,-2,-1,-1,0,-1,-2
2877,2877,1503515730185,-12,22,3,-1,-1,-1,-1,0
2878,2878,1503515730201,7,-10,-1,0,-2,1,0,0
2879,2879,1503515730207,17,-12,-7,-3,-1,-3,-5,2
2880,2880,1503515730215,-2,-8,-5,-3,0,-2,-3,-3
2881,2881,1503515730230,-1,8,3,2,2,3,3,-1
2882,2882,1503515730238,4,2,2,0,0,0,-2,0
2883,2883,1503515730245,1,-1,-2,-1,-1,0,4,1
2884,2884,1503515730260,11,7,1,-3,1,0,0,0
2885,2885,1503515730268,-5,-4,0,-1,-1,1,-3,-3
2886,2886,1503515730275,-15,-3,1,10,0,1,0,-2
2887,2887,1503515730290,-9,-17,-4,-1,0,-3,-6,-4
2888,2888,1503515730298,13,-3,-3,-2,0,-1,2,3
2889,2889,1503515730305,-12,-19,-4,-1,-2,-3,-1,-2
2890,2890,1503515730320,-4,18,7,-1,-1,-1,-7,-4
2891,2891,1503515730327,10,13,4,-7,-6,-4,-3,3
2892,2892,1503515730336,-8,-7,-5,-5,-3,2,1,1
2893,2893,1503515730350,1,4,2,1,-1,1,0,0
2894,2894,1503515730358,-3,5,1,-3,-1,-5,-2,3
2895,2895,1503515730365,-16,-9,0,1,1,-2,-3,-5
2896,2896,1503515730381,8,-4,-3,-4,1,4,1,0
2897,2897,1503515730387,6,-2,-4,-6,-3,0,1,1
2898,2898,1503515730397,-4,0,-2,1,-2,-4,-5,-4
2899,2899,1503515730410,-3,-12,-5,-1,0,0,4,1
2900,2900,1503515730418,-5,-8,-3,-5,-3,-3,1,-4
2901,2901,1503515730433,5,9,2,3,3,0,4,0
2902,2902,1503515730440,-1,0,4,-4,-1,-2,-3,-1
2903,2903,1503515730448,-3,-8,-2,7,2,0,-1,-3
2904,2904,1503515730466,-1,7,3,4,1,1,6,0
2905,2905,1503515730470,2,1,-1,-3,0,3,-2,-4
2906,2906,1503515730479,-1,-4,-5,2,-1,2,2,0
2907,2907,1503515730492,2,5,2,-2,-2,-2,-5,1
2908,2908,1503515730500,0,6,4,-2,-2,-2,-4,-3
2909,2909,1503515730507,2,15,1,2,-2,-1,1,-1
2910,2910,1503515730523,-7,-10,-7,-2,-2,-3,0,0
2911,2911,1503515730533,-11,-2,-1,-7,0,0,-6,-8
2912,2912,1503515730538,-5,1,-1,-1,0,-4,-6,-8
2913,2913,1503515730552,4,-4,-5,-5,0,2,1,1
2914,2914,1503515730567,1,-3,-3,0,2,1,-1,1
2915,2915,1503515730569,-1,11,21,4,2,0,-1,0
2916,2916,1503515730583,3,8,6,3,0,-2,-2,1
2917,2917,1503515730590,-2,-5,-5,-4,-1,-2,-1,1
2918,2918,1503515730600,15,19,5,2,1,2,4,6
2919,2919,1503515730612,-5,-7,-8,6,-5,-1,-1,-2
2920,2920,1503515730620,-5,-12,-13,-5,-1,1,-1,-1
2921,2921,1503515730627,2,-1,2,0,-5,-2,-1,3
2922,2922,1503515730643,-6,0,1,1,1,2,0,0
2923,2923,1503515730650,1,-3,-3,-4,-6,-5,-3,-2
2924,2924,1503515730658,12,-3,1,0,2,2,-2,1
2925,2925,1503515730672,9,10,1,3,7,2,-6,-4
2926,2926,1503515730681,-18,-8,-1,-2,-4,1,10,3
2927,2927,1503515730687,5,7,9,0,0,-2,-2,-3
2928,2928,1503515730703,-2,-20,-6,1,3,-1,-10,-14
2929,2929,1503515730710,-6,-9,-6,-1,2,2,3,5
2930,2930,1503515730718,-1,1,1,-3,-4,-1,0,1
2931,2931,1503515730745,-1,-1,-5,-3,-2,-2,3,3
2932,2932,1503515730748,-4,-2,-2,-3,0,-2,-9,-7
2933,2933,1503515730762,-5,14,7,0,-1,0,0,7
2934,2934,1503515730771,1,-13,-7,-3,-3,-3,2,-1
2935,2935,1503515730778,1,0,-1,0,-2,-2,1,8
2936,2936,1503515730794,-5,-7,-10,-5,-3,-1,2,-3
2937,2937,1503515730801,-11,-2,0,1,2,0,-2,-2
2938,2938,1503515730808,18,12,3,0,-2,-2,-2,-10
2939,2939,1503515730823,-3,-8,-3,-1,-3,0,0,-2
2940,2940,1503515730830,1,13,9,2,2,2,8,2
2941,2941,1503515730838,-2,-4,-3,-2,-1,-3,-2,-30
2942,2942,1503515730852,-4,4,7,4,2,0,0,8
2943,2943,1503515730860,22,20,1,0,-1,0,5,21
2944,2944,1503515730867,-21,-14,-10,-5,-3,0,1,-13
2945,2945,1503515730868,17,-6,-6,-2,-1,-1,0,5
2946,2946,1503515730883,16,9,3,0,0,-2,-7,0
2947,2947,1503515730935,-6,-14,-2,-2,-1,1,-1,2
2948,2948,1503515730936,-25,-3,1,1,0,2,4,14
2949,2949,1503515730943,-7,-3,-4,-2,-2,-4,-5,15
2950,2950,1503515730950,-7,-5,-4,-1,-1,-2,5,-6
2951,2951,1503515730958,-18,-12,-3,-2,-2,-1,-6,1
2952,2952,1503515730972,7,-9,-7,-3,-1,1,0,1
2953,2953,1503515730980,-3,-4,-2,1,0,-1,-2,1
2954,2954,1503515730987,23,13,1,-3,-1,0,-2,-5
2955,2955,1503515731003,-1,8,0,-2,-1,-3,-1,-14
2956,2956,1503515731010,-5,-3,8,6,0,-2,2,-7
2957,2957,1503515731018,-10,-5,0,-3,-1,1,0,-10
2958,2958,1503515731034,-4,3,-4,-3,-2,1,-5,-4
3717,3717,1503515738419,-16,-3,4,2,0,-1,-3,-4
3718,3718,1503515738427,33,-3,-3,1,3,0,2,13
3719,3719,1503515738428,-8,2,4,0,0,-1,3,-13
3720,3720,1503515738441,0,2,-3,0,0,0,1,13
3721,3721,1503515738450,-9,-5,-4,0,1,4,1,1
3722,3722,1503515738457,4,5,2,-2,-2,-2,1,0
3723,3723,1503515738472,10,4,1,1,-4,-3,0,4
3724,3724,1503515738480,-12,-3,0,-3,-4,2,2,-1
3725,3725,1503515738481,5,1,-1,-1,5,-3,-2,-5
3726,3726,1503515738488,4,6,4,4,5,1,1,-2
3727,3727,1503515738501,6,-3,-5,-2,0,2,-1,-2
3728,3728,1503515738510,8,16,14,1,-1,-1,0,11
3729,3729,1503515738517,2,-24,-7,-5,-1,0,-1,7
3730,3730,1503515738532,25,22,12,6,1,2,1,6
3731,3731,1503515738539,3,-9,-7,0,-1,-3,-2,-3
3732,3732,1503515738540,-17,0,-1,-1,-5,1,1,-5
3733,3733,1503515738550,-16,-14,-11,-9,-8,-2,-4,-6
3734,3734,1503515738562,6,5,0,2,0,1,2,0
3735,3735,1503515738572,2,-6,-5,-3,1,3,1,-3
3736,3736,1503515738577,4,3,1,-1,0,0,7,-1
3737,3737,1503515738593,-4,-5,-5,0,4,-1,5,1
3738,3738,1503515738602,9,9,2,4,6,0,-2,0
3739,3739,1503515738611,-3,-4,-1,1,-2,-3,-2,-2
3740,3740,1503515738622,0,1,-4,-4,-4,-3,1,5
3741,3741,1503515738630,9,6,-4,-1,-1,-1,-2,-1
3742,3742,1503515738644,-5,26,8,2,-2,4,0,-13
3743,3743,1503515738652,3,-10,-6,-2,-2,-2,-4,-34
3744,3744,1503515738659,-9,-10,-7,-4,-3,-3,-3,-5
3745,3745,1503515738667,-26,-9,6,2,2,4,3,0
3746,3746,1503515738682,11,10,-1,-3,-2,-4,-6,1
3747,3747,1503515738689,3,2,-1,-3,-4,-2,-3,5
3748,3748,1503515738697,-1,-5,1,1,7,2,-1,3
3749,3749,1503515738712,-1,-4,-6,-2,-1,-2,-2,5
3750,3750,1503515738719,-5,-8,-3,-2,-4,-2,-2,-9
3751,3751,1503515738727,-2,-4,0,0,-2,-7,-2,1
3752,3752,1503515738741,-6,-4,0,-1,-4,-3,-4,-1
3753,3753,1503515738751,17,-2,-8,-3,0,0,1,14
3754,3754,1503515738757,-7,25,33,13,3,4,-2,3
3755,3755,1503515738773,-18,2,5,4,1,3,2,-6
3756,3756,1503515738780,9,-8,-12,-2,-3,-3,-1,1
3757,3757,1503515738794,10,5,0,-4,-3,0,-4,4
3758,3758,1503515738802,-1,-2,-4,-4,-5,-3,-3,-6
3759,3759,1503515738810,-3,-3,-5,-1,-1,2,2,12
3760,3760,1503515738824,-2,-8,-2,-2,0,2,1,8
3761,3761,1503515738832,-1,2,0,1,2,-2,1,18
3762,3762,1503515738843,56,16,0,-1,-1,-2,-2,-11
3763,3763,1503515738854,7,-2,-2,-2,-3,-3,-6,-12
3764,3764,1503515738861,-17,1,-3,-3,-1,1,0,6
3765,3765,1503515738869,-1,-7,-3,-4,-2,0,3,-9
3766,3766,1503515738884,-5,18,9,5,0,1,-1,-13
3767,3767,1503515738894,7,-9,-9,-3,-4,-6,-4,11
3768,3768,1503515738900,-11,-18,-10,-1,1,-1,2,2
3769,3769,1503515738915,3,-11,-10,-2,-2,2,-6,-7
3770,3770,1503515738921,12,-20,-8,-8,-4,-4,5,29
3771,3771,1503515738930,-34,23,13,1,0,-1,2,36
3772,3772,1503515738944,-63,-16,-5,-1,-3,-1,-1,-6
3773,3773,1503515738952,6,-1,-4,-2,-1,-1,-1,-4
3774,3774,1503515738959,-6,17,9,3,1,-11,0,-1
3775,3775,1503515738975,-1,14,16,6,2,0,1,-10
3776,3776,1503515738982,25,-9,-12,-1,-1,2,-2,-12
3777,3777,1503515738989,-1,-2,0,-1,1,2,0,-18
3778,3778,1503515739004,4,-7,-5,0,1,3,-4,3
3779,3779,1503515739012,6,3,-1,-2,-2,2,3,-9
3780,3780,1503515739019,2,4,1,-1,0,-1,0,8
3781,3781,1503515739034,8,-10,-7,-2,1,-1,2,17
3782,3782,1503515739042,7,5,4,2,-1,1,-6,-16
3783,3783,1503515739049,-6,6,2,-1,-2,-5,-2,-3
3784,3784,1503515739064,-14,-20,-6,-5,-5,0,-3,7
3785,3785,1503515739073,4,17,7,3,0,1,-2,-7
3786,3786,1503515739080,-17,-37,-5,-5,-1,0,0,-10
3787,3787,1503515739101,0,10,3,1,2,12,-1,-7
3788,3788,1503515739102,9,10,1,1,1,1,-2,-1
3789,3789,1503515739111,-3,-16,-6,-3,-2,0,1,-9
3790,3790,1503515739124,10,7,-1,-1,1,-1,2,2
3791,3791,1503515739132,5,0,-1,1,0,0,1,20
3792,3792,1503515739141,1,0,0,-1,-2,0,2,1
3793,3793,1503515739154,14,-7,-5,-2,-3,-4,0,2
3794,3794,1503515739161,9,12,0,-3,1,2,2,9
3795,3795,1503515739169,-3,-7,-6,-2,-2,-4,-5,-11
3796,3796,1503515739187,48,33,13,3,0,0,0,1
3797,3797,1503515739192,-10,-23,-10,-3,-1,-5,-1,-7
3798,3798,1503515739199,-22,-14,-4,-1,0,-1,-3,3
3799,3799,1503515739215,-1,12,10,4,2,-1,-1,0
3800,3800,1503515739221,-1,-7,-5,-3,-2,-3,1,-4
3801,3801,1503515739229,-15,-9,-7,-3,-2,-3,-4,-18
3802,3802,1503515739244,2,0,-2,0,-2,-2,-1,4
3803,3803,1503515739252,2,4,4,3,1,-16,4,2
3804,3804,1503515739261,0,-6,-4,-2,1,-4,-9,-4
3805,3805,1503515739275,-6,-7,-5,-2,-3,0,-3,-3
3806,3806,1503515739283,-11,-1,0,0,0,0,-1,-4
3807,3807,1503515739289,-9,2,1,0,1,5,-2,-2
3808,3808,1503515739304,-11,0,1,-1,-2,2,1,-1
3809,3809,1503515739312,-4,-3,-2,-3,-3,-1,0,1
3810,3810,1503515739320,-11,-5,-3,-1,-4,-2,-1,-2
3811,3811,1503515739334,9,3,0,1,8,0,-2,0
3812,3812,1503515739342,2,2,-1,-1,2,2,2,-4
3813,3813,1503515739350,6,2,1,0,-7,3,2,1
3814,3814,1503515739364,-3,-3,-2,-1,-1,-1,-1,0
3815,3815,1503515739372,-17,-28,-10,-6,-3,-2,-4,-10
3816,3816,1503515739379,0,21,12,0,-1,-1,0,1
3817,3817,1503515739394,10,9,2,-2,-1,-9,1,1
3818,3818,1503515739401,-23,-19,-6,0,-2,0,1,15
3819,3819,1503515739409,-17,2,15,1,-3,2,-1,-7
3820,3820,1503515739424,7,1,-1,0,0,-3,-6,-11
3821,3821,1503515739432,9,-2,-6,-4,-4,-23,3,9
4124,4124,1503515742447,2,1,-4,-4,-3,-1,0,2
4125,4125,1503515742462,4,-3,1,3,-1,-2,-10,-1
4126,4126,1503515742470,1,8,1,0,0,0,3,-3
4127,4127,1503515742477,3,-3,-4,1,1,-2,0,-1
4128,4128,1503515742492,0,3,2,3,0,0,-2,5
4129,4129,1503515742501,14,3,1,0,2,-1,1,-2
4130,4130,1503515742507,-1,-7,-2,0,0,0,1,1
4131,4131,1503515742522,-8,31,14,3,0,1,-2,-2
4132,4132,1503515742530,-4,-2,1,-1,0,-2,-3,-2
4133,4133,1503515742544,-7,-10,-13,-6,-2,-2,0,-6
4134,4134,1503515742552,-2,4,-2,-1,-2,-3,-2,4
4135,4135,1503515742561,-1,-11,-6,-3,-2,-2,1,-5
4136,4136,1503515742574,-6,-10,-6,-3,-3,0,0,0
4137,4137,1503515742582,14,6,3,0,-2,-1,-4,5
4138,4138,1503515742592,8,-4,-1,0,1,0,2,1
4139,4139,1503515742603,-7,-3,0,2,6,4,9,3
4140,4140,1503515742611,1,7,1,1,-2,-1,-4,1
4141,4141,1503515742619,7,-9,-6,-3,-4,-2,0,-1
4142,4142,1503515742634,13,-27,-8,-2,2,-1,-1,1
4143,4143,1503515742642,-10,-16,-2,-1,1,1,2,4
4144,4144,1503515742659,-9,8,10,2,2,-2,0,1
4145,4145,1503515742664,1,-3,-1,1,-1,0,-1,-3
4146,4146,1503515742672,-11,-10,-8,-4,-3,1,-1,-6
4147,4147,1503515742679,-4,7,0,0,-3,-2,0,-4
4148,4148,1503515742694,3,11,2,2,3,0,-8,-3
4149,4149,1503515742702,0,3,1,-1,0,-2,-2,0
4150,4150,1503515742710,-2,4,3,1,0,2,4,-1
4151,4151,1503515742725,-3,-7,-5,-3,-2,1,-2,0
4152,4152,1503515742732,3,10,1,-2,-1,-3,3,-2
4153,4153,1503515742739,-2,-18,-8,-2,0,-1,0,2
4154,4154,1503515742754,7,37,36,9,2,1,4,3
4155,4155,1503515742762,-4,-3,0,-1,1,-3,-5,-8
4156,4156,1503515742770,-5,28,5,-4,-7,-2,2,2
4157,4157,1503515742783,-1,-1,-4,-3,-2,-1,-1,0
4158,4158,1503515742793,-10,-24,-6,0,0,-1,-4,-6
4159,4159,1503515742799,5,4,-4,-1,0,-2,0,0
4160,4160,1503515742814,4,-6,-3,-1,1,-1,2,2
4161,4161,1503515742822,4,1,0,-1,-2,0,1,3
4162,4162,1503515742830,2,-12,-10,-2,-1,-2,0,3
4163,4163,1503515742844,-2,5,4,-1,-1,1,-2,-2
4164,4164,1503515742852,1,-3,-10,-3,-3,-1,-6,-3
4165,4165,1503515742861,-5,-5,0,1,1,-1,0,0
4166,4166,1503515742874,0,-23,-12,-2,-3,-3,-6,-6
4167,4167,1503515742881,4,0,0,-2,-1,-1,3,3
4168,4168,1503515742890,-1,-10,-11,-3,-1,-1,-6,-3
4169,4169,1503515742903,-4,0,-3,-1,-2,-1,-6,-2
4170,4170,1503515742911,-3,4,5,0,0,0,3,1
4171,4171,1503515742919,7,6,4,1,-1,1,4,1
4172,4172,1503515742935,-2,0,0,-1,0,-1,-3,-1
4173,4173,1503515742941,-1,-1,-5,-2,0,0,-2,-2
4174,4174,1503515742942,-4,-4,-1,0,-1,-2,-1,-2
4175,4175,1503515742950,4,-1,-4,-4,-3,-4,-2,4
4176,4176,1503515742966,-4,1,2,2,3,1,1,0
4177,4177,1503515742972,-1,-9,-1,1,-2,-2,3,-3
4178,4178,1503515742979,-7,-6,-3,-1,-1,0,0,-5
4179,4179,1503515742995,-3,2,-1,-5,0,0,0,-7
4180,4180,1503515743002,2,34,17,5,0,-2,-5,-6
4181,4181,1503515743010,-5,2,3,0,-2,1,6,1
4182,4182,1503515743023,-6,-13,-8,-3,-1,-1,-1,2
4183,4183,1503515743032,1,2,-3,0,1,-1,-2,0
4184,4184,1503515743039,-5,-10,-4,-2,-3,0,1,2
4185,4185,1503515743055,1,-2,-2,2,2,1,-3,6
4186,4186,1503515743064,1,-4,-4,-1,-1,-1,-3,-5
4187,4187,1503515743070,1,0,0,-2,-3,-2,-1,3
4188,4188,1503515743083,1,1,1,0,0,0,1,8
4189,4189,1503515743092,-5,0,-2,1,2,0,-2,4
4190,4190,1503515743100,-30,1,7,-2,-4,-4,-11,-11
4191,4191,1503515743114,29,12,3,-2,-3,-1,3,10
4894,4894,1503515749968,3,9,-9,-5,-3,-4,-2,-2
4895,4895,1503515749976,-3,-23,-4,1,4,2,-1,-1
4896,4896,1503515749991,-12,-14,-7,-6,2,-4,-5,-6
4897,4897,1503515749999,-15,-14,-7,-12,-20,-6,-2,-7
4898,4898,1503515750013,-1,7,4,3,-4,-4,-1,-1
4899,4899,1503515750021,9,1,-10,-4,-3,-2,-4,-2
4900,4900,1503515750029,0,-4,3,2,8,-3,2,-3
4901,4901,1503515750044,0,-10,-9,-5,-9,-2,3,2
4902,4902,1503515750051,-4,5,-2,-5,-25,-5,2,4
4903,4903,1503515750059,-5,-26,-3,-6,-2,-14,-6,4
4904,4904,1503515750073,3,1,-3,-4,-9,-5,-7,-2
4905,4905,1503515750081,2,5,-1,15,56,13,9,0
4906,4906,1503515750088,-5,-14,-7,-3,16,2,2,-1
4907,4907,1503515750104,8,5,1,6,23,2,4,-1
4908,4908,1503515750111,6,11,4,5,6,3,-3,-1
4909,4909,1503515750119,13,6,6,-2,-17,-1,-4,-2
4910,4910,1503515750134,4,14,-1,-2,-31,-1,0,1
4911,4911,1503515750142,-5,-9,-7,-4,-11,-1,2,-3
4912,4912,1503515750148,-3,-10,-5,3,2,3,-2,-6
4913,4913,1503515750164,-2,3,-2,-2,-38,3,-2,-4
4914,4914,1503515750171,-6,-4,-2,-6,-5,1,0,2
4915,4915,1503515750179,0,3,3,2,-12,0,2,3
4916,4916,1503515750193,-5,-5,0,-15,-57,-6,0,3
4917,4917,1503515750201,5,2,2,16,38,3,0,-6
4918,4918,1503515750202,-6,-6,-6,-3,6,0,2,-2
4919,4919,1503515750208,4,-1,-1,-3,13,-2,-1,3
4920,4920,1503515750224,5,8,1,-5,1,-3,2,1
4921,4921,1503515750231,-8,-12,-6,7,4,-2,-4,-4
4922,4922,1503515750240,-6,-7,-7,-7,9,-3,1,5
4923,4923,1503515750253,-2,-16,-5,-1,12,2,-3,2
4924,4924,1503515750264,-13,-4,1,-4,-2,-5,-8,-6
4925,4925,1503515750270,-4,-6,1,13,32,1,-4,-1
4926,4926,1503515750284,-8,-7,-4,-5,-14,2,0,2
4927,4927,1503515750292,2,8,5,3,10,-6,3,0
4928,4928,1503515750299,-8,-6,-3,3,10,0,3,-1
4929,4929,1503515750314,15,8,-1,-2,-14,-2,-1,-5
4930,4930,1503515750321,-3,-5,-5,5,3,2,-4,-4
4931,4931,1503515750337,8,12,6,3,1,0,-3,0
4932,4932,1503515750344,1,-4,0,-2,-7,-5,-5,-2
4933,4933,1503515750352,-12,-16,-6,-8,-7,-2,-1,-4
4934,4934,1503515750359,14,12,10,5,4,2,-9,1
4935,4935,1503515750375,-10,3,1,0,5,1,2,-7
4936,4936,1503515750381,3,0,-3,-5,-48,-5,-5,11
4937,4937,1503515750399,2,3,-1,2,11,1,-1,4
4938,4938,1503515750404,-5,-12,-6,-1,2,2,8,15
4939,4939,1503515750412,-10,-7,-2,-1,5,1,-1,-27
4940,4940,1503515750419,1,12,10,5,14,-1,-3,-13
4941,4941,1503515750434,2,-5,-8,0,8,0,6,11
4942,4942,1503515750442,22,1,-3,1,12,2,-1,7
4943,4943,1503515750457,-4,-4,1,2,-4,0,2,2
4944,4944,1503515750472,-10,-2,-3,-1,10,-2,2,-3
4945,4945,1503515750476,-4,1,3,-3,-2,1,-3,16
4946,4946,1503515750480,-4,1,-3,-1,5,1,-2,-8
4947,4947,1503515750494,8,2,2,0,1,1,1,27
4948,4948,1503515750502,4,4,3,0,2,1,1,13
4949,4949,1503515750535,-2,-2,-2,-2,24,0,-5,-32
4950,4950,1503515750540,-2,-1,-3,0,0,2,10,26
4951,4951,1503515750541,-6,19,7,4,-5,-1,5,-16
4952,4952,1503515750555,-23,-22,-12,-2,-1,-2,-5,-20
4953,4953,1503515750561,-6,-4,9,3,-3,-1,-3,-1
4954,4954,1503515750577,9,-5,-4,-3,-7,-1,0,1
4955,4955,1503515750578,8,-1,-4,-2,-5,0,0,-10
4956,4956,1503515750584,0,3,-1,-2,-5,-4,0,18
4957,4957,1503515750592,-6,0,7,1,2,-1,0,-11
4958,4958,1503515750599,-3,-3,-4,-5,-4,2,2,5
5394,5394,1503515754854,-2,-3,-3,-1,-1,-1,2,1
5395,5395,1503515754873,0,-2,-1,0,-2,1,0,0
5396,5396,1503515754889,-1,-2,0,-1,-3,-3,-2,-1
5397,5397,1503515754896,-2,1,0,-1,-1,-2,-1,0
5398,5398,1503515754904,-2,4,3,-2,0,-1,1,1
5399,5399,1503515754911,0,7,3,1,-2,1,-1,0
5400,5400,1503515754926,0,3,0,0,0,-1,-1,0
5401,5401,1503515754933,-1,-6,-3,-3,-1,-3,0,-1
5402,5402,1503515754941,1,-2,-2,0,1,-1,-2,1
5403,5403,1503515754956,-5,-10,-3,-1,0,-1,2,4
5404,5404,1503515754964,-1,-2,-2,-2,-1,0,-3,-1
5405,5405,1503515754971,-1,1,-1,1,2,1,-2,-6
5406,5406,1503515754988,-1,9,2,0,1,0,1,-1
5407,5407,1503515754993,2,9,1,1,0,-1,2,1
5408,5408,1503515755001,1,-9,-4,-2,-2,-1,-3,0
5409,5409,1503515755015,-2,-3,-2,-1,-1,-2,1,1
5410,5410,1503515755024,-2,-11,-2,0,-1,-4,-2,0
5411,5411,1503515755032,0,6,12,2,-1,0,-3,0
5412,5412,1503515755046,-1,-2,-3,0,0,0,0,-4
5413,5413,1503515755054,1,-11,-7,-4,0,-1,-1,0
5414,5414,1503515755062,2,2,2,0,0,-1,1,0
5415,5415,1503515755075,6,8,-2,-2,-2,-1,-4,-2
5416,5416,1503515755084,-2,-2,-3,1,-2,-2,3,-4
5417,5417,1503515755091,-2,-3,-2,-2,-1,0,0,0
5418,5418,1503515755106,-1,1,0,-2,-1,-1,-2,-1
5419,5419,1503515755113,-3,-4,-3,-2,1,-1,-1,-1
5420,5420,1503515755122,0,22,10,0,-2,0,-1,-1
5421,5421,1503515755136,-1,-13,-9,-2,-1,-3,-2,-2
5422,5422,1503515755144,0,-8,-4,1,0,1,-1,0
5423,5423,1503515755151,-1,-3,-1,1,1,-2,-5,1
5424,5424,1503515755166,4,13,9,-2,-1,-1,-1,-1
5425,5425,1503515755173,1,0,2,0,0,-3,-1,-2
5426,5426,1503515755181,-2,-5,-7,-1,-1,-1,-2,-1
5427,5427,1503515755196,-2,1,-1,-2,0,0,0,1
5428,5428,1503515755204,-1,-9,-3,0,-1,-1,-1,2
5429,5429,1503515755211,-3,0,0,1,-1,-1,1,-2
5430,5430,1503515755227,-4,-6,-2,1,0,0,-1,-2
5431,5431,1503515755233,-2,-3,0,0,-1,1,-1,-1
5432,5432,1503515755241,0,-25,-6,-3,-1,-1,-1,0
5433,5433,1503515755257,-1,4,2,-1,-3,-1,3,-2
5434,5434,1503515755264,-2,-8,-6,-3,-1,-1,-3,-1
5435,5435,1503515755271,1,-4,-2,-1,-3,-1,0,0
5436,5436,1503515755288,3,14,4,0,-2,-1,-3,-2
5437,5437,1503515755294,4,9,2,0,-2,0,1,1
5438,5438,1503515755301,-3,-4,-3,0,-1,-1,0,-2
5439,5439,1503515755315,-3,-3,0,0,1,-3,0,-4
5440,5440,1503515755325,1,1,-1,-1,-3,0,0,1
5441,5441,1503515755331,0,0,-1,0,-1,-1,-2,2
5442,5442,1503515755346,-1,3,0,-1,0,-4,0,-3
5443,5443,1503515755353,5,0,-3,-1,-1,0,-2,0
5444,5444,1503515755361,4,1,1,0,1,2,0,0
5445,5445,1503515755376,-4,-6,0,2,0,1,0,-2
5446,5446,1503515755384,-2,-2,-3,0,-2,1,0,0
5447,5447,1503515755392,1,15,0,0,0,1,0,-1
5448,5448,1503515755406,-1,4,-4,-2,-1,-2,2,1
5449,5449,1503515755413,-3,-5,-1,-2,-1,-2,-5,-3
5450,5450,1503515755422,-2,-3,-1,0,0,0,-1,-3
5451,5451,1503515755436,-5,-7,-2,0,-2,-2,-3,-3
5452,5452,1503515755444,-2,-6,-3,-1,-1,0,1,-1
5453,5453,1503515755451,1,19,9,0,1,0,-1,0
5454,5454,1503515755466,0,0,-3,-2,-2,-5,-3,-1
5455,5455,1503515755473,-1,1,-1,0,0,0,2,0
5456,5456,1503515755481,-1,-9,-3,-1,0,-1,-2,-2
5457,5457,1503515755498,0,-1,1,1,-1,1,0,0
5458,5458,1503515755504,-2,-2,0,-1,-2,-2,-2,1
5459,5459,1503515755519,-1,-7,-5,-2,-2,-2,-1,0
5460,5460,1503515755526,0,1,1,1,-2,1,-4,-4
5461,5461,1503515755527,-2,1,1,0,0,0,-1,-3
5462,5462,1503515755534,-1,-5,-1,-3,-5,-3,3,1
5463,5463,1503515755541,1,11,1,-1,-2,1,-4,2
5464,5464,1503515755559,3,10,2,0,2,0,-4,-2
5834,5834,1503515759133,4,3,1,0,-2,0,-1,10
5835,5835,1503515759142,7,5,3,0,-1,0,0,-1
5836,5836,1503515759155,-4,-3,-5,-4,-4,3,-3,-4
5837,5837,1503515759164,-1,5,-1,-2,-1,-3,-5,-9
5838,5838,1503515759171,-3,-6,-5,1,2,-2,2,2
5839,5839,1503515759186,-7,6,0,-1,0,-3,-2,5
5840,5840,1503515759193,-6,8,-4,-3,-2,0,0,1
5841,5841,1503515759202,2,2,-2,-2,-1,-1,2,12
5842,5842,1503515759215,-8,-6,0,0,0,0,1,-8
5843,5843,1503515759223,-1,-4,1,-2,-1,2,4,6
5844,5844,1503515759231,8,2,3,1,-1,-4,-1,5
5845,5845,1503515759246,-3,0,2,3,2,0,1,1
5846,5846,1503515759254,2,0,2,-3,-5,-1,-1,-4
5847,5847,1503515759261,-3,-6,-6,-2,0,0,-3,0
5848,5848,1503515759277,20,1,-2,-1,0,-1,-2,-1
5849,5849,1503515759284,-8,-2,-1,-1,-2,-1,2,-3
5850,5850,1503515759291,-11,3,9,3,0,-1,-7,-4
5851,5851,1503515759306,6,-1,-2,-1,-4,-2,-1,21
5852,5852,1503515759314,-2,-5,-5,-3,0,2,5,7
5853,5853,1503515759328,-2,0,2,-2,0,-3,-2,-1
5854,5854,1503515759335,-5,-2,-2,0,-3,0,-1,-12
5855,5855,1503515759344,-5,-4,-4,-5,-5,0,-5,-20
5856,5856,1503515759358,-4,-5,-4,0,2,0,1,1
5857,5857,1503515759366,4,4,3,2,-2,-3,2,4
5858,5858,1503515759376,-2,1,-3,-1,-1,0,-1,-7
5859,5859,1503515759389,-5,-2,0,-2,1,0,-3,-2
5860,5860,1503515759395,15,-6,-1,0,0,1,0,0
5861,5861,1503515759403,-5,-3,-5,-3,-1,2,3,2
5862,5862,1503515759404,-9,-6,-3,-1,0,0,-3,-3
5863,5863,1503515759418,-10,13,6,-1,-2,-2,3,4
5864,5864,1503515759426,-1,-3,-4,0,0,0,3,-4
5865,5865,1503515759433,-3,0,-4,-2,0,-1,-5,5
5866,5866,1503515759434,5,-7,-3,-2,0,-3,-5,5
5867,5867,1503515759449,-6,2,2,-2,-1,1,0,-2
5868,5868,1503515759455,-11,-11,-3,0,-1,-1,-4,-6
5869,5869,1503515759463,0,-3,-3,0,-1,0,-2,-14
5870,5870,1503515759478,-3,-1,6,0,-1,3,5,6
5871,5871,1503515759486,-10,-3,0,-1,0,-3,-2,-22
5872,5872,1503515759493,2,1,-3,0,0,-1,0,6
5873,5873,1503515759510,7,8,2,1,-1,2,2,20
5874,5874,1503515759516,-2,0,-1,-2,-1,-1,-1,-12
5875,5875,1503515759524,-11,2,-3,1,-1,-3,-4,-2
5876,5876,1503515759538,17,15,-4,1,2,-1,-1,2
5877,5877,1503515759546,10,0,-2,0,-1,0,-4,-1
5878,5878,1503515759554,-8,-1,1,1,2,-2,-2,-5
5879,5879,1503515759569,5,-7,-3,-4,-10,-2,3,11
5880,5880,1503515759577,5,3,0,-3,-3,-4,-2,-16
5881,5881,1503515759584,3,-9,2,1,7,-1,1,12
5882,5882,1503515759598,-5,7,0,-4,-12,-3,3,-10
5883,5883,1503515759606,-9,2,-1,-4,-1,2,-3,-43
5884,5884,1503515759614,-6,-3,2,2,2,0,0,14
5885,5885,1503515759628,5,4,2,2,0,-1,1,23
5886,5886,1503515759635,-5,-10,-2,-2,-1,1,-2,-2
5887,5887,1503515759646,17,13,0,-1,1,1,-2,11
5888,5888,1503515759658,19,-1,-7,-1,0,-3,-8,-8
5889,5889,1503515759666,-20,-29,-15,-5,-1,0,-4,-66
5890,5890,1503515759673,15,-26,-13,-2,-2,0,2,-8
5891,5891,1503515759688,14,18,7,1,-1,-1,0,17
5892,5892,1503515759689,1,1,-9,-2,-3,-1,5,7
5893,5893,1503515759695,-31,-10,-1,2,2,-2,-5,3
5894,5894,1503515759704,1,-4,1,-1,-1,-3,-2,-13
5895,5895,1503515759719,5,9,5,1,0,2,-1,12
5896,5896,1503515759726,-2,7,5,0,1,0,5,23
5897,5897,1503515759733,10,7,1,-3,-1,-1,4,16
5898,5898,1503515759749,2,9,0,-2,-3,-1,-2,-11
5899,5899,1503515759755,12,2,-3,-1,0,-1,-3,-7
5900,5900,1503515759763,-2,-15,-4,1,1,-1,-4,16
5901,5901,1503515759778,-4,9,1,-3,0,-1,1,-27
5902,5902,1503515759786,1,2,4,-1,-2,-3,-3,2
5903,5903,1503515759794,-7,-12,-3,-1,0,0,1,12
5904,5904,1503515759808,-11,-5,-2,-2,-1,-3,-2,-1
5905,5905,1503515759815,-11,-10,-2,0,-2,1,1,7
5906,5906,1503515759823,2,3,5,0,-3,-3,-1,12
5907,5907,1503515759838,-25,-1,4,2,0,0,0,10
5908,5908,1503515759846,-27,-19,-5,-1,1,1,3,-28
6654,6654,1503515767115,-5,-11,0,0,12,15,9,0
6655,6655,1503515767129,0,-7,0,2,4,-3,10,3
6656,6656,1503515767136,-3,-1,1,9,-11,19,9,2
6657,6657,1503515767144,-8,-9,-7,4,-28,-5,-5,0
6658,6658,1503515767158,-3,-8,-3,1,-13,40,18,9
6659,6659,1503515767166,-5,-5,-10,-10,41,-7,20,1
6660,6660,1503515767173,-12,-8,-4,2,37,21,22,-11
6661,6661,1503515767189,0,4,5,-2,-3,0,3,25
6662,6662,1503515767196,-2,2,0,0,13,-9,-4,-8
6663,6663,1503515767204,27,19,5,3,-3,-2,-12,-7
6664,6664,1503515767219,5,-3,2,0,-11,-21,-11,-24
6665,6665,1503515767226,2,-5,-2,-1,-18,-4,-6,0
6666,6666,1503515767233,5,5,-1,-5,4,-10,-6,-1
6667,6667,1503515767249,-12,-2,-1,5,19,24,11,16
6668,6668,1503515767256,10,-12,-4,-12,-12,-30,3,5
6669,6669,1503515767264,76,36,12,5,-7,6,6,17
6670,6670,1503515767278,-18,-19,-5,0,0,-2,-4,71
6671,6671,1503515767293,5,-13,-2,-2,-8,-3,-9,-23
6672,6672,1503515767294,14,17,9,8,6,6,7,-6
6673,6673,1503515767309,-21,-29,-12,-1,-1,3,0,-2
6674,6674,1503515767317,-11,-11,-5,-7,-17,5,-8,-22
6675,6675,1503515767324,2,14,9,1,-12,1,2,-12
6676,6676,1503515767338,4,-1,0,2,43,7,-5,-4
6677,6677,1503515767346,-27,-10,-6,-2,-8,-12,-7,-75
6678,6678,1503515767353,24,18,-4,-2,-58,-3,0,5
6679,6679,1503515767369,-37,6,-7,-1,11,-1,3,21
6680,6680,1503515767376,8,-9,-4,-3,-45,-3,12,-4
6681,6681,1503515767384,-11,-7,-1,-5,-35,-14,-7,1
6682,6682,1503515767398,-6,4,0,1,12,-9,3,26
6683,6683,1503515767406,9,18,11,3,15,11,6,14
6684,6684,1503515767413,0,-7,2,3,27,3,-9,8
6685,6685,1503515767429,0,1,0,0,16,5,-10,-5
6686,6686,1503515767436,9,8,10,4,31,17,2,-10
6687,6687,1503515767444,29,-12,-6,-2,-4,-1,12,87
6688,6688,1503515767459,-1,-3,-8,-4,-1,1,-3,-15
6689,6689,1503515767466,-21,-42,-1,-1,1,-1,2,18
6690,6690,1503515767473,-5,-19,-1,0,-4,-8,-12,-13
6691,6691,1503515767489,-14,3,-7,1,11,2,1,-22
6692,6692,1503515767496,-27,4,1,-3,-2,-4,0,-14
6693,6693,1503515767504,7,9,-2,-4,-7,0,5,-10
6694,6694,1503515767518,15,13,1,-1,-17,-16,7,19
6695,6695,1503515767526,-7,0,-2,-1,-7,-2,-7,-18
6696,6696,1503515767534,9,9,-1,0,1,9,-7,-16
6697,6697,1503515767551,-17,4,-2,-5,-2,-2,-23,2
6698,6698,1503515767556,-12,16,10,2,12,4,-5,-35
6699,6699,1503515767564,-11,-13,-2,6,78,42,8,-2
6700,6700,1503515767578,-2,5,-2,-1,-6,-3,-6,-1
6701,6701,1503515767587,-3,-4,0,-6,-36,-20,0,-13
6702,6702,1503515767601,2,-11,-2,-1,15,4,1,-3
6703,6703,1503515767609,31,5,-8,-4,-12,-11,-1,35
6704,6704,1503515767618,-3,-16,-9,-7,-10,-4,-15,25
6705,6705,1503515767624,2,33,20,0,-14,-7,-5,-78
6706,6706,1503515767638,5,2,6,3,3,0,1,-6
6707,6707,1503515767646,19,-18,-12,0,-1,-1,3,13
6708,6708,1503515767653,-12,-9,-6,-5,-4,-4,7,7
6709,6709,1503515767654,-10,2,-2,4,8,-1,2,-9
6710,6710,1503515767669,-23,13,4,2,-1,-2,-4,-4
6711,6711,1503515767675,5,-7,-6,-3,34,13,3,11
6712,6712,1503515767693,-8,-14,-7,-12,-21,-11,-18,-6
6713,6713,1503515767699,-4,6,1,-1,-10,0,2,3
6714,6714,1503515767713,19,7,5,8,38,-3,1,3
6715,6715,1503515767714,-8,-6,-1,-3,-31,-11,-2,-4
6716,6716,1503515767729,6,5,1,1,15,0,6,13
6717,6717,1503515767735,-2,-4,1,4,-13,-21,11,3
6718,6718,1503515767752,-23,-6,-5,-1,-13,-1,5,4
6719,6719,1503515767759,-7,7,3,-5,-5,-4,-7,-2
6720,6720,1503515767766,-15,-4,1,-1,-20,-3,0,5
6721,6721,1503515767781,-16,0,-2,-2,3,13,-1,-4
6722,6722,1503515767789,5,11,1,-1,-1,5,1,-5
6723,6723,1503515767796,3,4,-8,-6,3,4,-4,-6
6724,6724,1503515767811,14,4,-4,-3,24,-2,1,-7
6725,6725,1503515767819,19,-2,2,2,3,1,5,10
6726,6726,1503515767827,-14,-5,0,-2,-16,-6,8,0
6727,6727,1503515767841,-10,-22,-20,-7,2,-2,-3,-20
6728,6728,1503515767849,-7,-3,7,2,-9,4,3,7
6729,6729,1503515767856,1,77,51,12,-1,-2,-1,-9
6730,6730,1503515767870,10,-23,-19,-8,-2,-5,1,-23
6731,6731,1503515767871,0,6,-8,2,-4,0,-7,-13
6732,6732,1503515767878,15,-37,-23,-7,1,-1,-2,5
6733,6733,1503515767891,3,-7,0,0,-3,0,1,7
6734,6734,1503515767901,-10,-10,-6,-1,2,0,2,10
6735,6735,1503515767909,1,-24,-11,-4,-10,-2,0,-4
6736,6736,1503515767921,5,1,1,-2,0,-9,-1,-1
6737,6737,1503515767931,0,7,-1,0,-3,-5,-8,-8
6738,6738,1503515767938,-5,-11,1,1,3,4,-2,7
6739,6739,1503515767946,-4,-8,-4,-5,-5,0,-3,0
6740,6740,1503515767962,-7,-47,-13,-1,-2,3,6,15
6741,6741,1503515767969,9,15,11,4,-1,0,7,-3
6742,6742,1503515767976,2,17,9,2,-1,-1,-6,0
6743,6743,1503515767991,-9,15,11,-1,-4,-8,2,0
6744,6744,1503515767998,29,24,0,-1,-2,0,-1,3
6745,6745,1503515768006,11,-6,-10,-3,-3,-1,-8,-4
6746,6746,1503515768023,-11,-5,-3,-2,-1,1,-6,-4
6747,6747,1503515768035,0,-6,-3,-1,1,15,3,2
6748,6748,1503515768036,-5,1,1,0,-1,4,0,-1
6749,6749,1503515768054,-13,-30,-10,-5,-2,0,-6,6
6750,6750,1503515768058,-2,-7,-7,-1,1,-1,-15,-12
6751,6751,1503515768066,-5,-21,-10,-5,-3,-4,-6,-12
6752,6752,1503515768081,-2,-19,-16,-5,-3,-6,8,26
6753,6753,1503515768091,8,4,-4,2,1,-3,-2,1
6754,6754,1503515768096,19,16,8,4,0,2,-1,-9
6755,6755,1503515768110,-1,5,2,-2,-4,-5,6,7
6756,6756,1503515768121,-14,-3,0,-1,-2,-2,10,1
6757,6757,1503515768126,7,15,1,1,2,-1,-1,-11
6758,6758,1503515768141,-7,-1,3,0,1,11,-6,-4
6759,6759,1503515768149,6,16,5,1,-2,-4,-9,8
6760,6760,1503515768158,-15,-7,-3,0,-4,-4,-3,-34
6761,6761,1503515768170,1,-2,0,0,-2,4,0,22
7417,7417,1503515774486,28,-1,-3,0,0,-2,-7,0
7418,7418,1503515774494,-10,-2,1,-2,-3,0,1,2
7419,7419,1503515774507,-17,-7,1,-3,-3,2,4,-6
7420,7420,1503515774515,4,12,-1,0,0,-1,-7,3
7421,7421,1503515774523,-3,2,-2,-2,-1,-3,-1,-3
7422,7422,1503515774538,-3,13,4,1,0,-2,8,4
7423,7423,1503515774545,-3,16,2,-1,-3,-4,-3,-2
7424,7424,1503515774554,-9,-7,-6,-3,-2,-2,2,-7
7425,7425,1503515774567,-3,-6,-2,-1,-2,-1,-9,-1
7426,7426,1503515774575,-4,-7,-1,-4,-1,-3,-4,-12
7427,7427,1503515774586,-5,-3,1,0,0,0,8,1
7428,7428,1503515774598,5,10,7,2,-1,1,-3,3
7429,7429,1503515774605,6,2,0,1,0,0,-2,-6
7430,7430,1503515774614,4,-3,-4,2,0,2,-2,4
7431,7431,1503515774627,-10,2,2,0,0,-1,-3,-4
7432,7432,1503515774635,-10,-13,-5,0,-1,-1,7,-3
7433,7433,1503515774643,-16,-16,-1,-2,0,-2,-6,-6
7434,7434,1503515774658,-3,-18,-5,-1,0,2,2,3
7435,7435,1503515774665,-3,-4,7,3,1,2,3,1
7436,7436,1503515774673,-6,1,0,-1,-2,-3,-4,-4
7437,7437,1503515774688,-1,-2,-2,1,0,0,4,4
7438,7438,1503515774695,6,1,1,-1,1,-1,2,2
7439,7439,1503515774703,2,19,3,-3,-3,0,-5,-13
7440,7440,1503515774720,1,-3,-4,-2,-1,-2,-2,0
7441,7441,1503515774726,2,0,-1,-2,0,0,1,0
7442,7442,1503515774733,11,20,7,3,0,0,-2,-4
7443,7443,1503515774747,-14,-7,-7,2,0,0,7,3
7444,7444,1503515774756,-2,-7,5,0,-2,-3,-6,6
7445,7445,1503515774763,2,3,-6,-1,-2,0,5,-2
7446,7446,1503515774778,-2,-4,-9,-4,-2,0,-7,-2
7447,7447,1503515774786,0,-11,-5,1,-1,-2,-3,1
7448,7448,1503515774794,-1,-1,-1,-4,-3,0,-1,2
7449,7449,1503515774807,0,-3,-3,1,1,-2,-8,-1
7450,7450,1503515774815,-6,-2,-3,-4,-2,-3,0,-2
7451,7451,1503515774823,2,0,-4,-1,-3,-3,-6,-5
7452,7452,1503515774824,5,4,1,-1,0,-1,10,7
7453,7453,1503515774838,-3,1,-1,-3,-4,0,1,-2
7454,7454,1503515774845,8,1,-2,-2,-3,0,-9,-1
7455,7455,1503515774855,-1,4,1,6,1,2,0,-4
7456,7456,1503515774867,-2,-14,-9,-2,0,0,-1,-1
7457,7457,1503515774875,-3,20,11,2,0,-1,0,-1
7458,7458,1503515774883,-5,-13,-5,-3,-1,1,0,-6
7459,7459,1503515774898,-10,-7,-1,0,-2,0,-2,0
7460,7460,1503515774905,11,-12,-7,-1,-3,-2,-4,1
7461,7461,1503515774913,0,-5,-3,0,2,-2,-10,2
7462,7462,1503515774927,2,2,0,-2,-2,2,3,3
7463,7463,1503515774935,-2,3,-1,3,0,0,4,-6
7464,7464,1503515774943,4,6,3,-1,0,-3,-4,-1
7465,7465,1503515774958,4,-6,-5,-4,-2,-1,-1,1
7466,7466,1503515774965,2,3,2,0,-2,1,2,4
7467,7467,1503515774973,-3,-11,-4,-2,-3,-3,-1,-3
7468,7468,1503515774988,-5,27,6,-1,0,0,-1,-3
7469,7469,1503515774996,5,28,4,1,1,0,6,7
7470,7470,1503515775003,7,-27,-10,-2,-1,-2,-8,3
7471,7471,1503515775019,3,2,0,-1,1,3,-1,-2
7472,7472,1503515775025,-6,3,1,-2,-1,-2,-6,-2
7473,7473,1503515775033,-1,-10,-3,-1,0,-2,-2,-8
7474,7474,1503515775047,-1,-5,-1,-4,-1,-2,2,2
7475,7475,1503515775056,2,-4,-2,-2,-1,-3,2,4
7476,7476,1503515775063,-4,-2,-1,-1,-2,-1,-1,-6
7477,7477,1503515775078,1,4,0,-2,0,1,5,1
7478,7478,1503515775087,-4,-1,2,1,0,0,2,-3
7479,7479,1503515775094,0,-1,0,2,-1,0,-1,-1
7480,7480,1503515775107,-4,-9,2,1,0,-2,-4,0
7481,7481,1503515775116,-2,-12,-4,-2,-2,-2,-2,-8
7482,7482,1503515775123,0,-3,-5,-4,1,1,3,3
7483,7483,1503515775138,0,8,0,-1,0,1,-5,1
7484,7484,1503515775145,3,7,0,2,0,0,2,-11
7485,7485,1503515775155,0,-9,-3,-1,2,-1,0,1
7486,7486,1503515775167,-3,6,1,0,-1,-2,-6,1
7487,7487,1503515775175,-2,-3,0,2,0,0,2,-3
7488,7488,1503515775190,-8,0,1,-1,-1,0,5,6
7489,7489,1503515775198,0,-12,-2,-3,-2,0,-2,0
7490,7490,1503515775205,-3,4,2,-1,-1,0,3,1
7491,7491,1503515775222,0,2,2,-1,-3,-3,-4,6
7492,7492,1503515775227,-2,-7,-4,1,0,0,2,-1
7493,7493,1503515775235,-6,-22,-3,-1,0,-3,-6,2
7494,7494,1503515775249,7,8,1,-1,0,-1,-3,-3
8221,8221,1503515782353,-6,-3,-4,-4,-4,-4,1,-1
8222,8222,1503515782368,-2,-3,-4,5,0,-2,0,-6
8223,8223,1503515782375,0,6,4,0,-3,0,3,6
8224,8224,1503515782382,2,-4,-7,-9,-4,-3,-3,0
8225,8225,1503515782398,-2,6,2,-3,-3,-1,1,-3
8226,8226,1503515782405,-15,-30,-17,-5,-1,-1,1,2
8227,8227,1503515782413,17,20,23,8,7,2,1,10
8228,8228,1503515782429,-1,-7,-2,-1,-3,0,-1,-4
8229,8229,1503515782435,-8,-8,-6,-2,-12,-3,2,-3
8230,8230,1503515782442,-3,-4,-4,-5,-6,-6,-5,-7
8231,8231,1503515782459,-8,-4,-5,-2,-3,-1,-3,-6
8232,8232,1503515782465,-3,1,-3,-10,0,-2,-4,3
8233,8233,1503515782473,-2,-2,-3,6,20,-7,-4,-5
8234,8234,1503515782487,0,2,3,1,12,2,3,3
8235,8235,1503515782495,3,2,-4,-8,-10,0,-2,-2
8236,8236,1503515782503,16,14,4,3,0,-1,0,5
8237,8237,1503515782518,-5,-3,-3,-1,3,1,-2,-2
8238,8238,1503515782526,0,2,-1,0,-3,1,2,1
8239,8239,1503515782533,0,-4,0,1,-2,-1,-3,-3
8240,8240,1503515782547,-3,-4,-1,-4,6,1,4,6
8241,8241,1503515782559,-5,-4,-4,1,4,2,0,-6
8242,8242,1503515782563,-4,0,-1,2,3,0,-9,-8
8243,8243,1503515782578,-3,-1,-2,-1,13,0,-4,-1
8244,8244,1503515782585,2,-3,-2,0,-8,-1,5,3
8245,8245,1503515782593,0,-1,0,-2,-11,-2,-1,-4
8246,8246,1503515782607,0,-3,-3,-2,5,0,-2,-2
8247,8247,1503515782608,-1,-13,-9,-5,-4,-5,-2,0
8248,8248,1503515782615,-1,0,3,2,0,1,0,-1
8249,8249,1503515782625,-2,6,1,-1,2,-1,-3,-3
8250,8250,1503515782626,5,1,0,0,1,-2,-3,-3
8251,8251,1503515782638,0,-4,-3,6,13,2,4,1
8252,8252,1503515782645,0,4,-2,0,-3,-5,-5,-3
8253,8253,1503515782661,-4,-1,3,0,-2,-1,0,0
8254,8254,1503515782668,0,-6,0,5,6,5,6,0
8255,8255,1503515782675,-2,1,-6,-8,-3,-2,-1,-1
8256,8256,1503515782697,4,0,-10,1,-3,2,-2,1
8257,8257,1503515782698,5,12,8,6,-2,1,2,2
8258,8258,1503515782705,-7,-12,-8,-7,-4,-3,-2,-3
8259,8259,1503515782720,-4,-34,-6,-3,-6,-3,-1,0
8260,8260,1503515782728,-8,5,1,-3,-3,-2,-1,-1
8261,8261,1503515782735,-1,8,-1,-3,2,1,1,0
8262,8262,1503515782750,3,2,5,7,0,4,2,2
8263,8263,1503515782761,-12,-10,-5,-1,-3,-2,-2,-7
8264,8264,1503515782765,10,14,8,1,-6,-2,-2,-1
8265,8265,1503515782780,-3,-14,-10,-5,-1,0,0,-2
8266,8266,1503515782787,-3,4,7,-1,2,0,-4,0
8267,8267,1503515782796,-2,-3,-8,-7,-7,-3,0,0
8268,8268,1503515782810,-2,-14,0,0,17,-1,1,1
8269,8269,1503515782818,13,18,4,2,-1,3,-2,0
8270,8270,1503515782827,2,3,3,2,1,-2,-4,1
8271,8271,1503515782840,1,6,4,-5,-14,0,4,7
8272,8272,1503515782847,-2,-4,-5,-1,-5,2,1,-2
8273,8273,1503515782855,1,9,1,-1,-1,2,-4,-1
8274,8274,1503515782870,-5,5,3,0,13,2,0,-1
8275,8275,1503515782878,-1,-7,-4,-2,-18,-2,-1,-2
8276,8276,1503515782885,-4,-4,-2,4,3,0,-1,-2
8277,8277,1503515782900,-4,7,2,-2,1,-1,-1,-2
8278,8278,1503515782907,0,2,-1,3,7,2,1,-4
8279,8279,1503515782915,-1,-13,-3,5,4,-3,-1,-3
8280,8280,1503515782931,0,-2,-3,-8,-11,-4,-3,-1
8281,8281,1503515782938,0,2,2,5,3,-2,-4,2
8282,8282,1503515782945,0,4,2,1,-7,-3,3,3
8283,8283,1503515782961,-6,-7,-2,4,4,-2,-4,-4
8284,8284,1503515782968,-5,-2,-3,-6,2,-1,-1,2
8285,8285,1503515782975,6,4,2,-1,12,3,3,2
8286,8286,1503515782990,10,7,6,4,-18,1,3,1
8287,8287,1503515782998,-1,-6,-6,-12,-12,-2,-6,-2
8288,8288,1503515783005,0,3,2,0,0,-1,-1,2
8934,8934,1503515789164,-1,2,-1,-2,-1,1,2,-1
8935,8935,1503515789170,1,4,4,0,-1,-2,-7,-1
8936,8936,1503515789185,-2,-5,-4,-3,-1,0,-1,0
8937,8937,1503515789192,6,17,10,2,1,0,4,5
8938,8938,1503515789207,-4,-2,-4,0,-2,-2,0,0
8939,8939,1503515789214,4,-2,-9,-2,-1,-1,-3,-5
8940,8940,1503515789226,-2,1,8,-1,-6,-3,-2,-2
8941,8941,1503515789236,-6,-11,-1,0,-1,-1,0,-2
8942,8942,1503515789247,8,-4,-7,-2,0,0,0,2
8943,8943,1503515789252,-4,0,0,-4,-2,-5,-3,-2
8944,8944,1503515789267,6,1,-1,1,0,0,0,-4
8945,8945,1503515789274,-2,12,5,2,1,2,4,-3
8946,8946,1503515789283,-9,-4,-5,0,-1,-3,-1,-28
8947,8947,1503515789297,-24,-12,-1,1,-1,0,3,1
8948,8948,1503515789304,9,1,-2,1,1,-1,-2,7
8949,8949,1503515789312,-4,1,0,0,0,0,1,1
8950,8950,1503515789327,9,0,-4,0,-2,-1,-2,6
8951,8951,1503515789335,8,2,21,3,0,2,1,3
8952,8952,1503515789343,-1,33,11,-2,-2,-2,-4,6
8953,8953,1503515789359,-2,-8,-14,-4,0,1,-3,0
8954,8954,1503515789365,-4,1,-2,-2,2,-1,2,4
8955,8955,1503515789372,-3,-5,-8,-3,-1,-1,0,-19
8956,8956,1503515789387,-3,-8,-8,-6,-2,-3,-5,9
8957,8957,1503515789395,-4,-4,-3,-1,-1,-2,0,-1
8958,8958,1503515789402,-3,8,1,0,0,-1,-1,2
8959,8959,1503515789403,2,-8,-3,-2,0,0,4,1
8960,8960,1503515789416,2,-17,-16,-6,-2,-1,-5,-1
8961,8961,1503515789426,9,0,2,1,-2,0,1,18
8962,8962,1503515789439,-1,10,2,-4,-3,-1,0,5
8963,8963,1503515789447,-9,-19,-3,4,0,-3,-3,-9
8964,8964,1503515789462,2,4,0,0,-2,1,3,1
8965,8965,1503515789464,-3,3,3,2,3,1,3,4
8966,8966,1503515789476,3,-4,-7,-3,-3,-5,-3,-2
8967,8967,1503515789477,3,-6,1,2,1,1,-3,-7
8968,8968,1503515789485,1,0,-1,-2,-3,1,2,6
8969,8969,1503515789493,-4,-2,-1,0,0,-2,3,12
8970,8970,1503515789507,-5,-5,-6,-4,-5,-4,-11,-5
8971,8971,1503515789515,4,3,0,-2,-3,-1,5,-3
8972,8972,1503515789523,18,8,4,-2,-1,-1,1,-14
8973,8973,1503515789536,1,-28,-13,-6,0,-1,-5,-4
8974,8974,1503515789545,-11,-6,13,7,5,1,2,-3
8975,8975,1503515789552,0,11,3,0,-1,-1,-2,7
8976,8976,1503515789568,-2,0,-4,-2,-2,-1,-1,-4
8977,8977,1503515789574,2,0,0,3,-1,-2,-5,-1
8978,8978,1503515789583,-14,-4,-3,0,4,2,0,-5
8979,8979,1503515789597,7,4,3,0,-2,1,8,7
8980,8980,1503515789605,-15,-7,-2,1,-3,-1,-1,-4
8981,8981,1503515789612,16,14,-2,-2,-3,-5,-5,-4
8982,8982,1503515789627,-5,-7,-8,-2,-2,-1,4,5
8983,8983,1503515789635,-5,-7,-7,-4,-3,-3,-1,0
8984,8984,1503515789643,-2,-1,-2,1,4,-4,-3,-5
8985,8985,1503515789656,3,7,4,2,0,-2,-3,-1
8986,8986,1503515789665,-2,6,3,-2,-3,3,3,0
8987,8987,1503515789672,-17,29,28,5,2,4,2,-2
8988,8988,1503515789687,30,6,-5,-5,-7,-1,-2,1
8989,8989,1503515789695,-3,-5,-5,0,-5,-5,-4,-1
8990,8990,1503515789703,-27,-3,7,4,-2,5,-2,-4
8991,8991,1503515789716,0,-6,-3,0,5,0,0,-2
8992,8992,1503515789728,-12,-14,-10,-6,-3,-5,-3,-3
8993,8993,1503515789732,0,-5,-4,-3,-6,-1,-1,-1
8994,8994,1503515789747,6,-3,-5,-1,2,2,1,-1
8995,8995,1503515789755,7,8,-2,-4,-2,-4,-2,0
8996,8996,1503515789765,2,4,0,2,1,-2,2,0
8997,8997,1503515789776,45,9,-2,2,2,2,0,-7
8998,8998,1503515789785,-4,-3,-1,-2,-2,-4,-1,2
8999,8999,1503515789794,-30,-12,-2,-1,-3,-2,-10,-23
9000,9000,1503515789807,4,1,2,1,2,-2,-1,0
9001,9001,1503515789814,-4,-2,-4,2,5,2,-8,2
9002,9002,1503515789822,2,-4,1,-7,-5,0,0,8
9003,9003,1503515789823,-12,-20,-18,-7,0,3,26,-4
9004,9004,1503515789837,-2,-14,-13,-5,-3,-3,0,11
9447,9447,1503515794135,4,2,-5,-3,-1,-1,-1,-2
9448,9448,1503515794150,5,13,5,0,0,-1,1,5
9449,9449,1503515794157,-5,1,2,0,1,-1,3,0
9450,9450,1503515794165,-3,2,1,-1,0,-1,-4,-5
9451,9451,1503515794180,0,5,1,-1,-2,-1,-3,-3
9452,9452,1503515794188,1,-9,-1,3,1,1,3,-2
9453,9453,1503515794194,-14,3,-1,-3,-1,-2,0,3
9454,9454,1503515794209,8,3,-1,-1,-3,-3,1,7
9455,9455,1503515794217,-1,-9,-6,-3,-2,0,-2,-2
9456,9456,1503515794227,-3,-3,-2,0,-1,0,-3,-6
9457,9457,1503515794240,-3,-5,-3,-2,2,1,-1,0
9458,9458,1503515794249,-4,-11,-6,-4,-2,0,-2,-2
9459,9459,1503515794255,7,-6,5,-1,0,0,0,0
9460,9460,1503515794269,-9,-2,-3,0,3,-1,-1,-1
9461,9461,1503515794277,1,-5,1,1,-1,-1,0,2
9462,9462,1503515794285,-2,-9,-9,0,-1,2,4,13
9463,9463,1503515794300,0,-2,-2,-1,-2,-2,-1,1
9464,9464,1503515794309,-4,-2,-1,0,4,-1,-1,13
9465,9465,1503515794316,-6,-9,-6,0,0,2,-11,16
9466,9466,1503515794330,-15,-1,0,0,-1,-2,-8,-4
9467,9467,1503515794337,0,-5,-3,-2,-2,-1,0,2
9468,9468,1503515794345,4,-1,0,0,-2,0,1,2
9469,9469,1503515794359,-10,-8,-3,1,0,0,-3,-8
9470,9470,1503515794360,1,12,5,1,0,0,3,-5
9471,9471,1503515794367,17,6,1,-3,-7,-5,0,-8
9472,9472,1503515794374,9,4,2,-1,0,1,-1,-6
9473,9473,1503515794390,-4,2,-1,-1,0,-2,-2,-11
9474,9474,1503515794397,3,2,0,-2,-3,-5,1,-1
9475,9475,1503515794405,-1,3,-2,-1,-3,0,1,1
9476,9476,1503515794420,-13,-6,-2,0,0,1,2,4
9477,9477,1503515794427,0,0,1,-3,0,-1,-4,-18
9478,9478,1503515794434,19,7,-3,-3,0,-2,-1,-3
9479,9479,1503515794451,-5,7,7,2,1,0,1,5
9480,9480,1503515794457,-3,-5,1,1,1,1,-1,-4
9481,9481,1503515794465,-5,-4,-6,-4,0,-1,0,-7
9482,9482,1503515794479,-5,1,0,1,0,-1,0,-3
9483,9483,1503515794487,-3,4,0,-2,-4,1,-1,-1
9484,9484,1503515794494,2,-2,6,0,-1,1,-2,1
9485,9485,1503515794495,-3,2,2,1,4,0,-1,-6
9486,9486,1503515794509,1,-15,-4,0,-1,-4,1,-3
9487,9487,1503515794518,10,-6,-3,-2,-3,-2,-1,-1
9488,9488,1503515794525,-18,-15,9,13,1,0,-4,-1
9489,9489,1503515794539,-6,-37,2,-2,0,1,1,-5
9490,9490,1503515794555,-7,-3,-3,-5,-1,1,1,14
9491,9491,1503515794558,1,11,8,1,0,1,0,6
9492,9492,1503515794570,6,4,2,-4,-1,-2,-2,-4
9493,9493,1503515794577,3,-8,-7,-4,-1,0,-3,-1
9494,9494,1503515794586,3,5,-5,-3,-3,-2,-5,-4
9495,9495,1503515794599,-5,7,0,-3,-1,0,0,-2
9496,9496,1503515794608,3,-10,-3,1,3,0,-1,-3
9497,9497,1503515794614,-1,17,-1,2,-2,-2,0,-1
9498,9498,1503515794629,6,23,-1,-2,-1,-3,-1,-2
9499,9499,1503515794637,-5,3,-1,-1,1,-1,-2,-2
9500,9500,1503515794645,7,-2,-1,-5,-3,-1,2,1
9501,9501,1503515794660,-1,1,-4,-2,-3,-3,-3,-3
9502,9502,1503515794668,6,29,16,3,3,1,0,-2
9503,9503,1503515794674,-6,-1,-3,-4,-2,0,0,0
9504,9504,1503515794690,12,-5,-6,-4,-1,-1,-1,2
9505,9505,1503515794697,-3,8,-2,0,-1,-5,-1,-6
9506,9506,1503515794705,-16,-3,7,1,1,0,0,-6
9507,9507,1503515794720,-2,-3,10,2,-3,-1,-2,1
9508,9508,1503515794728,-7,-5,-7,-3,0,0,0,-3
10014,10014,1503515799654,-1,6,-1,-1,-3,-2,-1,-1
10015,10015,1503515799668,-1,8,-5,-3,-4,0,-4,-2
10016,10016,1503515799670,-1,-24,-19,-5,-2,-2,-6,-2
10017,10017,1503515799684,1,19,17,4,3,1,1,-1
10018,10018,1503515799692,-8,5,5,0,-1,1,-3,-2
10019,10019,1503515799699,-6,-8,-2,-4,0,-5,7,20
10020,10020,1503515799714,-8,0,5,1,-1,-3,-1,1
10021,10021,1503515799722,1,2,0,-3,-1,-1,-3,-4
10022,10022,1503515799730,-2,-2,-3,1,2,-2,-2,2
10023,10023,1503515799744,-4,0,0,1,-1,1,4,-5
10024,10024,1503515799745,-2,-7,-10,-2,4,1,5,3
10025,10025,1503515799752,12,12,7,3,-2,0,-1,-5
10026,10026,1503515799760,-4,-8,3,-1,-3,-1,-1,-4
10027,10027,1503515799774,-2,2,1,0,0,1,-2,0
10028,10028,1503515799782,-8,-5,6,0,-2,-1,-2,-4
10029,10029,1503515799790,-6,0,2,0,-1,2,1,-1
10030,10030,1503515799804,5,-2,-6,0,-2,-2,-1,-7
10031,10031,1503515799812,-4,-7,-4,-3,1,-1,-2,-3
10032,10032,1503515799819,1,-3,-4,-1,-1,1,-3,1
10033,10033,1503515799834,3,1,-2,-1,0,-1,3,2
10034,10034,1503515799842,12,1,-2,-4,-4,-1,-5,-6
10035,10035,1503515799850,3,4,1,-1,-3,1,2,-1
10036,10036,1503515799864,-7,-5,-7,-4,-2,-1,-6,-5
10037,10037,1503515799872,7,-4,-6,-4,3,0,1,0
10038,10038,1503515799879,-5,6,-4,2,-2,-1,-3,-6
10039,10039,1503515799894,24,63,41,10,3,2,0,5
10040,10040,1503515799901,13,-13,-12,-4,-2,-2,-4,-5
10041,10041,1503515799902,-1,4,-2,-2,-2,-1,0,-3
10042,10042,1503515799912,3,-13,-10,-3,-2,2,-1,-2
10043,10043,1503515799924,1,6,6,0,1,-1,0,0
10044,10044,1503515799932,-8,-11,-7,0,0,-2,-5,2
10045,10045,1503515799939,-5,-13,-6,-1,-1,0,-7,-4
10046,10046,1503515799955,-4,-5,-5,-2,4,2,12,-1
10047,10047,1503515799961,-6,-3,1,1,-2,4,10,-1
10048,10048,1503515799970,4,2,2,1,-3,-2,-5,3
10049,10049,1503515799985,-4,3,1,-1,0,-1,-1,5
10050,10050,1503515799992,-21,-21,-8,-5,-3,-2,-1,-7
10051,10051,1503515799999,1,-1,-7,-5,-2,-2,-3,-1
10052,10052,1503515800015,-14,-11,-6,-3,0,-1,-3,-5
10053,10053,1503515800022,0,2,1,1,1,-2,0,-1
10054,10054,1503515800030,-3,-5,-3,-2,-1,-2,-5,1
10055,10055,1503515800046,0,-9,-1,1,-3,-4,1,-2
10056,10056,1503515800052,3,0,-1,1,-5,-3,-14,0
10057,10057,1503515800060,1,-1,0,-2,0,-1,-8,0
10058,10058,1503515800074,-5,2,0,0,-2,-1,3,-2
10059,10059,1503515800082,4,-1,-1,1,1,-1,0,-4
10060,10060,1503515800090,-2,0,-12,-7,-4,-4,2,4
10061,10061,1503515800103,13,11,-5,-1,-2,-2,0,4
10062,10062,1503515800113,-6,-10,-13,-3,-2,-5,-1,-4
10063,10063,1503515800120,-8,-8,0,0,-1,-1,-1,-3
10064,10064,1503515800134,-1,2,6,-1,-3,0,-8,-4
10065,10065,1503515800142,-4,-1,1,-2,-2,0,1,-16
10066,10066,1503515800150,4,-3,4,0,-2,1,-1,-1
10067,10067,1503515800163,9,0,-3,1,-1,-1,-1,8
10068,10068,1503515800171,6,3,0,0,1,0,2,1
10069,10069,1503515800180,1,-2,1,-3,1,-2,2,3
10070,10070,1503515800195,-6,-10,-1,0,1,2,3,-1
10071,10071,1503515800202,-3,-3,3,1,0,-1,-2,-3
10072,10072,1503515800210,2,0,-6,-3,-2,-3,1,-2
10073,10073,1503515800223,-8,-27,-16,0,-1,-2,0,-4
10074,10074,1503515800224,-2,1,-1,-1,1,3,-2,7
10075,10075,1503515800231,14,-5,-7,-1,-1,2,2,1
10076,10076,1503515800239,0,-3,-5,-2,-1,-1,2,4
10077,10077,1503515800254,-6,-6,-1,-2,-1,-1,0,6
10078,10078,1503515800262,-9,-8,-3,1,-2,-2,0,-2
10079,10079,1503515800270,-5,1,3,-3,-1,-3,-5,-7
10080,10080,1503515800284,-7,2,3,-2,-2,-1,-2,-3
10081,10081,1503515800292,-6,0,11,2,2,-1,-1,-2
10082,10082,1503515800299,6,-11,-14,-3,-1,0,-2,0
10083,10083,1503515800314,-7,-21,-9,-1,0,1,2,-1
10084,10084,1503515800322,-12,-25,-10,-5,-3,0,-8,-1
10085,10085,1503515800330,5,11,1,0,-2,-1,0,-4
10086,10086,1503515800343,4,14,3,0,0,-1,1,1
10087,10087,1503515800352,-3,3,0,-2,-3,-4,-3,-4
10088,10088,1503515800359,-3,7,5,1,1,0,0,-1
10907,10907,1503515808287,-16,-4,1,0,0,-1,5,8
10908,10908,1503515808295,0,4,6,-2,-3,-2,1,2
10909,10909,1503515808301,12,-3,3,0,0,-4,0,-4
10910,10910,1503515808317,-3,-3,1,1,1,2,-1,-6
10911,10911,1503515808324,-3,-4,-4,-2,0,1,1,3
10912,10912,1503515808332,-6,-1,-1,-3,-2,-1,-2,-3
10913,10913,1503515808346,-1,-5,-5,-5,-7,-5,-5,-9
10914,10914,1503515808354,2,10,9,3,2,0,5,-5
10915,10915,1503515808361,4,4,3,2,3,1,0,-1
10916,10916,1503515808377,-15,-15,-14,-6,-5,-1,-4,-4
10917,10917,1503515808384,-1,6,-1,0,1,-2,2,14
10918,10918,1503515808393,-5,3,1,-5,-9,-1,-2,-4
10919,10919,1503515808406,-11,-7,-3,0,5,16,-1,-13
10920,10920,1503515808414,-8,2,-1,-1,-7,-2,-3,-3
10921,10921,1503515808422,-2,-5,-1,-4,-7,-3,-3,2
10922,10922,1503515808437,8,-2,-3,-1,1,-6,0,-4
10923,10923,1503515808444,2,2,-7,-5,1,-2,2,-5
10924,10924,1503515808455,-2,17,14,0,1,-3,-2,-2
10925,10925,1503515808466,7,11,16,4,2,-3,0,5
10926,10926,1503515808474,4,-5,-4,-3,-1,3,1,5
10927,10927,1503515808481,-5,-11,-5,-3,-1,-2,0,0
10928,10928,1503515808498,30,9,-2,-3,-18,-3,-3,-5
10929,10929,1503515808504,-1,-2,-5,-4,-32,-6,0,1
10930,10930,1503515808515,-8,-5,-5,-1,6,15,0,-2
10931,10931,1503515808527,-4,-3,-3,-2,-2,-6,-17,-4
10932,10932,1503515808534,-7,-9,-3,-3,0,-1,4,13
10933,10933,1503515808541,7,0,0,3,6,-3,2,-4
10934,10934,1503515808557,-2,-6,-3,0,5,-4,-2,-2
10935,10935,1503515808564,-1,2,1,4,4,3,3,-1
10936,10936,1503515808579,-6,-5,-8,-4,-1,-1,1,-4
10937,10937,1503515808590,5,-5,-6,0,5,3,1,-3
10938,10938,1503515808594,-8,-19,-6,1,2,-5,-7,-29
10939,10939,1503515808601,-3,-6,-6,-3,1,-3,-2,3
10940,10940,1503515808617,-10,-10,-5,-4,-5,-7,-1,2
10941,10941,1503515808624,-14,-10,-2,1,2,2,4,-6
10942,10942,1503515808639,7,8,3,1,3,0,1,4
10943,10943,1503515808646,1,7,3,0,-2,-2,-1,3
10944,10944,1503515808664,2,0,-5,-2,11,0,1,1
10945,10945,1503515808677,-1,1,3,8,19,3,-2,-3
10946,10946,1503515808684,1,1,-1,-4,-5,-2,-2,-3
10947,10947,1503515808701,1,2,5,0,-4,2,0,5
10948,10948,1503515808706,-5,-5,-15,-3,2,2,-2,1
10949,10949,1503515808714,16,9,1,0,-6,-2,-2,-1
10950,10950,1503515808722,-3,-9,-2,-3,-1,-1,3,3
10951,10951,1503515808723,9,7,0,-1,-7,-4,-3,1
10952,10952,1503515808737,-3,5,1,-2,-5,-4,0,-1
10953,10953,1503515808744,-4,-10,-2,-1,-1,-1,-3,-3
10954,10954,1503515808752,-10,-4,-3,-4,-1,0,0,2
10955,10955,1503515808766,-12,-4,7,3,0,-1,1,-6
10956,10956,1503515808774,-6,3,1,0,-2,-3,-3,-4
10957,10957,1503515808790,10,6,-1,-4,1,0,1,34
10958,10958,1503515808797,33,28,24,8,0,2,4,2
10959,10959,1503515808804,-2,11,6,4,4,-1,2,-6
10960,10960,1503515808819,12,-10,-15,-6,-2,-2,1,4
10961,10961,1503515808828,2,12,8,2,1,0,5,-2
10962,10962,1503515808834,-22,-13,-4,-2,-4,-5,-6,-11
10963,10963,1503515808849,-2,3,-1,-3,-3,2,4,-3
10964,10964,1503515808863,-10,8,2,-1,2,2,-2,-1
10965,10965,1503515808864,-9,-8,-4,0,0,-4,-3,-5
10966,10966,1503515808881,-10,-23,-9,-5,-2,8,4,5
10967,10967,1503515808887,-8,-5,2,-1,-3,-1,-3,5
10968,10968,1503515808895,19,8,-3,1,1,-2,0,-2
11777,11777,1503515816655,-2,9,14,5,2,2,-4,-19
11778,11778,1503515816663,6,19,5,2,-2,-1,-2,7
11779,11779,1503515816678,4,13,-1,0,0,2,-2,-19
11780,11780,1503515816686,-12,-8,-4,0,0,-3,0,1
11781,11781,1503515816695,-5,-10,-6,-1,0,0,4,5
11782,11782,1503515816708,16,3,0,-2,-4,2,-7,1
11783,11783,1503515816715,4,-1,0,-2,-2,0,-4,2
11784,11784,1503515816723,7,3,-3,-2,-1,0,4,2
11785,11785,1503515816738,-1,3,-2,-4,-1,-3,-2,0
11786,11786,1503515816746,-7,2,0,1,0,-3,-2,-7
11787,11787,1503515816753,9,1,-6,-2,-2,-1,3,4
11788,11788,1503515816768,2,-5,-1,1,2,1,0,-4
11789,11789,1503515816775,-4,-6,0,0,-2,0,-4,3
11790,11790,1503515816783,-8,-12,-6,-2,-3,-2,5,-4
11791,11791,1503515816798,0,-12,-6,-3,-1,-2,-1,3
11792,11792,1503515816806,-6,12,10,2,0,-2,-3,-3
11793,11793,1503515816813,10,-7,-2,0,-2,-3,2,4
11794,11794,1503515816831,-18,-24,-10,-3,0,-2,-4,-1
11795,11795,1503515816835,-9,-2,-2,-1,0,-3,-6,-11
11796,11796,1503515816843,0,9,0,-1,-1,-1,-1,-3
11797,11797,1503515816857,5,4,0,-3,-1,0,3,-1
11798,11798,1503515816866,-3,3,2,-1,-1,1,-1,0
11799,11799,1503515816874,-1,5,0,0,-1,2,5,3
11800,11800,1503515816888,0,-3,-2,-2,0,-1,-4,0
11801,11801,1503515816897,-9,5,1,-2,0,-2,5,-4
11802,11802,1503515816904,4,-4,0,-2,0,-1,-3,-1
11803,11803,1503515816917,-7,-2,1,0,2,0,-1,2
11804,11804,1503515816926,-6,-18,-4,1,-1,-2,0,0
11805,11805,1503515816934,-2,16,1,-2,-2,-5,-1,-1
11806,11806,1503515816948,1,-6,-3,-1,-1,2,-2,0
11807,11807,1503515816956,-1,-10,-6,-3,-3,0,-3,-3
11808,11808,1503515816965,3,9,4,1,1,0,1,-3
11809,11809,1503515816978,13,1,1,0,0,-2,1,-1
11810,11810,1503515816987,-2,-2,0,1,-2,0,0,-4
11811,11811,1503515816993,-17,-4,-2,1,-2,0,-4,0
11812,11812,1503515817008,-3,5,0,0,-2,-2,1,-1
11813,11813,1503515817016,3,0,2,0,0,-1,-2,-1
11814,11814,1503515817024,2,5,-1,-2,0,1,1,1
11815,11815,1503515817038,0,-10,-3,4,0,-2,-4,-5
11816,11816,1503515817046,2,21,8,1,0,-2,-1,-1
11817,11817,1503515817054,-2,3,-4,-2,-3,-1,2,2
11818,11818,1503515817069,1,2,-3,0,-1,-1,-5,-3
11819,11819,1503515817076,1,-13,-4,-3,0,1,-3,0
11820,11820,1503515817084,0,-5,-5,-5,-1,0,-1,1
11821,11821,1503515817098,4,-4,1,1,-1,-1,0,1
11822,11822,1503515817106,4,2,2,-1,0,-2,1,1
11823,11823,1503515817113,0,2,2,-3,-2,0,0,0
11824,11824,1503515817129,-3,-3,-3,-1,-1,2,2,-2
11825,11825,1503515817136,0,-2,-5,0,-1,-1,1,1
11826,11826,1503515817144,-4,-9,-1,-2,0,-1,0,-2
11827,11827,1503515817157,2,2,0,0,1,-2,-4,0
11828,11828,1503515817166,-13,-5,-5,-1,0,-3,-3,-2
11829,11829,1503515817180,1,-1,-4,-3,-2,0,-1,0
11830,11830,1503515817188,-2,-10,-4,1,-1,-2,0,1
11831,11831,1503515817198,-4,0,10,3,-1,2,0,-2
11832,11832,1503515817211,0,-4,0,-1,-2,-1,-3,-4
11833,11833,1503515817218,-1,7,-1,-1,-2,-1,0,1
11834,11834,1503515817226,8,9,5,0,0,0,0,1
11835,11835,1503515817240,-11,4,1,-1,1,-2,-2,-2
11836,11836,1503515817248,-6,1,3,2,0,-1,1,-1
11837,11837,1503515817256,8,-3,0,-1,-1,-1,3,4
11838,11838,1503515817271,1,-6,-4,-1,1,-1,0,-4
11839,11839,1503515817278,-6,-4,-3,0,0,-1,-2,-2
11840,11840,1503515817286,2,7,1,-2,-2,-3,-2,-1
11841,11841,1503515817301,2,1,-1,-2,-2,-1,-2,-4
11842,11842,1503515817308,-7,-18,-8,-2,-2,0,-1,0
11843,11843,1503515817316,6,22,4,-1,1,-1,-2,2
11844,11844,1503515817332,8,-10,-3,1,0,0,0,-2
11845,11845,1503515817338,5,-8,-5,-2,-3,-3,-3,0
11846,11846,1503515817346,-2,4,-4,-3,-1,-3,0,0
11847,11847,1503515817360,9,3,1,-1,0,-3,-1,2
11848,11848,1503515817368,-3,-1,-2,0,-1,-4,1,2
12457,12457,1503515823315,-1,3,0,0,-1,-2,-11,-4
12458,12458,1503515823323,-2,-16,-7,-2,-1,-2,-6,0
12459,12459,1503515823331,0,0,2,0,-3,-1,-1,4
12460,12460,1503515823346,3,-6,1,1,-2,-2,-8,0
12461,12461,1503515823353,1,-5,-6,-3,-2,-1,-8,-1
12462,12462,1503515823375,0,8,0,1,-1,1,6,0
12463,12463,1503515823376,-1,-8,-8,-1,-2,-3,4,-1
12464,12464,1503515823383,-3,-7,-1,-1,1,-1,8,0
12465,12465,1503515823390,2,4,4,1,0,0,6,-2
12466,12466,1503515823406,-1,-6,1,-1,-2,1,-1,-4
12467,12467,1503515823413,1,7,5,1,0,0,1,-1
12468,12468,1503515823430,-3,-4,-4,-2,0,0,1,0
12469,12469,1503515823436,-3,8,0,-1,-3,-1,-3,-2
12470,12470,1503515823443,1,5,5,-1,0,-2,0,-1
12471,12471,1503515823444,1,-2,-1,-2,0,-1,0,-3
12472,12472,1503515823450,1,-8,-3,-1,0,0,2,0
12473,12473,1503515823466,0,5,2,0,-1,-1,12,-1
12474,12474,1503515823481,-1,-3,-1,-1,0,1,4,-2
12475,12475,1503515823488,0,6,-3,-1,0,2,-1,-1
12476,12476,1503515823496,-2,-3,0,-2,1,-4,-1,-1
12477,12477,1503515823505,-2,-13,-4,-1,0,-2,-2,0
12478,12478,1503515823514,-4,-4,-3,0,-2,1,-1,1
12479,12479,1503515823526,-1,4,2,0,-2,-3,-7,0
12480,12480,1503515823533,0,0,1,-2,0,-2,-1,1
12481,12481,1503515823549,-1,-2,1,-2,1,-2,-8,-1
12482,12482,1503515823555,0,-3,-3,-1,-1,-1,-8,-4
12483,12483,1503515823563,1,5,-1,-3,-2,-2,-5,1
12484,12484,1503515823571,0,-4,-2,0,0,2,-1,-3
12485,12485,1503515823586,1,23,8,2,1,-1,0,-1
12486,12486,1503515823593,-3,-6,-2,-2,-2,-3,-2,2
12487,12487,1503515823608,-1,-12,-4,-3,-1,0,0,-2
12488,12488,1503515823615,0,1,4,1,1,-1,1,0
12489,12489,1503515823623,-4,-6,-3,0,-1,0,-2,-1
12490,12490,1503515823632,-2,-4,-1,-2,-2,1,-1,-1
12491,12491,1503515823646,-1,-1,-1,-1,-2,-2,0,-1
12492,12492,1503515823653,-2,2,-3,0,-1,-2,-3,-1
12493,12493,1503515823669,-1,3,0,-1,0,-1,-6,0
12494,12494,1503515823670,-2,-5,-2,-1,0,1,-3,1
12495,12495,1503515823676,1,1,-2,-2,0,1,-2,0
12496,12496,1503515823683,0,-6,-2,-1,0,-1,1,-2
12497,12497,1503515823698,-1,-10,-6,-2,0,0,0,0
12498,12498,1503515823707,2,1,0,0,-1,2,-4,0
12499,12499,1503515823713,1,8,2,-1,-2,-1,1,-1
12500,12500,1503515823731,-1,-5,-5,-4,-3,-1,2,-2
12501,12501,1503515823737,-1,-5,-1,0,-1,-2,-2,-1
12502,12502,1503515823743,-1,-7,1,1,-1,-2,-1,-4
12503,12503,1503515823758,0,3,2,0,-1,-3,-2,-1
12504,12504,1503515823766,-2,-1,-1,0,-1,-3,-4,1
12505,12505,1503515823773,-3,-2,-2,0,-3,-4,-6,-2
12506,12506,1503515823774,0,5,2,1,-2,-2,-2,-1
12507,12507,1503515823788,-2,-4,-1,1,-1,1,0,-3
12508,12508,1503515823797,0,2,-1,-1,0,1,1,1
12509,12509,1503515823798,0,-4,-1,0,0,0,2,0
12510,12510,1503515823803,2,-8,-5,-2,-1,-2,-2,-1
12511,12511,1503515823804,0,3,3,1,1,-1,2,2
12512,12512,1503515823818,-1,-5,-3,-3,0,3,0,0
12513,12513,1503515823826,-3,-3,-2,-2,-1,-1,-2,-1
12514,12514,1503515823833,-4,-7,-4,0,-1,-2,1,0
12515,12515,1503515823848,-1,-7,-4,-2,-1,-3,-5,0
12516,12516,1503515823855,-1,-3,-4,-1,1,-3,-3,-2
12517,12517,1503515823866,-1,2,2,-1,-2,0,-2,1
12518,12518,1503515823878,1,5,0,1,-1,0,0,-2
12519,12519,1503515823886,-1,2,1,1,-1,0,0,-3
12520,12520,1503515823893,0,2,-1,-2,-2,-1,0,-2
12521,12521,1503515823909,-1,-1,-3,-2,1,-1,0,-2
13197,13197,1503515830560,1,10,6,0,0,0,-1,1
13198,13198,1503515830575,-1,4,1,0,0,2,-1,1
13199,13199,1503515830583,-3,-3,-2,0,-1,0,-1,-1
13200,13200,1503515830591,-1,0,-4,-2,-1,1,1,-1
13201,13201,1503515830606,1,-4,-3,-1,-1,1,2,-3
13202,13202,1503515830613,1,-2,0,-1,0,1,-1,1
13203,13203,1503515830621,1,0,2,3,2,1,3,0
13204,13204,1503515830636,-1,-7,-4,-5,-2,-3,0,1
13205,13205,1503515830643,-5,-13,-9,-2,-2,-3,0,-3
13206,13206,1503515830651,-6,10,17,3,1,1,-2,-3
13207,13207,1503515830665,-1,-1,0,-1,-1,-2,-1,-1
13208,13208,1503515830666,0,13,15,4,0,-2,-1,2
13209,13209,1503515830674,-2,-6,-8,-3,-1,-1,-3,-4
13210,13210,1503515830680,1,-3,-5,0,1,0,-4,-2
13211,13211,1503515830695,-3,-1,-3,0,-2,-2,-1,-1
13212,13212,1503515830703,-2,-4,-6,-3,-1,-1,-1,-3
13213,13213,1503515830711,-1,-3,-5,-3,1,0,0,-2
13214,13214,1503515830725,1,-2,-3,-2,-3,-1,-3,-1
13215,13215,1503515830733,1,2,-2,-1,-1,-2,0,-1
13216,13216,1503515830741,1,4,4,0,-1,-1,-2,-1
13217,13217,1503515830755,-2,-4,-4,0,-1,0,-3,-1
13218,13218,1503515830763,3,-1,-5,-1,-2,-1,0,0
13219,13219,1503515830764,-1,9,4,-2,-1,-1,0,-1
13220,13220,1503515830773,3,6,8,0,-3,-1,-1,1
13221,13221,1503515830785,-3,-16,-12,-1,1,1,-1,1
13222,13222,1503515830794,5,3,7,3,-1,1,-2,-1
13223,13223,1503515830801,0,-2,-3,-3,-2,-1,-2,-2
13224,13224,1503515830815,-7,-7,-8,-4,-2,-2,1,-3
13225,13225,1503515830823,-1,-2,0,1,-1,-3,0,-1
13226,13226,1503515830834,2,3,-1,-2,-1,-1,-1,-1
13227,13227,1503515830845,0,-3,-3,-1,-4,-1,-1,-1
13228,13228,1503515830846,-4,-1,-1,-2,-1,-1,0,-2
13229,13229,1503515830853,1,-2,-6,-2,0,0,0,1
13230,13230,1503515830861,1,1,-1,-1,0,0,0,2
13231,13231,1503515830876,-2,-5,-4,1,0,0,0,-2
13232,13232,1503515830883,-2,-3,-2,-1,0,-3,-1,-2
13233,13233,1503515830891,-1,0,-3,-1,-2,-2,-1,-4
13234,13234,1503515830906,-3,-5,-3,-3,-2,0,1,0
13235,13235,1503515830913,-2,-3,-5,-3,-2,1,-2,-2
13236,13236,1503515830920,-2,-1,1,0,-2,-1,-1,-1
13237,13237,1503515830935,4,0,-1,0,-2,-2,1,1
13238,13238,1503515830943,1,0,-2,1,0,-1,-1,0
13239,13239,1503515830955,1,0,4,1,0,1,0,2
13240,13240,1503515830968,0,-1,3,1,0,-2,-1,-1
13241,13241,1503515830974,-1,2,0,-2,0,-1,0,2
13242,13242,1503515830980,-5,-2,-4,-5,-1,0,0,-4
13243,13243,1503515830995,-6,-18,-11,-1,0,-5,-3,-2
13244,13244,1503515831006,0,-5,-6,-3,-3,-1,-5,-4
13245,13245,1503515831011,-9,-12,-9,-2,-3,-4,1,-1
13246,13246,1503515831025,-4,7,-2,-1,0,0,1,0
13247,13247,1503515831035,11,2,-3,-4,-3,-4,-1,1
13248,13248,1503515831036,2,5,1,-1,-2,-1,-2,0
13249,13249,1503515831040,-1,-1,8,15,0,-1,-2,2
13250,13250,1503515831055,3,8,4,-3,0,0,1,2
13251,13251,1503515831063,-4,-8,-7,-7,-2,1,-2,-2
13252,13252,1503515831071,1,8,6,4,2,-1,-3,-2
13253,13253,1503515831085,5,6,5,0,1,0,0,4
13254,13254,1503515831093,-2,4,0,-1,-1,2,2,3
13255,13255,1503515831103,5,2,-3,-4,-2,-3,-9,-1
13256,13256,1503515831115,-5,4,9,4,3,0,-1,-4
13257,13257,1503515831123,4,-7,-1,1,-4,1,3,2
13258,13258,1503515831131,5,1,-3,-2,-2,-1,0,2
13259,13259,1503515831145,-5,0,1,-1,3,-2,1,-2
13260,13260,1503515831153,-5,-6,0,1,-1,-2,1,-2
13261,13261,1503515831170,-3,-8,-7,-4,-3,2,-2,-3
13262,13262,1503515831176,1,6,1,0,-1,-2,-2,-3
13263,13263,1503515831183,1,2,1,-1,0,-2,1,-2
13264,13264,1503515831198,1,-2,-1,-1,1,0,-2,-1
13265,13265,1503515831206,-4,1,2,0,0,0,1,1
13266,13266,1503515831213,-1,-5,-1,1,-2,2,1,1
13267,13267,1503515831227,2,-9,-7,-3,-1,-1,-1,-2
13268,13268,1503515831235,-2,21,10,4,0,0,1,-4
13269,13269,1503515831244,2,-1,-1,-3,0,0,1,0
13270,13270,1503515831258,-4,-10,-5,-2,0,-1,-1,-1
13271,13271,1503515831265,-1,3,-2,-3,-2,-2,-1,-3
13272,13272,1503515831273,-5,-7,-4,-5,-4,-1,-2,-5
13273,13273,1503515831287,-3,-4,-3,-2,-2,0,-2,0
13274,13274,1503515831295,1,-3,9,15,1,0,3,2
13275,13275,1503515831303,0,-1,-14,-2,-3,-4,-6,-6
13276,13276,1503515831317,1,10,11,2,-2,0,2,-1
13277,13277,1503515831318,-5,-10,-8,-7,-2,-2,-2,2
13278,13278,1503515831325,-1,-5,5,0,-1,1,2,0
13279,13279,1503515831335,1,-2,2,-2,-2,-1,-3,-1
13280,13280,1503515831347,3,-1,0,-1,0,0,1,0
13281,13281,1503515831355,-5,-1,-3,-2,-1,1,1,-3
13282,13282,1503515831363,-1,5,4,2,1,0,2,-2
13283,13283,1503515831378,3,6,0,-3,2,0,-1,2
13284,13284,1503515831385,-2,-2,0,3,-1,-1,2,2
13674,13674,1503515835135,-15,-6,-4,2,2,1,-2,-1
13675,13675,1503515835142,6,10,6,0,0,-1,-1,0
13676,13676,1503515835158,24,6,-1,-3,-3,-2,0,3
13677,13677,1503515835165,-7,-14,1,1,1,2,0,-3
13678,13678,1503515835173,-15,11,8,1,1,3,2,1
13679,13679,1503515835189,6,18,6,0,1,0,0,-1
13680,13680,1503515835195,-18,-6,-2,-1,0,-1,-1,-2
13681,13681,1503515835203,14,-24,-10,-2,-5,-18,-4,2
13682,13682,1503515835218,2,5,4,0,0,0,-5,0
13683,13683,1503515835228,-16,-9,-11,-2,1,4,1,-3
13684,13684,1503515835233,13,4,0,6,4,-3,1,2
13685,13685,1503515835247,-9,-9,-7,-3,-2,3,-1,-1
13686,13686,1503515835248,-20,-30,-12,-5,-2,2,-4,0
13687,13687,1503515835257,-7,-18,-1,1,4,3,-2,-2
13688,13688,1503515835265,-20,20,6,1,-1,2,1,1
13689,13689,1503515835278,-2,22,0,-5,-5,0,0,-2
13690,13690,1503515835285,26,17,-2,-2,-2,0,5,2
13691,13691,1503515835295,-6,-9,-4,-1,-1,-3,-3,-7
13692,13692,1503515835311,-25,-15,-1,-3,-5,3,1,-1
13693,13693,1503515835316,-3,-6,-5,4,7,0,-1,-3
13694,13694,1503515835324,5,14,13,3,1,0,0,0
13695,13695,1503515835337,-46,-19,-4,-5,-5,-3,-5,-3
13696,13696,1503515835338,17,9,3,2,-5,-2,-3,1
13697,13697,1503515835345,-3,30,-1,-1,-3,1,-1,1
13698,13698,1503515835355,-48,-8,7,-1,-3,-3,0,-4
13699,13699,1503515835368,36,-2,-1,-1,0,1,-1,4
13700,13700,1503515835375,18,3,-2,-2,1,-1,-2,0
13701,13701,1503515835383,4,-10,-3,-2,1,1,-4,-2
13702,13702,1503515835398,16,-16,-6,-9,-6,0,0,3
13703,13703,1503515835405,18,11,12,6,1,-2,-1,1
13704,13704,1503515835413,9,-18,-1,2,-1,-3,-1,1
13705,13705,1503515835428,-15,-40,-9,0,1,1,0,-3
13706,13706,1503515835435,9,27,-5,-4,-1,10,1,5
13707,13707,1503515835442,-1,-3,-8,0,0,0,-3,0
13708,13708,1503515835458,-12,-32,-14,-4,2,7,1,-5
13709,13709,1503515835465,27,4,-6,-5,-2,-1,3,0
13710,13710,1503515835473,11,9,11,8,-1,-6,-4,-5
13711,13711,1503515835490,-21,-15,-6,0,-5,-4,-2,-2
13712,13712,1503515835509,4,-24,-7,-4,-3,-6,-1,1
13713,13713,1503515835510,-19,-20,-11,-4,0,0,-7,-2
13714,13714,1503515835525,7,-2,9,4,-2,-3,-4,-3
13715,13715,1503515835526,2,5,2,0,1,-1,2,0
13716,13716,1503515835533,-54,-3,-2,-8,-4,-2,4,-2
13717,13717,1503515835548,-15,7,5,2,0,-1,-2,2
13718,13718,1503515835557,-12,35,13,3,-3,0,1,-3
13719,13719,1503515835563,13,16,2,-1,-3,-4,0,1
13720,13720,1503515835577,13,-38,-21,-1,2,-1,-4,1
13721,13721,1503515835585,9,-7,1,-2,-1,-1,-1,-6
13722,13722,1503515835594,6,21,3,1,0,-1,2,4
13723,13723,1503515835607,-9,41,5,-2,-2,2,-4,-2
13724,13724,1503515835616,18,3,5,0,-1,-1,0,-1
13725,13725,1503515835623,10,2,4,-3,-3,0,2,1
13726,13726,1503515835637,1,14,11,8,2,-2,3,2
13727,13727,1503515835645,10,-17,-7,0,3,-1,-1,-1
13728,13728,1503515835653,-13,49,3,-8,-1,1,0,1
13729,13729,1503515835668,-17,-32,-11,8,1,-2,-3,-2
13730,13730,1503515835675,-10,-23,-17,-6,-5,-1,-5,-5
13731,13731,1503515835683,-8,3,7,1,0,0,3,1
13732,13732,1503515835699,9,-5,-3,-5,-1,-2,-1,-1
13733,13733,1503515835705,23,-9,3,-2,-1,-1,-2,1
13734,13734,1503515835714,6,0,1,0,0,0,-9,4
13735,13735,1503515835728,8,0,9,6,-2,-1,-3,-9
13736,13736,1503515835736,-2,6,8,1,1,1,1,4
13737,13737,1503515835742,-22,-10,-5,-1,-1,2,-3,4
13738,13738,1503515835758,5,-22,-7,-2,-2,-3,0,0
13739,13739,1503515835766,1,22,9,-7,-3,1,-2,-3
13740,13740,1503515835773,15,-30,-12,-2,-1,-1,-1,-2
13741,13741,1503515835787,-9,0,-2,1,1,-2,0,1
13742,13742,1503515835796,-1,-22,1,-1,-2,-1,0,-2
13743,13743,1503515835803,3,-13,-7,-1,-1,-1,-1,-5
13744,13744,1503515835818,-9,8,1,3,4,1,7,9
13745,13745,1503515835825,-19,-9,-7,-7,-2,-4,-3,-3
13746,13746,1503515835840,4,9,-6,0,-2,-2,0,3
13747,13747,1503515835848,1,-2,-17,-18,-2,-2,-5,-5
13748,13748,1503515835859,2,15,-2,26,4,0,2,-3
14321,14321,1503515841509,9,9,4,-1,0,-1,1,0
14322,14322,1503515841510,-1,3,0,-1,0,-2,-1,-1
14323,14323,1503515841525,-7,-5,3,-1,-2,-4,-1,0
14324,14324,1503515841532,-5,0,-6,-3,-1,0,-3,-5
14325,14325,1503515841540,0,1,-4,1,1,-2,-1,-2
14326,14326,1503515841554,2,6,1,-2,-1,-2,0,2
14327,14327,1503515841562,-6,11,6,-1,0,0,0,0
14328,14328,1503515841569,-8,-13,2,-1,0,1,1,0
14329,14329,1503515841587,-3,-3,-2,-1,0,0,-1,-2
14330,14330,1503515841592,6,2,3,-3,-1,-3,0,0
14331,14331,1503515841600,1,-3,-1,2,-2,-1,-2,-4
14332,14332,1503515841614,-5,-4,-3,0,0,0,0,-3
14333,14333,1503515841622,3,6,2,-1,-1,0,1,1
14334,14334,1503515841630,3,-2,-1,-1,-3,0,1,2
14335,14335,1503515841645,2,-3,4,3,0,0,0,1
14336,14336,1503515841653,4,9,5,0,-1,1,-1,2
14337,14337,1503515841661,-9,-13,-9,-4,-2,-1,-1,0
14338,14338,1503515841674,-4,3,-3,-1,1,-2,-1,-2
14339,14339,1503515841682,-3,-6,-3,0,-2,0,-2,1
14340,14340,1503515841690,-7,-15,-4,0,2,0,-1,0
14341,14341,1503515841704,11,9,5,1,-2,-3,-1,-2
14342,14342,1503515841705,-2,-5,-4,-3,-1,-1,-1,0
14343,14343,1503515841712,-3,3,0,-1,0,-2,-5,-4
14344,14344,1503515841721,2,0,-1,-1,-1,-1,-1,-2
14345,14345,1503515841734,1,-6,1,0,1,0,-1,-3
14346,14346,1503515841742,4,-3,-3,-2,-1,-1,-1,-2
14347,14347,1503515841750,9,-2,-9,-2,-4,-3,0,2
14348,14348,1503515841765,5,3,-3,-2,-1,-2,1,-4
14349,14349,1503515841772,-3,-16,-8,-4,-3,0,1,-1
14350,14350,1503515841780,0,-2,-2,1,-1,-1,-2,0
14351,14351,1503515841795,-4,9,1,-1,0,-1,-1,-1
14352,14352,1503515841802,-10,-9,0,0,1,-4,-1,0
14353,14353,1503515841809,4,6,4,1,1,-1,2,1
14354,14354,1503515841825,4,0,-4,-4,-1,-2,-2,-1
14355,14355,1503515841832,-3,3,0,0,1,2,-1,1
14356,14356,1503515841840,11,14,-1,-1,1,-1,1,1
14357,14357,1503515841855,-5,10,3,1,-2,-3,-1,0
14358,14358,1503515841864,31,34,36,3,0,-1,2,8
14359,14359,1503515841869,-8,14,4,-1,-1,-3,-1,-2
14360,14360,1503515841870,8,-11,-7,-3,-2,0,0,3
14361,14361,1503515841884,3,-4,-8,-4,0,0,0,0
14362,14362,1503515841885,-22,-16,-8,-2,0,2,0,-4
14363,14363,1503515841892,-2,7,2,-1,-1,0,-2,-2
14364,14364,1503515841908,3,-1,-5,0,0,0,2,-1
14365,14365,1503515841914,-9,-1,-4,1,0,-1,3,-2
14366,14366,1503515841923,-1,-2,-4,0,3,-1,-2,-2
14367,14367,1503515841930,-6,-3,2,-1,11,-2,-1,-4
14368,14368,1503515841945,4,5,0,-1,-2,-2,2,1
14369,14369,1503515841952,-12,-2,-1,-1,-5,-1,-3,1
14370,14370,1503515841968,-26,-31,-11,-2,1,0,-6,-17
14371,14371,1503515841974,-1,11,1,-3,-7,-4,-3,-6
14372,14372,1503515841982,4,3,-5,-3,-4,0,0,0
14373,14373,1503515841990,-1,-3,-2,3,2,-2,-1,0
14374,14374,1503515842005,-2,-2,-3,-1,-3,-1,1,2
14375,14375,1503515842012,1,-4,-5,-4,-3,3,-1,2
14376,14376,1503515842022,3,2,2,0,0,0,-1,2
14377,14377,1503515842034,-3,-7,0,-2,-3,-3,-2,-7
14378,14378,1503515842042,-3,-4,-3,-5,-9,-5,-5,-1
14379,14379,1503515842050,-5,-5,-2,-3,-3,-1,0,1
14380,14380,1503515842065,13,0,-2,-1,3,1,0,4
14381,14381,1503515842072,17,2,3,3,-2,0,0,-3
14382,14382,1503515842081,-10,-5,-2,0,-5,-2,1,-1
14383,14383,1503515842094,-4,0,5,2,1,3,-1,-4
14384,14384,1503515842102,-6,3,-7,-5,-5,-4,-5,-4
14385,14385,1503515842109,0,0,-2,-1,-2,-2,-1,-1
14386,14386,1503515842125,8,1,3,3,4,4,4,5
14387,14387,1503515842132,0,-1,1,0,-3,-3,0,4
14388,14388,1503515842140,-11,-4,1,-3,-6,-5,-3,0
14389,14389,1503515842157,12,3,0,1,-1,-7,-1,-1
14390,14390,1503515842162,15,5,-1,2,10,-2,-4,-2
14391,14391,1503515842169,-8,-4,-3,-2,-1,3,1,2
14392,14392,1503515842185,12,10,2,0,-7,1,-1,-7
14393,14393,1503515842192,-11,-12,-5,1,2,1,-2,-10
14394,14394,1503515842200,-32,-16,-3,-1,-4,-3,0,0
14395,14395,1503515842214,-16,-5,-1,0,3,-1,-1,0
14396,14396,1503515842224,3,-7,-7,-2,0,-2,0,2
14397,14397,1503515842230,7,4,1,-3,-5,0,0,-3
14398,14398,1503515842244,0,5,1,3,6,2,2,3
14399,14399,1503515842252,-9,-10,-5,-1,1,0,-1,1
14400,14400,1503515842261,-10,0,6,2,-3,1,0,-2
14401,14401,1503515842274,9,15,8,-1,-1,-3,-2,9
14402,14402,1503515842283,6,6,-3,-1,-4,1,-2,0
14403,14403,1503515842290,7,8,7,6,-1,-1,-2,-3
14404,14404,1503515842305,-3,-19,1,-2,1,-1,-1,-5
14405,14405,1503515842312,7,0,-4,-3,-1,-1,-1,-1
14406,14406,1503515842320,-3,-2,-3,2,0,2,0,0
14407,14407,1503515842335,2,3,0,-3,0,0,0,1
14408,14408,1503515842342,3,-1,-1,-1,3,-1,-1,0
14409,14409,1503515842357,7,8,5,5,12,7,6,4
14410,14410,1503515842365,-2,-2,-2,-2,-1,-1,-2,1
14411,14411,1503515842372,1,-5,-4,0,-5,-3,-3,-2
14412,14412,1503515842387,-6,6,0,-1,1,0,1,1
14413,14413,1503515842394,-1,-16,-9,-5,-5,0,-1,3
14414,14414,1503515842402,-1,-2,-2,-2,-3,-4,0,7
14415,14415,1503515842417,-2,-17,-8,-2,2,1,1,1
14416,14416,1503515842425,7,5,12,5,5,2,3,1
14417,14417,1503515842433,-7,-4,4,5,4,2,1,16
14418,14418,1503515842447,-6,5,-5,-1,-2,-2,-8,-6
14419,14419,1503515842454,-4,-9,-12,-7,-6,-3,-2,1
14420,14420,1503515842462,29,12,2,0,-2,-1,-1,-4
14421,14421,1503515842476,3,9,4,1,-2,-2,-2,-7
14422,14422,1503515842485,-8,-4,0,-1,0,0,1,0
14423,14423,1503515842492,-3,2,2,1,4,1,3,-1
14424,14424,1503515842507,0,-1,-3,-1,-2,0,-1,1
14425,14425,1503515842514,-3,0,-1,-2,-5,-3,-4,-10
14426,14426,1503515842524,3,-2,-1,-2,-3,-6,-3,1
14427,14427,1503515842536,-9,-5,-1,1,3,-5,-2,-3
14428,14428,1503515842537,3,-3,-4,-3,-4,-1,0,-3
14429,14429,1503515842545,-3,-3,5,2,-1,2,3,1
14430,14430,1503515842552,-1,17,10,0,-3,-3,-5,-9
14431,14431,1503515842568,-19,-8,-6,-4,-3,-1,-3,-3
14432,14432,1503515842574,13,10,4,0,-1,-4,0,1
14433,14433,1503515842582,10,-1,1,0,2,-1,1,-1
14434,14434,1503515842597,-8,-10,-8,-3,-3,-1,-4,-3
14435,14435,1503515842605,-9,-3,-2,-2,-2,-2,0,-6
14436,14436,1503515842612,-2,1,0,1,0,1,0,0
14437,14437,1503515842627,1,-1,-5,-5,-1,-1,1,-1
14438,14438,1503515842634,-2,4,4,1,1,0,0,-1
14439,14439,1503515842642,24,10,-10,-1,-2,0,1,3
14440,14440,1503515842659,-10,1,1,-1,-2,-1,-2,0
14441,14441,1503515842665,6,11,9,-2,-3,0,-4,-5
14442,14442,1503515842672,-15,14,16,5,3,0,-1,-6
14443,14443,1503515842687,-1,-9,-5,-2,-2,-3,-2,-3
14444,14444,1503515842694,-9,-16,-9,-5,-4,-1,-2,-6
14445,14445,1503515842702,-8,-8,-5,0,1,1,0,-1
14446,14446,1503515842717,9,5,-3,-3,-1,-1,0,0
14447,14447,1503515842726,-11,-11,-3,-1,-1,-2,-2,0
14448,14448,1503515842732,7,0,-2,0,-2,-1,-1,1
14449,14449,1503515842747,-8,-3,1,-1,-2,0,-2,-4
14450,14450,1503515842755,3,-3,-6,-1,-1,0,0,0
14451,14451,1503515842763,-7,-5,1,1,0,0,-4,-3
14452,14452,1503515842777,3,-5,-4,-6,-4,-3,-1,1
14453,14453,1503515842785,-4,1,4,1,-1,0,1,0
14454,14454,1503515842792,-3,-2,0,-1,0,0,-2,1
14455,14455,1503515842807,0,-1,0,-1,-3,1,3,2
14456,14456,1503515842815,8,1,-5,0,0,-2,1,2
14457,14457,1503515842823,12,0,0,0,1,0,-3,0
14458,14458,1503515842836,-6,-7,-3,-1,-1,-2,-1,-2
14459,14459,1503515842837,-16,-7,0,0,1,-3,-1,-7
14460,14460,1503515842844,11,11,-2,-3,-1,-1,-1,-1
14461,14461,1503515842852,1,-10,-4,-2,13,1,-1,-3
14462,14462,1503515842868,-10,-6,-1,0,1,-3,0,0
14463,14463,1503515842875,0,2,1,2,-4,0,0,-1
14464,14464,1503515842885,-6,0,-1,1,0,-3,-2,-2
14465,14465,1503515842897,-10,-12,-1,3,-2,-1,-1,-1
14466,14466,1503515842905,0,-4,-3,0,-1,0,0,-2
14467,14467,1503515842912,-4,-4,-1,-1,-10,2,-2,1
14468,14468,1503515842927,-12,-1,-1,-1,-1,1,1,-1
14469,14469,1503515842936,-1,4,-1,-2,-1,-1,0,-1
14470,14470,1503515842943,0,8,1,0,-1,-1,-1,1
14471,14471,1503515842956,-9,-5,-3,-1,-3,-3,1,-3
14472,14472,1503515842965,-5,-8,-2,-1,-1,-3,0,-3
14473,14473,1503515842972,16,5,0,-2,-1,-1,-1,3
14474,14474,1503515842987,-4,-5,0,0,18,4,1,1
14475,14475,1503515842994,-7,0,0,-1,-1,0,-5,-2
14476,14476,1503515843003,10,2,1,0,-8,-3,-2,-3
14477,14477,1503515843017,24,5,-2,-2,0,-1,1,3
14478,14478,1503515843028,-1,9,10,1,-3,-1,-2,-17
14904,14904,1503515847134,18,2,-3,1,-2,-2,-2,1
14905,14905,1503515847150,1,17,6,3,-2,-1,-3,-2
14906,14906,1503515847157,-7,-13,-3,-1,0,1,0,0
14907,14907,1503515847165,-1,5,6,-1,-1,1,-1,-1
14908,14908,1503515847183,7,7,-5,-3,-2,0,-4,-1
14909,14909,1503515847187,-8,1,-2,0,-1,-1,2,-3
14910,14910,1503515847194,-7,18,0,-4,-3,0,2,1
14911,14911,1503515847209,-3,1,-2,3,1,-3,-3,-3
14912,14912,1503515847218,20,12,6,-5,-2,1,7,1
14913,14913,1503515847227,-30,-12,-5,-7,-3,1,5,-1
14914,14914,1503515847239,-7,35,8,2,-1,-2,-2,-2
14915,14915,1503515847248,47,14,7,5,2,0,3,5
14916,14916,1503515847249,-10,-19,-16,-5,-1,-2,-4,-2
14917,14917,1503515847259,-25,-22,0,6,2,2,-5,0
14918,14918,1503515847270,3,10,3,0,-1,1,-4,-2
14919,14919,1503515847277,0,-12,-6,1,2,-1,-2,-4
14920,14920,1503515847285,32,-11,0,1,2,-1,-2,2
14921,14921,1503515847299,-11,-12,-1,-4,1,0,4,0
14922,14922,1503515847307,0,11,2,-1,2,20,4,-1
14923,14923,1503515847316,-5,4,3,4,-2,-19,-2,-2
14924,14924,1503515847317,17,0,4,2,1,-1,-2,0
14925,14925,1503515847330,7,12,-1,-5,-2,1,0,3
14926,14926,1503515847337,1,-26,-1,2,1,0,2,1
14927,14927,1503515847345,-2,4,6,6,2,-6,-2,-4
14928,14928,1503515847359,-9,-6,-8,-3,-4,-4,-3,-5
14929,14929,1503515847367,2,2,-3,-7,-4,-5,-2,1
14930,14930,1503515847375,5,-1,15,7,-2,2,-3,-3
14931,14931,1503515847392,-1,0,-5,-2,0,-4,1,0
14932,14932,1503515847397,5,7,-3,-1,-1,-2,2,-1
14933,14933,1503515847405,25,-3,2,4,-1,-1,3,2
14934,14934,1503515847419,-12,3,4,-1,-1,-1,-2,-6
14935,14935,1503515847427,-6,-11,-13,-8,-3,-1,-2,0
14936,14936,1503515847434,3,-2,-3,-3,-3,-1,-2,0
14937,14937,1503515847450,2,9,0,-3,-3,-2,1,2
14938,14938,1503515847457,2,3,5,3,2,-2,-2,-1
14939,14939,1503515847458,-1,24,4,0,0,-1,-2,-1
14940,14940,1503515847465,4,6,5,-3,-1,-1,-1,0
14941,14941,1503515847479,-9,-12,-17,-9,0,2,4,5
14942,14942,1503515847487,-12,25,4,10,-2,-3,-3,-1
14943,14943,1503515847495,5,-6,-8,-6,1,0,-2,2
14944,14944,1503515847509,-1,-22,-4,-2,-1,-3,-2,-2
14945,14945,1503515847518,11,-5,-7,-7,-4,-1,0,-2
14946,14946,1503515847525,-6,2,4,3,-1,-1,-4,-2
14947,14947,1503515847539,-19,37,11,5,2,-2,-8,-4
14948,14948,1503515847549,1,1,-4,-7,-5,-3,1,0
14949,14949,1503515847555,5,-31,-11,-1,-2,-1,0,-1
14950,14950,1503515847569,-14,-16,-2,-3,0,0,-3,0
14951,14951,1503515847577,17,11,20,11,0,0,1,-1
14952,14952,1503515847586,-6,-16,-11,-9,-1,2,0,-3
14953,14953,1503515847599,-8,-20,-14,-4,2,2,-1,-1
14954,14954,1503515847600,16,9,-2,-1,-3,-1,0,3
14955,14955,1503515847607,28,4,3,7,2,1,3,-4
14956,14956,1503515847616,10,8,6,2,0,-2,1,4
14957,14957,1503515847629,-15,0,-3,-5,-3,-3,-4,0
14958,14958,1503515847637,-10,-15,-4,-2,-1,0,3,2
14959,14959,1503515847645,-6,0,5,-3,-2,2,-1,-1
14960,14960,1503515847646,6,-2,-12,-8,-2,-2,2,-1
14961,14961,1503515847660,-18,-7,-18,-7,0,-3,1,-2
14962,14962,1503515847667,4,37,9,2,2,2,-2,0
14963,14963,1503515847674,-9,-4,-4,-6,0,0,-1,0
14964,14964,1503515847690,-7,-17,11,9,0,-7,-5,-7
14965,14965,1503515847697,-2,-11,-8,-10,2,-1,-3,-4
14966,14966,1503515847705,-14,-9,11,10,0,4,-1,2
14967,14967,1503515847720,9,7,-2,-8,3,2,-1,8
14968,14968,1503515847721,9,16,7,5,-3,-2,-2,1
14969,14969,1503515847727,-6,-2,-5,-7,-2,-2,-4,-3
14970,14970,1503515847734,7,-5,2,3,2,1,-2,-5
14971,14971,1503515847751,-8,-4,13,7,-1,-3,0,-4
14972,14972,1503515847757,-7,-8,-10,-7,-3,-2,0,-2
14973,14973,1503515847765,9,-1,10,11,2,-2,3,0
14974,14974,1503515847779,-5,-9,-3,4,0,2,-2,2
14975,14975,1503515847788,6,-9,-26,-21,-3,5,4,9
14976,14976,1503515847794,-23,-10,2,-7,-1,-3,-7,0
14977,14977,1503515847809,5,-20,-28,-20,-3,-7,-8,-9
14978,14978,1503515847817,8,7,4,9,2,1,5,9
15474,15474,1503515852641,-5,-8,-8,-6,-2,-8,1,-4
15475,15475,1503515852654,3,6,8,7,2,0,8,1
15476,15476,1503515852662,17,5,0,1,-1,2,-5,0
15477,15477,1503515852670,-3,-6,0,-3,-3,-3,-4,1
15478,15478,1503515852684,-23,-10,-1,-1,2,1,2,-4
15479,15479,1503515852691,3,-8,-5,-5,0,1,1,-1
15480,15480,1503515852699,-6,-14,7,1,-3,1,1,-2
15481,15481,1503515852714,9,24,12,4,3,1,0,4
15482,15482,1503515852722,-2,6,3,3,1,-3,-4,0
15483,15483,1503515852730,-10,-5,0,-1,-1,-2,-3,-3
15484,15484,1503515852744,15,-1,-8,-8,-2,3,-2,4
15485,15485,1503515852752,-12,3,1,-3,0,2,5,1
15486,15486,1503515852760,-9,-9,-6,-4,-3,-2,3,-1
15487,15487,1503515852776,11,-15,-11,-4,-3,0,-1,-7
15488,15488,1503515852782,12,18,8,0,1,2,-1,0
15489,15489,1503515852790,28,-8,-1,0,-3,-4,-5,4
15490,15490,1503515852803,-2,6,6,5,0,-2,-2,-7
15491,15491,1503515852813,-6,-5,6,5,0,0,-2,-3
15492,15492,1503515852819,-10,5,-1,-2,0,0,8,0
15493,15493,1503515852834,-14,-14,-7,-4,0,-2,4,-2
15494,15494,1503515852843,-14,2,1,0,-2,-3,-5,0
15495,15495,1503515852850,13,2,11,2,-4,-2,-2,1
15496,15496,1503515852864,4,6,-11,-7,-3,-2,5,-1
15497,15497,1503515852872,21,24,3,-6,-5,-4,0,0
15498,15498,1503515852880,-11,-4,14,7,3,-3,0,2
15499,15499,1503515852894,-4,2,-4,-2,0,1,-2,2
15500,15500,1503515852902,3,-23,-15,-6,-3,2,-3,0
15501,15501,1503515852911,-8,-5,-3,-1,0,-1,2,-2
15502,15502,1503515852924,34,0,-2,3,0,-4,-3,3
15503,15503,1503515852931,3,-2,-2,-5,-2,-3,-7,1
15504,15504,1503515852932,-27,3,-4,1,0,-1,1,-2
15505,15505,1503515852939,-9,2,-1,-2,-1,2,-4,-4
15506,15506,1503515852954,12,-4,-5,-2,-1,-2,-7,2
15507,15507,1503515852962,0,-14,-1,1,-1,0,2,0
15508,15508,1503515852970,-22,-11,5,5,2,-1,-3,-2
15509,15509,1503515852984,0,-23,-12,-5,-2,-3,-3,-8
15510,15510,1503515852992,16,11,2,2,-1,-3,-3,0
15511,15511,1503515852999,-5,-2,0,-1,1,0,-2,-1
15512,15512,1503515853014,-4,42,13,2,6,1,3,-2
15513,15513,1503515853021,-3,7,4,3,1,1,0,2
15514,15514,1503515853022,2,10,0,0,-1,-1,0,0
15515,15515,1503515853030,7,-6,-2,2,-1,0,2,0
15516,15516,1503515853044,-9,1,-1,-2,-2,-2,9,11
15517,15517,1503515853052,-26,-14,-11,-8,-3,0,-4,-5
15518,15518,1503515853059,3,4,0,0,-2,1,-3,0
15519,15519,1503515853074,-30,-37,-14,-4,-3,-1,2,1
15520,15520,1503515853082,-3,18,8,0,-1,-4,-2,-5
15521,15521,1503515853090,6,28,3,3,1,3,2,-2
15522,15522,1503515853103,7,-1,1,-1,0,1,-5,-4
15523,15523,1503515853112,9,-10,-4,-1,-2,0,-2,0
15524,15524,1503515853120,-6,7,-1,1,-1,-2,-2,-4
15525,15525,1503515853134,2,-8,-1,-2,-2,1,3,-1
15526,15526,1503515853144,9,-1,1,5,1,1,6,0
15527,15527,1503515853150,-11,-2,-3,-3,-5,-2,-5,-6
15528,15528,1503515853163,-4,9,1,-2,0,3,6,3
16467,16467,1503515862236,-7,-7,-9,-4,-20,-6,-5,-11
16468,16468,1503515862239,-2,-5,-16,-3,-13,-3,0,-1
16469,16469,1503515862246,3,18,-3,0,-11,-3,-2,-3
16470,16470,1503515862257,-10,-14,-5,-3,1,0,-2,-9
16471,16471,1503515862268,2,2,-2,3,6,1,2,3
16472,16472,1503515862276,7,-1,9,3,-2,-3,3,8
16473,16473,1503515862284,-6,-28,-15,-9,-21,-6,-3,-4
16474,16474,1503515862299,-14,-4,-5,-5,-2,-2,-3,-3
16475,16475,1503515862306,1,2,-3,-6,-25,-4,0,-2
16476,16476,1503515862314,13,10,5,5,8,3,1,4
16477,16477,1503515862328,-3,-48,-14,-1,24,3,2,2
16478,16478,1503515862337,0,12,21,1,-8,-4,-1,0
16479,16479,1503515862344,-2,7,8,-1,-13,-2,-7,-9
16480,16480,1503515862359,0,-1,-7,-4,6,-1,1,-2
16481,16481,1503515862366,15,30,4,6,-1,-1,-1,1
16482,16482,1503515862382,-6,57,23,1,-11,2,-1,-2
16483,16483,1503515862391,12,27,1,-4,-7,-5,-1,0
16484,16484,1503515862396,3,3,-6,-1,5,3,-1,-1
16485,16485,1503515862417,7,17,5,-1,2,0,0,3
16486,16486,1503515862419,-4,-14,-6,-5,1,-1,-1,-7
16487,16487,1503515862426,-6,-5,4,1,16,1,3,-2
16488,16488,1503515862434,1,-7,-3,0,-16,-1,2,3
16489,16489,1503515862448,-1,4,4,-1,-7,-1,3,-2
16490,16490,1503515862458,10,3,3,7,8,3,4,10
16491,16491,1503515862464,-2,-9,-4,-4,-11,-4,-5,1
16492,16492,1503515862479,-13,-16,-7,-3,-2,-2,-2,-6
16493,16493,1503515862486,28,11,-2,-4,-4,-5,-5,0
16494,16494,1503515862500,3,-13,-3,0,6,1,-1,-1
16495,16495,1503515862509,-19,-11,-1,1,0,3,1,-4
16496,16496,1503515862517,-8,-16,-8,-1,-3,-2,1,-2
16497,16497,1503515862525,-9,-15,-1,-2,-3,2,1,-2
16498,16498,1503515862539,8,2,3,1,4,2,-1,4
16499,16499,1503515862546,4,3,5,0,-2,-1,-1,-1
16500,16500,1503515862558,-12,-6,-5,-3,-1,0,1,-2
16501,16501,1503515862559,10,3,0,2,1,0,-3,2
16502,16502,1503515862568,-7,-1,-1,-1,-2,-3,1,1
16503,16503,1503515862576,6,5,7,0,-2,-3,0,1
16504,16504,1503515862584,-3,-1,-4,-2,-2,0,-1,0
16505,16505,1503515862600,-2,-31,-8,-2,-2,0,0,-1
16506,16506,1503515862606,2,-14,-2,0,-2,-1,-1,3
16507,16507,1503515862614,-14,-13,-8,0,1,-2,-2,-5
16508,16508,1503515862628,-2,-11,-2,0,-2,-1,-2,2
16509,16509,1503515862636,2,42,11,1,-1,-1,-1,0
16510,16510,1503515862643,1,30,7,-1,-1,0,-3,-4
16511,16511,1503515862660,16,12,0,-3,0,-2,-6,-2
16512,16512,1503515862666,-13,-27,-1,0,-1,-1,3,-2
16513,16513,1503515862674,-14,-11,-19,-8,-4,0,0,0
16514,16514,1503515862689,-12,-14,-11,-5,-3,-1,-4,-9
16515,16515,1503515862698,-14,-23,-4,0,-1,-3,-2,-2
16516,16516,1503515862704,-10,5,-2,-1,0,-1,1,-5
16517,16517,1503515862719,7,9,-2,-6,-1,-3,-2,0
16518,16518,1503515862727,1,-3,0,3,-2,-2,-3,-4
16519,16519,1503515862734,0,-1,1,-2,-5,-2,0,-4
16520,16520,1503515862749,0,-8,-6,-4,-3,-1,-1,2
16521,16521,1503515862759,-3,-7,-1,-1,-2,0,-2,0
16522,16522,1503515862764,10,19,9,1,2,-1,-2,2
16523,16523,1503515862780,14,-3,1,0,2,0,1,-1
16524,16524,1503515862786,-22,-19,-2,0,-2,-2,-4,-3
16525,16525,1503515862794,0,-1,-2,-1,-2,0,-2,-4
16526,16526,1503515862809,4,6,6,3,6,2,0,0
16527,16527,1503515862817,-12,-8,-13,-4,-4,0,3,-7
16528,16528,1503515862826,15,8,-5,-5,-1,-1,0,5
16529,16529,1503515862839,3,9,12,5,7,1,1,0
16530,16530,1503515862846,-7,-6,-8,-4,-4,-2,1,-3
16531,16531,1503515862855,-1,3,-1,2,-1,0,1,-1
16532,16532,1503515862869,6,8,5,-2,-2,0,2,7
16533,16533,1503515862877,-23,-13,2,0,-1,-2,1,-5
16534,16534,1503515862899,56,30,-2,-3,-4,-1,0,17
16535,16535,1503515862900,2,7,4,5,3,-3,-2,3
16536,16536,1503515862908,-18,-7,-3,0,-4,0,2,-3
16537,16537,1503515862922,3,5,3,0,-12,-1,-3,-1
16538,16538,1503515862931,-6,-8,1,1,-2,-3,-6,-3
16539,16539,1503515862937,3,-1,-2,-3,-1,-2,-1,3
16540,16540,1503515862951,-8,-5,1,0,1,0,-3,-9
16541,16541,1503515862960,-1,0,-2,-2,3,-1,-2,0
16542,16542,1503515862966,21,15,5,-1,-3,-3,1,6
16543,16543,1503515862967,-4,-5,-1,-1,0,-4,-1,-3
16544,16544,1503515862981,-21,-8,-5,-3,0,1,-1,-6
16951,16951,1503515866956,7,6,1,0,-3,0,-3,-8
16952,16952,1503515866971,1,-16,-7,-1,-1,-1,-3,-4
16953,16953,1503515866981,0,3,4,0,1,0,-5,-3
16954,16954,1503515866986,-2,13,0,-1,1,1,0,10
16955,16955,1503515867001,0,-5,-1,2,-1,-3,-4,-13
16956,16956,1503515867008,-7,28,11,1,1,0,-3,-2
16957,16957,1503515867017,1,2,8,1,2,3,2,2
16958,16958,1503515867031,-6,-6,0,2,0,-1,1,-2
16959,16959,1503515867039,7,4,-1,-3,-2,-1,3,5
16960,16960,1503515867047,2,-8,-2,1,6,-1,-3,-3
16961,16961,1503515867061,-2,-7,-4,-2,-2,-1,1,-1
16962,16962,1503515867068,4,-5,-6,-5,-5,-1,1,0
16963,16963,1503515867076,3,1,-2,-2,0,-5,-1,-2
16964,16964,1503515867091,24,0,3,0,-5,0,2,4
16965,16965,1503515867099,-28,-8,-2,0,-3,-2,-3,-2
16966,16966,1503515867106,-12,-22,-5,-4,-3,0,-1,1
16967,16967,1503515867121,0,25,2,-2,-1,1,1,-4
16968,16968,1503515867122,3,-4,-3,0,-4,0,2,1
16969,16969,1503515867129,-4,-1,1,1,-1,-2,0,-1
16970,16970,1503515867137,-2,1,0,1,2,1,1,-3
16971,16971,1503515867151,4,-2,-4,2,4,0,-4,-3
16972,16972,1503515867159,7,5,2,-1,-4,-4,2,-2
16973,16973,1503515867166,-5,-14,-11,-1,2,3,-1,5
16974,16974,1503515867182,6,-6,-10,1,6,2,-5,-34
16975,16975,1503515867189,-3,-22,-16,-4,-3,0,-1,-20
16976,16976,1503515867204,49,0,-5,-2,0,1,6,15
16977,16977,1503515867211,-3,-8,0,-3,-1,-2,-4,3
16978,16978,1503515867220,-10,-1,0,0,-1,-1,0,6
16979,16979,1503515867226,-4,7,8,-2,-2,-1,-1,2
16980,16980,1503515867241,-10,-3,-1,-8,-4,-3,-2,4
16981,16981,1503515867249,-9,11,1,0,1,0,2,1
16982,16982,1503515867256,-5,-1,-1,-5,-3,-3,-6,-8
16983,16983,1503515867271,-2,14,9,2,1,-4,-1,41
16984,16984,1503515867282,8,1,-4,-1,0,3,11,93
16985,16985,1503515867286,9,22,5,2,-2,-1,0,2
16986,16986,1503515867301,-23,-4,-1,0,0,1,0,-14
16987,16987,1503515867308,0,-2,-2,0,-2,-3,-2,-5
16988,16988,1503515867316,13,-7,-6,-2,-1,-2,1,7
16989,16989,1503515867317,-3,-13,-6,1,1,0,-3,-20
16990,16990,1503515867331,16,1,-3,0,-2,0,-2,-22
16991,16991,1503515867339,6,-1,-1,2,0,0,-2,-9
16992,16992,1503515867348,-12,-10,-9,-3,-1,-4,-5,-5
16993,16993,1503515867361,4,22,10,-1,2,0,5,40
16994,16994,1503515867368,-10,3,-7,-7,-3,2,-11,-21
16995,16995,1503515867376,-3,-8,2,5,0,0,3,10
16996,16996,1503515867391,17,2,4,3,-1,-1,-7,-4
16997,16997,1503515867399,-10,-6,-4,-2,0,-1,-5,-21
16998,16998,1503515867406,-17,-7,2,2,1,0,5,2
16999,16999,1503515867422,-1,6,-1,0,-3,-1,-4,-19
17000,17000,1503515867428,-4,-2,-4,-1,-1,1,3,4
17001,17001,1503515867436,-15,-11,-5,-5,0,-2,-6,-52
17002,17002,1503515867451,-22,8,7,1,-1,-3,-2,1
17003,17003,1503515867459,-1,5,-3,-1,-4,0,-4,-12
17004,17004,1503515867466,11,-9,-2,4,-2,-1,1,10
17005,17005,1503515867483,8,29,8,3,1,0,-1,3
17006,17006,1503515867495,-5,-3,2,-2,-2,0,1,-1
17007,17007,1503515867497,7,-5,0,0,-1,0,1,3
17008,17008,1503515867511,3,-6,1,-2,-3,-2,1,-8
17009,17009,1503515867519,11,-12,-4,-3,-1,-1,-2,1
17010,17010,1503515867533,19,-6,-3,-1,2,-2,3,-2
17011,17011,1503515867541,1,11,0,3,1,0,4,10
17012,17012,1503515867550,13,6,-2,-1,-2,-1,-8,-1
17013,17013,1503515867564,-13,-9,0,1,-1,-1,-4,-4
17014,17014,1503515867571,16,12,10,1,1,3,5,2
17015,17015,1503515867579,-3,-5,2,0,2,0,-3,-4
17016,17016,1503515867593,4,-2,-5,0,2,-2,-1,-1
17017,17017,1503515867601,29,23,5,2,0,-2,0,1
17018,17018,1503515867608,-2,-5,-9,-1,-2,-1,-1,0
17019,17019,1503515867624,41,13,-2,3,-1,-1,-2,0
17020,17020,1503515867631,-16,-6,0,1,0,-1,-1,-1
17021,17021,1503515867639,-17,-2,1,4,4,-2,0,-1
17022,17022,1503515867653,-6,-7,-1,4,2,15,3,0
17023,17023,1503515867661,-13,-15,-7,0,-5,-2,-2,0
17024,17024,1503515867668,-6,18,2,6,-3,-1,0,3
17025,17025,1503515867685,-20,-12,0,15,-1,1,2,-1
17026,17026,1503515867691,18,61,12,17,-3,-5,-2,0
17027,17027,1503515867699,-11,1,-7,3,-3,-5,-2,-3
17028,17028,1503515867713,16,-29,-9,-7,-3,-6,-3,-13
17029,17029,1503515867721,1,-16,1,-19,-1,4,-1,-1
17030,17030,1503515867729,-28,-10,-5,-19,-1,-4,0,-2
17031,17031,1503515867744,-5,-1,0,-13,0,0,0,0
17032,17032,1503515867751,-11,-8,-2,-11,2,-2,3,-1
17033,17033,1503515867766,-1,0,-4,-11,-2,0,1,-3
17034,17034,1503515867773,-14,-12,0,-6,-3,-2,1,-2
17035,17035,1503515867781,-8,-38,-16,-7,-2,-3,1,-2
17036,17036,1503515867789,-11,-3,-5,-4,-1,-1,0,-1
17037,17037,1503515867803,-9,-4,7,4,-2,-3,-3,5
17038,17038,1503515867811,6,5,8,0,1,-1,-1,2
17039,17039,1503515867819,-28,-10,-5,-6,-2,0,-3,-9
17040,17040,1503515867833,20,4,-1,-6,-2,-1,-4,0
17041,17041,1503515867841,0,11,8,-5,1,15,-2,-7
17042,17042,1503515867850,-5,-17,-10,-7,-3,-2,-3,-2
17043,17043,1503515867870,23,9,3,1,-1,1,1,7
17044,17044,1503515867871,-1,-3,2,1,-1,0,-1,-3
17045,17045,1503515867879,7,-2,-2,-2,-2,-5,2,1
17046,17046,1503515867893,14,60,19,5,1,-3,1,0
17047,17047,1503515867901,-8,-12,-3,-1,-2,-4,-2,-3
17048,17048,1503515867908,2,-25,-13,1,-3,1,-1,2
17049,17049,1503515867923,-30,8,5,1,-1,-4,0,-8
17050,17050,1503515867933,-28,24,21,-1,0,-3,0,-5
17051,17051,1503515867939,10,0,-2,1,2,-3,-1,-2
17052,17052,1503515867953,7,-16,-9,0,1,0,-2,7
17053,17053,1503515867961,4,13,3,4,1,1,2,4
17054,17054,1503515867968,10,7,-4,1,-1,1,0,0
17055,17055,1503515867985,1,-16,-2,0,-2,1,-2,-1
17056,17056,1503515867991,-18,-15,-8,1,0,-3,0,-4
17057,17057,1503515867999,31,-2,-3,-4,-2,-3,1,0
17058,17058,1503515868013,22,11,1,1,-1,-2,3,2
17059,17059,1503515868021,1,17,0,1,0,-4,-3,-1
17060,17060,1503515868029,-15,-25,-8,-1,0,-1,-2,-8
17061,17061,1503515868043,-19,-12,-1,-2,-1,-1,-5,9
17062,17062,1503515868053,2,-1,0,9,7,-2,3,3
17063,17063,1503515868060,-17,26,7,0,-4,-6,-4,-6
17064,17064,1503515868073,12,-8,8,-3,-1,1,-1,2
17544,17544,1503515872753,-10,-12,-6,2,0,0,0,-1
17545,17545,1503515872761,1,4,1,-1,-1,-7,-2,-2
17546,17546,1503515872776,-1,-3,-4,-1,1,-5,-1,0
17547,17547,1503515872784,5,-6,-5,0,-2,-2,1,2
17548,17548,1503515872791,-6,3,2,-2,1,0,1,-4
17549,17549,1503515872806,6,-4,-3,-4,-2,-4,-3,-2
17550,17550,1503515872814,13,19,7,0,-1,2,2,3
17551,17551,1503515872821,3,-7,2,2,-1,-4,-2,-2
17552,17552,1503515872836,6,26,8,1,-2,-3,-2,-2
17553,17553,1503515872844,-3,6,-4,-1,0,-1,1,-2
17554,17554,1503515872852,26,-13,-14,-5,-2,-3,-2,4
17555,17555,1503515872866,0,-3,0,-1,-2,-2,0,1
17556,17556,1503515872873,-8,-3,0,0,0,0,0,-4
17557,17557,1503515872882,3,2,-2,0,0,-1,1,1
17558,17558,1503515872896,-3,-1,1,0,-2,-1,-3,-4
17559,17559,1503515872904,-9,-16,-4,-2,-1,1,-5,0
17560,17560,1503515872911,-2,-8,2,1,0,-1,0,-1
17561,17561,1503515872925,-5,-3,-3,-3,-1,0,-3,-2
17562,17562,1503515872926,15,14,2,-2,1,-3,4,2
17563,17563,1503515872933,-5,12,-2,-4,-3,-2,-2,0
17564,17564,1503515872943,4,-19,-7,-2,-3,0,1,1
17565,17565,1503515872956,1,-17,-3,0,0,0,0,-2
17566,17566,1503515872964,-27,4,2,0,0,0,-4,-4
17567,17567,1503515872971,-14,-9,1,-1,1,-2,0,-1
17568,17568,1503515872986,-14,5,1,3,0,0,0,-2
17569,17569,1503515872993,2,23,2,-1,-2,0,0,-1
17570,17570,1503515873001,7,0,-2,0,0,-1,1,1
17571,17571,1503515873015,2,-2,-1,-1,-2,0,-4,-2
17572,17572,1503515873023,5,-5,0,2,1,-3,2,-1
17573,17573,1503515873031,-6,-31,-13,-3,-2,-2,-4,1
17574,17574,1503515873047,4,8,1,-3,-2,-2,-3,-1
17575,17575,1503515873053,-10,-16,1,4,3,1,1,2
17576,17576,1503515873061,1,12,9,-1,-4,0,-2,-3
17577,17577,1503515873077,-8,0,2,-1,-3,-2,0,-2
17578,17578,1503515873084,-11,-2,2,1,0,-3,-2,1
17579,17579,1503515873091,7,8,0,-3,1,16,0,-1
17580,17580,1503515873106,-4,-9,-6,-1,1,1,1,-4
17581,17581,1503515873114,2,7,4,1,1,4,3,0
17582,17582,1503515873128,-11,0,6,-2,-2,0,-1,2
17583,17583,1503515873135,-4,-8,-7,4,1,-8,1,-2
17584,17584,1503515873144,10,-2,1,3,0,-2,-3,-1
17585,17585,1503515873158,5,8,-1,-5,-4,-5,-1,-1
17586,17586,1503515873166,2,-12,-11,-4,-1,1,-3,-3
17587,17587,1503515873173,-12,-16,-4,-2,1,-5,0,-1
17588,17588,1503515873188,1,23,8,-1,-1,1,0,-1
17589,17589,1503515873195,-5,5,-1,-2,-1,-5,2,1
17590,17590,1503515873204,11,-2,-7,-4,-3,-2,0,1
17591,17591,1503515873218,-3,1,1,-4,-2,0,-2,0
17592,17592,1503515873226,6,-25,-9,3,1,-1,-2,-3
17593,17593,1503515873233,4,34,5,-5,-2,-3,-2,-1
17594,17594,1503515873249,-21,-12,-2,-6,-5,-1,1,3
17595,17595,1503515873256,-4,-17,-4,6,6,0,-1,0
17596,17596,1503515873264,-9,-1,0,0,-1,2,-4,-5
17597,17597,1503515873279,15,14,2,0,-2,-3,-1,0
17598,17598,1503515873287,15,-6,-7,-5,-3,-1,-2,-1
17599,17599,1503515873293,4,2,3,1,-2,-1,-2,-2
17600,17600,1503515873308,3,11,6,3,0,-3,2,0
17601,17601,1503515873316,0,18,13,-5,-1,0,-2,0
17602,17602,1503515873324,0,11,0,0,0,-2,-5,-5
17603,17603,1503515873337,16,-15,-12,-7,-5,-1,0,2
17604,17604,1503515873346,-31,-4,3,-1,1,-1,2,-3
17605,17605,1503515873354,1,-10,-9,-4,-2,-2,-1,-1
17606,17606,1503515873368,-6,-5,-4,4,1,-1,0,0
17607,17607,1503515873376,-5,3,0,-1,-2,0,-1,-2
17608,17608,1503515873384,-9,-13,1,-1,2,0,1,2
17609,17609,1503515873405,8,-2,1,2,-1,0,0,-2
17610,17610,1503515873407,7,10,-7,-1,-1,1,0,1
17611,17611,1503515873413,-17,6,11,6,1,0,-1,-4
17927,17927,1503515876489,1,1,7,4,2,2,4,12
17928,17928,1503515876496,-2,15,9,1,-1,-2,1,5
17929,17929,1503515876504,3,6,-5,-1,2,2,-1,1
17930,17930,1503515876516,14,17,-6,-5,-3,0,1,3
17931,17931,1503515876528,6,-1,1,1,-1,0,-1,-1
17932,17932,1503515876533,-2,-17,-4,-2,-4,0,-1,-2
17933,17933,1503515876542,-5,6,0,-1,0,0,1,4
17934,17934,1503515876543,-1,-3,-2,-5,-3,0,0,-5
17935,17935,1503515876556,-6,-14,-5,-3,-2,-1,-4,-5
17936,17936,1503515876564,-9,-5,-2,0,-3,-2,-2,-3
17937,17937,1503515876571,22,13,6,1,1,-1,0,0
17938,17938,1503515876586,8,2,-3,-2,0,0,-2,-2
17939,17939,1503515876595,-4,-9,-2,0,-1,-3,-1,-2
17940,17940,1503515876602,5,5,-2,-3,-2,-3,-1,-1
17941,17941,1503515876615,-8,-11,2,1,1,-1,-2,-4
17942,17942,1503515876616,-2,4,-2,1,1,2,2,3
17943,17943,1503515876624,-8,-12,-2,-3,0,-2,-5,-3
17944,17944,1503515876632,-2,-5,-2,-4,-4,-1,-1,-3
17945,17945,1503515876646,-1,-5,-7,-5,-3,1,-1,-2
17946,17946,1503515876653,-1,-3,3,6,3,0,1,-3
17947,17947,1503515876663,3,5,2,0,-3,-3,2,2
17948,17948,1503515876676,-13,-19,-4,-4,-1,-1,0,-4
17949,17949,1503515876683,-16,-11,-4,0,1,0,-2,-1
17950,17950,1503515876691,-1,12,7,1,-1,0,0,1
17951,17951,1503515876706,-10,-2,4,-1,-1,-2,-2,-1
17952,17952,1503515876713,2,7,0,-3,-2,-4,-4,-2
17953,17953,1503515876721,-5,8,3,3,1,1,0,-2
17954,17954,1503515876736,12,23,14,0,0,0,-2,-1
17955,17955,1503515876750,5,-1,-2,0,-2,-2,-1,-1
17956,17956,1503515876752,-10,-13,-10,-2,1,-1,-7,-2
17957,17957,1503515876766,2,0,-2,-4,0,0,0,-3
17958,17958,1503515876773,0,-5,-3,0,1,-3,0,2
17959,17959,1503515876781,1,-6,-6,-3,1,-2,-1,-3
17960,17960,1503515876797,-16,-5,-3,-1,1,1,2,-4
17961,17961,1503515876804,-8,-15,-14,-4,-1,-2,-1,4
17962,17962,1503515876810,-1,-14,-8,-1,-3,-3,-2,-4
17963,17963,1503515876826,19,7,3,2,1,0,2,0
17964,17964,1503515876834,-3,-5,4,4,-3,-1,-2,-1
17965,17965,1503515876841,-4,2,3,-3,-1,1,3,1
17966,17966,1503515876856,-4,2,-4,-1,2,-1,0,0
17967,17967,1503515876857,4,5,2,0,-1,-2,-2,-2
17968,17968,1503515876864,-2,0,2,-2,-1,-1,-2,1
17969,17969,1503515876878,3,-4,-7,-3,-8,-2,-1,-2
17970,17970,1503515876886,11,18,15,5,0,2,-1,0
17971,17971,1503515876893,-5,-6,-10,-2,0,1,-1,2
17972,17972,1503515876908,7,7,8,3,-2,-2,0,1
17973,17973,1503515876915,3,-4,-1,-1,2,1,2,-2
17974,17974,1503515876924,-7,-9,-6,0,3,-2,-1,-3
17975,17975,1503515876939,5,1,-6,-1,0,0,2,3
17976,17976,1503515876946,-1,11,6,-2,-4,-4,-7,-4
17977,17977,1503515876953,-1,11,9,3,3,2,2,3
17978,17978,1503515876970,-2,-3,-7,-4,-4,-2,0,-12
17979,17979,1503515876971,1,-18,-12,-2,-1,-2,-2,-1
17980,17980,1503515876976,6,-11,8,2,2,2,1,-6
17981,17981,1503515876983,-12,4,7,1,1,0,0,1
17982,17982,1503515876998,2,-3,2,-2,-3,-1,0,-3
17983,17983,1503515876999,-3,-7,-6,-4,-2,-2,0,-1
17984,17984,1503515877006,2,4,-7,-3,-2,-3,0,-4
17985,17985,1503515877013,4,5,0,-1,1,0,-1,1
17986,17986,1503515877030,-4,-6,-5,0,1,1,0,-1
17987,17987,1503515877036,2,3,0,-1,0,-3,-1,0
17988,17988,1503515877043,2,-1,-3,-2,-2,0,0,-1
17989,17989,1503515877058,-1,10,-1,-2,-2,-2,1,2
17990,17990,1503515877066,4,7,-9,-4,-3,-5,-2,-12
17991,17991,1503515877073,-18,-3,-5,-2,-2,-3,-3,-8
17992,17992,1503515877088,-25,-22,-3,-2,-2,-2,0,-1
17993,17993,1503515877098,3,-4,-3,-2,-2,-2,-1,-4
17994,17994,1503515877103,0,1,-1,1,3,1,-3,0
17995,17995,1503515877118,1,2,6,4,2,2,-1,2
17996,17996,1503515877126,4,1,0,-1,0,0,-2,0
17997,17997,1503515877134,7,-10,-8,-2,-2,-1,-1,2
17998,17998,1503515877148,10,13,5,2,1,3,1,2
17999,17999,1503515877155,23,13,4,-2,-2,-1,-1,1
18000,18000,1503515877165,0,5,2,3,0,0,1,4
18001,18001,1503515877178,-14,-7,-10,-1,0,1,-1,-9
18002,18002,1503515877179,-15,1,2,-2,0,1,-1,10
18003,18003,1503515877186,9,-3,-1,-1,-4,-2,0,-3
18004,18004,1503515877193,-4,-4,0,0,-1,-2,0,-3
18005,18005,1503515877208,-6,-10,-6,-5,-2,0,1,-1
18006,18006,1503515877215,-3,-2,-2,-3,-3,-2,-1,-3
18007,18007,1503515877224,-1,1,2,3,1,0,2,0
18008,18008,1503515877240,-4,6,0,-1,-1,-1,-1,-3
18009,18009,1503515877246,1,11,13,3,2,-1,-2,1
18010,18010,1503515877253,-20,-24,-6,3,3,1,1,-7
18011,18011,1503515877269,9,-5,-9,-3,-1,1,0,4
18012,18012,1503515877275,-15,-11,-7,-6,-2,2,0,-7
18013,18013,1503515877283,-23,-12,-1,-2,-2,-1,-3,3
18014,18014,1503515877307,10,7,-1,-3,-2,-3,-1,-1
18015,18015,1503515877313,20,8,3,2,-2,-1,-2,1
18016,18016,1503515877328,3,-3,-5,-2,-2,-1,0,1
18017,18017,1503515877336,9,7,3,0,-2,0,-1,-3
18018,18018,1503515877343,-5,-3,1,0,-4,-3,-1,-3
18019,18019,1503515877358,-7,0,9,-1,-2,-3,-6,-2
18020,18020,1503515877370,-11,-8,-9,-3,-1,1,0,-1
18021,18021,1503515877373,-12,5,-6,-3,-3,-1,-4,0
18022,18022,1503515877388,20,5,0,-2,-2,-2,-1,4
18023,18023,1503515877395,5,1,-1,0,0,0,2,0
18024,18024,1503515877403,-2,-5,-4,0,0,1,3,4
18025,18025,1503515877418,-5,1,1,0,-1,-2,-2,-4
18026,18026,1503515877426,1,2,1,-1,0,0,-1,-3
18027,18027,1503515877433,7,0,-2,-1,0,-3,1,3
18028,18028,1503515877448,-9,-12,-6,-4,-1,-3,-2,-6
18029,18029,1503515877455,-5,13,2,-3,-4,0,1,4
18030,18030,1503515877466,-6,6,12,4,1,0,-2,-4
18031,18031,1503515877478,10,-3,-4,1,3,2,1,2
18032,18032,1503515877486,-5,-4,-7,-4,-3,1,0,-2
18033,18033,1503515877493,4,-4,0,1,-1,-2,0,2
18034,18034,1503515877509,9,0,-1,-1,0,-1,-5,-5
18035,18035,1503515877516,2,-2,-2,-2,-2,-1,-5,-1
18036,18036,1503515877524,-6,-2,-2,0,2,1,4,6
18037,18037,1503515877539,-2,-8,-5,-1,-2,-1,-1,-2
18038,18038,1503515877546,10,9,3,1,0,-1,-2,-1
18039,18039,1503515877553,4,-3,-2,-1,-2,-3,2,1
18040,18040,1503515877569,-9,-2,3,-1,-3,0,2,-5
18041,18041,1503515877576,0,1,3,3,1,2,-4,1
18042,18042,1503515877584,-2,-6,-6,-3,-1,2,1,7
18043,18043,1503515877599,-13,-3,-3,-1,-1,-2,-1,0
18044,18044,1503515877600,7,-5,-4,0,1,2,-2,-15
18045,18045,1503515877606,4,-2,-1,0,-3,-4,-3,-10
18046,18046,1503515877613,-24,-12,-6,1,1,-2,5,0
18047,18047,1503515877628,-9,1,0,-1,-1,-1,0,-15
18048,18048,1503515877636,-13,-18,-6,-3,-2,-2,-1,-10
18049,18049,1503515877643,3,0,1,0,-1,-4,-1,7
18050,18050,1503515877659,10,19,5,0,-2,-1,-1,-1
18051,18051,1503515877667,-7,-9,-5,-4,-2,-1,-10,1
18052,18052,1503515877673,2,2,2,-3,1,-1,2,-9
18053,18053,1503515877688,-9,-3,-3,-2,-1,0,-1,9
18054,18054,1503515877695,-3,6,1,1,-1,-3,-4,0
18055,18055,1503515877705,53,-5,-6,-3,0,-2,0,-6
18056,18056,1503515877718,0,13,8,0,1,3,1,7
18057,18057,1503515877727,-8,0,-1,0,0,-1,0,4
18058,18058,1503515877734,0,-2,0,-2,-1,-5,0,-1
18059,18059,1503515877748,-1,2,0,1,0,-1,-8,-2
18060,18060,1503515877755,-6,7,2,-4,-2,0,1,7
18061,18061,1503515877771,-9,-12,-2,-2,-1,2,6,6
18062,18062,1503515877778,1,-6,0,1,-1,-1,-3,-4
18063,18063,1503515877786,-7,4,-3,-2,0,0,2,-3
18064,18064,1503515877801,12,-1,-8,-4,-2,0,-3,-13
18065,18065,1503515877809,-26,-14,1,-1,-1,0,-1,5
18066,18066,1503515877815,-14,-3,-1,0,0,0,1,3
18067,18067,1503515877831,-9,23,11,3,-1,0,3,-9
18068,18068,1503515877838,12,-6,-4,3,0,1,1,6
18069,18069,1503515877846,20,-11,-14,-4,-1,-2,0,-2
18070,18070,1503515877860,-16,-17,-5,-1,1,-3,0,-1
18071,18071,1503515877869,-8,4,0,2,2,0,-3,-8
18072,18072,1503515877876,-8,-7,-1,-2,-1,0,-6,-4
18073,18073,1503515877897,17,12,2,0,-1,0,-3,-8
18074,18074,1503515877901,-11,-5,1,-1,-2,-3,0,1
18075,18075,1503515877906,-3,-6,-1,1,0,-2,1,3
18076,18076,1503515877920,14,-1,2,0,-3,0,1,3
18077,18077,1503515877928,-12,-3,2,2,0,2,-3,2
18078,18078,1503515877936,5,1,-1,-1,0,2,-1,3
18079,18079,1503515877950,-24,-10,-6,-2,-1,-3,1,-1
18080,18080,1503515877958,-4,0,0,-3,0,0,4,2
18081,18081,1503515877968,6,27,15,1,-2,-2,-5,2
18082,18082,1503515877980,-2,8,-1,-3,0,0,0,0
18083,18083,1503515877988,4,-4,-8,-4,-2,-3,-3,0
18084,18084,1503515877995,3,9,6,1,-1,-1,-2,0
18085,18085,1503515878011,5,0,0,0,1,-1,0,2
18086,18086,1503515878018,0,-2,-4,-2,0,0,-1,-1
18087,18087,1503515878026,5,-7,-1,0,-2,0,2,1
18088,18088,1503515878040,-2,-3,-4,-1,-2,1,0,0
18089,18089,1503515878048,1,-1,-4,-1,-2,-2,0,-1
18090,18090,1503515878055,5,11,8,4,0,-2,-6,-4
18091,18091,1503515878071,-12,-11,3,2,3,1,2,0
18092,18092,1503515878078,-4,-12,-4,-1,-2,-2,-2,0
18093,18093,1503515878086,5,3,-5,-3,-2,-1,-2,-3
18094,18094,1503515878102,-5,-4,0,1,-1,-2,-2,-4
18095,18095,1503515878109,1,0,0,-1,-2,0,0,-1
18096,18096,1503515878115,2,0,-1,-2,-1,1,-4,0
18097,18097,1503515878116,11,21,-1,-1,1,0,0,1
18098,18098,1503515878133,-4,1,-1,-1,1,0,-2,-1
18099,18099,1503515878139,21,-3,-6,-2,-3,-4,0,2
18100,18100,1503515878146,2,41,31,7,3,0,0,1
18101,18101,1503515878160,1,0,-6,-4,-1,-2,0,-1
18102,18102,1503515878169,-21,-19,-12,-2,-2,-2,0,-3
18103,18103,1503515878176,2,-6,0,-2,-1,-1,-1,1
18104,18104,1503515878190,2,-4,-8,-4,-2,-3,0,0
18105,18105,1503515878198,-11,-26,-5,1,1,2,0,4
18106,18106,1503515878213,15,0,-4,-2,-4,-5,-1,-1
18107,18107,1503515878220,-2,4,-2,-4,-2,-1,-1,6
18108,18108,1503515878228,-16,7,8,-1,0,2,1,2
18109,18109,1503515878236,0,-14,-6,2,0,2,0,-4
18110,18110,1503515878251,3,-17,-13,-2,-2,-2,-1,0
18111,18111,1503515878258,-10,21,5,-2,-2,0,-1,-6
18112,18112,1503515878266,1,-7,1,-2,1,0,-1,-3
18113,18113,1503515878283,5,8,6,4,2,0,0,-4
18114,18114,1503515878288,-3,-6,-1,2,2,5,-4,-7
18115,18115,1503515878295,27,1,-2,0,-1,-2,-3,3
18116,18116,1503515878311,-2,-1,1,1,-1,-1,-1,0
18117,18117,1503515878318,-15,6,6,1,-1,-1,-1,-5
18118,18118,1503515878326,-2,-19,-9,-2,-2,-1,-1,-1
18119,18119,1503515878340,-2,2,-7,-5,-3,-3,-2,-1
18120,18120,1503515878348,1,1,7,0,0,-3,-2,-7
18121,18121,1503515878355,-6,-6,-7,-4,-1,0,2,4
18122,18122,1503515878378,-4,14,-4,-5,-5,-2,-1,0
18123,18123,1503515878379,0,5,10,4,-1,-3,-6,-6
18124,18124,1503515878386,-2,-10,-6,-2,0,0,-2,-3
18125,18125,1503515878400,-4,-9,-3,-3,0,-1,0,4
18126,18126,1503515878408,4,17,12,1,-1,0,7,22
18127,18127,1503515878415,-18,-9,10,1,-3,-5,-10,-12
18128,18128,1503515878431,11,-3,-7,0,2,3,5,2
18129,18129,1503515878438,17,12,9,2,2,2,3,4
18130,18130,1503515878447,8,-25,-9,-1,0,-1,-4,-1
18131,18131,1503515878460,8,-5,-8,-2,2,-1,2,-3
18132,18132,1503515878468,-11,2,-1,-3,-3,-4,-2,-6
18133,18133,1503515878476,-5,4,-1,-1,-3,-1,-1,1
18134,18134,1503515878490,-2,2,-3,0,-2,-1,-3,-5
18135,18135,1503515878498,-1,0,-8,0,-2,1,1,2
18136,18136,1503515878506,7,0,-1,1,0,0,-4,-3
18137,18137,1503515878521,2,9,-7,-1,1,0,1,-1
18138,18138,1503515878528,-12,-2,-5,-2,0,-2,2,3
18139,18139,1503515878538,-1,0,-1,-1,-1,-2,6,3
18140,18140,1503515878551,-5,-1,3,0,-1,0,-1,0
18141,18141,1503515878558,-17,-9,-2,-2,-2,-1,-3,1
18142,18142,1503515878566,-33,-16,-3,-1,0,1,1,-5
18143,18143,1503515878581,1,-2,1,0,-1,0,0,0
18144,18144,1503515878588,-15,-15,-6,1,1,0,-9,-9
18145,18145,1503515878595,-41,-40,-7,-5,0,-4,-2,-5
18146,18146,1503515878611,21,18,12,1,-2,-3,-1,1
18147,18147,1503515878618,3,-1,-5,-2,0,6,5,0
18148,18148,1503515878626,6,14,9,3,0,1,3,4
18149,18149,1503515878642,37,1,-4,0,-1,-1,-6,-13
18150,18150,1503515878650,16,-3,-6,-4,-4,-5,-1,-7
18151,18151,1503515878655,-11,-15,-6,-2,0,0,2,-5
18152,18152,1503515878672,-16,-21,-10,-4,0,2,0,3
18153,18153,1503515878678,4,6,3,2,-1,-1,-3,-1
18154,18154,1503515878686,-4,-5,-2,-1,-1,-2,1,0
18155,18155,1503515878700,60,34,10,4,-1,-3,0,6
18156,18156,1503515878710,7,5,-2,-3,-1,-2,0,0
18157,18157,1503515878716,-18,-12,-6,-1,-1,-1,5,2
18158,18158,1503515878730,5,10,-2,-3,3,17,-1,-2
18159,18159,1503515878739,-3,0,0,-5,-1,1,0,-3
18160,18160,1503515878753,8,9,-2,-5,-6,-1,-1,0
18161,18161,1503515878760,-1,-9,-5,-3,-5,14,6,2
18162,18162,1503515878768,-6,11,6,2,-2,-8,0,-2
18163,18163,1503515878782,-8,-17,-8,-2,0,-1,-1,-1
18164,18164,1503515878790,8,-4,0,2,3,-3,1,1
18165,18165,1503515878798,-15,-6,0,-1,-1,-6,-5,-3
18166,18166,1503515878814,38,2,-3,-2,-3,-7,-4,-2
18167,18167,1503515878820,22,28,11,2,1,-5,-5,3
18168,18168,1503515878828,17,15,7,11,7,4,4,4
18169,18169,1503515878844,2,11,3,11,10,-5,-2,-5
18170,18170,1503515878851,-21,-8,-4,-8,-6,10,-1,-4
18171,18171,1503515878858,-25,-10,-4,-2,-3,-1,-1,2
18172,18172,1503515878874,-16,-5,0,-2,0,1,-1,-2
18173,18173,1503515878881,-21,-18,-5,-7,-4,-2,-2,-4
18174,18174,1503515878888,6,-18,-1,0,0,-7,-4,1
18175,18175,1503515878902,-11,2,-2,-5,-2,-1,0,-1
18176,18176,1503515878911,32,33,6,4,1,-3,-1,1
18177,18177,1503515878918,15,8,1,0,-3,0,-1,5
18178,18178,1503515878933,-23,-4,-3,-1,-2,-8,-3,0
18179,18179,1503515878940,17,14,5,2,0,-2,-2,-2
18180,18180,1503515878948,-8,-9,-7,0,-1,-3,-8,0
18181,18181,1503515878962,-10,-14,-4,-2,0,-4,-8,-4
18182,18182,1503515878970,-13,-1,1,-1,0,-2,2,0
18183,18183,1503515878971,14,5,1,-1,-2,0,1,-2
18184,18184,1503515878978,10,7,5,0,-2,-2,-1,1
18185,18185,1503515878993,-29,8,0,-7,-2,0,3,-3
18186,18186,1503515879000,-33,64,27,2,0,-1,-1,0
18187,18187,1503515879008,0,-54,-18,-4,-3,-2,-3,-2
18188,18188,1503515879022,-38,-36,-14,-3,0,-2,-3,-5
18189,18189,1503515879030,5,4,2,1,0,-1,0,0
18190,18190,1503515879045,-18,-26,-10,1,0,0,-2,-3
18191,18191,1503515879053,10,3,1,0,-1,-2,3,1
18192,18192,1503515879060,-1,-5,-1,1,-1,0,0,0
18193,18193,1503515879068,18,3,-3,0,-1,-3,-4,-1
18194,18194,1503515879082,13,1,-8,-6,-2,0,2,2
18195,18195,1503515879090,-16,7,-2,-5,-1,1,5,-3
18196,18196,1503515879098,5,-22,-21,-8,-3,-1,5,-2
18197,18197,1503515879114,-17,-20,-1,2,2,1,-1,1
18198,18198,1503515879121,41,-10,2,3,0,-1,-1,2
18199,18199,1503515879128,-2,13,6,0,-1,0,-1,-3
18200,18200,1503515879150,-3,6,1,-3,-2,0,-2,1
18201,18201,1503515879151,22,-5,1,4,4,1,1,4
18202,18202,1503515879158,-11,0,3,-2,-3,-2,-2,-2
18203,18203,1503515879175,-10,3,-2,-1,0,0,-2,-4
18204,18204,1503515879181,7,-13,3,-2,-2,1,-2,3
18205,18205,1503515879188,-12,2,4,1,-2,-1,-5,0
18206,18206,1503515879202,3,-18,-5,0,2,-3,1,-3
18207,18207,1503515879211,-7,30,7,0,-1,-1,-4,-1
18208,18208,1503515879218,-15,-2,1,5,1,-1,-2,-4
18209,18209,1503515879233,3,-4,1,-3,-2,-2,1,0
18210,18210,1503515879242,1,13,8,3,3,3,2,-1
18211,18211,1503515879255,-12,-9,-10,-5,-1,-1,-1,-1
18212,18212,1503515879256,-41,-23,-3,0,-1,-2,-2,-9
18213,18213,1503515879262,10,9,-1,-1,0,-1,-2,2
18214,18214,1503515879270,-17,7,-3,0,-1,-1,2,0
18924,18924,1503515886155,3,19,2,4,1,-2,0,-1
18925,18925,1503515886156,-6,-19,-9,-1,0,-1,-3,1
18926,18926,1503515886171,-5,-10,-5,-3,-2,0,-2,-3
18927,18927,1503515886179,-4,-4,-2,-2,-1,-1,-2,1
18928,18928,1503515886193,1,-8,-4,-1,-3,0,-1,1
18929,18929,1503515886200,2,1,1,0,-2,-1,-2,-2
18930,18930,1503515886210,4,-1,-1,1,2,2,0,2
18931,18931,1503515886223,-12,4,4,1,0,0,-2,-3
18932,18932,1503515886231,13,-11,-6,-5,-3,-1,-2,-3
18933,18933,1503515886237,-9,-4,-3,-1,0,-1,-2,-5
18934,18934,1503515886254,-5,-12,-6,-4,-1,0,-2,0
18935,18935,1503515886260,-6,-2,1,0,-1,-2,-1,-1
18936,18936,1503515886268,0,-7,-3,-1,2,-1,2,1
18937,18937,1503515886283,0,-5,-4,-3,-5,-1,0,0
18938,18938,1503515886290,0,-3,-4,-2,-1,0,-1,2
18939,18939,1503515886291,-6,-2,0,-1,-1,-3,-4,-3
18940,18940,1503515886297,-1,-3,-2,-3,-1,1,-1,-3
18941,18941,1503515886314,-3,3,-1,-3,-2,-1,0,-2
18942,18942,1503515886320,7,5,6,7,2,1,0,-1
18943,18943,1503515886328,-13,-1,-3,-1,-3,0,-2,-3
18944,18944,1503515886343,-5,-5,-6,-4,-2,-2,-1,0
18945,18945,1503515886357,1,-7,2,1,1,1,0,4
18946,18946,1503515886358,1,-19,-7,2,-1,0,1,2
18947,18947,1503515886373,6,0,2,1,-1,-1,-2,0
18948,18948,1503515886382,-1,4,2,-2,0,-1,-2,-1
18949,18949,1503515886388,-5,-1,1,0,0,0,1,-2
18950,18950,1503515886403,1,5,-3,-1,2,3,0,2
18951,18951,1503515886411,3,11,1,0,0,-2,-3,-1
18952,18952,1503515886419,2,0,0,-3,0,-1,1,1
18953,18953,1503515886433,-2,-2,0,-5,-3,-1,-1,-3
18954,18954,1503515886440,3,1,2,0,0,-1,0,1
18955,18955,1503515886450,-2,0,-4,-2,-2,-1,0,-3
18956,18956,1503515886463,7,10,1,-4,-3,-6,-4,-4
18957,18957,1503515886471,-1,0,0,1,0,-2,2,-3
18958,18958,1503515886478,-12,-4,2,0,-1,0,-1,-2
18959,18959,1503515886493,11,3,0,-3,-3,-1,1,1
18960,18960,1503515886500,-4,-4,-3,-4,-2,0,0,-2
18961,18961,1503515886509,-8,-8,-10,-1,0,-1,-5,-6
18962,18962,1503515886523,6,1,6,3,1,-3,0,2
18963,18963,1503515886531,2,-2,0,3,1,0,1,5
18964,18964,1503515886538,-3,0,-3,-1,-2,-1,-4,-6
18965,18965,1503515886554,-2,-6,-4,-3,-2,-2,-5,-6
18966,18966,1503515886567,2,5,3,3,2,3,0,1
18967,18967,1503515886569,-1,4,3,-1,-1,2,0,0
18968,18968,1503515886583,1,-1,-4,-3,0,-1,-1,-1
18969,18969,1503515886596,7,9,8,2,2,0,0,3
18970,18970,1503515886599,-12,-6,-3,-3,-1,-2,-2,-3
18971,18971,1503515886614,-10,-4,-3,-5,-3,-2,-2,0
18972,18972,1503515886621,4,5,-2,1,3,1,0,1
18973,18973,1503515886629,-3,-3,-4,-1,-1,-2,-3,-3
18974,18974,1503515886645,-2,0,-4,-2,0,0,1,-4
18975,18975,1503515886652,-4,-5,-4,-1,2,0,-2,-2
18976,18976,1503515886658,-4,-5,-2,-1,-3,-1,1,-1
18977,18977,1503515886673,0,3,1,-2,-3,0,-1,4
18978,18978,1503515886680,-2,-7,-2,0,-1,0,-5,-4
18979,18979,1503515886695,-20,-6,0,0,0,-1,-1,-4
18980,18980,1503515886703,20,7,3,-2,-3,-2,-2,-1
18981,18981,1503515886719,8,3,4,0,-2,0,-1,0
18982,18982,1503515886720,-5,1,-2,-3,-2,-2,0,1
18983,18983,1503515886733,2,4,11,1,-1,2,0,2
18984,18984,1503515886740,2,-1,-1,1,-1,-1,-3,-5
18985,18985,1503515886749,-3,2,-6,0,-3,-2,0,-4
18986,18986,1503515886763,3,1,-5,0,-1,0,-5,-2
18987,18987,1503515886771,2,-2,-1,-3,0,-4,0,0
18988,18988,1503515886780,4,0,-2,-2,-2,-2,-3,0
18989,18989,1503515886781,-6,-6,-5,-2,-3,-1,3,5
18990,18990,1503515886793,5,3,0,-1,0,-1,-1,2
18991,18991,1503515886800,-7,-4,0,-1,-5,-3,-4,-1
18992,18992,1503515886808,10,6,1,3,6,0,4,1
18993,18993,1503515886823,-2,0,-1,-1,3,2,1,0
18994,18994,1503515886831,-4,-1,2,1,-2,-1,-2,-2
18995,18995,1503515886837,10,11,10,3,1,1,-1,2
18996,18996,1503515886854,3,-6,-6,0,-2,1,0,-1
18997,18997,1503515886860,-5,-4,-4,-1,2,1,1,-2
18998,18998,1503515886861,-7,-6,-7,-4,1,-1,2,0
18999,18999,1503515886868,2,-1,1,0,0,-1,0,-1
19000,19000,1503515886883,-5,-10,-5,-1,0,-3,1,-2
19001,19001,1503515886891,-6,-4,-6,-1,1,2,2,-4
19002,19002,1503515886897,4,1,-1,-2,-2,-5,-5,-3
19003,19003,1503515886898,-2,5,6,-3,-4,-1,-2,0
19004,19004,1503515886913,0,-1,-1,1,1,2,2,3
20144,20144,1503515898072,-2,2,8,2,-4,0,-2,2
20145,20145,1503515898080,-2,-9,-1,0,-7,-1,-2,-2
20146,20146,1503515898087,-1,-4,-6,-8,-12,-4,0,0
20147,20147,1503515898103,2,0,-2,2,5,-13,-1,1
20148,20148,1503515898110,-3,-2,0,4,7,2,0,-1
20149,20149,1503515898118,8,9,2,-1,-6,4,0,1
20150,20150,1503515898132,6,-2,2,5,7,0,3,0
20151,20151,1503515898141,-2,-4,2,1,-15,2,-5,0
20152,20152,1503515898147,-8,-11,-10,-5,0,1,-1,-4
20153,20153,1503515898162,0,9,5,-4,-3,-1,-1,-3
20154,20154,1503515898170,-6,-6,-5,11,0,-1,-2,-1
20155,20155,1503515898178,9,10,1,-2,-2,-1,1,2
20156,20156,1503515898179,-1,8,13,-1,7,4,0,2
20157,20157,1503515898192,0,0,-5,-6,0,1,1,-1
20158,20158,1503515898202,0,-2,-3,3,0,1,-3,-17
20159,20159,1503515898208,4,0,2,0,-2,0,2,1
20160,20160,1503515898222,-1,0,-3,0,-2,-1,1,6
20161,20161,1503515898229,-3,-5,-1,-2,-3,-2,0,-1
20162,20162,1503515898246,-2,-16,-14,-3,-2,-2,-1,0
20163,20163,1503515898252,12,23,27,5,0,0,-1,-2
20164,20164,1503515898269,-4,3,-4,-1,-2,0,-1,-2
20165,20165,1503515898270,9,21,16,1,-4,-4,-3,0
20166,20166,1503515898282,-4,-17,-14,-7,-5,-5,-5,-3
20167,20167,1503515898289,-3,9,12,4,5,1,2,7
20168,20168,1503515898298,-2,3,2,-1,-2,1,3,-6
20169,20169,1503515898312,-3,-13,-13,-5,-5,-1,1,-3
20170,20170,1503515898320,9,7,0,-2,-1,5,3,10
20171,20171,1503515898337,-4,-11,-12,-4,-2,-1,-1,3
20172,20172,1503515898342,2,7,5,1,-1,3,2,0
20173,20173,1503515898350,-7,-5,-6,0,-3,2,1,-1
20174,20174,1503515898365,-3,0,4,3,0,-2,-4,-3
20175,20175,1503515898372,2,-7,-4,2,4,-3,-5,2
20176,20176,1503515898380,5,3,3,4,2,9,2,2
20177,20177,1503515898394,6,6,-4,-6,-1,0,-1,0
20178,20178,1503515898403,-2,-7,-1,-1,16,0,-1,-1
20179,20179,1503515898410,-5,-5,-5,-2,-14,-2,-1,-2
20180,20180,1503515898426,-4,-5,-4,2,25,6,-1,-6
20181,20181,1503515898432,-6,-5,-2,-1,-5,0,2,2
20182,20182,1503515898441,2,0,-1,-2,-13,-8,-2,0
20183,20183,1503515898454,5,-2,-5,-3,7,0,1,0
20184,20184,1503515898462,2,2,3,2,-3,-1,-2,-3
20185,20185,1503515898471,10,-12,-7,-2,-1,-1,-8,20
20186,20186,1503515898485,-2,2,2,0,-6,-4,-6,-20
20187,20187,1503515898492,-3,-3,-3,0,4,-1,0,-12
20188,20188,1503515898500,9,-2,-1,1,-4,1,4,11
20189,20189,1503515898514,-2,-2,-3,0,-7,0,-4,-10
20190,20190,1503515898522,-9,-4,0,-3,-6,-3,2,4
20191,20191,1503515898529,-12,-3,-2,-2,3,0,0,-15
20192,20192,1503515898545,7,1,0,4,9,1,-2,4
20193,20193,1503515898552,-24,-3,2,8,-3,-2,-6,7
20194,20194,1503515898560,-4,2,-3,-4,-9,-6,-2,5
20195,20195,1503515898574,-29,-10,-5,-4,2,-3,-3,-2
20196,20196,1503515898582,12,30,16,1,-3,-3,0,-6
20197,20197,1503515898589,-3,1,-7,-5,0,-1,-2,-8
20198,20198,1503515898605,-16,-18,-9,-6,-6,0,-4,-6
20199,20199,1503515898613,-3,-5,-1,2,2,0,-3,-1
20200,20200,1503515898614,38,18,4,-4,1,0,0,3
20201,20201,1503515898621,-7,-2,0,2,-1,0,1,3
20202,20202,1503515898634,-17,-5,1,-1,3,13,2,-14
20203,20203,1503515898642,0,4,-5,-2,1,2,3,4
20204,20204,1503515898649,9,5,2,2,0,1,4,9
20205,20205,1503515898665,-31,-1,3,-2,0,1,-4,-22
20206,20206,1503515898672,6,0,-4,-4,-2,-7,-3,-34
20207,20207,1503515898681,15,-7,-3,-1,-3,-5,-4,-23
20208,20208,1503515898694,-14,-2,-2,-2,-3,-6,1,10
20209,20209,1503515898702,-7,-9,-2,-1,-1,2,2,18
20210,20210,1503515898711,0,-3,-2,-2,1,-3,1,2
20211,20211,1503515898725,15,3,0,2,-1,-2,-4,-1
20212,20212,1503515898732,13,38,20,3,-1,-2,1,13
20213,20213,1503515898740,2,-8,-18,-5,-2,-2,0,4
20214,20214,1503515898754,8,-10,-8,-2,-2,-2,-8,-35
20215,20215,1503515898762,4,1,-2,-1,3,-1,0,-8
20216,20216,1503515898772,-2,-12,-6,-2,-3,-1,5,37
20217,20217,1503515898785,19,-4,-1,-2,1,0,2,24
20218,20218,1503515898792,-1,-2,3,-1,1,14,-5,-31
20219,20219,1503515898800,1,5,3,0,-2,0,6,32
20220,20220,1503515898815,-1,-6,-3,0,1,2,3,12
20221,20221,1503515898822,-3,0,6,2,0,1,1,-10
20222,20222,1503515898829,0,-13,-4,-2,1,-6,-1,-5
20223,20223,1503515898845,-32,9,4,-2,-3,-4,1,0
20224,20224,1503515898852,11,-14,-7,-2,-1,-6,-2,-1
20225,20225,1503515898860,-2,-13,-10,-3,-2,3,-8,-5
20226,20226,1503515898874,21,-7,-10,-6,-3,-7,-3,-27
20227,20227,1503515898882,5,-10,-6,-3,-4,-2,2,7
20228,20228,1503515898889,0,6,3,2,1,-2,1,21
20229,20229,1503515898906,3,5,5,2,2,1,1,-12
20230,20230,1503515898912,22,12,3,0,-2,11,-2,9
20231,20231,1503515898920,-8,-4,1,2,0,-2,-4,-10
20232,20232,1503515898934,-15,-4,-3,2,-3,-2,0,8
20233,20233,1503515898942,11,2,-2,-1,-1,-2,-1,3
20234,20234,1503515898950,-14,0,0,-1,-1,-2,-1,-2
20235,20235,1503515898964,-11,4,1,1,1,-2,4,36
20236,20236,1503515898973,23,7,0,-2,-1,-3,-3,21
20237,20237,1503515898980,52,9,-1,-3,-3,-1,-2,1
20238,20238,1503515898994,-10,-6,-3,0,0,-3,-3,-8
20239,20239,1503515899002,-16,-3,0,0,-13,-35,2,-3
20240,20240,1503515899010,-5,-5,0,2,3,6,3,-8
20241,20241,1503515899024,-24,-12,-1,-1,-11,9,-6,-23
20242,20242,1503515899032,-13,0,0,-2,-12,-10,-3,-1
20243,20243,1503515899042,14,-2,-5,-3,31,1,1,-1
20244,20244,1503515899043,-1,3,1,-2,-22,1,6,0
20245,20245,1503515899055,-6,0,0,-1,8,4,-6,-3
20246,20246,1503515899062,4,-3,-3,-1,-18,-1,7,-2
20247,20247,1503515899063,0,3,2,0,-3,10,-10,-6
20248,20248,1503515899070,-19,-5,0,-2,-2,3,6,-14
20249,20249,1503515899085,-13,2,0,-1,-7,-3,-4,-5
20250,20250,1503515899092,-6,-1,1,-2,-4,-6,-4,5
20251,20251,1503515899108,0,-15,-8,-1,5,5,2,-12
20252,20252,1503515899115,-2,4,5,2,4,-1,3,4
20253,20253,1503515899122,5,-1,-3,-2,0,-4,8,-8
20254,20254,1503515899123,4,14,6,1,11,1,-15,4
20255,20255,1503515899129,-7,-4,-5,0,28,3,2,-6
20256,20256,1503515899145,-7,-6,-2,0,6,-1,9,-4
20257,20257,1503515899152,7,2,2,-2,-9,-2,-1,8
20258,20258,1503515899160,26,9,0,0,8,1,-19,-3
20259,20259,1503515899175,18,2,-2,1,30,13,-4,-24
20260,20260,1503515899183,-15,-7,-2,0,6,0,6,12
20261,20261,1503515899189,-19,-6,-1,-1,-17,-4,6,-11
20262,20262,1503515899204,0,10,9,1,5,-4,-24,-5
20263,20263,1503515899212,14,22,-1,-1,-8,-6,7,28
20264,20264,1503515899220,3,-15,0,-4,-4,0,9,2
20265,20265,1503515899235,1,-12,-7,0,-7,-6,-8,-5
20266,20266,1503515899243,-21,-6,1,2,2,1,2,-19
20267,20267,1503515899256,-2,-7,-2,0,-3,-1,3,-17
20268,20268,1503515899264,-42,-11,-4,-2,2,0,4,-24
20269,20269,1503515899274,-33,-1,-1,-1,-5,-2,-1,-26
20270,20270,1503515899287,8,1,-7,-2,0,-2,0,3
20271,20271,1503515899294,0,4,-1,-2,-5,-3,-1,15
20272,20272,1503515899302,-3,7,3,0,3,1,5,0
20273,20273,1503515899317,-12,36,28,2,-2,0,3,31
20274,20274,1503515899324,14,-6,-7,-2,-2,2,8,25
20275,20275,1503515899332,5,-20,-7,-2,-5,-4,0,20
20276,20276,1503515899347,6,14,7,2,3,1,6,-15
20277,20277,1503515899355,-37,-9,-12,-3,-2,-1,-9,-28
20278,20278,1503515899362,5,-22,-6,-2,-4,-2,0,1
20279,20279,1503515899377,13,-7,-5,-2,-6,-3,-16,-58
20280,20280,1503515899384,-1,6,-4,0,1,1,6,1
20281,20281,1503515899392,10,-3,-2,-2,0,-2,5,18
20282,20282,1503515899415,-2,-4,0,-2,-4,-1,0,7
20283,20283,1503515899416,10,-11,-3,1,0,0,5,15
20284,20284,1503515899422,-10,11,10,3,-1,1,4,21
20285,20285,1503515899436,11,11,-2,-1,-1,2,1,-10
20286,20286,1503515899445,6,-6,-7,-1,0,0,1,-2
20287,20287,1503515899452,11,-8,1,2,1,-4,-11,2
20288,20288,1503515899467,-13,2,-3,-1,0,-2,-8,-12
21057,21057,1503515906967,-3,-7,0,-1,-2,-3,1,-2
21058,21058,1503515906974,1,-3,1,0,-1,-3,-2,-2
21059,21059,1503515906982,6,0,-1,-2,-1,0,-1,2
21060,21060,1503515906997,0,-5,1,3,1,1,-1,-1
21061,21061,1503515907005,-4,-3,6,3,1,-1,2,-3
21062,21062,1503515907013,-7,-21,-6,-3,-3,0,-1,-2
21063,21063,1503515907027,5,39,13,2,1,0,0,-1
21064,21064,1503515907034,7,-2,-9,-2,-4,-1,-1,0
21065,21065,1503515907042,-2,-7,-3,0,-1,0,-1,1
21066,21066,1503515907057,3,11,1,0,0,-1,-1,2
21067,21067,1503515907065,2,-9,3,0,-1,-1,0,0
21068,21068,1503515907072,-11,-7,-3,0,1,0,-1,-3
21069,21069,1503515907087,-11,9,1,2,3,-2,1,0
21070,21070,1503515907094,-9,-7,-5,-3,-2,-2,-2,-2
21071,21071,1503515907102,-3,5,0,-3,-3,1,2,-1
21072,21072,1503515907117,-1,7,1,0,0,1,-5,-1
21073,21073,1503515907125,2,-4,-5,-1,-2,0,-3,-5
21074,21074,1503515907132,10,-8,-1,-3,-2,-2,-1,-1
21075,21075,1503515907148,-3,-7,0,1,0,-1,1,0
21076,21076,1503515907156,11,19,4,2,1,1,1,1
21077,21077,1503515907170,0,-8,-9,-3,-1,0,-1,-3
21078,21078,1503515907176,41,-2,-1,1,-1,-2,0,3
21079,21079,1503515907192,9,1,0,-1,-1,-2,-2,-2
21080,21080,1503515907193,-17,-13,-4,-1,-1,-1,-1,-3
21081,21081,1503515907207,1,3,4,-3,-1,0,-1,2
21082,21082,1503515907214,-8,-1,1,-2,-1,-2,0,-2
21083,21083,1503515907223,-6,-3,-1,0,-2,-3,0,-3
21084,21084,1503515907237,-14,-5,-5,0,-2,-1,0,-3
21085,21085,1503515907245,8,0,0,-1,-1,-1,0,2
21086,21086,1503515907252,-6,-24,-8,-3,-1,0,-1,-2
21087,21087,1503515907267,0,-6,4,4,-2,-1,2,-1
21088,21088,1503515907274,-1,-6,-4,-1,0,-2,1,-1
21089,21089,1503515907282,-3,-2,-8,-7,-2,-1,-4,1
21090,21090,1503515907297,3,-4,-2,-3,-3,-2,-1,-2
21091,21091,1503515907305,8,12,0,-1,0,-1,1,1
21092,21092,1503515907312,-9,8,4,-1,0,2,-1,0
21093,21093,1503515907327,-7,0,3,4,1,-2,-2,-3
21094,21094,1503515907334,8,7,1,0,0,0,2,5
21095,21095,1503515907342,-10,-10,-1,-3,-1,-2,-3,-7
21096,21096,1503515907357,-3,12,6,2,0,-3,-6,-2
21097,21097,1503515907365,5,-24,-16,-4,-2,0,-3,2
21098,21098,1503515907372,-9,-8,-5,-5,-2,0,4,2
21099,21099,1503515907387,11,-2,1,-2,0,-3,-2,-6
21100,21100,1503515907394,-7,-9,-5,-1,1,1,-1,-4
21101,21101,1503515907402,-9,-3,-7,-5,-1,1,3,0
21102,21102,1503515907417,6,8,5,4,0,0,-2,0
21103,21103,1503515907425,3,12,3,3,0,-2,-1,2
21104,21104,1503515907433,7,-9,-2,-4,-2,-4,0,-4
21105,21105,1503515907449,-9,9,8,1,-1,-1,0,1
21106,21106,1503515907454,9,4,-3,-1,-2,-2,-1,0
21107,21107,1503515907462,-13,-1,-2,0,1,-1,-3,-2
21108,21108,1503515907476,3,33,16,1,0,1,-1,2
21109,21109,1503515907485,0,-3,2,-1,-3,0,-1,0
21110,21110,1503515907492,-3,-2,-2,-3,-1,-1,0,-2
21111,21111,1503515907507,-1,0,-1,-1,-1,-3,-6,0
21112,21112,1503515907516,-5,-2,6,2,-2,-2,1,-2
21113,21113,1503515907522,-7,-14,-11,-3,-2,-1,0,0
21114,21114,1503515907523,4,-12,-17,-3,-3,-1,1,-1
21115,21115,1503515907537,14,0,-4,-3,-2,-3,-2,0
21116,21116,1503515907545,-21,-9,-5,-1,0,-1,-1,-4
21117,21117,1503515907552,-15,-8,-4,-2,-4,-22,-6,-5
21118,21118,1503515907567,2,7,7,-1,0,1,-2,0
21119,21119,1503515907574,-7,-8,-1,-2,-1,7,-1,-2
21120,21120,1503515907584,-2,0,3,2,-1,-4,3,-3
21121,21121,1503515907597,4,-1,-6,-3,-2,3,2,0
21624,21624,1503515912479,-4,-2,-4,-2,-1,-2,0,-1
21625,21625,1503515912487,-5,-10,1,0,0,-2,-3,-1
21626,21626,1503515912501,-5,-7,-4,-1,-1,-1,0,-2
21627,21627,1503515912510,5,-1,5,0,-1,0,-2,-1
21628,21628,1503515912517,-6,3,-3,0,0,1,-3,-2
21629,21629,1503515912531,-5,-17,-10,-2,-2,0,1,-1
21630,21630,1503515912540,9,-5,-6,0,-2,-2,-1,0
21631,21631,1503515912548,-1,11,1,0,0,-1,2,1
21632,21632,1503515912561,-11,-15,-6,-4,-2,0,0,-3
21633,21633,1503515912562,8,6,1,0,1,-2,-3,2
21634,21634,1503515912569,0,-15,-7,-3,-2,-1,0,-3
21635,21635,1503515912577,-13,-7,-3,-3,-1,-1,-2,-2
21636,21636,1503515912591,15,-3,-1,0,1,1,0,2
21637,21637,1503515912599,-2,-1,-1,-2,1,-2,1,-1
21638,21638,1503515912608,-11,-7,-5,0,1,0,-4,-1
21639,21639,1503515912621,5,5,0,-3,-2,-1,-5,-1
21640,21640,1503515912629,-4,-8,-2,-2,-2,-4,-1,-2
21641,21641,1503515912636,2,2,1,0,0,-1,0,-3
21642,21642,1503515912651,-3,14,4,0,-1,0,-1,-1
21643,21643,1503515912660,-4,-10,-6,-3,-1,-2,2,-5
21644,21644,1503515912667,-4,-2,1,-1,-2,-1,-2,0
21645,21645,1503515912682,-1,0,-1,-3,-1,1,0,-1
21646,21646,1503515912689,8,3,1,-1,-1,-2,-4,1
21647,21647,1503515912696,11,9,1,0,1,0,2,2
21648,21648,1503515912712,0,7,6,3,0,-1,-7,-3
21649,21649,1503515912719,-1,-2,-1,0,0,-1,2,4
21650,21650,1503515912727,-3,-5,-4,-1,-1,-1,-1,-7
21651,21651,1503515912742,-1,-1,-1,-2,-2,-1,-2,-2
21652,21652,1503515912750,-2,-10,-8,-1,1,1,-1,4
21653,21653,1503515912756,-4,-11,-3,-2,-1,0,-5,-3
21654,21654,1503515912771,8,-1,-4,1,0,1,4,2
21655,21655,1503515912780,0,30,11,3,2,-1,1,1
21656,21656,1503515912787,2,-5,-5,-3,-4,-2,0,-2
21657,21657,1503515912801,0,-4,-7,-3,1,0,0,2
21658,21658,1503515912802,2,-4,-4,-2,-4,-3,0,-3
21659,21659,1503515912810,-3,1,0,-2,-2,-1,4,-3
21660,21660,1503515912816,-5,-10,0,0,-1,1,-4,1
21661,21661,1503515912831,-10,-8,-2,-3,-1,-1,-2,-1
21662,21662,1503515912839,-1,-1,-1,1,-1,-2,-1,-3
21663,21663,1503515912847,-2,-7,-2,-2,-1,-3,-2,-3
21664,21664,1503515912861,9,30,17,3,1,1,0,-1
21665,21665,1503515912869,-7,-1,-1,0,-1,-1,0,-1
21666,21666,1503515912876,-10,-5,4,-1,-2,-1,-1,-4
21667,21667,1503515912891,-7,19,1,1,-1,0,2,0
21668,21668,1503515912899,-9,-15,-11,-3,-2,-2,0,-4
21669,21669,1503515912909,0,-2,-2,-1,-1,-1,-2,-2
21670,21670,1503515912921,4,-6,-5,-1,-2,0,0,27
21671,21671,1503515912929,2,-3,1,1,-1,-1,-1,-2
21672,21672,1503515912936,-3,-7,1,0,-1,-1,5,2
21673,21673,1503515912951,-11,0,-5,0,2,-2,-7,-14
21674,21674,1503515912952,2,-9,-1,-4,-1,-3,2,6
21675,21675,1503515912959,3,-1,0,0,0,0,8,-1
21676,21676,1503515912967,-1,-6,1,-1,-3,-2,-3,-10
21677,21677,1503515912982,6,-2,-4,-1,1,-1,-6,-8
21678,21678,1503515912989,-20,13,5,-1,1,0,-1,0
21679,21679,1503515912996,-8,-4,-3,-2,0,-1,-3,-2
21680,21680,1503515913011,-6,-7,-3,1,0,-4,0,0
21681,21681,1503515913012,15,-18,-11,-1,-1,-1,-1,1
21682,21682,1503515913019,10,12,13,-1,-1,0,-1,-9
21683,21683,1503515913027,-16,-10,-3,-1,-2,-2,-3,-15
21684,21684,1503515913044,-14,-13,-8,-2,1,1,3,-1
21685,21685,1503515913049,5,0,1,0,1,0,5,9
21686,21686,1503515913056,-1,7,-3,0,-2,-3,-4,-3
21687,21687,1503515913072,16,4,-3,-3,0,1,-3,1
21688,21688,1503515913079,-4,6,0,-1,-2,-1,-1,-4
21689,21689,1503515913087,-7,-10,-2,1,1,2,-1,7
21690,21690,1503515913101,9,15,3,-2,1,-2,-1,3
21691,21691,1503515913102,-3,-6,-7,-1,-1,-2,-4,-10
21692,21692,1503515913111,-7,2,4,2,1,2,3,10
21693,21693,1503515913117,-6,-7,-6,-2,0,1,-3,-2
21694,21694,1503515913132,0,0,-1,-4,-2,-1,-3,-28
21695,21695,1503515913139,10,-1,-3,-2,-3,0,-2,1
21696,21696,1503515913147,-4,-4,-7,-2,-1,-5,2,8
21697,21697,1503515913161,-19,-12,-7,-5,-3,-2,2,-6
21698,21698,1503515913169,10,-18,-12,-1,1,-3,-4,-1
21699,21699,1503515913178,37,24,7,0,1,0,-1,10
21700,21700,1503515913192,-18,-18,-7,-4,-2,-2,-1,-1
21701,21701,1503515913199,-5,-10,0,1,0,-1,-1,2
21702,21702,1503515913207,0,16,8,-1,0,-1,-1,-1
21703,21703,1503515913221,-12,0,-5,1,-1,-4,-4,-12
21704,21704,1503515913229,9,5,8,-4,-1,1,-1,4
21705,21705,1503515913244,15,-7,1,2,1,1,-1,0
21706,21706,1503515913252,4,8,1,1,-2,0,1,0
21707,21707,1503515913259,-14,-4,-4,0,0,1,1,-1
21708,21708,1503515913274,-15,16,4,3,0,0,-1,-1
21709,21709,1503515913281,-11,3,5,2,0,-1,-1,2
21710,21710,1503515913289,3,-4,-2,0,0,-2,-4,-4
21711,21711,1503515913304,2,31,10,1,0,-2,2,5
22511,22511,1503515921043,0,1,-5,-2,1,-1,-3,-4
22512,22512,1503515921044,-1,-1,2,0,1,-1,0,3
22513,22513,1503515921050,-9,-13,-2,-2,-5,0,-6,-6
22514,22514,1503515921059,-6,-9,-2,0,1,-1,-2,-5
22515,22515,1503515921073,4,16,3,-1,-1,-3,-1,0
22516,22516,1503515921082,-6,-6,3,-4,0,0,-3,-7
22517,22517,1503515921083,3,2,1,2,0,0,1,-1
22518,22518,1503515921089,4,-22,-12,-2,-2,1,2,1
22519,22519,1503515921104,-4,5,-4,-1,-1,1,-1,3
22520,22520,1503515921110,-1,-1,0,-1,-5,0,-1,-1
22521,22521,1503515921119,-2,-2,-4,-4,0,1,0,-1
22522,22522,1503515921133,1,1,0,-1,0,-2,3,2
22523,22523,1503515921141,0,0,-3,0,-1,-2,0,-3
22524,22524,1503515921150,3,4,2,-1,1,-2,0,2
22525,22525,1503515921163,-2,-2,-8,-6,0,-1,-4,-2
22526,22526,1503515921170,0,-9,0,0,1,0,2,2
22527,22527,1503515921178,2,-2,0,-4,-1,0,0,-2
22528,22528,1503515921194,-2,-1,2,1,-2,-1,-1,-5
22529,22529,1503515921201,1,4,4,0,-2,0,-2,1
22530,22530,1503515921208,-1,4,0,-1,-1,0,-2,-1
22531,22531,1503515921224,1,-6,0,2,-1,-2,-1,-1
22532,22532,1503515921230,0,3,2,-2,2,1,0,0
22533,22533,1503515921238,-2,3,-2,-1,0,0,-2,-1
22534,22534,1503515921253,-1,3,-4,-5,0,-1,2,-3
22535,22535,1503515921261,-1,-3,-2,0,-1,0,3,2
22536,22536,1503515921275,-3,-3,-4,-2,0,-3,-6,0
22537,22537,1503515921284,-2,-1,0,-3,-2,-4,2,-1
22538,22538,1503515921290,1,-3,0,2,-2,0,-3,1
22539,22539,1503515921298,1,1,-2,-1,-1,-3,-2,-2
22540,22540,1503515921313,-2,-5,0,1,-1,-2,-1,-3
22541,22541,1503515921322,6,9,3,-1,1,3,-2,0
22542,22542,1503515921323,2,16,8,1,1,0,0,-2
22543,22543,1503515921329,1,13,12,3,0,0,2,-2
22544,22544,1503515921343,-2,-4,-7,-3,-1,0,-1,-5
22545,22545,1503515921353,-2,-6,-4,0,-2,-2,-5,0
22546,22546,1503515921360,-3,-3,1,0,-1,0,-1,1
22547,22547,1503515921373,1,-5,-6,-4,0,-1,2,1
22548,22548,1503515921381,-2,-5,-5,-2,0,0,-4,0
22549,22549,1503515921390,-3,0,-1,1,-2,1,0,-2
22550,22550,1503515921403,1,-1,-1,-1,-1,-2,-2,-2
22551,22551,1503515921410,1,-2,0,2,1,0,-3,1
22552,22552,1503515921420,0,-2,2,-2,-4,-1,2,-2
22553,22553,1503515921433,1,-9,-7,-2,-1,-1,1,0
22554,22554,1503515921441,2,-2,-3,0,1,-1,2,1
22555,22555,1503515921448,0,-2,2,-1,-1,-2,-5,-4
22556,22556,1503515921464,-2,-7,-6,-2,0,0,-1,-3
22557,22557,1503515921470,-3,-5,-4,1,3,1,-1,-1
22558,22558,1503515921479,0,1,4,8,-2,0,0,1
22559,22559,1503515921493,-1,8,2,-3,-3,0,3,-1
22560,22560,1503515921501,-1,0,-1,-3,-1,0,3,2
22561,22561,1503515921508,0,0,-1,3,0,-2,0,1
22562,22562,1503515921524,-1,-4,-4,-2,-1,0,1,0
22563,22563,1503515921531,-5,0,-7,-3,-1,-2,-1,-3
22564,22564,1503515921539,2,5,1,1,1,-1,-2,2
22565,22565,1503515921554,-1,0,1,-3,-1,-1,-1,0
22566,22566,1503515921561,-1,0,-1,-1,0,0,-3,0
22567,22567,1503515921568,1,-3,-4,-3,-2,-1,-2,-1
22568,22568,1503515921586,1,0,-2,-4,-3,-2,-2,0
22569,22569,1503515921591,0,1,4,-1,0,1,-4,0
22570,22570,1503515921599,-2,-1,-1,-1,-1,-2,-2,-2
22571,22571,1503515921613,-2,-1,2,0,-1,2,0,-2
22572,22572,1503515921622,1,-1,5,2,1,-1,0,-2
22573,22573,1503515921635,0,2,2,1,0,-2,2,-1
22574,22574,1503515921643,-2,-2,-4,2,-1,-1,-2,-1
22575,22575,1503515921650,0,-3,-1,2,4,0,-1,-1
22576,22576,1503515921666,-4,-25,-10,-4,-1,0,1,1
22577,22577,1503515921673,-2,2,-2,-4,-5,-1,0,-5
22578,22578,1503515921681,0,2,7,5,1,1,-2,-2
22579,22579,1503515921696,-2,1,9,3,0,-3,-2,-1
22580,22580,1503515921703,-2,-3,-7,-6,-2,-1,0,-2
22581,22581,1503515921710,0,-4,-3,1,-2,1,-3,1
22582,22582,1503515921726,-2,6,2,0,-1,0,0,0
22583,22583,1503515921734,-2,0,-2,-2,-2,-2,-1,0
22584,22584,1503515921741,1,6,-1,-2,0,-1,-2,0
22585,22585,1503515921757,-1,-4,-6,-3,-1,0,1,1
22586,22586,1503515921764,0,3,2,0,-2,2,0,2
22587,22587,1503515921770,2,1,-4,-2,-1,-1,1,1
22588,22588,1503515921787,1,6,3,2,0,-2,-4,-2
22589,22589,1503515921793,-2,0,-3,-1,0,-1,-2,-5
22590,22590,1503515921801,1,-6,4,6,0,-1,-1,-2
22591,22591,1503515921815,1,4,7,1,0,0,1,3
22592,22592,1503515921824,-1,-1,-4,-4,-2,-2,-2,0
22593,22593,1503515921839,0,0,-1,1,-6,-1,-1,-1
22594,22594,1503515921846,1,2,-1,-2,2,1,1,0
22917,22917,1503515925019,-4,0,0,-1,1,1,3,-1
22918,22918,1503515925033,1,-1,-2,0,-3,0,-3,0
22919,22919,1503515925041,-2,5,3,6,1,0,-2,-2
22920,22920,1503515925048,0,1,-3,-5,1,-3,5,1
22921,22921,1503515925063,4,14,5,-1,-3,1,-9,-1
22922,22922,1503515925071,0,-7,-8,-3,-2,2,2,-4
22923,22923,1503515925086,0,-15,-9,-4,-4,0,0,0
22924,22924,1503515925093,-1,-14,-8,-2,-1,1,-5,0
22925,22925,1503515925101,-2,-14,-8,-2,-2,-1,0,-3
22926,22926,1503515925115,-4,3,1,-1,0,-2,1,-1
22927,22927,1503515925123,-1,-3,0,-2,0,-3,-4,0
22928,22928,1503515925132,-3,6,5,1,0,-1,1,-2
22929,22929,1503515925139,-2,3,1,-2,-2,-1,1,-1
22930,22930,1503515925153,2,-1,0,-1,3,2,-3,0
22931,22931,1503515925161,0,8,6,-1,-1,-3,3,-5
22932,22932,1503515925170,-3,-13,-9,-3,-2,-4,-15,-3
22933,22933,1503515925171,0,2,-4,0,-4,-2,5,2
22934,22934,1503515925183,0,1,-3,-2,1,-3,3,-1
22935,22935,1503515925191,-1,2,2,0,0,1,2,1
22936,22936,1503515925199,-4,-1,-3,0,-1,-1,-5,-2
22937,22937,1503515925213,-2,1,3,1,1,-2,-1,-3
22938,22938,1503515925221,5,18,0,-2,-2,-3,0,0
22939,22939,1503515925228,0,-3,4,1,0,-1,3,6
22940,22940,1503515925243,6,-11,-6,-1,-2,-2,2,9
22941,22941,1503515925251,-6,17,6,0,-1,0,1,-3
22942,22942,1503515925259,-3,-2,7,2,-1,-1,-8,-5
22943,22943,1503515925273,-12,-15,-5,-3,2,1,1,3
22944,22944,1503515925281,8,11,-1,-4,0,-2,-3,-5
22945,22945,1503515925288,19,1,-1,-2,-2,0,2,-2
22946,22946,1503515925307,-4,-13,-1,0,0,2,-8,-4
22947,22947,1503515925311,-7,2,-2,-2,-1,0,-5,-5
22948,22948,1503515925319,-3,-7,-4,-1,0,-1,8,6
22949,22949,1503515925333,-3,-7,-5,-2,-1,-5,-3,-2
22950,22950,1503515925345,-4,-2,-5,-1,0,0,5,6
22951,22951,1503515925349,9,11,1,0,-2,-2,-3,-3
22952,22952,1503515925363,-5,-9,-2,0,-1,1,3,-4
22953,22953,1503515925372,-8,-9,-2,-2,0,-1,-9,-11
22954,22954,1503515925386,-4,1,1,0,-1,-1,-5,-2
22955,22955,1503515925393,1,-1,-1,2,-1,-2,3,-4
22956,22956,1503515925401,-2,0,2,-2,0,-1,2,-8
22957,22957,1503515925415,-2,1,-2,-1,-1,-2,2,9
22958,22958,1503515925423,-3,-2,-2,0,-2,0,-4,16
22959,22959,1503515925439,-9,-3,0,-2,-1,1,1,-2
22960,22960,1503515925447,-9,-5,-1,-2,-1,-2,-4,-5
22961,22961,1503515925453,-7,-6,-4,0,0,-4,5,2
22962,22962,1503515925461,1,2,0,-2,0,-2,-2,-9
22963,22963,1503515925476,7,34,23,6,3,6,2,3
22964,22964,1503515925485,-2,3,7,4,1,3,-1,1
22965,22965,1503515925491,9,-9,-1,0,-2,-1,-10,0
22966,22966,1503515925506,3,4,0,-2,1,0,1,-6
22967,22967,1503515925513,0,11,-3,-3,-3,-2,-8,-16
22968,22968,1503515925521,-1,-5,-1,0,-1,-1,0,-3
22969,22969,1503515925535,-10,-14,-5,-3,-4,-2,1,6
22970,22970,1503515925543,4,-2,-3,0,-1,-4,1,-5
22971,22971,1503515925551,0,-5,-4,-1,0,-2,6,1
22972,22972,1503515925566,-5,4,-2,-2,0,0,-7,3
22973,22973,1503515925573,5,-4,-1,-1,-4,0,-2,-2
22974,22974,1503515925574,-23,-5,-8,-1,3,5,7,2
22975,22975,1503515925581,6,9,4,0,-5,-3,-5,-3
22976,22976,1503515925595,-2,-6,0,0,0,1,-2,-1
22977,22977,1503515925605,-5,0,0,-1,-1,-3,-4,-1
22978,22978,1503515925611,4,-6,-5,-4,-4,-2,2,-7
22979,22979,1503515925626,4,1,0,-3,0,0,9,-3
22980,22980,1503515925632,3,-3,-3,1,0,-2,1,14
22981,22981,1503515925641,3,-3,-3,0,-2,-1,-4,2
22982,22982,1503515925656,4,3,1,-2,-1,2,3,0
22983,22983,1503515925663,-2,0,2,1,1,1,1,-3
22984,22984,1503515925673,5,-6,-4,0,-2,-3,-2,1
22985,22985,1503515925686,-4,3,5,1,0,-2,-2,-2
22986,22986,1503515925693,0,1,-1,-3,-5,-3,-6,-5
22987,22987,1503515925701,-4,5,-5,-4,-2,-2,-3,-5
22988,22988,1503515925715,3,-9,0,1,-2,0,1,4
22989,22989,1503515925716,-1,17,5,0,0,-1,-4,-3
22990,22990,1503515925723,2,-19,-7,0,1,-2,2,1
22991,22991,1503515925731,-3,-15,-7,-3,-1,0,-5,-6
22992,22992,1503515925746,-1,-8,-6,-1,0,-1,3,1
22993,22993,1503515925753,0,8,0,1,0,-2,-3,-3
22994,22994,1503515925761,-3,-2,-1,-3,-2,2,-2,-1
22995,22995,1503515925775,0,-7,0,-1,-1,-2,-6,-3
22996,22996,1503515925783,0,4,2,2,0,0,0,0
22997,22997,1503515925791,-4,-2,-1,5,-2,2,1,-1
22998,22998,1503515925807,5,4,2,1,-2,1,-2,1
22999,22999,1503515925813,0,-5,-1,-4,-1,1,-2,0
23000,23000,1503515925821,-2,-10,-4,-2,-2,-3,-3,-2
23001,23001,1503515925835,7,6,8,-1,0,-1,-1,1
23451,23451,1503515930164,-4,-2,0,1,-1,-1,-1,-2
23452,23452,1503515930177,11,3,-2,-3,-1,-1,0,2
23453,23453,1503515930185,-3,-6,-6,-1,0,-2,0,1
23454,23454,1503515930194,-3,-4,-3,-1,-1,0,-1,-3
23455,23455,1503515930208,9,0,-4,-1,-1,0,-2,-2
23456,23456,1503515930215,-6,-6,-1,-1,-1,-2,1,-1
23457,23457,1503515930232,-5,-1,-1,0,0,-1,-1,-1
23458,23458,1503515930238,5,0,0,-1,0,-2,0,2
23459,23459,1503515930239,-2,-18,-7,-1,-2,-1,-1,-2
23460,23460,1503515930245,-7,-1,-2,-1,-1,0,0,-4
23461,23461,1503515930253,-2,-2,0,2,1,1,-3,-2
23462,23462,1503515930268,3,2,4,1,-1,-4,-1,-4
23463,23463,1503515930275,-25,-5,-3,-2,-2,-3,0,-1
23464,23464,1503515930283,-7,-4,-7,-2,-3,0,-1,0
23465,23465,1503515930284,6,-1,6,1,1,2,-2,0
23466,23466,1503515930298,6,6,3,-1,-1,0,-1,2
23467,23467,1503515930306,3,2,-2,-1,-1,0,1,4
23468,23468,1503515930313,2,-1,1,1,0,1,-1,0
23469,23469,1503515930331,-7,-4,-4,-2,0,0,0,-1
23470,23470,1503515930336,3,-3,-2,0,0,-2,0,3
23471,23471,1503515930344,4,7,-1,-1,1,-2,-2,1
23472,23472,1503515930357,-13,-8,2,-1,0,-1,0,-4
23473,23473,1503515930366,1,6,2,1,1,0,-3,-1
23474,23474,1503515930373,4,-1,-6,-4,-2,0,-1,-3
23475,23475,1503515930388,-7,-8,-2,-3,-3,-2,-1,-5
23476,23476,1503515930397,1,2,8,1,0,-2,0,-1
23477,23477,1503515930404,2,1,-4,-3,-1,-2,-2,0
23478,23478,1503515930417,6,-1,-4,-1,-2,1,1,-1
23479,23479,1503515930425,-1,-5,-4,-3,-1,-2,-1,-1
23480,23480,1503515930426,-1,-5,0,-1,-2,0,1,0
23481,23481,1503515930433,-1,1,-4,-2,-1,-1,-2,-4
23482,23482,1503515930448,-22,1,1,-1,-2,0,-1,-4
23483,23483,1503515930455,9,9,5,1,-1,-1,-2,2
23484,23484,1503515930464,-3,-17,-9,-2,0,-2,0,-2
23485,23485,1503515930477,10,18,-2,0,-1,-1,0,0
23486,23486,1503515930485,-7,-5,-3,-1,-1,-1,-2,0
23487,23487,1503515930493,3,-8,-4,0,-1,0,-2,-1
23488,23488,1503515930508,3,-2,-3,1,-2,-1,-8,-6
23489,23489,1503515930517,-4,-2,0,0,-2,-2,1,-1
23490,23490,1503515930523,2,0,-4,-2,0,-3,-1,1
23491,23491,1503515930524,6,6,-1,0,1,1,4,3
23492,23492,1503515930538,-9,-6,-2,-2,0,-3,-4,-5
23493,23493,1503515930546,-16,-5,-2,-1,0,0,0,-3
23494,23494,1503515930553,-6,-3,-4,-3,-2,1,-1,1
23495,23495,1503515930568,-7,-1,2,-1,-2,-1,0,-4
23496,23496,1503515930576,0,35,14,4,2,0,1,2
23497,23497,1503515930584,-1,-16,-10,-2,-1,0,0,1
23498,23498,1503515930599,2,-13,-4,2,-1,-2,-1,-1
23499,23499,1503515930607,11,0,-1,-1,-1,-4,0,-2
23500,23500,1503515930613,-8,-10,-3,-2,-1,0,-1,-6
23501,23501,1503515930628,2,11,6,1,0,2,-4,2
23502,23502,1503515930631,10,-2,-2,-1,0,-1,0,6
23503,23503,1503515930636,-23,-4,0,-2,0,0,-2,-22
23504,23504,1503515930650,20,10,0,1,0,-2,2,6
23505,23505,1503515930657,7,-9,-8,-5,-2,-2,1,7
23506,23506,1503515930666,-12,14,11,1,0,-2,-1,1
23507,23507,1503515930673,-12,-20,-4,0,0,0,1,3
23508,23508,1503515930688,3,-3,-4,-1,-1,1,1,2
23509,23509,1503515930697,12,3,5,1,-1,-2,-4,2
23510,23510,1503515930703,-2,18,10,5,0,-1,-1,3
23511,23511,1503515930704,-2,-7,-5,-2,-2,-2,-2,-4
23512,23512,1503515930717,2,-6,-6,-3,-2,0,1,4
23513,23513,1503515930725,-1,1,0,0,1,1,0,-4
23514,23514,1503515930735,-7,-7,-5,-1,0,-1,-1,5
23515,23515,1503515930748,31,12,1,0,-2,1,-3,0
23516,23516,1503515930755,8,-6,-5,-2,-2,1,1,-3
23517,23517,1503515930766,-2,4,13,4,2,-2,-5,-14
23518,23518,1503515930777,-1,5,1,0,0,-1,-3,-1
23519,23519,1503515930786,-3,-2,-4,0,-2,0,2,7
23520,23520,1503515930793,-4,-2,2,0,0,-1,-2,-1
23521,23521,1503515930808,4,7,-2,-1,0,0,-3,3
24317,24317,1503515938630,10,0,-5,-3,-1,0,2,2
24318,24318,1503515938638,-6,-3,-6,-5,-1,-1,1,0
24319,24319,1503515938646,-4,-4,-1,0,-2,-1,1,-6
24320,24320,1503515938660,-19,4,7,2,0,-1,-2,-2
24321,24321,1503515938668,-13,-2,-5,-3,-2,-2,-2,-2
24322,24322,1503515938676,23,76,20,0,1,2,3,4
24323,24323,1503515938690,-6,-49,-9,3,3,0,-1,0
24324,24324,1503515938697,1,-17,-9,-2,-2,-1,-2,1
24325,24325,1503515938706,18,11,-1,-4,-2,-2,-2,1
24326,24326,1503515938720,9,-6,-1,-2,-2,-3,-3,-2
24327,24327,1503515938728,-22,-17,-10,-3,-2,1,-2,-1
24328,24328,1503515938735,2,-9,7,5,1,0,1,-3
24329,24329,1503515938750,2,20,9,0,1,0,2,-3
24330,24330,1503515938757,-1,-17,-10,-5,0,0,-3,-2
24331,24331,1503515938766,-1,8,-1,2,3,1,-1,-3
24332,24332,1503515938781,-1,-26,-10,0,-2,-2,0,-2
24333,24333,1503515938788,-18,19,12,2,-1,-1,-3,-2
24334,24334,1503515938795,16,15,-6,-6,-4,-1,2,6
24335,24335,1503515938811,5,-13,-5,-3,-2,-2,-3,0
24336,24336,1503515938818,3,-4,1,0,0,1,0,-1
24337,24337,1503515938826,-7,-9,-5,-5,-2,2,0,0
24338,24338,1503515938841,-2,-7,-6,-6,-1,-2,-3,0
24339,24339,1503515938848,4,0,-4,-1,-2,-1,-4,-6
24340,24340,1503515938855,-16,-15,-5,-3,-1,-3,-1,-4
24341,24341,1503515938873,3,5,-3,-3,0,0,2,0
24342,24342,1503515938878,-6,-15,-7,-2,-1,2,2,-1
24343,24343,1503515938886,9,-6,-2,-2,-1,0,2,2
24344,24344,1503515938900,-5,0,3,0,-1,0,-1,1
24345,24345,1503515938908,21,35,6,4,2,0,1,3
24346,24346,1503515938915,0,-1,-4,-1,0,-1,-2,-3
24347,24347,1503515938931,-11,-17,0,1,-1,-1,-3,-5
24348,24348,1503515938940,15,0,-3,-5,-3,-3,-2,0
24349,24349,1503515938946,0,7,6,1,0,-3,-3,1
24350,24350,1503515938960,-7,-2,4,4,1,0,2,5
24351,24351,1503515938968,-3,3,1,2,-1,-1,0,-3
24352,24352,1503515938975,6,-7,-12,-7,-1,-1,0,0
24353,24353,1503515938991,3,-22,-6,2,2,0,-1,1
24354,24354,1503515938997,10,28,1,0,-2,-1,-2,0
24355,24355,1503515938998,-7,-18,-7,-1,-3,0,0,-2
24356,24356,1503515939007,-5,-2,-3,-5,-1,0,-2,-2
24357,24357,1503515939020,15,22,7,3,-1,-1,-2,-2
24358,24358,1503515939028,24,8,4,1,-1,-1,0,2
24359,24359,1503515939035,-6,5,-2,1,-2,-3,-5,-7
24360,24360,1503515939051,-9,-2,-4,-2,-1,-1,-1,-1
24361,24361,1503515939057,-16,10,6,2,0,-2,0,0
24362,24362,1503515939065,12,-1,-10,-8,-4,-1,-4,-4
24363,24363,1503515939066,-29,-21,-5,3,1,-1,-2,-6
24364,24364,1503515939081,-5,-6,0,3,0,-1,1,0
24365,24365,1503515939088,-9,9,-6,-6,-3,2,0,0
24366,24366,1503515939095,5,11,4,1,0,0,-2,-2
24367,24367,1503515939111,0,-4,-2,-6,-4,-1,-4,0
24368,24368,1503515939117,4,-9,-3,1,-1,-2,1,-2
24369,24369,1503515939118,-2,17,5,-4,-1,2,0,-1
24370,24370,1503515939126,7,13,4,0,0,0,3,-1
24371,24371,1503515939140,2,-2,-1,-1,-1,1,-1,3
25097,25097,1503515946235,4,5,2,-1,2,-2,-3,1
25098,25098,1503515946249,-12,-2,1,2,2,13,2,-1
25099,25099,1503515946257,1,2,-4,-8,-8,-5,2,1
25100,25100,1503515946265,54,5,2,0,0,-3,1,7
25101,25101,1503515946280,-4,0,0,3,-2,0,0,0
25102,25102,1503515946287,-20,-4,-4,-3,0,0,-1,-4
25103,25103,1503515946295,-1,-3,3,-2,0,-3,-3,3
25104,25104,1503515946311,-15,-7,4,12,7,-3,-1,-5
25105,25105,1503515946319,-4,-5,-4,1,1,-1,-4,-2
25106,25106,1503515946325,-5,-13,-4,0,-2,-3,-2,-4
25107,25107,1503515946340,-7,-15,-4,3,2,0,12,3
25108,25108,1503515946341,3,25,13,1,2,3,-1,4
25109,25109,1503515946348,-7,0,-3,-5,-3,-4,-2,0
25110,25110,1503515946355,0,-10,-12,-1,-3,-2,6,10
25111,25111,1503515946369,-1,-7,-4,-2,-3,-1,-6,7
25112,25112,1503515946377,-3,-10,-5,-1,0,1,-4,3
25113,25113,1503515946385,-29,5,6,1,-1,-1,1,-5
25114,25114,1503515946400,10,30,11,-2,0,-3,1,2
25115,25115,1503515946410,-14,11,7,-2,-2,-4,4,7
25116,25116,1503515946416,0,-1,-4,1,-1,-2,-5,-1
25117,25117,1503515946429,47,9,-2,-5,-5,-2,-2,-9
25118,25118,1503515946437,-3,1,0,-1,1,1,-1,-7
25119,25119,1503515946445,-19,-14,-3,1,1,0,-2,8
25120,25120,1503515946460,-7,-13,-2,2,0,1,-4,-3
25121,25121,1503515946467,5,13,6,-2,-1,-1,-2,-4
25122,25122,1503515946477,-12,22,16,2,2,0,-7,-17
25123,25123,1503515946489,-19,-32,-17,-6,-3,0,2,1
25124,25124,1503515946497,19,-15,-9,0,0,1,6,33
25125,25125,1503515946505,28,7,-3,-2,-2,-3,-6,-11
25126,25126,1503515946521,-1,4,-2,2,-1,-1,3,-26
25127,25127,1503515946527,-25,-9,-6,-4,-3,0,1,0
25128,25128,1503515946535,8,1,0,1,2,-3,-1,-3
25129,25129,1503515946549,-7,-3,3,1,2,-2,-1,2
25130,25130,1503515946557,-6,-8,-4,-5,0,0,1,-1
25131,25131,1503515946565,1,-31,-17,0,0,3,-11,3
25132,25132,1503515946580,-5,2,-14,-12,-3,-1,0,-1
25133,25133,1503515946587,7,-3,3,-1,1,2,2,-3
25134,25134,1503515946595,-14,18,-6,-2,-1,1,7,7
25135,25135,1503515946612,-6,-4,-7,-4,-3,-5,-10,-36
25136,25136,1503515946617,-22,-12,10,5,0,-2,0,3
25137,25137,1503515946625,-18,9,7,1,1,-5,-1,-8
25138,25138,1503515946640,3,-16,1,2,0,-7,1,-2
25139,25139,1503515946649,0,8,4,-1,-1,0,2,12
25140,25140,1503515946655,1,-30,-17,-3,-3,-1,-3,-1
25141,25141,1503515946669,8,3,2,0,-4,0,10,3
25142,25142,1503515946678,6,-4,1,5,-1,0,-7,-10
25143,25143,1503515946685,7,25,7,2,-1,-1,-8,2
25144,25144,1503515946700,12,25,12,3,3,0,5,1
25145,25145,1503515946707,18,9,-1,-2,-3,3,13,6
25146,25146,1503515946715,2,19,5,-3,-1,1,-2,0
25147,25147,1503515946729,-13,-7,1,3,1,2,3,5
25148,25148,1503515946737,11,-4,-2,-4,-4,-3,-1,-1
25149,25149,1503515946746,-8,-9,-1,-2,0,-1,1,1
25150,25150,1503515946760,-3,-3,2,2,1,-3,-4,1
25151,25151,1503515946767,-11,-13,-2,0,-1,-2,-8,-2
25152,25152,1503515946775,12,-22,-8,-9,-9,-9,-2,-6
25153,25153,1503515946789,28,14,1,-1,-1,6,5,3
25154,25154,1503515946797,-10,-34,-14,-1,2,5,5,0
25155,25155,1503515946805,15,-17,-11,-1,-1,-9,-8,-1
25156,25156,1503515946821,-16,-25,-6,-3,-2,3,-5,-5
25157,25157,1503515946827,-32,-1,3,-3,-1,6,4,-4
25158,25158,1503515946845,-19,11,9,9,1,0,0,15
25159,25159,1503515946849,13,9,6,-6,-7,-10,-17,0
25160,25160,1503515946857,-3,9,0,0,0,14,-2,-2
25161,25161,1503515946872,-3,-1,-1,2,6,21,7,-1
25162,25162,1503515946881,-11,-3,-5,-3,-2,2,-4,-5
25163,25163,1503515946887,-7,-5,-9,-6,-3,-6,-2,-2
25164,25164,1503515946902,16,5,-4,-2,0,-1,-4,-4
25165,25165,1503515946909,5,39,12,5,2,-8,1,0
25166,25166,1503515946917,-25,-37,-13,0,-1,10,4,0
25167,25167,1503515946919,1,9,0,-3,-2,-6,2,5
25168,25168,1503515946932,-10,-23,-21,-8,0,3,3,0
25774,25774,1503515952842,18,14,3,0,1,-1,1,0
25775,25775,1503515952856,-2,-5,-4,-6,-5,-2,2,-1
25776,25776,1503515952865,-4,-6,-1,3,-2,0,0,0
25777,25777,1503515952873,1,8,-3,-1,-1,-3,-1,-1
25778,25778,1503515952874,0,-6,-3,3,1,5,0,-3
25779,25779,1503515952888,-3,-1,-2,-3,-1,-2,-2,-1
25780,25780,1503515952894,-14,-5,-8,-3,-4,-3,1,-4
25781,25781,1503515952902,-28,-41,-7,-3,-2,-5,1,-6
25782,25782,1503515952917,-21,-38,-8,-3,-1,-3,-2,-2
25783,25783,1503515952924,-16,-17,-6,-1,-1,2,-1,1
25784,25784,1503515952932,1,11,3,0,0,0,0,-3
25785,25785,1503515952947,4,5,3,-2,-1,1,-1,-1
25786,25786,1503515952955,-2,6,0,3,0,-11,-2,-1
25787,25787,1503515952962,15,12,5,2,0,0,4,3
25788,25788,1503515952977,1,-9,-5,-3,0,-5,-2,-3
25789,25789,1503515952978,1,7,3,1,2,5,2,5
25790,25790,1503515952984,-15,-7,-9,-3,-2,-2,4,-4
25791,25791,1503515953000,-28,-27,-5,-1,-2,1,-3,-2
25792,25792,1503515953010,17,22,2,-3,-1,2,-2,2
25793,25793,1503515953015,8,6,-3,0,1,0,-1,1
25794,25794,1503515953022,5,2,-2,-1,-1,0,-3,-3
25795,25795,1503515953037,21,17,4,-3,0,-2,-5,0
25796,25796,1503515953045,0,1,-2,-3,2,18,1,-3
25797,25797,1503515953060,14,9,2,0,0,0,1,-1
25798,25798,1503515953067,1,-3,1,2,1,1,-4,3
25799,25799,1503515953077,7,2,2,-1,-3,1,2,2
25800,25800,1503515953082,-8,-5,-1,2,1,-1,-4,-3
25801,25801,1503515953083,-2,12,3,-3,-2,-8,1,-3
25802,25802,1503515953097,-2,-27,-10,-2,-1,-5,1,-1
25803,25803,1503515953104,2,3,-4,-4,-3,-6,-1,1
25804,25804,1503515953120,-14,34,16,2,2,5,-3,-4
25805,25805,1503515953127,14,-5,2,1,3,-3,-2,1
25806,25806,1503515953135,2,-7,-5,-2,-1,-1,-1,-4
25807,25807,1503515953144,-26,-5,-1,1,-2,-26,-5,0
25808,25808,1503515953157,5,3,1,-3,-2,0,1,-2
25809,25809,1503515953164,-2,-4,-1,-5,-5,5,-5,-4
25810,25810,1503515953181,-2,-8,-7,0,-1,-3,-2,1
25811,25811,1503515953187,8,5,9,6,2,0,-1,-1
25812,25812,1503515953195,0,-1,-2,-1,-1,3,-3,-3
25813,25813,1503515953202,20,27,9,1,4,3,2,3
25814,25814,1503515953218,-6,-4,-7,-3,-2,-3,0,0
25815,25815,1503515953224,-7,3,2,-2,-2,1,4,1
25816,25816,1503515953240,-10,-16,-2,0,0,1,3,-1
25817,25817,1503515953247,8,10,-3,-1,-2,2,-2,-2
25818,25818,1503515953262,-5,-6,-1,0,-1,-1,-9,-3
25819,25819,1503515953263,-10,-19,-6,-3,-3,-3,-3,-3
25820,25820,1503515953278,3,7,2,1,3,-1,4,3
25821,25821,1503515953285,-5,-6,-4,-1,1,0,0,2
25822,25822,1503515953300,10,3,-1,-1,-1,-1,-4,-4
25823,25823,1503515953307,-15,-20,-3,0,-1,2,-3,2
25824,25824,1503515953315,2,-4,-2,-1,-1,1,4,2
25825,25825,1503515953322,7,25,24,5,4,0,3,-1
25826,25826,1503515953337,-2,-7,-1,-2,-2,-2,-4,-3
25827,25827,1503515953345,6,12,-6,-2,-2,2,-2,-2
25828,25828,1503515953360,-1,3,3,-1,0,0,1,2
25829,25829,1503515953367,-1,-10,-7,-3,-1,-3,-8,-4
25830,25830,1503515953375,2,-5,-3,-1,-3,-19,-4,-1
25831,25831,1503515953390,-6,-9,-6,1,-1,0,1,-3
25832,25832,1503515953397,0,7,4,-1,0,6,1,0
25833,25833,1503515953404,-3,-2,-5,-2,-4,-5,-3,0
25834,25834,1503515953421,-6,0,7,2,3,1,2,1
25835,25835,1503515953427,9,12,1,1,0,3,5,-2
25836,25836,1503515953435,3,14,6,0,1,3,-2,-2
25837,25837,1503515953449,-23,-19,-1,0,-2,0,2,1
25838,25838,1503515953457,19,3,-5,-3,-4,-2,-1,3
25839,25839,1503515953464,5,-2,-6,-1,0,0,1,-2
25840,25840,1503515953480,-14,-9,-4,2,-1,2,0,-1
25841,25841,1503515953487,-5,-3,-5,-2,0,15,-2,-1
26897,26897,1503515963724,2,-1,-2,-4,0,-1,-2,0
26898,26898,1503515963732,-4,0,-1,-6,-1,-2,1,1
26899,26899,1503515963754,-9,-1,2,-3,-2,0,0,-1
26900,26900,1503515963755,-7,-2,1,-1,-3,-2,-1,-3
26901,26901,1503515963762,-5,-13,1,0,-1,-1,0,0
26902,26902,1503515963776,-2,30,11,2,1,1,-1,-2
26903,26903,1503515963777,6,-11,-6,-2,0,2,-1,0
26904,26904,1503515963784,0,3,-5,0,-2,-1,0,-1
26905,26905,1503515963791,-10,2,1,0,0,0,-2,0
26906,26906,1503515963807,13,-6,-3,-5,-3,0,-1,2
26907,26907,1503515963814,3,7,4,2,-2,2,2,-1
26908,26908,1503515963822,-3,7,1,0,2,-1,-1,0
26909,26909,1503515963837,1,-8,-4,-1,2,-1,0,-1
26910,26910,1503515963844,2,3,4,2,2,-1,-2,-2
26911,26911,1503515963851,3,-1,-1,0,0,-1,-1,-1
26912,26912,1503515963867,-3,1,-6,-2,-4,-3,0,0
26913,26913,1503515963874,-1,32,8,-4,1,-3,-1,1
26914,26914,1503515963882,-11,4,1,2,0,-2,-2,-3
26915,26915,1503515963898,6,-10,-6,-3,-1,-2,-2,-2
26916,26916,1503515963904,-3,-3,-4,-3,0,-1,-1,-1
26917,26917,1503515963911,13,3,2,3,-1,-1,-1,0
26918,26918,1503515963927,6,-3,-1,2,0,-2,-1,-1
26919,26919,1503515963934,-3,-5,1,3,-1,0,-1,-1
26920,26920,1503515963942,1,-2,1,2,-4,0,1,0
26921,26921,1503515963957,-7,-1,1,4,-2,-2,-1,0
26922,26922,1503515963965,2,1,0,1,2,0,1,-1
26923,26923,1503515963972,-8,-11,-2,-1,-2,-1,1,-1
26924,26924,1503515963987,-5,-8,-1,-4,-2,-1,0,0
26925,26925,1503515963994,-3,0,1,-2,0,-2,-1,-3
26926,26926,1503515964002,-3,1,7,-1,2,1,-1,-4
26927,26927,1503515964016,-9,-11,-5,-3,1,0,0,-1
26928,26928,1503515964024,2,-2,-3,-3,-2,0,-2,0
26929,26929,1503515964032,1,2,-2,2,-3,0,-1,-1
26930,26930,1503515964047,4,0,-2,16,-3,-1,1,-1
26931,26931,1503515964054,2,2,-1,42,-2,-1,0,-2
26932,26932,1503515964062,-4,0,1,-3,0,1,-1,-2
26933,26933,1503515964077,-4,17,11,-26,2,1,-1,0
26934,26934,1503515964084,6,-9,-1,-13,1,-4,0,0
26935,26935,1503515964091,-7,-16,-12,-4,-1,0,0,-3
26936,26936,1503515964108,-2,8,4,-1,0,0,-1,-1
26937,26937,1503515964114,-1,9,7,-5,1,-1,-1,0
26938,26938,1503515964122,1,9,-1,-7,0,0,-1,-1
26939,26939,1503515964137,3,-2,-1,-9,1,0,-2,-1
26940,26940,1503515964144,-2,-1,-2,0,0,-1,-1,-1
26941,26941,1503515964151,0,0,-4,-4,-1,-2,-1,-1
26942,26942,1503515964167,-4,-3,-3,-3,0,2,0,-1
26943,26943,1503515964175,-4,-4,-2,-3,-1,-1,0,-2
26944,26944,1503515964182,-2,-3,6,1,-1,-2,-1,-2
26945,26945,1503515964199,2,8,-1,3,-1,0,-1,-3
26946,26946,1503515964208,-2,0,-6,4,-4,-1,0,0
26947,26947,1503515964211,-8,-9,-2,7,2,-2,0,0
26948,26948,1503515964227,-2,2,-1,-1,0,-1,-1,-1
26949,26949,1503515964235,3,0,-5,-9,-2,1,0,0
26950,26950,1503515964242,1,-1,-3,-6,-3,-1,0,1
26951,26951,1503515964256,7,3,1,-5,0,-1,0,0
26952,26952,1503515964266,1,-7,-3,-3,0,-1,-2,0
26953,26953,1503515964271,-1,-3,-3,-1,-3,-1,0,-1
26954,26954,1503515964287,-1,-13,-6,-4,-1,-1,-1,0
26955,26955,1503515964294,-1,-7,-1,0,0,0,1,1
26956,26956,1503515964302,-5,-3,-3,1,-1,-2,-2,-2
26957,26957,1503515964317,-6,0,6,1,0,-4,-1,-3
26958,26958,1503515964324,1,-3,-2,1,1,0,2,0
26959,26959,1503515964333,1,-2,-10,-8,-2,1,-5,-1
26960,26960,1503515964347,0,5,2,1,-2,-1,-1,-2
26961,26961,1503515964354,-2,-2,-3,-2,-3,-1,-1,1
26962,26962,1503515964362,0,3,0,-2,-3,-1,-1,-2
26963,26963,1503515964378,1,0,-1,0,0,0,0,0
26964,26964,1503515964384,-2,-2,8,1,1,2,-1,-1
26965,26965,1503515964392,-4,3,1,0,-1,-1,-1,2
26966,26966,1503515964407,2,1,4,0,-2,-2,2,-3
26967,26967,1503515964414,0,-4,0,0,-1,-1,-2,-2
26968,26968,1503515964422,6,5,-1,0,-4,-3,-1,1
26969,26969,1503515964437,0,0,-1,1,-2,-2,-2,-1
26970,26970,1503515964445,-4,-1,-3,1,0,0,-1,-1
26971,26971,1503515964451,-1,-2,-2,-4,0,-1,0,-3
26972,26972,1503515964452,1,1,7,5,1,-2,-2,0
26973,26973,1503515964467,-1,0,-2,-5,-1,1,0,2
26974,26974,1503515964474,2,-2,-1,-1,-1,1,1,0
26975,26975,1503515964482,-2,0,-2,1,1,-2,-2,-1
26976,26976,1503515964496,-4,-1,1,-2,0,-1,-2,-4
26977,26977,1503515964505,-7,2,-6,-3,-1,-1,-3,-3
26978,26978,1503515964512,1,0,-3,-3,-1,-2,-1,3
26979,26979,1503515964527,0,-10,-3,-2,0,-2,-1,1
26980,26980,1503515964534,-4,-6,-2,-2,-3,0,1,-4
26981,26981,1503515964549,1,1,2,-1,-1,0,0,-2
26982,26982,1503515964556,1,-1,5,7,3,0,-1,0
26983,26983,1503515964566,2,3,0,3,2,-1,-3,-1
26984,26984,1503515964579,1,-2,-3,-3,-4,-1,1,-1
26985,26985,1503515964587,-1,2,0,0,-4,-1,-1,0
26986,26986,1503515964594,-2,-3,-5,-1,-3,0,2,-1
26987,26987,1503515964609,-3,-10,-5,-2,-1,0,0,0
26988,26988,1503515964616,4,3,-3,0,0,0,-2,0
26989,26989,1503515964624,-4,-8,-1,5,0,-2,1,0
26990,26990,1503515964640,4,8,3,1,2,-2,-1,0
26991,26991,1503515964647,0,4,-1,0,-1,0,-2,-1
26992,26992,1503515964654,3,-9,7,6,-2,-1,1,2
26993,26993,1503515964669,3,0,1,7,-6,1,0,1
26994,26994,1503515964677,-6,-7,-2,8,-9,1,-1,0
26995,26995,1503515964684,-4,5,4,10,-10,-1,-1,-1
26996,26996,1503515964701,-5,5,0,1,4,-2,-2,0
26997,26997,1503515964707,0,-9,-8,-7,5,0,-2,-2
26998,26998,1503515964714,-5,1,-4,-7,3,-1,-1,-1
26999,26999,1503515964729,0,-15,-7,-6,5,0,0,-2
27000,27000,1503515964736,-1,5,-2,-9,3,0,1,2
27001,27001,1503515964737,4,3,-3,-8,5,-2,1,-1
27002,27002,1503515964745,3,5,0,-13,4,1,0,0
27003,27003,1503515964759,-6,-6,2,-7,0,-1,-1,-3
27004,27004,1503515964774,6,7,-1,-13,1,0,-1,-1
27005,27005,1503515964775,2,-3,-5,-12,-2,-1,-3,-1
27006,27006,1503515964789,-9,-3,-3,-2,0,-1,2,-1
27007,27007,1503515964796,-4,2,-2,0,-2,0,-1,-2
27008,27008,1503515964811,4,14,3,2,0,0,2,-2
27009,27009,1503515964819,-4,1,-8,-5,-2,-1,1,0
27010,27010,1503515964827,-5,-5,-1,-1,-2,-3,-5,0
27011,27011,1503515964835,-1,2,-3,-1,-2,1,0,-3
27012,27012,1503515964850,-1,-9,-10,0,0,-1,0,-3
27013,27013,1503515964851,0,-2,5,6,1,-1,-2,-1
27014,27014,1503515964856,-6,-11,-12,-1,-1,0,-2,-3
27015,27015,1503515964865,-1,-4,1,9,-3,-2,0,-1
27016,27016,1503515964880,0,3,4,0,0,-2,2,-2
27017,27017,1503515964887,3,0,-1,-5,-2,-2,-2,0
27018,27018,1503515964894,1,1,6,-1,-2,0,-1,0
27019,27019,1503515964909,-3,-6,-1,1,-2,-1,0,-2
27020,27020,1503515964916,5,1,9,1,-1,1,-2,0
27021,27021,1503515964925,2,-8,-8,0,0,0,1,-2
27022,27022,1503515964939,1,-2,-1,7,6,-2,-1,-1
27023,27023,1503515964947,-2,-22,-5,-3,4,0,1,-1
27024,27024,1503515964954,1,19,11,1,0,0,0,1
27421,27421,1503515968794,-2,4,1,-4,-1,-2,-3,-2
27422,27422,1503515968809,-2,-15,-7,-4,-1,-1,-2,-1
27423,27423,1503515968816,4,-2,-4,0,0,2,1,2
27424,27424,1503515968832,5,6,4,-1,-18,0,-3,0
27425,27425,1503515968839,-31,-9,0,-1,-21,-4,-2,-2
27426,27426,1503515968847,23,22,-3,-5,-4,-5,0,-2
27427,27427,1503515968855,-5,-2,0,-4,-1,-4,2,-5
27428,27428,1503515968869,-15,-11,-4,-3,21,3,-6,-9
27429,27429,1503515968876,-6,-4,-3,3,6,-3,-1,-1
27430,27430,1503515968892,2,4,3,12,0,-1,-4,1
27431,27431,1503515968899,8,-6,-5,-1,39,12,2,3
27432,27432,1503515968907,-16,-14,-5,4,12,5,-1,4
27433,27433,1503515968913,21,5,0,-2,-12,-6,4,3
27434,27434,1503515968914,32,15,3,3,1,4,19,9
27435,27435,1503515968929,-20,-19,-5,-3,3,34,-2,-3
27436,27436,1503515968936,24,13,1,-5,-10,-3,1,-1
27437,27437,1503515968955,-1,1,-3,-5,-14,-12,3,2
27438,27438,1503515968960,-20,-8,0,1,25,1,-7,-8
27439,27439,1503515968967,19,-1,-2,-4,-5,-8,-3,-1
27440,27440,1503515968974,21,14,0,-1,-10,-7,0,9
27441,27441,1503515968991,22,22,2,-2,7,-5,1,-1
27442,27442,1503515968997,38,7,0,1,-9,3,6,10
27443,27443,1503515969012,-11,-10,-4,1,15,-2,-3,-7
27444,27444,1503515969019,-13,-3,1,-2,-8,-2,-7,-2
27445,27445,1503515969027,-4,-2,3,3,15,-9,-11,-1
27446,27446,1503515969034,-33,-13,-3,-5,-4,-1,3,-6
27447,27447,1503515969049,-2,4,8,1,-14,7,-2,7
27448,27448,1503515969056,-6,-12,-5,-3,-10,-1,1,-5
27449,27449,1503515969072,-1,-13,5,1,-9,-2,4,-1
27450,27450,1503515969079,-10,-3,3,-2,-8,-6,-5,-4
27451,27451,1503515969087,-16,-11,-9,-4,15,0,-4,-6
27452,27452,1503515969095,-17,4,-3,0,1,1,-9,-6
27453,27453,1503515969109,-11,7,4,-4,-13,-5,-2,1
27454,27454,1503515969116,-5,2,-1,2,4,2,6,15
27455,27455,1503515969132,12,-2,2,1,-6,-4,3,3
27456,27456,1503515969139,5,-6,-5,-3,-5,3,0,-4
27457,27457,1503515969147,7,-16,-14,-4,-6,-6,1,-5
27458,27458,1503515969154,-2,18,9,5,1,-2,-5,-3
27459,27459,1503515969169,-9,8,1,-3,0,-1,-25,-7
27460,27460,1503515969176,-18,11,13,1,-1,-2,-4,-3
27461,27461,1503515969193,-6,2,-1,0,-19,1,9,-5
27462,27462,1503515969200,7,4,-5,-2,-4,-4,-7,-3
27463,27463,1503515969207,-35,-8,-10,-3,-7,-18,-1,-14
27464,27464,1503515969232,13,-38,-23,-10,3,7,4,2
27465,27465,1503515969236,-2,31,19,4,-1,-5,-9,-12
27466,27466,1503515969255,2,11,-2,-1,2,5,2,5
27467,27467,1503515969259,-13,-20,-8,-3,-3,3,-2,0
27468,27468,1503515969267,-16,4,-1,-8,-23,-7,-1,-12
27469,27469,1503515969281,-2,-13,-6,-3,-13,-4,-10,2
27470,27470,1503515969291,-1,5,6,6,11,-6,-12,7
27471,27471,1503515969296,9,-22,-4,-14,-18,-11,4,7
27472,27472,1503515969312,6,4,5,3,0,10,2,-7
27473,27473,1503515969319,-10,-12,-11,-5,2,7,8,-5
27474,27474,1503515969327,11,14,-3,0,-3,-3,2,4
27475,27475,1503515969341,-2,-9,0,4,-4,1,0,6
27476,27476,1503515969349,48,0,3,1,-14,-6,-13,10
27477,27477,1503515969358,-2,20,5,4,6,1,-6,-8
27478,27478,1503515969372,-10,16,13,2,-6,3,10,3
27479,27479,1503515969379,-6,2,-2,2,2,-4,-7,-17
27480,27480,1503515969387,3,-5,-6,-4,-3,1,4,-3
27481,27481,1503515969403,-4,-5,-4,0,8,1,-2,6
27482,27482,1503515969409,-3,7,3,2,5,-1,1,1
27483,27483,1503515969416,-10,-4,-6,-8,-26,0,-5,2
27484,27484,1503515969432,-2,6,4,5,12,0,-26,2
27485,27485,1503515969439,3,-23,-12,-3,20,7,7,1
27486,27486,1503515969447,29,2,-3,-5,-3,-3,14,4
27487,27487,1503515969462,8,9,7,2,2,-1,1,0
27488,27488,1503515969469,-3,-6,-7,1,12,1,4,1
27489,27489,1503515969476,-1,14,2,-4,-7,-5,1,1
27490,27490,1503515969492,7,9,0,6,12,6,8,8
27491,27491,1503515969499,-3,-3,-2,2,2,-2,0,-2
27492,27492,1503515969507,-9,-12,-1,-2,0,3,0,-3
27493,27493,1503515969521,11,-1,3,4,7,1,4,8
27494,27494,1503515969530,-8,-4,0,-1,-1,0,2,-10
27495,27495,1503515969536,21,17,11,2,0,2,-4,-27
27496,27496,1503515969552,9,34,13,-1,-4,-2,5,12
27497,27497,1503515969559,-15,-13,-5,-2,0,-2,-2,4
27498,27498,1503515969568,-3,-15,-7,-4,18,-9,-25,-11
27499,27499,1503515969581,-10,-11,0,11,9,16,1,4
27500,27500,1503515969591,-15,-18,-9,-3,-12,1,6,5
27501,27501,1503515969597,-7,-12,-11,-4,-19,-3,-7,-7
