,SampleNumber,TimeStamp,EMG1,EMG2,EMG3,EMG4,EMG5,EMG6,EMG7,EMG8
1024,1024,1503610334230,-3,2,8,5,4,0,2,-2
1025,1025,1503610334245,1,-14,-18,-17,-10,-3,0,4
1026,1026,1503610334253,-23,-5,11,9,7,4,1,-13
1027,1027,1503610334259,11,4,6,2,2,-1,-17,-9
1028,1028,1503610334275,11,18,0,-5,-4,-2,-3,4
1029,1029,1503610334282,2,-8,0,1,0,0,7,5
1030,1030,1503610334297,12,5,-11,-7,-4,-4,-6,2
1031,1031,1503610334304,1,-1,6,-1,-3,-3,4,-22
1032,1032,1503610334313,1,6,-3,0,0,-2,0,-3
1033,1033,1503610334327,2,11,14,2,-1,1,1,8
1034,1034,1503610334335,-22,-12,-6,-1,0,-1,-4,-8
1035,1035,1503610334342,12,3,-2,3,3,-2,1,1
1036,1036,1503610334357,-9,-7,-6,-6,-7,-1,-6,-3
1037,1037,1503610334364,-12,12,12,6,6,1,-2,-8
1038,1038,1503610334372,-3,2,0,-6,-2,4,8,5
1039,1039,1503610334387,4,-15,-15,-15,-12,-6,-3,9
1040,1040,1503610334395,4,32,31,18,12,1,1,0
1041,1041,1503610334402,4,21,12,-9,-4,1,2,5
1042,1042,1503610334417,-35,-19,-2,7,9,-1,-1,-15
1043,1043,1503610334424,-23,-12,-12,-3,-2,0,-3,-2
1044,1044,1503610334432,-8,-3,-13,-8,-3,-6,-6,0
1045,1045,1503610334447,-4,-11,-11,-5,-1,2,12,3
1046,1046,1503610334456,18,-9,-11,-5,-9,-1,-1,5
1047,1047,1503610334462,2,-30,-15,0,5,0,-2,4
1048,1048,1503610334477,30,14,9,2,2,2,4,10
1049,1049,1503610334484,-17,-27,-3,4,1,1,2,2
1050,1050,1503610334499,13,22,-1,-2,-4,0,-4,1
1051,1051,1503610334506,12,4,-4,0,-3,-2,-1,4
1052,1052,1503610334515,-17,0,0,5,12,-2,-4,-4
1053,1053,1503610334522,-2,4,2,-3,0,-1,-1,6
1054,1054,1503610334537,9,-9,-1,1,3,1,-1,2
1055,1055,1503610334547,0,11,9,3,2,4,12,5
1056,1056,1503610334552,13,-2,-3,-8,-14,-8,-20,-3
1057,1057,1503610334567,8,14,9,-1,-6,-4,-8,-4
1058,1058,1503610334575,14,14,7,-3,0,2,-1,-2
1059,1059,1503610334582,-1,-22,-23,-2,-7,-5,0,-2
1060,1060,1503610334603,-18,-16,-5,-14,-19,0,6,-1
1061,1061,1503610334605,3,6,-2,8,19,-2,14,-4
1062,1062,1503610334618,-9,-5,-1,-5,-4,0,-1,-3
1063,1063,1503610334627,-2,4,3,-2,-6,0,4,1
1064,1064,1503610334635,-3,-2,-1,13,16,0,7,1
1065,1065,1503610334642,-8,2,-2,-3,-4,-1,-4,-21
1066,1066,1503610334657,-11,-1,3,7,3,2,-11,-16
1067,1067,1503610334664,6,5,4,0,-4,-14,-16,8
1068,1068,1503610334672,4,2,1,1,1,1,2,10
1069,1069,1503610334687,0,5,5,-1,-2,5,-1,4
1070,1070,1503610334695,15,1,-8,-5,-3,1,6,16
1071,1071,1503610334701,-21,-3,3,-5,-5,3,12,8
1072,1072,1503610334702,32,22,3,3,0,2,-1,13
1073,1073,1503610334717,-10,-10,-7,-6,-7,-1,2,-1
1074,1074,1503610334724,-12,-1,-3,-5,-3,-1,-14,-28
1075,1075,1503610334732,3,8,-3,-2,-2,-2,1,-14
1076,1076,1503610334751,27,-11,-6,0,0,5,0,10
1077,1077,1503610334755,-31,-17,-1,2,0,0,0,-15
1078,1078,1503610334763,-8,0,-1,-1,0,-1,-4,-10
1079,1079,1503610334777,38,0,2,-5,-4,-4,5,35
1080,1080,1503610334784,-29,-18,1,3,0,-1,-8,-27
1081,1081,1503610334792,-18,-1,9,2,1,1,-2,2
1082,1082,1503610334807,12,4,-8,-12,-11,-4,7,35
1083,1083,1503610334818,-7,9,-5,-3,-2,1,5,-19
1084,1084,1503610334822,5,0,-6,-1,0,1,5,10
1085,1085,1503610334836,23,14,-1,-1,-1,0,-2,23
1086,1086,1503610334837,-18,-5,-4,-2,2,-2,0,2
1087,1087,1503610334844,-29,-14,6,5,3,0,-1,3
1088,1088,1503610334852,-33,-21,-3,2,0,-4,-10,-28
1089,1089,1503610334867,-9,6,9,-7,-9,2,-3,1
1090,1090,1503610334875,3,-11,-18,-13,-11,-4,-5,-1
1091,1091,1503610334883,-3,4,4,11,10,4,-1,-7
1092,1092,1503610334897,10,9,-2,-4,-5,-4,-4,-9
1093,1093,1503610334904,12,10,5,8,6,-2,1,8
1094,1094,1503610334912,9,9,-4,5,3,1,2,-17
1095,1095,1503610334927,10,17,5,2,1,-2,-6,-16
1096,1096,1503610334935,32,23,15,3,1,0,0,15
1097,1097,1503610334945,-2,-3,-11,-13,-8,-1,1,-6
1098,1098,1503610334957,-1,-2,2,-9,-13,-1,6,9
1099,1099,1503610334964,-9,-8,-9,4,3,-2,-5,-4
1100,1100,1503610334972,5,7,16,13,7,3,0,7
1101,1101,1503610334987,1,-10,-6,-7,-8,-1,0,-1
1102,1102,1503610334995,-8,-10,2,9,6,2,-1,-7
1103,1103,1503610335001,-14,-1,-5,-6,0,-1,-5,-10
1104,1104,1503610335017,16,2,4,1,2,-3,0,6
1105,1105,1503610335026,11,0,0,-3,-1,-1,5,12
1106,1106,1503610335032,-15,-9,-10,-4,-5,-3,-1,6
1107,1107,1503610335047,-8,2,8,5,1,0,-1,2
1108,1108,1503610335055,-7,-3,-6,2,15,3,-1,9
1109,1109,1503610335062,14,10,2,-14,-8,-4,-5,2
1110,1110,1503610335077,-4,-33,-23,-8,-4,1,-2,-19
1111,1111,1503610335084,-5,-13,-1,3,0,-3,3,0
1112,1112,1503610335092,-11,7,-4,-6,-2,3,0,-3
1113,1113,1503610335093,-7,-3,7,2,-2,0,1,-4
1114,1114,1503610335107,0,-4,-4,3,2,-1,-2,-18
1115,1115,1503610335118,-18,-10,-8,0,-1,-3,-11,0
1116,1116,1503610335122,2,12,12,6,2,4,3,3
1117,1117,1503610335137,10,10,5,2,-1,-1,4,0
1118,1118,1503610335145,2,-8,-8,-9,-9,-2,-2,-4
1119,1119,1503610335152,15,17,13,1,0,0,-2,-1
1120,1120,1503610335167,-13,-12,-11,3,8,2,3,3
1121,1121,1503610335175,2,7,11,1,-2,1,-2,5
1122,1122,1503610335185,-8,0,-5,-7,-3,-1,-3,0
1123,1123,1503610335197,1,-19,-11,-1,-1,-4,-10,-12
1124,1124,1503610335204,-9,5,2,-2,-5,-3,4,3
1644,1644,1503610340200,1,-9,-9,-5,0,-2,-11,-10
1645,1645,1503610340209,-16,-11,-9,-4,-3,-2,-3,-3
1646,1646,1503610340222,-12,-33,-8,-4,-3,0,1,4
1647,1647,1503610340229,14,39,5,0,4,1,0,8
1648,1648,1503610340237,-13,4,-3,-6,-6,-3,2,-6
1649,1649,1503610340254,4,-18,-17,-5,-2,-3,2,7
1650,1650,1503610340260,1,5,-5,-4,-9,-1,-1,1
1651,1651,1503610340267,-14,-14,-3,-1,1,0,6,-9
1652,1652,1503610340282,6,-4,8,3,-3,-1,-3,-10
1653,1653,1503610340290,-3,-9,-7,3,-4,-2,-5,-5
1654,1654,1503610340298,9,7,-2,-5,4,2,3,12
1655,1655,1503610340312,7,-5,16,6,6,5,0,9
1656,1656,1503610340322,0,14,7,-2,-6,-4,-7,-15
1657,1657,1503610340323,6,-6,-5,-3,-1,-4,0,6
1658,1658,1503610340327,9,-1,-4,1,2,0,1,12
1659,1659,1503610340348,2,8,5,4,4,1,1,3
1660,1660,1503610340350,1,18,-5,-7,-4,-1,1,5
1661,1661,1503610340359,-6,0,0,4,1,0,1,4
1662,1662,1503610340372,2,2,2,1,3,2,0,2
1663,1663,1503610340379,7,0,6,10,6,3,-1,3
1664,1664,1503610340388,5,-4,-13,-12,-8,-4,-2,-3
1665,1665,1503610340402,4,3,0,-1,2,0,2,8
1666,1666,1503610340409,0,6,2,0,7,-3,-2,-4
1667,1667,1503610340417,-3,-14,-29,-18,-9,-4,-5,-5
1668,1668,1503610340432,15,26,43,15,0,4,4,6
1669,1669,1503610340441,5,0,-1,-1,-2,0,-2,6
1670,1670,1503610340447,-6,-11,-30,-13,-7,-5,-6,-16
1671,1671,1503610340462,4,13,15,3,-1,1,2,-1
1672,1672,1503610340469,-5,-10,-10,4,3,1,-2,-5
1673,1673,1503610340477,32,7,-2,-3,1,-4,-2,-5
1674,1674,1503610340492,-7,-8,2,1,-2,-2,-2,0
1675,1675,1503610340499,-23,-10,-1,1,-2,-2,-3,-10
1676,1676,1503610340507,-1,-4,-11,-11,-6,-1,0,-2
1677,1677,1503610340522,-9,3,8,6,4,2,-1,-1
1678,1678,1503610340531,-27,-22,-6,-4,-10,-8,-8,-13
1679,1679,1503610340537,5,3,-1,-2,-5,-1,-1,-10
1680,1680,1503610340552,6,-1,1,-9,-12,2,8,14
1681,1681,1503610340560,17,-4,-3,5,10,0,1,6
1682,1682,1503610340561,-16,-8,-11,-3,0,0,2,7
1683,1683,1503610340567,9,2,6,0,2,2,1,1
1684,1684,1503610340581,37,15,7,0,-1,0,2,23
1685,1685,1503610340590,-5,4,-8,1,2,1,2,4
1686,1686,1503610340598,-19,7,11,6,2,2,-2,-11
1687,1687,1503610340612,-18,-17,-4,6,5,-2,-6,-11
1688,1688,1503610340627,-6,-2,2,-11,-2,-3,-6,-16
1689,1689,1503610340628,16,12,2,3,3,0,-2,0
1690,1690,1503610340642,-11,-14,-1,5,-4,-4,0,-1
1691,1691,1503610340649,-6,13,9,-1,1,1,0,-1
1692,1692,1503610340658,-13,-29,-7,-1,-2,-2,-5,-4
1693,1693,1503610340672,-1,-8,5,5,0,0,1,-2
1694,1694,1503610340679,-8,5,7,-2,0,0,-2,-19
1695,1695,1503610340680,4,-13,-7,-3,-3,-1,4,13
1696,1696,1503610340686,-8,-2,5,-2,7,1,-4,-8
1697,1697,1503610340701,-7,5,-2,-2,0,-2,1,0
1698,1698,1503610340709,-7,2,-6,-5,-4,-3,3,7
1699,1699,1503610340717,-7,20,15,-1,-1,2,0,3
1700,1700,1503610340732,-11,-4,10,9,2,1,3,4
1701,1701,1503610340739,-11,8,2,0,1,-1,-1,-7
1702,1702,1503610340746,-6,7,-6,-6,-3,-1,-2,-24
1703,1703,1503610340765,14,-2,-12,-9,-4,0,2,12
1704,1704,1503610340769,0,11,6,3,1,-3,-3,-18
1705,1705,1503610340777,-2,3,-4,-4,0,0,0,2
1706,1706,1503610340792,16,-6,-12,-2,-3,0,2,13
1707,1707,1503610340801,10,-2,-8,-1,-2,1,-1,-4
1708,1708,1503610340806,-10,-5,-15,-9,-5,-1,-1,-6
1709,1709,1503610340807,0,-17,-2,2,2,1,3,19
1710,1710,1503610340823,-2,20,21,6,3,-2,-7,-11
1711,1711,1503610340829,2,-6,-27,-14,-13,-5,-3,6
1712,1712,1503610340844,-5,-3,7,5,4,0,5,5
1713,1713,1503610340852,-13,1,5,-1,0,0,-1,0
1714,1714,1503610340867,0,-8,-12,-9,-5,-3,1,11
1715,1715,1503610340881,2,14,6,12,9,0,3,4
1716,1716,1503610340882,2,-3,1,-2,4,1,3,8
1717,1717,1503610340883,-1,4,2,2,-1,0,-1,-8
1718,1718,1503610340890,14,6,4,4,2,-1,-3,1
1719,1719,1503610340905,-5,-11,-8,-5,-1,2,3,14
1720,1720,1503610340912,8,0,14,8,1,0,2,3
1721,1721,1503610340920,-6,-21,-20,-4,-4,-1,-1,-1
1722,1722,1503610340934,-3,-9,-10,-5,-6,-4,-8,-17
1723,1723,1503610340942,8,20,15,7,4,-1,-5,-12
1724,1724,1503610340949,-5,-4,3,0,0,0,2,3
1725,1725,1503610340964,4,-22,-19,-5,-4,0,-1,2
1726,1726,1503610340971,4,3,11,3,1,0,-2,0
1727,1727,1503610340979,6,0,10,8,2,0,-3,-3
1728,1728,1503610340993,-3,-17,-20,-10,-5,-4,-2,2
1729,1729,1503610341002,-3,5,7,6,0,-2,-6,-25
1730,1730,1503610341009,7,0,-2,0,1,-1,-3,-5
1731,1731,1503610341026,0,-2,-16,-8,-3,-3,-2,-3
1732,1732,1503610341032,16,27,2,-2,-2,-2,-2,-7
1733,1733,1503610341039,-8,-8,3,2,1,2,2,-4
1734,1734,1503610341053,-12,-12,-3,1,-1,-2,-3,-2
1735,1735,1503610341062,1,-4,-13,-8,-6,-1,0,2
1736,1736,1503610341069,4,-6,4,3,-1,0,1,20
1737,1737,1503610341085,2,35,10,0,-1,-2,-1,3
1738,1738,1503610341093,-7,2,8,3,-2,1,-2,-6
1739,1739,1503610341100,8,-4,-10,-4,0,-1,4,11
1740,1740,1503610341114,8,9,9,6,3,1,-2,-8
1741,1741,1503610341122,-13,-10,-7,-4,-5,-2,-1,-7
1742,1742,1503610341129,-12,18,4,1,0,0,4,4
1743,1743,1503610341144,-8,5,11,5,3,0,-2,0
1744,1744,1503610341152,-7,-19,-22,-12,-6,-3,-2,4
1745,1745,1503610341161,-1,3,0,0,-2,-2,-1,0
1746,1746,1503610341173,0,25,19,0,-1,-2,1,-1
1747,1747,1503610341181,-3,-9,2,5,1,0,-2,-5
1748,1748,1503610341189,0,-11,-15,-5,-2,0,1,-5
1749,1749,1503610341204,6,6,18,10,4,2,0,-4
1750,1750,1503610341211,5,6,3,0,2,2,3,6
1751,1751,1503610341220,-7,-10,9,2,-3,-2,-2,-3
1752,1752,1503610341234,7,-13,-3,-5,-3,1,1,2
1753,1753,1503610341241,3,5,-5,-2,-1,1,3,10
1754,1754,1503610341249,-2,4,-5,4,0,-1,-2,-5
1755,1755,1503610341264,2,7,3,-3,-2,0,-1,-3
1756,1756,1503610341271,5,4,6,1,0,0,3,4
1757,1757,1503610341272,-6,-12,-9,-1,-7,0,-1,-3
1758,1758,1503610341282,-2,-3,-18,-3,4,-2,-1,-1
1759,1759,1503610341283,5,2,0,-5,-3,-4,-3,-2
1760,1760,1503610341296,-2,4,4,4,1,-1,-2,-3
1761,1761,1503610341301,-10,-24,-25,-9,-3,0,2,2
1762,1762,1503610341309,8,17,8,5,5,1,1,2
1763,1763,1503610341324,-4,-10,-11,-3,-2,-3,-6,-8
1764,1764,1503610341332,-3,-10,-5,0,1,-2,0,-2
1765,1765,1503610341340,1,-8,-5,1,1,-1,1,1
1766,1766,1503610341354,-3,-3,-10,-13,-7,-4,-5,-8
1767,1767,1503610341362,2,21,9,1,1,-1,-1,-3
1768,1768,1503610341370,2,3,10,6,2,-2,-1,0
1769,1769,1503610341384,9,-5,-15,-8,-5,-2,-1,2
1770,1770,1503610341391,3,6,-2,-3,-2,-3,1,8
1771,1771,1503610341392,-13,-6,2,1,1,-1,-5,-8
1772,1772,1503610341400,3,1,-4,-3,1,-2,2,3
1773,1773,1503610341413,-3,-17,-11,-4,-1,0,2,0
1774,1774,1503610341422,-6,13,4,-5,0,0,2,3
1775,1775,1503610341429,2,-5,-4,0,-1,-1,-3,-8
1776,1776,1503610341430,-2,8,1,-2,-3,-1,-3,-5
1777,1777,1503610341444,4,1,5,4,0,2,2,3
1778,1778,1503610341452,1,-2,0,2,3,-2,-2,1
2117,2117,1503610344782,-9,2,1,1,1,2,1,-11
2118,2118,1503610344789,5,-18,0,2,2,1,-1,11
2119,2119,1503610344804,-31,-10,-2,-2,1,-4,-2,0
2120,2120,1503610344811,-8,-5,-5,2,2,2,3,-1
2121,2121,1503610344821,-2,-7,-3,-4,-3,2,3,-14
2122,2122,1503610344834,2,5,-3,-2,-3,-3,-8,-14
2123,2123,1503610344842,14,16,6,-3,-2,-3,1,11
2124,2124,1503610344849,-10,3,3,-3,-3,0,5,1
2125,2125,1503610344864,12,-5,-3,1,-2,-11,-12,-1
2126,2126,1503610344871,-12,9,2,3,2,-3,0,10
2127,2127,1503610344879,7,5,-2,-4,3,7,5,4
2128,2128,1503610344895,18,3,1,-1,-3,2,7,32
2129,2129,1503610344902,-9,-19,-1,1,3,-2,-11,-5
2130,2130,1503610344909,-21,-1,-2,-1,1,3,5,9
2131,2131,1503610344925,-9,5,16,4,1,2,0,-5
2132,2132,1503610344931,1,-6,-2,0,-1,-2,-11,-6
2133,2133,1503610344940,-4,-8,-12,-2,-3,-1,3,2
2134,2134,1503610344954,-19,-12,0,1,0,-1,-1,-15
2135,2135,1503610344963,1,6,0,0,-1,2,3,4
2136,2136,1503610344969,12,-10,3,3,3,2,-3,-8
2137,2137,1503610344984,19,46,10,-3,-2,-3,-1,1
2138,2138,1503610344992,22,57,42,8,1,-1,-5,-10
2139,2139,1503610344999,-6,-22,-13,-7,-6,-3,-3,-9
2140,2140,1503610345015,-9,11,-10,0,2,2,4,-12
2141,2141,1503610345022,-14,-2,-4,-4,-4,-3,-2,16
2142,2142,1503610345030,9,-49,-34,-13,-6,-3,-2,26
2143,2143,1503610345044,-48,-26,-23,-4,-2,-1,3,-15
2144,2144,1503610345054,6,13,12,9,3,0,-4,-10
2145,2145,1503610345059,3,-3,1,-1,0,-1,3,11
2146,2146,1503610345074,-15,-8,-23,-9,-2,1,4,16
2147,2147,1503610345082,14,28,18,5,3,0,-2,-10
2148,2148,1503610345089,16,18,-1,0,-1,1,9,28
2149,2149,1503610345104,12,-24,1,2,4,3,4,18
2150,2150,1503610345111,-13,-5,2,-2,-2,-2,0,-19
2151,2151,1503610345123,-4,11,4,-1,0,-1,-11,-22
2152,2152,1503610345134,-16,17,5,-2,-4,-4,-7,-13
2153,2153,1503610345142,-4,-19,-5,-2,-3,0,5,24
2154,2154,1503610345149,16,-4,-3,-3,-3,0,9,10
2155,2155,1503610345164,-15,3,7,2,-3,-4,4,3
2156,2156,1503610345171,13,10,9,0,-2,-3,-10,-10
2157,2157,1503610345179,17,-2,-3,-1,5,3,4,3
2158,2158,1503610345194,-2,-2,0,-3,-3,-5,-9,-15
2159,2159,1503610345202,-2,-10,-8,1,-3,0,-3,-7
2160,2160,1503610345209,10,-25,-10,-1,3,1,-3,-1
2161,2161,1503610345225,4,-10,-9,-4,-3,-4,0,-8
2162,2162,1503610345231,-14,8,2,-1,-3,-3,-6,-4
2163,2163,1503610345239,12,10,7,5,3,1,-1,-1
2164,2164,1503610345257,25,-3,-15,-6,-5,-5,-6,6
2165,2165,1503610345262,-13,7,0,-3,-1,2,-6,-20
2166,2166,1503610345269,-33,-21,3,4,3,6,29,9
2167,2167,1503610345284,9,0,-1,-1,-2,-1,1,0
2168,2168,1503610345291,-6,-9,-3,1,0,0,-6,3
2169,2169,1503610345300,-4,5,-3,-2,-1,-1,-1,-5
2170,2170,1503610345314,8,2,-3,-10,-1,-1,0,3
2171,2171,1503610345315,21,-10,-13,-3,-1,-2,0,1
2172,2172,1503610345322,-14,-16,-3,1,1,0,-1,4
2173,2173,1503610345329,-10,1,3,-2,-1,0,-2,-16
2174,2174,1503610345344,-9,-23,-9,1,1,-4,-5,4
2175,2175,1503610345352,2,13,2,2,3,0,-2,-9
2176,2176,1503610345361,4,28,14,-1,-4,-1,-3,-6
2177,2177,1503610345374,8,6,-1,-1,1,5,0,1
2178,2178,1503610345382,10,-3,-1,-3,-3,0,4,5
2179,2179,1503610345390,26,5,6,2,0,0,0,4
2180,2180,1503610345404,-4,-11,-3,-1,-2,-3,-5,-13
2181,2181,1503610345411,-8,4,12,5,2,2,-2,-2
2182,2182,1503610345419,5,12,-8,-4,-8,-4,-2,2
2183,2183,1503610345434,-21,24,10,0,-3,-5,-9,-12
2184,2184,1503610345442,4,10,16,10,6,5,1,7
2185,2185,1503610345449,-15,4,5,-9,-3,-2,-7,-14
2186,2186,1503610345464,4,-2,-11,-9,-4,-6,-10,-6
2187,2187,1503610345471,-9,-13,-7,0,-2,1,12,1
2188,2188,1503610345486,7,-2,1,-6,-3,0,-3,-4
2189,2189,1503610345494,0,-6,-6,0,2,-1,3,-2
2190,2190,1503610345502,-12,-9,0,1,-2,3,14,4
2191,2191,1503610345516,-3,-8,-5,-2,-2,-5,-6,-2
2192,2192,1503610345524,11,17,4,-1,3,1,-4,-2
2193,2193,1503610345525,1,4,-3,0,0,-2,3,11
2194,2194,1503610345532,-17,-19,-6,0,-3,-3,-10,-12
2195,2195,1503610345546,-4,-26,-16,-3,-1,1,4,5
2196,2196,1503610345554,-12,-26,-23,-7,-1,-5,-6,-3
2197,2197,1503610345562,17,4,-5,-3,-2,-3,-3,5
2198,2198,1503610345576,-1,9,-1,1,-3,-5,-2,-14
2199,2199,1503610345584,5,10,0,-6,-2,-2,0,3
2200,2200,1503610345592,-9,6,10,3,1,2,5,5
2201,2201,1503610345606,-7,-6,-2,-3,-2,-2,-10,-10
2202,2202,1503610345614,-7,-18,10,14,4,4,0,0
2203,2203,1503610345623,27,16,3,0,0,0,3,10
2204,2204,1503610345636,21,33,14,3,1,0,0,25
2205,2205,1503610345644,-18,-7,4,-2,-3,-1,-9,-11
2206,2206,1503610345651,4,-32,-17,-8,-5,-6,1,18
2207,2207,1503610345667,-21,-10,5,5,4,4,4,-13
2208,2208,1503610345674,-6,-10,-3,-2,-3,-3,-6,-13
2209,2209,1503610345682,-8,-2,-1,0,-1,4,-3,0
2210,2210,1503610345697,14,21,0,-2,4,6,6,2
2211,2211,1503610345705,5,0,0,4,1,-1,10,-10
2212,2212,1503610345711,-8,-8,-2,-3,-2,-1,-7,3
2213,2213,1503610345734,-11,-4,10,2,1,-2,-7,-18
2214,2214,1503610345742,3,0,0,0,-4,-3,-6,-7
2527,2527,1503610348808,19,17,13,1,2,0,-1,2
2528,2528,1503610348809,6,-7,-8,-1,-1,-1,1,3
2529,2529,1503610348824,-6,-7,-10,-8,0,-1,-2,-4
2530,2530,1503610348831,-23,-1,23,5,-1,-2,-1,-7
2531,2531,1503610348847,-9,-15,-4,-2,-1,-2,-1,-3
2532,2532,1503610348855,6,-5,-11,-5,-2,0,-1,5
2533,2533,1503610348862,7,10,1,3,-2,0,0,16
2534,2534,1503610348869,4,0,-3,6,1,-1,-2,5
2535,2535,1503610348885,2,-11,-2,-2,-1,0,-1,-1
2536,2536,1503610348891,7,-1,-17,-5,-3,-1,2,13
2537,2537,1503610348915,6,-7,-10,-6,-1,1,-1,-7
2538,2538,1503610348922,-10,-6,7,4,0,1,1,-4
2539,2539,1503610348923,3,15,-1,-2,0,-1,2,6
2540,2540,1503610348929,6,10,-6,-2,-3,-2,-2,-6
2541,2541,1503610348944,13,0,2,-2,-3,2,0,-2
2542,2542,1503610348952,-7,4,17,-2,0,-2,-4,7
2543,2543,1503610348967,-21,-11,-3,1,-2,0,-2,-14
2544,2544,1503610348975,-3,-12,-9,-8,0,-1,0,-2
2545,2545,1503610348982,1,0,1,1,1,0,-2,-9
2546,2546,1503610348989,-2,-10,-11,-3,-4,-2,0,-4
2547,2547,1503610349004,3,-1,-1,0,1,-3,-6,-9
2548,2548,1503610349019,-8,3,8,3,0,-2,-3,-6
2549,2549,1503610349027,-8,-5,-5,-6,-2,-2,-1,5
2550,2550,1503610349034,-3,28,10,3,1,-1,-3,-9
2551,2551,1503610349042,5,5,2,2,-2,1,1,-4
2552,2552,1503610349049,6,-11,-9,-3,-2,0,2,6
2553,2553,1503610349064,5,-8,-5,-9,0,0,2,9
2554,2554,1503610349071,-11,31,22,5,0,1,0,-4
2555,2555,1503610349087,-1,-19,-4,4,-1,-1,-3,-12
2556,2556,1503610349094,-3,-15,-15,-4,-2,-3,1,-2
2557,2557,1503610349101,-1,10,-2,-2,-3,1,1,6
2558,2558,1503610349108,1,-4,2,1,0,-1,0,-2
2559,2559,1503610349124,8,12,3,-1,-1,-1,1,14
2560,2560,1503610349131,18,-1,-7,-2,1,-1,0,5
2561,2561,1503610349149,-7,7,12,8,5,2,0,0
2562,2562,1503610349154,-18,-13,-8,-4,-1,-2,1,7
2563,2563,1503610349161,5,-18,-15,-6,-3,-2,-2,-6
2564,2564,1503610349162,18,3,-8,-10,-5,-3,-1,11
2565,2565,1503610349169,15,-5,-2,3,3,1,-1,3
2566,2566,1503610349184,-9,6,4,4,-1,0,-1,-12
2567,2567,1503610349191,-16,-44,-11,-4,1,-1,-2,-9
2568,2568,1503610349207,10,-6,-5,1,0,-2,-2,1
2569,2569,1503610349215,-6,-1,2,0,-3,-4,-7,-28
2570,2570,1503610349222,-6,-16,-5,-2,-3,-1,0,-5
2571,2571,1503610349236,4,8,5,1,-1,0,2,5
2572,2572,1503610349244,-5,1,1,-4,-2,-4,-1,-2
2573,2573,1503610349251,5,7,1,-2,-1,-2,-1,2
2574,2574,1503610349267,-5,6,3,3,2,2,1,-1
2575,2575,1503610349274,3,12,0,-5,-3,-2,-2,3
2576,2576,1503610349283,-5,-2,-8,-8,-1,-1,-3,-2
2577,2577,1503610349296,0,18,10,5,-1,-2,1,3
2578,2578,1503610349304,5,7,-5,-4,-2,0,1,-1
2579,2579,1503610349311,-5,-1,-1,0,0,-1,-4,-9
2580,2580,1503610349327,4,0,-2,-2,-2,-3,-3,1
2581,2581,1503610349334,2,-6,0,1,-1,2,0,-1
2582,2582,1503610349342,-3,1,3,1,-1,0,2,11
2583,2583,1503610349356,-13,-20,-9,-4,-2,-1,6,18
2584,2584,1503610349364,0,-8,-3,4,-1,-3,-2,-9
2585,2585,1503610349371,3,10,7,0,2,1,-2,-5
2586,2586,1503610349387,-9,-9,1,2,0,0,1,-1
2587,2587,1503610349394,2,-6,-8,-4,-3,-1,0,1
2588,2588,1503610349402,3,2,2,-1,-1,0,-2,-4
2589,2589,1503610349418,0,0,-1,-1,0,0,-1,-2
2590,2590,1503610349428,-18,-8,-8,-4,-2,2,2,-1
2591,2591,1503610349431,4,-5,-4,-4,-2,0,-3,-3
2592,2592,1503610349447,-6,-6,-5,-9,-4,-5,-2,-5
2593,2593,1503610349457,-2,7,3,3,3,1,0,-5
2594,2594,1503610349464,3,4,-2,-1,-1,-1,-4,-1
2595,2595,1503610349476,-1,0,-3,-2,-2,-4,-2,-1
2596,2596,1503610349488,4,5,8,2,3,-2,4,10
2597,2597,1503610349493,16,31,-2,-2,-4,-2,0,2
2598,2598,1503610349507,4,-6,-2,4,-2,0,-3,-20
2599,2599,1503610349514,1,0,-5,-6,-3,-1,-2,-1
2600,2600,1503610349523,-4,-9,11,8,3,1,1,3
2601,2601,1503610349537,-5,-10,6,4,0,0,2,0
2602,2602,1503610349544,4,-2,-12,-5,-2,-1,-3,-3
2603,2603,1503610349552,-16,-27,-5,0,-1,-1,-2,2
2604,2604,1503610349567,0,1,3,-3,0,-2,-1,2
2605,2605,1503610349574,3,17,13,4,2,1,0,0
2606,2606,1503610349590,0,-9,-8,-4,-4,-1,-3,-12
2607,2607,1503610349596,-3,-44,-16,-5,2,0,1,-4
2608,2608,1503610349611,1,9,9,7,4,3,2,2
2609,2609,1503610349612,-2,6,2,0,-1,-1,-1,-1
2610,2610,1503610349627,-2,10,11,4,0,0,0,0
2611,2611,1503610349634,7,7,-5,-6,-2,-1,0,6
2612,2612,1503610349642,-20,26,12,2,1,0,-3,-3
2613,2613,1503610349656,-3,6,-3,-1,-2,-1,0,-5
2614,2614,1503610349671,-2,-13,-12,-4,-2,-3,0,3
2615,2615,1503610349672,30,25,1,-1,-2,-1,-2,9
2616,2616,1503610349687,-1,-14,-10,-8,-2,-1,1,8
2617,2617,1503610349695,-21,-20,-5,6,2,0,-4,-20
2618,2618,1503610349702,4,-9,-15,-16,-5,-2,-2,-6
2619,2619,1503610349716,10,20,12,7,2,0,3,7
2620,2620,1503610349726,7,12,21,8,1,2,-1,-3
2621,2621,1503610349731,-14,-9,-8,-6,-4,-1,-4,-8
2994,2994,1503610353301,-3,-21,-16,-12,-6,-2,3,8
2995,2995,1503610353316,-3,10,8,7,2,1,6,22
2996,2996,1503610353323,-2,1,-1,-1,-2,-1,-6,4
2997,2997,1503610353331,-1,-11,-15,-9,-5,-1,-1,-2
2998,2998,1503610353345,0,31,10,5,1,3,2,-5
2999,2999,1503610353354,13,8,11,6,2,0,1,14
3000,3000,1503610353361,6,3,-6,-4,1,-2,-1,-13
3001,3001,1503610353378,7,1,-8,-3,0,2,0,-10
3002,3002,1503610353383,3,-10,-10,-4,-4,0,1,14
3003,3003,1503610353391,-2,6,9,7,3,0,-6,-17
3004,3004,1503610353405,1,-14,-10,-5,-1,-2,-1,-9
3005,3005,1503610353417,0,-14,-12,-5,-2,-3,-1,10
3006,3006,1503610353425,-3,4,22,10,3,0,0,10
3007,3007,1503610353436,4,0,-1,0,-1,1,-4,0
3008,3008,1503610353437,-3,3,-3,-4,-4,-3,1,-7
3009,3009,1503610353445,-13,-6,-6,-11,-4,-4,-2,-14
3010,3010,1503610353451,-4,-1,7,8,1,0,-5,0
3011,3011,1503610353467,-3,-20,-15,-3,-4,-3,-2,2
3012,3012,1503610353474,1,-3,11,4,3,1,5,9
3013,3013,1503610353482,3,-9,-4,-2,-2,-1,-5,-13
3014,3014,1503610353497,-1,-4,-12,-7,-5,-2,0,4
3015,3015,1503610353509,-3,3,9,7,4,2,-3,-5
3016,3016,1503610353517,1,7,11,-1,-2,-3,-1,-16
3017,3017,1503610353527,-8,-6,-6,-5,-3,0,-1,-5
3018,3018,1503610353534,2,-2,-10,-4,-2,-2,-3,-7
3019,3019,1503610353541,8,-3,-1,4,-3,-2,-1,12
3020,3020,1503610353556,3,4,-1,2,2,1,4,5
3021,3021,1503610353563,5,1,4,-1,0,-1,-1,1
3022,3022,1503610353571,-7,-4,-5,-2,-1,-1,-1,0
3023,3023,1503610353587,3,0,-1,-3,-1,-2,-2,0
3024,3024,1503610353594,-9,-13,-12,-8,-2,-1,3,4
3025,3025,1503610353601,-4,-1,-2,-2,-1,-1,5,-2
3026,3026,1503610353616,-3,-23,-7,2,0,-1,-2,2
3027,3027,1503610353623,-2,-5,-8,-5,-1,-1,2,-2
3028,3028,1503610353631,0,13,16,1,-2,-1,-3,3
3029,3029,1503610353648,-8,4,11,4,3,1,-1,1
3030,3030,1503610353655,5,9,-1,-1,-2,0,-1,-1
3031,3031,1503610353661,3,1,-4,-2,1,1,-1,4
3032,3032,1503610353676,-1,-2,0,0,0,1,0,-5
3033,3033,1503610353683,2,-2,-5,-1,-1,0,-2,1
3034,3034,1503610353691,5,6,-2,-1,0,-1,1,-1
3035,3035,1503610353705,-7,-10,-10,-1,0,-3,-3,-4
3036,3036,1503610353714,7,16,18,10,3,1,-1,-2
3037,3037,1503610353715,0,-9,6,-3,-1,-1,0,-2
3038,3038,1503610353722,-3,-12,-2,-4,-5,-4,-3,-2
3039,3039,1503610353736,6,37,15,7,3,1,1,4
3040,3040,1503610353743,-4,-2,0,1,-1,0,2,-1
3041,3041,1503610353751,1,-7,-13,-7,-5,-3,-3,-4
3042,3042,1503610353765,12,21,11,5,0,1,-2,2
3043,3043,1503610353774,4,6,0,-3,-3,-1,-2,-2
3044,3044,1503610353782,0,-2,-5,0,4,-1,-2,7
3045,3045,1503610353796,-3,-3,-6,-4,-5,-2,2,0
3046,3046,1503610353803,0,2,6,4,1,-2,-3,-2
3047,3047,1503610353811,-4,-6,-8,-3,3,-1,-4,-3
3048,3048,1503610353825,1,4,-11,-6,-5,-3,-2,-4
3049,3049,1503610353834,1,-1,8,5,6,1,2,0
3050,3050,1503610353841,-4,-2,-1,1,-1,1,-5,-17
3051,3051,1503610353856,-5,-1,-5,-5,-5,-3,-4,-5
3052,3052,1503610353863,-3,-8,4,1,-2,1,0,4
3053,3053,1503610353881,-3,8,1,2,3,0,1,3
3054,3054,1503610353885,-1,1,2,-4,-2,-2,1,-4
3055,3055,1503610353894,2,0,2,4,0,0,-3,2
3056,3056,1503610353908,1,0,-11,-10,-4,0,5,5
3057,3057,1503610353916,-1,2,9,2,1,-2,-9,-5
3058,3058,1503610353923,-4,-1,0,0,-1,-1,0,0
3059,3059,1503610353939,0,0,1,0,-2,0,1,-1
3060,3060,1503610354011,-6,-20,-17,-9,-3,-2,-3,-2
3061,3061,1503610354012,2,-2,-13,-10,-4,-1,-1,-2
3062,3062,1503610354018,-6,-6,1,2,-2,-3,-9,-1
3063,3063,1503610354020,-5,-11,-5,-4,-3,-3,-3,-12
3064,3064,1503610354029,2,5,2,1,1,-1,3,2
3065,3065,1503610354036,1,-1,-8,-4,-3,-3,-2,-5
3066,3066,1503610354045,-1,-7,-10,-3,-2,-2,-2,0
3067,3067,1503610354049,-2,2,6,0,0,0,-2,-3
3068,3068,1503610354059,-1,-11,-10,-1,-1,-1,1,2
3069,3069,1503610354066,-1,-24,-18,-5,1,-1,5,12
3070,3070,1503610354074,-7,-6,-4,-2,0,-2,-1,1
3071,3071,1503610354089,0,1,-7,-3,-4,-3,-3,-5
3072,3072,1503610354096,17,12,7,-1,-2,1,3,12
3073,3073,1503610354104,3,8,9,5,4,3,4,5
3074,3074,1503610354105,-7,-21,-2,6,1,0,2,1
3075,3075,1503610354120,-3,0,-8,-4,-2,0,2,5
3076,3076,1503610354126,5,-1,-1,1,-3,-4,-9,2
3077,3077,1503610354134,-2,4,-7,-6,1,1,-2,-1
3078,3078,1503610354151,0,0,7,10,4,2,-2,-8
3079,3079,1503610354157,5,1,1,-1,-4,-2,2,4
3080,3080,1503610354164,9,11,2,2,-3,0,4,1
3081,3081,1503610354178,-8,-7,1,1,0,-2,-1,-10
3082,3082,1503610354186,-1,7,5,0,1,1,3,0
3083,3083,1503610354194,-9,-10,-12,-3,-3,-1,-6,-9
3084,3084,1503610354209,7,24,-3,-7,-1,-1,-4,-5
3085,3085,1503610354220,-6,5,3,1,1,-1,0,-7
3086,3086,1503610354225,-10,-11,-14,-9,-1,-2,-3,-7
3087,3087,1503610354239,3,3,5,3,-2,-3,-3,-1
3088,3088,1503610354246,-10,-2,5,-5,-3,-2,0,-1
3089,3089,1503610354254,0,-1,7,4,2,0,-3,-9
3090,3090,1503610354270,-1,-2,-1,-1,-1,-1,0,1
3091,3091,1503610354277,6,4,15,3,1,2,0,-4
3092,3092,1503610354287,-6,-27,-18,-6,-6,-5,-4,-4
3093,3093,1503610354299,9,27,32,15,6,5,4,8
3094,3094,1503610354306,-4,7,8,2,1,1,-2,-10
3095,3095,1503610354307,1,-4,-6,-2,-2,-1,0,2
3096,3096,1503610354315,-3,-14,-21,-7,-3,-3,-2,0
3097,3097,1503610354329,1,7,7,5,0,1,-1,2
3098,3098,1503610354336,-5,6,0,3,2,0,-1,-1
3099,3099,1503610354346,-4,5,-1,0,3,-1,0,-8
3100,3100,1503610354359,1,-3,4,-4,-1,2,4,12
3101,3101,1503610354360,-1,-1,-1,-1,-2,-2,-7,-24
3102,3102,1503610354367,-1,9,10,0,4,3,4,5
3103,3103,1503610354374,-7,-10,-8,-4,-2,1,1,4
3104,3104,1503610354390,-2,2,-4,-6,-6,-1,-2,5
3105,3105,1503610354396,3,-11,-4,0,2,0,0,10
3106,3106,1503610354412,-2,-1,5,3,-2,0,0,3
3107,3107,1503610354420,0,-6,-22,-14,-9,-5,0,11
3108,3108,1503610354427,15,33,23,7,5,5,3,3
3109,3109,1503610354434,-9,-20,-2,1,0,0,-2,-1
3110,3110,1503610354435,5,2,-5,-3,-1,0,1,5
3111,3111,1503610354452,-16,-21,-17,-11,-4,-4,-7,-11
3112,3112,1503610354456,4,12,16,9,2,1,2,6
3113,3113,1503610354471,10,1,2,5,0,0,1,1
3114,3114,1503610354478,-5,-5,-6,-3,-2,-2,-2,2
3115,3115,1503610354479,-11,-18,-13,-8,-3,-3,0,-9
3116,3116,1503610354486,0,0,14,7,1,-1,0,0
3117,3117,1503610354494,1,9,4,3,3,1,0,-1
3118,3118,1503610354509,-3,-12,-9,0,-3,-4,-2,0
3119,3119,1503610354516,-5,-1,8,-2,1,-1,-4,-10
3120,3120,1503610354531,5,6,10,7,2,-1,-1,-1
3121,3121,1503610354538,-1,5,-16,-12,-4,0,0,1
3122,3122,1503610354546,-12,-15,3,0,-1,0,-3,0
3123,3123,1503610354554,-15,-19,-12,-2,-2,-3,-6,-5
3124,3124,1503610354569,12,11,-14,-3,-1,-1,4,12
3125,3125,1503610354576,2,2,8,4,-2,0,-1,1
3126,3126,1503610354591,0,-1,-8,-5,0,-1,-3,-6
3127,3127,1503610354599,0,0,-8,-13,-5,-3,1,-2
3128,3128,1503610354607,2,7,6,-2,0,1,2,-4
3129,3129,1503610354614,7,12,7,9,3,1,0,7
3130,3130,1503610354629,-3,-2,-8,-7,1,0,-4,-10
3131,3131,1503610354636,-4,-8,1,2,0,-2,-3,-7
3132,3132,1503610354654,0,-1,-14,-5,-6,-2,0,0
3133,3133,1503610354659,7,23,5,3,-3,-2,-6,-10
3134,3134,1503610354666,-3,-7,14,9,0,-1,-1,-9
3135,3135,1503610354667,-6,-4,3,3,3,1,1,-3
3136,3136,1503610354673,-3,-7,-2,3,-1,-2,2,7
3137,3137,1503610354689,-3,0,-1,-4,-4,0,0,2
3138,3138,1503610354696,-8,-5,9,4,0,0,-2,-4
3451,3451,1503610357748,2,1,-15,-7,-4,-1,-1,1
3452,3452,1503610357756,5,9,-4,-4,-2,1,-1,2
3453,3453,1503610357763,-6,0,-3,-2,-1,-2,4,-2
3454,3454,1503610357779,-11,10,6,2,5,10,20,-4
3455,3455,1503610357785,-9,-5,-6,0,1,-2,-2,-7
3456,3456,1503610357793,6,2,-1,0,2,-4,2,9
3457,3457,1503610357809,-6,1,3,-1,-5,-4,-7,-8
3458,3458,1503610357816,-8,2,7,5,1,-3,2,1
3459,3459,1503610357823,-10,-5,-7,-5,-2,-1,-7,-11
3460,3460,1503610357838,5,-1,0,0,-1,2,-5,3
3461,3461,1503610357846,-4,-6,5,5,1,1,5,4
3462,3462,1503610357854,-28,5,-2,0,1,3,1,-16
3463,3463,1503610357867,0,-7,1,-1,-2,-5,-1,-5
3464,3464,1503610357868,33,13,-3,-3,5,8,18,20
3465,3465,1503610357878,-4,-16,-15,-8,-8,-3,4,-29
3466,3466,1503610357884,-1,12,-5,2,4,3,5,-9
3467,3467,1503610357898,-5,0,-6,-4,-2,-5,-4,1
3468,3468,1503610357906,-11,-6,3,-2,-6,-1,-2,4
3469,3469,1503610357916,-17,4,6,3,0,-3,-6,-3
3470,3470,1503610357928,2,-2,-12,-9,-5,-6,-9,-3
3471,3471,1503610357936,9,2,9,3,1,-1,-4,-7
3472,3472,1503610357944,16,19,6,4,-1,2,-1,12
3473,3473,1503610357958,10,19,5,-1,-5,-1,-4,11
3474,3474,1503610357966,5,-2,5,3,2,1,-3,-10
3475,3475,1503610357979,11,-12,-7,-7,-3,-3,1,22
3476,3476,1503610357988,-14,-3,7,2,1,-1,-2,-5
3477,3477,1503610357996,-1,-6,-4,-1,-4,-1,6,8
3478,3478,1503610358003,-7,-22,-4,3,5,2,7,-4
3479,3479,1503610358018,-7,-7,3,-1,0,-3,-4,2
3480,3480,1503610358026,-10,0,-3,-3,-4,-2,-4,-7
3481,3481,1503610358034,-9,1,-4,1,-4,-5,-4,2
3482,3482,1503610358048,23,15,-4,-5,-1,0,0,8
3483,3483,1503610358056,11,-27,-24,-9,0,0,-3,6
3484,3484,1503610358063,3,8,7,1,0,-1,-8,-16
3485,3485,1503610358079,-20,-16,0,-1,-1,0,5,5
3486,3486,1503610358080,20,15,10,5,7,3,-2,2
3487,3487,1503610358087,4,0,8,7,1,-4,-4,-1
3488,3488,1503610358094,-18,-19,-6,-4,-3,-7,-5,-19
3489,3489,1503610358107,-29,-19,-20,-14,-6,-5,-3,-5
3490,3490,1503610358116,-5,7,17,6,3,1,-6,-6
3491,3491,1503610358123,-5,-7,-4,-1,-4,0,1,-4
3492,3492,1503610358138,-6,-12,-6,-2,2,1,-1,1
3493,3493,1503610358147,-11,0,5,0,2,3,3,-1
3494,3494,1503610358155,3,1,8,6,2,2,3,-9
3495,3495,1503610358167,9,9,3,-5,1,1,0,26
3496,3496,1503610358168,-11,4,-10,-3,-4,-4,-7,-23
3497,3497,1503610358179,-1,-4,-8,-4,-3,-2,-4,1
3498,3498,1503610358184,13,-9,-7,-4,-2,-3,-3,1
3499,3499,1503610358198,-22,-9,-5,4,-1,0,-5,-15
3500,3500,1503610358205,-8,-2,-10,-4,-4,-4,-1,5
3501,3501,1503610358214,17,44,32,10,4,3,6,16
3502,3502,1503610358228,3,3,-15,-1,-3,0,0,-3
3503,3503,1503610358236,-1,2,-3,4,-1,-2,-2,-5
3504,3504,1503610358248,22,5,16,5,4,4,6,28
3505,3505,1503610358258,-12,-16,-19,-13,-9,-4,-6,-18
3506,3506,1503610358265,8,-5,-1,-1,-1,-2,-2,4
3507,3507,1503610358273,15,16,10,3,4,4,5,-1
3508,3508,1503610358288,-8,40,18,3,4,2,5,5
3509,3509,1503610358296,14,6,-4,-1,1,0,0,-6
3510,3510,1503610358303,6,-13,-12,-8,-6,-3,-2,0
3511,3511,1503610358318,12,-6,-9,-7,2,-2,2,9
3512,3512,1503610358325,-2,54,40,9,1,-1,1,7
3513,3513,1503610358333,-1,9,-6,-7,-7,0,3,18
3514,3514,1503610358348,2,-14,-22,-4,0,-2,-1,-4
3515,3515,1503610358356,-29,-3,3,2,0,-3,-10,-14
3516,3516,1503610358363,-11,-8,-9,-3,-2,-2,-1,-6
3517,3517,1503610358379,8,8,5,9,5,3,6,22
3518,3518,1503610358380,8,-1,0,-1,0,1,2,1
3519,3519,1503610358386,-4,-23,-8,-7,-5,-4,-4,-6
3520,3520,1503610358395,3,-17,-9,-4,-3,-3,9,9
3521,3521,1503610358407,21,-2,1,2,-2,-1,6,7
3522,3522,1503610358416,24,12,2,0,2,-5,-26,-3
3523,3523,1503610358423,3,-6,-1,-4,-8,-6,0,1
3524,3524,1503610358438,-7,-12,0,3,3,1,5,5
3525,3525,1503610358448,-10,-10,3,5,4,1,-4,-1
3526,3526,1503610358454,-24,-7,4,-2,-1,3,-1,-7
3527,3527,1503610358468,-14,-13,-4,-1,-2,0,1,10
3528,3528,1503610358480,-13,-16,-23,-17,-5,-1,5,16
3529,3529,1503610358483,-2,13,19,11,6,2,-2,-2
3530,3530,1503610358498,-13,-38,-16,-5,-5,-1,4,0
3531,3531,1503610358506,16,37,3,-8,-2,0,-2,12
3532,3532,1503610358516,-11,7,8,6,0,1,4,0
3533,3533,1503610358528,-18,-34,-15,-1,2,1,2,4
3534,3534,1503610358536,31,33,1,-5,-4,-3,-4,-14
3535,3535,1503610358550,-20,-6,12,3,2,-1,-13,-38
3536,3536,1503610358558,-10,-24,-13,-3,-6,-5,-5,-13
3537,3537,1503610358566,4,-9,-16,-4,6,2,-8,-10
3538,3538,1503610358581,6,24,19,10,6,4,-4,-1
3539,3539,1503610358588,7,-14,-4,3,-4,-1,7,-1
3540,3540,1503610358596,-7,-4,-8,1,4,0,-4,-7
3541,3541,1503610358597,17,14,0,0,-4,-3,0,-11
3542,3542,1503610358610,12,8,21,4,-2,0,-1,-2
3543,3543,1503610358619,1,-19,0,-2,-2,-1,-1,2
3544,3544,1503610358626,21,-28,-12,-4,-3,-5,1,7
3545,3545,1503610358641,-5,21,5,-3,0,3,5,19
3546,3546,1503610358649,-37,8,2,0,-2,0,0,-1
3547,3547,1503610358656,8,-19,-10,1,0,0,4,17
3548,3548,1503610358670,9,-7,-8,-3,-4,1,-1,-13
3549,3549,1503610358678,5,8,11,6,0,-4,-9,-5
3550,3550,1503610358686,2,16,-5,-4,-1,-1,0,-4
3551,3551,1503610358701,-6,-15,-3,-1,-4,-2,0,2
3552,3552,1503610358708,2,-11,-4,-2,-1,2,5,24
3553,3553,1503610358716,20,5,-5,-5,-1,-1,1,-1
3554,3554,1503610358730,10,17,4,3,3,1,-11,-8
3555,3555,1503610358738,-23,-3,-3,-1,-1,-1,6,-18
3556,3556,1503610358746,-6,-7,-3,0,-2,-4,-6,0
3557,3557,1503610358762,7,-19,-15,0,0,-4,1,-4
3558,3558,1503610358768,4,-3,-12,-10,-6,-4,8,13
3559,3559,1503610358776,-24,0,11,2,-2,-3,-7,-29
3560,3560,1503610358791,-1,-7,6,8,6,1,1,1
3561,3561,1503610358798,-2,13,-13,-12,-3,1,1,20
3562,3562,1503610358806,-7,-1,16,5,2,-4,-9,-18
3563,3563,1503610358821,-5,-16,-7,-4,-1,1,-5,-4
3564,3564,1503610358828,3,8,-12,-6,-1,-2,0,4
3565,3565,1503610358837,-14,10,8,-1,1,1,-2,4
3566,3566,1503610358851,5,1,1,5,3,-3,4,18
3567,3567,1503610358859,13,-1,-8,-4,-4,-1,3,7
3568,3568,1503610358866,13,6,15,7,4,-2,-18,-14
3569,3569,1503610358882,-15,-6,1,1,0,0,-4,-9
3570,3570,1503610358888,-9,-16,-13,-2,-8,-4,-1,2
3571,3571,1503610358896,-3,3,6,5,-1,0,1,-2
3572,3572,1503610358910,-42,-19,1,2,-1,2,9,-4
3573,3573,1503610358919,-13,-5,1,-1,4,4,4,5
3574,3574,1503610358926,18,2,-8,-6,-7,-3,0,0
3575,3575,1503610358941,5,9,3,5,3,-1,-4,5
3576,3576,1503610358950,9,-11,-12,-6,-2,1,2,10
3577,3577,1503610358956,-10,-4,-9,-2,3,-1,-4,1
3578,3578,1503610358970,-2,12,16,10,8,2,3,2
3579,3579,1503610358978,9,-3,-9,-5,-6,-6,8,2
3580,3580,1503610358986,-37,-6,-3,-7,4,-5,-9,-9
3581,3581,1503610359001,-6,0,5,1,5,-1,-1,-10
3582,3582,1503610359008,20,4,-1,-8,-4,2,11,23
3583,3583,1503610359019,-20,-7,-8,-5,-7,-6,-10,-52
3584,3584,1503610359020,21,7,1,5,0,-2,-6,9
3934,3934,1503610362450,0,-4,5,2,1,-1,2,1
3935,3935,1503610362458,-26,-13,-9,-3,-3,-3,0,5
3936,3936,1503610362465,-13,-10,-1,0,0,-1,-4,-3
3937,3937,1503610362481,16,4,4,-3,-5,-2,-2,3
3938,3938,1503610362488,8,3,0,-1,-1,0,0,-2
3939,3939,1503610362496,10,8,-3,-1,1,2,4,-2
3940,3940,1503610362511,-8,-20,-16,-5,-5,-4,-6,-8
3941,3941,1503610362518,2,7,12,12,9,4,2,-1
3942,3942,1503610362525,-3,-1,-9,-6,-4,-4,-2,-1
3943,3943,1503610362544,-2,8,-1,-1,-2,-3,-3,-2
3944,3944,1503610362548,12,29,15,7,0,-2,-5,-3
3945,3945,1503610362557,22,1,-2,-1,-4,1,0,-3
3946,3946,1503610362570,-2,0,-4,-2,1,-1,2,5
3947,3947,1503610362579,-19,3,-1,-5,-3,1,3,1
3948,3948,1503610362586,-4,-25,-15,-8,-2,-3,-4,-5
3949,3949,1503610362601,-5,3,2,4,2,0,2,9
3950,3950,1503610362609,-1,8,2,-3,-6,-2,-3,-15
3951,3951,1503610362617,13,6,-5,-4,-6,-3,-3,6
3952,3952,1503610362630,-15,-1,10,2,0,3,3,2
3953,3953,1503610362638,5,-3,2,0,-2,-1,-1,8
3954,3954,1503610362647,-2,-4,4,2,0,-1,4,-11
3955,3955,1503610362660,-32,-9,0,1,4,-3,-2,-14
3956,3956,1503610362668,11,13,-1,2,3,-6,-20,14
3957,3957,1503610362677,10,-4,-2,0,-4,-3,-7,-10
3958,3958,1503610362690,4,5,3,4,3,1,3,-1
3959,3959,1503610362698,4,-4,-8,1,7,0,-5,1
3960,3960,1503610362705,2,3,3,14,15,7,7,20
3961,3961,1503610362720,-13,-1,6,-3,-5,-5,-3,-12
3962,3962,1503610362721,3,-7,-1,-4,-4,2,5,4
3963,3963,1503610362728,-1,-11,-10,-10,-6,2,7,13
3964,3964,1503610362736,0,-4,3,0,-1,-1,0,4
3965,3965,1503610362753,-22,-11,-10,-8,-7,-5,-7,-19
3966,3966,1503610362758,-17,-10,-2,0,-1,-1,-1,1
3967,3967,1503610362766,-4,-10,1,-4,-6,-2,10,2
3968,3968,1503610362781,-3,-5,-6,3,4,-2,1,-6
3969,3969,1503610362788,7,9,-6,-2,1,14,26,15
3970,3970,1503610362796,7,1,1,-12,-14,9,5,5
3971,3971,1503610362814,-9,6,7,8,1,-9,-7,2
3972,3972,1503610362819,3,2,-2,-6,-4,-2,-1,-2
3973,3973,1503610362825,2,-2,-2,-4,-6,-7,-7,-6
3974,3974,1503610362840,-6,1,5,4,2,-7,-9,-17
3975,3975,1503610362848,6,4,1,-3,-2,0,10,0
3976,3976,1503610362856,0,1,1,-3,1,1,-1,-3
3977,3977,1503610362870,-4,1,0,0,1,-3,-9,-10
3978,3978,1503610362878,1,1,-2,-1,2,-1,8,3
3979,3979,1503610362886,10,6,1,-1,-1,0,-5,-1
3980,3980,1503610362901,-6,-2,-2,-1,-1,-3,-6,-2
3981,3981,1503610362909,-8,17,6,6,1,1,-8,-6
3982,3982,1503610362916,6,-1,-6,-2,1,3,7,16
3983,3983,1503610362930,-11,18,11,3,2,-1,-6,-24
3984,3984,1503610362938,-6,4,-3,-4,-4,-5,-3,18
3985,3985,1503610362946,-1,9,9,-2,-3,-3,-5,-20
3986,3986,1503610362960,27,8,-1,1,1,0,-7,12
3987,3987,1503610362968,-4,-14,-3,-2,0,-3,-2,8
3988,3988,1503610362979,14,4,-7,-2,-5,0,1,3
3989,3989,1503610362990,14,-2,6,0,-1,4,10,30
3990,3990,1503610362998,-13,-15,-3,1,3,1,-2,-19
3991,3991,1503610363005,8,-25,-29,-17,-13,-8,-2,16
3992,3992,1503610363021,3,7,-13,0,-1,-2,-3,-6
3993,3993,1503610363028,28,-1,6,3,2,1,4,21
3994,3994,1503610363036,-23,30,20,0,0,-2,1,-14
3995,3995,1503610363051,13,9,4,-1,-2,-2,-5,-12
3996,3996,1503610363059,-14,-21,-2,2,3,2,3,2
3997,3997,1503610363065,-27,-23,-2,3,1,1,4,4
3998,3998,1503610363081,17,0,7,5,3,3,1,7
3999,3999,1503610363089,-20,2,-19,-8,-2,-2,-8,-29
4000,4000,1503610363096,20,24,5,1,-3,-3,2,8
4001,4001,1503610363114,2,2,10,4,2,3,-7,-27
4002,4002,1503610363119,34,3,-4,-3,0,0,0,3
4003,4003,1503610363125,8,7,-6,1,3,2,-3,-2
4004,4004,1503610363141,-9,-27,-9,-2,-4,-3,-3,13
4005,4005,1503610363148,-8,15,12,8,2,-1,-3,-21
4006,4006,1503610363156,-6,4,7,1,-1,-6,-11,-31
4007,4007,1503610363170,-1,-5,-6,-10,-5,-5,-3,11
4008,4008,1503610363180,-5,-14,-5,-4,-1,-1,1,-2
4009,4009,1503610363186,-5,-10,-4,-2,-1,-1,0,-7
4010,4010,1503610363200,-14,-8,6,4,3,4,4,-1
4011,4011,1503610363208,22,28,-6,-1,0,2,1,7
4012,4012,1503610363223,-29,-19,-6,1,0,-1,-3,-1
4013,4013,1503610363230,7,-3,-3,-3,-3,-1,3,22
4014,4014,1503610363238,-7,-38,-25,-4,-1,0,-1,4
4015,4015,1503610363252,-14,-8,-1,1,-1,-1,-2,-3
4016,4016,1503610363260,-1,-8,1,-1,-2,-1,4,18
4017,4017,1503610363268,-13,-9,-1,-3,-2,-2,-1,0
4018,4018,1503610363283,6,3,0,-4,-5,-2,0,13
4019,4019,1503610363290,7,10,0,-2,1,-2,-3,-2
4020,4020,1503610363298,-20,23,16,-2,-1,-2,-6,-22
4021,4021,1503610363315,-7,-17,0,1,0,3,7,6
4022,4022,1503610363321,1,-7,-2,-5,2,1,-4,-14
4023,4023,1503610363328,5,27,35,7,2,1,2,11
4024,4024,1503610363343,5,10,-3,-1,-4,-5,-3,-12
4025,4025,1503610363350,-9,-20,-18,-7,-6,-2,7,7
4026,4026,1503610363351,-7,-21,-14,-5,0,-3,-3,-17
4027,4027,1503610363358,-21,8,1,-1,-5,-3,-2,0
4028,4028,1503610363372,-14,-26,-9,1,2,-2,-4,-6
4029,4029,1503610363384,9,-3,-7,-2,0,-1,1,-1
4030,4030,1503610363389,-6,0,-3,0,-1,-1,-4,-2
4031,4031,1503610363403,4,0,-3,-1,-3,-3,-8,-15
4032,4032,1503610363410,34,5,4,3,3,5,3,6
4033,4033,1503610363418,10,10,8,5,0,4,2,-2
4034,4034,1503610363432,-8,-3,-8,1,0,1,-6,-1
4035,4035,1503610363441,-4,4,2,0,1,0,6,5
4036,4036,1503610363449,0,-4,-3,-1,-3,0,3,2
4037,4037,1503610363463,-17,-3,-4,-4,1,-2,-4,-29
4038,4038,1503610363470,8,5,-3,-7,-3,-3,4,5
4039,4039,1503610363478,4,17,11,6,1,0,-1,3
4040,4040,1503610363492,25,8,-2,4,-1,-5,-4,-1
4041,4041,1503610363501,7,-16,-13,-3,-2,0,3,16
4042,4042,1503610363508,-12,-15,-11,-4,-4,-1,0,-1
4043,4043,1503610363524,9,23,13,2,5,3,2,6
4044,4044,1503610363530,-17,3,-2,-4,-2,0,-2,-12
4045,4045,1503610363538,-10,-14,-12,-6,-4,-4,-5,-2
4046,4046,1503610363554,-1,5,5,-1,0,-1,0,4
4047,4047,1503610363560,8,-3,1,-1,-3,-2,3,2
4048,4048,1503610363568,-14,-1,5,2,0,-1,-2,-12
4661,4661,1503610369574,-1,-3,-7,0,-2,0,-1,7
4662,4662,1503610369583,-4,-31,-16,-5,0,-2,-2,-1
4663,4663,1503610369599,-7,-15,14,11,5,1,2,1
4664,4664,1503610369605,0,-15,-16,-5,-4,-1,-3,-5
4665,4665,1503610369612,8,30,20,4,0,1,3,5
4666,4666,1503610369628,5,-5,-4,-2,-4,-4,1,3
4667,4667,1503610369634,4,-2,-13,-7,-3,-1,0,0
4668,4668,1503610369642,-4,5,8,1,0,0,-2,-4
4669,4669,1503610369643,2,7,-2,-2,-3,-2,-2,-1
4670,4670,1503610369659,5,-9,-4,0,3,1,0,-2
4671,4671,1503610369666,-2,-14,11,6,1,1,0,0
4672,4672,1503610369673,7,-8,-13,-5,-2,-2,0,1
4673,4673,1503610369687,-6,1,-4,-4,-1,0,0,0
4674,4674,1503610369695,19,3,6,0,-1,0,-1,2
4675,4675,1503610369696,-23,-14,-12,-8,-5,-1,-2,-2
4676,4676,1503610369703,-3,5,7,4,0,1,-1,-1
4677,4677,1503610369717,2,5,-5,0,1,-2,-1,-1
4678,4678,1503610369725,-3,-13,-9,-4,-2,-1,0,0
4679,4679,1503610369740,6,15,5,-3,-5,-1,2,4
4680,4680,1503610369748,6,15,15,3,3,1,-1,2
4681,4681,1503610369754,-5,-2,3,1,-1,-1,-3,-6
4682,4682,1503610369770,6,0,-14,-5,-3,-3,-3,0
4683,4683,1503610369777,7,14,6,-2,1,-2,-4,-2
4684,4684,1503610369785,-4,6,4,2,1,0,0,-3
4685,4685,1503610369801,1,-14,-12,-6,-4,-2,2,2
4686,4686,1503610369808,-11,10,13,4,2,0,-1,-5
4687,4687,1503610369814,6,0,1,5,1,1,3,8
4688,4688,1503610369830,18,7,-4,0,-1,-2,-1,3
4689,4689,1503610369837,9,3,-2,-3,-4,-3,-2,-1
4690,4690,1503610369845,-13,-3,-4,1,-2,-1,-2,-2
4691,4691,1503610369861,3,5,2,5,1,1,-1,-2
4692,4692,1503610369868,-3,-1,0,-3,-3,-3,-1,-1
4693,4693,1503610369874,-1,-4,0,-1,-1,-1,0,-2
4694,4694,1503610369890,6,-1,-7,-1,-2,-2,0,0
4695,4695,1503610369897,13,35,14,0,0,-1,1,5
4696,4696,1503610369905,4,-9,-5,-1,-1,-1,1,2
4697,4697,1503610369919,-21,-22,-9,-7,-2,-2,-3,2
4698,4698,1503610369928,-3,0,11,5,-1,-1,-1,-2
4699,4699,1503610369935,17,1,-5,-2,0,2,4,4
4700,4700,1503610369936,0,-29,-13,-4,-3,-1,0,-6
4701,4701,1503610369950,-25,-9,-7,-4,3,-1,-4,-2
4702,4702,1503610369957,6,17,23,10,3,4,-1,-3
4703,4703,1503610369965,6,3,-9,-10,-7,-1,0,-1
4704,4704,1503610369979,-9,-17,-19,-4,0,-1,-1,-1
4705,4705,1503610369987,-22,10,8,2,0,-1,-1,-10
4706,4706,1503610369999,24,32,4,1,1,0,0,1
4707,4707,1503610370010,-2,5,-15,-5,0,1,4,8
4708,4708,1503610370017,-9,2,2,7,0,-1,-1,-4
4709,4709,1503610370028,9,-11,-10,-2,0,-2,-4,-1
4710,4710,1503610370040,-2,12,5,-2,0,0,-5,-20
4711,4711,1503610370050,8,21,9,0,-1,-1,-1,-8
4712,4712,1503610370067,-9,-1,2,0,1,-2,-3,-12
4713,4713,1503610370070,1,-4,-4,0,-2,-2,-3,-4
4714,4714,1503610370085,0,26,5,-1,-2,0,1,14
4715,4715,1503610370086,3,2,1,-1,-2,-1,-4,1
4716,4716,1503610370101,-20,-35,-16,-6,-4,-2,-3,2
4717,4717,1503610370107,3,16,-3,-2,-4,-1,1,-7
4718,4718,1503610370108,-1,-5,8,7,4,1,1,8
4719,4719,1503610370123,12,5,-4,-3,0,-1,4,12
4720,4720,1503610370132,0,-3,-2,-3,-2,0,1,-15
4721,4721,1503610370138,0,0,0,4,4,1,-3,1
4722,4722,1503610370145,5,1,6,0,-3,0,4,-1
4723,4723,1503610370162,-5,-9,1,-7,-5,1,2,-5
4724,4724,1503610370168,-3,-4,-3,1,1,1,-3,-2
4725,4725,1503610370183,10,2,-5,-1,0,-2,-2,10
4726,4726,1503610370190,11,-1,-7,-6,-4,-3,-3,-7
4727,4727,1503610370198,7,-6,0,-2,-2,0,0,-2
4728,4728,1503610370205,-5,19,18,5,2,0,1,4
4729,4729,1503610370221,-8,-9,4,0,-1,-2,-5,-11
4730,4730,1503610370230,-3,-23,-16,-5,-5,-1,2,7
4731,4731,1503610370243,-8,-2,-2,1,0,-1,1,-2
4732,4732,1503610370250,-28,-9,-2,-1,3,0,-1,-6
4733,4733,1503610370258,-1,-1,-2,-3,-1,-2,-3,-1
4734,4734,1503610370266,15,6,5,5,6,2,1,-3
4735,4735,1503610370281,-14,-5,-4,-3,0,-4,-4,-11
4736,4736,1503610370287,-4,1,0,1,1,-1,0,-2
4737,4737,1503610370303,0,-4,0,0,-1,-3,-3,5
4738,4738,1503610370304,8,9,2,0,-1,0,2,0
4739,4739,1503610370310,0,-12,-12,-9,-6,-1,-2,3
4740,4740,1503610370324,8,7,11,5,1,2,1,1
4741,4741,1503610370326,10,7,2,0,1,1,0,6
4742,4742,1503610370341,-6,6,-20,-11,-6,-4,-3,-3
4743,4743,1503610370347,-1,-9,5,4,1,0,-1,8
4744,4744,1503610370366,-3,3,2,-1,-2,0,-1,-13
4745,4745,1503610370370,0,-4,-12,-7,-4,-1,-5,-14
4746,4746,1503610370378,-12,-13,-7,0,0,0,-2,0
4747,4747,1503610370385,-10,3,2,1,0,-1,0,2
4748,4748,1503610370401,-7,-6,-2,1,0,-1,4,18
5541,5541,1503610378035,-1,5,0,-5,3,2,3,5
5542,5542,1503610378050,3,-2,1,2,-2,1,1,9
5543,5543,1503610378051,7,9,-1,-2,1,-1,-4,-1
5544,5544,1503610378059,-1,6,9,5,2,1,-3,-9
5545,5545,1503610378065,-17,-23,-23,-13,-9,-2,-1,0
5546,5546,1503610378080,-12,3,26,9,2,0,-1,-2
5547,5547,1503610378088,5,1,2,2,-1,0,0,4
5548,5548,1503610378099,2,7,-6,0,-1,-2,-1,-3
5549,5549,1503610378112,4,-5,-5,1,0,-1,-1,3
5550,5550,1503610378118,4,-7,-3,0,0,-2,-3,-4
5551,5551,1503610378132,3,6,-3,-3,0,-2,0,7
5552,5552,1503610378140,0,4,0,0,-2,2,0,5
5553,5553,1503610378150,1,9,8,0,-3,0,0,2
5554,5554,1503610378162,1,13,2,-6,-2,-1,-2,0
5555,5555,1503610378170,-10,-10,13,5,3,-4,-6,-10
5556,5556,1503610378177,-13,-19,-22,-12,-8,-6,-5,-14
5557,5557,1503610378193,1,24,17,8,0,-1,-1,0
5558,5558,1503610378200,14,16,8,5,2,1,-1,4
5559,5559,1503610378208,0,-18,-17,-6,0,0,2,2
5560,5560,1503610378222,6,32,1,-7,0,-1,1,3
5561,5561,1503610378230,0,4,2,-1,-1,-1,-3,-5
5562,5562,1503610378237,-1,-20,-5,1,-2,0,-1,-4
5563,5563,1503610378261,-13,1,2,1,-3,-1,1,-2
5564,5564,1503610378268,1,7,3,-2,-6,0,0,4
5565,5565,1503610378281,15,9,1,0,-1,0,-3,-4
5566,5566,1503610378282,0,-5,3,-4,-1,-2,3,6
5567,5567,1503610378291,-10,-36,-2,-1,-1,0,1,-4
5568,5568,1503610378297,0,18,10,6,1,-1,2,1
5569,5569,1503610378312,7,4,-13,-5,1,-1,1,2
5570,5570,1503610378325,-8,-23,-12,2,8,0,-6,-7
5571,5571,1503610378328,9,16,-1,1,0,2,-3,-5
5572,5572,1503610378342,2,2,5,5,-1,1,0,3
5573,5573,1503610378353,5,-9,-11,3,10,-2,0,-1
5574,5574,1503610378358,6,-1,-2,3,3,-2,-2,-2
5575,5575,1503610378372,-6,1,7,3,3,1,-1,-3
5576,5576,1503610378380,-4,-3,2,3,2,-1,1,-4
5577,5577,1503610378388,-2,6,8,-1,-3,-1,2,-1
5578,5578,1503610378402,5,9,-5,-9,-6,-1,0,-3
5579,5579,1503610378410,-9,-7,-6,-4,-7,1,2,-1
5580,5580,1503610378420,3,-2,9,-2,-3,-1,1,-1
5581,5581,1503610378432,-2,0,-2,6,11,0,-3,-6
5582,5582,1503610378440,4,-10,-14,-3,1,4,1,1
5583,5583,1503610378448,4,2,3,-5,-9,-2,-2,-2
5584,5584,1503610378462,-4,4,3,3,0,0,4,5
5585,5585,1503610378470,-15,-14,-3,-2,-2,-1,-1,-2
5586,5586,1503610378477,-19,-14,-2,-4,-5,-2,-2,-7
5587,5587,1503610378492,2,0,0,0,-6,-2,-2,5
5588,5588,1503610378500,9,1,6,10,13,4,5,6
5589,5589,1503610378508,-22,-5,4,-1,-5,0,-1,-12
5590,5590,1503610378524,1,-7,-8,-8,-6,-7,-6,-2
5591,5591,1503610378530,6,7,-6,-1,7,0,3,10
5592,5592,1503610378537,12,7,4,-5,-5,0,-5,0
5593,5593,1503610378557,16,9,9,-1,-9,-3,-5,-11
5594,5594,1503610378560,-6,0,-2,1,-2,-2,-3,0
5595,5595,1503610378568,-10,3,-1,-1,-6,-5,-8,-9
5596,5596,1503610378581,5,-4,-5,0,-3,-2,2,-4
5597,5597,1503610378592,7,-4,-14,-7,2,1,-10,13
5598,5598,1503610378597,-9,-1,1,-4,-8,-4,-11,-1
5599,5599,1503610378612,14,11,-2,-6,-1,-2,-3,-3
5600,5600,1503610378624,2,-2,-3,-2,-6,1,8,9
5601,5601,1503610378629,-2,0,-2,0,-7,1,2,3
5602,5602,1503610378641,-7,-1,-4,-7,0,-4,-5,2
5603,5603,1503610378642,-7,-6,-1,2,2,0,3,-3
5604,5604,1503610378650,0,1,-3,1,-1,-2,3,-2
5605,5605,1503610378658,-28,-7,0,3,3,2,1,-8
5606,5606,1503610378672,5,1,0,-1,1,-2,2,11
5607,5607,1503610378680,-5,-17,-7,-2,-2,-2,-2,0
5608,5608,1503610378689,-12,11,0,-2,0,-7,-14,-30
5609,5609,1503610378702,-15,-13,0,-2,0,-2,-1,-3
5610,5610,1503610378710,-2,18,24,4,4,0,-1,7
5611,5611,1503610378717,-1,2,4,-2,0,0,1,0
5612,5612,1503610378733,11,6,17,11,7,4,2,5
5613,5613,1503610378740,10,-5,5,7,1,-3,-4,1
5614,5614,1503610378748,6,-15,-27,-12,-5,3,7,10
5615,5615,1503610378764,21,12,-4,-2,2,1,0,3
5616,5616,1503610378770,-12,-6,-10,-10,-3,-4,-5,-1
5617,5617,1503610378777,24,6,-6,-5,-6,-5,-4,14
5618,5618,1503610378795,3,-14,-1,3,1,3,12,18
5619,5619,1503610378807,13,9,-2,1,-1,-4,-9,-13
5620,5620,1503610378808,13,13,3,4,2,-1,0,13
5621,5621,1503610378824,-3,40,28,9,6,5,-1,-13
5622,5622,1503610378830,18,-9,-4,-7,-4,-3,-1,21
5623,5623,1503610378837,6,-6,-11,-8,-4,-4,2,13
5624,5624,1503610378852,-15,5,-2,6,0,-4,-13,-51
5625,5625,1503610378860,-1,-9,-16,-9,-5,-3,-1,7
5626,5626,1503610378868,-6,-6,-4,-3,-1,0,8,-11
5627,5627,1503610378892,11,8,-8,-6,-2,0,0,10
5628,5628,1503610378893,-26,-31,-15,-10,-6,-3,-2,-19
5629,5629,1503610378894,1,30,18,2,1,2,5,6
5630,5630,1503610378898,-21,-12,-6,4,-1,1,3,-5
5631,5631,1503610378912,-6,-11,8,6,2,-2,-2,1
5632,5632,1503610378922,-14,-11,9,3,-1,0,-1,-6
5633,5633,1503610378929,-15,2,-6,-6,-2,-1,2,14
5634,5634,1503610378942,-6,2,9,4,6,2,-2,-13
5635,5635,1503610378950,-20,-8,-7,-4,-1,-2,-2,-4
5636,5636,1503610378958,4,0,-7,-3,-3,0,3,14
5637,5637,1503610378972,26,-6,-11,1,0,2,1,1
5638,5638,1503610378980,11,26,13,2,1,-3,-2,-3
6137,6137,1503610383846,-11,-2,9,9,3,1,-3,-2
6138,6138,1503610383856,14,2,-9,-3,1,1,0,-9
6139,6139,1503610383862,2,12,15,3,2,2,2,-3
6140,6140,1503610383877,9,-9,3,3,0,0,0,2
6141,6141,1503610383884,-20,-12,-8,-3,0,0,-2,-5
6142,6142,1503610383896,3,-11,-16,-5,-3,-3,-4,-8
6143,6143,1503610383906,-11,-13,12,3,-1,1,-1,1
6144,6144,1503610383914,7,-6,-2,3,0,-1,-1,2
6145,6145,1503610383915,-24,0,-1,2,0,-3,-1,-2
6146,6146,1503610383924,-4,2,-10,-13,-5,-1,1,1
6147,6147,1503610383937,2,7,10,3,2,0,2,3
6148,6148,1503610383944,19,21,1,3,0,1,1,4
6149,6149,1503610383952,-10,9,-1,2,1,1,-1,-3
6150,6150,1503610383967,3,-1,-11,-2,0,-2,0,-12
6151,6151,1503610383974,33,3,9,4,0,1,-4,5
6152,6152,1503610383982,-3,1,0,-1,-3,-3,-1,1
6153,6153,1503610383997,3,8,-6,-1,0,0,2,4
6154,6154,1503610384004,11,23,13,6,6,1,-1,-4
6155,6155,1503610384012,-9,-2,-11,-11,-5,-2,0,2
6156,6156,1503610384026,0,-16,-17,-6,-7,-4,0,5
6157,6157,1503610384035,6,7,8,12,4,0,-3,-11
6158,6158,1503610384042,2,-2,-7,-1,0,2,0,2
6159,6159,1503610384059,-15,-8,-4,-3,-2,-2,-1,-1
6160,6160,1503610384065,7,-2,-6,-1,0,-2,-2,0
6161,6161,1503610384074,0,1,6,-5,-6,-1,-2,-3
6162,6162,1503610384086,-7,-2,1,-2,-1,0,1,2
6163,6163,1503610384095,-2,3,7,5,0,1,3,0
6164,6164,1503610384102,23,-1,-8,-2,-2,-4,-4,-5
6165,6165,1503610384126,-1,-1,5,7,3,0,1,4
6166,6166,1503610384132,15,-6,-14,-9,-5,-1,-2,0
6167,6167,1503610384146,-11,-4,6,-2,-2,-1,-3,-11
6168,6168,1503610384154,17,4,-5,-4,-2,-2,0,2
6169,6169,1503610384155,-1,-4,-11,-4,-3,-3,-3,0
6170,6170,1503610384162,-5,14,20,9,2,3,4,1
6171,6171,1503610384177,1,10,8,-3,-2,-1,-2,0
6172,6172,1503610384184,-5,1,1,-1,-3,-1,0,2
6173,6173,1503610384196,5,3,0,1,2,1,0,3
6174,6174,1503610384206,14,6,-10,-6,-5,-3,-2,0
6175,6175,1503610384214,2,12,7,6,6,0,-1,-4
6176,6176,1503610384222,6,-9,-9,-8,-5,-4,-2,-2
6177,6177,1503610384237,-11,-23,-2,0,-1,-2,-1,1
6178,6178,1503610384244,-3,-40,-25,-9,-4,0,1,2
6179,6179,1503610384252,-17,5,1,-7,2,0,-1,-1
6180,6180,1503610384266,10,30,5,4,3,1,0,0
6181,6181,1503610384275,-3,-11,-12,-2,1,0,-1,-2
6182,6182,1503610384282,-12,0,2,2,2,0,2,0
6183,6183,1503610384297,7,9,3,-4,-1,-1,-1,-5
6184,6184,1503610384305,-16,-9,3,-2,-4,0,-1,3
6185,6185,1503610384312,-8,-10,-9,-2,0,-1,0,-1
6186,6186,1503610384328,-13,5,8,6,-1,-1,-1,0
6187,6187,1503610384335,16,2,-3,-1,-1,0,1,3
6188,6188,1503610384342,-5,-4,-10,-5,-4,-4,-1,-3
6189,6189,1503610384357,4,6,12,10,2,0,0,2
6190,6190,1503610384365,1,-5,7,1,-1,-1,-2,-6
6191,6191,1503610384372,10,1,-5,2,2,0,2,2
6192,6192,1503610384373,-9,-2,-2,-5,-1,-2,-1,-3
6193,6193,1503610384386,-3,-2,-3,-2,-4,1,0,4
6194,6194,1503610384395,9,8,7,2,1,-2,0,-3
6195,6195,1503610384403,-17,-8,-7,-8,-2,-2,-1,0
6196,6196,1503610384417,6,-3,-5,-5,-4,-4,-3,2
6197,6197,1503610384424,-2,6,6,1,2,0,-1,0
6198,6198,1503610384425,-2,-3,9,7,3,0,-2,-7
6199,6199,1503610384434,25,14,10,2,0,0,-1,0
6200,6200,1503610384446,0,-13,-7,-3,-2,-1,-3,-5
6201,6201,1503610384454,-35,-18,8,2,-1,0,1,-2
6202,6202,1503610384462,-7,-29,-26,-10,-2,0,2,2
6203,6203,1503610384464,23,49,33,10,4,0,3,8
6204,6204,1503610384477,-11,-5,-11,-3,-1,0,2,4
6205,6205,1503610384484,0,-20,-20,-6,-4,-1,0,5
6206,6206,1503610384495,6,4,0,-4,-3,-1,-5,-4
6207,6207,1503610384506,4,-1,0,3,2,0,1,3
6208,6208,1503610384514,-17,-18,-10,-5,-6,-5,-2,-12
6209,6209,1503610384522,11,6,4,1,2,-2,-2,-10
6210,6210,1503610384537,21,-11,2,4,1,3,0,1
6211,6211,1503610384544,-26,-12,-13,-12,-4,-4,-5,4
6212,6212,1503610384552,-8,-14,8,-4,1,-1,-3,-6
6213,6213,1503610384553,4,33,13,14,2,2,-1,-4
6214,6214,1503610384568,-20,-17,-5,0,-1,1,2,-6
6215,6215,1503610384575,-5,-3,-5,-4,-4,-2,0,0
6216,6216,1503610384582,3,-14,-6,2,1,1,2,2
6217,6217,1503610384598,2,5,7,2,1,0,3,1
6218,6218,1503610384604,16,12,7,5,1,-2,1,9
6219,6219,1503610384605,-11,-7,-8,-6,-1,-2,-1,0
6220,6220,1503610384612,13,3,4,4,1,-1,-2,1
6221,6221,1503610384630,27,12,5,2,-1,-1,0,7
6222,6222,1503610384635,-4,-18,-14,-9,-3,-1,2,17
6223,6223,1503610384642,1,-1,-8,-7,-3,-2,1,0
6224,6224,1503610384657,-3,18,23,12,6,2,2,3
6225,6225,1503610384666,-2,3,-3,1,-1,-3,-8,-17
6226,6226,1503610384679,-10,-2,-11,-8,-6,-1,-2,-4
6227,6227,1503610384686,3,0,-4,-2,-3,-1,-3,-10
6228,6228,1503610384696,-1,2,-2,1,1,0,0,-4
6229,6229,1503610384709,-6,2,5,3,3,2,0,2
6230,6230,1503610384717,6,-7,-22,-9,-6,-2,-3,-1
6231,6231,1503610384725,-10,6,25,10,4,4,1,-1
6232,6232,1503610384740,12,5,-3,0,-4,-1,0,-4
6233,6233,1503610384746,-11,-5,15,6,0,-2,-3,-5
6234,6234,1503610384754,-7,-13,-2,-5,-2,-2,-5,-4
6235,6235,1503610384770,18,18,-13,-14,-2,0,2,9
6236,6236,1503610384777,5,13,10,-2,0,-2,2,5
6237,6237,1503610384784,3,-5,0,-1,-2,-2,3,7
6238,6238,1503610384800,-5,5,14,3,-2,2,0,-5
6751,6751,1503610389847,1,-4,2,-2,-3,-1,4,16
6752,6752,1503610389862,24,10,-2,-2,-2,-1,-3,-13
6753,6753,1503610389869,15,25,8,3,-1,-1,-2,7
6754,6754,1503610389878,-6,10,-1,-3,-4,-3,-1,8
6755,6755,1503610389891,7,2,9,2,1,0,-1,-2
6756,6756,1503610389901,-16,17,7,0,1,-4,-9,-33
6757,6757,1503610389907,-10,57,45,2,-2,-2,-3,-19
6758,6758,1503610389922,1,-35,-12,-1,-2,-1,0,18
6759,6759,1503610389929,6,-31,-19,1,1,1,0,5
6760,6760,1503610389938,1,-48,-29,-6,-4,-4,-6,-12
6761,6761,1503610389951,-7,-22,-10,6,1,1,-2,-35
6762,6762,1503610389959,7,-1,-11,-6,-6,-4,-4,-5
6763,6763,1503610389967,-8,-22,-14,-3,-2,-2,-6,5
6764,6764,1503610389981,4,21,5,3,1,1,2,3
6765,6765,1503610389982,-6,-20,-30,-8,-2,-1,-4,-10
6766,6766,1503610389989,10,5,2,2,4,3,5,34
6767,6767,1503610389997,-15,11,3,-4,0,2,-4,-9
6768,6768,1503610390011,-30,3,17,4,1,-1,2,-10
6769,6769,1503610390019,10,37,3,3,2,0,3,2
6770,6770,1503610390027,7,-10,-10,-4,-3,-6,-8,-16
6771,6771,1503610390042,19,7,11,2,3,0,1,13
6772,6772,1503610390049,8,12,1,-4,-5,-4,-5,-19
6773,6773,1503610390057,-13,1,7,0,-2,0,23,12
6774,6774,1503610390071,11,-4,-7,2,7,2,-12,12
6775,6775,1503610390079,-21,-9,10,0,-3,2,-2,-3
6776,6776,1503610390086,24,7,-5,-4,-3,-8,-11,-5
6777,6777,1503610390087,-16,-3,-3,-1,-1,2,9,4
6778,6778,1503610390102,-15,-2,9,5,4,-1,-6,3
6779,6779,1503610390110,5,3,-1,-3,-4,1,5,9
6780,6780,1503610390117,6,-5,1,-4,-2,-2,-2,-1
6781,6781,1503610390131,5,3,-1,-6,-4,-2,5,8
6782,6782,1503610390140,-6,2,1,0,-1,-3,-3,-8
6783,6783,1503610390147,8,21,-1,1,-3,-2,4,15
6784,6784,1503610390162,-2,0,3,-1,0,1,-8,2
6785,6785,1503610390170,-7,-21,0,0,-1,-2,1,-1
6786,6786,1503610390178,-4,-4,-6,-1,-1,0,2,-1
6787,6787,1503610390191,-1,-5,1,-1,0,-2,2,3
6788,6788,1503610390201,5,-3,-2,-4,-4,-1,3,9
6789,6789,1503610390214,5,1,-7,-4,1,0,-2,4
6790,6790,1503610390221,8,3,10,17,9,3,2,-6
6791,6791,1503610390222,-3,0,-10,-12,-9,-1,0,0
6792,6792,1503610390229,3,5,-1,0,-3,-1,-2,-2
6793,6793,1503610390244,-7,2,0,1,4,2,5,3
6794,6794,1503610390251,-5,-1,-3,0,0,2,-1,1
6795,6795,1503610390259,12,3,9,3,2,-1,-2,8
6796,6796,1503610390274,-7,-9,-1,2,1,-1,-3,-11
6797,6797,1503610390282,-2,6,4,1,-2,-2,-3,-12
6798,6798,1503610390289,2,-16,-18,-4,-2,0,1,3
6799,6799,1503610390305,4,18,7,6,4,1,3,6
6800,6800,1503610390311,-8,17,11,2,1,1,4,-6
6801,6801,1503610390319,-12,-9,3,3,-1,-1,-4,4
6802,6802,1503610390337,1,-9,-9,-4,-2,-4,-4,-2
6803,6803,1503610390342,-2,-1,4,5,2,3,-1,-9
6804,6804,1503610390349,-2,-13,-5,-3,-1,-3,-5,-12
6805,6805,1503610390364,6,15,-2,-3,-2,-2,-3,4
6806,6806,1503610390371,6,-14,-8,-1,0,1,-3,14
6807,6807,1503610390379,-15,-12,-19,-6,1,-1,-3,-10
6808,6808,1503610390394,-18,1,2,-4,-1,-2,-1,-8
6809,6809,1503610390403,3,-6,1,0,-3,0,-2,-6
6810,6810,1503610390411,-4,5,-1,1,-4,-2,-4,-21
6811,6811,1503610390424,2,4,2,-1,-1,-4,-14,-6
6812,6812,1503610390431,-1,1,8,2,1,-2,4,12
6813,6813,1503610390439,7,-7,-3,-5,-1,-1,6,6
6814,6814,1503610390454,6,8,9,8,4,1,0,-1
6815,6815,1503610390462,-13,-11,-9,-7,-3,0,1,10
6816,6816,1503610390470,1,13,3,-2,5,2,2,2
6817,6817,1503610390485,-4,-1,10,2,-2,-4,-3,-5
6818,6818,1503610390491,-2,-8,-11,-7,-7,-2,-1,10
6819,6819,1503610390508,13,3,4,1,-1,0,0,-2
6820,6820,1503610390514,-13,-16,-2,-2,-4,0,4,-12
6821,6821,1503610390521,4,-18,-10,-1,-1,0,5,11
6822,6822,1503610390537,7,-5,-8,1,-1,0,1,12
6823,6823,1503610390545,-9,-5,-5,3,-3,0,2,4
6824,6824,1503610390558,5,-2,0,1,-1,0,-1,-13
6825,6825,1503610390560,-4,41,12,-5,0,-2,-1,-18
6826,6826,1503610390575,24,14,7,0,-1,0,1,32
6827,6827,1503610390582,8,-21,-4,1,1,2,5,14
6828,6828,1503610390589,-11,9,-1,-6,-3,-3,-3,-7
6829,6829,1503610390604,6,-9,1,6,3,0,1,12
6830,6830,1503610390613,15,8,-1,2,1,1,-1,1
6831,6831,1503610390619,-2,1,5,-1,0,0,-2,-9
6832,6832,1503610390633,-18,1,11,2,-1,-1,-6,-24
6833,6833,1503610390642,-15,-34,-9,-3,0,2,-1,6
6834,6834,1503610390649,-9,15,12,1,2,-1,0,4
6835,6835,1503610390664,19,3,-4,-3,-4,-5,-4,7
6836,6836,1503610390671,-5,-20,-13,-3,-1,-1,-2,-13
6837,6837,1503610390680,23,21,0,-5,-4,1,1,2
6838,6838,1503610390694,9,-9,-11,-4,1,0,4,13
6839,6839,1503610390702,11,10,2,-3,-3,-4,-8,-14
6840,6840,1503610390710,6,-3,-9,-1,-4,-1,-1,-1
6841,6841,1503610390724,-20,-2,4,2,1,2,-4,-25
6842,6842,1503610390731,12,18,13,1,0,-2,-4,-5
6843,6843,1503610390740,2,4,-4,2,0,0,1,-3
6844,6844,1503610390754,6,-5,-10,-3,-4,-2,-1,14
6845,6845,1503610390762,-4,1,6,-2,1,2,1,9
6846,6846,1503610390773,-18,-4,4,0,1,-1,-2,-4
6847,6847,1503610390784,21,5,-3,0,0,0,-1,1
6848,6848,1503610390791,-9,-2,-3,-6,0,2,1,-1
6849,6849,1503610390799,-17,-9,-7,-1,0,-1,3,0
6850,6850,1503610390815,-19,-13,-9,3,0,1,-4,-11
6851,6851,1503610390821,-10,-4,5,2,0,-3,-2,4
6852,6852,1503610390829,3,-10,-3,-3,-3,-3,-3,-19
6853,6853,1503610390845,23,19,5,0,-3,-2,-2,-8
6854,6854,1503610390851,-18,-5,5,9,0,-1,4,10
6855,6855,1503610390859,-7,-4,-3,-1,0,0,-6,-8
6856,6856,1503610390874,14,5,-4,-4,-3,0,-1,1
6857,6857,1503610390882,-11,21,23,7,1,1,1,5
6858,6858,1503610390889,-9,-2,1,-2,-2,-3,-2,-3
6859,6859,1503610390908,6,6,-3,0,-1,-2,2,11
6860,6860,1503610390914,5,18,5,-1,0,-2,-3,-9
6861,6861,1503610390920,-10,-26,-1,1,-1,0,0,-1
6862,6862,1503610390934,15,-3,-13,0,2,2,-2,-8
6863,6863,1503610390942,-1,-14,-13,-7,-2,-1,4,19
6864,6864,1503610390950,21,4,-13,-16,-5,-1,3,14
6865,6865,1503610390964,-1,-14,7,2,-1,0,1,5
6866,6866,1503610390975,-18,-22,-12,-10,-7,-6,-6,-15
6867,6867,1503610390979,-23,17,9,0,0,-3,-6,-27
6868,6868,1503610390994,-1,-5,22,10,1,1,1,15
6869,6869,1503610391002,-7,-23,-12,-1,-3,-3,-6,-15
6870,6870,1503610391009,-2,9,4,1,3,0,2,2
6871,6871,1503610391024,2,15,-5,-1,0,3,5,12
6872,6872,1503610391031,14,-5,-2,2,-1,-1,0,10
6873,6873,1503610391042,-9,9,-4,-3,0,1,2,-6
6874,6874,1503610391054,21,4,6,4,0,1,-2,0
6875,6875,1503610391062,-2,-7,-4,-4,-2,-2,-12,-9
6876,6876,1503610391069,-3,5,2,2,2,0,0,-3
6877,6877,1503610391084,10,-5,2,4,2,-2,2,6
6878,6878,1503610391091,-4,3,1,0,-1,-3,-1,-12
7284,7284,1503610395013,0,4,1,0,-2,0,-3,-6
7285,7285,1503610395022,-12,-1,-6,-2,-2,-2,-1,-7
7286,7286,1503610395036,5,13,-9,1,1,-2,-1,-9
7287,7287,1503610395044,-11,-29,0,6,3,1,2,3
7288,7288,1503610395051,4,-35,-11,-4,1,0,0,-2
7289,7289,1503610395068,-7,-49,-19,-6,-2,0,1,0
7290,7290,1503610395074,4,13,19,5,4,1,4,10
7291,7291,1503610395081,-2,13,25,4,0,-4,-6,-2
7292,7292,1503610395096,-3,-1,3,1,0,0,1,2
7293,7293,1503610395104,-11,9,2,10,-1,1,0,-4
7294,7294,1503610395112,-8,-3,9,2,1,2,-3,-9
7295,7295,1503610395126,5,-14,-13,-5,-4,-1,-2,3
7296,7296,1503610395136,2,-5,-16,-3,-1,-2,1,1
7297,7297,1503610395142,-13,15,-3,-4,-1,-3,-3,-11
7298,7298,1503610395156,-13,8,3,-1,-2,-1,-4,-10
7299,7299,1503610395164,10,14,0,-2,-3,0,3,7
7300,7300,1503610395175,2,8,7,4,5,1,2,8
7301,7301,1503610395186,8,7,2,-4,1,1,0,-6
7302,7302,1503610395193,14,7,-1,-3,-4,-3,-2,3
7303,7303,1503610395203,-12,2,-5,-5,-3,-1,0,2
7304,7304,1503610395216,1,5,7,3,4,0,-2,-4
7305,7305,1503610395224,7,10,3,0,2,2,0,0
7306,7306,1503610395231,3,1,-10,-4,-7,-1,-1,4
7307,7307,1503610395247,6,6,6,5,2,2,1,-1
7308,7308,1503610395253,-4,10,8,7,2,-1,0,-1
7309,7309,1503610395261,-1,-16,-16,-10,-4,-4,-3,-1
7310,7310,1503610395276,-9,-11,-9,-6,-6,-2,0,-3
7311,7311,1503610395284,1,1,-5,-3,0,-1,1,5
7312,7312,1503610395292,-15,-9,10,8,4,2,0,-10
7313,7313,1503610395307,5,2,-1,-1,-1,-2,0,3
7314,7314,1503610395314,2,-7,-4,-4,-1,-1,0,9
7315,7315,1503610395321,6,31,5,-2,-4,-3,-2,1
7316,7316,1503610395337,10,-16,1,0,-1,-2,0,-7
7317,7317,1503610395345,-21,-10,2,-1,-1,-1,-4,-21
7318,7318,1503610395351,0,-6,-13,-6,-6,-1,-4,-3
7319,7319,1503610395366,1,-27,-15,5,0,-3,-3,-1
7320,7320,1503610395374,10,-3,6,-1,1,3,4,2
7321,7321,1503610395382,10,0,-1,-2,-2,0,-1,16
7322,7322,1503610395396,12,47,6,2,0,1,-1,6
7323,7323,1503610395404,4,-1,3,0,2,-1,-2,10
7324,7324,1503610395412,-20,-14,9,1,0,-1,-2,-22
7325,7325,1503610395426,5,3,4,1,-3,0,0,-7
7326,7326,1503610395433,-10,3,1,-2,-1,-3,-3,1
7327,7327,1503610395442,7,12,16,4,1,3,2,-1
7328,7328,1503610395456,-8,3,-10,-4,-2,-2,-3,2
7329,7329,1503610395464,-14,1,-3,-2,-1,-2,-3,3
7330,7330,1503610395473,2,-11,-5,0,0,0,3,7
7331,7331,1503610395474,-3,0,-7,-1,1,0,-3,-8
7332,7332,1503610395486,25,7,-4,-4,-1,0,-1,0
7333,7333,1503610395493,-16,-23,-3,-3,-3,-3,2,12
7334,7334,1503610395501,-28,-22,1,2,2,0,0,-10
7335,7335,1503610395516,11,29,16,-1,-2,0,-2,-11
7336,7336,1503610395524,10,27,3,0,1,0,-1,-6
7337,7337,1503610395531,-7,2,-6,-2,1,0,2,8
7338,7338,1503610395547,17,-2,-2,-1,-3,1,0,4
7339,7339,1503610395553,6,-2,-8,-3,-1,-1,3,7
7340,7340,1503610395562,-1,0,-1,2,0,-1,1,9
7341,7341,1503610395576,1,4,2,0,0,-2,-2,1
7342,7342,1503610395584,9,7,-8,-5,-3,0,0,3
7343,7343,1503610395591,7,-13,-13,-2,-1,1,1,6
7344,7344,1503610395607,-10,-21,-5,-1,-2,0,2,4
7345,7345,1503610395614,-12,-16,-6,-1,-2,-1,-4,2
7346,7346,1503610395622,-17,10,7,2,-1,-2,3,0
7347,7347,1503610395636,-7,-9,-4,-1,0,-1,2,3
7348,7348,1503610395644,2,-30,-17,-13,-4,-2,-2,6
7349,7349,1503610395658,-6,15,19,7,3,0,1,9
7350,7350,1503610395666,-14,12,23,10,3,0,0,-7
7351,7351,1503610395681,5,-15,-13,-6,-6,-3,-1,-3
7352,7352,1503610395683,-9,-5,-5,-4,-2,-3,-3,-7
7353,7353,1503610395696,-10,-4,-3,1,1,1,1,-10
7354,7354,1503610395709,-8,-2,-4,-2,-3,-1,-7,-19
7355,7355,1503610395711,3,5,2,1,2,0,1,2
7356,7356,1503610395712,15,-25,-20,-8,-4,-3,-4,3
7357,7357,1503610395727,-16,-9,25,16,8,3,0,-2
7358,7358,1503610395734,17,7,-2,0,-3,-1,-2,-2
7359,7359,1503610395743,8,-1,-11,-6,-1,1,3,5
7360,7360,1503610395756,9,5,-2,-1,1,0,2,-10
7361,7361,1503610395764,-8,-15,-6,2,-1,-2,-4,0
7362,7362,1503610395774,2,5,9,2,-2,0,-1,4
7363,7363,1503610395787,1,-20,-18,-7,-7,-5,-2,-2
7364,7364,1503610395794,-2,29,29,8,4,0,-1,-9
7365,7365,1503610395802,9,33,9,-2,-2,0,0,2
7366,7366,1503610395816,4,-1,-3,1,2,-1,-1,2
7367,7367,1503610395824,-5,-15,-3,-3,-2,-3,-2,-2
7368,7368,1503610395831,1,9,-4,-5,-2,-3,0,9
7851,7851,1503610400556,4,15,2,4,8,5,5,7
7852,7852,1503610400577,-9,-16,2,-1,-1,-2,-1,-1
7853,7853,1503610400578,-1,-4,-7,-1,-2,-2,1,5
7854,7854,1503610400586,-8,-1,-2,0,0,-1,1,0
7855,7855,1503610400600,0,-2,-5,-3,-2,-2,-1,1
7856,7856,1503610400611,-4,0,4,-2,-2,-1,-4,-6
7857,7857,1503610400617,-4,-8,-8,-6,-7,-2,-5,-8
7858,7858,1503610400631,19,14,6,4,2,1,2,4
7859,7859,1503610400638,-2,4,8,-4,-6,0,2,5
7860,7860,1503610400647,-15,-11,-10,-3,1,1,-8,-25
7861,7861,1503610400660,-4,2,11,-1,-4,-1,-3,-6
7862,7862,1503610400669,10,5,-3,-3,-11,-5,0,8
7863,7863,1503610400678,5,-2,-4,3,0,1,-5,-2
7864,7864,1503610400691,5,0,2,-2,1,1,-1,-2
7865,7865,1503610400710,-19,-12,-22,-10,-6,-6,-1,4
7866,7866,1503610400721,-5,2,8,-3,3,0,-5,-16
7867,7867,1503610400729,8,2,8,3,5,2,1,2
7868,7868,1503610400736,1,-12,-17,-8,-10,-4,-2,-5
7869,7869,1503610400751,13,12,11,5,3,1,4,6
7870,7870,1503610400766,-7,-4,8,7,-1,0,2,4
7871,7871,1503610400767,5,2,-4,-7,3,3,-1,1
7872,7872,1503610400781,-2,-3,-5,-5,-2,-5,-3,-2
7873,7873,1503610400789,2,8,2,-7,-16,-8,-5,-3
7874,7874,1503610400803,-4,-3,2,-1,2,0,-2,-8
7875,7875,1503610400811,-4,5,20,6,4,1,-1,-5
7876,7876,1503610400818,-9,-8,-10,-2,2,1,2,-4
7877,7877,1503610400826,-12,-10,-11,-3,0,0,-2,-5
7878,7878,1503610400842,-3,1,5,2,0,-1,-2,3
7879,7879,1503610400849,-8,-12,-7,-1,1,-1,-3,-7
7880,7880,1503610400863,0,-13,-8,-2,1,2,4,8
7881,7881,1503610400871,-6,-6,0,3,3,-2,1,2
7882,7882,1503610400878,-1,2,1,-4,-2,0,1,4
7883,7883,1503610400886,4,10,-6,-2,0,0,-1,3
7884,7884,1503610400901,-1,-2,2,0,-2,0,-1,-5
7885,7885,1503610400911,9,-1,-5,-3,-1,1,1,4
7886,7886,1503610400916,23,-2,-7,1,0,-2,-2,1
7887,7887,1503610400931,-3,-5,-7,-1,-1,-2,-2,-3
7888,7888,1503610400938,11,-10,-9,2,1,-1,-2,1
7889,7889,1503610400946,4,-6,0,2,0,-2,-3,-2
7890,7890,1503610400961,-5,9,16,9,2,2,0,-2
7891,7891,1503610400969,-4,7,-7,-10,-6,-3,-4,-7
7892,7892,1503610400977,4,28,35,4,4,4,2,-1
7893,7893,1503610400991,-3,7,9,2,1,1,2,7
7894,7894,1503610400998,4,12,-13,-1,-3,-6,-6,-2
7895,7895,1503610401006,0,-7,4,6,5,-1,0,1
7896,7896,1503610401021,-8,-9,-6,-6,-3,-1,-1,-4
7897,7897,1503610401029,5,5,24,16,5,1,0,0
7898,7898,1503610401036,-9,-4,-5,-2,-3,-2,0,1
7899,7899,1503610401052,2,-8,-20,-12,-5,-3,0,-4
7900,7900,1503610401058,-9,-1,12,10,4,1,-1,-4
7901,7901,1503610401066,-3,0,3,-1,-3,-1,-1,-2
7902,7902,1503610401081,-11,-50,-55,-30,-12,-6,-5,-5
7903,7903,1503610401089,12,45,92,33,15,11,11,15
7904,7904,1503610401096,2,-3,-3,4,1,-2,-1,-2
7905,7905,1503610401112,-10,-15,-42,-17,-7,-3,-3,-2
7906,7906,1503610401120,-6,-21,-6,-3,-2,-1,1,2
7907,7907,1503610401126,12,-5,-14,-1,0,0,-2,-3
7908,7908,1503610401143,-11,8,7,0,-4,-2,-1,-1
7909,7909,1503610401149,2,-6,-8,-2,-3,-1,0,4
7910,7910,1503610401156,4,7,1,1,0,1,1,3
7911,7911,1503610401171,-5,-2,-5,-4,-4,-2,-2,-3
7912,7912,1503610401179,1,9,4,0,-3,-2,-5,-9
7913,7913,1503610401187,-6,-7,-9,-2,-1,-3,-2,-3
7914,7914,1503610401201,-2,1,-1,-5,0,-1,-1,0
7915,7915,1503610401211,14,5,0,6,0,2,0,3
7916,7916,1503610401217,31,38,-5,-5,-1,1,3,8
7917,7917,1503610401231,-10,-10,-15,-8,-2,-1,-1,-5
7918,7918,1503610401239,-11,-6,8,11,6,1,-2,-3
7919,7919,1503610401247,-6,2,1,-6,-2,-2,-2,0
7920,7920,1503610401261,4,14,15,10,6,3,4,5
7921,7921,1503610401269,-9,-15,-5,-3,-3,-4,-5,-10
7922,7922,1503610401279,-12,-19,-5,-4,-7,-4,0,-2
7923,7923,1503610401291,-1,-2,-8,-8,-2,-1,0,-1
7924,7924,1503610401298,2,-1,-3,2,3,0,-3,-3
7925,7925,1503610401307,-3,-7,-2,0,0,-1,1,1
7926,7926,1503610401321,-8,-6,-5,-4,-3,-1,1,0
7927,7927,1503610401328,-5,1,-6,4,1,-1,1,0
7928,7928,1503610401336,1,4,8,3,3,0,-3,-4
7929,7929,1503610401351,-10,-7,-12,-9,-6,-4,-3,2
7930,7930,1503610401359,-5,-5,-3,2,0,2,4,5
7931,7931,1503610401367,0,5,15,4,-1,0,1,4
7932,7932,1503610401381,5,23,27,3,0,1,4,1
7933,7933,1503610401389,-14,-17,-1,1,1,1,3,3
7934,7934,1503610401396,-15,-27,-22,-8,-3,-3,-7,-15
7935,7935,1503610401413,-2,21,19,5,0,-1,-3,-12
7936,7936,1503610401419,1,-14,-2,4,4,4,5,6
7937,7937,1503610401426,17,-8,-19,-1,0,-1,0,2
7938,7938,1503610401440,-16,-7,4,0,-1,-1,-4,1
7939,7939,1503610401449,4,-13,-12,-6,-3,-1,-1,6
7940,7940,1503610401463,-4,15,2,-3,-4,-4,-4,-10
7941,7941,1503610401471,8,4,-4,-4,-1,-3,-3,-12
7942,7942,1503610401481,-7,-2,-7,-4,-4,-3,-5,-33
7943,7943,1503610401494,11,3,-1,-3,-1,0,-1,20
7944,7944,1503610401500,2,3,3,0,2,1,2,-17
7945,7945,1503610401509,1,-5,-6,-4,-3,-3,-3,-1
7946,7946,1503610401523,-5,8,-5,2,4,-1,-4,-8
7947,7947,1503610401538,22,-2,-15,-4,-3,-1,-1,11
7948,7948,1503610401554,-6,-8,6,4,1,1,5,21
7949,7949,1503610401560,-19,-24,-13,-5,-6,-3,1,9
7950,7950,1503610401569,-11,-10,-13,-6,-4,-3,-5,-16
7951,7951,1503610401583,14,4,11,3,3,2,2,27
7952,7952,1503610401591,0,10,-3,-4,-1,-2,-1,-9
7953,7953,1503610401598,9,21,11,3,0,-2,-3,5
7954,7954,1503610401614,0,17,16,6,1,1,-1,1
7955,7955,1503610401621,-14,-4,12,2,-1,1,3,1
7956,7956,1503610401629,-1,-1,1,2,0,-2,-1,-6
7957,7957,1503610401643,10,-7,-13,-4,-3,-2,-3,-4
7958,7958,1503610401651,15,10,-4,1,-2,-1,0,3
7959,7959,1503610401658,-14,-8,-5,-6,-2,-2,-9,-25
7960,7960,1503610401674,-10,-5,14,4,3,3,2,-4
7961,7961,1503610401681,3,19,14,2,3,0,1,2
7962,7962,1503610401690,-20,-6,-9,-3,-2,-1,-3,-28
7963,7963,1503610401703,-4,-2,-9,-12,-6,-1,-4,1
7964,7964,1503610401711,9,2,7,9,7,2,2,3
7965,7965,1503610401718,-2,-10,-7,-1,-2,0,5,11
7966,7966,1503610401734,-8,-2,-1,-1,-3,-1,-3,-1
7967,7967,1503610401740,2,7,1,2,-2,-2,-3,-15
7968,7968,1503610401749,-2,-4,-8,-6,-2,-3,-1,-4
7969,7969,1503610401766,-5,-9,0,0,1,-1,1,-6
7970,7970,1503610401771,10,2,-2,-4,-4,-1,-4,-8
7971,7971,1503610401778,5,-3,2,5,1,1,4,11
7972,7972,1503610401794,-3,-1,-7,-4,-3,0,-1,-3
7973,7973,1503610401800,1,-6,-7,-5,-7,-1,2,10
7974,7974,1503610401809,-2,-3,7,7,4,2,3,7
7975,7975,1503610401824,8,1,-10,-9,-6,-2,3,9
7976,7976,1503610401831,-5,-1,3,-5,-1,0,1,4
7977,7977,1503610401838,9,8,4,-1,2,-1,0,0
7978,7978,1503610401854,-5,-3,-9,-3,-2,-1,0,-1
7979,7979,1503610401860,-5,-4,-6,-5,-1,-1,-1,-7
7980,7980,1503610401868,2,0,10,3,1,-1,-5,-5
7981,7981,1503610401883,1,1,2,5,2,0,-5,-14
7982,7982,1503610401892,-13,-4,-5,0,0,0,1,-8
7983,7983,1503610401899,-4,-3,-1,0,0,-2,-3,5
7984,7984,1503610401917,5,1,7,2,3,2,3,4
7985,7985,1503610401922,-7,-5,1,3,0,0,1,-4
7986,7986,1503610401929,6,-8,8,9,0,-2,-2,1
7987,7987,1503610401943,5,8,-3,-2,-2,0,7,11
7988,7988,1503610401954,-4,8,0,-2,-3,-3,4,3
7989,7989,1503610401959,-3,-20,-8,-5,-6,-2,-3,6
7990,7990,1503610401974,3,-24,-12,-2,1,2,7,28
7991,7991,1503610401983,-1,-33,-19,-9,0,-1,-1,8
7992,7992,1503610401989,-5,-2,2,-4,-2,-2,-4,3
7993,7993,1503610402003,10,15,11,3,4,0,-2,-10
7994,7994,1503610402011,1,7,-10,-4,-4,-2,-3,-3
7995,7995,1503610402033,-8,13,10,8,3,1,1,-1
7996,7996,1503610402035,-3,13,2,-4,-2,-3,-5,-9
7997,7997,1503610402041,-9,-6,-3,-4,-2,-2,-3,1
7998,7998,1503610402051,-9,-1,1,6,4,0,-5,-18
7999,7999,1503610402064,3,7,1,-2,-1,-1,0,3
8000,8000,1503610402071,3,-1,-7,-5,-1,0,-1,-3
8001,8001,1503610402094,0,7,12,5,2,2,-1,1
8002,8002,1503610402095,2,0,0,-4,-3,-3,-5,-14
8003,8003,1503610402102,-1,-5,-15,-10,-3,-4,-3,-4
8004,8004,1503610402109,-2,-1,-4,-5,-1,0,-1,3
8005,8005,1503610402131,7,-2,22,11,2,1,0,1
8006,8006,1503610402132,4,-3,-6,-4,-3,-3,1,5
8007,8007,1503610402147,6,2,1,3,1,2,1,0
8008,8008,1503610402154,3,-6,-6,-2,-4,-3,0,1
8009,8009,1503610402162,13,1,-7,-8,-5,-4,-1,13
8010,8010,1503610402169,-11,-9,-5,-3,-1,0,-4,-9
8011,8011,1503610402191,-3,5,0,6,0,0,0,2
8012,8012,1503610402193,5,6,0,2,-1,0,0,4
8013,8013,1503610402207,-6,-3,1,2,-1,-1,0,1
8014,8014,1503610402214,-3,-12,8,7,0,1,5,3
8015,8015,1503610402222,-4,13,1,-1,0,0,-1,-5
8016,8016,1503610402229,-1,17,-2,-1,-3,-1,-1,5
8017,8017,1503610402244,7,2,-5,-4,-1,0,0,11
8018,8018,1503610402252,2,-7,-10,-7,-3,-2,1,3
8019,8019,1503610402267,-11,-1,-4,-1,-1,-2,-7,-23
8020,8020,1503610402281,-3,2,9,1,3,0,-1,-11
8021,8021,1503610402285,2,-16,-10,-3,-2,-2,-6,-12
8022,8022,1503610402289,-14,-7,-8,-6,-4,-3,-7,-21
8023,8023,1503610402304,-10,-28,-5,1,-1,0,0,17
8024,8024,1503610402311,11,28,12,0,-1,0,-1,6
8025,8025,1503610402328,-4,7,3,0,-2,-1,-1,-6
8026,8026,1503610402334,-14,5,20,11,3,3,1,8
8027,8027,1503610402342,-6,-5,-8,1,-3,1,5,5
8028,8028,1503610402349,2,-1,10,3,2,-2,-3,-7
8029,8029,1503610402371,-5,-3,6,3,1,-2,-1,-4
8030,8030,1503610402372,15,-4,-12,-7,-3,2,3,7
8031,8031,1503610402388,8,4,0,-2,2,1,1,8
8032,8032,1503610402395,-6,-14,-16,-4,-2,-1,-3,-1
8033,8033,1503610402402,-8,-3,11,4,5,-1,-4,6
8034,8034,1503610402416,-3,-3,-14,-5,-2,-3,-6,-13
8035,8035,1503610402425,-4,6,-9,-4,-2,1,1,-18
8036,8036,1503610402439,-19,5,3,-1,0,-2,-2,8
8037,8037,1503610402447,-1,0,0,-3,-1,-2,2,9
8038,8038,1503610402455,-1,-2,-12,-8,-1,-2,0,2
8039,8039,1503610402470,7,5,-1,-3,-3,-3,-2,-15
8040,8040,1503610402476,-4,-6,7,12,2,0,-1,-10
8041,8041,1503610402487,-1,-4,1,-4,-3,-2,1,-3
8042,8042,1503610402491,10,4,8,9,3,0,-3,-8
8043,8043,1503610402507,-16,-17,-8,-3,-4,-1,-2,9
8044,8044,1503610402514,3,-10,-8,-6,-4,-1,0,5
8045,8045,1503610402524,-6,9,14,3,2,-1,1,-7
8046,8046,1503610402536,3,-5,-8,-5,-2,1,0,9
8047,8047,1503610402544,8,4,-8,-5,-1,0,0,-1
8048,8048,1503610402551,3,14,-3,-5,0,1,2,7
8049,8049,1503610402567,7,-3,1,-2,-1,-1,-2,3
8050,8050,1503610402574,20,2,10,2,-3,-1,3,12
8051,8051,1503610402582,16,11,-8,-2,-2,-1,-2,-8
8052,8052,1503610402597,-8,-1,-3,0,1,0,-2,2
8053,8053,1503610402604,-4,-16,-11,-3,-4,-2,1,10
8054,8054,1503610402622,-4,15,10,-1,1,-1,-8,-38
8055,8055,1503610402627,1,7,3,0,1,0,-4,-8
8056,8056,1503610402634,-7,-10,-5,3,2,2,0,-4
8057,8057,1503610402649,12,31,20,4,-2,-1,-1,9
8058,8058,1503610402656,5,-9,10,6,1,0,3,0
8059,8059,1503610402657,2,2,3,1,-1,-2,-1,2
8060,8060,1503610402664,-11,-5,-10,-3,-1,0,0,-12
8061,8061,1503610402671,10,0,-15,-12,-4,-1,4,9
8062,8062,1503610402688,-11,-3,24,15,4,0,-5,-20
8063,8063,1503610402694,-9,-15,-10,-7,-4,-1,-3,-2
8064,8064,1503610402702,-6,-7,-12,-3,-1,-2,-3,4
8065,8065,1503610402716,1,-15,-12,-18,-8,-4,4,17
8066,8066,1503610402724,5,8,13,7,5,4,5,14
8067,8067,1503610402731,-8,-6,-3,2,-3,-1,0,1
8068,8068,1503610402747,-2,-8,-8,-6,-3,-2,-2,-6
8414,8414,1503610406070,-6,-4,-15,-11,-9,-1,-1,-1
8415,8415,1503610406084,3,4,-4,8,14,1,-2,-4
8416,8416,1503610406091,3,1,3,2,1,1,1,-1
8417,8417,1503610406098,-2,-2,-4,-8,-9,-4,-1,0
8418,8418,1503610406114,-2,-1,1,2,2,-2,0,-2
8419,8419,1503610406121,-3,1,-5,-4,-5,-2,-1,-3
8420,8420,1503610406136,2,7,12,7,0,1,-1,1
8421,8421,1503610406143,-2,-2,-1,-1,-1,1,0,0
8422,8422,1503610406151,-3,-4,-2,-4,-1,-1,-1,2
8423,8423,1503610406165,0,-1,0,-3,-2,-1,-3,-4
8424,8424,1503610406174,0,0,0,1,1,-2,-3,-3
8425,8425,1503610406181,-1,-1,0,-2,-1,0,1,2
8426,8426,1503610406196,0,-1,-6,-3,1,-1,-1,0
8427,8427,1503610406203,3,2,3,2,0,-1,-3,0
8428,8428,1503610406214,1,0,2,4,-2,-2,0,7
8429,8429,1503610406225,1,3,2,-5,2,1,2,1
8430,8430,1503610406234,-3,-3,-2,-8,1,1,0,15
8431,8431,1503610406241,-2,-4,-6,-3,-6,-1,-1,11
8432,8432,1503610406259,0,-13,-7,-10,-6,0,2,-23
8433,8433,1503610406263,5,6,15,22,18,2,1,-13
8434,8434,1503610406271,-3,4,3,2,1,0,-1,-15
8435,8435,1503610406285,3,-6,-8,-7,-10,-3,0,27
8436,8436,1503610406294,1,2,7,-1,-2,0,-1,35
8437,8437,1503610406301,-7,-2,1,-5,-1,0,-3,25
8438,8438,1503610406319,2,1,4,5,0,0,-1,0
8439,8439,1503610406325,-2,-8,-19,-11,-9,-3,0,-23
8440,8440,1503610406331,-5,-26,1,4,2,0,-2,-31
8441,8441,1503610406347,-10,-18,0,-3,-2,1,0,-32
8442,8442,1503610406354,-2,-9,-13,-3,0,-3,-2,-21
8443,8443,1503610406361,0,4,-3,-3,-3,-2,-1,-13
8444,8444,1503610406376,1,11,-5,3,3,-1,-2,0
8445,8445,1503610406383,1,11,14,3,-2,0,-1,-4
8446,8446,1503610406391,1,2,-3,-6,-1,-1,0,3
8447,8447,1503610406405,-1,-5,-10,-5,-4,-3,1,14
8448,8448,1503610406415,-1,1,-8,-7,-2,-1,0,14
8449,8449,1503610406421,1,-4,4,3,5,0,0,-11
8450,8450,1503610406436,-3,0,1,1,-1,-1,1,2
8451,8451,1503610406443,-1,-1,-4,-3,-5,-2,-2,1
8452,8452,1503610406452,-1,2,-5,0,2,-3,-4,-6
8453,8453,1503610406465,3,1,17,16,7,2,-3,-4
8454,8454,1503610406475,-6,-2,1,4,1,1,1,0
8455,8455,1503610406481,-4,-6,-13,-4,-4,0,-2,2
8456,8456,1503610406496,0,-5,3,2,-4,-2,-2,1
8457,8457,1503610406503,-1,-6,-19,-14,-6,-1,1,0
8458,8458,1503610406512,1,2,-10,-8,-4,0,0,-1
8459,8459,1503610406525,-1,-7,-11,-8,-8,-2,-1,4
8460,8460,1503610406533,0,16,8,6,2,1,1,0
8461,8461,1503610406541,-4,0,14,2,1,0,1,-1
8462,8462,1503610406557,0,-13,-12,-4,-2,-2,-3,0
8463,8463,1503610406563,-2,-10,-6,1,0,-1,-2,-2
8464,8464,1503610406575,0,4,2,-2,1,-1,-1,2
8465,8465,1503610406587,-1,-13,-12,-4,-4,-1,-2,0
8466,8466,1503610406597,0,5,12,6,1,2,-1,1
8467,8467,1503610406601,-5,6,-1,-2,-4,-3,-3,2
8468,8468,1503610406619,0,13,10,-2,-1,-1,2,6
8469,8469,1503610406623,6,28,12,11,6,3,0,-12
8470,8470,1503610406631,1,0,-14,-7,-6,-2,1,-2
8471,8471,1503610406645,7,11,13,3,2,1,-1,1
8472,8472,1503610406656,-1,0,-2,3,2,0,-2,1
8473,8473,1503610406657,0,-6,2,5,1,-1,-2,0
8474,8474,1503610406661,-8,4,-2,-4,-4,-3,0,-3
8475,8475,1503610406676,0,-19,-8,-3,0,0,0,-3
8476,8476,1503610406683,3,-9,-4,1,3,0,2,4
8477,8477,1503610406691,1,4,2,1,0,-2,-2,-1
8478,8478,1503610406705,-8,-6,8,1,1,1,1,2
8479,8479,1503610406715,-3,3,0,-3,-1,0,-1,-2
8480,8480,1503610406716,-5,-3,-3,-5,-3,-2,-4,-11
8481,8481,1503610406721,4,8,3,2,0,-1,-2,-3
8482,8482,1503610406736,-2,-2,-1,-2,-1,1,0,1
8483,8483,1503610406743,0,3,-11,-7,-5,-3,-1,0
8484,8484,1503610406752,0,19,9,5,3,1,0,1
8485,8485,1503610406766,0,-1,-1,1,0,0,-1,3
8486,8486,1503610406776,2,-13,-17,-9,-5,-3,1,-1
8487,8487,1503610406783,5,9,12,8,7,0,1,0
8488,8488,1503610406796,-7,-8,4,2,2,0,0,-1
8489,8489,1503610406803,-2,-7,-15,-9,-4,-4,-3,-4
8490,8490,1503610406811,0,-5,0,-3,-2,1,-1,-1
8491,8491,1503610406826,-1,-8,-5,6,1,-1,-1,-2
8492,8492,1503610406834,-6,6,12,4,4,3,-1,-1
8493,8493,1503610406841,0,7,5,1,-2,0,-1,1
8494,8494,1503610406856,3,2,-4,-1,-2,-2,-1,-2
8495,8495,1503610406863,-4,-8,-3,-5,-3,0,0,-1
8496,8496,1503610406878,3,-6,-11,-3,-3,-2,-3,-1
8497,8497,1503610406886,-11,4,8,0,2,1,0,-5
8498,8498,1503610406895,6,6,4,-1,-2,-2,-1,2
8499,8499,1503610406901,5,1,-2,-1,-1,-2,-1,1
8500,8500,1503610406918,-5,-8,-10,-4,-2,-3,-3,-4
8501,8501,1503610406923,-1,-16,5,14,7,1,-1,1
8502,8502,1503610406931,-2,13,-1,-1,-1,-1,2,3
8503,8503,1503610406945,-4,-6,-15,-11,-6,-4,0,-1
8504,8504,1503610406954,-3,-3,-2,-1,0,0,0,-2
8505,8505,1503610406961,-2,-2,-3,-5,-3,-2,-2,-2
8506,8506,1503610406976,1,-4,-3,-5,-6,-4,-2,1
8507,8507,1503610406985,-2,3,19,11,5,0,-3,-2
8508,8508,1503610406991,-1,6,3,1,-1,0,-1,-1
8509,8509,1503610407005,2,2,-8,-4,-4,-2,-1,1
8510,8510,1503610407014,-4,-29,-6,0,-2,1,0,-2
8511,8511,1503610407022,5,30,35,10,4,3,3,3
8512,8512,1503610407036,-4,-6,6,7,2,-2,-1,-2
8513,8513,1503610407043,3,5,-18,-10,-5,-3,1,2
8514,8514,1503610407061,1,-3,-4,-3,0,0,0,-1
8515,8515,1503610407065,-1,17,10,0,-1,1,-3,-3
8516,8516,1503610407074,0,6,-6,-4,0,-1,0,0
8517,8517,1503610407088,-2,-11,-11,-5,-3,-2,-2,0
8518,8518,1503610407096,1,-3,-4,-4,-2,0,0,-1
8519,8519,1503610407102,-3,-8,-19,-5,-1,-2,-1,-2
8520,8520,1503610407103,0,5,12,4,0,0,0,0
8521,8521,1503610407120,3,10,10,7,2,1,0,-3
8522,8522,1503610407125,-2,-16,-18,-5,0,-1,-2,-2
8523,8523,1503610407134,-6,-5,-6,-6,-3,-1,-2,1
8524,8524,1503610407148,3,-1,3,6,3,2,-1,-3
8525,8525,1503610407156,-1,4,5,1,-1,-1,-1,1
8526,8526,1503610407170,0,5,-5,-5,-7,-4,-4,-3
8527,8527,1503610407178,-4,4,0,1,0,-1,-1,-1
8528,8528,1503610407195,1,3,-11,-8,-4,-1,-2,0
8529,8529,1503610407196,2,39,39,10,3,1,0,-3
8530,8530,1503610407208,-3,-15,-14,-7,-3,-4,2,-1
8531,8531,1503610407216,1,-12,-15,-4,-1,-2,-2,0
8532,8532,1503610407223,-3,-4,-6,-6,-3,0,-2,-1
8533,8533,1503610407238,-2,-1,1,3,4,2,2,2
8534,8534,1503610407245,-10,-30,-7,0,1,-1,0,0
8535,8535,1503610407254,2,-4,-18,-6,-4,-4,-2,-2
8536,8536,1503610407268,-4,-19,3,-1,-3,-1,1,1
8537,8537,1503610407276,-9,-11,11,6,2,0,1,-1
8538,8538,1503610407283,4,8,4,5,1,-1,-2,0
8539,8539,1503610407299,4,-5,-16,-3,-3,-1,-1,0
8540,8540,1503610407305,0,2,-4,-6,-7,-3,-2,-3
8541,8541,1503610407314,-1,-10,-8,-5,-1,-1,-1,-3
8542,8542,1503610407328,1,9,-2,-3,-1,0,0,1
8543,8543,1503610407336,-3,-2,-1,1,-1,-1,0,1
8544,8544,1503610407351,3,10,5,1,2,0,0,0
8545,8545,1503610407359,-2,4,8,1,-2,-1,-2,0
8546,8546,1503610407366,-4,0,2,2,0,0,-2,-1
8547,8547,1503610407367,-8,-12,1,5,1,-2,2,0
8548,8548,1503610407373,5,4,9,-2,-1,0,-1,-1
8549,8549,1503610407389,0,0,-1,-4,-2,0,1,0
8550,8550,1503610407396,-4,-5,-13,-3,-1,-2,-2,-2
8551,8551,1503610407411,0,0,-4,7,4,-1,0,1
8552,8552,1503610407421,0,-3,-10,-11,-3,-2,-1,-1
8553,8553,1503610407427,12,22,26,20,8,1,-4,3
8554,8554,1503610407434,1,-2,3,1,-1,0,-4,-5
8555,8555,1503610407449,4,-11,-31,-18,-6,-2,0,-2
8556,8556,1503610407456,-3,0,6,3,-2,0,-2,0
8557,8557,1503610407471,-9,-5,7,-3,-2,0,-1,1
8558,8558,1503610407478,0,7,10,1,1,0,-2,-9
8559,8559,1503610407488,0,-7,-13,-10,-4,-1,-2,-3
8560,8560,1503610407494,-15,-10,3,7,1,1,0,-1
8561,8561,1503610407509,1,7,9,-2,0,-1,0,-1
8562,8562,1503610407516,3,-8,-13,-1,-1,-1,0,8
8563,8563,1503610407532,-1,-14,-15,-9,-1,-1,0,-1
8564,8564,1503610407538,3,-4,1,2,0,0,1,0
8565,8565,1503610407546,-3,-12,-22,-10,-4,-4,-2,-1
8566,8566,1503610407557,1,4,17,12,6,3,1,2
8567,8567,1503610407569,-8,-1,5,3,0,-1,-2,-2
8568,8568,1503610407576,-3,-7,-19,-11,-4,-3,-4,-3
8569,8569,1503610407591,12,50,19,5,2,2,1,1
8570,8570,1503610407598,-2,-2,15,5,1,2,0,-3
8571,8571,1503610407599,-12,6,2,0,-1,-1,0,0
8572,8572,1503610407606,-10,-21,-3,3,-4,-1,0,-4
8573,8573,1503610407614,11,12,18,4,3,0,0,2
8574,8574,1503610407629,2,8,23,8,4,0,-1,-1
8575,8575,1503610407636,-6,-35,-29,-12,-6,-3,-1,-2
8576,8576,1503610407651,4,16,8,4,1,-1,0,1
8577,8577,1503610407658,8,0,6,0,-3,-2,-1,0
8578,8578,1503610407667,-26,-24,-17,-6,-3,-1,-3,-7
8579,8579,1503610407674,7,5,-9,-1,-3,-1,-2,-4
8580,8580,1503610407692,-4,-7,-6,-1,-3,-2,-3,-3
8581,8581,1503610407696,-2,-2,1,2,2,-2,-1,2
8582,8582,1503610407711,6,12,11,3,5,0,1,1
8583,8583,1503610407718,-27,-5,-9,-8,-4,-2,-1,-5
8584,8584,1503610407728,5,19,4,-1,-3,0,-4,-1
8585,8585,1503610407734,-1,-17,-7,-4,-1,0,1,-1
8586,8586,1503610407749,-1,4,-3,-4,-3,-1,0,0
8587,8587,1503610407758,-10,1,7,2,2,-1,-2,-10
8588,8588,1503610407772,4,-6,2,10,4,1,3,-1
8589,8589,1503610407778,11,8,-6,-2,-2,-2,-4,1
8590,8590,1503610407786,-6,-18,-15,-6,-4,0,0,2
8591,8591,1503610407795,5,12,6,-5,-3,-1,1,-1
8592,8592,1503610407809,15,-9,-10,-8,-1,-1,-1,2
8593,8593,1503610407816,7,15,13,6,0,1,2,5
8594,8594,1503610407831,2,-6,1,-2,-2,1,0,-3
8595,8595,1503610407838,-2,-9,-25,-17,-7,-2,-2,0
8596,8596,1503610407846,-2,5,28,15,7,2,2,8
8597,8597,1503610407854,-5,-12,-6,0,-1,-1,0,-4
8598,8598,1503610407869,-4,2,-12,-9,-6,-3,-2,0
8599,8599,1503610407876,0,7,7,5,3,1,-1,0
8600,8600,1503610407893,0,-6,-6,-4,-2,-2,-1,-3
8601,8601,1503610407899,-20,-6,-3,-3,-5,-1,-2,-4
8602,8602,1503610407906,5,4,31,17,4,3,1,1
8603,8603,1503610407913,10,6,3,1,0,0,-3,-1
8604,8604,1503610407931,-9,-10,-3,1,-1,0,2,-1
8605,8605,1503610407932,-6,-8,-14,-10,-5,-4,-5,-9
8606,8606,1503610407936,-6,-1,8,3,2,2,0,3
8607,8607,1503610407951,-13,-6,-10,-8,-2,-3,-2,-4
8608,8608,1503610407959,12,9,4,1,-3,0,2,4
9061,9061,1503610412405,2,13,25,7,2,-1,-1,-6
9062,9062,1503610412406,-21,-22,-12,-4,-4,-3,-7,-15
9063,9063,1503610412424,-6,6,-9,-5,1,-2,-2,-11
9064,9064,1503610412428,0,-7,3,-1,1,0,1,3
9065,9065,1503610412436,-8,7,6,1,2,2,2,0
9066,9066,1503610412450,-5,3,11,9,0,2,-4,-23
9067,9067,1503610412459,3,18,1,-1,-4,-2,-1,-3
9068,9068,1503610412466,-4,-2,-4,-6,-4,-3,-3,4
9069,9069,1503610412481,17,9,1,-3,-3,-1,1,1
9070,9070,1503610412491,11,1,-1,1,0,1,-1,0
9071,9071,1503610412496,-18,-4,-2,-4,-3,-1,0,-2
9072,9072,1503610412510,-4,-9,-1,3,2,1,-1,4
9073,9073,1503610412518,-1,6,-1,1,2,2,-1,1
9074,9074,1503610412526,3,-1,-8,-5,-4,-5,-3,9
9075,9075,1503610412540,-20,-5,-2,-2,1,-1,4,6
9076,9076,1503610412541,-3,3,-1,-4,-2,-4,-5,-11
9077,9077,1503610412547,12,13,2,0,-3,0,2,5
9078,9078,1503610412557,0,-6,0,3,0,0,1,4
9079,9079,1503610412570,3,4,-2,-3,-2,-2,0,-3
9080,9080,1503610412578,-30,-8,-3,0,0,-1,1,-2
9081,9081,1503610412585,3,4,7,4,2,0,1,3
9082,9082,1503610412601,-2,-4,-4,-5,-5,-5,-2,1
9083,9083,1503610412607,-7,-8,-2,-1,1,0,-1,1
9084,9084,1503610412624,12,9,2,2,0,-1,-3,-3
9085,9085,1503610412630,-11,-11,-11,-6,-5,-1,2,1
9086,9086,1503610412638,5,4,2,1,-2,1,2,6
9087,9087,1503610412652,6,-12,-6,0,2,-1,1,1
9088,9088,1503610412661,6,-13,-7,-3,-2,-2,-1,0
9089,9089,1503610412669,-1,12,12,7,5,1,0,0
9090,9090,1503610412683,-2,-3,-2,0,-1,-2,2,6
9091,9091,1503610412693,-3,-3,-7,-5,-2,-2,0,0
9092,9092,1503610412699,-2,3,-1,-3,0,1,-1,1
9093,9093,1503610412714,5,-9,-9,-7,-3,-1,1,8
9094,9094,1503610412715,-20,-1,-3,-4,-1,-3,-2,-10
9095,9095,1503610412721,-4,2,3,1,1,1,-1,-7
9096,9096,1503610412730,2,1,0,0,0,-1,-1,2
9097,9097,1503610412744,-2,2,1,1,3,-3,-1,-2
9098,9098,1503610412751,2,0,-6,-7,-4,-2,5,17
9099,9099,1503610412763,-3,-2,0,5,2,2,-3,-17
9100,9100,1503610412764,2,19,9,2,-2,-1,-3,0
9101,9101,1503610412774,0,3,9,2,0,-1,-4,-7
9102,9102,1503610412781,2,3,0,-2,1,0,-1,-4
9103,9103,1503610412789,-2,-4,-6,-2,-2,2,0,-1
9104,9104,1503610412803,-2,-3,1,-1,-1,-1,-3,-6
9105,9105,1503610412811,4,-2,0,-2,-1,-2,-3,-7
9106,9106,1503610412818,-7,-6,-2,-1,-2,-2,-4,-2
9107,9107,1503610412834,3,8,7,6,3,2,0,2
9108,9108,1503610412840,1,2,2,1,-2,-2,-3,-7
9109,9109,1503610412841,4,-7,-4,-6,-3,-3,-5,2
9110,9110,1503610412849,0,2,0,-3,-1,-1,-1,-20
9111,9111,1503610412863,3,12,1,-1,1,1,3,-7
9112,9112,1503610412871,-27,-17,-13,-1,-3,-1,0,6
9113,9113,1503610412878,-6,1,3,3,2,-1,-2,-8
9114,9114,1503610412897,0,10,-3,-2,-3,-4,-4,-7
9115,9115,1503610412901,16,10,-4,-2,0,0,1,10
9116,9116,1503610412909,0,8,7,0,0,1,0,16
9117,9117,1503610412925,-7,-33,-17,-4,-2,0,-7,-19
9118,9118,1503610412931,12,-24,-24,-10,-1,2,8,32
9119,9119,1503610412938,-10,-5,-5,-3,-4,-5,-2,-13
9120,9120,1503610412954,-2,-8,-4,0,-1,0,1,12
9121,9121,1503610412961,34,22,3,3,0,0,5,15
9122,9122,1503610412969,22,17,10,2,2,1,3,-9
9123,9123,1503610412983,-3,-4,6,-1,-2,-4,-4,-5
9124,9124,1503610412995,-6,-8,13,3,1,-1,-4,-16
9125,9125,1503610412998,-32,-17,-8,1,1,0,-2,-30
9126,9126,1503610413014,-21,-18,6,-1,-2,-3,-7,-25
9127,9127,1503610413020,-13,0,1,-1,1,1,1,15
9128,9128,1503610413029,9,22,5,0,-2,-2,-5,-18
9129,9129,1503610413043,0,-7,-1,1,2,2,5,18
9130,9130,1503610413051,18,-8,-8,0,0,-1,0,12
9131,9131,1503610413061,-11,-16,-2,0,-3,-2,-4,-2
9132,9132,1503610413074,-10,19,7,3,2,0,-2,-2
9133,9133,1503610413080,3,3,1,-4,-2,-1,1,-3
9134,9134,1503610413096,4,-6,-18,-6,-3,-1,0,1
9135,9135,1503610413103,8,36,20,3,-1,0,3,2
9136,9136,1503610413111,0,-3,-3,0,0,1,0,-3
9137,9137,1503610413118,2,-14,-8,-2,-1,0,0,3
9138,9138,1503610413134,-10,2,0,1,0,0,1,9
9139,9139,1503610413141,6,5,9,4,0,0,-6,-8
9140,9140,1503610413156,-8,-9,-8,-7,-3,-4,-2,3
9141,9141,1503610413163,6,6,-9,-2,-1,-1,0,1
9142,9142,1503610413172,5,-14,-11,-3,0,0,2,-8
9143,9143,1503610413178,7,5,-7,-5,-1,0,1,5
9144,9144,1503610413195,11,6,-2,-6,-2,-1,0,6
9145,9145,1503610413201,-8,-9,-9,-2,3,-1,-2,-4
9146,9146,1503610413216,-1,-11,19,7,1,1,0,8
9147,9147,1503610413223,-4,-10,-3,-2,-5,-1,1,6
9148,9148,1503610413231,8,12,0,-2,-1,-2,-2,-8
9149,9149,1503610413238,-2,-2,12,2,0,-1,-1,10
9150,9150,1503610413254,-15,-15,-5,-3,-1,-1,1,1
9151,9151,1503610413262,6,5,-3,-2,-3,-3,-1,-1
9152,9152,1503610413263,7,16,2,1,1,0,2,-5
9153,9153,1503610413269,-7,2,-9,-5,-3,-1,-4,-7
9154,9154,1503610413283,7,-5,4,3,3,0,1,-5
9155,9155,1503610413291,7,15,5,5,2,0,3,10
9156,9156,1503610413298,12,6,-7,-6,-3,-2,0,13
9157,9157,1503610413314,18,36,2,0,-3,-1,2,20
9158,9158,1503610413321,-3,5,0,2,1,-1,0,-2
9159,9159,1503610413329,4,-10,0,2,1,1,-1,-4
9160,9160,1503610413343,-10,-23,-17,-6,-4,-1,0,5
9161,9161,1503610413352,3,10,13,3,0,1,2,0
9162,9162,1503610413359,-8,-3,-8,-4,-3,-1,-1,-4
9163,9163,1503610413374,-8,-7,-9,-3,-3,-2,-1,-5
9164,9164,1503610413380,-3,-11,-2,-4,-2,-1,0,2
9165,9165,1503610413381,0,-6,-2,0,-2,-1,-2,6
9166,9166,1503610413389,-21,-28,-7,-2,-1,-1,-2,-9
9167,9167,1503610413403,2,7,7,2,3,2,2,0
9168,9168,1503610413411,-3,0,4,-2,0,-1,0,1
9169,9169,1503610413418,-5,3,-7,-4,-1,-2,0,-4
9170,9170,1503610413434,3,14,8,7,3,1,-1,0
9171,9171,1503610413441,3,-10,-2,-1,-1,-1,1,2
9172,9172,1503610413449,-3,-12,-6,3,0,-2,-3,-9
9173,9173,1503610413464,6,12,9,2,-2,1,1,2
9174,9174,1503610413465,-8,6,15,6,1,0,-4,-10
9175,9175,1503610413471,8,4,-5,-5,-2,0,0,1
9176,9176,1503610413478,-1,-2,-4,-2,-2,-1,0,-2
9177,9177,1503610413494,-6,27,12,2,1,-2,-2,-8
9178,9178,1503610413501,3,-2,-1,-1,-3,-1,-2,0
9179,9179,1503610413515,-1,-10,-8,-2,-1,1,0,-3
9180,9180,1503610413523,1,4,5,0,-2,-2,-3,-4
9181,9181,1503610413533,1,-7,-12,-5,-4,-2,-1,-3
9182,9182,1503610413539,4,-2,-1,0,2,1,1,6
9183,9183,1503610413554,10,1,-6,-3,-3,0,-2,0
9184,9184,1503610413561,-6,-8,0,-3,-1,-1,-1,-9
9185,9185,1503610413576,-10,-12,-3,-3,-3,-2,-2,-2
9186,9186,1503610413583,4,0,-3,-2,0,1,4,8
9187,9187,1503610413601,12,1,4,1,0,-1,-1,-5
9188,9188,1503610413606,-8,9,10,5,2,1,-1,0
9189,9189,1503610413614,-3,-4,0,4,2,-1,-2,-3
9190,9190,1503610413621,6,-1,-4,-3,-1,0,-1,0
9191,9191,1503610413637,-9,-2,1,-3,-1,2,-1,2
9674,9674,1503610418323,1,-31,-8,-2,-2,0,2,8
9675,9675,1503610418339,3,-1,0,-2,-4,-1,-1,3
9676,9676,1503610418345,-8,4,2,4,0,-1,-2,-9
9677,9677,1503610418354,-5,-1,-4,-1,-2,-5,-2,-13
9678,9678,1503610418368,13,-3,-10,-5,0,-1,1,12
9679,9679,1503610418376,17,4,0,-2,0,1,1,0
9680,9680,1503610418383,-5,-7,0,4,1,-1,1,-4
9681,9681,1503610418399,5,-7,-1,-2,-1,1,1,3
9682,9682,1503610418406,-10,-8,5,2,-2,0,-1,-9
9683,9683,1503610418414,-8,-33,-11,-3,-2,-4,-3,-3
9684,9684,1503610418428,-5,32,16,1,1,-2,-1,-6
9685,9685,1503610418436,-1,-6,-8,-2,-2,0,-1,2
9686,9686,1503610418443,-3,-31,-9,-2,-1,-1,-1,-2
9687,9687,1503610418458,-13,44,14,1,0,1,-2,-8
9688,9688,1503610418465,7,9,-7,-4,-1,-2,-2,-3
9689,9689,1503610418475,-2,-18,-12,-3,-4,-4,-2,9
9690,9690,1503610418488,-13,-37,-18,-7,-4,-3,-3,-8
9691,9691,1503610418498,4,16,10,0,0,-2,-3,0
9692,9692,1503610418503,6,-7,-6,-5,-2,0,2,-2
9693,9693,1503610418518,-8,2,4,1,0,3,0,-5
9694,9694,1503610418525,-2,5,1,0,0,0,-2,-3
9695,9695,1503610418534,4,-7,-5,-3,-1,0,-1,-2
9696,9696,1503610418548,0,-2,7,3,-1,3,1,5
9697,9697,1503610418556,-3,-10,-5,0,1,-2,-1,-3
9698,9698,1503610418565,5,-7,-14,-5,-1,-2,0,14
9699,9699,1503610418578,-4,8,18,5,0,1,1,0
9700,9700,1503610418585,11,10,10,1,0,-2,-1,3
9701,9701,1503610418594,0,0,-4,-4,-2,-2,-2,-4
9702,9702,1503610418608,2,-2,6,1,2,1,1,1
9703,9703,1503610418616,3,12,-4,-2,-1,1,2,-5
9704,9704,1503610418623,-5,8,-3,0,-2,-2,-3,-5
9705,9705,1503610418638,-3,9,10,3,1,-1,-3,-4
9706,9706,1503610418639,3,-10,0,1,1,-1,-1,5
9707,9707,1503610418645,-13,-3,-11,-7,-5,0,0,1
9708,9708,1503610418654,-15,-5,-8,1,1,-2,-2,-1
9709,9709,1503610418668,-6,15,0,-2,0,-1,-2,-7
9710,9710,1503610418683,6,9,13,4,2,2,-2,0
9711,9711,1503610418684,5,5,3,0,-1,-1,-2,0
9712,9712,1503610418700,15,10,-8,-6,-6,-2,2,16
9713,9713,1503610418706,-2,18,11,0,-2,1,-1,-5
9714,9714,1503610418714,-2,-11,-5,1,0,1,-1,-4
9715,9715,1503610418728,-3,-8,-8,-4,1,-2,-2,0
9716,9716,1503610418736,8,17,-1,-2,-3,-3,0,1
9717,9717,1503610418743,-14,-15,8,-1,-1,-2,-5,-7
9718,9718,1503610418744,3,4,-1,4,0,-3,-3,-6
9719,9719,1503610418758,1,9,4,-3,-2,-2,0,-9
9720,9720,1503610418767,-9,-25,0,1,-1,-1,-2,-3
9721,9721,1503610418774,-9,-24,-2,1,1,1,0,4
9722,9722,1503610418788,-1,2,-3,-2,1,1,2,4
9723,9723,1503610418796,-3,-4,-3,1,0,1,0,-10
9724,9724,1503610418803,2,0,0,0,0,-1,-2,4
9725,9725,1503610418818,-14,-8,0,-3,-7,-2,-5,-5
9726,9726,1503610418825,8,2,-4,-1,-3,-2,-1,6
9727,9727,1503610418838,5,9,2,1,1,1,1,2
9728,9728,1503610418848,-15,-10,-5,1,-2,0,-2,-13
9729,9729,1503610418856,7,-1,1,-3,0,-1,0,15
9730,9730,1503610418863,7,3,-4,-2,-1,-1,1,-2
9731,9731,1503610418878,-9,-15,-3,0,0,-1,-3,-3
9732,9732,1503610418885,-2,-5,-1,-2,-2,-3,-2,-4
9733,9733,1503610418893,-1,12,3,0,1,-1,2,-5
9734,9734,1503610418908,-2,-1,1,1,0,0,-2,-11
9735,9735,1503610418916,9,-8,-1,2,0,2,2,1
9736,9736,1503610418923,-2,12,6,0,-2,1,0,-17
9737,9737,1503610418938,-15,-3,1,1,-1,-1,-4,-9
9738,9738,1503610418945,5,22,4,2,1,-1,1,-8
9739,9739,1503610418954,-3,5,-2,-3,-1,-1,-3,-9
9740,9740,1503610418969,10,2,-6,-2,-2,1,-1,9
9741,9741,1503610418977,4,-6,-2,-1,0,-3,1,4
9742,9742,1503610418983,-21,-28,8,0,-1,-1,1,5
9743,9743,1503610418998,-8,-20,-7,-2,-2,-2,-5,-13
9744,9744,1503610419006,4,6,5,2,3,3,1,6
9745,9745,1503610419014,-3,7,2,-3,-2,-2,-4,-8
9746,9746,1503610419028,-8,-14,-2,1,-1,-3,-3,-11
9747,9747,1503610419038,5,23,3,-1,2,0,1,9
9748,9748,1503610419043,-11,-5,-1,-2,-2,-1,-1,-4
9749,9749,1503610419058,-6,-7,-3,0,-1,-1,-4,-12
9750,9750,1503610419065,-3,2,-6,-4,0,-2,1,5
9751,9751,1503610419076,1,14,10,3,1,-1,-1,-2
9752,9752,1503610419088,4,20,-1,-2,-2,0,-2,-4
9753,9753,1503610419096,5,16,12,9,4,-1,2,9
9754,9754,1503610419103,3,1,6,-4,-1,-3,-3,-1
9755,9755,1503610419118,-5,-15,-13,-6,-3,-1,0,-2
9756,9756,1503610419125,-17,-11,-14,-3,-2,-2,-2,-4
9757,9757,1503610419126,4,-4,-1,0,0,0,0,17
9758,9758,1503610419140,4,12,3,0,-1,0,-2,-9
9759,9759,1503610419141,-4,-19,-9,-3,-4,-2,-4,-2
9760,9760,1503610419148,18,3,-10,-3,-3,-2,-1,3
9761,9761,1503610419156,7,10,3,-3,1,0,0,10
9762,9762,1503610419171,-7,0,-3,0,-2,0,-3,-6
9763,9763,1503610419178,12,-6,-15,-3,-3,-1,-1,-9
9764,9764,1503610419179,-13,-23,-1,5,1,0,-5,-8
9765,9765,1503610419185,-3,32,19,3,0,1,3,12
9766,9766,1503610419204,8,-3,-10,-9,-4,0,6,13
9767,9767,1503610419208,-3,-11,-3,3,-1,0,-1,-20
9768,9768,1503610419216,-2,-18,-8,-6,-2,0,2,1
9769,9769,1503610419230,5,-12,-10,-1,-2,-2,6,21
9770,9770,1503610419239,-2,4,7,6,3,1,1,-21
9771,9771,1503610419246,-13,-13,1,0,0,-1,-4,-4
9772,9772,1503610419260,-28,-34,-23,-1,-2,-1,-4,-24
9773,9773,1503610419268,24,-1,-10,-4,-1,0,4,27
9774,9774,1503610419278,15,22,1,-4,-2,-1,-1,5
9775,9775,1503610419290,-3,-3,-7,-1,-2,0,0,-5
9776,9776,1503610419298,6,7,1,-2,-3,-2,-2,3
9777,9777,1503610419306,0,3,3,-2,-1,-1,-1,1
9778,9778,1503610419320,-1,10,11,6,1,-1,-1,2
9779,9779,1503610419328,-1,-6,-2,-2,-2,0,-1,-3
9780,9780,1503610419337,-4,2,1,-4,-1,-2,-3,-9
9781,9781,1503610419338,8,0,0,-1,-1,-1,1,13
9782,9782,1503610419350,-6,1,-2,-3,-1,-1,-3,-12
9783,9783,1503610419358,3,8,6,2,0,0,-1,0
9784,9784,1503610419365,-15,-7,-1,0,0,-1,-1,2
9785,9785,1503610419381,-6,-4,-1,-3,0,1,2,1
9786,9786,1503610419388,1,-3,1,1,0,-1,-6,-10
9787,9787,1503610419396,-1,4,1,-1,-1,0,-1,-6
9788,9788,1503610419411,-3,5,3,1,1,0,0,-3
9789,9789,1503610419418,1,-10,-8,-5,-2,-1,-1,-4
9790,9790,1503610419425,-14,-23,-12,-1,-3,-3,-3,-7
9791,9791,1503610419441,-10,-3,-3,1,1,0,-3,-11
9792,9792,1503610419448,0,8,-5,-4,-2,0,0,-8
9793,9793,1503610419456,-6,3,-5,-1,-4,-2,0,3
9794,9794,1503610419475,3,0,5,1,1,0,2,7
9795,9795,1503610419480,-1,-13,-1,-5,-2,-3,-2,-1
9796,9796,1503610419485,3,1,0,-2,-1,0,-1,0
9797,9797,1503610419500,4,29,20,5,-1,-2,-4,2
9798,9798,1503610419515,6,8,5,-1,0,-1,-1,7
10421,10421,1503610425635,3,10,4,-4,-5,-2,-1,2
10422,10422,1503610425643,-1,17,4,-1,1,-2,-2,-1
10423,10423,1503610425650,-8,-4,0,0,-2,-1,-1,-6
10424,10424,1503610425665,1,8,-10,-5,-7,-1,-3,-8
10425,10425,1503610425672,1,-6,-3,0,-1,0,-2,-1
10426,10426,1503610425682,-2,-2,3,-2,-1,1,-1,-4
10427,10427,1503610425695,1,15,8,1,-1,0,-4,-9
10428,10428,1503610425703,10,23,9,6,5,1,-1,2
10429,10429,1503610425717,-5,0,-3,-3,-1,1,3,-2
10430,10430,1503610425725,-6,-9,-1,-6,-3,-2,1,-4
10431,10431,1503610425733,7,6,8,2,3,1,-4,-1
10432,10432,1503610425750,7,20,15,5,1,-1,1,1
10433,10433,1503610425755,10,23,-3,-7,-6,-3,-1,-2
10434,10434,1503610425769,-1,-17,-20,-2,2,4,2,11
10435,10435,1503610425777,0,5,-2,-4,-4,-1,1,10
10436,10436,1503610425785,-11,-10,-3,3,-2,-2,-5,-7
10437,10437,1503610425793,-3,-13,-6,-2,-2,-3,-2,-1
10438,10438,1503610425808,2,-1,3,2,-1,-1,-6,-14
10439,10439,1503610425817,3,1,7,-4,-2,-3,-1,0
10440,10440,1503610425829,4,9,13,8,2,-4,-3,-3
10441,10441,1503610425837,-2,-1,-7,-4,-1,-1,-1,4
10442,10442,1503610425845,5,13,23,4,2,4,2,9
10443,10443,1503610425854,-15,-38,-13,2,1,0,-1,-8
10444,10444,1503610425868,-5,-7,-13,-2,-1,-2,-4,-12
10445,10445,1503610425875,-2,-2,7,5,-1,0,-2,-1
10446,10446,1503610425885,-2,-6,-3,-15,-15,-5,2,4
10447,10447,1503610425897,2,2,-10,-8,-1,-4,-2,-1
10448,10448,1503610425905,-1,-6,-11,-10,-11,0,5,12
10449,10449,1503610425913,2,9,4,1,-2,1,2,2
10450,10450,1503610425928,3,-4,-9,-3,2,-2,2,6
10451,10451,1503610425935,-3,-1,2,1,4,4,0,-3
10452,10452,1503610425943,0,-1,-2,-1,-1,-1,1,0
10453,10453,1503610425957,2,4,-2,-1,-1,-2,-1,-1
10454,10454,1503610425965,-6,8,-1,3,6,0,-3,-7
10455,10455,1503610425972,-6,-11,-10,-4,-2,1,2,1
10456,10456,1503610425988,-4,-5,-8,6,7,1,-3,-5
10457,10457,1503610425995,0,3,-4,0,2,-1,-3,-2
10458,10458,1503610426003,-2,2,-1,-5,-2,-1,-4,-5
10459,10459,1503610426018,4,-1,1,-1,-3,0,2,7
10460,10460,1503610426026,-4,21,9,7,1,0,0,-6
10461,10461,1503610426032,-3,-3,2,-2,-3,-3,-1,-1
10462,10462,1503610426048,-3,-34,-22,-11,-6,-3,-1,0
10463,10463,1503610426055,1,3,0,3,2,-1,1,-3
10464,10464,1503610426064,2,-1,0,-2,-2,-1,1,1
10465,10465,1503610426077,2,-32,-14,-2,-2,0,2,3
10466,10466,1503610426085,17,57,37,7,4,-1,-4,-6
10467,10467,1503610426093,-9,0,-4,0,0,-1,-3,-5
10468,10468,1503610426108,3,-12,-7,-3,-2,1,-1,-1
10469,10469,1503610426115,-1,8,9,-3,-1,-1,0,5
10470,10470,1503610426131,-5,-2,6,2,0,-1,-3,-3
10471,10471,1503610426138,3,0,-2,-1,0,0,-1,-1
10472,10472,1503610426145,-5,-6,2,3,1,0,-2,0
10473,10473,1503610426153,-8,0,0,-2,-2,-2,-2,-3
10474,10474,1503610426167,-19,-42,-24,-4,1,0,1,2
10475,10475,1503610426175,27,40,22,10,5,2,1,4
10476,10476,1503610426185,-8,-24,-2,7,6,2,-1,-9
10477,10477,1503610426198,-6,-7,-14,-1,1,0,-4,-4
10478,10478,1503610426205,3,2,-8,-10,-4,1,2,5
10479,10479,1503610426213,-2,2,4,0,0,-2,-3,-14
10480,10480,1503610426228,-15,-6,-9,-6,-3,-3,-2,-1
10481,10481,1503610426235,-5,0,4,-2,-4,0,1,2
10482,10482,1503610426243,2,5,1,5,4,1,2,1
10483,10483,1503610426258,-9,-11,-12,-10,-5,-5,-4,-7
10484,10484,1503610426265,-4,-8,-17,-8,-7,-3,-2,-6
10485,10485,1503610426266,7,17,22,8,0,-1,-5,-6
10486,10486,1503610426273,1,-2,-8,-3,1,-1,-1,3
10487,10487,1503610426289,-4,1,4,1,0,0,-3,-3
10488,10488,1503610426290,5,4,3,-5,-2,-1,1,7
10489,10489,1503610426295,-4,-10,-1,2,0,0,0,-1
10490,10490,1503610426311,-1,1,-2,1,-1,-1,-2,0
10491,10491,1503610426319,-1,-2,-3,-2,-3,0,2,3
10492,10492,1503610426325,2,-2,-3,0,-2,0,-1,1
10493,10493,1503610426333,-7,-3,-1,4,5,0,2,0
10494,10494,1503610426347,-6,-4,-3,-2,-2,0,-2,-8
10495,10495,1503610426363,-3,-6,-4,-5,-4,0,-1,-2
10496,10496,1503610426364,19,6,11,1,-2,-5,-2,16
10497,10497,1503610426377,-4,11,19,5,0,-2,-2,0
10498,10498,1503610426387,0,-19,-13,-7,-5,0,1,4
10499,10499,1503610426396,-16,-28,-9,-3,0,-4,-5,-6
10500,10500,1503610426408,-4,0,0,-2,-1,1,-3,-13
10501,10501,1503610426415,-15,-1,-7,-1,-2,-3,-5,-9
10934,10934,1503610430660,-4,-9,-5,-4,-2,-1,2,-2
10935,10935,1503610430668,1,7,4,3,1,0,-1,-7
10936,10936,1503610430675,1,-2,1,2,-1,-3,-2,-12
10937,10937,1503610430697,-5,-9,-2,-3,-2,-2,-1,7
10938,10938,1503610430698,0,2,4,3,3,3,1,-12
10939,10939,1503610430705,2,8,6,2,1,-1,1,-3
10940,10940,1503610430729,2,5,5,5,-1,-1,-2,-6
10941,10941,1503610430735,-1,-7,-4,-3,-3,-2,-1,-2
10942,10942,1503610430751,-2,-3,-4,-2,-2,0,-1,-4
10943,10943,1503610430759,-3,-2,-1,-1,0,0,0,-8
10944,10944,1503610430771,-2,-3,-1,4,-1,-1,1,95
10945,10945,1503610430781,5,8,-4,-1,1,-1,-1,45
10946,10946,1503610430788,-2,-5,5,7,1,2,1,-97
10947,10947,1503610430795,-8,2,-7,-8,-7,0,1,8
10948,10948,1503610430810,-2,3,-16,-12,-5,-2,-1,-9
10949,10949,1503610430817,7,7,10,9,5,0,-1,-90
10950,10950,1503610430818,3,-6,12,7,2,0,-1,-7
10951,10951,1503610430826,-3,-1,-1,-4,0,-1,-1,31
10952,10952,1503610430840,3,-10,-14,-8,-3,-3,2,-15
10953,10953,1503610430848,0,10,18,4,4,2,-1,3
10954,10954,1503610430855,-4,-6,-8,-3,-3,-3,-2,-30
10955,10955,1503610430870,2,2,-4,1,3,0,1,-38
10956,10956,1503610430877,-4,-9,6,6,1,0,-4,-1
10957,10957,1503610430885,1,1,3,-6,2,-1,-3,15
10958,10958,1503610430900,0,1,0,-2,-1,-1,-1,2
10959,10959,1503610430908,-14,-7,5,3,-3,-1,-2,-27
10960,10960,1503610430915,1,1,-5,-4,-1,-1,-2,-25
10961,10961,1503610430930,12,-5,-8,-3,-3,-3,0,-16
10962,10962,1503610430937,-5,4,1,1,1,1,0,-8
10963,10963,1503610430945,-4,-1,-6,-3,-6,-3,-3,2
10964,10964,1503610430961,5,31,15,10,1,2,-2,8
10965,10965,1503610430968,-1,-1,0,2,4,-2,2,12
10966,10966,1503610430975,-5,-18,-6,-1,-1,-2,-1,-8
10967,10967,1503610430990,8,23,16,6,0,-3,-3,4
10968,10968,1503610430997,2,6,11,6,2,0,0,17
10969,10969,1503610431005,-6,-13,-11,-3,-2,-1,2,1
10970,10970,1503610431021,5,4,-9,-7,0,-1,-1,-1
10971,10971,1503610431028,0,-1,1,3,-1,1,-1,3
10972,10972,1503610431035,-9,-8,-3,-4,-4,-3,-2,-12
10973,10973,1503610431050,-2,-4,-6,-5,-1,-1,1,0
10974,10974,1503610431058,3,-3,0,6,0,0,1,8
10975,10975,1503610431065,-3,-2,-5,-5,0,0,-3,0
10976,10976,1503610431080,-6,-2,-2,-1,0,0,-1,-6
10977,10977,1503610431090,-3,-19,-16,-6,-3,0,-1,-3
10978,10978,1503610431096,-4,-10,2,0,2,2,3,6
10979,10979,1503610431110,26,2,-2,-5,-3,-2,2,-3
10980,10980,1503610431119,1,5,0,0,1,-1,-4,-13
10981,10981,1503610431126,-20,-9,-7,-5,-1,1,2,-1
10982,10982,1503610431140,21,2,-4,-5,-1,-1,4,9
10983,10983,1503610431148,-1,2,-2,-1,0,-3,-4,-8
10984,10984,1503610431155,-8,-14,-7,-3,-3,-3,-2,3
10985,10985,1503610431170,6,-15,-6,0,-2,1,-1,13
10986,10986,1503610431177,-2,-7,-11,-10,-3,-3,-5,7
10987,10987,1503610431187,-3,3,10,11,4,-1,1,-6
10988,10988,1503610431200,-4,-8,-9,-4,-5,-1,-3,-15
10989,10989,1503610431208,11,54,23,-1,2,0,-3,5
10990,10990,1503610431215,-9,4,13,3,0,-3,-1,1
10991,10991,1503610431230,20,4,-2,10,3,2,2,7
10992,10992,1503610431237,5,-13,-9,-4,-3,1,1,7
10993,10993,1503610431246,-30,-17,0,-2,2,0,-1,-2
10994,10994,1503610431260,4,2,-14,-10,0,-1,2,-1
10995,10995,1503610431268,3,13,1,0,1,0,-2,10
10996,10996,1503610431275,-1,4,17,9,0,2,0,1
10997,10997,1503610431290,-1,-14,-8,-6,-4,-1,2,19
10998,10998,1503610431298,0,-4,-9,-2,-2,-2,-3,-3
10999,10999,1503610431321,-7,-21,0,1,-1,-1,-2,-10
11000,11000,1503610431322,0,-8,2,0,-2,-2,-1,-2
11001,11001,1503610431329,6,3,-5,1,2,0,-2,-6
11002,11002,1503610431342,-8,3,3,3,0,-1,1,4
11003,11003,1503610431350,-5,-5,-3,1,-3,-1,-1,-3
11004,11004,1503610431358,1,44,29,11,5,2,1,2
11005,11005,1503610431372,-6,-6,3,-2,-2,-1,-2,-12
11006,11006,1503610431380,-3,-13,-5,-3,-1,0,-1,2
11007,11007,1503610431389,3,13,15,5,2,-2,-2,1
11008,11008,1503610431402,-10,-11,-14,-8,-4,-2,0,-3
11009,11009,1503610431410,4,-3,-8,-1,-2,-3,0,-1
11010,11010,1503610431417,4,10,7,5,4,-1,-1,-4
11011,11011,1503610431434,-11,-8,1,-5,-3,-1,0,-6
11012,11012,1503610431440,-4,4,1,-5,-3,-2,-2,-11
11013,11013,1503610431448,-3,28,18,3,0,0,-2,-8
11014,11014,1503610431462,-1,1,-11,-6,-2,1,-1,5
11015,11015,1503610431470,0,-13,-4,0,-2,-2,0,3
11016,11016,1503610431484,-4,25,22,5,1,-1,0,-8
11017,11017,1503610431492,-1,-10,-8,-6,-3,-3,-4,-6
11018,11018,1503610431507,-7,7,9,3,2,2,1,1
11019,11019,1503610431508,24,30,-9,-8,-5,-3,2,8
11020,11020,1503610431523,-10,-26,-12,-6,-5,1,-2,0
11021,11021,1503610431530,-43,-29,-6,-1,1,3,1,-6
11022,11022,1503610431537,-7,-6,-9,0,-2,-3,-2,1
11023,11023,1503610431552,-14,-30,-15,-1,1,0,-1,3
11024,11024,1503610431560,12,10,10,7,3,1,2,1
11025,11025,1503610431568,3,15,4,-4,-2,1,-1,-2
11026,11026,1503610431581,-2,5,0,-1,-1,-3,-1,0
11027,11027,1503610431582,1,-9,-10,-6,-2,-4,-1,-6
11028,11028,1503610431590,4,-10,-7,-3,-1,-1,1,5
11029,11029,1503610431597,-21,-13,18,4,1,1,-2,-2
11030,11030,1503610431612,3,-7,-1,-1,-1,-2,-2,-3
11031,11031,1503610431620,-7,4,-8,-2,-2,-3,-3,-9
11032,11032,1503610431628,6,-8,-8,-4,-2,1,1,10
11033,11033,1503610431642,16,-12,-11,-6,-3,1,1,3
11034,11034,1503610431650,2,10,-3,1,5,-1,-1,2
11035,11035,1503610431657,7,26,6,2,-1,-1,-2,0
11036,11036,1503610431672,7,21,24,4,0,-1,-2,-4
11037,11037,1503610431680,-2,-7,-7,-2,0,-2,-2,-3
11038,11038,1503610431689,-23,-16,-9,-4,-3,-1,0,-5
11039,11039,1503610431702,5,-7,-13,-7,-1,0,0,4
11040,11040,1503610431710,1,-8,-8,-7,-2,-1,-2,-4
11041,11041,1503610431717,-1,-4,-6,2,-2,-1,-2,2
11042,11042,1503610431732,7,1,-1,-1,-4,-2,0,1
11043,11043,1503610431740,0,-11,-3,-3,-1,-2,1,0
11044,11044,1503610431748,0,-1,-27,-13,-5,-2,0,-5
11384,11384,1503610435033,17,20,16,5,4,2,3,6
11385,11385,1503610435040,-9,-10,-1,1,0,0,-1,-2
11386,11386,1503610435048,-2,-8,-13,-5,-5,-5,-7,-3
11387,11387,1503610435062,13,14,-5,1,0,-1,-1,-2
11388,11388,1503610435070,-12,-8,-8,-7,-4,-1,1,-3
11389,11389,1503610435077,-13,-20,-19,-11,-3,-2,-3,-3
11390,11390,1503610435092,7,7,-5,-7,4,1,-2,1
11391,11391,1503610435093,-1,8,13,6,0,0,2,6
11392,11392,1503610435099,-5,-6,5,5,1,-1,-2,-11
11393,11393,1503610435100,-2,-1,1,-4,-2,0,2,9
11394,11394,1503610435108,-33,-14,-7,-2,-1,0,-2,-9
11395,11395,1503610435123,-3,-1,-14,-9,-3,-1,0,-3
11396,11396,1503610435130,12,5,7,6,4,0,-1,2
11397,11397,1503610435137,0,5,5,4,1,1,1,-1
11398,11398,1503610435138,4,5,10,5,0,0,-1,1
11399,11399,1503610435152,8,4,4,-2,1,0,1,4
11400,11400,1503610435160,12,0,-8,-3,-2,0,0,-2
11401,11401,1503610435167,-12,25,27,9,4,3,0,2
11402,11402,1503610435168,5,-5,-10,-6,-6,0,-1,-10
11403,11403,1503610435182,0,-6,-4,1,-1,-1,-4,-3
11404,11404,1503610435190,-2,0,-7,-3,-1,-1,-1,2
11405,11405,1503610435197,-2,5,13,4,1,-1,-2,-8
11406,11406,1503610435212,-1,-1,2,5,-1,-2,0,0
11407,11407,1503610435220,-15,-5,-5,-4,-2,-3,-4,-5
11408,11408,1503610435228,-5,-7,1,-4,-5,-2,-1,-3
11409,11409,1503610435242,4,1,0,2,-2,-1,-4,-3
11410,11410,1503610435250,14,20,7,-4,1,-1,-2,7
11411,11411,1503610435257,-1,2,5,1,0,0,-1,-4
11412,11412,1503610435272,-10,-2,-7,-1,1,2,-6,-18
11413,11413,1503610435282,-16,-9,5,-2,-1,-3,4,3
11414,11414,1503610435288,8,1,1,-2,-1,-2,1,4
11415,11415,1503610435302,10,-6,3,4,4,1,-3,-3
11416,11416,1503610435310,-9,-8,10,3,-2,2,2,4
11417,11417,1503610435317,2,1,-6,-7,-2,-2,2,-1
11418,11418,1503610435332,3,-5,-12,-3,-2,-3,1,2
11419,11419,1503610435339,-1,6,0,-1,-4,0,2,6
11420,11420,1503610435356,-29,-6,13,7,1,1,1,-1
11421,11421,1503610435362,4,-4,-8,-6,-2,-2,-1,0
11422,11422,1503610435370,-5,-9,-7,-4,-3,-2,-4,-2
11423,11423,1503610435377,30,31,5,8,3,0,0,4
11424,11424,1503610435392,-16,-5,-3,-2,-3,-1,-2,0
11425,11425,1503610435400,4,0,-3,-7,-4,0,1,8
11426,11426,1503610435408,8,-6,-15,-7,-3,-5,-1,2
11427,11427,1503610435422,1,-9,-1,-1,-1,0,-1,-1
11428,11428,1503610435430,5,4,1,-1,-2,-2,-1,0
11429,11429,1503610435437,-24,-18,-11,-5,-2,-1,0,-1
11430,11430,1503610435452,27,9,-9,-3,-2,-1,-5,-4
11431,11431,1503610435460,7,1,6,1,5,2,2,-5
11432,11432,1503610435467,-12,-21,-7,0,-5,-2,1,1
11433,11433,1503610435484,16,13,23,10,3,1,3,6
11434,11434,1503610435491,2,0,5,0,2,0,1,-2
11435,11435,1503610435497,-21,-17,-8,-8,-7,-3,-3,-18
11436,11436,1503610435513,7,18,12,6,7,4,1,0
11437,11437,1503610435520,-5,-10,-5,-2,-1,-1,-2,-14
11438,11438,1503610435528,-10,-5,-15,-12,-5,-1,2,2
11439,11439,1503610435542,0,12,16,6,2,2,-1,1
11440,11440,1503610435552,9,5,-16,-11,-2,1,5,7
11441,11441,1503610435557,-18,-10,-7,-1,-2,0,-1,3
11442,11442,1503610435573,-6,-4,-16,-8,-2,-2,-3,1
11443,11443,1503610435579,6,-11,-4,-5,-2,-3,-1,-4
11444,11444,1503610435580,3,7,15,10,4,1,1,-5
11445,11445,1503610435588,-6,-5,6,1,-3,-2,-3,-1
11446,11446,1503610435602,-1,2,-21,-12,-6,-6,-3,-1
11447,11447,1503610435610,17,2,23,13,6,3,3,5
11448,11448,1503610435617,9,-7,-7,-3,-1,0,0,-1
11449,11449,1503610435632,-5,-4,-13,-8,-3,-1,-3,-7
11450,11450,1503610435639,-2,1,0,2,2,0,0,5
11451,11451,1503610435647,-6,-9,-10,-6,-6,-4,1,-2
11452,11452,1503610435664,-3,6,10,4,2,-1,-3,-3
11453,11453,1503610435670,-15,-11,-1,3,4,1,-4,-11
11454,11454,1503610435671,18,10,1,0,-3,-3,-4,-3
11455,11455,1503610435677,-6,-9,-8,2,4,0,-4,-5
11456,11456,1503610435694,-16,-6,3,1,0,1,1,1
11457,11457,1503610435699,-1,-19,-13,-9,-3,-2,1,0
11458,11458,1503610435708,-2,9,8,8,6,0,-2,-9
11459,11459,1503610435724,-17,-11,-6,-2,-4,-2,-4,-16
11460,11460,1503610435731,-3,3,9,9,3,3,1,7
11461,11461,1503610435737,8,15,-3,-3,-1,-1,1,-5
11462,11462,1503610435755,1,-1,0,2,-2,-1,-3,-2
11463,11463,1503610435760,-1,10,-1,-2,-3,0,1,13
11464,11464,1503610435768,4,2,6,1,2,1,1,8
11465,11465,1503610435782,3,5,-2,-4,-4,-2,-3,1
11466,11466,1503610435790,-7,4,6,-3,3,1,-5,-5
11467,11467,1503610435797,1,-15,-3,3,-3,-4,-1,2
11468,11468,1503610435812,9,11,0,-1,-5,-4,-3,-6
11469,11469,1503610435820,-3,-8,-4,-3,-1,-1,1,12
11470,11470,1503610435829,4,9,16,9,5,1,-2,-1
11471,11471,1503610435842,6,8,5,1,-2,-1,1,4
11472,11472,1503610435851,-2,-9,-11,-9,-6,-1,2,5
11473,11473,1503610435858,-1,0,1,2,1,1,0,0
11474,11474,1503610435872,5,12,2,-2,0,-1,-2,-1
11475,11475,1503610435873,3,-14,-6,-2,-1,-1,1,2
11476,11476,1503610435879,-10,2,11,0,1,1,-1,-1
11477,11477,1503610435890,-3,-11,-2,1,-1,-2,0,-4
11478,11478,1503610435902,3,-7,-12,-7,-5,0,-1,1
11479,11479,1503610435911,-2,0,-1,2,1,1,-2,-9
11480,11480,1503610435917,10,-3,-1,2,6,-1,0,0
11481,11481,1503610435933,-22,-9,-2,-2,0,-3,-1,-5
11884,11884,1503610439839,-18,-29,1,-7,-3,-4,-3,-3
11885,11885,1503610439856,4,1,5,5,1,-1,2,-5
11886,11886,1503610439862,-1,-8,-18,-9,-2,0,1,8
11887,11887,1503610439870,4,-9,-9,-9,-7,-2,-3,-1
11888,11888,1503610439885,-3,-7,0,2,0,0,-2,0
11889,11889,1503610439892,-2,2,6,6,5,2,1,-4
11890,11890,1503610439900,7,1,-18,-14,-7,-5,-8,-22
11891,11891,1503610439917,-10,-2,9,4,1,1,-2,-2
11892,11892,1503610439923,-9,7,15,7,1,1,3,5
11893,11893,1503610439930,-4,-2,-6,0,-2,-2,-3,-24
11894,11894,1503610439944,-10,4,-13,-9,-4,-2,-2,-21
11895,11895,1503610439954,22,1,1,4,3,0,-1,6
11896,11896,1503610439960,17,6,2,-4,-1,-3,-4,5
11897,11897,1503610439975,-6,6,8,5,2,0,2,3
11898,11898,1503610439982,12,34,7,-7,0,1,2,14
11899,11899,1503610439990,-14,-8,2,4,0,-1,-3,-5
11900,11900,1503610440004,-4,-5,5,2,1,0,2,-5
11901,11901,1503610440005,14,-20,-14,-4,-6,-4,-2,-2
11902,11902,1503610440014,0,-23,-9,-5,-4,-3,0,15
11903,11903,1503610440025,3,-8,-4,2,0,1,1,18
11904,11904,1503610440036,10,12,14,3,2,1,-1,7
11905,11905,1503610440042,-5,6,-7,-8,-3,-3,0,-2
11906,11906,1503610440051,4,6,0,-6,5,2,2,4
11907,11907,1503610440064,9,-11,-16,-8,-5,-2,2,6
11908,11908,1503610440072,-2,-5,11,6,0,0,-1,-1
11909,11909,1503610440081,-1,-5,5,6,4,2,5,6
11910,11910,1503610440095,-9,-5,-17,-5,-4,-4,-3,5
11911,11911,1503610440102,-9,-4,3,2,-1,-3,-3,-3
11912,11912,1503610440110,0,11,3,-1,-1,0,-1,-5
11913,11913,1503610440124,-4,8,0,-2,-4,-5,-7,-12
11914,11914,1503610440132,1,-7,-11,-6,-7,-4,0,-4
11915,11915,1503610440139,-14,-18,0,5,5,3,0,-2
11916,11916,1503610440155,3,-6,-23,-20,-9,-5,0,14
11917,11917,1503610440162,19,0,7,4,3,0,-1,6
11918,11918,1503610440170,-4,-5,-19,-7,-6,-2,0,1
11919,11919,1503610440185,-12,14,11,7,0,2,-3,-11
11920,11920,1503610440192,3,-2,3,2,1,0,-1,-19
11921,11921,1503610440199,5,6,-2,0,-1,-1,2,8
11922,11922,1503610440217,-12,5,-4,-1,1,0,-3,-8
11923,11923,1503610440223,-7,7,9,-2,0,0,0,-2
11924,11924,1503610440230,-4,7,-4,-2,1,3,-1,2
11925,11925,1503610440244,-2,-14,2,5,3,1,0,-6
11926,11926,1503610440255,-5,-10,3,3,2,-1,1,-6
11927,11927,1503610440259,-19,-17,3,-5,-3,0,-3,-14
11928,11928,1503610440275,1,4,-2,0,-2,-1,0,-1
11929,11929,1503610440289,9,0,-7,-2,0,-2,-1,4
11930,11930,1503610440291,0,3,2,1,1,0,-2,-6
11931,11931,1503610440304,-10,-3,0,2,0,0,0,-7
11932,11932,1503610440312,11,9,4,0,-2,-2,-4,-10
11933,11933,1503610440320,-16,-4,-6,-4,-1,-3,-2,3
11934,11934,1503610440335,-3,-6,1,-1,-2,-2,3,12
11935,11935,1503610440342,14,10,2,4,2,0,-4,-1
11936,11936,1503610440351,3,6,13,8,1,2,5,19
11937,11937,1503610440364,-2,6,-1,-4,-3,-3,0,-2
11938,11938,1503610440372,0,-20,-14,-7,-7,-5,-6,-9
11939,11939,1503610440379,-2,5,9,7,2,2,-4,-4
11940,11940,1503610440395,2,0,-4,-3,0,2,3,0
11941,11941,1503610440402,3,3,-6,-4,-2,-4,1,10
11942,11942,1503610440410,-12,-4,-2,1,1,-2,-4,-1
11943,11943,1503610440424,3,-8,-1,0,0,1,2,2
11944,11944,1503610440432,-2,-5,-7,-1,-3,-3,1,-3
11945,11945,1503610440439,-4,-5,-2,0,0,2,-1,-6
11946,11946,1503610440456,-2,-3,-3,-3,1,0,-1,-3
11947,11947,1503610440462,5,2,-7,-5,-2,-2,1,0
11948,11948,1503610440477,5,1,1,-1,1,-1,-2,2
11949,11949,1503610440486,-6,1,-3,-3,-3,-4,-2,-11
11950,11950,1503610440493,4,1,4,-1,-1,0,-1,3
11951,11951,1503610440500,-4,-8,-4,0,2,1,1,4
11952,11952,1503610440515,6,12,14,7,2,1,-1,5
11953,11953,1503610440522,6,1,-7,-4,-5,0,2,1
11954,11954,1503610440531,1,-6,-17,-14,-5,-2,1,0
11955,11955,1503610440545,-3,17,8,5,3,-1,-3,-4
11956,11956,1503610440554,2,6,1,-1,-1,-1,1,2
11957,11957,1503610440561,0,-15,-13,-7,-4,-2,-3,1
11958,11958,1503610440576,-4,-4,3,4,2,0,0,-6
11959,11959,1503610440582,1,1,0,-2,-3,1,2,-1
11960,11960,1503610440590,1,-1,0,0,1,1,-1,4
11961,11961,1503610440604,10,5,-1,-2,0,-2,-2,1
11962,11962,1503610440622,-3,-7,-3,0,0,0,-2,-2
11963,11963,1503610440628,1,12,6,5,2,1,-1,3
11964,11964,1503610440635,0,13,10,2,0,-1,-2,-7
11965,11965,1503610440642,-8,-3,-5,-2,-3,-4,-2,1
11966,11966,1503610440657,-8,-8,4,4,-2,-2,-2,-2
11967,11967,1503610440664,0,-3,1,1,1,0,2,-4
11968,11968,1503610440672,-6,2,-2,-3,-2,-1,3,5
11969,11969,1503610440687,-3,1,0,1,0,-2,0,0
11970,11970,1503610440695,1,-4,-6,-7,-2,-3,0,-7
11971,11971,1503610440702,7,3,0,3,2,-1,-3,1
11972,11972,1503610440721,4,-4,1,3,2,-1,0,2
11973,11973,1503610440725,2,4,-10,-6,-7,-3,0,-1
11974,11974,1503610440732,1,6,6,-2,3,1,-4,-4
11975,11975,1503610440747,0,-6,10,7,1,-1,-4,0
11976,11976,1503610440756,-10,-15,-7,-3,-5,-2,1,6
11977,11977,1503610440762,-4,-4,-2,-7,-3,-1,-2,-1
11978,11978,1503610440778,9,7,1,6,2,0,-2,-4
11979,11979,1503610440785,-2,-6,-1,4,1,0,2,-1
11980,11980,1503610440793,-7,-5,-4,-5,-1,-1,6,1
11981,11981,1503610440807,-6,1,-2,-4,-1,-1,4,-2
11982,11982,1503610440815,3,1,1,3,1,-1,-4,-2
11983,11983,1503610440822,-4,1,5,2,4,1,-3,-3
11984,11984,1503610440837,-9,-3,6,4,1,-2,0,1
11985,11985,1503610440844,3,-13,-16,-8,-3,-1,-2,3
11986,11986,1503610440855,4,2,1,3,1,1,-2,-3
11987,11987,1503610440867,-2,-2,-4,-4,-2,-1,-1,-2
11988,11988,1503610440875,1,0,0,1,-1,-1,-3,-4
11989,11989,1503610440882,4,6,-3,-10,-4,0,0,-2
11990,11990,1503610440897,0,-5,-2,-2,0,1,-1,4
11991,11991,1503610440904,-1,-3,1,1,0,-2,-3,0
11992,11992,1503610440922,-2,-3,-12,-11,-6,-2,0,-3
11993,11993,1503610440927,1,4,6,-5,-4,-1,1,2
11994,11994,1503610440935,4,22,7,3,1,0,-1,-7
11995,11995,1503610440942,-7,9,2,0,-2,-2,-3,-11
11996,11996,1503610440957,-2,-14,-4,-1,0,-1,-1,-1
11997,11997,1503610440964,4,-6,-4,0,-3,0,1,6
11998,11998,1503610440973,1,4,2,1,-3,-3,-1,-1
11999,11999,1503610440990,-6,-7,1,1,2,-1,-6,-5
12000,12000,1503610440995,-5,-6,-7,-6,-5,-3,-4,-10
12001,12001,1503610441002,0,-5,-2,0,-1,0,-1,-1
12002,12002,1503610441017,-3,-4,-3,-2,-3,0,-1,-4
12003,12003,1503610441024,3,8,11,8,3,2,1,3
12004,12004,1503610441032,-5,1,3,2,-2,0,-1,2
12005,12005,1503610441047,5,15,-17,-9,0,0,-1,2
12006,12006,1503610441056,-9,-16,6,2,0,-1,2,-4
12007,12007,1503610441062,-3,-13,-8,-3,-4,-4,0,-1
12008,12008,1503610441077,6,5,-1,0,0,0,-1,3
12009,12009,1503610441084,-4,-15,1,2,1,1,0,-4
12010,12010,1503610441092,3,-2,-2,1,0,0,0,-3
12011,12011,1503610441107,3,2,3,3,0,0,0,-2
12012,12012,1503610441115,-2,-1,-4,-3,0,-2,-3,1
12013,12013,1503610441123,-4,-7,-9,-2,-3,-1,0,0
12014,12014,1503610441137,5,14,9,5,7,2,0,-4
12015,12015,1503610441144,-10,7,4,0,0,0,0,-5
12016,12016,1503610441152,-3,-2,-9,-7,-5,-3,-2,-3
12017,12017,1503610441167,-3,-9,0,2,0,0,-3,-1
12018,12018,1503610441175,2,-1,-2,-3,-1,0,-1,4
12019,12019,1503610441184,-1,-2,-3,-4,-3,-1,0,2
12020,12020,1503610441197,2,-1,1,0,0,-1,0,3
12021,12021,1503610441204,15,12,2,-1,4,1,-1,-1
12022,12022,1503610441212,0,2,5,-2,-4,-1,0,1
12023,12023,1503610441228,-2,-4,-1,-1,-3,-3,-1,-1
12024,12024,1503610441235,-3,-4,-5,-2,1,0,-3,4
12025,12025,1503610441249,-2,-8,0,-1,-2,-1,-1,2
12026,12026,1503610441259,1,13,-4,1,2,-3,-5,-16
12027,12027,1503610441265,-4,0,2,0,1,1,1,-3
12028,12028,1503610441272,-1,-12,-6,0,-4,-2,0,0
12584,12584,1503610446589,6,12,13,9,4,2,0,6
12585,12585,1503610446597,-6,-6,-5,-1,-4,-1,-2,-4
12586,12586,1503610446612,-2,-3,-15,-10,-3,-2,-1,6
12587,12587,1503610446620,0,-4,4,1,-2,-2,-2,11
12588,12588,1503610446628,-2,-8,0,-6,-2,-1,-1,-7
12589,12589,1503610446641,1,12,6,5,1,-1,0,-15
12590,12590,1503610446642,0,0,-3,-6,-1,0,2,-3
12591,12591,1503610446649,-1,-5,-6,-2,-1,-1,1,4
12592,12592,1503610446657,-2,-5,-6,-2,-2,0,0,1
12593,12593,1503610446672,2,-1,-4,-1,-2,0,-1,5
12594,12594,1503610446680,1,3,0,0,0,1,1,-10
12595,12595,1503610446687,-2,-18,-3,-2,-3,-2,-1,1
12596,12596,1503610446702,2,-2,-3,-1,1,-1,-2,6
12597,12597,1503610446709,2,5,-3,-1,0,-1,1,8
12598,12598,1503610446717,3,6,-3,0,1,-2,-2,1
12599,12599,1503610446733,-3,-6,-6,-12,-5,-1,-2,-13
12600,12600,1503610446739,4,-4,-7,2,1,1,1,-6
12601,12601,1503610446740,-4,-2,5,4,-1,-1,-3,-11
12602,12602,1503610446746,1,9,6,1,1,-1,0,-1
12603,12603,1503610446763,0,-2,9,3,6,-1,-1,10
12604,12604,1503610446776,-2,3,-2,1,-1,-2,-1,1
12605,12605,1503610446778,-6,-14,-2,0,-3,-1,0,-12
12606,12606,1503610446791,1,17,8,0,0,0,0,-8
12607,12607,1503610446792,3,6,3,1,1,1,1,0
12608,12608,1503610446801,0,-2,-10,-4,-3,-2,-1,-5
12609,12609,1503610446807,-3,-4,-6,2,-3,-1,0,-4
12610,12610,1503610446822,2,10,4,3,3,2,1,4
12611,12611,1503610446830,-2,-1,2,4,0,-2,-1,0
12612,12612,1503610446844,-4,-3,-5,-6,-4,-2,-1,-3
12613,12613,1503610446851,-2,-5,-4,-5,-2,-1,-3,2
12614,12614,1503610446867,2,4,16,8,4,0,-1,6
12615,12615,1503610446868,0,6,15,4,2,-1,-1,-11
12616,12616,1503610446881,-2,-4,-6,-5,-6,-2,1,-6
12617,12617,1503610446889,0,3,-1,-1,-2,1,0,5
12618,12618,1503610446898,-6,-9,-12,-2,-6,-3,-2,-4
12619,12619,1503610446912,3,19,21,12,4,1,-1,1
12620,12620,1503610446920,-1,-1,3,1,1,-1,1,4
12621,12621,1503610446926,0,-5,-10,-6,-3,-3,-2,-3
12622,12622,1503610446942,-5,-5,-15,-15,-5,-1,-2,18
12623,12623,1503610446949,1,4,2,4,4,2,-2,3
12624,12624,1503610446957,-3,-1,-1,1,2,1,0,-13
12625,12625,1503610446972,-3,-5,-7,0,0,-1,-1,-13
12626,12626,1503610446979,0,0,1,-2,-3,-2,1,-5
12627,12627,1503610446987,-2,-12,-9,-6,-4,-1,0,-3
12628,12628,1503610447002,3,5,3,3,1,0,-2,7
12629,12629,1503610447009,-1,-3,-1,-4,-3,-3,1,0
12630,12630,1503610447017,1,-4,-6,-3,-3,0,-1,-5
12631,12631,1503610447032,-5,2,5,2,1,0,-4,0
12632,12632,1503610447040,-3,1,7,5,3,-2,-1,-8
12633,12633,1503610447046,1,-3,-3,-3,0,-2,-1,2
12634,12634,1503610447064,1,3,7,0,0,1,2,0
12635,12635,1503610447070,0,-3,-3,-2,2,-1,1,2
12636,12636,1503610447077,1,-5,-10,-6,-1,-1,0,0
12637,12637,1503610447091,-2,-1,-4,-2,-1,-1,1,1
12638,12638,1503610447092,0,5,4,3,-1,1,-1,-1
12639,12639,1503610447100,-1,-9,-6,-3,-4,-2,-3,1
12640,12640,1503610447107,-1,-1,9,5,1,2,0,-3
12641,12641,1503610447121,-1,-1,-3,0,-1,-2,0,-5
12642,12642,1503610447132,-1,-10,-10,-6,-3,-3,-1,2
12643,12643,1503610447137,-4,-5,-1,-1,0,0,-3,3
12644,12644,1503610447152,0,3,10,4,2,1,2,3
12645,12645,1503610447159,0,2,0,-2,-2,-2,0,-1
12646,12646,1503610447174,-4,-5,-12,-7,-3,-2,-2,-9
12647,12647,1503610447182,0,7,4,-2,0,1,0,-6
12648,12648,1503610447189,1,5,-4,-5,-3,-2,-1,-3
12649,12649,1503610447205,-6,-9,-8,-1,-2,-2,-2,-2
12650,12650,1503610447212,-1,-1,-3,-5,-4,-3,-4,-8
12651,12651,1503610447220,2,3,10,6,3,1,-1,3
12652,12652,1503610447235,-1,2,0,6,-1,-3,-3,-1
12653,12653,1503610447242,1,0,-9,-8,-5,-2,-1,-5
12654,12654,1503610447249,1,2,11,0,-1,1,1,3
12655,12655,1503610447272,-3,-7,-8,-2,-3,-4,1,1
12656,12656,1503610447281,2,6,5,8,3,1,-1,4
12657,12657,1503610447294,-1,2,5,3,1,0,1,-4
12658,12658,1503610447302,-1,-2,-6,-6,-5,-3,-3,-1
12659,12659,1503610447309,0,-10,-6,-2,-1,-1,1,0
12660,12660,1503610447324,3,2,1,3,2,0,1,0
12661,12661,1503610447333,-1,-3,-9,-5,-2,-1,-2,4
12662,12662,1503610447341,-2,5,0,-6,-3,0,-2,1
12663,12663,1503610447354,-1,-3,-1,3,2,2,0,2
12664,12664,1503610447361,-3,0,-2,-1,2,0,-6,-12
13264,13264,1503610453166,-11,-8,-12,-9,-2,-1,-3,-4
13265,13265,1503610453177,-6,-6,2,0,-6,-3,0,0
13266,13266,1503610453189,-1,5,10,10,6,2,-3,-1
13267,13267,1503610453196,-9,-1,2,-2,0,1,3,-13
13268,13268,1503610453208,-13,-23,-11,-4,-8,-2,-4,1
13269,13269,1503610453218,-32,-6,-20,-7,-6,-3,1,0
13270,13270,1503610453226,2,5,5,0,-1,0,-1,4
13271,13271,1503610453242,10,-20,-6,3,1,-1,-1,3
13272,13272,1503610453249,-3,-8,-8,-6,0,-2,0,2
13273,13273,1503610453264,-6,4,-3,-6,-5,-1,-3,-7
13274,13274,1503610453265,2,16,7,1,1,0,0,-3
13275,13275,1503610453278,2,-11,-4,-1,0,-1,-3,-3
13276,13276,1503610453286,-1,-6,-14,-7,-5,-2,0,-1
13277,13277,1503610453294,0,3,12,6,0,1,-1,3
13278,13278,1503610453309,3,6,9,1,-1,-2,-1,-2
13279,13279,1503610453317,7,-9,-6,-12,-2,-2,1,1
13280,13280,1503610453324,-18,7,25,18,6,3,0,-5
13281,13281,1503610453339,11,0,-6,-5,-5,-2,-2,-5
13282,13282,1503610453344,-12,-35,-9,-7,-6,-1,-5,1
13283,13283,1503610453347,12,3,-5,-5,0,0,-1,5
13284,13284,1503610453354,4,9,5,8,4,1,0,-2
13285,13285,1503610453369,1,-1,-11,-6,-4,-2,-2,3
13286,13286,1503610453376,18,11,-3,-3,-2,-3,-2,2
13287,13287,1503610453384,-5,1,-6,2,0,0,-1,1
13288,13288,1503610453398,26,16,5,0,0,-1,2,4
13289,13289,1503610453408,18,12,3,-2,2,-2,1,-2
13290,13290,1503610453414,-21,-11,-2,2,1,-4,-5,-5
13291,13291,1503610453429,-20,-16,-15,-8,-1,-1,0,-5
13292,13292,1503610453436,4,15,14,6,0,0,3,-1
13293,13293,1503610453445,1,-9,-4,-2,-2,-2,-3,-4
13294,13294,1503610453446,1,3,-3,-5,-6,-2,0,3
13295,13295,1503610453458,-8,3,0,0,2,0,0,1
13296,13296,1503610453466,15,4,8,2,0,2,2,3
13297,13297,1503610453476,3,0,-14,-8,-5,-2,-2,1
13298,13298,1503610453489,10,6,0,-2,-2,-2,-1,1
13299,13299,1503610453496,-15,-3,-4,-2,-3,0,1,0
13300,13300,1503610453504,-11,-9,-4,0,-1,0,-2,0
13301,13301,1503610453520,-5,9,3,0,-1,2,7,12
13302,13302,1503610453526,-6,0,9,7,3,0,-2,-4
13303,13303,1503610453534,-2,-10,-5,-3,-4,-3,-2,-11
13304,13304,1503610453549,-7,0,-4,-4,3,0,0,5
13305,13305,1503610453556,-1,1,12,10,2,0,-3,-1
13306,13306,1503610453564,-6,-11,-8,-6,-3,-6,-3,-10
13307,13307,1503610453582,3,-2,-2,-4,2,1,1,1
13308,13308,1503610453586,-2,-9,-8,-4,-3,2,0,9
13309,13309,1503610453594,-8,-2,1,1,-1,-1,-4,-8
13310,13310,1503610453612,9,17,15,0,0,0,-2,-1
13311,13311,1503610453616,-6,-4,-1,-2,-6,-6,-4,-1
13312,13312,1503610453617,3,-8,-6,-5,-3,0,-1,-2
13313,13313,1503610453624,-7,-5,4,1,4,3,2,-1
13314,13314,1503610453638,1,6,5,1,-1,-3,0,-1
13315,13315,1503610453647,-6,-15,-20,-9,-8,-6,-4,-2
13316,13316,1503610453654,6,-5,0,1,0,-1,1,5
13317,13317,1503610453669,-15,-7,3,2,-2,-2,-2,-13
13318,13318,1503610453679,-10,-16,-10,-7,-3,0,-6,-11
13319,13319,1503610453691,-7,3,5,-1,-2,-3,-2,-8
13320,13320,1503610453698,2,33,26,12,5,-1,1,-1
13321,13321,1503610453706,3,-18,-5,-2,-1,1,-2,-7
13322,13322,1503610453721,5,-10,-16,-2,-6,-2,2,9
13323,13323,1503610453729,-6,2,1,0,1,0,0,-2
13324,13324,1503610453736,9,13,10,7,4,2,0,6
13325,13325,1503610453752,20,0,-13,-2,-4,-5,-1,7
13326,13326,1503610453758,-3,-4,-2,-3,-1,-3,-3,1
13327,13327,1503610453766,1,2,0,1,-1,-1,0,6
13328,13328,1503610453781,-4,-9,-7,-4,3,-1,3,15
13329,13329,1503610453789,-1,-5,-1,-1,0,-1,-4,-1
13330,13330,1503610453796,-11,-11,-4,-2,0,-1,0,-4
13331,13331,1503610453813,2,-8,-2,4,1,1,0,-8
13332,13332,1503610453818,15,8,-12,-18,-4,-1,-3,-16
13333,13333,1503610453826,13,12,14,4,2,-1,0,-3
13334,13334,1503610453840,15,-7,1,2,-2,0,-2,1
13335,13335,1503610453849,-3,8,-14,-4,-1,0,0,2
13336,13336,1503610453856,-28,-21,-3,-2,-2,-2,1,-5
13337,13337,1503610453878,10,32,7,-3,2,0,0,-1
13338,13338,1503610453879,-4,-7,17,6,-2,1,-2,-3
13747,13747,1503610457787,14,-9,-8,-6,-3,0,6,5
13748,13748,1503610457801,6,23,3,0,-1,5,1,-2
13749,13749,1503610457809,0,-8,-2,2,-1,-4,-7,-9
13750,13750,1503610457816,3,-5,-2,-4,-3,-3,0,12
13751,13751,1503610457831,-2,-4,-6,-3,-1,0,3,-16
13752,13752,1503610457840,-12,-8,-12,-10,-7,-5,-1,-14
13753,13753,1503610457855,8,3,6,6,1,1,-2,8
13754,13754,1503610457861,-9,-20,-18,-7,-8,-2,5,3
13755,13755,1503610457869,-21,-36,15,10,3,2,0,-6
13756,13756,1503610457876,9,-1,-3,-8,-9,-4,-1,12
13757,13757,1503610457891,8,13,-7,-4,-1,1,-1,8
13758,13758,1503610457898,1,-5,4,4,4,0,1,6
13759,13759,1503610457907,0,11,18,0,-1,-1,-3,-12
13760,13760,1503610457921,-9,21,8,2,5,-1,-9,-45
13761,13761,1503610457930,10,-2,-14,-3,-4,-4,-1,9
13762,13762,1503610457936,10,7,-3,2,-3,-1,2,17
13763,13763,1503610457951,-3,35,23,3,-1,-1,-1,-3
13764,13764,1503610457958,10,-17,-26,-3,2,2,0,7
13765,13765,1503610457966,-3,-6,-7,-10,-3,-2,-3,1
13766,13766,1503610457967,-19,-11,5,5,1,2,3,12
13767,13767,1503610457981,-11,8,14,-1,-3,0,2,6
13768,13768,1503610457989,8,-10,-22,-12,-1,-1,0,10
13769,13769,1503610457996,-3,-15,-2,0,2,-1,-2,1
13770,13770,1503610458011,-1,-12,-16,-3,-5,-2,-1,2
13771,13771,1503610458019,-11,-5,0,6,3,0,-4,2
13772,13772,1503610458027,10,-2,8,0,2,1,0,4
13773,13773,1503610458042,-2,22,28,14,7,4,3,-6
13774,13774,1503610458055,-4,4,-16,-3,1,-1,-2,-17
13775,13775,1503610458056,-6,-23,-16,-8,-3,-3,-3,2
13776,13776,1503610458071,-5,9,-4,-4,-3,-2,0,0
13777,13777,1503610458079,11,27,24,4,1,0,-6,-10
13778,13778,1503610458086,-2,-4,4,-1,1,-1,-2,-9
13779,13779,1503610458101,-9,-5,-7,0,1,-2,1,-5
13780,13780,1503610458110,5,-9,-4,0,-4,-1,1,11
13781,13781,1503610458116,-35,-29,11,-3,-4,-3,-6,-27
13782,13782,1503610458131,-19,-13,5,-1,2,-2,-4,-1
13783,13783,1503610458141,7,2,4,-4,-3,-2,2,14
13784,13784,1503610458149,4,19,4,1,1,3,-3,3
13785,13785,1503610458161,14,-5,-17,-3,-3,-7,-6,3
13786,13786,1503610458169,13,8,9,7,2,-1,3,6
13787,13787,1503610458177,0,1,1,3,4,6,1,-2
13788,13788,1503610458191,-10,-30,-9,-3,-2,-1,-6,-6
13789,13789,1503610458198,8,34,19,10,6,0,-2,-7
13790,13790,1503610458199,13,16,0,0,-3,1,1,18
13791,13791,1503610458208,-2,-10,-17,-10,-1,-2,1,4
13792,13792,1503610458221,21,23,2,2,2,2,-2,-11
13793,13793,1503610458229,-12,-7,6,5,-1,-2,-3,-13
13794,13794,1503610458236,-12,6,1,-1,0,-2,-1,-4
13795,13795,1503610458251,8,-7,-18,-8,-3,-2,1,3
13796,13796,1503610458258,2,-18,-8,-3,-3,-3,1,7
13797,13797,1503610458267,-8,18,12,-4,2,1,5,3
13798,13798,1503610458281,3,-8,-9,-11,-5,0,2,9
13799,13799,1503610458289,2,12,-3,1,0,-1,-8,-8
13800,13800,1503610458296,-2,-2,0,-1,-3,1,0,4
13801,13801,1503610458311,1,-9,-5,-4,-8,-3,-7,-4
13802,13802,1503610458319,3,-6,-11,-1,4,0,-5,-1
13803,13803,1503610458327,10,22,11,2,0,1,-3,-8
13804,13804,1503610458342,-3,-7,8,-1,-2,-1,3,3
13805,13805,1503610458351,5,10,29,11,5,3,4,0
13806,13806,1503610458363,-6,-7,-18,-4,-6,-3,0,-5
13807,13807,1503610458371,-1,-3,-6,0,-1,-1,0,2
13808,13808,1503610458381,-7,-4,6,0,-3,-1,4,3
13809,13809,1503610458394,-4,3,-15,-7,-4,-8,-6,-4
13810,13810,1503610458401,6,0,-3,1,0,-2,1,8
13811,13811,1503610458410,-1,-15,-7,-1,-1,0,2,-1
13812,13812,1503610458423,-3,6,7,6,7,1,-1,-10
13813,13813,1503610458431,-5,-8,3,-1,-5,-1,-6,3
13814,13814,1503610458439,-14,-22,-29,-28,-11,-4,-5,-7
13815,13815,1503610458454,2,6,7,5,3,2,0,0
13816,13816,1503610458461,12,17,4,-1,-2,0,-2,1
13817,13817,1503610458478,-6,-2,-7,-6,-2,0,3,5
13818,13818,1503610458483,-2,2,15,8,5,1,1,5
13819,13819,1503610458491,-11,-15,-17,-7,-4,-3,-1,-4
13820,13820,1503610458498,-1,-1,3,6,-1,-3,-4,-3
13821,13821,1503610458515,1,-9,2,2,0,-1,-3,-3
13822,13822,1503610458521,-12,-5,10,5,2,0,0,0
13823,13823,1503610458529,1,1,-4,4,3,0,-1,-3
13824,13824,1503610458544,10,2,-2,-3,-5,-3,-3,-2
13825,13825,1503610458552,14,8,-2,3,2,3,2,2
13826,13826,1503610458558,-5,-1,7,4,-1,2,0,4
13827,13827,1503610458574,-15,-15,-10,-10,-9,-4,1,6
13828,13828,1503610458581,-19,-13,-8,-3,-2,0,0,-5
13829,13829,1503610458589,18,3,-6,-4,-2,-3,-2,3
13830,13830,1503610458603,9,10,-1,-7,-4,-2,-4,-5
13831,13831,1503610458611,-14,5,6,-1,-2,-1,2,-6
13832,13832,1503610458620,-24,-11,-18,-6,1,0,-2,-3
13833,13833,1503610458634,6,0,12,9,2,2,-1,1
13834,13834,1503610458641,3,13,-17,-11,-4,-2,0,2
13835,13835,1503610458650,-7,3,2,5,2,0,-1,2
13836,13836,1503610458663,-3,-13,-3,2,-1,-1,3,8
13837,13837,1503610458671,-18,-11,-8,-5,-1,0,-2,-3
13838,13838,1503610458679,-6,-3,11,10,7,1,-1,-2
13839,13839,1503610458694,-7,-15,-11,-9,-7,-3,3,6
13840,13840,1503610458701,9,10,15,8,1,0,0,-6
13841,13841,1503610458709,-7,-6,-13,-3,-2,-4,-5,-6
13842,13842,1503610458723,-24,-9,2,2,3,0,-6,-4
13843,13843,1503610458731,15,6,5,4,1,2,4,8
13844,13844,1503610458741,6,4,-5,0,-1,1,1,2
13845,13845,1503610458754,9,5,-2,-5,-3,-2,-7,-10
13846,13846,1503610458766,18,6,4,-1,-2,-3,0,-1
13847,13847,1503610458770,10,11,8,1,-1,-3,0,4
13848,13848,1503610458784,5,-7,1,1,0,1,-1,4
13849,13849,1503610458791,-2,1,4,5,0,-1,0,-1
13850,13850,1503610458798,1,-3,-6,-1,-3,-4,-2,-1
13851,13851,1503610458814,-2,-6,2,0,3,2,-1,-7
13852,13852,1503610458821,0,0,0,-5,-2,0,3,-2
13853,13853,1503610458829,-7,-3,11,5,0,2,3,-4
13854,13854,1503610458843,-4,-12,-28,-14,-8,-5,-6,-5
13855,13855,1503610458851,3,6,14,8,3,1,1,1
13856,13856,1503610458858,1,-5,0,-3,0,1,-2,0
13857,13857,1503610458874,-1,-3,-5,-5,1,0,-2,-6
13858,13858,1503610458881,-11,0,-4,-2,-3,-4,1,-2
13859,13859,1503610458889,7,1,0,-3,-1,0,-3,-3
13860,13860,1503610458903,4,5,6,-1,-3,-1,1,-2
13861,13861,1503610458915,-2,-20,-2,-3,-4,-3,-4,3
13862,13862,1503610458919,-14,-5,-6,-1,-2,-1,0,-1
13863,13863,1503610458934,-3,7,1,5,1,-3,-2,1
13864,13864,1503610458941,17,-11,-3,0,-2,1,6,11
13865,13865,1503610458949,-7,-10,-9,-3,1,2,-2,-3
13866,13866,1503610458963,5,8,11,5,3,0,-2,-2
13867,13867,1503610458971,-1,-1,-5,-3,1,-1,2,2
13868,13868,1503610458982,5,0,-11,-6,-3,-2,-3,-1
13869,13869,1503610458993,1,15,16,6,4,1,0,0
13870,13870,1503610458994,-1,-26,-10,-3,-3,-3,0,-2
13871,13871,1503610459001,2,4,5,1,-3,-2,-2,-4
13872,13872,1503610459009,-8,3,-1,-6,-3,-2,-2,2
13873,13873,1503610459023,-4,5,9,2,3,3,0,-3
13874,13874,1503610459031,9,-1,-17,-8,-7,-2,1,3
13875,13875,1503610459038,-2,2,2,0,1,1,0,1
13876,13876,1503610459054,1,9,-1,-3,0,-1,0,-2
13877,13877,1503610459061,3,-4,-5,-6,-5,-3,2,2
13878,13878,1503610459069,-4,-6,3,4,0,-7,-9,-1
13879,13879,1503610459070,-5,8,6,1,3,4,9,-5
13880,13880,1503610459083,-3,0,1,4,5,2,-5,-2
13881,13881,1503610459091,-3,2,1,2,2,0,-6,-2
13882,13882,1503610459098,1,5,6,0,0,1,1,0
13883,13883,1503610459115,-2,-1,-24,-22,-14,-2,-2,2
13884,13884,1503610459121,-5,-4,20,20,18,0,-4,-1
13885,13885,1503610459122,12,18,9,7,2,1,0,1
13886,13886,1503610459129,2,2,4,1,-2,0,0,0
13887,13887,1503610459143,-3,-5,-1,-1,0,-3,-3,-2
13888,13888,1503610459153,-2,-1,0,-2,-2,-2,1,0
13889,13889,1503610459159,-2,-4,-1,3,-1,-2,-4,-5
13890,13890,1503610459173,-2,2,9,31,30,8,9,1
13891,13891,1503610459182,-4,-4,1,2,0,-1,0,2
13892,13892,1503610459190,4,2,0,-9,-8,-2,-4,9
13893,13893,1503610459203,-4,0,-11,-9,-3,-3,0,11
13894,13894,1503610459211,-15,-23,-2,4,0,-1,-2,14
13895,13895,1503610459219,14,5,7,3,-3,1,4,8
13896,13896,1503610459233,2,1,-9,-8,-3,-3,-3,-11
13897,13897,1503610459241,-6,-16,-19,-12,-5,-4,-1,-21
13898,13898,1503610459250,-9,3,5,5,-1,-3,-3,-11
13899,13899,1503610459263,-2,3,-1,-3,0,-1,1,-13
13900,13900,1503610459271,6,17,13,4,0,-3,-6,-24
13901,13901,1503610459285,-2,-5,-6,-2,-2,-1,-5,3
13902,13902,1503610459294,-2,-2,13,8,2,1,4,-1
13903,13903,1503610459301,4,8,8,10,3,1,2,-1
13904,13904,1503610459316,2,0,-3,-5,-5,-1,-4,1
13905,13905,1503610459323,-4,-18,-12,-11,-6,-3,2,4
13906,13906,1503610459331,4,53,27,1,-2,0,-1,2
13907,13907,1503610459345,-1,-1,2,2,1,4,-1,7
13908,13908,1503610459355,2,-14,-18,-8,-2,-1,1,4
13909,13909,1503610459361,-18,8,8,3,1,0,0,-10
13910,13910,1503610459376,-1,-10,-7,-6,-5,-4,-6,-2
13911,13911,1503610459383,9,-4,-2,-3,1,-1,-1,12
13912,13912,1503610459392,2,-2,-1,-2,-3,0,0,3
13913,13913,1503610459413,-13,-3,1,3,2,0,0,-2
13914,13914,1503610459417,18,16,13,3,2,2,1,5
13915,13915,1503610459421,-14,12,1,-6,-7,-3,-5,-13
13916,13916,1503610459436,-19,-27,-11,1,3,1,0,-3
13917,13917,1503610459443,5,-3,9,0,0,1,-2,-4
13918,13918,1503610459452,-8,5,2,-4,-5,-2,-3,-1
13919,13919,1503610459465,9,12,-2,2,-1,-2,-2,-1
13920,13920,1503610459473,9,-1,-8,-4,-4,-2,-1,-1
13921,13921,1503610459485,-2,-15,-5,-1,1,2,-2,-3
13922,13922,1503610459496,2,0,9,9,8,-1,-2,-1
13923,13923,1503610459503,10,2,2,-1,1,1,3,6
13924,13924,1503610459511,-14,-16,-19,-5,-6,-2,-1,-3
13925,13925,1503610459526,4,13,18,4,2,-1,0,2
13926,13926,1503610459533,17,3,1,-7,-4,-1,-1,3
13927,13927,1503610459541,3,-10,-5,-3,-2,-1,1,1
13928,13928,1503610459557,0,-7,2,1,-2,-1,3,6
13929,13929,1503610459563,-6,-10,-12,-5,-7,-5,-3,-6
13930,13930,1503610459571,-6,-4,-6,1,-1,1,-6,-7
13931,13931,1503610459586,-3,-4,-5,-1,-2,-3,-4,2
13932,13932,1503610459594,2,-4,-10,-5,-3,0,4,1
13933,13933,1503610459601,-6,4,12,6,3,3,2,6
13934,13934,1503610459624,12,12,1,-4,-5,-3,0,-1
13935,13935,1503610459626,2,2,-4,3,3,0,-1,5
13936,13936,1503610459631,-18,-18,0,0,1,1,0,-5
13937,13937,1503610459645,-31,-25,-9,1,-2,-1,-2,-13
13938,13938,1503610459654,-28,-31,-6,-5,-3,-3,-7,-21
13939,13939,1503610459668,10,4,0,-3,0,0,1,9
13940,13940,1503610459677,13,7,-4,-2,0,-3,-6,4
13941,13941,1503610459685,-12,-1,-6,-3,-3,-2,-4,-18
13942,13942,1503610459692,12,10,2,3,4,2,4,13
13943,13943,1503610459705,10,4,3,2,-2,0,4,8
13944,13944,1503610459713,2,9,1,0,0,0,0,-3
13945,13945,1503610459721,-8,-4,-6,-5,-5,-4,-1,-22
13946,13946,1503610459736,-5,-7,5,7,6,2,3,-2
13947,13947,1503610459743,3,27,-1,-3,0,-2,-3,-12
13948,13948,1503610459752,12,28,26,4,0,2,4,4
13949,13949,1503610459766,3,-13,-5,-2,0,3,3,22
13950,13950,1503610459773,10,-6,-19,-9,-5,-1,-5,0
13951,13951,1503610459781,-2,9,18,5,2,1,-4,-6
13952,13952,1503610459796,-2,1,-2,-1,-2,0,4,9
13953,13953,1503610459803,0,-8,-11,-4,-1,-2,-2,-11
13954,13954,1503610459811,-9,2,-1,4,2,-1,-3,-11
13955,13955,1503610459826,0,-6,0,-1,-2,0,1,12
13956,13956,1503610459833,-2,5,0,2,0,2,-1,-12
13957,13957,1503610459834,-3,0,-4,-2,-2,-1,-3,-3
13958,13958,1503610459841,0,7,8,2,2,2,-3,2
13959,13959,1503610459856,-20,-27,-10,-6,-2,-4,-3,-9
13960,13960,1503610459863,8,-2,-7,-3,-3,-2,3,9
13961,13961,1503610459871,-3,11,3,1,0,0,-3,-14
13962,13962,1503610459889,6,10,0,-2,1,-3,-1,5
13963,13963,1503610459894,5,-1,-2,-2,-2,-1,0,7
13964,13964,1503610459901,12,36,23,4,1,1,-3,-4
13965,13965,1503610459916,-10,0,6,8,3,2,0,-11
13966,13966,1503610459923,-30,-30,-32,-7,-5,-2,-1,2
13967,13967,1503610459931,1,-33,-20,-4,-7,-4,-4,0
13968,13968,1503610459945,-14,-21,-6,-4,-2,-1,-6,-12
13969,13969,1503610459954,1,10,3,0,-1,-3,-2,-3
13970,13970,1503610459962,18,-2,10,4,-1,-4,-1,5
13971,13971,1503610459976,-2,10,3,-4,-3,-1,2,-5
13972,13972,1503610459983,-8,-4,3,-2,0,0,4,8
13973,13973,1503610459992,-5,13,-4,-1,1,1,3,-3
13974,13974,1503610460005,-6,5,7,7,1,-2,-5,-8
13975,13975,1503610460014,18,9,4,-4,0,-2,-1,4
13976,13976,1503610460023,-4,-1,3,0,0,0,-4,-17
13977,13977,1503610460036,-13,32,10,1,1,-1,-1,-2
13978,13978,1503610460043,6,-7,-1,9,2,2,3,13
13979,13979,1503610460051,-23,-50,-26,-6,-4,-6,-4,-29
13980,13980,1503610460065,0,3,-10,-5,-4,-3,0,7
13981,13981,1503610460073,18,18,17,3,3,1,3,5
13982,13982,1503610460074,7,2,8,4,4,2,6,28
13983,13983,1503610460081,7,-13,-10,-6,-1,-3,-8,-15
13984,13984,1503610460097,2,-6,-3,-4,-2,-1,1,14
13985,13985,1503610460103,0,-4,-5,-4,-2,0,3,-3
13986,13986,1503610460111,9,-3,1,-2,1,1,0,2
13987,13987,1503610460127,14,41,-2,-4,0,-1,4,3
13988,13988,1503610460134,-1,16,4,-1,-1,3,-1,2
13989,13989,1503610460141,7,-20,-19,-13,-4,0,0,17
13990,13990,1503610460160,10,14,13,3,4,3,0,9
13991,13991,1503610460164,6,24,18,5,2,1,-3,1
13992,13992,1503610460171,9,1,1,7,1,-4,-4,-5
13993,13993,1503610460185,-31,-10,5,-3,-1,-2,-3,-22
13994,13994,1503610460194,-3,-7,-13,-8,-9,-4,-1,-1
13995,13995,1503610460201,7,-3,-6,8,3,-4,-8,-6
13996,13996,1503610460216,5,28,27,7,5,2,3,5
13997,13997,1503610460223,-4,-20,-6,-10,-3,0,-3,-13
13998,13998,1503610460239,0,-39,-21,-5,-2,-1,-4,1
13999,13999,1503610460245,4,-6,0,1,0,-2,-3,4
14000,14000,1503610460255,-9,-10,-6,-1,-6,-9,3,1
14001,14001,1503610460268,8,1,0,2,2,4,9,7
14002,14002,1503610460276,-11,3,2,-4,-4,-1,1,-3
14003,14003,1503610460283,4,0,3,2,1,-3,-4,-10
14004,14004,1503610460299,-12,-7,-6,-3,0,-1,2,0
14005,14005,1503610460305,-1,0,1,-1,1,3,4,15
14006,14006,1503610460314,0,-1,-5,-8,-5,-1,-8,-13
14007,14007,1503610460328,-4,-2,4,0,-1,-2,0,5
14008,14008,1503610460336,-1,-3,-1,1,3,-1,-7,0
14009,14009,1503610460343,-18,-33,-8,2,-1,0,4,-6
14010,14010,1503610460359,29,13,10,3,1,5,9,19
14011,14011,1503610460365,-16,-11,-5,-2,-2,-3,-1,-3
14012,14012,1503610460366,-13,6,5,0,-3,0,-2,-6
14013,14013,1503610460374,-1,-5,-5,0,1,1,1,-6
14014,14014,1503610460390,-4,19,4,2,1,0,0,1
14015,14015,1503610460397,15,11,-1,2,-1,0,-1,-4
14016,14016,1503610460403,-5,18,0,-7,-4,-2,2,26
14017,14017,1503610460418,-24,-7,8,2,-1,-3,-4,-16
14018,14018,1503610460425,-1,-13,-3,-1,-1,0,1,6
14019,14019,1503610460434,0,-2,-16,-13,-5,-4,-2,-1
14020,14020,1503610460448,14,2,3,2,-1,-2,-2,-13
14021,14021,1503610460457,8,3,1,2,-1,0,-4,5
14022,14022,1503610460463,3,-3,-8,-4,-4,-1,-1,1
14023,14023,1503610460478,1,-6,-5,-3,-1,0,-4,2
14024,14024,1503610460487,7,-6,2,-1,-1,0,2,-2
14025,14025,1503610460494,9,-19,-9,3,-3,0,5,17
14026,14026,1503610460509,11,3,4,-1,1,-2,2,5
14027,14027,1503610460516,-7,8,11,3,2,-3,-7,-30
14028,14028,1503610460531,-16,3,-5,-2,-3,-2,7,0
14029,14029,1503610460538,1,19,14,6,0,0,-2,-11
14030,14030,1503610460547,-6,4,12,1,-1,-3,-8,-13
14031,14031,1503610460553,12,19,1,-2,0,-2,-1,0
14784,14784,1503610467934,-14,-7,-8,-7,-2,-1,-3,-3
14785,14785,1503610467948,3,13,1,3,2,0,-1,-5
14786,14786,1503610467956,11,10,7,0,-1,-1,1,5
14787,14787,1503610467963,-2,-6,-2,0,-2,-2,-1,-3
14788,14788,1503610467979,4,-7,-10,-7,-3,-1,1,4
14789,14789,1503610467986,3,11,-2,0,2,2,1,0
14790,14790,1503610467994,-5,-2,0,-1,1,-1,-2,4
14791,14791,1503610468010,5,8,-4,-3,-5,-1,1,10
14792,14792,1503610468017,12,-2,-5,-2,-1,2,5,9
14793,14793,1503610468023,-14,-2,5,-1,0,-1,-5,-17
14794,14794,1503610468038,10,8,-1,-1,-3,-4,-2,0
14795,14795,1503610468046,-9,-5,-3,0,2,0,0,-4
14796,14796,1503610468054,-7,-4,1,-1,-1,-2,-2,-10
14797,14797,1503610468068,5,-4,-4,-1,1,0,0,8
14798,14798,1503610468083,-16,-13,-6,-2,1,1,-2,-15
14799,14799,1503610468085,6,-8,0,-4,-3,-3,-3,-1
14800,14800,1503610468098,1,-10,-3,-1,-2,-2,-3,-10
14801,14801,1503610468106,2,8,-5,-2,2,0,-2,-3
14802,14802,1503610468115,7,15,0,-2,0,1,4,4
14803,14803,1503610468128,0,28,6,-2,-5,-2,0,6
14804,14804,1503610468137,2,-2,3,7,2,0,-2,5
14805,14805,1503610468144,1,-18,3,3,-1,-2,1,1
14806,14806,1503610468158,-4,-49,-27,-8,-7,0,-1,14
14807,14807,1503610468165,0,-6,2,2,3,3,0,0
14808,14808,1503610468174,11,23,16,9,4,-1,-1,9
14809,14809,1503610468188,-17,-19,-21,-13,-6,-1,0,3
14810,14810,1503610468196,3,16,14,4,3,3,0,2
14811,14811,1503610468203,5,17,0,-8,-3,-3,-2,-4
14812,14812,1503610468220,12,50,31,8,2,2,0,0
14813,14813,1503610468226,4,17,12,9,2,1,1,-1
14814,14814,1503610468234,1,5,-4,-3,-4,-3,1,0
14815,14815,1503610468249,-7,-23,-11,-6,-4,-3,-7,-9
14816,14816,1503610468256,0,-31,-18,-3,0,0,-4,-11
14817,14817,1503610468263,-1,-13,-3,-4,-1,-3,-1,-3
14818,14818,1503610468279,-1,-22,-16,-4,-2,-2,0,0
14819,14819,1503610468287,-10,-9,5,7,3,2,1,-3
14820,14820,1503610468294,-5,-11,-8,-4,-4,0,-1,0
14821,14821,1503610468308,-22,6,3,1,1,0,0,-1
14822,14822,1503610468317,-8,2,-2,-1,0,-3,0,0
14823,14823,1503610468323,10,21,13,8,2,0,0,-6
14824,14824,1503610468338,-28,-11,5,-1,-2,-2,-1,-7
14825,14825,1503610468346,-12,-14,-15,-9,-4,-5,-5,-14
14826,14826,1503610468355,24,16,5,2,1,1,3,8
14827,14827,1503610468368,-5,-9,-3,0,-2,-1,-1,-10
14828,14828,1503610468376,-5,6,-4,-2,0,0,2,-15
14829,14829,1503610468385,10,-3,-1,-3,-1,1,4,24
14830,14830,1503610468401,5,23,28,7,0,-2,-2,0
14831,14831,1503610468405,2,-5,0,-1,-3,-1,0,-12
14832,14832,1503610468414,-12,-21,-19,-4,2,2,-2,-4
14833,14833,1503610468428,8,10,8,7,3,-2,-2,7
14834,14834,1503610468436,-2,2,-3,-4,-4,-2,-2,4
14835,14835,1503610468443,-15,-7,-9,-5,-3,-1,-1,-5
14836,14836,1503610468459,9,8,0,0,1,1,6,8
14837,14837,1503610468465,1,5,-3,-3,-2,-1,-1,7
14838,14838,1503610468473,-10,-9,4,-1,-1,1,-2,-5
14839,14839,1503610468489,1,-1,1,-2,-1,0,-2,-8
14840,14840,1503610468503,2,-1,-6,-1,4,0,0,0
14841,14841,1503610468504,-8,-2,-1,-2,1,-1,-4,-7
14842,14842,1503610468518,-1,1,-2,-3,-4,-3,-3,4
14843,14843,1503610468526,-1,4,6,2,-3,-2,-1,-7
14844,14844,1503610468533,17,43,6,-6,-2,0,1,2
14845,14845,1503610468548,-18,-33,-1,0,0,-2,-11,-1
14846,14846,1503610468556,8,-10,-11,-2,-1,-1,0,2
14847,14847,1503610468563,22,13,-10,-5,-1,0,8,16
14848,14848,1503610468581,-25,-10,-3,0,-3,-3,-7,-31
14849,14849,1503610468586,-3,-6,-6,-3,-2,-2,-1,-7
14850,14850,1503610468601,-9,-23,-18,0,1,1,-5,-15
14851,14851,1503610468608,9,-25,-10,-1,-1,0,3,8
14852,14852,1503610468623,-6,12,-7,-8,-9,-6,-4,4
14853,14853,1503610468630,-6,-8,-26,2,3,2,3,-3
14854,14854,1503610468638,32,-9,-1,2,-2,-3,-1,12
14855,14855,1503610468648,28,31,14,-5,-4,-1,2,1
14856,14856,1503610468661,-15,14,17,4,1,1,-3,-3
14857,14857,1503610468668,-18,-24,-3,0,-1,-3,-2,2
14858,14858,1503610468676,5,-25,-9,-6,-4,0,-1,2
14859,14859,1503610468690,10,15,4,2,2,2,2,6
14860,14860,1503610468698,3,27,16,-2,-1,0,3,6
14861,14861,1503610468706,-21,0,2,-7,-6,-1,-4,-8
14862,14862,1503610468721,-7,-14,-7,1,4,0,1,6
14863,14863,1503610468728,4,4,2,1,0,-2,-8,-5
14864,14864,1503610468738,-9,-6,0,1,-4,0,1,-2
14865,14865,1503610468750,-17,-5,-2,-3,-1,-1,0,3
14866,14866,1503610468761,3,0,1,-2,-3,-1,-4,-6
14867,14867,1503610468767,-1,3,6,2,1,3,1,4
14868,14868,1503610468782,-3,-4,-1,-2,1,-3,1,-1
14869,14869,1503610468788,8,6,4,0,0,-1,3,-2
14870,14870,1503610468796,-1,-5,-5,-2,0,1,1,6
14871,14871,1503610468810,4,6,4,4,5,2,4,3
14872,14872,1503610468818,12,11,-4,1,2,2,-1,11
14873,14873,1503610468826,18,-4,-5,-2,-4,-2,3,7
14874,14874,1503610468842,-6,-2,4,3,2,2,3,1
14875,14875,1503610468849,-36,-37,-23,-19,-11,-5,-5,-14
14876,14876,1503610468856,24,-34,-7,2,4,1,1,4
14877,14877,1503610468870,-14,-14,-4,6,3,-1,1,4
14878,14878,1503610468878,2,42,18,0,-4,-5,-5,-13
14879,14879,1503610468886,-5,1,3,0,0,-2,-7,-2
14880,14880,1503610468900,-21,-21,-35,-8,-6,-2,1,-4
14881,14881,1503610468908,14,30,11,2,2,0,-1,2
14882,14882,1503610468917,5,9,4,3,4,-1,-3,-2
14883,14883,1503610468930,0,2,15,5,1,-1,-1,-5
14884,14884,1503610468938,-18,-38,-20,-6,-3,-3,-2,-7
14885,14885,1503610468945,11,10,7,3,1,1,0,-1
14886,14886,1503610468967,-1,0,8,1,0,-3,1,3
14887,14887,1503610468968,-4,-9,-13,-5,-2,-2,-2,-2
14888,14888,1503610468976,3,9,6,2,2,1,2,0
14889,14889,1503610468990,-4,4,2,-2,-1,0,1,-3
14890,14890,1503610468998,0,10,11,-1,-2,1,4,-2
14891,14891,1503610469006,-8,-1,-2,2,3,2,9,2
14892,14892,1503610469021,8,5,1,2,3,7,9,2
14893,14893,1503610469022,-1,2,2,0,-1,-1,1,1
14894,14894,1503610469028,-2,3,-1,0,-1,2,-3,0
14895,14895,1503610469036,-5,2,-2,-6,-1,1,-2,-1
14896,14896,1503610469052,-1,-3,0,-2,-3,-5,1,0
14897,14897,1503610469059,6,-4,-3,-2,-2,4,7,23
14898,14898,1503610469065,4,-6,-4,-1,-8,-6,-4,-5
14899,14899,1503610469081,-5,-2,2,1,1,-2,-3,-4
14900,14900,1503610469089,2,-9,-8,-2,3,3,1,-3
14901,14901,1503610469096,-1,-31,-11,-1,-3,-3,-3,-7
14902,14902,1503610469110,-19,8,9,11,7,1,-6,-6
14903,14903,1503610469119,-1,24,1,0,-1,1,-1,4
14904,14904,1503610469126,-6,-2,-4,-10,-9,-2,1,-3
14905,14905,1503610469141,-2,22,47,17,6,0,-2,6
14906,14906,1503610469148,7,12,18,3,0,1,-1,-8
14907,14907,1503610469156,3,-30,-23,-8,-5,-5,1,15
14908,14908,1503610469158,6,38,-1,-11,-6,-6,-8,-14
14909,14909,1503610469170,15,13,3,-4,-1,-1,-2,-1
14910,14910,1503610469178,-5,-14,-3,0,-1,1,1,-8
14911,14911,1503610469187,26,54,17,-2,-4,-3,-2,10
14912,14912,1503610469200,10,15,5,3,0,1,4,0
14913,14913,1503610469208,-1,-22,-24,-12,-5,-3,-4,0
14914,14914,1503610469218,-6,0,1,2,-1,1,0,-5
15857,15857,1503610478383,-3,-2,-6,5,4,3,2,8
15858,15858,1503610478395,-6,-34,1,6,4,2,-1,-2
15859,15859,1503610478403,-6,-14,-14,-10,-7,-4,-3,-3
15860,15860,1503610478410,-3,3,-2,-1,-1,-1,-3,-6
15861,15861,1503610478426,-7,1,5,3,3,-2,-3,-20
15862,15862,1503610478433,1,13,-6,0,2,2,-3,-4
15863,15863,1503610478441,0,0,-1,-1,-5,-2,0,-2
15864,15864,1503610478455,3,-7,-3,1,0,-3,-4,7
15865,15865,1503610478463,-8,-6,6,1,1,-1,-1,-1
15866,15866,1503610478470,1,6,0,2,1,0,0,3
15867,15867,1503610478485,0,-4,-1,-4,-2,-1,0,-1
15868,15868,1503610478493,1,10,0,-2,-2,-2,-1,-6
15869,15869,1503610478501,-2,5,0,3,3,0,0,0
15870,15870,1503610478519,-7,-3,0,-6,-3,2,6,-3
15871,15871,1503610478530,-2,-4,0,-7,-10,-5,-7,-4
15872,15872,1503610478531,-1,-2,2,3,-1,0,-3,-4
15873,15873,1503610478545,0,4,0,2,4,2,1,-3
15874,15874,1503610478553,-3,-3,-6,-5,-2,-3,2,-10
15875,15875,1503610478561,1,3,-2,12,9,2,1,2
15876,15876,1503610478575,3,6,9,11,12,5,1,4
15877,15877,1503610478587,-4,1,1,-1,-2,-1,-4,-8
15878,15878,1503610478590,-1,-1,-6,-3,-4,-3,-3,-3
15879,15879,1503610478605,4,4,5,1,1,0,0,0
15880,15880,1503610478612,2,-7,-5,-5,-6,-2,-4,0
15881,15881,1503610478621,-5,-13,-11,-5,-8,-2,1,0
15882,15882,1503610478635,2,9,6,-1,-1,-1,-1,5
15883,15883,1503610478643,5,17,13,2,-2,1,1,4
15884,15884,1503610478653,-8,16,22,-1,-1,-1,-1,1
15885,15885,1503610478665,3,13,16,2,2,-2,-4,-4
15886,15886,1503610478673,2,-10,-8,4,2,2,0,-5
15887,15887,1503610478680,2,-31,-17,-13,-5,-2,1,14
15888,15888,1503610478681,4,29,-6,2,-1,1,-2,2
15889,15889,1503610478695,11,-20,-14,-6,-6,-5,-3,7
15890,15890,1503610478703,14,-7,-5,-6,-1,2,5,11
15891,15891,1503610478710,7,66,17,6,4,1,-1,0
15892,15892,1503610478726,8,-10,-3,-4,-3,-2,-3,-2
15893,15893,1503610478732,-2,-25,-17,-6,-2,0,3,3
15894,15894,1503610478741,-3,10,8,1,-2,-1,-4,-13
15895,15895,1503610478756,2,-19,-10,-1,0,-5,-7,-2
15896,15896,1503610478765,-12,-12,4,-1,1,0,4,-4
15897,15897,1503610478770,-12,-8,-1,-1,0,1,1,-4
15898,15898,1503610478787,-4,5,-14,-7,-2,-3,-2,3
15899,15899,1503610478794,7,47,12,2,-3,-1,-3,-3
15900,15900,1503610478801,-23,-19,-8,0,-4,-5,-5,-1
15901,15901,1503610478816,1,-35,-20,-4,-1,1,2,-2
15902,15902,1503610478823,11,29,6,-1,-2,0,0,9
15903,15903,1503610478830,3,18,22,3,0,-2,-3,-4
15904,15904,1503610478845,-5,7,-6,-3,-3,1,2,-5
15905,15905,1503610478854,-9,1,6,0,-3,-1,-1,-3
15906,15906,1503610478861,-2,-17,2,-2,-1,1,0,0
15907,15907,1503610478875,0,1,-6,-3,1,3,8,9
15908,15908,1503610478885,-6,-20,-4,4,1,-2,-5,-7
15909,15909,1503610478897,-5,-23,-15,-6,-1,0,0,-2
15910,15910,1503610478905,-10,-30,0,0,1,0,0,0
15911,15911,1503610478912,-8,-28,-7,-3,-2,-4,-5,-8
15912,15912,1503610478929,10,21,14,-1,1,3,0,-4
15913,15913,1503610478935,-8,-24,-3,-2,-4,-1,-4,-6
15914,15914,1503610478943,-2,-11,-9,-7,-4,-3,-2,-4
15915,15915,1503610478957,-7,7,-1,0,-1,0,0,-1
15916,15916,1503610478965,-1,5,-7,-7,-4,-1,-3,-3
15917,15917,1503610478972,1,9,2,0,-3,-2,1,-4
15918,15918,1503610478990,2,-10,-6,-3,-3,-3,-4,1
15919,15919,1503610478996,3,6,6,1,0,0,-2,-4
15920,15920,1503610479003,4,-1,-4,0,2,-3,1,1
15921,15921,1503610479017,-8,-3,-8,-1,1,-1,-1,-3
15922,15922,1503610479026,0,-6,1,3,0,1,1,-2
15923,15923,1503610479033,3,8,8,1,1,1,4,14
15924,15924,1503610479047,-6,-13,-13,-3,-4,-4,-2,-3
15925,15925,1503610479057,9,-6,-11,-5,0,3,5,3
15926,15926,1503610479063,11,-14,-6,0,1,-3,-3,4
15927,15927,1503610479077,1,-6,-3,2,-2,-2,-2,-1
15928,15928,1503610479087,-5,4,0,-3,0,1,0,-7
15929,15929,1503610479093,0,-23,-20,-5,-1,-2,-2,5
15930,15930,1503610479107,9,9,9,3,-4,-4,3,21
15931,15931,1503610479115,-2,-1,3,8,7,0,6,5
15932,15932,1503610479123,-6,0,-3,-2,3,-1,0,-16
15933,15933,1503610479137,-6,11,4,2,-1,-6,-10,-6
15934,15934,1503610479145,-11,20,-3,1,-4,0,0,-10
15935,15935,1503610479155,-14,-19,6,0,-1,-1,-3,-27
15936,15936,1503610479167,-14,-33,-25,-10,-4,-3,-3,10
15937,15937,1503610479175,-4,13,-5,2,2,2,4,6
15938,15938,1503610479183,0,1,5,0,1,-2,-3,-4
15939,15939,1503610479197,13,0,0,-3,-5,1,0,9
15940,15940,1503610479205,-11,37,17,1,0,0,-3,-4
15941,15941,1503610479212,9,26,16,6,2,0,-2,0
15942,15942,1503610479230,-1,-14,-6,-1,0,1,-3,-9
15943,15943,1503610479235,-4,-8,-11,-8,-6,-2,-4,-2
15944,15944,1503610479243,4,-3,3,5,5,-1,1,4
15945,15945,1503610479258,-1,1,5,1,1,1,1,-1
15946,15946,1503610479265,9,-1,3,2,-1,1,-1,2
15947,15947,1503610479272,2,5,3,-4,-5,0,1,4
15948,15948,1503610479288,3,4,2,6,2,1,2,3
16351,16351,1503610483165,5,-10,-14,-5,-3,-2,0,4
16352,16352,1503610483172,3,18,5,1,1,0,2,2
16353,16353,1503610483189,6,6,3,-4,-3,-3,-3,3
16354,16354,1503610483195,4,12,4,2,0,0,2,2
16355,16355,1503610483203,9,15,15,3,0,-1,1,3
16356,16356,1503610483218,-8,-5,0,0,-2,-3,-1,-4
16357,16357,1503610483225,-2,-3,-7,-4,0,-1,1,2
16358,16358,1503610483232,-3,-10,-24,-12,-7,-3,-3,2
16359,16359,1503610483250,-6,2,21,9,2,1,0,-2
16360,16360,1503610483256,-2,-4,-3,0,0,-1,-4,-5
16361,16361,1503610483263,-2,-3,-9,-5,-4,-1,-3,-3
16362,16362,1503610483277,1,1,-1,-4,-3,1,0,0
16363,16363,1503610483286,5,1,7,-1,1,-2,-1,-2
16364,16364,1503610483292,-16,-4,1,0,0,1,2,-6
16365,16365,1503610483307,5,-3,-14,-5,-3,1,1,0
16366,16366,1503610483316,6,-3,2,-2,-2,-2,-4,-2
16367,16367,1503610483323,0,1,1,0,-1,1,-1,-18
16368,16368,1503610483338,-4,-7,0,4,2,0,-1,-12
16369,16369,1503610483345,-14,-15,-12,-1,-5,-6,-5,-7
16370,16370,1503610483353,5,17,15,5,2,3,-1,5
16371,16371,1503610483367,-6,-5,-4,-2,-5,-1,0,-2
16372,16372,1503610483375,0,-8,-11,-5,-1,-1,1,8
16373,16373,1503610483384,-1,3,6,0,0,0,1,12
16374,16374,1503610483398,10,1,0,-2,1,-2,0,17
16375,16375,1503610483405,-17,-3,-4,-1,1,-2,-2,-16
16376,16376,1503610483414,0,2,1,1,-1,2,0,-4
16377,16377,1503610483428,7,-18,-9,-2,0,1,2,6
16378,16378,1503610483435,-6,0,5,0,-5,-4,-9,-15
16379,16379,1503610483443,-3,-8,-9,2,9,5,-1,6
16380,16380,1503610483458,1,-11,-12,2,15,2,1,6
16381,16381,1503610483465,10,24,21,-2,-8,-2,-5,-7
16382,16382,1503610483472,-1,6,7,-4,-9,-5,1,-2
16383,16383,1503610483489,1,-2,-9,-2,2,1,3,-3
16384,16384,1503610483495,0,7,6,0,-2,1,-1,-3
16385,16385,1503610483503,0,7,3,-1,-1,-2,0,9
16386,16386,1503610483520,-4,-5,-10,-7,-2,-1,0,7
16387,16387,1503610483527,7,16,21,8,0,2,3,7
16388,16388,1503610483533,-1,-5,-4,0,0,-4,0,0
16389,16389,1503610483548,-1,-1,-11,-10,-1,-4,-4,0
16390,16390,1503610483555,-3,7,12,8,3,2,2,0
16391,16391,1503610483570,-31,-20,-10,1,-2,-3,-3,-4
16392,16392,1503610483577,-5,-10,-8,-5,-5,0,5,2
16393,16393,1503610483585,2,-4,-4,-1,0,0,4,3
16394,16394,1503610483600,4,5,-3,1,0,0,0,8
16395,16395,1503610483608,-7,-15,0,-2,0,-1,-3,1
16396,16396,1503610483615,5,2,3,0,-4,-2,0,3
16397,16397,1503610483630,12,44,29,3,1,-2,-1,-2
16398,16398,1503610483637,6,4,3,-1,-2,0,1,0
16399,16399,1503610483654,0,-5,-10,-5,-4,-1,-2,-4
16400,16400,1503610483661,-5,-2,-5,-4,0,-4,-4,-15
16401,16401,1503610483668,5,-1,4,5,-1,-2,-2,10
16402,16402,1503610483675,-2,-7,-6,-3,-2,-2,-5,-11
16403,16403,1503610483690,5,-5,-13,-5,-3,-2,-2,0
16404,16404,1503610483697,-5,1,4,3,-2,0,-1,4
16405,16405,1503610483705,7,-2,9,7,3,3,3,4
16406,16406,1503610483720,-7,-3,4,-2,-1,1,-1,-2
16407,16407,1503610483729,-3,-9,-14,-8,-6,-4,-3,-4
16408,16408,1503610483735,7,4,1,-3,-2,-1,-1,-1
16409,16409,1503610483750,-3,-7,-12,-7,-3,-2,-2,-4
16410,16410,1503610483758,2,-1,2,2,0,-3,-2,-2
16411,16411,1503610483766,-4,26,14,14,7,4,1,-3
16412,16412,1503610483781,5,-3,-7,-3,-1,-2,1,4
16413,16413,1503610483789,-27,-15,-12,-6,-3,-5,-2,-8
16414,16414,1503610483795,-3,-3,-5,-2,-2,1,-2,-1
16415,16415,1503610483810,14,3,7,5,1,2,-1,-4
16416,16416,1503610483818,-6,-4,3,1,3,2,1,-6
16417,16417,1503610483825,-10,-13,2,-2,-1,-4,-4,-2
16418,16418,1503610483840,1,-6,-11,-4,-4,-2,0,0
16419,16419,1503610483848,4,8,0,-2,3,0,-1,3
16420,16420,1503610483855,-4,3,0,2,0,1,-3,0
16421,16421,1503610483870,7,-6,-8,-6,-3,-1,0,0
16422,16422,1503610483877,0,4,1,-1,-1,0,0,2
16423,16423,1503610483887,14,4,1,2,2,0,1,3
16424,16424,1503610483900,-5,3,4,0,-2,-1,-3,-4
16425,16425,1503610483908,11,-2,-4,-3,-2,-1,0,0
16426,16426,1503610483915,16,25,5,0,0,-1,-1,-1
16427,16427,1503610483930,-6,-4,-2,-1,-1,0,-3,-5
16428,16428,1503610483937,-1,1,-2,1,-3,0,-3,-1
16429,16429,1503610483945,3,-9,-8,-4,-2,-1,-1,8
16430,16430,1503610483960,4,-6,0,-1,1,-1,2,4
16431,16431,1503610483968,-6,-2,-3,1,-1,-2,-3,-11
16432,16432,1503610483975,-1,7,2,-3,0,0,-2,-4
16433,16433,1503610483991,-3,-3,-8,-7,-6,-1,2,1
16434,16434,1503610483998,-4,-4,1,0,0,-1,-2,-2
16435,16435,1503610484005,-2,-9,-3,1,-3,0,-1,3
16436,16436,1503610484022,-4,-4,5,5,0,-2,-3,-1
16437,16437,1503610484028,-5,-2,-3,0,-1,0,-4,-5
16438,16438,1503610484035,-7,-24,-17,-4,-5,-2,-1,1
16439,16439,1503610484050,1,-9,8,-2,-4,0,0,-1
16440,16440,1503610484059,-3,1,-5,-4,0,-3,1,0
16441,16441,1503610484066,-3,-6,-7,1,3,1,3,-2
16442,16442,1503610484080,8,22,0,-1,-2,1,0,3
16443,16443,1503610484090,-14,-2,9,3,1,1,2,-2
16444,16444,1503610484095,0,-5,-5,0,-1,0,1,1
16445,16445,1503610484110,-8,1,2,-2,-3,-3,-5,-8
16446,16446,1503610484117,-20,-7,-5,-1,-1,0,1,-8
16447,16447,1503610484125,5,3,-5,-2,-2,-2,2,5
16448,16448,1503610484140,2,-14,-1,2,3,0,-2,1
16449,16449,1503610484148,0,11,8,3,4,1,0,3
16450,16450,1503610484157,-5,-11,4,-2,-1,-1,-1,-2
16451,16451,1503610484170,13,6,-4,-3,1,-1,0,5
17067,17067,1503610490184,-8,4,5,7,3,0,-1,-2
17068,17068,1503610490193,21,-8,-17,-7,-2,-4,-6,2
17069,17069,1503610490207,1,-4,1,1,-1,-1,-4,-14
17070,17070,1503610490214,2,-15,-25,-13,-8,-3,-1,-3
17071,17071,1503610490222,-2,11,13,11,5,1,1,0
17072,17072,1503610490237,0,6,10,9,4,1,0,-2
17073,17073,1503610490245,-6,-4,-3,-3,-1,-1,-1,1
17074,17074,1503610490252,-14,1,20,7,-1,0,1,-2
17075,17075,1503610490268,-2,-4,2,0,-2,-1,2,-8
17076,17076,1503610490275,3,3,-7,-6,-3,-4,1,6
17077,17077,1503610490282,14,4,-1,0,1,-2,-2,-4
17078,17078,1503610490299,7,-3,-2,-10,-4,0,-1,-2
17079,17079,1503610490300,2,8,13,15,3,2,0,0
17080,17080,1503610490305,1,-3,-5,-3,-6,-2,-3,1
17081,17081,1503610490312,3,2,-1,-5,-2,2,-3,1
17082,17082,1503610490326,-5,-5,-6,-3,-1,0,0,6
17083,17083,1503610490335,-7,-6,2,1,2,0,1,-1
17084,17084,1503610490342,-3,-4,-10,-5,-1,0,0,-3
17085,17085,1503610490357,-13,-7,3,0,0,0,1,-1
17086,17086,1503610490366,0,-5,-9,-1,-2,-1,-2,1
17087,17087,1503610490380,-1,1,-1,1,1,-1,0,1
17088,17088,1503610490386,-5,-6,2,0,-1,-2,-2,-5
17089,17089,1503610490394,-4,-3,-2,-4,0,-2,-3,-8
17090,17090,1503610490403,-8,-4,-1,-2,0,-2,-1,-1
17091,17091,1503610490417,0,-4,-12,-7,-3,-1,-3,0
17092,17092,1503610490424,4,4,2,1,1,0,-1,0
17093,17093,1503610490425,-6,-5,0,-2,-2,-2,1,4
17094,17094,1503610490434,-6,-3,-4,0,0,1,0,-14
17095,17095,1503610490446,-9,1,16,8,1,1,2,2
17096,17096,1503610490455,-10,-13,0,0,-1,-2,-1,5
17097,17097,1503610490462,13,0,0,-2,-3,0,1,2
17098,17098,1503610490477,18,28,-1,3,3,0,-2,1
17099,17099,1503610490484,-1,1,4,-3,0,-2,0,1
17100,17100,1503610490493,-1,19,4,-1,-1,1,2,7
17101,17101,1503610490507,10,2,-8,-3,-1,-1,-1,1
17102,17102,1503610490515,4,-14,-8,-3,-2,-1,0,3
17103,17103,1503610490522,2,3,-3,-3,0,-1,0,0
17104,17104,1503610490538,-13,-13,7,-5,-2,0,1,1
17105,17105,1503610490544,22,12,-8,-2,-3,-3,-1,-2
17106,17106,1503610490545,-18,7,17,5,0,-1,0,-7
17107,17107,1503610490553,5,-15,3,7,3,-1,-2,-6
17108,17108,1503610490570,5,-9,-9,-3,-1,-1,-4,0
17109,17109,1503610490575,-4,8,4,-2,-4,-3,-1,-3
17110,17110,1503610490582,2,1,3,2,1,0,-5,-2
17111,17111,1503610490597,0,-8,-4,-3,-3,-4,-2,-2
17112,17112,1503610490605,-6,3,-5,-1,-3,0,-4,-2
17113,17113,1503610490612,12,-2,-1,-2,-1,-1,0,1
17114,17114,1503610490613,-6,-2,1,-1,0,-1,-3,0
17115,17115,1503610490626,2,-7,-5,-3,-2,-2,-1,-2
17116,17116,1503610490636,2,-8,-8,1,-1,1,2,4
17117,17117,1503610490643,24,17,-4,0,-3,0,0,5
17118,17118,1503610490657,-3,-13,-11,-7,-3,0,1,2
17119,17119,1503610490664,-5,-2,-11,-6,-5,-2,2,-1
17120,17120,1503610490673,0,2,9,3,1,1,0,0
17121,17121,1503610490686,3,0,-3,-1,2,0,-1,0
17122,17122,1503610490695,-3,2,-7,-8,-8,-4,-2,-2
17123,17123,1503610490703,-2,-1,6,10,5,-3,15,1
17124,17124,1503610490717,3,7,2,2,4,2,0,-4
17125,17125,1503610490724,-2,-4,0,-4,-6,-2,2,0
17126,17126,1503610490725,-5,-6,-4,-5,-3,-1,-5,-3
17127,17127,1503610490737,-1,8,-4,-4,-6,-4,-2,-6
17128,17128,1503610490754,6,11,20,8,8,-1,-9,-1
17129,17129,1503610490756,11,17,10,4,2,1,-1,1
17130,17130,1503610490762,-5,-10,-12,-3,-7,-1,-2,-1
17131,17131,1503610490777,5,5,7,3,0,0,3,3
17132,17132,1503610490784,-1,0,-2,1,0,0,0,-1
17133,17133,1503610490793,-7,-13,-14,-2,2,-3,-2,-3
17134,17134,1503610490807,-3,-1,2,-1,-1,-2,-3,-1
17135,17135,1503610490814,1,-3,-8,-10,-7,-2,0,0
17136,17136,1503610490822,-1,0,1,-3,-1,2,1,0
17137,17137,1503610490837,-4,-4,-1,-1,-1,-1,-1,1
17138,17138,1503610490845,-2,-7,-1,-3,-5,0,-1,2
17139,17139,1503610490852,1,13,7,2,4,1,-1,2
17140,17140,1503610490853,-6,-4,-1,5,3,0,-2,0
17141,17141,1503610490866,2,-1,2,-6,-2,-2,0,0
17142,17142,1503610490875,-5,-3,-2,-1,-2,-1,0,0
17143,17143,1503610490882,10,-7,-6,4,-1,0,0,0
17144,17144,1503610490897,-11,-16,-8,-4,1,0,-3,-5
17145,17145,1503610490906,-12,-18,-4,-1,1,0,0,2
17146,17146,1503610490913,4,4,7,2,0,2,-2,-3
17147,17147,1503610490927,-1,2,-4,-3,-3,-2,-1,-4
17148,17148,1503610490936,1,2,-12,-8,-6,-3,-3,-1
17149,17149,1503610490942,3,18,12,4,2,-1,-1,-4
17150,17150,1503610490957,1,-7,-4,-2,-1,-1,0,-2
17151,17151,1503610490965,-3,3,-7,-4,-1,-2,-1,0
17152,17152,1503610490973,0,-3,-3,1,-2,0,-2,1
17153,17153,1503610490987,3,2,-2,-3,4,3,-1,-5
17154,17154,1503610490994,2,14,13,7,2,0,-2,-8
17155,17155,1503610490995,3,5,10,4,2,1,0,-1
17156,17156,1503610491004,-9,-11,-6,-5,-5,-1,-2,0
17157,17157,1503610491017,2,1,1,1,0,-1,3,-3
17158,17158,1503610491024,0,-1,-7,-5,-4,-4,-3,-5
17159,17159,1503610491040,2,4,12,6,2,-2,1,-4
17160,17160,1503610491047,2,6,-4,-3,-3,-1,0,0
17161,17161,1503610491054,0,-2,-5,-2,-1,0,-1,4
17162,17162,1503610491072,-2,-3,-11,-9,-6,-2,-1,-1
17163,17163,1503610491077,2,8,14,9,5,0,-2,0
17164,17164,1503610491084,-5,4,0,3,1,-1,0,-1
17165,17165,1503610491099,-3,-6,-16,-10,-1,1,4,0
17166,17166,1503610491108,-3,-1,-11,-6,1,-1,-1,-1
17167,17167,1503610491115,-9,-26,-2,7,2,-2,-4,0
17168,17168,1503610491129,-4,-1,8,4,-1,0,-1,-4
17169,17169,1503610491137,-2,-3,-6,-6,-4,-2,-2,1
17170,17170,1503610491145,-1,-13,-8,-4,-2,-1,-1,2
17171,17171,1503610491146,2,0,6,2,1,-1,-2,3
17172,17172,1503610491160,1,0,1,1,0,1,-2,-2
17173,17173,1503610491166,-2,5,2,-2,-2,1,0,0
17174,17174,1503610491175,-3,3,-1,0,-2,-1,-1,1
17175,17175,1503610491189,-2,-9,-3,2,-1,-1,-3,-5
17176,17176,1503610491197,2,6,5,1,-1,-1,0,0
17177,17177,1503610491205,-2,-10,-6,-3,-1,-2,2,3
17178,17178,1503610491221,-3,-4,-2,-3,0,0,-2,-2
17179,17179,1503610491226,7,-2,5,2,2,0,1,2
17180,17180,1503610491235,-5,-6,-8,-6,-7,-4,-4,-8
17181,17181,1503610491249,3,4,6,5,0,0,-1,1
17961,17961,1503610498825,-4,5,9,3,2,2,-1,-19
17962,17962,1503610498839,6,-1,0,0,-1,-1,-1,-4
17963,17963,1503610498847,-5,-19,-18,-11,-3,-4,-3,-7
17964,17964,1503610498855,-7,-6,1,3,1,1,-1,-3
17965,17965,1503610498869,3,-15,-4,-2,-2,0,1,12
17966,17966,1503610498877,-4,-8,-5,0,-2,1,3,-1
17967,17967,1503610498884,10,3,-3,-3,2,0,0,-2
17968,17968,1503610498901,-3,-8,2,3,-2,-2,-2,-6
17969,17969,1503610498907,3,10,14,5,1,-1,0,1
17970,17970,1503610498915,1,-3,-7,-3,2,-4,-3,2
17971,17971,1503610498930,0,-6,-3,-3,-1,0,0,0
17972,17972,1503610498939,0,0,0,-2,0,2,-2,-2
17973,17973,1503610498944,-3,0,-1,-5,-3,0,-1,-3
17974,17974,1503610498962,-12,20,8,-1,0,-1,-3,-3
17975,17975,1503610498967,-10,-7,3,1,0,1,-4,-7
17976,17976,1503610498975,1,-9,6,5,0,-3,0,8
17977,17977,1503610498989,-4,7,1,-3,-3,-2,0,-7
17978,17978,1503610498997,4,3,3,-1,-2,1,0,3
17979,17979,1503610499004,-10,-17,-5,0,-2,-1,0,0
17980,17980,1503610499020,-1,-12,-9,-8,-3,2,0,2
17981,17981,1503610499029,1,2,-5,2,2,1,-2,1
17982,17982,1503610499035,-2,34,6,1,-2,-2,0,-4
17983,17983,1503610499049,0,-16,-6,-4,-2,1,-3,-4
17984,17984,1503610499060,-1,-22,-10,-4,-2,0,0,-5
17985,17985,1503610499065,-1,-17,-5,0,0,-2,0,0
17986,17986,1503610499080,-3,1,6,4,3,0,-2,-4
17987,17987,1503610499087,15,35,7,2,-2,-2,-3,9
17988,17988,1503610499098,-1,-8,-4,-3,-2,-4,-3,-4
17989,17989,1503610499109,0,0,0,-1,-4,-2,-2,-3
17990,17990,1503610499117,1,-18,-10,-6,-2,1,1,2
17991,17991,1503610499124,5,4,-3,-2,-3,0,-1,-5
17992,17992,1503610499140,-2,-5,0,2,0,-1,-2,0
17993,17993,1503610499147,-3,-2,-3,-2,-2,1,0,3
17994,17994,1503610499155,-3,-10,-2,1,-1,0,0,2
17995,17995,1503610499170,-6,5,8,2,0,0,1,-2
17996,17996,1503610499177,8,12,6,4,0,-1,3,-1
17997,17997,1503610499184,-9,-10,-10,-5,-1,-1,0,0
17998,17998,1503610499200,16,3,-4,-3,-2,-2,0,0
17999,17999,1503610499207,16,9,0,-3,2,0,3,4
18000,18000,1503610499215,-9,-10,2,3,1,1,-1,-6
18001,18001,1503610499229,-9,-5,-1,-4,-1,-2,-3,-5
18002,18002,1503610499237,0,3,-2,-4,-2,1,2,2
18003,18003,1503610499244,-7,2,6,2,-2,0,-1,-1
18004,18004,1503610499261,5,2,3,2,-4,-2,-1,-3
18005,18005,1503610499262,-7,-5,-3,-1,-3,0,-2,-2
18006,18006,1503610499267,0,4,0,4,2,-1,1,-3
18007,18007,1503610499275,-8,3,0,-2,-3,-1,-2,-2
18008,18008,1503610499289,-4,-9,-1,-2,-2,-2,-1,0
18009,18009,1503610499297,0,-2,-4,2,1,0,-2,-1
18010,18010,1503610499305,14,8,-7,-1,1,0,2,8
18011,18011,1503610499320,10,2,-1,-1,-3,-2,2,16
18012,18012,1503610499328,-3,1,3,0,-1,1,-2,-5
18013,18013,1503610499342,-1,1,1,1,1,0,-3,-4
18014,18014,1503610499349,-6,-6,-1,-2,1,-2,1,2
18015,18015,1503610499357,-8,5,4,3,2,1,-2,-11
18016,18016,1503610499364,13,-10,-2,-1,-2,0,-2,-3
18017,18017,1503610499380,16,3,-6,-7,0,-1,-1,-1
18018,18018,1503610499387,-12,-11,-4,1,-1,2,0,8
18019,18019,1503610499400,2,-11,0,-2,-2,0,0,6
18020,18020,1503610499409,-8,4,2,-2,-2,-4,-5,-19
18021,18021,1503610499418,-12,21,1,0,0,-1,1,-1
18022,18022,1503610499432,-17,4,1,0,-1,0,-2,-24
18023,18023,1503610499440,-8,4,-7,-15,-7,-2,-4,-11
18024,18024,1503610499447,5,14,11,12,2,2,1,11
18025,18025,1503610499463,13,11,7,8,9,5,4,3
18026,18026,1503610499469,0,-10,9,-4,-4,-4,-5,-7
18027,18027,1503610499478,-6,-9,7,2,-4,-5,-7,-8
18028,18028,1503610499492,13,13,-4,-8,-5,-1,2,2
18029,18029,1503610499500,-2,-5,2,1,-2,-2,1,3
18030,18030,1503610499507,-3,-1,-9,-5,-3,-1,-3,4
18031,18031,1503610499522,-14,-7,-5,1,0,-3,1,-5
18032,18032,1503610499531,2,-5,-6,-5,0,1,2,4
18033,18033,1503610499537,-5,-3,2,-1,-1,-3,-5,-8
18034,18034,1503610499551,-5,5,-4,-3,7,1,0,4
18035,18035,1503610499560,1,-1,5,5,4,1,1,4
18036,18036,1503610499567,-6,-10,-7,0,2,-4,-2,-13
18037,18037,1503610499581,7,-1,-1,-2,-4,-1,0,8
18038,18038,1503610499582,10,2,-6,-2,-4,1,2,11
18039,18039,1503610499589,-11,-7,1,3,-2,-2,-2,2
18040,18040,1503610499599,-6,-10,-5,-3,-5,-1,-2,-6
18041,18041,1503610499612,-3,1,3,-1,-2,-1,-7,-10
18042,18042,1503610499626,1,-27,-10,-4,1,0,5,11
18043,18043,1503610499627,7,-2,4,2,-1,4,8,19
18044,18044,1503610499642,9,-6,-10,-3,-1,-3,-5,-34
18045,18045,1503610499649,-9,-12,-1,0,-3,-2,3,8
18046,18046,1503610499657,2,-46,-23,-6,-3,-3,-10,0
18047,18047,1503610499672,1,0,-6,-4,-1,-1,-1,-12
18048,18048,1503610499680,-7,18,5,1,2,0,-4,-2
18049,18049,1503610499687,6,1,-10,-3,0,-1,0,11
18050,18050,1503610499703,15,56,23,6,-2,0,5,9
18051,18051,1503610499709,-14,-22,-5,-1,-1,0,-2,-8
18052,18052,1503610499717,1,2,0,0,0,-1,1,-8
18053,18053,1503610499732,0,1,4,5,-2,-3,-5,-5
18054,18054,1503610499740,-25,-2,6,0,2,1,-1,10
18055,18055,1503610499746,16,-4,3,3,1,0,3,10
18056,18056,1503610499747,9,9,-4,-4,-3,-2,-2,-2
18057,18057,1503610499763,24,14,6,-3,-4,-4,0,11
18058,18058,1503610499771,-6,3,-2,-4,-2,-1,-4,-4
18059,18059,1503610499777,-1,15,-4,-1,1,2,4,1
18060,18060,1503610499792,-7,-2,9,6,-2,-3,-2,-3
18061,18061,1503610499800,-2,-20,-4,1,0,1,0,3
18851,18851,1503610507591,0,3,-2,-3,-2,1,2,-1
18852,18852,1503610507598,-2,12,-6,-8,-3,0,1,4
18853,18853,1503610507606,-1,7,5,5,2,-1,-2,0
18854,18854,1503610507622,5,2,9,1,0,0,-1,-4
18855,18855,1503610507629,-3,18,-10,-10,-6,-3,-3,-3
18856,18856,1503610507636,1,-14,-13,0,0,0,0,3
18857,18857,1503610507656,-8,-13,-7,2,0,-1,1,1
18858,18858,1503610507658,-2,-19,-20,-8,-3,-4,-2,-2
18859,18859,1503610507666,-9,-28,-24,-12,-2,1,4,5
18860,18860,1503610507680,-7,-18,13,12,5,3,-1,-5
18861,18861,1503610507689,-3,0,0,-6,-4,-1,2,15
18862,18862,1503610507696,4,32,10,6,5,-1,0,3
18863,18863,1503610507711,0,1,-3,1,-3,-5,-6,-7
18864,18864,1503610507721,-20,0,-10,-10,-6,-2,1,-12
18865,18865,1503610507726,-5,-5,1,-3,0,0,1,0
18866,18866,1503610507740,-1,14,5,-4,-3,-3,-2,-3
18867,18867,1503610507749,5,9,6,4,-2,2,8,8
18868,18868,1503610507764,-4,-5,0,-5,-2,-2,-9,-1
18869,18869,1503610507774,11,11,9,4,0,-1,-6,-6
18870,18870,1503610507778,-9,-10,-5,-7,-4,1,5,9
18871,18871,1503610507790,-1,-9,1,3,5,-1,-3,-6
18872,18872,1503610507801,11,10,5,-5,-4,-1,0,7
18873,18873,1503610507809,5,4,5,4,-1,-7,-7,12
18874,18874,1503610507827,1,-15,-4,7,3,1,0,-1
18875,18875,1503610507831,8,25,11,0,0,2,4,9
18876,18876,1503610507838,-4,3,0,-1,-2,-3,-1,-2
18877,18877,1503610507856,-6,-30,-16,-4,1,-1,-4,-8
18878,18878,1503610507865,-7,-2,15,9,9,4,0,-17
18879,18879,1503610507869,-6,-10,-5,-1,-2,-1,4,-2
18880,18880,1503610507883,1,-6,-3,-1,-1,-4,0,1
18881,18881,1503610507891,-5,-2,-5,-6,-4,-2,-6,-15
18882,18882,1503610507899,6,6,3,7,1,1,-2,-4
18883,18883,1503610507914,-2,6,-3,2,5,5,-2,-14
18884,18884,1503610507923,6,-2,-8,-7,-3,-3,-4,2
18885,18885,1503610507929,-4,-4,1,-1,-2,0,-1,-2
18886,18886,1503610507943,-5,3,0,6,8,0,2,-6
18887,18887,1503610507951,-5,2,1,-1,-4,-1,0,1
18888,18888,1503610507958,5,-4,-10,-5,-2,-1,1,7
18889,18889,1503610507974,-8,-32,4,2,0,2,2,2
18890,18890,1503610507989,2,-7,-2,-2,-2,-2,-1,0
18891,18891,1503610507991,7,23,4,0,-1,-3,-3,2
18892,18892,1503610508003,-4,-22,-17,-2,-4,0,-2,2
18893,18893,1503610508011,-3,-1,-9,-4,-2,-3,1,-5
18894,18894,1503610508019,11,22,4,-5,-5,-5,-6,-3
18895,18895,1503610508034,-10,-30,2,7,4,-1,-4,-6
18896,18896,1503610508040,-8,5,6,5,2,3,-2,-8
18897,18897,1503610508049,-2,-2,-11,-4,-7,-2,-2,-6
18898,18898,1503610508064,19,35,8,5,7,2,3,16
18899,18899,1503610508071,0,-24,-1,6,4,0,0,-2
18900,18900,1503610508079,-3,6,1,-7,-7,-3,3,3
18901,18901,1503610508094,13,-14,-29,-7,1,-1,-1,3
18902,18902,1503610508095,-2,23,2,0,-1,-1,-2,-2
18903,18903,1503610508101,0,9,1,-10,-4,-4,1,1
18904,18904,1503610508109,8,-11,-5,0,-1,0,3,9
18905,18905,1503610508124,-7,2,3,1,-1,2,2,-4
18906,18906,1503610508131,1,9,-4,-7,-5,-4,-4,-1
18907,18907,1503610508139,3,-2,5,3,-5,1,2,2
18908,18908,1503610508155,-4,4,0,-5,-6,-2,-4,-12
18909,18909,1503610508161,9,-21,-9,-4,-7,-2,5,19
18910,18910,1503610508169,18,21,17,5,-6,-3,-10,18
18911,18911,1503610508183,-5,-10,1,1,-1,-1,-4,-1
18912,18912,1503610508192,-9,2,2,-3,4,2,-2,-10
18913,18913,1503610508199,-7,-11,2,3,6,4,-3,-14
18914,18914,1503610508214,-12,-4,-5,1,0,1,3,-13
18915,18915,1503610508225,-9,-10,-3,-1,-2,-4,-6,-4
18916,18916,1503610508229,6,5,7,4,6,3,5,2
18917,18917,1503610508244,2,-9,-4,-2,2,4,2,6
18918,18918,1503610508251,-1,-6,-16,0,2,-3,0,3
18919,18919,1503610508267,-3,-6,1,1,0,-4,0,-2
18920,18920,1503610508274,1,-20,-5,-4,-3,0,5,13
18921,18921,1503610508304,-4,-5,-1,-1,-1,-3,2,4
18922,18922,1503610508310,3,18,7,-3,-3,-2,-1,7
18923,18923,1503610508312,-6,-15,2,-2,1,0,-2,-1
18924,18924,1503610508327,0,1,0,0,-2,-1,-3,-4
18925,18925,1503610508334,3,7,-5,-7,-5,-4,-2,6
18926,18926,1503610508342,0,-28,-20,0,0,-1,1,8
18927,18927,1503610508349,7,5,3,0,0,0,3,9
18928,18928,1503610508366,-2,37,25,0,-1,-1,-1,-5
18929,18929,1503610508372,-3,-5,-8,-8,-5,-1,-4,-20
18930,18930,1503610508387,5,-11,7,-2,-3,-3,-3,-10
18931,18931,1503610508396,-15,57,25,8,2,0,-5,-18
18932,18932,1503610508402,-2,5,-2,-1,3,-1,-3,-11
18933,18933,1503610508411,7,-10,-13,-5,-3,0,1,7
18934,18934,1503610508426,-5,-5,-9,-1,0,-2,-4,-12
18935,18935,1503610508427,-2,1,2,-1,-1,1,2,3
18936,18936,1503610508431,6,-10,-8,-4,0,-3,-3,-1
18937,18937,1503610508447,-6,-14,-10,-2,-6,-5,-4,-5
18938,18938,1503610508454,5,9,10,3,-1,-1,0,-4
18939,18939,1503610508462,-3,-3,-10,-4,-3,0,2,-1
18940,18940,1503610508469,-2,9,3,1,0,-3,-9,-8
18941,18941,1503610508484,-4,-9,-7,-1,1,1,-1,-3
18942,18942,1503610508492,9,-2,-2,6,20,13,10,12
18943,18943,1503610508507,-12,-4,2,7,9,0,-2,-9
18944,18944,1503610508514,0,-7,-3,0,-3,-5,-2,-1
18945,18945,1503610508522,7,2,-2,-4,-6,0,3,14
18946,18946,1503610508529,-1,-6,0,3,3,0,-1,-2
18947,18947,1503610508544,-7,-1,-7,-9,-10,-7,-13,-8
18948,18948,1503610508552,-8,-6,1,-3,-6,-1,-3,-8
18949,18949,1503610508567,1,-1,-1,1,2,-2,-2,-13
18950,18950,1503610508574,7,4,-14,-9,-11,-5,-5,1
18951,18951,1503610508582,-4,-6,-1,1,4,0,1,3
18952,18952,1503610508589,6,32,5,-7,-9,-4,3,16
18953,18953,1503610508604,15,-7,-15,-3,-1,1,3,7
18954,18954,1503610508611,-7,-31,-13,-2,2,4,5,7
18955,18955,1503610508627,2,36,19,-2,-6,-4,-3,-6
18956,18956,1503610508635,-21,-11,-5,-2,-1,-3,-3,-20
18957,18957,1503610508642,11,-4,-10,2,4,3,2,6
18958,18958,1503610508649,-9,-5,-3,-3,-1,-4,-3,1
18959,18959,1503610508664,-5,-26,-26,-10,-7,-3,0,4
18960,18960,1503610508672,6,-7,-2,-1,-1,-2,0,-1
18961,18961,1503610508687,3,24,10,1,-1,3,1,7
18962,18962,1503610508694,2,-8,3,0,-4,-1,0,0
18963,18963,1503610508702,-6,2,1,2,1,-1,0,-2
18964,18964,1503610508709,4,8,2,-2,-3,1,-2,-4
19304,19304,1503610512001,-7,-41,-34,-10,-1,-1,3,19
19305,19305,1503610512009,20,-32,-26,3,2,3,-3,25
19306,19306,1503610512023,-12,9,19,2,0,-2,-7,-20
19307,19307,1503610512031,-8,5,9,0,0,-2,-5,-4
19308,19308,1503610512039,5,29,9,0,-1,-3,-1,1
19309,19309,1503610512054,5,24,5,1,0,0,2,-2
19310,19310,1503610512062,8,6,0,-4,-1,-1,-5,-2
19311,19311,1503610512070,-11,-20,-3,-2,0,-1,-7,-12
19312,19312,1503610512084,-1,-14,-12,-2,-3,-2,0,-1
19313,19313,1503610512092,7,13,6,3,2,0,-1,-1
19314,19314,1503610512098,-6,-10,-6,-6,-1,0,3,-1
19315,19315,1503610512114,2,9,20,1,-2,-2,1,-2
19316,19316,1503610512123,8,5,-13,-7,-7,-2,-1,15
19317,19317,1503610512137,3,-14,-13,-2,-1,-5,1,-1
19318,19318,1503610512143,-11,-21,-10,-2,0,-1,-2,-7
19319,19319,1503610512152,1,9,4,2,-2,0,-4,-4
19320,19320,1503610512159,0,3,12,5,2,-2,-2,-9
19321,19321,1503610512174,0,17,0,-1,-2,0,-4,0
19322,19322,1503610512181,-1,11,2,4,1,-2,-17,-14
19323,19323,1503610512189,10,-5,-8,0,1,3,0,9
19324,19324,1503610512203,-3,8,11,2,2,2,6,0
19325,19325,1503610512211,-7,-3,-3,3,2,-4,-1,2
19326,19326,1503610512219,19,1,3,-1,-4,-2,3,19
19327,19327,1503610512234,-5,-5,-5,-5,2,3,7,3
19328,19328,1503610512241,-10,12,25,8,2,3,3,-17
19329,19329,1503610512252,12,28,5,-2,-3,-1,0,-4
19330,19330,1503610512271,-5,-4,-11,-4,-2,3,3,20
19331,19331,1503610512272,4,7,1,-3,-3,-2,-5,-14
19332,19332,1503610512279,5,-21,-22,-6,-3,-5,0,21
19333,19333,1503610512294,-2,-5,-5,4,3,2,1,9
19334,19334,1503610512301,-18,-23,-26,-8,-2,2,2,-14
19335,19335,1503610512309,-7,-15,-3,7,1,-2,-3,-6
19336,19336,1503610512323,-3,-8,3,1,-1,-4,-4,-10
19337,19337,1503610512331,-5,25,20,-2,0,1,3,0
19338,19338,1503610512339,-10,2,1,0,0,0,-4,-9
19339,19339,1503610512354,-23,-10,3,10,4,1,-2,-15
19340,19340,1503610512361,4,24,11,2,1,-1,-3,-11
19341,19341,1503610512369,-31,-25,-9,-4,-2,-1,1,2
19342,19342,1503610512370,7,-13,-13,-13,-10,-1,2,10
19343,19343,1503610512386,-9,0,27,16,6,5,6,12
19344,19344,1503610512392,15,8,7,4,6,-2,-1,4
19345,19345,1503610512394,-16,-14,6,1,-4,-6,-9,-9
19346,19346,1503610512399,9,3,-8,-13,-14,-4,-6,-6
19347,19347,1503610512414,9,2,1,0,2,0,0,5
19348,19348,1503610512422,-4,-1,-8,-3,5,-7,0,-9
19349,19349,1503610512429,-1,-5,-4,-6,-3,-2,0,-7
19350,19350,1503610512443,-2,4,2,-6,-7,-4,-2,-7
19351,19351,1503610512453,2,-4,2,3,3,1,3,2
19352,19352,1503610512459,-10,-3,-2,-2,-1,2,3,8
19353,19353,1503610512474,5,-3,-7,-7,-9,-3,-6,-6
19354,19354,1503610512481,7,12,4,6,6,-1,-2,-2
19355,19355,1503610512496,0,-18,-8,-1,-1,-3,-7,-6
19356,19356,1503610512503,5,-11,-1,0,2,-1,1,5
19357,19357,1503610512511,7,13,10,-1,0,2,8,9
19358,19358,1503610512525,-1,19,15,3,1,-3,3,-7
19359,19359,1503610512526,8,-20,-20,-2,-1,0,-1,35
19360,19360,1503610512534,-12,-2,4,2,3,3,5,-1
19361,19361,1503610512541,-1,24,-3,0,-1,3,-2,-21
19362,19362,1503610512556,-4,-22,-5,4,4,1,-1,1
19363,19363,1503610512563,6,-7,-14,-7,-8,-4,-13,0
19364,19364,1503610512579,4,30,-1,2,-1,-3,-8,-7
19365,19365,1503610512589,3,-14,5,4,3,2,7,0
19366,19366,1503610512594,-12,-19,-21,-13,-7,-4,-3,5
19367,19367,1503610512601,-17,-15,-3,-4,-1,-1,2,3
19368,19368,1503610512616,3,2,-3,1,1,-1,-3,-8
19369,19369,1503610512624,3,17,8,1,2,0,-8,-21
19370,19370,1503610512631,10,12,8,2,4,4,20,9
19371,19371,1503610512645,-1,4,3,3,2,0,2,0
19372,19372,1503610512660,-9,1,3,-2,-2,-1,0,-2
19373,19373,1503610512661,0,-14,-2,0,-2,0,2,0
19374,19374,1503610512676,-17,-25,-12,-5,-2,-4,-2,-3
19375,19375,1503610512683,-9,0,8,1,-1,0,-1,-2
19376,19376,1503610512691,-3,-9,2,-2,0,-7,-7,-7
19377,19377,1503610512705,-5,-19,-13,0,1,0,-5,-6
19378,19378,1503610512714,8,13,7,4,1,4,-2,1
19379,19379,1503610512722,12,11,2,-4,-2,1,10,3
19380,19380,1503610512736,-9,-5,-5,-10,-11,-4,-1,-7
19381,19381,1503610512743,-8,5,-2,-5,-1,-3,-8,-13
19382,19382,1503610512751,7,10,-3,-9,-3,-1,-4,5
19383,19383,1503610512766,-25,3,10,4,6,-2,0,-2
19384,19384,1503610512774,-9,-11,-9,-4,-2,-4,2,-8
19385,19385,1503610512781,9,4,-4,-6,-3,0,1,3
19386,19386,1503610512797,-1,17,4,5,6,1,3,3
19387,19387,1503610512803,-3,6,2,-4,-5,-1,4,12
19388,19388,1503610512811,4,5,6,6,0,-1,-1,-1
19389,19389,1503610512826,-7,-10,-3,-1,-3,-3,-3,7
19390,19390,1503610512834,9,-1,0,-1,-5,0,-12,2
19391,19391,1503610512841,0,1,4,8,6,2,-3,-10
19392,19392,1503610512856,-5,-5,4,6,7,1,-9,-11
19393,19393,1503610512863,8,4,-1,-1,-2,4,10,-3
19394,19394,1503610512871,8,-6,-12,-14,-10,1,7,11
19395,19395,1503610512895,-1,-16,-11,-4,-1,-2,-5,4
19396,19396,1503610512901,11,-9,-10,3,2,-3,-4,0
19397,19397,1503610512916,-3,2,20,4,-1,-1,-6,-1
19398,19398,1503610512923,10,-2,-4,-2,-4,1,-13,-7
19399,19399,1503610512931,-1,-4,-2,6,1,2,6,-1
19400,19400,1503610512945,-6,4,3,-2,-6,-3,2,0
19401,19401,1503610512957,9,4,2,1,1,2,3,13
19402,19402,1503610512961,7,1,0,-6,-5,-5,-7,-7
19403,19403,1503610512976,-2,-3,-4,-1,4,3,10,-3
19404,19404,1503610512983,5,2,5,5,3,0,1,12
19405,19405,1503610512991,4,2,-8,-1,1,-5,-8,-7
19406,19406,1503610513005,-6,-8,-1,-2,-4,-4,-7,-7
19407,19407,1503610513014,-7,-16,1,0,2,1,-4,-2
19408,19408,1503610513023,-4,-7,-8,-4,-3,-1,5,-1
19409,19409,1503610513036,6,6,-4,-3,-6,-3,-7,-1
19410,19410,1503610513045,0,0,-1,-3,2,2,4,9
19411,19411,1503610513052,0,8,4,4,3,-3,-1,5
19412,19412,1503610513066,-7,14,13,8,5,-2,-8,-11
19413,19413,1503610513074,0,-4,-6,-5,-6,-2,-2,1
19414,19414,1503610513081,6,-4,-14,-14,-8,-4,5,12
19415,19415,1503610513096,0,14,18,6,3,0,2,2
19416,19416,1503610513103,-3,19,10,7,-1,0,2,-11
19417,19417,1503610513111,-6,28,31,1,0,0,3,-1
19418,19418,1503610513125,-10,-12,-8,-7,-4,-3,0,-2
19419,19419,1503610513134,3,-6,-11,2,1,0,4,2
19420,19420,1503610513141,3,0,2,-2,-2,-3,-3,2
19421,19421,1503610513158,-7,-20,-19,-5,-1,-2,-3,-7
19422,19422,1503610513163,6,0,2,3,7,6,-4,-9
19423,19423,1503610513171,-3,-6,-8,-5,-6,-3,-16,1
19424,19424,1503610513186,-8,-8,-3,-1,-4,-1,-2,-4
19425,19425,1503610513194,-6,-2,-3,0,1,3,8,-1
19426,19426,1503610513201,5,-7,-15,-10,-6,-4,-7,-4
19427,19427,1503610513216,-4,0,9,0,-2,-1,-1,-5
19428,19428,1503610513226,1,2,5,2,1,2,2,0
19429,19429,1503610513231,5,4,-1,2,2,1,4,1
19430,19430,1503610513245,-2,5,12,1,0,-1,3,5
19431,19431,1503610513254,6,16,-8,0,0,-1,-1,-9
19432,19432,1503610513261,4,4,12,7,2,-1,-7,3
19433,19433,1503610513276,-4,-19,-13,-8,-2,1,1,-3
19434,19434,1503610513283,6,3,-3,0,1,1,6,18
19435,19435,1503610513294,-5,5,-4,-2,-3,-3,0,-9
19436,19436,1503610513305,-19,-19,3,5,0,0,3,2
19437,19437,1503610513314,-2,-5,-1,-4,-4,-3,-1,-5
19438,19438,1503610513321,-7,-7,-7,1,0,-2,2,-1
19439,19439,1503610513336,4,-5,-6,-4,-5,-1,1,4
19440,19440,1503610513343,4,-2,-8,-1,0,-1,3,5
19441,19441,1503610513351,4,-1,6,2,3,0,7,-1
19442,19442,1503610513365,-2,0,-2,0,2,0,2,-7
19443,19443,1503610513374,-4,-2,4,1,0,-6,-16,-5
19444,19444,1503610513381,1,-1,-8,-4,-1,-1,-2,-4
19967,19967,1503610518458,0,1,-2,-3,-2,-1,2,5
19968,19968,1503610518467,-4,-8,-7,-4,-3,0,2,5
19969,19969,1503610518481,-7,2,4,3,1,1,0,2
19970,19970,1503610518487,3,-2,3,1,4,0,-1,2
19971,19971,1503610518496,1,-8,-9,-4,-1,-2,-3,-5
19972,19972,1503610518510,-7,-8,-3,1,-3,-2,-2,-4
19973,19973,1503610518518,-7,-11,2,3,4,-1,0,3
19974,19974,1503610518526,-1,9,-9,-8,-7,-2,-2,-6
19975,19975,1503610518541,-2,-8,2,-1,0,0,-1,-2
19976,19976,1503610518547,-4,-3,5,-3,0,0,0,7
19977,19977,1503610518556,4,10,15,8,3,1,2,5
19978,19978,1503610518572,-7,-5,-6,-2,-1,-2,-1,5
19979,19979,1503610518578,2,1,-3,-4,0,-2,0,-1
19980,19980,1503610518586,-4,-2,-8,0,-3,1,2,5
19981,19981,1503610518601,-4,12,11,1,-1,-2,-5,-10
19982,19982,1503610518607,-3,11,14,0,-1,0,-2,-2
19983,19983,1503610518616,2,-15,-14,0,-4,-3,-3,-11
19984,19984,1503610518630,-16,-13,-12,-2,1,-3,0,3
19985,19985,1503610518638,-7,21,10,3,1,-1,-1,-1
19986,19986,1503610518639,-6,2,3,4,2,0,-2,-1
19987,19987,1503610518646,15,-2,-8,-4,-3,2,2,-1
19988,19988,1503610518663,-9,2,-4,-7,-2,-2,-3,-6
19989,19989,1503610518668,-6,-6,2,3,-1,0,0,-12
19990,19990,1503610518676,7,4,2,-2,-1,0,3,9
19991,19991,1503610518691,6,6,7,-2,2,1,2,5
19992,19992,1503610518698,0,0,-4,-2,0,-1,-1,-1
19993,19993,1503610518706,2,-4,2,5,2,-2,-6,-5
19994,19994,1503610518730,-12,2,3,7,1,-2,0,5
19995,19995,1503610518731,9,3,-3,-2,-3,-2,-2,-2
19996,19996,1503610518736,4,-3,-12,-7,-2,-1,-3,-7
19997,19997,1503610518750,3,12,-2,-3,1,0,-6,-6
19998,19998,1503610518766,-3,-8,-2,0,-4,-2,-2,-2
19999,19999,1503610518781,0,2,-5,-13,-2,0,-2,1
20000,20000,1503610518787,10,0,9,9,2,2,2,4
20001,20001,1503610518798,6,-1,-7,-2,-2,-1,-1,-7
20002,20002,1503610518811,-2,-12,-11,0,0,1,-2,-9
20003,20003,1503610518818,6,-6,6,3,0,-1,2,11
20004,20004,1503610518836,-2,5,3,-1,0,-2,2,10
20005,20005,1503610518841,-12,-11,-7,0,-2,0,-1,2
20006,20006,1503610518849,-10,-3,15,7,1,-1,-1,1
20007,20007,1503610518856,0,-5,-3,-1,-2,1,-1,-2
20008,20008,1503610518871,-4,7,0,0,-1,-1,-1,-4
20009,20009,1503610518878,1,-1,-10,-4,-4,0,1,-5
20010,20010,1503610518894,-3,-2,0,-3,-2,0,1,-1
20011,20011,1503610518901,10,20,-6,-4,-3,-2,0,6
20012,20012,1503610518909,-2,-3,-9,-6,-3,-3,-1,-4
20013,20013,1503610518916,-3,-2,-7,-2,2,-4,-6,-8
20014,20014,1503610518933,4,12,4,7,0,0,1,-6
20015,20015,1503610518938,8,10,-3,-4,-4,-1,-1,1
20016,20016,1503610518954,-5,-13,-10,-7,-2,-2,2,6
20017,20017,1503610518961,-6,-14,-8,-4,0,0,-1,0
20018,20018,1503610518971,11,14,18,7,8,2,0,8
20019,20019,1503610518972,-1,15,11,7,2,2,-1,-15
20020,20020,1503610518983,-2,-7,0,1,0,-1,1,2
20021,20021,1503610518991,1,-7,-10,-6,-5,-3,-3,2
20022,20022,1503610519000,-2,-5,-1,0,-2,-2,1,-3
20023,20023,1503610519015,4,2,-7,-9,4,1,-2,-1
20024,20024,1503610519021,-1,18,26,13,5,2,2,3
20025,20025,1503610519031,-6,-17,-15,-7,-7,-3,-3,-1
20026,20026,1503610519043,0,-7,-2,-3,-3,-2,-2,-2
20027,20027,1503610519051,-1,0,-4,-2,-3,-2,-2,0
20028,20028,1503610519058,-1,0,-3,-4,2,1,-1,-9
20029,20029,1503610519075,-19,-1,5,7,2,0,0,-2
20030,20030,1503610519088,-6,-13,-7,-3,-3,-2,0,-2
20031,20031,1503610519089,2,-3,-5,-6,-2,-2,0,1
20032,20032,1503610519104,0,11,-2,0,-5,-1,-2,-5
20033,20033,1503610519111,12,36,22,8,5,3,1,-3
20034,20034,1503610519118,0,-5,1,-1,0,1,0,2
20035,20035,1503610519138,-2,-6,-3,-3,-1,-1,2,2
20036,20036,1503610519141,-1,-7,-8,-5,-6,-4,-1,-1
20037,20037,1503610519149,2,-2,4,5,4,2,0,-1
20038,20038,1503610519166,-6,-3,6,5,2,-1,1,-2
20039,20039,1503610519172,-6,-17,-12,-6,-6,-2,-1,-2
20040,20040,1503610519178,1,-3,-5,2,-2,-2,0,-1
20041,20041,1503610519195,7,3,7,8,4,1,2,3
20042,20042,1503610519201,0,13,6,1,1,-1,0,0
20043,20043,1503610519209,-4,-10,-12,-8,-3,-5,0,0
20044,20044,1503610519223,5,-3,3,-2,0,0,-1,1
20045,20045,1503610519234,-2,-20,-3,1,-2,-1,-2,1
20046,20046,1503610519239,-4,-3,-5,-3,-2,1,-1,1
20047,20047,1503610519254,1,5,-13,-8,0,-2,-4,-1
20048,20048,1503610519261,2,-3,0,1,0,1,1,2
20049,20049,1503610519270,-2,-7,-3,3,-3,-1,-2,0
20050,20050,1503610519283,2,8,11,2,3,1,2,6
20051,20051,1503610519291,3,5,11,6,0,-1,-1,2
20052,20052,1503610519303,1,-2,11,-1,2,-4,-1,-2
20053,20053,1503610519314,-4,4,5,-6,-2,0,-1,-5
20054,20054,1503610519321,4,-6,-4,0,3,1,-2,-3
20055,20055,1503610519329,-4,-2,3,1,0,-2,-2,-3
20056,20056,1503610519343,-6,-8,-5,-1,-3,-1,-3,-2
20057,20057,1503610519351,4,-3,-13,-8,-4,0,0,0
20058,20058,1503610519358,-1,9,21,7,1,1,-1,2
20059,20059,1503610519375,-3,-8,0,-3,-3,-1,0,0
20060,20060,1503610519381,-4,-10,-17,-10,-5,-2,-3,-3
20061,20061,1503610519389,8,2,4,6,2,0,1,3
20062,20062,1503610519404,-1,6,-1,5,1,-1,0,-3
20063,20063,1503610519411,-2,1,0,-3,-1,-1,-1,1
20064,20064,1503610519418,-2,-9,-14,-7,-3,-3,-1,-2
20065,20065,1503610519436,2,4,8,10,8,2,-4,-4
20066,20066,1503610519441,-4,6,17,5,1,1,3,-1
20067,20067,1503610519449,-3,-2,-11,-11,-6,-2,-1,-3
20068,20068,1503610519463,0,-2,-8,0,-1,-1,-2,-3
20069,20069,1503610519473,-4,-8,-10,-3,-3,-1,0,-1
20070,20070,1503610519478,4,2,8,3,1,0,-1,1
20071,20071,1503610519494,-5,1,1,-3,-3,0,-1,0
20781,20781,1503610526291,8,14,1,-1,-1,-2,-1,-2
20782,20782,1503610526296,7,-16,-4,-1,-5,-2,1,1
20783,20783,1503610526310,3,-5,8,8,5,2,3,4
20784,20784,1503610526319,-15,-4,2,1,2,0,2,1
20785,20785,1503610526325,-1,-3,-3,-5,-2,-3,-1,3
20786,20786,1503610526340,-7,2,22,10,1,1,2,-1
20787,20787,1503610526350,-11,-5,1,2,1,2,-1,-5
20788,20788,1503610526358,7,5,-7,-3,-4,-4,-8,-1
20789,20789,1503610526370,12,3,-1,2,-2,1,1,0
20790,20790,1503610526378,-6,-10,-11,-5,-2,0,3,3
20791,20791,1503610526387,-5,-10,-8,-3,-2,0,0,1
20792,20792,1503610526400,4,7,4,2,1,0,0,2
20793,20793,1503610526408,-13,-9,-10,-7,-4,-4,-5,-5
20794,20794,1503610526419,2,9,5,-3,-2,-3,-4,-6
20795,20795,1503610526430,-5,4,-3,2,-1,-1,-1,2
20796,20796,1503610526431,7,-8,1,7,0,1,-3,-7
20797,20797,1503610526438,-5,-8,-5,0,1,-1,-1,-1
20798,20798,1503610526445,-7,-3,8,3,3,-1,1,2
20799,20799,1503610526460,-1,-5,-14,-5,-4,-2,0,-3
20800,20800,1503610526468,-8,6,11,2,-1,-1,-2,-4
20801,20801,1503610526484,10,8,1,-1,-2,1,1,3
20802,20802,1503610526492,5,10,5,-3,-1,1,4,5
20803,20803,1503610526498,-9,-7,0,9,5,0,-2,0
20804,20804,1503610526512,5,9,8,-1,-1,-4,-8,-16
20805,20805,1503610526521,0,-2,-4,-5,-2,0,1,-3
20806,20806,1503610526528,35,3,-3,3,3,0,0,3
20807,20807,1503610526543,-7,0,3,1,0,-3,-2,-5
20808,20808,1503610526551,-10,-7,-12,-10,-5,-1,2,7
20809,20809,1503610526560,3,-3,3,-2,-3,-1,1,5
20810,20810,1503610526580,6,13,6,4,2,1,-2,0
20811,20811,1503610526582,-7,-3,-9,-8,-2,0,0,-6
20812,20812,1503610526589,-6,-5,10,6,3,-1,-3,-7
20813,20813,1503610526603,-2,6,5,9,4,0,-5,-4
20814,20814,1503610526610,-20,-13,-12,-5,-3,-2,0,2
20815,20815,1503610526619,-3,-13,-13,-9,-5,-5,-1,-1
20816,20816,1503610526632,-5,-1,-2,4,2,-1,-2,-2
20817,20817,1503610526641,2,1,-6,-3,-2,0,2,1
20818,20818,1503610526648,1,7,-2,-6,-5,-4,0,8
20819,20819,1503610526663,3,9,26,13,6,3,-3,-3
20820,20820,1503610526670,3,19,6,-1,-1,0,0,-1
20821,20821,1503610526678,-7,-8,-3,-4,-4,-3,-2,-2
20822,20822,1503610526692,4,13,4,5,2,-1,-4,-10
20823,20823,1503610526693,1,-14,-12,-4,-2,-1,-2,-2
20824,20824,1503610526701,0,-8,-3,-3,-3,1,0,0
20825,20825,1503610526708,-3,-9,-6,-3,-4,-1,1,4
20826,20826,1503610526723,4,3,-10,-9,-3,-1,2,4
20827,20827,1503610526730,0,5,16,6,1,0,0,-2
20828,20828,1503610526738,13,21,6,7,1,0,-1,2
20829,20829,1503610526753,0,-2,5,1,1,1,0,1
20830,20830,1503610526761,-5,-5,-1,-2,-1,1,0,0
20831,20831,1503610526768,2,-6,-8,-2,0,-1,-4,-1
20832,20832,1503610526783,-4,-22,-5,-3,-1,-2,-1,-2
20833,20833,1503610526791,-7,-26,-14,-5,-2,-1,2,3
20834,20834,1503610526798,-3,-1,8,3,1,-1,-2,-3
20835,20835,1503610526812,1,1,-3,-3,2,0,1,0
20836,20836,1503610526821,-2,8,6,0,1,1,2,1
20837,20837,1503610526828,-1,2,-11,-9,-6,-4,-1,-3
20838,20838,1503610526843,5,5,-3,1,-1,-2,1,3
20839,20839,1503610526850,-10,-2,-4,-4,-3,1,0,-1
20840,20840,1503610526858,3,-2,-4,-5,-2,-1,-1,0
20841,20841,1503610526873,6,14,9,7,10,1,-3,1
20842,20842,1503610526881,-1,28,11,3,2,1,-1,-1
20843,20843,1503610526888,-3,-3,-5,-4,-6,-4,-1,-1
20844,20844,1503610526903,-5,-7,-10,-5,-3,-1,1,-2
20845,20845,1503610526910,0,16,5,1,0,-2,0,-3
20846,20846,1503610526920,1,-2,-2,-2,1,-1,-2,-1
20847,20847,1503610526933,1,1,14,10,4,2,1,-2
20848,20848,1503610526941,-5,-7,-10,-5,-4,-1,-1,-1
20849,20849,1503610526948,-1,-9,-10,-9,-7,-1,-2,1
20850,20850,1503610526963,-1,-3,0,3,2,1,-1,-7
20851,20851,1503610526970,1,-4,-4,-1,-2,-1,1,-3
20852,20852,1503610526978,0,-5,-3,-3,-3,-2,-2,0
20853,20853,1503610526993,-4,-15,-13,-6,-4,-2,0,0
20854,20854,1503610527001,3,7,-1,4,3,1,-3,-5
20855,20855,1503610527008,2,0,6,0,-1,-1,-2,-2
20856,20856,1503610527024,-4,-13,-6,-8,-5,-2,-3,0
20857,20857,1503610527030,0,4,5,2,4,0,0,-1
20858,20858,1503610527038,0,1,5,-2,-4,0,0,0
20859,20859,1503610527055,-2,-6,-3,-1,-2,-2,-1,-1
20860,20860,1503610527061,-1,-10,-20,-7,-1,0,1,0
20861,20861,1503610527068,-2,1,-4,-3,1,1,-1,-4
21241,21241,1503610530841,-22,1,-2,3,1,-1,0,-6
21242,21242,1503610530848,16,-16,-15,-7,-1,2,4,28
21243,21243,1503610530863,-3,13,5,0,-1,1,-1,7
21244,21244,1503610530870,-7,36,5,3,0,-2,0,-2
21245,21245,1503610530879,-1,9,9,3,0,-1,-1,4
21246,21246,1503610530893,18,15,0,-2,-2,1,4,16
21247,21247,1503610530901,3,2,7,-1,-3,-1,-1,-9
21248,21248,1503610530908,-38,-11,-8,0,0,-1,-2,-10
21249,21249,1503610530925,12,-7,3,7,3,1,0,8
21250,21250,1503610530930,-5,-8,-1,0,0,0,-1,-12
21251,21251,1503610530938,-1,-15,-10,-2,-1,1,0,-8
21252,21252,1503610530953,0,6,-1,-5,-2,-3,-1,8
21253,21253,1503610530954,-5,-3,-1,-2,-2,0,-3,-7
21254,21254,1503610530961,2,-4,-1,4,2,0,0,11
21255,21255,1503610530968,-8,0,13,1,0,-2,0,-15
21256,21256,1503610530983,4,-2,-4,-6,0,-2,-1,-6
21257,21257,1503610530990,-5,-11,-3,-2,-1,-3,-5,-17
21258,21258,1503610530998,-9,-10,-6,-4,-2,-2,-4,-7
21259,21259,1503610531015,3,-5,3,7,2,-1,-1,2
21260,21260,1503610531021,6,0,-5,-2,-4,-1,1,2
21261,21261,1503610531028,-7,-17,-1,-1,0,1,-1,-8
21262,21262,1503610531044,3,-13,-11,-5,-1,-2,-1,-1
21263,21263,1503610531053,6,7,-12,-9,-4,-2,-4,-5
21264,21264,1503610531065,16,2,2,3,-2,-4,-10,-20
21265,21265,1503610531073,6,11,1,5,0,0,2,8
21266,21266,1503610531085,-16,8,8,2,3,3,1,3
21267,21267,1503610531088,-6,-13,-6,1,-2,1,2,5
21268,21268,1503610531104,-4,-7,-3,-3,-2,1,2,-2
21269,21269,1503610531110,0,5,-2,-5,1,1,0,2
21270,21270,1503610531119,2,-5,-6,-1,-1,0,2,5
21271,21271,1503610531133,28,9,-6,-7,-4,-1,1,14
21272,21272,1503610531141,-2,6,1,0,2,-1,-2,-8
21273,21273,1503610531155,-11,18,1,-3,-1,-2,-8,-29
21274,21274,1503610531163,0,-3,-1,-1,-2,-1,0,8
21275,21275,1503610531170,-6,-22,-12,-4,0,-1,-3,-10
21276,21276,1503610531186,-16,15,8,3,-2,-3,-2,0
21277,21277,1503610531193,15,-10,-6,-1,-1,-1,2,6
21278,21278,1503610531194,11,13,5,1,0,0,3,9
21279,21279,1503610531201,-10,-11,8,3,0,0,2,0
21280,21280,1503610531219,6,-12,1,1,-4,-2,-2,-5
21281,21281,1503610531234,-12,0,-1,-2,0,-1,-1,-1
21282,21282,1503610531245,-14,-1,-6,-4,-1,-2,0,3
21283,21283,1503610531256,14,2,3,2,-2,1,0,13
21284,21284,1503610531261,-3,-3,-2,-4,0,1,1,9
21285,21285,1503610531275,-12,-14,6,3,0,0,1,-3
21286,21286,1503610531286,9,7,-2,-2,-1,-1,-1,4
21287,21287,1503610531290,-3,2,-7,-7,-6,-1,-3,-5
21288,21288,1503610531312,10,-9,1,2,0,1,3,0
21289,21289,1503610531313,7,8,2,0,1,-1,1,0
21290,21290,1503610531321,-25,-4,-10,-2,-4,-2,-3,-13
21291,21291,1503610531335,-12,-4,3,2,4,0,3,1
21292,21292,1503610531343,9,-1,-4,0,-1,-2,-3,-10
21293,21293,1503610531351,7,2,6,3,0,-1,-3,7
21294,21294,1503610531369,7,-4,-3,0,-1,-3,-2,-1
21295,21295,1503610531373,37,18,5,3,1,1,1,17
21296,21296,1503610531385,5,1,-9,-3,1,2,3,3
21297,21297,1503610531395,-33,-24,-9,-7,-1,0,1,-17
21298,21298,1503610531404,5,-5,-1,1,2,2,2,10
21299,21299,1503610531410,-6,20,-6,-1,-2,-2,-1,-2
21300,21300,1503610531411,15,-1,-10,-16,-4,-2,1,2
21301,21301,1503610531426,-16,7,14,0,-1,-1,-3,-15
21302,21302,1503610531433,-11,-8,2,3,-2,-2,-1,-7
21303,21303,1503610531442,12,-11,-9,-5,-3,-2,0,11
21304,21304,1503610531455,21,32,-3,-1,-1,-1,0,48
21305,21305,1503610531463,-19,6,11,4,2,1,0,-5
21306,21306,1503610531470,26,-8,-7,-2,-1,-1,-3,-7
21307,21307,1503610531487,-25,-11,-4,-1,-2,-1,-3,-5
21308,21308,1503610531493,-19,-13,-6,-1,2,-1,-2,-1
21309,21309,1503610531501,19,6,-7,0,-1,0,-1,-9
21310,21310,1503610531515,-14,-15,-4,0,-3,-2,-3,-5
21311,21311,1503610531523,19,-12,-4,-2,0,1,2,8
21312,21312,1503610531530,-4,13,1,0,0,-1,4,1
21313,21313,1503610531545,1,-7,-8,-4,-3,-3,-5,-10
21314,21314,1503610531553,-15,-21,6,2,-2,0,-3,-10
21315,21315,1503610531561,3,11,-4,-4,-1,-2,-4,-3
21316,21316,1503610531575,6,28,6,3,1,0,3,-6
21317,21317,1503610531585,6,2,1,0,-3,-1,-3,-12
21318,21318,1503610531591,3,-2,-2,0,2,-2,-1,6
21319,21319,1503610531605,-7,17,10,2,2,0,-1,-4
21320,21320,1503610531613,7,9,-5,-2,-3,-4,-5,-24
21321,21321,1503610531621,-8,-11,-6,-1,0,0,1,-4
21322,21322,1503610531635,1,-12,-4,-2,-1,-2,-2,-1
21323,21323,1503610531643,3,32,22,2,0,-1,4,13
21324,21324,1503610531650,-10,16,16,3,-1,-1,-4,-17
21325,21325,1503610531665,10,-10,-10,-2,-2,-2,-1,5
21326,21326,1503610531672,-9,4,0,0,-2,-2,-2,-10
21327,21327,1503610531681,5,6,2,-3,-2,1,-2,2
21328,21328,1503610531696,1,-2,-1,1,-1,0,-1,-1
21329,21329,1503610531703,-2,-11,-13,-6,-2,-3,-1,-2
21330,21330,1503610531710,-8,-13,3,0,3,2,3,5
21331,21331,1503610531726,-16,-13,-13,-9,-2,-1,-2,-5
21332,21332,1503610531733,-22,-2,6,3,-1,1,-1,1
21333,21333,1503610531741,-11,-5,-3,2,-1,-3,-3,-17
21334,21334,1503610531757,-2,-6,-7,0,-4,0,1,0
21335,21335,1503610531763,-2,-14,0,1,-2,-1,-1,-4
21336,21336,1503610531771,12,6,0,1,0,-1,-1,3
21337,21337,1503610531788,4,5,4,2,-3,-1,-2,0
21338,21338,1503610531794,7,-3,5,3,1,-1,-1,1
21339,21339,1503610531801,-5,-2,1,-1,-1,1,2,10
21340,21340,1503610531815,-20,-28,-21,-12,-5,-3,-4,-9
21341,21341,1503610531825,21,3,-5,-4,0,0,-1,4
21342,21342,1503610531830,5,-3,5,0,0,-1,3,8
21343,21343,1503610531845,-9,7,1,4,2,0,-1,-6
21344,21344,1503610531854,-8,-13,-19,-9,-5,-2,-2,7
21345,21345,1503610531861,-3,5,6,2,2,-2,-1,2
21346,21346,1503610531875,2,2,7,3,1,-2,-1,-1
21347,21347,1503610531884,-5,-15,-11,-7,-2,-1,-1,-2
21348,21348,1503610531895,-2,3,-2,-3,-1,1,1,3
21349,21349,1503610531905,-3,5,3,0,0,0,-1,-7
21350,21350,1503610531913,16,14,-12,-7,-2,-4,1,16
21351,21351,1503610531923,-7,6,20,11,-1,-3,0,0
21767,21767,1503610535932,-3,-9,-1,-6,-3,0,2,-1
21768,21768,1503610535951,-2,-5,-9,-5,-3,-1,-2,0
21769,21769,1503610535956,0,3,-5,-5,-3,-3,0,2
21770,21770,1503610535963,-5,8,7,-2,-3,-1,-1,3
21771,21771,1503610535977,4,-8,-1,2,-4,0,-3,4
21772,21772,1503610535987,1,0,-3,2,5,4,1,-1
21773,21773,1503610535993,-7,-10,-9,-4,7,1,-4,3
21774,21774,1503610536007,-8,0,2,3,1,-5,-10,-9
21775,21775,1503610536019,-4,3,-1,-1,0,0,1,-3
21776,21776,1503610536024,2,-4,7,1,1,1,1,2
21777,21777,1503610536038,-1,4,-2,1,-1,1,8,9
21778,21778,1503610536045,1,10,-4,0,-2,0,-3,-16
21779,21779,1503610536054,-8,-18,-11,-3,-4,-2,1,-5
21780,21780,1503610536067,12,7,9,3,1,2,6,4
21781,21781,1503610536075,13,28,4,1,0,1,0,3
21782,21782,1503610536086,-15,-3,0,-4,-1,-2,-7,-22
21783,21783,1503610536097,-1,-17,-8,1,3,3,8,-1
21784,21784,1503610536098,-7,20,12,2,-1,1,0,4
21785,21785,1503610536105,19,4,-5,-6,-5,-1,4,23
21786,21786,1503610536112,9,5,7,0,-2,0,-1,-7
21787,21787,1503610536128,-11,-11,15,7,2,-3,-2,0
21788,21788,1503610536135,4,-17,1,2,1,0,-1,2
21789,21789,1503610536143,-6,-36,-22,-5,-3,-2,0,-2
21790,21790,1503610536158,-8,26,18,2,0,-2,-2,-2
21791,21791,1503610536166,-2,0,-4,0,1,1,5,12
21792,21792,1503610536172,-7,-4,-3,-5,-1,-1,1,-4
21793,21793,1503610536188,4,0,-2,0,3,2,1,3
21794,21794,1503610536195,16,-5,-2,1,-1,-1,0,3
21795,21795,1503610536203,-4,1,-6,-5,-4,0,0,0
21796,21796,1503610536221,-9,-12,-11,-5,-3,-1,-2,0
21797,21797,1503610536227,4,6,1,1,3,0,0,3
21798,21798,1503610536233,-2,-7,-6,3,4,0,-1,-4
21799,21799,1503610536247,-2,1,2,5,0,-4,-3,-2
21800,21800,1503610536256,-3,-15,-9,-3,0,0,4,4
21801,21801,1503610536263,-17,0,7,14,12,2,-9,-34
21802,21802,1503610536277,1,-12,-11,-4,-5,-7,-7,-3
21803,21803,1503610536287,-3,-2,-6,-9,-7,-3,-2,8
21804,21804,1503610536294,-4,-1,6,16,19,7,1,-5
21805,21805,1503610536308,6,3,0,-5,-2,-3,-1,10
21806,21806,1503610536315,-1,0,-1,-6,-5,0,8,1
21807,21807,1503610536323,-2,2,-1,-4,-7,0,2,-11
21808,21808,1503610536337,2,20,-11,-9,-10,-5,-4,-4
21809,21809,1503610536345,4,5,6,2,-1,1,4,8
21810,21810,1503610536355,-8,-7,-4,3,0,-2,-8,-6
21811,21811,1503610536368,12,18,28,11,8,2,-3,4
21812,21812,1503610536375,10,-25,-39,-18,-11,-6,-3,1
21813,21813,1503610536387,0,18,46,14,6,5,3,1
21814,21814,1503610536397,5,7,-1,-7,-4,-1,-2,-2
21815,21815,1503610536405,-18,-19,-25,-9,-3,-3,0,-1
21816,21816,1503610536412,0,-11,6,-2,-2,-1,0,5
21817,21817,1503610536429,22,16,-6,0,-2,-2,1,7
21818,21818,1503610536435,-6,1,9,5,2,2,-2,-3
21819,21819,1503610536443,-9,-12,-21,-5,-4,-3,3,-5
21820,21820,1503610536458,3,-8,2,5,0,0,0,-11
21821,21821,1503610536465,-9,-7,-18,-9,-7,-6,-7,-9
21822,21822,1503610536472,-15,8,12,2,2,-1,-2,1
21823,21823,1503610536488,-3,10,0,-3,0,0,2,-3
21824,21824,1503610536495,-6,6,3,-2,-3,-3,-6,-11
21825,21825,1503610536503,7,-9,-5,-4,-2,-1,-2,3
21826,21826,1503610536518,-5,-5,-2,-4,-3,-1,-4,-8
21827,21827,1503610536526,-17,13,24,0,-2,-1,-3,-4
21828,21828,1503610536532,-1,-4,7,-1,0,-1,-1,-1
21829,21829,1503610536548,8,-8,-17,-7,-5,-1,3,14
21830,21830,1503610536556,0,-6,4,9,10,1,-5,2
21831,21831,1503610536564,-5,2,-5,-5,-6,-5,-8,-15
21832,21832,1503610536577,2,3,2,0,-4,3,5,-2
21833,21833,1503610536588,0,-4,0,-1,0,-3,-11,2
21834,21834,1503610536593,4,3,-1,-7,-5,0,4,6
21835,21835,1503610536608,3,-10,-2,5,1,2,1,2
21836,21836,1503610536615,-1,-8,-1,1,3,0,4,6
21837,21837,1503610536627,3,-10,-8,5,7,1,1,-4
21838,21838,1503610536638,2,-5,-12,-7,-5,-1,4,7
21839,21839,1503610536645,-3,-4,-4,-1,4,-1,-2,6
21840,21840,1503610536653,3,2,-4,0,0,-1,-1,5
21841,21841,1503610536668,-2,-11,1,-3,-5,-4,1,1
21842,21842,1503610536675,-10,8,2,0,-2,-3,-3,-15
21843,21843,1503610536683,9,8,-3,-3,-1,2,3,13
21844,21844,1503610536698,-20,-10,-8,-6,-7,-2,-1,-14
21845,21845,1503610536705,-15,2,4,1,0,-1,-2,-7
21846,21846,1503610536712,17,17,16,11,5,3,-3,-12
21847,21847,1503610536728,-14,-26,-17,-8,-6,-3,3,-8
21848,21848,1503610536735,11,-3,-4,-3,0,-2,3,17
22167,22167,1503610539832,3,6,-2,-1,-1,0,0,2
22168,22168,1503610539847,-2,9,4,2,0,-1,0,-2
22169,22169,1503610539855,0,-14,-3,-1,0,0,-1,1
22170,22170,1503610539862,-2,6,2,-1,2,-1,0,-1
22171,22171,1503610539878,9,13,3,1,-5,-1,-1,-2
22172,22172,1503610539885,3,9,27,14,4,2,0,4
22173,22173,1503610539892,1,7,4,4,1,-1,-1,-3
22174,22174,1503610539906,3,-10,-16,-7,-9,-3,-1,0
22175,22175,1503610539907,-4,-5,-18,-9,-5,-4,-4,0
22176,22176,1503610539915,0,-1,9,5,2,0,-1,-3
22177,22177,1503610539916,0,3,6,2,2,0,1,-2
22178,22178,1503610539922,-3,-6,-12,-6,-2,0,0,-3
22179,22179,1503610539937,1,4,-2,-3,0,0,-1,-2
22180,22180,1503610539946,2,1,5,-2,-1,1,-2,-1
22181,22181,1503610539953,-4,0,-2,-7,-3,-2,-1,0
22182,22182,1503610539967,-1,-4,-2,0,-1,-2,-1,-1
22183,22183,1503610539978,-5,-4,-4,0,0,-2,-2,0
22184,22184,1503610539983,-2,-2,-5,-3,-4,-4,1,1
22185,22185,1503610539997,0,7,14,12,4,2,-1,-2
22186,22186,1503610540005,0,1,-5,0,0,-1,-1,-1
22187,22187,1503610540013,-3,-8,-10,-6,-5,-3,0,2
22188,22188,1503610540028,-1,5,1,0,3,1,1,-2
22189,22189,1503610540035,0,-1,-1,0,0,0,-1,-5
22190,22190,1503610540050,-2,-7,-8,-5,-3,-1,-1,4
22191,22191,1503610540057,1,6,11,3,2,0,0,9
22192,22192,1503610540065,1,10,-2,-3,0,-1,-1,-5
22193,22193,1503610540072,-7,-13,-14,-5,-2,-2,-4,-2
22194,22194,1503610540088,3,0,1,-1,-1,0,1,2
22195,22195,1503610540095,-1,6,8,2,0,2,5,-6
22196,22196,1503610540114,-1,-8,-2,-4,-3,-2,-4,-10
22197,22197,1503610540118,-1,10,25,4,2,-2,-2,-6
22198,22198,1503610540125,-2,-7,4,5,-2,1,-1,0
22199,22199,1503610540132,3,-3,-7,-1,-4,-2,-1,0
22200,22200,1503610540150,-2,-2,-3,-3,-3,-2,0,-2
22201,22201,1503610540155,0,4,-5,5,3,2,-1,-1
22202,22202,1503610540170,0,-4,-5,0,-1,1,-2,-2
22203,22203,1503610540180,-2,-9,-23,-22,-6,-3,-3,0
22204,22204,1503610540186,1,5,9,3,1,0,3,2
22205,22205,1503610540192,-1,-2,-1,7,2,0,-2,-4
22206,22206,1503610540208,-3,-5,-14,-7,-4,-4,-3,2
22207,22207,1503610540215,3,6,28,13,2,-1,-1,1
22208,22208,1503610540230,1,6,14,2,5,2,1,1
22209,22209,1503610540237,-2,-1,-6,-7,-4,-2,0,-3
22210,22210,1503610540247,-1,-4,-9,-3,-5,-2,-1,-2
22211,22211,1503610540252,1,-3,1,1,-2,-3,0,1
22212,22212,1503610540268,0,2,16,6,0,0,-1,-2
22213,22213,1503610540275,-3,-8,-14,-6,-4,-2,0,-3
22214,22214,1503610540290,-2,0,-4,0,2,2,2,1
22215,22215,1503610540298,-5,-10,-24,-11,-3,-2,-2,-2
22216,22216,1503610540305,5,14,27,14,5,3,-1,0
22217,22217,1503610540313,1,5,7,4,1,0,1,-1
22218,22218,1503610540328,-3,-7,-15,-5,-1,-3,-3,-3
22219,22219,1503610540335,2,-4,-5,-2,-2,-1,1,0
22220,22220,1503610540351,-4,-8,-9,-11,-3,-2,-2,-1
22221,22221,1503610540357,1,10,13,8,3,1,-2,1
22222,22222,1503610540365,-8,-7,-12,-6,-2,-3,0,-3
22223,22223,1503610540372,0,-1,-2,-1,-2,-1,1,1
22224,22224,1503610540389,-2,-8,-16,-8,-7,-2,-1,3
22225,22225,1503610540395,2,1,8,5,4,1,-2,0
22226,22226,1503610540410,0,2,8,3,1,1,-1,-2
22227,22227,1503610540418,-4,-10,-21,-13,-7,-2,-2,0
22228,22228,1503610540425,1,8,9,3,5,0,-1,1
22229,22229,1503610540432,-1,-5,-13,-9,-1,-1,-2,-3
22230,22230,1503610540449,1,4,5,1,-3,-2,1,0
22231,22231,1503610540455,0,1,-11,-3,-1,0,-2,-2
22232,22232,1503610540456,-4,3,12,1,0,1,1,-1
22233,22233,1503610540471,2,-1,8,1,-1,1,-1,-1
22234,22234,1503610540477,-2,-2,-4,1,-2,0,-1,-1
22235,22235,1503610540486,0,1,-2,0,0,-3,-3,-3
22236,22236,1503610540500,-1,-4,2,2,-1,-1,-2,1
22237,22237,1503610540508,1,2,-5,-1,2,0,-1,-1
22238,22238,1503610540515,1,1,3,2,1,-2,-1,-1
22239,22239,1503610540530,1,-3,-5,-2,-4,-2,2,0
22240,22240,1503610540537,1,5,19,12,3,0,0,-2
22241,22241,1503610540546,-3,-3,2,-2,-2,0,-1,0
22242,22242,1503610540560,-2,-4,-4,-3,-3,-2,-1,-1
22243,22243,1503610540568,-2,2,-1,-5,0,0,0,1
22244,22244,1503610540575,0,-2,-13,-9,-3,-3,-3,-1
22245,22245,1503610540590,2,4,9,4,-1,1,1,-1
22246,22246,1503610540597,-1,0,-6,-2,1,-1,0,0
22247,22247,1503610540605,-2,-1,-8,-9,-2,-2,-1,-3
22248,22248,1503610540620,2,3,3,5,1,-1,-1,-1
22249,22249,1503610540628,0,-4,-6,-1,-6,-1,1,-1
22250,22250,1503610540635,-2,-1,-4,1,0,-1,-2,-2
22251,22251,1503610540650,1,1,-10,-8,1,-2,-3,0
22252,22252,1503610540658,3,24,13,1,0,1,0,0
22253,22253,1503610540665,-5,-20,-7,-2,-4,-3,-3,0
22254,22254,1503610540680,-12,-8,-3,0,1,1,-1,-2
22255,22255,1503610540688,0,-3,-3,2,2,2,2,-1
22256,22256,1503610540695,-1,-11,-17,-14,-6,-3,1,1
22257,22257,1503610540710,2,-1,13,6,1,-1,0,0
22258,22258,1503610540717,-1,-1,2,2,1,0,0,0
22259,22259,1503610540725,-7,-12,-11,-4,-5,-3,-3,-3
22260,22260,1503610540740,2,2,9,0,0,0,-1,-2
22261,22261,1503610540751,0,9,6,7,3,1,1,6
22262,22262,1503610540755,-2,-15,-9,-4,-4,-1,0,-2
22263,22263,1503610540770,0,7,0,-1,0,-2,0,-2
22264,22264,1503610540777,2,-6,0,2,1,1,-1,1
22265,22265,1503610540785,-3,-6,-7,-2,-2,-1,0,1
22266,22266,1503610540800,2,5,2,-3,1,0,-2,-5
22267,22267,1503610540808,3,4,3,-3,1,-1,-2,-1
22268,22268,1503610540817,-1,-2,0,-2,-1,-1,2,0
22269,22269,1503610540830,-3,-6,-13,-7,-4,-2,-2,-5
22270,22270,1503610540837,2,8,29,14,1,0,-1,-1
22271,22271,1503610540845,0,-3,-1,2,0,0,-1,0
22272,22272,1503610540860,-2,-6,-19,-10,-4,-1,-2,0
22273,22273,1503610540868,0,2,7,5,-1,1,-1,0
22274,22274,1503610540875,-1,-3,-7,-2,-3,-3,0,-1
22275,22275,1503610540891,1,1,-2,-6,-2,0,0,-2
22276,22276,1503610540897,1,-1,-9,-4,0,-1,-1,0
22277,22277,1503610540905,0,3,7,3,3,1,2,-6
22278,22278,1503610540920,-3,-6,-6,-5,0,0,-1,-2
22279,22279,1503610540921,1,4,11,7,2,2,0,0
22280,22280,1503610540928,-1,-7,-15,-6,-3,-1,-4,1
22281,22281,1503610540935,0,6,8,3,2,0,-1,-1
22282,22282,1503610540951,3,-6,0,5,5,4,4,9
22283,22283,1503610540957,-9,-5,-12,-8,-6,-4,-3,-7
22284,22284,1503610540966,-4,-4,-1,-2,-1,-5,-3,-2
22285,22285,1503610540987,-1,-5,-11,-3,-2,-4,-4,2
22286,22286,1503610540988,3,5,21,8,0,0,0,-4
22287,22287,1503610540995,-5,-6,1,-4,-5,1,-1,-4
22288,22288,1503610541010,-3,-11,-12,-3,-7,-3,-3,5
22289,22289,1503610541019,3,7,7,9,8,2,-1,7
22290,22290,1503610541026,-11,-7,-2,1,0,-1,1,-10
22291,22291,1503610541040,-3,-9,-21,-13,-8,-4,0,1
22292,22292,1503610541049,5,12,16,6,1,-1,2,-1
22293,22293,1503610541055,2,1,-1,-3,3,-2,0,0
22294,22294,1503610541070,-1,3,-7,-6,-2,-2,-6,-1
22295,22295,1503610541077,3,-2,2,2,-3,3,0,3
22296,22296,1503610541090,0,2,-5,-6,0,3,3,6
22297,22297,1503610541100,2,1,-7,3,-1,-2,0,-5
22298,22298,1503610541108,2,-13,-6,1,-1,-2,-2,-8
22299,22299,1503610541115,-3,-10,-3,-1,1,0,-2,-6
22300,22300,1503610541130,-3,-11,-8,-4,-2,-1,0,4
22301,22301,1503610541137,-1,3,-1,0,-3,-2,-2,-2
22302,22302,1503610541145,-3,-5,-3,1,-1,-2,-1,-11
22303,22303,1503610541160,-13,-34,-1,3,2,0,0,4
22304,22304,1503610541168,3,31,0,-1,-3,-2,-4,-2
22305,22305,1503610541175,9,20,25,4,4,1,3,5
22306,22306,1503610541190,-2,-6,1,0,-1,-1,0,1
22307,22307,1503610541197,0,8,-6,-2,-2,-1,-1,-1
22308,22308,1503610541205,-2,4,-4,-4,-1,-1,1,2
22309,22309,1503610541221,2,4,7,3,3,0,-4,-5
22310,22310,1503610541228,1,4,8,4,1,-1,0,-4
22311,22311,1503610541235,0,3,-10,-6,-3,1,-1,-3
22312,22312,1503610541250,-1,-1,5,0,1,0,-3,2
22313,22313,1503610541258,1,5,4,1,-1,1,-1,-2
22314,22314,1503610541265,-2,-16,-9,-5,-1,0,0,0
22315,22315,1503610541280,1,6,2,-2,0,-3,0,0
22316,22316,1503610541288,-8,-18,6,4,-1,0,0,-3
22317,22317,1503610541295,0,-7,-3,1,0,1,-2,0
22318,22318,1503610541296,-4,-6,-2,-1,-4,-1,-1,-1
22319,22319,1503610541310,3,7,-12,-5,-3,-1,0,0
22320,22320,1503610541317,1,11,15,5,4,1,-2,-2
22321,22321,1503610541326,-3,-2,0,-1,1,1,1,0
22322,22322,1503610541340,-3,-10,-12,-7,-5,-3,-2,-5
22323,22323,1503610541348,4,3,-8,-8,-3,-3,-1,2
22324,22324,1503610541355,-3,-12,-1,4,6,2,1,4
22325,22325,1503610541370,0,18,21,3,1,-1,0,4
22326,22326,1503610541371,-6,-4,-11,-5,-3,-2,-2,-5
22327,22327,1503610541377,2,-3,-7,-6,-5,-2,-1,0
22328,22328,1503610541392,6,15,-1,-5,2,1,2,5
22329,22329,1503610541400,-3,4,3,1,-3,-2,-1,-7
22330,22330,1503610541408,-3,-4,-3,-4,-3,-1,-3,-5
22331,22331,1503610541422,3,7,1,0,1,-1,1,7
22332,22332,1503610541432,0,-4,9,7,3,-1,1,5
22333,22333,1503610541437,-1,-7,-3,-3,-2,0,7,5
22334,22334,1503610541452,6,10,8,7,1,-1,-7,4
22335,22335,1503610541460,-7,2,-1,-1,0,0,-3,-26
22336,22336,1503610541461,3,7,-4,-4,-3,-2,-4,0
22337,22337,1503610541468,-11,-13,-9,0,-1,-1,1,-5
22338,22338,1503610541483,-2,2,15,7,2,0,0,-3
22339,22339,1503610541490,1,-5,2,7,1,0,-1,-7
22340,22340,1503610541491,4,5,0,-2,-1,-3,-3,3
22341,22341,1503610541497,0,-2,-7,-2,-1,1,1,5
22342,22342,1503610541512,0,10,9,5,-2,-1,-1,-2
22343,22343,1503610541523,-4,-9,-10,-7,-5,-4,-2,-10
22344,22344,1503610541529,-4,-2,-3,-2,-4,-1,-1,-8
22345,22345,1503610541542,-7,-6,-1,0,-4,-1,-4,-5
22346,22346,1503610541560,2,3,0,2,2,-1,-1,5
22347,22347,1503610541573,-2,5,-3,-5,-5,-3,-2,-9
22348,22348,1503610541580,1,19,5,4,1,0,-3,-3
23067,23067,1503610548540,-2,16,10,0,2,1,2,1
23068,23068,1503610548547,1,-3,-8,-2,-2,-2,-4,-3
23069,23069,1503610548555,2,2,2,1,-4,-4,0,-5
23070,23070,1503610548556,-3,-18,-14,-4,-1,0,-1,0
23071,23071,1503610548576,-1,5,-1,-3,0,-2,0,-2
23072,23072,1503610548577,-4,-3,-3,-3,-2,-1,0,-1
23073,23073,1503610548583,8,1,6,-2,1,0,-3,0
23074,23074,1503610548585,-16,-23,3,6,2,-1,-3,-6
23075,23075,1503610548600,-5,-4,-7,-2,-4,-1,-1,-1
23076,23076,1503610548608,3,17,-2,-5,-2,-1,1,-1
23077,23077,1503610548615,5,13,3,0,1,1,4,5
23078,23078,1503610548629,1,3,-5,3,1,-1,0,-2
23079,23079,1503610548639,-4,-14,0,1,-3,-4,-6,-7
23080,23080,1503610548645,1,4,0,-6,-1,0,2,7
23081,23081,1503610548659,-1,-9,-2,3,1,0,-1,-2
23082,23082,1503610548667,1,-5,-5,-1,-2,0,3,4
23083,23083,1503610548675,-5,-12,-14,-7,-3,1,2,4
23084,23084,1503610548689,-6,-7,7,-1,-1,-1,-2,-4
23085,23085,1503610548697,4,-5,-1,2,3,1,0,1
23086,23086,1503610548705,1,-9,-11,-4,-2,0,-2,-2
23087,23087,1503610548720,-1,9,-3,-2,-2,0,2,2
23088,23088,1503610548727,10,8,-2,-4,0,0,0,1
23089,23089,1503610548735,-7,-1,-14,-11,-3,0,3,3
23090,23090,1503610548749,-3,-6,-1,5,0,-6,-7,-11
23091,23091,1503610548757,2,8,11,2,-1,-1,-2,-5
23092,23092,1503610548764,1,5,3,-2,0,0,4,2
23093,23093,1503610548780,1,10,-5,-2,-2,-1,-2,-3
23094,23094,1503610548787,4,13,3,1,0,-2,0,-2
23095,23095,1503610548795,-2,-6,-7,-6,-1,-1,-3,-1
23096,23096,1503610548810,-1,-2,-2,-3,-4,-2,1,2
23097,23097,1503610548817,-1,0,11,9,2,2,-1,-5
23098,23098,1503610548824,-7,-16,-16,-10,-4,-2,0,1
23099,23099,1503610548840,-2,-5,-4,-1,-4,-3,-2,2
23100,23100,1503610548848,-4,-7,4,0,-1,-1,0,4
23101,23101,1503610548862,3,4,6,-1,0,-1,3,-1
23102,23102,1503610548869,2,1,-1,-1,0,-2,-6,-5
23103,23103,1503610548879,-4,-5,-7,-9,-2,-2,-4,-7
23104,23104,1503610548891,5,-2,6,3,0,0,1,2
23105,23105,1503610548899,-7,-18,-4,3,-3,-1,1,0
23106,23106,1503610548907,-4,3,0,-3,0,0,-4,-7
23107,23107,1503610548923,-1,-7,7,8,1,-1,0,0
23108,23108,1503610548929,-2,4,7,1,-1,0,3,2
23109,23109,1503610548941,3,-2,-4,-2,-2,-3,-1,-1
23110,23110,1503610548951,-2,7,3,3,2,2,-2,-1
23111,23111,1503610548959,-2,-1,-3,-3,-1,0,-1,2
23112,23112,1503610548967,1,4,-2,-3,-4,-1,-1,-1
23113,23113,1503610548983,-4,15,12,2,3,1,-6,-12
23114,23114,1503610548989,3,9,1,-1,2,1,1,8
23115,23115,1503610548997,-6,-14,-19,-5,-4,-3,-2,-3
23116,23116,1503610549012,-2,16,19,10,3,0,3,5
23117,23117,1503610549020,3,-1,4,-4,-2,-1,0,1
23118,23118,1503610549027,-8,-31,-42,-17,-7,-4,-4,-9
23119,23119,1503610549042,-6,-6,6,9,2,-1,2,4
23120,23120,1503610549050,-4,-12,-11,-5,-6,-1,-2,1
23121,23121,1503610549057,-4,10,5,3,3,1,-3,-6
23122,23122,1503610549071,3,3,13,8,7,-1,-4,-6
23123,23123,1503610549079,0,4,2,0,0,1,-3,-2
23124,23124,1503610549087,-6,5,-3,0,-1,0,1,-4
23125,23125,1503610549102,1,5,9,3,0,-1,-3,-3
23126,23126,1503610549109,-4,-8,-5,-4,-3,1,-2,-1
23127,23127,1503610549117,3,8,7,3,-1,-1,0,5
23128,23128,1503610549131,5,-13,-7,-10,-4,-3,-1,-2
23129,23129,1503610549142,1,-11,-5,-1,-1,0,0,5
23130,23130,1503610549147,3,-10,7,4,3,-1,0,0
23131,23131,1503610549162,23,1,-13,-11,-4,-3,0,8
23132,23132,1503610549169,30,24,-3,-2,1,-1,0,4
23133,23133,1503610549180,-18,3,21,8,2,1,0,-6
23134,23134,1503610549191,-6,-10,-3,-2,-2,-1,-2,-9
23135,23135,1503610549199,-1,-3,-12,-5,-1,-2,-2,-3
23136,23136,1503610549210,-11,-4,-4,2,-2,-3,-1,-1
23137,23137,1503610549229,-6,-2,-2,3,0,0,-2,-3
23138,23138,1503610549230,7,-11,0,3,4,2,3,4
23139,23139,1503610549237,6,-2,-5,-7,-2,1,2,0
23140,23140,1503610549251,-2,13,5,4,1,-1,-2,-7
23141,23141,1503610549260,1,0,-5,-5,-2,1,2,1
23142,23142,1503610549267,-6,-3,2,2,-2,0,0,5
23143,23143,1503610549282,-2,0,-1,2,1,-1,-1,-7
23144,23144,1503610549289,19,18,19,1,-2,-1,0,1
23145,23145,1503610549297,-8,-8,0,4,-3,-1,1,11
23146,23146,1503610549311,-28,-21,-9,-6,-3,-1,-2,-5
23147,23147,1503610549320,2,2,6,3,-1,-1,2,0
23148,23148,1503610549327,26,0,-10,-5,-5,-1,-1,-4
23149,23149,1503610549345,8,7,10,12,7,0,-2,0
23150,23150,1503610549349,-20,-11,-10,-4,-1,-1,-2,2
23151,23151,1503610549357,19,14,-21,-15,-7,-3,0,6
23152,23152,1503610549371,-4,-1,4,6,4,2,0,2
23153,23153,1503610549380,-17,-14,-16,-10,-1,1,1,1
23154,23154,1503610549387,11,1,-9,-6,-5,-3,-1,5
23155,23155,1503610549402,18,2,3,-2,-2,-2,-1,-9
23156,23156,1503610549410,-24,-6,-3,1,0,-2,-2,-9
23157,23157,1503610549418,5,-3,10,-1,-3,-2,-1,8
23158,23158,1503610549431,1,2,0,-4,-1,-2,0,0
23581,23581,1503610553520,-8,8,0,-2,-2,-3,-2,-1
23582,23582,1503610553534,13,-5,-5,-2,-3,-1,0,19
23583,23583,1503610553542,4,-2,-1,0,-1,0,2,5
23584,23584,1503610553549,-1,3,4,4,4,1,1,6
23585,23585,1503610553564,8,3,12,12,1,1,1,13
23586,23586,1503610553574,0,-5,-13,-2,-3,-1,1,12
23587,23587,1503610553580,9,3,-1,-6,-1,-1,-2,-7
23588,23588,1503610553594,14,-1,-6,-3,-4,0,2,20
23589,23589,1503610553602,-12,-6,2,-4,-5,-5,-10,-25
23590,23590,1503610553609,5,5,-3,-5,-3,-2,2,0
23591,23591,1503610553626,13,-14,-12,-7,-5,0,8,30
23592,23592,1503610553632,-21,-11,12,8,-1,0,-2,-18
23593,23593,1503610553641,-16,36,36,9,4,0,-2,3
23594,23594,1503610553654,14,5,18,6,1,-2,2,8
23595,23595,1503610553662,-2,14,4,-1,-2,-4,-5,-16
23596,23596,1503610553672,-1,-13,-17,-5,1,-1,-2,-9
23597,23597,1503610553684,8,-17,-20,-6,-2,-1,-4,-10
23598,23598,1503610553691,1,2,20,7,0,1,-1,-7
23599,23599,1503610553692,-16,7,-1,-6,-4,-4,-1,-3
23600,23600,1503610553700,5,31,9,4,0,-1,2,5
23601,23601,1503610553714,-15,-7,-7,-3,-2,-1,-2,-6
23602,23602,1503610553722,-2,-11,-11,-4,-3,0,-4,-4
23603,23603,1503610553729,3,8,3,0,-1,1,-3,-8
23604,23604,1503610553744,-10,-19,-8,-1,0,-2,-7,-23
23605,23605,1503610553752,-6,-3,-4,-3,-2,-2,-3,-12
23606,23606,1503610553760,5,-7,-9,-3,-1,1,3,22
23607,23607,1503610553776,24,48,27,6,3,0,0,12
23608,23608,1503610553782,18,23,-3,-1,-1,-1,4,12
23609,23609,1503610553789,-8,-54,-28,-6,-3,-3,-2,-5
23610,23610,1503610553804,3,-8,-2,-1,0,1,4,3
23611,23611,1503610553812,-10,-2,-1,1,0,-2,-5,-15
23612,23612,1503610553820,-6,-11,-2,0,1,-1,-4,0
23613,23613,1503610553834,9,16,0,0,-1,2,1,1
23614,23614,1503610553842,3,0,4,-2,-2,0,0,-5
23615,23615,1503610553850,18,4,-8,-8,-4,-2,-1,17
23616,23616,1503610553864,-13,-1,6,6,5,3,2,-7
23617,23617,1503610553872,-6,-2,-2,1,1,-1,-2,-5
23618,23618,1503610553880,-11,-12,-9,-4,-3,-1,-3,-1
23619,23619,1503610553894,-9,7,-3,-4,-2,-1,-3,-30
23620,23620,1503610553901,10,4,3,-1,1,-1,0,-5
23621,23621,1503610553910,13,11,12,3,0,0,1,5
23622,23622,1503610553924,-12,-8,-1,-3,0,0,-3,-9
23623,23623,1503610553931,-12,-19,-3,-2,-2,-1,-6,-1
23624,23624,1503610553942,0,-4,6,5,3,0,1,4
23625,23625,1503610553954,-10,11,4,3,1,1,5,9
23626,23626,1503610553962,-7,-1,-7,-3,-4,-2,0,-8
23627,23627,1503610553970,-6,-2,-3,-3,0,0,4,-1
23628,23628,1503610553985,-1,6,4,1,-1,1,-3,-2
23629,23629,1503610553991,9,1,-3,-1,-2,-1,0,0
23630,23630,1503610554000,-2,-12,-5,3,-2,1,2,18
23631,23631,1503610554014,-8,-17,-6,5,4,0,0,4
23632,23632,1503610554022,-15,-3,-6,1,0,-2,-3,-14
23633,23633,1503610554029,7,8,-10,-4,1,-1,-3,1
23634,23634,1503610554044,-5,-7,-6,-7,-4,-2,-1,-7
23635,23635,1503610554052,-5,-7,-9,-5,-6,-3,-4,1
23636,23636,1503610554060,0,-4,0,0,1,0,-3,-5
23637,23637,1503610554076,2,-2,4,4,0,-1,-4,9
23638,23638,1503610554082,-2,2,-6,-4,-3,-2,-3,-7
23639,23639,1503610554089,-12,-2,3,1,2,-1,1,-1
23640,23640,1503610554104,1,-19,-4,-2,0,-2,-1,-1
23641,23641,1503610554112,-9,-18,6,-2,0,1,0,-7
23642,23642,1503610554120,5,30,13,0,0,0,-1,2
23643,23643,1503610554133,0,-3,-3,-3,-4,-1,2,12
23644,23644,1503610554149,14,-3,-5,-5,-2,-1,4,15
23645,23645,1503610554150,-18,-1,-7,-3,-3,-2,0,11
23646,23646,1503610554164,-25,1,1,0,-1,2,5,5
23647,23647,1503610554172,-5,-1,-3,-1,-4,-1,-4,-7
23648,23648,1503610554180,2,-18,0,6,1,-2,-2,2
23649,23649,1503610554194,4,4,6,0,0,0,1,7
23650,23650,1503610554201,-2,4,-8,-9,-5,-2,1,14
23651,23651,1503610554202,-3,8,12,4,1,-1,-3,-9
23652,23652,1503610554211,21,8,4,3,0,-1,-1,4
23653,23653,1503610554224,-13,-8,-6,-1,0,0,-5,-11
23654,23654,1503610554231,4,7,-2,0,-1,-2,1,-5
23655,23655,1503610554240,-1,7,-1,0,-2,0,1,2
23656,23656,1503610554255,17,-3,-8,-4,-2,-3,-5,-8
23657,23657,1503610554261,18,4,-4,-3,0,-1,-1,19
23658,23658,1503610554269,-2,5,7,-1,0,0,3,-3
23659,23659,1503610554284,-13,-15,-3,1,0,0,-2,-12
23660,23660,1503610554285,-8,9,3,0,-1,1,4,5
23661,23661,1503610554292,-7,-2,11,2,1,3,1,2
23662,23662,1503610554300,9,42,18,8,2,0,-4,-18
23663,23663,1503610554317,1,-5,-14,-10,-5,-2,3,11
23664,23664,1503610554322,15,-23,-8,-5,-3,-1,0,-5
23665,23665,1503610554329,-22,-3,1,-2,-2,-3,-7,-3
23666,23666,1503610554352,-7,-9,-11,-4,-2,-1,-3,-15
23667,23667,1503610554353,-20,-18,-2,1,1,1,0,-24
23668,23668,1503610554359,10,2,-3,-4,-3,-1,-2,4
23669,23669,1503610554374,0,-10,-1,1,-1,1,1,8
23670,23670,1503610554384,7,-26,-18,-7,-4,1,0,5
23671,23671,1503610554389,-17,-12,1,6,3,3,-3,-13
23672,23672,1503610554405,-12,-13,-1,0,1,-1,0,-1
23673,23673,1503610554412,18,-4,-6,-2,-4,-2,1,-1
23674,23674,1503610554421,3,16,9,5,1,0,-1,3
23675,23675,1503610554434,3,0,1,0,-1,1,1,9
23676,23676,1503610554442,-12,5,1,-2,-1,-2,-2,0
23677,23677,1503610554463,13,5,0,-4,-1,-1,-4,-17
23678,23678,1503610554465,5,6,-2,-1,0,-1,1,7
23679,23679,1503610554472,15,41,14,6,1,1,3,0
23680,23680,1503610554487,1,1,-8,-8,-3,-1,2,-4
23681,23681,1503610554494,13,6,-4,-6,-4,-4,1,23
23682,23682,1503610554502,-9,-1,1,3,2,2,1,2
23683,23683,1503610554517,-4,17,-1,-1,-1,1,0,-6
23684,23684,1503610554524,-25,-25,-8,0,-2,-5,-9,-37
23685,23685,1503610554531,-20,-17,-5,1,1,-3,-3,-6
23686,23686,1503610554547,-7,3,6,3,2,-2,-5,0
23687,23687,1503610554554,6,-9,-11,-8,-5,-3,-2,4
23688,23688,1503610554561,-3,-1,1,-2,1,1,-1,5
23689,23689,1503610554576,-9,-19,-8,0,2,2,0,-7
23690,23690,1503610554585,4,-3,-10,-5,-6,0,0,-1
23691,23691,1503610554591,-15,22,11,2,1,0,-4,-17
23692,23692,1503610554607,-7,-1,8,5,0,-1,-4,-11
23693,23693,1503610554618,-2,-17,-5,-3,-2,0,1,17
23694,23694,1503610554622,6,-27,-21,-11,-1,0,4,3
23695,23695,1503610554636,12,12,3,1,1,1,0,1
23696,23696,1503610554645,11,-2,-1,1,-1,-1,4,15
23697,23697,1503610554652,10,-3,-1,-1,-3,-4,-1,3
23698,23698,1503610554666,0,-1,-6,-7,-5,-3,-3,1
24217,24217,1503610559758,-1,0,-1,-7,-2,0,-1,-7
24218,24218,1503610559766,-4,-3,-8,-3,0,-1,0,7
24219,24219,1503610559774,-8,-3,9,8,2,-1,-5,-4
24220,24220,1503610559789,-2,-4,-6,-4,-3,-3,-4,0
24221,24221,1503610559796,-5,-8,2,3,-1,-1,-2,-2
24222,24222,1503610559804,1,2,5,3,-3,-1,-2,-4
24223,24223,1503610559819,4,-1,-3,-1,-6,-3,1,7
24224,24224,1503610559826,-2,0,-4,2,4,2,2,-3
24225,24225,1503610559834,-7,5,-8,-2,0,-1,0,-5
24226,24226,1503610559850,-4,-17,-14,-9,-6,-2,7,6
24227,24227,1503610559856,17,12,4,9,7,-1,1,1
24228,24228,1503610559864,-5,6,7,5,2,2,-3,-16
24229,24229,1503610559878,2,-14,-13,-7,-6,-4,-8,-9
24230,24230,1503610559887,9,14,18,4,0,4,10,20
24231,24231,1503610559894,-6,-9,-4,-4,-3,1,-3,-2
24232,24232,1503610559909,-2,16,16,4,0,0,-1,3
24233,24233,1503610559917,2,-2,0,2,-6,-3,-1,4
24234,24234,1503610559929,-2,-9,-25,-11,-1,-2,-2,-11
24235,24235,1503610559930,-5,-5,5,5,3,-1,2,0
24236,24236,1503610559938,-9,-9,4,2,0,-1,1,-6
24237,24237,1503610559946,-1,8,-8,-10,-9,-5,-6,-7
24238,24238,1503610559956,-2,4,5,3,2,1,3,1
24239,24239,1503610559969,8,-4,-10,-3,4,0,-13,-13
24240,24240,1503610559976,-6,-4,2,1,1,1,6,14
24241,24241,1503610559985,-1,-9,-9,-5,-3,-4,0,3
24242,24242,1503610559998,-5,6,4,-2,-2,-1,-3,-7
24243,24243,1503610560007,-18,-11,-5,-3,-4,-4,-7,-8
24244,24244,1503610560014,1,-3,-4,-4,-1,-2,-5,-3
24245,24245,1503610560029,5,0,1,2,1,1,3,6
24246,24246,1503610560036,0,5,-6,-5,-2,-2,-1,3
24247,24247,1503610560051,8,-2,-5,2,3,-1,0,3
24248,24248,1503610560061,10,8,7,3,2,-1,-18,-10
24249,24249,1503610560066,-3,0,-6,-9,-4,-4,3,1
24250,24250,1503610560080,-1,-1,-1,-2,-4,-2,4,7
24251,24251,1503610560089,2,-4,-4,-5,-5,0,-1,3
24252,24252,1503610560096,0,3,4,4,6,4,9,1
24253,24253,1503610560111,-2,-2,0,3,1,2,6,3
24254,24254,1503610560119,-3,-3,-2,-5,-6,-3,-2,2
24255,24255,1503610560127,-3,1,1,1,3,0,3,3
24256,24256,1503610560141,-2,-1,0,-1,0,5,9,3
24257,24257,1503610560149,4,-2,-2,-4,1,0,0,5
24258,24258,1503610560157,-5,-6,-1,3,2,2,7,3
24259,24259,1503610560171,-3,-2,4,-1,-5,-1,-3,-6
24260,24260,1503610560178,1,3,-3,0,2,-2,-2,2
24261,24261,1503610560189,-2,-4,-2,2,4,0,-5,-6
24262,24262,1503610560201,-4,-6,-7,-8,-3,-6,-3,0
24263,24263,1503610560209,-1,6,20,13,2,-1,4,-6
24264,24264,1503610560218,-5,8,-9,-2,-3,-1,-3,-14
24265,24265,1503610560231,0,-12,-3,0,-3,-4,-4,-1
24266,24266,1503610560238,-10,14,15,-2,-4,-3,-11,-15
24267,24267,1503610560246,0,0,4,3,-1,-3,-5,1
24268,24268,1503610560261,5,-3,-11,-9,-5,0,2,4
24269,24269,1503610560269,2,2,13,4,-1,3,1,-2
24270,24270,1503610560276,1,-10,-12,-2,2,-1,-1,3
24271,24271,1503610560291,0,-1,-7,-4,0,1,0,6
24272,24272,1503610560298,3,1,2,3,2,-1,-1,-2
24273,24273,1503610560306,6,30,4,-3,0,-3,0,4
24274,24274,1503610560321,-5,-9,-4,1,-1,1,0,-5
24275,24275,1503610560329,-3,-8,-1,-5,-6,1,3,0
24276,24276,1503610560336,8,8,6,9,5,3,2,3
24277,24277,1503610560357,-2,-3,-30,-6,-4,-3,-8,-5
24278,24278,1503610560358,0,-7,-7,-5,-4,-1,-1,5
24279,24279,1503610560366,-14,-41,-29,-10,-4,-1,-1,-2
24280,24280,1503610560381,3,8,6,-1,-3,-3,-2,-2
24281,24281,1503610560389,-3,-4,-5,-2,-1,0,4,5
24282,24282,1503610560397,-1,-4,4,0,-1,-4,-7,-1
24283,24283,1503610560411,-6,17,15,4,0,0,2,-3
24284,24284,1503610560424,3,-10,-4,-3,-2,-1,-8,-2
24285,24285,1503610560426,9,28,6,6,5,2,-1,3
24286,24286,1503610560441,-15,-3,2,3,2,-1,0,-27
24287,24287,1503610560449,1,9,9,0,-1,-2,-8,-8
24288,24288,1503610560457,5,-1,-8,-1,2,0,1,7
24289,24289,1503610560471,0,-7,-3,0,0,-1,0,-11
24290,24290,1503610560478,0,-1,-1,0,-1,0,-1,-5
24291,24291,1503610560488,0,-4,-3,-2,0,-3,-6,-7
24292,24292,1503610560501,-4,3,17,11,7,4,3,8
24293,24293,1503610560509,-11,-14,-5,-6,-2,1,3,-11
24294,24294,1503610560516,12,0,-10,-9,-7,-3,-3,-4
24295,24295,1503610560531,6,0,10,6,2,-1,3,6
24296,24296,1503610560538,11,8,-9,-7,-4,0,6,17
24297,24297,1503610560546,-3,-7,-3,-3,-3,-1,1,8
24298,24298,1503610560561,0,21,10,4,1,-2,3,7
24299,24299,1503610560569,-3,-6,-1,-5,-4,-1,-3,-2
24300,24300,1503610560576,-2,-14,-11,-6,-5,-5,-12,0
24301,24301,1503610560592,-2,16,5,4,1,-2,-7,-9
24302,24302,1503610560598,-11,-18,1,-3,-3,-1,3,0
24303,24303,1503610560606,-1,-14,-11,4,9,-2,2,6
24304,24304,1503610560624,2,8,4,1,2,-1,-3,-1
24305,24305,1503610560630,-9,-10,-8,-9,-8,-1,3,5
24306,24306,1503610560636,-7,-3,4,3,0,0,1,-4
24307,24307,1503610560651,0,3,-2,-6,-4,0,5,11
24308,24308,1503610560659,1,-4,-2,-1,-3,0,-3,5
24309,24309,1503610560666,6,70,55,11,6,5,4,8
24310,24310,1503610560680,0,1,-9,-12,-7,-2,5,12
24311,24311,1503610560690,-6,-22,-11,-2,1,0,-1,-1
24312,24312,1503610560696,0,19,11,5,3,0,-3,-12
24313,24313,1503610560711,-7,-25,-24,-7,-7,-1,-8,-19
24314,24314,1503610560718,8,-19,-15,-2,-2,-3,-2,4
24315,24315,1503610560727,20,17,2,1,-3,-1,-1,10
24316,24316,1503610560741,3,21,22,9,7,3,3,-3
24317,24317,1503610560749,-8,-22,-13,-3,-1,-1,2,-1
24318,24318,1503610560758,-16,-18,-17,-11,-5,-3,-3,-4
24319,24319,1503610560772,9,3,8,12,6,-1,-6,-5
24320,24320,1503610560778,-3,-12,-7,-3,-3,-3,2,-9
24321,24321,1503610560787,0,-8,-12,-10,-4,-3,-1,2
24322,24322,1503610560801,-11,-10,0,0,-2,0,12,-2
24323,24323,1503610560809,-3,-13,-6,-1,4,1,3,5
24324,24324,1503610560816,2,-1,3,2,1,-1,-3,3
24964,24964,1503610566996,2,5,7,2,-3,-1,1,8
24965,24965,1503610567011,3,11,2,-7,-9,-1,1,6
24966,24966,1503610567018,-10,-5,-7,0,0,-2,-2,-13
24967,24967,1503610567026,0,1,9,-2,1,2,7,22
24968,24968,1503610567027,-2,6,14,9,2,2,1,4
24969,24969,1503610567034,16,2,-10,-6,-3,-4,-3,7
24970,24970,1503610567049,-2,-8,3,-2,-1,0,0,14
24971,24971,1503610567056,2,0,-1,5,1,-1,-2,15
24972,24972,1503610567071,3,0,-4,-1,2,0,-1,-7
24973,24973,1503610567078,-1,9,33,12,8,0,-3,-7
24974,24974,1503610567086,-3,0,-2,4,0,-2,-2,1
24975,24975,1503610567093,-5,-9,0,-1,1,3,2,9
24976,24976,1503610567094,-7,-1,-8,1,-4,-2,3,-5
24977,24977,1503610567109,-1,-11,-19,-9,-6,-3,-4,-30
24978,24978,1503610567116,0,-1,-3,-2,6,1,3,8
24979,24979,1503610567131,4,2,4,5,-1,0,6,39
24980,24980,1503610567145,-2,-9,-15,-4,-5,-1,-5,-5
24981,24981,1503610567147,-7,-1,7,7,3,0,-3,-13
24982,24982,1503610567161,1,11,-6,-10,-4,-1,-2,-2
24983,24983,1503610567169,10,18,4,0,1,0,-3,-13
24984,24984,1503610567176,-36,-14,-5,-1,-1,-1,-1,-16
24985,24985,1503610567191,-7,-3,-10,4,-4,-1,0,-8
24986,24986,1503610567202,23,15,25,7,2,1,3,12
24987,24987,1503610567206,-5,-7,-1,-5,-4,-1,-1,-3
24988,24988,1503610567214,-3,1,0,-4,1,-1,-1,-5
24989,24989,1503610567229,-9,0,10,6,3,0,-6,-28
24990,24990,1503610567236,1,-5,-10,-8,-4,0,0,9
24991,24991,1503610567251,6,15,2,-5,1,-2,0,14
24992,24992,1503610567258,10,4,23,5,1,0,1,-1
24993,24993,1503610567268,0,-19,-21,-12,-9,-5,0,9
24994,24994,1503610567274,11,24,23,11,5,2,2,3
24995,24995,1503610567289,-10,-6,2,0,0,-1,-2,-3
24996,24996,1503610567296,-4,-17,-24,-8,-4,-2,-3,-5
24997,24997,1503610567312,-7,-11,7,5,5,0,-1,-2
24998,24998,1503610567318,7,-8,-22,-17,-7,-4,-2,11
24999,24999,1503610567326,21,7,-4,-1,1,1,-1,-14
25000,25000,1503610567337,-19,7,5,0,-1,-2,-9,-23
25001,25001,1503610567349,-31,13,1,-3,-4,-1,1,5
25002,25002,1503610567356,6,-3,14,7,2,3,3,15
25003,25003,1503610567364,-9,-7,1,-2,-3,0,-4,-11
25004,25004,1503610567379,-1,20,-4,-5,-4,-4,-1,1
25005,25005,1503610567386,13,11,16,15,7,1,3,11
25006,25006,1503610567394,-11,-26,-17,-1,0,-1,-2,-11
25007,25007,1503610567410,-1,5,-5,-2,-1,-1,0,-4
25008,25008,1503610567416,-4,-28,-36,-11,-8,-3,-4,-9
25009,25009,1503610567424,-5,8,30,6,3,0,1,4
25010,25010,1503610567439,0,6,18,14,6,1,3,0
25011,25011,1503610567447,-13,-8,-13,-9,-6,-3,0,-12
25012,25012,1503610567454,0,1,-3,-4,-5,0,0,1
25013,25013,1503610567471,6,3,-4,-8,2,1,-3,-3
25014,25014,1503610567476,-22,-20,-8,-2,0,-2,-3,-6
25015,25015,1503610567477,2,-14,-18,-10,-5,-4,-1,1
25016,25016,1503610567484,12,-2,13,4,-2,-1,2,8
25017,25017,1503610567498,6,5,-2,-6,-3,-4,-2,-2
25018,25018,1503610567507,9,-2,-16,-9,-9,-2,-1,-1
25019,25019,1503610567521,-8,0,1,2,-1,0,1,-1
25020,25020,1503610567529,-5,1,-2,-4,4,2,-1,-2
25021,25021,1503610567537,-17,10,17,7,3,2,-1,-1
25022,25022,1503610567551,-1,-9,-14,-8,-6,-2,-3,4
25023,25023,1503610567558,3,0,-11,-7,-5,0,-1,-3
25024,25024,1503610567566,1,10,25,15,5,0,0,1
25025,25025,1503610567581,7,1,-1,0,-2,-1,0,-1
25026,25026,1503610567589,5,-12,-21,-10,-6,-3,-5,-1
25027,25027,1503610567596,-2,-9,4,6,1,-3,0,-5
25028,25028,1503610567612,-2,4,3,3,3,2,3,-2
25029,25029,1503610567618,-7,-7,-8,-7,1,0,-1,-5
25030,25030,1503610567627,-15,-1,7,7,1,0,-6,-6
25031,25031,1503610567641,8,2,-4,1,0,1,-2,1
25032,25032,1503610567649,6,-1,-16,-6,-3,-2,1,6
25033,25033,1503610567656,4,9,9,6,2,-1,-1,7
25034,25034,1503610567671,-2,-6,-8,-4,-3,-4,-4,-4
25035,25035,1503610567679,14,5,4,4,0,1,6,38
25036,25036,1503610567686,0,3,13,3,8,1,1,1
25037,25037,1503610567701,-5,-5,-7,-6,-2,-1,-1,-5
25038,25038,1503610567709,-17,-11,-16,-9,-6,-4,-4,-1
25039,25039,1503610567716,-3,-7,20,13,8,5,3,-10
25040,25040,1503610567731,2,-19,-31,-17,-7,-2,-1,-5
25041,25041,1503610567739,3,17,2,-2,-4,-2,-5,-1
25042,25042,1503610567740,1,-2,-15,-11,-4,-1,0,-4
25043,25043,1503610567746,10,-3,8,4,0,-1,2,15
25044,25044,1503610567766,3,7,4,1,2,-1,-5,-5
25045,25045,1503610567771,-1,-2,-9,0,-2,2,-1,1
25046,25046,1503610567776,0,8,10,7,3,0,0,-4
25047,25047,1503610567791,0,1,0,5,-1,-1,-1,-10
25048,25048,1503610567798,-4,0,11,4,5,1,0,-3
25049,25049,1503610567807,-4,-4,9,0,4,1,1,5
25050,25050,1503610567821,-1,-15,-19,-6,-4,-1,-3,-1
25051,25051,1503610567829,-5,-40,-19,-7,-3,0,-1,2
25394,25394,1503610571218,7,-1,-4,-1,-2,0,1,5
25395,25395,1503610571226,-9,-5,-1,-2,-1,0,-2,-1
25396,25396,1503610571241,-7,-3,-3,3,2,1,-1,-8
25397,25397,1503610571247,1,-4,-7,-1,-3,-2,0,5
25398,25398,1503610571256,6,7,6,4,0,1,3,10
25399,25399,1503610571271,-8,0,8,8,6,2,3,2
25400,25400,1503610571279,4,2,-3,-1,-1,-2,2,9
25401,25401,1503610571286,-10,-10,-1,-2,-2,-2,-3,-6
25402,25402,1503610571301,-2,3,4,0,-1,0,-1,2
25403,25403,1503610571307,-5,3,6,7,5,3,1,-4
25404,25404,1503610571308,-10,-6,1,-4,-4,-1,-2,-8
25405,25405,1503610571316,1,-8,-14,-8,-4,-2,-2,-2
25406,25406,1503610571330,4,3,23,12,6,2,-2,-7
25407,25407,1503610571338,6,-8,3,2,1,1,2,1
25408,25408,1503610571346,6,2,-12,-7,-7,-4,0,1
25409,25409,1503610571364,3,0,-5,-2,1,-2,-8,-10
25410,25410,1503610571368,-6,-1,0,1,0,0,0,-1
25411,25411,1503610571376,-10,-6,-7,-4,-3,-1,0,-6
25412,25412,1503610571390,2,-3,-13,-6,2,-3,-7,-1
25413,25413,1503610571398,0,3,-2,-5,-5,1,4,8
25414,25414,1503610571406,1,-10,-2,3,-1,2,4,8
25415,25415,1503610571421,6,-17,-1,2,-1,-2,-3,3
25416,25416,1503610571430,-15,-15,-15,-4,-2,-1,3,7
25417,25417,1503610571438,-8,6,12,1,1,2,2,0
25418,25418,1503610571450,5,7,1,0,1,0,-2,-7
25419,25419,1503610571458,14,3,-4,-3,-4,-6,0,5
25420,25420,1503610571466,1,-7,2,-1,-1,3,2,5
25421,25421,1503610571481,-6,2,1,4,15,18,3,2
25422,25422,1503610571487,-13,-8,-8,-5,-5,-5,-6,-14
25423,25423,1503610571497,-6,-1,3,2,-6,-9,-4,-3
25424,25424,1503610571510,9,2,4,-2,-2,-4,-1,18
25425,25425,1503610571518,-13,4,-4,-1,-4,-6,-8,-13
25426,25426,1503610571526,2,9,4,-1,-2,-5,2,2
25427,25427,1503610571542,2,2,1,-1,3,1,2,0
25428,25428,1503610571547,7,1,4,1,0,0,-5,-20
25429,25429,1503610571556,-6,-3,1,-2,1,-1,-3,-9
25430,25430,1503610571572,1,6,-2,-4,-5,2,5,5
25431,25431,1503610571578,6,5,6,2,0,-3,6,22
25432,25432,1503610571586,-6,2,-3,-3,2,1,-3,-3
25433,25433,1503610571601,-37,-8,-7,-1,-5,-4,-3,-16
25434,25434,1503610571608,-2,0,-3,-2,2,2,3,3
25435,25435,1503610571616,5,-1,-1,0,1,2,2,9
25436,25436,1503610571632,-32,-32,-9,-7,-2,-3,-3,-14
25437,25437,1503610571638,-11,-6,8,2,-3,-1,-6,-20
25438,25438,1503610571646,5,1,17,5,0,-2,-2,4
25439,25439,1503610571661,-6,20,13,1,-1,-1,-3,-20
25440,25440,1503610571670,30,14,-15,-4,-2,-2,-1,10
25441,25441,1503610571676,8,-1,-5,-2,-3,-2,0,2
25442,25442,1503610571701,18,-6,-6,-3,0,2,7,32
25443,25443,1503610571706,0,3,-2,0,1,3,0,-5
25444,25444,1503610571721,-25,-4,-1,-1,0,-1,0,0
25445,25445,1503610571727,-9,0,7,1,-3,-3,-2,-20
25446,25446,1503610571736,-21,-25,15,12,2,1,-6,-13
25447,25447,1503610571751,2,1,-5,-4,-1,0,1,12
25448,25448,1503610571758,24,-10,-19,-7,-4,-3,-2,-1
25449,25449,1503610571775,2,-14,-7,-2,-1,-2,1,7
25450,25450,1503610571781,5,7,-6,-2,-3,-1,-1,5
25451,25451,1503610571789,3,10,4,2,0,-1,-1,-19
25452,25452,1503610571796,10,4,-5,-2,-1,-1,0,7
25453,25453,1503610571811,2,12,2,-2,0,1,-2,-7
25454,25454,1503610571818,-18,6,4,0,1,0,-1,-4
25455,25455,1503610571835,1,-2,-4,2,-2,-2,-7,-22
25456,25456,1503610571842,20,14,2,-2,1,0,-2,-18
25457,25457,1503610571849,3,-6,0,1,-1,-4,0,5
25458,25458,1503610571856,14,9,4,2,-1,-1,-4,1
25459,25459,1503610571872,-7,5,-7,-3,-2,0,2,0
25460,25460,1503610571878,-6,5,5,2,1,0,3,7
25461,25461,1503610571894,-15,-37,-17,-2,-3,-2,-5,-21
25462,25462,1503610571901,14,4,-7,-3,-3,-2,0,10
25463,25463,1503610571909,-3,-1,2,0,2,1,4,11
25464,25464,1503610571916,-16,1,-9,-7,-3,-3,-5,-17
25465,25465,1503610571934,8,36,-8,-4,-1,1,6,43
25466,25466,1503610571939,31,6,3,3,-1,-3,3,31
25467,25467,1503610571954,9,-9,-7,-4,-4,-3,-4,-6
25468,25468,1503610571961,-6,-2,7,-3,0,2,-3,-9
25469,25469,1503610571970,-4,-7,1,-6,-2,-2,-5,-9
25470,25470,1503610571976,-7,-37,-28,-5,-3,-2,-2,-8
25471,25471,1503610571991,8,-8,4,0,-1,-2,-2,-3
25472,25472,1503610572001,-10,-16,-4,-5,0,0,1,-4
25473,25473,1503610572014,-3,4,13,6,3,2,4,8
25474,25474,1503610572021,11,7,1,1,0,-2,-2,-20
25475,25475,1503610572029,-7,1,2,0,-1,-2,-2,-9
25476,25476,1503610572036,-9,14,6,0,2,4,9,13
25477,25477,1503610572051,-1,-1,6,6,4,2,2,2
25478,25478,1503610572058,9,-1,-3,-4,-6,-2,-3,7
25479,25479,1503610572075,-12,5,5,0,-3,-1,-1,3
25480,25480,1503610572081,16,9,7,2,1,1,-1,3
25481,25481,1503610572089,16,7,-13,-8,-3,-3,-4,2
25482,25482,1503610572096,-2,5,33,5,0,0,-1,-2
25483,25483,1503610572111,-5,-20,-11,-4,-3,-2,-2,-13
25484,25484,1503610572118,-9,-15,-3,1,3,-1,0,1
25485,25485,1503610572139,-11,3,2,-3,-3,-1,0,7
25486,25486,1503610572141,-21,-36,-18,3,-5,-2,-5,1
25487,25487,1503610572149,0,-5,36,15,7,4,3,-11
25488,25488,1503610572156,0,10,-1,-7,-3,-3,-3,-4
25489,25489,1503610572171,15,25,-3,-3,0,3,3,5
25490,25490,1503610572178,-9,25,-5,2,-4,-6,-5,-15
25491,25491,1503610572194,-3,10,13,-2,2,-1,-1,-3
