,SampleNumber,TimeStamp,EMG1,EMG2,EMG3,EMG4,EMG5,EMG6,EMG7,EMG8
1074,1074,1503609562437,-17,-1,-2,-12,-8,3,8,-1
1075,1075,1503609562444,13,11,9,13,9,7,7,6
1076,1076,1503609562459,-3,-11,3,11,16,7,2,0
1077,1077,1503609562466,9,16,4,-1,2,2,-3,-2
1078,1078,1503609562482,-6,-2,-3,-2,-1,2,11,22
1079,1079,1503609562484,-30,-9,15,23,11,5,-3,-5
1080,1080,1503609562497,5,2,2,4,-1,-1,-5,2
1081,1081,1503609562504,-4,-7,-13,-7,3,3,2,2
1082,1082,1503609562519,0,-1,-6,-4,0,-1,-8,-3
1083,1083,1503609562526,8,-1,-5,-1,3,-1,-4,-5
1084,1084,1503609562534,10,12,5,4,2,-2,-3,0
1085,1085,1503609562541,-23,-10,1,-3,-2,3,4,-19
1086,1086,1503609562557,2,-19,-4,3,5,-3,1,6
1087,1087,1503609562564,2,-4,-5,-4,1,2,8,13
1088,1088,1503609562579,0,12,1,2,2,0,-1,5
1089,1089,1503609562586,-2,2,-9,-11,-7,-3,-4,-3
1090,1090,1503609562594,1,-4,12,1,-1,-2,-6,-1
1091,1091,1503609562601,-3,10,2,-5,-1,-2,-3,-9
1092,1092,1503609562620,-6,-2,4,5,0,1,3,-9
1093,1093,1503609562624,29,5,2,2,1,-3,3,16
1094,1094,1503609562639,-12,3,-4,-7,-5,-5,-14,-29
1095,1095,1503609562646,0,-2,2,2,-2,2,2,15
1096,1096,1503609562658,4,-7,-6,-7,-5,1,0,7
1097,1097,1503609562659,-9,-5,-11,-8,-6,0,-2,-20
1098,1098,1503609562661,2,6,13,17,9,0,-10,-33
1099,1099,1503609562677,-32,-10,1,-1,1,0,-8,-19
1100,1100,1503609562687,-6,0,6,0,-3,0,-5,-9
1101,1101,1503609562700,20,6,4,5,3,2,6,16
1102,1102,1503609562706,17,-6,-7,-5,-3,-3,-1,-3
1103,1103,1503609562714,-22,-19,-9,-10,-6,-2,-3,11
1104,1104,1503609562729,0,-4,-6,-3,-4,2,6,13
1105,1105,1503609562737,20,11,4,5,3,0,9,19
1106,1106,1503609562744,-20,-2,11,-3,-1,-2,4,-4
1107,1107,1503609562759,-8,-7,-16,-8,-6,-4,-6,-2
1108,1108,1503609562760,17,8,-1,-1,0,1,6,10
1109,1109,1503609562766,1,7,0,2,2,1,2,1
1110,1110,1503609562774,-7,-11,-6,2,1,1,-8,-11
1111,1111,1503609562789,7,6,2,-1,-4,-3,-8,3
1112,1112,1503609562797,7,5,-11,-8,-4,-2,-1,0
1113,1113,1503609562804,5,2,-6,-17,-12,0,2,14
1114,1114,1503609562820,-18,-15,-15,1,3,-5,-5,-13
1115,1115,1503609562821,3,13,5,7,2,-1,-7,-12
1116,1116,1503609562826,-22,-9,-6,0,-4,-3,-14,-31
1117,1117,1503609562834,16,-1,-5,-3,-2,0,1,14
1118,1118,1503609562849,-23,-9,0,4,-1,-2,-4,-1
1119,1119,1503609562857,-6,-1,4,9,5,-2,0,3
1120,1120,1503609562864,-6,-2,7,3,3,1,2,-14
1121,1121,1503609562879,7,-7,-16,-11,-11,-6,-1,-2
1122,1122,1503609562887,16,1,2,3,5,5,6,0
1123,1123,1503609562894,7,-31,-15,-11,-10,-3,3,12
1124,1124,1503609562909,4,-12,-8,1,3,1,2,23
1125,1125,1503609562917,-5,6,3,-1,0,1,4,11
1126,1126,1503609562924,0,-3,-7,-3,0,-2,-1,14
1127,1127,1503609562939,-20,6,8,4,6,1,-6,-23
1128,1128,1503609562946,-12,4,1,4,0,-4,-8,-19
1129,1129,1503609562955,28,20,15,9,5,3,-10,9
1130,1130,1503609562969,19,3,-3,0,-1,-2,1,3
1131,1131,1503609562977,-37,22,-3,0,1,1,5,7
1132,1132,1503609562984,12,28,20,1,0,0,3,12
1133,1133,1503609562999,39,23,12,4,3,2,-1,-19
1134,1134,1503609563000,13,-3,15,7,0,-1,5,26
1135,1135,1503609563006,7,-6,-2,-1,-1,0,8,-10
1136,1136,1503609563015,-6,-11,-16,-12,-8,-8,-6,-22
1137,1137,1503609563029,-32,-23,5,8,8,4,-1,8
1138,1138,1503609563037,-43,-20,-15,-7,-3,-2,-5,-28
1139,1139,1503609563044,-7,-3,-3,-8,-1,2,15,12
1140,1140,1503609563060,2,-5,4,-3,-2,-4,-15,-22
1141,1141,1503609563066,-9,15,-6,-3,-3,-3,-2,-7
1142,1142,1503609563074,4,-13,-1,-2,-1,0,11,15
1143,1143,1503609563089,13,-13,-9,0,0,-1,-9,-17
1144,1144,1503609563097,3,19,18,3,1,3,4,0
1145,1145,1503609563104,-18,36,31,9,6,-2,-17,-10
1146,1146,1503609563119,-7,-4,0,0,-1,-4,-4,-25
1147,1147,1503609563126,-5,-14,-11,-5,-8,-2,-1,7
1148,1148,1503609563134,28,33,1,10,7,4,2,12
1149,1149,1503609563149,15,-5,-10,-6,-7,0,6,15
1150,1150,1503609563158,5,-34,-21,-13,-5,-3,4,10
1151,1151,1503609563165,-3,22,19,5,-1,1,0,-9
1152,1152,1503609563179,-3,-8,-3,22,38,6,2,0
1153,1153,1503609563186,5,-9,-8,3,3,-1,3,5
1154,1154,1503609563194,-12,-7,-2,-7,-12,-3,0,-5
1155,1155,1503609563209,18,-9,-6,-1,0,-2,-2,11
1156,1156,1503609563217,7,1,-13,-19,-14,-2,2,12
1157,1157,1503609563224,-3,0,10,1,-4,-4,-9,-5
1158,1158,1503609563239,7,15,0,2,-2,-2,-1,4
1159,1159,1503609563246,3,-12,-17,-9,-5,-4,-1,-10
1160,1160,1503609563259,1,0,10,5,0,2,-4,-3
1161,1161,1503609563269,-20,-11,-17,-4,-4,-5,0,-7
1162,1162,1503609563277,-7,-7,0,12,15,1,-8,-25
1163,1163,1503609563284,17,10,-1,-7,-1,1,1,9
1164,1164,1503609563300,-8,13,13,-2,-7,-1,-2,4
1165,1165,1503609563306,-9,-18,-7,0,2,0,-1,-2
1166,1166,1503609563315,-8,6,20,1,-7,-4,-4,-3
1167,1167,1503609563329,-9,-4,4,-1,0,2,0,2
1168,1168,1503609563337,26,-11,-5,-1,-4,0,6,18
1169,1169,1503609563344,20,3,-12,-10,-6,-3,-1,-2
1170,1170,1503609563359,1,4,-1,-1,-3,2,0,1
1171,1171,1503609563366,-3,28,14,3,3,-1,-3,-8
1407,1407,1503609565675,0,12,6,0,0,-2,-3,-5
1408,1408,1503609565684,11,-8,-8,-19,-20,-3,3,-3
1409,1409,1503609565691,12,19,12,6,3,4,0,13
1410,1410,1503609565707,-1,-8,-2,3,4,1,0,6
1411,1411,1503609565714,10,1,-1,-2,0,-1,6,10
1412,1412,1503609565722,-5,46,54,11,1,-1,3,-2
1413,1413,1503609565735,12,7,0,-3,-4,-3,-9,-7
1414,1414,1503609565744,6,-1,-31,-9,2,-1,1,-3
1415,1415,1503609565751,0,-7,19,7,1,3,1,1
1416,1416,1503609565766,26,-18,-22,-5,-4,1,5,18
1417,1417,1503609565775,7,-3,-7,-1,-3,-3,-4,-9
1418,1418,1503609565782,0,-6,-5,2,4,-2,-8,-6
1419,1419,1503609565795,7,12,-1,2,-2,0,8,10
1420,1420,1503609565804,-16,-28,-15,-6,-4,-2,6,1
1421,1421,1503609565811,-1,30,15,6,9,3,8,32
1422,1422,1503609565826,-9,-15,-1,2,0,1,5,5
1423,1423,1503609565834,-4,-27,-19,-3,-4,-2,-4,-5
1424,1424,1503609565843,7,12,7,2,1,0,-3,-4
1425,1425,1503609565855,-2,-1,-5,-7,-5,-4,-6,-8
1426,1426,1503609565864,-7,-30,-18,-8,-5,-4,-2,-4
1427,1427,1503609565871,-10,-6,22,9,5,4,3,-9
1428,1428,1503609565886,1,8,-6,1,0,1,-2,2
1429,1429,1503609565893,-4,1,5,-4,-2,1,0,-7
1430,1430,1503609565894,-22,8,-11,-7,-3,-4,-1,-1
1431,1431,1503609565902,-10,-2,-1,1,-1,-1,-4,-12
1432,1432,1503609565915,-4,3,5,2,2,5,9,14
1433,1433,1503609565924,-5,23,5,-2,0,-1,-4,-20
1434,1434,1503609565931,13,-5,-5,-5,-6,-1,-5,-18
1435,1435,1503609565946,-13,-10,-11,-11,-5,-2,-1,-1
1436,1436,1503609565954,6,-1,4,9,5,4,0,1
1437,1437,1503609565962,2,-1,-5,-7,-8,-4,-5,0
1438,1438,1503609565977,0,-1,-6,3,-2,-3,-3,-5
1439,1439,1503609565984,15,15,26,12,5,0,0,1
1440,1440,1503609565991,-28,-18,-9,-8,-2,-3,-5,-51
1441,1441,1503609566006,-15,-12,-9,-2,0,0,-2,-8
1442,1442,1503609566014,17,6,0,-1,0,0,0,13
1443,1443,1503609566022,14,2,-1,1,1,0,1,-3
1444,1444,1503609566035,2,1,-5,-3,-3,-4,-1,27
1445,1445,1503609566044,-8,3,-5,0,-1,-2,-2,-18
1446,1446,1503609566051,11,2,3,-5,-3,-3,-2,10
1447,1447,1503609566066,-3,-2,-3,2,1,0,5,14
1448,1448,1503609566073,7,14,0,1,1,0,-8,-14
1449,1449,1503609566074,-16,-26,-6,-4,-3,-1,-8,-41
1450,1450,1503609566082,-16,-4,-4,2,2,1,1,25
1451,1451,1503609566095,-11,-12,-8,2,1,-1,-9,-11
1452,1452,1503609566104,11,-4,-9,-11,1,-1,-5,-18
1453,1453,1503609566111,9,-1,7,1,1,2,2,4
1454,1454,1503609566126,-10,-2,-3,-2,-4,-1,6,4
1455,1455,1503609566134,-11,13,2,1,2,2,5,10
1456,1456,1503609566144,-9,-8,-4,-1,2,0,-1,8
1457,1457,1503609566155,7,36,17,3,0,-2,3,17
1458,1458,1503609566163,2,-18,-27,-10,-6,-4,-1,17
1459,1459,1503609566171,-8,-14,-10,0,0,0,4,14
1460,1460,1503609566186,11,31,14,6,0,-2,-7,-28
1461,1461,1503609566193,3,-8,-3,-3,-5,-6,-15,-33
1462,1462,1503609566202,4,-23,-14,-6,-1,0,3,7
1463,1463,1503609566217,14,8,-8,-2,-1,0,-4,3
1464,1464,1503609566224,0,17,13,10,2,1,-3,3
1465,1465,1503609566231,6,-17,-14,-4,0,-1,-2,11
1466,1466,1503609566247,5,4,7,0,0,0,3,-6
1467,1467,1503609566254,10,-6,-12,-5,-2,0,7,22
1468,1468,1503609566262,-3,2,5,-4,-2,0,-5,-11
1469,1469,1503609566277,17,9,10,4,2,1,5,11
1470,1470,1503609566286,-5,-15,4,0,-1,-3,-2,-4
1471,1471,1503609566291,-4,3,-7,-4,-2,0,5,2
1472,1472,1503609566306,-7,22,11,5,3,1,-3,-7
1473,1473,1503609566320,23,36,20,7,3,0,-7,3
1474,1474,1503609566322,6,-2,-11,-6,-2,-3,-1,10
1475,1475,1503609566335,-7,-13,-18,-10,-3,-2,2,-9
1476,1476,1503609566345,-9,5,26,15,8,4,3,8
1477,1477,1503609566351,-13,-17,0,2,1,1,7,0
1478,1478,1503609566366,12,-16,-14,-8,-6,-2,-1,3
1479,1479,1503609566373,-27,1,5,-5,-3,-2,1,5
1480,1480,1503609566382,19,13,13,1,-1,1,4,19
1481,1481,1503609566395,15,28,16,1,0,-3,-2,2
1482,1482,1503609566403,9,0,9,4,4,-1,2,16
1483,1483,1503609566404,-23,-21,-12,-1,-2,0,-3,-12
1484,1484,1503609566418,-10,5,10,2,-2,-2,-3,-11
1485,1485,1503609566426,-6,-1,0,0,0,-2,2,11
1486,1486,1503609566433,-4,-9,-3,-2,-1,1,1,1
1487,1487,1503609566449,-9,-20,-13,-5,-5,-6,-5,-29
1488,1488,1503609566455,-7,-18,5,3,4,1,-3,10
1489,1489,1503609566463,9,3,-5,0,-2,0,-1,-9
1490,1490,1503609566479,9,-7,-10,-8,-6,-5,-4,-24
1491,1491,1503609566487,4,51,24,5,3,3,2,8
1492,1492,1503609566493,4,2,-4,3,-1,0,-1,7
1493,1493,1503609566510,-13,14,-4,-7,-6,-5,-7,-10
1494,1494,1503609566516,25,35,10,7,1,2,2,3
1495,1495,1503609566524,7,-18,-14,-4,-1,-1,0,3
1496,1496,1503609566538,-5,-17,-11,-5,-3,-3,-5,-13
1497,1497,1503609566546,4,4,9,6,2,1,2,10
1498,1498,1503609566554,6,15,2,-1,0,-2,-1,-3
1499,1499,1503609566569,-5,-10,-2,-4,-1,-1,-5,-7
1500,1500,1503609566575,-5,-12,-7,1,0,-1,2,5
1501,1501,1503609566583,5,5,-9,-5,-4,-3,-2,1
1502,1502,1503609566584,1,-34,-22,-11,-4,-1,-2,-3
1503,1503,1503609566598,-14,4,11,5,2,3,2,3
1504,1504,1503609566606,0,-5,-4,-2,-2,-1,0,3
1505,1505,1503609566614,1,-29,-3,-1,0,-2,-4,2
1506,1506,1503609566629,29,0,3,6,2,-3,1,7
1507,1507,1503609566635,9,-5,-6,-3,-3,-1,-4,-5
1508,1508,1503609566653,-15,-10,-13,-5,-5,-1,-4,-5
1509,1509,1503609566658,-10,0,16,6,3,1,2,-2
1510,1510,1503609566666,-4,8,7,1,2,0,3,-2
1511,1511,1503609566674,-2,-3,-13,-6,-4,0,1,5
1512,1512,1503609566690,13,16,7,3,3,0,-1,2
1513,1513,1503609566695,2,25,18,4,1,2,-2,-13
1514,1514,1503609566704,-14,3,-8,-5,-7,-5,-5,-9
1515,1515,1503609566719,-28,-6,1,0,-3,-1,-1,-2
1516,1516,1503609566726,-11,0,9,3,4,1,0,-5
1517,1517,1503609566733,1,-6,-12,-4,-2,-3,0,0
1518,1518,1503609566749,-6,-8,-1,1,0,0,0,7
1519,1519,1503609566756,-18,2,-4,2,1,-1,-1,-5
1520,1520,1503609566763,4,2,-3,-1,-2,0,-1,-2
1521,1521,1503609566778,14,6,1,-2,-2,-4,-4,-3
1522,1522,1503609566786,3,-3,4,5,-3,0,2,-1
1523,1523,1503609566793,1,-9,-3,-2,1,1,3,10
1524,1524,1503609566809,7,3,-1,-3,-2,-1,-4,-9
1525,1525,1503609566815,8,3,-8,-7,-3,-1,-2,10
1526,1526,1503609566824,-3,4,8,2,-2,0,1,-5
1527,1527,1503609566838,6,1,5,3,2,0,-3,-7
1528,1528,1503609566846,-2,-5,-6,-3,0,-1,-1,7
1529,1529,1503609566854,-9,-11,-15,-6,-4,-1,-3,-5
1530,1530,1503609566868,-2,-10,-20,-9,-4,0,-1,0
1531,1531,1503609566869,3,16,27,11,7,2,2,0
1532,1532,1503609566875,6,-4,6,1,-4,1,1,4
1533,1533,1503609566886,-21,3,-7,-7,-4,-1,-1,-2
1534,1534,1503609566898,-3,27,15,10,5,1,0,-6
1535,1535,1503609566906,-2,-7,-8,-4,0,-1,2,0
1536,1536,1503609566916,0,-13,-16,-12,-6,-2,-1,-3
1537,1537,1503609566928,-7,5,7,2,-2,-2,-3,-1
1538,1538,1503609566929,2,-4,-6,-5,1,-1,-3,-2
1539,1539,1503609566935,-1,-17,-12,-3,-1,-2,-1,3
1540,1540,1503609566944,4,-5,-7,-4,-2,-1,0,0
1541,1541,1503609566958,-1,22,14,7,2,2,1,0
1542,1542,1503609566966,9,-1,-5,-4,-3,-1,-2,-2
1543,1543,1503609566973,10,-22,-9,-5,0,1,0,3
1544,1544,1503609566989,-23,-21,0,5,4,3,2,-3
1741,1741,1503609568909,-15,0,1,-2,-3,0,6,9
1742,1742,1503609568924,3,14,-6,-4,-2,-2,-5,1
1743,1743,1503609568931,3,2,-2,2,1,-1,1,31
1744,1744,1503609568939,-6,-19,-7,-3,-3,-3,-7,-21
1745,1745,1503609568954,-6,-6,-4,1,1,0,0,5
1746,1746,1503609568963,1,-6,2,-1,-3,-5,-5,0
1747,1747,1503609568969,2,-13,-4,-6,-3,-2,-3,-15
1748,1748,1503609568984,13,13,6,0,-3,0,7,19
1749,1749,1503609568991,-16,-4,4,6,6,1,-1,-10
1750,1750,1503609568999,8,-3,-2,0,1,1,6,20
1751,1751,1503609569014,4,12,-8,-9,-3,-2,-2,-10
1752,1752,1503609569022,-8,-1,-5,-3,-2,-2,-1,-4
1753,1753,1503609569031,6,-2,-3,-1,1,0,-1,0
1754,1754,1503609569044,14,19,9,4,1,2,4,8
1755,1755,1503609569051,-2,-4,2,-2,-2,-1,6,-1
1756,1756,1503609569059,19,30,5,0,0,0,1,18
1757,1757,1503609569073,17,38,21,9,3,1,-1,0
1758,1758,1503609569081,10,5,8,3,1,1,6,12
1759,1759,1503609569088,-24,-33,-21,-11,-6,-5,-6,-7
1760,1760,1503609569104,-4,-9,-2,3,4,0,-4,-10
1761,1761,1503609569111,-3,-7,-6,1,1,1,-1,5
1762,1762,1503609569119,-11,12,8,1,-1,0,-4,-3
1763,1763,1503609569133,5,0,-3,0,0,0,1,0
1764,1764,1503609569141,-8,13,-2,-2,-2,-5,-3,0
1765,1765,1503609569148,-17,0,0,1,-2,2,1,-7
1766,1766,1503609569166,-21,-14,1,-3,-2,-2,-7,-10
1767,1767,1503609569171,-5,-14,-8,-4,-3,-1,-3,-4
1768,1768,1503609569179,-1,4,-6,-2,1,2,-1,-5
1769,1769,1503609569193,-1,-12,-9,-3,-3,-4,-8,-8
1770,1770,1503609569202,-4,-2,7,1,2,1,3,-3
1771,1771,1503609569208,1,7,4,-5,-2,0,0,1
1772,1772,1503609569224,22,-13,-10,-4,-5,-1,4,3
1773,1773,1503609569237,-12,1,0,-2,-2,-1,-4,-2
1774,1774,1503609569246,-10,-9,2,-5,-8,0,2,3
1775,1775,1503609569253,22,20,5,6,2,1,-7,-3
1776,1776,1503609569261,-1,-19,-12,-2,-1,-3,-3,-3
1777,1777,1503609569276,4,15,7,2,0,-2,-4,-16
1778,1778,1503609569284,12,5,-6,0,0,-4,-8,0
1779,1779,1503609569291,-17,6,2,-1,2,-1,-3,-23
1780,1780,1503609569306,-31,-26,-3,-1,-1,0,-2,3
1781,1781,1503609569313,-6,-9,-4,-2,-2,-2,-5,9
1782,1782,1503609569314,-2,0,3,0,1,2,8,27
1783,1783,1503609569322,0,-5,-6,-3,-3,-2,2,11
1784,1784,1503609569337,-4,25,21,4,-2,-4,-6,-11
1785,1785,1503609569344,7,15,0,1,-1,-1,10,14
1786,1786,1503609569351,-2,-3,-6,-2,-1,0,5,7
1787,1787,1503609569366,-14,4,-5,-4,-2,0,-3,-15
1788,1788,1503609569374,13,43,28,5,0,-1,-2,-12
1789,1789,1503609569381,-17,-3,3,4,4,4,-3,-20
1790,1790,1503609569396,3,-24,-15,1,0,1,3,13
1791,1791,1503609569404,-4,4,8,3,2,-3,-2,-16
1792,1792,1503609569411,-16,-24,-9,-5,-7,-6,-10,-6
1793,1793,1503609569426,-16,-17,-7,1,1,0,-3,-7
1794,1794,1503609569433,31,-3,-10,-1,2,5,14,60
1795,1795,1503609569441,-36,-38,-5,-4,3,1,2,2
1796,1796,1503609569456,-20,-14,12,7,3,3,3,40
1797,1797,1503609569466,37,35,9,1,2,4,13,53
1798,1798,1503609569471,-2,-23,-18,-8,-2,-2,3,3
1799,1799,1503609569486,6,-12,-8,-5,-2,-4,-13,-15
1800,1800,1503609569493,5,-4,-4,-4,-3,-5,-4,-36
1801,1801,1503609569502,13,3,-14,-1,-3,-1,1,-15
1802,1802,1503609569516,-12,-5,3,-1,-2,-1,-7,-24
1803,1803,1503609569524,28,13,6,4,0,-1,-3,-24
1804,1804,1503609569531,-34,-28,-21,-5,-4,-3,-9,-36
1805,1805,1503609569546,5,-4,-7,1,0,0,4,15
1806,1806,1503609569553,11,0,2,0,-2,-1,5,15
1807,1807,1503609569561,-8,0,-7,-5,-3,-2,-9,-38
1808,1808,1503609569576,10,11,3,1,2,2,1,6
1809,1809,1503609569584,4,12,11,-3,-3,-1,0,-5
1810,1810,1503609569591,-31,-2,-6,-2,-2,-4,-13,-68
1811,1811,1503609569606,-8,37,28,3,0,-2,2,-5
1812,1812,1503609569613,3,7,12,4,1,1,1,14
1813,1813,1503609569621,-12,-21,-7,-1,0,-2,1,19
1814,1814,1503609569639,26,8,-4,-1,-1,0,0,1
1815,1815,1503609569644,-11,-15,-5,-1,-1,-3,-6,-31
1816,1816,1503609569651,4,1,0,-1,-1,1,8,10
1817,1817,1503609569668,2,0,-5,-5,-2,-1,4,21
1818,1818,1503609569673,-30,-21,-4,0,2,-3,-12,-33
1819,1819,1503609569681,-11,-6,7,2,0,-2,-11,-14
1820,1820,1503609569696,24,9,-2,-1,0,0,1,29
1821,1821,1503609569704,-16,-13,-3,2,1,1,0,8
1822,1822,1503609569711,3,13,-3,-4,-2,-2,3,5
1823,1823,1503609569726,-4,18,11,3,0,1,-1,-2
1824,1824,1503609569735,-6,-7,1,3,-1,-1,1,7
1825,1825,1503609569741,-7,-7,-7,-4,-1,0,2,-3
1826,1826,1503609569756,28,-4,-6,-1,1,1,4,27
1827,1827,1503609569764,15,4,-7,-2,1,1,5,22
1828,1828,1503609569771,20,5,6,-3,0,-1,-2,7
1829,1829,1503609569786,7,-3,-8,-7,-2,-1,-4,1
1830,1830,1503609569793,9,15,1,1,-1,0,2,5
1831,1831,1503609569802,7,21,-4,0,-3,-3,-3,1
1832,1832,1503609569816,-8,-9,-6,-6,-3,-1,-1,-3
1833,1833,1503609569824,-2,-9,11,2,-1,-3,-3,-3
1834,1834,1503609569831,-25,-1,6,2,-1,-1,3,3
1835,1835,1503609569846,-4,-11,-2,2,1,0,2,6
1836,1836,1503609569853,-10,-14,-3,-1,0,-1,-3,-5
1837,1837,1503609569861,3,-5,-3,-4,-4,0,0,6
1838,1838,1503609569876,-6,17,7,6,0,-1,-1,-18
1839,1839,1503609569884,1,-14,-14,-4,-2,-3,-2,-4
1840,1840,1503609569891,6,-19,-17,-6,-3,-2,-3,0
1841,1841,1503609569906,-3,-3,1,-1,-1,-1,0,1
1842,1842,1503609569914,1,-11,-8,-3,0,-1,1,4
1843,1843,1503609569921,-2,-6,-2,2,1,-1,-2,-2
1844,1844,1503609569937,-3,11,15,7,2,-3,-2,-3
1845,1845,1503609569938,-3,-6,-11,-5,-2,0,0,0
1846,1846,1503609569945,16,9,0,-1,0,-2,-1,1
1847,1847,1503609569951,-12,17,12,9,1,0,-2,-1
1848,1848,1503609569966,0,-2,1,-1,-2,-1,-1,-2
1849,1849,1503609569974,0,-1,0,-2,-3,-1,-1,-2
1850,1850,1503609569982,4,1,-2,0,1,1,1,6
1851,1851,1503609569996,1,-8,-6,-3,0,-3,1,4
1852,1852,1503609570006,0,-6,-5,-2,-1,0,2,5
1853,1853,1503609570011,4,9,2,-2,0,0,-1,-1
1854,1854,1503609570026,-13,18,13,2,0,2,-1,-4
1855,1855,1503609570034,7,-8,-6,-2,0,-1,1,-1
1856,1856,1503609570043,-8,-19,-8,-2,-2,-3,-3,0
1857,1857,1503609570056,-14,2,9,0,-1,0,-5,-13
1858,1858,1503609570064,21,12,-2,-3,-2,-1,0,-3
1859,1859,1503609570072,0,-3,1,0,2,0,-1,0
1860,1860,1503609570086,8,10,4,2,-1,-3,-3,-2
1861,1861,1503609570093,0,3,2,-1,-1,0,0,1
1862,1862,1503609570101,15,5,1,3,1,0,0,18
1863,1863,1503609570116,-3,18,12,3,0,-1,-2,0
1864,1864,1503609570124,-17,10,-9,-7,-3,1,1,-1
1865,1865,1503609570131,-8,-27,-11,0,0,-1,-3,-14
1866,1866,1503609570146,10,4,-4,0,-1,-2,-6,-19
1867,1867,1503609570160,6,-19,-11,-4,-3,1,2,3
1868,1868,1503609570168,-34,-16,16,5,3,1,-1,-1
1869,1869,1503609570183,-3,-3,-8,-2,-3,-1,-1,-3
1870,1870,1503609570184,7,13,2,-1,-2,-1,1,2
1871,1871,1503609570198,-15,22,15,0,0,-1,0,3
1872,1872,1503609570206,3,-14,-5,-2,-2,-2,-1,-7
1873,1873,1503609570214,8,-18,-11,-6,-2,-3,0,8
1874,1874,1503609570229,-9,-23,1,-1,1,1,0,-4
1875,1875,1503609570236,-19,-7,1,5,1,0,-1,-2
1876,1876,1503609570252,0,17,-1,-2,1,-1,0,1
1877,1877,1503609570253,0,-7,-8,-2,-2,-3,-1,0
1878,1878,1503609570258,11,10,3,-2,-3,-1,-4,-3
1879,1879,1503609570266,3,5,-9,-9,-4,-1,0,0
1880,1880,1503609570276,-3,6,6,3,0,2,0,-1
1881,1881,1503609570277,-2,0,0,1,2,-2,-1,0
1882,1882,1503609570289,1,0,-1,-1,0,0,2,1
1883,1883,1503609570296,10,1,-3,-4,-3,-2,-2,0
1884,1884,1503609570307,1,-10,1,6,1,-2,-2,0
1885,1885,1503609570318,2,40,16,2,1,1,2,0
1886,1886,1503609570326,-10,-6,-4,0,-1,0,-3,-3
1887,1887,1503609570333,10,-11,-17,-4,-2,-1,1,9
1888,1888,1503609570349,11,7,-4,-2,4,1,1,5
1889,1889,1503609570356,4,13,7,3,-1,-1,0,-1
1890,1890,1503609570364,-7,-4,3,-2,-3,-4,-2,-5
1891,1891,1503609570378,4,0,0,-2,-1,-2,-1,-2
1892,1892,1503609570386,7,7,5,-1,-1,1,4,10
1893,1893,1503609570393,-18,-9,-2,-2,-2,-1,-1,-4
1894,1894,1503609570409,2,-6,-8,-5,-3,-1,-1,-4
1895,1895,1503609570416,-5,-1,2,2,0,1,0,1
1896,1896,1503609570424,-1,-7,-10,-2,-3,-2,-1,1
1897,1897,1503609570441,9,-28,-10,-6,-2,0,-1,-3
1898,1898,1503609570446,-4,5,7,6,2,1,0,-1
1899,1899,1503609570453,7,5,-2,-2,-3,-2,1,-1
1900,1900,1503609570454,2,-4,0,3,0,-1,-3,-3
1901,1901,1503609570469,-5,3,-10,-9,-2,-2,0,-5
1902,1902,1503609570477,4,2,10,4,2,0,0,-4
1903,1903,1503609570484,-2,1,5,2,1,-1,-1,-2
1904,1904,1503609570498,-3,-2,-5,2,-1,-3,-1,-2
1905,1905,1503609570507,-19,-14,0,2,1,-1,-3,-5
1906,1906,1503609570513,5,-11,-7,-5,-4,0,0,3
1907,1907,1503609570528,7,-5,-10,-4,-4,0,-1,-1
1908,1908,1503609570536,-14,7,5,1,0,-1,-1,-3
1909,1909,1503609570544,-6,0,7,2,1,0,-2,-2
1910,1910,1503609570558,-9,-12,-14,-7,-3,-1,-3,-7
1911,1911,1503609570566,-7,1,-1,0,-3,-1,-2,-2
1912,1912,1503609570575,7,16,7,1,1,-1,0,0
1913,1913,1503609570588,0,-9,-10,-5,-3,1,-1,-3
1914,1914,1503609570596,7,-2,-5,-4,1,0,-1,1
1915,1915,1503609570604,-3,22,17,6,4,1,1,-1
1916,1916,1503609570618,4,-3,-2,-1,-2,1,-2,-2
1917,1917,1503609570626,2,-4,-9,-4,-1,0,-1,0
1918,1918,1503609570633,2,8,9,6,2,0,0,-1
1919,1919,1503609570649,-17,-9,6,4,0,0,-3,-5
1920,1920,1503609570663,5,9,0,-6,-3,-2,-1,-1
1921,1921,1503609570665,14,2,-3,-3,0,-1,2,4
1922,1922,1503609570678,-3,-5,1,1,-1,0,0,-1
1923,1923,1503609570686,5,-10,-4,-1,2,1,1,1
1924,1924,1503609570693,1,-5,-2,3,0,0,0,-2
1925,1925,1503609570709,-6,-6,-3,-4,-2,-2,-4,-3
1926,1926,1503609570717,0,-2,-5,-1,-1,0,0,4
1927,1927,1503609570724,0,-4,-4,-4,-1,-1,-1,-3
1928,1928,1503609570738,1,0,1,3,0,-1,0,5
1929,1929,1503609570746,-3,-9,-6,-1,-2,-1,0,2
1930,1930,1503609570753,-6,-9,-7,-5,-5,-4,-2,-3
1931,1931,1503609570769,4,0,0,-1,-1,-2,-1,-1
2301,2301,1503609574428,10,17,14,7,4,1,-1,-3
2302,2302,1503609574436,-10,3,2,6,5,2,1,1
2303,2303,1503609574444,-1,-24,-13,-6,-4,-3,-2,-2
2304,2304,1503609574458,20,3,-1,-5,-4,-2,4,8
2305,2305,1503609574468,6,6,7,15,12,5,2,1
2306,2306,1503609574473,12,7,6,1,3,0,-6,-13
2307,2307,1503609574489,-17,-5,-4,-4,-3,-4,-5,-17
2308,2308,1503609574496,5,-2,-10,-3,-2,-2,-5,1
2309,2309,1503609574504,-8,-1,0,0,0,-2,3,-8
2310,2310,1503609574518,-9,2,5,6,7,1,-1,-2
2311,2311,1503609574526,-28,-13,-11,-7,-6,-4,-13,-4
2312,2312,1503609574535,-2,4,4,2,3,0,-1,0
2313,2313,1503609574549,-4,-3,2,-4,-3,-1,2,4
2314,2314,1503609574556,11,6,-12,-5,-7,0,-1,-2
2315,2315,1503609574564,-5,7,-2,-4,-6,-3,-1,-1
2316,2316,1503609574578,3,5,6,-1,-2,1,5,9
2317,2317,1503609574586,-1,1,8,2,1,2,4,-1
2318,2318,1503609574593,11,-6,-4,1,0,0,-7,2
2319,2319,1503609574612,5,-12,0,4,0,-4,-3,-10
2320,2320,1503609574616,-2,-10,-3,-5,-2,-2,-2,5
2321,2321,1503609574624,-3,-2,-5,-6,-1,-1,1,-1
2322,2322,1503609574638,-11,-10,-9,-1,1,-3,-2,-14
2323,2323,1503609574646,-2,0,5,4,-2,1,-6,-13
2324,2324,1503609574653,0,-2,5,-2,-4,1,8,8
2325,2325,1503609574671,5,12,0,-1,-1,0,-3,0
2326,2326,1503609574676,-9,-7,-6,-3,-3,-3,-1,-5
2327,2327,1503609574684,18,5,-7,0,-1,2,4,19
2328,2328,1503609574698,1,1,5,5,4,1,-5,-3
2329,2329,1503609574706,0,-12,-8,-5,-3,-1,-4,-11
2330,2330,1503609574713,-3,-1,-2,-5,-5,-2,-9,-8
2331,2331,1503609574728,-4,8,2,3,0,-2,-2,-15
2332,2332,1503609574737,13,-4,-1,-2,-2,3,13,40
2333,2333,1503609574744,21,3,-13,-8,-3,0,2,15
2334,2334,1503609574758,10,2,4,4,3,3,4,15
2335,2335,1503609574766,11,-7,-3,-4,-3,-2,0,17
2336,2336,1503609574774,-9,-10,-6,-2,0,1,4,-4
2337,2337,1503609574789,-55,-7,2,0,-2,-3,-6,-19
2338,2338,1503609574796,-11,13,9,1,-2,-5,-11,-22
2339,2339,1503609574811,35,0,-11,-5,-3,1,9,57
2340,2340,1503609574812,-9,0,4,1,0,1,5,-19
2341,2341,1503609574818,-1,-5,2,3,-1,0,-1,-16
2342,2342,1503609574827,11,2,-1,-2,0,-1,0,-3
2343,2343,1503609574841,7,5,3,-1,3,-3,-12,-5
2344,2344,1503609574857,-1,-6,3,2,1,1,3,7
2345,2345,1503609574860,-5,-5,-14,-6,-6,-3,4,9
2346,2346,1503609574872,-3,-18,-8,-2,2,-2,-3,-18
2347,2347,1503609574878,5,15,8,1,-1,1,5,-5
2348,2348,1503609574879,8,-2,6,-1,0,1,5,12
2349,2349,1503609574886,5,8,3,0,-2,-1,-3,15
2350,2350,1503609574901,-11,-6,-5,-5,-3,-3,1,-7
2351,2351,1503609574909,8,-3,-4,1,2,4,8,24
2352,2352,1503609574916,2,-8,-8,-1,-2,-2,-2,-16
2353,2353,1503609574931,-14,-4,0,1,-1,-3,-8,-24
2354,2354,1503609574945,-7,-5,-7,-7,-6,-3,0,-5
2355,2355,1503609574947,21,27,16,3,1,2,2,15
2356,2356,1503609574960,-8,-9,-3,0,-2,0,-5,-15
2357,2357,1503609574968,-12,9,1,1,3,-1,-5,-25
2358,2358,1503609574976,3,27,19,3,-3,-6,0,-3
2359,2359,1503609574991,2,-8,-1,-1,0,0,1,0
2360,2360,1503609574998,4,-8,-11,-9,-5,-1,0,7
2361,2361,1503609575006,-12,15,16,7,4,2,4,-7
2362,2362,1503609575020,0,-7,-6,-3,0,2,0,10
2363,2363,1503609575030,19,4,-17,-4,-4,-4,1,18
2364,2364,1503609575038,-8,4,6,3,0,-1,-4,-11
2365,2365,1503609575051,-1,-9,-2,-1,0,2,-1,5
2366,2366,1503609575058,0,-3,-4,-2,-2,-3,-2,-2
2367,2367,1503609575066,8,0,-1,-4,-3,-2,-4,0
2368,2368,1503609575081,5,-2,2,1,1,5,4,8
2369,2369,1503609575089,1,-2,-2,-2,-1,-1,-1,0
2370,2370,1503609575096,-14,-11,-11,-11,-7,-3,-1,-8
2371,2371,1503609575111,9,-5,1,2,-5,0,-2,7
2571,2571,1503609577062,-8,-7,-8,-4,-4,-2,-2,-5
2572,2572,1503609577076,-4,24,10,3,-2,0,-4,-2
2573,2573,1503609577082,-13,-7,5,-1,-2,-3,-4,-2
2574,2574,1503609577091,-13,-14,-10,-6,-2,-2,1,-3
2575,2575,1503609577105,6,10,5,0,-1,-1,-1,1
2576,2576,1503609577113,4,-11,5,3,1,-2,-3,0
2577,2577,1503609577122,1,-8,-5,-3,-1,0,1,3
2578,2578,1503609577136,5,-1,-5,-1,0,-2,-1,0
2579,2579,1503609577142,-11,-19,-18,-10,-4,-2,-1,0
2580,2580,1503609577151,-9,-17,8,4,2,2,-2,-3
2581,2581,1503609577165,-16,16,0,-5,0,-1,-3,-6
2582,2582,1503609577173,-1,24,12,1,0,-1,1,1
2583,2583,1503609577181,11,-11,-5,-1,-2,-3,-1,-4
2584,2584,1503609577196,-6,-26,-7,1,0,-1,-1,1
2585,2585,1503609577202,17,9,5,0,-2,-1,-2,-1
2586,2586,1503609577210,-11,-14,-13,-5,-3,-2,-1,0
2587,2587,1503609577225,-6,7,4,1,2,0,0,-3
2588,2588,1503609577233,0,11,-1,-4,-3,-3,-1,-8
2589,2589,1503609577240,-6,-1,-2,-1,-2,-2,0,-3
2590,2590,1503609577256,17,12,13,5,3,2,3,9
2591,2591,1503609577262,-10,-7,2,1,-1,-1,0,7
2592,2592,1503609577270,15,-10,-6,-6,-6,-4,0,2
2593,2593,1503609577285,6,-26,-2,3,3,2,-2,4
2594,2594,1503609577293,-12,4,-2,2,0,-1,-6,-18
2595,2595,1503609577301,-5,-21,-5,0,-1,-2,-4,-3
2596,2596,1503609577315,10,17,7,0,0,1,1,3
2597,2597,1503609577322,3,7,-1,0,0,-2,0,-3
2598,2598,1503609577331,-8,10,5,1,0,-1,1,1
2599,2599,1503609577345,1,23,23,7,2,2,2,0
2600,2600,1503609577355,3,-6,-6,-3,-3,-1,-4,-1
2601,2601,1503609577361,6,-9,-16,-9,-2,1,1,14
2602,2602,1503609577375,-5,-8,-6,0,3,0,4,9
2603,2603,1503609577382,-26,-9,0,0,-3,-2,-2,-8
2604,2604,1503609577392,-8,-12,-10,-3,-2,-4,-3,-12
2605,2605,1503609577405,-3,5,12,2,-2,1,0,0
2606,2606,1503609577413,-12,-4,-15,0,4,0,-2,2
2607,2607,1503609577422,1,5,2,1,0,-1,-1,-12
2608,2608,1503609577436,8,-10,-31,-13,-7,-4,-4,2
2609,2609,1503609577442,5,5,8,6,3,2,0,3
2610,2610,1503609577458,4,-9,-7,-8,-6,-2,-3,2
2611,2611,1503609577465,-3,1,-6,0,1,-3,0,-6
2612,2612,1503609577473,-3,-6,1,-2,-2,1,2,0
2613,2613,1503609577481,17,8,-4,-4,-1,0,-3,2
2614,2614,1503609577496,4,16,2,-2,-1,0,-1,-2
2615,2615,1503609577503,-2,0,-1,-3,-3,0,1,1
2616,2616,1503609577511,18,12,7,-3,-6,-2,-4,4
2617,2617,1503609577525,-9,-20,-28,-15,-7,-2,0,-1
2618,2618,1503609577533,1,39,43,13,5,-1,-2,-10
2619,2619,1503609577540,-5,-3,-4,-3,-4,-1,-1,-1
2620,2620,1503609577541,1,5,2,-1,1,1,1,5
2621,2621,1503609577556,4,-11,-20,-4,-3,-6,-12,-25
2622,2622,1503609577557,-7,-31,-1,3,0,0,0,4
2623,2623,1503609577563,-4,17,17,11,5,1,-1,-4
2624,2624,1503609577571,-15,-4,-7,-4,-2,-5,-6,-16
2625,2625,1503609577585,-2,-14,0,-1,-2,-2,4,11
2626,2626,1503609577593,-6,-9,-6,-3,-2,2,3,5
2627,2627,1503609577607,9,12,-3,0,-1,-2,1,7
2628,2628,1503609577615,-3,-9,-2,-3,-1,-2,3,5
2629,2629,1503609577623,8,17,3,-9,-5,1,2,11
2630,2630,1503609577638,10,24,17,16,8,4,-2,-13
2631,2631,1503609577645,-3,9,11,4,2,-2,-8,-15
2632,2632,1503609577657,-27,-23,-18,-9,-4,-2,1,-12
2633,2633,1503609577667,-7,-21,-9,0,0,-3,-5,-8
2634,2634,1503609577675,15,9,1,0,2,3,3,27
2635,2635,1503609577683,-4,-7,-10,-7,-4,-3,-2,-6
2636,2636,1503609577699,-1,0,1,2,0,0,0,-2
2637,2637,1503609577705,12,0,-4,2,2,0,2,19
2638,2638,1503609577713,-10,-29,-11,-4,-3,-1,1,-1
2639,2639,1503609577727,-10,10,20,3,1,0,0,-21
2640,2640,1503609577736,-19,-7,2,-2,-2,-2,0,-4
2641,2641,1503609577743,-11,-10,-16,-4,-2,-2,-1,-7
2642,2642,1503609577766,3,3,2,2,1,-3,0,-3
2643,2643,1503609577767,4,5,1,-1,-4,-2,-4,-1
2644,2644,1503609577773,5,6,-3,0,2,1,1,7
2901,2901,1503609580293,-5,-22,-21,-9,-6,-2,-1,-1
2902,2902,1503609580302,6,0,-2,1,2,1,1,0
2903,2903,1503609580314,3,3,-2,-2,-1,0,0,1
2904,2904,1503609580323,-13,-3,-7,-4,-3,-1,-3,1
2905,2905,1503609580331,-6,-5,-6,0,-2,-2,-1,-3
2906,2906,1503609580338,-1,-1,3,0,1,-2,-1,-5
2907,2907,1503609580353,2,-5,-6,-1,2,-1,-2,4
2908,2908,1503609580360,2,60,30,1,1,2,0,0
2909,2909,1503609580369,2,-7,5,1,-2,-2,-1,-7
2910,2910,1503609580384,-4,-8,-1,-1,-1,-1,-2,-5
2911,2911,1503609580399,1,5,0,-1,-1,0,5,7
2912,2912,1503609580405,22,7,-9,-5,0,-3,-1,7
2913,2913,1503609580413,-28,-16,-12,-5,-4,-2,-3,-3
2914,2914,1503609580427,-6,-5,-1,1,-2,-1,0,-5
2915,2915,1503609580435,-3,-3,-9,-1,0,3,-2,1
2916,2916,1503609580444,-11,-5,5,-1,-2,-1,-1,-3
2917,2917,1503609580451,0,3,2,-2,-4,-1,1,-3
2918,2918,1503609580465,-13,-14,-14,-1,1,0,-1,-2
2919,2919,1503609580473,7,2,7,3,1,-3,-5,1
2920,2920,1503609580481,-17,-8,17,6,1,0,2,-7
2921,2921,1503609580495,-14,-11,-10,-4,-5,-3,-1,-11
2922,2922,1503609580503,0,-5,-7,-8,-2,-2,-1,-4
2923,2923,1503609580511,2,0,2,4,2,0,-2,2
2924,2924,1503609580525,-5,-3,-7,-2,-4,-3,-6,-13
2925,2925,1503609580533,0,-1,-8,1,4,-1,1,0
2926,2926,1503609580540,8,-2,-3,0,-1,1,4,9
2927,2927,1503609580555,5,-2,0,-3,-2,-2,-1,-4
2928,2928,1503609580563,11,-16,-5,-3,-2,1,7,27
2929,2929,1503609580571,-19,3,0,1,-2,0,1,-10
2930,2930,1503609580586,-14,-4,-8,-4,-1,1,0,-1
2931,2931,1503609580593,10,21,0,-2,-2,-2,-2,4
2932,2932,1503609580600,2,15,4,2,4,0,-3,0
2933,2933,1503609580616,5,-20,8,7,3,0,-2,3
2934,2934,1503609580623,-3,-13,-9,-1,-1,-2,-10,-12
2935,2935,1503609580631,-11,-1,-3,-8,-1,-1,-3,-10
2936,2936,1503609580646,-2,-5,3,-1,-3,-3,-5,-10
2937,2937,1503609580653,11,14,5,1,1,1,3,3
2938,2938,1503609580654,-11,-5,-7,-7,-5,-3,-3,-3
2939,2939,1503609580660,-3,4,1,0,0,0,-1,3
2940,2940,1503609580678,-1,7,6,2,2,2,5,14
2941,2941,1503609580683,-10,-6,-5,0,-3,-1,-1,-1
2942,2942,1503609580691,6,0,4,2,-1,1,1,3
2943,2943,1503609580705,-2,-4,-10,-4,-2,-1,2,3
2944,2944,1503609580713,17,25,10,7,2,2,2,1
2945,2945,1503609580720,-6,6,-7,-5,-2,0,2,5
2946,2946,1503609580735,11,5,5,7,3,1,3,8
2947,2947,1503609580746,-31,-22,-6,0,0,0,1,-16
2948,2948,1503609580751,-1,-7,-1,-4,-1,0,-5,-22
2949,2949,1503609580765,12,-1,3,6,1,0,-2,-2
2950,2950,1503609580773,-22,-21,-19,-9,-1,1,-1,-2
2951,2951,1503609580780,18,7,13,7,3,2,3,23
2952,2952,1503609580795,10,15,10,3,2,-1,1,9
2953,2953,1503609580803,-6,-12,3,2,3,3,5,12
2954,2954,1503609580812,-6,-24,13,0,0,0,4,0
2955,2955,1503609580825,-24,-10,-1,1,-1,-3,-7,-35
2956,2956,1503609580833,-15,5,-13,-6,-5,-2,-7,-8
2957,2957,1503609580840,35,5,-15,-3,1,1,2,15
2958,2958,1503609580856,4,1,17,4,3,3,4,5
2959,2959,1503609580863,-14,-23,-32,-15,-11,-6,-8,-7
2960,2960,1503609580871,1,45,40,17,5,3,4,23
2961,2961,1503609580885,-5,9,6,-1,1,-1,-3,-30
2962,2962,1503609580893,-8,-6,-8,-7,-4,-5,-5,-6
2963,2963,1503609580901,1,6,1,-2,-3,-2,1,8
2964,2964,1503609580916,-10,-16,-27,-8,-3,-2,-6,-24
2965,2965,1503609580923,39,10,3,1,3,1,5,28
2966,2966,1503609580931,35,-3,-12,-4,-1,-2,0,16
2967,2967,1503609580948,-6,2,1,0,0,0,2,1
2968,2968,1503609580953,-17,3,5,4,0,0,0,-9
2969,2969,1503609580960,7,7,4,-2,-3,1,2,7
2970,2970,1503609580975,13,-12,-11,-5,-2,-1,-1,0
2971,2971,1503609580986,-17,0,7,-1,2,0,-1,-11
2972,2972,1503609580991,-4,-6,0,2,-1,-3,-3,-6
2973,2973,1503609581005,-4,7,5,3,-2,-3,-7,-25
2974,2974,1503609581015,3,23,-7,-4,-1,-1,2,9
2975,2975,1503609581021,-8,-18,-2,2,-1,-4,-3,11
2976,2976,1503609581035,9,-10,-16,-2,2,0,2,5
2977,2977,1503609581043,-1,5,3,3,1,1,-2,-3
2978,2978,1503609581051,-4,-6,9,4,-6,-3,-2,-4
2979,2979,1503609581065,4,9,3,-2,-3,-1,0,5
2980,2980,1503609581073,1,-10,0,-2,-3,0,0,1
2981,2981,1503609581083,5,-10,7,3,0,1,0,-1
2982,2982,1503609581095,-4,3,4,-2,-1,0,-3,-1
2983,2983,1503609581103,-6,2,-10,-5,-3,-4,-2,-1
2984,2984,1503609581111,1,-7,-9,-5,-1,-2,-4,-1
3187,3187,1503609583120,-1,3,6,0,-1,1,3,-1
3188,3188,1503609583130,3,-6,2,0,2,0,-3,4
3189,3189,1503609583136,13,-24,-9,-1,-1,1,2,20
3190,3190,1503609583150,4,-31,-19,-5,-5,1,3,6
3191,3191,1503609583158,-11,24,18,5,-1,1,3,8
3192,3192,1503609583166,16,13,12,7,0,0,-5,2
3193,3193,1503609583180,-13,-21,-8,-3,-1,-1,-3,-11
3194,3194,1503609583187,-12,-19,-13,-8,-3,-2,-11,-9
3195,3195,1503609583204,19,25,2,3,0,-1,-3,-1
3196,3196,1503609583210,2,-14,-12,-5,-1,1,5,6
3197,3197,1503609583218,-5,-4,0,-3,-2,-4,-15,-38
3198,3198,1503609583233,-20,10,12,6,1,-3,-2,-19
3199,3199,1503609583240,-2,-25,-14,-2,-2,-1,2,7
3200,3200,1503609583247,10,12,2,0,-2,-2,-8,-12
3201,3201,1503609583263,-11,6,8,3,2,0,-1,0
3202,3202,1503609583270,3,-1,-2,1,1,1,5,15
3203,3203,1503609583278,12,-4,0,1,-1,0,-4,9
3204,3204,1503609583292,-5,3,1,-1,2,0,1,1
3205,3205,1503609583307,10,-28,-5,-5,-2,-4,-4,1
3206,3206,1503609583308,5,0,-1,-2,-3,-1,0,-4
3207,3207,1503609583323,1,5,-7,-1,0,3,4,7
3208,3208,1503609583332,-3,2,7,2,-2,-3,0,-1
3209,3209,1503609583339,4,6,-2,0,-1,-1,0,4
3210,3210,1503609583353,11,11,-2,-2,1,1,1,1
3211,3211,1503609583360,-4,23,2,2,2,1,3,0
3212,3212,1503609583376,13,-1,3,1,-4,-6,-14,3
3213,3213,1503609583383,-6,-10,-6,-5,-1,-1,-3,-5
3214,3214,1503609583391,-11,-7,3,-3,2,-1,2,-23
3215,3215,1503609583398,-19,0,8,3,0,-1,-2,-11
3216,3216,1503609583413,-4,-8,-9,-1,0,0,-2,-4
3217,3217,1503609583420,1,3,2,-2,-4,-1,1,3
3218,3218,1503609583436,-2,-3,8,5,1,1,4,7
3219,3219,1503609583443,-11,-18,-8,-1,-2,-2,2,14
3220,3220,1503609583451,-5,-2,-5,-5,-1,-2,1,4
3221,3221,1503609583458,-17,-23,-11,-4,-4,-2,-4,-3
3222,3222,1503609583473,17,4,6,2,0,0,0,10
3223,3223,1503609583480,0,-10,-4,-3,0,-1,4,1
3224,3224,1503609583497,-2,-39,-16,-3,-4,-5,1,8
3225,3225,1503609583498,-13,28,5,-3,2,0,-5,0
3226,3226,1503609583510,18,2,-9,1,0,1,1,0
3227,3227,1503609583511,-8,-8,-5,1,1,0,-6,-1
3228,3228,1503609583518,-5,6,5,-3,-1,-1,-1,-8
3229,3229,1503609583534,-13,-8,-1,0,-4,-3,-1,-20
3230,3230,1503609583540,15,-3,3,-2,2,1,2,29
3231,3231,1503609583556,5,14,-3,-4,-2,-2,-2,-37
3232,3232,1503609583567,2,6,7,1,0,-1,-4,-12
3233,3233,1503609583571,9,-7,-3,1,-1,2,4,11
3234,3234,1503609583578,2,26,2,-1,-3,-2,-5,-33
3235,3235,1503609583593,5,-4,-3,0,0,0,2,14
3236,3236,1503609583600,8,0,3,2,0,2,1,10
3237,3237,1503609583616,2,31,5,-6,-1,-3,-1,17
3238,3238,1503609583623,-5,1,8,7,1,-2,-2,3
3239,3239,1503609583634,9,-15,-2,0,0,1,1,23
3240,3240,1503609583638,-13,-27,-23,-5,-5,-1,1,-24
3241,3241,1503609583653,-4,-7,6,5,3,0,0,0
3242,3242,1503609583660,-15,-5,-4,-3,-2,0,-3,-19
3243,3243,1503609583668,3,-16,-18,-9,-5,-2,3,3
3244,3244,1503609583683,17,7,3,1,4,1,3,20
3245,3245,1503609583691,-12,-31,0,1,0,2,4,15
3246,3246,1503609583699,-12,17,14,1,-1,-2,-4,1
3247,3247,1503609583720,3,-5,-5,1,-3,-2,-2,-9
3248,3248,1503609583721,10,-6,-14,-9,-1,-1,-2,10
3249,3249,1503609583736,-4,11,2,1,-2,-2,-2,-3
3250,3250,1503609583743,-4,-6,-6,-4,-1,-4,-2,4
3251,3251,1503609583751,10,21,13,1,-3,0,-6,-20
3252,3252,1503609583758,14,12,0,-1,-1,1,4,27
3253,3253,1503609583774,-6,9,3,-4,1,-4,-2,-1
3254,3254,1503609583780,0,-15,3,2,2,0,-6,-13
3255,3255,1503609583796,3,10,-15,-10,-2,0,-4,-4
3256,3256,1503609583803,-5,1,-2,0,-1,1,10,8
3257,3257,1503609583811,-5,-17,3,3,0,-1,5,4
3258,3258,1503609583825,4,-3,-6,-2,-1,-1,0,6
3259,3259,1503609583834,9,5,-1,-2,-2,-1,-1,23
3260,3260,1503609583840,-20,-15,-7,-4,0,1,-2,-11
3261,3261,1503609583856,-17,-24,6,4,3,0,2,-12
3262,3262,1503609583863,8,-9,-4,-4,-3,-4,-10,2
3263,3263,1503609583871,-5,9,8,7,3,2,-6,-10
3264,3264,1503609583878,4,3,6,9,0,-2,-3,-7
3487,3487,1503609586068,22,23,14,2,4,1,2,9
3488,3488,1503609586076,6,6,-3,-2,-2,-3,-6,-21
3489,3489,1503609586090,-10,8,-10,-7,-4,-5,-1,-1
3490,3490,1503609586098,14,7,14,4,0,0,4,18
3491,3491,1503609586105,-5,-17,-8,-1,-1,-3,-8,-14
3492,3492,1503609586121,-23,-11,8,4,-2,-1,5,2
3493,3493,1503609586128,4,-13,0,4,1,1,3,14
3494,3494,1503609586136,-5,-8,-2,-2,0,0,-2,2
3495,3495,1503609586150,-9,-32,-13,-3,-2,0,4,4
3496,3496,1503609586158,19,28,10,2,1,1,1,11
3497,3497,1503609586165,-5,-33,-2,4,1,-3,-5,5
3498,3498,1503609586180,-1,8,15,0,0,-1,-1,-3
3499,3499,1503609586188,7,-7,-7,0,0,-1,2,-1
3500,3500,1503609586196,8,2,-7,2,2,0,0,3
3501,3501,1503609586209,0,3,-15,-9,-5,-4,-2,4
3502,3502,1503609586218,-2,16,-2,-3,0,1,1,3
3503,3503,1503609586225,-2,2,-5,-6,-4,-1,-3,-8
3504,3504,1503609586240,-5,-2,-4,0,1,-1,-4,-11
3505,3505,1503609586250,-2,4,6,4,3,1,6,4
3506,3506,1503609586251,-9,10,6,2,-1,-1,-1,-2
3507,3507,1503609586256,-2,-8,-8,-4,-4,-3,-10,-7
3508,3508,1503609586270,-1,16,14,1,0,-1,-1,0
3509,3509,1503609586278,-3,-14,-4,-1,-1,-1,-4,5
3510,3510,1503609586287,-17,-17,-4,3,1,1,-3,4
3511,3511,1503609586300,-4,-13,1,-1,0,1,2,1
3512,3512,1503609586308,-7,2,-3,-4,-2,0,-3,-5
3513,3513,1503609586319,19,10,-2,-2,0,-3,-2,-5
3514,3514,1503609586330,7,4,0,-2,2,-1,5,6
3515,3515,1503609586338,2,3,-5,-2,-1,0,-1,12
3516,3516,1503609586345,2,-1,4,-1,2,2,7,2
3517,3517,1503609586360,0,-2,-4,-2,-3,-4,-7,-1
3518,3518,1503609586368,-4,15,3,-3,-2,-2,-4,-11
3519,3519,1503609586376,-4,-2,0,1,0,1,4,2
3520,3520,1503609586391,3,-8,-3,-2,-1,-4,-6,-3
3521,3521,1503609586398,-8,6,1,2,3,-1,-1,8
3522,3522,1503609586405,6,6,-6,-3,-1,-3,0,9
3523,3523,1503609586420,1,1,-6,-7,-5,-2,1,7
3524,3524,1503609586421,-7,-5,-3,-3,1,0,2,-1
3525,3525,1503609586428,7,5,6,2,-2,-1,-4,1
3526,3526,1503609586436,-4,-9,-10,-8,-5,-1,0,-1
3527,3527,1503609586453,-6,2,7,3,-4,0,0,1
3528,3528,1503609586458,11,-5,-3,-3,-3,-2,1,14
3529,3529,1503609586465,-1,-3,-1,1,0,0,2,0
3530,3530,1503609586480,4,11,2,-2,-1,-3,-6,-17
3531,3531,1503609586488,-6,-18,4,5,1,1,-5,-8
3532,3532,1503609586497,-15,18,19,7,1,4,6,4
3533,3533,1503609586510,6,-17,-14,-2,-1,-2,3,-4
3534,3534,1503609586519,9,-8,-3,0,1,-1,1,14
3535,3535,1503609586525,-7,3,-5,-7,-2,-1,-4,5
3536,3536,1503609586540,7,4,4,3,2,2,2,7
3537,3537,1503609586548,6,6,1,-3,-3,-4,-4,-3
3538,3538,1503609586558,-4,0,-5,-2,-5,-2,0,-9
3539,3539,1503609586570,-2,22,9,4,8,1,1,-4
3540,3540,1503609586578,-1,-5,-6,-5,-4,-1,0,-4
3541,3541,1503609586586,-5,-1,3,-2,-12,-2,-2,-6
3542,3542,1503609586600,-9,-1,2,2,6,1,1,1
3543,3543,1503609586607,-1,0,-2,-1,1,-2,1,-4
3544,3544,1503609586616,-2,-2,-4,-3,-4,-2,-4,-17
3545,3545,1503609586630,5,10,-1,-2,-1,2,4,7
3546,3546,1503609586638,-1,-1,6,6,2,0,-1,4
3547,3547,1503609586645,0,-6,-3,-2,0,0,0,1
3548,3548,1503609586661,-7,-16,-7,-1,-1,-1,-2,-8
3549,3549,1503609586668,-7,-13,0,2,-1,-1,-5,-4
3550,3550,1503609586676,0,-6,-16,-8,-6,-1,1,3
3551,3551,1503609586690,3,-1,7,3,3,1,-1,-4
3552,3552,1503609586698,-4,-9,3,3,3,-1,-7,-14
3553,3553,1503609586705,1,2,-6,-3,1,1,1,0
3554,3554,1503609586722,-13,1,1,-2,-1,0,-3,-23
3861,3861,1503609589682,-3,1,-5,-3,-1,0,2,-14
3862,3862,1503609589698,-3,3,-3,-5,-2,-1,-6,-18
3863,3863,1503609589706,-5,-4,2,2,3,0,-3,-2
3864,3864,1503609589720,-4,-2,-5,-2,-3,-1,1,-12
3865,3865,1503609589727,8,-2,3,1,0,0,2,11
3866,3866,1503609589735,-1,-6,-7,-3,-2,-1,0,17
3867,3867,1503609589750,-10,-5,1,-4,-4,-4,-2,-11
3868,3868,1503609589758,0,-3,-17,-14,-4,-2,2,9
3869,3869,1503609589765,-9,-17,5,5,0,4,7,8
3870,3870,1503609589780,-5,-20,-12,-4,-5,-4,-5,-6
3871,3871,1503609589787,2,7,-7,-6,-2,-2,-6,-17
3872,3872,1503609589795,2,14,17,8,4,0,5,11
3873,3873,1503609589810,3,-3,-3,2,-1,-1,-4,-16
3874,3874,1503609589811,12,16,4,-1,-1,1,-1,12
3875,3875,1503609589818,2,7,7,4,2,1,4,-10
3876,3876,1503609589825,-16,-7,-4,0,-2,-1,-5,-5
3877,3877,1503609589848,3,33,21,3,2,3,-1,-9
3878,3878,1503609589855,3,1,9,3,-2,-3,-5,11
3879,3879,1503609589870,6,-23,-25,-6,-4,-3,3,22
3880,3880,1503609589879,0,4,12,11,6,4,-1,-6
3881,3881,1503609589885,12,2,-9,-1,0,0,2,13
3882,3882,1503609589900,0,-12,-21,-10,-2,-1,-9,-14
3883,3883,1503609589909,0,10,13,6,3,1,-2,-4
3884,3884,1503609589916,-13,-3,1,-1,-1,1,4,2
3885,3885,1503609589930,2,13,7,3,-2,-1,-4,-13
3886,3886,1503609589939,10,12,-1,-3,-3,-3,-3,-5
3887,3887,1503609589946,-4,-12,-4,-2,-1,-1,-1,-10
3888,3888,1503609589960,-3,-4,1,2,0,1,3,0
3889,3889,1503609589967,-1,2,-1,0,-3,-3,-1,1
3890,3890,1503609589968,-16,-22,-17,-12,-3,-3,0,3
3891,3891,1503609589977,-3,-9,11,9,4,-1,-6,-29
3892,3892,1503609589990,3,-22,-4,0,0,-1,-1,2
3893,3893,1503609589998,-19,-9,-19,-11,-4,-2,1,-3
3894,3894,1503609590005,-21,-2,3,5,-3,-1,0,-9
3895,3895,1503609590020,14,9,-2,-3,2,1,1,2
3896,3896,1503609590027,9,-1,-6,-5,-3,-1,3,11
3897,3897,1503609590035,-4,8,14,9,2,2,-5,-9
3898,3898,1503609590036,0,-1,1,-1,0,1,5,30
3899,3899,1503609590050,12,-2,-1,0,0,-1,-2,-6
3900,3900,1503609590058,11,11,-3,0,-2,-2,-1,1
3901,3901,1503609590065,-3,-1,7,11,3,2,0,-6
3902,3902,1503609590080,-12,-20,5,-6,-6,-2,-2,-6
3903,3903,1503609590087,7,30,11,0,1,2,3,4
3904,3904,1503609590095,-4,-13,-19,-4,-4,-3,-13,-11
3905,3905,1503609590110,-17,-22,-9,-5,-1,-1,-3,0
3906,3906,1503609590119,-11,5,3,-1,-2,-3,3,-8
3907,3907,1503609590125,0,-12,-10,-3,-3,-2,-3,0
3908,3908,1503609590140,19,-13,-27,-7,-3,-2,5,18
3909,3909,1503609590147,16,46,-11,-1,-1,-2,-5,1
3910,3910,1503609590155,2,33,28,8,4,0,0,-6
3911,3911,1503609590170,1,-20,-28,-12,-4,-2,-2,2
3912,3912,1503609590178,0,5,-6,2,3,0,-1,-3
3913,3913,1503609590186,4,-4,8,3,2,0,1,1
3914,3914,1503609590200,-8,-20,-7,-3,-3,0,-6,-3
3915,3915,1503609590207,0,16,13,-2,-1,0,1,-1
3916,3916,1503609590215,-4,-8,-2,-1,1,0,6,7
3917,3917,1503609590230,18,3,13,4,3,-1,-7,6
3918,3918,1503609590238,-8,-3,-2,-4,-4,-2,-4,-6
3919,3919,1503609590245,-48,-56,-17,-4,0,-4,-7,-21
3920,3920,1503609590260,-7,0,5,3,1,2,0,-7
3921,3921,1503609590267,7,-3,-3,-2,-3,3,9,13
3922,3922,1503609590276,-5,-12,1,-1,0,-1,0,-5
3923,3923,1503609590290,-2,3,9,1,0,-2,-7,-3
3924,3924,1503609590298,4,-2,2,7,1,0,0,4
3925,3925,1503609590305,8,7,7,2,-4,-2,3,7
3926,3926,1503609590321,7,12,1,-1,-3,0,1,8
3927,3927,1503609590327,-11,0,-5,-3,-3,-4,1,-2
3928,3928,1503609590335,-16,-22,1,-1,-1,0,7,5
3929,3929,1503609590350,19,13,-1,-5,-1,0,-3,-6
3930,3930,1503609590358,8,8,-3,-7,0,-2,1,-1
3931,3931,1503609590365,-15,-16,-7,0,0,1,4,1
3932,3932,1503609590381,2,-5,1,5,2,-3,-9,-13
3933,3933,1503609590388,-1,4,9,5,6,3,-1,-2
3934,3934,1503609590395,2,4,-1,-2,2,-2,-4,4
3935,3935,1503609590411,7,10,9,7,1,-4,-12,-13
3936,3936,1503609590418,7,7,-4,-4,-2,1,5,3
3937,3937,1503609590425,3,5,-9,-7,-2,1,3,5
3938,3938,1503609590440,2,-7,-2,-1,-1,-2,3,9
3939,3939,1503609590447,2,14,16,7,2,0,-3,-14
3940,3940,1503609590448,6,14,-3,-2,-2,-1,4,11
3941,3941,1503609590456,-19,-4,0,-5,-2,-2,-5,-9
3942,3942,1503609590470,-9,-6,4,4,-2,0,1,2
3943,3943,1503609590479,1,-7,-9,-3,2,2,-2,-6
3944,3944,1503609590485,9,6,-5,-9,-1,1,1,0
3945,3945,1503609590501,4,-6,-1,1,-2,1,5,13
3946,3946,1503609590514,-18,-16,-15,-8,-3,-2,-1,-36
3947,3947,1503609590516,-2,9,6,0,-3,-4,-6,-11
3948,3948,1503609590530,-1,-7,4,-1,0,-1,-1,5
4357,4357,1503609594527,1,-3,-3,-4,1,0,3,6
4358,4358,1503609594543,-2,4,2,1,0,2,1,-2
4359,4359,1503609594550,3,-6,-3,-2,-4,-2,-2,-3
4360,4360,1503609594558,0,-11,-3,2,1,0,2,4
4361,4361,1503609594573,-33,-19,-9,-1,-2,0,-1,0
4362,4362,1503609594586,9,-6,-9,-4,-3,-2,-1,3
4363,4363,1503609594588,1,0,-6,-1,2,0,-1,-4
4364,4364,1503609594603,1,-2,3,3,2,-2,1,6
4365,4365,1503609594610,1,5,3,-2,0,-1,-3,-1
4366,4366,1503609594618,4,13,1,1,1,2,0,1
4367,4367,1503609594632,11,8,4,4,3,1,1,-1
4368,4368,1503609594642,-16,8,5,1,0,-1,-2,-2
4369,4369,1503609594647,1,-11,-5,-3,-3,-3,-1,1
4370,4370,1503609594663,-1,-14,-9,-5,-2,1,-4,-4
4371,4371,1503609594670,16,5,3,-3,-1,-3,-2,0
4372,4372,1503609594678,-4,-6,8,9,0,0,-1,-1
4373,4373,1503609594692,-8,-9,-2,2,0,0,-1,1
4374,4374,1503609594700,3,-10,-3,-5,-5,-1,-1,0
4375,4375,1503609594709,10,-3,-6,-1,0,-1,1,1
4376,4376,1503609594723,4,11,6,-2,-2,-1,-2,-1
4377,4377,1503609594730,1,5,2,0,-3,-1,0,1
4378,4378,1503609594738,9,8,-10,-12,-4,-2,-1,2
4379,4379,1503609594752,20,19,9,0,-1,-1,-1,2
4380,4380,1503609594761,-2,3,0,-1,1,-1,-3,-3
4381,4381,1503609594767,11,8,-1,2,-1,0,0,2
4382,4382,1503609594783,11,5,5,5,1,-1,0,-3
4383,4383,1503609594790,-5,6,-4,-3,-2,-1,-2,-5
4384,4384,1503609594798,-16,-4,1,-1,1,-2,-3,-5
4385,4385,1503609594813,-15,-3,2,0,1,1,-1,-3
4386,4386,1503609594820,-9,0,-1,-1,0,0,2,-1
4387,4387,1503609594827,-24,-11,-7,-2,-1,-1,-3,-2
4388,4388,1503609594846,-3,-6,1,2,2,0,0,3
4389,4389,1503609594850,0,-7,-7,-2,-4,-1,0,0
4390,4390,1503609594858,1,3,7,4,-3,0,-1,-1
4391,4391,1503609594872,2,-6,0,0,-1,-2,-1,-2
4392,4392,1503609594880,-6,-6,-2,-4,0,0,-2,-5
4393,4393,1503609594887,-19,-1,1,-1,-2,-1,-3,-6
4394,4394,1503609594903,4,-11,-7,0,0,-1,0,2
4395,4395,1503609594911,3,0,5,3,3,2,3,4
4396,4396,1503609594918,5,-3,-4,-4,0,-1,-1,1
4397,4397,1503609594933,11,-3,-4,-5,-4,-3,-1,2
4398,4398,1503609594940,-1,-3,-4,-2,-3,-2,0,-1
4399,4399,1503609594948,0,-1,-2,-2,-1,-1,-1,-2
4400,4400,1503609594963,-4,5,1,2,0,-2,3,5
4401,4401,1503609594970,0,11,10,10,7,1,-6,-14
4402,4402,1503609594979,-1,-9,0,3,0,1,-1,-1
4403,4403,1503609594999,-4,-1,1,-4,-4,-1,0,-1
4404,4404,1503609595001,7,-15,0,1,-1,0,-4,-3
4405,4405,1503609595007,10,4,-4,-5,-1,0,1,4
4406,4406,1503609595023,6,13,-5,-4,-5,-3,-4,-5
4407,4407,1503609595030,6,3,-3,1,3,1,2,6
4408,4408,1503609595038,5,-3,-1,0,-1,0,-1,-4
4409,4409,1503609595053,0,1,5,-2,0,-2,-2,-3
4410,4410,1503609595060,-11,10,9,-1,1,-1,-5,-12
4411,4411,1503609595067,-18,-7,-1,-3,-5,-1,-1,1
4412,4412,1503609595083,2,7,6,0,-1,0,4,2
4413,4413,1503609595090,22,7,-2,-2,-3,-4,-3,-1
4414,4414,1503609595098,6,3,-5,-1,-3,0,0,7
4415,4415,1503609595113,-5,-5,-3,2,1,0,3,3
4416,4416,1503609595120,7,8,-4,-7,-2,-3,-1,-6
4417,4417,1503609595127,-1,-1,1,-2,0,2,2,4
4418,4418,1503609595143,-10,-6,-2,2,-3,0,1,2
4419,4419,1503609595152,3,-1,-3,-1,2,-1,0,13
4420,4420,1503609595158,-9,-2,0,3,4,0,-1,1
4421,4421,1503609595173,-18,-27,-11,-3,0,2,2,-1
4422,4422,1503609595181,-8,-3,13,6,3,1,-1,2
4423,4423,1503609595187,-6,-6,0,0,-1,-1,-4,-11
4424,4424,1503609595203,-3,-2,-18,-15,-6,-4,-3,-5
4425,4425,1503609595210,2,6,5,3,1,1,-3,-5
4426,4426,1503609595218,13,4,-1,-8,-4,-1,2,12
4427,4427,1503609595233,3,15,19,7,2,-1,0,2
4428,4428,1503609595240,-5,-3,-2,2,-1,1,-1,-2
4429,4429,1503609595248,-5,-1,-3,-5,-2,-2,-3,-6
4430,4430,1503609595263,-6,-5,-1,4,3,1,-1,-5
4431,4431,1503609595271,8,-2,-7,-3,-3,-1,-4,-6
4432,4432,1503609595280,6,-1,0,3,3,1,1,3
4433,4433,1503609595293,4,7,1,3,-2,-1,-1,-5
4434,4434,1503609595300,0,-4,0,-4,-2,-3,-2,1
4435,4435,1503609595307,5,2,-3,0,0,1,5,5
4436,4436,1503609595323,-7,2,4,4,1,-1,0,0
4437,4437,1503609595330,-9,3,14,6,3,0,-4,-9
4438,4438,1503609595347,-6,-3,-3,-9,-6,-4,-3,-11
4439,4439,1503609595353,7,-6,-5,-4,-4,-4,-4,-12
4440,4440,1503609595361,3,0,-2,6,1,1,2,9
4441,4441,1503609595375,-3,-7,-10,-4,-2,-1,-1,2
4442,4442,1503609595383,1,-1,-7,-5,-4,-2,0,0
4443,4443,1503609595390,0,-3,-6,-6,-4,-4,0,8
4444,4444,1503609595405,-3,3,-5,-3,0,0,1,-4
4445,4445,1503609595415,7,-8,-4,-3,-1,-1,-1,6
4446,4446,1503609595420,-19,-21,-4,-2,0,1,-2,0
4447,4447,1503609595435,-2,-9,-8,1,-5,-2,-4,-5
4448,4448,1503609595443,-7,15,-2,-2,-2,-2,-1,-7
4449,4449,1503609595450,-5,-1,1,2,0,0,-1,-4
4450,4450,1503609595465,3,-2,0,-2,-1,1,-1,4
4451,4451,1503609595472,8,16,-9,-9,-4,-5,-1,-1
4452,4452,1503609595481,4,6,11,3,3,0,-1,-6
4453,4453,1503609595495,-9,2,3,1,1,3,2,1
4454,4454,1503609595503,-2,-1,1,3,-2,-1,1,-2
4455,4455,1503609595510,-5,-2,-1,-2,-1,-1,-3,-8
4456,4456,1503609595525,-2,10,1,4,1,0,-1,-3
4457,4457,1503609595532,19,5,2,3,2,1,5,15
4458,4458,1503609595540,9,3,-9,-6,-4,-4,-5,-10
4459,4459,1503609595555,-9,-10,7,5,0,1,-1,5
4460,4460,1503609595563,9,-4,-1,0,1,0,3,10
4461,4461,1503609595570,-6,-1,-1,1,-1,0,-1,-2
4462,4462,1503609595585,2,16,0,1,-1,2,0,0
4463,4463,1503609595592,-2,-15,-9,-4,0,0,-1,-5
4464,4464,1503609595600,-19,-14,-3,-3,-4,-4,-2,-5
4465,4465,1503609595615,5,-3,-10,-4,1,0,1,4
4466,4466,1503609595616,2,18,8,-1,-2,1,0,5
4467,4467,1503609595624,16,4,0,-2,-1,-2,2,9
4468,4468,1503609595630,-2,-14,-9,-3,-1,-2,-1,3
4469,4469,1503609595645,-11,-4,3,4,1,-1,-1,-7
4470,4470,1503609595652,4,7,8,3,2,2,3,4
4471,4471,1503609595660,3,-11,-7,-8,0,-1,-1,4
4472,4472,1503609595675,-12,-4,-6,-3,-4,-4,-3,-10
4473,4473,1503609595683,0,-35,-14,3,-1,1,-4,-8
4474,4474,1503609595690,-4,-5,0,-1,1,0,1,0
4475,4475,1503609595705,-4,5,-1,0,-1,-1,-1,-1
4476,4476,1503609595712,1,2,7,2,1,1,1,-1
4477,4477,1503609595720,-7,-1,-6,-7,-4,-1,0,-2
4478,4478,1503609595735,-1,4,-1,-5,-2,0,3,3
4479,4479,1503609595751,-13,-7,-4,3,-4,-4,-3,-13
4480,4480,1503609595765,1,3,7,3,1,2,3,2
4481,4481,1503609595772,-3,-15,-14,-8,-1,1,-3,-7
4482,4482,1503609595780,-6,1,7,6,4,1,-5,-5
4483,4483,1503609595795,12,9,14,7,3,0,1,16
4484,4484,1503609595803,13,3,-7,-9,-5,-3,1,16
4485,4485,1503609595810,-9,-4,-1,-3,-1,-2,-3,-6
4486,4486,1503609595825,-9,-5,-17,-12,-5,-5,-2,3
4487,4487,1503609595832,7,20,20,13,5,2,4,3
4488,4488,1503609595840,-3,6,3,4,0,1,1,10
4489,4489,1503609595855,-15,-21,-23,-10,-7,-4,-7,-3
4490,4490,1503609595863,1,-3,4,4,-1,1,2,-11
4491,4491,1503609595870,0,-1,-12,-3,-3,-1,-4,1
4492,4492,1503609595885,36,16,-2,-5,-4,-2,-5,-10
4493,4493,1503609595893,-3,1,2,-3,0,-1,-1,-6
4494,4494,1503609595900,8,2,6,2,1,-1,5,21
4495,4495,1503609595915,9,6,3,-1,0,-1,2,11
4496,4496,1503609595923,-15,-7,0,-2,-1,-3,-2,-20
4497,4497,1503609595930,1,-9,-16,-6,-3,-2,-1,3
4498,4498,1503609595945,-21,-14,4,6,1,0,-5,-16
4499,4499,1503609595952,-1,2,2,-3,-1,-2,-2,11
4500,4500,1503609595960,-7,-5,-3,-2,-1,-1,0,-5
4501,4501,1503609595975,14,0,2,1,-1,0,1,3
4502,4502,1503609595984,35,16,1,-3,0,2,4,22
4503,4503,1503609595990,17,-8,-7,1,4,3,2,17
4504,4504,1503609596005,23,-11,2,8,-3,-2,-1,-6
4505,4505,1503609596013,-24,-2,5,1,0,0,-1,-9
4506,4506,1503609596021,-21,-8,-9,-5,-2,-1,2,3
4507,4507,1503609596035,-5,26,11,8,0,-1,-3,-18
4508,4508,1503609596043,-2,2,-4,-4,0,-1,-1,5
4509,4509,1503609596052,-9,3,3,-3,-1,0,-3,-31
4510,4510,1503609596065,-12,2,5,-1,-1,-2,-4,0
4511,4511,1503609596072,6,9,0,-1,-2,-2,1,2
4512,4512,1503609596080,-4,-2,-12,-11,-3,2,2,-5
4513,4513,1503609596095,-4,10,28,7,3,0,0,2
4514,4514,1503609596103,-16,7,2,0,0,-1,-1,-5
4515,4515,1503609596110,19,-10,-19,-6,-3,-2,0,5
4516,4516,1503609596125,-2,-2,-2,-2,-2,-1,-3,-4
4517,4517,1503609596132,-5,-20,-2,-1,-1,1,0,0
4518,4518,1503609596140,-10,-15,-3,-3,-2,-1,-3,-3
4519,4519,1503609596155,-18,-12,-8,-5,-2,-3,-2,-5
4520,4520,1503609596163,-7,1,-1,-2,0,-1,-1,-2
4521,4521,1503609596169,2,2,-7,-3,-1,-2,0,-1
4522,4522,1503609596186,7,0,-4,3,2,3,2,8
4523,4523,1503609596192,-4,-30,-13,-6,-3,-1,-3,1
4524,4524,1503609596200,17,9,10,-1,-3,1,-1,3
4525,4525,1503609596215,8,1,-8,-2,-4,-2,-4,1
4526,4526,1503609596223,-1,-10,-5,6,1,-2,-1,5
4527,4527,1503609596230,-11,1,14,3,1,0,-2,0
4528,4528,1503609596245,-19,-30,-6,0,0,0,-3,-6
4529,4529,1503609596253,-6,-7,-7,-2,-1,0,-1,-8
4530,4530,1503609596267,7,7,2,1,2,1,1,4
4531,4531,1503609596275,1,3,1,-4,1,0,1,-3
4532,4532,1503609596283,3,15,-4,-2,-3,-2,-2,-8
4533,4533,1503609596297,5,7,-3,2,-4,-2,-2,1
4534,4534,1503609596305,-15,-5,14,5,2,0,0,9
4535,4535,1503609596312,0,-2,-5,-1,-1,-1,-1,-2
4536,4536,1503609596327,9,-17,-10,-3,-3,-1,-5,-7
4537,4537,1503609596335,6,7,0,-1,-2,-4,-1,3
4538,4538,1503609596343,-1,23,4,0,-1,-2,-1,3
4539,4539,1503609596357,4,2,-6,-3,-1,1,-1,4
4540,4540,1503609596365,1,3,-5,-5,-2,0,1,-1
4541,4541,1503609596372,-3,12,4,3,4,1,-4,-4
4542,4542,1503609596388,5,6,1,-4,-2,-3,-1,8
4543,4543,1503609596395,-10,-13,-3,-5,-2,-1,0,-4
4544,4544,1503609596403,-2,1,1,2,1,0,1,-3
4545,4545,1503609596416,-1,-2,-5,-2,-3,-1,0,2
4546,4546,1503609596426,8,13,-4,3,1,-1,-1,-4
4547,4547,1503609596432,29,23,17,5,1,-1,1,-8
4548,4548,1503609596447,6,-2,-5,-4,-5,-3,-2,-9
4549,4549,1503609596456,-2,-7,-3,-2,-1,-1,-1,0
4550,4550,1503609596463,-1,17,6,-1,-1,-2,-1,3
4551,4551,1503609596476,0,6,2,0,0,-2,2,5
4552,4552,1503609596485,-5,-12,-1,1,-1,2,0,-5
4553,4553,1503609596492,4,-2,2,4,0,0,-1,6
4554,4554,1503609596507,3,-6,4,1,0,-1,-3,-15
4555,4555,1503609596515,-11,-1,6,2,0,0,-1,-7
4556,4556,1503609596523,-6,-6,-1,-1,-3,0,-1,3
4557,4557,1503609596536,-8,-3,-5,-2,0,0,-1,-1
4558,4558,1503609596545,6,10,3,-2,-1,0,0,1
4559,4559,1503609596552,-6,-6,-9,-4,-2,-2,-1,-2
4560,4560,1503609596567,-7,-3,1,5,-1,-2,1,1
4561,4561,1503609596575,6,-3,4,2,0,0,-1,-2
4562,4562,1503609596583,28,3,-9,-5,-2,-3,-2,13
4563,4563,1503609596597,-4,1,-3,-3,-3,0,-1,-2
4564,4564,1503609596605,-15,-8,-3,-3,-2,-2,-4,-4
4565,4565,1503609596612,-1,-4,-9,-3,0,-2,-1,0
4566,4566,1503609596627,-3,6,8,2,3,1,2,1
4567,4567,1503609596635,16,5,-2,-3,-3,-1,0,1
4568,4568,1503609596643,-1,-2,1,-3,2,0,-2,-7
4569,4569,1503609596657,-8,0,15,9,2,0,1,2
4570,4570,1503609596665,-17,-10,-1,1,-1,0,0,-7
4571,4571,1503609596672,-8,-9,0,1,0,-1,-2,-5
4572,4572,1503609596690,-9,4,-1,0,0,-1,-3,-10
4573,4573,1503609596696,-8,4,3,-1,0,-1,-1,-3
4574,4574,1503609596703,4,2,-8,-9,-3,-1,0,2
4575,4575,1503609596716,4,3,4,2,3,1,0,0
4576,4576,1503609596725,-3,2,3,-4,-2,0,1,11
4577,4577,1503609596732,7,4,-1,-7,-2,-2,-2,-2
4578,4578,1503609596747,-2,-2,-5,-2,-1,-1,0,-1
4579,4579,1503609596757,-10,-11,-9,0,-2,-2,-2,-4
4580,4580,1503609596763,-1,-2,5,1,-2,-1,-2,-3
4581,4581,1503609596777,-14,-8,-9,-3,-4,-2,-1,2
4582,4582,1503609596785,-1,-4,1,2,1,0,-1,1
4583,4583,1503609596792,10,12,-6,-4,-1,1,1,5
4584,4584,1503609596807,1,18,1,0,-1,-2,-2,-4
4585,4585,1503609596815,-4,-7,2,-2,0,1,1,2
4586,4586,1503609596825,-2,-14,-5,1,-1,-2,-3,-4
4587,4587,1503609596837,5,0,-11,-5,-2,-1,0,1
4588,4588,1503609596845,2,-10,3,2,1,1,3,14
4589,4589,1503609596852,-5,-6,4,1,0,0,-1,-3
4590,4590,1503609596867,6,8,1,-1,-1,2,0,0
4591,4591,1503609596875,-1,-3,-3,-4,-3,-1,-2,-12
4592,4592,1503609596883,-6,-11,-8,-4,-3,-3,-2,-11
4593,4593,1503609596897,0,-2,-1,0,0,-1,-1,-6
4594,4594,1503609596905,-5,1,-1,0,0,-1,-4,-7
4595,4595,1503609596912,5,7,3,-5,-1,-1,1,4
4596,4596,1503609596928,-10,-7,-4,-2,-1,0,0,1
4597,4597,1503609596935,1,0,-1,-3,0,-2,-2,-1
4598,4598,1503609596943,7,-1,10,2,0,0,0,-3
4599,4599,1503609596959,-6,-12,-14,-3,-4,-1,-1,1
4600,4600,1503609596965,-1,0,-3,-1,-3,0,2,6
4601,4601,1503609596972,4,1,-1,2,-2,0,2,9
4602,4602,1503609596987,-7,-8,-5,-3,0,-2,0,3
4603,4603,1503609596995,-6,1,5,3,2,-2,-1,-4
4604,4604,1503609597003,6,24,6,2,2,0,-1,-4
4605,4605,1503609597016,-4,-24,-2,-2,-1,1,1,0
4606,4606,1503609597017,3,4,1,4,1,-1,-3,-4
4607,4607,1503609597025,6,-10,-15,-6,-1,0,-3,0
4608,4608,1503609597039,8,28,7,0,1,0,1,2
4609,4609,1503609597047,-1,-10,-3,-3,-2,-2,-3,-2
4610,4610,1503609597062,-5,-9,4,0,-1,0,-1,-3
4611,4611,1503609597064,-1,-5,-1,-1,-1,0,-3,-4
4612,4612,1503609597076,-2,-8,-13,-8,-3,-2,-2,-3
4613,4613,1503609597085,-1,-17,-3,-1,-1,0,2,9
4614,4614,1503609597092,-3,12,10,1,1,-1,-2,0
4615,4615,1503609597107,-1,8,-1,-3,-2,-1,-1,0
4616,4616,1503609597115,-6,-7,-7,0,-1,1,-1,-2
4617,4617,1503609597123,3,-2,-3,-2,-2,-2,0,-1
4618,4618,1503609597136,-11,-13,-5,0,1,1,-2,-2
4619,4619,1503609597145,7,7,0,1,-3,-1,-2,-1
4620,4620,1503609597152,-4,-21,3,-2,-3,-1,-2,-2
4621,4621,1503609597168,-6,-5,2,-1,1,0,1,-1
5391,5391,1503609604674,14,6,1,2,1,-1,4,14
5392,5392,1503609604690,-14,-5,-10,-5,-2,-1,-3,-23
5393,5393,1503609604697,11,8,7,6,1,-2,-9,-5
5394,5394,1503609604713,11,-4,-5,1,-1,-1,1,22
5395,5395,1503609604719,0,-9,-12,-10,-6,-1,-1,0
5396,5396,1503609604734,-14,7,7,-1,-2,0,-2,-15
5397,5397,1503609604735,-2,-6,-8,-5,-3,-2,-8,-15
5398,5398,1503609604750,11,-11,-3,4,2,-1,2,13
5399,5399,1503609604757,15,-4,-4,-3,0,1,5,29
5400,5400,1503609604766,11,-1,-5,-2,-2,-3,-6,2
5401,5401,1503609604780,-21,-2,-6,-2,-3,-2,0,8
5402,5402,1503609604788,-4,-2,-3,6,5,2,1,1
5403,5403,1503609604794,3,-3,0,2,2,3,0,-4
5404,5404,1503609604810,1,25,24,2,-4,-5,-8,-4
5405,5405,1503609604817,7,-4,-4,2,1,0,-2,-5
5406,5406,1503609604825,-6,-6,-9,-3,-1,-2,-4,-9
5407,5407,1503609604839,15,30,2,-5,-5,-5,-7,-9
5408,5408,1503609604847,2,13,13,1,-1,0,-8,-4
5409,5409,1503609604855,10,-1,-2,0,0,0,7,6
5410,5410,1503609604870,8,-4,-8,-1,-1,-3,2,20
5411,5411,1503609604877,7,0,5,2,2,2,3,12
5412,5412,1503609604885,20,-2,-2,-7,-3,-3,5,2
5413,5413,1503609604901,7,-25,-4,1,-3,-2,1,-1
5414,5414,1503609604907,-3,-3,-7,-2,-2,1,3,-4
5415,5415,1503609604915,4,6,4,5,5,3,-4,-15
5416,5416,1503609604930,-24,-9,-1,-1,-1,-1,-3,-28
5417,5417,1503609604937,0,-11,0,-3,-3,-2,-4,8
5418,5418,1503609604950,-18,-11,3,-1,-2,-2,-6,-16
5419,5419,1503609604959,-6,-4,-6,-2,1,0,0,-28
5420,5420,1503609604967,6,-14,-7,-4,-1,-1,1,18
5421,5421,1503609604974,-19,-38,-21,-9,-5,-4,-9,10
5422,5422,1503609604990,8,2,-3,0,1,2,4,14
5423,5423,1503609604997,-22,9,5,1,1,0,3,-9
5424,5424,1503609605013,-16,-23,-13,-7,-3,1,5,13
5425,5425,1503609605026,8,17,-5,-4,-2,0,1,32
5426,5426,1503609605028,-4,4,-3,-3,-3,-3,-2,-11
5427,5427,1503609605034,-7,8,9,1,-3,-5,-20,-49
5428,5428,1503609605050,-9,-19,-4,5,2,1,1,7
5429,5429,1503609605057,24,15,11,2,0,0,1,13
5430,5430,1503609605065,23,16,0,-1,0,1,-1,-9
5431,5431,1503609605081,28,0,-6,-3,-3,-1,7,26
5432,5432,1503609605087,14,6,-2,2,2,2,-1,14
5433,5433,1503609605094,-13,-18,-14,-6,-4,-4,4,3
5434,5434,1503609605110,-3,-13,-13,-4,-1,1,4,2
5435,5435,1503609605117,-10,3,-7,-8,-5,-3,3,9
5436,5436,1503609605125,-10,4,8,2,1,-3,-2,-21
5437,5437,1503609605139,-12,-7,0,-1,1,3,-5,-13
5438,5438,1503609605149,-8,8,6,1,0,-2,-1,-8
5439,5439,1503609605154,2,15,8,2,0,0,-2,-12
5440,5440,1503609605170,-1,-2,2,2,2,-1,-9,-34
5441,5441,1503609605177,32,47,12,2,1,1,1,7
5442,5442,1503609605185,7,17,-3,-3,-2,-1,-7,-1
5443,5443,1503609605200,-13,-16,-6,-4,0,0,-1,-1
5444,5444,1503609605207,25,38,23,3,0,0,-1,25
5445,5445,1503609605216,10,2,12,1,-2,-2,1,4
5446,5446,1503609605230,-7,-20,-1,4,1,5,4,11
5447,5447,1503609605237,-33,-15,-3,-3,0,-1,2,1
5448,5448,1503609605252,-7,-19,-5,1,3,1,-4,-3
5449,5449,1503609605259,-5,-19,-10,0,0,0,2,16
5450,5450,1503609605267,0,-21,-6,-5,-4,0,3,10
5451,5451,1503609605274,-2,5,8,8,3,2,-1,-11
5452,5452,1503609605290,17,23,5,0,0,-2,-5,-3
5453,5453,1503609605297,-6,-20,-13,-8,-4,-3,-2,-2
5454,5454,1503609605312,-7,-8,-3,6,4,0,-2,-14
5455,5455,1503609605320,5,15,6,0,-2,0,-5,-11
5456,5456,1503609605327,-8,-7,-6,-5,-3,1,18,16
5457,5457,1503609605342,2,-2,-5,-2,-1,0,1,-4
5458,5458,1503609605352,-27,-3,6,1,0,-3,-8,-25
5459,5459,1503609605357,4,7,6,1,-1,-3,-4,-6
5460,5460,1503609605372,-5,10,3,1,-1,-1,5,9
5461,5461,1503609605379,-2,-17,-6,-6,-3,-1,1,12
5462,5462,1503609605388,-9,-8,-8,-6,-4,-3,-5,-9
5463,5463,1503609605394,13,8,3,4,2,1,7,22
5464,5464,1503609605410,-11,-13,-10,-8,-3,-4,-6,-2
5465,5465,1503609605417,2,11,-1,1,1,1,-4,-5
5466,5466,1503609605432,-1,14,15,11,3,-3,-10,-11
5467,5467,1503609605439,-11,-4,4,1,0,0,0,-12
5468,5468,1503609605447,11,-2,-8,-5,-2,-2,5,12
5469,5469,1503609605455,-5,1,3,4,2,3,2,-34
5470,5470,1503609605470,-6,-6,-8,-6,-2,-1,3,-8
5471,5471,1503609605477,16,4,2,3,-4,-3,-5,-4
5957,5957,1503609610210,-8,-6,0,-2,-2,-2,-2,4
5958,5958,1503609610218,5,-3,6,7,1,0,1,7
5959,5959,1503609610232,6,-3,-5,-4,-4,-1,10,18
5960,5960,1503609610239,9,3,-4,-7,-4,-3,-1,-7
5961,5961,1503609610255,14,16,8,6,3,1,4,1
5962,5962,1503609610262,3,-1,-3,-1,-2,-3,0,1
5963,5963,1503609610270,1,-13,-22,-12,-6,-4,-3,2
5964,5964,1503609610284,-7,-6,1,3,4,4,7,15
5965,5965,1503609610293,-25,-16,-7,-2,-1,-1,-3,-19
5966,5966,1503609610299,-3,-5,-5,-5,-3,-1,10,3
5967,5967,1503609610314,14,-1,1,5,4,1,-2,25
5968,5968,1503609610322,-1,5,5,5,2,-3,-4,-10
5969,5969,1503609610329,7,-2,-6,-6,-3,1,2,19
5970,5970,1503609610330,-6,11,6,1,1,-1,-6,-19
5971,5971,1503609610344,2,1,-4,-5,-5,-3,-4,-3
5972,5972,1503609610352,6,15,6,-2,-3,-2,-8,12
5973,5973,1503609610360,-5,-7,0,2,2,2,1,-9
5974,5974,1503609610375,-8,-11,25,10,2,-2,-6,-34
5975,5975,1503609610381,5,-1,-8,-6,-2,-2,-2,31
5976,5976,1503609610382,-9,0,-6,-6,-7,-5,-5,-16
5977,5977,1503609610389,0,-5,-4,-2,4,1,6,6
5978,5978,1503609610404,-23,4,6,0,0,-2,-9,-21
5979,5979,1503609610412,2,1,-6,-6,-3,-1,-4,7
5980,5980,1503609610419,-8,7,12,5,1,4,4,6
5981,5981,1503609610434,-5,-4,-6,-1,-3,-1,-1,-4
5982,5982,1503609610442,12,5,2,4,2,4,5,21
5983,5983,1503609610450,8,24,12,0,0,-3,2,3
5984,5984,1503609610464,-8,14,13,-2,-1,-1,-5,7
5985,5985,1503609610472,-13,-4,-15,-9,-5,1,-1,-9
5986,5986,1503609610479,-30,-12,-9,-3,2,-1,-3,-33
5987,5987,1503609610494,-4,16,2,3,1,1,-10,-12
5988,5988,1503609610501,11,-13,-9,-4,-2,-1,1,1
5989,5989,1503609610510,8,-9,-11,-3,-2,0,5,-7
5990,5990,1503609610525,24,5,-6,-6,-5,-5,0,23
5991,5991,1503609610532,9,-1,1,0,1,0,1,3
5992,5992,1503609610539,-7,-13,-7,-6,-3,-5,-1,-13
5993,5993,1503609610555,-3,-14,-5,-4,-1,0,3,9
5994,5994,1503609610562,4,7,2,3,2,0,0,16
5995,5995,1503609610569,4,6,1,1,0,-1,-4,-10
5996,5996,1503609610584,18,16,8,1,0,0,-3,-1
5997,5997,1503609610593,-10,-17,-1,-3,-1,0,3,9
5998,5998,1503609610599,11,11,4,5,2,-1,1,14
5999,5999,1503609610614,8,-5,-8,-7,-3,-4,-3,4
6000,6000,1503609610622,-12,-8,-2,0,-1,3,5,-4
6001,6001,1503609610630,-8,-4,-6,-1,-1,-1,-1,-6
6002,6002,1503609610644,-2,-9,-10,-2,1,0,0,2
6003,6003,1503609610653,-6,-7,1,2,1,-1,-3,-16
6004,6004,1503609610659,-8,-18,-3,2,-1,-2,-7,-23
6005,6005,1503609610674,10,0,10,7,2,2,4,5
6006,6006,1503609610681,-15,-20,-13,-10,-3,-1,0,7
6007,6007,1503609610690,4,10,2,2,-2,-1,-3,-14
6008,6008,1503609610704,15,16,11,1,1,0,-3,-4
6009,6009,1503609610712,-3,1,-1,5,-2,-1,2,20
6010,6010,1503609610721,6,0,-2,-1,1,0,0,2
6011,6011,1503609610734,-12,-3,-1,-1,-1,-1,0,1
6012,6012,1503609610741,7,-1,-1,1,-1,-1,-2,-3
6013,6013,1503609610749,12,12,10,-1,-1,-1,0,6
6014,6014,1503609610750,-13,-5,-4,-3,0,-2,-7,-26
6015,6015,1503609610771,-5,1,-5,0,0,1,2,1
6016,6016,1503609610773,4,-7,-9,-9,-5,-1,-1,6
6017,6017,1503609610779,11,16,11,6,2,0,-2,0
6018,6018,1503609610794,13,11,2,-1,1,3,2,22
6019,6019,1503609610801,8,-7,-13,-8,-3,-2,1,7
6020,6020,1503609610810,-6,2,-1,5,2,1,-4,-14
6021,6021,1503609610824,-33,1,11,2,-1,0,0,-5
6022,6022,1503609610832,-3,-10,-9,-4,-4,-1,-1,-1
6023,6023,1503609610839,6,0,4,4,0,1,3,6
6024,6024,1503609610856,2,-3,-3,-5,-2,-2,0,4
6025,6025,1503609610862,9,8,3,-3,-2,-5,-5,-18
6026,6026,1503609610870,7,-2,-5,1,0,-1,2,4
6027,6027,1503609610884,12,-8,-10,-5,-3,-2,-2,15
6028,6028,1503609610893,-9,12,15,3,0,-1,0,-5
6029,6029,1503609610899,15,24,5,-1,-1,-1,-2,4
6030,6030,1503609610914,5,2,-5,-2,-2,-2,-2,-1
6031,6031,1503609610922,-14,-12,2,2,2,0,0,3
6032,6032,1503609610930,-4,-9,-2,2,-1,-1,1,1
6033,6033,1503609610944,-7,1,2,-1,-2,0,-1,0
6034,6034,1503609610952,-9,-16,-9,-1,2,2,3,-1
6035,6035,1503609610960,-8,0,-7,-5,-3,-2,1,-2
6036,6036,1503609610981,-15,-1,4,1,1,0,-1,1
6037,6037,1503609610982,1,-7,-3,-3,-1,2,5,2
6038,6038,1503609610991,5,-1,-2,-1,-1,-3,-2,-3
6039,6039,1503609611004,3,-3,-3,2,0,-1,-3,12
6040,6040,1503609611012,6,1,1,-2,-2,-1,-3,-1
6041,6041,1503609611019,-2,-4,-1,1,0,-1,-1,-3
6042,6042,1503609611035,10,-4,0,0,-2,-1,-2,11
6043,6043,1503609611041,-22,-29,-12,-2,-2,0,-2,2
6044,6044,1503609611050,-32,-10,-4,0,-2,-3,-1,-4
6045,6045,1503609611065,16,0,-2,-1,-1,-2,-1,-7
6046,6046,1503609611072,-4,-15,-6,0,1,-1,-5,0
6047,6047,1503609611086,2,9,5,0,0,-2,-3,-5
6048,6048,1503609611094,-4,14,2,-1,0,-2,1,-5
6049,6049,1503609611101,3,5,5,0,2,0,-1,-7
6050,6050,1503609611117,3,0,-4,-3,-1,1,3,-3
6051,6051,1503609611124,-12,-29,-7,-4,-5,-2,-4,-3
6052,6052,1503609611139,7,7,9,3,4,0,0,0
6053,6053,1503609611140,-3,10,-2,-2,-1,1,-1,-4
6054,6054,1503609611157,9,-21,-11,-5,-2,-2,-4,-3
6055,6055,1503609611162,11,6,-2,0,-1,-3,4,10
6056,6056,1503609611177,-12,-1,-5,-4,-3,-1,0,-5
6057,6057,1503609611184,-13,-19,-2,0,-1,2,2,2
6058,6058,1503609611192,7,15,7,3,2,-1,-5,-3
6059,6059,1503609611207,9,34,16,4,2,0,-7,-7
6060,6060,1503609611214,-5,-1,-15,-8,-3,0,1,3
6061,6061,1503609611222,14,-2,3,5,3,2,2,1
6062,6062,1503609611237,-10,41,28,0,-1,-2,-2,0
6063,6063,1503609611244,-16,-8,-4,-3,-3,-3,0,-5
6064,6064,1503609611252,-1,-12,2,4,0,1,7,13
6065,6065,1503609611267,3,11,1,-1,-1,0,-4,-4
6066,6066,1503609611274,12,1,-2,0,-2,-1,0,1
6067,6067,1503609611281,-13,-17,-19,-2,-2,-2,-2,-1
6068,6068,1503609611297,0,-5,1,1,1,2,4,2
6069,6069,1503609611304,1,-8,-2,-2,0,1,-1,-1
6070,6070,1503609611312,-5,-1,-1,-1,-1,-3,-3,-3
6071,6071,1503609611327,-6,2,2,-2,0,-2,-1,-2
6072,6072,1503609611335,15,-1,-6,-5,-2,-1,-3,-3
6073,6073,1503609611341,10,10,9,2,-2,-2,-3,4
6074,6074,1503609611359,4,-16,-5,0,0,3,4,1
6075,6075,1503609611364,4,-11,-10,-4,-3,0,0,0
6076,6076,1503609611372,5,8,4,-2,-3,-2,-2,0
6077,6077,1503609611387,17,11,10,6,0,-2,-1,1
6078,6078,1503609611395,-6,-13,-5,-3,-1,-1,-1,-8
6079,6079,1503609611402,-2,17,6,-1,0,0,-7,1
6080,6080,1503609611417,-5,9,4,0,-3,0,-4,4
6081,6081,1503609611426,-4,3,2,-1,-1,1,9,3
6082,6082,1503609611432,-10,-14,-7,-5,-3,-2,-4,-5
6083,6083,1503609611446,-2,-7,10,4,1,0,-1,-2
6084,6084,1503609611454,9,-13,-7,-4,-1,-1,-1,-1
6085,6085,1503609611462,-13,-36,-16,-7,-1,-3,-4,2
6086,6086,1503609611476,-6,6,6,1,-2,-1,1,-6
6087,6087,1503609611484,13,37,7,-2,-1,-3,2,-4
6088,6088,1503609611493,12,18,-4,-2,1,-1,-1,0
6089,6089,1503609611506,-5,4,-1,-2,0,4,7,-1
6090,6090,1503609611514,-6,-11,-4,0,-2,-3,-5,-13
6091,6091,1503609611521,-6,0,-7,-1,-2,-2,-5,-5
6092,6092,1503609611536,2,0,2,1,4,2,4,11
6093,6093,1503609611544,-1,-6,-13,-5,-2,2,0,-3
6094,6094,1503609611552,3,13,17,2,-1,-1,2,-5
6095,6095,1503609611566,-7,-3,-4,-4,-2,-3,-3,-1
6096,6096,1503609611574,11,0,3,3,2,1,2,4
6097,6097,1503609611581,-3,-4,-2,1,0,-1,-1,-5
6098,6098,1503609611597,4,0,-6,-1,-1,-2,-4,0
6099,6099,1503609611604,-10,-15,-2,-4,-2,-2,1,10
6100,6100,1503609611612,1,-11,-7,1,5,2,8,10
6101,6101,1503609611627,4,3,6,2,-4,0,-2,-4
6102,6102,1503609611635,-4,3,5,5,2,1,0,3
6103,6103,1503609611642,0,-4,-5,-6,-5,-2,-6,-5
6104,6104,1503609611657,2,-1,-8,-4,-6,-4,-6,-3
6105,6105,1503609611664,8,1,0,2,3,-1,-4,16
6106,6106,1503609611672,0,13,14,4,2,0,-4,1
6107,6107,1503609611686,5,-3,-5,-2,1,-2,3,12
6108,6108,1503609611697,-6,2,-3,-2,0,0,4,-5
6109,6109,1503609611698,-4,0,-2,0,-2,-1,-4,-6
6110,6110,1503609611702,1,9,4,2,0,-1,1,-7
6111,6111,1503609611716,-14,-16,-9,-6,-5,-2,-4,-19
6112,6112,1503609611724,-1,-13,-17,-7,-2,-2,-3,-31
6113,6113,1503609611732,-12,0,-3,-1,-2,-2,-4,-22
6114,6114,1503609611747,-15,-11,-3,0,0,-1,1,-4
6115,6115,1503609611754,-2,-6,-2,-2,-2,0,1,3
6116,6116,1503609611762,7,32,22,2,-1,-2,-6,-4
6117,6117,1503609611777,-4,-4,-4,-4,-2,-2,-3,11
6118,6118,1503609611784,7,-4,-4,0,0,1,3,3
6119,6119,1503609611795,-6,-2,-1,-1,-1,1,0,-4
6120,6120,1503609611807,-7,-12,-7,-5,-3,-1,-2,3
6121,6121,1503609611821,-5,-14,-4,-1,-2,-1,6,7
6681,6681,1503609617289,0,-6,-10,-6,-4,-4,2,-3
6682,6682,1503609617297,2,-6,-8,-4,-1,-1,-7,-6
6683,6683,1503609617311,0,-3,-2,-3,-1,-2,-2,4
6684,6684,1503609617319,1,3,1,2,1,-2,2,1
6685,6685,1503609617326,2,1,0,0,-1,2,-1,-2
6686,6686,1503609617342,-8,-5,-6,1,4,-4,-1,-2
6687,6687,1503609617349,2,3,3,3,6,1,0,-1
6688,6688,1503609617357,-5,-3,-2,-7,-8,-2,-5,-3
6689,6689,1503609617371,-7,-3,-2,-2,-2,-2,-1,-5
6690,6690,1503609617379,1,0,0,6,10,3,0,2
6691,6691,1503609617386,-3,2,4,0,-1,-2,0,-2
6692,6692,1503609617403,-1,3,1,-2,-4,0,-1,-2
6693,6693,1503609617409,-1,-10,-10,-7,-5,-1,-2,3
6694,6694,1503609617417,2,7,5,4,2,1,-1,-3
6695,6695,1503609617431,-3,-8,-4,-1,-2,1,0,-3
6696,6696,1503609617446,1,-4,-3,-3,-4,-1,0,-1
6697,6697,1503609617447,-4,3,3,2,1,0,-1,-8
6698,6698,1503609617461,-3,-3,0,-3,-4,-2,1,5
6699,6699,1503609617469,1,0,-4,-2,0,-1,0,3
6700,6700,1503609617477,0,5,7,4,-1,1,3,-5
6701,6701,1503609617491,0,-3,-7,-2,-1,-2,-2,4
6702,6702,1503609617506,4,-3,-2,-1,-2,0,2,0
6703,6703,1503609617507,3,4,-3,1,1,1,1,-4
6704,6704,1503609617522,1,2,6,0,0,0,3,22
6705,6705,1503609617529,11,9,4,-4,-6,-5,3,16
6706,6706,1503609617537,6,-3,-3,-3,1,-1,-1,-8
6707,6707,1503609617551,-11,-8,-1,-1,1,-1,-6,-14
6708,6708,1503609617568,23,-27,-17,-5,-4,0,0,5
6709,6709,1503609617581,-19,-19,-9,-3,-1,1,1,-6
6710,6710,1503609617589,-10,-7,9,4,2,0,0,-1
6711,6711,1503609617597,6,-1,-8,-5,-3,-3,-3,16
6712,6712,1503609617612,-20,-3,0,4,-1,-1,0,2
6713,6713,1503609617619,-10,7,4,2,-1,-1,0,-7
6714,6714,1503609617626,4,12,7,2,2,3,0,4
6715,6715,1503609617642,-2,8,9,5,-1,0,-1,7
6716,6716,1503609617650,-7,-3,-4,-2,-1,-1,-4,-4
6717,6717,1503609617657,3,-2,-1,0,1,1,0,-4
6718,6718,1503609617672,-2,1,3,2,-1,-2,-2,-7
6719,6719,1503609617680,2,-7,-8,-3,-3,-2,1,-1
6720,6720,1503609617686,22,18,4,2,2,1,1,4
6721,6721,1503609617705,-10,-6,-3,-3,-2,-3,-3,7
6722,6722,1503609617710,-11,-16,-16,-4,-3,-3,-2,-4
6723,6723,1503609617724,-8,-8,5,2,2,0,0,-6
6724,6724,1503609617731,-2,-8,-3,-4,-1,-2,3,3
6725,6725,1503609617740,2,-1,-10,-5,-3,-3,-3,-8
6726,6726,1503609617753,-5,-1,4,4,1,1,-2,-4
6727,6727,1503609617762,3,0,-4,-2,-1,2,-2,-1
6728,6728,1503609617770,14,18,7,3,3,0,-1,-1
6729,6729,1503609617784,-5,-1,3,1,-2,-1,1,3
6730,6730,1503609617791,-10,16,0,-1,-1,-1,-5,-13
6731,6731,1503609617800,12,25,6,-1,-2,-2,-2,-3
6732,6732,1503609617813,3,-3,-4,-4,-2,-1,2,1
6733,6733,1503609617821,-8,-5,0,0,-2,1,-1,-3
6734,6734,1503609617829,-6,-6,-9,-7,-6,-1,-3,-1
6735,6735,1503609617844,-1,-9,1,0,0,0,1,3
6736,6736,1503609617851,3,0,5,5,2,0,0,4
6737,6737,1503609617859,3,-7,-10,-3,-2,-1,-1,-3
6738,6738,1503609617873,-5,0,3,-1,-1,0,-4,-3
6739,6739,1503609617881,0,5,6,4,1,0,1,-1
6740,6740,1503609617889,7,4,3,2,2,-1,0,-2
6741,6741,1503609617904,-4,-6,-8,-4,-2,-3,-2,-2
6742,6742,1503609617911,-10,-10,-6,-8,-5,-2,-1,3
6743,6743,1503609617919,6,3,3,3,2,0,3,3
6744,6744,1503609617933,0,-6,1,1,1,2,1,-1
6745,6745,1503609617941,-1,8,3,-4,-3,-1,-1,2
6746,6746,1503609617949,0,6,-6,-4,-2,-1,1,1
6747,6747,1503609617964,-5,-8,-1,-2,-3,-2,-1,-2
6748,6748,1503609617971,-5,-2,4,1,0,-1,-1,1
6749,6749,1503609617979,3,-3,-8,-5,-2,1,0,0
6750,6750,1503609617993,-5,-4,-2,3,2,0,0,-1
6751,6751,1503609618001,-1,-2,-1,-1,1,-1,-4,-8
6752,6752,1503609618009,-2,0,5,3,-1,1,1,-1
6753,6753,1503609618024,-12,-4,0,1,-1,0,0,-3
6754,6754,1503609618031,16,10,-5,-3,-2,2,0,0
6755,6755,1503609618039,27,15,9,0,-2,-2,-2,0
6756,6756,1503609618053,-12,-2,1,2,0,-4,-1,-3
6757,6757,1503609618061,-3,-6,-8,-4,-1,-1,-4,-5
6758,6758,1503609618069,-3,-10,-8,-8,-5,-1,-1,-1
6759,6759,1503609618084,-3,1,2,1,4,1,0,3
6760,6760,1503609618091,-5,-2,-2,0,2,-2,-2,-4
6761,6761,1503609618100,-1,-6,-10,-4,-4,-1,-2,0
6762,6762,1503609618114,9,7,3,1,2,1,0,3
6763,6763,1503609618121,-11,-1,-3,2,-1,-1,-3,-10
6764,6764,1503609618129,-6,-2,3,-1,-1,-4,-3,-1
6765,6765,1503609618144,-31,-8,-6,4,0,-1,-5,-11
6766,6766,1503609618151,15,0,9,1,-3,-2,0,3
6767,6767,1503609618159,-1,-12,-6,-5,-3,-1,-1,4
6768,6768,1503609618173,-2,5,-3,1,0,-2,-6,-8
6769,6769,1503609618181,3,6,9,5,2,2,2,4
6770,6770,1503609618189,-16,-12,-9,-9,-7,-1,-3,-1
6771,6771,1503609618209,-1,-2,1,1,3,-3,-2,-5
6772,6772,1503609618211,-6,-14,-8,0,-2,-1,2,3
6773,6773,1503609618219,6,6,5,-1,-2,1,3,5
6774,6774,1503609618233,-3,-5,-6,-1,0,-1,-1,-1
6775,6775,1503609618242,-1,6,1,-1,-3,-2,1,5
6776,6776,1503609618250,0,7,1,-1,0,-1,-3,-5
6777,6777,1503609618264,1,-2,-5,-3,-2,0,2,1
6778,6778,1503609618274,20,8,-3,-5,-2,-1,1,0
6779,6779,1503609618280,4,3,7,9,5,-1,-5,-7
6780,6780,1503609618293,-6,-2,2,-1,-3,1,1,0
6781,6781,1503609618303,-9,-7,-10,-6,-4,-3,-1,1
6782,6782,1503609618309,-5,-9,2,2,2,-1,1,-3
6783,6783,1503609618324,-3,-9,-11,-5,-1,-2,-1,-1
6784,6784,1503609618331,-3,8,15,7,4,2,1,4
6785,6785,1503609618341,-6,0,4,3,0,2,0,-2
6786,6786,1503609618342,3,0,-4,-2,-4,-3,0,3
6787,6787,1503609618353,7,-5,-7,-3,-5,-2,-3,3
6788,6788,1503609618361,-1,0,3,1,1,1,-3,-4
7181,7181,1503609622224,3,5,4,4,1,0,-1,-1
7182,7182,1503609622225,1,1,1,-1,-1,0,1,0
7183,7183,1503609622231,-8,-8,-10,-10,-5,-1,-3,-4
7184,7184,1503609622240,4,1,-4,-1,-1,0,-1,0
7185,7185,1503609622254,0,4,-1,-2,0,-2,-1,-5
7186,7186,1503609622262,-1,-1,5,0,0,-1,1,1
7187,7187,1503609622269,-10,7,6,1,0,-1,-1,-1
7188,7188,1503609622284,-10,-4,-1,2,3,2,1,-3
7189,7189,1503609622291,-15,0,0,4,0,-2,-3,-5
7190,7190,1503609622304,4,9,-4,-7,-5,-4,-3,0
7191,7191,1503609622314,3,0,1,-1,-2,0,-2,1
7192,7192,1503609622322,5,6,3,-1,0,-1,-2,-1
7193,7193,1503609622335,5,1,13,4,1,-2,1,3
7194,7194,1503609622344,-4,-5,-1,-1,-2,-1,1,3
7195,7195,1503609622351,12,-13,-8,2,-1,0,-2,3
7196,7196,1503609622366,-5,1,-1,-3,-1,-1,-2,-2
7197,7197,1503609622374,-15,-14,-8,-1,-2,1,4,8
7198,7198,1503609622382,-1,-7,0,3,0,-1,-3,-6
7199,7199,1503609622395,6,-1,-5,-2,-1,-2,-4,-3
7200,7200,1503609622404,1,5,1,3,0,0,1,4
7201,7201,1503609622418,8,16,11,2,1,0,-3,-4
7202,7202,1503609622426,9,-8,-14,-6,-4,-3,0,0
7203,7203,1503609622436,-7,-3,-1,0,2,0,0,-1
7204,7204,1503609622443,-11,-10,0,5,-1,0,-1,-3
7205,7205,1503609622456,-6,-5,-6,-3,-1,0,0,-4
7206,7206,1503609622464,5,3,7,3,2,2,2,7
7207,7207,1503609622471,5,2,4,1,0,-2,-2,-5
7208,7208,1503609622486,1,-3,-3,-1,-2,-1,0,0
7209,7209,1503609622494,1,-6,-5,-1,-1,-1,-1,-2
7210,7210,1503609622505,1,0,3,-1,-1,0,-2,3
7211,7211,1503609622515,-11,-2,0,0,0,-2,-1,-3
7212,7212,1503609622523,13,1,-4,-7,-3,-3,-5,-2
7213,7213,1503609622531,9,5,7,2,0,1,-2,1
7214,7214,1503609622546,-6,-1,0,0,4,1,1,3
7215,7215,1503609622553,-7,-9,-5,-5,-4,-2,0,5
7216,7216,1503609622561,9,4,-2,-1,-1,-1,-2,-3
7217,7217,1503609622575,5,3,1,5,2,0,-1,-2
7218,7218,1503609622583,-6,-6,-3,0,1,0,0,-3
7219,7219,1503609622591,7,-2,-7,-8,-4,-1,-6,-7
7220,7220,1503609622606,-5,-1,4,1,-2,-1,2,-1
7221,7221,1503609622621,-3,4,4,-1,4,-1,-1,2
7222,7222,1503609622622,-8,1,9,-3,-5,-5,-10,-17
7223,7223,1503609622638,-6,-12,-16,-8,-5,-3,-4,-6
7224,7224,1503609622644,1,0,4,3,-1,2,2,1
7225,7225,1503609622651,-6,-2,-5,-5,-3,-1,3,3
7226,7226,1503609622666,-5,3,4,0,2,1,-3,-9
7227,7227,1503609622674,10,1,6,2,0,1,1,-8
7228,7228,1503609622682,-14,12,4,-7,-5,-7,-3,4
7229,7229,1503609622695,13,28,12,7,2,1,4,15
7230,7230,1503609622705,-4,-26,3,-2,-2,1,-2,-8
7231,7231,1503609622706,-18,-4,-11,0,0,1,-3,-13
7232,7232,1503609622711,-18,-24,-8,1,0,-2,0,-6
7233,7233,1503609622726,10,-7,-4,0,0,1,3,5
7234,7234,1503609622734,-20,-1,2,-1,-1,2,1,-3
7235,7235,1503609622742,2,-2,-6,-5,-3,-2,0,-1
7236,7236,1503609622756,14,1,1,-4,-1,-2,0,4
7237,7237,1503609622764,0,0,6,9,4,1,0,1
7238,7238,1503609622772,-27,-15,-7,-3,-1,2,1,-5
7239,7239,1503609622786,22,6,-6,-1,-2,-3,-1,0
7240,7240,1503609622794,9,-1,0,0,-2,0,3,9
7241,7241,1503609622802,8,1,-4,-1,3,1,2,2
7242,7242,1503609622816,-1,-1,-2,1,-3,-4,-5,1
7243,7243,1503609622824,7,-3,-2,-4,-1,-1,2,12
7244,7244,1503609622831,13,3,-6,-1,-4,1,-1,0
7245,7245,1503609622846,2,9,6,-1,3,2,-1,4
7246,7246,1503609622853,-5,-10,1,-3,-3,-1,-3,-7
7247,7247,1503609622861,4,4,11,5,-2,-1,2,2
7248,7248,1503609622876,12,18,11,6,3,1,1,-2
7249,7249,1503609622884,-11,-18,-20,-7,-5,-3,-5,-8
7250,7250,1503609622891,5,-9,-15,-7,-4,-3,-2,3
7251,7251,1503609622908,-8,8,6,5,2,1,-3,-13
7252,7252,1503609622914,-10,13,6,5,3,1,-3,-34
7253,7253,1503609622921,25,24,-1,-5,-4,-1,-2,-13
7254,7254,1503609622936,-10,15,3,0,-1,-1,1,18
7255,7255,1503609622945,-7,-22,-3,0,1,-2,-3,6
7256,7256,1503609622951,20,-2,-5,-6,-4,-3,-2,11
7257,7257,1503609622966,-7,-23,7,0,-1,1,-3,5
7258,7258,1503609622974,-11,-14,4,9,1,0,-1,-3
7259,7259,1503609622982,-15,-4,-12,-8,-4,-2,-2,-18
7260,7260,1503609622996,14,4,2,2,-1,0,-2,0
7261,7261,1503609623007,-1,-5,-6,-1,-1,0,-1,9
7262,7262,1503609623011,-12,-13,-11,-6,1,0,3,6
7263,7263,1503609623026,-16,-20,-5,0,0,2,1,3
7264,7264,1503609623033,-4,-31,-6,-3,-5,-3,-4,-8
7265,7265,1503609623043,-9,13,5,3,2,1,3,-10
7266,7266,1503609623056,10,16,1,-4,-1,0,1,-1
7267,7267,1503609623064,23,8,0,3,-1,-1,-1,3
7268,7268,1503609623075,-15,-7,-2,-6,-1,-3,-3,-4
7269,7269,1503609623086,-6,-7,-8,-2,-3,-3,1,10
7270,7270,1503609623093,-8,2,3,5,1,-1,-5,-13
7271,7271,1503609623101,-3,9,12,5,-1,0,1,-5
7272,7272,1503609623116,0,2,-18,-8,-3,-2,-7,-25
7273,7273,1503609623124,-34,-21,-7,-4,-3,-2,0,9
7274,7274,1503609623131,-1,3,9,4,2,2,0,7
7275,7275,1503609623147,14,-1,-4,-5,-4,-1,0,1
7276,7276,1503609623153,8,1,-6,-1,3,1,1,12
7277,7277,1503609623161,0,3,4,2,2,1,-3,5
7278,7278,1503609623176,8,4,6,0,-3,1,5,26
7279,7279,1503609623184,-1,1,-5,0,-1,2,1,1
7280,7280,1503609623191,1,-2,-11,0,0,-1,-3,-6
7281,7281,1503609623208,54,45,13,2,1,-3,-2,11
7282,7282,1503609623214,-5,12,10,0,-1,0,3,1
7283,7283,1503609623221,-13,36,19,0,-1,-4,-3,-19
7284,7284,1503609623236,-24,-15,4,2,-1,-1,-3,-15
7285,7285,1503609623244,-10,-23,-9,0,0,-1,0,-5
7286,7286,1503609623251,11,-1,-14,-7,-4,-3,-5,-8
7287,7287,1503609623266,4,-5,-7,-2,1,-1,0,6
7288,7288,1503609623276,2,2,-7,-5,-1,0,2,7
7289,7289,1503609623282,-7,4,6,1,1,-1,-2,-3
7290,7290,1503609623296,15,-6,-13,-2,-3,0,8,23
7291,7291,1503609623314,-12,-22,-12,-6,0,1,0,-3
7292,7292,1503609623318,17,11,12,6,2,2,2,-2
7293,7293,1503609623326,-6,-19,-9,-2,-5,-2,0,0
7294,7294,1503609623334,2,-15,-10,-5,-3,-1,-4,-2
7295,7295,1503609623350,2,2,16,5,2,1,-4,-2
7296,7296,1503609623356,-10,2,-1,0,-4,-2,-3,-7
7297,7297,1503609623364,3,11,-4,-1,-1,-1,-1,1
7298,7298,1503609623378,7,5,8,0,1,0,-2,-8
7299,7299,1503609623386,-2,-6,-8,-4,-3,-1,2,1
7300,7300,1503609623393,-9,3,10,3,1,-3,-3,-4
7301,7301,1503609623410,-5,-11,-6,-2,-1,1,-4,-7
7302,7302,1503609623416,-17,-11,-1,-6,0,-3,-3,-5
7303,7303,1503609623424,4,-9,4,3,1,-2,0,5
7304,7304,1503609623438,14,21,8,5,0,3,1,8
7305,7305,1503609623446,-10,-12,-18,-10,-4,-4,-6,-32
7306,7306,1503609623454,-6,-4,1,2,2,0,2,-4
7307,7307,1503609623468,-3,-5,-7,-1,-1,-1,-1,-8
7308,7308,1503609623476,-4,-2,-3,-2,0,-1,-1,-1
7309,7309,1503609623485,-1,3,0,-5,-1,0,0,5
7310,7310,1503609623498,2,1,11,7,1,1,0,2
7311,7311,1503609623506,2,-1,-2,-4,-3,-2,1,5
7312,7312,1503609623513,1,-8,-8,-3,0,1,-1,7
7313,7313,1503609623528,-5,-5,6,5,-1,-1,1,2
7314,7314,1503609623536,3,-7,-12,-9,-5,-4,-1,-1
7315,7315,1503609623544,2,14,-1,-7,0,0,-1,-16
7316,7316,1503609623558,-13,-2,0,0,-1,-1,-1,-11
7317,7317,1503609623566,11,2,-5,-1,-2,0,0,-2
7318,7318,1503609623574,11,13,5,1,0,-1,-4,-16
7319,7319,1503609623588,-10,-16,-1,0,1,0,2,16
7320,7320,1503609623596,7,3,1,0,-2,-1,0,12
7321,7321,1503609623604,5,5,-3,1,-2,-1,-2,0
7951,7951,1503609629836,-12,-10,-9,-7,-1,0,-3,-24
7952,7952,1503609629842,28,1,-4,-3,-1,1,3,32
7953,7953,1503609629843,9,4,3,2,2,0,-2,-8
7954,7954,1503609629851,1,5,-6,-3,-4,-2,-5,-32
7955,7955,1503609629865,20,10,4,-3,-2,-3,3,7
7956,7956,1503609629873,-2,-7,-5,-3,-3,-1,-2,-18
7957,7957,1503609629880,-10,14,2,2,1,-1,-3,-16
7958,7958,1503609629896,12,5,9,0,0,-3,1,9
7959,7959,1503609629902,-2,2,2,-3,-1,1,0,1
7960,7960,1503609629910,2,-9,-11,-4,-2,1,0,22
7961,7961,1503609629911,-17,7,2,4,0,-1,-2,-13
7962,7962,1503609629925,-19,-11,-5,-1,-2,-4,-7,-11
7963,7963,1503609629933,11,5,2,1,-1,0,6,19
7964,7964,1503609629940,-15,-1,-3,0,-2,0,0,5
7965,7965,1503609629956,2,-8,-18,-3,-3,-3,-7,3
7966,7966,1503609629963,27,10,13,2,3,2,4,3
7967,7967,1503609629970,4,8,5,6,1,-1,4,8
7968,7968,1503609629971,-1,-2,-8,-9,-4,-5,-10,3
7969,7969,1503609629985,-15,-26,-1,-3,-1,0,0,0
7970,7970,1503609629993,-22,-31,-7,-3,-2,-1,-3,-29
7971,7971,1503609630001,1,-3,-2,0,-5,-4,-11,-11
7972,7972,1503609630016,29,16,9,4,0,3,7,18
7973,7973,1503609630023,10,-5,0,-2,-2,-1,-3,18
7974,7974,1503609630024,0,4,-9,-2,0,1,0,-32
7975,7975,1503609630031,-32,-2,9,4,0,-2,-4,-10
7976,7976,1503609630045,-8,5,1,2,-1,-1,3,4
7977,7977,1503609630055,2,-2,-5,-7,-2,-1,2,-1
7978,7978,1503609630061,-4,5,11,8,3,-2,1,3
7979,7979,1503609630076,-9,-3,1,-1,4,1,1,7
7980,7980,1503609630083,12,-10,-17,-5,-3,0,6,42
7981,7981,1503609630091,-22,-15,1,1,2,0,0,3
7982,7982,1503609630105,-9,-27,-18,-7,-4,-2,-1,7
7983,7983,1503609630113,9,12,-15,-2,-3,-3,-5,-2
7984,7984,1503609630123,-39,-6,6,-2,0,-1,-4,-47
7985,7985,1503609630136,1,4,12,5,2,4,-2,-4
7986,7986,1503609630142,21,15,6,2,1,0,-4,-14
7987,7987,1503609630151,2,3,-3,1,-2,-2,-3,-23
7988,7988,1503609630165,-6,-5,3,0,1,3,2,30
7989,7989,1503609630173,7,-10,4,2,0,-1,6,3
7990,7990,1503609630181,11,7,-4,0,-2,-2,3,11
7991,7991,1503609630196,-25,-34,-32,-16,-7,-1,-1,3
7992,7992,1503609630203,3,-5,19,7,2,-1,-2,27
7993,7993,1503609630211,-40,14,4,0,-3,-3,-12,-64
7994,7994,1503609630226,-5,-9,-22,-9,-5,-1,-2,1
7995,7995,1503609630233,19,17,0,-8,1,-1,-3,6
7996,7996,1503609630241,36,18,10,5,3,1,5,20
7997,7997,1503609630257,1,10,3,2,0,-2,-5,-13
7998,7998,1503609630263,-19,-7,2,1,0,2,5,-5
7999,7999,1503609630271,14,-3,0,1,-2,-1,0,17
8000,8000,1503609630285,-5,1,-5,-4,-4,-2,-3,-11
8001,8001,1503609630294,10,-2,7,3,-2,2,5,10
8002,8002,1503609630308,3,6,0,-2,0,1,0,-5
8003,8003,1503609630316,25,12,10,7,4,2,6,36
8004,8004,1503609630331,-34,-16,-8,-5,-5,-6,-7,-41
8005,8005,1503609630334,67,29,-9,-4,-4,-2,1,14
8006,8006,1503609630345,-32,-20,-11,-5,1,-2,-1,-24
8007,8007,1503609630353,-6,-4,6,3,3,0,-2,-19
8008,8008,1503609630361,4,5,-4,-5,-5,-1,-2,-6
8009,8009,1503609630376,-4,7,7,4,1,1,4,9
8010,8010,1503609630383,3,-7,2,6,3,2,2,9
8011,8011,1503609630391,-19,-20,-1,-5,-1,-1,0,4
8012,8012,1503609630405,-4,25,12,2,1,-1,-5,-32
8013,8013,1503609630413,-20,-13,-7,0,2,1,-4,-3
8014,8014,1503609630421,-7,-29,-20,-13,-6,-2,2,-6
8015,8015,1503609630437,-25,-23,-5,3,2,-1,2,-11
8016,8016,1503609630443,-7,17,23,4,0,-4,-12,-18
8017,8017,1503609630451,47,4,-9,-9,-5,-2,5,60
8018,8018,1503609630466,49,60,38,13,2,1,3,48
8019,8019,1503609630473,2,-21,-19,-3,-5,-2,-3,-25
8020,8020,1503609630481,17,9,-24,-8,-3,1,8,15
8021,8021,1503609630496,44,14,7,0,-3,-2,-5,-20
8022,8022,1503609630502,-21,-20,-15,-5,-1,-2,-8,-16
8023,8023,1503609630510,-30,-11,-6,-2,0,-3,-10,-11
8024,8024,1503609630525,48,21,1,1,0,0,2,21
8025,8025,1503609630526,-38,-18,4,1,0,0,0,-16
8026,8026,1503609630533,29,20,14,4,2,-2,2,17
8027,8027,1503609630540,-17,-19,-8,-1,-1,-1,-1,10
8028,8028,1503609630555,7,11,4,-2,-2,-2,-5,-21
8029,8029,1503609630562,24,13,1,-1,0,2,6,32
8030,8030,1503609630571,-53,7,12,0,1,1,-2,-7
8031,8031,1503609630585,-29,-12,1,3,0,-3,-11,-50
8032,8032,1503609630593,-7,-3,2,-2,-2,-2,1,-3
8033,8033,1503609630601,1,9,4,5,2,2,1,2
8034,8034,1503609630616,12,-15,8,4,2,1,6,0
8035,8035,1503609630622,-10,-15,-14,-7,-2,-2,-3,-12
8036,8036,1503609630631,0,16,13,10,7,1,-3,-30
8037,8037,1503609630645,5,-13,-11,-8,-4,-1,2,8
8038,8038,1503609630653,-28,-6,3,0,-1,1,2,7
8039,8039,1503609630661,-1,-22,-15,-1,-3,-1,0,-3
8040,8040,1503609630676,-6,1,-6,-6,-4,-1,1,-8
8041,8041,1503609630683,4,2,-3,-3,-3,-2,0,16
8042,8042,1503609630693,14,-7,-11,-1,0,3,5,6
8043,8043,1503609630705,25,9,-6,-7,-1,-2,-1,2
8044,8044,1503609630713,-21,18,2,8,5,-4,-7,4
8045,8045,1503609630722,11,6,9,2,3,3,3,13
8046,8046,1503609630736,-4,-2,-14,-7,-6,-3,-1,10
8047,8047,1503609630743,-3,7,-2,-1,-2,-1,-2,-5
8048,8048,1503609630761,5,-16,-6,0,0,0,-1,8
8049,8049,1503609630765,7,2,11,7,2,1,5,7
8050,8050,1503609630773,5,1,-2,-3,-1,1,3,5
8051,8051,1503609630787,-8,-4,-5,0,0,-1,1,2
8052,8052,1503609630797,4,-12,-5,-5,-3,-4,-5,-2
8053,8053,1503609630803,1,7,4,1,-2,-2,0,5
8054,8054,1503609630818,19,0,0,-1,2,1,4,13
8055,8055,1503609630828,8,6,5,-1,-1,1,3,12
8056,8056,1503609630833,-10,2,3,0,-2,0,-1,-8
8057,8057,1503609630848,-18,-18,-7,-4,-1,-3,-2,0
8058,8058,1503609630855,-7,-7,-7,-3,-1,0,1,-4
8059,8059,1503609630856,15,16,6,4,-2,-3,-3,-6
8060,8060,1503609630871,10,7,6,3,5,2,-1,0
8061,8061,1503609630878,0,-3,-9,-3,0,2,1,13
8062,8062,1503609630886,6,0,-1,-1,-2,-3,-2,5
8063,8063,1503609630895,-13,-5,1,-1,0,-1,5,1
8064,8064,1503609630909,-21,-5,-2,-1,0,-2,-5,-11
8567,8567,1503609635850,7,9,2,2,-3,-4,-1,3
8568,8568,1503609635858,0,-12,-19,-7,-3,-2,4,8
8569,8569,1503609635866,-22,-18,-22,-10,-10,-4,-4,-9
8570,8570,1503609635880,-3,1,8,16,7,6,3,8
8571,8571,1503609635887,-7,-20,10,10,6,2,1,-1
8572,8572,1503609635896,-4,-15,-27,-14,-9,-10,-12,-13
8573,8573,1503609635910,3,10,6,-2,-2,0,-1,4
8574,8574,1503609635918,9,4,4,0,-2,3,5,5
8575,8575,1503609635925,6,18,-12,-1,2,-1,-2,-8
8576,8576,1503609635940,1,-5,4,-1,-2,-1,3,3
8577,8577,1503609635947,9,4,-9,-7,-1,-1,-2,0
8578,8578,1503609635955,-4,7,7,-3,-7,-4,-7,-13
8579,8579,1503609635970,1,-4,8,5,5,2,1,5
8580,8580,1503609635978,8,10,9,3,0,1,1,5
8581,8581,1503609635985,23,16,-3,-6,-6,-2,1,11
8582,8582,1503609636001,-3,-5,0,1,3,0,5,-2
8583,8583,1503609636007,1,5,5,5,2,1,5,11
8584,8584,1503609636015,8,6,4,-1,-1,-1,-8,8
8585,8585,1503609636031,7,18,11,0,-2,-1,-2,-3
8586,8586,1503609636039,-7,1,-16,-9,-6,-4,6,6
8587,8587,1503609636045,-4,11,18,-1,-5,-5,-2,-10
8588,8588,1503609636061,-4,5,8,4,3,2,0,3
8589,8589,1503609636069,5,-15,-18,-8,-4,0,1,-7
8590,8590,1503609636075,6,-12,10,6,3,1,0,-4
8591,8591,1503609636090,7,-7,6,3,3,1,-5,7
8592,8592,1503609636098,9,39,23,8,0,1,2,0
8593,8593,1503609636107,-1,4,1,5,4,2,4,9
8594,8594,1503609636120,-10,-12,5,9,7,4,7,6
8595,8595,1503609636132,-3,18,11,4,5,1,-2,-14
8596,8596,1503609636135,17,13,-12,-9,-6,-5,-7,-11
8597,8597,1503609636157,-10,-36,-3,-3,-2,0,-1,2
8598,8598,1503609636158,-10,-6,-4,-3,-3,0,14,25
8599,8599,1503609636174,9,5,-1,-4,-5,-3,0,2
8600,8600,1503609636180,-5,-16,5,0,-3,-3,-8,-7
8601,8601,1503609636188,11,18,6,2,0,1,2,6
8602,8602,1503609636195,-3,4,-9,-4,-2,-5,-10,-13
8603,8603,1503609636211,-13,8,3,-2,-3,-2,-10,-9
8604,8604,1503609636218,7,-15,-9,-4,-5,2,-2,-6
8605,8605,1503609636233,-19,-14,-7,0,1,-1,6,-12
8606,8606,1503609636240,1,-4,-7,-7,-4,-5,-7,3
8607,8607,1503609636241,6,-6,-10,-8,-3,0,-7,-11
8608,8608,1503609636248,-21,-3,0,-3,0,-3,-12,-36
8609,8609,1503609636264,-24,-16,7,-5,-5,-4,-4,-10
8610,8610,1503609636271,12,7,12,9,6,2,2,7
8611,8611,1503609636278,2,14,2,14,6,5,0,-3
8612,8612,1503609636293,2,-12,-21,-10,-6,-4,-6,2
8613,8613,1503609636300,8,16,15,3,-1,-3,-1,4
8614,8614,1503609636308,2,8,-2,8,-1,1,-2,-4
8615,8615,1503609636315,-7,17,-8,-4,2,1,-3,-21
8616,8616,1503609636333,-21,-25,-24,-9,-6,-5,-1,0
8617,8617,1503609636338,6,-8,2,2,4,-4,4,12
8618,8618,1503609636353,34,-5,-7,-6,-3,-1,-10,32
8619,8619,1503609636360,-8,4,-6,-10,-3,4,2,1
8620,8620,1503609636369,-10,-21,-2,-1,-4,0,18,10
8621,8621,1503609636383,-9,-9,10,4,3,21,17,-1
8622,8622,1503609636391,-2,5,-2,-8,-4,7,6,-13
8623,8623,1503609636400,24,7,-9,-4,-4,-10,-3,7
8624,8624,1503609636413,9,17,9,-1,1,1,4,1
8625,8625,1503609636420,-14,-10,-1,3,-1,-7,-11,5
8626,8626,1503609636428,-11,-3,7,-1,1,-5,-11,-18
8627,8627,1503609636443,-41,-29,-13,-10,-7,-8,-13,-34
8628,8628,1503609636451,15,2,0,7,3,1,6,4
8629,8629,1503609636458,27,5,2,6,1,-2,-2,7
8630,8630,1503609636473,-26,-6,-16,-5,0,-4,-8,-26
8631,8631,1503609636480,-5,-5,-1,-1,-4,0,2,0
8632,8632,1503609636489,2,-1,-4,6,0,0,0,9
8633,8633,1503609636503,4,-8,-6,-5,-2,-4,-3,16
8634,8634,1503609636511,-12,-27,-12,-8,-4,-3,-1,-1
8635,8635,1503609636518,-16,-20,30,9,5,1,-4,-24
8636,8636,1503609636535,-25,-6,4,-2,-2,-1,2,14
8637,8637,1503609636540,11,40,11,1,4,-1,1,6
8638,8638,1503609636549,11,17,5,3,5,2,-6,2
8639,8639,1503609636563,-9,0,-9,-1,-1,-1,1,-1
8640,8640,1503609636572,10,0,-10,-9,-4,-1,12,25
8641,8641,1503609636578,8,-9,-6,-1,-3,-3,-7,-12
8642,8642,1503609636593,-15,-1,2,2,-2,-5,-3,-10
8643,8643,1503609636602,-23,-8,-2,-1,-2,0,-4,-15
8644,8644,1503609636610,3,-14,-15,-12,-9,-3,-5,-8
8645,8645,1503609636623,4,-9,0,14,17,2,2,6
8646,8646,1503609636631,-13,-57,-25,-5,-3,0,-4,-4
8647,8647,1503609636638,41,20,13,-3,-4,3,3,8
8648,8648,1503609636653,-4,27,9,5,2,1,2,8
8649,8649,1503609636660,-27,-4,-12,-7,-4,-1,6,-16
8650,8650,1503609636670,-13,-11,-3,-7,-5,-5,-9,-21
8651,8651,1503609636683,-9,12,4,2,2,11,-8,14
9067,9067,1503609640808,4,14,17,6,3,0,1,-2
9068,9068,1503609640823,-8,-10,-1,-2,0,-1,-2,-4
9069,9069,1503609640831,-1,0,0,3,2,1,0,-1
9070,9070,1503609640838,2,-6,-11,-4,-2,-1,-1,-7
9071,9071,1503609640852,14,3,-4,1,-1,-1,1,10
9072,9072,1503609640860,-7,-6,3,-2,1,-4,-3,-3
9073,9073,1503609640868,12,-9,-9,-8,-7,-8,-6,-9
9074,9074,1503609640882,7,14,16,8,4,2,0,3
9075,9075,1503609640889,0,8,-3,-6,-3,-2,0,0
9076,9076,1503609640898,0,11,16,5,0,1,0,-5
9077,9077,1503609640912,-9,5,13,4,-2,-3,-2,-2
9078,9078,1503609640920,12,3,5,1,-1,-2,0,2
9079,9079,1503609640928,-13,-18,-6,-1,0,0,1,-4
9080,9080,1503609640943,14,53,33,4,-1,-1,-2,-4
9081,9081,1503609640950,-20,-16,-4,-2,-1,0,-3,-1
9082,9082,1503609640957,-19,-25,-21,-9,-5,-3,-2,-10
9083,9083,1503609640972,9,14,10,6,7,4,0,2
9084,9084,1503609640980,-1,-6,-13,-10,-6,-3,-3,-1
9085,9085,1503609640987,-2,4,5,0,1,3,2,-1
9086,9086,1503609641003,-3,-7,1,-2,-2,-2,-1,-2
9087,9087,1503609641009,-1,-9,-19,-18,-11,-4,0,1
9088,9088,1503609641010,8,7,3,10,4,-1,-2,1
9089,9089,1503609641025,-8,6,16,4,3,2,3,-2
9090,9090,1503609641033,-3,0,-11,-10,-7,-5,-3,-3
9091,9091,1503609641040,1,-8,-11,-1,1,1,0,3
9092,9092,1503609641055,2,0,-7,-5,-3,1,3,1
9093,9093,1503609641063,-17,-10,-11,0,3,2,1,1
9094,9094,1503609641070,5,5,8,3,-1,-2,-6,-10
9095,9095,1503609641071,-16,-7,6,5,1,1,1,0
9096,9096,1503609641085,19,-5,-10,-5,-3,-2,-1,5
9097,9097,1503609641092,-5,13,18,3,3,-1,-4,-3
9098,9098,1503609641100,-3,-3,1,1,0,-1,0,-1
9099,9099,1503609641115,-3,-6,-12,-8,-5,-4,1,1
9100,9100,1503609641123,-5,-2,-3,5,5,1,-1,-1
9101,9101,1503609641129,-9,-7,0,-2,-1,-1,-2,0
9102,9102,1503609641145,-9,-12,-10,-5,0,-1,-2,-5
9103,9103,1503609641152,9,12,-2,-1,-2,0,-3,-4
9104,9104,1503609641168,20,25,9,1,-3,-2,-1,1
9105,9105,1503609641174,0,-8,-7,-5,-1,-2,-1,4
9106,9106,1503609641175,3,-1,-3,-2,-1,-1,0,-2
9107,9107,1503609641182,-2,-4,1,1,-1,0,0,0
9108,9108,1503609641189,11,2,-2,-3,-3,-3,-2,0
9109,9109,1503609641205,0,-7,-6,-3,-2,-1,1,5
9110,9110,1503609641212,-8,-5,-2,1,-1,-2,-1,-8
9111,9111,1503609641220,-1,0,-6,-4,-2,0,0,0
9112,9112,1503609641235,0,3,-4,-3,-2,0,3,7
9113,9113,1503609641243,-14,-7,0,-1,-4,-6,-9,-13
9114,9114,1503609641249,-34,-29,-4,2,2,1,0,-2
9115,9115,1503609641267,-9,-12,-14,-5,-1,-3,-1,5
9116,9116,1503609641272,16,18,13,7,5,3,-4,-2
9117,9117,1503609641280,-3,-2,-3,-5,1,0,2,2
9118,9118,1503609641294,1,-4,-4,-1,-4,-2,0,-2
9119,9119,1503609641303,7,16,6,3,2,2,2,2
9120,9120,1503609641310,17,20,23,11,7,2,2,2
9121,9121,1503609641325,-1,2,-25,-15,-8,-5,-4,-7
9122,9122,1503609641334,-1,-4,0,3,1,0,1,3
9123,9123,1503609641341,-8,-5,5,5,4,3,0,-8
9124,9124,1503609641354,2,-3,-9,-8,-4,-4,-2,2
9125,9125,1503609641363,-5,-10,-1,-1,-5,-1,0,-6
9126,9126,1503609641370,0,-7,3,0,0,1,0,0
9127,9127,1503609641385,4,12,20,6,1,1,2,2
9128,9128,1503609641392,2,5,-16,-12,-3,-2,-3,-7
9129,9129,1503609641401,-1,-16,9,6,-1,0,-3,-2
9130,9130,1503609641416,8,37,67,15,4,1,1,-2
9131,9131,1503609641422,14,4,-6,-5,-2,0,0,0
9132,9132,1503609641438,-22,-19,-33,-7,-3,0,-1,-3
9133,9133,1503609641445,8,-1,-7,-5,-4,-3,-2,2
9134,9134,1503609641453,-11,-21,-16,0,1,1,1,-1
9135,9135,1503609641460,10,9,-4,-2,-1,-2,-2,6
9136,9136,1503609641476,-6,-5,-9,-5,-5,-2,-3,-8
9137,9137,1503609641482,-4,-20,-3,7,6,2,1,3
9138,9138,1503609641498,6,-10,-13,-5,-4,0,-1,4
9139,9139,1503609641505,-2,1,-16,-13,-3,-1,-1,0
9140,9140,1503609641513,6,-9,-1,2,2,-1,-1,2
9141,9141,1503609641520,-19,-29,-20,-6,-4,-4,-2,-7
9142,9142,1503609641536,0,13,2,-3,-3,-2,1,1
9143,9143,1503609641543,8,18,12,4,2,2,1,4
9144,9144,1503609641558,-3,-7,2,2,0,-3,-6,-10
9145,9145,1503609641565,2,4,10,-1,-3,-3,-1,3
9146,9146,1503609641573,6,-1,-1,1,-3,1,2,9
9147,9147,1503609641580,-2,4,-5,-4,1,-2,-6,-7
9148,9148,1503609641595,-3,-8,-7,-5,-3,-3,-3,2
9149,9149,1503609641596,-2,1,-2,-1,2,1,0,-5
9150,9150,1503609641606,5,2,1,3,7,-5,4,-2
9151,9151,1503609641618,6,4,-6,-5,-2,-4,1,1
9794,9794,1503609647858,-5,4,-3,2,2,-2,-1,-2
9795,9795,1503609647872,2,7,0,-5,-2,0,0,-1
9796,9796,1503609647880,6,5,14,4,2,2,1,4
9797,9797,1503609647888,-2,-15,-5,-7,-2,0,-2,1
9798,9798,1503609647902,-18,6,5,2,2,0,2,1
9799,9799,1503609647910,-4,-1,8,6,1,0,1,-2
9800,9800,1503609647918,10,4,-1,-8,-11,-1,-3,2
9801,9801,1503609647932,-19,-15,-15,-15,-5,-3,0,1
9802,9802,1503609647940,-1,-1,15,12,5,4,2,-4
9803,9803,1503609647947,10,29,3,2,-1,2,2,1
9804,9804,1503609647962,-9,-10,-17,-10,-4,-4,-2,-3
9805,9805,1503609647970,7,17,25,0,-1,-3,1,0
9806,9806,1503609647980,-5,-14,-10,10,3,1,0,0
9807,9807,1503609647992,-5,-18,-11,5,-1,0,-3,1
9808,9808,1503609648000,-1,16,5,-1,-3,-4,-2,4
9809,9809,1503609648007,9,-2,-7,-4,-3,-2,-2,6
9810,9810,1503609648023,-5,8,13,13,9,5,2,-4
9811,9811,1503609648030,-1,2,-6,-6,-1,-1,1,-3
9812,9812,1503609648038,6,6,-4,-7,-2,-4,-2,1
9813,9813,1503609648052,7,-12,-3,-2,-3,-2,1,-2
9814,9814,1503609648060,-5,-3,0,-3,0,-1,-4,-14
9815,9815,1503609648067,-31,-17,-9,-1,0,-1,-5,-12
9816,9816,1503609648082,-5,0,0,-3,0,-1,-4,-5
9817,9817,1503609648090,-1,-6,6,4,2,0,-1,1
9818,9818,1503609648098,0,-8,-8,-4,0,-4,-4,-8
9819,9819,1503609648114,8,-11,-10,3,3,1,1,4
9820,9820,1503609648121,2,-9,-4,-6,-4,0,2,2
9821,9821,1503609648127,-12,-7,-4,0,1,0,-1,0
9822,9822,1503609648142,-18,2,-1,0,-1,-1,-2,-7
9823,9823,1503609648150,-5,-3,6,-1,-6,-3,-1,1
9824,9824,1503609648165,16,6,1,-7,-1,2,2,3
9825,9825,1503609648172,-2,5,-1,3,5,2,-1,-6
9826,9826,1503609648182,4,1,0,3,0,-1,0,7
9827,9827,1503609648187,3,2,8,1,-1,-2,-2,-5
9828,9828,1503609648202,9,-3,1,-5,-5,-1,0,0
9829,9829,1503609648217,-14,-2,0,-1,-2,-3,-2,-6
9830,9830,1503609648219,13,4,-5,-2,-4,-2,0,4
9831,9831,1503609648232,9,3,-8,-9,-2,-1,1,1
9832,9832,1503609648240,-3,2,7,15,19,5,3,2
9833,9833,1503609648249,-7,-4,-2,-2,-6,-3,-3,-1
9834,9834,1503609648263,-10,-4,4,-2,-7,-3,-2,0
9835,9835,1503609648270,6,1,-2,-3,-1,1,0,-1
9836,9836,1503609648278,-5,-10,-4,-3,-7,-6,-5,-8
9837,9837,1503609648292,5,6,8,4,1,0,-1,-5
9838,9838,1503609648300,-5,-9,-12,-8,-4,-3,2,-2
9839,9839,1503609648307,7,1,5,3,1,-1,-1,2
9840,9840,1503609648323,3,1,-3,-1,-1,0,0,6
9841,9841,1503609648330,2,1,1,3,2,1,-1,-2
9842,9842,1503609648338,1,3,-1,-4,-5,1,1,1
9843,9843,1503609648353,4,-3,-5,-6,-3,0,1,4
9844,9844,1503609648360,-7,-6,-6,-7,-7,-4,-2,-1
9845,9845,1503609648375,5,0,-2,0,-4,0,2,7
9846,9846,1503609648383,2,-6,0,1,3,1,0,2
9847,9847,1503609648390,5,9,2,0,-2,-1,-1,10
9848,9848,1503609648398,-5,-3,5,2,2,-1,1,9
9849,9849,1503609648412,-12,-7,-5,-4,0,-3,-6,-19
9850,9850,1503609648420,-14,-6,-3,-2,-5,-1,-2,-5
9851,9851,1503609648427,-6,-18,-13,-4,-2,-2,2,0
9852,9852,1503609648443,1,24,16,4,3,3,-1,-8
9853,9853,1503609648451,-8,7,7,3,3,1,-6,-17
9854,9854,1503609648458,10,21,6,3,2,-2,1,10
9855,9855,1503609648472,-2,-10,-3,-2,0,1,2,-1
9856,9856,1503609648480,-8,15,9,2,0,2,-2,-11
9857,9857,1503609648495,10,5,0,-2,-2,-2,4,17
9858,9858,1503609648503,31,-4,-9,-4,0,-2,0,10
9859,9859,1503609648510,4,7,7,1,-1,1,0,2
9860,9860,1503609648526,-12,-8,0,-1,-1,-1,-1,-3
9861,9861,1503609648532,-34,-13,-3,1,0,-1,-1,-1
9862,9862,1503609648540,4,-3,-10,-1,-1,0,3,2
9863,9863,1503609648555,12,12,1,-3,1,0,2,2
9864,9864,1503609648563,-13,-11,-5,1,-2,-2,-3,-21
9865,9865,1503609648570,-35,-14,-3,1,1,1,0,-6
9866,9866,1503609648585,5,24,4,0,-1,-1,-2,2
9867,9867,1503609648593,22,10,0,-2,-4,-2,-1,7
9868,9868,1503609648600,-9,-8,-2,-1,-3,-1,0,3
10304,10304,1503609652852,16,24,7,1,-4,-3,1,2
10305,10305,1503609652860,9,1,-5,1,2,-1,-3,-5
10306,10306,1503609652875,-6,9,7,2,-1,-3,-5,-2
10307,10307,1503609652882,14,7,-5,-1,-1,-2,-3,-14
10308,10308,1503609652890,-24,-10,-7,-8,-6,-2,-1,-5
10309,10309,1503609652905,0,-7,2,3,-4,-2,-2,2
10310,10310,1503609652915,33,3,-4,-2,-1,-2,-1,11
10311,10311,1503609652920,-5,0,8,4,0,1,0,5
10312,10312,1503609652934,1,0,-4,3,0,1,1,1
10313,10313,1503609652935,-2,-4,-2,-2,-4,-5,-7,-4
10314,10314,1503609652942,7,-6,0,-2,2,2,1,2
10315,10315,1503609652950,-5,33,28,12,5,1,0,0
10316,10316,1503609652965,2,11,0,-2,-3,-3,0,0
10317,10317,1503609652972,-3,-25,-16,-7,-3,-1,1,0
10318,10318,1503609652987,-8,-8,1,3,2,2,1,-3
10319,10319,1503609652994,20,4,-9,-2,0,1,-1,1
10320,10320,1503609653002,-6,-6,-8,-4,-3,-1,-2,-2
10321,10321,1503609653010,-16,-31,-16,-3,0,1,2,-2
10322,10322,1503609653025,-3,-8,-16,-6,-2,0,0,-1
10323,10323,1503609653032,-1,-5,-6,-4,-1,-1,-2,-1
10324,10324,1503609653051,4,-20,-11,-4,3,-1,0,-8
10325,10325,1503609653055,17,0,-10,-2,-1,3,1,0
10326,10326,1503609653063,37,29,9,0,-2,-4,-4,2
10327,10327,1503609653070,-7,-9,-4,0,1,-3,0,-3
10328,10328,1503609653085,-9,-1,-3,-2,0,-1,-1,0
10329,10329,1503609653092,-8,5,9,4,2,0,-2,-1
10330,10330,1503609653107,-11,0,6,2,-1,-1,-2,1
10331,10331,1503609653116,-9,-4,0,1,0,0,1,-3
10332,10332,1503609653122,1,-1,-2,1,-1,2,1,5
10333,10333,1503609653137,32,12,4,-2,-2,-1,-4,-4
10334,10334,1503609653145,-8,-14,-1,0,-3,-1,-2,-7
10335,10335,1503609653153,5,8,12,4,0,1,3,9
10336,10336,1503609653167,-1,-8,6,0,1,-1,-3,-1
10337,10337,1503609653175,7,13,1,-3,-2,-2,-1,-1
10338,10338,1503609653183,-1,15,1,3,-1,1,-1,2
10339,10339,1503609653197,6,-2,-1,-1,-3,-4,-6,0
10340,10340,1503609653205,5,16,7,0,-1,-2,-2,-6
10341,10341,1503609653212,-13,-5,-4,-3,0,1,1,-12
10342,10342,1503609653227,3,-5,0,1,-1,-1,4,23
10343,10343,1503609653234,-10,-17,-8,-6,-4,-1,3,15
10344,10344,1503609653242,-11,-5,-2,2,2,-2,-6,-7
10345,10345,1503609653243,-6,-9,-3,0,2,4,4,-1
10346,10346,1503609653257,-13,9,8,0,-1,-2,-6,-25
10347,10347,1503609653265,-17,-11,-8,-4,-3,-5,-8,-12
10348,10348,1503609653272,11,0,2,1,0,1,3,12
10349,10349,1503609653287,-6,-14,-8,-5,-5,-2,2,-7
10350,10350,1503609653295,-7,4,0,1,1,0,2,9
10351,10351,1503609653302,-1,-2,-5,-2,-3,0,1,-1
10352,10352,1503609653317,4,8,5,0,-1,-1,-7,5
10353,10353,1503609653325,-7,3,1,-2,-1,-1,-3,-1
10354,10354,1503609653332,-2,-5,-11,-2,-1,-1,0,-8
10355,10355,1503609653347,-4,-15,-9,5,5,-1,0,-1
10356,10356,1503609653356,-2,-4,7,-1,0,0,3,1
10357,10357,1503609653370,9,-1,-2,-3,-3,0,0,-4
10358,10358,1503609653377,0,34,16,5,2,-1,-3,0
10359,10359,1503609653393,-6,5,-1,-1,-3,-1,-1,-2
10360,10360,1503609653407,3,-4,-1,-3,-5,0,-3,-4
10361,10361,1503609653414,-7,-22,-9,0,0,-2,-7,-6
10362,10362,1503609653422,3,1,-4,-2,2,2,-3,-1
10363,10363,1503609653437,2,-3,-4,-2,1,2,6,2
10364,10364,1503609653445,-10,0,1,2,2,-3,-10,-21
10365,10365,1503609653452,-6,-7,-4,-2,-2,-2,0,-4
10366,10366,1503609653467,-10,1,2,4,2,1,6,-4
10367,10367,1503609653475,-3,-9,-8,-2,-3,-1,0,-5
10368,10368,1503609653482,10,7,2,-1,-2,-2,2,10
10369,10369,1503609653497,12,-10,-5,-3,-1,1,-1,1
10370,10370,1503609653505,-4,8,7,-1,-4,-2,0,1
10371,10371,1503609653512,0,10,7,4,6,0,3,1
10372,10372,1503609653528,2,8,8,2,2,-2,-2,1
10373,10373,1503609653534,-11,-4,4,2,-1,-1,-1,1
10374,10374,1503609653543,0,-4,-7,-3,-4,-2,-1,3
10375,10375,1503609653557,4,3,-4,-4,0,2,-1,2
10376,10376,1503609653565,12,0,-3,0,-1,-1,2,10
10377,10377,1503609653572,0,-9,-15,-8,-6,-4,-5,-9
10378,10378,1503609653588,0,12,13,6,5,2,-1,-9
10379,10379,1503609653595,-1,-12,1,0,-2,-2,0,0
10380,10380,1503609653603,-1,-23,-22,-9,-4,0,3,7
10381,10381,1503609653619,4,-1,0,0,-1,1,2,6
10382,10382,1503609653626,-13,-10,-9,2,0,1,2,-1
10383,10383,1503609653632,-6,-1,1,4,-2,-1,0,7
10384,10384,1503609653647,-8,-2,-10,-10,-2,-2,-4,-3
10385,10385,1503609653655,-9,-4,-14,-7,-2,1,-1,-5
10386,10386,1503609653663,9,7,8,0,0,-2,-2,-2
10387,10387,1503609653677,-7,-13,-9,-8,-3,-5,-3,-5
10388,10388,1503609653687,-2,-2,0,0,0,1,1,2
10389,10389,1503609653694,22,20,10,3,1,0,0,5
10390,10390,1503609653707,-17,-4,-1,-2,-3,-4,-4,-18
10391,10391,1503609653715,-13,-6,1,0,1,-1,-6,-6
10392,10392,1503609653723,26,7,6,5,2,0,-1,5
10393,10393,1503609653737,-9,-10,-3,4,4,0,-2,-4
10394,10394,1503609653745,15,18,2,-3,-4,-3,-2,2
10395,10395,1503609653754,8,2,-8,-6,-3,-2,-2,6
10396,10396,1503609653767,-12,-5,-6,1,1,1,2,2
10397,10397,1503609653774,-2,-4,2,-1,-1,2,2,-3
10398,10398,1503609653782,-12,0,1,0,-1,1,3,5
10399,10399,1503609653804,-13,8,5,-5,0,-1,-3,-8
10400,10400,1503609653806,10,7,5,0,0,0,0,0
10401,10401,1503609653812,-12,-7,-3,-2,-1,0,4,7
10402,10402,1503609653828,-21,-20,4,1,0,-2,-2,-7
10403,10403,1503609653834,-6,2,3,0,-2,-2,2,-2
10404,10404,1503609653842,-8,-5,2,-5,-1,-3,-2,-1
10405,10405,1503609653857,26,2,-6,-6,-5,-1,-1,5
10406,10406,1503609653865,2,34,39,12,5,4,2,11
10407,10407,1503609653872,-40,-23,-1,0,-3,-1,0,-7
10408,10408,1503609653888,5,-4,-24,-8,-4,-4,-6,-10
10409,10409,1503609653895,17,24,9,3,4,0,0,-1
10410,10410,1503609653910,2,-7,-7,0,0,2,2,-4
10411,10411,1503609653917,-1,-3,-14,-3,-1,-1,-3,-9
10412,10412,1503609653925,5,0,0,3,-1,-1,-1,0
10413,10413,1503609653932,2,-9,-6,-1,-2,-2,-6,-4
10414,10414,1503609653947,-2,-8,-16,0,0,-2,-1,-3
10415,10415,1503609653955,0,-13,-1,1,0,-2,-2,-7
10416,10416,1503609653963,2,-2,-4,-7,-6,-3,-2,-6
10417,10417,1503609653977,24,-3,1,3,-1,0,2,8
10418,10418,1503609653985,3,-5,-4,-2,-1,3,0,2
10419,10419,1503609653993,-3,0,-3,-6,-3,-2,-2,-3
10420,10420,1503609654007,1,-1,2,-3,-2,0,-5,3
10421,10421,1503609654014,-4,2,0,0,-1,-3,-2,1
10422,10422,1503609654023,-26,-32,-11,-4,0,-4,-7,-9
10423,10423,1503609654037,5,5,13,1,-2,-2,-5,-12
10424,10424,1503609654045,6,10,6,3,2,1,0,-7
10425,10425,1503609654052,18,0,-11,-1,0,0,1,5
10426,10426,1503609654067,-11,-30,-4,-5,-2,-2,5,12
10427,10427,1503609654074,2,3,11,7,2,2,3,1
10428,10428,1503609654090,11,-2,-19,-6,-3,-2,1,5
10429,10429,1503609654098,-2,4,-3,1,0,0,-3,-9
10430,10430,1503609654105,10,-18,-14,-1,-2,-1,-5,-13
10431,10431,1503609654119,6,21,12,3,2,0,-1,5
10432,10432,1503609654120,-76,-14,-6,-4,-2,-2,-4,-23
10433,10433,1503609654127,4,-9,6,-2,-1,-1,4,18
10434,10434,1503609654134,-9,11,10,4,2,1,6,-13
10435,10435,1503609654150,23,31,-7,-10,-6,-6,-3,5
10436,10436,1503609654157,5,8,20,1,0,0,-1,10
10437,10437,1503609654167,-2,4,8,8,1,0,-1,-9
10438,10438,1503609654179,9,4,-5,-9,-5,-6,-6,-8
10439,10439,1503609654180,10,-2,-11,-1,1,1,-4,3
10440,10440,1503609654190,-8,5,-13,-8,-4,-3,0,4
10441,10441,1503609654194,-7,3,2,12,11,3,4,-1
10442,10442,1503609654195,10,-11,22,9,6,4,4,19
10443,10443,1503609654209,13,-10,-2,-6,-2,-1,0,13
10444,10444,1503609654217,11,12,-3,-2,-3,-4,1,3
10445,10445,1503609654226,-5,8,-1,3,1,2,-2,-11
10446,10446,1503609654240,4,-8,-7,3,1,1,-3,2
10447,10447,1503609654247,-9,18,11,3,3,2,3,-1
10448,10448,1503609654257,1,0,-4,-6,-2,-4,-1,1
10449,10449,1503609654269,5,4,4,0,3,0,-2,-7
10450,10450,1503609654277,0,9,4,2,3,-1,1,3
10451,10451,1503609654285,31,6,9,7,4,1,17,31
10452,10452,1503609654300,32,10,-16,-8,-9,-3,2,13
10453,10453,1503609654307,-7,3,4,0,-3,-1,-8,-11
10454,10454,1503609654314,33,16,-3,-2,-2,0,-2,19
10801,10801,1503609657712,10,7,-7,-2,-3,-2,0,-5
10802,10802,1503609657728,4,5,-2,-4,-3,-1,-1,-9
10803,10803,1503609657734,-3,-5,-3,-1,-1,-2,-5,-2
10804,10804,1503609657751,-1,10,-2,1,1,1,5,6
10805,10805,1503609657758,-4,17,10,-2,2,0,-3,-1
10806,10806,1503609657766,-6,-29,-6,0,-5,-2,-1,2
10807,10807,1503609657772,6,0,-18,-7,-4,-2,-2,-1
10808,10808,1503609657788,-13,-23,-13,-4,1,1,-1,-1
10809,10809,1503609657794,8,-21,-14,-10,-6,-1,1,4
10810,10810,1503609657810,8,9,16,14,9,3,-1,-1
10811,10811,1503609657817,9,8,1,1,0,-2,-2,0
10812,10812,1503609657825,-11,-20,-7,-8,-5,-3,-1,-1
10813,10813,1503609657839,-7,8,12,4,0,0,-1,-5
10814,10814,1503609657851,-6,-1,-3,-1,0,-1,-2,-4
10815,10815,1503609657854,3,-2,-1,-2,-1,2,-2,-2
10816,10816,1503609657855,-7,-9,-7,-3,-1,0,-1,-2
10817,10817,1503609657876,9,13,8,-1,0,0,1,2
10818,10818,1503609657877,-6,-3,-1,1,1,-1,-5,-3
10819,10819,1503609657885,7,13,2,-3,-3,1,-1,1
10820,10820,1503609657900,-3,16,7,4,1,0,-1,-4
10821,10821,1503609657907,-5,-1,-5,0,-3,-3,-1,2
10822,10822,1503609657916,9,-6,0,1,2,-1,-2,-2
10823,10823,1503609657930,2,-3,-4,-6,-6,-1,3,4
10824,10824,1503609657937,-11,-2,7,6,1,-1,-3,-4
10825,10825,1503609657945,-5,3,-1,-3,0,-1,1,-1
10826,10826,1503609657959,-1,-4,-5,-4,-4,-9,3,-1
10827,10827,1503609657967,2,4,0,0,-1,-4,-10,-2
10828,10828,1503609657974,1,-7,-4,-6,-1,1,-2,1
10829,10829,1503609657990,-10,-1,3,4,2,1,10,0
10830,10830,1503609657997,-10,-4,2,2,0,-3,-4,1
10831,10831,1503609658005,13,5,1,-3,1,2,0,23
10832,10832,1503609658020,-3,-6,-4,0,1,4,1,27
10833,10833,1503609658027,6,4,-3,-4,-1,1,-1,7
10834,10834,1503609658034,-2,-2,-6,-4,-2,1,1,-29
10835,10835,1503609658052,1,1,0,2,-2,0,-2,-17
10836,10836,1503609658057,-2,3,4,2,-1,1,-1,-25
10837,10837,1503609658065,-25,-5,-1,-7,-2,-1,-1,-16
10838,10838,1503609658079,-16,-14,3,14,-1,2,-1,-7
10839,10839,1503609658087,17,22,1,-3,-1,0,1,9
10840,10840,1503609658094,9,16,9,-8,-1,0,3,7
10841,10841,1503609658110,3,2,10,4,1,-1,-3,-3
10842,10842,1503609658118,6,8,10,2,-1,-4,-2,7
10843,10843,1503609658125,-3,11,8,3,3,0,2,-3
10844,10844,1503609658139,-4,-14,-11,-4,-2,0,1,9
10845,10845,1503609658147,-11,-37,-14,0,-2,1,-1,-5
10846,10846,1503609658155,10,8,-3,-2,0,1,0,3
10847,10847,1503609658170,5,6,-3,-1,-2,-2,-3,1
10848,10848,1503609658177,15,-10,16,3,1,1,4,7
10849,10849,1503609658192,21,-4,-4,2,0,1,1,0
10850,10850,1503609658201,4,11,-6,-5,0,-2,-1,-7
10851,10851,1503609658207,1,-8,-4,-1,-2,-5,-4,-8
10852,10852,1503609658214,1,3,-5,0,0,-2,-5,-5
10853,10853,1503609658230,-19,-19,-4,-3,0,1,-1,-1
10854,10854,1503609658237,-32,-24,-13,-4,-2,-1,-3,-4
10855,10855,1503609658245,-1,-3,-6,1,1,0,-2,-5
10856,10856,1503609658260,-17,-23,-17,-2,-2,1,0,-11
10857,10857,1503609658267,2,-15,-13,1,-2,-1,0,5
10858,10858,1503609658274,32,25,11,0,-1,-1,-1,1
10859,10859,1503609658290,-11,1,-2,-3,-3,-2,0,1
10860,10860,1503609658297,-7,2,3,0,-2,1,0,-1
10861,10861,1503609658305,-7,13,4,0,1,-1,-1,1
10862,10862,1503609658319,1,16,7,2,1,1,2,7
10863,10863,1503609658327,6,25,12,-1,0,-3,-9,-11
10864,10864,1503609658334,-14,-18,-6,1,-2,-5,-7,0
10865,10865,1503609658350,-27,-14,-5,1,-2,-1,0,-8
10866,10866,1503609658357,3,-21,-4,-2,-1,1,1,11
10867,10867,1503609658365,2,-1,-1,-4,-2,1,4,10
10868,10868,1503609658379,-13,3,2,-1,0,-1,3,7
10869,10869,1503609658387,4,31,10,0,-2,-1,-3,-13
10870,10870,1503609658402,-4,5,-5,-4,-2,-1,-2,-13
10871,10871,1503609658410,17,-1,1,1,1,0,-3,11
10872,10872,1503609658417,18,2,-5,-2,0,1,0,4
10873,10873,1503609658425,-8,-16,-9,-6,-2,-2,0,-5
10874,10874,1503609658439,-3,11,10,6,1,0,-2,-2
10875,10875,1503609658454,-22,-1,-16,-10,-3,-2,-2,-7
10876,10876,1503609658456,-2,8,3,-3,-2,0,3,-12
10877,10877,1503609658470,10,15,-7,-2,-2,-1,3,10
10878,10878,1503609658477,-15,-4,6,3,2,-3,-10,-37
10879,10879,1503609658487,-2,-19,1,-3,-2,0,2,2
10880,10880,1503609658500,-11,-14,6,4,1,0,-2,-9
10881,10881,1503609658507,-3,0,2,1,-4,-2,-3,-4
10882,10882,1503609658514,-15,-5,-3,-3,-3,0,0,-6
10883,10883,1503609658515,2,-13,-11,-5,0,1,4,11
10884,10884,1503609658530,7,2,7,0,-1,0,1,2
10885,10885,1503609658537,20,6,-7,-3,-3,-3,1,16
10886,10886,1503609658545,20,9,4,2,0,-2,-3,-9
10887,10887,1503609658559,1,2,-4,-2,-1,0,-1,7
10888,10888,1503609658567,-6,5,-2,0,3,0,1,3
10889,10889,1503609658574,5,2,0,1,0,1,2,1
10890,10890,1503609658590,-1,-11,-3,-1,3,1,-1,2
10891,10891,1503609658597,27,18,-1,-2,-2,-2,0,12
10892,10892,1503609658605,-17,-36,-5,-5,-2,1,2,9
10893,10893,1503609658621,-11,-11,5,6,2,-2,-7,-5
10894,10894,1503609658627,-12,1,-3,-3,-2,-5,-4,-27
10895,10895,1503609658634,-2,-10,-13,-10,-7,0,-1,4
10896,10896,1503609658650,0,2,2,4,-1,0,1,0
10897,10897,1503609658657,-2,6,-3,-2,-3,-3,-2,-4
10898,10898,1503609658665,4,10,15,2,1,1,1,4
10899,10899,1503609658679,-5,-10,-6,-2,2,2,1,3
10900,10900,1503609658688,-7,-21,-3,2,-1,-2,-4,-9
10901,10901,1503609658694,-1,7,14,3,-3,-4,-3,-3
10902,10902,1503609658710,23,17,0,-3,-2,1,0,3
10903,10903,1503609658717,2,40,-14,-3,0,0,3,4
10904,10904,1503609658732,-5,-1,-2,-2,-1,-2,1,1
10905,10905,1503609658739,14,-2,-8,-7,-3,-2,-1,-1
10906,10906,1503609658747,-3,-1,-3,1,-1,1,0,2
10907,10907,1503609658762,-10,-7,5,2,-5,-2,-4,-2
10908,10908,1503609658770,5,-6,1,6,11,5,3,4
10909,10909,1503609658777,-1,-10,0,-3,3,-5,-1,0
10910,10910,1503609658792,-12,-12,-5,-4,-4,2,4,0
10911,10911,1503609658793,17,4,-7,-4,-7,-1,2,3
10912,10912,1503609658800,8,-11,-2,2,4,2,-4,0
10913,10913,1503609658807,-30,-1,2,-1,-2,-1,-3,-3
10914,10914,1503609658823,8,6,4,-1,-3,2,13,8
10915,10915,1503609658830,2,-2,-2,-4,-1,1,-2,4
10916,10916,1503609658837,-16,-4,-2,-1,2,0,-4,-7
10917,10917,1503609658852,2,6,1,1,0,-2,-4,-6
10918,10918,1503609658860,-10,-6,-5,-5,-1,0,-3,-7
11494,11494,1503609664402,-5,1,3,-5,-3,-2,-1,-4
11495,11495,1503609664417,0,0,-1,-3,-4,-1,2,0
11496,11496,1503609664424,7,10,4,0,-2,-4,-1,-1
11497,11497,1503609664432,-4,-5,-10,-3,-1,2,0,-2
11498,11498,1503609664447,11,3,2,-3,0,0,-4,2
11499,11499,1503609664455,-4,-6,-3,-5,-10,-6,-6,-4
11500,11500,1503609664462,8,25,20,13,14,3,2,-4
11501,11501,1503609664477,9,4,-3,-6,-2,0,-1,-1
11502,11502,1503609664484,-2,8,-9,-5,-8,0,3,1
11503,11503,1503609664492,-8,3,-2,-7,-7,1,-1,-4
11504,11504,1503609664507,5,-10,-13,-6,-2,-3,-2,-1
11505,11505,1503609664515,1,16,3,-2,-1,-4,-1,6
11506,11506,1503609664522,-4,-3,5,3,0,-1,-2,-11
11507,11507,1503609664544,-28,-37,-14,-3,1,0,2,-4
11508,11508,1503609664545,-13,-9,-23,-12,-4,-3,-3,-4
11509,11509,1503609664553,-1,20,35,11,6,3,-2,-10
11510,11510,1503609664567,-9,-28,-8,0,-2,-1,-3,0
11511,11511,1503609664575,-7,-3,0,1,-2,-1,4,10
11512,11512,1503609664582,12,10,6,-6,-6,-5,-3,4
11513,11513,1503609664597,6,-1,-3,-11,-21,-1,-7,1
11514,11514,1503609664605,-9,0,6,4,-4,4,-13,-12
11515,11515,1503609664612,0,-8,-13,-8,-9,-2,-9,-8
11516,11516,1503609664626,10,8,12,5,0,-4,-10,-20
11517,11517,1503609664627,1,7,11,-1,-9,-11,-18,6
11518,11518,1503609664635,6,2,-1,4,13,1,-2,6
11519,11519,1503609664641,-10,-3,-3,-6,-5,5,4,-16
11520,11520,1503609664642,4,5,2,-2,-2,-2,3,3
11521,11521,1503609664657,14,-7,0,5,5,0,4,37
11522,11522,1503609664665,28,-20,-23,-7,1,4,14,24
11523,11523,1503609664673,-7,64,52,19,11,-3,-2,-12
11524,11524,1503609664687,-17,40,41,10,6,6,11,3
11525,11525,1503609664697,5,-22,20,14,11,5,10,2
11526,11526,1503609664702,34,36,27,13,8,2,-1,-2
11527,11527,1503609664716,-11,-4,-19,-8,-2,-3,-2,-13
11528,11528,1503609664724,-22,-42,-34,-10,-4,-3,-2,-12
11529,11529,1503609664732,18,-3,-8,-4,-5,1,5,1
11530,11530,1503609664746,-27,14,13,-4,-1,-1,-5,-2
11531,11531,1503609664747,-16,-19,-15,-8,-1,-1,-2,-4
11532,11532,1503609664755,7,11,-3,4,3,1,-7,-14
11533,11533,1503609664762,3,-11,-2,2,-2,-2,6,4
11534,11534,1503609664763,-13,11,0,-2,-4,-4,-1,1
11535,11535,1503609664776,5,-10,-7,-4,-3,-3,2,6
11536,11536,1503609664784,-21,-21,-5,4,10,9,8,-14
11537,11537,1503609664792,-2,-8,-11,0,-1,-3,-6,-11
11538,11538,1503609664806,-1,4,1,-4,-7,0,0,-1
11539,11539,1503609664807,0,-1,-3,7,11,-3,-1,0
11540,11540,1503609664815,9,-3,-6,-5,-5,0,4,12
11541,11541,1503609664822,-4,-3,0,-2,-2,0,2,2
11542,11542,1503609664837,-19,-9,-6,-6,-5,-3,-4,-6
11543,11543,1503609664851,-7,-1,3,0,1,0,-6,-5
11544,11544,1503609664853,3,5,-3,0,0,0,2,1
11545,11545,1503609664867,-11,-6,-7,2,1,3,4,-6
11546,11546,1503609664881,-24,14,19,0,-4,-5,-17,-13
11547,11547,1503609664883,9,54,41,12,3,0,-6,-9
11548,11548,1503609664899,-16,-2,-21,-8,-3,-3,1,-12
11549,11549,1503609664904,-4,-38,-20,-11,-11,-5,1,5
11550,11550,1503609664912,8,3,25,8,6,3,0,1
11551,11551,1503609664926,2,-5,-14,-12,-9,-2,-2,0
11552,11552,1503609664935,10,-23,-32,-8,-6,-3,0,2
11553,11553,1503609664942,5,0,16,9,0,3,1,3
11554,11554,1503609664956,2,5,-5,-6,-5,-1,10,-2
11555,11555,1503609664965,-1,-43,-13,2,-1,-3,-1,-1
11556,11556,1503609664972,-14,-27,-22,-7,-1,-1,0,-2
11557,11557,1503609664987,-26,-27,-24,-7,-4,-5,-8,-13
11558,11558,1503609664994,-23,-18,3,2,0,-2,-5,-8
11559,11559,1503609665002,6,26,2,-8,-1,-1,-3,1
11560,11560,1503609665017,3,16,7,12,17,5,-2,-8
11561,11561,1503609665024,13,16,7,4,3,-1,-1,6
11562,11562,1503609665033,9,2,-1,-5,-7,4,2,11
11563,11563,1503609665047,9,9,2,4,6,-2,-20,-1
11564,11564,1503609665055,-10,-3,2,2,-2,-8,-13,-7
11565,11565,1503609665062,-1,0,-6,-14,-15,-6,0,-1
11566,11566,1503609665077,-3,-3,0,4,10,6,7,2
11567,11567,1503609665084,2,8,5,0,3,3,0,4
11568,11568,1503609665092,1,-5,-4,-4,-5,-7,-6,-7
11569,11569,1503609665107,11,18,15,5,-1,1,4,6
11570,11570,1503609665115,12,10,2,-2,-5,-4,-8,-7
11571,11571,1503609665121,-14,-26,-18,-9,-5,-2,-5,-4
11572,11572,1503609665122,37,36,-1,2,4,2,9,17
11573,11573,1503609665136,-11,-24,11,7,7,3,-8,-11
11574,11574,1503609665137,11,27,11,3,-3,-1,3,17
11575,11575,1503609665144,3,12,0,-8,-4,-3,-1,-7
11576,11576,1503609665152,-6,-10,0,9,4,2,3,8
11577,11577,1503609665167,-8,-8,-16,-8,-3,-4,-3,-8
11578,11578,1503609665176,8,-9,-6,-5,-5,0,0,-7
11937,11937,1503609668647,-15,-7,-1,2,-1,-2,-1,-5
11938,11938,1503609668654,5,0,-3,-1,0,-1,3,1
11939,11939,1503609668662,-2,-2,-2,-4,-2,-1,-2,0
11940,11940,1503609668677,5,1,-6,0,-2,0,-1,2
11941,11941,1503609668684,4,7,1,3,0,-1,-3,-5
11942,11942,1503609668700,15,2,8,2,1,-1,0,5
11943,11943,1503609668706,-18,-4,2,3,0,-3,-1,3
11944,11944,1503609668722,-4,-5,-2,-3,2,0,-1,-4
11945,11945,1503609668726,3,-10,-15,-6,-5,-2,-4,-4
11946,11946,1503609668737,0,14,2,2,-1,0,-1,0
11947,11947,1503609668744,-3,5,1,-4,-3,1,1,0
11948,11948,1503609668752,-19,-15,-16,-10,-5,-3,-1,1
11949,11949,1503609668767,-9,-3,6,5,4,1,-1,-2
11950,11950,1503609668774,-6,-4,-2,2,3,-1,-4,-7
11951,11951,1503609668781,-26,-12,-6,2,-1,-1,-4,-9
11952,11952,1503609668798,-6,-3,5,2,-1,-1,0,6
11953,11953,1503609668804,13,4,3,-1,-2,-2,0,1
11954,11954,1503609668819,4,-6,-12,-6,-5,-3,-2,-1
11955,11955,1503609668827,26,1,-3,-5,-5,-1,1,4
11956,11956,1503609668834,8,1,12,7,8,3,2,4
11957,11957,1503609668841,1,-5,2,-1,3,-1,-2,-9
11958,11958,1503609668859,-8,11,-1,-6,-3,-3,2,1
11959,11959,1503609668864,-7,-3,-1,-1,2,2,-1,-1
11960,11960,1503609668879,4,3,6,4,3,3,2,3
11961,11961,1503609668886,-6,3,-6,-6,-4,-3,-4,0
11962,11962,1503609668895,-24,-6,0,3,8,3,0,-3
11963,11963,1503609668901,-3,11,4,6,5,-1,-1,-1
11964,11964,1503609668917,2,-6,-20,-16,-10,-5,-1,4
11965,11965,1503609668927,9,21,21,12,7,4,4,2
11966,11966,1503609668939,1,-2,6,4,-4,-2,-3,-9
11967,11967,1503609668946,-23,-16,-16,-12,-4,-5,-5,-4
11968,11968,1503609668954,16,-3,11,2,-2,-1,1,6
11969,11969,1503609668963,16,-9,-7,0,-3,-2,-4,-7
11970,11970,1503609668977,10,0,-2,0,0,-1,0,1
11971,11971,1503609668984,16,-9,-15,-13,-11,-5,-3,4
11972,11972,1503609668999,7,5,0,0,-1,-4,0,1
11973,11973,1503609669007,4,3,12,10,4,1,0,-3
11974,11974,1503609669014,-18,-1,-11,-9,-6,-2,-3,-10
11975,11975,1503609669029,-29,-12,-3,-8,-6,-3,-4,-11
11976,11976,1503609669037,4,-1,-2,-2,1,3,0,0
11977,11977,1503609669044,-4,-3,-11,-8,-3,1,4,5
11978,11978,1503609669061,3,5,9,6,2,1,2,-2
11979,11979,1503609669067,11,7,6,5,2,2,1,1
11980,11980,1503609669074,-7,-4,3,1,1,-1,0,2
11981,11981,1503609669089,8,7,-2,-2,-3,2,3,4
11982,11982,1503609669097,-4,-8,-4,9,3,1,-2,-7
11983,11983,1503609669104,3,-5,-8,-4,-4,-3,-1,2
11984,11984,1503609669119,17,5,-7,-5,-3,0,1,3
11985,11985,1503609669128,-7,3,6,1,1,0,0,-3
11986,11986,1503609669134,-5,3,0,2,3,0,0,1
11987,11987,1503609669149,4,-2,-8,-5,-3,-1,0,1
11988,11988,1503609669164,0,-3,8,4,-1,-1,-2,-3
11989,11989,1503609669166,-9,-1,14,7,4,0,-1,-2
11990,11990,1503609669179,-5,2,-1,-1,-2,1,-3,-11
11991,11991,1503609669186,-18,-7,-11,0,2,-2,-3,-6
11992,11992,1503609669195,7,-2,1,1,-1,0,-2,7
11993,11993,1503609669209,1,-2,-4,0,0,-2,-2,5
11994,11994,1503609669217,3,1,1,-2,-2,-1,-1,-4
11995,11995,1503609669224,25,11,3,1,2,0,1,4
11996,11996,1503609669239,1,-3,-8,-10,-3,-4,-3,-9
11997,11997,1503609669246,-7,-4,4,4,3,0,-2,-5
11998,11998,1503609669254,-3,-18,-16,-7,-5,-4,1,6
11999,11999,1503609669270,9,14,10,0,-3,0,-1,0
12000,12000,1503609669277,7,-4,3,4,2,0,3,6
12001,12001,1503609669284,-8,-9,-9,-5,-3,0,0,4
12002,12002,1503609669299,-3,3,0,1,0,0,-2,4
12003,12003,1503609669306,-1,2,0,-3,-2,0,-2,-3
12004,12004,1503609669314,2,8,8,3,1,0,-1,1
12005,12005,1503609669330,5,-17,-4,-2,0,-1,-1,0
12006,12006,1503609669337,-6,30,-1,-9,-7,-4,-5,-7
12007,12007,1503609669344,-9,-12,8,2,3,-1,1,0
12008,12008,1503609669359,2,-3,1,-4,-3,-3,-6,-7
12009,12009,1503609669366,6,19,-11,-1,-4,-3,1,3
12010,12010,1503609669374,-1,-12,3,2,0,1,2,2
12011,12011,1503609669389,-7,-23,-9,-4,-2,-1,-2,-6
12012,12012,1503609669399,-3,-11,3,-1,0,-2,2,-1
12013,12013,1503609669404,-3,13,4,-3,-5,2,-2,-2
12014,12014,1503609669419,-3,0,-2,0,-1,1,3,3
12015,12015,1503609669426,-4,-1,0,-1,0,-2,-3,-1
12016,12016,1503609669435,-8,-26,-22,-5,-5,-1,2,4
12017,12017,1503609669449,33,13,-9,-3,1,-1,1,3
12018,12018,1503609669457,-11,-6,-5,2,1,-1,-4,-5
12019,12019,1503609669464,-10,-6,4,4,1,0,-4,-3
12020,12020,1503609669479,9,1,1,4,4,-1,-4,1
12021,12021,1503609669486,-3,4,12,3,4,2,1,3
12022,12022,1503609669497,5,-3,-6,-1,2,-3,-1,3
12023,12023,1503609669498,-4,8,5,4,2,1,1,1
12024,12024,1503609669509,-6,-2,-5,-3,-3,-1,4,-1
12025,12025,1503609669517,2,7,3,-3,-1,-2,-2,-4
12026,12026,1503609669524,-7,-10,-5,-5,-2,-3,-4,-4
12027,12027,1503609669539,5,14,1,-4,-1,1,0,5
12028,12028,1503609669546,-5,9,2,0,-1,-2,-1,1
12029,12029,1503609669554,4,6,5,0,-1,-3,0,19
12030,12030,1503609669569,-15,0,3,3,2,1,-1,-1
12031,12031,1503609669577,-12,-6,-3,-1,-2,1,-1,-19
12032,12032,1503609669584,-15,2,-2,-2,-2,-1,0,-3
12033,12033,1503609669600,-7,-7,-5,-2,-3,-1,-2,-5
12034,12034,1503609669606,6,-6,-1,0,-1,0,0,-6
12035,12035,1503609669614,-4,4,2,3,4,0,-5,-16
12036,12036,1503609669632,11,6,-6,-2,-2,0,-2,3
12037,12037,1503609669637,-3,-6,0,0,-1,2,0,25
12038,12038,1503609669644,-10,-1,-1,-4,-4,-3,-1,6
12039,12039,1503609669659,11,-3,-2,-2,-4,-4,0,15
12040,12040,1503609669667,21,1,0,-4,-3,0,3,14
12041,12041,1503609669681,-36,-12,-3,-3,-2,-3,-5,-21
12042,12042,1503609669689,-12,-10,-9,-8,-5,-5,-4,-26
12043,12043,1503609669699,11,11,10,5,3,-5,-9,-13
12044,12044,1503609669704,-2,-6,-7,1,1,-2,0,-7
12045,12045,1503609669719,3,-2,0,-1,-2,-2,0,3
12046,12046,1503609669726,10,1,6,-4,1,0,-1,-2
12047,12047,1503609669735,11,-1,2,4,3,0,2,1
12048,12048,1503609669749,17,0,-8,1,-1,0,2,18
12049,12049,1503609669757,-20,-14,-2,-7,-6,-1,-3,-1
12050,12050,1503609669766,-3,-1,-1,-1,0,2,-2,-12
12051,12051,1503609669786,12,-2,-5,3,-1,-1,6,15
12052,12052,1503609669787,-9,-8,-1,2,-2,-3,-3,-8
12053,12053,1503609669795,-1,6,3,3,0,3,2,-15
12054,12054,1503609669809,-1,0,-2,-3,1,1,-1,5
12055,12055,1503609669817,-18,-3,2,-2,2,-1,-5,-2
12056,12056,1503609669824,-26,37,17,8,4,3,3,4
12057,12057,1503609669839,15,-16,-16,-2,-2,-2,-1,-10
12058,12058,1503609669846,-5,-36,-11,-4,-2,-1,0,-9
12059,12059,1503609669854,-7,3,7,1,-3,1,1,-5
12060,12060,1503609669869,3,1,-3,-2,-1,-2,0,0
12061,12061,1503609669877,17,-15,-14,-9,-1,-1,0,-9
12062,12062,1503609669884,3,10,19,9,4,1,-3,-4
12063,12063,1503609669900,-2,-12,-6,-3,-2,-3,-4,-2
12064,12064,1503609669901,5,-26,-18,-6,-2,-1,0,3
12065,12065,1503609669906,16,10,20,9,1,-2,-1,1
12066,12066,1503609669921,1,6,6,-1,1,-1,0,-2
12067,12067,1503609669929,2,-7,-11,-2,0,1,0,2
12068,12068,1503609669937,0,11,-6,-3,-2,0,-1,4
12069,12069,1503609669951,14,12,3,1,-2,0,0,4
12070,12070,1503609669959,22,41,17,-1,0,1,1,9
12071,12071,1503609669967,-13,-3,-3,-6,-6,-2,1,2
12072,12072,1503609669982,-3,4,1,6,1,0,-1,-10
12073,12073,1503609669988,1,-9,-16,-3,2,-2,-3,-3
12074,12074,1503609670004,-3,-25,-13,-1,-4,-1,1,4
12075,12075,1503609670011,0,-28,-5,-1,-2,-1,-1,1
12076,12076,1503609670019,4,21,8,0,-1,-1,-1,-3
12077,12077,1503609670026,-10,12,8,6,1,1,1,8
12078,12078,1503609670042,0,13,18,3,1,0,0,2
12079,12079,1503609670049,-10,-3,-8,-3,-1,-3,-2,-6
12080,12080,1503609670057,-8,-18,-9,-5,-4,0,0,-2
12081,12081,1503609670071,3,6,-5,-5,-2,-1,0,3
12082,12082,1503609670079,1,4,1,2,6,2,2,2
12083,12083,1503609670086,3,-14,-12,-5,-4,0,1,7
12084,12084,1503609670102,-10,-3,-17,-1,-2,-2,-3,-5
12085,12085,1503609670110,7,12,-2,-2,-1,-3,-1,-1
12086,12086,1503609670117,-9,5,1,-3,-3,0,-3,-5
12087,12087,1503609670131,2,-10,-6,-8,-5,-3,-3,-6
12088,12088,1503609670139,-26,-26,-4,-1,1,-2,0,-4
12089,12089,1503609670146,-13,-10,11,1,1,1,0,-10
12090,12090,1503609670161,2,-4,-7,-3,-2,0,2,12
12091,12091,1503609670169,1,25,4,-4,3,-1,-1,2
12092,12092,1503609670178,-6,-14,13,4,-1,-2,-3,-8
12093,12093,1503609670191,0,3,1,-4,-5,-2,1,3
12094,12094,1503609670201,-8,-7,-3,2,3,2,2,5
12095,12095,1503609670206,-10,-15,-5,-3,-3,-4,-8,-14
12096,12096,1503609670221,1,7,-3,-6,-5,-4,-3,-4
12097,12097,1503609670229,2,-4,-7,1,2,2,2,8
12098,12098,1503609670237,7,0,3,3,-1,0,2,10
12099,12099,1503609670251,9,-4,-4,-2,-2,-2,2,-1
12100,12100,1503609670259,4,3,0,-1,1,2,0,0
12101,12101,1503609670266,-11,-10,29,9,4,2,-1,-2
12102,12102,1503609670281,4,-11,-6,-4,-4,-3,-1,-1
12103,12103,1503609670289,-8,-15,-10,-5,-4,-3,-1,-2
12104,12104,1503609670297,7,29,25,11,7,4,0,0
12105,12105,1503609670311,-3,5,-2,1,0,1,1,-2
12106,12106,1503609670319,-5,2,-10,-6,-7,-5,-5,-7
12107,12107,1503609670326,3,25,8,2,-1,1,0,-2
12108,12108,1503609670341,-26,-6,-2,0,-2,-1,-4,-19
12109,12109,1503609670349,20,17,0,-2,-3,-3,-2,7
12110,12110,1503609670357,13,2,-1,3,0,-1,0,-3
12111,12111,1503609670371,-4,-3,-14,1,2,-1,-2,-4
12112,12112,1503609670379,16,4,-1,-3,-4,-3,1,4
12113,12113,1503609670386,9,20,16,7,4,3,2,7
12114,12114,1503609670404,-21,-5,-3,-1,-2,-3,-1,0
12115,12115,1503609670409,-5,-14,-10,-2,-1,1,2,3
12116,12116,1503609670417,6,12,-4,-3,0,-1,-6,-11
12117,12117,1503609670431,-6,-10,-2,-1,-3,-4,-4,-7
12118,12118,1503609670439,10,4,-7,-8,-5,1,3,8
12119,12119,1503609670446,1,-3,-2,-1,-1,1,-1,-1
12120,12120,1503609670461,-6,-7,3,0,-1,-3,-4,-1
12121,12121,1503609670471,-3,-18,-9,-2,1,-2,-1,1
12122,12122,1503609670477,6,13,15,2,2,0,0,-3
12123,12123,1503609670491,-13,-5,-7,-4,-4,-3,-2,2
12124,12124,1503609670499,16,16,10,7,4,2,0,1
12125,12125,1503609670507,-12,-5,3,0,0,-1,1,-1
12126,12126,1503609670521,-2,-30,-25,-8,-5,-3,-3,-5
12127,12127,1503609670529,9,-1,4,3,3,0,-2,-2
12128,12128,1503609670538,-9,-4,4,-2,-3,-2,-1,0
12129,12129,1503609670551,-7,-3,-4,-2,4,1,4,-4
12130,12130,1503609670559,-1,5,-1,2,2,0,-2,-4
12131,12131,1503609670566,6,-6,-7,-7,-2,-1,0,-2
12132,12132,1503609670581,-15,20,22,7,2,1,3,-2
12133,12133,1503609670589,10,-13,-16,2,-2,-1,-2,-4
12134,12134,1503609670598,-2,-24,-18,-7,-1,-1,-1,2
12135,12135,1503609670612,-3,-9,-6,-4,-5,-2,-5,-4
12136,12136,1503609670619,0,-11,-7,-5,0,-1,1,7
12137,12137,1503609670626,5,4,-2,1,3,0,-1,-2
12138,12138,1503609670642,9,16,2,3,3,2,0,8
12139,12139,1503609670649,-12,2,3,4,2,-1,-3,-11
12140,12140,1503609670657,0,-2,-1,0,3,0,1,0
12141,12141,1503609670672,-4,1,5,-2,-4,0,-1,0
12142,12142,1503609670680,-18,-19,-18,-13,-4,-2,-2,-2
12143,12143,1503609670686,-3,30,38,12,3,4,1,5
12144,12144,1503609670701,13,5,6,1,-5,0,2,3
12145,12145,1503609670709,11,23,4,-7,0,-4,-2,-2
12146,12146,1503609670717,17,6,3,2,-1,-1,-1,4
12147,12147,1503609670731,-9,-6,-3,-3,1,1,0,-2
12148,12148,1503609670732,-2,-17,-13,-3,-4,-1,0,4
12149,12149,1503609670740,-25,-12,-2,1,1,0,-5,-17
12150,12150,1503609670747,7,-8,-6,-3,-4,-2,-1,3
12151,12151,1503609670762,8,10,19,9,2,0,0,1
12152,12152,1503609670772,1,3,5,-1,-4,-2,2,3
12153,12153,1503609670778,4,-8,-9,-1,-3,-1,-2,-4
12154,12154,1503609670791,-9,-23,-17,-7,-3,0,-1,1
12155,12155,1503609670800,-10,11,6,-2,-2,-2,-1,1
12156,12156,1503609670806,-2,-9,-14,-7,-1,-1,1,-2
12157,12157,1503609670821,-11,-14,-7,0,0,-2,-2,0
12158,12158,1503609670829,-19,-9,-2,-7,-2,-2,-2,-11
12159,12159,1503609670837,15,2,-2,-1,1,0,-1,9
12160,12160,1503609670852,0,2,1,2,-1,0,0,2
12161,12161,1503609670859,-8,-1,-4,-8,-7,-3,-1,-1
12162,12162,1503609670873,-3,8,16,5,2,-1,1,0
12163,12163,1503609670882,-8,-12,-3,2,-1,0,0,-1
12164,12164,1503609670889,11,7,-4,-3,-3,-1,1,6
12165,12165,1503609670904,8,-2,-4,-1,1,-1,-2,-1
12166,12166,1503609670911,1,-7,-6,8,0,-1,-1,-2
12167,12167,1503609670919,-3,1,2,4,4,3,1,-2
12168,12168,1503609670933,-6,-7,-15,-6,-3,-3,-3,-3
12169,12169,1503609670941,3,0,1,8,5,1,-5,-17
12170,12170,1503609670949,2,0,-9,-2,-2,-1,-1,-4
12171,12171,1503609670964,-11,-8,-9,-6,-6,-3,-2,1
12172,12172,1503609670974,4,-10,-13,-7,-1,-1,-4,-3
12173,12173,1503609670979,8,4,15,2,0,-1,1,2
12174,12174,1503609670993,0,6,1,-1,-2,1,1,10
12175,12175,1503609671001,-13,-33,-25,-11,-4,0,2,3
12176,12176,1503609671009,-18,-5,12,-3,0,-3,-5,-7
12177,12177,1503609671024,-2,-6,-7,-1,0,1,0,0
12178,12178,1503609671031,-16,-4,-17,-1,3,1,0,0
12179,12179,1503609671041,6,17,3,-3,-3,-2,3,8
12180,12180,1503609671053,23,20,13,-2,2,0,-2,-1
12181,12181,1503609671061,-12,26,24,6,2,1,2,4
12567,12567,1503609674834,-1,1,19,10,5,-1,-1,0
12568,12568,1503609674843,-5,-8,-6,0,-5,-2,-2,-5
12569,12569,1503609674849,1,2,-3,-4,-4,2,2,-1
12570,12570,1503609674864,3,-3,-4,-2,0,-2,-4,-3
12571,12571,1503609674871,0,2,-9,-5,-5,-1,2,5
12572,12572,1503609674879,-20,10,21,9,5,4,4,4
12573,12573,1503609674894,-3,0,1,-2,0,0,1,5
12574,12574,1503609674903,9,-4,-2,-12,-6,-2,0,2
12575,12575,1503609674910,-28,-14,1,-3,-1,1,-1,-6
12576,12576,1503609674924,3,-9,-5,3,-1,-4,-1,-2
12577,12577,1503609674931,12,14,5,3,1,-1,-3,-2
12578,12578,1503609674939,-1,-7,-6,-5,-5,-2,-3,-5
12579,12579,1503609674954,5,8,0,3,4,-1,-5,-4
12580,12580,1503609674962,-4,0,13,6,-2,-2,-4,0
12581,12581,1503609674969,-3,-2,-14,-9,-9,-2,-1,-2
12582,12582,1503609674970,5,-4,-6,-3,1,1,0,-6
12583,12583,1503609674984,12,12,13,9,4,1,2,-3
12584,12584,1503609674991,-22,-9,-2,-2,-3,-1,-1,-3
12585,12585,1503609675006,-9,-12,-16,-6,-4,-2,0,-1
12586,12586,1503609675014,6,4,15,4,3,1,1,2
12587,12587,1503609675021,5,-6,-6,-6,-1,0,3,6
12588,12588,1503609675029,-5,-5,-9,-2,0,-3,-2,2
12589,12589,1503609675044,7,5,7,5,5,-1,0,1
12590,12590,1503609675051,5,-5,-3,-3,-4,0,1,0
12591,12591,1503609675059,-5,5,-5,0,4,1,-6,-7
12592,12592,1503609675074,-10,9,12,3,-1,-2,0,0
12593,12593,1503609675081,0,-10,-11,-7,-6,-3,-2,-2
12594,12594,1503609675088,22,2,4,-2,0,-1,-2,2
12595,12595,1503609675104,-2,-6,-3,-3,-4,-2,0,-2
12596,12596,1503609675111,-3,-2,-9,-7,-6,-3,-3,-3
12597,12597,1503609675126,6,11,8,3,1,1,-2,0
12598,12598,1503609675136,5,-15,-8,-1,-2,0,-1,-4
12599,12599,1503609675141,-4,23,1,-6,-2,0,-2,-3
12600,12600,1503609675149,-7,-5,-10,-4,-4,-4,-3,-4
12601,12601,1503609675163,-6,-42,-11,3,-1,-3,2,3
12602,12602,1503609675171,11,19,2,0,-1,1,0,4
12603,12603,1503609675179,-4,-9,-8,-6,-2,-3,-2,0
12604,12604,1503609675193,-4,-33,-12,1,-1,0,0,3
12605,12605,1503609675203,2,5,2,-1,-3,-1,1,3
12606,12606,1503609675215,-4,23,1,-1,2,-1,2,3
12607,12607,1503609675223,2,-20,-7,-2,-1,-1,-4,-1
12608,12608,1503609675231,0,-24,2,1,1,0,-1,-1
12609,12609,1503609675239,7,46,14,2,-2,0,-1,3
12610,12610,1503609675254,-8,14,13,3,1,1,-1,-2
12611,12611,1503609675261,-2,0,-4,-3,-3,-3,-3,1
12612,12612,1503609675271,1,-6,-5,-4,-1,1,-1,-2
12613,12613,1503609675283,-2,2,-1,1,2,1,-4,-4
12614,12614,1503609675291,-6,-9,-2,-2,-1,-2,-2,-7
12615,12615,1503609675307,3,-3,1,1,2,0,2,-3
12616,12616,1503609675314,4,10,2,3,0,-2,-1,2
12617,12617,1503609675322,-1,-1,3,1,-1,1,0,-3
12618,12618,1503609675329,4,7,1,-5,-5,0,-2,-1
12619,12619,1503609675344,-3,-7,-3,3,3,1,1,3
12620,12620,1503609675353,-3,1,0,1,0,1,-1,-4
12621,12621,1503609675359,-3,-5,-1,-2,-2,-1,-2,-5
12622,12622,1503609675374,-3,-1,-8,-5,-2,-3,-1,0
12623,12623,1503609675382,2,4,2,2,-1,-4,2,11
12624,12624,1503609675389,6,12,4,1,0,-1,0,-1
12625,12625,1503609675405,7,12,-1,-1,-4,1,-2,-5
12626,12626,1503609675411,-2,-5,-4,-2,-7,-1,1,-3
12627,12627,1503609675419,-1,-5,-6,-5,5,7,-2,-4
12628,12628,1503609675433,0,2,1,2,3,2,-4,1
12629,12629,1503609675442,-6,-12,0,3,1,6,1,8
12630,12630,1503609675449,4,-4,2,3,3,1,2,19
12631,12631,1503609675463,-4,-4,2,5,-4,-7,-8,7
12632,12632,1503609675472,0,5,6,10,9,3,5,3
12633,12633,1503609675479,9,5,4,4,2,3,-4,-10
12634,12634,1503609675480,4,0,0,-1,-1,-2,2,-8
12635,12635,1503609675493,-2,-8,-9,-7,-6,-7,-6,-25
12636,12636,1503609675501,0,1,0,0,2,-1,0,-15
12637,12637,1503609675502,-3,1,1,0,1,-2,1,-15
12638,12638,1503609675515,-3,2,7,-3,0,0,-1,-8
12639,12639,1503609675523,-2,-4,-3,-6,-3,-1,1,-6
12640,12640,1503609675531,1,0,-5,0,-2,-1,0,-2
12641,12641,1503609675547,-1,-1,-7,-8,-1,-1,-3,8
12642,12642,1503609675553,-6,8,10,3,-3,0,0,3
12643,12643,1503609675562,-14,-2,2,-3,3,2,4,2
12644,12644,1503609675576,27,11,-6,-3,-4,-3,-3,4
12645,12645,1503609675583,11,-9,1,1,-3,-1,0,11
12646,12646,1503609675584,-7,-5,-6,-5,-5,-1,-4,0
12647,12647,1503609675591,-2,-1,0,1,1,-1,0,2
12648,12648,1503609675606,-1,-5,-4,-3,-2,-1,2,13
12649,12649,1503609675615,-6,2,-5,-3,-1,0,-4,-1
12650,12650,1503609675622,14,-8,-2,1,-3,-3,-4,-3
12651,12651,1503609675637,-21,-7,13,2,0,-4,-2,-8
12652,12652,1503609675644,7,1,-3,-2,1,-2,0,-1
12653,12653,1503609675651,-5,-20,-14,-6,-1,-3,-3,-1
12654,12654,1503609675666,-14,1,3,4,0,2,1,-15
12655,12655,1503609675674,15,8,-8,-5,-3,2,3,19
12656,12656,1503609675682,-5,13,6,-3,-2,-2,-3,-13
12657,12657,1503609675695,-9,-17,10,3,-1,-3,-3,-3
12658,12658,1503609675704,11,-19,-12,0,-1,-2,-1,6
12659,12659,1503609675712,8,32,9,2,0,1,0,-3
12660,12660,1503609675726,-14,-21,-7,-2,-1,0,3,-2
12661,12661,1503609675734,8,-15,-9,0,-1,-1,2,2
12662,12662,1503609675742,12,11,2,-2,-2,0,-2,1
12663,12663,1503609675755,9,34,11,2,1,-1,-2,0
12664,12664,1503609675764,1,21,8,2,-1,-2,3,5
12665,12665,1503609675771,-5,-11,-13,-6,-3,-2,-4,-4
12666,12666,1503609675786,-28,-16,-9,0,-3,0,0,-9
12667,12667,1503609675794,-15,-22,-18,-5,-3,-2,2,3
12668,12668,1503609675802,5,-4,6,2,0,1,1,5
12669,12669,1503609675816,-2,-25,-2,-1,1,0,0,-5
12670,12670,1503609675824,-3,-6,-1,2,-2,-1,-2,0
12671,12671,1503609675831,-9,-11,-7,-5,-2,-1,4,3
12672,12672,1503609675846,29,21,-1,0,0,0,3,5
12673,12673,1503609675853,-17,-21,-6,-3,-3,-1,3,2
12674,12674,1503609675854,-1,1,-1,0,-2,-3,-4,-4
12675,12675,1503609675869,3,-1,-2,3,5,-1,-1,0
12676,12676,1503609675875,6,-2,4,2,2,0,0,-11
12677,12677,1503609675884,-8,-11,-4,-4,-2,-2,-4,1
12678,12678,1503609675891,12,-7,-4,2,-2,-1,1,5
12679,12679,1503609675908,0,-8,-6,-7,1,1,1,-1
12680,12680,1503609675913,-34,19,3,1,2,1,-2,-16
12681,12681,1503609675921,-9,-14,-12,-5,-4,-4,-4,-8
12682,12682,1503609675935,12,30,25,10,4,1,0,2
12683,12683,1503609675943,-7,2,7,5,3,2,4,8
12684,12684,1503609675944,-18,-4,-3,-2,-1,-1,-4,-7
12685,12685,1503609675951,-5,-22,-14,-10,-4,-3,-2,-3
12686,12686,1503609675966,-3,2,7,0,-5,-2,-4,3
12687,12687,1503609675975,2,0,-1,0,1,1,1,0
12688,12688,1503609675982,2,-3,-2,-2,-2,-4,-1,4
12689,12689,1503609675995,-3,-4,1,5,-2,0,-3,3
12690,12690,1503609676003,-7,-5,-17,-12,1,0,1,-2
12691,12691,1503609676004,-10,13,20,7,2,2,1,3
12692,12692,1503609676011,17,26,14,0,-1,1,6,10
12693,12693,1503609676026,21,-1,-12,-10,-5,-3,-1,5
12694,12694,1503609676033,-13,-13,-4,-2,-1,-2,-4,-11
12695,12695,1503609676044,25,-4,12,4,1,0,-1,1
12696,12696,1503609676055,-4,-8,-9,0,3,1,-6,-6
12697,12697,1503609676063,-4,-22,-4,-1,0,1,-1,7
12698,12698,1503609676071,-6,-4,-6,-4,-2,-1,2,6
12699,12699,1503609676086,-6,8,0,3,1,0,3,-7
12700,12700,1503609676093,5,-1,-9,-6,-3,-1,0,-1
12701,12701,1503609676102,2,21,6,8,2,3,2,0
12702,12702,1503609676116,6,-10,-2,0,0,0,2,3
12703,12703,1503609676124,11,17,-7,-3,2,-3,-5,-10
12704,12704,1503609676131,-16,-31,-3,3,-2,-2,-3,-3
12705,12705,1503609676146,6,-12,-6,-2,-3,-2,-3,-1
12706,12706,1503609676154,-17,-2,-1,-3,-1,-2,1,-4
12707,12707,1503609676162,-40,-14,-6,-3,-2,-3,-4,-19
12708,12708,1503609676177,10,11,1,-4,-1,-1,-3,2
12709,12709,1503609676185,3,5,11,1,0,2,1,5
12710,12710,1503609676191,16,8,-5,-2,-1,0,3,6
12711,12711,1503609676206,3,5,-1,-2,-1,-2,-5,-14
12712,12712,1503609676214,1,4,-1,-1,-1,-2,1,2
12713,12713,1503609676222,-22,-4,7,1,0,-1,4,6
12714,12714,1503609676236,2,7,10,4,0,1,0,4
12715,12715,1503609676246,-3,6,-13,-3,-1,-2,-1,0
12716,12716,1503609676252,-13,-1,2,-2,-3,-2,-2,-6
12717,12717,1503609676267,-8,-1,-5,-5,1,1,-1,2
12718,12718,1503609676274,1,1,-4,1,3,0,-2,-5
12719,12719,1503609676282,6,8,1,1,-5,-3,-2,-3
12720,12720,1503609676295,-4,-13,-2,3,0,3,4,3
12721,12721,1503609676304,10,-3,-8,-9,-9,-5,-3,-7
12722,12722,1503609676312,1,-4,11,2,1,0,-2,6
12723,12723,1503609676326,9,12,2,1,3,2,2,10
12724,12724,1503609676334,-18,2,-14,-9,-5,-2,-1,-3
12725,12725,1503609676342,13,-14,-21,-6,-4,-8,-6,-1
12726,12726,1503609676356,-7,-10,12,6,5,1,-2,-8
12727,12727,1503609676371,1,-17,2,2,-1,0,-5,-11
12728,12728,1503609676372,10,45,4,-1,-2,0,-1,3
12729,12729,1503609676387,-2,22,-3,2,2,2,6,9
12730,12730,1503609676393,13,-9,-11,-4,-1,-4,0,2
12731,12731,1503609676402,1,-7,-3,-3,-1,-1,0,2
12732,12732,1503609676417,0,16,-2,-6,-3,-1,-1,-5
12733,12733,1503609676424,3,-12,-2,-2,-2,-1,-2,-2
12734,12734,1503609676431,-8,-17,-5,1,2,0,-3,-7
12967,12967,1503609678689,4,28,24,9,9,1,-2,3
12968,12968,1503609678704,28,26,21,7,2,0,2,6
12969,12969,1503609678711,2,-16,-20,-9,-7,0,-2,2
12970,12970,1503609678729,-2,7,-2,-5,-3,-1,-2,0
12971,12971,1503609678734,17,24,13,13,5,2,0,3
12972,12972,1503609678742,0,-8,-2,4,0,0,-2,10
12973,12973,1503609678748,-8,-14,-22,-12,-4,-5,-2,-3
12974,12974,1503609678766,-12,-4,2,-1,-1,-2,-3,-6
12975,12975,1503609678771,9,-9,-6,-2,-6,-1,2,14
12976,12976,1503609678786,1,15,8,4,2,0,-1,4
12977,12977,1503609678795,3,1,7,3,1,-1,-2,-3
12978,12978,1503609678802,-9,-18,-15,-8,-2,-2,-3,-5
12979,12979,1503609678808,-5,0,9,4,-4,-3,0,0
12980,12980,1503609678824,-2,-35,-20,1,3,3,6,19
12981,12981,1503609678831,-26,-27,12,2,3,1,-2,-12
12982,12982,1503609678839,6,-14,-9,-7,-4,-2,-1,-2
12983,12983,1503609678853,3,-12,-17,-6,-6,-4,0,3
12984,12984,1503609678862,14,28,16,4,4,-1,1,0
12985,12985,1503609678869,1,14,10,0,-1,-1,-4,-4
12986,12986,1503609678884,-9,3,-2,-3,-3,0,-3,-13
12987,12987,1503609678891,0,-2,-5,-4,-1,-2,1,3
12988,12988,1503609678906,-11,1,4,4,-2,-1,0,-1
12989,12989,1503609678913,2,2,6,-4,0,0,1,1
12990,12990,1503609678929,-15,0,1,-2,0,-1,-4,-11
12991,12991,1503609678930,10,-18,-9,0,-3,-3,-4,-4
12992,12992,1503609678944,-15,-24,0,6,0,-1,0,4
12993,12993,1503609678951,4,22,14,2,6,3,-1,-7
12994,12994,1503609678966,-7,-5,-11,-4,-2,-1,-1,-2
12995,12995,1503609678973,3,18,-4,-7,-3,-4,-1,-4
12996,12996,1503609678981,6,10,-3,-4,-1,-2,-3,-2
12997,12997,1503609678988,-7,14,10,5,2,2,-1,-3
12998,12998,1503609679005,-6,-1,3,-5,0,0,0,-1
12999,12999,1503609679011,-7,-13,-20,-1,-2,-1,2,3
13000,13000,1503609679027,1,2,-5,-3,-5,-3,-1,-4
13001,13001,1503609679034,10,-5,-4,0,1,1,-2,-3
13002,13002,1503609679042,-4,10,8,2,-1,-2,-2,-3
13003,13003,1503609679049,16,-1,-13,-6,-4,-3,-1,4
13004,13004,1503609679064,4,-4,-6,-8,-5,0,-1,-1
13005,13005,1503609679072,8,-2,-1,1,2,0,0,-1
13006,13006,1503609679086,15,-8,1,6,3,0,1,1
13007,13007,1503609679093,-3,-8,-9,-8,-3,-2,-1,-1
13008,13008,1503609679101,-1,2,-10,0,3,1,-1,-4
13009,13009,1503609679108,-4,-3,2,-2,-1,1,-2,1
13010,13010,1503609679124,-13,0,6,1,-1,-1,-2,-4
13011,13011,1503609679132,-18,-22,-18,-14,-5,-3,-3,-3
13012,13012,1503609679146,-2,3,30,11,5,3,2,3
13013,13013,1503609679153,5,13,6,1,-1,-2,-1,-1
13014,13014,1503609679164,-1,-9,-13,-11,-7,-5,-3,-2
13015,13015,1503609679169,-6,19,10,7,1,2,2,4
13016,13016,1503609679192,-4,-6,-10,-5,-2,-3,-1,-1
13017,13017,1503609679206,2,6,12,3,1,-2,0,3
13018,13018,1503609679213,-3,-9,-15,0,-4,-2,-2,-1
13019,13019,1503609679221,6,6,13,4,2,0,0,3
13020,13020,1503609679228,0,3,4,1,2,2,2,2
13021,13021,1503609679229,-3,-2,5,4,1,0,0,0
13022,13022,1503609679244,-7,-14,-33,-12,-3,-3,-2,-5
13023,13023,1503609679251,2,16,37,15,4,1,0,1
13024,13024,1503609679266,0,-3,-10,-8,-4,-3,-2,-5
13025,13025,1503609679273,3,-5,-5,-8,-2,1,1,3
13026,13026,1503609679274,4,13,-1,3,3,2,-1,-1
13027,13027,1503609679281,-4,0,12,3,-1,1,0,-1
13028,13028,1503609679296,-3,-8,-11,-8,-3,-1,-1,-1
13029,13029,1503609679304,-2,-2,-12,-5,-2,-5,-1,-2
13030,13030,1503609679311,0,4,10,4,2,1,-2,0
13031,13031,1503609679327,-3,-5,-8,-3,-3,-2,-3,-2
13032,13032,1503609679333,3,7,1,0,1,1,1,7
13033,13033,1503609679334,-4,-10,-3,-2,-1,-1,2,2
13034,13034,1503609679343,3,8,10,8,2,2,2,4
13035,13035,1503609679356,-11,-10,-12,-6,-4,-1,-1,-1
13036,13036,1503609679366,-3,-2,2,0,-1,1,0,3
13037,13037,1503609679372,0,-3,6,-3,-2,-2,1,6
13038,13038,1503609679393,-8,3,1,0,1,-2,-4,-11
13039,13039,1503609679394,22,1,-9,-6,-1,-1,-2,-4
13040,13040,1503609679401,-1,-9,-2,-3,-2,-1,0,1
13041,13041,1503609679416,-4,1,9,6,5,0,-1,-5
13042,13042,1503609679424,17,38,8,3,1,0,-1,2
13043,13043,1503609679433,1,-5,-8,-6,-3,0,1,1
13044,13044,1503609679448,-6,-11,-4,1,0,0,-4,-6
13045,13045,1503609679453,3,10,11,1,2,0,-2,5
13046,13046,1503609679461,-3,1,-2,-3,0,-2,-1,1
13047,13047,1503609679462,-3,-13,-3,6,0,-2,-1,0
13048,13048,1503609679476,-9,-12,-14,-7,-2,-1,2,-2
13049,13049,1503609679484,20,16,10,1,3,4,4,12
13050,13050,1503609679491,-3,-3,-2,-1,-3,-2,-3,-1
13051,13051,1503609679506,-15,-11,-25,-12,-6,-3,-1,2
13052,13052,1503609679513,-16,-5,8,0,2,2,3,0
13053,13053,1503609679521,-10,-11,-7,-5,-2,-2,-2,-12
13054,13054,1503609679536,-3,-6,-8,0,-3,-3,0,-1
13055,13055,1503609679544,35,2,0,-3,-1,-1,0,7
13056,13056,1503609679551,5,8,7,6,1,0,-1,-3
13057,13057,1503609679568,-7,0,-3,-5,-3,-2,-1,-2
13058,13058,1503609679573,-2,3,-4,5,4,1,-1,0
13059,13059,1503609679581,2,3,14,4,2,0,0,-4
13060,13060,1503609679596,-3,-11,-14,-8,-6,-3,-2,-3
13061,13061,1503609679604,-30,-11,-7,-1,-5,-1,-4,-6
13062,13062,1503609679611,1,12,17,3,4,3,0,-2
13063,13063,1503609679626,1,-4,-1,-2,-1,0,0,2
13064,13064,1503609679634,-4,-4,-7,-5,-4,-2,-1,0
13065,13065,1503609679643,-5,0,0,0,1,0,-1,-2
13066,13066,1503609679656,4,-10,-23,-9,-5,-6,-6,-8
13067,13067,1503609679664,2,8,5,4,1,2,2,-3
13068,13068,1503609679672,-5,-6,-1,-2,-1,1,0,-2
13069,13069,1503609679686,3,-4,2,1,0,-1,-1,1
13070,13070,1503609679693,4,-5,-13,-3,-4,-2,-2,1
13071,13071,1503609679704,5,-1,-12,-10,0,-2,-2,-1
13072,13072,1503609679716,15,20,37,17,4,1,-2,0
13073,13073,1503609679724,-2,9,-6,-7,-3,-3,-3,-3
13074,13074,1503609679731,4,-3,-10,-6,-2,-3,-1,3
13075,13075,1503609679746,1,-7,-5,-2,-2,-1,0,0
13076,13076,1503609679753,-4,3,2,-2,0,0,-1,0
13077,13077,1503609679763,-7,-8,-6,2,0,-1,-1,1
13078,13078,1503609679777,-1,9,13,6,-3,0,-1,0
13079,13079,1503609679784,-6,-4,2,6,3,1,2,0
13080,13080,1503609679791,-3,-7,-11,-8,-2,-2,-3,-5
13081,13081,1503609679806,-2,0,2,-3,-1,-1,-1,-3
13082,13082,1503609679813,-3,-9,-12,-6,-4,-2,0,-2
13083,13083,1503609679822,6,9,38,17,7,3,2,1
13084,13084,1503609679837,-3,6,17,5,4,3,1,3
13085,13085,1503609679844,-6,-15,-24,-16,-7,-4,-5,-2
13086,13086,1503609679851,-3,-4,-3,-1,1,0,-1,-3
13087,13087,1503609679866,-3,2,6,4,3,2,2,-3
13088,13088,1503609679873,14,11,13,3,0,-2,-3,-5
13089,13089,1503609679874,4,-3,-9,-6,-5,-2,0,1
13090,13090,1503609679881,-2,-4,-11,-3,-1,-3,-2,-4
13091,13091,1503609679896,-4,-3,1,3,1,1,1,-3
13092,13092,1503609679905,3,-10,-14,-8,-7,0,1,2
13093,13093,1503609679912,-1,-1,-1,-3,-2,0,0,0
13094,13094,1503609679926,1,-1,-7,-1,-1,-2,1,0
13617,13617,1503609685055,-3,4,14,7,2,0,0,-1
13618,13618,1503609685072,-5,-9,4,-1,3,0,0,-2
13619,13619,1503609685078,2,11,-14,-6,-2,-2,0,-4
13620,13620,1503609685086,5,8,0,-2,-3,-2,-2,1
13621,13621,1503609685101,-3,-2,1,-2,-2,-2,1,4
13622,13622,1503609685109,10,-4,1,1,0,-3,0,1
13623,13623,1503609685116,2,-7,-3,-2,0,4,2,-1
13624,13624,1503609685130,2,10,-1,1,2,2,0,2
13625,13625,1503609685139,7,0,-5,-4,-5,-2,-3,-4
13626,13626,1503609685146,0,3,-6,-1,-1,-2,-1,-3
13627,13627,1503609685160,-6,4,5,4,0,-1,-3,-2
13628,13628,1503609685168,1,0,-3,-1,-2,-2,-2,-3
13629,13629,1503609685176,-9,-16,-15,-8,-6,-2,0,-2
13630,13630,1503609685190,-3,-2,6,5,2,0,-1,2
13631,13631,1503609685198,-2,-4,-1,-2,1,0,2,1
13632,13632,1503609685207,-6,-8,-9,-8,-4,0,0,2
13633,13633,1503609685221,9,1,-6,-1,-3,-2,0,0
13634,13634,1503609685229,2,-2,2,3,2,2,-1,-3
13635,13635,1503609685243,7,14,27,11,5,2,1,2
13636,13636,1503609685251,-8,11,7,1,0,0,-1,-3
13637,13637,1503609685258,-6,-4,-9,-7,-5,-1,0,-1
13638,13638,1503609685266,-1,-2,3,2,-1,0,-1,-2
13639,13639,1503609685281,-7,3,3,0,2,-2,0,0
13640,13640,1503609685282,1,-6,-8,-3,-3,-5,-1,4
13641,13641,1503609685289,7,5,-1,-1,-2,-4,-2,2
13642,13642,1503609685296,-8,-19,-12,-5,-2,-3,-4,-8
13643,13643,1503609685311,2,10,17,7,3,2,1,3
13644,13644,1503609685325,0,2,4,0,1,-2,3,-2
13645,13645,1503609685327,-7,-9,-15,-10,-6,-3,-1,-7
13646,13646,1503609685341,0,4,4,2,-1,-2,-1,0
13647,13647,1503609685354,3,0,-3,0,-1,0,-2,0
13648,13648,1503609685356,6,4,-3,0,0,-1,-3,4
13649,13649,1503609685371,1,-4,-1,0,1,0,-1,1
13650,13650,1503609685378,-1,4,-2,0,0,0,-1,1
13651,13651,1503609685386,-7,-8,-3,-1,-1,-2,-1,0
13652,13652,1503609685401,-3,7,8,1,4,0,-1,-2
13653,13653,1503609685409,0,-1,-3,-1,1,-1,-2,0
13654,13654,1503609685410,5,-6,-1,-1,-3,-2,0,-5
13655,13655,1503609685416,5,18,9,6,3,3,2,-2
13656,13656,1503609685430,-12,-17,4,-2,-3,1,1,-2
13657,13657,1503609685431,-4,-4,-1,1,0,-1,-1,-2
13658,13658,1503609685438,-5,-16,-18,-8,-5,-3,-1,-5
13659,13659,1503609685453,4,4,5,2,2,1,-2,1
13660,13660,1503609685460,1,-2,-3,-1,-3,0,-2,0
13661,13661,1503609685469,-4,-9,-10,-7,-4,-4,-2,-4
13662,13662,1503609685476,3,7,9,5,0,-1,-1,0
13663,13663,1503609685490,3,-9,-4,-1,-2,-1,1,2
13664,13664,1503609685491,0,13,-1,1,0,2,2,4
13665,13665,1503609685498,-14,-9,-12,-10,-4,-1,-4,1
13666,13666,1503609685508,11,8,11,2,4,3,-2,2
13667,13667,1503609685521,2,-4,-8,-6,1,-4,-1,2
13668,13668,1503609685529,-10,-8,-7,-3,-2,-3,-1,-4
13669,13669,1503609685535,7,1,-6,-4,-4,-2,0,0
13670,13670,1503609685536,-6,-14,-8,-3,-2,-1,-2,-5
13671,13671,1503609685557,4,7,3,5,2,3,9,3
13672,13672,1503609685558,-1,-2,-1,-6,-1,-4,-2,-2
13673,13673,1503609685567,-2,-5,-3,-2,-4,-6,-6,-1
13674,13674,1503609685581,0,3,1,4,0,3,3,0
13675,13675,1503609685588,1,11,7,3,1,1,-2,0
13676,13676,1503609685595,-9,-2,2,3,1,1,-2,-2
13677,13677,1503609685611,-10,-11,-7,-4,-3,-2,-2,-6
13678,13678,1503609685618,-6,4,7,9,4,0,-2,2
13679,13679,1503609685626,-15,-2,-2,1,0,-1,-1,-3
13680,13680,1503609685643,5,-5,-4,-6,-4,0,1,1
13681,13681,1503609685649,6,4,3,4,-1,0,-4,0
13682,13682,1503609685656,5,13,5,6,1,0,2,-4
13683,13683,1503609685672,-3,-12,-16,-11,-4,-3,0,4
13684,13684,1503609685679,-4,-5,5,-1,2,-2,0,-8
13685,13685,1503609685686,3,2,2,4,4,-1,0,-2
13686,13686,1503609685701,7,-3,-8,-6,-1,1,-1,2
13687,13687,1503609685711,-5,-13,-7,-5,-6,-2,-1,-2
13688,13688,1503609685716,4,10,5,-2,-1,-1,-2,-4
13689,13689,1503609685730,2,1,2,3,1,0,0,0
13690,13690,1503609685731,0,-2,-4,-3,-1,-1,-1,-2
13691,13691,1503609685738,-2,-1,-3,-1,-2,-4,-4,0
13692,13692,1503609685746,-2,2,7,6,4,-3,-3,-1
13693,13693,1503609685761,-2,-4,-1,-1,0,-1,-3,-3
13694,13694,1503609685769,0,-2,-5,-4,-4,2,1,-3
13695,13695,1503609685784,-3,1,-8,-6,-3,1,1,0
13696,13696,1503609685790,0,5,19,10,4,0,1,0
13697,13697,1503609685798,2,-8,-3,0,1,0,3,-1
13698,13698,1503609685814,-8,2,-5,-7,-3,-2,0,-1
13699,13699,1503609685821,-13,-8,-8,-5,-7,-3,-3,0
13700,13700,1503609685829,-2,7,9,5,2,0,-4,-1
13701,13701,1503609685845,10,4,0,1,-1,0,1,1
13702,13702,1503609685851,1,-7,-8,-4,-2,0,-2,-2
13703,13703,1503609685858,-3,4,0,-1,-4,-3,-4,-2
13704,13704,1503609685873,8,12,5,1,2,-1,-5,1
13705,13705,1503609685881,2,-3,4,4,2,0,-1,0
13706,13706,1503609685889,0,-8,-13,-6,-3,-5,0,1
13707,13707,1503609685902,-3,-2,5,3,-2,0,1,-4
13708,13708,1503609685912,11,0,2,-4,-1,1,1,2
13709,13709,1503609685918,-1,0,-1,-1,0,-1,-3,-1
13710,13710,1503609685919,1,-2,0,1,1,3,2,2
13711,13711,1503609685933,-8,-6,-3,-7,-4,0,-1,-3
13712,13712,1503609685941,4,1,-4,-7,-3,-1,0,1
13713,13713,1503609685951,-2,-2,2,6,6,0,10,-1
13714,13714,1503609685962,-1,2,3,3,3,2,3,-1
13715,13715,1503609685970,-2,-7,-6,-4,-4,-2,-2,-3
13716,13716,1503609685978,3,-1,-4,-3,-3,-4,-2,2
13717,13717,1503609685993,1,-9,-9,-2,-2,-1,-4,-4
13718,13718,1503609686000,12,18,20,4,2,-2,-6,-1
13719,13719,1503609686009,-3,-2,-4,-2,-1,-1,-1,0
13720,13720,1503609686022,-7,-4,-5,-2,0,-1,-1,-1
13721,13721,1503609686030,2,-3,-4,0,0,1,-2,0
13722,13722,1503609686038,-7,-4,-6,-1,4,5,7,-4
13723,13723,1503609686054,-7,-1,4,4,1,0,-3,-2
13724,13724,1503609686060,-1,-7,-4,2,-5,-1,-4,2
13725,13725,1503609686069,0,9,1,-6,0,-1,3,-1
13726,13726,1503609686082,-3,-4,-4,-2,-3,-2,-3,-3
13727,13727,1503609686091,0,3,4,3,-1,-3,-3,0
13728,13728,1503609686098,-3,10,14,2,1,-2,-3,-3
13729,13729,1503609686113,-5,-3,-8,-6,-4,0,2,-1
13730,13730,1503609686121,1,-3,-4,-1,-1,-1,0,0
13731,13731,1503609686129,2,-2,-2,-3,-4,-2,-3,1
13732,13732,1503609686142,-5,-9,-11,-6,-5,-4,-6,-3
13733,13733,1503609686151,6,25,19,4,3,1,4,2
13734,13734,1503609686158,1,-3,-8,-5,-3,-2,-2,-1
14351,14351,1503609692203,13,-5,-6,-2,-5,-3,-1,-2
14352,14352,1503609692218,-6,-6,2,-1,-3,1,-2,-2
14353,14353,1503609692225,3,0,-3,-1,1,0,-2,-1
14354,14354,1503609692233,5,7,-11,-8,1,0,3,3
14355,14355,1503609692248,-16,-2,8,10,3,0,0,2
14356,14356,1503609692258,-9,-10,-9,-2,0,-3,-5,-1
14357,14357,1503609692264,-2,0,3,-2,-1,-1,0,1
14358,14358,1503609692278,-5,-1,-1,-3,-5,-1,-1,-8
14359,14359,1503609692285,7,-3,-10,-2,-3,-2,-3,-7
14360,14360,1503609692300,12,10,7,0,-1,0,0,-2
14361,14361,1503609692308,6,-5,-9,-8,-3,-2,1,3
14362,14362,1503609692316,20,7,0,3,1,-1,1,7
14363,14363,1503609692330,-4,-8,3,1,-1,-1,0,-3
14364,14364,1503609692338,-2,7,-2,-9,-1,-1,-4,-2
14365,14365,1503609692345,-2,-4,-8,-4,-3,0,1,0
14366,14366,1503609692360,-5,4,11,11,2,-1,-1,-2
14367,14367,1503609692368,20,5,5,-4,1,-1,-2,-1
14368,14368,1503609692376,-7,-12,-7,2,0,2,-3,-3
14369,14369,1503609692391,-5,0,5,6,1,0,-1,0
14370,14370,1503609692398,-22,-10,-10,-9,-7,-3,-5,-3
14371,14371,1503609692405,-15,-3,-1,1,2,1,-2,-4
14372,14372,1503609692420,-8,-5,-6,-3,2,-2,-3,-2
14373,14373,1503609692432,6,1,-1,-2,1,-2,-2,1
14374,14374,1503609692436,-2,-4,-6,-5,-1,-2,2,2
14375,14375,1503609692450,-5,-7,2,0,-3,-1,-4,3
14376,14376,1503609692459,17,14,1,3,-1,0,0,-4
14377,14377,1503609692465,-2,-4,-3,1,1,2,0,-6
14378,14378,1503609692480,-5,-4,16,3,2,1,0,-1
14379,14379,1503609692488,-3,5,1,-4,-3,1,-1,0
14380,14380,1503609692497,9,3,-9,-9,0,-2,3,4
14381,14381,1503609692510,-1,-3,1,-2,0,0,-2,-5
14382,14382,1503609692518,-9,-6,3,-1,-4,0,0,0
14383,14383,1503609692526,11,14,-6,-3,-1,-1,3,7
14384,14384,1503609692540,4,-4,-9,-4,1,1,0,-1
14385,14385,1503609692548,-5,-9,-1,-3,1,-3,-2,-1
14386,14386,1503609692557,-3,2,10,7,-1,1,0,2
14387,14387,1503609692570,-10,0,-4,-1,-3,-1,1,-5
14388,14388,1503609692578,0,-8,-8,-3,-2,-3,-2,-1
14389,14389,1503609692585,-20,-20,6,6,2,2,0,1
14390,14390,1503609692600,1,-1,1,2,-3,-2,-1,-1
14391,14391,1503609692608,-3,20,-4,-6,-2,-1,1,-1
14392,14392,1503609692616,-2,5,-1,-2,0,1,3,3
14393,14393,1503609692630,4,4,-3,-1,-3,-3,-2,-4
14394,14394,1503609692638,-3,-1,5,-2,4,-1,-2,-4
14395,14395,1503609692645,4,3,12,6,2,2,0,4
14396,14396,1503609692660,3,-5,-12,-3,-2,-3,-2,0
14397,14397,1503609692668,7,6,2,1,-1,-2,-1,-2
14398,14398,1503609692676,-2,1,5,3,2,1,-1,-1
14399,14399,1503609692692,1,-2,2,4,-1,1,-2,0
14400,14400,1503609692698,-2,-27,-12,-4,-5,0,0,0
14401,14401,1503609692705,-13,-28,-6,-4,-2,-1,0,-3
14402,14402,1503609692720,-5,17,18,10,3,0,-2,-5
14403,14403,1503609692728,10,4,4,2,-1,-1,1,1
14404,14404,1503609692736,-5,-2,-2,-1,-5,-3,-3,-4
14405,14405,1503609692750,-1,-3,-7,-6,-4,-2,-2,-1
14406,14406,1503609692761,8,7,8,3,1,-1,2,-1
14407,14407,1503609692765,-5,1,-6,-1,-1,0,-1,-2
14408,14408,1503609692780,-10,2,-14,-5,-1,0,0,1
14409,14409,1503609692788,-9,8,6,-1,1,-1,-2,-2
14410,14410,1503609692796,11,-19,-6,-6,-3,0,0,11
14411,14411,1503609692809,-5,24,3,4,0,-1,-1,-6
14412,14412,1503609692810,4,-7,-7,1,-1,-2,-2,1
14413,14413,1503609692818,-4,-2,0,-4,-2,-2,0,-4
14414,14414,1503609692826,5,8,7,1,0,-2,-1,-2
14415,14415,1503609692840,0,9,8,3,-1,-1,-2,-2
14416,14416,1503609692848,-13,0,-6,-3,-4,-1,-1,-3
14417,14417,1503609692856,2,7,10,3,0,-2,-3,-1
14418,14418,1503609692870,14,5,2,-3,1,1,1,3
14419,14419,1503609692878,-4,4,0,-1,1,0,-2,-2
14420,14420,1503609692885,-5,7,-13,-3,2,-1,-2,-2
14421,14421,1503609692900,14,19,0,3,1,0,-2,-3
14422,14422,1503609692908,-4,1,7,6,3,0,0,-3
14423,14423,1503609692916,-5,-17,-15,-4,-1,0,3,2
14424,14424,1503609692930,-7,18,-1,-2,-1,0,-1,-3
14425,14425,1503609692938,-13,1,2,-1,-1,0,-2,-7
14426,14426,1503609692945,30,4,-2,-2,-3,-1,-2,5
14427,14427,1503609692961,4,-1,-14,-13,-3,0,-3,3
14428,14428,1503609692968,-8,-2,29,10,5,2,0,1
14429,14429,1503609692976,14,-4,-11,-3,-1,-2,-1,2
14430,14430,1503609692989,4,-26,-24,-12,-8,-2,0,-1
14431,14431,1503609692998,-2,0,-1,1,-2,-1,-2,-4
14432,14432,1503609693012,-20,-14,-14,-6,0,-1,1,-2
14433,14433,1503609693020,9,-5,-10,-5,-4,-1,-3,-4
14434,14434,1503609693035,-2,-2,4,5,1,-1,0,-1
14861,14861,1503609697152,-4,3,-4,0,-2,-2,0,-1
14862,14862,1503609697162,-5,-9,-2,2,1,-2,-3,-3
14863,14863,1503609697167,-6,1,6,4,2,-1,-2,-5
14864,14864,1503609697182,0,15,10,2,0,-2,-2,0
14865,14865,1503609697190,-2,4,-11,-15,-6,-3,-3,-6
14866,14866,1503609697199,-5,-11,-2,-10,-3,-1,0,-2
14867,14867,1503609697212,-1,-15,3,3,-2,-1,4,3
14868,14868,1503609697220,3,-8,-10,-7,-6,-2,-2,-1
14869,14869,1503609697228,-5,14,0,-2,2,0,0,-2
14870,14870,1503609697243,0,-1,17,13,5,1,-1,0
14871,14871,1503609697250,2,-3,-4,1,-4,-2,-1,3
14872,14872,1503609697258,0,9,14,5,4,2,0,0
14873,14873,1503609697272,-3,-10,-1,1,1,-1,-1,-2
14874,14874,1503609697280,4,3,-24,-12,-5,-3,-4,-2
14875,14875,1503609697288,2,1,13,4,-2,-1,-1,2
14876,14876,1503609697302,-3,-3,-7,4,2,0,-3,-3
14877,14877,1503609697303,4,5,4,7,3,1,0,1
14878,14878,1503609697310,-10,-8,-6,-3,-4,-1,-1,-6
14879,14879,1503609697318,-5,3,3,3,-3,-3,0,-1
14880,14880,1503609697333,7,2,2,-1,2,0,0,2
14881,14881,1503609697340,-2,-5,2,-2,-2,-3,0,-1
14882,14882,1503609697349,3,6,12,11,9,3,-3,-1
14883,14883,1503609697363,2,-9,-13,-7,-3,0,-1,-6
14884,14884,1503609697370,-7,3,3,-4,-1,-2,-1,0
14885,14885,1503609697378,3,1,5,6,4,0,1,-5
14886,14886,1503609697392,11,-5,-20,-13,-8,-2,-1,0
14887,14887,1503609697400,2,3,-1,0,3,1,0,1
14888,14888,1503609697407,-1,5,4,6,4,0,-2,-3
14889,14889,1503609697425,-1,-8,-19,-11,-8,-1,-1,0
14890,14890,1503609697430,-4,8,15,5,5,1,0,-3
14891,14891,1503609697438,-7,-4,-1,0,-1,0,1,0
14892,14892,1503609697452,-10,2,-22,-13,-8,-4,-1,-3
14893,14893,1503609697460,4,10,18,12,2,0,2,1
14894,14894,1503609697468,-2,-10,-10,-1,0,-1,0,2
14895,14895,1503609697482,3,1,5,-2,-3,0,1,6
14896,14896,1503609697492,-2,4,11,8,6,0,-1,-2
14897,14897,1503609697498,6,-1,-1,-1,-2,-2,-3,0
14898,14898,1503609697512,-2,-7,0,-2,-3,-2,-3,-3
14899,14899,1503609697520,-24,-1,13,2,1,0,-2,-5
14900,14900,1503609697527,3,-3,-2,-2,-2,0,1,-1
14901,14901,1503609697542,3,-6,-15,-4,0,-4,-5,-8
14902,14902,1503609697550,24,-1,-4,-2,-3,-1,0,6
14903,14903,1503609697560,0,0,-2,-3,-1,-1,1,2
14904,14904,1503609697572,-17,-11,-8,-6,-3,-3,0,-7
14905,14905,1503609697580,-3,-9,-5,-1,-5,-2,-1,3
14906,14906,1503609697587,1,-2,6,5,2,0,-3,-4
14907,14907,1503609697602,9,7,-8,-1,2,0,-1,-1
14908,14908,1503609697610,10,0,-9,-12,-6,-2,-1,3
14909,14909,1503609697618,8,2,0,0,-2,1,3,5
14910,14910,1503609697632,-4,-2,10,10,0,-1,-1,-1
14911,14911,1503609697640,-3,15,24,8,6,3,0,-2
14912,14912,1503609697647,-3,4,8,7,3,1,-2,-4
14913,14913,1503609697663,-10,-6,-10,-3,-3,-3,-2,-1
14914,14914,1503609697670,11,-2,-12,-11,-5,-3,1,10
14915,14915,1503609697678,0,2,2,0,2,0,0,-1
14916,14916,1503609697694,-11,-6,-10,-7,-5,0,1,-7
14917,14917,1503609697700,2,4,1,3,4,1,0,3
14918,14918,1503609697707,-10,-3,1,1,0,1,-1,-6
14919,14919,1503609697722,-8,-10,-4,-2,-4,-1,-1,-2
14920,14920,1503609697730,-12,1,10,-2,-4,-2,0,0
14921,14921,1503609697738,6,-14,-19,-16,-5,-3,-5,-6
14922,14922,1503609697752,17,9,6,7,5,0,-2,0
14923,14923,1503609697762,1,-3,-8,-4,-3,-1,0,-1
14924,14924,1503609697768,2,-3,-13,-6,-2,-3,-3,-3
14925,14925,1503609697782,6,9,14,6,2,1,1,2
14926,14926,1503609697790,4,29,-10,-3,-2,-3,-1,2
14927,14927,1503609697798,-14,-6,-3,-2,1,-2,-1,-4
14928,14928,1503609697812,-6,-17,-8,-2,0,-2,2,7
14929,14929,1503609697820,-10,1,3,1,-2,0,0,-2
14930,14930,1503609697829,-4,-6,0,-1,0,2,0,-1
14931,14931,1503609697842,-13,4,4,-2,-2,-2,-2,-3
14932,14932,1503609697850,2,-4,5,2,2,1,-1,-3
14933,14933,1503609697858,0,-17,-11,-2,-6,-2,-3,-3
14934,14934,1503609697872,-6,-2,8,4,1,0,-2,-3
14935,14935,1503609697887,3,-1,-5,-1,0,0,-1,0
14936,14936,1503609697896,-8,-22,-3,-1,0,2,-1,-5
14937,14937,1503609697903,6,-11,-5,-1,0,0,1,4
14938,14938,1503609697910,3,14,4,4,-1,0,0,-3
14939,14939,1503609697928,7,-3,-2,-2,-2,-2,1,2
14940,14940,1503609697934,-2,-6,-8,-4,-2,-1,-1,2
14941,14941,1503609697940,5,18,2,2,3,-1,-2,-2
14942,14942,1503609697954,0,-1,3,-1,-2,-2,0,0
14943,14943,1503609697963,4,12,-3,-2,-2,-1,-1,1
14944,14944,1503609697970,-13,0,8,8,8,2,-2,-8
14945,14945,1503609697985,5,10,3,1,1,1,-2,-5
14946,14946,1503609697992,-1,-8,-5,-4,-2,-2,1,2
14947,14947,1503609698000,4,-13,0,0,-1,-1,0,-5
14948,14948,1503609698014,1,-4,-3,-3,-2,1,-2,2
14949,14949,1503609698022,-4,-13,-5,-5,-5,0,0,0
14950,14950,1503609698031,1,-9,-6,-3,-3,-4,0,2
14951,14951,1503609698045,2,-7,-4,-1,-1,0,0,5
14952,14952,1503609698052,-3,0,-9,-7,-6,-1,1,1
14953,14953,1503609698061,-1,16,10,14,15,3,1,3
14954,14954,1503609698074,4,7,3,-1,1,0,-1,0
14955,14955,1503609698082,-3,-8,-4,-6,-6,-4,0,0
14956,14956,1503609698090,-5,-1,-3,0,-2,-1,-2,-7
14957,14957,1503609698105,-6,-1,1,-2,-1,0,-2,-1
14958,14958,1503609698112,-1,16,8,1,-2,-1,-2,0
14959,14959,1503609698120,-3,-2,-3,-3,-5,-3,-2,-3
14960,14960,1503609698134,-11,-4,-5,-5,-2,-1,-3,-10
14961,14961,1503609698142,-2,-4,1,1,2,-1,-2,-5
15634,15634,1503609704719,-3,-12,-9,-6,-4,-1,-1,3
15635,15635,1503609704727,-7,6,2,3,2,2,-1,-2
15636,15636,1503609704743,-5,-10,-11,-5,-4,-1,-1,0
15637,15637,1503609704750,16,29,14,6,1,-1,0,1
15638,15638,1503609704765,4,14,6,5,4,1,1,-1
15639,15639,1503609704772,6,-7,-4,0,1,0,0,-1
15640,15640,1503609704781,15,25,17,-3,-3,-2,-3,-5
15641,15641,1503609704787,-20,-12,5,3,0,0,-2,-7
15642,15642,1503609704803,5,-8,-9,-7,-5,-2,0,6
15643,15643,1503609704813,8,0,0,3,0,0,0,0
15644,15644,1503609704825,-2,1,7,9,4,-1,-5,-2
15645,15645,1503609704832,7,-5,-22,-12,-8,-2,0,5
15646,15646,1503609704840,-4,16,20,1,-2,-5,-4,-8
15647,15647,1503609704847,8,21,9,3,3,4,3,4
15648,15648,1503609704863,6,3,5,2,1,1,3,5
15649,15649,1503609704870,6,-10,-3,-4,-2,-5,0,4
15650,15650,1503609704885,-11,-19,-13,-5,1,-1,0,-1
15651,15651,1503609704892,2,-1,8,4,3,-1,1,1
15652,15652,1503609704900,-8,0,-8,-7,-4,-3,-3,-5
15653,15653,1503609704907,-6,20,17,4,-1,0,-1,-5
15654,15654,1503609704923,-10,-30,-11,-1,-1,0,4,0
15655,15655,1503609704930,-25,-31,-4,1,-1,-1,-1,-4
15656,15656,1503609704946,-2,-25,-4,4,2,1,-2,3
15657,15657,1503609704952,5,2,2,-4,-3,-4,-6,-10
15658,15658,1503609704960,10,-3,-18,-10,-6,-5,-4,1
15659,15659,1503609704967,5,9,0,2,1,1,-6,-1
15660,15660,1503609704989,-15,-9,1,-1,-3,0,-2,-11
15661,15661,1503609704991,-3,-17,-11,-6,-2,-1,1,4
15662,15662,1503609705005,9,-3,-4,-2,-2,-2,0,-2
15663,15663,1503609705015,-6,-14,-5,-1,0,-1,2,-1
15664,15664,1503609705020,-1,-7,-9,-3,-1,-3,-2,1
15665,15665,1503609705021,-5,2,1,-1,0,1,0,-1
15666,15666,1503609705027,-1,-11,-8,-1,0,0,3,8
15667,15667,1503609705045,10,16,1,0,-3,-1,2,17
15668,15668,1503609705051,10,24,13,3,1,0,-5,-4
15669,15669,1503609705065,4,5,5,2,1,-2,-2,-1
15670,15670,1503609705072,-1,-16,-6,-3,-2,-2,-2,-7
15671,15671,1503609705081,-1,4,-3,1,1,1,0,-1
15672,15672,1503609705087,-17,-2,4,2,1,-4,-3,-1
15673,15673,1503609705103,20,-7,-20,-16,-7,-2,-5,1
15674,15674,1503609705113,2,14,17,14,7,3,3,-1
15675,15675,1503609705125,-18,1,-1,2,-1,1,1,-1
15676,15676,1503609705132,-25,-13,-18,-14,-7,0,-5,-4
15677,15677,1503609705140,-8,8,19,4,-1,-1,2,-4
15678,15678,1503609705148,27,-5,-4,-2,0,-1,1,5
15679,15679,1503609705163,28,12,-13,-4,-3,-2,-1,1
15680,15680,1503609705170,10,7,14,6,-1,2,3,5
15681,15681,1503609705192,-9,-5,-5,0,1,-2,-5,-8
15682,15682,1503609705193,5,21,14,0,0,-1,-1,-4
15683,15683,1503609705201,-9,-6,-4,-1,-1,-3,-2,-2
15684,15684,1503609705207,3,7,-9,-4,-2,-2,-1,0
15685,15685,1503609705223,-4,2,12,5,-2,0,-1,-16
15686,15686,1503609705230,1,0,-11,-6,-5,0,-3,2
15687,15687,1503609705247,-1,-5,1,0,2,1,-1,0
15688,15688,1503609705252,-4,-5,-6,0,-2,-1,-1,-1
15689,15689,1503609705260,4,-7,-2,2,1,-1,1,4
15690,15690,1503609705267,-3,11,25,6,1,1,1,1
15691,15691,1503609705283,9,7,-9,-3,0,-1,-4,2
15692,15692,1503609705297,-1,-2,-10,-6,-1,-2,-2,-6
15693,15693,1503609705305,-1,1,5,-5,-2,-3,-2,-2
15694,15694,1503609705313,4,3,9,7,1,1,0,5
15695,15695,1503609705321,-3,-5,-12,-8,-1,2,0,4
15696,15696,1503609705327,0,6,5,-3,-1,-4,-5,-5
15697,15697,1503609705343,-13,-10,3,4,-5,-2,-2,-6
15698,15698,1503609705350,0,-18,-21,-8,-4,-2,-2,-2
15699,15699,1503609705365,-3,1,17,8,6,1,0,0
15700,15700,1503609705372,12,-4,-10,-6,-1,-1,2,8
15701,15701,1503609705380,-5,4,-2,-1,-2,-3,1,-2
15702,15702,1503609705395,-14,-20,-11,-17,-7,-5,0,1
15703,15703,1503609705403,3,30,36,17,8,4,2,4
15704,15704,1503609705410,-7,7,2,13,2,0,-5,-10
15705,15705,1503609705425,-6,-18,-16,-11,-4,-3,-2,-4
15706,15706,1503609705432,-12,-9,-8,-5,-2,-1,-2,-8
15707,15707,1503609705440,13,10,2,0,1,0,0,4
15708,15708,1503609705455,-8,-16,-8,0,-4,-3,-1,3
15709,15709,1503609705463,-10,-1,-12,-1,0,-1,0,-5
15710,15710,1503609705469,-2,17,23,1,0,-1,1,0
15711,15711,1503609705470,14,-2,-5,5,1,2,6,8
15712,15712,1503609705485,3,-27,-20,-9,-6,0,1,3
15713,15713,1503609705492,13,9,-4,-1,-1,-3,0,15
15714,15714,1503609705493,-7,-4,2,-2,0,-1,-3,-12
15715,15715,1503609705507,-6,3,3,2,0,1,-1,2
15716,15716,1503609705515,1,3,9,1,0,-1,0,-1
15717,15717,1503609705523,-10,-14,-7,-4,-2,-2,-3,-8
15718,15718,1503609705530,5,1,3,-2,0,1,6,21
15719,15719,1503609705550,-8,-6,-2,-4,-3,-2,-3,-1
15720,15720,1503609705552,10,1,-4,-4,0,-2,-2,-3
15721,15721,1503609705560,-1,6,3,1,1,-1,3,3
15722,15722,1503609705575,-4,17,10,-2,-3,-1,2,9
15723,15723,1503609705583,-24,7,10,0,-1,0,-3,-10
15724,15724,1503609705590,13,-8,-6,3,2,4,0,-5
15725,15725,1503609705612,-6,-29,-22,-5,-3,-2,-1,2
15726,15726,1503609705615,-1,-1,5,3,1,0,-1,1
15727,15727,1503609705620,-17,1,1,-4,-2,-1,-1,2
15728,15728,1503609705634,3,-6,-15,-6,-1,-3,-4,-9
15729,15729,1503609705643,17,18,15,8,3,1,6,10
15730,15730,1503609705650,-10,-13,-7,-3,0,1,-1,-1
15731,15731,1503609705665,25,7,7,2,0,2,2,18
16131,16131,1503609709551,1,-11,-10,-6,-2,-2,0,-5
16132,16132,1503609709564,-8,1,11,2,2,2,0,-2
16133,16133,1503609709572,13,12,0,-4,-2,-2,1,-8
16134,16134,1503609709579,-14,-18,-9,-4,-2,0,-2,9
16135,16135,1503609709580,8,5,-6,0,0,0,-4,1
16136,16136,1503609709594,-4,-10,-6,-1,-1,1,-2,4
16137,16137,1503609709601,-5,-4,2,3,0,-1,1,1
16138,16138,1503609709612,-20,-19,-24,-3,-4,-2,-1,-1
16139,16139,1503609709624,-14,-17,-3,-3,0,2,1,1
16140,16140,1503609709632,-11,11,-8,-8,-4,-2,-2,4
16141,16141,1503609709650,5,3,1,1,2,-2,-3,-3
16142,16142,1503609709654,2,5,1,0,-2,-1,-2,2
16143,16143,1503609709669,-10,-7,-11,-8,-5,-3,-3,-5
16144,16144,1503609709671,8,14,11,0,3,1,0,4
16145,16145,1503609709685,-1,-2,0,1,-1,2,-1,-2
16146,16146,1503609709692,-7,-7,-1,-1,-1,-4,-2,-1
16147,16147,1503609709700,-8,17,7,2,0,1,0,0
16148,16148,1503609709715,-10,-22,-9,-5,-4,-4,-3,-3
16149,16149,1503609709721,-4,17,33,7,2,0,-1,4
16150,16150,1503609709730,1,1,6,1,1,2,1,-6
16151,16151,1503609709744,11,-1,-18,-5,0,-3,-3,-3
16152,16152,1503609709753,-12,-19,1,0,-3,-2,1,-6
16153,16153,1503609709761,2,-5,-8,-4,-1,0,1,3
16154,16154,1503609709775,-2,0,-1,3,0,-1,-1,0
16155,16155,1503609709782,-1,-1,-5,0,-1,-1,-2,1
16156,16156,1503609709790,4,2,1,-7,-2,0,-1,1
16157,16157,1503609709804,-9,-9,-11,1,-1,-3,-1,-1
16158,16158,1503609709816,-3,-11,4,-2,2,2,1,0
16159,16159,1503609709817,6,3,5,4,2,1,0,1
16160,16160,1503609709820,-6,5,-4,-3,-1,-1,-4,-7
16161,16161,1503609709834,7,18,-13,-10,-5,-1,-1,0
16162,16162,1503609709841,-15,-1,9,5,1,-1,-2,-3
16163,16163,1503609709850,4,-8,-9,1,0,0,2,3
16164,16164,1503609709864,2,-4,-4,-7,-1,-2,1,-1
16165,16165,1503609709872,-1,8,10,7,4,1,-2,-3
16166,16166,1503609709879,2,-12,-6,-10,-3,-1,-1,-1
16167,16167,1503609709894,-3,2,-3,-1,-2,-1,-1,-2
16168,16168,1503609709901,-9,9,6,5,-1,-2,-1,0
16169,16169,1503609709911,-2,-4,5,-2,-1,-1,0,3
16170,16170,1503609709924,-13,-9,3,2,-2,-1,2,-2
16171,16171,1503609709932,8,23,3,3,-1,-1,-2,-3
16172,16172,1503609709939,13,1,-12,-6,-3,-1,-2,-3
16173,16173,1503609709954,-10,0,0,-3,-2,-3,0,-1
16174,16174,1503609709955,0,-7,-5,4,4,-2,-2,0
16175,16175,1503609709961,7,-13,1,7,0,0,-1,3
16176,16176,1503609709969,-15,-13,-12,-12,-6,-2,-2,-6
16177,16177,1503609709984,4,2,15,4,0,0,0,3
16178,16178,1503609709992,7,2,11,5,3,3,3,3
16179,16179,1503609710000,-3,-5,-4,1,-1,-1,-4,-5
16180,16180,1503609710015,-5,-9,-5,-2,-2,-2,-1,2
16181,16181,1503609710023,16,19,-1,-1,1,2,5,7
16182,16182,1503609710037,-24,-14,-5,-3,-2,-2,-3,-6
16183,16183,1503609710047,8,-8,-9,-4,-2,-2,-1,1
16184,16184,1503609710052,12,0,5,-1,-1,1,2,3
16185,16185,1503609710067,-17,-15,-9,-9,0,0,-2,-4
16186,16186,1503609710074,-4,-1,2,2,-2,-2,1,-3
16187,16187,1503609710084,7,2,2,3,-1,3,2,4
16188,16188,1503609710097,-10,-23,-15,-6,-2,1,-2,-1
16189,16189,1503609710105,10,18,18,6,2,-2,1,2
16190,16190,1503609710113,15,12,-4,-3,-3,-4,0,3
16191,16191,1503609710127,-16,-15,-15,-11,-3,-1,-3,-4
16192,16192,1503609710134,-6,6,8,7,-1,-1,-4,-3
16193,16193,1503609710151,8,4,7,7,1,2,1,1
16194,16194,1503609710157,-14,-9,-5,-4,-4,-1,-1,1
16195,16195,1503609710165,7,10,-1,-4,-2,-1,-1,-1
16196,16196,1503609710172,11,1,4,3,2,0,0,2
16197,16197,1503609710189,-24,-37,7,-1,-2,-3,0,-7
16198,16198,1503609710194,22,23,18,1,1,2,0,3
16199,16199,1503609710209,-31,-20,-11,-4,-3,-3,-6,-12
16200,16200,1503609710210,11,12,-13,-5,-4,-2,-1,4
16201,16201,1503609710218,-1,-3,-7,-7,-6,-3,1,-1
16202,16202,1503609710225,15,-5,-4,-4,2,2,1,3
16203,16203,1503609710232,6,2,-2,1,2,1,0,-4
16204,16204,1503609710250,-8,-11,-14,-11,-5,-4,-1,2
16205,16205,1503609710255,-6,16,14,5,6,1,-2,-6
16206,16206,1503609710269,-8,-1,-3,-1,0,-1,-4,-4
16207,16207,1503609710277,-7,-27,-13,-4,-4,-3,-2,-5
16208,16208,1503609710285,-8,34,17,8,2,2,1,-3
16209,16209,1503609710292,2,-11,-5,-4,-1,-1,1,0
16210,16210,1503609710307,10,-17,-17,-6,-2,-1,-3,2
16211,16211,1503609710315,-2,12,13,8,4,-1,-5,-6
16212,16212,1503609710329,7,-6,-2,-2,-4,0,-2,-5
16213,16213,1503609710337,0,-5,-13,-10,-7,-2,1,3
16214,16214,1503609710345,10,3,-3,-3,2,-2,-4,0
16215,16215,1503609710352,-7,3,3,3,4,2,-2,-2
16216,16216,1503609710368,24,12,2,-3,-2,0,0,4
16217,16217,1503609710374,-4,0,8,6,2,-2,-1,-2
16218,16218,1503609710391,-15,-5,-4,2,-4,-3,-3,-9
16219,16219,1503609710397,-8,2,5,0,0,1,-1,-6
16220,16220,1503609710405,-17,-5,-4,-3,-2,-2,0,-1
16221,16221,1503609710412,5,-5,-8,-6,1,-1,-1,3
16222,16222,1503609710428,-11,6,13,10,2,1,0,0
16223,16223,1503609710434,-6,-9,-4,-5,-4,-2,-1,-5
16224,16224,1503609710452,3,-4,-10,-7,0,-2,1,1
16225,16225,1503609710458,-10,3,4,6,-3,-1,-2,-3
16226,16226,1503609710465,2,12,0,-6,-4,-2,-1,-1
16227,16227,1503609710472,6,-6,-9,-7,-8,-4,-1,-2
16228,16228,1503609710488,-3,2,21,13,8,5,2,1
16229,16229,1503609710495,19,1,-8,0,-1,1,0,4
16230,16230,1503609710510,5,-6,-5,0,-2,-2,-1,-2
16231,16231,1503609710517,-2,16,0,-1,1,-2,-2,-3
16232,16232,1503609710526,-31,-1,5,3,1,-4,-7,-14
16233,16233,1503609710532,-9,0,-4,-8,-2,-1,3,6
16234,16234,1503609710550,8,5,3,2,1,-2,-2,1
16235,16235,1503609710555,17,14,26,20,10,2,-2,4
16236,16236,1503609710570,-20,-17,-18,-12,-9,-2,1,4
16237,16237,1503609710577,0,0,-2,-2,1,-1,1,2
16238,16238,1503609710585,3,-3,2,0,3,3,5,9
16239,16239,1503609710592,6,2,-5,-9,-2,0,-2,0
16240,16240,1503609710607,6,-4,-2,-6,-3,-1,1,-1
16241,16241,1503609710617,-16,-11,-10,-4,-2,-2,1,-1
16242,16242,1503609710630,9,23,5,9,6,-1,-3,-4
16243,16243,1503609710637,0,-10,-8,-6,-4,-3,-3,-1
16244,16244,1503609710645,-7,2,7,4,-4,0,0,-3
16245,16245,1503609710653,12,1,6,4,3,1,2,2
16246,16246,1503609710667,-4,-4,-9,-3,-4,-4,-6,-8
16247,16247,1503609710674,-5,-9,-1,-3,-2,1,-2,-7
16248,16248,1503609710690,1,-14,4,-4,-3,0,1,-1
16249,16249,1503609710697,-2,1,10,8,0,-1,0,2
16250,16250,1503609710705,4,-8,-19,-2,3,1,2,1
16251,16251,1503609710712,19,-1,-12,-6,-4,-3,-1,-3
16252,16252,1503609710734,8,-4,-4,-4,-1,-2,1,5
16253,16253,1503609710735,-2,8,9,8,2,3,0,3
16254,16254,1503609710751,4,-7,-12,-7,-4,-1,2,3
16255,16255,1503609710757,-9,-11,-12,-9,-3,-3,-4,-4
16256,16256,1503609710765,0,7,28,9,7,4,2,5
16257,16257,1503609710772,-10,5,-2,-6,-1,1,0,1
16258,16258,1503609710787,18,5,-1,3,1,1,1,0
16259,16259,1503609710794,6,2,-2,0,-1,-3,0,-3
16260,16260,1503609710810,-8,-25,-33,-23,-14,-5,-4,-5
16261,16261,1503609710818,-9,-4,16,11,2,1,-1,-3
16262,16262,1503609710826,-17,-6,-20,-10,-4,-4,-5,-2
16263,16263,1503609710832,-4,4,8,2,2,-1,-2,-2
16264,16264,1503609710847,6,5,11,6,-1,-2,0,1
16265,16265,1503609710855,1,-10,-5,-4,-1,-1,-2,-2
16266,16266,1503609710870,11,12,17,7,5,2,-2,1
16267,16267,1503609710877,-9,-1,2,0,-1,-4,-2,0
16268,16268,1503609710886,5,-4,-10,-7,-6,-2,-1,-3
16269,16269,1503609710892,13,16,6,1,2,3,0,-1
16270,16270,1503609710907,-10,3,-3,-5,-4,1,2,-2
16271,16271,1503609710914,8,3,-6,4,3,1,1,4
16272,16272,1503609710936,-6,-1,7,7,4,0,-3,-2
16273,16273,1503609710937,-29,-32,-12,-8,-4,-4,-3,-5
16274,16274,1503609710945,-7,2,13,6,1,-1,-1,-1
16275,16275,1503609710962,3,3,0,2,0,-1,-2,-3
16276,16276,1503609710967,0,-8,-10,-4,4,-2,-3,-1
16277,16277,1503609710975,-11,-19,-6,0,-2,-1,0,-4
16278,16278,1503609710990,-2,16,9,1,-1,2,1,3
16279,16279,1503609710997,-16,-14,-4,-5,-5,1,0,0
16280,16280,1503609711005,-5,-2,-2,-2,1,1,0,-3
16281,16281,1503609711020,12,2,-6,-3,-2,-3,-1,3
16282,16282,1503609711028,-2,-9,-9,-4,-4,-2,-1,-3
16283,16283,1503609711041,7,37,7,0,0,0,-1,-2
16284,16284,1503609711050,-4,24,11,1,-3,-2,-3,-5
16285,16285,1503609711057,13,8,-3,-3,-1,0,-1,-2
16286,16286,1503609711065,-4,-14,-1,2,0,1,0,-3
16287,16287,1503609711079,4,8,4,-1,-1,0,-4,-1
16288,16288,1503609711087,-16,-3,-4,-2,0,-2,-4,-12
16289,16289,1503609711088,24,2,-2,-4,-3,-5,-2,0
16290,16290,1503609711095,-25,-27,-1,2,6,2,0,-2
16291,16291,1503609711110,0,10,24,9,5,3,2,1
16292,16292,1503609711117,6,-5,-6,-2,-5,-2,0,2
16293,16293,1503609711125,-7,-30,-13,3,5,0,1,1
16294,16294,1503609711139,-9,7,-6,-4,-3,-1,-1,-2
16295,16295,1503609711147,-4,-21,-8,-6,-3,-3,0,3
16296,16296,1503609711154,3,8,-1,-1,-3,-2,0,3
16297,16297,1503609711170,-6,5,0,0,-1,-2,-5,-1
16298,16298,1503609711177,-4,8,2,-2,0,-1,0,-3
16299,16299,1503609711187,-27,-37,2,-1,1,0,2,-3
16300,16300,1503609711200,11,21,14,-1,-4,-2,0,-1
16301,16301,1503609711207,8,14,-4,2,1,-1,-2,1
16302,16302,1503609711214,-2,-4,4,4,3,1,-2,-4
16303,16303,1503609711230,4,1,-6,-2,-4,1,0,-3
16304,16304,1503609711237,2,-14,-7,-2,0,-2,-2,-2
16751,16751,1503609715610,-20,-4,-6,-3,-4,-1,0,0
16752,16752,1503609715618,-7,-7,2,0,0,0,-1,-3
16753,16753,1503609715639,-5,-1,-3,-3,-1,0,-1,-4
16754,16754,1503609715640,2,1,3,4,1,0,2,2
16755,16755,1503609715647,4,4,8,8,8,3,2,3
16756,16756,1503609715662,2,0,-8,-10,-7,-4,-3,-1
16757,16757,1503609715670,19,4,7,5,6,0,1,6
16758,16758,1503609715677,6,1,5,7,2,1,-1,0
16759,16759,1503609715693,8,3,-8,-8,-4,0,0,0
16760,16760,1503609715699,3,5,10,6,-1,-2,-2,-2
16761,16761,1503609715707,11,-1,-1,4,1,2,3,6
16762,16762,1503609715722,-4,3,-4,-5,-3,0,0,-1
16763,16763,1503609715730,0,17,8,3,-2,0,-2,-3
16764,16764,1503609715737,-12,-10,-3,-7,-1,-2,-5,-15
16765,16765,1503609715752,-6,-3,-20,-11,-7,-4,-4,-8
16766,16766,1503609715760,12,0,-3,-3,-1,-1,-2,0
16767,16767,1503609715767,-4,-10,7,5,3,2,1,0
16768,16768,1503609715782,-3,-2,-10,-7,-3,1,2,5
16769,16769,1503609715790,-7,-10,-11,-4,-3,-4,-2,-1
16770,16770,1503609715797,11,13,23,13,6,3,4,3
16771,16771,1503609715812,-23,-12,-12,-9,-3,-1,0,0
16772,16772,1503609715820,44,14,-6,0,-4,-3,-4,-4
16773,16773,1503609715829,-7,7,21,7,1,0,-3,-6
16774,16774,1503609715842,-22,-14,-5,-2,-2,2,0,-1
16775,16775,1503609715850,3,0,8,3,-2,-4,-4,-9
16776,16776,1503609715857,3,19,3,0,0,-2,-2,-2
16777,16777,1503609715875,11,-13,-22,-13,-7,-2,0,1
16778,16778,1503609715879,-8,2,2,1,1,-1,-1,-2
16779,16779,1503609715895,4,7,14,8,1,0,0,1
16780,16780,1503609715902,-24,-16,-13,-5,-4,-1,-1,-1
16781,16781,1503609715910,-6,-14,-12,-4,-3,-4,-3,-4
16782,16782,1503609715917,2,-2,6,4,2,0,1,1
16783,16783,1503609715932,4,-2,-11,-9,-7,-2,-1,-1
16784,16784,1503609715939,18,7,11,1,3,2,2,4
16785,16785,1503609715947,-17,-11,-11,-6,-3,0,-2,-5
16786,16786,1503609715969,-22,-7,3,2,0,-1,-1,0
16787,16787,1503609715970,1,-4,-3,-2,2,-2,5,7
16788,16788,1503609715977,-4,-4,-10,-5,-4,-3,1,2
16789,16789,1503609715992,-8,0,7,5,1,0,-2,-1
16790,16790,1503609716000,-19,-18,-5,-3,-3,-2,-1,0
16791,16791,1503609716015,11,1,-6,-4,-3,-1,1,1
16792,16792,1503609716022,12,11,6,-2,-1,-2,-3,4
16793,16793,1503609716030,-18,-32,-17,-7,-6,-4,-3,-7
16794,16794,1503609716036,-11,-13,6,1,-4,0,0,0
16795,16795,1503609716054,5,12,14,-3,0,-1,0,-1
16796,16796,1503609716060,-2,5,-13,-8,-3,0,-1,-4
16797,16797,1503609716075,-19,-4,2,7,3,0,-2,-3
16798,16798,1503609716082,-3,5,-8,-2,-1,-1,1,-7
16799,16799,1503609716091,29,22,-7,-5,1,0,-4,1
16800,16800,1503609716097,-17,-6,5,-3,-3,-3,1,-1
16801,16801,1503609716112,-13,7,3,4,4,0,1,-8
16802,16802,1503609716123,1,-6,-3,-2,1,0,-7,-9
16803,16803,1503609716127,2,-5,5,-1,-5,-1,-4,-9
16804,16804,1503609716142,-1,-17,1,7,5,3,2,5
16805,16805,1503609716150,17,10,-2,0,2,1,2,10
16806,16806,1503609716157,4,-12,-18,-8,-8,-7,-7,-7
16807,16807,1503609716172,-8,-1,20,7,2,0,1,4
16808,16808,1503609716179,13,6,-10,-7,-3,-2,1,6
16809,16809,1503609716192,1,9,15,7,2,2,4,9
16810,16810,1503609716202,-7,-1,4,1,-4,-1,2,4
16811,16811,1503609716210,4,3,-10,0,-1,0,-3,1
16812,16812,1503609716217,-2,1,3,3,0,0,-1,0
16813,16813,1503609716232,13,-8,-18,-14,-6,-2,0,0
16814,16814,1503609716239,10,18,24,11,12,4,-2,-6
16815,16815,1503609716247,32,13,-10,-4,1,-2,-4,-1
16816,16816,1503609716262,-9,-7,-11,-5,-4,-1,1,2
16817,16817,1503609716270,-2,-6,-3,-1,-3,-1,1,7
16818,16818,1503609716277,0,12,7,5,3,0,0,-3
16819,16819,1503609716301,-22,-14,2,-2,1,0,-2,-7
16820,16820,1503609716315,-3,6,32,9,3,2,2,5
16821,16821,1503609716324,4,-8,-16,0,-3,-3,-4,0
16822,16822,1503609716331,8,-1,-18,-8,-4,-1,0,-4
16823,16823,1503609716337,-7,7,5,0,-4,-1,-2,-6
16824,16824,1503609716353,-4,-15,-4,0,0,-3,-5,-7
16825,16825,1503609716360,4,1,16,9,6,0,2,6
16826,16826,1503609716368,6,15,12,11,2,0,-2,-9
16827,16827,1503609716382,-6,-9,-16,-6,-4,-5,-7,-10
16828,16828,1503609716391,-12,-13,-5,-6,-1,0,3,-2
16829,16829,1503609716397,10,12,13,0,0,0,1,1
16830,16830,1503609716413,-12,-5,-8,-8,-7,-4,-7,-4
16831,16831,1503609716419,21,4,0,-5,1,0,-2,-1
16832,16832,1503609716428,6,3,2,-3,-5,0,2,-1
16833,16833,1503609716442,2,-6,-3,-4,-3,1,2,6
16834,16834,1503609716450,-12,2,-9,-4,-3,-3,-2,-2
16835,16835,1503609716458,5,-8,-8,4,6,0,-1,-3
16836,16836,1503609716472,-2,-12,-10,-4,-1,-1,3,-1
16837,16837,1503609716479,7,8,10,4,2,1,5,6
16838,16838,1503609716487,3,-2,4,11,7,1,-2,2
16839,16839,1503609716502,4,7,-12,-4,-4,0,1,4
16840,16840,1503609716510,-10,-4,-1,-3,-1,-2,0,0
16841,16841,1503609716517,26,5,0,0,0,-3,-2,3
16842,16842,1503609716533,-1,-3,-7,-4,-1,1,-4,-4
16843,16843,1503609716539,4,13,16,15,8,2,-1,2
16844,16844,1503609716554,-5,-1,-11,-6,0,-3,-1,1
16845,16845,1503609716562,-14,-6,-5,-12,-9,-4,-4,-9
16846,16846,1503609716570,-3,2,9,2,-2,-1,0,-1
16847,16847,1503609716584,-9,-12,-1,3,0,-2,-1,-2
16848,16848,1503609716594,6,12,13,2,-1,0,-1,-2
16849,16849,1503609716600,-28,-1,-7,-7,-1,0,-2,-3
16850,16850,1503609716615,-6,3,2,0,1,1,-2,0
16851,16851,1503609716622,0,-1,-6,0,-2,-2,1,-1
16852,16852,1503609716630,9,16,13,9,4,1,-2,-1
16853,16853,1503609716644,1,2,-1,-4,-3,-1,-3,1
16854,16854,1503609716652,-6,5,1,-1,-4,-1,2,-1
16855,16855,1503609716660,6,11,-4,-1,4,2,1,2
16856,16856,1503609716674,1,-7,0,0,-3,-1,2,3
16857,16857,1503609716682,-12,10,-3,-7,-6,-1,0,2
16858,16858,1503609716691,-11,-3,0,-1,2,1,-2,0
16859,16859,1503609716704,-1,-10,-1,-1,-2,-1,0,0
16860,16860,1503609716713,2,-9,-7,-3,-1,-4,-2,-4
16861,16861,1503609716719,-9,-20,-6,-3,-4,-1,-2,-2
16862,16862,1503609716734,-11,-6,1,5,1,0,-3,-3
16863,16863,1503609716741,12,1,7,8,5,1,4,4
16864,16864,1503609716750,-4,1,-5,-2,0,-2,1,1
16865,16865,1503609716764,-5,1,-8,-6,-5,-3,-3,-5
16866,16866,1503609716772,-8,-34,-10,-3,-2,-1,0,1
16867,16867,1503609716786,1,2,-1,-3,-4,-1,-1,2
16868,16868,1503609716794,-25,-4,5,0,1,0,-1,-7
16869,16869,1503609716802,10,-20,-1,-1,-2,-2,-4,-2
16870,16870,1503609716810,-10,-1,-6,-4,-3,0,-3,-8
16871,16871,1503609716826,-6,-14,-9,-3,0,0,-1,-4
16872,16872,1503609716832,15,69,28,5,2,-3,-4,-3
16873,16873,1503609716839,-3,8,-2,-3,-1,-1,3,0
16874,16874,1503609716854,5,-14,14,6,4,4,3,5
16875,16875,1503609716862,16,22,3,-5,-1,-1,-2,1
16876,16876,1503609716870,8,4,-2,0,0,-2,3,2
16877,16877,1503609716884,-9,-11,-4,0,0,-3,0,-3
16878,16878,1503609716894,16,-13,-11,-6,-3,-3,-4,7
16879,16879,1503609716899,5,-21,-1,1,1,2,1,2
16880,16880,1503609716915,-5,-8,-9,-1,-1,-1,-8,-3
16881,16881,1503609716922,-13,15,14,3,0,0,-1,-3
16882,16882,1503609716930,-3,-19,-7,-3,-4,1,4,5
16883,16883,1503609716944,-5,-8,-5,0,-1,0,-4,-1
16884,16884,1503609716952,1,1,-13,-14,-8,-4,-1,-2
16885,16885,1503609716961,-1,15,6,-8,-4,0,4,-2
16886,16886,1503609716974,4,0,20,8,2,1,2,9
16887,16887,1503609716981,-4,28,9,3,2,1,-1,0
16888,16888,1503609716990,-4,-6,-12,-4,-2,-2,-2,-9
16889,16889,1503609717004,4,-10,-6,1,0,-3,-2,-4
16890,16890,1503609717012,1,7,0,2,0,-1,-3,-10
16891,16891,1503609717019,-30,-11,-5,-3,-1,0,-1,-6
16892,16892,1503609717034,1,-6,-3,-2,1,0,0,6
16893,16893,1503609717041,12,-16,-8,0,-1,0,1,11
16894,16894,1503609717050,-2,-9,-11,-8,-4,-1,1,8
16895,16895,1503609717064,8,12,12,8,4,1,1,-4
16896,16896,1503609717072,1,15,0,-2,-2,0,-1,-3
16897,16897,1503609717079,5,19,3,0,0,-1,1,1
16898,16898,1503609717095,3,2,-1,2,1,-1,-4,-14
16899,16899,1503609717102,-4,-10,-9,-1,0,-1,-2,-12
16900,16900,1503609717110,11,3,2,0,5,1,2,2
16901,16901,1503609717124,-6,-6,-1,-3,-3,-2,-1,2
16902,16902,1503609717132,-5,-10,-5,7,-1,-1,-1,-3
16903,16903,1503609717139,11,8,17,3,0,-1,-3,8
16904,16904,1503609717154,-21,-7,1,0,-1,-2,-3,5
16905,16905,1503609717162,-32,-28,-20,-8,-1,-1,-2,-5
16906,16906,1503609717170,2,10,8,7,5,0,-2,-6
16907,16907,1503609717184,17,4,3,6,8,0,2,-4
16908,16908,1503609717192,-1,-2,-9,-12,-6,-1,6,-2
16909,16909,1503609717199,14,1,3,3,0,-7,-3,-2
16910,16910,1503609717214,1,-6,-9,-4,-4,1,7,1
16911,16911,1503609717215,-2,-7,-11,-7,-10,-4,-3,-3
16912,16912,1503609717221,-1,6,6,-4,-2,4,4,3
16913,16913,1503609717230,49,11,8,1,1,2,0,13
16914,16914,1503609717244,-18,-8,-6,-4,-5,-2,-5,-3
16915,16915,1503609717252,3,5,4,-2,0,0,-2,-6
16916,16916,1503609717259,-4,-2,-21,-5,-1,1,1,0
16917,16917,1503609717274,-15,-7,4,5,2,0,-2,1
16918,16918,1503609717281,-10,-9,-7,-11,-7,-5,-2,-5
16919,16919,1503609717290,1,4,2,3,2,2,-2,2
16920,16920,1503609717304,16,5,13,12,8,1,2,6
16921,16921,1503609717312,-20,-7,-9,-4,-3,-2,2,-5
16922,16922,1503609717319,9,4,-17,-5,-4,0,-3,4
16923,16923,1503609717334,1,6,7,7,6,2,5,10
16924,16924,1503609717341,7,4,7,3,-1,-1,1,3
16925,16925,1503609717342,6,2,0,-3,-3,-3,-5,-3
16926,16926,1503609717357,-14,-21,-13,-5,-7,-2,-4,-5
16927,16927,1503609717364,-7,20,17,6,0,2,0,-6
16928,16928,1503609717372,-11,-15,-5,-5,-2,-3,-3,-15
16929,16929,1503609717379,4,8,15,8,2,2,-1,-2
16930,16930,1503609717395,2,4,-4,-6,-4,-3,-1,-2
16931,16931,1503609717402,-2,-11,-9,-5,3,0,-2,-1
16932,16932,1503609717410,6,8,12,10,4,0,-2,5
16933,16933,1503609717424,1,-8,3,-3,-5,-1,0,7
16934,16934,1503609717432,24,8,-1,-4,1,0,-1,12
16935,16935,1503609717439,17,4,-4,1,3,0,1,-4
16936,16936,1503609717455,-3,-2,-3,-4,-4,1,3,-9
16937,16937,1503609717462,-7,-22,-15,-5,-2,0,-2,-6
16938,16938,1503609717470,-24,-28,1,-5,-2,-4,-4,-10
17344,17344,1503609721415,2,-2,-7,-2,1,0,1,2
17345,17345,1503609721421,5,-3,-2,4,-3,-3,-4,4
17346,17346,1503609721437,-1,4,11,4,0,1,-1,-2
17347,17347,1503609721444,4,1,-2,2,1,-2,0,-2
17348,17348,1503609721452,6,-3,-8,-3,-2,-1,0,4
17349,17349,1503609721468,-4,-4,-3,-5,-2,-2,-3,-5
17350,17350,1503609721474,-7,-2,-5,-7,-3,-1,0,-3
17351,17351,1503609721481,-10,-6,2,0,-1,-1,0,-6
17352,17352,1503609721498,4,0,1,0,2,-1,-2,-5
17353,17353,1503609721504,-4,-1,-9,-5,-2,-1,-2,-5
17354,17354,1503609721512,-1,-1,5,11,-1,3,0,4
17355,17355,1503609721527,10,-6,-13,-8,-2,0,-1,1
17356,17356,1503609721535,4,3,8,2,0,0,2,0
17357,17357,1503609721541,0,-13,-10,-6,-5,-1,-1,-1
17358,17358,1503609721557,-4,7,4,6,3,0,-1,0
17359,17359,1503609721564,-1,8,16,5,2,-2,0,-1
17360,17360,1503609721572,-5,-16,-16,-6,-3,-3,-2,-1
17361,17361,1503609721586,-2,5,0,7,0,-2,-1,2
17362,17362,1503609721595,-18,-3,-6,-5,1,0,1,0
17363,17363,1503609721602,8,1,0,-3,0,1,1,1
17364,17364,1503609721618,5,-8,-12,-4,-4,-2,-1,-2
17365,17365,1503609721626,-8,37,29,7,4,0,-1,3
17366,17366,1503609721632,1,2,2,2,-2,0,3,3
17367,17367,1503609721646,-1,-1,-6,-3,-2,1,-3,-3
17368,17368,1503609721647,2,-19,-24,-11,-7,-2,1,-4
17369,17369,1503609721654,0,5,5,1,0,-2,-4,-2
17370,17370,1503609721661,-2,0,7,-5,-1,0,-4,-5
17371,17371,1503609721677,8,5,3,0,0,1,-2,-1
17372,17372,1503609721684,-14,-9,-14,-8,2,0,-1,1
17373,17373,1503609721699,8,-4,2,-3,-6,-2,-1,4
17374,17374,1503609721706,7,-2,15,9,2,-1,1,0
17375,17375,1503609721714,21,3,-25,-11,-4,-1,3,8
17376,17376,1503609721721,-1,-11,-11,3,1,0,-1,-4
17377,17377,1503609721737,-5,-4,11,6,1,1,0,2
17378,17378,1503609721744,5,1,-8,0,1,-2,-6,-10
17379,17379,1503609721752,-1,3,8,-1,-2,-2,-4,-4
17380,17380,1503609721771,-5,-16,-7,-4,-3,0,-1,1
17381,17381,1503609721775,-4,7,-3,-6,-1,0,-1,-5
17382,17382,1503609721781,8,2,-7,3,0,1,1,5
17383,17383,1503609721798,6,23,15,4,1,-1,0,-1
17384,17384,1503609721804,-7,3,1,0,-2,0,0,-1
17385,17385,1503609721812,-28,-34,-3,-5,0,0,-3,-8
17386,17386,1503609721828,-4,-3,19,8,3,-1,-1,0
17387,17387,1503609721837,-2,-19,-13,-6,-1,-3,-2,-1
17388,17388,1503609721841,2,4,-13,-17,-8,0,3,3
17389,17389,1503609721857,-1,4,3,4,1,0,2,-1
17390,17390,1503609721865,5,-7,1,1,0,-3,0,-1
17391,17391,1503609721872,7,-5,-10,-1,-1,0,-1,1
17392,17392,1503609721886,-3,4,3,-1,-1,-1,1,3
17393,17393,1503609721895,-4,11,17,6,0,4,-1,-2
17394,17394,1503609721902,2,-1,-2,0,-2,0,-3,-2
17395,17395,1503609721917,-7,-21,-36,-19,-3,-3,0,-4
17396,17396,1503609721924,1,10,19,1,-1,-4,-2,-6
17397,17397,1503609721932,-13,-6,-12,-7,-4,-2,0,-4
17398,17398,1503609721948,4,-6,-7,-5,2,-2,0,0
17399,17399,1503609721954,1,-5,5,2,-1,-3,-1,0
17400,17400,1503609721962,-27,-5,-3,4,-3,-2,-4,-4
17401,17401,1503609721977,-4,-20,-15,-4,-2,0,-2,-2
17402,17402,1503609721984,1,0,2,-1,0,2,1,2
17403,17403,1503609721992,14,16,3,0,-2,-3,-1,5
17404,17404,1503609722006,1,-4,-11,-5,-2,0,0,0
17405,17405,1503609722014,1,35,14,2,3,0,2,5
17406,17406,1503609722021,27,-1,1,2,1,0,-2,3
17407,17407,1503609722038,-4,-7,-13,-6,-5,-3,-2,-4
17408,17408,1503609722044,-4,7,21,9,4,2,2,0
17409,17409,1503609722052,-2,-5,-4,-1,1,0,-1,0
17410,17410,1503609722066,-3,6,-6,-1,-3,-3,-2,-8
17411,17411,1503609722074,-4,4,12,6,1,2,2,-3
17412,17412,1503609722081,1,16,-5,-1,-5,-2,-3,-3
17413,17413,1503609722098,2,-1,5,5,6,3,5,4
17414,17414,1503609722105,-4,-3,-7,-3,-1,3,2,3
17415,17415,1503609722112,6,10,22,10,1,-2,-6,-8
17416,17416,1503609722126,-5,-2,-18,-12,-4,-3,-2,-1
17417,17417,1503609722134,0,-1,17,7,2,1,2,5
17418,17418,1503609722149,-3,-4,1,2,0,-2,-2,-2
17419,17419,1503609722157,-3,-2,-12,-6,-1,1,-2,-4
17420,17420,1503609722164,1,-1,-2,0,1,0,-1,-2
17421,17421,1503609722179,-6,-13,-2,0,-4,-3,-3,-2
17422,17422,1503609722186,0,2,5,6,4,3,2,5
17423,17423,1503609722194,0,10,3,1,-2,-1,-1,0
17424,17424,1503609722209,-3,11,0,-2,-3,-2,0,-1
17425,17425,1503609722217,4,-22,-16,-5,-3,-2,2,1
17426,17426,1503609722224,1,-8,-3,-3,-1,1,-2,-1
17427,17427,1503609722239,-4,-5,-7,-6,-1,-3,-4,-6
17428,17428,1503609722246,1,2,-3,-2,-1,-2,-3,1
17429,17429,1503609722254,3,4,2,-2,-1,0,1,3
17430,17430,1503609722269,-1,0,2,-3,0,-1,-2,-6
17431,17431,1503609722277,-4,2,1,2,-2,-1,-2,-3
17432,17432,1503609722284,1,-7,-1,3,-1,-3,3,3
17433,17433,1503609722300,-5,4,2,2,-3,-2,-2,-4
17434,17434,1503609722307,2,-4,2,4,2,2,0,1
17435,17435,1503609722314,-1,-2,-2,-2,-4,-3,0,3
17436,17436,1503609722333,-4,-3,9,-1,-1,-3,-4,-3
17437,17437,1503609722337,3,-1,10,0,-2,-1,-3,-5
17438,17438,1503609722344,-3,-5,-8,-2,-2,-1,-1,-3
17439,17439,1503609722359,0,0,-3,-2,2,-2,-3,-2
17440,17440,1503609722367,-8,-7,2,2,-3,-2,-2,-4
17441,17441,1503609722374,0,1,-2,-2,0,0,3,4
17442,17442,1503609722389,-1,3,-1,-3,1,-1,0,1
17443,17443,1503609722399,-4,-2,-4,2,-2,1,-1,-3
17444,17444,1503609722404,2,2,-2,-4,-1,-2,-1,4
17445,17445,1503609722419,4,-7,-5,-2,0,0,0,3
17446,17446,1503609722426,1,5,2,-1,2,1,0,3
17447,17447,1503609722434,3,7,-2,-2,-2,-3,-4,-2
17448,17448,1503609722449,-4,-7,-7,-2,-3,-2,-3,-5
17449,17449,1503609722457,-1,-4,-7,-6,1,0,2,-2
17450,17450,1503609722467,-4,-7,8,7,2,-1,-7,-14
17451,17451,1503609722479,-1,3,-2,-6,0,0,-3,-1
17452,17452,1503609722486,0,-6,-6,-1,0,0,0,-1
17453,17453,1503609722494,-6,0,1,6,3,3,1,-6
17454,17454,1503609722509,-1,-4,-4,-4,-3,0,-2,5
17455,17455,1503609722518,2,14,22,5,1,1,-2,-12
17456,17456,1503609722533,-2,-2,-7,-7,-5,-1,4,6
17457,17457,1503609722539,4,1,-11,-3,-3,-1,1,6
17458,17458,1503609722546,1,0,-3,0,2,1,1,-6
17459,17459,1503609722555,-4,2,-3,-2,-3,-2,2,7
17460,17460,1503609722569,5,3,2,7,3,0,2,9
17461,17461,1503609722577,-2,-5,-6,-1,-1,-1,0,3
17462,17462,1503609722584,-1,2,-1,-2,-2,-1,-3,-7
17463,17463,1503609722601,-5,-8,-13,-7,-4,-3,-7,-5
17464,17464,1503609722606,2,0,10,4,-1,4,0,-3
18294,18294,1503609730699,0,-15,-14,-5,-3,0,-4,-18
18295,18295,1503609730706,15,4,11,2,4,3,6,24
18296,18296,1503609730720,15,4,1,2,0,-2,-2,-2
18297,18297,1503609730721,-18,-23,-4,2,-2,0,0,-9
18298,18298,1503609730729,28,7,9,5,2,0,1,6
18299,18299,1503609730736,1,19,12,4,2,3,1,14
18300,18300,1503609730751,-45,-15,0,-2,-3,-9,-28,-14
18301,18301,1503609730758,20,6,-2,0,-2,-4,-4,-3
18302,18302,1503609730766,-33,7,9,3,2,3,2,-25
18303,18303,1503609730780,39,3,-1,-4,-3,2,1,12
18304,18304,1503609730790,8,-8,-2,3,5,3,7,10
18305,18305,1503609730796,25,11,-18,-12,-4,-1,5,4
18306,18306,1503609730811,12,-2,4,2,-3,1,7,13
18307,18307,1503609730818,-57,-19,4,2,1,-3,-2,-27
18308,18308,1503609730826,10,6,0,0,1,1,1,13
18309,18309,1503609730840,9,-3,-8,-3,1,0,-3,4
18310,18310,1503609730849,17,3,3,-1,0,-1,1,1
18311,18311,1503609730858,3,4,9,4,3,0,0,-1
18312,18312,1503609730871,-19,-16,-8,-5,-4,-2,-3,3
18313,18313,1503609730878,-12,-9,-2,-2,-2,-2,-6,-13
18314,18314,1503609730886,26,2,-1,1,1,-1,2,5
18315,18315,1503609730901,5,5,11,-2,1,2,6,6
18316,18316,1503609730909,1,9,11,4,3,0,-4,-8
18317,18317,1503609730916,13,5,-1,-1,-3,-4,-1,3
18318,18318,1503609730932,11,56,26,12,5,3,0,11
18319,18319,1503609730938,20,7,-8,-2,-5,-5,-2,5
18320,18320,1503609730946,29,-12,-16,-2,-2,-1,3,11
18321,18321,1503609730962,-13,-7,6,3,3,2,2,-6
18322,18322,1503609730969,-1,-5,-12,-5,-3,-3,-2,-8
18323,18323,1503609730976,-5,-23,-7,-2,-1,0,-2,2
18324,18324,1503609730995,-12,-24,1,0,-1,2,0,0
18325,18325,1503609730998,-2,4,-1,1,4,1,0,-1
18326,18326,1503609731006,-10,-9,-13,-7,2,-2,-20,-6
18327,18327,1503609731020,2,12,20,5,3,1,-8,-9
18328,18328,1503609731030,-18,-7,14,-1,-7,2,5,-5
18329,18329,1503609731036,-2,-13,-9,0,-1,-2,-1,2
18330,18330,1503609731051,-18,-16,-10,-7,-6,-5,1,-8
18331,18331,1503609731060,-19,-6,0,-4,-6,1,3,6
18332,18332,1503609731066,0,2,-20,-7,-3,-3,5,-4
18333,18333,1503609731080,4,3,-2,-3,0,2,-3,-10
18334,18334,1503609731098,22,27,6,4,-1,0,0,6
18335,18335,1503609731111,22,39,7,-3,-4,-3,1,4
18336,18336,1503609731118,-11,-13,-13,-3,-3,-4,0,0
18337,18337,1503609731126,0,-5,1,3,4,1,-2,-4
18338,18338,1503609731140,-7,-6,-5,-8,-6,-10,-37,-6
18339,18339,1503609731148,1,-21,-15,-1,1,-2,1,2
18340,18340,1503609731164,-6,-15,-6,-2,2,1,9,2
18341,18341,1503609731171,-11,14,18,-7,-6,-2,-7,-1
18342,18342,1503609731179,16,15,14,9,5,4,6,5
18343,18343,1503609731186,11,3,-5,-6,-3,1,7,0
18344,18344,1503609731202,-7,13,2,1,2,1,5,-4
18345,18345,1503609731208,7,20,2,8,4,0,-3,-6
18346,18346,1503609731224,15,7,1,2,0,3,-1,0
18347,18347,1503609731231,3,-15,-16,-2,-4,-4,-1,1
18348,18348,1503609731239,-9,-2,4,-3,-2,-4,3,-7
18349,18349,1503609731246,6,-10,-10,-9,-7,0,3,9
18350,18350,1503609731262,-2,-5,21,3,-2,0,4,3
18351,18351,1503609731270,-7,3,3,1,2,2,0,-3
18352,18352,1503609731284,-3,-7,-10,-1,0,1,0,-3
18353,18353,1503609731291,6,-1,13,7,6,1,-10,-10
18354,18354,1503609731299,4,9,12,-2,-2,0,4,4
18355,18355,1503609731306,-3,8,5,-2,-2,-3,2,2
18356,18356,1503609731321,-19,-11,-13,-7,-4,-2,5,14
18357,18357,1503609731329,-3,-21,-3,-3,-3,-1,4,6
18358,18358,1503609731344,-6,-4,-10,3,1,0,3,2
18359,18359,1503609731351,-3,-2,-7,-2,-1,-1,-1,-7
18360,18360,1503609731361,9,-7,-6,-2,0,-3,-11,-16
18361,18361,1503609731366,2,-1,-11,-9,-2,-3,0,-3
18362,18362,1503609731381,7,14,6,2,10,2,0,-1
18363,18363,1503609731388,2,-10,0,4,2,3,5,8
18364,18364,1503609731418,-19,-19,-11,-3,2,-3,-6,-5
18365,18365,1503609731419,-21,-7,-7,-5,-1,-2,-1,0
18366,18366,1503609731425,4,-4,-4,0,-3,-1,-2,-6
18367,18367,1503609731428,-2,3,3,5,2,0,-2,-6
18368,18368,1503609731441,-5,-4,-10,-7,-8,-3,1,-5
18369,18369,1503609731448,0,2,3,9,-1,2,0,-3
18370,18370,1503609731464,0,-2,5,-3,-6,-2,0,4
18371,18371,1503609731471,-1,3,-1,-3,-2,-1,-1,-3
18372,18372,1503609731479,-3,6,24,11,4,3,4,5
18373,18373,1503609731495,15,14,-6,-3,1,1,3,6
18374,18374,1503609731502,4,-3,-6,-5,-6,-3,-2,3
18375,18375,1503609731508,-5,-5,-5,-3,0,-1,0,4
18376,18376,1503609731509,-5,7,6,0,0,-1,0,5
18377,18377,1503609731524,-7,-4,-13,-12,-6,-2,-1,-3
18378,18378,1503609731531,2,0,11,14,5,1,-5,-3
18379,18379,1503609731539,-8,-5,-1,2,0,0,2,-14
18380,18380,1503609731553,16,-18,-20,-8,-3,-3,2,3
18381,18381,1503609731562,53,39,53,24,8,3,-8,9
18382,18382,1503609731569,-12,11,-7,-3,-3,-6,-6,-39
18383,18383,1503609731584,7,0,-18,-8,-4,-4,4,12
18384,18384,1503609731591,-11,5,15,2,2,-2,-1,4
18385,18385,1503609731606,5,-13,-21,-11,-5,-4,-1,1
18386,18386,1503609731613,-2,-14,-1,2,-3,-9,-1,11
18387,18387,1503609731621,8,5,-3,-4,-1,5,19,15
18388,18388,1503609731630,-14,-12,-6,-8,-1,8,12,5
18389,18389,1503609731644,-5,9,21,19,5,-4,-14,-10
18390,18390,1503609731651,3,1,-1,-2,-2,1,2,1
18391,18391,1503609731659,-27,-33,-49,-24,-8,-3,-2,-4
18392,18392,1503609731673,-1,2,17,7,4,3,3,8
18393,18393,1503609731681,-25,-19,-9,-21,-11,-7,-6,-8
18394,18394,1503609731688,-4,8,10,10,5,0,-5,-4
19084,19084,1503609738491,2,2,5,4,2,1,4,-1
19085,19085,1503609738498,-5,-3,-9,-8,-2,-6,-12,-12
19086,19086,1503609738506,-6,6,12,0,0,-3,-4,-12
19087,19087,1503609738521,4,0,-3,-1,0,0,1,7
19088,19088,1503609738529,-2,-6,-4,1,-1,0,-7,-3
19089,19089,1503609738536,1,2,-3,-2,-4,0,1,1
19090,19090,1503609738551,2,4,9,7,4,-1,0,6
19091,19091,1503609738558,1,-4,-2,-1,-1,0,6,1
19092,19092,1503609738566,-2,-3,-1,1,-2,-2,2,-5
19093,19093,1503609738581,-1,1,2,2,-1,-1,-2,-5
19094,19094,1503609738589,1,0,1,1,1,-3,0,6
19095,19095,1503609738596,-1,7,5,-3,-1,-1,0,3
19096,19096,1503609738611,-9,-10,-7,-3,0,-1,-2,-8
19097,19097,1503609738618,-5,-4,0,-1,-1,2,-3,1
19098,19098,1503609738626,-2,-3,-2,-5,-3,-1,1,3
19099,19099,1503609738641,3,-5,-1,0,-1,-1,-6,-2
19100,19100,1503609738649,-3,-2,8,7,-3,1,3,-7
19101,19101,1503609738656,0,14,-3,-1,0,-2,-8,0
19102,19102,1503609738671,2,2,1,0,-1,-3,-12,0
19103,19103,1503609738679,-3,-7,-9,-10,-8,-3,1,-1
19104,19104,1503609738687,-1,6,7,6,6,5,7,-1
19105,19105,1503609738701,1,-1,9,7,4,4,4,6
19106,19106,1503609738709,2,-2,-7,-8,-3,1,6,2
19107,19107,1503609738716,-2,-3,-2,0,-1,-3,0,-3
19108,19108,1503609738731,0,-6,-9,-8,-5,-7,-2,-1
19109,19109,1503609738738,1,3,0,-6,2,1,2,-4
19110,19110,1503609738746,1,-1,-1,-2,4,0,1,2
19111,19111,1503609738762,-7,-5,-6,-4,-4,-5,-3,-3
19112,19112,1503609738769,-1,15,8,0,-3,-3,-21,-4
19113,19113,1503609738775,4,0,-4,1,3,1,0,0
19114,19114,1503609738790,1,-6,-3,-9,-13,0,6,4
19115,19115,1503609738798,-6,-8,-9,-9,-11,-3,4,-1
19116,19116,1503609738806,1,-1,18,15,8,5,6,2
19117,19117,1503609738821,-2,-2,11,8,1,-2,-1,1
19118,19118,1503609738829,-13,-16,-26,-13,-5,-2,2,-17
19119,19119,1503609738836,-4,-11,-17,-6,-1,2,0,-18
19120,19120,1503609738851,3,12,12,-2,-13,1,4,13
19121,19121,1503609738858,8,7,13,11,7,3,0,17
19122,19122,1503609738866,4,-11,-9,-2,0,-3,1,15
19123,19123,1503609738881,7,3,-9,-7,-10,-1,-7,35
19124,19124,1503609738889,7,1,1,6,4,-1,0,79
19125,19125,1503609738895,5,0,9,7,7,-2,-2,37
19126,19126,1503609738911,4,-5,-13,-10,-4,-3,-7,6
19127,19127,1503609738918,7,-9,8,6,2,1,1,-44
19128,19128,1503609738933,1,-10,3,8,4,-1,6,-43
19129,19129,1503609738940,0,12,16,-1,1,-1,-2,-15
19130,19130,1503609738949,-15,-15,-6,-1,2,1,-4,-38
19131,19131,1503609738962,-1,-5,-19,-11,-2,1,4,-4
19132,19132,1503609738971,-8,0,13,7,-1,-1,-3,-14
19133,19133,1503609738978,-3,4,1,-8,-11,-5,1,-7
19134,19134,1503609738993,-18,-4,7,5,6,3,0,-10
19135,19135,1503609739000,12,33,2,2,3,2,-1,-5
19136,19136,1503609739009,-12,8,4,-3,-5,-1,-5,-12
19137,19137,1503609739023,-12,-20,-11,-1,1,0,0,-3
19138,19138,1503609739031,7,7,-7,-2,3,-3,-4,-1
19139,19139,1503609739038,4,-1,-7,-4,-3,-2,0,-2
19140,19140,1503609739053,7,17,-4,-1,-3,-1,-2,3
19141,19141,1503609739061,0,7,16,14,6,2,5,7
19142,19142,1503609739068,4,-2,0,-4,-2,-1,2,3
19143,19143,1503609739069,-2,-13,-29,-15,-7,-7,-8,-9
19144,19144,1503609739082,-9,0,0,2,1,0,-3,-8
19145,19145,1503609739091,-16,2,12,10,0,0,1,-4
19146,19146,1503609739098,-7,-7,-15,-8,-5,-6,-2,-3
19147,19147,1503609739116,15,37,20,8,6,2,-1,-3
19148,19148,1503609739121,0,-6,-4,-2,0,-1,1,0
19149,19149,1503609739129,17,-4,3,3,8,0,1,0
19150,19150,1503609739142,16,-1,-8,0,0,-2,-3,5
19151,19151,1503609739151,8,-5,-10,-7,-1,4,3,8
19152,19152,1503609739158,-15,-6,-3,1,1,0,-3,0
19153,19153,1503609739173,-16,-12,1,-1,-1,-5,-3,-2
19154,19154,1503609739183,-4,9,-10,-7,-2,-1,-2,1
19155,19155,1503609739189,-3,5,9,9,6,1,1,-7
19156,19156,1503609739202,-14,-3,2,-1,-4,-4,-3,-5
19157,19157,1503609739210,3,1,-5,-7,-10,0,-1,5
19158,19158,1503609739218,-2,-7,12,3,1,0,-3,-9
19159,19159,1503609739233,-12,-27,-28,-18,-13,-6,-4,-11
19160,19160,1503609739240,-6,17,22,6,1,0,-2,-2
19161,19161,1503609739250,3,9,0,-1,1,0,-1,-2
19162,19162,1503609739262,13,-12,-17,-12,-14,-1,2,2
19163,19163,1503609739270,2,-7,2,3,6,0,-5,4
19164,19164,1503609739278,-6,11,14,-1,0,1,0,-1
19165,19165,1503609739293,-2,-9,-7,-10,-15,-2,2,1
19166,19166,1503609739300,-14,-20,-1,-2,-1,-7,-6,-13
19167,19167,1503609739309,22,23,3,4,6,4,6,16
19168,19168,1503609739322,16,-19,-16,1,3,4,4,7
19169,19169,1503609739330,-3,0,-1,-5,2,2,2,4
19170,19170,1503609739338,8,-22,-9,0,3,-1,2,6
19171,19171,1503609739353,9,10,3,2,0,0,2,6
19172,19172,1503609739361,-10,-5,-12,-3,-3,-3,-2,-4
19173,19173,1503609739369,3,14,-5,-5,-3,-2,-2,-2
19174,19174,1503609739384,-10,19,23,15,6,2,2,2
19175,19175,1503609739391,-3,3,14,7,0,-1,2,-7
19176,19176,1503609739398,7,9,-6,-7,-2,-1,-4,0
19177,19177,1503609739413,6,5,10,5,2,1,-2,2
19178,19178,1503609739421,-1,-13,-3,-2,-3,1,0,0
19179,19179,1503609739429,-7,-26,-11,-4,-2,-1,-2,-1
19180,19180,1503609739442,4,9,2,0,3,4,0,-2
19181,19181,1503609739451,-6,-21,-13,-4,-1,-2,0,1
19182,19182,1503609739458,13,9,5,3,4,0,-4,-7
19183,19183,1503609739473,8,14,12,12,5,1,-2,0
19184,19184,1503609739480,6,4,2,-2,0,2,9,17
19185,19185,1503609739489,1,43,20,0,2,5,3,3
19186,19186,1503609739502,-21,-28,-4,-1,-3,-2,-2,-2
19187,19187,1503609739511,-4,-20,-1,3,1,-1,1,-2
19188,19188,1503609739519,34,31,1,-4,-5,-3,-3,-1
19189,19189,1503609739533,-1,-16,-3,-2,-3,-5,-5,-2
19190,19190,1503609739541,-14,-8,-9,0,0,1,-4,-4
19191,19191,1503609739549,-2,-8,-23,-7,-4,-1,3,1
19192,19192,1503609739562,-4,-1,2,1,1,-1,-1,0
19193,19193,1503609739570,-11,-11,8,5,3,2,1,-2
19194,19194,1503609739578,-2,-3,18,1,-2,-4,-3,-4
19517,19517,1503609742713,-3,-5,-12,-7,-4,-4,-2,-7
19518,19518,1503609742720,-3,-2,9,5,2,-1,-1,-8
19519,19519,1503609742729,-3,8,14,8,3,2,2,6
19520,19520,1503609742743,0,-6,-16,-1,1,0,-2,9
19521,19521,1503609742751,8,8,-3,-3,1,1,4,2
19522,19522,1503609742758,-10,-7,1,-1,0,0,-4,-24
19523,19523,1503609742774,-3,-10,-11,-4,-2,-2,-3,-7
19524,19524,1503609742781,-6,2,3,0,0,1,-1,0
19525,19525,1503609742789,5,4,8,9,-1,-1,2,2
19526,19526,1503609742803,-3,-8,4,0,-1,2,2,2
19527,19527,1503609742811,4,4,11,9,6,2,2,3
19528,19528,1503609742818,0,8,12,2,-2,-2,3,-1
19529,19529,1503609742833,1,-6,-6,0,1,2,0,-1
19530,19530,1503609742841,-1,-1,-2,4,1,0,0,-1
19531,19531,1503609742849,0,26,5,-7,-4,-1,0,-9
19532,19532,1503609742863,-10,-1,-20,-7,-5,-3,-7,-33
19533,19533,1503609742871,7,-11,-13,-3,-2,-1,-2,5
19534,19534,1503609742879,1,-10,-7,-7,-4,-4,2,8
19535,19535,1503609742893,-6,-8,6,2,2,0,0,-10
19536,19536,1503609742900,14,8,8,0,-1,0,-2,18
19537,19537,1503609742909,1,-11,-21,-18,-9,-5,-1,6
19538,19538,1503609742923,7,11,21,3,3,-2,1,10
19539,19539,1503609742938,-2,-4,4,9,7,2,3,3
19540,19540,1503609742942,3,0,-6,-1,1,-3,-2,1
19541,19541,1503609742953,1,-7,-2,1,-1,-1,2,11
19542,19542,1503609742960,1,-11,-2,-2,1,2,4,-8
19543,19543,1503609742968,-23,-7,5,-2,-3,-2,-5,-14
19544,19544,1503609742984,-10,-1,2,1,-3,-1,-2,-8
19545,19545,1503609742991,7,1,-10,-9,-5,-4,-6,-9
19546,19546,1503609742998,-31,-21,-9,-7,-2,-1,3,10
19547,19547,1503609743014,17,5,-3,-1,0,1,-1,11
19548,19548,1503609743020,18,2,-8,-3,-2,-1,1,6
19549,19549,1503609743029,-10,-12,-10,-7,-2,-4,-3,2
19550,19550,1503609743043,2,6,9,2,-1,0,-6,-2
19551,19551,1503609743052,1,-10,-17,-17,-9,-5,-1,0
19552,19552,1503609743058,16,40,56,25,10,5,5,7
19553,19553,1503609743073,-16,-18,-3,1,-2,0,-2,-6
19554,19554,1503609743080,-1,-11,-26,-10,-3,-2,-1,-2
19555,19555,1503609743095,13,10,2,0,-1,2,3,15
19556,19556,1503609743104,1,0,1,5,5,2,-9,-15
19557,19557,1503609743111,-5,6,5,4,0,-2,0,-2
19558,19558,1503609743119,-16,-3,-14,-12,-6,-4,-5,-4
19559,19559,1503609743133,-1,0,1,2,-1,-2,-3,-8
19560,19560,1503609743141,7,12,29,11,1,-2,3,9
19561,19561,1503609743149,15,8,1,2,-1,0,-1,1
19562,19562,1503609743163,-10,-15,-26,-8,-5,-1,0,-4
19563,19563,1503609743171,-15,-12,-2,-6,-2,-1,0,-3
19564,19564,1503609743178,10,11,10,12,10,5,5,6
19565,19565,1503609743193,-8,14,4,5,2,-2,-2,-12
19566,19566,1503609743200,2,-11,-29,-13,-6,-5,-1,1
19567,19567,1503609743210,-1,-4,-11,-4,-1,-3,-1,0
19568,19568,1503609743211,1,0,1,0,1,0,0,4
19569,19569,1503609743223,-4,-11,-16,-9,-2,-2,-4,0
19570,19570,1503609743231,4,16,14,3,0,3,1,1
19571,19571,1503609743238,-14,7,4,-6,-6,-2,-3,-13
19572,19572,1503609743253,-1,-7,-7,3,3,-2,-5,0
19573,19573,1503609743260,4,-7,-9,-6,-4,-1,4,3
19574,19574,1503609743269,-6,-11,-1,1,-1,1,3,8
19575,19575,1503609743283,8,11,-2,-6,-2,-1,-1,2
19576,19576,1503609743291,10,-12,-11,-4,-2,-1,0,3
19577,19577,1503609743298,-15,-19,-10,-2,-1,1,0,-2
19578,19578,1503609743316,-12,5,8,4,2,-1,-3,-7
19579,19579,1503609743321,6,-1,-8,1,1,1,-4,-8
19580,19580,1503609743328,0,3,9,-2,-3,-2,0,3
19581,19581,1503609743329,-3,-8,-8,-2,-2,-1,-1,-3
19582,19582,1503609743345,-5,-2,2,1,-2,-2,-2,-1
19583,19583,1503609743351,-5,4,0,-2,0,-3,-5,-9
19584,19584,1503609743358,-2,0,8,4,1,-2,-1,2
19585,19585,1503609743373,0,-13,-4,-1,0,-2,-2,-5
19586,19586,1503609743380,-2,-2,-7,2,0,-1,-1,0
19587,19587,1503609743389,9,10,0,1,0,1,0,2
19588,19588,1503609743403,19,15,1,0,-2,-1,-1,1
19589,19589,1503609743413,0,-8,-10,-3,-1,-2,-3,-2
19590,19590,1503609743418,-1,0,18,4,1,2,2,0
19591,19591,1503609743433,-4,-5,-6,-7,-6,-3,2,5
19592,19592,1503609743440,0,2,0,0,-1,-2,-1,-2
19593,19593,1503609743449,-4,3,0,-4,-3,0,-1,1
19594,19594,1503609743463,-6,-3,3,2,1,-1,-3,-1
19595,19595,1503609743471,2,-3,-1,2,-4,-1,1,1
19596,19596,1503609743482,4,6,28,13,7,5,-2,-8
19597,19597,1503609743493,-3,-1,3,4,2,-1,2,-2
19598,19598,1503609743500,2,-6,-27,-13,-8,-5,-1,0
19599,19599,1503609743508,3,14,17,4,0,1,-2,-8
19600,19600,1503609743523,-18,-14,-14,-5,-2,-1,-1,0
19601,19601,1503609743531,-5,-8,-11,-7,-1,-1,0,8
19602,19602,1503609743538,-10,2,6,3,0,-2,-1,-1
19603,19603,1503609743553,4,6,3,-1,-1,-1,-1,-2
19604,19604,1503609743560,4,-7,-5,-3,-3,1,1,2
19605,19605,1503609743568,8,36,8,7,3,1,3,0
19606,19606,1503609743583,3,8,5,0,-2,0,0,-3
19607,19607,1503609743591,4,-16,-15,-4,-1,0,1,3
19608,19608,1503609743605,-1,6,1,-4,-2,-1,-3,-3
19609,19609,1503609743615,-9,-12,-6,-2,-4,-1,0,1
19610,19610,1503609743621,-2,-10,-11,-5,-3,-1,0,3
19611,19611,1503609743636,-4,-5,1,3,3,1,0,-3
19612,19612,1503609743643,-3,-6,-21,-18,-4,-4,-5,-10
19613,19613,1503609743651,-6,15,23,13,4,1,-1,1
19614,19614,1503609743665,-9,-3,-2,0,-2,0,1,-3
19615,19615,1503609743673,-1,-9,-14,-7,0,-1,-1,1
19616,19616,1503609743681,11,4,15,7,-1,-3,-7,-2
19617,19617,1503609743696,7,2,7,-1,-1,-1,0,-1
19618,19618,1503609743703,-12,-7,-2,-3,1,-1,0,-3
19619,19619,1503609743711,-4,-6,-6,-5,-3,-1,-3,2
19620,19620,1503609743726,6,-5,-12,-3,0,0,-1,-3
19621,19621,1503609743734,-4,15,4,0,-1,1,-1,-1
19622,19622,1503609743740,-5,2,8,6,-3,0,-1,1
19623,19623,1503609743755,8,-10,-12,-6,-3,-2,-2,0
19624,19624,1503609743763,-8,-9,-18,-8,-5,-5,-2,-3
19625,19625,1503609743764,-3,4,-6,3,6,2,-1,-1
19626,19626,1503609743771,2,2,0,-6,-4,-1,0,0
19627,19627,1503609743793,9,-8,-12,-3,-1,0,2,11
19628,19628,1503609743794,-4,4,17,10,4,1,-2,1
19629,19629,1503609743800,21,0,-11,-8,-6,-2,1,1
19630,19630,1503609743816,-5,-8,-2,-2,-4,-4,-1,0
19631,19631,1503609743823,0,6,16,2,3,1,2,2
19632,19632,1503609743831,-5,-7,-16,-7,-3,0,1,1
19633,19633,1503609743846,-5,-13,-29,-16,-6,-4,0,3
19634,19634,1503609743854,8,24,35,12,3,1,-3,-5
19635,19635,1503609743860,-10,-5,4,-2,-2,-2,-2,4
19636,19636,1503609743875,-1,-13,-20,-9,-3,-1,2,1
19637,19637,1503609743883,-9,-3,0,-1,-2,-1,-3,-8
19638,19638,1503609743891,-10,-6,11,11,4,0,0,-3
19639,19639,1503609743905,-2,-1,-4,-1,1,-1,-2,-1
19640,19640,1503609743916,7,1,-9,-7,-2,-4,-3,-3
19641,19641,1503609743920,-6,6,16,5,3,1,0,-6
19642,19642,1503609743935,-1,-5,-10,0,-1,-2,-3,-3
19643,19643,1503609743943,-3,-1,-5,0,-4,-1,-1,2
19644,19644,1503609743951,-2,1,11,-3,-3,0,1,-3
19645,19645,1503609743965,4,4,12,1,-3,-1,0,-1
19646,19646,1503609743973,-2,-10,-16,-4,1,-2,-2,-3
19647,19647,1503609743983,-2,-10,-2,0,2,-2,-2,-4
19648,19648,1503609743995,-4,4,0,-3,-3,-1,-1,-3
19649,19649,1503609744003,0,-3,4,3,1,-1,-2,-3
19650,19650,1503609744011,2,-3,-4,-2,-3,-1,0,0
19651,19651,1503609744026,2,7,5,5,2,1,2,4
19901,19901,1503609746502,7,8,3,3,3,-1,4,7
19902,19902,1503609746509,2,0,-10,-7,-6,-4,-7,-3
19903,19903,1503609746523,11,2,1,0,0,-1,1,1
19904,19904,1503609746530,-9,-4,-2,-5,-5,-3,1,-5
19905,19905,1503609746538,-3,-6,-1,2,-3,-1,3,2
19906,19906,1503609746560,-9,2,1,-4,0,0,-5,0
19907,19907,1503609746561,-7,-4,-2,0,2,-1,1,2
19908,19908,1503609746569,18,11,8,7,2,2,1,30
19909,19909,1503609746583,-6,-5,-8,-8,-3,1,0,7
19910,19910,1503609746590,5,-4,1,-4,-2,1,0,4
19911,19911,1503609746598,0,2,7,-1,-3,1,1,-8
19912,19912,1503609746612,-16,5,1,5,5,-2,-1,-18
19913,19913,1503609746620,-9,-1,-1,1,-4,-3,-2,-11
19914,19914,1503609746628,6,11,-11,-7,-5,0,-2,-19
19915,19915,1503609746643,-9,16,1,1,-2,0,-1,-10
19916,19916,1503609746650,-5,18,34,11,5,2,3,-9
19917,19917,1503609746658,7,9,5,1,2,0,-2,-3
19918,19918,1503609746674,-7,-12,-12,-1,2,0,0,1
19919,19919,1503609746680,-14,-18,11,0,0,1,-1,-6
19920,19920,1503609746688,9,-21,-3,5,3,-1,0,2
19921,19921,1503609746705,5,-5,-6,1,3,-1,2,8
19922,19922,1503609746710,0,9,-2,-4,-5,-3,-2,1
19923,19923,1503609746718,-3,1,-12,-5,-5,-3,1,0
19924,19924,1503609746732,8,6,9,-1,-6,1,-3,2
19925,19925,1503609746741,3,-22,-6,2,5,-1,-1,-2
19926,19926,1503609746748,25,11,-1,1,1,-1,-2,2
19927,19927,1503609746765,-1,-11,-15,-8,-6,-3,-4,2
19928,19928,1503609746772,-2,-15,0,0,2,2,1,2
19929,19929,1503609746778,-17,-16,-10,-5,-4,-1,2,1
19930,19930,1503609746792,-16,6,2,1,-4,-3,-2,0
19931,19931,1503609746806,7,16,13,7,3,1,-1,-2
19932,19932,1503609746810,-9,-16,-7,-2,-1,-2,-2,-1
19933,19933,1503609746824,12,14,9,2,0,1,0,5
19934,19934,1503609746830,-11,-16,-9,-5,-6,-2,0,-2
19935,19935,1503609746838,-7,6,-3,-2,-3,0,-2,-1
19936,19936,1503609746852,-13,-5,-1,-6,-4,-1,1,3
19937,19937,1503609746870,-27,-40,2,1,0,0,-3,-12
19938,19938,1503609746871,8,-1,-14,-6,-2,-4,-3,-1
19939,19939,1503609746883,7,2,-1,-4,-3,-2,-4,-4
19940,19940,1503609746890,7,-1,4,10,9,5,0,-6
19941,19941,1503609746898,-13,-9,-3,-2,-3,-1,-2,-1
19942,19942,1503609746913,-2,16,1,-11,-7,-4,-1,0
19943,19943,1503609746920,2,2,11,3,5,0,-2,-4
19944,19944,1503609746928,6,-12,-10,-1,-4,-4,-1,-1
19945,19945,1503609746944,2,-1,-11,-15,-8,-2,1,6
19946,19946,1503609746950,5,-3,3,7,5,0,-1,2
19947,19947,1503609746958,-2,-21,7,4,-4,1,1,2
19948,19948,1503609746973,-1,-14,-20,-16,-7,-3,-2,-7
19949,19949,1503609746980,-11,-10,1,9,4,3,0,-8
19950,19950,1503609746988,-3,-2,-7,-7,-7,-3,-1,-4
19951,19951,1503609747004,11,-4,-13,-1,2,2,2,2
19952,19952,1503609747012,-3,-5,6,4,4,0,-4,-6
19953,19953,1503609747018,0,-6,4,1,2,1,-1,5
19954,19954,1503609747033,6,-2,-4,-2,-6,0,1,7
19955,19955,1503609747041,-20,-5,-8,-3,2,-4,-6,-14
19956,19956,1503609747056,3,10,1,7,2,-2,0,-5
19957,19957,1503609747063,-1,21,15,2,-2,-2,-3,-3
19958,19958,1503609747077,-18,-18,7,7,2,3,-1,-5
19959,19959,1503609747079,3,-1,-16,-12,-7,-4,0,0
19960,19960,1503609747093,13,20,8,6,2,0,3,11
19961,19961,1503609747100,13,13,9,-1,-2,0,-4,1
19962,19962,1503609747116,-29,12,-3,-4,0,-1,-1,-5
19963,19963,1503609747123,-14,-19,-6,1,-3,1,3,5
19964,19964,1503609747131,8,-7,-12,-9,-2,-2,-4,-1
19965,19965,1503609747139,10,27,27,7,3,1,1,2
19966,19966,1503609747153,4,6,4,0,2,0,0,0
19967,19967,1503609747161,7,1,-5,4,0,0,0,-3
19968,19968,1503609747176,-2,-7,6,3,-3,-3,-3,-10
19969,19969,1503609747183,-2,-2,-2,-1,-1,-1,0,2
19970,19970,1503609747191,-12,-26,5,5,-2,3,2,4
19971,19971,1503609747198,-11,-4,-5,-2,0,0,1,-1
19972,19972,1503609747215,3,-1,-9,-8,-4,-1,1,4
19973,19973,1503609747220,-5,-13,-10,3,-1,-2,-1,-2
19974,19974,1503609747239,-11,0,2,0,-2,-1,0,-3
19975,19975,1503609747243,2,19,23,8,3,4,1,6
19976,19976,1503609747251,3,7,6,9,10,1,-3,1
19977,19977,1503609747258,10,-16,-15,-11,-4,-4,-2,4
19978,19978,1503609747273,5,3,5,-3,-1,0,1,2
19979,19979,1503609747281,11,1,1,-3,-3,-1,-1,22
19980,19980,1503609747296,-12,-7,-14,-15,-6,-1,0,1
19981,19981,1503609747304,-1,6,23,12,4,4,-1,-4
19982,19982,1503609747311,-4,1,-3,-1,1,-2,-1,-2
19983,19983,1503609747318,-21,-16,-5,-1,2,-1,-4,-12
19984,19984,1503609747333,1,-3,7,6,0,-1,-2,-5
19985,19985,1503609747340,-3,-11,-24,-12,-10,-6,1,-2
19986,19986,1503609747356,12,5,-17,-9,-7,-3,-2,6
19987,19987,1503609747363,2,6,-6,3,3,3,2,-2
19988,19988,1503609747373,5,-8,-11,-4,-3,-1,1,3
19989,19989,1503609747386,-5,-4,-10,-3,-5,-3,-7,-11
19990,19990,1503609747394,7,5,7,5,4,-1,0,-1
19991,19991,1503609747400,5,-1,4,3,3,1,3,3
19992,19992,1503609747416,-5,-6,12,2,1,1,-3,-7
19993,19993,1503609747423,-1,-1,-1,-4,-4,-2,0,0
19994,19994,1503609747431,-5,7,4,8,2,-1,-1,-9
19995,19995,1503609747445,-2,2,-8,-3,-3,-2,-1,1
19996,19996,1503609747453,2,12,12,3,0,0,0,0
19997,19997,1503609747460,4,-12,0,-1,0,-1,0,-6
19998,19998,1503609747476,12,0,-4,-3,-3,-1,1,11
19999,19999,1503609747483,1,1,-3,-3,-1,-3,-3,-3
20000,20000,1503609747491,-9,-1,-3,1,-1,-2,0,-8
20001,20001,1503609747507,11,9,0,-4,-2,-4,3,12
20002,20002,1503609747513,-8,-7,0,-4,-6,0,3,8
20003,20003,1503609747520,8,-9,-14,-3,-1,-1,-2,-5
20004,20004,1503609747536,-3,12,22,8,6,3,5,8
20005,20005,1503609747543,-5,7,-9,-10,-7,-4,0,-5
20006,20006,1503609747551,22,0,-9,-3,-1,-2,-3,3
20007,20007,1503609747565,4,3,17,6,6,5,2,9
20008,20008,1503609747575,-9,14,16,6,3,-2,-2,-7
20009,20009,1503609747580,-5,0,1,0,7,-4,0,-3
20010,20010,1503609747596,3,-4,-12,-6,0,0,-2,0
20011,20011,1503609747604,-8,16,16,4,-3,1,-2,-9
20012,20012,1503609747611,8,-10,-9,-5,-3,-1,-1,13
20013,20013,1503609747625,-23,-11,-2,-1,-2,0,-3,3
20014,20014,1503609747633,25,6,0,3,-5,-1,-2,6
20015,20015,1503609747642,5,-1,-2,-1,1,3,-2,2
20016,20016,1503609747656,-15,-3,7,0,-2,-2,-4,-14
20017,20017,1503609747663,-5,-3,-1,-2,1,-2,-1,-8
20018,20018,1503609747672,0,-8,-19,-12,-7,-4,0,1
20019,20019,1503609747685,-2,-1,6,5,0,0,2,5
20020,20020,1503609747693,-6,-10,1,-6,0,-3,-2,-12
20021,20021,1503609747700,-2,16,14,8,-1,0,-1,-10
20022,20022,1503609747716,0,-2,-8,-5,-1,-1,-4,-14
20023,20023,1503609747723,-7,-3,-10,-8,-3,-3,-4,-32
20024,20024,1503609747731,-3,10,-7,-1,0,1,2,-5
20025,20025,1503609747745,-1,-27,-17,-5,-3,0,-2,6
20026,20026,1503609747753,-7,-31,-10,1,2,1,-3,-6
20027,20027,1503609747760,21,11,-7,-6,-4,-4,-3,10
20028,20028,1503609747776,-9,5,6,2,3,3,5,9
20029,20029,1503609747784,8,-5,6,12,4,2,-2,-3
20030,20030,1503609747791,-1,0,-3,-3,-4,-2,-4,-7
20031,20031,1503609747805,-8,7,0,-3,-1,-1,-4,-20
20032,20032,1503609747813,-8,-1,5,0,-2,-6,-12,-1
20033,20033,1503609747821,3,-10,-7,-2,-1,2,6,18
20034,20034,1503609747836,-14,0,5,-2,-2,0,4,14
20035,20035,1503609747844,18,-3,-1,0,0,-1,-4,2
20036,20036,1503609747851,3,2,3,1,3,3,5,5
20037,20037,1503609747866,-17,-8,-5,-7,-4,-3,0,4
20038,20038,1503609747876,10,24,14,8,3,0,0,-3
20039,20039,1503609747881,-14,-14,-19,-11,-4,-1,-2,-2
20040,20040,1503609747896,-11,-2,15,4,-1,0,3,26
20041,20041,1503609747903,-6,-4,-3,-1,-3,-2,4,14
20042,20042,1503609747912,18,-1,-9,-3,-1,1,-1,-15
20043,20043,1503609747925,14,2,-7,-2,0,-1,2,-3
20044,20044,1503609747933,6,5,0,1,0,-2,1,6
20045,20045,1503609747940,-10,12,13,4,1,-1,-4,-11
20046,20046,1503609747956,-2,-9,-3,1,-1,-1,-2,-1
20047,20047,1503609747963,-5,-8,-6,-2,-2,-1,-2,1
20048,20048,1503609747971,-3,-3,-14,-4,-3,0,0,-1
20049,20049,1503609747986,-12,5,7,3,1,1,-1,-18
20050,20050,1503609747993,-4,-5,-7,-4,-2,-1,-1,-8
20051,20051,1503609748000,-12,-2,1,-5,-4,-3,-3,0
20052,20052,1503609748016,3,11,-3,-2,0,0,-2,-10
20053,20053,1503609748023,-10,-14,-6,-7,-2,-1,0,1
20054,20054,1503609748038,9,-15,7,0,-2,-1,2,10
20055,20055,1503609748046,10,24,23,7,0,3,6,9
20056,20056,1503609748060,-3,-6,-13,-5,-3,-3,-6,-10
20057,20057,1503609748061,9,-12,-9,-2,-1,-3,-4,8
20058,20058,1503609748079,-10,1,13,1,0,-1,1,3
20059,20059,1503609748083,25,8,2,-3,0,-1,1,5
20060,20060,1503609748091,2,15,0,-2,-1,1,-1,-3
20061,20061,1503609748105,-20,-8,1,3,2,-1,-3,-3
20062,20062,1503609748121,-13,0,1,2,0,-1,-3,-13
20063,20063,1503609748136,-5,-9,-10,-4,-3,-2,-1,3
20064,20064,1503609748146,16,-6,-10,-1,0,1,2,7
20065,20065,1503609748151,3,46,40,16,7,4,-1,-4
20066,20066,1503609748165,-8,-9,-20,-9,-5,-2,0,-2
20067,20067,1503609748173,3,-34,-33,-11,-6,-3,0,9
20068,20068,1503609748174,-2,12,6,1,0,1,-2,1
20069,20069,1503609748181,7,16,20,9,4,3,3,2
20070,20070,1503609748196,-3,-23,-13,-4,-3,-5,-2,5
20071,20071,1503609748203,13,26,9,-4,-4,-4,-5,-9
20072,20072,1503609748215,7,-6,-13,0,0,-2,-6,-2
20073,20073,1503609748225,-14,-46,-14,0,0,1,0,1
20074,20074,1503609748233,-2,-12,-7,-6,2,1,3,0
20075,20075,1503609748240,-8,-1,4,8,3,0,-3,-5
20076,20076,1503609748256,-8,-19,-23,-8,-6,-3,0,-3
20077,20077,1503609748263,-2,2,0,0,0,0,1,4
20078,20078,1503609748280,1,-12,-9,-5,-1,-1,4,7
20079,20079,1503609748286,-6,9,-4,0,-2,1,-1,0
20080,20080,1503609748293,-2,6,12,5,1,2,-1,-5
20081,20081,1503609748308,-1,-4,-12,-9,-6,-4,-1,0
20082,20082,1503609748318,3,-7,-6,-5,-1,-1,-2,1
20083,20083,1503609748323,3,8,9,3,2,-1,0,2
20084,20084,1503609748339,-3,0,1,2,0,-2,-3,-5
20085,20085,1503609748347,1,-1,2,-2,-5,-3,-2,-1
20086,20086,1503609748354,6,7,8,-1,0,0,0,-3
20087,20087,1503609748368,-2,2,5,0,-2,-1,1,1
20088,20088,1503609748376,1,2,-7,-2,2,-1,-1,-1
20089,20089,1503609748383,0,-1,1,-1,0,0,-2,-3
20090,20090,1503609748398,-4,-2,-4,-4,-2,-1,1,-3
20091,20091,1503609748405,-4,-7,-9,-4,0,-3,-4,-3
20092,20092,1503609748413,-1,4,5,-5,-2,0,0,5
20093,20093,1503609748428,-1,11,18,13,6,3,-3,-9
20094,20094,1503609748436,1,22,2,2,0,0,-1,0
20095,20095,1503609748443,-6,-1,-6,-6,0,0,0,-3
20096,20096,1503609748458,-1,-2,-1,-1,-2,-1,1,11
20097,20097,1503609748465,6,5,-4,0,-1,0,2,14
20098,20098,1503609748473,-1,-6,-4,-1,-1,-2,0,-2
20099,20099,1503609748488,12,-11,-11,-8,-3,-2,-2,8
20100,20100,1503609748496,-4,21,33,16,5,2,-1,-9
20101,20101,1503609748503,-6,6,7,-3,-2,-2,0,-2
20102,20102,1503609748518,-3,-24,-23,-8,-4,-3,-4,-7
20103,20103,1503609748525,2,4,-2,0,-2,2,2,9
20104,20104,1503609748534,-4,-12,19,18,9,3,-2,-16
20105,20105,1503609748548,-1,-3,6,4,1,-1,-1,-4
20106,20106,1503609748556,2,-8,-11,-8,-6,-2,-1,2
20107,20107,1503609748563,-3,-4,-6,-3,1,1,1,-3
20108,20108,1503609748578,2,-3,-11,-9,-6,-2,1,0
20109,20109,1503609748585,13,12,-2,-1,2,-2,-2,-7
20110,20110,1503609748594,-3,-1,5,2,1,0,1,8
20111,20111,1503609748608,6,-11,-14,-10,-4,-3,-4,-1
20112,20112,1503609748616,-4,-9,-14,-5,-3,-1,-1,0
20113,20113,1503609748623,0,11,4,1,-1,-4,-1,1
20114,20114,1503609748638,-2,30,16,3,1,1,0,-4
20634,20634,1503609753641,-3,-12,-13,-5,-3,-6,-3,1
20635,20635,1503609753651,-20,-21,11,3,-1,-2,-1,-5
20636,20636,1503609753656,-6,-16,-6,-4,-3,-1,-2,-2
20637,20637,1503609753670,5,5,-4,-3,-1,3,0,0
20638,20638,1503609753678,6,3,-3,0,-2,0,-2,1
20639,20639,1503609753685,4,0,-8,-3,0,1,-1,3
20640,20640,1503609753701,-5,2,21,7,0,0,2,2
20641,20641,1503609753707,16,8,10,1,1,-2,0,2
20642,20642,1503609753718,0,8,1,1,-1,1,0,-3
20643,20643,1503609753730,16,-5,-15,-13,-10,-2,-2,-2
20644,20644,1503609753738,7,11,5,3,5,3,1,1
20645,20645,1503609753745,0,11,17,13,7,2,0,-1
20646,20646,1503609753762,-39,-16,-17,-14,-4,-2,-2,-7
20647,20647,1503609753768,-7,-5,-10,-2,1,-3,-1,-1
20648,20648,1503609753775,20,1,7,-4,-4,-4,-3,0
20649,20649,1503609753790,0,-6,-1,-2,-2,0,3,2
20650,20650,1503609753798,4,3,-14,-10,-5,-2,-4,-3
20651,20651,1503609753805,1,12,24,12,-1,-1,-1,-1
20652,20652,1503609753821,-4,-6,-10,-6,-2,0,1,0
20653,20653,1503609753828,-22,-9,-20,-10,-4,-3,1,5
20654,20654,1503609753836,15,6,14,4,1,0,0,1
20655,20655,1503609753852,-2,1,-8,-2,-2,-1,0,0
20656,20656,1503609753858,0,-3,-6,0,0,-1,-2,1
20657,20657,1503609753873,19,11,-1,2,2,-2,-4,-1
20658,20658,1503609753881,-1,-4,1,-1,-4,-2,-1,-2
20659,20659,1503609753888,-11,-9,8,5,3,2,-2,-2
20660,20660,1503609753902,2,0,-4,1,-2,-1,-1,2
20661,20661,1503609753910,-1,-9,-16,-9,-3,-1,0,1
20662,20662,1503609753919,-3,7,0,-2,1,-1,-2,-1
20663,20663,1503609753933,14,13,1,2,1,0,0,-2
20664,20664,1503609753941,-19,-14,-17,-11,-6,-4,-2,-3
20665,20665,1503609753948,15,15,27,9,4,4,0,2
20666,20666,1503609753963,0,-8,-3,1,1,2,0,-1
20667,20667,1503609753970,-35,-23,-4,-2,-5,-1,-6,-10
20668,20668,1503609753978,-8,2,5,-4,0,0,0,-2
20669,20669,1503609753993,4,-6,-6,-5,-2,-4,0,0
20670,20670,1503609754001,8,-4,-1,4,-2,-3,0,-1
20671,20671,1503609754007,-21,-9,-13,-11,-8,-6,-1,-3
20672,20672,1503609754023,4,20,26,11,5,2,0,0
20673,20673,1503609754030,2,-3,-6,-1,-2,-1,0,-1
20674,20674,1503609754038,11,-6,-14,-7,-5,-4,-3,-1
20675,20675,1503609754053,8,9,23,6,2,1,1,-2
20676,20676,1503609754061,-6,-4,10,6,4,-1,0,0
20677,20677,1503609754068,13,-4,-15,-8,-2,-1,-2,0
20678,20678,1503609754083,-14,-8,-11,0,1,1,-1,-2
20679,20679,1503609754090,7,12,5,8,4,1,0,5
20680,20680,1503609754098,3,-4,-13,-7,-6,-2,-2,-3
20681,20681,1503609754113,2,12,19,10,5,2,-3,0
20682,20682,1503609754122,-2,17,16,6,2,1,1,-3
20683,20683,1503609754128,-18,-28,-22,-14,-8,-3,-2,-4
20684,20684,1503609754142,-7,-2,2,2,2,1,1,-2
20685,20685,1503609754150,-12,-2,5,3,1,2,0,-3
20686,20686,1503609754158,10,-8,-11,-6,-4,-1,0,2
20687,20687,1503609754172,-35,-14,0,3,1,-1,-2,-4
20688,20688,1503609754173,6,6,3,-5,-3,-4,-1,-1
20689,20689,1503609754181,26,5,-6,-1,-2,0,1,2
20690,20690,1503609754188,-8,1,9,0,0,1,1,1
20691,20691,1503609754202,4,2,1,0,3,0,-1,0
20692,20692,1503609754203,-9,-9,-8,-11,-4,-2,-2,1
20693,20693,1503609754210,-4,1,-6,2,-1,-2,0,-4
20694,20694,1503609754218,2,8,2,4,2,-1,-1,1
20695,20695,1503609754233,1,-1,-21,-10,-5,-1,-1,0
20696,20696,1503609754241,-14,-1,15,3,-2,0,-3,-8
20697,20697,1503609754247,18,-3,-9,-4,-3,-2,1,0
20698,20698,1503609754263,5,5,-3,3,3,4,1,7
20699,20699,1503609754270,2,0,-1,-5,-5,-4,-3,-1
20700,20700,1503609754278,5,14,32,11,2,-1,0,3
20701,20701,1503609754293,-8,-3,-5,1,1,2,1,1
20702,20702,1503609754301,5,15,-2,5,1,3,2,1
20703,20703,1503609754307,-6,-9,-11,-7,-3,-10,-5,-1
20704,20704,1503609754323,5,-12,-20,-11,-7,-3,-5,-2
20705,20705,1503609754330,-7,3,11,4,0,4,2,1
20706,20706,1503609754338,-17,-6,-7,-8,-5,-2,0,-8
20707,20707,1503609754355,4,3,-10,-7,-7,-4,-3,2
20708,20708,1503609754356,3,-6,-9,1,6,3,-1,-6
20709,20709,1503609754362,-2,-3,9,9,8,0,-1,0
20710,20710,1503609754367,28,12,-1,-5,-3,0,-3,2
20711,20711,1503609754384,-10,0,17,4,0,-1,0,-4
20712,20712,1503609754390,-23,-14,-1,0,-2,-1,1,0
20713,20713,1503609754398,-4,-6,-7,0,1,0,0,1
20714,20714,1503609754413,6,4,15,12,0,-1,-2,1
20715,20715,1503609754422,-11,-14,-10,-10,-3,-2,-2,0
20716,20716,1503609754428,-6,-11,-34,-12,-3,-3,-1,-2
20717,20717,1503609754443,14,13,15,10,5,2,1,3
20718,20718,1503609754450,3,4,-7,-6,-2,-2,1,5
20719,20719,1503609754466,-15,-12,-13,-4,-3,-4,-4,-7
20720,20720,1503609754472,1,15,18,1,-1,-2,0,-1
20721,20721,1503609754481,14,-4,-14,-6,-6,-1,0,1
20722,20722,1503609754490,-7,1,-1,-3,-2,0,-1,-3
20723,20723,1503609754502,-3,2,10,9,8,0,-3,-4
20724,20724,1503609754503,2,3,6,2,-1,0,-1,-1
20725,20725,1503609754510,5,-2,-10,-3,-2,1,0,5
20726,20726,1503609754518,-13,-8,-12,-1,4,1,5,-2
20727,20727,1503609754533,-5,-8,7,1,-3,-3,-2,-7
20728,20728,1503609754540,-11,-13,-35,-15,-11,-3,3,0
20729,20729,1503609754541,16,4,22,10,6,0,-3,1
20730,20730,1503609754550,-20,-4,-3,5,4,0,0,-3
20731,20731,1503609754563,-16,-19,-34,-21,-13,-6,-7,-5
21284,21284,1503609759917,-6,-10,-12,-12,-3,-3,-1,0
21285,21285,1503609759927,3,5,1,2,1,0,-1,4
21286,21286,1503609759932,-5,-6,-4,4,0,-1,-2,1
21287,21287,1503609759947,4,2,2,-1,-2,-2,-4,-6
21288,21288,1503609759955,11,20,10,1,-2,-2,-3,2
21289,21289,1503609759963,-1,6,3,-3,-2,-1,0,-2
21290,21290,1503609759977,-1,-2,1,3,6,2,1,0
21291,21291,1503609759985,8,5,1,0,0,0,0,4
21292,21292,1503609759995,-2,6,-3,-2,-2,-2,-1,-1
21293,21293,1503609760008,-7,-1,-2,-2,-1,-2,-2,-6
21294,21294,1503609760015,-15,2,-7,-5,-8,-4,-6,-6
21295,21295,1503609760023,-8,-18,-5,-1,0,1,2,-1
21296,21296,1503609760037,-1,-9,-4,0,-2,0,-3,-2
21297,21297,1503609760045,3,6,-3,1,0,2,0,-4
21298,21298,1503609760052,1,3,3,-3,-2,0,1,2
21299,21299,1503609760067,-5,-6,-7,-3,-2,-3,-2,-6
21300,21300,1503609760075,9,7,-5,-4,-1,-2,-2,1
21301,21301,1503609760083,-2,-14,-10,0,-1,1,2,1
21302,21302,1503609760098,-1,11,10,4,2,0,2,-1
21303,21303,1503609760105,1,15,3,1,-1,0,0,5
21304,21304,1503609760112,-3,-7,-3,1,0,0,-1,1
21305,21305,1503609760128,-5,2,2,2,-1,-2,-1,-5
21306,21306,1503609760135,1,-5,3,-4,-2,-1,1,-1
21307,21307,1503609760143,22,11,-6,-5,-1,-2,-5,-7
21308,21308,1503609760157,-3,-6,0,0,1,-2,-4,-4
21309,21309,1503609760165,-28,-4,3,-1,0,-2,-5,-11
21310,21310,1503609760172,-4,-7,-3,-4,1,1,-1,-1
21311,21311,1503609760187,6,-4,5,5,3,0,0,-2
21312,21312,1503609760195,-12,-19,-8,-1,-3,-1,-2,-8
21313,21313,1503609760203,-7,-3,1,4,2,0,-2,-1
21314,21314,1503609760217,7,5,1,2,-1,-1,-1,-2
21315,21315,1503609760225,-1,0,6,-3,-3,0,-1,2
21316,21316,1503609760232,5,-3,0,5,2,-1,1,-1
21317,21317,1503609760247,-1,-6,-5,-3,-3,0,0,-3
21318,21318,1503609760255,2,-2,-7,-2,-2,-4,-1,8
21319,21319,1503609760263,2,4,9,3,1,-1,0,4
21320,21320,1503609760277,2,-1,-2,-2,-5,-2,0,2
21321,21321,1503609760285,-2,-3,-5,-6,-3,-1,-3,-3
21322,21322,1503609760292,1,2,5,-1,4,1,0,4
21323,21323,1503609760307,3,3,-9,-7,-5,-4,0,3
21324,21324,1503609760315,-16,14,10,1,1,1,0,-4
21325,21325,1503609760323,-11,-13,-4,-2,1,-1,-1,-4
21326,21326,1503609760338,0,-13,-1,3,4,3,3,2
21327,21327,1503609760345,-3,-3,12,3,-1,2,0,0
21328,21328,1503609760352,-6,-8,-17,-12,-7,-2,-1,3
21329,21329,1503609760367,14,16,15,11,4,0,0,4
21330,21330,1503609760375,-10,-2,-14,-9,-4,-3,-3,-10
21331,21331,1503609760390,-4,-1,4,2,-2,-1,-3,-13
21332,21332,1503609760398,9,-2,-2,1,-2,0,0,-6
21333,21333,1503609760406,-3,10,-11,-5,0,-5,-7,-9
21334,21334,1503609760419,3,29,21,7,4,2,2,-6
21335,21335,1503609760427,1,0,-1,-4,-3,2,4,4
21336,21336,1503609760435,12,-6,-2,-1,-5,-1,-1,13
21337,21337,1503609760450,-1,-6,0,-1,0,-2,-1,4
21338,21338,1503609760457,11,7,-5,-7,-8,-2,-1,0
21339,21339,1503609760466,-7,-11,-14,-13,-10,0,-2,-4
21340,21340,1503609760479,13,-7,7,-2,-1,-3,-3,0
21341,21341,1503609760487,13,24,23,15,6,4,-1,-4
21342,21342,1503609760495,-14,-2,-8,-1,-1,1,0,2
21343,21343,1503609760510,11,-11,-9,-2,-1,1,6,-3
21344,21344,1503609760517,-18,-12,-3,-1,-2,-3,-1,-1
21345,21345,1503609760525,-5,-8,-10,-4,2,2,6,13
21346,21346,1503609760540,-18,-11,7,3,2,-2,-2,-8
21347,21347,1503609760547,-5,1,-2,0,-2,-3,-4,-2
21348,21348,1503609760555,-6,-14,-15,-7,-3,0,1,-3
21349,21349,1503609760570,-38,-17,-17,-10,-8,-5,-11,-14
21350,21350,1503609760577,15,-7,1,3,-1,0,-2,2
21351,21351,1503609760585,-3,-3,-11,-8,-3,1,4,5
21352,21352,1503609760601,-15,6,-6,0,0,-3,-5,-11
21353,21353,1503609760607,7,14,7,6,1,-2,1,3
21354,21354,1503609760615,-23,-18,-10,-1,2,1,1,0
21884,21884,1503609765692,-8,-12,-15,-7,-3,2,5,-7
21885,21885,1503609765701,8,10,7,2,-2,0,-5,2
21886,21886,1503609765707,8,0,-3,0,-4,-1,-4,-1
21887,21887,1503609765722,1,3,3,3,-2,-2,-7,-7
21888,21888,1503609765723,4,5,3,9,14,3,5,6
21889,21889,1503609765740,-2,0,-2,1,0,-5,-7,-2
21890,21890,1503609765752,0,-2,-2,-3,-1,0,-3,-3
21891,21891,1503609765760,-5,16,14,1,-3,-1,-7,-30
21892,21892,1503609765770,-10,-13,-7,-5,-5,-1,-2,-5
21893,21893,1503609765781,-4,-10,-7,1,0,-2,-4,-8
21894,21894,1503609765790,5,-2,2,1,1,0,5,7
21895,21895,1503609765797,-9,-13,-19,-11,-7,-4,6,6
21896,21896,1503609765812,-9,-4,-18,-8,-3,-3,-2,12
21897,21897,1503609765819,11,3,4,1,-2,0,3,15
21898,21898,1503609765827,2,3,-2,1,-1,-3,-7,-9
21899,21899,1503609765843,16,4,-1,-6,-3,1,4,22
21900,21900,1503609765850,13,9,9,-1,2,-1,-6,11
21901,21901,1503609765857,-27,-9,-5,-3,0,2,2,-9
21902,21902,1503609765858,-1,-9,-4,0,-1,-1,-6,-13
21903,21903,1503609765873,-1,1,-1,2,1,-2,-3,1
21904,21904,1503609765880,3,-8,-1,1,-1,0,-1,19
21905,21905,1503609765887,23,-2,-4,-4,-2,1,5,43
21906,21906,1503609765910,-6,34,1,-5,-6,-4,-11,-18
21907,21907,1503609765911,7,9,10,1,2,3,4,28
21908,21908,1503609765917,1,-25,-11,-2,1,1,1,19
21909,21909,1503609765932,-31,-6,4,4,2,-6,-12,-27
21910,21910,1503609765941,-20,6,10,2,-1,-1,1,-2
21911,21911,1503609765947,-19,-13,-11,-6,-5,-5,-7,-33
21912,21912,1503609765962,-12,8,16,5,2,0,-5,-17
21913,21913,1503609765973,12,-3,-4,0,2,4,9,12
21914,21914,1503609765978,-43,-29,-7,-4,0,-1,-2,-8
21915,21915,1503609765993,6,11,19,10,4,1,-4,-2
21916,21916,1503609766002,4,1,0,3,0,0,3,-1
21917,21917,1503609766015,15,-4,-15,-4,-2,-2,4,2
21918,21918,1503609766022,14,9,0,5,1,0,-5,-10
21919,21919,1503609766030,-20,-42,-6,-4,-4,-4,-5,-5
21920,21920,1503609766046,4,11,-5,-7,-3,-4,-3,-8
21921,21921,1503609766052,-14,-1,1,-3,-2,0,-1,-26
21922,21922,1503609766059,17,-9,-9,-8,-5,-1,0,10
21923,21923,1503609766075,-6,7,6,6,3,3,3,-2
21924,21924,1503609766082,11,1,-7,-4,-1,-2,0,4
21925,21925,1503609766090,16,4,-12,-1,-1,-1,1,3
21926,21926,1503609766105,-37,-31,-11,-6,-4,-2,4,9
21927,21927,1503609766113,7,-9,-11,-4,-2,2,-1,-4
21928,21928,1503609766119,6,13,1,-1,-4,-3,1,-3
21929,21929,1503609766136,-5,21,1,-4,-4,-1,1,-15
21930,21930,1503609766142,2,16,23,6,3,2,-1,-23
21931,21931,1503609766150,-2,4,0,2,0,1,-5,-5
21932,21932,1503609766164,16,10,1,0,0,-4,-5,-2
21933,21933,1503609766173,-31,-12,-4,-1,0,-1,-5,-4
21934,21934,1503609766180,0,-20,-2,5,2,2,0,4
21935,21935,1503609766194,2,-32,6,2,1,2,1,17
21936,21936,1503609766204,7,-2,-2,0,-3,-4,-5,-5
21937,21937,1503609766211,-2,16,8,1,-1,0,2,-3
21938,21938,1503609766224,-2,-9,-6,-2,-4,-4,0,6
21939,21939,1503609766232,3,14,6,3,6,-1,-1,-2
21940,21940,1503609766240,4,7,-4,-3,0,-1,-2,2
21941,21941,1503609766254,5,-1,-8,-5,-5,-3,0,-6
21942,21942,1503609766262,3,50,14,3,5,4,3,1
21943,21943,1503609766272,5,8,8,5,2,0,3,-6
21944,21944,1503609766284,-8,-6,-14,-9,-6,-3,-3,-3
21945,21945,1503609766292,3,19,2,-3,-1,-1,0,9
21946,21946,1503609766300,-1,-5,-2,-2,-1,0,4,0
21947,21947,1503609766314,-2,-17,-12,-5,-6,-3,0,3
21948,21948,1503609766322,6,-6,-1,-2,-2,1,-4,-8
21949,21949,1503609766330,10,-5,-3,-2,-1,-1,-5,-5
21950,21950,1503609766344,8,-4,5,3,0,0,-1,2
21951,21951,1503609766352,7,5,-1,-1,-1,0,2,3
21952,21952,1503609766359,-3,-14,-2,1,0,-2,-1,-6
21953,21953,1503609766375,-5,4,-1,-1,-2,-1,0,0
21954,21954,1503609766383,-5,-2,3,0,0,1,-1,0
21955,21955,1503609766390,-8,-10,-4,0,-4,0,0,0
21956,21956,1503609766406,-11,-1,-1,1,2,-4,-7,-3
21957,21957,1503609766412,-3,5,0,-10,-7,-3,-5,-8
21958,21958,1503609766420,4,11,15,3,3,1,3,4
21959,21959,1503609766435,-13,2,4,5,2,-1,-6,-18
21960,21960,1503609766443,-18,-4,-20,-15,-11,-6,-1,1
21961,21961,1503609766450,-1,-8,13,5,5,1,-2,-6
21962,21962,1503609766464,-4,-35,-14,-1,-2,2,4,9
21963,21963,1503609766473,-7,-9,-16,-6,-4,-3,-2,4
21964,21964,1503609766481,4,-12,-9,-1,-1,0,1,5
21965,21965,1503609766495,-3,0,-2,0,1,-1,0,-3
21966,21966,1503609766502,-5,-3,0,-1,0,1,0,2
21967,21967,1503609766511,9,-1,-4,-1,-4,0,2,10
21968,21968,1503609766524,-2,6,6,2,0,-1,0,-5
21969,21969,1503609766532,5,0,3,-5,-1,-1,2,8
21970,21970,1503609766540,-8,-11,1,1,0,-2,-6,-4
21971,21971,1503609766554,-9,4,4,0,-3,-1,1,2
21972,21972,1503609766555,-4,-12,-9,-4,-1,1,1,2
21973,21973,1503609766562,27,10,-1,2,1,2,1,8
21974,21974,1503609766570,-5,-10,-1,5,7,2,1,1
21975,21975,1503609766584,-1,4,-4,-2,1,2,-2,-13
21976,21976,1503609766592,-1,10,13,7,2,0,-2,-6
21977,21977,1503609766600,-6,-6,-12,-6,-5,-3,-1,-3
21978,21978,1503609766615,5,12,-2,0,-3,-3,-3,1
21979,21979,1503609766622,7,4,9,0,1,1,-2,-1
21980,21980,1503609766630,12,7,13,2,-1,-1,2,6
21981,21981,1503609766644,3,7,17,5,2,-2,3,5
21982,21982,1503609766652,-1,2,-6,-3,-2,-1,-3,-5
21983,21983,1503609766659,-7,-16,-17,-11,-16,-7,-3,-4
21984,21984,1503609766674,0,-12,-12,-5,1,0,-3,-7
21985,21985,1503609766675,-9,-2,-4,3,4,0,3,4
21986,21986,1503609766683,-8,-18,-7,1,1,-1,1,2
21987,21987,1503609766690,2,3,3,-2,-2,-2,-4,-5
21988,21988,1503609766704,-14,26,15,6,3,-1,0,-5
21989,21989,1503609766712,0,-28,-20,-8,-5,0,0,0
21990,21990,1503609766719,14,25,32,7,2,3,-4,0
21991,21991,1503609766734,28,15,-4,-4,-2,-1,-1,-2
21992,21992,1503609766743,-6,14,-9,-1,2,0,-1,2
21993,21993,1503609766750,3,0,16,1,-3,-1,1,6
21994,21994,1503609766764,-9,-19,-11,-1,3,2,0,-1
21995,21995,1503609766773,-9,3,-2,-1,-2,2,0,-1
21996,21996,1503609766780,-5,-11,-13,-10,-7,-4,-2,0
21997,21997,1503609766794,1,3,12,7,1,2,5,2
21998,21998,1503609766802,-17,-8,14,4,0,1,-2,-10
21999,21999,1503609766817,-10,-12,-12,-7,-2,-5,-4,-3
22000,22000,1503609766824,20,4,-5,-5,-2,0,1,5
22001,22001,1503609766832,-21,-21,-18,-9,-2,-3,-5,-9
22002,22002,1503609766842,24,15,-8,-3,1,1,5,11
22003,22003,1503609766854,4,-3,-13,-5,-4,-3,-2,-4
22004,22004,1503609766862,-1,-6,-8,5,5,-1,-2,0
22005,22005,1503609766870,0,11,2,3,-4,0,-2,3
22006,22006,1503609766884,8,12,1,3,7,1,3,-1
22007,22007,1503609766892,-15,9,14,7,5,-1,-3,-10
22008,22008,1503609766899,-16,-14,-8,0,-3,-2,-6,-15
22009,22009,1503609766914,-15,-16,-8,-5,-2,-1,-4,-7
22010,22010,1503609766922,0,7,3,0,0,-1,-3,0
22011,22011,1503609766937,-6,-15,-11,-9,-4,-2,1,-4
22012,22012,1503609766944,-32,-11,-11,-3,-2,-3,-2,2
22013,22013,1503609766953,5,10,19,11,3,1,-1,1
22014,22014,1503609766966,11,2,7,4,-2,-2,-1,6
22015,22015,1503609766976,4,7,-2,1,1,-2,2,1
22016,22016,1503609766982,1,8,11,-5,-4,1,2,1
22017,22017,1503609766997,13,9,9,5,3,1,-1,2
22018,22018,1503609767004,14,-4,-15,-8,-4,0,2,8
22019,22019,1503609767013,-2,4,2,1,-3,1,4,4
22020,22020,1503609767026,-10,-6,-2,-5,-4,-3,-4,-8
22021,22021,1503609767034,5,2,-1,2,1,2,-5,1
22022,22022,1503609767044,-17,8,9,2,-3,-2,0,-7
22023,22023,1503609767057,-7,-10,-12,-10,-4,-2,0,-1
22024,22024,1503609767064,28,13,4,4,1,4,0,-1
22025,22025,1503609767072,-10,-10,-19,-9,-2,0,2,0
22026,22026,1503609767086,-2,-3,3,0,-2,-1,0,-2
22027,22027,1503609767087,6,11,4,0,1,1,1,7
22028,22028,1503609767094,0,12,12,7,1,-3,-3,0
22029,22029,1503609767102,-8,-11,-7,-2,-1,-1,0,-4
22030,22030,1503609767117,-10,0,3,0,-2,-2,-2,-6
22031,22031,1503609767124,10,-18,-10,-2,-3,-2,-1,0
22032,22032,1503609767132,-2,-3,1,-1,0,-3,-2,6
22033,22033,1503609767147,42,2,-3,8,0,-2,-5,0
22034,22034,1503609767155,3,4,-1,0,-5,0,0,-1
22035,22035,1503609767162,-16,-7,11,7,1,-2,-4,-8
22036,22036,1503609767178,4,27,7,-3,0,-2,2,1
22037,22037,1503609767184,-23,-26,-25,-20,-13,-3,2,0
22038,22038,1503609767192,8,3,27,15,10,7,7,-1
22039,22039,1503609767206,6,2,1,-1,-1,2,3,0
22040,22040,1503609767215,18,-4,-9,-11,-4,-4,-5,-4
22041,22041,1503609767222,-11,-9,5,1,-3,-1,4,-2
22042,22042,1503609767237,3,-6,-12,-4,0,1,-1,0
22043,22043,1503609767247,-17,-4,-4,-3,2,-2,-4,-6
22044,22044,1503609767253,12,20,6,1,1,3,2,7
22045,22045,1503609767266,21,-6,0,2,-1,-2,-1,7
22046,22046,1503609767274,-17,-16,-9,-3,2,-2,-1,-2
22047,22047,1503609767284,0,16,13,7,4,3,0,2
22048,22048,1503609767297,1,-7,-6,1,2,-1,-4,-5
22049,22049,1503609767304,-19,-4,-7,-5,-4,-4,-7,-9
22050,22050,1503609767313,9,-2,-17,-11,-6,-3,-3,-2
22051,22051,1503609767326,-5,-4,8,-2,0,2,0,1
22334,22334,1503609770073,-2,21,9,0,1,-2,-2,-2
22335,22335,1503609770079,11,-3,-32,-17,-4,1,2,10
22336,22336,1503609770094,-13,9,9,-2,-2,0,0,-7
22337,22337,1503609770102,-3,8,8,3,0,-1,-3,1
22338,22338,1503609770110,0,-7,-10,4,-2,-1,2,11
22339,22339,1503609770124,-6,-4,3,2,2,0,4,-6
22340,22340,1503609770134,-13,-17,1,-1,-2,-2,-3,-13
22341,22341,1503609770140,11,25,20,8,2,1,2,2
22342,22342,1503609770154,6,7,10,4,5,2,1,9
22343,22343,1503609770162,9,-1,1,-2,2,2,-2,2
22344,22344,1503609770170,30,4,1,-4,-4,-1,6,28
22345,22345,1503609770184,22,2,-17,-8,-5,-6,-7,3
22346,22346,1503609770192,9,31,34,13,9,5,7,5
22347,22347,1503609770200,0,-4,2,7,3,-1,-2,5
22348,22348,1503609770214,-12,-17,-24,-14,-6,-4,-7,-24
22349,22349,1503609770222,-7,8,4,1,-1,-1,-2,-2
22350,22350,1503609770232,-9,-7,-10,1,-3,2,-2,-3
22351,22351,1503609770244,-11,-26,-3,1,-1,0,-1,0
22352,22352,1503609770252,1,6,13,-5,-3,-2,-7,-4
22353,22353,1503609770259,-11,16,14,1,-3,-3,-3,-14
22354,22354,1503609770274,-4,-11,-6,-1,-2,-1,1,10
22355,22355,1503609770282,2,-5,-12,-4,-1,0,1,0
22356,22356,1503609770290,-6,0,-7,-3,2,-4,-8,-11
22357,22357,1503609770305,-9,-9,-10,-6,-5,-1,3,9
22358,22358,1503609770312,-7,-13,5,1,-1,0,-2,-16
22359,22359,1503609770319,-5,-2,8,5,3,1,2,-7
22360,22360,1503609770335,9,8,-6,-1,0,-1,0,5
22361,22361,1503609770349,-9,9,5,-1,-3,0,-1,6
22362,22362,1503609770351,-17,-10,-4,4,0,-1,-4,-21
22363,22363,1503609770367,-6,-35,-45,-16,-6,-5,-5,-9
22364,22364,1503609770373,19,18,15,11,4,2,7,15
22365,22365,1503609770379,45,14,7,1,-1,0,-5,2
22366,22366,1503609770394,-3,-9,-7,1,1,0,-1,-2
22367,22367,1503609770403,-4,-3,-8,-3,-4,-4,-6,-22
22368,22368,1503609770410,1,-3,-5,-1,0,1,4,9
22369,22369,1503609770424,14,-3,7,7,6,4,4,5
22370,22370,1503609770434,-13,-7,7,-4,-3,-2,-3,-8
22371,22371,1503609770441,-14,-4,8,-3,-4,-1,-2,-9
22372,22372,1503609770454,7,14,8,0,3,1,2,14
22373,22373,1503609770462,-3,-5,-12,-6,1,0,4,13
22374,22374,1503609770470,25,39,9,-1,-3,-2,-5,-5
22375,22375,1503609770484,-8,18,11,3,1,-1,-3,-6
22376,22376,1503609770492,10,-5,-14,-4,0,4,5,2
22377,22377,1503609770501,-8,-9,3,7,7,3,2,13
22378,22378,1503609770514,-1,-10,-2,1,-3,-1,1,8
22379,22379,1503609770522,-16,-15,-10,-3,-2,-2,-1,0
22380,22380,1503609770530,-6,10,6,2,1,0,3,1
22381,22381,1503609770544,1,-5,-2,-5,-3,-2,2,9
22382,22382,1503609770552,-27,-10,2,6,0,0,-3,-8
22383,22383,1503609770559,-8,14,8,0,-4,0,-1,-3
22384,22384,1503609770576,-4,-14,-14,-3,-3,-4,-6,-4
22385,22385,1503609770582,-5,-1,2,-1,0,0,0,-13
22386,22386,1503609770590,-9,-9,-12,-7,-4,-1,-3,4
22387,22387,1503609770605,8,-10,-1,3,-1,1,1,-4
22388,22388,1503609770612,-6,-2,0,-3,0,-3,-1,0
22389,22389,1503609770619,-11,-7,-1,0,2,-2,-6,3
22390,22390,1503609770635,9,-1,10,-2,2,-1,0,0
22391,22391,1503609770643,5,-11,-15,-10,-6,-3,0,0
22392,22392,1503609770657,-6,-2,14,2,1,-1,-2,-9
22393,22393,1503609770664,1,19,6,1,-1,1,-4,-7
22394,22394,1503609770673,3,-9,-17,-4,0,0,4,9
22395,22395,1503609770686,3,4,1,2,3,1,1,-4
22396,22396,1503609770694,5,-1,-3,-1,-4,-1,2,9
22397,22397,1503609770702,-3,0,2,1,-1,1,1,4
22398,22398,1503609770717,-3,6,0,1,0,1,-3,-8
22399,22399,1503609770724,-4,0,-1,-1,-1,-1,-1,6
22400,22400,1503609770732,4,-11,-12,-9,-3,-1,-1,1
22401,22401,1503609770746,0,-3,6,4,2,-1,1,2
22402,22402,1503609770754,2,10,-5,-4,-2,-1,-3,-6
22403,22403,1503609770762,1,-7,-3,1,1,1,0,4
22404,22404,1503609770778,-2,-12,2,5,2,0,0,-11
22405,22405,1503609770784,-1,2,-2,-4,-4,-1,1,14
22406,22406,1503609770792,0,16,2,0,-2,-2,0,0
22407,22407,1503609770806,-3,0,12,6,3,0,1,-4
22408,22408,1503609770814,0,-9,-8,-7,-2,-3,-3,-1
22409,22409,1503609770822,7,6,-3,0,1,-1,4,0
22410,22410,1503609770837,2,-4,-8,-4,0,-1,1,3
22411,22411,1503609770846,10,10,16,11,6,1,0,-6
22412,22412,1503609770853,-3,4,8,3,-1,-1,-3,2
22413,22413,1503609770866,-17,-13,-31,-19,-6,-2,-2,-1
22414,22414,1503609770875,6,6,23,9,2,4,2,8
22415,22415,1503609770882,16,5,1,-3,-6,-3,0,15
22416,22416,1503609770897,0,-4,-11,-8,-5,-3,-6,-17
22417,22417,1503609770905,0,-6,-1,4,-1,-3,-1,-3
22418,22418,1503609770913,1,-1,-5,3,2,-1,1,1
22419,22419,1503609770926,-3,34,22,7,3,0,1,-6
22420,22420,1503609770934,5,-8,-10,-3,-4,-1,-3,0
22421,22421,1503609770943,14,6,11,3,-2,0,-3,-8
22422,22422,1503609770957,7,0,9,6,1,-1,-2,-5
22423,22423,1503609770964,-1,-17,-11,-1,-3,-2,0,1
22424,22424,1503609770972,5,4,3,-3,-2,0,4,17
22425,22425,1503609770986,-13,-19,0,0,-1,0,-4,-15
22426,22426,1503609770994,-9,-3,-5,-4,0,0,-3,-12
22427,22427,1503609771003,-22,4,-8,-9,-7,-5,-6,-7
22428,22428,1503609771017,1,9,24,14,8,3,1,0
22429,22429,1503609771024,-2,-34,-8,3,2,-2,-11,-28
22430,22430,1503609771032,-13,-19,-36,-24,-10,-6,-1,8
22431,22431,1503609771046,20,10,15,9,5,1,2,7
22432,22432,1503609771054,2,-1,-2,2,1,-1,-2,-14
22433,22433,1503609771061,-9,-7,-13,-5,-3,-1,3,4
22434,22434,1503609771077,-2,-5,-5,-3,-1,-3,-3,-3
22435,22435,1503609771084,8,0,-4,-2,1,2,2,26
22436,22436,1503609771100,-5,11,6,-3,-3,-1,0,-9
22437,22437,1503609771106,-6,8,8,6,2,0,0,-4
22438,22438,1503609771115,17,-12,-7,-2,-2,-3,0,3
22439,22439,1503609771122,3,-7,-12,-6,-3,-1,-4,-4
22440,22440,1503609771138,-7,-2,0,3,-2,1,1,-3
22441,22441,1503609771145,2,-1,2,-1,1,1,2,8
22442,22442,1503609771153,2,9,11,4,3,0,-1,3
22443,22443,1503609771166,9,3,-6,-5,-3,-4,-3,-1
22444,22444,1503609771174,-10,-5,-6,-2,0,2,1,2
22445,22445,1503609771182,-5,12,9,5,1,0,0,-2
22446,22446,1503609771206,-15,-36,-7,-6,-3,-2,-1,-8
22447,22447,1503609771213,-1,-2,-1,-4,1,0,3,8
22448,22448,1503609771226,-2,-1,-8,-9,-6,0,1,1
22449,22449,1503609771234,9,9,3,4,-2,-1,0,7
22450,22450,1503609771244,-10,8,4,3,2,-2,-1,-4
22451,22451,1503609771257,-8,-17,-10,2,-4,-6,-5,-10
22452,22452,1503609771264,1,18,8,-1,0,1,0,2
22453,22453,1503609771275,9,20,19,6,3,2,2,6
22454,22454,1503609771288,-9,-5,-7,-3,-3,-1,0,-5
22455,22455,1503609771294,3,6,7,2,1,1,0,3
22456,22456,1503609771302,12,0,-5,-2,0,-1,0,0
22457,22457,1503609771317,-8,-36,-21,-13,-6,-4,-1,-1
22458,22458,1503609771324,-2,18,23,9,6,2,4,1
22459,22459,1503609771332,-4,-2,-3,-2,-1,-2,-3,-8
22460,22460,1503609771346,0,-9,-11,-1,-1,-2,2,1
22461,22461,1503609771354,-7,2,-4,-2,-1,-1,0,1
22462,22462,1503609771362,9,1,0,-1,-1,-1,-3,1
22463,22463,1503609771377,0,-1,-3,3,-1,-2,-1,-3
22464,22464,1503609771384,-17,-8,-9,-9,0,-1,-3,-5
22465,22465,1503609771392,-1,5,7,2,2,1,-2,-1
22466,22466,1503609771407,-6,-1,0,-2,-1,-2,-2,0
22467,22467,1503609771408,-1,-7,-5,-3,-2,-1,-1,-2
22468,22468,1503609771416,5,4,-6,-3,-1,0,-3,-3
22469,22469,1503609771422,6,1,1,0,-1,1,2,24
22470,22470,1503609771437,9,11,3,0,-1,-1,2,9
22471,22471,1503609771444,0,-3,-7,-4,-3,-2,-2,-7
22472,22472,1503609771453,-14,-9,-1,0,-3,-2,0,2
22473,22473,1503609771467,20,8,3,-1,-3,-2,-1,6
22474,22474,1503609771477,13,7,0,4,4,0,1,7
22475,22475,1503609771482,5,8,2,-1,2,0,-2,-13
22476,22476,1503609771483,-15,-25,-10,0,-1,-2,-3,-4
22477,22477,1503609771497,-9,-9,-5,-1,-4,-2,-1,-2
22478,22478,1503609771504,-8,-2,8,1,0,-1,3,-13
22479,22479,1503609771520,-24,-8,-10,-6,-4,-2,-1,-8
22480,22480,1503609771527,-8,12,2,-4,-3,-2,-5,-6
22481,22481,1503609771535,-1,-3,2,5,4,-2,-2,-4
22482,22482,1503609771544,-1,3,-3,1,4,-1,1,-3
22483,22483,1503609771557,-1,1,-1,-1,1,-1,-4,2
22484,22484,1503609771565,11,14,13,12,5,-1,0,3
22485,22485,1503609771575,8,-2,3,-2,0,0,-1,-4
22486,22486,1503609771587,-3,-10,-16,-7,-5,-2,-1,-6
22487,22487,1503609771595,32,15,21,9,3,1,1,3
22488,22488,1503609771612,-1,-3,-1,-1,-4,-2,-4,-8
22489,22489,1503609771617,-5,10,-5,-3,-3,-1,-1,-2
22490,22490,1503609771624,-6,-7,-8,-5,0,1,3,8
22491,22491,1503609771641,-7,-7,-2,-2,-2,-1,3,1
22492,22492,1503609771647,-19,-8,-9,-5,-3,-5,-2,-7
22493,22493,1503609771655,-6,-6,1,3,0,0,-2,-7
22494,22494,1503609771669,18,7,-6,-3,-1,1,3,9
22495,22495,1503609771677,-4,12,7,2,0,-2,-1,1
22496,22496,1503609771684,-3,0,8,3,3,1,-2,-4
22497,22497,1503609771699,-11,-14,5,-2,0,-2,2,-3
22498,22498,1503609771710,-8,-38,-10,-9,-6,-3,-3,-6
22499,22499,1503609771715,-1,4,-15,-6,0,3,1,0
22500,22500,1503609771729,4,-3,2,1,-2,0,1,-2
22501,22501,1503609771737,4,35,1,-9,-7,-3,-1,1
22502,22502,1503609771745,-2,9,3,7,3,-1,-2,-3
22503,22503,1503609771763,0,-8,-11,-4,-5,-3,-5,-2
22504,22504,1503609771766,10,24,8,3,2,1,-2,1
22505,22505,1503609771777,3,21,16,4,5,1,-4,-3
22506,22506,1503609771789,-2,-29,-17,-5,-5,-2,-6,-4
22507,22507,1503609771796,-2,33,-4,-10,-2,-2,-2,2
22508,22508,1503609771797,6,-6,21,12,5,0,3,3
22509,22509,1503609771804,4,36,5,2,2,0,0,-4
22510,22510,1503609771820,-2,-2,-5,-1,-3,0,3,8
22511,22511,1503609771826,-16,-44,-2,0,-2,-2,-3,-23
22512,22512,1503609771834,7,6,-7,-6,-3,-1,-4,-14
22513,22513,1503609771849,-12,-16,-18,-8,-4,-4,-7,-8
22514,22514,1503609771857,-2,10,13,8,1,1,2,6
22801,22801,1503609774655,1,19,2,0,-1,-1,1,7
22802,22802,1503609774663,0,-11,-12,-7,-8,-4,-1,-4
22803,22803,1503609774677,2,-18,1,7,4,2,2,4
22804,22804,1503609774684,0,16,1,2,0,-3,-7,-12
22805,22805,1503609774692,0,-6,-5,2,0,2,-3,-2
22806,22806,1503609774707,-1,-12,-5,-5,-4,-2,3,-1
22807,22807,1503609774715,-7,-8,0,23,26,0,-2,-3
22808,22808,1503609774721,3,12,4,-4,-5,-1,-3,-1
22809,22809,1503609774722,-1,-10,-3,2,3,-1,1,1
22810,22810,1503609774741,-1,1,1,-11,-7,-4,-7,-5
22811,22811,1503609774744,1,0,0,-1,0,0,2,3
22812,22812,1503609774752,-9,-1,1,-1,-5,-1,2,2
22813,22813,1503609774767,-7,1,2,1,-2,1,-3,0
22814,22814,1503609774775,-4,-8,-2,-2,0,0,1,5
22815,22815,1503609774781,-5,-5,-6,-3,3,-2,2,7
22816,22816,1503609774798,-2,-8,-5,-4,-6,-2,2,-14
22817,22817,1503609774805,-1,-9,-14,-13,-11,-3,-4,-11
22818,22818,1503609774812,5,8,13,15,12,1,-2,-9
22819,22819,1503609774827,3,-16,-6,1,0,0,0,-5
22820,22820,1503609774836,9,5,-4,-9,-4,0,3,9
22821,22821,1503609774842,-6,-6,1,0,4,-2,-2,1
22822,22822,1503609774857,-17,-4,-4,-4,-3,2,1,13
22823,22823,1503609774864,7,1,-1,-2,-4,-1,-1,6
22824,22824,1503609774873,3,-2,2,-2,-2,-2,-1,9
22825,22825,1503609774886,1,0,-2,3,4,2,1,1
22826,22826,1503609774887,-3,-10,-6,-3,-1,-1,-1,-4
22827,22827,1503609774894,1,25,10,0,-4,-2,1,-5
22828,22828,1503609774895,-24,-25,-9,-6,-4,-4,-3,-15
22829,22829,1503609774902,42,23,8,7,4,-3,0,0
22830,22830,1503609774917,-1,-1,-6,-8,-7,-1,1,6
22831,22831,1503609774924,-6,9,9,4,3,1,1,-6
22832,22832,1503609774940,-7,12,5,2,0,0,-5,-11
22833,22833,1503609774946,-7,-9,-9,-5,-3,0,1,5
22834,22834,1503609774955,-2,-28,-14,-6,-5,-2,-4,-8
22835,22835,1503609774961,5,8,-1,0,-2,-2,-1,-4
22836,22836,1503609774977,16,24,-1,-7,-3,-1,-1,10
22837,22837,1503609774984,-3,6,9,5,-2,-3,-4,-15
22838,22838,1503609774992,10,7,7,1,1,0,5,1
22839,22839,1503609775008,32,15,12,5,1,2,2,16
22840,22840,1503609775015,-18,-3,-12,-5,-6,-3,-4,-16
22841,22841,1503609775022,-8,-11,1,5,4,1,-4,3
22842,22842,1503609775039,20,4,-12,-7,-2,0,-8,-1
22843,22843,1503609775044,-12,8,0,-2,0,1,-1,0
22844,22844,1503609775052,-13,2,4,4,2,-1,3,6
22845,22845,1503609775067,-21,-11,-15,-10,-4,-3,-5,-18
22846,22846,1503609775075,36,21,9,2,2,0,5,1
22847,22847,1503609775082,-23,-7,4,2,2,2,5,3
22848,22848,1503609775100,6,-26,-19,-4,-2,-2,0,1
22849,22849,1503609775104,-3,-3,9,4,2,-1,-7,-8
22850,22850,1503609775112,-9,9,18,0,-5,0,5,0
22851,22851,1503609775126,7,-11,-15,-1,0,-2,-2,-2
22852,22852,1503609775135,-11,-22,-14,-1,1,0,-6,-7
22853,22853,1503609775142,-10,25,19,1,0,-2,-1,0
22854,22854,1503609775157,16,-32,-13,1,-2,-2,1,2
22855,22855,1503609775167,4,-4,-1,1,1,1,1,6
22856,22856,1503609775180,0,-8,4,0,-2,-1,-7,-2
22857,22857,1503609775186,1,-1,-7,-6,-6,-1,1,5
22858,22858,1503609775195,-7,24,11,2,-1,-1,-2,-7
22859,22859,1503609775202,-5,-1,-7,-4,0,-1,-3,-2
22860,22860,1503609775217,-2,-10,-11,0,6,0,-3,-1
22861,22861,1503609775224,-9,-18,-15,-4,-3,-2,1,-5
22862,22862,1503609775235,12,36,7,3,1,2,0,-1
22863,22863,1503609775247,2,7,-2,-2,-2,-4,-2,0
22864,22864,1503609775254,21,19,10,5,5,5,6,7
22865,22865,1503609775255,-47,-16,10,4,1,0,-2,-6
22866,22866,1503609775262,-1,16,8,0,-1,0,0,1
22867,22867,1503609775277,-1,5,15,8,0,0,0,2
22868,22868,1503609775284,12,-13,-19,-5,-2,-2,-3,3
22869,22869,1503609775292,-10,-14,-7,-4,-1,-2,5,4
22870,22870,1503609775307,-21,4,-6,-3,-2,0,1,2
22871,22871,1503609775315,9,3,2,0,-2,-1,0,2
22872,22872,1503609775329,-5,-2,1,5,1,1,1,-1
22873,22873,1503609775330,-2,-6,4,-1,-1,0,0,-2
22874,22874,1503609775337,-13,-1,-3,-4,-7,-4,-4,-9
22875,22875,1503609775344,6,-14,16,7,0,-1,-3,-2
22876,22876,1503609775359,13,-8,-13,-7,-2,-3,-3,-1
22877,22877,1503609775368,-1,-2,4,4,2,-1,-1,-5
22878,22878,1503609775382,-5,-7,-2,-3,-4,-1,9,-3
22879,22879,1503609775389,-1,-7,-11,-6,-1,0,-2,-2
22880,22880,1503609775397,-6,-5,-16,-8,0,-2,-1,1
22881,22881,1503609775404,10,9,7,3,-1,-1,0,0
22882,22882,1503609775419,1,4,-8,1,5,4,1,5
22883,22883,1503609775426,-9,-5,-5,-2,-2,-4,-1,-3
22884,22884,1503609775437,-2,4,-4,-8,-5,-1,-5,-1
22885,22885,1503609775449,10,2,-5,-2,-2,3,8,13
22886,22886,1503609775457,5,4,12,4,0,-2,-3,-3
22887,22887,1503609775464,13,3,5,3,0,-1,0,3
22888,22888,1503609775479,3,-4,1,-3,-5,3,1,2
22889,22889,1503609775486,0,-1,-11,-5,-7,-3,-6,-4
22890,22890,1503609775494,11,-8,17,9,7,-1,-5,-5
22891,22891,1503609775495,-20,5,2,-2,0,-3,-1,-3
22892,22892,1503609775510,-8,-26,-21,-11,-6,-1,-2,-3
22893,22893,1503609775517,11,-10,4,1,-1,0,1,0
22894,22894,1503609775524,-14,1,-2,1,0,-2,0,-1
22895,22895,1503609775540,4,-17,-9,-3,-1,-4,-12,-11
22896,22896,1503609775547,-2,2,5,4,6,0,-4,-2
22897,22897,1503609775554,-1,21,11,7,4,0,5,6
22898,22898,1503609775570,-11,-11,-7,-10,-4,-1,-3,-3
22899,22899,1503609775577,7,-5,16,11,4,1,1,-3
22900,22900,1503609775591,15,11,-3,-5,0,-1,0,-7
22901,22901,1503609775599,3,4,-5,-4,-4,-4,-6,-1
22902,22902,1503609775607,-20,-19,-4,0,0,3,12,9
22903,22903,1503609775615,-14,-23,-14,-4,-2,-1,0,-1
22904,22904,1503609775629,-12,13,10,2,1,-4,-2,-21
22905,22905,1503609775637,14,8,9,2,0,-1,0,21
22906,22906,1503609775645,21,16,22,7,2,4,3,5
22907,22907,1503609775659,3,33,16,-2,-3,-3,-4,1
22908,22908,1503609775670,22,-4,-4,1,-1,-1,-6,-7
22909,22909,1503609775675,11,-6,-7,-4,-4,-5,-8,5
22910,22910,1503609775690,-1,-3,-3,-2,1,8,-20,8
22911,22911,1503609775697,28,21,1,-4,1,13,19,8
