,SampleNumber,TimeStamp,EMG1,EMG2,EMG3,EMG4,EMG5,EMG6,EMG7,EMG8
0,0,1503614249228,-3,-1,-1,-2,-2,-1,-1,-2
1,1,1503614249235,-2,-3,-2,-2,-1,-1,0,1
2,2,1503614249243,1,1,2,2,-1,0,-1,-1
3,3,1503614249270,1,-1,-1,-3,-1,1,-1,0
4,4,1503614249273,0,-1,-1,1,0,-3,-1,-1
5,5,1503614249288,-1,1,-1,1,0,-2,-3,-2
6,6,1503614249295,-1,-1,-1,-3,-2,2,1,-1
7,7,1503614249303,-2,-3,0,0,-2,0,-3,-1
8,8,1503614249317,-3,-3,-1,-2,0,0,0,0
9,9,1503614249325,0,1,-1,-2,-1,-3,-4,-2
10,10,1503614249335,-2,-1,-1,-1,-2,0,0,-3
11,11,1503614249349,-3,-2,-4,-1,0,-2,-1,-1
12,12,1503614249355,-3,-3,0,-1,1,0,0,1
13,13,1503614249363,-1,-4,0,-2,-1,-1,1,-1
14,14,1503614249377,-1,-2,1,0,-2,-1,-1,-2
15,15,1503614249385,0,2,-2,-1,-1,-2,0,0
16,16,1503614249392,0,-1,-1,-2,-1,-1,-1,4
17,17,1503614249407,-5,-3,1,1,-2,0,0,-3
18,18,1503614249415,0,1,0,-2,0,-1,-2,-2
19,19,1503614249423,0,-1,-2,-3,-1,0,0,0
20,20,1503614249438,1,1,-1,0,0,-2,-2,-2
21,21,1503614249445,3,0,-1,-2,-1,-1,-3,0
22,22,1503614249452,0,-3,-2,1,-1,0,1,-1
23,23,1503614249468,-2,1,2,1,1,0,1,0
24,24,1503614249475,-1,0,-1,1,-1,0,-1,-1
25,25,1503614249483,-2,-4,-3,-1,0,1,0,0
26,26,1503614249497,-1,0,1,1,-1,1,-2,0
27,27,1503614249506,-1,1,1,-1,0,-2,1,0
28,28,1503614249512,-1,-1,-1,-1,0,-3,-2,-1
29,29,1503614249527,2,1,0,-2,0,-3,0,-1
30,30,1503614249535,-1,0,0,0,0,-2,-3,0
31,31,1503614249543,-1,-1,-2,-3,-1,-2,2,-3
32,32,1503614249556,-3,0,-1,-1,0,0,0,-2
33,33,1503614249557,3,-2,-3,-4,-1,-1,-1,-1
34,34,1503614249565,-1,1,0,1,-1,-2,-3,-1
35,35,1503614249573,-4,0,-1,-1,-1,-1,2,0
36,36,1503614249587,3,2,0,-2,-2,0,1,0
37,37,1503614249595,-2,-1,1,-1,-1,0,-5,-6
38,38,1503614249603,0,0,1,1,-1,0,0,-1
39,39,1503614249617,-2,2,-2,-2,-1,0,0,-1
40,40,1503614249625,-2,1,3,0,-1,-1,-2,-1
41,41,1503614249633,1,-1,0,0,-2,-2,-2,-2
42,42,1503614249647,1,-2,-1,-4,0,-1,-2,0
43,43,1503614249655,1,-3,-1,-1,0,0,0,1
44,44,1503614249663,0,-2,-3,-1,-1,1,-4,-2
45,45,1503614249677,-3,1,-2,-2,0,-1,-1,-3
46,46,1503614249685,-4,-1,-1,-2,-1,0,-1,-3
47,47,1503614249692,0,0,0,-1,-1,-2,-2,0
48,48,1503614249708,-1,-4,-3,0,-1,-1,1,2
49,49,1503614249716,-1,-1,-3,1,-1,-1,-3,0
50,50,1503614249723,3,-3,-2,-1,-2,0,0,-1
51,51,1503614249737,1,2,2,-1,-1,-1,1,2
52,52,1503614249745,-3,0,-1,-1,-2,-2,0,3
53,53,1503614249752,1,0,-2,-1,0,-1,-2,-3
54,54,1503614249767,-4,-1,1,-2,-1,0,-3,-3
55,55,1503614249775,-1,2,2,-1,0,0,2,1
56,56,1503614249784,1,-2,-3,0,0,0,-1,-2
57,57,1503614249796,-1,-4,1,-1,-1,-2,-1,-3
58,58,1503614249805,-2,-2,-1,-1,-1,-1,0,1
59,59,1503614249812,0,-1,-1,2,-2,0,-2,-3
60,60,1503614249827,3,1,0,-2,-1,1,1,-1
61,61,1503614249835,0,0,-3,0,-2,-2,-2,2
62,62,1503614249843,-4,0,-3,0,-2,1,0,-1
63,63,1503614249857,0,0,0,-1,1,0,0,-4
64,64,1503614249865,5,5,0,1,-2,-2,2,3
65,65,1503614249879,-8,-4,-3,-3,-2,-1,-2,-1
66,66,1503614249887,-2,-2,-1,-3,0,-1,-2,-8
67,67,1503614249895,-6,-5,-1,-2,0,1,0,0
68,68,1503614249910,-12,-2,0,-1,-2,-4,-3,-3
69,69,1503614249917,-4,-1,-1,0,-2,-2,0,-2
70,70,1503614249925,2,-3,-1,0,0,0,0,0
71,71,1503614249939,6,1,1,1,-1,0,-4,-1
72,72,1503614249949,1,-1,-2,1,-2,-1,-1,-1
73,73,1503614249955,6,3,0,-1,-2,0,1,-4
74,74,1503614249970,-4,-5,-5,-4,0,1,3,1
75,75,1503614249977,0,-1,0,0,-1,-1,-1,0
76,76,1503614249985,-2,-4,-3,2,-1,-2,-1,2
77,77,1503614249999,1,-1,1,-3,0,1,0,1
78,78,1503614250008,5,4,1,-3,1,-1,1,3
79,79,1503614250015,-3,-4,-2,2,1,-4,-1,0
80,80,1503614250030,2,-4,0,1,-1,-2,-1,-3
81,81,1503614250037,-2,0,-1,-2,-2,1,0,1
82,82,1503614250045,1,2,1,-2,1,1,-2,0
83,83,1503614250059,-2,-3,-2,0,-2,-2,0,2
84,84,1503614250068,-1,1,-1,2,-1,1,-2,-7
85,85,1503614250077,-2,1,0,0,1,0,0,-2
86,86,1503614250090,1,0,-1,-2,1,-3,-3,-1
87,87,1503614250096,0,-2,-4,0,-2,-2,1,-2
88,88,1503614250105,0,-2,2,-1,1,-2,0,1
89,89,1503614250119,-1,-1,0,-1,-1,-1,0,1
90,90,1503614250127,0,-2,1,-3,0,-3,2,1
91,91,1503614250135,0,1,-1,-3,-1,0,1,1
92,92,1503614250150,-1,-4,-3,-1,0,0,-1,1
93,93,1503614250156,-2,-1,0,-1,-2,-5,-2,-3
94,94,1503614250165,-1,-2,-3,0,-2,2,0,-1
95,95,1503614250179,-1,-1,-2,2,1,0,-2,-1
96,96,1503614250187,0,0,0,-1,0,-4,0,3
97,97,1503614250195,-3,0,0,-4,-1,1,0,-1
98,98,1503614250211,-1,1,2,4,-1,-1,-4,-4
99,99,1503614250216,-5,-3,-3,-1,0,-2,-1,0
100,100,1503614250217,3,-1,0,0,-2,1,-1,1
101,101,1503614250225,-1,1,1,-1,0,0,0,-2
102,102,1503614250239,0,0,-2,-2,0,-5,-5,-8
103,103,1503614250248,0,1,-2,-2,0,-1,-1,-3
104,104,1503614250255,-1,-3,-2,-2,-1,-1,3,5
105,105,1503614250270,-2,-5,-3,-1,-1,1,-2,-2
106,106,1503614250278,3,0,-2,0,-3,0,-2,-6
107,107,1503614250285,-1,1,0,-1,0,-1,1,2
108,108,1503614250299,-2,-1,-1,1,1,-2,-2,-1
109,109,1503614250307,-4,-2,-1,-1,-1,2,0,0
110,110,1503614250315,5,0,0,-1,-1,1,-3,2
111,111,1503614250330,-2,-3,-2,-2,-4,0,-1,-2
112,112,1503614250336,-3,-2,0,2,-1,0,0,-3
113,113,1503614250347,0,-1,-3,-1,-1,-2,-1,-3
114,114,1503614250359,-3,0,-2,-2,-1,-1,-4,-4
115,115,1503614250368,0,-1,-1,0,-2,0,-1,2
116,116,1503614250375,6,1,0,1,1,0,3,4
117,117,1503614250390,0,-3,-2,-1,0,0,1,2
118,118,1503614250396,-3,-2,0,0,-1,-2,-1,-1
119,119,1503614250405,2,2,1,2,-3,-1,-2,-2
120,120,1503614250419,-3,-1,-1,-1,-1,0,1,0
121,121,1503614250427,0,-2,-1,0,-1,-2,-1,-1
122,122,1503614250435,-1,5,0,0,-1,-2,-2,-4
123,123,1503614250450,-8,-2,0,-2,1,-1,-1,-3
124,124,1503614250456,1,-3,0,2,-1,-1,1,3
125,125,1503614250465,0,2,-2,-1,-1,-1,-5,1
126,126,1503614250480,-1,-1,-2,-2,-1,1,0,0
127,127,1503614250488,-3,-3,-1,-2,-3,1,0,-1
128,128,1503614250501,1,-2,-3,-2,-1,1,1,2
129,129,1503614250510,2,-1,-3,0,0,1,2,4
130,130,1503614250517,-3,-2,-1,0,0,0,-2,1
131,131,1503614250525,0,-1,0,-1,-1,-2,-3,-3
132,132,1503614250539,-3,-1,-1,-3,0,0,1,-2
133,133,1503614250547,-1,0,0,-2,-1,0,0,-3
134,134,1503614250555,2,0,-3,-2,-1,-2,0,3
135,135,1503614250570,2,0,0,2,0,0,-1,-2
136,136,1503614250576,-2,-1,0,-1,0,-1,0,-3
137,137,1503614250585,-3,-3,-1,-1,-2,1,0,1
138,138,1503614250599,-2,-1,-1,-1,-1,-1,-2,-1
139,139,1503614250607,5,2,-1,-3,-1,-2,1,1
140,140,1503614250615,0,0,-1,-1,0,-3,-3,-9
141,141,1503614250630,-2,-1,0,0,-1,2,-2,-3
142,142,1503614250637,-4,-2,0,2,0,-1,1,2
143,143,1503614250645,0,1,1,0,-1,-2,-3,-1
144,144,1503614250659,-2,-2,0,-2,-1,2,1,2
145,145,1503614250667,-2,-2,0,0,-1,-1,0,0
146,146,1503614250675,-1,1,1,0,-1,-2,-3,0
147,147,1503614250690,0,2,-1,-1,1,-3,-3,-2
148,148,1503614250696,-3,-1,-1,0,-1,0,-2,2
149,149,1503614250705,0,2,-1,-3,-1,0,2,2
150,150,1503614250719,0,0,-2,0,1,0,-1,2
151,151,1503614250727,0,0,-1,0,-1,-1,-1,1
152,152,1503614250735,2,0,1,0,0,-1,-3,-3
153,153,1503614250750,-4,-2,-1,-1,0,-2,0,-1
154,154,1503614250756,-2,-1,-2,-2,-3,-2,-1,-1
155,155,1503614250764,0,-1,2,0,-1,-1,-1,-6
156,156,1503614250765,-1,-2,-1,-1,-2,-1,0,-1
157,157,1503614250779,0,-1,-1,1,-1,-2,-2,-3
158,158,1503614250787,-2,0,-3,0,1,1,0,-3
159,159,1503614250795,-4,-2,-1,-1,-2,1,2,3
160,160,1503614250811,0,-2,1,-1,-1,-1,-4,-1
161,161,1503614250817,-2,1,-1,-2,-1,-1,0,-1
162,162,1503614250832,0,0,-2,1,0,0,-1,-2
163,163,1503614250839,-1,-3,-4,0,-2,0,1,-1
164,164,1503614250850,-2,0,-1,-1,-1,-2,-2,-3
165,165,1503614250862,0,2,0,-1,-2,0,0,0
166,166,1503614250870,-2,-3,-2,-1,0,-1,-1,0
167,167,1503614250877,1,-2,0,-2,-2,-1,2,0
168,168,1503614250892,0,1,0,-2,-3,-1,-1,0
169,169,1503614250899,0,-1,-1,-2,1,0,-1,0
170,170,1503614250907,1,-1,1,0,-1,1,0,-4
171,171,1503614250922,1,-1,-1,-1,1,-1,-1,-1
172,172,1503614250930,-1,1,1,0,-2,-2,-3,-1
173,173,1503614250937,-2,-1,-3,-2,0,-2,-3,0
174,174,1503614250953,1,-2,-2,-2,2,0,-1,-2
175,175,1503614250959,2,2,-2,-2,-1,-1,0,-1
176,176,1503614250967,-1,2,-2,0,0,1,1,4
177,177,1503614250983,-2,-2,-1,1,-1,-2,-2,-2
178,178,1503614250990,0,-2,-1,-1,-3,-1,-1,-2
179,179,1503614250998,1,-1,1,0,-3,-1,-5,-11
180,180,1503614251012,2,0,0,0,-2,0,-1,2
181,181,1503614251020,-1,2,-2,2,-2,-1,-2,2
182,182,1503614251027,-1,-1,-1,-2,0,-2,0,-2
183,183,1503614251043,-2,-2,-1,-1,0,1,1,1
184,184,1503614251051,-4,0,0,1,0,2,0,1
185,185,1503614251058,1,-2,-2,-2,0,0,-1,0
186,186,1503614251072,0,-4,-2,-3,-1,-3,-1,0
187,187,1503614251080,1,-1,-3,-1,-1,0,1,-3
188,188,1503614251087,0,0,-2,-1,-4,-1,0,2
189,189,1503614251103,2,0,-1,-1,-1,-2,1,3
190,190,1503614251109,-2,-2,-1,-2,-1,1,-1,0
191,191,1503614251119,-3,-2,0,-1,1,1,-1,-2
192,192,1503614251132,1,3,1,-1,-1,0,-2,0
193,193,1503614251140,-3,1,-1,-1,0,-4,-1,-4
194,194,1503614251147,0,-1,1,-1,-1,-2,0,-2
195,195,1503614251163,0,-2,0,0,-1,-2,-2,0
196,196,1503614251169,0,-1,-3,0,0,0,0,-3
197,197,1503614251178,2,0,-3,0,-1,1,0,0
198,198,1503614251193,1,0,2,1,0,-3,-6,-2
199,199,1503614251200,-3,0,1,-2,-1,0,-1,-7
200,200,1503614251207,-2,-3,-1,-1,0,-3,-1,-1
201,201,1503614251223,-1,0,0,-1,-1,-1,2,5
202,202,1503614251230,0,1,-1,1,0,0,1,1
203,203,1503614251238,-1,-1,-2,-1,-1,0,1,1
204,204,1503614251252,-1,-1,0,-3,1,-1,1,-3
205,205,1503614251260,0,-1,-4,0,0,-2,-2,-1
206,206,1503614251268,0,-2,-4,-1,-2,0,-2,1
207,207,1503614251285,-1,-2,-2,0,0,0,-2,-1
208,208,1503614251290,-1,-3,-2,-1,-1,-2,-4,-9
209,209,1503614251298,-3,-5,-5,-2,-1,0,-1,-2
210,210,1503614251312,2,-1,0,1,-2,-1,-1,0
211,211,1503614251320,-1,2,2,-2,0,-1,0,5
212,212,1503614251328,1,0,-1,0,-2,1,0,1
213,213,1503614251343,0,-1,1,0,-1,0,-1,1
214,214,1503614251351,0,3,-3,1,-1,-1,0,1
215,215,1503614251358,-1,-3,0,-1,-1,1,-1,-1
216,216,1503614251372,-1,-4,-3,-2,-1,-1,0,0
217,217,1503614251380,0,2,1,-3,-1,-2,-2,0
218,218,1503614251388,1,-2,-2,-1,1,1,3,-1
219,219,1503614251403,-2,0,1,1,-1,-1,-1,-2
220,220,1503614251409,-4,1,1,0,0,0,-1,0
221,221,1503614251425,0,-2,-2,0,-2,-1,1,-2
222,222,1503614251432,0,0,0,-2,-1,-1,-3,-1
223,223,1503614251440,-2,0,-3,-1,-2,0,1,1
224,224,1503614251447,1,-1,0,1,1,0,0,2
225,225,1503614251463,2,0,0,1,-1,-2,-5,-3
226,226,1503614251470,-2,-3,-1,-4,0,-2,1,-1
227,227,1503614251487,-2,3,2,4,2,-1,-1,-2
228,228,1503614251492,-1,-1,-2,1,-2,0,-2,-4
229,229,1503614251501,-3,-2,-5,-4,-2,0,0,0
230,230,1503614251507,2,-1,0,-1,-1,0,-1,-1
231,231,1503614251523,-1,0,-2,-1,0,-1,0,-5
232,232,1503614251530,-2,-2,-1,-2,-1,-2,0,-2
233,233,1503614251544,1,-2,2,0,-2,-1,-4,2
234,234,1503614251553,0,0,0,-2,0,-2,-1,1
235,235,1503614251560,1,1,-1,-1,-1,0,0,1
236,236,1503614251568,-4,0,0,2,1,0,-2,0
237,237,1503614251583,0,-2,-1,-1,-2,0,-2,-2
238,238,1503614251590,-4,1,1,0,-1,0,-2,0
239,239,1503614251605,2,-2,-1,0,1,-4,-5,0
240,240,1503614251612,-1,-3,-2,-4,-2,-2,-1,1
241,241,1503614251625,-2,-2,-1,-2,-1,1,2,0
242,242,1503614251627,0,-3,0,0,-1,0,2,1
243,243,1503614251643,1,-1,1,0,0,-1,1,-1
244,244,1503614251650,0,0,-2,-1,-1,-2,0,-1
245,245,1503614251665,1,-2,-1,0,0,0,0,-2
246,246,1503614251672,-2,0,0,1,-1,1,-1,0
247,247,1503614251680,-2,-2,-2,0,-2,0,-1,0
248,248,1503614251688,0,0,-1,1,0,-3,-5,-4
249,249,1503614251703,-3,-4,-6,-2,-3,2,2,-1
250,250,1503614251710,-3,-4,-2,-3,-1,-1,-3,-4
251,251,1503614251725,1,-1,-2,-3,-3,-4,-2,-1
252,252,1503614251732,1,1,-1,-2,0,1,0,2
253,253,1503614251740,-1,1,-1,0,0,-1,-1,0
254,254,1503614251755,-2,0,2,1,-1,0,-1,1
255,255,1503614251769,0,-1,1,0,-2,0,1,3
256,256,1503614251771,0,2,-1,-1,0,-1,1,-1
257,257,1503614251788,-1,0,0,0,1,-1,0,-1
258,258,1503614251793,0,2,3,1,-1,-2,0,0
259,259,1503614251800,0,1,-2,-2,0,3,0,2
260,260,1503614251815,-2,0,-4,-1,-1,-3,-2,-9
261,261,1503614251823,-2,-3,-1,1,-1,-2,0,-2
262,262,1503614251831,-2,-4,-1,-3,-1,-1,-1,3
263,263,1503614251845,0,2,-2,-1,-2,-1,-1,0
264,264,1503614251852,-1,-2,-1,-1,-3,0,-1,-3
265,265,1503614251860,-1,0,-1,-2,-1,-1,0,-2
266,266,1503614251875,-1,-2,-3,-3,0,0,1,3
267,267,1503614251883,0,-1,-2,2,-1,-3,-2,0
268,268,1503614251890,1,0,-3,-2,-1,0,0,0
269,269,1503614251904,-1,-3,0,2,0,-1,0,1
270,270,1503614251912,-2,-2,-2,0,-1,-1,-3,-3
271,271,1503614251922,2,0,0,-4,-2,0,-2,-2
272,272,1503614251935,-1,1,-1,0,-1,0,-1,-5
273,273,1503614251943,0,-3,1,-1,1,-1,-2,-1
274,274,1503614251950,0,-2,1,0,-1,-1,-1,1
275,275,1503614251965,-1,0,-2,0,-1,-2,-2,-2
276,276,1503614251973,0,-1,-5,0,-2,-2,0,3
277,277,1503614251980,-2,0,-2,-3,-2,-1,-2,0
278,278,1503614251996,0,1,0,1,-1,0,-1,-2
279,279,1503614252003,-1,0,-1,-2,0,-3,-1,-3
280,280,1503614252010,-1,-1,1,0,-1,-1,0,-1
281,281,1503614252025,0,0,0,-1,0,0,-2,1
282,282,1503614252033,-2,2,-2,-1,-1,-1,-1,1
283,283,1503614252041,-5,-4,-1,-2,0,0,2,-2
284,284,1503614252057,0,-2,-1,-1,0,-3,1,0
285,285,1503614252063,-1,0,-2,1,-2,0,-1,-1
286,286,1503614252070,-1,2,2,2,-1,1,-1,-1
287,287,1503614252085,-1,1,1,-1,0,0,0,-1
288,288,1503614252092,1,-1,-1,1,0,-1,-1,-1
289,289,1503614252103,-2,-1,0,0,-3,-1,-1,-1
290,290,1503614252116,1,-3,0,-2,-1,0,0,0
291,291,1503614252124,0,-3,0,0,1,0,-1,-4
292,292,1503614252130,-2,1,0,-1,0,1,-3,-1
293,293,1503614252144,-3,0,-4,-2,-1,0,0,1
294,294,1503614252145,-1,-1,1,-3,0,0,-1,0
295,295,1503614252152,-1,-3,0,-2,-1,-1,0,0
296,296,1503614252161,0,-1,2,0,-1,-1,-1,0
297,297,1503614252175,0,-3,-3,-2,-1,-1,0,1
298,298,1503614252183,0,0,-2,0,-2,1,-1,-3
299,299,1503614252191,0,1,0,1,1,0,-1,-1
300,300,1503614252205,1,-2,-2,-2,0,0,-1,-3
301,301,1503614252212,-2,-3,-5,-3,-2,0,1,-1
302,302,1503614252220,-3,0,-2,-1,-2,-3,0,2
303,303,1503614252235,-1,0,3,0,-1,-2,-2,-3
304,304,1503614252242,3,-1,-1,-1,0,0,2,2
305,305,1503614252243,-1,-2,-3,-2,-2,-1,0,-1
306,306,1503614252250,0,0,-1,-2,0,0,0,2
307,307,1503614252265,1,0,-4,0,-1,-2,-2,0
308,308,1503614252272,0,-2,-3,-3,-1,0,1,1
309,309,1503614252280,0,-1,1,2,0,-3,-3,-6
310,310,1503614252295,-1,-1,-3,-1,0,-3,0,1
311,311,1503614252296,1,1,2,2,0,-2,-2,0
312,312,1503614252302,-1,-2,-2,-2,-1,-2,-2,1
313,313,1503614252303,-2,-1,-3,-2,-3,0,0,-3
314,314,1503614252310,-3,-2,-3,-1,-2,-2,-4,-2
315,315,1503614252325,-1,-1,1,0,0,0,1,2
316,316,1503614252332,-1,-2,-2,-1,-2,-3,-1,-2
317,317,1503614252340,-1,-3,-2,-2,0,-3,-1,-1
318,318,1503614252355,0,-1,0,1,-1,1,0,-3
319,319,1503614252363,-1,0,-1,-2,-1,-1,1,-1
320,320,1503614252370,-1,1,0,-1,-2,-2,-4,-3
321,321,1503614252385,1,-2,1,0,-2,-2,-4,-3
322,322,1503614252393,-1,-1,0,-2,0,0,1,-1
323,323,1503614252401,-1,2,-1,-1,0,-3,-3,2
324,324,1503614252415,1,-2,-3,-1,-1,0,0,1
325,325,1503614252422,-2,-2,0,0,-1,0,1,-1
326,326,1503614252430,-3,-1,-1,2,-1,-3,0,-1
327,327,1503614252445,-2,0,-6,-3,-2,-1,0,0
328,328,1503614252452,-1,-1,0,-1,-1,-3,0,0
329,329,1503614252460,-1,0,-2,-3,0,2,0,3
330,330,1503614252475,-1,-2,-3,0,1,1,-2,0
331,331,1503614252483,1,1,2,0,0,1,-3,3
332,332,1503614252490,-2,-1,0,-4,-1,1,-3,-6
333,333,1503614252505,0,0,3,2,0,-2,-2,0
334,334,1503614252512,0,-1,0,-1,-2,0,1,1
335,335,1503614252520,-1,-3,-2,-3,-2,1,0,-1
336,336,1503614252535,-2,-1,-1,-1,0,-1,0,2
337,337,1503614252542,-2,0,0,1,-1,-2,-1,-2
338,338,1503614252550,-2,-1,-3,-1,-2,-1,-2,-2
339,339,1503614252565,-1,1,-1,0,1,-2,-2,0
340,340,1503614252572,0,1,2,0,-1,-1,0,3
341,341,1503614252580,-2,-3,-3,-2,-2,1,0,-5
342,342,1503614252595,1,-2,0,-1,-1,1,0,-1
343,343,1503614252604,0,0,-2,-1,-3,-2,0,0
344,344,1503614252610,0,2,1,0,0,-2,0,3
345,345,1503614252625,-2,-2,0,-1,-2,-1,-1,0
346,346,1503614252633,-1,-2,-2,-2,1,-3,-1,-3
347,347,1503614252642,0,-1,-1,-2,0,0,0,0
348,348,1503614252655,0,1,-1,-3,0,2,-2,-1
349,349,1503614252663,2,-2,-1,-1,-1,0,0,9
350,350,1503614252677,0,-3,-1,-2,-2,0,0,1
351,351,1503614252685,1,2,2,-1,-1,1,-1,-3
352,352,1503614252695,0,1,1,1,-2,-2,-2,-2
353,353,1503614252707,-2,0,-1,1,-2,1,-1,-2
354,354,1503614252715,0,-3,-2,0,-1,-1,-2,-4
355,355,1503614252722,0,-3,-2,1,1,-3,1,-3
356,356,1503614252737,-1,-1,-1,0,-2,-1,1,-3
357,357,1503614252745,1,-1,-1,-1,-1,-1,-2,1
358,358,1503614252753,0,-2,3,-1,0,-1,0,0
359,359,1503614252754,-2,1,-2,-2,0,0,0,5
360,360,1503614252767,-5,2,0,0,0,-2,-1,-5
361,361,1503614252775,-3,0,-3,-1,-2,1,-1,-3
362,362,1503614252783,2,1,-1,-2,-1,-1,0,1
363,363,1503614252798,2,-3,-1,0,1,1,1,3
364,364,1503614252805,1,-1,4,-1,0,0,1,-2
365,365,1503614252812,0,-1,1,-1,0,-1,-1,-2
366,366,1503614252829,-1,1,0,1,-2,-1,-1,-3
367,367,1503614252835,-1,-1,-1,-2,-1,-1,-1,1
368,368,1503614252843,0,-1,-1,0,-1,-1,-1,0
369,369,1503614252857,-1,-2,-1,-2,-2,-2,-3,-6
370,370,1503614252868,-1,-3,-4,-2,1,0,-3,-3
371,371,1503614252872,-2,2,-2,0,1,-2,-1,1
372,372,1503614252887,-1,-3,-1,-4,-1,-1,0,3
373,373,1503614252896,-1,0,-2,-1,-3,-2,0,0
374,374,1503614252903,1,2,1,2,-1,-1,1,1
375,375,1503614252918,1,-3,1,0,-1,-1,-2,-2
376,376,1503614252925,-1,-2,-2,-1,0,0,0,-1
377,377,1503614252932,-1,0,-2,-3,-3,-2,2,-1
378,378,1503614252947,-2,-1,-2,-1,-1,0,-4,-7
379,379,1503614252955,0,2,2,-1,0,0,1,1
380,380,1503614252964,0,0,0,-2,0,-2,-1,0
381,381,1503614252977,-1,1,-1,-2,1,0,-3,-1
382,382,1503614252985,-2,-2,-2,-2,1,-2,-1,0
383,383,1503614252992,0,0,-1,1,0,-1,-1,-1
384,384,1503614253007,-1,-2,-3,-2,-2,-4,-2,-3
385,385,1503614253015,-1,-1,-2,3,-1,-2,0,-2
386,386,1503614253022,1,-3,-2,-2,-1,0,0,6
387,387,1503614253037,-1,-3,0,-2,-2,1,-2,-3
388,388,1503614253053,-1,-2,-3,-3,0,-2,0,-4
389,389,1503614253068,-2,-2,0,-1,-4,-1,2,0
390,390,1503614253075,1,-3,-3,-1,0,-2,0,0
391,391,1503614253083,1,2,0,1,1,-2,-1,-1
392,392,1503614253098,-4,-1,-3,-3,-2,0,2,1
393,393,1503614253106,-1,-3,0,1,-1,-1,-1,0
394,394,1503614253112,-2,0,-1,-2,1,-1,-1,-1
395,395,1503614253127,-1,-2,-3,-1,-3,0,-2,-5
396,396,1503614253135,-1,-3,1,1,-2,0,0,2
397,397,1503614253143,1,0,-1,0,0,1,0,2
398,398,1503614253157,0,0,0,0,-1,-3,-3,2
399,399,1503614253165,-3,0,-3,-1,0,0,1,-2
400,400,1503614253173,0,-2,1,-1,-1,-2,-1,-1
401,401,1503614253187,-2,1,-1,-1,-1,-4,-2,-3
402,402,1503614253195,0,-4,-1,-1,-1,-2,-1,-1
403,403,1503614253204,0,-1,1,-2,0,-2,-2,0
404,404,1503614253217,2,-1,-1,1,0,-1,-2,-4
405,405,1503614253225,0,1,-2,2,-3,0,-2,0
406,406,1503614253232,1,0,-2,0,-2,2,0,5
407,407,1503614253247,0,0,1,0,1,-1,-2,-1
408,408,1503614253255,-1,1,-1,-1,0,-1,1,-3
409,409,1503614253263,-1,-2,0,0,-1,-2,-4,-5
410,410,1503614253277,-2,-2,1,-1,-2,1,-1,-1
411,411,1503614253285,0,-2,-2,-6,0,1,1,-1
412,412,1503614253292,0,1,-3,-2,0,-2,-2,-1
413,413,1503614253307,-1,-3,-1,0,-2,-1,-3,-10
414,414,1503614253314,-1,1,2,2,-2,-1,-1,0
415,415,1503614253322,0,0,0,0,0,0,1,5
416,416,1503614253337,-2,1,-2,-1,-1,-1,-1,-1
417,417,1503614253345,0,1,-1,-2,0,-1,-2,0
418,418,1503614253352,-1,-1,1,0,-1,-2,-3,0
419,419,1503614253353,-1,-1,3,0,0,-1,-6,0
420,420,1503614253367,-1,-1,-3,-2,-1,1,-1,1
421,421,1503614253375,1,3,4,0,0,-1,1,-1
422,422,1503614253382,-1,-3,-2,1,0,-1,-1,-1
423,423,1503614253397,-2,-2,-1,1,0,-1,-1,-2
424,424,1503614253405,-2,-2,1,1,0,-1,1,-1
425,425,1503614253412,-1,-1,-3,-1,-1,0,-2,1
426,426,1503614253427,0,0,1,-2,-3,-1,0,1
427,427,1503614253435,0,-2,0,-2,-1,0,0,-3
428,428,1503614253443,-2,-3,-2,-1,0,-1,1,3
429,429,1503614253457,1,0,-3,0,0,0,-3,-1
430,430,1503614253467,1,1,1,1,-3,0,-1,0
431,431,1503614253472,-1,-1,-1,0,0,-3,0,-2
432,432,1503614253487,-1,0,-3,1,-1,1,-1,-1
433,433,1503614253495,-2,0,-1,-2,-3,3,1,1
434,434,1503614253503,-1,-2,0,0,-2,-4,-1,-3
435,435,1503614253519,-1,-1,-4,-3,1,0,2,-3
436,436,1503614253525,-1,0,0,0,0,1,-2,-1
437,437,1503614253534,-2,-1,-2,1,-2,-2,0,2
438,438,1503614253547,0,-1,-1,-2,-1,-1,2,-2
439,439,1503614253554,-3,1,-2,-2,-1,1,0,2
440,440,1503614253562,1,-1,-1,-2,-1,-2,-3,-1
441,441,1503614253577,0,-3,0,-3,0,0,-1,-3
442,442,1503614253585,-2,0,-4,-2,0,1,0,-2
443,443,1503614253602,1,1,0,0,-1,-2,-1,-3
444,444,1503614253607,-1,0,1,-1,-2,-2,-1,-5
445,445,1503614253614,0,0,-1,2,-1,-1,-2,-2
446,446,1503614253629,0,-1,1,-1,0,2,2,-1
447,447,1503614253638,2,1,-1,-3,-3,-1,0,-3
448,448,1503614253645,-2,-1,-2,-2,0,-1,0,-1
449,449,1503614253659,-4,-3,-3,-1,0,0,2,2
450,450,1503614253670,1,-1,2,1,-1,0,2,4
451,451,1503614253675,-2,-2,-1,-1,-2,-2,0,-2
452,452,1503614253689,0,-3,-1,0,-2,-3,-5,2
453,453,1503614253690,-1,0,-3,-1,-1,0,-1,2
454,454,1503614253697,-1,-1,1,-1,2,-1,-1,2
455,455,1503614253705,-1,0,-1,0,-1,-2,-1,1
456,456,1503614253719,-3,-2,0,-2,-2,-1,1,2
457,457,1503614253727,0,0,2,0,-1,-2,-3,3
458,458,1503614253735,-3,-1,-3,1,-1,1,0,1
459,459,1503614253750,-1,-1,-1,0,-1,-1,-4,-3
460,460,1503614253757,-1,-1,0,0,-1,-2,0,1
461,461,1503614253765,0,-2,-2,-3,-1,1,-2,0
462,462,1503614253779,-1,-2,0,-3,1,0,0,1
463,463,1503614253787,1,-1,-4,-3,0,-2,1,2
464,464,1503614253808,1,1,0,1,-3,-1,-2,-1
465,465,1503614253810,0,0,0,0,-1,-3,-1,0
466,466,1503614253827,0,-2,-3,-4,-3,-1,-2,-1
467,467,1503614253828,-2,-1,-2,1,-2,-2,1,-2
468,468,1503614253841,-1,-2,1,0,1,1,-2,0
469,469,1503614253847,-2,0,0,-1,1,0,-2,1
470,470,1503614253855,-1,-2,-1,-2,0,-2,2,1
471,471,1503614253870,-1,-1,-3,1,-1,-2,0,-4
472,472,1503614253878,1,1,0,-1,-2,-1,-3,0
473,473,1503614253885,-3,-2,-1,-1,-1,0,-3,-3
474,474,1503614253899,0,0,0,-1,-1,-1,0,-2
475,475,1503614253907,0,1,0,-1,0,-3,-2,-4
476,476,1503614253914,0,0,-3,1,-1,0,-3,-3
477,477,1503614253929,0,-2,1,-2,-1,1,1,0
478,478,1503614253937,-1,1,3,-1,1,-3,-2,-2
479,479,1503614253945,0,1,-2,0,-1,-1,0,0
480,480,1503614253959,-3,-1,-2,-1,0,-1,-3,-6
481,481,1503614253967,0,-4,-2,-2,-1,0,0,-2
482,482,1503614253974,-1,-1,-4,-2,-1,-1,0,-1
483,483,1503614253989,-1,-1,-2,0,-1,0,-1,0
484,484,1503614253997,-1,-3,-3,-1,0,-2,0,-3
485,485,1503614254005,1,-2,-1,-2,-1,-1,0,0
486,486,1503614254019,1,0,-1,-3,-2,1,1,3
487,487,1503614254027,-1,-1,-2,1,0,-1,0,-2
488,488,1503614254035,-1,-3,1,-1,2,1,-2,2
489,489,1503614254049,1,0,2,0,-1,-1,-2,0
490,490,1503614254057,-1,1,1,1,-2,-1,-2,1
491,491,1503614254065,-2,0,-1,-3,-1,2,-2,-1
492,492,1503614254079,1,1,-3,1,-1,1,-1,-3
493,493,1503614254087,-1,-1,-2,0,1,0,-3,-4
494,494,1503614254094,-3,-2,-2,-2,-1,-1,1,-3
495,495,1503614254109,-2,-1,-2,-2,0,0,2,-2
496,496,1503614254117,1,0,0,0,-1,-2,-2,-1
497,497,1503614254125,0,0,0,-1,0,-1,0,2
498,498,1503614254139,0,-1,-1,-1,-2,1,-1,0
499,499,1503614254147,-1,0,-1,-1,-2,-2,-1,-2
500,500,1503614254154,1,-2,-2,-1,1,-1,0,0
501,501,1503614254171,0,1,4,-1,1,0,-2,0
502,502,1503614254177,-1,-1,-2,-1,0,-2,0,-1
503,503,1503614254185,1,0,-1,0,-1,-1,-3,-2
504,504,1503614254199,0,0,0,3,-1,-1,-4,-1
505,505,1503614254207,0,-1,-2,-3,-3,-3,-1,0
506,506,1503614254215,0,-3,0,-1,-4,-1,-1,0
507,507,1503614254229,-2,-1,-2,0,0,-2,0,1
508,508,1503614254239,-2,2,1,-2,0,-2,-3,-8
509,509,1503614254245,0,-1,-5,-1,-2,1,-1,0
510,510,1503614254263,-1,2,3,5,0,-1,0,2
511,511,1503614254268,-1,-2,-1,0,-1,-2,-1,-1
512,512,1503614254275,-1,-3,-2,-3,-1,-1,3,0
513,513,1503614254289,-1,-2,0,-1,1,2,0,0
514,514,1503614254297,0,-1,-1,-2,-2,0,-2,0
515,515,1503614254307,0,2,1,-1,0,0,1,0
516,516,1503614254319,-2,-2,-2,-1,-2,0,1,-1
517,517,1503614254327,-2,-2,-3,-1,-3,0,-3,-1
518,518,1503614254334,-1,-1,-4,-2,0,0,0,0
519,519,1503614254350,-1,-1,1,-1,-1,-2,-1,-1
520,520,1503614254357,-1,0,-1,0,0,0,-1,0
521,521,1503614254365,1,1,-1,2,0,-1,-1,-2
522,522,1503614254379,-1,0,-1,0,-1,0,-2,-3
523,523,1503614254387,-1,0,-3,-3,-3,0,-2,-1
524,524,1503614254394,-3,0,-1,-2,-2,-1,3,1
525,525,1503614254410,1,-3,1,-1,-1,1,1,-3
526,526,1503614254417,0,-2,0,-1,0,-1,-1,-4
527,527,1503614254425,-1,1,-2,1,1,-2,-1,3
528,528,1503614254440,0,0,0,0,0,-1,-1,-1
529,529,1503614254447,-2,-1,-3,-2,1,0,0,0
530,530,1503614254454,-1,-3,-2,0,0,-3,-1,0
531,531,1503614254470,-3,-2,-1,-1,-3,-1,0,-3
532,532,1503614254477,0,-2,1,0,1,0,0,-2
533,533,1503614254485,1,0,1,0,-2,-1,-3,-2
534,534,1503614254499,2,1,0,0,0,1,-3,-1
535,535,1503614254508,-3,-5,-1,-2,-1,-4,-1,1
536,536,1503614254515,0,0,-2,-1,-3,-1,-2,0
537,537,1503614254529,-1,-3,-1,1,0,-3,1,2
538,538,1503614254537,0,0,-2,-1,0,-1,0,3
539,539,1503614254552,0,2,-3,-2,-1,1,0,2
540,540,1503614254559,-2,2,0,-3,-1,0,-1,-3
541,541,1503614254567,-1,0,1,-2,-2,-2,-1,-5
542,542,1503614254581,-1,-4,-1,-1,0,0,-2,2
543,543,1503614254589,0,-2,-1,-1,2,0,0,-4
544,544,1503614254597,-1,-1,-2,-2,-1,-2,2,2
545,545,1503614254612,-2,0,-2,0,-3,0,2,1
546,546,1503614254621,1,-1,-2,-2,-1,0,0,2
547,547,1503614254627,-2,-1,1,-3,-1,0,-1,0
548,548,1503614254642,-1,-3,-2,0,-1,0,-1,-2
549,549,1503614254650,1,3,3,3,-2,-2,-4,-2
550,550,1503614254657,0,0,1,0,1,-1,-2,-1
551,551,1503614254672,0,0,0,1,-1,0,-6,-1
552,552,1503614254679,-2,-1,0,-1,0,1,0,-6
553,553,1503614254687,-1,0,-4,-3,0,-1,-3,-1
554,554,1503614254701,0,0,0,0,-1,0,-3,0
555,555,1503614254717,1,-2,1,-1,0,-2,0,-1
556,556,1503614254718,-1,-2,-1,0,-1,0,-1,0
557,557,1503614254732,0,-1,-1,-1,-1,0,-1,1
558,558,1503614254739,-1,0,-1,-1,-4,-1,-1,0
559,559,1503614254747,-4,-4,-3,1,-2,-1,3,0
560,560,1503614254761,-1,-3,-6,-1,-1,-1,0,3
561,561,1503614254770,0,0,-1,-1,1,-1,0,-3
562,562,1503614254777,2,0,3,-1,0,-2,-1,0
563,563,1503614254792,1,-1,0,-2,0,-3,-3,-1
564,564,1503614254799,-2,-1,-4,-3,-3,1,4,0
565,565,1503614254808,0,-3,1,1,-3,-1,-3,1
566,566,1503614254821,-1,-1,-1,-1,-3,-2,-3,0
567,567,1503614254829,-1,0,-3,-4,1,1,0,0
568,568,1503614254837,-3,-1,0,0,0,-2,0,-4
569,569,1503614254852,0,-1,-3,-1,-2,-2,-1,-3
570,570,1503614254859,-1,-3,-3,-2,-1,-1,0,-3
571,571,1503614254867,0,1,-1,0,0,0,0,0
572,572,1503614254881,1,3,0,1,1,0,-1,0
573,573,1503614254889,-1,-2,-2,-2,-2,-1,0,2
574,574,1503614254897,0,-1,1,0,-1,0,-1,0
575,575,1503614254912,-1,-3,-2,0,-1,1,1,4
576,576,1503614254919,-3,0,-2,-1,-1,-1,-2,-2
577,577,1503614254927,0,0,-1,-1,0,-1,-1,-2
578,578,1503614254941,2,1,-2,-1,0,-2,0,2
579,579,1503614254949,0,1,0,2,-1,-1,-3,-2
580,580,1503614254957,-2,-1,-3,-2,-1,0,-2,-3
581,581,1503614254972,-1,-2,-1,-3,-1,0,2,-1
582,582,1503614254979,-1,0,-1,0,0,-1,-3,-3
583,583,1503614254987,-1,-1,1,-2,-2,0,-1,0
584,584,1503614255001,-1,-3,0,0,-1,0,1,1
585,585,1503614255011,-3,3,1,-1,-1,-2,-4,-10
586,586,1503614255017,1,1,2,0,0,-1,-1,-1
587,587,1503614255032,-1,-1,-2,0,0,0,2,0
588,588,1503614255040,-1,-1,-2,-1,-1,-3,-2,-2
589,589,1503614255047,2,1,5,1,-1,-2,0,3
590,590,1503614255061,-1,-3,-1,-2,1,-1,-3,-2
591,591,1503614255062,0,-1,1,0,-2,0,-1,0
592,592,1503614255070,-3,-4,-3,0,-2,0,0,-1
593,593,1503614255079,0,2,2,1,-1,1,-2,-2
594,594,1503614255092,1,-1,-2,-1,1,-1,-1,1
595,595,1503614255099,0,1,-2,-2,-1,-1,-1,-7
596,596,1503614255108,0,-2,-2,1,0,-2,-1,-1
597,597,1503614255122,-3,-1,-1,1,0,0,0,1
598,598,1503614255130,0,-1,-4,-2,-1,-3,-3,-1
599,599,1503614255137,0,0,0,-1,-1,1,-2,-2
600,600,1503614255152,-2,-3,1,0,-1,1,-1,-1
601,601,1503614255159,1,1,0,0,0,-2,-2,-1
602,602,1503614255168,-2,0,0,-1,-1,0,-1,-3
603,603,1503614255181,0,-2,-3,-1,-2,-1,-2,2
604,604,1503614255189,-1,1,0,1,0,-1,-1,3
605,605,1503614255190,0,1,0,-1,-1,-2,0,-2
606,606,1503614255197,-2,-2,-1,1,0,0,-2,3
607,607,1503614255212,0,-1,-5,0,0,0,0,2
608,608,1503614255219,0,-2,-2,-3,-2,-1,2,1
609,609,1503614255227,-1,1,0,-3,0,0,-2,-1
610,610,1503614255241,-2,-2,-3,-1,-1,0,-1,0
611,611,1503614255250,-3,1,-1,0,-2,1,-2,0
612,612,1503614255262,0,1,1,0,-1,-2,-3,-2
613,613,1503614255272,-2,-1,0,-2,-2,-1,-2,0
614,614,1503614255279,-1,2,2,0,-1,-1,-3,1
615,615,1503614255288,0,-3,-3,-2,-1,-1,1,1
616,616,1503614255301,-2,0,3,0,1,-1,2,-2
617,617,1503614255309,0,-1,0,1,-2,-2,-2,0
618,618,1503614255317,-1,-3,-4,0,-1,-3,0,-1
619,619,1503614255332,1,0,0,-1,1,-1,-1,-1
620,620,1503614255339,-2,0,-1,-1,-3,-2,0,-1
621,621,1503614255347,0,-1,-1,-1,-1,1,0,1
622,622,1503614255361,-2,-1,0,-2,0,1,-1,-1
623,623,1503614255369,-2,-2,-3,-1,-1,1,0,-1
624,624,1503614255377,-1,-1,0,-1,0,-1,0,-1
625,625,1503614255392,-2,0,0,-3,-1,-2,-2,-3
626,626,1503614255399,-1,-4,-3,0,0,-2,-1,0
627,627,1503614255407,3,2,1,0,0,-1,0,1
628,628,1503614255422,0,-3,0,-1,-1,-1,2,1
629,629,1503614255429,0,-1,-1,1,-1,-1,2,0
630,630,1503614255444,0,-1,-1,-1,-3,0,1,-3
631,631,1503614255452,-3,-2,-1,-1,-2,-2,-3,-4
632,632,1503614255459,0,-1,-1,-1,-2,-1,-3,-3
633,633,1503614255475,1,3,4,0,0,-1,-2,2
634,634,1503614255481,0,-2,-3,-1,-1,-1,0,-5
635,635,1503614255489,-2,-2,2,0,-2,2,2,3
636,636,1503614255490,0,-1,0,2,-1,-1,-3,-7
637,637,1503614255504,0,-2,-1,0,-2,1,0,0
638,638,1503614255514,-1,-3,-2,0,1,1,-1,3
639,639,1503614255519,0,0,-2,0,0,1,-2,0
640,640,1503614255535,-2,-2,-4,-3,-1,-1,2,-1
641,641,1503614255550,0,0,-1,-2,-1,-1,-1,-2
642,642,1503614255557,-1,-2,-3,-1,-3,0,-3,1
643,643,1503614255564,0,-2,-3,-3,-1,0,2,4
644,644,1503614255572,-2,-1,2,-2,-3,1,1,-2
645,645,1503614255582,-1,0,-2,-1,0,-3,-3,1
646,646,1503614255595,1,0,-3,0,1,-3,-2,0
647,647,1503614255609,-2,-1,-2,-1,1,1,0,-1
648,648,1503614255611,2,1,2,0,-1,-3,-4,-3
649,649,1503614255624,-2,0,1,0,-1,-2,-1,-2
650,650,1503614255632,-3,0,-1,0,-2,-1,-2,-2
651,651,1503614255639,2,4,3,0,0,-1,1,3
652,652,1503614255655,-2,-5,0,-3,-2,0,2,3
653,653,1503614255661,4,9,-5,-3,0,1,1,11
654,654,1503614255669,-1,-2,-5,-2,2,1,3,0
655,655,1503614255685,-4,-10,-7,-4,-5,1,-3,-3
656,656,1503614255692,0,3,0,2,-1,-2,-4,-1
657,657,1503614255699,-1,-1,0,-1,0,-2,0,-5
658,658,1503614255716,1,-3,1,-1,-3,-1,0,4
659,659,1503614255721,-2,2,3,3,-1,0,-4,-2
660,660,1503614255729,1,0,1,-3,0,-1,0,4
661,661,1503614255744,10,15,-13,6,4,1,8,4
662,662,1503614255752,1,7,-3,1,0,1,-1,-6
663,663,1503614255759,-6,-16,-9,-6,-4,-2,-2,-2
664,664,1503614255774,-3,-2,-1,0,0,-1,1,4
665,665,1503614255783,-3,-2,1,-3,0,-5,-5,-6
666,666,1503614255790,-4,-4,2,-2,-1,0,-5,-13
667,667,1503614255804,-1,0,2,0,-1,-1,0,-1
668,668,1503614255812,-4,-15,-12,-6,-3,-1,-3,-9
669,669,1503614255820,-7,-18,-2,-3,-4,-1,-6,-2
670,670,1503614255834,5,9,11,7,3,0,4,11
671,671,1503614255841,-4,-11,-10,-5,-1,0,-1,-2
672,672,1503614255850,-6,-20,-24,-13,-4,-5,-3,-8
673,673,1503614255864,11,46,53,18,7,4,4,5
674,674,1503614255872,-6,-1,-4,-4,-4,-2,2,-4
675,675,1503614255879,1,10,3,3,2,-3,-3,-6
676,676,1503614255894,4,-2,-3,0,-4,-2,-5,14
677,677,1503614255901,-1,-23,-25,-5,-1,1,-5,13
678,678,1503614255909,-24,-21,-14,-5,-1,1,-10,-1
679,679,1503614255925,-3,-9,-6,-4,-5,-3,-4,-8
680,680,1503614255932,5,14,20,5,2,0,7,-2
681,681,1503614255947,-9,-6,-8,-9,-5,-4,5,-8
682,682,1503614255954,22,16,30,18,10,4,11,10
683,683,1503614255962,-7,-18,-8,-2,-3,-1,0,-9
684,684,1503614255977,5,-4,7,3,-1,1,4,-1
685,685,1503614255985,-22,-16,-12,-7,-1,-2,-4,-6
686,686,1503614255993,-16,-2,-8,-10,-4,-3,-1,-5
687,687,1503614256007,10,18,13,5,3,1,1,5
688,688,1503614256014,6,9,-3,-2,-3,-1,-2,0
689,689,1503614256024,-3,6,1,-1,-1,-3,0,-2
690,690,1503614256029,-53,-28,-15,-5,-1,-3,-5,-15
691,691,1503614256045,13,-5,-4,1,-2,1,0,4
692,692,1503614256052,18,-1,-2,-3,0,1,0,11
693,693,1503614256067,2,16,-1,2,-1,-1,-1,-3
694,694,1503614256075,10,3,-5,0,-1,2,-3,0
695,695,1503614256082,9,2,3,-1,-3,-1,-2,1
696,696,1503614256090,-1,-1,1,2,0,-1,2,0
697,697,1503614256105,-11,-9,4,-4,-3,0,-3,-2
698,698,1503614256112,7,-8,4,-1,0,0,0,1
699,699,1503614256128,12,21,10,5,3,5,2,3
700,700,1503614256134,14,4,-12,-8,-5,-3,-1,-2
701,701,1503614256142,-15,-10,-4,-1,-1,-1,-5,-5
702,702,1503614256150,-3,16,-6,4,1,-1,-2,-5
703,703,1503614256165,-5,-3,0,-3,-3,-2,-1,0
704,704,1503614256172,36,3,3,-1,-2,-2,-1,3
705,705,1503614256188,10,-1,7,-2,-3,0,0,-3
706,706,1503614256195,0,12,6,-1,-1,-1,0,-5
707,707,1503614256202,-10,-8,-11,-4,-2,-3,-3,-4
708,708,1503614256209,-22,-3,-3,-5,-4,0,-3,-3
709,709,1503614256210,-9,-3,-2,1,0,0,-1,-3
710,710,1503614256225,-4,-5,-10,-3,0,-2,0,-1
711,711,1503614256232,-5,-7,-11,-1,-2,-2,-1,-3
712,712,1503614256248,40,3,4,1,1,-1,-1,2
713,713,1503614256255,-8,-18,-16,-8,-4,-2,-6,-5
714,714,1503614256264,-15,-14,-8,-5,-5,-1,-1,1
715,715,1503614256270,-3,22,13,1,0,-1,1,2
716,716,1503614256287,10,-5,-4,-3,0,-1,-1,2
717,717,1503614256292,7,3,13,0,-2,-2,-1,1
718,718,1503614256308,-15,1,-3,-3,-2,-2,-1,0
719,719,1503614256314,0,13,10,2,2,-1,0,-4
720,720,1503614256323,2,4,4,1,0,-2,1,2
721,721,1503614256330,10,32,26,5,4,3,2,5
722,722,1503614256345,-34,-12,0,-3,-1,2,0,-2
723,723,1503614256354,11,14,15,10,4,3,3,4
724,724,1503614256368,9,19,13,6,2,1,3,7
725,725,1503614256374,-54,-15,-5,-6,-5,-3,-3,-6
726,726,1503614256383,7,19,23,7,3,3,-1,-3
727,727,1503614256397,29,-10,-16,-6,-1,-1,-1,-1
728,728,1503614256405,5,4,-4,-4,-1,-2,-1,-1
729,729,1503614256412,-18,-21,-5,-5,-5,-1,0,-4
730,730,1503614256428,-11,7,7,4,3,-1,-3,-2
731,731,1503614256435,-35,-33,-24,-12,-6,-5,-6,-3
732,732,1503614256443,7,-29,-25,-2,-2,2,4,12
733,733,1503614256457,17,-22,-25,-1,-3,-3,-3,-2
734,734,1503614256465,7,-32,-42,-18,-39,-30,3,37
735,735,1503614256472,-24,-33,-37,-26,-24,-24,-9,-47
736,736,1503614256490,43,61,58,75,73,23,29,0
737,737,1503614256495,-1,16,21,26,118,115,32,40
738,738,1503614256502,-31,-44,-36,-53,-125,-115,-37,-21
739,739,1503614256517,2,10,21,12,0,5,-1,-1
740,740,1503614256526,-12,-7,-13,-3,26,25,-1,-5
741,741,1503614256532,11,8,1,-9,-70,-45,-23,-44
742,742,1503614256548,57,12,-1,-5,-24,0,30,73
743,743,1503614256555,7,-2,-3,5,43,5,5,-1
744,744,1503614256563,78,28,16,1,-48,-13,33,73
745,745,1503614256577,63,30,8,25,27,61,44,60
746,746,1503614256585,-36,-15,-8,-21,-51,-23,-26,-50
747,747,1503614256592,-24,2,1,-8,-22,-42,-26,-55
748,748,1503614256607,-27,-14,-9,-12,-10,1,-13,-15
749,749,1503614256614,-14,0,4,1,2,-22,6,-14
750,750,1503614256623,-23,-4,0,3,33,43,13,-29
751,751,1503614256637,4,-1,-1,-8,-44,13,-1,22
752,752,1503614256645,-18,-1,2,9,51,54,1,-47
753,753,1503614256652,0,-5,-6,-11,-44,-59,-13,10
754,754,1503614256668,-20,-1,2,7,24,7,-19,-36
755,755,1503614256674,-4,0,-1,-7,-17,-13,-8,0
756,756,1503614256682,-6,11,14,1,-3,-6,-7,-4
757,757,1503614256698,-6,0,6,1,1,-5,-4,-5
758,758,1503614256705,-3,4,9,6,-2,-10,1,-10
759,759,1503614256712,-40,-12,-4,-3,-5,-4,-11,-15
760,760,1503614256727,-5,-11,-12,-4,1,-3,-5,4
761,761,1503614256735,15,-2,-10,-4,-20,-52,4,13
762,762,1503614256743,-4,1,-4,-8,4,-3,20,-14
763,763,1503614256757,11,3,4,5,0,-8,1,11
764,764,1503614256765,-2,0,1,5,7,7,-9,-5
765,765,1503614256772,2,0,5,23,17,6,-3,-4
766,766,1503614256788,-10,-8,-11,-6,-5,-1,-7,-4
767,767,1503614256795,5,2,-2,-12,-9,3,-1,-3
768,768,1503614256802,-3,-4,-4,-4,-2,-6,-6,3
769,769,1503614256817,16,9,8,1,-1,15,10,28
770,770,1503614256825,-8,-5,-4,-3,1,-2,-9,-4
771,771,1503614256833,1,-7,-3,-11,-12,-47,-1,62
772,772,1503614256847,5,-2,-1,2,-1,-17,-2,-2
773,773,1503614256855,10,-9,1,8,4,22,-4,-28
774,774,1503614256869,17,5,5,-1,1,12,5,38
775,775,1503614256884,29,31,28,4,-6,-1,9,5
776,776,1503614256886,29,1,0,4,5,9,0,39
777,777,1503614256900,-49,-59,-45,-19,-4,6,-21,-86
778,778,1503614256907,-45,-26,-21,-11,-3,-6,-8,-74
779,779,1503614256914,-5,6,-4,-7,-4,7,-3,27
780,780,1503614256925,9,-3,-9,3,5,-3,-1,18
781,781,1503614256937,-12,-5,-15,-4,-4,-2,-9,-61
782,782,1503614256945,18,7,11,2,-9,-3,13,94
783,783,1503614256952,7,13,6,7,14,14,1,-10
784,784,1503614256967,37,6,-1,1,-1,5,40,61
785,785,1503614256974,-28,-7,-5,0,-4,-5,-6,-81
786,786,1503614256982,-6,-3,0,0,-2,-15,-23,-51
787,787,1503614256997,10,13,7,1,-5,-3,5,13
788,788,1503614257005,-21,6,4,2,7,5,-12,-55
789,789,1503614257012,6,-7,-10,-8,-3,1,2,-11
790,790,1503614257028,-2,12,6,5,3,3,-8,-13
791,791,1503614257035,15,-5,-3,-3,-4,4,10,33
792,792,1503614257042,-12,-5,-9,-5,0,-3,-7,-47
793,793,1503614257059,9,7,12,2,-2,-1,5,50
794,794,1503614257065,-29,-8,1,-2,-4,-4,-15,-36
795,795,1503614257072,10,4,1,-3,-2,1,2,59
796,796,1503614257087,-18,-5,2,0,-2,2,-8,-46
797,797,1503614257095,-5,-1,-6,-2,-3,2,-5,-23
798,798,1503614257102,9,2,12,1,-1,-1,1,26
799,799,1503614257117,-19,-18,-10,-9,-2,2,-4,19
800,800,1503614257127,-4,10,13,3,1,5,0,-24
801,801,1503614257132,-15,-9,-16,-7,-3,-3,-9,-7
802,802,1503614257147,4,8,17,6,3,6,3,11
803,803,1503614257154,-16,-2,6,1,0,-6,-10,-27
804,804,1503614257162,-18,-9,-3,0,-1,-7,-10,-37
805,805,1503614257177,-6,7,6,4,2,-1,-5,-18
806,806,1503614257185,-6,-6,-10,-5,-1,-1,-5,-23
807,807,1503614257193,9,-16,-17,-3,-2,2,16,78
808,808,1503614257207,9,45,53,16,5,0,-7,8
809,809,1503614257208,19,-10,-7,-1,0,4,7,20
810,810,1503614257214,-2,8,6,-9,-6,-4,-5,-20
811,811,1503614257231,2,-2,-10,-4,-2,-3,-2,11
812,812,1503614257237,9,9,6,9,3,3,4,5
813,813,1503614257245,-6,2,-5,-7,-6,-1,-5,-6
814,814,1503614257252,-22,-27,-15,-8,-5,-2,-8,-41
815,815,1503614257269,4,-3,8,8,7,2,-2,-11
816,816,1503614257275,-16,5,4,3,2,3,-4,-36
817,817,1503614257283,11,4,-11,-4,-3,-1,10,69
818,818,1503614257297,-5,10,17,4,1,-1,-6,-53
819,819,1503614257298,10,5,-3,0,0,-1,-2,-64
820,820,1503614257305,-10,6,3,-1,-4,-2,0,0
821,821,1503614257312,16,7,9,1,1,0,6,55
822,822,1503614257329,27,31,16,5,2,0,2,10
823,823,1503614257336,45,14,6,2,0,1,9,51
824,824,1503614257350,-9,-9,-5,-5,-3,-1,3,-7
825,825,1503614257357,8,8,7,4,7,4,0,-56
826,826,1503614257365,1,-5,-11,-6,-4,0,9,24
827,827,1503614257380,-13,7,-2,-5,-8,-11,-28,-95
828,828,1503614257388,0,-5,-2,0,0,-3,-11,-11
829,829,1503614257395,17,-21,-18,-11,-5,9,19,98
830,830,1503614257410,-45,-16,-16,-4,0,3,-8,-28
831,831,1503614257417,-3,-5,-7,-3,0,-3,-4,-20
832,832,1503614257425,2,-19,-13,-1,-1,-3,1,-1
833,833,1503614257440,37,14,9,4,1,0,4,29
834,834,1503614257448,3,12,5,2,0,-1,-8,-18
835,835,1503614257454,-8,2,3,4,3,-1,-10,-31
836,836,1503614257471,4,2,12,0,-3,-2,-3,-14
837,837,1503614257477,-2,-9,-15,-2,-1,-1,2,-13
838,838,1503614257485,-14,1,-5,-3,0,-1,-4,-8
839,839,1503614257499,-31,-1,8,3,1,-3,-7,-13
840,840,1503614257507,-7,-7,-5,-3,0,3,11,7
841,841,1503614257514,-24,-21,-13,-1,-2,-4,-5,-6
842,842,1503614257529,-47,-12,3,1,1,0,4,48
843,843,1503614257537,-8,14,15,6,1,2,7,19
844,844,1503614257545,-3,-13,-8,3,9,-1,-8,-55
845,845,1503614257559,1,-16,-24,-6,-3,-1,-2,-10
846,846,1503614257567,44,-13,-14,-4,-5,-4,-3,2
847,847,1503614257574,-1,-8,-3,-3,-5,0,11,48
848,848,1503614257589,-12,9,0,-2,-2,-2,-14,-74
849,849,1503614257597,-22,16,10,3,-1,-5,-13,-36
850,850,1503614257605,-2,-5,1,-2,-3,-3,-2,16
851,851,1503614257619,47,32,46,15,7,6,7,40
852,852,1503614257630,-11,12,3,-1,1,4,4,-9
853,853,1503614257634,-4,10,3,-2,0,-1,8,11
854,854,1503614257649,47,-12,-5,-5,-4,-2,6,24
855,855,1503614257657,3,-36,-27,-5,1,1,-2,-1
856,856,1503614257665,21,24,18,4,-1,-1,-1,-8
857,857,1503614257679,35,12,5,2,-1,0,1,0
858,858,1503614257687,-11,-3,1,3,1,-1,0,23
859,859,1503614257696,-26,2,8,2,0,1,3,31
860,860,1503614257709,-24,2,-1,-1,1,0,4,18
861,861,1503614257717,-12,3,0,1,0,-1,-1,4
862,862,1503614257725,-20,-1,0,0,-5,0,3,27
863,863,1503614257739,37,1,-5,-5,-3,-4,-1,-16
864,864,1503614257747,16,-7,-2,-1,-2,0,1,0
865,865,1503614257754,19,6,2,-12,-6,-3,-2,-3
866,866,1503614257770,-26,4,7,8,17,3,-3,-19
867,867,1503614257777,-106,-45,-20,-6,0,-5,-12,-49
868,868,1503614257785,-12,-6,-11,-21,-20,-6,-6,-8
869,869,1503614257799,-14,-2,2,2,1,2,1,-5
870,870,1503614257808,16,7,5,5,7,-3,-3,-4
871,871,1503614257814,3,-2,-5,1,-3,-1,-1,6
872,872,1503614257831,44,20,12,1,0,2,4,9
873,873,1503614257837,39,4,4,6,4,1,1,7
874,874,1503614257845,-9,-8,-9,-3,-2,-1,2,-5
875,875,1503614257859,4,6,2,-1,-6,-2,-1,4
876,876,1503614257868,2,7,1,4,1,5,3,-19
877,877,1503614257874,17,11,5,-1,-3,-4,1,-14
878,878,1503614257889,-22,-15,-12,-2,1,-3,-1,-29
879,879,1503614257898,-2,-3,-9,-7,-4,-5,-7,6
880,880,1503614257905,19,-1,-5,-2,-4,-1,2,50
881,881,1503614257919,36,3,3,1,1,0,1,25
882,882,1503614257927,-14,-6,-4,3,-1,-2,-2,-1
883,883,1503614257935,66,16,10,5,3,3,1,10
884,884,1503614257949,-2,-3,0,-4,-7,-5,-4,45
885,885,1503614257957,4,-9,-18,-3,0,-1,-4,-9
886,886,1503614257965,-18,-17,-12,-6,-4,-2,-6,-12
887,887,1503614257979,-74,-7,-12,-7,-2,-4,-3,-16
888,888,1503614257988,5,11,9,4,4,-1,-2,3
889,889,1503614257994,-26,0,6,2,0,0,-7,-37
890,890,1503614258009,26,12,10,2,2,1,-1,-5
965,965,1503614258752,7,-4,-7,0,2,7,1,-43
966,966,1503614258759,-29,-23,-13,-8,-6,-4,-5,-28
967,967,1503614258767,13,5,6,1,-2,3,0,-1
968,968,1503614258781,-46,-19,-10,-8,-19,-19,6,58
969,969,1503614258789,-38,-12,5,11,47,41,10,12
970,970,1503614258797,44,10,0,2,-4,7,-2,-9
971,971,1503614258812,19,13,5,-3,-30,-21,5,16
972,972,1503614258819,-2,4,8,6,10,9,0,4
973,973,1503614258827,-25,-11,-8,-6,-6,0,-7,-27
974,974,1503614258842,-6,7,5,-2,-11,-11,-2,8
975,975,1503614258850,41,10,7,4,24,10,6,30
976,976,1503614258857,33,0,-4,-3,-2,1,0,-13
977,977,1503614258872,-14,3,-2,-2,2,-9,-3,0
978,978,1503614258880,-10,-9,-1,0,2,0,-9,-53
979,979,1503614258887,6,1,0,0,-7,-1,7,72
980,980,1503614258901,13,1,-3,0,2,3,1,17
981,981,1503614258909,14,-1,-6,-7,-36,-21,-7,28
982,982,1503614258917,-10,2,4,6,30,27,7,-19
983,983,1503614258932,5,-4,0,-4,-8,-8,-8,-28
984,984,1503614258939,-17,-3,-2,0,-11,-7,-2,-5
985,985,1503614258948,-35,-3,-3,-1,5,-7,-8,-30
986,986,1503614258961,48,2,-2,-2,6,4,-1,33
987,987,1503614258970,9,-13,-8,-5,-25,-11,-4,-4
988,988,1503614258977,13,8,7,8,9,16,24,72
989,989,1503614258992,8,3,-2,-4,-4,0,16,48
990,990,1503614258999,-59,-15,-8,-3,7,1,-9,-60
991,991,1503614259007,-77,-10,-1,1,-3,-4,-22,-124
992,992,1503614259021,83,22,-2,-6,-22,-4,10,96
993,993,1503614259029,-33,-15,-2,3,13,7,-6,-68
994,994,1503614259040,8,10,-1,-5,-11,-13,-15,-59
995,995,1503614259054,76,16,6,1,2,9,-6,-13
996,996,1503614259059,-30,-10,-1,0,-10,-12,-1,-19
997,997,1503614259067,-13,-1,4,3,15,7,-3,8
998,998,1503614259082,11,-4,1,-2,-2,-7,-14,-37
999,999,1503614259090,16,-12,-11,-1,-18,-13,-4,21
1000,1000,1503614259097,-9,-16,-5,2,-9,12,3,-2
1001,1001,1503614259112,-53,-1,-3,-4,-7,-7,2,-15
1002,1002,1503614259119,-42,-6,-3,-4,3,-8,-12,-56
1003,1003,1503614259127,2,15,10,2,-2,4,-4,-22
1004,1004,1503614259142,69,15,4,-5,0,2,9,62
1005,1005,1503614259150,51,12,3,-3,-4,-2,6,51
1006,1006,1503614259157,-44,-4,9,10,1,-2,2,-19
1007,1007,1503614259174,-2,7,1,-5,-10,-12,4,16
1008,1008,1503614259180,-10,2,7,11,43,21,2,-15
1009,1009,1503614259194,-3,35,16,2,2,-3,-4,16
1010,1010,1503614259202,-15,-9,-3,1,-7,-12,-19,-47
1011,1011,1503614259210,-40,-26,-17,-4,24,8,-1,-41
1012,1012,1503614259225,-72,-15,-9,-14,-27,-18,-10,-30
1013,1013,1503614259232,14,2,5,8,6,7,4,-6
1014,1014,1503614259241,-5,-13,-4,-3,-3,-7,-5,2
1015,1015,1503614259254,25,-1,4,-2,17,12,17,-3
1016,1016,1503614259262,66,22,3,0,3,4,7,30
1017,1017,1503614259270,13,-10,-1,-2,-3,-6,-15,-23
1018,1018,1503614259284,16,-2,-4,-3,-2,-5,1,13
1019,1019,1503614259292,-13,-12,-5,3,-3,-5,-2,-70
1020,1020,1503614259299,-89,-5,-3,-3,-12,0,-9,17
1021,1021,1503614259314,37,-4,-8,-1,-8,4,4,60
1022,1022,1503614259322,-2,-9,-14,-5,0,-5,1,56
1023,1023,1503614259330,-2,3,2,2,2,7,7,21
1024,1024,1503614259344,-44,-18,-17,-11,-16,-17,-4,-30
1025,1025,1503614259352,-18,-4,1,3,53,33,-1,11
1026,1026,1503614259359,42,9,1,-4,-1,-4,-1,-7
1027,1027,1503614259375,19,12,-1,-6,-38,-13,3,26
1028,1028,1503614259382,28,4,3,7,17,10,6,-23
1029,1029,1503614259390,3,4,-2,-3,-12,-10,7,84
1030,1030,1503614259404,31,2,2,1,-2,1,3,23
1031,1031,1503614259412,-61,-4,-3,-2,-1,-2,-7,-22
1032,1032,1503614259419,2,19,17,3,-11,-5,2,11
1033,1033,1503614259442,0,-8,-5,-3,0,-1,-5,-24
1034,1034,1503614259450,39,20,10,1,-8,-9,-3,36
1035,1035,1503614259463,6,2,2,7,4,4,-1,-8
1036,1036,1503614259472,-8,-12,-8,-2,-5,-5,-1,-20
1037,1037,1503614259480,16,6,1,3,-2,-6,0,10
1038,1038,1503614259494,-14,-8,2,14,28,5,-3,-22
1039,1039,1503614259502,50,-6,-5,-3,11,20,15,-11
1040,1040,1503614259510,-42,9,4,-7,-20,-15,-4,57
1041,1041,1503614259511,-36,-21,-9,-8,-14,-6,-4,-25
1042,1042,1503614259524,21,11,1,-5,-4,-7,-2,-5
1043,1043,1503614259532,-2,7,3,-3,-4,-4,-10,-28
1044,1044,1503614259539,-24,-8,-5,-2,14,10,-3,-6
1045,1045,1503614259554,21,16,-5,-5,-7,-6,-3,-12
1046,1046,1503614259562,-13,-6,3,1,-8,-12,-8,1
1047,1047,1503614259570,-28,-23,-12,-11,-6,-3,0,3
1048,1048,1503614259584,-61,-2,7,15,13,0,0,5
1049,1049,1503614259592,5,9,3,-7,-7,-1,-6,-2
1050,1050,1503614259599,-18,-12,-9,-12,-12,0,-3,3
1051,1051,1503614259614,6,0,-1,-3,-4,-1,-3,-3
1052,1052,1503614259622,11,-6,-8,-3,-6,-1,1,3
1053,1053,1503614259630,21,8,-6,2,-9,-2,5,9
1054,1054,1503614259644,-15,13,12,2,-5,-2,-3,-1
1055,1055,1503614259652,-16,-10,-2,-4,2,1,-1,-1
1056,1056,1503614259659,16,3,-2,1,1,-1,-1,13
1057,1057,1503614259674,-14,-2,0,3,3,3,1,16
1058,1058,1503614259682,-24,-13,-11,-4,-4,-2,1,-6
1059,1059,1503614259690,-1,-5,0,7,2,1,3,-40
1060,1060,1503614259704,-2,0,2,-3,0,-1,-4,-28
1061,1061,1503614259712,-17,-2,1,-2,-1,-2,1,25
1062,1062,1503614259719,29,13,5,1,3,-1,-2,-46
1063,1063,1503614259734,59,8,4,-1,-3,-1,4,-29
1064,1064,1503614259744,-5,-3,-6,-8,-5,-3,0,-25
1065,1065,1503614259751,-8,0,1,-4,-2,-2,-1,19
1066,1066,1503614259763,7,0,0,-1,4,0,0,52
1067,1067,1503614259772,2,-2,0,1,11,2,-1,21
1068,1068,1503614259780,-7,-2,2,3,4,1,-1,23
1069,1069,1503614259794,-9,-10,-4,-4,-3,-3,-3,26
1070,1070,1503614259802,-6,-13,-8,-9,-4,0,-2,-127
1071,1071,1503614259811,-1,-1,2,1,-3,-2,1,4
1072,1072,1503614259824,3,0,4,7,5,0,-3,31
1073,1073,1503614259832,-4,1,5,4,10,5,-1,23
1074,1074,1503614259839,-4,-5,-8,7,1,-3,-2,83
1075,1075,1503614259854,-3,3,4,1,-2,-4,-1,15
1076,1076,1503614259862,15,13,4,3,3,1,2,-76
1077,1077,1503614259870,5,9,1,-11,-20,0,-1,-38
1078,1078,1503614259884,4,0,2,0,3,15,1,40
1079,1079,1503614259892,-23,-11,-11,-2,1,-2,-2,5
1080,1080,1503614259899,2,-4,3,-1,-5,-6,6,51
1081,1081,1503614259914,-16,8,-3,0,-6,-1,-3,-13
1082,1082,1503614259922,-3,1,-3,-3,-5,-5,-7,-12
1083,1083,1503614259930,4,-10,-8,3,0,-5,-3,-4
1084,1084,1503614259947,-7,-6,-3,-5,-8,-4,-6,6
1085,1085,1503614259953,-3,-3,0,12,9,0,-1,-4
1086,1086,1503614259959,-10,-20,-11,-4,-4,1,2,-19
1087,1087,1503614259974,18,9,15,2,0,2,1,9
1088,1088,1503614259982,-3,-8,-12,-1,-3,-3,-2,-5
1089,1089,1503614259990,18,12,-8,0,1,3,4,-18
1090,1090,1503614260004,15,-1,2,-1,-2,-3,-1,2
1091,1091,1503614260013,7,-18,-13,-9,-2,-4,-4,3
1092,1092,1503614260019,-6,14,12,-2,2,0,2,5
1093,1093,1503614260034,-8,-3,4,6,6,-1,-2,-7
1094,1094,1503614260042,1,7,3,2,2,2,6,20
1095,1095,1503614260050,-5,-12,-10,-7,-4,0,0,4
1096,1096,1503614260063,3,14,5,5,0,-2,-1,2
1097,1097,1503614260072,-1,4,0,1,-2,-1,-1,-5
1098,1098,1503614260080,-5,-10,-3,-10,-7,-2,-2,0
1099,1099,1503614260094,-17,-4,4,4,6,-1,-4,-9
1100,1100,1503614260102,-14,-3,-1,3,2,-1,-3,-17
1101,1101,1503614260110,-6,-10,-9,-6,-6,-2,-6,-11
1102,1102,1503614260123,2,29,30,12,5,2,1,-3
1103,1103,1503614260124,11,1,-1,-3,-3,-2,-1,-7
1104,1104,1503614260132,-5,-3,2,7,2,-2,0,-9
1105,1105,1503614260148,1,-15,-13,-6,1,-3,3,10
1106,1106,1503614260155,8,5,-1,-7,-7,-2,3,4
1107,1107,1503614260162,-7,-3,1,-4,-6,-5,-5,-5
1108,1108,1503614260177,17,32,25,6,3,3,-2,-8
1109,1109,1503614260183,-2,-6,11,2,-1,-2,-2,5
1110,1110,1503614260184,-13,-3,-12,-5,-3,0,-2,-4
1111,1111,1503614260192,-6,-8,-3,-3,-2,-1,-2,-6
1112,1112,1503614260206,4,1,10,2,1,1,1,9
1113,1113,1503614260214,7,0,-4,-7,-4,-3,0,8
1114,1114,1503614260222,-3,-3,-3,-1,-4,-2,0,1
1115,1115,1503614260237,7,7,7,4,-3,0,1,-4
1116,1116,1503614260243,-1,1,1,3,1,-2,-5,-6
1117,1117,1503614260253,8,-14,-13,-6,-2,-2,3,52
1118,1118,1503614260266,-10,-1,-2,-2,3,-1,-2,-4
1119,1119,1503614260274,-12,-17,-12,-8,-7,-2,-5,-21
1120,1120,1503614260282,4,10,1,-3,-2,-1,-2,3
1121,1121,1503614260297,-7,0,-1,-1,1,1,2,-10
1122,1122,1503614260304,3,-3,-1,-4,0,1,-3,-8
1123,1123,1503614260312,-5,1,4,-1,-1,-2,-1,-5
1212,1212,1503614261221,-17,1,-3,-2,3,2,1,-5
1213,1213,1503614261227,11,6,2,2,-8,-9,-3,-8
1214,1214,1503614261234,28,2,-4,1,2,-2,2,15
1215,1215,1503614261250,5,-5,-5,-1,-7,4,-2,-17
1216,1216,1503614261259,9,12,6,0,8,2,2,6
1217,1217,1503614261260,-54,-10,-6,-1,0,4,-2,-5
1218,1218,1503614261265,10,4,-2,-5,-3,-4,-9,-5
1219,1219,1503614261280,10,-14,-7,-1,-1,1,2,-1
1220,1220,1503614261288,-15,-4,0,-2,-3,-1,1,11
1221,1221,1503614261294,8,-6,1,-1,2,1,-2,-9
1222,1222,1503614261310,18,-5,-1,-2,-12,-6,-1,-22
1223,1223,1503614261317,11,-15,-7,1,13,7,0,7
1224,1224,1503614261325,9,10,2,-1,-6,-5,-2,5
1225,1225,1503614261326,18,-4,-4,-2,-2,-7,-4,-16
1226,1226,1503614261339,46,12,2,1,-2,3,15,77
1227,1227,1503614261347,-29,-3,-4,2,0,0,1,5
1228,1228,1503614261355,-39,-12,-3,1,-3,-2,-2,19
1229,1229,1503614261370,3,9,7,1,3,7,2,29
1230,1230,1503614261377,62,9,5,1,-1,-2,6,-3
1231,1231,1503614261385,11,-6,-10,-6,13,4,2,-16
1232,1232,1503614261399,7,3,2,-2,-1,-3,-8,-29
1233,1233,1503614261407,-13,4,2,0,-5,-4,-3,2
1234,1234,1503614261414,-34,-9,-11,-6,-5,-7,2,19
1235,1235,1503614261430,-24,3,1,3,9,6,-3,-3
1236,1236,1503614261437,-16,-1,1,0,-5,-1,-10,-73
1237,1237,1503614261445,-34,3,12,5,-1,-3,1,12
1238,1238,1503614261459,-21,-14,-9,-3,-8,-5,-8,-12
1239,1239,1503614261467,29,25,8,4,12,11,18,47
1240,1240,1503614261474,-5,13,3,-1,0,-3,-3,-8
1241,1241,1503614261490,2,-13,-8,-3,-3,-3,-8,-28
1242,1242,1503614261497,42,4,-3,-4,-5,-2,9,33
1243,1243,1503614261505,-1,-11,-5,-4,-6,-4,-2,2
1244,1244,1503614261519,-3,5,1,-2,-4,1,-6,-26
1245,1245,1503614261527,4,-4,-6,-5,-14,-8,-8,-41
1246,1246,1503614261534,-10,9,10,6,4,2,-1,12
1247,1247,1503614261550,-26,-10,-4,-4,-5,-8,-2,17
1248,1248,1503614261557,-3,18,9,4,13,6,-2,-4
1249,1249,1503614261565,17,5,-4,1,1,-1,1,-29
1250,1250,1503614261579,-24,-9,3,0,15,6,-3,-9
1251,1251,1503614261587,-5,-7,-1,-2,-3,-5,-5,-10
1252,1252,1503614261594,12,-7,-8,-7,-7,-1,10,52
1253,1253,1503614261617,8,3,3,0,-3,-4,-5,4
1254,1254,1503614261618,-24,-7,0,-2,-2,-2,-8,-7
1255,1255,1503614261625,9,-2,-1,-2,-5,1,4,36
1256,1256,1503614261639,-11,2,2,2,10,7,-1,3
1257,1257,1503614261647,-21,-14,-9,-6,-2,-6,-8,-93
1258,1258,1503614261654,34,1,-5,-2,-8,-6,-3,23
1259,1259,1503614261670,2,-12,-11,-6,-4,1,-3,25
1260,1260,1503614261677,-21,-10,-3,2,-2,-3,-3,-8
1261,1261,1503614261685,14,2,-2,0,-4,3,1,20
1262,1262,1503614261700,-11,-5,-6,-1,-6,-5,1,-21
1263,1263,1503614261707,8,-7,-6,0,10,3,3,62
1264,1264,1503614261714,17,1,-3,-6,-8,-6,-1,14
1265,1265,1503614261730,-4,1,-1,-2,-2,0,-3,-35
1266,1266,1503614261737,8,-6,-6,-3,-5,-2,-2,-36
1267,1267,1503614261745,-26,-14,-2,-2,0,-2,1,-7
1268,1268,1503614261761,-8,3,5,2,-3,-4,-7,-35
1269,1269,1503614261768,-4,2,0,-2,-5,-5,-2,-44
1270,1270,1503614261774,-4,8,3,0,13,3,0,1
1271,1271,1503614261792,-22,22,13,1,-2,0,-3,14
1272,1272,1503614261797,13,14,10,4,0,2,-1,17
1273,1273,1503614261805,37,1,-3,1,-1,-2,-3,4
1274,1274,1503614261819,-10,1,4,4,1,2,1,-11
1275,1275,1503614261827,-8,-3,-2,0,-3,-6,-4,-29
1276,1276,1503614261834,-28,-14,-9,-5,5,6,2,11
1277,1277,1503614261850,7,11,3,-4,-3,-3,1,4
1278,1278,1503614261859,18,-5,-7,-1,9,3,-2,-9
1279,1279,1503614261865,2,-22,-9,1,4,3,1,24
1280,1280,1503614261879,14,-8,-7,-3,-8,-4,-1,16
1281,1281,1503614261887,-13,-5,0,-1,-2,1,7,20
1282,1282,1503614261894,-13,-14,-11,-5,-8,-2,1,-7
1283,1283,1503614261910,-6,2,2,1,0,0,-3,-7
1284,1284,1503614261924,6,5,7,2,-2,-3,-4,-4
1285,1285,1503614261926,3,14,8,1,0,1,0,-1
1286,1286,1503614261939,-12,-8,1,2,-4,-4,-4,4
1287,1287,1503614261947,11,-7,-10,-4,-4,-4,-2,7
1288,1288,1503614261954,4,14,0,-2,8,3,0,-11
1289,1289,1503614261970,-16,-5,-4,-2,3,1,-5,8
1290,1290,1503614261977,1,-2,1,0,-8,-5,-2,0
1291,1291,1503614261998,-12,4,4,2,2,5,-2,-18
1292,1292,1503614262000,-22,-3,-2,-1,-2,-3,-4,-14
1293,1293,1503614262007,-17,-3,5,3,-3,-1,0,-49
1294,1294,1503614262022,-5,-8,-11,-3,-4,-4,-6,-67
1295,1295,1503614262030,9,4,3,0,-1,-1,-4,2
1296,1296,1503614262037,31,7,9,0,-5,0,1,16
1297,1297,1503614262052,-4,-2,0,1,2,1,0,6
1298,1298,1503614262060,-14,-6,-3,-2,-2,-2,3,49
1299,1299,1503614262067,40,11,6,-1,-3,-4,4,51
1300,1300,1503614262082,-5,0,3,1,0,0,0,-24
1301,1301,1503614262090,-3,-10,-4,-2,-1,-2,-1,-36
1302,1302,1503614262097,12,10,10,0,-1,1,0,-9
1303,1303,1503614262112,-19,-16,-4,-1,0,0,0,18
1304,1304,1503614262119,2,4,2,-1,0,0,1,43
1305,1305,1503614262128,40,4,0,0,0,1,-1,27
1306,1306,1503614262142,-8,-5,-2,-2,-2,0,-2,11
1307,1307,1503614262150,10,1,0,1,0,1,0,-23
1308,1308,1503614262157,22,-2,-5,1,-1,1,4,-12
1309,1309,1503614262172,3,6,1,-3,-1,0,1,-43
1310,1310,1503614262179,12,5,4,5,2,-1,1,-27
1311,1311,1503614262187,-5,-9,-4,-4,-2,-3,-4,12
1312,1312,1503614262202,-21,-2,3,-1,0,-2,-1,83
1313,1313,1503614262203,20,-13,-9,-1,0,1,-1,40
1314,1314,1503614262210,19,42,16,3,1,1,0,-27
1315,1315,1503614262216,-35,6,2,-2,-2,-1,-1,71
1316,1316,1503614262232,13,0,1,0,-2,0,-1,-15
1317,1317,1503614262239,-44,-6,-1,-5,0,-2,2,-128
1318,1318,1503614262247,-5,-5,-4,0,0,-1,0,-30
1319,1319,1503614262263,14,2,-1,0,-2,-1,0,-29
1320,1320,1503614262271,-47,-13,-6,-3,0,-2,-4,17
1321,1321,1503614262277,9,-4,-9,-5,-3,-3,-2,106
1322,1322,1503614262292,30,2,-3,-1,-1,-2,1,29
1323,1323,1503614262299,-2,-2,-3,-1,1,-2,-3,-46
1324,1324,1503614262307,-18,2,-12,0,0,-1,-2,-11
1325,1325,1503614262322,12,-3,-7,-2,-3,-2,0,-6
1326,1326,1503614262330,-32,-12,-3,0,0,3,0,3
1327,1327,1503614262337,-2,3,1,-2,-1,0,-1,-6
1328,1328,1503614262352,9,1,0,1,-2,1,2,22
1329,1329,1503614262359,-1,-8,-2,-2,-2,-1,-1,14
1330,1330,1503614262367,5,-18,-14,-3,0,1,1,27
1331,1331,1503614262382,-7,-6,-4,1,0,-1,-3,-3
1332,1332,1503614262390,2,2,4,0,-1,-1,-1,-2
1333,1333,1503614262397,0,1,3,1,-1,0,-1,12
1334,1334,1503614262411,-4,11,13,3,-2,-2,-2,10
1335,1335,1503614262419,2,7,-4,0,2,1,0,-4
1336,1336,1503614262429,-11,2,-2,-3,1,-2,-4,-7
1337,1337,1503614262442,-7,-6,3,3,0,1,2,10
1338,1338,1503614262450,31,1,-1,-1,0,-3,0,5
1339,1339,1503614262457,18,-2,-2,-2,-3,0,0,9
1340,1340,1503614262472,0,-5,-3,-4,-1,0,2,9
1341,1341,1503614262479,10,-1,0,-1,-3,-3,-2,-6
1342,1342,1503614262487,-10,-4,0,-4,-1,-3,0,5
1343,1343,1503614262502,-12,0,0,-2,-7,-2,-2,-9
1344,1344,1503614262510,-13,-6,-7,2,-1,4,2,-5
1345,1345,1503614262516,20,4,10,3,0,-2,0,2
1346,1346,1503614262517,-18,-2,-2,-1,-2,-4,1,-2
1347,1347,1503614262532,4,-6,0,0,2,1,-1,-11
1348,1348,1503614262539,15,7,1,0,-1,0,-2,-7
1349,1349,1503614262547,-12,-9,-7,-2,0,-1,1,9
1350,1350,1503614262564,-32,-4,1,0,2,0,-6,-19
1351,1351,1503614262570,25,8,1,-1,-3,-1,-2,2
1352,1352,1503614262577,0,13,12,4,4,2,3,7
1353,1353,1503614262592,10,5,3,-3,-2,-2,0,-6
1354,1354,1503614262599,0,-5,-6,-5,-1,-2,-1,-2
1355,1355,1503614262607,-12,-6,-3,0,-2,-1,-5,-17
1356,1356,1503614262622,-7,-7,-3,1,-1,-2,-3,-7
1357,1357,1503614262632,-1,-5,-4,0,1,-2,0,7
1358,1358,1503614262637,4,-2,-7,-1,-2,-2,0,6
1359,1359,1503614262651,11,3,3,-3,-1,1,-1,-2
1360,1360,1503614262652,-34,-19,-6,-5,-2,-2,-6,-20
1361,1361,1503614262659,19,7,3,-2,0,-2,-2,-15
1362,1362,1503614262668,-3,0,3,1,1,-3,-5,-8
1363,1363,1503614262682,-1,-3,-6,-1,-2,-1,-3,-4
1364,1364,1503614262690,8,-3,-12,1,1,0,-1,6
1365,1365,1503614262698,-2,4,2,1,0,-1,-4,-2
1366,1366,1503614262712,1,-1,-4,-1,-2,-1,3,14
1367,1367,1503614262719,-5,-13,-1,-4,-3,0,0,-4
1368,1368,1503614262727,5,5,4,-2,-2,0,-1,-11
1369,1369,1503614262742,-3,-1,2,-2,1,-1,1,-14
1370,1370,1503614262750,5,4,3,0,-2,1,0,-7
1371,1371,1503614262757,-5,0,1,2,-2,1,-1,1
1372,1372,1503614262772,-3,-5,-5,-3,-3,-2,-1,-4
1373,1373,1503614262779,8,5,-2,0,1,0,1,14
1374,1374,1503614262788,-5,-1,-2,-3,1,-2,-1,4
1375,1375,1503614262802,4,-9,-11,-1,0,0,-1,14
1376,1376,1503614262809,-3,-6,-2,-1,-1,-1,-1,-13
1377,1377,1503614262810,-4,9,8,2,0,-2,-2,3
1378,1378,1503614262817,-8,-2,-2,-2,-2,-2,1,4
1379,1379,1503614262832,-11,12,3,1,-1,1,-2,-20
1380,1380,1503614262840,6,10,2,-1,-1,-2,-3,-4
1381,1381,1503614262847,6,7,5,1,2,3,2,28
1382,1382,1503614262861,0,-5,-5,-2,-1,0,-3,10
1383,1383,1503614262862,5,2,-7,3,2,1,1,-13
1384,1384,1503614262871,-24,-9,-2,1,0,-4,0,-4
1385,1385,1503614262877,-3,1,-2,-3,-3,-2,-3,0
1386,1386,1503614262892,6,10,8,2,1,1,0,0
1387,1387,1503614262900,-9,-1,5,-1,-1,-2,-1,-16
1388,1388,1503614262907,-2,-11,-6,-3,-3,-1,1,9
1389,1389,1503614262922,16,10,2,-1,0,-1,3,29
1390,1390,1503614262930,2,-10,-6,-3,-1,0,-2,8
1391,1391,1503614262944,-7,-1,3,0,-1,0,-1,-3
1392,1392,1503614262952,-2,1,2,0,-1,-1,-3,-9
1393,1393,1503614262959,18,-6,-2,0,-3,-2,-3,-5
1394,1394,1503614262977,8,-4,-2,0,-2,-1,3,5
1395,1395,1503614262982,16,-8,-10,-3,1,-1,3,20
1396,1396,1503614262990,9,2,-1,-2,0,-1,2,29
1397,1397,1503614263004,4,7,2,0,-1,-1,1,-1
1398,1398,1503614263012,-10,-1,-2,-2,-4,-1,-4,-14
1399,1399,1503614263019,-9,-11,1,-1,-1,-1,-2,5
1400,1400,1503614263038,-6,-9,-7,-2,0,-2,0,-10
1401,1401,1503614263042,-2,-5,-3,-2,-1,-2,2,-6
1402,1402,1503614263050,4,-3,-3,1,0,-2,-1,-9
1403,1403,1503614263063,5,0,1,-2,1,-1,-3,-5
1404,1404,1503614263072,-6,0,-3,-1,-1,-1,-3,-13
1405,1405,1503614263079,-10,6,6,3,-2,1,-2,-6
1406,1406,1503614263094,5,5,8,1,0,1,0,15
1407,1407,1503614263102,-5,3,7,2,1,1,-1,1
1408,1408,1503614263110,-3,2,-2,1,-1,-2,-2,-1
1409,1409,1503614263123,18,-7,-3,-4,-1,0,-1,13
1410,1410,1503614263132,6,5,4,-1,-1,-1,3,8
1411,1411,1503614263139,-5,-5,-5,-2,-3,-2,-2,-14
1412,1412,1503614263154,0,1,-3,-2,0,-1,-2,-12
1413,1413,1503614263162,-12,-4,-2,0,2,-1,-1,-2
1414,1414,1503614263170,-11,-3,-1,0,-1,-2,-5,-21
1415,1415,1503614263184,-2,-3,-5,0,1,0,1,8
1416,1416,1503614263192,-7,-6,-2,-1,-1,-1,-2,-13
1417,1417,1503614263201,-9,-9,-4,-4,-1,-1,0,-9
1418,1418,1503614263214,-28,-3,3,-2,-1,-1,-1,0
1419,1419,1503614263222,-8,0,-8,-3,-2,-1,0,-10
1420,1420,1503614263230,3,0,-4,-3,-2,-2,-1,-2
1421,1421,1503614263243,-4,3,1,3,2,-1,-4,-6
1422,1422,1503614263252,10,-2,-1,0,-2,0,-2,1
1423,1423,1503614263259,11,7,10,0,-2,-1,-3,-9
1424,1424,1503614263281,5,12,3,2,2,-2,0,3
1425,1425,1503614263282,-7,6,9,-2,-2,2,1,-2
1426,1426,1503614263290,-3,-6,-4,-1,0,0,-2,-3
1427,1427,1503614263304,26,2,-5,0,-1,3,10,68
1428,1428,1503614263312,3,-4,-5,-3,-2,-1,1,3
1429,1429,1503614263319,-5,2,6,2,0,-4,-5,-17
1430,1430,1503614263335,20,12,3,1,2,3,5,8
1431,1431,1503614263336,4,5,4,-1,-1,0,3,6
1432,1432,1503614263342,-13,-10,-8,-3,0,-3,-3,-9
1433,1433,1503614263350,-8,-6,-2,-1,2,0,-4,-11
1434,1434,1503614263363,-7,-2,-2,1,-1,-2,0,-4
1435,1435,1503614263372,1,0,-1,-2,-4,-1,1,1
1436,1436,1503614263379,11,1,-2,-3,-1,-1,-2,-2
1437,1437,1503614263394,2,-16,-10,-1,0,0,1,15
1438,1438,1503614263403,-12,-6,-6,-5,-3,0,-2,-7
1439,1439,1503614263410,5,1,1,-1,-1,-1,-3,-7
1440,1440,1503614263423,-6,-7,-4,-1,0,-1,-3,-3
1441,1441,1503614263432,-7,8,2,0,0,1,4,9
1442,1442,1503614263439,10,21,21,6,1,0,-2,4
1443,1443,1503614263454,7,19,10,-1,1,-2,-1,-1
1444,1444,1503614263462,0,-9,-11,-3,-2,-1,1,-7
1445,1445,1503614263471,-1,-5,0,1,0,-1,-1,-8
1446,1446,1503614263484,-15,-8,-9,-4,-3,-2,-2,-9
1447,1447,1503614263492,5,-9,-5,-6,-4,-1,-1,15
1448,1448,1503614263499,-6,-3,-2,2,-1,0,-2,2
1449,1449,1503614263514,-8,-12,-5,0,-2,-1,-2,-7
1450,1450,1503614263522,6,2,4,-2,-3,-3,-3,-2
1451,1451,1503614263530,-15,-2,3,2,2,-2,0,-3
1452,1452,1503614263543,5,2,1,-1,1,-2,2,12
1453,1453,1503614263551,-12,-10,-8,-7,-4,-1,1,-2
1454,1454,1503614263552,-3,-2,-4,-7,-4,-4,-2,-1
1455,1455,1503614263559,-6,0,2,1,0,-1,-1,-4
1456,1456,1503614263575,10,2,-3,-1,-2,1,1,1
1457,1457,1503614263582,-2,-3,-2,2,4,1,-1,-4
1458,1458,1503614263590,-3,-2,2,0,-2,-1,-2,-4
1459,1459,1503614263604,6,11,-8,-4,-2,-1,-3,-6
1460,1460,1503614263612,5,24,18,2,1,2,2,18
1461,1461,1503614263619,-3,8,10,3,1,0,0,-1
1462,1462,1503614263634,9,-3,-6,4,0,0,-3,-9
1463,1463,1503614263642,-2,-14,-11,-5,-5,1,1,-4
1464,1464,1503614263657,-3,-4,-2,-2,0,0,-1,1
1465,1465,1503614263663,-6,-10,-5,-5,-5,-3,-3,2
1466,1466,1503614263673,-13,-3,3,0,-1,1,-1,-4
1467,1467,1503614263680,14,1,0,1,2,2,1,4
1468,1468,1503614263694,5,-5,-7,-4,-7,-7,-5,-11
1469,1469,1503614263701,-4,-14,-8,-7,-2,-3,-1,12
1470,1470,1503614263702,-9,-4,-1,-1,0,3,4,6
1562,1562,1503614264602,44,10,-2,1,3,2,6,28
1563,1563,1503614264621,-52,-20,-7,-5,-7,-7,-9,-31
1564,1564,1503614264624,0,-2,-2,-2,7,5,-9,-17
1565,1565,1503614264639,0,3,-3,2,0,4,6,40
1566,1566,1503614264646,-39,-11,-5,-4,-2,-7,-4,-46
1567,1567,1503614264654,0,3,6,-3,-10,-3,8,27
1568,1568,1503614264661,2,3,4,2,8,3,9,41
1569,1569,1503614264678,20,5,1,-3,-4,-2,-1,-10
1570,1570,1503614264684,-53,-19,-13,-4,-16,-7,-8,-30
1571,1571,1503614264692,1,-12,-2,7,26,10,6,11
1572,1572,1503614264706,-8,10,5,2,-6,-3,-5,-37
1573,1573,1503614264714,-19,-6,3,1,-4,-1,-9,-11
1574,1574,1503614264721,1,-3,-1,0,-4,-3,5,-37
1575,1575,1503614264736,-10,6,-2,-4,-3,-1,-2,-25
1576,1576,1503614264745,-39,3,4,1,1,1,-6,-1
1577,1577,1503614264752,-10,2,-4,-4,-12,-6,-4,-5
1578,1578,1503614264766,24,13,9,4,10,4,2,12
1579,1579,1503614264774,22,17,6,0,-5,-4,-4,7
1580,1580,1503614264788,35,7,4,2,8,6,10,99
1581,1581,1503614264796,15,-10,-10,-4,-9,-7,-9,-34
1582,1582,1503614264804,-24,-7,-1,-2,-3,-3,-4,-22
1583,1583,1503614264819,-2,-7,-6,-1,-2,4,9,14
1584,1584,1503614264826,-6,21,11,2,-1,-3,-2,-14
1585,1585,1503614264834,7,-8,-2,-3,-8,-5,-5,-1
1586,1586,1503614264849,-8,-13,-12,-6,6,4,6,34
1587,1587,1503614264857,0,-2,0,-1,-2,-2,-8,-6
1588,1588,1503614264864,-8,1,0,-1,-4,-3,-11,-61
1589,1589,1503614264880,10,-4,-7,-4,3,4,3,56
1590,1590,1503614264886,-7,-3,-2,2,-1,0,3,6
1591,1591,1503614264894,2,-10,-6,-1,-3,-4,4,1
1592,1592,1503614264908,48,0,0,2,4,4,5,30
1593,1593,1503614264917,-5,21,13,5,3,1,2,58
1594,1594,1503614264924,-32,-8,-5,-1,5,-2,-3,18
1595,1595,1503614264939,19,-2,2,1,0,4,9,48
1596,1596,1503614264947,69,-7,-7,-4,-1,-4,1,-14
1597,1597,1503614264955,-47,-15,-12,-9,-5,-7,-9,-92
1598,1598,1503614264969,-14,-11,-6,-3,-6,4,-4,-28
1599,1599,1503614264977,-33,-2,-1,-1,-8,-1,6,-7
1600,1600,1503614264985,-23,-14,-10,-9,-11,-7,-6,13
1601,1601,1503614264999,-11,7,8,4,13,6,14,76
1602,1602,1503614265006,17,21,9,-1,-7,-1,7,57
1603,1603,1503614265016,-20,-26,-11,-4,-4,-5,-12,-42
1604,1604,1503614265029,12,-8,-8,-4,0,1,3,13
1605,1605,1503614265037,42,0,-4,-2,-2,0,3,-36
1606,1606,1503614265044,-50,2,0,2,0,0,-8,-65
1607,1607,1503614265059,2,0,-4,-2,5,4,-1,3
1608,1608,1503614265066,28,5,6,2,1,2,9,58
1609,1609,1503614265074,-22,-2,0,-2,-6,-7,-7,-2
1610,1610,1503614265088,6,12,4,7,3,-2,-7,-39
1611,1611,1503614265096,-21,-4,-5,-1,-1,-2,-7,-15
1612,1612,1503614265104,26,23,11,-3,-5,-3,5,21
1613,1613,1503614265119,-4,0,-6,-5,-26,-6,-5,13
1614,1614,1503614265126,-23,-11,-6,2,21,8,0,44
1615,1615,1503614265134,-13,5,4,-1,0,-2,-1,-45
1616,1616,1503614265149,13,-8,-4,-2,-9,-4,-6,-71
1617,1617,1503614265157,57,2,-3,-1,0,0,0,36
1618,1618,1503614265164,-17,11,3,-1,-2,-3,-1,-21
1619,1619,1503614265179,13,1,0,1,18,3,3,18
1620,1620,1503614265186,84,-2,-4,-7,-10,-3,2,46
1621,1621,1503614265194,-3,5,2,6,9,4,-3,-53
1622,1622,1503614265208,-4,-7,-4,0,-6,-4,-4,-45
1623,1623,1503614265217,12,-4,-4,-5,0,0,12,22
1624,1624,1503614265224,5,20,10,5,2,1,-3,11
1625,1625,1503614265239,26,5,4,0,-2,0,-4,-17
1626,1626,1503614265246,-26,-16,-3,1,-1,-1,5,-1
1627,1627,1503614265254,-23,-3,-1,-1,0,-2,-7,-34
1628,1628,1503614265268,-13,-7,0,1,-11,-8,-6,40
1629,1629,1503614265277,-36,-7,4,5,15,10,0,58
1630,1630,1503614265284,-13,26,11,2,4,-2,-6,31
1631,1631,1503614265299,55,-1,-2,-2,-8,-7,-4,19
1632,1632,1503614265306,29,-8,-7,-2,7,0,3,2
1633,1633,1503614265316,-3,13,1,-3,4,0,-1,-25
1634,1634,1503614265328,-35,-13,-7,-3,-2,0,1,-37
1635,1635,1503614265336,-2,7,3,5,-2,-4,-2,-9
1636,1636,1503614265344,1,-8,-4,-6,-2,1,-4,-36
1637,1637,1503614265359,-3,7,9,4,-3,-4,2,28
1638,1638,1503614265366,25,14,4,0,2,4,3,29
1639,1639,1503614265374,-27,-13,-6,-7,-6,-2,-7,-85
1640,1640,1503614265388,22,18,3,3,-3,-3,3,29
1641,1641,1503614265389,-76,-20,-9,1,3,-3,-9,-33
1642,1642,1503614265396,34,9,5,-2,18,7,3,-12
1643,1643,1503614265404,-17,-13,-9,-1,-7,-2,1,-8
1644,1644,1503614265419,-19,-12,-4,-4,-13,-6,-3,-7
1645,1645,1503614265426,2,-6,-9,-1,2,3,-2,-3
1646,1646,1503614265434,-16,-11,-10,-4,-5,-4,-4,4
1647,1647,1503614265450,11,-2,4,-2,-3,-1,1,-7
1648,1648,1503614265457,44,19,10,5,0,3,8,-10
1649,1649,1503614265464,-3,-9,-12,-9,-6,-4,-2,-7
1650,1650,1503614265479,-13,8,5,3,2,1,-4,7
1651,1651,1503614265486,-33,-7,1,0,-1,-3,3,-25
1652,1652,1503614265494,-7,-14,-5,-5,-8,-5,-2,0
1653,1653,1503614265508,-8,6,7,12,19,5,-2,16
1654,1654,1503614265518,-31,-7,-4,-2,0,-1,1,14
1655,1655,1503614265524,-7,-9,-7,-9,-8,-5,-5,-8
1656,1656,1503614265539,18,14,10,2,-3,1,-1,0
1657,1657,1503614265546,-2,-2,2,-2,-1,0,0,108
1658,1658,1503614265554,13,-5,-10,-4,1,-1,1,59
1659,1659,1503614265568,6,-15,-5,-2,-1,-2,-4,81
1660,1660,1503614265576,2,-1,-5,-1,-1,-2,-3,15
1661,1661,1503614265584,47,18,7,-2,-4,-2,2,-128
1662,1662,1503614265599,18,39,9,5,1,1,-1,-75
1663,1663,1503614265606,-6,2,-3,0,-3,-2,-4,-47
1664,1664,1503614265614,20,-14,-7,-2,-1,0,3,7
1665,1665,1503614265628,-12,-13,-1,-2,0,1,-1,-14
1666,1666,1503614265636,-16,-27,-16,-5,-4,-3,-3,107
1667,1667,1503614265644,2,-12,-9,-4,-4,-2,-3,-36
1668,1668,1503614265659,-12,31,12,-1,0,1,-1,-88
1669,1669,1503614265660,-21,-10,-6,-5,0,-2,0,-41
1670,1670,1503614265666,-14,10,5,1,-1,-1,0,-84
1671,1671,1503614265674,10,5,-2,-1,1,1,-1,-70
1672,1672,1503614265689,-6,3,2,0,-1,-1,-1,14
1673,1673,1503614265697,-9,-6,2,1,1,-2,-3,-3
1674,1674,1503614265704,4,2,4,0,-2,-1,2,51
1675,1675,1503614265719,-7,-7,-3,0,7,6,0,15
1676,1676,1503614265726,10,5,0,1,-2,1,2,3
1677,1677,1503614265742,7,9,3,0,-4,-1,3,15
1678,1678,1503614265748,-2,-3,-4,-2,0,-2,2,27
1679,1679,1503614265757,10,-3,-2,-1,-3,-1,-2,2
1680,1680,1503614265771,-1,3,1,-4,-3,4,-4,8
1681,1681,1503614265779,-23,-8,-1,-2,-2,-3,-3,-22
1682,1682,1503614265786,0,5,-3,1,-1,-2,-1,8
1683,1683,1503614265801,2,3,6,3,-1,-1,-2,0
1684,1684,1503614265809,4,6,6,1,0,-1,2,9
1685,1685,1503614265817,-6,-5,0,-1,-5,-3,-4,-10
1686,1686,1503614265832,-5,-5,-2,1,-3,-1,-5,-44
1687,1687,1503614265839,-9,4,11,1,-2,-3,-1,-5
1688,1688,1503614265855,-11,-14,-5,-3,0,0,-2,-11
1689,1689,1503614265862,8,-7,-5,1,0,-2,1,4
1690,1690,1503614265876,2,7,1,2,1,0,3,14
1691,1691,1503614265878,-5,-1,-3,-1,0,-2,-3,0
1692,1692,1503614265892,-1,-5,-3,-2,-3,-1,0,12
1693,1693,1503614265899,-4,-16,-10,-6,-1,0,-2,-15
1694,1694,1503614265915,-4,-11,-5,-1,0,-4,-1,7
1695,1695,1503614265926,-28,-4,-3,-3,-2,-2,3,0
1696,1696,1503614265936,5,11,6,2,1,2,-1,4
1697,1697,1503614265937,14,7,-1,0,0,-1,-2,6
1698,1698,1503614265954,7,6,-2,-2,-1,0,0,2
1699,1699,1503614265959,-12,3,4,2,0,0,2,-5
1700,1700,1503614265974,11,-1,1,-2,0,-1,-1,6
1701,1701,1503614265988,9,-4,-2,0,0,0,0,3
1702,1702,1503614265993,-10,-5,-8,-2,-1,-1,-2,-1
1703,1703,1503614265997,10,7,-4,1,0,0,-1,-11
1704,1704,1503614266012,-10,-3,-2,-2,1,-2,0,-2
1705,1705,1503614266022,4,1,0,-2,1,0,0,30
1706,1706,1503614266034,6,-7,-7,1,0,-1,-2,14
1707,1707,1503614266041,-2,-3,3,-1,-1,-2,-2,-15
1708,1708,1503614266049,-7,4,3,2,0,0,-5,-5
1709,1709,1503614266057,4,7,0,-3,-3,-2,-4,-21
1710,1710,1503614266072,9,8,7,0,1,1,0,-30
1711,1711,1503614266079,13,8,4,4,1,3,3,11
1712,1712,1503614266094,-4,0,-2,0,-4,-1,-2,3
1713,1713,1503614266101,0,-6,-2,-2,-2,-2,-2,15
1714,1714,1503614266110,3,2,-6,-4,0,-2,1,9
1715,1715,1503614266117,2,9,10,1,-1,1,0,-7
1716,1716,1503614266132,5,-6,-1,-4,-2,-1,0,61
1717,1717,1503614266139,2,4,0,-3,2,-1,-1,-10
1718,1718,1503614266157,0,4,4,-1,0,1,1,-50
1719,1719,1503614266161,7,-3,-1,-2,0,-1,0,1
1720,1720,1503614266169,-4,3,1,0,0,-1,-1,-10
1721,1721,1503614266176,-7,1,4,4,1,-1,-3,-13
1722,1722,1503614266192,1,2,9,1,-2,-1,-4,-3
1723,1723,1503614266206,-7,-6,-5,0,-1,-3,-2,-5
1724,1724,1503614266215,-2,-4,-4,-3,-1,-1,-1,-1
1725,1725,1503614266222,4,-4,-4,-4,0,1,0,2
1726,1726,1503614266223,-4,-1,2,2,-2,-3,-2,5
1727,1727,1503614266229,-8,-9,-9,-3,-2,-2,-2,-7
1728,1728,1503614266236,-21,-4,-2,-1,0,0,2,23
1729,1729,1503614266252,-2,1,-1,-2,-1,0,-1,5
1730,1730,1503614266259,1,-2,-1,0,-2,-2,-1,-4
1731,1731,1503614266274,-11,-16,-3,-3,-3,-2,1,4
1732,1732,1503614266281,-3,-16,-8,-2,0,1,-4,-19
1733,1733,1503614266290,15,7,6,3,-1,-3,3,6
1734,1734,1503614266297,2,6,1,-1,-2,-2,1,-1
1735,1735,1503614266312,6,-7,-10,-1,1,0,-4,1
1736,1736,1503614266319,1,-4,-5,-3,-1,2,0,-7
1737,1737,1503614266329,6,4,3,-2,1,2,0,5
1738,1738,1503614266341,6,3,2,0,1,-2,-6,-24
1739,1739,1503614266349,-11,-5,-5,1,0,-2,-2,-6
1740,1740,1503614266358,7,-8,-1,-1,-1,-1,1,20
1741,1741,1503614266372,7,14,7,2,0,1,-1,-3
1742,1742,1503614266379,-3,-11,-23,-3,-1,0,2,16
1743,1743,1503614266390,0,-5,-2,-2,-1,-2,0,2
1744,1744,1503614266401,10,4,2,-2,-2,-2,0,-12
1745,1745,1503614266409,9,3,2,1,0,0,-2,-2
1746,1746,1503614266416,14,2,4,-2,-3,-1,-1,-5
1747,1747,1503614266432,-21,15,8,1,-2,-1,-2,6
1748,1748,1503614266439,-2,5,4,0,0,0,-2,3
1749,1749,1503614266447,-3,-13,-7,-2,-1,-1,0,-3
1750,1750,1503614266461,-41,-7,-1,-2,-3,-2,-6,-19
1751,1751,1503614266469,-3,-8,-6,-2,-2,-4,0,15
1752,1752,1503614266476,3,1,4,0,0,-1,1,-1
1753,1753,1503614266492,-4,-3,-1,-3,-5,-1,-1,-23
1754,1754,1503614266499,-25,-8,-12,-5,-1,0,2,6
1755,1755,1503614266521,17,-2,-5,-2,-1,-1,-2,7
1756,1756,1503614266522,-5,2,4,0,-1,-2,0,-2
1757,1757,1503614266529,-6,-1,-2,-1,-2,-3,-1,0
1758,1758,1503614266530,4,2,-2,1,0,0,0,-6
1759,1759,1503614266536,-36,-1,-8,2,0,1,0,-2
1760,1760,1503614266552,22,8,3,2,2,4,4,35
1761,1761,1503614266559,23,-1,-6,0,0,-1,-3,-6
1762,1762,1503614266574,-20,-7,-2,-3,-1,0,1,-1
1763,1763,1503614266581,19,6,7,-1,0,-1,0,24
1764,1764,1503614266591,11,1,2,-1,0,-2,3,2
1765,1765,1503614266596,-37,-10,-3,-2,-3,-2,-7,-20
1766,1766,1503614266597,9,4,6,-1,-1,0,1,-7
1767,1767,1503614266612,-10,-1,-5,-2,0,-2,-3,-6
1768,1768,1503614266619,17,-6,-9,-3,-2,0,0,3
1769,1769,1503614266635,-11,-6,-3,2,2,-2,1,-11
1770,1770,1503614266641,2,-8,-5,-5,-3,-3,2,23
1771,1771,1503614266650,6,24,12,0,-3,0,2,-4
1772,1772,1503614266664,-3,7,8,3,0,-1,-2,7
1773,1773,1503614266672,2,1,0,2,1,1,-1,2
1774,1774,1503614266679,-8,-4,-5,-2,0,1,0,18
1775,1775,1503614266694,7,-2,1,2,-1,1,-3,-4
1776,1776,1503614266701,-18,-4,-3,-3,0,-2,-5,-21
1777,1777,1503614266709,-6,1,4,0,-1,-1,-1,-12
1778,1778,1503614266726,34,15,11,4,1,3,8,33
1779,1779,1503614266732,-3,-4,-5,-5,-3,-2,0,-14
1780,1780,1503614266739,11,25,28,6,4,3,-1,-27
1781,1781,1503614266755,5,-2,4,-1,-1,-2,3,40
1782,1782,1503614266762,-2,-9,-7,-2,-2,-2,-4,1
1783,1783,1503614266769,-6,-1,2,-2,-2,0,-6,-15
1784,1784,1503614266784,-2,-8,-12,0,-1,-2,-5,-4
1785,1785,1503614266794,-18,-4,-8,-2,-2,-1,-1,-2
1786,1786,1503614266799,-10,-7,-7,-2,-1,-3,-3,-14
1787,1787,1503614266814,11,-3,-3,0,-1,0,-3,-3
1788,1788,1503614266821,-16,0,4,2,2,0,-2,2
1789,1789,1503614266822,10,-3,-4,-1,-3,-2,-3,-11
1790,1790,1503614266830,-4,-2,-3,-2,1,0,-2,-9
1791,1791,1503614266844,2,-3,0,-1,-1,0,0,1
1792,1792,1503614266852,2,-3,-2,-1,-1,0,-5,-31
1793,1793,1503614266860,-5,-4,-4,-4,-1,-1,-1,-1
1794,1794,1503614266874,-5,-3,-1,-2,-1,0,-2,-4
1795,1795,1503614266881,2,2,3,2,1,-2,0,0
1796,1796,1503614266890,-30,-12,-10,-2,-1,-2,-2,-6
1797,1797,1503614266904,-6,-4,-3,-2,-3,0,0,0
1798,1798,1503614266912,4,-3,1,-3,-2,-2,-1,8
1799,1799,1503614266919,-8,5,10,2,0,1,0,-8
1800,1800,1503614266934,8,11,6,1,-1,-1,3,7
1801,1801,1503614266941,13,2,-4,-4,-1,-1,-2,2
1802,1802,1503614266949,3,-1,-1,-3,0,-1,0,4
1803,1803,1503614266964,-12,-8,-9,0,-2,-2,-1,-3
1804,1804,1503614266972,-1,-7,-7,-3,-2,-2,-2,-6
1805,1805,1503614266979,-3,0,2,-1,-1,1,0,1
1806,1806,1503614266995,4,-3,-2,1,0,-1,-2,8
1807,1807,1503614267002,1,1,-3,-3,-1,-3,-2,-3
1808,1808,1503614267009,1,14,21,2,1,1,2,3
1809,1809,1503614267024,-4,3,1,1,1,2,2,-2
1810,1810,1503614267032,-14,-7,-9,-5,-2,-2,-1,-7
1811,1811,1503614267039,8,8,3,2,-1,0,2,24
1812,1812,1503614267054,-6,-2,-3,-2,-1,-2,-3,4
1813,1813,1503614267062,-5,-6,-3,0,1,0,-2,-13
1814,1814,1503614267070,-22,-1,0,3,-2,0,-1,-3
1815,1815,1503614267084,-5,1,1,-1,-2,1,0,-1
1816,1816,1503614267092,15,7,-2,-1,1,1,-1,-4
1817,1817,1503614267099,-5,-14,-10,-3,-2,0,-2,-13
1818,1818,1503614267114,11,0,3,1,-1,-1,-1,3
1819,1819,1503614267121,3,-3,-1,-2,-1,-2,-2,0
1820,1820,1503614267137,-8,-6,-8,-4,-2,-1,-2,0
1821,1821,1503614267144,-2,2,2,-1,0,-2,-1,5
1822,1822,1503614267159,2,-4,-3,-2,0,-1,1,4
1823,1823,1503614267162,12,8,6,0,1,1,5,28
1824,1824,1503614267174,5,0,-6,-1,-1,0,0,-4
1825,1825,1503614267181,-9,-16,-11,-4,-3,-5,-4,-10
1826,1826,1503614267190,3,-9,-4,-1,-1,0,-1,-2
1827,1827,1503614267204,5,11,4,-1,4,3,0,-6
1828,1828,1503614267212,3,-2,-3,-1,-1,-1,4,8
1829,1829,1503614267219,0,-7,-3,0,-5,-4,-5,-2
1830,1830,1503614267234,1,-5,-6,-1,-1,0,1,-2
1831,1831,1503614267241,0,12,20,4,-1,-2,0,-1
1832,1832,1503614267258,10,11,2,1,0,-4,-4,-16
1833,1833,1503614267268,-7,-11,-10,-3,-1,1,-3,-4
1834,1834,1503614267273,-16,-11,-6,-1,-2,-1,0,8
1835,1835,1503614267279,-4,1,-3,0,0,-2,2,-5
1836,1836,1503614267294,23,11,1,1,2,0,3,23
1837,1837,1503614267302,-16,0,-3,-1,-3,-3,-2,-39
1838,1838,1503614267309,-13,-9,-2,-2,-2,0,-1,5
1839,1839,1503614267324,6,-10,-12,-5,-1,0,-4,-19
1840,1840,1503614267333,-1,5,5,-1,-1,-2,-1,-9
1841,1841,1503614267339,6,-5,-6,-5,-5,-2,2,20
1842,1842,1503614267363,-3,-1,1,-4,-2,-2,-4,-8
1843,1843,1503614267364,-7,-3,0,0,0,-1,-4,-5
1844,1844,1503614267369,2,9,7,1,-1,1,3,27
1845,1845,1503614267384,-10,-2,-2,-3,-2,-1,2,10
1846,1846,1503614267392,6,0,-3,-1,1,1,-4,-21
1847,1847,1503614267399,1,5,-2,0,-4,0,-2,0
1848,1848,1503614267414,-1,-7,-7,-1,0,-1,-1,-4
1849,1849,1503614267422,9,-7,-4,-2,0,-1,4,18
1850,1850,1503614267431,-20,-8,-3,0,-1,-3,-4,-23
1851,1851,1503614267444,21,-1,-2,-1,-1,2,3,-5
1852,1852,1503614267452,-2,-5,-1,-2,-5,-4,-2,-12
1853,1853,1503614267459,7,11,8,2,2,-2,0,-1
1854,1854,1503614267474,16,-1,1,0,0,2,1,2
1855,1855,1503614267481,-5,-8,-4,-2,-1,1,-2,4
1856,1856,1503614267490,2,0,-3,-1,0,-2,-1,2
1857,1857,1503614267504,-17,-4,-2,0,-2,-1,-2,-2
1858,1858,1503614267512,5,10,3,1,0,1,0,-2
1859,1859,1503614267519,-4,2,1,2,0,-2,1,-1
1860,1860,1503614267535,-11,-6,-5,-3,-2,1,1,0
1861,1861,1503614267542,-21,8,9,2,1,-1,-1,4
1862,1862,1503614267549,6,13,4,1,0,-2,-2,-19
1863,1863,1503614267550,2,-4,0,0,-3,-2,-1,-12
1864,1864,1503614267566,1,1,-1,-2,-1,0,0,-3
1865,1865,1503614267572,-20,-3,-1,-1,-2,-4,-7,-18
1866,1866,1503614267587,-2,-7,-4,-1,-1,-1,-1,3
1867,1867,1503614267595,15,5,13,2,1,1,3,28
1868,1868,1503614267602,-1,2,-2,0,0,0,-1,-3
1869,1869,1503614267617,3,1,-3,0,0,-1,0,2
1870,1870,1503614267624,8,3,-1,0,-1,0,-1,-7
1871,1871,1503614267636,-3,-2,-3,1,0,-2,-2,6
1872,1872,1503614267647,-3,-2,-5,-1,-5,-3,-3,-5
1873,1873,1503614267655,17,16,0,0,4,3,1,0
1874,1874,1503614267661,-15,-6,0,1,-1,0,-1,-4
1875,1875,1503614267662,0,-7,-10,-1,-2,-1,0,-18
1876,1876,1503614267677,-24,-11,-7,-3,-2,-2,-2,-15
1877,1877,1503614267684,10,0,4,-2,-2,-2,0,16
1878,1878,1503614267692,-4,-1,-2,-1,-2,-1,-1,-1
1879,1879,1503614267708,-9,-7,1,1,0,-1,0,1
1880,1880,1503614267715,7,2,-1,-2,-1,0,-2,-6
1881,1881,1503614267722,1,2,1,-1,-2,-2,-5,-6
1882,1882,1503614267737,4,29,24,6,-1,-2,-1,-19
1883,1883,1503614267744,4,0,-1,-1,2,-2,2,15
1884,1884,1503614267752,-4,-12,-14,-6,-5,0,1,8
1885,1885,1503614267768,-2,7,8,0,0,1,0,-7
1886,1886,1503614267776,-3,-10,-2,0,0,-2,1,7
1887,1887,1503614267781,4,5,-5,-3,0,0,-1,2
1888,1888,1503614267797,3,-13,-10,-3,-4,-2,-2,-9
1889,1889,1503614267805,4,-7,-5,1,2,0,-3,-9
1890,1890,1503614267812,15,11,7,2,1,0,-1,4
1891,1891,1503614267827,5,10,1,0,-1,0,0,11
1892,1892,1503614267835,12,1,-2,-4,-3,-1,-3,-16
1893,1893,1503614267836,-10,-2,0,2,1,1,1,11
1894,1894,1503614267842,5,17,9,2,2,-1,0,3
1895,1895,1503614267857,-14,-14,-5,-4,-4,-4,-3,-2
1896,1896,1503614267864,-5,9,7,2,-3,1,-1,-13
2065,2065,1503614269521,-25,1,0,2,-3,0,-1,-8
2066,2066,1503614269528,21,8,4,1,1,1,2,15
2067,2067,1503614269536,11,-2,-4,-4,3,0,2,1
2068,2068,1503614269551,14,-13,-12,-3,-1,-5,-5,-4
2069,2069,1503614269559,-26,3,8,3,-2,0,5,29
2070,2070,1503614269566,7,11,1,1,-3,3,3,-6
2071,2071,1503614269582,-1,-7,-5,-4,-3,-1,-5,-18
2072,2072,1503614269588,-61,-8,-5,-5,-7,-3,-2,-21
2073,2073,1503614269596,-64,-10,-5,-3,0,-3,-5,-12
2074,2074,1503614269613,-26,9,4,-3,-1,1,-2,-11
2075,2075,1503614269620,8,18,12,5,6,5,5,37
2076,2076,1503614269626,-37,12,10,-1,-9,-2,-1,-2
2077,2077,1503614269641,-21,-15,-7,-5,-6,-2,-1,-15
2078,2078,1503614269648,43,-8,-5,0,0,-4,1,12
2079,2079,1503614269656,5,3,7,4,5,1,-3,-13
2080,2080,1503614269671,16,-2,-6,-5,-2,-3,-4,7
2081,2081,1503614269680,31,6,0,2,1,-3,-1,2
2082,2082,1503614269694,6,-4,-2,1,5,-1,0,-12
2083,2083,1503614269701,-13,-2,-6,-5,-6,-4,-3,5
2084,2084,1503614269716,-10,0,7,4,17,8,7,22
2085,2085,1503614269717,13,5,1,0,-1,-4,0,-2
2086,2086,1503614269731,-3,-4,-6,-3,-8,-2,-1,-1
2087,2087,1503614269739,-9,3,1,-1,-1,-1,-3,-16
2088,2088,1503614269747,10,-3,-3,0,-2,-2,-1,0
2089,2089,1503614269761,1,4,0,-3,-1,-1,-1,-24
2090,2090,1503614269769,5,-6,1,-2,-2,-2,4,5
2091,2091,1503614269776,-5,-6,-2,1,-4,-1,-3,9
2092,2092,1503614269791,-40,-6,-6,-1,-1,-1,-4,-26
2093,2093,1503614269799,-7,1,1,-2,0,-2,0,-9
2094,2094,1503614269806,2,5,5,4,-1,2,-3,34
2095,2095,1503614269822,17,-5,-1,-1,0,0,-2,-12
2096,2096,1503614269828,4,-5,-4,-2,-4,-2,-2,-14
2097,2097,1503614269836,33,32,15,3,2,-2,-3,8
2098,2098,1503614269851,2,-3,-6,-2,-8,-2,2,-1
2099,2099,1503614269859,23,-11,-8,1,-1,3,3,-16
2100,2100,1503614269866,-17,-3,4,2,2,-5,-14,-42
2101,2101,1503614269882,34,-7,-8,-2,-4,3,4,37
2102,2102,1503614269889,8,-1,-6,-4,-1,-2,-4,-8
2103,2103,1503614269896,5,-4,-4,-1,2,-2,-1,1
2104,2104,1503614269911,-1,1,0,0,0,0,0,4
2105,2105,1503614269919,21,4,-1,-3,-1,0,-2,-27
2106,2106,1503614269920,-24,-6,-2,-1,1,-2,0,35
2107,2107,1503614269927,-8,-6,-4,1,1,0,0,-3
2108,2108,1503614269941,-12,-13,-7,-1,-4,0,0,-19
2109,2109,1503614269948,4,-16,-9,-4,-3,0,5,16
2110,2110,1503614269957,7,-2,0,1,3,-1,-1,29
2111,2111,1503614269971,4,7,5,1,-3,-4,-2,21
2112,2112,1503614269979,-21,-3,-8,-6,-2,-1,-5,-27
2113,2113,1503614269987,6,0,-3,-1,-7,1,-2,-17
2114,2114,1503614270001,-11,-3,1,1,0,0,-1,20
2115,2115,1503614270008,3,5,5,0,0,-3,-2,-4
2116,2116,1503614270016,-19,0,0,-1,1,-1,2,-19
2117,2117,1503614270030,24,-3,-1,-4,-2,-3,-1,9
2118,2118,1503614270031,-18,1,-2,-2,-2,-1,0,8
2119,2119,1503614270039,13,-3,-2,11,18,4,-4,-27
2120,2120,1503614270046,9,1,-2,-3,2,-3,-6,-2
2121,2121,1503614270061,-5,-5,-4,-7,-13,-4,-3,5
2122,2122,1503614270068,17,-3,-3,-1,3,4,5,31
2123,2123,1503614270076,-2,6,2,-1,-5,-5,-3,-6
2124,2124,1503614270091,-58,-22,-11,-8,-6,-3,-6,-21
2125,2125,1503614270099,8,5,3,-1,1,2,2,5
2126,2126,1503614270106,16,7,3,3,1,-1,1,-3
2127,2127,1503614270121,-8,1,-3,-3,-1,-2,-4,-21
2128,2128,1503614270128,3,8,9,3,2,2,0,10
2129,2129,1503614270136,7,-7,-4,-6,-4,2,0,5
2130,2130,1503614270150,2,1,1,-4,-6,-3,1,-14
2131,2131,1503614270159,-47,-5,-1,0,0,-4,-1,11
2132,2132,1503614270166,11,11,6,7,13,2,-2,0
2133,2133,1503614270183,17,1,-2,-3,-2,0,-1,-2
2134,2134,1503614270188,15,11,4,2,-2,0,1,11
2135,2135,1503614270196,-3,1,5,5,-2,-2,1,-3
2136,2136,1503614270210,-11,-5,-7,-4,-4,-1,-3,-10
2137,2137,1503614270220,14,5,4,5,-6,-3,-2,4
2138,2138,1503614270227,13,-5,3,2,1,1,5,16
2139,2139,1503614270241,-22,0,2,0,4,-3,0,-1
2140,2140,1503614270248,-22,-12,-5,4,1,-2,-9,-41
2141,2141,1503614270257,17,3,5,-1,1,0,1,4
2142,2142,1503614270271,13,7,8,1,1,0,-4,-4
2143,2143,1503614270279,-1,-9,-2,-2,-2,0,1,-7
2144,2144,1503614270286,13,6,1,0,0,-1,1,8
2145,2145,1503614270301,1,-12,-10,-5,3,1,-2,4
2146,2146,1503614270309,-1,-1,-3,-2,1,0,-1,1
2147,2147,1503614270319,0,4,1,0,-4,-5,-6,-47
2148,2148,1503614270331,43,4,-5,-2,-4,-3,1,-7
2149,2149,1503614270339,-10,-4,1,-4,-1,2,2,17
2150,2150,1503614270346,0,6,6,-1,-3,-3,1,11
2151,2151,1503614270361,15,6,-2,-3,1,1,-2,0
2152,2152,1503614270368,-35,-5,-3,-1,-4,1,0,11
2153,2153,1503614270385,-56,-11,-5,-4,-1,-2,-1,-1
2154,2154,1503614270391,15,-19,-11,-8,-3,-2,-1,-13
2155,2155,1503614270399,10,-1,-2,4,2,2,2,-5
2156,2156,1503614270413,-2,-5,-6,-6,-6,-3,1,4
2157,2157,1503614270422,4,0,-5,1,1,-1,-3,7
2158,2158,1503614270428,-21,-1,-1,-5,-1,-1,7,83
2159,2159,1503614270444,0,2,2,0,-4,-2,-2,-3
2160,2160,1503614270453,-7,2,3,3,0,0,0,-19
2161,2161,1503614270459,23,7,2,-2,-2,0,-4,40
2162,2162,1503614270473,5,2,3,5,2,0,-1,-1
2163,2163,1503614270488,20,8,2,0,0,1,8,2
2164,2164,1503614270489,-1,2,-4,-3,-5,0,-1,-17
2165,2165,1503614270504,-7,4,7,3,-3,-2,-5,-9
2166,2166,1503614270510,6,-3,-3,0,4,-1,-1,9
2167,2167,1503614270519,4,-3,1,-1,-1,-2,-2,17
2168,2168,1503614270533,-31,-11,-4,-2,-2,-3,-5,-42
2169,2169,1503614270541,-1,-1,-5,-4,-1,-1,0,0
2170,2170,1503614270549,-1,-1,-3,-2,1,1,0,-31
2171,2171,1503614270564,40,-7,-16,-8,-2,-2,-2,-6
2172,2172,1503614270570,7,0,-3,-1,0,-3,-3,4
2173,2173,1503614270579,-28,-33,-12,-7,-3,-2,-2,87
2174,2174,1503614270593,-2,-14,-6,-3,-2,-1,1,-1
2175,2175,1503614270601,17,13,11,4,1,2,-2,-70
2176,2176,1503614270609,-10,-14,-8,-5,-3,-3,-4,-42
2177,2177,1503614270624,-14,-26,-14,-2,-1,-2,1,43
2178,2178,1503614270630,15,-1,-3,-4,0,-2,-3,14
2179,2179,1503614270631,9,8,3,-1,1,0,-1,13
2180,2180,1503614270639,7,46,40,14,4,3,0,-46
2181,2181,1503614270653,5,2,-2,-2,-2,1,0,-3
2182,2182,1503614270661,-3,9,0,1,-4,-5,-1,-19
2183,2183,1503614270669,4,6,3,3,2,1,-2,3
2184,2184,1503614270684,-28,-2,-5,-5,-2,-2,-3,-15
2185,2185,1503614270691,6,0,-6,-4,-2,0,1,26
2186,2186,1503614270700,-30,-11,-8,-2,-2,-4,-3,-10
2187,2187,1503614270713,5,13,9,3,2,2,1,8
2188,2188,1503614270722,17,4,-2,0,1,0,-3,-7
2189,2189,1503614270729,0,6,2,-4,-1,2,0,-1
2190,2190,1503614270744,1,-6,-4,-1,0,0,3,7
2191,2191,1503614270750,-13,-5,-2,0,-3,-4,-3,-1
2192,2192,1503614270759,13,6,6,4,1,1,0,31
2193,2193,1503614270773,2,1,2,2,-5,-2,1,14
2194,2194,1503614270781,4,3,-6,-3,-3,0,2,-10
2195,2195,1503614270804,3,-1,2,0,1,3,1,27
2196,2196,1503614270805,-2,-11,-15,-4,0,2,-3,-4
2197,2197,1503614270812,-4,0,-1,2,1,-2,-2,-14
2198,2198,1503614270821,0,0,-2,-2,-1,-3,0,-5
2199,2199,1503614270834,-5,2,2,-1,-1,-2,-1,-9
2200,2200,1503614270841,-8,-5,0,1,1,0,0,-9
2201,2201,1503614270857,-2,-1,0,0,-1,-2,-3,-4
2202,2202,1503614270864,5,0,1,-2,0,1,1,2
2203,2203,1503614270872,-2,-1,-1,-1,3,-1,-2,2
2204,2204,1503614270879,0,-1,0,-4,-2,-1,-1,-2
2205,2205,1503614270894,0,-1,-1,2,-1,1,-2,-8
2206,2206,1503614270901,1,3,-1,0,0,0,1,-5
2207,2207,1503614270917,1,-2,0,0,0,-3,-2,-2
2208,2208,1503614270924,0,1,0,-3,-5,-2,1,1
2209,2209,1503614270932,0,3,6,3,-4,-1,0,2
2210,2210,1503614270939,-4,-2,-3,-2,2,0,0,-6
2211,2211,1503614270957,-2,-4,-3,-2,1,0,-3,-9
2212,2212,1503614270961,11,3,4,4,-1,-1,0,28
2213,2213,1503614270977,-9,1,-2,-2,1,0,-3,-17
2214,2214,1503614270984,5,8,7,3,0,-1,-1,-2
2215,2215,1503614270999,-7,-10,-12,-10,-3,-2,-2,6
2216,2216,1503614271000,10,15,18,4,1,0,2,19
2217,2217,1503614271014,7,27,20,7,1,-1,0,-6
2218,2218,1503614271022,-8,-4,-2,1,0,-2,-6,-18
2219,2219,1503614271037,3,3,-2,1,-2,-1,0,16
2220,2220,1503614271044,-5,-12,-12,-5,1,-1,0,-5
2221,2221,1503614271052,3,-9,-7,-4,-4,-1,2,14
2222,2222,1503614271059,-4,-11,-12,-6,-4,-1,-2,2
2223,2223,1503614271074,3,2,4,2,2,3,3,2
2224,2224,1503614271081,1,10,11,2,-1,-1,0,-9
2225,2225,1503614271097,-7,-12,-8,-3,-1,-3,2,-22
2226,2226,1503614271104,-8,-12,-11,-4,-3,-3,-4,-12
2227,2227,1503614271112,8,3,-1,1,1,0,0,17
2228,2228,1503614271119,-2,-2,-7,-2,-3,0,-3,-1
2229,2229,1503614271134,-4,-10,-4,-2,-3,-1,-2,-4
2230,2230,1503614271141,5,-5,0,-1,0,-1,-1,-1
2231,2231,1503614271158,-2,1,-3,-1,-1,-2,1,-2
2232,2232,1503614271164,-4,-4,0,0,-1,0,0,-8
2233,2233,1503614271172,-1,-2,-2,1,-3,-3,-3,-2
2234,2234,1503614271179,-2,-2,-1,1,1,0,-1,-5
2235,2235,1503614271194,0,-3,-4,-3,0,0,-4,0
2236,2236,1503614271201,-4,-1,-3,-3,0,-1,-2,-2
2237,2237,1503614271217,3,3,2,-1,-1,-1,-1,15
2238,2238,1503614271224,0,-3,-3,-1,2,-2,3,4
2239,2239,1503614271232,-5,-3,-2,0,0,-2,0,-10
2240,2240,1503614271239,1,6,1,1,-2,1,-1,-12
2241,2241,1503614271254,2,3,3,0,-1,0,-5,-13
2242,2242,1503614271262,-5,-3,-5,-3,-3,-2,-1,-5
2243,2243,1503614271277,-2,2,-4,-2,0,0,0,-3
2244,2244,1503614271284,2,3,4,3,2,-1,0,14
2245,2245,1503614271293,-5,-6,0,1,1,1,-5,-8
2246,2246,1503614271299,-1,3,3,-2,0,-1,1,3
2247,2247,1503614271314,-2,-2,-5,-2,-3,1,1,10
2248,2248,1503614271321,0,-1,-3,-3,-3,-2,-2,-3
2249,2249,1503614271337,-4,-8,-2,-4,-3,-2,-1,-6
2250,2250,1503614271344,-2,-3,2,1,0,-1,0,-4
2251,2251,1503614271352,-2,4,4,1,-1,-2,-1,-6
2252,2252,1503614271367,-1,-7,0,0,0,0,-2,-1
2253,2253,1503614271374,4,9,1,-1,0,1,-1,-17
2254,2254,1503614271381,4,1,4,3,2,0,0,11
2255,2255,1503614271397,-5,-10,-7,-3,-2,-2,2,4
2256,2256,1503614271404,4,2,3,2,-1,1,-1,-11
2257,2257,1503614271412,11,25,32,10,3,2,0,10
2258,2258,1503614271427,2,10,-4,-1,-1,-1,-2,-2
2259,2259,1503614271434,-1,-12,-16,-6,-3,-4,-2,6
2260,2260,1503614271441,-3,-8,0,1,1,1,1,-1
2261,2261,1503614271459,-6,-10,-9,-3,-3,-2,-4,-15
2262,2262,1503614271464,-5,-10,-6,-4,-3,-5,-4,-6
2263,2263,1503614271472,3,-6,-5,-3,1,2,3,10
2264,2264,1503614271487,-9,-9,-7,-6,-2,-3,-4,-11
2265,2265,1503614271495,1,-3,6,3,1,-2,1,9
2266,2266,1503614271501,2,0,3,0,-1,0,1,9
2267,2267,1503614271517,-1,1,2,0,-2,-1,0,2
2268,2268,1503614271527,12,47,40,15,4,4,2,3
2269,2269,1503614271532,1,3,1,-1,-2,0,-2,1
2270,2270,1503614271546,-3,-5,-11,-2,-2,-1,4,-20
2271,2271,1503614271554,-5,-2,-5,-1,-1,-2,-1,0
2272,2272,1503614271562,-12,-25,-20,-9,-4,-3,-6,-20
2273,2273,1503614271577,-3,-8,-7,0,1,1,-1,-14
2274,2274,1503614271584,0,2,-7,-4,-1,0,-2,-1
2275,2275,1503614271593,-5,-10,-9,-2,-2,-1,-3,-2
2276,2276,1503614271606,6,-1,-1,-2,-4,-4,1,27
2277,2277,1503614271614,6,8,4,-1,-3,0,0,6
2278,2278,1503614271621,-6,-13,-21,-5,-3,-2,-2,0
2279,2279,1503614271643,1,1,-1,-3,-1,1,0,-1
2280,2280,1503614271644,-7,-13,-10,-6,-2,1,-4,-12
2281,2281,1503614271652,-2,-4,-4,-1,0,-2,-1,-3
2282,2282,1503614271666,-1,-2,2,1,-1,-1,0,6
2283,2283,1503614271674,2,-3,-2,-2,-1,-3,-2,5
2284,2284,1503614271681,-1,4,6,1,0,-1,-3,1
2285,2285,1503614271698,6,22,9,0,0,-1,0,-3
2286,2286,1503614271704,4,8,7,4,1,-2,0,6
2287,2287,1503614271712,-11,-10,-9,-3,-1,-1,-3,-16
2288,2288,1503614271727,1,-6,-8,2,1,1,2,29
2289,2289,1503614271728,7,11,10,-1,-1,2,-1,-8
2290,2290,1503614271734,-3,-1,-2,1,-2,-1,-5,-19
2291,2291,1503614271741,5,3,-7,4,2,-1,2,8
2292,2292,1503614271757,0,2,1,0,-2,-1,0,4
2293,2293,1503614271764,0,13,7,-1,-2,-1,-2,1
2294,2294,1503614271772,-2,1,7,2,1,-1,0,3
2295,2295,1503614271786,-2,-7,-8,-4,-1,0,-3,-11
2296,2296,1503614271795,-1,-1,-6,-3,-2,-1,1,7
2297,2297,1503614271802,5,13,8,6,-1,-2,-4,0
2298,2298,1503614271803,-3,-5,1,2,-3,0,-1,1
2299,2299,1503614271817,6,0,-6,-3,0,2,8,25
2300,2300,1503614271824,-2,-7,-1,-3,1,-3,0,2
2301,2301,1503614271832,-11,-19,-7,-5,-3,-3,-2,-9
2302,2302,1503614271846,4,12,15,4,-1,0,2,7
2303,2303,1503614271854,1,13,20,6,1,0,-4,-16
2304,2304,1503614271862,-9,-12,-12,-4,-2,-3,-4,-9
2305,2305,1503614271877,4,14,-4,0,0,1,0,-2
2306,2306,1503614271884,-1,4,13,5,1,1,2,0
2307,2307,1503614271892,1,-6,-1,-1,-1,-1,-2,5
2308,2308,1503614271906,0,3,-3,-4,-1,-2,0,5
2309,2309,1503614271914,-3,9,8,3,1,1,-1,-2
2310,2310,1503614271921,-3,-2,-4,-5,-3,-2,-3,-9
2311,2311,1503614271937,3,1,-10,-5,-4,-1,0,4
2312,2312,1503614271950,-1,-3,0,3,2,1,0,0
2313,2313,1503614271952,8,-25,-23,-7,-1,-2,5,39
2314,2314,1503614271967,0,-3,0,-1,0,1,-1,0
2315,2315,1503614271974,-7,-10,-4,-3,0,-3,-2,-10
2316,2316,1503614271981,12,15,-2,6,-3,2,0,23
2317,2317,1503614271997,-8,-6,0,3,0,-3,-2,-19
2318,2318,1503614272004,-2,4,2,-2,-2,-3,-3,-13
2319,2319,1503614272012,-4,-2,-2,2,-1,-3,-2,-10
2320,2320,1503614272027,-7,-12,-11,-5,-4,-2,-4,-12
2321,2321,1503614272034,2,14,4,1,-2,1,-1,-7
2322,2322,1503614272041,-2,-8,-7,-3,1,-1,0,6
2323,2323,1503614272057,-4,-2,-1,-3,-2,-1,-3,-4
2324,2324,1503614272064,-3,-4,4,-2,1,-2,0,-10
2325,2325,1503614272072,-3,-1,11,0,-1,0,3,0
2326,2326,1503614272086,10,38,42,11,3,4,5,26
2327,2327,1503614272094,4,16,12,-3,-2,-1,-1,1
2328,2328,1503614272101,-14,-16,-15,-6,1,-2,-4,-16
2329,2329,1503614272117,4,15,14,4,4,-2,0,-3
2330,2330,1503614272124,2,-6,-12,-4,-1,1,4,9
2331,2331,1503614272132,-1,-14,-9,-2,0,-1,-2,17
2332,2332,1503614272146,1,-24,-18,-7,-5,-1,1,2
2333,2333,1503614272154,-5,-6,-5,0,-1,-1,-3,-9
2334,2334,1503614272161,0,-12,-8,3,1,-1,-2,-4
2335,2335,1503614272177,-8,-13,-14,-4,-2,2,0,-4
2336,2336,1503614272184,-2,-2,-2,-2,-2,-1,-2,-1
2337,2337,1503614272192,-4,-3,0,-1,0,0,-1,0
2338,2338,1503614272207,-10,-5,-9,-3,-3,-4,-9,-32
2339,2339,1503614272214,7,11,9,2,-1,1,5,7
2340,2340,1503614272221,3,5,6,-1,0,-1,1,4
2341,2341,1503614272237,-3,-9,-7,7,-1,-4,-3,-9
2342,2342,1503614272243,-3,-9,-11,-3,-4,-2,-5,-15
2343,2343,1503614272260,3,11,7,0,1,1,1,1
2344,2344,1503614272267,2,0,5,2,1,2,3,21
2345,2345,1503614272274,-3,1,1,-5,0,-4,-2,2
2346,2346,1503614272288,-2,20,27,3,2,0,-1,-3
2347,2347,1503614272298,-5,-9,-9,-5,-6,1,-4,-17
2348,2348,1503614272304,3,-26,-1,2,-3,-2,1,14
2349,2349,1503614272318,-2,-8,-8,-5,0,-1,0,19
2350,2350,1503614272326,-1,3,-11,-2,2,-4,-1,-7
2351,2351,1503614272334,-1,-10,-13,-6,-2,0,-2,0
2352,2352,1503614272349,-1,8,4,2,-3,1,-1,9
2353,2353,1503614272357,5,20,22,3,-1,-1,-1,-3
2354,2354,1503614272365,17,36,15,7,1,4,4,5
2355,2355,1503614272378,-2,-13,-14,-4,1,0,-2,-4
2356,2356,1503614272379,-4,-8,-5,-3,-1,-1,-3,-5
2357,2357,1503614272386,-5,-14,-13,-8,-5,-5,1,25
2358,2358,1503614272394,3,2,-3,3,-1,0,3,-6
2359,2359,1503614272409,-8,-17,-16,-3,-1,-1,-1,-21
2360,2360,1503614272417,-1,0,5,6,1,-1,0,0
2361,2361,1503614272424,-5,6,4,-3,-1,0,-3,-14
2362,2362,1503614272439,1,-4,-6,-2,0,-1,-3,0
2363,2363,1503614272446,-11,-6,-2,-2,-1,-2,-5,-29
2364,2364,1503614272454,7,10,6,2,0,0,3,26
2365,2365,1503614272469,2,3,-2,-6,0,-3,-3,-5
2366,2366,1503614272477,4,-5,-1,-4,-1,-1,-4,-1
2367,2367,1503614272484,-9,13,17,8,8,6,-1,-26
2368,2368,1503614272499,28,-2,-2,0,0,4,13,47
2369,2369,1503614272500,-6,0,-5,-2,-1,-3,-7,-13
2370,2370,1503614272507,-7,-12,-5,-4,-6,-4,-5,-2
2371,2371,1503614272514,8,-5,-7,-3,-3,-1,1,1
2372,2372,1503614272529,-3,-7,-12,-3,-2,-3,-3,14
2373,2373,1503614272537,0,-3,-2,1,2,-1,-1,0
2374,2374,1503614272544,4,-1,-14,-2,-1,1,3,9
2375,2375,1503614272559,-9,-7,-1,0,-3,-1,-5,-14
2376,2376,1503614272567,6,-9,-11,-2,-3,0,3,10
2377,2377,1503614272575,1,-3,-1,-1,-2,-3,0,4
2378,2378,1503614272589,6,-2,3,-1,-3,0,5,15
2379,2379,1503614272597,4,1,-1,2,2,1,5,0
2380,2380,1503614272604,-6,-2,-2,-3,-2,-3,-1,1
2381,2381,1503614272619,-2,6,4,4,2,2,0,0
2382,2382,1503614272626,-17,-3,0,1,0,-2,-2,0
2383,2383,1503614272634,0,-1,-6,-4,-2,0,0,6
2384,2384,1503614272649,13,3,2,2,-1,-1,-3,0
2385,2385,1503614272657,-9,5,3,1,1,1,1,-14
2386,2386,1503614272664,3,-6,2,6,0,-3,-7,-17
2519,2519,1503614273978,3,-1,-8,-4,-2,-4,-5,-7
2520,2520,1503614273990,-9,-10,-9,-1,-1,0,0,2
2521,2521,1503614273998,-13,-15,-10,-6,-3,-2,-2,3
2522,2522,1503614274007,1,10,11,3,1,2,-1,6
2523,2523,1503614274021,-2,-1,1,2,-1,-3,0,3
2524,2524,1503614274029,25,-2,-3,0,-5,-2,-2,-5
2525,2525,1503614274037,5,5,4,-2,5,3,-2,-3
2526,2526,1503614274050,25,24,-2,0,4,-1,-3,-7
2527,2527,1503614274058,0,-8,-3,-3,-2,-2,2,19
2528,2528,1503614274059,-12,2,-1,-2,-5,-3,-3,-1
2529,2529,1503614274067,-13,-4,-2,-4,-4,0,-2,1
2530,2530,1503614274081,4,13,14,7,2,3,2,3
2531,2531,1503614274089,-10,-9,-4,-2,-1,-2,1,-2
2532,2532,1503614274097,14,2,4,-2,-2,-3,-1,7
2533,2533,1503614274111,-8,-8,-4,1,1,-2,-2,2
2534,2534,1503614274119,12,24,12,1,0,0,1,-4
2535,2535,1503614274133,-3,-5,0,-5,-3,-2,0,8
2536,2536,1503614274141,-11,-12,-12,-3,-1,-1,-2,-4
2537,2537,1503614274149,13,10,3,0,-1,2,9,40
2538,2538,1503614274163,11,-5,-4,0,-4,-3,0,1
2539,2539,1503614274171,-2,-8,-6,2,5,2,-3,-8
2540,2540,1503614274179,-49,-9,-10,-2,-2,0,-1,-33
2541,2541,1503614274193,8,9,9,0,-1,-3,-2,-7
2542,2542,1503614274201,25,-3,-1,0,-1,-1,0,1
2543,2543,1503614274209,-11,-11,-5,-1,0,-3,-1,-9
2544,2544,1503614274223,12,14,10,3,-1,3,2,11
2545,2545,1503614274231,1,-9,-2,-2,0,-2,-4,-1
2546,2546,1503614274239,2,-5,-1,0,1,2,2,-12
2547,2547,1503614274253,-15,-17,-9,-6,-5,-3,-8,-31
2548,2548,1503614274261,12,-1,1,2,2,0,-1,5
2549,2549,1503614274271,-18,-10,-5,-3,-3,-1,-2,-4
2550,2550,1503614274284,5,10,2,-1,0,-2,4,9
2551,2551,1503614274291,10,8,3,1,0,2,4,24
2552,2552,1503614274299,-17,-10,-8,-5,-6,-4,1,4
2553,2553,1503614274313,-19,5,3,1,2,2,-3,-49
2554,2554,1503614274321,-34,-18,-8,-6,-4,-6,-5,-7
2555,2555,1503614274328,-7,-7,-2,-1,-2,-1,-2,-7
2556,2556,1503614274346,12,-2,-7,-3,-2,-2,-3,3
2557,2557,1503614274351,4,8,0,1,-3,-2,-1,13
2558,2558,1503614274359,16,8,3,-1,0,1,4,9
2559,2559,1503614274373,-12,-10,-4,0,-1,-2,4,13
2560,2560,1503614274381,-29,-10,-4,0,-4,-3,-6,3
2561,2561,1503614274389,-11,-2,-1,-3,2,4,-2,-16
2562,2562,1503614274404,8,24,8,4,2,1,-3,-24
2563,2563,1503614274413,17,-5,-3,-2,-2,-4,-2,15
2564,2564,1503614274419,-4,16,10,1,-1,2,-2,-23
2565,2565,1503614274433,24,17,6,1,0,0,8,37
2566,2566,1503614274441,4,1,2,1,2,-2,-3,-3
2567,2567,1503614274449,18,10,3,0,-1,-2,-3,-3
2568,2568,1503614274464,9,-7,-3,-1,-1,0,-1,14
2569,2569,1503614274471,-2,-7,-2,0,-1,-1,-1,10
2570,2570,1503614274480,4,-7,-7,-2,-1,-2,-1,5
2571,2571,1503614274493,-10,0,-1,-4,-3,-1,-1,2
2572,2572,1503614274501,-18,-4,-2,-1,0,-1,-3,-8
2573,2573,1503614274509,-5,-14,-10,-3,1,-1,-4,-28
2574,2574,1503614274524,6,-17,-10,-1,-1,0,-1,-8
2575,2575,1503614274531,-5,2,2,5,0,0,-1,-36
2576,2576,1503614274539,-12,10,7,0,-1,-1,-1,-9
2577,2577,1503614274553,-41,-13,-4,-4,-1,-2,2,1
2578,2578,1503614274561,-6,0,1,1,2,1,-5,2
2579,2579,1503614274569,4,-3,0,0,-5,-2,-2,11
2580,2580,1503614274584,-4,12,8,6,-1,-1,-2,11
2581,2581,1503614274591,16,11,2,1,-2,1,-4,-7
2582,2582,1503614274599,7,1,1,-5,-3,0,7,45
2583,2583,1503614274614,-4,5,-1,0,2,-2,3,13
2584,2584,1503614274621,22,-7,-7,-4,-1,-3,1,6
2585,2585,1503614274629,-7,8,6,0,1,0,-3,-16
2586,2586,1503614274644,-4,-8,-1,-3,-2,0,-3,-14
2587,2587,1503614274651,19,-3,-8,-3,0,0,1,-11
2588,2588,1503614274666,-2,-7,-3,-1,1,0,3,6
2589,2589,1503614274673,-8,-9,-5,-3,-2,1,-4,8
2590,2590,1503614274682,4,14,5,-1,0,-1,-2,-6
2591,2591,1503614274689,6,-3,0,0,0,-3,-1,-1
2592,2592,1503614274703,-16,-13,-8,-5,-3,-2,-2,-41
2593,2593,1503614274711,-32,-3,0,0,-3,-3,-2,-2
2594,2594,1503614274719,23,2,-1,-3,-1,0,5,48
2595,2595,1503614274733,1,-2,-4,0,-1,-2,-1,1
2596,2596,1503614274741,1,-15,-11,-2,-1,1,-2,-9
2597,2597,1503614274749,24,6,3,-2,-2,-1,1,-2
2598,2598,1503614274763,9,2,-1,1,-5,-2,3,5
2599,2599,1503614274771,8,5,1,3,4,4,-2,-5
2600,2600,1503614274779,3,-6,2,4,1,-4,-1,0
2601,2601,1503614274793,7,2,-1,0,0,-3,0,8
2602,2602,1503614274801,7,5,-2,-1,-1,0,-4,-9
2603,2603,1503614274815,3,-4,-6,-1,-1,1,-1,10
2604,2604,1503614274816,-7,5,9,4,3,0,0,-8
2605,2605,1503614274824,-10,19,2,-2,-1,-1,-3,15
2606,2606,1503614274838,-8,7,7,2,0,1,-1,4
2607,2607,1503614274841,11,12,9,5,5,1,-1,-8
2608,2608,1503614274853,34,0,-6,-3,-2,0,-1,-5
2609,2609,1503614274861,-8,-6,1,1,0,-3,-3,-3
2610,2610,1503614274869,-17,-11,1,2,-2,-3,-5,-3
2611,2611,1503614274884,30,12,5,3,11,4,0,-23
2612,2612,1503614274885,-19,-15,-7,0,-1,0,1,34
2613,2613,1503614274891,-10,2,-2,-3,-5,-3,4,5
2614,2614,1503614274899,-10,-11,-8,-4,1,-2,-2,-26
2615,2615,1503614274913,-22,-7,-10,-7,-5,-3,-5,-3
2616,2616,1503614274921,17,5,-1,0,-1,-1,0,-3
2617,2617,1503614274929,-3,-4,-4,-2,0,-2,0,-4
2618,2618,1503614274944,-60,-23,-8,-8,-6,0,-5,-17
2619,2619,1503614274951,38,32,10,4,1,2,1,20
2620,2620,1503614274959,16,6,0,-3,0,-5,-2,-20
2621,2621,1503614274973,-20,-8,-3,-3,-2,-3,-6,-19
2622,2622,1503614274984,12,4,4,0,3,3,0,-6
2623,2623,1503614274989,-46,-25,-10,-8,-7,-3,-3,-11
2624,2624,1503614275003,3,15,11,3,0,2,0,-4
2625,2625,1503614275011,19,4,4,3,2,1,2,12
2626,2626,1503614275019,-1,0,1,-2,-2,-1,1,7
2627,2627,1503614275033,12,4,8,2,1,-1,2,5
2628,2628,1503614275041,11,-2,-4,0,1,-2,0,4
2629,2629,1503614275055,-7,-8,-4,-1,0,-2,-1,-3
2630,2630,1503614275063,-3,-1,1,3,-1,-1,0,-14
2631,2631,1503614275071,11,13,0,0,1,0,0,5
2632,2632,1503614275087,-23,-12,-6,-4,-1,0,-2,-9
2633,2633,1503614275093,6,-12,-15,-6,-2,-3,3,23
2634,2634,1503614275101,8,-2,-4,-2,-4,-1,0,12
2635,2635,1503614275117,-3,-4,2,2,1,3,2,-1
2636,2636,1503614275124,26,33,30,10,5,0,0,-3
2637,2637,1503614275131,8,-7,-7,1,1,0,-2,-8
2638,2638,1503614275146,3,-35,-22,-7,-4,-2,0,-3
2639,2639,1503614275153,-16,32,30,4,0,-2,1,1
2640,2640,1503614275161,29,-8,-11,0,1,0,-1,16
2641,2641,1503614275175,4,-5,-6,-4,-2,1,0,17
2642,2642,1503614275185,-31,8,7,2,-1,-2,-3,-23
2643,2643,1503614275191,-3,-1,-2,-1,0,-1,-3,-65
2644,2644,1503614275206,8,-17,-14,-6,-4,-2,1,14
2645,2645,1503614275213,25,-10,-9,-3,-2,2,-1,-4
2646,2646,1503614275221,4,11,2,4,2,2,4,-4
2647,2647,1503614275235,8,-4,-7,-5,-3,-5,-2,8
2648,2648,1503614275244,-18,-10,-3,-2,-3,-3,-1,6
2649,2649,1503614275253,-19,-17,-11,-3,-3,-1,-3,-1
2650,2650,1503614275269,-16,-3,1,-6,-5,-2,-1,-2
2651,2651,1503614275273,7,-4,-5,-1,1,1,-1,-1
2652,2652,1503614275281,-14,-8,-3,-4,-2,-4,-3,1
2653,2653,1503614275296,-2,-5,0,-1,-1,-3,2,65
2654,2654,1503614275304,9,-2,-7,-1,0,2,-1,11
2655,2655,1503614275311,1,19,4,2,-1,1,-2,-13
2656,2656,1503614275328,-6,2,2,2,-1,-4,-5,-18
2657,2657,1503614275333,-44,-13,-4,2,-1,1,-1,15
2658,2658,1503614275341,-6,2,-1,0,0,1,0,-4
2659,2659,1503614275356,12,0,3,0,-1,-1,0,-7
2660,2660,1503614275364,9,-2,-4,-3,1,0,-1,0
2661,2661,1503614275371,13,1,2,-1,1,-1,-4,14
2662,2662,1503614275388,14,5,-1,2,0,-1,2,20
2663,2663,1503614275393,3,7,13,2,-1,2,0,-15
2664,2664,1503614275401,-3,-3,-5,1,2,-1,-2,-9
2665,2665,1503614275415,8,-2,-3,-3,-2,-2,2,5
2666,2666,1503614275424,-9,3,4,-1,0,-1,-2,-20
2667,2667,1503614275431,1,1,-3,0,-1,0,-2,-10
2668,2668,1503614275446,-4,-1,-3,0,-1,-3,-1,6
2669,2669,1503614275454,3,1,2,1,1,-1,-5,-6
2670,2670,1503614275462,4,-6,-7,-2,-1,-2,-4,20
2671,2671,1503614275475,-9,-3,-5,-1,-2,-1,1,-8
2672,2672,1503614275483,1,-1,5,-1,-2,-1,-2,-6
2673,2673,1503614275491,0,5,1,1,-2,-1,-1,-10
2674,2674,1503614275506,-8,2,2,-1,-2,0,-2,-10
2675,2675,1503614275513,-1,-5,-4,-1,0,0,1,-5
2676,2676,1503614275521,-1,5,2,-1,-1,-2,1,0
2677,2677,1503614275535,-6,-2,-1,-2,-1,-1,-4,-40
2678,2678,1503614275544,3,-7,-2,-1,-3,1,2,2
2679,2679,1503614275551,-7,-12,-6,-4,-2,-4,-2,-1
2680,2680,1503614275566,-4,-7,-5,-2,0,1,1,13
2681,2681,1503614275573,-1,-6,-1,-2,-2,0,0,9
2682,2682,1503614275581,3,12,11,2,-2,0,4,21
2683,2683,1503614275596,-4,-5,-6,-1,0,0,-3,4
2684,2684,1503614275603,-4,6,-3,-3,1,-1,0,-23
2685,2685,1503614275611,-4,0,3,-2,-1,-1,-1,-11
2686,2686,1503614275626,-3,-4,-3,-2,-1,-2,-2,0
2687,2687,1503614275633,1,1,-4,1,-2,0,4,11
2688,2688,1503614275641,-2,0,1,2,2,0,-3,-6
2689,2689,1503614275655,-2,-3,-5,-3,-2,-2,0,3
2690,2690,1503614275656,3,5,4,3,1,0,-4,2
2691,2691,1503614275664,0,-2,-1,-2,-1,-2,-1,-3
2692,2692,1503614275671,2,1,1,0,-1,-1,1,9
2693,2693,1503614275688,-1,0,-2,-2,-2,-2,0,-7
2694,2694,1503614275693,1,1,-3,-3,-2,-1,-1,-3
2695,2695,1503614275701,1,-2,-1,-3,-2,0,-2,-1
2696,2696,1503614275715,2,6,1,0,1,1,0,5
2697,2697,1503614275727,-3,2,2,1,0,0,-2,-1
2698,2698,1503614275731,-4,-3,-2,-1,0,0,0,-2
2699,2699,1503614275746,-1,1,-2,0,1,0,-2,2
2700,2700,1503614275755,0,-4,-3,0,-2,-2,-3,-1
2701,2701,1503614275761,-4,-6,-6,-4,-3,-3,-2,3
2702,2702,1503614275776,-6,-1,14,1,1,0,1,-8
2703,2703,1503614275783,9,6,6,4,1,-2,3,7
2704,2704,1503614275799,-3,-4,-4,-5,-5,-3,-2,2
2705,2705,1503614275806,2,2,-1,-3,0,1,2,7
2706,2706,1503614275814,-1,-5,-1,0,1,-1,-1,3
2707,2707,1503614275823,1,4,1,2,0,-1,-3,-5
2708,2708,1503614275824,-5,-2,6,0,-2,-1,0,-12
2709,2709,1503614275837,-2,5,-7,-3,-2,-1,-1,-1
2710,2710,1503614275843,0,-6,-3,1,-1,1,0,-16
2711,2711,1503614275859,2,7,6,-1,-5,-2,-4,-16
2712,2712,1503614275866,-3,-10,-6,-2,0,-1,-2,4
2713,2713,1503614275874,0,0,2,1,0,1,1,-3
2714,2714,1503614275881,-3,1,1,1,-6,-4,-6,-10
2715,2715,1503614275896,0,-4,-10,-1,0,-2,-2,-7
2716,2716,1503614275903,3,13,13,5,4,3,3,7
2717,2717,1503614275925,9,10,7,6,2,-2,1,20
2718,2718,1503614275926,2,-16,-18,-6,-1,1,4,25
2719,2719,1503614275934,-7,-9,-4,-2,-1,0,-1,-3
2720,2720,1503614275941,-3,0,0,-1,-1,-2,-2,-6
2721,2721,1503614275958,6,5,-3,0,2,1,2,12
2722,2722,1503614275963,-5,-3,-4,-6,-1,0,-5,-5
2723,2723,1503614275979,2,-4,-2,-2,0,-1,-2,-6
2724,2724,1503614275986,0,5,4,1,1,-3,-1,-6
2725,2725,1503614275994,-1,-2,-6,-3,-1,-1,0,-8
2726,2726,1503614276009,10,4,1,5,-1,1,-1,-3
2727,2727,1503614276016,-4,-10,-2,-3,-3,0,-1,3
2728,2728,1503614276025,-3,4,2,0,0,0,-1,-5
2729,2729,1503614276039,-3,-6,2,1,-2,-3,-4,-10
2730,2730,1503614276046,-2,-3,-5,0,-3,-3,0,7
2731,2731,1503614276054,1,-3,-4,-1,-2,1,0,6
2732,2732,1503614276068,1,3,1,-2,1,-3,1,-5
2733,2733,1503614276069,-2,-6,-4,0,-1,0,0,-6
2734,2734,1503614276083,-1,-3,1,0,-4,-1,-2,5
2735,2735,1503614276084,1,11,2,-2,1,1,-1,-12
2736,2736,1503614276100,-2,-3,-6,-2,-2,-4,-4,2
2737,2737,1503614276106,1,-4,-6,-3,-1,-2,0,9
2738,2738,1503614276114,-3,7,4,1,2,1,1,-6
2739,2739,1503614276129,-8,-6,-3,-6,-3,-3,-6,-19
2740,2740,1503614276136,-1,2,1,-2,-1,-1,2,5
2741,2741,1503614276143,-6,-5,0,-1,-1,-1,0,-5
2742,2742,1503614276159,1,10,-2,-4,-2,-1,1,-1
2743,2743,1503614276167,0,1,-2,-1,0,0,-2,6
2744,2744,1503614276174,15,16,11,8,5,2,6,42
2745,2745,1503614276188,0,2,-3,1,-2,-1,-1,0
2746,2746,1503614276197,-10,-10,-8,-5,-1,-4,-5,-29
2747,2747,1503614276203,-2,-6,-5,-6,-2,-1,-4,-1
2748,2748,1503614276219,-7,-19,-1,-4,-4,0,-2,-3
2749,2749,1503614276233,-8,-8,-4,-3,0,0,-2,-17
2750,2750,1503614276235,5,24,14,3,4,3,-2,-12
2751,2751,1503614276248,-4,-8,-3,0,1,0,0,-2
2752,2752,1503614276264,7,-7,-11,0,-1,0,1,13
2753,2753,1503614276268,5,-4,-2,2,0,0,-1,10
2754,2754,1503614276279,-1,-16,-12,-6,-2,-1,-1,15
2755,2755,1503614276286,-2,-4,-2,0,-2,-2,0,-3
2756,2756,1503614276295,-7,0,-3,-7,-3,-3,-2,-8
2757,2757,1503614276309,6,12,1,0,0,1,2,6
2758,2758,1503614276317,-2,-10,-9,-1,-1,-2,-2,-16
2759,2759,1503614276327,-6,-3,2,-1,0,-2,-3,-11
2760,2760,1503614276339,1,9,10,5,1,1,-1,-6
2761,2761,1503614276346,2,1,-1,0,1,2,4,9
2762,2762,1503614276354,-9,-10,-5,-1,-2,-2,-5,-19
2763,2763,1503614276369,6,-4,1,0,0,0,0,19
2764,2764,1503614276377,5,5,4,4,1,-1,1,12
2765,2765,1503614276383,-2,1,-10,-4,-3,0,-2,-6
2766,2766,1503614276399,-7,-6,-7,-3,-1,1,2,12
2767,2767,1503614276406,-3,-3,2,0,-1,0,-1,0
2768,2768,1503614276414,0,12,14,4,1,1,1,-7
2769,2769,1503614276429,3,-4,2,-2,-2,-2,1,26
2770,2770,1503614276437,3,1,6,4,0,-1,1,15
2771,2771,1503614276443,-6,-11,-6,-3,-2,-4,-4,-20
2772,2772,1503614276461,-1,-3,-8,-2,-3,3,1,-3
2773,2773,1503614276466,-6,4,1,-1,0,-2,-1,-26
2774,2774,1503614276474,-3,-6,-6,-2,0,-1,-1,-8
2775,2775,1503614276488,-6,13,1,2,0,1,-3,-10
2776,2776,1503614276497,-6,-4,-5,-6,-4,-1,-3,-6
2777,2777,1503614276503,10,8,18,6,4,1,3,30
2778,2778,1503614276519,1,-1,-6,-3,-2,-2,-2,-4
2779,2779,1503614276528,-4,-2,0,-2,-2,-2,-2,-15
2780,2780,1503614276534,-3,-3,1,0,1,-3,0,-4
2781,2781,1503614276548,1,7,5,0,-3,2,-2,2
2782,2782,1503614276549,-2,-7,-3,-1,-6,-1,0,-3
2783,2783,1503614276556,-3,-1,-1,-2,0,-1,-2,0
2784,2784,1503614276565,0,10,10,2,0,-1,2,-9
2785,2785,1503614276579,-5,-7,-7,-6,-4,-5,-4,-11
2786,2786,1503614276586,0,-16,-15,-1,2,0,-2,0
3069,3069,1503614279384,5,4,3,-1,0,-4,-7,0
3070,3070,1503614279391,13,4,-4,-2,-2,0,0,-1
3071,3071,1503614279406,1,-11,-7,-5,-3,1,-3,-17
3072,3072,1503614279414,2,-5,-2,1,2,-1,-4,-7
3073,3073,1503614279421,12,-10,-11,-5,-2,-6,-1,21
3074,3074,1503614279423,-5,19,9,3,-1,-1,-4,-31
3075,3075,1503614279435,-18,-7,-6,-6,-5,-3,-2,-3
3076,3076,1503614279443,15,-2,-5,1,0,2,3,23
3077,3077,1503614279458,1,-2,-5,-2,-1,-1,-2,16
3078,3078,1503614279466,-7,-3,-1,1,0,0,3,41
3079,3079,1503614279473,11,14,2,4,1,1,6,40
3080,3080,1503614279485,7,5,-4,-1,0,-1,-3,-7
3081,3081,1503614279495,-16,-11,-3,2,2,0,-5,-51
3082,3082,1503614279503,13,-11,-7,-3,-2,1,4,21
3083,3083,1503614279511,12,6,6,1,0,3,-1,-3
3084,3084,1503614279526,-30,-21,-7,-2,-2,-1,-7,-43
3085,3085,1503614279533,11,6,-3,-3,-4,-1,1,-2
3086,3086,1503614279541,14,7,1,-1,-1,-1,-2,-1
3087,3087,1503614279555,-11,0,3,-2,-2,-2,-3,-1
3088,3088,1503614279563,-11,-8,-6,-4,-2,-4,-3,-49
3089,3089,1503614279571,-6,-18,-7,-1,-2,1,3,20
3090,3090,1503614279587,1,1,-1,1,2,0,1,-1
3091,3091,1503614279593,15,-3,-5,-1,0,-1,5,25
3092,3092,1503614279601,1,8,6,4,1,-1,2,22
3093,3093,1503614279616,-13,-6,0,1,0,-1,-8,-31
3094,3094,1503614279625,-12,-3,0,-3,-1,-1,-3,-7
3095,3095,1503614279631,-12,2,-3,0,1,-1,-3,-23
3096,3096,1503614279646,-3,2,0,-1,-1,0,2,2
3097,3097,1503614279654,-29,-2,-1,-4,-4,-4,-7,-46
3098,3098,1503614279661,-8,5,1,0,-1,2,0,21
3099,3099,1503614279675,-13,-15,-6,-5,-1,-1,0,8
3100,3100,1503614279683,-8,17,0,0,-2,-3,-6,-44
3101,3101,1503614279684,6,2,0,1,-1,-1,-1,-8
3102,3102,1503614279692,4,7,9,2,-1,1,1,23
3103,3103,1503614279707,-3,3,-1,-2,-2,-3,-2,11
3104,3104,1503614279716,-9,-6,-5,-1,1,-1,0,9
3105,3105,1503614279728,8,-3,-2,-1,-3,-1,4,3
3106,3106,1503614279735,-11,-3,-4,-5,-3,0,0,-13
3107,3107,1503614279744,-28,-4,4,0,-2,-4,-6,-19
3108,3108,1503614279759,1,2,-4,-1,-1,-1,-1,9
3109,3109,1503614279766,4,-9,1,2,0,0,-1,-11
3110,3110,1503614279773,14,2,1,1,0,0,4,-11
3111,3111,1503614279788,-7,-1,-5,-5,-3,-2,-6,-41
3112,3112,1503614279795,13,-2,-3,4,2,0,2,9
3113,3113,1503614279803,3,-5,-9,-2,1,-1,-5,6
3114,3114,1503614279818,12,7,-3,-3,-3,-1,2,11
3115,3115,1503614279826,11,-3,-6,-1,1,1,1,23
3116,3116,1503614279833,0,-4,-2,2,1,-1,-3,-7
3117,3117,1503614279850,-1,3,5,2,0,0,-2,15
3118,3118,1503614279855,-6,-2,2,-2,-3,-3,-5,-11
3119,3119,1503614279863,-30,-16,-6,-3,-1,0,1,-8
3120,3120,1503614279878,19,11,11,4,2,1,-2,12
3121,3121,1503614279886,-14,-2,-2,-1,-4,-2,-5,-8
3122,3122,1503614279893,15,9,-3,1,-1,-1,-2,-8
3123,3123,1503614279908,4,-1,2,-2,-1,-2,4,11
3124,3124,1503614279923,-9,4,6,-1,1,0,2,21
3125,3125,1503614279924,-15,-1,-4,-1,-2,-1,-10,-51
3126,3126,1503614279938,-18,-3,0,-1,-1,-4,-5,0
3127,3127,1503614279946,17,5,4,2,1,1,3,4
3128,3128,1503614279953,-8,-2,-4,-3,-1,-2,-4,-10
3129,3129,1503614279970,16,2,2,-2,-2,-1,2,22
3130,3130,1503614279975,12,-3,1,1,0,1,6,41
3131,3131,1503614279985,12,13,8,0,1,0,4,57
3132,3132,1503614279997,5,0,2,0,-2,-5,-2,7
3133,3133,1503614279998,-7,-14,-10,-4,-3,-3,-6,-16
3134,3134,1503614280006,-6,4,-2,-3,-1,-1,-4,-30
3135,3135,1503614280014,2,0,4,-1,-2,-2,-3,4
3136,3136,1503614280029,5,-4,-2,2,2,1,1,2
3137,3137,1503614280035,-17,1,0,-1,0,1,0,-36
3138,3138,1503614280043,15,3,0,0,-2,-3,4,4
3139,3139,1503614280057,-5,-6,-2,-2,-2,-3,-4,-11
3140,3140,1503614280058,0,2,-4,0,-2,-1,1,4
3141,3141,1503614280066,8,-2,-4,-2,-3,-3,-3,10
3142,3142,1503614280073,12,23,9,1,2,0,2,-12
3143,3143,1503614280089,-6,-5,-2,0,-1,0,-1,-6
3144,3144,1503614280095,-12,-15,-8,-5,-3,-1,-7,28
3145,3145,1503614280104,-3,-1,0,-4,-3,-2,-8,-6
3146,3146,1503614280120,12,-12,-4,-2,0,0,-1,-35
3147,3147,1503614280126,-2,-3,3,2,1,-1,-1,-22
3148,3148,1503614280133,-7,0,-1,-1,-2,-1,-5,-21
3149,3149,1503614280148,-7,-3,-3,1,-1,0,1,11
3150,3150,1503614280155,-3,-6,-2,0,-1,0,1,10
3151,3151,1503614280163,5,8,2,3,0,1,2,-8
3152,3152,1503614280178,0,-2,-2,0,-1,-3,-1,-4
3153,3153,1503614280190,-12,-10,-4,-3,-1,-2,-5,-8
3154,3154,1503614280194,16,4,-8,-5,-3,-2,10,47
3155,3155,1503614280208,12,22,19,4,1,1,1,17
3156,3156,1503614280215,-14,-5,0,-3,-1,3,-1,-9
3157,3157,1503614280224,1,-4,-7,-3,-2,-1,1,1
3158,3158,1503614280238,3,3,4,-1,1,-1,-1,1
3159,3159,1503614280246,-1,-3,-6,-3,0,-2,-2,-5
3160,3160,1503614280254,-9,-9,-3,1,-2,-1,-3,1
3161,3161,1503614280268,1,-3,-1,-1,1,1,3,3
3162,3162,1503614280275,3,0,1,-1,1,-4,-4,-5
3163,3163,1503614280283,-16,27,17,4,1,4,2,1
3164,3164,1503614280298,1,2,3,3,-1,0,-3,-3
3165,3165,1503614280306,7,-6,-5,-4,-3,0,-1,9
3166,3166,1503614280313,1,-4,-3,0,-1,-2,-2,0
3167,3167,1503614280329,0,-4,-6,-5,-2,-1,-3,-18
3168,3168,1503614280335,-3,-12,-6,-2,-1,0,6,-15
3169,3169,1503614280343,-12,-10,-9,-3,-4,-5,-1,-22
3170,3170,1503614280358,0,8,-1,1,0,-1,-1,18
3171,3171,1503614280366,2,-4,-3,-2,-2,1,1,22
3172,3172,1503614280373,-8,-5,-1,-2,-1,-1,-3,-6
3173,3173,1503614280389,13,-12,-6,-4,-2,-3,-2,1
3174,3174,1503614280396,3,0,-1,0,-1,1,5,4
3175,3175,1503614280403,10,3,3,6,3,0,1,18
3176,3176,1503614280418,4,10,0,-3,-2,-1,-6,-10
3177,3177,1503614280427,4,-6,-4,-2,-3,-1,0,4
3178,3178,1503614280433,12,1,2,0,0,2,5,17
3179,3179,1503614280449,-11,-2,-1,1,-1,-3,-6,-16
3180,3180,1503614280456,-4,2,0,1,-1,-2,-1,0
3181,3181,1503614280464,-1,-3,-5,-4,-1,0,0,-4
3182,3182,1503614280478,11,-3,4,3,2,0,-4,-3
3183,3183,1503614280488,-11,0,1,1,1,-3,-2,-3
3184,3184,1503614280495,-11,0,-5,-6,-3,-1,-2,-4
3185,3185,1503614280518,0,2,3,0,0,-1,0,-1
3186,3186,1503614280519,-12,2,4,2,0,0,-2,-26
3187,3187,1503614280524,-4,5,1,3,-1,2,3,32
3188,3188,1503614280538,-11,-9,-4,-2,-1,-1,-2,-11
3189,3189,1503614280547,22,1,1,-1,-1,-2,1,-2
3190,3190,1503614280557,13,6,3,2,-2,1,-1,9
3191,3191,1503614280569,4,-6,-6,-2,0,-1,-2,-2
3192,3192,1503614280576,-9,-4,-5,-4,-1,-5,-4,-9
3193,3193,1503614280584,-7,-9,-6,-4,-2,1,-3,-4
3194,3194,1503614280599,0,2,-7,-3,0,2,10,-34
3195,3195,1503614280607,-4,5,0,0,1,0,-2,-2
3196,3196,1503614280614,5,1,1,4,1,0,-4,5
3197,3197,1503614280630,16,2,1,0,2,2,3,31
3198,3198,1503614280636,-22,-5,-4,-5,-4,-5,-5,-5
3199,3199,1503614280651,9,1,-1,-1,-2,-3,-5,-2
3200,3200,1503614280658,-22,-9,-2,-2,2,1,-1,-9
3201,3201,1503614280659,8,-3,0,0,-2,1,0,18
3202,3202,1503614280666,-7,2,-4,-1,-2,0,-2,-29
3203,3203,1503614280680,-2,3,5,2,1,-1,-1,2
3204,3204,1503614280690,-9,15,10,5,2,-1,1,-13
3205,3205,1503614280695,7,4,4,0,1,1,3,12
3206,3206,1503614280711,0,-3,-2,-4,-2,-3,-2,10
3207,3207,1503614280719,5,0,-2,-1,-4,1,3,-3
3208,3208,1503614280727,3,10,7,4,0,0,-4,-6
3209,3209,1503614280728,-22,-22,-11,-3,-2,-1,-8,-24
3210,3210,1503614280741,-3,-7,-8,-2,-2,-2,-5,-14
3211,3211,1503614280748,-17,-6,3,0,-2,2,-1,-22
3212,3212,1503614280763,-34,-13,-1,-1,-1,0,-1,15
3213,3213,1503614280771,11,3,3,0,0,-3,-1,15
3214,3214,1503614280779,3,-7,-7,-1,-1,-3,-3,-1
3215,3215,1503614280786,13,9,3,1,0,0,4,11
3216,3216,1503614280801,-9,2,3,-1,-1,-1,-5,-17
3217,3217,1503614280808,8,-1,-4,-3,-2,1,4,7
3218,3218,1503614280831,10,31,16,4,-1,-1,-5,-7
3219,3219,1503614280832,7,20,8,3,-2,1,-2,-21
3220,3220,1503614280839,0,-8,-8,-5,-2,-3,-1,-1
3221,3221,1503614280846,-1,0,1,-3,-3,-2,0,16
3222,3222,1503614280862,5,5,7,-1,1,1,3,9
3223,3223,1503614280868,5,11,2,4,1,3,1,-3
3224,3224,1503614280884,3,-1,-4,-2,0,-1,-3,0
3225,3225,1503614280892,-12,-3,4,0,1,0,1,-1
3226,3226,1503614280899,-13,-16,-5,0,-3,-2,1,16
3227,3227,1503614280906,6,7,3,1,-1,0,-1,-17
3228,3228,1503614280907,-16,-24,-15,-6,-1,0,-4,17
3229,3229,1503614280921,-14,-6,-17,-2,-2,-1,-1,0
3230,3230,1503614280929,5,-19,-7,-2,-2,-4,1,14
3231,3231,1503614280944,35,16,6,2,1,1,2,2
3232,3232,1503614280951,-3,10,-3,-1,-3,0,-2,-11
3233,3233,1503614280960,12,-2,-5,-2,1,-3,-3,4
3234,3234,1503614280966,3,-9,1,-1,0,1,-1,-5
3235,3235,1503614280981,-10,17,0,-3,-2,0,0,-5
3236,3236,1503614280988,13,4,1,0,0,-3,-4,-7
3237,3237,1503614281004,20,1,0,-3,-3,-3,-3,-3
3238,3238,1503614281011,-17,-5,-2,0,-2,-1,0,-8
3239,3239,1503614281019,2,-1,7,2,1,1,0,-20
3240,3240,1503614281026,0,14,-1,1,-1,-1,0,-2
3241,3241,1503614281041,1,-19,-6,-1,0,1,4,77
3242,3242,1503614281048,-10,-7,-6,1,2,2,2,16
3243,3243,1503614281064,-16,-9,-1,2,1,-1,-5,-14
3244,3244,1503614281071,4,-16,-10,-4,-1,0,-2,-11
3245,3245,1503614281079,-8,-2,-1,-1,0,0,-3,-34
3246,3246,1503614281086,-21,-14,-15,-3,-1,-4,-4,-27
3247,3247,1503614281101,-6,-16,-7,-5,-4,-1,1,-3
3248,3248,1503614281108,9,-7,-3,-2,-2,-4,1,16
3249,3249,1503614281116,-9,-6,1,-2,-1,0,0,-1
3250,3250,1503614281131,-8,12,19,2,-2,-1,-1,-13
3251,3251,1503614281139,-9,11,7,-2,-3,-1,-3,-9
3252,3252,1503614281146,5,6,-1,-1,0,1,0,1
3253,3253,1503614281161,-38,-10,-8,-2,0,-3,0,1
3254,3254,1503614281168,-9,-18,-8,-2,0,-3,0,1
3255,3255,1503614281176,5,-4,-4,0,-2,0,-4,-8
3256,3256,1503614281191,-7,3,-2,-3,-3,0,0,-5
3257,3257,1503614281206,17,-2,-3,0,2,2,0,3
3258,3258,1503614281207,7,-3,3,0,0,-1,-1,-1
3259,3259,1503614281221,1,12,6,2,1,-2,1,-12
3260,3260,1503614281229,8,-2,-2,0,-3,-2,0,9
3261,3261,1503614281237,11,4,1,-1,0,-3,-3,1
3262,3262,1503614281251,-11,6,5,0,-2,-1,-4,-4
3263,3263,1503614281261,-1,-3,1,0,0,2,1,-4
3264,3264,1503614281266,2,3,-1,-2,0,2,-1,3
3265,3265,1503614281281,3,-3,-2,-1,0,-3,0,-1
3266,3266,1503614281288,1,0,-4,0,-1,0,-1,5
3267,3267,1503614281304,4,1,-5,-1,-2,-1,-2,11
3268,3268,1503614281311,6,-1,0,-1,-1,-1,1,2
3269,3269,1503614281319,-1,0,-4,-2,-1,-1,-1,0
3270,3270,1503614281328,-5,-5,-2,1,0,1,1,15
3271,3271,1503614281341,20,7,2,0,-1,-1,2,5
3272,3272,1503614281348,0,0,2,0,0,0,0,-14
3273,3273,1503614281364,2,-4,2,0,1,-1,0,11
3274,3274,1503614281371,7,7,1,-2,-1,0,-2,-5
3275,3275,1503614281379,-4,12,15,3,0,-1,0,-7
3276,3276,1503614281386,5,1,9,1,-1,0,1,24
3277,3277,1503614281401,-2,-2,-2,1,1,-1,-2,13
3278,3278,1503614281408,1,-1,-3,-2,0,-1,0,-2
3279,3279,1503614281424,1,-1,-4,-4,-3,-1,-2,-6
3280,3280,1503614281431,0,-4,-6,0,-1,-1,-1,-4
3281,3281,1503614281439,9,12,3,-1,0,-1,1,-5
3282,3282,1503614281446,15,7,3,3,0,-1,-3,-2
3283,3283,1503614281464,-2,-5,-1,1,0,0,-5,-4
3284,3284,1503614281468,3,-5,-10,-2,-1,0,-4,-2
3285,3285,1503614281484,-6,-11,-12,-3,-1,2,0,-2
3286,3286,1503614281491,-11,-3,-4,-4,-1,-3,-4,-19
3287,3287,1503614281499,-6,3,3,-2,-1,-1,1,-16
3288,3288,1503614281506,-16,-2,6,-2,-2,0,-1,-8
3289,3289,1503614281521,-5,1,-1,-1,-1,0,1,3
3290,3290,1503614281529,-5,-2,-3,-1,0,0,2,12
3291,3291,1503614281544,-3,-11,-7,-3,-3,-3,0,5
3292,3292,1503614281551,0,6,4,-3,-2,-1,0,11
3293,3293,1503614281566,-5,-10,-8,0,1,2,0,0
3294,3294,1503614281573,2,8,6,2,0,0,-1,-14
3295,3295,1503614281581,0,9,6,-1,0,-2,-3,-11
3296,3296,1503614281588,8,7,2,1,2,1,-1,1
3297,3297,1503614281604,16,6,1,0,-2,-1,2,54
3298,3298,1503614281611,3,-5,3,-1,-1,-1,3,25
3299,3299,1503614281619,-7,-3,-2,-3,0,-1,0,-4
3300,3300,1503614281633,-7,-15,-8,-4,-4,-5,-5,-11
3301,3301,1503614281641,-5,0,3,-1,-2,1,0,-11
3302,3302,1503614281648,3,-2,-5,0,0,-1,8,6
3303,3303,1503614281664,-1,15,4,1,-1,1,0,-13
3304,3304,1503614281671,-11,1,2,2,-1,0,-3,-23
3305,3305,1503614281679,-15,-19,-11,-6,-5,-4,-7,-25
3306,3306,1503614281694,-2,-3,-6,-3,-1,-4,-3,-18
3307,3307,1503614281701,-3,-3,-3,-1,0,-2,-4,-34
3308,3308,1503614281708,2,1,0,-1,0,0,0,-3
3309,3309,1503614281724,5,4,3,-2,0,1,1,5
3310,3310,1503614281731,-6,-1,1,-1,-1,-1,-3,-7
3311,3311,1503614281739,2,-1,1,2,-1,-3,1,9
3312,3312,1503614281753,-3,4,1,0,0,0,-1,3
3313,3313,1503614281761,2,11,4,3,1,2,2,22
3314,3314,1503614281768,3,-11,-4,0,1,-1,1,13
3315,3315,1503614281784,2,-7,-2,0,-2,-2,-1,4
3316,3316,1503614281791,-3,-2,-1,-2,-2,2,-2,-7
3317,3317,1503614281799,-5,-9,-3,-1,-2,-2,3,11
3318,3318,1503614281813,-5,-2,-3,0,-1,-4,1,0
3319,3319,1503614281821,4,6,1,0,1,0,0,-5
3320,3320,1503614281828,-11,0,-1,-2,-2,1,-2,-16
3321,3321,1503614281844,-12,-7,-3,-3,-4,-3,-2,-15
3322,3322,1503614281851,-2,-2,2,0,0,-1,-2,1
3323,3323,1503614281859,6,-4,-18,-4,-2,1,-3,-2
3324,3324,1503614281873,-1,-2,-6,-3,1,-1,-2,-13
3325,3325,1503614281881,0,-10,-7,-5,-3,-4,-2,4
3326,3326,1503614281888,7,7,1,-1,1,2,1,-7
3327,3327,1503614281904,13,-4,3,-3,-1,0,14,52
3328,3328,1503614281911,-7,0,5,-1,-4,-5,-6,-14
3329,3329,1503614281919,3,7,5,1,1,1,-2,21
3330,3330,1503614281933,-2,-1,-7,-3,-1,-1,-7,-14
3331,3331,1503614281941,-3,-2,-1,-3,1,-3,-1,8
3332,3332,1503614281948,3,-3,5,2,0,-2,-1,9
3333,3333,1503614281966,11,9,1,6,1,3,4,40
3334,3334,1503614281978,1,9,7,1,1,-1,1,8
3335,3335,1503614281979,1,15,14,4,1,-1,-4,-26
3336,3336,1503614281993,3,-6,-9,-2,-2,-2,-2,-8
3337,3337,1503614282001,-10,-6,-4,0,-1,-2,-5,-29
3338,3338,1503614282009,4,1,-1,-4,-2,-1,1,6
3339,3339,1503614282024,-3,-3,-9,-3,-2,-1,-3,-18
3340,3340,1503614282032,-6,-11,-12,-4,-2,1,3,6
3341,3341,1503614282039,-2,9,7,3,1,2,0,4
3342,3342,1503614282053,3,3,-3,-1,-1,-1,-1,15
3343,3343,1503614282061,10,-4,-3,-6,-4,-3,-3,-4
3344,3344,1503614282068,7,-11,-12,-1,-1,-1,5,31
3345,3345,1503614282084,-11,-11,-3,2,1,-2,-3,-18
3346,3346,1503614282091,4,1,-7,3,0,0,0,1
3347,3347,1503614282100,0,20,11,3,2,1,-1,-6
3348,3348,1503614282113,-21,-5,1,-5,-1,1,-3,-17
3349,3349,1503614282121,-14,-4,0,-1,-5,-3,-4,-19
3350,3350,1503614282128,1,2,4,2,-1,1,2,-1
3351,3351,1503614282144,17,29,21,5,2,1,1,4
3352,3352,1503614282150,1,-1,1,0,-1,-1,-3,-1
3353,3353,1503614282159,-6,-7,-4,-1,0,-3,-3,-11
3354,3354,1503614282174,2,12,10,0,-3,-2,1,1
3355,3355,1503614282181,-1,0,-3,2,2,1,1,3
3356,3356,1503614282188,-3,-5,-3,2,1,0,-2,-1
3357,3357,1503614282204,1,-14,-8,-4,-4,0,2,9
3358,3358,1503614282211,-2,-3,-2,-2,0,-1,-1,-1
3359,3359,1503614282219,-2,-5,-4,-3,-2,0,0,37
3360,3360,1503614282234,-6,-7,-5,-5,-2,-3,-6,-17
3361,3361,1503614282241,-1,-5,3,1,0,-1,-3,-14
3362,3362,1503614282248,4,-1,-5,3,-2,-1,0,8
3363,3363,1503614282263,-8,-9,-8,-3,-2,1,-2,-19
3364,3364,1503614282271,1,6,5,0,1,1,1,-1
3365,3365,1503614282279,-5,-6,-3,3,1,-3,-1,-7
3366,3366,1503614282293,-1,4,2,-7,-4,-2,-3,3
3367,3367,1503614282301,-1,13,6,-3,-5,-2,-2,-7
3368,3368,1503614282308,1,1,0,4,-2,0,-3,-8
3369,3369,1503614282324,-10,-18,-7,-7,-4,-1,-2,-5
3370,3370,1503614282331,-4,1,-3,0,3,-1,1,-11
3371,3371,1503614282339,-4,-12,-8,-7,-3,-3,-2,2
3372,3372,1503614282353,-4,-6,-2,0,2,-1,1,5
3373,3373,1503614282361,1,-3,-5,-4,0,0,-1,-10
3374,3374,1503614282368,-4,5,2,-3,-2,1,0,-5
3375,3375,1503614282384,-2,-6,-8,0,-2,-2,-2,0
3376,3376,1503614282391,2,-11,-4,-2,-1,-2,5,20
3377,3377,1503614282401,9,-1,-3,2,-2,0,-1,2
3378,3378,1503614282413,2,-2,-1,-1,-6,-2,0,3
3379,3379,1503614282414,-3,-6,-4,-5,-4,-4,-7,-13
3380,3380,1503614282421,2,8,-2,4,4,-1,2,1
3381,3381,1503614282428,6,6,-2,1,0,1,-1,23
3382,3382,1503614282444,4,-3,-10,-3,-2,-2,1,24
3383,3383,1503614282451,-3,-2,-4,-1,1,-2,-1,14
3384,3384,1503614282459,-12,-7,-2,-1,2,-1,3,-2
3385,3385,1503614282473,-4,-1,0,1,-2,-2,0,-8
3386,3386,1503614282488,1,3,4,0,0,0,-4,-12
3387,3387,1503614282489,3,6,6,-1,-1,-2,-3,-13
3388,3388,1503614282504,3,4,3,1,1,1,5,18
3389,3389,1503614282511,9,4,6,1,-1,0,1,2
3390,3390,1503614282526,5,1,4,4,8,0,-3,-11
3391,3391,1503614282534,-2,-6,-5,1,1,0,-2,0
3392,3392,1503614282541,7,8,-1,-2,-4,0,1,-1
3393,3393,1503614282556,2,-12,-9,-5,-1,0,2,29
3394,3394,1503614282564,3,-10,1,-4,-3,0,1,32
3395,3395,1503614282571,-6,1,3,-2,0,0,-2,-21
3396,3396,1503614282586,2,8,2,1,-2,-2,-2,-17
3397,3397,1503614282593,1,2,0,1,-2,0,-3,-12
3398,3398,1503614282602,-24,1,1,1,0,-1,-4,-19
3399,3399,1503614282616,2,-1,1,-1,0,0,1,-6
3400,3400,1503614282624,1,-8,-5,-3,-5,-2,-4,-7
3401,3401,1503614282631,9,14,6,-1,-1,-1,-3,-4
3402,3402,1503614282646,-3,0,-1,-3,-3,1,-2,-15
3403,3403,1503614282653,4,-2,-1,1,-1,-3,-4,3
3404,3404,1503614282661,1,4,0,1,-1,-3,1,-2
3405,3405,1503614282676,-5,3,2,1,-3,-2,-2,-2
3406,3406,1503614282684,-2,-8,-12,-3,6,4,0,8
3407,3407,1503614282691,15,-1,-10,-1,-1,0,-1,-15
3408,3408,1503614282706,5,-3,-4,-1,-3,1,1,-17
3409,3409,1503614282713,-8,-3,0,0,-2,1,3,0
3410,3410,1503614282721,-2,5,3,-2,-2,-3,-4,-3
3411,3411,1503614282736,-1,3,3,0,0,-1,1,2
3412,3412,1503614282744,-13,-11,-1,-3,-2,1,0,-26
3413,3413,1503614282751,-14,-5,1,4,0,1,-2,4
3414,3414,1503614282766,-9,-5,0,-5,-3,-3,-4,-21
3415,3415,1503614282773,7,2,5,-1,0,1,5,36
3416,3416,1503614282781,8,3,15,5,0,1,5,24
3417,3417,1503614282796,-7,-8,-3,-4,-3,-5,-3,-8
3418,3418,1503614282804,9,7,0,0,-1,-2,-1,13
3419,3419,1503614282811,0,1,1,3,2,1,-3,-14
3420,3420,1503614282826,-19,1,-4,-1,-1,-2,-4,-6
3421,3421,1503614282833,-5,-3,-4,-4,-1,0,-1,2
3422,3422,1503614282841,6,-14,-13,-1,-1,-1,-2,4
3423,3423,1503614282856,4,-2,-1,0,-1,0,2,-1
3424,3424,1503614282864,-4,-7,-6,-3,-2,0,0,8
3425,3425,1503614282872,0,0,-5,-3,-1,-3,-4,-11
3426,3426,1503614282886,41,0,-7,-2,-1,-2,3,14
3427,3427,1503614282893,9,6,5,-2,0,1,3,19
3428,3428,1503614282903,-1,2,1,2,0,1,0,3
3429,3429,1503614282916,-3,2,-4,-4,0,-1,0,-11
3430,3430,1503614282924,1,5,3,1,0,-1,-3,-5
3612,3612,1503614284649,-19,-8,-6,-1,8,3,-1,14
3613,3613,1503614284656,12,0,-1,-4,-2,-1,2,-3
3614,3614,1503614284671,3,-2,-2,0,-5,-3,-3,6
3615,3615,1503614284679,-6,-3,-1,1,0,0,0,13
3616,3616,1503614284686,15,-3,-1,0,-2,1,2,16
3617,3617,1503614284700,-6,3,3,-1,0,4,-1,6
3618,3618,1503614284708,-5,-6,-6,-2,-1,-1,-4,-15
3619,3619,1503614284716,3,1,-1,1,-1,0,-1,-7
3620,3620,1503614284730,28,-8,-7,-4,-1,-2,-4,-3
3621,3621,1503614284737,-6,2,4,1,1,-2,-6,-9
3622,3622,1503614284747,-21,-4,-5,-5,-7,-4,-4,-7
3623,3623,1503614284760,-12,-2,-2,-1,7,5,-4,-16
3624,3624,1503614284768,5,12,6,2,1,0,1,7
3625,3625,1503614284775,24,2,3,0,-1,-2,1,12
3626,3626,1503614284791,31,-3,2,1,1,-1,-1,-2
3627,3627,1503614284797,2,1,5,1,-4,-2,1,5
3628,3628,1503614284806,-8,-3,1,1,-2,-1,-1,-10
3629,3629,1503614284821,-6,-3,-5,-2,-3,1,-2,7
3630,3630,1503614284828,-13,-3,-7,-6,-4,-3,-4,-2
3631,3631,1503614284836,1,-4,-4,-3,8,4,-4,-27
3632,3632,1503614284851,-3,-1,-1,-1,-2,-1,1,7
3633,3633,1503614284857,3,-5,-6,-3,-4,-5,-5,-5
3634,3634,1503614284866,20,8,5,1,1,1,0,-6
3635,3635,1503614284882,-5,3,-2,-1,-1,-1,0,11
3636,3636,1503614284889,-10,-3,-2,-2,-3,0,-1,4
3637,3637,1503614284903,17,19,6,3,-2,1,1,12
3638,3638,1503614284913,7,-3,-3,-1,-1,0,2,8
3639,3639,1503614284918,-20,-9,-3,-2,-2,-3,-4,-9
3640,3640,1503614284926,20,6,5,3,1,-1,0,1
3641,3641,1503614284940,-2,0,0,-2,-3,-1,2,13
3642,3642,1503614284949,-4,5,2,1,1,-1,-3,-10
3643,3643,1503614284956,-18,-10,3,0,-3,-1,1,-8
3644,3644,1503614284971,-15,-11,-10,-3,-5,-2,-3,-10
3645,3645,1503614284978,9,-5,-2,-4,-4,-3,3,19
3646,3646,1503614284987,-7,-2,5,1,4,-1,-1,-2
3647,3647,1503614285001,12,15,3,-1,-2,-2,-6,0
3648,3648,1503614285009,18,2,-2,-2,-2,-1,-2,-3
3649,3649,1503614285016,9,8,-1,1,2,-1,-2,3
3650,3650,1503614285037,-14,-8,1,1,1,0,-1,-23
3651,3651,1503614285038,19,3,1,0,-1,1,2,20
3652,3652,1503614285053,-9,0,4,-2,-1,1,1,-2
3653,3653,1503614285060,-4,-15,-9,-3,-2,0,-1,-6
3654,3654,1503614285068,-6,-4,-2,-2,0,-3,-4,-5
3655,3655,1503614285075,-17,8,0,0,1,0,3,12
3656,3656,1503614285090,17,-15,-6,0,-6,-1,-7,4
3657,3657,1503614285091,-47,16,9,-1,9,4,-3,-38
3658,3658,1503614285097,-8,-1,0,1,-1,0,-1,-27
3659,3659,1503614285106,0,-12,-5,-1,-5,-5,-1,6
3660,3660,1503614285120,-11,-14,-7,-3,-1,-2,-2,-10
3661,3661,1503614285128,17,0,-2,-1,1,4,5,44
3662,3662,1503614285135,8,3,1,0,-1,-2,1,10
3663,3663,1503614285151,1,1,-5,-5,-3,-2,-2,-3
3664,3664,1503614285157,16,-4,-8,-1,-1,2,-4,-13
3665,3665,1503614285165,8,3,3,3,0,0,1,-23
3666,3666,1503614285181,-1,8,0,-3,-3,-3,-4,-24
3667,3667,1503614285188,14,5,0,2,-2,-1,0,8
3668,3668,1503614285195,-25,-21,-5,0,1,-2,-1,-4
3669,3669,1503614285211,12,-16,-15,-6,-5,-1,6,26
3670,3670,1503614285217,-2,0,-1,0,0,0,1,19
3671,3671,1503614285225,-19,-6,0,-1,-1,-3,-7,26
3672,3672,1503614285240,13,0,-4,-5,3,-1,-7,-6
3673,3673,1503614285248,0,1,-2,1,-2,-1,-4,-21
3674,3674,1503614285256,-10,-4,-1,3,-3,-3,0,5
3675,3675,1503614285271,19,2,1,3,0,-1,0,-24
3676,3676,1503614285278,1,-3,0,0,-1,0,0,1
3677,3677,1503614285286,8,-5,-5,-5,0,-1,1,-13
3678,3678,1503614285300,2,-4,-1,1,0,2,2,-20
3679,3679,1503614285308,12,-3,-3,-2,-3,-3,2,27
3680,3680,1503614285323,12,6,2,-1,-1,0,3,0
3681,3681,1503614285331,15,7,5,2,3,1,-1,-2
3682,3682,1503614285338,-21,2,0,-3,-3,-1,-7,-32
3683,3683,1503614285353,-3,2,-2,-1,-1,-3,1,18
3684,3684,1503614285360,33,4,-3,-1,-2,-1,1,3
3685,3685,1503614285368,-6,-4,-4,1,0,1,-6,-16
3686,3686,1503614285383,-22,-5,-1,0,1,0,4,24
3687,3687,1503614285391,-4,11,7,1,0,0,-2,-11
3688,3688,1503614285398,-2,-5,2,5,1,-1,1,12
3689,3689,1503614285413,-34,2,-3,-4,-2,-2,1,4
3690,3690,1503614285420,3,10,8,1,-1,-1,1,18
3691,3691,1503614285428,15,2,4,0,1,0,-2,16
3692,3692,1503614285442,-15,-8,-3,-4,4,4,-5,-12
3693,3693,1503614285451,-5,-6,-2,-4,-3,0,-1,8
3694,3694,1503614285458,-18,-7,-1,-3,-4,-3,-1,-37
3695,3695,1503614285473,1,-6,-4,1,0,-1,-2,-46
3696,3696,1503614285480,15,2,4,2,-1,-4,-7,0
3697,3697,1503614285488,-11,-10,-4,-1,-2,-2,-3,-3
3698,3698,1503614285502,-9,-5,-3,-2,0,0,3,16
3699,3699,1503614285511,-9,20,10,4,2,-1,1,7
3700,3700,1503614285518,-14,10,-2,-3,-3,-1,1,-3
3701,3701,1503614285533,-3,-7,-5,-5,-2,-2,-2,-5
3702,3702,1503614285540,28,3,0,2,-1,2,6,33
3703,3703,1503614285550,2,-1,-10,-5,-2,2,-1,-3
3704,3704,1503614285562,-6,-7,-3,-4,-3,-3,-5,-10
3705,3705,1503614285571,-6,-11,-4,-3,-2,0,2,9
3706,3706,1503614285578,-10,-10,-9,-3,-1,1,3,2
3707,3707,1503614285593,-6,-3,-4,-4,-4,-1,1,-6
3708,3708,1503614285600,24,-4,1,1,1,0,-5,1
3709,3709,1503614285608,2,-1,-2,-3,-1,-1,-1,5
3710,3710,1503614285623,4,-3,1,-1,-1,-1,2,5
3711,3711,1503614285631,-3,-5,0,1,1,0,0,1
3712,3712,1503614285637,-6,10,2,2,-6,-5,-2,6
3713,3713,1503614285653,-7,1,5,1,6,1,-4,-2
3714,3714,1503614285661,-9,-8,-7,-9,-5,-4,2,9
3715,3715,1503614285668,7,6,5,0,0,1,2,6
3716,3716,1503614285684,5,7,3,1,0,-1,-3,-6
3717,3717,1503614285691,10,0,-4,0,-1,0,2,2
3718,3718,1503614285707,-19,-8,1,2,1,0,-6,-25
3719,3719,1503614285713,-7,-3,2,1,2,-3,2,-20
3720,3720,1503614285721,14,1,-2,-4,-2,1,-1,4
3721,3721,1503614285728,-3,-2,0,0,0,-6,-2,-5
3722,3722,1503614285744,-9,-7,-8,-2,-1,-2,-4,-15
3723,3723,1503614285753,-15,-7,0,-2,-5,-1,-4,7
3724,3724,1503614285766,0,-4,0,1,1,2,-1,6
3725,3725,1503614285773,6,-4,-3,-5,-4,-3,2,9
3726,3726,1503614285781,-7,-3,-4,1,1,0,1,-5
3727,3727,1503614285789,6,8,5,0,-1,1,-2,2
3728,3728,1503614285804,7,-7,-15,-8,-5,-2,-2,6
3729,3729,1503614285811,15,-8,-8,-1,-1,0,-1,3
3730,3730,1503614285826,3,-1,2,0,1,1,0,2
3731,3731,1503614285833,-16,-1,-2,-1,-3,0,0,-8
3732,3732,1503614285847,-1,5,3,2,3,0,1,38
3733,3733,1503614285848,2,-7,-7,-5,-1,1,-1,11
3734,3734,1503614285849,-9,3,3,-1,3,0,1,-2
3735,3735,1503614285863,9,0,-2,1,-1,-5,-2,-19
3736,3736,1503614285864,5,7,4,0,0,-3,-2,-24
3737,3737,1503614285871,7,3,3,1,-4,-3,1,-3
3738,3738,1503614285886,1,4,5,0,2,0,1,-5
3739,3739,1503614285894,-5,-3,-4,-4,2,-1,-2,-1
3740,3740,1503614285901,-5,-4,-2,-1,0,-2,2,1
3741,3741,1503614285908,2,7,0,0,-1,0,-2,0
3742,3742,1503614285925,-4,8,1,0,-2,0,1,0
3743,3743,1503614285931,-1,-6,-2,1,0,-1,-3,4
3744,3744,1503614285953,4,5,3,1,0,-1,-2,-5
3745,3745,1503614285954,-6,-2,-2,-2,0,0,-3,2
3746,3746,1503614285961,22,14,3,2,-1,-3,4,4
3747,3747,1503614285968,12,11,2,1,1,1,-1,6
3748,3748,1503614285985,-6,-15,-7,-4,-3,1,4,-1
3749,3749,1503614285991,0,-7,-7,-2,-3,-3,0,12
3750,3750,1503614286006,-22,-1,1,-1,-1,0,-5,-29
3751,3751,1503614286013,-13,-9,-2,-1,-2,-1,0,0
3752,3752,1503614286022,-4,-4,1,2,0,-1,-3,2
3753,3753,1503614286028,1,4,-3,1,0,0,1,-5
3754,3754,1503614286044,-7,-8,-6,-2,-1,1,0,1
3755,3755,1503614286052,10,-4,0,-2,0,2,4,12
3756,3756,1503614286066,6,0,1,0,0,-1,2,-10
3757,3757,1503614286073,-2,-17,-5,1,2,0,-4,-53
3758,3758,1503614286081,10,3,-1,-2,0,-1,-2,5
3759,3759,1503614286089,-9,-6,-4,-3,-1,-2,-5,-20
3760,3760,1503614286104,1,9,7,5,2,0,-1,-7
3761,3761,1503614286111,30,8,1,-1,-1,0,-1,8
3762,3762,1503614286127,-7,1,2,-2,-3,-3,-2,19
3763,3763,1503614286133,-14,-2,-3,1,-2,-1,3,46
3764,3764,1503614286141,9,-8,-10,-3,1,-1,3,11
3765,3765,1503614286148,20,3,1,-4,-2,-3,-1,20
3766,3766,1503614286164,-2,0,-1,-1,0,1,0,0
3767,3767,1503614286171,5,7,11,6,1,-2,-2,-4
3768,3768,1503614286187,-13,-13,-8,-8,-6,-3,-3,-8
3769,3769,1503614286193,-10,1,0,-2,2,1,-3,-13
3770,3770,1503614286201,-18,4,5,2,1,-1,-4,-10
3771,3771,1503614286208,-14,-5,-1,-3,0,-1,-1,-7
3772,3772,1503614286224,-4,-3,-4,-1,0,-1,2,18
3773,3773,1503614286231,-8,2,2,1,-1,-3,0,-6
3774,3774,1503614286247,-2,-5,-2,-2,-2,0,-3,-10
3775,3775,1503614286254,-5,-13,-7,-3,-3,-2,-4,-6
3776,3776,1503614286262,8,-4,-1,-1,-1,-1,-1,1
3777,3777,1503614286276,0,2,3,1,-2,2,0,24
3778,3778,1503614286284,-7,0,-3,-2,-2,0,-1,-1
3779,3779,1503614286291,9,10,0,2,1,2,5,-1
3780,3780,1503614286306,6,11,4,0,-1,-1,-3,-7
3781,3781,1503614286313,-2,-1,-4,-4,-2,-2,-1,-3
3782,3782,1503614286329,1,-6,-5,-2,0,0,0,-3
3783,3783,1503614286335,-2,0,-1,-2,1,1,4,4
3784,3784,1503614286350,-8,-8,-2,0,-2,-1,-1,-4
3785,3785,1503614286354,-10,-7,-8,0,-3,-4,-5,-20
3786,3786,1503614286366,24,19,12,4,3,2,1,13
3787,3787,1503614286373,-20,-6,0,0,-1,-1,-3,-7
3788,3788,1503614286381,-1,-3,1,0,-1,0,-3,-5
3789,3789,1503614286396,8,2,-2,-2,-1,-1,3,-3
3790,3790,1503614286404,-1,9,5,0,1,-4,1,-5
3791,3791,1503614286411,-3,0,1,0,-2,-1,0,-4
3792,3792,1503614286427,10,-4,-11,-1,-2,-1,8,52
3793,3793,1503614286433,-1,-5,-5,-2,-1,1,0,-4
3794,3794,1503614286441,-2,-3,3,1,-1,0,-4,2
3795,3795,1503614286456,-1,3,3,0,0,0,-2,5
3796,3796,1503614286464,-8,-9,-10,-2,-3,-1,0,-6
3797,3797,1503614286470,5,3,5,4,-1,-1,-3,0
3798,3798,1503614286487,0,3,3,-3,-2,-3,-4,-12
3799,3799,1503614286493,10,6,-6,-4,-3,1,-4,-15
3800,3800,1503614286501,3,12,12,5,3,2,0,-7
3801,3801,1503614286515,-10,-13,-5,-4,0,-2,-6,1
3802,3802,1503614286523,-9,-5,-3,-5,-1,-2,0,-9
3803,3803,1503614286531,3,-1,1,1,1,-2,1,5
3804,3804,1503614286546,0,-2,-1,-1,0,-2,-1,-3
3805,3805,1503614286555,8,3,2,0,0,-2,-3,3
3806,3806,1503614286561,14,-2,-6,-3,0,1,-2,11
3807,3807,1503614286575,7,3,2,1,-1,1,2,31
3808,3808,1503614286583,-4,-2,-6,-1,-2,-2,-1,-14
3809,3809,1503614286594,-1,3,1,-1,0,-2,-1,-6
3810,3810,1503614286606,-13,-5,-1,0,-1,0,1,-4
3811,3811,1503614286613,-13,-11,-7,-2,0,-3,-7,-30
3812,3812,1503614286624,-3,0,-7,-1,1,-1,1,-1
3813,3813,1503614286636,-8,-8,-4,-3,-4,-3,3,5
3814,3814,1503614286644,-7,0,1,-2,0,-2,-6,-20
3815,3815,1503614286651,-2,1,-2,-4,-2,0,-3,-11
3816,3816,1503614286666,8,5,2,0,-1,-3,-1,15
3817,3817,1503614286673,-1,2,5,2,-2,0,0,-2
3818,3818,1503614286681,3,0,1,1,-1,-1,4,12
3819,3819,1503614286696,-13,-2,-2,-2,-2,-2,-2,-30
3820,3820,1503614286704,-15,-8,-3,-1,-3,0,-7,-37
3821,3821,1503614286710,1,2,0,2,1,1,0,-2
3822,3822,1503614286730,-5,0,0,-2,-3,0,-4,-11
3823,3823,1503614286733,7,15,7,3,1,2,3,4
3824,3824,1503614286741,13,0,0,-1,-2,-1,-2,43
3825,3825,1503614286756,8,-4,-1,-2,-2,-3,0,16
3826,3826,1503614286764,8,-1,-2,-1,1,2,7,29
3827,3827,1503614286770,7,-3,1,2,0,-1,-1,15
3828,3828,1503614286786,-12,-9,-7,-1,-3,-2,-11,-49
3829,3829,1503614286793,-1,-5,-3,-3,-1,-2,3,17
3830,3830,1503614286801,8,-2,-4,3,1,0,-2,7
3831,3831,1503614286816,-11,-1,-4,-5,-2,-2,-6,-24
3832,3832,1503614286824,-5,-2,2,1,-3,-6,-2,-5
3833,3833,1503614286831,-12,-7,-1,1,0,1,0,-11
3834,3834,1503614286846,4,0,-1,-2,-1,-2,-2,14
3835,3835,1503614286847,-1,-4,-2,-4,0,3,5,5
3836,3836,1503614286853,17,6,2,-1,2,3,5,15
3837,3837,1503614286862,-10,3,-2,0,-1,-2,-4,-12
3838,3838,1503614286875,-11,-8,-5,0,-1,-2,-3,-9
3839,3839,1503614286884,1,-14,-4,-4,1,-1,1,5
3840,3840,1503614286891,9,4,6,0,-2,-1,-2,-4
3841,3841,1503614286906,-11,-1,-2,-3,-3,-2,-3,-32
3842,3842,1503614286913,4,5,-2,0,0,1,4,7
3843,3843,1503614286924,4,14,-8,2,1,-1,0,-3
3844,3844,1503614286935,-6,-9,-7,-4,-2,-4,0,10
3845,3845,1503614286944,0,-7,4,0,3,-1,-2,-1
3846,3846,1503614286950,-3,7,4,-1,-1,-2,-4,-10
3847,3847,1503614286967,-1,4,2,1,-3,-1,2,4
3848,3848,1503614286973,9,5,-1,0,3,2,4,49
3849,3849,1503614286981,7,6,7,0,-2,0,1,8
3850,3850,1503614286996,-3,-4,-1,0,-3,-4,-3,-12
3851,3851,1503614287004,1,11,7,1,-3,0,-2,4
3852,3852,1503614287011,-26,-7,-3,1,1,0,-2,-18
3853,3853,1503614287027,-4,-14,-1,-6,-2,2,-2,-7
3854,3854,1503614287033,13,17,7,3,-1,1,0,-3
3855,3855,1503614287041,0,-2,-5,-3,-3,0,1,2
3856,3856,1503614287058,-1,-9,-4,-2,-2,-3,0,18
3857,3857,1503614287064,1,-2,0,0,0,-2,-4,-8
3858,3858,1503614287070,-6,-5,-3,-1,0,-1,1,21
3859,3859,1503614287071,-5,-9,-3,0,0,2,-1,-22
3860,3860,1503614287086,1,3,2,-3,-2,0,2,10
3861,3861,1503614287093,2,3,-1,0,2,-1,0,5
3862,3862,1503614287101,-4,-3,2,-2,2,0,-3,-1
3863,3863,1503614287116,8,0,-8,-3,-1,-1,0,-1
3864,3864,1503614287125,7,-4,-7,0,-2,-4,-1,2
3865,3865,1503614287131,9,2,1,-1,-2,-2,-4,-17
3866,3866,1503614287146,-5,2,2,-1,-1,-2,-4,-3
3867,3867,1503614287153,-7,-3,-4,-2,-2,2,0,4
3868,3868,1503614287168,-1,-7,-1,1,0,-2,2,5
3869,3869,1503614287175,2,-2,0,-1,1,-3,1,12
3870,3870,1503614287183,13,8,-2,0,1,0,2,30
3871,3871,1503614287198,3,-1,0,-3,0,0,0,2
3872,3872,1503614287206,-8,1,5,0,0,0,1,-9
3873,3873,1503614287213,-6,-5,-3,0,0,-1,-1,-4
3874,3874,1503614287228,-1,-5,2,-2,-2,-2,-4,-2
3875,3875,1503614287235,-1,0,3,-1,-1,1,1,4
3876,3876,1503614287243,-7,8,1,-2,-3,-1,-4,-19
3877,3877,1503614287260,-5,-6,0,-1,0,-1,-6,-25
3878,3878,1503614287261,2,-1,-5,-1,1,-1,3,31
3879,3879,1503614287267,0,-2,0,0,2,2,-1,-7
3880,3880,1503614287273,-13,-7,-4,-3,-2,0,-4,-20
3881,3881,1503614287288,-4,-4,-4,2,-1,-3,0,4
3882,3882,1503614287296,3,-5,-3,-1,-3,-1,1,-6
3883,3883,1503614287303,-5,-9,-9,-2,0,-2,-2,-10
3884,3884,1503614287318,-2,5,4,0,-2,-1,-3,-9
3885,3885,1503614287326,-3,3,-3,-3,-4,-2,0,-3
3886,3886,1503614287333,3,13,8,2,-2,1,-2,-3
3887,3887,1503614287348,-5,-6,4,1,-1,0,0,0
3888,3888,1503614287355,11,23,12,1,1,0,-1,-7
3889,3889,1503614287363,4,-2,-1,-3,0,2,4,28
3890,3890,1503614287378,-7,-8,-1,0,0,-3,0,-2
3891,3891,1503614287386,-8,-3,-4,-1,0,-2,-4,-23
3892,3892,1503614287393,-3,-7,-7,-2,-1,0,-1,9
3893,3893,1503614287415,7,11,3,3,-1,0,1,0
3894,3894,1503614287416,-1,-6,-3,-2,-3,-3,-1,3
3895,3895,1503614287427,-6,-2,-4,-3,0,-2,-1,-2
3896,3896,1503614287438,2,-4,-2,0,0,0,0,-8
3897,3897,1503614287446,1,-4,-5,0,-1,0,-1,4
3898,3898,1503614287453,0,-14,-8,-4,-1,-2,-4,-6
3899,3899,1503614287468,5,0,-1,-1,-1,-3,1,3
3900,3900,1503614287475,-6,-18,-9,-2,-1,-2,0,-4
3901,3901,1503614287484,-1,-9,-3,-2,-1,-3,-2,2
3902,3902,1503614287498,-4,3,3,2,0,-3,-2,0
3903,3903,1503614287507,-3,5,2,1,-1,2,-2,-5
3904,3904,1503614287513,0,0,4,0,0,-1,-1,0
3905,3905,1503614287531,3,-1,-1,-1,1,-1,-3,-10
3906,3906,1503614287536,-5,6,0,-2,-1,0,-2,-4
3907,3907,1503614287544,0,-1,-2,-1,-2,0,-2,2
3908,3908,1503614287560,-3,-5,-6,-1,-2,0,-2,-1
3909,3909,1503614287567,12,13,2,2,-2,-2,2,5
3910,3910,1503614287573,6,8,2,0,0,0,2,2
3911,3911,1503614287588,1,7,1,-2,-2,1,0,3
3912,3912,1503614287603,2,4,-1,0,0,0,1,-1
3913,3913,1503614287604,-2,1,0,0,0,-1,-1,-9
3914,3914,1503614287618,-1,-3,-2,-3,-2,-1,-2,-3
3915,3915,1503614287628,-1,-6,-2,-2,-1,-2,0,5
3916,3916,1503614287633,-5,-9,-6,-5,-4,-1,-5,-7
3917,3917,1503614287648,-4,-5,-4,0,-1,-1,-2,2
3918,3918,1503614287655,3,-2,-1,-1,-1,-1,3,19
3919,3919,1503614287665,-3,5,-4,-2,2,-1,0,-2
3920,3920,1503614287678,-1,4,1,2,0,-2,-2,-4
3921,3921,1503614287686,-3,-7,-3,-3,-2,0,-4,-4
3922,3922,1503614287695,3,-2,0,0,-2,-2,0,-4
3923,3923,1503614287708,1,5,3,1,1,-3,-1,-14
3924,3924,1503614287715,2,12,3,-2,-1,0,-2,-6
3925,3925,1503614287724,-4,-8,-6,0,0,0,-1,-2
3926,3926,1503614287738,-1,-3,-6,0,0,1,1,5
3927,3927,1503614287747,-2,-12,4,0,-1,-2,-1,-21
3928,3928,1503614287753,-3,-2,-2,-2,-1,0,-1,-3
3929,3929,1503614287768,-2,-7,0,2,1,1,-1,5
3930,3930,1503614287775,0,-11,-6,-4,-3,-3,0,-9
3931,3931,1503614287783,7,5,4,0,-3,0,1,16
3932,3932,1503614287798,-1,-2,-2,1,1,1,0,13
3933,3933,1503614287806,-2,1,-1,-3,-2,-2,0,-2
3934,3934,1503614287813,-4,6,9,0,-1,0,-1,-7
3935,3935,1503614287829,-4,2,1,0,1,1,0,1
3936,3936,1503614287836,-2,-5,-4,-2,-1,-2,-2,0
3937,3937,1503614287843,-6,-15,-10,-3,-3,-1,0,-5
3938,3938,1503614287858,5,6,1,1,0,0,0,8
3939,3939,1503614287871,-5,-10,-8,-3,-3,-4,-2,-2
3940,3940,1503614287873,1,8,6,1,1,1,1,-2
3941,3941,1503614287888,1,-4,-2,-2,1,-2,2,16
3942,3942,1503614287897,-2,0,1,1,-3,0,-1,-8
3943,3943,1503614287904,-4,1,0,-2,-1,2,2,-8
3944,3944,1503614287918,0,-4,-1,0,-2,-2,-1,-4
3945,3945,1503614287932,-3,2,-2,0,-3,-1,-3,-10
3946,3946,1503614287933,-11,-4,2,-2,0,0,-2,-3
3947,3947,1503614287948,0,-1,2,0,0,-1,0,0
3948,3948,1503614287955,1,-2,-3,0,-1,0,-4,-4
3949,3949,1503614287964,8,16,8,0,1,-1,2,2
3950,3950,1503614287978,-6,-5,-3,-2,0,-2,-1,-5
4092,4092,1503614289373,-42,-7,3,3,-2,1,-1,-8
4093,4093,1503614289380,7,-9,0,-4,-2,-4,-2,-7
4094,4094,1503614289397,28,16,8,5,4,-1,0,20
4095,4095,1503614289403,5,-6,-9,-4,-3,-3,-3,-6
4096,4096,1503614289411,-6,-5,-7,-4,-5,1,1,-13
4097,4097,1503614289418,24,1,-1,-2,-3,-2,8,63
4098,4098,1503614289436,-11,-2,2,1,1,1,2,7
4099,4099,1503614289440,-30,-5,-5,-3,-2,0,-5,-10
4100,4100,1503614289449,2,-6,-7,-3,-1,0,1,25
4101,4101,1503614289463,13,6,5,4,2,-1,-1,-11
4102,4102,1503614289471,33,2,-5,-6,-2,-2,-3,-6
4103,4103,1503614289478,-6,2,4,3,1,-3,-3,-37
4104,4104,1503614289493,-4,-4,-5,-4,-3,1,9,7
4105,4105,1503614289503,-1,0,-1,2,1,0,-1,-6
4106,4106,1503614289509,4,-7,-7,-3,0,-1,-4,-18
4107,4107,1503614289522,10,2,-1,-1,6,3,-2,-13
4108,4108,1503614289530,-7,4,0,1,-1,-3,-3,-7
4109,4109,1503614289538,6,4,-5,-1,-3,-1,-1,11
4110,4110,1503614289553,33,8,1,-1,-2,-1,-4,9
4111,4111,1503614289560,-13,0,0,1,0,-1,-4,-6
4112,4112,1503614289570,-9,2,5,2,0,0,1,21
4113,4113,1503614289582,-22,0,3,0,-1,0,1,-3
4114,4114,1503614289590,-20,-11,-6,-3,-1,0,0,-5
4115,4115,1503614289598,15,-5,0,-1,-3,-2,-3,4
4116,4116,1503614289613,-7,-3,0,-2,-1,-1,-7,-1
4117,4117,1503614289620,-7,-6,-4,-1,-2,1,-3,-26
4118,4118,1503614289628,-30,-6,-4,-2,-8,-5,-4,-7
4119,4119,1503614289642,13,0,-2,-2,2,1,0,-6
4120,4120,1503614289650,-12,-10,-9,-3,0,0,0,28
4121,4121,1503614289658,-8,-4,-2,-3,-2,-2,2,-3
4122,4122,1503614289673,10,-3,-1,0,0,0,-1,-12
4123,4123,1503614289680,7,2,-4,-3,-2,-1,0,-2
4124,4124,1503614289688,-20,-4,-4,-1,0,0,-2,-9
4125,4125,1503614289704,-9,-12,-9,0,-3,0,2,4
4126,4126,1503614289710,8,-1,1,1,1,-2,2,1
4127,4127,1503614289725,1,0,2,-1,-2,-3,1,14
4128,4128,1503614289733,23,1,0,2,1,0,-2,-5
4129,4129,1503614289740,-19,10,0,-2,-1,2,3,-4
4130,4130,1503614289741,-2,-1,3,0,0,1,-3,-7
4131,4131,1503614289748,-5,-2,-4,-3,-2,-2,-1,-13
4132,4132,1503614289762,8,-5,0,-3,-2,-1,0,40
4133,4133,1503614289770,23,19,11,3,1,0,1,2
4134,4134,1503614289779,-1,3,3,-2,0,2,-4,-18
4135,4135,1503614289793,-16,-10,-8,-4,-1,-1,0,8
4136,4136,1503614289800,1,-6,-6,-2,-2,-3,-3,-9
4137,4137,1503614289808,4,-1,0,1,2,0,2,2
4138,4138,1503614289822,-30,-3,-1,-1,-1,0,0,-3
4139,4139,1503614289830,-1,-4,-7,-2,-3,0,0,-13
4140,4140,1503614289838,24,11,0,2,0,1,2,3
4141,4141,1503614289853,-8,-3,3,-2,-1,-3,0,4
4142,4142,1503614289860,-4,-3,2,-2,-3,-1,0,-3
4143,4143,1503614289868,2,2,1,-1,0,-1,-1,0
4144,4144,1503614289882,5,3,0,-1,1,0,-1,-7
4145,4145,1503614289890,1,9,6,2,0,0,-2,2
4146,4146,1503614289898,3,-2,1,2,-1,0,-2,-1
4147,4147,1503614289913,0,0,-6,-3,0,1,1,-1
4148,4148,1503614289920,1,7,3,0,-1,-1,-2,0
4149,4149,1503614289928,-20,4,10,1,0,0,-2,-4
4150,4150,1503614289942,-5,-18,-4,-2,-3,-2,-2,0
4151,4151,1503614289950,2,1,-1,-1,1,-1,2,-2
4152,4152,1503614289965,-19,-11,-3,-5,-2,-1,-1,5
4153,4153,1503614289973,3,-13,-5,1,-1,-1,-1,-1
4154,4154,1503614289980,-6,-4,-3,-2,0,0,0,-6
4155,4155,1503614289996,3,8,4,1,-1,-1,-2,1
4156,4156,1503614290002,7,5,2,1,1,-1,-5,-6
4157,4157,1503614290010,-18,-10,-8,-3,0,-1,-1,-16
4158,4158,1503614290011,-1,-3,2,-4,-3,-2,0,18
4159,4159,1503614290025,-3,15,8,3,1,0,2,-1
4160,4160,1503614290033,15,-5,-3,-3,0,1,-1,-8
4161,4161,1503614290041,5,16,6,0,-2,-4,-3,-5
4162,4162,1503614290055,-5,1,3,0,0,-4,-2,-11
4163,4163,1503614290062,-5,-14,-7,-1,-1,3,2,16
4164,4164,1503614290072,5,1,-1,-2,-2,2,3,2
4165,4165,1503614290085,4,3,-1,-2,-1,-1,-4,-1
4166,4166,1503614290093,-2,5,-1,0,-1,-1,3,22
4167,4167,1503614290101,-2,-1,4,-1,-1,0,2,2
4168,4168,1503614290115,-4,0,0,3,3,3,-5,-55
4169,4169,1503614290122,-12,0,-4,-3,-3,-4,-4,-17
4170,4170,1503614290130,2,-2,-4,-3,-2,-3,-1,-8
4171,4171,1503614290145,19,2,0,0,-1,0,0,-5
4172,4172,1503614290153,11,1,0,1,-2,-1,-2,11
4173,4173,1503614290167,-11,-5,-5,-3,-3,0,1,9
4174,4174,1503614290175,-5,5,4,-1,2,0,0,1
4175,4175,1503614290190,-4,1,-2,1,0,-1,3,33
4176,4176,1503614290191,-19,-9,-4,-1,-3,-1,-4,-9
4177,4177,1503614290207,5,-4,-6,-3,0,1,1,2
4178,4178,1503614290213,8,-4,-4,-2,-1,-1,-1,5
4179,4179,1503614290220,7,-3,-2,0,-1,0,3,14
4180,4180,1503614290236,10,4,0,-4,-2,-3,-3,-11
4181,4181,1503614290242,1,-1,-2,-2,0,-3,-2,-20
4182,4182,1503614290250,12,-2,-4,-1,-2,0,5,36
4183,4183,1503614290265,-6,-2,-4,0,0,0,-1,-19
4184,4184,1503614290273,25,10,3,0,0,-1,-2,16
4185,4185,1503614290281,4,-5,-5,-3,-3,-1,1,-6
4186,4186,1503614290296,-13,-9,-3,-1,-1,1,3,1
4187,4187,1503614290302,-19,4,4,-3,-2,-2,-6,-28
4188,4188,1503614290310,-4,-2,1,-2,-1,-1,-3,-8
4189,4189,1503614290325,17,-2,-2,1,-1,2,2,11
4190,4190,1503614290333,3,0,-1,-2,-3,-5,1,10
4191,4191,1503614290341,3,-1,0,0,-1,0,-1,-7
4192,4192,1503614290355,1,-1,0,3,0,4,3,24
4193,4193,1503614290362,-10,-14,-6,-5,2,2,5,-3
4194,4194,1503614290370,-30,11,7,1,0,1,-3,-16
4195,4195,1503614290385,-5,-10,-2,1,0,-2,-4,2
4196,4196,1503614290393,9,0,1,3,0,0,-1,-14
4197,4197,1503614290400,2,4,3,3,0,-2,-5,4
4198,4198,1503614290416,-13,2,3,0,2,0,0,5
4199,4199,1503614290422,-29,-1,-7,-5,-5,-3,-5,6
4200,4200,1503614290431,-24,-9,-1,-1,-2,-1,0,-12
4201,4201,1503614290445,20,20,6,0,3,2,4,2
4202,4202,1503614290453,-9,-7,-1,1,-2,0,1,-17
4203,4203,1503614290454,11,-6,-2,-1,-1,-3,-6,17
4204,4204,1503614290461,3,-1,-1,-2,-2,-2,-2,10
4205,4205,1503614290477,1,3,-6,-4,0,-1,1,5
4206,4206,1503614290483,-7,-4,-1,2,2,-1,-2,-2
4207,4207,1503614290490,9,-4,-5,-2,-1,-3,1,-14
4208,4208,1503614290505,10,2,5,1,0,1,0,-6
4209,4209,1503614290513,-8,-1,-1,-2,0,-1,-4,-20
4210,4210,1503614290520,1,-2,-1,0,-2,-3,-8,-5
4211,4211,1503614290535,12,5,5,1,1,-1,-3,3
4212,4212,1503614290542,-8,-7,-2,-1,0,0,-1,-9
4213,4213,1503614290551,-6,-1,-10,-6,-3,-3,-4,-15
4214,4214,1503614290564,11,27,13,3,0,-1,0,11
4215,4215,1503614290565,3,5,8,6,1,-2,0,11
4216,4216,1503614290574,-13,-10,-9,-5,-2,0,1,-2
4217,4217,1503614290581,9,1,-3,-2,-1,-3,-1,3
4218,4218,1503614290595,10,-4,3,1,0,-1,1,17
4219,4219,1503614290602,-7,-6,-3,-1,0,2,2,-10
4220,4220,1503614290611,2,10,7,7,0,0,-4,-12
4221,4221,1503614290625,4,3,-2,-2,-2,-2,-3,-3
4222,4222,1503614290633,-24,-6,-3,-5,-1,2,3,22
4223,4223,1503614290642,-3,0,3,-3,-3,-1,2,10
4224,4224,1503614290655,-4,-8,-7,-6,-3,-3,-3,-5
4225,4225,1503614290662,-3,9,-1,3,0,0,-2,0
4226,4226,1503614290670,-8,17,7,6,2,1,5,24
4227,4227,1503614290687,-13,-5,-5,-3,-2,1,0,2
4228,4228,1503614290693,15,-8,-8,-5,-2,-2,-6,-8
4229,4229,1503614290709,3,2,2,1,0,-1,1,10
4230,4230,1503614290715,-7,-11,-4,-4,0,-3,-3,-12
4231,4231,1503614290723,-2,-6,-2,0,-1,-3,-6,-19
4232,4232,1503614290731,-2,7,-2,2,-2,-1,0,-8
4233,4233,1503614290746,-3,-9,-5,-6,-1,1,-2,-20
4234,4234,1503614290753,31,16,9,3,0,-2,-7,-20
4235,4235,1503614290769,-9,-3,-1,-1,-3,-4,-2,0
4236,4236,1503614290776,-22,-2,0,-1,0,-1,-2,-18
4237,4237,1503614290785,7,-6,-6,-3,-3,0,2,7
4238,4238,1503614290790,11,-2,-2,-2,-2,2,2,3
4239,4239,1503614290806,11,3,-6,0,-2,-2,1,3
4240,4240,1503614290813,1,-14,-5,-3,-1,0,0,5
4241,4241,1503614290828,2,-2,2,-1,-1,0,-6,-6
4242,4242,1503614290835,17,-12,-14,-4,-4,-2,3,1
4243,4243,1503614290844,13,-8,-3,-1,1,-1,1,-7
4244,4244,1503614290851,-10,-9,-4,-1,-2,0,3,2
4245,4245,1503614290866,2,8,0,-2,0,-3,1,-4
4246,4246,1503614290873,-10,-11,-7,-3,-2,-1,-4,-3
4247,4247,1503614290888,-8,-5,1,4,0,0,-4,6
4248,4248,1503614290895,26,31,7,2,0,-2,0,7
4249,4249,1503614290903,-5,4,2,-2,-2,0,1,0
4250,4250,1503614290918,-4,-4,-2,-2,-1,0,-1,-2
4251,4251,1503614290926,-7,-5,-3,0,0,-1,-3,-4
4252,4252,1503614290933,-3,4,2,1,1,0,-3,-9
4253,4253,1503614290950,-9,-6,-2,0,0,-3,0,2
4254,4254,1503614290956,-3,11,11,3,2,1,0,2
4255,4255,1503614290963,1,-1,-4,-4,0,-2,-1,0
4256,4256,1503614290978,-5,2,4,0,0,-4,-2,-4
4257,4257,1503614290986,-1,15,4,-1,0,4,5,19
4258,4258,1503614290993,11,-12,-4,0,-2,0,6,50
4259,4259,1503614291010,-18,-2,2,3,-1,-1,-4,-26
4260,4260,1503614291015,-1,2,1,0,0,0,0,-15
4261,4261,1503614291024,10,-2,-2,-1,-1,-1,2,15
4262,4262,1503614291038,-5,-6,-2,0,0,-1,-3,-19
4263,4263,1503614291046,2,-2,-1,0,-1,-1,-3,-20
4264,4264,1503614291053,-9,-8,-3,-2,0,-1,-5,7
4265,4265,1503614291068,-1,-3,-3,-3,-2,-1,-3,2
4266,4266,1503614291078,-2,-7,-6,-1,0,-1,0,-17
4267,4267,1503614291083,16,-3,-1,-1,0,-1,-3,5
4268,4268,1503614291098,-11,-3,-1,0,-1,-2,-4,-9
4269,4269,1503614291106,-2,4,1,-1,-2,-1,-3,-47
4270,4270,1503614291113,-2,0,1,0,-1,-2,-2,2
4271,4271,1503614291128,-3,1,0,0,-1,0,-5,-10
4272,4272,1503614291135,3,0,-1,-1,-2,1,3,16
4273,4273,1503614291145,-1,-2,-1,1,-1,-2,2,12
4274,4274,1503614291158,1,5,3,1,-1,0,0,2
4275,4275,1503614291166,1,-1,0,-3,-1,-1,3,24
4276,4276,1503614291173,0,1,-4,-2,-3,-1,-3,3
4277,4277,1503614291188,-10,-2,-5,0,0,-2,-7,11
4278,4278,1503614291195,8,1,-5,-2,-1,-1,2,7
4279,4279,1503614291203,-8,-1,2,0,-2,1,0,-3
4280,4280,1503614291218,-8,-4,0,-2,-2,-4,-3,-11
4281,4281,1503614291226,0,-3,-1,-2,1,0,3,-3
4282,4282,1503614291233,-7,-4,-3,-3,-2,2,0,-10
4283,4283,1503614291249,5,12,7,1,-1,0,0,1
4284,4284,1503614291255,5,2,-3,0,1,-2,0,10
4285,4285,1503614291263,-4,-8,-7,-3,-3,-2,0,-2
4286,4286,1503614291279,-7,-1,2,-1,-2,0,-1,-10
4287,4287,1503614291286,1,3,1,-1,2,1,1,3
4288,4288,1503614291293,-2,-4,2,2,-1,-2,-2,2
4289,4289,1503614291308,1,-1,0,3,0,-2,-1,12
4290,4290,1503614291315,0,-5,-7,-1,0,-2,-3,-5
4291,4291,1503614291316,-7,-3,-1,-3,0,0,-1,-11
4292,4292,1503614291323,-1,-6,-4,-3,-3,-2,-2,-10
4293,4293,1503614291338,-1,-1,0,1,1,-1,-4,3
4294,4294,1503614291346,1,0,-1,0,-1,-2,0,6
4295,4295,1503614291354,-1,1,3,-3,-2,-2,-2,-6
4296,4296,1503614291368,-3,-9,-5,0,1,0,-1,-5
4297,4297,1503614291375,2,17,10,3,0,-1,-3,-11
4298,4298,1503614291383,-1,-1,-1,1,0,1,-2,-4
4299,4299,1503614291398,-2,-2,-6,-6,-2,-3,0,2
4300,4300,1503614291406,-5,-5,1,-2,-1,0,0,-8
4301,4301,1503614291413,2,-5,-5,0,-1,-3,-1,11
4302,4302,1503614291428,2,-2,-6,-5,-2,-2,1,15
4303,4303,1503614291435,-2,-2,-3,-1,-1,3,-1,-3
4304,4304,1503614291451,-3,-8,-10,-2,-2,-1,-2,-4
4305,4305,1503614291458,6,9,-3,1,0,-1,2,-8
4306,4306,1503614291473,-1,1,-1,-1,-1,-2,-3,-4
4307,4307,1503614291474,-5,-14,-1,1,0,-3,-1,-10
4308,4308,1503614291488,0,-3,0,-3,-1,1,1,3
4309,4309,1503614291495,-6,-8,-4,-2,-1,0,-3,0
4310,4310,1503614291503,2,3,6,-2,-3,-2,-1,-2
4311,4311,1503614291518,0,3,-1,-3,-3,0,2,5
4312,4312,1503614291526,-6,3,1,3,5,0,-2,-12
4313,4313,1503614291533,-4,-6,-3,-4,-1,0,6,10
4314,4314,1503614291548,-6,-1,10,0,-2,-1,0,-19
4315,4315,1503614291555,-5,-5,-1,-3,-2,0,-3,-7
4316,4316,1503614291563,7,18,12,3,1,2,-1,11
4317,4317,1503614291580,-6,-16,0,-2,-3,-3,-2,0
4318,4318,1503614291586,15,9,9,4,1,-1,6,24
4319,4319,1503614291593,3,10,5,3,2,-2,-2,2
4320,4320,1503614291608,-8,-6,-5,-2,0,-1,-2,-1
4321,4321,1503614291615,0,-2,-1,1,2,2,2,5
4322,4322,1503614291624,1,0,-5,-1,-2,-1,-1,-2
4323,4323,1503614291638,1,2,-3,0,1,-1,-2,-6
4324,4324,1503614291648,-2,-6,-10,-6,-2,0,-2,-2
4325,4325,1503614291653,11,15,4,1,1,3,2,36
4326,4326,1503614291668,-1,6,3,0,-1,-1,1,5
4327,4327,1503614291675,-4,0,-4,0,-1,-2,-8,-24
4328,4328,1503614291684,0,-3,-2,-1,0,-1,-1,3
4329,4329,1503614291698,-2,-1,3,1,-2,-1,1,-10
4330,4330,1503614291706,-8,-13,-4,-1,-3,0,-1,-9
4331,4331,1503614291715,2,-1,-2,-1,-1,0,-1,-7
4332,4332,1503614291728,-4,-7,-7,-4,-2,-2,-2,-4
4333,4333,1503614291735,-2,3,2,1,-1,2,0,-2
4334,4334,1503614291743,2,0,-3,0,2,1,-2,1
4335,4335,1503614291758,1,-2,-6,-4,0,-1,-4,-5
4336,4336,1503614291766,-4,-5,-8,-4,-1,-3,-3,-2
4337,4337,1503614291773,8,14,12,5,3,0,4,5
4338,4338,1503614291789,0,-1,-5,-1,-1,0,1,-5
4339,4339,1503614291795,0,-6,-10,-5,-5,-3,2,15
4340,4340,1503614291803,-5,4,4,1,-1,-1,-1,-1
4341,4341,1503614291818,-4,-9,-2,-2,-1,-1,-1,1
4342,4342,1503614291826,-4,-1,-2,-7,-2,0,-2,-5
4343,4343,1503614291840,-4,-6,-4,0,0,-2,-2,-5
4344,4344,1503614291849,1,-3,0,5,-1,-1,0,0
4345,4345,1503614291856,-5,-11,-6,-5,-2,-3,-2,-5
4346,4346,1503614291870,7,9,1,2,1,1,0,-31
4347,4347,1503614291878,-5,1,-2,-1,-2,-2,-2,-11
4348,4348,1503614291886,-6,-10,-4,-3,0,-1,-2,-6
4349,4349,1503614291900,1,6,2,0,2,2,1,4
4350,4350,1503614291908,3,4,3,0,0,-1,-1,6
4351,4351,1503614291915,-1,1,-2,-2,-2,-1,-3,1
4352,4352,1503614291930,0,-6,-1,1,-2,-1,-1,3
4353,4353,1503614291938,-1,2,0,-1,-2,-3,-1,-7
4354,4354,1503614291947,0,7,2,1,1,1,0,8
4355,4355,1503614291960,0,3,-7,-2,-1,-2,0,-5
4356,4356,1503614291969,3,13,27,7,1,2,3,9
4357,4357,1503614291975,-5,-3,1,-2,-1,1,-2,-9
4358,4358,1503614291990,3,4,-9,-2,-2,-3,-3,10
4359,4359,1503614292005,0,-5,1,-1,-1,0,3,15
4360,4360,1503614292007,-5,-10,-8,-4,-2,-3,-2,2
4361,4361,1503614292020,2,4,1,-1,-3,0,1,5
4362,4362,1503614292021,4,21,8,2,-1,0,-2,-2
4363,4363,1503614292029,-2,-4,-3,-5,-1,-1,-2,1
4364,4364,1503614292035,-4,-10,-2,0,-2,0,-1,-8
4365,4365,1503614292051,-2,-5,-8,0,-1,0,-3,-6
4366,4366,1503614292058,5,-1,5,4,0,0,-2,11
4367,4367,1503614292066,-6,-8,-9,-4,-2,-2,-4,0
4368,4368,1503614292082,4,-1,0,1,2,0,3,34
4369,4369,1503614292088,-2,-3,-2,-2,-2,1,2,-8
4370,4370,1503614292095,-6,-11,-6,-5,-3,-1,-1,-13
4371,4371,1503614292110,0,7,10,2,1,2,1,6
4372,4372,1503614292118,-2,-5,-2,0,-1,0,0,-8
4373,4373,1503614292126,-3,-2,-7,-3,-2,-3,-1,-6
4374,4374,1503614292140,6,3,0,-1,0,0,4,9
4375,4375,1503614292151,-1,-7,-5,-6,-4,-3,-1,-3
4376,4376,1503614292155,-5,-9,-7,-3,-1,-4,-4,-9
4377,4377,1503614292170,-2,-3,-4,-1,-1,-1,1,0
4378,4378,1503614292178,-4,3,-2,-4,-2,0,-2,-10
4379,4379,1503614292186,5,14,17,4,4,3,2,-6
4380,4380,1503614292200,-4,-6,-4,-3,1,-2,0,-5
4381,4381,1503614292208,5,4,-5,-2,-3,-2,-2,4
4382,4382,1503614292217,2,-3,-2,2,-1,2,-1,-3
4383,4383,1503614292230,-1,-8,-5,1,0,-1,-4,-3
4384,4384,1503614292238,0,9,10,2,0,-1,-1,-3
4385,4385,1503614292246,-3,-4,-3,0,-1,0,-1,1
4386,4386,1503614292261,-3,-3,-2,-1,-1,-3,-2,-1
4387,4387,1503614292268,-2,-12,-3,-4,-1,-3,-4,-5
4388,4388,1503614292275,-4,-7,-7,-1,0,1,-1,-9
4389,4389,1503614292290,4,9,12,4,1,-1,4,20
4390,4390,1503614292298,3,9,9,4,2,0,-3,-7
4391,4391,1503614292306,-1,-1,-4,-2,-2,-2,0,0
4392,4392,1503614292320,6,-5,-8,-3,-2,-3,4,31
4393,4393,1503614292328,4,8,10,1,0,2,0,-7
4394,4394,1503614292335,-7,-2,-5,-1,-2,0,-1,-13
4395,4395,1503614292351,-3,-4,-6,-3,1,-2,0,5
4396,4396,1503614292359,6,11,3,0,-2,0,1,-1
4397,4397,1503614292366,-1,-5,-6,-3,-2,-1,-2,0
4398,4398,1503614292380,-1,-11,-3,-2,0,-3,-2,8
4399,4399,1503614292388,-9,-2,-4,-3,-3,0,-2,-14
4400,4400,1503614292395,4,28,20,5,0,0,-3,-4
4401,4401,1503614292410,3,-2,-6,-2,-1,-2,-1,2
4402,4402,1503614292419,-13,-15,-9,-6,-2,0,-2,-24
4403,4403,1503614292426,-4,-6,-4,-1,-1,1,0,-6
4404,4404,1503614292440,-5,2,1,-1,-1,-1,-3,-5
4405,4405,1503614292448,0,-4,-4,-3,2,0,0,3
4406,4406,1503614292455,3,-2,-9,-1,-2,-2,-2,6
4407,4407,1503614292470,10,3,3,0,0,1,1,29
4408,4408,1503614292478,0,-1,4,1,-2,-1,-1,0
4409,4409,1503614292486,-3,11,10,2,0,-2,-1,-12
4410,4410,1503614292500,-1,-6,-7,-4,-4,-1,0,3
4411,4411,1503614292509,-1,12,6,2,-1,0,-2,-3
4412,4412,1503614292515,-2,-4,-2,-2,-2,-1,-3,-17
4413,4413,1503614292530,-2,2,3,3,3,0,-3,-4
4414,4414,1503614292538,-7,-8,-1,0,0,-2,-5,-13
4415,4415,1503614292546,-1,-1,-4,-1,-1,0,0,-8
4416,4416,1503614292560,0,2,-4,-3,-1,0,0,10
4417,4417,1503614292568,-5,-16,-12,-3,-2,-4,0,-4
4418,4418,1503614292575,2,-6,-6,-3,-1,-2,0,25
4419,4419,1503614292590,1,-3,3,-1,-2,-1,-3,-2
4420,4420,1503614292598,-2,2,9,3,1,-2,-1,-5
4421,4421,1503614292606,2,-4,-9,-1,-1,-2,-2,-1
4422,4422,1503614292620,0,-2,-2,0,0,1,0,-8
4423,4423,1503614292628,-2,-7,-8,-3,-4,-1,-2,-7
4424,4424,1503614292635,5,11,6,3,1,0,1,-2
4425,4425,1503614292652,0,3,-1,0,-1,-1,1,-2
4426,4426,1503614292658,-5,-9,-5,-3,0,-1,0,3
4427,4427,1503614292666,0,1,3,1,-1,0,-1,-3
4428,4428,1503614292682,0,-6,-4,-1,-1,0,-3,-1
4429,4429,1503614292689,0,-6,-6,-5,-2,-2,4,-3
4430,4430,1503614292695,-3,-7,-14,-3,-2,-2,0,-1
4431,4431,1503614292720,0,-1,2,-1,-1,-4,-2,-4
4432,4432,1503614292726,-4,-1,-4,-3,-1,0,-2,0
4433,4433,1503614292740,11,3,5,0,0,1,7,41
4434,4434,1503614292749,0,4,1,0,0,0,1,11
4435,4435,1503614292762,-5,-6,-1,-2,-2,-1,-4,-19
4436,4436,1503614292770,0,2,6,1,0,-2,0,2
4437,4437,1503614292778,-3,9,13,3,0,0,-3,-7
4438,4438,1503614292793,-3,-1,1,-1,-1,-3,-2,-3
4439,4439,1503614292800,-4,0,-4,-2,0,-1,0,-4
4440,4440,1503614292808,1,-3,-8,-2,-1,2,2,3
4441,4441,1503614292823,3,1,-2,0,-1,2,1,7
4442,4442,1503614292830,-5,-9,-4,-1,-3,1,-2,-5
4443,4443,1503614292839,-4,10,5,0,-1,-2,-5,-8
4444,4444,1503614292854,-1,-4,-6,-2,0,-5,-1,1
4445,4445,1503614292861,0,-8,-10,-5,-2,-1,-2,-11
4446,4446,1503614292869,1,1,3,-1,-4,-2,-2,1
4447,4447,1503614292882,-2,-4,-2,-2,-3,0,-1,-9
4448,4448,1503614292891,1,-4,1,1,0,-1,0,0
4449,4449,1503614292898,2,5,12,1,1,0,-2,-2
4450,4450,1503614292913,4,6,15,6,3,2,4,-7
4451,4451,1503614292922,9,-2,-3,-1,-1,-3,2,11
4452,4452,1503614292929,-2,-4,-6,-4,-3,1,-4,-9
4453,4453,1503614292942,0,-5,-6,-2,-1,1,-2,-6
4454,4454,1503614292951,-5,-1,1,0,-1,-1,0,-16
4455,4455,1503614292958,-3,2,-4,-4,-4,-1,-3,-9
4456,4456,1503614292973,-3,-4,-10,-5,-1,-2,-2,3
4457,4457,1503614292980,3,-1,-3,-1,2,-1,0,1
4458,4458,1503614292989,2,-1,-3,-3,-1,-2,-2,3
4459,4459,1503614293002,-12,-11,-7,-3,0,-2,-4,-9
4460,4460,1503614293010,-8,1,8,1,0,1,-5,-10
4461,4461,1503614293018,-8,-2,-1,0,0,-1,0,16
4462,4462,1503614293033,3,16,2,1,0,-2,0,2
4463,4463,1503614293040,29,8,5,1,-1,1,6,57
4464,4464,1503614293056,-27,-11,-7,-6,-4,0,0,11
4465,4465,1503614293063,-9,-7,-5,-2,-1,-2,4,-27
4466,4466,1503614293078,1,1,-1,-2,-5,-3,-4,-15
4467,4467,1503614293093,-3,-4,-9,-6,-3,-3,-6,-19
4468,4468,1503614293100,4,0,0,0,2,0,-1,-1
4469,4469,1503614293108,5,-11,-8,0,0,0,-2,8
4470,4470,1503614293122,7,6,1,2,1,2,5,15
4471,4471,1503614293130,-1,-6,-4,-4,-2,0,2,5
4472,4472,1503614293138,-11,-8,-4,1,-2,-1,1,-30
4473,4473,1503614293159,12,10,7,3,3,1,5,13
4474,4474,1503614293161,-11,-7,-3,-6,-1,-3,-5,-1
4475,4475,1503614293168,-12,-2,19,5,3,4,1,-21
4476,4476,1503614293182,2,1,-1,0,2,-1,-2,2
4477,4477,1503614293190,-5,-7,-11,-4,-2,-3,-3,-9
4478,4478,1503614293198,-1,9,9,1,-1,3,-2,3
4479,4479,1503614293213,2,0,-6,-2,-1,-1,-2,8
4480,4480,1503614293221,6,6,2,1,-2,-1,0,18
4481,4481,1503614293228,3,15,0,0,2,0,-1,-1
4482,4482,1503614293242,-2,-6,-6,-4,0,-1,-3,-8
4483,4483,1503614293250,-1,-5,-7,-3,-2,-4,-3,-2
4484,4484,1503614293258,-7,-3,2,2,1,0,-1,-9
4485,4485,1503614293273,-1,11,9,0,-2,-1,-1,3
4486,4486,1503614293280,-3,10,6,4,1,-1,0,-7
4487,4487,1503614293288,-2,-5,-1,0,0,0,0,-6
4488,4488,1503614293302,-5,-5,-6,-4,-3,-1,-2,1
4489,4489,1503614293310,4,12,4,2,-1,-1,0,1
4490,4490,1503614293318,0,3,10,2,-2,-2,-1,-10
4491,4491,1503614293333,0,-10,-5,-2,0,-2,0,6
4492,4492,1503614293340,0,1,-8,-7,-2,0,0,4
4493,4493,1503614293348,1,4,3,1,0,0,-1,0
4494,4494,1503614293362,-6,-9,-7,-1,-1,-4,-3,-11
4495,4495,1503614293370,2,-10,-6,1,0,-2,-2,13
4496,4496,1503614293378,6,17,5,-1,-1,-2,-2,6
4497,4497,1503614293393,-3,0,0,-1,-2,-1,-2,-5
4498,4498,1503614293400,-6,-8,-4,0,-1,1,-2,-7
4499,4499,1503614293408,6,6,6,1,0,2,2,10
4500,4500,1503614293424,0,-2,-6,-1,0,-1,0,-7
4501,4501,1503614293431,2,-2,0,1,0,-2,-3,-2
4502,4502,1503614293438,-3,-2,3,2,-2,-1,-1,-1
4503,4503,1503614293453,-6,-7,-5,0,-1,-1,-3,-6
4504,4504,1503614293460,-2,-2,2,-1,-2,-2,-3,3
4505,4505,1503614293468,-6,-7,-9,-3,1,-1,4,6
4506,4506,1503614293482,-3,-8,-6,0,-1,1,-1,3
4507,4507,1503614293492,-3,-7,-10,-4,-2,-3,0,-11
4508,4508,1503614293498,2,-3,-2,-1,-1,2,5,9
4509,4509,1503614293513,-5,-17,-14,-5,-1,0,-3,-20
4510,4510,1503614293521,-2,-9,-4,1,-1,-3,-3,-1
4511,4511,1503614293528,-7,-6,3,-3,-3,-1,-2,-6
4512,4512,1503614293542,2,-2,-5,0,-1,-1,-2,-1
4513,4513,1503614293550,3,10,8,1,1,1,-1,7
4595,4595,1503614294344,-6,4,-1,-1,-6,-4,-5,-4
4596,4596,1503614294352,19,14,11,4,7,5,1,9
4597,4597,1503614294360,-2,-8,-10,-2,0,-3,-3,-6
4598,4598,1503614294375,-21,4,0,-4,-2,-1,-2,-18
4599,4599,1503614294383,-14,1,5,4,1,-1,-2,-27
4600,4600,1503614294391,28,2,-3,-4,-1,-1,3,-6
4601,4601,1503614294404,-12,-8,-3,-5,-4,0,-4,1
4602,4602,1503614294413,-13,-9,-7,-3,-4,-5,-3,-21
4603,4603,1503614294420,23,6,5,0,0,3,7,12
4604,4604,1503614294436,2,-1,-4,-3,-3,-2,2,-1
4605,4605,1503614294443,21,8,2,4,1,-4,-3,23
4606,4606,1503614294458,1,-5,-6,-2,-3,2,-3,-18
4607,4607,1503614294465,-1,4,6,3,1,0,-2,-2
4608,4608,1503614294473,-13,-8,-7,-4,-2,-1,-3,-17
4609,4609,1503614294480,-11,14,10,1,0,-1,-1,2
4610,4610,1503614294495,7,3,-3,-6,-1,-2,0,10
4611,4611,1503614294503,8,-2,-7,-6,-4,0,-1,-1
4612,4612,1503614294521,-11,-2,-1,-4,-5,-3,-4,13
4613,4613,1503614294524,2,11,5,1,1,-1,-7,-2
4614,4614,1503614294534,19,2,2,4,0,-1,0,1
4615,4615,1503614294540,-8,-9,-9,-5,-3,-3,-1,-10
4616,4616,1503614294555,-13,-10,-5,-5,-1,-1,-1,-38
4617,4617,1503614294563,1,5,2,-2,-1,-1,0,-14
4618,4618,1503614294573,-4,1,1,3,-2,0,-4,-9
4619,4619,1503614294585,5,-10,-4,0,-3,-2,3,8
4620,4620,1503614294597,-2,-1,-2,3,1,-2,-4,8
4621,4621,1503614294601,-5,-4,-6,-2,-1,1,4,27
4622,4622,1503614294615,19,8,4,2,3,1,5,16
4623,4623,1503614294623,-18,-14,-1,0,2,0,0,-30
4624,4624,1503614294638,30,5,-2,-6,-3,0,6,57
4625,4625,1503614294644,-33,-17,-2,3,0,1,-2,-2
4626,4626,1503614294653,-20,-8,1,1,-1,-2,-4,-2
4627,4627,1503614294668,14,6,1,1,0,0,-2,2
4628,4628,1503614294675,3,2,3,-1,0,-3,-2,-4
4629,4629,1503614294682,-7,-7,-11,-7,-1,-2,-4,5
4630,4630,1503614294698,-38,2,7,-4,-1,1,-1,-27
4631,4631,1503614294705,-2,-4,2,-1,-1,-1,-2,-9
4632,4632,1503614294712,8,-1,-3,-1,1,5,8,1
4633,4633,1503614294729,2,6,3,0,2,-1,1,-11
4634,4634,1503614294735,-2,3,0,2,0,-1,0,-6
4635,4635,1503614294742,12,-12,-8,-2,-3,-2,0,3
4636,4636,1503614294757,-8,1,-4,2,-2,-2,-5,-7
4637,4637,1503614294758,19,18,16,4,1,4,4,33
4638,4638,1503614294764,-4,15,9,0,0,-1,-1,-7
4639,4639,1503614294773,-9,-2,-5,-2,-2,-2,-6,9
4640,4640,1503614294787,8,-1,-3,3,3,3,4,7
4641,4641,1503614294797,2,-3,-3,-2,0,-3,-2,-10
4642,4642,1503614294803,22,12,9,1,0,0,-2,13
4643,4643,1503614294817,-12,-12,-9,-3,-2,-2,-5,4
4644,4644,1503614294824,-23,-10,-9,-4,-7,-4,-5,-41
4645,4645,1503614294833,0,-7,2,6,6,1,-6,-18
4646,4646,1503614294847,6,7,0,-3,-3,1,0,-1
4647,4647,1503614294855,-4,-12,-7,-1,-3,-1,-1,-10
4648,4648,1503614294864,20,-14,-11,-5,-4,-2,-1,28
4649,4649,1503614294878,11,6,0,0,-1,-2,-3,24
4650,4650,1503614294884,-7,-7,-6,-5,-3,1,0,3
4651,4651,1503614294893,2,-7,-10,0,1,-2,-3,-12
4652,4652,1503614294907,1,-10,-5,2,0,-2,1,9
4653,4653,1503614294915,-7,-2,4,0,0,-2,0,-15
4654,4654,1503614294923,25,5,1,0,0,0,-1,-10
4655,4655,1503614294938,-14,1,-1,-1,1,-1,-1,-5
4656,4656,1503614294944,-7,3,3,3,1,-2,0,-11
4657,4657,1503614294953,4,0,-1,-2,-2,-3,-2,-16
4658,4658,1503614294967,-22,-1,4,-1,-1,-2,-2,5
4659,4659,1503614294975,4,14,9,2,-1,1,-1,0
4660,4660,1503614294983,1,23,14,1,0,0,2,-8
4661,4661,1503614295000,-4,-2,4,-2,-3,-2,3,10
4662,4662,1503614295005,-2,12,3,4,4,0,-4,1
4663,4663,1503614295013,12,1,-4,0,-7,-1,-1,-12
4664,4664,1503614295027,30,-3,-4,-2,-3,-2,2,13
4665,4665,1503614295037,-10,-1,-4,-4,-2,-5,-5,7
4666,4666,1503614295038,-7,-10,-4,0,-2,-2,1,8
4667,4667,1503614295043,13,9,4,2,3,3,-2,-21
4668,4668,1503614295058,7,-6,-7,-1,0,-1,1,13
4669,4669,1503614295065,-11,-3,-10,-6,-1,-3,-2,19
4670,4670,1503614295073,12,-11,-1,1,-3,1,-2,-3
4671,4671,1503614295074,17,19,10,3,1,3,3,13
4672,4672,1503614295088,-15,-9,-5,-1,0,-1,-1,-9
4673,4673,1503614295097,5,3,2,0,1,1,-2,9
4674,4674,1503614295103,6,-2,3,0,-1,-3,-1,2
4675,4675,1503614295117,13,0,6,-1,0,-1,3,-1
4676,4676,1503614295124,3,29,2,-1,-3,-2,-2,-20
4677,4677,1503614295140,-14,-17,-11,-5,-1,-2,-1,-5
4678,4678,1503614295147,-14,-17,-7,-3,-3,-1,-1,0
4679,4679,1503614295155,-8,-1,-1,-5,-2,0,1,4
4680,4680,1503614295164,-8,-8,-2,-2,-2,-1,1,26
4681,4681,1503614295177,11,4,6,1,-1,-1,-1,-6
4682,4682,1503614295184,7,-4,3,-1,0,0,-1,-12
4683,4683,1503614295192,-36,-9,-15,-4,-1,0,1,-5
4684,4684,1503614295207,-5,-2,-3,0,-1,0,-2,-6
4685,4685,1503614295215,2,-4,-1,-1,-1,-2,-4,-27
4686,4686,1503614295223,-8,3,0,1,-2,-1,-6,-8
4687,4687,1503614295238,7,9,1,-1,-2,0,-1,-5
4688,4688,1503614295244,-8,-8,-1,1,-1,-1,0,2
4689,4689,1503614295253,-8,-2,-1,-1,-1,0,0,-8
4690,4690,1503614295267,7,12,6,3,4,4,9,37
4691,4691,1503614295275,6,-9,-7,-3,0,-5,-1,17
4692,4692,1503614295289,1,16,19,4,2,1,-2,-11
4693,4693,1503614295298,11,5,3,3,1,-1,-2,-17
4694,4694,1503614295312,14,-14,-9,-5,-1,-2,1,19
4695,4695,1503614295314,1,2,0,-1,-1,0,-4,-1
4696,4696,1503614295327,-4,-5,-1,-2,-2,-3,-5,-16
4697,4697,1503614295335,-1,5,-1,-1,-1,-2,0,9
4698,4698,1503614295342,-10,-6,-8,-2,-1,0,0,-9
4699,4699,1503614295357,13,-4,-9,1,0,0,2,5
4700,4700,1503614295366,-5,-4,2,-3,-2,-3,-3,-7
4701,4701,1503614295373,-15,-6,2,0,0,-2,-5,2
4702,4702,1503614295387,17,3,-2,1,0,-1,2,41
4703,4703,1503614295395,-21,-3,-3,-3,0,0,-3,-3
4704,4704,1503614295403,-21,-6,-2,-2,0,2,0,-24
4705,4705,1503614295418,-7,-6,-1,-2,-2,-3,-3,-18
4706,4706,1503614295424,-12,-12,-9,-4,-3,-2,-3,-22
4707,4707,1503614295433,-12,-2,-2,1,0,0,-1,-6
4708,4708,1503614295447,-9,0,-6,-4,-5,-3,0,0
4709,4709,1503614295455,20,9,4,0,0,0,1,11
4710,4710,1503614295463,-14,-2,-2,3,1,4,5,29
4711,4711,1503614295478,6,2,0,-2,-3,-3,-1,13
4712,4712,1503614295484,-10,-10,-3,2,0,-2,-2,-4
4713,4713,1503614295493,0,-3,4,3,1,2,0,-7
4714,4714,1503614295509,1,-3,-4,-4,-2,0,1,-8
4715,4715,1503614295515,-6,2,-1,-1,-1,-1,-2,3
4716,4716,1503614295523,15,-2,-5,-3,-1,0,1,43
4717,4717,1503614295539,42,2,0,-1,-2,0,0,8
4718,4718,1503614295545,20,-4,-5,-5,-3,-2,-1,-30
4719,4719,1503614295560,47,-1,-8,-1,1,3,0,4
4720,4720,1503614295567,12,6,8,5,2,0,1,-36
4721,4721,1503614295575,-12,-2,1,0,0,-2,3,13
4722,4722,1503614295590,-12,1,4,2,-1,-6,-9,-35
4723,4723,1503614295602,-21,-13,-6,-2,-2,-4,-8,-22
4724,4724,1503614295605,-7,-11,-6,-1,-1,0,-4,-6
4725,4725,1503614295620,-22,-7,-3,-5,-3,0,-6,-23
4726,4726,1503614295627,1,-3,-5,-2,0,2,1,7
4727,4727,1503614295635,9,10,3,1,0,0,10,49
4728,4728,1503614295650,19,1,-3,-3,-2,-1,-3,1
4729,4729,1503614295658,-13,3,-4,-6,-3,-2,-2,-10
4730,4730,1503614295673,-11,-13,-1,-1,-3,-6,-2,1
4731,4731,1503614295680,0,6,5,2,1,1,3,-4
4732,4732,1503614295688,5,28,21,5,2,-1,1,10
4733,4733,1503614295695,-18,-8,-7,0,-1,-1,-2,-2
4734,4734,1503614295711,-15,-11,-10,-1,0,-1,-3,-12
4735,4735,1503614295719,15,20,12,9,6,2,5,17
4736,4736,1503614295736,4,1,4,4,2,-1,0,0
4737,4737,1503614295740,-17,0,-3,-2,-3,-2,-9,-26
4738,4738,1503614295748,7,4,-3,-3,-2,-1,-1,4
4739,4739,1503614295755,1,-8,-1,0,-2,-2,-6,-2
4740,4740,1503614295771,-10,-8,-5,-2,-2,1,1,-3
4741,4741,1503614295778,-12,17,11,3,0,-3,-1,-10
4742,4742,1503614295793,-11,-6,-4,-3,0,0,2,12
4743,4743,1503614295802,0,-10,-4,-6,-3,2,4,-12
4744,4744,1503614295808,-9,-5,-5,-8,-4,-2,-2,-3
4745,4745,1503614295815,-7,-20,-9,-3,-2,-1,-2,-5
4746,4746,1503614295831,-30,-7,-4,-1,0,-1,0,23
4747,4747,1503614295838,-2,3,6,2,0,-3,0,-5
4748,4748,1503614295853,13,-1,-3,-2,-2,-1,0,8
4749,4749,1503614295860,3,26,13,4,3,1,1,2
4750,4750,1503614295869,24,17,10,3,3,0,2,-3
4751,4751,1503614295876,-11,-10,-10,-5,-2,-4,-2,4
4752,4752,1503614295891,-4,-5,-1,4,-1,0,-3,-6
4753,4753,1503614295898,2,-6,-5,-1,-2,-2,-3,4
4754,4754,1503614295913,-18,-8,-7,-3,0,-3,-3,-8
4755,4755,1503614295920,10,-2,-9,-3,-2,-2,-5,-6
4756,4756,1503614295928,47,10,-5,-1,-1,1,9,4
4757,4757,1503614295936,-6,-16,-9,-6,-3,1,2,0
4758,4758,1503614295951,-6,39,31,13,3,3,3,-13
4759,4759,1503614295958,14,7,2,2,0,0,-1,10
4760,4760,1503614295973,7,-12,-7,0,-1,-3,-5,-2
4761,4761,1503614295980,-7,-6,-2,-4,-3,0,2,13
4762,4762,1503614295988,4,20,6,3,0,-4,-2,2
4763,4763,1503614295995,3,15,4,2,0,1,0,-3
4764,4764,1503614296011,-8,-11,-5,-2,-2,-1,-2,1
4765,4765,1503614296018,-7,-7,-5,-6,-2,-5,-1,-9
4766,4766,1503614296035,-2,-14,-11,-5,-2,2,-1,5
4767,4767,1503614296040,0,-12,-5,-3,-1,-2,1,-8
4768,4768,1503614296048,5,-19,-6,-1,-2,-1,-4,36
4769,4769,1503614296055,-5,13,5,2,0,1,-1,4
4770,4770,1503614296071,-6,-6,0,-1,-2,-2,0,11
4771,4771,1503614296078,1,-13,-7,-2,0,-3,-1,-31
4772,4772,1503614296093,-17,-9,-3,-2,-3,0,-4,-24
4773,4773,1503614296102,-7,40,24,5,1,1,2,11
4774,4774,1503614296108,-15,-6,-3,-5,-3,-4,-2,-7
4775,4775,1503614296115,8,34,15,3,2,3,1,9
4776,4776,1503614296130,1,9,-2,-5,-3,-3,0,12
4777,4777,1503614296131,10,-1,3,3,0,-2,-1,-2
4778,4778,1503614296138,-3,-21,-4,1,-1,-1,-2,-13
4779,4779,1503614296153,-12,-12,-17,-7,-1,-3,-1,-15
4780,4780,1503614296160,2,-25,-10,-2,-4,-1,-4,7
4781,4781,1503614296172,15,79,51,16,7,5,5,-1
4782,4782,1503614296175,2,-7,-7,0,-2,-3,-2,-1
4783,4783,1503614296191,-20,-29,-21,-7,-3,-2,-1,-3
4784,4784,1503614296197,-1,-4,-2,-3,-2,-1,1,10
4785,4785,1503614296213,-1,-9,-11,-5,-3,0,-4,-4
4786,4786,1503614296220,10,2,5,1,1,-1,-1,8
4787,4787,1503614296228,1,6,4,-3,-1,0,0,15
4788,4788,1503614296236,-6,-15,-15,-5,-3,-1,-3,-13
4789,4789,1503614296250,-8,13,4,0,-1,-2,-3,-25
4790,4790,1503614296251,6,1,-3,5,3,0,0,-10
4791,4791,1503614296258,17,1,2,-2,-3,-1,1,8
4792,4792,1503614296273,-20,-13,-8,-3,-3,-1,-5,-24
4793,4793,1503614296287,2,8,1,1,1,2,1,20
4794,4794,1503614296289,-5,-2,0,-1,-1,-2,-5,5
4795,4795,1503614296295,-15,-9,-3,-1,-3,-1,0,-2
4796,4796,1503614296312,16,-14,-9,-2,-1,-2,0,-7
4797,4797,1503614296318,1,-9,-8,-5,1,-1,-2,0
4798,4798,1503614296333,5,6,2,3,0,0,-2,-8
4799,4799,1503614296340,-1,-2,-5,-2,-2,-1,0,-3
4800,4800,1503614296348,-2,-3,-3,-4,-2,0,0,-3
4801,4801,1503614296355,-16,2,0,1,2,-2,-5,-30
4802,4802,1503614296373,9,12,1,3,1,0,3,10
4803,4803,1503614296374,-5,-14,-3,-3,-1,0,0,5
4804,4804,1503614296378,4,4,3,1,-1,-1,-2,3
4805,4805,1503614296394,-4,11,8,-1,-1,0,0,-8
4806,4806,1503614296400,0,-9,-4,0,0,-1,0,-7
4807,4807,1503614296409,17,11,0,-2,-1,-1,2,13
4808,4808,1503614296415,4,3,-1,-1,-4,0,-4,0
4809,4809,1503614296431,0,-3,1,-1,-4,-5,-2,-12
4810,4810,1503614296438,-12,-23,-16,-7,-4,-3,-3,1
4811,4811,1503614296453,-3,-5,-3,-2,-4,-2,-1,4
4812,4812,1503614296460,-8,1,5,-1,2,-2,-2,-7
4813,4813,1503614296468,0,6,0,0,0,-5,-3,1
4814,4814,1503614296475,3,11,-2,0,-2,0,3,17
4815,4815,1503614296491,-4,-10,-6,-4,-1,-1,-3,2
4816,4816,1503614296498,4,19,9,-1,-1,0,1,7
4817,4817,1503614296513,-10,13,14,6,5,3,6,27
4818,4818,1503614296520,-7,-12,-1,-2,-4,-3,0,-2
4819,4819,1503614296528,3,-1,-1,2,0,-1,-1,2
4820,4820,1503614296542,0,-3,-4,-1,-2,0,-3,0
4821,4821,1503614296557,8,-3,-6,-4,-1,0,0,-3
4822,4822,1503614296558,4,-10,-1,2,0,0,0,-5
4823,4823,1503614296573,5,14,12,3,0,-2,2,1
4824,4824,1503614296580,-4,-4,-4,-4,0,-3,-2,-7
4825,4825,1503614296588,-8,-9,-8,-2,-2,2,-2,-8
4826,4826,1503614296603,-5,6,-2,-1,1,-2,2,-1
4827,4827,1503614296610,-10,-18,-10,0,-1,0,-4,-9
4828,4828,1503614296617,-6,1,5,2,0,3,0,-1
4829,4829,1503614296633,-3,0,-2,-4,-2,-1,0,-12
4830,4830,1503614296641,3,2,2,0,-1,1,-2,-1
4831,4831,1503614296648,0,-1,0,-1,-3,-1,-3,-4
4832,4832,1503614296662,2,0,3,1,0,-1,2,16
4833,4833,1503614296672,-3,-6,-8,-4,-3,-3,0,-3
4834,4834,1503614296677,0,-2,-3,1,0,-1,0,-8
4835,4835,1503614296692,-2,-3,-4,-2,-2,-1,0,6
4836,4836,1503614296700,8,1,-4,-1,1,0,0,-3
4837,4837,1503614296709,-5,0,-6,-3,-3,-2,-3,-1
4838,4838,1503614296723,1,-2,0,-1,0,1,0,-1
4839,4839,1503614296730,4,3,2,-1,-1,-1,1,7
4840,4840,1503614296739,2,0,-2,-1,-2,-2,-3,-3
4841,4841,1503614296752,1,0,1,1,0,1,1,7
4842,4842,1503614296760,-2,-3,-2,-2,0,-3,-4,-2
4843,4843,1503614296768,2,-3,-1,1,-1,2,0,-7
4844,4844,1503614296782,-2,-3,0,1,0,1,-1,6
4845,4845,1503614296790,1,2,-1,0,0,-2,-2,2
4846,4846,1503614296797,-5,-1,-1,-1,-1,-2,-3,-3
4847,4847,1503614296813,1,-1,1,-1,-3,-1,-1,-2
4848,4848,1503614296820,-1,1,-1,-2,0,-5,-1,-7
4849,4849,1503614296828,1,1,0,0,2,-2,1,0
4850,4850,1503614296843,0,0,0,0,-1,1,2,1
4851,4851,1503614296850,0,-3,-3,0,1,2,1,2
4852,4852,1503614296857,-1,1,-1,-2,-1,0,-2,-2
4853,4853,1503614296875,-2,-4,0,-3,-3,-2,-3,-1
4854,4854,1503614296880,3,-4,-6,2,0,0,1,6
4855,4855,1503614296881,1,8,4,2,-1,-2,2,-7
4856,4856,1503614296888,-2,-1,0,-1,-1,-1,-1,0
4857,4857,1503614296903,5,3,4,1,0,0,-2,2
4858,4858,1503614296910,-3,-2,-2,-2,-2,0,-2,-3
4859,4859,1503614296911,-2,1,1,0,-1,-1,-1,-6
4860,4860,1503614296917,-2,-6,-5,-1,-1,-2,1,-3
4861,4861,1503614296933,0,0,0,1,-1,-4,-7,-4
4862,4862,1503614296941,-4,0,-1,-1,-1,-1,0,4
4863,4863,1503614296948,-3,-1,-2,-2,0,-1,0,1
4864,4864,1503614296962,-3,-5,5,0,0,-1,0,2
4865,4865,1503614296970,5,1,2,-1,0,-2,1,5
4866,4866,1503614296977,-6,-8,-12,-6,-2,0,-3,-7
4867,4867,1503614296993,-1,-4,-2,-3,-2,2,2,10
4868,4868,1503614297000,3,1,2,0,1,-1,1,2
4869,4869,1503614297008,0,7,4,0,0,0,0,-1
4870,4870,1503614297022,0,-2,0,0,0,-1,-7,-7
4871,4871,1503614297023,-6,-14,-10,-6,-3,-4,-2,1
4872,4872,1503614297030,-2,-1,-5,-6,-4,-1,3,5
4873,4873,1503614297037,-1,-6,-5,-1,-3,-1,-1,0
4874,4874,1503614297053,-5,-1,3,5,1,2,-3,-12
4875,4875,1503614297060,6,-1,-3,1,0,1,-1,12
4876,4876,1503614297068,1,-2,6,4,1,-3,-2,-15
4877,4877,1503614297083,3,14,7,2,2,2,-1,-4
4878,4878,1503614297090,-4,-13,-13,-7,-1,-2,1,2
4879,4879,1503614297097,-8,3,0,-1,-2,-3,-3,-20
4880,4880,1503614297113,5,-4,-6,-3,-1,-1,-2,11
4881,4881,1503614297120,3,7,4,1,-1,1,-1,5
4882,4882,1503614297128,-3,0,-1,-1,-1,-2,-2,-7
4883,4883,1503614297143,10,19,16,2,-1,0,-2,-5
4884,4884,1503614297150,-2,-5,-6,-2,-2,-3,-3,-3
4885,4885,1503614297157,-11,-12,-9,-4,-2,-2,-1,-16
4886,4886,1503614297174,-4,5,-3,-1,0,2,-1,-10
4887,4887,1503614297180,2,-2,-8,0,0,2,1,9
4888,4888,1503614297188,2,-5,-2,-2,-1,0,-2,16
4889,4889,1503614297203,7,11,6,0,-1,-1,-1,3
4890,4890,1503614297211,0,-3,-1,-1,-3,-2,0,2
4891,4891,1503614297217,5,1,3,1,2,0,2,22
4892,4892,1503614297232,2,2,1,1,0,4,2,3
4893,4893,1503614297242,-11,-18,-15,-4,-4,-1,-1,-12
4894,4894,1503614297249,-3,1,0,0,0,-3,-1,-5
4895,4895,1503614297262,-3,-3,0,-2,0,-1,-1,-4
4896,4896,1503614297270,-5,2,1,-2,-1,-1,0,-16
4897,4897,1503614297278,-4,-5,-4,-3,-2,-3,-4,-14
4898,4898,1503614297292,6,11,0,0,-2,1,0,6
4899,4899,1503614297300,0,5,7,2,0,1,2,6
4900,4900,1503614297309,-4,-4,-8,-1,0,-3,-2,-3
4901,4901,1503614297322,-5,-4,-1,-1,-1,-3,-1,-1
4902,4902,1503614297323,-1,5,5,-1,-1,0,0,-5
4903,4903,1503614297330,-5,-8,-1,-4,0,2,-4,-14
4904,4904,1503614297338,7,2,9,1,0,-2,2,30
4905,4905,1503614297353,-2,-2,1,-1,0,-1,-1,-3
4906,4906,1503614297360,0,-7,-9,-2,-1,1,1,19
4907,4907,1503614297368,3,4,2,-1,-2,-1,0,12
4908,4908,1503614297383,2,1,-2,0,-1,3,2,1
4909,4909,1503614297391,-5,-6,1,-1,-2,-1,0,-11
4910,4910,1503614297397,0,-2,-3,-1,-1,0,0,0
4911,4911,1503614297413,-2,2,1,-1,-1,-3,-1,-10
4912,4912,1503614297420,-5,-6,-4,-1,-1,-2,-1,-9
4913,4913,1503614297435,-4,6,7,-1,1,1,1,-6
4914,4914,1503614297443,-8,-5,-5,-2,1,-1,-5,-18
4915,4915,1503614297451,-1,1,0,2,-1,-2,-3,-3
4916,4916,1503614297465,2,5,2,-2,0,-1,-2,-15
4917,4917,1503614297474,-1,1,-1,1,-1,1,-4,1
4918,4918,1503614297480,6,3,-5,-2,-4,-4,0,8
4919,4919,1503614297495,3,-3,-1,2,1,1,2,9
4920,4920,1503614297503,-8,-8,-4,-3,-1,1,-4,-14
4921,4921,1503614297511,2,-1,-2,-2,1,0,0,-3
4922,4922,1503614297525,5,12,1,0,0,0,-1,15
4923,4923,1503614297540,-2,5,0,0,-2,-1,-2,8
4924,4924,1503614297543,3,5,13,6,0,-1,-1,-4
4925,4925,1503614297555,6,-4,1,-1,0,1,0,17
4926,4926,1503614297562,2,6,-1,-2,0,0,-1,-2
4927,4927,1503614297563,-3,-12,-11,-2,-1,-1,-1,9
4928,4928,1503614297571,-3,-17,-8,-5,-2,-2,-4,-7
4929,4929,1503614297585,13,20,19,5,3,1,3,32
4930,4930,1503614297593,0,0,-4,-1,-1,1,1,4
4931,4931,1503614297600,-6,-10,-6,-3,-1,-2,-2,-18
4932,4932,1503614297615,5,2,3,1,0,-1,3,20
4933,4933,1503614297622,-3,-6,-4,-3,-1,2,1,0
4934,4934,1503614297631,-4,0,2,-1,-2,-3,-3,-25
4935,4935,1503614297645,-3,-10,-7,-4,-2,-2,-4,0
4936,4936,1503614297653,-4,3,3,-1,-3,-1,1,-10
4937,4937,1503614297660,0,5,1,0,-1,-2,2,-5
4938,4938,1503614297677,1,7,7,2,0,1,1,-12
4939,4939,1503614297683,-6,-13,-15,-4,-2,-3,-4,-11
4940,4940,1503614297691,2,11,2,0,0,-3,-2,-4
4941,4941,1503614297705,-4,-7,-3,-2,1,-2,-2,-5
4942,4942,1503614297713,2,-9,-6,-1,0,-3,-3,5
4943,4943,1503614297720,-3,1,-4,-1,0,2,-1,-5
4944,4944,1503614297735,-5,-7,-7,-3,-1,3,1,11
4945,4945,1503614297750,4,14,1,0,-5,-5,-1,-2
4946,4946,1503614297752,2,7,7,5,0,0,-1,3
4947,4947,1503614297765,-5,-1,1,1,1,1,-2,-12
4948,4948,1503614297773,-3,-10,-7,-5,-2,-2,-4,-4
4949,4949,1503614297780,-2,-7,-2,1,1,0,1,-13
4950,4950,1503614297795,8,7,7,3,1,-1,-1,13
4951,4951,1503614297802,-5,-3,1,-4,-2,-1,-3,-23
4952,4952,1503614297811,8,-5,-2,-2,-1,1,5,32
4953,4953,1503614297812,-6,-6,-9,-2,-2,-2,-1,-6
4954,4954,1503614297825,-1,1,5,-2,1,-1,0,2
4955,4955,1503614297840,0,4,2,2,1,0,-2,-2
4956,4956,1503614297841,-1,-6,-6,0,-1,0,1,10
4957,4957,1503614297855,-6,-8,1,-1,-2,-1,0,-8
4958,4958,1503614297862,1,0,-2,1,-1,1,1,8
4959,4959,1503614297870,-5,-4,-3,0,0,0,-2,-8
4960,4960,1503614297885,5,11,13,2,0,-2,1,10
4961,4961,1503614297893,1,-2,-1,-3,-3,-2,0,14
4962,4962,1503614297900,-3,-6,-7,-4,-1,-1,-4,1
4963,4963,1503614297915,6,-3,-8,-2,0,-1,5,13
4964,4964,1503614297923,5,-1,2,0,-1,-4,2,8
4965,4965,1503614297930,-5,0,-8,-3,-2,1,-4,-10
4966,4966,1503614297945,0,-3,1,-1,-1,1,1,3
4967,4967,1503614297946,5,11,15,7,3,2,1,-2
4968,4968,1503614297953,-3,-5,-2,-3,-2,-2,0,2
4969,4969,1503614297960,-12,-6,-10,-7,-4,-2,-1,-27
4970,4970,1503614297975,-1,1,-2,0,-1,-1,-2,-11
4971,4971,1503614297983,0,-5,-5,-3,-1,1,1,17
4972,4972,1503614297990,-3,2,0,-2,-1,-2,-1,-13
4973,4973,1503614298005,10,13,-3,0,-2,0,-2,12
4974,4974,1503614298013,1,-5,0,1,2,2,0,-6
4975,4975,1503614298020,-2,-1,9,1,-1,-2,0,-9
4976,4976,1503614298035,-3,2,3,0,1,0,-1,-11
4977,4977,1503614298042,1,-10,-9,-3,1,-1,-2,0
4978,4978,1503614298052,3,1,3,3,-1,-1,3,4
4979,4979,1503614298065,-6,3,0,2,-1,-2,-1,-10
4980,4980,1503614298073,1,5,0,-2,-2,-2,-2,-6
4981,4981,1503614298080,-4,-3,3,-1,-2,1,-3,-11
4982,4982,1503614298095,0,-4,-3,0,2,1,0,6
4983,4983,1503614298103,2,-6,-2,0,-1,-2,-1,2
4984,4984,1503614298112,-2,9,13,3,-1,-1,0,6
4985,4985,1503614298125,4,6,-1,1,0,0,1,12
4986,4986,1503614298133,-5,-7,-12,-4,-1,-4,0,24
4987,4987,1503614298140,-6,-10,-5,-2,-3,2,0,-2
4988,4988,1503614298155,1,5,11,0,3,1,1,-9
4989,4989,1503614298162,0,-3,-3,0,-1,-1,-3,5
4990,4990,1503614298170,3,0,-4,-1,0,1,1,6
4991,4991,1503614298185,-14,-2,-2,-3,0,-1,1,-25
4992,4992,1503614298193,2,4,3,1,-2,0,-1,-4
4993,4993,1503614298200,-5,8,0,-3,-2,-1,-3,-4
4994,4994,1503614298216,-4,-8,-14,-2,-1,1,-2,-6
4995,4995,1503614298222,2,-7,-13,-2,-1,0,-1,4
4996,4996,1503614298230,2,-1,0,-4,-1,-3,1,1
4997,4997,1503614298246,2,-5,-5,-5,0,-2,0,8
4998,4998,1503614298253,-4,0,1,3,-1,2,-3,-11
4999,4999,1503614298260,8,13,14,3,3,-1,1,8
5000,5000,1503614298275,1,-2,-4,0,1,0,-1,1
5001,5001,1503614298283,-9,-19,-11,-7,-5,-5,-1,-7
5002,5002,1503614298291,2,3,15,5,1,0,0,2
5003,5003,1503614298305,-8,-12,-2,-1,1,-1,-2,-8
5004,5004,1503614298313,0,-7,-9,-4,-3,0,-1,12
5005,5005,1503614298320,-2,-4,1,0,-2,-1,-2,7
5006,5006,1503614298335,-3,4,0,-1,-1,-2,0,-1
5007,5007,1503614298342,-3,2,2,4,1,1,0,-3
5008,5008,1503614298357,-1,-2,0,-1,-1,-4,0,-9
5009,5009,1503614298365,11,11,0,-3,-1,-3,5,37
5010,5010,1503614298373,-1,-9,-9,-3,-2,0,0,3
5011,5011,1503614298387,8,17,18,7,4,5,-1,9
5012,5012,1503614298395,4,-9,-12,-8,-4,-4,-2,3
5013,5013,1503614298402,-11,-16,-2,-3,-2,-2,-2,-21
5014,5014,1503614298418,-1,0,3,4,1,-1,-1,-6
5015,5015,1503614298425,-8,-7,-5,-3,-1,0,-5,-26
5016,5016,1503614298433,-1,12,11,2,0,1,1,-4
5162,5162,1503614299880,36,17,5,3,2,1,1,-1
5163,5163,1503614299888,-3,3,5,0,-2,-1,0,2
5164,5164,1503614299889,-4,-9,-10,-8,-4,0,-2,-8
5165,5165,1503614299895,12,-1,-6,-4,-4,1,4,-1
5166,5166,1503614299909,6,5,2,2,2,1,3,12
5167,5167,1503614299918,-4,15,1,-4,-2,-4,-6,-17
5168,5168,1503614299925,36,1,0,1,-1,2,4,28
5169,5169,1503614299940,-9,-16,-11,-4,2,1,3,-19
5170,5170,1503614299947,10,0,-3,3,4,1,2,12
5171,5171,1503614299955,-5,-3,-3,-3,-5,1,2,-2
5172,5172,1503614299956,-5,-11,-5,0,1,-1,-4,-8
5173,5173,1503614299969,-17,-7,-10,-6,-4,-4,-3,-22
5174,5174,1503614299977,-16,0,3,0,0,-2,-7,-47
5175,5175,1503614299985,-8,13,10,1,-1,-1,-4,-22
5176,5176,1503614300000,22,-9,-3,-2,1,1,-3,8
5177,5177,1503614300007,-14,-14,-5,-7,-3,-3,-4,9
5178,5178,1503614300015,2,1,-1,2,2,-3,3,14
5179,5179,1503614300030,-6,-6,-4,0,-3,-1,1,4
5180,5180,1503614300037,-19,-5,-9,-2,-3,-1,-3,12
5181,5181,1503614300045,-2,-9,-3,-3,-3,-1,-1,-14
5182,5182,1503614300060,31,2,-5,-5,-5,-1,3,37
5183,5183,1503614300067,-7,-4,-1,1,3,2,3,26
5184,5184,1503614300075,-17,-15,-3,-3,-1,-1,-4,-3
5185,5185,1503614300090,-15,-20,-12,-3,0,-2,2,-10
5186,5186,1503614300098,-1,-5,-1,-1,-2,-3,-2,-6
5187,5187,1503614300105,-8,-1,0,-4,-3,-6,-9,-14
5188,5188,1503614300120,-3,35,26,7,1,1,2,-5
5189,5189,1503614300127,3,-1,-4,-1,-1,0,0,0
5190,5190,1503614300135,9,0,0,1,1,2,-1,2
5191,5191,1503614300149,29,13,5,4,0,0,3,18
5192,5192,1503614300158,-3,3,9,2,1,-2,-2,-9
5193,5193,1503614300165,-7,11,19,2,4,-1,-5,-38
5194,5194,1503614300180,4,-2,-3,1,-1,-3,0,2
5195,5195,1503614300187,15,19,3,-1,-3,-4,-6,-7
5196,5196,1503614300195,4,-4,5,2,1,0,0,-6
5197,5197,1503614300209,-18,-7,-9,-3,-1,-4,-2,0
5198,5198,1503614300218,0,-5,-8,-3,-2,0,-1,-3
5199,5199,1503614300232,-7,-9,-3,1,-3,0,5,12
5200,5200,1503614300240,-8,12,10,3,0,1,-2,-17
5201,5201,1503614300247,-37,4,6,1,0,0,-1,12
5202,5202,1503614300263,-3,-15,-9,-3,0,-2,-3,1
5203,5203,1503614300269,10,-3,-14,-1,-1,2,-2,-17
5204,5204,1503614300277,-17,-7,-9,-5,-3,-4,-2,1
5205,5205,1503614300292,-4,-15,-9,-2,-3,-1,0,0
5206,5206,1503614300300,15,6,0,2,0,-1,1,27
5207,5207,1503614300307,19,15,9,2,2,-3,0,10
5208,5208,1503614300324,-4,-8,-4,-3,-4,1,2,7
5209,5209,1503614300329,-1,10,10,4,3,1,-1,0
5210,5210,1503614300337,-15,-12,-6,-3,-2,1,5,4
5211,5211,1503614300352,8,-12,-6,-2,-2,-3,2,5
5212,5212,1503614300360,-2,-3,-7,-3,-3,0,-3,-10
5213,5213,1503614300367,-9,1,6,0,-2,0,0,-10
5214,5214,1503614300382,15,3,-1,0,-2,-2,-1,-3
5215,5215,1503614300397,14,-11,-7,-4,-2,0,-1,-4
5216,5216,1503614300399,-7,-7,-1,-4,-2,-1,-1,-4
5217,5217,1503614300412,0,2,2,-1,-2,-2,-2,-4
5218,5218,1503614300420,-2,-4,-4,-3,1,-1,-2,-4
5219,5219,1503614300427,-21,-2,-3,-2,-3,1,2,-5
5220,5220,1503614300442,7,2,-4,-3,-5,-1,-2,-3
5221,5221,1503614300449,-29,-5,5,1,6,-2,-3,-6
5222,5222,1503614300458,10,15,11,1,1,-1,6,21
5223,5223,1503614300472,16,8,1,1,-1,0,1,-1
5224,5224,1503614300480,5,-10,-5,0,0,-1,0,1
5225,5225,1503614300487,2,7,11,3,1,2,-1,-4
5226,5226,1503614300503,-23,-1,-3,0,0,-5,-6,-21
5227,5227,1503614300509,9,-1,-7,-3,-2,1,-4,3
5228,5228,1503614300517,3,-3,-3,-2,1,0,-3,0
5229,5229,1503614300532,-4,-8,-8,-2,-1,0,-1,-4
5230,5230,1503614300540,14,10,5,3,1,2,0,-3
5231,5231,1503614300547,7,4,1,0,-1,-1,0,7
5232,5232,1503614300563,-7,-22,-10,-2,-2,-3,-4,-9
5233,5233,1503614300569,-18,-12,0,1,-1,-5,-2,2
5234,5234,1503614300577,25,8,5,1,0,0,0,2
5235,5235,1503614300592,-2,2,2,0,-1,-3,-3,10
5236,5236,1503614300600,-12,-2,-7,-7,-3,-3,-2,0
5237,5237,1503614300607,-27,-7,-7,-3,-2,-2,0,-6
5238,5238,1503614300623,4,18,6,2,0,0,-3,-1
5239,5239,1503614300629,12,0,0,2,-1,0,-3,-6
5240,5240,1503614300638,-9,-14,-6,-1,-2,0,2,9
5241,5241,1503614300652,3,-5,-3,-3,-1,1,0,-3
5242,5242,1503614300660,27,3,-3,-3,-1,0,0,1
5243,5243,1503614300676,7,-6,-3,-4,0,0,-1,0
5244,5244,1503614300682,-9,-6,2,0,0,-2,2,3
5245,5245,1503614300693,-43,-11,-7,-6,-4,-3,-5,-14
5246,5246,1503614300698,1,24,18,10,2,3,4,17
5247,5247,1503614300713,9,5,4,-1,-3,1,1,3
5248,5248,1503614300720,-4,9,1,-2,-2,-3,-3,-6
5249,5249,1503614300736,-2,-2,-8,-4,-4,-1,-2,-10
5250,5250,1503614300743,-26,-10,-8,-5,-3,0,-4,-10
5251,5251,1503614300750,9,3,2,2,0,0,0,-4
5252,5252,1503614300760,-13,-10,-4,0,-1,-2,-3,-4
5253,5253,1503614300779,18,-11,-10,-2,-1,-1,1,13
5254,5254,1503614300780,25,4,1,2,1,-1,-2,-9
5255,5255,1503614300795,-6,6,9,5,1,1,2,6
5256,5256,1503614300796,10,6,3,2,1,-5,-4,-8
5257,5257,1503614300803,-19,-8,-5,-5,-2,-2,-3,-7
5258,5258,1503614300810,-5,-4,-3,-5,-2,-2,-1,-7
5259,5259,1503614300811,27,5,1,0,1,5,4,8
5260,5260,1503614300818,-3,-8,-1,2,-2,0,-1,-3
5261,5261,1503614300833,0,8,2,1,0,-4,-2,5
5262,5262,1503614300834,8,-6,-1,2,1,-4,-3,-3
5263,5263,1503614300840,9,8,1,2,2,1,2,8
5264,5264,1503614300855,-8,0,2,-3,-2,-4,0,-6
5265,5265,1503614300863,-7,-9,-4,-3,0,-2,1,1
5266,5266,1503614300870,-1,5,-1,-1,-1,0,1,9
5267,5267,1503614300885,4,6,1,-2,-1,0,4,8
5268,5268,1503614300894,-52,0,-2,-2,-2,-1,-3,-11
5269,5269,1503614300900,-24,-7,-8,-3,-2,0,-3,-24
5270,5270,1503614300915,-2,-5,2,3,-1,0,-1,0
5271,5271,1503614300922,4,2,-4,0,-1,-2,-2,-6
5272,5272,1503614300931,26,19,9,3,0,1,10,46
5273,5273,1503614300937,4,-1,0,1,-1,-1,-3,-15
5274,5274,1503614300953,21,-14,-12,-4,-2,-3,-5,8
5275,5275,1503614300960,-11,-1,4,-4,-2,-2,-1,5
5276,5276,1503614300975,-6,-10,-6,-2,0,0,-2,-8
5277,5277,1503614300983,11,-5,5,3,0,0,-5,-21
5278,5278,1503614300990,-3,-4,-5,-2,0,2,1,-2
5279,5279,1503614300997,-5,-8,-1,1,1,0,-2,-2
5280,5280,1503614301013,3,-4,-4,-2,-2,-4,-2,-13
5281,5281,1503614301020,0,-3,-8,-4,0,0,-2,13
5282,5282,1503614301035,-4,10,-6,-1,-1,-1,-4,10
5283,5283,1503614301042,-10,9,5,2,-1,1,-1,6
5284,5284,1503614301050,5,-14,-3,-3,1,-1,-3,2
5285,5285,1503614301057,-6,-4,-5,-5,-4,0,1,4
5286,5286,1503614301073,-4,16,16,2,-1,-2,4,11
5287,5287,1503614301080,13,18,4,0,-1,-1,1,-12
5288,5288,1503614301096,0,-2,-1,0,-2,-1,5,19
5289,5289,1503614301103,13,-12,-11,-5,-4,-3,5,-6
5290,5290,1503614301110,5,16,14,1,0,3,-2,-13
5291,5291,1503614301118,25,-8,-6,2,-1,-3,-1,8
5292,5292,1503614301133,-16,-9,-7,-5,-2,-1,-9,-33
5293,5293,1503614301140,-2,1,-2,-3,0,2,-1,20
5294,5294,1503614301155,-6,1,0,1,0,-2,-8,-41
5295,5295,1503614301163,4,0,-5,0,1,-1,-7,-20
5296,5296,1503614301170,-2,1,-1,0,-2,-2,3,10
5297,5297,1503614301185,-22,1,5,1,-2,0,-1,-2
5298,5298,1503614301194,16,18,6,2,4,4,2,-25
5299,5299,1503614301200,4,13,14,7,4,-1,-2,2
5300,5300,1503614301215,-11,-14,-4,2,-3,0,-1,-3
5301,5301,1503614301222,-2,-7,-10,-4,-3,-3,-7,-4
5302,5302,1503614301231,-13,-10,-3,-1,0,-1,-2,-17
5303,5303,1503614301245,-1,-8,-1,-2,-1,-3,-2,4
5304,5304,1503614301253,18,1,-4,-3,-1,0,1,19
5305,5305,1503614301262,5,-12,-4,1,-1,-1,3,30
5306,5306,1503614301275,-1,-4,-4,-2,0,-4,-3,-4
5307,5307,1503614301282,-15,-15,-17,-9,-4,1,0,-16
5308,5308,1503614301290,27,35,14,1,0,-1,-1,19
5309,5309,1503614301312,-7,-8,-4,-2,-4,-1,3,5
5310,5310,1503614301313,-12,-11,-6,-3,-2,0,5,-2
5311,5311,1503614301320,-1,1,-4,-5,2,2,0,-1
5312,5312,1503614301336,-5,-15,-6,1,0,-3,-6,-11
5313,5313,1503614301342,6,5,2,-2,-2,3,2,15
5314,5314,1503614301350,-15,-7,-5,-4,-2,0,2,-1
5315,5315,1503614301365,-1,12,5,1,0,-1,0,-10
5316,5316,1503614301373,3,-5,-2,1,1,1,0,-2
5317,5317,1503614301380,-4,-8,3,-1,-2,-1,-3,-3
5318,5318,1503614301396,6,-4,1,0,-3,-1,1,5
5319,5319,1503614301404,-10,-10,-2,0,0,-1,-1,-21
5320,5320,1503614301410,-7,-4,-1,-2,1,-2,-6,2
5321,5321,1503614301425,-5,15,11,4,0,-1,-2,-25
5322,5322,1503614301433,10,-2,-3,0,-1,2,7,17
5323,5323,1503614301440,1,-3,-5,-5,-4,-2,4,7
5324,5324,1503614301455,-4,11,6,-2,-1,-4,1,-2
5325,5325,1503614301463,-4,2,-3,-2,0,-1,-1,-25
5326,5326,1503614301471,-12,-4,-1,-3,-5,-4,-1,-4
5327,5327,1503614301485,4,15,6,5,1,-1,-2,11
5328,5328,1503614301493,-23,-8,-7,-3,-3,-2,-5,-18
5329,5329,1503614301500,-2,-7,3,3,-1,-1,-3,20
5330,5330,1503614301515,9,3,5,2,3,2,10,59
5331,5331,1503614301522,-7,-13,-11,-2,-3,-1,0,-5
5332,5332,1503614301530,8,-4,-6,2,1,3,-1,-5
5333,5333,1503614301545,1,1,2,0,0,-2,1,5
5334,5334,1503614301553,-4,-5,-6,-1,-1,-3,-3,9
5335,5335,1503614301560,0,-6,-5,-2,1,-2,-6,-4
5336,5336,1503614301575,-7,-5,-1,0,-1,0,-7,-49
5337,5337,1503614301582,-10,-13,-6,-3,-4,-2,-4,7
5338,5338,1503614301590,-1,10,5,4,-1,-1,0,-24
5339,5339,1503614301605,-11,6,4,2,0,0,-2,-18
5340,5340,1503614301613,18,-2,0,-2,-4,1,-2,9
5341,5341,1503614301620,5,-6,-10,-2,-3,3,-1,-4
5342,5342,1503614301636,1,7,-3,-1,0,1,0,-5
5343,5343,1503614301642,2,0,-1,-1,0,-3,1,-9
5344,5344,1503614301650,-5,1,-1,0,0,-2,0,5
5345,5345,1503614301665,-2,29,15,4,1,0,-1,8
5346,5346,1503614301680,4,13,6,0,-1,0,2,11
5347,5347,1503614301681,4,-8,-5,-3,-2,-2,-2,-4
5348,5348,1503614301697,-8,-12,-7,-5,-2,0,9,-14
5349,5349,1503614301703,4,3,0,-2,-1,0,3,18
5350,5350,1503614301710,-23,-14,-6,-1,-2,-3,-5,-7
5351,5351,1503614301725,7,-7,3,0,0,2,0,7
5352,5352,1503614301734,49,29,11,2,0,2,-1,7
5353,5353,1503614301740,-1,9,20,3,1,-1,-2,5
5354,5354,1503614301755,-7,-8,-4,-4,-3,-4,-3,-7
5355,5355,1503614301765,-2,-11,-3,-3,0,0,0,-2
5356,5356,1503614301770,-3,5,5,2,1,1,-4,21
5357,5357,1503614301785,2,13,-2,0,-2,-1,0,17
5358,5358,1503614301793,-1,-7,-4,3,0,0,-2,-34
5359,5359,1503614301800,-5,-15,-9,-4,-3,-2,-2,-31
5360,5360,1503614301815,-20,-32,-7,0,-3,-3,-5,-22
5361,5361,1503614301823,13,16,11,5,2,2,3,-6
5362,5362,1503614301831,-7,15,19,5,3,1,0,9
5363,5363,1503614301845,7,12,10,1,-2,-1,0,15
5364,5364,1503614301853,-4,-9,-16,-6,-4,-2,0,27
5365,5365,1503614301860,-3,-8,-14,-3,-2,-3,-4,32
5366,5366,1503614301876,-2,-10,-7,-4,-1,-3,1,30
5367,5367,1503614301882,-9,-6,-5,-5,-5,-4,0,-17
5368,5368,1503614301891,7,-3,-10,-5,-2,-2,2,28
5369,5369,1503614301907,2,-7,-7,-2,-1,-2,-3,-15
5370,5370,1503614301913,-5,4,6,0,-2,-1,-5,-13
5371,5371,1503614301920,-3,-2,-5,-1,-1,0,0,-53
5372,5372,1503614301936,26,-4,-12,0,-1,1,4,1
5373,5373,1503614301943,-8,2,1,-1,-1,-4,-3,7
5374,5374,1503614301950,-10,-8,-8,-4,-1,-1,1,21
5375,5375,1503614301970,-3,-7,0,1,2,1,2,14
5376,5376,1503614301974,2,4,-9,0,1,-2,0,-9
5377,5377,1503614301975,6,6,8,3,0,1,-1,-15
5378,5378,1503614301980,4,-25,-17,-6,-3,0,-3,7
5379,5379,1503614301995,5,0,3,-1,0,1,-3,-20
5380,5380,1503614302003,-11,1,-2,-1,-1,-1,-1,-2
5381,5381,1503614302011,1,3,3,-2,0,-1,-1,-15
5382,5382,1503614302033,13,18,11,5,2,3,2,20
5383,5383,1503614302035,-5,-2,-9,-5,0,0,-1,-8
5384,5384,1503614302041,-1,-1,0,-3,-3,-3,-1,8
5385,5385,1503614302055,-9,-2,3,-1,1,-1,-5,0
5386,5386,1503614302062,0,-2,-4,1,0,1,2,1
5387,5387,1503614302071,-2,9,3,1,-3,0,0,-4
5388,5388,1503614302085,1,1,1,-1,-1,-1,0,1
5389,5389,1503614302093,-3,-9,-4,-2,2,0,-3,0
5390,5390,1503614302108,4,1,-4,1,0,-2,2,6
5391,5391,1503614302115,-16,-7,-8,-4,-2,0,-4,-32
5392,5392,1503614302122,-1,-4,3,-1,1,0,-1,0
5393,5393,1503614302137,0,9,7,1,-1,0,2,5
5394,5394,1503614302145,-3,-2,-3,-2,-3,-1,0,4
5395,5395,1503614302153,-2,-5,-4,-2,-1,-3,-2,1
5396,5396,1503614302168,1,-3,-1,-2,-2,1,0,6
5397,5397,1503614302175,-1,-1,-3,1,-1,-2,2,9
5398,5398,1503614302182,-1,-2,0,-1,-2,0,-1,-9
5399,5399,1503614302198,1,2,-1,-3,0,-1,1,6
5400,5400,1503614302205,-4,-6,-3,0,0,-1,-2,-6
5401,5401,1503614302213,0,0,1,1,-2,0,0,2
5402,5402,1503614302227,1,7,-6,-1,0,-1,-2,5
5403,5403,1503614302236,10,8,9,3,1,3,3,17
5404,5404,1503614302242,-6,-17,-13,-4,-2,-1,-2,-9
5405,5405,1503614302257,-9,-12,-15,-4,-4,-4,-3,-5
5406,5406,1503614302266,-2,-1,2,0,-1,-1,1,3
5407,5407,1503614302273,-12,-3,0,-2,-1,-2,0,-15
5408,5408,1503614302287,-2,6,3,-1,-1,-1,-3,-10
5409,5409,1503614302295,3,2,5,1,-2,-2,-2,3
5410,5410,1503614302303,-1,4,5,4,2,2,0,2
5411,5411,1503614302317,-3,-3,-3,-1,-1,-3,-3,-5
5412,5412,1503614302325,8,19,15,3,0,-1,1,-1
5413,5413,1503614302333,6,7,2,2,2,0,1,8
5414,5414,1503614302347,10,-5,-2,-2,0,-3,-1,0
5415,5415,1503614302355,-5,-9,-7,-4,-1,-1,-2,-3
5416,5416,1503614302362,-2,-2,-3,-1,-1,0,-1,3
5417,5417,1503614302377,-1,-4,-7,-1,-1,1,-3,-1
5418,5418,1503614302385,-1,10,5,0,0,-1,-1,-2
5419,5419,1503614302393,-5,0,7,1,-2,0,-1,0
5420,5420,1503614302407,-4,0,2,0,-2,-1,-1,-2
5421,5421,1503614302415,1,2,2,0,-1,0,-3,2
5422,5422,1503614302422,0,-6,-1,-1,1,0,-1,-1
5423,5423,1503614302437,-4,-4,-4,-3,-2,0,-2,-2
5424,5424,1503614302445,-5,-4,-10,-4,0,-2,-1,-2
5425,5425,1503614302453,3,3,7,0,0,-3,1,-3
5426,5426,1503614302468,1,1,2,0,-2,0,-1,0
5427,5427,1503614302476,4,1,-2,0,0,-3,1,4
5428,5428,1503614302482,-4,-2,2,0,0,0,-3,-5
5429,5429,1503614302497,1,-1,-6,-4,1,2,-1,0
5430,5430,1503614302505,-5,-4,1,2,-1,-1,1,0
5431,5431,1503614302513,0,15,18,5,2,-2,-1,-2
5432,5432,1503614302527,-4,-4,0,-3,-2,-1,1,6
5433,5433,1503614302535,-2,0,6,-1,0,0,-2,-2
5434,5434,1503614302543,0,1,0,-1,-3,-1,-4,-5
5435,5435,1503614302557,2,-4,-4,-1,-2,-1,-1,-4
5436,5436,1503614302565,3,3,7,0,1,-2,1,7
5437,5437,1503614302573,1,-5,-7,2,0,-2,-3,-2
5438,5438,1503614302587,3,-2,-9,-3,-1,-1,-3,-1
5439,5439,1503614302595,7,1,-4,0,-1,-2,-1,6
5440,5440,1503614302602,-3,-4,-6,-3,-2,-1,0,2
5441,5441,1503614302617,-3,-4,-5,-4,-1,0,1,0
5442,5442,1503614302625,-2,8,-2,-1,-1,0,-2,-5
5443,5443,1503614302635,-2,-7,-10,-1,-2,-2,-2,-2
5444,5444,1503614302647,4,-8,-7,-2,-1,-3,0,-2
5445,5445,1503614302655,-3,0,-4,0,-3,0,-2,-6
5446,5446,1503614302662,-1,-8,-5,0,-1,2,-2,-5
5447,5447,1503614302677,-6,-3,4,-3,-1,-1,0,1
5448,5448,1503614302685,-2,7,9,1,-1,2,2,-5
5449,5449,1503614302693,-2,8,8,2,0,0,1,-8
5450,5450,1503614302707,4,-9,-7,-2,1,-1,0,11
5451,5451,1503614302715,-5,-5,-1,-2,0,-1,0,-3
5452,5452,1503614302722,-3,1,-1,1,0,-2,-5,-5
5453,5453,1503614302737,6,5,11,0,-1,-3,0,0
5454,5454,1503614302745,1,8,6,5,2,1,0,-6
5455,5455,1503614302753,-10,-4,-8,-2,-1,-1,-2,-8
5456,5456,1503614302769,-3,-7,-9,-6,-2,-2,-2,3
5457,5457,1503614302775,-2,-3,-3,-2,0,-1,2,0
5458,5458,1503614302782,-4,-4,-5,-3,-2,2,-3,0
5459,5459,1503614302797,3,-4,-4,2,-1,1,-3,3
5460,5460,1503614302806,4,8,13,2,0,-1,1,8
5461,5461,1503614302813,4,6,5,-1,-1,0,0,13
5462,5462,1503614302827,-13,-3,-2,-3,-3,-4,-3,-8
5463,5463,1503614302838,-6,-7,-8,-3,-1,0,-3,-12
5464,5464,1503614302843,-7,8,8,2,-1,2,0,-4
5465,5465,1503614302857,3,6,2,1,0,2,-2,-4
5466,5466,1503614302865,4,-12,-10,-3,0,-2,0,2
5467,5467,1503614302873,2,-1,6,0,-2,-2,0,3
5468,5468,1503614302888,-1,-3,-5,-4,-1,0,-1,-2
5469,5469,1503614302895,0,4,0,1,0,1,3,11
5470,5470,1503614302903,0,0,-3,-2,0,-2,1,-2
5471,5471,1503614302917,3,-4,-3,0,0,1,-2,-4
5472,5472,1503614302925,-3,-3,-2,-1,-1,0,-1,10
5473,5473,1503614302933,-2,-3,-1,-1,-1,-3,-1,0
5474,5474,1503614302947,-3,8,2,-2,-1,-2,-1,-6
5475,5475,1503614302962,2,1,-5,-4,-4,-2,-2,8
5476,5476,1503614302963,7,0,-3,-1,-2,-1,-1,20
5477,5477,1503614302978,4,-2,6,2,0,0,0,-1
5478,5478,1503614302985,-3,-6,-3,1,0,-2,1,-8
5479,5479,1503614302993,-1,-3,-6,-2,0,-1,0,1
5480,5480,1503614303008,-3,-2,0,0,-2,-1,-2,-8
5481,5481,1503614303015,-3,-2,-3,-1,0,-2,0,-2
5482,5482,1503614303029,5,4,8,1,0,1,1,3
5483,5483,1503614303038,-3,0,-3,-1,-1,0,-1,-1
5484,5484,1503614303046,2,7,-1,0,0,1,0,-7
5485,5485,1503614303060,-2,9,0,1,-2,0,-2,-3
5486,5486,1503614303068,-9,-6,-3,-1,-1,-4,-5,-10
5487,5487,1503614303076,1,-5,-7,0,0,-1,-2,2
5488,5488,1503614303089,6,2,7,3,1,-1,3,1
5489,5489,1503614303097,0,-4,0,1,-2,-2,-2,-5
5490,5490,1503614303105,4,-1,-5,-2,0,0,-2,-5
5491,5491,1503614303120,-3,-8,2,-3,-1,-2,0,1
5492,5492,1503614303127,0,-8,-6,-1,1,-2,-2,5
5493,5493,1503614303138,1,2,-4,-3,0,-2,0,2
5494,5494,1503614303149,-3,-2,0,-1,-1,-1,-1,-5
5495,5495,1503614303157,4,-3,1,-1,-1,0,-2,-1
5496,5496,1503614303165,0,-2,-4,-2,-2,1,-1,2
5497,5497,1503614303180,-5,3,-1,0,-1,1,-1,-3
5498,5498,1503614303187,-1,-5,-6,-1,1,0,0,-8
5499,5499,1503614303195,-7,-3,-1,-2,-1,-2,-2,-6
5500,5500,1503614303209,0,0,10,2,0,1,-3,-2
5501,5501,1503614303218,1,-7,-6,-2,0,2,1,-1
5502,5502,1503614303225,7,-2,-4,-4,0,-2,-4,2
5503,5503,1503614303240,0,2,0,-1,0,1,2,4
5504,5504,1503614303247,0,1,-4,-1,-1,-3,1,2
5505,5505,1503614303255,4,1,-3,0,-1,-2,3,9
5506,5506,1503614303270,-2,2,3,0,0,0,-1,-3
5507,5507,1503614303277,-2,-1,5,-2,-2,0,-2,-10
5508,5508,1503614303285,4,-2,1,-1,0,-1,1,5
5509,5509,1503614303300,9,2,-2,-1,-2,-1,-2,5
5510,5510,1503614303308,-4,-2,-5,-1,-2,1,-1,-4
5511,5511,1503614303315,0,2,6,2,0,1,-1,4
5512,5512,1503614303329,0,0,-1,2,-2,-2,2,4
5513,5513,1503614303339,-6,-5,-3,-2,-1,-2,-1,-4
5514,5514,1503614303345,-2,-2,-4,-3,0,-3,-1,-1
5515,5515,1503614303360,-2,2,1,1,1,-1,-2,-10
5516,5516,1503614303368,-6,0,1,0,-1,1,-1,-3
5517,5517,1503614303376,0,6,-2,0,-2,0,2,-4
5518,5518,1503614303389,3,-1,-1,-4,-2,1,0,6
5519,5519,1503614303397,-6,-5,-3,0,-1,-1,0,-7
5520,5520,1503614303406,-4,-1,0,-1,-1,0,-2,-1
5521,5521,1503614303420,6,11,13,1,1,0,-2,4
5522,5522,1503614303427,-10,-10,-7,-3,-1,-2,-2,-5
5523,5523,1503614303435,-4,-8,-7,-4,-1,-3,-4,-16
5524,5524,1503614303449,-3,0,2,-1,-2,-2,-2,0
5525,5525,1503614303457,2,11,9,2,0,0,0,5
5526,5526,1503614303465,2,-1,-3,1,-1,2,2,10
5527,5527,1503614303481,-3,-5,-3,-3,-2,-3,-2,2
5528,5528,1503614303487,1,2,1,0,0,-2,-3,-3
5529,5529,1503614303495,1,-7,-5,-4,-2,-1,0,4
5530,5530,1503614303509,-3,-5,-7,-1,0,-1,0,-3
5531,5531,1503614303517,6,-1,-6,-1,0,-1,-1,-2
5532,5532,1503614303525,0,6,-3,0,0,0,0,-2
5533,5533,1503614303540,-7,-4,2,1,2,2,0,1
5534,5534,1503614303548,0,-4,-4,-1,0,-1,0,1
5535,5535,1503614303555,-2,1,-3,0,0,-2,2,-1
5536,5536,1503614303569,-3,2,4,-1,-1,-2,-3,-5
5537,5537,1503614303577,-1,-6,-2,0,-1,-2,-1,-1
5538,5538,1503614303585,-2,3,3,2,0,-2,-1,-6
5539,5539,1503614303600,-3,-4,-3,0,-1,-1,-2,-1
5540,5540,1503614303607,-2,0,-4,-3,-1,-2,0,-1
5541,5541,1503614303608,2,2,2,0,-1,-2,0,3
5542,5542,1503614303615,1,5,1,1,0,2,0,2
5543,5543,1503614303629,0,0,0,-2,-1,-3,-1,-6
5544,5544,1503614303637,3,-1,-3,-2,0,-4,-2,-4
5545,5545,1503614303645,-4,-8,-3,-2,-2,1,-3,-5
5546,5546,1503614303660,-3,0,0,-3,-2,-1,-1,-2
5547,5547,1503614303667,-1,2,1,-1,1,0,0,2
5548,5548,1503614303675,-6,-4,2,1,0,1,1,0
5549,5549,1503614303690,2,1,-1,1,-1,-1,-1,0
5550,5550,1503614303698,-1,1,-3,-1,-1,2,0,1
5551,5551,1503614303706,0,-4,-1,-2,-2,1,-3,0
5552,5552,1503614303720,-3,0,-1,-1,-1,-4,0,-2
5553,5553,1503614303727,-1,0,-1,0,0,0,0,-4
5554,5554,1503614303735,-1,0,2,1,-2,-1,-1,1
5555,5555,1503614303750,1,3,7,1,-2,1,0,4
5556,5556,1503614303757,-1,-1,-1,0,0,2,0,-2
5557,5557,1503614303765,-5,-1,-5,-1,-2,0,-1,-2
5558,5558,1503614303780,-2,-4,0,-1,-1,-2,-2,0
5559,5559,1503614303787,1,-2,-3,-1,-2,0,-1,-3
5560,5560,1503614303795,0,-2,-4,-1,-1,-3,-2,-5
5561,5561,1503614303809,1,3,1,1,2,-1,-2,-1
5562,5562,1503614303818,3,-2,-1,-3,-1,0,1,1
5563,5563,1503614303825,2,-5,-4,-4,-2,0,0,0
5564,5564,1503614303841,1,-5,-3,1,-1,0,-2,1
5565,5565,1503614303847,0,1,-1,1,-1,-5,0,-2
5566,5566,1503614303855,6,5,-6,-2,-2,-1,0,1
5567,5567,1503614303870,-4,-1,2,1,1,1,-1,-9
5568,5568,1503614303878,-3,-3,2,1,1,0,0,1
5569,5569,1503614303885,2,1,0,0,0,-1,1,4
5570,5570,1503614303900,-2,-3,-2,-2,-3,-1,-1,3
5571,5571,1503614303909,-1,-9,-4,-1,-2,0,0,-3
5572,5572,1503614303915,2,2,-4,-1,-1,-1,1,-2
5573,5573,1503614303930,7,3,1,-1,-1,-1,-3,3
5574,5574,1503614303938,-7,-1,-1,-3,-1,2,-3,-5
5575,5575,1503614303951,2,0,-1,-3,0,-3,-1,-1
5576,5576,1503614303952,-7,-4,3,0,0,-1,0,-1
5577,5577,1503614303960,2,5,5,2,0,-2,1,0
5578,5578,1503614303968,-1,-4,-3,-2,0,1,2,5
5579,5579,1503614303982,-1,8,10,1,2,1,0,0
5580,5580,1503614303989,2,-2,-1,0,1,-3,0,-4
5581,5581,1503614303990,-3,0,1,-1,-1,-2,-3,-1
5582,5582,1503614303998,-1,-3,3,-2,-1,-1,0,-1
5583,5583,1503614304012,1,3,-1,2,0,0,-3,-2
5584,5584,1503614304020,-6,-3,-3,-1,-1,0,-1,8
5585,5585,1503614304027,0,-3,-3,-3,-2,-1,-1,-5
5586,5586,1503614304042,-7,2,-6,-1,2,1,1,-23
5587,5587,1503614304050,0,4,-4,-1,-1,0,2,3
5588,5588,1503614304058,-1,-8,-8,-1,-2,-1,-4,0
5589,5589,1503614304071,2,3,3,-1,-2,-2,1,-4
5590,5590,1503614304080,-6,-8,-4,-3,-4,-5,-2,0
5591,5591,1503614304087,0,14,15,4,2,1,-1,0
5592,5592,1503614304102,15,3,-3,-2,-2,-2,3,21
5593,5593,1503614304110,7,40,30,6,1,0,-4,-10
5594,5594,1503614304118,-3,-2,-1,-1,0,-3,-3,-5
5595,5595,1503614304132,-5,-10,-15,-5,-2,-2,-2,2
5596,5596,1503614304140,-1,-2,1,-1,-3,-1,-2,1
5597,5597,1503614304147,-6,-17,-6,-1,-2,-3,-1,-1
5598,5598,1503614304162,1,-4,-4,-1,0,-3,0,-9
5599,5599,1503614304170,0,-13,-12,-5,-3,3,1,3
5600,5600,1503614304178,-2,-10,-10,-1,1,2,-1,-7
5601,5601,1503614304191,-8,-14,-8,-3,-4,0,1,-2
5602,5602,1503614304199,0,-1,0,1,0,-1,-2,2
5603,5603,1503614304209,-4,-6,-4,-2,-2,0,-1,-1
5604,5604,1503614304222,-5,0,-1,-1,-1,-1,-3,-15
5605,5605,1503614304237,1,-8,-10,-1,-2,-2,-4,-11
5606,5606,1503614304238,-3,-1,2,1,1,1,1,-1
5607,5607,1503614304252,0,3,-2,-1,-1,-1,0,2
5608,5608,1503614304260,4,17,7,2,1,3,2,4
5609,5609,1503614304269,3,2,-1,0,1,1,2,7
5610,5610,1503614304282,3,-4,-4,-2,-2,-1,0,5
5611,5611,1503614304289,0,-2,-3,-1,1,-3,-2,-1
5612,5612,1503614304297,-1,-1,0,0,-1,-3,-2,3
5613,5613,1503614304312,-6,-7,-3,-1,0,1,-3,-2
5614,5614,1503614304320,-4,-7,-6,-4,-3,-1,-2,-4
5615,5615,1503614304328,-1,-6,-7,-2,-2,-3,0,-2
5616,5616,1503614304344,-1,-2,-6,-4,-4,0,-3,-6
5617,5617,1503614304350,-4,-11,-3,0,1,-1,-3,-10
5618,5618,1503614304357,7,7,6,1,0,-1,2,13
5619,5619,1503614304372,0,5,5,2,-1,-2,1,0
5620,5620,1503614304387,-5,3,2,0,0,-2,-3,-7
5621,5621,1503614304388,5,1,0,-2,-2,1,-1,5
5622,5622,1503614304402,1,2,1,0,0,1,-1,-1
5623,5623,1503614304411,-1,8,5,1,-1,-2,-2,9
5624,5624,1503614304418,-5,-7,-3,1,0,0,-2,-1
5625,5625,1503614304431,-9,-2,-2,-2,-1,-1,-1,-9
5626,5626,1503614304440,0,-5,0,-2,-1,0,1,8
5627,5627,1503614304447,0,-1,-1,-1,0,0,-1,5
5628,5628,1503614304462,-3,-5,-4,-2,-1,-1,-3,-5
5629,5629,1503614304469,1,3,3,0,0,0,0,-4
5630,5630,1503614304478,4,-1,-3,-2,-2,-2,0,5
5631,5631,1503614304491,0,0,-4,-1,-1,-2,0,6
5632,5632,1503614304500,3,0,1,1,-3,0,0,8
5633,5633,1503614304507,-3,-2,-2,-2,1,-1,2,-13
5634,5634,1503614304522,-3,-3,-2,0,0,-1,-1,4
5635,5635,1503614304529,0,6,2,-2,-2,0,-2,-1
5636,5636,1503614304545,-6,1,4,1,-2,0,0,-6
5637,5637,1503614304551,-1,-2,-3,-1,-1,0,-2,5
5638,5638,1503614304559,-3,-4,-3,1,-1,-1,-1,-6
5639,5639,1503614304567,-4,-7,-7,-2,-3,0,-3,-4
5640,5640,1503614304582,-3,-1,-4,-3,-2,-2,-2,-6
5641,5641,1503614304589,-3,-2,2,-1,0,-1,-2,-2
5642,5642,1503614304597,1,9,8,0,3,-3,2,-4
5643,5643,1503614304612,4,0,-3,0,-1,0,-1,0
5644,5644,1503614304620,-1,-8,-1,-2,-3,2,-2,-9
5645,5645,1503614304627,-2,-8,-4,-3,-2,-3,-3,-5
5646,5646,1503614304642,4,2,-5,-1,-2,-1,0,-2
5647,5647,1503614304649,3,0,2,4,-1,-2,1,8
5648,5648,1503614304657,2,3,4,1,1,0,-1,0
5649,5649,1503614304671,-5,6,9,2,0,-1,0,1
5650,5650,1503614304680,-1,-7,-5,0,-1,-2,-2,-3
5651,5651,1503614304688,1,-3,-5,-3,0,-1,0,-1
5652,5652,1503614304702,-1,-5,-5,-4,-1,-4,-1,8
5653,5653,1503614304712,5,0,-3,0,2,2,-1,2
5654,5654,1503614304724,0,3,1,-1,-1,-2,-1,0
5655,5655,1503614304731,0,1,-1,-1,-1,-1,-1,-1
5656,5656,1503614304740,-4,0,3,-2,-1,0,1,7
5657,5657,1503614304747,9,12,6,0,-1,0,2,6
5658,5658,1503614304762,-3,-3,-5,-1,-3,0,-2,-5
5659,5659,1503614304770,2,10,0,-1,0,0,-1,1
5660,5660,1503614304779,-1,-4,-4,-3,-1,0,-3,-12
5661,5661,1503614304791,-5,-9,-8,-3,-5,-3,-2,-1
5662,5662,1503614304799,1,1,6,4,2,1,2,1
5663,5663,1503614304807,-4,-7,-2,1,0,-1,-1,1
5664,5664,1503614304822,-4,-3,1,0,-2,1,1,7
5665,5665,1503614304829,-6,-3,3,-3,-4,-1,-2,-3
5666,5666,1503614304838,-1,-2,-4,-1,2,-2,0,0
5667,5667,1503614304851,-5,-2,-4,-1,-2,-3,-1,-7
5668,5668,1503614304859,3,5,-1,-2,0,1,-2,-1
5669,5669,1503614304867,4,-1,-2,-2,0,2,0,-3
5670,5670,1503614304882,1,0,-4,0,-3,-4,-1,-7
5671,5671,1503614304890,5,-2,-1,-1,0,-1,0,1
5672,5672,1503614304905,-2,-1,-3,-2,0,0,-1,0
5673,5673,1503614304913,-2,-2,1,-2,-1,0,0,0
5674,5674,1503614304920,-1,-2,-2,-1,0,-2,-3,-2
5675,5675,1503614304934,-2,0,5,1,0,0,1,3
5676,5676,1503614304942,2,-2,-7,-3,-2,-3,2,11
5677,5677,1503614304957,-9,-2,-1,-1,-2,1,-1,-12
5678,5678,1503614304964,-1,2,-2,1,-2,-2,-4,-9
5679,5679,1503614304971,-9,-6,-3,-2,-2,-1,-3,-8
5680,5680,1503614304972,13,8,-1,2,0,-1,-1,3
5681,5681,1503614304980,1,2,0,-1,-1,2,-1,2
5682,5682,1503614304994,-5,-6,0,-1,-1,1,-2,-8
5683,5683,1503614305003,1,-3,0,1,0,-2,-1,-3
5684,5684,1503614305010,-1,-7,-5,-1,0,-2,0,2
5685,5685,1503614305025,2,1,3,-1,-4,0,0,2
5686,5686,1503614305031,-5,-3,-2,-1,-1,0,0,13
5687,5687,1503614305040,-10,-8,-11,-3,2,1,0,-15
5688,5688,1503614305054,2,7,-1,0,-1,-4,-1,-9
5689,5689,1503614305063,1,5,4,0,0,1,1,6
5690,5690,1503614305070,-4,-8,-3,-2,-1,-1,-1,0
5691,5691,1503614305092,7,4,1,0,-3,-1,1,8
5692,5692,1503614305100,2,8,-1,-3,0,-3,0,3
5693,5693,1503614305116,1,-3,-4,-2,0,1,0,8
5694,5694,1503614305123,-8,-6,-1,-1,-3,-3,-3,-2
5695,5695,1503614305130,-7,-5,-6,0,-2,1,0,-9
5696,5696,1503614305147,-1,3,5,2,-2,-1,-1,-7
5697,5697,1503614305151,0,0,1,0,0,0,1,0
5698,5698,1503614305160,-7,-7,-6,-4,-2,-2,-5,-12
5699,5699,1503614305174,0,2,0,1,2,0,-4,-1
5700,5700,1503614305182,4,-2,-5,-3,1,1,0,9
5701,5701,1503614305191,-5,-10,-2,-3,-2,-2,-5,-12
5702,5702,1503614305205,6,-4,4,0,-1,0,1,7
5703,5703,1503614305211,-10,-9,-5,-1,1,-4,0,-3
5704,5704,1503614305221,2,14,1,1,0,1,1,2
5705,5705,1503614305234,1,1,6,-2,-1,1,0,0
5706,5706,1503614305242,-2,-4,-4,-1,-2,-2,-2,4
5799,5799,1503614306135,-13,-7,0,-2,1,-3,-5,-23
5800,5800,1503614306142,44,11,2,2,0,3,4,-15
5801,5801,1503614306158,14,12,4,0,-2,-1,-3,-4
5802,5802,1503614306165,-4,-5,-6,-1,-2,-2,3,50
5803,5803,1503614306173,-11,3,1,0,1,0,-4,-15
5804,5804,1503614306189,-20,-11,-2,-2,-2,-3,-4,-29
5805,5805,1503614306195,4,2,0,-1,0,1,-1,26
5806,5806,1503614306202,-16,-9,-10,-6,-2,-2,1,-4
5807,5807,1503614306219,4,-2,1,1,-1,-2,-2,-4
5808,5808,1503614306225,5,12,0,-1,0,0,2,8
5809,5809,1503614306226,-16,-11,-4,0,0,0,-1,-6
5810,5810,1503614306233,4,7,-1,-3,-2,-4,-1,7
5811,5811,1503614306247,-9,-1,0,0,-1,0,-1,-13
5812,5812,1503614306256,-1,-9,-5,-1,-3,0,1,-5
5813,5813,1503614306263,-11,-4,2,1,2,-1,-2,-12
5814,5814,1503614306278,-3,-1,0,-2,1,-1,-2,3
5815,5815,1503614306288,-3,2,1,-3,-2,-3,1,23
5816,5816,1503614306295,-4,-3,-4,0,-1,-1,-3,8
5817,5817,1503614306315,-1,1,-3,-1,-1,0,-2,0
5818,5818,1503614306316,0,1,1,-1,0,-2,-2,2
5819,5819,1503614306323,-2,-4,-3,1,0,1,-2,-16
5820,5820,1503614306338,1,4,3,2,0,-1,0,2
5821,5821,1503614306345,-2,13,4,4,0,-1,-1,-5
5822,5822,1503614306354,-3,-1,-6,-5,-2,0,0,-3
5823,5823,1503614306368,-3,-6,-3,-2,-1,0,-2,-4
5824,5824,1503614306375,-2,-5,-5,-5,-2,0,2,0
5825,5825,1503614306382,0,6,6,8,6,-1,-3,-7
5826,5826,1503614306398,-1,-11,-5,-1,0,-2,-1,-2
5827,5827,1503614306404,3,-7,-7,-7,-5,-3,-5,-2
5828,5828,1503614306413,-2,-6,-5,0,-4,-1,0,3
5829,5829,1503614306427,2,1,1,7,3,1,3,1
5830,5830,1503614306435,-5,3,2,2,2,-1,-1,2
5831,5831,1503614306442,9,22,11,-1,-3,0,0,-3
5832,5832,1503614306458,-21,6,10,1,-1,1,2,16
5833,5833,1503614306465,-4,-3,-2,-2,-3,0,-2,-3
5834,5834,1503614306472,-3,2,4,1,0,-2,3,1
5835,5835,1503614306473,9,5,1,2,0,-1,-1,-3
5836,5836,1503614306488,-5,-3,0,1,3,-1,-2,-2
5837,5837,1503614306496,1,-3,-2,-2,-1,-2,-2,-4
5838,5838,1503614306502,6,-6,-5,-1,0,-1,0,-2
5839,5839,1503614306517,-3,2,0,-5,-1,-2,-3,-13
5840,5840,1503614306525,2,-2,-2,-5,-2,-2,-5,-1
5841,5841,1503614306533,-2,-6,-7,-3,-3,-1,-4,-11
5842,5842,1503614306547,-3,-1,1,-1,-2,-2,-3,-1
5843,5843,1503614306556,4,-2,0,2,-1,1,1,-2
5844,5844,1503614306563,-10,-11,-1,-1,-3,-1,2,-1
5845,5845,1503614306578,15,7,11,-1,-2,-4,11,40
5846,5846,1503614306584,0,-8,-12,-9,-3,-2,-1,2
5847,5847,1503614306599,-31,-10,-5,1,1,1,-6,-9
5848,5848,1503614306607,-2,-6,-3,1,2,-1,2,2
5849,5849,1503614306615,-13,5,1,-1,-2,0,-6,-1
5850,5850,1503614306630,-15,-2,-3,-1,0,0,-6,-12
5851,5851,1503614306637,-13,-1,-2,-3,-4,-2,-3,-15
5852,5852,1503614306645,4,-1,5,5,1,-1,-1,-1
5853,5853,1503614306660,7,2,-4,-3,-3,0,0,-3
5854,5854,1503614306667,4,-6,-10,-8,0,0,2,3
5855,5855,1503614306675,5,-3,-1,4,2,0,0,-6
5856,5856,1503614306682,-1,6,4,1,-3,-2,2,-3
5857,5857,1503614306698,-12,-11,-13,-9,-7,-1,-3,-2
5858,5858,1503614306699,16,-1,-2,-1,0,-1,0,-3
5859,5859,1503614306704,8,-10,-9,0,-2,0,-4,6
5860,5860,1503614306720,15,21,9,2,0,2,-2,4
5861,5861,1503614306727,-11,-1,1,1,-2,1,1,-1
5862,5862,1503614306735,-8,-4,-5,-6,-6,-6,-1,-6
5863,5863,1503614306742,11,3,3,0,0,4,4,0
5864,5864,1503614306758,-5,-10,-9,-3,0,-1,-2,-2
5865,5865,1503614306765,2,25,12,1,0,-3,0,6
5866,5866,1503614306780,21,0,-2,1,2,0,-2,-4
5867,5867,1503614306789,-16,-6,-2,-5,-3,-3,-1,-6
5868,5868,1503614306803,-3,-6,1,-4,-2,0,-3,-2
5869,5869,1503614306810,1,0,-3,0,-1,-2,-1,-4
5870,5870,1503614306825,0,3,0,4,2,2,6,8
5871,5871,1503614306826,-2,1,1,1,-1,0,0,-1
5872,5872,1503614306840,-21,-5,-7,-5,-3,0,-3,17
5873,5873,1503614306847,-8,-2,-1,0,-4,-1,-5,-11
5874,5874,1503614306859,-38,10,9,5,3,2,3,-22
5875,5875,1503614306870,-36,-13,-9,-5,-2,-3,-4,-9
5876,5876,1503614306878,-11,-10,-7,-3,1,-1,0,22
5877,5877,1503614306885,0,11,9,3,4,-2,-5,-18
5878,5878,1503614306900,-8,-9,3,5,3,0,1,6
5879,5879,1503614306907,1,11,-6,-3,0,-1,2,15
5880,5880,1503614306915,29,-1,-2,-3,-2,1,-1,-15
5881,5881,1503614306930,-12,-21,-9,-2,-2,0,-2,-31
5882,5882,1503614306937,8,1,-2,-3,-4,-1,8,18
5883,5883,1503614306944,2,-12,-2,-3,1,3,7,7
5884,5884,1503614306960,-16,5,2,1,-1,-3,-3,-30
5885,5885,1503614306967,23,13,5,-1,0,-1,5,17
5886,5886,1503614306975,-8,-16,-7,-1,-1,-3,-6,-1
5887,5887,1503614306990,38,5,6,4,1,-3,-7,-20
5888,5888,1503614306998,10,4,1,-2,-1,1,4,-1
5889,5889,1503614307004,-18,-11,-2,2,0,-1,-2,-7
5890,5890,1503614307005,4,-13,-12,-7,-5,-3,-5,3
5891,5891,1503614307019,51,7,3,-1,0,-1,-7,-7
5892,5892,1503614307027,39,12,-4,1,-2,-3,-2,12
5893,5893,1503614307035,-15,1,-1,3,1,1,-5,-8
5894,5894,1503614307049,-18,-17,1,-1,1,1,-1,-4
5895,5895,1503614307059,-1,-5,-3,-5,-3,-4,4,-7
5896,5896,1503614307065,-5,-3,-5,-6,-5,-1,6,49
5897,5897,1503614307080,-21,-5,-5,-2,-3,-2,-1,-29
5898,5898,1503614307087,-18,3,3,0,-2,2,-1,-4
5899,5899,1503614307095,-13,22,17,5,1,0,2,0
5900,5900,1503614307110,-9,20,12,-1,-3,1,1,-14
5901,5901,1503614307117,24,-11,-4,7,3,-2,-6,9
5902,5902,1503614307125,-22,-13,-9,1,6,2,0,1
5903,5903,1503614307139,2,-4,-8,-2,10,1,8,19
5904,5904,1503614307147,-1,-19,-9,-5,-4,-2,-5,-34
5905,5905,1503614307156,-12,-7,-4,0,0,-2,-3,-5
5906,5906,1503614307157,37,5,7,-6,-7,-3,-6,9
5907,5907,1503614307170,-4,-2,0,1,-1,-4,-2,-3
5908,5908,1503614307177,11,0,-5,-2,-5,2,-6,-15
5909,5909,1503614307184,26,18,9,6,3,2,1,13
5910,5910,1503614307200,4,-5,-1,3,-1,0,-5,10
5911,5911,1503614307207,61,-9,-2,-3,-4,-2,-1,33
5912,5912,1503614307215,-15,13,13,3,-2,2,-1,-11
5913,5913,1503614307229,2,-17,-10,2,3,-4,2,36
5914,5914,1503614307230,-36,-2,-2,2,5,6,3,6
5915,5915,1503614307238,-11,-13,-13,-10,-8,-6,-4,-2
5916,5916,1503614307244,9,4,6,2,8,-2,1,-7
5917,5917,1503614307262,-46,-20,-12,-8,-8,-4,-3,-4
5918,5918,1503614307267,9,-4,-6,-7,-10,-3,-6,-8
5919,5919,1503614307275,18,8,8,0,1,0,-2,19
5920,5920,1503614307291,-9,-3,-7,-3,-2,-1,4,25
5921,5921,1503614307298,-14,3,8,8,3,0,-2,-31
5922,5922,1503614307305,-19,7,1,-2,-6,-5,-5,-17
5923,5923,1503614307319,-32,-9,-3,-2,0,0,3,-2
5924,5924,1503614307327,11,7,-3,-2,-4,0,0,-15
5925,5925,1503614307335,22,9,0,9,7,-1,2,0
5926,5926,1503614307350,-21,-1,2,-1,-4,-4,-10,0
5927,5927,1503614307359,11,-3,-3,1,7,4,5,12
5928,5928,1503614307365,-14,-15,-11,-5,-4,-1,0,-35
5929,5929,1503614307379,24,23,10,1,-3,-1,-2,35
5930,5930,1503614307380,6,6,2,-3,-2,-1,-3,-9
5931,5931,1503614307387,-20,-7,-4,0,-2,-3,-8,-12
5932,5932,1503614307396,3,8,-6,-3,-4,-1,1,-1
5933,5933,1503614307409,-16,18,8,7,2,-1,1,10
5934,5934,1503614307417,0,-8,-6,-3,-1,-3,-2,-12
5935,5935,1503614307418,-18,-12,-3,-3,-2,-1,-2,4
5936,5936,1503614307426,1,-2,-1,-1,1,-3,-4,3
5937,5937,1503614307439,9,-3,-3,-5,-4,-4,-1,-6
5938,5938,1503614307447,6,-5,-5,2,2,1,0,-9
5939,5939,1503614307455,-35,-6,-10,-5,-6,-3,-9,12
5940,5940,1503614307470,2,-5,-1,-2,2,0,0,4
5941,5941,1503614307477,-16,-6,-3,-3,-2,-2,0,-14
5942,5942,1503614307484,-9,11,9,5,0,0,1,8
5943,5943,1503614307485,9,-9,2,2,0,1,6,22
5944,5944,1503614307500,20,8,14,4,2,1,5,16
5945,5945,1503614307507,0,-8,-1,2,-2,-2,-3,6
5946,5946,1503614307515,12,-1,-4,0,2,3,-3,-15
5947,5947,1503614307530,2,-1,0,0,0,2,4,17
5948,5948,1503614307538,-9,0,-6,-6,-1,2,6,44
5949,5949,1503614307545,0,-2,-6,-6,-4,0,3,-4
5950,5950,1503614307560,-3,9,10,4,-1,-2,-4,-14
5951,5951,1503614307568,-5,-1,0,1,-3,-5,-8,-16
5952,5952,1503614307575,2,-8,-5,-1,-1,-3,-9,13
5953,5953,1503614307590,12,-3,0,-2,-3,-1,-8,-29
5954,5954,1503614307598,-22,-19,-10,-2,-2,-1,-4,-21
5955,5955,1503614307605,-17,3,-3,-4,2,-1,4,1
5956,5956,1503614307620,31,4,-1,4,1,-2,5,13
5957,5957,1503614307627,7,7,6,2,1,2,3,9
5958,5958,1503614307635,35,10,-1,-4,-5,-2,7,33
5959,5959,1503614307649,0,3,-2,2,0,4,4,22
5960,5960,1503614307659,5,-1,0,-2,-3,-2,3,9
5961,5961,1503614307665,-9,4,7,-2,0,-3,-4,21
5962,5962,1503614307680,-6,0,-2,-2,2,0,2,3
5963,5963,1503614307687,-6,11,-2,-3,-2,1,-1,21
5964,5964,1503614307702,-13,-2,-2,0,1,-2,-11,-32
5965,5965,1503614307709,-11,-6,-8,-2,-2,-1,-6,-35
5966,5966,1503614307717,-6,1,1,-3,0,-1,2,-27
5967,5967,1503614307732,-29,-13,-2,2,1,-1,-3,-19
5968,5968,1503614307740,-17,-19,-14,-9,-6,0,1,-52
5969,5969,1503614307747,27,5,5,1,-1,-2,2,9
5970,5970,1503614307763,3,5,6,2,-2,-2,0,-2
5971,5971,1503614307769,-9,3,-2,1,0,-1,-2,-13
5972,5972,1503614307770,-9,-13,-12,-4,-2,-2,0,-3
5973,5973,1503614307777,4,9,4,2,1,-2,-2,-8
5974,5974,1503614307794,3,-8,-1,-1,-1,4,4,-7
5975,5975,1503614307800,11,8,8,1,-1,0,-1,16
5976,5976,1503614307807,8,-1,-6,-1,-2,0,1,-3
5977,5977,1503614307822,9,2,1,4,1,-1,-1,16
5978,5978,1503614307830,14,1,-1,-4,-5,1,1,11
5979,5979,1503614307838,6,-1,-3,3,1,-2,8,50
5980,5980,1503614307852,-30,-3,3,-2,-2,0,-4,-14
5981,5981,1503614307862,-2,-5,-11,-4,-8,0,0,-12
5982,5982,1503614307867,5,4,4,6,4,2,11,44
5983,5983,1503614307882,-1,0,2,-3,-1,-2,-5,-12
5984,5984,1503614307890,13,-11,-12,-3,1,1,-4,-17
5985,5985,1503614307898,3,-14,-15,-3,-3,-1,-2,3
5986,5986,1503614307912,-1,-6,-5,-3,2,-3,-1,-8
5987,5987,1503614307920,-12,-6,-4,-3,-1,-1,-4,-6
5988,5988,1503614307929,-4,5,3,-1,-2,-3,-3,-12
5989,5989,1503614307942,-13,-5,-4,-4,2,0,-3,16
5990,5990,1503614307949,39,19,15,6,2,0,1,13
5991,5991,1503614307957,-22,-9,-5,-4,-2,0,-5,-27
5992,5992,1503614307972,-21,-27,-12,-4,-4,-3,-5,-14
5993,5993,1503614307986,12,-3,-3,0,0,-2,4,6
5994,5994,1503614307988,2,-4,-3,1,0,-3,-5,-6
5995,5995,1503614308002,-1,0,2,1,1,-1,-2,1
5996,5996,1503614308009,-1,17,6,2,3,-1,0,-1
5997,5997,1503614308018,1,4,7,0,-1,1,0,-3
5998,5998,1503614308032,22,0,-4,0,-3,1,3,21
5999,5999,1503614308040,-2,9,3,1,1,1,-3,-9
6000,6000,1503614308047,0,-2,-4,-2,1,-2,-2,-8
6001,6001,1503614308062,-7,-14,-10,-8,-3,-2,-1,5
6002,6002,1503614308076,-2,-3,-7,-2,1,1,-1,-9
6003,6003,1503614308078,8,22,11,1,2,2,3,-1
6004,6004,1503614308092,-18,-2,0,-5,-4,-2,1,-3
6005,6005,1503614308100,8,-8,-6,-3,-3,-5,-2,5
6006,6006,1503614308107,-6,5,14,3,1,0,-2,-7
6007,6007,1503614308122,6,-3,1,1,0,-1,-2,-21
6008,6008,1503614308130,-3,31,15,3,2,-2,-2,17
6009,6009,1503614308138,-5,-3,-1,1,-1,-3,-3,0
6010,6010,1503614308152,-10,-18,-18,-8,-3,-1,-2,-2
6011,6011,1503614308162,4,11,2,2,1,0,1,-1
6012,6012,1503614308168,3,-9,-7,-3,-3,-1,-1,-5
6013,6013,1503614308182,-5,-4,-7,1,-1,1,0,-1
6014,6014,1503614308190,5,4,3,4,1,-1,0,-3
6015,6015,1503614308198,1,-1,0,-1,-2,-1,0,6
6016,6016,1503614308212,3,1,2,-2,0,-1,1,-5
6017,6017,1503614308220,3,2,-1,0,1,-2,-1,4
6018,6018,1503614308228,-5,-2,-7,-3,-3,-1,-3,5
6019,6019,1503614308242,-2,-4,0,-1,1,2,-1,-2
6020,6020,1503614308249,-9,-5,-2,-2,0,2,0,-3
6021,6021,1503614308264,-9,7,7,2,-1,-2,-2,-5
6022,6022,1503614308272,-9,5,-4,0,0,-2,-2,-9
6023,6023,1503614308280,-2,3,-4,-3,-2,1,0,3
6024,6024,1503614308287,0,-2,-1,-2,-1,1,0,-2
6025,6025,1503614308302,4,-2,1,-2,0,3,-1,5
6026,6026,1503614308309,-4,-7,-4,0,1,0,-5,-11
6027,6027,1503614308310,3,3,3,0,0,-3,2,12
6028,6028,1503614308317,2,-12,-12,-4,-3,-3,-1,-2
6029,6029,1503614308333,2,6,18,5,0,-1,-4,-3
6030,6030,1503614308340,-1,-4,2,0,-1,-3,2,0
6031,6031,1503614308347,4,18,10,3,0,0,-1,0
6032,6032,1503614308363,2,12,5,0,1,0,0,-2
6033,6033,1503614308370,-1,-7,-3,-2,1,0,-1,-3
6034,6034,1503614308377,-3,-7,0,-1,-3,-1,-3,5
6035,6035,1503614308392,1,6,9,2,-2,-3,-1,0
6036,6036,1503614308400,3,-6,-4,0,0,-1,-1,-1
6037,6037,1503614308407,-1,-7,-9,-1,-1,-1,-1,-6
6038,6038,1503614308422,-1,-4,-2,-2,-1,-1,-1,-4
6039,6039,1503614308431,0,9,8,0,-1,0,1,-6
6040,6040,1503614308437,-1,0,-4,-1,-1,-1,-1,-3
6041,6041,1503614308452,-6,-9,-8,-3,0,1,-3,0
6042,6042,1503614308460,-1,5,4,0,1,-1,0,0
6043,6043,1503614308467,4,2,3,2,0,0,0,-1
6044,6044,1503614308482,-3,-6,-6,-3,0,2,1,-1
6045,6045,1503614308489,-11,-8,-10,-2,-2,-2,0,-1
6046,6046,1503614308498,1,3,10,1,0,-2,1,1
6047,6047,1503614308512,-2,-8,-5,-4,-1,0,0,2
6048,6048,1503614308520,2,-2,-3,-2,-1,1,-1,-1
6049,6049,1503614308527,-2,-7,-15,-5,-4,-4,-3,-3
6050,6050,1503614308542,2,-1,0,2,0,-3,0,-1
6051,6051,1503614308550,11,28,11,4,3,2,0,13
6052,6052,1503614308557,4,6,3,1,-1,2,1,4
6053,6053,1503614308573,-4,-14,-8,-4,-1,-1,-1,-5
6054,6054,1503614308580,0,1,0,-1,-2,0,-1,-1
6055,6055,1503614308587,4,-4,-3,-1,0,0,1,12
6056,6056,1503614308602,-12,-5,0,-3,-3,-4,-3,-1
6057,6057,1503614308609,-3,-10,-5,-2,-2,-3,-2,-9
6058,6058,1503614308624,2,-10,-16,-4,-1,-1,-1,12
6059,6059,1503614308632,0,-10,-6,-3,-3,1,2,-1
6060,6060,1503614308640,-3,-6,-6,-2,-2,-2,-3,-5
6061,6061,1503614308654,-11,-2,-5,0,1,-2,-5,-27
6062,6062,1503614308662,5,22,15,4,-1,-1,2,-4
6063,6063,1503614308669,4,-2,-3,-1,-2,-3,0,2
6064,6064,1503614308684,-8,-5,-3,-2,-2,-1,-1,-4
6065,6065,1503614308692,-13,6,13,7,2,2,-1,-16
6066,6066,1503614308700,8,-2,-3,0,0,-1,-1,-1
6067,6067,1503614308714,8,7,-1,-6,-2,-1,0,5
6068,6068,1503614308722,1,8,15,3,1,0,0,6
6069,6069,1503614308731,-4,-5,1,-1,0,-2,-4,3
6070,6070,1503614308744,0,-5,-5,-1,-2,0,-2,-3
6071,6071,1503614308752,7,-4,-1,-1,-1,0,1,3
6072,6072,1503614308760,-6,-5,-3,-1,0,0,-1,-7
6073,6073,1503614308774,1,1,0,0,0,0,1,5
6074,6074,1503614308782,4,7,-3,0,-2,-1,1,-4
6075,6075,1503614308789,4,4,6,1,0,-1,-1,-1
6076,6076,1503614308805,-3,-4,1,-1,1,1,2,7
6077,6077,1503614308812,1,-1,-7,-3,-2,-2,-1,3
6078,6078,1503614308827,-1,1,5,1,-1,0,1,0
6079,6079,1503614308834,4,-1,-2,-2,0,-1,1,0
6080,6080,1503614308842,3,0,-6,-2,-1,0,-2,0
6081,6081,1503614308849,-8,-6,-1,0,-1,0,-1,-5
6082,6082,1503614308867,1,5,8,1,-3,0,-2,3
6083,6083,1503614308872,-4,-5,-5,-3,-1,-1,1,-1
6084,6084,1503614308880,-8,-5,-3,-3,-1,-5,-3,-8
6085,6085,1503614308894,6,3,3,0,0,-1,-2,2
6086,6086,1503614308908,0,1,-2,-4,0,1,-1,-2
6087,6087,1503614308917,3,-2,1,-1,0,0,-2,3
6088,6088,1503614308925,-2,-3,-1,1,-1,-2,-2,0
6089,6089,1503614308935,-10,-1,-6,-2,-1,-1,0,-3
6090,6090,1503614308940,-3,-5,-6,-4,-1,-2,0,-5
6091,6091,1503614308954,2,0,-1,0,-1,-1,0,2
6092,6092,1503614308962,-2,-3,-3,3,2,-2,-1,-1
6093,6093,1503614308970,2,15,16,3,0,1,0,1
6094,6094,1503614308985,-2,7,0,-1,0,2,1,-1
6095,6095,1503614308992,-2,-8,-7,-3,-3,-1,0,-4
6096,6096,1503614309003,-5,0,1,0,-2,-2,0,-2
6097,6097,1503614309014,-1,1,-3,0,1,-1,-2,-1
6098,6098,1503614309022,2,-3,-4,-1,-2,-2,-1,-1
6099,6099,1503614309029,-1,-3,-1,0,-1,-2,-6,-5
6100,6100,1503614309045,4,-2,-5,-3,-2,-1,-2,0
6101,6101,1503614309052,0,0,-2,-2,-1,0,1,4
6102,6102,1503614309060,-4,-5,1,1,0,-1,-1,0
6103,6103,1503614309074,-1,5,8,2,1,-2,-1,0
6104,6104,1503614309082,0,-2,-2,-1,1,-1,-1,-2
6105,6105,1503614309089,1,1,-4,-2,-3,2,-1,1
6106,6106,1503614309105,-9,-10,-6,-1,-1,0,-1,-2
6107,6107,1503614309112,9,3,6,3,2,-1,2,3
6108,6108,1503614309120,1,1,0,0,-1,0,-1,-4
6109,6109,1503614309134,-7,-5,-6,-4,-2,-3,-3,2
6110,6110,1503614309142,-2,-9,-4,-1,-1,0,-2,-2
6111,6111,1503614309149,13,5,7,-1,1,1,5,18
6112,6112,1503614309164,3,5,-1,0,0,-1,-1,3
6113,6113,1503614309172,-8,-3,-7,0,-2,-1,-3,-9
6114,6114,1503614309180,2,-1,0,-1,-2,1,-1,-3
6115,6115,1503614309194,-2,-5,-8,-2,-1,0,-2,-5
6116,6116,1503614309202,-1,12,8,1,-1,-2,-3,0
6117,6117,1503614309210,-5,-6,-5,-3,-1,-3,-1,-5
6118,6118,1503614309225,-3,-2,-3,0,-1,-1,-3,0
6119,6119,1503614309234,-2,6,-1,-4,-3,-3,-2,-3
6120,6120,1503614309242,2,8,-2,0,-3,0,1,0
6121,6121,1503614309254,-4,-14,-12,-3,-2,-1,-2,-5
6122,6122,1503614309262,2,-4,-3,-2,2,-1,1,0
6123,6123,1503614309270,-8,-6,-3,-3,-3,1,-1,-6
6124,6124,1503614309284,-2,-5,0,0,0,-2,0,-2
6125,6125,1503614309292,1,0,-5,-1,-1,-3,-1,2
6126,6126,1503614309306,1,-2,-1,0,-1,-1,-2,1
6127,6127,1503614309314,1,4,3,2,2,-1,-1,0
6128,6128,1503614309322,-2,-4,-3,-3,-2,-1,1,-1
6129,6129,1503614309329,-2,-2,-1,-2,0,0,0,-2
6130,6130,1503614309351,5,0,-1,1,0,0,-2,1
6131,6131,1503614309352,1,0,3,0,0,-2,0,-2
6132,6132,1503614309360,-1,-2,-3,-2,0,1,2,-1
6133,6133,1503614309374,-2,1,0,2,-1,-1,-2,-3
6134,6134,1503614309382,-3,-4,-2,0,-2,-2,0,-3
6135,6135,1503614309389,1,-1,-1,0,1,-3,-3,-3
6136,6136,1503614309405,-3,-2,0,-3,-1,-2,-2,-1
6137,6137,1503614309412,-3,-5,-3,-1,-2,2,0,-1
6138,6138,1503614309420,-2,-2,0,1,-1,1,1,-1
6139,6139,1503614309436,1,5,8,1,-2,0,1,2
6140,6140,1503614309442,-7,-11,-10,-6,0,-4,-2,-6
6141,6141,1503614309449,-1,-9,-11,-1,0,-1,1,13
6142,6142,1503614309464,2,2,0,-2,-1,0,-2,2
6143,6143,1503614309472,-2,-1,1,-1,-1,-2,-3,-7
6144,6144,1503614309480,3,14,-2,-1,0,-1,-2,1
6145,6145,1503614309494,4,-2,1,1,-1,-1,2,1
6146,6146,1503614309495,0,2,1,-1,-1,1,1,-1
6147,6147,1503614309503,-5,-4,2,-3,0,0,-1,-3
6148,6148,1503614309509,0,2,-3,-2,0,-1,-1,-4
6149,6149,1503614309524,1,9,6,3,-1,0,-2,-1
6150,6150,1503614309532,-2,-3,1,-1,-1,-2,0,0
6151,6151,1503614309554,0,-2,3,0,-1,-2,-1,-5
6152,6152,1503614309562,5,12,9,2,1,0,0,-4
6153,6153,1503614309576,-6,-4,4,-2,-2,-2,-1,-1
6154,6154,1503614309584,3,-4,1,3,-1,-1,-1,2
6155,6155,1503614309592,-6,-16,-9,-3,-2,1,-1,-1
6156,6156,1503614309607,-5,-12,-9,-2,-2,-1,-3,-6
6157,6157,1503614309614,0,0,-1,-4,0,0,1,-1
6158,6158,1503614309622,-1,-6,-4,-3,-2,0,1,1
6159,6159,1503614309636,-2,4,10,3,1,0,-2,-1
6160,6160,1503614309637,-2,-4,-17,-5,-3,-3,-2,1
6161,6161,1503614309645,-2,-4,-7,-5,-2,-1,-1,0
6162,6162,1503614309652,-2,6,9,0,2,1,0,-1
6163,6163,1503614309667,-4,-6,-1,0,-2,-2,0,2
6164,6164,1503614309674,1,-10,-3,4,2,-2,-1,0
6165,6165,1503614309682,0,-3,-1,-1,0,1,0,6
6166,6166,1503614309696,1,10,4,1,-1,3,0,-2
6167,6167,1503614309705,0,-4,-5,-1,-1,-4,-3,5
6168,6168,1503614309712,0,-7,-4,-5,-3,-1,-2,10
6169,6169,1503614309727,-2,8,9,3,0,0,1,-1
6170,6170,1503614309734,1,3,-3,0,-2,0,-3,-2
6171,6171,1503614309742,-7,-8,-6,-4,-2,-1,-2,-1
6172,6172,1503614309756,0,-1,0,-1,-1,-2,0,-2
6173,6173,1503614309764,-7,-4,-4,0,0,-2,-1,1
6174,6174,1503614309772,3,12,4,3,1,0,-1,-5
6175,6175,1503614309787,0,2,-3,-3,-2,1,-2,1
6176,6176,1503614309794,-4,-3,4,0,-2,2,0,0
6177,6177,1503614309805,1,-5,-5,-2,-1,0,-3,-13
6178,6178,1503614309816,1,3,-2,-2,-1,0,0,-1
6179,6179,1503614309824,-1,8,1,0,0,0,-1,-2
6180,6180,1503614309832,2,0,-2,-2,-3,-2,-1,1
6181,6181,1503614309847,1,1,5,0,-1,-3,0,6
6182,6182,1503614309853,2,4,4,-1,0,1,-2,2
6183,6183,1503614309862,3,6,1,-2,-2,0,-1,0
6184,6184,1503614309876,-4,-8,-2,1,-1,-3,0,-3
6185,6185,1503614309884,0,-7,-1,0,1,0,3,3
6186,6186,1503614309892,-1,-1,-3,-1,0,-4,-1,-5
6187,6187,1503614309907,-2,-9,-13,-1,-2,-2,-2,-3
6188,6188,1503614309914,3,-3,-3,-2,-1,0,3,2
6189,6189,1503614309922,0,0,1,0,0,0,1,-4
6190,6190,1503614309938,-6,-2,3,2,-1,-2,-1,1
6191,6191,1503614309945,0,0,2,-2,-1,-1,-1,-3
6192,6192,1503614309952,-2,-2,-2,0,1,-1,0,0
6193,6193,1503614309967,2,10,9,2,-1,-2,-3,-2
6194,6194,1503614309974,0,-2,-3,-3,-1,0,0,-2
6195,6195,1503614309982,-2,-5,-8,-1,-1,-2,0,2
6196,6196,1503614309996,1,4,-2,0,0,2,-1,-3
6197,6197,1503614310006,2,0,0,-1,-1,1,0,3
6198,6198,1503614310012,-1,-3,-5,-2,-2,-4,-1,-9
6199,6199,1503614310027,-2,-8,-4,-1,0,-2,1,-5
6200,6200,1503614310034,7,6,0,-3,-3,-3,-5,3
6201,6201,1503614310042,-1,3,1,-2,-1,0,-1,-2
6202,6202,1503614310056,-5,0,2,3,3,-1,-2,-3
6203,6203,1503614310064,1,-1,-5,-1,-2,-1,0,-1
6204,6204,1503614310065,-4,-4,0,-1,1,0,0,-1
6205,6205,1503614310072,1,2,6,-1,-1,0,0,3
6206,6206,1503614310087,-6,-4,-2,-1,-2,-1,-3,-1
6207,6207,1503614310094,0,4,10,5,0,0,1,3
6208,6208,1503614310102,-1,0,4,0,-1,-3,-1,0
6209,6209,1503614310116,-1,-2,-2,0,-1,1,-1,1
6210,6210,1503614310124,4,5,-2,-1,1,-2,-2,0
6211,6211,1503614310132,-2,-4,-4,-2,1,-1,0,-2
6212,6212,1503614310147,-1,2,-1,-1,0,-1,0,-1
6213,6213,1503614310153,-1,1,-1,-2,-2,1,-1,-2
6312,6312,1503614311137,1,3,4,-2,-1,-1,2,7
6313,6313,1503614311144,4,9,12,4,0,1,-3,2
6314,6314,1503614311160,-1,0,12,3,1,-1,-1,-6
6315,6315,1503614311167,-9,-8,-8,-6,-3,0,-1,-8
6316,6316,1503614311182,-9,-5,-3,1,0,0,-4,-24
6317,6317,1503614311189,1,6,3,0,0,-3,-3,-20
6318,6318,1503614311197,-2,-10,-8,-5,-3,-1,-3,-2
6319,6319,1503614311205,-2,-11,-9,-3,0,-2,-2,-3
6320,6320,1503614311220,2,-3,0,-3,-1,-1,1,9
6321,6321,1503614311227,20,24,18,7,1,2,6,34
6322,6322,1503614311244,0,1,-4,-1,-1,-4,-2,-5
6323,6323,1503614311249,-6,8,19,-4,-1,-1,-5,-29
6324,6324,1503614311258,-3,-1,-1,-2,-1,-1,-1,-4
6325,6325,1503614311265,-5,-3,-10,1,-2,-1,-1,-8
6326,6326,1503614311280,0,6,-1,1,-3,-2,-1,-6
6327,6327,1503614311287,-15,-16,-9,-5,0,1,-3,-10
6328,6328,1503614311302,5,2,2,-1,-1,-2,1,-13
6329,6329,1503614311310,1,-10,-9,-1,-2,0,-2,-3
6330,6330,1503614311318,-7,-9,-6,-5,-1,-3,-3,-6
6331,6331,1503614311324,5,10,9,4,0,-1,4,11
6332,6332,1503614311325,-11,-10,-4,-2,-2,-2,-3,-9
6333,6333,1503614311340,9,11,8,2,3,3,1,9
6334,6334,1503614311355,-1,-10,-12,-2,-1,-1,0,6
6335,6335,1503614311362,-3,5,-5,2,-3,-3,-1,-4
6336,6336,1503614311369,-4,-7,-9,-4,-2,-3,0,9
6337,6337,1503614311379,0,-6,-7,-6,-3,-1,-4,-5
6338,6338,1503614311385,3,9,7,2,-1,1,3,3
6339,6339,1503614311400,-8,-10,-7,-3,-1,-3,-1,1
6340,6340,1503614311407,6,6,2,1,-2,-3,-1,-2
6341,6341,1503614311422,3,-1,-2,2,0,1,1,-22
6342,6342,1503614311429,4,2,4,-1,2,-3,1,-5
6343,6343,1503614311437,-7,-13,-10,-3,0,-3,2,13
6344,6344,1503614311452,-7,-10,-7,-8,-1,1,-2,-10
6345,6345,1503614311460,7,4,7,-3,0,2,-1,1
6346,6346,1503614311467,1,16,11,3,0,0,-1,3
6347,6347,1503614311482,-13,2,-1,3,2,1,-1,1
6348,6348,1503614311489,-2,-16,-14,-5,-2,-2,-2,7
6349,6349,1503614311497,-3,-5,-3,-1,-4,-2,-1,4
6350,6350,1503614311513,-7,-3,-2,-4,-3,-6,-3,-16
6351,6351,1503614311520,1,-11,-1,3,0,2,1,-7
6352,6352,1503614311527,-3,-11,-11,1,-1,4,-6,-6
6353,6353,1503614311542,-7,11,8,3,2,-1,-5,-20
6354,6354,1503614311550,-9,-3,2,1,-2,-4,-1,-1
6355,6355,1503614311557,-2,2,1,-2,1,-1,-5,-4
6356,6356,1503614311572,12,27,13,2,1,4,5,24
6357,6357,1503614311581,1,1,1,-3,-2,-2,-1,4
6358,6358,1503614311588,2,-5,-5,-3,-2,-5,-3,-14
6359,6359,1503614311602,5,-2,-5,0,-3,-1,-1,17
6360,6360,1503614311609,3,0,5,8,0,0,0,-6
6361,6361,1503614311618,-14,-6,-4,-2,-2,-3,-2,-15
6362,6362,1503614311632,4,7,8,3,1,0,0,-24
6363,6363,1503614311640,6,-3,-3,1,0,-1,4,5
6364,6364,1503614311647,9,-8,-13,-6,-3,0,2,-4
6365,6365,1503614311662,13,10,-2,-3,-3,-3,-6,-22
6366,6366,1503614311670,21,-5,-6,-1,-2,2,4,36
6367,6367,1503614311677,-27,-11,-7,1,2,4,-4,-31
6368,6368,1503614311678,45,20,5,-5,-5,-2,10,39
6369,6369,1503614311692,-26,-1,2,-1,2,-2,-1,3
6370,6370,1503614311700,-11,-7,5,5,1,1,-4,1
6371,6371,1503614311707,-11,-7,-6,-4,-4,-6,-7,-7
6372,6372,1503614311723,-14,-9,-8,-2,1,-1,-3,-8
6373,6373,1503614311729,5,9,5,0,-2,1,1,-5
6374,6374,1503614311730,-15,-5,-3,-4,2,3,-1,-20
6375,6375,1503614311738,-20,-13,-5,-2,-3,-2,0,0
6376,6376,1503614311752,-12,-12,-5,-3,-3,-4,-6,-11
6377,6377,1503614311760,-12,-5,-3,1,0,0,-3,2
6378,6378,1503614311767,1,14,20,2,0,-1,-3,4
6379,6379,1503614311783,-35,-5,2,2,2,3,-1,-7
6380,6380,1503614311790,5,-8,-11,-1,-2,-3,0,33
6381,6381,1503614311797,24,22,19,2,0,0,2,13
6382,6382,1503614311815,-9,4,3,-1,-1,-1,-1,-13
6383,6383,1503614311820,22,-8,-9,-1,0,-1,-2,15
6384,6384,1503614311827,8,1,1,1,0,0,4,-6
6385,6385,1503614311842,-10,0,-1,0,-3,-3,-1,-22
6386,6386,1503614311850,11,4,3,5,2,1,4,6
6387,6387,1503614311858,26,-3,-9,-7,-2,0,-2,8
6388,6388,1503614311872,-18,-3,-3,-1,2,0,-7,-18
6389,6389,1503614311882,10,-4,-2,-3,-2,-3,-2,15
6390,6390,1503614311887,-2,-4,-6,-2,-4,-2,3,5
6391,6391,1503614311902,29,-3,-3,-1,2,4,1,-40
6392,6392,1503614311909,-28,-7,-6,-6,-3,0,10,23
6393,6393,1503614311910,26,14,7,1,0,0,-5,-13
6394,6394,1503614311926,-3,0,6,1,-1,-3,-5,-10
6395,6395,1503614311932,4,-8,-10,-2,-1,3,7,29
6396,6396,1503614311950,-7,-5,-6,-6,-4,-4,-6,-18
6397,6397,1503614311962,-23,1,-4,-4,-1,-2,-3,-9
6398,6398,1503614311969,20,-2,4,2,0,-1,-2,17
6399,6399,1503614311970,-23,-8,-4,-3,1,1,1,3
6400,6400,1503614311977,-22,-3,-2,-1,-2,-1,1,21
6401,6401,1503614311992,-8,-8,0,0,1,-2,-5,-19
6402,6402,1503614312000,-11,-5,-5,-1,-1,-2,2,16
6403,6403,1503614312007,0,-8,-8,-4,-3,-1,-2,13
6404,6404,1503614312022,-8,2,2,2,0,1,2,3
6405,6405,1503614312030,2,17,10,1,1,0,-1,-10
6406,6406,1503614312037,-43,9,9,5,0,-1,-9,-15
6407,6407,1503614312052,5,2,-3,-3,0,0,-3,-11
6408,6408,1503614312060,6,-11,-6,-4,0,2,-4,8
6409,6409,1503614312067,-4,0,4,0,-2,-3,-2,-40
6410,6410,1503614312084,-2,-4,-4,-2,0,-1,2,-6
6411,6411,1503614312089,-2,16,8,3,1,-1,5,16
6412,6412,1503614312097,22,31,10,4,2,0,-2,3
6413,6413,1503614312112,-15,-1,-6,0,0,-3,-7,-14
6414,6414,1503614312120,-3,-2,3,-3,-2,-2,0,-1
6415,6415,1503614312127,-7,-9,-4,-1,2,3,5,6
6416,6416,1503614312142,11,-8,-5,-4,-3,-3,1,11
6417,6417,1503614312150,11,-1,-2,1,0,-1,-3,1
6418,6418,1503614312157,17,0,-1,-1,0,0,0,-9
6419,6419,1503614312172,-5,-10,-6,-3,-7,-3,0,14
6420,6420,1503614312180,-3,-9,-12,-3,-7,0,-1,-8
6421,6421,1503614312187,-2,-8,-8,-2,-3,-1,-1,-15
6422,6422,1503614312202,-16,-5,9,1,0,3,0,-9
6423,6423,1503614312209,29,4,6,2,2,3,4,11
6424,6424,1503614312218,14,0,2,1,1,-3,0,-1
6425,6425,1503614312232,-8,-2,-3,-3,-1,-4,-3,-4
6426,6426,1503614312240,-4,1,-1,-1,-3,-2,-2,2
6427,6427,1503614312247,24,15,3,2,2,-2,4,16
6428,6428,1503614312262,-1,-10,-8,-1,-2,-1,1,0
6429,6429,1503614312269,1,-7,3,1,-2,-1,-3,6
6430,6430,1503614312277,7,29,20,6,1,0,-2,-3
6431,6431,1503614312292,2,-3,-2,-4,-1,0,-8,-23
6432,6432,1503614312300,-13,-15,-9,-6,8,0,-11,-34
6433,6433,1503614312307,-38,-1,2,1,0,-4,-3,13
6434,6434,1503614312323,19,-4,-9,-4,-7,-3,3,5
6435,6435,1503614312329,-23,-21,-13,-3,1,1,3,26
6436,6436,1503614312337,11,7,1,0,0,1,2,13
6437,6437,1503614312352,15,12,2,0,-3,-1,6,36
6438,6438,1503614312360,-1,17,11,1,0,0,3,2
6439,6439,1503614312374,-37,-8,-4,-4,-2,-1,-4,-21
6440,6440,1503614312383,4,-5,-7,-1,-1,-3,-3,-4
6441,6441,1503614312390,11,5,4,1,-2,1,6,41
6442,6442,1503614312404,-3,-12,-5,-2,-3,-4,1,16
6443,6443,1503614312412,1,-3,-4,-1,-1,-2,-5,-22
6444,6444,1503614312420,-2,5,4,1,2,3,1,-1
6445,6445,1503614312434,3,-11,-7,-3,-2,-1,-5,-19
6446,6446,1503614312442,-3,12,13,3,1,0,0,-10
6447,6447,1503614312451,11,-1,-3,-2,-3,0,3,-10
6448,6448,1503614312464,-15,-14,-12,-5,-3,-2,-4,-3
6449,6449,1503614312472,18,1,2,0,2,3,7,38
6450,6450,1503614312480,7,-8,-9,-4,-1,-2,-2,12
6451,6451,1503614312494,15,17,4,-2,0,-2,0,-4
6452,6452,1503614312502,-4,-7,-5,0,-2,-1,-6,-20
6453,6453,1503614312509,9,2,4,1,1,2,0,-12
6454,6454,1503614312524,-17,-21,-7,-2,-2,-4,-5,-38
6455,6455,1503614312532,-1,-2,-1,-2,-1,-1,-5,-17
6456,6456,1503614312540,6,-5,1,2,1,4,7,60
6457,6457,1503614312554,2,5,6,2,-1,-3,-3,-1
6458,6458,1503614312562,7,10,1,0,-1,0,-4,-9
6459,6459,1503614312569,-7,-2,-13,-4,-3,-3,-9,-17
6460,6460,1503614312585,-1,-6,-4,-1,-2,1,1,19
6461,6461,1503614312593,-14,3,9,2,2,-4,-1,-16
6462,6462,1503614312600,-4,-4,-6,-2,0,0,-2,-23
6463,6463,1503614312614,-8,-1,-3,-3,-2,-3,0,17
6464,6464,1503614312622,-6,5,8,3,0,0,0,-5
6465,6465,1503614312629,0,-3,1,3,0,3,2,9
6466,6466,1503614312644,-12,-8,-5,-4,-5,-2,-6,-23
6467,6467,1503614312652,19,15,4,3,0,-1,-3,-6
6468,6468,1503614312660,0,2,-3,0,0,1,6,18
6469,6469,1503614312675,-9,-12,-9,-3,-1,4,1,19
6470,6470,1503614312682,19,23,15,3,0,-1,2,25
6471,6471,1503614312691,5,8,10,-3,-1,0,1,-6
6472,6472,1503614312704,-13,-8,-6,-1,-1,-1,-6,-32
6473,6473,1503614312712,-6,-12,-8,-2,0,-4,-2,-9
6474,6474,1503614312720,-5,-11,-4,-2,-3,-5,-7,-23
6475,6475,1503614312734,7,-7,-8,-2,-1,0,7,41
6476,6476,1503614312742,-3,-7,-6,-1,0,-1,2,18
6477,6477,1503614312749,1,-10,-6,-2,-1,2,-2,-12
6478,6478,1503614312765,3,-17,-9,-2,-1,-1,1,13
6479,6479,1503614312772,-11,-10,-5,-1,-1,-1,-1,-9
6480,6480,1503614312780,3,4,1,0,-1,0,-1,3
6481,6481,1503614312795,-10,-6,-2,1,-2,-1,-3,-37
6482,6482,1503614312802,0,16,7,1,1,-1,-1,-5
6483,6483,1503614312809,-4,2,2,2,0,-2,-5,-14
6484,6484,1503614312824,4,1,-2,-2,-1,-2,8,28
6485,6485,1503614312832,4,13,10,3,-1,0,1,-10
6486,6486,1503614312840,-4,-7,2,-3,0,0,0,3
6487,6487,1503614312854,7,6,-3,-1,0,-1,3,40
6488,6488,1503614312862,0,12,5,1,-1,-3,-3,-12
6489,6489,1503614312869,-7,-2,-2,-1,-4,-3,-4,-17
6490,6490,1503614312886,-6,-11,-10,-6,-1,0,1,7
6491,6491,1503614312892,-2,0,3,4,2,-1,1,-4
6492,6492,1503614312900,-2,-5,1,-5,-4,0,0,-5
6493,6493,1503614312914,-7,-8,-9,-2,-3,-3,-3,0
6494,6494,1503614312923,10,28,12,1,0,2,-2,-8
6495,6495,1503614312929,4,5,1,-2,0,-1,1,-7
6496,6496,1503614312944,-3,-6,-6,-1,-3,-3,-1,-3
6497,6497,1503614312953,12,-4,0,-2,-1,-2,2,29
6498,6498,1503614312960,-1,-4,-4,3,-1,0,-4,-4
6499,6499,1503614312974,0,7,2,-2,-2,-5,-5,-14
6500,6500,1503614312982,-1,3,1,1,0,-1,-4,0
6501,6501,1503614312989,-5,-12,-7,-1,0,1,3,4
6502,6502,1503614312990,4,10,-1,-1,0,2,0,-2
6503,6503,1503614313004,-8,-12,-7,-2,-1,-1,-4,-15
6504,6504,1503614313012,-4,-9,-4,-2,-2,-3,4,-2
6505,6505,1503614313023,-2,-9,-5,-4,-2,-1,0,-8
6506,6506,1503614313034,2,6,4,0,1,0,-2,1
6507,6507,1503614313042,-1,-4,-2,0,1,-4,-2,-3
6508,6508,1503614313049,-7,-17,-9,-3,-2,-2,-4,-25
6509,6509,1503614313064,-2,-11,-6,-1,-3,-1,-3,-6
6510,6510,1503614313072,-12,-13,-4,1,1,0,-2,-24
6511,6511,1503614313080,-7,0,-6,-2,-3,-1,-1,-15
6512,6512,1503614313094,0,18,13,3,1,0,-3,-4
6513,6513,1503614313109,3,4,5,4,1,1,1,8
6514,6514,1503614313110,6,1,-2,-1,0,2,2,10
6515,6515,1503614313124,-4,-7,-4,-1,1,0,0,-2
6516,6516,1503614313132,-5,-19,-12,-3,-4,-1,-3,7
6517,6517,1503614313140,-1,7,-2,-1,-3,-1,5,13
6518,6518,1503614313154,7,4,-3,-1,-1,-1,-1,5
6519,6519,1503614313163,8,22,22,7,5,2,0,-1
6520,6520,1503614313169,-3,-9,-3,-1,-3,-1,-1,13
6521,6521,1503614313191,10,13,0,-1,1,-1,-1,-11
6522,6522,1503614313192,-1,-2,-2,-5,-2,0,-4,-14
6523,6523,1503614313193,-5,3,1,-1,0,0,-3,-9
6524,6524,1503614313200,7,-1,-2,-1,-3,-1,2,7
6525,6525,1503614313222,1,-1,1,0,0,-4,0,2
6526,6526,1503614313224,-2,-10,-6,-3,-3,-1,0,13
6527,6527,1503614313230,2,-1,1,-1,-1,0,0,-3
6528,6528,1503614313245,-8,-10,-4,-2,-1,-1,-3,-12
6529,6529,1503614313252,14,-10,-10,-5,-3,-3,-6,45
6530,6530,1503614313260,-3,-8,-6,1,-1,-2,-2,4
6531,6531,1503614313274,-2,18,15,4,0,1,1,-13
6532,6532,1503614313282,1,2,-1,4,1,-1,-2,6
6533,6533,1503614313296,-6,-6,-6,-3,-1,-1,2,-7
6534,6534,1503614313304,-3,-8,-1,-2,-2,-3,-1,-8
6535,6535,1503614313312,2,2,-3,-1,1,0,-2,-5
6536,6536,1503614313328,1,-15,-7,-2,-3,-1,2,-8
6537,6537,1503614313334,-5,-11,-2,1,-1,0,-2,-8
6538,6538,1503614313342,-1,20,9,1,1,-4,-4,-14
6539,6539,1503614313356,-26,3,12,3,0,4,1,-9
6540,6540,1503614313364,-6,2,-2,-4,-1,-1,0,6
6541,6541,1503614313372,-3,-22,-15,-4,-3,-1,-4,-3
6542,6542,1503614313387,4,-2,-10,-4,0,-1,1,8
6543,6543,1503614313394,14,15,12,3,3,-1,-2,-1
6544,6544,1503614313402,3,-9,-2,-2,-2,-1,0,6
6545,6545,1503614313416,2,23,27,2,-1,0,1,-3
6546,6546,1503614313425,-1,-4,-6,-1,1,1,0,7
6547,6547,1503614313432,1,7,-5,-4,-4,-2,0,-5
6548,6548,1503614313447,1,21,17,6,1,3,-1,-2
6549,6549,1503614313455,2,-7,-5,-2,-1,-1,0,5
6550,6550,1503614313463,2,-3,-2,-3,-4,0,0,-2
6551,6551,1503614313476,-18,-12,-11,-4,-2,-2,-1,-16
6552,6552,1503614313484,1,2,3,0,3,0,0,-7
6553,6553,1503614313492,3,-7,-10,0,-1,-1,-4,-6
6554,6554,1503614313507,-2,-19,-15,-4,-3,-2,-4,4
6555,6555,1503614313514,-5,-9,-9,-3,0,1,-2,-13
6556,6556,1503614313523,-5,2,-1,0,0,-2,0,-10
6557,6557,1503614313536,11,13,13,1,1,2,3,19
6558,6558,1503614313544,-7,2,4,0,-3,-1,-1,0
6559,6559,1503614313552,2,5,-1,-2,0,-3,-1,-3
6560,6560,1503614313567,-2,-19,-16,-3,-1,0,0,10
6561,6561,1503614313574,-12,-24,-22,-6,-1,-1,-1,3
6562,6562,1503614313582,-4,-5,-5,-3,-2,0,-2,-6
6563,6563,1503614313596,-6,-7,-10,-4,-1,-5,-3,1
6564,6564,1503614313604,5,4,3,4,2,0,-1,3
6565,6565,1503614313612,11,6,0,0,0,0,2,5
6566,6566,1503614313627,9,12,7,-3,-2,-1,-2,5
6567,6567,1503614313634,-1,3,2,3,-2,1,0,3
6568,6568,1503614313642,-3,0,4,0,-1,0,-3,-6
6569,6569,1503614313656,4,3,2,-3,-1,-3,-1,-1
6570,6570,1503614313665,-4,-2,2,1,-1,-1,0,-2
6571,6571,1503614313672,12,5,4,1,0,-1,1,18
6572,6572,1503614313687,0,-1,2,1,1,-2,-2,-2
6573,6573,1503614313694,-2,-3,-1,-2,-2,1,-1,-3
6574,6574,1503614313702,2,4,-4,-2,-3,-1,-1,1
6575,6575,1503614313716,0,13,14,2,1,-1,-1,-4
6576,6576,1503614313724,-1,0,2,-1,-2,0,-2,-3
6577,6577,1503614313732,-2,-1,-2,-3,-1,1,-2,-2
6578,6578,1503614313747,3,2,1,0,1,0,1,2
6579,6579,1503614313754,-5,-1,-2,-1,-1,1,-2,-10
6580,6580,1503614313762,-5,-6,-1,-3,-1,-1,2,10
6581,6581,1503614313776,-11,-11,-7,-2,0,-3,-1,-10
6582,6582,1503614313784,-1,-11,-8,-3,-3,-1,-1,1
6583,6583,1503614313792,-1,-5,0,-1,0,0,1,5
6584,6584,1503614313807,3,0,-10,-2,1,-1,-1,-6
6585,6585,1503614313814,0,-1,-9,-3,-6,0,-3,4
6586,6586,1503614313825,5,0,3,2,0,-2,-1,9
6587,6587,1503614313836,1,-1,-1,2,0,0,0,-1
6588,6588,1503614313844,-1,-3,-6,-3,1,2,0,-6
6589,6589,1503614313852,-4,-2,2,-1,-2,-3,-5,-5
6590,6590,1503614313867,-6,-1,2,-1,0,-3,-1,-11
6591,6591,1503614313874,0,7,4,-1,2,0,2,1
6592,6592,1503614313882,-8,3,4,0,0,-2,-2,1
6593,6593,1503614313896,-5,-2,2,0,-1,-2,-2,-3
6594,6594,1503614313904,-2,4,0,-2,-1,-2,-3,-2
6595,6595,1503614313912,2,0,3,0,-2,-1,3,2
6596,6596,1503614313927,4,5,11,0,-2,-1,-2,-3
6597,6597,1503614313934,0,-4,-2,0,-1,0,-2,1
6598,6598,1503614313942,-4,-1,0,-3,-1,3,-2,0
6599,6599,1503614313958,-6,-7,1,1,1,-1,-1,-1
6600,6600,1503614313959,6,-1,-6,1,-1,1,-1,-6
6601,6601,1503614313964,4,-3,-1,0,-1,-2,2,3
6602,6602,1503614313972,-10,0,-2,-1,-1,0,-1,-9
6603,6603,1503614313987,1,4,3,1,-2,-3,0,-3
6604,6604,1503614313994,3,0,0,-1,0,2,1,4
6605,6605,1503614314002,-1,-4,-4,-1,-3,-1,3,1
6606,6606,1503614314016,-3,-2,0,-1,0,0,-2,-2
6607,6607,1503614314027,2,5,-2,0,1,0,0,2
6608,6608,1503614314032,-7,-4,-2,-2,-3,-3,-1,1
6609,6609,1503614314047,-7,-9,-9,-3,-1,-2,-2,-1
6610,6610,1503614314054,6,0,0,1,1,-1,-1,4
6611,6611,1503614314063,-6,0,1,0,1,0,1,2
6612,6612,1503614314076,1,2,1,-3,-1,-1,-2,-1
6613,6613,1503614314084,-5,-1,-1,0,-1,2,-2,-5
6614,6614,1503614314092,-3,1,-2,-3,-3,-1,-1,-7
6615,6615,1503614314107,0,-1,-1,-2,-1,-4,-1,-6
6616,6616,1503614314114,0,0,-2,2,0,-2,0,-1
6617,6617,1503614314122,1,1,1,-1,-1,1,-2,-2
6618,6618,1503614314136,2,-4,-4,-1,0,0,-2,2
6619,6619,1503614314144,3,-5,-2,0,-1,-1,0,0
6620,6620,1503614314152,0,7,9,4,1,2,1,0
6621,6621,1503614314167,-3,-3,-3,-2,-2,-1,-3,-1
6622,6622,1503614314174,-4,0,-6,-3,-2,-1,1,-10
6623,6623,1503614314182,3,3,1,-1,-2,0,0,5
6624,6624,1503614314196,-1,-2,-4,-2,-2,-3,-2,2
6625,6625,1503614314204,1,-1,-2,0,0,-2,-1,0
6626,6626,1503614314218,0,-3,-2,-2,0,1,1,2
6627,6627,1503614314228,-3,1,4,-1,1,-2,-1,-2
6628,6628,1503614314235,0,0,1,1,-3,-4,-1,0
6629,6629,1503614314249,3,10,11,2,-1,1,-1,0
6630,6630,1503614314256,2,2,3,-2,0,-1,0,0
6631,6631,1503614314266,-3,2,-1,-1,-1,1,-2,-4
6632,6632,1503614314278,-6,-8,-5,-3,-1,1,0,-1
6633,6633,1503614314287,3,-8,-10,-3,0,-2,-1,2
6634,6634,1503614314295,-1,-1,-2,-1,-2,-1,-1,0
6635,6635,1503614314309,-3,-2,-4,-2,-1,-1,0,-3
6636,6636,1503614314316,-1,2,5,2,0,-1,-1,-2
6637,6637,1503614314325,1,4,3,1,0,0,-1,6
6638,6638,1503614314339,5,-1,-4,0,0,-2,-1,6
6639,6639,1503614314347,-2,-1,0,1,-1,-1,-5,-3
6640,6640,1503614314354,-3,0,-1,1,-1,1,-4,-1
6641,6641,1503614314369,-1,-3,-2,-1,1,-1,0,-2
6642,6642,1503614314376,2,-2,-3,-3,0,-1,0,-1
6643,6643,1503614314384,2,-7,-8,-1,-1,-1,0,1
6644,6644,1503614314398,-2,-2,-5,0,1,-1,-3,-1
6645,6645,1503614314407,-1,1,1,1,-1,-3,0,-2
6646,6646,1503614314414,-2,-3,-4,-2,-2,0,-1,1
6647,6647,1503614314429,0,-2,-1,-1,-1,1,-1,-1
6648,6648,1503614314436,-2,2,3,1,1,-1,0,-3
6649,6649,1503614314444,-2,-1,1,-4,-2,-1,1,-2
6650,6650,1503614314461,-1,-1,-1,-2,-2,-3,-1,-3
6651,6651,1503614314468,-2,-2,-4,0,-1,-3,-2,0
6652,6652,1503614314481,0,1,0,0,-3,-3,-1,3
6653,6653,1503614314489,-2,-1,-1,-3,0,0,0,-2
6654,6654,1503614314503,0,0,2,-1,-2,0,-2,-1
6655,6655,1503614314505,1,1,4,0,0,-2,2,-5
6656,6656,1503614314518,0,-4,1,-3,-3,-1,-1,-1
6657,6657,1503614314528,0,0,1,0,-1,0,-3,-1
6658,6658,1503614314534,-1,-1,-2,-2,-1,-2,-1,-3
6659,6659,1503614314549,-2,-5,-6,-3,-2,1,-1,2
6660,6660,1503614314556,2,4,5,1,1,1,0,0
6661,6661,1503614314564,-3,-1,0,-1,-1,0,-1,-2
6662,6662,1503614314578,-2,-3,-4,-1,-2,0,1,-2
6663,6663,1503614314587,-2,-1,-2,-2,-1,-1,-1,0
6664,6664,1503614314595,-2,0,-2,-3,0,-2,0,0
6665,6665,1503614314609,-2,1,-1,0,-2,-3,-3,-1
6666,6666,1503614314616,1,-1,-4,-1,1,1,0,-1
6667,6667,1503614314624,-1,1,3,1,0,-1,-2,-2
6668,6668,1503614314639,0,3,8,1,-2,-1,0,-1
6669,6669,1503614314647,0,-4,-1,1,-2,-2,-1,-2
6670,6670,1503614314654,-1,-4,1,1,0,2,0,-1
6671,6671,1503614314670,2,4,3,3,0,0,0,0
6672,6672,1503614314676,-1,-3,-1,0,0,-1,-1,-2
6673,6673,1503614314684,0,-3,-2,-1,-1,-2,-1,0
6674,6674,1503614314699,1,-2,-4,-2,-1,-1,0,2
6675,6675,1503614314707,1,5,9,2,0,1,0,2
6676,6676,1503614314714,-4,-2,-4,-1,0,-2,-3,-4
6677,6677,1503614314730,-6,-2,-5,-2,-3,0,-1,-7
6678,6678,1503614314737,0,-2,-1,-2,-2,-3,0,1
6679,6679,1503614314744,0,-3,-4,-1,-1,2,-1,0
6680,6680,1503614314759,0,-2,-3,0,0,-3,-1,0
6681,6681,1503614314767,-1,-3,-3,0,1,-3,1,-2
6682,6682,1503614314774,-1,-7,-10,-3,-1,-2,-1,0
6683,6683,1503614314789,-3,-11,-9,-4,1,0,1,0
6684,6684,1503614314796,-1,1,2,0,-3,1,-1,-2
6685,6685,1503614314805,-6,0,-1,-3,-1,-1,-4,-7
6686,6686,1503614314818,-2,-3,-6,-2,-2,0,-2,-2
6687,6687,1503614314827,4,7,5,2,-2,-1,3,3
6688,6688,1503614314834,-2,1,2,2,2,3,1,-2
6689,6689,1503614314849,-1,-4,0,-1,-1,-2,-2,0
6690,6690,1503614314858,8,2,3,1,0,1,2,9
6691,6691,1503614314865,-2,-3,-4,-2,0,-2,-2,-5
6692,6692,1503614314878,1,4,1,-1,-2,0,-1,3
6693,6693,1503614314887,1,0,-7,-1,0,0,-1,0
6694,6694,1503614314897,1,-4,-5,-1,-1,-1,0,0
6695,6695,1503614314909,-4,-3,-2,-1,0,-2,0,1
6696,6696,1503614314916,-3,-3,-2,-2,-2,0,-1,-2
6697,6697,1503614314924,4,-5,2,0,1,1,-1,2
6698,6698,1503614314939,-8,-11,-5,-1,-1,-5,-4,-7
6699,6699,1503614314947,3,6,1,-1,-2,-2,-3,2
6700,6700,1503614314954,-5,-2,-5,-4,-1,0,-2,0
6701,6701,1503614314969,1,4,2,0,-1,2,0,0
6702,6702,1503614314983,4,6,3,-1,0,-2,0,0
6703,6703,1503614314992,-4,-5,-3,-2,0,0,0,-1
6704,6704,1503614314998,-1,3,0,1,-1,0,-2,-2
6705,6705,1503614314999,2,4,5,2,-1,0,1,1
6706,6706,1503614315007,1,-4,-3,-3,-1,-2,0,0
6707,6707,1503614315014,-2,7,8,2,0,-1,-2,-4
6708,6708,1503614315030,3,6,6,1,-1,1,0,1
6709,6709,1503614315036,-3,-2,4,0,0,-1,-1,-1
6710,6710,1503614315044,0,2,4,0,0,1,-2,0
6711,6711,1503614315058,-2,0,-5,-2,0,0,-2,-5
6712,6712,1503614315067,-4,-2,0,1,-2,-4,-2,-3
6713,6713,1503614315074,3,0,-2,0,-1,1,0,5
6714,6714,1503614315089,-2,-3,-5,-4,-3,-2,-1,-2
6715,6715,1503614315097,0,8,5,2,-1,0,0,-2
6716,6716,1503614315098,-3,-2,-2,-2,0,-2,2,-3
6717,6717,1503614315105,-2,-4,-3,-4,-1,0,0,0
6718,6718,1503614315118,0,9,7,1,1,0,0,-2
6719,6719,1503614315127,-4,-7,-6,-2,1,1,-1,-3
6720,6720,1503614315134,-2,-2,-5,-3,-3,-4,-3,0
6721,6721,1503614315149,-2,4,1,1,0,0,-1,-1
6722,6722,1503614315156,-1,-1,-1,0,-1,1,-1,-3
6723,6723,1503614315172,-1,-3,0,0,-3,1,0,-1
6724,6724,1503614315178,4,5,6,0,1,-2,-1,-1
6725,6725,1503614315188,-5,-2,-3,-4,-2,-1,-3,-1
6726,6726,1503614315201,-1,-2,-3,-1,-1,-1,-1,1
6727,6727,1503614315209,0,-1,2,-1,1,-1,-1,-1
6728,6728,1503614315216,-5,-5,-5,-2,-1,1,0,-1
6729,6729,1503614315232,0,-3,-4,-1,0,-1,-2,-1
6730,6730,1503614315239,2,6,16,3,-1,-2,-2,1
6731,6731,1503614315247,-1,-6,-2,-2,0,-2,-1,-1
6732,6732,1503614315261,-6,-11,-4,0,1,0,-3,-5
6733,6733,1503614315269,1,1,-1,-2,-3,-2,3,0
6734,6734,1503614315277,0,3,-1,1,-2,-3,-1,1
6735,6735,1503614315292,-1,-3,-3,-2,-1,2,0,-2
6736,6736,1503614315299,-1,-3,-4,-4,-3,-2,-1,-2
6737,6737,1503614315307,0,6,4,1,-1,-1,-1,1
6738,6738,1503614315321,0,5,-3,0,1,1,-2,-1
6739,6739,1503614315331,-1,1,-5,-2,-2,-2,-1,-1
6740,6740,1503614315337,8,3,-6,-1,-1,-3,0,0
6832,6832,1503614316229,4,-12,-15,-6,-7,-5,-2,-2
6833,6833,1503614316247,7,12,11,-2,-2,-3,-3,-3
6834,6834,1503614316252,0,4,2,1,1,1,2,0
6835,6835,1503614316260,24,-7,-8,-1,0,2,-1,3
6836,6836,1503614316276,-9,-15,-9,-5,-1,-3,-3,-3
6837,6837,1503614316282,11,22,28,8,3,3,2,5
6838,6838,1503614316289,5,3,7,0,-2,-4,0,1
6839,6839,1503614316290,3,-7,-5,-6,-2,-1,1,-2
6840,6840,1503614316305,-8,-5,-11,-4,-1,0,0,-4
6841,6841,1503614316312,-2,-3,2,-3,-1,0,-2,-3
6842,6842,1503614316320,-14,10,3,3,-1,-1,-3,0
6843,6843,1503614316334,0,0,1,-1,-1,-1,0,-3
6844,6844,1503614316343,8,5,5,0,0,0,1,1
6845,6845,1503614316349,0,5,-5,4,2,-3,-1,0
6846,6846,1503614316365,1,-12,-12,-4,-2,0,-2,1
6847,6847,1503614316372,9,9,8,2,-6,2,4,3
6848,6848,1503614316380,2,0,4,-3,-1,0,-1,-3
6849,6849,1503614316395,2,-1,3,0,2,-2,-2,1
6850,6850,1503614316404,-3,0,0,-2,-2,-2,-3,-3
6851,6851,1503614316409,-4,1,-1,1,0,-1,0,-1
6852,6852,1503614316425,4,-5,0,-1,-1,-2,2,0
6853,6853,1503614316431,0,0,-2,-1,-1,2,-2,0
6854,6854,1503614316440,-2,-16,-21,-8,-7,-1,-1,-1
6855,6855,1503614316454,-2,-12,-3,-3,-1,-3,1,-1
6856,6856,1503614316462,-2,-5,-2,-4,-2,-1,1,0
6857,6857,1503614316471,1,5,5,5,7,-1,-1,1
6858,6858,1503614316485,0,2,-1,1,6,2,1,-2
6859,6859,1503614316491,2,8,7,9,5,0,0,-1
6860,6860,1503614316499,0,-5,-6,-3,-5,-4,-1,1
6861,6861,1503614316500,-7,-1,-2,-7,-4,-4,-1,0
6862,6862,1503614316514,-2,16,24,5,-2,2,0,-2
6863,6863,1503614316522,5,4,16,3,0,-1,0,2
6864,6864,1503614316529,3,1,-11,-5,-5,1,0,2
6865,6865,1503614316545,-3,-1,-4,1,-6,-1,-4,-5
6866,6866,1503614316552,0,2,5,14,11,6,3,1
6867,6867,1503614316560,-2,-12,-14,-5,-3,-3,-3,-1
6868,6868,1503614316575,25,32,10,-2,-2,2,1,6
6869,6869,1503614316582,2,0,-5,2,0,0,0,1
6870,6870,1503614316589,-13,-18,-13,-7,14,-2,-1,-4
6871,6871,1503614316605,0,1,0,-6,-5,-4,-2,-4
6872,6872,1503614316612,-5,-8,-1,4,1,3,0,-4
6873,6873,1503614316620,-4,-7,-10,-10,10,-5,-5,-3
6874,6874,1503614316634,-1,-10,-5,1,-6,-5,-4,-3
6875,6875,1503614316643,1,-5,-1,15,0,5,2,1
6876,6876,1503614316657,-7,-4,-4,-12,-14,-6,-4,-4
6877,6877,1503614316665,2,14,21,1,-6,0,1,3
6878,6878,1503614316672,-1,-8,-6,-1,-3,0,-2,-1
6879,6879,1503614316680,4,2,-6,-4,-3,0,-1,-1
6880,6880,1503614316694,-24,-15,-16,-11,-8,-6,0,-1
6881,6881,1503614316702,7,8,5,-2,-4,-5,-3,0
6882,6882,1503614316710,20,0,-6,-5,-6,-1,-2,-1
6883,6883,1503614316725,-7,-1,1,4,4,2,2,-1
6884,6884,1503614316732,0,9,5,2,0,-3,-1,6
6885,6885,1503614316740,0,-12,-12,-7,3,-1,1,0
6886,6886,1503614316754,-25,-5,7,4,2,0,-1,-7
6887,6887,1503614316762,-5,-8,-9,1,-1,-1,0,-1
6888,6888,1503614316769,27,13,14,3,-6,-1,2,-3
6889,6889,1503614316785,20,6,3,6,8,17,2,2
6890,6890,1503614316792,0,-7,-4,-9,-6,-3,-1,6
6891,6891,1503614316800,-5,0,12,16,6,-1,0,0
6892,6892,1503614316815,3,-5,-11,-4,-1,-1,-1,1
6893,6893,1503614316822,0,-4,-7,-6,-3,-3,-2,-1
6894,6894,1503614316829,0,-11,-11,-4,-2,-4,-2,-3
6895,6895,1503614316845,-6,-6,1,1,0,3,2,-12
6896,6896,1503614316852,-32,-7,-5,-8,-6,-3,1,-4
6897,6897,1503614316860,-8,5,2,-1,-2,-3,-1,-1
6898,6898,1503614316876,14,20,1,2,4,4,0,-2
6899,6899,1503614316882,-30,-6,-11,-4,-4,-7,-2,-5
6900,6900,1503614316889,8,-6,-9,4,3,-1,-1,2
6901,6901,1503614316906,6,-5,-10,-10,-7,-4,-2,1
6902,6902,1503614316912,26,6,7,2,1,2,1,17
6903,6903,1503614316920,5,-7,-12,-1,-3,-2,-1,0
6904,6904,1503614316934,-9,-2,2,-2,-1,-1,-3,-7
6905,6905,1503614316942,0,8,13,0,-1,-2,-2,1
6906,6906,1503614316950,8,18,13,5,4,2,0,-7
6907,6907,1503614316965,11,8,-8,-5,-3,-3,-3,-5
6908,6908,1503614316977,-4,9,4,3,1,0,2,-1
6909,6909,1503614316980,-11,-2,0,1,0,-4,-2,-7
6910,6910,1503614316994,-41,-16,-7,-3,-3,0,-6,-13
6911,6911,1503614317002,-13,-7,-2,2,0,-2,-2,-2
6912,6912,1503614317017,6,1,2,-2,0,0,-3,2
6913,6913,1503614317032,0,-9,-3,0,-1,-1,-1,1
6914,6914,1503614317033,18,6,6,3,2,0,3,4
6915,6915,1503614317047,1,6,5,-5,-6,-3,0,1
6916,6916,1503614317054,-28,-19,-9,-3,2,2,-3,2
6917,6917,1503614317062,1,-8,0,-1,-2,2,0,4
6918,6918,1503614317077,-1,-4,4,2,-3,-6,-2,-1
6919,6919,1503614317085,2,14,0,2,8,3,0,3
6920,6920,1503614317092,4,7,6,2,-1,-2,0,-6
6921,6921,1503614317109,-12,0,-3,-3,-6,-4,-2,-1
6922,6922,1503614317114,-1,0,1,-2,-2,1,4,5
6923,6923,1503614317122,7,3,1,0,-1,0,0,1
6924,6924,1503614317137,-21,-4,0,-2,-3,-3,-1,-7
6925,6925,1503614317145,-51,-26,-10,-2,-10,-1,-1,-15
6926,6926,1503614317152,23,-8,-8,-2,1,2,-1,-12
6927,6927,1503614317167,17,4,7,0,-1,-4,0,1
6928,6928,1503614317175,29,6,-2,0,-1,0,-1,14
6929,6929,1503614317182,34,22,11,0,0,-2,0,6
6930,6930,1503614317197,-28,0,-2,-4,-10,-3,-5,-20
6931,6931,1503614317205,12,0,-3,5,24,7,4,-3
6932,6932,1503614317212,0,7,1,-6,0,-1,-2,-7
6933,6933,1503614317227,-18,-5,-5,2,-2,0,1,0
6934,6934,1503614317234,-24,-21,-8,-3,-7,-2,2,-1
6935,6935,1503614317243,0,2,-4,-1,-6,-7,-8,6
6936,6936,1503614317257,-19,-5,-6,0,3,4,12,20
6937,6937,1503614317265,-9,-6,-7,-3,-3,1,8,67
6938,6938,1503614317272,12,-8,-9,-3,1,0,-8,-4
6939,6939,1503614317287,1,12,9,-1,-4,-5,-8,-27
6940,6940,1503614317294,12,4,2,-1,0,0,0,4
6941,6941,1503614317302,29,-3,-2,-2,-3,2,-3,-6
6942,6942,1503614317317,-14,-4,6,3,1,-5,-7,-14
6943,6943,1503614317325,-31,-12,-4,-7,-2,0,5,1
6944,6944,1503614317332,28,3,2,-2,-3,-5,-3,-7
6945,6945,1503614317347,11,-3,-12,3,-3,-1,-3,0
6946,6946,1503614317354,-3,18,9,2,0,-2,-1,0
6947,6947,1503614317362,-27,-19,-11,-5,-5,-3,-7,-26
6948,6948,1503614317377,-2,10,4,1,1,1,-4,-17
6949,6949,1503614317391,2,0,10,7,2,2,-6,-2
6950,6950,1503614317392,3,-9,-5,-2,1,2,0,11
6951,6951,1503614317410,1,1,5,3,6,0,2,3
6952,6952,1503614317415,-21,-10,-12,-2,-7,-7,-4,0
6953,6953,1503614317422,-5,-2,0,-1,-4,-2,-1,-1
6954,6954,1503614317437,17,2,8,1,-2,-2,1,3
6955,6955,1503614317446,30,26,24,3,0,1,2,2
6956,6956,1503614317452,17,-9,-9,-5,-3,1,-6,-8
6957,6957,1503614317467,3,-3,-1,-2,0,-1,-3,-22
6958,6958,1503614317478,-19,-1,-2,-3,1,1,2,4
6959,6959,1503614317482,5,-9,-4,-1,0,-1,1,8
6960,6960,1503614317497,9,-1,-2,8,4,0,1,0
6961,6961,1503614317505,5,6,-1,0,-1,1,4,1
6962,6962,1503614317512,-16,4,5,0,-1,-2,-2,8
6963,6963,1503614317527,4,0,-5,-2,-5,0,0,5
6964,6964,1503614317534,-6,7,-2,-1,-1,-2,2,8
6965,6965,1503614317543,1,16,2,-6,0,-2,-3,-12
6966,6966,1503614317557,13,-1,0,3,3,-1,-4,-6
6967,6967,1503614317565,-1,-3,3,2,1,-3,-10,-10
6968,6968,1503614317572,-36,-9,-8,-8,-5,-2,2,10
6969,6969,1503614317587,-5,-5,-5,1,-2,-2,2,5
6970,6970,1503614317594,14,-4,0,-1,-1,1,1,1
6971,6971,1503614317602,31,13,-2,-3,0,-1,0,9
6972,6972,1503614317617,-64,-22,-8,-3,-2,-2,-5,-13
6973,6973,1503614317618,14,3,-3,-3,-1,-1,0,-2
6974,6974,1503614317625,-8,-10,-6,-2,1,-2,-1,-6
6975,6975,1503614317632,-9,3,5,-4,-6,0,1,-10
6976,6976,1503614317648,-17,-7,-7,-3,-4,2,3,19
6977,6977,1503614317654,0,8,8,3,3,-2,-5,-2
6978,6978,1503614317662,32,-7,-5,-3,-1,0,1,1
6979,6979,1503614317678,25,2,-4,7,-1,1,1,1
6980,6980,1503614317686,-5,-12,-11,-4,-1,1,1,4
6981,6981,1503614317692,-7,-15,-5,-3,-3,-2,-6,-13
6982,6982,1503614317707,-24,-1,6,1,-1,-1,-5,-8
6983,6983,1503614317714,-16,5,3,-2,-1,-1,0,2
6984,6984,1503614317722,16,7,3,1,-2,-1,-1,-2
6985,6985,1503614317737,9,-3,-5,-3,1,0,1,5
6986,6986,1503614317745,-4,-3,2,-1,-1,0,-1,-2
6987,6987,1503614317752,10,8,-1,1,-1,0,0,1
6988,6988,1503614317767,-13,3,6,-3,-4,-3,1,1
6989,6989,1503614317775,9,-9,-5,-3,1,-1,3,6
6990,6990,1503614317782,11,-6,-4,-1,-6,-6,-3,-1
6991,6991,1503614317803,-10,3,0,0,-3,-1,-1,-14
6992,6992,1503614317805,-21,-6,-7,-3,0,1,0,6
6993,6993,1503614317812,3,-1,1,0,1,1,1,11
6994,6994,1503614317827,-5,-1,-6,-1,0,-1,1,23
6995,6995,1503614317834,-22,-5,10,1,3,0,1,-1
6996,6996,1503614317845,11,11,9,3,2,1,1,-8
6997,6997,1503614317857,4,1,-8,-3,-3,-2,-1,9
6998,6998,1503614317865,-15,-5,2,3,3,0,-2,-15
6999,6999,1503614317871,10,-2,-10,-4,-3,-1,2,11
7000,7000,1503614317872,-9,-7,-5,-3,-1,-1,-3,-16
7001,7001,1503614317887,-1,1,0,-2,0,0,-1,5
7002,7002,1503614317894,-7,5,4,4,0,0,-1,2
7003,7003,1503614317902,23,12,1,0,-1,-1,0,-3
7004,7004,1503614317917,-6,-14,-3,0,0,-1,1,5
7005,7005,1503614317925,10,-1,-4,-2,0,0,1,5
7006,7006,1503614317931,10,7,1,-1,-1,-3,-4,-6
7007,7007,1503614317948,-6,-14,-5,-3,-2,-1,-7,-21
7008,7008,1503614317954,8,1,6,4,2,2,2,21
7009,7009,1503614317969,-19,-8,-2,-3,0,-2,-3,-17
7010,7010,1503614317979,-6,1,-4,-3,-2,-3,4,41
7011,7011,1503614317985,-52,-7,-6,-1,-1,-5,-6,-17
7012,7012,1503614317998,-1,5,-2,0,0,2,2,-22
7013,7013,1503614318006,18,2,-1,2,2,-1,1,-6
7014,7014,1503614318007,-33,-8,-5,-1,-2,0,-3,8
7015,7015,1503614318014,-1,6,5,1,0,-1,-2,-14
7016,7016,1503614318030,2,1,-5,-4,-2,-2,-1,-9
7017,7017,1503614318037,29,5,-6,-3,-2,-2,-4,-6
7018,7018,1503614318049,31,4,6,0,0,0,1,-7
7019,7019,1503614318058,-16,2,2,2,3,0,4,21
7020,7020,1503614318059,5,-13,-8,-5,-2,-4,-6,-13
7021,7021,1503614318067,14,10,0,3,-2,1,5,39
7022,7022,1503614318074,-8,-11,-5,-1,-1,-1,2,-4
7023,7023,1503614318089,6,6,8,6,3,0,-1,-2
7024,7024,1503614318097,-1,0,-3,-1,1,-1,-3,-6
7025,7025,1503614318105,-5,-10,-11,-7,-4,-5,-3,5
7026,7026,1503614318119,-10,4,1,-3,-3,-2,-6,-28
7027,7027,1503614318127,27,12,8,5,2,2,-3,-22
7028,7028,1503614318134,11,-6,-9,-6,-2,-2,-3,4
7029,7029,1503614318149,10,-3,3,0,-1,-1,-1,-1
7030,7030,1503614318157,-21,-8,-1,-3,-1,-2,0,-12
7031,7031,1503614318165,-5,-4,-2,-2,-1,1,5,9
7032,7032,1503614318181,-10,1,7,5,2,0,-3,4
7033,7033,1503614318188,-17,4,4,-2,0,-1,-2,-22
7034,7034,1503614318194,13,3,-4,-3,-1,1,10,34
7035,7035,1503614318209,3,-17,-10,-4,-3,-3,0,5
7036,7036,1503614318218,-1,-5,1,3,2,0,-4,8
7037,7037,1503614318225,11,8,2,-2,-2,0,0,10
7038,7038,1503614318238,-9,4,4,1,0,2,-1,-6
7039,7039,1503614318247,1,2,0,-2,1,0,-1,-7
7040,7040,1503614318255,5,11,9,1,0,-1,3,4
7041,7041,1503614318269,8,2,-6,-4,-2,1,4,29
7042,7042,1503614318277,-6,-7,-2,-4,0,2,-2,-11
7043,7043,1503614318285,4,12,6,5,3,0,0,-17
7044,7044,1503614318298,3,-11,-3,-1,-7,-2,0,4
7045,7045,1503614318307,-7,-3,1,0,1,2,-2,-10
7046,7046,1503614318322,5,2,-5,-4,-2,0,0,-9
7047,7047,1503614318329,-10,-15,-10,-2,-2,-1,-1,3
7048,7048,1503614318344,-32,-5,-5,0,-1,-1,-6,-6
7049,7049,1503614318347,-16,-17,-17,-7,-4,-4,2,16
7050,7050,1503614318358,22,2,3,-1,-2,1,-2,0
7051,7051,1503614318359,7,11,5,3,3,0,0,2
7052,7052,1503614318367,-1,-5,1,-1,0,0,-5,-12
7053,7053,1503614318374,21,-3,-3,-3,-2,-1,4,17
7054,7054,1503614318389,-2,8,8,4,0,-1,-4,-13
7055,7055,1503614318396,-3,12,5,-1,0,-2,-3,8
7056,7056,1503614318405,-20,-6,-1,-1,0,-3,2,5
7057,7057,1503614318419,-8,-1,2,0,-1,-1,-3,-15
7058,7058,1503614318427,6,3,0,0,0,0,0,5
7059,7059,1503614318434,-1,23,7,1,-2,0,1,-1
7060,7060,1503614318449,-11,-1,-3,1,-2,-1,-2,-10
7061,7061,1503614318457,17,-11,-11,-5,-4,-1,4,31
7062,7062,1503614318465,4,0,1,-1,-1,-1,-4,-19
7063,7063,1503614318479,7,-2,-3,-1,0,0,4,4
7064,7064,1503614318480,-20,-15,-9,-4,-2,-4,-4,-9
7065,7065,1503614318487,8,20,13,5,2,0,1,12
7066,7066,1503614318494,-4,-12,1,-1,-2,0,-1,-14
7067,7067,1503614318509,13,32,19,4,2,1,-1,2
7068,7068,1503614318517,-6,-2,-1,0,0,-2,2,-10
7069,7069,1503614318525,-1,-29,-12,-4,-4,0,0,-12
7070,7070,1503614318539,-18,-12,-15,-5,-4,1,-4,-11
7071,7071,1503614318548,-7,-2,-8,0,-1,1,0,-17
7072,7072,1503614318554,10,-2,-1,2,-1,0,0,-6
7073,7073,1503614318569,14,-12,-7,-4,-5,-2,0,8
7074,7074,1503614318577,1,12,9,4,4,1,2,2
7075,7075,1503614318584,0,-6,-4,-3,0,-4,0,5
7076,7076,1503614318599,5,-17,-23,-8,-2,1,-3,8
7077,7077,1503614318607,5,14,8,2,-1,1,-1,-1
7078,7078,1503614318615,0,4,6,-1,-1,-1,-1,-7
7079,7079,1503614318629,-9,2,5,-1,-1,1,-1,7
7080,7080,1503614318636,14,-5,-6,1,0,-1,-2,13
7081,7081,1503614318645,-6,-21,-13,-6,-1,-2,3,13
7082,7082,1503614318659,-5,-6,-4,0,-3,-1,-1,-30
7083,7083,1503614318667,-11,-5,0,-2,-1,-3,-2,-9
7084,7084,1503614318674,24,-17,-12,0,-2,-4,2,25
7085,7085,1503614318690,4,1,6,0,1,-1,0,-2
7086,7086,1503614318696,-4,6,9,5,-1,2,-2,-5
7087,7087,1503614318705,-5,2,1,2,-2,-1,-3,3
7088,7088,1503614318719,6,-5,0,-2,2,-2,0,2
7089,7089,1503614318727,-10,0,0,-1,-1,0,-1,-15
7090,7090,1503614318734,-53,-13,-1,-3,-2,-1,0,-13
7091,7091,1503614318749,13,-2,-11,-3,-1,-1,0,7
7092,7092,1503614318757,9,7,6,-2,-1,-1,-5,-5
7093,7093,1503614318764,-14,-3,-4,-6,-4,-4,-5,-4
7094,7094,1503614318779,5,10,0,-2,0,-2,-2,-10
7095,7095,1503614318787,12,-2,1,0,-1,0,1,7
7096,7096,1503614318794,3,8,10,1,-1,1,-3,9
7097,7097,1503614318809,14,6,4,1,1,-1,1,16
7098,7098,1503614318817,7,4,14,4,0,1,2,4
7099,7099,1503614318825,-8,-2,3,2,0,1,-3,-13
7100,7100,1503614318839,10,20,18,5,1,-2,3,-5
7101,7101,1503614318857,5,0,0,-1,0,-3,2,-12
7102,7102,1503614318858,-6,-10,-17,-3,-2,-2,-2,1
7103,7103,1503614318869,9,12,8,0,0,1,0,5
7104,7104,1503614318877,10,10,7,1,0,3,2,12
7105,7105,1503614318892,-7,-11,-14,-2,-1,-1,-1,-18
7106,7106,1503614318898,-6,-7,-10,-2,-1,0,1,-4
7107,7107,1503614318908,-8,1,2,1,-1,-2,-1,-11
7108,7108,1503614318929,-4,-12,-14,-4,-3,-3,0,-1
7109,7109,1503614318930,4,0,-2,0,0,0,-1,0
7110,7110,1503614318936,-8,-9,-14,-4,0,-2,1,2
7111,7111,1503614318952,-4,-3,-6,-2,-1,-2,-1,4
7112,7112,1503614318959,18,-3,-4,-2,-2,-2,-5,0
7113,7113,1503614318966,6,4,4,-2,-2,1,0,8
7114,7114,1503614318981,-3,-2,-8,-4,-1,0,-2,-7
7115,7115,1503614318989,1,10,2,0,2,0,-1,4
7116,7116,1503614318996,5,-2,-1,-3,-1,-1,2,10
7117,7117,1503614319012,5,-4,5,-1,1,0,1,23
7118,7118,1503614319022,-5,11,8,1,0,-1,0,6
7119,7119,1503614319027,-15,-12,-16,-6,-2,-2,-3,-4
7120,7120,1503614319041,-8,2,7,1,-1,0,-1,6
7121,7121,1503614319051,-23,-6,2,1,0,-1,-4,-6
7122,7122,1503614319057,7,2,4,-2,-1,-3,-3,1
7123,7123,1503614319071,12,4,1,0,-3,0,1,7
7124,7124,1503614319078,-4,-5,-3,0,-1,-1,-1,-13
7125,7125,1503614319087,7,11,18,3,-2,0,0,-2
7126,7126,1503614319101,5,6,2,0,-1,1,-1,-2
7127,7127,1503614319109,0,7,2,-1,-1,-2,-1,-7
7128,7128,1503614319118,-9,1,4,0,2,-2,-3,-12
7129,7129,1503614319131,-4,-9,-10,-3,-3,-4,-1,-9
7130,7130,1503614319138,-9,-2,-4,-2,-2,1,-2,-12
7131,7131,1503614319147,14,9,3,0,-1,-1,-1,2
7132,7132,1503614319161,-11,-11,-6,-1,-1,-1,0,-2
7133,7133,1503614319169,-6,-6,-1,-2,-2,-1,0,3
7134,7134,1503614319177,17,3,-2,-2,0,-1,2,2
7135,7135,1503614319192,-8,-8,-11,1,0,0,-2,-2
7136,7136,1503614319198,8,2,3,2,-3,0,0,5
7137,7137,1503614319207,-7,-4,-8,-4,-1,-2,-3,-7
7138,7138,1503614319221,-4,0,1,0,0,0,1,6
7139,7139,1503614319229,0,-2,1,1,1,1,1,1
7140,7140,1503614319236,-2,-4,-4,-1,-2,-2,-2,-6
7141,7141,1503614319252,1,-2,-3,0,1,1,3,-1
7142,7142,1503614319258,2,-1,0,-1,-1,1,-3,-1
7143,7143,1503614319259,-5,-4,-2,-1,-3,0,-1,-2
7144,7144,1503614319267,-2,-7,-1,0,1,-3,-2,1
7145,7145,1503614319281,-4,-3,1,0,0,-5,0,1
7146,7146,1503614319289,3,1,0,-1,-3,2,1,2
7147,7147,1503614319297,0,2,0,0,0,-4,-1,-2
7148,7148,1503614319312,-1,-1,-7,-5,-4,-2,-2,2
7149,7149,1503614319319,0,1,-3,0,-2,3,1,-1
7150,7150,1503614319327,3,0,0,-1,0,0,1,6
7151,7151,1503614319341,-3,-1,2,1,0,0,-2,-3
7152,7152,1503614319349,1,1,-4,0,-1,-1,0,-5
7153,7153,1503614319357,-10,-4,-3,-2,-1,-1,-1,-1
7154,7154,1503614319371,-1,2,2,0,0,-2,-4,-5
7155,7155,1503614319379,0,-2,-2,0,-3,1,-1,-4
7156,7156,1503614319387,-4,-5,0,0,-1,-1,0,2
7157,7157,1503614319401,1,-6,-19,-5,1,-1,0,1
7158,7158,1503614319409,2,3,6,0,0,-4,-2,0
7159,7159,1503614319417,6,10,16,0,0,0,-2,3
7160,7160,1503614319432,-1,-4,-9,-1,-1,1,0,0
7161,7161,1503614319439,2,-3,-2,0,-2,-1,2,-6
7162,7162,1503614319447,1,-3,1,-4,-3,-2,2,12
7163,7163,1503614319461,-5,3,8,2,0,-1,-5,-11
7164,7164,1503614319470,1,-1,-5,-2,0,-1,0,-3
7165,7165,1503614319476,-4,-1,-16,-5,0,-1,1,6
7166,7166,1503614319495,0,-1,-1,2,0,-2,-3,-1
7167,7167,1503614319499,1,4,9,1,-1,-1,-3,-1
7168,7168,1503614319514,-6,-1,-6,1,0,-2,-1,-11
7169,7169,1503614319521,-5,-10,-9,-5,-2,-1,-2,-7
7170,7170,1503614319529,-4,5,5,1,1,0,-1,-10
7171,7171,1503614319536,2,0,0,1,-1,-4,-2,10
7172,7172,1503614319553,1,-5,2,1,0,0,-6,3
7173,7173,1503614319559,2,3,2,-1,2,-2,1,0
7174,7174,1503614319567,-2,-4,0,-2,-2,-3,1,5
7175,7175,1503614319581,2,2,3,1,0,0,-1,2
7176,7176,1503614319589,-1,2,-1,0,0,1,-2,0
7177,7177,1503614319603,-4,0,0,-2,0,1,-1,-6
7178,7178,1503614319611,1,1,6,2,1,-1,2,0
7179,7179,1503614319627,-4,-7,-8,-2,-4,-1,-1,-4
7180,7180,1503614319629,0,-1,-5,0,0,-1,0,1
7181,7181,1503614319641,2,2,1,-2,-1,2,0,-6
7182,7182,1503614319649,-4,-6,-5,-4,-3,-1,-1,-5
7183,7183,1503614319657,-1,-2,0,-2,0,-3,1,3
7184,7184,1503614319671,-2,-4,0,-2,-1,0,0,0
7185,7185,1503614319679,2,2,4,2,-1,-1,0,4
7186,7186,1503614319687,2,1,1,-1,0,-2,-1,-6
7187,7187,1503614319701,-4,-2,4,2,0,-3,-3,0
7188,7188,1503614319709,1,5,4,1,-1,-2,-1,0
7189,7189,1503614319716,5,19,13,2,0,2,2,3
7190,7190,1503614319731,2,-2,-2,-2,0,-2,-1,0
7191,7191,1503614319739,-4,-12,-10,-5,-2,-3,-4,-10
7192,7192,1503614319747,-2,2,4,0,-2,-1,-1,1
7193,7193,1503614319761,1,-3,-4,-2,0,0,-1,1
7194,7194,1503614319769,-2,0,-2,-3,0,0,-1,-1
7195,7195,1503614319776,-4,-5,-4,0,-4,-1,1,2
7196,7196,1503614319792,0,-1,1,0,1,-2,0,-2
7197,7197,1503614319799,1,-13,-9,-2,1,0,0,6
7198,7198,1503614319814,7,2,-2,1,-1,2,-1,25
7199,7199,1503614319821,-3,-1,0,-1,-1,-1,-1,1
7200,7200,1503614319830,2,1,1,-1,-3,-1,0,-5
7201,7201,1503614319843,-2,-2,-2,-1,-1,-2,0,-3
7202,7202,1503614319851,-7,4,5,1,1,-2,-4,-7
7203,7203,1503614319859,-4,1,2,-1,-1,-1,-1,-12
7204,7204,1503614319874,-3,-4,-5,-1,-2,-1,-2,-1
7205,7205,1503614319881,0,5,19,5,0,1,-2,-3
7206,7206,1503614319890,-4,-5,-2,-1,-1,1,-2,-11
7207,7207,1503614319903,-7,-2,-6,-5,-3,-2,-2,-19
7208,7208,1503614319911,-6,-2,4,-2,-3,-2,-2,-5
7209,7209,1503614319919,1,-3,2,-1,1,1,0,6
7210,7210,1503614319934,4,2,-7,-3,-2,2,2,1
7211,7211,1503614319941,1,1,-3,-1,1,-4,-3,3
7212,7212,1503614319949,-2,-1,7,0,0,-1,-1,-1
7213,7213,1503614319963,-1,-4,-10,-2,-2,0,2,4
7214,7214,1503614319971,-2,10,-4,-4,-3,-1,-1,-10
7215,7215,1503614319979,2,1,-4,0,1,-1,-1,-2
7216,7216,1503614319994,-2,-10,-9,0,-2,-1,-3,-5
7217,7217,1503614320001,1,3,5,-2,-1,-1,-1,0
7218,7218,1503614320009,0,-10,-3,1,1,0,1,3
7219,7219,1503614320025,1,-6,-8,-4,-2,0,-2,6
7220,7220,1503614320032,-1,-1,-1,-4,0,-1,0,3
7221,7221,1503614320039,1,0,-1,0,-2,-1,-1,-1
7222,7222,1503614320056,6,15,8,1,1,0,0,2
7223,7223,1503614320061,-1,1,0,0,0,-2,1,3
7224,7224,1503614320069,-5,-9,-6,-1,0,-2,-3,-6
7225,7225,1503614320083,1,-3,0,1,-1,0,-2,-23
7226,7226,1503614320092,-3,-5,-9,0,-1,0,-2,-3
7227,7227,1503614320099,-2,-3,-1,1,0,3,0,1
7228,7228,1503614320114,0,-7,-8,-2,-2,0,1,0
7229,7229,1503614320123,2,4,0,0,0,0,-3,15
7230,7230,1503614320129,-1,-4,9,-1,-2,0,2,7
7231,7231,1503614320143,-1,5,0,-1,-1,-2,-2,2
7232,7232,1503614320151,0,0,-3,0,0,1,1,1
7233,7233,1503614320159,-1,-1,-5,0,-3,-2,0,2
7234,7234,1503614320174,-1,-7,-9,-1,0,-3,-2,-2
7235,7235,1503614320181,1,-1,1,2,3,-1,-1,3
7236,7236,1503614320191,-3,-5,3,-2,1,-2,-2,-5
7237,7237,1503614320203,-8,-16,-8,-6,-2,0,-2,-11
7238,7238,1503614320212,5,13,12,4,3,1,3,7
7239,7239,1503614320219,-4,-5,-2,-2,-4,-3,-1,3
7240,7240,1503614320234,-3,-6,-5,-4,-2,-1,-2,-4
7241,7241,1503614320241,3,11,7,1,1,-3,0,0
7242,7242,1503614320249,1,1,0,-2,-1,0,-4,2
7243,7243,1503614320263,1,-2,-5,0,-3,-1,0,2
7244,7244,1503614320271,2,6,1,0,-1,-1,0,5
7245,7245,1503614320279,-1,-2,-4,0,-1,-1,-3,-2
7246,7246,1503614320294,-3,-9,-8,-5,-2,-1,-2,0
7247,7247,1503614320301,10,11,6,1,1,1,2,11
7248,7248,1503614320316,-3,-1,-5,-2,-2,-4,-1,0
7249,7249,1503614320326,-2,5,-1,2,3,1,0,-13
7250,7250,1503614320332,-1,-1,-2,-1,-2,-3,-4,-7
7251,7251,1503614320339,-4,-6,1,-1,-5,-2,0,-2
7252,7252,1503614320354,0,0,2,1,2,1,1,5
7253,7253,1503614320361,-4,-1,2,-2,-1,-1,-4,-1
7254,7254,1503614320369,-2,-3,2,2,-1,-2,-4,-2
7255,7255,1503614320383,1,-11,-3,-1,1,-1,0,5
7256,7256,1503614320392,6,-2,-5,-2,-4,-2,2,14
7257,7257,1503614320399,2,8,9,1,2,0,2,6
7258,7258,1503614320414,-4,2,-4,-3,1,-1,1,-7
7259,7259,1503614320421,-2,-6,-6,-4,-2,0,-3,0
7260,7260,1503614320429,-3,-1,6,0,-2,-1,0,-6
7261,7261,1503614320443,7,25,21,6,2,2,0,2
7262,7262,1503614320451,-1,1,1,0,0,-3,-2,-5
7263,7263,1503614320459,-4,-1,-9,-5,2,-1,-1,-4
7264,7264,1503614320474,5,20,19,7,1,4,0,-1
7265,7265,1503614320480,-3,-4,-2,2,-4,-3,-1,0
7266,7266,1503614320491,-5,-6,-7,-4,-2,-1,-2,-4
7267,7267,1503614320503,-4,-10,-9,-5,-1,0,-3,-6
7268,7268,1503614320511,0,-3,5,1,-2,0,-1,-3
7269,7269,1503614320519,-1,-7,-3,-2,-2,-4,-1,-2
7270,7270,1503614320534,0,3,2,2,0,1,1,0
7271,7271,1503614320541,0,3,8,1,-2,-3,-2,-1
7272,7272,1503614320549,-3,-6,-6,-1,0,-3,-2,3
7273,7273,1503614320563,1,0,-2,-2,0,-3,-1,2
7274,7274,1503614320571,-4,-7,-10,-2,-2,0,1,2
7275,7275,1503614320579,1,-9,-9,1,-1,-2,-4,-4
7276,7276,1503614320594,-1,-6,-6,-3,-1,-3,-1,0
7409,7409,1503614321885,-5,0,0,-1,-1,-1,-6,-5
7410,7410,1503614321899,6,-3,-7,1,1,-2,6,26
7411,7411,1503614321908,16,-1,2,3,2,-2,-5,1
7412,7412,1503614321914,-9,-6,-1,2,-1,1,-1,-8
7413,7413,1503614321932,8,5,0,0,-2,-2,-1,1
7414,7414,1503614321936,4,2,5,1,-2,-2,-3,-7
7415,7415,1503614321944,-2,-10,-3,-1,-1,1,-1,4
7416,7416,1503614321959,-15,2,8,5,0,-2,-1,-1
7417,7417,1503614321967,19,-5,-13,-6,-3,-3,0,-7
7418,7418,1503614321977,6,8,9,1,1,0,-1,0
7419,7419,1503614321989,-9,4,5,0,-2,0,-1,-11
7420,7420,1503614321998,-5,-2,2,-3,-2,-1,-2,-12
7421,7421,1503614322005,-6,1,2,3,2,3,-1,4
7422,7422,1503614322022,3,-3,3,0,-1,1,6,28
7423,7423,1503614322027,8,2,3,2,1,1,-2,-3
7424,7424,1503614322034,-9,0,-10,-3,-3,-3,-6,-16
7425,7425,1503614322049,4,8,2,-3,-2,-2,2,13
7426,7426,1503614322056,-4,-8,-5,-1,1,-2,0,-7
7427,7427,1503614322065,-2,-7,-1,0,1,-1,1,-5
7428,7428,1503614322086,-9,-9,-10,-6,-2,0,-2,-18
7429,7429,1503614322088,9,-19,-10,-4,-1,-2,3,17
7430,7430,1503614322094,11,22,26,7,2,5,4,8
7431,7431,1503614322109,-9,-15,-14,-4,-1,0,0,1
7432,7432,1503614322116,-8,-11,-10,-4,-2,-4,0,-6
7433,7433,1503614322124,-5,2,2,-3,-3,-4,3,5
7434,7434,1503614322139,0,-4,-2,-1,-1,3,4,9
7435,7435,1503614322154,-29,-11,-9,-6,-3,1,-1,-3
7436,7436,1503614322155,4,2,-3,-2,-1,-2,-3,4
7437,7437,1503614322170,3,13,8,1,0,-2,-3,-3
7438,7438,1503614322176,5,13,6,0,0,0,-2,0
7439,7439,1503614322184,5,1,-10,-1,0,-2,3,33
7440,7440,1503614322200,-9,-9,-14,-4,-1,-2,-5,-10
7441,7441,1503614322207,0,-1,3,0,-2,-3,-5,-27
7442,7442,1503614322214,19,-7,-5,-4,0,0,-3,1
7443,7443,1503614322229,-1,0,-3,-1,-3,1,-2,-14
7444,7444,1503614322236,6,0,5,3,-2,-2,-9,-13
7445,7445,1503614322244,-5,-8,-2,0,0,0,6,9
7446,7446,1503614322259,-13,3,2,-1,1,1,2,4
7447,7447,1503614322268,-7,5,5,1,1,1,-3,-25
7448,7448,1503614322274,-7,-3,-3,-2,-2,-3,-1,-1
7449,7449,1503614322289,-4,-1,4,2,1,2,0,-6
7450,7450,1503614322296,-8,-2,-1,0,-1,-2,0,-4
7451,7451,1503614322304,6,-4,-4,2,1,1,1,21
7452,7452,1503614322319,-3,-6,0,4,1,-1,-9,-16
7453,7453,1503614322327,10,11,-4,-1,-1,0,-4,-5
7454,7454,1503614322334,14,7,3,1,-1,1,4,3
7455,7455,1503614322349,-15,-4,2,-3,-2,-2,-2,1
7456,7456,1503614322356,-12,-5,-6,-6,-4,-1,-2,-2
7457,7457,1503614322366,7,12,-1,0,-1,-2,0,-1
7458,7458,1503614322379,-10,-13,-10,-3,2,0,3,7
7459,7459,1503614322387,-3,1,7,0,-2,-1,-2,-8
7460,7460,1503614322402,0,-2,0,-2,-1,-2,-3,2
7461,7461,1503614322409,1,-1,5,0,1,0,1,18
7462,7462,1503614322416,7,4,8,2,2,0,3,4
7463,7463,1503614322425,4,3,1,0,0,1,-2,-8
7464,7464,1503614322439,-31,-12,-1,-1,-3,-3,-5,-24
7465,7465,1503614322447,23,18,18,6,2,1,4,9
7466,7466,1503614322454,3,1,-2,0,-1,1,-3,-4
7467,7467,1503614322470,-9,-14,-13,-2,0,-1,5,-2
7468,7468,1503614322476,6,-5,-6,-2,-2,-4,-5,6
7469,7469,1503614322484,0,-8,-5,-2,1,-1,-4,4
7470,7470,1503614322501,-3,2,5,2,1,0,0,5
7471,7471,1503614322507,12,-3,-2,-2,-3,-4,-3,-1
7472,7472,1503614322514,10,-2,6,2,1,2,1,16
7473,7473,1503614322529,-13,-4,-1,-3,-2,0,-4,-8
7474,7474,1503614322537,1,15,-3,3,0,2,0,-13
7475,7475,1503614322544,4,-1,-1,1,0,2,4,23
7476,7476,1503614322559,-27,-12,-9,-4,-5,-6,-2,-14
7477,7477,1503614322568,4,1,3,0,0,0,0,11
7478,7478,1503614322569,-5,3,0,-2,-3,-1,-2,-12
7479,7479,1503614322574,10,-5,-3,-1,0,3,7,20
7480,7480,1503614322589,-3,13,4,1,1,-4,-1,-14
7481,7481,1503614322596,7,10,4,4,1,-2,-2,-6
7482,7482,1503614322611,-3,-17,-14,-7,-6,-2,0,-9
7483,7483,1503614322619,2,-1,3,-3,-2,-5,-9,-13
7484,7484,1503614322627,-8,-5,-2,0,-1,2,-3,-3
7485,7485,1503614322642,16,-4,-4,-2,0,-2,4,6
7486,7486,1503614322649,3,0,1,0,-1,0,7,25
7487,7487,1503614322656,4,-5,-8,-1,-1,4,4,6
7488,7488,1503614322671,-5,-3,-2,2,1,-3,-9,-24
7489,7489,1503614322679,-13,2,2,1,-1,-1,-2,-16
7490,7490,1503614322687,-11,-12,-7,-3,-3,-3,-2,-7
7491,7491,1503614322702,-1,8,-1,-3,0,2,0,7
7492,7492,1503614322710,-4,6,3,2,4,0,-1,-7
7493,7493,1503614322716,0,2,5,0,-5,-4,-5,-1
7494,7494,1503614322731,6,1,4,2,-1,3,6,27
7495,7495,1503614322739,-16,-14,-4,-2,-2,0,0,4
7496,7496,1503614322747,-11,-16,-9,-4,-5,-3,-7,-17
7497,7497,1503614322761,20,11,6,1,1,1,7,49
7498,7498,1503614322769,2,11,5,5,2,-2,-4,-19
7499,7499,1503614322770,-4,3,1,-3,1,0,-3,2
7500,7500,1503614322777,-5,-9,-7,-3,-3,-1,-4,-16
7501,7501,1503614322791,6,5,3,0,1,0,4,11
7502,7502,1503614322799,-12,-7,-3,2,2,-1,-3,-5
7503,7503,1503614322807,1,-4,-10,-5,-3,0,-2,2
7504,7504,1503614322821,7,7,12,4,1,-1,-4,3
7505,7505,1503614322829,-2,-2,1,0,-1,-3,1,-7
7506,7506,1503614322837,16,2,-1,-5,-2,-1,-1,-7
7507,7507,1503614322851,-5,-4,1,0,-2,1,-4,-6
7508,7508,1503614322860,2,22,11,5,5,4,9,10
7509,7509,1503614322867,4,1,0,-1,0,-1,2,20
7510,7510,1503614322881,-6,3,-10,-3,-2,0,-2,-18
7511,7511,1503614322889,-6,0,-3,-2,-2,-2,1,-6
7512,7512,1503614322896,-2,-8,2,2,0,1,-2,-8
7513,7513,1503614322912,10,4,-4,-2,-2,1,-1,-8
7514,7514,1503614322919,-18,-6,-4,-2,-2,-1,-4,-8
7515,7515,1503614322928,-1,-8,-4,-2,-1,-2,-3,4
7516,7516,1503614322941,3,5,5,1,-2,-1,-1,-4
7517,7517,1503614322950,0,3,-7,-1,1,-3,-1,1
7518,7518,1503614322956,1,-10,-8,-3,-1,1,7,24
7519,7519,1503614322971,-1,3,2,2,1,0,-2,-18
7520,7520,1503614322979,-6,-8,-7,-7,-2,-3,-2,-7
7521,7521,1503614322987,12,3,5,2,2,0,-3,-2
7522,7522,1503614323001,2,-11,1,0,0,0,2,-9
7523,7523,1503614323009,-5,0,2,2,0,-4,-2,-3
7524,7524,1503614323016,1,-1,-11,-3,-2,-2,-1,1
7525,7525,1503614323031,-1,15,14,3,-1,0,4,4
7526,7526,1503614323039,-14,-9,-7,-5,-4,0,-4,-3
7527,7527,1503614323047,17,24,13,0,1,2,-1,-1
7528,7528,1503614323061,3,-13,-6,-3,-1,-2,-4,-4
7529,7529,1503614323070,0,-12,2,-2,-2,-3,-2,0
7530,7530,1503614323076,1,4,-1,0,-1,-1,2,1
7531,7531,1503614323091,-12,0,-7,-1,-1,-1,6,43
7532,7532,1503614323099,-15,-2,-4,-2,-2,-3,-5,-13
7533,7533,1503614323108,6,-12,-10,-1,2,1,-3,-15
7534,7534,1503614323121,8,9,7,2,1,3,1,22
7535,7535,1503614323129,-7,-6,-4,-3,-4,-2,-2,-8
7536,7536,1503614323137,4,4,2,1,0,-1,1,-6
7537,7537,1503614323151,-4,-3,1,-1,-1,0,-1,-11
7538,7538,1503614323159,20,4,-3,-2,-3,-2,-1,0
7539,7539,1503614323167,-5,-19,-12,-3,-1,-1,-3,-5
7540,7540,1503614323181,-9,4,9,5,4,0,1,6
7541,7541,1503614323189,15,19,4,0,0,2,1,-3
7542,7542,1503614323196,-8,-7,1,-3,-1,-4,-3,10
7543,7543,1503614323211,-8,-5,-3,-2,-1,-3,-2,-8
7544,7544,1503614323219,-9,-6,-2,-4,-1,1,-4,-4
7545,7545,1503614323227,1,15,10,4,1,1,-3,-3
7546,7546,1503614323241,6,-1,-3,-2,-4,-1,-2,-10
7547,7547,1503614323249,-13,-11,-10,-1,-1,-1,0,-6
7548,7548,1503614323256,4,15,15,5,2,1,3,2
7549,7549,1503614323273,-3,-8,-4,-6,-3,-2,0,2
7550,7550,1503614323280,2,-7,-6,-3,-2,-1,-1,0
7551,7551,1503614323287,-4,-5,-3,0,0,-1,-3,-7
7552,7552,1503614323301,-1,3,-4,2,3,-1,0,-3
7553,7553,1503614323310,-33,-7,-4,-4,-2,-2,-3,1
7554,7554,1503614323316,-8,-6,-12,-3,-1,0,-2,-9
7555,7555,1503614323331,16,8,13,2,1,2,1,3
7556,7556,1503614323339,-7,-9,-6,-4,-2,0,-4,-5
7557,7557,1503614323347,3,9,0,1,-1,-2,-2,1
7558,7558,1503614323361,4,-2,-3,-1,0,2,0,-3
7559,7559,1503614323369,0,-3,-2,-4,-3,0,-2,-7
7560,7560,1503614323377,-1,5,2,-1,1,-5,0,0
7561,7561,1503614323391,-3,-9,-3,1,-1,1,-2,0
7562,7562,1503614323399,4,5,9,1,-1,-1,3,13
7563,7563,1503614323407,-3,11,2,1,1,-1,1,-7
7564,7564,1503614323421,3,-9,-4,1,-1,0,-6,-8
7565,7565,1503614323436,-8,-13,-9,-3,2,0,1,7
7566,7566,1503614323439,-1,0,-2,-1,-1,-1,1,2
7567,7567,1503614323452,0,-7,-1,-1,-1,0,-1,-5
7568,7568,1503614323459,3,-5,-2,-2,-2,0,0,0
7569,7569,1503614323467,0,1,0,-1,-2,-2,-1,-3
7570,7570,1503614323482,2,2,-5,-1,0,-1,-4,-13
7571,7571,1503614323489,-4,-14,-8,-2,1,0,1,1
7572,7572,1503614323496,-3,4,3,-1,0,1,-1,-2
7573,7573,1503614323512,2,-1,2,1,0,0,-1,1
7574,7574,1503614323519,11,18,-4,-4,-2,1,0,8
7575,7575,1503614323527,2,9,5,-2,-1,-2,3,44
7576,7576,1503614323541,-5,-4,2,2,0,-1,1,4
7577,7577,1503614323549,9,-2,-3,-1,-3,-2,-3,-16
7578,7578,1503614323563,-9,-8,-1,-1,0,-1,-1,-7
7579,7579,1503614323573,0,-5,-1,-4,-2,-2,0,3
7580,7580,1503614323579,3,-8,-2,3,-2,-1,-1,-7
7581,7581,1503614323594,-6,1,0,2,1,1,3,-13
7582,7582,1503614323601,0,6,-3,-4,-4,-5,0,9
7583,7583,1503614323609,7,0,1,-1,-2,0,1,-13
7584,7584,1503614323623,4,-25,-11,-5,-3,-3,1,21
7585,7585,1503614323631,0,-5,-5,-2,-1,0,-3,-2
7586,7586,1503614323640,-4,-3,1,2,-2,-2,-2,-6
7587,7587,1503614323654,-9,1,0,2,2,0,4,-4
7588,7588,1503614323661,1,9,4,0,-1,-1,-3,-9
7589,7589,1503614323669,-7,0,5,-1,-1,-3,1,58
7590,7590,1503614323683,-1,-4,3,-2,0,0,-2,-10
7591,7591,1503614323691,-1,3,6,0,0,1,-4,-13
7592,7592,1503614323699,-8,-11,-7,-1,0,-3,-1,8
7593,7593,1503614323714,3,19,6,2,-1,0,-1,-10
7594,7594,1503614323721,-2,6,8,1,-2,-2,-5,-31
7595,7595,1503614323729,-4,-8,-4,1,-1,-2,-5,-32
7596,7596,1503614323744,3,1,-4,-7,-5,-4,1,7
7597,7597,1503614323751,12,-11,-4,-1,-3,-1,-1,18
7598,7598,1503614323759,-2,-2,4,1,0,3,0,8
7599,7599,1503614323774,11,13,-3,1,-1,-2,-1,-4
7600,7600,1503614323781,0,3,-3,1,-1,0,-2,-5
7601,7601,1503614323789,-9,-18,-6,-2,0,-1,-4,-2
7602,7602,1503614323803,-1,10,1,0,3,0,-1,-8
7603,7603,1503614323812,-1,2,2,0,-2,-5,-3,-5
7604,7604,1503614323819,-4,-4,-4,0,1,4,0,3
7605,7605,1503614323834,-6,-9,1,-4,-1,4,3,-15
7606,7606,1503614323841,1,-10,-6,-5,-2,-1,1,-4
7607,7607,1503614323850,0,6,3,1,0,1,-2,-10
7608,7608,1503614323863,1,-9,-9,-4,-1,-1,1,4
7609,7609,1503614323871,-8,-9,-6,-4,-3,-4,-4,-10
7610,7610,1503614323879,7,1,1,1,1,-1,-4,26
7611,7611,1503614323894,0,7,-1,-1,1,0,0,-6
7612,7612,1503614323901,-8,-6,-5,-3,-2,-1,0,-10
7613,7613,1503614323909,7,9,5,3,0,1,-7,-4
7614,7614,1503614323923,1,-3,3,5,2,-1,0,-12
7615,7615,1503614323931,-8,-6,-2,-1,-2,-8,-4,-9
7616,7616,1503614323939,-8,-6,-3,-1,-1,-2,-1,-11
7617,7617,1503614323954,8,12,3,2,-1,2,3,15
7618,7618,1503614323961,2,5,5,-1,1,0,1,1
7619,7619,1503614323969,-4,-9,-9,-4,-2,1,2,-1
7620,7620,1503614323983,-1,7,2,-3,-2,1,-1,3
7621,7621,1503614323991,1,4,8,1,0,1,2,-2
7622,7622,1503614323999,11,-9,-7,-1,-3,-2,1,26
7623,7623,1503614324014,-13,-22,-14,-5,-2,-1,3,16
7624,7624,1503614324021,-7,8,9,3,0,0,-3,1
7625,7625,1503614324029,-1,-5,-3,-3,-1,1,2,-5
7626,7626,1503614324044,1,9,4,1,1,-1,-1,-15
7627,7627,1503614324051,16,25,10,1,1,-2,0,5
7628,7628,1503614324059,-2,-3,2,-2,-1,0,-1,-9
7629,7629,1503614324076,1,5,-1,-1,-3,-1,-3,-32
7630,7630,1503614324081,18,8,-1,-1,-1,-1,-4,-10
7631,7631,1503614324089,-6,0,-6,-1,0,-1,-1,-4
7632,7632,1503614324103,-13,-5,0,-1,-1,0,5,30
7633,7633,1503614324112,-6,-14,-15,-6,-6,-3,-5,1
7634,7634,1503614324119,-5,-3,-9,-2,1,-1,-2,-14
7635,7635,1503614324134,11,1,-1,-3,-1,-3,2,8
7636,7636,1503614324146,10,28,21,7,0,1,0,-11
7637,7637,1503614324149,2,-1,10,4,2,1,2,11
7638,7638,1503614324163,-6,-1,0,-3,-2,0,-2,-6
7639,7639,1503614324171,4,4,5,4,2,2,-3,6
7640,7640,1503614324179,-16,-14,-6,-4,0,0,1,11
7641,7641,1503614324194,-9,-20,-9,-4,-1,0,2,6
7642,7642,1503614324201,14,-14,-8,-4,-6,-2,-5,-7
7643,7643,1503614324210,20,-10,-2,1,-1,-5,-2,9
7644,7644,1503614324223,4,-6,-3,-2,0,-1,0,-1
7645,7645,1503614324231,-10,-11,-7,-3,-2,1,-3,-3
7646,7646,1503614324239,-11,-12,-11,-4,-3,-3,-3,-3
7647,7647,1503614324254,-7,4,1,-1,0,1,0,-2
7648,7648,1503614324261,-15,5,2,4,2,3,0,-5
7649,7649,1503614324270,-1,10,0,-5,-1,-2,3,-1
7650,7650,1503614324283,-3,-1,-2,-2,-4,-3,-4,-4
7651,7651,1503614324291,-6,2,-5,-2,-1,3,4,13
7652,7652,1503614324299,0,4,1,3,-1,0,0,4
7653,7653,1503614324314,-1,3,-7,-1,-1,-3,-4,-1
7654,7654,1503614324321,-18,-12,0,5,4,-2,0,-1
7655,7655,1503614324329,-8,-9,-3,-1,-1,-1,-1,-7
7656,7656,1503614324345,2,2,-2,-5,-3,-2,0,-11
7657,7657,1503614324352,2,1,3,0,1,-1,-1,1
7658,7658,1503614324359,-6,1,3,-1,0,-2,0,-11
7659,7659,1503614324374,5,5,3,-2,-4,-2,-3,-15
7660,7660,1503614324381,5,0,-2,2,0,1,-5,-9
7661,7661,1503614324389,7,15,10,3,-2,-1,-2,-6
7662,7662,1503614324403,-9,-5,0,-1,-1,0,-4,-5
7663,7663,1503614324412,0,-1,1,0,-2,0,-2,20
7664,7664,1503614324419,7,9,1,-2,0,-1,3,18
7665,7665,1503614324434,-10,-10,-4,-2,-1,-1,0,-5
7666,7666,1503614324441,5,-4,2,-1,1,-3,-2,-1
7667,7667,1503614324449,0,8,5,1,1,1,-2,-20
7668,7668,1503614324463,0,3,-2,-3,-3,-1,2,5
7669,7669,1503614324471,-6,-1,0,0,1,0,-1,7
7670,7670,1503614324486,3,4,-1,2,-1,1,3,3
7671,7671,1503614324494,-2,-11,-4,1,1,-1,-1,11
7672,7672,1503614324501,10,6,4,-2,-1,-1,2,3
7673,7673,1503614324516,-6,-3,-5,-3,0,-3,-3,-13
7674,7674,1503614324523,1,10,6,0,-2,1,-3,-8
7675,7675,1503614324531,0,-3,-2,-1,-2,-2,0,-1
7676,7676,1503614324546,-3,-7,-8,-2,0,-2,0,0
7677,7677,1503614324554,0,-1,1,1,-3,1,-1,0
7678,7678,1503614324561,-2,-1,-3,1,0,-3,0,2
7679,7679,1503614324578,1,1,1,2,-1,1,-3,4
7680,7680,1503614324583,15,19,2,0,1,0,0,-1
7681,7681,1503614324599,1,2,-1,-3,0,1,-2,-14
7682,7682,1503614324605,-10,-6,-1,-2,-3,-3,-4,-17
7683,7683,1503614324614,0,-1,2,-2,2,0,-1,-10
7684,7684,1503614324621,-5,-8,-2,0,-2,0,-2,3
7685,7685,1503614324636,-3,-5,-2,-1,-1,-2,1,8
7686,7686,1503614324646,4,13,21,5,2,3,2,1
7687,7687,1503614324651,2,-2,-2,-1,0,-2,2,21
7688,7688,1503614324666,-2,-14,-8,-3,-3,-1,-4,-5
7689,7689,1503614324674,3,0,-1,-1,-1,-4,1,3
7690,7690,1503614324682,0,-6,-3,-2,0,-1,-1,5
7691,7691,1503614324696,-2,-8,-6,0,1,-1,0,-8
7692,7692,1503614324715,6,8,5,-1,-1,2,-1,4
7693,7693,1503614324736,-17,-8,-5,-4,-1,-4,-2,-7
7694,7694,1503614324741,14,19,17,3,0,-1,0,-1
7695,7695,1503614324756,-1,6,3,3,1,0,-1,-20
7696,7696,1503614324763,-16,-11,-12,-6,-3,0,-2,-4
7697,7697,1503614324771,-2,27,-2,-8,-6,-2,2,5
7698,7698,1503614324786,15,56,71,25,9,5,5,9
7699,7699,1503614324794,-11,-18,-10,-5,-5,-4,-5,-10
7700,7700,1503614324801,-6,-28,-34,-10,-4,-4,-3,2
7701,7701,1503614324816,-1,4,8,1,0,1,-1,-6
7702,7702,1503614324823,5,12,3,0,0,-1,0,0
7703,7703,1503614324831,0,-19,-21,-4,0,0,-2,1
7704,7704,1503614324847,-13,-13,-14,-5,-1,-2,-1,-9
7705,7705,1503614324854,4,-1,-7,-5,-4,-3,-2,1
7706,7706,1503614324855,-4,-4,5,0,0,2,0,4
7707,7707,1503614324861,12,6,-10,-1,0,-1,-4,-5
7708,7708,1503614324876,-3,-18,-13,-2,-3,-3,-5,-3
7709,7709,1503614324883,4,7,1,0,-1,-1,-1,-9
7710,7710,1503614324891,16,22,38,11,3,1,3,11
7711,7711,1503614324905,-9,-14,2,-1,-1,0,-1,-3
7712,7712,1503614324914,7,-10,-19,-5,-1,-1,-1,-2
7713,7713,1503614324921,14,-4,-10,-2,-3,-1,-3,-1
7714,7714,1503614324936,-3,-12,-7,-2,-2,0,-2,-7
7715,7715,1503614324943,2,4,-3,-1,-1,-2,1,5
7716,7716,1503614324951,-11,-4,-5,-3,0,-2,-2,-4
7717,7717,1503614324965,0,-3,1,-1,1,2,-3,-2
7718,7718,1503614324966,-9,0,6,0,2,1,1,3
7719,7719,1503614324974,-4,19,14,2,0,2,-1,0
7720,7720,1503614324981,2,-13,-10,-3,-2,-3,1,0
7721,7721,1503614324996,0,-10,-6,-1,-2,-2,-1,-3
7722,7722,1503614325011,-11,0,0,1,-1,1,-1,-8
7723,7723,1503614325014,-6,-3,-5,-3,-2,-4,1,3
7724,7724,1503614325026,4,-1,-2,-2,-1,0,0,5
7725,7725,1503614325034,14,-9,-15,-3,0,-1,0,3
7726,7726,1503614325041,2,-6,-9,-4,-1,-3,-2,-8
7727,7727,1503614325056,-6,-3,-1,0,0,-2,-3,-4
7728,7728,1503614325063,28,20,15,3,1,1,2,8
7729,7729,1503614325071,-7,5,4,3,-1,-1,0,-1
7730,7730,1503614325086,-21,-17,-10,-2,-2,-3,-4,-1
7731,7731,1503614325094,0,3,7,1,1,0,-2,-1
7732,7732,1503614325101,-1,-5,-10,-2,-3,-2,-1,0
7733,7733,1503614325116,-2,4,12,3,-1,0,0,1
7734,7734,1503614325123,-6,-8,-9,-5,-3,0,-2,-1
7735,7735,1503614325131,0,-2,-1,-4,1,-1,0,-2
7736,7736,1503614325148,-5,-6,1,-2,0,-2,-2,-3
7737,7737,1503614325154,-1,2,-1,-1,-1,-1,-1,-2
7738,7738,1503614325161,-4,1,1,-1,-1,-2,-1,-5
7739,7739,1503614325176,2,0,-4,-2,0,2,3,2
7740,7740,1503614325183,-6,-3,0,0,-2,2,-2,0
7741,7741,1503614325191,2,-1,-6,0,-1,1,-1,-2
7742,7742,1503614325206,-5,-11,-9,-6,-3,-3,0,0
7743,7743,1503614325215,-2,-14,-17,-4,-2,-3,-3,-3
7744,7744,1503614325221,-3,-6,-7,0,-2,0,1,0
7745,7745,1503614325236,-7,-4,-6,-3,-3,-1,-3,-2
7746,7746,1503614325243,-1,2,2,1,-2,-1,1,3
7747,7747,1503614325261,3,5,3,0,-2,-2,0,2
7748,7748,1503614325265,-2,3,5,0,0,0,-1,-2
7749,7749,1503614325274,6,7,6,2,2,0,-1,0
7750,7750,1503614325282,-2,2,4,-1,1,-3,0,-2
7751,7751,1503614325296,-3,0,-3,3,-1,-1,-3,-4
7752,7752,1503614325303,0,21,12,7,2,4,-2,-16
7753,7753,1503614325311,14,18,22,4,-2,0,4,32
7754,7754,1503614325325,-1,-7,-11,-5,-2,-5,-2,-9
7755,7755,1503614325326,-3,-13,-12,-6,-2,-5,-3,4
7756,7756,1503614325334,-2,-5,-4,-5,-2,0,-1,-3
7757,7757,1503614325341,14,19,25,6,3,3,0,3
7758,7758,1503614325357,3,-4,-5,0,2,1,0,8
7759,7759,1503614325363,-7,-15,-14,-3,-2,0,-1,1
7760,7760,1503614325371,-3,-1,1,-1,1,-2,-1,-9
7761,7761,1503614325386,0,0,-3,-2,-1,-1,-3,1
7762,7762,1503614325394,-10,-2,-2,-3,-2,-2,1,-7
7763,7763,1503614325408,-2,-8,-9,-3,-2,-1,0,-8
7764,7764,1503614325417,-1,1,2,-1,-3,-1,-1,-6
7765,7765,1503614325423,0,0,7,-1,-3,-2,-3,0
7766,7766,1503614325424,-2,3,-2,1,2,1,-2,3
7767,7767,1503614325448,-2,-6,-2,-3,-3,-4,-1,3
7768,7768,1503614325454,-10,-5,-8,-5,-1,0,0,-17
7769,7769,1503614325468,8,3,-3,-1,3,0,0,5
7770,7770,1503614325476,-13,-2,0,-1,1,-2,-5,-17
7771,7771,1503614325484,-14,-14,-9,-4,-3,2,1,0
7772,7772,1503614325499,5,4,11,5,2,0,0,5
7773,7773,1503614325506,-1,7,-1,-1,-2,-4,-1,-4
7774,7774,1503614325516,-1,3,2,1,0,-1,1,2
7775,7775,1503614325528,-1,-6,-6,0,0,1,-2,1
7776,7776,1503614325536,7,8,-1,0,-1,-1,-3,6
7777,7777,1503614325543,-7,-7,-4,-2,-2,-3,0,2
7778,7778,1503614325559,-6,-14,-6,-3,-5,-3,-2,-4
7779,7779,1503614325565,8,-1,1,-1,-1,2,1,4
7780,7780,1503614325574,24,20,21,6,1,2,2,17
7781,7781,1503614325588,2,-1,-7,-3,-3,-2,-3,2
7782,7782,1503614325596,-9,-21,-20,-4,-3,-1,-2,-6
7783,7783,1503614325603,2,0,-10,-1,0,-1,-1,-1
7784,7784,1503614325619,-15,-5,-7,-3,0,-3,-3,-1
7785,7785,1503614325625,-6,-5,7,0,-1,2,1,-3
7786,7786,1503614325634,3,0,-5,-2,1,0,-1,-1
7787,7787,1503614325650,14,13,5,3,2,0,1,12
7788,7788,1503614325656,2,-4,-2,-2,1,0,2,-5
7789,7789,1503614325663,-10,7,18,3,2,0,0,-9
7790,7790,1503614325679,-7,-3,-6,-2,-2,-1,0,3
7791,7791,1503614325687,1,-1,-3,-2,-3,-4,-2,-2
7792,7792,1503614325694,-5,2,0,-2,-3,0,-2,-6
7793,7793,1503614325709,-6,-7,0,-2,0,2,0,-1
7794,7794,1503614325717,8,-2,-7,-3,-3,-2,-1,-1
7795,7795,1503614325731,0,0,-3,-2,-1,-5,-6,-3
7796,7796,1503614325738,2,3,0,-1,1,0,0,-2
7797,7797,1503614325747,3,-13,-10,-6,-1,-2,1,15
7798,7798,1503614325754,1,0,3,0,-2,-2,-4,2
7799,7799,1503614325769,-5,-4,1,2,-4,0,-2,-9
7800,7800,1503614325776,0,1,-2,0,0,-2,-1,-5
7801,7801,1503614325791,-10,-7,-1,-2,-1,-2,-2,-9
7802,7802,1503614325799,-23,-4,6,1,-1,0,1,-4
7803,7803,1503614325807,-2,7,0,0,0,1,-1,-6
7804,7804,1503614325814,14,6,-3,-1,-1,0,-2,4
7805,7805,1503614325829,0,-5,-8,-4,-8,-8,-1,2
7806,7806,1503614325836,1,-3,1,3,11,17,4,4
7807,7807,1503614325855,2,1,-1,0,2,1,-3,-3
7808,7808,1503614325859,3,-3,-4,-3,-11,-14,-2,-7
7809,7809,1503614325867,-7,-2,-2,-1,-1,1,-1,-5
7810,7810,1503614325874,1,6,6,0,1,-1,1,2
7811,7811,1503614325889,2,3,4,0,0,0,-2,-4
7812,7812,1503614325896,8,-5,-6,-1,0,-1,-2,3
7813,7813,1503614325911,6,8,5,4,1,2,2,4
7814,7814,1503614325919,-3,-9,-7,-3,-1,-3,0,1
7815,7815,1503614325927,-3,-10,-5,-3,1,0,3,1
7816,7816,1503614325934,1,-2,-2,-2,-1,-3,-1,-1
7817,7817,1503614325951,-1,1,1,-1,0,1,-2,-2
7818,7818,1503614325956,-1,9,14,4,-1,0,-3,1
7819,7819,1503614325972,3,0,1,1,0,0,0,4
7820,7820,1503614325979,-2,-3,-4,-4,-2,-2,-1,-10
7821,7821,1503614325993,-1,6,-1,-1,1,0,-1,2
7822,7822,1503614325995,-5,2,1,-1,-2,0,-1,-1
7823,7823,1503614326009,-4,-4,-5,-6,-5,-3,-1,0
7824,7824,1503614326018,-2,-2,-2,-1,-2,-1,-2,-5
7825,7825,1503614326032,-1,-3,3,1,1,-3,-2,0
7826,7826,1503614326039,-4,-8,-13,-5,-3,-3,-1,-4
7827,7827,1503614326047,4,18,14,3,2,2,3,-2
7828,7828,1503614326061,0,-3,-4,2,0,0,-1,2
7829,7829,1503614326069,-2,-5,-4,-3,-1,2,-2,-3
7830,7830,1503614326076,-3,-2,2,0,0,-1,0,3
7831,7831,1503614326092,6,0,-8,-2,-3,-1,0,1
7832,7832,1503614326099,-2,1,0,1,-1,2,-1,2
7833,7833,1503614326107,-4,-5,5,2,1,0,-3,1
7834,7834,1503614326114,0,0,-3,-3,-3,-1,-1,-1
7835,7835,1503614326129,-3,-18,-16,-6,-2,-4,-2,-4
7836,7836,1503614326136,2,1,7,2,3,-1,3,2
7837,7837,1503614326152,1,-2,-3,0,0,-2,-1,1
7838,7838,1503614326159,-1,-1,-7,-5,-4,0,-3,-4
7839,7839,1503614326167,-4,-7,-4,-2,-2,-3,-3,-7
7840,7840,1503614326173,2,6,5,0,-2,1,0,2
7841,7841,1503614326190,0,2,3,-1,-1,-2,1,3
7842,7842,1503614326196,-1,-4,-2,0,-1,-4,-1,-3
7843,7843,1503614326212,-1,5,2,1,1,3,-2,-7
7844,7844,1503614326221,-4,6,11,0,-1,0,0,-7
7845,7845,1503614326227,-10,-5,0,-1,1,-2,-2,-4
7846,7846,1503614326234,-3,-6,-6,-2,3,-1,-1,-3
7847,7847,1503614326249,7,5,7,1,-2,0,-2,10
7848,7848,1503614326257,-1,-5,-6,-1,2,2,-1,-1
7849,7849,1503614326272,-4,-4,-7,-4,-1,0,2,-2
7850,7850,1503614326279,6,0,0,-1,-4,-7,-1,1
7851,7851,1503614326287,6,5,-1,1,1,2,-1,-7
7852,7852,1503614326294,5,-1,-6,0,0,0,-1,1
7853,7853,1503614326309,11,-2,-2,-2,-1,0,0,9
7854,7854,1503614326316,0,1,-3,-2,1,2,-2,2
7855,7855,1503614326332,-4,2,-1,-1,0,1,0,-2
7856,7856,1503614326339,-4,1,8,2,-1,-2,0,1
7857,7857,1503614326347,-1,-3,-2,0,-2,-2,0,-1
7858,7858,1503614326368,-5,-5,-4,-1,-1,-1,-2,1
7859,7859,1503614326370,0,-2,-1,1,0,0,0,2
7860,7860,1503614326376,-2,3,1,-1,1,1,1,1
7861,7861,1503614326392,-2,-1,-1,-1,-2,-1,-4,-4
7862,7862,1503614326399,0,-1,2,0,-2,0,1,-2
7863,7863,1503614326407,-4,0,-1,1,1,-3,-2,-9
7864,7864,1503614326421,0,-2,-1,1,-3,-2,-1,-3
7865,7865,1503614326422,0,-1,-2,-1,-2,0,0,1
7866,7866,1503614326429,-5,0,-4,-3,-2,-4,-2,-2
7867,7867,1503614326436,-10,-10,-7,-3,-4,-3,-4,-8
7868,7868,1503614326454,-2,-5,-3,0,-1,1,-1,-1
7869,7869,1503614326459,5,1,-2,-2,0,0,1,7
7870,7870,1503614326467,-3,1,-1,0,-1,0,-1,4
7871,7871,1503614326481,2,-3,0,1,-2,-1,-1,-11
7872,7872,1503614326489,3,1,1,-1,-1,-3,1,9
7873,7873,1503614326496,2,7,-1,0,-1,-3,-3,0
7874,7874,1503614326511,-5,3,3,-1,-1,-1,-2,-4
7875,7875,1503614326519,-1,-6,-4,-3,0,2,0,1
7876,7876,1503614326527,0,-2,-2,0,-1,-2,3,1
7877,7877,1503614326541,-2,4,15,4,2,-2,-1,-6
7878,7878,1503614326549,-3,-4,0,0,0,1,-1,-1
7879,7879,1503614326557,1,2,-2,-2,-2,-2,-1,2
7880,7880,1503614326571,8,-1,-3,-2,1,-1,-1,2
7881,7881,1503614326579,-7,0,-2,-1,0,1,0,-4
7882,7882,1503614326588,2,-2,-4,-3,-2,-2,0,1
7883,7883,1503614326601,3,1,-2,2,0,0,2,6
7884,7884,1503614326609,-7,-2,0,-2,-2,1,-2,-6
7885,7885,1503614326616,-1,-10,-8,-4,-2,2,-2,5
7886,7886,1503614326631,8,6,8,2,1,-1,2,6
7887,7887,1503614326638,2,-1,-5,-2,-1,-3,-2,7
7888,7888,1503614326647,-1,7,-4,-1,-2,1,-2,-4
7889,7889,1503614326661,-3,-1,-1,-2,-1,1,-1,1
7890,7890,1503614326662,-4,-4,-1,-1,0,1,0,-6
7891,7891,1503614326669,1,11,-3,-1,-2,-3,-2,-3
7892,7892,1503614326683,-3,15,1,-1,-1,-1,-2,-6
7893,7893,1503614326691,1,-18,1,-2,-1,1,0,2
7894,7894,1503614326699,2,-8,3,-1,-2,-2,-1,1
7895,7895,1503614326707,-2,-5,-1,0,-1,-2,-1,-5
7896,7896,1503614326722,1,-8,-3,0,1,1,2,0
7897,7897,1503614326730,-2,0,-3,-2,0,-1,-4,-10
7898,7898,1503614326736,0,-2,0,-1,0,-2,-1,-5
7899,7899,1503614326752,-2,0,2,-1,-2,-2,-1,5
7900,7900,1503614326759,4,4,-1,-2,0,-2,0,1
7901,7901,1503614326767,3,13,5,1,-2,0,2,2
7902,7902,1503614326781,0,-4,-3,-1,-1,-3,-3,-2
7903,7903,1503614326790,0,-4,-7,-3,0,-1,1,0
7904,7904,1503614326797,-2,-1,4,1,-1,-1,-2,-3
7905,7905,1503614326812,-4,-4,0,0,0,-1,0,-2
7906,7906,1503614326818,-1,-1,-4,-5,-3,-1,-1,1
7907,7907,1503614326819,-3,3,4,-2,-2,1,-1,-2
7908,7908,1503614326827,0,-2,-2,-1,1,-2,-1,1
7909,7909,1503614326841,0,3,7,2,-1,0,-1,2
7910,7910,1503614326849,6,14,5,2,-2,-1,-1,-4
7911,7911,1503614326856,1,3,-3,-3,-1,-3,0,-1
7912,7912,1503614326872,-7,-10,-5,-3,-2,0,-2,-3
7913,7913,1503614326879,-2,-3,-1,-1,-2,-1,1,0
7914,7914,1503614326887,-1,-5,-5,-3,-2,-1,0,-2
7915,7915,1503614326901,0,5,11,2,2,1,0,-1
7916,7916,1503614326909,-5,-3,6,1,0,-1,0,2
7917,7917,1503614326916,-2,4,-6,-1,-2,1,0,1
7918,7918,1503614326932,1,7,15,4,3,0,1,1
7919,7919,1503614326938,4,-3,-4,-2,-1,-1,0,6
7920,7920,1503614326947,-5,-10,-10,-4,-2,-1,-1,0
7921,7921,1503614326961,-1,1,-1,-2,1,0,-1,-4
7922,7922,1503614326969,-3,-3,-3,-2,-1,0,-1,-1
7923,7923,1503614326976,-2,-3,-8,-3,-1,-1,1,1
7924,7924,1503614326992,-5,-3,-4,-2,0,-2,1,-4
7925,7925,1503614326999,-6,-5,-5,1,-1,-2,-3,-3
7926,7926,1503614327014,0,-4,-2,-2,-5,-1,-1,0
7927,7927,1503614327025,5,-3,-2,1,0,0,0,0
7928,7928,1503614327030,0,-1,-5,0,1,0,1,0
7929,7929,1503614327036,-5,-7,-5,-4,-2,-3,-2,-5
7930,7930,1503614327052,-1,-6,-1,1,0,0,-3,-3
7931,7931,1503614327059,5,-3,3,0,1,-1,-1,-2
7932,7932,1503614327067,-3,-1,1,0,-3,-1,0,-1
7933,7933,1503614327081,-7,-2,-4,0,-2,-1,-1,-2
7934,7934,1503614327091,7,8,0,-4,1,-2,-2,2
7935,7935,1503614327096,1,13,1,-1,0,-1,-2,-1
7936,7936,1503614327112,-1,0,-1,-1,-1,1,-1,1
7937,7937,1503614327119,-1,-1,1,0,-2,1,-1,-2
7938,7938,1503614327127,-4,-6,-2,-1,-1,-2,-3,-6
7939,7939,1503614327129,-2,-4,-4,-2,1,-1,0,-2
7940,7940,1503614327141,-4,-4,1,1,0,-2,0,-1
7941,7941,1503614327149,-5,-2,-3,0,-2,-2,-4,-9
7942,7942,1503614327158,4,9,7,4,1,-1,2,-2
7943,7943,1503614327172,-3,-6,-14,-2,-1,-2,-1,-2
7944,7944,1503614327179,-5,-4,-2,-4,-2,-2,-2,-4
7945,7945,1503614327187,1,-1,1,2,1,0,-2,3
7946,7946,1503614327201,-4,-5,1,-3,0,0,1,-2
7947,7947,1503614327210,-2,-2,-1,-2,-1,0,0,2
7948,7948,1503614327216,-1,-1,7,1,0,-2,-1,3
7949,7949,1503614327232,0,2,0,1,-1,-3,0,0
7950,7950,1503614327233,-3,1,7,0,-2,1,2,-3
7951,7951,1503614327239,-4,-8,-8,-4,-2,-1,-1,-3
7952,7952,1503614327248,0,-5,-7,0,1,-2,-2,0
7953,7953,1503614327263,5,0,2,1,2,1,0,1
7954,7954,1503614327277,-5,-6,-6,-4,-2,-1,-1,1
7955,7955,1503614327283,1,-1,-1,-3,-2,1,-3,-3
7956,7956,1503614327300,-1,-3,-3,-1,-3,-3,-3,1
8049,8049,1503614328192,-8,2,-2,-3,1,-1,-3,-10
8050,8050,1503614328205,3,-5,-4,2,-3,-2,-1,8
8051,8051,1503614328213,5,-7,-2,4,6,3,6,30
8052,8052,1503614328221,-6,-4,-6,-4,0,-2,-2,-1
8053,8053,1503614328236,-1,-6,-4,-3,-2,1,-1,-8
8054,8054,1503614328243,-1,-1,-2,-1,-1,1,-1,-2
8055,8055,1503614328244,-4,-1,-3,0,-2,-1,-1,-5
8056,8056,1503614328252,-7,-7,-5,-2,0,-3,1,-5
8057,8057,1503614328265,-3,-5,-7,-2,0,0,-2,-12
8058,8058,1503614328274,-4,-5,2,1,-2,-3,-3,-7
8059,8059,1503614328281,1,-2,-2,-1,1,0,1,0
8060,8060,1503614328296,2,3,5,-1,-1,-2,1,-2
8061,8061,1503614328304,2,3,2,-3,-1,-2,-1,-5
8062,8062,1503614328311,-6,-2,-4,-4,-1,0,-2,-6
8063,8063,1503614328325,17,3,0,0,0,1,1,12
8064,8064,1503614328334,-6,-5,-11,-4,-3,-2,-4,-6
8065,8065,1503614328341,-9,-2,-1,0,-1,1,-2,-5
8066,8066,1503614328356,-8,-16,-14,-4,-8,-5,-4,-5
8067,8067,1503614328364,-2,6,5,0,-3,-2,-3,-6
8068,8068,1503614328372,-11,-1,-1,-3,2,1,-1,-8
8069,8069,1503614328385,6,2,1,-2,-6,-2,-1,5
8070,8070,1503614328393,4,0,4,1,0,1,-2,-4
8071,8071,1503614328402,0,7,7,1,0,-1,-1,-3
8072,8072,1503614328416,-1,3,1,1,2,-1,-3,-8
8073,8073,1503614328423,9,5,2,1,-4,-1,-2,0
8074,8074,1503614328424,-1,-8,-5,0,1,2,3,2
8075,8075,1503614328432,3,0,-1,-1,-4,-2,0,7
8076,8076,1503614328445,-11,-4,-6,-1,0,-2,-3,-10
8077,8077,1503614328454,17,6,1,-2,2,2,4,21
8078,8078,1503614328463,1,21,7,0,1,-1,-2,-3
8079,8079,1503614328476,2,2,3,2,-1,0,-1,6
8080,8080,1503614328483,4,-4,-4,-2,2,-2,-1,6
8081,8081,1503614328492,-7,-7,0,2,2,-1,2,-4
8082,8082,1503614328506,-4,-8,-7,-2,1,-1,0,0
8083,8083,1503614328513,-4,-3,-4,1,-1,-1,0,-7
8084,8084,1503614328514,0,5,3,-3,-3,-1,-4,-12
8085,8085,1503614328521,-5,-5,-2,-3,-8,-3,-1,-2
8086,8086,1503614328536,-5,-5,-5,-2,-2,-2,-4,-3
8087,8087,1503614328550,-6,1,-9,-3,-1,2,-2,6
8088,8088,1503614328552,0,-8,-1,-2,2,0,1,8
8089,8089,1503614328566,1,-7,5,1,-2,-4,-2,2
8090,8090,1503614328574,-4,4,3,-1,-2,-2,-2,-6
8091,8091,1503614328581,-4,5,-7,1,3,0,-2,-14
8092,8092,1503614328599,12,0,-2,3,-2,2,1,28
8093,8093,1503614328604,-5,-12,-11,-1,2,1,-2,-4
8094,8094,1503614328612,1,4,1,0,-2,-3,-1,1
8095,8095,1503614328625,5,4,8,2,0,0,2,8
8096,8096,1503614328634,-6,2,6,-1,-3,0,-4,-19
8097,8097,1503614328641,0,-4,-3,-2,-1,-2,-1,-19
8098,8098,1503614328656,-13,-5,-4,0,-1,-2,-9,-22
8099,8099,1503614328665,11,8,11,1,-1,1,-1,-7
8100,8100,1503614328673,2,4,1,-1,0,-2,3,7
8101,8101,1503614328685,2,-2,1,4,4,3,2,5
8102,8102,1503614328694,0,-4,1,-1,-1,1,-2,-8
8103,8103,1503614328703,0,-9,-11,-3,-3,-3,-1,6
8104,8104,1503614328716,7,2,-4,-1,0,-1,1,-5
8105,8105,1503614328724,-1,4,0,-5,-5,-4,-1,-4
8106,8106,1503614328735,-16,-8,-6,-4,0,-4,-1,-2
8107,8107,1503614328746,6,-1,4,-1,-4,-3,-4,3
8108,8108,1503614328754,5,0,-1,-1,0,0,1,2
8109,8109,1503614328761,-8,-4,-2,-2,0,-1,0,0
8110,8110,1503614328776,-5,-4,-4,-4,-5,-2,-3,-5
8111,8111,1503614328784,13,1,0,-2,-3,-1,1,31
8112,8112,1503614328792,5,5,1,2,3,0,0,10
8113,8113,1503614328806,-3,-4,-2,-1,2,3,2,11
8114,8114,1503614328814,2,-5,0,0,0,2,2,-14
8115,8115,1503614328828,-9,-1,-2,-2,-3,0,-3,-18
8116,8116,1503614328836,-6,-1,-2,-4,-4,-2,0,-9
8117,8117,1503614328844,7,3,-4,-3,-1,-4,-2,1
8118,8118,1503614328852,-1,5,4,1,-6,-1,1,3
8119,8119,1503614328866,-2,-2,1,0,-1,-6,0,-4
8120,8120,1503614328880,-14,-3,-4,-3,4,-2,-3,1
8121,8121,1503614328882,-2,1,6,5,0,1,4,-1
8122,8122,1503614328897,6,0,0,-3,2,-3,5,6
8123,8123,1503614328904,-5,-1,-1,-3,-4,-3,-3,-5
8124,8124,1503614328912,3,4,-1,1,-1,4,0,12
8125,8125,1503614328925,-6,-4,1,0,1,0,-4,-9
8126,8126,1503614328934,-8,-6,1,1,-2,1,-5,-18
8127,8127,1503614328942,-2,4,9,1,-4,-1,-1,12
8128,8128,1503614328956,-1,1,2,-2,-4,1,0,5
8129,8129,1503614328963,-3,-1,-5,-2,-3,1,-1,-9
8130,8130,1503614328971,-2,-1,0,4,-3,-4,-4,-8
8131,8131,1503614328985,-7,0,-1,-1,1,1,2,1
8132,8132,1503614328993,11,0,-5,-2,-1,1,-1,19
8133,8133,1503614329001,-8,-2,-2,2,-1,-4,-3,-4
8134,8134,1503614329016,3,3,0,1,3,-1,-2,-5
8135,8135,1503614329023,1,-19,-9,-5,-2,3,0,19
8136,8136,1503614329033,11,-6,1,0,0,-1,1,-2
8137,8137,1503614329045,-5,-7,0,0,3,2,-3,-14
8138,8138,1503614329053,-3,3,0,-1,-2,-3,-2,14
8139,8139,1503614329061,-2,-2,-5,2,1,0,-1,-7
8140,8140,1503614329076,14,4,0,-3,0,0,5,9
8141,8141,1503614329083,-12,4,-1,1,5,-2,1,-6
8142,8142,1503614329091,-7,11,9,2,1,-1,-4,-15
8143,8143,1503614329105,-10,3,-4,-4,-3,-1,0,1
8144,8144,1503614329113,-3,-13,-7,-5,-1,-4,-3,-7
8145,8145,1503614329121,-6,8,-2,-4,-5,-2,-2,3
8146,8146,1503614329136,6,10,-9,-4,-1,0,2,10
8147,8147,1503614329143,-4,-5,1,-1,-2,-5,-5,-2
8148,8148,1503614329144,4,-8,-6,-3,0,-4,-2,-16
8149,8149,1503614329158,-4,1,0,-2,-2,-2,0,-9
8150,8150,1503614329167,11,15,9,3,0,-1,-1,3
8151,8151,1503614329174,35,6,9,6,2,3,4,31
8152,8152,1503614329188,25,7,9,0,-3,-1,-2,1
8153,8153,1503614329196,-12,-12,-7,1,-1,-1,-2,-10
8154,8154,1503614329204,-6,-4,-1,-2,1,0,-2,-1
8155,8155,1503614329220,-26,-15,-8,-2,2,1,-2,-11
8156,8156,1503614329225,2,-9,-7,-3,-1,0,2,0
8157,8157,1503614329234,-3,11,-1,-1,-2,-3,-5,-1
8158,8158,1503614329248,-2,-12,-5,0,-4,0,1,6
8159,8159,1503614329256,-9,-18,-12,-5,-4,-1,-1,-7
8160,8160,1503614329265,-4,-4,-1,0,-3,-3,-6,-5
8161,8161,1503614329278,-4,-6,-4,-5,-2,1,0,-9
8162,8162,1503614329279,1,2,7,2,1,0,0,-2
8163,8163,1503614329285,-8,3,1,-5,-1,1,-1,-5
8164,8164,1503614329293,4,0,6,3,1,0,-2,11
8165,8165,1503614329308,-20,-2,-6,-3,-1,0,1,-23
8166,8166,1503614329316,-6,7,3,-2,-1,2,0,4
8167,8167,1503614329323,11,4,-1,2,-2,-2,-4,7
8168,8168,1503614329339,4,4,4,3,3,1,3,-4
8169,8169,1503614329345,6,12,4,-1,-1,3,1,14
8170,8170,1503614329353,-4,2,5,-3,-4,-3,0,2
8171,8171,1503614329370,9,1,-4,-3,-2,-1,0,11
8172,8172,1503614329376,-12,-12,-5,-5,-4,-3,-3,-26
8173,8173,1503614329383,-1,-6,-1,3,2,-2,-5,-1
8174,8174,1503614329398,-6,-6,-11,-3,-1,-1,-1,-4
8175,8175,1503614329405,9,4,13,10,7,3,-2,1
8176,8176,1503614329413,-13,-5,-3,-2,-4,1,-2,0
8177,8177,1503614329414,3,3,-1,-1,1,-1,3,7
8178,8178,1503614329428,-1,15,6,-4,-8,-4,-1,5
8179,8179,1503614329436,0,1,-5,-1,0,-3,1,17
8180,8180,1503614329444,-4,-14,-8,-4,-3,-4,-5,-42
8181,8181,1503614329459,-2,-8,-4,-3,-5,-1,-3,-5
8182,8182,1503614329465,-3,1,1,1,-1,-1,0,5
8183,8183,1503614329474,-1,-3,-1,3,2,2,-3,8
8184,8184,1503614329488,20,-9,2,-1,0,1,7,27
8185,8185,1503614329496,1,18,10,3,1,1,0,-3
8186,8186,1503614329504,-12,-10,-13,-8,-6,1,1,3
8187,8187,1503614329518,-14,-2,1,4,0,-1,-6,-21
8188,8188,1503614329525,1,3,3,2,0,-1,0,-6
8189,8189,1503614329533,-3,0,4,1,0,-4,-2,-23
8190,8190,1503614329548,-9,-5,-1,-1,-2,-3,-2,1
8191,8191,1503614329556,7,-8,-4,0,3,1,2,1
8192,8192,1503614329563,2,2,-1,-6,-3,-2,-3,9
8193,8193,1503614329579,8,-2,-7,-5,-5,-3,-7,-8
8194,8194,1503614329585,-5,-1,-1,1,-1,0,-1,-10
8195,8195,1503614329593,4,-3,-7,-4,-5,-3,0,0
8196,8196,1503614329608,-2,4,0,-1,2,2,-2,-15
8197,8197,1503614329616,2,15,11,6,4,3,-2,-4
8198,8198,1503614329623,4,-5,-5,-1,-1,-1,-1,-9
8199,8199,1503614329639,8,-4,3,-2,-2,-2,3,13
8200,8200,1503614329645,30,16,6,2,-1,0,5,16
8201,8201,1503614329653,-30,-7,-6,0,1,2,2,-13
8202,8202,1503614329670,-18,-14,-17,-4,-1,-1,-2,-6
8203,8203,1503614329676,3,-11,-10,-7,-5,-1,2,24
8204,8204,1503614329683,-7,4,-4,-2,0,-2,-4,-6
8205,8205,1503614329698,-6,-5,-1,1,1,-2,-1,7
8206,8206,1503614329706,-1,-5,4,1,1,-2,-1,6
8207,8207,1503614329714,0,2,2,-4,-3,-2,1,4
8208,8208,1503614329728,-10,1,0,-1,0,1,2,2
8209,8209,1503614329737,1,2,9,2,1,-1,-5,-13
8210,8210,1503614329744,14,2,2,2,0,0,2,29
8211,8211,1503614329758,1,-11,-11,-6,-3,0,-2,-2
8212,8212,1503614329766,4,5,13,3,4,1,1,-2
8213,8213,1503614329775,2,1,7,2,2,1,-1,-1
8214,8214,1503614329789,-1,0,-2,0,-5,-2,-3,-19
8215,8215,1503614329796,-4,2,1,-2,-4,-4,1,-3
8216,8216,1503614329805,-2,3,9,2,2,2,-2,-7
8217,8217,1503614329820,-1,-5,-5,4,1,-1,0,1
8218,8218,1503614329833,-8,-16,-8,-3,-1,-3,-3,0
8219,8219,1503614329838,12,-1,4,-2,-1,2,2,0
8220,8220,1503614329848,-3,13,8,3,-1,0,0,-1
8221,8221,1503614329856,6,-2,-12,-4,-1,-1,-4,-7
8222,8222,1503614329864,0,-11,-7,-3,-2,-2,1,-3
8223,8223,1503614329879,4,6,4,0,-1,-1,0,2
8224,8224,1503614329886,-2,-3,-4,0,0,-1,-2,-2
8225,8225,1503614329894,-5,-6,-10,-5,-3,-3,-2,-2
8226,8226,1503614329908,2,11,7,3,-1,-3,-3,-6
8227,8227,1503614329916,6,4,0,-2,1,2,7,26
8228,8228,1503614329923,-3,-4,-6,-4,-3,-3,-1,2
8229,8229,1503614329938,10,8,4,2,-1,-1,-2,2
8230,8230,1503614329946,14,5,-2,2,1,0,0,3
8231,8231,1503614329954,-8,-11,-3,-4,0,0,-3,-1
8232,8232,1503614329968,0,1,-1,0,2,-1,-2,-11
8233,8233,1503614329976,-13,-7,-9,-4,-4,-4,-7,-18
8234,8234,1503614329983,-15,-23,-12,-8,-2,-1,-6,-29
8235,8235,1503614329998,7,9,-3,-2,-1,1,1,20
8236,8236,1503614329999,5,12,5,3,1,-2,-1,-1
8237,8237,1503614330006,-8,-4,-1,-2,0,-2,-1,-2
8238,8238,1503614330014,1,0,0,-3,0,-4,-3,-12
8239,8239,1503614330028,-3,-1,3,1,2,1,1,23
8240,8240,1503614330036,29,2,-3,-1,0,3,8,23
8241,8241,1503614330043,-2,0,-3,-2,-3,2,0,1
8242,8242,1503614330058,-2,11,9,2,-1,1,-5,-4
8243,8243,1503614330066,-5,-4,-4,-3,-1,-2,4,-11
8244,8244,1503614330081,-25,-31,-7,-2,-3,-2,-4,-11
8245,8245,1503614330088,8,-2,-1,1,0,-2,0,-7
8246,8246,1503614330096,-6,2,-1,-1,-1,-3,4,15
8247,8247,1503614330110,-7,0,-1,-1,-4,-3,-4,26
8248,8248,1503614330119,-13,8,3,-1,0,1,-3,-59
8249,8249,1503614330120,4,0,5,7,2,-1,0,29
8250,8250,1503614330126,0,9,3,0,-2,-1,0,-8
8251,8251,1503614330142,0,2,-3,-3,-2,0,1,-5
8252,8252,1503614330148,-3,-3,0,4,1,0,-4,5
8253,8253,1503614330156,23,12,2,1,-1,0,6,47
8254,8254,1503614330172,-9,-4,-2,-6,-3,-2,-1,-3
8255,8255,1503614330178,-8,-4,-4,2,0,-3,-3,-27
8256,8256,1503614330186,1,-4,-2,-4,-1,-1,-3,-7
8257,8257,1503614330201,13,-3,-4,-3,1,-1,-2,-31
8258,8258,1503614330208,-3,-3,-1,0,-2,0,5,0
8259,8259,1503614330216,-25,-2,3,0,-1,-4,-9,-91
8260,8260,1503614330231,17,11,1,-1,2,4,3,19
8261,8261,1503614330240,-10,-5,-6,-5,-4,0,-3,-23
8262,8262,1503614330246,12,6,-5,1,2,-1,2,20
8263,8263,1503614330261,-1,-2,0,-2,-1,-2,-1,30
8264,8264,1503614330268,-3,-8,-5,-1,-1,-1,-3,5
8265,8265,1503614330277,-4,1,1,2,-1,2,5,11
8266,8266,1503614330290,-7,7,3,-2,0,-3,-6,-25
8267,8267,1503614330298,-10,-6,-1,-2,-1,-1,-6,-10
8268,8268,1503614330307,-7,-6,0,-1,-2,0,-3,-10
8269,8269,1503614330321,0,0,-2,-5,-1,-2,0,10
8270,8270,1503614330328,-4,-2,1,-1,-1,-5,-7,-10
8271,8271,1503614330344,13,9,4,5,1,2,2,8
8272,8272,1503614330350,-7,-5,-2,-3,-2,0,4,19
8273,8273,1503614330358,10,2,-4,-4,-2,0,0,4
8274,8274,1503614330366,9,-3,-7,1,-3,-5,2,26
8275,8275,1503614330382,-3,5,3,2,1,0,-1,-2
8276,8276,1503614330388,3,3,1,-3,1,1,3,-7
8277,8277,1503614330396,-7,7,14,4,-1,-4,-6,3
8278,8278,1503614330411,-1,4,3,2,-2,-1,-3,-11
8279,8279,1503614330418,-1,-3,-6,-4,-2,0,3,-10
8280,8280,1503614330426,-8,-3,-3,4,3,1,3,-5
8281,8281,1503614330442,-3,10,-1,0,0,-2,-2,-8
8282,8282,1503614330448,-1,12,2,-2,-1,0,-4,-22
8283,8283,1503614330456,11,9,3,0,1,2,4,16
8284,8284,1503614330470,-31,-5,-3,-6,-5,1,0,17
8285,8285,1503614330478,5,-8,-7,-6,-4,-3,1,3
8286,8286,1503614330486,13,-10,-5,-3,-1,-4,6,12
8287,8287,1503614330501,-15,-13,-3,3,2,-2,-6,1
8288,8288,1503614330508,1,-13,-5,1,1,2,1,6
8289,8289,1503614330516,-5,11,1,-2,0,0,1,-11
8290,8290,1503614330530,-3,3,4,-3,-1,-3,-6,-18
8291,8291,1503614330541,-15,-26,-21,-3,-1,-1,-2,-4
8292,8292,1503614330546,10,13,-8,-3,-1,1,0,-25
8293,8293,1503614330561,3,-10,-1,1,0,-4,-3,27
8294,8294,1503614330568,35,13,3,3,1,0,-5,16
8295,8295,1503614330576,9,2,-1,-2,-3,3,2,8
8296,8296,1503614330590,-10,-7,4,-1,-2,-3,-3,-5
8297,8297,1503614330598,2,4,3,1,-1,-2,-1,9
8298,8298,1503614330608,6,6,10,3,1,1,1,-12
8299,8299,1503614330621,-26,-7,-3,0,-4,-2,-3,-37
8300,8300,1503614330628,3,3,1,-3,-2,-1,-2,26
8301,8301,1503614330636,8,7,3,0,0,4,-1,1
8302,8302,1503614330650,-10,-9,-2,-2,-2,0,5,15
8303,8303,1503614330658,0,-1,2,0,-1,-3,-7,-25
8304,8304,1503614330666,0,-18,-8,-3,-4,0,6,38
8305,8305,1503614330682,-17,3,1,-3,-2,-1,0,-2
8306,8306,1503614330689,-11,2,5,2,1,0,1,-9
8307,8307,1503614330696,-1,0,0,-2,-1,1,2,9
8308,8308,1503614330712,-18,0,0,0,-1,-1,-4,-20
8309,8309,1503614330718,6,-3,-2,4,4,0,2,15
8310,8310,1503614330734,0,1,-5,-2,1,0,-4,-22
8311,8311,1503614330743,-1,0,-4,-6,-3,-3,2,-5
8312,8312,1503614330750,7,5,-1,-2,-3,-3,-5,-15
8313,8313,1503614330756,0,-8,-2,0,0,0,-1,1
8314,8314,1503614330772,14,-1,-9,-1,-1,-3,-3,-13
8315,8315,1503614330779,-9,2,5,0,0,-2,-5,-3
8316,8316,1503614330794,-4,-17,-8,1,2,0,0,3
8317,8317,1503614330801,5,1,0,0,-1,-1,2,7
8318,8318,1503614330810,11,3,7,2,-3,-3,-3,15
8319,8319,1503614330818,3,-7,-4,-1,0,0,2,13
8320,8320,1503614330832,11,0,-1,-1,-2,2,1,-8
8321,8321,1503614330838,-35,-7,-5,-5,-4,-2,-5,-9
8322,8322,1503614330839,-5,2,0,1,0,1,-4,-12
8323,8323,1503614330854,11,2,-1,3,2,-1,4,-4
8324,8324,1503614330861,-5,13,5,0,1,0,0,-2
8325,8325,1503614330869,7,1,1,2,-1,-2,-3,4
8326,8326,1503614330870,-29,-11,0,-1,-1,0,-2,-9
8327,8327,1503614330876,1,-3,-7,-3,-2,-1,0,-1
8328,8328,1503614330877,22,2,-6,-1,-1,-4,-2,8
8329,8329,1503614330892,-6,0,-2,-2,-1,-1,-1,6
8330,8330,1503614330898,10,6,1,-1,-5,0,-2,-9
8331,8331,1503614330914,3,1,2,-3,0,0,-3,17
8332,8332,1503614330921,-13,-10,-3,-2,0,-2,-2,-6
8333,8333,1503614330929,-7,1,-4,-1,-1,-2,-2,-20
8334,8334,1503614330936,0,-5,-1,-3,-3,-1,-1,-14
8335,8335,1503614330952,4,14,-2,1,0,-1,-4,-15
8336,8336,1503614330959,3,1,3,-1,0,-2,-3,-12
8337,8337,1503614330975,-7,-4,1,-2,-4,-3,0,5
8338,8338,1503614330982,-7,-14,-10,-5,-3,0,-2,6
8339,8339,1503614330989,41,42,5,6,3,4,6,9
8340,8340,1503614331004,3,-1,1,0,-1,1,5,10
8341,8341,1503614331012,-7,0,6,-2,0,-1,1,2
8342,8342,1503614331021,0,4,-6,-1,-1,-1,0,-1
8343,8343,1503614331034,-10,-13,-4,-3,-2,-2,-2,-8
8344,8344,1503614331044,-7,-6,3,0,-1,0,-2,4
8345,8345,1503614331050,-7,-8,-4,-3,-1,-2,-2,-3
8346,8346,1503614331064,-1,2,0,1,2,0,1,-7
8347,8347,1503614331072,-12,-10,-4,-4,-4,-2,-4,-4
8348,8348,1503614331079,0,6,5,2,0,-1,0,3
8349,8349,1503614331094,-4,3,9,4,3,1,-1,-6
8350,8350,1503614331101,13,37,18,3,-2,1,1,18
8351,8351,1503614331116,-9,-10,-5,-5,-3,-4,-5,-18
8352,8352,1503614331117,-4,-4,5,-1,-2,-2,-2,0
8353,8353,1503614331123,-12,-23,-22,-8,-3,-3,-2,-6
8354,8354,1503614331138,-11,-10,-11,-2,-4,-2,-2,-1
8355,8355,1503614331140,-1,-12,-4,-3,-2,-2,-1,1
8356,8356,1503614331154,-2,-10,-6,-4,1,-1,1,-2
8357,8357,1503614331161,-1,-17,-10,-1,-2,0,-2,-2
8358,8358,1503614331169,-3,8,13,1,0,1,0,1
8359,8359,1503614331183,14,8,-3,1,2,1,1,11
8360,8360,1503614331192,10,-9,-6,-3,-4,-3,1,13
8361,8361,1503614331198,-3,0,-5,-1,-3,-1,-2,0
8362,8362,1503614331214,8,-2,-9,-3,1,-2,-1,-2
8363,8363,1503614331221,-7,-6,-3,-2,-1,-3,-2,-2
8364,8364,1503614331229,1,9,11,1,0,-1,0,-2
8365,8365,1503614331246,-6,2,-6,-4,-2,1,-4,-8
8366,8366,1503614331252,2,-3,-13,-3,-1,-2,-2,-2
8367,8367,1503614331259,-10,-8,-7,-2,-1,-1,-1,-6
8368,8368,1503614331274,35,12,1,0,0,2,3,7
8369,8369,1503614331281,5,0,9,1,1,-3,-1,1
8370,8370,1503614331289,-5,10,4,0,0,-1,0,10
8371,8371,1503614331303,0,-9,0,-2,-1,-3,-1,6
8372,8372,1503614331314,-10,-13,2,-1,1,2,-1,-8
8373,8373,1503614331318,-6,2,7,-1,-1,-3,-1,-2
8374,8374,1503614331334,-39,-9,0,1,-2,2,-1,-6
8375,8375,1503614331341,-4,6,10,7,1,3,0,-3
8376,8376,1503614331351,15,20,-8,-4,-3,-3,-2,0
8377,8377,1503614331363,11,-12,-9,-2,-1,-1,0,0
8378,8378,1503614331371,-18,-25,-3,0,1,1,0,-7
8379,8379,1503614331379,12,15,6,1,0,0,3,10
8380,8380,1503614331394,-37,-18,-11,-4,-4,-3,-3,1
8381,8381,1503614331401,-13,-20,-16,-5,0,-1,-1,-14
8382,8382,1503614331409,-2,-5,-16,-5,-2,0,-2,-3
8383,8383,1503614331424,-12,-9,-6,-3,-3,-1,-3,-3
8384,8384,1503614331432,6,-5,-3,1,1,1,-1,-3
8385,8385,1503614331438,2,4,2,3,-1,-4,0,-3
8386,8386,1503614331454,2,14,13,2,1,1,0,0
8387,8387,1503614331461,3,2,5,2,0,2,0,1
8388,8388,1503614331469,-1,-13,-9,-2,-3,-3,-3,-5
8389,8389,1503614331484,1,6,0,0,2,1,0,-6
8390,8390,1503614331492,-4,-7,-10,-2,-3,1,1,-3
8391,8391,1503614331493,-4,2,13,2,1,1,1,5
8392,8392,1503614331498,2,5,-1,-1,0,-3,-2,0
8393,8393,1503614331515,14,7,0,1,-1,-1,0,-4
8394,8394,1503614331521,6,3,-1,-1,1,-1,1,3
8395,8395,1503614331529,14,1,-8,-3,-3,-3,-4,-8
8396,8396,1503614331546,0,3,2,0,-2,-1,-2,-1
8397,8397,1503614331552,6,16,11,2,1,-1,0,-2
8398,8398,1503614331559,-5,0,3,-1,-1,-1,-2,-1
8399,8399,1503614331574,9,10,6,2,-2,-3,0,3
8400,8400,1503614331582,-7,-1,2,1,1,0,-2,1
8401,8401,1503614331589,4,3,10,0,2,-1,3,1
8402,8402,1503614331603,-6,-1,-2,-1,-2,-2,-2,-2
8403,8403,1503614331615,-3,-15,-9,-2,1,-2,1,6
8404,8404,1503614331619,12,24,28,3,-2,1,1,10
8405,8405,1503614331634,4,-8,2,0,-1,-2,0,2
8406,8406,1503614331641,4,-1,-6,-3,-1,-4,0,-3
8407,8407,1503614331651,-6,10,5,-1,-1,5,-2,-3
8408,8408,1503614331663,4,0,4,2,1,0,-1,2
8409,8409,1503614331664,1,-2,-4,-1,0,2,0,-2
8410,8410,1503614331672,-5,0,0,-3,-1,-2,-3,-3
8411,8411,1503614331680,-4,-3,6,2,-1,-3,-1,-1
8412,8412,1503614331700,-8,-7,-6,0,-1,-1,-1,-4
8413,8413,1503614331701,1,-4,-8,-2,-2,0,-1,1
8414,8414,1503614331709,-4,-8,-11,-2,-2,-2,-1,-4
8415,8415,1503614331724,-2,7,9,3,1,0,-1,-1
8416,8416,1503614331731,-12,-5,-6,-2,-1,0,0,-2
8417,8417,1503614331738,-1,11,1,1,2,0,0,-2
8418,8418,1503614331756,8,7,13,0,-1,-2,0,2
8419,8419,1503614331761,-7,-18,-3,-3,-2,-1,-2,-2
8420,8420,1503614331769,-3,3,-3,1,-2,0,3,9
8421,8421,1503614331784,-5,-12,-10,-6,-1,-2,1,2
8422,8422,1503614331791,5,-3,-7,-1,0,-1,-3,1
8423,8423,1503614331798,2,3,7,2,0,-1,0,-2
8424,8424,1503614331814,0,1,0,0,-1,1,1,-3
8425,8425,1503614331821,12,23,0,3,-1,0,0,-3
8426,8426,1503614331829,-7,-6,-6,2,2,0,-3,-4
8427,8427,1503614331843,-6,-8,-10,-2,0,-2,-1,-3
8428,8428,1503614331851,-6,-5,-6,-2,-3,0,0,-6
8429,8429,1503614331858,-3,-3,-4,-2,0,2,0,5
8430,8430,1503614331874,2,7,12,1,0,0,0,0
8431,8431,1503614331882,0,-11,-11,-2,-3,-1,-2,-1
8432,8432,1503614331890,-4,-6,-5,-2,-2,-1,-6,-7
8433,8433,1503614331903,-1,-5,-8,-3,0,-1,-2,-2
8434,8434,1503614331911,2,-7,-6,-3,-1,-1,-1,1
8435,8435,1503614331926,5,-15,-19,-4,-1,-3,0,0
8436,8436,1503614331934,11,10,6,2,-2,1,-1,-2
8437,8437,1503614331941,4,-8,-1,-3,-3,1,-2,0
8438,8438,1503614331956,-4,-6,-7,0,-1,0,1,-2
8439,8439,1503614331963,2,11,8,2,0,-2,0,-2
8440,8440,1503614331971,6,4,-4,-1,-1,-2,-1,-2
8441,8441,1503614331986,-2,7,7,-1,1,2,1,-1
8442,8442,1503614331994,-3,-1,2,0,2,-2,-1,-1
8443,8443,1503614332001,-6,-3,2,-1,-1,-1,-1,0
8444,8444,1503614332016,16,13,13,2,0,1,1,9
8445,8445,1503614332023,-10,-9,-7,-2,-5,-4,-3,-4
8446,8446,1503614332031,-14,-10,-7,-1,-1,-4,-2,0
8447,8447,1503614332046,0,6,7,3,1,2,-2,-3
8448,8448,1503614332054,1,10,8,-1,-1,-1,2,2
8449,8449,1503614332061,-1,-9,-11,-4,-3,-3,-2,1
8450,8450,1503614332076,2,-2,-9,-4,-3,-1,-1,0
8451,8451,1503614332083,-4,0,-2,1,-1,0,1,1
8452,8452,1503614332091,-9,-4,-1,-2,-1,0,1,-4
8453,8453,1503614332113,-3,-2,-3,-2,1,3,-2,1
8454,8454,1503614332115,1,-9,-9,-1,-1,0,-1,0
8455,8455,1503614332121,-1,-4,-5,-2,-1,1,0,1
8456,8456,1503614332136,-11,-5,1,1,-1,2,-2,-1
8457,8457,1503614332143,7,15,20,3,1,1,2,-1
8458,8458,1503614332153,-2,-9,-9,-2,-3,-4,-1,-2
8459,8459,1503614332166,-3,-2,0,-4,-2,-2,0,6
8460,8460,1503614332174,-10,-4,-9,-3,-3,2,-1,-9
8461,8461,1503614332185,-10,-11,-8,-3,-1,-4,-2,-6
8462,8462,1503614332196,-1,-15,-11,-6,-2,-2,0,0
8463,8463,1503614332203,2,-4,-2,2,-1,1,1,-3
8464,8464,1503614332211,-8,-7,-8,-1,1,1,-2,-4
8465,8465,1503614332229,4,-2,0,0,-1,-4,1,3
8466,8466,1503614332234,6,7,10,0,-1,-1,-1,-3
8467,8467,1503614332241,-4,3,-1,-1,1,3,-2,-7
8468,8468,1503614332256,14,7,2,-1,-1,-5,-5,-1
8469,8469,1503614332264,4,6,8,1,-1,-1,0,6
8470,8470,1503614332272,-1,4,3,1,1,2,3,-3
8471,8471,1503614332286,-17,-7,10,0,-2,1,-2,-3
8472,8472,1503614332294,0,-3,-8,1,0,-2,-2,-1
8473,8473,1503614332301,9,5,-5,-3,-3,1,-3,-6
8474,8474,1503614332317,-5,2,2,-2,-3,-1,-2,-3
8475,8475,1503614332323,2,-4,-13,-1,1,-3,-3,-2
8476,8476,1503614332331,-6,7,2,3,1,-1,2,-1
8477,8477,1503614332346,-28,-1,6,2,1,2,1,-5
8478,8478,1503614332354,-7,-7,-2,-2,-1,0,0,0
8479,8479,1503614332361,-1,-6,-7,-2,-3,-1,-2,-3
8480,8480,1503614332376,3,-14,-19,-6,-3,-2,0,5
8481,8481,1503614332390,8,14,-1,2,0,-1,-1,3
8482,8482,1503614332392,2,-3,2,1,0,-3,-4,-1
8483,8483,1503614332406,-2,-3,2,0,2,0,2,2
8484,8484,1503614332414,8,-3,0,-2,0,2,-1,3
8485,8485,1503614332428,12,7,4,0,-1,1,-1,-1
8486,8486,1503614332436,0,1,11,3,-1,0,1,-1
8487,8487,1503614332443,0,-1,-4,-2,-2,1,-3,-3
8488,8488,1503614332452,0,10,-7,-2,-2,-3,-2,-1
8489,8489,1503614332466,-11,-13,-9,-1,-3,-4,-1,-6
8490,8490,1503614332474,-1,-1,-3,-2,-2,0,1,0
8491,8491,1503614332481,1,-2,-3,-4,-2,-3,-1,0
8492,8492,1503614332496,-2,-3,1,0,1,-1,1,5
8493,8493,1503614332503,18,-2,0,-4,-2,-1,2,4
8494,8494,1503614332511,-4,1,4,1,-1,1,-1,1
8495,8495,1503614332527,-6,-12,-13,-2,-3,-5,-4,-5
8496,8496,1503614332534,-3,-9,-1,0,-2,1,-1,3
8497,8497,1503614332541,10,-7,-8,-2,0,1,-1,4
8498,8498,1503614332556,-1,3,-5,-3,-1,1,0,-2
8499,8499,1503614332563,-1,2,0,0,-2,-1,-2,0
8500,8500,1503614332571,6,3,8,2,1,1,-1,-3
8501,8501,1503614332587,-17,2,7,0,-1,-2,-1,-3
8502,8502,1503614332594,-6,1,-1,-2,0,-2,0,-3
8503,8503,1503614332601,2,5,6,2,2,-1,1,5
8504,8504,1503614332617,2,-2,-2,-1,-1,-1,-1,-1
8505,8505,1503614332623,-11,-4,-1,-1,-2,-2,0,-5
8506,8506,1503614332624,0,3,0,-1,-2,-1,2,-3
8507,8507,1503614332631,0,1,8,0,-1,0,-1,2
8508,8508,1503614332646,1,8,2,2,-1,0,0,0
8509,8509,1503614332654,7,13,16,3,1,-2,-1,4
8510,8510,1503614332661,2,-11,-5,-1,2,0,-4,-3
8511,8511,1503614332676,-4,-1,2,-2,0,-3,-3,-4
8512,8512,1503614332685,-3,-1,-1,-2,-2,-2,-1,1
8513,8513,1503614332692,1,9,-6,1,3,2,1,-1
8514,8514,1503614332706,-1,11,13,3,1,-2,0,1
8515,8515,1503614332714,-6,-9,-7,-4,-3,-1,-2,-4
8516,8516,1503614332721,-6,-2,-1,-1,-1,0,0,-4
8517,8517,1503614332736,-1,0,-2,-1,-1,-1,2,1
8518,8518,1503614332743,-6,7,1,-1,1,0,1,2
8519,8519,1503614332753,2,5,2,0,-1,0,-3,6
8520,8520,1503614332766,4,-2,-1,-3,-1,1,0,0
8615,8615,1503614333703,3,4,0,0,-3,-2,-1,2
8616,8616,1503614333718,0,-3,-2,1,-1,-1,-1,-3
8617,8617,1503614333726,-3,-4,-3,-4,2,-2,-2,-2
8618,8618,1503614333734,-2,0,2,2,0,0,-2,-2
8619,8619,1503614333748,-4,-8,0,-2,-2,-3,0,-1
8620,8620,1503614333757,0,-1,-2,-3,0,1,-1,-1
8621,8621,1503614333763,3,-8,-5,-1,-2,-2,1,-4
8622,8622,1503614333778,-2,2,-3,0,0,-5,-2,-3
8623,8623,1503614333786,0,6,-6,-4,0,0,2,0
8624,8624,1503614333801,15,6,8,0,0,2,9,27
8625,8625,1503614333808,-5,-4,2,1,0,1,-1,-1
8626,8626,1503614333816,10,6,-4,-3,-2,-2,-1,13
8627,8627,1503614333830,0,0,-2,-2,-1,-1,-1,4
8628,8628,1503614333838,-6,2,1,2,1,-3,-2,-11
8629,8629,1503614333846,-3,-4,-1,3,2,1,-2,-2
8630,8630,1503614333861,-6,-8,-13,-4,-2,-1,-3,-11
8631,8631,1503614333868,-2,-8,-2,-2,-1,1,-1,3
8632,8632,1503614333876,-3,-3,-9,-6,-3,0,-8,-19
8633,8633,1503614333891,-3,-3,-5,-1,1,-3,0,-9
8634,8634,1503614333898,-4,-2,-8,-3,-1,-4,-4,-7
8635,8635,1503614333899,-7,-7,-4,-1,0,-4,-2,-5
8636,8636,1503614333906,-9,-4,-1,-3,-4,-3,-5,-29
8637,8637,1503614333921,-12,-6,-7,-4,-2,-2,-1,-5
8638,8638,1503614333928,8,6,-1,-1,0,-1,0,12
8639,8639,1503614333936,1,9,9,1,-1,2,-1,3
8640,8640,1503614333950,3,0,2,1,-1,-1,-2,-8
8641,8641,1503614333959,-3,-5,-1,2,-1,-2,-3,-5
8642,8642,1503614333966,-5,-1,1,-1,0,0,-1,-4
8643,8643,1503614333981,2,2,3,0,1,-1,1,-7
8644,8644,1503614333988,3,-1,2,0,-2,0,-1,10
8645,8645,1503614333996,-5,6,13,2,2,0,0,0
8646,8646,1503614334010,8,7,5,-1,-2,-2,1,14
8647,8647,1503614334018,-10,-11,-9,-3,1,-3,-1,-9
8648,8648,1503614334026,-2,5,1,-1,-1,1,-1,-2
8649,8649,1503614334041,8,0,-3,0,-2,1,0,12
8650,8650,1503614334048,3,-3,-2,-1,-1,-1,0,2
8651,8651,1503614334058,4,-1,-2,2,-2,-1,1,13
8652,8652,1503614334070,0,-5,-6,-3,-1,-1,-2,-13
8653,8653,1503614334078,1,-11,-7,-5,-3,0,0,10
8654,8654,1503614334086,-1,-3,-4,-2,-1,-2,0,0
8655,8655,1503614334101,3,11,2,3,3,1,-1,-5
8656,8656,1503614334108,-7,-2,0,-2,0,1,0,-5
8657,8657,1503614334116,1,-4,-4,-2,0,-1,1,0
8658,8658,1503614334130,7,5,9,4,1,4,5,23
8659,8659,1503614334138,-4,-4,2,-3,-4,0,-3,-6
8660,8660,1503614334146,-11,0,3,-1,-2,-7,-3,-2
8661,8661,1503614334161,1,9,0,-2,0,0,-2,-2
8662,8662,1503614334168,1,-6,-10,-2,-1,0,0,-18
8663,8663,1503614334176,0,-10,-6,-4,-1,0,-2,-4
8664,8664,1503614334190,-5,-4,-3,-2,-2,-2,0,-3
8665,8665,1503614334198,3,-3,-10,-1,-4,-1,-2,-2
8666,8666,1503614334206,0,0,0,2,0,0,-1,8
8667,8667,1503614334221,-3,0,5,0,1,-3,-2,6
8668,8668,1503614334229,6,-2,-4,-2,0,2,1,23
8669,8669,1503614334236,-5,-6,-5,-4,-2,-3,0,-17
8670,8670,1503614334250,10,-1,-1,2,0,1,5,11
8671,8671,1503614334260,3,3,5,3,0,0,2,7
8672,8672,1503614334268,-4,3,-3,-1,-2,-2,-3,-10
8673,8673,1503614334281,7,0,-4,1,-1,0,0,5
8674,8674,1503614334288,13,7,5,3,1,0,3,29
8675,8675,1503614334296,-17,-9,-6,-4,0,0,-2,-6
8676,8676,1503614334310,-2,4,3,1,1,1,-1,5
8677,8677,1503614334318,-4,-3,2,2,1,-1,-2,-9
8678,8678,1503614334327,-18,-5,-1,-2,-1,-1,-5,-20
8679,8679,1503614334341,7,0,-1,-1,-4,0,1,1
8680,8680,1503614334349,1,0,-2,-1,0,-1,-4,-10
8681,8681,1503614334356,-6,1,1,-2,1,-4,-2,-8
8682,8682,1503614334370,-3,-6,-6,-1,-1,-3,-4,-13
8683,8683,1503614334378,0,-1,1,-2,1,0,0,1
8684,8684,1503614334386,-10,0,2,-3,-2,0,-3,-26
8685,8685,1503614334402,-6,-4,2,0,-1,0,-2,0
8686,8686,1503614334408,1,0,0,-1,0,-1,0,4
8687,8687,1503614334416,3,6,4,0,-2,-1,-5,-11
8688,8688,1503614334432,-4,-3,-1,-1,-5,0,-2,2
8689,8689,1503614334438,8,-3,-2,0,0,0,0,-12
8690,8690,1503614334446,7,5,1,-1,0,-2,0,-5
8691,8691,1503614334462,0,5,0,-1,-2,-3,1,-2
8692,8692,1503614334469,-6,-5,1,-1,0,0,-2,2
8693,8693,1503614334476,-6,-3,0,0,1,2,0,-1
8694,8694,1503614334490,-2,-6,-9,-2,1,1,-2,-1
8695,8695,1503614334500,-9,-1,-2,-3,-3,-3,0,-7
8696,8696,1503614334506,5,9,4,-2,-1,-1,0,3
8697,8697,1503614334521,-1,-8,-10,0,-2,2,4,6
8698,8698,1503614334529,-3,-4,-4,-1,0,2,-1,-5
8699,8699,1503614334530,-1,4,7,4,-2,-1,-2,-3
8700,8700,1503614334537,1,-2,1,-1,-2,0,0,33
8701,8701,1503614334550,-18,-15,-10,-5,-3,-1,1,-18
8702,8702,1503614334561,-19,-3,4,0,1,0,-2,8
8703,8703,1503614334567,16,3,-1,-1,0,-2,4,23
8704,8704,1503614334568,-2,-1,0,-3,-1,-1,-2,-3
8705,8705,1503614334581,9,6,4,2,1,1,-1,3
8706,8706,1503614334588,-1,1,-2,-1,-1,1,1,0
8707,8707,1503614334597,5,-1,-1,-5,-4,-4,-2,-1
8708,8708,1503614334610,4,-4,-8,0,-2,1,-1,3
8709,8709,1503614334625,-7,5,2,-2,-2,-1,-4,-6
8710,8710,1503614334628,9,35,23,2,2,-1,1,1
8711,8711,1503614334641,-10,-5,-8,0,1,0,-3,-21
8712,8712,1503614334648,1,-16,-8,0,-1,0,0,24
8713,8713,1503614334656,18,1,1,-1,-3,-3,-2,30
8714,8714,1503614334670,4,-6,-5,-3,-2,0,-2,-4
8715,8715,1503614334678,-1,-6,-5,0,-1,-1,0,-10
8716,8716,1503614334686,-18,-6,-3,-1,-1,-3,-5,0
8717,8717,1503614334701,2,4,-3,-1,-1,-1,-3,-11
8718,8718,1503614334708,6,4,8,4,-1,0,2,10
8719,8719,1503614334716,0,5,3,1,0,0,0,0
8720,8720,1503614334730,0,-9,-7,-6,-1,-1,1,-9
8721,8721,1503614334739,1,-5,-4,-2,-2,-1,1,9
8722,8722,1503614334752,6,-3,-7,-1,-6,-3,0,2
8723,8723,1503614334762,-23,-5,-2,0,3,4,3,37
8724,8724,1503614334769,-10,-15,-12,-7,-2,-4,-5,-23
8725,8725,1503614334783,-3,-4,7,2,-1,2,2,-39
8726,8726,1503614334790,2,1,3,0,-1,0,-1,9
8727,8727,1503614334799,-8,-10,-5,-1,0,-4,-4,-16
8728,8728,1503614334813,2,-8,-3,2,0,1,-2,0
8729,8729,1503614334821,11,13,3,-2,-4,0,-2,11
8730,8730,1503614334829,2,6,3,3,3,-1,-2,-1
8731,8731,1503614334843,13,2,4,1,-1,-1,2,-5
8732,8732,1503614334850,-11,0,2,4,-1,3,1,-6
8733,8733,1503614334858,-47,-13,-8,-3,-1,-1,-3,-27
8734,8734,1503614334873,-1,-4,-8,-5,-2,-5,-1,-16
8735,8735,1503614334881,17,5,-2,0,-2,-1,-5,-8
8736,8736,1503614334888,-59,-15,-9,-5,-6,-6,-5,-22
8737,8737,1503614334903,-8,-2,-2,-1,-4,-1,-4,10
8738,8738,1503614334910,24,7,4,1,0,2,4,18
8739,8739,1503614334918,13,6,1,0,2,-1,0,12
8740,8740,1503614334933,33,7,3,2,2,0,-5,-12
8741,8741,1503614334941,8,-3,-4,-5,-3,-2,2,-2
8742,8742,1503614334955,41,12,5,2,0,2,5,-3
8743,8743,1503614334963,10,0,0,-1,-3,-5,-2,-5
8744,8744,1503614334978,13,1,1,-2,2,5,6,13
8745,8745,1503614334979,-17,-3,-2,-2,-1,-2,-3,3
8746,8746,1503614334992,8,0,-2,-3,0,0,-5,3
8747,8747,1503614335001,25,10,-1,4,1,-2,1,44
8748,8748,1503614335008,-24,-13,-1,-1,-2,-4,2,11
8749,8749,1503614335023,11,10,9,2,1,2,1,6
8750,8750,1503614335030,-2,-2,-1,0,1,1,0,9
8751,8751,1503614335039,5,-2,-3,-2,-1,-1,1,-13
8752,8752,1503614335052,-9,1,3,0,-1,-4,-5,-11
8753,8753,1503614335061,-8,-1,5,3,0,-2,-2,-5
8754,8754,1503614335068,9,-3,-4,-2,0,-1,-8,-11
8755,8755,1503614335083,6,-6,-4,-2,0,1,0,-22
8756,8756,1503614335090,-12,-4,-9,-2,-3,-1,0,-14
8757,8757,1503614335098,5,3,7,-2,-1,0,-8,-18
8758,8758,1503614335112,-5,-15,-4,-1,-1,0,-2,-9
8759,8759,1503614335113,-2,3,-4,-3,-1,2,5,9
8760,8760,1503614335121,-22,-12,-9,-3,-1,-2,-1,-4
8761,8761,1503614335128,1,6,4,4,0,-4,0,22
8762,8762,1503614335143,27,23,11,5,4,1,2,9
8763,8763,1503614335150,8,-4,-4,-3,-5,1,0,4
8764,8764,1503614335158,-9,2,-10,-2,-3,-5,-5,-8
8765,8765,1503614335173,-14,5,1,-2,0,-4,-4,-7
8766,8766,1503614335181,-23,-15,-4,-2,1,1,-4,-21
8767,8767,1503614335188,-24,-3,1,-2,-1,2,-2,-12
8768,8768,1503614335203,-9,-1,1,-2,-4,-2,-2,-14
8769,8769,1503614335210,50,8,4,5,0,-2,4,18
8770,8770,1503614335218,28,-4,-8,-2,-2,4,7,22
8771,8771,1503614335233,-16,-9,-4,-2,-3,-3,-4,-22
8772,8772,1503614335241,-4,-5,-1,-1,0,-2,3,22
8773,8773,1503614335248,18,17,18,5,3,5,3,15
8774,8774,1503614335265,-13,-5,-2,-3,0,-2,1,-4
8775,8775,1503614335271,-40,-11,-2,-2,-2,-4,-5,-19
8776,8776,1503614335278,36,8,4,3,-3,1,-2,-18
8777,8777,1503614335292,-18,-9,-8,-4,-3,-4,-2,-21
8778,8778,1503614335301,-3,5,4,2,3,1,3,16
8779,8779,1503614335308,0,-2,-3,-1,1,0,-3,-2
8780,8780,1503614335323,-2,10,-4,-7,-3,0,-3,-2
8781,8781,1503614335332,2,6,2,0,2,-2,0,9
8782,8782,1503614335338,-16,-14,-2,-1,-3,-1,-2,-6
8783,8783,1503614335352,5,-5,-3,-1,-1,-2,-3,-8
8784,8784,1503614335361,-9,-3,3,1,2,-1,4,28
8785,8785,1503614335368,6,-3,-9,-3,-2,1,1,11
8786,8786,1503614335383,9,-3,1,0,0,-2,0,12
8787,8787,1503614335390,-35,-7,-4,-3,1,0,-1,2
8788,8788,1503614335399,-7,-11,-6,-1,0,-2,-1,-15
8789,8789,1503614335413,23,13,7,3,1,1,3,12
8790,8790,1503614335421,-4,-2,2,-1,-3,-3,-1,-5
8791,8791,1503614335428,-9,-4,-4,-2,-2,-3,0,-8
8792,8792,1503614335443,2,4,-1,0,1,1,2,4
8793,8793,1503614335450,-22,-6,-2,0,-2,2,2,-3
8794,8794,1503614335458,-2,7,2,1,-1,-1,-4,-11
8795,8795,1503614335472,-10,0,-2,-1,3,-1,-2,-13
8796,8796,1503614335474,-13,-5,3,-1,0,-3,0,0
8797,8797,1503614335481,-12,-15,-10,-6,-3,-3,-1,5
8798,8798,1503614335488,9,-4,1,1,-2,-2,0,22
8799,8799,1503614335505,2,4,1,4,1,1,-1,3
8800,8800,1503614335511,14,-2,-5,-4,-1,0,-2,5
8801,8801,1503614335527,1,-9,-5,-4,-1,1,-3,-11
8802,8802,1503614335533,19,31,26,8,3,3,6,21
8803,8803,1503614335541,-30,-5,-5,-1,0,-3,-1,-16
8804,8804,1503614335548,3,1,-7,-5,-4,-4,-5,-23
8805,8805,1503614335564,16,13,13,3,-3,-1,-2,2
8806,8806,1503614335571,3,-11,-6,-2,0,3,1,-4
8807,8807,1503614335578,10,-8,-5,-2,-2,-3,-1,-3
8808,8808,1503614335592,-2,-11,-3,-1,0,-1,-2,-3
8809,8809,1503614335601,-14,-3,-4,-4,-2,0,3,42
8810,8810,1503614335608,-1,1,-7,0,-2,-4,-4,-15
8811,8811,1503614335623,-23,-4,-6,-1,-2,0,-3,-5
8812,8812,1503614335630,-4,-4,0,2,2,2,0,-5
8813,8813,1503614335638,7,-1,3,0,-1,-3,-3,-13
8814,8814,1503614335652,6,-4,-5,-1,-2,1,2,25
8815,8815,1503614335661,-3,4,-1,0,-2,0,-1,12
8816,8816,1503614335675,-15,-9,-6,-2,-1,-2,-4,-8
8817,8817,1503614335683,-1,7,2,1,1,3,-1,-26
8818,8818,1503614335690,-12,-8,-4,0,0,-3,-3,-13
8819,8819,1503614335707,-9,-11,-9,-7,-1,-5,-6,-27
8820,8820,1503614335714,11,9,11,1,-2,-1,7,23
8821,8821,1503614335721,11,-1,2,0,-1,-3,-1,7
8822,8822,1503614335736,6,3,0,-1,0,2,4,16
8823,8823,1503614335743,0,-3,-4,1,-1,2,7,37
8824,8824,1503614335758,-6,9,12,4,3,2,-7,-10
8825,8825,1503614335767,-10,-2,-4,-2,-3,3,1,-8
8826,8826,1503614335774,0,7,1,-2,-2,-2,1,-1
8827,8827,1503614335781,2,11,-2,-3,-1,-1,-1,-22
8828,8828,1503614335796,18,-3,-6,-3,-5,-5,-5,-15
8829,8829,1503614335804,11,1,3,2,0,0,3,25
8830,8830,1503614335818,-4,1,-4,-4,0,0,-6,-22
8831,8831,1503614335826,17,10,1,-4,-1,-1,-3,-1
8832,8832,1503614335835,4,3,-5,-1,-1,0,1,9
8833,8833,1503614335841,1,0,3,1,-2,0,-3,-16
8834,8834,1503614335856,0,-7,-8,-1,-2,-3,0,12
8835,8835,1503614335863,10,-6,-3,-2,1,-1,-1,-14
8836,8836,1503614335878,-13,-3,1,0,-1,-1,-4,-20
8837,8837,1503614335886,0,-3,1,-2,-1,-2,2,21
8838,8838,1503614335894,-4,-9,-6,-2,-1,0,-2,-3
8839,8839,1503614335901,4,-3,1,1,1,1,3,-5
8840,8840,1503614335916,-8,-4,-1,-4,-3,-2,0,10
8841,8841,1503614335923,-4,-6,-3,-1,-1,-1,0,2
8842,8842,1503614335939,2,-4,-3,0,-1,1,12,15
8843,8843,1503614335946,-11,-8,-5,-1,-3,-1,-5,0
8844,8844,1503614335954,-3,-1,-4,-3,-2,-1,-5,-10
8845,8845,1503614335961,-9,2,3,2,1,-1,-1,-15
8846,8846,1503614335977,0,-2,-4,-2,-1,0,3,8
8847,8847,1503614335983,7,1,-3,0,-1,0,2,29
8848,8848,1503614335999,2,2,1,-1,0,-3,-2,-6
8849,8849,1503614336006,-2,-4,1,0,-3,-2,-2,-6
8850,8850,1503614336014,4,1,0,1,0,0,0,-2
8851,8851,1503614336021,-5,3,0,-4,-2,-2,-5,-28
8852,8852,1503614336036,-9,-1,-3,-4,-4,-6,-14,-43
8853,8853,1503614336044,9,38,13,1,-2,-1,-2,14
8854,8854,1503614336059,-5,-7,-3,-2,-1,2,2,1
8855,8855,1503614336066,-6,-17,-6,-1,-2,-4,-3,-12
8856,8856,1503614336074,3,-1,2,4,-1,0,2,13
8857,8857,1503614336088,3,-1,1,8,4,2,1,5
8858,8858,1503614336096,-6,-12,-7,-2,-2,-2,-1,-6
8859,8859,1503614336103,-1,11,2,1,0,-1,3,10
8860,8860,1503614336104,10,11,7,1,1,-3,0,0
8861,8861,1503614336119,3,5,5,0,1,-2,-4,4
8862,8862,1503614336126,-1,-9,-10,-4,-2,0,-2,-7
8863,8863,1503614336136,11,1,3,-2,0,-1,3,13
8864,8864,1503614336141,-9,-11,-6,1,0,-2,-2,-2
8865,8865,1503614336156,7,16,5,2,0,1,-3,-1
8866,8866,1503614336163,-7,-3,0,-3,0,-2,1,6
8867,8867,1503614336179,0,4,-4,-5,-4,-3,-5,-8
8868,8868,1503614336186,-4,-4,-4,1,-2,1,-1,-5
8869,8869,1503614336194,-17,-6,-3,0,2,0,1,-12
8870,8870,1503614336203,-3,-8,-1,-2,-1,0,-1,-1
8871,8871,1503614336216,1,-1,-2,1,-2,-1,0,2
8872,8872,1503614336223,-26,-4,-1,-3,0,-1,0,3
8873,8873,1503614336239,6,4,4,0,-2,1,3,10
8874,8874,1503614336246,1,-1,-1,-3,-1,-2,-1,-6
8875,8875,1503614336261,-11,-3,-7,-3,-1,0,-2,-1
8876,8876,1503614336262,6,15,12,4,-1,0,-1,-8
8877,8877,1503614336276,-2,8,8,3,1,2,4,1
8878,8878,1503614336283,11,-5,-3,-3,-2,1,9,50
8879,8879,1503614336299,-5,-3,0,0,-1,-3,-7,-18
8880,8880,1503614336306,-4,-6,-1,0,-1,0,-3,-4
8881,8881,1503614336307,-2,1,-1,-1,1,0,0,-9
8882,8882,1503614336314,-3,-10,-6,-4,-3,0,4,8
8883,8883,1503614336321,1,2,-5,-2,-1,-1,-6,-8
8884,8884,1503614336338,-8,-9,1,4,1,0,-1,1
8885,8885,1503614336343,7,11,4,0,-2,-1,-1,-14
8886,8886,1503614336351,2,4,2,0,-2,-1,-1,6
8887,8887,1503614336366,0,-12,-11,-6,-2,-2,0,8
8888,8888,1503614336375,7,13,18,7,2,0,-2,-11
8889,8889,1503614336381,17,8,4,-2,-1,-1,0,-4
8890,8890,1503614336396,3,9,-3,-3,-1,3,-1,-7
8891,8891,1503614336404,-8,-7,-6,-2,-1,1,-2,-7
8892,8892,1503614336419,-4,-15,-11,-6,-3,-2,-8,-22
8893,8893,1503614336426,-20,-8,-4,1,-1,-1,-4,-9
8894,8894,1503614336434,2,-5,-5,-2,0,-5,-1,5
8895,8895,1503614336441,3,1,4,0,-1,-3,-1,-9
8896,8896,1503614336456,-4,-26,-13,-4,-1,-2,2,14
8897,8897,1503614336463,-22,-5,-7,-3,-2,-1,-1,-1
8898,8898,1503614336480,5,15,10,2,-1,0,1,9
8899,8899,1503614336486,4,-6,-3,0,0,1,-3,-4
8900,8900,1503614336494,-5,-3,-4,-4,1,-2,1,-4
8901,8901,1503614336501,5,15,8,0,2,-1,-3,-1
8902,8902,1503614336516,9,11,13,2,-5,1,2,9
8903,8903,1503614336523,0,-2,1,0,-2,-2,-3,-7
8904,8904,1503614336539,-4,-5,-3,-4,-1,0,-2,5
8905,8905,1503614336546,11,-9,6,0,-2,-1,2,8
8906,8906,1503614336554,-5,-14,-9,0,-1,1,-3,3
8907,8907,1503614336561,4,-15,-13,-4,-1,-1,-1,0
8908,8908,1503614336576,-2,-2,-5,-2,-1,-4,-1,-7
8909,8909,1503614336583,0,-4,-7,-4,-2,0,-1,-1
8910,8910,1503614336605,4,54,31,8,2,6,4,4
8911,8911,1503614336606,-16,-30,-10,-4,-4,-3,-3,0
8912,8912,1503614336607,15,33,17,4,3,1,3,8
8913,8913,1503614336614,-6,-20,-13,-8,-4,-2,0,3
8914,8914,1503614336628,-10,-2,4,0,-2,-1,-2,-9
8915,8915,1503614336639,-4,-20,-18,-4,-1,-3,-2,-7
8916,8916,1503614336643,-9,-16,-13,-2,0,0,-2,-16
8917,8917,1503614336659,1,-12,-11,-3,-1,-2,3,13
8918,8918,1503614336666,-7,-1,-2,-1,0,0,1,8
8919,8919,1503614336674,9,0,-6,1,0,0,-2,1
8920,8920,1503614336688,2,-1,3,2,-1,-1,0,-1
8921,8921,1503614336696,-5,-4,-1,-3,-1,-2,-4,-8
8922,8922,1503614336705,0,-5,-9,-3,-3,-1,-1,0
8923,8923,1503614336719,4,-5,-5,2,1,-3,-1,1
8924,8924,1503614336726,18,23,21,7,2,0,3,6
8925,8925,1503614336734,6,3,2,-1,-1,-1,-1,1
8926,8926,1503614336748,4,-7,-3,-1,-5,0,-2,0
8927,8927,1503614336756,-13,-5,2,-2,-2,-1,-1,-7
8928,8928,1503614336763,2,22,4,0,1,1,0,-3
8929,8929,1503614336779,-4,-3,-4,-4,-2,-3,-3,0
8930,8930,1503614336786,-10,-14,-8,-2,-1,0,1,0
8931,8931,1503614336794,-3,6,2,0,0,-3,1,1
8932,8932,1503614336808,1,9,20,3,1,2,-3,-2
8933,8933,1503614336816,7,-5,-5,-1,-4,-2,-1,-1
8934,8934,1503614336823,-14,-17,-13,-6,-2,-4,-2,-7
8935,8935,1503614336839,4,6,1,-1,-1,0,-3,2
8936,8936,1503614336846,7,-5,-10,-4,1,-1,-1,1
8937,8937,1503614336854,-12,-9,-8,-3,-2,-2,1,-10
8938,8938,1503614336868,-7,-8,-3,-1,-2,-1,-2,1
8939,8939,1503614336876,0,0,3,1,1,-1,0,-1
8940,8940,1503614336883,-20,-1,6,2,-2,-1,-1,3
8941,8941,1503614336899,1,-3,-6,1,0,-1,0,-3
8942,8942,1503614336906,-4,-5,-3,-3,1,2,-2,-4
8943,8943,1503614336915,1,2,3,1,-1,2,1,4
8944,8944,1503614336928,1,-5,-8,0,-1,-3,-1,-1
8945,8945,1503614336936,4,-1,-2,-3,-2,0,0,3
8946,8946,1503614336943,1,-2,-2,-2,-1,0,0,-2
8947,8947,1503614336959,0,1,-1,-3,-2,0,-2,-2
8948,8948,1503614336966,0,0,-3,1,-2,-1,-2,-3
8949,8949,1503614336974,-7,-1,3,1,0,-2,-1,-3
8950,8950,1503614336988,5,2,-1,-2,-2,0,-1,2
8951,8951,1503614336997,-2,3,1,1,0,1,0,4
8952,8952,1503614337003,7,-9,-14,-5,-2,-4,-2,-1
8953,8953,1503614337019,1,13,20,3,2,1,1,-3
8954,8954,1503614337025,2,-1,1,-2,-1,0,1,0
8955,8955,1503614337034,-2,-5,-5,-2,-2,-1,-2,4
8956,8956,1503614337049,1,2,0,-1,-1,0,-3,0
8957,8957,1503614337056,2,-7,-5,0,0,1,0,1
8958,8958,1503614337063,-7,-5,-1,2,-2,-3,-1,-2
8959,8959,1503614337079,-1,-2,2,0,-1,1,-1,-1
8960,8960,1503614337086,0,0,1,0,-2,1,-3,0
8961,8961,1503614337094,2,2,5,0,-1,-2,-3,-1
8962,8962,1503614337108,-4,3,1,4,2,1,0,-2
8963,8963,1503614337116,-4,2,5,-1,-2,-2,0,-3
8964,8964,1503614337123,-1,5,4,-2,0,-1,-1,-2
8965,8965,1503614337140,-2,-5,-9,-2,1,-1,-2,-1
8966,8966,1503614337146,1,5,6,1,0,-1,0,-1
8967,8967,1503614337147,1,-4,-3,-3,-2,-2,1,1
8968,8968,1503614337154,0,3,-2,0,-2,-2,0,2
8969,8969,1503614337168,-1,-1,-5,-4,-2,-2,-1,-6
8970,8970,1503614337176,-2,-2,-2,3,-2,1,-2,-5
8971,8971,1503614337183,-7,-5,-2,-3,-1,-3,-1,1
8972,8972,1503614337198,-1,3,1,2,0,0,-1,-1
8973,8973,1503614337208,-1,1,1,0,-1,-2,-2,-1
8974,8974,1503614337214,-1,-7,-3,-3,-2,-1,0,-2
8975,8975,1503614337228,3,-4,0,0,1,4,0,1
8976,8976,1503614337236,0,-3,-6,-3,0,-1,-2,0
8977,8977,1503614337243,-9,-6,-5,-2,-1,-2,-1,-3
8978,8978,1503614337259,1,-2,-5,0,-1,0,0,0
8979,8979,1503614337266,-1,5,5,3,0,0,1,2
8980,8980,1503614337275,4,3,-4,-6,-1,0,-1,2
8981,8981,1503614337289,2,-5,-7,-3,-1,1,-1,0
8982,8982,1503614337296,1,9,12,3,-1,0,-2,2
8983,8983,1503614337303,-3,1,4,1,-4,2,-1,-2
8984,8984,1503614337318,-4,-7,-8,-4,-2,0,1,-6
8985,8985,1503614337325,-2,0,1,-1,0,-3,-1,0
8986,8986,1503614337334,-7,-10,-7,-1,0,-2,1,-1
8987,8987,1503614337348,4,-6,-5,2,2,-2,0,1
8988,8988,1503614337356,-3,0,0,-3,-2,0,-6,-3
8989,8989,1503614337363,-3,1,-2,-3,-3,-4,-1,-1
8990,8990,1503614337378,1,7,15,4,1,-1,0,-1
8991,8991,1503614337386,-2,-1,1,-3,0,1,-2,2
8992,8992,1503614337394,5,3,1,0,-1,-3,0,3
8993,8993,1503614337409,8,0,0,-2,1,0,-1,0
8994,8994,1503614337417,-1,0,-2,0,1,-2,-3,-4
8995,8995,1503614337423,-5,-13,-14,-2,0,-3,-3,-1
8996,8996,1503614337438,5,5,10,2,2,-1,2,2
8997,8997,1503614337447,2,0,4,-4,-3,-2,-1,-1
8998,8998,1503614337454,3,10,-7,0,-2,-1,0,0
8999,8999,1503614337468,5,1,-4,-1,-2,-1,2,5
9000,9000,1503614337477,0,-7,-7,-2,-1,-4,-3,2
9001,9001,1503614337484,-1,4,5,3,0,1,-1,-7
9002,9002,1503614337498,-6,-10,-10,-6,-3,1,-1,-1
9003,9003,1503614337513,13,15,18,4,2,1,3,11
9004,9004,1503614337516,-8,-6,-1,-1,-2,-1,1,-8
9005,9005,1503614337528,-14,0,-7,-1,0,0,-2,-7
9006,9006,1503614337537,1,0,2,0,0,0,0,7
9007,9007,1503614337551,3,10,11,3,-2,0,-2,4
9008,9008,1503614337558,-1,-3,-3,0,1,-1,0,-7
9009,9009,1503614337566,-2,1,2,-1,0,-3,-4,-2
9010,9010,1503614337581,0,-5,1,-1,-3,1,-1,1
9011,9011,1503614337588,-4,-12,-11,-2,-3,-3,1,-7
9012,9012,1503614337596,0,-2,-4,0,0,1,0,1
9013,9013,1503614337611,-2,7,8,1,-2,3,-3,-4
9014,9014,1503614337619,1,2,-7,-3,-1,2,-1,-3
9015,9015,1503614337626,1,9,4,2,0,-1,1,3
9016,9016,1503614337643,-1,0,6,-1,-3,-1,-1,7
9017,9017,1503614337649,-4,-8,-9,-4,-3,-4,-1,-3
9018,9018,1503614337656,-1,-3,-5,-3,0,0,1,-3
9019,9019,1503614337671,0,-3,5,1,2,-1,1,-2
9020,9020,1503614337680,-1,-5,-5,-4,-3,-2,-1,-3
9021,9021,1503614337686,-7,-9,-13,-5,-1,-3,-3,-6
9022,9022,1503614337701,-4,1,2,0,-1,-3,-2,-1
9023,9023,1503614337710,-3,-5,-2,-2,-1,0,0,-4
9024,9024,1503614337718,3,-1,1,1,1,-1,-1,-3
9025,9025,1503614337731,1,-12,-7,-4,-3,-1,-1,-1
9026,9026,1503614337739,-1,-1,0,1,1,1,-3,-3
9027,9027,1503614337747,1,0,-5,-4,0,0,1,0
9028,9028,1503614337761,-3,-5,-4,-1,-2,-1,0,0
9029,9029,1503614337768,-2,1,-6,1,-2,1,-5,2
9030,9030,1503614337778,-2,-4,-3,-3,-3,-2,1,0
9031,9031,1503614337791,1,1,-2,0,-2,-2,-1,1
9032,9032,1503614337798,0,4,0,0,-1,1,0,0
9033,9033,1503614337806,-1,-1,4,1,0,0,1,-1
9034,9034,1503614337821,-1,-3,-6,-1,-1,-4,-1,-1
9035,9035,1503614337828,1,4,4,0,0,-1,1,0
9036,9036,1503614337836,0,-3,-1,-4,-3,-2,-4,0
9037,9037,1503614337851,-4,-6,-4,-4,-1,-1,0,1
9038,9038,1503614337859,-1,4,3,0,0,0,0,-2
9039,9039,1503614337865,-5,-1,-1,-1,1,-1,0,-6
9040,9040,1503614337881,-6,-2,-1,-1,-1,-1,-2,-2
9041,9041,1503614337888,1,-6,-2,-2,-2,-1,-1,2
9042,9042,1503614337896,2,0,-3,0,0,0,0,1
9043,9043,1503614337911,-5,-5,-6,-2,-1,-1,-3,0
9044,9044,1503614337919,1,-2,-2,0,1,-1,1,-1
9045,9045,1503614337925,-2,4,6,1,2,-1,0,-2
9046,9046,1503614337926,3,0,0,0,0,-1,-1,-3
9047,9047,1503614337940,-5,-7,-8,-3,-1,0,0,0
9048,9048,1503614337941,1,1,-3,0,-1,-1,-1,-1
9049,9049,1503614337948,0,1,1,1,-2,-2,-2,0
9050,9050,1503614337956,-3,0,2,2,-1,1,0,-4
9051,9051,1503614337971,2,8,7,0,-1,-1,0,1
9052,9052,1503614337979,1,1,1,-2,0,-3,-1,0
9053,9053,1503614337987,0,2,2,-1,-1,-1,-3,-1
9054,9054,1503614338000,0,1,-1,-2,-3,-1,-1,-2
9055,9055,1503614338008,-1,-2,-2,-1,0,1,-1,1
9056,9056,1503614338017,1,0,2,-2,-2,0,-3,-2
9057,9057,1503614338030,-1,-3,-3,0,-1,-3,-2,0
9058,9058,1503614338031,4,1,7,0,-2,2,0,0
9059,9059,1503614338038,0,-3,-5,-1,1,-1,1,-1
9060,9060,1503614338046,0,-2,-3,-1,-1,-2,1,-1
9061,9061,1503614338061,-3,-2,0,-2,-1,0,0,0
9062,9062,1503614338068,-2,-4,-6,-3,-1,0,-1,-1
9063,9063,1503614338077,0,2,-1,-1,-2,0,2,-1
9064,9064,1503614338078,2,-1,-5,1,1,0,-2,1
9065,9065,1503614338091,-3,0,-2,-1,-4,-3,-1,-2
9066,9066,1503614338098,1,8,15,1,1,-1,1,0
9067,9067,1503614338105,3,10,15,2,2,1,2,2
9068,9068,1503614338121,-2,-2,-5,-1,-2,-1,-2,0
9069,9069,1503614338128,-1,0,-6,-2,-2,0,-2,-2
9070,9070,1503614338136,-2,-1,1,-1,0,-1,-1,-2
9071,9071,1503614338151,0,-5,-5,0,1,-2,0,1
9072,9072,1503614338158,0,-5,-5,0,-1,0,-1,-2
9073,9073,1503614338172,-3,-1,6,2,0,3,-3,-3
9074,9074,1503614338181,-2,0,-2,-3,-1,-2,0,1
9075,9075,1503614338189,-2,-3,-3,-2,-2,-2,-1,0
9076,9076,1503614338196,-4,-2,-2,0,-1,-1,-2,-2
9077,9077,1503614338213,0,-9,-12,-3,-1,-3,-1,-3
9078,9078,1503614338219,-2,-5,-5,-3,-3,1,-1,-2
9079,9079,1503614338226,0,-1,0,0,-1,-1,-2,-2
9080,9080,1503614338241,3,3,0,1,-1,-1,0,1
9081,9081,1503614338248,-1,0,-2,-1,-1,-2,-1,1
9082,9082,1503614338256,0,1,6,-1,-1,-2,-1,0
9083,9083,1503614338271,0,-1,-4,0,-2,1,1,-2
9084,9084,1503614338280,-2,-2,-2,0,0,-1,-1,0
9085,9085,1503614338286,0,1,3,-2,0,2,-1,-1
9086,9086,1503614338301,0,1,0,-1,1,-2,0,2
9087,9087,1503614338308,-2,-3,-2,1,0,-1,-2,-1
9088,9088,1503614338317,-1,0,-5,-2,0,-1,-2,-5
9089,9089,1503614338331,0,-6,-13,-5,-1,-4,-1,0
9090,9090,1503614338339,5,3,-1,0,-1,0,-2,1
9091,9091,1503614338347,-1,-2,-1,1,-2,2,-2,0
9092,9092,1503614338361,-5,-7,-10,-5,-2,0,0,-2
9093,9093,1503614338368,-1,1,2,0,1,0,-1,1
9094,9094,1503614338376,-3,-3,2,-1,-1,-1,0,-2
9095,9095,1503614338391,-3,2,0,-1,-3,-2,0,-3
9096,9096,1503614338399,2,2,10,3,-4,0,-1,-2
9097,9097,1503614338406,1,2,3,1,1,-2,0,-3
9098,9098,1503614338421,0,-2,-3,0,1,1,0,0
9099,9099,1503614338428,-3,0,-2,-1,1,2,-1,0
9100,9100,1503614338436,0,-1,1,0,0,0,-2,-2
9101,9101,1503614338437,3,7,6,3,-1,-2,0,1
9102,9102,1503614338451,-4,-1,-2,-1,-3,-3,-1,-1
9103,9103,1503614338459,-3,-4,-3,-2,-3,-2,-2,-2
9104,9104,1503614338472,-2,-2,-6,-4,-2,-3,2,1
9105,9105,1503614338481,-1,5,9,2,2,2,0,0
9106,9106,1503614338489,2,9,4,0,-1,-1,-1,1
9107,9107,1503614338503,-2,-1,-5,-2,-2,-1,0,-1
9108,9108,1503614338511,-1,-5,-2,-2,-1,-2,-2,-3
9109,9109,1503614338519,0,0,-1,-1,1,1,-3,0
9110,9110,1503614338532,0,0,5,2,3,1,0,0
9111,9111,1503614338541,-2,-8,-1,-2,-1,-3,-1,-2
9112,9112,1503614338548,-3,-1,0,0,-2,0,-1,-4
9113,9113,1503614338563,-1,-4,-5,1,-2,-2,-2,-3
9114,9114,1503614338571,-1,-5,0,-2,0,-2,-1,-1
9115,9115,1503614338579,0,1,-5,-2,0,-2,-1,3
9116,9116,1503614338593,0,3,-5,-1,0,-2,-1,-1
9117,9117,1503614338600,2,2,9,2,0,-1,-1,-3
9118,9118,1503614338601,1,1,1,0,1,1,-1,-1
9119,9119,1503614338608,-1,-5,-2,0,-3,-1,-3,-3
9120,9120,1503614338623,-3,-3,-2,-1,-1,-1,-1,-3
9121,9121,1503614338631,1,-1,-1,-4,-1,0,-2,0
9122,9122,1503614338639,-3,-5,-10,-4,-2,0,-1,-3
9123,9123,1503614338653,1,1,2,1,1,-1,0,1
9124,9124,1503614338661,-2,-4,-1,0,0,-1,-1,-1
9125,9125,1503614338668,1,0,0,1,-2,0,0,1
9126,9126,1503614338683,-2,-2,-3,-3,-3,1,-1,-1
9127,9127,1503614338691,0,-2,-2,1,1,-2,-1,1
9128,9128,1503614338699,0,4,3,-1,1,0,0,0
9129,9129,1503614338712,-2,-2,-1,-3,1,0,1,1
9130,9130,1503614338721,2,0,3,2,0,0,-1,-1
9131,9131,1503614338728,-4,-3,1,0,-1,-2,-2,-2
9132,9132,1503614338743,-1,-3,-6,-1,-4,-1,0,-1
9133,9133,1503614338751,2,-7,-4,-1,-3,-1,-3,-1
9134,9134,1503614338759,-3,1,3,0,-1,-2,0,-1
9135,9135,1503614338772,1,-2,0,0,-1,-1,-2,-1
9136,9136,1503614338783,1,-3,-2,-1,0,-1,0,0
9137,9137,1503614338795,-1,0,-3,-1,-1,-1,0,0
9138,9138,1503614338804,1,1,3,-1,-1,-1,2,0
9139,9139,1503614338810,0,3,-1,-2,6,7,0,0
9140,9140,1503614338826,-1,-4,-3,-2,-2,-3,-2,2
9141,9141,1503614338832,3,19,15,10,0,0,-1,0
9142,9142,1503614338841,-1,0,-3,-1,0,1,-3,-2
9143,9143,1503614338849,-7,-9,-8,-5,-5,-4,0,-3
9144,9144,1503614338863,0,0,4,4,1,0,1,1
9145,9145,1503614338871,-2,-3,-5,-6,-3,0,-1,-3
9146,9146,1503614338879,1,1,-3,-2,-1,-1,-1,-1
9147,9147,1503614338892,2,-3,-3,1,0,2,0,2
9148,9148,1503614338907,1,-1,-1,2,0,0,0,-1
9149,9149,1503614338909,2,1,-1,-3,-5,-6,-1,0
9150,9150,1503614338923,-1,0,-1,-1,7,5,0,-1
9151,9151,1503614338931,-2,-4,1,-2,-1,1,-3,-1
9152,9152,1503614338939,-1,-2,1,0,-2,-3,1,0
9153,9153,1503614338954,-1,0,4,-1,1,-1,1,-1
9154,9154,1503614338961,-2,-6,-8,-5,-1,-2,-4,-4
9155,9155,1503614338968,2,3,0,2,0,0,2,3
9156,9156,1503614338984,-3,-5,-6,-4,-2,-2,0,-3
9157,9157,1503614338991,0,-8,-6,0,-2,-2,-1,1
9158,9158,1503614338992,-7,-14,-6,-4,-3,-3,-3,-4
9159,9159,1503614338999,1,2,13,2,-2,0,1,0
9160,9160,1503614339012,-1,1,0,1,-1,1,1,0
9161,9161,1503614339021,0,0,0,-1,-1,-1,-2,0
9162,9162,1503614339028,-2,-1,-4,-5,0,-2,-4,-2
9163,9163,1503614339043,0,5,3,3,1,-4,-3,1
9164,9164,1503614339051,0,-1,-4,0,4,3,1,-4
9165,9165,1503614339059,-3,-4,0,-1,-1,0,1,-1
9166,9166,1503614339072,1,6,4,2,-4,-4,-1,0
9167,9167,1503614339081,-1,1,-5,0,-1,-2,-3,1
9168,9168,1503614339088,-4,0,0,-1,-2,-1,-2,-1
9169,9169,1503614339103,-1,-4,-6,-1,-2,-4,0,-2
9170,9170,1503614339110,2,2,0,-2,1,-1,0,-4
9171,9171,1503614339111,1,0,2,1,0,-2,0,1
9172,9172,1503614339119,0,-2,-6,-3,-3,1,-1,0
9173,9173,1503614339132,0,1,1,-1,1,1,1,-1
9174,9174,1503614339140,-1,-3,-6,-5,-4,-1,-3,-4
9175,9175,1503614339141,-4,1,1,1,0,2,1,-1
9176,9176,1503614339148,1,0,-3,0,1,-3,-4,-3
9177,9177,1503614339163,2,1,1,-1,-2,0,0,-3
9178,9178,1503614339170,-3,-7,-7,-3,-4,-5,-2,1
9179,9179,1503614339179,-1,-2,1,-2,0,0,0,2
9180,9180,1503614339193,-2,-4,0,-3,-1,-2,3,-2
9252,9252,1503614339875,1,3,6,3,-2,-2,-3,-3
9253,9253,1503614339883,1,-5,-7,-12,-6,-2,-2,-4
9254,9254,1503614339891,-1,4,1,-3,0,-1,0,0
9255,9255,1503614339906,-3,-1,-1,2,-3,-1,0,1
9256,9256,1503614339912,-3,-5,5,-1,-1,0,0,-3
9257,9257,1503614339922,-2,1,7,-4,-3,0,-2,0
9258,9258,1503614339935,-4,-2,-6,-6,-5,-4,-1,-2
9259,9259,1503614339943,-5,-7,-12,-5,-2,-3,-2,-4
9260,9260,1503614339951,-3,-4,-8,-2,-1,-4,1,1
9261,9261,1503614339966,-2,-3,-6,-5,-4,-1,-1,-5
9262,9262,1503614339972,2,4,0,2,-1,1,-2,-1
9263,9263,1503614339981,-3,-13,-5,-1,0,-1,-3,0
9264,9264,1503614339995,1,-5,2,3,2,0,0,0
9265,9265,1503614340003,4,6,-2,2,2,1,1,0
9266,9266,1503614340011,-2,0,-3,-7,-4,0,0,-4
9267,9267,1503614340028,0,4,0,-2,-3,1,-1,-1
9268,9268,1503614340032,6,9,20,6,0,3,2,2
9269,9269,1503614340041,0,8,16,7,2,-3,0,0
9270,9270,1503614340057,-5,-16,-12,-10,-4,-5,-4,-2
9271,9271,1503614340063,1,-2,5,-1,0,0,2,1
9272,9272,1503614340077,-1,-2,-8,-1,-3,-1,-1,-2
9273,9273,1503614340085,-5,-16,-18,-6,-3,-3,-2,-1
9274,9274,1503614340100,4,9,14,7,0,2,-2,3
9275,9275,1503614340102,-4,-7,-7,-3,-2,-1,-1,-1
9276,9276,1503614340115,0,9,-10,0,4,0,0,5
9277,9277,1503614340123,-1,-3,-3,-3,-1,-1,-2,0
9278,9278,1503614340131,0,6,-5,-2,-3,3,1,-4
9279,9279,1503614340146,-3,-3,-12,-1,2,-2,0,-4
9280,9280,1503614340153,2,-3,-1,2,4,-4,0,0
9281,9281,1503614340161,0,4,4,7,6,2,-2,0
9282,9282,1503614340175,-5,-2,-3,-3,-1,-2,0,-1
9283,9283,1503614340183,4,2,2,-4,-3,-2,1,3
9284,9284,1503614340191,-4,-3,-4,-1,-4,2,-2,0
9285,9285,1503614340205,0,3,5,-4,-7,-2,-1,-3
9286,9286,1503614340212,2,-3,2,-1,2,1,-1,-1
9287,9287,1503614340223,2,9,6,6,3,-2,-3,1
9288,9288,1503614340235,-3,0,-2,-2,0,-1,-2,-3
9289,9289,1503614340243,2,4,5,2,3,0,1,1
9290,9290,1503614340250,-4,-6,-3,-3,-1,-5,-1,-1
9291,9291,1503614340265,1,1,4,2,4,-1,-3,-3
9292,9292,1503614340266,-1,-4,-7,-11,-14,-4,-2,-1
9293,9293,1503614340272,2,3,1,6,-2,0,-1,2
9294,9294,1503614340280,-1,3,2,-1,0,2,1,1
9295,9295,1503614340295,1,-1,-4,-3,-4,-2,-2,-2
9296,9296,1503614340303,-1,-3,-1,2,2,0,1,0
9297,9297,1503614340310,-5,-3,-6,-10,0,-3,-4,-2
9298,9298,1503614340326,0,2,0,4,0,1,-1,-6
9299,9299,1503614340332,-3,-6,0,-1,2,-2,-1,-2
9300,9300,1503614340348,-3,-6,-6,-2,0,-2,-3,-5
9301,9301,1503614340357,2,4,5,2,1,0,-1,1
9302,9302,1503614340370,-1,0,-3,-3,-2,-1,0,-3
9303,9303,1503614340377,-3,-1,-3,-2,0,0,2,2
9304,9304,1503614340385,1,-2,2,-6,-9,-2,0,0
9305,9305,1503614340392,1,-1,6,9,-4,-1,-1,-2
9306,9306,1503614340408,-1,1,0,-3,5,-1,-1,-1
9307,9307,1503614340415,-3,1,-2,4,6,0,-2,1
9308,9308,1503614340424,-4,-5,-3,5,4,1,1,-2
9309,9309,1503614340437,3,5,4,1,5,2,-2,1
9310,9310,1503614340445,-1,-3,-3,5,22,-1,-1,1
9311,9311,1503614340452,1,-1,-1,-2,0,1,0,-7
9312,9312,1503614340469,-4,3,2,-6,-1,-5,-3,0
9313,9313,1503614340475,-2,-2,-4,-1,-1,0,1,0
9314,9314,1503614340483,1,3,2,5,-1,3,-2,-2
9315,9315,1503614340497,1,4,-7,-2,-1,-2,0,-1
9316,9316,1503614340505,1,4,4,5,-4,0,-1,0
9317,9317,1503614340512,0,-4,-4,-2,0,-1,0,-1
9318,9318,1503614340528,-1,-3,-5,0,-1,1,0,-1
9319,9319,1503614340535,-4,-3,0,0,-1,-5,-2,0
9320,9320,1503614340544,-1,-2,1,8,13,6,3,4
9321,9321,1503614340559,2,1,0,-4,-3,-3,-5,-2
9322,9322,1503614340567,-3,-6,-8,-12,-16,-10,-3,-3
9323,9323,1503614340572,-1,-1,3,4,5,9,2,-2
9324,9324,1503614340588,2,8,10,0,-5,-3,-4,-4
9325,9325,1503614340595,0,-2,0,-3,-13,-8,-3,-1
9326,9326,1503614340603,-3,-4,0,-3,-5,0,1,3
9327,9327,1503614340617,0,0,3,3,11,2,-3,-3
9328,9328,1503614340626,1,2,0,-2,-4,0,0,1
9329,9329,1503614340633,1,2,3,-5,-23,-4,0,1
9330,9330,1503614340648,-1,1,-3,-3,-4,-3,-7,-5
9331,9331,1503614340655,0,3,5,1,-2,2,3,0
9332,9332,1503614340663,-2,-3,-1,-2,-1,-3,0,0
9333,9333,1503614340677,-3,-2,-11,-7,4,6,0,-2
9334,9334,1503614340685,-2,-1,1,4,6,-2,-2,0
9335,9335,1503614340692,-2,-4,-6,-6,-4,-3,-2,1
9336,9336,1503614340708,5,0,5,0,0,7,8,5
9337,9337,1503614340715,-3,-4,0,5,11,-3,0,-2
9338,9338,1503614340726,-1,-2,-3,0,1,-2,-5,-2
9339,9339,1503614340738,0,-4,-6,-1,-5,-3,-1,-1
9340,9340,1503614340745,-3,-3,-4,-5,-10,-1,-1,-2
9341,9341,1503614340761,-1,-5,-5,-6,-4,-4,-1,1
9342,9342,1503614340768,-2,0,-4,5,5,3,3,0
9343,9343,1503614340776,2,2,5,5,2,1,3,3
9344,9344,1503614340783,0,-5,-4,-3,1,0,-1,0
9345,9345,1503614340799,4,11,19,7,5,-2,5,2
9346,9346,1503614340805,-1,0,-3,-5,-11,-6,-2,1
9347,9347,1503614340821,-3,-3,5,18,7,-2,-4,-2
9348,9348,1503614340829,0,1,3,2,-6,0,-2,-2
9349,9349,1503614340836,-1,-3,-9,-6,4,-2,-2,-4
9350,9350,1503614340843,-1,-5,-6,-1,3,-2,-3,-3
9351,9351,1503614340860,-3,1,4,-6,-17,1,1,-3
9352,9352,1503614340868,2,2,3,14,9,5,0,-1
9353,9353,1503614340881,-6,-9,-8,-8,1,-3,-3,-2
9354,9354,1503614340888,-5,-2,-2,-5,-6,-2,-1,-1
9355,9355,1503614340896,-5,-11,-13,-7,-5,2,-2,-4
9356,9356,1503614340903,0,-2,3,4,0,-6,-1,0
9357,9357,1503614340918,0,0,2,3,6,4,-3,2
9358,9358,1503614340927,-2,3,3,-8,2,-3,-1,-2
9359,9359,1503614340941,1,3,-1,-2,-1,-3,0,0
9360,9360,1503614340948,14,2,-2,-2,-7,-2,-3,0
9361,9361,1503614340956,-4,2,-2,0,-4,-1,-2,-1
9362,9362,1503614340963,-3,0,-2,-10,-10,-6,-1,-3
9363,9363,1503614340978,11,4,-2,-6,-4,5,-3,2
9364,9364,1503614340979,1,-6,-3,0,-1,-1,0,-1
9365,9365,1503614340986,15,1,1,-2,-5,2,0,1
9366,9366,1503614341002,-7,-3,-4,-4,-8,-1,3,3
9367,9367,1503614341008,-1,9,21,6,9,4,0,0
9368,9368,1503614341017,-2,-3,-4,-7,-2,-2,-3,0
9369,9369,1503614341023,1,-7,-9,-4,3,0,1,0
9370,9370,1503614341039,-2,-2,1,7,17,-3,-1,-3
9371,9371,1503614341045,-3,1,-5,-3,-1,0,-1,0
9372,9372,1503614341061,-6,-2,-3,-5,-5,5,2,0
9373,9373,1503614341069,-9,-1,1,1,2,-4,0,-1
9374,9374,1503614341076,10,5,2,-1,-3,-1,-1,0
9375,9375,1503614341083,14,-3,-3,-6,-4,0,0,0
9376,9376,1503614341098,-5,-2,-1,-1,2,-1,1,1
9377,9377,1503614341105,-7,0,-1,-2,0,3,3,0
9378,9378,1503614341121,-14,10,-4,-1,-2,-2,-4,-4
9379,9379,1503614341128,-3,-4,-4,2,-3,-2,0,1
9380,9380,1503614341136,19,-2,0,-1,-1,0,-3,3
9381,9381,1503614341143,-32,-11,-6,-3,2,1,0,-7
9382,9382,1503614341161,1,10,18,12,2,-1,-2,0
9383,9383,1503614341166,2,-4,-5,16,15,-5,-6,-4
9384,9384,1503614341181,6,-8,-13,-8,-3,0,0,-1
9385,9385,1503614341188,-12,-15,-3,-4,-12,0,-1,-3
9386,9386,1503614341196,2,4,6,1,-3,-3,1,-2
9387,9387,1503614341203,-10,-4,-14,-12,-7,0,-2,-1
9388,9388,1503614341219,-23,-7,-8,-1,-2,-2,0,-3
9389,9389,1503614341228,7,-2,4,2,0,-2,-1,2
9390,9390,1503614341241,-8,-8,-23,-4,1,-1,-3,-3
9391,9391,1503614341248,-33,-18,-9,4,13,4,1,-4
9392,9392,1503614341256,10,-9,-1,-5,0,0,2,1
9393,9393,1503614341271,21,20,18,1,-13,0,1,6
9394,9394,1503614341278,9,-5,2,-4,2,-1,-2,-3
9395,9395,1503614341285,63,13,-9,-11,-5,-2,4,7
9396,9396,1503614341301,16,3,3,-3,-13,-7,-5,-1
9397,9397,1503614341308,5,4,-9,-7,-7,-3,0,1
9398,9398,1503614341316,11,0,1,-4,-1,2,1,1
9399,9399,1503614341331,-10,1,-1,-5,5,0,-6,-7
9400,9400,1503614341338,-26,9,14,8,1,-1,-1,1
9401,9401,1503614341345,-9,4,2,2,-3,-2,-8,-5
9402,9402,1503614341363,-3,-8,7,0,-2,1,1,-4
9403,9403,1503614341368,7,-8,15,0,4,2,0,0
9404,9404,1503614341383,-4,5,0,17,8,2,-3,1
9405,9405,1503614341390,-18,-5,-8,-3,-2,-6,-2,-2
9406,9406,1503614341399,24,-5,-10,-6,-3,2,0,2
9407,9407,1503614341405,12,21,17,10,7,4,2,2
9408,9408,1503614341421,8,6,0,-4,-2,-3,0,-1
9409,9409,1503614341429,-10,-11,-14,-9,-5,-2,-2,-4
9410,9410,1503614341436,0,1,5,-2,-2,3,3,0
9411,9411,1503614341450,-10,-6,-7,-4,-6,-4,0,0
9412,9412,1503614341458,1,3,4,15,10,-1,0,-1
9413,9413,1503614341459,-7,-3,-9,-11,-16,-8,-4,-3
9414,9414,1503614341466,-31,-13,-19,-3,3,10,3,2
9415,9415,1503614341481,6,4,0,-2,1,-3,-1,1
9416,9416,1503614341489,37,3,3,0,-3,-4,0,2
9417,9417,1503614341497,-55,-23,-19,-12,-7,0,-3,-6
9418,9418,1503614341498,-10,0,-2,-2,2,0,-1,-3
9419,9419,1503614341511,-4,-1,-1,2,4,-5,-2,-4
9420,9420,1503614341518,-13,0,8,11,11,-2,-7,-7
9421,9421,1503614341525,-7,-3,4,-5,6,1,0,-3
9422,9422,1503614341541,-27,-11,-6,-10,-5,-2,-4,-5
9423,9423,1503614341548,-8,8,2,3,0,0,-1,2
9424,9424,1503614341556,-56,-4,-10,-3,-5,-1,0,-5
9425,9425,1503614341571,-2,-5,-6,-1,-7,-6,-2,-4
9426,9426,1503614341578,28,28,23,8,0,2,2,5
9427,9427,1503614341585,-41,8,11,-8,-7,0,0,-4
9428,9428,1503614341601,21,-15,-13,-5,3,1,0,1
9429,9429,1503614341608,10,-4,2,-5,1,0,1,2
9430,9430,1503614341616,16,-6,-3,-6,-2,-3,-2,2
9431,9431,1503614341631,12,-2,-2,1,-11,0,-1,2
9432,9432,1503614341638,-12,-1,-7,-1,-1,-3,1,-2
9433,9433,1503614341645,-18,-3,5,6,4,-3,0,0
9434,9434,1503614341663,-21,19,15,-5,-6,0,-4,-6
9435,9435,1503614341668,6,-5,-6,-5,-4,3,2,0
9436,9436,1503614341676,-5,-24,-16,-5,-6,1,-4,-5
9437,9437,1503614341690,13,11,17,6,4,0,3,3
9438,9438,1503614341699,21,1,-1,-2,-2,2,3,5
9439,9439,1503614341706,5,-2,-8,3,-1,-1,-2,0
9440,9440,1503614341722,12,2,1,4,3,2,1,3
9441,9441,1503614341729,5,-2,-4,-1,3,-1,1,-2
9442,9442,1503614341736,3,-3,2,11,11,-3,2,1
9443,9443,1503614341750,22,-3,0,-4,-2,-3,-2,0
9444,9444,1503614341758,21,3,3,-4,-9,-3,-2,3
9445,9445,1503614341766,6,0,1,2,6,-2,-8,-2
9446,9446,1503614341781,19,2,1,1,0,-1,1,0
9447,9447,1503614341788,-28,-1,-1,-1,-6,1,-1,-7
9448,9448,1503614341798,-13,-3,-2,-5,0,-1,-3,-6
9449,9449,1503614341810,23,16,8,18,16,-1,-2,8
9450,9450,1503614341818,-16,-2,-6,-7,-14,2,1,-2
9451,9451,1503614341833,-10,-8,-10,-3,-5,-2,0,-3
9452,9452,1503614341841,-10,0,9,6,6,2,-3,1
9453,9453,1503614341848,9,-12,3,-3,-2,-1,-2,-3
9454,9454,1503614341856,4,-9,-3,-5,-3,-5,-3,1
9455,9455,1503614341870,-22,-7,-1,3,3,-1,-4,-7
9456,9456,1503614341871,36,13,-2,-4,-1,1,1,7
9457,9457,1503614341878,-41,-3,-4,3,5,-8,-7,-15
9458,9458,1503614341885,-16,-3,-7,-6,-3,-4,-5,-10
9459,9459,1503614341901,-9,-1,-8,0,-1,2,3,1
9460,9460,1503614341908,-15,-20,-9,-4,-8,-4,-6,-8
9461,9461,1503614341916,15,5,11,2,2,2,3,4
9462,9462,1503614341931,-29,14,20,0,-2,1,1,-4
9463,9463,1503614341938,2,-10,-8,-2,-1,1,-1,-1
9464,9464,1503614341945,-11,0,-5,-2,0,0,1,3
9465,9465,1503614341961,-8,-8,-7,-7,-3,-2,-1,2
9466,9466,1503614341968,-9,3,-1,3,-2,-2,0,1
9467,9467,1503614341976,-17,-6,-4,-2,-1,-2,-3,-4
9468,9468,1503614341990,10,21,20,8,4,3,4,5
9469,9469,1503614341999,12,6,1,0,-2,2,1,0
9470,9470,1503614342006,-1,4,-11,-4,-4,-4,-2,-6
9471,9471,1503614342021,20,1,-1,8,10,2,5,4
9472,9472,1503614342028,-3,-14,-15,-5,-3,-2,-3,-3
9473,9473,1503614342036,4,-3,-5,-3,1,-1,2,5
9474,9474,1503614342050,-3,7,0,-1,0,1,-2,-2
9475,9475,1503614342058,2,3,5,-3,-4,-2,1,2
9476,9476,1503614342067,-27,10,-1,3,2,2,-1,-3
9477,9477,1503614342081,1,10,6,-3,-4,-4,-4,-1
9478,9478,1503614342088,-2,-18,-7,-2,-1,-1,-2,-2
9479,9479,1503614342096,11,17,1,3,2,3,0,1
9480,9480,1503614342110,-33,-16,-13,-13,-4,-7,-5,-9
9481,9481,1503614342118,14,-9,-14,-16,-11,-2,-1,-3
9482,9482,1503614342125,43,-9,-7,-2,-1,2,1,3
9483,9483,1503614342141,-40,-7,-10,3,4,-2,-3,-13
9484,9484,1503614342148,-12,-9,-8,-1,-1,-2,2,0
9485,9485,1503614342156,-3,8,12,6,3,2,0,7
9486,9486,1503614342171,6,-3,6,0,-2,-2,1,5
9487,9487,1503614342178,-1,16,15,4,0,-1,-1,0
9488,9488,1503614342185,-31,-6,0,-4,-4,-5,-6,-5
9489,9489,1503614342201,4,-15,-7,-1,-1,-1,2,-4
9490,9490,1503614342208,29,17,15,4,3,3,2,5
9491,9491,1503614342223,30,10,3,5,0,1,-2,3
9492,9492,1503614342232,-15,-6,-3,-1,1,0,0,1
9493,9493,1503614342239,-4,-14,-15,-7,-5,-5,1,0
9494,9494,1503614342253,15,3,-3,0,0,2,2,4
9495,9495,1503614342261,40,-7,-6,-2,1,-1,-4,2
9496,9496,1503614342269,-2,1,3,1,1,0,-2,0
9497,9497,1503614342283,3,2,8,0,-3,-3,-2,2
9498,9498,1503614342290,-21,4,10,2,-1,-1,0,-4
9499,9499,1503614342301,-19,-22,-12,-3,-1,1,0,-3
9500,9500,1503614342313,8,-10,-9,-2,1,1,2,4
9501,9501,1503614342321,16,-2,0,-6,-4,-3,-4,-3
9502,9502,1503614342328,3,6,-7,-3,-1,-1,1,-1
9503,9503,1503614342343,6,25,12,3,1,2,3,3
9504,9504,1503614342350,5,-2,1,2,0,-1,0,-1
9505,9505,1503614342367,-27,-4,-3,-2,0,1,5,-3
9506,9506,1503614342373,0,-4,-9,-3,-1,0,0,-2
9507,9507,1503614342381,-18,-12,-6,1,1,0,-2,-2
9508,9508,1503614342388,7,-7,-1,-1,-1,-3,-4,-3
9509,9509,1503614342403,0,-3,-3,-3,-3,-2,-3,-3
9510,9510,1503614342410,12,4,-4,-1,-3,-1,1,1
9511,9511,1503614342418,-40,-20,-8,-11,-7,-3,-9,-11
9512,9512,1503614342434,-7,0,5,2,2,1,-3,-1
9513,9513,1503614342441,-1,1,-2,-1,0,-2,-2,-4
9514,9514,1503614342448,0,5,3,-2,-1,1,2,-3
9515,9515,1503614342463,-10,0,-10,2,1,0,1,0
9516,9516,1503614342470,44,36,29,4,-3,-2,-2,6
9517,9517,1503614342471,-8,-18,-15,-3,1,-1,2,2
9518,9518,1503614342478,10,-7,-1,1,0,-1,1,2
9519,9519,1503614342493,11,12,6,-2,-2,-1,-3,-1
9520,9520,1503614342501,6,6,1,1,-2,1,-2,0
9521,9521,1503614342508,-1,-4,1,0,-1,0,2,-2
9522,9522,1503614342523,-1,12,3,2,0,1,2,4
9523,9523,1503614342530,10,1,10,1,-2,-2,-3,-4
9524,9524,1503614342538,1,-4,0,0,4,1,-1,1
9525,9525,1503614342553,-16,-13,-7,-8,-3,-3,-6,-7
9526,9526,1503614342561,-19,-7,-5,-4,-2,-4,-4,-4
9527,9527,1503614342568,-8,17,11,4,-2,-5,-3,-6
9528,9528,1503614342583,14,5,-4,0,1,2,2,-4
9529,9529,1503614342590,2,-15,-11,-6,-1,1,-1,-5
9530,9530,1503614342598,5,1,11,4,1,-2,0,2
9531,9531,1503614342613,51,20,2,1,-4,-1,2,11
9532,9532,1503614342621,7,0,-1,0,-1,1,0,-1
9533,9533,1503614342628,-22,-13,-2,2,3,-1,-1,-5
9534,9534,1503614342644,57,12,4,-3,-2,-4,-1,9
9535,9535,1503614342651,4,-20,-10,-1,-2,-1,3,6
9536,9536,1503614342673,-12,10,10,2,-4,-1,-2,1
9537,9537,1503614342677,-9,-2,1,-2,1,1,-4,-2
9538,9538,1503614342681,10,-2,-13,-1,1,1,-2,-3
9539,9539,1503614342688,-17,-4,-7,0,-3,-4,-1,-3
9540,9540,1503614342705,2,-2,4,2,-4,-2,1,2
9541,9541,1503614342711,3,-3,-10,-5,1,-1,0,2
9542,9542,1503614342719,-2,6,-2,-1,0,2,-1,-2
9543,9543,1503614342736,-6,-2,2,1,-1,-1,-3,-4
9544,9544,1503614342743,-34,-17,-8,-2,-3,-3,-2,-13
9545,9545,1503614342748,3,10,1,0,3,0,3,9
9546,9546,1503614342763,-12,-9,-3,-2,-1,-1,1,2
9547,9547,1503614342771,-25,0,-3,-2,-2,-1,-3,-8
9548,9548,1503614342778,-14,1,3,5,1,-1,-3,-4
9549,9549,1503614342794,-1,7,6,6,5,1,1,-1
9550,9550,1503614342802,2,4,3,-1,0,-3,-3,1
9551,9551,1503614342808,12,-7,-3,0,-4,-1,-4,-1
9552,9552,1503614342823,-13,-15,-9,-3,-2,0,3,1
9553,9553,1503614342830,-2,3,4,-3,0,0,-2,5
9554,9554,1503614342839,4,-2,-2,-4,-3,-4,-3,0
9555,9555,1503614342854,6,9,4,1,0,1,0,-4
9556,9556,1503614342861,-2,-2,-3,-4,-3,-1,-3,-5
9557,9557,1503614342870,32,1,-16,-1,-1,2,1,7
9558,9558,1503614342883,-13,-7,2,-3,-2,-2,-1,-1
9559,9559,1503614342890,-25,-27,-9,-8,-5,-1,-2,-6
9560,9560,1503614342898,32,19,-1,4,3,1,4,5
9561,9561,1503614342899,-5,2,6,5,2,-1,0,-2
9562,9562,1503614342914,5,-1,3,-1,1,-4,-1,2
9563,9563,1503614342921,26,16,-1,-2,1,1,-2,1
9564,9564,1503614342928,2,-7,-2,2,-1,-2,-1,-4
9565,9565,1503614342943,6,7,12,1,-2,0,1,4
9566,9566,1503614342950,-2,5,-14,-1,-4,-3,-4,-9
9567,9567,1503614342958,-6,-8,-12,-1,-1,0,2,-1
9568,9568,1503614342974,-4,-7,-3,-2,0,-1,-2,0
9569,9569,1503614342981,0,9,-2,0,-2,-2,-4,-20
9570,9570,1503614342988,3,17,19,5,2,3,2,1
9571,9571,1503614343003,-8,0,6,-2,-3,0,-2,5
9572,9572,1503614343011,11,8,7,0,-1,1,1,4
9573,9573,1503614343018,0,-9,-2,-4,1,1,-3,0
9574,9574,1503614343033,13,12,0,2,1,-1,0,6
9575,9575,1503614343041,-42,-6,-9,-3,-2,-3,-2,1
9576,9576,1503614343048,-14,-6,-1,0,-2,0,0,-5
9577,9577,1503614343063,9,6,4,4,2,-1,0,0
9578,9578,1503614343072,-3,-5,-6,-8,-4,-5,-1,-2
9579,9579,1503614343085,7,-5,0,0,-2,-1,-1,-4
9580,9580,1503614343094,2,2,1,0,-1,1,0,-6
9581,9581,1503614343101,12,-2,1,-2,-1,-2,0,2
9582,9582,1503614343108,-7,2,3,2,-1,0,-2,-5
9583,9583,1503614343123,10,2,-1,3,2,-2,0,2
9584,9584,1503614343130,-2,-3,-5,-3,-1,0,-3,0
9585,9585,1503614343146,3,-3,5,2,0,1,0,5
9586,9586,1503614343153,-4,-3,0,1,-1,0,0,-3
9587,9587,1503614343161,-1,-3,-6,-3,-1,0,1,-4
9588,9588,1503614343175,-6,-6,-3,-4,-2,-1,1,0
9589,9589,1503614343183,3,-1,-4,-3,0,0,0,1
9590,9590,1503614343190,1,-5,0,0,-2,-3,-1,1
9591,9591,1503614343205,3,4,10,5,1,-1,0,4
9592,9592,1503614343213,3,3,8,2,0,0,-1,3
9593,9593,1503614343221,-1,-1,-8,-3,-1,1,-1,-1
9594,9594,1503614343235,0,1,-1,-1,-2,-2,-1,-1
9595,9595,1503614343243,-5,-2,-2,-1,1,-3,-2,-4
9596,9596,1503614343250,4,3,0,-3,-1,-1,1,9
9699,9699,1503614344277,-8,1,-1,-1,-2,0,-1,-1
9700,9700,1503614344286,-8,-4,-2,2,2,4,0,1
9701,9701,1503614344293,4,-2,3,8,5,-3,-2,-1
9702,9702,1503614344310,5,-1,-2,-1,-3,-2,1,-1
9703,9703,1503614344315,6,1,-4,-3,-3,1,1,2
9704,9704,1503614344323,-18,-8,-3,1,5,0,-1,-3
9705,9705,1503614344337,-2,-2,-5,-3,-3,-3,-2,3
9706,9706,1503614344346,0,-1,0,-4,-3,-2,0,-1
9707,9707,1503614344353,-17,-1,0,-2,-2,-1,-2,-7
9708,9708,1503614344368,3,-1,1,0,1,-2,-2,-2
9709,9709,1503614344377,15,7,4,-2,-2,-2,1,10
9710,9710,1503614344383,-6,-4,-6,-2,-4,-1,0,-1
9711,9711,1503614344397,-3,10,-7,-5,0,0,-1,-16
9712,9712,1503614344405,14,3,-4,1,2,-1,-1,6
9713,9713,1503614344406,7,0,3,-2,0,-1,2,1
9714,9714,1503614344414,-16,-9,1,0,-1,-1,0,2
9715,9715,1503614344428,13,14,10,4,0,2,0,0
9716,9716,1503614344435,-11,-6,-1,-1,-1,1,1,-1
9717,9717,1503614344445,-7,-1,-5,-1,0,-3,0,3
9718,9718,1503614344457,1,-4,-3,1,0,-2,-2,5
9719,9719,1503614344465,8,-3,-5,-3,-2,1,-2,-3
9720,9720,1503614344473,-1,2,0,0,-1,0,-2,-2
9721,9721,1503614344488,23,4,7,4,-2,-2,-1,0
9722,9722,1503614344494,-2,-4,3,-1,-2,-1,-1,-2
9723,9723,1503614344503,-12,-7,4,-1,-1,1,-2,0
9724,9724,1503614344518,10,6,6,3,4,-1,-2,1
9725,9725,1503614344525,3,-15,-14,-14,-5,-3,-4,-3
9726,9726,1503614344533,-9,-11,-7,-5,-4,-2,0,-4
9727,9727,1503614344548,-5,6,17,7,3,0,0,2
9728,9728,1503614344555,-4,2,2,1,-1,1,0,0
9729,9729,1503614344563,-4,-2,-2,-1,-3,0,0,-1
9730,9730,1503614344578,11,10,7,3,1,0,2,-2
9731,9731,1503614344586,-23,5,-5,-3,-2,0,-5,-6
9732,9732,1503614344593,5,-3,-4,0,0,1,-1,4
9733,9733,1503614344608,1,-5,-8,-2,1,-1,-2,-3
9734,9734,1503614344615,-9,-9,-9,-2,-1,0,-1,-2
9735,9735,1503614344616,-8,-4,0,1,-1,-3,-1,-1
9736,9736,1503614344623,0,1,-14,-1,-2,-3,-1,-1
9737,9737,1503614344637,6,7,6,1,0,2,1,4
9738,9738,1503614344652,-7,-16,-9,-4,-2,-4,-1,-4
9739,9739,1503614344654,-8,3,-3,-1,-2,-2,0,-2
9740,9740,1503614344668,-2,13,5,2,3,2,-2,4
9741,9741,1503614344675,20,0,-7,-3,0,-4,-3,-7
9742,9742,1503614344683,19,3,6,2,-1,-1,5,7
9743,9743,1503614344697,-12,-8,2,-1,-2,0,-1,-6
9744,9744,1503614344705,-5,-4,-2,-1,2,-1,-2,-3
9745,9745,1503614344714,3,-4,-6,-2,-2,0,-2,2
9746,9746,1503614344728,5,4,5,3,-1,2,-1,1
9747,9747,1503614344735,-4,1,3,0,-1,-2,0,1
9748,9748,1503614344745,-2,-4,-3,-3,-2,-2,-2,-5
9749,9749,1503614344757,-19,-8,-2,-1,-1,0,-1,2
9750,9750,1503614344765,-5,21,14,5,1,1,0,3
9751,9751,1503614344773,-12,-11,-13,-5,-3,1,-2,0
9752,9752,1503614344788,14,5,12,6,0,-4,-1,1
9753,9753,1503614344795,7,6,2,-2,-3,-2,0,-6
9754,9754,1503614344803,1,-7,-5,-3,0,2,0,4
9755,9755,1503614344818,8,-9,-6,-4,0,-2,-2,5
9756,9756,1503614344825,3,2,2,-1,-2,-1,1,-2
9757,9757,1503614344833,7,4,-7,0,3,4,-2,-2
9758,9758,1503614344849,1,-3,-8,-2,-4,-1,-3,-3
9759,9759,1503614344855,8,-5,-1,-2,-4,-1,-2,0
9760,9760,1503614344863,-3,1,-3,-3,0,-1,1,-1
9761,9761,1503614344879,13,4,-5,3,-1,-4,-1,0
9762,9762,1503614344880,-2,-7,-2,-3,-2,-1,-2,-4
9763,9763,1503614344886,-13,1,-6,-6,-8,-4,-4,0
9764,9764,1503614344893,11,4,-6,0,4,0,1,1
9765,9765,1503614344908,10,-7,7,5,3,1,-1,-2
9766,9766,1503614344916,-28,-4,12,2,-3,1,1,-3
9767,9767,1503614344923,-15,-11,-3,-3,-1,-2,-1,-1
9768,9768,1503614344937,-8,7,3,-3,2,3,1,-6
9769,9769,1503614344948,-12,-5,-6,-3,-1,0,-2,-4
9770,9770,1503614344953,20,0,-9,-2,0,-5,-1,0
9771,9771,1503614344968,17,3,0,0,-3,-4,0,0
9772,9772,1503614344975,10,-1,-1,-2,-3,-3,-2,0
9773,9773,1503614344984,5,-17,-18,-2,0,-1,0,-1
9774,9774,1503614344997,12,11,10,5,0,3,4,12
9775,9775,1503614345005,26,8,-4,-2,0,0,2,4
9776,9776,1503614345006,-6,-6,0,1,2,1,-1,-2
9777,9777,1503614345020,-13,-10,-11,-5,-2,-5,-6,-7
9778,9778,1503614345028,8,1,-10,-6,1,1,0,-1
9779,9779,1503614345035,10,-3,8,-1,0,-1,1,4
9780,9780,1503614345036,-28,-9,-11,-2,-4,-2,-2,0
9781,9781,1503614345050,-18,-2,-7,-1,-1,-1,-2,-5
9782,9782,1503614345058,44,4,-1,1,-2,-1,2,6
9783,9783,1503614345066,1,0,1,1,1,-1,2,1
9784,9784,1503614345081,10,0,-3,-2,-2,-1,-2,0
9785,9785,1503614345089,-9,-3,3,1,2,3,-2,-2
9786,9786,1503614345095,7,7,6,0,-3,-3,-5,-4
9787,9787,1503614345110,4,5,-3,-3,-1,2,-2,7
9788,9788,1503614345118,12,6,3,-1,5,1,-2,1
9789,9789,1503614345125,-17,-12,-3,-2,-4,-4,-5,-15
9790,9790,1503614345140,-7,-6,9,3,0,-1,3,8
9791,9791,1503614345149,12,7,1,-6,-6,-2,0,2
9792,9792,1503614345156,-17,-7,-5,0,6,2,-1,-7
9793,9793,1503614345170,14,16,15,9,3,1,2,-3
9794,9794,1503614345177,-21,-3,-3,-2,-3,3,-2,-2
9795,9795,1503614345185,11,-1,3,-4,-3,-4,1,-2
9796,9796,1503614345200,-33,-25,-1,-2,-2,-4,-4,-11
9797,9797,1503614345208,-62,-10,10,1,-3,-3,-1,13
9798,9798,1503614345223,-10,-4,-3,-4,-5,-3,1,1
9799,9799,1503614345230,-35,-7,-5,0,2,1,-2,-9
9800,9800,1503614345237,-33,-11,0,-1,0,2,0,2
9801,9801,1503614345246,20,1,-1,2,2,0,0,1
9802,9802,1503614345260,25,17,8,5,3,3,0,2
9803,9803,1503614345268,9,-2,-6,-3,-3,2,8,5
9804,9804,1503614345275,17,8,3,0,0,3,3,20
9805,9805,1503614345292,22,1,-5,1,0,-2,-2,-19
9806,9806,1503614345297,12,10,-2,0,0,-1,3,-3
9807,9807,1503614345305,19,3,-1,0,-1,1,-1,4
9808,9808,1503614345320,-10,-2,0,-3,-3,-3,-4,-14
9809,9809,1503614345328,15,13,2,-1,1,-2,1,13
9810,9810,1503614345335,7,-5,-8,-4,-1,0,5,-4
9811,9811,1503614345350,-8,-17,-6,-4,1,1,-1,6
9812,9812,1503614345357,13,11,5,-3,-4,-4,0,33
9813,9813,1503614345358,17,7,2,2,-2,-3,-5,-5
9814,9814,1503614345365,-41,-9,-5,-4,-4,-3,-8,-16
9815,9815,1503614345384,16,9,4,4,3,1,-3,2
9816,9816,1503614345388,8,0,3,-1,1,-1,0,-4
9817,9817,1503614345395,-11,1,5,1,2,0,-3,-3
9818,9818,1503614345410,-9,-4,2,0,-3,-2,-5,-9
9819,9819,1503614345422,18,-6,-4,-2,-2,-1,0,11
9820,9820,1503614345425,18,7,4,0,-2,-2,-2,1
9821,9821,1503614345440,3,-4,-4,0,-1,-3,-3,-2
9822,9822,1503614345449,-68,-18,-10,-6,-1,-3,2,2
9823,9823,1503614345455,-27,-3,-6,-6,-6,-3,-5,-23
9824,9824,1503614345470,33,10,-2,-1,-2,4,6,13
9825,9825,1503614345477,-8,0,-2,-3,-2,-5,-7,-14
9826,9826,1503614345486,-4,-20,-14,-6,-2,-1,-5,-5
9827,9827,1503614345499,25,28,24,5,4,1,6,12
9828,9828,1503614345508,4,-2,-1,2,3,-2,0,-6
9829,9829,1503614345515,-37,-15,-10,-2,-1,2,-3,-1
9830,9830,1503614345530,8,6,9,6,1,2,2,9
9831,9831,1503614345537,1,7,1,-2,-1,1,1,23
9832,9832,1503614345545,14,3,-4,-1,-1,-2,-2,-19
9833,9833,1503614345560,-36,-14,-3,-5,-6,-4,-5,-22
9834,9834,1503614345568,-32,6,2,-5,-5,-4,-5,2
9835,9835,1503614345575,55,-1,1,3,3,7,7,3
9836,9836,1503614345591,30,1,2,1,-3,-3,-2,-2
9837,9837,1503614345597,6,1,1,0,-2,-1,3,14
9838,9838,1503614345605,41,11,-1,0,3,-2,-2,4
9839,9839,1503614345620,-9,1,1,1,-1,-3,2,22
9840,9840,1503614345628,-29,-6,-2,-1,1,-1,-6,-3
9841,9841,1503614345635,-38,3,-11,-4,-2,-4,-9,-33
9842,9842,1503614345651,-19,8,-8,0,-3,-1,-3,8
9843,9843,1503614345658,-13,8,20,2,-3,-3,-7,-33
9844,9844,1503614345659,37,-12,-15,-4,-2,-2,6,11
9845,9845,1503614345665,9,-1,-1,1,2,0,1,-11
9846,9846,1503614345680,-11,4,3,-1,-1,-2,-4,-17
9847,9847,1503614345689,5,1,4,1,-4,0,1,3
9848,9848,1503614345695,-9,-4,1,-2,0,0,4,16
9849,9849,1503614345710,19,13,1,-1,1,0,2,5
9850,9850,1503614345718,26,2,-2,2,1,0,5,27
9851,9851,1503614345719,-31,-9,-6,0,-2,1,-4,-18
9852,9852,1503614345726,-59,-12,3,2,-1,-1,-7,-16
9853,9853,1503614345740,5,8,3,-1,-2,-3,-2,-7
9854,9854,1503614345751,47,-3,-7,-4,-1,1,3,44
9855,9855,1503614345763,30,-2,-5,-2,-1,-3,2,27
9856,9856,1503614345770,13,-2,-1,-4,-5,-4,-3,-19
9857,9857,1503614345778,1,0,0,1,-1,-3,-5,-12
9858,9858,1503614345793,-31,-5,-5,-1,1,1,-2,-50
9859,9859,1503614345801,-28,-5,1,0,0,0,-4,-36
9860,9860,1503614345808,28,2,-2,0,0,-2,3,23
9861,9861,1503614345824,26,-1,3,0,0,-1,-2,18
9862,9862,1503614345830,9,5,-3,-4,0,1,10,35
9863,9863,1503614345838,-31,-9,-1,-2,-1,-1,-1,10
9864,9864,1503614345845,-7,15,8,4,0,1,-6,-18
9865,9865,1503614345861,-23,-16,-12,-7,-3,-3,-3,-9
9866,9866,1503614345868,4,0,6,3,2,4,1,-7
9867,9867,1503614345885,-54,-10,-5,-2,-2,-1,-1,-18
9868,9868,1503614345891,-18,-1,7,4,6,1,-2,-14
9869,9869,1503614345899,40,5,-8,-4,-2,0,2,-11
9870,9870,1503614345905,1,-1,9,1,-2,-1,1,-10
9871,9871,1503614345922,3,-7,1,2,-1,-2,-5,-12
9872,9872,1503614345928,-25,-12,-5,-4,-8,-5,-1,6
9873,9873,1503614345943,9,3,-2,-3,-4,-3,-10,-30
9874,9874,1503614345952,20,-5,-9,-5,-5,-3,-5,-16
9875,9875,1503614345959,19,13,13,6,3,2,2,19
9876,9876,1503614345973,67,7,3,-2,4,1,0,9
9877,9877,1503614345981,38,14,17,7,6,4,3,19
9878,9878,1503614345988,-1,5,4,2,-2,-2,-1,35
9879,9879,1503614346003,-20,-5,-8,-10,-8,-5,0,-5
9880,9880,1503614346010,-2,0,-1,5,5,2,-3,-13
9881,9881,1503614346019,-14,-15,-10,-4,-3,0,6,61
9882,9882,1503614346033,15,-5,-2,3,2,-4,-7,-9
9883,9883,1503614346041,-10,11,-6,-1,-1,2,-2,-34
9884,9884,1503614346048,-15,-3,-11,-4,-1,-4,-1,25
9885,9885,1503614346063,5,-21,-18,-8,-3,-2,2,12
9886,9886,1503614346070,-87,-3,7,3,-6,-5,-9,-47
9887,9887,1503614346078,14,9,11,4,3,1,0,2
9888,9888,1503614346093,31,5,1,0,0,3,12,14
9889,9889,1503614346101,-9,7,5,2,-1,3,-4,-17
9890,9890,1503614346115,1,-1,-3,-1,-1,-1,-1,-12
9891,9891,1503614346123,-22,-12,-5,-2,0,-2,0,-15
9892,9892,1503614346130,-6,9,5,-2,-3,-2,-6,-11
9893,9893,1503614346138,21,4,5,5,3,2,-2,5
9894,9894,1503614346153,14,-6,-6,-6,0,1,2,-5
9895,9895,1503614346161,-18,-6,-3,0,-1,-2,-1,0
9896,9896,1503614346168,0,21,13,3,0,2,-2,4
9897,9897,1503614346186,16,6,2,-1,-5,-6,0,7
9898,9898,1503614346191,26,-12,-8,1,1,5,6,23
9899,9899,1503614346198,6,20,5,0,-1,1,0,19
9900,9900,1503614346213,-15,-10,-6,-3,-2,-4,-1,-2
9901,9901,1503614346221,1,-6,-5,-6,-1,-3,-2,9
9902,9902,1503614346228,-54,-10,-4,-3,-3,-3,-3,9
9903,9903,1503614346243,-5,6,5,3,0,0,-1,-4
9904,9904,1503614346250,11,-17,-14,-6,-1,-2,0,6
9905,9905,1503614346261,28,-6,-14,-10,-3,-1,8,44
9906,9906,1503614346273,35,5,1,-1,-2,-1,-2,2
9907,9907,1503614346281,-17,0,2,3,1,3,2,-10
9908,9908,1503614346288,-27,-17,-9,-9,-3,-4,1,-4
9909,9909,1503614346303,22,14,16,10,3,1,3,20
9910,9910,1503614346310,-1,1,2,1,-3,-2,-4,-32
9911,9911,1503614346320,-13,1,-6,-5,-4,-1,-3,-23
9912,9912,1503614346333,31,7,8,1,-1,0,2,6
9913,9913,1503614346341,-11,-20,-7,-2,4,-4,-6,-29
9914,9914,1503614346348,31,13,8,-2,0,2,-1,1
9915,9915,1503614346363,-27,-4,-4,1,0,1,-3,-26
9916,9916,1503614346370,-34,-3,0,0,-3,-4,-3,-12
9917,9917,1503614346378,27,9,10,0,0,-3,-9,-7
9918,9918,1503614346393,-20,-12,-10,-5,0,0,0,-3
9919,9919,1503614346401,-26,25,16,1,-4,-2,-1,-9
9920,9920,1503614346408,-10,7,6,3,0,0,2,9
9921,9921,1503614346425,32,-6,-11,-3,-2,-2,3,20
9922,9922,1503614346431,8,-4,-1,0,-2,1,5,21
9923,9923,1503614346438,-92,-16,-8,-4,-2,-2,-5,-37
9924,9924,1503614346455,-38,-11,-10,-4,-2,-4,-6,-53
9925,9925,1503614346461,56,3,3,3,2,2,3,-6
9926,9926,1503614346468,8,1,-7,0,3,1,4,0
9927,9927,1503614346483,-53,-9,-1,0,3,-1,-1,-20
9928,9928,1503614346491,-2,-4,1,2,0,-2,-4,12
9929,9929,1503614346506,34,4,-13,-7,-4,4,1,38
9930,9930,1503614346513,23,8,8,6,2,1,-3,44
9931,9931,1503614346522,25,-4,-3,-3,-3,-1,9,47
9932,9932,1503614346528,19,4,-1,-2,0,3,4,8
9933,9933,1503614346543,15,-9,-1,-3,-1,1,3,12
9934,9934,1503614346550,34,12,3,0,-2,-3,7,80
9935,9935,1503614346559,-40,-7,-7,-1,0,1,-4,-27
9936,9936,1503614346573,-80,0,-7,-2,0,-3,-17,-43
9937,9937,1503614346581,10,6,7,2,1,-1,-1,-4
9938,9938,1503614346588,14,2,5,-2,-1,-3,-3,-27
9939,9939,1503614346604,22,-2,3,1,0,-3,-3,25
9940,9940,1503614346610,12,-2,0,5,1,3,9,73
9941,9941,1503614346625,-20,-3,1,-1,-1,-4,-8,-29
9942,9942,1503614346633,-33,5,5,-1,-1,-3,0,-29
9943,9943,1503614346641,28,1,-3,2,3,4,7,36
9944,9944,1503614346648,11,6,8,4,1,0,-3,-34
9945,9945,1503614346663,-19,-8,0,1,-1,-3,-11,-56
9946,9946,1503614346670,5,-15,-14,-9,-1,2,-2,-16
9947,9947,1503614346685,-15,3,9,0,-4,-3,-3,17
9948,9948,1503614346693,-22,-6,-4,-2,-4,-3,-3,9
9949,9949,1503614346701,-4,-9,-5,-1,0,-3,-3,-27
9950,9950,1503614346708,22,6,6,-2,-2,0,-5,-15
9951,9951,1503614346725,-35,-9,-6,-2,-3,-2,3,0
9952,9952,1503614346737,-27,-21,-15,-9,-4,-3,0,11
9953,9953,1503614346745,47,25,12,9,0,0,-2,1
9954,9954,1503614346758,-17,12,6,1,2,0,0,-31
9955,9955,1503614346761,-2,-1,-4,1,1,0,-5,-5
9956,9956,1503614346768,29,-9,-7,0,-1,0,4,2
9957,9957,1503614346783,54,6,-8,-5,-3,0,1,20
9958,9958,1503614346791,5,1,0,-2,0,-4,0,-25
9959,9959,1503614346805,-2,-4,3,-3,0,0,0,-14
9960,9960,1503614346813,33,8,9,4,2,2,2,-13
9961,9961,1503614346822,-13,-20,-4,-2,-2,0,-1,-22
9962,9962,1503614346828,-9,8,6,2,-2,-2,1,13
9963,9963,1503614346843,1,8,10,-1,6,4,2,-8
9964,9964,1503614346850,18,-10,-11,0,-1,0,0,22
9965,9965,1503614346866,15,-9,-14,-6,-6,-3,-1,2
9966,9966,1503614346873,7,1,0,1,0,-1,-4,-2
9967,9967,1503614346881,6,4,1,1,2,-1,-2,-5
9968,9968,1503614346895,0,4,-6,-5,-7,-5,-4,-12
9969,9969,1503614346903,-61,-18,-6,2,-2,-5,-6,-1
9970,9970,1503614346910,-14,-16,-7,-3,-1,-2,-4,11
9971,9971,1503614346926,63,15,2,0,1,4,6,12
9972,9972,1503614346933,-5,-4,0,3,2,-2,-7,-6
9973,9973,1503614346941,-18,-9,-7,-4,-3,1,6,10
9974,9974,1503614346957,2,20,14,1,0,0,-1,-42
9975,9975,1503614346963,-33,-20,-3,2,-1,-3,-4,-3
9976,9976,1503614346970,-46,-23,-7,-6,-3,-1,-1,-13
9977,9977,1503614346985,-27,1,1,0,-2,-3,-1,8
9978,9978,1503614346993,5,-9,-4,-1,4,1,8,29
9979,9979,1503614347001,15,5,-4,-2,2,0,1,12
9980,9980,1503614347015,7,4,-2,1,-2,1,14,48
9981,9981,1503614347026,26,10,3,-2,-1,-3,1,22
9982,9982,1503614347031,-7,-4,-7,-5,-4,-3,-5,-24
9983,9983,1503614347045,-28,-3,-3,-1,-2,-4,-1,-5
9984,9984,1503614347053,-33,-27,-13,-3,0,0,-5,-8
9985,9985,1503614347062,30,7,1,0,1,1,1,2
9986,9986,1503614347075,47,15,7,2,1,-2,-5,2
9987,9987,1503614347083,-40,7,7,4,2,3,0,20
9988,9988,1503614347096,13,4,10,3,-1,0,-4,-29
9989,9989,1503614347105,-28,-9,-7,-3,-3,-1,-5,-20
9990,9990,1503614347113,-37,-9,-3,-1,-1,-3,-4,-32
9991,9991,1503614347128,12,-15,-8,-3,-3,-3,1,1
9992,9992,1503614347129,-16,18,6,-1,1,3,0,-17
9993,9993,1503614347135,-20,3,4,1,2,0,-1,-5
9994,9994,1503614347143,29,-10,-6,-2,-1,-1,-3,2
9995,9995,1503614347150,13,4,1,-2,-3,0,3,27
9996,9996,1503614347166,27,-2,-4,-1,0,0,-2,-10
9997,9997,1503614347173,39,1,-6,1,0,1,10,16
9998,9998,1503614347181,-12,2,-5,-7,-7,-8,-3,-12
9999,9999,1503614347195,-5,0,-3,2,2,4,-1,1
10000,10000,1503614347203,37,-6,-17,-7,-4,-3,2,8
10085,10085,1503614348058,4,-2,-4,0,-1,0,0,2
10086,10086,1503614348065,-1,-2,-3,-1,-1,1,0,-4
10087,10087,1503614348073,-8,-1,-4,-2,-2,0,-3,-4
10088,10088,1503614348088,2,0,-2,0,-2,-2,1,6
10089,10089,1503614348096,4,1,-1,0,-1,-2,0,3
10090,10090,1503614348103,-8,-6,-6,-2,1,-2,-1,-3
10091,10091,1503614348118,-2,6,6,0,0,-1,2,-5
10092,10092,1503614348126,0,3,-2,0,-1,-1,1,-1
10093,10093,1503614348133,-5,-3,-3,-4,-2,-1,-2,0
10094,10094,1503614348148,3,-5,-8,0,0,1,-1,-2
10095,10095,1503614348155,10,6,3,0,0,-1,2,3
10096,10096,1503614348164,-3,-2,1,0,-2,-3,-2,-1
10097,10097,1503614348178,1,9,20,4,0,1,0,-1
10098,10098,1503614348186,5,3,0,0,0,0,0,0
10099,10099,1503614348200,-1,-9,-13,-3,-1,-3,-1,3
10100,10100,1503614348208,-5,-3,3,-1,-3,-1,-3,1
10101,10101,1503614348215,-3,-6,-8,0,-1,1,-1,-3
10102,10102,1503614348223,4,-4,-5,-2,0,1,0,5
10103,10103,1503614348238,-3,-4,-1,-1,0,-3,-2,-2
10104,10104,1503614348246,13,9,1,-1,-4,-1,2,6
10105,10105,1503614348253,-5,-6,-4,-1,-3,-1,1,2
10106,10106,1503614348268,-8,-4,-1,1,0,-2,-2,-4
10107,10107,1503614348275,9,-2,-2,-1,0,-3,0,1
10108,10108,1503614348283,-8,-1,0,-1,-3,-2,0,-4
10109,10109,1503614348298,-13,-4,-6,-1,-2,-2,-3,-4
10110,10110,1503614348306,2,-4,-3,0,1,1,-2,1
10111,10111,1503614348313,4,-2,-2,-1,-1,0,-2,-2
10112,10112,1503614348330,1,12,-1,1,-1,-1,0,-3
10113,10113,1503614348335,0,-2,-5,-2,-1,2,-1,-3
10114,10114,1503614348343,-1,-4,0,-1,1,-2,-1,-9
10115,10115,1503614348358,-3,1,1,-1,-1,-2,-1,-4
10116,10116,1503614348366,-6,0,-4,-3,-4,-1,-2,-10
10117,10117,1503614348373,-7,-11,-1,-1,-2,0,-3,-9
10118,10118,1503614348388,3,-6,-3,-2,-1,1,-3,2
10119,10119,1503614348398,2,2,-1,-1,-1,0,-1,17
10120,10120,1503614348403,9,4,-1,0,1,-1,3,10
10121,10121,1503614348417,2,2,0,-1,-1,-2,-2,-3
10122,10122,1503614348418,1,-1,0,-1,0,-2,2,-1
10123,10123,1503614348426,-8,-8,-6,-1,0,-1,-2,-1
10124,10124,1503614348433,0,4,2,0,-1,0,0,-2
10125,10125,1503614348448,-8,2,4,0,-2,-3,-1,-2
10126,10126,1503614348455,-7,0,-3,1,1,-1,-1,-5
10127,10127,1503614348464,2,-3,-2,-2,0,-3,-1,2
10128,10128,1503614348478,5,7,10,2,2,0,-2,1
10129,10129,1503614348486,-8,-5,0,1,1,2,-2,-6
10130,10130,1503614348493,-7,-3,-4,-2,-1,1,1,-7
10131,10131,1503614348508,-2,0,4,1,-2,-1,1,-1
10132,10132,1503614348515,1,0,6,1,-1,-3,-4,3
10133,10133,1503614348523,3,-4,-5,-5,-4,-1,-2,-2
10134,10134,1503614348538,1,-4,1,2,-1,-4,-2,-2
10135,10135,1503614348546,12,5,5,2,0,0,0,7
10136,10136,1503614348552,-12,-1,-1,-1,-2,0,1,-6
10137,10137,1503614348568,0,6,4,2,3,1,-1,-3
10138,10138,1503614348575,4,-8,-10,-3,-1,-2,-1,1
10139,10139,1503614348583,-2,4,-2,-2,-1,0,-1,3
10140,10140,1503614348598,-6,4,-11,-3,-2,-2,-4,-9
10141,10141,1503614348606,0,3,1,-2,-3,-2,2,-1
10142,10142,1503614348613,-6,-5,-4,-1,0,0,-1,-3
10143,10143,1503614348628,0,2,0,1,-1,-2,-1,0
10144,10144,1503614348635,3,-3,-2,-2,-1,0,-1,-6
10145,10145,1503614348643,-2,-1,9,2,0,1,-2,-7
10146,10146,1503614348658,-3,-3,-5,-2,0,-3,-3,0
10147,10147,1503614348667,-7,-11,-11,-6,-2,-1,-3,-8
10148,10148,1503614348674,8,23,16,3,2,4,0,-1
10149,10149,1503614348688,-4,-2,0,-2,0,-1,0,-1
10150,10150,1503614348695,-3,-4,-4,-2,-2,-4,-1,-12
10151,10151,1503614348704,3,-8,-5,0,0,-2,-1,4
10152,10152,1503614348718,-1,7,0,1,-1,-1,-3,0
10153,10153,1503614348726,-9,-13,-3,-2,0,-3,-2,1
10154,10154,1503614348739,2,25,14,5,1,1,0,7
10155,10155,1503614348740,7,-8,-5,-4,-4,1,2,0
10156,10156,1503614348748,0,-2,-5,-1,-1,-3,-3,-1
10157,10157,1503614348755,-4,-6,3,-2,-2,-4,-2,2
10158,10158,1503614348770,-4,2,-1,-2,-2,0,0,-6
10159,10159,1503614348778,-1,-4,-5,-3,-3,0,0,5
10160,10160,1503614348786,-3,-1,-2,-1,0,0,-1,-1
10161,10161,1503614348801,-2,-2,2,1,2,-2,3,9
10162,10162,1503614348808,4,5,1,-1,-1,0,0,1
10163,10163,1503614348815,-4,-4,0,0,-3,1,-3,-3
10164,10164,1503614348833,4,-2,-2,2,-2,-3,2,4
10165,10165,1503614348838,-9,-8,-3,-1,0,0,-2,-1
10166,10166,1503614348846,18,7,7,1,2,0,4,18
10167,10167,1503614348859,-4,-5,-1,-3,0,-2,0,-2
10168,10168,1503614348860,-5,2,-1,0,-4,-1,-1,3
10169,10169,1503614348869,-6,-3,-7,-1,1,1,-2,-8
10170,10170,1503614348875,8,2,-4,1,1,0,-1,-5
10171,10171,1503614348891,-5,5,-11,-2,-5,-4,-2,-7
10172,10172,1503614348899,2,-4,-7,-1,0,-2,1,4
10173,10173,1503614348906,-2,-8,-9,-4,0,-2,-3,-12
10174,10174,1503614348919,6,12,7,-1,-2,-1,1,3
10175,10175,1503614348928,-1,14,11,4,-1,-1,-3,-5
10176,10176,1503614348935,1,-6,-4,-4,-1,-2,-1,4
10177,10177,1503614348950,-6,-5,1,-4,-2,-1,0,-1
10178,10178,1503614348958,8,5,1,-2,2,-1,6,27
10179,10179,1503614348969,2,8,15,4,2,-1,2,-1
10180,10180,1503614348979,-7,-1,3,0,-2,0,-1,-13
10181,10181,1503614348988,2,-11,-6,-3,-2,0,0,6
10182,10182,1503614348995,-1,5,3,-1,-2,2,0,-7
10183,10183,1503614349010,-3,-2,-12,-4,-2,-2,-3,-6
10184,10184,1503614349017,5,-2,-1,0,0,-1,-3,-8
10185,10185,1503614349034,-4,-10,0,2,0,-1,-2,0
10186,10186,1503614349047,4,9,14,2,2,1,-1,9
10187,10187,1503614349049,-2,-13,-2,2,-1,0,-1,5
10188,10188,1503614349055,-4,-3,-4,1,1,-3,1,-6
10189,10189,1503614349071,-11,-5,-3,-4,-1,0,1,8
10190,10190,1503614349077,14,8,5,7,1,3,5,32
10191,10191,1503614349078,0,-10,-13,-10,-5,0,3,-6
10192,10192,1503614349086,-9,0,10,2,2,0,-1,-2
10193,10193,1503614349101,4,11,-4,-2,-2,-1,-4,-10
10194,10194,1503614349108,4,1,-2,-2,-1,-1,0,2
10195,10195,1503614349115,-10,-11,-4,-1,-2,0,-4,-13
10196,10196,1503614349130,-6,-1,-4,-4,-1,0,1,-5
10197,10197,1503614349138,2,-1,11,4,1,-1,1,5
10198,10198,1503614349146,1,8,3,3,4,1,-1,-9
10199,10199,1503614349159,-10,-10,-3,1,1,-2,-4,-4
10200,10200,1503614349169,3,1,7,0,-1,0,-2,-16
10201,10201,1503614349175,3,-1,6,2,1,-5,-3,4
10202,10202,1503614349190,-7,-2,1,-5,-5,0,-3,-10
10203,10203,1503614349198,-1,1,1,-3,-2,0,-1,13
10204,10204,1503614349206,8,16,16,2,2,1,-1,8
10205,10205,1503614349219,1,21,8,2,-3,-3,1,-4
10206,10206,1503614349228,-1,5,-5,-1,-1,0,-4,1
10207,10207,1503614349235,2,-13,-21,-5,0,0,-1,9
10208,10208,1503614349250,-2,2,-2,-2,-3,-1,-4,1
10209,10209,1503614349264,2,-4,0,2,1,0,2,13
10210,10210,1503614349269,16,-9,-7,-1,0,-1,-1,2
10211,10211,1503614349279,-17,-3,-6,-4,-2,1,-4,-32
10212,10212,1503614349288,1,-5,-2,2,-1,-2,0,5
10213,10213,1503614349295,7,-4,2,-2,-2,0,5,17
10214,10214,1503614349310,3,-2,-3,-3,0,-1,5,21
10215,10215,1503614349318,-2,-12,-15,-1,-1,1,-5,-2
10216,10216,1503614349326,-6,-8,-14,-8,-4,-1,0,10
10217,10217,1503614349340,-3,1,0,1,-1,0,-1,-7
10218,10218,1503614349348,-3,-6,-5,0,-1,0,0,-10
10219,10219,1503614349355,9,-10,-3,-3,-2,1,-1,23
10220,10220,1503614349370,-2,-2,1,-1,-2,0,-2,-15
10221,10221,1503614349378,5,0,-2,-1,2,-1,-2,14
10222,10222,1503614349379,7,6,1,2,1,0,0,-9
10223,10223,1503614349386,-4,-2,3,2,3,1,1,6
10224,10224,1503614349400,0,2,-1,-3,-4,-3,0,0
10225,10225,1503614349401,-6,-5,-1,0,0,-2,0,-17
10226,10226,1503614349408,-5,0,-1,-1,0,-3,-2,-10
10227,10227,1503614349415,4,18,4,2,1,-1,1,4
10228,10228,1503614349430,-1,19,22,6,2,-1,-4,-19
10229,10229,1503614349438,0,2,1,-2,-2,-3,-2,1
10230,10230,1503614349445,-17,-5,-4,-1,1,2,-2,-11
10231,10231,1503614349446,14,-1,-5,-2,-2,-1,-3,3
10232,10232,1503614349459,-5,0,2,-2,-2,-3,-5,-14
10233,10233,1503614349469,-6,-1,-5,0,-3,-3,-4,-9
10234,10234,1503614349475,8,-2,-1,-1,0,1,4,21
10235,10235,1503614349490,0,-6,-5,-4,0,0,3,20
10236,10236,1503614349497,-3,3,1,-3,0,2,-6,-33
10237,10237,1503614349498,6,0,4,1,0,1,4,10
10238,10238,1503614349505,3,-2,-7,-1,-4,-1,2,-6
10239,10239,1503614349519,-7,-4,-1,-1,-1,-1,-1,5
10240,10240,1503614349527,1,-2,2,0,-1,-2,-1,8
10241,10241,1503614349536,2,4,11,2,-1,1,-1,-5
10242,10242,1503614349550,-11,-10,-10,-5,-4,-3,-3,8
10243,10243,1503614349557,7,2,-1,0,2,-2,1,1
10244,10244,1503614349565,-29,-9,-7,-6,-3,-3,0,-14
10245,10245,1503614349566,10,7,2,-2,2,0,3,2
10246,10246,1503614349579,-7,-7,-10,-5,-3,-1,-4,-8
10247,10247,1503614349588,2,-1,-3,3,0,2,2,-1
10248,10248,1503614349595,-30,-31,-21,-4,-2,0,1,17
10249,10249,1503614349611,15,-1,3,-1,0,0,5,59
10250,10250,1503614349620,-11,4,4,-2,-4,-3,-6,-32
10251,10251,1503614349626,-33,-1,-4,-2,-2,-2,-2,-16
10252,10252,1503614349641,-1,-9,-11,-6,0,-1,-2,-1
10253,10253,1503614349648,7,5,4,2,1,0,1,3
10254,10254,1503614349662,-3,-6,-6,-3,-1,-4,-3,-11
10255,10255,1503614349670,-5,-1,-1,-5,-3,0,0,-12
10256,10256,1503614349678,0,-10,-2,-1,-2,-3,3,16
10257,10257,1503614349693,13,-5,4,0,0,-1,-5,-15
10258,10258,1503614349699,-14,1,5,2,0,2,-3,-3
10259,10259,1503614349708,0,4,-2,-2,-1,-4,-3,-24
10260,10260,1503614349722,4,5,4,3,1,0,-1,0
10261,10261,1503614349730,3,-7,-5,1,1,0,-1,-10
10262,10262,1503614349738,2,7,3,2,0,-2,-2,-2
10263,10263,1503614349752,6,-3,-4,-3,0,0,-4,-7
10264,10264,1503614349759,2,-12,-8,-3,-4,-3,-1,3
10265,10265,1503614349767,0,8,14,4,2,-2,2,10
10266,10266,1503614349782,5,3,4,-1,-3,-4,-5,-8
10267,10267,1503614349790,-21,-2,-7,0,-2,0,-5,-9
10268,10268,1503614349797,7,8,0,-1,-1,0,0,8
10269,10269,1503614349813,-3,-8,-9,-3,-3,-1,0,-1
10270,10270,1503614349819,9,3,-4,0,0,3,1,2
10271,10271,1503614349828,-20,-17,-9,-1,0,-1,-3,3
10272,10272,1503614349842,-6,34,19,3,1,1,2,-16
10273,10273,1503614349850,10,-1,-5,-3,-4,-3,-1,4
10274,10274,1503614349857,-52,-10,-10,-3,-4,-1,-2,-8
10275,10275,1503614349873,-39,-10,1,-1,1,1,-1,-18
10276,10276,1503614349880,10,-10,-3,-1,-1,-1,-5,-13
10277,10277,1503614349887,-4,0,-2,-1,-3,0,0,-2
10278,10278,1503614349902,11,-3,-6,-1,1,1,-2,-23
10279,10279,1503614349910,0,3,4,2,3,4,4,-8
10280,10280,1503614349918,-78,-22,-6,-5,-3,-7,-8,-29
10281,10281,1503614349932,9,-1,-1,-1,-3,-3,-4,-27
10282,10282,1503614349939,31,29,16,3,-1,1,3,4
10283,10283,1503614349948,-14,-4,-10,-7,-2,-3,-9,4
10284,10284,1503614349962,10,4,-1,0,0,-3,-3,-18
10285,10285,1503614349974,24,13,-1,0,0,0,0,33
10286,10286,1503614349978,17,-7,-11,-9,-5,-2,0,28
10287,10287,1503614349992,47,9,3,-1,-6,-6,0,29
10288,10288,1503614349999,-18,-9,-2,1,1,2,7,1
10289,10289,1503614350008,37,34,26,11,5,3,10,37
10290,10290,1503614350022,8,2,0,0,1,0,0,20
10291,10291,1503614350030,-12,-5,-6,-4,-1,-1,-5,-52
10292,10292,1503614350039,19,-4,-3,0,0,0,0,11
10293,10293,1503614350053,-13,0,-1,-4,-8,-4,-5,-2
10294,10294,1503614350059,-18,-14,-10,-1,-1,1,1,7
10295,10295,1503614350068,-15,-4,4,-1,3,0,-3,-9
10296,10296,1503614350082,-1,-3,-1,-1,0,-2,-1,-1
10297,10297,1503614350090,-5,13,4,-1,0,-1,2,-11
10298,10298,1503614350098,5,8,4,-1,1,2,-3,-7
10299,10299,1503614350113,-3,-10,-6,-1,-3,-1,-1,8
10300,10300,1503614350119,43,9,4,3,1,-2,-1,1
10301,10301,1503614350127,-4,-8,-7,-4,0,-2,-2,-9
10302,10302,1503614350142,11,-3,-2,-3,-5,-2,1,11
10303,10303,1503614350150,-20,-13,-8,-4,-1,2,-1,-32
10304,10304,1503614350157,-5,15,10,5,3,-2,-4,-7
10305,10305,1503614350173,22,-4,0,4,3,3,2,26
10306,10306,1503614350179,1,12,0,-1,-2,0,-2,-8
10307,10307,1503614350188,30,42,27,9,4,4,13,68
10308,10308,1503614350202,7,-8,-1,-2,-5,-1,1,1
10309,10309,1503614350210,-12,-35,-20,-8,1,-2,-5,-19
10310,10310,1503614350217,-12,-5,-3,-1,0,-3,2,9
10311,10311,1503614350233,-28,-11,-10,-5,-6,-6,-3,-20
10312,10312,1503614350244,-69,-18,-7,-3,-1,-2,-7,-8
10313,10313,1503614350248,-2,-9,-13,-8,-2,0,-1,5
10314,10314,1503614350262,27,4,2,1,1,1,4,22
10315,10315,1503614350270,-1,14,17,4,0,0,-1,-28
10316,10316,1503614350278,1,11,2,0,-2,-2,1,-17
10317,10317,1503614350292,-4,-18,-12,-5,-2,0,-4,17
10318,10318,1503614350299,21,-11,3,3,2,4,0,7
10319,10319,1503614350309,-9,2,1,4,-2,0,2,7
10320,10320,1503614350322,-3,-7,-9,-3,-1,-4,-1,0
10321,10321,1503614350330,-19,0,-3,2,1,0,1,5
10322,10322,1503614350345,9,3,5,-1,-3,2,3,-6
10323,10323,1503614350353,-38,-12,-4,0,0,-1,-1,-24
10324,10324,1503614350359,-5,-4,2,-1,-5,-3,-6,-6
10325,10325,1503614350368,17,-5,-10,-6,3,2,-4,0
10326,10326,1503614350382,18,0,4,2,5,-1,1,8
10327,10327,1503614350397,10,12,8,5,0,-3,-3,-11
10328,10328,1503614350398,0,-6,-9,-4,-4,1,-3,0
10329,10329,1503614350413,-31,-8,-5,-9,-5,-7,-11,-39
10330,10330,1503614350419,3,14,10,2,-1,-4,1,-2
10331,10331,1503614350428,28,10,1,1,-1,-3,-7,-7
10332,10332,1503614350442,0,-7,-10,-6,-2,0,-4,-25
10333,10333,1503614350450,-13,-9,-3,0,-3,-2,1,3
10334,10334,1503614350458,-13,-7,-3,-1,-1,0,1,4
10335,10335,1503614350476,21,5,5,4,1,0,1,4
10336,10336,1503614350480,-10,-1,-3,-3,-3,-1,0,-3
10337,10337,1503614350488,1,-5,-7,-6,-5,-2,-4,-8
10338,10338,1503614350502,12,10,6,3,1,2,-1,23
10339,10339,1503614350511,11,-2,-2,1,0,3,4,8
10340,10340,1503614350518,-35,11,12,3,0,-3,-1,-6
10341,10341,1503614350533,3,4,-4,-3,-2,0,4,15
10342,10342,1503614350545,2,-15,-15,-5,0,2,2,-8
10343,10343,1503614350548,-17,4,3,-2,-2,0,-2,-35
10344,10344,1503614350562,19,-1,-3,-3,0,-1,-4,14
10345,10345,1503614350570,4,-6,-1,-2,-1,-3,-5,5
10346,10346,1503614350585,-20,-15,-3,-2,0,-1,-4,7
10347,10347,1503614350593,1,9,13,3,1,-1,1,11
10348,10348,1503614350599,-16,-8,-5,-1,-1,2,-2,-13
10349,10349,1503614350615,-2,-13,-9,-5,-4,-2,3,29
10350,10350,1503614350622,-1,2,1,0,-1,-1,1,1
10351,10351,1503614350630,-6,2,2,3,5,3,-2,-16
10352,10352,1503614350644,3,5,1,-3,-2,-1,-3,-8
10353,10353,1503614350653,-6,-6,1,0,-1,1,0,-3
10354,10354,1503614350659,28,8,5,3,4,3,10,72
10355,10355,1503614350676,9,13,12,3,0,1,0,7
10356,10356,1503614350677,-3,-7,-6,-5,-4,-4,0,-8
10357,10357,1503614350682,8,-2,-3,-2,-1,-2,0,-16
10358,10358,1503614350690,-3,-2,2,2,0,-2,0,0
10359,10359,1503614350704,0,0,3,1,1,2,-4,-4
10360,10360,1503614350713,8,4,0,2,-2,0,1,-3
10361,10361,1503614350719,18,-4,-5,1,-1,-2,-1,-2
10362,10362,1503614350735,12,-3,-4,-1,-1,-1,-3,25
10363,10363,1503614350742,-3,1,0,0,-1,-5,-3,-9
10364,10364,1503614350750,9,-3,1,-1,-1,-3,3,2
10365,10365,1503614350764,0,0,2,2,0,1,-5,1
10366,10366,1503614350772,-23,-13,-4,-2,-4,-2,-4,-56
10367,10367,1503614350773,0,4,-8,0,3,4,4,37
10368,10368,1503614350779,17,-3,-3,-1,-1,-2,-2,-18
10369,10369,1503614350795,8,-5,0,-2,1,-5,-3,-21
10370,10370,1503614350803,11,7,-1,-3,-3,-2,0,0
10371,10371,1503614350810,-6,-6,-4,-1,-1,0,1,19
10372,10372,1503614350811,5,3,2,-1,-3,1,-3,-6
10373,10373,1503614350826,-17,-11,-5,-6,-2,-1,-2,-20
10374,10374,1503614350833,9,5,1,2,1,-1,1,-14
10375,10375,1503614350849,-15,4,0,-2,-2,-2,2,5
10376,10376,1503614350855,-17,6,9,1,1,3,1,0
10377,10377,1503614350863,-7,-9,-10,-5,-6,-1,-1,-2
10378,10378,1503614350870,9,0,-2,0,1,-1,-5,-17
10379,10379,1503614350886,-7,-4,-2,-1,0,1,4,-9
10380,10380,1503614350892,1,-2,-4,-2,-1,1,1,1
10381,10381,1503614350911,1,2,-3,-3,-5,-2,4,7
10382,10382,1503614350915,5,-3,-2,-4,-1,0,-3,-16
10383,10383,1503614350923,-3,1,5,2,3,-1,-2,-13
10384,10384,1503614350930,-9,-10,-9,-5,-2,0,3,2
10385,10385,1503614350945,-12,1,1,7,0,-2,-3,-8
10386,10386,1503614350952,-19,2,-2,-1,-2,0,-4,-7
10387,10387,1503614350968,9,-8,-7,-6,-4,-2,-4,1
10388,10388,1503614350976,5,12,10,4,1,1,1,16
10389,10389,1503614350983,-35,-8,-1,-2,2,-1,-5,-22
10390,10390,1503614350990,-2,-5,-4,-1,-3,-4,0,7
10391,10391,1503614351005,0,8,4,1,0,0,-1,1
10392,10392,1503614351013,4,-7,0,1,-3,1,5,54
10393,10393,1503614351020,-2,2,-1,-2,2,-2,-5,9
10394,10394,1503614351035,-58,-9,-6,-6,-4,-5,-2,-18
10395,10395,1503614351044,-21,0,2,0,2,1,-3,-5
10396,10396,1503614351050,5,-1,2,1,1,1,-5,-28
10397,10397,1503614351065,41,5,-1,1,0,-2,3,19
10398,10398,1503614351072,63,4,-9,-6,-2,0,3,-7
10399,10399,1503614351087,-44,-7,-7,-2,0,0,-2,-18
10400,10400,1503614351088,21,-2,-2,1,-2,0,3,4
10401,10401,1503614351095,-6,-14,-12,-2,-2,-1,-7,0
10402,10402,1503614351103,-4,16,9,0,0,2,2,-3
10403,10403,1503614351111,-28,7,7,2,3,-2,0,-5
10404,10404,1503614351125,16,-8,-7,-3,0,-2,-5,6
10405,10405,1503614351132,9,3,2,-2,-1,-1,1,6
10406,10406,1503614351148,-1,29,10,4,-1,3,-2,-8
10407,10407,1503614351155,-6,14,6,2,0,-1,-3,2
10408,10408,1503614351163,-9,-10,-7,-2,-1,-2,1,-5
10409,10409,1503614351172,14,5,2,2,0,3,2,5
10410,10410,1503614351187,-9,-8,-4,-3,-1,-1,-2,-5
10411,10411,1503614351192,-3,-3,12,0,-3,-2,-5,-15
10412,10412,1503614351209,2,3,4,0,-3,-2,1,8
10413,10413,1503614351216,4,14,5,2,1,-3,1,11
10414,10414,1503614351223,-4,10,4,-3,-2,-1,-6,-12
10415,10415,1503614351230,-4,-19,-5,-4,-3,0,0,8
10416,10416,1503614351245,11,-16,-14,3,4,0,4,15
10417,10417,1503614351253,-5,-15,-11,-3,-2,-4,-2,-9
10418,10418,1503614351269,-13,-38,-15,-4,-2,-3,-6,-13
10419,10419,1503614351277,17,8,4,3,1,3,2,5
10420,10420,1503614351283,-7,-25,-8,-3,-4,-1,0,4
10421,10421,1503614351290,2,-13,-14,-8,-5,-4,-1,0
10422,10422,1503614351305,6,51,29,11,5,3,2,-13
10423,10423,1503614351306,19,5,8,2,2,-2,0,-15
10424,10424,1503614351313,9,-16,-7,-3,-3,-4,-4,-6
10425,10425,1503614351328,-5,11,3,-1,0,0,-3,-7
10426,10426,1503614351335,-17,-14,-10,-4,-2,-4,-2,-11
10427,10427,1503614351345,23,39,31,11,5,1,3,6
10428,10428,1503614351350,5,8,1,2,-2,-3,-2,3
10429,10429,1503614351365,-1,-11,-15,-4,-3,1,1,1
10430,10430,1503614351372,-12,7,1,2,3,0,1,4
10609,10609,1503614353129,4,2,6,0,-1,0,1,-4
10610,10610,1503614353135,1,1,0,0,-1,1,-2,2
10611,10611,1503614353150,-5,-3,-1,-1,-1,-3,-2,-1
10612,10612,1503614353157,-1,-1,-2,-2,-1,-2,0,-1
10613,10613,1503614353165,-2,-8,-1,0,0,0,-3,0
10614,10614,1503614353180,7,2,-8,-1,2,-2,7,5
10615,10615,1503614353189,-6,-12,-7,-2,-2,-1,-4,-6
10616,10616,1503614353197,-1,3,1,0,-1,3,-1,14
10617,10617,1503614353210,2,0,2,-1,-1,0,1,4
10618,10618,1503614353218,-5,7,12,5,2,0,-5,-37
10619,10619,1503614353226,14,1,0,1,-2,1,8,27
10620,10620,1503614353240,-9,-5,-6,-6,-2,-1,-5,8
10621,10621,1503614353248,-6,-3,-3,2,3,2,-1,6
10622,10622,1503614353255,3,-7,-4,-1,-1,-1,-1,22
10623,10623,1503614353270,20,7,5,-3,-4,-2,15,19
10624,10624,1503614353278,3,-2,4,1,-1,0,3,-2
10625,10625,1503614353287,-12,-3,-9,-5,0,-1,-8,-12
10626,10626,1503614353300,5,17,12,4,-1,-1,-1,-5
10627,10627,1503614353308,-7,-20,-12,-3,-1,-2,-5,-9
10628,10628,1503614353315,-9,8,11,1,-1,0,-3,5
10629,10629,1503614353331,-9,-9,-8,-3,-1,-3,-8,-16
10630,10630,1503614353337,-4,-9,-10,-5,-3,-3,-4,-16
10631,10631,1503614353345,-6,1,5,3,-2,-3,-4,-13
10632,10632,1503614353360,4,-2,-8,-4,-1,-2,1,0
10633,10633,1503614353368,4,4,-1,1,0,-1,-2,-8
10634,10634,1503614353375,6,2,-11,-1,-3,-2,0,9
10635,10635,1503614353390,7,23,21,4,1,2,2,25
10636,10636,1503614353398,2,3,5,1,2,1,2,-9
10637,10637,1503614353412,0,0,0,-2,-2,-2,-7,-20
10638,10638,1503614353422,-12,-12,-6,-2,-1,-2,-3,-3
10639,10639,1503614353428,-6,-3,0,0,0,-3,-2,-1
10640,10640,1503614353442,4,-2,0,2,-2,2,3,7
10641,10641,1503614353443,-3,1,2,0,-1,-4,-4,-7
10642,10642,1503614353450,1,3,2,0,-1,-1,0,-4
10643,10643,1503614353458,3,-3,-3,-1,0,-1,1,8
10644,10644,1503614353472,-6,-2,-4,-2,-1,1,-1,-3
10645,10645,1503614353480,0,0,-3,-4,-3,-1,2,-7
10646,10646,1503614353490,-2,-1,0,0,-1,-3,-1,-6
10647,10647,1503614353502,-7,-11,-8,-3,1,-1,-1,-14
10648,10648,1503614353510,6,24,11,3,1,1,4,12
10649,10649,1503614353517,-2,-7,-5,-3,-1,-2,-1,1
10650,10650,1503614353533,7,-8,-5,-2,-2,0,2,24
10651,10651,1503614353540,2,0,2,-2,-1,-1,-1,-1
10652,10652,1503614353549,-6,-9,-8,-1,-2,-2,-4,-15
10653,10653,1503614353562,0,-2,0,0,-1,-2,0,6
10654,10654,1503614353570,-13,-11,-6,-3,-2,-2,-3,-12
10655,10655,1503614353578,3,12,2,-1,0,0,0,-4
10656,10656,1503614353593,1,6,15,2,0,2,-1,-4
10657,10657,1503614353600,2,7,3,2,-2,-2,0,2
10658,10658,1503614353608,-3,-7,-10,0,-1,0,-1,-6
10659,10659,1503614353623,0,-2,6,6,3,2,0,4
10660,10660,1503614353630,2,-6,-6,-4,-1,-3,-3,1
10661,10661,1503614353637,-1,-3,-2,-5,-5,-3,-2,9
10662,10662,1503614353652,1,7,1,-2,0,-1,-4,-11
10663,10663,1503614353667,-5,-2,-3,3,-1,1,-5,-7
10664,10664,1503614353668,3,-7,-8,-4,-2,-1,2,13
10665,10665,1503614353682,6,0,-3,-1,1,1,2,4
10666,10666,1503614353690,-2,-9,-8,-3,-1,-1,-2,-3
10667,10667,1503614353691,-1,12,14,2,-2,-2,1,-4
10668,10668,1503614353698,-2,-9,-5,1,-1,2,-2,4
10669,10669,1503614353712,5,11,9,2,2,-1,3,0
10670,10670,1503614353720,-4,-5,-6,-4,-2,-5,-4,-14
10671,10671,1503614353729,6,1,-4,-3,1,-3,-2,15
10672,10672,1503614353742,-5,-5,-2,-2,0,-1,1,-2
10673,10673,1503614353750,-6,-10,-10,-2,-2,0,-2,-16
10674,10674,1503614353757,4,5,0,-3,-2,0,1,4
10675,10675,1503614353772,-8,-9,-4,-1,-2,-2,-4,-18
10676,10676,1503614353780,-3,-7,-1,0,-2,-1,-2,-6
10677,10677,1503614353788,-2,2,3,1,0,0,0,-1
10678,10678,1503614353802,4,4,0,-3,2,-1,1,2
10679,10679,1503614353810,11,2,-7,-6,-3,1,-1,10
10680,10680,1503614353817,-1,2,8,2,-3,-1,-1,-3
10681,10681,1503614353832,-3,-1,6,4,2,0,1,8
10682,10682,1503614353840,1,3,5,1,1,0,-4,-5
10683,10683,1503614353848,-8,-2,-1,-1,-1,-3,-3,-9
10684,10684,1503614353862,2,-11,-7,-2,-1,1,8,12
10685,10685,1503614353870,0,14,20,3,2,0,-1,1
10686,10686,1503614353877,1,2,4,-1,-1,-2,0,15
10687,10687,1503614353894,-5,-8,-12,-4,-5,-1,-1,-10
10688,10688,1503614353900,-4,-3,-7,-3,-2,-2,-4,-6
10689,10689,1503614353908,-4,-8,-7,2,-1,1,-3,-7
10690,10690,1503614353922,2,4,-1,-2,-1,2,2,-4
10691,10691,1503614353930,-7,-10,-7,-4,0,2,-1,-2
10692,10692,1503614353944,-6,-3,-3,-2,-2,-1,-3,-8
10693,10693,1503614353952,5,3,1,0,2,-3,-1,-10
10694,10694,1503614353960,5,-1,-1,1,0,-2,0,9
10695,10695,1503614353968,-6,-10,-5,-2,1,0,1,1
10696,10696,1503614353982,-3,2,3,0,0,-2,-3,-17
10697,10697,1503614353991,6,2,-1,-1,-2,-4,2,17
10698,10698,1503614353998,4,1,-1,1,0,1,-1,-3
10699,10699,1503614354012,-4,-4,-3,-2,-5,-2,-3,-13
10700,10700,1503614354020,0,-1,-3,-2,-1,-1,-1,4
10701,10701,1503614354028,1,-1,-3,-1,-2,-1,0,5
10702,10702,1503614354042,-5,-6,-5,-3,-1,-1,-1,-6
10703,10703,1503614354050,1,-5,-9,0,1,3,0,13
10704,10704,1503614354058,-11,-3,7,4,1,2,-1,-3
10705,10705,1503614354072,1,13,18,7,3,2,3,2
10706,10706,1503614354081,-11,-6,-5,-2,-3,-2,-4,-25
10707,10707,1503614354088,12,8,0,-2,-2,-2,-3,-2
10708,10708,1503614354102,-3,1,1,1,-1,-1,-4,-11
10709,10709,1503614354110,-7,0,-3,-2,-1,-3,1,-6
10710,10710,1503614354117,19,2,0,2,3,0,5,54
10711,10711,1503614354133,-13,-12,-8,-1,-1,0,-2,-6
10712,10712,1503614354140,2,3,3,4,1,1,-1,-12
10713,10713,1503614354148,-7,-4,0,-6,-4,0,-2,-13
10714,10714,1503614354162,7,-3,-7,-5,-3,-1,1,3
10715,10715,1503614354170,-7,-13,-10,-5,-2,-3,-4,-20
10716,10716,1503614354177,-14,-14,-3,-1,-2,-1,1,-7
10717,10717,1503614354193,7,12,6,2,2,-1,5,27
10718,10718,1503614354201,-6,9,6,3,2,-4,-4,-23
10719,10719,1503614354208,-4,-8,-4,0,0,-2,-4,7
10720,10720,1503614354222,1,1,-1,-4,-1,-3,-3,-5
10721,10721,1503614354231,19,-7,-10,-1,0,4,8,55
10722,10722,1503614354238,1,6,4,3,4,-1,0,6
10723,10723,1503614354253,-1,12,-7,-3,-1,0,-2,-10
10724,10724,1503614354262,7,-3,-8,-5,-4,-2,0,9
10725,10725,1503614354269,10,8,6,3,-2,-4,-1,-1
10726,10726,1503614354282,-4,12,8,-2,-2,0,-5,-28
10727,10727,1503614354290,-12,-4,9,2,1,1,-1,-12
10728,10728,1503614354298,2,-7,-4,-3,-4,-2,4,33
10729,10729,1503614354313,-6,0,-1,-1,1,1,-2,-11
10730,10730,1503614354320,8,2,2,2,2,3,7,28
10731,10731,1503614354329,-2,-2,-4,-1,-1,-2,-1,-1
10732,10732,1503614354342,7,6,-6,-5,-3,-1,0,-12
10733,10733,1503614354350,-3,0,2,-1,-1,-2,0,-16
10734,10734,1503614354365,-10,-7,-8,-9,-5,-4,-2,39
10735,10735,1503614354372,17,9,0,1,0,0,4,26
10736,10736,1503614354380,-7,9,6,5,2,2,-1,-24
10737,10737,1503614354395,2,-19,-16,-5,-1,-4,-1,-21
10738,10738,1503614354402,-3,-4,0,-4,-4,0,1,-21
10739,10739,1503614354410,-11,-1,5,0,0,-1,-4,-15
10740,10740,1503614354427,1,-9,-5,0,0,2,1,-2
10741,10741,1503614354432,-6,-7,-1,-5,-2,-2,3,8
10742,10742,1503614354440,-9,4,10,-5,-1,-3,-6,-20
10743,10743,1503614354455,-6,15,15,3,-1,0,-2,-5
10744,10744,1503614354462,7,3,2,3,1,-1,2,3
10745,10745,1503614354470,-2,-12,-10,-4,-2,-2,-2,-7
10746,10746,1503614354484,-2,-9,-7,-3,-4,-3,-6,3
10747,10747,1503614354494,-2,0,-3,0,-3,-3,-2,8
10748,10748,1503614354500,-10,-4,-3,2,3,-1,0,-29
10749,10749,1503614354515,1,12,9,3,2,3,2,5
10750,10750,1503614354522,4,-4,-9,-1,-1,-1,-2,-9
10751,10751,1503614354530,19,9,14,2,2,0,0,11
10752,10752,1503614354544,2,16,6,1,-1,0,2,10
10753,10753,1503614354552,-6,-7,-10,-4,-4,-2,-2,10
10754,10754,1503614354561,1,-5,-1,-2,-2,-2,0,14
10755,10755,1503614354575,-9,-8,-10,-6,-3,0,0,-10
10756,10756,1503614354582,-12,1,-1,-1,1,-1,-4,-14
10757,10757,1503614354590,-3,1,-2,2,0,1,0,2
10758,10758,1503614354604,-7,4,3,1,-3,2,0,-16
10759,10759,1503614354612,-1,5,0,1,2,1,-2,-14
10760,10760,1503614354620,0,-7,2,-1,1,0,-4,-2
10761,10761,1503614354635,1,0,-5,-2,-3,-3,-3,-9
10762,10762,1503614354641,-2,-5,2,-1,-3,-2,-3,-1
10763,10763,1503614354642,1,3,3,0,0,1,0,16
10764,10764,1503614354650,1,-9,-8,1,2,0,2,6
10765,10765,1503614354664,-2,-2,-3,-3,-2,-2,-3,-7
10766,10766,1503614354665,-3,-18,-14,-3,-3,-4,-3,3
10767,10767,1503614354679,-10,13,3,0,0,0,-3,2
10768,10768,1503614354680,-2,-10,-8,0,-1,-1,-2,1
10769,10769,1503614354696,5,-5,3,3,1,-1,0,-2
10770,10770,1503614354702,12,29,15,1,2,-2,0,8
10771,10771,1503614354710,-9,-13,-5,-4,0,1,-1,-13
10772,10772,1503614354724,7,2,3,3,3,1,2,10
10773,10773,1503614354733,-10,-4,2,-2,-4,-2,-1,-4
10774,10774,1503614354740,-1,-2,-1,-2,1,3,0,-1
10775,10775,1503614354755,-6,-8,-2,-3,-3,-2,-4,5
10776,10776,1503614354763,-4,-15,-16,-2,-4,-6,-1,6
10777,10777,1503614354771,-1,-13,-8,-2,1,0,1,-1
10778,10778,1503614354784,-9,-12,-7,-3,0,0,1,-12
10779,10779,1503614354792,5,27,14,3,-1,-3,0,0
10780,10780,1503614354800,-5,11,4,0,-2,0,-1,-9
10781,10781,1503614354815,4,-3,-1,1,1,0,0,2
10782,10782,1503614354822,-4,-11,-9,-6,-3,0,-3,-2
10783,10783,1503614354830,4,10,6,3,0,1,-1,-6
10784,10784,1503614354844,-2,-1,2,1,1,1,0,0
10785,10785,1503614354852,-4,-9,-11,-2,-4,-3,0,-4
10786,10786,1503614354862,8,-3,4,2,0,-1,4,24
10787,10787,1503614354875,8,1,-6,-2,3,-1,-3,-5
10788,10788,1503614354881,-11,-13,-11,-3,-1,-2,0,-8
10789,10789,1503614354882,0,1,-2,-2,-2,-2,-2,-16
10790,10790,1503614354890,1,-7,2,-3,-5,-1,1,8
10791,10791,1503614354904,-4,0,1,-2,0,-1,-3,-3
10792,10792,1503614354912,1,-3,-2,1,-2,-1,-1,10
10793,10793,1503614354920,-1,1,0,2,-1,0,-1,-1
10794,10794,1503614354935,-2,4,5,-2,-3,0,1,-3
10795,10795,1503614354942,4,-1,3,-1,-1,2,-1,6
10796,10796,1503614354950,5,-11,-7,0,0,-1,1,7
10797,10797,1503614354964,-5,-4,3,0,-1,-1,6,-10
10798,10798,1503614354972,-10,25,3,1,0,0,-2,-14
10799,10799,1503614354980,-1,-2,-2,-1,-1,2,-3,2
10800,10800,1503614354997,-1,-1,10,0,-2,-3,-2,-1
10801,10801,1503614355002,0,-3,-9,-3,-2,-3,-2,0
10802,10802,1503614355010,8,10,4,0,2,1,-2,10
10803,10803,1503614355024,-2,-8,-3,-4,-2,0,-1,-1
10804,10804,1503614355033,-3,11,7,2,1,1,0,-3
10805,10805,1503614355040,-2,-12,-8,-2,-2,-3,-3,1
10806,10806,1503614355055,1,16,17,3,1,1,1,-4
10807,10807,1503614355064,0,-3,-4,-2,-2,-1,-2,-11
10808,10808,1503614355070,1,-23,-13,-3,-1,-4,7,25
10809,10809,1503614355092,1,-1,1,3,1,-2,0,-4
10810,10810,1503614355094,0,-6,-6,-1,0,0,-2,-14
10811,10811,1503614355100,1,7,1,1,1,-2,-4,5
10812,10812,1503614355115,3,3,-2,-1,-4,-4,-3,-6
10813,10813,1503614355122,-4,-6,-9,-4,-3,-1,-3,-3
10814,10814,1503614355130,-7,-10,-15,-3,-2,-2,-4,-7
10815,10815,1503614355144,3,23,9,-1,1,0,1,-10
10816,10816,1503614355152,-3,-13,-7,-3,-1,-1,-3,-2
10817,10817,1503614355160,-3,-4,0,2,0,0,0,5
10818,10818,1503614355175,-7,-8,-4,-2,0,1,-1,-4
10819,10819,1503614355181,-1,-4,1,0,1,-2,-1,0
10820,10820,1503614355190,12,3,2,2,1,2,3,28
10821,10821,1503614355204,-2,-8,-5,-2,-3,-1,1,10
10822,10822,1503614355212,-1,-12,-8,-3,-1,-2,-3,-9
10823,10823,1503614355220,-4,-7,-7,-3,-4,-3,-7,-21
10824,10824,1503614355235,2,-5,-3,-2,-3,-2,-5,-9
10825,10825,1503614355241,3,2,4,0,-1,1,2,12
10826,10826,1503614355250,4,-6,-2,3,1,-2,-2,-3
10827,10827,1503614355268,0,8,7,0,2,0,-1,-5
10828,10828,1503614355273,-1,13,11,1,-1,-1,0,5
10829,10829,1503614355287,-6,-9,-7,-3,-3,0,1,5
10830,10830,1503614355295,-8,-10,-9,-3,0,0,-4,-19
10831,10831,1503614355302,5,-1,-1,-1,0,-1,0,-2
10832,10832,1503614355317,1,-1,3,-1,-1,-3,2,13
10833,10833,1503614355324,-6,-2,0,1,0,-2,0,-8
10834,10834,1503614355334,-6,3,1,-2,-2,0,-1,-8
10835,10835,1503614355347,-1,6,1,2,2,0,-1,9
10836,10836,1503614355355,1,-3,2,0,-1,0,-2,-2
10837,10837,1503614355362,-4,-5,-2,-3,-1,-2,-1,3
10838,10838,1503614355377,8,0,-1,2,-1,-3,5,23
10839,10839,1503614355384,0,7,7,-3,-1,-2,-1,-4
10840,10840,1503614355392,3,13,4,0,-1,1,-3,-13
10841,10841,1503614355408,0,22,15,3,-1,0,2,1
10842,10842,1503614355415,-15,-11,-13,-5,0,0,-5,-18
10843,10843,1503614355432,2,0,-1,2,0,0,0,-2
10844,10844,1503614355437,-3,-5,-4,-4,-3,-2,0,-11
10845,10845,1503614355451,-7,2,2,-1,-2,-3,-2,8
10846,10846,1503614355452,-1,-15,-5,2,-3,1,2,6
10847,10847,1503614355453,-2,-8,-2,0,1,1,0,8
10848,10848,1503614355468,4,-4,-4,-1,-1,-2,0,13
10849,10849,1503614355475,-6,-1,1,-4,-2,0,1,-8
10850,10850,1503614355482,7,3,0,-2,0,-1,1,7
10851,10851,1503614355499,-2,3,0,-1,0,0,-2,3
10852,10852,1503614355504,3,0,5,1,2,1,-1,-10
10853,10853,1503614355512,2,-2,-2,0,-2,-2,1,-1
10854,10854,1503614355527,-9,-9,-8,-4,-3,-6,-5,3
10855,10855,1503614355536,-3,-8,1,-1,-1,-3,-5,-11
10856,10856,1503614355542,0,2,2,-3,-2,2,-3,-11
10857,10857,1503614355557,7,9,1,-1,-2,0,1,7
10858,10858,1503614355566,9,2,0,0,1,-2,2,22
10859,10859,1503614355572,-1,1,2,1,-1,0,-2,-10
10860,10860,1503614355587,4,11,7,0,-2,0,0,-4
10861,10861,1503614355595,-6,-2,-1,0,-1,-1,-1,-16
10862,10862,1503614355603,-5,-8,-8,0,0,-2,-3,-6
10863,10863,1503614355617,1,2,1,4,1,-2,-4,3
10864,10864,1503614355624,-9,-5,-7,-1,0,-1,1,4
10865,10865,1503614355633,-7,-6,-1,-4,0,0,-5,-16
10866,10866,1503614355647,-2,4,0,-3,-2,0,-5,5
10867,10867,1503614355655,2,-1,-1,-1,-2,-1,2,17
10868,10868,1503614355662,9,24,13,4,2,-1,0,-16
10869,10869,1503614355682,1,6,1,-2,-1,1,4,7
10870,10870,1503614355684,-11,-19,-11,-2,1,0,-1,-19
10871,10871,1503614355692,-9,-4,0,1,2,3,5,-2
10872,10872,1503614355707,6,1,0,-3,-4,-2,3,46
10873,10873,1503614355715,-2,-5,-4,-2,-1,-1,-1,1
10874,10874,1503614355722,-2,-8,-3,-3,-2,-1,0,-11
10875,10875,1503614355738,3,-6,-3,-3,-1,-1,-1,12
10876,10876,1503614355744,-9,-9,-1,-1,1,-2,-2,-5
10877,10877,1503614355752,0,10,3,3,-1,2,1,-7
10878,10878,1503614355768,2,2,1,0,1,-1,-1,-2
10879,10879,1503614355775,6,-2,-1,0,0,-5,-2,-3
10880,10880,1503614355782,-6,-3,1,5,-1,0,-4,-33
10881,10881,1503614355797,-6,1,-4,-3,-2,0,-8,-28
10882,10882,1503614355804,-10,-5,-3,-1,-2,-2,-2,-14
10883,10883,1503614355812,1,-6,-3,0,0,-1,-1,6
10884,10884,1503614355828,9,5,1,-2,-2,3,0,6
10885,10885,1503614355835,-6,-5,-4,-1,-2,2,1,13
10886,10886,1503614355850,1,-4,-9,-2,1,2,1,7
10887,10887,1503614355857,-1,-5,-5,0,0,-1,-2,-4
10888,10888,1503614355869,4,-3,-3,-3,-2,1,0,11
10889,10889,1503614355873,-6,2,7,2,0,-1,-2,-20
10890,10890,1503614355888,7,-7,-6,-2,-1,-4,-1,24
10891,10891,1503614355895,4,17,6,-2,0,-2,-2,-13
10892,10892,1503614355910,-8,-7,1,1,0,-1,-4,-17
10893,10893,1503614355917,0,10,4,2,0,0,-2,10
10894,10894,1503614355925,-10,-5,-4,-2,-1,0,-2,-2
10895,10895,1503614355935,-5,-8,-2,-1,-2,-1,1,3
10896,10896,1503614355948,6,3,1,-1,-2,-3,-2,-7
10897,10897,1503614355955,3,-1,1,3,2,-2,3,16
10898,10898,1503614355971,1,-3,-1,1,0,-1,-3,-10
10899,10899,1503614355977,9,-1,0,-2,-3,-2,-2,9
10900,10900,1503614355985,-7,14,7,1,-2,-1,-3,-31
10901,10901,1503614355992,9,16,7,0,2,2,1,7
10902,10902,1503614356009,1,-6,-5,-3,-2,1,2,15
10903,10903,1503614356015,-1,-7,-6,-4,-3,-3,-2,0
10904,10904,1503614356030,0,-1,-2,-2,-1,0,1,2
10905,10905,1503614356038,15,2,0,-1,-1,0,-1,10
10906,10906,1503614356045,2,0,3,2,-1,-4,1,5
10907,10907,1503614356060,-11,-13,-10,-5,0,0,-3,-7
10908,10908,1503614356071,3,9,-1,-3,-1,-2,0,8
10909,10909,1503614356075,1,-2,-2,0,-4,0,1,4
10910,10910,1503614356090,-8,-6,-5,-5,0,0,0,-1
10911,10911,1503614356097,-3,-4,-2,-4,-1,-1,0,4
10912,10912,1503614356105,-10,-1,7,2,1,-2,-1,-11
10913,10913,1503614356112,-3,2,1,1,-1,-3,-1,-3
10914,10914,1503614356142,-4,-7,-1,0,-1,-1,-3,-6
10915,10915,1503614356143,-6,-6,-4,-1,-1,0,-1,-2
10916,10916,1503614356150,2,2,0,-3,-3,-3,-5,-4
10917,10917,1503614356157,0,-2,-4,-1,-2,-1,0,1
10918,10918,1503614356165,0,-5,0,-2,-2,0,4,6
10919,10919,1503614356172,0,-2,-1,3,1,0,0,-1
10920,10920,1503614356188,13,0,2,-1,-3,2,4,39
10921,10921,1503614356195,-12,-7,-2,-2,1,0,0,5
10922,10922,1503614356211,-2,8,3,0,2,2,-1,-8
10923,10923,1503614356217,4,0,2,-1,0,-2,-1,1
10924,10924,1503614356225,-3,-1,-3,-1,-3,-3,-3,-8
10925,10925,1503614356247,-5,-4,-3,-3,-1,1,-1,-7
10926,10926,1503614356248,-13,-2,0,-3,-1,0,0,-7
10927,10927,1503614356255,-2,5,4,2,-1,-2,-2,-9
10928,10928,1503614356273,-6,-2,-1,2,2,0,-2,-6
10929,10929,1503614356277,1,-7,-1,-4,-2,1,1,2
10930,10930,1503614356285,-3,-7,-4,1,3,-1,-1,-2
10931,10931,1503614356300,3,0,-1,-2,-1,-1,3,12
10932,10932,1503614356308,-11,-3,-2,-4,-2,0,0,-17
10933,10933,1503614356315,-16,-2,-2,0,0,0,6,-1
10934,10934,1503614356330,15,0,0,0,-2,-1,4,14
10935,10935,1503614356337,11,-4,-4,-1,0,-2,-3,-10
10936,10936,1503614356345,-10,10,3,2,-1,-3,-5,-14
10937,10937,1503614356360,-12,2,1,0,-1,0,-2,-14
10938,10938,1503614356370,20,-15,-11,-5,-4,-3,-2,-3
10939,10939,1503614356375,2,-6,-5,-1,-5,-1,0,3
10940,10940,1503614356390,-10,-7,-1,1,1,3,-2,-3
10941,10941,1503614356398,-32,-6,-2,0,-1,-1,-2,-15
10942,10942,1503614356407,-27,-5,-2,-2,-1,-4,-3,-6
10943,10943,1503614356420,1,3,-4,-2,0,-1,-1,2
10944,10944,1503614356428,16,16,3,1,1,-1,0,14
10945,10945,1503614356437,6,11,7,-1,-1,-1,-5,0
10946,10946,1503614356450,12,-5,-10,-1,-1,0,-2,-2
10947,10947,1503614356457,13,11,0,-3,0,-1,1,17
10948,10948,1503614356465,2,1,5,4,3,1,3,2
10949,10949,1503614356480,1,-11,-6,0,-2,0,-4,-2
10950,10950,1503614356488,-6,15,4,-2,-4,-3,0,1
10951,10951,1503614356495,7,7,8,3,0,1,-1,-3
10952,10952,1503614356510,2,0,0,0,2,-1,7,6
10953,10953,1503614356518,0,2,-1,0,0,0,0,0
10954,10954,1503614356525,1,-4,-1,-2,-1,1,-3,1
10955,10955,1503614356540,1,-11,1,1,2,-1,-3,-4
10956,10956,1503614356549,5,-5,-5,-1,-1,-1,0,-4
10957,10957,1503614356555,-3,-7,-6,-3,-1,-2,-3,-7
10958,10958,1503614356573,-1,-3,2,-3,-1,-3,-3,-3
10959,10959,1503614356579,-1,-12,-11,-4,-2,-4,0,2
10960,10960,1503614356585,0,0,2,1,0,-2,1,2
10961,10961,1503614356600,2,3,1,-2,-1,-1,-2,-3
10962,10962,1503614356608,5,1,-3,-1,-2,0,-2,2
10963,10963,1503614356615,1,-1,-1,-1,-3,0,3,-1
10964,10964,1503614356630,-12,-22,-8,-4,-5,-1,-3,-3
10965,10965,1503614356638,0,-5,0,-1,0,2,-2,0
10966,10966,1503614356646,-4,-3,-7,-3,-1,-1,-1,-6
10967,10967,1503614356660,0,-4,-5,-1,-3,-1,1,3
10968,10968,1503614356668,0,-5,-4,-3,-3,-3,-4,-1
10969,10969,1503614356675,-1,6,2,1,2,-3,-1,4
10970,10970,1503614356690,1,7,3,2,1,0,2,0
10971,10971,1503614356697,1,7,3,1,-3,0,-1,-10
10972,10972,1503614356713,2,6,4,0,-2,-2,0,-9
10973,10973,1503614356720,-3,-1,-1,1,1,-2,-2,-8
10974,10974,1503614356735,3,6,6,4,1,3,0,7
10975,10975,1503614356736,-1,2,1,2,-1,1,-3,-17
10976,10976,1503614356750,-3,1,-1,1,2,0,-1,0
10977,10977,1503614356764,1,0,0,1,0,-2,3,5
10978,10978,1503614356766,1,1,-1,-3,0,-2,-3,5
10979,10979,1503614356780,3,1,-1,-2,1,-1,3,9
10980,10980,1503614356788,2,-1,0,2,0,0,0,2
10981,10981,1503614356795,-1,1,1,2,0,0,-1,4
10982,10982,1503614356810,-2,-2,-2,-5,-2,-1,0,-2
10983,10983,1503614356817,1,-1,-1,-1,-5,-1,-3,4
10984,10984,1503614356833,2,7,4,-1,0,2,-1,-4
10985,10985,1503614356840,-1,-1,0,-1,-2,-2,1,1
10986,10986,1503614356848,1,-1,-3,-2,-4,-2,-3,4
10987,10987,1503614356855,3,1,-1,-1,0,-3,-2,6
10988,10988,1503614356873,-4,-9,-5,0,1,-1,0,1
10989,10989,1503614356877,-4,-1,-1,-1,-3,-3,0,-7
10990,10990,1503614356885,1,4,1,-1,-3,-1,-2,-1
10991,10991,1503614356900,1,6,1,0,0,3,1,1
10992,10992,1503614356908,-4,-5,-3,2,0,-2,1,-2
10993,10993,1503614356915,-1,-2,1,3,0,-1,-2,1
10994,10994,1503614356930,1,3,3,-2,-2,-2,-1,-4
10995,10995,1503614356940,0,-3,-2,-1,2,-1,-2,-5
10996,10996,1503614356945,-2,-12,-11,-4,-3,-1,-2,1
10997,10997,1503614356960,0,8,-1,-1,0,2,-1,0
10998,10998,1503614356968,-3,-1,0,1,-2,1,-2,-2
10999,10999,1503614356975,-1,7,0,1,0,0,2,6
11000,11000,1503614356990,0,-11,-11,-2,-3,-3,2,0
11001,11001,1503614356997,-9,-16,-7,-6,-6,-3,-4,-11
11002,11002,1503614357008,-5,6,8,-1,-1,-1,-4,-5
11003,11003,1503614357020,2,1,0,-2,1,3,1,-2
11004,11004,1503614357028,0,-2,1,1,-2,0,-3,0
11005,11005,1503614357035,-1,-3,-1,-5,-3,-3,-1,0
11006,11006,1503614357050,0,2,-3,0,3,0,-1,-2
11007,11007,1503614357057,1,-1,1,-2,0,-3,1,4
11008,11008,1503614357065,1,5,0,1,1,2,3,3
11009,11009,1503614357080,-4,-23,-12,-3,-4,2,-4,-1
11010,11010,1503614357088,9,27,36,13,7,4,1,3
11011,11011,1503614357095,-1,4,2,0,0,1,1,2
11012,11012,1503614357111,-2,-5,-4,-3,-3,-2,-2,0
11013,11013,1503614357117,-2,-9,-5,-3,1,-3,-2,2
11014,11014,1503614357125,0,-4,3,-1,-2,-2,2,1
11015,11015,1503614357140,0,-3,-6,-1,1,-1,0,0
11016,11016,1503614357149,1,-2,-4,-3,0,0,1,0
11017,11017,1503614357162,-2,4,6,-1,-4,-1,-1,0
11018,11018,1503614357170,-2,2,1,-2,-1,-3,-2,1
11019,11019,1503614357177,2,3,0,3,2,0,-1,-3
11020,11020,1503614357192,-12,-17,-18,-6,-2,-3,0,-3
11021,11021,1503614357200,11,37,39,12,2,4,1,0
11022,11022,1503614357209,-3,-8,-9,-3,-6,-1,-5,-6
11023,11023,1503614357222,-9,-13,-9,-7,-4,-4,-3,-4
11024,11024,1503614357230,5,10,16,3,1,-3,-1,1
11025,11025,1503614357237,-5,-9,-9,-1,-2,-4,-3,-5
11026,11026,1503614357252,2,-5,-9,-4,-4,-1,-3,-7
11027,11027,1503614357262,-2,0,-2,-4,-1,-1,-2,-2
11028,11028,1503614357268,-2,1,-4,0,0,2,0,-4
11029,11029,1503614357283,2,0,-4,-2,-2,0,-2,2
11030,11030,1503614357290,-1,-6,-7,-1,2,-2,-2,0
11031,11031,1503614357297,1,9,10,5,2,-1,3,1
11032,11032,1503614357312,-3,-7,-4,0,-2,-2,1,-1
11033,11033,1503614357320,1,-4,-5,0,0,2,-4,2
11034,11034,1503614357328,1,0,0,-5,-4,-2,2,10
11035,11035,1503614357342,1,0,-6,2,1,0,1,-3
11036,11036,1503614357350,1,2,1,4,0,0,-1,-2
11037,11037,1503614357357,-1,0,-2,0,-2,2,-3,-1
11038,11038,1503614357372,-3,-4,-8,-2,1,0,-2,0
11039,11039,1503614357380,-2,-7,-3,2,-1,-3,4,4
11040,11040,1503614357388,0,0,0,-3,-4,-2,-3,-4
11041,11041,1503614357402,0,-8,-8,0,0,-1,0,4
11042,11042,1503614357410,3,15,-1,2,-1,-1,0,1
11043,11043,1503614357418,-2,-1,0,-5,-5,-4,-5,-2
11044,11044,1503614357432,-5,-3,-3,-2,0,2,1,-3
11045,11045,1503614357441,-2,-1,-1,-2,-1,1,0,-5
11046,11046,1503614357448,0,1,2,2,3,-3,-1,-2
11047,11047,1503614357462,-1,-4,-5,-7,-1,1,1,3
11048,11048,1503614357470,0,1,1,1,1,0,0,-1
11049,11049,1503614357477,-1,2,1,2,-1,-4,-1,0
11050,11050,1503614357492,-2,-5,-3,-5,-3,-1,-2,-2
11051,11051,1503614357500,-1,-2,-1,-1,-1,-1,2,-1
11052,11052,1503614357509,-3,-8,-4,-6,-4,-2,-2,-3
11053,11053,1503614357522,0,2,1,1,2,1,-1,3
11054,11054,1503614357530,3,1,0,2,1,1,2,5
11055,11055,1503614357537,-2,-7,-11,-3,-3,0,-2,-3
11056,11056,1503614357552,-1,3,10,2,0,-2,-3,-4
11057,11057,1503614357560,-1,1,-2,1,4,2,-1,-2
11058,11058,1503614357568,-1,0,1,-2,-3,2,0,-1
11059,11059,1503614357582,-1,-4,-2,-2,-3,-2,0,-4
11060,11060,1503614357590,-1,1,0,0,0,1,0,5
11061,11061,1503614357598,2,3,0,-1,1,-1,1,3
11062,11062,1503614357613,0,-5,-4,0,1,1,0,-2
11063,11063,1503614357620,-2,1,2,-1,-3,1,0,-5
11155,11155,1503614358514,-2,-3,-3,-3,1,-2,-2,-3
11156,11156,1503614358520,3,0,-2,-1,-1,0,0,4
11157,11157,1503614358535,-3,-6,-5,-5,-2,-3,-2,-2
11158,11158,1503614358542,0,-6,-2,-2,0,-3,-2,2
11159,11159,1503614358552,1,-4,-9,0,-1,5,2,2
11160,11160,1503614358564,-1,8,9,2,1,-2,-1,-5
11161,11161,1503614358572,-6,2,-4,-3,-1,-4,-3,-16
11162,11162,1503614358583,1,0,-2,1,-1,3,-1,3
11163,11163,1503614358595,-1,-7,-4,-1,0,-1,-1,6
11164,11164,1503614358602,-1,0,3,-1,2,0,3,13
11165,11165,1503614358610,3,17,22,7,1,0,1,0
11166,11166,1503614358624,-2,-1,0,1,1,2,2,-3
11167,11167,1503614358632,-1,-2,-3,-2,-1,-2,0,4
11168,11168,1503614358640,-3,-7,-6,-4,-2,-2,-3,-8
11169,11169,1503614358655,-5,-4,-5,-5,-4,1,-3,-8
11170,11170,1503614358662,-4,-4,-9,-3,-1,-4,-3,-10
11171,11171,1503614358670,2,19,5,3,0,-3,-2,1
11172,11172,1503614358685,2,-6,1,0,0,-1,1,-1
11173,11173,1503614358692,-6,-21,-14,-14,-6,-1,-2,-1
11174,11174,1503614358700,2,5,0,0,-1,0,-2,-3
11175,11175,1503614358716,1,-5,-3,1,-5,-1,0,4
11176,11176,1503614358722,-1,4,0,4,-2,1,1,0
11177,11177,1503614358730,-2,-13,-20,-5,0,4,4,-2
11178,11178,1503614358744,3,25,13,5,3,0,0,-2
11179,11179,1503614358752,1,-8,-6,-6,-2,-6,-2,4
11180,11180,1503614358760,7,-3,-7,-1,-1,1,1,5
11181,11181,1503614358775,-3,-3,2,-3,-4,-2,-1,-1
11182,11182,1503614358783,1,1,4,-8,-5,-4,0,-2
11183,11183,1503614358791,1,0,4,5,4,2,0,-1
11184,11184,1503614358804,0,-3,-6,-2,1,1,0,3
11185,11185,1503614358812,-1,-4,-2,0,-1,0,-1,2
11186,11186,1503614358820,2,20,20,4,-1,1,-1,1
11187,11187,1503614358835,3,3,1,4,1,-1,0,4
11188,11188,1503614358842,-4,-16,-14,-4,-1,-2,-2,-3
11189,11189,1503614358857,-3,4,8,0,0,-1,-3,-4
11190,11190,1503614358864,10,-3,-2,0,-2,0,5,29
11191,11191,1503614358872,1,-2,-5,-1,2,0,1,4
11192,11192,1503614358881,-11,-10,-5,1,2,-2,-3,-13
11193,11193,1503614358895,3,3,8,1,-1,-1,-2,-3
11194,11194,1503614358902,-2,-7,-7,-4,-1,-2,-3,-6
11195,11195,1503614358910,-2,-2,-1,1,0,-2,-3,-6
11196,11196,1503614358924,-2,-9,-7,-2,-4,-3,1,3
11197,11197,1503614358932,2,13,10,2,-1,0,1,0
11198,11198,1503614358940,0,6,1,2,-3,1,-3,-2
11199,11199,1503614358962,-3,-6,-5,0,3,0,0,0
11200,11200,1503614358963,-8,-5,-6,-4,0,0,-1,-10
11201,11201,1503614358971,0,-3,-3,-1,-1,1,1,-6
11202,11202,1503614358984,3,-1,-1,-1,2,0,0,-1
11203,11203,1503614358992,-1,1,-1,1,-3,-2,1,-5
11204,11204,1503614359000,-4,-6,1,2,0,4,-3,-4
11205,11205,1503614359016,-6,-11,-7,-4,-3,-1,-4,-1
11206,11206,1503614359022,0,3,21,5,0,-3,0,-4
11207,11207,1503614359037,1,11,11,4,4,1,1,-4
11208,11208,1503614359044,7,4,-3,-2,-1,-1,-2,10
11209,11209,1503614359053,0,1,1,0,3,2,1,7
11210,11210,1503614359066,-4,-6,0,-2,-5,-4,-2,-5
11211,11211,1503614359075,4,10,16,3,-1,-1,-2,6
11212,11212,1503614359083,1,7,5,-2,-5,-3,-1,-2
11213,11213,1503614359097,-4,-5,-5,-3,-3,-2,-1,-5
11214,11214,1503614359104,1,-1,-2,0,-1,-2,-2,2
11215,11215,1503614359112,-2,-5,-4,-3,-2,-2,-3,-1
11216,11216,1503614359126,-3,-7,-7,-1,-4,-2,-4,-7
11217,11217,1503614359134,3,5,6,3,2,2,3,2
11218,11218,1503614359142,-5,-1,-6,-1,0,-1,0,-5
11219,11219,1503614359157,0,-1,-8,-4,-1,-1,0,-2
11220,11220,1503614359165,3,6,2,4,2,-2,0,0
11221,11221,1503614359173,-4,-12,-15,-9,-2,-1,-2,3
11222,11222,1503614359187,1,-3,-4,2,1,1,-1,1
11223,11223,1503614359195,-1,2,0,-1,1,0,-1,0
11224,11224,1503614359202,-5,-5,-6,-4,1,-2,-1,-3
11225,11225,1503614359222,1,-10,-6,-1,-4,-2,-1,1
11226,11226,1503614359225,0,-4,-7,-1,-2,2,4,0
11227,11227,1503614359233,3,10,1,-1,-3,-2,-1,1
11228,11228,1503614359247,-2,3,-2,-1,1,3,-1,0
11229,11229,1503614359256,3,10,11,3,-1,2,0,-2
11230,11230,1503614359269,1,7,11,2,-1,-4,-1,-1
11231,11231,1503614359277,-3,-6,-6,-4,0,-2,0,-1
11232,11232,1503614359292,-2,0,1,-5,-5,-4,-1,1
11233,11233,1503614359294,-4,-8,-4,-2,-6,0,0,-1
11234,11234,1503614359307,-4,-1,-9,-7,-5,-1,-2,-3
11235,11235,1503614359315,-1,-3,-4,-1,3,0,-1,-2
11236,11236,1503614359322,-6,-7,-6,-3,-2,-1,-4,-6
11237,11237,1503614359337,-2,-2,-3,-5,-5,-1,-3,-2
11238,11238,1503614359344,5,-2,3,0,0,-1,2,9
11239,11239,1503614359352,0,-1,4,4,0,-4,-3,0
11240,11240,1503614359368,-2,-1,3,2,3,1,0,-1
11241,11241,1503614359375,-4,-5,-6,-3,-4,-4,-1,-5
11242,11242,1503614359382,-3,-14,-9,3,5,0,2,-3
11243,11243,1503614359397,0,7,-5,-1,2,1,1,0
11244,11244,1503614359405,-5,-6,-4,-3,1,-2,-2,-2
11245,11245,1503614359413,-1,1,3,0,1,-1,-2,-5
11246,11246,1503614359427,1,6,4,-1,-5,-1,-2,-4
11247,11247,1503614359435,-1,-5,-13,-4,-2,0,-3,-2
11248,11248,1503614359442,-3,-2,-1,-2,2,-2,1,1
11249,11249,1503614359457,-3,-6,-4,-5,-5,0,-3,-2
11250,11250,1503614359465,3,5,2,4,2,2,-2,4
11251,11251,1503614359480,-1,-2,-2,2,4,-2,-1,1
11252,11252,1503614359487,2,11,-8,-2,-1,-3,-1,-3
11253,11253,1503614359495,0,-7,-8,-2,-5,-1,-2,-3
11254,11254,1503614359502,-1,-13,-3,0,5,2,-2,4
11255,11255,1503614359520,1,5,1,-3,1,0,1,0
11256,11256,1503614359525,0,4,3,-2,-2,0,-2,-4
11257,11257,1503614359533,0,1,4,1,7,2,3,8
11258,11258,1503614359546,-5,2,3,-3,-4,-3,3,-10
11259,11259,1503614359555,4,1,-2,1,0,1,2,17
11260,11260,1503614359562,-1,-3,-6,-4,-2,-2,0,0
11261,11261,1503614359577,-1,4,4,-1,0,1,-2,-5
11262,11262,1503614359586,-2,4,7,2,-1,2,-3,2
11263,11263,1503614359593,-6,-15,-8,-10,-9,-2,-3,-7
11264,11264,1503614359606,3,-8,-7,-2,-1,1,-1,-1
11265,11265,1503614359615,2,4,7,6,1,-2,-1,-1
11266,11266,1503614359622,-5,-6,1,-2,-4,-2,-5,-2
11267,11267,1503614359637,2,10,16,5,1,0,-1,-8
11268,11268,1503614359644,-5,-7,-4,-4,-5,-1,-1,-8
11269,11269,1503614359645,5,-1,-1,0,5,-3,0,12
11270,11270,1503614359653,-5,-5,-10,-5,2,2,1,-7
11271,11271,1503614359666,0,-1,5,0,-1,-2,-1,-10
11272,11272,1503614359675,1,5,8,1,-4,-4,-1,0
11273,11273,1503614359683,-6,-14,-15,-13,-9,-5,0,-2
11274,11274,1503614359697,2,2,4,3,-1,1,0,-2
11275,11275,1503614359704,-2,-1,-1,2,1,0,2,2
11276,11276,1503614359721,1,1,0,-2,-5,-3,-1,5
11277,11277,1503614359727,4,7,4,1,-11,0,0,0
11278,11278,1503614359734,-4,-6,-8,-1,-2,-3,-2,-4
11279,11279,1503614359742,2,9,2,-2,0,2,1,-5
11280,11280,1503614359757,-1,-8,-5,-6,-3,-2,-2,-1
11281,11281,1503614359765,0,5,8,3,2,1,2,2
11282,11282,1503614359773,-2,-3,-5,0,3,2,1,-7
11283,11283,1503614359787,0,12,12,3,5,0,0,8
11284,11284,1503614359795,-4,-1,3,-1,-7,-3,0,-1
11285,11285,1503614359802,-3,-2,-1,0,-2,-3,0,-8
11286,11286,1503614359818,-7,-2,1,-1,-1,-1,-3,-6
11287,11287,1503614359825,1,3,3,2,-4,1,0,4
11288,11288,1503614359833,-3,-14,-7,-3,-2,-1,0,7
11289,11289,1503614359847,-1,15,27,9,0,2,-2,-10
11290,11290,1503614359855,9,1,-3,4,3,0,1,3
11291,11291,1503614359863,-29,-18,-12,-4,5,-3,-4,-4
11292,11292,1503614359877,-6,-7,-6,0,5,5,1,3
11293,11293,1503614359885,10,-5,-11,-1,-3,-2,3,3
11294,11294,1503614359893,-1,1,-16,-6,-3,-3,-1,-8
11295,11295,1503614359906,6,5,0,-3,-2,-2,-1,1
11296,11296,1503614359915,8,7,4,-5,-5,-6,-2,4
11297,11297,1503614359922,-2,-3,-13,-5,-4,-7,-4,-1
11298,11298,1503614359938,4,28,26,10,0,0,-2,-4
11299,11299,1503614359945,-4,-21,-14,-8,-6,-2,-3,1
11300,11300,1503614359960,-2,2,-1,-2,0,-2,-2,-3
11301,11301,1503614359966,2,1,-4,1,1,1,1,2
11302,11302,1503614359975,-2,-7,-4,-1,0,-2,-1,0
11303,11303,1503614359990,-1,-3,2,1,-2,-3,-3,-4
11304,11304,1503614359997,-4,-7,-2,2,-5,-3,-3,0
11305,11305,1503614360005,5,11,5,2,2,4,-1,-4
11306,11306,1503614360024,0,0,-3,1,-3,-1,-1,1
11307,11307,1503614360026,3,6,3,-1,-4,0,-1,-3
11308,11308,1503614360027,0,2,-5,-3,-4,-1,-4,-4
11309,11309,1503614360035,-4,-11,-6,-5,0,1,-1,-1
11310,11310,1503614360049,1,-6,-4,-1,0,1,2,6
11311,11311,1503614360057,3,2,1,4,4,0,0,3
11312,11312,1503614360065,3,-4,-4,-3,-3,-3,0,-1
11313,11313,1503614360080,-3,-3,0,1,-2,-1,-2,1
11314,11314,1503614360091,-3,5,8,6,3,2,1,-2
11315,11315,1503614360095,0,-6,-6,-4,-3,0,0,-5
11316,11316,1503614360109,3,0,0,0,-2,-2,0,8
11317,11317,1503614360117,-5,-4,1,-2,-3,-3,-1,7
11318,11318,1503614360125,3,8,0,-5,-7,-2,-1,-2
11319,11319,1503614360140,-4,-16,-12,-5,-2,-2,-2,-3
11320,11320,1503614360147,2,-10,-5,5,6,2,1,13
11321,11321,1503614360156,-1,14,0,0,0,2,0,-2
11322,11322,1503614360169,-2,-2,-2,-2,-4,-5,-2,-8
11323,11323,1503614360177,-3,-8,-11,-7,-7,-4,2,-10
11324,11324,1503614360185,-1,9,7,-1,-2,1,-1,-9
11325,11325,1503614360200,-22,1,2,-1,-1,-2,-5,-19
11326,11326,1503614360207,8,-5,-2,3,3,-3,-3,11
11327,11327,1503614360215,1,-2,4,1,3,-2,-8,-13
11328,11328,1503614360229,4,15,5,2,3,-2,-3,-21
11329,11329,1503614360237,-17,-6,-2,1,-5,-6,-5,5
11330,11330,1503614360244,10,1,13,4,3,2,-1,4
11331,11331,1503614360262,13,-1,10,1,6,5,6,2
11332,11332,1503614360266,-2,1,-3,0,-2,0,3,4
11333,11333,1503614360274,28,5,6,9,9,3,5,33
11334,11334,1503614360289,-3,-1,-3,-2,0,-2,7,3
11335,11335,1503614360298,3,5,-4,-4,-6,-4,0,-4
11336,11336,1503614360304,2,-11,-10,-3,-1,2,-1,-4
11337,11337,1503614360320,20,16,5,1,1,1,-4,-10
11338,11338,1503614360327,3,-10,-9,-5,-4,-1,-1,-1
11339,11339,1503614360334,0,1,3,2,3,0,-1,3
11340,11340,1503614360349,-11,-7,-7,0,3,6,-1,-2
11341,11341,1503614360357,-12,2,-6,-3,-2,2,5,28
11342,11342,1503614360365,-32,-14,-3,-5,-3,-7,-4,-14
11343,11343,1503614360380,13,9,7,-1,-1,-4,-1,-5
11344,11344,1503614360386,-5,-6,-5,-4,-5,-3,-2,3
11345,11345,1503614360395,-3,-9,-5,-2,-3,2,0,-2
11346,11346,1503614360409,7,-2,-5,-2,1,3,1,-5
11347,11347,1503614360417,13,-9,-2,8,14,2,5,-1
11348,11348,1503614360425,-11,16,1,-1,-1,0,-4,-9
11349,11349,1503614360440,-14,-8,-6,-3,-8,0,-1,-1
11350,11350,1503614360447,-7,-16,-13,-6,-2,-3,-5,6
11351,11351,1503614360455,5,25,12,4,-2,0,-5,0
11352,11352,1503614360469,7,5,-2,0,-1,-4,-1,-2
11353,11353,1503614360477,-14,-14,-6,-5,-1,-3,-4,-12
11354,11354,1503614360484,12,3,3,-3,-2,-2,-2,-18
11355,11355,1503614360500,-2,-7,-5,-4,0,-1,-7,-7
11356,11356,1503614360506,16,1,-3,-3,-3,-2,-2,3
11357,11357,1503614360514,-9,25,7,1,-1,3,2,-1
11358,11358,1503614360529,-10,-2,-4,-3,-1,1,-3,-6
11359,11359,1503614360537,31,11,18,5,2,0,2,22
11360,11360,1503614360551,-7,-2,1,2,2,-4,-2,2
11361,11361,1503614360559,-10,-27,-15,-6,-2,-2,-2,-6
11362,11362,1503614360574,9,14,15,5,3,2,4,12
11363,11363,1503614360576,-3,-6,-4,-2,-4,-3,-3,-8
11364,11364,1503614360592,9,18,3,3,2,1,-5,1
11365,11365,1503614360597,4,0,2,-1,-4,1,0,-3
11366,11366,1503614360605,-5,6,6,2,-8,-2,-1,3
11367,11367,1503614360620,-16,-14,-10,-1,4,0,1,6
11368,11368,1503614360627,3,-11,-7,-2,-7,-2,1,3
11369,11369,1503614360635,-10,-3,0,1,-5,-1,2,-1
11370,11370,1503614360649,5,14,12,4,5,3,6,17
11371,11371,1503614360658,-2,-27,-7,-1,-1,0,-2,-36
11372,11372,1503614360659,-19,15,-6,1,-2,-4,4,40
11373,11373,1503614360665,-24,-32,-18,-8,-1,-6,-14,-19
11374,11374,1503614360680,-23,-32,-17,-4,-1,1,-8,-24
11375,11375,1503614360686,-1,4,2,-1,-5,-5,-4,0
11376,11376,1503614360695,-1,0,-4,-5,-2,-1,-2,-2
11377,11377,1503614360709,30,-3,1,1,-3,1,2,1
11378,11378,1503614360717,-9,-4,5,0,-1,-2,-1,-18
11379,11379,1503614360727,-13,-6,-3,-6,0,3,1,2
11380,11380,1503614360739,4,-4,-3,-3,-8,-4,-4,-4
11381,11381,1503614360746,36,24,-1,2,4,1,2,-2
11382,11382,1503614360755,6,12,11,1,5,-3,-4,-6
11383,11383,1503614360769,-25,-10,-6,-1,-1,-2,-1,-2
11384,11384,1503614360777,3,-5,-4,-3,0,0,1,-11
11385,11385,1503614360785,-7,-6,-2,-2,-1,-1,2,7
11386,11386,1503614360800,9,7,7,1,0,-4,2,3
11387,11387,1503614360801,-7,-11,-6,-3,-2,-2,-5,-19
11388,11388,1503614360806,3,3,-2,1,0,3,1,-5
11389,11389,1503614360815,16,7,-3,2,-1,-3,-1,5
11390,11390,1503614360829,7,20,24,7,5,1,2,-3
11391,11391,1503614360837,-14,1,0,3,0,-2,-1,-9
11392,11392,1503614360844,39,12,-4,-1,-2,-1,0,4
11393,11393,1503614360860,0,-3,5,1,0,1,1,6
11394,11394,1503614360868,-22,-20,-7,-2,-2,-1,1,-5
11395,11395,1503614360882,-16,-11,0,0,0,1,1,16
11396,11396,1503614360892,-11,-10,-3,0,0,-4,-1,4
11397,11397,1503614360898,19,8,1,-2,-4,2,-1,-1
11398,11398,1503614360912,29,27,9,-3,-5,-2,-2,-4
11399,11399,1503614360919,1,-6,-11,-11,-8,-3,-7,-1
11400,11400,1503614360929,15,3,3,2,4,0,-1,2
11401,11401,1503614360942,3,-16,-5,-3,-3,-3,1,-5
11402,11402,1503614360950,-20,-14,-1,-1,-3,0,-1,-6
11403,11403,1503614360959,-2,-1,-2,-1,3,2,2,-1
11404,11404,1503614360972,-15,-9,-8,-2,-1,2,2,14
11405,11405,1503614360979,2,-19,-16,-7,-2,-5,-2,4
11406,11406,1503614360988,20,13,6,3,3,-1,-1,-12
11407,11407,1503614361002,0,7,3,2,2,2,3,5
11408,11408,1503614361010,-15,-30,-13,-6,1,-1,-3,-5
11409,11409,1503614361018,16,2,-1,1,0,1,4,6
11410,11410,1503614361033,-12,-8,1,1,-6,-2,-2,1
11411,11411,1503614361047,9,-2,4,3,3,1,-5,-21
11412,11412,1503614361048,-50,-8,-1,0,4,-3,-5,-15
11413,11413,1503614361062,-15,0,-3,-7,-5,-3,-6,-10
11414,11414,1503614361070,3,-2,-6,0,-1,1,3,7
11415,11415,1503614361078,-5,7,6,0,1,2,1,-3
11416,11416,1503614361094,-1,12,2,1,4,-1,2,9
11417,11417,1503614361100,5,4,4,1,0,1,4,10
11418,11418,1503614361115,7,15,18,2,-3,3,0,-3
11419,11419,1503614361122,-4,1,3,2,-1,0,1,-8
11420,11420,1503614361131,-36,-15,-8,-4,-3,-3,-2,-8
11421,11421,1503614361137,0,-3,-6,0,-8,-1,-2,5
11422,11422,1503614361153,29,7,2,-2,-2,0,7,18
11423,11423,1503614361161,-23,3,-2,-2,2,-1,-4,-11
11424,11424,1503614361175,2,-11,-18,-5,-4,-1,-5,20
11425,11425,1503614361182,32,14,5,2,0,-3,2,10
11426,11426,1503614361190,-10,-24,-13,-5,2,-2,1,-3
11427,11427,1503614361198,10,19,16,6,5,3,-1,7
11428,11428,1503614361212,-8,-15,-6,-3,-4,3,-1,-2
11429,11429,1503614361213,16,8,-4,-3,1,0,0,-8
11430,11430,1503614361220,-18,-9,-4,-4,-1,-2,-2,-2
11431,11431,1503614361235,0,17,9,0,-2,1,9,34
11432,11432,1503614361242,-8,-16,-10,-3,-1,0,0,11
11433,11433,1503614361251,-7,-10,0,2,-3,-1,-8,-19
11434,11434,1503614361258,-2,6,8,-3,-1,-1,1,-2
11435,11435,1503614361273,2,15,10,2,-1,0,-4,-10
11436,11436,1503614361280,38,-4,-12,-3,-1,-1,-2,7
11437,11437,1503614361295,-10,-11,-6,-3,-2,-1,3,-2
11438,11438,1503614361303,1,3,9,4,1,-1,-4,-5
11439,11439,1503614361310,26,14,4,2,2,-3,-4,-5
11440,11440,1503614361318,12,18,9,1,2,-1,1,-1
11441,11441,1503614361333,-6,-10,-4,-4,-4,-1,-9,-13
11442,11442,1503614361340,-8,-8,-6,-2,-5,-1,-2,-3
11443,11443,1503614361355,2,-10,-3,0,0,-3,-2,-6
11444,11444,1503614361364,-16,-14,-4,-3,-4,-1,2,-7
11445,11445,1503614361371,-16,-9,1,0,2,-1,-1,8
11446,11446,1503614361377,1,24,7,-1,4,1,-3,8
11447,11447,1503614361395,32,11,-5,-1,2,-2,1,7
11448,11448,1503614361400,2,-7,-6,0,-3,-1,0,-3
11449,11449,1503614361415,-6,-11,-5,-3,0,0,2,-3
11450,11450,1503614361422,0,-1,-4,-3,-3,-3,-4,10
11451,11451,1503614361431,14,-1,3,2,-3,-1,-4,-4
11452,11452,1503614361438,44,13,6,2,0,1,3,7
11453,11453,1503614361453,-18,-8,-10,-11,-6,-5,-5,-10
11454,11454,1503614361460,-6,23,7,3,1,4,5,-16
11455,11455,1503614361475,12,5,1,2,3,3,1,-1
11456,11456,1503614361482,-27,-22,-9,-6,-2,-3,-5,-12
11457,11457,1503614361490,-18,-1,3,-2,-3,-2,-2,-4
11458,11458,1503614361497,-21,-11,-8,-4,-1,-1,-1,-2
11459,11459,1503614361513,3,0,4,-1,-1,0,-1,3
11460,11460,1503614361520,4,25,11,3,2,0,-2,14
11461,11461,1503614361535,-27,-14,-4,-3,-5,-3,-7,-19
11462,11462,1503614361542,7,8,3,2,0,0,1,3
11463,11463,1503614361550,7,-1,4,0,-1,1,2,2
11464,11464,1503614361557,-7,-21,-15,-9,-2,3,5,-9
11465,11465,1503614361573,-8,2,2,0,-1,1,-4,-12
11466,11466,1503614361580,-11,2,1,4,0,0,0,1
11467,11467,1503614361601,6,15,1,3,0,0,-1,-10
11468,11468,1503614361602,-28,-22,-16,-7,-2,-3,-6,-13
11469,11469,1503614361610,4,1,3,1,0,-7,-4,-1
11470,11470,1503614361618,6,-6,0,2,1,-6,-4,-1
11471,11471,1503614361633,-3,-4,-9,-4,-2,1,6,9
11472,11472,1503614361640,-6,-19,-2,1,-1,-2,-4,-10
11473,11473,1503614361655,13,5,-2,-2,-1,3,5,52
11474,11474,1503614361664,-14,-3,0,-2,-3,0,0,-6
11475,11475,1503614361670,13,-11,-3,2,1,1,-2,-16
11476,11476,1503614361677,-1,-5,-4,0,0,-1,-1,2
11477,11477,1503614361693,-9,-10,-5,-4,2,0,0,6
11478,11478,1503614361701,-18,6,-2,-2,-1,-1,-2,-6
11479,11479,1503614361715,1,8,8,2,0,-3,-5,-12
11480,11480,1503614361722,-7,6,1,-1,-6,-2,-3,-5
11481,11481,1503614361731,28,7,3,1,0,0,2,1
11482,11482,1503614361737,1,-11,-4,-5,-1,-3,-1,-1
11483,11483,1503614361752,-27,-13,-3,-2,-4,-5,-6,-19
11484,11484,1503614361753,2,2,-3,-1,-3,4,3,16
11485,11485,1503614361769,20,9,5,-1,1,2,7,24
11486,11486,1503614361781,-42,-4,0,-4,-4,-4,-1,-5
11487,11487,1503614361783,2,8,4,3,2,0,1,-1
11488,11488,1503614361790,-28,3,8,6,3,1,0,-10
11489,11489,1503614361799,18,-1,-1,-2,-1,0,0,1
11490,11490,1503614361813,-12,-16,-11,-1,-1,-2,0,-1
11491,11491,1503614361820,-2,-3,1,3,0,0,-2,1
11492,11492,1503614361835,8,-11,-6,-3,1,-1,4,-6
11493,11493,1503614361842,3,3,5,1,1,-1,-3,-10
11494,11494,1503614361858,1,-10,-3,-4,-4,-2,-4,-1
11495,11495,1503614361865,7,5,1,-1,-1,-3,-2,-2
11496,11496,1503614361873,-27,-8,-7,-4,-2,-1,-3,-8
11497,11497,1503614361880,-6,-3,-4,-3,-1,-3,-2,13
11498,11498,1503614361899,4,2,-1,4,1,-1,0,7
11499,11499,1503614361902,0,-9,-5,-1,-2,0,-2,2
11500,11500,1503614361910,-1,-12,-9,-6,-4,-2,-4,-4
11501,11501,1503614361925,14,4,7,8,3,5,4,1
11502,11502,1503614361934,-9,-4,-6,-3,-2,-2,-2,-4
11503,11503,1503614361941,-9,-3,0,-3,-2,-2,-6,-10
11504,11504,1503614361955,11,11,2,0,0,-4,-6,-1
11505,11505,1503614361965,0,-4,-5,0,-2,-2,-3,-4
11506,11506,1503614361971,-54,-8,-8,-4,0,-1,0,-9
11507,11507,1503614361985,-17,-5,-8,-2,-4,0,-2,1
11508,11508,1503614361993,11,1,-1,1,1,1,2,0
11509,11509,1503614362001,-12,-4,-4,-3,1,-2,-1,-7
11510,11510,1503614362014,15,1,2,-3,-3,1,0,0
11511,11511,1503614362022,11,-9,-9,-3,0,1,3,4
11512,11512,1503614362031,9,4,2,-1,-1,-2,0,10
11513,11513,1503614362045,3,12,3,-2,-1,-4,1,1
11514,11514,1503614362052,-9,-1,2,2,1,-3,-2,3
11515,11515,1503614362053,6,5,1,2,-1,-1,1,3
11516,11516,1503614362060,3,0,1,-2,1,0,3,6
11517,11517,1503614362078,14,8,1,1,0,-2,-2,-4
11518,11518,1503614362082,8,6,6,1,-1,-1,-2,0
11519,11519,1503614362090,-4,-1,3,-1,-3,0,-2,-9
11520,11520,1503614362105,-4,-17,-15,-4,-4,0,2,11
11521,11521,1503614362112,9,5,6,4,2,2,0,0
11522,11522,1503614362119,-4,-4,-2,-1,-2,-1,-3,-2
11523,11523,1503614362135,-3,-6,-4,-4,-5,1,1,2
11524,11524,1503614362142,-1,5,2,4,0,-1,-1,-6
11525,11525,1503614362150,2,4,3,0,0,-5,-2,-4
11526,11526,1503614362166,0,2,0,-2,-1,-2,-1,-19
11527,11527,1503614362173,4,5,-2,-1,0,0,-1,13
11528,11528,1503614362180,-5,-3,-7,-6,-3,-3,-10,-10
11529,11529,1503614362195,-2,4,-1,2,0,-2,-4,-6
11530,11530,1503614362202,3,9,1,0,-1,1,2,-1
11531,11531,1503614362210,-1,0,1,0,1,0,-1,-3
11532,11532,1503614362225,-6,-5,-1,-1,-3,-2,2,-2
11533,11533,1503614362233,1,0,-6,0,0,-1,2,7
11534,11534,1503614362240,3,1,6,1,3,1,-2,4
11535,11535,1503614362256,-6,-7,1,-1,-4,0,-3,-13
11536,11536,1503614362262,5,-4,-5,0,-1,2,2,16
11537,11537,1503614362270,-9,-7,-6,-4,-6,-6,-5,-13
11538,11538,1503614362285,9,24,21,4,3,1,3,4
11539,11539,1503614362293,3,7,2,1,3,0,1,2
11540,11540,1503614362301,-7,-7,-8,-2,-3,-2,0,-3
11541,11541,1503614362315,5,5,16,3,1,0,-1,4
11542,11542,1503614362322,6,-7,-5,3,0,1,-2,-2
11543,11543,1503614362330,0,-8,-7,-2,0,1,0,-1
11544,11544,1503614362345,9,16,-3,-1,-2,-3,7,16
11545,11545,1503614362353,6,0,6,1,-2,0,2,28
11546,11546,1503614362360,-18,-23,-14,-7,-4,-4,-5,-14
11547,11547,1503614362375,0,2,-3,-1,2,-1,7,17
11548,11548,1503614362382,-3,-2,-2,-1,1,-1,-4,-7
11549,11549,1503614362390,-4,-5,-4,1,-2,0,-3,-19
11550,11550,1503614362405,-7,-13,-10,-6,-2,-1,-2,-10
11551,11551,1503614362413,7,-10,-11,0,-2,1,1,6
11552,11552,1503614362420,-2,-5,-8,0,0,-3,-2,3
11553,11553,1503614362435,8,15,5,1,1,1,-2,-4
11554,11554,1503614362442,0,-3,2,-2,-2,2,1,6
11555,11555,1503614362450,-2,2,5,1,0,-3,-1,-1
11556,11556,1503614362467,-8,-10,2,-1,0,-1,-3,-23
11557,11557,1503614362473,-3,7,8,1,0,0,2,1
11558,11558,1503614362479,-5,-13,-5,0,-3,0,-2,-15
11559,11559,1503614362480,-5,-2,-1,-2,-1,1,-4,-29
11560,11560,1503614362494,-7,-14,-11,-8,-3,-4,-6,-10
11561,11561,1503614362510,3,2,11,2,0,-2,0,14
11562,11562,1503614362511,-4,-3,-8,-3,-1,-2,-4,-11
11563,11563,1503614362525,0,-7,-3,-1,0,-2,-2,4
11564,11564,1503614362534,-1,-3,7,2,0,1,1,6
11565,11565,1503614362540,9,6,1,2,-4,-2,1,5
11566,11566,1503614362554,-3,-7,-9,-4,-2,-2,-1,-4
11567,11567,1503614362562,7,-1,-3,0,2,0,4,30
11568,11568,1503614362570,-4,-17,-11,-4,0,0,-1,1
11569,11569,1503614362585,1,-1,6,0,1,0,2,2
11570,11570,1503614362593,2,6,7,1,-1,-3,-1,3
11571,11571,1503614362601,2,4,0,0,-1,-1,-1,7
11572,11572,1503614362615,1,3,2,0,0,2,-2,-4
11573,11573,1503614362622,-6,10,2,-1,-2,2,-2,-7
11574,11574,1503614362630,-1,0,-6,0,-2,-3,-6,-5
11575,11575,1503614362645,-5,-2,-1,-3,0,0,0,-9
11576,11576,1503614362653,-2,11,7,3,3,0,-1,-18
11577,11577,1503614362660,-3,1,-4,-3,-1,-2,-3,-3
11578,11578,1503614362675,1,4,3,-1,-2,-2,0,3
11579,11579,1503614362682,-3,-8,1,0,0,-2,-3,-4
11580,11580,1503614362690,4,1,1,-3,1,2,-1,-5
11581,11581,1503614362705,0,6,2,1,0,0,-1,-1
11582,11582,1503614362713,-2,-1,-1,-1,-1,-1,2,3
11583,11583,1503614362720,-2,-1,-2,-1,1,0,1,9
11689,11689,1503614363755,-2,-8,-4,-3,0,-3,-1,-9
11690,11690,1503614363769,-4,-2,2,-2,1,-1,-4,-15
11691,11691,1503614363778,1,1,-1,-1,-3,2,1,-1
11692,11692,1503614363785,3,0,-1,1,-1,0,2,5
11693,11693,1503614363800,-1,10,5,1,1,0,1,-3
11694,11694,1503614363808,-4,2,2,1,2,0,-2,2
11695,11695,1503614363816,7,2,-4,-1,-3,3,3,20
11696,11696,1503614363829,2,2,6,0,-2,-1,0,-5
11697,11697,1503614363837,3,-5,-10,-2,-2,-2,2,10
11698,11698,1503614363847,5,6,-2,1,0,-3,-3,1
11699,11699,1503614363860,1,-11,-2,-5,1,-1,3,22
11700,11700,1503614363867,0,-1,-1,0,-3,-1,-2,-5
11701,11701,1503614363876,-8,-1,-1,-2,-4,-1,-1,-14
11702,11702,1503614363889,2,29,13,3,2,-1,-3,-2
11703,11703,1503614363897,0,10,3,1,1,-1,-5,-8
11704,11704,1503614363904,-4,-6,-5,0,-2,-2,1,-9
11705,11705,1503614363919,-7,-8,-10,-1,-1,-3,-4,-26
11706,11706,1503614363927,0,-5,-1,1,0,1,2,10
11707,11707,1503614363935,1,-4,-7,-4,-2,1,3,8
11708,11708,1503614363949,-5,-9,-6,-3,1,-1,1,-14
11709,11709,1503614363957,-2,-7,-7,-4,-3,-5,-2,-5
11710,11710,1503614363964,2,4,3,0,-2,-2,-1,7
11711,11711,1503614363979,0,5,6,1,-2,0,-4,1
11712,11712,1503614363987,-6,-18,-11,-10,-4,0,-1,0
11713,11713,1503614363995,2,10,20,8,3,1,-5,-3
11714,11714,1503614364010,11,17,1,-3,0,3,1,7
11715,11715,1503614364018,1,9,-2,-5,-2,2,4,4
11716,11716,1503614364024,-6,-9,-4,-3,2,-4,-4,-4
11717,11717,1503614364042,-1,-5,-4,-6,9,-5,-2,0
11718,11718,1503614364048,-1,2,3,6,9,3,1,4
11719,11719,1503614364055,-3,-3,0,2,2,-2,-4,-3
11720,11720,1503614364069,-3,-3,3,0,-2,-2,-2,-4
11721,11721,1503614364077,-2,-9,-14,-5,-9,-3,-3,-5
11722,11722,1503614364084,5,7,1,4,-4,0,-2,0
11723,11723,1503614364099,1,-10,-5,1,-4,-4,-3,7
11724,11724,1503614364110,1,-2,-1,-4,4,-1,0,6
11725,11725,1503614364115,5,3,-1,-4,3,-2,-3,0
11726,11726,1503614364129,8,-2,-5,-3,-1,0,1,-4
11727,11727,1503614364137,4,3,3,3,-2,2,6,8
11728,11728,1503614364144,-13,-8,-7,-1,5,-3,-1,1
11729,11729,1503614364145,-9,-5,-2,-4,-5,2,1,-4
11730,11730,1503614364159,0,6,14,-1,-4,0,-1,-11
11731,11731,1503614364167,-2,-3,-5,1,0,-3,0,7
11732,11732,1503614364175,1,6,12,-5,-6,1,1,0
11733,11733,1503614364189,-10,-3,1,-2,-2,0,-4,-27
11734,11734,1503614364197,-10,-4,-6,0,2,-1,-6,-17
11735,11735,1503614364204,4,12,6,1,-8,-2,0,0
11736,11736,1503614364219,-6,-4,-6,-1,-4,-3,-2,0
11737,11737,1503614364227,-1,-2,1,4,-14,-2,1,4
11738,11738,1503614364235,-2,3,-4,1,4,0,1,4
11739,11739,1503614364249,2,-3,3,2,-3,3,1,8
11740,11740,1503614364257,-2,-8,-2,5,5,2,0,2
11741,11741,1503614364264,-4,-5,-10,-4,-5,-5,1,-4
11742,11742,1503614364279,-2,-7,-9,-5,-3,1,-2,4
11743,11743,1503614364287,0,-3,2,2,5,-1,-4,8
11744,11744,1503614364295,4,11,7,1,-4,-2,-1,3
11745,11745,1503614364309,-3,-7,-1,-1,1,0,1,-5
11746,11746,1503614364311,-3,4,3,1,3,1,-2,-6
11747,11747,1503614364318,-5,-1,1,-1,-5,2,5,-7
11748,11748,1503614364324,0,-10,5,-1,5,0,-1,7
11749,11749,1503614364339,-3,-19,-16,-8,1,-3,4,15
11750,11750,1503614364347,3,10,20,3,1,-1,4,1
11751,11751,1503614364355,-1,0,1,3,1,2,-3,-8
11752,11752,1503614364369,-2,9,0,1,2,-1,-3,7
11753,11753,1503614364379,3,2,-3,-1,-1,-2,0,0
11754,11754,1503614364391,-1,-4,-5,-1,-2,1,-3,-16
11755,11755,1503614364399,1,3,0,-1,-2,-1,-5,-8
11756,11756,1503614364414,4,1,-6,1,0,-2,2,11
11757,11757,1503614364416,6,-6,-1,2,1,-3,1,22
11758,11758,1503614364429,-6,-9,-10,-6,-1,-2,-3,-4
11759,11759,1503614364437,-3,7,18,6,0,0,0,-3
11760,11760,1503614364446,5,4,-1,-3,2,0,1,11
11761,11761,1503614364459,8,13,14,4,2,2,-1,2
11762,11762,1503614364467,0,-2,-5,0,3,0,0,4
11763,11763,1503614364477,-5,0,-1,-2,-7,0,0,2
11764,11764,1503614364489,1,3,-1,-4,0,-1,-3,-1
11765,11765,1503614364497,-13,-13,-18,-6,-5,-3,-4,-12
11766,11766,1503614364504,1,2,6,0,-2,0,5,-8
11767,11767,1503614364519,2,-9,-3,-5,-1,-2,-4,-9
11768,11768,1503614364527,-2,-4,-9,-3,0,-1,-3,-2
11769,11769,1503614364535,5,-12,-4,-1,-2,1,0,0
11770,11770,1503614364549,-3,-4,4,1,0,-1,-1,-5
11771,11771,1503614364557,-8,-6,-10,-4,-4,-3,-3,-9
11772,11772,1503614364564,-7,-16,-5,-3,-2,-2,-3,-10
11773,11773,1503614364579,2,0,1,-1,1,1,4,12
11774,11774,1503614364588,4,13,10,9,4,4,2,2
11775,11775,1503614364595,-6,-15,-9,-4,1,-2,0,-3
11776,11776,1503614364613,5,5,4,-1,-3,-4,1,5
11777,11777,1503614364618,0,7,3,2,1,-2,-1,1
11778,11778,1503614364631,-7,-3,-7,-8,-8,-2,-3,-3
11779,11779,1503614364639,2,7,-1,-1,0,2,-1,4
11780,11780,1503614364650,7,22,13,7,4,3,3,24
11781,11781,1503614364662,-2,7,-3,-2,-1,0,-1,-9
11782,11782,1503614364669,-4,-10,-16,-8,-6,-1,-4,-9
11783,11783,1503614364679,-2,-8,-3,-5,-4,-4,-2,-8
11784,11784,1503614364691,-1,1,4,4,0,-1,3,-2
11785,11785,1503614364706,-6,-2,-1,0,0,-3,-2,-14
11786,11786,1503614364707,-2,-2,0,1,4,-1,-1,-7
11787,11787,1503614364722,-6,0,-1,0,1,-1,1,-6
11788,11788,1503614364729,-2,-3,-8,-4,-3,1,-5,-8
11789,11789,1503614364737,0,-2,-4,-2,-1,1,0,10
11790,11790,1503614364751,-1,-5,-16,-3,-2,-1,-1,-4
11791,11791,1503614364759,5,15,13,2,-2,-3,-1,0
11792,11792,1503614364767,-2,-9,-6,-4,-2,-4,-4,-9
11793,11793,1503614364783,-1,-7,-5,-1,0,0,-2,5
11794,11794,1503614364789,1,-5,1,-3,-3,-1,-2,1
11795,11795,1503614364797,3,3,2,0,-2,0,-5,0
11796,11796,1503614364813,-3,1,3,-3,-3,-4,3,-1
11797,11797,1503614364820,-1,2,-3,2,0,-2,0,-3
11798,11798,1503614364827,6,9,14,5,4,0,1,2
11799,11799,1503614364842,-3,2,-9,-5,0,0,-1,2
11800,11800,1503614364850,-2,5,2,4,-3,0,-2,2
11801,11801,1503614364857,0,1,6,4,2,2,1,0
11802,11802,1503614364871,-2,-4,-4,-4,-2,-4,-4,-4
11803,11803,1503614364880,5,-2,1,-3,-4,0,1,9
11804,11804,1503614364887,-3,-6,-6,-1,-1,1,1,-1
11805,11805,1503614364902,7,9,10,-1,-2,1,1,-6
11806,11806,1503614364909,-1,-9,-10,-3,0,1,2,-9
11807,11807,1503614364917,-2,-8,-1,0,-2,-2,-1,0
11808,11808,1503614364931,0,6,9,-3,2,-1,-4,1
11809,11809,1503614364939,-8,-3,-3,0,2,-2,-1,-6
11810,11810,1503614364947,-1,-3,-4,-1,-1,0,0,10
11811,11811,1503614364962,-2,-3,1,-1,2,-2,-5,0
11812,11812,1503614364969,-1,-4,-4,0,0,0,2,4
11813,11813,1503614364977,-3,3,3,1,3,2,2,-1
11814,11814,1503614364991,-6,-2,-1,-3,-3,-3,-8,-9
11815,11815,1503614364999,-2,-4,-2,-2,-6,-1,4,-4
11816,11816,1503614365007,7,1,-3,0,-2,-1,9,41
11817,11817,1503614365022,-4,-5,-2,-1,0,2,-2,0
11818,11818,1503614365029,5,0,0,-1,-2,0,-1,2
11819,11819,1503614365037,4,3,2,0,-2,-4,-2,-1
11820,11820,1503614365051,-7,-1,-3,-3,-3,-2,-2,-20
11821,11821,1503614365059,-2,1,-4,0,-2,-3,-6,-9
11822,11822,1503614365067,-4,-5,-16,-6,-2,4,-2,-6
11823,11823,1503614365083,-3,8,4,1,1,0,3,-6
11824,11824,1503614365089,-6,9,4,3,1,-1,-3,-11
11825,11825,1503614365097,0,-10,-6,-6,-2,1,3,7
11826,11826,1503614365115,2,-8,-1,1,2,1,2,-1
11827,11827,1503614365120,-1,-3,1,2,1,-1,-2,-1
11828,11828,1503614365127,-3,-3,-2,-2,-1,0,-1,-5
11829,11829,1503614365142,-3,-2,-8,-4,-2,0,-2,1
11830,11830,1503614365149,-6,-14,-2,-4,-3,-4,0,-6
11831,11831,1503614365157,3,12,12,6,6,-1,-1,1
11832,11832,1503614365171,1,6,2,3,0,-2,-4,-4
11833,11833,1503614365182,1,-7,-14,-11,-6,-6,-3,1
11834,11834,1503614365187,-5,-4,4,3,2,-1,-2,-16
11835,11835,1503614365202,8,-4,-4,-3,-2,0,1,25
11836,11836,1503614365209,3,8,-1,1,1,1,-7,-1
11837,11837,1503614365218,-4,9,-8,2,-1,0,0,-16
11838,11838,1503614365231,2,-1,6,-3,-7,-3,0,11
11839,11839,1503614365239,-4,-2,2,6,-3,-1,-3,-3
11840,11840,1503614365247,0,4,1,0,1,2,-1,-1
11841,11841,1503614365262,1,0,-1,-4,-5,-5,-1,-9
11842,11842,1503614365269,-2,-7,-9,-1,-5,3,0,2
11843,11843,1503614365277,9,5,-3,1,3,1,4,20
11844,11844,1503614365291,10,-4,0,-3,-4,-3,0,11
11845,11845,1503614365299,-4,13,11,5,4,2,-2,-15
11846,11846,1503614365307,-7,1,0,0,-1,-2,6,34
11847,11847,1503614365322,-3,-11,-8,-5,-7,-4,-6,-5
11848,11848,1503614365328,-9,-7,-8,-3,2,1,0,-15
11849,11849,1503614365337,0,20,24,3,-1,3,-1,0
11850,11850,1503614365351,2,-6,2,-1,-1,1,0,-5
11851,11851,1503614365359,7,-16,-8,-12,-5,-5,4,-3
11852,11852,1503614365377,7,19,8,-1,-1,-1,-2,-8
11853,11853,1503614365382,-7,-5,-7,1,5,-1,0,-3
11854,11854,1503614365389,-25,-11,-12,-7,-3,-4,-4,-6
11855,11855,1503614365397,-4,6,5,4,7,4,5,9
11856,11856,1503614365411,7,-10,-13,-2,-6,-7,-7,-11
11857,11857,1503614365419,-13,-13,-5,-1,1,0,-2,-1
11858,11858,1503614365427,11,10,9,4,5,4,2,-8
11859,11859,1503614365442,6,15,5,-1,-5,-4,-3,-18
11860,11860,1503614365449,2,17,8,3,5,0,-1,-2
11861,11861,1503614365457,-9,-21,-6,-1,2,-2,3,0
11862,11862,1503614365471,1,4,14,3,-5,-3,-2,0
11863,11863,1503614365479,-3,-13,-8,-6,-3,-3,-6,-6
11864,11864,1503614365487,4,3,-4,-2,-4,-1,-3,-14
11865,11865,1503614365502,-2,-11,-8,1,-4,1,-2,2
11866,11866,1503614365509,13,4,1,3,0,-2,-1,-1
11867,11867,1503614365517,3,-3,-3,0,2,3,-8,-6
11868,11868,1503614365531,3,-11,-13,-2,-1,-3,-2,5
11869,11869,1503614365539,-1,4,9,3,-1,-1,3,7
11870,11870,1503614365554,-14,-18,-4,-2,5,1,5,-8
11871,11871,1503614365562,-2,7,5,-1,-7,0,-1,-7
11872,11872,1503614365568,-2,-1,-4,-4,-3,-2,-3,4
11873,11873,1503614365584,9,28,11,2,-1,-4,-2,1
11874,11874,1503614365591,-7,-9,-4,-2,1,-3,-2,0
11875,11875,1503614365599,3,-18,-16,-10,-3,1,7,10
11876,11876,1503614365614,-1,-5,-2,-2,-2,3,4,10
11877,11877,1503614365622,15,2,-4,1,-1,-1,2,17
11878,11878,1503614365629,-7,-8,-7,-4,0,1,0,-3
11879,11879,1503614365644,-2,21,9,5,2,-2,-4,-6
11880,11880,1503614365651,-3,-6,-5,-2,-2,-4,-3,2
11881,11881,1503614365659,-9,-13,-9,-7,-6,-4,-2,1
11882,11882,1503614365674,9,24,15,7,2,4,1,-9
11883,11883,1503614365683,4,23,32,9,2,4,-4,-10
11884,11884,1503614365696,-1,-14,-11,-4,-6,-2,-2,-1
11885,11885,1503614365704,-18,-9,-6,1,-1,1,0,0
11886,11886,1503614365711,5,4,3,0,6,-2,-3,6
11887,11887,1503614365723,-3,-19,-12,-4,3,-1,3,8
11888,11888,1503614365735,17,44,27,12,4,3,2,7
11889,11889,1503614365742,-5,-4,-5,-1,-3,-5,-8,-20
11890,11890,1503614365751,-12,-10,-9,-3,-5,-1,-6,-12
11891,11891,1503614365764,-7,-6,-1,-2,-1,-4,-5,-12
11892,11892,1503614365771,7,8,-6,-3,-2,-1,0,-5
11893,11893,1503614365779,-21,-13,-18,-4,-1,1,-1,3
11894,11894,1503614365794,5,27,17,7,5,2,5,7
11895,11895,1503614365802,11,12,17,-3,-2,-4,4,6
11896,11896,1503614365809,-19,-26,-13,-9,-4,-6,-1,-7
11897,11897,1503614365825,-5,-13,-3,-4,-3,-2,-1,-3
11898,11898,1503614365831,1,-10,-1,-1,-2,1,0,-3
11899,11899,1503614365839,-1,-20,-9,1,2,2,-2,0
11900,11900,1503614365854,32,28,28,9,1,0,0,6
11901,11901,1503614365862,4,4,-3,1,2,-4,-4,-7
11902,11902,1503614365868,-5,-7,-6,-4,-2,2,0,-1
11903,11903,1503614365885,-3,6,2,5,8,2,-1,1
11904,11904,1503614365891,-9,-23,-15,-3,-5,-4,-5,0
11905,11905,1503614365899,2,-3,1,-1,-2,0,0,3
11906,11906,1503614365915,-11,-2,-9,-4,-1,-1,2,-2
11907,11907,1503614365922,3,-8,-10,-3,-3,-2,-4,-6
11908,11908,1503614365937,-1,9,16,3,1,-1,4,7
11909,11909,1503614365944,10,-13,-14,-3,2,2,1,11
11910,11910,1503614365953,-5,-6,-10,-4,-2,-1,1,16
11911,11911,1503614365959,-10,22,3,-1,-2,-1,3,-7
11912,11912,1503614365975,-8,-11,-4,1,1,-5,-3,-2
11913,11913,1503614365982,1,-5,6,-1,-3,0,-4,-1
11914,11914,1503614365997,-4,2,11,0,3,3,-2,-6
11915,11915,1503614366004,23,-3,-3,-2,0,-2,0,2
11916,11916,1503614366012,23,-10,-36,-9,-7,-2,-2,-2
11917,11917,1503614366020,4,7,6,2,-6,-5,-3,-6
11918,11918,1503614366035,-24,-34,-15,-6,-1,-4,-12,-27
11919,11919,1503614366042,0,4,0,0,0,4,7,8
11920,11920,1503614366058,-4,0,-8,-5,-7,0,5,-4
11921,11921,1503614366064,2,-2,-2,-4,-2,0,2,-3
11922,11922,1503614366072,11,-9,4,4,0,4,-1,3
11923,11923,1503614366079,-2,-3,9,2,0,-2,-1,-4
11924,11924,1503614366095,16,12,0,0,1,-2,-4,-6
11925,11925,1503614366102,-9,-4,-2,-1,2,2,-2,3
11926,11926,1503614366119,-30,-5,5,1,3,0,1,0
11927,11927,1503614366125,-12,3,0,1,-2,0,-3,-12
11928,11928,1503614366132,-7,-8,-13,-7,-5,-5,0,4
11929,11929,1503614366139,-14,-11,-5,-4,-2,-1,0,3
11930,11930,1503614366156,11,11,9,0,-1,-1,0,7
11931,11931,1503614366162,11,-9,-9,-4,-2,-2,-1,5
11932,11932,1503614366177,-12,-13,-2,-4,-2,-5,-9,-9
11933,11933,1503614366186,-10,2,-2,-1,-1,-2,-5,2
11934,11934,1503614366193,-8,7,5,1,2,5,1,6
11935,11935,1503614366199,9,3,-2,-2,-3,-2,0,1
11936,11936,1503614366215,3,19,10,3,1,2,8,13
11937,11937,1503614366222,15,16,4,-1,0,-2,-2,-2
11938,11938,1503614366237,-3,-7,-8,-3,-3,-4,-2,-1
11939,11939,1503614366244,-10,-1,-1,1,-1,1,-2,-8
11940,11940,1503614366254,0,8,3,-2,-1,0,-1,-12
11941,11941,1503614366262,23,7,12,3,1,0,-8,5
11942,11942,1503614366275,5,-11,-3,-3,-3,-1,0,-4
11943,11943,1503614366282,-27,-11,-1,-4,-6,-2,1,-14
11944,11944,1503614366298,6,0,6,3,-2,0,-2,-2
11945,11945,1503614366304,13,11,-5,1,3,2,1,23
11946,11946,1503614366312,5,3,-2,-2,0,1,5,10
11947,11947,1503614366327,-3,-1,-3,-4,-1,0,-1,-6
11948,11948,1503614366335,10,9,5,2,3,-1,7,28
11949,11949,1503614366342,7,20,0,0,0,1,4,4
11950,11950,1503614366357,5,-11,-7,0,-1,0,-2,-4
11951,11951,1503614366364,-6,-8,-4,-3,2,-3,0,-2
11952,11952,1503614366372,-4,2,4,4,7,2,-2,-6
11953,11953,1503614366379,-5,-1,-9,-4,0,-2,-3,-13
11954,11954,1503614366395,-20,2,1,-3,0,-2,-4,-36
11955,11955,1503614366402,-3,-3,9,4,0,0,-1,16
11956,11956,1503614366418,-1,5,0,3,1,3,0,0
11957,11957,1503614366424,-10,-4,-1,-4,2,2,-4,-16
11958,11958,1503614366425,4,4,-4,-1,0,0,2,-5
11959,11959,1503614366433,-10,-12,-7,-9,-11,-8,-6,5
11960,11960,1503614366439,-8,-6,-2,3,0,2,2,-2
11961,11961,1503614366456,10,2,-1,3,1,0,-1,-3
11962,11962,1503614366463,0,1,1,2,0,-2,1,-10
11963,11963,1503614366477,7,-3,-5,-1,1,0,-1,3
11964,11964,1503614366484,-16,-7,-1,-3,-3,-3,-5,-13
11965,11965,1503614366492,-11,11,10,3,-3,-1,1,9
11966,11966,1503614366507,-3,-15,-11,-6,-5,-2,-1,10
11967,11967,1503614366516,6,-19,-13,-1,1,0,0,15
11968,11968,1503614366522,2,3,1,-1,-1,-2,0,15
11969,11969,1503614366537,-11,-7,-6,-8,-4,-6,-3,-18
11970,11970,1503614366544,10,0,-1,0,0,0,-2,1
11971,11971,1503614366555,1,19,11,6,2,3,0,-5
11972,11972,1503614366567,3,-3,1,-1,-3,-2,2,-2
11973,11973,1503614366575,21,6,7,1,-1,2,1,9
11974,11974,1503614366582,-18,8,3,4,2,1,-4,-23
11975,11975,1503614366597,-2,3,-2,-6,-3,-4,0,3
11976,11976,1503614366604,-3,-18,-5,-5,-3,-2,-3,-5
11977,11977,1503614366612,-10,-5,-8,0,0,-1,-5,-10
11978,11978,1503614366627,-2,-2,-3,-4,-2,1,2,-1
11979,11979,1503614366635,0,2,5,1,0,1,-1,4
11980,11980,1503614366642,6,-15,-6,-5,-3,-1,3,5
11981,11981,1503614366658,-21,-23,-13,-7,-6,0,1,-8
11982,11982,1503614366664,7,33,26,9,6,2,4,-2
11983,11983,1503614366672,-11,-9,-3,-2,-2,-3,1,11
11984,11984,1503614366690,-11,1,-7,-3,-4,1,1,7
11985,11985,1503614366695,6,0,1,2,2,0,-6,-3
11986,11986,1503614366702,6,-6,-5,-3,-1,-1,-1,2
11987,11987,1503614366717,18,-1,-3,-2,-3,-4,-6,-10
11988,11988,1503614366724,-11,7,-5,-2,1,-3,-6,-10
11989,11989,1503614366732,16,6,-1,1,3,0,-1,2
11990,11990,1503614366747,4,-24,-19,-6,-3,-3,-5,-6
11991,11991,1503614366756,-4,14,15,5,3,2,0,5
11992,11992,1503614366762,-8,-14,-7,0,-3,-1,1,14
11993,11993,1503614366777,-5,-9,-5,-1,1,-4,-1,-15
11994,11994,1503614366784,15,3,4,-1,2,0,5,7
11995,11995,1503614366792,-6,-11,-5,1,0,-4,-4,-12
11996,11996,1503614366793,-2,2,0,-1,-1,-1,-1,13
11997,11997,1503614366807,20,-1,2,-1,0,1,1,10
11998,11998,1503614366815,-29,-18,-7,-5,-5,-2,2,-1
11999,11999,1503614366822,20,35,13,5,0,0,-5,-12
12000,12000,1503614366837,-6,-4,-1,-3,1,-1,0,-6
12001,12001,1503614366844,-20,-9,0,1,0,-2,-1,-8
12002,12002,1503614366852,-5,0,-9,-4,-3,1,1,-6
12003,12003,1503614366867,-4,1,1,2,-1,-2,-2,-8
12004,12004,1503614366875,2,-10,-5,-2,0,2,3,23
12005,12005,1503614366882,-2,4,10,3,0,-3,-1,0
12006,12006,1503614366897,-7,-6,-9,1,-1,3,1,-7
12007,12007,1503614366904,20,-3,0,-2,1,1,0,2
12008,12008,1503614366912,4,-1,4,0,-2,-1,-7,-12
12009,12009,1503614366927,1,-9,-7,-5,-2,-2,3,0
12010,12010,1503614366935,4,7,0,-2,-3,-3,2,12
12011,12011,1503614366942,6,2,-2,-1,1,-2,-1,1
12012,12012,1503614366958,-2,4,3,3,4,-1,-2,-7
12013,12013,1503614366965,-15,-26,-19,-7,-3,-2,2,13
12014,12014,1503614366980,11,20,10,2,-1,-1,2,5
12015,12015,1503614366987,-15,-5,-3,-1,-4,-2,-2,14
12016,12016,1503614366995,2,-12,-2,-4,-4,-4,-5,-9
12017,12017,1503614367002,-37,-3,4,1,0,-2,-3,-4
12018,12018,1503614367017,8,4,2,3,-1,0,1,10
12019,12019,1503614367025,5,3,0,1,1,1,0,5
12020,12020,1503614367032,0,11,4,-1,2,0,2,-5
12021,12021,1503614367047,-4,-5,-6,0,-3,1,-2,-22
12022,12022,1503614367057,0,-4,-13,-6,-4,-4,-8,-16
12023,12023,1503614367062,4,6,6,2,2,0,-1,13
12024,12024,1503614367077,17,-1,-10,-2,-2,-3,-2,-2
12025,12025,1503614367084,35,10,5,1,-4,-6,-3,-8
12026,12026,1503614367094,-23,-23,-8,-2,1,-2,-6,-11
12027,12027,1503614367107,-4,8,8,0,1,1,0,-4
12028,12028,1503614367115,3,6,2,0,0,0,1,6
12029,12029,1503614367124,-15,-10,-7,-1,-2,0,-8,-43
12030,12030,1503614367137,-25,-10,0,-7,-4,-3,-1,-4
12031,12031,1503614367144,12,25,19,9,7,4,6,15
12032,12032,1503614367152,5,-4,-4,-1,0,1,1,6
12033,12033,1503614367167,-33,-11,-8,-5,-3,-3,-2,2
12034,12034,1503614367175,-4,-6,2,0,0,3,4,8
12035,12035,1503614367182,10,-5,-9,-6,-1,-2,0,-2
12036,12036,1503614367197,8,6,7,6,2,2,1,3
12037,12037,1503614367204,2,6,3,-1,0,1,1,7
12038,12038,1503614367212,11,16,1,0,-2,-2,0,-5
12039,12039,1503614367227,-18,-9,-4,-3,-3,0,-6,-11
12040,12040,1503614367235,-2,-11,-4,-1,-3,-2,0,9
12041,12041,1503614367242,-2,8,5,-3,-3,-1,-4,-9
12042,12042,1503614367263,21,2,0,-2,0,0,2,26
12043,12043,1503614367264,12,-5,-2,-1,-4,1,4,8
12044,12044,1503614367272,14,26,12,-1,0,2,-1,-6
12045,12045,1503614367287,3,-2,-3,2,3,0,-2,-1
12046,12046,1503614367295,-14,-16,-4,-2,-1,-3,-3,-13
12047,12047,1503614367302,-1,-2,-4,-2,-1,-2,1,2
12048,12048,1503614367317,-14,-6,1,1,-2,3,-5,-7
12049,12049,1503614367325,0,-3,-1,-2,-1,0,0,0
12050,12050,1503614367333,-5,2,4,1,2,0,0,-10
12051,12051,1503614367347,13,19,9,2,0,-1,-1,9
12052,12052,1503614367355,7,0,-4,0,2,-4,-4,-8
12053,12053,1503614367362,-1,-26,-14,-7,-3,-4,1,-5
12054,12054,1503614367377,-2,-5,0,-1,1,2,1,5
12055,12055,1503614367384,-29,-5,1,3,0,-2,-3,-5
12056,12056,1503614367392,-5,0,-2,0,-2,-1,0,-3
12057,12057,1503614367407,16,5,1,-1,-3,2,-1,3
12058,12058,1503614367415,-9,-7,-4,-2,-4,-3,-3,-6
12059,12059,1503614367430,-5,-12,-6,-1,1,-1,4,-2
12060,12060,1503614367437,11,7,2,-1,0,0,0,3
12061,12061,1503614367444,-8,0,7,1,2,-2,-2,-6
12062,12062,1503614367445,1,11,-1,0,-2,-1,-2,-14
12063,12063,1503614367459,-2,1,2,0,0,-1,0,3
12064,12064,1503614367468,7,17,11,2,5,0,-2,12
12065,12065,1503614367475,-19,-17,-8,-3,0,-1,-2,-6
12066,12066,1503614367489,0,-9,-6,1,-2,-1,-2,2
12067,12067,1503614367497,1,11,3,0,0,1,-2,-7
12068,12068,1503614367504,-10,-11,-6,-3,-2,-5,-2,-1
12069,12069,1503614367519,-2,-20,-16,-3,-2,-1,2,3
12070,12070,1503614367527,1,3,7,1,2,0,1,-10
12071,12071,1503614367535,5,10,4,-2,-1,-4,-1,-4
12072,12072,1503614367549,-6,-10,-7,2,0,2,-2,-5
12073,12073,1503614367559,-34,-11,-4,-3,-1,0,3,17
12074,12074,1503614367564,-2,-21,-5,-3,-1,-2,0,18
12075,12075,1503614367565,3,-2,-8,-4,-3,1,1,-1
12076,12076,1503614367579,-1,-5,-4,0,-2,-5,-5,-9
12077,12077,1503614367587,-1,0,8,-1,-3,-1,1,6
12078,12078,1503614367595,13,-3,-6,-3,-2,-2,-1,1
12079,12079,1503614367609,-6,9,4,1,-2,-1,-3,-1
12080,12080,1503614367610,6,-8,-6,-2,-2,0,-2,8
12081,12081,1503614367617,-6,29,18,4,2,4,1,-4
12082,12082,1503614367630,-2,-5,2,-2,0,0,-2,5
12083,12083,1503614367639,9,10,9,0,1,-2,1,4
12084,12084,1503614367647,-3,1,-2,-1,-2,-4,-3,-2
12085,12085,1503614367655,4,-4,-1,0,-3,1,-1,-2
12086,12086,1503614367670,7,3,-2,-1,3,1,3,4
12087,12087,1503614367677,-3,-16,-12,-6,-4,-1,-4,-16
12088,12088,1503614367684,3,13,14,3,0,-3,-2,-10
12089,12089,1503614367700,-9,-8,-2,0,-2,-3,-2,-5
12090,12090,1503614367707,-6,-14,-15,-3,-2,-1,-2,0
12091,12091,1503614367715,11,-9,-14,0,-1,-4,-3,-10
12092,12092,1503614367730,-7,11,12,1,-1,-2,0,-8
12093,12093,1503614367737,12,-7,-9,-4,0,-1,-3,0
12094,12094,1503614367744,-4,-15,-16,-1,1,-1,0,-1
12095,12095,1503614367761,-11,4,3,-1,-1,-1,1,-5
12096,12096,1503614367767,8,-3,-4,-3,-1,0,-2,-6
12097,12097,1503614367775,3,-4,-4,-3,-1,-1,1,2
12098,12098,1503614367789,10,-1,-1,3,0,2,1,10
12099,12099,1503614367799,-8,19,10,3,1,-2,-3,-7
12100,12100,1503614367805,-7,-3,-9,-7,-1,-4,-3,-4
12101,12101,1503614367819,1,17,5,3,1,4,3,15
12102,12102,1503614367828,4,4,3,0,0,2,4,-2
12103,12103,1503614367836,-11,-14,-9,-4,-3,-1,-5,-10
12104,12104,1503614367849,-15,14,10,3,3,0,2,-4
12105,12105,1503614367860,0,-3,7,3,2,2,1,4
12106,12106,1503614367865,3,-12,-14,-5,-3,-2,-1,4
12107,12107,1503614367879,-14,-7,-5,-4,-2,-3,-2,-12
12108,12108,1503614367887,-6,1,6,0,0,-1,-3,-1
12109,12109,1503614367896,0,7,9,4,0,0,0,2
12110,12110,1503614367909,-6,-8,-8,0,1,-3,-3,-10
12111,12111,1503614367918,2,-12,-12,-1,0,-3,0,10
12112,12112,1503614367924,5,15,18,6,3,3,-1,3
12113,12113,1503614367939,9,-6,-6,0,1,0,3,13
12114,12114,1503614367947,-9,-15,-12,-3,-1,-1,-1,0
12115,12115,1503614367955,-18,-11,-10,2,-1,1,0,1
12116,12116,1503614367971,-9,-10,-12,-4,-4,-1,-2,-4
12117,12117,1503614367977,6,-8,-8,-3,-4,-4,1,6
12118,12118,1503614367984,-2,-1,0,-1,0,-1,0,4
12119,12119,1503614368000,10,4,4,-3,-4,-4,-2,0
12120,12120,1503614368007,13,18,14,3,-2,2,-2,-10
12121,12121,1503614368015,2,5,10,2,0,1,1,-2
12122,12122,1503614368029,1,-4,-9,-3,-3,-4,-3,1
12123,12123,1503614368030,-12,-4,0,0,-2,-3,-2,-8
12124,12124,1503614368038,6,20,10,-1,1,1,-2,0
12125,12125,1503614368044,0,10,11,-2,-4,-5,-3,3
12126,12126,1503614368061,20,15,15,0,-2,0,0,6
12127,12127,1503614368068,-19,-10,-7,-2,1,2,0,2
12128,12128,1503614368075,-6,-5,-1,0,-1,-1,-3,-8
12129,12129,1503614368089,24,15,15,4,1,-3,4,19
12130,12130,1503614368098,3,-1,5,0,0,1,-1,-5
12131,12131,1503614368104,0,-9,-16,-2,-1,0,3,10
12132,12132,1503614368119,-3,-5,-3,-1,-1,-5,-5,-9
12133,12133,1503614368129,2,-6,-7,-4,-2,-2,-1,-12
12134,12134,1503614368135,-9,2,-3,-3,-3,-2,-3,-3
12135,12135,1503614368150,-4,-8,-11,-5,-2,-2,-4,-6
12136,12136,1503614368157,-10,-3,-11,-1,-3,0,0,-2
12137,12137,1503614368164,1,-3,-6,-4,-2,-2,-2,2
12138,12138,1503614368179,8,-5,-9,-1,0,-1,2,1
12139,12139,1503614368187,7,4,6,1,0,1,0,5
12140,12140,1503614368196,2,13,6,2,-1,-1,1,13
12141,12141,1503614368210,5,1,-4,-2,-1,2,-1,4
12142,12142,1503614368217,0,-1,-5,-4,-2,-2,-2,-14
12143,12143,1503614368224,1,4,6,2,0,-1,-1,0
12144,12144,1503614368240,-1,-5,2,1,2,1,0,-1
12145,12145,1503614368247,-11,-1,9,-1,1,-1,-2,-7
12146,12146,1503614368264,1,-6,-5,-2,-1,0,-3,-1
12147,12147,1503614368270,1,-6,-9,-2,-2,-3,0,1
12148,12148,1503614368277,-2,-7,-6,0,2,-1,1,2
12149,12149,1503614368284,11,2,-3,2,2,-1,0,1
12150,12150,1503614368299,-1,-4,1,-1,-1,-1,-1,-1
12151,12151,1503614368307,-2,-5,0,0,-2,-3,-1,-1
12152,12152,1503614368315,0,-2,2,-2,-3,1,-1,3
12153,12153,1503614368330,-6,-10,-9,-3,-1,-2,-2,-7
12154,12154,1503614368338,-9,0,1,-3,0,-1,-3,-5
12155,12155,1503614368351,0,5,0,1,-2,0,0,0
12156,12156,1503614368359,7,3,2,3,0,-1,1,9
12157,12157,1503614368368,-1,1,-3,-1,0,-3,-2,-4
12158,12158,1503614368382,-4,-5,6,-1,-1,1,-2,-2
12159,12159,1503614368389,-4,-3,-2,2,3,1,0,1
12160,12160,1503614368397,-4,-13,-17,-5,-3,-1,-2,-8
12161,12161,1503614368411,3,25,38,6,2,0,1,5
12162,12162,1503614368419,5,8,0,-1,0,-1,0,1
12163,12163,1503614368427,-1,6,-7,0,-2,-1,1,-9
12164,12164,1503614368442,3,0,0,-1,-3,-4,-3,-6
12165,12165,1503614368449,-1,-6,-8,-3,-2,0,-3,-1
12166,12166,1503614368457,0,-3,-6,-3,0,0,-1,4
12167,12167,1503614368472,3,-13,-12,-2,-3,4,1,4
12168,12168,1503614368479,2,4,4,1,0,-3,2,11
12169,12169,1503614368487,0,-1,1,-1,0,-1,-1,-2
12170,12170,1503614368502,-7,13,16,1,-1,1,2,-1
12171,12171,1503614368509,-8,-6,-20,-4,1,-1,-2,-5
12172,12172,1503614368517,-3,-11,-13,-4,-2,-1,-1,5
12173,12173,1503614368531,-4,-5,-2,-2,-2,-1,-2,-5
12174,12174,1503614368539,-2,-8,-5,-1,-1,-1,0,-3
12175,12175,1503614368547,-4,-5,-2,-3,-2,-2,-1,-2
12176,12176,1503614368562,6,-5,-9,0,-2,1,0,-5
12177,12177,1503614368569,-10,0,16,3,-1,0,-2,-2
12178,12178,1503614368570,1,-1,-5,-3,-2,-2,-1,-1
12179,12179,1503614368577,8,15,15,4,2,2,0,0
12180,12180,1503614368591,1,0,4,0,-2,0,1,7
12181,12181,1503614368602,-8,-3,-1,-1,0,2,-1,-3
12182,12182,1503614368607,1,0,-2,-1,-1,-2,0,-1
12183,12183,1503614368622,-6,-3,0,0,-2,-3,-3,-6
12184,12184,1503614368632,-1,2,1,0,0,1,-2,-10
12185,12185,1503614368637,-6,0,3,1,-2,0,-2,-4
12186,12186,1503614368651,3,10,15,7,2,0,-2,1
12187,12187,1503614368659,-5,4,3,-1,0,1,0,1
12188,12188,1503614368669,-3,-17,-17,-4,-2,-4,-3,0
12189,12189,1503614368682,-3,-8,-7,-4,-2,-1,-1,2
12190,12190,1503614368689,-4,0,-3,-3,-1,1,0,5
12191,12191,1503614368699,0,-7,-2,-2,-1,-1,-1,-7
12192,12192,1503614368711,2,-2,2,-1,-4,-4,-1,0
12193,12193,1503614368719,0,-3,-1,2,1,-2,1,7
12194,12194,1503614368727,4,8,1,0,0,3,-1,2
12195,12195,1503614368742,-2,-2,-3,-1,-2,-3,-1,-1
12196,12196,1503614368749,-2,-9,-15,-5,-3,-1,-2,-2
12197,12197,1503614368757,1,4,1,-1,0,-1,-2,-1
12198,12198,1503614368771,-7,-5,-4,-4,0,-3,-2,-4
12199,12199,1503614368779,4,5,4,4,0,-1,0,-4
12200,12200,1503614368787,4,3,11,1,-1,1,2,2
12201,12201,1503614368802,-5,-2,-1,-2,-1,-1,-2,2
12202,12202,1503614368809,-3,-4,3,0,0,0,0,1
12203,12203,1503614368817,0,-2,1,-1,-1,-1,-1,-9
12204,12204,1503614368833,-4,0,-12,-4,-3,-2,1,3
12205,12205,1503614368834,-1,0,1,-1,0,0,0,4
12206,12206,1503614368840,-4,-8,-11,-5,-2,-3,-4,-3
12207,12207,1503614368847,-5,-3,-1,1,-3,-1,-3,1
12208,12208,1503614368862,6,9,-1,0,-1,0,-2,0
12209,12209,1503614368870,6,2,-5,2,0,0,1,1
12210,12210,1503614368877,-3,-8,-8,-2,0,-1,1,7
12211,12211,1503614368891,5,1,0,2,0,0,-1,7
12212,12212,1503614368900,-4,-7,1,0,-3,-2,0,-3
12213,12213,1503614368908,-1,-2,2,-1,-3,-4,-2,-3
12315,12315,1503614369874,2,2,2,2,-1,0,-1,5
12316,12316,1503614369882,-1,-4,-6,-2,-3,-6,1,1
12317,12317,1503614369890,-8,3,2,-2,-1,-2,0,-1
12318,12318,1503614369905,2,-6,-1,-1,1,-1,-1,7
12319,12319,1503614369914,-3,2,-1,0,0,-1,0,0
12320,12320,1503614369919,-3,0,4,0,-2,2,1,-1
12321,12321,1503614369934,-6,-3,0,-1,0,-3,-4,-3
12322,12322,1503614369942,-4,-1,-5,-3,-3,-4,1,1
12323,12323,1503614369949,0,0,-2,-2,-2,-1,0,-2
12324,12324,1503614369964,1,-7,-16,-3,-4,-1,-2,-4
12325,12325,1503614369973,-3,-3,4,1,0,4,-1,-9
12326,12326,1503614369980,8,-2,-4,-1,1,-1,-1,1
12327,12327,1503614369994,0,-1,-8,-2,-2,-2,-2,4
12328,12328,1503614370005,-7,1,2,0,-1,1,1,3
12329,12329,1503614370009,0,-3,1,1,0,-4,0,-1
12330,12330,1503614370024,0,1,-2,-1,-1,0,-1,-2
12331,12331,1503614370031,1,-3,-2,-2,0,-1,2,1
12332,12332,1503614370040,-1,-4,-2,-2,0,0,-2,-1
12333,12333,1503614370054,-3,1,2,2,-1,-1,-5,-4
12334,12334,1503614370063,-4,-1,0,-1,-3,-4,-2,2
12335,12335,1503614370071,2,-3,0,-2,0,0,1,4
12336,12336,1503614370084,-2,-4,-1,0,0,0,1,-5
12337,12337,1503614370091,-1,0,-2,-2,-4,0,-2,-6
12338,12338,1503614370099,-4,0,1,-3,0,0,-1,-2
12339,12339,1503614370114,-5,2,10,5,4,1,1,1
12340,12340,1503614370122,0,0,-2,0,0,-4,-2,-4
12341,12341,1503614370129,-3,0,-4,-1,-2,-2,-1,3
12342,12342,1503614370145,5,0,1,-1,1,1,-1,2
12343,12343,1503614370152,-2,-5,-7,-1,-1,0,-3,-7
12344,12344,1503614370160,4,-3,-3,-2,0,-1,-1,3
12345,12345,1503614370174,13,10,6,-1,-2,0,2,8
12346,12346,1503614370182,-4,-2,5,1,0,-3,-1,1
12347,12347,1503614370189,-5,1,0,-2,-2,-2,2,-3
12348,12348,1503614370208,2,-2,-3,-4,0,-2,1,0
12349,12349,1503614370212,-2,-4,-4,0,-2,0,-2,-1
12350,12350,1503614370227,-2,1,0,1,-1,-1,1,-1
12351,12351,1503614370233,1,0,-2,1,0,-2,-1,0
12352,12352,1503614370243,-2,3,0,0,0,1,-2,0
12353,12353,1503614370256,1,-1,-3,-2,-2,0,1,0
12354,12354,1503614370264,-6,5,-1,-1,-3,-1,0,-4
12355,12355,1503614370276,0,2,3,1,1,-2,-3,0
12356,12356,1503614370287,6,4,4,0,-2,0,-1,1
12357,12357,1503614370293,-7,-3,-3,-4,0,-2,-4,-4
12358,12358,1503614370302,-4,-5,-4,-1,-2,0,-2,-2
12359,12359,1503614370316,1,-1,1,0,-3,-1,1,1
12360,12360,1503614370324,3,4,0,0,0,-1,0,0
12361,12361,1503614370332,-1,0,0,-1,1,0,-1,-3
12362,12362,1503614370349,0,0,0,0,0,-2,-1,2
12363,12363,1503614370354,2,-5,-6,-3,-1,0,-2,1
12364,12364,1503614370362,-13,-3,-3,0,-1,0,-4,-2
12365,12365,1503614370377,-3,2,4,-1,-1,0,2,-4
12366,12366,1503614370384,-4,-4,0,0,0,-1,-1,-7
12367,12367,1503614370392,0,-3,-3,0,0,-1,0,3
12368,12368,1503614370408,3,-1,1,-1,-4,-1,0,1
12369,12369,1503614370416,0,-2,0,0,0,0,1,-2
12370,12370,1503614370422,2,-8,-7,-3,1,-1,-1,3
12371,12371,1503614370436,1,1,-1,0,0,-2,1,-3
12372,12372,1503614370444,-1,0,0,-1,1,0,-2,0
12373,12373,1503614370452,-5,-2,-2,-2,-3,-1,-3,-4
12374,12374,1503614370467,7,-1,-4,-4,-3,-1,-1,0
12375,12375,1503614370474,1,-5,-1,-3,-2,0,0,-1
12376,12376,1503614370482,-1,-1,1,1,-3,-2,1,1
12377,12377,1503614370496,2,-5,-9,0,-2,-2,-3,4
12378,12378,1503614370504,6,4,-9,-2,0,1,-1,1
12379,12379,1503614370512,-7,1,1,2,1,-2,0,0
12380,12380,1503614370527,-7,-4,5,2,-2,-2,-2,1
12381,12381,1503614370533,3,0,0,-3,-2,3,0,1
12382,12382,1503614370542,-2,3,8,2,-2,0,1,-12
12383,12383,1503614370556,-6,-10,-9,-4,-5,-4,-3,1
12384,12384,1503614370564,-4,-1,7,1,2,-2,-2,-6
12385,12385,1503614370574,9,9,-6,-1,1,0,2,14
12386,12386,1503614370587,-2,-5,-6,-3,-1,0,0,-5
12387,12387,1503614370593,-7,2,-1,0,2,2,-3,-9
12388,12388,1503614370602,0,7,7,0,-1,-2,0,-1
12389,12389,1503614370616,0,-2,2,0,1,-3,0,-3
12390,12390,1503614370624,5,7,12,2,2,2,2,11
12391,12391,1503614370632,1,7,1,-1,-3,-2,-1,3
12392,12392,1503614370647,-3,-2,2,-2,1,0,-1,0
12393,12393,1503614370648,-3,-6,-8,-4,-4,0,-2,-2
12394,12394,1503614370653,3,10,6,2,0,-1,-4,-2
12395,12395,1503614370662,-3,2,-3,-1,-3,0,-1,1
12396,12396,1503614370676,-8,-4,-1,-1,0,0,1,-21
12397,12397,1503614370684,13,7,2,0,1,0,5,37
12398,12398,1503614370691,-10,-5,-5,-3,-2,0,-1,-4
12399,12399,1503614370692,1,-1,2,-1,-1,-1,-1,-3
12400,12400,1503614370708,-13,-9,-11,1,2,-1,-3,-19
12401,12401,1503614370713,3,-6,-3,0,0,-2,0,11
12402,12402,1503614370721,-7,-2,-2,-1,-1,-3,-3,-10
12403,12403,1503614370722,9,2,-3,-1,0,-2,1,1
12404,12404,1503614370736,1,-4,-2,-1,-1,0,1,-4
12405,12405,1503614370744,1,-4,-1,2,-1,-1,-1,-5
12406,12406,1503614370752,-4,-13,4,1,0,1,-1,3
12407,12407,1503614370767,-12,-4,3,-3,-1,2,-3,-11
12408,12408,1503614370776,0,-4,-1,-1,-2,-4,-5,-4
12409,12409,1503614370782,1,-2,-5,-2,-3,-1,0,13
12410,12410,1503614370796,1,3,11,-1,0,-2,-1,-8
12411,12411,1503614370804,-1,7,6,1,1,-1,-5,-9
12412,12412,1503614370818,0,2,-4,-1,0,1,2,8
12413,12413,1503614370827,3,-3,-8,-4,-3,0,-2,-10
12414,12414,1503614370833,-2,-1,0,0,-2,0,-2,-4
12415,12415,1503614370843,1,-5,-15,1,-2,1,-2,0
12416,12416,1503614370856,-1,-2,-1,1,2,0,-1,2
12417,12417,1503614370864,-3,-7,2,-3,-2,-3,-5,-6
12418,12418,1503614370872,-1,0,-3,0,-1,-2,0,10
12419,12419,1503614370887,10,3,4,1,0,0,0,7
12420,12420,1503614370894,-4,0,-2,-2,-1,-3,-1,-13
12421,12421,1503614370902,-5,2,3,0,0,-4,-1,-10
12422,12422,1503614370916,0,-6,-9,-2,-2,-4,0,3
12423,12423,1503614370924,-4,4,7,3,1,-1,0,4
12424,12424,1503614370932,-10,-7,-7,-1,-2,0,-3,4
12425,12425,1503614370948,-9,-10,4,-2,-1,-2,-3,-26
12426,12426,1503614370955,-4,-2,-5,-5,-4,-1,-4,-11
12427,12427,1503614370962,3,-3,-7,-2,-3,-2,5,1
12428,12428,1503614370978,-5,0,-1,-1,1,0,0,-12
12429,12429,1503614370985,-4,-3,-4,-3,1,1,1,8
12430,12430,1503614371000,-9,-1,-1,1,0,-1,0,-6
12431,12431,1503614371007,-10,-10,-11,-3,-2,-3,-5,-18
12432,12432,1503614371015,8,12,16,2,1,1,4,27
12433,12433,1503614371022,-3,-7,-6,-1,-2,2,-1,2
12434,12434,1503614371037,-1,-1,-3,-1,-1,0,-2,-7
12435,12435,1503614371044,-5,1,3,-1,-1,1,-3,-10
12436,12436,1503614371060,14,10,8,1,0,-1,-1,3
12437,12437,1503614371067,2,2,-10,-1,2,0,2,8
12438,12438,1503614371076,-4,-7,-9,-4,-2,-2,-4,-8
12439,12439,1503614371082,-3,-4,-6,0,-2,-3,-2,3
12440,12440,1503614371097,2,3,0,3,-1,-1,-1,8
12441,12441,1503614371104,-7,-5,-3,0,-2,0,0,4
12442,12442,1503614371120,2,-5,4,-1,0,0,2,9
12443,12443,1503614371127,-6,-7,-3,-1,-2,0,-1,-11
12444,12444,1503614371135,-2,-10,-13,-6,-5,-3,-1,2
12445,12445,1503614371149,2,7,9,-1,1,-1,0,9
12446,12446,1503614371157,1,4,-4,-1,-2,-1,0,3
12447,12447,1503614371164,17,16,1,2,-2,0,5,22
12448,12448,1503614371180,-6,2,4,2,2,1,0,-2
12449,12449,1503614371187,-5,-7,3,-1,2,-3,-1,-5
12450,12450,1503614371195,-2,-1,1,2,0,-1,-1,-4
12451,12451,1503614371211,3,-1,1,2,0,2,3,21
12452,12452,1503614371218,8,-2,-7,-4,-2,-2,0,9
12453,12453,1503614371224,-5,2,1,-2,-3,-2,-4,-11
12454,12454,1503614371240,-3,-3,-3,-2,-1,-1,-1,-1
12455,12455,1503614371248,-1,-4,-2,-3,0,0,-2,-9
12456,12456,1503614371255,-2,13,22,8,0,-1,0,-6
12457,12457,1503614371270,2,3,3,0,-3,1,0,-7
12458,12458,1503614371279,-6,-1,-5,1,1,1,-2,-16
12459,12459,1503614371285,-4,-3,-5,-4,-1,-2,0,-3
12460,12460,1503614371300,-3,-5,-4,-1,0,-4,3,25
12461,12461,1503614371307,-5,-5,-4,0,-1,-2,-3,-2
12462,12462,1503614371315,7,-2,0,2,2,3,5,11
12463,12463,1503614371329,2,9,8,2,-2,-4,1,-3
12464,12464,1503614371337,7,-3,-2,-1,-3,-3,-3,4
12465,12465,1503614371345,13,13,1,4,3,0,1,14
12466,12466,1503614371360,0,-4,-6,-5,-1,-1,-5,-7
12467,12467,1503614371367,-2,1,-9,-3,-2,1,-2,-3
12468,12468,1503614371375,4,11,4,-2,1,0,-2,-8
12469,12469,1503614371389,-6,-6,3,1,2,0,0,-5
12470,12470,1503614371397,-2,-8,-7,-6,-5,-1,-3,11
12471,12471,1503614371404,0,3,5,0,-1,0,2,25
12472,12472,1503614371420,-12,-7,-2,-4,-2,0,-4,-15
12473,12473,1503614371427,0,-7,-6,-3,0,0,-1,3
12474,12474,1503614371435,-4,0,0,-1,-1,-1,-1,-14
12475,12475,1503614371450,2,25,27,7,3,2,1,-6
12476,12476,1503614371457,5,-6,-9,-1,-6,-4,-1,4
12477,12477,1503614371464,19,-1,-6,-4,-2,0,4,28
12478,12478,1503614371480,15,-2,-6,-2,-1,-3,2,10
12479,12479,1503614371487,-8,-12,-7,0,-3,-1,-5,-16
12480,12480,1503614371495,-4,-1,-3,-2,-2,-2,-4,-21
12481,12481,1503614371509,-4,-7,-9,-4,-4,-3,-1,-6
12482,12482,1503614371517,-11,-5,-3,-2,1,-1,-2,-19
12483,12483,1503614371524,-8,-10,-7,-5,0,-1,-6,-11
12484,12484,1503614371540,1,21,15,6,2,-1,0,2
12485,12485,1503614371547,-4,-15,-6,-4,-4,-4,-4,3
12486,12486,1503614371555,13,-4,-6,-2,-1,3,1,13
12487,12487,1503614371569,-14,-12,-5,-5,-4,-4,0,-2
12488,12488,1503614371579,-19,-5,-7,0,-2,-1,-1,-4
12489,12489,1503614371584,5,1,0,-2,0,0,-4,-10
12490,12490,1503614371600,-12,-7,-1,-1,0,-1,4,10
12491,12491,1503614371607,-1,-7,-1,2,0,-1,-3,3
12492,12492,1503614371615,11,0,-6,-3,0,-1,-2,6
12493,12493,1503614371629,26,11,2,-3,2,1,2,17
12494,12494,1503614371637,4,-3,1,-1,0,2,2,7
12495,12495,1503614371647,-26,-7,-4,-1,-1,1,1,-16
12496,12496,1503614371660,-13,7,8,2,-2,-1,-4,-14
12497,12497,1503614371667,35,16,6,0,0,1,5,21
12498,12498,1503614371675,16,15,18,4,1,-1,3,0
12499,12499,1503614371690,11,1,3,1,-2,0,5,20
12500,12500,1503614371697,9,8,2,3,0,4,0,-18
12501,12501,1503614371704,4,4,2,1,1,1,-2,-21
12502,12502,1503614371722,0,7,6,1,0,0,1,-6
12503,12503,1503614371727,-28,-12,-2,-4,-10,-8,-5,-13
12504,12504,1503614371735,-2,-9,-11,-5,1,-3,-3,-1
12505,12505,1503614371749,-7,17,2,3,1,0,-1,-8
12506,12506,1503614371757,10,-9,-9,-3,-1,0,-2,-13
12507,12507,1503614371764,-21,-19,-10,0,0,0,-4,-6
12508,12508,1503614371782,-2,-1,8,2,2,-1,2,-6
12509,12509,1503614371788,12,-2,-2,-2,-1,0,-1,-10
12510,12510,1503614371795,-18,-8,-4,-5,-5,-5,-4,24
12511,12511,1503614371809,-7,4,-1,-1,1,0,0,0
12512,12512,1503614371817,10,-2,-12,-4,-4,-1,-3,-7
12513,12513,1503614371824,-2,2,-1,1,0,1,-2,-4
12514,12514,1503614371840,3,-1,-5,-3,-4,-2,0,8
12515,12515,1503614371848,-6,-2,1,-1,-1,-1,-2,-6
12516,12516,1503614371855,0,-4,-3,-2,-3,-3,0,9
12517,12517,1503614371869,-9,-5,-3,-4,-3,-3,-3,-3
12518,12518,1503614371877,-12,-2,2,3,4,3,-5,-7
12519,12519,1503614371887,3,-2,-4,-2,-11,-4,1,5
12520,12520,1503614371900,-4,-1,0,4,6,1,0,-6
12521,12521,1503614371907,6,0,3,4,4,-2,1,3
12522,12522,1503614371916,-6,0,1,5,4,-1,-3,-2
12523,12523,1503614371929,-3,2,2,-1,-4,-2,-1,-2
12524,12524,1503614371938,5,-2,-3,-4,-3,1,8,9
12525,12525,1503614371944,-4,-3,-3,-4,2,-1,-4,-4
12526,12526,1503614371961,-5,-6,-2,-2,-3,1,1,2
12527,12527,1503614371973,-1,-2,2,1,1,0,-2,-4
12528,12528,1503614371984,21,4,0,-3,-3,1,1,15
12529,12529,1503614371992,6,2,1,2,6,-1,0,6
12530,12530,1503614372000,-12,-1,-2,-1,-3,-4,-9,-20
12531,12531,1503614372007,-13,-3,-11,-2,0,2,0,-3
12532,12532,1503614372026,-2,8,12,0,-1,0,1,-1
12533,12533,1503614372028,20,15,2,-6,-5,-4,-2,24
12534,12534,1503614372042,8,6,9,5,1,0,2,-6
12535,12535,1503614372050,13,7,13,5,4,3,1,-3
12536,12536,1503614372057,25,9,-1,-3,-3,0,2,16
12537,12537,1503614372071,11,-4,-1,0,-2,-1,-1,10
12538,12538,1503614372087,-81,-31,-14,-3,-4,-3,-16,-41
12539,12539,1503614372088,-27,-10,-1,-2,1,-1,-2,-15
12540,12540,1503614372102,-31,-11,3,1,1,0,-3,-14
12541,12541,1503614372109,-21,-11,-6,-2,-4,-3,-3,-21
12542,12542,1503614372118,25,3,-2,-1,0,-3,2,2
12543,12543,1503614372131,-13,-25,-14,-4,-2,-2,-3,-21
12544,12544,1503614372139,20,4,0,-3,2,1,-3,-9
12545,12545,1503614372148,-3,-4,2,0,5,3,1,18
12546,12546,1503614372161,-8,1,-4,-4,-3,-1,5,6
12547,12547,1503614372169,-4,-7,-9,-4,-4,-1,-6,-14
12548,12548,1503614372177,-39,-11,-5,-5,-3,-5,-2,-16
12549,12549,1503614372192,7,7,-1,0,-3,1,-4,-6
12550,12550,1503614372200,15,19,10,3,-3,-1,1,-14
12551,12551,1503614372207,6,2,-7,-3,-4,0,11,36
12552,12552,1503614372222,9,-4,1,-1,0,2,1,24
12553,12553,1503614372229,-12,-7,0,2,0,0,-5,-4
12554,12554,1503614372237,41,15,9,4,0,2,5,50
12555,12555,1503614372252,14,7,9,5,2,1,11,42
12556,12556,1503614372262,-27,-9,-4,-5,-3,-2,-8,0
12557,12557,1503614372267,-7,0,3,-3,-1,-6,-10,-50
12558,12558,1503614372283,-10,-11,-11,-4,-1,-1,-5,3
12559,12559,1503614372289,-13,18,20,8,3,1,-2,-57
12560,12560,1503614372297,7,-16,-9,-1,4,-1,-5,-11
12561,12561,1503614372312,29,4,-10,-5,-3,0,1,-23
12562,12562,1503614372320,-18,4,5,3,0,-1,-4,1
12563,12563,1503614372327,8,-2,-7,0,0,0,5,26
12564,12564,1503614372342,-4,-7,-10,-1,-2,0,-1,-35
12565,12565,1503614372350,5,-6,-8,-1,-1,0,0,10
12566,12566,1503614372357,24,7,-1,-1,2,0,4,4
12567,12567,1503614372372,-3,-16,-10,-1,-1,-3,-4,39
12568,12568,1503614372380,63,32,14,5,1,3,12,6
12569,12569,1503614372387,-7,-8,-3,-6,-6,0,0,3
12570,12570,1503614372401,20,-4,-6,-4,-4,-3,6,55
12571,12571,1503614372409,-17,7,7,-1,3,1,-2,-20
12572,12572,1503614372417,36,9,8,2,-1,-1,-1,-10
12573,12573,1503614372432,5,1,4,-3,-2,-4,4,47
12574,12574,1503614372440,-4,-5,1,0,0,2,-1,-1
12575,12575,1503614372447,48,-1,-6,1,1,-1,-3,18
12576,12576,1503614372462,-22,3,3,-4,-1,-3,0,-28
12577,12577,1503614372469,-13,8,4,-2,1,0,1,-11
12578,12578,1503614372477,-8,-3,-4,-1,0,0,0,2
12579,12579,1503614372492,-11,5,2,2,-1,0,-4,-15
12580,12580,1503614372500,-35,-16,-10,-3,-2,-1,-4,-16
12581,12581,1503614372507,-11,-8,1,-2,-1,0,2,-22
12582,12582,1503614372522,-18,0,3,-1,-3,-2,-5,-30
12583,12583,1503614372529,15,-14,-16,-9,-5,-6,-4,-15
12584,12584,1503614372537,-22,-1,0,0,0,-4,-10,-21
12585,12585,1503614372552,-35,-5,-2,-3,-1,0,-8,-47
12586,12586,1503614372560,1,-9,-11,1,1,2,4,21
12587,12587,1503614372567,-18,-6,5,0,0,0,0,11
12588,12588,1503614372585,-25,-7,-4,-5,-4,-6,-11,-18
12589,12589,1503614372589,21,28,13,3,2,-1,-2,-5
12590,12590,1503614372597,14,-1,0,1,0,2,0,10
12591,12591,1503614372612,-10,-4,-2,-1,-1,-1,-4,-6
12592,12592,1503614372620,14,21,16,2,4,1,9,46
12593,12593,1503614372627,0,-3,2,4,1,2,0,2
12594,12594,1503614372642,2,-9,-5,-1,-1,0,5,24
12595,12595,1503614372652,41,11,6,-2,-2,1,4,15
12596,12596,1503614372657,-12,5,2,-1,-1,-5,-3,-5
12597,12597,1503614372672,-18,-21,-13,-4,-3,0,-5,4
12598,12598,1503614372680,-10,-16,-8,-1,-1,2,4,-6
12599,12599,1503614372687,-18,-11,-10,-4,-2,-1,3,16
12600,12600,1503614372702,-9,-4,2,-2,0,-2,-5,-12
12601,12601,1503614372709,-1,-8,-9,0,-1,-2,-2,-7
12602,12602,1503614372720,2,-10,-16,-7,-5,-4,-6,-32
12603,12603,1503614372732,-10,3,4,5,2,3,4,35
12604,12604,1503614372740,-6,7,3,-1,-2,-2,-2,-1
12605,12605,1503614372747,-15,2,0,0,-2,-3,-2,21
12606,12606,1503614372762,-3,9,16,1,3,-1,-3,-29
12607,12607,1503614372769,14,9,4,-3,-2,0,0,-13
12608,12608,1503614372777,2,0,-7,3,0,0,1,2
12609,12609,1503614372792,-20,-4,1,0,-1,-1,0,-9
12610,12610,1503614372800,11,-8,-8,-2,1,0,1,11
12611,12611,1503614372807,2,-4,-5,-2,-1,-2,1,6
12612,12612,1503614372822,10,4,-1,-2,-1,0,-2,8
12613,12613,1503614372829,-14,16,6,2,0,-1,-7,-41
12614,12614,1503614372837,-9,-2,-5,-3,-2,-1,1,16
12615,12615,1503614372853,0,-7,-9,0,0,0,-1,-3
12616,12616,1503614372860,32,1,1,-2,-2,1,4,16
12617,12617,1503614372867,-22,-6,-1,-1,-1,-4,-5,-9
12618,12618,1503614372868,32,1,-2,1,-1,-1,4,6
12619,12619,1503614372882,-5,-7,-4,-2,-2,-3,-5,-1
12620,12620,1503614372890,24,4,-2,-3,-1,-1,-2,5
12621,12621,1503614372897,2,-2,-2,0,1,1,3,-2
12622,12622,1503614372912,-18,-10,-8,-4,-4,-1,-2,3
12623,12623,1503614372920,2,-11,-8,-3,-5,-1,5,26
12624,12624,1503614372927,-5,9,13,4,4,1,-1,-18
12625,12625,1503614372942,5,-7,-7,-3,1,3,-2,8
12626,12626,1503614372949,-7,0,-1,0,1,4,6,20
12627,12627,1503614372957,-13,-2,-2,-3,-3,-1,-5,-21
12628,12628,1503614372972,22,-12,-4,-1,-2,-1,0,20
12629,12629,1503614372980,-15,14,9,1,0,-1,1,-19
12630,12630,1503614372987,7,0,2,1,-1,-1,-3,-54
12631,12631,1503614373002,-15,-7,-11,-9,-6,-5,-9,-24
12632,12632,1503614373009,-1,6,3,-1,0,0,5,22
12633,12633,1503614373025,18,4,7,7,2,-2,-3,-7
12634,12634,1503614373032,-10,-2,1,0,-2,-4,-8,-5
12635,12635,1503614373040,-23,2,1,2,2,3,0,2
12636,12636,1503614373055,-3,-11,-7,0,-2,-5,1,21
12637,12637,1503614373063,-1,0,-1,2,1,-1,-1,-7
12638,12638,1503614373069,-3,0,1,-1,2,-2,-6,-17
12639,12639,1503614373084,-15,-1,2,1,-3,-1,1,-15
12640,12640,1503614373092,-3,5,0,-2,-3,0,-2,-3
12641,12641,1503614373100,22,0,-3,-1,1,-3,-4,-7
12642,12642,1503614373114,-32,-2,0,-3,0,0,-3,5
12643,12643,1503614373123,30,2,1,1,1,1,3,37
12644,12644,1503614373130,8,1,-7,-5,-5,0,1,-2
12645,12645,1503614373145,13,9,12,4,2,2,10,23
12646,12646,1503614373154,-5,-6,-1,-1,1,-2,-1,-15
12647,12647,1503614373161,-3,-8,-7,-11,-4,-3,-6,-13
12648,12648,1503614373174,-4,12,9,7,3,0,0,-24
12649,12649,1503614373182,-36,-15,-8,-2,1,-2,2,24
12650,12650,1503614373191,-5,-8,-6,-4,-3,-2,-5,-9
12651,12651,1503614373205,1,22,17,6,-1,-2,-4,-3
12652,12652,1503614373212,17,-4,-7,0,0,-1,-1,11
12653,12653,1503614373221,-39,-17,-7,-3,-4,0,4,14
12654,12654,1503614373234,10,-2,-4,1,-1,3,0,4
12655,12655,1503614373242,16,-3,-2,1,2,0,-2,2
12656,12656,1503614373249,1,-1,1,-2,1,0,3,12
12657,12657,1503614373264,-13,-1,-1,-4,-5,-1,-1,-81
12658,12658,1503614373272,-1,3,1,-4,-1,-4,-5,0
12659,12659,1503614373280,-11,-2,-4,-1,0,-3,-3,-14
12660,12660,1503614373294,1,5,6,7,1,1,1,3
12661,12661,1503614373302,8,-1,-4,-4,-4,-3,-1,12
12662,12662,1503614373309,-2,4,3,-2,-3,-2,0,5
12663,12663,1503614373325,-4,-22,-7,-3,-1,0,-2,30
12664,12664,1503614373331,8,50,18,9,6,1,-5,-13
12665,12665,1503614373332,9,-13,-6,-5,-2,-1,1,-9
12666,12666,1503614373340,3,3,-3,-5,-3,4,2,1
12667,12667,1503614373355,-7,11,12,1,-3,-2,0,20
12668,12668,1503614373363,7,3,3,6,4,-2,-1,6
12669,12669,1503614373369,19,8,-3,-3,-3,0,0,14
12670,12670,1503614373385,-1,4,3,0,-2,-5,-7,-6
12671,12671,1503614373392,0,-11,-4,-2,1,-2,-1,7
12672,12672,1503614373399,6,-7,-9,-1,0,1,-1,8
12673,12673,1503614373414,6,2,2,-1,-3,-1,-3,-11
12674,12674,1503614373422,20,-7,-7,-3,-4,-5,-3,7
12675,12675,1503614373430,-9,3,-5,-2,-1,0,1,2
12676,12676,1503614373444,6,15,12,5,2,2,5,-3
12677,12677,1503614373451,14,4,-1,-5,-2,-1,3,19
12678,12678,1503614373452,-21,-12,-4,0,2,0,-1,-22
12679,12679,1503614373460,-63,3,-2,1,-3,-3,-6,-22
12680,12680,1503614373473,6,2,0,2,-2,0,2,6
12681,12681,1503614373482,12,-22,-14,-7,-3,1,2,27
12682,12682,1503614373490,-6,-10,-4,-4,-4,2,3,-14
12683,12683,1503614373504,7,8,2,-1,0,-2,-2,-19
12684,12684,1503614373512,8,7,3,0,0,2,6,21
12685,12685,1503614373521,-5,-8,-5,-3,-1,1,1,-13
12686,12686,1503614373533,3,-3,0,1,1,-4,-4,-5
12687,12687,1503614373541,53,27,16,1,-1,-1,7,30
12688,12688,1503614373549,-11,-9,-7,-4,-3,0,-8,-6
12689,12689,1503614373564,-15,-13,-5,2,4,1,-3,-3
12690,12690,1503614373571,2,16,9,2,-1,-4,-4,-14
12691,12691,1503614373579,20,3,2,-3,-4,1,-4,-19
12692,12692,1503614373594,11,-1,-5,2,1,-5,-4,0
12693,12693,1503614373602,0,5,3,-1,0,-3,-1,4
12694,12694,1503614373609,-4,8,5,-2,-2,4,2,0
12695,12695,1503614373625,-8,-11,-5,-1,0,1,0,-3
12696,12696,1503614373633,15,-5,-4,-4,-2,-5,-3,8
12697,12697,1503614373640,-2,3,1,1,0,-1,-2,-2
12698,12698,1503614373657,-9,-13,-5,-2,-1,-1,-5,-12
12699,12699,1503614373662,-1,-8,-7,-3,-2,1,3,33
12700,12700,1503614373669,-2,9,3,-2,0,0,-3,-11
12701,12701,1503614373684,-6,10,6,2,0,0,0,-7
12702,12702,1503614373692,-8,0,-5,4,2,0,1,7
12703,12703,1503614373700,-12,-9,-10,-3,0,-6,-5,-8
12704,12704,1503614373714,-14,16,11,2,-1,2,2,-2
12705,12705,1503614373725,7,-15,-11,-3,-1,-2,2,15
12706,12706,1503614373726,-12,13,11,2,-1,-2,-3,-7
12707,12707,1503614373729,15,2,-1,-4,-4,0,0,-5
12708,12708,1503614373744,-18,-4,-1,-4,0,-1,0,-3
12709,12709,1503614373751,-6,-7,-6,2,0,-2,0,5
12710,12710,1503614373760,-9,-8,-3,-1,-2,-3,-1,2
12711,12711,1503614373774,-2,5,3,-2,0,-1,-3,-13
12712,12712,1503614373782,15,12,5,0,-3,-1,-1,0
12713,12713,1503614373791,-6,-11,6,0,-2,1,-1,11
12714,12714,1503614373804,2,-5,-9,2,-1,0,-1,5
12715,12715,1503614373811,-2,-9,-12,-3,0,0,-1,3
12716,12716,1503614373819,2,-10,-7,-5,0,1,-1,-16
12717,12717,1503614373834,-5,-21,-11,-3,-1,-2,-1,2
12718,12718,1503614373842,4,-22,-15,-2,-2,-2,-2,-1
12719,12719,1503614373849,-4,12,12,4,-1,-3,-2,-1
12720,12720,1503614373864,3,18,15,4,2,1,0,-5
12721,12721,1503614373871,-11,-20,-12,-5,0,0,-2,-5
12722,12722,1503614373880,4,-22,-19,-7,-5,0,-3,3
12723,12723,1503614373894,3,3,0,-1,0,0,-2,2
12724,12724,1503614373902,-5,-13,-15,-7,-2,-2,-1,3
12725,12725,1503614373916,-3,-12,-5,-3,0,-1,-2,-4
12726,12726,1503614373925,0,3,2,-2,-3,-1,-1,-3
12727,12727,1503614373932,6,12,3,4,0,2,1,1
12728,12728,1503614373947,-6,8,10,1,2,2,1,-9
12729,12729,1503614373954,0,1,5,2,-1,0,0,0
12730,12730,1503614373962,0,-1,1,1,2,0,1,0
12731,12731,1503614373976,-1,2,8,-1,-2,-4,-1,-1
12732,12732,1503614373984,0,7,5,1,-1,-3,0,3
12733,12733,1503614373992,2,16,14,1,1,0,-3,-6
12734,12734,1503614374007,8,6,1,-1,-2,1,0,6
12735,12735,1503614374014,1,-2,-8,-3,-3,0,-2,3
12736,12736,1503614374025,-6,-6,-7,-2,-1,-2,-3,-2
12737,12737,1503614374036,-1,-5,-9,-1,-4,-1,-4,-1
12738,12738,1503614374044,-3,-3,4,-2,1,-1,1,-3
12739,12739,1503614374051,0,2,-2,1,0,0,-1,0
12740,12740,1503614374067,-1,-1,2,1,-3,-2,-3,-1
12741,12741,1503614374074,-7,-2,-7,-4,0,-1,0,0
12742,12742,1503614374082,-3,24,29,5,2,1,-1,-2
12743,12743,1503614374096,3,6,0,1,-3,-1,3,-1
12744,12744,1503614374104,-3,1,-1,0,1,1,-2,-5
12745,12745,1503614374111,-4,-2,5,1,1,-3,2,5
12746,12746,1503614374127,0,2,4,1,-2,-3,-1,1
12747,12747,1503614374134,-3,5,0,0,-3,-3,-3,-3
12748,12748,1503614374142,3,5,1,-2,-1,-1,0,4
12749,12749,1503614374156,1,1,13,3,-2,-2,0,0
12750,12750,1503614374164,1,-7,-15,-3,-2,-2,-2,0
12751,12751,1503614374171,7,14,19,5,0,1,0,2
12752,12752,1503614374172,-4,-13,-16,-6,-1,2,0,0
12753,12753,1503614374187,-1,-7,-7,1,0,0,0,-2
12754,12754,1503614374194,-4,-2,-8,-4,1,-1,-2,-2
12755,12755,1503614374202,2,-3,-3,-2,1,-2,2,3
12756,12756,1503614374216,2,2,1,-1,0,-2,-1,2
12757,12757,1503614374226,-8,-6,-12,-1,0,-1,-1,1
12758,12758,1503614374233,8,19,10,2,2,-2,0,-1
12759,12759,1503614374247,12,7,7,2,-1,5,2,0
12760,12760,1503614374254,5,-10,-10,2,-3,2,1,16
12761,12761,1503614374265,1,-4,-10,-4,-2,-2,-1,-5
12762,12762,1503614374276,-2,-13,-6,1,-1,0,-1,-5
12763,12763,1503614374284,0,-3,4,1,0,-1,-1,4
12764,12764,1503614374293,-1,2,1,-3,-2,-3,-1,-1
12765,12765,1503614374307,-1,-6,-6,0,0,-2,-3,-4
12766,12766,1503614374314,6,9,-8,-1,1,0,1,-3
12767,12767,1503614374322,-1,-2,1,-2,-2,0,0,0
12768,12768,1503614374336,-7,-12,-13,-7,-3,-2,-5,-7
12769,12769,1503614374344,0,7,9,0,1,-1,2,-2
12770,12770,1503614374351,-4,0,3,1,0,-1,1,-5
12771,12771,1503614374368,-10,-9,-3,-3,-1,-2,-4,-5
12772,12772,1503614374374,1,-6,2,-2,1,0,0,0
12773,12773,1503614374382,1,-2,-2,0,0,-1,-1,-3
12774,12774,1503614374397,-1,3,6,2,-4,0,-2,-2
12775,12775,1503614374404,5,2,-7,-2,-1,-1,-2,2
12776,12776,1503614374411,-5,-12,-11,-4,-3,-1,-1,2
12777,12777,1503614374427,-5,-4,-6,-3,-2,-1,-1,4
12778,12778,1503614374434,3,2,2,1,0,-2,-1,-3
12779,12779,1503614374442,5,0,2,0,2,0,-1,0
12780,12780,1503614374456,-4,-2,-7,0,1,-3,0,-1
12781,12781,1503614374464,4,-3,-6,-1,-1,1,-2,-2
12782,12782,1503614374472,2,-1,0,-5,-4,-1,0,9
12783,12783,1503614374487,1,4,8,2,3,-1,0,-1
12784,12784,1503614374495,-4,-7,-12,0,-1,2,-5,-7
12785,12785,1503614374503,2,0,-13,-2,-1,1,0,-1
12786,12786,1503614374516,-1,0,4,0,2,1,-2,-3
12787,12787,1503614374524,3,0,0,-1,-2,0,2,2
12788,12788,1503614374532,-1,7,1,2,3,-1,1,0
12789,12789,1503614374547,-3,0,6,-1,-1,-2,-3,-2
12790,12790,1503614374554,2,-1,7,0,-2,-3,0,0
12791,12791,1503614374562,-7,-10,-8,-2,-4,-3,0,-4
12792,12792,1503614374576,1,5,7,7,2,-1,-1,-7
12793,12793,1503614374584,-18,-7,-4,-3,-2,-1,-2,-6
12794,12794,1503614374594,-6,-3,0,-4,-3,-1,0,0
12795,12795,1503614374607,-5,-7,-8,-1,-1,-3,-3,-5
12796,12796,1503614374633,1,3,4,0,-1,1,1,-1
12797,12797,1503614374635,2,1,5,1,-1,-2,-1,3
12798,12798,1503614374644,-2,-1,0,-3,-1,-2,-2,-4
12799,12799,1503614374645,-7,5,2,0,-3,-4,0,1
12800,12800,1503614374666,0,-9,-11,-2,1,1,-1,-1
12801,12801,1503614374673,3,-3,-3,-5,0,1,1,-1
12802,12802,1503614374681,5,-3,0,0,0,1,0,5
12803,12803,1503614374683,11,2,0,0,-1,-1,-1,2
12804,12804,1503614374708,2,3,7,2,2,2,-1,-1
12805,12805,1503614374712,-3,9,-2,-1,-1,0,0,-1
12806,12806,1503614374729,-3,4,3,-2,-1,0,0,-2
12807,12807,1503614374734,5,0,0,2,0,0,1,4
12808,12808,1503614374742,3,7,3,1,0,-2,-1,5
12809,12809,1503614374756,1,0,-2,-3,-4,-3,0,2
12810,12810,1503614374765,-3,3,7,-2,1,-1,1,2
12811,12811,1503614374771,4,-2,-6,-2,0,0,0,0
12812,12812,1503614374772,-7,0,4,0,0,-1,0,-3
12813,12813,1503614374786,0,-3,-10,0,-1,-1,-2,-4
12814,12814,1503614374795,-9,-3,0,-2,-1,0,-1,-2
12815,12815,1503614374802,2,9,8,2,0,-1,1,-1
12816,12816,1503614374816,2,7,23,2,0,0,1,1
12817,12817,1503614374824,1,10,7,2,2,1,2,-7
12818,12818,1503614374833,-4,0,-4,-1,-2,-3,-2,3
12819,12819,1503614374846,-5,-6,-5,-4,-3,1,-2,-6
12820,12820,1503614374854,0,-4,-4,0,0,0,0,2
12821,12821,1503614374869,1,-2,-5,-3,0,-1,0,6
12822,12822,1503614374876,-5,-4,-7,-1,-3,-1,-1,-3
12823,12823,1503614374884,6,-3,2,0,0,-2,0,0
12824,12824,1503614374898,3,2,5,0,-2,1,-4,-4
12825,12825,1503614374906,4,6,6,3,0,0,0,4
12826,12826,1503614374914,1,-2,-4,-1,1,-2,-3,-6
12827,12827,1503614374929,-2,-3,0,-1,-1,-1,-2,0
12828,12828,1503614374930,1,-1,0,0,-3,1,-3,3
12829,12829,1503614374936,-2,-3,-5,-2,-1,-5,0,3
12830,12830,1503614374944,-2,-2,1,-1,0,-1,-2,-4
12831,12831,1503614374958,6,16,-5,0,-1,1,0,3
12832,12832,1503614374967,-4,-9,-12,-2,-4,0,-3,-2
12833,12833,1503614374974,-2,-6,-5,-5,1,-1,-3,0
12834,12834,1503614374989,4,6,-2,-2,-3,-2,1,0
12835,12835,1503614374996,6,-3,3,2,2,-1,1,7
12836,12836,1503614375004,-2,0,-4,-1,0,-1,-1,1
12837,12837,1503614375005,-6,-12,-10,-2,-2,1,-1,-3
12838,12838,1503614375018,-2,-4,-4,-5,-3,-2,-3,-8
12839,12839,1503614375026,1,0,2,-1,-1,0,1,5
12840,12840,1503614375027,-9,-10,-10,-3,-3,0,-2,-4
12841,12841,1503614375034,6,5,4,3,0,2,2,13
12842,12842,1503614375049,-5,-3,2,-1,2,-2,-3,-6
12843,12843,1503614375056,-7,-1,5,1,1,1,0,0
12844,12844,1503614375064,4,2,9,2,-1,-2,-1,3
12845,12845,1503614375080,-1,-2,-2,0,-2,-2,-2,-4
12846,12846,1503614375087,0,3,-9,-1,0,0,2,-4
12847,12847,1503614375101,-6,-8,-7,-5,-3,-2,-1,-5
12848,12848,1503614375109,3,-2,-1,-1,-3,-1,0,1
12849,12849,1503614375116,8,1,-6,1,-1,0,1,1
12850,12850,1503614375124,-2,-4,-7,0,-1,-1,-1,1
12851,12851,1503614375139,-10,-7,-1,0,-2,-1,-2,-3
12852,12852,1503614375153,-2,-2,1,0,1,-1,3,6
12853,12853,1503614375154,2,-2,-1,-3,1,0,0,4
12854,12854,1503614375172,-1,0,3,-1,0,1,-1,-4
12855,12855,1503614375176,0,6,3,1,0,0,-1,-4
12856,12856,1503614375218,-2,-2,-5,-2,-4,-3,-1,-1
12857,12857,1503614375230,1,-4,-7,-2,0,1,-1,-2
12858,12858,1503614375239,5,-2,-1,0,0,-2,-1,3
12859,12859,1503614375246,2,-2,-1,-3,0,2,-1,-1
12860,12860,1503614375259,2,5,10,2,-1,-2,2,4
12861,12861,1503614375267,3,0,-5,-2,-1,-1,0,0
12862,12862,1503614375274,1,0,5,0,1,1,0,-1
12863,12863,1503614375289,-2,4,9,4,2,-4,-1,-2
12864,12864,1503614375299,-1,-1,-8,0,-1,-1,-2,-2
12865,12865,1503614375304,-6,0,-4,-2,-2,0,-3,-9
12866,12866,1503614375318,-7,-11,-13,-2,-2,1,-3,-3
12867,12867,1503614375333,-7,-6,-7,0,-2,-1,-3,0
12868,12868,1503614375334,2,-2,-2,-5,-1,-2,-1,-6
12869,12869,1503614375349,-12,0,-1,-1,1,-1,3,1
12870,12870,1503614375356,-3,-2,-3,0,-3,0,0,-2
12871,12871,1503614375364,5,4,6,2,0,3,-4,-2
12872,12872,1503614375378,-1,2,1,-3,0,0,-1,2
12873,12873,1503614375401,-1,-6,-1,2,0,0,0,5
13005,13005,1503614376729,2,6,3,4,0,-2,2,-1
13006,13006,1503614376744,-1,-2,-2,-3,-3,1,-1,-1
13007,13007,1503614376751,-9,-12,-14,-4,-3,-1,-4,-6
13008,13008,1503614376759,2,-4,-2,0,-1,-2,-3,1
13009,13009,1503614376774,9,18,0,1,0,-1,0,3
13010,13010,1503614376782,-5,-3,-1,-2,1,-1,-1,-2
13011,13011,1503614376789,-5,-9,-5,-4,-3,2,0,-5
13012,13012,1503614376806,-4,-3,0,-2,-1,0,0,-2
13013,13013,1503614376811,-3,-8,-6,-1,2,-1,-3,-3
13014,13014,1503614376820,-3,-11,-9,-3,-2,-1,0,-2
13015,13015,1503614376834,-6,-12,-7,-1,-1,-1,-1,1
13016,13016,1503614376842,-3,-3,-6,-3,-2,-1,-2,-4
13017,13017,1503614376849,1,3,5,0,-2,-1,0,2
13018,13018,1503614376864,0,0,-7,0,-1,-2,-2,-2
13019,13019,1503614376873,-7,-7,-6,-3,-1,-1,0,-4
13020,13020,1503614376879,5,8,6,0,0,-3,2,-6
13021,13021,1503614376894,1,-7,-5,-3,-1,-2,-3,-2
13022,13022,1503614376902,2,8,2,3,0,0,-1,-3
13023,13023,1503614376909,-5,-6,-3,-5,1,0,0,1
13024,13024,1503614376924,1,-6,-4,-4,-1,0,-1,4
13025,13025,1503614376931,4,11,8,3,-2,-1,1,2
13026,13026,1503614376941,0,2,-1,-2,0,1,-2,-2
13027,13027,1503614376954,-1,-2,0,-1,0,3,-3,1
13028,13028,1503614376962,1,0,4,0,-2,1,0,2
13029,13029,1503614376969,-1,-7,-3,-2,-1,-2,0,1
13030,13030,1503614376984,-1,0,2,0,0,-3,-1,-2
13031,13031,1503614376991,-5,-9,-6,-2,0,-3,-1,-3
13032,13032,1503614377000,2,5,9,2,-2,-3,-1,1
13033,13033,1503614377015,2,6,2,-2,0,1,1,0
13034,13034,1503614377022,-6,3,0,-1,0,0,-2,-1
13035,13035,1503614377029,-2,1,-1,1,-2,0,-2,-2
13036,13036,1503614377046,1,2,-2,0,-1,-1,0,-2
13037,13037,1503614377052,-1,-1,-3,-2,-3,-3,-2,-3
13038,13038,1503614377060,-4,-11,-11,0,-1,-2,-1,2
13039,13039,1503614377075,-2,-2,-3,-3,0,1,-2,-2
13040,13040,1503614377083,0,-2,2,-1,0,0,0,-3
13041,13041,1503614377089,1,-1,-2,-2,-4,1,1,1
13042,13042,1503614377108,1,-1,2,0,2,1,1,2
13043,13043,1503614377112,-1,5,12,2,0,0,-1,-1
13044,13044,1503614377120,2,5,-1,-1,-4,-2,-3,1
13045,13045,1503614377134,-3,-13,-14,-4,0,-4,0,-4
13046,13046,1503614377143,-2,-1,1,-1,1,-4,0,-1
13047,13047,1503614377149,1,-3,-7,-2,-3,0,-2,1
13048,13048,1503614377164,1,3,1,0,2,0,-1,-6
13049,13049,1503614377171,-3,2,0,0,0,-1,-1,-3
13050,13050,1503614377179,-2,-1,-2,0,-2,2,-2,1
13051,13051,1503614377194,-1,-2,-3,-2,0,-1,-3,1
13052,13052,1503614377202,0,0,5,1,-2,-1,-2,0
13053,13053,1503614377209,6,2,3,0,0,1,3,23
13054,13054,1503614377224,2,-3,-9,-2,-2,1,0,0
13055,13055,1503614377231,-5,-8,-7,0,0,-5,0,-12
13056,13056,1503614377242,-1,-2,1,-2,-3,-1,-2,0
13057,13057,1503614377254,1,1,2,1,1,-2,-2,-4
13058,13058,1503614377262,-4,-1,-6,-4,-2,1,1,-4
13059,13059,1503614377269,1,3,-1,0,-2,1,-2,-3
13060,13060,1503614377284,3,2,3,1,1,0,-2,0
13061,13061,1503614377291,1,3,2,1,-1,-3,-2,-2
13062,13062,1503614377299,-4,2,0,-3,-2,-3,-3,1
13063,13063,1503614377315,-4,1,4,-1,0,0,-1,-4
13064,13064,1503614377322,-4,-3,2,-1,0,-2,1,2
13065,13065,1503614377329,0,5,-3,-1,-3,1,1,-6
13066,13066,1503614377345,0,-6,-4,-2,0,-2,0,4
13067,13067,1503614377351,0,2,2,1,-2,-2,-2,-3
13068,13068,1503614377359,2,6,0,0,-1,-1,0,-3
13069,13069,1503614377375,-1,-5,-6,-3,1,4,-1,3
13070,13070,1503614377382,2,2,0,1,-1,-3,-1,7
13071,13071,1503614377389,0,4,-3,-1,1,-1,-1,2
13072,13072,1503614377404,1,-1,-7,-2,-2,-2,-1,-1
13073,13073,1503614377412,0,-1,-6,-2,-2,-3,-2,-2
13074,13074,1503614377419,-3,-9,-2,1,-3,1,1,10
13075,13075,1503614377434,2,-2,3,1,-1,-1,-1,0
13076,13076,1503614377443,0,2,3,-2,-2,-3,-2,-8
13077,13077,1503614377449,-4,0,4,0,0,0,-1,3
13078,13078,1503614377464,-2,0,-9,-3,1,0,-3,-4
13079,13079,1503614377471,1,7,7,1,0,0,1,-1
13080,13080,1503614377479,-3,0,-6,2,-1,1,0,-6
13081,13081,1503614377494,6,15,18,4,2,3,1,-6
13082,13082,1503614377502,2,-2,0,0,-1,1,-2,-5
13083,13083,1503614377510,-6,-16,-12,-4,-2,-4,-2,6
13084,13084,1503614377524,1,22,28,7,3,-1,0,-3
13085,13085,1503614377531,0,-9,-9,-3,-2,-1,-1,-2
13086,13086,1503614377539,2,-2,-3,-1,0,1,1,10
13087,13087,1503614377554,11,9,5,2,-3,-1,2,3
13088,13088,1503614377562,0,-9,-2,0,-2,0,-1,-4
13089,13089,1503614377569,-8,-5,-3,-4,-1,-1,-4,-7
13090,13090,1503614377584,4,33,28,7,1,2,1,-1
13091,13091,1503614377591,-3,-1,-3,0,1,-2,0,3
13092,13092,1503614377600,-6,-14,-14,-8,-4,-3,-4,-3
13093,13093,1503614377614,0,1,2,1,3,-1,-1,0
13094,13094,1503614377622,4,-3,-9,-6,-2,-4,0,-1
13095,13095,1503614377629,4,0,0,0,-1,2,0,2
13096,13096,1503614377645,-11,-9,-7,1,-1,0,-3,-11
13097,13097,1503614377651,-3,5,3,0,-1,0,-1,0
13098,13098,1503614377667,2,-6,-3,-3,-2,-1,-1,4
13099,13099,1503614377676,-1,-7,-5,-3,-4,0,1,1
13100,13100,1503614377682,-2,-4,-1,-2,0,-2,0,3
13101,13101,1503614377696,-1,-2,-1,1,-2,-1,-2,-4
13102,13102,1503614377704,1,-5,-4,-2,-1,1,1,4
13103,13103,1503614377711,-3,2,-1,-4,-1,-1,0,-2
13104,13104,1503614377727,1,-3,-1,1,-2,-1,3,13
13105,13105,1503614377734,-1,-1,-4,-1,-2,-1,-2,-2
13106,13106,1503614377743,-3,-2,2,-1,0,2,-3,-7
13107,13107,1503614377757,0,-3,-2,-1,0,-2,0,-1
13108,13108,1503614377764,-2,-6,-8,-2,-1,-1,-3,-3
13109,13109,1503614377771,1,2,-2,0,-1,-2,0,1
13110,13110,1503614377787,1,6,9,2,0,1,-2,-6
13111,13111,1503614377794,-5,-6,-1,0,-1,-1,-2,-2
13112,13112,1503614377802,2,1,1,1,2,1,2,-3
13113,13113,1503614377816,-3,-13,4,-1,0,2,1,-1
13114,13114,1503614377824,-2,-12,-1,-2,-3,0,-3,-5
13115,13115,1503614377831,-5,-9,-4,-3,-3,-5,-3,-1
13116,13116,1503614377846,19,11,9,3,0,2,6,35
13117,13117,1503614377854,-4,-3,-9,-2,-2,-3,-1,-4
13118,13118,1503614377862,-11,-7,-11,1,-4,0,-3,-10
13119,13119,1503614377877,5,13,16,17,-2,0,-3,3
13120,13120,1503614377884,-2,-9,-4,-5,-3,-2,-2,-4
13121,13121,1503614377891,-3,-3,-3,-8,-2,-1,-1,-9
13122,13122,1503614377906,0,6,1,1,2,-2,0,-5
13123,13123,1503614377914,-2,-1,-2,-7,1,2,0,0
13124,13124,1503614377922,1,20,28,5,2,0,0,-2
13125,13125,1503614377936,2,-4,-2,-3,3,-1,2,3
13126,13126,1503614377946,-8,-15,-19,-6,-3,-3,-3,-7
13127,13127,1503614377952,3,1,-1,-2,-1,-3,-1,-8
13128,13128,1503614377967,-6,-2,-3,1,1,-4,-1,-6
13129,13129,1503614377975,-4,-3,-8,-3,-3,-2,-3,-1
13130,13130,1503614377983,7,11,6,4,1,0,1,6
13131,13131,1503614377996,-6,1,6,1,-1,-1,-3,-3
13132,13132,1503614377997,4,7,-2,0,2,-2,-3,-6
13133,13133,1503614378004,-11,-15,-10,-6,-3,-2,-1,-9
13134,13134,1503614378013,17,4,0,2,0,-1,1,6
13135,13135,1503614378026,13,-5,-13,1,-2,-1,1,1
13136,13136,1503614378034,-16,1,0,-1,0,-1,-5,-13
13137,13137,1503614378043,-12,1,-2,-4,-1,-2,-5,-16
13138,13138,1503614378056,3,5,6,1,-2,0,2,-2
13139,13139,1503614378064,1,1,0,-3,-3,-2,-3,-4
13140,13140,1503614378071,-1,-8,-11,-4,-3,1,1,1
13141,13141,1503614378087,-1,1,0,-3,2,1,-2,-4
13142,13142,1503614378094,7,6,4,0,0,1,-2,-24
13143,13143,1503614378102,10,-1,-6,-4,-2,0,-1,12
13144,13144,1503614378117,2,7,-4,3,-1,-1,-1,20
13145,13145,1503614378124,2,-5,-3,-1,-2,-2,1,7
13146,13146,1503614378131,-5,-10,-5,1,-3,-2,-1,9
13147,13147,1503614378147,-7,1,0,0,-2,-2,-2,-28
13148,13148,1503614378154,2,1,4,-3,0,2,1,6
13149,13149,1503614378162,-11,-4,2,-2,-1,0,-2,-15
13150,13150,1503614378178,2,3,-2,-5,1,0,2,10
13151,13151,1503614378179,-8,-14,-8,-5,-2,-4,-2,-3
13152,13152,1503614378185,6,-3,-8,-2,3,-3,-2,-5
13153,13153,1503614378191,-4,-5,1,-2,-1,-1,1,12
13154,13154,1503614378206,-6,-9,-3,-1,0,-1,-1,4
13155,13155,1503614378214,9,2,15,4,2,0,-3,10
13156,13156,1503614378222,7,-6,0,-1,-3,-1,-3,-10
13157,13157,1503614378236,-4,-1,5,0,1,2,2,-13
13158,13158,1503614378246,3,10,-14,-6,-2,-4,-4,-12
13159,13159,1503614378252,-9,-1,-7,-1,-1,0,0,4
13160,13160,1503614378266,15,2,1,4,0,-2,-3,-5
13161,13161,1503614378267,-10,-10,-1,0,-3,0,0,-9
13162,13162,1503614378274,-17,-3,1,2,0,-2,1,8
13163,13163,1503614378283,-6,-2,2,-1,-1,2,2,12
13164,13164,1503614378296,2,3,-1,2,-1,-1,0,-20
13165,13165,1503614378304,5,2,-5,-7,-5,-1,-2,28
13166,13166,1503614378313,-1,-8,-11,-7,-4,-2,-3,-3
13167,13167,1503614378327,1,0,-2,3,1,-2,1,2
13168,13168,1503614378334,-7,-7,-8,-4,1,-1,1,-4
13169,13169,1503614378342,-7,-8,-2,1,1,-1,-2,6
13170,13170,1503614378363,-11,9,4,2,0,3,0,-10
13171,13171,1503614378365,2,5,14,4,1,-1,2,20
13172,13172,1503614378371,19,-4,-2,-3,-2,1,3,35
13173,13173,1503614378387,-1,-2,-5,-1,-1,3,6,0
13174,13174,1503614378394,0,7,9,3,-2,-2,-4,-11
13175,13175,1503614378402,-22,-2,-2,-2,-2,-2,-4,2
13176,13176,1503614378417,13,0,-2,1,-1,0,0,-13
13177,13177,1503614378424,23,2,4,2,-1,0,2,6
13178,13178,1503614378431,7,4,0,-1,0,-2,-4,-2
13179,13179,1503614378448,-19,-1,-2,-4,-2,0,-6,-24
13180,13180,1503614378454,3,-2,1,0,0,-2,0,4
13181,13181,1503614378470,-9,-6,-5,-3,0,-2,-3,-19
13182,13182,1503614378476,2,-6,-2,2,1,2,3,16
13183,13183,1503614378491,3,2,4,4,2,1,0,3
13184,13184,1503614378492,4,4,5,1,1,0,3,4
13185,13185,1503614378493,-4,-4,-5,0,-1,-3,-2,6
13186,13186,1503614378506,18,-4,-3,-4,-1,0,1,9
13187,13187,1503614378515,25,1,-3,-1,0,0,2,-1
13188,13188,1503614378522,1,-3,-5,-2,1,-1,0,15
13189,13189,1503614378536,0,4,-1,-1,-4,0,-5,-21
13190,13190,1503614378544,-5,0,1,2,-2,-1,-3,-12
13191,13191,1503614378551,-20,-5,-1,-1,-2,-3,-3,10
13192,13192,1503614378566,-1,6,2,0,-1,1,2,7
13193,13193,1503614378574,-15,-10,-7,-5,0,-2,2,7
13194,13194,1503614378582,42,25,1,-2,-1,-1,3,5
13195,13195,1503614378597,-12,0,3,1,0,-1,-1,1
13196,13196,1503614378605,-22,-18,-5,-2,-1,-1,-3,8
13197,13197,1503614378628,-7,2,2,-1,0,0,-1,-16
13198,13198,1503614378634,12,-3,-3,-1,0,1,2,17
13199,13199,1503614378649,-24,-8,-4,0,-3,-2,-2,3
13200,13200,1503614378657,-17,0,0,-4,0,-2,-6,-38
13201,13201,1503614378664,-16,4,3,0,1,0,-1,-2
13202,13202,1503614378678,-31,14,14,3,0,-1,-2,-10
13203,13203,1503614378686,1,-5,-2,-1,-1,-2,-4,-6
13204,13204,1503614378694,-6,-10,-9,-7,-2,-1,-4,-11
13205,13205,1503614378709,24,-2,6,6,3,0,2,-5
13206,13206,1503614378716,12,-13,-8,-7,-4,-4,-1,3
13207,13207,1503614378724,2,10,9,4,1,1,8,7
13208,13208,1503614378738,-13,-19,-17,-4,-3,0,-2,14
13209,13209,1503614378748,8,15,7,-1,-1,-2,-5,-22
13210,13210,1503614378754,-62,-13,-8,-2,-4,-3,-6,-13
13211,13211,1503614378769,-33,-20,-12,-6,-3,-3,0,4
13212,13212,1503614378776,31,16,9,4,2,1,-2,-8
13213,13213,1503614378784,-2,-7,-9,-5,0,0,-1,5
13214,13214,1503614378798,2,0,1,2,-2,-2,1,4
13215,13215,1503614378806,42,14,13,3,1,4,2,29
13216,13216,1503614378816,17,27,7,1,-1,1,5,15
13217,13217,1503614378829,18,6,-6,-10,-8,-5,1,6
13218,13218,1503614378836,8,-9,-6,-3,-1,-3,-6,-13
13219,13219,1503614378844,-17,-15,-9,0,0,-2,-4,-20
13220,13220,1503614378858,13,3,6,2,-1,-2,-3,-13
13221,13221,1503614378866,-18,-7,-3,-3,-3,-3,-3,-4
13222,13222,1503614378874,-16,-4,1,2,-1,0,-3,-15
13223,13223,1503614378889,7,21,7,1,1,1,4,9
13224,13224,1503614378896,-19,-3,-4,-4,-2,0,0,-21
13225,13225,1503614378911,4,6,5,4,1,3,-1,-9
13226,13226,1503614378919,13,1,2,-2,0,-2,-6,-20
13227,13227,1503614378926,-8,0,-1,1,-2,-5,-2,-14
13228,13228,1503614378934,-1,-4,-1,0,1,5,3,9
13229,13229,1503614378949,-22,-9,-7,1,0,-2,-5,-16
13230,13230,1503614378957,-4,9,-5,-1,-1,1,0,1
13231,13231,1503614378964,1,-3,-8,-5,-1,2,-4,-18
13232,13232,1503614378978,-39,0,4,1,-3,-5,0,11
13233,13233,1503614378987,1,1,3,1,0,0,-1,-5
13234,13234,1503614378994,28,-3,0,2,2,2,-3,17
13235,13235,1503614379009,-9,-2,9,3,0,-5,-6,-1
13236,13236,1503614379017,14,-4,-4,-2,0,0,4,-2
13237,13237,1503614379025,-1,-12,-7,-1,-1,0,0,0
13238,13238,1503614379038,18,4,2,0,-4,-2,-4,-12
13239,13239,1503614379046,-3,9,-1,-2,-1,1,6,9
13240,13240,1503614379054,31,-1,-2,-1,-1,1,1,6
13241,13241,1503614379069,-11,7,9,4,-1,-1,-1,5
13242,13242,1503614379077,8,-6,-9,-3,0,1,2,9
13243,13243,1503614379084,15,-15,-6,-1,0,1,3,10
13244,13244,1503614379098,-32,-8,-5,-2,2,-4,-2,2
13245,13245,1503614379106,12,2,-3,0,0,-1,-1,13
13246,13246,1503614379121,-4,2,3,-3,-2,-3,-1,0
13247,13247,1503614379129,15,5,6,0,-3,0,0,2
13248,13248,1503614379137,-2,13,-4,2,1,-1,3,17
13249,13249,1503614379144,6,-6,-3,-4,-2,1,-3,-7
13250,13250,1503614379159,9,-4,1,0,-2,3,1,4
13251,13251,1503614379166,-10,-6,-3,-4,-1,-3,-3,1
13252,13252,1503614379174,8,10,2,1,1,0,3,12
13253,13253,1503614379189,-10,-8,-3,-1,0,-4,0,-2
13254,13254,1503614379196,4,-1,-1,-3,-3,-2,-3,-4
13255,13255,1503614379204,-1,-7,-4,-1,0,-1,0,9
13256,13256,1503614379218,0,-1,0,-1,1,-3,-3,-9
13257,13257,1503614379219,3,14,9,3,-2,2,0,0
13258,13258,1503614379227,-21,-8,0,0,1,-2,1,4
13259,13259,1503614379234,-3,-4,8,-1,-1,1,1,-4
13260,13260,1503614379251,0,-1,-2,0,0,1,-2,-7
13261,13261,1503614379257,5,-13,-8,-3,0,-2,-2,-1
13262,13262,1503614379264,5,-3,-8,0,-1,-3,0,0
13263,13263,1503614379278,-15,-13,-6,-1,0,1,-1,-3
13264,13264,1503614379287,16,3,0,-4,0,-3,-1,1
13265,13265,1503614379294,4,-1,-3,0,-2,-3,2,-3
13266,13266,1503614379309,-19,-11,-9,-4,-4,-3,-6,-13
13267,13267,1503614379319,0,6,7,1,2,1,-1,-7
13268,13268,1503614379325,3,19,4,-1,-1,1,-1,8
13269,13269,1503614379338,6,-14,-10,-2,-4,-3,-5,-3
13270,13270,1503614379347,-15,-11,-8,-4,0,-2,-1,-11
13271,13271,1503614379354,-9,5,6,2,2,0,2,21
13272,13272,1503614379369,-24,6,2,-2,-3,0,-1,2
13273,13273,1503614379376,-28,-9,0,-4,-2,-1,-2,-14
13274,13274,1503614379386,-6,-6,-2,1,-2,-1,1,6
13275,13275,1503614379398,0,1,-3,-2,-1,-5,-8,-31
13276,13276,1503614379406,15,-4,-4,-3,-1,-1,5,4
13277,13277,1503614379414,4,10,1,1,1,0,1,-3
13278,13278,1503614379429,4,-7,-4,0,1,-1,-2,-5
13279,13279,1503614379436,2,-10,-10,-6,-1,-1,-2,10
13280,13280,1503614379444,-1,5,6,3,-1,1,-4,-7
13281,13281,1503614379459,24,-4,-3,-3,0,1,2,15
13282,13282,1503614379466,2,4,9,3,3,1,2,22
13283,13283,1503614379474,12,-5,-6,-1,-1,0,1,4
13284,13284,1503614379489,16,7,1,-3,-2,0,3,-14
13285,13285,1503614379497,16,3,9,2,-2,-1,-2,0
13286,13286,1503614379504,-7,-5,-1,0,0,1,-2,6
13287,13287,1503614379519,-17,-8,-1,2,-1,-1,7,20
13288,13288,1503614379527,-4,2,2,3,3,-2,-4,-27
13289,13289,1503614379541,-20,-3,-7,-4,-1,0,-7,-22
13290,13290,1503614379549,4,3,-6,-3,-4,-1,4,15
13291,13291,1503614379557,-5,-16,-13,-3,-1,-1,-1,-28
13292,13292,1503614379571,5,-14,-8,-4,-2,2,4,-9
13293,13293,1503614379578,2,8,8,3,1,-1,-2,-19
13294,13294,1503614379587,-1,-2,1,2,0,-3,-1,45
13295,13295,1503614379601,10,1,-1,-3,-2,1,6,63
13296,13296,1503614379609,-9,4,3,0,0,2,-2,-20
13297,13297,1503614379616,-18,-1,1,-1,-1,-4,-7,-20
13298,13298,1503614379631,-7,-7,-7,-1,-1,-6,-7,-50
13299,13299,1503614379638,0,9,7,2,-1,-1,-4,-5
13300,13300,1503614379646,-20,-3,-2,-2,-2,-1,-7,-3
13301,13301,1503614379661,8,7,3,0,3,1,2,-12
13302,13302,1503614379669,15,18,13,3,4,2,-2,9
13303,13303,1503614379676,7,-9,-3,-2,-3,-3,3,65
13304,13304,1503614379691,-14,4,0,-1,-4,-2,0,-10
13305,13305,1503614379698,-5,0,0,2,3,1,0,2
13306,13306,1503614379706,4,0,0,0,1,1,-1,-8
13307,13307,1503614379721,-1,-10,3,-1,-2,-2,-7,-59
13308,13308,1503614379729,3,-15,-7,-3,-4,0,-7,-15
13309,13309,1503614379736,-15,-4,-5,-4,1,0,-1,-27
13310,13310,1503614379753,4,-5,0,1,0,3,-1,8
13311,13311,1503614379758,2,-3,-8,-4,-5,-3,1,-6
13312,13312,1503614379766,24,-6,-9,-7,-4,-6,-2,12
13313,13313,1503614379780,1,20,8,2,-1,2,0,-12
13314,13314,1503614379789,-11,-8,-10,-4,-3,0,-2,-8
13315,13315,1503614379797,-20,-10,-4,-1,-2,-4,-11,-25
13316,13316,1503614379811,5,-3,-2,0,1,-2,4,15
13317,13317,1503614379822,10,-9,-13,-1,0,0,1,15
13318,13318,1503614379827,9,14,7,1,0,-2,0,-7
13319,13319,1503614379841,7,-1,-3,-4,-1,0,4,15
13320,13320,1503614379849,-23,-9,-2,1,-1,-2,-4,-20
13321,13321,1503614379856,28,-6,-5,0,0,-2,0,-5
13322,13322,1503614379857,-5,16,8,3,0,-1,-6,-31
13323,13323,1503614379871,-3,8,2,-2,-1,2,2,-13
13324,13324,1503614379878,-1,-5,-1,1,-1,1,5,21
13325,13325,1503614379890,-3,-8,1,-1,0,-2,-1,30
13326,13326,1503614379901,-7,4,2,1,0,-2,-1,4
13327,13327,1503614379909,12,-2,-5,1,-1,-1,3,24
13328,13328,1503614379916,-4,12,8,2,1,-1,-3,-10
13329,13329,1503614379931,9,-2,-5,1,-1,-1,3,23
13330,13330,1503614379938,2,-5,-7,-7,-3,-3,-5,-9
13331,13331,1503614379946,4,2,-2,0,1,0,-2,-7
13332,13332,1503614379961,6,2,2,-1,-2,-2,6,57
13333,13333,1503614379969,-7,-4,-1,-3,-3,-2,1,-8
13334,13334,1503614379976,-20,-6,-5,-2,-3,-3,-4,-46
13335,13335,1503614379993,-7,35,12,4,2,-1,-7,-19
13336,13336,1503614379999,2,5,5,2,2,3,2,16
13337,13337,1503614380007,-21,-15,-6,-6,0,1,2,-1
13338,13338,1503614380022,-16,-8,-6,-1,0,0,1,-16
13339,13339,1503614380029,-7,-5,-5,-3,-2,-1,-2,5
13340,13340,1503614380036,-3,-7,-4,-4,-1,-1,-1,1
13341,13341,1503614380051,12,-9,-5,0,1,1,2,-5
13342,13342,1503614380059,7,0,0,2,-1,1,0,4
13343,13343,1503614380067,-18,-16,-4,-3,-2,1,-4,-27
13344,13344,1503614380081,6,-4,-4,-1,1,0,1,-6
13345,13345,1503614380089,0,3,5,1,0,1,0,-14
13346,13346,1503614380097,6,6,4,-1,0,1,-3,-11
13347,13347,1503614380111,9,-3,-3,-1,-4,-2,-2,7
13348,13348,1503614380119,26,-15,-11,-3,-4,-2,-4,9
13349,13349,1503614380128,-29,-1,0,0,0,-3,-2,-19
13350,13350,1503614380140,2,-10,-11,-3,-3,-3,8,32
13351,13351,1503614380141,-14,-8,0,0,0,-5,-2,-6
13352,13352,1503614380149,8,1,-4,-1,1,-1,-1,7
13353,13353,1503614380156,-11,-1,0,0,-3,-1,-2,1
13354,13354,1503614380171,4,-1,2,1,0,0,3,19
13355,13355,1503614380178,10,15,7,-1,0,-4,-1,11
13356,13356,1503614380188,5,-5,2,-2,0,-1,1,15
13357,13357,1503614380201,-10,13,9,1,-1,1,4,-19
13358,13358,1503614380209,17,38,20,5,2,3,3,5
13359,13359,1503614380216,1,2,2,0,0,-3,-3,-6
13360,13360,1503614380232,12,-11,-5,-3,-1,-4,2,15
13361,13361,1503614380238,-16,-6,-3,-3,-1,2,0,9
13362,13362,1503614380247,-6,-7,-14,-8,-4,-2,0,1
13363,13363,1503614380261,8,0,3,2,0,-3,3,12
13364,13364,1503614380269,-9,2,2,2,0,0,-3,-26
13365,13365,1503614380276,-5,-10,-10,-5,-5,-3,-5,26
13366,13366,1503614380291,-2,-4,-4,1,-2,0,-1,-1
13367,13367,1503614380298,5,-4,4,-1,-1,0,2,2
13368,13368,1503614380306,12,-3,0,2,-1,-3,-4,2
13369,13369,1503614380323,-6,-30,-22,-5,0,-2,-1,-10
13370,13370,1503614380329,9,-8,-3,1,2,0,0,-3
13371,13371,1503614380336,-4,8,4,-1,0,-2,-3,0
13372,13372,1503614380351,-17,3,0,-2,-2,0,-2,3
13373,13373,1503614380360,-1,-15,-15,-2,0,0,-1,3
13374,13374,1503614380374,0,12,11,3,-1,-2,0,6
13375,13375,1503614380380,1,-12,-6,-2,-2,0,-2,-6
13376,13376,1503614380381,-5,-1,3,-2,-1,2,2,5
13377,13377,1503614380390,-3,2,-1,-1,0,0,-1,0
13378,13378,1503614380396,2,7,4,1,0,1,-2,-4
13379,13379,1503614380411,-12,-22,-10,-6,-4,-1,-1,2
13380,13380,1503614380419,15,5,2,0,-1,-1,0,15
13381,13381,1503614380427,2,-1,1,1,-2,-2,1,20
13382,13382,1503614380440,-4,8,2,0,-1,2,1,-20
13383,13383,1503614380449,-4,19,13,1,2,0,2,-10
13384,13384,1503614380463,14,0,-4,0,-2,-1,4,25
13385,13385,1503614380478,6,6,5,-2,-1,-2,0,-8
13386,13386,1503614380479,-5,16,10,0,1,0,-3,-20
13387,13387,1503614380494,10,-26,-20,-5,-2,-5,-1,1
13388,13388,1503614380500,2,-8,-6,-1,-2,0,-2,-4
13389,13389,1503614380509,-6,-13,-11,-5,1,0,-4,-14
13390,13390,1503614380524,-2,-2,0,1,-1,0,1,-4
13391,13391,1503614380531,-4,-1,0,0,-2,-1,-4,-16
13392,13392,1503614380539,-5,7,4,3,0,-1,-4,-5
13393,13393,1503614380554,3,3,-1,-2,-1,-2,3,-1
13394,13394,1503614380561,2,-6,-1,-1,0,1,2,-1
13395,13395,1503614380569,-6,-4,-3,-1,0,0,-1,3
13396,13396,1503614380583,-10,-11,2,-1,0,-2,-3,-3
13397,13397,1503614380592,-1,-3,-2,-3,-3,2,-1,1
13398,13398,1503614380599,9,-8,-7,-2,-3,-2,-3,-7
13399,13399,1503614380614,6,5,5,-1,3,1,-3,5
13400,13400,1503614380628,-5,0,-2,1,0,-4,-3,-7
13482,13482,1503614381447,-2,0,-3,-2,-1,1,-2,0
13483,13483,1503614381453,-2,-2,-5,-3,-3,1,-3,1
13484,13484,1503614381454,-2,0,0,1,-1,1,0,0
13485,13485,1503614381463,1,-2,-2,2,3,0,0,3
13486,13486,1503614381476,1,-3,-2,-2,-2,-2,-1,0
13487,13487,1503614381484,0,-2,-2,-1,-3,1,-2,-1
13488,13488,1503614381491,-1,-2,-3,1,-1,-2,-3,-3
13489,13489,1503614381507,0,-1,2,3,1,-1,0,-3
13490,13490,1503614381514,-2,0,0,-4,-1,-2,1,0
13491,13491,1503614381522,0,12,16,5,0,1,-1,0
13492,13492,1503614381537,0,-4,-9,-2,-2,0,1,-2
13493,13493,1503614381544,0,-3,-1,-2,0,0,-2,3
13494,13494,1503614381551,2,-3,-1,1,-1,0,-3,1
13495,13495,1503614381567,-2,-5,-8,-4,-3,-3,0,-3
13496,13496,1503614381574,1,-1,-5,0,-1,2,-1,1
13497,13497,1503614381582,-5,-15,-7,-4,0,0,-1,-3
13498,13498,1503614381596,0,5,9,2,1,-1,1,-1
13499,13499,1503614381604,-2,-5,-2,-4,-2,-1,0,-1
13500,13500,1503614381611,3,10,16,3,2,-1,1,0
13501,13501,1503614381629,3,7,11,5,3,0,1,0
13502,13502,1503614381634,-3,-3,-6,-3,-1,-2,-3,-1
13503,13503,1503614381642,-1,-8,-11,-6,-1,-2,-3,-2
13504,13504,1503614381656,4,-2,1,-3,-2,0,1,4
13505,13505,1503614381664,-3,2,-4,-1,-4,0,-2,1
13506,13506,1503614381672,-7,-7,-10,-3,-1,-5,-3,-4
13507,13507,1503614381687,-1,-3,-5,-2,-1,-3,-1,-2
13508,13508,1503614381697,1,5,-12,-4,-2,2,-1,-5
13509,13509,1503614381703,1,7,1,0,-2,-1,-3,-2
13510,13510,1503614381716,-3,-1,-4,-1,2,-4,-1,-2
13511,13511,1503614381724,1,5,1,1,1,2,-2,0
13512,13512,1503614381733,0,-2,0,0,0,0,-3,0
13513,13513,1503614381747,-2,-4,1,-1,-2,-1,2,-1
13514,13514,1503614381754,2,1,4,0,-1,-1,-1,-1
13515,13515,1503614381763,-3,-8,-12,-4,-2,-1,-1,-2
13516,13516,1503614381776,1,-1,3,1,0,-1,1,-2
13517,13517,1503614381785,2,4,11,-2,-1,0,0,-2
13518,13518,1503614381791,-2,-1,1,-1,-1,-2,-2,3
13519,13519,1503614381807,-1,3,6,1,-1,-1,-1,-1
13520,13520,1503614381814,-1,-4,-2,-1,-2,-1,-1,-3
13521,13521,1503614381822,0,-1,-6,-2,0,-4,-1,2
13522,13522,1503614381836,0,6,11,6,1,0,-1,2
13523,13523,1503614381847,1,-2,-5,-1,-1,3,2,2
13524,13524,1503614381852,-3,-6,-10,-7,-3,-2,1,-3
13525,13525,1503614381869,0,0,1,-1,-1,-2,-3,1
13526,13526,1503614381874,-2,0,1,1,1,1,-1,-11
13527,13527,1503614381882,-4,-5,-6,0,-3,-3,-3,-1
13528,13528,1503614381898,0,-5,2,0,0,-1,-2,2
13529,13529,1503614381904,0,-4,1,-2,-1,0,0,-1
13530,13530,1503614381912,-2,-4,-1,-1,-1,-2,0,1
13531,13531,1503614381927,0,-1,-4,0,0,0,-1,-1
13532,13532,1503614381934,-1,-5,-7,-3,-1,-2,-2,-1
13533,13533,1503614381942,-2,-1,-1,-2,-1,-2,0,-2
13534,13534,1503614381956,2,5,5,3,0,2,0,2
13535,13535,1503614381967,1,6,10,1,2,0,-1,1
13536,13536,1503614381972,-2,0,-1,-1,-1,-1,-1,1
13537,13537,1503614381987,-1,2,4,5,1,-1,0,-3
13538,13538,1503614381994,0,0,5,-3,-6,1,-4,-2
13539,13539,1503614382002,-1,0,-6,-3,-3,-2,-1,-1
13540,13540,1503614382016,0,5,2,3,3,1,3,1
13541,13541,1503614382024,1,-2,-3,-2,0,-3,-1,-3
13542,13542,1503614382032,-1,-3,-3,1,-2,0,-1,-2
13543,13543,1503614382047,-2,0,-1,-3,-3,-1,1,-1
13544,13544,1503614382053,-1,4,2,1,0,-2,-1,-1
13545,13545,1503614382054,-2,-1,-2,-5,-3,-3,-1,4
13546,13546,1503614382062,-3,-6,-6,-1,2,2,-2,-3
13547,13547,1503614382076,0,-6,-4,-2,-1,-4,-2,-1
13548,13548,1503614382084,2,1,5,2,0,2,1,1
13549,13549,1503614382091,-2,-9,-9,-2,-1,-1,-1,-1
13550,13550,1503614382107,-2,-1,-5,-5,-2,-2,-2,3
13551,13551,1503614382113,-1,2,-4,1,0,-1,-1,0
13552,13552,1503614382121,1,1,3,2,0,0,1,-2
13553,13553,1503614382136,-1,-2,-2,-2,1,-2,-1,-2
13554,13554,1503614382144,-4,-16,-17,-3,-1,-3,-1,-2
13555,13555,1503614382151,5,16,21,11,4,4,1,2
13556,13556,1503614382167,-4,-10,-7,-3,-3,-1,-3,0
13557,13557,1503614382174,-3,2,-14,-5,-1,-5,-3,-4
13558,13558,1503614382182,2,3,3,-1,-3,1,-1,-2
13559,13559,1503614382196,-2,-3,-2,-2,-2,1,-1,-1
13560,13560,1503614382204,-1,0,-4,1,-1,0,0,3
13561,13561,1503614382212,1,1,2,2,0,0,0,0
13562,13562,1503614382227,-4,-10,-2,-4,0,-3,0,-7
13563,13563,1503614382236,5,16,18,1,-1,1,0,6
13564,13564,1503614382249,-1,3,1,2,0,-1,-2,2
13565,13565,1503614382256,-6,-16,-13,-6,-2,0,-1,-2
13566,13566,1503614382266,2,11,13,5,-1,-1,-2,0
13567,13567,1503614382271,0,1,-6,1,3,-3,-1,-2
13568,13568,1503614382287,0,2,-3,2,3,1,2,0
13569,13569,1503614382294,-5,-13,-13,-5,-3,-2,-1,-4
13570,13570,1503614382309,-1,-1,5,-2,-2,-2,-1,2
13571,13571,1503614382316,-1,-7,-1,-2,0,-1,-3,-7
13572,13572,1503614382333,6,-3,-1,0,-1,0,1,10
13573,13573,1503614382339,-7,-17,-13,-9,-5,-5,-5,-9
13574,13574,1503614382347,1,9,20,6,0,-1,-1,-2
13575,13575,1503614382353,4,1,3,3,2,0,0,8
13576,13576,1503614382369,-6,-6,-12,-3,-1,-1,-2,1
13577,13577,1503614382376,0,0,0,-1,-1,2,2,-5
13578,13578,1503614382384,3,2,-3,-2,0,-1,1,12
13579,13579,1503614382400,-6,-21,-20,-7,-5,-2,-1,-6
13580,13580,1503614382407,-1,-9,-6,-1,1,-1,-3,-2
13581,13581,1503614382414,1,-3,-3,-9,-3,-2,-2,7
13582,13582,1503614382429,1,3,0,3,0,0,2,-7
13583,13583,1503614382436,1,14,7,6,-1,1,-1,-2
13584,13584,1503614382444,19,4,5,1,0,0,-3,-5
13585,13585,1503614382459,12,-4,-7,-5,-2,-4,5,21
13586,13586,1503614382468,1,-3,12,2,0,-2,-1,-4
13587,13587,1503614382474,-3,1,11,4,1,4,-1,-8
13588,13588,1503614382489,-10,5,-3,-1,0,0,0,-2
13589,13589,1503614382496,-8,9,5,4,1,0,-2,-3
13590,13590,1503614382505,-10,-5,-8,-6,-4,-3,-2,-9
13591,13591,1503614382519,4,3,4,-1,1,-2,0,-2
13592,13592,1503614382527,-3,2,5,-1,-2,-4,-4,-4
13593,13593,1503614382534,1,5,9,3,1,0,2,7
13594,13594,1503614382549,-7,-12,-10,-6,-5,0,-1,-2
13595,13595,1503614382556,3,16,11,2,1,2,1,-5
13596,13596,1503614382564,-1,0,2,0,-1,2,-2,-1
13597,13597,1503614382579,6,1,0,-2,-2,-1,-1,-1
13598,13598,1503614382587,7,-3,-11,-6,-2,1,1,11
13599,13599,1503614382594,-14,-5,-6,1,-2,1,0,6
13600,13600,1503614382610,1,3,-4,-2,-1,-3,-2,3
13601,13601,1503614382616,3,-1,-2,1,-1,-1,-2,-2
13602,13602,1503614382624,1,7,12,5,0,-2,-1,-4
13603,13603,1503614382639,4,-4,-5,-4,0,-2,0,-3
13604,13604,1503614382647,-3,-6,-4,0,1,-2,0,5
13605,13605,1503614382654,0,6,9,4,0,1,-2,-5
13606,13606,1503614382669,-3,-2,-6,-6,-2,1,0,-5
13607,13607,1503614382677,0,-10,-10,-2,0,-2,-1,1
13608,13608,1503614382684,-6,-5,-7,-3,-2,0,2,-5
13609,13609,1503614382699,-11,-10,-8,-4,-1,0,-2,-1
13610,13610,1503614382707,20,1,-2,1,3,3,6,22
13611,13611,1503614382715,-2,-3,-1,-2,-3,-3,-2,3
13612,13612,1503614382729,-6,6,-2,0,1,-3,-2,-13
13613,13613,1503614382736,8,6,5,1,-1,-1,0,6
13614,13614,1503614382737,-3,-1,-4,-5,-2,-4,-2,-11
13615,13615,1503614382745,-2,0,-5,-2,-2,-1,-2,-4
13616,13616,1503614382759,2,8,7,2,-1,-1,-1,-1
13617,13617,1503614382768,0,5,14,0,-1,3,2,7
13618,13618,1503614382774,7,8,5,3,2,2,3,17
13619,13619,1503614382789,-9,-3,-3,-2,1,-4,-5,-10
13620,13620,1503614382796,-4,-2,1,1,0,-2,-2,-10
13621,13621,1503614382805,-1,-4,-3,0,-1,-2,-5,-5
13622,13622,1503614382819,-6,-13,-8,-1,0,-1,-2,-4
13623,13623,1503614382827,-1,-5,1,0,-1,-2,0,-5
13624,13624,1503614382835,6,3,2,-1,-1,1,0,4
13625,13625,1503614382849,-5,0,-1,0,-1,-2,-3,-19
13626,13626,1503614382856,-5,-9,-16,-5,0,0,-1,3
13627,13627,1503614382864,4,10,1,2,0,2,3,5
13628,13628,1503614382879,-1,6,4,-1,-5,1,-2,-9
13629,13629,1503614382887,-3,-6,-6,-2,-2,0,-2,0
13630,13630,1503614382894,4,-1,-4,2,4,2,1,8
13631,13631,1503614382909,1,15,1,1,1,0,-2,1
13632,13632,1503614382916,-13,-15,-7,-3,-1,-2,-1,-18
13633,13633,1503614382924,-1,-9,-1,-1,0,-1,-2,7
13634,13634,1503614382939,-4,3,-1,-5,-4,0,-5,-7
13635,13635,1503614382946,-7,-5,3,-1,0,-4,-7,-11
13636,13636,1503614382947,-1,-4,-5,-8,-3,-2,0,2
13637,13637,1503614382954,0,-10,-10,-3,-2,-2,-4,-1
13638,13638,1503614382970,1,1,0,-3,-3,-3,-3,-1
13639,13639,1503614382976,3,6,5,6,0,1,5,-4
13640,13640,1503614382984,3,4,-5,-1,-2,2,7,8
13641,13641,1503614382999,2,20,26,11,4,2,-1,3
13642,13642,1503614383007,-21,-23,-19,-6,-3,-5,-7,-25
13643,13643,1503614383014,3,15,10,5,3,-2,-1,-3
13644,13644,1503614383029,-5,-7,4,-2,-2,-2,-2,-7
13645,13645,1503614383037,0,-5,-4,-7,-7,-3,-5,2
13646,13646,1503614383044,-3,0,-4,-6,-3,1,4,-3
13647,13647,1503614383045,4,3,-2,1,-2,4,0,4
13648,13648,1503614383059,-4,-2,-1,-13,-12,-5,-1,4
13649,13649,1503614383067,10,0,0,4,3,2,5,10
13650,13650,1503614383074,8,-6,-4,-1,-4,0,0,3
13651,13651,1503614383088,-3,-3,9,3,-4,-4,0,-2
13652,13652,1503614383096,-4,-7,-15,-8,1,-4,-3,-1
13653,13653,1503614383104,-7,-5,-8,-5,0,-1,-4,-2
13654,13654,1503614383119,-3,5,4,-3,-2,-3,-3,-5
13655,13655,1503614383127,-17,16,7,-9,4,2,6,9
13656,13656,1503614383133,-8,-11,-10,2,7,1,-1,3
13657,13657,1503614383149,12,8,13,8,1,-1,-3,-1
13658,13658,1503614383156,0,5,-7,0,0,1,1,-9
13659,13659,1503614383164,-32,-11,-8,1,2,0,-3,-7
13660,13660,1503614383179,0,-3,7,5,0,4,-3,-5
13661,13661,1503614383193,2,-4,-4,-2,-5,-7,-3,-1
13662,13662,1503614383194,-1,21,9,2,-1,6,1,2
13663,13663,1503614383209,10,-10,-12,-2,7,2,-4,-1
13664,13664,1503614383216,7,-11,-11,-1,12,-2,6,1
13665,13665,1503614383224,7,1,3,8,3,-7,-2,-2
13666,13666,1503614383239,-8,-2,4,1,18,19,0,-6
13667,13667,1503614383247,8,5,10,2,-2,4,0,-3
13668,13668,1503614383260,-23,-10,-4,-1,-8,-9,-5,-2
13669,13669,1503614383269,-2,-1,-3,-5,-5,-3,-2,-6
13670,13670,1503614383276,7,-4,-2,0,-5,-3,1,5
13671,13671,1503614383291,1,-3,5,4,2,-2,-1,-1
13672,13672,1503614383299,3,-6,-4,0,-3,-3,-4,-15
13673,13673,1503614383307,4,-2,3,3,-4,2,1,1
13674,13674,1503614383320,2,-3,-1,1,3,-2,-3,3
13675,13675,1503614383328,7,7,-13,-5,-2,1,0,1
13676,13676,1503614383338,-6,5,2,-2,-10,-8,0,-11
13677,13677,1503614383351,-18,-11,-3,-1,2,-2,0,0
13678,13678,1503614383358,-20,-1,9,4,-4,-5,2,20
13679,13679,1503614383366,2,3,5,-1,-3,0,0,5
13680,13680,1503614383380,1,-4,-4,0,3,2,1,-3
13681,13681,1503614383381,7,-10,-2,-3,-1,-1,-1,0
13682,13682,1503614383388,3,0,3,0,-4,0,-1,3
13683,13683,1503614383405,14,2,-10,-6,0,0,1,2
13684,13684,1503614383411,-3,-5,-3,-2,-1,0,1,-10
13685,13685,1503614383418,2,-3,-3,-1,-1,0,0,-6
13686,13686,1503614383427,23,9,5,-3,1,1,1,30
13687,13687,1503614383441,-13,8,8,1,-2,0,-1,0
13688,13688,1503614383449,-10,-11,-10,-5,-2,-3,-6,-19
13689,13689,1503614383456,11,11,16,8,4,3,0,-1
13690,13690,1503614383472,-22,-4,-3,-2,-2,-1,-3,-1
13691,13691,1503614383479,2,-1,5,2,-1,2,-1,-3
13692,13692,1503614383487,6,10,10,-1,-2,-3,1,5
13693,13693,1503614383500,0,-9,-8,-3,0,2,1,1
13694,13694,1503614383509,4,-8,-1,-3,-1,-3,2,-6
13695,13695,1503614383516,3,-4,9,-3,-7,-2,-3,0
13696,13696,1503614383531,-4,2,-1,3,-1,0,-2,-6
13697,13697,1503614383539,-9,2,-7,-7,-1,-1,1,0
13698,13698,1503614383547,16,0,-12,1,0,-2,-1,2
13699,13699,1503614383560,3,-5,-9,1,-3,-5,-3,3
13700,13700,1503614383569,-10,-2,-1,-2,-3,0,-2,1
13701,13701,1503614383576,1,-2,-3,2,5,-1,-2,-3
13702,13702,1503614383591,4,8,1,1,4,2,-2,1
13703,13703,1503614383598,1,-3,-9,-4,-5,1,1,-4
13704,13704,1503614383614,-4,-7,-14,-6,-1,-2,-1,-1
13705,13705,1503614383620,-27,-10,-1,-1,-4,-4,-2,-3
13706,13706,1503614383629,4,7,16,7,2,2,6,2
13707,13707,1503614383636,-2,1,-3,0,0,-2,-1,1
13708,13708,1503614383651,9,23,3,-2,-3,-1,-1,1
13709,13709,1503614383658,2,-3,-2,-2,-2,-1,-1,-3
13710,13710,1503614383667,1,-10,-5,-2,-4,-3,-3,-7
13711,13711,1503614383680,9,4,-3,-6,-3,1,2,6
13712,13712,1503614383689,2,0,5,4,2,1,0,1
13713,13713,1503614383696,3,9,2,-3,0,-1,0,2
13714,13714,1503614383712,-4,-10,-8,-4,-4,1,1,-1
13715,13715,1503614383720,7,-4,-14,-4,0,-1,1,14
13716,13716,1503614383727,-5,0,6,3,1,-1,-3,-1
13717,13717,1503614383741,7,14,3,0,-1,0,2,7
13718,13718,1503614383749,13,-3,-3,-3,-1,-2,-2,-1
13719,13719,1503614383756,0,14,11,4,1,-1,-4,-12
13720,13720,1503614383774,-4,-16,-13,-3,-2,-2,-1,-3
13721,13721,1503614383779,-5,-1,0,-1,-2,-1,-1,-3
13722,13722,1503614383787,-5,-6,-4,-2,-1,1,0,1
13723,13723,1503614383800,-12,-11,-8,-3,-2,-1,-3,-10
13724,13724,1503614383809,0,18,14,0,-1,-1,0,7
13725,13725,1503614383816,-1,-6,2,-4,-9,-4,-1,-1
13726,13726,1503614383831,2,10,20,0,0,1,3,2
13727,13727,1503614383841,2,-3,3,16,18,-1,0,-2
13728,13728,1503614383847,-1,-1,-4,0,0,0,-3,-5
13729,13729,1503614383860,17,-1,-1,-10,-6,1,7,32
13730,13730,1503614383868,1,0,-2,1,3,0,2,3
13731,13731,1503614383876,-33,-6,-5,2,3,-2,0,-19
13732,13732,1503614383892,-10,-7,-8,-4,-2,0,-7,-26
13733,13733,1503614383901,0,2,0,-1,-4,1,1,-21
13734,13734,1503614383937,15,-2,-1,0,2,-3,-2,0
13735,13735,1503614383952,-4,-4,-3,-4,-3,-4,-4,-9
13736,13736,1503614383958,18,7,-5,-5,-2,-1,-6,-24
13737,13737,1503614383967,3,11,3,-2,-7,-8,-5,45
13738,13738,1503614383980,-101,-28,-17,-3,-2,-3,-11,-67
13739,13739,1503614383989,-25,-9,-5,-5,-4,3,8,-3
13740,13740,1503614383996,13,7,7,-2,-3,1,2,31
13741,13741,1503614384018,22,6,-4,-1,-2,-1,6,1
13742,13742,1503614384035,-14,-8,-3,-3,-1,1,-6,-10
13743,13743,1503614384042,30,-2,-3,-7,-7,-5,0,52
13744,13744,1503614384049,-1,-3,-7,0,0,2,0,-22
13745,13745,1503614384056,22,-3,-4,2,1,1,-3,-5
13746,13746,1503614384071,1,0,3,1,-2,-1,1,-4
13747,13747,1503614384079,-26,-4,-1,-4,-3,-4,-4,-18
13748,13748,1503614384087,1,3,2,5,4,3,-3,4
13749,13749,1503614384100,9,-6,4,-1,-1,3,4,3
13750,13750,1503614384109,-21,-14,-8,-3,-8,-7,0,-1
13751,13751,1503614384117,15,-2,-3,-4,1,4,5,9
13752,13752,1503614384132,11,-6,-6,-4,1,-1,-1,-12
13753,13753,1503614384138,-13,4,2,2,4,-3,-1,1
13754,13754,1503614384149,9,5,6,6,3,-3,-9,3
13755,13755,1503614384161,-4,-4,-2,1,0,-3,-5,-4
13756,13756,1503614384169,8,6,4,4,-1,2,2,13
13757,13757,1503614384176,41,3,6,5,1,2,2,15
13758,13758,1503614384192,-22,-13,-15,-11,-5,-4,-9,-15
13759,13759,1503614384199,14,-8,-4,0,-2,-1,1,3
13760,13760,1503614384214,-7,-8,-11,-7,-3,0,1,-6
13761,13761,1503614384227,-26,3,0,0,-4,-5,-5,-3
13762,13762,1503614384229,-3,0,2,2,1,1,1,9
13763,13763,1503614384243,19,0,-7,-3,0,0,1,21
13764,13764,1503614384251,1,-3,1,0,2,3,5,3
13765,13765,1503614384259,-14,-12,-10,-2,1,1,0,-10
13766,13766,1503614384276,8,19,10,-1,2,-2,2,8
13767,13767,1503614384281,-63,-23,-9,-8,-3,-2,-10,-27
13768,13768,1503614384289,-7,4,14,6,-1,2,1,-8
13769,13769,1503614384303,23,9,-5,-1,-2,-2,5,20
13770,13770,1503614384311,6,-1,0,-1,-1,0,1,5
13771,13771,1503614384319,9,2,-2,-2,-5,-3,-3,-4
13772,13772,1503614384334,-29,-11,-3,0,0,-1,1,-1
13773,13773,1503614384344,9,3,4,0,-1,-1,-5,5
13774,13774,1503614384349,26,6,0,2,-4,-4,-3,-1
13775,13775,1503614384363,-9,-2,-1,-2,0,2,0,-3
13776,13776,1503614384371,12,-3,-5,1,1,2,3,5
13777,13777,1503614384379,7,2,4,4,1,4,0,-2
13778,13778,1503614384393,-13,24,17,1,0,1,1,-11
13779,13779,1503614384401,-8,-22,-3,-5,-7,-4,-2,-10
13780,13780,1503614384410,-7,1,7,-3,-2,-4,-4,-4
13781,13781,1503614384423,-7,0,-1,2,1,-1,0,-17
13782,13782,1503614384431,-7,-8,-7,-6,-3,0,-3,3
13783,13783,1503614384439,9,6,8,7,3,0,2,8
13784,13784,1503614384454,17,-5,-8,-3,2,2,5,7
13785,13785,1503614384461,-1,6,-1,3,5,2,0,-9
13786,13786,1503614384469,11,6,10,1,-4,-3,-5,-7
13787,13787,1503614384483,-29,-23,-14,-5,-6,-2,-2,3
13788,13788,1503614384491,-32,-18,-8,1,2,0,-2,-3
13789,13789,1503614384499,2,1,9,0,-2,-3,3,6
13790,13790,1503614384514,26,11,5,5,2,-1,6,28
13791,13791,1503614384521,-7,-1,3,1,0,-2,-4,-1
13792,13792,1503614384529,-8,6,-2,0,1,0,2,-16
13793,13793,1503614384548,46,-5,-7,-2,-1,1,5,7
13794,13794,1503614384551,21,-14,-9,0,0,4,-1,-3
13795,13795,1503614384558,-12,-1,-8,-7,1,0,-1,-8
13796,13796,1503614384574,-21,-24,-14,-3,-7,-3,-7,5
13797,13797,1503614384581,3,5,2,-2,-3,1,1,3
13798,13798,1503614384589,27,33,22,-1,1,-5,-8,-5
13799,13799,1503614384603,8,22,4,-5,0,2,3,11
13800,13800,1503614384611,-1,24,18,8,1,-1,-5,-7
13801,13801,1503614384619,-25,0,-5,-3,3,-3,-11,-20
13802,13802,1503614384633,6,8,-4,0,2,0,1,2
13803,13803,1503614384641,-7,0,-3,5,2,1,-1,-3
13804,13804,1503614384649,-6,-11,-7,-2,-3,-1,-7,-17
13805,13805,1503614384663,21,36,21,4,1,-2,0,-3
13806,13806,1503614384671,-20,-29,-14,-3,0,-2,0,-5
13807,13807,1503614384679,-6,-13,0,0,2,0,2,4
13808,13808,1503614384693,4,-1,-5,-4,-3,-1,1,1
13809,13809,1503614384701,5,5,0,-2,0,1,2,12
13810,13810,1503614384711,4,-7,-10,-2,-4,-2,3,6
13811,13811,1503614384724,9,-5,-2,-1,-3,0,1,5
13812,13812,1503614384734,15,-2,-1,-1,-2,-1,-1,4
13813,13813,1503614384739,-2,-4,0,2,-3,-3,-4,-17
13814,13814,1503614384754,12,6,0,-3,0,0,0,-1
13815,13815,1503614384765,-2,-14,-1,-1,0,-2,-2,-7
13816,13816,1503614384769,11,2,-1,-1,-1,-3,0,2
13817,13817,1503614384783,10,4,0,-1,-3,2,0,4
13818,13818,1503614384791,-9,-20,-14,-6,-2,0,-2,-6
13819,13819,1503614384799,8,-13,-10,0,-2,-2,0,9
13820,13820,1503614384814,-14,-3,-2,-1,3,-2,-7,-22
13821,13821,1503614384821,0,0,-3,0,1,3,-1,3
13822,13822,1503614384829,21,-1,-1,0,1,0,6,25
13823,13823,1503614384843,-10,-11,-4,0,-1,-4,-4,-4
13824,13824,1503614384844,-10,1,2,-3,-5,-3,-5,-17
13825,13825,1503614384851,-13,1,3,0,-1,3,1,-3
13826,13826,1503614384865,-16,-9,-7,-5,-1,-1,3,4
13827,13827,1503614384873,-27,-3,-4,-2,-1,1,-3,-4
13828,13828,1503614384888,4,13,5,2,3,-2,-1,2
13829,13829,1503614384890,3,-9,-8,-5,-3,-1,3,18
13830,13830,1503614384903,23,9,4,5,0,-2,-1,11
13831,13831,1503614384912,-2,-8,0,0,0,-2,-4,-7
13832,13832,1503614384913,-11,-13,-8,-1,-1,3,3,-15
13833,13833,1503614384919,-39,-14,0,2,-1,0,-2,-14
13834,13834,1503614384933,22,5,-4,1,0,0,-2,-1
13835,13835,1503614384934,-3,34,21,7,4,1,-1,-9
13836,13836,1503614384941,-26,10,11,-2,0,0,3,22
13837,13837,1503614384950,11,4,-8,-3,-2,-4,-8,-2
13838,13838,1503614384963,-5,-12,-8,2,8,-2,-4,-3
13839,13839,1503614384971,-11,3,-2,-7,-6,-3,-1,-5
13840,13840,1503614384972,0,-3,0,-3,2,-1,6,14
13841,13841,1503614384980,10,3,-5,-5,-4,0,-1,-5
13842,13842,1503614384993,-7,-10,-7,-3,-2,-1,0,-7
13843,13843,1503614385001,-18,-3,0,1,2,-2,-7,-27
13844,13844,1503614385009,20,11,9,0,-4,-2,-2,7
13845,13845,1503614385023,18,-3,-11,-6,-6,-5,-3,-6
13846,13846,1503614385031,-20,-15,-10,-4,-1,-2,2,9
13847,13847,1503614385038,6,7,5,0,-4,0,0,0
13848,13848,1503614385053,-7,-4,-5,-2,-2,-3,-6,16
13849,13849,1503614385061,6,-16,-15,-4,-1,-4,0,7
13850,13850,1503614385069,-23,-2,8,4,4,1,-1,-10
13851,13851,1503614385083,9,-1,-4,-1,-2,2,2,12
13852,13852,1503614385091,5,1,3,-1,-2,-1,-1,-14
13853,13853,1503614385098,-4,6,2,0,-2,-3,2,-4
13854,13854,1503614385116,7,7,5,-2,-2,1,0,-5
13855,13855,1503614385121,9,33,22,4,1,6,3,4
13856,13856,1503614385136,-17,-10,-4,-2,-3,-2,-5,-7
13857,13857,1503614385143,0,-17,-13,-4,-3,1,11,20
13858,13858,1503614385151,27,27,8,3,2,1,0,6
13859,13859,1503614385165,-15,-9,-4,-2,-2,-2,-6,-23
13860,13860,1503614385173,35,-6,-7,-2,-1,1,-1,12
13861,13861,1503614385174,-27,-5,-9,0,0,0,-2,-8
13862,13862,1503614385182,2,8,-3,-4,-4,-3,-5,-31
13863,13863,1503614385196,-5,-21,-8,-4,-2,1,-2,-2
13864,13864,1503614385203,-20,-15,-5,-1,1,1,1,2
13865,13865,1503614385211,-22,-11,-8,-1,-3,-1,0,-9
13866,13866,1503614385225,38,11,3,-1,-2,-1,0,10
13867,13867,1503614385233,31,-2,-2,-2,1,2,4,14
13868,13868,1503614385241,-6,-9,-7,-1,1,0,-2,9
13869,13869,1503614385256,-32,-1,2,3,1,-1,0,3
13870,13870,1503614385263,-6,-10,0,-3,-1,0,0,8
13871,13871,1503614385271,20,2,2,1,1,-1,1,-6
13872,13872,1503614385286,-19,1,5,2,1,-1,-5,1
13873,13873,1503614385293,1,-19,-11,-3,2,0,-1,-1
13874,13874,1503614385301,4,-5,-2,-2,-6,-3,-1,3
13875,13875,1503614385316,-9,-10,-5,-3,-3,-3,-3,-4
13876,13876,1503614385317,9,18,8,4,0,-1,-1,2
13877,13877,1503614385323,17,5,0,1,-1,-3,0,1
13878,13878,1503614385331,-2,-2,3,0,-1,-5,-2,-4
13879,13879,1503614385348,-4,-18,-9,-1,4,-1,-3,-13
13880,13880,1503614385354,2,-3,0,0,3,-2,-1,3
13881,13881,1503614385361,2,10,4,3,0,-2,-5,-6
13882,13882,1503614385376,4,1,5,1,-3,-2,-2,-3
13883,13883,1503614385383,-4,13,11,1,0,-2,1,2
13884,13884,1503614385391,5,16,9,2,2,0,0,-1
13885,13885,1503614385405,1,-11,-6,-1,-1,2,0,2
13886,13886,1503614385415,-1,3,-3,-2,-2,-1,-1,-1
13887,13887,1503614385421,-4,5,5,1,0,4,1,3
13888,13888,1503614385436,-8,-26,-13,-7,-4,-3,-1,-6
13889,13889,1503614385443,-3,-6,-4,-2,-2,-1,-1,1
13890,13890,1503614385451,11,57,33,5,-1,3,1,3
13891,13891,1503614385465,-6,-9,-5,-4,-2,-1,-1,0
13892,13892,1503614385473,2,-12,-13,-1,-1,0,-4,-10
13893,13893,1503614385482,-6,-5,-4,-1,-1,0,0,4
13894,13894,1503614385483,10,14,1,0,-3,-4,-1,1
13895,13895,1503614385496,9,-31,-17,-3,-3,-4,-1,0
13896,13896,1503614385503,-12,-24,-9,-4,-2,1,-1,-5
13897,13897,1503614385511,20,60,24,11,6,3,6,17
13898,13898,1503614385525,-1,-4,6,2,1,-1,3,6
13899,13899,1503614385534,-30,-41,-17,-9,-3,-6,-7,-23
13900,13900,1503614385541,6,26,16,3,2,2,1,1
13901,13901,1503614385556,-13,-6,-2,-6,-6,-1,2,2
13902,13902,1503614385563,-1,13,11,2,1,2,1,2
13903,13903,1503614385571,2,-2,6,1,1,0,-1,4
13904,13904,1503614385586,-11,3,-3,-3,-1,-3,-2,-6
13905,13905,1503614385593,-9,27,20,4,0,1,-1,-4
13906,13906,1503614385601,4,-10,-15,-4,-1,-3,-1,3
13907,13907,1503614385617,2,-36,-17,-3,-4,-2,-1,-4
13908,13908,1503614385623,-3,-12,-17,-5,-5,-2,-2,-10
13909,13909,1503614385631,13,-21,-20,-5,0,1,-1,-4
13910,13910,1503614385645,-4,-5,9,0,1,-1,-3,5
13911,13911,1503614385654,2,8,5,1,1,-1,3,11
13912,13912,1503614385661,-8,-4,-7,-5,-4,1,0,-5
13913,13913,1503614385676,-1,-19,-22,-2,1,1,1,0
13914,13914,1503614385683,-40,-3,-6,-1,0,-1,0,-2
13915,13915,1503614385692,0,15,18,1,-2,-1,-2,0
13916,13916,1503614385705,6,-4,-1,1,-2,-3,-3,-17
13917,13917,1503614385713,-11,0,-7,-5,-2,-1,-5,-10
13918,13918,1503614385721,8,6,-2,1,-1,1,2,3
13919,13919,1503614385736,-5,2,0,-3,-2,0,1,10
13920,13920,1503614385743,10,1,3,1,-2,-2,-2,2
13921,13921,1503614385751,-2,-7,-5,0,-1,-2,1,-10
13922,13922,1503614385765,11,1,-1,-2,1,0,1,3
13923,13923,1503614385773,5,-8,-5,-1,-4,1,-1,-4
13924,13924,1503614385774,-19,-9,-2,-5,1,0,-2,1
13925,13925,1503614385783,2,0,1,-1,-7,0,1,10
13926,13926,1503614385784,8,-16,-8,1,0,-1,-5,-3
13927,13927,1503614385796,9,0,-4,0,-3,-2,-2,-1
13928,13928,1503614385803,1,2,3,0,-1,-1,1,24
13929,13929,1503614385811,-21,-16,-12,-2,-2,-2,-1,0
13930,13930,1503614385827,-8,-13,-10,-7,-3,-3,-4,-21
13931,13931,1503614385834,3,-2,0,-3,-2,-1,0,5
13932,13932,1503614385841,5,8,1,1,2,-1,-1,5
13933,13933,1503614385856,7,-11,-14,-2,2,2,-2,16
13934,13934,1503614385865,3,1,4,1,-1,-3,-4,-12
13935,13935,1503614385871,-27,-11,-6,-4,-4,-1,-3,-6
13936,13936,1503614385895,13,21,20,2,-2,-2,0,-2
13937,13937,1503614385901,-21,28,30,2,1,3,-1,-13
13938,13938,1503614385920,14,25,4,0,0,0,1,-3
13939,13939,1503614385923,4,8,0,-2,-3,-4,0,3
13940,13940,1503614385931,-2,0,1,1,0,-3,-1,-3
13941,13941,1503614385945,0,-30,-19,-4,-1,1,0,-11
13942,13942,1503614385954,19,13,13,4,3,2,3,15
13943,13943,1503614385961,-2,-5,-1,-4,-2,0,0,-2
13944,13944,1503614385977,-2,-4,-6,2,-1,-4,-2,-4
13945,13945,1503614385985,0,9,9,4,3,1,2,11
13946,13946,1503614385991,-2,-6,0,-3,-2,-2,-1,-3
13947,13947,1503614386005,16,11,5,1,3,0,0,-2
13948,13948,1503614386013,20,4,4,-1,-2,2,2,9
13949,13949,1503614386021,17,14,2,1,-1,2,0,11
13950,13950,1503614386036,4,-8,-17,-4,-5,-2,-1,5
13951,13951,1503614386043,-1,-7,-11,-4,-3,-2,2,9
13952,13952,1503614386058,-2,5,4,1,0,-3,-3,-12
13953,13953,1503614386065,-9,0,6,2,3,0,-3,3
13954,13954,1503614386073,-7,-10,-8,-2,-1,2,0,-4
13955,13955,1503614386090,4,-7,-6,1,-2,-1,0,-1
13956,13956,1503614386096,-7,-6,2,3,2,-2,-4,-12
13957,13957,1503614386104,-4,11,14,0,-3,0,-1,-5
13958,13958,1503614386119,-2,19,5,0,2,0,-1,-5
13959,13959,1503614386128,3,5,-6,-3,-2,-2,0,3
13960,13960,1503614386133,3,-11,-4,-5,-1,-2,1,5
13961,13961,1503614386149,-4,-11,-12,-1,1,-1,-4,-6
13962,13962,1503614386156,6,2,-4,0,0,-1,1,16
13963,13963,1503614386171,-1,1,1,1,-1,0,1,0
13964,13964,1503614386178,-5,1,3,-2,-3,-3,-3,-7
13965,13965,1503614386187,1,6,13,3,2,0,-1,-3
13966,13966,1503614386194,0,-3,-2,-1,-4,-1,-3,-4
13967,13967,1503614386209,-4,8,-2,-1,-3,-2,0,4
13968,13968,1503614386223,-5,-6,-1,0,1,-2,0,-2
13969,13969,1503614386225,0,-5,-7,-1,-1,-4,-2,1
13970,13970,1503614386238,-3,-6,-4,-1,-1,2,2,3
13971,13971,1503614386247,12,13,17,5,0,0,0,0
13972,13972,1503614386254,-4,-1,-1,-2,-3,-1,-1,3
13973,13973,1503614386269,-2,-6,-5,-1,0,-2,0,3
13974,13974,1503614386276,1,7,8,2,0,0,0,-8
13975,13975,1503614386286,-4,-12,-12,-3,0,-1,-2,-1
13976,13976,1503614386298,-6,-1,1,-1,0,0,1,-6
13977,13977,1503614386306,0,-6,-7,-3,0,0,-1,-4
13978,13978,1503614386314,1,-4,-1,-1,-1,-3,0,-1
13979,13979,1503614386330,4,0,-3,-1,-2,-1,-1,3
13980,13980,1503614386336,1,4,7,-2,-2,-5,0,-3
13981,13981,1503614386344,-10,-4,-3,-1,0,-1,-2,-3
13982,13982,1503614386359,9,20,11,3,2,1,-1,-1
13983,13983,1503614386366,-10,-15,-8,-2,-1,0,-2,-3
13984,13984,1503614386367,3,10,10,-1,-1,0,1,-2
13985,13985,1503614386373,-6,-8,-9,-3,0,-1,0,-4
13986,13986,1503614386389,-5,4,9,3,2,0,0,-4
13987,13987,1503614386396,-3,-1,-2,0,1,-2,-4,-2
13988,13988,1503614386404,-1,2,-2,-3,0,-1,-2,-2
13989,13989,1503614386420,2,-11,-8,-1,-2,1,-1,1
13990,13990,1503614386427,4,2,-2,-3,-3,-1,0,0
13991,13991,1503614386434,-2,7,-4,2,1,2,1,-1
13992,13992,1503614386449,-1,-4,-2,-1,-6,-3,1,1
13993,13993,1503614386457,-4,-11,-3,-2,0,-3,-1,-1
13994,13994,1503614386464,-1,-14,-14,-5,-3,1,-1,4
13995,13995,1503614386478,-5,-2,0,-3,-2,2,-2,-1
13996,13996,1503614386490,-5,-12,-7,-1,-1,-3,0,4
13997,13997,1503614386494,2,2,4,-3,0,-2,1,-3
13998,13998,1503614386509,-3,0,2,1,-1,0,-2,-3
13999,13999,1503614386516,6,9,7,3,-1,-3,-1,-4
14000,14000,1503614386532,-5,-9,-9,-4,-4,-2,-1,-8
14001,14001,1503614386538,-8,-11,-8,-1,-1,2,-2,-5
14002,14002,1503614386547,-2,-11,-7,-1,-1,1,-2,-3
14003,14003,1503614386554,-4,0,2,2,-1,0,-1,-3
14004,14004,1503614386569,1,8,4,-2,0,-2,1,5
14005,14005,1503614386576,5,-8,-10,-1,-1,0,-1,5
14006,14006,1503614386584,6,-5,-6,-2,-2,0,3,1
14007,14007,1503614386599,-9,-10,-3,0,-2,0,-2,-5
14008,14008,1503614386606,-5,-6,-1,-1,0,0,1,-5
14009,14009,1503614386613,0,3,5,-2,0,-1,1,2
14010,14010,1503614386636,-2,3,5,2,-2,-1,-1,2
14011,14011,1503614386637,10,2,6,0,-2,-1,-2,11
14012,14012,1503614386644,3,-1,2,0,0,-2,0,-2
14013,14013,1503614386659,0,5,5,2,-1,0,-2,0
14014,14014,1503614386667,2,3,-7,-2,2,-1,-3,-3
14015,14015,1503614386673,-2,-3,-4,-5,-1,-3,0,-1
14016,14016,1503614386689,-6,-4,-1,-3,-2,-4,-5,-9
14017,14017,1503614386697,-5,-3,0,-1,0,-1,0,-14
14018,14018,1503614386704,4,10,4,0,-1,-2,0,0
14019,14019,1503614386718,-7,-8,-9,-2,-2,1,-2,-4
14020,14020,1503614386727,-7,-5,2,-2,-3,-2,-1,-3
14021,14021,1503614386733,0,-1,-6,-2,1,-2,-2,1
14022,14022,1503614386749,-1,-8,-5,1,0,4,1,6
14023,14023,1503614386756,-1,-3,-2,1,-2,-1,1,-1
14024,14024,1503614386764,-1,0,-2,-1,0,0,1,8
14025,14025,1503614386778,2,-1,0,-2,0,-2,-4,-6
14026,14026,1503614386789,1,16,5,1,-1,0,-1,-4
14027,14027,1503614386794,-3,1,-3,-1,0,1,-1,-1
14028,14028,1503614386809,-2,-9,-3,-4,0,1,-2,0
14029,14029,1503614386816,4,8,1,1,-2,2,0,6
14030,14030,1503614386824,-1,-1,-2,-2,-3,-4,1,-2
14031,14031,1503614386839,6,0,1,0,-1,-3,3,1
14032,14032,1503614386847,5,3,-2,-1,-1,-2,1,11
14033,14033,1503614386861,-10,-3,-5,-3,-2,-3,-1,3
14229,14229,1503614388811,-2,-4,-9,-2,0,-2,-2,-9
14230,14230,1503614388818,5,0,-1,1,-2,-2,-1,14
14231,14231,1503614388834,-2,-4,-4,-6,-3,-2,-1,1
14232,14232,1503614388841,-4,-3,-7,-2,0,-1,-4,-10
14233,14233,1503614388856,0,2,1,1,-1,2,0,5
14234,14234,1503614388866,-2,-1,-3,1,0,0,-1,-5
14235,14235,1503614388871,4,-9,-9,-2,0,0,3,8
14236,14236,1503614388885,-2,-3,4,0,-2,1,0,-8
14237,14237,1503614388893,-2,1,4,0,-1,1,-2,-2
14238,14238,1503614388901,-2,0,0,1,2,0,-1,-1
14239,14239,1503614388916,-4,-2,-3,-1,-2,2,1,-1
14240,14240,1503614388923,0,0,0,0,1,0,-2,0
14241,14241,1503614388934,-2,5,2,-1,0,-7,-4,-5
14242,14242,1503614388945,0,2,2,1,-1,-1,0,0
14243,14243,1503614388953,-5,-6,-6,-2,0,0,-1,-10
14244,14244,1503614388961,-3,-8,-4,1,1,-3,-7,-2
14245,14245,1503614388976,4,6,17,4,1,1,2,10
14246,14246,1503614388983,0,-1,4,1,0,-2,-1,-5
14247,14247,1503614388991,-1,-4,-6,0,0,-3,-1,-6
14248,14248,1503614389005,-2,4,-10,-3,-2,-3,2,1
14249,14249,1503614389013,2,14,12,1,-2,1,-4,-6
14250,14250,1503614389021,-5,-6,-4,0,-1,-2,0,-2
14251,14251,1503614389036,-3,-8,-9,-4,-1,-2,-2,-1
14252,14252,1503614389043,4,6,7,2,-1,2,-3,3
14253,14253,1503614389051,-1,-3,-3,-1,1,-1,0,2
14254,14254,1503614389067,2,5,1,-3,-2,-3,-4,-4
14255,14255,1503614389068,3,1,3,0,0,1,0,4
14256,14256,1503614389073,5,-5,-5,-2,-2,-1,0,-6
14257,14257,1503614389081,3,-5,3,2,0,-1,2,-2
14258,14258,1503614389096,-6,-4,-1,0,0,-2,-2,-1
14259,14259,1503614389104,1,13,10,0,3,0,0,0
14260,14260,1503614389111,-4,-6,-3,0,1,1,-2,0
14261,14261,1503614389125,-4,-3,-1,2,-2,-2,-1,-3
14262,14262,1503614389134,-7,0,-4,-3,-1,-2,3,0
14263,14263,1503614389148,0,5,2,-1,-1,2,-1,-3
14264,14264,1503614389156,4,0,0,1,-1,-2,-6,-1
14265,14265,1503614389163,-6,-7,-10,-4,-2,-1,0,-11
14266,14266,1503614389171,-6,-1,1,-2,-3,3,0,-4
14267,14267,1503614389185,4,0,6,0,0,1,1,0
14268,14268,1503614389193,-5,-18,-4,-1,-1,2,-1,-5
14269,14269,1503614389201,0,-5,4,1,0,2,-2,5
14270,14270,1503614389216,0,8,-1,0,1,-1,-2,2
14271,14271,1503614389223,-4,-7,-14,-5,-3,-4,0,-2
14272,14272,1503614389231,1,-6,-4,-3,-2,-3,-2,-3
14273,14273,1503614389245,5,5,-1,-2,-2,-2,0,5
14274,14274,1503614389253,3,8,9,1,-2,-1,0,7
14275,14275,1503614389261,-1,-6,-5,-6,-2,-2,-3,-11
14276,14276,1503614389276,2,0,5,4,1,2,0,3
14277,14277,1503614389283,-2,-7,-8,-2,-4,-1,-3,1
14278,14278,1503614389291,-1,1,-4,2,2,-2,1,-4
14279,14279,1503614389305,-2,3,14,3,1,0,-1,-4
14280,14280,1503614389313,5,5,-2,0,-1,-2,2,15
14281,14281,1503614389321,-1,-5,-2,-1,0,0,3,1
14282,14282,1503614389336,-7,-2,-1,-3,-1,0,-3,-17
14283,14283,1503614389343,-3,10,4,2,1,0,0,-9
14284,14284,1503614389351,-3,-1,-1,-3,-2,0,2,-6
14285,14285,1503614389365,-2,-4,-2,-3,-5,-2,-6,2
14286,14286,1503614389373,1,3,-3,-1,0,0,-2,-1
14287,14287,1503614389381,3,-2,-4,-1,-1,0,0,7
14288,14288,1503614389396,0,-10,-2,-3,-1,-3,-1,2
14289,14289,1503614389404,-2,-6,-4,-2,-2,0,1,-2
14290,14290,1503614389411,-3,-8,-7,-3,-2,-1,-2,-1
14291,14291,1503614389425,0,8,3,1,2,-1,-2,2
14292,14292,1503614389435,-1,-4,-5,-6,-4,-3,-3,1
14293,14293,1503614389441,1,0,-12,-2,2,-1,1,7
14294,14294,1503614389456,4,2,0,0,-1,2,2,6
14295,14295,1503614389463,1,-8,-4,-3,-5,-2,1,8
14296,14296,1503614389472,-2,3,1,2,-1,-1,1,1
14297,14297,1503614389485,-1,7,0,0,-1,0,-3,0
14298,14298,1503614389493,1,-2,-5,-2,-2,-2,-2,-3
14299,14299,1503614389502,-1,0,6,2,3,-1,-1,-3
14300,14300,1503614389516,0,6,7,0,0,1,0,-4
14301,14301,1503614389523,-3,-5,-2,-1,-3,-2,-1,-8
14302,14302,1503614389532,-1,-1,-3,-3,-3,-1,-1,4
14303,14303,1503614389545,-2,-4,-5,-4,-1,1,0,-5
14304,14304,1503614389553,-2,-4,-3,2,-1,0,-3,-5
14305,14305,1503614389561,1,5,8,0,-2,-2,-3,-4
14306,14306,1503614389576,-2,-5,0,-1,-1,-5,0,0
14307,14307,1503614389583,1,-3,-1,0,0,-1,-1,1
14308,14308,1503614389591,-4,3,-1,0,-1,-2,-3,-2
14309,14309,1503614389605,-1,1,-5,0,1,1,0,-1
14310,14310,1503614389613,2,-6,-4,1,1,0,1,5
14311,14311,1503614389621,2,-3,0,-3,-5,-2,0,7
14312,14312,1503614389636,3,8,5,0,2,-3,0,0
14313,14313,1503614389643,-3,-4,-1,1,3,-4,0,3
14314,14314,1503614389651,0,5,8,1,-2,2,0,1
14315,14315,1503614389665,-2,0,0,0,1,0,0,-1
14316,14316,1503614389673,0,-1,-5,-4,-2,1,-1,-3
14317,14317,1503614389681,0,9,-6,1,-2,-2,-3,-9
14318,14318,1503614389696,1,10,7,3,-2,-2,-2,1
14319,14319,1503614389703,-4,-10,-8,-3,0,1,0,-2
14320,14320,1503614389711,1,-2,-7,-3,2,0,-1,7
14321,14321,1503614389725,0,4,10,4,0,-2,-3,-10
14322,14322,1503614389733,-4,-15,-2,-3,-4,-1,-3,-7
14323,14323,1503614389741,3,3,9,2,1,0,-2,2
14324,14324,1503614389756,3,0,-3,-1,1,-3,-1,-5
14325,14325,1503614389763,-2,0,0,-3,-2,1,-1,-3
14326,14326,1503614389771,-2,0,0,0,1,0,1,-2
14327,14327,1503614389785,-3,0,-1,-2,-3,-6,0,2
14328,14328,1503614389793,-2,0,-3,-1,-1,-1,-4,-13
14329,14329,1503614389808,3,-2,4,1,1,1,0,8
14330,14330,1503614389816,-3,-4,-1,0,-2,0,0,-3
14331,14331,1503614389823,-6,-7,-6,-3,-3,-2,-2,-10
14332,14332,1503614389838,1,13,10,2,1,0,-1,6
14333,14333,1503614389846,-3,-4,-3,-3,-3,-4,-1,3
14334,14334,1503614389853,-1,7,0,-3,-1,-1,2,-3
14335,14335,1503614389868,2,-1,-2,0,2,2,1,-2
14336,14336,1503614389876,1,-5,-6,-2,-1,0,1,2
14337,14337,1503614389883,3,0,1,0,-1,-2,0,0
14338,14338,1503614389899,-2,-12,-4,-4,-1,0,0,5
14339,14339,1503614389905,-2,0,-1,0,2,1,-1,-6
14340,14340,1503614389913,-1,1,-3,1,-2,-2,-2,-9
14341,14341,1503614389928,-1,7,-1,-1,1,-1,-4,-5
14342,14342,1503614389939,1,-6,-7,-5,-1,0,-3,2
14343,14343,1503614389943,0,4,0,2,0,-1,-4,4
14344,14344,1503614389958,-2,0,-3,2,0,-2,0,0
14345,14345,1503614389966,-3,-3,-2,-4,-4,0,3,0
14346,14346,1503614389973,-3,-3,-2,-2,-2,-1,-1,0
14347,14347,1503614389988,2,11,7,3,0,1,0,0
14348,14348,1503614389996,1,1,4,1,1,1,0,0
14349,14349,1503614390010,-2,-14,-10,-4,-1,-2,-2,0
14350,14350,1503614390018,1,9,13,2,1,-2,1,-1
14351,14351,1503614390025,-2,-1,-1,-1,-3,-3,0,3
14352,14352,1503614390034,-6,-8,-8,-3,-1,-1,2,9
14353,14353,1503614390049,-1,3,0,-1,0,-1,-1,1
14354,14354,1503614390056,3,-6,-1,0,-2,0,-2,2
14355,14355,1503614390063,-4,-7,-4,-2,-3,1,0,1
14356,14356,1503614390079,3,1,0,-1,-1,-3,2,11
14357,14357,1503614390085,4,9,10,4,0,-2,-2,-5
14358,14358,1503614390093,-9,-19,-13,-5,-1,0,-4,-12
14359,14359,1503614390108,-6,-5,-4,1,-1,-1,-1,-6
14360,14360,1503614390116,-1,0,0,1,-3,-2,-3,6
14361,14361,1503614390123,1,-4,-3,-3,1,4,-1,-3
14362,14362,1503614390139,3,2,2,0,-2,-1,-2,-7
14363,14363,1503614390145,-2,0,-2,1,-4,-4,0,1
14364,14364,1503614390153,0,2,5,1,1,1,0,-1
14365,14365,1503614390168,0,-5,-6,-2,1,-1,1,2
14366,14366,1503614390177,-2,5,0,0,-2,0,-1,-5
14367,14367,1503614390183,-3,-5,-5,-2,-1,0,-3,0
14368,14368,1503614390199,0,0,-3,-3,0,-1,1,-3
14369,14369,1503614390206,1,1,-4,-3,-4,1,2,1
14370,14370,1503614390214,0,2,4,2,-2,-4,-1,-1
14371,14371,1503614390227,-4,-5,-1,-2,-2,-2,-2,0
14372,14372,1503614390236,3,11,7,1,1,0,2,0
14373,14373,1503614390243,-1,1,-1,-2,-1,-1,0,-4
14374,14374,1503614390244,0,-10,-6,-4,-1,1,-3,1
14375,14375,1503614390259,2,3,5,1,2,2,-2,-3
14376,14376,1503614390265,-1,2,-1,1,0,-3,2,-1
14377,14377,1503614390274,-1,-9,-8,-2,-3,-3,-1,-3
14378,14378,1503614390288,0,7,3,-2,1,0,0,-6
14379,14379,1503614390296,-4,1,-3,-2,-1,0,-3,5
14380,14380,1503614390303,-2,1,-1,-1,-2,0,1,6
14381,14381,1503614390318,-4,-4,-5,-3,-4,-5,-1,-5
14382,14382,1503614390325,-3,-2,2,3,-1,0,-2,2
14383,14383,1503614390333,-1,-1,1,2,0,-1,-2,0
14384,14384,1503614390348,2,-3,-1,-2,1,-1,-1,-3
14385,14385,1503614390356,2,3,-1,0,0,0,-1,-8
14386,14386,1503614390363,1,4,5,1,2,3,1,-6
14387,14387,1503614390378,-2,-2,0,0,-2,-1,0,5
14388,14388,1503614390385,0,-3,-6,-6,-5,-4,-6,-9
14389,14389,1503614390393,0,5,5,0,-1,1,1,3
14390,14390,1503614390408,-6,-7,-3,-1,-3,-3,-2,3
14391,14391,1503614390416,5,7,6,2,1,-2,-3,7
14392,14392,1503614390423,1,1,0,0,1,-2,1,4
14393,14393,1503614390441,-1,-11,-11,-2,-1,5,1,-4
14394,14394,1503614390445,-2,3,-1,-2,-2,-2,-1,0
14395,14395,1503614390454,0,14,7,2,2,-1,-4,0
14396,14396,1503614390468,-1,0,-4,-1,-3,0,-3,-8
14397,14397,1503614390477,-3,-11,-7,-4,-1,-3,-1,0
14398,14398,1503614390483,3,-6,-1,-1,-1,-1,2,9
14399,14399,1503614390507,-2,4,11,4,1,0,1,-17
14400,14400,1503614390513,-2,-1,-2,-2,-2,-1,2,1
14401,14401,1503614390528,-1,-6,-9,-4,-1,1,-4,2
14402,14402,1503614390536,0,-3,-5,-1,-1,-1,0,-4
14403,14403,1503614390543,-2,-9,-9,-3,-1,-2,1,2
14404,14404,1503614390559,0,0,-4,-5,-3,0,1,-2
14405,14405,1503614390565,5,12,-4,-1,-2,0,-2,1
14406,14406,1503614390574,-3,-3,-2,-2,0,1,3,1
14407,14407,1503614390588,-1,-2,-3,0,1,0,-3,0
14408,14408,1503614390596,9,17,3,0,0,2,7,9
14409,14409,1503614390603,0,0,4,-2,1,0,1,0
14410,14410,1503614390618,-8,-14,-8,-1,-2,-3,-4,-10
14411,14411,1503614390625,4,1,6,2,2,0,1,3
14412,14412,1503614390633,0,-5,0,1,-1,1,-1,-1
14413,14413,1503614390648,-5,-12,-4,-2,-3,-3,-2,1
14414,14414,1503614390656,-3,0,6,-2,-2,-4,-4,-11
14415,14415,1503614390663,1,5,8,0,0,-1,0,0
14416,14416,1503614390678,1,-8,-10,-1,-2,0,1,7
14417,14417,1503614390685,1,5,6,0,-4,-2,-4,-2
14418,14418,1503614390693,-4,1,1,-3,-3,-2,-3,-3
14419,14419,1503614390708,2,10,1,3,2,-1,0,-1
14420,14420,1503614390716,-1,10,5,0,-1,-1,-4,-10
14421,14421,1503614390730,2,11,-1,-2,-2,0,0,13
14422,14422,1503614390738,-2,-2,-2,-1,2,0,0,3
14423,14423,1503614390745,-4,-10,-6,-1,-5,0,0,-4
14424,14424,1503614390761,-1,0,2,3,3,-4,-1,3
14425,14425,1503614390768,6,9,11,5,3,3,1,-1
14426,14426,1503614390776,-2,-8,-8,-2,-2,-2,-1,0
14427,14427,1503614390790,-12,-18,-9,-3,-3,0,-4,-22
14428,14428,1503614390799,3,-2,3,1,2,-1,-1,8
14429,14429,1503614390805,-6,-13,-8,-2,0,3,-1,-7
14430,14430,1503614390821,-2,-6,-1,-4,-3,1,0,3
14431,14431,1503614390828,-1,-3,-4,-2,-1,-3,0,7
14432,14432,1503614390836,-8,-1,-3,-2,-1,-2,-3,2
14433,14433,1503614390851,2,1,-5,1,0,-1,-1,1
14434,14434,1503614390858,6,2,-11,-4,-3,0,-2,-7
14435,14435,1503614390865,-7,-5,-2,-1,-1,-1,-3,-15
14436,14436,1503614390881,5,15,10,6,0,-1,-1,2
14437,14437,1503614390891,4,7,1,-2,-3,-2,1,1
14438,14438,1503614390896,-1,6,5,0,-2,2,2,-2
14439,14439,1503614390911,-2,0,1,0,2,-4,-1,0
14440,14440,1503614390919,5,8,-1,2,-1,2,3,18
14441,14441,1503614390925,-3,-10,-10,-6,-3,-1,-1,3
14442,14442,1503614390943,-13,30,15,7,4,1,-3,-6
14443,14443,1503614390947,-11,-9,-4,-4,-2,-1,0,-6
14444,14444,1503614390948,0,0,0,-2,-2,-3,2,6
14445,14445,1503614390956,5,-12,-5,-2,-5,-1,-5,-8
14446,14446,1503614390970,-1,0,3,-1,-3,0,0,7
14447,14447,1503614390978,-1,-13,-6,-4,1,-2,2,-5
14448,14448,1503614390985,1,-2,4,3,2,2,0,-2
14449,14449,1503614391001,2,2,7,4,-1,2,2,0
14450,14450,1503614391010,3,-6,-5,-4,0,-2,0,8
14451,14451,1503614391016,-1,-7,-1,-4,1,-3,-1,-1
14452,14452,1503614391038,2,10,5,1,-1,0,0,5
14453,14453,1503614391039,0,-15,-9,-2,0,-4,-1,-1
14454,14454,1503614391045,0,6,4,0,-2,-5,-1,12
14455,14455,1503614391061,-5,7,3,-1,0,1,0,-9
14456,14456,1503614391067,-9,-17,-15,-4,-1,0,-5,-7
14457,14457,1503614391077,-2,-13,-8,-2,-3,-2,-1,1
14458,14458,1503614391090,-3,-5,-4,-1,0,2,0,-3
14459,14459,1503614391098,-5,-3,-5,-1,-3,-1,-1,7
14460,14460,1503614391106,1,-5,0,0,-1,-1,-1,-2
14461,14461,1503614391121,-1,7,4,-4,-2,-2,-2,-8
14462,14462,1503614391127,-3,-11,-11,-1,-1,0,1,-2
14463,14463,1503614391128,2,14,5,-1,-3,-1,-1,-3
14464,14464,1503614391136,6,15,3,1,0,-1,0,13
14465,14465,1503614391152,-4,-7,-7,-1,-3,0,-2,-7
14466,14466,1503614391158,1,-2,-2,1,-1,1,1,-3
14467,14467,1503614391174,-3,4,2,1,-1,0,0,-5
14468,14468,1503614391181,-5,-15,-3,-2,-1,-1,2,-10
14469,14469,1503614391189,12,10,2,-1,0,-1,5,16
14470,14470,1503614391196,8,2,-3,-1,-2,0,0,14
14471,14471,1503614391211,-5,-11,-8,-3,-2,-2,-2,-5
14472,14472,1503614391219,-4,-9,-4,0,0,0,-3,-8
14473,14473,1503614391234,-1,-3,-3,0,0,0,-3,-1
14474,14474,1503614391241,-7,-9,-5,-4,-1,-3,-2,-5
14475,14475,1503614391249,1,1,1,1,2,-1,0,-5
14476,14476,1503614391256,-3,-7,-3,-3,-2,0,-3,-8
14477,14477,1503614391271,2,9,0,0,1,1,-1,0
14478,14478,1503614391279,5,4,1,0,-2,-4,-1,0
14479,14479,1503614391294,-6,-7,-4,-3,-1,0,0,-8
14480,14480,1503614391301,2,8,7,0,0,-2,0,16
14481,14481,1503614391311,2,13,5,-1,-2,1,1,7
14482,14482,1503614391316,-6,-5,-2,-2,0,3,-2,-12
14483,14483,1503614391331,2,7,7,2,0,-4,-3,-3
14484,14484,1503614391338,-2,-6,-5,-1,-1,1,-1,-5
14485,14485,1503614391354,-5,2,7,2,2,0,1,-6
14486,14486,1503614391361,7,14,9,4,4,1,2,13
14487,14487,1503614391369,-5,-14,-7,-3,-2,-2,-4,-5
14488,14488,1503614391378,5,19,5,0,-2,0,0,2
14489,14489,1503614391391,2,-10,-5,-4,-2,2,0,-4
14490,14490,1503614391398,-4,-17,-11,-5,-3,-3,0,0
14491,14491,1503614391414,3,-5,5,4,-1,-2,0,9
14492,14492,1503614391421,0,1,-2,0,-1,0,-2,-6
14493,14493,1503614391429,-2,-5,-3,0,1,-1,2,4
14494,14494,1503614391436,1,-5,0,1,0,-1,-1,-3
14495,14495,1503614391454,-5,-5,-1,-2,-2,0,-4,-4
14496,14496,1503614391458,-6,-12,-4,-2,-3,-1,-2,2
14497,14497,1503614391474,3,12,6,2,-1,-3,0,14
14498,14498,1503614391481,-7,-7,-4,-1,-1,3,0,-5
14499,14499,1503614391489,-1,3,1,1,0,-1,-2,-11
14500,14500,1503614391496,-3,-9,-10,-4,-1,-2,0,-7
14501,14501,1503614391519,4,7,-3,-4,-2,0,1,1
14502,14502,1503614391521,-8,-12,-6,-3,-1,-2,-2,-10
14503,14503,1503614391534,9,7,-2,1,-2,1,2,17
14504,14504,1503614391541,2,6,1,-2,0,-4,0,-3
14505,14505,1503614391549,-3,3,13,4,-1,-1,-3,-10
14506,14506,1503614391556,-2,-1,-1,1,0,-2,-1,3
14507,14507,1503614391571,-2,8,1,0,-2,2,0,-7
14508,14508,1503614391579,-1,-2,-1,0,1,-2,2,7
14509,14509,1503614391594,-4,-7,-3,-3,0,0,-2,-7
14510,14510,1503614391601,1,1,4,3,-1,3,-1,-4
14511,14511,1503614391609,1,-2,-7,0,-1,-4,0,1
14512,14512,1503614391616,5,12,3,4,1,0,-2,-9
14513,14513,1503614391631,-6,-2,4,-2,-1,-1,-3,-14
14514,14514,1503614391638,7,17,6,0,0,-2,-1,6
14515,14515,1503614391654,3,-12,-8,-3,1,-1,-1,2
14516,14516,1503614391661,-3,-12,-10,-6,-4,-3,-4,-12
14517,14517,1503614391669,-3,-16,-11,-2,0,1,0,-9
14518,14518,1503614391683,-1,-6,-4,-2,0,2,2,-4
14519,14519,1503614391691,4,-4,-3,-2,-3,-3,4,25
14520,14520,1503614391698,5,-3,3,2,-1,-3,-1,1
14521,14521,1503614391714,-5,-1,-5,-3,-2,-2,-3,-25
14522,14522,1503614391721,2,-8,-12,-4,-4,-1,-4,13
14523,14523,1503614391729,-2,-6,-5,-1,0,0,-3,-7
14524,14524,1503614391743,-11,-8,-5,-3,-1,-1,-1,-7
14525,14525,1503614391751,1,7,2,1,2,3,3,11
14526,14526,1503614391758,0,21,10,2,0,-1,-1,-24
14527,14527,1503614391774,-4,1,2,1,-2,-2,-4,0
14528,14528,1503614391781,-2,0,2,-1,-1,-3,-3,15
14529,14529,1503614391789,10,36,21,5,1,0,-4,3
14530,14530,1503614391803,-1,2,-4,0,0,0,-4,-9
14531,14531,1503614391811,-5,-15,-8,-4,-2,-2,-2,-2
14532,14532,1503614391820,3,10,7,4,1,-1,3,4
14533,14533,1503614391834,-2,5,-2,-2,-1,1,-2,-9
14534,14534,1503614391841,-6,-21,-12,-4,-2,-1,0,12
14535,14535,1503614391851,-6,-8,-3,-2,-3,-4,-2,-18
14536,14536,1503614391863,-1,5,5,-2,0,1,-1,5
14537,14537,1503614391871,-3,-4,3,1,0,1,-1,-15
14538,14538,1503614391883,5,3,-7,0,-1,1,-4,3
14539,14539,1503614391884,-4,-11,-8,-4,-2,-2,3,-4
14540,14540,1503614391894,0,-9,-6,-3,1,-3,0,24
14541,14541,1503614391901,7,6,-1,-1,-3,-3,-2,14
14542,14542,1503614391909,4,12,10,2,1,-3,-2,-1
14543,14543,1503614391927,-3,-1,-3,-1,-2,1,0,-15
14544,14544,1503614391931,-1,-14,-5,-3,0,-1,0,11
14545,14545,1503614391938,-7,-9,-1,3,2,-1,-3,-16
14546,14546,1503614391954,-6,-4,-7,-3,-2,0,5,15
14547,14547,1503614391961,2,10,13,0,-1,1,0,6
14548,14548,1503614391969,0,-2,-8,-1,-1,-1,2,14
14549,14549,1503614391983,6,-3,-8,-1,-1,0,2,45
14550,14550,1503614391991,-6,-8,-6,-2,-1,-1,-4,-25
14551,14551,1503614391998,-4,-1,1,-1,0,-2,-2,-18
14552,14552,1503614392015,8,3,-3,-1,-1,1,4,13
14553,14553,1503614392021,-4,-10,-7,-2,0,2,1,-10
14554,14554,1503614392029,8,21,3,-1,-3,-1,-4,-21
14555,14555,1503614392043,-8,12,8,2,2,-1,-2,-55
14556,14556,1503614392051,-9,-18,-4,-3,-2,-1,-2,-10
14557,14557,1503614392058,2,8,10,2,1,1,0,-3
14558,14558,1503614392074,1,5,2,1,1,-1,4,-10
14559,14559,1503614392082,-1,-9,-6,-3,-2,-3,1,16
14560,14560,1503614392089,-7,-9,-4,1,0,0,-6,5
14561,14561,1503614392103,3,-2,-6,-4,-2,-4,-1,19
14562,14562,1503614392111,2,-8,-9,-4,-2,-1,3,16
14563,14563,1503614392118,-12,-1,3,2,1,-1,-6,-51
14564,14564,1503614392134,2,17,19,4,2,-1,-2,0
14565,14565,1503614392141,-3,-6,-4,1,1,1,-4,-7
14566,14566,1503614392151,-4,-14,-6,-4,-1,-1,-4,-4
14567,14567,1503614392163,-9,-13,-7,-5,-3,-4,-3,-11
14568,14568,1503614392171,6,11,8,1,-1,-1,-1,0
14569,14569,1503614392178,5,-4,-3,-1,0,-2,2,20
14570,14570,1503614392194,-6,-6,-5,-3,-2,-1,-4,-13
14571,14571,1503614392201,4,-2,0,-2,-3,1,2,7
14572,14572,1503614392209,-3,1,-3,0,0,-1,-3,-10
14573,14573,1503614392223,3,10,0,-1,-3,2,0,12
14574,14574,1503614392231,-1,-9,-4,0,0,-1,0,7
14575,14575,1503614392239,-1,5,1,0,-1,-5,-6,-5
14576,14576,1503614392254,6,-4,-5,1,-3,-3,-2,26
14577,14577,1503614392261,5,8,7,2,2,0,1,12
14578,14578,1503614392269,-1,4,0,-1,-1,1,1,-7
14579,14579,1503614392285,-5,0,3,-3,-2,0,-4,-13
14580,14580,1503614392286,6,-10,-2,1,-1,-1,2,19
14581,14581,1503614392292,5,9,-1,-1,2,1,2,-6
14582,14582,1503614392299,1,23,14,2,0,3,-1,-3
14583,14583,1503614392316,-4,6,4,-1,-4,1,4,5
14584,14584,1503614392321,-3,-8,-7,-4,-3,-2,0,2
14585,14585,1503614392329,-8,-11,-7,-1,-1,-2,-2,3
14586,14586,1503614392343,2,-2,-3,-5,-1,-1,-1,20
14587,14587,1503614392353,10,6,3,0,0,-1,-1,13
14588,14588,1503614392359,-11,-16,-10,0,0,1,-1,-36
14589,14589,1503614392374,-4,-17,-8,-2,-1,-3,0,-3
14590,14590,1503614392381,-3,-12,-6,-4,-3,-2,0,-8
14591,14591,1503614392389,-2,-8,-2,-1,-1,0,-3,-7
14592,14592,1503614392403,1,8,3,4,1,0,-2,1
14593,14593,1503614392411,-7,-4,-4,-3,-2,-1,-5,-10
14594,14594,1503614392418,6,-1,-3,2,2,1,2,-2
14595,14595,1503614392419,3,2,1,2,1,-2,1,10
14596,14596,1503614392434,-6,0,1,0,-3,-2,-3,-9
14597,14597,1503614392440,3,1,-6,-2,0,-3,1,2
14598,14598,1503614392452,5,9,0,-3,-2,-1,0,-15
14599,14599,1503614392463,1,4,-4,-2,0,-2,-3,9
14600,14600,1503614392471,-2,-3,-2,-2,1,-2,-4,2
14601,14601,1503614392478,-7,-7,-2,-1,-1,1,-1,-19
14602,14602,1503614392494,1,2,2,1,1,-1,2,-3
14603,14603,1503614392501,-7,-7,2,1,2,0,0,5
14689,14689,1503614393356,-5,-13,-7,1,1,-1,-1,-7
14690,14690,1503614393363,4,27,23,5,-1,-2,-6,-16
14691,14691,1503614393371,8,-6,-9,-2,-3,1,2,7
14692,14692,1503614393389,-6,-12,-18,-4,-2,0,0,-6
14693,14693,1503614393394,5,-2,-10,2,-1,-1,-1,-3
14694,14694,1503614393401,-1,-4,-6,-3,-5,-2,-3,-11
14695,14695,1503614393416,13,41,36,7,5,1,4,8
14696,14696,1503614393431,-5,-5,-5,-2,-3,0,-2,8
14697,14697,1503614393432,1,-10,-9,-1,1,0,0,-3
14698,14698,1503614393445,-2,-6,-2,0,0,-2,0,5
14699,14699,1503614393446,2,1,2,-2,1,-4,-1,-3
14700,14700,1503614393457,1,1,2,-4,-2,2,-5,1
14701,14701,1503614393461,-1,-3,-10,-2,-3,0,-2,-13
14702,14702,1503614393476,-11,-21,-22,-5,-1,-2,-1,-7
14703,14703,1503614393483,-3,-4,0,-4,-1,-1,0,-1
14704,14704,1503614393492,-13,-28,-14,-5,-3,-2,-2,1
14705,14705,1503614393506,2,-8,-2,-1,-2,-3,-1,20
14706,14706,1503614393514,-16,-17,-6,-1,-2,0,-1,-11
14707,14707,1503614393529,4,10,4,-1,-2,-1,-1,-1
14708,14708,1503614393536,4,4,-5,0,1,1,1,0
14709,14709,1503614393543,-1,-2,-4,-1,-1,-3,0,-7
14710,14710,1503614393558,-2,-1,5,1,0,-2,-1,-2
14711,14711,1503614393559,8,9,6,-1,-2,-2,-1,1
14712,14712,1503614393566,-5,-33,-26,-4,-1,1,-2,6
14713,14713,1503614393574,10,7,3,0,-2,-1,-1,10
14714,14714,1503614393594,-2,6,2,0,0,0,3,-6
14715,14715,1503614393596,-3,-3,-2,-2,-4,0,-1,-14
14716,14716,1503614393603,-1,1,-1,-5,-3,-2,-2,-2
14717,14717,1503614393604,-2,-2,-1,1,1,3,-1,-4
14718,14718,1503614393619,4,-1,-5,-1,1,-1,2,16
14719,14719,1503614393627,13,23,21,7,2,-1,0,10
14720,14720,1503614393634,-4,7,3,2,-1,-1,-1,-1
14721,14721,1503614393647,-8,-2,-5,-3,-2,-2,-4,-2
14722,14722,1503614393657,-18,-10,0,0,-2,-2,-2,-19
14723,14723,1503614393663,0,23,12,5,3,-1,2,-8
14724,14724,1503614393678,5,14,9,1,3,2,-3,-5
14725,14725,1503614393686,2,-7,-6,-3,-5,-3,-3,-9
14726,14726,1503614393694,-1,8,7,1,-2,0,-1,1
14727,14727,1503614393707,-3,3,6,1,1,1,-3,-2
14728,14728,1503614393716,0,-2,12,1,-3,-1,2,5
14729,14729,1503614393724,-1,-11,-7,-4,0,-2,1,-8
14730,14730,1503614393739,-6,-3,-6,-4,-2,-2,-2,0
14731,14731,1503614393746,-4,-3,5,1,0,2,0,6
14732,14732,1503614393754,3,-6,-7,-3,-3,-1,-1,0
14733,14733,1503614393768,9,7,-7,-2,-3,-2,-1,-1
14734,14734,1503614393775,-5,-2,4,-3,-1,-4,-3,-5
14735,14735,1503614393776,8,4,-3,-1,-2,-1,1,5
14736,14736,1503614393783,-5,-5,-1,-3,-2,-1,-4,0
14737,14737,1503614393799,2,5,2,-2,1,-2,0,0
14738,14738,1503614393806,-4,-1,0,0,-4,1,-1,3
14739,14739,1503614393814,-6,-3,0,-1,1,-1,-2,-5
14740,14740,1503614393828,-1,-3,4,1,0,-2,1,4
14741,14741,1503614393836,0,0,-3,-1,-2,-3,0,0
14742,14742,1503614393843,3,-1,1,1,1,0,-1,-7
14743,14743,1503614393859,-7,-4,-7,-4,-1,0,-2,-2
14744,14744,1503614393866,-8,-10,-8,-3,-3,-2,-3,-7
14745,14745,1503614393874,1,-9,-2,-1,0,0,0,-5
14746,14746,1503614393887,0,0,0,0,1,-1,2,6
14747,14747,1503614393896,-1,0,0,0,-2,0,-3,2
14748,14748,1503614393903,-1,-2,-1,-1,1,-2,-1,-2
14749,14749,1503614393919,-1,1,-2,-1,2,-3,0,4
14750,14750,1503614393926,-4,-8,-10,-4,-2,-1,-2,-2
14751,14751,1503614393934,-5,-3,2,1,0,2,-2,-2
14752,14752,1503614393947,0,0,-5,-3,-1,1,1,3
14753,14753,1503614393958,-1,1,2,0,-3,0,1,0
14754,14754,1503614393963,8,1,-3,-4,-1,-3,1,-1
14755,14755,1503614393978,0,-4,1,0,-2,-2,-2,1
14756,14756,1503614393986,5,-2,-5,-3,0,0,-2,4
14757,14757,1503614393994,6,12,10,-1,-2,0,1,1
14758,14758,1503614394007,-2,0,-4,-2,-2,0,-1,-2
14759,14759,1503614394015,1,8,10,1,0,1,2,-1
14760,14760,1503614394016,-4,-3,-6,-2,0,-4,0,-3
14761,14761,1503614394025,-7,-9,0,0,0,2,-1,0
14762,14762,1503614394038,12,1,-4,1,-1,0,1,5
14763,14763,1503614394045,-1,-4,-1,1,-2,-1,-1,-1
14764,14764,1503614394053,-7,-6,-5,-1,2,0,0,2
14765,14765,1503614394068,-3,-1,0,1,-2,-2,-1,-2
14766,14766,1503614394075,-3,0,-3,-3,-3,-1,-1,-4
14767,14767,1503614394083,2,4,1,2,0,1,0,1
14768,14768,1503614394098,0,-4,0,0,-1,1,-5,-2
14769,14769,1503614394105,-5,1,2,-1,2,-2,0,-3
14770,14770,1503614394114,-1,-8,-12,-3,-3,-3,-1,0
14771,14771,1503614394128,-3,-3,-4,-1,-1,2,-1,-1
14772,14772,1503614394136,0,-1,0,-2,2,-1,-3,1
14773,14773,1503614394143,1,2,4,2,-1,-2,1,3
14774,14774,1503614394159,-2,2,0,2,1,-1,1,-2
14775,14775,1503614394166,-2,0,0,-4,1,-1,0,-4
14776,14776,1503614394173,-6,-2,3,2,-1,0,-1,-1
14777,14777,1503614394187,0,0,0,-1,1,1,-1,0
14778,14778,1503614394196,2,1,-1,-1,2,1,0,-1
14779,14779,1503614394203,-4,-3,-2,-3,-3,-3,-1,-1
14780,14780,1503614394218,1,1,0,-1,-3,-3,-1,0
14781,14781,1503614394226,-2,-1,1,-3,-1,-1,-3,0
14782,14782,1503614394234,2,2,-2,-2,0,2,0,-1
14783,14783,1503614394247,-2,3,0,0,0,2,-2,-1
14784,14784,1503614394255,-4,-3,0,-1,-3,0,0,1
14785,14785,1503614394256,-2,-4,-5,-2,-3,-2,-2,-4
14786,14786,1503614394264,5,-3,-5,1,-2,-1,1,0
14787,14787,1503614394278,-6,-3,-3,1,-1,0,-2,-4
14788,14788,1503614394286,-2,-2,-1,0,-2,-2,0,-2
14789,14789,1503614394294,-2,-1,-3,-3,-2,-1,-1,-4
14790,14790,1503614394308,-1,1,-1,-3,-3,-3,2,-1
14791,14791,1503614394316,2,-3,-1,0,0,-1,0,1
14792,14792,1503614394323,6,-4,-5,0,-1,-2,-2,9
14793,14793,1503614394338,5,2,1,-1,2,0,1,0
14794,14794,1503614394345,-5,-9,4,-3,-1,-1,-2,-2
14795,14795,1503614394354,10,10,-7,-2,-2,-1,3,10
14796,14796,1503614394368,5,5,-4,-1,-2,-1,-2,4
14797,14797,1503614394376,-12,-6,5,-1,0,-1,-2,-3
14798,14798,1503614394383,5,33,28,9,5,5,1,-3
14799,14799,1503614394398,-3,0,0,-1,-1,-1,-2,0
14800,14800,1503614394406,-6,-4,-3,-1,-1,-2,-1,-8
14801,14801,1503614394414,-1,-4,5,1,0,-1,0,-2
14802,14802,1503614394429,-2,-8,-8,-2,-1,-2,0,0
14803,14803,1503614394436,-4,-5,-2,-1,-1,-2,-3,-2
14804,14804,1503614394450,3,-2,-2,-3,-1,1,-1,8
14805,14805,1503614394460,10,8,11,3,0,2,1,10
14806,14806,1503614394466,7,2,-1,1,-2,0,0,6
14807,14807,1503614394480,-8,-10,-12,-6,-1,-1,-4,-6
14808,14808,1503614394488,-4,-5,-3,0,0,-1,-3,1
14809,14809,1503614394496,-1,-6,-9,-3,-2,-1,-1,-3
14810,14810,1503614394510,-10,-7,-7,-4,-2,-1,0,-12
14811,14811,1503614394518,-1,4,2,2,1,0,-1,-6
14812,14812,1503614394529,-1,-3,1,-2,1,-1,0,-1
14813,14813,1503614394541,2,0,2,-2,0,1,-1,3
14814,14814,1503614394548,1,2,15,3,1,1,-2,-11
14815,14815,1503614394556,-1,4,6,-1,-2,-2,0,5
14816,14816,1503614394570,-6,-5,-6,-4,-3,-1,-2,-7
14817,14817,1503614394578,2,4,3,2,-1,-2,-2,-6
14818,14818,1503614394586,-1,-1,-3,-2,-1,-3,-2,3
14819,14819,1503614394601,-2,0,-3,-2,1,2,1,2
14820,14820,1503614394608,0,1,-5,1,0,-2,-3,-1
14821,14821,1503614394616,-2,2,0,0,-2,-1,0,-1
14822,14822,1503614394630,-4,-6,-9,-2,-1,3,-2,1
14823,14823,1503614394638,3,9,4,1,0,-1,-2,-2
14824,14824,1503614394645,-3,-6,-8,-6,-2,-5,-3,-2
14825,14825,1503614394661,-2,-2,-6,-2,-2,-5,-1,-6
14826,14826,1503614394668,1,-3,-1,-1,1,-1,1,0
14827,14827,1503614394675,5,-3,-9,-4,-2,-1,-2,3
14828,14828,1503614394676,-13,-15,-9,-4,-3,-2,-4,-3
14829,14829,1503614394690,1,3,1,0,-2,-2,1,0
14830,14830,1503614394698,-1,-2,2,2,-1,1,0,1
14831,14831,1503614394705,0,-2,0,0,0,1,-1,0
14832,14832,1503614394720,3,-1,-1,-1,1,0,0,-1
14833,14833,1503614394729,0,-13,-14,-5,-1,-4,2,15
14834,14834,1503614394736,-2,-6,-3,-3,-3,0,2,1
14835,14835,1503614394750,-6,-5,-1,-4,-4,-1,-4,-5
14836,14836,1503614394758,6,10,8,3,-1,-1,-2,3
14837,14837,1503614394766,0,1,-1,2,0,-2,-2,-2
14838,14838,1503614394787,1,-2,-5,-2,-1,0,-3,-6
14839,14839,1503614394788,8,11,11,3,0,1,1,4
14840,14840,1503614394796,-4,-7,-1,-3,0,-4,-1,0
14841,14841,1503614394810,1,5,0,2,0,1,-2,-3
14842,14842,1503614394818,-4,-2,-2,-4,-1,1,-2,-17
14843,14843,1503614394825,0,-1,-1,-2,-3,-1,-2,-5
14844,14844,1503614394840,-1,5,4,2,-1,-2,-1,0
14845,14845,1503614394847,-3,-4,-2,-1,0,-1,0,-5
14846,14846,1503614394855,-1,-3,4,2,2,1,0,1
14847,14847,1503614394871,-2,-8,-2,-1,-1,0,0,-4
14848,14848,1503614394878,5,-2,-4,-4,-3,-1,0,8
14849,14849,1503614394886,-3,-8,-7,-2,-1,-2,0,-4
14850,14850,1503614394887,-1,12,13,4,2,0,0,-3
14851,14851,1503614394901,-2,-1,-6,-1,-1,1,0,2
14852,14852,1503614394907,-6,-12,-20,-1,0,-1,-3,-9
14853,14853,1503614394915,-2,11,9,0,1,-1,0,5
14854,14854,1503614394930,-3,-4,-8,-3,-1,0,-2,-2
14855,14855,1503614394938,1,-5,-6,-3,-1,-2,-1,2
14856,14856,1503614394946,1,0,4,-4,-2,-3,-4,-2
14857,14857,1503614394964,2,13,2,1,0,-1,1,3
14858,14858,1503614394968,2,-1,0,1,-4,1,1,8
14859,14859,1503614394975,-4,-8,-3,-1,0,0,-1,-5
14860,14860,1503614394990,3,10,7,2,0,-4,-1,-1
14861,14861,1503614394998,12,4,-3,-2,1,0,7,29
14862,14862,1503614395006,-1,-5,-3,-3,-2,-1,-1,0
14863,14863,1503614395020,-9,-7,-3,0,-3,-4,-6,-19
14864,14864,1503614395027,0,3,2,-2,-1,-1,-1,4
14865,14865,1503614395036,-3,-3,-1,0,1,1,-3,-8
14866,14866,1503614395050,-5,-6,-7,-3,-3,-3,-1,-5
14867,14867,1503614395058,0,3,7,3,0,-1,0,-1
14868,14868,1503614395066,-1,1,1,-1,-2,0,-1,-1
14869,14869,1503614395080,1,10,-4,0,-2,1,-1,2
14870,14870,1503614395087,-1,-6,-2,-2,0,1,-1,3
14871,14871,1503614395097,5,-11,0,2,1,-2,-2,1
14872,14872,1503614395110,1,11,2,0,2,4,1,1
14873,14873,1503614395118,-5,-7,-7,-3,-2,1,0,2
14874,14874,1503614395132,-11,-9,-1,0,0,-4,-2,-12
14875,14875,1503614395141,-5,-1,5,0,-1,-2,-5,-10
14876,14876,1503614395148,-4,0,-1,0,-2,0,-1,-7
14877,14877,1503614395156,-4,-6,-3,0,-1,-2,1,-2
14878,14878,1503614395170,1,1,1,0,-2,0,-2,2
14879,14879,1503614395178,1,0,1,-3,-1,-3,0,2
14880,14880,1503614395186,5,9,3,1,1,-1,1,4
14881,14881,1503614395201,-4,-3,-8,-2,-1,0,-2,-7
14882,14882,1503614395208,-10,4,3,0,-1,1,-4,0
14883,14883,1503614395216,15,17,19,4,2,3,2,16
14884,14884,1503614395232,-7,-15,-10,-3,-2,-4,-2,5
14885,14885,1503614395238,-4,-7,-12,-4,-2,-2,-4,-7
14886,14886,1503614395245,-2,2,7,0,-3,0,-3,-14
14887,14887,1503614395261,0,-3,1,-1,0,0,0,0
14888,14888,1503614395268,-1,-7,-7,-3,0,0,-1,3
14889,14889,1503614395276,1,-1,-5,-2,-1,-1,1,5
14890,14890,1503614395290,0,-5,-5,-1,-2,-4,-2,0
14891,14891,1503614395298,-6,-8,-3,0,0,-1,-1,3
14892,14892,1503614395299,-6,-4,-2,-4,-1,0,-1,-8
14893,14893,1503614395306,4,-2,-3,-3,-2,2,3,4
14894,14894,1503614395320,-11,-5,-2,0,0,-1,-3,-8
14895,14895,1503614395321,15,14,9,4,0,-1,2,-8
14896,14896,1503614395328,11,-4,-5,2,-1,2,-1,-6
14897,14897,1503614395336,-2,-16,-11,-2,-1,0,0,24
14898,14898,1503614395350,-10,-5,-4,-1,-2,0,-1,-4
14899,14899,1503614395358,-9,-1,3,1,0,-1,-2,-8
14900,14900,1503614395366,-4,-6,-4,-3,0,-1,1,2
14901,14901,1503614395380,-4,-2,0,1,1,1,-1,-6
14902,14902,1503614395388,0,1,0,-1,2,-1,-1,0
14903,14903,1503614395403,-6,-4,-8,-7,-6,-4,-1,-6
14904,14904,1503614395410,6,9,14,4,2,-1,0,3
14905,14905,1503614395418,5,-6,-7,-1,-2,0,0,5
14906,14906,1503614395433,9,6,7,1,0,-2,3,5
14907,14907,1503614395440,1,-10,-11,-5,-1,-2,0,-1
14908,14908,1503614395441,-5,8,15,2,0,-1,-2,-4
14909,14909,1503614395448,10,8,-1,1,1,0,2,5
14910,14910,1503614395465,-10,-12,-9,-4,0,-1,-4,-10
14911,14911,1503614395470,-4,-1,2,-3,-2,0,1,0
14912,14912,1503614395478,12,5,11,4,-2,-1,4,0
14913,14913,1503614395492,-4,-6,-8,-4,-2,0,-1,4
14914,14914,1503614395501,-8,-5,-5,-6,-6,-5,-6,-6
14915,14915,1503614395508,6,0,1,-2,-1,-1,1,-2
14916,14916,1503614395523,-4,-3,-6,-4,-1,-3,-2,1
14917,14917,1503614395530,-6,4,0,2,-1,-1,-4,-7
14918,14918,1503614395538,-2,8,1,1,0,-2,0,-6
14919,14919,1503614395552,-2,-3,-4,-4,-3,-3,0,11
14920,14920,1503614395560,-2,3,2,3,3,2,-1,3
14921,14921,1503614395568,-2,-3,1,-1,-1,-2,-2,-1
14922,14922,1503614395583,-2,1,-3,-1,-2,0,-1,-4
14923,14923,1503614395590,-8,-4,-5,-2,-3,-3,-7,-29
14924,14924,1503614395600,5,-4,-5,-1,0,3,-1,1
14925,14925,1503614395612,1,1,2,-1,0,2,-3,-10
14926,14926,1503614395620,-9,-1,0,-4,-4,-4,-5,-9
14927,14927,1503614395628,-5,5,7,2,-3,0,1,-2
14928,14928,1503614395643,-3,-1,-4,-1,0,0,-1,-4
14929,14929,1503614395650,3,-1,-3,-4,-2,0,-1,6
14930,14930,1503614395658,8,7,5,1,-4,-6,-1,0
14931,14931,1503614395673,-6,-8,-4,2,2,0,-2,-2
14932,14932,1503614395680,-6,-1,0,-2,3,3,0,-2
14933,14933,1503614395688,7,-7,-3,0,-1,1,2,1
14934,14934,1503614395704,3,0,0,2,6,2,4,3
14935,14935,1503614395710,12,5,3,1,1,-4,5,28
14936,14936,1503614395718,11,0,2,1,3,5,8,16
14937,14937,1503614395734,-29,-5,-11,-2,-2,-5,0,-3
14938,14938,1503614395741,-27,-8,-3,-4,-10,-4,-6,0
14939,14939,1503614395748,0,1,1,0,-1,-1,-2,-8
14940,14940,1503614395763,13,1,-6,-4,0,2,2,22
14941,14941,1503614395770,-6,1,-2,-4,-2,-2,1,1
14942,14942,1503614395778,-25,-16,-10,0,1,0,-4,-15
14943,14943,1503614395792,22,-1,5,2,1,3,1,12
14944,14944,1503614395801,12,1,-4,4,2,1,-1,-15
14945,14945,1503614395809,-3,-2,-6,-2,-1,-2,-2,2
14946,14946,1503614395823,24,0,-4,-2,-3,0,3,16
14947,14947,1503614395824,-5,-7,-9,-7,-4,-5,1,-3
14948,14948,1503614395830,4,6,7,0,-1,3,-2,-11
14949,14949,1503614395838,9,0,1,-1,-2,0,-5,3
14950,14950,1503614395852,-4,11,16,5,2,2,4,-4
14951,14951,1503614395860,1,-2,-1,-2,-1,-4,-1,-16
14952,14952,1503614395871,0,-3,-8,-3,0,-2,-7,-4
14953,14953,1503614395883,10,13,16,2,0,3,0,-7
14954,14954,1503614395891,-9,-8,-3,-3,-1,-4,-1,-7
14955,14955,1503614395898,-3,-2,-4,-1,-4,-5,-1,1
14956,14956,1503614395913,1,-5,-5,-2,-1,0,0,-6
14957,14957,1503614395920,14,1,-1,1,0,0,2,26
14958,14958,1503614395928,13,8,2,2,1,0,3,10
14959,14959,1503614395943,-8,0,1,-2,2,1,-4,-18
14960,14960,1503614395950,7,1,-2,-1,0,-1,-5,-10
14961,14961,1503614395958,-33,-2,-4,-2,-2,-1,-2,-16
14962,14962,1503614395972,-32,-9,-7,-2,-4,-4,-2,-2
14963,14963,1503614395980,1,0,2,2,1,-2,-2,4
14964,14964,1503614395988,4,0,2,1,-1,1,2,-3
14965,14965,1503614396006,0,-4,-4,-3,-3,-3,3,5
14966,14966,1503614396010,13,3,-3,-3,-3,0,1,-3
14967,14967,1503614396018,-7,20,18,3,0,-3,-1,1
14968,14968,1503614396037,-8,-6,-6,-4,0,-2,-1,-4
14969,14969,1503614396040,14,-5,-4,0,-2,0,-2,-9
14970,14970,1503614396048,-3,1,0,1,-1,-4,1,7
14971,14971,1503614396063,12,-7,-4,-4,1,2,-2,6
14972,14972,1503614396072,30,17,3,0,1,3,11,30
14973,14973,1503614396078,-12,-2,2,5,1,1,3,-2
14974,14974,1503614396092,13,7,4,0,-1,-3,-4,18
14975,14975,1503614396103,-4,-1,-8,-4,-1,3,1,0
14976,14976,1503614396108,-19,-8,0,0,1,1,-3,-17
14977,14977,1503614396123,-30,-13,-2,2,0,-3,-10,-14
14978,14978,1503614396130,-5,-5,-5,-4,-2,-2,-5,-23
14979,14979,1503614396138,-34,-8,-11,0,0,0,-1,1
14980,14980,1503614396152,6,-3,0,0,-1,-2,0,13
14981,14981,1503614396160,8,-9,-9,-4,-3,-4,-2,-2
14982,14982,1503614396171,14,-6,-2,0,-1,0,0,24
14983,14983,1503614396183,42,13,8,-1,1,2,5,33
14984,14984,1503614396190,-1,4,-2,0,-2,-2,-5,-22
14985,14985,1503614396198,-4,-7,-4,0,0,1,1,-5
14986,14986,1503614396214,-2,0,-4,3,0,0,-3,1
14987,14987,1503614396220,10,-2,-4,-2,-1,-4,1,-3
14988,14988,1503614396238,-32,-25,-13,-9,-2,-2,2,14
14989,14989,1503614396243,21,-3,-9,-6,-3,0,1,34
14990,14990,1503614396244,51,13,5,0,0,-3,-4,6
14991,14991,1503614396251,-2,3,2,2,1,1,-5,-5
14992,14992,1503614396258,6,3,-2,-1,-4,1,2,2
14993,14993,1503614396274,-28,-8,2,0,-2,-2,-14,-73
14994,14994,1503614396281,24,3,-4,-5,-5,-6,-8,-70
14995,14995,1503614396296,-2,7,6,1,0,2,3,-7
14996,14996,1503614396304,-13,-8,-3,-3,-1,-1,-1,11
14997,14997,1503614396311,16,-11,-8,-2,0,2,4,39
14998,14998,1503614396325,3,12,13,2,1,1,5,35
14999,14999,1503614396333,5,7,0,-1,-2,1,2,58
15000,15000,1503614396340,-21,-10,2,1,-1,1,-2,-24
15001,15001,1503614396356,17,33,11,5,1,-3,-1,-14
15002,15002,1503614396363,-6,1,-7,-4,-3,-3,1,-8
15003,15003,1503614396372,32,-6,-7,-3,-3,1,3,18
15004,15004,1503614396385,-1,2,2,0,2,2,-5,2
15005,15005,1503614396400,-7,12,15,1,-1,1,2,-10
15006,15006,1503614396404,-22,2,3,1,1,-2,-1,29
15007,15007,1503614396416,-1,-6,3,-1,0,-1,2,-22
15008,15008,1503614396423,15,18,0,2,-1,-2,1,-11
15009,15009,1503614396431,18,-8,-10,-3,-3,-1,-5,-16
15010,15010,1503614396446,-23,-9,-9,-4,1,3,6,-9
15011,15011,1503614396453,-38,-15,-9,-3,-1,0,-1,-20
15012,15012,1503614396460,-10,-16,-5,-6,-2,-4,-5,-2
15013,15013,1503614396476,5,-1,7,4,-1,-1,3,7
15112,15112,1503614397436,7,13,6,-5,-4,0,1,18
15113,15113,1503614397443,-2,-6,1,1,0,-4,-4,2
15114,15114,1503614397458,11,-6,-5,-2,1,0,1,-21
15115,15115,1503614397466,-1,5,-4,-1,1,2,-5,-23
15116,15116,1503614397476,-3,4,-2,-2,-2,-1,-3,-8
15117,15117,1503614397488,-8,-10,-5,-1,-2,-5,-1,-6
15118,15118,1503614397496,-7,-3,1,1,-1,0,0,5
15119,15119,1503614397503,1,4,4,5,3,-2,0,2
15120,15120,1503614397518,0,-4,1,-4,-1,0,2,17
15121,15121,1503614397525,12,25,12,3,2,4,5,53
15122,15122,1503614397533,-7,-7,-1,-3,-2,-3,1,-14
15123,15123,1503614397548,-7,-28,-11,-1,-2,0,0,-6
15124,15124,1503614397556,-15,-9,-6,-1,-2,-2,-5,-7
15125,15125,1503614397563,-6,2,-2,-2,0,2,-4,-12
15126,15126,1503614397578,0,-8,-6,0,-2,0,0,6
15127,15127,1503614397585,1,20,12,4,2,0,0,25
15128,15128,1503614397586,-1,-5,-5,-5,-3,1,2,0
15129,15129,1503614397594,0,0,-3,-2,-2,-2,-9,3
15130,15130,1503614397610,1,-5,-4,-1,0,-1,1,-10
15131,15131,1503614397617,5,5,4,-2,0,-4,-1,-7
15132,15132,1503614397623,-4,15,9,2,-1,-1,0,-8
15133,15133,1503614397638,-4,-2,-3,-4,-1,-1,-3,-3
15134,15134,1503614397646,5,36,22,4,0,1,1,1
15135,15135,1503614397655,4,-16,5,1,-1,1,2,9
15136,15136,1503614397668,9,-25,-19,-6,-2,-2,-3,0
15137,15137,1503614397677,9,5,-2,-1,0,2,1,3
15138,15138,1503614397684,5,5,-3,2,1,-1,-3,-11
15139,15139,1503614397698,10,-4,-11,-3,-1,0,7,9
15140,15140,1503614397712,-1,-3,-4,-1,-3,0,-4,-10
15141,15141,1503614397714,-21,10,2,-1,-3,-2,-4,-46
15142,15142,1503614397728,21,6,6,1,0,0,2,18
15143,15143,1503614397738,1,-21,-15,-1,-1,0,1,6
15144,15144,1503614397744,3,13,17,3,-1,-1,-1,-3
15145,15145,1503614397758,-31,-10,-15,-1,1,-2,0,7
15146,15146,1503614397765,-20,-30,-23,-4,-4,-2,-5,-7
15147,15147,1503614397773,19,-8,-10,-3,-1,-1,0,6
15148,15148,1503614397788,-2,5,5,0,-2,-1,1,-4
15149,15149,1503614397796,-4,-1,3,2,1,0,-1,-9
15150,15150,1503614397803,-7,-14,-15,-2,2,-2,-4,-10
15151,15151,1503614397818,3,9,8,0,-4,-4,-6,1
15152,15152,1503614397825,-7,-13,-7,-3,-2,-3,-2,-5
15153,15153,1503614397833,-3,-2,-10,-5,0,-1,-2,-10
15154,15154,1503614397834,-6,12,17,5,1,2,2,-4
15155,15155,1503614397848,-14,0,-1,-2,0,-2,0,10
15156,15156,1503614397856,7,6,-8,-2,-2,-2,0,9
15157,15157,1503614397863,7,-9,-8,2,1,1,-1,-5
15158,15158,1503614397879,11,6,-5,-2,-3,-2,-1,4
15159,15159,1503614397886,7,-15,-6,0,0,-3,-5,-18
15160,15160,1503614397893,-3,-7,-5,-3,0,3,3,3
15161,15161,1503614397909,-8,-1,6,-5,-4,-2,-1,5
15162,15162,1503614397916,6,28,20,5,2,0,0,-2
15163,15163,1503614397923,3,25,10,-1,-2,-2,1,10
15164,15164,1503614397938,-3,-2,0,0,-1,1,-1,-12
15165,15165,1503614397945,10,3,-2,4,0,0,-1,15
15166,15166,1503614397946,-4,-3,-1,0,-2,-1,-1,-3
15167,15167,1503614397953,-13,-13,-2,-5,0,1,0,12
15168,15168,1503614397968,-9,-2,-4,-2,-1,2,-4,-19
15169,15169,1503614397978,-9,-6,-1,1,-1,-2,-4,-4
15170,15170,1503614397983,3,20,32,4,1,1,4,11
15171,15171,1503614397998,1,2,-2,-1,0,-5,-3,-2
15172,15172,1503614398006,-3,-17,-19,-5,-2,0,1,7
15173,15173,1503614398021,2,4,4,2,-1,2,1,11
15174,15174,1503614398028,-7,-8,-4,-1,1,-1,-3,-1
15175,15175,1503614398036,-7,-2,4,-4,-2,-2,-3,0
15176,15176,1503614398045,2,-3,-1,-1,1,1,-1,3
15177,15177,1503614398059,-6,-2,-4,-3,-3,-2,1,-1
15178,15178,1503614398065,4,8,7,2,1,0,0,5
15179,15179,1503614398074,-7,-5,-2,-2,-1,-3,-1,-4
15180,15180,1503614398088,-3,-7,-10,-3,-4,-2,1,2
15181,15181,1503614398096,8,-3,-5,-2,0,3,-1,3
15182,15182,1503614398105,-1,1,2,1,0,-2,-4,-2
15183,15183,1503614398118,0,9,5,-1,0,2,3,-4
15184,15184,1503614398125,-6,-2,-3,0,0,2,-2,6
15185,15185,1503614398134,5,-7,-9,-3,-2,-6,1,5
15186,15186,1503614398148,2,10,12,2,1,-2,-1,-3
15187,15187,1503614398156,0,9,0,0,-1,0,-3,-1
15188,15188,1503614398163,0,-10,-12,-4,-3,-2,-2,2
15189,15189,1503614398180,-2,-12,-12,-4,-3,-3,-2,-5
15190,15190,1503614398186,6,9,6,1,1,3,3,13
15191,15191,1503614398200,-4,-6,1,-1,-2,-1,-4,-3
15192,15192,1503614398201,3,3,0,2,-1,-2,-3,-2
15193,15193,1503614398208,-7,-5,-6,0,3,2,2,-13
15194,15194,1503614398216,-2,3,4,-3,-4,-2,-4,-8
15195,15195,1503614398230,-2,-2,1,1,1,-4,-2,-3
15196,15196,1503614398238,3,1,-5,2,1,1,0,9
15197,15197,1503614398247,1,-3,-6,-5,-3,-2,0,3
15198,15198,1503614398263,0,4,3,-1,1,-1,1,-9
15199,15199,1503614398268,-3,-3,0,0,0,2,0,3
15200,15200,1503614398276,6,5,-6,-1,0,4,-1,-1
15201,15201,1503614398290,3,-1,-7,-4,-5,0,-1,-2
15202,15202,1503614398299,-1,-4,5,1,1,-2,-1,4
15203,15203,1503614398306,4,5,10,1,-1,-1,-1,-8
15204,15204,1503614398321,-7,-3,6,2,-1,-4,-2,-6
15205,15205,1503614398335,3,-3,-1,-1,0,-1,1,-1
15206,15206,1503614398337,-4,-8,2,-3,0,0,-2,1
15207,15207,1503614398350,3,9,9,3,-2,-1,3,22
15208,15208,1503614398359,0,1,2,0,0,3,0,-4
15209,15209,1503614398365,10,4,-1,-3,-1,0,-1,12
15210,15210,1503614398381,-3,-2,-6,0,-2,-2,-1,2
15211,15211,1503614398388,-9,17,2,-1,0,-2,-2,-9
15212,15212,1503614398396,1,0,-2,-2,-1,-5,-2,-5
15213,15213,1503614398410,-7,-10,-9,-3,-3,-1,-1,-8
15214,15214,1503614398418,-3,-8,-10,-5,-2,-3,0,2
15215,15215,1503614398419,2,5,6,-1,0,-1,0,1
15216,15216,1503614398425,-1,-8,-11,-4,-2,-2,0,-4
15217,15217,1503614398440,-7,-3,1,1,2,2,-1,-6
15218,15218,1503614398448,8,-4,-9,-4,-1,-1,2,12
15219,15219,1503614398456,-3,0,8,-3,-2,2,1,1
15220,15220,1503614398470,-3,9,12,3,2,0,-4,-6
15221,15221,1503614398479,5,5,-2,-1,-2,-1,-2,0
15222,15222,1503614398486,-1,-10,-5,-1,1,0,-2,-5
15223,15223,1503614398500,-12,-21,-19,-5,-2,0,-3,-1
15224,15224,1503614398508,-12,-12,-5,2,-1,-2,-4,-9
15225,15225,1503614398516,4,-4,-4,-3,-2,-4,4,1
15226,15226,1503614398530,0,-8,-3,-2,0,0,-1,12
15227,15227,1503614398538,8,2,-4,1,1,-1,0,24
15228,15228,1503614398547,2,-1,-4,-4,-3,-2,0,-7
15229,15229,1503614398561,3,4,-1,4,1,2,1,-14
15230,15230,1503614398568,2,5,7,2,-1,-2,-3,-6
15231,15231,1503614398576,11,2,4,3,1,-2,1,7
15232,15232,1503614398591,0,-9,-11,-2,0,-3,-1,-6
15233,15233,1503614398598,-10,-9,1,-4,-1,-4,-4,-8
15234,15234,1503614398605,-2,0,-8,-3,-2,1,2,-7
15235,15235,1503614398621,-3,-3,-2,-2,-2,-1,-2,1
15236,15236,1503614398628,-3,0,0,-1,0,-1,1,9
15237,15237,1503614398636,4,7,9,1,-1,-1,0,-2
15238,15238,1503614398650,7,7,3,-1,-1,-3,-1,1
15239,15239,1503614398658,-7,0,-1,-2,-1,1,-4,-2
15240,15240,1503614398665,-6,1,-2,0,0,1,0,11
15241,15241,1503614398682,9,17,10,5,2,1,-1,-6
15242,15242,1503614398688,-4,-17,-16,-7,-4,-2,-4,-7
15243,15243,1503614398696,-8,-14,-4,-2,-1,-2,-2,4
15244,15244,1503614398710,5,-6,1,-2,0,-3,-2,-4
15245,15245,1503614398719,-1,-2,-3,0,-1,1,-1,4
15246,15246,1503614398725,-7,3,5,1,-2,-2,0,-9
15247,15247,1503614398740,5,0,-1,-3,-1,0,0,6
15248,15248,1503614398749,-1,2,-1,0,0,2,0,-2
15249,15249,1503614398756,-3,-1,2,-2,0,-2,0,-2
15250,15250,1503614398770,-5,-1,2,0,-1,-1,-4,-14
15251,15251,1503614398778,2,5,-8,-4,0,-3,-2,-5
15252,15252,1503614398786,-4,0,1,-1,0,-1,0,1
15253,15253,1503614398800,-4,-2,-7,-3,-3,0,-4,-11
15254,15254,1503614398808,0,-2,-2,2,1,0,-1,-4
15255,15255,1503614398816,2,-9,-6,-1,-2,-1,2,2
15256,15256,1503614398830,2,-1,-3,1,1,1,2,5
15257,15257,1503614398838,-5,-1,0,0,-2,-1,-1,0
15258,15258,1503614398845,-8,3,4,-1,-1,-1,2,2
15259,15259,1503614398860,-3,-2,2,-1,-2,-1,2,1
15260,15260,1503614398870,10,6,1,-2,-1,0,-1,10
15261,15261,1503614398876,-3,-4,-3,-2,0,-1,-3,-2
15262,15262,1503614398892,-6,2,8,3,-1,2,-3,-5
15263,15263,1503614398898,0,-3,-3,0,-3,0,0,-2
15264,15264,1503614398906,5,3,0,1,-1,-1,-1,-2
15265,15265,1503614398921,-6,0,1,0,-3,0,2,-2
15266,15266,1503614398928,1,7,11,1,0,-2,-1,0
15267,15267,1503614398943,-2,9,1,1,1,1,0,-4
15268,15268,1503614398956,-3,-4,-7,-2,-2,-2,-4,-2
15269,15269,1503614398965,-4,-1,6,2,1,-1,-3,-1
15270,15270,1503614398967,1,6,13,1,0,-2,2,-3
15271,15271,1503614398985,6,-2,-3,0,0,-1,3,5
15272,15272,1503614398988,0,-5,-9,-2,-1,-1,0,16
15273,15273,1503614398996,3,-2,4,1,1,-3,1,13
15274,15274,1503614399010,-5,-9,-8,-3,-1,4,1,-7
15275,15275,1503614399022,-2,9,2,2,0,0,-1,-2
15276,15276,1503614399025,-7,-11,-6,-2,-1,-6,-5,-12
15277,15277,1503614399040,-1,-9,-10,-4,-2,0,-1,0
15278,15278,1503614399051,-3,1,2,0,-1,0,0,-6
15279,15279,1503614399056,0,2,0,-1,-1,-1,-1,-4
15280,15280,1503614399070,5,3,4,-1,0,1,-1,2
15281,15281,1503614399078,-1,5,1,0,0,0,0,-7
15282,15282,1503614399085,6,0,-8,1,-2,2,1,-5
15283,15283,1503614399100,2,-1,1,-4,-3,-4,-4,-5
15284,15284,1503614399108,0,-3,-3,-1,-2,-4,-2,0
15285,15285,1503614399123,-3,-6,-7,0,1,-1,-1,4
15286,15286,1503614399130,-5,-9,-11,-4,0,-1,-2,-1
15287,15287,1503614399138,2,4,7,-1,-1,0,0,-8
15288,15288,1503614399152,0,7,6,1,2,1,0,0
15289,15289,1503614399160,-1,-2,-2,-2,-2,-1,-2,-3
15290,15290,1503614399168,-1,-3,-4,-2,-2,0,-1,4
15291,15291,1503614399184,2,1,-5,1,1,1,-1,1
15292,15292,1503614399190,-6,-3,-2,-2,-2,1,0,-3
15293,15293,1503614399198,0,-2,1,-1,-2,-2,0,-2
15294,15294,1503614399212,1,0,0,1,0,-2,-2,1
15295,15295,1503614399221,-2,-5,-5,-2,-2,1,-1,-1
15296,15296,1503614399228,1,-4,0,-3,-3,-2,1,0
15297,15297,1503614399243,-4,0,1,0,0,-1,-1,-4
15298,15298,1503614399251,-4,2,-2,-2,-1,0,-2,-1
15299,15299,1503614399261,6,4,4,2,0,0,-1,2
15300,15300,1503614399272,4,4,6,-1,-1,-2,0,0
15301,15301,1503614399280,-6,-4,-3,-3,-2,0,-1,-1
15302,15302,1503614399288,1,3,0,-1,1,3,0,0
15303,15303,1503614399303,3,0,6,4,-1,0,1,-3
15304,15304,1503614399310,-6,-3,-5,-2,0,-1,-3,-5
15305,15305,1503614399319,2,21,20,2,2,-1,-2,-1
15306,15306,1503614399332,4,-4,-5,-1,0,-2,-2,3
15307,15307,1503614399341,4,-1,-7,-4,-1,-2,-1,-1
15308,15308,1503614399348,-1,0,3,-1,-3,-1,0,-2
15309,15309,1503614399363,-4,-7,-5,-2,-4,0,-1,1
15310,15310,1503614399370,-2,-3,-6,0,-1,-1,0,-2
15311,15311,1503614399378,-3,-1,-2,0,-1,0,0,-1
15312,15312,1503614399393,-4,-2,-8,-1,-2,-1,-2,-2
15313,15313,1503614399400,-2,-3,-6,0,0,-3,-3,1
15314,15314,1503614399408,-4,-7,-5,-2,0,-2,-3,-1
15315,15315,1503614399424,-2,-2,-4,0,-2,-2,-3,0
15316,15316,1503614399431,3,28,26,4,0,2,2,-1
15317,15317,1503614399438,1,-1,-2,0,1,0,-2,-1
15318,15318,1503614399454,-4,-10,-9,2,1,0,-4,1
15319,15319,1503614399461,3,-2,2,-3,-2,2,2,9
15320,15320,1503614399468,0,1,6,-1,1,-2,-1,6
15321,15321,1503614399485,-7,-13,-10,-3,-2,-2,-3,-8
15322,15322,1503614399491,-2,-6,-1,0,-3,1,0,-3
15323,15323,1503614399499,2,12,9,4,1,2,-1,-2
15324,15324,1503614399512,0,-4,1,0,0,-3,-2,0
15325,15325,1503614399521,-1,1,1,0,0,-2,1,1
15326,15326,1503614399528,-1,-3,-8,-2,0,-4,1,0
15327,15327,1503614399543,-2,-11,-11,-3,-1,-2,-2,-1
15328,15328,1503614399552,-3,2,13,4,1,1,1,-2
15329,15329,1503614399559,-3,-6,-4,-4,0,2,-1,0
15330,15330,1503614399572,-5,-10,-4,-5,-5,-2,0,-2
15331,15331,1503614399580,20,22,10,1,0,1,13,38
15332,15332,1503614399588,0,3,-1,-5,-2,1,1,-1
15333,15333,1503614399603,-9,-11,-5,-2,-2,1,-6,-15
15334,15334,1503614399610,7,9,0,0,-1,-1,1,5
15335,15335,1503614399620,-5,-9,-8,-2,-4,-3,-4,-7
15336,15336,1503614399633,-3,-2,-1,-1,0,-1,-1,-6
15337,15337,1503614399640,-1,-5,-2,-1,-1,-1,1,-2
15338,15338,1503614399648,10,-2,-9,-2,-2,2,5,27
15339,15339,1503614399663,-4,-1,-1,-2,-2,0,-1,-5
15340,15340,1503614399670,-9,-10,-8,-1,-2,-1,-4,-13
15341,15341,1503614399678,-6,-7,-8,-1,0,-1,-3,-2
15342,15342,1503614399692,-1,-2,-3,0,-2,0,-3,-2
15343,15343,1503614399693,-11,-15,-10,-3,-3,-3,-7,-14
15344,15344,1503614399700,-2,4,7,0,-1,-3,-2,-19
15345,15345,1503614399708,4,9,3,0,0,-3,-1,0
15346,15346,1503614399723,-3,8,15,1,1,1,1,0
15347,15347,1503614399730,-5,4,5,4,-1,0,-1,-9
15348,15348,1503614399738,-1,-12,-15,-2,1,-1,-2,-7
15349,15349,1503614399754,-2,8,8,-1,-1,-2,-2,-1
15350,15350,1503614399761,3,13,5,4,-1,2,-3,4
15351,15351,1503614399768,1,-4,-6,-1,1,1,0,-2
15352,15352,1503614399783,-8,-11,-5,-5,-2,-3,-2,2
15353,15353,1503614399791,-1,-3,1,1,0,1,0,-12
15354,15354,1503614399798,0,-2,-3,-3,-2,-2,-1,-1
15355,15355,1503614399812,-2,-6,-11,-3,-2,0,-1,-2
15356,15356,1503614399824,-2,-2,-5,-2,1,-1,-4,-1
15357,15357,1503614399828,7,-5,-9,-2,-1,2,2,20
15358,15358,1503614399843,5,-2,-1,1,-3,2,1,9
15359,15359,1503614399850,8,4,1,0,-1,-1,0,-3
15360,15360,1503614399858,-4,1,-1,-2,0,0,1,-5
15361,15361,1503614399859,-6,-10,-4,-5,-3,-6,-4,-12
15362,15362,1503614399872,5,9,4,0,1,1,-1,1
15363,15363,1503614399880,-2,-4,2,2,1,3,4,-3
15364,15364,1503614399889,0,5,11,3,0,-1,-4,1
15365,15365,1503614399903,7,-1,-7,0,-2,-3,3,14
15366,15366,1503614399911,-6,-5,-3,-2,-3,-2,-1,-3
15367,15367,1503614399922,-2,1,3,-2,-1,-3,-2,-5
15368,15368,1503614399932,-3,-3,-7,-3,4,2,-4,-4
15369,15369,1503614399940,4,1,-1,-1,-1,-1,1,9
15370,15370,1503614399948,-2,-3,-2,-4,-2,-1,1,-4
15371,15371,1503614399963,-11,-2,-3,-5,-2,-2,-2,-6
15372,15372,1503614399970,-1,-3,2,0,-1,-2,-1,-7
15373,15373,1503614399978,0,2,1,0,1,2,-2,2
15374,15374,1503614399993,-2,2,-1,-1,3,-1,-2,5
15375,15375,1503614400000,-3,0,0,2,-1,-2,-3,-2
15376,15376,1503614400008,-3,10,2,0,-6,-2,0,-3
15377,15377,1503614400029,2,0,-3,-3,-3,-2,-2,-3
15378,15378,1503614400031,1,-1,9,0,-2,-1,0,1
15379,15379,1503614400045,6,11,9,3,0,-1,0,-3
15380,15380,1503614400052,-4,-9,-9,-6,-2,-2,0,5
15381,15381,1503614400061,0,-2,-5,-2,-1,-1,2,17
15382,15382,1503614400075,7,1,0,1,-3,0,-2,-3
15383,15383,1503614400083,-14,-9,-7,1,-1,3,0,-7
15384,15384,1503614400090,2,-4,-2,0,-2,-1,1,3
15385,15385,1503614400105,4,0,0,-4,-2,-3,-3,-10
15386,15386,1503614400112,-2,2,2,2,1,-2,0,1
15387,15387,1503614400122,2,3,4,3,0,-2,-1,-2
15388,15388,1503614400135,0,-17,-9,-2,-1,-2,-4,-1
15389,15389,1503614400143,-2,0,4,0,-1,-1,3,-1
15390,15390,1503614400150,8,8,8,3,0,3,0,-8
15391,15391,1503614400165,-2,4,2,-1,0,0,-4,-10
15392,15392,1503614400172,-4,0,0,2,5,2,1,-4
15393,15393,1503614400180,2,2,0,-1,1,-1,-2,1
15394,15394,1503614400195,-3,-4,-4,-3,-4,-2,0,-1
15395,15395,1503614400203,-3,-7,-3,0,-1,-3,-1,-2
15396,15396,1503614400210,-1,6,5,1,-1,-3,0,-5
15397,15397,1503614400227,-21,-2,0,1,0,1,-1,-7
15398,15398,1503614400232,23,34,10,7,1,2,-3,-7
15399,15399,1503614400240,6,-2,-4,-4,-2,0,6,37
15400,15400,1503614400258,-7,-11,-7,-5,-1,1,-2,3
15401,15401,1503614400263,-6,-8,-3,-1,0,1,-4,-29
15402,15402,1503614400270,-1,-3,1,-3,-2,2,3,2
15403,15403,1503614400285,-3,-10,-7,-5,-5,-3,-4,-7
15404,15404,1503614400292,-7,-17,-12,-3,1,-3,-5,-10
15405,15405,1503614400300,-6,5,1,3,0,-1,-5,-2
15406,15406,1503614400315,-7,-3,-2,-2,0,-4,-1,-5
15407,15407,1503614400324,4,-3,-3,-1,-1,1,-2,-11
15408,15408,1503614400331,-5,0,-6,-2,-4,-2,0,14
15409,15409,1503614400345,5,7,2,1,0,-1,1,1
15410,15410,1503614400352,-7,-11,-5,0,0,0,1,7
15411,15411,1503614400361,2,7,6,-1,0,0,-1,4
15412,15412,1503614400375,1,-1,2,1,0,2,1,3
15413,15413,1503614400383,-4,-11,-7,-3,0,1,1,-9
15414,15414,1503614400391,6,2,7,-1,0,-2,3,26
15415,15415,1503614400405,-1,3,3,-1,-1,-1,0,-1
15416,15416,1503614400412,4,-5,-8,-1,-2,0,-3,-7
15417,15417,1503614400420,7,7,-2,-2,-3,0,0,4
15418,15418,1503614400435,-1,-6,-8,-7,-2,-3,-1,-12
15419,15419,1503614400443,7,4,-1,1,2,0,-2,-16
15420,15420,1503614400450,-3,-3,1,-1,-1,-1,-4,4
15421,15421,1503614400466,-19,-19,-9,-2,-3,0,5,-7
15422,15422,1503614400472,-13,-4,-3,-2,-3,-1,-3,-16
15423,15423,1503614400480,5,2,10,2,-1,-2,-3,6
15424,15424,1503614400495,3,6,-7,1,-1,-1,0,5
15425,15425,1503614400503,0,-17,-10,-4,-3,-1,0,13
15426,15426,1503614400510,0,-7,-1,2,0,-2,1,-2
15427,15427,1503614400532,9,13,6,1,-1,-1,1,-3
15428,15428,1503614400533,-4,1,4,-5,-1,-1,1,-1
15429,15429,1503614400540,-5,-5,-1,0,0,-4,-9,-15
15430,15430,1503614400555,3,0,4,1,-3,-2,-3,-7
15552,15552,1503614401748,-5,-21,-15,-4,-3,1,2,6
15553,15553,1503614401756,-1,-13,-8,-4,-2,0,1,10
15554,15554,1503614401763,2,20,10,1,-1,-1,0,3
15555,15555,1503614401778,-9,-13,-11,-1,0,-2,-6,-11
15556,15556,1503614401785,-5,-7,-8,-4,-3,-6,0,1
15557,15557,1503614401801,2,3,3,1,0,0,2,-10
15558,15558,1503614401808,-2,-4,1,-1,-2,2,-1,8
15559,15559,1503614401816,21,-19,-18,-3,-1,-1,-5,1
15560,15560,1503614401823,-9,-12,-11,-4,-3,-4,-4,-4
15561,15561,1503614401840,2,-6,-5,0,0,-2,1,7
15562,15562,1503614401845,-1,-30,-16,-1,0,0,1,11
15563,15563,1503614401861,4,9,3,-3,-4,1,0,16
15564,15564,1503614401869,3,10,0,0,-2,0,-3,-16
15565,15565,1503614401876,-16,0,-3,0,1,-1,-2,-7
15566,15566,1503614401883,-11,-12,-3,-2,-1,-1,1,10
15567,15567,1503614401899,9,12,6,-1,-2,0,-2,-4
15568,15568,1503614401906,-7,-18,-12,-4,-2,-2,0,10
15569,15569,1503614401921,-7,-20,-8,-2,0,-2,2,17
15570,15570,1503614401928,8,6,-3,-1,-1,-1,1,5
15571,15571,1503614401936,30,18,-3,2,2,2,6,12
15572,15572,1503614401950,-3,9,11,1,0,0,2,11
15573,15573,1503614401958,-17,1,-2,-4,-2,-5,-5,-28
15574,15574,1503614401965,4,0,-4,0,2,1,-2,-18
15575,15575,1503614401981,-12,6,12,1,-1,-1,-1,11
15576,15576,1503614401988,-31,-25,1,-5,-1,-2,-3,0
15577,15577,1503614401997,13,14,8,4,1,0,2,1
15578,15578,1503614402010,15,21,9,1,-4,-2,-2,-17
15579,15579,1503614402018,-17,-11,-3,-1,-1,0,-2,-2
15580,15580,1503614402025,-18,-2,-6,-1,1,-3,-2,-14
15581,15581,1503614402041,7,8,11,-1,-1,0,-1,-5
15582,15582,1503614402048,2,-10,-3,-2,2,2,-6,-14
15583,15583,1503614402058,1,9,3,0,-2,1,-2,-9
15584,15584,1503614402070,1,-12,-9,-3,-4,-5,2,12
15585,15585,1503614402079,-20,-14,-9,-6,-3,0,-5,-26
15586,15586,1503614402085,-1,3,8,-1,0,3,1,-5
15587,15587,1503614402101,0,-10,-8,-1,-1,0,2,0
15588,15588,1503614402108,8,11,22,7,2,-2,5,14
15589,15589,1503614402116,-3,9,4,0,1,-2,0,1
15590,15590,1503614402133,3,3,2,-1,-1,2,0,-8
15591,15591,1503614402139,13,4,-3,-1,1,1,3,24
15592,15592,1503614402145,0,0,0,0,-2,-4,-2,-3
15593,15593,1503614402160,-5,-17,-7,-4,-3,0,-5,-4
15594,15594,1503614402168,3,-4,-11,0,0,2,3,12
15595,15595,1503614402177,0,15,13,3,2,-3,3,-9
15596,15596,1503614402190,10,8,-4,-2,-3,-1,-4,-5
15597,15597,1503614402199,-11,1,-1,-1,-4,-3,-3,-22
15598,15598,1503614402205,-2,-11,-14,-5,-3,-5,1,14
15599,15599,1503614402220,-4,-3,-2,-1,0,0,-4,-11
15600,15600,1503614402228,4,28,19,3,3,4,-1,-6
15601,15601,1503614402236,-15,-26,-20,-3,-2,-2,-1,-13
15602,15602,1503614402250,-13,-10,-11,-2,-1,-3,-3,-10
15603,15603,1503614402260,-4,5,-1,-1,0,-1,1,7
15604,15604,1503614402268,-3,2,3,0,-2,0,-3,0
15605,15605,1503614402281,0,-5,-6,-2,-2,-1,-3,-1
15606,15606,1503614402288,-5,-4,-5,0,-2,-1,0,-2
15607,15607,1503614402296,0,-3,-5,-2,-1,0,-2,8
15608,15608,1503614402310,-2,-4,-3,-2,-1,1,2,8
15609,15609,1503614402318,9,1,3,2,3,-2,-1,7
15610,15610,1503614402325,-3,-9,-8,-3,-2,-2,-3,-7
15611,15611,1503614402341,-1,0,1,-2,-3,-3,1,9
15612,15612,1503614402348,8,-1,-2,-1,1,0,-2,-2
15613,15613,1503614402356,3,1,1,0,0,0,-1,-2
15614,15614,1503614402370,0,6,6,1,0,0,-3,0
15615,15615,1503614402381,-3,-1,-2,0,-2,-3,0,5
15616,15616,1503614402385,-4,-6,-3,-1,0,-1,0,-1
15617,15617,1503614402402,-2,-3,1,0,0,0,0,1
15618,15618,1503614402408,0,-2,5,1,2,0,0,-5
15619,15619,1503614402423,3,3,1,0,0,0,0,4
15620,15620,1503614402430,0,-1,0,0,-1,-1,0,-3
15621,15621,1503614402438,4,-1,3,0,0,-1,-1,0
15622,15622,1503614402445,-2,-1,-2,-1,-2,-1,-3,-2
15623,15623,1503614402461,-1,2,3,-2,0,-1,1,0
15624,15624,1503614402468,-2,-10,-13,-4,-1,1,0,3
15625,15625,1503614402476,0,-4,-1,2,-1,1,-1,4
15626,15626,1503614402490,1,2,5,0,-1,-2,0,4
15627,15627,1503614402501,-1,1,-2,-2,0,-1,0,-2
15628,15628,1503614402505,-2,-1,-1,-1,-1,-1,-3,-3
15629,15629,1503614402527,-2,3,2,1,-4,0,-2,1
15630,15630,1503614402529,1,3,3,-3,-3,-1,-1,-2
15631,15631,1503614402536,-2,0,-4,-1,-1,1,0,-4
15632,15632,1503614402550,-3,-2,-2,-2,-1,-1,0,-3
15633,15633,1503614402558,3,0,-1,1,1,-2,-1,-4
15634,15634,1503614402567,-1,0,-1,0,-1,-1,0,0
15635,15635,1503614402581,-5,-5,-6,0,-1,-1,-1,-4
15636,15636,1503614402588,-2,3,1,1,-1,0,0,2
15637,15637,1503614402596,-2,3,2,-4,-3,-3,0,0
15638,15638,1503614402618,4,12,13,4,0,0,3,4
15639,15639,1503614402619,6,18,20,2,2,4,-1,-4
15640,15640,1503614402625,-4,-4,-8,-4,-4,-3,-2,-5
15641,15641,1503614402642,-1,-3,-1,-1,0,-2,-3,-2
15642,15642,1503614402648,3,9,0,2,1,0,-1,-1
15643,15643,1503614402656,0,-8,-10,-3,-3,0,0,2
15644,15644,1503614402671,-1,-7,-9,-3,-1,-3,-1,-2
15645,15645,1503614402679,-3,5,4,-1,-1,-2,0,-1
15646,15646,1503614402680,-3,0,-4,-1,0,-2,0,-4
15647,15647,1503614402685,0,1,2,-1,1,2,-1,-4
15648,15648,1503614402703,-3,-6,-5,-2,-1,0,-2,3
15649,15649,1503614402708,1,7,22,3,0,-2,0,1
15650,15650,1503614402716,6,28,24,5,3,-1,2,3
15651,15651,1503614402730,-2,-4,-11,-5,-3,0,1,-3
15652,15652,1503614402739,-1,7,-11,-2,0,1,0,2
15653,15653,1503614402745,2,-3,1,-1,-5,-7,-5,-2
15654,15654,1503614402761,1,-15,-11,0,-3,-2,1,3
15655,15655,1503614402770,-6,-8,-8,-5,-1,0,-2,-3
15656,15656,1503614402783,5,-3,0,-2,0,2,-3,0
15657,15657,1503614402790,2,0,2,2,1,-2,1,2
15658,15658,1503614402805,-2,-6,-1,-2,-2,-2,-1,-3
15659,15659,1503614402808,-2,-5,-5,-3,-1,2,-2,-2
15660,15660,1503614402821,0,-8,-4,-2,-1,-3,-1,2
15661,15661,1503614402828,-4,0,1,0,0,1,0,1
15662,15662,1503614402837,-8,-6,-5,-4,-2,-1,-2,-2
15663,15663,1503614402850,1,5,-3,-2,1,-1,0,1
15664,15664,1503614402858,3,6,17,7,6,2,4,-1
15665,15665,1503614402873,4,-5,-7,-2,-2,-4,-1,0
15666,15666,1503614402881,-1,-2,-6,-3,-3,-3,-2,2
15667,15667,1503614402888,-5,-3,1,-1,0,-1,-2,1
15668,15668,1503614402903,3,-7,-1,-1,-2,0,3,18
15669,15669,1503614402911,-2,-5,-5,-1,0,3,0,-1
15670,15670,1503614402918,-1,2,2,0,-3,-2,-3,-6
15671,15671,1503614402933,-1,-2,-1,-1,0,0,0,2
15672,15672,1503614402941,-6,-6,1,-2,-2,0,-2,-6
15673,15673,1503614402948,3,14,21,3,-2,-1,1,-6
15674,15674,1503614402963,-2,-3,-6,-2,-3,-3,0,-2
15675,15675,1503614402972,-2,-15,-17,-5,-2,-3,-3,-1
15676,15676,1503614402978,2,4,-3,-2,-2,1,-2,-5
15677,15677,1503614402993,-5,-2,0,1,-1,0,0,1
15678,15678,1503614403002,3,1,-4,0,0,-2,-3,-7
15679,15679,1503614403008,0,2,-2,-2,-1,-4,0,1
15680,15680,1503614403023,-5,-1,-1,1,0,-1,-1,-2
15681,15681,1503614403030,-6,-11,-6,1,0,-3,0,0
15682,15682,1503614403038,7,13,0,0,0,-1,0,2
15683,15683,1503614403053,-4,4,5,-2,-1,1,-1,-3
15684,15684,1503614403061,-4,-2,2,-2,-2,0,-2,-2
15685,15685,1503614403070,-2,-6,-1,-2,-3,0,-1,-6
15686,15686,1503614403083,-5,-1,-11,-3,0,-1,-2,-1
15687,15687,1503614403090,-1,-1,-1,2,0,0,-3,-1
15688,15688,1503614403098,-2,-16,-8,-4,-4,-1,-3,-2
15689,15689,1503614403113,4,9,1,1,0,0,1,4
15690,15690,1503614403121,-7,2,0,-3,-1,0,0,-3
15691,15691,1503614403128,-2,1,-3,-1,-4,0,-2,-4
15692,15692,1503614403143,-1,-4,1,-2,0,-2,1,1
15693,15693,1503614403150,1,1,1,1,1,1,-2,0
15694,15694,1503614403158,-2,4,-2,-1,-2,2,1,0
15695,15695,1503614403174,6,14,19,7,4,2,3,3
15696,15696,1503614403181,7,3,2,-1,-1,-2,-3,-1
15697,15697,1503614403187,-2,0,-1,-1,-3,-1,-1,-1
15698,15698,1503614403188,-6,-10,-1,-3,0,-5,-1,-4
15699,15699,1503614403204,-1,1,3,2,0,3,4,-1
15700,15700,1503614403210,-1,-2,-8,0,0,2,-4,2
15701,15701,1503614403218,-3,-4,0,0,-1,-1,-3,-3
15702,15702,1503614403233,-6,2,2,1,0,0,-2,-1
15703,15703,1503614403247,-2,-7,-6,0,-2,-3,4,17
15704,15704,1503614403248,-2,-5,-7,-5,-2,-4,-1,-4
15705,15705,1503614403263,2,3,6,-2,-2,1,-3,-5
15706,15706,1503614403271,-1,-3,-5,-1,3,-1,1,1
15707,15707,1503614403278,1,0,-6,-2,1,1,0,-3
15708,15708,1503614403293,3,2,4,4,1,2,0,-2
15709,15709,1503614403301,1,-1,3,-2,1,-2,0,-1
15710,15710,1503614403308,3,10,-6,-3,-3,1,0,-2
15711,15711,1503614403322,-3,-6,-4,-5,-4,-4,-3,0
15712,15712,1503614403330,0,-4,-1,-3,-3,-1,0,3
15713,15713,1503614403339,-2,0,3,-1,0,0,1,-4
15714,15714,1503614403353,-2,-2,-7,-3,1,1,-2,1
15715,15715,1503614403361,-3,1,2,6,2,-6,-2,-4
15716,15716,1503614403368,-3,-9,-5,-4,-1,-1,-1,-15
15717,15717,1503614403383,-1,3,-3,-1,-3,-1,-1,-2
15718,15718,1503614403390,-10,-7,-6,-4,-5,-4,-6,-10
15719,15719,1503614403398,-2,-9,-5,-3,0,1,0,1
15720,15720,1503614403413,5,0,-5,0,0,1,0,2
15721,15721,1503614403421,-1,3,2,1,3,-1,-1,0
15722,15722,1503614403428,-1,-1,0,-3,-3,-1,2,4
15723,15723,1503614403443,-2,-2,-1,1,-3,-1,-1,-5
15724,15724,1503614403451,0,-3,1,-1,-1,-4,-1,-2
15725,15725,1503614403458,1,-4,-1,-3,0,-1,-1,-1
15726,15726,1503614403474,-1,-1,0,-1,-4,2,-3,-7
15727,15727,1503614403481,1,1,-1,-1,-4,-1,0,-2
15728,15728,1503614403488,-2,-10,-4,-2,-1,1,-3,-4
15729,15729,1503614403503,2,10,15,4,1,3,4,2
15730,15730,1503614403511,0,-1,2,-1,2,-1,0,4
15731,15731,1503614403518,-4,-5,-7,-3,0,0,-2,0
15732,15732,1503614403533,3,4,2,2,-3,2,1,3
15733,15733,1503614403542,-1,9,-3,-1,-2,-2,-1,-3
15734,15734,1503614403548,1,3,6,1,0,-4,1,2
15735,15735,1503614403569,-3,-5,-1,-1,0,-3,-2,-2
15736,15736,1503614403577,0,3,-2,-1,-1,0,-2,3
15737,15737,1503614403578,-5,-9,-6,-2,-3,-5,-3,-9
15738,15738,1503614403593,2,-3,-1,0,3,4,0,-1
15739,15739,1503614403601,0,-5,-6,-5,-5,-1,-3,2
15740,15740,1503614403610,0,3,0,0,7,2,1,2
15741,15741,1503614403623,1,15,15,5,1,1,0,2
15742,15742,1503614403631,-1,4,-8,-3,-7,-3,-2,1
15743,15743,1503614403645,-2,2,5,-3,-2,0,-1,-2
15744,15744,1503614403646,0,-11,-10,-2,2,-1,-1,-1
15745,15745,1503614403653,-1,-1,6,1,-1,-1,-1,1
15746,15746,1503614403661,-2,-8,-9,-1,0,1,-2,0
15747,15747,1503614403668,0,-1,1,-1,-3,-2,1,0
15748,15748,1503614403683,1,-1,0,-1,0,-1,0,3
15749,15749,1503614403690,-3,0,-1,-1,-4,-2,-1,4
15750,15750,1503614403709,2,-1,-2,-3,-2,-2,1,1
15751,15751,1503614403713,1,12,10,2,-1,-5,-1,-1
15752,15752,1503614403721,4,2,3,2,2,1,1,2
15753,15753,1503614403728,0,15,2,1,0,2,1,-2
15754,15754,1503614403743,-4,-3,1,-4,-4,-2,0,-4
15755,15755,1503614403750,1,-6,-4,-1,0,-2,-1,0
15756,15756,1503614403766,-2,-4,-2,-1,-1,0,1,0
15757,15757,1503614403774,6,-7,-4,-3,3,2,0,-2
15758,15758,1503614403781,-15,0,2,2,2,2,1,2
15759,15759,1503614403782,-3,-3,-5,-1,0,0,-2,-2
15760,15760,1503614403794,5,-2,-2,-1,-4,-6,-1,1
15761,15761,1503614403803,-6,-4,-6,-3,-1,3,-3,-4
15762,15762,1503614403810,-2,-7,-6,-2,1,3,-3,-1
15763,15763,1503614403826,1,0,0,1,2,-1,-1,-3
15764,15764,1503614403833,-6,-6,-5,-2,-3,-4,-2,1
15765,15765,1503614403842,1,1,-2,0,-2,-3,-1,1
15766,15766,1503614403854,-1,0,-2,-3,-1,-1,-1,-1
15767,15767,1503614403855,-4,-3,-2,-1,-2,0,-1,-1
15768,15768,1503614403863,-1,-2,2,1,-1,0,-2,-3
15769,15769,1503614403870,-3,-6,-3,-1,-3,-3,-1,4
15770,15770,1503614403886,-20,4,-3,0,0,3,1,-5
15771,15771,1503614403893,6,2,1,1,2,0,-1,-5
15772,15772,1503614403901,29,-2,-2,-4,-3,-2,3,24
15773,15773,1503614403915,-6,-1,-5,-2,0,-1,-2,-5
15774,15774,1503614403923,1,0,0,1,3,4,0,-3
15775,15775,1503614403930,2,-2,1,0,-2,0,0,-4
15776,15776,1503614403945,2,-2,-1,-1,-5,-4,-3,-3
15777,15777,1503614403953,-15,-10,-2,-3,1,0,3,-4
15778,15778,1503614403961,-1,2,1,2,-1,-1,0,-3
15779,15779,1503614403975,-13,-5,-7,-3,-1,-3,2,0
15780,15780,1503614403983,-4,1,7,1,0,-2,-4,9
15781,15781,1503614403990,7,-3,0,0,-2,1,-1,8
15782,15782,1503614404006,-5,-2,-2,-2,0,-1,-1,-11
15783,15783,1503614404013,5,8,-2,-3,-3,-1,-3,-4
15784,15784,1503614404021,-1,-8,-8,-3,0,-1,-1,-6
15785,15785,1503614404035,5,13,13,6,3,-1,-4,-9
15786,15786,1503614404043,-46,-9,-5,-3,-1,-4,-3,2
15787,15787,1503614404051,-4,-2,0,1,-4,-2,2,6
15788,15788,1503614404066,12,-1,0,-2,-1,0,-1,-4
15789,15789,1503614404075,0,5,12,1,1,1,4,-6
15790,15790,1503614404088,3,11,6,3,0,1,-1,-1
15791,15791,1503614404094,5,-4,-5,0,-1,-3,-3,-2
15792,15792,1503614404103,4,8,-4,-2,-2,0,-3,1
15793,15793,1503614404111,-25,-12,-12,-6,-1,2,-1,1
15794,15794,1503614404126,4,-4,-1,0,-1,1,-2,-1
15795,15795,1503614404133,10,8,3,1,-1,-2,1,2
15796,15796,1503614404142,0,-4,-5,-4,-3,-3,-1,-5
15797,15797,1503614404155,-14,7,6,0,-1,1,-2,-5
15798,15798,1503614404162,54,24,14,5,1,0,1,12
15799,15799,1503614404170,2,-17,-12,-5,-3,-2,-3,-4
15800,15800,1503614404185,0,4,10,2,1,1,1,2
15801,15801,1503614404193,3,-1,0,-1,1,-1,-1,1
15802,15802,1503614404201,-11,-8,-6,1,1,0,0,-4
15803,15803,1503614404214,3,7,-2,-4,-3,-2,-4,-4
15804,15804,1503614404215,-3,-5,2,3,-1,-2,-2,3
15805,15805,1503614404223,-5,7,10,0,1,0,-4,0
15806,15806,1503614404230,8,-4,-4,-7,2,1,2,0
15807,15807,1503614404246,-6,2,3,-1,-4,0,0,-6
15808,15808,1503614404253,0,-1,-1,-4,-2,0,-2,1
15809,15809,1503614404261,-10,-15,-9,-4,-2,-1,-1,4
15810,15810,1503614404277,-14,-1,1,1,-2,-1,4,-11
15811,15811,1503614404283,-7,2,0,-1,-5,-3,-3,-26
15812,15812,1503614404290,10,0,4,0,0,-1,-1,7
15813,15813,1503614404305,-28,-8,-8,-1,4,-2,-3,0
15814,15814,1503614404313,-3,0,-4,-1,-2,-1,0,-5
15815,15815,1503614404321,21,-7,-9,-4,-2,-1,5,14
15816,15816,1503614404335,5,3,-1,-1,1,1,-2,9
15817,15817,1503614404343,6,6,10,3,1,0,1,2
15818,15818,1503614404351,3,-3,-8,-3,-6,-3,-2,1
15819,15819,1503614404365,-4,12,4,0,1,0,0,10
15820,15820,1503614404373,3,8,7,2,-1,-1,-5,-12
15821,15821,1503614404385,-3,-12,-10,-2,-4,-1,-3,-3
15822,15822,1503614404394,-7,-8,-4,-1,-2,1,0,0
15823,15823,1503614404395,3,-1,-7,-1,-3,-1,-1,1
15824,15824,1503614404403,7,1,5,-1,0,-1,1,6
15825,15825,1503614404411,-24,-16,-8,-1,0,-3,-2,-3
15826,15826,1503614404425,5,-12,-11,-1,-1,28,-2,-10
15827,15827,1503614404433,10,5,5,-1,1,-1,3,9
15828,15828,1503614404443,-2,1,-15,-4,-2,-21,-1,-5
15829,15829,1503614404454,2,1,-3,-2,2,-11,-1,4
15830,15830,1503614404462,-11,-13,-6,-4,-1,-6,0,-2
15831,15831,1503614404470,-1,-2,4,-3,-3,-1,0,2
15832,15832,1503614404485,12,1,-7,0,-2,-3,2,3
15833,15833,1503614404486,-23,0,6,2,2,-2,-2,-5
15834,15834,1503614404493,3,-6,-3,-2,-2,3,-3,-3
15835,15835,1503614404501,0,-8,-2,-2,-1,-3,-1,0
15836,15836,1503614404514,-8,2,-5,-1,-5,-2,-3,-8
15837,15837,1503614404515,6,5,2,2,3,3,0,9
15838,15838,1503614404523,-1,0,-2,-3,-2,1,-1,-10
15839,15839,1503614404530,1,10,3,3,-1,-1,-1,-1
15840,15840,1503614404545,-5,-8,-2,-2,-1,-2,-1,-2
15841,15841,1503614404553,14,6,-7,0,-1,2,2,4
15842,15842,1503614404561,-7,11,-1,0,1,2,3,2
15843,15843,1503614404574,0,-1,-2,0,-1,-1,-2,-5
15844,15844,1503614404583,13,8,-6,-2,-3,-2,-2,1
15845,15845,1503614404590,-7,-7,0,1,0,0,-4,-2
15846,15846,1503614404605,2,4,5,4,3,1,0,0
15847,15847,1503614404613,-1,-1,-5,-3,-3,2,3,0
15848,15848,1503614404622,2,-3,-2,0,-4,-3,0,5
15849,15849,1503614404634,2,-2,1,2,1,2,3,0
15850,15850,1503614404645,3,-1,2,-1,-2,-1,1,11
15851,15851,1503614404650,6,-3,3,-2,1,1,1,10
15852,15852,1503614404665,-2,-5,11,0,-1,-3,-1,-8
15853,15853,1503614404673,1,8,10,4,4,-1,0,-16
15854,15854,1503614404681,5,-9,-9,-1,-1,-2,-3,-5
15855,15855,1503614404694,-10,-7,-7,-5,-1,-3,-3,0
15856,15856,1503614404702,-5,-3,0,3,-2,0,-2,-1
15857,15857,1503614404717,-19,-8,-6,0,-3,0,3,-3
15858,15858,1503614404725,11,0,1,0,2,1,1,0
15859,15859,1503614404732,2,-7,-9,-2,-2,-2,-1,0
15860,15860,1503614404748,-1,4,-6,-4,0,0,-1,-10
15861,15861,1503614404754,-6,-4,0,0,-1,-2,-8,-11
15862,15862,1503614404762,-2,-7,-12,-8,-4,-5,-4,6
15863,15863,1503614404778,-12,8,7,0,-1,-2,-1,3
15864,15864,1503614404785,-48,-12,1,-1,-3,-3,-4,0
15865,15865,1503614404793,-10,-8,-10,-5,-5,0,-3,-3
15866,15866,1503614404815,0,-2,-1,-2,-2,-1,1,1
15867,15867,1503614404822,-6,10,13,-1,-1,-2,0,-2
15868,15868,1503614404823,12,4,2,0,1,1,2,0
15869,15869,1503614404837,16,20,3,0,2,3,-1,-5
15870,15870,1503614404846,7,15,11,4,3,2,-2,1
15871,15871,1503614404854,0,0,1,1,-2,-4,-2,6
15872,15872,1503614404868,8,-2,-9,-4,-3,-3,0,-4
15873,15873,1503614404875,-5,24,20,3,0,0,2,2
15874,15874,1503614404883,14,1,-3,3,2,1,-1,1
15875,15875,1503614404897,10,-9,-9,-3,1,-1,1,-7
15876,15876,1503614404905,-1,6,9,1,3,-1,3,3
15877,15877,1503614404913,-1,-4,-4,-1,-2,-2,-4,-4
15878,15878,1503614404928,0,-10,-9,-4,-4,-2,-2,-3
15879,15879,1503614404935,6,-3,2,1,1,0,-2,2
15880,15880,1503614404943,2,6,2,-1,-2,1,0,6
15881,15881,1503614404957,-10,-12,-5,-3,1,-3,-2,-3
15882,15882,1503614404965,-9,12,7,1,0,-1,2,-5
15883,15883,1503614404973,4,-1,-6,-11,-2,0,-1,2
15884,15884,1503614404988,-5,4,8,-1,-2,-4,-2,-3
15885,15885,1503614404994,3,-4,-4,3,-1,-1,-1,0
15886,15886,1503614405003,2,5,1,4,0,0,-1,-2
15887,15887,1503614405017,-5,2,14,7,1,3,5,9
15888,15888,1503614405025,4,-2,-2,-2,0,-3,0,-1
15889,15889,1503614405032,4,-2,-2,-2,0,0,0,-8
15890,15890,1503614405048,5,-2,-3,-2,-1,3,1,2
15891,15891,1503614405055,-19,-11,-8,-2,-2,-2,-1,-2
15892,15892,1503614405063,-45,-19,-11,-3,-1,-3,-3,-4
15893,15893,1503614405077,2,-1,-1,0,-3,-3,-3,-3
15894,15894,1503614405085,3,-9,-5,-5,-3,-2,-3,-1
15895,15895,1503614405093,-1,10,6,1,3,1,2,5
15896,15896,1503614405108,12,-2,3,-1,0,-1,-1,1
15897,15897,1503614405115,-1,-3,-7,-2,-4,-2,-4,-2
15898,15898,1503614405123,36,11,5,-2,2,0,-2,-3
15899,15899,1503614405137,8,-5,1,0,-1,1,1,0
15900,15900,1503614405149,12,-3,-1,1,-2,0,2,17
15901,15901,1503614405153,-5,4,1,-3,0,-2,-1,-11
15902,15902,1503614405168,-5,-2,-2,1,0,0,-2,-8
15903,15903,1503614405175,18,4,3,0,-1,0,-2,2
15904,15904,1503614405183,4,7,6,1,2,1,1,2
15905,15905,1503614405197,2,-13,-5,0,0,-1,3,17
15906,15906,1503614405205,-16,-4,-1,-2,-4,-3,-4,-19
15907,15907,1503614405215,2,12,12,1,-1,1,-4,-14
15908,15908,1503614405228,-7,-1,-5,-1,-1,-2,0,7
15909,15909,1503614405235,2,12,-1,0,-1,1,2,6
15910,15910,1503614405243,-27,-5,1,-1,-1,-1,-2,-12
15911,15911,1503614405259,-12,-9,-11,-6,-2,-1,-2,0
15912,15912,1503614405265,18,2,1,-1,-1,1,1,6
15913,15913,1503614405273,-5,-3,-1,-5,-3,-3,-1,-1
15914,15914,1503614405288,4,-2,-1,-1,0,-2,1,5
15915,15915,1503614405295,24,-9,-7,-2,0,1,1,5
15916,15916,1503614405304,17,3,1,1,1,-2,-1,5
15917,15917,1503614405317,1,-16,-12,-2,0,-3,-3,12
15918,15918,1503614405325,27,21,15,5,1,1,3,15
15919,15919,1503614405339,-5,-7,-8,0,0,1,5,-10
15920,15920,1503614405348,-26,-18,-11,-3,-3,-1,-3,-4
15921,15921,1503614405362,-7,3,1,0,0,-3,-5,-1
15922,15922,1503614405364,-6,-4,-5,-5,-4,0,-2,-12
15923,15923,1503614405377,-36,-3,-2,0,0,0,-3,-9
15924,15924,1503614405385,3,0,0,0,-2,-4,-4,0
15925,15925,1503614405393,3,-1,4,1,1,0,3,9
15926,15926,1503614405408,4,2,-1,1,0,2,1,-3
15927,15927,1503614405415,-5,12,5,0,-2,0,-3,-19
15928,15928,1503614405424,-6,-5,-4,-2,-3,-4,-5,-17
15929,15929,1503614405437,6,-1,-2,-4,-2,-4,0,22
15930,15930,1503614405445,10,0,0,-2,0,-1,3,13
15931,15931,1503614405453,15,1,0,1,1,1,2,2
15932,15932,1503614405468,-28,-14,-12,-7,-2,-1,-5,-10
15933,15933,1503614405475,-12,-7,-4,-3,0,-4,-4,-34
15934,15934,1503614405484,34,-4,-1,-1,-1,-2,-1,16
15935,15935,1503614405485,-19,6,4,1,-2,-2,-6,-35
15936,15936,1503614405497,-3,-8,2,1,-3,-3,-2,23
15937,15937,1503614405505,-1,3,2,1,-2,1,-2,7
15938,15938,1503614405513,27,11,0,-1,-3,-1,0,-6
15939,15939,1503614405528,29,-3,-6,-1,-1,-1,-1,15
15940,15940,1503614405535,-1,-8,-4,0,-1,1,0,-7
15941,15941,1503614405543,13,1,-5,-1,1,2,6,-3
15942,15942,1503614405557,-8,-3,3,0,-1,-3,0,-4
15943,15943,1503614405565,-6,-3,0,2,-1,-1,0,-5
15944,15944,1503614405572,-3,-8,-5,-1,0,-2,-3,0
15945,15945,1503614405573,-5,1,-5,-3,-2,2,-1,-3
15946,15946,1503614405588,2,2,8,6,1,1,1,17
15947,15947,1503614405595,2,1,3,-1,1,0,-4,7
15948,15948,1503614405603,27,24,17,5,4,3,5,17
15949,15949,1503614405617,7,12,-2,0,0,-2,-1,5
15950,15950,1503614405625,12,5,-11,-3,1,0,5,-12
15951,15951,1503614405633,-9,-9,-3,-1,-2,-2,-3,-11
15952,15952,1503614405650,-21,-13,-3,-1,1,-4,-5,-2
15953,15953,1503614405655,0,-4,-6,-2,-3,-2,-1,2
15954,15954,1503614405670,-14,0,0,-5,-3,1,-3,2
15955,15955,1503614405677,-15,-8,-5,-2,0,-3,-2,-27
15956,15956,1503614405686,-5,-5,-5,-1,0,1,-1,-1
15957,15957,1503614405699,-6,-5,-3,-3,-4,1,0,14
15958,15958,1503614405708,-7,8,1,-1,-3,-5,0,1
15959,15959,1503614405717,-6,6,2,-1,-1,-2,1,-12
15960,15960,1503614405730,-1,-10,-5,-6,-3,-5,-4,1
15961,15961,1503614405737,5,12,9,2,1,-1,0,3
15962,15962,1503614405745,-7,3,6,5,2,0,-7,-7
15963,15963,1503614405759,27,7,1,0,3,1,1,10
15964,15964,1503614405767,2,-10,-3,-2,-2,-2,1,5
15965,15965,1503614405775,-5,-7,-4,-2,-2,-1,0,2
15966,15966,1503614405790,19,8,5,2,-3,-2,4,46
16055,16055,1503614406683,-5,-5,-10,-5,-3,-3,-4,-7
16056,16056,1503614406690,-6,-7,-12,-3,0,-1,-1,-6
16057,16057,1503614406698,3,-4,0,-2,-2,-2,-1,0
16058,16058,1503614406712,-3,-10,-3,-2,-2,1,-1,-4
16059,16059,1503614406722,1,2,8,1,1,0,-2,-12
16060,16060,1503614406728,3,17,20,7,3,1,0,8
16061,16061,1503614406743,5,3,-1,-2,-1,-3,2,10
16062,16062,1503614406750,12,14,11,0,-3,-2,2,12
16063,16063,1503614406758,-5,-9,-8,-2,-2,-3,-2,-2
16064,16064,1503614406773,-5,2,3,0,-2,3,-1,-13
16065,16065,1503614406781,-1,18,19,6,1,1,-2,1
16066,16066,1503614406789,4,-8,-8,-4,-3,-1,-3,-15
16067,16067,1503614406809,-5,-6,-4,-3,-3,-2,1,-5
16068,16068,1503614406811,1,-3,-2,-4,1,-2,-1,1
16069,16069,1503614406818,2,0,-2,-2,-3,-1,0,9
16070,16070,1503614406833,-8,-11,-12,-3,-3,-2,0,-5
16071,16071,1503614406840,-12,2,4,1,1,2,-4,-22
16072,16072,1503614406847,6,14,9,1,-1,-1,-3,-3
16073,16073,1503614406864,-2,-10,-8,-4,0,0,1,0
16074,16074,1503614406870,-7,-2,-3,1,1,0,-1,-3
16075,16075,1503614406878,1,4,7,-1,1,-4,-1,5
16076,16076,1503614406893,5,-7,-8,-4,-2,-1,0,8
16077,16077,1503614406901,1,1,-3,2,-2,0,0,2
16078,16078,1503614406907,0,3,5,0,2,1,1,-2
16079,16079,1503614406928,1,-1,-5,-3,-1,-3,-1,-2
16080,16080,1503614406931,-8,-3,-5,-1,-1,-2,-4,-21
16081,16081,1503614406938,2,-1,-5,-3,-3,-1,0,2
16082,16082,1503614406952,3,4,0,0,-1,-1,3,7
16083,16083,1503614406961,3,21,23,5,2,2,0,1
16084,16084,1503614406967,-1,-3,-2,-4,-1,-1,-1,4
16085,16085,1503614406983,-2,-1,-5,-3,1,1,-1,0
16086,16086,1503614406990,-2,2,4,-1,-1,-2,-3,3
16087,16087,1503614406998,0,2,8,3,1,2,-1,-3
16088,16088,1503614407013,-20,-1,-10,1,0,-1,-2,-23
16089,16089,1503614407021,0,-7,-11,-1,-2,-2,-1,7
16090,16090,1503614407028,0,-10,-7,-2,-2,0,-3,-3
16091,16091,1503614407043,-6,-3,-5,1,0,0,-3,-15
16092,16092,1503614407050,7,15,15,5,1,2,2,8
16093,16093,1503614407058,3,-3,-4,-1,-3,-3,-2,-1
16094,16094,1503614407073,2,-4,-7,-3,0,0,1,-1
16095,16095,1503614407080,-4,-6,-2,-2,1,-1,0,-4
16096,16096,1503614407087,-1,-15,-13,-6,-2,-2,-1,4
16097,16097,1503614407103,-1,-3,0,-1,-1,-2,-1,-2
16098,16098,1503614407110,-5,-2,5,3,0,-1,-2,1
16099,16099,1503614407118,-6,-3,-4,-4,-2,0,3,4
16100,16100,1503614407133,6,-13,-16,-5,-5,-1,0,3
16101,16101,1503614407140,-2,10,5,0,-1,-1,0,-8
16102,16102,1503614407148,-3,16,21,2,-1,0,2,-17
16103,16103,1503614407163,7,0,-2,1,-1,-1,-2,-6
16104,16104,1503614407170,-1,-5,-8,-1,-1,1,-1,-2
16105,16105,1503614407178,-1,0,7,0,0,-2,0,4
16106,16106,1503614407193,8,11,5,2,0,2,0,20
16107,16107,1503614407200,-2,-9,-9,-2,-1,-3,-4,-1
16108,16108,1503614407207,-1,-2,3,-2,0,-3,0,1
16109,16109,1503614407225,11,-5,-9,-3,-2,0,1,6
16110,16110,1503614407230,-3,-1,1,1,-1,0,-1,2
16111,16111,1503614407238,-7,-4,1,1,-1,-3,-1,0
16112,16112,1503614407252,-7,1,-1,0,-1,0,1,-9
16113,16113,1503614407266,-4,0,1,0,1,1,1,4
16114,16114,1503614407268,-2,-3,-2,-1,-2,-3,-2,-1
16115,16115,1503614407283,4,0,-2,-2,-1,3,2,8
16116,16116,1503614407292,1,1,4,0,-1,1,-1,1
16117,16117,1503614407298,0,-4,-7,-3,-3,0,3,0
16118,16118,1503614407312,-3,-3,-6,-2,-1,-3,-5,-3
16119,16119,1503614407320,-3,0,-1,-1,-3,-4,-2,-1
16120,16120,1503614407329,-2,-1,1,0,1,-1,2,3
16121,16121,1503614407343,0,-2,0,0,0,0,-5,0
16122,16122,1503614407350,0,0,1,-5,-2,0,-1,1
16123,16123,1503614407359,-3,0,-1,0,-1,-1,-2,-5
16124,16124,1503614407372,0,1,2,3,1,-5,-2,-1
16125,16125,1503614407381,2,-2,1,0,0,0,0,3
16126,16126,1503614407395,5,3,0,1,0,1,2,8
16127,16127,1503614407403,-1,1,-1,0,-1,0,-3,0
16128,16128,1503614407410,-2,-3,-2,0,-2,0,-1,-1
16129,16129,1503614407418,-3,1,3,0,1,0,-1,0
16130,16130,1503614407434,-10,-3,-3,-2,-3,-1,-2,-29
16131,16131,1503614407441,-6,-1,-2,-4,-1,-4,-1,-3
16132,16132,1503614407448,1,-10,-6,-2,-2,-1,4,17
16133,16133,1503614407464,2,0,-14,-3,-1,1,1,-2
16134,16134,1503614407470,9,-1,-5,-1,0,0,0,31
16135,16135,1503614407485,-1,-5,-13,-2,-3,-2,0,11
16136,16136,1503614407493,1,4,8,1,2,-1,-4,-9
16137,16137,1503614407501,-4,-1,6,-1,-2,-1,-3,-11
16138,16138,1503614407515,-1,0,3,-1,0,-2,0,1
16139,16139,1503614407523,-4,-1,4,-2,-1,-1,-2,-8
16140,16140,1503614407530,-6,-19,-10,-2,-5,2,2,-6
16141,16141,1503614407545,5,-5,9,-3,0,1,3,9
16142,16142,1503614407552,1,20,29,7,3,0,-1,-14
16143,16143,1503614407561,5,9,4,5,0,-3,1,-5
16144,16144,1503614407575,-4,-4,-6,0,-2,-4,-4,-9
16145,16145,1503614407583,-2,4,2,1,-1,1,0,-11
16146,16146,1503614407592,-3,4,1,1,-1,1,-2,2
16147,16147,1503614407605,-2,-4,-9,-3,0,-4,-4,-9
16148,16148,1503614407612,3,-2,-7,-4,0,0,1,10
16149,16149,1503614407620,0,-2,1,3,0,-1,1,5
16150,16150,1503614407635,0,1,-1,0,-2,-1,-2,-2
16151,16151,1503614407643,3,2,0,-4,0,1,0,2
16152,16152,1503614407650,-2,-4,-3,-5,-1,1,0,1
16153,16153,1503614407665,-5,1,3,-1,0,-3,-2,-5
16154,16154,1503614407666,1,0,2,1,0,1,3,7
16155,16155,1503614407673,-1,-7,-10,-5,-2,-4,-3,-5
16156,16156,1503614407681,0,16,26,7,1,1,-1,-6
16157,16157,1503614407695,8,6,-4,0,0,-4,-3,9
16158,16158,1503614407703,-4,-7,-8,-3,-1,-3,0,4
16159,16159,1503614407710,-3,-2,0,-1,-1,1,2,-3
16160,16160,1503614407727,2,-2,-5,-1,-2,-1,-3,4
16161,16161,1503614407733,0,0,-2,0,-2,2,1,-4
16162,16162,1503614407741,-5,-5,-6,-3,-2,1,-3,-7
16163,16163,1503614407755,-1,-1,0,-1,1,0,-4,-1
16164,16164,1503614407763,-3,-2,-3,-4,-2,0,0,-4
16165,16165,1503614407770,9,14,14,6,0,1,2,14
16166,16166,1503614407785,6,-3,-7,-4,-2,-2,0,15
16167,16167,1503614407794,-6,-19,-14,-2,-2,-2,-2,-8
16168,16168,1503614407801,-3,-4,-6,2,-2,-1,-2,-3
16169,16169,1503614407815,-2,-5,-5,-4,-1,1,-1,-7
16170,16170,1503614407823,-2,-2,-4,-4,1,-2,2,-6
16171,16171,1503614407831,8,2,-2,-4,0,0,0,-18
16172,16172,1503614407846,8,5,4,3,-2,-2,0,18
16173,16173,1503614407853,-7,-2,-6,-1,-2,-2,-2,-1
16174,16174,1503614407861,-2,3,20,3,1,-4,-3,-5
16175,16175,1503614407875,-9,-11,-6,-3,-3,-1,0,-2
16176,16176,1503614407883,-5,-3,-21,-10,-5,3,-3,-2
16177,16177,1503614407890,5,16,23,7,3,-1,0,-1
16178,16178,1503614407905,-7,2,-3,2,1,0,-4,-7
16179,16179,1503614407912,-3,4,1,0,0,-2,-3,-4
16180,16180,1503614407931,-6,-10,-7,-1,0,1,-1,-11
16181,16181,1503614407935,2,1,0,-3,-1,-1,1,15
16182,16182,1503614407936,-1,1,1,3,-1,-3,0,-5
16183,16183,1503614407943,6,1,4,0,-1,-3,-1,7
16184,16184,1503614407950,-1,3,-2,0,0,0,-1,-1
16185,16185,1503614407965,-2,-2,-1,-2,-3,-2,2,-7
16186,16186,1503614407972,3,-3,-7,-3,-1,1,-1,9
16187,16187,1503614407980,-2,-1,1,1,0,0,1,4
16188,16188,1503614407996,-4,-9,-6,-6,-3,0,1,-1
16189,16189,1503614408004,10,13,6,-1,-1,-4,-4,8
16190,16190,1503614408010,-6,-4,0,-4,-2,1,1,-6
16191,16191,1503614408025,-2,-17,-13,-2,0,0,1,5
16192,16192,1503614408033,4,12,21,9,0,-2,-1,-3
16193,16193,1503614408048,-8,-14,-7,-4,1,-2,-1,-5
16194,16194,1503614408055,-2,15,14,2,0,2,2,-2
16195,16195,1503614408063,0,0,2,-3,-1,2,5,13
16196,16196,1503614408071,3,-2,-5,-2,-2,-4,-5,0
16197,16197,1503614408085,-9,3,4,4,0,-5,-9,-50
16198,16198,1503614408093,-6,-9,-15,-4,-2,0,-1,7
16199,16199,1503614408100,0,2,3,-1,-1,2,-1,-8
16200,16200,1503614408115,-8,-3,-3,0,-2,-2,-5,-15
16201,16201,1503614408116,-2,-7,-8,1,-1,-1,-1,-1
16202,16202,1503614408123,-4,0,1,1,0,3,-1,6
16203,16203,1503614408130,-6,-18,-11,-9,-4,-4,0,3
16204,16204,1503614408145,13,34,33,8,2,1,2,7
16205,16205,1503614408152,-3,-1,-6,-3,0,1,-6,-6
16206,16206,1503614408163,-2,4,-15,-8,-4,-1,2,-6
16207,16207,1503614408176,-6,6,9,5,1,-2,-7,-11
16208,16208,1503614408183,4,-13,-11,-6,0,1,2,22
16209,16209,1503614408190,1,1,-5,-2,-1,-1,1,2
16210,16210,1503614408205,-9,-11,-5,3,1,4,3,-5
16211,16211,1503614408212,-4,-11,-7,-3,1,-3,-1,-10
16212,16212,1503614408221,-1,-4,-24,-6,0,-3,-1,0
16213,16213,1503614408237,8,25,13,5,0,0,3,8
16214,16214,1503614408243,-6,-12,-9,-5,-5,-6,-5,0
16215,16215,1503614408250,2,0,3,2,-1,-2,-1,4
16216,16216,1503614408266,-2,-14,2,-3,-4,-3,-2,-4
16217,16217,1503614408273,0,-5,0,-2,1,0,-4,7
16218,16218,1503614408281,13,9,4,-2,0,-1,1,9
16219,16219,1503614408297,3,-3,-3,-6,-1,1,6,11
16220,16220,1503614408304,0,18,29,14,2,1,-5,-4
16221,16221,1503614408310,-2,3,5,3,-2,0,-1,0
16222,16222,1503614408325,-4,-6,-6,-4,-1,-2,-3,-5
16223,16223,1503614408333,-6,-18,-16,-3,0,2,0,-8
16224,16224,1503614408340,-1,7,12,6,2,-2,1,-4
16225,16225,1503614408365,-1,-5,-8,-4,-1,1,2,7
16226,16226,1503614408370,-2,0,5,3,-2,-3,-2,-5
16227,16227,1503614408385,-2,-4,-3,-5,-6,-3,-1,3
16228,16228,1503614408392,3,-1,-7,-3,0,-3,0,-3
16229,16229,1503614408408,0,-4,-9,-5,1,0,3,7
16230,16230,1503614408415,-3,-4,-3,-11,-16,-1,-5,-12
16231,16231,1503614408423,-4,-12,-9,-3,1,1,-1,-11
16232,16232,1503614408430,6,31,29,7,0,1,1,-4
16233,16233,1503614408431,8,-6,-6,-1,-1,1,2,15
16234,16234,1503614408445,-1,-3,3,-1,-1,-4,2,2
16235,16235,1503614408452,6,22,19,9,5,-3,1,-3
16236,16236,1503614408468,-10,-5,-13,0,-1,-4,-6,-16
16237,16237,1503614408475,-1,4,7,5,6,-1,-4,-10
16238,16238,1503614408483,1,4,7,-1,-1,-2,-6,9
16239,16239,1503614408499,-11,-8,-11,-3,-4,-6,-2,-23
16240,16240,1503614408505,1,1,2,0,0,-2,-1,4
16241,16241,1503614408512,-4,6,8,2,8,2,1,-13
16242,16242,1503614408528,4,6,9,6,1,0,-1,0
16243,16243,1503614408535,-3,-8,-14,-5,-4,-3,-5,0
16244,16244,1503614408543,2,10,11,9,5,3,-1,5
16245,16245,1503614408557,-10,-19,-13,-2,-1,1,-1,-9
16246,16246,1503614408567,6,17,19,4,-1,-4,1,-9
16247,16247,1503614408572,1,-4,-3,-2,-2,-1,1,13
16248,16248,1503614408587,-6,-16,-9,-8,-2,-1,3,4
16249,16249,1503614408588,-9,-11,-10,-11,-4,-2,2,-1
16250,16250,1503614408596,2,10,10,4,1,-1,-6,3
16251,16251,1503614408603,1,-1,-4,0,0,-1,-1,-7
16252,16252,1503614408617,0,-10,-11,-5,-1,-3,0,2
16253,16253,1503614408625,0,3,4,0,1,1,0,10
16254,16254,1503614408633,7,12,1,1,1,0,5,19
16255,16255,1503614408647,-9,-16,-14,-3,5,0,-1,-6
16256,16256,1503614408655,13,11,5,-3,-3,0,10,30
16257,16257,1503614408667,5,-2,-3,0,1,-1,-2,0
16258,16258,1503614408677,-15,-17,-8,-1,-2,-1,-11,-31
16259,16259,1503614408685,2,11,23,6,-1,2,3,-4
16260,16260,1503614408693,-11,-12,-6,-7,-6,-2,-5,-16
16261,16261,1503614408707,6,6,5,2,3,5,1,2
16262,16262,1503614408715,0,-2,-3,-2,-2,-4,-5,-2
16263,16263,1503614408723,1,-3,-2,1,2,-1,6,7
16264,16264,1503614408737,2,2,-1,4,2,2,5,6
16265,16265,1503614408745,-6,-6,-8,-3,-1,-1,-6,-9
16266,16266,1503614408752,-4,3,-6,-8,-8,-3,-2,0
16267,16267,1503614408768,5,7,-8,-4,-6,-1,-3,2
16268,16268,1503614408775,17,21,16,5,1,2,0,7
16269,16269,1503614408783,-8,-11,-15,-4,-2,-1,-3,-9
16270,16270,1503614408799,-5,-2,2,-3,-4,-2,-3,-5
16271,16271,1503614408805,-1,-4,-1,-3,-6,-3,-4,-5
16272,16272,1503614408812,0,-5,1,7,10,0,2,0
16273,16273,1503614408827,2,1,2,29,12,4,2,4
16274,16274,1503614408835,0,1,1,1,4,1,0,2
16275,16275,1503614408843,-3,-4,-6,-12,-7,-4,-1,-3
16276,16276,1503614408857,-2,-2,-2,1,5,2,-3,-12
16277,16277,1503614408866,-3,14,-12,-8,-3,-2,-1,-1
16278,16278,1503614408873,-2,-3,-2,-7,-9,-3,-6,0
16279,16279,1503614408887,2,-10,-6,-6,-1,-1,1,6
16280,16280,1503614408895,-1,4,7,4,1,0,1,-6
16281,16281,1503614408903,-4,-9,-4,-5,-3,0,2,-1
16282,16282,1503614408917,1,1,6,-7,4,-2,2,4
16283,16283,1503614408925,-1,-5,-1,-9,-5,-3,-5,4
16284,16284,1503614408934,-7,-23,-13,-2,-3,2,2,3
16285,16285,1503614408947,-1,-2,-11,-8,-1,-6,-3,0
16286,16286,1503614408948,4,18,8,-1,-6,-1,0,-1
16287,16287,1503614408955,-1,14,8,4,0,2,2,-2
16288,16288,1503614408963,-3,-15,-22,-7,-3,-1,-2,-3
16289,16289,1503614408977,-3,1,-2,-3,2,0,2,4
16290,16290,1503614408978,1,1,10,2,-1,-5,-2,0
16291,16291,1503614408992,6,-1,6,4,6,-3,-1,16
16292,16292,1503614408993,4,-1,-6,-6,-5,2,4,20
16293,16293,1503614409008,5,-1,11,0,-5,-1,-3,-6
16294,16294,1503614409015,-7,-13,-11,-4,2,2,-3,-6
16295,16295,1503614409023,4,-2,6,-2,-4,0,3,-2
16296,16296,1503614409038,6,10,1,4,0,2,-2,-4
16297,16297,1503614409045,-1,-5,-7,-3,3,-1,-4,-7
16298,16298,1503614409053,-13,-23,-14,-6,-4,-5,-2,-6
16299,16299,1503614409068,-5,5,2,3,0,3,3,5
16300,16300,1503614409076,2,3,-5,-3,-8,-2,1,5
16301,16301,1503614409083,-13,-3,-8,-6,-1,-1,-4,-15
16302,16302,1503614409097,16,3,4,8,7,3,4,19
16303,16303,1503614409105,-17,-2,-5,8,4,-1,1,-2
16304,16304,1503614409112,5,4,-9,-3,-2,3,5,-2
16305,16305,1503614409127,13,20,28,8,6,2,-4,-8
16306,16306,1503614409128,1,-16,-7,-4,0,2,4,26
16307,16307,1503614409135,-15,-16,-16,-11,-8,-7,-8,-18
16308,16308,1503614409143,4,-16,-3,3,1,1,-1,-2
16309,16309,1503614409157,6,10,26,4,-2,-5,-3,1
16310,16310,1503614409172,-39,-12,-10,-15,-4,-1,-8,-27
16311,16311,1503614409179,-2,25,18,22,8,4,1,-1
16312,16312,1503614409187,28,-4,-15,-1,-2,-3,-5,8
16313,16313,1503614409204,5,-4,-13,-6,2,1,3,-8
16314,16314,1503614409205,-2,6,5,-4,-7,-4,-5,-9
16315,16315,1503614409217,3,10,8,4,1,-4,-5,-4
16316,16316,1503614409225,-1,1,10,5,4,4,-1,-16
16317,16317,1503614409235,-3,6,-5,-3,3,0,-1,-2
16318,16318,1503614409247,2,4,0,-5,-8,-2,-6,-16
16319,16319,1503614409255,-12,-13,-12,-12,-5,-3,0,1
16320,16320,1503614409264,3,6,10,2,0,1,2,12
16321,16321,1503614409277,-12,-13,-9,-7,-8,-2,0,-4
16322,16322,1503614409285,-5,15,-10,0,1,0,6,-5
16323,16323,1503614409293,18,6,0,0,0,-1,-4,8
16324,16324,1503614409307,-8,-11,-9,-5,-1,-4,1,5
16325,16325,1503614409315,2,-3,-4,2,-3,3,4,6
16326,16326,1503614409323,12,13,15,6,1,2,1,2
16327,16327,1503614409338,-11,-8,2,-4,-5,-3,-6,-14
16328,16328,1503614409346,18,10,2,1,0,1,5,29
16329,16329,1503614409352,15,10,2,-1,4,0,0,5
16330,16330,1503614409369,9,-11,-6,-5,-2,-4,1,22
16331,16331,1503614409375,-27,-7,-9,-4,-3,-2,0,-8
16332,16332,1503614409390,12,5,14,8,3,2,-3,-17
16333,16333,1503614409397,-2,-7,0,-1,-1,-1,-3,11
16334,16334,1503614409408,-5,-5,8,0,0,-2,0,-5
16335,16335,1503614409419,11,10,14,3,0,0,-2,-10
16336,16336,1503614409427,-7,-6,-6,-2,-2,-3,-1,-1
16337,16337,1503614409436,-14,-8,-6,3,0,-3,0,-10
16338,16338,1503614409450,-17,-8,-10,-8,-5,-2,-5,-13
16339,16339,1503614409458,1,14,26,12,7,4,2,-1
16340,16340,1503614409466,-1,9,4,2,1,2,6,-1
16341,16341,1503614409479,-24,-1,14,2,-3,1,0,10
16342,16342,1503614409487,-3,-4,2,2,-3,-4,-8,-16
16343,16343,1503614409495,8,-6,-13,-7,-3,-1,1,6
16344,16344,1503614409511,-6,1,-4,-3,-4,-1,-4,-1
16345,16345,1503614409517,2,-3,-7,-2,0,-4,-2,-4
16346,16346,1503614409525,-3,-4,2,-1,3,0,0,3
16347,16347,1503614409539,25,37,20,3,0,-1,2,11
16348,16348,1503614409547,4,-4,-4,-4,-1,1,0,10
16349,16349,1503614409555,-2,-2,-5,-5,-4,-2,-6,0
16350,16350,1503614409570,-5,2,4,0,-1,1,0,-2
16351,16351,1503614409577,-5,-22,-19,-9,-6,-2,-3,-5
16352,16352,1503614409585,-3,-7,1,4,1,-1,3,-2
16353,16353,1503614409599,-2,0,1,2,4,-1,0,-6
16354,16354,1503614409607,6,17,4,2,2,1,0,-2
16355,16355,1503614409615,-16,-15,-12,-2,-2,-2,-7,-4
16356,16356,1503614409630,0,-2,-9,-3,-5,-2,0,-1
16357,16357,1503614409638,2,0,1,-4,-3,-3,-3,-8
16358,16358,1503614409646,3,14,-3,-2,-1,0,2,2
16359,16359,1503614409659,-2,-2,6,5,1,3,4,5
16360,16360,1503614409670,-4,-22,-18,-7,-6,-3,-3,18
16361,16361,1503614409675,-10,-1,-12,-3,-1,-2,-3,-10
16362,16362,1503614409690,4,7,21,3,-2,-2,-6,-10
16363,16363,1503614409697,5,-8,-3,-2,1,2,4,3
16364,16364,1503614409705,-3,2,-7,-2,-1,0,-2,-3
16365,16365,1503614409706,-12,2,8,4,2,2,0,-9
16366,16366,1503614409719,-9,-1,-2,-5,-4,-2,-1,-2
16367,16367,1503614409727,0,3,-8,0,4,0,0,4
16368,16368,1503614409737,11,26,17,8,3,3,2,11
16369,16369,1503614409750,-5,-9,-9,-5,-4,-5,-2,-6
16370,16370,1503614409757,-1,-13,-8,-5,-2,-2,-2,-2
16371,16371,1503614409765,6,-1,5,1,1,1,-1,0
16372,16372,1503614409779,-6,-4,-2,-1,0,-2,-1,-6
16373,16373,1503614409787,-1,-13,-20,-7,2,0,0,-2
16374,16374,1503614409795,-8,-2,-15,-5,2,0,2,1
16375,16375,1503614409810,0,-1,-4,-4,-1,0,-2,-5
16376,16376,1503614409817,3,-4,-1,-1,-4,-1,0,-6
16377,16377,1503614409825,5,7,5,0,-4,-1,4,23
16378,16378,1503614409840,-2,-5,-2,1,-4,-3,-5,-4
16379,16379,1503614409847,-1,-11,-4,1,-1,-1,-2,-2
16380,16380,1503614409855,10,24,13,2,0,-3,-4,3
16381,16381,1503614409871,-9,18,5,1,0,0,2,0
16382,16382,1503614409877,22,14,15,5,2,2,5,7
16383,16383,1503614409885,-5,9,9,-3,-3,-1,-7,-16
16384,16384,1503614409899,-5,-15,-18,-2,-1,1,-1,2
16385,16385,1503614409908,1,5,8,0,-1,1,4,0
16386,16386,1503614409915,-16,-22,-11,-5,-3,-4,-1,-14
16387,16387,1503614409930,-4,-2,0,-1,-2,-2,-2,-4
16388,16388,1503614409938,6,10,0,1,-2,1,1,1
16389,16389,1503614409947,-5,-12,-9,-2,-1,-2,-1,-5
16390,16390,1503614409959,1,13,32,11,5,0,-1,-1
16391,16391,1503614409968,-3,-9,2,-1,-1,-1,0,-2
16392,16392,1503614409975,-7,-18,-17,-9,-5,-7,-6,-5
16393,16393,1503614409990,-2,-4,1,2,2,1,4,-9
16394,16394,1503614409997,-4,-6,-7,-2,0,-2,-1,-9
16395,16395,1503614410005,-7,-8,-2,-4,0,-2,-5,-24
16396,16396,1503614410006,24,-5,-12,-2,-1,-3,6,57
16397,16397,1503614410019,-4,-15,-14,-3,-3,2,2,-2
16398,16398,1503614410028,-9,-1,11,2,1,0,-5,-12
16399,16399,1503614410035,11,-3,5,2,3,2,-1,9
16400,16400,1503614410050,6,-3,-5,-1,0,-4,-6,-12
16401,16401,1503614410057,-8,-4,-8,-3,-6,-3,-3,-6
16402,16402,1503614410065,5,-3,1,0,2,-3,0,4
16403,16403,1503614410066,0,4,-1,0,0,-1,0,-5
16404,16404,1503614410080,4,-2,-5,-1,-2,0,4,2
16405,16405,1503614410087,-3,-2,-5,-3,-2,-4,-4,2
16406,16406,1503614410095,-3,4,11,-1,2,-1,2,-7
16407,16407,1503614410110,-1,33,6,6,3,1,-5,-11
16408,16408,1503614410118,2,4,-5,-3,-2,0,0,24
16409,16409,1503614410125,1,-15,-15,-7,-2,-2,-2,-6
16410,16410,1503614410140,0,12,11,2,2,0,-3,-12
16411,16411,1503614410148,-9,-10,-3,0,1,0,-4,-6
16412,16412,1503614410155,4,-4,-7,-5,-1,-4,-3,3
16413,16413,1503614410171,4,3,5,2,0,0,-1,-8
16414,16414,1503614410172,3,-13,-4,-3,-4,-5,-1,-4
16415,16415,1503614410177,-2,5,0,1,3,2,2,4
16416,16416,1503614410185,-3,-4,6,3,3,-3,0,-2
16417,16417,1503614410199,-11,-11,-5,-3,-3,-1,-3,-10
16418,16418,1503614410209,0,-8,-2,-3,-5,3,2,-5
16419,16419,1503614410215,8,2,-6,1,0,-1,-5,0
16420,16420,1503614410230,-5,-8,-17,-6,-5,1,5,28
16421,16421,1503614410240,-3,14,16,8,2,4,3,0
16422,16422,1503614410245,-6,-11,-6,-9,-4,-2,-3,-9
16423,16423,1503614410259,4,-10,-4,-1,2,0,4,16
16424,16424,1503614410268,-6,11,9,1,1,-1,-3,-13
16425,16425,1503614410275,3,-9,-11,-5,-3,0,-7,0
16426,16426,1503614410290,7,-3,-4,-1,3,3,3,-1
16427,16427,1503614410298,-36,-1,4,-1,-2,-1,-4,-8
16428,16428,1503614410312,0,2,1,2,1,-1,-4,-4
16429,16429,1503614410319,-1,-12,-8,-2,-2,-1,3,-3
16430,16430,1503614410327,-8,-1,1,2,2,0,2,-3
16431,16431,1503614410342,11,22,7,1,0,0,3,2
16432,16432,1503614410350,2,3,-7,-2,-2,-2,1,2
16433,16433,1503614410357,8,9,-10,-4,-2,-1,-5,-8
16434,16434,1503614410374,1,4,9,-4,-5,0,0,7
16435,16435,1503614410379,6,-6,1,0,3,-3,0,4
16436,16436,1503614410387,-2,-2,-1,0,-5,-2,-6,0
16437,16437,1503614410402,-3,-4,3,-1,-5,-3,-4,-7
16438,16438,1503614410411,3,15,17,6,4,-2,-1,-3
16439,16439,1503614410418,-28,3,2,2,4,-1,-3,-11
16440,16440,1503614410432,3,-1,-4,-1,1,0,-1,-2
16441,16441,1503614410441,6,-2,12,1,-1,3,2,-1
16442,16442,1503614410447,0,-2,-5,0,-1,-3,0,4
16443,16443,1503614410462,1,-5,-4,-3,-3,-3,-2,-2
16569,16569,1503614411686,18,-2,-8,-1,3,1,0,-3
16570,16570,1503614411692,4,-6,-1,-3,-5,-4,-2,-8
16571,16571,1503614411714,13,32,21,1,-2,-1,1,-2
16572,16572,1503614411717,3,-16,-15,-4,0,5,0,3
16573,16573,1503614411723,-2,-9,-10,-4,-3,-1,-3,6
16574,16574,1503614411731,-10,2,-5,-1,-4,-1,-3,-4
16575,16575,1503614411748,-6,-26,-18,0,0,0,-3,-19
16576,16576,1503614411752,14,1,-6,1,0,-4,0,7
16577,16577,1503614411769,10,-9,-1,-1,-2,-3,-3,-4
16578,16578,1503614411775,-9,2,10,2,0,0,-4,-6
16579,16579,1503614411783,-16,27,11,-1,0,1,1,6
16580,16580,1503614411790,0,3,9,1,-1,-1,2,0
16581,16581,1503614411805,8,-10,-16,-3,1,-1,-2,-3
16582,16582,1503614411813,4,12,6,-1,-1,1,-1,-4
16583,16583,1503614411820,-32,-5,-3,-1,-4,-3,-4,-3
16584,16584,1503614411835,-1,0,-11,-2,2,-1,2,11
16585,16585,1503614411843,15,11,11,2,1,-2,3,27
16586,16586,1503614411851,-1,4,8,1,-1,0,0,1
16587,16587,1503614411865,3,1,6,0,0,-2,-1,-4
16588,16588,1503614411872,-4,25,20,4,1,-1,0,-2
16589,16589,1503614411888,-11,-30,-19,-5,-1,-2,-1,-1
16590,16590,1503614411895,3,10,1,1,0,-3,-3,-11
16591,16591,1503614411903,11,-5,-8,-3,-3,2,1,1
16592,16592,1503614411910,-16,-20,-8,-5,-4,-1,-3,-3
16593,16593,1503614411925,1,5,0,0,-1,-2,-1,-6
16594,16594,1503614411932,-4,-4,-1,0,1,-2,-2,7
16595,16595,1503614411948,-9,-14,-5,-3,-2,-1,-4,-23
16596,16596,1503614411955,-14,-11,-8,-3,-4,-1,-3,-10
16597,16597,1503614411963,-4,9,4,0,-1,-2,0,0
16598,16598,1503614411970,28,2,2,0,-1,-1,1,4
16599,16599,1503614411985,4,-1,-3,-1,-2,1,-2,-6
16600,16600,1503614411992,1,-6,-3,-2,0,0,-1,-1
16601,16601,1503614412008,-3,-10,-9,-3,-2,-3,0,8
16602,16602,1503614412022,-8,-6,-12,-5,0,2,1,-4
16603,16603,1503614412023,9,-1,-6,-2,-1,-2,-1,-4
16604,16604,1503614412030,-5,6,7,-1,-3,-5,-2,-2
16605,16605,1503614412045,12,17,11,4,1,0,3,-1
16606,16606,1503614412052,-21,-11,-7,1,0,0,0,-1
16607,16607,1503614412068,-2,-5,-2,0,-2,-2,-1,-2
16608,16608,1503614412075,4,-15,-6,-4,0,1,5,29
16609,16609,1503614412083,2,-15,-6,-4,-3,1,0,4
16610,16610,1503614412090,0,4,3,0,-1,1,-1,-1
16611,16611,1503614412105,1,10,10,-1,1,0,-1,-3
16612,16612,1503614412112,0,1,1,1,-2,-2,-2,-8
16613,16613,1503614412128,-30,-18,-9,1,1,0,1,0
16614,16614,1503614412135,2,5,1,0,-1,0,-1,2
16615,16615,1503614412143,18,-4,1,1,-2,0,-2,9
16616,16616,1503614412150,5,-9,-1,1,-1,-3,-2,-2
16617,16617,1503614412165,-1,4,-2,-4,-3,-1,0,4
16618,16618,1503614412172,-4,0,-4,-3,1,-2,-2,-4
16619,16619,1503614412188,0,2,1,-2,-1,-2,1,26
16620,16620,1503614412195,-10,6,4,-2,-2,-2,0,-2
16621,16621,1503614412203,3,-4,-4,0,1,0,-2,-6
16622,16622,1503614412218,7,14,11,2,-1,0,-2,-5
16623,16623,1503614412225,-4,-2,-6,-2,-1,1,-2,-4
16624,16624,1503614412232,5,-10,-12,-3,1,1,1,4
16625,16625,1503614412249,4,14,16,4,5,-1,0,-10
16626,16626,1503614412255,-23,-4,5,-2,-3,-2,-2,2
16627,16627,1503614412263,-10,-2,-1,-1,-1,1,-2,-23
16628,16628,1503614412277,-2,1,-1,-1,-2,1,0,0
16629,16629,1503614412285,-11,-7,-4,0,-2,-1,-2,-11
16630,16630,1503614412292,8,3,-3,1,0,-1,1,-2
16631,16631,1503614412308,4,8,-1,2,-1,-2,-5,-8
16632,16632,1503614412316,10,-1,2,2,3,-1,0,13
16633,16633,1503614412324,-3,-16,-10,-2,-2,-2,-1,3
16634,16634,1503614412337,-21,-14,-13,-4,-2,1,-2,-13
16635,16635,1503614412345,-4,2,5,-5,-2,2,2,2
16636,16636,1503614412355,-17,-7,0,2,0,-1,-3,-16
16637,16637,1503614412368,-1,0,2,-3,0,-2,0,-4
16638,16638,1503614412375,-10,-9,-6,-4,-3,-2,-2,-21
16639,16639,1503614412387,-1,1,-4,-1,-2,-2,1,-3
16640,16640,1503614412397,4,-23,-24,-3,2,-1,1,0
16641,16641,1503614412406,25,11,1,0,-1,1,-1,-5
16642,16642,1503614412412,8,7,2,0,-1,0,0,-9
16643,16643,1503614412427,-3,-4,-3,-1,-3,1,-2,1
16644,16644,1503614412435,6,10,10,1,0,-1,0,4
16645,16645,1503614412443,7,15,4,1,0,2,2,9
16646,16646,1503614412458,12,36,25,5,1,-1,2,6
16647,16647,1503614412465,-3,-1,0,1,-1,-3,-1,4
16648,16648,1503614412472,0,3,-1,1,0,1,1,-4
16649,16649,1503614412487,5,-1,3,-1,0,1,-1,6
16650,16650,1503614412495,32,12,2,-2,0,0,0,9
16651,16651,1503614412503,-3,-14,-7,0,-2,-2,0,-1
16652,16652,1503614412518,4,-5,-2,0,1,-1,0,3
16653,16653,1503614412525,6,0,4,0,-2,-3,0,-3
16654,16654,1503614412526,-5,-4,-3,-1,-3,0,-2,-18
16655,16655,1503614412532,-5,-15,-6,-3,-3,0,0,-2
16656,16656,1503614412547,-11,-5,1,0,3,-5,-3,-7
16657,16657,1503614412555,-5,-3,-3,-3,-3,1,-1,0
16658,16658,1503614412563,4,21,14,0,-1,-1,0,5
16659,16659,1503614412577,3,9,1,1,0,1,-4,5
16660,16660,1503614412586,-6,4,10,1,0,-3,-1,4
16661,16661,1503614412593,-3,-6,-3,-1,-2,-2,-1,-3
16662,16662,1503614412608,-16,-9,-5,-2,-1,-2,-2,-5
16663,16663,1503614412615,-33,-3,6,-2,0,-3,-1,-4
16664,16664,1503614412623,1,0,4,1,0,-1,1,10
16665,16665,1503614412637,10,-5,-7,-3,-3,-3,-2,2
16666,16666,1503614412645,8,-3,-9,-4,-3,-3,-1,-1
16667,16667,1503614412652,5,-5,-5,0,1,0,1,7
16668,16668,1503614412668,2,8,12,1,1,2,0,2
16669,16669,1503614412675,-3,0,-4,-2,-1,-3,-3,-4
16670,16670,1503614412686,4,1,-11,-3,0,2,0,1
16671,16671,1503614412697,4,-4,-6,-3,-2,0,-2,-3
16672,16672,1503614412705,-1,-2,-4,-5,-3,-2,-1,-5
16673,16673,1503614412712,-2,-14,-18,-3,-3,0,0,2
16674,16674,1503614412727,5,-10,-6,1,0,-1,-1,4
16675,16675,1503614412735,0,5,1,1,-3,-2,0,-5
16676,16676,1503614412743,-1,-7,-2,0,-2,1,1,2
16677,16677,1503614412757,-12,4,8,0,3,2,2,4
16678,16678,1503614412765,1,-1,-8,-1,-1,1,-2,-5
16679,16679,1503614412772,-6,-4,2,0,0,-3,-2,-8
16680,16680,1503614412788,-2,-6,-3,-2,-1,-3,-1,1
16681,16681,1503614412795,10,8,-1,-1,0,1,-2,2
16682,16682,1503614412803,-4,0,0,-1,-1,-1,-1,-3
16683,16683,1503614412819,3,-1,0,-3,1,-2,0,1
16684,16684,1503614412825,3,6,-3,-1,0,-2,2,2
16685,16685,1503614412832,-2,3,2,1,-2,-3,-3,-3
16686,16686,1503614412848,-20,-9,-2,-1,1,0,-2,-2
16687,16687,1503614412855,0,-3,-1,-2,-1,0,0,-1
16688,16688,1503614412863,-13,2,4,2,-4,-3,-3,-7
16689,16689,1503614412877,1,-2,-1,-1,0,0,0,-4
16690,16690,1503614412886,7,2,3,0,0,-1,0,-4
16691,16691,1503614412892,-1,-1,-1,-1,-2,-3,-1,-3
16692,16692,1503614412908,-3,-3,-3,-1,0,0,2,3
16693,16693,1503614412915,4,0,-4,2,-1,3,3,1
16694,16694,1503614412923,-3,0,-1,-2,0,3,-1,-1
16695,16695,1503614412937,2,3,0,-1,-3,-5,-4,-1
16696,16696,1503614412945,0,-3,-3,0,1,-1,-2,0
16697,16697,1503614412953,1,-3,0,-3,-2,2,-2,0
16698,16698,1503614412968,8,7,9,2,1,-2,0,4
16699,16699,1503614412975,-6,-7,-2,0,1,-2,-2,-3
16700,16700,1503614412983,8,2,-2,-2,-1,-6,-4,-1
16701,16701,1503614412997,-2,0,0,2,0,1,-1,-1
16702,16702,1503614413005,-4,-4,-5,0,-3,1,1,1
16703,16703,1503614413012,1,-3,1,-1,-3,-1,-1,1
16704,16704,1503614413028,0,-1,-1,0,-1,0,-1,0
16705,16705,1503614413035,1,2,1,0,-1,-2,0,-1
16706,16706,1503614413050,0,0,2,0,1,1,1,0
16707,16707,1503614413057,6,3,0,-2,-1,-2,0,1
16708,16708,1503614413065,5,3,-3,-1,-4,3,-2,-5
16709,16709,1503614413072,-2,-2,1,-1,-1,-4,-5,0
16710,16710,1503614413088,-4,-2,1,-1,0,-2,-1,1
16711,16711,1503614413095,0,1,0,0,-1,-1,1,0
16712,16712,1503614413110,-2,-5,-3,-2,0,-1,-3,0
16713,16713,1503614413121,-1,1,-1,1,-1,-1,1,6
16714,16714,1503614413125,16,0,-3,0,-2,-4,-1,15
16715,16715,1503614413140,1,3,5,0,1,-1,-1,-2
16716,16716,1503614413148,-1,-1,1,0,0,-3,-2,-5
16717,16717,1503614413155,-4,-3,-5,-3,0,0,-1,-4
16718,16718,1503614413170,-2,2,3,0,0,1,2,0
16719,16719,1503614413177,-6,-5,-5,-2,0,1,0,-5
16720,16720,1503614413188,-6,-5,-4,-3,-2,-1,-1,-4
16721,16721,1503614413200,-5,2,-7,-2,-1,-2,-3,-1
16722,16722,1503614413208,0,-5,-4,-2,1,-2,0,-1
16723,16723,1503614413215,-6,-5,1,-1,-2,-1,0,0
16724,16724,1503614413230,-2,-4,-2,-1,-2,-3,-2,-4
16725,16725,1503614413237,1,2,2,-1,1,1,0,2
16726,16726,1503614413245,-5,-1,0,-1,-1,0,-3,-8
16727,16727,1503614413260,4,-2,1,0,-2,-3,-1,9
16728,16728,1503614413268,-5,-2,-3,-1,-2,-3,-2,-4
16729,16729,1503614413275,-7,-4,-4,-2,-1,2,-1,-3
16730,16730,1503614413290,2,-4,-6,-1,0,1,1,3
16731,16731,1503614413297,4,-3,-2,0,-2,-2,-2,-5
16732,16732,1503614413305,-3,5,2,-2,0,1,0,-3
16733,16733,1503614413322,-1,-1,-4,-3,-2,-2,0,-1
16734,16734,1503614413328,10,11,3,1,0,0,-1,2
16735,16735,1503614413335,3,4,5,5,0,0,1,3
16736,16736,1503614413350,-4,-1,2,1,-1,2,-1,-6
16737,16737,1503614413358,0,12,6,1,2,-1,-4,-3
16738,16738,1503614413365,-5,-8,-5,-1,-2,0,0,-3
16739,16739,1503614413380,-7,-16,-8,-2,-2,-3,-2,2
16740,16740,1503614413390,9,8,1,-1,-3,-4,1,8
16741,16741,1503614413395,9,2,0,-2,0,-1,-1,-1
16742,16742,1503614413410,3,-4,-2,2,0,-1,-3,-9
16743,16743,1503614413417,-1,1,1,0,-2,3,0,-3
16744,16744,1503614413427,-6,-5,-2,-2,-1,-4,0,2
16745,16745,1503614413440,-2,-3,-7,0,-2,0,-3,-3
16746,16746,1503614413448,-7,-1,-1,-1,0,-1,0,-1
16747,16747,1503614413455,-8,-6,-3,-4,-1,-3,0,-1
16748,16748,1503614413470,4,8,8,1,0,1,0,4
16749,16749,1503614413477,-6,-6,10,1,-1,-1,-1,-1
16750,16750,1503614413485,-1,1,-5,-3,0,0,-3,-4
16751,16751,1503614413500,0,-1,-8,-5,-2,-1,-3,-6
16752,16752,1503614413508,0,-4,-1,-1,-2,1,1,-6
16753,16753,1503614413515,9,9,5,1,0,-3,1,3
16754,16754,1503614413531,-3,-2,-5,0,-2,0,-5,-4
16755,16755,1503614413537,2,-1,-2,-2,-2,1,0,3
16756,16756,1503614413545,-1,1,-2,1,0,-2,-3,-1
16757,16757,1503614413560,1,-5,-4,0,-2,-3,-2,2
16758,16758,1503614413568,-1,-12,-7,-3,-1,1,-1,4
16759,16759,1503614413575,10,12,-2,-2,-2,-1,1,-1
16760,16760,1503614413591,2,0,-1,0,1,-3,0,1
16761,16761,1503614413597,-7,-2,1,-2,-4,-2,0,-1
16762,16762,1503614413605,-1,-3,-5,-4,0,1,2,1
16763,16763,1503614413620,-9,-6,4,3,1,1,-2,-3
16764,16764,1503614413628,-1,-5,-1,-2,1,-3,-1,-1
16765,16765,1503614413635,-3,20,16,4,1,0,0,0
16766,16766,1503614413650,-8,4,5,1,-1,0,2,2
16767,16767,1503614413657,-9,-17,-17,-6,-4,0,-5,-13
16768,16768,1503614413666,-4,-9,-6,-2,0,-1,-2,-2
16769,16769,1503614413680,-14,-9,-3,-2,2,1,0,-11
16770,16770,1503614413690,18,0,-8,-4,-5,-5,0,9
16771,16771,1503614413695,2,7,1,1,-1,2,1,2
16772,16772,1503614413710,-2,-3,0,-1,-3,-1,-2,0
16773,16773,1503614413717,0,-4,0,1,1,0,0,2
16774,16774,1503614413726,0,7,7,0,0,0,-1,-2
16775,16775,1503614413740,-2,-11,-2,-2,-2,-4,-1,2
16776,16776,1503614413748,0,6,8,5,3,4,0,-2
16777,16777,1503614413757,10,30,14,9,6,2,0,8
16778,16778,1503614413770,-7,-6,-8,-6,-2,-2,-5,-14
16779,16779,1503614413777,-3,-19,-30,-8,2,-2,-3,4
16780,16780,1503614413793,3,-6,2,0,-1,3,0,4
16781,16781,1503614413800,3,-21,-20,-6,-6,-7,-1,-2
16782,16782,1503614413808,-4,-1,0,0,-3,-1,-3,1
16783,16783,1503614413815,12,3,-3,0,-2,0,-1,-4
16784,16784,1503614413830,-7,-5,-5,-2,-2,-2,-1,-4
16785,16785,1503614413837,-3,8,14,0,-1,0,-1,-4
16786,16786,1503614413845,-1,2,-3,-2,-1,-3,2,2
16787,16787,1503614413860,-5,7,8,-1,-1,-1,-1,-4
16788,16788,1503614413868,-3,-10,6,0,1,-2,-2,1
16789,16789,1503614413875,-3,-2,2,-2,1,1,0,0
16790,16790,1503614413891,3,6,1,3,2,2,-1,-8
16791,16791,1503614413897,-5,-7,-7,-2,-2,-2,1,-2
16792,16792,1503614413905,2,3,5,3,1,1,-1,5
16793,16793,1503614413920,-3,-13,-8,-1,-2,1,0,5
16794,16794,1503614413928,-3,2,-3,0,-1,0,2,3
16795,16795,1503614413935,-5,1,6,0,-1,-2,-1,-5
16796,16796,1503614413950,-1,-1,-4,-5,-3,-1,0,-2
16797,16797,1503614413957,9,-1,2,-1,-1,-1,-1,2
16798,16798,1503614413966,-3,6,10,2,0,-2,1,4
16799,16799,1503614413980,8,-3,-11,0,0,0,0,5
16800,16800,1503614413988,0,7,7,1,-1,1,0,-5
16801,16801,1503614413995,-6,2,3,-1,-7,-2,-5,-3
16802,16802,1503614414010,-6,-10,-10,-4,-2,-1,-1,1
16803,16803,1503614414017,3,-6,1,-1,2,1,1,-3
16804,16804,1503614414025,1,-6,-5,-3,-3,-2,-1,1
16805,16805,1503614414040,0,17,9,3,3,-1,-2,-1
16806,16806,1503614414048,-1,-4,-9,-4,-3,-4,-1,0
16807,16807,1503614414062,-8,-3,3,-2,0,-2,-4,-9
16808,16808,1503614414070,-11,11,2,3,0,-1,-2,-14
16809,16809,1503614414077,-8,-9,-5,-4,-3,1,2,1
16810,16810,1503614414092,-9,-6,3,-1,0,0,-3,-8
16811,16811,1503614414100,8,1,-1,2,0,-4,-3,8
16812,16812,1503614414108,-2,-3,-7,-2,2,-2,-4,4
16813,16813,1503614414122,2,-2,-1,-2,-3,-2,4,-2
16919,16919,1503614415150,6,-14,-10,-5,-2,0,0,-4
16920,16920,1503614415166,-10,6,10,2,-1,-1,-2,-7
16921,16921,1503614415172,-7,-1,-3,1,0,2,2,13
16922,16922,1503614415179,12,-20,-13,-5,-5,-2,-1,-3
16923,16923,1503614415180,-2,10,0,-1,0,-2,1,3
16924,16924,1503614415197,-3,12,0,2,1,-3,-1,-8
16925,16925,1503614415202,-17,2,-2,-1,-1,-3,-3,-5
16926,16926,1503614415210,-7,-1,-3,-4,0,0,1,-2
16927,16927,1503614415224,23,9,5,1,-1,1,-1,-16
16928,16928,1503614415234,-2,-5,2,0,-3,-3,-3,18
16929,16929,1503614415240,-8,-4,5,2,-1,1,-2,-2
16930,16930,1503614415255,-14,-11,-7,-5,-2,-2,-1,-11
16931,16931,1503614415264,3,-2,-1,-2,-1,-2,-1,8
16932,16932,1503614415270,0,10,6,1,2,5,3,2
16933,16933,1503614415284,-6,-12,-9,-1,-1,-2,0,-7
16934,16934,1503614415292,1,-1,4,1,-2,-2,-2,-6
16935,16935,1503614415300,1,-1,0,-1,-2,4,-2,1
16936,16936,1503614415314,-9,-3,-2,-2,-2,-1,-2,2
16937,16937,1503614415315,4,0,10,0,-3,-1,-5,1
16938,16938,1503614415321,-7,-3,0,-1,-2,-2,-1,0
16939,16939,1503614415334,-2,16,-1,-2,-2,-3,1,-8
16940,16940,1503614415344,2,4,1,-2,1,-2,-4,-2
16941,16941,1503614415352,-3,-6,-6,-2,-3,-5,-1,-12
16942,16942,1503614415360,-21,15,7,2,0,2,-2,-6
16943,16943,1503614415375,3,-7,-1,2,-1,1,0,11
16944,16944,1503614415381,-27,-6,-3,-2,1,-1,0,-8
16945,16945,1503614415390,0,17,12,1,1,0,1,3
16946,16946,1503614415404,6,-11,-10,-2,-4,0,3,10
16947,16947,1503614415412,17,-5,-8,-2,-2,-5,-2,6
16948,16948,1503614415419,-11,-5,3,0,-1,0,-2,-5
16949,16949,1503614415420,18,13,5,4,-1,-2,1,10
16950,16950,1503614415435,-1,-8,-6,-1,-1,1,-1,-4
16951,16951,1503614415442,6,-8,-1,-2,-1,-1,-1,-12
16952,16952,1503614415450,-13,-14,-8,-2,1,1,0,8
16953,16953,1503614415465,-9,-15,-12,-4,-2,-2,-4,-1
16954,16954,1503614415472,-4,8,4,-1,-1,0,2,5
16955,16955,1503614415479,7,-7,-9,-2,-2,0,-3,-5
16956,16956,1503614415480,-8,-9,-6,-2,-2,-3,-4,-25
16957,16957,1503614415494,-1,-5,-9,1,-2,-1,-7,-5
16958,16958,1503614415502,-39,-1,1,-3,1,-2,4,0
16959,16959,1503614415510,-5,-5,-2,-3,1,-1,-5,-8
16960,16960,1503614415524,20,13,3,1,0,1,-2,7
16961,16961,1503614415533,-9,0,2,1,1,0,0,-1
16962,16962,1503614415540,13,-2,-1,-4,-3,-2,2,24
16963,16963,1503614415555,12,1,0,-1,-3,-3,2,5
16964,16964,1503614415562,2,12,10,3,0,1,3,1
16965,16965,1503614415570,-8,-7,-5,-4,-1,2,4,4
16966,16966,1503614415584,8,-7,-4,-2,-1,-3,-2,-3
16967,16967,1503614415592,-5,-7,-3,-1,1,0,-2,-9
16968,16968,1503614415601,14,22,8,2,-1,2,-2,5
16969,16969,1503614415615,-5,-9,-5,-2,-2,-2,-7,-16
16970,16970,1503614415622,-22,-10,-9,-2,-1,-4,-3,-20
16971,16971,1503614415630,-8,-7,-5,-3,-2,-2,1,-9
16972,16972,1503614415644,10,3,-2,1,2,2,-2,2
16973,16973,1503614415652,0,7,11,3,1,1,1,3
16974,16974,1503614415659,5,-1,-1,-1,-2,-1,0,0
16975,16975,1503614415675,14,19,11,3,1,1,0,16
16976,16976,1503614415682,0,-7,-5,-1,-2,-2,-1,-3
16977,16977,1503614415690,-14,-1,1,2,-1,-3,-1,-8
16978,16978,1503614415704,-1,-1,3,-4,-1,1,2,9
16979,16979,1503614415712,3,11,-1,-4,-2,2,2,4
16980,16980,1503614415719,7,7,1,-1,-2,-3,-1,2
16981,16981,1503614415735,-7,-11,-5,-3,0,-3,1,-1
16982,16982,1503614415742,4,-8,-4,-1,-1,0,-3,-15
16983,16983,1503614415750,13,0,-4,-1,0,0,3,4
16984,16984,1503614415764,-4,-6,2,4,0,-4,1,-2
16985,16985,1503614415772,-8,-6,-2,-4,-4,-1,-5,-6
16986,16986,1503614415780,6,4,2,0,1,1,-1,2
16987,16987,1503614415795,11,27,18,3,3,-1,1,3
16988,16988,1503614415804,-8,-4,-4,-3,-2,-4,0,11
16989,16989,1503614415810,5,-13,-6,-3,-2,-3,-5,0
16990,16990,1503614415824,-1,-7,-6,-1,0,-1,-1,5
16991,16991,1503614415834,-9,-9,-6,-2,-1,0,-2,0
16992,16992,1503614415841,-1,-5,-7,-7,0,1,-2,-5
16993,16993,1503614415855,0,-1,2,1,-1,0,1,0
16994,16994,1503614415862,4,-6,-3,-1,-1,-1,-3,-7
16995,16995,1503614415871,21,-3,0,-1,-2,1,0,-7
16996,16996,1503614415884,5,1,0,1,-1,-1,1,-10
16997,16997,1503614415892,-10,-6,-9,-6,-2,-1,-3,-6
16998,16998,1503614415907,6,-11,-8,0,-1,-1,1,4
16999,16999,1503614415915,8,45,25,7,3,0,2,3
17000,17000,1503614415922,-13,-4,-1,0,0,0,0,-4
17001,17001,1503614415938,-7,-14,-11,-3,-3,0,2,18
17002,17002,1503614415944,-4,1,3,0,-3,-2,1,-3
17003,17003,1503614415952,1,-6,-1,1,1,-3,-1,0
17004,17004,1503614415970,-11,-7,-7,-5,-1,-1,-1,-2
17005,17005,1503614415975,0,-1,1,2,0,0,-2,-6
17006,17006,1503614415982,17,10,3,4,0,1,-2,-4
17007,17007,1503614415997,-2,-7,2,2,0,1,-6,-21
17008,17008,1503614416004,-1,0,3,-1,1,5,1,4
17009,17009,1503614416012,3,-14,-15,-2,-2,-3,-2,8
17010,17010,1503614416026,-7,4,4,4,1,-1,-3,-5
17011,17011,1503614416035,-20,-14,-5,-4,-1,-2,0,-2
17012,17012,1503614416043,9,-8,-7,-4,-3,-2,0,9
17013,17013,1503614416057,-2,-2,-1,-2,-1,-4,-3,-5
17014,17014,1503614416064,-10,-3,-1,-2,-2,0,-2,-6
17015,17015,1503614416072,-15,-10,-6,-1,-1,2,0,2
17016,17016,1503614416086,12,8,9,1,-3,1,-5,3
17017,17017,1503614416094,-4,-6,-2,1,1,0,1,-6
17018,17018,1503614416095,-2,3,-1,-3,-2,-3,-3,-15
17019,17019,1503614416102,-3,2,2,2,2,-3,-1,-4
17020,17020,1503614416117,3,0,-4,0,0,-1,-2,-9
17021,17021,1503614416124,5,14,6,1,3,1,0,3
17022,17022,1503614416135,-6,-8,-5,-1,-2,-1,1,0
17023,17023,1503614416146,3,-5,-3,-5,-1,-4,-4,5
17024,17024,1503614416154,-23,19,8,3,2,0,1,0
17025,17025,1503614416161,-16,-11,-7,-4,-1,1,-1,-10
17026,17026,1503614416177,25,29,14,3,2,-3,4,8
17027,17027,1503614416184,2,14,4,-1,-3,-1,-1,4
17028,17028,1503614416192,1,-11,-6,-4,-2,1,1,9
17029,17029,1503614416206,11,4,6,0,-2,-1,0,3
17030,17030,1503614416214,3,-1,-1,0,-2,0,0,-1
17031,17031,1503614416221,3,-18,-11,0,-2,-1,-1,-2
17032,17032,1503614416237,14,-15,-8,-5,0,-3,-1,0
17033,17033,1503614416245,-9,21,3,0,1,-1,2,-3
17034,17034,1503614416252,-15,-10,-6,0,-2,1,-2,-12
17035,17035,1503614416270,-11,-12,-5,-2,0,-2,-3,-2
17036,17036,1503614416275,7,-4,-1,-3,-1,-4,0,1
17037,17037,1503614416282,-11,-4,0,3,3,-1,-1,-4
17038,17038,1503614416298,-1,-7,-6,-4,-4,-4,-4,-9
17039,17039,1503614416308,12,-1,-6,-1,-2,2,1,4
17040,17040,1503614416312,-9,1,7,4,3,-2,-2,-23
17041,17041,1503614416326,14,29,20,1,0,-2,2,5
17042,17042,1503614416337,3,0,3,2,2,1,2,19
17043,17043,1503614416342,-2,-17,-11,-3,-2,-1,1,0
17044,17044,1503614416357,5,-2,-4,-3,-2,1,1,6
17045,17045,1503614416364,-1,-2,-1,0,-3,-1,1,-13
17046,17046,1503614416372,-10,-20,-11,-2,-2,-1,-2,-11
17047,17047,1503614416386,-6,-9,-7,-3,-4,-3,-8,-17
17048,17048,1503614416394,0,-8,-7,-1,-4,-1,2,3
17049,17049,1503614416403,-2,-15,-8,-3,0,0,-2,-5
17050,17050,1503614416417,-9,1,5,2,2,-3,-4,8
17051,17051,1503614416424,-2,-9,-9,0,-2,-3,-2,6
17052,17052,1503614416432,-10,-8,-8,-4,-4,0,0,2
17053,17053,1503614416448,2,42,27,5,2,0,0,5
17054,17054,1503614416455,16,14,7,2,0,-1,-2,-4
17055,17055,1503614416472,0,-12,-8,-4,0,0,2,1
17056,17056,1503614416477,-28,-42,-34,-8,-2,-2,-2,1
17057,17057,1503614416485,-14,-16,-6,-2,-2,-6,-3,-20
17058,17058,1503614416492,4,-9,-12,-5,-5,-2,4,9
17059,17059,1503614416509,-6,4,0,2,1,1,1,-1
17060,17060,1503614416515,-9,27,28,2,1,0,-7,-49
17061,17061,1503614416530,7,1,-8,0,-2,0,4,-13
17062,17062,1503614416538,10,27,23,7,3,2,2,17
17063,17063,1503614416546,-8,-14,-7,-5,-3,-1,-3,6
17064,17064,1503614416552,0,4,0,0,-2,2,-1,-4
17065,17065,1503614416571,4,7,-3,2,1,-1,-3,13
17066,17066,1503614416575,13,8,8,0,1,0,0,9
17067,17067,1503614416590,-5,-9,-13,-2,-1,-1,-1,3
17068,17068,1503614416597,-8,1,-1,-3,-3,-1,-3,-12
17069,17069,1503614416613,4,8,6,2,0,-2,2,15
17070,17070,1503614416628,19,9,8,1,-3,-3,-2,12
17071,17071,1503614416635,4,-8,-12,-2,-2,1,3,39
17072,17072,1503614416650,1,-5,2,-3,-2,-2,-1,1
17073,17073,1503614416657,1,-2,-2,-1,0,-1,-2,-12
17074,17074,1503614416665,2,-3,4,-1,-2,2,1,8
17075,17075,1503614416673,5,-1,-2,-2,-2,-2,-1,-6
17076,17076,1503614416687,-1,-10,-13,-1,1,1,1,0
17077,17077,1503614416694,2,8,9,5,4,3,3,3
17078,17078,1503614416695,4,-6,-7,-1,-1,-4,0,-1
17079,17079,1503614416717,-2,-5,-8,-4,1,-2,-1,-10
17080,17080,1503614416718,2,2,2,-1,-1,-3,-2,0
17081,17081,1503614416725,-1,-2,3,-2,-2,1,-1,0
17082,17082,1503614416732,-1,18,11,2,-1,1,-3,-3
17083,17083,1503614416748,1,3,4,1,2,-1,-1,-2
17084,17084,1503614416754,-1,-6,-5,-1,-2,-4,1,-2
17085,17085,1503614416771,2,2,3,1,1,-1,-1,3
17086,17086,1503614416777,-4,-7,-3,-1,0,2,-2,-5
17087,17087,1503614416785,-2,0,1,1,-3,1,1,-1
17088,17088,1503614416792,-1,-2,-1,0,-1,-3,-3,-1
17089,17089,1503614416808,-2,-2,0,1,1,-2,0,2
17090,17090,1503614416814,2,-1,-2,-1,0,0,-1,2
17091,17091,1503614416830,-2,0,1,-3,-1,-2,-2,0
17092,17092,1503614416839,0,-3,-3,-2,1,1,0,-3
17093,17093,1503614416845,4,1,1,3,0,0,-3,2
17094,17094,1503614416859,1,0,2,-1,1,0,1,3
17095,17095,1503614416876,1,2,9,2,0,-2,-1,-5
17096,17096,1503614416890,4,9,8,3,0,3,2,4
17097,17097,1503614416897,1,-6,-11,-3,-2,-2,-1,0
17098,17098,1503614416906,-2,-7,-11,-4,-3,0,-2,1
17099,17099,1503614416919,1,0,-2,1,0,-3,-2,-2
17100,17100,1503614416920,0,2,8,1,-2,0,0,3
17101,17101,1503614416927,-4,-6,-3,-4,-2,2,1,-1
17102,17102,1503614416935,-2,-5,-7,-4,-2,-3,0,-2
17103,17103,1503614416950,-2,1,4,1,-1,0,1,-2
17104,17104,1503614416957,-1,0,-10,1,1,1,-1,-1
17105,17105,1503614416965,1,-6,-5,-2,-3,-5,-2,-3
17106,17106,1503614416980,-4,-5,-1,-1,1,-2,-1,2
17107,17107,1503614416987,0,0,2,-2,1,-1,0,-3
17108,17108,1503614416995,-2,2,-1,-2,-2,0,-1,-1
17109,17109,1503614417010,3,-3,1,2,0,0,0,0
17110,17110,1503614417017,-2,1,16,-1,0,0,0,-4
17111,17111,1503614417025,0,9,12,1,-1,-2,-1,-7
17112,17112,1503614417040,-1,2,-3,-3,-1,-2,-1,-2
17113,17113,1503614417048,-1,-1,-8,-2,-1,0,-1,-2
17114,17114,1503614417055,2,-1,-1,-1,-1,-2,-1,4
17115,17115,1503614417070,-2,-8,-7,-2,-3,-1,-1,7
17116,17116,1503614417077,5,5,5,0,1,2,-1,1
17117,17117,1503614417078,-2,-7,-10,-3,-1,1,0,-9
17118,17118,1503614417085,-3,0,-3,-2,-4,-3,-1,-1
17119,17119,1503614417100,12,39,33,10,4,2,2,5
17120,17120,1503614417108,-3,-8,-1,1,1,0,0,0
17121,17121,1503614417115,-3,-7,3,1,1,0,-2,-1
17122,17122,1503614417130,1,2,2,1,0,0,-1,2
17123,17123,1503614417137,-3,-13,-14,-3,-4,-2,-1,1
17124,17124,1503614417145,-2,-7,-5,-3,-2,0,-1,-2
17125,17125,1503614417159,3,6,0,0,-1,-3,0,2
17126,17126,1503614417168,-3,2,0,-1,0,0,-1,-2
17127,17127,1503614417175,-2,-10,-7,-2,2,-1,1,-4
17128,17128,1503614417190,3,0,-14,-3,0,0,2,15
17129,17129,1503614417197,-3,-8,-8,-4,-2,-1,-3,-7
17130,17130,1503614417207,-4,-2,0,-2,-1,-2,-2,-10
17131,17131,1503614417220,3,-1,-8,-3,-1,-1,-4,6
17132,17132,1503614417228,-1,-2,-3,-5,-1,0,0,-2
17133,17133,1503614417235,-7,-19,-5,-1,-4,-4,-1,-5
17134,17134,1503614417250,0,6,8,1,3,3,0,4
17135,17135,1503614417263,-3,0,-1,0,1,-2,-3,-2
17136,17136,1503614417265,-2,-2,2,0,0,1,-2,-4
17137,17137,1503614417280,1,7,4,4,-2,0,0,3
17138,17138,1503614417288,-1,2,2,2,-2,-2,-1,-6
17139,17139,1503614417295,1,14,1,1,0,1,0,2
17140,17140,1503614417310,3,3,1,-5,-5,-4,-4,-3
17141,17141,1503614417317,-4,-7,-2,-4,0,2,1,0
17142,17142,1503614417325,-1,1,-2,0,-2,-1,-2,1
17143,17143,1503614417341,-6,-7,-7,-4,-1,-4,-1,-8
17144,17144,1503614417347,-4,-11,-5,-1,-2,0,1,-1
17145,17145,1503614417354,1,-3,3,-2,-2,-1,-2,-6
17146,17146,1503614417370,0,-3,1,2,1,-3,0,4
17147,17147,1503614417378,-4,-8,1,-1,-5,1,-1,3
17148,17148,1503614417385,3,-2,-1,-2,-2,-3,-2,-4
17149,17149,1503614417400,1,6,1,-1,0,-2,-2,-2
17150,17150,1503614417410,-5,-9,-15,-7,-1,0,-1,-5
17151,17151,1503614417415,-4,-7,-12,-2,-2,-1,3,5
17152,17152,1503614417430,-4,5,6,0,-2,-2,-1,-1
17153,17153,1503614417437,4,4,1,-3,-2,0,-5,1
17154,17154,1503614417445,0,-2,-4,1,0,-2,1,-2
17155,17155,1503614417460,-1,-9,-7,-1,-1,0,-1,3
17156,17156,1503614417468,4,9,8,3,1,2,-1,2
17157,17157,1503614417476,-3,-2,-2,-2,-2,-1,-2,-14
17158,17158,1503614417490,5,10,3,0,0,-2,4,16
17159,17159,1503614417497,-2,-8,-8,-1,1,-1,1,0
17160,17160,1503614417505,-6,-12,-12,-3,-3,-2,-3,-9
17161,17161,1503614417520,0,6,5,-2,-1,1,-1,2
17162,17162,1503614417527,2,-1,3,4,-1,3,-1,1
17163,17163,1503614417528,-1,5,8,2,2,3,-1,2
17164,17164,1503614417535,1,1,0,1,1,0,-1,3
17165,17165,1503614417550,2,8,14,3,-1,0,1,-3
17166,17166,1503614417557,-2,-2,-3,-2,0,-2,-1,0
17167,17167,1503614417565,0,1,-2,-5,-3,-2,-2,-6
17168,17168,1503614417580,0,-3,1,-4,-5,0,-1,2
17169,17169,1503614417588,0,-1,-1,3,0,1,-3,-2
17170,17170,1503614417594,-4,-1,-3,2,0,4,0,2
17171,17171,1503614417610,3,8,4,3,1,-4,-1,-3
17172,17172,1503614417617,2,12,24,8,4,-1,1,4
17173,17173,1503614417625,-3,-10,-9,-2,-1,0,-1,0
17174,17174,1503614417639,-3,-3,-3,-3,-2,-3,-3,-8
17175,17175,1503614417647,-2,0,6,0,1,0,4,-1
17176,17176,1503614417648,-1,-4,-11,-4,0,2,2,0
17177,17177,1503614417662,0,11,0,1,3,0,0,-7
17178,17178,1503614417670,-3,-4,-8,-8,-5,0,2,-3
17179,17179,1503614417677,1,-2,-4,-3,0,1,0,2
17180,17180,1503614417685,-4,-1,4,-1,-2,-1,0,-1
17181,17181,1503614417700,0,1,-5,-1,-4,-4,-2,-4
17182,17182,1503614417709,-3,-5,-5,-2,0,1,-2,2
17183,17183,1503614417716,-1,-8,-6,-3,0,-1,-1,4
17184,17184,1503614417730,-1,1,2,-1,-2,-4,-2,-3
17185,17185,1503614417737,4,6,3,4,1,0,-1,0
17186,17186,1503614417745,2,-4,-9,-5,-2,-1,1,-1
17187,17187,1503614417760,2,-1,16,2,0,1,3,1
17188,17188,1503614417768,-1,4,9,0,-3,-1,-2,-4
17189,17189,1503614417782,1,11,-7,-1,-3,-4,-1,-1
17190,17190,1503614417790,1,0,-4,0,3,0,0,0
17191,17191,1503614417797,0,6,-2,0,-2,-1,-1,1
17192,17192,1503614417812,-2,-4,-6,-1,-1,-2,-6,-6
17193,17193,1503614417826,-3,-10,-12,-3,-3,-2,-1,1
17194,17194,1503614417828,-2,-6,-1,1,0,0,4,5
17195,17195,1503614417843,-3,-3,-5,-3,-4,-4,-2,-3
17196,17196,1503614417844,4,-8,-19,-4,1,-2,-2,-7
17197,17197,1503614417850,2,-12,-5,-1,2,4,2,12
17198,17198,1503614417857,-2,2,8,3,-3,1,1,4
17199,17199,1503614417872,-2,3,-5,1,2,3,0,-5
17200,17200,1503614417880,1,-2,2,1,0,3,2,-2
17201,17201,1503614417887,-3,-5,-4,1,-1,-2,0,0
17202,17202,1503614417902,-4,-5,-5,-5,-3,-1,-2,8
17203,17203,1503614417911,-1,13,18,5,0,-3,-1,-14
17204,17204,1503614417917,1,-3,0,-1,0,-1,0,-5
17205,17205,1503614417932,18,2,-7,-5,-4,-4,-4,1
17206,17206,1503614417939,0,-6,-1,1,-1,-2,-1,3
17207,17207,1503614417948,-7,0,4,2,3,0,-6,-14
17208,17208,1503614417962,0,-3,-1,-1,-3,-3,-3,0
17209,17209,1503614417970,-8,-12,0,0,-1,-3,2,-12
17210,17210,1503614417978,-7,-6,4,-1,0,0,-6,-11
17211,17211,1503614417992,-3,-1,3,2,-1,1,1,-7
17212,17212,1503614417999,-7,-7,-9,-3,1,-2,3,0
17213,17213,1503614418007,5,15,-5,-3,-2,1,1,11
17214,17214,1503614418022,-2,-6,-3,-3,-1,-3,-2,-2
17215,17215,1503614418030,-4,-4,-6,-2,-3,-5,-2,2
17216,17216,1503614418037,-1,2,-1,1,1,1,1,-4
17217,17217,1503614418053,7,8,6,1,-2,-1,-3,3
17218,17218,1503614418059,3,-4,-4,-2,-4,1,-3,-22
17219,17219,1503614418075,0,-6,0,2,-1,1,-1,9
17220,17220,1503614418082,-2,-2,-4,-2,-2,-1,4,8
17221,17221,1503614418090,0,8,-2,1,2,-2,0,3
17222,17222,1503614418097,1,4,1,0,2,-3,-4,0
17223,17223,1503614418112,-6,-11,-6,-3,-2,0,-1,1
17224,17224,1503614418120,6,9,7,0,0,1,3,15
17225,17225,1503614418127,-2,-1,10,3,-1,1,-1,-2
17226,17226,1503614418142,3,-6,-4,-2,0,-1,1,14
17227,17227,1503614418157,-10,-13,-5,-6,-4,-2,-3,-4
17228,17228,1503614418158,-9,-9,-6,-2,-3,-3,-4,-31
17229,17229,1503614418172,5,7,-3,-3,0,1,2,6
17230,17230,1503614418179,-2,5,-4,2,-3,-2,-2,2
17231,17231,1503614418189,2,-1,-4,-2,-1,-3,-3,1
17232,17232,1503614418202,3,6,3,0,0,0,-1,-3
17233,17233,1503614418213,0,-5,-6,-7,-3,-3,1,-2
17234,17234,1503614418218,1,10,12,4,2,0,-2,-1
17235,17235,1503614418232,-2,1,-1,4,0,-4,-2,0
17236,17236,1503614418239,-2,-10,-1,1,-1,2,0,5
17237,17237,1503614418247,-7,-13,-2,1,-1,-1,-3,-5
17238,17238,1503614418262,-1,-7,-4,-2,-2,0,2,-1
17239,17239,1503614418270,18,29,27,7,2,-2,7,35
17240,17240,1503614418280,-8,1,2,-4,-2,-1,-3,-14
17241,17241,1503614418292,-8,-6,-5,-2,-3,0,-1,-6
17242,17242,1503614418299,-3,2,1,-1,0,-2,0,-1
17243,17243,1503614418308,-2,0,-3,0,1,0,-3,-10
17244,17244,1503614418322,-6,-9,-6,-4,-2,-5,-4,-1
17245,17245,1503614418330,0,8,6,3,2,2,2,-1
17246,17246,1503614418337,3,13,2,2,-1,0,0,9
17247,17247,1503614418352,-5,-2,-8,-4,0,-1,-4,-10
17248,17248,1503614418359,8,11,10,3,0,-1,2,9
17249,17249,1503614418367,0,-3,-1,0,-1,-1,0,-4
17250,17250,1503614418389,-4,-7,-5,-2,-1,-1,-1,3
17251,17251,1503614418390,4,20,13,-1,-1,1,2,-1
17252,17252,1503614418397,0,-1,0,-1,-1,-1,-1,3
17253,17253,1503614418414,0,-5,1,-2,-1,2,0,-2
17254,17254,1503614418420,-1,3,-2,-2,-1,1,-3,-3
17255,17255,1503614418427,2,-3,-8,-4,0,-4,0,4
17256,17256,1503614418442,-3,-15,-16,-1,-2,-2,-2,4
17257,17257,1503614418450,5,-14,-14,-3,0,1,4,-4
17258,17258,1503614418457,5,6,10,3,1,0,2,-9
17259,17259,1503614418472,-8,-9,-2,-2,-2,-2,-6,-10
17260,17260,1503614418480,-6,-4,-2,-2,-2,-1,2,-1
17261,17261,1503614418488,-1,-3,11,3,0,0,0,-1
17262,17262,1503614418502,0,-2,-2,-3,1,-1,1,20
17263,17263,1503614418510,3,8,0,-3,-2,2,-2,0
17264,17264,1503614418517,-2,-5,1,1,-1,1,-2,-8
17265,17265,1503614418532,-10,2,3,1,-1,0,-3,-2
17266,17266,1503614418539,-3,-6,-7,-5,1,-3,-3,-9
17267,17267,1503614418547,-6,-3,3,0,0,-1,0,-3
17268,17268,1503614418548,7,14,8,2,1,-1,3,25
17269,17269,1503614418562,-6,-6,-7,-4,-2,-3,-4,-14
17270,17270,1503614418570,-9,-11,-7,0,-3,1,-4,-3
17271,17271,1503614418577,1,-3,4,1,-2,-2,-2,-2
17272,17272,1503614418592,3,1,-3,-5,-2,-2,2,1
17273,17273,1503614418599,0,-2,-4,-2,-2,1,0,2
17274,17274,1503614418607,-4,-8,-6,-1,0,0,-4,-2
17275,17275,1503614418622,1,3,5,3,0,1,4,15
17276,17276,1503614418630,-3,-3,0,0,1,-1,-2,-4
17277,17277,1503614418637,-6,-3,-3,-2,-6,-4,-5,-22
17278,17278,1503614418652,-5,-7,-11,-3,-3,-1,0,-14
17279,17279,1503614418659,7,0,-3,0,-1,-1,0,-2
17280,17280,1503614418667,2,13,9,2,-1,-2,-4,-10
17281,17281,1503614418682,0,-8,-4,-4,-6,-3,-2,1
17282,17282,1503614418690,9,-16,-12,-2,2,0,5,27
17283,17283,1503614418705,11,11,7,1,2,0,-2,2
17284,17284,1503614418714,-5,-4,-4,-6,-6,-4,2,3
17285,17285,1503614418720,10,8,2,1,1,3,6,3
17286,17286,1503614418734,-28,-6,-3,-1,-1,-2,-6,-13
17287,17287,1503614418742,-7,5,-1,1,3,-1,-2,3
17288,17288,1503614418751,10,2,-4,0,-1,0,1,7
17289,17289,1503614418764,-5,-4,-8,-2,0,0,-4,-7
17290,17290,1503614418772,-7,-28,-12,-5,-2,-3,-7,-16
17291,17291,1503614418782,-3,3,-4,2,2,0,1,4
17292,17292,1503614418795,-1,9,10,1,1,1,4,-2
17293,17293,1503614418802,-11,-9,2,-1,-1,1,-2,0
17294,17294,1503614418810,5,7,7,2,2,-1,1,2
17295,17295,1503614418825,1,0,0,-1,-1,-3,-3,0
17296,17296,1503614418832,10,5,4,0,-3,-3,-3,-6
17297,17297,1503614418839,-3,-14,-7,-2,0,-1,-1,5
17298,17298,1503614418840,2,-2,-5,-4,-2,0,2,14
17299,17299,1503614418855,0,-6,-8,-1,0,3,-2,0
17300,17300,1503614418862,-6,-19,-12,-3,-4,-4,-3,-5
17301,17301,1503614418873,8,14,7,3,-1,0,-1,-5
17302,17302,1503614418884,-2,2,1,-2,2,-1,1,0
17303,17303,1503614418892,11,0,-1,0,-1,-3,-1,-4
17304,17304,1503614418899,-4,4,1,0,-2,-2,1,-8
17305,17305,1503614418916,-5,-5,-7,-2,-2,-3,0,2
17306,17306,1503614418922,7,-5,-1,1,-1,1,0,-1
17385,17385,1503614419673,-5,-2,-4,-7,-1,-1,-4,-16
17386,17386,1503614419688,0,6,-1,-1,-2,0,-4,-12
17387,17387,1503614419695,-4,-11,-4,-4,-6,-2,-1,5
17388,17388,1503614419702,9,-4,-7,-1,-1,0,2,0
17389,17389,1503614419717,-1,9,4,6,2,-1,1,-3
17390,17390,1503614419724,-7,-7,-3,-3,-1,-4,2,-5
17391,17391,1503614419732,-4,11,3,2,-1,0,-1,-4
17392,17392,1503614419746,-1,-4,-5,-2,-1,-1,-2,-4
17393,17393,1503614419755,6,3,0,-4,-2,-4,0,-5
17394,17394,1503614419762,-7,-9,-6,-3,-1,-1,-3,-10
17395,17395,1503614419777,-1,-2,0,0,-1,2,-1,-1
17396,17396,1503614419786,11,-18,-7,-4,0,0,1,5
17397,17397,1503614419793,-13,-2,-1,-4,0,0,-3,-1
17398,17398,1503614419806,-5,-20,-7,-2,-2,0,-2,-5
17399,17399,1503614419814,-1,-6,-3,-1,-1,-2,-1,3
17400,17400,1503614419822,0,-4,-2,0,0,0,-2,1
17401,17401,1503614419837,-2,5,3,0,0,0,-1,2
17402,17402,1503614419844,-4,6,3,1,0,-3,-1,-2
17403,17403,1503614419855,1,26,18,4,0,2,3,-2
17404,17404,1503614419866,0,1,0,1,0,1,2,5
17405,17405,1503614419874,-4,-40,-18,-5,-4,-3,-3,-2
17406,17406,1503614419882,23,21,17,3,1,-2,1,9
17407,17407,1503614419897,-3,16,2,-1,0,-3,-3,-1
17408,17408,1503614419904,-3,25,7,2,-2,0,0,-8
17409,17409,1503614419912,-4,-8,-4,-3,-1,-1,1,10
17410,17410,1503614419927,4,-18,-6,-2,-2,1,0,1
17411,17411,1503614419934,1,-4,-5,-1,1,1,1,3
17412,17412,1503614419942,-6,14,14,0,-2,-2,0,-1
17413,17413,1503614419957,-3,-29,-17,-4,-2,-1,0,-5
17414,17414,1503614419964,-13,-19,-18,-7,-4,-5,-6,1
17415,17415,1503614419972,1,0,-5,0,0,-1,1,13
17416,17416,1503614419991,-5,-5,-7,2,1,1,-3,-16
17417,17417,1503614419995,12,7,4,1,0,-3,0,5
17418,17418,1503614420002,-10,-8,-12,-6,-3,-3,0,-3
17419,17419,1503614420017,2,10,1,1,-2,0,-3,6
17420,17420,1503614420025,14,11,10,0,0,1,3,31
17421,17421,1503614420032,0,12,12,3,2,2,1,-12
17422,17422,1503614420046,1,-8,-8,-2,0,2,1,2
17423,17423,1503614420056,4,14,5,-1,-1,1,-1,-12
17424,17424,1503614420057,0,-11,-2,3,0,-4,-2,-4
17425,17425,1503614420063,13,14,12,4,4,-1,1,-6
17426,17426,1503614420077,-5,-1,-1,-2,-3,-1,-1,1
17427,17427,1503614420084,-2,-8,-8,-3,-5,-3,-3,14
17428,17428,1503614420092,2,-1,-2,-3,-1,-3,-2,-13
17429,17429,1503614420106,-12,1,1,-1,0,-1,-5,-26
17430,17430,1503614420114,-4,-1,2,0,2,0,-1,-3
17431,17431,1503614420122,-3,0,1,0,0,1,1,2
17432,17432,1503614420137,0,-1,0,1,1,2,-1,-2
17433,17433,1503614420145,-1,7,6,0,0,1,-1,0
17434,17434,1503614420155,-5,2,-1,-3,-3,-2,-2,-4
17435,17435,1503614420166,1,25,25,7,1,2,3,3
17436,17436,1503614420174,-8,2,2,2,0,-1,-4,-21
17437,17437,1503614420182,-2,-7,-6,-5,-3,-2,-2,-1
17438,17438,1503614420197,-2,-3,0,-1,-2,0,0,9
17439,17439,1503614420204,-8,-10,-8,-6,-4,-2,-5,-26
17440,17440,1503614420212,1,-5,-5,0,-1,-1,2,10
17441,17441,1503614420227,2,-5,-7,-1,-2,-2,0,-1
17442,17442,1503614420234,0,8,12,4,3,1,-3,-11
17443,17443,1503614420242,-5,-6,-6,-3,0,-1,-4,-2
17444,17444,1503614420259,2,0,-6,-2,-4,-1,-1,-1
17445,17445,1503614420264,-2,-9,-12,-1,0,-1,-2,5
17446,17446,1503614420272,-1,1,3,-1,-3,-4,-2,-5
17447,17447,1503614420290,4,10,9,2,0,0,2,3
17448,17448,1503614420294,5,6,-3,-3,1,1,2,3
17449,17449,1503614420302,-7,-8,-5,1,1,1,2,10
17450,17450,1503614420317,1,-10,-7,-3,-1,1,0,8
17451,17451,1503614420324,-2,-4,-5,-1,-1,0,-4,-11
17452,17452,1503614420333,-5,-2,-3,-5,-2,1,0,4
17453,17453,1503614420347,3,4,1,0,-1,-3,-1,-4
17454,17454,1503614420357,-8,-4,0,0,1,-3,-4,-7
17455,17455,1503614420362,-3,-2,3,-2,-3,-4,-1,-2
17456,17456,1503614420377,2,3,4,-1,0,2,2,1
17457,17457,1503614420384,1,1,-2,-2,0,-1,0,3
17458,17458,1503614420393,1,-11,-9,-2,-2,-2,-2,-3
17459,17459,1503614420407,1,1,0,-1,0,1,0,-4
17460,17460,1503614420414,-6,2,10,2,-1,-3,-2,-2
17461,17461,1503614420423,4,1,2,0,-1,2,0,-2
17462,17462,1503614420437,-1,0,-5,-2,-1,-1,-1,-2
17463,17463,1503614420444,-2,-5,-3,-1,-1,1,0,0
17464,17464,1503614420452,2,0,-1,2,0,0,-1,2
17465,17465,1503614420466,0,-1,-3,-4,-2,-1,1,0
17466,17466,1503614420474,-1,0,0,-1,-1,-2,-2,-1
17467,17467,1503614420482,-2,-1,-3,0,-2,0,-3,-2
17468,17468,1503614420497,-1,3,-1,0,-1,1,-1,0
17469,17469,1503614420504,-1,0,1,0,1,-1,-1,1
17470,17470,1503614420512,0,-3,-5,2,0,-3,0,1
17471,17471,1503614420527,-3,-4,-3,2,0,-4,0,-1
17472,17472,1503614420534,0,-2,-2,-3,-2,-1,-1,-4
17473,17473,1503614420542,-1,6,-1,-2,-1,1,-1,0
17474,17474,1503614420558,0,2,-2,-2,0,1,-1,1
17475,17475,1503614420564,1,1,1,1,0,0,1,-1
17476,17476,1503614420586,-9,-4,0,-1,-1,-1,0,-3
17477,17477,1503614420587,0,-2,-1,-1,1,-1,-1,1
17478,17478,1503614420594,4,5,5,2,1,2,0,0
17479,17479,1503614420609,1,0,-1,0,-2,0,1,1
17480,17480,1503614420617,3,2,1,1,2,1,-2,2
17481,17481,1503614420624,-1,-2,-3,-1,0,1,-1,-1
17482,17482,1503614420625,-3,-2,2,-3,-1,0,0,-1
17483,17483,1503614420639,-2,-5,-4,-1,0,-4,-3,0
17484,17484,1503614420646,0,-1,-2,-1,1,-2,-2,0
17485,17485,1503614420654,-1,-6,-3,-3,-3,-3,2,-5
17486,17486,1503614420669,1,1,0,-1,-2,1,1,-3
17487,17487,1503614420677,-1,0,0,-2,0,-1,-3,2
17488,17488,1503614420693,-2,-3,-1,0,1,2,0,-2
17489,17489,1503614420700,1,-2,1,2,-2,0,0,-1
17490,17490,1503614420714,-2,-4,-3,-2,-2,-2,-4,-1
17491,17491,1503614420715,-4,-1,-1,-4,-3,-4,1,-1
17492,17492,1503614420729,2,8,7,4,2,-1,-1,-1
17493,17493,1503614420737,-6,-12,-1,-1,0,1,-1,-1
17494,17494,1503614420744,1,10,16,4,1,-1,0,0
17495,17495,1503614420759,3,-2,-5,-3,-3,-1,0,0
17496,17496,1503614420766,-2,-6,-9,-4,-3,-5,-3,-2
17497,17497,1503614420774,0,0,-2,2,-1,0,-3,1
17498,17498,1503614420789,-2,-2,-2,-1,-1,0,-2,2
17499,17499,1503614420797,0,2,-2,0,-1,1,1,1
17500,17500,1503614420804,0,-1,2,-1,1,0,-1,0
17501,17501,1503614420820,1,-1,-3,1,-1,1,-1,-2
17502,17502,1503614420826,0,0,7,-1,-1,0,1,2
17503,17503,1503614420834,1,1,-2,-4,-2,1,-1,-1
17504,17504,1503614420848,-2,-9,-4,-4,-2,-2,-1,0
17505,17505,1503614420849,-2,-2,-8,-2,-3,-3,-2,-3
17506,17506,1503614420859,1,2,-6,-2,1,-2,-2,-3
17507,17507,1503614420864,-3,-13,-3,-1,0,0,0,-1
17508,17508,1503614420866,6,25,2,3,1,2,0,1
17509,17509,1503614420879,-5,-3,-2,-4,-1,-2,0,-2
17510,17510,1503614420886,-5,-12,-9,-3,-2,-1,-3,-2
17511,17511,1503614420894,-1,0,0,-2,0,1,1,0
17512,17512,1503614420909,-1,-7,-1,-2,-2,-3,1,-3
17513,17513,1503614420917,1,-4,0,0,-2,1,0,-3
17514,17514,1503614420926,-4,-12,-11,-4,-2,-5,0,-1
17515,17515,1503614420939,1,15,12,3,3,-2,1,0
17516,17516,1503614420946,-1,-2,2,3,-2,0,-2,1
17517,17517,1503614420954,-1,0,0,1,1,-1,1,0
17518,17518,1503614420969,-3,-6,-4,-2,-1,-2,1,1
17519,17519,1503614420977,1,0,0,1,-2,-2,-4,-3
17520,17520,1503614420984,-2,-1,-3,-1,-2,1,-3,-4
17521,17521,1503614421000,-1,-2,-2,-2,-3,-2,0,0
17522,17522,1503614421006,5,1,1,3,4,-2,1,2
17523,17523,1503614421014,0,-1,2,2,2,-1,-4,0
17524,17524,1503614421029,-2,-10,-8,-3,-2,1,2,-3
17525,17525,1503614421037,0,-1,2,-1,-2,-2,0,1
17526,17526,1503614421044,-1,1,3,-2,0,-1,-2,-2
17527,17527,1503614421060,2,-2,-4,-1,1,1,1,0
17528,17528,1503614421066,-3,1,-1,-2,-2,3,-3,-2
17529,17529,1503614421074,0,1,0,-4,-6,0,0,-2
17530,17530,1503614421090,-2,-2,0,-3,-1,-2,2,-2
17531,17531,1503614421097,-2,-1,1,1,1,-1,-2,-1
17532,17532,1503614421104,-1,-1,1,0,-4,-4,-1,1
17533,17533,1503614421119,2,-6,-9,-2,0,-3,1,-1
17534,17534,1503614421127,1,3,7,-3,-2,0,-3,-1
17535,17535,1503614421135,-3,-5,-4,-3,-1,1,-3,-4
17536,17536,1503614421149,-3,-3,-2,-1,0,-1,1,-2
17537,17537,1503614421157,-1,-2,1,0,-2,-2,-1,-1
17538,17538,1503614421165,-2,-1,-3,-2,-1,0,-3,-1
17539,17539,1503614421179,-1,0,-3,-2,1,1,0,1
17540,17540,1503614421186,2,0,-5,3,0,0,0,0
17541,17541,1503614421194,0,1,1,-3,-1,-1,-2,0
17542,17542,1503614421209,-2,0,0,0,-2,0,-1,0
17543,17543,1503614421217,-2,-2,-2,-3,-1,-1,-2,-1
17544,17544,1503614421224,0,2,0,-1,-2,-3,0,0
17545,17545,1503614421242,0,-2,-4,-3,-4,-3,0,-1
17546,17546,1503614421243,-2,-4,-2,-2,-3,1,-1,0
17547,17547,1503614421246,0,2,-3,0,-3,-2,-5,-2
17548,17548,1503614421247,-1,-1,2,1,3,1,0,1
17549,17549,1503614421254,-3,1,1,-2,0,-2,1,1
17550,17550,1503614421269,1,1,0,-2,-3,-3,-2,0
17551,17551,1503614421277,0,0,1,-1,0,0,-1,-2
17552,17552,1503614421284,0,-4,-4,-3,0,-3,-2,-2
17553,17553,1503614421299,-1,1,1,3,0,-1,-2,-3
17554,17554,1503614421306,-2,-2,-2,2,4,2,1,2
17555,17555,1503614421315,1,1,0,0,-1,0,-1,1
17556,17556,1503614421329,-2,-1,-1,5,-1,-1,0,2
17557,17557,1503614421337,0,-1,3,3,1,-3,-5,-4
17558,17558,1503614421345,-1,-1,1,-4,-2,1,-1,-2
17559,17559,1503614421361,2,8,8,4,-2,1,1,0
17560,17560,1503614421366,-1,-2,-5,-7,-7,-1,-6,-3
17561,17561,1503614421374,0,-1,0,1,1,-3,-1,0
17562,17562,1503614421389,1,-1,-2,-5,-2,-3,-1,3
17563,17563,1503614421397,-3,-1,-4,-2,-1,2,1,0
17564,17564,1503614421404,-7,-5,-5,0,0,2,-1,-4
17565,17565,1503614421419,2,6,-6,-15,-7,-3,0,2
17566,17566,1503614421428,2,-2,12,13,9,0,-1,1
17567,17567,1503614421429,-8,-21,-14,-7,-4,-4,-3,-3
17568,17568,1503614421434,4,0,13,7,3,3,3,5
17569,17569,1503614421448,0,-1,1,-1,-1,-4,-3,-3
17570,17570,1503614421457,-3,-1,-4,-1,0,-1,-1,-4
17571,17571,1503614421464,1,4,6,6,1,2,1,-1
17572,17572,1503614421479,-3,-6,-8,-5,0,1,-3,-1
17573,17573,1503614421486,2,10,-1,-3,-1,-2,-1,-2
17574,17574,1503614421502,-12,-15,-8,-4,-3,-3,-2,-5
17575,17575,1503614421509,13,17,21,8,5,1,3,4
17576,17576,1503614421517,-3,-10,-4,3,-3,-1,-6,-7
17577,17577,1503614421540,0,0,-7,5,3,1,3,1
17578,17578,1503614421541,0,-4,-5,-4,-5,-1,2,0
17579,17579,1503614421548,0,0,3,-1,-3,0,-3,2
17580,17580,1503614421563,7,22,4,7,5,-1,-1,4
17581,17581,1503614421571,-5,-6,-12,-6,-5,-4,-5,-6
17582,17582,1503614421578,1,-1,-2,1,1,-3,-1,2
17583,17583,1503614421592,-7,-5,-18,-9,-4,-1,-1,2
17584,17584,1503614421601,0,-2,0,-4,-9,-1,-2,-5
17585,17585,1503614421608,-11,-16,-11,-4,-6,-3,-5,-20
17586,17586,1503614421623,19,16,11,2,-1,1,6,25
17587,17587,1503614421632,1,-1,-13,-5,-5,-2,-2,-3
17588,17588,1503614421633,1,0,1,-6,-1,-4,-2,1
17589,17589,1503614421638,-10,-14,-6,-5,0,-2,-1,-9
17590,17590,1503614421653,9,28,30,11,6,0,3,4
17591,17591,1503614421660,-5,-12,-10,-1,3,0,-2,-4
17592,17592,1503614421669,-8,-12,-15,-6,-6,-2,0,-2
17593,17593,1503614421682,-1,4,-2,1,2,-1,-2,0
17594,17594,1503614421690,3,-12,-4,-3,-1,-1,2,1
17595,17595,1503614421699,-7,-9,-12,-12,-6,-1,-2,-11
17596,17596,1503614421712,-1,5,5,2,3,-1,-4,-7
17597,17597,1503614421720,-5,0,1,-1,13,1,-1,0
17598,17598,1503614421730,1,0,3,4,5,1,-1,1
17599,17599,1503614421742,-1,-1,1,-6,-8,-1,-1,-3
17600,17600,1503614421750,3,2,-3,-7,-5,-1,-1,4
17601,17601,1503614421757,4,2,2,5,-3,-4,0,3
17602,17602,1503614421782,-5,-2,-2,-3,3,-2,-1,0
17603,17603,1503614421789,-3,-8,-1,-1,0,-4,-2,2
17604,17604,1503614421803,0,-2,1,1,7,1,2,-2
17605,17605,1503614421810,2,0,-1,-7,-7,-3,-1,1
17606,17606,1503614421817,-7,-7,-15,-10,-12,-3,-5,0
17607,17607,1503614421834,4,6,20,12,4,3,0,-2
17608,17608,1503614421839,-1,-10,-3,3,-4,0,1,-1
17609,17609,1503614421848,1,4,-1,-1,2,-3,1,6
17610,17610,1503614421865,-2,-1,0,5,5,0,2,-4
17611,17611,1503614421870,0,1,1,0,-3,3,3,-3
17612,17612,1503614421877,2,1,3,-9,-27,1,0,-4
17613,17613,1503614421892,2,-2,-4,4,-2,1,2,-1
17614,17614,1503614421899,0,3,5,3,6,-1,-2,-1
17615,17615,1503614421907,-1,-3,-6,-10,-10,-3,-2,2
17616,17616,1503614421922,3,4,2,5,5,1,-1,-1
17617,17617,1503614421932,-3,2,5,2,5,0,-2,1
17618,17618,1503614421937,1,-1,3,9,9,1,0,0
17619,17619,1503614421952,-3,-2,-3,9,15,1,3,1
17620,17620,1503614421960,2,9,2,-1,1,-2,-1,-1
17621,17621,1503614421969,-4,0,-2,-3,-5,-4,0,-1
17622,17622,1503614421982,4,-1,-1,4,5,-1,4,14
17623,17623,1503614421999,-9,-4,-5,-5,-3,-1,-2,-5
17624,17624,1503614422012,-3,2,-4,-5,-4,-1,0,0
17625,17625,1503614422019,6,16,8,3,3,2,-1,-2
17626,17626,1503614422027,-2,1,6,5,0,-4,-3,1
17627,17627,1503614422042,-5,-12,-14,-11,-4,-1,2,7
17628,17628,1503614422050,0,-1,7,-1,-1,-1,-2,-1
17629,17629,1503614422057,-4,-18,-9,-9,-9,-6,-3,0
17630,17630,1503614422073,9,25,31,10,8,5,5,9
17631,17631,1503614422079,11,35,51,21,8,5,3,-1
17632,17632,1503614422088,-2,-9,-11,-4,-12,-11,-10,-1
17633,17633,1503614422102,-7,-14,-19,-12,-10,-5,-4,-15
17634,17634,1503614422110,-3,-8,-10,-2,-1,-4,-3,-5
17635,17635,1503614422117,-4,-8,-9,0,-1,0,-2,-4
17636,17636,1503614422132,-5,-9,-18,-8,-2,-1,0,-4
17637,17637,1503614422140,2,1,3,2,1,3,-1,1
17638,17638,1503614422148,-5,-23,-20,-10,-3,1,0,-2
17639,17639,1503614422162,11,13,9,10,2,1,1,14
17640,17640,1503614422170,-5,5,6,-3,-2,-1,-3,-4
17641,17641,1503614422177,-4,-3,-6,-3,-2,-2,-1,-6
17642,17642,1503614422192,4,2,-3,3,7,2,-1,7
17643,17643,1503614422199,0,-4,-1,-5,-5,-6,-5,-3
17644,17644,1503614422207,-5,-1,2,-14,-10,0,-1,-8
17645,17645,1503614422222,-11,-5,-9,-6,-3,-4,-7,-20
17646,17646,1503614422231,8,13,7,6,2,1,3,11
17647,17647,1503614422237,-3,-6,-11,-9,-2,-1,1,0
17648,17648,1503614422252,-4,-13,-17,0,-3,-3,0,-3
17649,17649,1503614422259,1,1,2,11,13,3,1,1
17650,17650,1503614422268,-3,-6,-3,-1,0,0,1,2
17651,17651,1503614422282,10,6,0,-5,-7,-1,1,11
17652,17652,1503614422290,-1,-1,-4,2,4,2,-1,-2
17653,17653,1503614422304,-3,-6,-2,-4,-7,1,3,11
17654,17654,1503614422312,1,-1,10,6,-3,-1,-2,-2
17655,17655,1503614422319,-6,-11,-10,-8,0,-4,-1,-6
17656,17656,1503614422327,0,3,4,9,1,0,1,-6
17657,17657,1503614422342,-8,-5,-5,5,7,0,-3,-8
17658,17658,1503614422350,16,12,8,0,-4,0,1,8
17659,17659,1503614422357,-3,-1,1,-1,-7,-3,-1,2
17660,17660,1503614422372,-5,-2,4,-2,7,3,0,-3
17661,17661,1503614422380,0,-6,3,-5,-5,0,-3,-6
17662,17662,1503614422395,-1,-4,-6,-3,0,-2,-2,1
17663,17663,1503614422402,1,9,11,5,4,0,1,-8
17664,17664,1503614422413,-6,0,-6,-4,-1,-1,-1,3
17665,17665,1503614422417,-2,-2,-12,-5,-3,-4,1,0
17666,17666,1503614422435,-18,4,2,-6,-3,-2,-2,-2
17667,17667,1503614422439,6,5,-5,2,1,1,-1,1
17668,17668,1503614422455,10,-10,-17,-8,-7,-3,-2,-2
17669,17669,1503614422462,-23,-7,-6,-7,-4,0,0,1
17670,17670,1503614422470,5,-15,-9,-2,5,0,3,0
17671,17671,1503614422484,9,2,-2,2,2,-1,-4,-1
17672,17672,1503614422492,1,4,5,0,-7,-4,-4,-1
17673,17673,1503614422500,4,-13,-4,2,2,-2,0,1
17674,17674,1503614422515,12,11,10,1,-7,2,-1,1
17675,17675,1503614422522,1,-19,-12,-6,-4,-4,-4,-1
17676,17676,1503614422530,-1,-2,14,5,1,4,2,4
17677,17677,1503614422544,-1,7,12,6,1,0,3,-1
17678,17678,1503614422552,-11,1,1,-1,2,-1,-1,-6
17679,17679,1503614422559,18,19,19,8,2,3,1,1
17680,17680,1503614422577,-15,-5,-10,-8,-2,-4,-4,-3
17681,17681,1503614422582,-4,11,5,-5,-2,-2,0,-3
17682,17682,1503614422590,-3,22,12,3,3,-1,1,-4
17683,17683,1503614422607,-2,-16,-3,-4,-1,2,2,0
17785,17785,1503614423617,-8,-25,-15,-10,-5,-2,-1,-3
17786,17786,1503614423624,7,2,2,-1,-2,0,0,-3
17787,17787,1503614423632,39,21,8,1,-1,0,0,5
17788,17788,1503614423648,-4,-1,12,5,-1,0,2,-4
17789,17789,1503614423655,-34,-25,-7,-3,1,0,0,-6
17790,17790,1503614423662,10,0,-6,0,-9,-7,-5,-2
17791,17791,1503614423677,-2,4,6,-2,0,0,2,5
17792,17792,1503614423685,8,10,0,2,2,5,0,6
17793,17793,1503614423692,-12,-6,8,-3,-3,-4,-7,-10
17794,17794,1503614423708,23,0,1,-3,-1,0,-1,-3
17795,17795,1503614423715,-6,16,6,-1,0,-2,-3,1
17796,17796,1503614423716,2,-23,-10,0,2,-1,1,2
17797,17797,1503614423722,-3,-10,-2,-3,-2,-2,0,0
17798,17798,1503614423737,12,1,-3,0,-1,2,6,4
17799,17799,1503614423744,0,21,11,5,6,0,4,2
17800,17800,1503614423752,8,9,9,5,-1,-1,-1,0
17801,17801,1503614423767,-2,-6,-15,-8,-2,-2,-1,-4
17802,17802,1503614423775,18,-5,-1,-2,3,0,0,2
17803,17803,1503614423776,1,-1,-4,-3,-2,-2,-1,0
17804,17804,1503614423782,-33,-14,-5,0,0,3,2,-3
17805,17805,1503614423798,-20,-3,6,5,-2,-2,-2,0
17806,17806,1503614423807,-4,9,1,0,0,1,4,1
17807,17807,1503614423812,-10,2,2,2,3,-1,0,-4
17808,17808,1503614423827,7,-1,3,5,4,0,-6,-2
17809,17809,1503614423835,28,10,16,2,2,1,1,1
17810,17810,1503614423842,-2,-1,2,0,-5,-7,1,4
17811,17811,1503614423857,-12,-3,-10,-8,-6,-3,-8,-6
17812,17812,1503614423864,-11,-1,3,0,-1,-1,-1,-2
17813,17813,1503614423874,6,11,7,5,-1,-1,-1,4
17814,17814,1503614423887,-11,3,-3,-2,0,0,1,0
17815,17815,1503614423895,-81,-20,-11,-9,-8,-3,-6,-12
17816,17816,1503614423902,15,-6,5,-1,-3,0,-2,0
17817,17817,1503614423917,-5,14,-6,-5,-5,-1,-4,-3
17818,17818,1503614423924,-9,-13,-13,-1,-1,-1,0,-1
17819,17819,1503614423932,30,48,27,11,9,4,4,5
17820,17820,1503614423947,3,-6,-10,-3,-1,-5,-1,1
17821,17821,1503614423955,-23,-36,-22,-8,-4,-2,0,-8
17822,17822,1503614423962,3,-2,3,2,-2,0,1,0
17823,17823,1503614423977,11,-2,1,1,2,1,1,3
17824,17824,1503614423984,8,-6,-2,2,1,1,-1,-6
17825,17825,1503614423992,-12,15,0,4,1,0,4,-1
17826,17826,1503614424009,25,6,-1,-4,-4,-1,0,8
17827,17827,1503614424015,11,-16,-6,-4,-1,-2,-3,4
17828,17828,1503614424022,1,18,7,6,4,2,1,-3
17829,17829,1503614424040,-15,-10,-2,-2,-4,-2,-2,-7
17830,17830,1503614424044,-2,-4,6,1,-2,-1,1,-3
17831,17831,1503614424052,40,-6,-6,-3,2,-2,-5,4
17832,17832,1503614424067,-13,8,13,1,-1,0,-2,-1
17833,17833,1503614424076,-1,-9,2,2,-3,-1,2,0
17834,17834,1503614424082,8,-10,-12,-3,0,0,1,-1
17835,17835,1503614424097,6,-3,-6,-5,-5,-1,-2,1
17836,17836,1503614424104,-22,-11,-8,-5,1,-1,-2,-3
17837,17837,1503614424113,-20,-1,2,6,0,0,2,0
17838,17838,1503614424127,-43,-4,-6,-4,-3,-3,-6,-8
17839,17839,1503614424135,11,29,15,2,-1,0,2,3
17840,17840,1503614424144,14,-7,-4,-1,0,-3,2,6
17841,17841,1503614424157,28,9,-6,-4,2,1,-2,4
17842,17842,1503614424165,8,-2,-5,-4,-2,-1,-2,-1
17843,17843,1503614424177,-3,-16,-6,0,0,-2,0,-4
17844,17844,1503614424187,22,2,2,0,-1,-2,-2,3
17845,17845,1503614424195,-15,1,14,-2,-2,-2,-2,-7
17846,17846,1503614424202,-9,42,27,5,1,2,3,-2
17847,17847,1503614424218,-6,-13,-9,1,1,-1,-2,-1
17848,17848,1503614424224,8,-6,-5,-1,-3,1,1,0
17849,17849,1503614424233,-2,1,-1,1,-2,0,-2,-3
17850,17850,1503614424247,7,-4,-2,-1,0,-4,-3,1
17851,17851,1503614424255,3,-4,-4,-3,0,-1,1,1
17852,17852,1503614424262,0,-9,-5,1,-3,3,-2,-2
17853,17853,1503614424277,20,13,6,1,1,-1,-2,3
17854,17854,1503614424284,-12,-9,-5,1,0,-1,-2,-4
17855,17855,1503614424299,-18,-13,-9,-5,-4,-3,-1,-1
17856,17856,1503614424307,-18,-11,-6,-7,-2,-3,-3,-3
17857,17857,1503614424315,7,17,15,8,3,0,4,3
17858,17858,1503614424328,36,-1,-5,-1,-2,0,1,5
17859,17859,1503614424337,3,-7,-9,-5,-2,1,2,-1
17860,17860,1503614424344,-24,-7,-2,-1,-2,-1,-4,-5
17861,17861,1503614424359,-8,-2,-4,-4,-4,1,0,-3
17862,17862,1503614424367,-17,-5,-9,-3,0,-2,0,-4
17863,17863,1503614424376,2,15,6,-1,-2,0,-3,2
17864,17864,1503614424388,6,1,0,-1,1,0,0,3
17865,17865,1503614424397,2,-11,-4,-1,1,0,1,0
17866,17866,1503614424404,-26,-13,-5,-1,-1,-2,-2,-4
17867,17867,1503614424419,-27,0,-12,-7,-6,-6,-5,-6
17868,17868,1503614424427,3,-13,-6,1,-2,2,1,3
17869,17869,1503614424435,0,-21,-12,-4,-2,-1,-2,2
17870,17870,1503614424448,-6,3,0,-3,-2,1,1,2
17871,17871,1503614424449,-17,6,0,-3,-2,0,-3,-8
17872,17872,1503614424457,-15,1,0,3,3,-2,-2,-2
17873,17873,1503614424464,8,8,6,4,2,0,-1,-2
17874,17874,1503614424480,28,4,0,-2,-2,-3,0,4
17875,17875,1503614424487,-5,-8,-3,-2,2,1,0,0
17876,17876,1503614424495,14,4,0,0,1,5,-2,2
17877,17877,1503614424511,24,11,1,1,0,-5,1,3
17878,17878,1503614424517,-31,-21,-10,-5,-3,-3,-3,-6
17879,17879,1503614424524,-21,12,11,2,1,2,0,-4
17880,17880,1503614424540,-10,-6,-2,-2,-1,2,1,-2
17881,17881,1503614424547,20,5,0,1,1,-2,2,2
17882,17882,1503614424562,17,-4,-4,-2,-2,-3,-1,-1
17883,17883,1503614424568,16,1,-2,0,-1,-3,-2,-4
17884,17884,1503614424578,8,-2,1,2,-2,1,-1,7
17885,17885,1503614424584,19,3,-16,-7,-6,1,-2,6
17886,17886,1503614424599,14,34,36,15,6,-2,0,-3
17887,17887,1503614424607,-15,-5,-2,-2,-3,-1,0,2
17888,17888,1503614424615,-5,-2,-2,-3,0,0,0,-5
17889,17889,1503614424628,7,-9,-3,-3,-3,0,1,-2
17890,17890,1503614424629,-11,7,7,3,0,-1,0,-7
17891,17891,1503614424637,-19,6,6,1,1,0,-3,-5
17892,17892,1503614424645,20,-14,-11,-2,-2,1,0,10
17893,17893,1503614424659,-8,-17,-15,-2,0,-2,-1,-2
17894,17894,1503614424667,-19,6,7,0,0,-4,-1,-3
17895,17895,1503614424675,-26,-2,2,0,0,0,0,-1
17896,17896,1503614424688,8,4,2,-1,-1,-2,1,1
17897,17897,1503614424689,-5,4,-5,-4,0,-1,-1,-4
17898,17898,1503614424697,14,13,1,2,0,-1,-2,-2
17899,17899,1503614424704,2,-3,3,-1,1,1,1,-1
17900,17900,1503614424720,-3,-5,-8,1,0,0,2,-3
17901,17901,1503614424727,2,13,17,3,-1,-1,0,-2
17902,17902,1503614424735,1,-2,2,-3,-2,-1,-6,-3
17903,17903,1503614424749,2,-8,-6,-4,-2,-4,1,5
17904,17904,1503614424757,0,-6,-4,-2,-1,-2,0,3
17905,17905,1503614424764,0,0,0,0,0,-1,-1,-4
17906,17906,1503614424779,8,-3,-11,-3,-2,-1,-3,-4
17907,17907,1503614424787,-8,-7,-3,-1,-3,-1,-5,-5
17908,17908,1503614424795,-2,-15,-8,-3,-2,-2,-1,-1
17909,17909,1503614424808,-3,5,1,-1,1,-1,0,-1
17910,17910,1503614424809,1,-6,-2,5,6,-1,-5,-1
17911,17911,1503614424817,0,0,0,-1,0,-2,2,3
17912,17912,1503614424824,-2,-6,-5,-4,-4,-2,-1,0
17913,17913,1503614424839,-4,4,4,4,-1,-1,2,-5
17914,17914,1503614424847,-3,-6,-4,-1,-4,0,-1,-1
17915,17915,1503614424855,2,2,1,0,-1,-2,-3,3
17916,17916,1503614424868,-2,-1,-3,0,-3,-2,-3,0
17917,17917,1503614424869,2,3,8,1,0,3,0,2
17918,17918,1503614424879,5,12,-4,-2,-2,-1,2,8
17919,17919,1503614424884,0,-2,-4,-10,-3,-1,-2,-1
17920,17920,1503614424899,-1,-13,-4,2,3,0,0,-3
17921,17921,1503614424907,2,4,2,2,-2,-1,-1,0
17922,17922,1503614424915,-6,-15,-8,-6,-2,0,-3,-3
17923,17923,1503614424929,2,-1,6,1,-3,-1,1,-1
17924,17924,1503614424937,-3,0,0,-4,-3,0,0,-2
17925,17925,1503614424946,-6,-10,-17,-2,1,-2,1,-1
17926,17926,1503614424959,4,22,13,8,3,-1,3,-10
17927,17927,1503614424973,1,-9,-13,-6,-3,-1,-1,16
17928,17928,1503614424975,2,4,5,2,-1,-1,-2,3
17929,17929,1503614424988,2,4,5,2,-1,-4,-2,2
17930,17930,1503614424989,-1,2,3,-3,-2,1,1,0
17931,17931,1503614424997,-1,-4,-3,-6,0,0,-1,-2
17932,17932,1503614425004,1,-1,-3,-2,0,-3,-2,-4
17933,17933,1503614425019,1,-3,2,2,-3,-1,-1,-3
17934,17934,1503614425027,-3,0,-1,-4,1,1,0,-4
17935,17935,1503614425035,3,-1,0,-3,1,2,-1,6
17936,17936,1503614425049,-2,-2,0,5,0,-4,-1,-3
17937,17937,1503614425057,-4,-8,-11,-7,-5,-1,-2,-2
17938,17938,1503614425064,4,17,12,4,2,3,1,-4
17939,17939,1503614425080,-4,-4,0,-2,-1,-4,-2,-8
17940,17940,1503614425087,-5,17,8,2,-1,0,-4,-18
17941,17941,1503614425095,7,7,0,-1,2,-1,5,21
17942,17942,1503614425108,-1,-8,0,1,0,-3,0,5
17943,17943,1503614425117,-4,-5,-5,-3,-3,0,-3,-4
17944,17944,1503614425124,-1,-3,-2,2,4,0,-1,-4
17945,17945,1503614425139,-1,-3,1,11,10,-1,1,1
17946,17946,1503614425147,-4,-6,-2,-5,-3,-2,-2,-3
17947,17947,1503614425155,1,8,9,-2,-2,1,0,1
17948,17948,1503614425168,-4,7,-8,0,0,-1,-3,-6
17949,17949,1503614425180,-2,1,-2,-2,-2,-1,-3,-5
17950,17950,1503614425185,0,-5,5,-6,-2,-3,-4,-3
17951,17951,1503614425199,0,-6,-4,-4,-5,-2,-1,5
17952,17952,1503614425207,-1,-2,-4,1,-4,2,1,3
17953,17953,1503614425215,3,1,5,0,0,3,5,6
17954,17954,1503614425228,-1,-8,-5,1,-2,-3,-1,4
17955,17955,1503614425237,-1,-10,-6,0,0,-3,1,3
17956,17956,1503614425251,1,-3,7,1,-1,1,2,-2
17957,17957,1503614425260,-5,-2,-4,-5,-2,-2,-6,-6
17958,17958,1503614425267,-1,0,-6,-5,-4,-2,-2,-4
17959,17959,1503614425282,-7,-6,-6,-2,-4,-3,-4,-13
17960,17960,1503614425289,9,9,-9,4,4,0,3,10
17961,17961,1503614425297,-3,-6,-6,-2,-2,-1,-3,-1
17962,17962,1503614425311,-3,-5,0,0,-3,-1,1,0
17963,17963,1503614425321,-1,0,-3,1,2,-1,-3,-7
17964,17964,1503614425327,1,-1,6,-1,-2,1,-3,-10
17965,17965,1503614425342,-3,1,3,-4,-2,-2,3,-3
17966,17966,1503614425348,-4,-11,-3,2,0,-3,-6,-4
17967,17967,1503614425349,0,11,-8,-3,0,1,4,-3
17968,17968,1503614425357,2,7,6,-1,-1,2,-2,-3
17969,17969,1503614425371,-4,-9,-3,-1,1,0,-6,-8
17970,17970,1503614425381,3,0,1,-3,0,0,-2,5
17971,17971,1503614425388,-2,-3,2,0,0,-2,-3,-2
17972,17972,1503614425402,-3,-4,0,-4,-3,-3,-3,-6
17973,17973,1503614425408,3,9,0,2,0,-3,-3,4
17974,17974,1503614425409,0,-3,-4,-1,-3,0,0,8
17975,17975,1503614425417,0,2,-9,0,0,2,2,-1
17976,17976,1503614425431,2,-7,9,3,1,3,1,8
17977,17977,1503614425439,5,7,10,8,2,3,4,9
17978,17978,1503614425448,0,-4,0,0,-1,1,-2,0
17979,17979,1503614425462,-2,-4,-7,-8,-4,-3,-4,-15
17980,17980,1503614425468,-2,0,-2,10,7,-2,0,-9
17981,17981,1503614425477,0,2,-1,-1,-1,2,0,3
17982,17982,1503614425491,-6,-8,-9,-7,3,0,0,-6
17983,17983,1503614425499,-4,-7,-2,2,2,-3,-1,2
17984,17984,1503614425507,-4,-8,-10,-9,-10,-3,-2,0
17985,17985,1503614425522,2,-2,-1,2,-1,0,2,4
17986,17986,1503614425528,-8,-3,4,-1,-4,-7,-9,-10
17987,17987,1503614425537,0,4,1,-2,-2,0,-2,-4
17988,17988,1503614425551,1,1,-2,8,3,1,0,6
17989,17989,1503614425559,-1,-3,-2,0,-1,-2,-1,2
17990,17990,1503614425567,-1,-2,-3,-5,-2,-1,-3,-5
17991,17991,1503614425582,2,6,13,2,2,2,0,1
17992,17992,1503614425589,-3,-4,1,-2,-4,-1,1,-1
17993,17993,1503614425597,2,7,-3,0,-1,-1,0,-4
17994,17994,1503614425611,2,3,3,0,1,0,0,9
17995,17995,1503614425619,-9,-12,-15,-12,-7,-2,-7,-22
17996,17996,1503614425627,0,4,1,-4,-3,-2,0,8
17997,17997,1503614425642,0,-5,-6,-6,-4,-2,3,3
17998,17998,1503614425650,3,6,1,1,-7,-2,-1,3
17999,17999,1503614425657,-6,-2,-3,0,0,-1,-5,-9
18000,18000,1503614425671,4,6,-5,0,-1,-1,1,1
18001,18001,1503614425679,-1,-1,0,-1,-3,-1,-1,5
18002,18002,1503614425687,-8,-30,-10,-5,-3,-3,-2,0
18003,18003,1503614425702,11,20,36,10,1,4,2,7
18004,18004,1503614425708,-1,1,1,3,3,1,1,-6
18005,18005,1503614425717,-5,-8,-10,-6,-2,-3,0,2
18006,18006,1503614425731,0,2,1,1,0,1,-2,0
18007,18007,1503614425739,7,2,-5,-1,0,-3,4,29
18008,18008,1503614425746,-3,0,1,4,0,0,-1,-1
18009,18009,1503614425747,-2,1,-1,-5,0,-2,1,-1
18010,18010,1503614425762,2,-2,6,4,3,1,-2,-5
18011,18011,1503614425768,10,12,14,7,2,0,0,10
18012,18012,1503614425776,-1,-4,2,1,0,-2,-3,-2
18013,18013,1503614425777,-7,-21,-18,-8,-5,-3,-3,-3
18014,18014,1503614425791,2,9,10,4,0,2,-1,-4
18015,18015,1503614425799,-7,-10,-15,-1,-2,-4,-3,-6
18016,18016,1503614425807,-1,1,-1,-1,2,-2,-3,-5
18017,18017,1503614425822,-2,-4,-5,-3,-3,0,1,-3
18018,18018,1503614425828,-3,-2,-1,-3,-3,-1,-2,2
18019,18019,1503614425836,5,8,11,4,3,1,-1,0
18020,18020,1503614425837,-4,4,7,0,1,-2,-4,-3
18021,18021,1503614425851,0,0,-5,-4,-5,-1,-3,-2
18022,18022,1503614425859,1,1,0,4,3,1,1,1
18023,18023,1503614425866,4,11,12,0,1,-2,1,-3
18024,18024,1503614425883,-3,-2,-3,-3,-4,-2,-3,-2
18025,18025,1503614425888,-4,-8,-10,-4,0,2,-1,-2
18026,18026,1503614425897,5,20,26,6,3,0,1,-1
18027,18027,1503614425911,0,-2,-8,1,2,-2,-3,-3
18028,18028,1503614425919,-6,-9,-11,-3,-3,-1,-2,-7
18029,18029,1503614425927,-3,-6,-3,1,0,0,-1,1
18030,18030,1503614425928,0,7,3,-1,-4,-2,-3,0
18031,18031,1503614425941,2,10,-5,7,8,2,1,3
18032,18032,1503614425948,-2,-6,-8,-1,1,-1,3,2
18033,18033,1503614425957,-2,7,3,-4,-2,-2,-3,-3
18034,18034,1503614425971,-2,-5,-5,-2,-1,-3,0,0
18035,18035,1503614425979,-3,-11,-13,-5,1,2,1,-3
18036,18036,1503614425987,2,0,-7,0,0,1,-1,-1
18037,18037,1503614426002,-1,-11,-9,0,-1,0,-1,-1
18038,18038,1503614426009,-3,-9,-5,-2,-3,-3,-3,2
18039,18039,1503614426018,5,15,5,-5,-7,-5,-2,2
18040,18040,1503614426031,-5,-12,0,-3,-5,-1,-2,-6
18041,18041,1503614426039,-2,-7,5,1,-2,-1,-2,0
18042,18042,1503614426047,1,7,17,2,1,1,2,3
18043,18043,1503614426062,-3,-14,-11,-7,-7,-3,2,-8
18044,18044,1503614426068,4,16,23,12,5,0,-2,3
18045,18045,1503614426077,-5,-2,-1,-2,0,-3,-4,-5
18046,18046,1503614426091,-2,-1,-16,-4,-4,-1,0,-3
18047,18047,1503614426099,1,-3,-2,1,0,1,-4,-2
18048,18048,1503614426106,-1,11,11,-1,1,-3,-1,0
18049,18049,1503614426107,-8,-15,-13,-5,-1,-3,-3,-4
18050,18050,1503614426122,3,-8,-7,1,-2,-3,-2,5
18051,18051,1503614426128,2,13,14,-3,-1,1,3,-4
18052,18052,1503614426137,-3,2,7,2,6,4,4,-2
18053,18053,1503614426153,1,-5,-5,-3,-1,2,0,2
18054,18054,1503614426159,-2,-2,-1,0,-4,-2,-1,-3
18055,18055,1503614426173,1,-5,-6,-4,-1,-4,1,1
18056,18056,1503614426181,-3,8,6,1,-3,1,-5,1
18057,18057,1503614426191,7,5,5,0,-2,-3,-2,2
18058,18058,1503614426204,0,9,-11,-4,-4,-1,0,1
18059,18059,1503614426211,-2,-7,-2,0,-2,-1,-2,1
18060,18060,1503614426219,-7,-14,-8,5,6,0,-1,0
18061,18061,1503614426233,-5,-10,-7,-5,-2,-1,-5,-7
18062,18062,1503614426234,-1,7,3,3,2,0,0,-1
18063,18063,1503614426241,1,-2,1,-3,-3,0,0,-1
18064,18064,1503614426242,2,5,4,0,3,1,-1,1
18065,18065,1503614426248,-4,-3,0,1,2,0,-2,-4
18066,18066,1503614426264,3,0,1,-1,0,-1,-1,1
18067,18067,1503614426271,-3,-1,-3,0,-2,2,0,0
18068,18068,1503614426279,0,6,-2,-6,-3,-1,2,-4
18069,18069,1503614426294,-3,-4,-10,-1,-3,0,2,-2
18070,18070,1503614426301,3,5,5,1,1,-1,-2,-1
18071,18071,1503614426302,-4,-10,2,4,2,-4,-3,-1
18072,18072,1503614426308,-5,5,-1,0,-2,-1,-6,-14
18073,18073,1503614426331,-1,-1,-1,1,1,2,0,1
18074,18074,1503614426339,-1,-7,-7,-5,-4,-2,-3,1
18075,18075,1503614426353,7,23,37,5,0,-1,1,1
18076,18076,1503614426362,0,0,-2,0,-1,-3,-1,0
18077,18077,1503614426370,1,-5,-12,-6,-5,-3,1,1
18078,18078,1503614426388,0,-4,4,1,1,-1,-1,2
18079,18079,1503614426391,-4,-6,-8,-5,-2,0,-1,-1
18080,18080,1503614426399,2,1,-2,-2,-3,-1,-3,-3
18081,18081,1503614426413,-1,1,-5,0,2,0,-2,2
18082,18082,1503614426425,0,-4,-11,-4,-5,-1,-2,-1
18083,18083,1503614426429,0,-2,-5,-3,2,-4,-2,-2
18084,18084,1503614426444,-2,2,6,3,0,-1,1,0
18085,18085,1503614426453,-4,-8,-7,-5,-6,-3,2,1
18086,18086,1503614426459,-3,0,1,-2,3,-1,-2,-1
18087,18087,1503614426473,2,-5,-3,2,-1,2,0,0
18088,18088,1503614426482,-1,-5,10,3,2,0,0,2
18089,18089,1503614426491,-2,-3,2,1,-1,-1,-3,1
18090,18090,1503614426504,-5,-7,-8,-2,-1,0,5,0
18091,18091,1503614426511,6,15,-1,-1,-1,0,-2,-4
18092,18092,1503614426522,0,-1,-5,-5,-6,0,-2,-2
18093,18093,1503614426534,-6,-11,-5,0,4,0,-2,0
18094,18094,1503614426541,3,4,0,-1,-1,0,-1,0
18095,18095,1503614426549,0,-2,-1,-1,-3,-5,-5,0
18096,18096,1503614426564,3,9,6,2,3,-1,-3,1
18097,18097,1503614426571,-3,-1,-2,0,0,0,1,3
18098,18098,1503614426579,-3,-5,-5,-2,-4,-3,-1,-3
18099,18099,1503614426593,-1,-5,-1,-2,-2,-1,-2,-3
18100,18100,1503614426601,-2,4,-9,0,-2,-3,-2,-3
18101,18101,1503614426617,-1,-14,-5,-1,0,2,2,-1
18102,18102,1503614426625,0,-7,1,3,6,0,-1,-2
18103,18103,1503614426632,-3,-3,4,1,0,-4,-3,-2
18104,18104,1503614426639,-2,-1,-1,-2,-2,0,1,0
18105,18105,1503614426657,2,6,0,1,1,1,-7,-4
18106,18106,1503614426663,-1,4,5,1,-1,-2,-2,-3
18107,18107,1503614426677,-1,-2,-3,-5,-4,-1,4,2
18108,18108,1503614426684,-1,1,-2,-2,-1,-1,0,0
18109,18109,1503614426692,-1,7,3,-3,0,-5,0,-2
18110,18110,1503614426699,-2,0,-4,-3,-4,-3,0,2
18111,18111,1503614426714,2,9,16,3,-2,3,1,6
18112,18112,1503614426724,-1,-5,-7,-3,3,0,-4,-6
18113,18113,1503614426737,0,-4,-12,-4,-3,-4,0,1
18114,18114,1503614426744,2,3,7,2,1,3,2,4
18115,18115,1503614426752,3,11,0,0,0,-2,-4,-4
18116,18116,1503614426759,0,0,-8,-2,-3,-2,1,2
18117,18117,1503614426774,-3,-12,-12,2,2,3,3,-2
18118,18118,1503614426781,-3,-5,3,1,0,-1,-3,-6
18119,18119,1503614426797,-3,8,0,-4,-1,-2,1,1
18120,18120,1503614426804,-4,-5,-6,-6,-2,-3,0,-2
18121,18121,1503614426812,-1,-12,-6,0,2,-3,3,12
18122,18122,1503614426819,4,2,7,4,2,5,2,4
18123,18123,1503614426834,-7,-10,-2,-1,-4,-1,-2,-2
18124,18124,1503614426841,8,5,9,0,-1,-1,2,12
18125,18125,1503614426857,-1,3,-3,-1,-1,0,0,-4
18126,18126,1503614426864,-5,2,0,-3,-1,-1,-2,-9
18127,18127,1503614426872,2,-3,3,-2,-1,-3,-3,-1
18128,18128,1503614426879,-3,-6,-9,-6,-4,-2,-1,-2
18129,18129,1503614426895,0,-3,-11,-5,2,4,1,-6
18130,18130,1503614426901,4,14,15,6,1,-3,-3,-2
18131,18131,1503614426917,-4,-1,3,-2,-5,0,0,-4
18132,18132,1503614426925,-4,-4,-3,-3,0,-3,1,3
18133,18133,1503614426932,2,7,-10,-1,3,1,-2,3
18134,18134,1503614426939,4,-1,3,1,-2,1,0,-1
18135,18135,1503614426956,-5,-19,-14,-7,-5,-5,-2,-5
18136,18136,1503614426962,-7,-12,-9,-4,0,1,-3,-3
18137,18137,1503614426977,-5,-1,2,-1,-7,-2,0,-5
18138,18138,1503614426984,2,5,1,1,-1,-1,-2,5
18139,18139,1503614426992,-2,2,4,-3,-2,-1,-1,1
18140,18140,1503614426999,-2,-8,-11,-3,-4,-1,-1,-2
18141,18141,1503614427014,4,13,11,6,2,1,2,-5
18142,18142,1503614427023,-4,-1,2,1,-2,-1,-1,0
18143,18143,1503614427037,-4,-14,-3,-4,-1,-2,-3,2
18144,18144,1503614427044,2,7,9,5,0,2,0,-3
18145,18145,1503614427052,0,-1,4,3,1,0,1,-2
18146,18146,1503614427059,4,4,2,3,-3,-4,-3,-5
18147,18147,1503614427074,0,-6,-1,0,1,-1,2,-4
18148,18148,1503614427081,1,0,-3,-2,1,0,2,-6
18149,18149,1503614427098,-2,6,4,2,2,0,-3,-4
18150,18150,1503614427104,-4,-4,-2,-4,-4,-3,2,2
18151,18151,1503614427112,2,-1,-4,-4,-1,0,3,6
18152,18152,1503614427127,2,-3,-3,0,1,1,-2,-2
18153,18153,1503614427134,14,2,-12,-3,-4,-3,-1,6
18154,18154,1503614427141,-3,-3,8,2,3,1,-3,0
18155,18155,1503614427158,-3,1,9,2,-1,0,-2,-2
18156,18156,1503614427164,-4,-3,-5,-5,-2,-3,3,-4
18157,18157,1503614427172,3,-1,-5,-1,-1,-1,0,-1
18158,18158,1503614427187,-2,-2,-2,-7,-5,-1,0,-9
18159,18159,1503614427194,-14,-6,-4,-1,-1,-3,-1,2
18160,18160,1503614427201,-7,-4,-5,-1,0,0,-2,-4
18259,18259,1503614428177,10,-5,2,4,1,-2,-4,-6
18260,18260,1503614428184,-14,-18,-11,0,-1,-1,-3,2
18261,18261,1503614428199,12,8,3,-2,-3,3,0,5
18262,18262,1503614428200,-2,-6,2,-1,0,0,4,8
18263,18263,1503614428207,-3,-5,-1,1,0,-2,-2,3
18264,18264,1503614428215,-1,1,3,-2,3,0,-4,2
18265,18265,1503614428230,1,5,-2,-1,0,1,1,3
18266,18266,1503614428238,9,15,8,2,-3,-1,2,39
18267,18267,1503614428244,-5,-1,7,1,1,-1,1,1
18268,18268,1503614428259,-6,-10,-9,-2,-1,3,-1,-13
18269,18269,1503614428267,4,-1,-8,-2,-1,-2,0,5
18270,18270,1503614428275,-7,-9,-6,-6,-3,-1,1,-2
18271,18271,1503614428289,4,4,-1,5,6,-3,-1,-5
18272,18272,1503614428298,8,-3,-4,-3,1,0,1,0
18273,18273,1503614428306,8,9,7,-1,-3,1,-1,9
18274,18274,1503614428319,-1,14,1,1,1,0,0,-5
18275,18275,1503614428329,-38,-10,0,-2,-2,-2,-3,-21
18276,18276,1503614428335,-10,-20,-5,-2,-4,-1,-1,-10
18277,18277,1503614428349,10,11,4,0,-2,-2,-1,19
18278,18278,1503614428358,0,-6,-4,-1,-1,-3,-6,2
18279,18279,1503614428364,-37,-15,-12,-6,-3,-2,-1,-8
18280,18280,1503614428379,11,11,3,-3,-1,-2,0,0
18281,18281,1503614428387,-10,-10,-3,-2,0,1,0,2
18282,18282,1503614428402,-18,-11,-9,-5,-3,0,0,-9
18283,18283,1503614428416,30,15,11,1,-1,1,3,-1
18284,18284,1503614428418,4,4,5,-1,-2,-1,-1,-1
18285,18285,1503614428424,-5,3,3,1,-2,-2,0,-3
18286,18286,1503614428439,-5,24,9,2,3,4,1,-15
18287,18287,1503614428447,20,1,-7,-2,-4,-2,-3,-3
18288,18288,1503614428454,-20,31,20,4,3,3,-1,12
18289,18289,1503614428469,6,-5,-1,0,0,-2,-2,12
18290,18290,1503614428477,5,-21,-13,0,1,-1,-5,-7
18291,18291,1503614428484,-2,-17,-8,-2,-1,-1,-1,-4
18292,18292,1503614428499,4,-2,-2,1,0,-3,-2,-1
18293,18293,1503614428507,-2,-10,-6,-2,0,-2,0,-1
18294,18294,1503614428514,16,13,2,1,-2,-2,1,3
18295,18295,1503614428530,-22,1,-5,-3,2,1,0,1
18296,18296,1503614428537,-1,-14,-8,-5,-4,-3,-2,-8
18297,18297,1503614428544,2,-7,-4,0,-2,-3,-3,-9
18298,18298,1503614428559,-6,-24,-15,-5,-1,-2,1,1
18299,18299,1503614428567,10,22,17,4,2,2,0,-1
18300,18300,1503614428574,-32,-20,-7,1,2,2,-4,-13
18301,18301,1503614428589,12,34,10,-1,-2,0,0,0
18302,18302,1503614428598,14,-5,-4,1,0,-3,-2,-5
18303,18303,1503614428604,-16,-24,-23,-7,-2,-4,-1,-4
18304,18304,1503614428619,-5,30,18,0,-4,-2,0,0
18305,18305,1503614428627,-1,-11,2,0,-2,0,-3,-12
18306,18306,1503614428635,-11,-7,-4,-2,2,0,0,-1
18307,18307,1503614428649,7,6,13,4,1,-1,-4,-13
18308,18308,1503614428657,21,7,-1,-1,-1,0,2,4
18309,18309,1503614428665,-5,11,-7,-2,-1,-2,2,7
18310,18310,1503614428679,-5,-13,-6,-3,-3,-3,0,4
18311,18311,1503614428686,5,-10,-1,-4,-4,-1,0,1
18312,18312,1503614428694,-18,-3,-7,-4,-2,0,-3,-2
18313,18313,1503614428709,6,5,-10,-3,-1,0,-1,4
18314,18314,1503614428717,25,34,34,8,2,1,4,0
18315,18315,1503614428724,5,20,12,0,1,-1,1,9
18316,18316,1503614428740,12,30,28,7,4,3,5,19
18317,18317,1503614428747,-1,0,6,-2,-4,-4,-4,-6
18318,18318,1503614428754,-4,-17,-5,-3,-3,-1,-4,-12
18319,18319,1503614428769,9,-44,-28,-7,-2,-1,0,8
18320,18320,1503614428777,24,-12,-10,-2,-1,-2,-2,-3
18321,18321,1503614428784,-32,-51,-29,-9,-4,-2,-4,-4
18322,18322,1503614428799,-32,-23,-8,-5,-3,-3,-3,-11
18323,18323,1503614428807,22,59,51,13,5,4,9,21
18324,18324,1503614428814,24,16,16,2,2,-1,1,18
18325,18325,1503614428829,-15,-11,-6,-2,0,-1,-2,-6
18326,18326,1503614428838,1,6,-5,-2,0,2,-1,-1
18327,18327,1503614428844,-6,14,14,6,1,0,0,-2
18328,18328,1503614428861,28,-43,-42,-9,-5,-7,-4,-2
18329,18329,1503614428867,3,15,-2,0,2,1,2,2
18330,18330,1503614428874,-12,-3,-2,-1,-1,-2,0,-3
18331,18331,1503614428889,-8,7,7,2,3,0,1,-8
18332,18332,1503614428899,5,26,16,4,-2,-1,0,0
18333,18333,1503614428904,5,4,-3,-2,0,0,0,0
18334,18334,1503614428919,-37,-27,-15,-3,0,2,-2,-20
18335,18335,1503614428927,-4,-14,-3,-5,-3,-2,-3,0
18336,18336,1503614428935,-11,-14,-6,-3,-1,0,-5,-5
18337,18337,1503614428949,-11,-31,-25,-9,-5,-5,-5,-8
18338,18338,1503614428957,1,2,3,4,2,1,1,-3
18339,18339,1503614428971,1,-20,-21,-3,-2,-1,0,13
18340,18340,1503614428979,13,10,15,2,2,0,0,5
18341,18341,1503614428986,-12,-10,-18,-2,-1,0,-2,-9
18342,18342,1503614429002,0,-7,-12,-5,-4,-1,0,14
18343,18343,1503614429009,-11,-8,-2,0,-1,-2,0,-6
18344,18344,1503614429017,1,16,0,2,0,-3,0,2
18345,18345,1503614429033,8,0,-7,-1,0,1,3,8
18346,18346,1503614429039,16,-15,-20,-5,-2,-1,-2,-2
18347,18347,1503614429047,40,44,28,8,3,3,1,-6
18348,18348,1503614429061,-15,1,1,-3,-4,0,-1,1
18349,18349,1503614429069,-8,-3,3,-3,-4,-2,-4,-4
18350,18350,1503614429077,-1,5,-2,-1,-1,-1,2,0
18351,18351,1503614429091,-6,38,18,5,1,0,-2,-11
18352,18352,1503614429100,-25,-15,-11,-2,-1,1,-1,-10
18353,18353,1503614429107,5,-13,-3,-3,-1,-1,-3,-10
18354,18354,1503614429121,-13,23,26,4,1,-2,-2,-19
18355,18355,1503614429129,-21,-21,-13,-4,-2,-2,-4,-5
18356,18356,1503614429137,-4,1,3,2,-2,-1,-1,-1
18357,18357,1503614429151,15,4,0,3,1,1,0,12
18358,18358,1503614429159,26,34,28,5,2,0,0,7
18359,18359,1503614429168,-5,0,-7,-4,-1,0,1,-1
18360,18360,1503614429181,25,6,-1,-3,-3,-2,-2,3
18361,18361,1503614429189,-7,-18,1,-2,-3,-1,0,6
18362,18362,1503614429197,12,26,17,4,3,2,1,6
18363,18363,1503614429211,11,11,14,2,2,0,3,20
18364,18364,1503614429219,-10,-31,-23,-6,-1,-3,-1,14
18365,18365,1503614429227,-5,-16,-17,-6,-4,-1,-3,-6
18366,18366,1503614429242,-10,-32,-25,-6,-3,-1,-2,-4
18367,18367,1503614429249,6,0,-7,1,-2,-1,-1,-6
18368,18368,1503614429258,-13,3,-2,-1,0,-2,-2,-3
18369,18369,1503614429271,20,-9,-10,-3,0,3,0,0
18370,18370,1503614429279,-7,6,4,1,-1,0,-2,-4
18371,18371,1503614429287,7,16,19,0,2,-3,-1,-6
18372,18372,1503614429302,7,-1,-6,-1,-2,-2,0,-2
18373,18373,1503614429310,-9,9,17,2,-1,1,-1,0
18374,18374,1503614429317,-9,-18,-8,-3,-2,-2,-3,-3
18375,18375,1503614429331,-5,8,7,3,-3,-2,-3,-12
18376,18376,1503614429339,2,-7,-4,2,0,0,-2,-4
18377,18377,1503614429346,-2,-1,0,-3,-3,-1,-1,5
18378,18378,1503614429361,-4,-6,-7,-1,-2,2,-1,-2
18379,18379,1503614429369,-10,1,-7,-1,2,-2,-3,-5
18380,18380,1503614429377,-3,2,-1,-1,-1,-2,0,0
18381,18381,1503614429391,-2,-18,-11,-2,-1,-2,0,-3
18382,18382,1503614429399,4,-4,-5,-3,-1,-3,3,8
18383,18383,1503614429406,-3,8,-5,2,0,-1,-2,2
18384,18384,1503614429421,-7,-5,-1,-1,-1,1,-2,-2
18385,18385,1503614429429,-10,-18,-17,-5,-4,-2,-1,4
18386,18386,1503614429438,-2,11,9,1,2,-3,-1,-2
18387,18387,1503614429451,-1,-4,-2,0,1,-1,-2,-18
18388,18388,1503614429459,-4,-13,-4,-2,0,1,2,4
18389,18389,1503614429469,-3,-2,1,1,-1,-1,-2,8
18390,18390,1503614429481,-2,-4,-4,-2,-2,-1,-1,-6
18391,18391,1503614429489,-3,-14,-2,-2,-2,-1,-1,1
18392,18392,1503614429497,9,0,1,1,0,1,-2,-3
18393,18393,1503614429511,9,4,0,-1,-1,-2,0,6
18394,18394,1503614429519,-3,1,-1,0,-3,1,-1,-1
18395,18395,1503614429526,-9,-14,-12,-3,-1,-1,3,3
18396,18396,1503614429541,-1,-3,-6,-3,1,-2,-3,1
18397,18397,1503614429549,2,10,5,0,-2,-2,-2,-2
18398,18398,1503614429557,-6,-7,-5,-3,-3,1,2,1
18399,18399,1503614429571,0,4,3,0,1,1,0,5
18400,18400,1503614429579,-1,13,5,1,-3,-3,0,1
18401,18401,1503614429586,-6,-10,-6,-2,-4,-1,2,-3
18402,18402,1503614429587,-5,8,8,2,0,-2,-2,0
18403,18403,1503614429603,7,27,22,4,4,1,2,1
18404,18404,1503614429609,0,3,0,-1,1,-1,-4,-11
18405,18405,1503614429617,-8,-16,-12,-5,-1,-2,-3,-7
18406,18406,1503614429631,-2,-7,0,-2,-2,1,0,-1
18407,18407,1503614429639,3,-2,2,-2,-5,-2,-4,-5
18408,18408,1503614429646,-6,-3,1,0,0,0,-1,-2
18409,18409,1503614429662,1,9,13,1,1,0,5,22
18410,18410,1503614429670,-19,8,4,-1,-3,-3,2,-1
18411,18411,1503614429691,0,1,-4,-2,-1,2,-2,-13
18412,18412,1503614429692,14,4,5,-1,-4,1,-1,1
18413,18413,1503614429699,0,-4,-5,1,-1,-2,-1,-4
18414,18414,1503614429707,8,0,-6,0,0,2,-2,2
18415,18415,1503614429721,4,-13,-9,1,0,-3,1,0
18416,18416,1503614429729,3,18,17,2,1,0,4,12
18417,18417,1503614429737,-9,-1,5,0,0,1,-3,-7
18418,18418,1503614429751,1,-14,-8,0,0,-2,-3,-4
18419,18419,1503614429759,-6,4,9,0,1,-1,1,-3
18420,18420,1503614429767,-1,-12,-13,-2,-2,0,-5,-13
18421,18421,1503614429781,9,14,12,1,-1,2,3,6
18422,18422,1503614429782,-6,-13,-14,-7,-3,-3,-1,-4
18423,18423,1503614429789,-3,-12,-12,-5,-1,-5,-2,0
18424,18424,1503614429797,3,9,1,3,2,1,0,-2
18425,18425,1503614429811,2,3,-10,-1,0,1,-2,0
18426,18426,1503614429819,19,14,1,-1,-1,0,2,13
18427,18427,1503614429827,-3,3,4,1,1,-1,-2,-8
18428,18428,1503614429842,-20,-11,-4,-2,-2,-3,-4,-10
18429,18429,1503614429849,4,7,7,1,-1,2,2,10
18430,18430,1503614429857,-1,5,-1,2,-2,-1,-2,2
18431,18431,1503614429871,-1,-6,1,-1,-2,-2,1,0
18432,18432,1503614429879,3,-14,-7,-4,0,-2,-3,5
18433,18433,1503614429893,-2,-7,-13,-7,-2,-2,-1,-3
18434,18434,1503614429902,-5,-9,-11,-5,-3,1,-2,-1
18435,18435,1503614429909,-1,-2,-8,-2,0,0,1,12
18436,18436,1503614429924,5,5,4,0,0,-1,1,5
18437,18437,1503614429931,-8,7,13,2,-2,-2,0,-5
18438,18438,1503614429939,-4,8,2,-1,-1,0,-1,-4
18439,18439,1503614429953,0,-9,-7,-2,-1,0,-1,-6
18440,18440,1503614429961,-1,-4,-4,-2,-3,2,-1,-4
18441,18441,1503614429971,8,16,8,1,-1,-2,-2,8
18442,18442,1503614429984,-5,9,-2,1,-1,1,-1,-4
18443,18443,1503614429991,-2,0,-1,1,-1,4,0,-5
18444,18444,1503614429999,2,-12,-17,-4,-1,-1,0,-9
18445,18445,1503614430013,1,11,11,3,0,-1,2,-1
18446,18446,1503614430021,1,13,8,0,-1,0,-2,-1
18447,18447,1503614430029,7,9,8,-1,-3,0,-1,3
18448,18448,1503614430044,1,-8,2,-2,-2,-3,-1,0
18449,18449,1503614430051,-2,-7,-9,-2,-2,-4,0,-4
18450,18450,1503614430059,4,2,1,3,2,0,1,3
18451,18451,1503614430074,-9,-1,-5,-1,-1,0,-4,-7
18452,18452,1503614430081,-3,-8,1,5,2,0,2,0
18453,18453,1503614430089,5,2,-6,-4,1,-2,-3,-6
18454,18454,1503614430105,-4,-2,2,-2,-2,-1,-2,-1
18455,18455,1503614430111,-2,-3,9,0,-1,3,0,-5
18456,18456,1503614430119,-4,-4,-2,-2,-2,-2,-1,-5
18457,18457,1503614430133,-1,8,15,3,2,-1,1,-3
18458,18458,1503614430142,-3,-2,-6,-2,1,-2,-1,-6
18459,18459,1503614430143,0,-2,1,-1,-2,1,2,8
18460,18460,1503614430149,6,-21,-15,-2,0,-2,-1,4
18461,18461,1503614430164,-6,-1,1,-3,-3,-2,0,-1
18462,18462,1503614430172,-4,-4,-3,-2,-1,0,-1,2
18463,18463,1503614430179,0,-10,-11,-2,-1,-2,-3,-4
18464,18464,1503614430193,-8,-1,2,1,2,-1,-1,0
18465,18465,1503614430202,0,-4,-6,-2,0,-3,-3,-8
18466,18466,1503614430210,-1,-3,-3,-2,1,-1,0,2
18467,18467,1503614430224,0,3,0,0,0,-2,0,5
18468,18468,1503614430236,-7,-6,-3,-1,-3,-1,-1,-5
18469,18469,1503614430240,2,6,2,0,-1,2,-1,1
18470,18470,1503614430253,5,6,-1,0,-2,-2,-3,-3
18471,18471,1503614430262,2,-1,-2,0,0,-1,-2,-1
18472,18472,1503614430269,-10,-7,-6,-2,-1,-2,-3,-3
18473,18473,1503614430284,-6,-1,3,0,-2,1,-2,-1
18474,18474,1503614430291,-1,0,-3,-1,-2,-1,2,3
18475,18475,1503614430299,-4,0,1,0,-1,0,-1,0
18476,18476,1503614430314,1,-2,0,0,-1,1,-1,0
18477,18477,1503614430322,1,-1,1,-2,0,-1,-2,1
18478,18478,1503614430329,-3,-6,-4,-2,0,-4,-1,-2
18479,18479,1503614430344,2,6,4,1,0,-4,-2,1
18480,18480,1503614430351,2,1,2,1,-2,0,-1,-2
18481,18481,1503614430359,-4,-2,-2,-3,-2,-2,1,-2
18482,18482,1503614430374,2,1,-4,-2,-1,1,-1,3
18483,18483,1503614430382,1,-1,-3,-3,-1,-2,-2,-4
18484,18484,1503614430389,-1,0,-1,1,1,-1,-1,-3
18485,18485,1503614430404,0,-2,-3,-2,-2,-1,1,-2
18486,18486,1503614430411,3,0,3,-2,-2,1,0,-1
18487,18487,1503614430419,-2,-4,-3,0,0,0,-2,-1
18488,18488,1503614430433,-4,-1,0,0,-2,-1,0,2
18489,18489,1503614430442,2,-3,1,0,0,0,0,9
18490,18490,1503614430449,-3,-6,-12,-4,-3,-1,-2,-5
18491,18491,1503614430464,2,1,-2,0,0,0,-1,-2
18492,18492,1503614430474,-5,-3,-5,-2,-2,-3,-1,4
18493,18493,1503614430480,2,2,3,0,-2,-1,-2,-2
18494,18494,1503614430493,3,3,3,0,0,-2,1,0
18495,18495,1503614430501,-1,-2,0,1,-1,1,2,1
18496,18496,1503614430509,-1,-1,2,2,0,0,-4,-1
18497,18497,1503614430524,-5,-3,-3,-1,-1,-1,-3,-7
18498,18498,1503614430531,-3,-1,3,1,2,0,-2,1
18499,18499,1503614430541,-2,-2,0,-1,-1,-1,-1,8
18500,18500,1503614430553,4,2,1,0,-1,1,-1,0
18501,18501,1503614430561,-1,1,-4,-2,-1,1,-3,-2
18502,18502,1503614430569,2,1,-2,1,-1,0,-1,-1
18503,18503,1503614430584,0,-7,-6,-4,-3,-3,0,4
18504,18504,1503614430591,0,-5,-8,-2,-1,0,1,5
18505,18505,1503614430600,7,0,-4,2,1,1,2,16
18506,18506,1503614430613,-2,3,10,0,-2,2,3,16
18507,18507,1503614430614,-6,-15,-15,-6,-3,-4,-2,-7
18508,18508,1503614430622,-7,-6,1,1,-1,-3,-1,-11
18509,18509,1503614430629,3,7,11,2,-1,0,0,1
18510,18510,1503614430644,-6,0,-1,-2,0,-2,0,-8
18511,18511,1503614430652,-5,0,-1,-1,-1,-1,-2,-12
18512,18512,1503614430660,-2,2,0,0,-1,0,-2,-24
18513,18513,1503614430675,11,4,6,2,1,-1,1,14
18514,18514,1503614430682,0,6,12,3,1,-1,-2,-3
18515,18515,1503614430689,3,-9,-9,-4,-3,0,0,-9
18516,18516,1503614430704,-5,-9,-4,-2,-2,0,-7,-23
18517,18517,1503614430712,-6,1,-3,-2,-2,-1,-2,7
18518,18518,1503614430720,7,12,10,0,0,0,3,26
18519,18519,1503614430733,-8,-11,-4,-2,-2,-1,-4,-17
18520,18520,1503614430742,-5,6,6,1,1,-1,-3,-17
18521,18521,1503614430750,-4,7,6,1,1,-1,-3,-15
18522,18522,1503614430764,1,-7,-6,-3,-3,-1,-2,5
18523,18523,1503614430771,2,3,1,-1,0,-1,0,5
18524,18524,1503614430780,3,-3,-5,-1,0,-1,2,-4
18525,18525,1503614430793,9,15,5,2,-1,-1,0,5
18526,18526,1503614430801,-4,-7,-11,-2,-4,-1,-2,10
18527,18527,1503614430810,-8,-15,-3,-3,1,2,1,6
18528,18528,1503614430824,-3,-12,-15,-5,-2,0,0,-17
18529,18529,1503614430832,-2,2,3,-1,-2,1,-1,-5
18530,18530,1503614430847,9,0,1,0,2,-2,1,26
18531,18531,1503614430853,5,3,2,0,-2,-5,-1,-3
18532,18532,1503614430861,3,3,-1,0,0,-1,-2,-16
18533,18533,1503614430877,3,3,1,-2,0,3,-1,1
18534,18534,1503614430884,8,-4,1,2,1,0,0,4
18535,18535,1503614430892,-4,-6,-5,-2,-2,-2,-1,-1
18536,18536,1503614430907,0,-4,1,-3,-2,0,1,5
18537,18537,1503614430909,-10,-2,0,-2,-2,-3,-1,-18
18538,18538,1503614430914,1,1,5,2,0,-2,-2,5
18539,18539,1503614430921,-4,0,-2,-1,-3,-1,-2,5
18540,18540,1503614430936,-10,-8,-9,-3,-4,-1,3,1
18541,18541,1503614430945,4,-7,-5,-4,-2,-1,4,13
18542,18542,1503614430951,3,3,-1,-1,1,-3,-2,-6
18543,18543,1503614430967,-2,4,2,-1,-1,1,-1,1
18544,18544,1503614430974,5,12,1,2,0,3,0,-5
18545,18545,1503614430982,2,8,5,-2,0,-2,-3,-1
18546,18546,1503614430996,3,-3,0,-3,-1,0,-3,5
18547,18547,1503614431004,-5,1,5,0,-1,-1,3,0
18548,18548,1503614431012,-3,-4,-6,-1,-3,-2,-2,1
18549,18549,1503614431026,3,0,3,3,-1,2,1,0
18550,18550,1503614431027,-8,-20,-8,-1,-3,-1,-2,-3
18551,18551,1503614431033,5,30,29,10,5,2,4,5
18552,18552,1503614431043,4,5,-9,-1,1,1,4,36
18553,18553,1503614431056,-7,-11,-15,-5,-1,-1,-3,12
18554,18554,1503614431064,5,5,4,0,-3,-1,0,-3
18555,18555,1503614431071,1,-8,8,5,0,-1,0,4
18556,18556,1503614431087,1,1,2,2,2,0,2,1
18557,18557,1503614431093,-1,8,5,1,-1,-1,2,-12
18558,18558,1503614431101,-2,-4,-8,-1,-1,-2,-2,-9
18559,18559,1503614431116,-6,-11,-14,-6,-6,-3,-3,-7
18560,18560,1503614431124,9,28,23,4,3,0,-2,0
18561,18561,1503614431131,-9,-15,-12,-5,-2,-2,-5,-14
18562,18562,1503614431147,-6,0,1,1,-1,-1,-1,-6
18563,18563,1503614431153,4,9,6,3,3,-2,0,1
18564,18564,1503614431161,6,-6,-3,0,-2,3,5,29
18565,18565,1503614431177,7,-1,-2,-1,0,-2,2,8
18566,18566,1503614431184,-3,-6,-4,-2,-3,-4,-4,-10
18567,18567,1503614431191,-4,-3,-1,-1,-2,1,2,7
18568,18568,1503614431207,0,-4,-2,-2,-2,0,-1,-8
18569,18569,1503614431213,-2,3,3,-1,-1,0,0,1
18570,18570,1503614431214,-4,-4,-1,0,-1,0,-4,-8
18675,18675,1503614432264,-21,3,3,5,3,1,-4,-33
18676,18676,1503614432265,-20,16,5,-1,1,-4,-5,-40
18677,18677,1503614432279,7,10,7,2,-1,1,-1,11
18678,18678,1503614432287,12,1,-7,-5,-2,-3,-3,-5
18679,18679,1503614432301,-49,-11,0,0,-2,0,-2,1
18680,18680,1503614432309,-22,-7,-2,-3,-1,-2,-5,42
18681,18681,1503614432317,-7,-16,-9,-5,0,0,3,14
18682,18682,1503614432325,5,-4,2,3,1,1,1,-9
18683,18683,1503614432340,24,8,3,0,0,-2,-2,3
18684,18684,1503614432346,9,9,1,-2,0,0,1,10
18685,18685,1503614432361,10,1,7,1,1,-2,-5,-29
18686,18686,1503614432369,-18,-17,-11,-3,-3,-1,-9,-26
18687,18687,1503614432377,-12,-4,-3,0,-2,-2,1,11
18688,18688,1503614432384,-7,-11,-13,-1,0,0,2,20
18689,18689,1503614432399,-4,3,1,-3,-1,-5,-3,-33
18690,18690,1503614432406,-14,-24,-12,-6,-4,-5,-3,23
18691,18691,1503614432407,-6,-4,-12,-6,-2,-1,3,-12
18692,18692,1503614432418,27,20,11,7,2,0,2,33
18693,18693,1503614432429,9,-6,-9,-1,1,2,15,61
18694,18694,1503614432437,-2,-15,-12,-3,1,-1,1,15
18695,18695,1503614432444,-3,18,32,11,2,2,-4,-14
18696,18696,1503614432459,4,-3,-3,0,-2,2,-2,1
18697,18697,1503614432466,53,7,-1,-1,1,2,-1,6
18698,18698,1503614432483,-23,-1,-9,-5,-2,-3,-5,-23
18699,18699,1503614432489,-8,-6,-3,0,-1,-7,-2,1
18700,18700,1503614432497,7,-7,-8,-2,-2,1,3,18
18701,18701,1503614432504,19,-2,-9,-3,-3,0,-6,-7
18702,18702,1503614432519,-4,23,14,5,3,5,1,-1
18703,18703,1503614432527,-19,-6,-1,-2,-1,-4,-9,-45
18704,18704,1503614432542,20,15,0,1,-1,1,9,28
18705,18705,1503614432550,-7,5,0,-1,-3,2,4,0
18706,18706,1503614432557,-2,-23,-3,-1,0,-3,-2,-7
18707,18707,1503614432564,-18,13,21,2,0,0,0,5
18708,18708,1503614432579,0,-2,6,-3,-2,-1,3,9
18709,18709,1503614432586,-18,-6,-7,1,-4,0,-6,-46
18710,18710,1503614432602,14,0,0,1,-1,-2,-10,-20
18711,18711,1503614432609,2,-8,-9,-5,-3,-4,-4,-24
18712,18712,1503614432619,-16,-10,-7,-3,-1,-2,-6,-26
18713,18713,1503614432624,12,-4,-3,0,1,-2,-1,1
18714,18714,1503614432640,-1,-11,-9,-6,-1,-4,0,6
18715,18715,1503614432646,-17,0,-2,3,0,-2,-8,-43
18716,18716,1503614432662,-3,-7,-3,-4,-3,0,-7,-6
18717,18717,1503614432669,-7,-9,-4,-3,-1,4,9,22
18718,18718,1503614432677,1,2,3,4,-3,-4,-6,12
18719,18719,1503614432698,-27,3,3,-2,1,-2,4,50
18720,18720,1503614432700,-1,6,3,0,2,4,4,2
18721,18721,1503614432706,60,11,-6,-4,-2,3,5,40
18722,18722,1503614432722,3,12,12,2,-1,0,5,40
18723,18723,1503614432729,0,-5,-5,-3,0,-1,-7,20
18724,18724,1503614432737,9,0,-2,-3,-2,2,7,34
18725,18725,1503614432752,2,-4,-6,0,-1,-3,0,-2
18726,18726,1503614432760,-26,-11,-4,-2,-2,-3,2,13
18727,18727,1503614432766,-3,-4,2,1,1,3,1,4
18728,18728,1503614432782,-21,-9,-11,-2,-1,-1,-6,-30
18729,18729,1503614432789,-8,-7,0,0,-2,-2,-2,0
18730,18730,1503614432797,20,3,4,4,5,4,5,18
18731,18731,1503614432811,10,5,2,3,1,-3,-5,-14
18732,18732,1503614432819,-14,-6,-5,-4,-3,-4,-4,-20
18733,18733,1503614432827,-21,10,9,-3,-1,0,-1,-49
18734,18734,1503614432841,27,14,4,2,1,-3,2,14
18735,18735,1503614432849,4,3,-2,1,-1,-4,1,-9
18736,18736,1503614432857,4,2,2,3,0,4,3,7
18737,18737,1503614432871,-10,-13,-11,-5,-4,-1,-1,32
18738,18738,1503614432879,-59,-10,-8,-1,0,1,-2,-35
18739,18739,1503614432887,-18,-9,-2,0,-3,-4,-7,-31
18740,18740,1503614432901,32,9,2,-1,0,-4,-3,-24
18741,18741,1503614432909,-25,0,-2,-1,-2,0,-4,-13
18742,18742,1503614432920,5,13,-1,1,-2,-1,-7,-31
18743,18743,1503614432931,32,-1,-1,-3,-2,-3,2,15
18744,18744,1503614432939,6,17,14,6,4,0,0,4
18745,18745,1503614432946,-31,5,1,0,0,0,8,50
18746,18746,1503614432961,8,1,1,-4,0,-3,-6,-12
18747,18747,1503614432969,-10,-5,1,1,-1,-2,-8,-24
18748,18748,1503614432977,13,-9,-7,-4,-2,-1,4,19
18749,18749,1503614432992,16,0,1,0,1,-1,-3,-10
18750,18750,1503614432999,4,5,4,4,1,-2,-3,-1
18751,18751,1503614433006,7,-13,-6,4,5,2,-4,-7
18752,18752,1503614433022,24,-7,-6,-4,-5,0,10,75
18753,18753,1503614433029,4,-1,1,-1,-1,-2,0,0
18754,18754,1503614433037,-7,-10,-5,-6,-4,-3,-1,-19
18755,18755,1503614433053,27,6,2,-5,-4,-1,1,-2
18756,18756,1503614433060,5,23,18,5,4,0,-1,-31
18757,18757,1503614433067,-24,10,7,0,-3,-1,4,-1
18758,18758,1503614433081,-1,-4,-4,-3,-5,-1,-4,-8
18759,18759,1503614433089,-2,-9,-2,-1,0,0,-3,-20
18760,18760,1503614433091,0,-1,-3,-1,-1,-1,2,-19
18761,18761,1503614433097,26,-4,-8,-4,-2,1,2,-5
18762,18762,1503614433111,-12,-6,0,1,-1,-2,-5,-8
18763,18763,1503614433120,-26,-4,6,-1,0,-1,-1,-27
18764,18764,1503614433127,13,4,0,1,0,2,4,26
18765,18765,1503614433142,12,-9,-14,-2,1,-2,-3,-5
18766,18766,1503614433149,-16,-11,-13,-7,-2,0,-1,-2
18767,18767,1503614433157,-46,-17,-7,-5,-6,0,-3,-3
18768,18768,1503614433171,2,-7,-1,1,0,0,-2,5
18769,18769,1503614433179,6,-12,-8,-2,-1,-2,0,11
18770,18770,1503614433188,-12,3,0,-3,0,-1,7,13
18771,18771,1503614433202,25,-1,-5,-1,-2,-2,-1,7
18772,18772,1503614433209,22,3,-1,2,1,0,-4,6
18773,18773,1503614433217,-6,5,0,-1,-1,1,-2,22
18774,18774,1503614433231,5,-9,-2,-2,2,-1,-3,-7
18775,18775,1503614433239,-3,12,7,1,2,-3,-5,-14
18776,18776,1503614433246,-9,2,-1,-1,-2,1,-1,-12
18777,18777,1503614433265,4,9,6,1,-2,-2,0,6
18778,18778,1503614433269,-5,-2,-2,-6,-2,-1,-1,-12
18779,18779,1503614433277,-10,4,-1,1,2,-1,1,-2
18780,18780,1503614433291,5,5,0,1,1,-1,-2,0
18781,18781,1503614433300,-10,-18,-10,-6,-2,-1,-1,-11
18782,18782,1503614433307,11,17,14,6,1,3,0,-6
18783,18783,1503614433322,-30,-7,-5,-1,-1,-5,-9,-3
18784,18784,1503614433331,-3,-3,3,1,-1,-4,-1,6
18785,18785,1503614433337,0,-7,-1,0,-2,0,-2,-2
18786,18786,1503614433351,-4,-10,-5,-4,-4,-1,-2,-1
18787,18787,1503614433359,-2,14,9,0,-2,1,4,3
18788,18788,1503614433367,6,1,-9,-2,1,-4,-2,1
18789,18789,1503614433382,10,0,-10,-2,2,1,0,3
18790,18790,1503614433389,7,-14,-7,-5,-4,0,5,34
18791,18791,1503614433397,-10,-3,-3,0,-2,-2,-1,-4
18792,18792,1503614433411,-15,-17,-7,-3,-2,-1,-1,-27
18793,18793,1503614433422,16,27,31,9,4,5,4,11
18794,18794,1503614433427,-6,15,11,-2,0,-2,-1,-2
18795,18795,1503614433442,17,21,4,4,1,0,4,9
18796,18796,1503614433449,-4,9,-5,-4,-3,-1,1,16
18797,18797,1503614433457,-37,-48,-19,-2,-2,-2,-2,-11
18798,18798,1503614433471,13,21,6,1,-1,2,-3,-21
18799,18799,1503614433479,11,-22,-16,-6,-5,-1,-2,-19
18800,18800,1503614433487,5,-8,5,2,0,-4,2,23
18801,18801,1503614433502,-3,10,10,0,0,1,1,1
18802,18802,1503614433508,3,14,3,1,-1,1,1,2
18803,18803,1503614433524,9,-4,-11,-5,0,-3,-1,4
18804,18804,1503614433531,0,-44,-27,-4,-2,-4,3,15
18805,18805,1503614433539,-7,-11,-6,-3,-1,0,-6,4
18806,18806,1503614433546,-21,-19,-3,-3,-2,0,-3,-23
18807,18807,1503614433562,4,0,1,-1,-2,-1,3,-9
18808,18808,1503614433569,-6,-4,-3,-2,0,0,-1,-1
18809,18809,1503614433577,2,9,4,1,1,-1,-1,1
18810,18810,1503614433592,-10,4,6,-2,-3,-2,-4,-12
18811,18811,1503614433599,-2,7,8,1,0,0,1,0
18812,18812,1503614433606,-2,1,-3,3,-1,-1,-2,-8
18813,18813,1503614433623,-20,-10,-9,-6,-4,-1,-5,2
18814,18814,1503614433629,2,13,19,4,4,2,-1,-3
18815,18815,1503614433644,16,2,0,-2,-2,2,1,-3
18816,18816,1503614433651,13,1,-2,1,0,-1,-1,9
18817,18817,1503614433659,2,-7,-8,-1,-4,-2,-3,-5
18818,18818,1503614433674,-2,-6,-6,-1,0,0,-4,-2
18819,18819,1503614433682,-14,-3,-3,-3,0,-3,-3,-7
18820,18820,1503614433690,-15,-6,-9,-2,-2,0,-4,-27
18821,18821,1503614433711,-1,6,9,0,0,-1,-3,0
18822,18822,1503614433712,8,4,17,6,3,3,2,5
18823,18823,1503614433719,0,-1,0,2,-1,-1,-1,-3
18824,18824,1503614433734,6,6,-5,-4,-4,-1,2,13
18825,18825,1503614433742,8,-2,-5,2,2,-1,3,5
18826,18826,1503614433749,0,-6,-9,-3,-1,-2,-1,13
18827,18827,1503614433764,1,3,0,0,-2,1,1,0
18828,18828,1503614433771,7,25,24,4,2,0,0,-11
18829,18829,1503614433779,0,4,10,0,-2,-1,-2,-1
18830,18830,1503614433793,-1,3,-4,2,0,-1,1,7
18831,18831,1503614433801,23,6,-5,-2,-3,-1,0,-3
18832,18832,1503614433809,-14,-17,-15,-1,-1,-1,-5,-16
18833,18833,1503614433824,7,3,4,3,2,1,0,8
18834,18834,1503614433832,6,13,12,3,2,0,-1,5
18835,18835,1503614433839,-1,-7,1,1,-1,-3,1,2
18836,18836,1503614433853,8,-8,-7,-4,-3,-1,0,5
18837,18837,1503614433861,-8,10,8,-1,1,2,-1,-5
18838,18838,1503614433869,-3,0,2,-1,-2,0,0,-5
18839,18839,1503614433884,-14,-20,-22,-8,-4,0,-3,-5
18840,18840,1503614433891,-1,-5,-8,-1,-1,-1,-2,22
18841,18841,1503614433899,-6,-13,-27,-5,-2,0,-1,3
18842,18842,1503614433913,-5,-8,-11,-3,-1,-1,-2,-12
18843,18843,1503614433921,-6,-4,-9,-6,-4,-6,-4,0
18844,18844,1503614433930,1,11,7,1,0,-2,0,8
18845,18845,1503614433944,-2,0,1,0,0,1,-3,3
18846,18846,1503614433951,-1,-5,-6,-4,-2,1,-1,-9
18847,18847,1503614433960,-4,-2,18,3,2,0,2,-1
18848,18848,1503614433974,-2,-1,-6,0,0,-1,0,1
18849,18849,1503614433982,-15,-12,4,-2,0,0,-2,-20
18850,18850,1503614433991,0,5,21,3,0,-5,0,-5
18851,18851,1503614434004,-5,3,-1,-1,-2,0,-1,-5
18852,18852,1503614434011,-8,3,2,-1,1,0,-3,-10
18853,18853,1503614434019,8,-1,-2,0,0,0,1,16
18854,18854,1503614434034,4,2,10,-1,-2,-2,1,13
18855,18855,1503614434042,8,2,-6,1,0,-2,-1,-2
18856,18856,1503614434049,-7,1,-1,-2,-2,-1,-5,-33
18857,18857,1503614434064,5,0,-5,0,0,-1,-1,-12
18858,18858,1503614434071,-6,-8,-16,-5,-2,-3,-2,5
18859,18859,1503614434079,3,9,12,3,1,-2,0,9
18860,18860,1503614434094,-2,-6,-15,-2,0,1,0,8
18861,18861,1503614434102,-2,-1,-1,3,0,1,2,10
18862,18862,1503614434109,6,4,-11,0,0,2,1,7
18863,18863,1503614434125,-12,-7,-3,-5,-2,0,-2,-3
18864,18864,1503614434131,-4,-11,-2,-2,-1,-1,-2,-6
18865,18865,1503614434139,5,3,-1,0,-1,-2,-1,16
18866,18866,1503614434154,6,11,11,2,-1,1,0,6
18867,18867,1503614434163,-1,7,4,2,1,-1,-2,-7
18868,18868,1503614434169,-8,-1,-1,-2,-1,-1,2,1
18869,18869,1503614434184,7,-8,-16,-5,-4,-2,1,3
18870,18870,1503614434192,-12,-20,-20,-6,-2,0,-5,-10
18871,18871,1503614434199,-7,5,7,1,2,-1,-1,-8
18872,18872,1503614434214,-3,-9,-8,-3,-1,-2,-3,-14
18873,18873,1503614434222,-4,-1,-4,-2,-1,-2,0,-5
18874,18874,1503614434229,4,-5,-4,-1,1,-2,1,1
18875,18875,1503614434244,-6,-1,0,0,0,-1,1,1
18876,18876,1503614434251,3,-2,2,1,2,0,1,7
18877,18877,1503614434260,3,-8,-2,-1,-2,-1,-2,1
18878,18878,1503614434274,5,0,-3,-2,-1,-3,2,25
18879,18879,1503614434282,4,6,12,0,0,0,1,-13
18880,18880,1503614434289,-4,-4,0,2,-2,-1,-4,-6
18881,18881,1503614434304,-2,3,-4,-1,-2,-2,-4,-3
18882,18882,1503614434311,17,8,1,0,-3,-3,-3,4
18883,18883,1503614434319,6,8,-1,3,0,0,-4,-3
18884,18884,1503614434334,-4,0,5,0,-2,1,-1,-6
18885,18885,1503614434342,-2,-5,-4,-2,-4,1,0,1
18886,18886,1503614434349,0,4,2,-1,2,0,-1,0
18887,18887,1503614434364,-3,-3,-1,0,0,-1,0,-1
18888,18888,1503614434371,-1,0,4,0,0,1,-1,-3
18889,18889,1503614434379,3,1,4,0,1,2,-2,5
18890,18890,1503614434394,-6,-2,-4,-2,-3,-2,-1,-4
18891,18891,1503614434402,3,-2,1,-2,-2,-2,0,4
18892,18892,1503614434409,-2,9,7,1,0,-1,0,-6
18893,18893,1503614434424,-3,-1,-2,-1,-2,-3,-1,-2
18894,18894,1503614434431,-3,-2,0,-3,-2,0,-3,-2
18895,18895,1503614434439,-1,-3,-1,-2,1,1,0,0
18896,18896,1503614434454,3,-1,-5,3,1,0,-1,-2
18897,18897,1503614434463,-4,-7,-11,-5,-3,-2,0,2
18898,18898,1503614434469,4,10,12,2,-2,0,-1,-1
18899,18899,1503614434484,-1,-9,-17,-5,-1,-3,-2,4
18900,18900,1503614434493,-6,-10,-7,-4,0,-2,-1,-2
18901,18901,1503614434499,13,12,4,0,-1,-2,2,9
18902,18902,1503614434514,10,13,11,3,0,4,1,-5
18903,18903,1503614434522,-2,0,6,2,0,0,-1,0
18904,18904,1503614434531,-2,-4,-3,0,0,-2,-2,-1
18905,18905,1503614434544,1,-2,8,0,-1,0,1,-4
18906,18906,1503614434551,-2,-1,1,-4,-3,-3,1,-1
18907,18907,1503614434567,-8,8,7,2,1,-1,-3,-11
18908,18908,1503614434574,-8,-10,-10,-4,-1,1,-3,3
18909,18909,1503614434582,-4,-3,0,2,-1,-1,-1,0
18910,18910,1503614434596,17,15,7,4,0,1,-2,-3
18911,18911,1503614434604,-2,-1,-2,-3,-1,0,2,2
18912,18912,1503614434611,2,-9,-8,-4,0,0,0,4
18913,18913,1503614434628,-4,1,-1,-1,2,1,-1,-1
18914,18914,1503614434634,-7,-5,-1,-1,-3,0,1,-5
18915,18915,1503614434642,-4,-4,-1,0,-3,-2,-1,-3
18916,18916,1503614434655,-5,-2,-3,0,-1,-5,-3,1
18917,18917,1503614434665,-1,-4,-2,-2,-1,-1,-1,-5
18918,18918,1503614434671,-2,-3,0,0,2,1,1,4
18919,18919,1503614434686,5,-3,1,-2,-2,0,-2,-3
18920,18920,1503614434697,0,-4,0,0,-1,-3,0,1
18921,18921,1503614434702,10,9,-3,1,-1,0,0,0
18922,18922,1503614434715,-5,-3,-3,-1,-2,2,-1,-1
18923,18923,1503614434724,0,-1,-2,-2,0,-1,-2,0
18924,18924,1503614434732,-2,-1,-3,-1,-2,0,-2,-1
18925,18925,1503614434747,-2,-1,-3,-2,1,-1,1,-4
18926,18926,1503614434754,-4,-6,-2,-4,-5,-5,-2,-2
18927,18927,1503614434763,-6,-1,5,0,0,0,-2,0
18928,18928,1503614434776,2,1,1,-3,1,-1,2,-3
18929,18929,1503614434784,-3,-2,-3,-3,-2,0,-3,0
18930,18930,1503614434791,3,-4,-4,0,1,-1,1,4
18931,18931,1503614434807,0,-3,-2,1,-1,0,-1,-4
18932,18932,1503614434814,-4,0,-3,-1,0,2,-1,-3
18933,18933,1503614434822,-4,-5,-2,-2,-2,1,-2,3
18934,18934,1503614434836,3,23,20,5,1,1,0,-1
18935,18935,1503614434844,-3,1,-2,-2,0,0,-1,-1
18936,18936,1503614434851,0,0,-6,-1,1,1,-2,-6
18937,18937,1503614434866,2,3,1,-1,-2,-3,2,-1
18938,18938,1503614434874,-11,-8,-2,-2,-3,-1,-1,-1
18939,18939,1503614434882,-3,-2,-7,-1,-1,1,-1,-1
18940,18940,1503614434896,13,-3,-3,-3,2,0,2,22
18941,18941,1503614434904,0,8,7,0,2,-2,1,2
18942,18942,1503614434911,-7,-2,-3,-1,-1,1,1,-6
18943,18943,1503614434931,3,-1,-1,-2,-2,-1,-3,-4
18944,18944,1503614434934,-2,5,-5,0,-1,-2,-1,-6
18945,18945,1503614434942,-8,-17,-6,-2,0,1,-3,-3
18946,18946,1503614434955,10,-1,-10,-2,-2,-1,0,1
18947,18947,1503614434964,-1,7,9,0,-2,2,1,1
18948,18948,1503614434971,-4,-3,-3,-4,-1,-2,-3,-6
18949,18949,1503614434986,-1,-6,0,-2,1,-2,-1,5
18950,18950,1503614434997,-3,1,4,-1,0,-1,0,-3
18951,18951,1503614435002,-3,-7,-7,-3,-3,-1,-2,0
18952,18952,1503614435016,-10,-13,-3,0,0,-2,-3,0
18953,18953,1503614435024,2,12,12,6,2,-2,0,-9
18954,18954,1503614435031,9,-2,0,-4,-4,-2,0,6
18955,18955,1503614435046,5,5,0,1,0,-1,1,-2
18956,18956,1503614435054,-5,-2,-3,0,3,2,-1,-22
18957,18957,1503614435063,-4,-2,-6,-2,-2,0,-1,-2
18958,18958,1503614435075,-1,3,0,-1,-2,0,-1,1
18959,18959,1503614435084,3,7,-4,1,2,2,0,3
18960,18960,1503614435091,-2,-1,-1,0,0,-3,-2,-1
18961,18961,1503614435106,-3,-8,-6,-3,-4,0,-1,3
18962,18962,1503614435114,-12,-4,-9,-2,1,2,2,0
18963,18963,1503614435122,10,23,33,7,2,3,1,2
18964,18964,1503614435136,4,-5,4,3,0,-2,2,23
18965,18965,1503614435144,-6,-12,-10,-2,-1,-2,-2,-7
18966,18966,1503614435151,-3,15,12,1,-2,0,-3,-13
18967,18967,1503614435167,2,-2,-5,-3,1,-2,0,8
18968,18968,1503614435174,-9,-10,-8,-7,-4,1,0,-6
18969,18969,1503614435182,0,2,-8,-3,-4,0,-2,-15
18970,18970,1503614435199,6,9,10,5,2,-3,-2,1
18971,18971,1503614435204,-13,-25,-14,-4,-1,0,-3,-4
18972,18972,1503614435211,4,0,6,0,-3,-2,-2,5
18973,18973,1503614435226,-9,-16,-8,1,-1,0,4,-3
18974,18974,1503614435234,3,4,2,2,-1,-1,1,-7
18975,18975,1503614435242,-3,5,4,-6,-2,-6,-2,-11
18976,18976,1503614435255,-2,-8,-9,1,0,-1,0,6
18977,18977,1503614435265,1,5,0,-1,-1,-1,1,5
18978,18978,1503614435272,-1,1,-2,-2,-2,-1,-3,-4
18979,18979,1503614435286,4,0,-5,-4,-2,-3,-3,5
18980,18980,1503614435294,-7,-13,-9,-2,-3,-2,-2,-5
18981,18981,1503614435302,2,-6,-7,-4,-3,-1,0,11
18982,18982,1503614435315,2,-4,-2,-2,-1,0,0,2
18983,18983,1503614435324,-4,0,-3,-1,0,-1,-3,-3
18984,18984,1503614435332,0,-1,5,2,-1,0,3,17
18985,18985,1503614435346,-2,-6,-8,1,-1,-1,-3,-5
18986,18986,1503614435354,-3,-7,-10,-4,1,-3,-2,-4
18987,18987,1503614435362,-5,-2,0,-6,-3,-2,0,-2
18988,18988,1503614435375,2,12,15,1,1,0,-1,-3
18989,18989,1503614435383,1,10,7,3,-1,1,0,-3
18990,18990,1503614435391,10,11,-2,0,0,3,1,-15
18991,18991,1503614435408,-13,-15,-11,-7,-1,-2,-4,-10
18992,18992,1503614435414,-1,-18,-10,-3,-3,-1,1,16
18993,18993,1503614435422,1,0,6,1,0,-1,-2,1
18994,18994,1503614435436,-4,-2,-3,-1,-3,0,-1,-9
18995,18995,1503614435443,-3,2,4,-3,0,1,0,-2
18996,18996,1503614435444,0,-17,-8,-1,1,0,-2,-1
18997,18997,1503614435451,9,8,6,2,-2,-3,-1,-1
18998,18998,1503614435467,-3,1,-1,0,-3,-4,0,-6
18999,18999,1503614435474,8,15,8,6,1,1,-3,-1
19000,19000,1503614435489,7,9,3,0,-2,0,1,3
19001,19001,1503614435497,-5,-8,1,-2,-2,1,-2,2
19002,19002,1503614435498,-13,-20,-16,-7,-4,-3,-3,-12
19003,19003,1503614435504,2,29,26,10,4,1,0,1
19004,19004,1503614435518,-29,-19,2,-5,-3,-4,-7,-20
19005,19005,1503614435526,-5,-6,-3,0,-3,-1,-1,4
19006,19006,1503614435534,5,10,7,5,3,-2,0,3
19007,19007,1503614435549,3,-4,-6,-4,1,2,0,7
19008,19008,1503614435555,-2,-6,-8,-5,-3,1,-2,0
19009,19009,1503614435565,5,4,1,2,0,0,-1,4
19010,19010,1503614435578,3,8,2,2,2,-2,2,3
19011,19011,1503614435586,-2,-3,-5,0,1,0,-1,-6
19012,19012,1503614435594,0,5,6,1,-2,0,1,2
19013,19013,1503614435609,-4,-3,-7,-2,-3,-3,-1,3
19014,19014,1503614435615,-7,-3,-4,1,1,2,1,-6
19015,19015,1503614435624,-9,-1,2,-6,-2,-1,-1,-19
19016,19016,1503614435638,0,-9,-7,-4,-1,-1,0,5
19017,19017,1503614435646,4,0,12,6,1,0,0,-1
19018,19018,1503614435654,-10,-24,-6,-5,-2,-1,-1,-3
19019,19019,1503614435669,7,-3,-4,-1,-1,0,0,8
19020,19020,1503614435675,4,-1,-6,-5,-5,-4,-2,1
19021,19021,1503614435683,2,0,-6,0,1,0,1,-4
19022,19022,1503614435699,5,5,-3,0,-2,-1,1,0
19023,19023,1503614435706,-7,1,-1,0,-3,-4,-4,-4
19024,19024,1503614435714,-2,-10,-10,-6,-1,-2,-1,-1
19025,19025,1503614435729,3,2,2,3,2,2,2,6
19026,19026,1503614435735,-7,-6,-7,-2,5,4,-2,13
19027,19027,1503614435744,19,17,8,3,2,-2,-1,6
19028,19028,1503614435758,0,6,2,3,-3,-2,-2,-6
19029,19029,1503614435767,-6,-6,-3,-2,-2,-1,-2,-9
19030,19030,1503614435774,2,2,-1,2,-1,2,1,4
19031,19031,1503614435789,-1,-2,-3,-4,-5,-4,-2,-15
19032,19032,1503614435795,8,16,5,0,0,-1,1,3
19033,19033,1503614435804,-7,-9,-8,0,-1,-2,-2,2
19034,19034,1503614435818,2,3,2,-1,0,0,-3,-1
19035,19035,1503614435826,-10,-10,-9,-5,-1,3,-4,-15
19036,19036,1503614435834,10,16,10,3,1,2,-1,0
19037,19037,1503614435849,-29,-8,-7,-1,-2,-1,-3,0
19038,19038,1503614435855,-6,-8,-1,1,2,-2,-3,0
19039,19039,1503614435864,2,-5,-2,-1,-4,-5,3,24
19040,19040,1503614435878,29,5,7,3,0,6,-2,18
19041,19041,1503614435886,2,-2,2,1,1,2,1,-4
19042,19042,1503614435894,6,-2,-6,-1,-1,-7,3,-1
19043,19043,1503614435909,-20,-9,-9,-7,-4,-1,0,-10
19044,19044,1503614435915,-27,0,0,0,-4,3,0,-10
19045,19045,1503614435924,17,7,4,5,4,-1,4,15
19046,19046,1503614435938,-6,-1,2,-3,-1,-1,-2,-4
19047,19047,1503614435946,20,9,6,0,3,0,2,12
19048,19048,1503614435954,-2,-9,-7,-3,0,-2,-3,-3
19049,19049,1503614435969,-13,-10,-1,0,-3,-3,-5,-4
19050,19050,1503614435976,-27,6,1,-3,-2,-1,0,-11
19051,19051,1503614435984,4,-1,0,-1,1,-2,-2,-9
19052,19052,1503614435998,4,-2,-2,1,1,0,-3,1
19053,19053,1503614436007,24,15,8,2,0,1,0,-11
19054,19054,1503614436014,7,0,1,0,0,-4,1,0
19055,19055,1503614436029,-2,4,-1,1,1,4,-2,-7
19056,19056,1503614436036,-5,0,1,0,-2,1,2,-3
19057,19057,1503614436044,-10,-5,-3,-3,-3,-4,-5,-15
19058,19058,1503614436058,0,-6,-2,1,1,0,0,-15
19059,19059,1503614436069,12,-10,-2,-3,-1,-2,3,17
19060,19060,1503614436081,25,0,-1,-3,0,0,2,-7
19061,19061,1503614436089,-7,-1,2,2,0,0,-2,10
19062,19062,1503614436095,-9,-5,-5,-3,-1,0,-1,4
19063,19063,1503614436104,-8,-5,-3,-5,-2,-3,2,20
19064,19064,1503614436118,1,4,-1,-2,-4,-4,-7,-3
19065,19065,1503614436126,-18,0,-6,-7,-3,-3,-5,-23
19066,19066,1503614436135,6,2,-1,0,1,3,5,2
19067,19067,1503614436149,29,3,-1,0,-3,-3,-4,-2
19068,19068,1503614436155,-9,-4,-4,-3,-3,-4,-4,-13
19069,19069,1503614436164,2,5,1,5,3,5,7,-6
19070,19070,1503614436178,-11,4,-3,0,-1,-1,-7,-18
19122,19122,1503614436689,-9,9,3,0,0,0,2,3
19123,19123,1503614436696,17,7,7,0,1,-1,-3,-2
19124,19124,1503614436697,-4,1,-1,-1,-1,-1,-5,-27
19125,19125,1503614436711,11,-1,-1,0,-2,2,1,28
19126,19126,1503614436718,11,-4,-3,-1,3,1,0,-11
19127,19127,1503614436726,-17,-19,-11,-5,-2,-1,-5,-11
19128,19128,1503614436740,5,0,4,1,0,2,2,12
19129,19129,1503614436749,-1,10,6,2,1,0,4,4
19130,19130,1503614436764,-16,4,1,1,-1,-4,-2,-27
19131,19131,1503614436772,-4,-5,-5,-3,-2,-1,-3,1
19132,19132,1503614436779,-19,-8,-2,-3,-4,1,4,4
19133,19133,1503614436786,-10,-7,-1,-3,-3,-2,0,-8
19134,19134,1503614436801,-4,3,-5,-3,-3,-2,-4,-3
19135,19135,1503614436809,-8,-7,-2,-3,-2,-2,-1,-5
19136,19136,1503614436824,8,-4,-5,-3,-4,0,7,21
19137,19137,1503614436831,5,3,4,0,0,1,-2,-2
19138,19138,1503614436839,-3,6,9,6,3,1,2,1
19139,19139,1503614436847,5,10,0,3,2,1,0,17
19140,19140,1503614436862,1,-6,-4,-7,-3,-2,-1,5
19141,19141,1503614436869,-6,-4,-1,0,-3,-3,-10,-30
19142,19142,1503614436884,-1,12,1,1,3,-4,-5,-11
19143,19143,1503614436891,-9,-8,-2,-4,-3,-1,-1,-6
19144,19144,1503614436899,2,-5,0,-3,-2,-1,-9,-21
19145,19145,1503614436906,5,-4,0,-3,-1,-4,-1,-1
19146,19146,1503614436921,3,18,13,4,1,2,-1,-18
19147,19147,1503614436929,-5,-6,-6,-2,0,0,-5,-14
19148,19148,1503614436944,-4,-6,-7,-3,0,0,-2,8
19149,19149,1503614436951,-5,26,7,2,-3,-2,-2,-9
19150,19150,1503614436959,-7,-1,0,2,0,-1,5,17
19151,19151,1503614436966,-8,-10,-2,0,0,2,3,25
19152,19152,1503614436981,-12,-5,-8,-3,-1,-2,-1,-22
19153,19153,1503614436989,-3,-8,-2,-1,0,0,-4,-18
19154,19154,1503614437006,-8,0,3,3,0,-1,-3,-16
19155,19155,1503614437011,2,11,3,-1,-2,-2,0,19
19156,19156,1503614437019,-12,-9,-8,-5,-1,0,-2,3
19157,19157,1503614437026,15,10,2,0,-2,-4,-1,-3
19158,19158,1503614437042,2,-6,-7,-3,-3,-2,-5,-7
19159,19159,1503614437049,-8,-17,-9,-3,3,1,0,3
19160,19160,1503614437064,13,-9,-3,1,-2,0,-1,25
19161,19161,1503614437077,9,-4,-1,-2,-2,-2,3,21
19162,19162,1503614437080,8,-1,-5,-3,-2,-2,2,30
19163,19163,1503614437086,-2,-4,-2,-1,0,0,-4,-19
19164,19164,1503614437087,-9,-7,-6,-4,1,-2,-1,-16
19165,19165,1503614437102,8,-1,4,2,1,0,1,6
19166,19166,1503614437109,-7,-8,-3,-1,-2,-1,-4,-11
19167,19167,1503614437124,4,4,-5,-3,-1,4,1,24
19168,19168,1503614437131,11,2,-2,2,0,-1,-1,4
19169,19169,1503614437141,-17,4,9,1,-4,-5,-3,-11
19170,19170,1503614437147,7,1,0,-2,-1,1,6,32
19171,19171,1503614437162,2,1,-3,-1,-1,2,0,-12
19172,19172,1503614437169,-11,4,3,3,0,-2,-2,-15
19173,19173,1503614437184,14,1,-2,1,1,1,3,18
19174,19174,1503614437191,0,1,3,4,2,3,-3,2
19175,19175,1503614437199,-11,5,1,-1,-2,-4,-12,-14
19176,19176,1503614437207,-4,4,4,0,-1,-3,-4,-20
19177,19177,1503614437222,-2,-2,2,0,-1,3,2,-6
19178,19178,1503614437228,7,7,-2,-2,2,-1,-1,1
19179,19179,1503614437244,-2,4,8,0,0,-6,0,-4
19180,19180,1503614437251,-27,-11,1,3,0,1,2,-9
19181,19181,1503614437260,-1,-1,-4,-5,-3,2,5,-7
19182,19182,1503614437266,9,-3,-5,-7,-5,-4,-3,-9
19183,19183,1503614437284,3,0,-2,2,-1,-1,-3,-16
19184,19184,1503614437288,-10,4,2,0,-2,2,6,21
19185,19185,1503614437304,-21,-19,-7,1,-1,-5,-3,-4
19186,19186,1503614437311,16,28,19,4,1,1,-2,-11
19187,19187,1503614437319,-5,12,9,-1,2,1,2,4
19188,19188,1503614437326,4,-7,-7,-3,-2,-1,-2,8
19189,19189,1503614437342,14,5,1,1,1,-1,-2,8
19190,19190,1503614437349,-5,-13,-9,-3,1,-1,0,20
19191,19191,1503614437364,-38,-14,-9,-3,0,1,1,-5
19192,19192,1503614437371,-20,-18,-9,-5,-2,0,-3,-10
19193,19193,1503614437379,7,9,6,0,0,-1,-5,-20
19194,19194,1503614437394,-8,-13,-8,-4,-2,-2,-2,-6
19195,19195,1503614437402,10,10,5,5,3,-2,-2,5
19196,19196,1503614437409,1,0,0,4,1,2,-2,-13
19197,19197,1503614437424,15,13,9,2,-1,2,4,6
19198,19198,1503614437431,2,-1,-2,-3,-5,-4,-3,-4
19199,19199,1503614437441,4,-2,-5,-4,-4,-3,-3,9
19200,19200,1503614437454,13,8,-6,-3,-1,-2,1,2
19201,19201,1503614437461,2,-13,-8,0,-1,-1,0,22
19202,19202,1503614437470,8,-3,-3,1,2,-1,0,1
19203,19203,1503614437484,7,2,-2,-2,-4,-4,-3,-11
19204,19204,1503614437491,-1,15,3,0,1,2,1,3
19205,19205,1503614437499,-2,-6,-9,-1,-2,-1,-1,-6
19206,19206,1503614437514,-11,-15,6,-1,0,0,-1,-7
19207,19207,1503614437522,4,23,19,5,4,3,4,-2
19208,19208,1503614437528,-27,-2,-3,-3,-1,0,1,-4
19209,19209,1503614437544,-10,-20,-13,-5,-4,-3,-3,12
19210,19210,1503614437551,1,-12,-2,2,0,-1,2,15
19211,19211,1503614437559,20,-24,-41,-2,-2,-3,-5,-21
19212,19212,1503614437576,-5,-15,-10,-3,-4,-4,-5,-20
19213,19213,1503614437582,4,0,8,-1,0,1,-1,-14
19214,19214,1503614437588,15,47,42,11,5,3,2,6
19215,19215,1503614437604,25,44,12,5,1,-2,2,3
19216,19216,1503614437616,-2,-6,-11,-4,-4,-3,-2,-9
19217,19217,1503614437619,-16,-15,-1,-3,-2,1,1,3
19218,19218,1503614437633,1,-3,-2,-2,0,0,-1,4
19219,19219,1503614437643,-10,-19,-13,-8,-4,-2,-3,1
19220,19220,1503614437649,-1,0,-3,3,1,-1,1,3
19221,19221,1503614437664,-11,-12,-6,-3,-1,-1,-6,3
19222,19222,1503614437671,0,-9,-4,-2,-3,0,-3,-2
19223,19223,1503614437680,-11,5,3,-1,-2,-4,-3,-20
19224,19224,1503614437694,8,6,1,1,-1,-4,0,15
19225,19225,1503614437701,0,-5,-2,-1,-1,-1,-2,4
19226,19226,1503614437702,-3,6,8,-1,0,1,2,2
19227,19227,1503614437710,4,-12,-14,-5,-1,-2,-3,-14
19228,19228,1503614437724,3,5,-1,0,0,-1,0,-4
19229,19229,1503614437731,13,4,-4,-3,0,1,3,24
19230,19230,1503614437739,16,-10,-9,-6,-2,-2,3,-2
19231,19231,1503614437754,-5,0,0,1,-1,2,0,-4
19232,19232,1503614437761,-1,-4,1,3,1,2,-3,-2
19233,19233,1503614437768,0,-8,-1,0,-3,-2,-2,-5
19234,19234,1503614437784,-10,2,7,0,-2,-2,-3,10
19235,19235,1503614437791,0,-5,-7,-2,1,-2,-2,-7
19236,19236,1503614437799,5,22,16,0,-2,-2,2,2
19237,19237,1503614437821,8,15,-5,-1,-1,0,-2,-2
19238,19238,1503614437822,-16,-4,7,2,0,2,0,-4
19239,19239,1503614437828,-10,-6,3,2,-1,1,-1,-8
19240,19240,1503614437844,1,5,1,-3,-5,-1,2,4
19241,19241,1503614437845,0,-11,-8,-1,-1,0,-4,4
19242,19242,1503614437852,-5,-4,1,-1,-1,-2,0,-5
19243,19243,1503614437859,0,0,-1,1,2,-2,0,4
19244,19244,1503614437874,-5,-6,-7,-1,0,-2,-3,-2
19245,19245,1503614437882,1,-1,2,3,-2,0,0,-11
19246,19246,1503614437889,-1,1,1,-5,-2,-1,-3,-5
19247,19247,1503614437904,1,2,1,2,-2,2,0,2
19248,19248,1503614437911,-2,-4,-5,-2,-1,-3,0,-2
19249,19249,1503614437919,-5,-3,-3,-4,1,-3,1,-3
19250,19250,1503614437933,0,-1,-3,-3,1,0,-2,0
19251,19251,1503614437934,0,5,0,1,-2,0,0,0
19252,19252,1503614437942,3,5,12,2,0,1,1,2
19253,19253,1503614437949,0,0,2,-1,0,-2,-2,0
19254,19254,1503614437964,0,-5,-6,-5,-1,-1,-1,-1
19255,19255,1503614437971,-1,0,-1,0,0,2,-1,-5
19256,19256,1503614437980,-4,-4,-3,-1,-2,-1,1,0
19257,19257,1503614437994,-1,-5,-1,-4,-1,-2,0,-1
19258,19258,1503614438001,0,-2,-8,-4,-2,-3,0,-1
19259,19259,1503614438002,0,6,9,0,1,-1,-1,1
19260,19260,1503614438009,1,-1,0,2,-2,0,0,-2
19261,19261,1503614438024,-3,-5,-6,-2,-4,-1,0,2
19262,19262,1503614438031,-4,1,0,-2,0,-2,-2,-2
19263,19263,1503614438039,-3,-1,-6,-1,-1,-1,-1,-1
19264,19264,1503614438054,-1,6,6,3,4,1,2,-1
19265,19265,1503614438062,-4,-4,-5,-3,-1,-2,-1,-1
19266,19266,1503614438068,7,-2,-2,-3,-4,-1,1,23
19267,19267,1503614438084,-3,-5,-2,-1,2,-1,-1,-1
19268,19268,1503614438091,2,-5,-2,2,0,1,-1,-2
19269,19269,1503614438099,0,-6,-6,0,-2,-1,0,2
19270,19270,1503614438116,-1,7,6,0,-1,-1,0,-4
19271,19271,1503614438121,-4,-10,-6,0,1,0,-2,0
19272,19272,1503614438122,-2,-1,1,-1,-2,-1,-2,-6
19273,19273,1503614438128,-2,-7,-17,-7,-3,1,0,-5
19274,19274,1503614438145,2,2,-1,2,-2,0,-1,0
19275,19275,1503614438152,-3,-5,-8,-2,-2,-3,-2,-5
19276,19276,1503614438159,3,1,-2,-2,-2,0,-1,-2
19277,19277,1503614438174,-1,0,1,-1,-1,1,-5,-6
19278,19278,1503614438184,1,2,1,-4,-4,0,0,3
19279,19279,1503614438196,-5,1,3,-1,-2,-5,-1,-1
19280,19280,1503614438204,-1,-4,-4,1,1,0,0,-3
19281,19281,1503614438212,-3,-5,-7,-2,1,0,-3,-3
19282,19282,1503614438219,-1,2,2,-1,1,0,-2,0
19283,19283,1503614438234,-1,-3,0,-1,-1,1,-1,1
19284,19284,1503614438241,-4,-7,-6,-4,-2,-4,-2,-3
19285,19285,1503614438242,1,9,10,3,2,-1,-2,0
19286,19286,1503614438251,-2,-1,1,1,-1,0,2,0
19287,19287,1503614438264,1,5,1,0,2,0,0,0
19288,19288,1503614438271,0,0,0,-1,2,-1,-2,-1
19289,19289,1503614438280,-1,-2,-3,1,-1,-3,1,-1
19290,19290,1503614438294,-3,-1,0,-1,-3,-4,0,-2
19291,19291,1503614438302,-4,-20,-13,-5,-2,-3,0,-1
19292,19292,1503614438317,0,-1,2,1,-1,0,-1,-1
19293,19293,1503614438328,-3,-3,-1,-1,-3,-2,0,-1
19294,19294,1503614438331,-2,-4,-2,-2,-2,-2,-5,-3
19295,19295,1503614438346,1,-1,0,2,0,-1,-3,-3
19296,19296,1503614438354,0,5,0,-1,0,2,2,0
19297,19297,1503614438362,-1,3,-1,-3,-2,3,0,2
19298,19298,1503614438376,0,0,3,0,-1,-2,-1,1
19299,19299,1503614438385,2,2,1,-1,-1,-6,-2,0
19300,19300,1503614438391,-2,-2,-6,-3,3,5,3,0
19301,19301,1503614438406,5,4,0,0,-2,1,-1,4
19302,19302,1503614438414,1,0,0,1,-1,-3,-5,-1
19303,19303,1503614438422,0,-2,-2,-2,0,-1,-5,-3
19304,19304,1503614438436,-1,-3,1,1,0,-2,-2,-3
19305,19305,1503614438444,-1,1,-3,-1,-1,0,-2,-2
19306,19306,1503614438451,2,1,2,-1,-3,0,-1,-1
19307,19307,1503614438466,-4,-2,-2,-3,-1,0,0,-2
19308,19308,1503614438473,0,-1,-2,0,-4,-4,-6,-3
19309,19309,1503614438482,-1,-3,0,1,-5,1,3,1
19310,19310,1503614438496,1,1,2,0,-2,0,2,1
19311,19311,1503614438504,-2,-4,-7,-7,-6,-4,-2,-1
19312,19312,1503614438511,-1,0,1,-1,2,2,-3,-1
19313,19313,1503614438526,-2,1,1,2,4,3,3,2
19314,19314,1503614438533,-2,1,1,-1,0,-2,1,-1
19315,19315,1503614438541,-2,1,2,-2,-6,-4,-2,0
19316,19316,1503614438556,0,-1,-4,-3,0,-2,0,2
19317,19317,1503614438564,2,1,1,1,5,7,2,-1
19318,19318,1503614438571,-2,-1,1,0,-6,-1,-1,-4
19319,19319,1503614438586,-2,0,-2,1,12,16,3,1
19320,19320,1503614438593,0,0,-2,0,-3,-6,0,0
19321,19321,1503614438601,-3,-1,1,-2,-6,-9,2,-4
19322,19322,1503614438616,-2,3,-2,-1,-3,-11,-4,-4
19323,19323,1503614438631,0,-1,0,-1,-3,-6,-2,2
19324,19324,1503614438632,0,1,0,0,0,-4,-1,0
19325,19325,1503614438649,-1,0,2,0,-1,-3,-4,-3
19326,19326,1503614438654,-7,-6,-2,-2,1,7,3,1
19327,19327,1503614438662,6,0,-1,-1,-3,-2,-1,-2
19328,19328,1503614438676,2,0,-2,1,1,2,-1,-2
19329,19329,1503614438684,-2,-2,-2,-1,-3,-5,-3,-1
19330,19330,1503614438691,-2,-1,0,3,-1,-2,1,-1
19331,19331,1503614438706,-1,0,0,3,18,18,1,0
19332,19332,1503614438715,2,3,-6,-1,1,4,1,-3
19333,19333,1503614438722,-2,-6,-3,0,-5,-5,-4,-1
19334,19334,1503614438736,0,-6,-8,-5,-3,-2,-3,1
19335,19335,1503614438744,-1,0,-2,2,-3,-4,-4,-2
19336,19336,1503614438751,0,-1,1,-2,-4,-1,0,-2
19337,19337,1503614438766,-2,-1,2,0,0,-3,-2,0
19338,19338,1503614438774,2,-2,0,-1,0,0,1,1
19339,19339,1503614438783,1,-3,0,1,-3,-4,-1,3
19340,19340,1503614438796,1,9,4,1,1,-3,-2,-3
19341,19341,1503614438804,-2,0,-1,-3,-2,-5,-6,-2
19342,19342,1503614438811,-1,-5,-4,-2,8,9,1,3
19343,19343,1503614438826,-1,-6,-8,-2,-6,-3,-2,-3
19344,19344,1503614438833,0,-2,6,1,-6,-3,-1,-1
19345,19345,1503614438841,-1,-1,-3,-5,-3,-2,0,-2
19346,19346,1503614438857,0,0,2,-1,-5,-5,-1,0
19347,19347,1503614438864,0,2,3,1,-3,2,4,1
19348,19348,1503614438879,-3,-2,-2,-2,-2,-1,-3,-4
19349,19349,1503614438886,-2,-2,-2,0,3,1,0,-2
19350,19350,1503614438894,-2,-2,-3,-5,-4,-6,-1,0
19351,19351,1503614438901,0,1,2,-2,-5,-6,-2,-1
19352,19352,1503614438917,-2,-2,-2,1,3,2,0,-1
19353,19353,1503614438924,0,4,-3,2,2,2,-2,-1
19354,19354,1503614438931,-2,-3,-4,-1,-1,-3,2,-2
19355,19355,1503614438946,-2,-5,-1,-7,0,3,0,0
19356,19356,1503614438954,0,4,2,1,-2,2,-3,0
19357,19357,1503614438962,-1,-3,-2,1,3,-2,-1,4
19358,19358,1503614438976,0,3,3,1,0,0,0,2
19359,19359,1503614438985,-5,-9,-9,-6,-7,-4,-2,-4
19360,19360,1503614438991,8,21,29,10,7,3,4,4
19361,19361,1503614439006,2,0,1,-4,-2,-3,-1,-1
19362,19362,1503614439014,-4,-14,-13,-6,-6,-4,-5,-2
19363,19363,1503614439024,1,-1,-1,1,1,1,2,1
19364,19364,1503614439036,1,3,2,0,-1,-1,-1,1
19365,19365,1503614439044,-1,0,-3,1,16,15,0,-1
19366,19366,1503614439051,1,2,-5,-4,-1,-2,3,0
19367,19367,1503614439066,-1,-3,-3,-1,-7,-9,-1,-1
19368,19368,1503614439073,5,9,4,2,1,5,0,0
19369,19369,1503614439083,1,6,2,1,-5,-5,-4,-3
19370,19370,1503614439096,-5,-1,5,-1,-2,2,0,-1
19371,19371,1503614439104,-2,-2,1,0,0,3,-2,-4
19372,19372,1503614439111,-1,-8,-9,-1,5,-1,-1,-3
19373,19373,1503614439126,-2,-4,-2,-2,-3,-3,-2,-3
19374,19374,1503614439133,-5,-14,-13,-6,-4,-6,0,-2
19375,19375,1503614439141,7,25,31,10,0,-2,0,2
19376,19376,1503614439156,-4,-10,-6,-5,-1,0,-2,1
19377,19377,1503614439164,9,37,21,7,1,1,0,-2
19378,19378,1503614439171,-2,-1,0,-1,-3,0,-2,-1
19379,19379,1503614439186,-6,-17,-18,-4,-1,-3,-3,2
19380,19380,1503614439193,-2,-8,-7,-2,-3,-3,0,1
19381,19381,1503614439201,-4,-12,-7,-4,-1,0,2,-9
19382,19382,1503614439218,1,1,0,0,-2,-7,-3,-3
19383,19383,1503614439224,2,8,15,1,-1,-3,0,4
19384,19384,1503614439238,2,3,1,0,1,2,1,0
19385,19385,1503614439246,-4,-10,-6,0,-2,-2,-6,-2
19386,19386,1503614439254,-1,-1,3,1,1,0,1,0
19387,19387,1503614439269,-2,-7,-8,-3,-3,3,1,-1
19388,19388,1503614439285,-4,-11,-13,-4,-1,-2,1,0
19389,19389,1503614439298,4,15,15,3,1,1,-3,1
19390,19390,1503614439306,0,-7,-9,2,0,-2,-1,-1
19391,19391,1503614439307,1,-2,2,-2,0,-5,0,0
19392,19392,1503614439313,-6,-4,-6,-5,-3,0,0,-16
19393,19393,1503614439329,1,-4,-5,-1,-3,-1,1,-4
19394,19394,1503614439336,8,-1,-3,-1,-2,0,4,25
19395,19395,1503614439344,-2,-5,-8,-3,-1,-2,-2,-4
19396,19396,1503614439358,5,9,2,0,-1,1,-1,0
19397,19397,1503614439367,0,-2,-3,-2,-2,-1,1,2
19398,19398,1503614439373,-8,-9,-3,1,1,-1,0,-6
19399,19399,1503614439389,1,-9,-3,1,-3,0,-4,-2
19400,19400,1503614439396,0,4,8,2,0,-1,-3,-3
19401,19401,1503614439404,-4,3,2,5,1,-2,-1,2
19402,19402,1503614439419,-2,-10,-12,-5,-2,-1,-1,0
19403,19403,1503614439427,-4,-4,1,-1,2,1,3,-3
19404,19404,1503614439433,3,-2,1,3,1,0,2,4
19405,19405,1503614439451,1,-5,-7,-4,-1,1,0,0
19406,19406,1503614439456,3,16,3,1,0,-1,-2,-3
19407,19407,1503614439464,-7,3,7,-3,-2,-3,-4,-11
19408,19408,1503614439478,-10,-16,-12,-5,-3,-3,-4,-12
19409,19409,1503614439486,0,-20,-16,-8,1,3,-1,-7
19410,19410,1503614439493,8,22,45,17,7,4,3,7
19411,19411,1503614439508,-3,-11,-4,-1,-6,-5,-6,-6
19412,19412,1503614439517,16,3,2,0,-1,-2,0,-3
19413,19413,1503614439524,-3,4,3,-2,-1,-1,2,6
19414,19414,1503614439538,-5,-2,-8,-3,-1,-2,-1,3
19415,19415,1503614439546,0,2,-3,0,0,-1,-2,6
19416,19416,1503614439553,-12,-14,-11,-5,-2,-2,-2,-8
19417,19417,1503614439568,10,30,26,12,3,1,2,2
19418,19418,1503614439576,-7,-10,-9,-6,-6,1,-1,-8
19419,19419,1503614439585,-3,-13,-6,-3,-2,2,-2,-7
19420,19420,1503614439586,3,5,-7,-1,-1,-1,0,8
19421,19421,1503614439598,-4,-6,-5,-3,-4,-5,-8,8
19422,19422,1503614439606,-5,-6,-5,-1,-2,-2,-1,0
19423,19423,1503614439613,1,0,-5,-1,1,0,-2,-4
19424,19424,1503614439629,-3,5,-12,-4,-1,-2,-3,-1
19425,19425,1503614439636,6,19,3,3,2,-1,2,3
19426,19426,1503614439644,-2,-11,-3,-2,-3,-2,-3,-4
19427,19427,1503614439658,-6,-16,-15,-7,-3,-4,-1,-6
19428,19428,1503614439666,-2,4,1,1,2,1,-1,-2
19429,19429,1503614439673,-2,1,3,3,-1,-1,-1,0
19430,19430,1503614439689,-1,-4,-8,-7,-4,-2,0,-9
19431,19431,1503614439696,-2,2,-8,-3,-1,-2,1,0
19432,19432,1503614439704,-2,-6,-1,0,-2,2,1,-2
19433,19433,1503614439720,3,5,-7,-3,-2,1,2,8
19434,19434,1503614439726,3,1,5,4,2,0,2,2
19435,19435,1503614439733,-3,-6,-3,-3,-1,-2,-4,-6
19436,19436,1503614439749,2,-8,-3,-1,1,-1,2,1
19437,19437,1503614439756,0,3,16,3,-1,4,1,-1
19438,19438,1503614439764,0,-7,-11,-3,0,-1,-3,0
19439,19439,1503614439778,3,-4,-2,0,2,0,-2,2
19440,19440,1503614439788,-1,-4,4,3,0,-3,0,-2
19441,19441,1503614439794,-4,-5,-1,-5,-5,-1,-5,-3
19442,19442,1503614439809,5,25,25,8,0,1,1,3
19443,19443,1503614439816,-3,14,3,0,1,1,3,0
19444,19444,1503614439824,7,36,43,11,4,1,3,7
19445,19445,1503614439838,-4,-11,-5,-4,-1,-1,0,-1
19446,19446,1503614439846,-9,-24,-13,-4,-3,-6,-5,-6
19447,19447,1503614439854,0,6,17,4,0,-1,0,-2
19448,19448,1503614439868,-1,-6,-7,-5,2,2,1,-2
19449,19449,1503614439876,-3,-13,-19,-7,-4,-3,-1,-4
19450,19450,1503614439884,0,-9,-6,-2,-4,0,-1,2
19451,19451,1503614439898,-1,-4,-4,-2,0,2,2,0
19452,19452,1503614439906,-2,5,-8,-2,-4,-1,-2,-5
19453,19453,1503614439913,-2,-5,-10,0,0,-1,-1,-1
19454,19454,1503614439929,-4,-3,-5,-1,0,-5,-4,-1
19455,19455,1503614439936,7,-14,-6,1,0,-3,4,17
19456,19456,1503614439944,0,2,-4,-2,-3,-1,1,-1
19457,19457,1503614439958,-6,-9,-4,-8,-4,-1,-6,-11
19458,19458,1503614439966,1,2,-7,-5,0,2,1,3
19459,19459,1503614439973,2,1,-7,-1,-2,-4,-2,0
19460,19460,1503614439989,-7,4,2,0,-1,-1,-1,-13
19461,19461,1503614439996,1,7,0,3,0,-1,1,1
19462,19462,1503614440004,-3,-9,-10,1,-2,-3,-3,-1
19463,19463,1503614440018,11,12,13,0,-1,2,4,27
19565,19565,1503614441016,1,5,-5,-1,-2,0,2,6
19566,19566,1503614441031,13,-6,-8,-5,-2,-4,-1,-4
19567,19567,1503614441038,-5,-1,3,2,-2,-2,-2,-8
19568,19568,1503614441047,-7,-1,-1,1,0,0,-2,-12
19569,19569,1503614441061,34,7,4,-1,2,1,6,20
19570,19570,1503614441068,-40,-12,-7,-4,-3,-5,-6,-21
19571,19571,1503614441076,-41,-12,-3,0,-5,-2,-4,-11
19572,19572,1503614441093,9,-3,-2,1,-3,2,1,7
19573,19573,1503614441098,-7,-1,3,-2,0,2,-5,-18
19574,19574,1503614441113,18,2,-10,-1,1,1,3,26
19575,19575,1503614441120,16,8,9,4,1,-5,0,-7
19576,19576,1503614441128,10,-12,-37,-5,-3,1,7,13
19577,19577,1503614441143,-17,-14,-7,-6,-3,1,2,27
19578,19578,1503614441151,-13,-14,-8,-9,-1,-2,-5,-17
19579,19579,1503614441160,-4,15,5,3,0,-1,-2,-6
19580,19580,1503614441180,7,2,6,-2,0,0,2,-9
19581,19581,1503614441181,14,-6,4,-2,-4,-3,3,9
19582,19582,1503614441196,-41,0,8,2,4,1,0,-12
19583,19583,1503614441203,-5,-5,-4,1,0,-1,-6,1
19584,19584,1503614441211,6,-4,1,0,-5,-5,-8,-1
19585,19585,1503614441218,5,34,25,6,2,1,-1,-7
19586,19586,1503614441234,-2,1,8,1,1,-4,-3,-9
19587,19587,1503614441240,15,1,-7,-6,-6,-5,-1,-8
19588,19588,1503614441248,6,-4,4,2,0,2,7,33
19589,19589,1503614441263,-4,-4,-12,-2,0,2,-3,-38
19590,19590,1503614441273,21,18,5,-1,0,1,1,6
19591,19591,1503614441278,-12,-15,-10,0,1,-2,-2,-3
19592,19592,1503614441294,-4,-8,-6,-3,-4,-4,-3,-8
19593,19593,1503614441300,-4,-7,-3,-3,-4,-2,-5,-3
19594,19594,1503614441308,4,6,5,2,-1,1,0,0
19595,19595,1503614441323,-9,-11,-8,-3,-3,-1,1,8
19596,19596,1503614441331,2,-3,-2,-3,-2,0,-5,-7
19597,19597,1503614441338,-4,4,3,0,0,1,1,-1
19598,19598,1503614441353,-11,-1,-1,-2,-2,-4,-8,2
19599,19599,1503614441361,-25,-2,-1,0,-1,1,4,17
19600,19600,1503614441369,0,-1,2,2,2,5,3,-11
19601,19601,1503614441383,17,20,0,-7,-5,-3,-3,11
19602,19602,1503614441391,-3,-3,-5,0,-1,-2,-1,2
19603,19603,1503614441398,0,-16,-4,-1,1,0,2,-13
19604,19604,1503614441413,-3,-13,-11,-4,-3,-3,-1,-5
19605,19605,1503614441420,0,2,4,3,0,0,1,-5
19606,19606,1503614441428,-5,-10,-5,0,1,2,0,-1
19607,19607,1503614441443,-5,-6,-7,-8,-2,-2,-1,3
19608,19608,1503614441451,-3,12,14,4,0,1,-1,-10
19609,19609,1503614441458,25,-12,-1,-1,2,-3,0,1
19610,19610,1503614441473,4,7,9,3,-1,0,-2,0
19611,19611,1503614441480,-1,-4,2,1,2,0,-2,-5
19612,19612,1503614441488,3,-7,-3,-1,0,-1,1,1
19613,19613,1503614441503,8,-4,-3,-1,1,-1,-1,4
19614,19614,1503614441511,2,1,5,-1,0,2,-4,2
19615,19615,1503614441518,-8,11,8,-2,-1,3,-1,-7
19616,19616,1503614441533,27,31,21,9,2,-1,2,11
19617,19617,1503614441540,0,-9,-11,0,2,-2,3,-5
19618,19618,1503614441548,-12,-17,-7,-6,-4,-2,1,6
19619,19619,1503614441563,-10,1,1,-2,-3,2,0,1
19620,19620,1503614441571,-6,0,8,-1,0,-3,-3,-7
19621,19621,1503614441578,6,-3,-3,-2,-1,0,-5,-9
19622,19622,1503614441595,7,15,12,3,1,1,-3,-5
19623,19623,1503614441600,13,24,12,2,-1,-1,-2,1
19624,19624,1503614441608,-23,-3,-11,-5,-2,-4,-2,2
19625,19625,1503614441623,-9,-10,-5,0,0,-4,-4,-9
19626,19626,1503614441631,-1,-6,-7,-1,-1,1,-2,2
19627,19627,1503614441638,-7,-3,3,0,-2,-1,-1,-6
19628,19628,1503614441639,3,1,-2,0,-3,1,-4,-4
19629,19629,1503614441653,0,-15,-18,-12,-4,-4,-4,-6
19630,19630,1503614441660,26,26,17,7,2,2,4,19
19631,19631,1503614441668,0,-5,-4,3,2,0,1,-10
19632,19632,1503614441683,-19,-18,-14,-8,-4,-7,-7,-22
19633,19633,1503614441691,6,5,6,3,1,3,10,15
19634,19634,1503614441698,-6,-6,1,3,1,2,2,3
19635,19635,1503614441713,13,-9,-8,-7,-6,-5,-3,-3
19636,19636,1503614441720,13,25,9,3,1,0,2,4
19637,19637,1503614441730,6,2,-2,2,-1,-1,-2,-3
19638,19638,1503614441743,-6,-9,-4,0,0,-3,2,7
19639,19639,1503614441751,-5,1,0,2,0,1,-2,2
19640,19640,1503614441758,3,-3,-2,1,1,2,-3,-12
19641,19641,1503614441773,11,-11,-5,-4,-2,-2,2,7
19642,19642,1503614441780,25,-13,-7,-5,-5,-4,4,11
19643,19643,1503614441788,10,12,11,6,6,3,4,19
19644,19644,1503614441803,18,-10,-10,-7,-3,-1,-1,12
19645,19645,1503614441811,-26,-7,-4,-6,-2,-2,-7,-25
19646,19646,1503614441818,-14,-7,-4,-2,-1,1,1,7
19647,19647,1503614441834,-11,8,-5,-5,-7,-3,0,-3
19648,19648,1503614441841,-2,-1,-1,4,1,-1,-1,-10
19649,19649,1503614441849,-3,-6,-4,0,1,0,0,-2
19650,19650,1503614441864,-24,1,4,1,-1,-1,1,-10
19651,19651,1503614441872,-12,-15,-5,0,0,-1,-3,-6
19652,19652,1503614441886,-8,-15,-10,-4,-1,-4,-2,5
19653,19653,1503614441893,-12,-1,-7,0,-2,-3,-2,-9
19654,19654,1503614441901,-12,-8,-7,-3,1,-2,-3,-2
19655,19655,1503614441917,-6,-13,-9,-3,-3,-1,-2,-2
19656,19656,1503614441924,-11,-6,-2,-3,-1,-2,1,0
19657,19657,1503614441931,1,2,5,-2,-1,-1,2,1
19658,19658,1503614441946,10,28,11,1,-1,3,-2,-1
19659,19659,1503614441953,7,8,7,0,1,-2,-1,2
19660,19660,1503614441961,-1,-19,3,-1,-5,-3,1,1
19661,19661,1503614441969,-2,-4,3,-1,-1,0,-2,1
19662,19662,1503614441984,-14,-1,-9,-8,-4,0,-2,-4
19663,19663,1503614441991,56,104,93,29,14,10,11,3
19664,19664,1503614442007,13,20,10,8,1,0,2,2
19665,19665,1503614442014,-34,-20,-31,-10,-7,-5,-8,-28
19666,19666,1503614442031,-9,-21,-9,-6,0,0,2,-6
19667,19667,1503614442037,9,-8,-6,-2,1,-1,-3,4
19668,19668,1503614442044,-16,-33,-25,-7,-1,-4,-4,-1
19669,19669,1503614442051,16,8,11,4,1,2,5,21
19670,19670,1503614442069,-18,6,0,1,0,0,-3,-4
19671,19671,1503614442074,-1,-31,-30,-7,-4,-2,1,12
19672,19672,1503614442081,22,47,43,11,4,0,2,-5
19673,19673,1503614442098,-13,-28,-26,-6,-2,-4,-4,3
19674,19674,1503614442104,-1,-9,-13,-2,-2,2,1,-1
19675,19675,1503614442111,-4,-25,-21,-7,-3,-1,1,12
19676,19676,1503614442127,11,16,6,3,2,-1,1,2
19677,19677,1503614442136,-11,4,15,4,-1,-2,-2,-14
19678,19678,1503614442142,0,4,1,-4,-3,-2,-2,-31
19679,19679,1503614442156,4,-7,-8,-3,-1,-2,-4,-5
19680,19680,1503614442166,7,14,11,1,0,1,-1,11
19681,19681,1503614442171,-8,-1,-1,-1,-3,0,-1,0
19682,19682,1503614442187,-1,-13,-16,-2,1,0,-2,14
19683,19683,1503614442193,-10,-9,-4,0,-1,-1,-2,-18
19684,19684,1503614442202,-2,-6,-4,-2,-3,-2,-3,-5
19685,19685,1503614442216,4,9,4,0,-3,-3,-1,-2
19686,19686,1503614442224,-5,-18,-11,-4,-2,0,0,-4
19687,19687,1503614442232,-4,-10,-8,-2,-1,-1,-5,-8
19688,19688,1503614442254,2,3,1,0,0,1,-2,-2
19689,19689,1503614442261,-6,-2,-1,-1,-1,-2,-3,1
19690,19690,1503614442276,7,21,-1,0,0,-2,1,3
19691,19691,1503614442284,-2,1,1,2,2,2,-2,4
19692,19692,1503614442291,-6,-2,4,0,0,-3,-4,-6
19693,19693,1503614442307,-4,5,0,-1,-1,1,-1,-3
19694,19694,1503614442313,-2,-2,-4,-2,-2,2,0,-15
19695,19695,1503614442321,0,9,10,2,-2,-2,-3,-17
19696,19696,1503614442337,-3,-4,-1,-1,-2,-2,-1,-8
19697,19697,1503614442344,4,-8,-7,-1,-4,-1,1,31
19698,19698,1503614442351,7,3,2,-1,-1,1,-1,12
19699,19699,1503614442369,7,1,1,1,1,0,-3,16
19700,19700,1503614442374,0,-4,-4,-1,-2,-3,-1,14
19701,19701,1503614442381,-3,-2,2,1,-2,-2,2,-7
19702,19702,1503614442396,0,-1,0,1,-1,1,0,-1
19703,19703,1503614442411,-4,0,0,-2,1,-4,1,3
19704,19704,1503614442412,-2,-2,-2,-1,1,0,0,-3
19705,19705,1503614442427,0,-5,-1,-3,-3,-1,-2,-13
19706,19706,1503614442434,3,2,5,0,-1,2,2,9
19707,19707,1503614442441,1,-4,2,0,0,-2,-4,-4
19708,19708,1503614442442,-4,-2,-9,0,0,1,-1,-7
19709,19709,1503614442456,-4,-6,-4,-2,-2,-4,-1,2
19710,19710,1503614442473,-1,2,2,-2,0,-1,-1,1
19711,19711,1503614442486,1,0,3,2,1,-1,-1,3
19712,19712,1503614442493,0,-2,-1,-2,0,1,1,2
19713,19713,1503614442501,-1,3,1,0,-2,-3,-1,-4
19714,19714,1503614442516,-2,-4,0,0,1,-1,-3,-2
19715,19715,1503614442524,1,-1,0,-1,-2,0,0,1
19716,19716,1503614442531,-4,-7,-10,-6,-3,0,-3,-4
19717,19717,1503614442547,-1,-5,4,-1,0,-1,1,2
19718,19718,1503614442553,6,22,8,4,0,0,6,13
19719,19719,1503614442561,-6,-5,-1,-3,-2,-2,-4,-10
19720,19720,1503614442577,-5,-8,-2,-1,0,1,-5,-11
19721,19721,1503614442584,4,3,-2,-2,0,0,-1,7
19722,19722,1503614442591,-2,-3,1,2,0,1,-1,3
19723,19723,1503614442607,-7,-5,-5,-3,-2,-3,-2,-12
19724,19724,1503614442613,-1,-17,-13,-5,-1,-6,0,0
19725,19725,1503614442621,5,13,27,7,4,2,0,8
19726,19726,1503614442636,-2,-8,4,3,-1,-1,-1,-3
19727,19727,1503614442644,-4,4,-9,-1,0,2,1,5
19728,19728,1503614442651,13,5,2,-6,-2,-1,8,29
19729,19729,1503614442669,0,1,-19,-5,-5,-3,-1,-3
19730,19730,1503614442674,-7,-6,-3,1,-1,-1,-3,-6
19731,19731,1503614442688,2,-8,-5,-3,-2,1,3,11
19732,19732,1503614442696,11,7,3,1,0,-1,2,18
19733,19733,1503614442704,-1,-6,3,1,1,-2,-4,-5
19734,19734,1503614442711,-8,-9,-8,-7,-3,-4,-7,-17
19735,19735,1503614442727,3,9,17,5,3,2,5,8
19736,19736,1503614442735,-14,-12,-14,-6,-3,1,-2,-15
19737,19737,1503614442748,11,17,23,6,4,1,2,7
19738,19738,1503614442756,0,5,2,2,-2,-1,-1,-10
19739,19739,1503614442764,-11,-6,-11,-3,-2,-2,-4,-17
19740,19740,1503614442772,1,-4,-4,-1,-1,-2,0,4
19741,19741,1503614442786,3,-2,-3,0,-2,-2,-1,4
19742,19742,1503614442793,0,4,-5,-4,-3,-2,-2,-9
19743,19743,1503614442809,-3,-4,2,-3,-5,-3,-2,-4
19744,19744,1503614442816,-1,11,5,3,2,4,1,0
19745,19745,1503614442824,5,-4,-9,-2,-3,2,4,23
19746,19746,1503614442831,2,-3,0,1,0,-2,0,4
19747,19747,1503614442847,-5,-11,-17,-5,-1,-3,-3,-7
19748,19748,1503614442853,-1,2,7,4,0,1,-1,-2
19749,19749,1503614442870,-1,14,20,6,3,-1,-1,-12
19750,19750,1503614442877,-1,-2,-6,-5,-3,-2,-2,-3
19751,19751,1503614442884,-5,-11,-12,-8,-3,-3,-1,-16
19752,19752,1503614442891,-1,-4,1,-4,-1,-2,-1,3
19753,19753,1503614442907,-1,-4,3,3,1,-1,-3,-3
19754,19754,1503614442914,-3,-6,-6,0,1,1,1,-4
19755,19755,1503614442921,0,2,12,4,1,3,1,1
19756,19756,1503614442937,0,5,9,2,-1,0,-3,-4
19757,19757,1503614442944,-4,-9,-13,-5,-2,-3,-3,2
19758,19758,1503614442958,5,6,1,1,-1,-2,1,9
19759,19759,1503614442967,-3,-6,-10,-1,-2,-3,0,-2
19760,19760,1503614442974,-3,-2,0,0,0,-1,-2,-10
19761,19761,1503614442988,-1,-4,-6,-7,-5,-1,-3,-4
19762,19762,1503614442996,1,0,3,4,1,-1,-3,1
19763,19763,1503614443004,1,0,-5,-1,-2,0,0,3
19764,19764,1503614443018,-4,-13,-10,-2,1,0,0,-3
19765,19765,1503614443019,-3,10,7,3,0,1,-4,-3
19766,19766,1503614443027,0,0,-3,3,1,0,-1,1
19767,19767,1503614443033,-5,-6,-4,-1,-1,0,-2,-6
19768,19768,1503614443049,-2,-1,2,0,-3,-4,-2,-1
19769,19769,1503614443056,1,-7,-2,0,-1,1,6,20
19770,19770,1503614443064,3,7,-1,2,0,0,0,10
19771,19771,1503614443079,2,17,12,1,-1,-2,0,7
19772,19772,1503614443087,0,-2,5,-1,1,-1,-2,1
19773,19773,1503614443093,1,-11,-16,0,0,-1,0,5
19774,19774,1503614443109,-1,-1,-8,-1,2,-2,-2,-7
19775,19775,1503614443116,-6,-4,-2,-4,0,1,-5,-12
19776,19776,1503614443124,-7,-2,-3,-1,0,-1,0,-9
19777,19777,1503614443139,0,1,2,-2,1,-1,0,-11
19778,19778,1503614443146,-6,-3,-2,-1,-4,-1,0,-4
19779,19779,1503614443153,-5,-5,-5,-7,-5,-3,-3,-8
19780,19780,1503614443170,6,0,4,1,1,1,2,6
19781,19781,1503614443176,-2,-7,-4,0,-1,4,4,5
19782,19782,1503614443184,-1,-2,9,3,2,-2,-4,-14
19783,19783,1503614443198,-1,-1,2,0,-1,-4,-4,-17
19784,19784,1503614443207,-5,-2,-4,-2,-1,0,-2,-10
19785,19785,1503614443213,-21,-4,-2,-2,-3,-2,-6,-72
19786,19786,1503614443228,-23,-7,-9,-5,-1,1,-2,-7
19787,19787,1503614443237,5,10,14,3,-1,-2,4,13
19788,19788,1503614443238,6,-2,0,-1,-1,0,2,16
19789,19789,1503614443244,6,4,1,0,0,0,0,-3
19790,19790,1503614443259,7,17,17,8,2,-3,-1,15
19791,19791,1503614443266,4,-7,-8,-4,-3,-3,-2,18
19792,19792,1503614443273,5,-1,-2,-1,0,-1,1,14
19793,19793,1503614443288,9,3,2,1,-3,2,8,15
19794,19794,1503614443296,3,0,-5,-4,-3,-4,-1,11
19795,19795,1503614443306,-13,2,-8,1,2,2,0,0
19796,19796,1503614443318,-2,-4,-7,-4,-2,1,-2,-3
19797,19797,1503614443326,-15,-16,-4,-12,-7,-3,-4,-26
19798,19798,1503614443333,0,6,1,1,0,3,1,-2
19799,19799,1503614443348,-4,0,6,5,4,-3,2,14
19800,19800,1503614443356,-4,-10,-1,3,0,-2,0,-3
19801,19801,1503614443364,8,11,3,0,-2,0,-6,-4
19802,19802,1503614443379,7,-5,-22,-8,-5,-2,3,24
19803,19803,1503614443386,15,32,34,9,1,-1,-2,10
19804,19804,1503614443393,-10,-4,7,1,1,0,-1,-11
19805,19805,1503614443409,-2,-11,-16,-3,-1,1,2,22
19806,19806,1503614443416,0,-4,-4,0,1,0,-1,1
19807,19807,1503614443424,-2,-2,0,0,-2,0,-5,-15
19808,19808,1503614443439,-3,-1,1,-1,1,-1,2,6
19809,19809,1503614443447,3,-5,-2,-2,1,-5,-3,-9
19810,19810,1503614443453,3,-1,-2,0,0,0,-4,-11
19811,19811,1503614443469,3,-7,-16,-4,-3,-1,-1,14
19812,19812,1503614443476,2,10,9,5,3,-1,-2,1
19813,19813,1503614443484,-9,-26,-18,-7,0,-1,-4,-15
19814,19814,1503614443498,10,5,7,3,-1,0,-1,3
19815,19815,1503614443509,-8,-6,0,-1,-1,1,4,9
19816,19816,1503614443514,4,0,0,-5,-1,-1,2,10
19817,19817,1503614443528,-1,0,-2,1,2,1,2,0
19818,19818,1503614443537,-6,-1,-2,0,0,0,-4,-7
19819,19819,1503614443545,-2,5,1,-4,-3,0,-3,-7
19820,19820,1503614443558,-4,-8,-4,-4,-4,-1,1,-4
19821,19821,1503614443566,12,16,8,5,-1,0,4,13
19822,19822,1503614443573,-3,-6,-5,-2,-3,-4,-1,0
19823,19823,1503614443589,-1,-9,-5,-1,-1,-4,-2,-4
19824,19824,1503614443596,5,3,-11,1,0,0,0,6
19825,19825,1503614443606,-2,5,3,0,-2,-2,-2,-20
19826,19826,1503614443619,-11,-7,2,-1,2,-1,-5,-9
19827,19827,1503614443626,-3,-2,1,0,-2,0,-1,2
19828,19828,1503614443633,-2,1,2,1,-1,0,1,-12
19829,19829,1503614443649,-2,-4,-1,-6,-3,-2,4,5
19830,19830,1503614443656,9,0,-4,4,2,0,0,4
19831,19831,1503614443664,6,18,18,8,6,4,-3,-4
19832,19832,1503614443679,-9,-4,0,-3,-1,-3,-4,-7
19833,19833,1503614443687,9,-3,-10,-4,-3,-5,3,2
19834,19834,1503614443693,-3,-2,1,-2,-3,-1,-2,-7
19835,19835,1503614443709,-6,-9,-7,-3,-2,-2,-5,-5
19836,19836,1503614443716,0,-7,-6,-4,-3,0,1,10
19837,19837,1503614443725,-1,-7,-10,-7,-3,-3,-5,-8
19838,19838,1503614443740,15,22,10,3,2,4,1,13
19839,19839,1503614443753,-2,-6,4,-1,-2,-2,0,0
19840,19840,1503614443754,-6,-4,-1,-1,-2,-2,-4,-4
19841,19841,1503614443769,-10,-5,-6,0,0,-2,-4,-13
19842,19842,1503614443776,-1,3,-2,0,-1,-2,-3,-2
19843,19843,1503614443784,7,5,3,-2,-2,0,1,5
19844,19844,1503614443798,-6,-3,2,1,1,1,0,-6
19845,19845,1503614443807,-5,-2,-4,1,0,0,-1,-4
19846,19846,1503614443814,-8,-5,-6,-9,0,-1,-8,-7
19847,19847,1503614443828,5,6,0,1,-1,-2,-2,-1
19848,19848,1503614443836,4,2,3,-1,-1,-5,-2,1
19849,19849,1503614443844,-1,-3,-2,0,-2,0,-2,-12
19850,19850,1503614443859,1,13,-5,1,-1,-2,-4,-11
19851,19851,1503614443875,4,-4,-2,-3,-4,1,2,28
19852,19852,1503614443876,-7,-14,-4,-2,-4,-3,3,2
19853,19853,1503614443888,-6,4,-1,0,1,-2,-2,-8
19854,19854,1503614443896,-11,-9,-2,0,1,1,1,-1
19855,19855,1503614443911,27,26,13,6,2,4,2,9
19856,19856,1503614443918,5,6,5,2,-1,-1,4,6
19857,19857,1503614443926,-9,-8,-6,-3,0,-2,-1,2
19858,19858,1503614443941,-12,-10,-2,-2,-4,1,-2,-18
19859,19859,1503614443949,2,2,6,0,3,-1,1,8
19860,19860,1503614443956,-4,-5,-3,0,-1,-1,1,0
19861,19861,1503614443971,-7,1,6,4,1,-1,-3,-11
19862,19862,1503614443978,5,7,-5,-3,-1,2,-1,8
19863,19863,1503614443987,-5,-12,-2,-2,-4,1,1,-3
19864,19864,1503614444000,5,-2,1,0,0,-3,1,8
19865,19865,1503614444009,-7,-7,-5,-2,0,-1,1,-5
19866,19866,1503614444017,5,-5,-1,-3,2,1,3,-4
19867,19867,1503614444031,9,-5,-7,-5,-4,-2,5,16
19868,19868,1503614444038,-1,6,5,2,-3,0,-1,-4
19869,19869,1503614444047,-3,1,4,2,-1,-1,-5,-5
19870,19870,1503614444061,-4,-2,-1,-1,0,-2,0,5
19871,19871,1503614444069,-1,15,0,-5,-1,-2,1,2
19872,19872,1503614444076,-5,-4,-4,-2,-1,-6,0,2
19873,19873,1503614444077,2,-5,-2,0,-2,-2,-4,-2
19874,19874,1503614444091,-6,-2,-5,0,0,1,0,-4
19875,19875,1503614444098,-1,8,7,1,3,0,2,-3
19876,19876,1503614444099,1,-3,-10,-2,-4,-1,-4,5
19877,19877,1503614444108,1,-7,-4,-1,-4,-1,-3,1
19878,19878,1503614444121,-2,-2,2,1,1,-1,4,4
19879,19879,1503614444129,-1,2,-1,0,-1,-3,0,8
19880,19880,1503614444136,-11,-2,-1,-3,-4,-3,-4,-31
19881,19881,1503614444151,-3,0,2,1,2,0,0,0
19882,19882,1503614444158,0,-2,0,0,-3,-2,-1,0
19883,19883,1503614444166,3,14,-2,-1,0,1,-2,-3
19884,19884,1503614444188,0,0,0,-1,-1,-1,-1,4
19885,19885,1503614444189,9,-11,-4,-1,-1,1,4,26
19886,19886,1503614444196,7,10,-13,2,-2,-1,2,10
19887,19887,1503614444211,-9,-11,-7,-3,-2,0,-3,-17
19888,19888,1503614444218,-9,-16,-5,-4,0,-1,0,2
19889,19889,1503614444226,-3,7,10,2,1,1,-1,-13
19890,19890,1503614444242,2,0,3,2,-4,-2,0,9
19891,19891,1503614444249,-3,-6,2,3,1,-4,-6,-13
19892,19892,1503614444256,2,6,5,-3,4,2,5,2
19893,19893,1503614444271,-6,-11,-7,-1,0,-1,-4,-10
19894,19894,1503614444278,-5,2,5,2,0,-1,-6,-18
19895,19895,1503614444279,8,12,5,0,-2,0,-1,12
19896,19896,1503614444286,-3,4,-3,1,2,4,2,-9
19897,19897,1503614444300,-1,-5,2,0,-1,-1,-1,3
19898,19898,1503614444309,-2,-7,-1,0,-6,-2,1,7
19899,19899,1503614444317,1,-1,-1,-3,1,0,-6,-8
19900,19900,1503614444331,4,-3,-3,-6,-3,0,-3,1
19901,19901,1503614444338,-4,-4,0,-3,0,0,1,-7
19902,19902,1503614444348,-4,-1,2,-5,-1,1,1,-6
19903,19903,1503614444360,-1,-3,-3,-1,-1,1,2,4
19904,19904,1503614444368,-1,4,2,2,2,-2,-9,-12
19905,19905,1503614444369,-3,-1,0,0,1,-6,-3,-11
19906,19906,1503614444378,1,-7,-7,-7,-4,-3,-3,-13
19907,19907,1503614444391,1,19,21,7,0,-2,0,6
19908,19908,1503614444398,-4,-3,1,4,4,-1,-1,0
19909,19909,1503614444406,-2,-13,-9,-3,-1,-1,-4,-4
19910,19910,1503614444420,6,6,4,2,-9,-1,0,4
19911,19911,1503614444428,0,-2,0,2,-3,0,1,3
19912,19912,1503614444436,2,-3,1,3,2,2,-8,4
19913,19913,1503614444451,-2,-2,-5,-5,-1,-2,2,2
19914,19914,1503614444458,-12,-2,-4,1,1,-3,-4,-32
19915,19915,1503614444466,22,5,6,2,1,2,11,51
19916,19916,1503614444467,-16,0,0,-4,-2,-1,1,8
20039,20039,1503614445702,10,19,17,6,2,2,6,9
20040,20040,1503614445711,7,-3,-3,1,-2,0,1,-5
20041,20041,1503614445718,-8,-21,-13,-6,-2,-2,-1,4
20042,20042,1503614445734,14,35,29,8,1,5,9,29
20043,20043,1503614445741,-12,-21,-15,-6,-2,-4,-4,-6
20044,20044,1503614445756,-5,-10,-6,-2,5,1,0,-9
20045,20045,1503614445762,0,5,0,0,1,2,-2,-6
20046,20046,1503614445771,-1,0,-3,1,-2,-3,-3,-17
20047,20047,1503614445785,-2,1,3,1,-3,-2,-2,2
20048,20048,1503614445793,-8,1,-1,1,2,-1,-2,-6
20049,20049,1503614445801,-3,-1,-3,1,-1,0,2,16
20050,20050,1503614445818,-2,-3,-2,-2,-2,-3,-1,-6
20051,20051,1503614445823,-1,0,-2,-1,0,-3,-6,-24
20052,20052,1503614445831,2,19,-4,-3,-2,-1,-3,4
20053,20053,1503614445845,12,14,12,4,-1,4,5,4
20054,20054,1503614445853,-8,-8,-9,-8,-4,-2,0,10
20055,20055,1503614445862,-6,5,-3,2,2,-4,-5,-10
20056,20056,1503614445876,-3,-5,3,2,3,1,1,4
20057,20057,1503614445884,-5,-11,-9,-5,1,0,-3,-8
20058,20058,1503614445892,-17,-16,-8,-3,-3,-3,-4,-13
20059,20059,1503614445905,11,-5,-3,-5,-3,-4,-1,9
20060,20060,1503614445913,4,17,13,-1,-2,0,0,-7
20061,20061,1503614445921,-3,14,8,2,0,0,-4,-3
20062,20062,1503614445936,-5,-13,-7,-2,-4,-2,0,1
20063,20063,1503614445942,6,5,0,-4,-1,-2,4,9
20064,20064,1503614445943,-7,5,2,0,-3,0,-7,-19
20065,20065,1503614445951,-4,-10,-8,-3,-4,-3,-3,-19
20066,20066,1503614445965,11,0,-2,1,-1,-2,5,5
20067,20067,1503614445980,-6,2,2,0,1,0,-9,-15
20068,20068,1503614445981,4,8,9,2,3,1,2,7
20069,20069,1503614445997,1,-6,1,6,5,0,0,4
20070,20070,1503614446002,-7,-4,-3,0,0,-1,-6,-15
20071,20071,1503614446011,13,-4,-7,-6,-4,0,3,5
20072,20072,1503614446025,-6,-10,-3,0,0,-3,-4,0
20073,20073,1503614446033,9,-1,-10,-2,-4,0,1,16
20074,20074,1503614446045,2,0,-7,-4,-2,0,7,16
20075,20075,1503614446057,-5,-4,1,0,-2,-4,-3,-1
20076,20076,1503614446062,-11,-9,-3,-5,-3,2,-1,-14
20077,20077,1503614446071,4,1,1,1,-1,-1,0,0
20078,20078,1503614446086,-8,-1,2,3,2,1,-1,-15
20079,20079,1503614446093,5,7,3,-7,-2,-1,-1,-1
20080,20080,1503614446101,-4,3,-9,-3,-1,-2,-3,3
20081,20081,1503614446116,-14,-15,-9,-2,-1,-1,0,2
20082,20082,1503614446123,-8,-17,-7,-2,-2,-2,-2,-2
20083,20083,1503614446131,2,11,10,0,-3,1,-2,-3
20084,20084,1503614446145,-2,-1,2,0,-3,-5,-1,9
20085,20085,1503614446153,14,27,14,6,-1,0,0,-3
20086,20086,1503614446161,0,-5,-8,-4,-4,-1,-1,-2
20087,20087,1503614446176,-4,2,3,1,1,-1,1,3
20088,20088,1503614446182,19,0,0,-2,-1,-1,-3,1
20089,20089,1503614446191,8,-3,-5,-1,0,-3,0,-3
20090,20090,1503614446205,-17,-5,1,-1,2,-1,-2,-4
20091,20091,1503614446213,-6,2,-3,-4,-2,-2,-2,2
20092,20092,1503614446221,20,26,9,9,3,4,11,29
20093,20093,1503614446236,-43,-15,-9,-3,-2,-2,-3,-7
20094,20094,1503614446242,-1,15,5,3,3,1,-2,-4
20095,20095,1503614446252,5,-4,-4,-4,-2,0,3,10
20096,20096,1503614446265,-6,-6,-4,-2,-1,-4,0,-1
20097,20097,1503614446273,-5,-33,-12,-2,0,0,-6,-10
20098,20098,1503614446280,28,-1,-3,-1,-1,2,1,3
20099,20099,1503614446302,-6,-14,-3,-3,-2,-4,-2,-5
20100,20100,1503614446303,-4,-6,-3,-5,-5,-4,-2,-1
20101,20101,1503614446319,-1,-2,0,2,-1,1,-2,-4
20102,20102,1503614446325,-2,-5,-5,-2,-3,-1,0,-2
20103,20103,1503614446333,12,18,0,2,-1,-1,-1,2
20104,20104,1503614446340,-4,-5,-2,-2,0,1,-2,1
20105,20105,1503614446356,9,2,10,3,2,3,2,4
20106,20106,1503614446362,-2,-1,6,0,1,-1,-2,-4
20107,20107,1503614446371,0,18,6,0,-1,0,-2,-4
20108,20108,1503614446387,-5,-4,-9,-7,-3,-2,1,1
20109,20109,1503614446393,0,6,6,6,2,0,0,-1
20110,20110,1503614446401,-15,-23,-12,-6,-4,-4,-5,-13
20111,20111,1503614446416,16,35,26,3,6,0,3,8
20112,20112,1503614446423,3,11,5,3,0,2,-2,4
20113,20113,1503614446431,-3,-29,-22,-5,-4,-2,0,5
20114,20114,1503614446445,-2,6,12,2,0,-3,0,-2
20115,20115,1503614446454,-12,-30,0,-3,-2,-1,-1,-3
20116,20116,1503614446461,9,17,2,0,0,2,0,5
20117,20117,1503614446476,-22,-44,-33,-16,-6,-4,-6,-7
20118,20118,1503614446482,5,47,24,8,3,6,1,-1
20119,20119,1503614446491,12,51,8,3,0,0,3,0
20120,20120,1503614446505,32,24,3,9,6,0,3,6
20121,20121,1503614446513,17,6,3,3,1,-1,-1,4
20122,20122,1503614446521,-21,-55,-30,-13,-4,-8,-5,-7
20123,20123,1503614446536,-10,9,7,1,-1,3,-1,-5
20124,20124,1503614446542,29,55,38,9,4,7,1,3
20125,20125,1503614446550,-3,4,-11,-2,-2,-1,0,2
20126,20126,1503614446551,20,5,24,4,2,0,-1,-2
20127,20127,1503614446565,-13,-31,-24,-7,-3,-3,-3,-3
20128,20128,1503614446573,-41,-22,-12,-5,-4,-3,-3,-5
20129,20129,1503614446580,-2,6,3,2,-3,2,0,-2
20130,20130,1503614446596,24,-14,-15,3,1,-2,-4,2
20131,20131,1503614446602,-1,-18,-5,-1,0,-3,-2,-9
20132,20132,1503614446611,-12,-17,-12,-4,-2,0,-3,-4
20133,20133,1503614446625,-14,-30,-26,-5,-3,-2,-1,6
20134,20134,1503614446633,2,42,26,2,0,1,4,5
20135,20135,1503614446641,-43,1,-16,-4,-3,-2,-5,-14
20136,20136,1503614446656,9,-32,-34,-5,-1,0,-1,-1
20137,20137,1503614446663,1,-5,15,1,-3,-5,0,-4
20138,20138,1503614446671,-22,10,17,3,0,-1,-1,-2
20139,20139,1503614446687,-22,-38,-21,-7,-5,-6,-3,15
20140,20140,1503614446693,6,15,21,2,-1,1,0,1
20141,20141,1503614446707,-6,15,15,1,0,3,-3,-8
20142,20142,1503614446716,11,-5,5,-2,0,4,4,13
20143,20143,1503614446723,14,3,2,1,0,-1,2,8
20144,20144,1503614446738,-15,-32,-32,-7,-2,-3,0,-6
20145,20145,1503614446739,-3,3,0,5,2,0,-1,-12
20146,20146,1503614446745,10,-3,-11,-5,0,-5,0,17
20147,20147,1503614446758,-3,-20,-25,-4,-5,-3,-6,-2
20148,20148,1503614446768,-9,-26,-28,0,2,2,1,-21
20149,20149,1503614446776,3,6,11,0,-1,-4,-3,-22
20150,20150,1503614446782,-46,-22,8,-4,0,1,-2,-5
20151,20151,1503614446798,4,10,7,9,5,3,5,12
20152,20152,1503614446805,17,22,14,3,2,-1,0,-3
20153,20153,1503614446813,-1,-11,-10,-4,-4,-3,0,7
20154,20154,1503614446827,-19,-19,-22,-5,0,3,-1,-6
20155,20155,1503614446828,21,27,23,3,0,2,-2,-3
20156,20156,1503614446836,3,0,2,-3,0,-3,-1,1
20157,20157,1503614446842,-4,-30,-32,-5,-3,-1,-2,-5
20158,20158,1503614446858,-6,-2,-5,-3,-3,-3,-5,-16
20159,20159,1503614446865,1,16,7,-2,-1,-1,-1,-3
20160,20160,1503614446873,4,5,-8,-2,1,1,2,-2
20161,20161,1503614446889,11,7,12,3,2,2,3,1
20162,20162,1503614446896,1,-3,-2,-3,-1,0,0,9
20163,20163,1503614446902,1,-10,-10,-4,-5,-2,-2,0
20164,20164,1503614446918,8,26,29,6,2,3,2,11
20165,20165,1503614446925,5,-4,-1,6,1,1,0,-2
20166,20166,1503614446933,-4,-3,-5,-4,-3,-1,-1,0
20167,20167,1503614446949,3,-3,6,-4,-2,-4,0,-2
20168,20168,1503614446957,-6,-6,-10,-2,-1,-1,-3,-2
20169,20169,1503614446964,-1,2,2,-2,0,1,1,3
20170,20170,1503614446978,0,3,-5,-4,-1,-2,1,-8
20171,20171,1503614446986,-5,-6,-12,1,-4,-4,-4,-5
20172,20172,1503614446994,-2,-11,-11,-2,-3,-1,-3,-4
20173,20173,1503614447009,-1,-10,-7,-6,-3,-1,-2,1
20174,20174,1503614447016,-5,-13,-28,-4,1,-1,-1,-1
20175,20175,1503614447031,-7,0,0,-2,-1,0,-2,3
20176,20176,1503614447038,-5,-9,-3,-3,0,1,-1,-2
20177,20177,1503614447047,-1,1,-1,-2,-2,-2,-3,-5
20178,20178,1503614447057,-1,-21,-26,-1,0,0,0,3
20179,20179,1503614447069,1,3,15,4,-1,-3,2,2
20180,20180,1503614447075,-1,3,9,1,1,-2,-4,-4
20181,20181,1503614447091,-2,-17,-12,-1,1,3,0,8
20182,20182,1503614447099,-14,-4,5,0,-1,-2,-3,-7
20183,20183,1503614447106,-3,-7,-7,-8,-3,-3,0,2
20184,20184,1503614447113,3,-10,-3,-2,-1,0,1,1
20185,20185,1503614447129,1,7,5,0,0,-2,-3,-7
20186,20186,1503614447136,-1,10,12,0,-1,-1,2,3
20187,20187,1503614447150,-1,-3,-7,2,2,3,0,-3
20188,20188,1503614447158,0,-2,3,-1,-3,-4,-2,-2
20189,20189,1503614447166,-1,4,2,-1,-2,0,0,1
20190,20190,1503614447173,20,46,35,10,2,0,3,-4
20191,20191,1503614447191,4,10,5,0,-1,-2,-2,8
20192,20192,1503614447196,-1,-5,-6,-2,-2,-4,-1,0
20193,20193,1503614447211,-1,-4,0,0,-1,-1,-1,-3
20194,20194,1503614447218,0,-6,-6,-3,-1,-2,-2,4
20195,20195,1503614447227,-2,0,-3,-1,2,-1,1,2
20196,20196,1503614447233,-2,-7,-9,-3,-1,0,-2,-2
20197,20197,1503614447249,0,1,-1,0,1,0,0,-1
20198,20198,1503614447258,-6,-6,-3,-2,-2,-1,-2,-1
20199,20199,1503614447271,4,17,14,1,0,0,-1,-1
20200,20200,1503614447278,0,7,1,-2,-2,-2,0,1
20201,20201,1503614447286,-4,5,-7,0,0,-1,-4,-6
20202,20202,1503614447287,13,1,-7,-3,-3,-4,-2,1
20203,20203,1503614447293,-8,-7,-2,-2,-2,0,-2,-2
20204,20204,1503614447309,-2,12,6,2,1,-1,0,-2
20205,20205,1503614447315,3,1,-1,-1,1,0,-1,0
20206,20206,1503614447316,1,-3,-2,-2,-2,0,-1,-2
20207,20207,1503614447331,-1,-9,-4,-3,-3,-3,-1,3
20208,20208,1503614447338,1,1,2,1,-3,-2,0,10
20209,20209,1503614447346,6,8,-1,-1,0,-1,1,-1
20210,20210,1503614447354,-2,-9,-5,-1,-1,2,-1,-6
20211,20211,1503614447368,0,-2,0,0,1,-1,1,2
20212,20212,1503614447369,-6,-4,2,0,-1,-1,-1,-2
20213,20213,1503614447376,-1,2,8,2,2,-2,1,-4
20214,20214,1503614447391,-2,-4,-2,0,-2,0,1,4
20215,20215,1503614447398,-9,-5,-8,-7,-1,-1,-4,-6
20216,20216,1503614447406,-3,3,11,4,0,0,-1,1
20217,20217,1503614447413,-4,-4,2,2,0,1,-1,-2
20218,20218,1503614447429,-2,-4,-8,-2,0,0,-1,-2
20219,20219,1503614447435,5,0,-3,-1,0,-2,-1,2
20220,20220,1503614447451,-4,2,1,-1,-3,0,-1,-3
20221,20221,1503614447458,3,6,-2,-1,0,0,0,-2
20222,20222,1503614447468,-2,-1,-2,-3,-3,-3,-1,-6
20223,20223,1503614447473,4,9,1,1,-1,0,-1,2
20224,20224,1503614447489,1,-5,-4,-2,-2,1,-1,-7
20225,20225,1503614447496,-3,-4,-1,0,-1,0,0,-1
20226,20226,1503614447511,-6,1,2,-3,-2,-3,-3,-4
20227,20227,1503614447518,2,4,-1,-1,0,-1,-2,1
20228,20228,1503614447526,-6,-1,-4,-1,0,-1,0,-5
20229,20229,1503614447533,0,-7,-5,-2,-3,-1,-1,0
20230,20230,1503614447549,-1,-5,-4,0,-2,0,1,4
20231,20231,1503614447556,-5,-7,-3,-2,-2,-2,0,-3
20232,20232,1503614447571,3,-3,-1,0,-2,0,-1,2
20233,20233,1503614447578,-8,-3,0,0,-1,0,0,-1
20234,20234,1503614447594,2,0,1,1,1,-1,0,-1
20235,20235,1503614447609,0,2,-1,2,0,-1,-1,-1
20236,20236,1503614447615,0,-1,-2,0,-1,-1,0,1
20237,20237,1503614447631,0,-4,-1,-3,-1,0,0,-2
20238,20238,1503614447638,1,-4,-2,0,-1,0,-2,-1
20239,20239,1503614447646,0,-1,-1,-1,-2,-2,-3,0
20240,20240,1503614447661,0,-1,1,0,-1,-1,-2,1
20241,20241,1503614447668,-5,-3,1,-2,-2,-1,-2,-1
20242,20242,1503614447669,0,5,-2,-1,1,-1,0,4
20243,20243,1503614447675,2,1,-1,-2,-1,1,0,-3
20244,20244,1503614447693,-1,-5,-4,-3,-2,0,1,1
20245,20245,1503614447698,-3,7,-3,1,-1,1,1,-1
20246,20246,1503614447706,-1,2,-2,0,3,0,-1,0
20247,20247,1503614447721,0,-3,-5,-2,1,-4,-3,-3
20248,20248,1503614447729,-3,-5,1,-2,-3,-1,2,-5
20249,20249,1503614447736,1,3,10,2,3,0,0,3
20250,20250,1503614447751,3,0,2,0,-3,0,-4,-6
20251,20251,1503614447759,-4,-8,-8,-3,-3,-1,-1,3
20252,20252,1503614447760,-5,-6,-3,-2,-2,-1,-3,-8
20253,20253,1503614447766,-2,-3,-4,0,0,-2,-2,1
20254,20254,1503614447780,-2,0,0,-1,-2,-1,0,3
20255,20255,1503614447789,0,-1,-4,-4,-3,-3,-1,1
20256,20256,1503614447796,0,-7,-4,-2,-1,-2,0,-1
20257,20257,1503614447811,1,-1,-1,0,1,0,-3,2
20258,20258,1503614447819,-1,0,-2,-3,-4,-3,-2,-1
20259,20259,1503614447828,2,-3,-4,-2,2,-1,0,0
20260,20260,1503614447848,-6,-12,-9,-3,-3,-2,0,-1
20261,20261,1503614447849,6,10,2,-1,-1,-2,1,0
20262,20262,1503614447856,-1,-5,-3,-2,-1,1,0,3
20263,20263,1503614447871,-5,-2,5,5,0,0,-1,-7
20264,20264,1503614447878,0,-1,-3,0,-3,1,0,-2
20265,20265,1503614447886,-1,11,9,3,0,-2,-2,-2
20266,20266,1503614447901,-1,-4,-6,-1,-1,-2,-1,2
20267,20267,1503614447909,-5,0,5,3,2,1,1,-5
20268,20268,1503614447915,6,6,-1,-4,-1,-3,1,5
20269,20269,1503614447932,-2,2,-10,-3,-1,1,-1,1
20270,20270,1503614447938,4,11,5,5,1,0,-1,-2
20271,20271,1503614447946,-3,-13,-6,-3,1,-1,1,3
20272,20272,1503614447961,-3,0,-1,-2,0,0,-5,-16
20273,20273,1503614447969,5,10,0,-2,-2,-1,0,2
20274,20274,1503614447976,1,4,10,1,2,-3,-1,-2
20275,20275,1503614447992,-1,-11,-5,-3,-3,-2,1,-1
20276,20276,1503614447998,1,15,7,2,-1,2,0,1
20277,20277,1503614448006,-2,-5,-4,-3,-2,-3,-2,3
20278,20278,1503614448021,-4,-7,-3,-3,-1,2,0,-2
20279,20279,1503614448029,-2,-2,2,-1,-1,-1,1,-3
20280,20280,1503614448036,-1,-2,-3,-1,0,-3,0,5
20281,20281,1503614448051,-1,-2,0,-1,0,2,-3,0
20282,20282,1503614448058,1,-4,-2,-1,-2,0,1,2
20283,20283,1503614448068,-4,-6,-4,-3,-1,1,-3,-2
20284,20284,1503614448081,1,-4,-4,-1,-2,-2,-1,5
20285,20285,1503614448089,3,8,16,2,1,-2,1,1
20286,20286,1503614448096,0,-4,-7,-1,-2,2,-2,-1
20287,20287,1503614448111,-2,0,0,1,-3,-4,-1,-2
20288,20288,1503614448118,1,1,3,1,0,-4,-1,1
20289,20289,1503614448128,-4,-4,-6,-2,-2,0,-4,0
20290,20290,1503614448141,-1,-4,-7,-1,1,0,-2,-2
20291,20291,1503614448149,3,-3,5,0,1,-1,2,8
20292,20292,1503614448156,-2,6,2,1,0,-1,2,-1
20293,20293,1503614448171,2,4,2,2,-1,2,-1,0
20294,20294,1503614448178,-8,-8,1,-1,-1,0,-2,-3
20295,20295,1503614448188,-3,-4,-6,0,-1,0,-1,-11
20296,20296,1503614448204,0,2,3,-1,-1,-2,0,-1
20297,20297,1503614448209,1,3,8,1,0,-3,0,-1
20298,20298,1503614448216,-1,-3,-1,-1,0,1,-1,-3
20299,20299,1503614448232,-2,-5,-11,-2,-2,1,-2,2
20300,20300,1503614448238,4,9,-2,1,1,2,0,1
20301,20301,1503614448246,-2,1,-4,-2,-2,-2,-3,-6
20302,20302,1503614448271,-5,-4,-5,-3,-1,-5,2,1
20303,20303,1503614448276,-14,-8,-7,-4,0,2,-1,1
20304,20304,1503614448277,2,-4,0,-2,-2,-3,-1,-5
20305,20305,1503614448291,1,-4,-2,-2,-1,-2,-1,1
20306,20306,1503614448298,-2,4,2,0,-2,1,-2,-3
20307,20307,1503614448306,0,1,-3,-2,-1,0,-3,1
20308,20308,1503614448320,9,27,27,8,4,1,3,13
20309,20309,1503614448329,0,-2,-3,-2,-2,0,1,-11
20310,20310,1503614448336,-7,-15,-10,-3,-3,-3,-3,-2
20311,20311,1503614448351,7,6,8,2,0,0,2,2
20312,20312,1503614448358,-2,-5,-4,-2,-1,0,-3,-4
20313,20313,1503614448366,-4,-4,-6,-1,-1,-2,-3,-8
20314,20314,1503614448380,-8,-7,-4,-3,-1,-1,-1,-1
20315,20315,1503614448389,5,6,-2,-2,0,-3,-1,2
20316,20316,1503614448397,1,-11,-7,0,-1,-2,1,1
20317,20317,1503614448411,1,16,7,4,1,1,2,4
20318,20318,1503614448418,-1,-10,-3,0,-2,1,-4,-12
20319,20319,1503614448426,0,-6,-6,-3,0,-3,0,-3
20320,20320,1503614448441,-2,-1,-6,-3,-1,-1,1,-1
20321,20321,1503614448449,-3,-5,-1,-2,-1,-4,-1,2
20322,20322,1503614448470,7,14,13,3,1,1,2,-2
20323,20323,1503614448472,-1,2,-11,-3,1,1,-2,-2
20324,20324,1503614448478,1,13,14,2,1,1,-1,-1
20325,20325,1503614448486,-1,1,5,2,0,1,-1,-18
20326,20326,1503614448501,2,-8,-6,-4,-2,-3,-1,6
20327,20327,1503614448509,-6,-11,-6,-3,-5,-4,-3,-5
20328,20328,1503614448515,-3,-4,-4,-2,-3,-2,-3,1
20329,20329,1503614448531,3,-9,-8,0,0,0,0,-1
20330,20330,1503614448539,-3,5,7,4,2,2,1,-4
20331,20331,1503614448553,-3,-8,-5,0,-1,-2,-5,-1
20332,20332,1503614448560,-1,-15,-20,-6,-3,-2,2,4
20333,20333,1503614448568,0,-12,0,-3,1,1,2,1
20334,20334,1503614448583,-4,-2,-2,-3,-1,-1,-3,-3
20335,20335,1503614448591,3,9,6,1,-4,-1,-1,0
20336,20336,1503614448598,-7,-1,0,1,0,0,-2,1
20337,20337,1503614448613,1,-7,-3,-1,-2,-1,0,1
20338,20338,1503614448620,-1,17,2,3,2,1,2,-10
20339,20339,1503614448621,1,-8,-5,-3,-1,-1,-1,4
20340,20340,1503614448632,-4,-6,-2,-1,-2,0,-1,6
20425,20425,1503614449453,1,-1,-1,0,-1,-3,1,4
20426,20426,1503614449460,9,4,-3,-1,0,-4,-3,-6
20427,20427,1503614449469,-4,2,-3,-1,-2,-2,-1,5
20428,20428,1503614449483,5,-1,-4,-1,-3,2,2,3
20429,20429,1503614449491,-4,-3,0,-3,-2,-1,0,10
20430,20430,1503614449505,5,-8,-9,-4,-2,0,2,26
20431,20431,1503614449520,-1,1,0,1,-1,-2,0,-14
20432,20432,1503614449521,-9,-11,-3,-1,0,-1,-4,-14
20433,20433,1503614449536,24,8,1,-3,0,-2,-4,-13
20434,20434,1503614449544,-2,-3,-4,-5,-8,-6,-4,-3
20435,20435,1503614449551,-15,-11,-9,-4,1,2,0,-9
20436,20436,1503614449565,11,29,22,6,5,1,0,12
20437,20437,1503614449573,4,-8,-10,-3,-1,-2,-8,-25
20438,20438,1503614449580,-11,-6,-11,2,0,0,-3,0
20439,20439,1503614449595,-4,3,3,3,2,2,4,-3
20440,20440,1503614449603,-9,-2,-6,-6,-3,-3,-7,-15
20441,20441,1503614449611,-12,-2,4,2,-5,-1,-6,-27
20442,20442,1503614449625,0,5,-16,-1,-2,0,3,10
20443,20443,1503614449633,-6,-1,9,1,0,1,-3,2
20444,20444,1503614449641,8,-8,-3,-1,-2,-2,-6,-24
20445,20445,1503614449655,30,29,14,2,2,0,5,18
20446,20446,1503614449663,-3,-8,0,-1,-1,2,-3,-17
20447,20447,1503614449671,-6,-10,-7,-3,-6,-1,-2,2
20448,20448,1503614449685,-7,5,5,1,-1,0,-1,0
20449,20449,1503614449693,-7,-8,-13,-7,-3,-3,-4,21
20450,20450,1503614449706,-1,4,7,-3,-2,-1,6,14
20451,20451,1503614449716,-7,-14,-10,-1,0,-3,-1,-1
20452,20452,1503614449723,19,-2,-1,-2,0,0,5,25
20453,20453,1503614449731,-11,-9,1,-1,-2,-1,2,1
20454,20454,1503614449745,-17,-10,-6,-2,-2,-4,-2,-21
20455,20455,1503614449753,-2,-4,-4,-3,1,0,-3,5
20456,20456,1503614449760,8,0,-1,3,0,-1,-1,-4
20457,20457,1503614449776,3,4,5,2,1,1,1,7
20458,20458,1503614449783,-2,-7,-4,-2,0,-1,0,-3
20459,20459,1503614449791,-2,-5,-1,0,0,-3,0,-7
20460,20460,1503614449805,-11,-19,-7,0,0,-1,-9,-31
20461,20461,1503614449813,3,33,23,4,1,3,-1,-19
20462,20462,1503614449821,-8,-1,3,-2,-2,-1,-1,5
20463,20463,1503614449837,-7,-14,-7,-3,2,-3,-2,-7
20464,20464,1503614449843,8,4,9,4,2,0,8,12
20465,20465,1503614449851,0,4,-7,-1,-1,1,-1,7
20466,20466,1503614449865,-6,-7,-2,0,-1,-3,-9,-6
20467,20467,1503614449874,0,12,3,-1,0,2,3,7
20468,20468,1503614449880,8,6,10,2,0,0,-3,-15
20469,20469,1503614449881,7,4,-7,-5,-1,0,5,13
20470,20470,1503614449895,-7,5,3,0,-2,-3,1,-10
20471,20471,1503614449904,2,0,0,-1,0,1,1,9
20472,20472,1503614449911,-9,-12,-9,-2,-4,-2,-3,4
20473,20473,1503614449925,5,19,17,5,0,0,-3,3
20474,20474,1503614449933,2,2,-4,-3,-3,-3,-3,-6
20475,20475,1503614449941,-6,-7,-7,-3,-2,0,1,12
20476,20476,1503614449955,-7,1,-3,-3,-1,-2,0,0
20477,20477,1503614449963,8,2,7,3,-2,-1,3,2
20478,20478,1503614449971,-2,-9,2,2,-1,-2,-3,5
20479,20479,1503614449985,-21,-5,-5,-4,-2,-2,3,-4
20480,20480,1503614449993,1,9,6,2,0,-3,-5,-6
20481,20481,1503614450000,-5,-13,-9,-5,-1,1,-3,-12
20482,20482,1503614450016,-6,-20,-14,-4,-2,-1,-1,4
20483,20483,1503614450023,-1,9,4,-1,-2,-3,-3,-8
20484,20484,1503614450031,23,27,-2,0,1,0,-2,3
20485,20485,1503614450045,-3,-9,-8,-2,-1,-2,1,4
20486,20486,1503614450053,3,-10,0,-1,0,4,5,12
20487,20487,1503614450060,4,-3,-8,-2,0,-4,-7,-5
20488,20488,1503614450076,4,10,18,5,0,0,2,8
20489,20489,1503614450083,2,-6,-3,0,1,1,-2,16
20490,20490,1503614450091,-9,-10,-7,-5,-3,-2,-4,-17
20491,20491,1503614450107,4,25,6,0,-4,-5,-4,-14
20492,20492,1503614450113,6,-17,-8,-1,-2,0,1,-10
20493,20493,1503614450120,-10,-8,0,-3,-1,-1,-1,-7
20494,20494,1503614450142,1,-2,-4,1,0,1,2,21
20495,20495,1503614450143,9,4,5,3,2,4,-1,8
20496,20496,1503614450151,6,4,3,-3,-1,-1,-1,3
20497,20497,1503614450165,-9,-6,-4,-1,-2,-2,-5,-21
20498,20498,1503614450174,-8,-13,-8,-2,-1,-1,0,-5
20499,20499,1503614450181,3,0,-1,-1,0,-2,3,4
20500,20500,1503614450195,-8,-8,-5,-3,-2,-1,-5,-3
20501,20501,1503614450196,5,-6,-2,1,0,0,-2,-1
20502,20502,1503614450207,-3,-11,-2,-1,-2,1,-1,-12
20503,20503,1503614450211,-8,-8,-4,-3,-2,-4,-2,-9
20504,20504,1503614450225,-4,-14,-4,0,-1,0,-2,-21
20505,20505,1503614450233,3,-4,2,-4,-3,-2,0,-3
20506,20506,1503614450241,13,8,2,0,0,0,-1,13
20507,20507,1503614450255,1,0,-6,-2,-3,-3,-3,0
20508,20508,1503614450263,-5,4,3,0,-2,2,1,5
20509,20509,1503614450273,-1,4,7,0,1,-1,0,13
20510,20510,1503614450285,-6,-2,-6,-2,-1,-3,-1,2
20511,20511,1503614450293,-7,8,5,0,1,0,-2,-8
20512,20512,1503614450300,10,38,8,6,2,1,1,5
20513,20513,1503614450316,-8,-15,-14,-6,-2,-4,0,-20
20514,20514,1503614450323,-8,-3,3,0,-1,-1,-2,-6
20515,20515,1503614450331,-9,1,5,-1,0,-2,-3,-10
20516,20516,1503614450345,2,-11,-3,-2,0,0,0,10
20517,20517,1503614450353,14,11,12,1,0,-1,2,16
20518,20518,1503614450360,-8,-8,-3,-2,-1,0,2,17
20519,20519,1503614450376,2,14,3,-1,-3,-1,0,-6
20520,20520,1503614450383,-1,12,9,1,2,0,-3,-20
20521,20521,1503614450398,-8,-11,-8,0,0,1,-2,-5
20522,20522,1503614450408,-5,-12,-11,-3,-2,-6,-6,-16
20523,20523,1503614450413,-3,-13,-7,0,-2,-1,-2,9
20524,20524,1503614450428,-1,2,3,-2,-1,-1,3,4
20525,20525,1503614450435,13,14,3,2,0,0,2,7
20526,20526,1503614450445,6,-11,-6,-4,-1,2,2,13
20527,20527,1503614450458,-20,-2,6,3,2,-2,-9,-29
20528,20528,1503614450465,-1,-3,-3,-1,-1,-1,0,-3
20529,20529,1503614450474,-1,-9,-5,-2,-1,1,2,1
20530,20530,1503614450487,-1,13,13,2,-1,1,-4,4
20531,20531,1503614450488,5,1,-6,0,0,0,4,0
20532,20532,1503614450495,7,-4,-5,-4,0,2,8,49
20533,20533,1503614450503,2,-10,-2,0,1,-2,1,26
20534,20534,1503614450518,12,0,-4,-1,-2,2,3,21
20535,20535,1503614450525,2,11,5,1,-1,3,-1,0
20536,20536,1503614450533,-3,-3,-4,-2,0,-1,-4,-1
20537,20537,1503614450548,-9,-11,-9,-3,-3,-2,-5,-18
20538,20538,1503614450555,-5,-1,-2,-4,-5,-1,-1,-25
20539,20539,1503614450563,-1,5,5,2,3,-2,-6,-19
20540,20540,1503614450578,-2,4,0,-1,-1,-1,-1,-11
20541,20541,1503614450585,3,-9,6,-3,-4,-2,-1,24
20542,20542,1503614450593,-6,17,11,5,4,0,-1,-20
20543,20543,1503614450608,-7,-2,-4,-3,-1,-3,0,-12
20544,20544,1503614450616,-7,-12,-5,-1,-2,0,-1,-2
20545,20545,1503614450623,0,-4,-2,-1,0,-1,-3,-1
20546,20546,1503614450638,1,0,-4,-2,-1,-3,-1,12
20547,20547,1503614450645,10,12,7,1,0,-4,1,-1
20548,20548,1503614450653,-4,8,7,2,-1,0,-7,-7
20549,20549,1503614450667,-2,-5,-4,-4,-1,0,2,-5
20550,20550,1503614450675,-7,2,1,-3,1,0,-2,-7
20551,20551,1503614450676,7,-9,-9,-1,0,-2,-2,4
20552,20552,1503614450683,-3,5,3,1,-1,-3,0,-3
20553,20553,1503614450698,0,-3,-3,-2,-1,0,-4,4
20554,20554,1503614450709,-1,0,-3,1,-1,-1,-1,-5
20555,20555,1503614450713,-2,-9,-6,-3,-3,1,1,1
20556,20556,1503614450727,-6,-17,-12,-6,-5,-1,-2,1
20557,20557,1503614450735,-1,-5,0,1,2,-2,1,-2
20558,20558,1503614450743,-8,-6,-8,-3,-4,0,-3,-16
20559,20559,1503614450758,1,4,6,1,0,2,2,0
20560,20560,1503614450766,-1,3,1,0,-2,1,1,-4
20561,20561,1503614450776,-1,3,-4,-7,-1,-4,-2,-2
20562,20562,1503614450787,0,7,5,1,3,-1,0,2
20563,20563,1503614450795,-3,-5,-8,-5,-3,0,1,3
20564,20564,1503614450803,7,-1,0,-3,-3,-3,-1,13
20565,20565,1503614450818,-4,-3,2,3,2,-1,-1,-5
20566,20566,1503614450819,0,-4,-1,3,1,-3,0,-6
20567,20567,1503614450825,-2,2,3,2,3,-1,-6,3
20568,20568,1503614450834,0,5,5,3,0,0,-1,3
20569,20569,1503614450847,-3,-2,-3,-2,-2,1,0,2
20570,20570,1503614450856,-2,11,6,0,2,3,0,-2
20571,20571,1503614450863,-2,-3,-2,-3,0,-3,-1,-5
20572,20572,1503614450878,3,8,3,-1,-4,0,-1,-3
20573,20573,1503614450886,0,-4,-1,-3,-3,-2,-2,-12
20574,20574,1503614450893,-4,3,5,4,1,-1,-1,6
20575,20575,1503614450910,4,16,6,2,2,8,5,6
20576,20576,1503614450916,9,4,5,-1,0,1,-4,2
20577,20577,1503614450923,-5,-9,-4,0,-1,0,2,-2
20578,20578,1503614450938,5,-1,0,-1,-1,-2,-1,1
20579,20579,1503614450946,7,1,-4,0,0,0,0,1
20580,20580,1503614450953,-7,-15,-3,-2,-2,-2,-3,-10
20581,20581,1503614450968,-3,5,3,2,0,-2,0,0
20582,20582,1503614450976,-5,-9,-10,-2,-2,-1,-2,-2
20583,20583,1503614450983,-11,-23,-13,-2,-1,-2,0,1
20584,20584,1503614450998,-1,-3,1,-2,-2,-1,0,-3
20585,20585,1503614451005,9,17,8,4,1,-1,-2,2
20586,20586,1503614451013,-5,3,-5,-4,1,-2,-1,-12
20587,20587,1503614451027,-7,-7,-11,-3,-2,-2,-3,-29
20588,20588,1503614451035,3,-5,0,5,2,-3,-2,-1
20589,20589,1503614451044,-4,-3,5,3,2,1,-4,1
20590,20590,1503614451058,-4,-7,0,-2,-2,0,-2,1
20591,20591,1503614451065,-3,-5,-4,-1,-2,0,0,0
20592,20592,1503614451073,-10,-1,-7,-3,-2,0,2,6
20593,20593,1503614451087,8,20,6,-2,-3,-3,0,8
20594,20594,1503614451095,-7,14,7,0,0,-1,0,-4
20595,20595,1503614451103,7,9,13,7,4,3,3,5
20596,20596,1503614451118,1,-15,-9,-3,-2,-2,-1,2
20597,20597,1503614451125,-10,-49,-30,-12,-9,-6,-8,-5
20598,20598,1503614451133,55,89,77,21,9,8,9,19
20599,20599,1503614451147,8,-16,-20,-5,-3,-4,-2,-2
20600,20600,1503614451155,4,-20,-18,-3,1,-1,-1,-10
20601,20601,1503614451163,-2,31,10,-3,-2,2,3,16
20602,20602,1503614451178,-22,-10,-9,-3,-4,-3,-4,6
20603,20603,1503614451185,-9,-23,-11,-4,0,0,3,-2
20604,20604,1503614451193,10,-9,-32,-1,-3,-1,0,-7
20605,20605,1503614451208,-8,15,16,5,0,1,-1,-6
20606,20606,1503614451216,-23,-24,-17,-11,-5,-6,-6,-13
20607,20607,1503614451223,9,1,-2,1,2,0,3,-6
20608,20608,1503614451238,-8,-14,-3,0,0,1,0,-13
20609,20609,1503614451246,1,21,15,1,0,-2,-1,4
20610,20610,1503614451253,5,0,0,-1,-2,0,1,5
20611,20611,1503614451268,-1,-14,-5,-1,-3,-1,-5,-2
20612,20612,1503614451277,17,48,29,6,2,0,2,11
20613,20613,1503614451283,1,-9,-9,-4,-2,-4,1,4
20614,20614,1503614451298,-11,-22,-12,-6,-2,0,-3,-6
20615,20615,1503614451305,0,-4,0,1,0,3,-1,-6
20616,20616,1503614451314,1,-16,-16,-4,-3,-1,3,10
20617,20617,1503614451327,14,30,21,2,-2,1,3,6
20618,20618,1503614451335,15,45,24,9,4,0,8,29
20619,20619,1503614451350,-10,-7,-5,-2,-1,-2,-4,-9
20620,20620,1503614451358,-12,-27,-17,-5,0,-3,-8,1
20621,20621,1503614451365,-4,1,5,1,2,2,-2,-3
20622,20622,1503614451381,-15,-25,-14,-4,-4,-3,-4,-20
20623,20623,1503614451395,-2,-8,-10,-2,-3,-1,-6,-8
20624,20624,1503614451397,-6,22,25,4,1,1,2,-9
20625,20625,1503614451411,7,-2,-7,2,2,-1,4,40
20626,20626,1503614451418,-8,-14,-8,-4,-3,-2,-2,-3
20627,20627,1503614451432,-9,-4,23,4,0,-2,-4,-5
20628,20628,1503614451440,-3,-11,-3,-3,-3,0,-4,-5
20629,20629,1503614451455,18,-5,-18,-4,-4,-3,1,0
20630,20630,1503614451457,4,-15,-17,-3,2,-4,-6,-10
20631,20631,1503614451470,-4,-1,-1,-1,2,2,2,0
20632,20632,1503614451478,-6,-20,-11,-6,-3,-2,-2,0
20633,20633,1503614451486,2,-4,-4,-2,-2,-3,-1,-3
20634,20634,1503614451500,2,-13,-5,-3,-2,-3,0,-2
20635,20635,1503614451507,-1,10,4,-2,-5,-3,0,-6
20636,20636,1503614451516,-7,13,4,3,0,1,0,-12
20637,20637,1503614451530,3,-7,-8,-2,-1,0,-1,-2
20638,20638,1503614451538,10,20,-2,0,-1,-1,0,5
20639,20639,1503614451546,8,-4,-6,-3,0,-1,2,5
20640,20640,1503614451560,-5,-3,1,-1,-2,1,-2,9
20641,20641,1503614451567,-12,2,0,2,1,-2,-2,-6
20642,20642,1503614451575,5,4,-1,0,-2,-2,0,4
20643,20643,1503614451590,-3,-3,2,-1,1,-2,2,1
20644,20644,1503614451598,-7,-5,0,-2,-2,2,0,-17
20645,20645,1503614451605,-4,5,3,-1,-2,0,-3,-3
20646,20646,1503614451621,3,-6,-5,-2,-2,-3,-1,-1
20647,20647,1503614451627,0,3,1,-1,0,2,1,6
20648,20648,1503614451635,-1,-5,0,-2,-1,-2,-5,-3
20649,20649,1503614451650,-5,-4,-2,-1,-1,1,0,-3
20650,20650,1503614451658,4,2,2,0,1,1,2,22
20651,20651,1503614451665,-3,-6,-3,-2,-3,-1,-2,-2
20652,20652,1503614451680,-4,-2,2,-2,0,0,0,-3
20653,20653,1503614451687,-3,-2,1,-1,0,-3,-1,0
20654,20654,1503614451695,-2,-3,-3,-1,-1,0,0,-6
20655,20655,1503614451710,-4,-6,-5,2,0,1,-4,-12
20656,20656,1503614451718,-3,3,5,1,1,0,-1,-10
20657,20657,1503614451725,0,-2,-1,0,0,-2,-1,1
20658,20658,1503614451740,-5,-5,-4,0,1,0,-1,-4
20659,20659,1503614451747,-4,1,0,1,0,-1,-1,-1
20660,20660,1503614451755,-1,-3,-2,1,-2,-3,0,-1
20661,20661,1503614451770,-1,1,-1,-4,-2,1,-1,1
20662,20662,1503614451780,-1,0,0,-1,0,-3,0,1
20663,20663,1503614451788,0,-2,2,0,1,-3,-2,-3
20664,20664,1503614451800,0,2,-3,-2,0,2,-3,2
20665,20665,1503614451807,-4,-5,-15,-6,0,-2,-3,-4
20666,20666,1503614451816,-3,-2,-3,-4,-3,-2,0,5
20667,20667,1503614451830,-4,-2,-9,-2,-2,-2,2,0
20668,20668,1503614451838,-2,-3,-1,1,-1,0,-3,-5
20669,20669,1503614451847,-5,-7,-1,-2,-4,1,-3,-2
20670,20670,1503614451861,2,4,5,2,-2,-1,0,1
20671,20671,1503614451868,2,5,7,3,1,1,0,0
20672,20672,1503614451876,-4,-19,-9,-5,-2,0,-1,-3
20673,20673,1503614451898,3,5,-1,-1,0,-2,-2,-3
20674,20674,1503614451899,-6,-12,-8,-3,-2,2,-1,2
20675,20675,1503614451905,-7,-10,-8,-2,-3,-1,-2,-12
20676,20676,1503614451906,5,10,15,5,1,0,1,4
20677,20677,1503614451921,-2,4,3,1,-1,-2,0,2
20678,20678,1503614451927,-8,-1,-3,-1,2,0,-3,-4
20679,20679,1503614451935,9,7,7,-2,-2,-1,1,10
20680,20680,1503614451952,-6,-20,-12,-5,-4,-3,-2,-3
20681,20681,1503614451958,0,6,0,1,2,-2,-4,-3
20682,20682,1503614451965,-4,-6,-4,-4,-1,-2,-1,-1
20683,20683,1503614451981,0,1,0,2,-1,-3,-4,-3
20684,20684,1503614451987,-2,-4,-2,0,0,-1,-4,-4
20685,20685,1503614451995,-6,-9,-5,-4,2,-2,2,-3
20686,20686,1503614452010,3,17,20,3,-1,0,0,-5
20687,20687,1503614452018,1,34,26,2,0,0,0,-5
20688,20688,1503614452033,-3,-7,-6,-2,2,1,1,14
20689,20689,1503614452041,-8,-17,-14,-4,-1,-2,-2,-5
20690,20690,1503614452049,6,8,5,3,1,1,2,3
20691,20691,1503614452056,1,-1,-2,-3,-1,1,-1,-1
20692,20692,1503614452077,0,-5,-5,1,-4,-1,-1,-1
20693,20693,1503614452078,7,1,-1,3,0,3,2,8
20694,20694,1503614452100,-2,-8,-11,-5,-2,-2,-1,-18
20695,20695,1503614452101,-1,-9,-3,0,0,-1,-4,-6
20696,20696,1503614452108,-2,3,-1,-4,1,-2,1,2
20697,20697,1503614452116,-2,5,6,3,-3,-1,-3,-8
20698,20698,1503614452117,-1,-10,-10,-1,-3,-4,-1,-1
20699,20699,1503614452131,-3,-8,-12,-2,-3,-2,-3,-4
20700,20700,1503614452138,3,11,9,4,2,2,2,10
20701,20701,1503614452154,-4,1,0,2,-1,0,-1,-10
20702,20702,1503614452160,-6,-1,-2,-2,-2,-2,-4,-9
20703,20703,1503614452168,2,20,14,3,3,-1,-2,3
20704,20704,1503614452176,0,-4,-7,-1,0,0,-1,-8
20705,20705,1503614452191,0,-7,-3,-1,-2,-1,1,0
20706,20706,1503614452198,4,3,2,-3,-2,0,0,4
20707,20707,1503614452215,-2,-3,-1,2,0,0,1,0
20708,20708,1503614452221,-3,-3,-5,-1,-2,-1,0,-5
20709,20709,1503614452228,-1,-4,-4,-4,-1,1,0,4
20710,20710,1503614452235,-1,-5,-1,-2,-2,-1,-1,-1
20711,20711,1503614452251,1,8,10,1,-2,-1,-3,-2
20712,20712,1503614452259,-8,-15,-6,-2,-3,0,-4,-3
20713,20713,1503614452273,8,21,9,1,-1,-5,0,-2
20714,20714,1503614452282,-1,0,-2,-2,-1,-3,-3,-3
20715,20715,1503614452289,-3,4,7,2,0,0,-3,8
20716,20716,1503614452303,-2,-1,-1,-6,-3,0,1,-6
20717,20717,1503614452311,1,5,3,0,0,-1,2,-2
20718,20718,1503614452318,1,1,1,5,1,-1,0,1
20719,20719,1503614452333,-3,-9,0,-2,0,2,-2,-1
20720,20720,1503614452340,10,17,17,5,6,5,4,19
20721,20721,1503614452350,-1,-17,-9,-3,-5,-3,-6,-1
20722,20722,1503614452363,-7,-10,-8,-2,-3,-2,-2,-3
20723,20723,1503614452371,10,6,4,0,2,2,8,2
20724,20724,1503614452378,-1,3,-3,-3,-3,-3,-1,4
20725,20725,1503614452394,-10,-19,-13,-1,-2,-2,-1,-2
20726,20726,1503614452400,-3,-1,-3,-1,0,0,0,-3
20727,20727,1503614452409,-1,0,-3,0,-4,0,-2,0
20728,20728,1503614452423,-3,-4,-3,-2,0,2,-2,-5
20729,20729,1503614452431,-1,0,-3,3,2,-3,-1,-1
20730,20730,1503614452438,-6,-12,-4,-1,-1,-1,-2,-5
20731,20731,1503614452453,-1,-2,-3,-3,-3,1,0,3
20732,20732,1503614452460,3,2,2,1,0,0,0,-1
20733,20733,1503614452468,0,-5,2,1,1,0,1,4
20734,20734,1503614452484,-2,-3,-3,-2,-3,-1,1,0
20735,20735,1503614452491,-4,0,-3,-3,-2,0,-1,-5
20736,20736,1503614452498,2,4,0,-1,0,-2,0,9
20737,20737,1503614452513,-1,-2,1,3,-1,-1,-1,1
20738,20738,1503614452521,-1,1,1,0,-2,-1,-2,-5
20739,20739,1503614452528,-3,-1,-2,-2,0,1,-1,-10
20740,20740,1503614452543,0,0,-2,0,0,1,3,-3
20741,20741,1503614452551,-6,-2,-2,-2,-1,-1,-3,1
20742,20742,1503614452558,-2,-1,6,1,1,-1,-4,-1
20743,20743,1503614452573,-11,-28,-27,-11,-4,-5,1,-14
20744,20744,1503614452580,4,0,6,4,2,1,0,-3
20745,20745,1503614452589,-10,-5,6,0,-1,0,-5,-9
20746,20746,1503614452603,7,17,-12,-5,-4,-3,0,0
20747,20747,1503614452611,3,-6,-5,1,-2,-1,-1,-4
20748,20748,1503614452626,-1,-7,0,-5,-5,-3,2,25
20749,20749,1503614452627,-1,4,6,5,0,-3,-5,-5
20750,20750,1503614452633,14,31,37,10,6,-1,3,14
20751,20751,1503614452641,-9,-11,1,-2,-2,1,-4,-5
20752,20752,1503614452651,4,7,-3,-2,-2,0,-5,0
20753,20753,1503614452663,0,-7,-16,-6,0,-2,3,5
20754,20754,1503614452671,-3,0,1,0,0,0,1,1
20755,20755,1503614452678,4,-21,-20,0,-2,-2,1,13
20756,20756,1503614452694,-4,0,-4,-5,-2,-1,-1,2
20757,20757,1503614452700,-13,-22,-15,-12,-3,-1,-3,-11
20758,20758,1503614452708,3,1,2,-1,-1,-2,0,3
20759,20759,1503614452723,6,19,18,3,1,-2,-1,-2
20760,20760,1503614452731,5,4,-3,3,2,-1,-2,3
20761,20761,1503614452738,-8,-4,1,-1,-2,0,-4,-1
20762,20762,1503614452753,13,18,25,10,1,2,6,21
20763,20763,1503614452761,-4,4,4,-2,-2,-2,-1,-6
20764,20764,1503614452768,-9,-17,-15,-7,-4,-4,-4,-10
20765,20765,1503614452787,6,8,7,2,0,2,1,2
20766,20766,1503614452791,-2,-2,-9,-6,-3,-1,-1,-6
20767,20767,1503614452798,-5,-7,-3,-3,1,-1,-3,-10
20768,20768,1503614452813,3,24,19,6,1,2,3,2
20769,20769,1503614452821,1,1,3,1,0,0,0,4
20770,20770,1503614452829,-3,-9,-11,-3,0,-2,-2,-3
20771,20771,1503614452843,-1,20,0,0,-2,0,-2,-6
20772,20772,1503614452853,-9,-3,-6,0,-1,2,1,-27
20773,20773,1503614452859,6,-1,-5,0,-3,-5,-1,2
20774,20774,1503614452873,2,1,2,-2,-1,-4,-1,-2
20775,20775,1503614452874,-5,-10,-5,-2,-2,-7,-6,-6
20776,20776,1503614452881,2,-2,5,0,1,2,7,13
20777,20777,1503614452889,4,-11,-4,-2,1,0,0,14
20778,20778,1503614452903,-4,-2,-2,1,-1,-1,-5,-6
20779,20779,1503614452911,-2,-15,-13,-4,-1,1,0,0
20780,20780,1503614452920,-3,3,10,2,0,-1,0,-2
20781,20781,1503614452933,0,-3,1,-3,-4,-4,-1,4
20782,20782,1503614452940,-3,-9,-4,-2,-1,1,-1,-1
20783,20783,1503614452948,-2,5,3,0,0,2,1,-3
20784,20784,1503614452963,-1,-4,-4,0,0,0,-2,-5
20785,20785,1503614452971,-5,-3,-11,-9,-2,-3,-3,-10
20786,20786,1503614452978,2,4,3,-2,-1,-2,-4,0
20787,20787,1503614452994,-2,1,-4,1,1,-1,-3,-2
20788,20788,1503614453000,13,9,3,0,-2,1,3,17
20789,20789,1503614453009,-5,-3,-5,0,-2,-1,0,9
20790,20790,1503614453023,-14,-12,-12,-9,-1,-1,-3,-14
20791,20791,1503614453031,12,3,6,0,0,0,-3,-15
20792,20792,1503614453038,-4,-2,-3,-8,-5,-4,-5,-8
20793,20793,1503614453054,-4,-7,-10,-5,-3,1,3,-6
20794,20794,1503614453061,3,13,-2,4,1,-1,2,-6
20795,20795,1503614453068,-4,-11,-5,1,-1,-1,-2,7
20796,20796,1503614453083,-5,-12,-6,0,-2,-2,-3,-5
20797,20797,1503614453092,5,8,9,0,-2,-1,1,11
20798,20798,1503614453098,-10,-4,1,0,0,0,1,-9
20799,20799,1503614453113,-6,-1,-2,0,1,0,-1,-15
20800,20800,1503614453121,-1,1,-3,0,1,3,2,8
20801,20801,1503614453129,1,6,2,2,3,-1,-4,0
20802,20802,1503614453143,-14,-18,-12,-4,-2,-3,0,-6
20803,20803,1503614453153,8,-7,-4,-1,-1,0,4,25
20804,20804,1503614453158,-3,-9,-6,-3,0,-2,-2,12
20805,20805,1503614453173,-5,8,5,3,-1,1,-1,-17
20806,20806,1503614453180,-1,-8,-1,-2,-1,-1,-1,1
20807,20807,1503614453195,-2,5,0,-2,-1,2,-1,-28
20808,20808,1503614453203,13,10,6,0,-1,-1,-4,0
20809,20809,1503614453211,-11,-5,0,0,-1,-3,-4,-5
20810,20810,1503614453226,3,7,6,0,-2,-2,-1,-6
20811,20811,1503614453233,-6,-9,-5,-2,-3,-2,0,-1
20812,20812,1503614453240,9,5,4,0,-2,-2,-3,5
20813,20813,1503614453256,15,6,1,-3,0,-2,-2,16
20814,20814,1503614453266,-5,-4,3,6,2,6,2,-7
20815,20815,1503614453271,-5,-5,-3,-3,-4,-5,0,1
20816,20816,1503614453287,-9,-6,2,1,-1,-4,0,-5
20817,20817,1503614453288,-1,8,5,2,1,-1,-4,-8
20818,20818,1503614453294,-1,-1,4,4,2,2,-3,9
20819,20819,1503614453300,6,3,0,-3,-1,-1,2,4
20820,20820,1503614453315,-3,4,4,1,0,1,-2,-1
20821,20821,1503614453324,-16,-25,-16,-3,-2,-1,-2,-6
20822,20822,1503614453331,3,6,15,4,1,-2,1,2
20823,20823,1503614453345,-5,-8,-1,1,2,0,1,2
20824,20824,1503614453356,8,4,-3,-1,0,-1,0,10
20825,20825,1503614453361,6,3,-2,-4,2,-2,1,3
20826,20826,1503614453375,0,-10,-14,-6,-2,-3,3,22
20827,20827,1503614453383,7,3,4,4,-3,-3,-1,2
20828,20828,1503614453391,-6,-5,-2,-1,-2,1,-2,-13
20829,20829,1503614453406,7,19,-9,-3,-3,-1,-1,3
20830,20830,1503614453413,-6,-9,-11,-2,-2,0,-3,-5
20831,20831,1503614453422,-8,-14,-19,-12,-5,-3,0,-3
20832,20832,1503614453436,8,8,-1,-1,1,-2,2,-2
20833,20833,1503614453443,-3,-3,2,1,1,-3,-3,-1
20834,20834,1503614453451,-17,-1,0,-3,-2,-2,-1,-6
20835,20835,1503614453466,4,2,6,-1,-3,-1,1,1
20836,20836,1503614453474,-7,-1,0,0,0,-2,0,-7
20837,20837,1503614453480,2,5,2,-1,-1,0,2,1
20838,20838,1503614453495,5,-5,-5,-2,-2,-1,-2,-11
20839,20839,1503614453496,-3,-8,-2,0,-1,0,0,6
20840,20840,1503614453503,2,5,10,4,-2,-1,1,-5
20841,20841,1503614453511,1,-1,-1,-1,-4,-1,-3,-4
20842,20842,1503614453526,-5,3,2,3,1,1,0,-5
20843,20843,1503614453533,4,1,-1,0,-2,0,-1,1
20844,20844,1503614453540,-4,-6,-1,1,1,1,-1,-3
20845,20845,1503614453556,14,10,6,2,1,1,6,7
20846,20846,1503614453563,0,0,6,0,-3,-3,1,11
20847,20847,1503614453571,-1,-4,-3,1,2,-3,-5,-9
20848,20848,1503614453594,-3,0,0,-1,-1,0,-5,-22
20849,20849,1503614453600,-6,-3,-1,1,-3,0,-4,2
20850,20850,1503614453615,4,-2,-3,-1,-2,1,2,4
20851,20851,1503614453623,3,0,-1,0,1,-1,2,-5
20852,20852,1503614453631,-5,-3,0,-2,-2,0,-1,16
20853,20853,1503614453646,-6,-8,-4,-1,1,-1,1,12
20854,20854,1503614453653,10,13,7,0,-2,-3,1,-4
20855,20855,1503614453654,-2,-1,-3,-4,-3,-1,3,21
20856,20856,1503614453660,-7,-5,-5,1,0,-1,-3,3
20857,20857,1503614453675,-4,5,-2,-1,1,1,-1,-7
20858,20858,1503614453683,3,8,6,0,-2,-2,1,-4
20859,20859,1503614453698,6,-2,-1,-1,-3,-6,-5,-7
20860,20860,1503614453705,5,9,-1,1,1,0,1,4
20861,20861,1503614453713,2,4,7,0,1,5,1,-7
20862,20862,1503614453723,11,1,-4,0,-2,1,-4,-15
20863,20863,1503614453735,-6,-12,-8,-5,-3,-4,-3,-13
20864,20864,1503614453743,-17,-16,-2,2,1,-1,-6,6
20865,20865,1503614453751,15,8,5,4,-2,0,4,21
20866,20866,1503614453765,-8,-5,-6,-6,-2,0,1,-1
20867,20867,1503614453773,3,19,10,0,2,0,1,-6
20868,20868,1503614453780,17,3,3,-3,-2,0,-1,4
20869,20869,1503614453796,-9,-14,-8,0,-1,1,-3,-7
20870,20870,1503614453803,-12,-6,-5,-3,0,-3,-4,-22
20871,20871,1503614453811,-2,8,-1,-2,1,-2,-3,-6
20872,20872,1503614453826,-3,3,1,-1,-4,-1,1,8
20873,20873,1503614453833,-2,1,-5,-2,2,2,-1,-10
20874,20874,1503614453840,9,-2,-1,-2,-2,0,3,22
20875,20875,1503614453859,4,14,17,5,2,-1,1,1
20876,20876,1503614453863,3,-8,-10,-4,1,0,3,12
20877,20877,1503614453871,-8,-6,-5,-2,-3,-3,-3,-8
20878,20878,1503614453885,-7,11,6,2,1,-1,-6,-20
20879,20879,1503614453901,1,16,5,-1,-2,-3,0,-9
20880,20880,1503614453915,0,-12,-15,-2,-2,0,4,20
20881,20881,1503614453925,-2,-8,-4,1,1,0,-1,10
20882,20882,1503614453931,-1,-18,-15,-4,-2,-2,0,9
20883,20883,1503614453945,-4,-4,9,0,0,0,-5,-9
20884,20884,1503614453953,1,-7,4,1,1,-2,4,6
20885,20885,1503614453961,6,9,10,2,-2,0,-1,3
20886,20886,1503614453976,8,7,0,-2,-2,1,-3,-5
20887,20887,1503614453983,-4,-8,-4,-1,2,-2,-2,-4
20888,20888,1503614454000,-3,1,3,0,-4,0,5,14
20889,20889,1503614454005,-1,-3,-11,-3,-1,-1,-1,-8
20890,20890,1503614454013,-1,3,-1,-1,-1,-1,-2,-32
20891,20891,1503614454020,6,6,2,2,0,0,-1,-2
20892,20892,1503614454035,6,-5,1,-3,-1,-4,-1,18
20893,20893,1503614454043,-6,-6,5,2,2,1,0,-6
20894,20894,1503614454051,-1,-2,0,1,-1,2,-3,-3
20895,20895,1503614454065,-7,-7,-4,-3,-1,2,1,-11
20896,20896,1503614454073,3,0,-2,1,-3,-1,2,10
20897,20897,1503614454080,-3,-4,-7,2,-2,0,4,11
20898,20898,1503614454096,-10,-10,-8,-2,0,0,-2,-12
20899,20899,1503614454103,0,-16,-2,-5,-3,-1,-2,-6
20900,20900,1503614454111,-17,2,0,0,0,-1,-5,-20
20901,20901,1503614454126,-9,-2,-1,-1,-2,-3,-4,-12
20902,20902,1503614454133,3,8,-1,-3,-1,-4,-2,-16
20903,20903,1503614454148,7,11,7,0,-1,0,-1,4
20904,20904,1503614454157,4,5,0,-3,-1,-1,0,8
20905,20905,1503614454163,2,14,10,5,2,1,-1,3
20906,20906,1503614454178,-7,-6,5,-3,-3,-2,-1,-16
20907,20907,1503614454185,0,-6,-4,-6,-4,-4,3,12
20908,20908,1503614454194,-6,2,0,0,-2,-1,-1,11
20909,20909,1503614454215,2,0,-5,1,1,0,6,22
20910,20910,1503614454216,-8,3,-1,-1,-1,-1,-3,-4
20911,20911,1503614454225,0,-20,-13,-3,0,1,1,10
20912,20912,1503614454238,11,39,18,7,3,2,-2,15
20913,20913,1503614454245,1,0,1,-2,1,-2,0,-8
20914,20914,1503614454254,7,21,15,-1,0,0,-1,-3
20915,20915,1503614454271,-5,3,3,0,-3,-1,-1,-8
20916,20916,1503614454276,-3,-13,-8,0,-4,-1,0,-5
20917,20917,1503614454283,-10,-12,-11,-4,0,1,-4,-19
20918,20918,1503614454298,4,3,-10,-5,-2,1,1,-4
20919,20919,1503614454306,1,-16,-12,-5,-1,-5,-3,2
20920,20920,1503614454313,4,-32,-17,-2,-1,-3,3,33
20921,20921,1503614454328,8,7,4,-2,-2,-2,-1,11
20922,20922,1503614454336,4,-1,6,4,3,0,-2,-2
20923,20923,1503614454343,-3,-1,-8,-5,-3,-1,2,-8
20924,20924,1503614454360,-3,-7,-5,-3,0,-2,-5,-15
20925,20925,1503614454366,11,20,6,4,4,1,4,22
20926,20926,1503614454373,0,13,8,4,2,1,-1,-4
20927,20927,1503614454388,-6,4,13,2,1,-1,-4,-16
20928,20928,1503614454396,-4,-9,-6,-3,0,1,0,1
20929,20929,1503614454397,4,3,-5,-1,-1,-3,-1,3
20930,20930,1503614454403,-5,0,-5,-1,-3,-2,-4,-1
20931,20931,1503614454418,-2,-6,0,-1,1,3,1,-4
20932,20932,1503614454428,8,5,6,-1,0,-2,-1,-2
20933,20933,1503614454435,-8,-36,-16,-5,-4,-2,-2,-1
20934,20934,1503614454448,-8,-10,-2,3,1,0,0,15
20935,20935,1503614454456,2,5,4,0,-1,0,0,-7
20936,20936,1503614454464,-15,-4,1,0,0,2,-3,-23
20937,20937,1503614454478,-9,-12,-8,-5,-3,-4,-3,0
20938,20938,1503614454485,7,7,0,2,-1,0,3,-2
20939,20939,1503614454494,7,21,19,2,-1,-4,-7,-16
20940,20940,1503614454508,-7,5,3,-4,-2,-2,-2,0
20941,20941,1503614454516,0,21,-3,-1,2,-2,4,7
20942,20942,1503614454523,-3,-9,-2,-2,-4,1,-4,-9
20943,20943,1503614454538,-3,-18,-12,-3,-1,0,2,25
20944,20944,1503614454545,-1,12,9,-2,-1,-3,-6,-11
20945,20945,1503614454553,0,15,6,2,-1,0,2,-12
20946,20946,1503614454569,4,-1,-5,1,-2,0,0,-1
20947,20947,1503614454576,-9,-13,-2,-4,0,0,-3,-7
20948,20948,1503614454583,-6,-8,-3,0,0,-3,-3,-8
20949,20949,1503614454598,4,-3,-8,0,-1,0,1,8
20950,20950,1503614454605,-2,-5,-7,-1,0,-1,1,0
20951,20951,1503614454613,-4,-13,-8,-5,-3,-5,-4,-5
20952,20952,1503614454614,5,-8,-1,0,0,-1,4,17
20953,20953,1503614454633,1,-11,-12,0,3,2,7,11
20954,20954,1503614454637,-8,-12,-7,-5,-4,0,-1,-4
20955,20955,1503614454643,7,1,1,1,-5,0,3,18
20956,20956,1503614454658,-1,-4,1,2,-2,-1,-4,-9
20957,20957,1503614454666,2,7,5,-3,1,1,0,-3
20958,20958,1503614454674,-3,2,1,-1,-1,-1,-2,-11
20959,20959,1503614454688,6,35,19,6,2,1,-3,-2
20960,20960,1503614454699,-5,-4,-3,-4,-2,-3,-2,10
20961,20961,1503614454703,-9,-21,-11,-5,-3,-2,-1,-6
20962,20962,1503614454718,1,-5,0,2,1,-1,-4,-8
20963,20963,1503614454725,2,-10,-8,-1,2,1,5,9
20964,20964,1503614454734,1,-2,0,2,1,-1,1,5
20965,20965,1503614454748,-6,4,0,1,3,-2,-4,-15
20966,20966,1503614454756,-8,-2,-1,-1,1,-1,4,0
20967,20967,1503614454767,-1,-11,-8,-5,-7,0,-2,-2
20968,20968,1503614454778,0,-1,0,0,0,0,-2,-4
20969,20969,1503614454785,-7,-8,-4,0,1,-1,-2,-23
20970,20970,1503614454797,2,21,9,4,2,0,0,-3
20971,20971,1503614454808,0,-5,2,3,1,-1,-5,1
20972,20972,1503614454816,-6,-7,-5,-5,0,0,0,-12
20973,20973,1503614454823,-7,-21,-9,-3,-4,-1,-1,4
20974,20974,1503614454838,-1,-4,-5,-4,-2,-3,-2,-3
20975,20975,1503614454845,3,-4,-6,-5,-2,-1,-3,0
20976,20976,1503614454853,2,14,4,-3,-6,-2,-2,0
20977,20977,1503614454868,4,5,0,1,0,-3,1,5
20978,20978,1503614454876,-7,-9,-5,-4,1,-2,-6,-2
20979,20979,1503614454883,10,8,7,1,-2,-5,-13,-17
20980,20980,1503614454898,2,9,2,2,-1,1,-1,0
20981,20981,1503614454906,1,0,0,-2,-5,-1,10,39
20982,20982,1503614454913,1,7,7,2,-2,-4,-2,-1
20983,20983,1503614454932,0,22,13,2,1,1,5,-4
20984,20984,1503614454937,-11,-5,-2,-5,-4,1,4,3
20985,20985,1503614454943,-1,-7,-1,2,1,-5,-5,-1
20986,20986,1503614454958,0,-11,-9,-1,2,1,-1,-4
20987,20987,1503614454965,-11,-12,-7,-3,1,1,-1,-1
20988,20988,1503614454973,17,6,3,0,0,-4,3,25
20989,20989,1503614454988,14,36,22,5,1,3,3,7
20990,20990,1503614455000,-10,-8,0,0,-1,1,-2,-8
20991,20991,1503614455003,-6,-4,-4,-3,-2,-1,2,6
20992,20992,1503614455018,-11,16,8,3,1,0,-4,-3
20993,20993,1503614455025,-6,-12,-10,0,-1,2,0,-14
20994,20994,1503614455034,3,-17,-6,-1,-2,0,1,-3
20995,20995,1503614455048,1,6,-1,-5,-2,-3,-3,-5
20996,20996,1503614455056,3,-6,-7,0,-1,1,2,2
20997,20997,1503614455064,-6,-12,-6,0,0,-3,-3,-31
20998,20998,1503614455078,11,36,9,3,2,2,1,3
20999,20999,1503614455086,2,-2,-1,-3,-2,-2,-1,3
21000,21000,1503614455100,8,30,28,6,1,-2,-2,-3
21001,21001,1503614455108,-3,-2,-3,0,0,0,-4,-5
21002,21002,1503614455116,-2,-22,-13,-4,-2,-1,3,12
21003,21003,1503614455131,3,4,-3,-3,-2,0,-2,-13
21004,21004,1503614455132,13,0,10,3,3,1,-1,10
21005,21005,1503614455138,22,12,11,1,-2,0,0,9
21006,21006,1503614455145,-7,-15,-18,-6,-6,-4,0,5
21007,21007,1503614455161,1,10,-4,0,-3,-2,-5,-12
21008,21008,1503614455169,2,2,-2,-1,-1,-1,1,11
21009,21009,1503614455176,8,-10,-7,-5,-1,-2,-2,-13
21010,21010,1503614455190,-6,-3,1,-1,-3,-1,-3,-13
21011,21011,1503614455198,-14,19,7,5,1,2,4,7
21012,21012,1503614455199,2,-19,-12,-4,-2,0,-2,5
21013,21013,1503614455207,2,28,27,7,2,5,2,10
21014,21014,1503614455221,-13,-5,-6,-3,-1,-3,-3,-2
21015,21015,1503614455231,-1,-12,-13,-6,-2,1,1,-1
21016,21016,1503614455237,-10,-11,-1,2,2,-1,2,7
21017,21017,1503614455250,9,-4,-3,-3,-3,-5,-3,-14
21018,21018,1503614455258,1,-2,-4,0,-1,-1,-1,-1
21019,21019,1503614455272,-3,-7,-5,-2,1,3,1,5
21020,21020,1503614455280,-7,-9,-8,-2,0,-2,-2,-13
21021,21021,1503614455295,12,17,2,-3,-2,-3,-1,-2
21022,21022,1503614455298,-2,11,9,0,-3,-2,-4,-9
21023,21023,1503614455310,-13,-11,-6,-2,-3,-2,-3,-4
21024,21024,1503614455318,-8,-13,-6,-5,-2,-1,1,0
21025,21025,1503614455325,-9,-20,-9,1,-2,0,1,0
21026,21026,1503614455340,-3,-8,0,0,1,1,-1,1
21027,21027,1503614455348,8,6,-1,-1,0,-1,2,4
21028,21028,1503614455356,2,4,2,0,-3,1,-1,-5
21029,21029,1503614455370,-7,-8,-3,3,-1,3,-2,-2
21030,21030,1503614455378,0,-10,-10,-5,-1,0,0,-5
21031,21031,1503614455385,-2,3,2,-1,1,-3,-4,-2
21032,21032,1503614455401,-9,0,-1,-1,0,-3,-6,-12
21033,21033,1503614455408,-2,0,-2,2,2,0,0,-2
21034,21034,1503614455416,-3,-6,3,0,-2,-3,-5,0
21035,21035,1503614455433,-3,-3,-3,-5,-3,-4,-1,4
21036,21036,1503614455438,3,5,-1,0,2,2,2,6
21037,21037,1503614455445,-1,-11,-4,-3,-2,-3,-5,-2
21038,21038,1503614455446,4,19,7,1,0,3,0,0
21039,21039,1503614455460,3,-7,-7,1,-2,-3,1,5
21040,21040,1503614455468,1,-6,-7,1,1,-1,1,-3
21041,21041,1503614455476,-11,-2,-3,0,2,2,0,0
21042,21042,1503614455490,2,1,5,-2,-2,-4,-4,-3
21043,21043,1503614455499,6,7,6,3,0,1,-1,-2
21044,21044,1503614455508,-2,0,2,1,1,2,3,-2
21045,21045,1503614455520,-3,-4,-2,-2,0,0,-2,1
21046,21046,1503614455528,-5,2,1,0,2,-3,-8,-12
21047,21047,1503614455536,-4,-6,-7,-3,-1,-5,-3,-3
21048,21048,1503614455550,-3,-2,-1,-1,-2,-7,-1,8
21049,21049,1503614455558,-1,3,2,1,-2,-3,-1,-6
21050,21050,1503614455567,2,-4,-5,-8,-8,-10,2,12
21051,21051,1503614455580,1,2,4,12,18,79,4,-5
21052,21052,1503614455588,-2,-7,-6,-4,-1,11,2,-2
21053,21053,1503614455599,0,-4,0,-6,-14,-17,-2,13
21054,21054,1503614455610,-4,3,7,13,4,-12,-14,-9
21055,21055,1503614455618,-4,-7,-9,-9,-8,-26,-6,7
21056,21056,1503614455625,-3,-1,-2,-4,0,-1,5,7
21057,21057,1503614455641,-8,-3,1,0,2,-7,-5,-6
21058,21058,1503614455648,2,0,-2,0,0,0,0,9
21059,21059,1503614455656,2,0,2,-1,-2,-8,4,3
21060,21060,1503614455670,-19,-9,-8,-2,0,1,-4,-36
21061,21061,1503614455678,14,34,16,3,2,-11,-2,-4
21062,21062,1503614455685,0,1,0,2,-1,3,-2,8
21063,21063,1503614455701,-3,-7,-5,-1,-2,-6,-2,-21
21064,21064,1503614455709,12,5,-2,-4,-3,-1,1,-9
21065,21065,1503614455716,-11,1,-11,-9,-2,-5,-2,-40
21066,21066,1503614455733,6,4,4,7,3,4,5,35
21067,21067,1503614455738,0,-9,-5,-3,-1,2,1,14
21068,21068,1503614455745,-4,1,0,-2,-2,-2,-1,-5
21069,21069,1503614455760,-2,-8,-1,2,1,-2,-3,5
21070,21070,1503614455768,1,-9,-8,-2,0,1,-3,5
21071,21071,1503614455776,0,0,-1,-3,0,-1,2,5
21072,21072,1503614455790,-8,-4,2,-1,-2,-2,-3,-17
21073,21073,1503614455800,3,-5,-4,-6,-4,-1,1,4
21074,21074,1503614455801,-2,-26,-19,-7,-2,-4,-1,5
21075,21075,1503614455806,-3,10,22,7,5,2,5,-9
21076,21076,1503614455820,7,-4,1,2,0,0,7,32
21077,21077,1503614455828,-2,-5,-4,0,-2,-3,-2,-10
21078,21078,1503614455836,-4,-9,-7,-3,0,1,0,-2
21079,21079,1503614455850,2,3,1,-2,-1,1,-2,2
21080,21080,1503614455858,-1,6,1,0,0,-3,0,-9
21081,21081,1503614455869,7,-1,-4,-2,-2,-2,-1,1
21082,21082,1503614455880,-1,6,4,2,0,4,-1,-10
21083,21083,1503614455888,-5,-3,-6,-5,-3,-4,-1,2
21084,21084,1503614455896,-3,5,9,5,1,-2,-2,-4
21085,21085,1503614455910,2,-2,-2,-2,1,-4,2,9
21086,21086,1503614455918,2,3,7,1,0,1,1,-1
21087,21087,1503614455925,-3,4,10,3,2,1,-3,-3
21088,21088,1503614455940,-3,-1,1,-2,-3,-1,-2,-14
21089,21089,1503614455948,3,-6,-11,-6,-2,-1,-1,5
21090,21090,1503614455956,5,0,0,-1,0,1,4,14
21091,21091,1503614455970,-6,1,-3,0,-3,0,-3,-15
21092,21092,1503614455978,4,0,-4,-3,-2,0,3,5
21093,21093,1503614455985,-1,-1,-5,-2,0,1,5,10
21094,21094,1503614456002,-3,-4,-5,-4,0,1,0,3
21095,21095,1503614456008,2,6,3,3,3,-5,-2,-4
21096,21096,1503614456023,-1,0,-1,1,1,-3,-1,0
21097,21097,1503614456030,-5,-3,-4,-2,-3,-1,3,5
21098,21098,1503614456038,-2,-2,-1,-1,-2,-1,-1,1
21099,21099,1503614456052,-3,-1,1,-3,-2,1,-2,-6
21100,21100,1503614456060,1,0,-2,0,0,1,2,3
21101,21101,1503614456069,1,2,3,-1,-1,0,-1,0
21102,21102,1503614456083,-2,-12,-9,-2,-3,-1,-2,1
21103,21103,1503614456089,-1,17,12,1,-3,-1,0,-4
21104,21104,1503614456090,1,-2,6,1,-2,2,3,5
21105,21105,1503614456098,-1,-5,0,-1,-3,-3,-3,0
21106,21106,1503614456112,-4,-3,-5,-5,-4,-3,0,20
21107,21107,1503614456121,-1,5,7,4,3,-2,-2,-4
21108,21108,1503614456128,0,-3,-2,-2,-1,-2,-3,-1
21109,21109,1503614456143,3,6,-5,-4,-4,-1,2,15
21110,21110,1503614456149,0,-6,-3,-2,-2,1,-3,-8
21111,21111,1503614456158,-8,-1,1,-1,0,-4,-2,-10
21112,21112,1503614456172,-1,0,-6,-2,-4,1,-2,-10
21113,21113,1503614456180,1,5,3,3,0,6,2,3
21114,21114,1503614456188,0,-2,1,0,-1,0,-1,-3
21115,21115,1503614456203,-4,-4,-2,-2,0,0,1,-7
21116,21116,1503614456210,1,-3,-6,-4,-1,-2,0,3
21117,21117,1503614456218,-4,-11,1,-3,-1,-4,-3,-11
21118,21118,1503614456232,4,9,14,4,4,1,-2,-5
21119,21119,1503614456241,5,-2,-8,-1,2,0,4,9
21120,21120,1503614456248,-6,-2,-6,-2,-1,0,1,-29
21121,21121,1503614456264,1,6,10,4,0,-2,-5,-2
21122,21122,1503614456271,-1,-1,-2,0,-7,-2,1,4
21123,21123,1503614456278,-2,-1,0,-7,-5,-7,-2,-5
21124,21124,1503614456292,-3,-5,-7,0,-1,-3,-2,4
21125,21125,1503614456303,0,1,0,0,-1,-1,-6,-6
21126,21126,1503614456308,-1,-4,-2,0,3,7,2,3
21127,21127,1503614456323,-2,0,-1,-2,-2,-2,-4,0
21128,21128,1503614456330,-2,2,-1,-5,-1,-1,-4,-2
21129,21129,1503614456338,-1,-2,-5,-1,1,2,1,-8
21130,21130,1503614456352,-2,-1,1,-2,-3,-4,-3,-9
21131,21131,1503614456360,-2,-2,-4,-6,-3,0,1,-11
21132,21132,1503614456370,-1,-2,0,2,2,-2,-1,0
21133,21133,1503614456383,0,2,1,1,-2,-1,-5,0
21134,21134,1503614456389,-5,-2,-2,-3,-1,0,-5,-6
21135,21135,1503614456390,0,-1,0,1,-1,-2,2,0
21136,21136,1503614456398,2,1,-1,1,-1,-1,2,5
21137,21137,1503614456412,2,3,-1,1,0,1,1,4
21138,21138,1503614456420,-1,-3,-3,-1,2,-1,0,2
21139,21139,1503614456428,3,4,0,4,2,-3,-2,4
21140,21140,1503614456443,5,0,-1,-5,-3,0,-1,9
21141,21141,1503614456450,-4,-2,-1,0,3,1,0,2
21142,21142,1503614456458,3,-1,-1,1,-2,-2,2,19
21143,21143,1503614456472,-4,-2,-3,-3,-1,1,0,-6
21144,21144,1503614456473,0,-4,0,-1,-2,1,1,1
21145,21145,1503614456480,-1,9,5,6,5,5,-1,-14
21146,21146,1503614456488,-6,-12,-8,-5,-4,-3,-2,-4
21147,21147,1503614456504,3,19,18,4,0,-4,1,-3
21148,21148,1503614456510,-4,0,2,1,1,-2,-2,-7
21149,21149,1503614456518,-2,-10,-8,-2,-4,0,-1,2
21150,21150,1503614456532,1,-2,-3,-2,-1,6,0,1
21151,21151,1503614456542,-4,-4,-2,-1,-4,0,-3,-6
21152,21152,1503614456548,0,-1,-2,0,3,20,-4,-6
21153,21153,1503614456564,0,-4,-1,0,-2,-4,0,-1
21154,21154,1503614456571,1,5,3,0,-4,-11,0,4
21155,21155,1503614456579,-1,2,2,1,3,5,4,2
21156,21156,1503614456580,-4,-6,-4,2,2,-2,-3,0
21157,21157,1503614456592,3,1,0,0,-4,-3,1,17
21158,21158,1503614456605,-2,-5,-5,-1,0,-4,0,-2
21159,21159,1503614456608,-2,-1,0,-2,-2,-2,-2,-4
21160,21160,1503614456624,-4,-2,-1,-4,1,0,-4,-7
21161,21161,1503614456630,1,1,-2,1,0,-3,-2,-2
21162,21162,1503614456641,-4,0,-2,-2,-3,-1,-4,-4
21163,21163,1503614456654,3,-3,-1,-1,-1,-5,2,5
21164,21164,1503614456660,3,-3,-4,-2,-1,2,-1,2
21165,21165,1503614456668,-1,-6,-9,-5,-1,-5,2,13
21166,21166,1503614456684,-1,-3,-2,-1,1,1,-1,2
21167,21167,1503614456690,0,-6,0,-1,-2,-1,-2,-9
21168,21168,1503614456699,0,-1,-2,-1,-4,-6,1,0
21169,21169,1503614456716,-6,0,1,0,0,-4,-5,-3
21170,21170,1503614456721,1,-3,-2,-2,1,1,4,2
21171,21171,1503614456722,1,3,0,1,-3,1,0,-3
21172,21172,1503614456729,-2,4,4,0,1,3,-1,-8
21173,21173,1503614456747,-5,-3,1,-3,2,2,1,-1
21174,21174,1503614456751,-15,-13,-13,-6,-1,-3,-6,-21
21175,21175,1503614456758,11,39,63,19,10,4,6,-2
