,SampleNumber,TimeStamp,EMG1,EMG2,EMG3,EMG4,EMG5,EMG6,EMG7,EMG8
1014,1014,1503688267299,6,-1,-1,5,5,0,-6,1
1015,1015,1503688267306,-3,-1,6,2,7,-2,6,20
1016,1016,1503688267313,1,-6,-1,1,-2,-3,-1,0
1017,1017,1503688267329,-10,-6,5,-1,6,1,-3,-12
1018,1018,1503688267335,2,-3,-2,1,-3,0,1,0
1019,1019,1503688267343,-18,-16,-9,-2,1,-2,1,-4
1020,1020,1503688267358,8,33,4,-4,-3,-3,-1,-2
1021,1021,1503688267366,-1,-50,-63,-15,-1,-2,-4,-1
1022,1022,1503688267373,-3,-9,-9,-7,-6,-1,-1,-7
1023,1023,1503688267388,-6,7,3,4,7,1,-1,-4
1024,1024,1503688267396,15,3,3,1,-5,2,0,-2
1025,1025,1503688267405,-3,-10,11,-6,-1,-1,0,-2
1026,1026,1503688267418,-7,-9,12,2,6,0,-4,-7
1027,1027,1503688267426,-3,-1,1,-13,-4,-5,1,-1
1028,1028,1503688267434,-6,-13,-13,-3,1,-4,-1,5
1029,1029,1503688267448,3,10,8,4,-3,-1,-3,-2
1030,1030,1503688267455,-3,-3,-2,2,4,0,0,2
1031,1031,1503688267466,5,-9,12,12,4,4,6,2
1032,1032,1503688267478,5,28,17,6,4,2,0,12
1033,1033,1503688267486,-1,-8,-10,1,-3,-4,2,35
1034,1034,1503688267493,-7,-15,-13,-9,-7,-2,-3,-2
1035,1035,1503688267508,-8,6,4,11,-10,-5,-3,-14
1036,1036,1503688267515,-15,-25,-8,-5,-3,2,0,-9
1037,1037,1503688267523,15,13,11,3,4,3,-4,-9
1038,1038,1503688267539,3,-9,-5,-1,-3,-1,-2,-5
1039,1039,1503688267546,5,10,-1,-6,0,6,0,-1
1040,1040,1503688267553,-3,12,9,-2,1,1,0,1
1041,1041,1503688267569,-2,2,6,6,2,1,1,1
1042,1042,1503688267575,-8,-16,-9,1,-4,-2,2,-6
1043,1043,1503688267583,-12,-21,10,2,2,-4,1,-10
1044,1044,1503688267598,6,16,11,0,-1,0,2,12
1045,1045,1503688267606,1,-1,-2,1,3,0,0,1
1046,1046,1503688267613,-6,-6,-9,-1,1,-5,-4,-17
1047,1047,1503688267630,-13,9,-2,-1,1,-1,0,-15
1048,1048,1503688267635,-9,0,-3,-2,0,-4,-2,-9
1049,1049,1503688267643,0,-10,-8,-4,1,-2,-5,5
1050,1050,1503688267658,45,13,4,-1,1,3,13,55
1051,1051,1503688267666,-10,-2,-3,0,2,0,-5,-46
1052,1052,1503688267673,6,-8,-8,-4,-4,-1,-1,14
1053,1053,1503688267688,18,-1,-9,-4,1,2,3,14
1054,1054,1503688267696,2,0,0,1,-2,1,-4,-2
1055,1055,1503688267703,20,7,9,1,1,-2,1,19
1056,1056,1503688267718,5,-3,-5,-2,-15,1,-2,4
1057,1057,1503688267726,-4,5,0,0,0,-9,0,1
1058,1058,1503688267733,-9,-14,-9,-6,2,-2,-4,-24
1059,1059,1503688267748,4,8,2,0,-1,1,-4,-9
1060,1060,1503688267755,-25,-5,5,2,4,-3,-3,-15
1061,1061,1503688267765,-14,-5,-1,2,7,5,2,18
1062,1062,1503688267778,-25,-3,-2,-3,13,6,-6,-26
1063,1063,1503688267786,-21,1,0,1,-2,-3,-11,-26
1064,1064,1503688267793,21,12,4,3,0,-2,3,2
1065,1065,1503688267808,7,-2,-4,-3,0,3,2,-5
1066,1066,1503688267815,-6,0,-2,-2,-3,9,3,13
1067,1067,1503688267823,6,0,1,-2,-7,-2,5,1
1068,1068,1503688267838,-1,1,0,0,3,-3,0,-4
1069,1069,1503688267846,-11,-5,-4,-2,10,5,0,-11
1070,1070,1503688267853,7,4,3,-2,-5,2,2,21
1071,1071,1503688267868,3,31,26,6,1,-6,-2,5
1072,1072,1503688267875,-2,-4,-3,-2,-4,-4,-1,-4
1073,1073,1503688267883,-10,-13,-8,-2,1,3,2,7
1074,1074,1503688267900,1,-8,-6,-2,0,-6,-3,-4
1075,1075,1503688267907,-1,-17,-9,-5,-2,1,2,19
1076,1076,1503688267913,4,-3,-1,1,-8,-1,0,0
1077,1077,1503688267929,4,2,-8,-6,-11,-14,-5,-22
1078,1078,1503688267935,-4,1,-3,-1,2,3,-3,11
1079,1079,1503688267943,4,-8,-6,-2,2,8,-1,-6
1080,1080,1503688267958,-11,-4,-2,1,5,3,1,-8
1081,1081,1503688267966,0,13,-3,-3,-3,-5,-5,3
1082,1082,1503688267973,4,-5,-3,-1,-5,0,4,21
1083,1083,1503688267974,-7,10,4,2,4,1,-6,-8
1084,1084,1503688267988,-9,-17,-3,-1,0,-3,0,5
1085,1085,1503688267989,16,10,2,-1,3,-3,4,11
1086,1086,1503688267995,1,2,-1,-2,-5,-6,3,-3
1087,1087,1503688268004,6,-19,-6,-2,-4,0,-2,37
1088,1088,1503688268018,12,-6,-1,-1,0,-2,-1,0
1089,1089,1503688268026,-22,-12,-2,1,4,2,-6,-21
1090,1090,1503688268040,10,33,14,3,0,-1,1,36
1091,1091,1503688268048,-4,4,3,3,-1,-1,-2,-16
1092,1092,1503688268056,-6,-13,-6,-5,-20,-5,1,-13
1093,1093,1503688268073,5,3,2,-2,-1,6,3,3
1094,1094,1503688268079,-3,-3,0,1,5,-3,-5,-16
1095,1095,1503688268086,0,-5,-1,2,-3,-4,-1,-7
1096,1096,1503688268101,1,11,-2,-2,1,-1,2,-4
1097,1097,1503688268109,7,8,5,2,2,3,1,19
1098,1098,1503688268115,-2,-2,0,-1,0,-3,-3,4
1099,1099,1503688268133,-6,-5,-5,-6,-6,-3,-1,0
1100,1100,1503688268138,-12,-11,-4,0,0,0,-4,-13
1101,1101,1503688268146,-10,2,-2,-2,-2,-4,-1,-11
1102,1102,1503688268160,-5,-10,-3,-3,3,-3,-2,-5
1103,1103,1503688268168,-9,-6,-1,-4,-3,1,0,-5
1104,1104,1503688268175,1,0,3,3,0,0,1,-3
1317,1317,1503688270224,-10,-9,-4,-2,-4,-1,0,-3
1318,1318,1503688270230,-3,-7,-7,1,-2,-1,-2,-5
1319,1319,1503688270246,15,-3,1,0,-3,-1,-2,1
1320,1320,1503688270253,4,4,0,-1,-2,-4,0,-27
1321,1321,1503688270261,12,-2,-2,-2,0,2,-2,1
1322,1322,1503688270279,-13,-1,0,1,-5,2,-3,-10
1323,1323,1503688270290,-15,-5,-3,-4,1,2,-1,-8
1324,1324,1503688270292,-3,-17,-5,-4,0,0,1,-1
1325,1325,1503688270305,-10,1,6,-1,-4,-3,0,-11
1326,1326,1503688270313,6,-12,-10,-1,0,1,0,7
1327,1327,1503688270321,-1,-2,-1,-2,-3,-1,-1,-1
1328,1328,1503688270335,-3,2,1,1,-1,3,1,15
1329,1329,1503688270344,-4,-9,-7,-4,0,-1,-1,-2
1330,1330,1503688270352,2,-2,-2,-1,-1,-4,6,16
1331,1331,1503688270365,8,7,-1,2,3,1,6,25
1332,1332,1503688270373,-6,1,1,2,-4,-9,-6,-6
1333,1333,1503688270381,0,4,-6,-3,-2,-3,-4,-13
1334,1334,1503688270395,2,11,5,-3,-2,-4,0,0
1335,1335,1503688270403,1,7,7,3,1,2,2,7
1336,1336,1503688270411,12,2,2,1,1,1,-2,0
1337,1337,1503688270425,0,2,-1,-1,0,-2,-1,-1
1338,1338,1503688270426,-6,-8,-2,-1,1,1,-2,-4
1339,1339,1503688270433,-6,-2,-3,0,1,0,-3,-17
1340,1340,1503688270441,-17,-12,-6,-1,-2,-1,-1,2
1341,1341,1503688270455,19,5,2,0,0,-1,0,8
1342,1342,1503688270456,-9,1,-1,-2,0,-1,0,3
1343,1343,1503688270470,5,0,-2,2,1,-1,-1,11
1344,1344,1503688270471,-13,-1,-1,-2,-1,-1,-5,-27
1345,1345,1503688270486,-14,-9,-1,-3,-2,2,-2,5
1346,1346,1503688270493,-17,-9,-3,0,-2,1,0,-5
1347,1347,1503688270501,3,8,4,0,2,0,-3,-18
1348,1348,1503688270516,4,-2,0,-3,-5,-4,0,7
1349,1349,1503688270523,7,4,0,1,-1,0,2,-1
1350,1350,1503688270530,6,-2,1,-4,0,1,0,-4
1351,1351,1503688270546,-4,-2,-4,-1,0,-5,-4,-3
1352,1352,1503688270554,-1,7,-3,1,0,2,-2,1
1353,1353,1503688270561,6,-7,-7,-2,-2,-2,3,5
1354,1354,1503688270575,14,0,2,1,1,1,6,34
1355,1355,1503688270583,-12,-9,-2,-4,-2,0,-1,-2
1356,1356,1503688270590,2,-4,-1,0,-3,-3,-1,6
1357,1357,1503688270606,-8,-3,-5,-2,-1,-2,-2,-8
1358,1358,1503688270613,7,2,-2,0,1,0,-3,-1
1359,1359,1503688270621,-1,-6,-3,1,-4,0,-1,1
1360,1360,1503688270636,-10,-3,-1,0,-1,-5,-1,-1
1361,1361,1503688270645,7,4,5,2,0,-2,-4,3
1362,1362,1503688270651,-13,-6,-1,-2,-2,2,-4,-6
1363,1363,1503688270665,4,4,-1,-1,-2,-1,-1,-5
1364,1364,1503688270673,11,8,1,2,-2,0,4,53
1365,1365,1503688270682,5,2,-1,-2,1,-1,-4,-18
1366,1366,1503688270696,-1,-2,2,1,-1,-1,-2,-22
1367,1367,1503688270703,-3,-5,0,0,-1,-1,-2,6
1368,1368,1503688270713,0,-8,-11,-3,0,0,-1,-6
1369,1369,1503688270725,13,27,13,4,0,-1,-2,-7
1370,1370,1503688270733,-20,1,-3,-3,-3,1,-1,-17
1371,1371,1503688270741,-4,-5,-4,-3,0,1,0,1
1372,1372,1503688270756,-7,-1,1,0,-1,-3,-3,-22
1373,1373,1503688270763,-8,-4,0,-2,2,0,-2,35
1374,1374,1503688270770,6,4,3,-1,5,2,-3,-14
1375,1375,1503688270786,0,1,0,2,-2,-1,1,-14
1376,1376,1503688270793,-26,0,2,-2,-2,-3,0,-9
1377,1377,1503688270801,-9,2,-2,-1,-2,-2,-5,-25
1378,1378,1503688270816,29,45,28,6,2,2,2,5
1379,1379,1503688270823,-15,2,0,-1,1,-1,-3,-24
1380,1380,1503688270824,8,-25,-2,-2,-3,-2,1,4
1381,1381,1503688270830,12,-8,-4,-1,-1,2,10,41
1382,1382,1503688270850,-6,4,1,-2,1,2,2,-14
1383,1383,1503688270853,5,-6,-6,-4,-2,-2,-3,0
1384,1384,1503688270868,-15,-16,-8,-3,-2,0,2,25
1385,1385,1503688270875,8,1,-2,1,2,-2,-5,-8
1386,1386,1503688270883,2,5,-2,0,-5,4,0,27
1387,1387,1503688270897,6,9,7,2,2,-2,1,6
1388,1388,1503688270905,-1,-3,-1,0,0,-6,-2,-18
1389,1389,1503688270914,-7,-21,-13,-7,-5,-1,-1,-10
1390,1390,1503688270928,14,-1,0,0,-2,-1,2,9
1391,1391,1503688270935,-4,-3,3,1,-3,-3,-6,-23
1392,1392,1503688270943,-3,3,3,4,5,-4,-3,-11
1393,1393,1503688270957,-5,-1,-1,0,0,2,-2,3
1394,1394,1503688270965,-8,-5,-14,-6,-5,-1,-2,-11
1395,1395,1503688270973,-8,-10,-6,0,-2,-1,-3,-4
1396,1396,1503688270989,-3,1,2,-3,1,-1,1,12
1397,1397,1503688270996,-23,-1,-6,-4,2,1,2,-15
1398,1398,1503688271004,-1,4,3,0,2,3,3,3
1399,1399,1503688271017,7,-8,-3,-3,-3,0,-1,-9
1400,1400,1503688271026,3,3,3,1,-3,-1,-2,-12
1401,1401,1503688271033,24,-6,-6,-2,-2,-2,0,4
1402,1402,1503688271049,-9,14,4,-2,-1,-4,-4,-15
1403,1403,1503688271056,-9,0,0,-2,0,-1,-2,-3
1404,1404,1503688271063,2,-15,-9,1,0,4,0,3
1405,1405,1503688271077,1,-5,-4,0,-3,0,0,14
1406,1406,1503688271085,-8,-2,1,-1,-2,-4,0,1
1407,1407,1503688271093,-5,-6,-2,-1,-4,-1,0,-2
1408,1408,1503688271108,-20,21,11,2,1,1,-1,12
1409,1409,1503688271116,14,7,0,-1,1,-3,-4,-5
1410,1410,1503688271123,7,2,10,4,2,-2,0,2
1411,1411,1503688271137,-14,-2,0,0,-2,-1,0,-9
1412,1412,1503688271148,15,4,0,-3,-2,-2,-2,-9
1413,1413,1503688271153,6,2,3,1,0,-1,-2,4
1414,1414,1503688271168,-2,-10,-7,-1,-3,-2,-3,3
1415,1415,1503688271175,-6,3,2,-1,0,-1,-2,-3
1416,1416,1503688271184,13,0,-6,-1,0,-1,1,15
1417,1417,1503688271197,0,-3,-1,0,4,-2,-7,-10
1418,1418,1503688271205,-21,4,2,2,-5,0,0,-1
1419,1419,1503688271206,2,-6,1,-2,-2,-3,5,21
1420,1420,1503688271215,-9,-14,-5,-3,-4,-2,-1,8
1421,1421,1503688271228,-7,-11,-7,-4,0,-1,-3,-31
1422,1422,1503688271235,4,3,4,-1,0,-2,1,1
1423,1423,1503688271243,9,-6,-6,-2,-5,-1,0,10
1424,1424,1503688271257,-15,0,1,0,-4,1,1,-11
1425,1425,1503688271266,-1,4,-1,-4,-4,-3,-3,-8
1426,1426,1503688271273,-2,2,0,9,3,1,1,7
1427,1427,1503688271288,-1,-2,0,10,5,4,0,-7
1428,1428,1503688271296,9,6,0,-4,0,-1,1,3
1429,1429,1503688271303,-9,-5,-2,-4,4,0,-2,-8
1430,1430,1503688271317,-8,22,8,1,1,-1,-1,-12
1431,1431,1503688271325,-1,-8,-11,-4,-7,0,-1,-6
1432,1432,1503688271333,1,-8,-8,-12,-4,-1,0,-2
1433,1433,1503688271350,3,-20,-21,3,11,2,2,-2
1434,1434,1503688271356,9,3,4,29,17,9,4,4
1435,1435,1503688271363,0,-8,0,-2,-10,-6,-2,2
1436,1436,1503688271377,-1,2,0,-4,-2,-11,-2,2
1437,1437,1503688271386,-21,4,7,12,12,5,-2,1
1438,1438,1503688271393,1,-4,-2,-6,-17,-1,-1,12
1439,1439,1503688271408,-5,8,2,-13,-13,-3,-1,-2
1440,1440,1503688271416,-14,-6,-3,0,8,0,-2,-14
1441,1441,1503688271424,7,11,-2,-8,-7,-3,0,2
1442,1442,1503688271437,9,0,0,-4,-1,0,-2,-18
1443,1443,1503688271455,11,3,7,3,2,-1,1,2
1444,1444,1503688271456,-2,2,0,-9,-7,-4,1,2
1445,1445,1503688271468,9,14,9,7,-8,-1,-1,4
1446,1446,1503688271475,2,-10,-13,-8,-2,2,2,4
1447,1447,1503688271484,-9,-1,-1,-3,-4,-4,2,-1
1448,1448,1503688271497,2,-3,-1,1,-8,2,-1,3
1449,1449,1503688271506,-2,-7,-3,-3,4,-1,-2,-8
1450,1450,1503688271513,-16,-11,0,0,3,-1,1,11
1451,1451,1503688271528,-6,-7,-2,-2,-1,-2,-3,-6
1452,1452,1503688271535,-8,9,5,0,1,-2,-6,-15
1453,1453,1503688271543,5,0,-1,-1,2,1,-2,-11
1454,1454,1503688271559,20,6,0,-1,-5,0,1,12
1455,1455,1503688271566,9,4,-2,-2,-1,1,0,0
1456,1456,1503688271573,7,13,8,3,-2,-3,-3,-5
1457,1457,1503688271588,-2,-3,1,-3,0,-1,-2,11
1458,1458,1503688271595,-2,0,-7,-1,10,-8,0,0
1459,1459,1503688271603,12,2,2,0,-3,0,-1,0
1460,1460,1503688271618,1,-1,-4,-1,1,0,-1,2
1461,1461,1503688271626,8,-1,4,1,0,1,2,24
1462,1462,1503688271633,-9,-16,-5,-1,-4,-2,0,4
1463,1463,1503688271649,-4,-4,-3,-1,-3,1,1,37
1464,1464,1503688271656,-5,-1,0,-2,-4,1,-1,12
1465,1465,1503688271663,-39,-3,3,3,3,-2,-5,-32
1466,1466,1503688271678,-6,-14,-4,-4,0,2,1,-3
1467,1467,1503688271686,3,25,21,4,1,0,0,-13
1468,1468,1503688271693,35,16,7,-1,-1,3,4,38
1469,1469,1503688271708,-16,-15,-12,-4,-1,-3,-2,-9
1470,1470,1503688271718,-23,-23,-11,-2,-1,-2,-8,-50
1471,1471,1503688271723,14,-3,-3,-3,-2,-2,-6,-43
1472,1472,1503688271738,43,19,4,1,4,0,-4,3
1473,1473,1503688271755,-11,0,-5,-1,-5,-3,3,-1
1474,1474,1503688271769,8,-30,-7,-3,3,1,2,14
1475,1475,1503688271776,-15,3,3,0,-1,-5,-4,-1
1476,1476,1503688271791,-17,-30,-12,-2,-1,-1,-5,-24
1477,1477,1503688271798,-7,-10,6,1,1,0,2,13
1478,1478,1503688271806,14,-4,-8,-2,-5,-2,-5,-19
1479,1479,1503688271820,-7,-4,-7,-1,-2,-2,-3,-2
1480,1480,1503688271828,3,-2,-2,-2,0,-1,4,21
1481,1481,1503688271835,-10,5,2,-4,-1,-3,-1,4
1482,1482,1503688271852,-17,-19,-3,-2,-2,0,-4,-40
1483,1483,1503688271858,1,-3,-2,-1,-2,2,1,-6
1484,1484,1503688271866,7,-20,-7,-1,-3,-1,-1,15
1485,1485,1503688271880,-5,-17,2,1,-1,0,2,-6
1486,1486,1503688271888,1,-5,-3,-1,-1,-1,3,37
1487,1487,1503688271897,-2,-5,2,-3,-8,1,-2,-21
1488,1488,1503688271910,1,8,9,3,3,-4,2,0
1489,1489,1503688271919,-2,9,-3,1,0,-2,1,-21
1490,1490,1503688271927,3,1,0,-3,-1,1,0,17
1491,1491,1503688271940,-3,8,0,-1,-1,0,-2,5
1492,1492,1503688271948,12,-2,-1,-2,-4,-2,0,14
1493,1493,1503688271956,-2,2,3,0,0,0,-5,2
1494,1494,1503688271970,-13,2,-6,-1,3,0,0,-2
1495,1495,1503688271977,-5,-2,-3,0,-1,2,-1,-5
1496,1496,1503688271987,-9,-8,-2,0,-1,-2,-1,-5
1497,1497,1503688272000,-1,-8,-2,-1,-2,-1,-1,11
1498,1498,1503688272008,-13,-13,-4,0,-9,2,-5,-13
1744,1744,1503688274415,-9,-8,-1,-5,-4,-2,0,-14
1745,1745,1503688274423,31,1,-1,-3,-11,2,5,9
1746,1746,1503688274431,2,5,9,1,-12,-8,3,43
1747,1747,1503688274446,-17,11,10,2,4,2,2,27
1748,1748,1503688274453,-7,-14,-9,-2,6,1,-1,-18
1749,1749,1503688274475,9,1,1,-1,1,2,-3,-6
1750,1750,1503688274476,-1,-3,-2,0,2,5,0,-10
1751,1751,1503688274483,3,3,-1,-1,-3,-1,3,-2
1752,1752,1503688274490,-2,-2,-2,-1,0,-2,1,-9
1753,1753,1503688274506,-5,-8,0,2,3,-1,-3,13
1754,1754,1503688274513,-4,1,-3,0,-5,1,3,-7
1755,1755,1503688274528,-13,-10,-10,-3,-4,-2,0,-16
1756,1756,1503688274538,-6,-3,-1,-1,0,7,0,6
1757,1757,1503688274543,-17,-5,0,2,2,-3,-4,-6
1758,1758,1503688274550,19,1,-2,-2,-2,-4,5,38
1759,1759,1503688274568,-23,-9,2,-3,0,-1,-1,-7
1760,1760,1503688274573,8,18,11,4,4,-1,-4,-6
1761,1761,1503688274589,-18,-12,-4,-2,0,-2,-1,-4
1762,1762,1503688274595,-5,-4,-4,-1,2,-1,-7,-11
1763,1763,1503688274603,20,9,5,0,-1,2,2,0
1764,1764,1503688274618,12,1,3,1,0,2,1,4
1765,1765,1503688274626,13,1,0,-1,-2,-1,2,-15
1766,1766,1503688274633,-13,-5,-3,1,0,2,-2,-1
1767,1767,1503688274648,8,-2,-2,-4,-2,-6,-3,-3
1768,1768,1503688274655,-2,6,9,2,2,-3,-3,-22
1769,1769,1503688274667,-12,-2,1,-1,2,0,-2,3
1770,1770,1503688274678,-13,-5,-2,0,-7,-1,-2,3
1771,1771,1503688274686,8,-1,-2,0,-3,-1,1,2
1772,1772,1503688274693,-1,-2,-4,1,2,-3,-1,-5
1773,1773,1503688274709,-8,-3,-1,-1,0,0,0,-1
1774,1774,1503688274715,-9,-4,-4,-4,-4,-4,-3,1
1775,1775,1503688274723,7,-2,1,-1,0,-2,-2,31
1776,1776,1503688274738,-6,-10,-6,-2,0,-3,-3,-18
1777,1777,1503688274748,-28,24,16,4,3,1,1,-6
1778,1778,1503688274753,-1,0,-1,-2,-2,0,-2,-9
1779,1779,1503688274768,6,-8,-9,-3,-4,4,-2,-5
1780,1780,1503688274776,3,-2,1,4,-2,0,0,1
1781,1781,1503688274783,3,-4,-2,0,-3,-1,-2,-2
1782,1782,1503688274800,8,0,-4,-9,-6,-4,1,-3
1783,1783,1503688274806,-6,-18,-6,-1,3,-1,-2,-20
1784,1784,1503688274813,0,-6,1,0,0,-1,-1,4
1785,1785,1503688274828,-19,-24,-14,-2,1,-2,-4,-24
1786,1786,1503688274836,16,19,9,3,-1,0,5,-3
1787,1787,1503688274837,-6,-3,-1,1,2,0,-2,13
1788,1788,1503688274843,-14,-27,-16,-8,-5,-1,2,7
1789,1789,1503688274858,-3,11,4,1,3,2,1,8
1790,1790,1503688274867,35,12,2,0,0,-2,0,7
1791,1791,1503688274873,1,3,0,-1,1,-3,3,-4
1792,1792,1503688274888,12,10,3,1,-1,-1,1,2
1793,1793,1503688274896,14,1,-2,-2,-7,-1,-2,12
1794,1794,1503688274904,6,8,3,-2,1,1,-2,4
1795,1795,1503688274918,0,-1,-2,-1,1,-1,-3,-16
1796,1796,1503688274926,-3,7,3,0,-3,1,0,-3
1797,1797,1503688274934,-12,-21,-7,-1,3,-2,-3,-9
1798,1798,1503688274948,-24,-24,-5,-5,0,-1,-2,-12
1799,1799,1503688274955,-1,2,-2,0,1,-1,-1,-14
1800,1800,1503688274963,-1,-2,5,1,0,-3,-2,3
1801,1801,1503688274978,1,0,-1,1,0,2,2,7
1802,1802,1503688274986,-2,4,-6,-1,-2,0,-2,0
1803,1803,1503688274993,0,3,1,-3,-1,-3,0,-1
1804,1804,1503688275009,6,10,2,2,-2,-3,-3,-12
1805,1805,1503688275015,-1,12,1,-2,0,-1,-2,8
1806,1806,1503688275023,-3,0,-1,1,2,-2,-3,-29
1807,1807,1503688275038,1,7,5,2,0,1,-2,1
1808,1808,1503688275046,0,18,6,2,-1,0,2,1
1809,1809,1503688275053,-4,5,8,-1,1,1,0,-8
1810,1810,1503688275069,1,-11,-6,-1,1,-3,-2,9
1811,1811,1503688275076,-9,-6,-7,-2,-2,1,0,-7
1812,1812,1503688275083,4,-4,-3,-1,1,-3,-2,13
1813,1813,1503688275098,13,1,0,-2,-1,-2,-1,0
1814,1814,1503688275107,-20,-2,2,1,-3,0,2,0
1815,1815,1503688275113,15,16,4,2,-1,-2,0,-2
1816,1816,1503688275128,0,0,-1,0,0,0,0,0
1817,1817,1503688275135,6,-13,-7,-3,-3,4,2,14
1818,1818,1503688275143,0,-13,1,-1,-4,-1,-4,2
1819,1819,1503688275158,-7,-7,-6,-2,0,-6,-1,-5
1820,1820,1503688275168,4,-17,-8,-3,-2,-2,-2,-8
1821,1821,1503688275173,-4,-1,0,0,2,0,-1,-4
1822,1822,1503688275188,-3,0,-4,-2,-2,-3,2,-3
1823,1823,1503688275195,0,5,2,0,-2,0,-1,-3
1824,1824,1503688275205,-5,11,4,-2,-1,1,1,12
1825,1825,1503688275218,-10,-7,-2,-3,1,-2,-3,-8
1826,1826,1503688275226,13,10,0,2,3,0,0,11
1827,1827,1503688275236,-23,-5,-4,-2,-4,0,-3,-13
1828,1828,1503688275248,7,-10,-9,-3,1,-1,3,17
1829,1829,1503688275255,20,-9,-5,-1,1,-1,-2,-1
1830,1830,1503688275263,-3,10,3,1,0,-3,-2,-5
1831,1831,1503688275279,-5,-3,3,1,-1,-2,-1,-2
1832,1832,1503688275286,7,7,4,-1,-3,-1,0,5
1833,1833,1503688275293,1,6,-3,0,0,3,4,21
1834,1834,1503688275308,2,3,0,0,-2,0,0,-7
1835,1835,1503688275315,-15,-1,2,2,1,-1,0,-2
1836,1836,1503688275323,3,4,5,1,2,2,-2,-2
1837,1837,1503688275339,3,-7,-6,-2,-2,-4,-4,-2
1838,1838,1503688275346,-11,-5,-3,-2,-2,-3,-1,-6
1839,1839,1503688275353,11,1,1,0,-5,-1,0,5
1840,1840,1503688275369,-6,11,5,2,2,-2,-2,-3
1841,1841,1503688275375,-3,-4,-3,-1,-1,1,1,3
1842,1842,1503688275376,-7,14,7,0,1,1,0,-24
1843,1843,1503688275383,14,-4,-5,-3,-1,-3,-2,5
1844,1844,1503688275398,-3,0,3,1,-3,-1,-2,-6
1845,1845,1503688275406,-8,2,3,-1,-1,6,-2,-3
1846,1846,1503688275413,-1,-1,-1,-1,4,-1,0,7
1847,1847,1503688275428,2,-6,-1,-4,-2,-1,-1,-1
1848,1848,1503688275437,2,-7,-7,-1,4,2,2,4
1849,1849,1503688275444,-18,-1,1,1,1,0,0,4
1850,1850,1503688275458,-3,-5,-4,-4,-4,-3,-1,2
1851,1851,1503688275466,4,-4,-3,-1,-3,0,-1,1
1852,1852,1503688275473,-5,-1,0,0,0,-3,-1,-3
1853,1853,1503688275488,11,5,2,0,-3,2,0,-3
1854,1854,1503688275496,3,9,2,-1,-1,2,-3,15
1855,1855,1503688275512,-11,-6,-5,-2,1,-4,-2,-16
1856,1856,1503688275518,10,4,-2,-4,-4,-5,-5,-1
1857,1857,1503688275527,-1,3,-1,0,-2,-1,0,2
1858,1858,1503688275540,14,-6,-3,0,-2,-1,1,-3
1859,1859,1503688275548,2,-2,1,-2,1,-1,-1,1
1860,1860,1503688275556,-4,4,6,-1,-3,0,1,7
1861,1861,1503688275570,4,-3,1,2,0,-1,-2,0
1862,1862,1503688275584,4,1,-1,1,1,-1,-2,1
1863,1863,1503688275585,-7,-13,-8,-3,-1,-1,0,-11
1864,1864,1503688275586,-4,2,1,-1,-1,-4,-1,1
1865,1865,1503688275600,1,7,3,0,2,0,-1,-1
1866,1866,1503688275608,-14,-1,-1,0,-2,0,-1,-17
1867,1867,1503688275615,1,6,0,1,-2,-1,-3,5
1868,1868,1503688275630,-2,-3,-4,-2,3,-4,-6,-8
1869,1869,1503688275638,-3,-2,1,-1,-1,1,-1,-5
1870,1870,1503688275646,2,-2,0,-2,-1,3,2,-6
1871,1871,1503688275660,-1,-5,-6,0,3,1,1,5
1872,1872,1503688275668,13,6,-1,0,1,-3,-1,9
1873,1873,1503688275675,-9,-11,-7,-3,-1,-4,-6,-9
1874,1874,1503688275690,2,0,-1,-1,-3,-2,2,11
1875,1875,1503688275698,-1,2,4,-1,-1,1,1,-7
1876,1876,1503688275706,1,-1,2,0,-7,0,-1,5
1877,1877,1503688275720,-12,-2,0,0,0,-1,0,-9
1878,1878,1503688275728,-3,2,1,0,0,-2,-1,11
1879,1879,1503688275738,4,0,0,-1,1,0,-4,-25
1880,1880,1503688275739,-2,-3,1,0,1,1,-2,21
1881,1881,1503688275753,-7,0,0,-2,-2,-1,0,-5
1882,1882,1503688275758,-1,1,-1,2,8,0,1,-6
1883,1883,1503688275766,4,-3,-3,2,0,-1,0,6
1884,1884,1503688275780,-2,-3,-3,2,-3,-3,1,-4
1885,1885,1503688275788,-6,-4,2,-3,0,1,1,-8
1886,1886,1503688275796,-3,4,-1,-2,-8,-1,-3,-1
1887,1887,1503688275811,-2,11,3,2,2,-1,2,-3
1888,1888,1503688275818,0,1,0,-2,-2,-1,1,-1
1889,1889,1503688275826,-10,0,0,-2,1,2,-5,-3
1890,1890,1503688275840,7,-4,2,-3,-1,-1,-2,4
1891,1891,1503688275848,-6,-31,-15,-7,-2,1,-4,-5
1892,1892,1503688275855,6,-5,1,0,2,-1,3,16
1893,1893,1503688275872,7,-18,-4,-2,-3,-1,2,1
1894,1894,1503688275878,-7,1,0,1,2,1,1,6
1895,1895,1503688275886,5,7,1,-2,-2,-3,0,-3
1896,1896,1503688275900,3,1,0,-1,-5,-3,-1,-8
1897,1897,1503688275908,-4,2,0,1,0,0,0,-2
1898,1898,1503688275915,0,0,-2,-1,5,-3,-3,-8
1899,1899,1503688275930,-12,2,2,-1,4,0,-1,-7
1900,1900,1503688275939,3,-3,-3,-3,-6,-1,-4,-18
1901,1901,1503688275946,-4,2,-9,-2,1,-1,0,4
1902,1902,1503688275960,4,14,7,-4,-5,-3,0,-2
1903,1903,1503688275968,7,63,9,1,-4,-3,-6,-29
1904,1904,1503688275975,-11,-14,-8,-3,-4,3,0,2
1905,1905,1503688275990,0,-30,-9,-1,-3,-3,-1,-2
1906,1906,1503688275998,3,13,4,1,0,-1,-1,-4
1907,1907,1503688276006,-4,-9,0,-2,-3,1,-2,-5
1908,1908,1503688276020,-8,-10,0,1,2,-1,0,4
1909,1909,1503688276035,4,3,1,-1,0,2,-1,6
1910,1910,1503688276037,-2,-8,-5,-2,-2,-2,-4,3
1911,1911,1503688276050,14,7,3,2,2,0,-2,12
1912,1912,1503688276058,-10,-5,-2,0,2,-1,-1,-11
1913,1913,1503688276066,-18,-11,0,1,1,0,-2,-19
1914,1914,1503688276081,9,41,18,4,1,0,0,8
2161,2161,1503688278496,-9,-11,-6,0,-3,-2,1,0
2162,2162,1503688278502,12,11,7,2,-2,-2,-1,7
2163,2163,1503688278519,-7,3,0,-3,-1,0,4,0
2164,2164,1503688278525,-10,1,-3,0,0,1,-1,-3
2165,2165,1503688278533,-2,-8,-5,-4,-16,-6,-3,9
2166,2166,1503688278547,15,19,18,5,0,3,1,17
2167,2167,1503688278555,-2,2,-1,1,4,0,-5,0
2168,2168,1503688278562,-6,3,-1,0,0,-1,-4,-14
2169,2169,1503688278578,16,23,0,-3,-1,0,1,3
2170,2170,1503688278586,7,7,11,-2,7,0,2,-1
2171,2171,1503688278594,-4,2,1,-5,0,-1,-1,-4
2172,2172,1503688278608,-5,-2,-2,8,3,-1,-3,-18
2173,2173,1503688278615,-7,-15,1,-1,-2,3,-4,-3
2174,2174,1503688278624,-7,-17,-10,-6,-7,1,-1,0
2175,2175,1503688278638,1,5,4,3,4,0,1,7
2176,2176,1503688278644,-3,-5,-7,-4,-5,-3,1,-1
2177,2177,1503688278653,4,18,30,6,1,-2,3,15
2178,2178,1503688278667,-2,-8,-4,-4,-4,-1,0,2
2179,2179,1503688278675,-11,-8,-8,-3,1,1,-3,-10
2180,2180,1503688278682,-7,-1,2,-3,-3,-3,-3,-9
2181,2181,1503688278683,-1,-2,-1,-1,2,0,1,0
2182,2182,1503688278698,-3,-5,-6,-1,2,-2,0,-3
2183,2183,1503688278706,-3,-7,-9,-9,-8,-2,-4,-2
2184,2184,1503688278713,-1,-5,-1,1,3,-6,-7,-8
2185,2185,1503688278728,0,-5,-3,-5,-3,-2,-2,9
2186,2186,1503688278735,1,-7,-8,-3,4,1,2,8
2187,2187,1503688278753,-13,-8,4,0,0,-5,-4,-23
2188,2188,1503688278754,5,8,2,4,3,1,-2,-17
2189,2189,1503688278758,0,-3,-5,-1,-2,-1,0,-4
2190,2190,1503688278766,-4,-2,-3,1,0,-1,-3,-19
2191,2191,1503688278772,-2,-2,1,-4,-4,1,-1,6
2192,2192,1503688278773,-1,-5,-1,4,-2,-1,0,-5
2193,2193,1503688278788,0,-5,-1,1,3,3,0,3
2194,2194,1503688278797,0,2,0,-2,-6,1,4,3
2195,2195,1503688278811,-8,2,3,-1,3,0,-2,-6
2196,2196,1503688278822,1,4,11,2,1,-1,1,-16
2197,2197,1503688278826,2,0,0,-1,-7,-3,-1,-9
2198,2198,1503688278833,2,-5,-5,-2,3,-2,-3,-4
2199,2199,1503688278848,0,-15,-4,-1,-2,-1,0,11
2200,2200,1503688278858,-1,3,-2,0,-1,-2,0,-1
2201,2201,1503688278871,-6,-4,-4,-2,2,0,0,12
2202,2202,1503688278877,-3,0,-4,-4,-3,2,1,5
2203,2203,1503688278891,2,4,2,3,4,-2,-3,-4
2204,2204,1503688278893,1,-5,-5,-3,-4,-2,2,15
2205,2205,1503688278908,-3,5,0,-1,-2,0,4,6
2206,2206,1503688278915,9,7,-5,-1,-1,0,1,9
2207,2207,1503688278931,-6,3,-13,-3,-5,-2,-2,-12
2208,2208,1503688278938,6,1,3,1,0,2,0,-10
2209,2209,1503688278946,-5,-1,-2,-1,-1,-2,1,5
2210,2210,1503688278960,-7,4,-1,1,0,-1,-2,-8
2211,2211,1503688278968,22,0,0,1,-2,-2,-1,11
2212,2212,1503688278975,-1,-6,2,0,1,2,-5,-2
2213,2213,1503688278992,3,-4,1,0,2,0,0,3
2214,2214,1503688279004,-14,-2,-2,-2,-2,-2,-1,-12
2215,2215,1503688279006,-8,-17,-8,-2,-2,1,3,12
2216,2216,1503688279013,2,0,2,-1,-8,3,-1,2
2217,2217,1503688279029,3,-3,3,-1,-1,-1,-5,-7
2218,2218,1503688279035,23,12,4,-1,1,-2,1,29
2219,2219,1503688279051,-5,4,3,1,-1,0,2,-7
2220,2220,1503688279058,-2,-3,3,2,2,-4,-4,-8
2221,2221,1503688279065,-11,-9,-3,-3,-3,-2,-2,-9
2222,2222,1503688279066,7,10,7,1,0,0,3,22
2223,2223,1503688279072,-11,-7,-3,-2,0,-2,-2,-3
2224,2224,1503688279088,-12,-2,0,0,-3,-3,-4,-18
2225,2225,1503688279096,-1,-5,-4,-2,-1,-4,-2,-6
2226,2226,1503688279112,-10,-4,-2,-1,2,-2,-3,4
2227,2227,1503688279118,-8,-3,-5,0,0,3,1,-8
2228,2228,1503688279126,0,2,1,0,0,-1,1,6
2229,2229,1503688279133,-1,2,-5,-2,3,3,-1,6
2230,2230,1503688279149,8,-5,-5,1,-1,2,0,-7
2231,2231,1503688279155,-12,-2,-1,0,-2,-1,-1,-12
2232,2232,1503688279171,-6,9,5,1,-1,-3,0,-12
2233,2233,1503688279178,-2,-5,0,0,2,-3,0,-2
2234,2234,1503688279188,1,-5,-1,-2,0,-2,1,0
2235,2235,1503688279200,0,2,0,1,-2,0,-1,-2
2236,2236,1503688279208,-8,-2,-1,0,2,0,0,0
2237,2237,1503688279215,7,-3,0,-1,-1,-2,0,14
2238,2238,1503688279230,-1,-5,-7,-5,-2,0,-3,-21
2239,2239,1503688279237,3,4,-1,0,-2,-2,0,7
2240,2240,1503688279246,10,13,3,-1,0,0,-1,-10
2241,2241,1503688279261,-7,-12,-6,-4,-1,-4,-3,-15
2242,2242,1503688279268,-8,-11,-4,-1,-1,0,-2,3
2243,2243,1503688279275,7,12,1,1,-2,1,0,9
2244,2244,1503688279291,-9,-3,-1,0,-1,1,-4,-11
2245,2245,1503688279298,5,-7,-2,-1,0,-2,2,0
2246,2246,1503688279305,0,9,2,2,-2,-2,1,8
2247,2247,1503688279322,-7,-6,-3,-3,-3,4,-3,-10
2248,2248,1503688279329,3,4,2,-2,-2,-2,0,10
2249,2249,1503688279335,3,-1,2,-1,1,0,3,10
2250,2250,1503688279350,1,6,-1,-3,-3,-3,2,2
2251,2251,1503688279358,3,5,7,2,0,0,-1,1
2252,2252,1503688279365,-2,10,11,1,9,-3,-4,-6
2253,2253,1503688279366,1,-12,-7,-3,-9,-1,1,15
2254,2254,1503688279380,-11,-12,-8,-2,-3,0,-3,-14
2255,2255,1503688279389,-7,-2,-4,0,2,2,1,10
2256,2256,1503688279402,13,11,4,-1,-1,1,0,-11
2257,2257,1503688279403,-6,0,0,0,0,-3,0,10
2258,2258,1503688279411,-5,-4,0,0,1,-1,-5,-8
2259,2259,1503688279417,1,-2,0,0,-1,-3,-3,-2
2260,2260,1503688279433,16,0,2,-1,-6,-2,1,24
2261,2261,1503688279440,6,5,3,-3,0,-1,3,16
2262,2262,1503688279457,0,-6,-5,-1,-2,0,0,-4
2263,2263,1503688279470,-1,-5,-1,-4,-4,-1,-1,0
2264,2264,1503688279471,4,4,1,-1,-4,-3,2,-1
2265,2265,1503688279477,-2,8,3,2,3,2,-3,-17
2266,2266,1503688279486,-5,-10,0,0,1,-1,-3,-7
2267,2267,1503688279500,-1,-5,-5,-2,-3,-3,-1,-4
2268,2268,1503688279508,-2,7,0,-1,3,0,2,-6
2269,2269,1503688279515,-7,-6,-2,-4,-4,-2,-2,-3
2270,2270,1503688279531,-7,-2,-3,1,-1,3,1,-15
2271,2271,1503688279538,9,-2,-1,1,-3,-1,0,7
2272,2272,1503688279546,0,7,0,0,-2,-4,-5,-31
2273,2273,1503688279561,-8,-10,-3,0,2,1,1,15
2274,2274,1503688279568,3,-4,3,1,1,1,-5,-1
2275,2275,1503688279575,4,1,1,-2,-1,-2,-1,-4
2276,2276,1503688279592,-3,-17,-7,-3,-1,-2,-2,16
2277,2277,1503688279598,-5,-2,1,-1,-3,-1,-3,-6
2278,2278,1503688279605,5,5,6,1,1,-1,2,6
2279,2279,1503688279620,-1,2,1,-1,0,-3,-2,-9
2280,2280,1503688279628,5,-2,-3,-3,-2,-1,1,16
2281,2281,1503688279635,-8,2,2,2,-9,3,-5,-4
2282,2282,1503688279651,-5,1,-3,0,-1,-2,-1,-2
2283,2283,1503688279659,1,-1,-3,-1,4,-1,2,2
2284,2284,1503688279667,-4,-7,-6,-1,-2,-1,-3,-8
2285,2285,1503688279680,-4,-1,-5,-1,3,-1,-2,-2
2286,2286,1503688279690,8,1,4,1,1,1,0,-11
2287,2287,1503688279695,4,-4,0,-1,-2,0,0,-5
2288,2288,1503688279710,-9,1,0,-1,-1,-4,-5,-6
2289,2289,1503688279717,1,-1,-2,1,0,1,-1,-3
2290,2290,1503688279726,4,10,6,3,0,-2,1,6
2291,2291,1503688279740,0,-1,3,-3,0,-3,-4,1
2292,2292,1503688279748,-2,-4,0,-2,-2,0,3,13
2293,2293,1503688279757,5,4,-2,-3,-1,-1,2,6
2294,2294,1503688279770,1,1,1,-2,-1,3,-2,4
2295,2295,1503688279777,-7,-4,-1,0,8,-1,-3,-4
2296,2296,1503688279785,1,2,-2,0,-2,-1,0,0
2297,2297,1503688279800,7,-2,-1,-1,-1,-1,-1,5
2298,2298,1503688279808,-6,-2,-3,1,-3,-5,0,-5
2299,2299,1503688279815,-13,1,1,3,0,-1,0,-10
2300,2300,1503688279830,3,2,0,-1,-3,-2,3,6
2301,2301,1503688279837,-1,-4,1,-2,-4,-1,1,-2
2302,2302,1503688279846,-8,-2,-3,-4,3,-1,-2,-1
2303,2303,1503688279862,-10,-12,-2,-2,-3,-1,-2,-8
2304,2304,1503688279868,0,0,-2,-3,0,-2,0,1
2305,2305,1503688279875,18,8,-1,0,3,4,2,6
2306,2306,1503688279892,13,8,0,-1,-2,0,0,0
2307,2307,1503688279898,1,8,3,2,-1,0,0,-7
2308,2308,1503688279905,-13,-5,-2,-2,-2,1,-1,1
2611,2611,1503688282876,6,13,3,4,2,-2,-1,5
2612,2612,1503688282883,-7,-13,-12,-4,-5,-5,-1,-6
2613,2613,1503688282897,0,2,-2,2,0,0,0,0
2614,2614,1503688282906,-20,-16,-9,-1,-8,-4,-4,-23
2615,2615,1503688282913,19,0,-1,-2,1,-1,0,5
2616,2616,1503688282934,-1,9,16,9,-5,-2,4,4
2617,2617,1503688282936,-11,-6,-7,-6,-5,1,0,-5
2618,2618,1503688282943,-2,8,12,4,6,0,-1,3
2619,2619,1503688282957,6,5,5,0,11,0,-1,10
2620,2620,1503688282965,2,-9,-3,-3,-3,1,0,6
2621,2621,1503688282980,-5,-4,-4,6,4,-7,-4,-4
2622,2622,1503688282987,6,-6,-7,-3,2,-2,-2,7
2623,2623,1503688282995,2,-8,-4,0,-3,1,0,-11
2624,2624,1503688283011,11,11,-1,0,0,-6,0,10
2625,2625,1503688283017,-3,-2,0,-1,2,-3,-5,-8
2626,2626,1503688283025,0,-4,-1,-6,-2,0,0,-6
2627,2627,1503688283040,-3,-9,-8,-1,-2,0,0,14
2628,2628,1503688283047,6,-1,1,2,-4,0,1,1
2629,2629,1503688283055,4,6,-1,-5,-6,1,2,-3
2630,2630,1503688283069,5,3,2,6,6,2,1,3
2631,2631,1503688283078,-4,4,3,6,2,2,-2,-1
2632,2632,1503688283085,-3,1,0,2,13,0,-1,-1
2633,2633,1503688283100,-12,1,2,-4,0,4,-2,-8
2634,2634,1503688283108,1,-4,-7,-7,-11,-3,-2,0
2635,2635,1503688283116,-3,2,-1,0,-8,-3,0,3
2636,2636,1503688283129,11,8,6,-5,-8,-2,1,7
2637,2637,1503688283138,4,4,5,2,5,0,2,3
2638,2638,1503688283145,4,-11,-2,0,-3,0,-2,-2
2639,2639,1503688283160,-7,-9,-8,6,1,0,0,-5
2640,2640,1503688283167,10,5,2,-3,2,-3,-1,11
2641,2641,1503688283175,4,-11,-2,-8,-4,-1,-1,0
2642,2642,1503688283189,-4,-1,-4,3,5,-1,2,-4
2643,2643,1503688283197,-5,1,2,-7,-16,-3,-4,-9
2644,2644,1503688283205,-5,-8,-4,0,-12,-1,-5,-7
2645,2645,1503688283220,5,4,-2,-6,2,0,3,12
2646,2646,1503688283227,-12,-10,-7,0,8,-3,1,-3
2647,2647,1503688283235,-5,-2,-2,0,1,-3,-3,-5
2648,2648,1503688283250,-14,-6,-2,-2,-4,-1,-3,-21
2649,2649,1503688283257,15,5,0,1,6,4,5,15
2650,2650,1503688283272,-1,17,10,9,5,0,0,-2
2651,2651,1503688283282,-8,0,15,-1,-1,-5,-2,3
2652,2652,1503688283294,-7,-9,-5,-6,-10,-2,-2,2
2653,2653,1503688283296,8,4,-3,-5,2,-2,-2,0
2654,2654,1503688283311,-3,-3,0,-2,-2,1,0,7
2655,2655,1503688283318,-5,2,3,-2,-9,-1,0,3
2656,2656,1503688283325,1,-7,-8,-3,1,9,-3,0
2657,2657,1503688283347,-4,0,1,1,-2,2,-6,-9
2658,2658,1503688283348,-10,-7,-4,-8,4,-6,-1,3
2659,2659,1503688283355,-7,-3,0,0,-4,2,0,-8
2660,2660,1503688283370,11,3,1,-1,2,0,-1,-1
2661,2661,1503688283378,-5,-2,-2,6,2,0,-1,6
2662,2662,1503688283385,0,-2,-1,0,-6,0,-1,7
2663,2663,1503688283400,-14,4,-4,-2,4,0,-4,-7
2664,2664,1503688283407,-4,-1,0,-3,-3,0,1,8
2665,2665,1503688283415,-2,-6,1,0,0,-3,-3,-8
2666,2666,1503688283429,11,6,-3,2,2,-2,-1,-6
2667,2667,1503688283437,2,-1,-3,0,0,-1,1,-3
2668,2668,1503688283446,2,9,3,2,2,2,1,1
2669,2669,1503688283460,1,-1,-4,-3,2,-3,-1,-2
2670,2670,1503688283467,-8,-18,-24,-10,-3,-6,-4,-7
2671,2671,1503688283476,9,16,10,2,1,2,1,2
2672,2672,1503688283489,-6,3,0,0,-4,-1,-3,-11
2673,2673,1503688283497,5,14,-1,1,-1,-1,3,7
2674,2674,1503688283505,-6,-11,3,2,-1,-2,-1,-3
2675,2675,1503688283520,4,-43,-12,-3,1,4,-1,0
2676,2676,1503688283526,-7,0,0,-2,-4,-1,1,-2
2677,2677,1503688283527,-2,-18,-10,-2,0,2,0,1
2678,2678,1503688283535,3,6,-4,-3,-19,-6,1,8
2679,2679,1503688283549,0,-3,2,-2,0,0,0,1
2680,2680,1503688283557,-4,4,0,2,13,1,-1,-6
2681,2681,1503688283565,-4,9,4,2,-3,-1,2,10
2682,2682,1503688283580,-3,-5,-5,-4,0,4,1,-1
2683,2683,1503688283587,1,-4,-3,-2,-7,-1,2,13
2684,2684,1503688283595,-4,-6,4,-1,-3,-3,-1,2
2685,2685,1503688283613,-1,10,5,-2,3,1,-1,-4
2686,2686,1503688283617,-1,6,2,-2,-2,-2,-3,-9
2687,2687,1503688283625,2,-1,3,3,-3,-4,0,-5
2688,2688,1503688283640,-5,0,-2,2,5,1,-2,-1
2689,2689,1503688283647,3,0,0,0,0,-1,-2,-3
2690,2690,1503688283655,1,4,5,0,-8,-1,2,10
2691,2691,1503688283669,-1,10,3,1,-4,-6,-4,-2
2692,2692,1503688283678,-8,8,7,1,3,-1,4,-16
2693,2693,1503688283686,4,-3,3,-1,4,2,-1,19
2694,2694,1503688283700,-12,-5,-3,-3,0,0,1,12
3031,3031,1503688287037,-4,-4,1,-7,-4,0,-3,-3
3032,3032,1503688287045,1,-3,-8,-2,-6,-4,-7,-5
3033,3033,1503688287061,1,-2,6,1,2,-2,-1,2
3034,3034,1503688287068,-3,-17,-9,0,-1,0,1,-3
3035,3035,1503688287075,-3,12,7,0,2,1,-3,-32
3036,3036,1503688287089,10,18,-1,-1,0,1,0,-2
3037,3037,1503688287097,1,13,0,0,2,-2,1,-2
3038,3038,1503688287112,2,1,0,-1,-1,-1,-1,2
3039,3039,1503688287120,-3,15,1,-1,-1,-1,-2,-4
3040,3040,1503688287136,8,4,8,0,1,3,4,9
3041,3041,1503688287137,2,-4,-3,-3,-4,-1,2,9
3042,3042,1503688287150,6,4,-1,-3,-3,-2,1,-5
3043,3043,1503688287157,5,-1,6,5,8,0,-3,5
3044,3044,1503688287165,-4,3,-1,-1,2,2,4,11
3045,3045,1503688287180,6,6,6,0,0,-2,0,8
3046,3046,1503688287187,-4,-3,6,4,0,0,2,25
3047,3047,1503688287197,-11,-13,-5,-1,-1,2,1,-1
3048,3048,1503688287210,3,6,9,0,2,-3,-2,-19
3049,3049,1503688287217,20,-7,-4,-3,-4,-2,1,0
3050,3050,1503688287225,-4,-5,-5,-4,-1,-1,-3,2
3051,3051,1503688287240,-14,-5,0,0,-2,-3,-2,2
3052,3052,1503688287247,4,-2,-3,3,-1,0,3,7
3053,3053,1503688287255,1,-13,-9,-3,-3,-3,-11,5
3054,3054,1503688287270,-15,-16,-10,-3,2,-4,-6,-17
3055,3055,1503688287277,5,-7,-7,-1,-1,4,1,0
3056,3056,1503688287285,-12,-16,-8,-3,-1,-3,-5,-16
3057,3057,1503688287300,-3,-5,-4,-1,0,0,3,15
3058,3058,1503688287307,4,-3,-1,-4,-2,1,2,-1
3059,3059,1503688287315,-7,7,-2,-2,0,-1,-2,-15
3060,3060,1503688287329,-5,-6,0,0,-1,-2,-1,-12
3061,3061,1503688287330,1,5,-4,-3,-3,0,2,1
3062,3062,1503688287337,-7,0,4,0,0,0,-1,-4
3063,3063,1503688287344,7,8,2,-2,-6,-2,-1,7
3064,3064,1503688287360,21,6,0,1,0,-1,0,22
3065,3065,1503688287367,2,1,-3,-1,-6,-1,-1,-3
3066,3066,1503688287375,-11,-9,-5,-2,0,0,0,-5
3067,3067,1503688287389,-21,-2,3,1,8,-2,-4,-22
3068,3068,1503688287397,-12,14,4,1,-2,1,-2,-14
3069,3069,1503688287405,-24,-11,-4,0,-1,1,-2,-9
3070,3070,1503688287420,-5,-4,1,3,1,1,0,-25
3071,3071,1503688287429,15,0,-4,-3,1,-2,-1,12
3072,3072,1503688287435,7,-4,-3,-1,-2,-2,0,-2
3073,3073,1503688287449,-5,2,-2,-2,-1,-2,-2,-15
3074,3074,1503688287450,-8,5,2,0,-3,0,-2,-2
3075,3075,1503688287457,-5,-4,0,-2,0,-2,0,-1
3076,3076,1503688287465,10,8,3,2,-4,0,-2,6
3077,3077,1503688287480,-5,-2,0,1,-1,-2,-1,-3
3078,3078,1503688287487,2,-2,-2,-2,-7,0,0,4
3079,3079,1503688287497,4,-2,7,0,7,1,2,17
3080,3080,1503688287509,-2,3,7,4,-1,-3,-3,7
3081,3081,1503688287517,-9,-7,-6,-2,1,-1,-1,-5
3082,3082,1503688287525,-17,-4,-3,-1,2,-2,-4,-22
3083,3083,1503688287540,4,2,2,6,-2,-3,-1,9
3084,3084,1503688287548,7,-6,-6,-4,-3,-3,1,-1
3085,3085,1503688287555,5,4,-4,-8,-4,-2,0,-6
3086,3086,1503688287569,6,2,0,-1,3,0,0,4
3087,3087,1503688287577,-4,-1,1,-3,-4,-2,-3,0
3088,3088,1503688287584,-5,-11,-5,0,-2,0,-2,10
3089,3089,1503688287585,-2,9,6,0,1,-1,-1,-12
3090,3090,1503688287600,5,5,-5,-3,-3,3,3,-4
3091,3091,1503688287607,-2,-2,0,2,1,0,2,27
3092,3092,1503688287615,-3,-5,1,1,0,0,-2,2
3093,3093,1503688287630,3,-5,-3,-3,-2,-3,-1,8
3094,3094,1503688287637,17,15,7,-1,0,0,4,35
3095,3095,1503688287651,0,4,2,0,-1,0,-5,-32
3096,3096,1503688287660,8,-6,-3,2,-1,0,0,-7
3097,3097,1503688287667,-23,1,0,2,0,-1,-6,-29
3098,3098,1503688287682,-8,-4,-3,-2,-2,-3,-2,-4
3099,3099,1503688287689,-9,-2,2,3,0,-1,-5,-10
3100,3100,1503688287698,-9,-4,-1,-2,-2,-1,1,-1
3101,3101,1503688287711,3,-1,-2,-2,-3,-1,1,34
3102,3102,1503688287712,6,-3,-6,-4,-1,1,1,21
3103,3103,1503688287720,6,0,-5,-2,-3,0,-3,-4
3104,3104,1503688287727,1,2,0,0,-2,0,1,-3
3105,3105,1503688287742,-13,-7,-3,0,-1,-1,-2,-19
3106,3106,1503688287749,29,6,-2,-2,-1,-1,4,29
3107,3107,1503688287757,-3,-6,-1,0,0,-1,0,-3
3108,3108,1503688287773,-2,-5,-2,-2,0,0,-1,-5
3109,3109,1503688287780,-7,-3,-1,-3,1,0,-1,2
3110,3110,1503688287787,7,-3,-1,0,-1,-2,0,10
3111,3111,1503688287802,-1,-2,-5,-3,-4,-2,0,18
3112,3112,1503688287809,-13,1,1,0,0,-1,-1,-2
3113,3113,1503688287817,-10,-3,-2,0,-3,-3,1,-10
3114,3114,1503688287832,-2,-7,-4,-4,-1,-1,2,-1
3115,3115,1503688287840,2,2,2,-2,3,2,-1,0
3116,3116,1503688287847,-2,-1,-3,1,1,1,-2,-9
3117,3117,1503688287865,17,13,1,-2,0,-2,-5,-4
3118,3118,1503688287869,-1,-5,-2,-3,-1,0,0,0
3119,3119,1503688287877,-7,1,4,3,3,-1,-5,-10
3120,3120,1503688287891,3,2,2,3,0,-3,-4,-10
3121,3121,1503688287900,-8,-1,2,2,-3,-2,-2,-34
3122,3122,1503688287907,3,11,10,-1,0,1,-1,-3
3123,3123,1503688287922,-1,-11,-4,-1,0,3,5,10
3124,3124,1503688287937,11,25,6,3,-2,1,1,11
3125,3125,1503688287938,13,2,-4,-1,-3,-5,1,46
3126,3126,1503688287951,-2,-10,-5,-2,-3,-2,1,-7
3127,3127,1503688287960,-2,-5,0,1,1,-1,-4,-15
3128,3128,1503688287967,-4,-1,-3,-2,-1,-2,-4,-5
3129,3129,1503688287984,6,0,0,2,-2,2,0,6
3130,3130,1503688287990,-8,-9,-6,-5,0,0,1,-2
3131,3131,1503688288003,-3,-3,-1,-2,1,1,-1,-1
3132,3132,1503688288012,-1,4,-3,2,-1,-2,1,19
3133,3133,1503688288020,-9,3,3,1,2,-2,1,1
3134,3134,1503688288027,0,-11,-3,-4,-4,0,-2,9
3135,3135,1503688288042,0,-2,0,-2,-3,0,-2,3
3136,3136,1503688288049,-1,-1,-1,-3,-3,-2,3,-8
3137,3137,1503688288057,-12,-5,-3,-2,1,-2,-4,-26
3138,3138,1503688288071,0,-6,-1,-1,1,1,-3,8
3139,3139,1503688288080,-8,-2,-2,-2,-1,1,-5,-18
3140,3140,1503688288087,-3,-1,-2,0,-1,-2,0,32
3141,3141,1503688288102,5,4,3,1,-3,-1,-1,4
3142,3142,1503688288109,5,1,1,2,1,5,2,-19
3143,3143,1503688288117,8,4,-3,-1,-3,0,2,8
3144,3144,1503688288133,-2,-6,-3,-2,-3,-1,1,-3
3145,3145,1503688288140,-1,-8,-3,0,-2,-4,-2,-11
3146,3146,1503688288147,1,-1,1,1,0,-2,-3,-4
3147,3147,1503688288162,-2,-9,-3,-1,-1,-2,2,13
3148,3148,1503688288171,0,-8,-11,-3,2,-1,-2,-12
3149,3149,1503688288177,4,3,0,1,0,0,2,13
3150,3150,1503688288191,-2,-2,0,-1,-4,-1,-2,-16
3151,3151,1503688288201,-6,-3,-2,-4,0,-1,-2,-10
3152,3152,1503688288208,4,1,3,-1,2,-1,2,-1
3153,3153,1503688288223,-3,1,2,-2,-1,0,-2,2
3154,3154,1503688288229,-5,-1,0,-2,3,-3,-2,-1
3155,3155,1503688288237,2,4,2,0,-1,0,1,-5
3156,3156,1503688288252,1,0,-1,-2,2,-4,-5,0
3157,3157,1503688288260,1,5,1,-5,0,0,2,-1
3158,3158,1503688288268,-6,2,1,-1,-2,-1,0,1
3159,3159,1503688288282,1,-1,-1,1,1,-1,-4,4
3160,3160,1503688288290,2,2,-2,1,0,0,1,27
3161,3161,1503688288300,3,9,3,3,1,-2,-4,-8
3162,3162,1503688288312,-1,-3,1,5,-3,-3,-3,-9
3163,3163,1503688288320,-6,-12,-2,-1,1,0,0,3
3164,3164,1503688288327,6,5,0,3,3,-2,-1,-10
3165,3165,1503688288342,2,-2,0,-1,-1,-1,-3,0
3166,3166,1503688288350,-4,1,0,-6,-4,-3,-2,-12
3167,3167,1503688288358,-3,-1,-2,6,2,2,-1,7
3168,3168,1503688288372,-2,-1,0,1,-1,-1,-2,1
3169,3169,1503688288380,-6,-1,-3,-3,0,-1,2,1
3170,3170,1503688288394,1,-4,-1,-1,-2,1,1,26
3171,3171,1503688288402,-1,10,2,-1,0,0,1,-1
3574,3574,1503688292363,1,-2,-7,-1,-1,0,-1,6
3575,3575,1503688292369,-11,-14,-12,-7,-4,-5,-8,-12
3576,3576,1503688292384,5,-10,-4,-5,-6,1,-2,3
3577,3577,1503688292392,-6,-4,-5,-1,0,0,-2,-5
3578,3578,1503688292400,-26,-3,-19,-7,-14,1,-2,0
3579,3579,1503688292414,2,-9,1,2,2,-2,-1,-2
3580,3580,1503688292422,9,24,-4,-2,-1,-6,-2,-6
3581,3581,1503688292430,13,27,-9,0,4,-1,-2,-2
3582,3582,1503688292444,-15,-45,-44,-13,0,1,-12,-19
3583,3583,1503688292455,2,-11,-8,-5,-6,-3,-1,13
3584,3584,1503688292460,-7,-5,0,0,-5,-1,2,-16
3585,3585,1503688292474,9,7,3,1,-4,-2,-2,7
3586,3586,1503688292482,-5,1,18,7,21,2,2,3
3587,3587,1503688292490,3,7,14,21,22,4,1,8
3588,3588,1503688292504,2,3,6,5,1,6,2,2
3589,3589,1503688292512,-14,-6,-5,-8,-10,-4,-3,-1
3590,3590,1503688292521,9,10,12,-2,-12,-3,0,1
3591,3591,1503688292534,-13,-13,-3,-3,-5,4,4,20
3592,3592,1503688292542,9,36,51,11,-2,-9,-9,4
3593,3593,1503688292549,5,-3,-3,-3,-1,-2,1,11
3594,3594,1503688292565,-6,-17,-16,-4,6,-5,1,-1
3595,3595,1503688292572,15,18,7,3,3,-1,-2,7
3596,3596,1503688292580,-2,-4,-9,-2,-4,-1,3,14
3597,3597,1503688292594,-11,-9,-8,-15,-35,-6,0,-10
3598,3598,1503688292602,8,39,30,8,-2,0,3,-14
3599,3599,1503688292609,5,8,-1,-5,2,-13,-8,-13
3600,3600,1503688292625,16,-6,5,1,-17,3,7,18
3601,3601,1503688292632,-6,1,7,0,11,3,-7,-5
3602,3602,1503688292640,26,5,-12,3,6,5,3,25
3603,3603,1503688292656,-22,6,8,2,-3,-5,1,-36
3604,3604,1503688292660,27,-14,-10,-3,-3,-2,1,6
3605,3605,1503688292662,-24,-27,-8,-6,2,-1,-5,-23
3606,3606,1503688292670,-3,4,-3,-3,4,3,-1,-5
3607,3607,1503688292684,-28,-39,-13,-4,-1,1,-6,-36
3608,3608,1503688292694,-10,-3,4,-4,-2,2,1,-5
3609,3609,1503688292700,7,-10,-8,-8,5,10,0,1
3610,3610,1503688292714,0,6,-2,5,9,-1,2,-4
3611,3611,1503688292723,-29,-6,-8,-5,2,-2,-4,-7
3612,3612,1503688292730,0,17,22,4,-9,-2,-3,-6
3613,3613,1503688292744,-28,-1,-5,-2,9,-7,-1,-16
3614,3614,1503688292752,19,3,-1,6,7,-1,3,26
3615,3615,1503688292761,11,-2,-2,0,-5,-3,6,10
3616,3616,1503688292774,-15,-8,-5,5,7,-2,-4,-12
3617,3617,1503688292782,6,17,4,-12,-12,-11,-4,7
3618,3618,1503688292790,13,-5,-5,-3,1,9,8,2
3619,3619,1503688292805,7,-4,-2,2,6,-5,-5,-4
3620,3620,1503688292812,-2,6,1,3,0,-3,-2,-7
3621,3621,1503688292822,-3,1,7,2,4,11,0,-13
3622,3622,1503688292834,0,3,-4,0,11,4,-1,-7
3623,3623,1503688292842,16,-8,-5,-6,-14,-3,1,31
3624,3624,1503688292849,-15,-14,-13,-8,-3,3,3,-2
3625,3625,1503688292865,-21,-5,-1,11,-4,-3,4,15
3626,3626,1503688292872,-17,-11,-6,2,-8,-5,2,-3
3627,3627,1503688292880,-1,8,-4,0,-7,10,-3,-9
3628,3628,1503688292894,-4,0,2,-4,-3,-4,-7,-14
3629,3629,1503688292902,2,-3,1,8,-6,-3,6,4
3630,3630,1503688292909,17,21,9,-2,-22,-7,11,49
3631,3631,1503688292926,3,0,-3,-5,-6,-6,-6,-2
3632,3632,1503688292932,8,0,-2,-2,4,-3,-5,-3
3633,3633,1503688292940,0,-1,-5,-2,14,3,3,-10
3634,3634,1503688292954,-8,-5,-2,-4,-3,1,-6,-9
3635,3635,1503688292962,30,7,3,-2,7,1,-1,0
3636,3636,1503688292969,-9,-7,-3,0,1,2,-2,-10
3637,3637,1503688292984,-8,0,-4,1,-3,-7,-2,-4
3638,3638,1503688293002,21,10,4,2,-8,1,-2,12
3639,3639,1503688293014,-4,-9,-2,1,-1,0,-1,-11
3640,3640,1503688293023,-14,-4,1,-2,3,0,-3,-20
3641,3641,1503688293030,-7,15,-6,-2,1,-5,-1,-9
3642,3642,1503688293044,-3,21,17,2,-3,-3,0,20
3643,3643,1503688293052,14,2,2,0,1,-2,-3,-2
3644,3644,1503688293068,-32,-29,-9,0,1,3,-8,-28
3645,3645,1503688293074,9,33,5,0,-2,-1,2,13
3646,3646,1503688293082,-8,-13,10,-1,0,-2,-4,-6
3647,3647,1503688293092,15,-31,-15,0,-1,1,0,11
3648,3648,1503688293104,-3,9,-3,2,3,0,0,2
3649,3649,1503688293112,-24,-9,0,-1,-11,-5,-5,-19
3650,3650,1503688293120,9,-2,3,2,-2,-2,3,14
3651,3651,1503688293134,-17,-14,-5,-4,0,-4,-3,-9
3652,3652,1503688293142,5,-6,-10,-6,1,2,1,0
3653,3653,1503688293149,-5,-4,7,1,1,-1,0,-3
3654,3654,1503688293164,-8,-8,-12,-3,2,2,0,-7
3655,3655,1503688293172,-1,-3,-4,-5,-5,-3,-2,-2
3656,3656,1503688293180,0,-4,-9,-2,3,3,0,2
3657,3657,1503688293194,-5,4,1,-2,-11,-5,-2,0
3658,3658,1503688293202,2,1,1,-3,-7,-2,-4,15
3659,3659,1503688293209,5,-1,-3,-3,9,1,2,19
3660,3660,1503688293225,8,5,-2,1,-1,-5,2,6
3661,3661,1503688293232,6,-2,3,2,4,5,1,24
3964,3964,1503688296164,1,1,-2,-2,2,-4,4,-7
3965,3965,1503688296173,-3,6,5,1,-3,-4,-1,-7
3966,3966,1503688296181,5,6,1,1,2,-1,-1,3
3967,3967,1503688296195,8,-1,-1,-3,-5,-4,0,3
3968,3968,1503688296202,4,7,8,1,4,1,0,5
3969,3969,1503688296211,-9,8,2,-3,1,-2,-2,-17
3970,3970,1503688296224,4,-6,-6,-2,1,0,3,1
3971,3971,1503688296232,3,-6,-3,3,9,3,3,1
3972,3972,1503688296241,-5,6,0,-1,0,0,-4,-3
3973,3973,1503688296254,-14,-9,-9,-4,1,0,-1,-17
3974,3974,1503688296262,-10,3,-4,-2,-1,-6,-1,-2
3975,3975,1503688296269,-9,5,-1,1,-3,-1,-3,-11
3976,3976,1503688296284,10,9,4,-2,-3,0,-2,9
3977,3977,1503688296292,4,-1,-3,-3,-8,-3,-3,1
3978,3978,1503688296300,-4,-4,-2,-2,-2,0,-2,-5
3979,3979,1503688296315,4,-8,-3,0,0,0,4,14
3980,3980,1503688296322,4,5,13,4,-2,-2,-4,-1
3981,3981,1503688296330,3,-6,-11,0,-7,-4,-3,0
3982,3982,1503688296345,-3,2,8,2,-1,-1,-4,-2
3983,3983,1503688296352,7,26,3,-1,0,0,2,9
3984,3984,1503688296360,7,-1,-11,-2,-1,-1,-2,-4
3985,3985,1503688296375,7,-11,-4,-2,-2,1,0,1
3986,3986,1503688296383,-6,2,7,2,0,3,1,-3
3987,3987,1503688296389,6,3,2,5,4,2,1,3
3988,3988,1503688296407,0,-14,-8,-2,-4,-4,0,1
3989,3989,1503688296412,-5,-14,-6,-2,10,1,-10,-4
3990,3990,1503688296420,1,-4,-5,-4,0,-1,0,4
3991,3991,1503688296434,3,2,0,-1,1,-3,1,2
3992,3992,1503688296443,-1,-2,-4,0,-3,3,-2,-5
3993,3993,1503688296450,-1,6,7,1,-3,-1,2,3
3994,3994,1503688296464,0,-1,-2,-2,-1,-3,1,4
3995,3995,1503688296475,-9,-9,-3,0,0,1,2,-1
3996,3996,1503688296481,-1,-2,-2,0,-1,-3,0,-2
3997,3997,1503688296494,-9,1,0,-3,0,1,-3,-1
3998,3998,1503688296495,9,-10,1,2,-5,1,3,6
3999,3999,1503688296502,-2,-10,-1,-1,2,1,-3,-3
4000,4000,1503688296509,-19,-2,0,-2,-5,-2,-16,-28
4001,4001,1503688296524,-5,0,0,3,7,2,-1,-11
4002,4002,1503688296532,-13,-2,1,-1,-21,-12,-7,-13
4003,4003,1503688296541,2,6,4,-4,-9,-5,-4,3
4004,4004,1503688296554,19,8,16,6,11,-2,4,2
4005,4005,1503688296562,-4,0,6,0,1,0,1,-1
4006,4006,1503688296569,26,0,-14,-6,-2,1,5,22
4007,4007,1503688296584,-7,-13,-8,-1,2,1,0,10
4008,4008,1503688296592,-6,-6,14,3,5,5,0,4
4009,4009,1503688296601,-1,-23,-3,0,0,0,-3,-12
4010,4010,1503688296614,-3,3,-24,-9,-1,-1,1,2
4011,4011,1503688296622,5,5,1,4,3,-3,1,4
4012,4012,1503688296629,-1,-17,-7,-4,2,1,0,7
4013,4013,1503688296645,-6,-6,-18,-9,-13,0,1,-3
4014,4014,1503688296652,-1,5,2,2,1,-1,-1,-6
4015,4015,1503688296662,-2,2,2,-3,1,-2,0,3
4016,4016,1503688296675,7,7,7,0,1,1,2,4
4017,4017,1503688296682,-5,-2,-1,-6,-11,-5,-2,-1
4018,4018,1503688296683,4,7,-5,6,9,-2,1,5
4019,4019,1503688296689,2,2,3,1,-17,1,1,-2
4020,4020,1503688296704,-5,3,2,0,1,-3,-2,0
4021,4021,1503688296714,-10,-3,1,-2,12,-1,3,20
4022,4022,1503688296720,-3,1,1,-5,-2,9,-2,0
4023,4023,1503688296734,-12,-5,-8,-6,-4,-5,4,-22
4024,4024,1503688296742,-14,-8,-3,-2,-1,-1,-2,-17
4025,4025,1503688296750,-2,8,6,4,11,-2,-3,-16
4026,4026,1503688296764,14,8,-5,-1,3,-5,-3,-1
4027,4027,1503688296772,-6,-5,-5,-3,-5,-2,-3,1
4028,4028,1503688296780,12,11,-4,-7,-7,1,1,5
4029,4029,1503688296794,6,2,-1,2,6,-2,1,8
4030,4030,1503688296802,-5,-4,4,1,-3,-4,0,11
4031,4031,1503688296809,3,6,7,4,-1,4,-7,-22
4032,4032,1503688296824,-15,-5,0,1,0,-1,-2,0
4033,4033,1503688296832,0,-10,-7,-3,-6,0,-3,5
4034,4034,1503688296840,9,-5,-9,-4,-1,-3,3,8
4035,4035,1503688296855,-12,-2,-4,0,-1,0,1,-7
4036,4036,1503688296863,-2,-2,1,-1,-3,-4,0,-12
4037,4037,1503688296869,7,2,0,-3,-11,1,3,38
4038,4038,1503688296885,-8,-13,0,0,3,-1,-3,-12
4039,4039,1503688296892,3,5,-2,1,1,-2,-1,12
4040,4040,1503688296901,0,4,2,-1,0,1,-1,9
4041,4041,1503688296914,16,1,-1,-2,2,1,1,-9
4042,4042,1503688296923,5,1,-1,-3,0,3,-1,4
4043,4043,1503688296929,-21,-4,-3,-3,-3,-3,0,-7
4044,4044,1503688296944,-8,2,4,2,2,-2,-4,-15
4045,4045,1503688296953,9,-2,1,1,1,0,1,9
4046,4046,1503688296967,-12,2,-2,1,-3,3,-2,-9
4047,4047,1503688296974,-10,3,3,1,-9,-3,-2,-11
4048,4048,1503688296984,-4,-3,0,0,-5,4,-4,0
4049,4049,1503688296996,-3,-5,2,2,3,-1,-5,-13
4050,4050,1503688297004,5,-9,-4,-2,-2,-6,-1,-8
4051,4051,1503688297012,0,13,5,-2,3,3,-1,-1
4052,4052,1503688297027,5,5,-1,1,-1,-2,-2,8
4053,4053,1503688297034,4,-9,-9,-4,-2,0,1,7
4054,4054,1503688297044,8,7,5,2,-3,0,2,6
4055,4055,1503688297056,2,1,1,-2,2,1,-2,11
4056,4056,1503688297064,7,5,2,1,5,1,2,5
4057,4057,1503688297072,0,-2,0,1,4,0,-4,-5
4058,4058,1503688297087,1,-2,-4,-3,8,3,1,-4
4059,4059,1503688297094,-6,-3,-2,-4,-3,-5,-6,-28
4060,4060,1503688297102,2,0,-1,1,-1,-4,-3,-5
4061,4061,1503688297116,-3,-5,-1,0,-4,-1,0,1
4062,4062,1503688297124,-9,0,2,-1,-5,-1,-2,-9
4063,4063,1503688297132,-8,-13,-14,-4,3,3,0,-4
4064,4064,1503688297147,9,-5,-3,-4,-3,-1,-2,-7
4065,4065,1503688297154,3,-6,-8,0,-3,-5,-1,8
4066,4066,1503688297162,-7,-9,-1,1,-1,-5,-4,-3
4067,4067,1503688297178,0,3,1,-2,-1,1,-2,-5
4068,4068,1503688297184,4,4,1,1,5,-2,0,-1
4069,4069,1503688297192,4,8,4,0,-5,-2,1,8
4070,4070,1503688297207,3,1,2,2,-6,0,0,16
4071,4071,1503688297216,0,2,4,3,-2,1,1,22
4072,4072,1503688297222,1,-3,-3,-3,-3,-2,-2,8
4073,4073,1503688297245,8,0,2,1,2,1,-2,0
4074,4074,1503688297246,-1,-7,-5,-2,1,0,-1,0
4075,4075,1503688297253,1,29,17,5,5,-2,0,0
4076,4076,1503688297267,4,-1,-3,-4,-4,0,0,-9
4077,4077,1503688297274,-15,-9,-3,0,-1,1,-6,-22
4078,4078,1503688297284,-8,-1,2,0,-1,-2,2,1
4079,4079,1503688297296,0,-2,-1,-6,-4,-2,1,5
4080,4080,1503688297304,-3,-1,-1,-1,-11,1,-1,-2
4081,4081,1503688297312,-3,-3,2,3,2,0,1,1
4551,4551,1503688301969,2,9,-2,-12,-3,-22,-3,-15
4552,4552,1503688301983,1,7,1,7,15,9,1,20
4553,4553,1503688301985,12,-2,-4,-4,5,3,1,20
4554,4554,1503688302002,10,-5,-1,-3,-1,-7,-1,-5
4555,4555,1503688302007,0,8,3,3,1,3,-2,-3
4556,4556,1503688302014,-15,-21,-4,-5,-1,3,-4,-7
4557,4557,1503688302029,10,-12,-7,2,1,3,-3,8
4558,4558,1503688302037,-4,15,2,-2,0,-4,2,-6
4559,4559,1503688302045,-6,-5,-2,2,3,0,0,-9
4560,4560,1503688302059,6,5,-5,-5,4,0,-2,3
4561,4561,1503688302069,-4,6,4,1,4,9,0,-8
4562,4562,1503688302074,9,9,4,0,6,2,3,37
4563,4563,1503688302089,4,1,0,-1,2,4,-2,-35
4564,4564,1503688302096,14,4,-3,-3,6,0,6,32
4565,4565,1503688302097,-3,-1,0,0,-10,-5,-2,-16
4566,4566,1503688302105,-6,-1,-3,-1,3,7,-3,0
4567,4567,1503688302119,2,-4,-1,-1,-4,-2,-2,8
4568,4568,1503688302127,-6,-10,-4,0,-3,-4,-2,2
4569,4569,1503688302136,-10,-2,-2,-3,-3,0,0,0
4570,4570,1503688302149,-14,-8,-5,-4,1,-3,-1,-4
4571,4571,1503688302156,1,2,4,2,-4,0,1,-9
4572,4572,1503688302164,7,10,5,3,-2,-5,1,16
4573,4573,1503688302179,3,3,1,-2,-3,1,-2,-1
4574,4574,1503688302187,4,5,2,3,1,2,0,19
4575,4575,1503688302194,0,-6,-8,0,4,1,-2,-28
4576,4576,1503688302209,-2,1,2,1,-1,-10,-1,-8
4577,4577,1503688302217,2,2,0,-2,-1,0,0,-7
4578,4578,1503688302225,-6,-4,-1,0,0,-2,-6,-10
4579,4579,1503688302240,1,-10,-8,-2,-14,-5,-2,9
4580,4580,1503688302247,-2,-1,0,3,-2,2,1,-3
4581,4581,1503688302254,-3,2,-1,1,2,0,-1,3
4582,4582,1503688302270,4,6,2,-4,-1,-2,-3,5
4583,4583,1503688302277,-2,0,0,0,0,-3,-3,-7
4584,4584,1503688302285,-2,0,0,-3,-2,-6,1,17
4585,4585,1503688302299,-9,7,1,-3,2,-5,-2,-14
4586,4586,1503688302307,3,-2,-1,1,4,1,-10,-15
4587,4587,1503688302314,13,-2,-2,0,-3,-4,0,16
4588,4588,1503688302329,-7,2,2,1,1,0,2,-16
4589,4589,1503688302338,-7,6,6,1,11,-1,-2,-31
4590,4590,1503688302345,1,-6,0,-2,-3,1,2,18
4591,4591,1503688302359,-4,-4,-2,0,-1,2,-2,-6
4592,4592,1503688302367,-5,-2,-2,-1,0,1,-1,-24
4593,4593,1503688302374,2,-2,0,0,3,3,2,17
4594,4594,1503688302389,2,-2,-5,0,3,8,0,3
4595,4595,1503688302396,3,18,10,1,5,11,0,13
4596,4596,1503688302405,1,3,1,0,0,1,2,0
4597,4597,1503688302419,14,-11,-5,-5,-5,-7,-2,35
4598,4598,1503688302427,-2,4,1,3,-4,2,0,-7
4599,4599,1503688302434,-6,-3,-2,-1,-7,-4,-5,-21
4600,4600,1503688302449,-1,-1,2,-2,-1,-5,1,3
4601,4601,1503688302463,-8,-9,-5,-1,4,1,3,-10
4602,4602,1503688302465,-5,-8,-4,-3,-2,-1,-4,-1
4603,4603,1503688302479,5,1,-1,0,-6,-3,0,2
4604,4604,1503688302487,3,4,-4,-2,-4,0,0,4
4605,4605,1503688302494,-3,-3,-1,-1,-3,-8,1,-5
4606,4606,1503688302509,4,4,0,-4,0,-2,-2,1
4607,4607,1503688302517,-2,0,-2,0,0,0,-1,-3
4608,4608,1503688302524,-1,-2,-2,-4,9,-4,1,9
4609,4609,1503688302539,3,1,-1,-2,-4,-1,-3,-7
4610,4610,1503688302547,12,-1,-2,-1,-2,-3,4,21
4611,4611,1503688302561,-3,5,6,3,2,-2,-1,-6
4612,4612,1503688302571,-2,8,7,0,-2,-1,-4,-12
4613,4613,1503688302578,-1,-8,-7,-13,-5,-2,-2,5
4614,4614,1503688302591,1,-1,0,9,4,2,0,-2
4615,4615,1503688302599,0,-2,0,-5,-11,-1,-1,3
4616,4616,1503688302608,-3,-10,-4,8,-1,1,0,0
4617,4617,1503688302621,-7,-4,-3,-2,9,-1,-1,-7
4618,4618,1503688302629,-1,6,2,0,-3,-3,-4,-2
4619,4619,1503688302642,2,3,2,-4,-2,-1,-1,2
4620,4620,1503688302652,-2,-3,-1,-2,-12,-8,-2,-4
4621,4621,1503688302659,0,5,2,6,-6,-1,4,-2
4622,4622,1503688302667,-6,-2,-6,-4,4,-1,-3,-8
4623,4623,1503688302681,-2,-15,-6,-7,6,-2,-1,1
4624,4624,1503688302689,0,25,10,4,-3,-1,2,3
4625,4625,1503688302699,4,16,13,12,-4,2,1,2
4626,4626,1503688302712,3,-10,-3,1,6,-1,-2,-2
4627,4627,1503688302719,-6,-8,-5,2,-8,-2,-3,-6
4628,4628,1503688302727,-4,-6,2,17,6,3,2,-1
4629,4629,1503688302742,1,-3,-4,12,8,5,-1,2
4630,4630,1503688302749,1,-5,-10,-13,2,3,-2,5
4631,4631,1503688302757,-4,-4,-8,3,1,-1,-4,-4
4632,4632,1503688302776,-6,28,-13,-3,-7,-7,0,1
4633,4633,1503688302780,11,7,-1,-9,3,2,2,3
4634,4634,1503688302787,4,-18,-6,13,10,4,0,-7
4635,4635,1503688302802,-15,10,6,7,-2,-1,0,-25
4636,4636,1503688302809,3,-3,2,-16,-14,0,-1,10
4637,4637,1503688302817,2,-4,6,-8,-13,-6,-2,0
4638,4638,1503688302831,4,14,-1,2,10,-1,-1,-7
4639,4639,1503688302832,-6,-11,2,-9,-14,-5,-2,-3
4640,4640,1503688302848,-3,-25,-6,4,4,4,1,1
4641,4641,1503688302849,2,-3,2,-4,-6,-4,-4,-11
4642,4642,1503688302861,-3,-11,-4,-9,1,3,0,13
4643,4643,1503688302869,-8,-8,-1,-6,-6,-1,-1,-8
4644,4644,1503688302877,5,-12,-8,-5,-21,-7,6,30
4645,4645,1503688302891,-14,-5,4,-2,-5,-2,-7,-16
4646,4646,1503688302899,-8,-9,0,3,11,13,-1,-13
4647,4647,1503688302907,2,-2,-2,-3,-11,-3,-7,4
4648,4648,1503688302921,20,4,7,1,-2,-3,4,13
4884,4884,1503688305225,-5,-7,1,-3,0,-1,1,-4
4885,4885,1503688305231,5,6,-5,-1,-2,-2,-3,-1
4886,4886,1503688305247,11,15,8,5,13,4,4,-1
4887,4887,1503688305254,-1,-16,-11,-3,-1,1,0,2
4888,4888,1503688305269,-1,-6,1,-1,-7,-2,-1,-2
4889,4889,1503688305277,2,11,6,3,5,4,0,1
4890,4890,1503688305286,20,13,11,1,-1,-1,1,7
4891,4891,1503688305291,-17,-7,-11,-2,0,0,1,-4
4892,4892,1503688305292,-5,14,6,-4,-4,-3,1,0
4893,4893,1503688305307,1,-39,-17,-6,-4,1,3,18
4894,4894,1503688305314,-11,5,11,2,1,-1,-2,-6
4895,4895,1503688305336,-10,26,11,5,0,-1,-1,-12
4896,4896,1503688305337,-10,-3,-5,-4,-4,-1,0,-4
4897,4897,1503688305345,-7,-7,-14,-2,0,-1,0,-3
4898,4898,1503688305359,4,22,1,1,-1,-1,4,8
4899,4899,1503688305367,-15,-1,3,3,-2,-8,-2,-11
4900,4900,1503688305375,32,-3,2,0,-10,-3,-2,5
4901,4901,1503688305390,-19,7,-11,-8,-4,-3,0,11
4902,4902,1503688305398,3,12,8,5,6,-2,-1,0
4903,4903,1503688305404,2,-1,-3,-4,-6,1,1,1
4904,4904,1503688305422,2,1,-2,2,6,3,-2,0
4905,4905,1503688305427,5,7,5,5,1,-1,-2,12
4906,4906,1503688305434,-3,-8,-6,-7,-8,-4,-1,2
4907,4907,1503688305452,9,-6,-3,-2,4,-2,-1,-3
4908,4908,1503688305458,-3,2,0,0,-5,-4,-1,-7
4909,4909,1503688305464,7,1,5,-2,1,4,-1,-6
4910,4910,1503688305479,-4,-13,-5,-6,-1,1,-3,-1
4911,4911,1503688305487,-15,-5,0,8,5,-4,-5,-14
4912,4912,1503688305494,5,1,-1,1,11,1,1,10
4913,4913,1503688305509,-3,6,5,-3,-8,-2,0,-10
4914,4914,1503688305519,-5,-6,-9,-5,-5,0,1,-1
4915,4915,1503688305524,8,-20,-17,-4,-1,-1,0,5
4916,4916,1503688305539,1,-15,-3,-5,-3,0,-2,-4
4917,4917,1503688305548,-7,-14,-6,-2,-3,-1,-2,-4
4918,4918,1503688305554,6,36,17,3,-3,-1,-1,0
4919,4919,1503688305569,7,18,24,5,-3,3,3,5
4920,4920,1503688305578,-2,10,-12,-1,-2,-2,-2,-8
4921,4921,1503688305586,2,9,4,-1,0,-1,1,1
4922,4922,1503688305599,6,-9,0,4,4,2,-1,-1
4923,4923,1503688305607,17,8,-7,-3,2,-2,-2,0
4924,4924,1503688305614,0,7,13,0,-6,-1,1,7
4925,4925,1503688305629,-1,-1,-5,-5,-4,0,-3,-1
4926,4926,1503688305636,-1,-8,-2,10,14,0,1,-5
4927,4927,1503688305644,-18,-29,-2,0,3,1,-3,-10
4928,4928,1503688305659,-10,7,-2,-4,-3,1,-3,-19
4929,4929,1503688305667,-2,2,-8,-1,-1,-3,-1,-2
4930,4930,1503688305674,-6,-9,-8,-5,-4,-3,-3,1
4931,4931,1503688305690,15,17,-6,-6,3,-1,1,5
4932,4932,1503688305696,-13,-13,-4,0,2,-4,-9,-3
4933,4933,1503688305704,1,-8,-11,-4,5,2,0,19
4934,4934,1503688305720,14,-5,-1,-3,-4,-1,4,9
4935,4935,1503688305727,-5,3,-1,-2,-4,-2,0,-4
4936,4936,1503688305734,-8,-5,-5,-3,-2,1,-3,-5
4937,4937,1503688305749,-6,-1,7,2,-2,4,-1,-25
4938,4938,1503688305756,12,6,1,-9,-8,-3,-4,14
4939,4939,1503688305757,-6,-3,-3,6,-2,-1,2,-9
4940,4940,1503688305764,-15,-7,-6,0,-6,-3,0,-5
4941,4941,1503688305779,6,-4,-4,-7,5,1,-4,-1
4942,4942,1503688305788,0,-5,-9,0,-1,-1,-7,0
4943,4943,1503688305794,-1,10,-2,-4,-6,-3,-2,3
4944,4944,1503688305809,8,-8,2,-1,-5,-2,0,16
4945,4945,1503688305816,-10,-10,0,-2,-8,2,-2,-6
4946,4946,1503688305824,18,7,-3,2,2,4,0,3
4947,4947,1503688305825,-3,14,4,2,4,-8,-3,-1
4948,4948,1503688305839,-13,-8,-6,-4,-3,-2,3,3
4949,4949,1503688305849,-21,-6,-1,0,3,-1,-2,-22
4950,4950,1503688305855,3,13,4,1,3,1,-2,-1
4951,4951,1503688305869,19,7,5,0,-2,-2,-2,10
4952,4952,1503688305877,6,7,3,1,-1,-3,1,-18
4953,4953,1503688305884,13,-4,1,-2,-1,2,-1,9
4954,4954,1503688305899,9,4,0,-1,-5,-4,-3,3
4955,4955,1503688305907,0,5,4,2,-3,-5,-2,-2
4956,4956,1503688305914,18,-3,-1,-1,4,2,8,11
4957,4957,1503688305930,-5,1,-4,-4,0,0,-3,-39
4958,4958,1503688305937,-33,-5,4,2,3,3,-7,-21
4959,4959,1503688305952,-17,-8,1,2,0,1,-4,-17
4960,4960,1503688305959,30,-14,1,-1,5,-1,12,82
4961,4961,1503688305967,-11,-7,6,1,-3,-1,1,-9
4962,4962,1503688305974,-7,-2,1,0,-1,0,-4,-20
4963,4963,1503688305990,-2,-3,-2,-1,-2,2,7,10
4964,4964,1503688305997,3,1,-5,-6,-1,-1,-6,-2
4965,4965,1503688306011,25,8,4,2,4,2,2,24
4966,4966,1503688306019,-4,0,-1,-2,-2,-4,-5,-13
4967,4967,1503688306027,-2,-2,-1,-3,-3,-2,2,9
4968,4968,1503688306034,13,0,-1,-1,0,-2,2,5
4969,4969,1503688306049,-7,-3,1,0,1,3,-1,-1
4970,4970,1503688306057,-20,0,-5,1,-2,1,0,-22
4971,4971,1503688306065,7,0,-4,-5,-4,-2,-3,-3
5307,5307,1503688309393,1,-1,-5,1,4,-2,2,84
5308,5308,1503688309412,-6,-1,0,-1,1,0,1,61
5309,5309,1503688309417,-6,10,-3,-1,3,-1,-2,27
5310,5310,1503688309424,7,-3,6,6,6,2,0,60
5311,5311,1503688309441,-16,-15,-7,-4,-3,-2,0,-13
5312,5312,1503688309447,3,16,-3,-3,-1,-1,1,30
5313,5313,1503688309454,5,-32,-8,-3,-2,-4,2,-22
5314,5314,1503688309468,-12,4,-3,-5,-3,-2,-7,17
5315,5315,1503688309478,-5,2,1,-3,-2,-2,-1,41
5316,5316,1503688309484,-11,-15,-3,-4,0,1,1,60
5317,5317,1503688309499,12,21,-1,1,-1,-3,-3,16
5318,5318,1503688309507,-7,-5,1,0,3,0,0,11
5319,5319,1503688309508,6,1,0,-1,-8,-4,-2,2
5320,5320,1503688309514,-10,-4,-1,-1,0,-3,1,10
5321,5321,1503688309528,8,-3,-2,-2,-3,-2,-4,-7
5322,5322,1503688309536,5,-8,-4,-1,4,-1,1,12
5323,5323,1503688309545,4,-6,1,-1,-7,-2,0,1
5324,5324,1503688309559,0,3,-2,-2,0,-2,-1,-29
5325,5325,1503688309565,6,4,4,3,2,0,2,10
5326,5326,1503688309574,-1,-1,-1,0,0,0,-4,-18
5327,5327,1503688309588,-14,4,1,-4,-2,1,3,-1
5328,5328,1503688309596,1,-3,-1,-2,-4,3,0,-16
5329,5329,1503688309610,-4,1,1,4,5,-1,-16,-10
5330,5330,1503688309619,9,-7,-2,2,0,4,5,38
5331,5331,1503688309625,-6,3,3,-3,4,1,2,-3
5332,5332,1503688309633,-2,-2,-5,-1,3,-4,-1,11
5333,5333,1503688309634,0,-5,-4,0,-7,-3,-5,-16
5334,5334,1503688309649,3,-8,-2,3,5,-1,0,-8
5335,5335,1503688309656,-4,1,1,3,1,-3,-2,-25
5336,5336,1503688309664,-5,-13,0,4,-7,-3,3,-4
5337,5337,1503688309679,-8,-5,-10,-8,-13,-1,-1,-9
5338,5338,1503688309686,0,2,-7,-1,1,0,1,-1
5339,5339,1503688309693,3,-1,-5,-5,-2,1,-4,0
5340,5340,1503688309694,-6,-1,6,5,5,-4,4,-8
5341,5341,1503688309709,7,0,-1,1,-9,1,8,19
5342,5342,1503688309716,7,-4,3,2,-6,6,4,5
5343,5343,1503688309717,1,-1,-5,-5,1,-2,-4,-13
5344,5344,1503688309724,0,4,2,-1,4,-3,-5,-8
5345,5345,1503688309741,3,-2,9,0,-1,-1,-3,-7
5346,5346,1503688309746,2,-8,-4,-3,1,-1,0,-7
5347,5347,1503688309754,7,0,-14,-2,0,4,2,30
5348,5348,1503688309768,0,-4,-4,-5,-9,0,-1,-2
5349,5349,1503688309777,-9,-32,-15,-4,-3,-1,-4,-9
5350,5350,1503688309784,-1,1,2,4,-1,-1,-5,3
5351,5351,1503688309799,10,7,5,-1,4,2,5,13
5352,5352,1503688309808,8,-1,1,-4,6,-4,1,-4
5353,5353,1503688309814,-7,16,0,-5,-3,-1,1,-10
5354,5354,1503688309828,-3,5,6,-1,-1,1,-3,1
5355,5355,1503688309836,-15,6,6,1,0,1,-1,-4
5356,5356,1503688309844,-10,0,2,-3,0,-2,1,-2
5357,5357,1503688309858,-14,-11,-2,-5,-3,-5,1,1
5358,5358,1503688309859,-4,8,5,-1,-1,3,-4,-4
5359,5359,1503688309865,-9,-7,-2,-2,0,-1,3,22
5360,5360,1503688309875,22,4,-18,-5,-4,-3,1,8
5361,5361,1503688309888,4,2,-5,1,-6,1,-3,-8
5362,5362,1503688309896,8,1,-7,-3,6,3,-1,-5
5363,5363,1503688309904,8,10,-3,2,12,1,-7,-10
5364,5364,1503688309919,11,1,3,-1,-4,-2,-2,0
5365,5365,1503688309925,-30,1,-3,-1,6,4,0,-14
5366,5366,1503688309934,-29,-2,7,1,-3,-4,-5,-19
5367,5367,1503688309948,8,-12,-8,-5,-7,0,4,1
5368,5368,1503688309956,-8,-3,7,-2,-7,-3,0,-6
5369,5369,1503688309964,-9,10,1,-1,-4,-5,1,-14
5370,5370,1503688309987,-6,-3,2,8,2,-1,-3,-9
5371,5371,1503688309989,1,8,-7,-6,-3,-2,-4,-12
5372,5372,1503688309994,4,6,1,0,-7,-5,-3,5
5373,5373,1503688310019,4,-11,-1,3,4,4,-2,-25
5374,5374,1503688310030,23,14,6,-2,-3,-7,-1,4
5644,5644,1503688312689,-11,-14,-9,0,1,0,-1,2
5645,5645,1503688312701,-7,-1,1,2,-3,0,2,-6
5646,5646,1503688312702,2,35,35,9,3,1,2,0
5647,5647,1503688312717,-6,3,2,-3,1,-1,-1,0
5648,5648,1503688312725,0,-16,-10,-3,2,-1,-4,1
5649,5649,1503688312732,0,4,9,2,0,1,-1,-1
5650,5650,1503688312748,2,-15,-7,-3,-1,1,0,1
5651,5651,1503688312765,4,-8,-9,-2,-4,-2,1,20
5652,5652,1503688312776,-4,-13,-4,-4,-1,-4,0,2
5653,5653,1503688312784,-2,0,-5,3,0,0,-2,-7
5654,5654,1503688312799,7,8,2,-3,-1,-1,2,2
5655,5655,1503688312806,16,-2,-3,-4,-1,-1,3,-1
5656,5656,1503688312814,6,0,-4,-2,0,0,0,-4
5657,5657,1503688312831,-9,-3,-4,0,0,0,0,-4
5658,5658,1503688312836,0,-2,0,-4,-6,-3,-3,-1
5659,5659,1503688312844,-15,-2,-3,-1,-1,-2,-5,-7
5660,5660,1503688312860,4,-2,-1,1,2,6,-2,1
5661,5661,1503688312866,0,-9,-4,1,7,0,1,-5
5662,5662,1503688312874,13,5,0,3,-1,-2,-2,-4
5663,5663,1503688312899,-2,0,-1,0,2,0,3,4
5664,5664,1503688312904,-3,-5,-2,6,3,3,-1,-6
5665,5665,1503688312919,-11,-5,-3,1,7,-2,-2,-7
5666,5666,1503688312927,9,4,0,-5,-9,-1,-2,-2
5667,5667,1503688312935,-4,-7,0,-1,-3,1,4,-3
5668,5668,1503688312948,-1,0,3,-2,-8,-2,1,3
5669,5669,1503688312957,-2,-9,-10,-4,-5,-1,-2,-4
5670,5670,1503688312966,-9,6,-4,-4,-1,-1,0,2
5671,5671,1503688312980,6,-4,-5,-5,-6,2,-3,-12
5672,5672,1503688312986,-5,-11,-6,-3,-1,-1,0,10
5673,5673,1503688312994,12,7,11,-2,1,-2,2,11
5674,5674,1503688312995,-5,16,4,1,1,-2,2,15
5675,5675,1503688313008,0,-6,-9,-5,-3,-1,0,-10
5676,5676,1503688313017,-5,0,-2,-1,-2,-3,-4,-3
5677,5677,1503688313024,-5,-13,-9,-1,0,-2,0,2
5678,5678,1503688313039,-4,-11,-9,-6,-5,-2,0,-6
5679,5679,1503688313047,14,14,13,7,4,1,0,4
5680,5680,1503688313059,2,0,5,1,3,-2,-6,3
5681,5681,1503688313068,4,42,17,2,-4,1,-4,-16
5682,5682,1503688313076,27,17,6,1,0,-2,2,5
5683,5683,1503688313084,-7,-4,6,2,3,-4,-2,-7
5684,5684,1503688313100,-7,-1,3,0,8,3,0,0
5685,5685,1503688313106,-10,-9,1,-2,0,-1,-3,1
5686,5686,1503688313123,-8,-1,6,1,-6,-2,0,-2
5687,5687,1503688313128,-5,-6,-3,-2,2,-2,0,-3
5688,5688,1503688313137,-3,2,5,4,-2,0,-2,-1
5689,5689,1503688313144,1,0,-5,-3,-6,-2,1,4
5690,5690,1503688313161,10,-1,-7,-2,1,1,2,5
5691,5691,1503688313167,4,-11,-3,-1,2,3,-1,-5
5692,5692,1503688313174,-13,-6,-7,-6,-3,-2,1,-5
5693,5693,1503688313188,-3,11,7,0,-1,1,0,1
5694,5694,1503688313198,4,14,2,-2,-11,-1,-1,-2
5695,5695,1503688313203,1,-6,-3,-2,-2,-3,1,-6
5696,5696,1503688313219,-5,1,9,2,1,-1,-2,6
5697,5697,1503688313226,-12,-2,-2,-1,-1,0,1,2
5698,5698,1503688313234,-1,-14,-11,-4,-2,-5,-3,-7
5699,5699,1503688313249,-1,-3,-5,1,3,-4,-3,-15
5700,5700,1503688313261,-4,-4,-6,-7,3,-5,-2,-2
5701,5701,1503688313264,9,-5,-7,-1,-1,2,-2,2
5702,5702,1503688313279,0,-2,0,0,0,-2,1,1
5703,5703,1503688313286,-4,-12,-3,1,7,-1,-2,7
5704,5704,1503688313303,0,-4,-1,-1,0,0,0,1
5705,5705,1503688313308,-1,-5,-2,-1,-3,4,-1,-1
5706,5706,1503688313316,-13,-4,-5,0,0,1,2,-3
5707,5707,1503688313327,-4,9,0,-2,-4,-6,-1,-9
5708,5708,1503688313339,4,0,-3,3,-4,0,1,-2
5709,5709,1503688313346,-6,-1,-1,-3,-1,-1,0,12
5710,5710,1503688313354,-1,4,2,-3,-2,-3,-5,-11
5711,5711,1503688313368,-5,4,2,2,-4,-4,-1,0
5712,5712,1503688313376,-10,-5,3,1,0,0,-1,-2
5713,5713,1503688313384,10,-1,-8,-3,-5,3,-2,3
5714,5714,1503688313399,2,-2,-2,0,0,-1,-2,-5
5715,5715,1503688313406,-3,-14,-3,-1,0,-3,2,12
5716,5716,1503688313414,7,-2,-1,-3,0,1,-2,-5
5717,5717,1503688313428,-6,-7,-6,-3,-2,-3,-1,-8
5718,5718,1503688313429,1,4,8,0,0,-1,-3,-9
5719,5719,1503688313437,2,23,29,10,3,2,0,15
5720,5720,1503688313443,0,-39,-16,-7,-2,-1,0,-6
5721,5721,1503688313460,-2,-19,-14,3,1,-1,-1,1
5722,5722,1503688313466,9,4,3,6,-6,-4,-2,5
5723,5723,1503688313474,2,-7,-2,-1,-3,-4,3,-1
5724,5724,1503688313488,-6,-10,-16,-6,2,3,2,-3
5725,5725,1503688313496,-4,9,0,-1,2,2,-7,-5
5726,5726,1503688313504,6,2,-2,-3,-1,-2,1,1
5727,5727,1503688313519,2,-3,-1,-5,10,-4,-1,4
5728,5728,1503688313528,-2,11,8,-2,9,0,-4,-1
5729,5729,1503688313535,-4,-3,-6,3,16,4,2,-4
5730,5730,1503688313549,-1,13,7,5,-1,-4,1,-2
5731,5731,1503688313559,8,-4,-6,-8,-11,1,-2,9
5732,5732,1503688313564,1,2,3,2,-2,2,0,-2
5733,5733,1503688313579,9,0,1,-1,-8,-4,-1,5
5734,5734,1503688313586,-19,-4,-3,-4,-6,-2,0,-1
5735,5735,1503688313595,-7,3,-1,0,0,0,1,0
5736,5736,1503688313609,32,10,15,3,-1,2,1,-3
5737,5737,1503688313617,-6,-12,-11,-3,-6,-4,-13,3
5738,5738,1503688313624,-11,5,0,-1,-8,-1,-6,0
5739,5739,1503688313639,4,-8,-2,-4,-7,2,4,-6
5740,5740,1503688313646,-2,-1,-8,-2,-2,-1,-2,-7
5741,5741,1503688313647,-2,1,-3,-2,5,0,-1,0
5742,5742,1503688313656,-22,-7,-3,0,1,3,-3,-22
5743,5743,1503688313669,-15,-2,-3,-1,0,-1,-4,-9
5744,5744,1503688313677,0,4,6,2,-2,1,2,11
5745,5745,1503688313684,-43,-7,-2,-3,-2,-2,-1,3
5746,5746,1503688313699,4,6,0,0,-1,-3,2,5
5747,5747,1503688313706,-2,-10,-8,0,-3,0,1,-1
5748,5748,1503688313714,14,3,3,-4,-2,0,4,13
5749,5749,1503688313730,22,-1,-2,-1,7,2,-3,3
5750,5750,1503688313737,4,12,1,0,0,1,-6,2
5751,5751,1503688313751,4,1,-1,2,-1,-1,3,-5
5752,5752,1503688313761,20,-7,-3,0,-12,-1,1,8
5753,5753,1503688313766,5,5,1,0,-4,-2,-1,3
5754,5754,1503688313781,-11,-1,-1,2,3,3,-1,-16
5755,5755,1503688313788,-2,-2,-3,-3,1,-1,3,-3
5756,5756,1503688313797,-8,-7,-5,-6,-5,-10,0,-5
5757,5757,1503688313810,-12,-3,-3,-3,-2,-1,-3,-23
5758,5758,1503688313819,-5,-2,1,2,1,1,-2,-5
6011,6011,1503688316197,5,-6,-2,-3,2,-1,-2,0
6012,6012,1503688316206,-3,-11,-2,1,2,-4,-3,-3
6013,6013,1503688316220,4,14,7,1,4,2,2,5
6014,6014,1503688316226,-1,-3,-3,-3,-6,-1,-1,-5
6015,6015,1503688316234,7,5,15,2,-1,0,2,16
6016,6016,1503688316241,0,7,-1,0,-5,-4,0,6
6017,6017,1503688316257,-5,-18,-19,-4,-2,-2,-2,-8
6018,6018,1503688316263,5,9,4,2,2,0,-3,-12
6019,6019,1503688316279,7,-7,-1,3,8,1,1,2
6020,6020,1503688316286,-3,-1,-1,2,1,1,1,2
6021,6021,1503688316295,0,0,2,0,1,2,-3,-1
6022,6022,1503688316301,-4,-2,3,0,-1,2,1,2
6023,6023,1503688316317,-4,2,2,0,-2,-4,-3,-6
6024,6024,1503688316324,9,42,19,-1,-1,-4,2,5
6025,6025,1503688316341,3,-6,-6,-1,1,-3,0,-4
6026,6026,1503688316347,-4,-14,-5,2,1,1,2,2
6027,6027,1503688316354,-1,12,0,-2,-2,1,-1,-7
6028,6028,1503688316361,1,-15,-9,-4,-2,0,-2,-2
6029,6029,1503688316376,12,3,4,-2,-1,-1,0,-11
6030,6030,1503688316377,-10,-2,2,-1,-1,-1,2,20
6031,6031,1503688316384,-3,-15,-11,6,-1,1,0,3
6032,6032,1503688316398,-8,-1,3,-3,1,-3,-2,-1
6033,6033,1503688316399,-3,-5,-3,-2,0,-1,-1,-7
6034,6034,1503688316408,-14,-27,-23,-4,0,-2,-2,-8
6035,6035,1503688316415,6,-3,-1,0,-4,1,-1,-8
6036,6036,1503688316421,-9,-13,-2,-5,1,-1,-2,-12
6037,6037,1503688316437,-1,-1,0,-1,-1,-4,-2,-1
6038,6038,1503688316444,9,4,6,-1,-2,-1,0,6
6039,6039,1503688316460,2,8,3,0,-4,-3,-2,1
6040,6040,1503688316466,5,5,4,2,-1,2,0,3
6041,6041,1503688316475,2,-10,-5,1,1,0,-1,-6
6042,6042,1503688316481,8,15,11,-2,2,-1,-1,3
6043,6043,1503688316497,5,0,-1,-2,2,0,1,-2
6044,6044,1503688316503,1,-8,-8,-3,5,-7,-5,3
6045,6045,1503688316504,-4,2,0,-6,-9,3,-2,0
6046,6046,1503688316511,0,-10,-4,0,3,1,1,-2
6047,6047,1503688316512,-24,-3,-2,-2,-2,2,5,-4
6048,6048,1503688316526,-3,-2,-2,1,0,-5,-1,4
6049,6049,1503688316542,-7,-5,-11,-6,-5,-4,-1,-3
6050,6050,1503688316549,-9,4,3,0,1,2,-5,-5
6051,6051,1503688316564,3,20,14,2,1,1,-3,-3
6052,6052,1503688316565,-2,-4,-4,-1,-6,-2,-1,-6
6053,6053,1503688316583,9,-5,-3,-2,-2,2,-1,0
6054,6054,1503688316586,-3,-7,-5,-2,5,4,3,1
6055,6055,1503688316594,0,3,0,3,1,-2,-1,-2
6056,6056,1503688316609,-7,-5,2,-2,-1,2,-1,-3
6057,6057,1503688316610,-1,-6,-7,-1,0,-1,-2,6
6058,6058,1503688316617,-5,-11,-8,-6,-5,-4,-2,-2
6059,6059,1503688316623,27,7,3,-1,-2,1,3,9
6060,6060,1503688316639,-3,17,15,4,1,1,-1,6
6061,6061,1503688316647,3,-10,3,2,2,-3,-2,-5
6062,6062,1503688316654,4,-7,-17,-5,-2,-2,-1,-1
6063,6063,1503688316668,-8,22,9,-1,4,-3,-2,-18
6064,6064,1503688316678,4,6,3,0,-2,-1,-3,-3
6065,6065,1503688316684,-2,-1,-12,-5,-4,-3,-2,9
6066,6066,1503688316699,13,-16,-11,-4,-2,1,-2,-7
6067,6067,1503688316706,-6,-5,-1,0,3,-1,1,-2
6068,6068,1503688316714,-8,4,-5,-7,-11,2,-3,-7
6069,6069,1503688316715,4,-6,-2,4,7,0,-2,4
6070,6070,1503688316728,4,11,8,0,0,2,0,-1
6071,6071,1503688316729,-10,-5,1,-1,-5,-1,-3,-10
6072,6072,1503688316737,-2,8,4,0,0,-5,-1,-7
6073,6073,1503688316744,5,-8,-4,-3,-1,1,-2,-2
6074,6074,1503688316758,2,-13,-6,-5,-4,0,-1,6
6075,6075,1503688316766,-14,11,-3,-4,-2,-2,0,0
6076,6076,1503688316776,-11,-3,1,2,0,1,3,-1
6077,6077,1503688316789,2,-5,-2,-4,-5,-2,0,0
6078,6078,1503688316797,5,-5,-5,0,-6,-2,-1,2
6079,6079,1503688316804,-9,0,4,5,2,-4,-3,-13
6080,6080,1503688316819,2,-2,3,-6,0,3,1,11
6081,6081,1503688316826,-1,4,5,3,7,4,2,2
6082,6082,1503688316834,-6,9,3,4,-2,0,-2,-7
6083,6083,1503688316850,-8,-14,1,2,2,-1,-4,0
6084,6084,1503688316857,-6,6,6,-3,-3,0,-2,-2
6085,6085,1503688316863,0,6,9,4,-3,-1,1,3
6086,6086,1503688316879,24,8,2,1,1,-1,-1,4
6087,6087,1503688316886,3,-6,-10,0,3,1,0,2
6088,6088,1503688316894,-7,-6,-4,-4,-1,-2,-2,-5
6089,6089,1503688316910,8,2,-2,-5,-7,2,5,5
6090,6090,1503688316917,-13,0,8,4,0,0,1,-2
6091,6091,1503688316924,2,17,15,2,0,-5,2,5
6092,6092,1503688316939,-6,-17,0,-3,-3,1,-1,-2
6093,6093,1503688316947,-4,-12,-8,-2,-1,-2,-6,-6
6094,6094,1503688316954,1,-12,-2,1,3,-2,0,12
6095,6095,1503688316969,-3,-12,-11,-4,1,1,-3,-6
6096,6096,1503688316983,-1,-2,-9,-1,1,0,0,-14
6097,6097,1503688316989,8,-5,-9,-5,-3,-1,2,7
6098,6098,1503688317002,-3,10,11,6,-3,-1,-5,-11
6099,6099,1503688317006,0,-13,-3,-2,-3,-3,-2,-2
6100,6100,1503688317017,1,18,18,2,-4,2,1,4
6101,6101,1503688317029,-2,7,-1,-1,-2,-1,1,-2
6102,6102,1503688317036,-7,-7,-15,-5,0,-3,-2,2
6103,6103,1503688317044,-10,-6,5,0,0,0,-2,0
6104,6104,1503688317059,0,-10,-6,-3,0,-1,-1,-3
6105,6105,1503688317066,-8,1,-9,-5,-4,-3,-3,-17
6106,6106,1503688317074,-5,5,-4,-2,2,-2,-4,-14
6107,6107,1503688317089,-15,-10,-2,6,-2,2,-2,-12
6108,6108,1503688317096,-6,-3,-8,-6,-4,-1,2,7
6109,6109,1503688317103,10,12,-5,-6,-2,-1,-1,3
6110,6110,1503688317120,1,0,-3,-4,-2,-3,-1,2
6111,6111,1503688317126,4,-6,-1,1,3,-1,-2,6
6112,6112,1503688317134,-1,-3,-5,-1,2,-5,1,2
6113,6113,1503688317149,1,3,5,-3,-5,-2,-13,2
6114,6114,1503688317157,3,30,9,1,4,1,0,0
6115,6115,1503688317163,9,-6,-2,-2,2,-3,3,6
6116,6116,1503688317179,3,-9,-4,-4,-1,0,0,-9
6117,6117,1503688317187,3,19,5,1,-3,3,1,-1
6118,6118,1503688317194,-18,-19,-4,0,-6,-2,-1,-2
6119,6119,1503688317208,5,-13,-2,3,4,-3,3,9
6120,6120,1503688317217,-1,-4,1,0,-5,-2,-4,2
6121,6121,1503688317224,6,5,6,-2,-4,-1,1,12
6122,6122,1503688317239,9,0,-3,3,8,-1,-1,16
6123,6123,1503688317248,-5,7,1,-4,-3,1,2,-8
6124,6124,1503688317254,3,0,-4,7,10,0,-1,-1
6394,6394,1503688319901,-8,3,3,-2,-2,0,0,0
6395,6395,1503688319915,3,4,3,-2,-3,-1,0,-4
6396,6396,1503688319925,-6,-1,1,1,-3,-1,-1,0
6397,6397,1503688319932,5,7,3,2,1,1,-1,3
6398,6398,1503688319946,0,-7,-7,-4,0,-1,-1,1
6399,6399,1503688319953,-5,-3,-3,-2,-2,-3,-2,-3
6400,6400,1503688319961,-4,-9,-8,-3,-1,1,0,-5
6401,6401,1503688319975,-4,-8,-7,0,0,-2,-4,-1
6402,6402,1503688319984,-4,2,-3,-3,-3,-1,-2,-5
6403,6403,1503688319992,-3,-10,-1,0,-3,0,-2,-5
6404,6404,1503688319993,6,27,9,0,0,3,2,1
6405,6405,1503688320006,-10,-8,-4,-2,-1,-2,-1,-2
6406,6406,1503688320013,2,-13,-5,0,-1,-3,-1,-2
6407,6407,1503688320021,-8,8,3,-1,0,-2,0,-2
6408,6408,1503688320036,-4,4,3,-1,-1,1,-1,2
6409,6409,1503688320043,7,-1,-2,-2,-2,0,1,1
6410,6410,1503688320051,0,10,20,3,1,1,1,1
6411,6411,1503688320067,4,-1,4,0,0,-2,-2,-4
6412,6412,1503688320073,4,-6,-11,-2,-3,-3,1,2
6413,6413,1503688320081,-5,-15,-3,2,-2,-1,-4,-4
6414,6414,1503688320096,-3,-4,-1,0,1,0,-4,-4
6415,6415,1503688320103,6,4,-5,-3,-2,1,1,4
6416,6416,1503688320118,-11,-11,-9,-3,0,-2,-1,0
6417,6417,1503688320126,5,11,6,3,3,-2,-1,0
6418,6418,1503688320134,4,2,-2,0,-3,0,-1,-6
6419,6419,1503688320141,-6,0,-1,-1,-4,-2,0,-4
6420,6420,1503688320155,-3,5,0,-1,0,1,4,3
6421,6421,1503688320164,7,24,18,3,2,-1,0,1
6422,6422,1503688320171,-5,-18,-7,-3,-2,-1,-2,-1
6423,6423,1503688320186,-4,-5,9,0,3,-1,2,-1
6424,6424,1503688320194,23,-2,0,-1,-1,0,1,4
6425,6425,1503688320202,-3,2,-2,0,-2,1,-1,-2
6426,6426,1503688320215,1,-11,-10,-1,0,-3,1,2
6427,6427,1503688320223,2,13,6,3,-1,0,-4,-3
6428,6428,1503688320232,-2,-28,-11,-3,-3,-2,-2,-3
6429,6429,1503688320246,-9,-21,-18,-5,-4,1,0,-6
6430,6430,1503688320253,0,4,-4,-2,-1,-1,-4,-1
6431,6431,1503688320261,3,12,12,-3,-3,2,-1,-3
6432,6432,1503688320275,2,6,1,-1,-1,-1,-1,1
6433,6433,1503688320283,10,-4,-4,1,1,-1,-3,4
6434,6434,1503688320299,-1,28,31,8,1,1,1,0
6435,6435,1503688320306,-4,-9,-9,-5,-3,-5,-2,-8
6436,6436,1503688320313,1,-8,-13,-1,2,-6,-3,-6
6437,6437,1503688320329,-3,5,-2,-1,0,-1,-3,6
6438,6438,1503688320337,-9,3,-3,-2,-3,-1,-3,-4
6439,6439,1503688320343,-6,17,14,0,2,-2,1,-2
6440,6440,1503688320360,-13,2,-2,-2,0,0,-3,-8
6441,6441,1503688320366,1,-13,-4,1,-2,-2,-3,2
6442,6442,1503688320380,-7,14,14,5,3,1,-2,-1
6443,6443,1503688320404,5,-5,-6,-5,-5,-2,1,4
6444,6444,1503688320405,4,-1,-3,-3,-1,-3,0,-7
6445,6445,1503688320418,-2,8,8,-1,-2,0,-1,0
6446,6446,1503688320428,3,-18,-17,-4,-2,-1,5,7
6447,6447,1503688320433,-2,4,-5,3,1,-1,-4,-1
6448,6448,1503688320448,-8,-9,-7,-2,1,2,-2,-9
6449,6449,1503688320457,4,0,-2,-2,2,-3,-1,1
6450,6450,1503688320463,3,-2,-1,-5,-5,-1,-4,2
6451,6451,1503688320464,6,12,13,2,-1,0,-2,-1
6452,6452,1503688320478,2,-7,-5,-9,-7,0,0,3
6453,6453,1503688320486,-6,7,4,-2,0,0,1,4
6454,6454,1503688320497,-3,-13,-6,1,-3,-3,-1,-6
6455,6455,1503688320516,17,6,-3,-5,-2,-3,1,16
6456,6456,1503688320523,25,4,-11,-3,0,0,0,11
6457,6457,1503688320538,-9,-20,-6,0,0,-2,0,-11
6458,6458,1503688320546,-1,7,4,-1,0,-1,-2,1
6459,6459,1503688320553,17,11,4,0,-3,2,1,3
6460,6460,1503688320568,2,9,18,6,0,0,-1,-4
6461,6461,1503688320575,-15,-5,-1,-2,-2,-1,3,8
6462,6462,1503688320583,-10,-11,-18,-5,-9,-1,-1,-7
6463,6463,1503688320598,-2,-2,2,-1,1,-5,-5,-5
6464,6464,1503688320606,-17,-5,-5,0,5,-1,-1,-2
6465,6465,1503688320613,1,-1,-6,-3,-3,0,-1,-18
6466,6466,1503688320629,-25,0,-4,-2,0,2,3,-22
6467,6467,1503688320637,-13,6,4,-1,-9,-1,-4,-6
6468,6468,1503688320643,9,-1,-15,-6,0,-1,1,7
6469,6469,1503688320659,12,0,-1,0,0,-1,-5,5
6470,6470,1503688320666,7,-5,0,7,2,4,2,22
6471,6471,1503688320681,9,21,-1,0,2,6,3,5
6472,6472,1503688320688,-4,-4,0,-2,8,-4,-2,-3
6473,6473,1503688320696,8,4,-5,-2,-6,-4,-2,-3
6474,6474,1503688320697,-19,-9,11,-1,3,-3,1,-1
6475,6475,1503688320704,6,4,2,-4,1,-3,-2,-1
6476,6476,1503688320719,-6,-4,0,-2,2,-3,-2,-7
6477,6477,1503688320726,-1,-13,-3,-2,-6,-4,-2,2
6478,6478,1503688320742,24,-3,-6,1,3,-1,-8,1
6479,6479,1503688320748,5,5,1,1,-4,-1,-2,7
6480,6480,1503688320756,-10,3,4,-2,2,-1,0,-1
6481,6481,1503688320764,11,10,8,1,1,0,-1,-10
6482,6482,1503688320779,-5,-2,3,-5,-4,1,1,-6
6483,6483,1503688320786,-5,20,5,0,0,1,-1,-7
6484,6484,1503688320802,6,-7,-6,-3,-4,-1,-2,0
6485,6485,1503688320809,-3,-18,-11,-1,0,1,0,-2
6486,6486,1503688320816,-9,2,-1,-4,-5,1,2,2
6487,6487,1503688320823,-12,0,10,3,1,-3,-3,-3
6488,6488,1503688320840,4,0,1,-4,0,-2,1,3
6489,6489,1503688320847,1,-1,1,4,1,1,-1,-3
6490,6490,1503688320866,-23,-19,-18,2,0,3,3,9
6491,6491,1503688320869,17,7,10,-3,-2,0,1,8
6492,6492,1503688320876,-8,-8,-7,3,0,2,0,-1
6493,6493,1503688320883,10,-5,1,0,1,-1,3,2
6494,6494,1503688320900,-3,4,3,7,4,-2,-3,-13
6495,6495,1503688320906,12,8,1,-4,-7,0,0,15
6496,6496,1503688320921,25,11,3,1,-6,5,2,9
6497,6497,1503688320930,-15,-13,-18,-5,-9,-3,-3,-2
6498,6498,1503688320937,4,4,3,0,-13,-9,-3,-1
6499,6499,1503688320943,-2,-2,-1,-3,0,-5,-6,-6
6500,6500,1503688320959,1,-9,-3,-3,7,1,-1,-3
6501,6501,1503688320966,-19,-6,-5,5,3,0,3,1
6502,6502,1503688320981,-13,1,4,3,4,2,0,-8
6503,6503,1503688320999,7,18,13,5,4,-2,0,-8
6504,6504,1503688321004,0,0,-4,-2,-2,1,1,-2
6505,6505,1503688321019,-4,-7,-5,-6,-5,-4,0,-6
6506,6506,1503688321027,-7,-3,-2,-5,-9,1,-5,-4
6507,6507,1503688321041,8,1,1,-5,2,-1,-2,0
6508,6508,1503688321048,-12,-7,1,-1,0,0,4,8
6509,6509,1503688321056,0,-6,-5,-3,-4,-4,-4,-5
6510,6510,1503688321065,-12,2,0,1,1,0,-14,-11
6511,6511,1503688321080,-2,-3,1,-1,2,-2,-1,2
6512,6512,1503688321086,1,8,3,10,17,7,4,3
6513,6513,1503688321101,-5,1,0,1,0,3,-1,-5
6514,6514,1503688321108,1,-6,-5,-2,0,-6,-1,5
6515,6515,1503688321116,-19,-13,-5,-4,-1,2,-1,-3
6516,6516,1503688321123,0,-2,3,-1,-11,-6,-1,-4
6517,6517,1503688321139,2,-1,-5,-6,-23,-6,-1,3
6518,6518,1503688321146,13,8,0,-2,-4,0,-5,10
6519,6519,1503688321161,-13,1,2,2,6,4,0,-6
6520,6520,1503688321169,22,6,-3,-5,-4,-4,6,10
6521,6521,1503688321176,-31,-3,2,4,4,-12,-8,-10
6522,6522,1503688321177,21,1,-1,-1,9,12,6,19
6523,6523,1503688321183,-20,3,2,-1,-2,-4,1,2
6524,6524,1503688321199,4,-6,-5,-3,2,-6,-6,5
6525,6525,1503688321208,-5,-6,0,0,2,4,-3,-5
6526,6526,1503688321221,-5,-1,1,-3,6,-3,3,4
6527,6527,1503688321229,-20,-8,-3,-5,-6,-1,0,-12
6528,6528,1503688321237,5,3,3,4,0,-3,1,-8
6529,6529,1503688321251,1,-6,-4,1,3,2,-2,3
6530,6530,1503688321260,5,8,0,-4,4,-1,-1,3
6531,6531,1503688321266,11,-3,0,-4,-5,3,4,16
6532,6532,1503688321281,5,1,-1,-1,-6,-2,-5,-5
6533,6533,1503688321289,-1,-3,-1,4,11,-4,-5,-20
6534,6534,1503688321297,-9,9,5,7,-3,-12,2,0
6535,6535,1503688321311,-4,-3,-3,0,6,1,-2,-11
6536,6536,1503688321321,-3,-3,-1,4,-1,5,-4,-6
6537,6537,1503688321326,10,8,5,0,0,2,1,-5
6538,6538,1503688321341,-5,-1,-2,-3,-3,-1,-2,-3
6539,6539,1503688321349,3,1,-1,-2,-5,-7,3,5
6540,6540,1503688321356,-3,-1,-2,-2,-3,1,0,7
6541,6541,1503688321371,16,0,-8,-4,-12,-1,-6,19
6542,6542,1503688321379,1,-4,-4,-2,0,-6,2,3
6543,6543,1503688321386,-23,-3,-3,0,3,2,-2,-12
6544,6544,1503688321401,14,-1,1,1,4,0,-5,2
6545,6545,1503688321409,-1,-3,1,-2,-2,-4,4,0
6546,6546,1503688321416,5,2,2,-1,-4,1,-1,1
6547,6547,1503688321434,-2,2,2,-1,-1,-2,2,5
6548,6548,1503688321440,-5,-4,-7,-3,4,2,0,1
6549,6549,1503688321446,0,1,3,0,0,-1,-1,-3
6550,6550,1503688321461,2,-4,-3,-3,-1,1,0,-6
6551,6551,1503688321468,-5,-1,-9,-2,1,-5,-4,-8
6552,6552,1503688321476,7,4,-3,-1,-3,-2,0,3
6553,6553,1503688321491,-7,-23,-8,-2,-1,0,-2,-11
6554,6554,1503688321500,0,8,3,2,-3,2,-1,-1
6555,6555,1503688321506,-8,-14,-6,1,0,0,-2,-22
6556,6556,1503688321521,-2,-2,-2,-3,-4,-2,-2,1
6557,6557,1503688321528,3,-8,-3,0,0,2,-1,0
6558,6558,1503688321537,-5,-9,-6,-3,-3,-3,2,0
6559,6559,1503688321551,1,12,10,2,0,0,2,3
6560,6560,1503688321559,-7,1,11,4,1,0,3,-2
6561,6561,1503688321566,-1,9,3,-2,-8,-3,-2,2
6562,6562,1503688321581,-5,-6,-4,-1,-6,-2,-2,-10
6563,6563,1503688321588,8,1,-1,2,3,-3,0,4
6564,6564,1503688321596,-1,4,5,2,2,1,3,4
6565,6565,1503688321611,13,8,7,-1,0,-3,-2,17
6566,6566,1503688321619,-1,-10,-5,-3,-1,1,-6,9
6567,6567,1503688321626,-4,0,0,0,-1,3,-1,-5
6568,6568,1503688321642,-6,-1,-1,-6,-1,-3,-1,-9
6569,6569,1503688321648,-4,-8,-1,-1,-4,0,0,9
6570,6570,1503688321664,-4,-6,-4,1,1,-1,0,-3
6571,6571,1503688321671,-8,-2,2,-1,-6,0,2,-1
6572,6572,1503688321686,7,3,6,1,3,-1,0,6
6573,6573,1503688321687,-7,0,-4,-4,-1,-4,-1,-13
6574,6574,1503688321701,-13,-4,-7,-1,-4,0,-3,-7
6575,6575,1503688321709,20,3,0,0,3,-1,-1,1
6576,6576,1503688321716,-13,-4,-3,-3,-1,0,-3,-25
6577,6577,1503688321731,-5,4,2,-2,-3,1,-1,-11
6578,6578,1503688321739,8,4,1,-1,3,5,2,5
6881,6881,1503688324656,-2,1,1,-2,-6,0,1,2
6882,6882,1503688324664,0,-1,-2,-2,-7,-2,-14,-4
6883,6883,1503688324677,14,2,1,3,1,0,0,3
6884,6884,1503688324686,4,-2,-5,0,5,0,4,1
6885,6885,1503688324693,6,2,2,0,-2,0,-2,-1
6886,6886,1503688324708,-1,-6,1,-2,1,1,-5,-2
6887,6887,1503688324717,9,-7,-4,-3,-4,-2,0,6
6888,6888,1503688324724,2,-12,-9,-2,-1,-1,0,0
6889,6889,1503688324737,-4,6,1,-3,-3,-1,-1,-3
6890,6890,1503688324746,-5,-6,-1,1,3,3,5,13
6891,6891,1503688324753,-11,4,-1,0,-1,0,0,3
6892,6892,1503688324768,24,5,1,1,0,-1,1,12
6893,6893,1503688324776,-6,-2,1,0,3,-1,-3,-5
6894,6894,1503688324784,-20,6,4,2,-4,1,-4,-12
6895,6895,1503688324797,0,-5,-1,2,0,-2,-1,1
6896,6896,1503688324812,-7,0,0,-1,0,-1,3,-1
6897,6897,1503688324817,-6,1,-1,-4,-3,-2,-6,-1
6898,6898,1503688324828,-2,-3,-1,1,-3,-1,-4,-1
6899,6899,1503688324835,-7,10,2,0,-1,-1,0,-9
6900,6900,1503688324844,4,-7,12,2,2,-1,-1,2
6901,6901,1503688324858,7,26,19,8,2,2,2,1
6902,6902,1503688324866,0,-3,-7,-1,-3,0,1,-4
6903,6903,1503688324873,-7,1,6,-1,-1,-2,-1,-1
6904,6904,1503688324891,-1,6,1,0,2,-2,-3,-9
6905,6905,1503688324896,-8,-10,-12,-6,-4,-1,0,-1
6906,6906,1503688324904,-7,-2,-2,-1,-4,0,-1,-13
6907,6907,1503688324919,19,-1,-1,-2,0,-1,-1,6
6908,6908,1503688324926,-2,2,-5,-4,-2,1,-1,-12
6909,6909,1503688324940,-2,-9,-5,2,-1,-2,-3,-3
6910,6910,1503688324950,1,-5,-4,-3,0,-2,1,4
6911,6911,1503688324956,-8,22,15,5,4,-2,-2,-11
6912,6912,1503688324957,7,-7,-8,-3,-3,0,0,2
6913,6913,1503688324970,5,10,1,-2,-2,0,0,4
6914,6914,1503688324983,-1,-7,-5,-2,-4,0,-1,-3
6915,6915,1503688324989,0,2,2,-4,-3,0,0,2
6916,6916,1503688325000,2,-4,-1,1,2,1,5,4
6917,6917,1503688325012,-6,-1,-2,-4,-1,-1,0,3
6918,6918,1503688325019,-10,-3,1,9,6,3,1,-4
6919,6919,1503688325031,24,1,0,-2,2,-1,3,24
6920,6920,1503688325037,-3,-1,-2,-2,-2,-1,-4,1
6921,6921,1503688325046,-9,-6,-1,2,1,0,-5,-23
6922,6922,1503688325060,-3,-1,-3,-5,-1,-2,-1,14
6923,6923,1503688325068,-8,-6,-3,3,0,-2,-4,-5
6924,6924,1503688325076,-4,5,-1,-3,1,-1,-2,-12
6925,6925,1503688325091,-1,0,-1,1,-2,-1,0,1
6926,6926,1503688325097,-2,-9,0,-3,-4,-1,2,1
6927,6927,1503688325105,-3,-4,-7,-3,1,-3,-9,-3
6928,6928,1503688325120,-6,1,1,-3,-1,1,-1,-5
6929,6929,1503688325128,-6,-9,-4,-1,3,0,5,-2
6930,6930,1503688325135,2,0,-1,-5,-5,-4,-2,3
6931,6931,1503688325151,14,2,-1,0,-5,0,2,11
6932,6932,1503688325158,-2,-7,-5,-2,0,-4,-1,-8
6933,6933,1503688325166,-2,9,-1,-3,-2,-2,0,-3
6934,6934,1503688325180,17,14,-7,-1,2,0,0,3
6935,6935,1503688325188,-10,-5,-5,-1,2,-2,0,-4
6936,6936,1503688325196,2,36,26,6,1,1,1,2
6937,6937,1503688325211,-4,-6,3,0,1,1,-2,-2
6938,6938,1503688325219,-13,-14,-7,-1,-3,0,-4,-24
6939,6939,1503688325227,-2,3,6,0,-1,1,2,20
6940,6940,1503688325240,-4,4,11,3,1,1,-1,1
6941,6941,1503688325248,0,4,-4,-4,0,-1,-2,-4
6942,6942,1503688325256,10,-19,-4,-3,-1,1,1,4
6943,6943,1503688325270,-1,-9,7,3,1,-1,-8,-3
6944,6944,1503688325277,-5,-5,-5,-3,0,-4,0,-2
6945,6945,1503688325286,1,6,-1,0,2,0,3,-2
6946,6946,1503688325300,-4,6,1,1,-6,1,-2,-4
6947,6947,1503688325308,3,-12,-8,-4,1,-3,-1,-1
6948,6948,1503688325315,-17,-12,-4,-1,2,-1,-1,-2
6949,6949,1503688325331,4,-4,-4,-1,-2,1,2,20
6950,6950,1503688325337,7,16,10,0,2,-1,-3,-4
6951,6951,1503688325347,19,-1,-3,-3,-1,-3,3,-5
6952,6952,1503688325360,8,-7,-4,0,-1,0,-1,5
6953,6953,1503688325368,-7,14,3,-5,-13,-3,-3,-7
6954,6954,1503688325375,-4,-6,-5,-2,-11,-2,-4,-6
6955,6955,1503688325391,-7,-3,0,1,0,0,-3,-5
6956,6956,1503688325397,-7,-10,-11,-3,6,-2,-2,2
6957,6957,1503688325406,-8,-7,-6,1,-1,-1,4,-5
6958,6958,1503688325420,-13,-6,0,1,2,-1,1,1
6959,6959,1503688325429,-10,0,8,2,2,-1,-2,-9
6960,6960,1503688325435,-3,-13,-9,-1,-2,-1,-1,2
6961,6961,1503688325452,-8,1,2,1,0,1,-2,-7
6962,6962,1503688325453,-4,9,5,-1,2,2,-1,1
6963,6963,1503688325458,-1,3,2,0,2,1,-1,-15
6964,6964,1503688325466,1,4,2,3,4,0,-1,-8
6965,6965,1503688325480,5,6,-1,-2,-4,-1,0,6
6966,6966,1503688325488,-7,-5,-5,-4,-3,-5,-1,-4
6967,6967,1503688325502,1,-6,4,3,8,1,-12,-3
6968,6968,1503688325510,15,0,0,-1,-4,2,-3,14
6969,6969,1503688325526,9,-3,-3,-5,0,-3,2,-5
6970,6970,1503688325528,-8,-9,1,8,1,0,-1,-3
6971,6971,1503688325540,-1,-20,-9,-2,-2,0,0,-2
6972,6972,1503688325548,18,10,-3,-2,-2,0,0,-15
6973,6973,1503688325556,3,-2,-4,0,4,1,-1,1
6974,6974,1503688325570,-12,-10,-5,2,1,-1,-1,-4
6975,6975,1503688325571,-7,-3,-1,-3,1,-3,1,4
6976,6976,1503688325577,1,8,4,-9,-7,-2,5,4
6977,6977,1503688325588,-11,0,-2,-1,6,-4,-14,-13
6978,6978,1503688325600,16,0,-2,-3,-8,-3,4,19
7247,7247,1503688328204,-3,3,1,-1,-2,-1,2,-2
7248,7248,1503688328218,0,-5,-5,-2,0,1,-1,-2
7249,7249,1503688328226,-4,-4,-1,-9,-6,-1,-3,-3
7250,7250,1503688328234,5,3,0,-1,-5,-5,1,10
7251,7251,1503688328248,-2,-3,-6,-5,-13,-1,0,0
7252,7252,1503688328255,-5,1,1,1,-6,-1,0,-3
7253,7253,1503688328264,-3,-7,0,-4,3,-3,-2,-5
7254,7254,1503688328278,-7,-1,1,0,2,-2,-1,-6
7255,7255,1503688328286,2,0,-2,1,1,2,6,12
7256,7256,1503688328293,-3,4,2,1,3,0,-2,-1
7257,7257,1503688328309,11,5,3,6,0,1,-3,2
7258,7258,1503688328315,-4,10,0,-4,1,3,1,-3
7259,7259,1503688328323,3,7,-1,1,2,0,-2,2
7260,7260,1503688328339,0,-5,-2,-3,-5,-4,2,-1
7261,7261,1503688328346,3,7,2,-1,2,-3,-1,0
7262,7262,1503688328353,-5,-6,-4,-2,-11,0,-1,-4
7263,7263,1503688328368,-4,-3,-2,-1,-2,-1,1,-7
7264,7264,1503688328377,2,15,4,1,3,2,1,-6
7265,7265,1503688328383,-11,-12,-12,-2,0,1,-5,-20
7266,7266,1503688328401,6,-4,2,0,3,1,0,9
7267,7267,1503688328406,0,2,3,0,-2,-1,2,15
7268,7268,1503688328413,13,19,20,12,7,0,0,8
7269,7269,1503688328428,-10,4,6,1,-1,3,-1,-1
7270,7270,1503688328436,-7,-9,-8,-5,-5,0,-13,-6
7271,7271,1503688328444,4,-1,-2,-5,6,-1,-5,-6
7272,7272,1503688328458,12,-9,-9,-1,1,1,1,1
7273,7273,1503688328468,10,-1,-1,-1,0,0,-1,1
7274,7274,1503688328473,-3,10,6,2,0,-2,0,-6
7275,7275,1503688328488,2,-2,-2,5,6,0,0,7
7276,7276,1503688328496,-9,-30,-13,-6,-4,-2,0,-3
7277,7277,1503688328503,-3,4,8,2,-3,-2,1,-7
7278,7278,1503688328519,6,-13,-8,-4,-9,-2,0,0
7279,7279,1503688328526,-3,-2,-4,-4,-6,-3,-1,-12
7280,7280,1503688328535,-8,0,5,-4,4,0,-1,3
7281,7281,1503688328548,5,5,-2,-4,-6,-2,1,3
7282,7282,1503688328555,7,4,0,4,-7,1,-1,-1
7283,7283,1503688328563,-10,-8,-2,3,1,-2,-5,-11
7284,7284,1503688328578,-12,11,11,8,10,-1,0,-1
7285,7285,1503688328586,3,-1,-4,-2,-1,2,-2,0
7286,7286,1503688328593,8,-1,-6,-3,0,-1,1,0
7287,7287,1503688328608,10,-4,-5,-3,0,-4,1,7
7288,7288,1503688328615,0,-5,-8,-4,-1,-2,-4,-1
7289,7289,1503688328623,-2,-1,0,-1,2,-2,0,-1
7290,7290,1503688328641,12,0,-2,-3,-3,-2,4,2
7291,7291,1503688328646,-1,5,-2,-7,-8,-3,-3,4
7292,7292,1503688328653,10,1,3,0,5,3,1,2
7293,7293,1503688328670,-7,-5,-1,-1,-2,1,1,18
7294,7294,1503688328676,-17,6,4,0,1,-1,-4,-1
7295,7295,1503688328691,-2,-17,-8,-2,0,-2,1,-9
7296,7296,1503688328698,-15,-9,-7,-3,0,-3,-12,6
7297,7297,1503688328706,-19,-13,-6,-1,7,-2,-4,-16
7298,7298,1503688328720,4,-3,2,0,-4,0,5,-1
7299,7299,1503688328728,-6,0,7,5,3,3,-1,-2
7300,7300,1503688328737,-15,8,3,0,-2,-1,-4,-18
7301,7301,1503688328750,1,-27,-4,-2,-2,2,1,-1
7302,7302,1503688328758,-1,-9,-9,-4,-3,1,1,3
7303,7303,1503688328766,-3,-1,3,4,-2,-2,-4,-13
7304,7304,1503688328780,4,7,-3,-1,-15,-3,3,11
7305,7305,1503688328788,6,8,-5,1,0,0,1,7
7306,7306,1503688328795,6,3,2,-1,5,1,2,-6
7307,7307,1503688328811,-2,12,5,0,-7,0,2,1
7308,7308,1503688328818,-8,-3,-1,0,-2,-2,0,-5
7309,7309,1503688328826,0,5,1,-2,-1,-1,-2,3
7310,7310,1503688328841,-1,-28,-15,-7,-1,-1,-2,0
7311,7311,1503688328848,7,10,5,0,0,-4,0,-2
7312,7312,1503688328855,-4,1,2,1,2,-3,-3,0
7313,7313,1503688328871,-14,12,1,-3,0,-3,-1,0
7314,7314,1503688328878,-8,-3,2,2,2,-3,-4,-12
7315,7315,1503688328886,9,1,0,1,-1,0,-1,0
7316,7316,1503688328900,0,9,1,0,11,-1,-1,1
7317,7317,1503688328910,-4,-2,0,0,2,-1,3,3
7318,7318,1503688328915,-8,-6,-3,3,0,-3,-12,-9
7319,7319,1503688328916,5,3,0,-1,-2,0,1,1
7320,7320,1503688328930,-9,1,-2,-1,8,-6,-1,-4
7321,7321,1503688328931,8,4,1,1,-5,0,-4,1
7322,7322,1503688328938,-3,4,4,2,0,-5,-3,-5
7323,7323,1503688328946,8,-5,-1,-4,-3,2,3,24
7324,7324,1503688328960,-3,-2,3,0,-4,-1,-1,-1
7325,7325,1503688328971,-7,0,-1,-1,0,-1,-3,-9
7326,7326,1503688328978,-5,-23,-15,-9,0,1,0,3
7327,7327,1503688328990,0,31,20,3,-2,0,-4,-9
7328,7328,1503688328991,-1,-2,-1,-1,1,-1,-2,1
7329,7329,1503688328998,-1,2,-1,-3,-3,0,0,-6
7330,7330,1503688329008,-15,4,2,2,2,1,-2,-17
7331,7331,1503688329020,-3,-2,-4,4,7,1,-1,3
7332,7332,1503688329028,1,5,-1,-2,-3,2,-4,3
7333,7333,1503688329037,3,1,0,0,-7,1,1,-1
7334,7334,1503688329050,-5,-9,-1,0,4,2,3,-4
7335,7335,1503688329058,9,10,10,-2,-9,4,2,4
7336,7336,1503688329066,5,-4,2,-1,-5,0,4,1
7337,7337,1503688329080,-4,8,5,1,1,0,-1,-15
7338,7338,1503688329088,12,7,-4,-2,-3,-4,-3,23
7339,7339,1503688329096,4,-4,-3,-1,5,4,0,-1
7340,7340,1503688329097,-2,-2,5,1,-6,-3,-2,-7
7341,7341,1503688329111,8,15,-1,-4,-6,-5,0,-8
7342,7342,1503688329118,10,-7,-8,5,5,0,3,6
7343,7343,1503688329126,-3,-3,-1,-2,2,0,-1,-7
7344,7344,1503688329140,-5,2,-1,-2,5,-3,0,-3
7345,7345,1503688329148,-1,-4,0,-2,-2,-3,1,-6
7346,7346,1503688329155,3,0,2,0,0,-5,-10,4
7347,7347,1503688329171,2,0,-1,1,-2,-2,0,-3
7348,7348,1503688329178,6,8,2,-1,-2,1,6,17
7349,7349,1503688329186,-9,-14,-8,-2,1,-1,-5,-3
7350,7350,1503688329200,3,-4,-9,-6,-7,-2,4,13
7351,7351,1503688329208,8,5,9,2,4,2,1,3
7352,7352,1503688329215,-3,6,-2,-3,-1,0,-2,-5
7353,7353,1503688329230,2,-3,0,1,-1,0,-4,0
7354,7354,1503688329238,2,-5,-6,-3,-12,-1,-2,-15
7355,7355,1503688329248,-4,1,1,1,-6,-8,-1,-7
7356,7356,1503688329260,-3,2,0,-1,4,1,1,-4
7357,7357,1503688329268,-14,-5,-4,-2,0,-2,0,-9
7358,7358,1503688329276,8,-8,-4,-2,0,-2,-2,-2
7661,7661,1503688332299,-3,-13,-6,-2,10,6,-4,-1
7662,7662,1503688332306,-8,-14,-8,-3,1,0,-2,1
7663,7663,1503688332313,0,6,4,0,3,-5,0,-4
7664,7664,1503688332331,-8,1,2,1,-2,-1,-2,-8
7665,7665,1503688332335,9,-6,1,-4,-6,-2,-2,-2
7666,7666,1503688332354,5,-7,-4,-1,-2,-3,0,-4
7667,7667,1503688332360,-11,1,0,-1,0,0,-3,-8
7668,7668,1503688332366,-2,0,0,-3,-15,-1,1,1
7669,7669,1503688332373,-1,0,1,0,-2,-3,-5,-4
7670,7670,1503688332393,1,-2,-1,-2,4,0,1,6
7671,7671,1503688332396,0,6,2,-1,-6,-1,-5,2
7672,7672,1503688332411,-11,-12,-4,-1,2,-1,-3,-5
7673,7673,1503688332420,-9,0,-7,-3,3,1,2,-2
7674,7674,1503688332427,7,19,10,3,2,0,-1,-1
7675,7675,1503688332440,-5,-5,-6,-1,-3,-3,1,-4
7676,7676,1503688332449,-1,-1,2,3,2,-2,3,8
7677,7677,1503688332462,9,2,2,5,0,0,-1,3
7678,7678,1503688332470,-3,-3,0,1,2,0,-2,-6
7679,7679,1503688332478,-13,-7,-5,-1,6,-4,-9,-2
7680,7680,1503688332488,2,1,-2,2,5,0,-2,-2
7681,7681,1503688332500,-2,-9,-6,-3,-2,-5,2,1
7682,7682,1503688332508,8,38,27,4,1,3,-1,18
7683,7683,1503688332515,2,-6,9,0,0,-1,3,-12
7684,7684,1503688332531,5,-8,-7,-3,-2,-5,0,-1
7685,7685,1503688332538,-3,-5,0,-3,-6,3,0,-3
7686,7686,1503688332546,1,-9,-11,-3,0,1,4,-7
7687,7687,1503688332561,4,0,-1,-2,-17,-2,2,8
7688,7688,1503688332568,-6,3,-1,-1,-2,-2,-2,-3
7689,7689,1503688332575,-2,12,-2,-1,-1,-5,-3,-4
7690,7690,1503688332591,-5,-6,-3,-2,1,-3,-12,-4
7691,7691,1503688332598,3,0,7,6,8,1,0,1
7692,7692,1503688332606,-6,-11,-7,-4,0,1,5,1
7693,7693,1503688332622,-2,2,-9,-3,1,-2,0,1
7694,7694,1503688332628,-6,-18,-6,-1,-1,-1,-1,-5
7695,7695,1503688332635,-9,-3,2,0,0,0,3,7
7696,7696,1503688332650,0,0,-5,-5,-5,0,0,-1
7697,7697,1503688332658,-8,-17,-8,-6,-7,-4,0,-8
7698,7698,1503688332666,-6,-4,1,-1,-2,-5,-1,-2
7699,7699,1503688332680,5,4,3,9,3,3,1,2
7700,7700,1503688332690,8,11,-1,1,0,1,-1,0
7701,7701,1503688332698,-5,3,-4,-2,8,1,1,-5
7702,7702,1503688332710,4,2,-3,5,12,0,-1,-3
7703,7703,1503688332718,-1,-21,-17,-11,-1,0,0,-2
7704,7704,1503688332726,-6,-11,-2,-5,-4,-2,0,-2
7705,7705,1503688332740,-11,1,5,-1,-17,-4,-1,3
7706,7706,1503688332750,11,-7,-2,1,-4,4,0,-2
7707,7707,1503688332757,-1,4,3,5,1,-1,1,-3
7708,7708,1503688332758,9,5,1,1,6,0,2,2
7709,7709,1503688332770,-3,-2,0,0,-2,-2,-1,1
7710,7710,1503688332778,-4,8,7,10,8,2,-6,-5
7711,7711,1503688332786,-10,3,5,0,2,-2,0,5
7712,7712,1503688332800,3,-4,-15,-4,-10,-2,-13,0
7713,7713,1503688332808,-9,-11,-6,-3,-1,-1,2,4
7714,7714,1503688332815,-13,19,15,3,-4,10,1,-13
7715,7715,1503688332830,-1,-3,0,-2,-1,-4,0,-1
7716,7716,1503688332838,10,-5,-5,-6,5,-3,3,6
7717,7717,1503688332846,-1,0,2,-4,-8,-4,-5,-6
7718,7718,1503688332860,5,8,7,15,2,-4,2,8
7719,7719,1503688332868,-1,-6,-7,-2,15,0,1,2
7720,7720,1503688332875,7,-6,1,-8,-8,-6,-2,-3
7721,7721,1503688332892,-8,-3,-5,-2,-1,-1,-9,-7
7722,7722,1503688332899,10,-3,-13,-4,10,2,4,9
7723,7723,1503688332906,6,11,7,2,-1,3,3,-2
7724,7724,1503688332924,6,-5,-4,-3,3,-2,-4,-5
7725,7725,1503688332929,8,10,3,-1,-7,-2,1,1
7726,7726,1503688332935,-3,-6,-2,-5,-3,-1,-1,-14
7727,7727,1503688332951,-1,6,1,-2,-7,5,2,0
7728,7728,1503688332958,11,10,9,-1,-2,-2,0,-1
7729,7729,1503688332967,21,1,16,3,-8,2,0,5
7730,7730,1503688332984,-3,0,6,1,3,0,-3,-8
7731,7731,1503688332993,-2,4,2,2,2,-3,-4,-3
7732,7732,1503688332996,-10,-6,1,0,-5,2,-2,1
7733,7733,1503688333011,-15,-3,0,-3,-4,-4,0,-14
7734,7734,1503688333018,-14,-12,-14,-3,0,0,-1,1
7735,7735,1503688333027,-1,5,-8,-4,1,-1,4,-4
7736,7736,1503688333040,-7,-4,-3,-2,-2,-2,0,3
7737,7737,1503688333048,-18,3,8,2,-1,-4,-5,-18
7738,7738,1503688333058,1,-1,-4,-2,2,0,0,-12
7739,7739,1503688333071,9,-12,-8,-3,-3,2,-1,15
7740,7740,1503688333078,8,7,6,-2,-7,-2,1,10
7741,7741,1503688333086,-24,-10,-8,0,5,-1,-1,-11
7742,7742,1503688333100,-3,2,2,-1,-7,1,-1,-1
7743,7743,1503688333108,-5,-4,-2,-1,-6,-3,-1,3
7744,7744,1503688333115,-4,1,2,-2,2,-3,-1,-6
7745,7745,1503688333132,11,1,-3,0,-1,-2,-1,10
7746,7746,1503688333138,-7,1,1,-1,1,-1,-3,-1
7747,7747,1503688333146,7,-8,-5,-2,-2,-2,-2,8
7748,7748,1503688333168,14,-6,-11,-4,-5,3,-1,6
7749,7749,1503688333169,22,14,7,0,-6,-3,1,9
7750,7750,1503688333183,0,6,-3,0,5,-1,-7,-14
7751,7751,1503688333202,-1,27,33,8,4,-2,0,2
7752,7752,1503688333206,-7,23,12,2,5,0,-4,-14
7753,7753,1503688333220,2,3,-4,0,-4,-1,2,12
7754,7754,1503688333228,-6,-19,-5,-1,-1,-1,-4,-1
7755,7755,1503688333235,-2,-13,-8,-4,5,0,1,0
7756,7756,1503688333251,-8,-9,-11,-4,6,-3,0,-12
7757,7757,1503688333259,-10,3,6,0,-2,-6,-4,-4
7758,7758,1503688333266,10,-13,4,1,1,0,1,3
8074,8074,1503688336325,-8,-9,-8,-5,-3,0,-2,6
8075,8075,1503688336342,-2,3,0,0,0,0,-1,0
8076,8076,1503688336349,5,-2,0,-3,-1,1,-1,1
8077,8077,1503688336355,5,12,5,2,-3,-2,-1,1
8078,8078,1503688336371,-3,-1,-4,-5,0,-1,-2,-9
8079,8079,1503688336374,4,-1,0,2,1,-1,-2,-1
8080,8080,1503688336379,4,-4,1,3,1,0,0,7
8081,8081,1503688336398,-3,1,3,-2,-5,3,0,-6
8082,8082,1503688336400,-7,1,0,1,1,-1,-1,-6
8083,8083,1503688336409,-9,-5,-3,0,2,-2,0,0
8084,8084,1503688336415,-6,-21,-7,-1,-1,-2,1,-2
8085,8085,1503688336432,-9,8,4,1,-2,-3,-6,-4
8086,8086,1503688336438,8,3,5,0,0,0,-3,0
8087,8087,1503688336443,-4,-2,-3,-8,-5,-2,0,-2
8088,8088,1503688336454,0,1,-2,-2,-2,-2,0,-2
8089,8089,1503688336460,5,3,-2,1,1,1,-1,5
8090,8090,1503688336468,3,-1,-5,-2,-3,2,2,4
8091,8091,1503688336476,-1,2,2,4,2,2,0,-3
8092,8092,1503688336491,-2,-18,-7,-4,1,-3,0,-3
8093,8093,1503688336498,-5,-18,-7,-2,0,-1,0,2
8094,8094,1503688336513,6,-17,-16,-4,0,-3,-4,-6
8095,8095,1503688336520,1,3,-4,2,2,0,2,1
8096,8096,1503688336528,9,7,-2,-2,-4,-3,0,9
8097,8097,1503688336535,8,12,3,0,2,0,1,-6
8098,8098,1503688336551,-4,7,4,4,3,2,1,-6
8099,8099,1503688336558,0,8,9,5,1,1,-4,2
8100,8100,1503688336575,11,4,4,-3,0,1,-4,1
8101,8101,1503688336581,-6,-3,-4,-2,-3,-4,-4,2
8102,8102,1503688336588,5,2,5,1,1,-1,1,3
8103,8103,1503688336595,1,-3,-3,-3,-1,1,1,-4
8104,8104,1503688336615,0,4,2,-1,-3,-2,-1,1
8105,8105,1503688336618,-6,7,-2,3,18,-2,-7,-14
8106,8106,1503688336633,1,2,-1,0,1,1,0,2
8107,8107,1503688336642,-3,-10,-3,-5,-1,0,1,-6
8108,8108,1503688336648,-8,16,13,12,5,1,0,0
8109,8109,1503688336655,16,-1,1,2,-4,0,1,7
8110,8110,1503688336671,4,4,3,-3,-5,-2,0,-6
8111,8111,1503688336678,13,-37,-13,-5,-5,1,5,17
8112,8112,1503688336693,-3,-12,-9,-1,1,-2,-13,7
8113,8113,1503688336700,-7,-1,-2,-8,-13,-4,-3,-5
8114,8114,1503688336714,-6,-7,-3,-2,0,1,5,1
8115,8115,1503688336715,-6,3,0,0,-5,-3,-2,2
8116,8116,1503688336731,-2,5,-1,0,0,2,3,-2
8117,8117,1503688336738,-5,13,5,1,0,2,2,-2
8118,8118,1503688336753,-1,3,-4,-6,-10,-2,1,1
8119,8119,1503688336760,-5,-6,-2,3,-2,-2,-5,-2
8120,8120,1503688336768,-8,-7,1,-1,1,0,0,-10
8121,8121,1503688336776,-1,23,10,5,1,-1,-4,-4
8122,8122,1503688336790,-16,-32,-23,-8,-4,-4,-5,-5
8123,8123,1503688336791,9,1,0,0,1,-2,4,3
8124,8124,1503688336798,-6,-2,11,2,2,0,-7,-9
8125,8125,1503688336813,-1,20,29,6,3,0,0,-6
8126,8126,1503688336820,-10,-20,-21,-7,-1,-3,2,-1
8127,8127,1503688336828,-7,-3,-6,-1,-1,-3,0,-1
8128,8128,1503688336835,13,9,1,-8,-6,-2,-2,5
8129,8129,1503688336851,0,-5,-5,-4,-1,-1,-2,1
8130,8130,1503688336858,-2,1,0,7,7,1,-1,-3
8131,8131,1503688336873,13,1,-2,-3,-3,-3,-2,0
8132,8132,1503688336881,-4,3,1,-4,-2,-4,-2,0
8133,8133,1503688336888,-4,-17,-5,0,1,-1,0,3
8134,8134,1503688336895,5,9,10,4,1,3,2,-2
8135,8135,1503688336911,3,0,-7,-5,-6,-1,0,5
8136,8136,1503688336919,2,4,-2,0,-3,-1,0,3
8137,8137,1503688336933,-3,-7,-4,0,-2,-3,-3,-2
8138,8138,1503688336944,9,6,0,-5,-3,-1,0,15
8139,8139,1503688336949,-2,1,-1,1,0,2,-1,-15
8140,8140,1503688336955,-9,-5,-6,-4,-5,-5,2,-10
8141,8141,1503688336970,-4,-16,-12,-10,1,-3,-4,0
8142,8142,1503688336971,-1,16,5,3,2,-1,-1,-3
8143,8143,1503688336979,2,7,20,6,0,2,4,-2
8144,8144,1503688336993,-11,-9,-3,0,1,0,-5,-6
8145,8145,1503688337000,8,-3,-6,-1,-1,3,-1,1
8146,8146,1503688337016,-11,3,-7,-2,-1,-1,-3,-8
8147,8147,1503688337031,3,-4,-8,-3,-2,0,1,0
8148,8148,1503688337038,6,19,26,7,4,0,-1,15
8149,8149,1503688337054,-2,34,11,0,0,-1,1,1
8150,8150,1503688337060,-1,11,-14,-6,-5,-1,1,5
8151,8151,1503688337068,-3,-10,-14,-4,-2,-1,-3,-4
8152,8152,1503688337083,-1,-17,-20,-3,0,-3,-4,-17
8153,8153,1503688337090,8,21,6,0,-1,-4,0,10
8154,8154,1503688337091,-14,-25,-10,-4,1,3,-1,-6
8155,8155,1503688337097,-13,-17,2,0,7,-1,-1,-12
8156,8156,1503688337114,-7,-14,-1,1,-2,1,2,-1
8157,8157,1503688337121,-2,-2,0,-1,-3,-1,0,-5
8158,8158,1503688337128,-1,8,9,0,2,-3,-2,2
8159,8159,1503688337144,0,-2,-4,1,1,0,0,-3
8160,8160,1503688337152,10,-1,-2,0,-3,-2,-6,6
8161,8161,1503688337158,0,-15,-6,-3,-15,-2,-3,1
8534,8534,1503688340749,5,-1,1,-3,-5,-1,-2,-5
8535,8535,1503688340757,2,-2,0,1,-3,-2,0,-4
8536,8536,1503688340765,0,-2,-5,3,-4,-2,-2,-4
8537,8537,1503688340780,-7,1,0,-6,-3,-4,0,8
8538,8538,1503688340787,2,1,1,6,4,2,0,-2
8539,8539,1503688340802,-7,-4,-3,3,5,0,-4,-4
8540,8540,1503688340810,3,1,2,-2,-1,-1,0,7
8541,8541,1503688340818,11,2,0,-1,1,0,4,38
8542,8542,1503688340832,16,6,6,1,-1,-1,0,-6
8543,8543,1503688340840,4,47,26,4,0,0,-2,-16
8544,8544,1503688340847,1,0,1,-1,0,-1,5,15
8545,8545,1503688340864,-5,-13,-8,-5,-3,-4,1,-13
8546,8546,1503688340871,-9,8,1,-1,0,2,-3,-5
8547,8547,1503688340872,3,-7,-4,-4,-1,-1,-1,-4
8548,8548,1503688340877,-8,-7,-5,1,2,0,0,-12
8549,8549,1503688340892,-16,-6,-5,-3,-3,-3,-5,-1
8550,8550,1503688340901,4,-8,-3,-3,-6,-2,-3,1
8551,8551,1503688340907,5,16,9,1,-1,0,1,20
8552,8552,1503688340923,2,-8,-2,-3,0,0,-2,1
8553,8553,1503688340933,1,27,12,1,-1,-2,-2,-18
8554,8554,1503688340938,10,-5,-5,-4,1,-1,0,22
8555,8555,1503688340952,-16,-15,-11,-1,0,-1,-4,-8
8556,8556,1503688340960,-5,-4,-2,-2,-3,-2,-4,-19
8557,8557,1503688340967,10,-9,2,-1,-4,-2,1,8
8558,8558,1503688340983,1,-8,-4,3,2,-2,-10,8
8559,8559,1503688340989,-9,-12,-12,-3,-1,-2,-6,-8
8560,8560,1503688340998,-3,-1,1,-2,-4,-2,2,-3
8561,8561,1503688341012,-3,1,-4,-1,1,0,1,-12
8562,8562,1503688341020,-5,-4,-5,-1,-2,2,3,-3
8563,8563,1503688341027,1,-9,-2,2,-6,-6,1,-2
8564,8564,1503688341042,6,36,18,4,2,1,1,-1
8565,8565,1503688341049,-6,-7,-5,-6,0,-1,-3,-3
8566,8566,1503688341057,11,-16,-11,-3,-1,-1,0,-5
8567,8567,1503688341072,-7,8,6,5,4,2,0,-1
8568,8568,1503688341080,-2,-2,2,2,3,0,0,-9
8569,8569,1503688341088,-2,-8,-4,0,2,1,2,13
8570,8570,1503688341102,-5,8,3,5,4,-2,-4,-10
8571,8571,1503688341109,11,2,2,-2,0,3,-2,-10
8572,8572,1503688341117,4,3,-2,-6,-1,1,1,3
8573,8573,1503688341134,2,1,-6,-4,-5,-3,0,9
8574,8574,1503688341140,-8,-13,-8,-7,-4,-2,3,-1
8575,8575,1503688341147,-3,-2,-3,-1,1,4,-2,-10
8576,8576,1503688341165,0,-12,-7,-2,2,-2,0,-11
8577,8577,1503688341169,0,-6,-1,-6,-15,-2,-3,2
8578,8578,1503688341177,-13,-7,-6,-3,-6,0,-4,1
8579,8579,1503688341192,6,6,3,4,6,-2,-4,-9
8580,8580,1503688341200,-3,0,3,0,0,-2,2,8
8581,8581,1503688341207,10,-6,0,-3,1,-2,3,7
8582,8582,1503688341222,4,3,-3,1,5,2,-1,20
8583,8583,1503688341231,-11,-16,-9,-4,-3,-1,0,1
8584,8584,1503688341237,4,0,3,-4,-7,-3,-13,-3
8585,8585,1503688341252,-8,14,5,5,-5,-3,-1,-10
8586,8586,1503688341260,-13,-5,-10,-7,1,0,3,-14
8587,8587,1503688341268,-7,0,-1,-2,7,2,-3,-1
8588,8588,1503688341282,8,19,4,3,-6,-1,6,4
8589,8589,1503688341289,3,0,-7,-5,1,-1,1,-1
8590,8590,1503688341300,1,-9,-2,2,2,0,0,3
8591,8591,1503688341312,13,10,6,1,1,1,4,24
8592,8592,1503688341320,-14,-15,-6,-1,-8,-2,-2,-17
8593,8593,1503688341327,-17,-10,-4,0,0,-2,-4,-12
8594,8594,1503688341342,3,5,2,1,3,2,3,7
8595,8595,1503688341349,-8,-4,-9,-1,0,2,-11,-9
8596,8596,1503688341357,-11,-9,-9,0,-3,-1,-1,-10
8597,8597,1503688341372,4,-5,-8,-9,-6,0,1,9
8598,8598,1503688341373,0,0,5,2,-1,-2,1,1
8599,8599,1503688341380,20,35,20,5,-2,-2,-4,13
8600,8600,1503688341388,9,3,-2,-6,-9,-1,3,-1
8601,8601,1503688341403,-5,-15,-6,-5,-2,-4,0,-5
8602,8602,1503688341409,8,18,10,0,1,-2,2,24
8603,8603,1503688341417,-15,-12,-5,-6,-12,-3,-4,-13
8604,8604,1503688341433,0,-8,-4,-1,1,-3,3,-1
8605,8605,1503688341440,4,0,1,3,5,1,-1,-12
8606,8606,1503688341447,-5,-3,0,2,3,-4,1,-16
8607,8607,1503688341462,1,-2,2,-1,-4,1,0,0
8608,8608,1503688341469,14,-2,0,2,6,-1,-2,-4
8609,8609,1503688341477,-14,-7,-2,-2,4,0,2,1
8610,8610,1503688341492,1,0,-2,-3,-14,1,1,-3
8611,8611,1503688341500,18,2,2,-1,1,0,3,27
8612,8612,1503688341507,-14,-3,-1,1,4,-1,-6,-34
8613,8613,1503688341522,-6,6,7,0,2,0,-1,-11
8614,8614,1503688341529,-7,-4,-2,1,3,1,-1,3
8615,8615,1503688341538,8,5,-1,-2,4,-2,-2,1
8616,8616,1503688341552,-19,-5,-1,-1,4,-4,-7,-1
8617,8617,1503688341560,3,-3,0,5,2,2,1,-7
8618,8618,1503688341568,13,3,-2,-4,-10,3,1,7
8619,8619,1503688341582,-6,-6,-2,-5,-5,-1,-1,0
8620,8620,1503688341589,-8,-8,-3,-2,3,-2,2,12
8621,8621,1503688341598,5,-2,-9,-1,0,1,-1,-5
8622,8622,1503688341599,1,5,5,5,1,1,1,-1
8623,8623,1503688341612,1,-5,-18,-6,-2,-2,-1,-3
8624,8624,1503688341620,-11,-26,-12,-2,0,-2,0,5
8937,8937,1503688344681,4,14,3,1,9,1,-4,0
8938,8938,1503688344688,8,-2,-3,-2,6,-1,-11,6
8939,8939,1503688344703,1,5,-2,1,-1,-3,-2,12
8940,8940,1503688344710,-3,-5,-1,0,-1,0,2,22
8941,8941,1503688344726,-1,-7,-1,2,-6,-2,-4,-18
8942,8942,1503688344731,1,21,9,3,1,1,3,-27
8943,8943,1503688344740,0,0,2,-3,-4,-3,2,-5
8944,8944,1503688344749,-2,-10,-4,-1,0,-2,-1,-7
8945,8945,1503688344762,-2,1,1,0,-8,-2,0,-12
8946,8946,1503688344769,-3,1,-5,-1,-2,-1,-3,-22
8947,8947,1503688344770,-1,-8,-3,1,-4,1,3,0
8948,8948,1503688344778,0,-8,-5,-2,1,-5,-1,36
8949,8949,1503688344793,-4,-2,-1,0,10,0,1,-8
8950,8950,1503688344800,-1,0,0,-1,5,0,0,-3
8951,8951,1503688344807,3,-8,-4,-4,-2,0,0,-6
8952,8952,1503688344822,0,-3,-3,0,-8,0,-3,-2
8953,8953,1503688344830,-6,-16,-6,-3,-6,-1,1,22
8954,8954,1503688344838,-3,-1,2,-2,4,0,-5,14
8955,8955,1503688344852,-1,1,0,1,0,-1,-1,-22
8956,8956,1503688344867,2,7,4,2,0,1,3,-12
8957,8957,1503688344868,-2,0,1,-2,-1,-3,0,-40
8958,8958,1503688344883,2,-1,-3,-1,2,2,2,-1
8959,8959,1503688344890,0,0,-1,1,6,-1,-1,28
8960,8960,1503688344898,0,-2,0,1,7,-4,-4,-6
8961,8961,1503688344911,-7,3,11,5,-3,-1,-2,3
8962,8962,1503688344920,-3,-5,-1,-1,-6,-4,-2,-10
8963,8963,1503688344927,2,21,5,2,1,-2,0,6
8964,8964,1503688344942,-3,5,6,-3,-3,-1,-10,-9
8965,8965,1503688344952,2,-5,-4,-2,-3,2,-3,-2
8966,8966,1503688344959,-1,-5,-7,-3,1,1,3,-2
8967,8967,1503688344971,2,0,-1,-1,-1,-4,0,5
8968,8968,1503688344980,0,2,-1,1,-3,-1,4,3
8969,8969,1503688344995,-1,-1,-1,1,3,-2,1,1
8970,8970,1503688345002,-4,-3,-1,-1,-4,1,-1,-1
8971,8971,1503688345010,13,1,-1,-2,-2,1,-3,-1
8972,8972,1503688345020,5,-10,-3,3,11,0,-2,0
8973,8973,1503688345031,-1,-7,-5,-3,-3,2,1,-9
8974,8974,1503688345040,6,1,-7,-5,-2,-4,-1,-21
8975,8975,1503688345047,2,3,3,0,-1,-2,-4,2
8976,8976,1503688345062,0,8,9,3,-1,1,6,13
8977,8977,1503688345070,-6,-1,-3,-5,-6,-2,1,-2
8978,8978,1503688345078,2,-4,-1,8,2,0,1,6
8979,8979,1503688345092,-6,-14,-7,-1,2,-1,-1,7
8980,8980,1503688345100,-1,1,-1,-3,-5,-1,-3,-5
8981,8981,1503688345107,-7,-8,-7,-4,-1,-3,-1,0
8982,8982,1503688345123,-4,3,1,-1,0,0,-3,0
8983,8983,1503688345130,7,3,1,-3,-5,7,-2,5
8984,8984,1503688345138,-5,-3,0,-5,-15,-1,-3,1
8985,8985,1503688345152,-3,-1,-4,-2,-2,-2,-3,0
8986,8986,1503688345153,11,5,-1,3,2,-4,2,-1
8987,8987,1503688345161,-4,3,1,-1,3,1,-1,1
8988,8988,1503688345167,2,5,1,1,4,-1,0,0
8989,8989,1503688345185,-2,0,5,-1,-3,-3,1,1
8990,8990,1503688345191,-12,3,5,0,-1,0,0,-4
8991,8991,1503688345198,-3,9,-1,-4,-2,1,3,-14
8992,8992,1503688345211,7,6,7,1,2,1,-2,3
8993,8993,1503688345212,7,-7,-5,1,-3,-1,-9,3
8994,8994,1503688345223,-8,-8,-5,-2,1,0,0,7
8995,8995,1503688345227,-2,3,8,3,-2,-3,-1,-7
8996,8996,1503688345228,-1,-2,-2,-2,-6,-2,1,3
8997,8997,1503688345242,5,-4,-2,-1,2,-1,-1,1
8998,8998,1503688345251,-14,-2,-2,-2,4,-2,-1,-5
8999,8999,1503688345259,0,-1,-4,-1,-1,-2,1,6
9000,9000,1503688345271,-2,-1,-1,-1,3,1,0,-5
9001,9001,1503688345280,0,-3,-12,-3,-1,1,-2,-9
9002,9002,1503688345289,18,1,7,0,-2,1,5,22
9003,9003,1503688345302,-3,-1,8,-1,-1,-2,1,11
9004,9004,1503688345310,-11,7,9,-2,1,-2,-12,-8
9005,9005,1503688345323,3,-4,-3,2,1,0,1,9
9006,9006,1503688345332,-8,-15,-7,0,-2,-2,0,-12
9007,9007,1503688345339,4,7,3,2,4,-4,-2,4
9008,9008,1503688345340,-5,-1,2,0,1,-2,-2,-8
9009,9009,1503688345347,31,0,-11,-3,-5,-3,9,46
9010,9010,1503688345362,-1,-2,-2,-3,-3,-1,-1,0
9011,9011,1503688345370,-10,-5,-6,-3,-2,-1,-3,-13
9012,9012,1503688345378,5,5,10,4,0,-1,-2,-10
9013,9013,1503688345392,4,-6,-5,-4,4,1,0,10
9014,9014,1503688345393,-4,9,8,3,-5,-2,1,-13
9015,9015,1503688345400,5,-13,-12,-5,-3,-2,-3,-8
9016,9016,1503688345407,1,6,-3,0,4,-3,6,-3
9017,9017,1503688345422,-1,-6,-5,-1,-3,-1,0,3
9018,9018,1503688345430,-8,3,3,0,1,-1,-1,-4
9019,9019,1503688345438,4,1,1,-1,7,-1,-3,-6
9020,9020,1503688345453,-3,-3,0,1,0,2,-1,-7
9021,9021,1503688345460,-8,0,6,1,4,5,1,22
9022,9022,1503688345474,6,-3,4,0,-3,-1,-1,-2
9023,9023,1503688345482,-8,5,-3,-2,-3,-3,-3,-6
9024,9024,1503688345490,-1,3,-1,-1,2,-2,-5,-1
9025,9025,1503688345505,3,3,-3,-2,-3,1,0,-4
9026,9026,1503688345511,-4,6,7,2,16,0,-1,-10
9027,9027,1503688345520,0,-8,-2,-1,-4,0,-2,4
9028,9028,1503688345534,-2,-19,-8,-2,-3,1,-2,2
9029,9029,1503688345542,-3,3,9,1,-2,-4,-12,-6
9030,9030,1503688345549,-9,-9,-1,0,-2,1,-1,4
9031,9031,1503688345565,-1,-5,-8,-3,-3,-2,2,-3
9032,9032,1503688345571,10,5,-5,-6,-5,-3,0,1
9033,9033,1503688345580,3,0,-1,0,-1,-1,2,-1
9034,9034,1503688345594,-6,0,1,0,-4,-2,1,-4
9035,9035,1503688345602,3,1,-3,-1,-1,-4,-3,-2
9036,9036,1503688345609,-2,4,-6,-1,-8,-1,-1,-6
9037,9037,1503688345625,-2,7,13,6,3,3,-1,-1
9038,9038,1503688345631,-7,-5,-4,1,8,-3,-6,-5
9039,9039,1503688345639,1,-11,-5,-1,-5,-2,2,-6
9040,9040,1503688345656,-2,-5,3,1,1,1,1,4
9041,9041,1503688345662,8,-6,-1,1,1,0,2,3
9042,9042,1503688345670,0,2,-3,-3,1,0,-1,2
9043,9043,1503688345688,0,-1,-6,-4,-1,-1,2,15
9044,9044,1503688345692,-6,-4,2,-4,-9,-1,-1,-3
9045,9045,1503688345700,-10,-2,-2,-1,-2,-3,-2,-7
9046,9046,1503688345714,0,-4,1,-2,-1,-4,0,11
9047,9047,1503688345723,0,5,0,-1,4,1,0,25
9048,9048,1503688345730,-5,19,-2,0,-3,-1,1,-10
9049,9049,1503688345744,-3,-8,-5,2,3,0,1,-12
9050,9050,1503688345754,1,-3,-1,3,0,-1,-4,-4
9051,9051,1503688345760,3,3,-1,-2,1,-1,-1,-11
9367,9367,1503688348827,3,2,-2,-5,-4,-1,-2,-1
9368,9368,1503688348842,-4,-22,-2,-1,-2,-5,-5,-2
9369,9369,1503688348849,-1,-4,0,0,0,0,-2,1
9370,9370,1503688348857,-5,-8,-3,-3,0,-1,1,4
9371,9371,1503688348872,-4,-1,-2,-1,-5,0,-1,-1
9372,9372,1503688348880,1,4,1,2,12,0,-3,-1
9373,9373,1503688348887,2,3,-2,-2,0,-2,1,15
9374,9374,1503688348903,-2,5,1,-1,-1,1,-3,-4
9375,9375,1503688348910,0,-11,-4,-2,5,-1,-2,-19
9376,9376,1503688348918,1,-1,0,-4,-9,0,2,-7
9377,9377,1503688348932,-1,-4,-6,-1,-19,-2,-3,2
9378,9378,1503688348940,2,33,10,-2,-13,-1,0,0
9379,9379,1503688348947,-5,-4,-2,-2,-8,-2,-2,-5
9380,9380,1503688348962,-1,-4,-2,-2,-4,0,2,-6
9381,9381,1503688348971,8,15,8,1,1,-2,-2,-1
9382,9382,1503688348979,-3,-12,-6,2,4,-2,2,-6
9383,9383,1503688348992,3,-9,0,-1,8,1,-1,-5
9384,9384,1503688349000,0,4,-1,0,3,0,-3,8
9385,9385,1503688349007,0,0,-2,0,1,2,-1,-2
9386,9386,1503688349022,-2,0,-2,-4,2,-2,0,-6
9387,9387,1503688349029,5,14,5,-1,-2,1,1,7
9388,9388,1503688349038,-3,-9,0,1,3,0,-2,24
9389,9389,1503688349052,-6,-3,-2,-1,8,-2,4,-4
9390,9390,1503688349060,-2,1,-1,0,0,-1,-2,-6
9391,9391,1503688349067,-2,-7,-5,-3,0,-2,1,-15
9392,9392,1503688349082,-2,-5,-2,2,11,1,0,-5
9393,9393,1503688349090,-2,-1,-2,0,-4,-1,2,0
9394,9394,1503688349099,1,-2,1,-2,9,-1,-3,15
9395,9395,1503688349113,-1,0,0,4,5,-3,-3,2
9396,9396,1503688349120,-2,-1,0,-2,-16,-2,-1,-6
9397,9397,1503688349127,-3,-5,-3,-8,-3,-1,-2,25
9398,9398,1503688349143,-2,2,4,8,7,-4,-2,7
9399,9399,1503688349144,-2,-4,-3,-2,0,-2,-1,-17
9400,9400,1503688349157,-2,-7,-8,-3,2,1,-1,-1
9401,9401,1503688349165,3,-5,-4,0,-9,-2,-5,-9
9402,9402,1503688349172,0,0,-1,1,5,-2,-5,-10
9403,9403,1503688349182,-1,-2,1,0,1,0,1,-28
9404,9404,1503688349195,-2,0,2,-1,-1,2,1,-2
9405,9405,1503688349206,0,4,0,-2,2,4,-2,21
9406,9406,1503688349210,0,-2,0,4,-3,-3,-4,7
9407,9407,1503688349224,3,16,6,2,1,-1,1,0
9408,9408,1503688349232,-3,-9,-8,-2,-5,-2,-1,-4
9409,9409,1503688349240,-2,3,-2,-1,11,-3,-10,-7
9410,9410,1503688349255,-2,-5,0,-2,-7,-4,-2,-3
9411,9411,1503688349273,-1,-4,1,1,-3,-2,-1,-3
9412,9412,1503688349285,-3,1,-1,-1,-5,-2,0,9
9413,9413,1503688349292,2,3,2,1,4,6,-1,-3
9414,9414,1503688349300,-1,-5,2,-3,-6,-2,0,-5
9415,9415,1503688349315,-4,8,1,-2,2,-1,1,-1
9416,9416,1503688349322,-6,4,2,-1,-7,-1,-5,5
9417,9417,1503688349323,10,-7,-2,-1,-5,3,3,4
9418,9418,1503688349329,4,-9,2,-1,1,-2,-3,0
9419,9419,1503688349346,-3,17,5,-2,-4,-4,0,-19
9420,9420,1503688349352,3,-1,-6,-5,-2,-2,-2,-3
9421,9421,1503688349360,2,-15,-6,-1,2,-1,0,3
9422,9422,1503688349375,0,10,5,0,0,2,7,-1
9423,9423,1503688349383,-4,-4,-1,0,-1,-1,0,-1
9424,9424,1503688349389,-1,-4,0,-5,-3,-1,-3,2
9425,9425,1503688349406,-2,-10,-1,0,1,0,-1,0
9426,9426,1503688349413,-2,-4,-11,2,8,-2,1,1
9427,9427,1503688349420,7,12,9,2,-1,0,-2,2
9428,9428,1503688349434,-2,-4,-4,-2,-6,-1,-1,-2
9429,9429,1503688349444,-6,-8,-6,2,-1,-4,-1,-3
9430,9430,1503688349450,0,4,1,2,-20,-3,-3,0
9431,9431,1503688349465,-1,2,3,3,-3,3,5,7
9432,9432,1503688349472,0,-4,1,1,9,0,-6,-5
9433,9433,1503688349473,-1,2,5,5,6,0,-3,-2
9434,9434,1503688349481,-2,6,3,-1,-3,1,4,3
9435,9435,1503688349494,2,0,-2,-1,1,-2,-1,-3
9436,9436,1503688349502,-5,-7,-3,-3,-1,-5,-4,-4
9437,9437,1503688349510,7,11,11,0,5,6,4,3
9438,9438,1503688349524,-4,3,-4,1,16,-2,-5,2
9439,9439,1503688349532,-1,-3,-3,-3,-2,-2,1,-8
9440,9440,1503688349540,-3,-4,-3,-9,-8,-1,-2,0
9441,9441,1503688349554,3,1,0,4,1,1,2,4
9442,9442,1503688349562,-2,-1,-2,0,-5,-3,-1,-1
9443,9443,1503688349569,-7,-6,-4,-4,-5,-1,-1,-3
9444,9444,1503688349584,1,-4,-2,-2,-6,2,-2,-4
9445,9445,1503688349592,6,12,0,1,-12,0,0,19
9446,9446,1503688349600,4,-1,-2,-6,-2,-1,1,-3
9447,9447,1503688349616,-11,-18,-11,-2,6,0,-3,-21
9448,9448,1503688349622,-5,-11,1,4,0,1,-4,-2
9449,9449,1503688349630,-8,-6,-6,-3,-2,-5,-4,-6
9450,9450,1503688349645,12,9,1,3,4,2,2,-6
9451,9451,1503688349652,-8,-4,0,-4,-4,-3,-4,1
9791,9791,1503688352929,-2,-9,0,1,-11,-2,0,-9
9792,9792,1503688352945,-2,-2,-2,-1,-2,1,1,2
9793,9793,1503688352952,-1,-3,-6,-2,-8,0,-3,-4
9794,9794,1503688352963,1,-5,-2,0,3,-3,-1,-4
9795,9795,1503688352964,1,-1,-1,-1,2,2,-3,1
9796,9796,1503688352974,-5,-2,1,-4,7,0,-2,7
9797,9797,1503688352982,1,-10,-3,-2,-2,-1,0,-5
9798,9798,1503688352992,-2,-5,-4,-3,-3,-5,1,-6
9799,9799,1503688353005,1,-1,-1,0,7,1,2,-16
9800,9800,1503688353012,2,3,2,0,5,-1,-6,14
9801,9801,1503688353020,-3,-5,-2,-3,-6,-1,0,0
9802,9802,1503688353034,0,-7,-2,-4,5,0,2,5
9803,9803,1503688353035,0,4,0,5,3,-2,-4,6
9804,9804,1503688353042,1,3,3,-1,5,0,1,9
9805,9805,1503688353049,0,-2,0,-2,-11,-2,-1,-8
9806,9806,1503688353065,-1,1,-1,4,7,0,-1,-10
9807,9807,1503688353072,-2,-6,-2,-4,9,0,-1,-4
9808,9808,1503688353080,-2,0,0,-3,0,-1,2,15
9809,9809,1503688353095,-1,-3,-1,1,-6,1,2,11
9810,9810,1503688353102,-5,-1,1,-4,-5,-1,-3,-6
9811,9811,1503688353109,1,4,0,2,7,-1,0,-11
9812,9812,1503688353125,-1,-5,-2,-2,0,0,-1,-1
9813,9813,1503688353132,-4,-4,-4,-4,3,-2,2,-3
9814,9814,1503688353140,2,1,0,2,1,-1,1,-10
9815,9815,1503688353154,-1,-3,-4,-4,-1,0,3,-1
9816,9816,1503688353162,1,-5,-4,-2,-5,-4,-2,12
9817,9817,1503688353169,2,0,2,-2,-7,-3,1,8
9818,9818,1503688353185,-4,-3,3,-1,-1,-4,-3,0
9819,9819,1503688353192,0,3,1,3,-3,-2,-1,-8
9820,9820,1503688353201,2,0,-2,-1,-2,2,-2,3
9821,9821,1503688353221,-9,-12,-1,-1,-2,0,0,-3
9822,9822,1503688353225,5,14,7,-1,0,-5,-6,0
9823,9823,1503688353230,6,6,2,-1,2,-1,-4,-7
9824,9824,1503688353245,1,3,1,-1,-2,-1,3,1
9825,9825,1503688353252,-3,-1,-4,-2,1,-4,-1,-3
9826,9826,1503688353260,8,0,-5,-4,-2,3,3,6
9827,9827,1503688353274,-1,-3,-1,-1,-3,1,-3,-5
9828,9828,1503688353282,-3,0,1,3,-1,-4,-1,3
9829,9829,1503688353291,0,-3,-5,-5,-1,1,-2,-2
9830,9830,1503688353305,1,-3,-1,3,7,1,3,-6
9831,9831,1503688353312,0,3,2,-1,-2,1,1,-1
9832,9832,1503688353320,-2,-4,-6,-3,0,-1,-1,-4
9833,9833,1503688353334,7,4,2,-2,-3,-2,-1,-2
9834,9834,1503688353342,-2,-4,0,2,1,2,1,0
9835,9835,1503688353349,1,-11,-3,-1,-3,0,-1,3
9836,9836,1503688353366,3,-13,-9,-4,-1,-4,-3,-2
9837,9837,1503688353372,-3,4,-1,1,1,1,0,-1
9838,9838,1503688353380,-7,-5,-6,-3,-3,-1,-2,0
9839,9839,1503688353395,0,5,0,4,2,-2,2,3
9840,9840,1503688353402,-18,-5,0,0,-2,1,-2,-2
9841,9841,1503688353409,-7,-3,0,3,-4,2,1,2
9842,9842,1503688353427,2,3,3,0,8,-1,-3,1
9843,9843,1503688353432,-2,-5,-2,1,-2,0,-2,0
9844,9844,1503688353440,0,0,-3,-5,-4,1,0,0
9845,9845,1503688353454,-2,-1,0,-2,-2,-10,0,-5
9846,9846,1503688353463,3,6,7,-1,-8,-2,2,-4
9847,9847,1503688353469,1,2,1,2,2,0,1,-3
9848,9848,1503688353485,-8,-2,2,0,-1,2,2,0
9849,9849,1503688353493,-2,8,12,-1,0,2,0,-1
9850,9850,1503688353503,7,13,11,7,1,2,-3,-7
9851,9851,1503688353515,1,-8,-9,-4,1,-3,-1,20
9852,9852,1503688353523,-2,3,-1,1,-1,-2,-2,-2
9853,9853,1503688353532,-5,-12,-7,-5,-6,-1,-2,-11
9854,9854,1503688353552,5,0,-4,-1,-2,-2,0,2
9855,9855,1503688353553,-2,7,5,-6,-2,-1,0,0
9856,9856,1503688353562,0,-9,3,2,1,-1,0,1
9857,9857,1503688353575,1,-9,-5,-1,3,0,-2,-4
9858,9858,1503688353583,-5,-14,-8,1,0,1,-2,1
9859,9859,1503688353589,0,7,10,0,2,-1,-1,0
9860,9860,1503688353605,2,-1,-6,0,5,-2,-2,3
9861,9861,1503688353612,8,16,0,2,-2,-3,3,1
9862,9862,1503688353620,-4,-4,-7,-5,-3,-1,-4,-10
9863,9863,1503688353636,-9,-3,-13,-6,-1,0,-2,0
9864,9864,1503688353642,-5,-2,-4,-4,-1,0,-5,-4
9865,9865,1503688353649,-5,-8,-5,3,-3,-1,-3,-5
9866,9866,1503688353665,-10,1,-1,-2,-3,0,1,-7
9867,9867,1503688353672,1,2,3,0,5,1,-1,0
9868,9868,1503688353687,1,-10,-3,0,-3,-2,-3,2
9869,9869,1503688353695,-5,-3,1,4,1,1,0,10
9870,9870,1503688353703,-1,-1,0,-2,3,0,2,1
9871,9871,1503688353709,0,-2,-2,-3,-3,-2,-3,-15
9872,9872,1503688353728,4,6,5,8,2,1,2,9
9873,9873,1503688353732,2,-4,-7,-2,-3,0,-12,-9
9874,9874,1503688353740,-9,-6,-6,-5,-2,2,-4,-19
9875,9875,1503688353754,-3,-6,-1,1,-4,-1,3,-9
9876,9876,1503688353762,-4,-2,-1,-6,-4,-1,-1,-5
9877,9877,1503688353771,-8,-1,2,-3,2,-2,1,-1
9878,9878,1503688353785,17,1,1,-2,0,-2,4,11
9879,9879,1503688353794,4,0,-4,1,-1,0,0,4
9880,9880,1503688353800,-11,-1,2,0,2,0,-1,1
9881,9881,1503688353814,2,-3,2,-3,2,0,0,-2
9882,9882,1503688353822,-5,4,1,3,2,-2,-2,3
9883,9883,1503688353829,-4,-3,-4,-2,-5,1,4,2
9884,9884,1503688353845,6,-2,-6,-4,-4,2,1,7
9885,9885,1503688353852,16,5,-2,-3,-1,0,4,14
9886,9886,1503688353867,1,3,10,1,-3,-4,-3,-4
9887,9887,1503688353874,7,-6,-2,-1,-2,-1,-2,2
9888,9888,1503688353882,13,-4,-3,1,2,1,0,0
10224,10224,1503688357145,2,3,0,-3,-6,2,-1,-16
10225,10225,1503688357152,-1,6,0,-2,-5,-3,0,-7
10226,10226,1503688357159,5,5,3,1,-7,-2,-1,16
10227,10227,1503688357174,-10,-2,-1,0,-2,4,4,-41
10228,10228,1503688357183,5,-6,-5,-1,4,-1,3,19
10229,10229,1503688357189,3,15,3,2,5,-1,-1,29
10230,10230,1503688357203,-3,7,-3,-1,1,-1,-1,25
10231,10231,1503688357213,-1,-6,-4,-2,2,0,-3,21
10232,10232,1503688357220,0,-5,-3,-2,-2,-2,-2,14
10233,10233,1503688357234,-5,9,4,-2,-2,-2,-6,0
10234,10234,1503688357241,-5,-2,-2,-4,-4,0,-2,-16
10235,10235,1503688357250,2,-6,-5,0,4,0,0,-3
10236,10236,1503688357263,0,-9,-2,2,2,0,-5,-13
10237,10237,1503688357264,5,12,4,-2,-6,-1,1,1
10238,10238,1503688357272,4,4,-1,-3,-5,-6,-3,-9
10239,10239,1503688357279,-5,-8,-2,2,5,3,1,-5
10240,10240,1503688357294,0,-1,-1,-4,-2,-2,1,16
10241,10241,1503688357301,-2,-1,2,-1,1,-1,-5,-12
10242,10242,1503688357311,0,-16,-9,-1,0,2,-5,-27
10243,10243,1503688357323,2,2,3,0,-4,-3,3,10
10244,10244,1503688357331,0,6,-1,-1,0,-1,0,5
10245,10245,1503688357339,0,3,1,0,-1,-1,-1,-4
10246,10246,1503688357355,0,-3,-1,1,-11,-1,-1,-2
10247,10247,1503688357362,-1,-1,-2,-2,2,-1,-1,-6
10248,10248,1503688357369,-1,14,-1,0,5,1,-1,3
10249,10249,1503688357385,-3,4,0,-1,-4,0,5,8
10250,10250,1503688357386,-5,0,0,2,0,-4,-1,-2
10251,10251,1503688357392,0,-10,0,1,4,3,0,-3
10252,10252,1503688357407,2,-7,-4,1,1,1,4,-6
10253,10253,1503688357414,1,-2,1,0,-1,-1,4,1
10254,10254,1503688357415,-5,7,1,-1,-3,-2,-6,20
10255,10255,1503688357423,-5,-3,-2,-4,-4,-1,-2,18
10256,10256,1503688357429,2,-5,-1,1,-1,-1,-1,-22
10257,10257,1503688357447,-3,-2,0,-3,1,-1,-3,-34
10258,10258,1503688357455,-2,-2,-2,-2,2,0,-2,3
10259,10259,1503688357467,1,-2,-1,0,11,-2,0,-3
10260,10260,1503688357479,1,0,-2,-3,-6,-3,3,13
10261,10261,1503688357490,-1,-3,-1,-2,-17,-4,-2,2
10262,10262,1503688357504,-8,-6,-2,-2,-6,-5,-2,8
10263,10263,1503688357513,-3,-8,-2,3,19,0,3,-44
10264,10264,1503688357527,-1,-4,-2,-3,-3,-2,-4,0
10265,10265,1503688357534,-3,-2,0,-4,-6,-1,-2,11
10266,10266,1503688357542,0,-2,-4,-4,0,-2,-2,11
10267,10267,1503688357550,13,11,1,0,6,1,5,7
10268,10268,1503688357565,-2,4,1,-1,2,-2,-3,-4
10269,10269,1503688357571,2,6,2,1,-2,-2,-2,20
10270,10270,1503688357588,8,2,-1,2,-2,-1,1,8
10271,10271,1503688357594,11,-2,-1,-4,-6,-1,-2,0
10272,10272,1503688357602,-8,-2,5,-1,-6,0,1,-8
10273,10273,1503688357618,-13,-2,1,-2,6,-1,-1,-8
10274,10274,1503688357624,-6,-3,-2,0,1,0,2,2
10275,10275,1503688357631,-10,1,-1,-4,-3,0,-2,-3
10276,10276,1503688357648,4,9,2,1,0,2,1,-1
10277,10277,1503688357654,0,13,6,2,-1,0,-1,-13
10278,10278,1503688357662,8,0,-1,-4,-1,0,0,-21
10279,10279,1503688357677,-5,-6,-2,1,0,-1,-1,-16
10280,10280,1503688357685,0,-4,-1,-5,-4,1,-2,16
10281,10281,1503688357691,-4,-9,-6,-1,-1,-6,0,14
10282,10282,1503688357714,-5,-4,-9,-1,-5,-2,0,9
10283,10283,1503688357715,1,-4,-3,-3,-5,-3,-3,-2
10284,10284,1503688357722,-5,-10,-2,8,1,-1,0,3
10285,10285,1503688357737,3,-3,-2,-5,-2,0,-3,7
10286,10286,1503688357745,3,-2,-1,-3,-1,-3,-3,2
10287,10287,1503688357752,-3,-8,-5,2,2,-1,-1,-5
10288,10288,1503688357767,-4,0,-1,-2,-6,0,5,-4
10289,10289,1503688357774,0,5,8,-1,6,1,1,-1
10290,10290,1503688357790,8,0,5,0,1,-1,4,25
10291,10291,1503688357797,1,21,1,2,-2,-1,-1,2
10292,10292,1503688357805,4,9,9,1,3,0,-2,-5
10293,10293,1503688357815,-4,-18,-7,-4,2,-1,-3,2
10294,10294,1503688357833,-1,3,-1,-1,-1,-1,-4,-12
10295,10295,1503688357835,3,-3,1,1,-1,0,-1,-6
10296,10296,1503688357849,-4,1,-6,-1,-2,-2,-6,-13
10297,10297,1503688357858,2,-10,-2,-1,-1,-3,-1,0
10298,10298,1503688357865,0,-3,-1,-2,-1,-1,-6,-15
10299,10299,1503688357872,2,-1,8,0,4,5,4,13
10300,10300,1503688357887,-4,-10,-8,-2,-2,-2,2,-2
10301,10301,1503688357894,5,0,3,2,-1,0,1,-2
10302,10302,1503688357909,-6,3,0,-3,1,-1,-3,-14
10303,10303,1503688357922,-5,-5,-9,-4,-1,-1,-1,-4
10304,10304,1503688357925,-5,2,0,2,0,0,1,6
10305,10305,1503688357939,-10,-14,-9,-4,-3,-2,-3,-1
10306,10306,1503688357949,0,-6,-2,0,0,-2,1,0
10307,10307,1503688357954,2,2,5,1,-2,0,4,3
10308,10308,1503688357955,-3,-8,-4,-2,-4,-4,-2,-13
10557,10557,1503688360339,9,-3,-1,0,0,0,1,34
10558,10558,1503688360347,-9,-7,-4,-3,-2,0,-1,-35
10559,10559,1503688360362,10,1,2,-2,1,2,1,-21
10560,10560,1503688360370,4,-3,0,-3,-11,0,1,-6
10561,10561,1503688360376,-5,-8,-6,-2,-2,-2,-2,-11
10562,10562,1503688360395,2,3,-2,-2,7,-1,-4,-9
10563,10563,1503688360399,3,-3,0,-1,0,0,-3,-3
10564,10564,1503688360400,-7,-1,0,-1,-4,-3,-1,-6
10565,10565,1503688360414,-5,1,-1,-2,-1,-3,-5,-54
10566,10566,1503688360421,4,-8,-5,3,4,0,-1,-32
10567,10567,1503688360431,11,7,-1,-2,-3,-1,0,29
10568,10568,1503688360443,1,10,2,-5,-5,-2,-1,25
10569,10569,1503688360451,1,-5,-4,-4,0,1,0,4
10570,10570,1503688360461,-7,-3,-3,-2,0,0,-4,-3
10571,10571,1503688360474,3,4,3,2,3,1,4,17
10572,10572,1503688360481,-4,0,1,2,1,6,-1,-57
10573,10573,1503688360489,1,-7,-1,-1,-3,-4,-1,-39
10574,10574,1503688360503,0,-8,-4,-2,-2,0,2,33
10575,10575,1503688360512,1,8,1,1,-1,0,4,18
10576,10576,1503688360521,-6,-1,0,0,1,-3,1,9
10577,10577,1503688360535,-3,-11,-5,0,3,-1,0,25
10578,10578,1503688360542,-7,3,-1,-3,-7,-4,-4,0
10579,10579,1503688360549,-4,-1,0,-5,1,-1,-4,-1
10580,10580,1503688360563,-1,2,0,-2,0,-2,-3,-3
10581,10581,1503688360572,2,0,-1,-1,-2,2,0,0
10582,10582,1503688360579,9,-1,1,-2,3,0,-1,-4
10583,10583,1503688360595,-1,4,3,-2,6,-1,1,27
10584,10584,1503688360602,-1,-6,-3,0,-5,0,0,-4
10585,10585,1503688360609,-11,0,1,4,3,1,3,-15
10586,10586,1503688360623,-2,-4,-3,-1,0,-3,-5,3
10587,10587,1503688360633,1,-3,-4,-1,-3,-1,-1,-11
10588,10588,1503688360639,-1,-2,0,1,-3,0,-2,-6
10589,10589,1503688360654,3,-1,-3,-3,-5,-1,-3,-7
10590,10590,1503688360662,-1,0,-1,-4,4,-2,-2,-5
10591,10591,1503688360671,4,0,0,2,0,0,-1,-3
10592,10592,1503688360683,-1,4,2,3,-1,-2,3,-1
10593,10593,1503688360691,-2,-1,-1,-4,-4,-1,-1,-6
10594,10594,1503688360700,-11,0,3,3,1,-1,-6,-22
10595,10595,1503688360714,-8,-1,2,0,-7,2,-1,2
10596,10596,1503688360721,1,2,-2,-2,3,0,4,-12
10597,10597,1503688360733,-6,-12,-7,1,8,1,-5,-15
10598,10598,1503688360743,8,2,0,-5,-7,1,-3,-2
10599,10599,1503688360752,5,5,-1,1,-3,-3,0,3
10600,10600,1503688360759,2,-3,-4,1,-1,0,3,9
10601,10601,1503688360774,-6,-5,-2,-2,4,-1,0,6
10602,10602,1503688360781,-1,-3,2,-2,-1,1,0,15
10603,10603,1503688360789,-1,2,2,4,4,-1,1,-6
10604,10604,1503688360804,-9,-2,2,1,6,-4,-3,-9
10605,10605,1503688360811,11,3,0,-4,-5,-1,0,9
10606,10606,1503688360819,4,-4,0,4,-2,0,0,37
10607,10607,1503688360835,6,9,0,2,1,-1,0,-2
10608,10608,1503688360842,0,7,-1,-5,-14,-4,-2,-23
10609,10609,1503688360849,-3,-3,-3,-1,-2,-1,-4,0
10610,10610,1503688360866,-2,5,-4,-1,6,1,-1,-6
10611,10611,1503688360875,-21,-6,0,-4,-3,-2,1,-6
10612,10612,1503688360879,5,-1,3,6,8,3,4,17
10613,10613,1503688360898,9,1,0,1,-1,-2,-1,53
10614,10614,1503688360902,-3,0,0,-1,6,-1,-1,-7
10615,10615,1503688360910,-11,-3,2,2,0,-1,2,-20
10616,10616,1503688360923,8,4,1,-4,-8,1,-2,12
10617,10617,1503688360932,9,2,-1,-1,-2,-1,-4,6
10618,10618,1503688360939,-5,-13,-4,-1,-1,-3,0,-6
10619,10619,1503688360954,0,13,8,1,-2,0,1,-1
10620,10620,1503688360964,0,-2,2,0,-2,0,2,-1
10621,10621,1503688360972,4,4,1,-1,-1,-1,-2,-6
10622,10622,1503688360986,-1,8,2,0,0,-2,1,3
10623,10623,1503688360992,-10,-5,-1,-1,-5,-5,-2,-29
10624,10624,1503688360999,-5,-4,-1,-3,-5,-1,1,-2
10625,10625,1503688361014,-1,-9,-7,0,1,2,-2,-5
10626,10626,1503688361021,-2,7,-2,0,-3,-2,-6,-14
10627,10627,1503688361031,4,-5,-4,-4,0,-4,-1,-7
10628,10628,1503688361043,7,1,1,-1,0,2,2,9
10629,10629,1503688361051,3,10,1,0,-1,4,1,-7
10630,10630,1503688361059,-7,-3,-4,-3,-2,-1,2,-8
10631,10631,1503688361074,3,-5,-5,-3,6,-1,-3,-15
10632,10632,1503688361081,3,-2,-3,-1,0,-2,1,1
10633,10633,1503688361089,4,-7,-4,-3,-5,-3,-3,-7
10634,10634,1503688361104,1,8,0,-1,-4,2,-6,-18
10635,10635,1503688361111,-6,2,1,0,-4,-2,-1,-6
10636,10636,1503688361119,-4,-9,-4,-4,-1,-3,-3,-1
10637,10637,1503688361134,-2,2,-1,-2,-1,1,4,5
10638,10638,1503688361141,0,4,-1,-2,-1,1,0,-3
10639,10639,1503688361142,-5,-5,-2,2,0,-4,-13,-17
10640,10640,1503688361149,-3,-7,-3,-6,-6,-3,2,-14
10641,10641,1503688361164,-4,2,-1,5,5,0,-2,-10
10642,10642,1503688361172,-1,-2,-3,-3,-2,-1,1,-3
10643,10643,1503688361179,-6,-7,-1,2,10,-3,0,6
10644,10644,1503688361194,-3,-7,-2,2,5,4,-5,-36
10645,10645,1503688361201,-3,-2,-6,-5,-2,1,3,-7
10646,10646,1503688361209,-3,-3,4,6,6,2,0,1
10647,10647,1503688361223,-6,-13,-5,-5,-11,-3,-5,-5
10648,10648,1503688361232,3,-8,1,3,-4,-2,1,25
10649,10649,1503688361239,3,1,2,-3,2,3,9,-1
10650,10650,1503688361254,-4,-3,4,10,2,0,-12,-11
10651,10651,1503688361261,-6,-1,3,3,-8,-3,-3,12
10652,10652,1503688361272,5,28,8,-2,4,-4,-1,-5
10653,10653,1503688361283,-1,-10,-1,6,9,1,-8,-19
10654,10654,1503688361291,5,16,8,1,4,-7,-2,13
11091,11091,1503688365570,2,1,0,2,-1,2,1,-3
11092,11092,1503688365574,1,-2,-3,-1,3,-2,2,1
11093,11093,1503688365581,-4,-7,-3,-3,4,-2,-1,1
11094,11094,1503688365597,-1,5,1,-4,-1,-1,-3,-2
11095,11095,1503688365604,0,5,0,2,1,4,0,1
11096,11096,1503688365612,-2,-3,0,0,-2,0,1,0
11097,11097,1503688365626,1,-3,-4,-4,-7,-2,-5,1
11098,11098,1503688365634,3,6,6,-3,-6,-4,-5,-2
11099,11099,1503688365641,-3,-1,-5,0,-5,-2,2,-8
11100,11100,1503688365657,5,-5,-1,0,-16,-2,2,12
11101,11101,1503688365664,-6,-2,1,2,-3,-3,2,0
11102,11102,1503688365673,-5,6,2,-1,8,-4,-2,18
11103,11103,1503688365688,4,25,2,0,-8,-10,2,5
11104,11104,1503688365696,-1,-7,-5,1,3,0,-4,-9
11105,11105,1503688365701,-1,-5,0,-3,-1,0,-2,-1
11106,11106,1503688365716,1,2,0,-3,-3,1,1,-6
11107,11107,1503688365724,-4,-7,1,-4,-4,-4,1,-4
11108,11108,1503688365732,-3,-6,0,6,10,3,2,-5
11109,11109,1503688365746,3,-5,1,-1,-13,1,3,5
11110,11110,1503688365755,-3,-3,1,2,7,0,-1,-18
11111,11111,1503688365763,1,19,22,5,11,-1,1,4
11112,11112,1503688365776,7,-6,-3,-2,-9,2,4,10
11113,11113,1503688365784,4,-6,-4,14,8,4,-1,5
11114,11114,1503688365792,-3,-1,-4,-5,-2,7,-5,-10
11115,11115,1503688365805,-1,-7,-6,-11,-12,-3,-3,-2
11116,11116,1503688365814,6,2,-4,0,8,-10,-4,-3
11117,11117,1503688365822,5,-4,-4,0,3,0,-1,15
11118,11118,1503688365836,0,13,9,-2,-3,-4,0,3
11119,11119,1503688365844,-6,6,8,0,6,0,1,-4
11120,11120,1503688365854,-1,-20,-10,-2,-2,0,-1,-1
11121,11121,1503688365866,0,17,12,2,0,3,2,-12
11122,11122,1503688365874,-12,1,1,6,0,-3,-5,-5
11123,11123,1503688365881,-5,-17,-13,-1,0,0,-1,-4
11124,11124,1503688365897,0,-4,-4,-4,0,-3,-2,11
11125,11125,1503688365903,-11,-5,-2,-2,9,-6,-3,-23
11126,11126,1503688365904,4,1,-2,-3,-16,-9,-1,24
11127,11127,1503688365912,-1,-4,-4,-4,-13,0,-1,-9
11128,11128,1503688365927,6,-23,-20,-8,0,-3,3,29
11129,11129,1503688365934,-3,-16,-2,-1,5,0,2,7
11130,11130,1503688365941,-5,17,6,-1,3,3,-1,-23
11131,11131,1503688365962,3,1,0,0,3,1,-3,0
11132,11132,1503688365971,-10,-16,-11,-2,3,1,-2,-12
11133,11133,1503688365972,-5,16,8,-6,-6,5,-1,-13
11134,11134,1503688365995,-2,-3,-2,-4,-6,-4,0,-1
11135,11135,1503688366008,-4,1,1,-1,8,4,-1,-7
11136,11136,1503688366016,4,3,-1,-1,5,5,1,2
11137,11137,1503688366026,-2,-2,-2,1,-7,-4,-1,-8
11138,11138,1503688366039,3,32,6,6,5,-3,-1,0
11139,11139,1503688366046,3,-5,-2,-2,3,-2,-4,-11
11140,11140,1503688366056,2,-7,-1,0,-1,-3,-6,1
11141,11141,1503688366068,-2,2,2,-1,0,1,-3,-4
11142,11142,1503688366076,2,0,3,2,-1,-4,1,-2
11143,11143,1503688366083,2,-8,3,0,2,-1,1,2
11144,11144,1503688366099,-6,10,2,-1,4,0,-1,-3
11145,11145,1503688366106,-5,-4,-5,1,-2,-3,-2,-4
11146,11146,1503688366114,-6,-11,0,1,7,1,-1,-1
11147,11147,1503688366128,-7,-1,-6,-2,7,-3,-5,-21
11148,11148,1503688366136,-4,-12,-6,-2,2,-1,1,-4
11149,11149,1503688366144,2,12,2,-2,-3,-2,0,-2
11150,11150,1503688366161,0,-4,-6,-3,-8,-3,-1,-4
11151,11151,1503688366166,-8,-8,-2,0,3,-2,-2,-3
11152,11152,1503688366174,14,0,-3,-4,-5,0,2,20
11153,11153,1503688366190,-2,3,0,1,1,2,-1,2
11154,11154,1503688366197,-6,-8,-3,-2,-5,-2,-6,-7
11457,11457,1503688369144,5,-1,-4,0,0,0,1,23
11458,11458,1503688369152,1,3,5,2,-1,2,0,4
11459,11459,1503688369166,10,-3,-3,-1,3,1,5,11
11460,11460,1503688369174,7,0,-3,-4,-2,1,2,27
11461,11461,1503688369181,-9,0,-1,0,3,-1,-4,-19
11462,11462,1503688369197,5,-4,-4,0,1,-2,1,7
11463,11463,1503688369204,12,2,0,-2,-6,-1,2,7
11464,11464,1503688369212,9,2,-1,-3,-7,-4,-2,-11
11465,11465,1503688369226,-7,1,2,-1,-5,0,-3,-10
11466,11466,1503688369234,-2,5,6,0,0,-1,-2,-6
11467,11467,1503688369242,-4,0,-3,-3,0,-1,-2,-2
11468,11468,1503688369257,-6,-1,-4,-1,-8,2,1,13
11469,11469,1503688369264,3,-3,-4,-1,-4,-1,-1,-2
11470,11470,1503688369273,-8,-8,-2,0,5,-3,-1,-9
11471,11471,1503688369286,2,3,0,-3,3,0,2,3
11472,11472,1503688369294,1,-2,3,0,3,2,0,6
11473,11473,1503688369301,-8,7,0,2,2,-3,-1,7
11474,11474,1503688369317,1,-1,0,-1,-1,-2,0,1
11475,11475,1503688369323,-2,-3,-1,0,-2,1,-2,-11
11476,11476,1503688369331,1,0,2,1,-1,1,0,5
11477,11477,1503688369332,3,1,-4,-2,4,-2,-1,6
11478,11478,1503688369346,-9,-15,-3,-4,-4,-5,-3,-13
11479,11479,1503688369354,0,-4,1,3,1,2,-2,-5
11480,11480,1503688369361,-2,-7,0,0,1,2,-1,-8
11481,11481,1503688369378,-1,2,2,-2,-2,-2,-2,-7
11482,11482,1503688369384,4,0,-2,0,3,0,1,17
11483,11483,1503688369391,1,-7,-3,-2,-1,0,0,5
11484,11484,1503688369407,4,-4,-2,-2,-2,-5,-3,0
11485,11485,1503688369415,4,2,1,-1,1,-1,2,2
11486,11486,1503688369421,1,1,-1,3,2,0,1,-2
11487,11487,1503688369440,-1,2,0,-1,-4,-2,-7,-9
11488,11488,1503688369445,1,1,0,-2,1,-1,-3,-5
11489,11489,1503688369451,1,-10,-6,-4,-2,-3,0,3
11490,11490,1503688369466,-4,0,-1,-1,-3,0,0,-3
11491,11491,1503688369475,0,-4,-3,-1,-1,1,0,0
11492,11492,1503688369476,-3,-5,0,3,0,-2,-1,-6
11493,11493,1503688369481,1,-9,-7,-3,-1,-1,-1,3
11494,11494,1503688369482,-1,3,4,0,0,-1,0,-8
11495,11495,1503688369497,4,6,-1,1,0,0,0,3
11496,11496,1503688369507,16,30,15,2,1,0,2,18
11497,11497,1503688369513,3,0,0,-4,-1,-3,0,-1
11498,11498,1503688369526,-2,-10,-6,-1,-1,0,-1,-8
11499,11499,1503688369534,-4,3,1,-1,0,-1,-2,-1
11500,11500,1503688369542,-3,0,-1,2,-1,-3,-4,-3
11501,11501,1503688369558,3,-9,-3,1,-2,-2,-1,2
11502,11502,1503688369564,-2,-4,-2,0,-1,-1,0,-3
11503,11503,1503688369573,-1,13,7,3,0,-1,-1,-1
11504,11504,1503688369586,5,-6,-4,-5,-2,1,0,-4
11505,11505,1503688369594,-8,-29,-12,-6,-2,0,-3,-3
11506,11506,1503688369601,-11,-3,-5,-3,-1,-1,-1,-8
11507,11507,1503688369617,13,1,1,-2,-2,-3,0,14
11508,11508,1503688369623,-9,-11,-2,2,2,1,-2,0
11509,11509,1503688369631,-7,5,3,2,0,-1,-1,-7
11510,11510,1503688369647,9,19,2,-4,-3,1,0,2
11511,11511,1503688369655,2,18,5,2,2,2,-1,2
11512,11512,1503688369661,4,-12,-4,-1,-1,-1,0,11
11513,11513,1503688369677,-7,-11,-6,0,-4,-1,-1,-15
11514,11514,1503688369684,-2,7,4,4,-1,0,2,4
11515,11515,1503688369691,-1,11,4,-2,-11,-1,-6,-3
11516,11516,1503688369707,-5,-9,-4,-2,-4,0,1,-6
11517,11517,1503688369716,2,-4,-3,-2,6,1,1,5
11518,11518,1503688369729,0,-1,4,2,2,-1,-2,-5
11519,11519,1503688369737,-3,-1,-5,-2,6,-1,1,3
11520,11520,1503688369745,-6,-12,-1,-4,1,-5,-3,-7
11521,11521,1503688369758,2,16,1,-1,-7,-1,0,-3
11857,11857,1503688373051,6,18,0,-2,2,0,3,7
11858,11858,1503688373066,-2,-15,-2,-1,-3,-2,-1,-15
11859,11859,1503688373067,3,2,0,0,-4,0,-1,-16
11860,11860,1503688373073,-7,-2,1,0,-5,-1,-4,-6
11861,11861,1503688373081,1,-1,-1,0,1,-1,0,-1
11862,11862,1503688373096,1,-8,-5,-2,-2,1,-3,-3
11863,11863,1503688373103,6,-3,-3,-2,-1,-1,4,19
11864,11864,1503688373119,-11,-9,-6,-4,-2,-1,-4,-7
11865,11865,1503688373126,5,-1,-1,-3,1,1,3,21
11866,11866,1503688373134,-2,-3,-3,-2,-2,-2,0,-5
11867,11867,1503688373141,-6,-1,-1,1,-2,-3,-2,-6
11868,11868,1503688373160,0,-12,-3,0,3,2,5,29
11869,11869,1503688373166,0,4,-1,0,1,2,3,9
11870,11870,1503688373179,-9,2,1,0,-2,-4,-6,-22
11871,11871,1503688373186,-12,-17,-1,-4,1,1,-2,15
11872,11872,1503688373200,-2,2,-1,-2,0,-1,-1,-4
11873,11873,1503688373202,-5,-6,-5,0,-3,-3,1,-11
11874,11874,1503688373216,2,-3,1,-1,3,-1,1,-4
11875,11875,1503688373224,2,-4,-2,-1,-2,-2,-1,-9
11876,11876,1503688373239,4,7,4,4,-2,-3,0,3
11877,11877,1503688373246,-6,-10,-6,-4,2,-1,-3,-14
11878,11878,1503688373254,19,-8,6,5,1,-1,1,13
11879,11879,1503688373261,4,32,14,3,-3,-3,-6,-6
11880,11880,1503688373277,-3,-2,-6,-1,-5,2,3,5
11881,11881,1503688373283,4,-7,-4,-1,-8,-2,-1,5
11882,11882,1503688373299,-9,-13,-7,-5,-1,-2,0,25
11883,11883,1503688373306,-8,-3,1,-2,-2,-1,2,6
11884,11884,1503688373314,8,-4,0,-1,0,1,4,17
11885,11885,1503688373321,-5,0,-6,-1,4,0,0,-3
11886,11886,1503688373336,9,17,11,1,6,-3,-2,-16
11887,11887,1503688373343,4,3,0,1,1,-1,-1,-9
11888,11888,1503688373360,8,30,7,-2,1,-2,0,2
11889,11889,1503688373366,1,-2,1,-1,0,1,2,3
11890,11890,1503688373374,-2,-24,-12,0,-8,-1,-5,-9
11891,11891,1503688373381,-8,-9,-5,0,-3,0,-6,-4
11892,11892,1503688373400,-8,-10,-7,-4,4,-2,-4,-7
11893,11893,1503688373404,5,-3,-7,-6,-6,1,0,-30
11894,11894,1503688373419,-6,-5,-1,0,2,1,-6,-22
11895,11895,1503688373426,4,10,2,1,8,-2,-2,4
11896,11896,1503688373434,-8,-5,-4,-4,2,0,-1,-3
11897,11897,1503688373449,5,8,0,0,6,0,3,23
11898,11898,1503688373459,-8,-57,-14,-2,-4,-7,-2,7
11899,11899,1503688373463,0,0,4,3,-8,-2,-8,-16
11900,11900,1503688373493,4,11,6,1,-3,-4,-3,6
11901,11901,1503688373506,-5,7,-4,-4,0,3,2,4
11902,11902,1503688373508,1,-1,-2,0,8,-1,0,27
11903,11903,1503688373516,-3,8,1,1,5,-2,1,-43
11904,11904,1503688373526,0,-14,-6,-6,-13,0,4,-31
11905,11905,1503688373539,4,20,7,4,-16,1,-2,6
11906,11906,1503688373546,-10,-12,-3,-2,-15,-4,-2,16
11907,11907,1503688373554,-1,7,0,-1,-9,5,3,23
11908,11908,1503688373569,2,8,-3,2,8,1,-3,-3
11909,11909,1503688373577,3,7,3,1,13,1,0,-8
11910,11910,1503688373584,-7,6,4,1,1,1,-3,-9
11911,11911,1503688373599,4,2,-1,-2,-5,-2,0,-5
11912,11912,1503688373606,7,-6,-3,-1,-5,-3,2,12
11913,11913,1503688373614,0,4,-1,-3,4,0,0,-1
11914,11914,1503688373629,-5,-3,0,2,0,1,0,-3
11915,11915,1503688373637,-4,-6,-1,0,2,1,3,8
11916,11916,1503688373643,1,-4,-4,0,-1,0,0,15
11917,11917,1503688373660,2,7,-1,-6,-4,-3,-1,6
11918,11918,1503688373666,-2,-16,0,1,1,1,-5,-3
11919,11919,1503688373674,-2,-2,-1,-2,-10,-4,-2,-4
11920,11920,1503688373688,-4,-11,-6,-6,1,-1,0,-10
11921,11921,1503688373696,3,1,1,1,0,1,2,9
11922,11922,1503688373703,3,4,-2,-2,1,1,0,2
11923,11923,1503688373719,0,4,1,-1,0,-1,0,4
11924,11924,1503688373727,0,8,-2,-2,-3,-5,0,-2
11925,11925,1503688373734,-3,-1,-2,-2,4,-3,-2,-1
11926,11926,1503688373748,8,11,6,-2,7,-1,-2,-8
11927,11927,1503688373756,3,-4,-1,3,4,0,-4,-13
11928,11928,1503688373764,5,-3,0,0,-6,0,-1,10
11929,11929,1503688373779,1,15,6,4,-9,0,-2,-7
11930,11930,1503688373786,-4,4,-2,1,-11,-2,-1,-3
11931,11931,1503688373795,-6,-6,-1,-1,-5,-3,0,0
11932,11932,1503688373808,3,9,1,-1,-5,1,-3,-2
11933,11933,1503688373809,-1,0,3,3,4,-1,0,4
11934,11934,1503688373816,-3,-7,-4,-1,-2,2,-1,1
11935,11935,1503688373823,1,7,4,2,3,1,-3,-3
11936,11936,1503688373839,7,12,0,-1,-2,-1,0,14
11937,11937,1503688373846,-5,-1,6,1,0,1,2,-6
11938,11938,1503688373854,-3,-4,-2,-4,4,1,-2,-38
11939,11939,1503688373869,0,-4,-4,-1,-1,-1,-1,-4
11940,11940,1503688373877,-4,-7,-3,1,1,-2,-2,5
11941,11941,1503688373883,-2,-5,1,0,12,0,-2,-6
11942,11942,1503688373901,0,1,-1,-3,1,0,-4,1
11943,11943,1503688373906,-3,0,-2,-1,2,-2,0,-3
11944,11944,1503688373914,0,-2,0,-2,6,-2,1,-11
11945,11945,1503688373929,3,5,-3,-2,2,2,-3,2
11946,11946,1503688373937,-2,0,0,-1,-5,-1,0,16
11947,11947,1503688373943,0,-5,-3,-5,-8,-3,1,10
11948,11948,1503688373963,7,4,5,2,-6,-1,-1,-4
11949,11949,1503688373966,0,-2,0,1,9,-1,-1,-9
11950,11950,1503688373974,-4,-7,-2,-3,4,-2,-1,-11
11951,11951,1503688373988,0,18,3,0,-4,2,1,6
11952,11952,1503688373997,-2,-2,-2,1,0,-2,-1,22
11953,11953,1503688374004,2,0,1,0,-5,1,-1,7
11954,11954,1503688374019,-1,1,0,-3,0,-1,1,4
12224,12224,1503688376644,-5,2,2,-1,-2,-1,0,1
12225,12225,1503688376651,-2,-5,-4,-2,1,-2,3,-7
12226,12226,1503688376666,-6,-4,-3,0,1,0,2,0
12227,12227,1503688376676,1,1,5,0,-3,-1,0,-3
12228,12228,1503688376689,4,1,-2,0,0,-2,-2,-4
12229,12229,1503688376695,2,2,1,1,-5,-1,-2,10
12230,12230,1503688376703,6,4,1,-1,-7,-3,-2,2
12231,12231,1503688376719,2,-14,-1,-1,-3,1,3,13
12232,12232,1503688376726,12,1,0,-1,-2,-4,1,3
12233,12233,1503688376733,3,0,-1,-2,-1,-2,-4,0
12234,12234,1503688376743,0,-1,0,-1,1,-2,-3,0
12235,12235,1503688376755,-10,0,-2,-2,-1,-1,-3,-23
12236,12236,1503688376763,-4,0,-4,-4,2,-1,-12,-10
12237,12237,1503688376771,0,0,-3,-1,-4,0,1,-3
12238,12238,1503688376786,-9,-12,0,-1,-3,0,0,-1
12239,12239,1503688376793,3,-2,2,-1,-2,-5,-3,1
12240,12240,1503688376801,0,5,3,-2,-4,-1,-2,-5
12241,12241,1503688376815,15,5,-1,-1,-1,1,3,24
12242,12242,1503688376823,0,6,2,-1,-4,0,0,2
12243,12243,1503688376831,-8,0,-3,0,-2,-2,1,-6
12244,12244,1503688376847,-14,-1,1,2,-2,-1,2,-25
12245,12245,1503688376854,-2,0,-1,-1,4,2,-2,0
12246,12246,1503688376861,1,1,-2,-2,3,-3,1,-8
12247,12247,1503688376876,-3,1,1,0,7,-2,-3,-8
12248,12248,1503688376883,5,-4,-1,-1,-6,3,-2,-6
12249,12249,1503688376884,10,6,4,0,-3,0,2,22
12250,12250,1503688376891,1,13,4,1,-1,0,-3,4
12251,12251,1503688376906,0,14,2,1,1,0,1,3
12252,12252,1503688376913,-5,5,0,-2,-1,-2,-1,-7
12253,12253,1503688376921,-8,-8,-3,0,0,-1,0,2
12254,12254,1503688376935,-5,4,4,-1,-7,-1,1,0
12255,12255,1503688376944,3,-4,-2,-4,-6,-3,-3,-1
12256,12256,1503688376951,-3,1,0,-1,2,0,1,3
12257,12257,1503688376952,-4,-5,-4,0,-4,0,-1,2
12258,12258,1503688376966,2,-3,-2,1,3,2,-4,-4
12259,12259,1503688376973,4,-5,-3,-1,-2,-1,-1,25
12260,12260,1503688376981,-1,1,-1,-1,0,0,2,-3
12261,12261,1503688376995,-1,1,0,0,2,-1,-5,-5
12262,12262,1503688377003,-11,-7,-5,-2,-3,-2,-4,-1
12263,12263,1503688377011,-10,-6,-2,2,1,-1,2,-11
12264,12264,1503688377026,1,-1,-2,1,-1,-1,-1,8
12265,12265,1503688377033,7,17,8,5,-1,-1,1,0
12266,12266,1503688377044,6,-4,-1,1,0,4,1,-5
12267,12267,1503688377055,3,-11,-7,-4,1,-2,1,1
12268,12268,1503688377063,-6,3,1,-2,2,-2,-2,-12
12269,12269,1503688377071,3,11,4,-1,-4,1,1,9
12270,12270,1503688377087,-12,8,1,0,1,-3,-2,-23
12271,12271,1503688377095,1,-1,0,0,1,-1,-1,2
12272,12272,1503688377096,1,-5,-2,0,-4,-1,-1,-6
12273,12273,1503688377101,7,-6,-2,0,-4,-2,0,5
12274,12274,1503688377116,2,-1,-1,2,-4,-1,-3,-7
12275,12275,1503688377123,-17,-7,-4,1,-2,0,-3,-11
12276,12276,1503688377131,-3,-8,-1,-1,2,1,2,-3
12277,12277,1503688377147,3,0,0,-1,1,-2,0,8
12278,12278,1503688377153,-14,-16,-5,-2,0,-3,-4,-6
12279,12279,1503688377161,5,5,3,-1,3,-2,1,1
12280,12280,1503688377178,2,10,4,-1,-3,-2,-9,9
12281,12281,1503688377183,4,-7,-5,-2,-5,0,-1,17
12282,12282,1503688377198,-11,-8,-6,-3,-1,0,0,13
12283,12283,1503688377206,6,2,-1,1,-1,-2,-4,3
12284,12284,1503688377213,9,-2,-6,-1,-2,-2,0,-5
12285,12285,1503688377228,4,3,2,-2,-1,1,2,7
12286,12286,1503688377235,1,4,-2,-2,-1,-2,2,-4
12287,12287,1503688377245,-2,-2,-1,-1,-1,-1,-1,-6
12288,12288,1503688377258,0,-4,1,-2,1,0,-1,-5
12289,12289,1503688377266,7,-1,-2,-1,-7,-4,-2,-10
12290,12290,1503688377270,2,0,0,-1,5,2,2,9
12291,12291,1503688377274,0,1,-3,-1,0,1,3,-13
12292,12292,1503688377289,-3,3,0,-4,-3,-3,2,3
12293,12293,1503688377295,-4,-12,-5,-2,1,-2,-2,-1
12294,12294,1503688377303,5,-7,-4,0,1,-1,0,-2
12295,12295,1503688377319,11,2,-1,-2,-2,0,0,5
12296,12296,1503688377326,2,-1,-5,-3,-2,2,-3,-1
12297,12297,1503688377333,-5,-6,1,1,1,-2,-1,5
12298,12298,1503688377348,-4,-4,-1,3,-1,-2,0,-6
12299,12299,1503688377355,1,6,-1,1,2,0,-1,-6
12300,12300,1503688377363,-3,-3,0,-2,-3,-2,-2,0
12301,12301,1503688377379,-7,-13,-9,-4,-4,-3,-2,-3
12302,12302,1503688377386,5,0,-3,-4,-2,1,3,4
12303,12303,1503688377393,12,-10,-3,-2,-3,-4,-2,-3
12304,12304,1503688377408,3,-3,2,1,-4,1,1,3
12305,12305,1503688377417,-4,6,6,2,0,2,-1,-2
12306,12306,1503688377423,-12,1,3,0,0,-3,-3,-33
12307,12307,1503688377437,-1,6,6,0,-1,2,1,2
12308,12308,1503688377446,-1,-14,-7,1,0,0,-1,-4
12309,12309,1503688377454,-11,-4,-1,0,-2,-1,1,-7
12310,12310,1503688377468,-6,-6,-4,-6,-2,-4,-3,5
12311,12311,1503688377475,2,7,-2,-1,0,-1,1,6
12312,12312,1503688377483,8,11,3,-1,-2,-3,-2,6
12313,12313,1503688377498,2,-2,0,1,-2,0,1,2
12314,12314,1503688377506,-8,1,0,-2,-1,-4,-15,-31
12315,12315,1503688377514,1,-9,-3,-1,2,-1,-2,-2
12316,12316,1503688377528,-8,7,-3,0,0,0,3,11
12317,12317,1503688377535,0,2,0,-1,-3,-6,-4,-1
12318,12318,1503688377543,9,-13,-3,-1,-3,1,1,11
12319,12319,1503688377558,-1,11,3,0,-3,-2,2,-6
12320,12320,1503688377566,0,9,4,-3,-4,-1,-3,5
12321,12321,1503688377574,0,-11,-2,-5,-2,-1,-2,0
12322,12322,1503688377589,2,0,1,0,3,0,2,4
12323,12323,1503688377595,-4,8,2,4,4,1,-3,-8
12324,12324,1503688377605,-2,-8,-3,-4,2,0,-1,0
12325,12325,1503688377607,10,6,1,3,3,0,3,3
12326,12326,1503688377620,-12,-16,-8,1,-2,1,-3,-13
12327,12327,1503688377626,-5,21,12,5,-2,1,0,-4
12328,12328,1503688377633,2,6,1,2,3,0,0,7
12631,12631,1503688380573,1,5,-1,0,-4,-2,3,-2
12632,12632,1503688380581,-1,-4,-1,-1,2,-2,-1,7
12633,12633,1503688380596,-7,-4,-2,0,-2,1,0,-2
12634,12634,1503688380604,0,-5,-3,-3,2,-1,3,4
12635,12635,1503688380611,-8,-3,-1,0,-2,-1,1,1
12636,12636,1503688380629,0,-3,1,1,-4,0,0,4
12637,12637,1503688380633,1,9,1,0,1,-1,1,-1
12638,12638,1503688380641,-3,-10,1,-3,-1,0,-4,4
12639,12639,1503688380655,-4,-9,0,-1,3,0,1,-9
12640,12640,1503688380665,12,14,0,1,12,2,4,24
12641,12641,1503688380671,5,-2,-2,-2,1,0,1,3
12642,12642,1503688380685,2,-6,0,0,0,-2,2,-5
12643,12643,1503688380697,-1,-2,-3,-1,-1,4,1,-4
12644,12644,1503688380701,0,-3,-2,-1,0,1,-1,-4
12645,12645,1503688380716,-11,-6,-4,-1,-1,-4,-2,-3
12646,12646,1503688380724,-13,-10,-5,-2,-5,-2,-3,-8
12647,12647,1503688380731,-2,2,1,-4,-5,0,0,7
12648,12648,1503688380746,6,-3,-4,-1,-3,-1,-2,-3
12649,12649,1503688380753,-3,-7,-3,0,0,-1,-1,-4
12650,12650,1503688380764,-2,1,0,0,-4,-4,-2,1
12651,12651,1503688380776,2,1,-2,0,-5,-3,-3,0
12652,12652,1503688380784,4,-1,-1,-5,-18,1,3,-1
12653,12653,1503688380790,-3,4,3,-1,-3,-1,-1,-1
12654,12654,1503688380806,4,4,2,2,3,-3,-2,5
12655,12655,1503688380813,10,5,1,2,-2,-2,1,-5
12656,12656,1503688380821,-15,1,-2,0,3,1,-1,-5
12657,12657,1503688380836,-7,-8,-12,-3,5,0,-4,-8
12658,12658,1503688380844,1,1,-3,-5,0,-4,-1,-1
12659,12659,1503688380850,2,2,3,-3,2,0,-1,3
12660,12660,1503688380866,17,10,-4,0,0,1,1,10
12661,12661,1503688380873,2,0,-2,2,-4,0,0,-6
12662,12662,1503688380881,-5,-5,2,-2,1,-1,-6,-11
12663,12663,1503688380902,1,9,-3,-2,0,2,0,-7
12664,12664,1503688380903,-3,-6,2,1,0,-2,-3,-4
12665,12665,1503688380911,5,-4,-1,2,0,3,0,-13
12666,12666,1503688380918,-3,-1,3,0,-2,1,-1,5
12667,12667,1503688380926,-11,-1,-1,0,9,-1,0,-10
12668,12668,1503688380933,8,-7,-4,-3,-3,0,-1,-5
12669,12669,1503688380948,-4,2,-5,0,-3,0,1,6
12670,12670,1503688380955,1,7,-1,2,0,0,1,5
12671,12671,1503688380965,3,-1,-4,-4,0,-1,1,27
12672,12672,1503688380978,-7,-11,-7,-1,-2,2,-1,4
12673,12673,1503688380986,-11,-4,6,5,-3,-1,-3,-19
12674,12674,1503688380998,-1,5,4,0,7,0,2,1
12675,12675,1503688381008,4,-18,-7,-2,-2,-3,-4,-8
12676,12676,1503688381022,3,-7,-4,0,-2,-5,-12,1
12677,12677,1503688381024,-2,-3,0,-2,0,0,0,8
12678,12678,1503688381038,-1,7,8,1,-3,-1,2,-18
12679,12679,1503688381046,12,4,0,-4,-5,-2,1,5
12680,12680,1503688381053,0,4,1,1,1,-1,1,3
12681,12681,1503688381068,0,1,2,1,4,-2,0,7
12682,12682,1503688381075,0,2,3,0,-3,2,0,0
12683,12683,1503688381083,-3,-9,-6,1,1,-3,-1,2
12684,12684,1503688381084,7,-3,3,1,-1,-1,-7,3
12685,12685,1503688381099,0,-4,-4,-3,3,-1,3,2
12686,12686,1503688381106,2,15,10,1,-4,-3,-1,15
12687,12687,1503688381113,3,0,0,2,1,1,5,14
12688,12688,1503688381132,-1,1,-1,0,-4,0,-4,-18
12689,12689,1503688381136,0,-8,-3,-3,-4,0,-2,-9
12690,12690,1503688381143,-7,1,-2,-2,5,0,0,-10
12691,12691,1503688381157,-2,-2,1,-3,1,-1,-2,-3
12692,12692,1503688381166,-2,-11,-3,-4,-2,-1,1,5
12693,12693,1503688381174,1,10,-1,-1,-2,0,-1,8
12694,12694,1503688381189,-2,-7,-2,-1,0,-1,0,-2
12695,12695,1503688381200,4,-2,-15,-6,4,-4,2,19
12696,12696,1503688381204,6,8,2,0,-3,1,2,0
12697,12697,1503688381217,-3,0,-3,-5,-3,-1,-3,-4
12698,12698,1503688381225,3,1,-2,0,-1,-3,-3,-2
12699,12699,1503688381226,-2,-11,-10,0,0,-3,-2,-6
12700,12700,1503688381233,11,2,3,1,-1,-1,2,9
12701,12701,1503688381248,-5,10,-3,-2,0,-3,-3,-4
12702,12702,1503688381255,-7,0,1,1,-1,0,2,-2
12703,12703,1503688381267,-1,-9,-3,-2,0,-1,-1,-6
12704,12704,1503688381278,5,-4,0,-2,-2,-2,-3,-1
12705,12705,1503688381285,-4,9,12,6,-1,-1,2,-6
12706,12706,1503688381293,-1,13,10,3,-3,0,0,11
12707,12707,1503688381308,-5,-7,-4,1,1,3,-4,0
12708,12708,1503688381315,-12,-16,-10,-6,1,1,-7,-16
12709,12709,1503688381324,0,2,-4,-5,-3,-2,1,9
12710,12710,1503688381338,-4,-3,2,4,1,-3,-2,-7
12711,12711,1503688381346,2,1,3,-3,-1,-1,3,4
13047,13047,1503688384630,-3,-2,3,0,2,0,3,4
13048,13048,1503688384649,-7,-6,-4,-3,-2,-3,2,0
13049,13049,1503688384653,3,2,0,0,-1,-1,-2,-1
13050,13050,1503688384668,-3,-3,-3,-2,-1,-1,-2,-2
13051,13051,1503688384675,0,5,6,2,0,0,-1,11
13052,13052,1503688384684,-7,-8,0,0,-2,-1,-4,-7
13053,13053,1503688384698,-5,6,0,-1,-1,-1,-1,0
13054,13054,1503688384706,3,2,-2,-1,-2,-2,0,6
13055,13055,1503688384715,7,-8,-4,-2,-3,-3,-4,-8
13056,13056,1503688384728,-9,2,4,1,-1,-2,4,-7
13057,13057,1503688384735,-2,-2,-3,0,2,-2,2,3
13058,13058,1503688384743,4,-3,-4,-1,-2,0,1,-1
13059,13059,1503688384758,-13,-12,1,1,1,0,0,-10
13060,13060,1503688384766,6,-4,-3,-3,-2,0,-1,15
13061,13061,1503688384773,4,-2,-5,-4,-4,-1,-3,1
13062,13062,1503688384788,-6,17,5,5,4,-1,-3,-5
13063,13063,1503688384796,3,2,-3,1,0,-1,1,4
13064,13064,1503688384803,2,-2,-1,-1,0,-3,-4,-6
13065,13065,1503688384819,-8,3,3,0,-1,1,-1,-3
13066,13066,1503688384826,0,-13,-5,0,-1,2,-3,-12
13067,13067,1503688384833,-7,-1,-4,-4,-2,-2,-2,-5
13068,13068,1503688384850,-13,-2,0,1,-1,-2,-7,-19
13069,13069,1503688384856,4,18,4,0,2,0,1,1
13070,13070,1503688384864,7,2,-2,-1,-3,-2,-10,-1
13071,13071,1503688384878,5,3,1,-1,2,-1,0,3
13072,13072,1503688384888,-3,-3,0,-2,-1,1,4,5
13073,13073,1503688384893,-3,-4,-2,-1,-3,-1,2,8
13074,13074,1503688384908,1,-3,-4,-2,2,0,0,3
13075,13075,1503688384916,-6,-22,-4,-1,-1,0,1,30
13076,13076,1503688384924,7,1,-1,0,-2,-2,1,5
13077,13077,1503688384938,3,-6,-3,0,-2,-1,0,-9
13078,13078,1503688384946,-3,5,0,-1,1,0,2,1
13079,13079,1503688384953,-4,2,1,2,3,-2,-2,-13
13080,13080,1503688384968,-6,2,3,0,0,-1,-2,-9
13081,13081,1503688384975,0,4,-4,-1,-3,-1,-1,-5
13082,13082,1503688384984,-1,-8,0,-2,-2,0,1,0
13083,13083,1503688384999,-3,-5,-4,-2,0,0,-3,6
13084,13084,1503688385008,-4,7,0,-1,-1,-2,0,-5
13085,13085,1503688385013,2,16,-1,-1,-3,-1,-11,-25
13086,13086,1503688385029,7,-10,-4,-1,2,-1,3,10
13087,13087,1503688385035,7,-5,0,-4,-5,0,5,34
13088,13088,1503688385043,-4,8,0,1,1,2,-3,2
13089,13089,1503688385059,0,0,3,1,-1,0,0,-8
13090,13090,1503688385066,0,12,7,-2,-3,1,1,-3
13091,13091,1503688385073,5,30,7,2,1,-2,-3,-13
13092,13092,1503688385089,2,-5,-5,0,1,-2,-4,-5
13093,13093,1503688385095,3,-12,2,0,-1,0,0,-4
13094,13094,1503688385103,-3,-7,0,1,-2,-3,0,-1
13095,13095,1503688385118,-4,-14,-9,-7,-1,0,-1,-16
13096,13096,1503688385126,4,-2,-3,1,0,-1,-3,13
13097,13097,1503688385133,-6,1,0,2,0,-2,2,9
13098,13098,1503688385152,1,-1,1,-1,0,-3,-2,-2
13099,13099,1503688385156,0,-4,3,2,0,-1,0,-2
13100,13100,1503688385163,-1,1,-1,-2,0,-2,0,-1
13101,13101,1503688385178,3,-6,1,-2,1,0,1,-1
13102,13102,1503688385188,-11,2,-4,-5,-1,0,1,-4
13103,13103,1503688385193,0,-4,5,3,-1,0,0,1
13104,13104,1503688385194,1,2,-4,-3,-4,-2,0,-2
13105,13105,1503688385208,5,13,1,1,-3,0,0,2
13106,13106,1503688385219,-7,-8,-5,-2,1,1,-1,-13
13107,13107,1503688385224,-7,-4,2,-1,-2,-2,-2,-19
13108,13108,1503688385238,-2,-6,-1,-2,0,-1,-2,-10
13109,13109,1503688385246,-1,3,1,-1,-4,0,-3,1
13110,13110,1503688385254,0,1,0,1,-3,-4,-9,2
13111,13111,1503688385268,5,-7,-3,-1,-2,0,-2,7
13112,13112,1503688385275,-4,1,-1,-4,-6,2,0,8
13113,13113,1503688385285,0,-11,-6,-2,-3,2,-3,-6
13114,13114,1503688385298,14,-5,-6,0,5,1,3,30
13115,13115,1503688385306,2,17,5,-2,4,1,8,19
13116,13116,1503688385313,-4,18,1,0,1,-1,0,-10
13117,13117,1503688385329,-6,4,0,3,3,-2,1,-10
13118,13118,1503688385335,-9,-14,0,3,-8,0,-2,-20
13119,13119,1503688385343,3,-3,0,0,-4,0,-2,-14
13120,13120,1503688385358,-10,-1,2,2,2,1,0,3
13121,13121,1503688385366,-3,2,0,0,-5,-2,-1,-13
13122,13122,1503688385373,-1,-4,-2,-1,9,0,4,15
13123,13123,1503688385389,3,-13,-1,-1,3,-2,-1,1
13124,13124,1503688385396,-4,-6,-1,-4,-6,-3,-3,-8
13125,13125,1503688385403,-2,-14,-6,-4,-2,-1,5,10
13126,13126,1503688385420,-6,3,0,-1,1,0,-1,5
13127,13127,1503688385426,0,-4,-2,-3,9,-3,-5,1
13128,13128,1503688385433,6,-2,-2,0,0,0,0,4
13129,13129,1503688385449,-4,-1,-4,0,-23,-2,-1,11
13130,13130,1503688385456,3,4,2,2,0,-5,-1,-22
13131,13131,1503688385463,1,-4,-4,-4,10,0,0,-6
13354,13354,1503688387645,1,-1,-4,4,12,-4,-7,0
13355,13355,1503688387653,2,0,-3,0,-13,-2,1,-7
13356,13356,1503688387663,2,-16,-11,-9,-8,1,-2,-3
13357,13357,1503688387675,2,-5,1,2,7,1,-1,6
13358,13358,1503688387685,-4,-8,0,1,9,-2,2,4
13359,13359,1503688387690,-9,-6,-9,4,5,1,-8,-5
13360,13360,1503688387705,16,14,1,-1,16,4,2,6
13361,13361,1503688387706,-3,-7,-3,5,-14,0,-3,-2
13362,13362,1503688387713,-1,-3,1,-3,-6,-2,-1,-3
13363,13363,1503688387720,-7,-1,1,1,9,0,1,-6
13364,13364,1503688387736,-5,22,9,3,1,-17,-2,-3
13365,13365,1503688387742,-3,-9,8,1,-19,-3,4,16
13366,13366,1503688387756,-1,2,13,3,6,-3,-13,-5
13367,13367,1503688387765,16,10,-3,-8,-19,5,2,7
13368,13368,1503688387773,4,-5,-8,-6,-13,-1,3,5
13369,13369,1503688387780,-10,-13,-7,-4,9,5,-4,-18
13370,13370,1503688387798,-6,-5,11,1,1,7,-1,-26
13371,13371,1503688387803,25,-2,-3,-1,9,-4,4,19
13372,13372,1503688387811,7,-23,-10,-3,-19,0,2,4
13373,13373,1503688387825,-11,-6,7,-3,-10,-14,-6,-18
13374,13374,1503688387833,-4,-2,-1,-2,7,13,8,19
13375,13375,1503688387840,-1,-3,-19,-8,0,1,0,-9
13376,13376,1503688387855,0,4,-1,-1,2,-9,1,9
13377,13377,1503688387865,-2,11,12,2,6,3,4,4
13378,13378,1503688387871,12,-6,-3,4,12,4,0,-1
13379,13379,1503688387885,-19,-19,-6,-2,-1,0,-2,-6
13380,13380,1503688387893,15,24,10,0,13,0,-2,3
13381,13381,1503688387901,-5,-4,-3,-2,3,-1,-4,0
13382,13382,1503688387915,-11,-13,-7,-5,1,1,2,-4
13383,13383,1503688387923,0,2,1,2,-5,0,-1,-2
13384,13384,1503688387932,5,13,1,4,5,-1,0,-2
13385,13385,1503688387945,2,24,23,5,2,2,-1,-12
13386,13386,1503688387953,-2,6,3,-3,-6,1,0,2
13387,13387,1503688387960,2,-8,-5,0,1,-3,-3,-1
13388,13388,1503688387975,5,5,-3,-1,-1,-1,0,0
13389,13389,1503688387983,-7,0,-2,-1,-14,6,1,8
13390,13390,1503688387992,-8,8,-10,0,-5,-1,3,1
13391,13391,1503688388006,-7,-11,-14,-7,4,-4,-5,-6
13392,13392,1503688388013,12,-13,-2,-1,-3,-2,0,0
13393,13393,1503688388020,11,-2,-6,-3,-1,-1,-3,7
13394,13394,1503688388036,-1,-12,-1,-3,-1,-4,-8,-14
13395,13395,1503688388043,-7,-11,0,0,14,4,-2,-8
13396,13396,1503688388051,-11,9,5,-1,-5,1,1,-1
13397,13397,1503688388066,3,11,0,7,6,-6,4,4
13398,13398,1503688388073,-38,1,-10,-3,10,6,0,-8
13399,13399,1503688388080,1,18,5,0,-4,1,3,11
13400,13400,1503688388095,-8,-17,-9,0,9,4,0,-6
13401,13401,1503688388103,-26,-23,-18,-5,-1,-9,-2,-16
13402,13402,1503688388111,-6,-22,2,-4,-6,8,-1,-4
13403,13403,1503688388125,3,-4,3,-5,-12,6,0,-22
13404,13404,1503688388133,-6,5,7,2,-7,-10,-4,-8
13405,13405,1503688388142,0,-23,-1,6,1,1,1,6
13406,13406,1503688388155,21,3,0,-1,-1,3,1,16
13407,13407,1503688388163,1,-11,-5,-7,3,-2,-2,6
13408,13408,1503688388171,12,-3,-2,0,-7,-10,-4,-17
13409,13409,1503688388184,-23,7,4,3,-4,-2,-4,-4
13410,13410,1503688388193,-23,10,2,2,-10,4,1,-14
13411,13411,1503688388208,0,17,12,6,8,7,0,9
13412,13412,1503688388215,74,17,0,0,5,-7,4,48
13413,13413,1503688388229,-42,1,3,-1,-1,-1,-11,-69
13414,13414,1503688388234,-9,7,3,-1,5,-5,-6,-4
13415,13415,1503688388244,-3,-1,-2,-1,-2,-7,-4,0
13416,13416,1503688388252,0,-1,-3,-5,-5,0,-7,-32
13417,13417,1503688388253,-4,-7,-4,-2,2,2,5,10
13418,13418,1503688388260,-3,-3,-5,-3,1,1,1,18
13419,13419,1503688388275,28,-4,-2,-2,-6,5,5,17
13420,13420,1503688388282,18,1,1,0,1,2,-1,12
13421,13421,1503688388291,-5,1,0,-2,-1,-3,-7,-13
13422,13422,1503688388305,-11,11,2,0,5,6,0,16
13423,13423,1503688388312,18,-18,-5,1,-2,-3,-2,-32
13424,13424,1503688388313,1,1,3,0,-1,1,0,19
13425,13425,1503688388320,43,5,-2,0,-5,-7,3,20
13426,13426,1503688388335,1,-3,-3,-5,-4,-4,-3,-21
13427,13427,1503688388343,5,-3,-2,-1,0,0,0,-4
13428,13428,1503688388351,-16,-8,-3,1,2,-5,-3,-16
13429,13429,1503688388368,-1,1,7,2,-4,-5,-2,-14
13430,13430,1503688388373,-3,7,1,0,12,-6,0,13
13431,13431,1503688388387,15,-3,-5,-3,-7,2,5,16
13432,13432,1503688388396,43,1,-1,-2,-6,-4,8,72
13433,13433,1503688388406,7,1,-2,-3,2,-1,-1,-1
13434,13434,1503688388418,-48,-18,-3,3,-5,-7,-11,-37
13435,13435,1503688388424,-8,4,-1,-2,-2,-5,2,32
13436,13436,1503688388434,-17,-11,-8,-6,-4,1,-3,-30
13437,13437,1503688388447,-9,-4,-5,0,2,0,-4,-15
13438,13438,1503688388455,-2,-2,-6,-1,-4,-2,-2,-5
13439,13439,1503688388463,4,0,-2,0,-5,-4,-1,-18
13440,13440,1503688388478,-14,-20,-6,-3,4,1,-3,-5
13441,13441,1503688388485,-2,-9,-2,-1,0,0,2,24
13442,13442,1503688388493,-18,-3,-1,-1,1,5,0,-13
13443,13443,1503688388507,24,3,2,-2,-3,-5,0,2
13444,13444,1503688388515,-6,7,4,2,-2,0,2,-1
13445,13445,1503688388523,8,3,1,-4,-8,-5,-2,4
13446,13446,1503688388538,12,13,6,6,-3,-4,-1,-11
13447,13447,1503688388545,-21,-15,-4,-2,1,-2,-6,-46
13448,13448,1503688388552,-3,-6,3,-3,-2,3,5,8
13777,13777,1503688391710,-9,-1,1,-1,18,4,1,-8
13778,13778,1503688391726,-14,-16,-13,-8,-4,0,-1,-2
13779,13779,1503688391733,14,6,-4,-1,-1,-1,2,8
13780,13780,1503688391740,28,8,0,3,10,-4,5,36
13781,13781,1503688391755,3,-5,-2,-2,-4,-5,-6,-5
13782,13782,1503688391763,2,4,7,-1,-6,-3,-5,-19
13783,13783,1503688391770,3,-7,-2,2,-7,-3,-3,1
13784,13784,1503688391786,-17,6,-8,-4,1,0,3,-4
13785,13785,1503688391793,-6,5,-1,0,1,1,0,-2
13786,13786,1503688391800,-12,-15,-6,-1,-1,2,-4,-6
13787,13787,1503688391817,21,2,0,0,0,3,1,18
13788,13788,1503688391822,2,-1,3,2,3,0,0,10
13789,13789,1503688391823,5,-8,0,0,1,1,-2,-4
13790,13790,1503688391830,-10,-4,1,-3,0,0,-5,-16
13791,13791,1503688391845,14,18,11,2,-4,0,4,10
13792,13792,1503688391853,-10,-3,-4,-1,-5,1,-6,-10
13793,13793,1503688391854,-4,-3,-1,-4,-1,-1,-4,0
13794,13794,1503688391860,-11,-12,-7,0,2,-1,1,-5
13795,13795,1503688391875,-6,-10,-2,-1,0,-1,5,-5
13796,13796,1503688391885,0,8,2,-1,1,-2,-1,-10
13797,13797,1503688391893,1,-2,-4,-4,-1,-2,-8,-19
13798,13798,1503688391905,16,0,1,0,0,1,-2,1
13799,13799,1503688391913,0,7,2,-1,-3,-1,-2,-3
13800,13800,1503688391920,2,-6,-5,-3,-6,-7,-4,-4
13801,13801,1503688391935,-6,0,2,2,11,-3,1,-3
13802,13802,1503688391942,-7,-3,-1,0,-1,1,-3,0
13803,13803,1503688391952,-11,-2,0,-1,0,-1,2,3
13804,13804,1503688391965,-2,-6,-5,-3,1,-1,3,-3
13805,13805,1503688391973,14,25,6,1,-3,1,2,10
13806,13806,1503688391980,1,-1,1,3,1,2,-1,0
13807,13807,1503688391995,-4,-10,-5,-2,-4,-2,-3,-15
13808,13808,1503688392002,4,1,-2,-1,1,0,-1,11
13809,13809,1503688392010,-6,-2,0,-1,0,1,-4,-5
13810,13810,1503688392026,-7,-3,-6,-5,-1,-1,-5,-9
13811,13811,1503688392033,-1,-2,-4,-2,-8,-1,3,4
13812,13812,1503688392040,2,-1,0,1,-7,-2,-3,9
13813,13813,1503688392056,6,-4,-5,-2,-5,-5,-2,6
13814,13814,1503688392062,-6,-6,2,-1,1,-1,4,-6
13815,13815,1503688392078,-12,-10,-6,-2,-2,1,-2,-3
13816,13816,1503688392085,1,-2,-1,1,1,1,2,1
13817,13817,1503688392094,3,8,0,1,2,3,1,0
13818,13818,1503688392107,8,6,3,-1,-4,-2,-3,2
13819,13819,1503688392115,-2,-5,-5,-4,-1,0,1,2
13820,13820,1503688392123,1,-2,-2,1,0,1,-1,10
13821,13821,1503688392137,-4,-1,3,2,3,0,0,-5
13822,13822,1503688392145,-2,7,1,0,1,-2,-1,13
13823,13823,1503688392153,-2,-1,0,-1,3,-2,-1,2
13824,13824,1503688392167,-6,-4,-1,0,2,3,-2,-5
13825,13825,1503688392175,7,4,2,4,16,1,4,4
13826,13826,1503688392185,-5,-2,0,-2,-1,-5,1,-11
13827,13827,1503688392198,-4,-6,-1,-1,-5,0,0,4
13828,13828,1503688392205,0,-2,-2,0,-1,-2,-1,-7
13829,13829,1503688392213,-1,8,3,0,-3,-1,-1,-4
13830,13830,1503688392228,-1,-21,-9,-3,-6,-3,-2,-2
13831,13831,1503688392235,4,4,6,-2,-3,-4,-3,7
13832,13832,1503688392242,-6,-4,1,-1,2,0,0,-5
13833,13833,1503688392258,-2,1,3,3,-6,-4,-1,-2
13834,13834,1503688392265,7,8,1,-2,-4,-2,-1,-11
13835,13835,1503688392273,-3,-3,1,0,10,1,-6,-11
13836,13836,1503688392287,-4,-3,-3,1,0,1,-2,-2
13837,13837,1503688392295,-4,-8,-6,0,-6,0,-3,-6
13838,13838,1503688392302,-12,0,3,4,8,-3,-5,-2
13839,13839,1503688392303,11,3,0,1,-3,-1,-1,1
13840,13840,1503688392319,-2,-2,-1,-2,-4,1,3,13
13841,13841,1503688392325,-10,-5,-2,-2,-1,-2,0,-6
13842,13842,1503688392333,-1,3,-3,-2,-3,0,1,-3
13843,13843,1503688392347,-4,3,6,1,2,4,2,5
13844,13844,1503688392355,-11,-3,0,0,-3,1,0,-4
13845,13845,1503688392363,-3,2,-1,1,6,1,0,-1
13846,13846,1503688392377,-2,-3,-1,-1,-2,-2,2,0
13847,13847,1503688392392,0,-3,-7,-2,-4,-3,-5,-3
13848,13848,1503688392394,-9,-2,0,-2,-5,-4,-1,4
13849,13849,1503688392407,2,2,0,-1,0,-2,1,3
13850,13850,1503688392415,1,-2,-2,-2,2,-1,4,-2
13851,13851,1503688392423,2,-7,-3,0,0,-3,-2,-1
13852,13852,1503688392437,12,4,3,0,-4,-2,1,0
13853,13853,1503688392445,-1,10,3,-2,-2,-5,-1,-2
13854,13854,1503688392454,4,-8,-4,1,-3,1,-2,-3
13855,13855,1503688392467,-4,0,-4,-3,-10,5,0,-2
13856,13856,1503688392475,4,4,0,-1,-1,3,5,10
13857,13857,1503688392482,-4,-4,-2,-1,2,-3,0,5
13858,13858,1503688392498,2,-2,3,1,-1,1,-5,-2
13859,13859,1503688392505,-13,1,0,-1,0,-1,-2,-11
13860,13860,1503688392513,4,-16,-6,-2,3,-4,-4,0
13861,13861,1503688392527,5,-3,7,2,0,0,-1,2
13862,13862,1503688392535,0,-4,-3,-5,-3,-2,-2,-5
13863,13863,1503688392542,0,1,0,0,0,0,0,-6
13864,13864,1503688392564,-7,0,-2,0,-5,-3,1,3
14217,14217,1503688395978,-9,-3,-2,-5,6,-4,-3,-20
14218,14218,1503688395987,-6,1,2,2,0,-2,-2,-8
14219,14219,1503688395993,-1,-1,0,-1,1,-1,0,-2
14220,14220,1503688396007,-6,-7,-3,0,-3,0,-2,-8
14221,14221,1503688396008,3,4,2,1,-4,0,-3,-6
14222,14222,1503688396016,-1,-3,-3,1,-2,-2,2,-1
14223,14223,1503688396022,-6,-5,1,-5,-1,-4,-14,-8
14224,14224,1503688396043,4,0,0,-2,2,0,-1,4
14225,14225,1503688396048,-3,-2,0,-2,-3,-2,7,5
14226,14226,1503688396053,-1,2,1,2,-4,-3,-3,1
14227,14227,1503688396067,-2,-2,-2,0,-3,5,2,-9
14228,14228,1503688396076,-5,5,0,-1,3,0,0,-15
14229,14229,1503688396082,10,-8,-1,-4,-2,-2,0,11
14230,14230,1503688396097,1,-6,1,1,1,0,-3,3
14231,14231,1503688396106,-11,-4,-3,0,1,-2,3,-1
14232,14232,1503688396113,-4,-9,-4,1,-5,2,-1,5
14233,14233,1503688396128,7,0,0,4,-3,0,5,4
14234,14234,1503688396136,6,4,0,2,0,-2,1,4
14235,14235,1503688396143,-1,3,1,-1,0,-1,2,3
14236,14236,1503688396158,3,-1,-2,-2,9,2,2,4
14237,14237,1503688396165,16,3,0,-3,-1,-1,4,18
14238,14238,1503688396175,-8,-1,-1,-4,5,1,1,5
14239,14239,1503688396187,-2,1,-4,0,2,0,-4,-7
14240,14240,1503688396196,-4,0,0,-1,-3,-1,-1,-2
14241,14241,1503688396202,-2,-2,0,-1,1,-2,-4,-4
14242,14242,1503688396217,-2,2,0,2,-1,-2,-5,-6
14243,14243,1503688396225,-5,-9,-4,-5,-3,-1,-5,-6
14244,14244,1503688396233,5,20,12,-2,-5,-3,0,6
14245,14245,1503688396248,0,7,0,-3,-2,-1,2,-1
14246,14246,1503688396255,-2,-8,-3,-3,2,1,1,-7
14247,14247,1503688396262,-4,-2,0,1,-2,-2,-6,-28
14248,14248,1503688396278,4,1,0,1,-3,-1,0,12
14249,14249,1503688396285,-1,-3,-1,-1,0,1,2,-6
14250,14250,1503688396293,2,2,2,2,-2,-3,-5,-4
14251,14251,1503688396308,1,-1,-1,1,4,0,-1,5
14252,14252,1503688396317,-1,1,7,1,-13,1,0,1
14253,14253,1503688396322,-4,1,-1,2,-7,-1,-1,2
14254,14254,1503688396341,1,0,-2,-2,4,2,2,-8
14255,14255,1503688396347,-2,6,4,9,-3,1,-5,-1
14256,14256,1503688396360,1,-7,-9,-3,2,0,-2,-5
14257,14257,1503688396367,-8,-5,-4,-4,4,-1,0,1
14258,14258,1503688396375,1,-7,-2,-4,-1,-2,-1,-1
14259,14259,1503688396383,-6,-1,0,2,-1,-1,-4,-18
14260,14260,1503688396398,-2,16,6,0,-1,-3,-1,-2
14261,14261,1503688396407,-7,-2,0,-1,-1,-1,3,-7
14262,14262,1503688396413,3,-7,-7,-4,2,-2,0,7
14263,14263,1503688396427,8,2,4,-1,0,-3,2,7
14264,14264,1503688396435,3,-7,-2,4,2,-1,0,7
14265,14265,1503688396443,3,4,-1,-4,-5,-4,-6,3
14266,14266,1503688396457,-4,-6,-4,-3,-5,0,-4,-3
14267,14267,1503688396465,0,-4,-1,-1,1,0,-1,6
14268,14268,1503688396477,-3,1,-1,1,2,0,-1,-7
14269,14269,1503688396487,-3,-5,-6,-3,1,-1,2,6
14270,14270,1503688396495,2,-11,-4,-4,-2,-2,1,5
14271,14271,1503688396502,18,21,7,0,-1,1,1,10
14272,14272,1503688396517,-3,6,3,1,-1,0,-2,-3
14273,14273,1503688396525,6,16,7,3,0,-1,0,-9
14274,14274,1503688396533,-2,-5,-3,-3,1,-2,-1,-6
14275,14275,1503688396547,-5,-12,-6,-4,0,-1,-3,2
14276,14276,1503688396555,-6,-6,-2,-3,1,-1,-3,-13
14277,14277,1503688396562,5,-6,-4,3,-1,-2,2,1
14278,14278,1503688396578,-5,-4,-4,-2,1,1,3,14
14279,14279,1503688396585,-2,-2,0,-1,-1,-1,-4,-9
14280,14280,1503688396593,-5,-8,0,4,-1,-2,-4,-1
14281,14281,1503688396608,1,-4,-8,-3,-1,-1,2,11
14282,14282,1503688396616,9,-7,-8,-2,0,3,1,-6
14283,14283,1503688396622,-11,0,5,4,-1,-3,1,13
14284,14284,1503688396623,1,1,-1,-1,-1,4,3,3
14285,14285,1503688396637,3,1,0,1,-2,-2,3,1
14286,14286,1503688396645,-5,1,0,0,3,2,-4,-2
14287,14287,1503688396653,-1,-3,-2,1,-3,1,-2,-5
14288,14288,1503688396677,-4,1,1,-2,1,-1,-4,-1
14289,14289,1503688396678,-3,1,-1,-4,0,0,-2,-1
14290,14290,1503688396683,-1,-9,-5,1,0,-3,0,-1
14291,14291,1503688396697,-16,0,0,-2,-2,-1,0,-11
14292,14292,1503688396705,-5,-8,0,0,0,-1,-2,0
14293,14293,1503688396713,6,22,9,-1,-2,-2,-2,5
14294,14294,1503688396727,-10,-35,-13,-3,2,0,-1,-9
14295,14295,1503688396735,5,-8,0,-2,0,-1,-6,1
14296,14296,1503688396743,5,-9,4,-5,0,2,-1,3
14297,14297,1503688396758,-2,13,1,-1,3,-2,3,4
14298,14298,1503688396765,-9,-1,-1,2,-2,-6,-3,-5
14299,14299,1503688396780,-1,-4,1,0,-6,1,-2,0
14300,14300,1503688396787,-7,18,6,0,-4,1,-1,-7
14301,14301,1503688396796,-2,-8,-4,2,-3,-2,-2,3
14674,14674,1503688400387,-16,-7,0,-2,-6,-2,0,-19
14675,14675,1503688400395,15,18,1,2,0,-2,0,2
14676,14676,1503688400403,-21,14,0,1,-4,-1,-6,-30
14677,14677,1503688400418,2,-4,2,1,-2,0,1,2
14678,14678,1503688400428,-14,-16,-11,-1,5,0,-1,3
14679,14679,1503688400440,7,-4,-4,-2,0,-1,2,9
14680,14680,1503688400447,-3,1,-6,-2,-3,-2,0,12
14681,14681,1503688400455,-1,-2,3,2,-4,0,1,0
14682,14682,1503688400465,0,-1,-8,-2,-2,0,-1,7
14683,14683,1503688400478,3,2,-2,-2,0,-3,-2,-1
14684,14684,1503688400485,4,2,0,-1,-3,-3,-1,-1
14685,14685,1503688400500,14,2,3,1,1,2,5,14
14686,14686,1503688400507,-2,-5,2,-3,-4,-3,-2,-4
14687,14687,1503688400515,-20,-1,-8,-2,-1,-4,-7,-9
14688,14688,1503688400531,3,-1,2,2,-1,1,-3,1
14689,14689,1503688400538,-9,-6,-4,-2,1,0,2,-2
14690,14690,1503688400544,0,-2,1,1,11,-4,-1,-4
14691,14691,1503688400563,-1,6,7,2,6,10,0,-1
14692,14692,1503688400567,4,1,1,0,-1,1,1,9
14693,14693,1503688400575,-3,-5,-4,-2,-2,-4,3,-1
14694,14694,1503688400590,-5,-1,-4,-4,-4,-6,-4,-23
14695,14695,1503688400600,8,8,4,3,-7,-1,-1,3
14696,14696,1503688400605,6,-1,-4,0,-6,-1,0,11
14697,14697,1503688400620,1,-10,-2,-2,0,-2,-1,-3
14698,14698,1503688400629,8,-3,-3,-5,-5,1,0,-1
14699,14699,1503688400636,-7,-5,-5,-1,-1,-3,-5,-4
14700,14700,1503688400649,-5,-2,0,-1,-2,0,-2,3
14701,14701,1503688400657,2,-2,-3,-2,-2,-2,-2,3
14702,14702,1503688400665,1,1,1,-2,-2,1,-3,1
14703,14703,1503688400680,5,0,-3,-2,-5,-2,0,-4
14704,14704,1503688400687,2,-1,2,1,4,1,0,2
14705,14705,1503688400697,-1,3,0,1,2,2,-1,5
14706,14706,1503688400698,-2,-1,-3,-1,-2,-2,2,1
14707,14707,1503688400710,-10,-3,-3,-2,-1,-1,-2,-6
14708,14708,1503688400719,-10,3,-5,-1,2,-2,-5,-10
14709,14709,1503688400725,2,1,-3,1,-1,-3,0,5
14710,14710,1503688400740,-9,2,3,0,-2,0,-1,-5
14711,14711,1503688400741,-3,-7,-1,-3,-4,0,-1,-3
14712,14712,1503688400747,3,1,7,-1,-1,-2,0,-4
14713,14713,1503688400755,2,-1,-1,0,0,0,-3,1
14714,14714,1503688400771,-1,-2,-1,-1,1,2,1,1
14715,14715,1503688400778,-1,0,3,1,2,0,0,-2
14716,14716,1503688400785,-1,1,-1,1,-1,-1,-1,-3
14717,14717,1503688400800,-3,1,-2,-4,3,-1,-2,-6
14718,14718,1503688400801,0,-3,0,0,-3,-1,-1,0
14719,14719,1503688400807,-4,0,3,0,-1,-3,-1,-5
14720,14720,1503688400815,2,-5,1,-2,-2,-3,-2,-2
14721,14721,1503688400831,1,-5,-2,0,-1,-1,-3,-7
14722,14722,1503688400838,6,4,-4,1,0,0,1,-1
14723,14723,1503688400844,0,-3,-4,0,1,-1,4,-1
14724,14724,1503688400865,-9,-9,3,1,4,-1,-4,6
14725,14725,1503688400867,3,10,12,0,-2,-1,-1,11
14726,14726,1503688400875,1,2,-1,-6,-3,-2,0,-2
14727,14727,1503688400890,-8,0,-3,0,-6,-1,-1,-2
14728,14728,1503688400900,3,7,0,1,0,0,0,-2
14729,14729,1503688400905,2,-4,-3,-5,-2,-1,-2,-2
14730,14730,1503688400920,-3,2,1,4,1,-2,2,0
14731,14731,1503688400930,11,2,-5,-2,0,-1,-3,1
14732,14732,1503688400936,-9,2,1,-1,2,-1,-1,-7
14733,14733,1503688400937,4,3,4,-1,2,0,-1,3
14734,14734,1503688400957,-6,1,-5,0,0,2,-1,-2
14735,14735,1503688400958,3,8,-1,-5,-2,-1,0,1
14736,14736,1503688400966,-20,-7,-2,-1,1,-1,0,-7
14737,14737,1503688400980,-7,-4,-1,-1,-2,0,0,-2
14738,14738,1503688400989,-4,2,-2,-3,-1,0,-1,1
14739,14739,1503688400999,-5,-8,-6,-2,-3,-1,-1,-7
14740,14740,1503688401010,4,-12,-5,-2,0,-1,1,-4
14741,14741,1503688401017,-1,1,-2,-5,-2,-3,-3,-3
14742,14742,1503688401024,-4,-5,0,-2,-4,0,0,1
14743,14743,1503688401040,-12,-8,0,0,-1,-3,-2,3
14744,14744,1503688401047,3,7,8,2,1,-1,1,3
14745,14745,1503688401055,0,7,1,-1,-1,1,0,-3
14746,14746,1503688401070,4,-8,-4,-3,-1,-2,-1,0
14747,14747,1503688401078,13,-3,-2,-1,-2,1,1,-2
14748,14748,1503688401084,3,12,0,-2,-1,-1,-3,2
14749,14749,1503688401102,-5,-5,-1,1,0,-1,1,-1
14750,14750,1503688401107,-1,12,2,5,0,0,-1,2
14751,14751,1503688401115,1,-1,0,0,-2,3,-1,-5
14752,14752,1503688401130,-6,5,0,-2,-2,2,-2,-5
14753,14753,1503688401131,1,-5,-1,1,-1,-1,-3,-9
14754,14754,1503688401138,-7,-4,0,-1,0,-2,-2,-7
14755,14755,1503688401145,0,3,0,-2,-8,0,0,6
14756,14756,1503688401160,1,2,1,-1,3,-2,-2,-3
14757,14757,1503688401168,15,-1,-1,-2,3,1,4,28
14758,14758,1503688401175,12,19,10,2,1,-1,0,10
14759,14759,1503688401189,-2,-3,-1,-3,-3,-2,0,6
14760,14760,1503688401190,-3,-5,2,2,3,0,-2,-11
14761,14761,1503688401199,-3,5,-4,-3,2,-2,-3,1
14762,14762,1503688401206,-3,-1,2,1,-6,-1,-4,-5
14763,14763,1503688401221,-5,-5,-1,-1,-6,-2,-5,-11
14764,14764,1503688401227,-5,-8,-5,-1,-5,-3,-3,-2
14765,14765,1503688401237,-12,-6,-4,-3,-6,-3,0,-20
14766,14766,1503688401250,1,-4,-2,0,4,-1,-3,-14
14767,14767,1503688401258,-1,5,0,0,7,1,-2,0
14768,14768,1503688401266,-4,1,-5,-4,-3,0,3,1
14769,14769,1503688401280,1,-18,-5,0,-2,-1,2,21
14770,14770,1503688401287,-4,16,4,4,1,-1,-1,4
14771,14771,1503688401299,3,1,1,-1,-1,0,2,2
14772,14772,1503688401310,4,-11,-3,-4,4,0,7,-11
14773,14773,1503688401318,8,8,6,2,9,0,-5,-17
14774,14774,1503688401325,-3,-1,2,0,3,-1,-2,0
14775,14775,1503688401342,2,-6,-7,-6,-2,-2,2,15
14776,14776,1503688401347,-10,-2,4,4,-7,2,0,5
14777,14777,1503688401355,2,-4,0,3,0,0,1,26
14778,14778,1503688401370,-4,-8,-3,-3,0,-3,-5,-12
14779,14779,1503688401378,-2,4,0,-2,-14,-1,0,-9
14780,14780,1503688401384,1,-4,-6,-4,-8,1,0,-3
14781,14781,1503688401400,-2,-5,-3,-1,1,-2,-6,-1
14782,14782,1503688401409,4,18,6,4,7,-1,-5,-7
14783,14783,1503688401415,-3,-7,-3,-3,-1,0,1,-4
14784,14784,1503688401434,-4,-11,-3,-5,1,-2,-3,7
14785,14785,1503688401438,-1,4,2,2,-4,-4,-2,-9
14786,14786,1503688401451,4,1,1,0,1,-1,-1,1
14787,14787,1503688401460,-4,-8,-6,-2,-7,1,-2,-7
14788,14788,1503688401472,-6,2,-3,-2,-1,-2,-1,-2
14789,14789,1503688401482,-6,-9,-6,-1,3,2,0,-2
14790,14790,1503688401489,-8,15,7,-3,-1,1,-2,-3
14791,14791,1503688401501,-1,2,-1,-3,0,0,4,3
14792,14792,1503688401511,11,-9,-2,-2,0,-1,-3,4
14793,14793,1503688401519,3,-5,-1,-2,-3,-2,0,-5
14794,14794,1503688401527,-2,-11,-4,-2,-4,-2,1,-6
14795,14795,1503688401542,3,4,2,2,2,-1,-2,3
14796,14796,1503688401550,5,7,-2,-1,1,-1,2,5
14797,14797,1503688401558,-2,7,0,1,2,2,-2,-2
14798,14798,1503688401572,1,-6,-2,0,-2,0,-1,-2
14799,14799,1503688401580,-2,-7,-4,-3,-4,0,0,-5
14800,14800,1503688401587,3,1,2,2,4,3,0,0
14801,14801,1503688401606,-3,-3,0,-3,0,-2,-1,-1
15024,15024,1503688403747,3,-2,1,-5,-10,-11,-1,1
15025,15025,1503688403754,-1,-1,1,8,11,0,1,3
15026,15026,1503688403762,12,1,4,-1,1,1,0,2
15027,15027,1503688403778,1,-5,-1,-6,-9,-2,-3,1
15028,15028,1503688403784,-4,1,3,-5,-4,1,2,1
15029,15029,1503688403785,-6,-3,0,1,-1,-1,0,-5
15030,15030,1503688403792,-4,-3,-4,-1,0,5,0,-4
15031,15031,1503688403807,0,5,6,3,1,0,-5,-13
15032,15032,1503688403814,-2,3,11,2,-5,-6,1,-1
15033,15033,1503688403822,-1,-16,-12,1,7,-1,2,-2
15034,15034,1503688403836,-4,3,-6,-3,-3,-3,-1,7
15035,15035,1503688403845,-13,-11,-5,2,1,0,-5,-10
15036,15036,1503688403853,-2,0,-4,-3,3,-2,-2,-1
15037,15037,1503688403867,-18,-3,-4,-5,0,-1,-2,-32
15038,15038,1503688403882,-7,-8,1,-1,-3,-1,-2,-1
15039,15039,1503688403883,-13,3,5,0,-2,7,-2,0
15040,15040,1503688403897,6,-4,-4,-1,-2,3,-3,22
15041,15041,1503688403904,3,10,8,3,5,-3,-3,-2
15042,15042,1503688403919,-7,-9,-9,-1,6,-1,-1,-3
15043,15043,1503688403927,15,11,12,2,4,-1,4,28
15044,15044,1503688403935,8,-1,0,0,2,2,-4,-13
15045,15045,1503688403945,13,-5,0,2,-3,-5,1,7
15046,15046,1503688403956,14,-1,4,-1,-6,-5,6,16
15047,15047,1503688403964,-5,5,-3,0,-3,0,-3,-16
15048,15048,1503688403972,-9,-1,2,-2,-4,-2,-6,-3
15049,15049,1503688403988,-10,-5,-2,-4,-1,-7,-2,-1
15050,15050,1503688403995,-3,-15,-11,-5,-17,-2,-1,-5
15051,15051,1503688404002,5,-1,-8,-4,-3,0,3,16
15052,15052,1503688404017,16,6,2,-1,5,4,6,15
15053,15053,1503688404025,0,0,0,-2,1,1,0,15
15054,15054,1503688404032,-12,7,4,0,1,1,-3,-14
15055,15055,1503688404047,4,1,5,2,0,2,-1,-5
15056,15056,1503688404055,-4,-1,-3,-3,2,1,-2,-11
15057,15057,1503688404063,-1,-1,0,1,1,3,-2,-5
15058,15058,1503688404080,0,-1,-1,0,1,-3,-2,1
15059,15059,1503688404085,-11,-31,-19,-6,6,-2,-3,3
15060,15060,1503688404092,-29,0,-2,-2,-3,0,-2,-33
15061,15061,1503688404107,-17,-39,-30,-9,-9,-3,-3,-5
15062,15062,1503688404115,9,6,-4,0,2,1,2,6
15063,15063,1503688404122,0,-20,-14,-1,-2,-2,1,-2
15064,15064,1503688404136,0,-5,5,-5,-8,-1,-1,3
15065,15065,1503688404146,16,22,14,7,-4,1,0,5
15066,15066,1503688404153,2,2,9,18,22,7,3,-3
15067,15067,1503688404167,5,17,11,6,12,3,1,3
15068,15068,1503688404174,5,-10,-7,-3,12,22,3,7
15069,15069,1503688404183,5,18,9,-4,1,-2,5,-3
15070,15070,1503688404196,6,3,2,-8,-11,-13,-2,6
15071,15071,1503688404204,-2,7,6,-6,-18,-3,-4,-7
15072,15072,1503688404213,7,4,2,0,8,-4,0,3
15073,15073,1503688404227,4,0,2,0,2,7,0,-14
15074,15074,1503688404234,29,5,-1,-2,-5,-7,0,75
15075,15075,1503688404250,5,32,21,6,1,-5,-3,-16
15076,15076,1503688404256,-9,4,2,-5,-4,-4,2,-8
15077,15077,1503688404265,3,-2,-5,1,-3,2,-1,21
15078,15078,1503688404289,4,0,2,-1,-4,0,-1,-6
15079,15079,1503688404294,-11,-6,-7,3,-5,-4,-3,-13
15080,15080,1503688404309,-7,-2,2,-1,0,-1,-4,-19
15081,15081,1503688404317,-6,-2,-1,-2,-17,-5,-6,-14
15082,15082,1503688404325,-8,-5,-4,-2,1,-1,2,5
15083,15083,1503688404339,6,8,5,2,3,-3,-1,0
15084,15084,1503688404351,-9,3,-2,0,2,-4,-3,-20
15085,15085,1503688404352,-2,2,-6,-1,-6,-3,3,10
15086,15086,1503688404355,2,-3,-6,-2,-2,-2,1,36
15087,15087,1503688404369,-20,-31,-11,0,2,-1,-3,-12
15088,15088,1503688404376,-4,-12,-6,-5,-2,2,-2,-17
15089,15089,1503688404385,-6,-8,-12,-5,-5,-2,0,6
15090,15090,1503688404399,-10,8,6,1,-1,3,-9,-27
15091,15091,1503688404407,-11,-3,-3,-5,0,-2,-3,-10
15092,15092,1503688404415,-16,-6,-3,0,0,-5,-7,-32
15093,15093,1503688404429,-14,9,5,2,13,0,-5,-48
15094,15094,1503688404439,3,-8,-4,0,0,11,1,2
15095,15095,1503688404446,8,4,1,-1,-4,-2,-2,9
15096,15096,1503688404459,31,3,-3,-1,1,1,7,40
15097,15097,1503688404467,15,5,4,1,-5,-1,-4,26
15098,15098,1503688404474,5,-2,-9,0,-4,-6,0,24
15099,15099,1503688404490,-7,18,13,5,-2,-2,1,9
15100,15100,1503688404497,-29,-20,-10,-7,-17,-3,-8,-64
15101,15101,1503688404504,17,-2,-5,-2,-2,-1,4,26
15102,15102,1503688404519,-12,11,13,3,8,0,-1,-21
15103,15103,1503688404527,19,9,3,0,-4,-2,1,7
15104,15104,1503688404534,-2,-1,-2,1,-2,-6,3,7
15105,15105,1503688404550,-11,-13,-2,-1,-3,-6,-5,-6
15106,15106,1503688404558,0,-2,-2,-2,3,-1,-5,-3
15107,15107,1503688404564,6,13,4,-1,2,3,1,7
15108,15108,1503688404565,-6,-8,-5,-3,-12,-5,-1,-7
15109,15109,1503688404580,8,4,-2,1,-2,-1,6,47
15110,15110,1503688404587,1,-2,-1,-2,6,4,1,3
15111,15111,1503688404594,-5,-6,-1,-3,3,0,3,-15
15112,15112,1503688404609,3,-9,-6,-3,-5,-2,-1,24
15113,15113,1503688404618,0,-1,-2,-5,1,-1,-2,-9
15114,15114,1503688404625,-1,-2,2,1,-4,-8,-2,-13
15115,15115,1503688404639,14,6,-1,2,14,2,-1,-1
15116,15116,1503688404650,0,0,2,-4,1,2,0,2
15117,15117,1503688404662,-2,-5,-2,1,-1,1,-1,-4
15118,15118,1503688404669,-7,0,-2,-2,3,-4,2,-4
15119,15119,1503688404677,1,2,3,11,20,8,-1,-4
15120,15120,1503688404685,-1,-1,-2,1,-5,1,-3,-13
15121,15121,1503688404700,-12,-3,-2,-7,1,-4,-2,-3
15122,15122,1503688404707,5,6,3,1,2,1,-1,4
15123,15123,1503688404723,2,4,-3,-6,-5,4,-1,-1
15124,15124,1503688404729,-15,-2,-3,-1,-11,1,2,-9
15125,15125,1503688404738,-2,-8,-3,-1,-12,-6,-3,5
15126,15126,1503688404744,3,7,5,-1,0,4,-2,3
15127,15127,1503688404760,-2,-3,1,0,0,0,-2,-7
15128,15128,1503688404767,-2,-1,-1,-1,-6,-2,-4,5
15129,15129,1503688404787,27,-6,-3,-2,-7,0,10,43
15130,15130,1503688404790,15,27,17,4,4,1,0,2
15131,15131,1503688404801,-15,0,0,1,-5,-2,-7,-23
15132,15132,1503688404805,9,-12,-9,-3,2,-2,0,0
15133,15133,1503688404820,-7,18,9,0,-4,-3,-6,-22
15134,15134,1503688404827,-15,-8,-5,-1,3,0,-2,14
15135,15135,1503688404842,1,-1,-9,-3,-7,-2,0,0
15136,15136,1503688404850,-17,-3,-3,0,15,-3,-3,3
15137,15137,1503688404858,-5,-1,-1,0,8,3,-3,-8
15138,15138,1503688404864,3,-12,-7,-5,2,4,2,-1
15139,15139,1503688404880,-1,16,2,1,-5,-5,0,1
15140,15140,1503688404891,-7,4,-4,2,-3,2,2,-4
15141,15141,1503688404902,2,5,8,-3,-6,-3,1,3
15142,15142,1503688404909,15,10,0,0,-1,-1,2,-19
15143,15143,1503688404918,-16,-12,-3,-2,3,-2,-4,-5
15144,15144,1503688404924,-2,5,4,0,-5,-1,-1,-2
15145,15145,1503688404925,0,-5,-3,-2,-6,4,0,5
15146,15146,1503688404940,19,0,-1,2,1,1,0,24
15147,15147,1503688404948,4,-7,-6,1,-2,2,2,13
15148,15148,1503688404962,-3,-11,-4,-5,5,4,-2,-9
15149,15149,1503688404969,-14,-7,5,1,-2,4,-2,-21
15150,15150,1503688404977,7,-3,2,3,-3,-7,2,15
15151,15151,1503688404985,10,12,9,0,-4,-7,-3,0
15152,15152,1503688405000,1,9,0,-3,-5,-2,2,-9
15153,15153,1503688405007,-1,-10,-2,-1,-3,-5,-14,-8
15154,15154,1503688405026,-10,-16,-8,-3,-5,0,-2,-17
15461,15461,1503688408059,5,-1,0,0,-3,2,1,16
15462,15462,1503688408067,-2,15,-5,-1,-2,-1,2,6
15463,15463,1503688408074,1,-15,-3,0,2,-3,-8,-21
15464,15464,1503688408089,-21,-16,-7,-3,-2,-2,2,2
15465,15465,1503688408099,5,9,0,0,1,-1,5,12
15466,15466,1503688408105,1,18,9,1,-1,0,-3,12
15467,15467,1503688408119,-9,-9,-2,-1,-3,-1,1,-12
15468,15468,1503688408127,-25,1,-2,-6,1,3,4,-11
15469,15469,1503688408135,8,-23,-18,-4,0,-3,-2,9
15470,15470,1503688408149,10,-17,-9,-2,4,2,-2,-9
15471,15471,1503688408157,-9,-8,-2,-2,-3,-1,-1,-3
15472,15472,1503688408166,14,-6,-2,3,10,0,-2,1
15473,15473,1503688408179,28,-3,-1,-2,-6,-5,-1,76
15474,15474,1503688408187,3,3,-1,-4,-5,-3,-1,-19
15475,15475,1503688408194,-8,-2,-1,0,1,0,-3,15
15476,15476,1503688408209,8,-5,-2,0,-1,4,6,69
15477,15477,1503688408217,-9,6,1,-1,-4,-1,0,2
15478,15478,1503688408225,-6,-20,-5,-3,-4,-3,-3,-6
15479,15479,1503688408239,4,7,7,4,1,0,-1,-45
15480,15480,1503688408247,10,9,6,2,-1,-3,2,17
15481,15481,1503688408254,2,-4,-7,-2,0,-2,-2,11
15482,15482,1503688408269,1,1,3,-1,2,2,3,13
15483,15483,1503688408277,-13,1,-1,-2,-5,1,4,-40
15484,15484,1503688408285,28,17,3,1,2,-5,-4,-7
15485,15485,1503688408300,8,14,4,2,-1,-1,2,17
15486,15486,1503688408308,-1,7,3,1,-4,0,1,0
15487,15487,1503688408314,-10,9,-1,0,3,-1,-4,-39
15488,15488,1503688408329,-13,13,5,0,-1,-5,2,-1
15489,15489,1503688408338,2,-3,1,2,0,0,0,11
15490,15490,1503688408345,-14,-13,-7,-4,-1,1,-5,-24
15491,15491,1503688408359,1,4,1,-2,2,-3,-1,15
15492,15492,1503688408367,7,2,-2,1,-5,-3,1,-2
15493,15493,1503688408375,-2,-1,-1,-4,4,2,-1,-5
15494,15494,1503688408389,-4,-9,-4,-1,-4,-7,-5,-8
15495,15495,1503688408397,-24,-3,-1,-6,-11,-1,-7,-26
15496,15496,1503688408405,8,-2,-3,0,-3,2,5,38
15497,15497,1503688408418,5,-15,-7,-1,0,-2,-3,-14
15498,15498,1503688408427,-4,11,-2,-2,-3,-2,-4,-7
15499,15499,1503688408434,10,33,2,0,-1,-1,0,8
15500,15500,1503688408449,-4,-15,-3,0,6,2,-3,-18
15501,15501,1503688408457,-11,-13,-4,1,-2,-1,3,8
15502,15502,1503688408467,-4,5,2,-2,0,4,0,11
15503,15503,1503688408479,5,-1,0,0,-3,0,3,8
15504,15504,1503688408487,-7,-7,1,2,-2,-3,0,4
15505,15505,1503688408494,14,-1,1,-1,1,-1,-2,-15
15506,15506,1503688408510,-4,-5,-6,-5,-6,-2,-1,-14
15507,15507,1503688408517,0,12,9,4,4,0,0,17
15508,15508,1503688408525,0,-6,-3,-1,-9,-1,1,11
15509,15509,1503688408539,-2,-10,-1,-4,-2,3,0,13
15510,15510,1503688408547,7,1,-1,1,5,2,0,-9
15511,15511,1503688408554,7,-10,-6,1,0,-3,-2,2
15512,15512,1503688408572,3,-6,-1,-2,0,-3,3,28
15513,15513,1503688408577,9,2,1,1,2,-2,3,6
15514,15514,1503688408585,-4,-1,2,-1,-1,2,-1,-12
15515,15515,1503688408602,-8,-7,-3,-3,2,2,2,10
15516,15516,1503688408607,-1,5,-1,-2,2,2,0,-1
15517,15517,1503688408614,-7,-1,3,2,-1,0,-1,-17
15518,15518,1503688408629,4,24,9,1,0,-1,-1,-3
15519,15519,1503688408638,4,1,-1,0,0,-2,-10,-5
15520,15520,1503688408645,-5,-5,-3,0,1,-3,-2,-13
15521,15521,1503688408659,-12,-3,-4,-2,-5,-1,0,-4
15522,15522,1503688408668,-28,-8,-1,3,2,2,-8,-35
15523,15523,1503688408675,6,-3,0,-2,0,0,2,24
15524,15524,1503688408690,0,-3,0,-1,0,-2,-2,-7
15525,15525,1503688408697,-3,1,1,0,-2,-1,0,-9
15526,15526,1503688408712,-1,-8,-4,-5,-3,2,0,8
15527,15527,1503688408719,3,4,0,-2,2,1,2,2
15528,15528,1503688408727,4,-7,-3,-1,3,-2,-2,4
15529,15529,1503688408736,-11,-2,-2,0,0,-3,2,4
15530,15530,1503688408749,6,4,-1,-3,-4,0,-1,-38
15531,15531,1503688408757,-8,1,-3,1,-4,-1,-4,-38
15532,15532,1503688408765,7,3,-3,1,0,-2,0,8
15533,15533,1503688408779,2,-1,-3,-3,-4,2,3,1
15534,15534,1503688408787,-5,-4,0,2,1,1,-4,0
15535,15535,1503688408795,0,-5,1,1,0,-3,-1,23
15536,15536,1503688408811,0,2,2,2,-2,-2,2,8
15537,15537,1503688408817,4,-1,2,-1,-5,-1,-12,-2
15538,15538,1503688408825,-8,6,9,1,-2,-2,2,20
15539,15539,1503688408839,-6,-1,-1,-1,-5,0,0,-5
15540,15540,1503688408847,-2,-5,-4,-4,-3,-1,-3,-25
15541,15541,1503688408854,1,-2,0,-1,2,-2,-1,-19
15542,15542,1503688408870,0,0,0,-3,-4,-3,0,-12
15543,15543,1503688408871,6,-1,-2,0,1,2,-2,-1
15544,15544,1503688408878,-6,-1,0,0,1,1,1,-13
15545,15545,1503688408885,3,-4,-4,-2,-3,2,0,6
15546,15546,1503688408899,-3,-1,-2,0,1,-1,0,5
15547,15547,1503688408907,-1,-5,-3,0,1,-5,-3,5
15548,15548,1503688408921,8,-1,0,-2,0,0,2,4
15549,15549,1503688408929,3,-13,-5,-4,-1,0,2,4
15550,15550,1503688408939,-1,-4,-2,-4,-7,-3,-4,3
15551,15551,1503688408952,-2,0,1,2,-5,-3,1,4
15552,15552,1503688408959,-10,1,-2,-1,-2,2,3,-5
15553,15553,1503688408967,0,-3,-3,-2,1,-4,-4,18
15554,15554,1503688408981,-17,-5,-2,0,2,-3,-1,-12
15555,15555,1503688408989,-1,4,0,-1,-1,-2,1,4
15556,15556,1503688408997,15,19,9,0,3,0,0,7
15557,15557,1503688409012,5,1,1,-1,-1,-1,-1,-17
15558,15558,1503688409018,-3,-8,-8,-4,0,-1,2,0
15559,15559,1503688409027,0,6,-1,-2,-1,-2,1,-9
15560,15560,1503688409041,2,-14,-2,-1,-7,1,-2,2
15561,15561,1503688409049,-6,-9,-4,2,0,1,-3,6
15562,15562,1503688409057,6,-3,-3,1,-2,-1,0,0
15563,15563,1503688409072,17,3,2,-1,-1,-2,-1,8
15564,15564,1503688409079,-1,1,-1,-1,2,0,1,4
15565,15565,1503688409086,2,-1,-6,-1,-5,-4,-2,-7
15566,15566,1503688409087,-3,1,2,0,2,-1,-3,-13
15567,15567,1503688409104,8,3,1,1,-2,-3,-4,6
15568,15568,1503688409109,-3,-1,-2,-2,-1,-1,2,5
15584,15584,1503688409267,-1,2,0,3,-6,-2,0,-1
15585,15585,1503688409281,-5,-4,-1,0,2,-3,-10,-5
15586,15586,1503688409289,-2,0,-1,-3,1,-4,-4,-14
15587,15587,1503688409297,-5,-2,-1,-1,-4,-5,5,25
15588,15588,1503688409312,-7,-22,-7,-2,-3,1,0,-7
15589,15589,1503688409319,-5,-1,2,-2,-9,-1,0,-7
15590,15590,1503688409327,3,3,1,1,0,2,1,6
15591,15591,1503688409341,3,13,4,2,4,1,-2,-14
15592,15592,1503688409349,10,3,0,-2,-4,0,3,4
15593,15593,1503688409357,5,-6,-5,-1,1,-2,1,-1
15594,15594,1503688409372,3,10,0,0,2,-1,-2,1
15595,15595,1503688409379,4,-6,-2,0,-2,0,2,6
15596,15596,1503688409387,-1,0,-1,-3,-6,0,0,-8
15597,15597,1503688409401,-5,-2,0,0,0,-2,0,-18
15598,15598,1503688409409,-3,-3,-4,-1,-2,0,2,8
15599,15599,1503688409410,3,-3,-1,-2,-6,-2,-3,4
15600,15600,1503688409417,2,2,2,-1,-2,-2,-1,-16
15601,15601,1503688409432,-3,10,4,3,2,-1,0,-1
15602,15602,1503688409440,-4,-2,-4,-1,10,2,0,2
15603,15603,1503688409450,0,-5,0,1,2,-1,-4,-5
15604,15604,1503688409461,-8,3,-1,-1,0,0,1,4
15605,15605,1503688409469,-4,-1,3,3,1,-2,2,-3
15606,15606,1503688409477,-6,-7,-4,-2,-5,-1,-4,2
15607,15607,1503688409492,2,-3,-4,0,1,-2,1,3
15608,15608,1503688409498,8,8,2,-1,-2,1,-1,39
15609,15609,1503688409507,1,-5,-2,-2,-1,1,-3,5
15610,15610,1503688409521,10,-11,-8,-2,-5,-5,-1,13
15611,15611,1503688409529,-10,-7,2,-2,0,0,3,11
15612,15612,1503688409541,-2,-2,-1,-1,-1,2,-1,-26
15613,15613,1503688409552,-3,1,-2,-5,-2,-3,-6,-7
15614,15614,1503688409558,-8,1,2,0,12,0,-5,-11
15615,15615,1503688409567,5,23,9,4,1,0,3,-10
15616,15616,1503688409582,8,-12,-5,-3,-2,1,1,-3
15617,15617,1503688409589,3,-13,-7,-3,-7,1,0,4
15618,15618,1503688409597,-1,6,5,2,-2,0,2,0
15619,15619,1503688409612,-4,0,-3,-2,-5,-4,-3,-3
15620,15620,1503688409626,2,6,4,3,-2,-1,2,11
15621,15621,1503688409628,2,-15,-5,-7,0,-2,-1,-29
15622,15622,1503688409641,0,1,-2,-3,-3,-2,-3,-13
15623,15623,1503688409649,-6,8,4,1,5,2,-1,-12
15624,15624,1503688409657,-6,-5,-3,-2,-6,-2,-3,-8
15625,15625,1503688409674,-9,-11,2,2,1,1,-4,2
15626,15626,1503688409679,-10,-1,1,3,-2,-2,3,5
15627,15627,1503688409687,1,-5,-3,1,2,-1,0,8
15628,15628,1503688409701,4,3,2,-4,4,1,1,-2
15629,15629,1503688409709,-4,2,-3,0,5,6,3,2
15630,15630,1503688409717,-2,9,-1,-2,-6,-4,-14,-10
15631,15631,1503688409732,6,17,3,0,-1,-4,1,7
15632,15632,1503688409741,-1,-7,-4,0,6,0,3,17
15633,15633,1503688409748,4,-6,-1,3,-5,-5,2,3
15634,15634,1503688409761,1,-9,-3,1,-8,-3,4,11
15635,15635,1503688409769,16,28,6,-2,-7,2,8,45
15636,15636,1503688409777,0,9,2,1,0,0,2,-1
15637,15637,1503688409792,-6,16,6,-1,4,1,-4,-22
15638,15638,1503688409799,1,-1,0,3,0,1,-1,-6
15639,15639,1503688409807,-1,-14,-6,-5,-8,-2,-4,-3
15640,15640,1503688409821,-8,-2,1,2,1,1,-2,-10
15641,15641,1503688409829,-8,1,-5,-2,-3,-2,-4,-17
15642,15642,1503688409844,1,-1,-1,-2,-7,-2,0,-1
15643,15643,1503688409852,-6,-14,-3,2,4,2,-2,2
15644,15644,1503688409858,5,1,-2,-3,2,-4,-5,6
15645,15645,1503688409875,3,-32,-14,-6,1,-4,-5,3
15646,15646,1503688409883,2,3,3,2,4,-1,-5,-10
15647,15647,1503688409889,-5,-3,-1,0,-4,-3,0,8
15648,15648,1503688409903,-9,1,0,-2,-12,-2,-1,11
15649,15649,1503688409913,0,-11,-7,-2,2,3,-2,-6
15650,15650,1503688409927,1,1,0,-4,2,-1,4,-8
15651,15651,1503688409934,14,7,6,4,1,-3,1,25
15652,15652,1503688409943,-3,-4,-5,0,-1,4,2,-2
15653,15653,1503688409950,-4,4,3,2,0,1,1,-34
15654,15654,1503688409974,1,4,-4,-7,-6,-1,-5,4
15655,15655,1503688409987,-4,-2,1,-2,-2,-2,-2,-1
15656,15656,1503688409994,-7,-9,-1,-3,3,2,1,-2
15657,15657,1503688410010,4,-10,-7,-1,-2,-3,0,-1
15658,15658,1503688410011,0,1,0,0,-12,-1,5,2
15659,15659,1503688410025,1,-8,-6,-5,-3,-2,-1,-5
15660,15660,1503688410031,-3,2,1,0,2,-2,0,-1
15661,15661,1503688410047,5,-1,-4,-2,0,-1,-2,-1
15662,15662,1503688410054,-2,7,0,0,4,-1,-3,-1
15663,15663,1503688410062,-2,-14,-1,-2,1,2,-1,-1
15664,15664,1503688410069,-1,11,6,1,1,-2,-3,-3
15665,15665,1503688410085,0,18,6,1,2,1,-2,5
15666,15666,1503688410091,0,-5,-5,-3,-2,-4,-3,-4
15667,15667,1503688410110,-7,2,4,2,2,-1,2,-8
15668,15668,1503688410115,0,19,6,0,-1,1,0,-3
15669,15669,1503688410122,-7,-2,-3,-1,-2,-1,-2,-11
15670,15670,1503688410129,0,13,0,1,2,1,0,-3
15671,15671,1503688410145,0,10,5,-1,0,-1,0,4
15672,15672,1503688410152,1,-9,-2,-1,-2,-3,0,0
15673,15673,1503688410167,4,8,1,2,2,0,-2,0
15674,15674,1503688410176,-1,-11,3,1,-3,2,-1,-5
15675,15675,1503688410182,1,-6,-3,0,-5,-3,1,-1
15676,15676,1503688410189,-2,-7,-4,-4,5,2,2,4
15677,15677,1503688410205,-1,4,-1,0,1,0,-4,-6
15678,15678,1503688410213,-1,-7,-5,-3,-4,-3,0,12
15679,15679,1503688410233,-4,-7,-2,-1,-4,-1,0,-1
15680,15680,1503688410235,0,-1,1,-2,-2,3,3,-6
15681,15681,1503688410243,3,2,-1,-3,-3,-1,-1,-7
15682,15682,1503688410250,-4,-1,-2,-1,1,-3,-2,-7
15683,15683,1503688410265,1,-6,-4,-6,-3,1,-2,4
15684,15684,1503688410272,-5,-6,1,4,7,-1,0,-6
15685,15685,1503688410287,0,-3,-3,-5,1,1,2,-2
15686,15686,1503688410294,0,0,-2,2,4,-1,-2,-6
15687,15687,1503688410302,-3,-1,2,10,3,-2,1,4
15688,15688,1503688410310,-1,-1,1,-1,-1,0,-1,2
15689,15689,1503688410326,10,1,-1,-3,-2,-2,2,12
15690,15690,1503688410332,1,-3,-5,-1,-6,-3,-1,-2
15691,15691,1503688410348,-1,6,1,-4,-4,0,-2,-6
15692,15692,1503688410354,-1,6,6,-7,7,-2,-4,-6
15693,15693,1503688410362,-7,-9,-3,5,8,2,-2,-1
15694,15694,1503688410370,-2,0,-1,-3,0,-1,0,-1
15695,15695,1503688410388,-1,-2,-2,-4,-9,-7,-6,-2
15696,15696,1503688410393,-2,-9,-5,2,1,-2,-1,6
15697,15697,1503688410410,-2,10,0,-2,-3,2,1,3
15698,15698,1503688410415,3,-3,0,3,-5,-1,-4,0
15699,15699,1503688410423,-10,-12,0,-3,-2,-1,-10,-6
15700,15700,1503688410429,-3,10,12,-1,-6,5,1,0
15701,15701,1503688410446,13,67,26,5,-2,0,4,2
15702,15702,1503688410453,2,-1,-10,-1,4,-2,-3,-2
15703,15703,1503688410468,-1,-24,-6,-4,-2,-2,0,-4
15704,15704,1503688410479,4,-5,-7,-9,-8,-1,1,1
15705,15705,1503688410483,-1,-6,-4,4,4,0,2,6
15706,15706,1503688410489,-7,0,-4,7,2,-3,-3,-7
15707,15707,1503688410505,6,-8,3,-1,-7,-2,-2,2
15708,15708,1503688410512,-13,-1,4,-2,-8,-2,-4,-4
15709,15709,1503688410527,-8,-10,-5,-3,3,-1,2,-1
15710,15710,1503688410534,-2,-10,-4,-2,-6,3,6,1
15711,15711,1503688410545,-3,-9,-7,-8,1,0,-1,-3
15712,15712,1503688410550,6,-7,-3,4,0,-3,3,2
15713,15713,1503688410565,4,-4,-5,3,3,2,0,4
15714,15714,1503688410572,-5,4,0,0,11,-2,-2,1
15715,15715,1503688410588,-1,0,6,-4,0,-1,-2,-2
15716,15716,1503688410594,9,-7,0,0,-1,0,-1,4
15717,15717,1503688410602,2,9,0,1,3,-1,0,2
15718,15718,1503688410612,-12,10,2,-2,0,-2,-2,-5
15719,15719,1503688410625,5,-5,-3,5,2,0,0,2
15720,15720,1503688410631,6,1,-9,1,1,0,-3,2
15721,15721,1503688410648,-9,-11,-6,-1,3,0,4,-8
15722,15722,1503688410654,-9,-20,-8,-4,-11,-6,-4,-8
15723,15723,1503688410670,-2,-5,2,-1,-3,-2,-2,0
15724,15724,1503688410678,7,19,19,2,10,-2,-3,5
15725,15725,1503688410685,4,41,31,6,-6,1,1,-4
15726,15726,1503688410691,-2,9,1,0,-4,2,-2,-1
15727,15727,1503688410707,-10,-10,-7,-3,1,-1,0,-3
15728,15728,1503688410717,-5,1,2,-2,1,5,0,-13
15729,15729,1503688410722,6,-10,-9,11,-1,0,-3,10
15730,15730,1503688410729,-6,-3,-3,-7,-1,-4,1,-8
15731,15731,1503688410751,-9,-5,-6,-5,3,-2,3,1
15732,15732,1503688410752,5,15,9,1,0,-1,-5,-1
15733,15733,1503688410767,6,16,7,-1,0,1,-4,-3
15734,15734,1503688410774,-1,1,-5,-2,-8,-3,-1,2
15735,15735,1503688410785,1,5,6,1,0,-3,-5,0
15736,15736,1503688410786,-2,-14,-10,-11,-6,1,-1,-2
15737,15737,1503688410797,4,-5,-1,0,-1,1,1,7
15738,15738,1503688410805,-15,-12,-10,-5,-3,2,1,0
15739,15739,1503688410813,0,-8,-1,-2,-2,-3,0,7
15740,15740,1503688410827,0,-14,-3,-3,6,-5,-2,-3
15741,15741,1503688410834,-5,-9,-5,0,0,-2,1,0
15742,15742,1503688410842,12,17,16,2,-1,-3,-3,-6
15743,15743,1503688410857,-1,0,-11,1,0,-1,0,13
15744,15744,1503688410864,-1,0,8,-2,-6,3,-4,5
15745,15745,1503688410865,-2,4,-3,-4,-3,2,3,2
15746,15746,1503688410872,-2,-6,-3,-5,-4,-2,-4,-6
15747,15747,1503688410888,6,-4,-10,-7,-3,-2,-1,2
15748,15748,1503688410894,-1,-2,1,9,-2,0,0,-11
15749,15749,1503688410902,6,-8,-1,3,-7,3,0,-2
15750,15750,1503688410917,4,-6,-3,-7,-1,-3,-3,0
15751,15751,1503688410925,23,-4,-9,-3,-4,-4,5,28
15752,15752,1503688410931,-1,-1,2,-1,3,2,3,15
15753,15753,1503688410932,-3,-1,8,1,-6,2,-4,-1
15754,15754,1503688410949,-17,-14,-10,0,1,-1,-5,-13
15755,15755,1503688410955,4,12,7,1,0,0,1,1
15756,15756,1503688410962,-8,-4,0,-4,-7,-4,-2,-10
15757,15757,1503688410977,-15,-8,-10,4,1,0,2,11
15758,15758,1503688410985,2,8,8,-4,-2,2,1,-2
15759,15759,1503688410992,1,-8,-6,-8,-12,-1,3,-2
15760,15760,1503688411006,-11,-8,-5,-2,-3,-5,-12,-6
15761,15761,1503688411015,8,-2,0,-1,1,-4,-1,5
15762,15762,1503688411023,-5,-2,-2,-1,-3,0,-3,-11
15763,15763,1503688411036,3,-18,-1,-1,-3,-2,1,1
15764,15764,1503688411037,7,32,8,0,2,-4,-2,-2
15765,15765,1503688411048,-10,-5,-9,0,3,0,4,1
15766,15766,1503688411052,2,-11,-4,-1,2,-2,-1,-4
15767,15767,1503688411066,-3,8,1,-3,4,-3,2,-5
15768,15768,1503688411074,1,-5,-3,-2,-3,3,1,-1
15769,15769,1503688411082,3,-3,-2,-1,-6,-5,-4,0
15770,15770,1503688411097,1,-6,0,-5,-8,-3,2,-1
15771,15771,1503688411105,-1,-1,3,0,-2,-2,2,2
15772,15772,1503688411114,-7,1,0,5,8,0,-2,-6
15773,15773,1503688411127,0,4,-2,0,1,1,-3,0
15774,15774,1503688411134,-4,-13,-4,0,5,3,0,-3
15775,15775,1503688411142,-7,-11,-5,1,4,1,0,-9
15776,15776,1503688411157,-6,-7,-3,-5,-6,0,-2,14
15777,15777,1503688411165,-2,0,-2,0,-5,-2,-6,-10
15778,15778,1503688411171,4,3,0,-5,0,3,3,8
15779,15779,1503688411172,6,12,9,2,2,-2,0,-1
15780,15780,1503688411187,-3,-2,-1,0,5,0,7,8
15781,15781,1503688411194,9,6,0,-3,14,2,-1,-6
15782,15782,1503688411202,-2,5,-1,0,-2,-3,-1,-14
15783,15783,1503688411217,-15,-14,-3,0,-1,-1,0,0
15784,15784,1503688411225,2,-1,-3,0,2,1,-5,0
15785,15785,1503688411231,-3,6,2,0,-3,-1,-2,-9
15786,15786,1503688411249,5,-4,0,3,-2,-1,3,4
15787,15787,1503688411254,2,-10,-1,-3,-7,0,-3,5
15788,15788,1503688411269,5,12,0,2,0,-1,0,-7
15789,15789,1503688411270,-2,-3,1,-2,3,1,1,16
15790,15790,1503688411276,-15,-2,-3,0,-2,-2,-3,-24
15791,15791,1503688411285,5,1,1,1,-3,-4,-6,-11
15792,15792,1503688411291,-13,1,-1,-2,0,4,-2,2
15793,15793,1503688411292,9,7,6,1,0,-3,3,-5
15794,15794,1503688411307,-8,-5,-5,-1,-9,4,3,0
15795,15795,1503688411315,3,-5,-12,-6,-3,0,-1,5
15796,15796,1503688411324,-6,-15,-5,-5,-1,-3,-2,-2
15797,15797,1503688411337,0,13,7,0,2,2,4,9
15798,15798,1503688411345,1,3,2,0,1,2,-1,-4
15799,15799,1503688411352,-6,-8,-7,-2,0,-5,-2,2
15800,15800,1503688411367,-3,5,5,2,-5,-2,-1,1
15801,15801,1503688411374,9,3,0,3,-2,-1,3,36
15802,15802,1503688411384,8,-1,-3,-5,3,0,2,-6
15803,15803,1503688411397,-7,-10,-7,-2,-6,1,-4,-20
15804,15804,1503688411405,8,18,25,10,3,-2,2,23
15805,15805,1503688411411,3,-1,1,-3,0,2,-2,-1
15806,15806,1503688411428,1,-1,-5,0,2,5,-1,-10
15807,15807,1503688411434,1,-5,-2,0,2,-3,-1,1
15808,15808,1503688411442,-5,-5,-7,-6,-4,-5,-2,-2
15809,15809,1503688411457,1,4,0,4,6,-1,-3,-1
15810,15810,1503688411465,-5,-1,-4,-1,1,-2,-3,-3
15811,15811,1503688411472,1,2,0,-2,-6,-3,1,-5
15812,15812,1503688411488,-3,-6,-2,-1,-2,0,0,1
15813,15813,1503688411494,2,18,7,1,1,3,2,-3
15814,15814,1503688411502,-3,-36,-18,-6,-2,3,0,-3
15815,15815,1503688411520,-11,-31,-10,-4,-3,-2,-2,-5
15816,15816,1503688411526,14,16,13,3,0,0,-2,-1
15817,15817,1503688411532,12,3,-9,-2,-2,1,1,6
15818,15818,1503688411551,-5,43,26,4,0,-2,-3,-4
15819,15819,1503688411552,-14,-21,-13,-3,2,-3,-1,1
15820,15820,1503688411554,3,-6,-4,-4,0,-5,-2,-3
15821,15821,1503688411562,1,15,4,2,5,5,-4,0
15822,15822,1503688411577,3,-2,6,11,11,-1,-2,5
15823,15823,1503688411585,-1,4,0,-4,-6,2,-1,1
15824,15824,1503688411592,-6,2,-5,-4,-8,-5,-6,-5
15825,15825,1503688411607,2,4,2,4,0,-1,-1,-6
15826,15826,1503688411616,-4,5,4,-5,5,-5,-1,-3
15827,15827,1503688411622,5,2,-1,-1,-7,-2,1,3
15828,15828,1503688411637,-7,0,3,-2,-9,0,2,4
15829,15829,1503688411645,4,6,4,5,11,4,-2,-2
15830,15830,1503688411652,1,-1,1,9,2,8,-4,-1
15831,15831,1503688411667,5,8,1,0,-3,-6,-3,3
15832,15832,1503688411674,-7,-5,-5,-9,-14,-2,0,-18
15833,15833,1503688411684,-2,-3,2,2,2,-3,0,-4
15834,15834,1503688411697,3,-12,-6,-4,-1,-1,0,10
15835,15835,1503688411705,13,15,0,-5,-3,-3,0,3
15836,15836,1503688411719,7,-9,-6,2,2,3,0,1
15837,15837,1503688411727,-16,-12,-3,1,-3,0,-3,-21
15838,15838,1503688411734,4,-7,9,0,1,1,2,0
15839,15839,1503688411750,-16,-35,-20,-8,-1,-5,-1,1
15840,15840,1503688411757,-10,21,22,2,-3,-2,-3,-12
15841,15841,1503688411766,-2,4,8,2,0,-2,-2,3
15842,15842,1503688411779,8,12,-2,-1,13,3,-1,5
15843,15843,1503688411787,-1,4,-6,-3,-5,2,0,4
15844,15844,1503688411794,-1,4,4,5,1,0,-3,-6
15845,15845,1503688411809,0,-23,-11,-6,1,-1,1,2
15846,15846,1503688411824,-5,-13,2,-1,-2,-2,0,0
15847,15847,1503688411825,-6,4,1,0,-2,-3,0,0
15848,15848,1503688411839,-12,-2,2,-4,-2,-2,2,-3
15849,15849,1503688411847,-15,-2,3,-2,1,-6,-2,-6
15850,15850,1503688411855,12,5,-5,0,2,-1,2,8
15851,15851,1503688411869,7,11,1,-2,-3,2,0,7
15852,15852,1503688411876,-8,1,-3,0,-6,4,-2,1
15853,15853,1503688411885,-2,3,11,3,-1,-3,-6,-1
15854,15854,1503688411899,-2,-2,-7,0,1,-2,-3,-16
15855,15855,1503688411907,3,-5,0,-1,-1,6,6,2
15856,15856,1503688411914,-16,3,-3,-4,5,-4,-4,-4
15857,15857,1503688411929,-9,9,5,6,3,-1,3,0
15858,15858,1503688411937,2,-1,2,-1,3,-2,0,2
15859,15859,1503688411945,4,6,0,-2,-1,0,1,-4
15860,15860,1503688411960,-2,4,-4,-4,-4,-1,-4,-5
15861,15861,1503688411967,7,-6,-5,-4,-4,-4,-4,0
15862,15862,1503688411974,6,12,-4,-2,-5,2,-1,4
15863,15863,1503688411994,4,10,2,1,0,-4,-2,-4
15864,15864,1503688411997,-6,-12,-7,0,-5,-5,-1,-2
15865,15865,1503688412004,5,7,0,-2,-15,-1,2,-2
15866,15866,1503688412020,4,14,5,2,-4,1,1,-2
15867,15867,1503688412027,5,-1,3,2,6,1,0,5
15868,15868,1503688412034,0,-9,-5,-3,-3,0,-1,7
15869,15869,1503688412051,11,28,14,4,2,-2,2,16
15870,15870,1503688412057,-3,-24,1,0,2,0,-1,-2
15871,15871,1503688412065,-4,-7,-6,-5,-4,1,-4,-3
15872,15872,1503688412079,5,1,-1,0,1,-1,1,1
15873,15873,1503688412087,-10,-7,-5,-4,0,-3,-4,-4
15874,15874,1503688412094,7,-6,-9,-2,-14,3,-3,0
15875,15875,1503688412109,6,-1,-2,1,3,1,0,-4
15876,15876,1503688412119,16,7,3,2,8,-1,-1,0
15877,15877,1503688412125,-26,-4,0,0,4,4,0,-20
15878,15878,1503688412139,-10,1,1,-2,2,-5,2,4
15879,15879,1503688412148,-18,-12,-5,0,-1,-2,-5,-15
15880,15880,1503688412154,-5,-3,1,-1,-2,-1,1,21
15881,15881,1503688412169,11,-9,-10,-2,2,-1,-2,12
15882,15882,1503688412178,-18,-11,4,2,13,1,-1,-19
15883,15883,1503688412187,-4,8,14,1,-4,-2,1,3
15884,15884,1503688412199,6,-3,-2,-2,3,4,-1,1
15885,15885,1503688412207,-6,-3,-5,-3,9,2,3,-5
15886,15886,1503688412214,10,8,1,0,-7,-1,-12,4
15887,15887,1503688412229,14,2,-2,-1,-10,-5,4,17
15888,15888,1503688412237,1,13,1,2,-3,-1,2,-9
15889,15889,1503688412244,2,0,-4,-1,3,-4,-1,1
15890,15890,1503688412260,8,-2,-4,-4,-4,-3,1,11
15891,15891,1503688412267,-1,-4,-1,1,0,-1,0,-8
15892,15892,1503688412274,-7,0,-1,-2,-2,-2,-1,-8
15893,15893,1503688412289,-5,-1,5,2,-2,3,-1,-1
15894,15894,1503688412297,-6,-3,-2,0,-16,-1,0,-6
15895,15895,1503688412304,-3,1,5,1,2,-3,-3,-5
15896,15896,1503688412305,4,-6,-6,-6,-2,3,0,10
15897,15897,1503688412325,2,4,2,0,-2,-2,0,-6
15898,15898,1503688412327,-1,3,2,3,-1,2,-2,-21
15899,15899,1503688412334,-2,-6,-4,-4,6,5,2,9
15900,15900,1503688412349,4,10,5,1,1,-1,0,-20
15901,15901,1503688412357,-7,0,-2,4,-5,-3,-1,-11
15902,15902,1503688412364,5,-1,1,1,-1,2,0,3
15903,15903,1503688412365,-6,-6,-1,-3,-2,-4,1,-1
15904,15904,1503688412379,-2,1,0,-3,-6,-2,-1,3
15905,15905,1503688412388,0,-5,-6,-1,-1,0,-3,-3
15906,15906,1503688412394,-8,-5,-4,0,7,-5,-2,-10
15907,15907,1503688412409,1,1,-3,-2,-3,0,-2,-2
15908,15908,1503688412417,-5,-2,-5,-3,-9,-4,2,-6
15909,15909,1503688412419,7,-3,0,0,5,3,1,-4
15910,15910,1503688412425,-6,-25,-18,-4,-1,-2,-3,7
15911,15911,1503688412439,4,2,3,1,1,3,2,16
15912,15912,1503688412447,0,-3,-1,1,16,4,-4,-6
15913,15913,1503688412454,-13,-2,-2,-4,-3,-2,-3,-4
15914,15914,1503688412469,-8,1,2,1,-3,-5,0,-4
15915,15915,1503688412477,7,13,7,0,1,0,-1,10
15916,15916,1503688412489,10,7,-2,0,-4,-1,0,27
15917,15917,1503688412499,-11,-4,-2,-1,-1,-1,-1,-11
15918,15918,1503688412507,5,3,2,-2,-2,2,-1,10
15919,15919,1503688412514,8,-11,-4,-4,-3,0,-4,2
15920,15920,1503688412531,-1,7,6,-1,-2,0,0,-5
15921,15921,1503688412536,-3,-3,-1,-3,-5,-7,-1,-6
15922,15922,1503688412556,1,0,5,-3,-4,-1,0,0
15923,15923,1503688412559,-2,2,-2,-1,6,-1,2,-4
15924,15924,1503688412567,1,2,0,0,-4,-4,-3,1
15925,15925,1503688412574,5,6,4,3,4,2,-3,-18
15926,15926,1503688412589,-8,-7,-4,-1,-4,-2,-1,-11
15927,15927,1503688412597,-11,-4,0,-2,-3,1,-3,-23
15928,15928,1503688412604,-3,8,2,2,-7,-1,0,-3
15929,15929,1503688412621,-8,15,11,3,-1,-2,0,-4
15930,15930,1503688412627,-6,-1,-3,1,-2,-2,-1,25
15931,15931,1503688412641,1,-7,-6,-4,1,-2,2,11
15932,15932,1503688412649,6,-1,-1,1,3,1,0,-9
15933,15933,1503688412657,6,-9,-4,-3,-3,1,-2,11
15934,15934,1503688412671,1,-5,-3,0,1,2,-2,-8
15935,15935,1503688412679,-2,-5,-3,-1,0,-1,-3,-1
15936,15936,1503688412688,2,1,0,0,-1,-3,-6,-3
15937,15937,1503688412701,4,0,-4,-3,0,-2,0,5
15938,15938,1503688412709,5,-1,1,-5,-6,-2,-2,2
15939,15939,1503688412717,-2,9,6,-1,-4,0,-2,1
15940,15940,1503688412733,-2,-4,-1,-1,-3,0,3,-2
15941,15941,1503688412739,-2,21,1,2,-3,-1,2,4
15942,15942,1503688412747,-1,-3,-2,-1,-5,0,0,0
15943,15943,1503688412761,-4,-14,-5,1,-3,-2,-2,-3
15944,15944,1503688412769,-8,-2,-1,0,2,-2,-2,-21
15945,15945,1503688412776,1,1,1,-1,-6,-1,-4,-6
15946,15946,1503688412793,1,-5,0,0,-7,0,2,-2
15947,15947,1503688412801,5,-4,-1,2,-3,-4,0,4
15948,15948,1503688412808,-2,3,-2,0,3,2,3,2
15949,15949,1503688412824,-3,-6,-3,-1,2,1,3,6
15950,15950,1503688412829,-1,6,2,-1,4,0,-3,1
15951,15951,1503688412837,-3,-7,-3,-1,1,1,-4,-6
15952,15952,1503688412852,1,-1,1,-3,-2,-1,3,16
15953,15953,1503688412861,-7,-1,-1,1,2,-1,-1,-2
15954,15954,1503688412867,-3,6,1,2,2,0,-3,-3
15955,15955,1503688412881,5,-5,-4,0,-3,-3,0,5
15956,15956,1503688412890,3,-15,-5,0,-2,-5,0,-5
15957,15957,1503688412898,-6,11,3,1,0,1,1,-3
15958,15958,1503688412912,-6,-1,-3,-3,-1,-2,0,-8
15959,15959,1503688412919,6,-3,0,-2,1,-4,0,9
15960,15960,1503688412927,-2,4,2,-1,-1,2,-2,-3
15961,15961,1503688412928,2,-3,-4,-3,0,0,-1,2
15962,15962,1503688412941,6,-2,-1,-1,-8,1,-2,-2
15963,15963,1503688412949,3,2,-1,1,-2,-5,-1,-2
15964,15964,1503688412957,-2,-6,0,1,5,2,0,-6
15965,15965,1503688412971,-1,2,2,-2,-1,0,-1,4
15966,15966,1503688412979,0,-4,-3,-2,-5,-2,-4,-1
15967,15967,1503688412995,-5,-1,-2,-3,-4,-3,-11,-2
15968,15968,1503688413001,0,-3,1,-3,5,3,-4,-3
15969,15969,1503688413009,-1,4,3,1,3,0,-2,-11
15970,15970,1503688413018,-3,-3,-1,-2,1,-2,0,8
15971,15971,1503688413032,-1,0,0,2,0,-1,2,1
15972,15972,1503688413039,2,2,2,0,-3,1,1,-2
15973,15973,1503688413047,10,3,2,0,0,-1,2,6
15974,15974,1503688413063,8,0,-2,-1,-3,-4,-3,-4
15975,15975,1503688413069,-4,0,-2,-1,1,1,1,1
15976,15976,1503688413077,-11,-3,-1,0,2,0,2,-5
15977,15977,1503688413092,1,-5,-1,-3,-1,1,0,2
15978,15978,1503688413100,1,-1,-2,-4,-4,-1,0,5
15979,15979,1503688413107,-2,-2,-3,0,-1,1,0,0
15980,15980,1503688413121,-2,4,1,2,1,0,1,-11
15981,15981,1503688413129,-7,-3,-2,-1,4,-6,-3,-2
15982,15982,1503688413137,-2,-2,0,0,-1,1,4,-1
15983,15983,1503688413152,3,13,5,-3,-3,1,-2,0
15984,15984,1503688413160,-4,-5,-4,0,1,0,-5,3
15985,15985,1503688413167,9,-5,-4,-1,-4,-2,-2,-8
15986,15986,1503688413181,2,-1,-2,-1,-2,-2,-2,1
15987,15987,1503688413191,-3,-1,-1,-1,1,0,-2,-6
15988,15988,1503688413198,-6,-5,-3,-3,0,1,-1,-1
15989,15989,1503688413211,3,2,-1,0,3,0,-2,1
15990,15990,1503688413219,0,-4,-1,0,-6,-1,1,0
15991,15991,1503688413228,-8,-13,-3,-2,-2,-1,2,2
15992,15992,1503688413241,-1,3,0,0,0,-3,-3,-2
15993,15993,1503688413249,-9,-1,1,1,1,0,0,-3
15994,15994,1503688413259,-3,5,2,-1,-6,1,-2,-5
15995,15995,1503688413272,5,-2,-4,-1,-3,-1,0,6
15996,15996,1503688413286,0,-13,-4,-1,-7,0,-2,1
15997,15997,1503688413288,-1,-2,-2,-3,-2,0,-2,-4
15998,15998,1503688413301,3,-2,-3,0,11,2,1,10
15999,15999,1503688413309,-1,2,1,0,-2,1,1,2
16000,16000,1503688413316,-3,-1,2,0,0,-1,-2,-7
16001,16001,1503688413332,-1,4,2,1,1,-1,-1,-7
16002,16002,1503688413339,-1,-1,-1,-3,1,1,-2,0
16003,16003,1503688413349,-14,-3,-1,3,2,-2,-2,-5
16004,16004,1503688413361,-1,-3,-3,-1,-5,-4,-1,1
16005,16005,1503688413369,-4,-7,-2,-3,-3,-1,1,1
16006,16006,1503688413376,1,2,-2,2,-2,-2,-7,-1
16007,16007,1503688413392,6,13,8,1,-1,-1,2,0
16008,16008,1503688413399,-1,4,1,-2,-1,0,2,0
16009,16009,1503688413407,1,-4,-3,-3,-1,-1,-2,4
16010,16010,1503688413421,2,8,3,2,4,-3,-2,-3
16011,16011,1503688413430,1,-3,-4,1,1,-1,0,0
16012,16012,1503688413436,2,2,1,-5,2,1,0,-1
16013,16013,1503688413452,1,-2,0,-1,1,1,0,0
16014,16014,1503688413459,0,-4,-1,5,1,-1,2,-1
16015,16015,1503688413467,2,-2,-4,-1,-6,-1,-8,-1
16016,16016,1503688413481,5,2,4,0,0,3,-1,-1
16017,16017,1503688413489,0,0,1,-2,1,-6,-10,-1
16018,16018,1503688413497,3,1,-2,-4,-2,-1,-1,1
16019,16019,1503688413511,1,-9,-5,-3,-1,1,-1,-7
16020,16020,1503688413519,-8,-2,0,-2,-5,0,-1,-3
16021,16021,1503688413527,-3,-1,1,1,2,1,4,4
16022,16022,1503688413542,-4,-2,-1,-3,0,-2,4,-6
16023,16023,1503688413549,-1,-7,-3,-1,-3,1,-1,4
16024,16024,1503688413563,-2,-10,-1,-1,0,-2,3,0
16025,16025,1503688413564,3,11,1,0,0,1,4,2
16026,16026,1503688413572,4,2,-2,-2,-1,-2,5,-2
16027,16027,1503688413579,-7,-6,-7,-4,-3,-1,-3,-4
16028,16028,1503688413594,3,2,1,-3,-1,-2,0,0
16029,16029,1503688413602,-10,-13,-1,0,-2,-4,-2,-3
16030,16030,1503688413610,-5,1,0,-2,-2,-2,-2,-2
16031,16031,1503688413626,-3,-8,-3,-3,-4,-1,-2,-3
16032,16032,1503688413627,14,-5,1,3,2,-1,0,2
16033,16033,1503688413632,0,6,6,3,2,0,1,1
16034,16034,1503688413639,-2,18,3,1,0,-1,-7,-3
16035,16035,1503688413654,-1,-4,-3,1,3,1,-2,2
16036,16036,1503688413662,-1,-7,-7,-2,-2,-1,0,0
16037,16037,1503688413670,-3,2,0,0,7,0,2,-3
16038,16038,1503688413684,-5,0,-1,-1,-1,1,0,0
16039,16039,1503688413694,1,-9,-4,-3,-4,-2,-2,-1
16040,16040,1503688413700,5,1,0,-5,0,-2,-12,-1
16041,16041,1503688413714,-1,-9,-6,-1,-2,-2,-1,0
16042,16042,1503688413721,-2,-6,-2,-2,-5,-3,4,3
16043,16043,1503688413732,0,-6,-5,-5,-5,0,2,2
16044,16044,1503688413743,4,4,-2,2,2,1,1,-2
16045,16045,1503688413751,-5,3,-1,-2,-1,2,3,-5
16046,16046,1503688413761,-9,-14,-2,0,3,-1,0,-1
16047,16047,1503688413774,0,3,2,0,-1,-2,-3,-2
16048,16048,1503688413782,-5,-6,0,-3,-3,0,-2,3
16049,16049,1503688413789,-4,-3,5,2,0,3,-4,-13
16050,16050,1503688413804,-7,-4,-2,1,-1,1,0,3
16051,16051,1503688413811,0,18,6,1,1,-2,1,3
16052,16052,1503688413819,-3,7,5,1,0,-3,-3,-7
16053,16053,1503688413835,-2,-5,-5,-4,0,-1,-1,2
16054,16054,1503688413841,4,4,-2,0,1,0,1,3
16055,16055,1503688413850,1,9,0,-1,-3,0,0,3
16056,16056,1503688413863,-1,-18,2,0,0,0,-3,-2
16057,16057,1503688413872,5,3,-2,1,2,-1,-2,2
16058,16058,1503688413879,2,2,1,-1,-1,-3,2,-2
16059,16059,1503688413895,-4,-10,-1,0,1,-3,-2,-13
16060,16060,1503688413903,1,-4,-4,-3,-3,-1,-2,-6
16061,16061,1503688413909,-10,3,-5,-6,-4,0,-1,-2
16062,16062,1503688413923,-1,15,4,1,-1,-1,-1,-3
16063,16063,1503688413932,3,-9,0,-1,-3,0,2,4
16064,16064,1503688413939,2,0,-6,-7,-10,0,0,18
16065,16065,1503688413954,1,-1,0,1,-1,0,-6,-1
16066,16066,1503688413962,0,-10,-4,2,2,-1,-1,-7
16067,16067,1503688413970,-14,-16,-2,-4,-4,1,0,-12
16068,16068,1503688413971,3,10,2,1,-3,-1,-1,1
16069,16069,1503688413983,3,-3,-3,-2,-1,-3,-1,5
16070,16070,1503688413992,2,-4,-2,-2,-1,-2,1,3
16071,16071,1503688413995,1,18,0,0,3,-3,-3,10
16072,16072,1503688414000,-6,7,-2,-1,2,-1,0,-9
16073,16073,1503688414014,0,-9,-3,-4,2,0,-1,-2
16074,16074,1503688414021,8,0,-1,1,1,1,3,19
16075,16075,1503688414030,-8,-8,1,-1,-2,-2,1,9
16076,16076,1503688414043,-19,-16,-1,-2,-3,-1,-3,-28
16077,16077,1503688414052,1,2,-5,1,2,1,0,-9
16078,16078,1503688414062,-6,6,2,2,-1,-3,-10,-13
16079,16079,1503688414074,-3,-2,-2,-2,-4,1,1,5
16080,16080,1503688414075,2,-3,2,2,-5,-3,-1,-4
16081,16081,1503688414081,-1,-18,-4,-2,3,0,-5,-18
16082,16082,1503688414089,7,22,9,0,4,-1,-1,-17
16083,16083,1503688414103,13,3,2,-1,4,-1,4,8
16084,16084,1503688414111,-3,-24,-6,-1,-4,2,2,8
16085,16085,1503688414119,-7,0,-1,1,0,1,4,12
16086,16086,1503688414134,-1,2,3,2,0,1,-3,-2
16087,16087,1503688414142,-3,1,-1,-4,-1,0,1,15
16088,16088,1503688414149,-11,-7,-7,-4,8,-1,4,-4
16089,16089,1503688414164,12,43,5,2,-20,1,-3,0
16090,16090,1503688414172,1,-12,-11,-6,-11,-1,-1,-1
16091,16091,1503688414179,-6,-11,-1,1,5,-3,-3,-6
16092,16092,1503688414198,2,-8,-1,-3,0,-1,-1,-1
16093,16093,1503688414201,-4,-2,1,-3,-11,-4,-6,-9
16094,16094,1503688414209,-3,-7,-1,3,-5,-1,1,1
16095,16095,1503688414223,-1,-5,1,-1,-3,0,6,7
16096,16096,1503688414232,-1,7,2,-1,-3,-3,-4,2
16097,16097,1503688414239,5,1,-3,1,9,-2,2,5
16098,16098,1503688414254,-3,4,2,2,-1,-2,-6,0
16099,16099,1503688414263,5,0,-2,-6,0,1,4,1
16100,16100,1503688414271,-1,-2,1,1,1,-1,2,-4
16101,16101,1503688414283,-5,-11,-4,-5,-1,0,-2,3
16102,16102,1503688414291,5,36,8,0,-3,-1,1,3
16103,16103,1503688414300,0,-6,1,1,0,0,-2,-3
16104,16104,1503688414314,2,-14,-8,-2,-1,-2,-4,-7
16105,16105,1503688414321,-3,-1,0,0,2,-1,-2,1
16106,16106,1503688414331,0,20,1,-2,-1,-3,0,-1
16107,16107,1503688414343,-1,-2,-3,-2,0,2,3,-6
16108,16108,1503688414351,1,5,-1,-3,-2,-6,1,3
16109,16109,1503688414359,-1,7,6,4,1,2,0,0
16110,16110,1503688414374,-4,-10,0,-3,-1,2,-3,0
16111,16111,1503688414381,-1,-9,-4,-1,-8,-6,-3,-2
16112,16112,1503688414389,5,10,-1,4,-2,0,-3,0
16113,16113,1503688414404,-5,3,-2,-2,1,-1,0,-4
16114,16114,1503688414405,8,3,1,0,0,-4,0,-3
16115,16115,1503688414411,-1,-19,-2,-2,11,0,-1,2
16116,16116,1503688414419,6,-7,-5,-4,26,0,-3,2
16117,16117,1503688414434,-5,-13,-2,-1,-5,1,0,1
16118,16118,1503688414441,0,-5,-2,0,-21,-1,-2,2
16119,16119,1503688414442,-5,5,5,0,-25,1,0,3
16120,16120,1503688414450,-1,-6,-5,-4,-26,0,0,3
16121,16121,1503688414465,-1,-6,-7,-2,-5,-1,1,10
16122,16122,1503688414472,-1,1,1,-1,-3,0,-2,2
16123,16123,1503688414479,-2,-1,-2,-1,8,-2,-2,-15
16124,16124,1503688414494,-5,-7,-1,0,4,-1,0,7
16125,16125,1503688414502,-6,1,-1,-1,9,0,-2,-2
16126,16126,1503688414516,-4,-5,-3,-10,0,-2,0,-17
16127,16127,1503688414523,0,4,-2,-2,-4,-2,-3,-10
16128,16128,1503688414532,0,-2,-1,-6,1,0,-2,-4
16129,16129,1503688414547,-1,-1,-1,5,5,2,2,2
16130,16130,1503688414554,-4,0,-1,-1,6,-1,0,-1
16131,16131,1503688414564,-5,-3,-2,-1,-3,3,-3,-1
16132,16132,1503688414584,-3,-4,0,3,15,0,5,-1
16133,16133,1503688414591,3,-1,0,2,4,4,0,0
16134,16134,1503688414606,2,2,1,-2,-2,0,-2,2
16135,16135,1503688414614,-4,0,1,5,-4,-4,-2,5
16136,16136,1503688414621,-2,3,-2,-4,-12,-6,-1,1
16137,16137,1503688414637,-2,-5,0,2,12,-2,-4,-1
16138,16138,1503688414643,0,-7,0,-1,1,-1,-3,-1
16139,16139,1503688414651,-1,-2,-3,-5,-3,2,3,-2
16140,16140,1503688414666,-1,-1,-1,-2,7,0,-4,-1
16141,16141,1503688414674,1,0,-4,-3,1,0,-3,1
16142,16142,1503688414681,-2,21,7,1,-7,3,-1,-2
16143,16143,1503688414699,2,-1,-1,0,-4,-1,4,0
16144,16144,1503688414703,-4,-10,-7,-6,-10,-2,0,0
16145,16145,1503688414711,4,1,0,-6,0,1,0,2
16146,16146,1503688414726,0,1,3,1,-1,0,0,-3
16147,16147,1503688414734,1,4,-2,1,0,-4,-1,-1
16148,16148,1503688414742,2,-4,-6,-4,-6,-2,-2,-3
16149,16149,1503688414757,2,-7,3,3,-2,-1,0,0
16150,16150,1503688414766,1,18,6,6,2,-2,0,-1
16151,16151,1503688414767,2,-7,-2,-4,-5,-2,-1,1
16152,16152,1503688414772,-5,-12,-3,1,1,2,0,-3
16153,16153,1503688414786,1,3,2,-2,0,-2,0,0
16154,16154,1503688414794,-4,-5,3,-4,-3,1,2,4
16155,16155,1503688414795,3,15,-1,7,0,-3,-3,2
16156,16156,1503688414804,-6,0,-4,-1,2,-2,-7,-4
16157,16157,1503688414816,-12,2,-2,-5,-2,-1,0,-1
16158,16158,1503688414823,6,2,0,2,5,3,-2,4
16159,16159,1503688414833,0,-2,1,2,4,1,0,0
16160,16160,1503688414846,-7,-11,0,10,10,1,1,1
16161,16161,1503688414854,6,33,22,7,0,-6,0,-2
16162,16162,1503688414861,2,3,7,0,-23,-4,0,-2
16163,16163,1503688414877,-8,-16,-8,-2,3,1,0,-6
16164,16164,1503688414883,-3,-3,-3,-6,0,-1,-2,0
16165,16165,1503688414891,-4,-7,-4,-6,-9,-3,-10,-6
16166,16166,1503688414906,3,-4,-6,6,8,2,1,-1
16167,16167,1503688414914,0,-5,-3,1,3,-1,1,0
16168,16168,1503688414921,2,3,0,-6,-4,4,1,-2
16169,16169,1503688414938,-4,-2,-1,-2,-4,2,1,-1
16170,16170,1503688414943,8,3,-1,-4,-1,-6,-2,3
16171,16171,1503688414951,-9,-10,-5,-6,-6,6,2,-3
16172,16172,1503688414967,0,-15,-8,-4,-3,-1,-1,-5
16173,16173,1503688414975,24,14,4,3,-2,-5,1,19
16174,16174,1503688414982,0,11,6,4,5,1,-3,-23
16175,16175,1503688414999,-10,-6,-7,-4,0,0,0,-7
16176,16176,1503688415003,-13,-20,-13,-6,3,-5,-3,-5
16177,16177,1503688415012,5,8,10,2,4,0,2,2
16178,16178,1503688415026,-2,3,-10,-2,0,-2,1,3
16179,16179,1503688415035,2,6,12,4,2,1,0,0
16180,16180,1503688415042,2,7,4,-1,-5,-1,4,11
16181,16181,1503688415057,7,-6,-8,-3,-17,-1,-1,-2
16182,16182,1503688415063,-3,-3,1,-1,-4,3,4,5
16183,16183,1503688415072,-6,-3,-4,-1,4,0,-2,-5
16184,16184,1503688415086,3,6,1,-1,-6,-3,1,0
16185,16185,1503688415094,-4,-2,-1,-1,0,-1,2,1
16186,16186,1503688415108,-2,-4,-1,-2,3,0,-1,2
16187,16187,1503688415116,-9,-5,-9,-3,-2,-3,-5,-3
16188,16188,1503688415123,0,3,3,1,0,-2,0,2
16189,16189,1503688415134,4,7,3,-1,-5,-1,0,-2
16190,16190,1503688415146,-4,-3,-3,9,9,-1,-4,0
16191,16191,1503688415154,3,-7,-2,1,9,2,-1,1
16192,16192,1503688415161,-7,-12,-3,-8,-4,2,-2,0
16193,16193,1503688415177,-7,-4,-5,5,6,-6,-1,6
16194,16194,1503688415184,3,0,-2,-6,-2,1,0,0
16195,16195,1503688415191,-3,-6,-2,-5,-5,-1,-2,-6
16196,16196,1503688415208,6,-1,3,0,0,9,1,4
16197,16197,1503688415214,4,9,1,1,0,1,0,-3
16198,16198,1503688415229,0,0,3,-3,-5,-4,-1,-4
16199,16199,1503688415240,5,-23,-12,-7,-3,3,1,5
16200,16200,1503688415245,0,3,1,1,1,-6,-1,-3
16201,16201,1503688415251,0,1,2,3,2,0,1,2
16202,16202,1503688415268,-3,19,-16,-2,-14,0,-4,-3
16203,16203,1503688415274,-2,-6,6,0,1,1,-2,0
16204,16204,1503688415275,-2,-2,-7,-2,2,1,0,-6
16205,16205,1503688415290,-5,-9,-11,0,3,-2,0,1
16206,16206,1503688415296,6,4,7,4,2,0,1,2
16207,16207,1503688415297,-2,7,0,-7,-10,-1,-3,-7
16208,16208,1503688415305,-3,-5,8,-2,1,-2,-2,-3
16209,16209,1503688415311,-8,-4,5,-3,-1,-3,-5,-4
16210,16210,1503688415327,-1,6,5,5,-6,0,1,-3
16211,16211,1503688415335,-6,-3,-2,5,2,-4,-1,-2
16212,16212,1503688415349,-4,-4,5,-4,-12,3,4,-9
16213,16213,1503688415356,7,4,-2,3,10,2,4,4
16214,16214,1503688415364,2,20,11,-1,3,-4,2,0
16215,16215,1503688415372,-4,-5,6,1,-5,1,-3,2
16216,16216,1503688415387,-4,-1,16,4,7,0,-2,-5
16217,16217,1503688415394,3,-2,0,-2,-2,-1,-1,1
16218,16218,1503688415412,4,-6,-5,0,-3,-1,0,9
16219,16219,1503688415417,-7,-15,-3,-3,13,-3,-4,-6
16220,16220,1503688415424,2,20,8,0,-11,7,4,3
16221,16221,1503688415425,-3,-19,-12,-7,-6,-6,-3,0
16222,16222,1503688415439,6,14,12,1,1,-1,1,-2
16223,16223,1503688415440,0,-3,-4,3,-8,-5,0,1
16224,16224,1503688415447,-4,0,-3,-2,5,-5,-5,-2
16225,16225,1503688415454,0,5,0,-4,2,1,5,2
16226,16226,1503688415469,2,-3,-5,2,-2,-1,-1,0
16227,16227,1503688415478,1,11,0,-2,-2,1,-1,-1
16228,16228,1503688415484,-1,-4,-2,-2,2,-1,-3,-8
16229,16229,1503688415499,1,4,-4,-2,-5,0,-1,0
16230,16230,1503688415507,5,7,-6,0,2,0,0,2
16231,16231,1503688415514,-5,-11,7,1,-5,-2,0,2
16232,16232,1503688415529,-4,-13,-4,-3,-2,-2,-2,2
16233,16233,1503688415537,-1,3,6,0,1,-3,-3,-3
16234,16234,1503688415544,6,4,4,0,22,0,-1,-1
16235,16235,1503688415559,-4,-2,-5,-3,-2,0,-4,-6
16236,16236,1503688415569,-5,-2,2,2,0,0,0,0
16237,16237,1503688415574,2,5,4,-1,2,0,-1,-2
16238,16238,1503688415589,-5,1,-1,-3,-5,-2,-2,-6
16239,16239,1503688415596,-5,-3,-5,-2,-9,-6,6,1
16240,16240,1503688415604,3,15,13,1,-8,-5,4,13
16241,16241,1503688415619,-7,-6,-6,-2,-1,-3,-3,-8
16242,16242,1503688415627,-3,-7,5,2,-3,-1,0,-4
16243,16243,1503688415636,2,-6,-24,-5,-1,3,1,-3
16244,16244,1503688415649,1,1,-5,1,17,5,-1,0
16245,16245,1503688415656,5,-1,-1,-4,-6,1,-3,3
16246,16246,1503688415664,-2,1,-2,0,-4,-1,1,1
16247,16247,1503688415679,4,2,1,-6,-4,-4,-3,1
16248,16248,1503688415687,-2,-5,1,5,1,-2,-1,-2
16249,16249,1503688415694,2,11,20,5,-6,-1,2,4
16250,16250,1503688415709,0,-3,-4,-4,-5,-2,-3,-3
16251,16251,1503688415716,7,15,19,3,3,2,-2,-2
16252,16252,1503688415724,1,4,-3,-5,-13,-2,-3,-1
16253,16253,1503688415740,-1,-6,-8,3,7,2,2,-5
16254,16254,1503688415747,-4,-11,-12,-9,-9,-4,-5,-1
16255,16255,1503688415754,-1,-4,-8,-9,8,1,-1,11
16256,16256,1503688415773,-9,-30,-11,-3,0,0,-1,-2
16257,16257,1503688415777,10,36,2,-5,-6,1,-6,0
16258,16258,1503688415778,-5,-2,9,2,-3,6,-1,-3
16259,16259,1503688415785,-9,1,8,1,0,4,4,-5
16260,16260,1503688415799,9,-8,-5,-3,1,-4,0,20
16261,16261,1503688415808,-6,-2,-1,1,4,8,-1,0
16262,16262,1503688415814,-7,0,-5,1,-6,-2,-4,-13
16263,16263,1503688415829,4,13,5,2,6,1,1,-1
16264,16264,1503688415839,14,5,1,1,-8,-5,1,13
16265,16265,1503688415845,10,30,14,9,5,1,3,4
16266,16266,1503688415859,-7,-5,-1,12,2,-17,-5,-4
16267,16267,1503688415867,-5,10,-2,-1,-1,-4,-2,-7
16268,16268,1503688415874,0,7,2,-7,-2,0,-1,-6
16269,16269,1503688415889,-14,-9,-4,-2,2,-3,-8,-34
16270,16270,1503688415897,-6,-9,-3,7,8,2,-1,-5
16271,16271,1503688415906,6,-9,-7,-1,1,-1,-1,-2
16272,16272,1503688415919,-7,-10,-11,-17,-16,-1,-4,-7
16273,16273,1503688415927,23,21,9,13,14,0,2,21
16274,16274,1503688415934,-7,-12,-7,-13,-11,0,-2,3
16275,16275,1503688415949,-7,-21,-19,-12,-11,-6,-5,-10
16276,16276,1503688415957,-11,4,-6,6,4,3,-2,-12
16277,16277,1503688415973,1,-14,-19,-6,-3,-2,0,5
16278,16278,1503688415980,-12,-39,-23,-2,2,0,-4,-7
16279,16279,1503688415987,1,-1,0,-9,-21,-1,-1,11
16280,16280,1503688415994,-1,1,0,1,-4,3,4,2
16281,16281,1503688416011,0,-9,-9,-6,-7,-4,-3,0
16282,16282,1503688416012,-2,-39,-37,-11,-7,-1,-2,-4
16283,16283,1503688416016,2,41,63,21,14,3,2,4
16284,16284,1503688416017,3,10,-14,-8,-1,-1,1,-5
16285,16285,1503688416032,-9,-3,-4,5,1,-3,-4,-1
16286,16286,1503688416040,7,-2,1,1,5,2,1,15
16287,16287,1503688416048,8,6,7,10,11,1,3,10
16288,16288,1503688416054,-1,13,20,11,16,-1,-1,-5
16289,16289,1503688416078,0,9,13,8,18,-2,-1,4
16290,16290,1503688416080,-2,-3,1,-3,-5,10,-3,3
16291,16291,1503688416098,2,12,11,-4,15,-4,1,-8
16292,16292,1503688416099,8,15,3,0,-2,-1,3,0
16293,16293,1503688416109,-3,9,12,-1,-15,-1,-3,-1
16294,16294,1503688416115,-3,1,4,4,-1,-3,-5,-12
16295,16295,1503688416129,0,-5,4,-2,0,1,-2,1
16296,16296,1503688416141,-8,3,6,8,-3,-3,-5,-12
16297,16297,1503688416153,10,8,-9,-6,-10,1,4,17
16298,16298,1503688416159,1,5,4,3,18,-1,-1,7
16299,16299,1503688416167,12,0,-3,2,-6,-1,2,-6
16300,16300,1503688416176,-1,-1,-5,-7,-15,-8,1,0
16301,16301,1503688416189,-11,1,-1,-12,-13,-2,-4,-2
16302,16302,1503688416197,3,12,2,3,1,-1,-2,-10
16303,16303,1503688416212,-11,14,17,4,-9,0,-1,-10
16304,16304,1503688416219,-4,-2,3,3,17,1,-2,-7
16305,16305,1503688416227,-3,-4,18,5,18,5,2,4
16306,16306,1503688416234,9,14,22,-2,8,6,4,5
16307,16307,1503688416249,2,-3,-8,-1,-3,-3,-5,-9
16308,16308,1503688416256,-8,-11,-7,-10,-14,-3,-5,-5
16309,16309,1503688416274,8,-1,-20,-4,-5,1,2,7
16310,16310,1503688416279,3,-9,-7,5,-4,-4,-4,5
16311,16311,1503688416287,-15,-2,-7,-3,-6,-2,-4,-23
16312,16312,1503688416294,3,4,-4,-6,-12,1,3,2
16313,16313,1503688416310,-2,-10,3,-7,-12,1,-4,9
16314,16314,1503688416317,-4,-2,-3,5,19,6,2,0
16315,16315,1503688416332,-8,-24,-14,-8,-5,-4,5,12
16316,16316,1503688416340,2,-5,3,-10,-15,-2,-2,0
16317,16317,1503688416347,10,-1,2,8,8,4,7,25
16318,16318,1503688416361,1,4,-1,17,22,1,4,3
16319,16319,1503688416377,-5,0,4,2,-16,-3,-1,-11
16320,16320,1503688416380,5,2,2,0,-1,-8,-1,2
16321,16321,1503688416393,3,10,2,0,8,-2,-5,-19
16322,16322,1503688416399,-5,-3,-1,-5,0,-1,-2,-4
16323,16323,1503688416408,-4,6,-4,-5,-5,1,-1,1
16324,16324,1503688416422,16,3,-3,-22,-33,4,2,33
16325,16325,1503688416430,-6,-5,-4,-3,-10,-1,-6,3
16326,16326,1503688416436,-3,-6,-8,-9,-18,-3,-3,-9
16327,16327,1503688416451,-13,-5,4,5,17,4,5,2
16328,16328,1503688416459,26,6,-3,-6,-15,-6,1,10
16329,16329,1503688416467,0,-2,-1,0,-2,-1,0,-3
16330,16330,1503688416481,-11,-8,-3,-1,8,6,4,4
16331,16331,1503688416482,-16,-4,-6,-5,-14,-4,-7,-10
16332,16332,1503688416489,3,1,3,-1,0,-1,-1,9
16333,16333,1503688416496,-3,-2,-2,-4,4,-1,-4,-9
16334,16334,1503688416511,2,4,1,2,-10,-2,0,0
16335,16335,1503688416512,0,0,2,6,11,-5,-2,-2
16336,16336,1503688416519,-3,-9,-4,4,3,-1,3,7
16337,16337,1503688416527,2,-2,-3,-7,3,0,-3,-9
16338,16338,1503688416542,-4,-6,0,4,13,5,3,-4
16339,16339,1503688416550,-2,3,3,-2,-2,-8,1,-2
16340,16340,1503688416557,-9,3,2,0,1,-5,3,-8
16341,16341,1503688416571,-1,-1,1,-3,-6,-3,-1,13
16342,16342,1503688416580,-7,1,5,1,2,7,3,5
16343,16343,1503688416587,-9,2,4,3,-9,-7,-1,-12
16344,16344,1503688416601,3,-2,-1,16,10,-2,0,0
16345,16345,1503688416609,1,-4,-2,-6,5,8,-3,-8
16346,16346,1503688416617,-9,-5,-3,4,18,3,0,-4
16347,16347,1503688416631,2,6,3,-4,7,-4,-3,0
16348,16348,1503688416641,-10,-3,-3,0,-6,-5,-5,-16
16349,16349,1503688416649,9,-3,0,-2,2,-3,1,16
16350,16350,1503688416650,-3,-4,-3,-2,-1,5,1,5
16351,16351,1503688416661,2,2,1,-1,-5,3,2,-8
16352,16352,1503688416669,-2,-2,-6,1,-2,-4,-3,-2
16353,16353,1503688416677,8,-2,-8,-1,-6,0,-5,4
16354,16354,1503688416691,1,-8,-3,2,3,0,0,-1
16355,16355,1503688416699,-10,-16,-4,-2,2,-1,-4,-10
16356,16356,1503688416708,-3,-6,-3,-1,-4,-2,-2,-8
16357,16357,1503688416728,2,-10,5,-3,-6,-1,-6,-8
16358,16358,1503688416730,5,-5,-4,-3,-10,-2,-1,9
16359,16359,1503688416736,-13,-4,-8,-3,9,-2,0,-3
16360,16360,1503688416752,0,20,15,6,-1,1,1,-13
16361,16361,1503688416759,-8,-1,-4,2,1,-1,-2,-3
16362,16362,1503688416767,-6,-10,-4,-3,-1,-4,-4,-3
16363,16363,1503688416782,4,1,-7,-8,-7,-2,2,11
16364,16364,1503688416789,5,1,-4,3,-1,-4,-3,6
16701,16701,1503688420044,9,13,3,-2,1,-1,-2,16
16702,16702,1503688420060,1,-3,-1,-2,5,3,-7,-51
16703,16703,1503688420066,4,-2,-1,-2,-2,-2,-2,0
16704,16704,1503688420073,-9,3,-1,2,-2,-1,-2,-8
16705,16705,1503688420074,2,-5,-2,0,1,-3,-6,-10
16706,16706,1503688420088,1,5,4,3,-3,-2,-4,-9
16707,16707,1503688420098,-9,-3,-1,-2,-1,-5,-1,2
16708,16708,1503688420111,-4,-2,2,2,-10,-4,-1,3
16709,16709,1503688420119,0,3,0,1,1,-2,-1,-8
16710,16710,1503688420127,-2,-2,-4,2,7,2,5,5
16711,16711,1503688420141,-1,2,2,-5,-3,0,6,29
16712,16712,1503688420148,-20,-6,-4,-5,-1,-1,-4,-46
16713,16713,1503688420156,9,-3,-3,-2,-2,-5,-6,22
16714,16714,1503688420171,1,3,-2,-2,-2,2,0,1
16715,16715,1503688420179,-9,2,-6,-2,-2,2,0,-5
16716,16716,1503688420185,15,-8,-7,-1,5,4,1,19
16717,16717,1503688420202,5,-9,-3,-1,-17,-2,-2,8
16718,16718,1503688420215,-5,-6,-6,0,3,-4,-2,-7
16719,16719,1503688420216,5,-1,0,0,-2,1,5,28
16720,16720,1503688420217,-8,1,-1,-2,3,1,0,-21
16721,16721,1503688420231,-6,-2,1,-1,0,-1,-4,-12
16722,16722,1503688420239,1,6,1,0,-1,-3,-1,-1
16723,16723,1503688420245,9,0,-2,-3,3,0,0,22
16724,16724,1503688420261,-6,-4,-1,2,2,1,-1,-10
16725,16725,1503688420269,5,-1,-2,-3,-1,1,6,54
16726,16726,1503688420276,12,1,2,1,10,0,5,18
16727,16727,1503688420293,5,12,0,-1,-5,1,6,-7
16728,16728,1503688420299,7,-4,-1,-2,2,-2,-3,6
16729,16729,1503688420306,-16,-12,-3,0,0,3,-7,-29
16730,16730,1503688420321,-3,13,2,2,0,1,-4,-15
16731,16731,1503688420328,-5,-2,1,-1,-3,-4,-4,-4
16732,16732,1503688420336,3,0,1,-3,-6,2,-2,-1
16733,16733,1503688420350,-9,-4,-3,-2,-2,-4,-1,29
16734,16734,1503688420360,2,0,2,2,-5,-5,1,-1
16735,16735,1503688420366,1,1,-2,1,12,-1,-5,-35
16736,16736,1503688420381,-2,-1,-2,-3,2,1,-2,-10
16737,16737,1503688420388,0,5,3,-1,1,-4,1,-4
16738,16738,1503688420397,-12,-4,-1,1,-8,-8,-8,-48
16739,16739,1503688420410,2,-3,-2,2,1,4,2,16
16740,16740,1503688420411,0,-8,-4,1,-1,-2,-3,3
16741,16741,1503688420419,-8,-6,-4,-5,-2,-3,1,-14
16742,16742,1503688420427,-8,-11,-5,-2,-6,-2,-3,-14
16743,16743,1503688420441,4,6,6,-1,-3,3,3,20
16744,16744,1503688420449,0,-1,-3,0,-5,-3,0,-4
16745,16745,1503688420450,11,3,0,-1,-6,0,-2,20
16746,16746,1503688420456,8,0,0,2,9,8,4,15
16747,16747,1503688420472,-5,0,1,-2,1,-1,1,-11
16748,16748,1503688420478,-10,-5,-3,-1,-2,0,0,-13
16749,16749,1503688420479,1,0,0,1,4,-1,-2,-17
16750,16750,1503688420495,3,5,-2,-3,-1,3,-6,-9
16751,16751,1503688420501,-3,-6,-3,-2,4,-1,0,2
16752,16752,1503688420509,1,-13,-10,-2,-10,-4,-2,-19
16753,16753,1503688420517,1,-3,-2,0,-4,-3,-3,3
16754,16754,1503688420532,-9,-5,0,2,0,1,2,5
16755,16755,1503688420539,-6,-2,-1,-1,-5,-4,-13,-9
16756,16756,1503688420554,5,5,3,-1,-1,1,1,18
16757,16757,1503688420561,-10,1,-1,-2,-4,-5,3,8
16758,16758,1503688420570,-2,3,1,0,1,-1,2,5
16759,16759,1503688420577,-3,-7,-2,-3,-6,3,1,4
16760,16760,1503688420594,-4,-1,2,3,-3,-4,-1,2
16761,16761,1503688420595,3,7,3,1,1,2,2,3
16762,16762,1503688420600,3,0,-3,-2,-10,-1,-2,3
16763,16763,1503688420614,12,10,2,1,-3,1,-3,-6
16764,16764,1503688420621,-1,2,0,1,8,-1,0,11
16765,16765,1503688420631,-10,-19,-5,0,6,0,1,-9
16766,16766,1503688420644,19,31,16,4,2,2,3,2
16767,16767,1503688420652,-7,1,-2,0,1,-3,-2,-7
16768,16768,1503688420661,-12,-12,-4,-4,-5,-3,-6,-9
16769,16769,1503688420674,0,0,3,-1,-4,-3,-3,-6
16770,16770,1503688420681,1,-3,-3,-1,2,0,1,6
16771,16771,1503688420703,0,7,3,1,0,1,0,-3
16772,16772,1503688420712,0,1,-3,0,-5,-6,-2,2
16773,16773,1503688420719,-4,-11,-5,0,-13,0,-2,1
16774,16774,1503688420735,1,0,1,0,-2,0,0,1
16775,16775,1503688420741,3,-6,-4,-3,3,0,1,3
16776,16776,1503688420749,1,0,-1,-1,-2,1,0,-3
16777,16777,1503688420756,-8,-9,-4,-2,3,-2,-4,-11
16778,16778,1503688420772,1,-15,-8,-5,0,-2,2,38
16779,16779,1503688420778,0,16,11,2,-3,-1,1,-6
16780,16780,1503688420779,1,-5,-6,0,-2,-2,0,3
16781,16781,1503688420804,9,8,-2,1,0,-2,0,5
16782,16782,1503688420809,5,6,3,3,0,-1,1,-2
16783,16783,1503688420816,0,-5,-1,-4,-1,-1,-2,-9
16784,16784,1503688420834,-7,8,3,-1,0,-1,-4,-7
16785,16785,1503688420841,1,-2,0,0,1,0,2,5
16786,16786,1503688420854,-5,0,5,0,1,1,-9,-8
16787,16787,1503688420865,2,3,1,-1,9,-2,2,17
16788,16788,1503688420870,11,3,2,0,-16,-2,-5,-11
16789,16789,1503688420871,-4,0,1,-3,8,4,1,-13
16790,16790,1503688420876,-7,-9,0,-4,-1,-4,-4,-17
16791,16791,1503688420892,9,3,-1,-3,-5,-3,0,-1
16792,16792,1503688420900,-4,-2,-2,4,2,2,1,-8
16793,16793,1503688420914,-6,-2,-2,-2,-5,1,-2,-2
16794,16794,1503688420921,-3,-1,-7,-5,-9,0,-1,2
16795,16795,1503688420931,2,7,3,2,-1,-5,3,2
16796,16796,1503688420936,-1,-4,-3,-1,0,-1,0,3
16797,16797,1503688420952,-2,-7,-3,-4,-3,-3,0,-9
16798,16798,1503688420959,0,4,10,1,-4,1,-1,-3
16799,16799,1503688420974,-3,13,12,4,3,-1,3,0
16800,16800,1503688420981,-3,-7,-4,-1,-2,-2,1,-2
16801,16801,1503688420989,-14,-3,-2,1,3,-3,-3,-41
17104,17104,1503688423928,9,11,-2,-1,-1,5,5,14
17105,17105,1503688423937,5,-5,-3,-1,-5,1,5,4
17106,17106,1503688423950,-9,-5,1,1,10,1,-5,-17
17107,17107,1503688423958,-4,-5,-3,-1,-16,-3,4,28
17108,17108,1503688423959,12,-14,-9,-5,-2,-3,2,16
17109,17109,1503688423966,-3,-9,3,2,4,-3,-1,-6
17110,17110,1503688423981,-8,-6,-2,-1,1,-2,-1,-9
17111,17111,1503688423989,7,4,10,5,-1,-1,3,8
17112,17112,1503688423997,3,13,15,2,-4,0,2,-1
17113,17113,1503688424013,-5,-4,-4,-5,-7,-3,-7,-6
17114,17114,1503688424020,-5,-1,-5,-1,5,0,0,5
17115,17115,1503688424026,1,-2,0,3,-4,0,3,13
17116,17116,1503688424049,-19,-7,-4,-6,-5,-2,0,-18
17117,17117,1503688424057,-3,-3,-6,-2,2,2,2,1
17118,17118,1503688424070,1,4,4,-2,-5,-2,-1,4
17119,17119,1503688424079,-2,-6,-7,-3,-4,-4,-3,-7
17120,17120,1503688424086,0,-1,-4,-2,0,-1,0,-4
17121,17121,1503688424101,6,5,-1,1,-2,-2,-1,3
17122,17122,1503688424108,5,21,8,0,3,1,0,4
17123,17123,1503688424117,-3,19,5,1,-3,1,-4,-9
17124,17124,1503688424130,-5,-16,-9,-4,3,-3,-1,0
17125,17125,1503688424138,8,5,2,0,4,-2,0,5
17126,17126,1503688424139,-8,-11,-4,-4,-1,-1,-3,-4
17127,17127,1503688424147,-2,30,11,3,-1,-3,0,0
17128,17128,1503688424161,-6,-10,-5,-3,-2,-1,-1,-1
17129,17129,1503688424168,-3,-8,-5,-3,-1,-1,2,2
17130,17130,1503688424180,16,3,1,5,0,-1,1,6
17131,17131,1503688424191,0,-2,2,4,2,1,2,-3
17132,17132,1503688424198,-4,-4,-3,-9,6,2,-4,-3
17133,17133,1503688424206,-12,-9,-3,-1,0,0,-4,-42
17134,17134,1503688424221,12,-9,0,-2,0,-4,3,27
17135,17135,1503688424228,-9,-3,1,3,3,4,0,-4
17136,17136,1503688424237,-1,-4,-2,2,-1,-2,-3,-11
17137,17137,1503688424250,7,-4,-6,-2,-3,-2,-2,11
17138,17138,1503688424259,-3,-3,0,0,0,1,0,2
17139,17139,1503688424266,5,-12,-16,-3,-3,-1,-1,6
17140,17140,1503688424281,4,4,-1,-2,0,-3,-4,-13
17141,17141,1503688424289,5,-6,-1,-8,-5,-4,2,9
17142,17142,1503688424297,-6,2,2,3,-10,1,-1,-4
17143,17143,1503688424310,4,-1,2,-1,0,-2,0,-4
17144,17144,1503688424311,1,-6,-1,-3,0,1,-5,9
17145,17145,1503688424319,-18,-4,1,-3,1,-1,-4,-9
17146,17146,1503688424327,1,-6,-1,0,-3,-2,3,-3
17147,17147,1503688424341,-15,6,1,-1,-4,-5,-5,-26
17148,17148,1503688424349,-5,-3,7,2,3,-1,0,-12
17149,17149,1503688424357,-6,-10,-9,-3,2,1,0,-10
17150,17150,1503688424370,2,15,8,4,-1,-1,1,4
17151,17151,1503688424381,3,0,-6,3,6,0,1,9
17152,17152,1503688424386,2,2,0,0,1,0,-1,9
17153,17153,1503688424401,-1,-2,0,6,-1,0,-1,2
17154,17154,1503688424409,-1,-4,-2,-5,-2,-2,-1,-7
17155,17155,1503688424417,13,5,-4,-3,-3,-12,-2,4
17156,17156,1503688424430,-8,2,1,1,-4,-3,-3,-7
17157,17157,1503688424439,36,-4,-4,-3,-2,1,14,83
17158,17158,1503688424448,3,6,3,-4,-2,0,3,13
17159,17159,1503688424461,-7,3,6,0,0,-1,0,-14
17160,17160,1503688424469,12,6,2,3,3,3,2,7
17161,17161,1503688424477,-14,3,8,-2,2,1,-4,-14
17162,17162,1503688424491,0,-3,-8,-1,0,-1,-1,1
17163,17163,1503688424498,-21,-4,-2,-3,-1,4,-3,-32
17164,17164,1503688424506,-1,-4,0,2,0,-3,-3,-6
17165,17165,1503688424522,4,1,1,1,9,0,0,-2
17166,17166,1503688424529,-2,-2,5,0,2,-4,-4,-4
17167,17167,1503688424537,3,-4,1,0,1,0,-1,10
17168,17168,1503688424550,15,-23,-9,0,-1,2,2,12
17169,17169,1503688424559,-3,-6,-3,-2,-4,-3,-3,8
17170,17170,1503688424566,-21,-14,-9,-4,-2,-5,1,-16
17171,17171,1503688424582,11,1,-2,-3,-7,0,3,-8
17172,17172,1503688424589,-5,1,-3,-2,-1,0,3,-3
17173,17173,1503688424597,8,22,5,-1,-4,-2,-5,-14
17174,17174,1503688424610,-11,5,-2,0,-2,2,-1,3
17175,17175,1503688424619,-7,-1,-1,-1,0,1,-2,-14
17176,17176,1503688424626,32,9,1,0,-3,1,1,39
17177,17177,1503688424641,18,-11,-5,1,-3,-3,5,31
17178,17178,1503688424649,-13,0,2,0,0,-3,-3,-15
17179,17179,1503688424657,-2,0,0,0,-3,-2,-4,-15
17180,17180,1503688424670,-5,1,1,-3,0,-1,-2,-11
17181,17181,1503688424678,-12,-3,-4,0,6,-3,-4,-11
17182,17182,1503688424687,-1,2,2,-2,0,0,-5,-25
17183,17183,1503688424701,-2,3,0,0,2,0,0,2
17184,17184,1503688424708,4,31,35,9,0,0,2,29
17185,17185,1503688424722,5,-9,-4,-3,-2,-1,-1,-10
17186,17186,1503688424730,-3,-5,-11,-1,-4,-1,-1,-15
17187,17187,1503688424738,5,1,2,0,-1,0,0,3
17188,17188,1503688424747,-8,-5,-5,-3,-3,2,-2,-12
