,SampleNumber,TimeStamp,EMG1,EMG2,EMG3,EMG4,EMG5,EMG6,EMG7,EMG8
1064,1064,1503688018085,13,-3,-2,-1,-5,9,8,6
1065,1065,1503688018097,15,-6,-9,-1,7,3,-3,18
1066,1066,1503688018099,-3,-7,5,11,5,1,-6,-9
1067,1067,1503688018117,-15,-12,-7,-7,-13,-5,-2,-28
1068,1068,1503688018121,-8,-6,-2,-4,-11,-7,-2,-12
1069,1069,1503688018130,-9,-13,-3,3,-2,-2,-3,-52
1070,1070,1503688018144,-10,0,-21,-7,-13,1,2,-74
1071,1071,1503688018152,-7,-7,-7,-6,-22,-1,4,68
1072,1072,1503688018160,-12,-3,0,4,9,16,-1,-28
1073,1073,1503688018174,10,-2,-3,-4,12,7,-3,-75
1074,1074,1503688018181,-11,-11,-10,-2,-7,-7,-7,17
1075,1075,1503688018182,13,1,14,0,0,-3,-3,56
1076,1076,1503688018189,16,6,-1,-8,-10,-4,2,23
1077,1077,1503688018204,0,17,8,0,2,2,7,-4
1078,1078,1503688018212,-2,-52,-16,-9,2,-6,10,24
1079,1079,1503688018219,-2,-5,-4,-2,-8,-1,-1,63
1080,1080,1503688018234,3,7,-2,0,-4,-6,-5,21
1081,1081,1503688018241,7,-4,-1,0,0,-15,-7,15
1082,1082,1503688018257,-5,2,5,1,-2,2,-1,5
1083,1083,1503688018264,10,-3,-6,0,-6,4,2,-2
1084,1084,1503688018272,-4,0,5,0,-3,9,-2,17
1085,1085,1503688018279,15,47,24,6,-1,-1,0,-3
1086,1086,1503688018294,47,15,-2,3,4,-2,-4,4
1087,1087,1503688018301,3,-9,-12,-3,4,-2,7,1
1088,1088,1503688018309,-1,6,0,-4,-5,0,3,13
1089,1089,1503688018324,-27,-18,-7,0,-3,-1,-2,-10
1090,1090,1503688018339,-19,-22,-11,-2,0,3,-3,-12
1091,1091,1503688018340,-15,-9,0,4,5,1,-8,-13
1092,1092,1503688018361,-15,-2,0,-2,-7,3,-4,-54
1093,1093,1503688018363,-8,12,0,-2,-13,-8,-1,-2
1094,1094,1503688018370,2,10,-1,-2,-15,2,4,13
1095,1095,1503688018384,-7,-16,-2,0,-3,-1,-5,3
1096,1096,1503688018395,-3,5,2,4,-1,-5,-4,0
1097,1097,1503688018399,-22,-25,-7,-4,1,-1,-4,-22
1098,1098,1503688018414,-5,1,2,-1,5,3,-2,12
1099,1099,1503688018421,8,10,-6,-2,6,3,3,-20
1100,1100,1503688018429,9,-1,-3,2,-4,-7,4,-7
1101,1101,1503688018444,-5,46,21,2,1,-2,-9,6
1102,1102,1503688018452,-9,0,-4,-2,8,-2,0,0
1103,1103,1503688018461,9,-14,-4,-1,-11,1,2,13
1104,1104,1503688018474,-8,1,1,-2,0,-5,-2,-5
1105,1105,1503688018481,8,-12,-1,0,3,2,1,-8
1106,1106,1503688018489,-2,-10,-10,0,-2,1,-4,-15
1107,1107,1503688018504,12,-3,-6,-7,-1,-4,-2,-16
1108,1108,1503688018512,2,0,5,-2,8,-6,5,-31
1109,1109,1503688018519,15,15,2,-1,-2,-6,0,2
1110,1110,1503688018534,4,3,-1,-2,-8,-6,-3,-20
1111,1111,1503688018541,-5,-24,-3,-2,9,1,4,21
1112,1112,1503688018549,8,10,3,4,4,6,-1,19
1113,1113,1503688018571,5,-7,-4,-3,-1,-2,-1,13
1114,1114,1503688018572,-10,2,0,-2,-6,1,-6,-1
1115,1115,1503688018579,0,-4,-3,2,-7,6,1,-3
1116,1116,1503688018599,-4,-5,-1,-4,2,0,-3,-20
1117,1117,1503688018603,2,-1,-1,-2,-1,-1,-5,-1
1118,1118,1503688018609,-3,-10,-5,2,1,-1,-2,-10
1119,1119,1503688018624,5,17,10,3,-3,-2,-5,-10
1120,1120,1503688018632,16,-15,-20,-6,-14,-3,1,30
1121,1121,1503688018639,1,-13,-3,-1,-2,3,7,24
1122,1122,1503688018654,-30,-6,0,-4,4,1,-2,3
1123,1123,1503688018662,-24,-11,1,-2,-3,-8,-1,-15
1124,1124,1503688018670,5,7,7,2,-2,-3,6,7
1125,1125,1503688018684,-7,-6,-6,-5,0,-3,2,2
1126,1126,1503688018692,1,6,2,-3,-5,-6,-6,-9
1127,1127,1503688018699,7,-3,-9,-3,-3,6,-3,9
1128,1128,1503688018714,6,-3,1,2,-2,0,-4,6
1129,1129,1503688018721,-21,-10,-1,-4,-19,-13,-7,-19
1130,1130,1503688018729,-3,2,9,3,4,4,8,-1
1131,1131,1503688018744,-8,-22,-8,-1,8,0,-3,-5
1132,1132,1503688018752,-2,5,-5,-3,0,-3,-2,1
1133,1133,1503688018759,-1,6,0,-2,5,1,-1,-16
1134,1134,1503688018774,4,-3,-4,4,2,2,2,4
1135,1135,1503688018781,-19,3,-3,6,7,2,5,0
1136,1136,1503688018789,-10,6,5,-3,3,0,-6,1
1137,1137,1503688018804,14,7,2,0,-4,-1,-11,-10
1138,1138,1503688018812,10,-12,-7,0,-5,-2,4,8
1139,1139,1503688018819,5,4,-2,-5,-1,2,0,-5
1140,1140,1503688018834,19,32,2,3,-1,3,1,9
1141,1141,1503688018841,4,0,0,1,1,-3,0,10
1142,1142,1503688018856,-5,-7,5,-1,4,-1,-1,5
1143,1143,1503688018864,10,2,4,4,5,7,3,11
1144,1144,1503688018873,-7,-29,-10,-1,0,-2,-8,-21
1145,1145,1503688018886,2,2,-1,-1,-4,-6,5,4
1146,1146,1503688018894,-1,-6,0,0,-2,1,3,-14
1147,1147,1503688018902,2,-7,-3,-1,1,2,1,-1
1148,1148,1503688018916,-2,6,-5,-5,-1,-1,-10,-10
1149,1149,1503688018924,1,12,1,-6,-6,5,-4,-9
1150,1150,1503688018932,9,-5,1,-1,-2,0,-1,9
1151,1151,1503688018946,0,-9,1,0,-1,1,0,5
1152,1152,1503688018954,-9,-3,-9,-6,-5,-1,3,15
1153,1153,1503688018961,2,-8,-2,0,-2,-4,-2,21
1154,1154,1503688018976,-1,0,0,-3,-1,-3,3,17
1391,1391,1503688021354,2,5,3,-2,-3,1,4,5
1392,1392,1503688021361,-2,-11,-5,-6,-1,1,-2,-14
1393,1393,1503688021369,-9,-7,-5,0,0,-4,0,-4
1394,1394,1503688021378,2,3,-5,-3,1,0,0,-8
1395,1395,1503688021392,6,-6,-4,-5,9,7,1,15
1396,1396,1503688021399,-1,2,2,-5,4,-3,-4,-1
1397,1397,1503688021415,-3,-1,4,11,-7,-6,2,5
1398,1398,1503688021421,3,-9,-4,-1,10,-1,5,22
1399,1399,1503688021429,-2,-5,2,-1,-6,1,0,-11
1400,1400,1503688021436,-4,-5,-3,-4,5,4,-7,-9
1401,1401,1503688021452,3,5,1,2,2,-1,0,20
1402,1402,1503688021459,6,-18,-6,3,-6,-4,1,-2
1403,1403,1503688021479,5,2,-1,2,-1,0,-1,1
1404,1404,1503688021481,-7,1,6,1,-6,-2,-2,-5
1405,1405,1503688021489,-11,-3,-3,1,8,-1,2,-45
1406,1406,1503688021496,-3,4,1,3,-2,-5,0,-5
1407,1407,1503688021512,4,6,5,-2,4,0,0,29
1408,1408,1503688021523,-21,4,-7,-3,-7,-3,-1,1
1409,1409,1503688021534,-10,-10,-5,-5,3,-3,2,3
1410,1410,1503688021544,6,-1,7,2,1,4,-3,1
1411,1411,1503688021550,0,0,-4,-5,-2,-2,2,19
1412,1412,1503688021556,3,0,-1,-6,-3,-7,1,-3
1413,1413,1503688021572,9,5,1,-2,-1,-3,0,-12
1414,1414,1503688021579,-1,-7,-4,-4,-7,3,4,1
1415,1415,1503688021594,-7,-9,-4,-2,-4,2,-3,9
1416,1416,1503688021601,6,5,0,2,3,3,0,4
1417,1417,1503688021611,6,2,2,5,-1,-1,-1,-5
1418,1418,1503688021617,7,9,-1,-2,2,-1,0,-3
1419,1419,1503688021632,8,-2,-2,0,-3,-3,-4,4
1420,1420,1503688021639,-2,1,-1,-4,4,2,4,13
1421,1421,1503688021654,-11,-1,0,-2,2,1,-4,-27
1422,1422,1503688021661,-1,2,2,2,1,2,1,39
1423,1423,1503688021670,2,1,-1,-2,2,-11,1,9
1424,1424,1503688021684,0,-1,0,0,-7,-2,1,-15
1425,1425,1503688021692,-4,-8,-4,-1,1,6,-4,-10
1426,1426,1503688021699,-3,-2,3,3,0,0,-3,9
1427,1427,1503688021714,-9,3,4,-1,-2,-1,0,21
1428,1428,1503688021721,-1,-8,-5,2,-5,-4,-1,-11
1429,1429,1503688021729,-14,-13,-2,-3,-2,0,-4,-4
1430,1430,1503688021745,7,18,11,-3,1,-2,0,-16
1431,1431,1503688021752,-5,-2,-5,-2,2,2,5,19
1432,1432,1503688021753,-2,-3,-7,0,0,0,-5,-29
1433,1433,1503688021759,5,20,18,7,-1,0,3,-29
1434,1434,1503688021774,-3,5,-1,-7,-16,-1,-2,-9
1435,1435,1503688021782,-9,-13,-13,-6,-2,1,-1,-1
1436,1436,1503688021789,6,0,1,3,1,11,1,17
1437,1437,1503688021804,19,-9,-5,-4,-1,-2,-5,8
1438,1438,1503688021812,-1,8,4,2,1,-7,-10,-12
1439,1439,1503688021819,24,12,-3,-3,-1,-4,-11,1
1440,1440,1503688021834,4,0,3,-2,-2,-4,0,-6
1441,1441,1503688021841,0,-13,-14,2,-9,-5,7,7
1442,1442,1503688021849,14,5,5,4,2,0,6,12
1443,1443,1503688021864,-19,-8,-6,-6,4,1,1,1
1444,1444,1503688021872,4,-4,-5,3,-10,1,3,-5
1445,1445,1503688021879,-11,2,5,-2,12,-1,-2,1
1446,1446,1503688021894,-5,-2,1,-5,0,4,-3,35
1447,1447,1503688021902,-10,7,1,-2,2,4,0,-1
1448,1448,1503688021912,-2,-4,-7,-4,6,-5,-9,-29
1449,1449,1503688021924,9,-4,5,2,2,-2,2,-4
1450,1450,1503688021932,5,3,0,3,-4,-1,-1,-12
1451,1451,1503688021939,-12,7,4,1,3,-3,0,-35
1452,1452,1503688021955,-6,5,-3,-1,-3,-5,4,1
1453,1453,1503688021961,-1,-13,-7,-5,-8,0,0,6
1454,1454,1503688021969,2,-2,0,-1,-1,3,2,-1
1455,1455,1503688021970,-2,2,2,-4,1,1,5,-6
1456,1456,1503688021986,-11,-3,-10,1,-6,1,-8,-11
1457,1457,1503688021992,-3,1,-2,-4,-5,0,4,9
1458,1458,1503688021999,-4,-5,-2,1,-1,2,-2,33
1459,1459,1503688022014,-1,-8,0,0,3,0,1,11
1460,1460,1503688022021,-11,0,4,4,6,5,-1,-28
1461,1461,1503688022029,7,1,-1,5,-5,-1,1,-1
1462,1462,1503688022047,2,-3,-1,-7,-5,-3,-4,-15
1463,1463,1503688022052,4,3,1,-3,-5,-2,-3,5
1464,1464,1503688022058,-3,-4,-4,0,-3,-4,-2,-8
1465,1465,1503688022074,-4,-3,-3,-3,7,-1,4,7
1466,1466,1503688022081,11,5,2,2,1,-16,3,17
1467,1467,1503688022089,-12,-1,2,1,-1,-6,-2,2
1468,1468,1503688022104,-4,-6,-1,-4,1,-2,-1,13
1469,1469,1503688022113,4,-4,-5,2,0,10,1,11
1470,1470,1503688022119,-6,-17,-8,1,9,3,-3,4
1471,1471,1503688022134,-4,-2,-1,1,-8,4,-5,10
1472,1472,1503688022141,10,-3,2,-5,-9,9,0,-7
1473,1473,1503688022149,2,0,-6,2,-3,-3,-4,-51
1474,1474,1503688022164,5,8,5,1,-4,0,3,9
1475,1475,1503688022180,-4,-1,-4,-7,7,2,4,47
1476,1476,1503688022181,-5,-3,-7,3,-6,-3,5,-15
1477,1477,1503688022194,5,-1,5,-3,-2,-2,1,-39
1478,1478,1503688022201,-6,-7,-5,-4,-5,2,-7,-20
1479,1479,1503688022209,-6,-4,-3,-1,5,-9,-6,-15
1480,1480,1503688022224,8,7,2,-1,-1,0,0,22
1481,1481,1503688022232,6,2,-1,-2,-10,1,1,49
1482,1482,1503688022239,-4,-4,-5,-4,2,2,-1,0
1483,1483,1503688022254,-3,5,7,-3,0,6,1,-5
1484,1484,1503688022261,-4,-5,1,5,-7,-6,-3,7
1485,1485,1503688022269,-7,-6,0,0,1,-4,-2,10
1486,1486,1503688022284,-3,1,-1,-2,4,0,-1,-9
1487,1487,1503688022292,0,-5,-2,1,2,0,6,2
1488,1488,1503688022298,3,10,0,-3,-8,1,3,9
1489,1489,1503688022299,-5,4,4,-1,0,-3,-2,-6
1490,1490,1503688022315,-1,-2,2,-5,2,-3,2,1
1491,1491,1503688022322,0,-3,-4,0,-6,4,-3,-2
1492,1492,1503688022329,6,-2,-4,2,1,-6,-1,7
1493,1493,1503688022344,-10,0,3,0,2,-4,-2,-1
1494,1494,1503688022353,0,2,0,6,-1,0,-3,-11
1495,1495,1503688022359,7,7,3,-5,7,-6,1,38
1496,1496,1503688022374,-1,-6,-1,5,1,-1,0,-43
1497,1497,1503688022381,7,-14,-8,-4,-3,6,3,-55
1498,1498,1503688022382,-8,10,4,1,4,5,0,-35
1499,1499,1503688022389,-5,-2,-4,-3,-3,-2,-6,-1
1500,1500,1503688022404,-2,-1,1,-5,-6,2,2,-18
1501,1501,1503688022412,-6,1,-4,-5,-11,1,-1,-2
1502,1502,1503688022419,2,6,-9,2,-3,-3,0,11
1503,1503,1503688022434,14,-1,2,-5,8,1,-4,12
1504,1504,1503688022441,1,-2,4,-1,0,-1,-2,2
1505,1505,1503688022449,4,5,2,-3,-9,2,-3,-2
1506,1506,1503688022464,13,3,0,-4,2,2,0,1
1507,1507,1503688022472,1,-8,-4,5,5,-2,-2,7
1508,1508,1503688022478,-2,-1,4,6,-3,-2,-2,0
1509,1509,1503688022494,0,-5,0,2,-2,1,-4,8
1510,1510,1503688022501,3,-3,2,0,-2,-2,0,-5
1511,1511,1503688022509,-9,1,-6,-1,-3,-6,6,-1
1512,1512,1503688022524,4,-2,-4,-6,-1,0,-6,5
1513,1513,1503688022539,-5,-3,7,-2,2,3,0,7
1514,1514,1503688022540,-3,-5,2,-2,3,2,-2,8
1515,1515,1503688022554,4,-3,-4,-2,-3,0,-4,-10
1516,1516,1503688022561,-2,-6,-1,1,-11,-7,-4,-4
1517,1517,1503688022569,-1,-2,-4,-3,6,7,1,-9
1518,1518,1503688022584,-2,-3,-9,-5,5,3,2,0
1519,1519,1503688022592,-3,8,2,-2,-7,-5,4,-76
1520,1520,1503688022606,-1,7,1,5,3,-2,0,-25
1521,1521,1503688022616,4,-3,2,3,1,-1,-2,65
1777,1777,1503688025186,-9,0,-1,1,7,4,2,-9
1778,1778,1503688025203,1,5,-6,-5,10,-3,-1,-9
1779,1779,1503688025208,-8,-9,-6,-6,-5,-5,-2,4
1780,1780,1503688025216,-12,-13,-4,0,-5,1,1,-6
1781,1781,1503688025230,9,0,0,1,0,-1,1,28
1782,1782,1503688025239,1,-5,-1,1,1,4,-3,0
1783,1783,1503688025246,7,4,1,0,-8,1,1,-15
1784,1784,1503688025262,-19,-5,1,-2,-5,-1,-5,-30
1785,1785,1503688025268,3,-1,-2,-3,1,-1,-2,5
1786,1786,1503688025276,3,-2,0,2,-6,-2,1,3
1787,1787,1503688025290,1,0,2,1,3,-2,0,-19
1788,1788,1503688025299,-3,0,5,-1,-18,-1,-2,6
1789,1789,1503688025306,-12,1,-2,1,1,-2,-5,-7
1790,1790,1503688025321,9,4,-3,0,5,1,-1,10
1791,1791,1503688025329,-27,-15,-7,-2,-4,-3,0,-15
1792,1792,1503688025337,1,13,8,0,-3,-2,-6,-10
1793,1793,1503688025350,-4,-5,0,-1,5,5,2,14
1794,1794,1503688025359,2,-3,-4,-1,6,-3,1,3
1795,1795,1503688025366,10,4,-2,-1,-4,-1,1,1
1796,1796,1503688025381,0,-1,4,-2,-5,-1,-1,-18
1797,1797,1503688025389,1,-9,-3,-3,-6,1,-2,2
1798,1798,1503688025404,-3,-16,-2,-2,2,-3,-4,-4
1799,1799,1503688025410,16,2,5,3,2,-1,6,19
1800,1800,1503688025419,-5,-1,0,-3,1,1,4,30
1801,1801,1503688025433,7,10,5,1,0,-2,-5,6
1802,1802,1503688025441,21,-1,-1,3,3,2,3,16
1803,1803,1503688025449,3,-2,-2,-2,-4,-5,1,0
1804,1804,1503688025464,-15,2,3,-2,-5,4,-2,-25
1805,1805,1503688025471,2,-3,-26,-3,5,-2,-3,-16
1806,1806,1503688025478,-2,20,11,3,-5,-6,-4,-6
1807,1807,1503688025493,8,-8,1,-4,-3,1,2,12
1808,1808,1503688025501,6,-8,-5,-2,-4,0,-1,-1
1809,1809,1503688025508,-8,3,5,2,-4,2,-1,-6
1810,1810,1503688025523,-7,-5,-5,-3,4,-2,4,8
1811,1811,1503688025531,21,1,1,-3,-10,0,-3,-7
1812,1812,1503688025539,-8,4,-4,2,3,-2,-4,-3
1813,1813,1503688025553,-9,3,1,0,5,-1,3,5
1814,1814,1503688025563,-7,-6,-2,-3,-6,-4,0,-3
1815,1815,1503688025568,-4,11,19,2,0,-1,-2,-6
1816,1816,1503688025583,9,0,-1,-3,5,2,0,9
1817,1817,1503688025590,7,8,8,6,4,-4,-4,0
1818,1818,1503688025599,2,0,1,3,3,3,-2,-13
1819,1819,1503688025613,-3,2,3,-2,-3,-3,-5,12
1820,1820,1503688025621,13,-5,-6,-3,1,1,1,12
1821,1821,1503688025630,-14,4,0,-3,4,-1,-2,-34
1822,1822,1503688025644,-7,-3,-2,-2,-1,-3,-2,0
1823,1823,1503688025650,3,-4,4,-1,2,2,-2,-6
1824,1824,1503688025659,6,-4,-5,0,-5,2,-1,-9
1825,1825,1503688025674,10,5,-2,1,1,1,-4,-5
1826,1826,1503688025681,2,-4,3,0,-4,-4,3,14
1827,1827,1503688025689,-3,15,-1,-2,-2,-4,-1,4
1828,1828,1503688025704,-3,2,1,-2,-3,-1,-3,2
1829,1829,1503688025710,-11,-12,-4,-5,-1,-1,0,-2
1830,1830,1503688025719,-12,-2,-4,2,4,-2,2,-20
1831,1831,1503688025733,-17,-17,-7,-3,-3,0,2,3
1832,1832,1503688025741,-1,0,4,-2,-1,1,-5,-10
1833,1833,1503688025749,3,0,-2,0,-9,0,-2,12
1834,1834,1503688025766,-1,-1,-2,-3,-4,-1,1,-7
1835,1835,1503688025771,-7,2,-3,-1,4,0,-3,-14
1836,1836,1503688025779,-9,5,0,-2,0,-3,-2,-9
1837,1837,1503688025793,1,-8,-6,-1,-5,0,0,11
1838,1838,1503688025803,0,-6,-6,0,-1,-2,2,6
1839,1839,1503688025809,0,-2,0,1,1,1,-1,1
1840,1840,1503688025824,5,0,-1,-1,3,3,0,12
1841,1841,1503688025833,2,-3,-1,7,4,0,-1,-2
1842,1842,1503688025839,-8,-4,-4,1,-7,1,-2,-7
1843,1843,1503688025853,1,-8,-8,-6,-5,-3,2,-8
1844,1844,1503688025861,7,1,-1,-4,1,-2,-4,-5
1845,1845,1503688025869,-9,2,4,-1,-6,-1,-2,-2
1846,1846,1503688025884,4,1,-1,-2,0,-2,-2,1
1847,1847,1503688025890,-2,0,-2,-2,1,0,-1,-8
1848,1848,1503688025899,7,-6,-2,2,-3,-1,0,-2
1849,1849,1503688025913,-3,-1,-5,-6,-2,-3,2,0
1850,1850,1503688025921,5,-2,3,-1,3,-4,-2,-5
1851,1851,1503688025929,2,-1,3,1,-4,0,0,12
1852,1852,1503688025944,-5,0,0,-4,-6,-7,-2,6
1853,1853,1503688025950,-1,14,13,-1,-4,-4,-3,0
1854,1854,1503688025959,2,-2,1,1,0,4,4,-2
1855,1855,1503688025974,6,-4,-3,1,2,-2,1,6
1856,1856,1503688025981,-4,6,0,4,4,5,-1,-6
1857,1857,1503688025996,-7,-11,-7,-4,2,2,0,-5
1858,1858,1503688026004,3,5,-3,-4,-2,-4,-4,-3
1859,1859,1503688026018,3,1,2,-1,3,0,-1,2
1860,1860,1503688026020,-7,-2,3,0,-2,2,-1,2
1861,1861,1503688026034,-2,-6,-5,-4,0,-1,5,3
1862,1862,1503688026041,-4,-2,-2,2,3,-2,-3,0
1863,1863,1503688026057,-5,-4,-9,-1,-2,1,-4,-3
1864,1864,1503688026064,-9,-6,1,-3,-1,-4,-2,-2
2171,2171,1503688029010,-8,2,-1,-1,-3,-1,2,7
2172,2172,1503688029019,-3,5,0,2,7,-1,-2,-13
2173,2173,1503688029026,13,0,-1,-2,3,1,-3,1
2174,2174,1503688029041,1,4,-4,-2,0,-1,-2,-20
2175,2175,1503688029048,14,-9,-17,-6,-5,-4,-2,14
2176,2176,1503688029057,-2,-19,-4,-1,-3,0,-2,-14
2177,2177,1503688029070,-10,-1,4,4,1,-3,1,-20
2178,2178,1503688029078,5,0,-2,-3,-1,-2,1,14
2179,2179,1503688029086,-9,-6,-3,-2,-3,1,0,11
2180,2180,1503688029101,-6,3,6,2,-5,-3,-2,1
2181,2181,1503688029108,3,2,4,2,-13,-2,0,6
2182,2182,1503688029124,-1,23,12,3,5,-1,-4,-25
2183,2183,1503688029130,1,6,1,-2,4,-1,-1,-10
2184,2184,1503688029138,-6,-6,-2,-2,-4,-1,1,5
2185,2185,1503688029153,5,6,1,-2,2,-1,0,5
2186,2186,1503688029161,-7,-9,-5,-3,-2,-3,-2,3
2187,2187,1503688029168,5,-8,-4,-14,-13,-5,-6,1
2188,2188,1503688029183,1,-1,0,4,8,2,0,16
2189,2189,1503688029191,-5,1,1,1,5,4,0,2
2190,2190,1503688029198,-4,-3,-5,2,4,3,0,-6
2191,2191,1503688029216,-12,-3,-2,-3,9,1,-2,2
2192,2192,1503688029221,-16,-6,-4,-4,-2,-4,-3,-2
2193,2193,1503688029230,2,-6,1,1,2,0,2,0
2194,2194,1503688029243,2,0,0,-2,-3,-3,-2,4
2195,2195,1503688029251,-4,3,0,4,1,-1,-1,-20
2196,2196,1503688029259,1,-5,-4,-6,-9,2,-2,-6
2197,2197,1503688029273,-2,3,-2,0,2,2,-3,-1
2198,2198,1503688029283,0,-4,0,-2,-5,-3,-1,-1
2199,2199,1503688029288,-7,-14,-11,-2,-3,-4,-2,3
2200,2200,1503688029303,2,-3,-1,0,-8,1,1,6
2201,2201,1503688029311,-10,-7,-2,0,-3,-1,-2,11
2202,2202,1503688029319,-5,3,17,6,8,4,-2,-14
2203,2203,1503688029333,-4,3,1,2,1,1,1,6
2204,2204,1503688029341,12,5,-5,-3,2,-3,4,9
2205,2205,1503688029350,-17,-1,-1,-3,-5,-2,-1,0
2206,2206,1503688029363,1,-7,-6,-2,-6,-3,-1,22
2207,2207,1503688029371,6,3,-4,3,4,2,0,2
2208,2208,1503688029379,6,-1,-4,-2,3,-2,-3,5
2209,2209,1503688029393,7,-5,1,2,-1,0,2,13
2210,2210,1503688029401,25,23,3,1,-5,0,3,15
2211,2211,1503688029408,3,-1,-1,-3,-6,-3,-1,-19
2212,2212,1503688029424,-20,-2,-1,-4,-8,-3,-4,-6
2213,2213,1503688029438,4,1,-5,-3,-1,0,1,5
2214,2214,1503688029439,2,-4,1,2,6,0,2,-8
2215,2215,1503688029453,3,2,6,-1,3,1,1,1
2216,2216,1503688029461,-7,-5,6,4,-2,-2,-4,-18
2217,2217,1503688029469,-7,-4,0,-1,1,0,-3,8
2218,2218,1503688029484,8,24,14,2,2,-1,-4,16
2219,2219,1503688029492,-10,-1,1,-1,1,0,-2,-11
2220,2220,1503688029499,-18,-18,-15,-4,-1,-3,1,-6
2221,2221,1503688029513,6,5,5,0,0,-1,-3,-4
2222,2222,1503688029523,-19,-4,-5,-1,-1,2,-1,-15
2223,2223,1503688029528,-5,-3,-4,1,-8,-4,1,3
2224,2224,1503688029543,1,-6,-1,-1,7,1,3,18
2225,2225,1503688029551,7,13,4,2,2,1,-3,-5
2226,2226,1503688029559,1,-8,-4,0,-2,0,-3,-9
2227,2227,1503688029573,0,-25,-10,-3,-7,-1,2,-6
2228,2228,1503688029581,-6,3,-3,-2,-5,-2,0,-3
2229,2229,1503688029589,-8,-5,-3,-2,-4,-3,-2,5
2230,2230,1503688029603,11,-5,-3,-1,3,0,-1,2
2231,2231,1503688029611,1,2,1,0,3,-4,0,13
2232,2232,1503688029619,9,5,-1,-2,5,-3,-2,-20
2233,2233,1503688029633,-2,8,8,-2,1,1,0,-4
2234,2234,1503688029641,4,-12,-2,-2,1,-2,4,21
2235,2235,1503688029651,13,8,1,0,-1,1,1,5
2236,2236,1503688029664,-5,-1,2,2,-4,1,-1,-22
2237,2237,1503688029671,-3,20,0,-1,-1,-1,1,-8
2238,2238,1503688029679,1,-2,-1,-2,-7,-3,-2,3
2239,2239,1503688029693,-2,-2,-1,-3,0,-1,-3,4
2240,2240,1503688029701,-4,0,-2,0,1,0,2,14
2241,2241,1503688029708,-8,-6,2,4,1,-2,-1,-4
2242,2242,1503688029724,-7,-4,-2,-3,-2,0,0,2
2243,2243,1503688029731,-6,-7,-1,0,3,1,-4,1
2244,2244,1503688029746,6,-4,5,2,3,0,-3,-6
2245,2245,1503688029753,1,0,-3,-1,-4,-1,0,-1
2246,2246,1503688029761,6,-4,-3,-1,-6,-2,-1,2
2247,2247,1503688029768,-2,-5,-2,2,0,-3,-3,-16
2248,2248,1503688029785,-11,0,-7,-5,-2,-4,1,3
2249,2249,1503688029791,6,4,-1,-2,1,1,5,33
2250,2250,1503688029799,1,-10,-4,2,4,4,1,2
2251,2251,1503688029813,3,-7,-4,-1,-6,-3,-4,-1
2252,2252,1503688029821,-12,2,4,2,-3,-3,-3,-9
2253,2253,1503688029828,9,-3,-2,0,-4,1,3,9
2254,2254,1503688029852,6,1,-2,-3,4,-2,-2,-18
2255,2255,1503688029859,7,4,4,-2,-4,-1,-3,7
2256,2256,1503688029873,-1,-2,0,-2,-4,-1,-1,-2
2257,2257,1503688029881,-1,3,-4,-5,-1,-1,0,-14
2258,2258,1503688029889,-11,-5,-2,0,3,-1,5,-5
2259,2259,1503688029903,5,-3,-7,-1,-4,-1,-2,3
2260,2260,1503688029911,1,-1,-5,0,-2,1,-3,-14
2261,2261,1503688029919,-1,6,3,-2,2,1,-3,-27
2262,2262,1503688029933,-4,-9,-3,1,2,-2,-3,-12
2263,2263,1503688029941,6,3,-1,3,-1,-3,1,7
2264,2264,1503688029948,-6,-10,-3,-1,-5,1,-2,-6
2265,2265,1503688029963,-2,3,4,-1,0,-1,1,8
2266,2266,1503688029971,2,-3,-5,-3,-3,-3,-5,6
2267,2267,1503688029979,5,-5,-2,-2,1,-5,-4,-3
2268,2268,1503688029993,-4,2,4,3,-2,1,-2,-7
2637,2637,1503688033609,9,2,-4,1,0,3,0,22
2638,2638,1503688033623,11,0,-3,1,7,-3,1,21
2639,2639,1503688033631,6,-5,-7,-2,-8,-5,1,15
2640,2640,1503688033639,-7,-5,0,-1,-21,-1,-4,-3
2641,2641,1503688033653,-6,4,3,1,-2,1,-2,-12
2642,2642,1503688033661,7,-1,0,-3,6,-1,-4,-6
2643,2643,1503688033669,-5,-3,-1,2,-2,2,-2,-6
2644,2644,1503688033690,-6,1,2,2,1,3,-3,-32
2645,2645,1503688033691,10,-9,-2,-2,3,-1,-2,5
2646,2646,1503688033699,1,13,6,0,-1,-2,1,12
2647,2647,1503688033720,14,0,9,4,12,1,1,-2
2648,2648,1503688033722,9,8,6,-1,-3,-1,10,22
2649,2649,1503688033728,-1,-8,-8,-4,0,-4,-7,1
2650,2650,1503688033743,1,-2,-2,1,6,4,4,3
2651,2651,1503688033751,-12,1,0,3,0,0,1,-11
2652,2652,1503688033759,6,-3,-3,-1,-3,1,5,1
2653,2653,1503688033774,-20,1,-5,-4,-3,-2,9,34
2654,2654,1503688033781,-7,-14,-5,-2,2,-4,-16,-2
2655,2655,1503688033795,6,6,7,0,0,4,-4,-18
2656,2656,1503688033805,18,12,11,1,-4,0,1,4
2657,2657,1503688033811,-8,2,4,-3,-19,-1,-7,-7
2658,2658,1503688033826,-4,-21,-13,-6,-6,-1,2,-4
2659,2659,1503688033833,3,0,-3,-2,3,-3,1,11
2660,2660,1503688033842,-6,-10,-4,0,4,-1,-4,-10
2661,2661,1503688033855,0,-11,-6,-3,-1,-3,0,3
2662,2662,1503688033863,-7,4,-3,-3,1,0,-5,-10
2663,2663,1503688033872,2,3,-1,0,1,-3,-1,1
2664,2664,1503688033886,-8,3,0,-1,-4,3,1,-10
2665,2665,1503688033893,0,4,-1,2,-1,-2,-4,3
2666,2666,1503688033901,-9,-2,1,0,2,2,0,-9
2667,2667,1503688033915,7,-2,-1,-1,-21,1,0,-3
2668,2668,1503688033924,4,4,-2,0,-1,-2,1,6
2669,2669,1503688033930,-1,-9,-5,-4,7,-2,1,5
2670,2670,1503688033947,-12,3,-1,2,-2,-4,-3,-1
2671,2671,1503688033953,-2,-9,-6,-2,-1,-1,-6,-4
2672,2672,1503688033961,-10,7,3,-1,-2,-2,0,-6
2673,2673,1503688033975,-2,3,-1,-5,0,0,1,-8
2674,2674,1503688033984,3,-1,0,4,5,0,0,-1
2675,2675,1503688033991,-1,-1,0,-6,-19,-3,-1,0
2676,2676,1503688034006,-2,-1,-4,10,22,-1,-3,-4
2677,2677,1503688034007,-5,-7,-3,3,-4,13,1,-1
2678,2678,1503688034015,-2,1,0,-2,3,6,7,5
2679,2679,1503688034029,11,-9,-2,-1,-12,-2,2,25
2680,2680,1503688034035,-9,-2,1,3,6,-2,1,11
2681,2681,1503688034043,-4,31,13,4,5,-5,-3,-15
2682,2682,1503688034051,-3,6,5,0,4,-1,-1,-6
2683,2683,1503688034066,-5,-13,-6,-2,4,-2,-4,-9
2684,2684,1503688034074,-5,-2,-1,0,7,-3,-5,-12
2685,2685,1503688034081,5,-3,-1,17,7,-2,3,9
2686,2686,1503688034095,-10,-8,-2,4,7,2,-9,-13
2687,2687,1503688034103,-17,-8,-5,-12,-19,-1,-2,-3
2688,2688,1503688034111,7,14,4,-1,-2,-2,2,-4
2689,2689,1503688034126,5,8,1,-3,5,-3,2,13
2690,2690,1503688034133,8,49,25,4,-2,-1,0,7
2691,2691,1503688034142,7,0,-1,-3,0,1,-2,-9
2692,2692,1503688034155,1,-21,-15,-4,-2,3,3,5
2693,2693,1503688034163,12,1,4,-1,3,-2,1,15
2694,2694,1503688034175,-5,-9,-4,7,33,6,0,2
2695,2695,1503688034186,2,-16,-10,-11,-7,0,6,-4
2696,2696,1503688034193,-2,14,0,-3,-11,-1,-1,-1
2697,2697,1503688034201,0,-5,-1,-2,1,-3,-10,-3
2698,2698,1503688034217,-1,-11,-4,-1,-4,-3,-3,2
2699,2699,1503688034223,-4,4,1,-2,-2,-1,2,-6
2700,2700,1503688034231,-17,-13,-6,-6,-11,-1,-3,-10
2701,2701,1503688034246,-1,-7,-4,-2,0,-5,0,1
2702,2702,1503688034253,0,-6,-2,-3,-6,-3,-4,-8
2703,2703,1503688034265,2,-2,-2,-1,0,3,4,10
2704,2704,1503688034276,7,-3,-1,0,-4,0,1,7
2705,2705,1503688034285,-10,-10,-10,1,2,-2,-5,-12
2706,2706,1503688034291,-2,-13,-2,3,-2,-6,-9,-23
2707,2707,1503688034309,8,14,12,0,-7,-4,-2,-16
2708,2708,1503688034313,2,7,-1,-1,-12,2,3,0
2709,2709,1503688034321,-5,-5,-3,-2,8,0,-4,-5
2710,2710,1503688034344,3,4,0,-1,3,1,-1,4
2711,2711,1503688034351,2,-7,-3,0,2,-2,1,10
2712,2712,1503688034366,4,6,2,0,-2,2,-1,-4
2713,2713,1503688034375,5,5,1,-1,-1,-1,1,21
2714,2714,1503688034381,0,1,-6,-2,3,-4,3,-5
2715,2715,1503688034395,-8,0,1,3,0,2,0,-12
2716,2716,1503688034403,-7,2,-8,0,-3,-3,1,20
2717,2717,1503688034412,-6,-3,-8,-1,-2,-3,-2,-23
2718,2718,1503688034426,0,-3,0,-2,-6,-1,0,-4
2719,2719,1503688034433,5,9,2,1,-5,-1,1,5
2720,2720,1503688034442,-2,-2,-2,-4,-1,3,-3,-9
2721,2721,1503688034455,-3,-7,1,-2,1,2,0,-4
2722,2722,1503688034463,-1,5,7,0,2,-4,-3,-5
2723,2723,1503688034471,5,-8,-3,-2,1,-2,-4,-6
2724,2724,1503688034486,-2,-9,4,4,9,1,1,4
2725,2725,1503688034493,-1,9,1,-1,-4,-2,-1,2
2726,2726,1503688034501,-1,-9,-7,-3,1,2,0,-14
2727,2727,1503688034515,2,1,3,1,0,-3,-1,0
2728,2728,1503688034523,-12,-3,-1,-1,-5,1,-2,2
2729,2729,1503688034530,-4,-4,-2,-2,4,-1,-1,-5
2730,2730,1503688034546,10,-3,2,-1,1,0,1,7
2731,2731,1503688034553,-6,-5,-4,-3,-4,-2,-1,5
2732,2732,1503688034562,-16,-2,-1,-2,-1,0,-2,-6
2733,2733,1503688034576,-2,21,2,-2,4,3,0,-7
2734,2734,1503688034584,-6,12,1,-2,-4,-3,0,-1
3004,3004,1503688037224,-8,0,1,2,5,0,-4,-4
3005,3005,1503688037231,20,-9,-6,-1,5,-2,5,30
3006,3006,1503688037239,-15,-1,0,0,2,-2,-1,8
3007,3007,1503688037255,-2,-4,0,-2,0,-4,-1,-26
3008,3008,1503688037261,4,8,5,-2,-13,-8,-3,-4
3009,3009,1503688037268,21,3,-4,0,-13,10,6,34
3010,3010,1503688037284,5,-4,-3,3,-2,-1,0,-2
3011,3011,1503688037291,-18,-4,0,-3,1,-4,-1,-10
3012,3012,1503688037299,-2,0,1,0,0,0,5,16
3013,3013,1503688037313,-6,-2,-1,0,8,-6,-2,-15
3014,3014,1503688037323,10,-5,-8,-2,0,1,-1,7
3015,3015,1503688037328,31,4,0,-2,-1,0,9,-3
3016,3016,1503688037344,6,6,1,0,0,1,-1,11
3017,3017,1503688037351,-22,-1,-2,-2,1,-1,-8,-10
3018,3018,1503688037359,7,6,11,0,0,1,1,-9
3019,3019,1503688037373,-20,-13,-14,-7,4,0,-2,-11
3020,3020,1503688037381,-15,-3,0,-2,-5,-4,-10,-21
3021,3021,1503688037390,-36,-4,-4,0,-1,-1,-2,-33
3022,3022,1503688037403,2,-1,-3,-1,-3,6,3,-1
3023,3023,1503688037410,-2,0,2,0,-2,-2,-11,1
3024,3024,1503688037418,19,4,-3,0,0,0,1,33
3025,3025,1503688037433,-3,-5,4,0,-4,2,1,7
3026,3026,1503688037441,4,-13,-5,-3,1,-2,-1,-17
3027,3027,1503688037448,25,4,-8,-5,-2,-3,8,62
3028,3028,1503688037464,-8,0,-11,-4,2,-3,1,-12
3029,3029,1503688037470,-2,-2,-7,-1,2,3,3,10
3030,3030,1503688037478,-5,-1,0,-1,2,-1,-6,-48
3031,3031,1503688037493,8,2,7,4,-4,-2,3,-47
3032,3032,1503688037501,-15,0,1,0,4,-2,-9,-39
3033,3033,1503688037515,11,5,9,2,-3,3,9,96
3034,3034,1503688037531,8,-6,0,0,-1,-2,-1,36
3035,3035,1503688037532,1,17,4,0,4,-3,-11,-65
3036,3036,1503688037546,-1,13,4,-1,-1,-1,-6,-63
3037,3037,1503688037553,10,10,7,2,-1,-2,5,53
3038,3038,1503688037561,30,-9,-1,-1,-3,-1,-5,-57
3039,3039,1503688037575,-5,-2,-16,-5,-9,-4,4,-83
3040,3040,1503688037576,23,12,11,1,-2,-1,5,-13
3041,3041,1503688037583,-10,6,1,1,4,0,5,87
3042,3042,1503688037591,-18,-15,-9,-5,-2,1,-4,15
3043,3043,1503688037606,-3,-9,-3,0,-3,-3,-5,73
3044,3044,1503688037613,-25,-21,-8,-3,5,4,-9,5
3045,3045,1503688037621,-38,14,-4,1,4,0,1,-34
3046,3046,1503688037636,-59,-15,-12,-3,-8,-12,-18,-98
3047,3047,1503688037643,-16,-28,-6,-1,-4,-2,0,31
3048,3048,1503688037650,12,-14,-6,0,4,3,5,51
3049,3049,1503688037666,-3,-2,0,-3,-5,2,5,37
3050,3050,1503688037673,3,5,-3,-2,-10,-5,3,26
3051,3051,1503688037681,7,-7,1,2,1,0,4,77
3052,3052,1503688037695,12,2,-1,-2,2,-3,-12,-60
3053,3053,1503688037703,3,27,5,1,-3,-1,-5,-50
3054,3054,1503688037710,12,3,0,2,-1,-1,-3,-31
3055,3055,1503688037726,0,-8,1,1,8,4,0,-4
3056,3056,1503688037733,-3,-36,-10,-3,-3,2,5,45
3057,3057,1503688037741,10,-5,-5,-2,-2,-2,2,8
3058,3058,1503688037758,-4,2,5,3,4,1,-3,-72
3059,3059,1503688037763,-10,-8,0,0,-5,-2,-7,-72
3060,3060,1503688037770,-9,11,1,0,1,-3,0,18
3061,3061,1503688037785,-2,10,-4,-2,9,-1,0,4
3062,3062,1503688037793,10,10,0,0,-2,1,5,32
3063,3063,1503688037801,14,1,-1,0,-3,-2,-3,-28
3064,3064,1503688037815,35,18,4,-3,6,0,3,-83
3065,3065,1503688037827,12,-1,0,-5,-3,1,-1,-11
3066,3066,1503688037830,4,7,7,0,-1,0,2,60
3067,3067,1503688037845,-11,-10,1,-2,-6,-5,3,2
3068,3068,1503688037853,-25,-9,-3,1,-2,0,-6,-16
3069,3069,1503688037862,-10,-3,0,-2,1,0,0,16
3070,3070,1503688037876,-11,10,13,1,0,1,2,20
3071,3071,1503688037884,2,-14,-6,-6,-1,-1,-1,34
3072,3072,1503688037892,-6,-7,-4,-1,-6,-3,-4,-5
3073,3073,1503688037906,0,-7,-5,1,-4,-2,2,20
3074,3074,1503688037907,4,7,1,1,3,1,2,-11
3075,3075,1503688037913,-11,-7,-4,-2,5,-2,-2,4
3076,3076,1503688037921,1,-3,-4,2,-2,0,-6,-40
3077,3077,1503688037936,10,2,-5,-2,-3,-1,1,3
3078,3078,1503688037944,-1,8,2,2,0,2,3,6
3079,3079,1503688037950,-1,-5,3,3,-1,-2,0,4
3080,3080,1503688037966,-10,-3,-1,-2,0,1,2,10
3081,3081,1503688037973,6,-1,-2,1,-3,0,-3,1
3082,3082,1503688037981,17,21,9,2,1,-2,-7,-22
3083,3083,1503688037996,28,11,-1,-5,-7,1,5,10
3084,3084,1503688038004,3,4,-2,-1,0,-1,1,7
3085,3085,1503688038010,-10,-5,-3,1,-1,0,-4,-9
3086,3086,1503688038026,-15,-13,-5,-3,0,-1,2,19
3087,3087,1503688038034,-7,-3,-1,-1,7,0,-1,22
3088,3088,1503688038041,1,-4,-2,-2,-5,0,1,-15
3089,3089,1503688038056,-10,-2,-1,-4,1,2,-6,-22
3090,3090,1503688038063,9,6,3,3,-2,-3,0,-16
3091,3091,1503688038064,-3,-6,-2,-1,-4,2,-1,-30
3092,3092,1503688038070,1,-7,-6,-1,-2,-2,0,-12
3093,3093,1503688038086,2,-6,-7,-6,-3,-2,3,39
3094,3094,1503688038093,-7,-19,-1,0,0,-2,-1,6
3095,3095,1503688038094,-5,12,9,0,1,-2,-3,-8
3096,3096,1503688038101,-12,-10,-6,-1,1,-3,0,0
3097,3097,1503688038102,2,10,0,1,0,-2,2,6
3098,3098,1503688038115,4,-9,-2,-1,1,3,-1,111
3099,3099,1503688038126,-2,2,3,-1,1,-1,-3,56
3100,3100,1503688038130,4,-1,0,2,-3,-4,-1,-75
3101,3101,1503688038145,-6,-2,1,0,-2,-3,-3,-128
3102,3102,1503688038153,-6,1,-3,-3,-3,0,0,-44
3103,3103,1503688038161,-2,-3,-3,1,-7,-3,-2,50
3104,3104,1503688038175,5,5,3,0,3,-2,0,85
3105,3105,1503688038183,-5,9,7,-1,2,2,2,22
3106,3106,1503688038190,-5,-9,-4,-1,-3,-1,-3,-30
3107,3107,1503688038205,-3,-9,-3,0,-1,-1,-3,-64
3108,3108,1503688038213,5,5,-1,-2,1,1,2,20
3109,3109,1503688038221,-5,-3,0,0,-8,2,2,7
3110,3110,1503688038236,-2,0,3,0,-4,0,-3,-128
3111,3111,1503688038244,5,7,2,1,2,0,-1,-101
3471,3471,1503688041768,-10,3,4,-1,0,2,-1,-9
3472,3472,1503688041775,-8,-5,-6,-7,-7,-2,0,-5
3473,3473,1503688041784,14,-4,0,1,5,-7,2,-4
3474,3474,1503688041790,1,1,0,1,2,-5,-4,0
3475,3475,1503688041806,-2,2,3,-3,-10,-1,-1,-2
3476,3476,1503688041813,-2,-7,-2,-2,0,0,7,7
3477,3477,1503688041828,-4,-7,-7,-8,-2,-4,-4,3
3478,3478,1503688041835,25,-7,-11,-3,-5,-6,2,35
3479,3479,1503688041846,4,40,-1,1,-1,-1,0,5
3480,3480,1503688041850,-4,7,11,2,-1,0,-2,-12
3481,3481,1503688041866,-11,-16,-6,-1,-3,-1,-7,-18
3482,3482,1503688041873,-6,6,6,0,2,-4,-5,0
3483,3483,1503688041888,-9,-17,-5,-2,-4,2,-1,-3
3484,3484,1503688041895,-5,-10,-4,-2,4,-3,-3,-2
3485,3485,1503688041903,-3,-12,-4,2,1,3,2,-8
3486,3486,1503688041912,-1,4,-3,-10,-8,-2,-3,-10
3487,3487,1503688041926,5,9,7,6,-1,1,1,1
3488,3488,1503688041933,-8,-1,3,4,8,1,-1,-8
3489,3489,1503688041949,-1,-3,2,-10,-6,-2,-4,4
3490,3490,1503688041956,-6,-8,-5,-4,-4,1,-1,-9
3491,3491,1503688041963,-12,-2,-2,-4,-9,20,1,-2
3492,3492,1503688041970,4,-7,-5,-2,-4,-4,-13,28
3493,3493,1503688041971,-11,-2,1,0,-4,-1,-2,-9
3494,3494,1503688041986,0,0,2,2,8,-14,-4,-1
3495,3495,1503688041993,0,-2,-1,-1,4,0,0,-6
3496,3496,1503688042008,2,0,-2,-3,-1,-2,1,3
3497,3497,1503688042016,0,4,-1,4,0,-5,-4,-7
3498,3498,1503688042023,3,13,3,-5,-7,-4,0,-7
3499,3499,1503688042030,13,-23,-5,3,7,-1,2,14
3500,3500,1503688042047,-6,-3,-2,1,-1,2,-1,6
3501,3501,1503688042053,0,4,-2,-9,-10,12,1,-7
3502,3502,1503688042068,9,-9,-1,7,4,23,10,3
3503,3503,1503688042075,18,4,-1,-4,-11,-12,11,-11
3504,3504,1503688042084,26,21,1,-7,-8,-10,16,54
3505,3505,1503688042090,-9,30,27,9,5,3,-4,-3
3506,3506,1503688042107,0,35,17,5,4,-13,-7,2
3507,3507,1503688042113,-4,-3,-7,-1,4,-5,-3,9
3508,3508,1503688042128,-31,-17,-17,-5,2,3,-11,-30
3509,3509,1503688042135,-9,3,8,2,-3,-2,-5,11
3510,3510,1503688042143,17,-18,-3,1,-3,-4,-6,-27
3511,3511,1503688042158,-5,-4,-7,2,2,-1,-1,-10
3512,3512,1503688042166,5,-9,-4,-1,3,-3,3,26
3513,3513,1503688042173,9,-1,2,-2,-3,4,-2,-9
3514,3514,1503688042189,0,-2,0,-2,-10,2,-3,1
3515,3515,1503688042195,-15,-9,-8,-3,2,1,-1,-3
3516,3516,1503688042203,-6,-5,-2,0,8,-4,-9,-27
3517,3517,1503688042221,13,9,0,-1,-5,2,-1,-12
3518,3518,1503688042226,-15,-8,3,-2,4,-3,-2,-42
3519,3519,1503688042232,2,-2,-5,-1,0,-6,-4,5
3520,3520,1503688042248,-8,-2,-3,0,-1,-2,-2,2
3521,3521,1503688042255,7,2,5,-3,1,-3,-1,6
3522,3522,1503688042264,-10,1,5,-3,-1,-3,3,21
3523,3523,1503688042280,-13,-7,-5,0,-2,3,1,-19
3524,3524,1503688042288,4,8,6,0,-2,0,-2,6
3525,3525,1503688042293,7,-10,2,0,-2,3,5,23
3526,3526,1503688042308,25,-1,-2,0,-2,2,3,29
3527,3527,1503688042315,15,-3,-2,-1,3,-2,-2,24
3528,3528,1503688042323,2,2,-3,0,0,-2,-1,-26
3529,3529,1503688042338,-5,-1,-1,5,-2,-3,-3,-3
3530,3530,1503688042347,-11,-1,-5,-4,-2,-1,-3,-7
3531,3531,1503688042353,-1,9,1,0,-3,-4,-3,-17
3532,3532,1503688042368,-14,-11,-2,0,-3,-2,-7,-2
3533,3533,1503688042375,-4,-1,-4,-3,2,-4,-3,21
3534,3534,1503688042383,-11,-10,-5,-2,5,-3,-4,-35
3535,3535,1503688042398,-16,-9,-7,-5,-2,-2,-2,-24
3536,3536,1503688042406,2,-28,-10,-5,-9,4,3,12
3537,3537,1503688042414,-8,-2,-1,-1,-2,-1,-2,-2
3538,3538,1503688042428,-4,0,0,1,1,0,2,12
3539,3539,1503688042435,-2,5,-2,-4,-4,1,1,-2
3540,3540,1503688042443,-1,10,7,4,1,0,1,-13
3541,3541,1503688042458,6,2,0,-2,0,0,0,7
3542,3542,1503688042466,6,8,1,3,-1,0,1,6
3543,3543,1503688042472,13,-12,-3,0,4,1,3,2
3544,3544,1503688042488,28,11,2,-4,-4,-3,-6,36
3545,3545,1503688042495,-9,-7,2,2,0,0,2,3
3546,3546,1503688042503,7,-1,0,-2,0,-3,1,2
3547,3547,1503688042504,-7,3,4,1,2,-3,0,-1
3548,3548,1503688042518,6,15,5,0,-4,-1,-6,-14
4084,4084,1503688047881,8,6,-1,-4,4,6,0,-3
4085,4085,1503688047888,-9,-22,1,-1,1,-2,-3,-5
4086,4086,1503688047902,-6,0,3,3,3,-1,3,-3
4087,4087,1503688047911,4,-10,0,0,-1,-6,-2,7
4088,4088,1503688047917,-24,1,3,1,-5,2,-3,-1
4089,4089,1503688047933,-9,3,5,4,2,-1,0,-16
4090,4090,1503688047941,2,-2,-2,-3,-14,0,-1,-12
4091,4091,1503688047948,-12,3,7,-4,-2,0,0,0
4092,4092,1503688047963,8,3,-3,-2,-2,-1,1,0
4093,4093,1503688047970,2,-5,-8,-5,0,0,2,-7
4094,4094,1503688047978,-13,-4,-3,1,6,-2,-2,8
4095,4095,1503688047992,9,20,9,2,2,0,-2,2
4096,4096,1503688048000,-4,-12,-6,-4,-2,2,2,-5
4097,4097,1503688048009,-1,0,-1,-1,-7,1,-2,4
4098,4098,1503688048029,6,-8,-1,1,1,-5,-4,-11
4099,4099,1503688048031,7,5,6,0,10,-5,-1,1
4100,4100,1503688048037,-4,-6,-3,-2,-9,0,-2,-5
4101,4101,1503688048052,-11,1,0,0,6,1,-2,-4
4102,4102,1503688048060,-8,1,6,2,0,2,-1,-7
4103,4103,1503688048068,-6,-4,-4,-3,2,3,3,-25
4104,4104,1503688048083,5,1,0,-2,-1,0,1,5
4105,4105,1503688048090,3,-9,-2,-2,-7,-3,1,-1
4106,4106,1503688048097,4,4,1,-2,5,-4,-5,-9
4107,4107,1503688048113,0,-1,-3,-2,-5,1,-5,-7
4108,4108,1503688048120,2,7,-4,0,4,3,3,6
4109,4109,1503688048128,-4,-9,-5,-6,-2,-2,1,10
4110,4110,1503688048144,12,-2,1,-4,-3,-4,1,21
4111,4111,1503688048151,-24,2,8,5,0,-1,-2,-1
4112,4112,1503688048158,7,5,4,-1,1,-3,-2,17
4113,4113,1503688048173,-5,-6,-4,-2,-10,1,-1,6
4114,4114,1503688048180,-2,-1,-4,0,-3,2,-3,15
4115,4115,1503688048188,1,-1,-4,-4,3,-3,-2,-2
4116,4116,1503688048203,2,-1,-1,2,-2,0,4,3
4117,4117,1503688048210,13,1,0,0,4,0,-2,-4
4118,4118,1503688048218,-12,-3,-1,-4,2,4,3,-15
4119,4119,1503688048233,-1,0,0,-2,-2,2,-2,5
4120,4120,1503688048240,5,1,-3,1,0,-4,-4,-6
4121,4121,1503688048248,1,13,2,0,3,0,-2,1
4122,4122,1503688048262,2,-4,-1,-2,-5,-2,2,-6
4123,4123,1503688048270,6,-2,-4,3,2,0,2,3
4124,4124,1503688048277,-7,-3,-1,-2,-3,-3,-1,-7
4125,4125,1503688048292,5,-2,-1,-5,-2,-3,3,9
4126,4126,1503688048300,-9,-2,0,-4,7,-1,-1,-29
4127,4127,1503688048310,4,0,2,8,2,0,-2,-6
4128,4128,1503688048323,-14,-1,-5,1,5,-3,-4,2
4129,4129,1503688048337,-1,-2,-1,2,-2,-6,-3,-4
4130,4130,1503688048339,0,5,5,0,-6,-1,3,5
4131,4131,1503688048353,3,-9,-2,-2,0,3,0,10
4132,4132,1503688048360,-3,6,0,2,1,-1,-4,-4
4133,4133,1503688048368,-9,-18,-6,-2,1,-4,1,-3
4134,4134,1503688048383,11,7,-5,-4,1,-3,-1,5
4135,4135,1503688048390,-11,-3,7,-3,-5,-3,-3,-14
4136,4136,1503688048399,-6,-4,2,4,0,4,-4,-32
4137,4137,1503688048413,-7,-1,-3,-2,-5,1,0,-9
4138,4138,1503688048423,11,10,5,3,-4,6,-3,7
4139,4139,1503688048428,4,2,-8,2,2,-3,0,-4
4140,4140,1503688048446,-2,-17,-7,-3,2,-4,-7,8
4141,4141,1503688048450,12,0,-3,-9,-2,-3,-3,4
4142,4142,1503688048457,3,-8,0,-3,-10,-1,2,11
4143,4143,1503688048473,-8,-6,-16,-3,-1,-2,-1,-8
4144,4144,1503688048480,6,-1,4,-1,-3,0,1,9
4145,4145,1503688048495,6,2,4,3,1,1,-1,1
4146,4146,1503688048503,11,-1,0,0,-4,-2,-4,2
4147,4147,1503688048512,-10,4,4,1,-3,1,-1,3
4148,4148,1503688048517,-4,6,0,-3,-2,1,3,-8
4149,4149,1503688048533,2,-7,1,-4,0,-2,-2,2
4150,4150,1503688048540,2,2,-5,0,6,-3,1,0
4151,4151,1503688048548,2,8,5,1,-4,1,-2,5
4152,4152,1503688048563,-10,0,2,-2,11,3,-2,1
4153,4153,1503688048570,5,1,-1,-1,-4,-5,1,2
4154,4154,1503688048578,-8,-9,-12,-4,-8,-3,1,-10
4155,4155,1503688048592,-18,-5,5,3,-9,1,1,-3
4156,4156,1503688048600,-9,27,17,6,1,4,1,-3
4157,4157,1503688048608,-4,-1,-1,-2,3,1,-3,-8
4158,4158,1503688048623,11,-6,0,-1,-4,-3,0,4
4159,4159,1503688048630,5,3,4,1,12,1,0,-2
4160,4160,1503688048637,9,-5,-5,-3,-3,-3,-3,6
4161,4161,1503688048652,-2,-2,-5,-10,-9,0,0,1
4162,4162,1503688048662,-5,2,4,0,-1,1,3,-2
4163,4163,1503688048668,7,6,3,5,7,1,3,3
4164,4164,1503688048687,5,-6,-7,0,3,-2,-6,-4
4165,4165,1503688048691,4,-2,0,-6,-3,-4,-1,-1
4166,4166,1503688048704,-3,-10,-3,-2,1,-1,1,6
4167,4167,1503688048713,3,9,-2,-1,7,4,-2,4
4168,4168,1503688048721,-9,-3,-2,-1,-2,-3,0,-6
4169,4169,1503688048735,-1,-1,-2,3,-5,4,4,-5
4170,4170,1503688048742,3,-4,2,3,-14,-2,-2,2
4171,4171,1503688048751,3,-3,-1,1,-1,-7,-3,-2
4172,4172,1503688048764,-12,-2,-5,-1,5,1,-6,-14
4173,4173,1503688048772,-2,-7,-5,-2,-4,-1,-1,1
4174,4174,1503688048780,-3,26,23,0,3,-1,6,9
4175,4175,1503688048795,3,1,-1,3,2,-5,-5,9
4176,4176,1503688048803,-11,-15,-15,-1,-1,0,-1,-4
4177,4177,1503688048812,0,-6,2,-4,2,-2,0,-9
4178,4178,1503688048824,2,-6,-5,-2,-4,0,-2,-2
4179,4179,1503688048832,-14,-17,-8,-2,-11,8,0,-6
4180,4180,1503688048840,8,0,-4,-3,-2,-3,-1,-1
4181,4181,1503688048855,6,-8,-1,-3,-1,-2,3,1
4182,4182,1503688048862,11,4,3,-3,0,2,-2,-2
4183,4183,1503688048870,8,1,0,-1,1,1,-2,0
4184,4184,1503688048884,-2,2,3,-2,-1,-3,0,4
4185,4185,1503688048892,3,16,-1,1,-1,-5,-2,3
4186,4186,1503688048900,-7,-1,-3,2,-4,-1,-3,7
4187,4187,1503688048915,4,-2,0,-2,-4,-3,-2,-1
4188,4188,1503688048922,-3,-10,-2,0,3,2,0,-10
4189,4189,1503688048930,-9,7,2,-1,2,1,1,-8
4190,4190,1503688048944,-4,5,0,-5,-2,-5,0,-2
4191,4191,1503688048953,2,-1,5,1,5,2,-4,1
4192,4192,1503688048960,5,-2,-1,2,10,4,-4,-2
4193,4193,1503688048975,-2,-1,-5,0,-3,-4,0,2
4194,4194,1503688048983,-1,-3,-4,-3,1,-2,2,6
4195,4195,1503688048991,-12,-6,-2,-1,1,5,4,0
4196,4196,1503688049004,9,-9,-3,-4,-5,0,1,2
4197,4197,1503688049014,1,-1,-1,-1,-17,-5,-3,13
4198,4198,1503688049020,-3,0,2,-1,0,0,0,0
4199,4199,1503688049042,4,11,11,1,6,-5,-1,-1
4200,4200,1503688049043,-11,-7,-1,-3,-1,3,-3,-2
4201,4201,1503688049051,-6,8,-2,3,2,1,-4,0
4202,4202,1503688049064,7,2,1,2,-1,-2,1,2
4203,4203,1503688049073,0,-8,-8,-5,-1,-1,-3,-13
4204,4204,1503688049082,-2,-4,-5,2,2,-1,0,3
4205,4205,1503688049096,17,-3,-1,-1,5,4,5,4
4206,4206,1503688049103,2,-11,-1,1,8,-9,3,2
4207,4207,1503688049110,-2,-2,1,1,-3,0,1,-1
4208,4208,1503688049124,1,8,2,-2,-10,4,-4,-4
4611,4611,1503688053071,-3,-1,1,1,-6,0,-1,-2
4612,4612,1503688053085,-4,0,-1,0,-1,-13,-1,-3
4613,4613,1503688053093,3,-3,-3,-6,-5,2,-2,-5
4614,4614,1503688053101,-1,8,5,3,-11,-5,-2,-5
4615,4615,1503688053115,8,-6,1,1,-1,-7,-1,1
4616,4616,1503688053122,-10,-22,-12,3,8,1,2,6
4617,4617,1503688053130,-8,2,8,6,-5,-1,1,-3
4618,4618,1503688053145,10,-6,7,-1,4,2,-5,-6
4619,4619,1503688053153,-6,14,8,4,-10,-2,-1,3
4620,4620,1503688053160,-19,5,-5,-2,3,-9,4,19
4621,4621,1503688053176,5,4,-3,0,6,4,4,-1
4622,4622,1503688053183,-5,-2,-1,9,15,-10,-3,-7
4623,4623,1503688053190,3,0,-8,-6,-10,-1,-3,-12
4624,4624,1503688053205,2,3,3,-1,-1,4,-1,13
4625,4625,1503688053213,-4,12,7,2,3,-1,0,-14
4626,4626,1503688053220,11,3,-3,-4,-2,0,0,22
4627,4627,1503688053235,-11,-11,-1,-2,-5,-1,-2,10
4628,4628,1503688053243,1,2,1,0,-7,1,-9,-23
4629,4629,1503688053250,3,-46,-19,-3,-2,-1,-2,-4
4630,4630,1503688053265,-6,-5,-6,-3,2,-2,1,-4
4631,4631,1503688053273,-3,9,12,0,4,-4,-4,2
4632,4632,1503688053280,14,0,0,0,1,-3,-1,-1
4633,4633,1503688053295,-5,8,-7,-1,-10,-1,-1,-4
4634,4634,1503688053303,3,9,8,2,-3,0,2,2
4635,4635,1503688053313,0,0,0,1,6,-1,-11,-27
4636,4636,1503688053325,9,-4,-2,-1,2,2,6,24
4637,4637,1503688053339,-2,-7,-6,-4,-2,-4,-1,-6
4638,4638,1503688053340,13,-7,-5,-2,-3,2,2,23
4639,4639,1503688053355,17,13,-1,2,3,3,2,26
4640,4640,1503688053362,-5,-3,-4,-3,-15,0,-1,-9
4641,4641,1503688053377,4,0,4,3,4,0,1,2
4642,4642,1503688053385,-3,5,1,-3,3,-3,-3,-18
4643,4643,1503688053393,-6,0,0,-10,-4,-1,-1,10
4644,4644,1503688053407,-2,2,-1,1,6,1,-3,-13
4645,4645,1503688053415,-5,-3,-4,-10,-29,-7,-1,-2
4646,4646,1503688053422,-6,-2,2,12,15,11,4,-6
4647,4647,1503688053437,-2,4,0,1,-2,-3,2,4
4648,4648,1503688053445,-3,-3,-4,-7,-12,0,-3,-8
4649,4649,1503688053453,7,-1,0,1,4,4,-6,2
4650,4650,1503688053467,0,-1,-1,-5,-13,-6,-1,19
4651,4651,1503688053475,-5,-1,-1,-1,6,3,0,-2
4652,4652,1503688053482,8,6,3,5,9,2,-1,1
4653,4653,1503688053497,14,-11,-4,3,8,3,5,18
4654,4654,1503688053505,-5,6,-9,-6,-3,-3,-2,-8
4655,4655,1503688053513,-6,-3,2,-1,3,1,-2,-16
4656,4656,1503688053527,-2,-11,-5,-6,-6,-6,-4,-3
4657,4657,1503688053538,-10,3,-1,3,-12,-2,1,-11
4658,4658,1503688053542,-17,-1,-6,0,4,8,-6,-14
4659,4659,1503688053557,-5,18,8,1,2,-3,-1,-11
4660,4660,1503688053565,7,9,8,3,-3,-2,3,13
4661,4661,1503688053573,2,3,-3,2,6,1,2,1
4662,4662,1503688053587,21,15,2,-1,-1,-5,2,16
4663,4663,1503688053595,9,-9,-9,-4,4,-2,2,18
4664,4664,1503688053604,-9,-13,1,-4,-2,-3,-2,-11
4665,4665,1503688053617,0,-4,-9,-2,-12,-1,0,-3
4666,4666,1503688053625,-2,-7,3,1,6,2,-5,-15
4667,4667,1503688053633,-4,-10,1,0,3,2,-2,4
4668,4668,1503688053647,-1,31,18,4,-2,0,3,-4
4669,4669,1503688053655,11,8,4,2,8,-1,1,11
4670,4670,1503688053662,-17,-24,-6,0,4,3,0,-32
4671,4671,1503688053677,8,4,5,-1,1,-1,5,44
4672,4672,1503688053685,15,-1,2,-1,0,1,-1,30
4673,4673,1503688053693,-10,-5,-4,-2,-1,0,-8,-17
4674,4674,1503688053707,-2,-4,-6,-1,-4,-3,3,5
4675,4675,1503688053715,-5,-2,-1,-2,11,-4,-1,-5
4676,4676,1503688053722,-10,-7,-5,-4,-8,-7,-4,-18
4677,4677,1503688053738,1,4,4,1,-1,3,-3,-22
4678,4678,1503688053746,-4,0,-1,2,3,-4,-4,-1
4679,4679,1503688053753,-14,7,-3,0,-3,0,-4,-15
4680,4680,1503688053768,2,-2,-1,-3,-4,0,-1,1
4681,4681,1503688053775,1,-15,-8,1,-4,0,-1,-4
4682,4682,1503688053782,0,-12,-5,-3,-3,-2,-3,-2
4683,4683,1503688053797,-13,-17,-6,-3,-2,-2,-2,0
4684,4684,1503688053806,-1,-1,-3,-1,0,-1,-1,0
4685,4685,1503688053807,-3,0,3,-1,0,-4,-1,-12
4686,4686,1503688053813,3,0,2,-1,0,0,5,1
4687,4687,1503688053827,3,6,0,3,0,3,-1,4
4688,4688,1503688053835,17,6,-3,-4,-1,-3,-1,-5
4689,4689,1503688053844,-1,10,3,3,1,1,-1,0
4690,4690,1503688053857,-3,1,0,-3,-11,-6,0,6
4691,4691,1503688053865,2,-5,-6,-1,3,-1,-1,4
4692,4692,1503688053873,2,2,3,1,4,1,-4,7
4693,4693,1503688053887,-12,-8,-8,-3,-3,0,3,7
4694,4694,1503688053896,-7,-1,-2,0,-2,2,-1,4
4695,4695,1503688053902,6,0,-1,-2,4,2,-1,10
4696,4696,1503688053917,-5,-1,-1,-1,-1,-1,-1,-7
4697,4697,1503688053925,-3,-2,-2,1,-2,-1,-6,-13
4698,4698,1503688053933,-4,10,10,5,1,2,5,-11
4699,4699,1503688053948,9,3,-2,0,-5,-3,1,1
4700,4700,1503688053955,1,-8,-3,-2,2,1,2,2
4701,4701,1503688053962,-1,12,9,2,-13,1,-1,-7
4702,4702,1503688053977,2,-1,-2,2,0,-2,0,10
4703,4703,1503688053985,-5,-7,-3,-1,4,-3,-1,0
4704,4704,1503688053993,-7,-8,-4,-2,-5,-4,-6,-9
4705,4705,1503688054009,-1,-1,4,-1,2,1,3,0
4706,4706,1503688054015,0,1,-2,1,2,-1,-2,-5
4707,4707,1503688054022,-1,1,-2,-3,0,-1,-2,-3
4708,4708,1503688054042,-6,-4,0,-2,-2,-5,-6,-8
4709,4709,1503688054046,-9,-3,-2,-1,3,0,-9,-4
4710,4710,1503688054053,6,13,3,-2,1,0,-3,2
4711,4711,1503688054067,-4,-18,-10,-3,1,-1,1,-9
4712,4712,1503688054083,-3,-3,0,0,1,-2,-1,-2
4713,4713,1503688054097,-4,-8,-3,-6,-7,2,4,-2
4714,4714,1503688054106,2,9,3,0,2,-2,1,0
4715,4715,1503688054113,-8,-10,-4,1,0,-4,-2,2
4716,4716,1503688054127,-1,0,-1,1,0,0,2,5
4717,4717,1503688054135,-3,-4,-2,-1,3,-1,1,0
4718,4718,1503688054143,3,4,4,0,-2,-2,1,4
4719,4719,1503688054164,2,4,1,-1,-3,0,3,-2
4720,4720,1503688054165,0,3,-1,-1,-2,-3,1,-1
4721,4721,1503688054175,3,-1,-1,-1,7,-3,1,5
4722,4722,1503688054187,-4,-8,-1,-4,-9,-1,-5,-11
4723,4723,1503688054195,-6,-4,-1,-2,-3,0,-2,-5
4724,4724,1503688054203,-7,5,-4,1,2,1,2,-4
4725,4725,1503688054217,1,-5,-3,-1,-4,3,-3,0
4726,4726,1503688054225,1,6,5,-1,2,-5,1,3
4727,4727,1503688054233,0,6,4,2,1,-1,-3,-3
4728,4728,1503688054247,-8,-7,-1,2,1,4,-1,-3
4729,4729,1503688054256,1,-3,1,1,5,-2,0,-3
4730,4730,1503688054264,-3,-12,-2,-3,-2,0,2,1
4731,4731,1503688054277,-5,0,-5,-4,-6,0,-2,-6
4732,4732,1503688054278,4,-3,-8,-3,-5,0,3,3
4733,4733,1503688054285,5,1,-2,1,1,-3,-3,2
4734,4734,1503688054300,-7,-16,-3,-2,11,-2,-3,-1
4735,4735,1503688054308,12,6,0,-3,-2,-3,2,2
4736,4736,1503688054315,-8,8,-2,2,5,5,-2,-7
4737,4737,1503688054329,4,4,-2,-1,-3,0,-5,-1
4738,4738,1503688054337,0,4,1,0,2,-1,-2,2
4739,4739,1503688054345,0,14,1,-1,-3,-2,-1,2
4740,4740,1503688054360,6,-2,-1,-1,-5,-3,0,0
4741,4741,1503688054366,-10,-6,-2,-4,0,-2,0,-5
4742,4742,1503688054375,1,-4,3,-1,-4,-2,-3,3
4743,4743,1503688054389,-5,-5,0,1,-3,0,1,3
4744,4744,1503688054397,-9,-2,-5,-1,-2,-1,0,3
5047,5047,1503688057316,5,8,14,4,3,2,0,-4
5048,5048,1503688057323,1,-1,-2,-2,1,3,1,-1
5049,5049,1503688057338,-1,-4,-9,-5,0,-4,-2,-3
5050,5050,1503688057345,4,-9,-7,-2,0,-3,-1,8
5051,5051,1503688057353,-12,-3,-6,-5,-5,-2,-4,0
5052,5052,1503688057367,5,44,22,6,0,0,-1,0
5053,5053,1503688057375,3,-9,-9,-1,4,-3,-3,-1
5054,5054,1503688057382,4,-9,1,-5,0,0,1,0
5055,5055,1503688057398,11,-1,0,3,3,2,2,4
5056,5056,1503688057405,-3,-5,-5,0,-1,-1,0,6
5057,5057,1503688057413,0,-6,-4,-4,-6,-1,-3,-7
5058,5058,1503688057427,-9,3,8,4,3,1,-3,-9
5059,5059,1503688057435,-8,9,0,-1,-1,-5,-2,-5
5060,5060,1503688057442,-4,-7,-6,-3,0,-2,2,6
5061,5061,1503688057457,-6,-4,-7,0,-1,0,-1,1
5062,5062,1503688057465,-1,-2,-2,-2,-1,0,-3,-7
5063,5063,1503688057473,-12,-5,-4,-2,-2,2,-2,-5
5064,5064,1503688057490,11,-8,-1,1,-2,-1,1,11
5065,5065,1503688057495,1,8,-5,-4,-4,-1,-4,3
5066,5066,1503688057502,-6,-7,4,0,-2,-1,-3,-4
5067,5067,1503688057517,-3,-3,5,1,0,-1,-1,0
5068,5068,1503688057528,-3,-3,-5,-5,-1,-5,-2,-16
5069,5069,1503688057533,-3,0,5,-1,-3,3,2,2
5070,5070,1503688057547,1,-6,-4,-1,5,1,-2,0
5071,5071,1503688057557,-8,-10,-6,-2,2,1,0,-4
5072,5072,1503688057562,4,13,4,1,0,0,-1,0
5073,5073,1503688057563,3,12,-1,0,2,-1,0,0
5074,5074,1503688057577,5,-2,1,2,-2,-1,-2,2
5075,5075,1503688057585,-5,-3,1,0,-4,0,-3,3
5076,5076,1503688057593,12,11,16,2,3,-1,4,5
5077,5077,1503688057607,4,18,28,7,-1,1,0,-2
5078,5078,1503688057615,-4,-3,-3,-1,1,-2,-2,-2
5079,5079,1503688057624,2,-4,-9,-2,-3,1,0,-3
5080,5080,1503688057637,-1,2,5,-2,-4,-4,0,0
5081,5081,1503688057645,-13,-9,-11,-3,1,-3,-5,-13
5082,5082,1503688057653,-8,-1,-6,-3,3,1,0,1
5083,5083,1503688057667,-10,-9,-4,0,-3,0,-4,-8
5084,5084,1503688057675,-9,-6,-6,-1,-1,0,-1,5
5085,5085,1503688057682,1,-5,-1,-2,1,0,-1,-2
5086,5086,1503688057697,12,-4,-6,-1,0,-1,1,8
5087,5087,1503688057705,4,2,-8,-5,-2,-2,-1,7
5088,5088,1503688057713,-3,-1,1,-1,-3,1,-2,-7
5089,5089,1503688057727,-9,-8,-6,-3,2,-3,-1,1
5090,5090,1503688057735,1,4,-1,-1,-4,-3,-4,-3
5091,5091,1503688057742,21,0,-1,-2,-16,-1,-9,12
5092,5092,1503688057759,-14,-5,-1,2,-2,-1,-6,-22
5093,5093,1503688057765,-4,-6,-3,0,4,-6,2,-2
5094,5094,1503688057773,0,11,13,6,0,0,0,1
5095,5095,1503688057787,-1,-2,-3,0,5,1,1,-12
5096,5096,1503688057795,-5,9,8,-2,4,0,4,-3
5097,5097,1503688057802,-8,-3,-4,-1,-3,-1,-2,-12
5098,5098,1503688057817,17,-5,-5,-4,1,-1,1,-1
5099,5099,1503688057825,-3,-5,-6,-5,-5,2,0,1
5100,5100,1503688057833,-1,-2,-3,0,-2,0,2,8
5101,5101,1503688057847,0,4,1,1,0,-1,3,3
5102,5102,1503688057857,-2,-4,0,2,0,-1,-1,-1
5103,5103,1503688057864,5,1,1,-3,1,-1,0,8
5104,5104,1503688057877,-9,-5,-3,-5,-1,0,-4,-9
5105,5105,1503688057885,0,-8,-6,-2,-4,0,0,12
5106,5106,1503688057895,-19,0,-1,0,-3,-1,-7,-21
5107,5107,1503688057907,1,1,4,2,-1,0,-1,5
5108,5108,1503688057915,2,6,3,1,1,-2,1,-2
5109,5109,1503688057922,-1,-5,-3,-1,-3,-3,0,-6
5110,5110,1503688057923,-2,-1,-3,-1,3,-3,1,-3
5111,5111,1503688057937,2,-10,-2,-2,-3,1,0,0
5112,5112,1503688057945,2,9,5,-1,-3,0,-2,3
5113,5113,1503688057953,12,-3,-2,-1,2,-1,2,15
5114,5114,1503688057967,5,1,-1,2,-6,2,1,-4
5115,5115,1503688057975,3,5,6,-1,-4,-1,0,-6
5116,5116,1503688057982,-2,8,0,-4,5,1,-1,-20
5117,5117,1503688058004,8,-20,-9,-3,2,-1,-2,5
5118,5118,1503688058005,-5,-16,-5,0,-2,-3,-3,-20
5119,5119,1503688058012,22,0,3,1,-1,-1,1,16
5120,5120,1503688058027,-7,-16,-7,-4,-6,-4,-1,-5
5121,5121,1503688058037,-3,0,-1,0,-5,-4,-1,0
5122,5122,1503688058061,-2,3,-1,-2,0,2,-1,-10
5123,5123,1503688058062,-2,2,-1,-4,3,3,1,-4
5124,5124,1503688058066,-9,-7,-3,-1,3,0,-4,-9
5125,5125,1503688058080,-10,-1,-4,-1,0,-1,-7,-15
5126,5126,1503688058087,10,-1,1,0,-1,-1,2,22
5127,5127,1503688058096,-5,4,1,1,-4,-3,0,9
5128,5128,1503688058110,5,2,-1,-1,1,-1,1,-2
5129,5129,1503688058118,10,3,6,2,11,0,0,7
5130,5130,1503688058126,-1,0,-1,-1,-4,2,4,11
5131,5131,1503688058140,-3,-5,-4,-3,-4,-1,-1,-11
5132,5132,1503688058147,3,5,2,2,0,0,2,7
5133,5133,1503688058155,-18,-11,-7,-4,-1,0,-1,-9
5134,5134,1503688058169,6,-5,-4,-3,-2,1,-2,3
5135,5135,1503688058177,6,-5,-3,-1,5,0,2,-1
5136,5136,1503688058184,6,6,-1,-2,-4,-4,-3,4
5137,5137,1503688058200,5,8,-1,1,-3,-2,2,11
5138,5138,1503688058207,-4,2,2,1,0,-2,-1,-11
5139,5139,1503688058215,0,8,4,0,-5,2,0,4
5140,5140,1503688058229,-3,1,1,0,10,2,0,8
5141,5141,1503688058237,2,4,0,1,-1,1,0,6
5142,5142,1503688058245,-1,4,7,2,3,1,0,-14
5143,5143,1503688058260,-4,13,6,3,-2,-1,1,4
5144,5144,1503688058267,0,0,-3,-1,-6,-5,-1,6
5145,5145,1503688058275,4,-9,-5,-5,-5,-2,-4,-7
5146,5146,1503688058289,-15,-12,-10,-3,-2,-3,-2,6
5147,5147,1503688058297,-9,-3,-2,-2,-2,0,-1,-3
5148,5148,1503688058304,-4,-8,-7,-3,-1,-2,-4,-9
5149,5149,1503688058319,10,7,-1,-1,4,-1,0,2
5150,5150,1503688058320,2,-1,3,2,-7,-1,-2,0
5151,5151,1503688058327,11,7,1,1,0,-2,2,2
5152,5152,1503688058335,-3,1,0,-1,3,-2,1,-8
5153,5153,1503688058349,-12,0,1,-1,-4,0,0,5
5154,5154,1503688058357,0,-1,-5,-1,-1,-2,0,-1
5155,5155,1503688058365,7,-2,-2,-2,3,-1,-6,8
5156,5156,1503688058379,-3,0,0,2,0,2,2,3
5157,5157,1503688058387,-9,1,1,-1,-3,-1,-3,-9
5158,5158,1503688058395,-3,-4,-5,-5,-3,-3,-2,0
5159,5159,1503688058409,3,8,4,1,7,3,0,4
5160,5160,1503688058417,-10,-4,-1,-2,-1,-1,0,-1
5161,5161,1503688058424,-2,1,1,-1,-3,0,-1,-5
5162,5162,1503688058439,1,-7,-3,-3,2,-3,-4,2
5163,5163,1503688058447,4,-3,3,0,1,-2,-10,-4
5164,5164,1503688058455,2,-5,0,-3,-4,-2,-1,1
5165,5165,1503688058469,0,-4,-1,-2,1,-2,0,-3
5166,5166,1503688058470,-7,-4,0,-2,-3,-3,3,-6
5167,5167,1503688058477,-9,3,1,2,3,0,-1,-13
5168,5168,1503688058484,3,-2,-4,-1,-2,0,2,9
5169,5169,1503688058499,-10,-9,-3,0,5,-1,0,-9
5170,5170,1503688058507,0,-1,0,-1,-1,0,0,5
5171,5171,1503688058515,2,2,6,1,-1,1,-4,-3
5172,5172,1503688058530,-6,-2,-3,0,-7,-1,-2,-5
5173,5173,1503688058537,4,9,-3,-2,-1,-3,2,9
5174,5174,1503688058544,2,4,0,-1,-3,-2,1,-3
5175,5175,1503688058562,-1,-7,0,-1,-4,2,3,0
5176,5176,1503688058567,-1,5,2,-1,-2,0,0,4
5177,5177,1503688058575,-1,1,2,0,-3,-4,-9,-9
5178,5178,1503688058590,-5,1,3,2,4,2,-1,-3
5547,5547,1503688062200,1,-2,0,-2,0,1,-1,3
5548,5548,1503688062204,0,8,-3,-5,-9,2,-7,-11
5549,5549,1503688062220,-4,3,-6,-1,-3,-3,-3,0
5550,5550,1503688062227,-12,-10,-2,1,1,0,-2,-6
5551,5551,1503688062243,20,9,4,-2,-5,-3,-2,13
5552,5552,1503688062244,-13,-6,0,3,4,-1,-1,-6
5553,5553,1503688062250,-5,-1,2,-2,1,-3,1,2
5554,5554,1503688062257,6,1,2,-2,3,-3,-4,-1
5555,5555,1503688062264,13,3,-2,1,12,3,3,7
5556,5556,1503688062281,1,1,2,0,9,-4,1,-6
5557,5557,1503688062287,11,2,3,-2,-5,0,-1,8
5558,5558,1503688062295,3,1,-4,-1,-1,2,3,10
5559,5559,1503688062309,-8,7,5,2,-6,1,1,-5
5560,5560,1503688062317,13,0,-2,1,0,2,1,-4
5561,5561,1503688062324,8,-6,-5,-4,-3,-1,2,0
5562,5562,1503688062340,-3,7,5,3,-4,-3,-3,0
5563,5563,1503688062347,-4,-2,-2,-5,1,-3,-3,3
5564,5564,1503688062356,-4,-12,1,-1,-7,3,-5,-3
5565,5565,1503688062369,-11,-7,-10,1,-7,-4,-2,-2
5566,5566,1503688062377,-2,-1,3,-1,-5,-6,-6,6
5567,5567,1503688062384,5,1,8,-1,2,4,1,-3
5568,5568,1503688062400,-5,2,1,-5,-17,0,-2,-6
5569,5569,1503688062407,-2,-2,-3,-3,0,-4,-2,-6
5570,5570,1503688062415,-9,-8,-3,-1,10,-1,1,-6
5571,5571,1503688062429,3,3,-1,1,-11,-6,-12,-6
5572,5572,1503688062438,-6,-2,-3,-2,0,-4,-2,-6
5573,5573,1503688062444,-5,6,4,1,6,1,4,2
5574,5574,1503688062460,5,7,-1,-1,0,2,0,-4
5575,5575,1503688062467,6,-13,-6,-1,4,-7,-4,-1
5576,5576,1503688062475,5,7,3,0,-1,1,9,4
5577,5577,1503688062490,-11,-3,3,2,-2,-1,-3,1
5578,5578,1503688062498,-8,-3,-3,-2,0,0,2,0
5579,5579,1503688062504,-11,2,-6,-3,-3,1,2,-17
5580,5580,1503688062520,-10,-6,-5,-1,2,-4,-6,-22
5581,5581,1503688062527,9,2,-2,-4,0,5,8,35
5582,5582,1503688062542,8,-12,-4,1,11,-8,-5,14
5583,5583,1503688062550,-8,1,0,-3,-3,3,-1,-36
5584,5584,1503688062557,1,-1,-3,-4,2,7,3,23
5585,5585,1503688062558,3,-6,1,-1,4,-1,-1,4
5586,5586,1503688062564,5,0,6,1,-5,-3,3,6
5587,5587,1503688062583,-16,4,3,2,-4,2,-1,-12
5588,5588,1503688062587,7,12,9,5,5,5,1,12
5589,5589,1503688062595,21,-2,-3,-5,-4,-2,-13,2
5590,5590,1503688062610,-7,-6,-7,-4,-3,-7,-3,1
5591,5591,1503688062617,3,5,1,1,2,3,-3,-17
5592,5592,1503688062625,-4,-7,-4,0,12,-4,-6,0
5593,5593,1503688062640,15,2,-5,-2,-8,-4,2,13
5594,5594,1503688062649,6,-5,0,1,-5,-4,-5,3
5595,5595,1503688062650,-24,3,2,-1,0,-1,-2,-27
5596,5596,1503688062655,-21,3,2,2,5,0,4,-1
5597,5597,1503688062669,-9,-10,-6,-4,7,7,-2,0
5598,5598,1503688062678,-2,3,1,1,-5,3,1,-11
5599,5599,1503688062692,-5,-14,-5,1,-5,0,0,9
5600,5600,1503688062700,14,-4,-6,-1,3,-2,4,12
5601,5601,1503688062707,11,-4,-5,-4,-4,-2,1,-1
5602,5602,1503688062722,-20,-2,3,1,-1,0,1,2
5603,5603,1503688062729,-20,-3,-3,-1,-17,0,3,-6
5604,5604,1503688062737,15,-4,-7,-4,1,1,2,46
5605,5605,1503688062752,8,-7,0,-2,5,-2,1,7
5606,5606,1503688062760,-10,-10,3,0,-5,-3,-1,-8
5607,5607,1503688062767,14,5,-5,-3,1,-3,3,21
5608,5608,1503688062785,14,-2,-7,-2,1,7,2,3
5609,5609,1503688062789,0,6,2,1,-2,-3,-8,-14
5610,5610,1503688062797,-19,2,-1,-1,0,-3,-3,-7
5611,5611,1503688062812,10,1,-1,2,-4,0,1,1
5612,5612,1503688062820,-2,7,12,2,-2,0,3,6
5613,5613,1503688062828,0,9,7,-1,-11,1,0,6
5614,5614,1503688062843,0,7,5,2,0,-2,-6,-10
5615,5615,1503688062850,1,-5,2,2,4,2,-3,-3
5616,5616,1503688062858,10,-3,-4,-3,-3,-1,2,32
5617,5617,1503688062872,4,6,2,-3,-1,-3,0,-7
5618,5618,1503688062880,3,0,-3,1,0,-4,-5,-21
5619,5619,1503688062887,5,2,1,2,2,-2,-4,-2
5620,5620,1503688062902,-9,-6,-2,-2,1,6,1,-4
5621,5621,1503688062909,6,-7,-2,2,2,1,-2,-2
5622,5622,1503688062919,-10,-8,-5,-3,-3,-1,1,-5
5623,5623,1503688062932,-7,-4,0,2,-4,-1,-1,0
5624,5624,1503688062940,1,-1,0,-1,-9,2,-1,-8
5625,5625,1503688062947,-3,2,2,-4,2,-3,-1,3
5626,5626,1503688062962,2,5,0,2,5,1,1,-5
5627,5627,1503688062969,0,1,1,5,0,-3,0,0
5628,5628,1503688062977,15,1,3,-5,0,5,2,2
5629,5629,1503688062992,-15,-3,-2,-2,-4,1,-1,2
5630,5630,1503688062993,3,0,-5,-5,0,4,-3,0
5631,5631,1503688063000,-5,-2,-3,1,-3,-6,-2,-4
5632,5632,1503688063007,2,0,-3,-2,4,-5,-11,4
5633,5633,1503688063022,-5,-10,-4,-3,1,1,-1,10
5634,5634,1503688063029,-5,-4,-3,1,1,0,6,-6
5635,5635,1503688063037,-2,-6,0,0,-1,-1,-6,-19
5636,5636,1503688063052,4,-4,-2,-3,-3,1,0,11
5637,5637,1503688063060,1,3,2,0,1,-5,0,-2
5638,5638,1503688063067,-6,2,2,-2,-6,-2,-2,-21
5639,5639,1503688063084,-2,2,-2,-1,0,-2,-3,-3
5640,5640,1503688063089,-8,-3,0,1,2,1,0,0
5641,5641,1503688063097,-3,1,-3,1,4,0,-1,-4
5642,5642,1503688063112,-5,-6,-3,-4,-4,3,0,-2
5643,5643,1503688063127,-11,13,3,0,-6,-1,0,-3
5644,5644,1503688063128,-2,13,-2,0,1,-2,4,7
5645,5645,1503688063144,8,8,9,-1,-3,-1,0,-2
5646,5646,1503688063152,7,-11,-7,-1,-11,-2,5,7
5647,5647,1503688063157,-2,2,-5,-5,-1,-1,-1,-6
5648,5648,1503688063172,3,-8,1,0,0,0,-1,-2
5649,5649,1503688063180,-5,-10,-4,1,2,-1,2,7
5650,5650,1503688063187,-7,0,-2,-3,-2,0,1,-4
5651,5651,1503688063202,-6,-1,-4,-1,1,-4,-1,-1
5652,5652,1503688063209,-1,-5,-3,-2,1,-3,-3,9
5653,5653,1503688063219,11,-4,-3,1,4,1,1,3
5654,5654,1503688063232,-25,2,3,0,2,1,-3,-20
5655,5655,1503688063240,-3,-12,3,-2,-4,-2,-3,10
5656,5656,1503688063247,3,-1,0,0,-2,-2,4,13
5657,5657,1503688063263,-11,-5,-3,-2,0,2,-2,0
5658,5658,1503688063269,1,2,-2,-1,0,-1,-5,-10
5659,5659,1503688063278,-2,-2,-3,-1,-3,-6,1,-8
5660,5660,1503688063292,11,2,2,-2,-2,-3,0,6
5661,5661,1503688063300,9,1,-3,-1,-1,0,-2,2
5662,5662,1503688063307,5,-4,0,1,3,1,0,6
5663,5663,1503688063323,8,8,-1,3,-5,-2,2,2
5664,5664,1503688063329,28,-4,-9,-2,1,-2,-3,5
5991,5991,1503688066592,-5,-1,-13,-7,-3,-4,-3,-2
5992,5992,1503688066601,8,-10,-9,-3,-2,-1,1,-6
5993,5993,1503688066607,-4,-12,-1,-2,-3,-2,2,-1
5994,5994,1503688066622,-6,0,-2,-4,-4,3,-2,-3
5995,5995,1503688066629,-1,3,3,-1,1,-2,-4,-5
5996,5996,1503688066639,1,-1,1,-1,1,-1,-10,-1
5997,5997,1503688066652,-1,-1,0,-2,2,12,1,3
5998,5998,1503688066663,1,-2,-5,0,-1,4,3,-5
5999,5999,1503688066667,3,1,3,2,2,-3,1,8
6000,6000,1503688066682,-4,1,0,3,-2,-3,2,3
6001,6001,1503688066689,-2,-2,4,0,-1,-1,3,-11
6002,6002,1503688066697,20,-1,-8,-5,-5,-6,4,23
6003,6003,1503688066712,-2,3,-2,-4,3,0,-4,-5
6004,6004,1503688066719,7,9,9,1,-4,3,0,-6
6005,6005,1503688066726,8,-3,-1,1,-4,-3,-2,-6
6006,6006,1503688066742,4,0,-1,0,-6,-3,0,6
6007,6007,1503688066749,-3,4,12,5,2,-1,-2,0
6008,6008,1503688066757,-22,-9,-8,-6,-5,-3,1,-5
6009,6009,1503688066772,3,10,2,-1,-2,2,3,4
6010,6010,1503688066779,-11,-2,1,-1,-2,-1,-2,-8
6011,6011,1503688066786,-4,-2,-8,-1,-4,-1,-5,3
6012,6012,1503688066804,8,-1,1,-2,1,-1,0,6
6013,6013,1503688066809,-5,0,0,1,7,1,-1,0
6014,6014,1503688066817,-3,7,10,4,1,-1,-2,-11
6015,6015,1503688066832,-10,2,-12,-6,0,-4,-3,-7
6016,6016,1503688066840,-10,8,4,2,1,0,-1,-7
6017,6017,1503688066847,-2,0,-3,-1,-7,-1,0,-3
6018,6018,1503688066862,9,-2,-3,-4,-2,0,-1,4
6019,6019,1503688066870,8,-4,0,-1,-2,0,1,9
6020,6020,1503688066878,-11,-1,-2,0,3,-3,-3,-3
6021,6021,1503688066892,5,6,3,0,-5,0,3,-8
6022,6022,1503688066900,-6,4,-1,-1,-1,0,-1,-5
6023,6023,1503688066907,-2,1,6,-2,-4,-2,1,6
6024,6024,1503688066922,-8,-9,-4,0,-2,1,-3,-3
6025,6025,1503688066929,0,-1,3,2,-2,-1,-1,-3
6026,6026,1503688066938,-4,8,-1,-1,2,-1,-1,-14
6027,6027,1503688066952,-7,1,4,-2,-12,-2,-4,6
6028,6028,1503688066967,1,-1,-1,-1,5,0,1,5
6029,6029,1503688066970,-1,-5,-4,0,6,5,2,-5
6030,6030,1503688066982,-13,-10,1,3,5,0,2,-1
6031,6031,1503688066989,-3,-2,-1,3,2,-2,-7,-3
6032,6032,1503688066997,11,0,3,0,-3,-3,1,-1
6033,6033,1503688067012,-4,6,7,0,-3,-1,2,-1
6034,6034,1503688067019,-5,-11,-8,-5,-3,-1,-2,2
6035,6035,1503688067026,-9,-2,1,-4,2,3,0,-5
6036,6036,1503688067027,0,-7,-2,0,-3,1,-2,-4
6037,6037,1503688067042,6,-6,-4,-4,-3,0,6,15
6038,6038,1503688067049,5,1,-5,-3,5,1,0,4
6039,6039,1503688067064,15,-1,-4,-5,-9,-1,-2,-6
6040,6040,1503688067072,-9,-5,-6,-4,-9,-10,-5,3
6041,6041,1503688067080,-4,5,-5,-4,3,0,-6,-1
6042,6042,1503688067087,-2,2,2,0,6,-2,-2,-19
6043,6043,1503688067104,-1,0,0,-1,-9,-2,-3,-5
6044,6044,1503688067109,-1,-1,1,3,8,-1,3,1
6045,6045,1503688067124,-4,-4,-10,-2,7,2,-3,0
6046,6046,1503688067132,3,-3,4,-3,-3,0,0,4
6047,6047,1503688067141,-6,-1,3,4,3,-1,-2,-2
6048,6048,1503688067147,34,1,-5,-3,-3,-2,1,12
6049,6049,1503688067162,1,7,3,4,1,-1,-11,-2
6050,6050,1503688067172,-4,1,-2,-2,-12,-6,-1,2
6051,6051,1503688067184,-3,-2,3,-1,2,-5,2,-12
6052,6052,1503688067192,-13,-4,-2,-2,0,2,-3,-18
6053,6053,1503688067200,-10,-3,0,-1,-1,2,2,2
6054,6054,1503688067207,-14,0,0,-1,0,0,-2,-17
6055,6055,1503688067222,8,-6,-1,-2,-5,-2,1,4
6056,6056,1503688067229,0,-7,-4,0,0,-1,-1,-6
6057,6057,1503688067244,-7,-12,-9,-4,-5,0,4,25
6058,6058,1503688067252,-14,-5,-7,-1,2,-1,0,2
6059,6059,1503688067260,-3,-3,-1,-3,0,-4,-2,-5
6060,6060,1503688067267,10,1,3,1,12,0,1,14
6061,6061,1503688067283,4,9,4,0,-3,0,2,9
6062,6062,1503688067289,19,0,-5,1,0,-1,1,23
6063,6063,1503688067307,20,14,4,3,0,0,3,-7
6064,6064,1503688067313,-7,-1,-4,-1,-1,-1,-1,-3
6065,6065,1503688067320,3,-6,-5,-1,0,-1,1,3
6066,6066,1503688067327,8,8,2,-2,-4,-1,-3,-6
6067,6067,1503688067343,-12,-3,-2,-2,-1,-3,-3,-9
6068,6068,1503688067349,-6,-9,-8,-4,-3,2,-2,25
6069,6069,1503688067365,-13,-12,1,-3,-1,0,1,-1
6070,6070,1503688067373,-9,-3,3,0,0,-2,1,-8
6071,6071,1503688067382,5,1,0,2,2,4,-1,-4
6072,6072,1503688067394,1,2,-1,-2,0,-3,-2,-10
6073,6073,1503688067402,0,0,2,-2,-13,0,-3,-9
6074,6074,1503688067411,9,13,9,4,1,5,3,8
6075,6075,1503688067426,18,14,6,1,4,0,2,10
6076,6076,1503688067432,-2,14,-4,1,-5,-2,0,3
6077,6077,1503688067441,-7,-2,3,1,2,-3,1,-11
6078,6078,1503688067454,21,-14,-1,-1,0,0,-2,-6
6079,6079,1503688067463,-4,1,-6,-2,-3,-3,-1,-9
6080,6080,1503688067469,-6,-3,2,-1,0,1,-1,-1
6081,6081,1503688067484,2,-6,-3,1,2,3,-2,-1
6082,6082,1503688067491,1,-8,-1,1,3,-1,-2,6
6083,6083,1503688067492,-6,3,2,-2,-2,-1,-2,-5
6084,6084,1503688067500,-8,-4,-2,-4,-7,-6,-2,3
6085,6085,1503688067515,-4,16,6,1,-4,-1,-3,-10
6086,6086,1503688067523,-4,-4,-3,-1,2,-3,0,5
6087,6087,1503688067529,7,-11,-6,-3,5,-1,1,-1
6088,6088,1503688067544,-8,4,4,2,-2,-3,-1,-7
6089,6089,1503688067552,-12,-9,-4,-3,-2,-1,-3,-18
6090,6090,1503688067560,0,-2,3,-2,0,-5,-3,-1
6091,6091,1503688067574,-3,-6,-2,1,-1,1,-1,-3
6092,6092,1503688067582,16,8,-2,-3,-5,1,-2,-5
6093,6093,1503688067589,-8,15,0,-1,-2,2,1,12
6094,6094,1503688067605,0,-7,-4,-4,2,2,-1,5
6095,6095,1503688067612,-8,-8,-3,-1,-2,-3,0,-4
6096,6096,1503688067620,3,5,6,2,10,4,-1,-2
6097,6097,1503688067634,-5,-1,-2,1,-4,0,-1,1
6098,6098,1503688067642,10,-3,-3,-2,-2,-2,-10,-9
6099,6099,1503688067650,12,8,1,-3,-1,-1,-1,18
6100,6100,1503688067664,0,9,5,2,0,0,1,-6
6101,6101,1503688067674,-11,-5,0,0,1,-1,-2,-14
6102,6102,1503688067680,-3,-11,-7,-3,-5,3,-2,4
6103,6103,1503688067694,9,3,7,2,0,-1,-1,0
6104,6104,1503688067702,-7,-5,-3,-2,-2,-3,4,4
6105,6105,1503688067710,-7,-12,-7,0,0,1,-3,0
6106,6106,1503688067724,-15,2,5,4,2,1,0,2
6107,6107,1503688067732,-7,-5,-1,1,-1,-2,0,-4
6108,6108,1503688067740,3,0,-3,-1,6,-2,-2,-2
6109,6109,1503688067741,0,-12,-6,0,-14,-5,3,6
6110,6110,1503688067754,7,-2,2,-1,0,-1,-1,1
6111,6111,1503688067762,25,6,3,-3,8,1,1,35
6112,6112,1503688067769,-3,-7,-6,-1,-5,1,-1,-13
6113,6113,1503688067785,-12,-7,-5,-1,1,-3,-1,-10
6114,6114,1503688067792,-2,-2,0,-1,2,1,4,3
6115,6115,1503688067800,-9,3,-1,-3,-5,0,-2,-15
6116,6116,1503688067814,-7,-2,-5,-1,-3,1,2,-5
6117,6117,1503688067822,-3,-1,0,-1,1,-1,1,-1
6118,6118,1503688067829,1,3,1,-2,-11,-1,-1,11
6119,6119,1503688067844,-4,-5,-4,-2,0,-3,0,-2
6120,6120,1503688067852,5,4,6,0,6,-1,-1,-2
6121,6121,1503688067860,4,-12,-6,-1,-2,-2,1,2
6122,6122,1503688067875,11,-6,-4,0,0,0,-1,3
6123,6123,1503688067884,1,-4,1,1,0,-1,-4,-7
6124,6124,1503688067889,-10,5,1,-1,1,2,-2,-3
6125,6125,1503688067904,-12,-7,-3,0,0,2,0,-10
6126,6126,1503688067912,-4,-1,-1,-5,-1,-3,2,1
6127,6127,1503688067920,4,5,5,-1,-2,1,-2,-3
6128,6128,1503688067934,-4,-3,-5,-2,2,-2,3,-3
6497,6497,1503688071542,-1,4,2,-4,-7,-6,-4,-5
6498,6498,1503688071549,-5,-9,-5,0,-5,2,1,3
6499,6499,1503688071565,8,-3,-4,-5,-6,0,1,12
6500,6500,1503688071571,-6,4,-1,-1,10,-2,1,8
6501,6501,1503688071579,-6,-1,1,-2,-7,0,3,-4
6502,6502,1503688071594,-6,-5,4,-3,-15,3,0,-1
6503,6503,1503688071602,4,5,2,6,4,0,-1,-1
6504,6504,1503688071609,1,-5,-8,-8,-5,-3,-2,4
6505,6505,1503688071627,13,5,6,1,-5,-1,1,13
6506,6506,1503688071632,1,6,1,4,5,-3,-14,-7
6507,6507,1503688071639,-5,-1,0,0,3,0,-2,-4
6508,6508,1503688071654,6,0,8,3,3,-1,3,-1
6509,6509,1503688071662,-12,-4,-4,1,12,-1,-4,-6
6510,6510,1503688071669,-7,-3,-5,-2,-4,-2,-1,0
6511,6511,1503688071684,-7,-12,-8,-3,-3,0,0,4
6512,6512,1503688071694,-6,-2,1,-1,4,6,1,-4
6513,6513,1503688071700,-5,1,1,3,3,-4,-2,0
6514,6514,1503688071714,-1,-5,-3,0,-6,-2,-3,-9
6515,6515,1503688071722,-1,3,-1,-1,-1,-3,2,9
6516,6516,1503688071729,-5,-7,-3,-3,0,0,5,-10
6517,6517,1503688071744,0,-4,-8,-3,-4,-1,-6,-8
6518,6518,1503688071751,10,1,1,0,1,-1,-2,8
6519,6519,1503688071762,-2,-10,-1,0,-3,-2,-2,-5
6520,6520,1503688071763,-9,-2,0,-3,-1,-2,0,-9
6521,6521,1503688071774,0,7,7,1,2,0,2,14
6522,6522,1503688071782,-1,3,4,1,-2,-2,-5,-7
6523,6523,1503688071789,4,1,-3,0,11,-5,-1,-3
6524,6524,1503688071805,0,1,0,-2,-7,-2,0,0
6525,6525,1503688071811,17,-4,-5,-1,7,-4,-1,6
6526,6526,1503688071828,4,-1,-1,-2,-3,6,-2,-4
6527,6527,1503688071834,-5,-3,-5,-2,-3,0,0,-1
6528,6528,1503688071843,-8,1,6,2,-1,0,-2,-8
6529,6529,1503688071850,-3,-9,-6,-2,-6,-2,-6,-1
6530,6530,1503688071865,-2,3,4,1,-13,-2,-3,-17
6531,6531,1503688071872,0,0,1,2,-10,0,-1,-6
6532,6532,1503688071887,3,-7,-4,-3,6,0,3,22
6533,6533,1503688071895,-6,4,0,0,-3,-5,-2,-8
6534,6534,1503688071902,1,1,0,0,0,6,2,-1
6535,6535,1503688071909,-2,-3,-2,-1,-1,4,7,11
6536,6536,1503688071925,-3,-1,-3,-1,9,-3,-1,-8
6537,6537,1503688071932,-7,3,0,-2,-3,0,-5,-12
6538,6538,1503688071946,31,5,-4,-5,1,-4,7,75
6539,6539,1503688071954,-4,7,3,0,-1,1,-1,-5
6540,6540,1503688071963,-16,-4,2,1,-1,-4,-11,-50
6541,6541,1503688071969,2,4,2,0,0,1,1,2
6542,6542,1503688071986,9,5,0,-1,-3,-1,0,-8
6543,6543,1503688071992,-10,-9,-5,0,5,-1,-6,-13
6544,6544,1503688072006,-1,-8,-4,-4,-1,1,4,10
6545,6545,1503688072007,11,8,3,2,0,-1,1,6
6546,6546,1503688072014,-2,-1,0,-1,-10,-1,-4,-4
6547,6547,1503688072022,5,-9,-9,-2,-4,-1,1,9
6548,6548,1503688072037,0,3,-3,0,12,4,-2,1
6549,6549,1503688072045,0,-1,3,0,1,2,2,4
6550,6550,1503688072052,7,-9,-7,-4,-4,-4,2,19
6551,6551,1503688072066,-17,-1,0,-1,-3,2,1,-19
6552,6552,1503688072081,4,-4,-7,-2,-4,-4,3,-3
6553,6553,1503688072083,-5,6,5,1,2,1,2,-3
6554,6554,1503688072097,-5,-11,0,4,0,4,2,0
6555,6555,1503688072104,10,18,10,3,4,-2,-2,4
6556,6556,1503688072105,0,-4,-4,-3,0,0,0,-2
6557,6557,1503688072111,2,0,4,7,10,-3,0,-4
6558,6558,1503688072127,-1,0,0,-4,1,-6,-5,-1
6559,6559,1503688072134,-4,2,0,-4,-6,-3,-4,-1
6560,6560,1503688072142,-1,-3,-3,-3,3,-2,-3,-3
6561,6561,1503688072156,-8,1,2,-1,-7,-2,-2,-3
6562,6562,1503688072166,-7,-2,-2,-2,-7,-6,-6,-6
6563,6563,1503688072171,18,1,1,-4,-1,-1,-2,3
6564,6564,1503688072187,2,-1,-1,5,0,1,1,8
6565,6565,1503688072196,-8,0,-2,-4,-6,-7,-1,-11
6566,6566,1503688072203,-4,-1,2,-1,-4,3,-3,-4
6567,6567,1503688072216,5,2,-1,-1,0,0,3,34
6568,6568,1503688072225,-6,-1,-4,-1,-2,1,0,-7
6569,6569,1503688072232,6,4,-2,3,8,-1,-1,-1
6570,6570,1503688072247,-1,-9,-1,-3,-11,-1,-4,-3
6571,6571,1503688072254,7,-4,-2,-2,3,-3,-2,-16
6572,6572,1503688072265,4,-7,-4,0,2,-3,-1,-9
6573,6573,1503688072276,-1,-3,0,-4,-10,-4,-3,9
6574,6574,1503688072285,-4,2,2,4,8,5,4,-5
6575,6575,1503688072291,5,4,2,-3,-7,-3,-1,-11
6576,6576,1503688072306,-8,-8,-3,-1,0,0,2,-8
6577,6577,1503688072314,-9,3,11,3,4,1,-2,-4
6578,6578,1503688072322,7,3,-3,-2,-5,-1,0,3
6579,6579,1503688072336,-4,-13,-5,-5,6,-3,-1,-3
6580,6580,1503688072337,0,-6,-9,-2,-11,0,-1,-3
6581,6581,1503688072344,2,4,1,1,0,0,-1,2
6582,6582,1503688072351,-7,1,0,-2,11,0,0,19
6583,6583,1503688072367,-12,-1,4,1,-1,-5,-2,8
6584,6584,1503688072374,16,26,-2,-3,-11,-6,5,25
6585,6585,1503688072382,7,8,3,0,-1,0,-13,-13
6586,6586,1503688072397,4,-17,-6,-2,0,3,0,3
6587,6587,1503688072404,-7,-1,-1,-1,26,-1,2,-10
6588,6588,1503688072411,2,2,0,-3,0,4,-3,-21
6589,6589,1503688072426,-9,9,-8,0,-1,3,-4,-11
6590,6590,1503688072435,-3,-11,7,4,5,2,-1,-1
6591,6591,1503688072443,1,-10,-2,-3,-4,-4,1,4
6592,6592,1503688072456,-9,-3,-5,-2,-4,-1,-2,-10
6593,6593,1503688072470,5,-4,-2,0,-9,2,-1,11
6594,6594,1503688072471,-7,-3,-2,0,20,9,-4,-10
6595,6595,1503688072487,4,2,0,-8,-12,-3,1,6
6596,6596,1503688072494,-5,-2,-1,-2,0,-1,3,-4
6597,6597,1503688072502,3,0,0,4,-3,-5,1,4
6598,6598,1503688072516,4,1,1,0,4,-1,1,21
6599,6599,1503688072524,1,-2,0,-3,-2,0,-3,-1
6600,6600,1503688072531,-3,1,0,2,-2,0,2,-5
6601,6601,1503688072546,-4,-1,1,3,-1,0,-2,-15
6602,6602,1503688072554,-12,-3,-2,-5,-8,0,0,-7
6603,6603,1503688072562,2,1,0,1,1,0,3,0
6604,6604,1503688072576,2,0,-2,0,-11,1,-4,-14
6605,6605,1503688072584,-1,-2,-1,-1,4,2,4,26
6606,6606,1503688072591,6,16,-1,-1,1,-5,0,-8
6607,6607,1503688072607,13,2,1,0,-6,-1,1,2
6608,6608,1503688072614,-5,-11,-3,-3,1,-1,-1,-11
6609,6609,1503688072622,-5,-1,-1,-3,2,-1,-1,-16
6610,6610,1503688072636,-2,-2,3,4,-1,-1,1,11
6611,6611,1503688072644,-4,-5,0,0,0,-1,1,4
6612,6612,1503688072651,5,0,0,-1,-1,-1,-3,-4
6613,6613,1503688072674,-4,0,2,-1,2,0,0,7
6614,6614,1503688072682,5,-2,-2,-2,-1,-4,0,3
6615,6615,1503688072700,-5,5,7,1,0,-5,-4,1
6616,6616,1503688072705,5,-1,-3,-3,-1,-1,-3,-2
6617,6617,1503688072711,6,-26,-18,-7,-5,-2,7,19
6618,6618,1503688072726,-5,7,-3,-1,-6,-3,-5,-7
6619,6619,1503688072734,-20,6,13,4,1,-3,0,-13
6620,6620,1503688072742,5,-3,-2,1,-2,1,0,-5
6621,6621,1503688072756,2,-6,-8,-3,-3,-1,-5,-2
6622,6622,1503688072767,-5,3,6,0,1,3,-2,-7
6623,6623,1503688072771,2,10,3,-3,-22,-2,1,30
6624,6624,1503688072787,9,0,3,1,0,-3,0,3
6625,6625,1503688072794,5,27,11,-2,3,1,-7,-10
6626,6626,1503688072804,-1,23,5,2,-3,-1,-1,1
6627,6627,1503688072817,3,-6,-4,-1,5,-2,-2,-18
6628,6628,1503688072836,-4,0,2,0,0,1,-4,-19
6629,6629,1503688072847,-1,-14,-5,-1,1,-1,1,12
6630,6630,1503688072854,2,-10,-9,-3,2,0,-5,-26
6631,6631,1503688072862,-3,0,1,-3,0,-1,3,8
6632,6632,1503688072876,-6,-9,-6,-1,-3,-3,-3,-3
6633,6633,1503688072884,-3,-2,-3,-1,-3,0,-2,-8
6634,6634,1503688072891,-1,-5,-2,1,3,-2,0,-2
6635,6635,1503688072906,-4,0,3,3,1,-1,-2,12
6636,6636,1503688072914,-5,-8,-1,0,3,2,3,9
6637,6637,1503688072922,0,-6,-5,-3,-2,1,0,-3
6638,6638,1503688072937,-8,-16,-3,-2,-2,0,1,-2
6639,6639,1503688072945,-8,-4,0,-1,-6,-4,-4,-12
6640,6640,1503688072959,12,1,0,0,5,1,1,-24
6641,6641,1503688072969,-8,5,1,-1,-1,1,4,-28
6642,6642,1503688072974,-5,-3,-6,-2,-4,-2,-5,-9
6643,6643,1503688072989,0,-4,-3,-1,-1,4,3,0
6644,6644,1503688072996,-3,-2,-5,0,1,1,-1,11
6645,6645,1503688073005,3,-9,-2,-2,-3,-2,-1,9
6646,6646,1503688073019,1,7,6,-1,-6,-1,-3,16
6647,6647,1503688073027,2,2,1,-1,-1,-1,-2,-2
6648,6648,1503688073035,2,-6,1,1,-2,-2,3,6
6924,6924,1503688075794,-9,-7,-8,-4,-4,-3,-3,-3
6925,6925,1503688075801,7,-1,3,-3,-3,0,1,2
6926,6926,1503688075816,0,-15,-16,-4,-1,1,-3,0
6927,6927,1503688075823,-1,0,6,0,-1,-2,-1,1
6928,6928,1503688075824,-2,-9,-5,-3,-2,1,-3,-3
6929,6929,1503688075831,1,5,-3,-2,-5,-1,-1,2
6930,6930,1503688075846,0,6,15,4,0,2,2,-3
6931,6931,1503688075854,2,-5,-2,-1,-2,0,-3,1
6932,6932,1503688075861,-1,13,3,-1,-1,0,0,-3
6933,6933,1503688075876,7,-5,-4,1,2,-1,0,2
6934,6934,1503688075883,-7,-6,-1,2,1,-2,1,0
6935,6935,1503688075891,4,6,-7,-5,-1,-3,0,-1
6936,6936,1503688075920,-2,-2,0,2,2,4,0,2
6937,6937,1503688075922,-2,-14,-5,-4,-1,-4,-3,-3
6938,6938,1503688075923,6,16,-1,1,1,-2,2,-3
6939,6939,1503688075943,-3,-10,-3,-4,0,-3,2,-2
6940,6940,1503688075952,16,7,8,1,-13,-2,2,25
6941,6941,1503688075966,-22,-16,-10,-4,-3,3,1,-2
6942,6942,1503688075974,-8,2,5,-1,9,-1,-4,-13
6943,6943,1503688075984,2,16,3,1,-2,-6,-4,-4
6944,6944,1503688075998,-6,10,5,4,-12,-3,0,-5
6945,6945,1503688076003,16,-5,-5,-3,-1,-3,-2,2
6946,6946,1503688076011,-5,-29,-8,-3,2,3,2,-7
6947,6947,1503688076025,2,-13,-10,-3,-2,2,-2,3
6948,6948,1503688076034,-15,6,4,1,11,3,-15,-7
6949,6949,1503688076040,-5,-9,-4,-2,4,1,-1,-1
6950,6950,1503688076058,1,2,-2,-1,1,-8,1,-5
6951,6951,1503688076063,7,8,-3,3,-3,1,0,2
6952,6952,1503688076072,9,8,0,1,11,0,3,-7
6953,6953,1503688076087,-14,-4,2,0,-6,-6,-3,-16
6954,6954,1503688076094,-4,-9,-1,-3,0,2,1,11
6955,6955,1503688076100,-4,-1,-1,1,2,0,-2,-1
6956,6956,1503688076117,8,2,5,3,0,1,4,14
6957,6957,1503688076123,1,0,4,-2,-3,-3,-1,7
6958,6958,1503688076131,-2,1,-2,-1,-8,-6,2,-1
6959,6959,1503688076145,12,-7,-2,-1,3,1,1,2
6960,6960,1503688076154,-10,-2,0,-2,-2,-1,0,-1
6961,6961,1503688076161,-4,42,17,7,2,1,-5,-10
6962,6962,1503688076176,6,6,-3,-3,-2,0,-2,-3
6963,6963,1503688076183,-3,-10,0,-4,-7,-5,1,12
6964,6964,1503688076192,-5,-6,-4,1,-1,-1,-1,-9
6965,6965,1503688076207,3,28,24,3,0,0,0,-11
6966,6966,1503688076213,-4,-21,-15,-7,-3,2,2,2
6967,6967,1503688076229,-1,-7,-5,0,2,2,-3,-9
6968,6968,1503688076236,-12,-2,0,1,-3,0,-2,-4
6969,6969,1503688076244,15,-8,-6,-6,-2,-2,-2,4
6970,6970,1503688076252,4,-5,-4,1,2,1,-3,0
6971,6971,1503688076267,-1,-12,-5,-1,-3,-1,1,2
6972,6972,1503688076274,1,2,1,-5,-5,-4,-11,-2
6973,6973,1503688076289,8,11,7,8,7,2,0,-12
6974,6974,1503688076290,-2,-11,-9,-2,13,-2,-3,10
6975,6975,1503688076296,-4,5,7,6,6,4,4,-4
6976,6976,1503688076304,-19,1,-5,-1,-1,-1,-5,-10
6977,6977,1503688076311,20,6,2,-2,-4,-1,1,14
6978,6978,1503688076327,-7,-14,-5,-1,-3,-4,2,-2
6979,6979,1503688076333,-7,-4,-2,-2,-4,-1,-2,-6
6980,6980,1503688076351,-14,-13,-1,2,-2,-1,-2,-9
6981,6981,1503688076357,5,13,7,2,3,-1,0,11
6982,6982,1503688076364,-2,7,0,-1,-9,2,1,4
6983,6983,1503688076371,9,1,-4,6,2,0,1,-3
6984,6984,1503688076388,4,11,2,-1,0,-1,-7,2
6985,6985,1503688076394,-14,-3,1,0,-2,0,0,-5
6986,6986,1503688076409,8,-10,-5,-4,-1,-1,4,2
6987,6987,1503688076417,-10,-6,-3,-3,4,0,-4,-10
6988,6988,1503688076424,6,1,-1,2,-1,1,2,2
6989,6989,1503688076431,7,7,-1,-2,-4,-5,0,4
6990,6990,1503688076447,2,11,13,2,-5,2,2,3
6991,6991,1503688076454,-9,-7,-3,0,-3,-1,2,-3
6992,6992,1503688076469,5,27,11,-2,1,-1,1,1
6993,6993,1503688076476,-7,-5,5,1,2,1,-1,-2
6994,6994,1503688076485,6,-23,-13,-1,-7,3,3,14
6995,6995,1503688076491,-2,4,-1,0,1,2,2,-2
6996,6996,1503688076507,-11,-16,-3,0,-6,1,1,10
6997,6997,1503688076514,12,-3,-5,-4,0,-2,1,4
6998,6998,1503688076529,1,1,-5,-8,3,-2,-3,-13
6999,6999,1503688076536,18,6,8,1,-5,0,-2,8
7000,7000,1503688076544,5,3,3,2,3,-2,0,-3
7001,7001,1503688076555,-10,-6,-8,-1,2,-1,-1,-6
7002,7002,1503688076567,7,4,0,0,0,-5,-10,-6
7003,7003,1503688076573,-10,-15,-4,-4,-7,-4,-3,-22
7004,7004,1503688076589,3,1,-4,-1,-12,2,0,-4
7005,7005,1503688076596,4,-6,-2,0,0,0,-2,1
7006,7006,1503688076604,-4,-5,-3,1,6,-2,5,0
7007,7007,1503688076611,-9,2,-3,-2,2,6,-1,-5
7008,7008,1503688076627,-7,-8,-8,-3,3,-2,-2,-6
7009,7009,1503688076633,3,-1,0,-1,-4,-7,-2,7
7010,7010,1503688076649,-16,9,11,2,-4,-1,-4,-24
7011,7011,1503688076656,4,7,-1,0,-2,0,-3,1
7012,7012,1503688076664,-3,-11,-4,-2,5,1,2,6
7013,7013,1503688076679,5,-2,-1,-1,2,2,-2,5
7014,7014,1503688076687,-18,-6,-5,-1,3,-1,-3,-14
7015,7015,1503688076694,7,3,1,0,5,0,-3,-14
7016,7016,1503688076709,20,7,3,0,-5,-2,-3,-6
7017,7017,1503688076716,9,0,-5,-2,3,1,7,29
7018,7018,1503688076724,68,4,-4,-3,0,0,8,103
7019,7019,1503688076738,-10,-5,-5,-4,-6,-1,-4,-6
7020,7020,1503688076747,-19,16,18,6,5,3,3,-11
7021,7021,1503688076754,14,1,-2,-2,-3,-3,7,47
7022,7022,1503688076769,-17,-13,-6,-3,1,-4,-6,-24
7023,7023,1503688076776,-40,-9,0,1,-2,0,-3,-50
7024,7024,1503688076787,4,-6,-6,0,-1,-3,-1,3
7025,7025,1503688076799,-15,1,-4,1,-2,-1,-5,-9
7026,7026,1503688076807,27,6,-4,-2,3,-2,2,23
7027,7027,1503688076814,22,0,-3,-1,9,-6,2,12
7028,7028,1503688076829,-28,-6,-6,-3,-4,5,-3,-29
7029,7029,1503688076836,-20,-14,3,4,0,-3,-6,-22
7030,7030,1503688076844,-12,-15,-9,-2,3,3,-7,-14
7031,7031,1503688076859,-21,1,3,-1,-5,1,-7,-48
7032,7032,1503688076867,-34,2,10,3,0,-2,-9,-40
7033,7033,1503688076873,22,15,8,0,0,-2,1,16
7034,7034,1503688076889,-6,1,-4,-4,-2,-2,2,-4
7035,7035,1503688076897,3,-4,-7,-3,-6,-3,-4,-10
7036,7036,1503688076904,48,0,5,1,-3,-1,9,58
7037,7037,1503688076920,-6,-4,-6,0,-3,0,3,11
7038,7038,1503688076927,1,3,-2,0,1,-2,-5,-25
7039,7039,1503688076933,10,35,29,3,5,1,6,27
7040,7040,1503688076956,6,10,15,1,-2,-4,0,-21
7041,7041,1503688076957,17,1,-2,-3,-5,-3,4,34
7042,7042,1503688076964,47,0,-6,-3,-2,0,13,54
7043,7043,1503688076979,8,-4,-10,-3,-1,2,4,18
7044,7044,1503688076989,-21,-10,-11,-1,8,0,-8,-17
7045,7045,1503688076994,15,-5,-12,-4,-6,0,-2,-19
7046,7046,1503688077009,-58,1,3,0,-2,2,-8,-19
7047,7047,1503688077016,-2,2,-6,-2,2,-1,-7,-13
7048,7048,1503688077024,-2,-3,0,-1,-1,-4,-4,29
7049,7049,1503688077039,-9,-16,-9,-2,-1,-5,0,-1
7050,7050,1503688077047,-13,9,-2,-1,-2,-2,-2,-13
7051,7051,1503688077055,4,22,11,-1,-2,-7,-5,-2
7052,7052,1503688077069,18,-7,-4,-2,2,-3,-2,16
7053,7053,1503688077076,9,-7,1,-3,-4,-2,1,-62
7054,7054,1503688077084,-10,-6,-2,0,-1,-1,0,-74
7387,7387,1503688080323,5,-2,-3,-4,-4,-2,-5,-4
7388,7388,1503688080331,-1,-8,-6,-6,-1,1,5,7
7389,7389,1503688080346,-5,3,0,-1,7,4,0,-10
7390,7390,1503688080353,4,3,5,1,-3,-2,0,-1
7391,7391,1503688080361,4,-2,-3,1,-3,-1,4,20
7392,7392,1503688080376,-4,0,-3,-2,-4,-3,-1,-2
7393,7393,1503688080384,-6,-1,-4,0,2,7,-7,-21
7394,7394,1503688080391,-10,-4,0,-2,-5,-3,-1,4
7395,7395,1503688080405,-5,2,4,-3,-2,-7,-1,-5
7396,7396,1503688080414,-13,-5,9,2,-13,2,1,-2
7397,7397,1503688080428,0,-14,-5,3,2,-3,-1,3
7398,7398,1503688080439,13,-3,-1,3,12,1,3,2
7399,7399,1503688080444,12,30,22,1,-2,0,1,7
7400,7400,1503688080459,2,-7,-9,-5,4,1,-1,5
7401,7401,1503688080466,12,-1,-6,-2,1,-3,-3,-14
7402,7402,1503688080474,14,16,7,-1,0,-1,-5,-11
7403,7403,1503688080488,-16,-18,-10,-4,-4,0,1,-6
7404,7404,1503688080496,-4,-8,-8,-3,-2,-2,-9,-19
7405,7405,1503688080505,-5,6,-1,-3,-1,-2,1,7
7406,7406,1503688080525,15,-5,-3,-5,-6,-1,0,-7
7407,7407,1503688080526,-4,-4,0,1,-2,2,0,2
7408,7408,1503688080534,-1,-1,0,-2,-3,-3,-2,4
7409,7409,1503688080548,-3,-10,-4,-6,-3,-2,-1,-2
7410,7410,1503688080556,-2,8,-2,-1,1,-4,-2,1
7411,7411,1503688080563,-29,-16,-15,-4,-4,-2,-3,6
7412,7412,1503688080580,-2,-10,-6,-1,-2,1,2,-4
7413,7413,1503688080585,1,3,3,-2,-1,-3,-2,-3
7414,7414,1503688080594,-1,3,7,-3,-8,-2,1,1
7415,7415,1503688080608,12,2,1,7,5,3,0,1
7416,7416,1503688080616,9,1,3,1,-1,2,1,7
7417,7417,1503688080623,11,5,2,4,10,-2,3,3
7418,7418,1503688080639,-4,-1,0,4,14,7,0,3
7419,7419,1503688080645,-7,0,-1,-9,-9,-3,-1,-3
7420,7420,1503688080653,-10,1,0,-3,-6,-2,1,-2
7421,7421,1503688080668,-8,-5,4,-1,-2,-1,-2,10
7422,7422,1503688080676,5,14,17,4,-4,-1,-2,1
7423,7423,1503688080683,6,0,-4,-2,-1,0,0,-15
7424,7424,1503688080698,9,-1,5,2,1,3,5,3
7425,7425,1503688080707,12,-3,-1,-3,0,0,3,-3
7426,7426,1503688080714,11,0,-8,-7,-12,-8,-5,0
7427,7427,1503688080728,-2,-6,-2,-1,1,0,-3,-5
7428,7428,1503688080736,-2,-5,1,-3,-1,-2,-1,9
7429,7429,1503688080743,-6,1,-1,-1,-3,0,-3,0
7430,7430,1503688080758,3,13,12,-1,-5,-1,5,-2
7431,7431,1503688080765,-15,-16,0,1,8,-4,-5,-20
7432,7432,1503688080774,8,-6,-13,-7,-2,8,1,7
7433,7433,1503688080788,-16,9,5,4,2,0,-4,-15
7434,7434,1503688080796,-7,15,-10,-2,-4,-6,-2,-9
7435,7435,1503688080806,12,-2,-4,-6,-5,-4,1,14
7436,7436,1503688080818,0,-8,-6,0,-1,-1,1,6
7437,7437,1503688080825,3,12,3,0,-2,-1,-1,-4
7438,7438,1503688080833,-1,-1,4,1,-1,-4,-2,-4
7439,7439,1503688080848,10,18,2,-1,-2,-2,-1,7
7440,7440,1503688080856,-10,12,25,8,8,1,-1,-1
7441,7441,1503688080863,10,-13,-4,-2,-3,-1,-1,19
7442,7442,1503688080878,8,37,21,7,3,-5,-4,-4
7443,7443,1503688080885,3,0,3,1,-4,-1,3,7
7444,7444,1503688080893,-12,-35,-15,-3,0,2,1,4
7445,7445,1503688080908,-7,11,-1,-2,-4,2,-3,-13
7446,7446,1503688080916,-5,-10,-14,-5,-8,-3,-2,0
7447,7447,1503688080924,0,-6,-2,4,5,-1,3,4
7448,7448,1503688080940,2,-6,-5,-3,1,-2,-3,-9
7449,7449,1503688080945,-5,-6,0,1,12,-3,-4,-10
7450,7450,1503688080953,1,-5,1,-3,-5,0,3,-3
7451,7451,1503688080968,7,3,-1,-1,-4,4,4,1
7452,7452,1503688080977,1,-5,-7,1,8,-1,-3,-2
7453,7453,1503688080983,-5,-1,0,-3,-5,-6,-6,8
7454,7454,1503688080999,7,-5,-2,5,2,5,0,-4
7455,7455,1503688081007,-5,-3,-5,-1,-6,1,-1,-6
7456,7456,1503688081013,-4,-4,0,0,3,-1,4,7
7457,7457,1503688081014,10,1,-4,-9,-6,-8,-1,22
7458,7458,1503688081028,0,-8,-3,0,1,-1,0,2
7459,7459,1503688081036,-6,-3,-6,0,8,-1,1,-11
7460,7460,1503688081050,0,2,6,2,2,2,2,3
7461,7461,1503688081058,-1,-9,-9,-4,-4,-2,-13,-3
7462,7462,1503688081075,-13,-15,-31,-7,-8,-3,-4,-7
7463,7463,1503688081088,34,-4,-8,-4,-3,3,-2,3
7464,7464,1503688081096,-16,-18,-1,-3,-7,3,-3,-39
7465,7465,1503688081103,-8,7,-3,-2,-14,6,-2,10
7466,7466,1503688081118,-4,4,4,2,-2,-3,1,-13
7467,7467,1503688081125,8,1,0,1,1,-2,3,18
7468,7468,1503688081141,6,5,9,2,5,1,10,31
7469,7469,1503688081148,-15,-11,-7,-1,9,-3,-7,-39
7470,7470,1503688081156,3,9,6,-2,-13,-2,-3,7
7471,7471,1503688081163,-16,-5,-4,-2,-4,0,-7,-26
7472,7472,1503688081179,-1,-3,-3,0,3,0,-3,12
7473,7473,1503688081185,31,4,6,0,0,-8,4,47
7474,7474,1503688081193,24,-4,2,1,-1,0,6,8
7475,7475,1503688081208,-14,3,2,-2,0,-1,0,3
7476,7476,1503688081216,-4,-7,-4,-5,-6,-7,2,-14
7477,7477,1503688081223,1,-1,-2,0,-2,-5,-2,9
7478,7478,1503688081238,6,8,2,1,7,-5,-9,-11
7479,7479,1503688081245,0,1,-1,0,-4,-2,2,21
7480,7480,1503688081253,18,6,1,-6,-4,-9,-5,8
7481,7481,1503688081269,15,-7,-8,-3,2,0,7,6
7482,7482,1503688081276,-41,-4,-1,1,4,-2,-12,-9
7483,7483,1503688081291,-9,0,-12,-8,-12,-2,1,-19
7484,7484,1503688081298,9,1,3,2,1,9,2,0
7485,7485,1503688081313,30,23,18,5,6,3,3,24
7486,7486,1503688081314,-17,2,2,0,-9,-7,0,-7
7487,7487,1503688081329,-25,-11,-11,-1,-5,-4,-4,-40
7488,7488,1503688081344,-10,-7,0,1,-2,4,5,1
7489,7489,1503688081351,-40,-5,-2,1,0,-3,-7,-38
7490,7490,1503688081358,-22,-7,-2,0,-1,3,-2,6
7491,7491,1503688081375,-14,11,18,1,4,2,-2,-21
7492,7492,1503688081381,-20,0,0,0,-1,0,-10,-26
7493,7493,1503688081389,-1,-8,-2,-2,-2,-4,-9,34
7494,7494,1503688081396,6,0,12,5,-1,-4,1,-3
7495,7495,1503688081412,8,-6,-10,-4,2,0,2,-5
7496,7496,1503688081418,-1,-7,-7,-3,0,-1,1,0
7497,7497,1503688081433,12,3,1,2,2,-8,3,3
7498,7498,1503688081442,4,1,-4,7,14,3,4,3
7499,7499,1503688081449,-5,-6,-4,-2,-4,2,-1,-4
7500,7500,1503688081456,12,6,1,6,-5,2,-1,5
7501,7501,1503688081471,4,5,1,-1,-4,-3,1,-2
7502,7502,1503688081478,13,9,-2,-4,1,4,4,11
7503,7503,1503688081494,-8,-9,-5,-2,-2,2,-3,-6
7504,7504,1503688081501,1,11,8,-11,-14,-2,5,1
7505,7505,1503688081510,7,0,1,0,-18,0,3,1
7506,7506,1503688081516,4,-9,-3,-4,-9,4,3,3
7507,7507,1503688081532,-4,-11,-7,7,16,5,-4,-3
7508,7508,1503688081538,8,1,-2,-5,-18,-4,0,4
7509,7509,1503688081546,-5,5,-1,-11,-3,-7,2,0
7510,7510,1503688081547,12,-2,-2,-8,-1,6,2,0
7511,7511,1503688081561,13,-5,-5,0,9,1,-2,3
7512,7512,1503688081569,0,6,0,0,3,-6,-1,0
7513,7513,1503688081576,1,-7,3,-1,-3,-5,-1,-3
7514,7514,1503688081591,4,8,8,-4,-3,-1,-7,-27
7515,7515,1503688081598,-4,2,5,-1,4,-5,1,-1
7516,7516,1503688081614,-10,-12,-5,0,14,-1,0,-1
7517,7517,1503688081621,2,2,6,4,0,6,0,-5
7518,7518,1503688081629,2,10,2,-2,-2,3,-1,5
8011,8011,1503688086504,11,-11,-13,-3,0,-9,0,5
8012,8012,1503688086514,-3,-6,6,-1,-8,0,-3,-9
8013,8013,1503688086518,4,-2,1,1,-2,0,1,2
8014,8014,1503688086536,-11,1,-4,-2,-3,1,-2,1
8015,8015,1503688086541,-4,-3,-2,-2,0,2,3,-1
8016,8016,1503688086558,4,-5,-10,-4,-6,0,0,6
8017,8017,1503688086563,-12,-10,2,0,-2,2,-2,-4
8018,8018,1503688086571,7,8,9,0,-1,6,-11,0
8019,8019,1503688086578,8,28,-3,5,5,-3,-3,0
8020,8020,1503688086594,1,-1,8,0,7,9,2,-16
8021,8021,1503688086602,7,-8,-5,-6,-6,-5,0,7
8022,8022,1503688086616,-6,-5,-3,0,3,0,1,-2
8023,8023,1503688086623,0,-5,-5,-1,-1,0,1,0
8024,8024,1503688086631,-1,2,-7,-3,-5,-3,-2,-2
8025,8025,1503688086638,-4,-14,-4,-3,-13,-5,-5,-2
8026,8026,1503688086654,0,16,11,4,4,-1,2,0
8027,8027,1503688086661,1,-2,1,-1,0,-6,1,1
8028,8028,1503688086677,3,-4,-2,-8,-12,-3,0,3
8029,8029,1503688086683,-8,-4,-2,-5,-1,-1,0,-6
8030,8030,1503688086691,-1,-6,-3,0,-5,-3,4,4
8031,8031,1503688086698,-3,-6,-4,-2,0,0,-5,-9
8032,8032,1503688086714,2,0,0,-1,0,-11,4,2
8033,8033,1503688086720,2,4,3,1,1,0,-1,-5
8034,8034,1503688086736,-6,-5,-6,-3,1,-1,0,8
8035,8035,1503688086744,-8,14,-4,-1,8,-2,-2,-16
8036,8036,1503688086751,-1,-10,-4,-1,4,2,-1,-7
8037,8037,1503688086758,1,0,7,4,2,1,0,-1
8038,8038,1503688086774,15,3,2,4,2,0,1,5
8039,8039,1503688086781,-3,-2,12,2,0,0,-1,-2
8040,8040,1503688086796,-6,0,-1,-1,3,2,-2,-11
8041,8041,1503688086804,4,-31,-14,-7,-7,1,-3,-6
8042,8042,1503688086814,-4,8,0,2,3,0,-4,-7
8043,8043,1503688086818,7,-5,-9,-5,-5,0,-1,6
8044,8044,1503688086837,-4,-2,-2,-8,-2,0,6,1
8045,8045,1503688086841,-8,3,-4,1,1,-3,2,7
8046,8046,1503688086856,-5,2,4,-1,-9,-3,2,-1
8047,8047,1503688086863,-1,-11,-4,0,-10,2,-1,2
8048,8048,1503688086871,3,-9,-10,-2,-6,-3,-8,-19
8049,8049,1503688086886,6,12,-1,0,5,1,-2,-17
8050,8050,1503688086894,-13,-2,3,0,2,-2,-1,-7
8051,8051,1503688086903,-2,12,2,1,2,-1,-1,-4
8052,8052,1503688086916,-9,7,2,1,3,3,-1,-14
8053,8053,1503688086923,13,17,4,0,1,-2,2,13
8054,8054,1503688086931,-7,-4,-2,0,-1,2,-1,13
8055,8055,1503688086946,-10,-5,-4,-2,-2,-1,2,7
8056,8056,1503688086954,11,-7,-4,2,4,3,-1,9
8057,8057,1503688086961,8,0,2,16,20,3,4,7
8058,8058,1503688086976,1,-8,-1,-3,-6,-5,-4,2
8059,8059,1503688086983,-17,-6,-1,-5,-4,-1,-7,-17
8060,8060,1503688086993,9,2,-2,-1,-5,-6,0,8
8061,8061,1503688087006,13,-1,2,-5,-5,-3,4,26
8062,8062,1503688087014,-12,8,5,-2,0,-2,-2,-1
8063,8063,1503688087020,7,-4,-11,1,-2,-1,2,-2
8064,8064,1503688087021,-7,0,18,4,-5,1,-3,0
8065,8065,1503688087037,4,0,-6,-5,6,-1,-2,10
8066,8066,1503688087043,-8,-5,-1,-3,-28,2,-5,-12
8067,8067,1503688087051,5,4,-1,2,4,15,-3,2
8068,8068,1503688087066,2,-9,-7,-8,-9,-1,0,5
8069,8069,1503688087074,-3,-5,1,2,5,-1,-2,-4
8070,8070,1503688087081,-4,-4,-8,-4,3,-8,-3,-2
8071,8071,1503688087096,-1,-16,-6,-2,3,-7,-1,-22
8072,8072,1503688087104,9,15,2,3,1,4,0,1
8073,8073,1503688087105,-14,-2,-6,-4,11,-1,2,21
8074,8074,1503688087111,-6,2,-1,-1,-9,-5,-2,-21
8075,8075,1503688087126,7,3,-3,1,0,-2,-2,-16
8076,8076,1503688087134,13,-6,-4,0,0,2,3,12
8077,8077,1503688087144,15,6,0,-1,-7,-5,0,14
8078,8078,1503688087156,-2,5,1,5,2,-11,-1,-6
8079,8079,1503688087163,2,0,1,-5,4,13,5,-2
8080,8080,1503688087172,-8,3,2,-2,-6,-2,-2,10
8081,8081,1503688087186,8,-1,2,0,-8,-6,-3,-9
8082,8082,1503688087194,-11,-2,1,0,-2,3,2,2
8083,8083,1503688087201,-23,-11,-7,-6,-3,-2,-2,-28
8084,8084,1503688087216,18,-8,4,0,-1,2,-1,0
8085,8085,1503688087223,-16,0,0,-1,4,-2,-2,-19
8086,8086,1503688087231,-19,1,-2,-2,-4,-1,-3,-6
8087,8087,1503688087247,6,5,1,1,-6,-3,-1,4
8088,8088,1503688087254,38,2,-3,-2,-2,3,-3,-36
8089,8089,1503688087261,5,-2,-3,-2,0,-5,4,20
8090,8090,1503688087276,-19,-1,7,0,-10,4,-2,-7
8091,8091,1503688087284,29,-4,0,-2,1,-3,1,14
8092,8092,1503688087298,3,7,-2,-1,0,-5,3,21
8093,8093,1503688087308,15,6,1,1,1,6,-2,-17
8094,8094,1503688087309,-39,-14,-2,0,-1,-3,-5,-37
8095,8095,1503688087314,29,2,1,-2,3,1,0,31
8096,8096,1503688087321,2,4,-4,0,3,3,-8,-62
8097,8097,1503688087338,-8,13,11,3,-1,-1,0,0
8098,8098,1503688087344,-12,8,2,3,4,-6,-7,-7
8099,8099,1503688087351,-7,-6,1,-2,-3,0,6,22
8100,8100,1503688087366,25,-7,-7,0,0,-1,8,50
8101,8101,1503688087374,-23,12,-4,2,10,0,4,-4
8102,8102,1503688087381,-1,1,6,-1,-3,1,1,17
8103,8103,1503688087396,-4,-4,-1,-3,-2,0,-1,4
8104,8104,1503688087405,-7,-4,-2,-3,-1,-3,-3,-18
8105,8105,1503688087412,43,-16,-4,-4,-2,-1,-1,3
8106,8106,1503688087426,0,-14,-6,-2,0,3,0,19
8107,8107,1503688087441,3,5,-10,-2,2,3,1,50
8108,8108,1503688087442,16,-16,-8,-2,-1,-2,-3,15
8109,8109,1503688087456,-14,-9,1,0,1,1,-5,-21
8110,8110,1503688087463,42,35,11,3,0,-1,1,15
8111,8111,1503688087472,-12,9,5,-2,-8,-1,1,-18
8112,8112,1503688087486,-11,-6,2,-1,-3,2,-1,-12
8113,8113,1503688087494,-7,1,-4,0,4,7,-1,-10
8114,8114,1503688087501,-14,-9,-10,-1,1,-2,-3,-6
8115,8115,1503688087516,-3,23,10,-1,-1,-5,-2,-2
8116,8116,1503688087523,-7,21,15,4,-1,3,1,4
8117,8117,1503688087531,4,-15,-1,-2,-5,0,-3,-3
8118,8118,1503688087546,-14,-7,-2,-3,-3,-3,-2,0
8119,8119,1503688087554,-5,-6,-7,-1,-2,-6,2,20
8120,8120,1503688087560,-6,-1,-6,1,0,-2,3,17
8121,8121,1503688087577,-6,-6,-4,8,8,-3,0,-9
8122,8122,1503688087583,-4,0,1,-2,0,-1,-4,-9
8123,8123,1503688087591,8,-2,-3,-8,1,-4,1,-3
8124,8124,1503688087607,2,-1,-3,3,1,-2,-1,-2
8125,8125,1503688087615,-10,-9,-5,-6,-7,-6,-9,-4
8126,8126,1503688087621,-2,-1,-5,0,-2,-2,-4,-2
8127,8127,1503688087636,-5,-1,1,1,-1,-1,-2,-6
8128,8128,1503688087644,0,3,5,17,15,0,2,0
8129,8129,1503688087651,-23,-5,-1,1,-5,-1,-1,-11
8130,8130,1503688087666,-9,3,0,-7,-3,3,1,10
8131,8131,1503688087675,6,5,-2,0,-1,-2,3,-5
8132,8132,1503688087681,-13,-16,-6,-4,2,0,0,-9
8133,8133,1503688087696,10,7,4,-1,-4,0,-16,-17
8134,8134,1503688087703,5,0,1,3,-5,-3,5,-4
8135,8135,1503688087711,2,-7,-7,-1,6,-4,2,0
8136,8136,1503688087726,1,1,-3,-12,-6,2,-5,-4
8137,8137,1503688087734,5,3,6,8,-11,1,6,5
8138,8138,1503688087741,-4,1,1,-5,-2,-1,-2,-1
8524,8524,1503688091513,1,-8,-5,-3,3,2,-1,-4
8525,8525,1503688091520,1,2,-6,-5,-7,1,2,0
8526,8526,1503688091536,13,1,0,0,-17,-7,0,-11
8527,8527,1503688091543,4,3,0,0,-1,1,7,23
8528,8528,1503688091561,3,2,4,6,5,3,9,22
8529,8529,1503688091565,-4,-5,-6,0,1,9,-2,-8
8530,8530,1503688091573,1,4,-13,-1,12,-2,0,9
8531,8531,1503688091580,-12,-4,-2,-1,-9,-3,-10,13
8532,8532,1503688091596,5,-3,3,-1,-5,-4,10,58
8533,8533,1503688091603,8,5,-2,-2,4,1,4,4
8534,8534,1503688091618,-21,-5,-2,-2,-2,-3,-7,-14
8535,8535,1503688091627,-24,-8,-1,-4,-2,-4,-3,-35
8536,8536,1503688091633,0,2,1,-1,-2,6,6,-3
8537,8537,1503688091648,9,2,3,3,0,-2,-1,-12
8538,8538,1503688091656,-4,-4,-1,-3,8,0,-9,-17
8539,8539,1503688091663,-10,1,4,3,0,-2,-1,-4
8540,8540,1503688091678,-20,-19,-9,-6,-6,-8,1,-14
8541,8541,1503688091685,17,-4,3,1,12,1,3,36
8542,8542,1503688091694,-24,-15,-2,-3,-3,-1,-5,0
8543,8543,1503688091708,-5,2,-7,-4,-9,-9,-5,-25
8544,8544,1503688091716,4,-1,-2,0,-3,6,-4,-17
8545,8545,1503688091723,27,5,3,-3,0,2,0,4
8546,8546,1503688091738,4,-7,-4,-4,-22,6,-2,-25
8547,8547,1503688091745,0,0,6,3,4,5,2,2
8548,8548,1503688091754,29,-2,-3,4,6,-2,2,32
8549,8549,1503688091769,-14,-1,-9,-4,-2,-4,-1,-7
8550,8550,1503688091776,1,8,4,7,0,-1,-2,-5
8551,8551,1503688091784,4,-6,-6,-4,1,-2,1,0
8552,8552,1503688091799,5,16,8,-2,0,-3,0,0
8553,8553,1503688091806,2,0,-3,2,2,6,3,-4
8554,8554,1503688091814,-5,1,1,6,10,-3,5,-5
8555,8555,1503688091828,-4,6,3,11,7,2,-1,0
8556,8556,1503688091836,0,3,2,13,0,-3,1,1
8557,8557,1503688091844,-2,-4,-1,9,7,2,-1,-3
8558,8558,1503688091861,-3,-7,-6,-6,3,-3,-3,-5
8559,8559,1503688091866,-5,-1,-1,-5,-8,-4,-3,-1
8560,8560,1503688091874,9,24,5,-9,-7,-4,-6,0
8561,8561,1503688091888,15,9,16,-2,5,0,0,1
8562,8562,1503688091898,-5,-13,-7,-6,-2,-1,-1,-1
8563,8563,1503688091904,-13,12,1,-6,-8,-1,-2,-5
8564,8564,1503688091919,-14,4,4,1,-4,-1,5,-30
8565,8565,1503688091926,-7,-19,-9,-1,-2,-4,-10,-1
8566,8566,1503688091934,-5,-3,-4,3,9,-3,-3,-6
8567,8567,1503688091948,-19,-9,-2,-3,-3,-7,3,-11
8568,8568,1503688091956,-7,-10,-5,-4,-3,-3,0,25
8569,8569,1503688091963,0,-12,-6,-4,3,4,0,11
8570,8570,1503688091978,3,-6,-5,-6,-4,-2,-8,1
8571,8571,1503688091987,-13,0,-4,-4,3,9,2,-2
8572,8572,1503688091999,-9,-7,4,2,-2,-3,-10,-57
8573,8573,1503688092008,30,15,2,3,1,1,3,12
8574,8574,1503688092016,-16,4,1,-1,-1,2,7,7
8575,8575,1503688092023,-29,-10,-2,-3,5,-18,-8,-42
8576,8576,1503688092039,20,0,6,-1,-12,-6,-1,17
8577,8577,1503688092045,10,12,3,0,9,7,0,6
8578,8578,1503688092053,-3,-3,-6,-2,8,7,-6,-22
8579,8579,1503688092068,-7,-5,2,4,-5,-3,0,10
8580,8580,1503688092076,-9,-4,-4,-2,-9,-2,3,23
8581,8581,1503688092084,4,4,-1,1,-7,-2,-8,9
8582,8582,1503688092099,-7,-5,4,2,6,-1,1,0
8583,8583,1503688092106,20,-2,-6,-2,-9,-5,1,-4
8584,8584,1503688092114,9,0,0,-2,-14,-3,-8,-19
8585,8585,1503688092130,-2,2,3,0,-2,2,2,4
8586,8586,1503688092136,1,-2,-3,-3,-2,-9,3,24
8587,8587,1503688092143,-6,3,-1,-1,-9,-6,-2,-6
8588,8588,1503688092159,6,7,0,2,2,4,0,11
8589,8589,1503688092166,-1,-6,1,-1,0,-3,-1,5
8590,8590,1503688092173,5,-8,-10,-5,1,4,3,8
8591,8591,1503688092188,2,5,1,3,-10,8,3,4
8592,8592,1503688092197,-5,-5,-1,2,-9,-1,-4,-4
8593,8593,1503688092198,11,2,0,-10,-1,-1,-1,4
8594,8594,1503688092203,-2,2,-1,-6,-4,-5,-4,-7
8595,8595,1503688092218,-13,-6,-4,1,5,5,-5,-3
8596,8596,1503688092226,0,1,1,-1,10,5,2,4
8597,8597,1503688092241,4,7,1,-2,4,-25,-6,-5
8598,8598,1503688092248,21,-2,-1,-1,-1,-1,-3,18
8599,8599,1503688092256,-5,-3,-3,-1,-4,1,1,-4
8600,8600,1503688092265,-4,-2,2,-5,2,-1,3,-5
8601,8601,1503688092278,4,-13,-6,11,2,12,1,5
8602,8602,1503688092286,-8,-17,-4,0,4,3,-2,-5
8603,8603,1503688092300,3,13,2,-4,2,0,6,0
8604,8604,1503688092308,-7,-1,-1,-2,-3,-5,-5,-7
8605,8605,1503688092316,4,-9,-6,-18,-6,6,1,1
8606,8606,1503688092323,-2,-2,-7,-3,-7,2,2,5
8607,8607,1503688092339,3,18,9,-2,1,-2,-2,5
8608,8608,1503688092346,-1,-26,-5,9,-10,-2,-2,-1
8609,8609,1503688092360,-9,-14,-7,-7,-17,0,0,-1
8610,8610,1503688092368,-8,6,3,4,10,1,-2,-6
8611,8611,1503688092376,-8,2,4,14,11,1,-6,-2
8612,8612,1503688092383,-2,-8,-10,-9,1,-2,-1,-5
8613,8613,1503688092399,7,7,9,2,9,2,5,2
8614,8614,1503688092406,-13,-4,-2,0,2,6,-4,-13
8615,8615,1503688092421,-2,1,0,1,1,-1,0,-14
8616,8616,1503688092428,10,0,4,-2,-12,-3,1,2
8617,8617,1503688092437,-13,-4,0,0,0,-5,-6,-11
8618,8618,1503688092443,-3,2,1,-3,4,-2,-2,-8
8619,8619,1503688092458,6,-20,-4,4,1,0,2,9
8620,8620,1503688092467,-1,14,7,-1,-1,0,1,4
8621,8621,1503688092481,-2,-3,-5,-2,-6,2,-8,2
8924,8924,1503688095374,-3,0,-3,-3,2,1,0,-2
8925,8925,1503688095385,3,6,-3,0,-3,-3,-2,-11
8926,8926,1503688095397,3,1,-1,-4,-2,-2,-10,-4
8927,8927,1503688095406,-12,-4,-1,2,1,-1,0,0
8928,8928,1503688095413,5,1,1,1,-7,0,1,7
8929,8929,1503688095428,10,-6,-12,-3,-5,-2,-2,2
8930,8930,1503688095435,1,-7,-3,-5,-7,-1,1,-2
8931,8931,1503688095445,-4,-7,-7,-5,1,-1,1,-4
8932,8932,1503688095457,-6,-2,-2,3,-3,2,0,-7
8933,8933,1503688095465,-8,-4,1,-5,-3,-2,0,0
8934,8934,1503688095473,1,2,0,4,3,0,0,4
8935,8935,1503688095488,0,0,3,2,-2,0,-3,5
8936,8936,1503688095495,11,-5,-4,-3,-6,-3,11,41
8937,8937,1503688095503,1,4,7,1,1,1,-2,5
8938,8938,1503688095517,2,12,8,3,2,0,-1,-14
8939,8939,1503688095525,-5,8,11,3,-3,1,0,-1
8940,8940,1503688095533,-5,16,1,-1,0,2,-3,-13
8941,8941,1503688095549,5,1,-2,-3,-2,-1,-1,-10
8942,8942,1503688095555,1,23,0,-4,-6,0,0,2
8943,8943,1503688095563,7,3,0,7,3,2,1,1
8944,8944,1503688095578,19,-1,-1,-7,-1,-3,-1,1
8945,8945,1503688095587,-7,-8,-3,-4,0,-1,-2,1
8946,8946,1503688095593,0,-13,0,0,-1,-1,-3,-6
8947,8947,1503688095614,-3,-9,-1,0,1,0,-1,-2
8948,8948,1503688095615,-3,-12,-2,-3,-2,-2,-2,-3
8949,8949,1503688095623,1,9,-1,-2,-1,-2,0,3
8950,8950,1503688095637,-9,-2,1,-1,-6,-2,-2,-5
8951,8951,1503688095647,0,-4,-3,-2,-4,-1,1,0
8952,8952,1503688095653,-1,-10,0,-2,-1,-1,-1,0
8953,8953,1503688095668,-2,1,-3,-2,-2,-2,0,-1
8954,8954,1503688095675,10,2,-3,0,0,-1,-2,2
8955,8955,1503688095684,7,-6,-6,0,0,0,-3,6
8956,8956,1503688095697,-5,-4,-15,-3,0,0,0,17
8957,8957,1503688095706,3,-3,-1,-1,3,-1,-3,-5
8958,8958,1503688095714,-20,-15,-8,1,2,-2,-1,-10
8959,8959,1503688095728,-11,-8,-5,-3,-3,-4,-2,7
8960,8960,1503688095734,-6,7,9,2,0,-1,-1,-3
8961,8961,1503688095743,16,5,3,0,3,0,0,-7
8962,8962,1503688095757,-9,-6,0,3,0,2,0,-8
8963,8963,1503688095765,-3,-3,2,-4,-4,-2,7,21
8964,8964,1503688095773,-4,1,4,3,2,-1,1,-2
8965,8965,1503688095788,-6,-1,0,11,6,1,-5,-10
8966,8966,1503688095794,-4,-11,-5,-3,-2,-1,2,-7
8967,8967,1503688095803,38,9,11,0,-5,-4,6,14
8968,8968,1503688095817,-2,4,-4,1,4,4,3,-5
8969,8969,1503688095825,-8,28,16,3,0,3,-5,-29
8970,8970,1503688095833,9,6,4,-2,-6,-4,-5,-4
8971,8971,1503688095848,-16,-1,-6,-5,1,-2,-2,-2
8972,8972,1503688095855,0,-6,0,-2,-2,-3,-6,2
8973,8973,1503688095863,-6,-6,-4,-5,-1,0,2,7
8974,8974,1503688095877,3,-4,-2,-3,-3,-1,1,1
8975,8975,1503688095885,-7,-8,-11,-4,0,0,-5,-9
8976,8976,1503688095893,7,-5,-1,3,-7,-2,1,6
8977,8977,1503688095908,-11,-6,5,0,-3,0,1,-2
8978,8978,1503688095915,19,5,-4,-3,-4,1,-1,6
8979,8979,1503688095916,-3,7,2,-2,1,-5,-1,13
8980,8980,1503688095923,-4,-9,-8,1,-1,2,2,1
8981,8981,1503688095937,-1,-9,1,-3,0,-3,-3,-8
8982,8982,1503688095945,-11,0,-3,-3,-3,-1,2,-1
8983,8983,1503688095953,-2,2,-4,-2,0,1,-1,-6
8984,8984,1503688095968,4,-13,-5,-4,0,1,-1,-7
8985,8985,1503688095974,4,-6,1,6,4,1,0,-1
8986,8986,1503688095983,7,10,0,-1,-3,-7,0,6
8987,8987,1503688095997,-3,6,5,-4,4,3,0,-4
8988,8988,1503688096005,16,4,3,0,1,-2,-5,4
8989,8989,1503688096013,8,8,4,3,-1,-5,-4,2
8990,8990,1503688096028,-9,-6,-1,-4,-5,-1,-3,-7
8991,8991,1503688096035,-2,-2,3,0,9,3,2,-4
8992,8992,1503688096043,2,-7,8,3,0,-4,1,1
8993,8993,1503688096057,-13,-10,-8,0,-1,-1,-2,-10
8994,8994,1503688096065,9,4,-8,2,1,1,-1,-3
8995,8995,1503688096073,-5,-8,-1,-1,-2,0,0,2
8996,8996,1503688096088,-5,-5,-5,-4,-6,-1,1,1
8997,8997,1503688096094,-9,5,3,1,-1,-1,0,-3
8998,8998,1503688096103,-14,-6,-2,1,0,0,-3,5
8999,8999,1503688096117,19,0,-6,-6,-6,-6,0,4
9000,9000,1503688096125,-4,-4,0,-1,8,0,-1,-11
9001,9001,1503688096133,0,3,-1,-1,-6,-4,-5,3
9002,9002,1503688096149,2,6,-1,-6,-11,3,-1,-5
9003,9003,1503688096155,-11,3,2,6,2,5,7,-9
9004,9004,1503688096163,4,0,0,3,2,-3,1,4
9005,9005,1503688096177,7,6,6,-3,-3,0,3,3
9006,9006,1503688096186,-7,-1,-1,-5,3,0,-1,6
9007,9007,1503688096193,-10,-6,-6,1,-4,5,-2,-5
9008,9008,1503688096208,6,3,-10,-3,-3,-6,-2,-4
9009,9009,1503688096217,-5,-5,-9,-2,4,0,2,0
9010,9010,1503688096223,23,2,0,3,-2,1,3,-9
9011,9011,1503688096237,1,3,-5,-5,-2,3,-4,-10
9012,9012,1503688096245,6,-8,-7,-1,-3,-2,4,10
9013,9013,1503688096246,-2,-1,0,-2,-1,-2,-1,9
9014,9014,1503688096253,-5,-8,-4,-1,-11,7,-7,3
9015,9015,1503688096268,-4,-8,-3,-2,4,5,-2,1
9016,9016,1503688096275,13,-3,-4,0,2,-7,1,4
9017,9017,1503688096291,25,2,4,2,-4,-2,2,42
9018,9018,1503688096297,-4,-4,-1,-1,4,-1,0,7
9019,9019,1503688096313,-9,13,7,4,0,-5,-4,-8
9020,9020,1503688096320,-8,19,23,2,2,-1,0,4
9021,9021,1503688096328,-19,-6,-7,-2,0,-5,-4,-16
9022,9022,1503688096334,7,-1,-6,-4,6,-4,1,4
9023,9023,1503688096351,19,13,4,0,-6,6,4,18
9024,9024,1503688096357,22,-4,-10,-4,-3,-1,3,13
9025,9025,1503688096365,-31,6,-1,1,1,-2,-4,-16
9026,9026,1503688096379,-1,-2,-4,0,1,-2,-2,-7
9027,9027,1503688096388,-18,-6,-1,-1,-3,-1,3,-10
9028,9028,1503688096402,-12,-4,0,3,1,-2,-4,-15
9029,9029,1503688096410,-9,-6,-2,-5,-2,-2,-1,-34
9030,9030,1503688096426,-1,-3,4,2,-5,-4,-10,-30
9031,9031,1503688096427,24,1,2,1,-13,7,3,19
9032,9032,1503688096439,15,0,-3,-2,-5,-1,-3,-14
9033,9033,1503688096459,5,22,8,-2,-3,1,2,42
9034,9034,1503688096470,37,-6,0,-3,3,0,3,-38
9035,9035,1503688096477,20,-2,0,-2,-3,-8,10,8
9036,9036,1503688096487,-41,-16,-5,-2,1,-1,-9,-37
9037,9037,1503688096501,-1,-18,-5,-1,0,-1,-1,22
9038,9038,1503688096508,15,1,-12,-3,0,-1,3,59
9039,9039,1503688096523,22,-13,-10,-4,-11,-1,0,15
9040,9040,1503688096530,0,-3,3,1,4,-3,-2,8
9041,9041,1503688096538,-34,10,1,1,5,3,-2,0
9042,9042,1503688096545,7,-15,-4,-2,-3,-2,6,8
9043,9043,1503688096561,-24,-3,7,-2,1,0,-6,-40
9044,9044,1503688096568,26,13,2,-4,7,0,1,43
9045,9045,1503688096585,-9,-10,-3,-2,-4,-4,-5,-29
9046,9046,1503688096590,5,-5,-5,-2,-3,1,-2,38
9047,9047,1503688096598,12,-1,2,2,3,4,0,10
9048,9048,1503688096605,-12,-4,2,1,-2,-3,-5,-45
9049,9049,1503688096621,-71,-17,-10,-1,2,1,-5,-41
9050,9050,1503688096628,18,12,5,3,2,3,3,-38
9051,9051,1503688096643,-2,-13,-3,-5,-2,-4,5,44
9052,9052,1503688096652,-15,11,5,0,-2,-1,-7,33
9053,9053,1503688096658,-7,-16,-7,-1,-1,-2,-5,-78
9054,9054,1503688096665,-5,-13,-6,-2,-3,-4,2,17
9055,9055,1503688096681,4,14,4,-1,1,0,0,19
9056,9056,1503688096688,-2,-11,-9,-6,-9,-3,-14,-23
9057,9057,1503688096703,16,9,-2,1,0,2,2,-5
9058,9058,1503688096710,8,1,-4,0,-1,-5,-7,6
9059,9059,1503688096719,6,14,10,2,-3,-1,2,24
9060,9060,1503688096725,-10,-3,1,0,5,0,2,0
9061,9061,1503688096741,2,-7,-12,-5,-1,1,0,-34
9062,9062,1503688096748,2,1,-1,-1,-1,-2,-1,-80
9063,9063,1503688096763,2,2,4,0,-1,-3,-5,19
9064,9064,1503688096770,-1,-8,-3,0,2,0,5,24
9065,9065,1503688096778,-4,4,1,2,-3,0,-4,29
9066,9066,1503688096786,2,4,3,1,-3,-1,0,-66
9067,9067,1503688096801,4,-4,-1,11,6,-2,-1,-46
9068,9068,1503688096808,13,12,7,0,1,2,0,76
9069,9069,1503688096823,0,-16,-3,-5,8,1,0,7
9070,9070,1503688096830,-21,-15,-10,-4,0,-2,-2,31
9071,9071,1503688096838,-1,-8,-2,-6,-8,1,2,47
9072,9072,1503688096845,-16,-4,-1,0,-2,1,0,36
9073,9073,1503688096861,13,5,-1,2,0,2,0,15
9074,9074,1503688096862,-25,-15,-6,-4,1,-3,0,86
9075,9075,1503688096868,26,8,-3,0,-2,-2,5,-27
9076,9076,1503688096886,12,56,19,3,-1,-2,1,-36
9077,9077,1503688096890,-6,-4,0,0,-6,-3,0,-25
9078,9078,1503688096899,-5,-9,-6,-2,-4,0,-4,-14
9079,9079,1503688096913,19,3,-1,-2,1,-1,-1,-4
9080,9080,1503688096922,1,-2,3,-3,1,-2,-1,-8
9081,9081,1503688096929,-25,-8,1,-3,-2,0,-4,-26
9082,9082,1503688096943,9,6,-1,-2,0,0,3,-8
9083,9083,1503688096950,5,-11,-11,-3,0,2,-2,23
9084,9084,1503688096958,19,-4,-8,2,-2,0,2,37
9085,9085,1503688096966,-12,-21,-12,-1,5,0,-1,4
9086,9086,1503688096981,20,19,15,5,0,4,0,-4
9087,9087,1503688096988,-3,2,1,1,3,0,-2,-2
9088,9088,1503688097003,-4,2,7,0,-6,-6,-2,-11
9089,9089,1503688097010,4,-8,5,1,8,7,2,-7
9090,9090,1503688097021,5,1,11,2,1,3,-2,-16
9091,9091,1503688097025,17,-2,5,-2,-5,-3,1,-8
9092,9092,1503688097041,-14,1,-3,-6,-6,-6,1,0
9093,9093,1503688097048,3,16,3,1,-3,-3,-3,3
9094,9094,1503688097064,1,-10,-9,-2,1,-2,1,-16
9095,9095,1503688097070,-10,-8,-6,-1,-11,-2,-5,-7
9096,9096,1503688097078,-4,-6,-22,-6,1,-1,-3,-21
9097,9097,1503688097087,-1,-2,-4,-2,-3,1,-5,-36
9098,9098,1503688097101,-2,-29,-15,-4,-7,1,1,32
9534,9534,1503688101382,3,15,8,5,6,-4,-1,2
9535,9535,1503688101397,-1,-17,-7,-2,2,-1,-4,-12
9536,9536,1503688101398,2,-4,1,-2,3,2,2,7
9537,9537,1503688101413,-11,5,4,3,3,3,3,5
9538,9538,1503688101420,-10,-4,4,-1,-3,-1,2,3
9539,9539,1503688101428,3,-7,-4,-2,3,0,0,-2
9540,9540,1503688101442,0,-19,-10,-3,-4,-5,-5,-5
9541,9541,1503688101451,-3,-26,-18,-6,-2,-1,-1,-2
9542,9542,1503688101458,2,-7,-8,-3,-2,-1,-2,0
9543,9543,1503688101473,1,1,0,-2,-4,0,2,0
9544,9544,1503688101480,-20,-4,6,2,1,2,-1,0
9545,9545,1503688101489,-3,1,4,2,-1,-2,-2,1
9546,9546,1503688101502,-7,0,1,1,0,0,-3,-8
9547,9547,1503688101511,15,16,2,-1,-3,3,0,1
9548,9548,1503688101525,-1,-8,-3,-1,0,-1,0,2
9549,9549,1503688101532,4,11,3,-1,-1,-2,-6,-5
9550,9550,1503688101547,-4,-5,-3,-10,-6,-1,-2,-1
9551,9551,1503688101549,-1,-3,0,2,-3,-2,-1,-1
9552,9552,1503688101563,13,7,-6,-10,-12,-2,0,4
9553,9553,1503688101570,-12,3,4,7,10,6,1,-2
9554,9554,1503688101580,-4,-11,-4,3,5,1,-1,-4
9555,9555,1503688101593,-9,-13,-5,-3,0,-2,-3,-4
9556,9556,1503688101601,5,13,-2,-3,-10,-2,1,2
9557,9557,1503688101607,-3,7,9,1,-4,-2,-2,-1
9558,9558,1503688101608,-6,-13,-3,-1,1,-5,1,-2
9559,9559,1503688101623,-1,-3,1,6,2,-12,2,4
9560,9560,1503688101630,3,0,1,-2,-3,-3,3,-3
9561,9561,1503688101648,-5,-4,-4,2,5,1,-1,-4
9562,9562,1503688101653,0,-4,1,-3,-4,0,-3,7
9563,9563,1503688101661,22,2,4,-3,5,0,5,53
9564,9564,1503688101667,8,7,3,0,6,2,0,2
9565,9565,1503688101683,-18,-2,1,-3,-1,0,-6,-17
9566,9566,1503688101690,0,1,2,1,-1,0,-1,5
9567,9567,1503688101706,-7,-8,1,16,11,5,-1,-14
9568,9568,1503688101714,-7,18,14,1,-7,-6,2,-7
9569,9569,1503688101720,-1,15,8,0,-1,-2,1,-6
9570,9570,1503688101727,0,-6,0,-7,-10,2,-1,3
9571,9571,1503688101743,11,-5,-5,-5,-3,-7,-2,-6
9572,9572,1503688101750,6,11,4,1,1,1,-1,-2
9573,9573,1503688101765,-2,0,0,-5,-22,5,-4,-8
9574,9574,1503688101772,-3,2,-7,0,3,-1,0,0
9575,9575,1503688101781,11,0,1,0,10,4,5,17
9576,9576,1503688101788,-14,-25,-7,1,1,-1,-2,-1
9577,9577,1503688101803,-16,-2,9,-1,2,-2,2,-7
9578,9578,1503688101810,3,-8,-7,0,4,-3,-2,-5
9579,9579,1503688101825,5,2,-1,6,0,-2,1,-3
9580,9580,1503688101832,1,6,-5,-5,-6,-2,0,-3
9581,9581,1503688101840,6,7,1,-3,-1,-1,-5,-7
9582,9582,1503688101849,-1,-3,-2,0,0,0,2,-1
9583,9583,1503688101863,-22,4,-3,-3,-1,-3,-3,-13
9584,9584,1503688101870,-3,5,2,-3,-13,-6,-2,0
9585,9585,1503688101886,-1,-17,-4,0,-6,2,-4,-6
9586,9586,1503688101893,3,2,4,-5,-4,-5,-5,-1
9587,9587,1503688101900,-1,-8,-6,-1,-1,3,-1,-2
9588,9588,1503688101915,-2,-11,-7,-11,-4,-2,-2,9
9589,9589,1503688101924,3,3,-2,-1,-7,-6,-3,4
9590,9590,1503688101930,-8,1,0,4,9,-2,-3,-3
9591,9591,1503688101946,2,0,1,1,2,9,8,-2
9592,9592,1503688101953,-8,2,-2,4,0,8,-5,-11
9593,9593,1503688101961,-1,-8,-5,-4,3,-4,0,12
9594,9594,1503688101975,-1,-1,-6,1,7,0,3,-4
9595,9595,1503688101983,-18,-5,0,-4,-1,0,-7,-14
9596,9596,1503688101991,-4,8,4,0,1,-1,-4,-22
9597,9597,1503688102006,0,-2,1,-1,1,-3,-2,-13
9598,9598,1503688102012,-2,-21,-11,-3,-1,0,0,-3
9599,9599,1503688102021,9,-4,-9,-1,3,-1,-1,6
9600,9600,1503688102035,-12,3,11,2,1,-4,3,-3
9601,9601,1503688102043,5,-8,-1,-1,1,0,-3,1
9602,9602,1503688102051,-6,6,18,6,0,1,4,10
9603,9603,1503688102065,-4,-3,1,2,8,-5,-2,4
9604,9604,1503688102073,25,41,8,3,8,-2,0,17
9605,9605,1503688102084,1,19,10,0,2,1,2,-1
9606,9606,1503688102095,-12,-17,9,2,-4,-2,-1,7
9607,9607,1503688102103,7,-1,-5,-2,-5,-1,0,1
9608,9608,1503688102110,1,-6,-9,0,-2,-1,-4,-10
9609,9609,1503688102126,-3,-3,1,-1,1,4,1,0
9610,9610,1503688102132,34,11,-7,-5,-2,-1,0,9
9611,9611,1503688102140,-6,1,-6,0,0,-1,-2,-11
9612,9612,1503688102155,-2,-23,-11,-4,-2,6,1,-1
9613,9613,1503688102163,6,-7,-1,-1,11,-1,2,17
9614,9614,1503688102170,-17,-10,1,2,1,8,-5,-10
9615,9615,1503688102186,-7,0,0,-3,0,0,-2,-9
9616,9616,1503688102193,-21,-5,-6,-3,-8,-4,-1,-11
9617,9617,1503688102200,-5,5,2,4,-8,-5,-3,2
9618,9618,1503688102216,-20,6,8,-1,-10,-3,-2,-26
9987,9987,1503688105821,-1,-14,-7,-1,-1,-1,3,4
9988,9988,1503688105830,-8,-9,1,1,-3,-1,-3,-6
9989,9989,1503688105844,11,5,6,-2,-2,-3,-2,3
9990,9990,1503688105852,-8,-8,-4,-1,0,-1,1,10
9991,9991,1503688105860,6,-7,0,2,0,0,1,4
9992,9992,1503688105876,-4,-8,-4,-2,0,0,-1,-9
9993,9993,1503688105882,9,7,5,2,0,-2,-1,7
9994,9994,1503688105890,-7,11,8,2,0,-1,-1,-3
9995,9995,1503688105904,5,-9,-4,1,-2,4,0,15
9996,9996,1503688105913,-17,-13,-10,-4,3,1,-1,-1
9997,9997,1503688105920,-5,-4,1,0,4,-2,-1,-7
9998,9998,1503688105935,1,-2,2,1,2,-1,-1,2
9999,9999,1503688105944,-10,-10,-3,-4,-2,0,-3,-11
10000,10000,1503688105950,6,14,2,2,-1,-4,-12,-6
10001,10001,1503688105964,10,1,0,-1,1,-1,0,9
10002,10002,1503688105973,0,1,2,-3,-3,0,5,-1
10003,10003,1503688105980,0,0,-2,0,9,-2,-2,-9
10004,10004,1503688105995,11,-5,-8,0,-5,-2,0,-3
10005,10005,1503688106002,0,-7,-3,-3,-1,0,-2,-3
10006,10006,1503688106011,3,4,2,-4,-7,-1,-1,2
10007,10007,1503688106024,1,1,-6,1,-4,-4,0,-3
10008,10008,1503688106032,-15,1,7,1,2,-2,1,0
10009,10009,1503688106040,-9,4,2,-6,-5,-6,-2,-2
10010,10010,1503688106055,6,6,-3,4,2,3,3,2
10011,10011,1503688106061,-9,-1,0,4,2,-2,0,-5
10012,10012,1503688106070,-8,-15,-1,-1,-8,-4,-1,-8
10013,10013,1503688106084,1,-5,1,0,5,8,0,-20
10014,10014,1503688106092,-5,-6,-7,-3,-12,-3,1,3
10015,10015,1503688106100,-4,13,20,10,0,0,-3,0
10016,10016,1503688106115,-2,-4,0,2,4,2,1,-3
10017,10017,1503688106122,-3,-7,-4,-4,-4,3,0,15
10018,10018,1503688106130,10,4,0,2,6,1,0,-1
10019,10019,1503688106145,5,14,4,0,0,-5,0,2
10020,10020,1503688106153,7,-1,-6,0,6,0,-2,-3
10021,10021,1503688106160,-6,-7,-9,-3,-2,0,-1,2
10022,10022,1503688106175,-14,-3,1,-1,8,-1,0,-4
10023,10023,1503688106182,3,4,1,5,-6,-3,3,15
10024,10024,1503688106190,-5,16,11,2,5,-1,-4,-10
10025,10025,1503688106204,-2,1,18,-2,-6,-1,-4,-11
10026,10026,1503688106213,1,0,-2,-2,2,2,5,23
10027,10027,1503688106221,9,-2,-7,0,2,-4,-3,-4
10028,10028,1503688106235,-3,-1,-2,-5,-10,0,-1,-5
10029,10029,1503688106242,1,13,7,0,1,1,-2,-4
10030,10030,1503688106250,4,-11,-6,-6,-14,-2,-5,-1
10031,10031,1503688106264,7,-2,1,-4,1,0,1,13
10032,10032,1503688106272,13,7,10,3,1,1,1,8
10033,10033,1503688106280,-13,-9,-10,-5,-4,-2,0,-3
10034,10034,1503688106295,-14,-12,-2,0,-8,-11,1,9
10035,10035,1503688106301,-2,6,-2,3,10,-6,0,1
10036,10036,1503688106310,-3,4,-2,-2,-1,-2,-4,-14
10037,10037,1503688106324,3,15,-6,-3,-7,1,-11,-11
10038,10038,1503688106332,6,0,-3,-2,1,-3,-5,6
10039,10039,1503688106340,0,-17,-8,0,1,4,0,-11
10040,10040,1503688106355,1,-10,-8,-3,1,3,0,-7
10041,10041,1503688106361,5,-8,2,-1,0,0,0,0
10042,10042,1503688106370,1,-4,-5,-4,0,-1,-2,-7
10043,10043,1503688106385,16,-7,-4,-2,-8,-6,2,4
10044,10044,1503688106392,-3,15,6,0,3,0,-5,-8
10045,10045,1503688106400,-2,7,5,1,4,2,-5,-1
10046,10046,1503688106415,3,-4,-3,1,7,7,0,-3
10047,10047,1503688106422,1,16,2,0,-3,-1,3,1
10048,10048,1503688106430,-7,-7,-2,3,0,-4,7,2
10049,10049,1503688106447,-2,-18,-6,-4,-2,-1,0,3
10050,10050,1503688106452,1,9,1,2,0,2,0,-4
10051,10051,1503688106460,-6,6,5,-1,3,-4,0,-6
10052,10052,1503688106475,6,-9,-6,-5,-1,0,-1,5
10053,10053,1503688106482,-17,-5,-5,-4,0,0,-3,-1
10054,10054,1503688106490,-18,-6,-3,-1,-3,0,-7,-34
10055,10055,1503688106504,2,2,-11,-3,1,6,4,11
10056,10056,1503688106515,-3,-9,-2,-2,-1,4,1,2
10057,10057,1503688106527,-2,-11,0,-2,-3,6,-5,-1
10058,10058,1503688106535,7,-11,-4,-2,-3,-6,-4,8
10059,10059,1503688106542,2,5,-2,-3,-1,-7,-1,3
10060,10060,1503688106557,-8,-5,1,1,-3,0,-2,-6
10061,10061,1503688106564,2,0,3,1,5,0,1,1
10062,10062,1503688106572,5,9,2,0,5,1,1,6
10063,10063,1503688106587,-6,0,1,2,-3,-1,2,-3
10064,10064,1503688106595,-1,0,-2,0,0,0,4,22
10065,10065,1503688106601,11,0,5,-1,-6,2,0,-7
10066,10066,1503688106618,-4,-4,0,-1,-2,0,-2,-7
10067,10067,1503688106625,4,-4,-1,0,5,-5,7,10
10068,10068,1503688106632,-12,27,40,11,7,-2,-5,-16
10069,10069,1503688106649,-14,1,0,-1,0,-4,-2,-5
10070,10070,1503688106656,2,-12,-7,-4,-6,-6,-1,1
10071,10071,1503688106669,3,13,5,0,-3,0,-3,-2
10072,10072,1503688106677,4,10,5,2,0,-1,2,17
10073,10073,1503688106686,2,-4,-9,-1,-6,-4,-1,-3
10074,10074,1503688106692,16,3,-5,-2,1,1,1,-4
10075,10075,1503688106708,2,0,-2,-3,0,-1,-2,-2
10076,10076,1503688106716,-4,-24,-9,-4,-9,-5,-1,-6
10077,10077,1503688106730,-1,-20,-9,-2,-9,-2,-3,-5
10078,10078,1503688106737,-6,1,-1,1,6,-6,2,-4
10079,10079,1503688106745,1,78,62,14,8,12,0,-15
10080,10080,1503688106752,5,5,-4,0,-1,1,-1,-3
10081,10081,1503688106768,-11,-30,-23,-6,-2,-4,-2,3
10082,10082,1503688106775,-5,0,0,-3,-3,0,-3,-5
10083,10083,1503688106793,21,-13,-11,-3,-5,-3,-3,11
10084,10084,1503688106797,-3,-4,-10,-2,4,0,0,5
10085,10085,1503688106806,-7,-11,-6,-2,-1,-2,0,14
10086,10086,1503688106812,0,-2,-5,-5,-3,2,-1,3
10087,10087,1503688106834,-20,-4,-8,-2,4,-10,0,-16
10088,10088,1503688106836,-8,-6,-7,0,-5,-1,1,-6
10089,10089,1503688106850,-7,-18,-12,-2,2,-6,0,-3
10090,10090,1503688106858,19,13,9,2,4,-4,0,3
10091,10091,1503688106865,2,-2,2,3,3,4,-1,-4
10092,10092,1503688106872,2,11,1,-1,-3,1,-6,-13
10093,10093,1503688106888,-13,-9,-4,-5,-6,2,-5,-2
10094,10094,1503688106895,-10,-7,-9,-3,-3,-1,-8,-12
10095,10095,1503688106910,0,-1,-1,0,5,4,5,11
10096,10096,1503688106917,10,-2,-5,-2,6,-5,0,7
10097,10097,1503688106925,-11,-4,-3,2,-1,0,-15,-28
10098,10098,1503688106932,-1,-6,-7,-3,-4,5,4,12
10099,10099,1503688106950,13,3,-4,-1,-1,-1,2,-1
10100,10100,1503688106956,-12,-16,-9,-5,-1,1,-4,-7
10101,10101,1503688106970,-1,5,11,4,-1,-3,2,0
10471,10471,1503688110652,-5,-15,-8,3,0,1,-2,-1
10472,10472,1503688110666,-4,-16,-3,-2,0,-1,-2,-2
10473,10473,1503688110676,6,-5,-6,-4,-3,-1,-3,2
10474,10474,1503688110682,1,8,-1,1,7,1,-1,-1
10475,10475,1503688110697,1,2,-3,-1,-2,0,6,6
10476,10476,1503688110704,-1,-3,0,-3,0,-3,-1,-1
10477,10477,1503688110712,-8,-3,-7,-1,3,2,3,-5
10478,10478,1503688110726,1,-2,1,-3,-3,0,0,4
10479,10479,1503688110735,2,25,5,-2,-1,-2,-3,9
10480,10480,1503688110744,-4,5,8,-3,-3,0,0,-3
10481,10481,1503688110745,11,7,5,4,1,-1,-1,-3
10482,10482,1503688110757,0,-15,-9,-9,-11,-5,-4,-3
10483,10483,1503688110764,3,15,4,6,4,5,0,-1
10484,10484,1503688110772,7,-9,0,0,7,0,-1,-3
10485,10485,1503688110786,-4,-10,-5,-10,-14,-10,-4,-2
10486,10486,1503688110794,-8,-5,1,-2,-10,6,-1,-4
10487,10487,1503688110802,6,9,7,-1,-4,-1,1,1
10488,10488,1503688110817,-8,-8,-6,-1,2,-2,0,-3
10489,10489,1503688110824,10,1,-8,9,8,0,-3,3
10490,10490,1503688110832,-2,-9,-1,0,2,-4,-1,-2
10491,10491,1503688110847,1,-5,-2,-6,0,1,0,-3
10492,10492,1503688110854,5,-8,-13,-4,-5,-2,-4,3
10493,10493,1503688110863,-16,3,5,1,-4,-1,-2,-6
10494,10494,1503688110877,-4,11,0,-5,4,0,-1,0
10495,10495,1503688110885,8,-17,-3,0,2,1,1,-2
10496,10496,1503688110893,2,0,3,0,1,2,3,7
10497,10497,1503688110906,-12,-5,-2,-5,-12,2,-3,-5
10498,10498,1503688110915,-5,12,6,1,-11,-6,-14,-8
10499,10499,1503688110922,0,8,-6,-5,-5,-4,1,2
10500,10500,1503688110937,-9,0,2,3,5,3,-5,-18
10501,10501,1503688110946,-2,1,2,-1,-3,-5,2,-1
10502,10502,1503688110954,2,-8,-23,-5,-1,-4,0,2
10503,10503,1503688110966,-2,1,0,-4,-13,-1,0,1
10504,10504,1503688110975,4,-7,0,1,-1,-3,5,12
10505,10505,1503688110983,-5,1,-5,-1,6,1,-5,0
10506,10506,1503688110997,-8,-5,4,3,0,1,1,-4
10507,10507,1503688111004,-9,-30,-9,-4,-4,5,0,-9
10508,10508,1503688111013,11,8,2,1,1,-1,-3,-3
10509,10509,1503688111027,-9,-5,-4,0,28,5,-1,-8
10510,10510,1503688111035,4,-3,4,0,5,2,-1,-1
10511,10511,1503688111042,20,0,-9,-1,1,-2,0,14
10512,10512,1503688111057,0,7,2,-4,-3,-2,-2,-12
10513,10513,1503688111065,6,3,4,2,2,0,1,6
10514,10514,1503688111073,-4,-5,-7,-1,-8,-4,-1,-5
10515,10515,1503688111087,-18,2,0,0,-5,-4,-5,-6
10516,10516,1503688111095,-4,8,-3,-3,-2,1,1,-1
10517,10517,1503688111102,13,33,17,8,2,3,0,-2
10518,10518,1503688111117,-4,-11,-5,-5,2,0,1,5
10519,10519,1503688111125,-2,2,-2,1,-5,-3,-2,-2
10520,10520,1503688111133,2,12,0,3,-2,-2,1,6
10521,10521,1503688111149,8,-5,3,2,-1,0,2,4
10522,10522,1503688111155,0,-6,6,2,1,2,2,3
10523,10523,1503688111163,2,1,4,3,7,0,-1,1
10524,10524,1503688111180,-19,-9,-3,-2,-1,-3,-1,-3
10525,10525,1503688111181,-6,-17,-9,-7,13,1,-5,-7
10526,10526,1503688111185,19,7,-2,1,6,-1,0,1
10527,10527,1503688111200,-2,-1,8,10,10,-2,-2,-3
10528,10528,1503688111206,-12,-21,-12,-7,-8,-2,-1,5
10529,10529,1503688111215,14,28,15,0,-6,-6,-1,1
10530,10530,1503688111229,-4,-12,-10,-1,-6,-3,-3,-7
10531,10531,1503688111237,1,-9,-4,-1,-7,-1,-1,1
10532,10532,1503688111248,1,5,2,-5,-5,-2,2,2
10533,10533,1503688111260,3,-5,-8,-10,-2,0,-3,5
10534,10534,1503688111266,-5,-7,-4,-8,1,1,-1,-7
10535,10535,1503688111274,4,7,7,3,3,-4,-2,-7
10536,10536,1503688111289,3,3,5,-1,17,7,-4,-2
10537,10537,1503688111297,-4,-2,1,1,2,2,1,4
10538,10538,1503688111304,-10,-4,3,7,-7,-5,-1,-12
10539,10539,1503688111320,-10,1,1,3,2,-1,-1,-6
10540,10540,1503688111326,-2,28,19,4,1,0,0,1
10541,10541,1503688111335,4,1,-3,-3,-6,-3,-2,24
10542,10542,1503688111349,-1,-10,-1,3,-6,2,-1,-1
10543,10543,1503688111357,1,-5,-7,-2,-8,-9,-1,-4
10544,10544,1503688111365,-14,-5,-4,0,-9,-2,-1,-1
10545,10545,1503688111382,-3,-17,-3,0,6,15,2,-5
10546,10546,1503688111387,-1,0,0,-5,-9,-6,-2,-1
10547,10547,1503688111395,-7,6,7,4,-3,0,9,4
10548,10548,1503688111409,0,-2,-2,-8,-11,-2,-7,-6
10549,10549,1503688111418,-14,-10,-7,-5,1,-1,-4,-15
10550,10550,1503688111425,9,-4,0,-2,-3,0,2,10
10551,10551,1503688111439,-6,-1,-3,-4,-6,0,0,3
10552,10552,1503688111440,3,14,3,-2,-3,-1,4,-7
10553,10553,1503688111449,3,0,-5,0,-21,2,-1,6
10554,10554,1503688111455,-9,-6,7,3,0,-2,-5,-2
10555,10555,1503688111469,4,13,18,4,14,-6,1,-3
10556,10556,1503688111477,-3,-5,-6,-1,-4,-2,3,13
10557,10557,1503688111484,-1,-3,-6,-1,-5,-1,0,-1
10558,10558,1503688111500,4,3,-2,2,6,2,-4,-5
10559,10559,1503688111506,-2,2,-5,3,9,0,1,1
10560,10560,1503688111516,-6,-2,-3,-3,-13,2,-1,-1
10561,10561,1503688111529,-2,-4,-4,-3,0,-2,0,3
10562,10562,1503688111537,4,-19,-3,0,6,0,-11,2
10563,10563,1503688111545,-2,6,-5,-6,-2,1,5,10
10564,10564,1503688111560,-4,7,5,0,2,8,2,0
10565,10565,1503688111566,13,3,5,1,6,-3,-1,14
10566,10566,1503688111575,1,-4,-1,0,-7,-5,-1,-1
10567,10567,1503688111589,0,10,4,3,9,5,3,1
10568,10568,1503688111597,9,11,3,-1,-14,-6,-1,2
10569,10569,1503688111605,-10,-10,-8,-3,2,2,-4,-13
10570,10570,1503688111623,-9,-1,-5,0,5,-9,-4,-31
10571,10571,1503688111629,-6,-5,-4,-3,-3,-3,-4,-17
10947,10947,1503688115287,-3,8,6,-2,-1,-2,-2,-3
10948,10948,1503688115295,-8,5,0,-1,-1,0,-1,-5
10949,10949,1503688115309,-1,-6,-4,-2,-1,1,0,-3
10950,10950,1503688115317,1,-2,-5,-4,0,1,-3,-4
10951,10951,1503688115324,4,-3,-4,-1,-2,-2,-3,0
10952,10952,1503688115342,-5,-4,0,-5,-6,0,-1,3
10953,10953,1503688115347,-2,-2,-1,5,3,0,1,-3
10954,10954,1503688115355,-1,-1,-1,-5,-3,-3,-4,-2
10955,10955,1503688115369,1,-4,-4,-5,-5,-2,2,-1
10956,10956,1503688115378,0,1,3,-5,-5,-2,-3,2
10957,10957,1503688115384,-2,-11,-3,-2,-2,2,0,0
10958,10958,1503688115399,2,-5,-1,-2,1,-1,2,2
10959,10959,1503688115410,5,2,-4,2,-2,-1,-1,-5
10960,10960,1503688115415,-4,-4,0,1,0,-3,-5,-1
10961,10961,1503688115429,0,3,0,1,1,1,-1,0
10962,10962,1503688115437,7,-5,-6,3,0,0,3,3
10963,10963,1503688115446,-4,6,7,-2,-4,-1,-2,0
10964,10964,1503688115459,-2,3,0,-1,-3,4,0,-3
10965,10965,1503688115467,-6,-2,0,-1,1,2,-2,-10
10966,10966,1503688115477,3,0,-3,-3,1,-2,-1,-4
10967,10967,1503688115489,-6,2,-1,-2,0,0,-2,-6
10968,10968,1503688115497,-4,7,-4,1,-2,-2,2,-3
10969,10969,1503688115504,3,-7,0,-3,-1,-4,0,4
10970,10970,1503688115519,10,6,6,-3,-1,2,-1,5
10971,10971,1503688115527,3,11,3,4,-2,0,1,1
10972,10972,1503688115535,-11,-5,-2,-2,0,-1,-6,-1
10973,10973,1503688115549,8,4,4,8,4,2,-2,5
10974,10974,1503688115557,0,-7,0,-1,-5,-1,0,-4
10975,10975,1503688115564,7,5,-8,-2,-2,-2,-1,1
10976,10976,1503688115580,-6,4,2,-3,-2,0,-1,-2
10977,10977,1503688115581,0,-4,0,2,3,-1,0,3
10978,10978,1503688115587,-7,-10,-6,-1,2,-2,0,-2
10979,10979,1503688115602,2,17,8,1,3,0,2,2
10980,10980,1503688115610,-4,21,7,2,-1,1,0,0
10981,10981,1503688115611,4,-7,-1,-4,-4,1,-5,4
10982,10982,1503688115620,3,-18,-10,-2,-2,-1,1,1
10983,10983,1503688115624,4,13,4,-2,-8,-1,3,-6
10984,10984,1503688115639,0,4,2,4,4,0,-2,-2
10985,10985,1503688115649,-3,-4,-4,1,4,0,-1,1
10986,10986,1503688115655,-17,-11,-7,-2,-1,0,-7,-5
10987,10987,1503688115669,0,-7,-1,-3,-3,-4,-4,-3
10988,10988,1503688115677,3,4,-1,1,4,-3,1,1
10989,10989,1503688115684,-7,-3,-10,-3,-4,-2,-3,-4
10990,10990,1503688115685,8,-1,5,0,1,1,1,2
10991,10991,1503688115706,10,-2,1,-2,-5,0,2,1
10992,10992,1503688115710,1,22,10,1,-4,-2,-2,-2
10993,10993,1503688115715,-5,-6,1,-1,-1,0,-3,-7
10994,10994,1503688115729,-8,-7,-3,-1,3,-3,-2,-10
10995,10995,1503688115737,-10,0,-1,3,1,-1,-2,-2
10996,10996,1503688115745,-13,-4,-1,-3,-2,-1,1,2
10997,10997,1503688115759,13,-10,-5,-2,-4,-5,-1,0
10998,10998,1503688115767,7,-4,1,-4,1,0,-1,1
10999,10999,1503688115776,-13,-9,-16,-5,1,-1,-3,-6
11000,11000,1503688115777,-10,5,13,1,-2,2,5,11
11001,11001,1503688115789,-4,8,0,1,1,-1,-1,0
11002,11002,1503688115797,2,-10,-11,-4,-6,-2,-1,-5
11003,11003,1503688115804,-7,-14,-10,-6,-15,0,-2,0
11004,11004,1503688115819,7,-1,-4,0,2,-1,0,4
11005,11005,1503688115827,2,6,-7,-5,4,-4,-3,1
11006,11006,1503688115835,-7,20,9,2,-5,3,0,-3
11007,11007,1503688115849,-2,-26,-5,-2,7,-6,0,9
11008,11008,1503688115857,-14,-15,0,-3,-3,1,5,6
11009,11009,1503688115871,-18,-9,2,7,5,1,-4,-18
11010,11010,1503688115880,0,9,20,4,5,-7,0,-9
11011,11011,1503688115887,5,3,0,1,0,7,3,7
11012,11012,1503688115902,9,-6,-8,-3,2,0,-3,-1
11013,11013,1503688115912,1,1,1,5,0,0,-1,-7
11014,11014,1503688115917,2,-1,0,-2,-4,-5,-4,6
11015,11015,1503688115932,-1,-8,-6,-2,-5,0,2,4
11016,11016,1503688115939,2,5,-3,0,7,1,-6,-5
11017,11017,1503688115947,8,-5,2,-2,-6,0,-1,3
11018,11018,1503688115962,3,5,-1,-1,-4,-2,2,-5
11019,11019,1503688115969,2,4,-3,-2,-4,-1,2,7
11020,11020,1503688115977,-4,-2,-6,-3,2,-1,-2,0
11021,11021,1503688115991,0,10,10,2,1,-3,-4,-4
11022,11022,1503688115999,-1,6,-2,-1,-2,-1,-4,0
11023,11023,1503688116007,5,-3,-18,-9,-2,-4,-2,1
11024,11024,1503688116022,-2,16,-3,0,0,1,-4,3
11025,11025,1503688116029,-12,-21,-9,-3,-3,-1,1,6
11026,11026,1503688116037,-6,-17,-14,-4,-6,-3,-1,-9
11027,11027,1503688116051,6,7,5,-1,-2,-3,2,2
11028,11028,1503688116059,-4,-9,-3,0,5,2,1,-9
11029,11029,1503688116067,-9,11,-2,2,0,1,2,-11
11030,11030,1503688116082,15,0,2,-1,-1,1,-3,-2
11031,11031,1503688116089,-3,-10,-2,-2,1,-1,-1,-8
11032,11032,1503688116097,-7,11,3,6,-1,-3,1,3
11033,11033,1503688116112,6,12,3,-1,-1,1,-3,1
11034,11034,1503688116120,-10,-4,2,-2,-2,-1,3,2
11035,11035,1503688116127,7,7,8,-5,0,-2,-4,7
11036,11036,1503688116142,-9,-6,-3,1,3,2,0,-6
11037,11037,1503688116149,-6,2,3,-2,-1,1,-3,-9
11038,11038,1503688116157,13,-15,-11,-4,-4,0,3,31
11039,11039,1503688116171,-9,8,6,3,3,0,0,-2
11040,11040,1503688116180,-8,-8,1,-2,-5,-3,-1,-3
11041,11041,1503688116187,1,-15,-4,1,-7,-1,0,-1
11042,11042,1503688116202,-3,-6,0,8,10,1,-2,3
11043,11043,1503688116208,6,-4,1,1,4,-1,-3,-5
11044,11044,1503688116217,0,5,3,-3,-9,-3,-6,-19
11045,11045,1503688116231,-10,-29,-16,-5,5,3,1,7
11046,11046,1503688116239,-6,8,1,-3,-2,4,3,-8
11047,11047,1503688116247,11,11,4,-2,-4,-4,-2,0
11048,11048,1503688116262,6,4,11,-2,-4,-6,-1,-3
11351,11351,1503688119247,-5,-3,-2,-5,-12,-6,-4,-3
11352,11352,1503688119255,-5,-1,-2,-2,11,-2,-2,-21
11353,11353,1503688119270,3,4,1,2,1,1,3,-7
11354,11354,1503688119277,1,-3,0,2,-2,2,5,9
11355,11355,1503688119284,-3,14,3,5,5,0,2,11
11356,11356,1503688119299,2,1,4,2,2,3,0,-3
11357,11357,1503688119307,-7,-41,-13,-3,-2,-2,-2,-12
11358,11358,1503688119315,1,11,8,2,-4,1,-2,-2
11359,11359,1503688119329,-2,-10,-4,-2,0,1,0,5
11360,11360,1503688119337,-1,-4,-4,-3,-3,1,2,3
11361,11361,1503688119344,-1,8,1,-3,-1,-1,-3,-6
11362,11362,1503688119361,7,4,-1,-1,-3,-2,-2,5
11363,11363,1503688119368,-4,7,-1,-2,2,-2,-3,0
11364,11364,1503688119375,-7,-3,-2,1,-1,-1,-2,1
11365,11365,1503688119389,1,-1,-1,-2,-4,-2,1,1
11366,11366,1503688119397,-1,-5,-4,-2,-2,0,1,0
11367,11367,1503688119405,-6,-1,-2,1,-2,-1,0,0
11368,11368,1503688119419,2,-1,7,0,-2,-1,-3,-4
11369,11369,1503688119429,1,7,3,-1,2,1,2,-4
11370,11370,1503688119442,-1,-10,-4,-2,-1,-3,0,-11
11371,11371,1503688119449,2,8,3,5,4,3,1,5
11372,11372,1503688119464,-1,12,-2,-1,-1,-1,-2,3
11373,11373,1503688119465,0,-1,0,0,-3,0,-2,-2
11374,11374,1503688119479,-2,-3,-1,-2,2,0,-2,3
11375,11375,1503688119487,4,-5,1,-2,-2,-1,-1,-3
11376,11376,1503688119496,13,11,0,-2,-1,-1,3,2
11377,11377,1503688119509,-2,-5,-3,-2,-1,-1,-4,-1
11378,11378,1503688119517,0,11,4,3,-1,0,-1,-5
11379,11379,1503688119524,0,1,1,3,1,1,0,-2
11380,11380,1503688119539,1,-8,-4,-1,-3,0,-2,3
11381,11381,1503688119547,-1,18,7,-4,-2,-3,-1,-2
11382,11382,1503688119555,-5,-6,-3,-1,-1,1,-1,0
11383,11383,1503688119570,3,-12,-7,-1,-3,-3,0,2
11384,11384,1503688119577,6,3,-2,-1,-3,-1,0,2
11385,11385,1503688119591,0,-1,-2,-2,0,1,0,0
11386,11386,1503688119599,-14,-9,-4,-2,-1,0,0,-3
11387,11387,1503688119607,-13,-3,-2,3,2,-2,-2,-8
11388,11388,1503688119622,-14,-2,0,0,-2,1,0,1
11389,11389,1503688119630,-5,1,3,0,-3,0,-1,0
11390,11390,1503688119637,7,-4,-5,-1,-2,0,0,2
11391,11391,1503688119638,-3,-10,0,-1,-1,-3,-3,-2
11392,11392,1503688119651,-3,-6,-5,-3,0,-3,-1,-3
11393,11393,1503688119659,2,-3,-3,-6,-3,-2,1,-1
11394,11394,1503688119667,-4,-3,-1,2,1,-2,0,1
11395,11395,1503688119668,8,3,2,1,-1,-2,-1,1
11396,11396,1503688119683,-11,-7,0,-2,-3,-2,-2,7
11397,11397,1503688119689,7,-6,-2,0,-4,1,0,4
11398,11398,1503688119698,1,3,-3,-3,0,-2,-1,-8
11399,11399,1503688119711,-6,19,1,-2,-1,-2,-3,-4
11400,11400,1503688119719,4,16,0,-1,-1,0,0,1
11401,11401,1503688119727,5,-4,2,2,-1,-1,-1,-5
11402,11402,1503688119742,10,3,-2,-1,1,-2,-2,2
11403,11403,1503688119749,-2,-3,-3,-5,-3,0,-2,-2
11404,11404,1503688119757,10,-5,1,4,1,0,0,-7
11405,11405,1503688119772,7,-5,-3,-1,0,2,1,0
11406,11406,1503688119779,-7,-8,-6,-2,0,-2,1,-3
11407,11407,1503688119787,-3,10,7,1,3,-2,1,0
11408,11408,1503688119803,-10,2,1,3,-1,1,-3,-7
11409,11409,1503688119810,10,27,10,5,0,-1,5,3
11410,11410,1503688119817,14,8,17,3,3,-2,-2,-2
11411,11411,1503688119831,2,-13,-4,-2,0,0,-1,5
11412,11412,1503688119839,-8,-1,-3,-1,-1,0,-2,1
11413,11413,1503688119847,0,-4,-3,-1,0,-1,0,3
11414,11414,1503688119865,-7,-8,-3,1,0,-2,-2,1
11415,11415,1503688119870,0,-10,-4,-5,-2,1,-3,-1
11416,11416,1503688119877,0,-1,-2,-2,-1,-2,0,0
11417,11417,1503688119891,2,-11,-10,-3,-2,-3,-4,0
11418,11418,1503688119901,-2,22,17,2,0,1,0,-2
11419,11419,1503688119907,-6,-5,-6,-1,-2,0,-2,-6
11420,11420,1503688119922,-2,-5,-2,0,-1,0,0,0
11421,11421,1503688119931,-5,-4,0,-6,-2,0,0,-1
11422,11422,1503688119938,-4,-20,-5,-1,0,-1,1,4
11423,11423,1503688119951,-5,-4,1,0,-2,1,-3,-1
11424,11424,1503688119959,-8,-2,-6,0,0,2,-1,-3
11425,11425,1503688119968,-12,6,-1,1,-1,-2,-1,-5
11426,11426,1503688119989,1,-3,-5,-4,-1,1,2,0
11427,11427,1503688119990,4,-2,1,-1,-1,-6,-4,3
11428,11428,1503688119999,-3,5,-6,-1,-2,2,2,1
11429,11429,1503688120011,0,-7,-3,3,1,-1,1,-4
11430,11430,1503688120020,-2,-22,-10,-4,-3,-3,-5,-1
11431,11431,1503688120027,-1,-2,1,4,1,-2,-2,-5
11432,11432,1503688120042,8,-2,-1,6,4,0,-3,0
11433,11433,1503688120049,-4,-4,-1,-4,-2,1,0,-4
11434,11434,1503688120057,5,5,2,-1,-4,-2,-1,-6
11435,11435,1503688120071,-13,4,7,1,-3,-1,1,-3
11436,11436,1503688120079,10,7,-3,-2,-1,1,4,-6
11437,11437,1503688120080,-5,-2,-3,-4,-4,0,-4,-6
11438,11438,1503688120087,7,0,-3,0,-3,0,-1,4
11439,11439,1503688120102,-11,-7,-4,-4,-1,0,-1,33
11440,11440,1503688120109,-3,0,-6,-1,-5,1,0,-3
11441,11441,1503688120117,5,17,-5,-4,-9,-4,-3,-11
11442,11442,1503688120133,14,-1,1,-1,4,0,-5,3
11443,11443,1503688120140,-1,-4,-1,4,-2,-1,-2,-8
11444,11444,1503688120147,12,9,-1,-1,-4,-7,-3,-1
11445,11445,1503688120162,9,8,8,-4,-3,-3,0,-3
11446,11446,1503688120170,10,6,8,5,-6,1,4,2
11447,11447,1503688120177,5,10,8,4,-1,-1,2,-1
11448,11448,1503688120191,-2,-18,-10,-8,0,-2,0,-2
11449,11449,1503688120200,-7,-21,-12,-3,5,-2,-1,-2
11450,11450,1503688120207,-9,-3,-6,-3,6,3,-2,0
11451,11451,1503688120222,3,20,16,4,1,-1,1,0
11452,11452,1503688120229,-10,-12,-7,2,0,5,2,3
11453,11453,1503688120237,-17,-30,-11,-4,-2,-2,-6,-11
11454,11454,1503688120251,-2,7,-1,-4,-1,-2,0,1
11455,11455,1503688120259,-15,-14,1,-1,-9,-2,-3,-3
11456,11456,1503688120275,2,-7,-2,-3,0,1,0,3
11457,11457,1503688120282,-3,4,-3,-3,4,-1,-1,-3
11458,11458,1503688120289,-8,4,3,-3,-1,-5,-2,-4
11459,11459,1503688120305,8,-1,-1,0,10,4,-1,8
11460,11460,1503688120311,0,2,1,-2,1,2,1,-1
11461,11461,1503688120319,-2,-8,-1,3,-2,1,1,-5
11462,11462,1503688120327,-10,-13,-1,-1,2,2,0,-4
11463,11463,1503688120343,2,-2,-15,-5,-1,-2,0,10
11464,11464,1503688120349,4,2,4,-1,-2,-2,0,-5
11465,11465,1503688120369,4,3,0,-5,1,3,-1,-6
11466,11466,1503688120371,-3,-1,-3,3,1,-5,-13,-3
11467,11467,1503688120379,6,15,5,-1,0,1,0,-1
11468,11468,1503688120387,1,10,2,1,-3,0,1,1
11469,11469,1503688120402,2,2,3,1,2,-4,-1,-2
11470,11470,1503688120409,5,2,-1,-1,1,-2,1,-3
11471,11471,1503688120417,-3,11,6,2,-3,0,0,-10
11472,11472,1503688120433,-23,-1,3,-2,-3,1,-1,-6
11473,11473,1503688120439,-12,13,15,1,-3,-3,-3,-5
11474,11474,1503688120446,0,10,4,1,3,3,0,-2
11475,11475,1503688120462,-4,-12,-7,-5,-16,-4,-1,-5
11476,11476,1503688120470,9,-5,-5,3,6,2,2,16
11477,11477,1503688120477,17,8,-1,-5,1,1,-1,1
11478,11478,1503688120491,7,-6,-4,-6,-6,-2,2,13
11479,11479,1503688120500,12,11,-1,3,5,-3,1,5
11480,11480,1503688120507,-11,-4,2,4,3,0,-3,-10
11481,11481,1503688120521,-10,-8,0,2,7,1,4,0
11482,11482,1503688120529,-15,-5,-4,0,1,3,-1,-28
11483,11483,1503688120544,1,-12,-9,2,1,1,-1,8
11484,11484,1503688120551,11,6,1,-3,-6,-4,0,-2
11734,11734,1503688122997,-2,6,0,-2,-4,-2,-2,-4
11735,11735,1503688123004,-3,9,2,3,-2,-2,-3,-4
11736,11736,1503688123021,4,21,5,1,6,2,0,-4
11737,11737,1503688123027,10,40,12,0,4,5,-1,-1
11738,11738,1503688123034,1,-9,1,6,7,0,2,8
11739,11739,1503688123049,-8,-8,-2,0,3,-1,-2,-3
11740,11740,1503688123057,-9,-4,0,-3,-10,-3,-11,-4
11741,11741,1503688123064,7,-4,-1,0,-3,-4,-5,2
11742,11742,1503688123080,-11,8,4,5,4,2,-1,-1
11743,11743,1503688123081,-11,-13,-6,-4,-9,1,5,5
11744,11744,1503688123087,-8,-20,-8,0,-5,4,0,-6
11745,11745,1503688123094,0,-20,-5,2,18,-2,-3,-6
11746,11746,1503688123109,-4,-11,-2,-5,0,2,5,2
11747,11747,1503688123118,-6,-6,0,1,4,3,4,-4
11748,11748,1503688123124,11,1,-5,-3,0,-2,0,-1
11749,11749,1503688123140,0,9,4,0,2,1,4,-8
11750,11750,1503688123147,2,-9,-2,-1,-10,-1,-1,1
11751,11751,1503688123156,4,-5,1,1,-2,-3,0,-9
11752,11752,1503688123171,-7,0,-2,-1,-3,-5,-1,12
11753,11753,1503688123177,-3,-16,-1,5,-9,5,2,16
11754,11754,1503688123184,-6,19,0,-1,7,4,-5,-18
11755,11755,1503688123200,-9,-6,-5,-8,-16,-3,-4,-1
11756,11756,1503688123207,0,-4,-3,-4,4,-8,-6,-15
11757,11757,1503688123222,8,22,1,-2,6,1,-3,-30
11758,11758,1503688123229,-2,18,7,5,-1,1,1,1
11759,11759,1503688123237,-3,8,8,5,1,-4,-4,-1
11760,11760,1503688123244,-4,-14,3,13,13,8,1,31
11761,11761,1503688123259,0,22,-4,-10,-6,-4,0,2
11762,11762,1503688123266,-3,-15,-6,-5,-5,-6,-1,-9
11763,11763,1503688123282,-5,-11,-4,-5,2,0,0,-5
11764,11764,1503688123289,-4,14,-1,-3,-3,-3,-2,-3
11765,11765,1503688123305,-2,-5,4,1,-2,-2,-1,-5
11766,11766,1503688123321,7,6,0,0,10,2,-2,6
11767,11767,1503688123326,1,1,1,-1,-12,-5,-3,-6
11768,11768,1503688123341,-2,12,5,1,3,0,1,8
11769,11769,1503688123349,-9,4,-3,0,-3,3,4,-9
11770,11770,1503688123357,1,-16,-3,0,-1,0,0,0
11771,11771,1503688123372,1,-8,-5,-4,-2,-1,2,-11
11772,11772,1503688123381,-2,-6,-2,-1,1,1,2,6
11773,11773,1503688123387,1,-2,2,0,9,1,-5,1
11774,11774,1503688123401,-4,-11,-3,-3,-3,-3,-1,-1
11775,11775,1503688123409,2,11,-5,-4,-2,1,4,3
11776,11776,1503688123417,-6,-14,-8,-1,-11,-6,0,0
11777,11777,1503688123432,2,-8,1,1,3,-1,-4,7
11778,11778,1503688123439,-4,2,2,-2,11,-1,0,4
11779,11779,1503688123440,4,6,1,0,4,-1,-2,1
11780,11780,1503688123448,8,-4,0,-3,-5,0,-1,6
11781,11781,1503688123462,0,-17,-2,1,10,1,-2,1
11782,11782,1503688123469,2,-3,-1,-3,-17,-2,3,7
11783,11783,1503688123477,4,-15,-5,-1,-11,2,0,7
11784,11784,1503688123492,4,22,1,1,0,-2,2,-1
11785,11785,1503688123500,-2,-7,1,2,13,0,-2,-16
11786,11786,1503688123507,-13,-8,2,2,11,-1,-4,-7
11787,11787,1503688123522,3,13,5,-2,-8,0,1,-7
11788,11788,1503688123529,-5,-3,0,-4,2,0,-2,3
11789,11789,1503688123537,-6,3,1,1,-16,-7,-1,-7
11790,11790,1503688123553,2,0,-1,0,2,0,-1,-4
11791,11791,1503688123559,2,1,-1,1,-1,-3,-2,1
11792,11792,1503688123567,-4,-4,-3,1,6,-1,-2,-5
11793,11793,1503688123583,-3,-2,2,-1,4,1,-2,2
11794,11794,1503688123589,6,-20,-9,-2,-5,-2,-2,-9
11795,11795,1503688123597,0,-3,0,-1,-3,-1,-1,-3
11796,11796,1503688123612,1,-3,-1,-2,-6,-1,1,7
11797,11797,1503688123620,-1,1,-4,-1,4,1,-2,11
11798,11798,1503688123628,4,3,0,-2,3,-1,-1,3
11799,11799,1503688123642,-2,0,-2,-1,-9,-1,-1,-6
11800,11800,1503688123650,-1,-17,-13,-10,-8,-5,-4,-2
11801,11801,1503688123658,4,20,5,-1,4,1,-2,0
11802,11802,1503688123672,-5,6,3,3,6,3,3,-2
11803,11803,1503688123690,1,-3,1,-1,-2,0,-1,4
11804,11804,1503688123692,2,3,3,1,5,2,-1,-2
11805,11805,1503688123701,0,-6,-2,0,3,0,3,3
11806,11806,1503688123709,-12,-8,-3,-2,2,2,-2,2
11807,11807,1503688123717,-5,3,-5,-2,3,0,0,0
11808,11808,1503688123731,1,0,2,2,-5,-4,-2,-1
11809,11809,1503688123739,-17,-2,3,-2,2,1,-2,-3
11810,11810,1503688123746,4,3,3,0,-2,-1,-2,-3
11811,11811,1503688123762,-3,-6,-3,-3,-5,-3,0,-4
11812,11812,1503688123769,-3,11,4,-2,-2,-2,-2,-2
11813,11813,1503688123777,10,2,-1,-1,2,-1,-2,8
11814,11814,1503688123792,-5,-4,-2,1,-2,-1,0,1
11815,11815,1503688123799,5,2,4,3,1,1,-2,0
11816,11816,1503688123807,-1,3,-1,1,-2,1,0,-7
11817,11817,1503688123823,1,-7,-4,-4,-1,-1,-1,-4
11818,11818,1503688123829,1,-6,-5,4,-1,-2,-1,-3
11819,11819,1503688123837,-1,-3,-3,0,-2,-1,0,1
11820,11820,1503688123853,2,4,0,-5,-2,-1,2,2
11821,11821,1503688123860,0,-5,-1,0,1,-1,0,1
11822,11822,1503688123866,0,-5,-4,-2,-2,0,1,-2
11823,11823,1503688123884,-2,-1,-1,-3,-2,0,0,-4
11824,11824,1503688123889,-3,-3,-2,-4,-1,-1,-1,-4
11825,11825,1503688123897,-3,-5,-3,-1,-2,-2,-2,0
11826,11826,1503688123911,0,3,3,1,1,0,-3,-4
11827,11827,1503688123920,4,1,-1,-1,-1,-1,-2,-2
11828,11828,1503688123926,-1,0,-2,-5,-2,-2,1,5
11829,11829,1503688123941,1,1,3,0,0,-2,1,1
11830,11830,1503688123955,1,-2,1,1,-1,-1,-2,2
11831,11831,1503688123964,-9,-2,-4,-1,-3,-2,0,-1
11832,11832,1503688123971,0,2,-1,0,-2,-3,1,3
11833,11833,1503688123979,0,3,1,-3,-5,-2,1,1
11834,11834,1503688123989,-2,3,-1,1,2,-2,-2,3
11835,11835,1503688124001,10,9,0,-1,-2,0,-1,-2
11836,11836,1503688124009,-5,17,11,2,1,0,-1,0
11837,11837,1503688124018,-9,2,-4,0,-2,1,-1,-12
11838,11838,1503688124032,4,0,-2,3,-6,-1,-3,2
11839,11839,1503688124039,-2,-2,5,4,2,-2,-1,4
11840,11840,1503688124046,-23,-6,-5,-3,2,0,-3,-6
11841,11841,1503688124061,0,-7,-5,-1,0,-1,3,2
11842,11842,1503688124069,5,-5,-3,0,-2,0,2,0
11843,11843,1503688124077,4,2,-3,-3,-2,-2,-6,-6
11844,11844,1503688124092,4,-8,-1,2,2,2,1,5
11845,11845,1503688124099,-6,13,11,5,0,0,3,1
11846,11846,1503688124106,1,5,4,0,-1,-2,-2,-4
11847,11847,1503688124122,0,-7,-2,1,0,-1,-2,3
11848,11848,1503688124129,2,-4,-2,-4,-1,-3,-2,1
11849,11849,1503688124137,-7,2,-3,-3,-2,0,-1,-5
11850,11850,1503688124152,-1,-6,-7,-3,-1,1,-2,-2
11851,11851,1503688124166,3,-8,-11,-4,-3,0,-3,1
11852,11852,1503688124167,-2,-41,-14,-7,-6,-4,4,-1
11853,11853,1503688124182,2,-6,4,0,1,1,-1,3
11854,11854,1503688124189,5,3,2,-3,-1,-1,2,0
11855,11855,1503688124197,-3,-2,1,-2,-5,-4,-4,-3
11856,11856,1503688124211,-2,8,-2,-1,-1,-1,-4,-2
11857,11857,1503688124219,7,6,-2,-3,0,-2,-3,2
11858,11858,1503688124227,7,-10,-6,-1,0,1,-4,0
11859,11859,1503688124242,-8,-8,-4,-4,-7,0,6,14
11860,11860,1503688124249,1,-2,6,3,1,2,-1,-1
11861,11861,1503688124264,6,7,0,1,6,-5,-10,-3
11862,11862,1503688124271,-6,27,12,3,1,-3,-3,-5
11863,11863,1503688124279,-6,5,-3,-2,2,-2,3,-2
11864,11864,1503688124295,-13,-8,-3,-1,0,-2,-1,-4
11865,11865,1503688124302,-12,2,8,-1,2,0,-3,-3
11866,11866,1503688124310,1,15,6,-1,-1,1,1,-2
11867,11867,1503688124325,-3,-7,-4,-2,-1,-1,1,-3
11868,11868,1503688124332,-1,-8,-6,-3,-3,-1,2,1
11869,11869,1503688124340,10,0,5,0,-4,1,2,-4
11870,11870,1503688124358,0,-11,-1,-3,0,1,-2,-1
11871,11871,1503688124364,-16,-9,-1,0,-5,-1,-9,-7
11872,11872,1503688124376,5,5,-2,1,0,1,-2,1
11873,11873,1503688124385,4,2,-5,0,-3,1,2,0
11874,11874,1503688124392,-12,-10,-8,-2,-1,-2,-3,-3
12231,12231,1503688127903,-1,-3,-5,-6,-2,2,3,-3
12232,12232,1503688127909,-6,-2,8,2,-1,0,-11,0
12233,12233,1503688127910,2,-6,-6,-2,1,2,-1,-4
12234,12234,1503688127924,-7,-4,2,2,0,-2,-2,0
12235,12235,1503688127931,-5,-3,-6,-6,-6,-2,-1,-1
12236,12236,1503688127941,-4,1,-8,-6,1,-3,-3,-8
12237,12237,1503688127946,-1,1,2,-2,-2,-1,0,-3
12238,12238,1503688127962,7,3,0,-3,-4,0,-4,0
12239,12239,1503688127972,-3,2,3,-1,0,1,4,0
12240,12240,1503688127984,-6,4,14,4,1,-1,-1,-1
12241,12241,1503688127992,-3,-3,-3,-5,1,2,0,13
12242,12242,1503688127999,2,-2,-3,0,-27,-7,1,-1
12243,12243,1503688128014,-5,-2,-7,5,3,5,3,-2
12244,12244,1503688128022,3,-2,2,5,12,-1,-6,-1
12245,12245,1503688128029,-4,-3,-3,-6,-6,-3,-1,-6
12246,12246,1503688128045,1,-2,2,7,6,0,2,-1
12247,12247,1503688128051,1,-5,-1,0,3,-1,-2,3
12248,12248,1503688128059,1,12,13,1,2,3,-2,-2
12249,12249,1503688128074,16,4,1,-1,-5,-8,-3,3
12250,12250,1503688128082,-4,-19,-14,-3,1,-2,-4,-7
12251,12251,1503688128089,-4,3,15,5,1,3,0,-6
12252,12252,1503688128106,6,-2,-2,4,6,0,3,6
12253,12253,1503688128111,5,-2,-3,-5,-8,1,-4,-2
12254,12254,1503688128119,6,2,5,-4,1,1,2,-1
12255,12255,1503688128134,0,2,-6,-6,-3,4,-1,3
12256,12256,1503688128143,-3,5,-4,-4,0,-1,-6,-5
12257,12257,1503688128149,1,2,-6,-5,1,-3,2,2
12258,12258,1503688128164,-10,-1,-5,-4,-3,0,-4,-3
12259,12259,1503688128172,-2,1,-1,2,4,-2,-1,-2
12260,12260,1503688128179,1,1,1,-2,-12,-3,-2,0
12261,12261,1503688128194,-4,1,2,-1,-3,-4,2,-3
12262,12262,1503688128202,0,2,-4,-4,6,0,-1,0
12263,12263,1503688128209,-7,20,6,8,6,-1,-1,-2
12264,12264,1503688128224,-3,5,1,-5,-3,0,-1,-1
12265,12265,1503688128231,8,-4,-5,-2,3,0,0,-1
12266,12266,1503688128247,4,-1,-3,-8,-13,-2,0,0
12267,12267,1503688128254,-7,-8,2,8,8,9,0,-4
12268,12268,1503688128262,9,-7,-2,-1,7,-2,-3,0
12269,12269,1503688128269,2,-5,1,-4,-7,-6,-1,-1
12270,12270,1503688128284,-10,0,-3,3,-1,0,2,0
12271,12271,1503688128291,1,-8,-4,-4,0,-4,-8,-4
12272,12272,1503688128299,17,8,5,2,3,-1,1,4
12273,12273,1503688128314,-5,1,2,1,-3,-3,-3,-2
12274,12274,1503688128322,-16,-9,-10,-8,-6,-3,0,-6
12275,12275,1503688128329,-7,3,4,-2,-4,2,2,-2
12276,12276,1503688128344,-1,-5,0,7,4,2,-1,1
12277,12277,1503688128351,-3,-7,-4,0,0,0,-1,-1
12278,12278,1503688128359,-1,-2,3,2,2,-1,0,-2
12279,12279,1503688128375,4,11,-3,-2,-1,-1,-2,-1
12280,12280,1503688128384,3,8,5,-1,-1,-4,-2,2
12281,12281,1503688128389,-20,-12,-3,-3,0,0,2,-4
12282,12282,1503688128407,-9,-1,1,0,0,0,0,-2
12283,12283,1503688128411,1,12,9,2,-7,2,0,5
12284,12284,1503688128427,3,-5,-1,8,-9,-2,-12,-6
12285,12285,1503688128434,3,-5,0,0,-3,-4,-2,-2
12286,12286,1503688128443,1,1,-1,-3,3,2,1,-3
12287,12287,1503688128449,-2,-7,-8,-6,0,-2,-3,-4
12288,12288,1503688128464,-7,10,6,-1,2,-1,-1,-2
12289,12289,1503688128473,4,2,1,0,-2,1,-3,4
12290,12290,1503688128479,-6,3,10,0,-3,0,2,-4
12291,12291,1503688128494,7,-5,-7,-3,0,1,2,15
12292,12292,1503688128502,-1,-3,2,0,4,0,0,5
12293,12293,1503688128510,-1,-7,1,3,7,-1,-4,-5
12294,12294,1503688128524,-10,-10,-12,-13,-3,-1,-2,-7
12295,12295,1503688128531,2,-4,0,-9,-7,0,0,-3
12296,12296,1503688128543,-1,4,-1,-1,-5,-3,0,3
12297,12297,1503688128554,14,7,1,-1,0,0,0,-1
12298,12298,1503688128562,-2,-4,-7,2,12,2,2,1
12299,12299,1503688128569,2,2,-2,0,2,3,-1,2
12300,12300,1503688128585,1,-11,-10,-4,1,-1,-1,-4
12301,12301,1503688128591,-4,-2,3,1,-2,-2,1,-4
12302,12302,1503688128599,0,-5,-3,-4,-4,-3,-9,2
12303,12303,1503688128614,-1,0,1,2,-1,-1,0,0
12304,12304,1503688128622,6,2,4,0,-1,-1,5,0
12305,12305,1503688128629,0,10,2,9,6,3,-3,3
12306,12306,1503688128644,-5,-4,2,0,-3,0,0,-3
12307,12307,1503688128645,-7,-14,-5,2,1,-1,3,-2
12308,12308,1503688128651,-2,14,5,-3,-5,-2,-5,-2
12309,12309,1503688128652,13,1,-2,-5,0,-6,-2,3
12310,12310,1503688128659,-4,-8,-5,-2,-3,1,0,-8
12311,12311,1503688128675,-11,-10,-9,-3,-3,-2,0,-8
12312,12312,1503688128682,10,8,11,5,-17,2,2,4
12313,12313,1503688128689,1,-7,-12,-4,0,-2,-16,-5
12314,12314,1503688128704,0,4,-6,-4,0,-6,-3,0
12315,12315,1503688128712,-8,-15,-1,3,-1,3,3,0
12316,12316,1503688128719,7,5,2,1,3,-1,0,10
12317,12317,1503688128734,-9,5,0,-3,-1,-5,-1,-5
12318,12318,1503688128743,3,-5,1,-1,-6,-3,0,3
12319,12319,1503688128744,-15,9,0,-2,-1,-4,-2,-3
12320,12320,1503688128750,16,44,35,7,0,1,11,15
12321,12321,1503688128765,6,-21,-13,-1,0,-3,-3,-7
12322,12322,1503688128772,-10,-19,-11,-4,-16,-4,-6,-13
12323,12323,1503688128780,-2,-7,-2,-3,4,2,-1,-6
12324,12324,1503688128794,-7,-6,-3,-3,0,-2,-1,1
12325,12325,1503688128802,10,9,-1,4,3,2,-1,-5
12326,12326,1503688128810,11,3,-4,-1,-1,-1,1,6
12327,12327,1503688128824,-2,6,6,3,12,3,-1,-2
12328,12328,1503688128831,0,-4,-7,-4,-7,1,3,-2
12329,12329,1503688128840,2,-5,-4,-5,-5,-2,0,4
12330,12330,1503688128854,7,-3,3,0,6,-1,-1,0
12331,12331,1503688128862,-7,-3,6,0,-3,-1,-1,2
12707,12707,1503688132514,-2,-2,-5,0,-4,-1,0,5
12708,12708,1503688132522,-1,-3,-5,0,-1,-1,1,1
12709,12709,1503688132531,0,2,-2,-4,-2,1,-2,-1
12710,12710,1503688132544,-8,-3,3,6,5,2,2,-2
12711,12711,1503688132551,-4,3,5,3,-1,-1,-1,3
12712,12712,1503688132567,-12,5,2,-1,0,1,-1,-2
12713,12713,1503688132573,-1,2,2,0,3,-2,-4,-4
12714,12714,1503688132582,7,-9,-5,-1,0,-1,-2,0
12715,12715,1503688132589,3,-4,-3,-7,-1,-1,-2,-2
12716,12716,1503688132605,2,-1,-4,-4,-7,0,-2,2
12717,12717,1503688132611,0,-3,-2,-3,0,0,-2,0
12718,12718,1503688132628,3,8,7,2,-3,-1,1,-2
12719,12719,1503688132634,4,3,-4,-2,-1,-2,1,-4
12720,12720,1503688132642,-5,-4,-7,-4,-3,-5,-3,1
12721,12721,1503688132656,-3,-2,-2,0,0,-1,0,0
12722,12722,1503688132665,2,0,3,4,4,-1,1,1
12723,12723,1503688132671,-8,-8,-4,-6,-2,-1,-3,-1
12724,12724,1503688132687,-4,-4,1,-3,-3,-1,-2,2
12725,12725,1503688132698,0,3,1,-1,-3,-2,-2,-2
12726,12726,1503688132702,5,-10,-9,0,-2,1,1,-3
12727,12727,1503688132716,1,-4,2,1,1,0,0,1
12728,12728,1503688132724,-5,-2,-3,3,3,-3,-1,-1
12729,12729,1503688132731,7,8,3,3,-1,0,-1,0
12730,12730,1503688132746,-3,-5,-3,-1,-1,0,-1,-2
12731,12731,1503688132747,-2,-11,-6,-7,-5,-1,-2,-5
12732,12732,1503688132753,-3,7,-6,-6,0,2,0,-2
12733,12733,1503688132764,1,-17,4,2,0,-1,-11,-3
12734,12734,1503688132776,1,-11,-3,-3,0,0,0,4
12735,12735,1503688132784,7,6,2,4,4,-1,2,1
12736,12736,1503688132791,1,4,3,3,0,-2,2,-2
12737,12737,1503688132806,-5,18,4,-2,-3,1,1,-1
12738,12738,1503688132813,-12,2,1,1,0,-1,0,-4
12739,12739,1503688132821,6,-8,1,2,1,-2,-2,-2
12740,12740,1503688132822,2,16,0,-3,-3,-1,-1,-1
12741,12741,1503688132837,-4,-33,-9,-2,0,-2,-2,0
12742,12742,1503688132844,-6,-3,-3,-4,-3,-4,0,-2
12743,12743,1503688132851,0,-4,-4,5,2,-2,2,-3
12744,12744,1503688132866,-2,-3,1,0,1,1,1,2
12745,12745,1503688132867,-3,-5,-4,0,-3,-2,1,-4
12746,12746,1503688132874,5,34,10,0,0,-1,1,0
12747,12747,1503688132882,-6,14,9,-1,-3,1,-1,-3
12748,12748,1503688132897,8,3,-1,-1,-1,-1,0,-2
12749,12749,1503688132905,-10,-6,-7,-4,-2,-3,0,-1
12750,12750,1503688132911,1,2,5,0,-2,1,-2,4
12751,12751,1503688132930,-2,5,2,0,2,1,-6,-39
12752,12752,1503688132940,0,4,4,1,-2,1,-5,-4
12753,12753,1503688132942,18,-20,-8,-2,-2,-2,0,5
12754,12754,1503688132956,-4,-6,-6,-3,-1,-3,-3,-7
12755,12755,1503688132966,7,-11,-7,-5,-1,0,0,16
12756,12756,1503688132971,3,-3,-2,1,7,-1,0,8
12757,12757,1503688132988,-5,6,7,0,-2,0,1,1
12758,12758,1503688132994,-8,3,4,5,3,0,-4,-9
12759,12759,1503688133004,10,11,4,-2,-1,3,2,4
12760,12760,1503688133016,-5,-4,-2,0,-3,0,-1,-12
12761,12761,1503688133024,-16,-9,1,8,7,-1,1,-4
12762,12762,1503688133032,9,-3,-5,-2,-2,0,0,3
12763,12763,1503688133047,5,14,-3,-4,-1,0,1,22
12764,12764,1503688133054,-1,-3,5,-1,-3,-2,0,1
12765,12765,1503688133067,-8,-10,-5,3,6,-1,-2,-6
12766,12766,1503688133076,3,-13,-6,-10,-8,-2,5,15
12767,12767,1503688133084,0,2,3,-3,-8,-1,2,2
12768,12768,1503688133091,-4,-3,4,3,10,1,-3,-5
12769,12769,1503688133107,-4,-9,1,2,7,2,-2,-3
12770,12770,1503688133113,2,-4,-5,-2,-4,-3,0,-1
12771,12771,1503688133122,-1,-4,-8,-4,3,-2,0,-12
12772,12772,1503688133136,-3,9,0,-1,-1,-2,1,11
12773,12773,1503688133145,-19,-8,-1,-1,0,0,-3,-7
12774,12774,1503688133151,4,1,-8,-2,-4,-2,-4,0
12775,12775,1503688133167,-6,4,5,5,0,-2,4,8
12776,12776,1503688133174,1,-14,-3,1,4,-4,-3,-11
12777,12777,1503688133182,2,6,-2,0,-4,-3,1,-1
12778,12778,1503688133198,1,-10,-1,-2,-1,2,-2,-4
12779,12779,1503688133205,29,15,-4,-5,-7,-1,0,14
12780,12780,1503688133211,-4,0,-2,-1,-3,0,-2,-4
12781,12781,1503688133227,-6,-5,-5,-2,0,-3,-1,-2
12782,12782,1503688133234,-6,11,-3,-1,-6,-2,0,-7
12783,12783,1503688133241,6,-12,-4,-6,-4,1,0,-2
12784,12784,1503688133256,-8,-5,-5,-3,-2,0,-1,-1
12785,12785,1503688133264,-5,-10,6,2,3,-1,-11,-1
12786,12786,1503688133272,-1,3,7,-2,0,1,1,0
12787,12787,1503688133287,-9,-3,0,-3,-3,-5,1,1
12788,12788,1503688133294,-3,-6,-4,-2,0,0,0,2
12789,12789,1503688133302,5,21,-1,-1,-6,-1,-1,0
12790,12790,1503688133316,-1,-11,-2,-2,0,0,0,-1
12791,12791,1503688133324,7,5,0,2,-3,2,-1,-1
12792,12792,1503688133331,9,3,3,4,1,2,-2,5
12793,12793,1503688133347,-4,-10,-6,-2,1,1,0,-3
12794,12794,1503688133354,-1,5,4,0,-3,-2,0,2
12795,12795,1503688133364,4,2,-2,4,9,2,-1,-1
12796,12796,1503688133376,7,2,6,-1,-3,-2,1,7
12797,12797,1503688133384,-2,6,-1,-4,-6,-3,0,3
12798,12798,1503688133391,-5,8,2,7,-2,-3,-1,-1
13167,13167,1503688137051,15,-2,2,3,0,-2,-1,-1
13168,13168,1503688137065,-10,-7,-6,-1,0,-2,0,2
13169,13169,1503688137073,3,10,-2,0,4,-2,-2,-8
13170,13170,1503688137084,-6,-9,-4,-8,-2,-3,1,-4
13171,13171,1503688137096,-2,1,-1,-7,-11,0,1,1
13172,13172,1503688137103,-4,-3,0,-7,0,4,1,5
13173,13173,1503688137111,4,-2,-4,-6,-4,-2,1,0
13174,13174,1503688137125,2,4,-1,1,-5,-2,-2,-3
13175,13175,1503688137133,-8,-3,0,2,5,1,1,-3
13176,13176,1503688137141,2,3,-4,0,-1,0,-1,-4
13177,13177,1503688137156,-4,10,8,8,2,1,0,2
13178,13178,1503688137163,10,6,1,-1,0,-2,-3,4
13179,13179,1503688137171,-8,9,2,0,-1,0,-1,3
13180,13180,1503688137186,-3,-3,-4,-3,-3,-5,-1,1
13181,13181,1503688137193,6,4,3,1,1,0,-3,0
13182,13182,1503688137201,-5,-3,-2,-6,-1,-2,-3,-3
13183,13183,1503688137224,1,-3,0,2,-9,-1,-5,-2
13184,13184,1503688137231,-3,-10,-2,-1,2,0,1,-1
13185,13185,1503688137245,-1,0,-2,-2,-1,2,3,-2
13186,13186,1503688137254,-11,-6,1,3,1,-2,-2,-4
13187,13187,1503688137261,-3,5,0,-3,-9,-1,0,0
13188,13188,1503688137276,-23,-15,-7,-2,-1,1,-1,-4
13189,13189,1503688137288,3,-16,-1,10,8,1,0,0
13190,13190,1503688137292,5,15,2,-2,-2,0,0,-1
13191,13191,1503688137305,2,-2,-3,-1,-1,0,-2,1
13192,13192,1503688137306,7,7,6,3,5,0,1,-1
13193,13193,1503688137313,-2,-1,-1,-1,-3,-1,-2,-1
13194,13194,1503688137328,9,10,-1,1,9,-1,-2,0
13195,13195,1503688137336,4,-3,-4,-8,-2,-2,0,2
13196,13196,1503688137352,-8,-7,-2,4,-2,-2,-1,-3
13197,13197,1503688137359,3,-6,-4,-7,-4,1,0,3
13198,13198,1503688137366,-8,-7,-3,-6,-7,-3,-6,1
13199,13199,1503688137373,9,9,7,2,3,-2,1,1
13200,13200,1503688137389,-14,1,-5,-2,1,1,0,2
13201,13201,1503688137396,-10,-10,1,11,3,-1,-2,-2
13202,13202,1503688137411,15,5,-5,-3,0,0,0,4
13203,13203,1503688137418,-1,-9,-9,-4,0,-1,-3,-3
13204,13204,1503688137427,1,6,3,2,2,-2,4,-1
13205,13205,1503688137433,5,2,-1,-8,-5,-12,1,-1
13206,13206,1503688137452,1,1,1,3,-4,-8,4,0
13207,13207,1503688137456,-1,-7,0,6,4,2,-2,0
13208,13208,1503688137471,3,3,5,0,-1,0,1,0
13209,13209,1503688137478,-7,2,3,-1,-1,3,0,-3
13210,13210,1503688137488,9,-5,2,-2,4,0,-1,2
13211,13211,1503688137489,-3,1,-1,-1,1,4,1,4
13212,13212,1503688137494,-2,-8,-3,0,-2,2,-1,0
13213,13213,1503688137509,-17,7,-5,-2,0,0,-1,-9
13214,13214,1503688137517,-19,-23,-9,-3,-2,0,-2,-4
13215,13215,1503688137524,3,-1,9,-1,-1,-1,-3,-5
13216,13216,1503688137538,33,10,3,-2,-1,0,2,4
13217,13217,1503688137547,-2,-11,-4,7,8,1,-2,-6
13218,13218,1503688137557,0,0,-2,-4,-1,2,5,2
13219,13219,1503688137569,1,-4,-3,-3,1,-4,-2,-3
13220,13220,1503688137576,10,48,19,4,6,3,3,1
13221,13221,1503688137591,5,24,14,4,-3,-2,-2,-2
13222,13222,1503688137598,1,2,-7,-1,1,-2,0,-1
13223,13223,1503688137606,1,-9,-9,-5,-3,0,-2,2
13224,13224,1503688137613,10,-1,0,1,-3,-2,-3,0
13225,13225,1503688137630,-1,-10,-10,-6,-6,-1,-3,-1
13226,13226,1503688137636,2,-5,0,4,2,0,-1,-1
13227,13227,1503688137653,22,43,8,2,0,-1,-1,2
13228,13228,1503688137658,-13,-19,-10,-1,-3,-2,-4,-3
13229,13229,1503688137666,-12,-37,-21,-5,-1,0,0,-3
13230,13230,1503688137673,1,8,8,0,-5,-1,0,-2
13231,13231,1503688137689,4,-1,0,-2,-7,-3,-2,-4
13232,13232,1503688137696,-4,-10,-6,0,5,-3,-3,-2
13233,13233,1503688137711,-8,-7,5,-3,12,0,0,2
13234,13234,1503688137719,-7,-2,1,-7,-10,-1,-3,6
13235,13235,1503688137726,-1,-4,-1,-4,-2,-1,0,2
13236,13236,1503688137733,-2,-11,-3,-6,-1,0,0,-4
13237,13237,1503688137749,8,-1,-4,1,-3,0,-2,0
13238,13238,1503688137757,-4,-16,-18,-4,-8,-1,-4,-1
13239,13239,1503688137772,0,-1,4,2,-2,-1,0,-1
13240,13240,1503688137778,5,-2,3,0,-7,-2,-1,-4
13241,13241,1503688137787,-6,2,-1,-4,-1,-1,-3,-1
13242,13242,1503688137794,-12,-7,1,6,4,-1,-5,-8
13243,13243,1503688137809,5,1,5,1,-7,1,-6,1
13244,13244,1503688137816,7,14,2,-2,0,-1,0,6
13245,13245,1503688137831,-4,-7,-5,5,10,3,3,0
13246,13246,1503688137838,3,0,-2,-1,-1,-2,-1,1
13247,13247,1503688137846,-7,-10,3,-2,3,-6,-1,0
13248,13248,1503688137854,-1,9,1,-7,-11,-8,-2,-4
13249,13249,1503688137869,-8,-11,-1,-1,0,6,3,-8
13250,13250,1503688137876,-10,1,-13,-2,-3,-2,5,2
13251,13251,1503688137884,-14,-11,-7,-4,-3,-1,0,-7
13252,13252,1503688137898,-2,-10,0,0,4,2,-2,-1
13253,13253,1503688137906,19,19,-1,-5,-5,0,0,5
13254,13254,1503688137913,2,0,0,2,3,2,0,0
13255,13255,1503688137929,-5,5,1,1,3,1,-3,3
13256,13256,1503688137936,-9,10,11,0,-2,3,-4,-15
13257,13257,1503688137951,5,-3,-7,2,-7,-3,-1,-3
13258,13258,1503688137958,2,2,3,4,7,1,0,3
13259,13259,1503688137966,-10,2,2,-5,2,-1,3,5
13260,13260,1503688137973,-11,-9,-3,0,-1,1,5,-2
13261,13261,1503688137989,17,3,5,2,-11,-3,-2,5
13262,13262,1503688137997,11,4,-1,-1,-7,0,0,0
13263,13263,1503688138011,-12,19,8,5,-1,4,-2,-8
13264,13264,1503688138020,3,4,7,-5,-6,-2,-6,1
13265,13265,1503688138027,-9,-12,-9,1,9,4,0,-3
13266,13266,1503688138033,-5,-4,-6,-8,-4,-9,2,2
13267,13267,1503688138049,1,-2,-4,-8,-16,-5,-2,-1
13268,13268,1503688138056,3,-15,-11,1,1,0,-3,-9
13269,13269,1503688138071,14,4,-7,-2,8,2,2,-3
13270,13270,1503688138078,-10,8,-10,2,-12,0,1,12
13271,13271,1503688138088,-10,-11,0,-3,-9,-2,1,-3
13541,13541,1503688140785,3,-5,-3,0,0,-3,-2,1
13542,13542,1503688140793,6,6,5,3,-1,0,-2,5
13543,13543,1503688140805,-8,0,3,4,1,0,-5,-21
13544,13544,1503688140816,9,-3,-2,-3,-4,2,4,5
13545,13545,1503688140823,9,-10,-3,-4,-9,-3,-6,8
13546,13546,1503688140831,9,15,1,3,-1,1,-1,6
13547,13547,1503688140845,11,-10,-7,-4,1,-1,5,20
13548,13548,1503688140853,0,-14,-4,0,1,0,-4,13
13549,13549,1503688140861,-6,30,8,-2,0,-1,3,-2
13550,13550,1503688140876,-6,0,-6,-4,2,-3,0,-8
13551,13551,1503688140883,-2,-9,-3,2,5,-3,1,6
13552,13552,1503688140891,5,-3,2,1,-7,0,-3,-3
13553,13553,1503688140905,-16,14,2,1,-9,1,1,-9
13554,13554,1503688140913,-4,-14,-2,-2,-1,-3,-5,0
13555,13555,1503688140920,9,4,-1,-3,-3,-3,0,8
13556,13556,1503688140936,-7,13,5,5,1,-2,0,-1
13557,13557,1503688140944,-1,-7,-8,-2,7,1,-2,-5
13558,13558,1503688140951,8,12,3,-1,2,2,4,6
13559,13559,1503688140965,19,-8,-1,2,-4,0,1,16
13560,13560,1503688140973,-7,-20,-9,-6,-3,-2,-1,-13
13561,13561,1503688140981,4,-5,0,0,-8,-4,-2,-4
13562,13562,1503688140996,8,7,1,-1,4,2,-3,-3
13563,13563,1503688141004,-7,-19,-10,-5,-4,-2,-4,-4
13564,13564,1503688141012,6,5,4,4,6,-5,-8,12
13565,13565,1503688141025,0,9,4,-1,0,1,-8,5
13566,13566,1503688141033,-5,4,-3,-2,1,0,0,-23
13567,13567,1503688141047,4,-5,0,0,8,-1,-3,-32
13568,13568,1503688141048,0,-3,-5,-3,-6,0,0,-19
13569,13569,1503688141056,-2,4,0,1,0,6,5,0
13570,13570,1503688141063,6,15,4,1,6,-3,5,27
13571,13571,1503688141079,-5,-2,-4,-6,1,-5,0,-20
13572,13572,1503688141085,-4,-19,-6,-5,-8,-7,-6,-6
13573,13573,1503688141093,-5,-2,1,0,-8,-4,-2,21
13574,13574,1503688141107,-11,2,-2,-2,4,0,-7,-23
13575,13575,1503688141116,-5,7,0,1,-8,1,3,-24
13576,13576,1503688141123,-7,15,6,5,-1,0,0,-6
13577,13577,1503688141138,-5,-3,0,-2,-4,-1,-3,28
13578,13578,1503688141145,0,9,6,3,2,-1,-1,8
13579,13579,1503688141153,-11,-1,-4,1,9,1,-3,12
13580,13580,1503688141168,-1,-7,-6,-9,1,0,0,5
13581,13581,1503688141176,-4,-21,1,-5,0,-2,1,8
13582,13582,1503688141183,1,-5,-6,0,-1,2,5,-14
13583,13583,1503688141199,3,-3,-2,0,-4,1,-1,-19
13584,13584,1503688141206,3,-5,0,2,3,3,3,-13
13585,13585,1503688141213,2,0,-6,-4,1,3,-2,-5
13586,13586,1503688141227,-6,-13,-4,0,-4,-4,-1,0
13587,13587,1503688141239,-11,2,-3,0,-1,-4,3,-3
13588,13588,1503688141243,-4,-8,-3,-3,0,0,2,0
13589,13589,1503688141258,6,7,1,-1,-5,-1,0,3
13590,13590,1503688141266,-1,8,0,-2,-6,1,0,2
13591,13591,1503688141275,-1,-24,-7,-2,5,4,1,-3
13592,13592,1503688141287,-3,-7,-3,2,5,-1,-5,-1
13593,13593,1503688141296,1,-1,-1,1,0,-5,-3,1
13594,13594,1503688141305,6,8,1,1,-7,-1,1,-31
13595,13595,1503688141318,4,6,4,-2,-5,-2,-2,12
13596,13596,1503688141325,4,-5,5,-1,5,-2,-2,22
13597,13597,1503688141333,1,-7,-2,-1,3,-2,-2,2
13598,13598,1503688141348,-1,0,-3,0,-6,1,-1,14
13599,13599,1503688141356,-3,11,-3,-1,-7,0,4,4
13600,13600,1503688141363,-1,1,-1,-2,16,0,-2,8
13601,13601,1503688141379,1,-8,-2,-2,0,1,2,-4
13602,13602,1503688141385,2,16,0,-4,-13,-3,-1,-8
13603,13603,1503688141394,2,16,6,0,-6,-3,-3,-7
13604,13604,1503688141408,-3,-15,1,2,5,0,-2,-11
13605,13605,1503688141416,-4,-2,-5,-3,15,-1,3,-14
13606,13606,1503688141423,-11,-16,-4,-3,-4,-1,3,-4
13607,13607,1503688141439,4,-1,4,0,-5,-2,-2,6
13608,13608,1503688141448,-1,-5,0,0,-7,-1,-1,11
13609,13609,1503688141454,9,15,6,2,2,1,4,1
13610,13610,1503688141468,-2,7,5,1,-4,-3,0,18
13611,13611,1503688141476,-10,5,-3,-2,-1,-3,-4,-14
13612,13612,1503688141483,3,17,0,0,0,1,-1,-13
13613,13613,1503688141507,1,-6,-1,-2,3,-2,2,-12
13614,13614,1503688141515,0,-1,-1,-2,-2,-3,1,8
13615,13615,1503688141528,-6,-7,-3,-3,1,0,1,8
13616,13616,1503688141539,-3,-11,-6,-6,-3,-2,-1,-3
13617,13617,1503688141540,-4,-5,-2,-5,-7,-6,-4,-3
13618,13618,1503688141543,0,-11,-9,-8,-10,-8,-6,7
13619,13619,1503688141558,1,-5,1,2,-3,0,-2,4
13620,13620,1503688141566,1,13,7,4,4,4,1,-4
13621,13621,1503688141579,-3,2,0,1,-4,2,1,2
13622,13622,1503688141588,0,2,-2,-2,1,1,1,-6
13623,13623,1503688141596,4,15,1,0,1,3,1,2
13624,13624,1503688141606,-2,-2,1,3,-1,-3,-4,0
13625,13625,1503688141618,2,11,-4,1,3,-3,-1,-4
13626,13626,1503688141626,0,-2,-6,-3,2,0,2,-7
13627,13627,1503688141634,-2,-11,-3,1,-3,1,-6,4
13628,13628,1503688141649,-4,11,2,1,2,-1,-3,5
13629,13629,1503688141656,-7,-7,3,1,2,-2,1,-1
13630,13630,1503688141663,6,0,-2,0,2,1,-2,-5
13631,13631,1503688141678,-5,3,-1,2,1,0,0,6
13632,13632,1503688141686,-1,-2,1,-1,-2,-1,0,-1
13633,13633,1503688141694,-2,-8,0,-3,-1,0,1,-7
13634,13634,1503688141708,2,-4,-4,-4,-2,-3,-6,-6
13635,13635,1503688141716,3,2,7,2,-2,-4,-4,-18
13636,13636,1503688141723,-1,-1,1,7,2,2,-2,3
13637,13637,1503688141741,2,-3,-3,-7,-3,0,-1,10
13638,13638,1503688141746,-3,2,0,1,-2,0,-1,3
13639,13639,1503688141754,-3,-3,-7,-4,-1,-2,-3,2
13640,13640,1503688141767,-1,-2,0,-6,-3,1,0,-1
13641,13641,1503688141776,-7,0,-2,-4,-2,1,-2,-4
13642,13642,1503688141783,-6,-4,-1,-3,-1,-2,0,-9
13643,13643,1503688141798,6,-2,-1,13,4,3,3,-6
13644,13644,1503688141808,-2,3,2,0,-2,-1,-1,0
13645,13645,1503688141821,-9,-8,-6,-9,-3,-1,-1,10
13646,13646,1503688141827,3,1,0,3,-5,-2,0,5
13647,13647,1503688141836,2,7,2,-1,2,-1,3,-1
13648,13648,1503688141846,1,0,-3,-7,0,-4,2,-1
13887,13887,1503688144191,-4,1,1,-1,3,-5,-2,-1
13888,13888,1503688144206,13,14,3,-6,-3,-2,0,13
13889,13889,1503688144214,0,-8,-2,0,-1,0,0,14
13890,13890,1503688144221,-3,-6,-2,-2,-4,-4,-1,12
13891,13891,1503688144236,1,1,2,-1,-2,-3,-4,-5
13892,13892,1503688144243,9,-3,-1,-1,-7,-3,-1,3
13893,13893,1503688144253,-5,-3,-1,1,1,0,-2,-2
13894,13894,1503688144266,-9,-5,2,1,0,-3,1,0
13895,13895,1503688144274,11,-8,-6,-2,-2,0,1,13
13896,13896,1503688144281,-3,3,1,2,2,-1,-2,-1
13897,13897,1503688144296,1,-6,-4,-3,-1,1,-1,-3
13898,13898,1503688144303,3,9,4,0,-2,-1,0,5
13899,13899,1503688144311,-12,0,0,-1,0,-2,-2,4
13900,13900,1503688144326,9,2,0,-1,-2,-1,-2,-11
13901,13901,1503688144334,-9,-2,-1,-1,5,-1,0,3
13902,13902,1503688144347,-4,-7,-4,-2,-3,-3,-3,2
13903,13903,1503688144356,0,-5,-1,-4,-5,-1,-1,0
13904,13904,1503688144363,0,-8,-2,-2,-1,0,-3,4
13905,13905,1503688144371,-17,-2,0,-3,1,-3,-6,-9
13906,13906,1503688144386,-3,-1,2,2,-3,-2,1,0
13907,13907,1503688144394,6,-2,0,-2,-4,1,1,-9
13908,13908,1503688144401,-3,-2,-5,-3,1,3,1,-6
13909,13909,1503688144416,3,1,0,0,1,2,1,0
13910,13910,1503688144430,-7,0,-3,-2,0,-2,-3,7
13911,13911,1503688144432,14,-3,-2,0,1,-2,3,12
13912,13912,1503688144446,0,-15,-2,1,-2,-1,0,-6
13913,13913,1503688144454,7,15,1,0,-2,-3,-1,10
13914,13914,1503688144461,0,-5,-5,-2,6,0,3,-6
13915,13915,1503688144476,-19,-4,1,-1,-2,1,-2,-17
13916,13916,1503688144483,-3,3,1,-3,-7,0,-5,1
13917,13917,1503688144493,2,-3,-2,1,-2,-3,-3,-2
13918,13918,1503688144506,4,-3,-2,0,0,-4,-1,6
13919,13919,1503688144514,3,8,0,1,4,3,2,5
13920,13920,1503688144521,-8,-12,-3,0,0,-1,2,1
13921,13921,1503688144535,-6,16,7,-1,-7,-7,-1,-7
13922,13922,1503688144536,2,-3,-2,3,3,-5,-2,11
13923,13923,1503688144543,6,-1,4,-1,-1,3,-3,-6
13924,13924,1503688144551,-5,-3,1,2,0,-1,0,-23
13925,13925,1503688144566,-2,2,0,1,0,1,2,1
13926,13926,1503688144574,6,41,12,1,1,3,1,1
13927,13927,1503688144580,-5,-15,-7,-4,-3,-2,-3,-16
13928,13928,1503688144581,4,19,-3,0,0,2,4,9
13929,13929,1503688144596,0,-14,-7,0,-2,-1,-1,-6
13930,13930,1503688144603,-8,-1,3,4,5,0,-2,3
13931,13931,1503688144611,-2,10,0,0,-2,0,-2,2
13932,13932,1503688144626,-15,-5,-1,-1,-5,-7,-3,-8
13933,13933,1503688144640,-24,0,3,-2,-6,-3,0,-12
13934,13934,1503688144642,5,4,5,1,-3,-4,-2,-1
13935,13935,1503688144656,-2,-18,-3,-4,-5,-2,-3,4
13936,13936,1503688144663,6,-2,-3,-6,-4,-2,1,3
13937,13937,1503688144671,15,-11,-7,-1,6,4,1,21
13938,13938,1503688144689,4,-3,-9,-5,0,0,2,5
13939,13939,1503688144693,-11,6,-2,-7,-5,-2,-1,-6
13940,13940,1503688144694,-6,-3,20,8,4,-2,1,-5
13941,13941,1503688144700,2,7,2,-1,-9,0,-1,16
13942,13942,1503688144715,-9,-4,-9,-10,-10,-6,-3,-11
13943,13943,1503688144716,1,-27,-15,6,-3,2,3,4
13944,13944,1503688144724,5,-5,2,7,-3,0,-4,-11
13945,13945,1503688144731,5,3,7,-2,0,0,-3,5
13946,13946,1503688144746,-11,-3,-6,-10,4,-1,2,-11
13947,13947,1503688144757,3,27,2,-7,4,-3,-5,-8
13948,13948,1503688144761,0,0,14,15,-1,1,1,2
13949,13949,1503688144776,5,4,14,1,-4,-1,-2,-1
13950,13950,1503688144783,-1,5,6,8,8,2,-2,-3
13951,13951,1503688144798,-16,-13,-15,-12,-2,0,-2,-7
13952,13952,1503688144806,-13,-11,-17,-16,3,-3,-4,-4
13953,13953,1503688144814,1,-2,-9,1,-18,-1,-2,-17
13954,13954,1503688144828,-2,-11,-18,-16,-8,-3,-4,1
13955,13955,1503688144837,1,16,0,0,15,2,0,-1
13956,13956,1503688144844,7,8,6,-2,6,-3,-5,-4
13957,13957,1503688144858,-8,-14,-1,4,2,-2,6,11
13958,13958,1503688144866,-1,0,0,1,0,4,1,-12
13959,13959,1503688144873,10,-28,3,-1,-13,0,2,17
13960,13960,1503688144888,6,-5,1,5,-6,0,-5,0
13961,13961,1503688144896,3,7,21,15,-6,1,-3,-10
13962,13962,1503688144903,0,-6,-3,-5,17,-2,2,-11
13963,13963,1503688144918,3,-10,-29,-24,5,-2,3,24
13964,13964,1503688144926,-3,7,6,2,-19,-1,5,11
13965,13965,1503688144933,-4,-5,-1,1,-37,2,-3,10
13966,13966,1503688144948,-3,-5,-11,-9,28,1,0,35
13967,13967,1503688144957,15,4,-4,-3,57,-4,-4,13
13968,13968,1503688144964,7,8,7,9,-62,-3,-5,0
13969,13969,1503688144978,-24,8,0,-6,-30,-4,-5,-17
13970,13970,1503688144986,0,2,1,-6,31,-5,-1,-28
13971,13971,1503688144993,7,-3,7,9,38,5,0,-22
13972,13972,1503688144994,-2,-7,-10,-8,1,-5,-2,-22
13973,13973,1503688145008,-7,-13,-10,13,-11,-2,-4,-6
13974,13974,1503688145016,-3,4,1,-3,-2,5,2,-1
13975,13975,1503688145024,4,7,16,4,-20,-4,-1,38
13976,13976,1503688145038,-7,-2,-2,6,12,6,-1,-18
13977,13977,1503688145046,-3,-6,-8,-10,1,-1,0,-23
13978,13978,1503688145057,0,-7,9,7,-1,-1,-2,-34
13979,13979,1503688145068,2,11,7,6,21,-2,2,-15
13980,13980,1503688145076,13,-8,-9,-1,3,-3,0,13
13981,13981,1503688145083,-4,17,4,3,6,-1,0,1
13982,13982,1503688145098,-3,10,3,0,3,0,-5,5
13983,13983,1503688145105,1,-8,-3,-5,0,-1,2,-7
13984,13984,1503688145114,-3,-5,-2,2,4,-1,-2,2
13985,13985,1503688145128,-7,-7,-2,2,-1,-2,-5,-4
13986,13986,1503688145136,-4,-7,-5,-5,19,-1,0,5
13987,13987,1503688145143,-2,-15,-3,3,-75,-2,-3,7
13988,13988,1503688145160,-2,-3,0,1,-2,-5,-3,-8
13989,13989,1503688145166,-2,-3,0,-3,29,2,3,-38
13990,13990,1503688145174,-1,13,3,2,100,3,5,-38
13991,13991,1503688145191,1,10,-1,-2,63,0,-3,-7
13992,13992,1503688145204,-1,-2,1,-3,-20,0,2,12
13993,13993,1503688145218,0,-2,-4,-1,-55,-1,-4,1
13994,13994,1503688145226,1,4,0,1,-34,0,-4,20
13995,13995,1503688145240,-3,-1,-3,-1,-37,-1,2,31
13996,13996,1503688145250,3,7,-4,-4,5,-2,-2,10
13997,13997,1503688145259,6,6,-1,-1,-18,-1,2,-6
13998,13998,1503688145264,0,-19,-6,-2,13,-2,-4,-29
13999,13999,1503688145278,-1,-21,-6,-4,7,-2,-3,-17
14000,14000,1503688145279,-3,22,4,-1,-16,-3,-4,-28
14001,14001,1503688145286,-1,2,2,-1,23,0,2,-40
14002,14002,1503688145303,0,-7,4,3,18,2,1,11
14003,14003,1503688145338,0,2,-3,-4,-5,3,2,33
14004,14004,1503688145344,1,-4,0,-1,-18,-1,3,1
14005,14005,1503688145347,-5,-2,-3,-7,-19,-1,2,17
14006,14006,1503688145349,2,-6,-4,1,-8,0,0,26
14007,14007,1503688145351,0,1,0,-2,27,-2,-2,-33
14008,14008,1503688145354,-3,-4,-2,-4,6,-2,0,15
14009,14009,1503688145368,-9,-6,-6,-6,-11,-1,2,-18
14010,14010,1503688145376,-6,1,6,9,-33,-5,-5,-10
14011,14011,1503688145384,1,0,3,17,5,4,1,22
14012,14012,1503688145399,-8,-7,-6,1,11,-2,-2,40
14013,14013,1503688145406,0,4,5,13,18,1,-1,9
14014,14014,1503688145414,1,-3,-3,-6,7,1,-2,1
14015,14015,1503688145428,1,0,0,-8,-1,-1,0,5
14016,14016,1503688145437,-2,-4,-8,-15,2,1,-1,-37
14017,14017,1503688145444,-3,-3,-3,-6,-7,0,2,2
14018,14018,1503688145460,1,-4,-3,-8,-7,-3,1,-6
14019,14019,1503688145466,-1,1,0,1,-11,-2,1,13
14020,14020,1503688145473,-6,2,0,1,-1,-2,1,-5
14021,14021,1503688145489,-2,-3,-5,1,-2,-4,-4,1
14022,14022,1503688145500,2,4,-3,4,0,-1,-7,-3
14023,14023,1503688145505,0,1,1,2,1,3,-3,-1
14024,14024,1503688145518,-1,-4,-3,3,0,-2,1,2
14025,14025,1503688145527,-5,-1,-4,-4,-6,-1,-3,-2
14026,14026,1503688145534,-2,-13,-6,-7,-3,-1,0,-7
14027,14027,1503688145548,3,0,-5,-7,-9,-3,4,-2
14028,14028,1503688145556,4,0,-2,0,2,-1,-1,8
14029,14029,1503688145563,3,-3,-2,1,-3,1,-2,0
14030,14030,1503688145578,-2,-4,-7,-3,5,3,0,-7
14031,14031,1503688145585,-2,-1,1,-6,-4,-1,-1,2
14032,14032,1503688145593,-3,-4,1,5,0,1,-9,-9
14033,14033,1503688145594,-2,-2,2,3,4,-2,1,-23
14034,14034,1503688145608,-5,-10,-9,-7,-3,-5,-3,-1
14035,14035,1503688145616,2,29,25,-2,-6,0,1,15
14036,14036,1503688145626,4,28,18,3,1,0,1,1
14037,14037,1503688145638,2,4,1,4,1,-3,-6,0
14038,14038,1503688145646,0,-16,-4,-2,-6,-1,0,-3
14039,14039,1503688145653,-5,-3,3,1,-3,-1,3,-5
14040,14040,1503688145668,3,20,7,0,2,0,-1,0
14041,14041,1503688145676,0,9,1,2,1,1,-1,-3
14042,14042,1503688145683,-13,22,5,-2,-3,0,1,-1
14043,14043,1503688145698,2,-12,-8,-6,-6,-3,2,3
14044,14044,1503688145705,-2,-23,-3,2,6,0,1,-2
14045,14045,1503688145720,-5,-4,-7,-8,3,0,-2,-1
14046,14046,1503688145728,6,-8,-6,-4,-3,-3,-5,0
14047,14047,1503688145736,4,-3,-3,-1,-4,0,0,4
14048,14048,1503688145750,4,-9,-2,3,6,2,0,6
14049,14049,1503688145760,2,-2,-7,1,0,-3,1,-3
14050,14050,1503688145766,-2,-12,-6,-3,-11,3,-9,-3
14051,14051,1503688145787,1,7,-3,-9,-4,-1,-2,-1
14052,14052,1503688145788,3,6,8,10,1,-4,1,-4
14053,14053,1503688145796,-10,10,2,-2,1,-3,-6,-7
14054,14054,1503688145810,14,17,4,-2,1,0,1,3
14055,14055,1503688145818,-14,-17,-3,3,0,2,0,-8
14056,14056,1503688145826,0,-12,-8,-8,-3,-4,-4,-9
14057,14057,1503688145827,2,3,-2,-2,-5,2,7,18
14058,14058,1503688145840,12,-1,-1,0,-3,-9,2,8
14059,14059,1503688145848,-4,-17,-10,-2,15,-2,0,-10
14060,14060,1503688145856,4,2,1,1,-4,2,1,3
14061,14061,1503688145870,-5,-7,-1,1,3,1,-3,-7
14062,14062,1503688145878,-7,-7,-5,5,1,1,-3,-6
14063,14063,1503688145886,-7,6,-3,-8,-10,-1,-1,0
14064,14064,1503688145901,4,-14,-9,0,-2,-1,-4,-2
14065,14065,1503688145908,-3,-5,-2,-3,-1,-1,-2,3
14066,14066,1503688145916,-8,-7,-6,-1,4,2,4,33
14067,14067,1503688145930,-4,-23,-7,-1,-4,-5,-2,-17
14068,14068,1503688145938,-8,3,10,3,-4,-1,1,-8
14474,14474,1503688149920,0,4,5,4,1,0,-4,-4
14475,14475,1503688149928,-6,-3,-2,-4,-4,-1,0,-2
14476,14476,1503688149936,2,-8,-7,-4,-2,-1,-1,3
14477,14477,1503688149951,-3,1,-2,3,1,0,-3,-4
14478,14478,1503688149964,1,-1,-1,-8,-4,-1,-1,-3
14479,14479,1503688149966,0,-4,-4,1,-1,-1,0,2
14480,14480,1503688149981,-2,-2,-1,1,0,-4,0,-3
14481,14481,1503688149988,-1,-6,0,-2,-1,-1,-8,-3
14482,14482,1503688149996,5,3,7,7,2,-1,-2,-10
14483,14483,1503688150010,2,1,4,-1,1,-1,2,-3
14484,14484,1503688150018,-3,-1,-2,-3,-4,-1,-3,15
14485,14485,1503688150025,6,4,-1,-3,-2,0,-1,7
14486,14486,1503688150040,-5,-13,-13,-3,-2,-1,-1,-2
14487,14487,1503688150048,-5,6,6,0,-1,-2,-1,2
14488,14488,1503688150049,2,1,0,0,0,-1,1,-3
14489,14489,1503688150056,3,3,2,4,2,2,2,0
14490,14490,1503688150070,-2,0,-3,-5,-2,-4,0,-2
14491,14491,1503688150078,-2,-1,5,12,2,1,1,-1
14492,14492,1503688150085,-3,0,-2,-8,-6,-2,1,-4
14493,14493,1503688150100,-5,-3,-7,-6,0,-1,-2,-4
14494,14494,1503688150108,11,2,-3,0,1,-2,-2,2
14495,14495,1503688150116,-4,-12,-7,-9,-3,0,3,-3
14496,14496,1503688150130,-6,5,3,0,-1,1,-2,-1
14497,14497,1503688150138,5,6,-2,-2,-1,2,-1,-1
14498,14498,1503688150146,-1,-3,-1,3,-2,-1,-1,-1
14499,14499,1503688150161,-2,-17,-4,-5,-3,0,-1,1
14500,14500,1503688150168,0,-1,0,-2,1,-1,-10,-1
14501,14501,1503688150184,-3,15,1,-7,-2,-2,-3,-4
14502,14502,1503688150190,2,-6,-4,0,0,-1,1,-1
14503,14503,1503688150198,-3,1,2,1,-2,-2,-2,-2
14504,14504,1503688150205,-7,-19,-3,-1,1,0,2,-1
14505,14505,1503688150220,3,9,5,-3,-2,-2,-1,-3
14506,14506,1503688150221,1,16,5,1,1,0,1,0
14507,14507,1503688150228,-9,-8,-16,-6,-1,0,0,-4
14508,14508,1503688150236,-17,23,-4,-1,-5,-4,-7,-6
14509,14509,1503688150250,21,-15,4,3,2,1,2,8
14510,14510,1503688150251,0,-3,2,3,1,0,1,-1
14511,14511,1503688150258,-5,9,5,1,1,0,1,-2
14512,14512,1503688150265,0,7,4,-1,1,-2,1,2
14513,14513,1503688150283,2,-5,1,8,5,1,-1,2
14514,14514,1503688150288,6,0,1,9,6,1,6,1
14515,14515,1503688150296,0,-12,0,-6,-3,0,1,0
14516,14516,1503688150310,2,9,5,-3,-3,-1,2,0
14517,14517,1503688150318,5,-6,0,-2,-1,-1,-2,-5
14518,14518,1503688150325,-3,21,18,1,-1,-1,-3,-1
14519,14519,1503688150340,6,-11,-7,-4,0,-1,0,2
14520,14520,1503688150349,-6,-8,-6,-3,2,-1,-3,-2
14521,14521,1503688150357,-2,2,-1,-2,-2,-2,0,1
14522,14522,1503688150370,5,10,3,0,-2,0,-1,0
14523,14523,1503688150380,5,1,-4,-3,-1,-2,1,0
14524,14524,1503688150392,0,-7,-1,0,-2,-1,3,5
14525,14525,1503688150406,6,-13,-7,-4,-3,0,1,15
14526,14526,1503688150408,4,-2,-7,-3,-3,-1,-3,-10
14527,14527,1503688150423,0,-5,2,-5,-3,-1,0,0
14528,14528,1503688150430,-7,-4,-2,-4,-1,1,0,1
14529,14529,1503688150438,-4,-21,-11,-1,-1,-2,2,-4
14530,14530,1503688150452,-5,-26,-13,-4,-2,-1,-4,-3
14531,14531,1503688150460,-4,0,3,0,-3,-1,-3,-4
14532,14532,1503688150468,-3,-5,-2,4,4,-1,-1,1
14533,14533,1503688150483,-6,-2,-4,1,4,-1,3,3
14534,14534,1503688150491,7,0,-3,-2,-5,-2,0,-12
14535,14535,1503688150498,-1,1,1,-1,-2,0,-2,-3
14536,14536,1503688150512,-8,-7,5,1,1,-1,-5,-11
14537,14537,1503688150521,-1,6,2,-3,-1,1,-1,-5
14538,14538,1503688150528,1,4,8,2,0,-1,0,6
14539,14539,1503688150543,-4,-6,3,1,-3,-2,-4,0
14540,14540,1503688150550,4,-5,-9,-11,-4,-1,-2,3
14541,14541,1503688150559,-3,1,-3,0,4,-2,-4,-5
14542,14542,1503688150572,-4,8,6,-1,-1,-2,6,5
14543,14543,1503688150580,4,-8,-4,-4,-1,1,-1,1
14544,14544,1503688150588,1,-8,-3,1,0,-4,0,4
14545,14545,1503688150603,0,5,2,1,-2,-1,0,-1
14546,14546,1503688150610,-1,16,16,3,-1,1,2,-1
14547,14547,1503688150619,-1,0,-2,-1,-3,-2,-3,-2
14548,14548,1503688150632,-3,-3,-1,1,0,2,-1,0
14549,14549,1503688150640,7,9,5,1,1,-2,-1,1
14550,14550,1503688150650,-5,-1,2,-1,2,0,-1,-1
14551,14551,1503688150651,4,0,-4,-2,-4,0,-3,0
14552,14552,1503688150663,2,7,6,3,-4,-1,0,-2
14553,14553,1503688150670,-4,-4,-3,-1,2,-4,-3,-5
14554,14554,1503688150678,8,13,5,1,-2,0,2,8
14555,14555,1503688150693,-3,0,-8,0,1,-1,-2,-5
14556,14556,1503688150700,-4,-10,-6,-1,3,0,2,-6
14557,14557,1503688150708,-11,-6,-9,-2,-2,0,-5,-6
14558,14558,1503688150723,-1,-4,-13,-3,-4,0,-1,0
14559,14559,1503688150730,-1,1,-4,5,1,-1,-2,1
14560,14560,1503688150738,-6,-1,0,0,2,1,-2,-2
14561,14561,1503688150752,7,5,0,-3,-6,0,1,1
14562,14562,1503688150761,-5,-1,0,-2,0,0,-3,2
14563,14563,1503688150768,-2,3,2,-6,-11,-5,-1,-4
14564,14564,1503688150786,2,3,3,2,-1,0,0,-1
14565,14565,1503688150790,-5,-3,2,-1,14,1,-2,-10
14566,14566,1503688150798,15,-4,0,-3,-2,-6,1,4
14567,14567,1503688150812,-4,-10,-8,2,1,-2,-2,2
14568,14568,1503688150820,7,-4,-5,-3,-2,1,-2,-10
14569,14569,1503688150829,8,23,25,6,0,1,-2,7
14570,14570,1503688150843,-3,5,5,-1,-3,-1,-2,2
14571,14571,1503688150852,-2,-6,-4,1,-3,-1,-6,1
14572,14572,1503688150858,7,3,5,6,2,-3,-11,-25
14573,14573,1503688150872,14,6,-1,-2,-6,-3,2,1
14574,14574,1503688150880,5,-11,-2,-2,-7,-2,-1,-13
14575,14575,1503688150889,14,16,7,3,-2,1,1,4
14576,14576,1503688150903,-2,22,-9,-3,2,3,2,10
14577,14577,1503688150910,-11,2,-2,-5,-5,-5,0,1
14578,14578,1503688150920,-17,-14,-5,-1,3,2,-3,2
14579,14579,1503688150932,-1,-3,-10,-3,3,2,1,-3
14580,14580,1503688150940,1,9,10,0,1,-3,1,8
14581,14581,1503688150948,0,-13,0,1,-2,-3,2,-2
14582,14582,1503688150963,-4,-8,-21,-8,-2,0,2,13
14583,14583,1503688150970,-13,-6,-4,0,0,1,-2,-2
14584,14584,1503688150979,-13,-7,-8,-5,-3,-3,-2,-11
14585,14585,1503688150992,-1,-13,-7,-2,-1,-1,-1,6
14586,14586,1503688151000,7,-1,8,3,0,-1,0,1
14587,14587,1503688151008,-8,-15,-2,-9,-4,0,2,-2
14588,14588,1503688151024,-14,-4,4,-2,-3,0,-1,-2
14589,14589,1503688151030,-7,1,-3,1,1,2,-6,-33
14590,14590,1503688151038,-6,-1,5,0,-2,-2,3,2
14591,14591,1503688151053,4,0,0,1,1,-2,-1,-1
14592,14592,1503688151054,-5,-5,-5,-1,1,-1,-1,-1
14593,14593,1503688151061,-14,-10,-6,-2,-1,0,1,-4
14594,14594,1503688151068,5,16,18,5,3,0,-1,-4
14595,14595,1503688151083,6,8,0,-1,-1,-3,-2,1
14596,14596,1503688151091,10,-4,-1,-1,1,3,6,12
14597,14597,1503688151098,0,-4,-3,-2,-2,-2,-4,-4
14598,14598,1503688151112,-6,-8,-4,-1,-2,-3,1,7
14599,14599,1503688151120,2,-7,-3,-1,2,-1,-2,1
14600,14600,1503688151128,7,10,3,14,6,3,0,5
14601,14601,1503688151143,0,4,4,0,-3,6,1,-3
14602,14602,1503688151150,-3,4,5,-5,6,-4,-4,-3
14603,14603,1503688151159,2,0,0,3,3,7,1,-3
14604,14604,1503688151172,-1,0,-4,-4,-4,-1,-2,-1
14605,14605,1503688151180,3,4,9,-1,-2,-6,0,4
14606,14606,1503688151188,-3,-7,-5,-2,0,-3,3,4
14607,14607,1503688151203,0,-14,-3,-4,-2,-2,-5,3
14608,14608,1503688151210,10,-11,-8,-6,-5,-2,4,29
14609,14609,1503688151226,6,0,-8,1,2,2,2,2
14610,14610,1503688151232,-6,-4,-2,-2,10,1,-5,-12
14611,14611,1503688151240,1,4,3,6,0,-7,0,-4
14612,14612,1503688151248,2,-4,0,0,1,-2,1,0
14613,14613,1503688151263,0,6,2,-2,-6,-2,-2,-3
14614,14614,1503688151270,0,1,-4,-3,-9,1,1,-5
14615,14615,1503688151278,-8,6,5,3,0,0,0,0
14616,14616,1503688151292,-1,-3,-1,1,14,-2,-3,-1
14617,14617,1503688151300,4,-6,-2,-3,-9,-3,-3,-5
14618,14618,1503688151315,4,5,3,5,-10,-1,-1,-2
14619,14619,1503688151324,26,34,5,-2,-1,-1,3,26
14620,14620,1503688151330,-15,-1,0,-2,-18,0,-10,-18
14621,14621,1503688151345,-1,12,11,2,0,3,-2,4
14622,14622,1503688151356,4,15,-3,1,1,-1,-1,-8
14623,14623,1503688151361,-19,-11,0,-4,2,0,-2,-31
14624,14624,1503688151375,-4,12,-8,-2,-2,1,-4,-8
15067,15067,1503688155743,2,27,5,-5,-6,1,0,-2
15068,15068,1503688155755,-5,6,3,-1,-4,1,2,-3
15069,15069,1503688155763,3,3,1,2,0,1,-1,2
15070,15070,1503688155770,-5,-8,-2,4,4,1,1,-4
15071,15071,1503688155785,-20,-9,-1,9,8,1,0,-1
15072,15072,1503688155792,1,15,11,0,-8,-4,-2,2
15073,15073,1503688155800,-6,0,-3,-9,-9,3,-4,-1
15074,15074,1503688155801,1,-2,0,5,-7,-3,6,-4
15075,15075,1503688155815,1,5,-6,-3,6,-1,-10,1
15076,15076,1503688155823,8,-12,-1,-2,-8,-8,-5,-4
15077,15077,1503688155830,6,16,-5,0,3,-2,5,12
15078,15078,1503688155848,2,-15,-8,-7,11,-6,1,0
15079,15079,1503688155853,-11,1,4,-7,2,1,2,-2
15080,15080,1503688155860,-12,-6,-5,-1,-2,-6,-2,-1
15081,15081,1503688155877,-1,-4,-4,-3,-7,-1,2,15
15082,15082,1503688155883,-1,-6,-3,-9,-14,0,4,2
15083,15083,1503688155890,3,-10,-2,-3,-6,1,-2,-7
15084,15084,1503688155905,-2,7,2,-3,-1,3,-1,-2
15085,15085,1503688155913,2,-20,5,5,4,0,0,-5
15086,15086,1503688155920,8,2,1,-5,-14,-8,-2,-1
15087,15087,1503688155935,4,1,-4,2,-1,1,-3,-14
15088,15088,1503688155945,-5,-2,1,6,16,22,-3,-6
15089,15089,1503688155950,-2,-3,-8,-4,4,-1,-1,1
15090,15090,1503688155965,27,1,-4,-9,2,9,2,11
15091,15091,1503688155973,-12,1,-1,10,10,0,2,-6
15092,15092,1503688155992,7,23,10,3,-2,-5,2,10
15093,15093,1503688155994,11,-16,-4,-1,-18,-3,-2,5
15094,15094,1503688156003,-5,-1,-4,4,-3,-4,-1,4
15095,15095,1503688156017,-8,0,-5,0,0,-1,4,19
15096,15096,1503688156025,12,-4,-8,-4,0,0,-1,-9
15097,15097,1503688156026,-7,-6,-6,-5,2,0,-3,-4
15098,15098,1503688156033,2,2,2,-5,-4,1,-4,-9
15099,15099,1503688156048,-6,6,2,1,1,-4,-1,-7
15100,15100,1503688156055,5,0,3,0,2,-4,1,1
15101,15101,1503688156063,30,27,18,1,-3,3,-2,0
15102,15102,1503688156078,-6,-4,4,15,14,10,2,-6
15103,15103,1503688156079,-14,2,-5,-3,3,0,-1,-11
15104,15104,1503688156086,-14,-44,-20,-2,-3,-7,-2,-6
15105,15105,1503688156092,9,9,4,1,-7,-2,-2,-11
15106,15106,1503688156108,-17,-13,-6,-6,-6,-1,-1,-1
15107,15107,1503688156116,15,10,2,1,1,0,-1,-3
15108,15108,1503688156130,-12,-27,-25,-6,0,-2,-4,-17
15109,15109,1503688156137,22,2,-5,-1,2,5,3,14
15110,15110,1503688156145,2,2,8,1,-11,1,-3,-1
15111,15111,1503688156153,-5,-30,-20,-9,-14,-8,0,-6
15112,15112,1503688156154,-7,9,5,-4,-7,-6,0,7
15113,15113,1503688156167,-13,-4,-1,0,10,-2,3,-1
15114,15114,1503688156175,-2,0,4,2,-10,7,-8,-6
15115,15115,1503688156183,-5,14,5,3,-1,-3,1,-4
15116,15116,1503688156197,7,-11,-4,3,9,-11,-3,-2
15117,15117,1503688156205,1,30,-4,1,4,1,0,8
15118,15118,1503688156213,-2,-11,-5,-2,1,0,2,-1
15119,15119,1503688156227,2,-13,0,1,4,7,1,6
15120,15120,1503688156235,-17,0,-1,-4,3,-2,-3,0
15121,15121,1503688156246,-8,-3,6,12,4,-6,0,14
15122,15122,1503688156257,-11,-5,2,-1,6,1,-3,-24
15123,15123,1503688156265,12,-3,-1,-3,4,-6,-2,11
15124,15124,1503688156272,-4,16,0,2,5,-1,-2,2
15125,15125,1503688156287,5,6,15,3,3,6,9,4
15126,15126,1503688156288,-1,0,2,-8,1,-4,-13,-8
15127,15127,1503688156295,-3,5,2,-4,-8,7,-1,3
15128,15128,1503688156303,5,6,4,-1,-5,-5,2,0
15129,15129,1503688156317,-7,-10,-6,5,8,5,3,-3
15130,15130,1503688156325,0,14,13,6,3,1,3,-6
15131,15131,1503688156332,-3,6,6,-3,-18,5,4,-7
15132,15132,1503688156348,-17,3,-6,-10,-5,3,1,-1
15133,15133,1503688156355,-5,-25,-9,-5,0,-6,-7,1
15134,15134,1503688156363,34,26,10,-1,13,6,7,30
15135,15135,1503688156379,-2,17,11,0,-14,-7,0,-4
15136,15136,1503688156385,-8,-11,-7,3,-2,-5,-4,-20
15137,15137,1503688156392,11,-17,-11,-2,-1,1,-2,12
15138,15138,1503688156407,-3,23,7,-1,-3,-4,-5,-9
15139,15139,1503688156408,-11,-13,-5,-13,-9,1,-3,-6
15140,15140,1503688156415,14,2,0,1,2,0,2,14
15141,15141,1503688156416,-3,1,1,-4,-6,-12,-2,-16
15142,15142,1503688156423,-9,-13,-11,-1,4,3,1,2
15143,15143,1503688156437,10,-14,-6,-5,8,1,2,16
15144,15144,1503688156448,-8,-28,-14,-3,-10,2,0,-2
15145,15145,1503688156453,9,-15,-4,3,6,5,1,0
15146,15146,1503688156467,0,1,4,4,-9,-2,1,-4
15147,15147,1503688156475,2,2,9,-1,1,-3,-3,-2
15148,15148,1503688156484,14,10,-3,-4,3,-2,-2,-1
15149,15149,1503688156497,5,30,3,3,0,-1,3,10
15150,15150,1503688156506,15,57,44,10,2,1,2,7
15151,15151,1503688156514,-8,40,22,5,0,-1,-3,-6
15152,15152,1503688156528,-6,-29,-20,-5,-2,-2,-3,-6
15153,15153,1503688156535,-13,-14,-10,-4,-6,-4,0,-3
15154,15154,1503688156552,-10,-5,-3,-1,-1,-2,-3,-11
15155,15155,1503688156557,-8,-12,-8,-3,-1,0,2,-2
15156,15156,1503688156565,-6,-12,-9,-3,-1,0,2,-3
15157,15157,1503688156581,-6,-13,-3,1,-1,0,-3,-6
15158,15158,1503688156588,8,13,11,4,-1,0,-2,-4
15159,15159,1503688156595,-5,-24,-13,-4,1,-2,-4,-1
15160,15160,1503688156603,0,-14,-11,-2,2,6,-1,-1
15161,15161,1503688156617,1,-5,-1,2,4,7,-1,1
15162,15162,1503688156625,-2,1,6,-2,-17,-1,-3,-11
15163,15163,1503688156632,-5,-37,-20,-5,-1,-2,-2,3
15164,15164,1503688156648,0,5,1,0,5,0,0,4
15165,15165,1503688156656,7,-2,11,1,-6,0,-1,-2
15166,15166,1503688156663,1,-1,0,2,4,-5,-2,2
15167,15167,1503688156677,-6,16,2,0,0,-2,0,-10
15168,15168,1503688156685,-6,13,12,1,2,-2,1,1
15169,15169,1503688156692,-23,3,8,2,2,-1,1,4
15170,15170,1503688156707,-13,-15,-12,-2,1,-4,-1,-6
15171,15171,1503688156715,18,11,6,-1,-1,-1,1,13
15172,15172,1503688156723,9,-11,-6,-3,1,1,0,-1
15173,15173,1503688156737,0,1,-4,-1,-3,-2,-1,-6
15174,15174,1503688156745,-3,2,8,1,6,1,-4,0
15175,15175,1503688156753,4,-18,-17,-6,-4,0,1,5
15176,15176,1503688156767,-15,-7,-12,-4,-3,-1,-1,-3
15177,15177,1503688156775,7,22,3,0,0,-2,-1,13
15178,15178,1503688156784,3,3,0,1,-3,1,-1,-4
15179,15179,1503688156797,-5,-1,-3,-1,-1,-1,0,-16
15180,15180,1503688156805,-20,-9,0,1,-3,-1,-2,1
15181,15181,1503688156813,6,1,3,0,1,-1,0,-5
15182,15182,1503688156827,-4,-8,-11,-4,-2,1,-1,-3
15183,15183,1503688156828,16,1,4,1,0,-2,1,4
15184,15184,1503688156835,-10,1,3,1,-1,-3,-1,-2
15501,15501,1503688159947,9,11,6,-1,4,-4,-3,16
15502,15502,1503688159955,-1,-1,-6,-2,1,-1,-3,8
15503,15503,1503688159965,-1,-6,-2,-2,1,-1,-2,-12
15504,15504,1503688159979,-7,2,-1,0,-2,-4,-3,-4
15505,15505,1503688159986,-12,-7,-3,-2,-5,-3,0,-3
15506,15506,1503688159992,0,11,2,0,2,-1,-1,-5
15507,15507,1503688159993,5,-12,1,1,-1,1,-1,-23
15508,15508,1503688160008,-6,-18,-6,-3,-5,-2,-9,-2
15509,15509,1503688160015,0,7,2,-1,-1,0,1,-5
15510,15510,1503688160023,5,-5,-4,-4,-4,1,0,-1
15511,15511,1503688160037,-3,13,5,1,-2,-2,-2,-6
15512,15512,1503688160045,-7,-18,-14,-3,3,-2,-3,-9
15513,15513,1503688160046,-7,10,6,1,1,0,1,1
15514,15514,1503688160052,13,10,-1,-2,-2,1,2,6
15515,15515,1503688160068,-13,-25,-3,1,-3,-3,-2,-15
15516,15516,1503688160075,-3,-11,-2,1,-5,1,1,5
15517,15517,1503688160084,0,3,0,3,3,0,-1,7
15518,15518,1503688160098,-12,2,-2,-3,2,-4,-4,-6
15519,15519,1503688160106,-4,5,-4,-1,0,1,4,2
15520,15520,1503688160113,11,-9,-4,-3,-4,-2,-2,8
15521,15521,1503688160128,-3,3,4,2,5,-4,-4,-6
15522,15522,1503688160135,-5,-11,-3,0,-1,-3,0,0
15523,15523,1503688160143,11,31,6,1,-3,-3,2,5
15524,15524,1503688160157,-3,-5,-4,-1,-3,-1,0,-4
15525,15525,1503688160167,8,-3,0,-5,-4,2,1,21
15526,15526,1503688160174,-1,19,2,-2,0,-1,0,-4
15527,15527,1503688160187,1,-9,-5,-1,1,-2,2,7
15528,15528,1503688160188,-8,-18,-6,-3,-3,0,2,-12
15529,15529,1503688160195,-11,-5,-1,-1,0,1,2,7
15530,15530,1503688160204,6,8,-1,2,-3,-2,1,70
15531,15531,1503688160218,-8,2,-9,-2,0,-3,-16,-10
15532,15532,1503688160225,-3,-9,0,0,0,1,0,-10
15533,15533,1503688160233,7,7,2,0,-3,1,2,6
15534,15534,1503688160247,-6,-9,0,-4,-3,-1,-1,11
15535,15535,1503688160248,4,9,-2,-2,-10,-1,-5,-19
15536,15536,1503688160255,1,-15,-6,-5,3,4,1,-4
15537,15537,1503688160267,-4,-1,0,-3,8,-3,1,-15
15538,15538,1503688160278,-6,-12,1,-3,4,-2,2,6
15539,15539,1503688160285,-2,6,4,-1,3,4,3,-7
15540,15540,1503688160292,-4,-3,0,3,0,-3,-3,-8
15541,15541,1503688160293,8,0,3,1,-2,-1,3,3
15542,15542,1503688160308,7,3,4,3,0,1,-3,-16
15543,15543,1503688160322,-7,-1,-2,1,1,0,2,-5
15544,15544,1503688160324,2,-8,-2,0,-1,-5,-6,-6
15545,15545,1503688160338,7,-21,-3,1,4,-3,-1,37
15546,15546,1503688160346,-5,-1,-3,-3,-1,0,1,-2
15547,15547,1503688160352,-5,0,-2,-1,-10,-2,-3,-17
15548,15548,1503688160368,-11,2,3,0,-8,-3,-1,-6
15549,15549,1503688160375,-2,11,4,7,1,0,0,-5
15550,15550,1503688160390,6,5,-3,-2,-2,-1,-2,0
15551,15551,1503688160399,2,5,4,-1,-1,3,2,-9
15552,15552,1503688160412,3,-6,-4,-2,9,-1,4,8
15553,15553,1503688160413,6,10,4,0,-5,-1,-2,-18
15554,15554,1503688160427,5,7,1,-5,-2,-2,1,13
15555,15555,1503688160435,0,-5,-2,-2,12,0,-3,-25
15556,15556,1503688160443,-2,21,6,3,-8,-1,-7,-38
15557,15557,1503688160457,15,11,10,10,2,8,6,16
15558,15558,1503688160467,-5,-24,-11,-5,-2,-1,-3,3
15559,15559,1503688160474,5,7,-3,-11,-1,-3,-2,9
15560,15560,1503688160487,-7,-9,-2,2,0,-3,-6,-8
15561,15561,1503688160495,-5,-2,0,3,3,-1,-1,13
15562,15562,1503688160503,2,-1,-4,-2,2,5,1,16
15563,15563,1503688160517,-8,-3,-3,-2,-1,-5,-20,-15
15564,15564,1503688160525,6,9,2,2,5,-1,4,2
15565,15565,1503688160534,-2,0,0,-1,-13,-3,-1,-3
15566,15566,1503688160548,0,-2,-1,2,-3,0,1,4
15567,15567,1503688160555,-8,-17,-1,-1,-2,-1,1,-5
15568,15568,1503688160563,1,-2,2,3,0,0,-1,1
15569,15569,1503688160578,-1,-10,-3,-5,-2,0,3,2
15570,15570,1503688160586,-6,-3,-4,-1,-4,-3,0,-3
15571,15571,1503688160592,-5,11,2,1,1,6,2,1
15572,15572,1503688160608,-4,-2,-6,-2,-6,-2,-2,1
15573,15573,1503688160615,2,32,0,1,-1,-3,2,0
15574,15574,1503688160630,-4,-29,-8,-3,3,2,-8,-4
15575,15575,1503688160638,6,0,-2,-3,11,2,4,6
15576,15576,1503688160645,3,-5,-2,-4,2,1,2,2
15577,15577,1503688160646,0,3,0,-1,-8,-3,-1,3
15578,15578,1503688160659,-8,-7,-5,-4,-16,-2,-3,2
15579,15579,1503688160668,-1,2,1,-2,1,0,2,-4
15580,15580,1503688160676,-6,-8,-6,-2,0,-3,1,-8
15581,15581,1503688160690,-7,0,-1,3,4,-2,-2,0
15582,15582,1503688160697,8,3,2,0,2,-1,2,2
15583,15583,1503688160706,-2,0,-3,-3,3,0,1,-2
15584,15584,1503688160719,-14,-13,-8,-1,0,0,-5,-5
15585,15585,1503688160727,8,-6,3,2,-3,-2,2,14
15586,15586,1503688160735,3,-3,1,1,-9,-3,-3,2
15587,15587,1503688160750,2,9,-3,-5,-3,-1,0,-5
15588,15588,1503688160757,-1,-29,-7,-2,5,0,-2,-4
15589,15589,1503688160765,1,5,5,5,9,0,0,-6
15590,15590,1503688160779,-2,1,3,-1,-4,-2,1,0
15591,15591,1503688160787,-1,-7,-5,-8,-5,-3,-5,-1
15592,15592,1503688160795,1,4,-1,-1,3,-5,-1,-1
15593,15593,1503688160810,3,10,6,6,0,2,4,4
15594,15594,1503688160817,2,3,6,4,-9,2,5,7
15595,15595,1503688160825,-2,-14,0,0,6,2,2,0
15596,15596,1503688160840,5,2,2,-1,11,0,-3,4
15597,15597,1503688160850,0,6,-3,-1,-4,-2,-2,-1
15598,15598,1503688160855,5,4,-1,1,0,1,0,-2
15599,15599,1503688160870,-1,8,0,-2,1,-3,1,2
15600,15600,1503688160877,-4,-3,-6,-5,-1,-1,-1,-4
15601,15601,1503688160885,-3,-3,-1,1,1,0,-2,-6
15602,15602,1503688160899,-2,1,-2,-3,-1,-1,-4,-4
15603,15603,1503688160907,2,-4,-2,-8,-7,-2,0,-3
15604,15604,1503688160915,-2,3,4,8,1,2,1,2
15605,15605,1503688160930,-1,0,-1,2,0,0,-1,2
15606,15606,1503688160937,3,1,-1,-10,-2,-3,-2,1
15607,15607,1503688160945,0,9,4,-2,-1,-1,-1,-7
15608,15608,1503688160959,-2,-5,-5,0,-2,0,-1,-3
15609,15609,1503688160969,11,4,3,-1,-1,0,0,-1
15610,15610,1503688160975,-3,11,-2,-3,-4,-2,0,1
15611,15611,1503688160990,-7,-1,1,0,-3,-3,-11,-9
15612,15612,1503688160997,0,-9,-3,0,-3,1,-1,9
15613,15613,1503688161009,1,0,0,7,-3,1,0,0
15614,15614,1503688161019,-7,-5,3,1,4,2,-1,-4
15615,15615,1503688161027,-2,-6,-7,-5,0,-1,3,0
15616,15616,1503688161036,3,-1,1,8,5,-1,-1,-5
15617,15617,1503688161050,-2,-5,-1,1,2,-2,-1,0
15618,15618,1503688161057,2,-1,1,4,2,1,-2,3
15619,15619,1503688161065,-4,-4,0,-2,-3,-1,2,1
15620,15620,1503688161079,14,10,0,-3,-3,-1,-1,2
15621,15621,1503688161087,-4,-2,-2,2,-2,1,2,3
15622,15622,1503688161095,-3,-3,-3,-6,-1,-4,-1,-2
15623,15623,1503688161110,5,4,7,5,1,2,0,0
15624,15624,1503688161117,-2,11,6,0,0,-2,-3,-2
15625,15625,1503688161125,-5,-22,-9,-14,-11,-3,-4,1
15626,15626,1503688161139,2,21,17,0,-2,0,-9,-1
15627,15627,1503688161147,6,22,13,4,0,1,1,0
15628,15628,1503688161155,-4,-8,-9,-6,-4,-2,2,-3
15629,15629,1503688161171,-2,3,-11,-4,-2,-1,-1,-3
15630,15630,1503688161178,-13,-3,-2,-2,-7,0,0,-1
15631,15631,1503688161185,2,-5,-5,-5,4,-1,-2,-3
15632,15632,1503688161199,0,-2,-4,-5,-4,-3,0,-5
15633,15633,1503688161208,0,-3,-2,4,4,1,2,5
15634,15634,1503688161215,6,-2,10,5,2,-1,2,-2
15635,15635,1503688161230,4,-2,-4,-3,-2,-2,-4,-3
15636,15636,1503688161238,-6,-18,-9,-2,-2,0,1,4
15637,15637,1503688161253,2,23,14,5,3,1,4,0
15638,15638,1503688161259,0,-1,-1,0,0,0,-3,3
15639,15639,1503688161267,5,-9,-4,-5,-4,0,-2,2
15640,15640,1503688161275,1,6,9,1,1,1,0,-4
15641,15641,1503688161290,-8,-8,-6,-1,-2,-4,0,-3
15642,15642,1503688161297,0,-10,-9,-2,3,0,-2,-3
15643,15643,1503688161306,-5,0,1,2,5,-1,-3,-7
15644,15644,1503688161319,-8,-9,-6,-4,-2,-4,0,0
15645,15645,1503688161327,-19,1,-3,0,-4,0,0,-1
15646,15646,1503688161335,-4,3,-3,-4,-2,-2,4,-1
15647,15647,1503688161350,-12,-18,-7,-5,-6,0,-3,-5
15648,15648,1503688161358,8,1,-1,-2,-5,-1,1,2
15649,15649,1503688161365,-4,1,3,5,7,0,0,2
15650,15650,1503688161380,11,3,-2,-1,-2,1,-1,-2
15651,15651,1503688161387,-2,-2,2,0,-1,3,0,-4
15652,15652,1503688161395,-5,-12,-7,-1,-8,-4,-9,-7
15653,15653,1503688161410,-10,17,6,-1,-4,-1,1,7
15654,15654,1503688161417,6,-4,1,0,2,1,2,7
15655,15655,1503688161425,1,-23,-14,-4,-3,-5,-4,-5
15656,15656,1503688161439,1,18,4,0,2,-1,0,-13
15657,15657,1503688161447,8,3,3,0,-4,-1,1,4
15658,15658,1503688161455,-7,-5,-3,-2,6,1,1,2
15659,15659,1503688161472,-3,-5,-3,0,2,-6,-3,-6
15660,15660,1503688161478,-17,-4,-1,3,-5,-4,1,0
15661,15661,1503688161485,-1,-1,-1,0,-1,0,-2,4
15662,15662,1503688161499,11,14,4,6,0,-2,-5,-1
15663,15663,1503688161508,2,0,-3,-3,-2,-1,0,-14
15664,15664,1503688161515,-14,-8,-4,-4,0,0,5,13
15665,15665,1503688161530,18,-1,-4,-7,-8,-2,0,17
15666,15666,1503688161538,1,1,8,2,2,3,2,-3
15667,15667,1503688161545,-10,-8,-3,-2,-6,0,-3,-4
15668,15668,1503688161559,-13,-6,-2,3,2,-1,-4,-1
15669,15669,1503688161567,-4,5,7,3,-4,-1,-1,-1
15670,15670,1503688161582,10,3,-1,-2,-3,-6,-1,-2
15671,15671,1503688161590,5,2,6,0,1,0,1,2
15987,15987,1503688164665,12,-3,-2,1,2,-1,-2,5
15988,15988,1503688164679,-6,0,0,-4,-4,0,-1,-8
15989,15989,1503688164680,-5,2,-1,-3,-2,1,5,-1
15990,15990,1503688164688,-10,-6,-2,-1,-4,0,-4,-5
15991,15991,1503688164695,5,-6,-3,-4,-2,1,0,-3
15992,15992,1503688164710,0,-5,-4,1,-1,0,-3,1
15993,15993,1503688164717,-10,2,5,1,0,0,0,-8
15994,15994,1503688164725,-8,-1,-2,1,-3,-1,-2,-1
15995,15995,1503688164740,11,7,-1,-1,-1,-1,-1,5
15996,15996,1503688164748,-7,2,2,-1,0,-3,1,-1
15997,15997,1503688164755,1,0,-2,-3,-4,-2,0,0
15998,15998,1503688164770,4,1,-3,-3,-3,-5,-2,-7
15999,15999,1503688164777,-7,4,4,-1,-1,0,-1,-2
16000,16000,1503688164785,-9,-2,-3,-1,0,-1,-1,0
16001,16001,1503688164800,0,-13,-6,-3,-2,0,-3,-8
16002,16002,1503688164808,6,0,6,0,-3,1,1,-1
16003,16003,1503688164814,-10,-4,-3,-4,-4,-1,1,0
16004,16004,1503688164815,4,-1,-4,1,0,-1,3,2
16005,16005,1503688164831,-1,9,2,2,0,-1,0,-1
16006,16006,1503688164837,-12,-3,1,-1,-1,-1,-1,-3
16007,16007,1503688164845,2,1,0,-3,0,0,2,4
16008,16008,1503688164860,0,-1,2,3,2,0,2,2
16009,16009,1503688164868,-1,-7,-4,-4,6,8,0,3
16010,16010,1503688164874,5,5,-2,-2,4,2,-2,3
16011,16011,1503688164890,-9,-3,-1,-1,-4,-5,-3,-8
16012,16012,1503688164897,9,-13,-3,0,2,2,-4,2
16013,16013,1503688164905,5,-2,1,0,-1,-3,1,-2
16014,16014,1503688164920,1,-5,2,1,-4,-3,-3,2
16015,16015,1503688164928,4,-4,0,-1,-1,-1,-3,-2
16016,16016,1503688164935,2,7,0,-2,-1,-2,4,-2
16017,16017,1503688164950,3,2,4,1,0,-2,-3,2
16018,16018,1503688164957,-5,5,-2,1,-2,0,-1,1
16019,16019,1503688164965,-5,-14,-6,-4,-4,-1,-2,-4
16020,16020,1503688164979,1,-5,-3,-3,0,0,0,3
16021,16021,1503688164990,7,4,3,5,0,0,-1,0
16022,16022,1503688164995,6,2,-1,1,-1,-1,-2,1
16023,16023,1503688165010,-4,4,-3,-1,1,-1,-3,-4
16024,16024,1503688165017,2,4,0,-1,1,-2,0,8
16025,16025,1503688165025,3,3,-2,-3,-5,1,5,2
16026,16026,1503688165040,-6,3,-1,-4,-4,0,-6,-7
16027,16027,1503688165048,-1,4,3,3,1,-4,0,3
16028,16028,1503688165056,7,11,1,-1,0,1,-1,-2
16029,16029,1503688165070,-12,-7,-5,-3,-5,-2,-5,-4
16030,16030,1503688165077,-2,-7,-2,2,2,1,1,0
16031,16031,1503688165085,12,4,1,0,1,-3,0,4
16032,16032,1503688165100,-7,-2,-3,-4,-4,-3,0,-4
16033,16033,1503688165108,-4,1,-1,-2,-2,-2,-1,2
16034,16034,1503688165115,0,-3,-1,0,3,2,-4,-5
16035,16035,1503688165130,-4,-7,-3,-1,0,2,-2,0
16036,16036,1503688165137,4,-12,-2,1,7,-4,-4,0
16037,16037,1503688165145,-3,-12,-3,0,2,-1,0,10
16038,16038,1503688165160,-5,9,-3,-6,1,1,2,-3
16039,16039,1503688165168,-2,0,0,1,-2,0,-2,-10
16040,16040,1503688165175,-7,-6,0,2,-7,1,-1,-6
16041,16041,1503688165190,8,6,1,1,-4,0,5,2
16042,16042,1503688165197,-7,9,5,0,1,-1,1,0
16043,16043,1503688165205,-3,5,9,1,5,-1,-5,-6
16044,16044,1503688165219,5,2,1,4,5,-1,-3,-3
16045,16045,1503688165220,2,-11,-7,-1,2,-2,2,5
16046,16046,1503688165228,3,4,0,1,6,0,2,0
16047,16047,1503688165235,-6,2,4,3,-5,-2,-4,-8
16048,16048,1503688165250,-1,5,-8,-7,-12,0,1,-1
16049,16049,1503688165257,-7,1,-1,3,-7,-3,-7,-2
16050,16050,1503688165266,-5,-6,-1,-1,0,0,-1,5
16051,16051,1503688165280,8,-1,-4,-2,-2,-1,2,-2
16052,16052,1503688165288,13,-2,1,0,-2,-1,0,3
16053,16053,1503688165302,1,-3,5,0,-2,2,-1,0
16054,16054,1503688165310,-12,-6,-4,0,-1,-1,-4,-2
16055,16055,1503688165317,8,-3,-3,-1,-3,0,1,19
16056,16056,1503688165334,-11,3,4,1,1,1,-1,-5
16057,16057,1503688165339,-8,5,-2,-3,-2,-2,-1,-15
16058,16058,1503688165348,9,-3,-2,-4,6,-3,0,-5
16059,16059,1503688165365,3,8,6,3,2,-2,-1,-1
16060,16060,1503688165370,0,-1,-1,1,-1,-1,1,-8
16061,16061,1503688165377,-10,-11,-7,-7,0,-4,-5,-11
16062,16062,1503688165392,6,-1,-3,-7,-6,-7,-2,1
16063,16063,1503688165393,-7,-1,-4,-5,0,-2,-9,3
16064,16064,1503688165400,2,-4,-3,-5,-5,-1,3,4
16065,16065,1503688165408,1,1,-1,0,-6,0,4,0
16066,16066,1503688165424,-4,0,2,3,1,1,-1,-2
16067,16067,1503688165431,15,1,1,0,-1,0,-1,4
16068,16068,1503688165437,2,14,-1,-3,-4,-1,0,0
16069,16069,1503688165452,-4,-16,0,4,1,-2,-2,1
16070,16070,1503688165460,2,-16,-2,-2,3,0,-3,5
16071,16071,1503688165468,-1,11,1,-4,0,3,1,0
16072,16072,1503688165483,-7,-8,-5,0,2,0,0,0
16073,16073,1503688165496,-3,-7,-1,1,0,0,1,-2
16074,16074,1503688165498,2,0,1,0,1,0,-1,3
16075,16075,1503688165512,-4,0,-2,-1,-6,1,1,-2
16076,16076,1503688165519,6,5,-1,1,-5,-1,0,3
16077,16077,1503688165536,-7,-11,0,-2,3,-3,-4,-4
16078,16078,1503688165542,-2,7,-1,0,-2,-3,-7,-1
16079,16079,1503688165550,0,-7,-3,-1,-14,-3,-1,7
16080,16080,1503688165563,-3,-15,5,3,17,3,3,0
16081,16081,1503688165572,6,5,-1,0,-7,0,1,9
16082,16082,1503688165579,0,-6,-3,-2,-10,-3,-1,-7
16083,16083,1503688165588,-2,-4,-4,-6,11,0,0,-11
16084,16084,1503688165602,2,9,6,1,-5,0,0,-1
16337,16337,1503688168091,-2,-5,-4,0,-2,-6,-3,-8
16338,16338,1503688168099,-4,-2,1,-2,1,6,0,9
16339,16339,1503688168100,-5,-2,-2,1,2,-1,0,-4
16340,16340,1503688168107,-5,-1,-3,-2,3,-1,-1,-6
16341,16341,1503688168114,-2,0,-2,-2,-6,-2,-1,-10
16342,16342,1503688168115,4,-1,0,1,0,0,5,32
16343,16343,1503688168129,7,-11,-5,-2,0,-2,-1,11
16344,16344,1503688168138,-1,-3,-4,-1,-2,2,-4,-22
16345,16345,1503688168144,-3,-10,-4,-4,-2,0,0,5
16346,16346,1503688168160,6,7,4,0,-3,-1,-14,-5
16347,16347,1503688168166,2,-13,-9,-3,2,1,1,-1
16348,16348,1503688168175,-10,-7,-3,-3,-2,-3,1,-11
16349,16349,1503688168190,1,1,2,3,-10,1,-4,2
16350,16350,1503688168197,9,2,1,-3,0,-2,0,6
16351,16351,1503688168213,-2,3,2,0,-1,1,2,-6
16352,16352,1503688168220,-1,-1,2,1,-2,-2,0,11
16353,16353,1503688168228,-5,0,-2,-1,-1,-1,-2,-1
16354,16354,1503688168234,-12,-7,-5,-2,1,2,0,-2
16355,16355,1503688168250,4,4,-1,-2,-2,-2,0,-1
16356,16356,1503688168257,2,-4,-1,0,2,-2,1,-6
16357,16357,1503688168265,-7,-1,2,-1,0,-2,-6,-29
16358,16358,1503688168279,4,-4,-2,-3,-4,-2,5,32
16359,16359,1503688168280,0,8,3,0,1,0,-3,-7
16360,16360,1503688168287,-10,-2,-2,0,-4,0,-1,-2
16361,16361,1503688168288,4,-4,-4,2,1,-2,-2,-2
16362,16362,1503688168294,4,23,16,1,3,3,5,-5
16363,16363,1503688168313,-14,0,-8,-4,-2,-1,1,1
16364,16364,1503688168317,-7,-5,-1,3,1,-3,-3,-6
16365,16365,1503688168325,4,-6,0,-1,1,-2,1,8
16366,16366,1503688168340,13,4,-4,-2,-2,-2,2,26
16367,16367,1503688168354,-3,-5,-1,0,1,0,-1,-2
16368,16368,1503688168356,-4,-6,-4,-2,-3,1,-1,-10
16369,16369,1503688168373,3,4,2,-2,1,-1,-2,6
16370,16370,1503688168378,-7,-24,-8,-3,-3,-2,0,-5
16371,16371,1503688168385,6,22,7,-1,1,1,-1,-10
16372,16372,1503688168399,-13,-12,-1,-1,-2,-4,-2,-4
16373,16373,1503688168409,1,-5,3,2,-2,-3,1,6
16374,16374,1503688168415,22,-1,-5,-2,1,1,0,14
16375,16375,1503688168430,0,-4,-3,-1,2,-1,-1,-4
16376,16376,1503688168445,2,1,2,0,-1,-1,0,7
16377,16377,1503688168449,-1,1,0,0,-1,-1,-2,0
16378,16378,1503688168459,-5,-1,-3,-3,1,2,-3,-10
16379,16379,1503688168467,-8,-5,0,-1,-6,-1,-1,22
16380,16380,1503688168475,4,1,0,1,2,1,0,20
16381,16381,1503688168476,4,-1,-4,-2,-1,0,1,-5
16382,16382,1503688168490,5,-1,-3,1,2,-2,-1,-10
16383,16383,1503688168497,-2,1,-2,-1,-3,0,-3,-7
16384,16384,1503688168507,9,19,4,-2,-2,1,3,13
16385,16385,1503688168520,6,-9,-3,1,-2,-4,-3,-1
16386,16386,1503688168527,-9,-3,5,0,4,4,-1,-5
16387,16387,1503688168534,1,6,3,0,-1,-2,-7,-7
16388,16388,1503688168550,0,-8,-8,-3,1,-3,-3,-6
16389,16389,1503688168557,-4,-5,-2,0,-1,0,0,-5
16390,16390,1503688168574,-6,-1,-2,-1,2,5,1,-6
16391,16391,1503688168580,1,3,1,1,0,-3,-3,0
16392,16392,1503688168588,-1,1,2,0,-1,-1,0,-3
16393,16393,1503688168594,1,3,0,-1,-1,1,2,1
16394,16394,1503688168611,-7,-25,-16,-4,-3,-3,-1,-7
16395,16395,1503688168617,-16,-4,0,0,-1,0,-1,-9
16396,16396,1503688168633,-2,-7,-2,0,-2,-3,-3,-6
16397,16397,1503688168641,-5,0,-2,-4,0,1,8,19
16398,16398,1503688168648,3,23,15,4,1,-3,0,5
16399,16399,1503688168654,2,-3,-7,-2,-1,1,-3,-10
16400,16400,1503688168655,-3,6,9,4,3,2,0,-8
16401,16401,1503688168670,1,0,-3,-3,-2,-1,0,-6
16402,16402,1503688168678,-11,-1,0,-2,-3,-2,-1,8
16403,16403,1503688168692,0,-2,-5,-3,-5,0,-3,-1
16404,16404,1503688168699,5,-9,-6,-2,2,-1,0,-3
16405,16405,1503688168708,3,1,2,0,0,-1,-1,1
16406,16406,1503688168714,-3,-11,-6,-5,-3,0,1,6
16407,16407,1503688168715,7,1,-2,2,-3,-3,-2,-4
16408,16408,1503688168730,-2,5,-1,0,-1,2,1,-5
16409,16409,1503688168737,6,-1,-4,-1,-1,1,-1,-4
16410,16410,1503688168753,-5,-4,1,0,-2,-2,-2,5
16411,16411,1503688168759,-2,25,11,-2,-1,-2,-2,-23
16412,16412,1503688168767,1,0,-2,-1,2,-2,1,-7
16413,16413,1503688168775,-1,-9,-5,-2,1,1,2,0
16414,16414,1503688168790,2,-5,-1,-2,-2,-1,-4,3
16415,16415,1503688168799,-9,0,2,1,3,-2,0,2
16416,16416,1503688168813,-1,-7,-5,-4,0,1,4,4
16417,16417,1503688168819,9,2,-2,-3,-2,1,-1,3
16418,16418,1503688168827,-1,-2,-1,0,-1,0,-5,-4
16419,16419,1503688168834,-1,-2,-3,-1,-2,0,-1,14
16420,16420,1503688168851,-1,-7,-8,-3,-3,-2,3,-4
16421,16421,1503688168857,-6,-14,-1,-1,-1,-3,-5,-8
16422,16422,1503688168876,-2,-5,-2,0,0,0,-1,7
16423,16423,1503688168880,-14,-28,-11,-4,-3,-1,-2,-5
16424,16424,1503688168889,8,9,12,5,3,3,3,0
16425,16425,1503688168895,3,-6,-3,0,-2,-2,-2,-1
16426,16426,1503688168911,-2,2,-5,-4,-3,-2,0,31
16427,16427,1503688168918,6,11,2,0,-1,0,3,12
16428,16428,1503688168932,-4,-7,-4,-5,-9,-1,0,-15
16429,16429,1503688168939,-27,5,3,1,-2,-3,-1,5
16430,16430,1503688168948,-7,-6,1,0,1,-2,-3,-11
16431,16431,1503688168954,13,2,-1,0,-1,-1,2,-3
16432,16432,1503688168970,-6,-6,0,4,4,-1,-5,-8
16433,16433,1503688168977,3,-1,-5,-1,-1,1,0,1
16434,16434,1503688168992,4,23,6,2,-1,-1,-1,6
16435,16435,1503688168999,-2,16,4,-1,-2,-1,-4,-20
16436,16436,1503688169009,-3,-6,-3,-4,0,-1,1,-10
16437,16437,1503688169022,-13,-7,-4,-3,-1,0,0,-4
16438,16438,1503688169030,3,10,8,1,1,-1,-6,-4
16439,16439,1503688169037,2,-6,-1,-1,-2,-2,-4,-6
16440,16440,1503688169052,6,-5,-7,0,0,-1,6,22
16441,16441,1503688169059,3,5,1,-1,1,2,0,10
16442,16442,1503688169067,-9,0,-1,-3,-3,0,-5,-9
16443,16443,1503688169082,1,-17,-10,-4,-4,-2,-3,-8
16444,16444,1503688169090,1,-16,-12,-6,-5,-2,3,0
16445,16445,1503688169097,2,2,3,4,4,-1,-2,0
16446,16446,1503688169113,6,-1,2,3,6,-1,0,16
16447,16447,1503688169119,4,6,0,2,4,0,2,7
16448,16448,1503688169127,-1,2,0,-1,1,1,3,-8
16704,16704,1503688171617,-4,-1,-1,-2,0,1,-1,-6
16705,16705,1503688171625,7,-2,0,1,-4,-2,-2,-2
16706,16706,1503688171633,-15,0,1,-3,-2,-1,-4,-7
16707,16707,1503688171647,8,-3,0,-6,-2,-2,0,3
16708,16708,1503688171658,20,0,1,-3,-2,-7,-9,7
16709,16709,1503688171664,-3,-17,-2,2,-1,7,5,15
16710,16710,1503688171677,12,7,17,8,5,0,1,3
16711,16711,1503688171699,-20,-11,-7,-3,-3,-4,0,24
16712,16712,1503688171700,3,-7,-5,-5,-11,-5,-2,-2
16713,16713,1503688171701,-8,3,1,6,13,4,-2,-13
16714,16714,1503688171706,5,-7,-3,-5,-3,-3,-2,-9
16715,16715,1503688171714,3,6,4,-1,3,4,1,-2
16716,16716,1503688171723,6,6,-3,-3,-6,-2,-3,-9
16717,16717,1503688171737,8,-4,-6,-2,-7,-3,2,8
16718,16718,1503688171744,-11,0,-3,-6,-9,-1,-7,-28
16719,16719,1503688171752,4,-6,2,1,-5,1,2,-9
16720,16720,1503688171766,-9,11,4,2,5,0,-1,-6
16721,16721,1503688171774,-5,4,-3,-4,-3,-2,-2,-13
16722,16722,1503688171782,6,13,1,2,1,0,-3,-4
16723,16723,1503688171797,-10,6,-1,2,-2,1,1,4
16724,16724,1503688171804,-4,-12,-7,-3,-1,2,1,6
16725,16725,1503688171819,4,-2,-7,-3,-3,0,0,6
16726,16726,1503688171827,6,3,2,-1,-1,-2,1,-6
16727,16727,1503688171834,5,-2,1,0,0,-4,-10,-2
16728,16728,1503688171849,-3,-1,-3,-4,-4,-2,1,4
16729,16729,1503688171857,-15,-7,-2,0,0,2,3,6
16730,16730,1503688171865,1,5,0,-1,1,-1,-1,3
16731,16731,1503688171879,16,-3,-3,-1,-3,0,5,38
16732,16732,1503688171886,5,-3,1,2,-3,0,-1,-6
16733,16733,1503688171909,6,-22,-9,-4,-2,-1,1,5
16734,16734,1503688171924,0,-9,-5,-2,-2,-3,-1,-8
16735,16735,1503688171925,-5,0,-2,-1,3,-3,-2,-13
16736,16736,1503688171939,-9,-11,-2,-1,1,0,4,-7
16737,16737,1503688171947,3,3,-1,0,5,-2,-2,3
16738,16738,1503688171958,-1,-1,0,-1,-2,0,2,-1
16739,16739,1503688171969,-2,-9,-3,-4,-2,1,2,10
16740,16740,1503688171978,5,6,-4,-1,1,0,-2,-3
16741,16741,1503688171985,-23,-3,2,1,0,0,1,6
16742,16742,1503688172000,-13,-7,-1,-2,2,-1,0,-5
16743,16743,1503688172007,9,5,0,-2,-4,0,-5,33
16744,16744,1503688172015,1,2,-2,1,-3,-1,-3,-7
16745,16745,1503688172029,-9,-3,1,1,-3,-1,1,-17
16746,16746,1503688172037,-4,-5,-2,0,-1,-2,0,4
16747,16747,1503688172044,10,0,3,1,1,0,1,-7
16748,16748,1503688172066,-5,-3,1,-2,-1,1,1,-9
16749,16749,1503688172067,22,3,-3,-1,0,1,-2,-4
16750,16750,1503688172075,-3,-4,0,0,0,-3,-3,-5
16751,16751,1503688172089,-5,-3,-2,-2,-2,-2,-2,-2
16752,16752,1503688172091,6,4,1,0,2,1,1,3
16753,16753,1503688172097,-2,-1,0,-2,0,2,-2,-5
16754,16754,1503688172104,-9,-1,-2,-2,-4,-2,4,-7
16755,16755,1503688172119,4,1,5,1,-3,-3,-1,0
16756,16756,1503688172127,7,11,2,-1,-2,2,4,-8
16757,16757,1503688172135,0,-6,-5,-2,-1,-2,0,2
16758,16758,1503688172149,-4,0,0,-2,-1,-3,-5,1
16759,16759,1503688172159,-2,3,6,0,-12,-4,-2,-2
16760,16760,1503688172165,-8,-2,-4,-1,-2,-6,-1,0
16761,16761,1503688172179,0,-5,-7,0,7,1,1,4
16762,16762,1503688172186,-7,-5,0,-1,0,1,-3,-7
16763,16763,1503688172194,1,-1,-1,0,0,-3,-3,1
16764,16764,1503688172209,-2,1,-4,-1,-1,0,-2,-5
16765,16765,1503688172217,0,2,2,0,0,3,1,0
16766,16766,1503688172225,6,8,8,3,-6,-3,0,0
16767,16767,1503688172239,-9,-1,0,3,0,4,1,-3
16768,16768,1503688172247,-1,-3,-5,-3,1,3,-2,2
16769,16769,1503688172255,4,5,5,0,3,-3,-2,-8
16770,16770,1503688172269,3,-3,1,6,-10,1,-1,7
16771,16771,1503688172277,8,1,-4,0,-2,0,1,2
16772,16772,1503688172284,-5,-6,-2,-4,4,-4,1,-5
16773,16773,1503688172300,-6,-8,-2,-3,-3,-3,2,0
16774,16774,1503688172307,3,-1,1,-1,-4,-1,-1,1
17077,17077,1503688175277,-2,-7,0,0,2,4,4,-2
17078,17078,1503688175284,-4,43,-2,1,0,-1,-1,-7
17079,17079,1503688175292,8,-7,-8,-2,-1,-2,-5,4
17080,17080,1503688175308,4,5,3,0,-1,-3,-1,-1
17081,17081,1503688175309,-21,-15,-3,-1,2,0,-2,-33
17082,17082,1503688175315,3,0,-1,-4,-3,-1,2,11
17083,17083,1503688175321,1,10,-1,-1,-3,0,-2,3
17084,17084,1503688175322,1,-3,2,0,-1,-2,0,1
17085,17085,1503688175337,-9,-8,-1,-3,-3,-1,-2,-10
17086,17086,1503688175344,2,1,1,1,-1,0,0,0
17087,17087,1503688175352,-6,-15,-6,0,1,-1,-5,15
17088,17088,1503688175367,5,26,12,2,-4,3,1,3
17089,17089,1503688175375,4,2,1,-1,-2,1,1,-5
17090,17090,1503688175382,-3,-10,-2,-1,0,0,1,4
17091,17091,1503688175397,-17,6,-1,1,2,0,-2,-9
17092,17092,1503688175404,7,-4,0,-1,-2,-4,0,2
17093,17093,1503688175413,-1,0,0,-1,-2,-3,-2,-9
17094,17094,1503688175427,3,-10,-6,-3,2,-1,-4,10
17095,17095,1503688175435,-1,0,2,1,0,1,0,-2
17096,17096,1503688175442,-1,1,-1,0,0,-3,1,-5
17097,17097,1503688175457,-9,1,-3,-2,0,0,1,-13
17098,17098,1503688175464,2,-15,-5,-2,2,-1,-3,-6
17099,17099,1503688175474,-3,0,0,-2,-7,-2,1,-4
17100,17100,1503688175487,-5,15,11,5,-2,-1,-12,-5
17101,17101,1503688175494,-11,-3,-2,1,1,0,0,11
17102,17102,1503688175501,1,-1,-2,-2,-3,-1,1,0
17103,17103,1503688175517,14,5,0,-1,0,2,-1,3
17104,17104,1503688175524,3,2,4,0,-1,-2,4,2
17105,17105,1503688175532,6,-2,-3,-1,-2,-2,4,2
17106,17106,1503688175547,-3,-12,-7,-4,0,1,0,5
17107,17107,1503688175562,5,-5,-2,-2,-1,1,-2,2
17108,17108,1503688175569,-10,1,-1,1,2,2,0,-3
17109,17109,1503688175577,-1,4,-1,0,2,-1,-2,-1
17110,17110,1503688175584,-6,-10,-4,-1,-4,-4,1,-3
17111,17111,1503688175599,6,29,11,3,-1,-5,-4,-3
17112,17112,1503688175608,3,-1,-1,0,-3,1,1,4
17113,17113,1503688175615,-2,-12,-1,-2,4,0,-1,-10
17114,17114,1503688175629,-2,-2,6,0,1,-1,0,0
17115,17115,1503688175637,-2,-11,-5,-3,-1,2,-3,1
17116,17116,1503688175645,-2,-7,-6,-3,2,-2,-4,0
17117,17117,1503688175659,12,-1,0,2,-2,-5,0,1
17118,17118,1503688175667,6,-1,-1,2,0,0,0,2
17119,17119,1503688175676,2,-1,-3,-3,-1,1,1,4
17120,17120,1503688175689,-5,4,-1,-3,-3,-1,0,-4
17121,17121,1503688175697,-15,-3,-1,-2,-5,-3,-1,-1
17122,17122,1503688175704,-1,-3,-3,-1,-1,-2,-1,-3
17123,17123,1503688175719,-4,-2,0,-1,-3,1,-2,-5
17124,17124,1503688175726,-4,0,0,-2,-3,-1,-1,-7
17125,17125,1503688175735,-3,0,-4,2,3,-3,0,-4
17126,17126,1503688175750,3,-4,-4,0,-1,-3,3,2
17127,17127,1503688175765,1,-4,-5,-5,-2,0,0,7
17128,17128,1503688175786,-5,2,3,4,5,-1,-5,1
17129,17129,1503688175787,-4,3,3,0,8,2,0,-2
17130,17130,1503688175795,2,-5,-1,-1,3,-1,-1,1
17131,17131,1503688175810,0,2,-1,-2,-5,0,-1,-2
17132,17132,1503688175818,0,-4,-6,0,-4,-1,-1,0
17133,17133,1503688175824,14,9,2,-1,-1,0,3,3
17134,17134,1503688175839,-2,-3,1,-1,-3,0,-3,-4
17135,17135,1503688175853,-1,-3,-2,0,-2,-2,2,4
17136,17136,1503688175854,-3,-2,-1,-1,-2,-3,-3,-2
17137,17137,1503688175855,-11,2,5,-2,-2,-1,2,-12
17138,17138,1503688175869,-3,1,2,4,0,-2,1,6
17139,17139,1503688175878,8,0,-4,-2,2,2,0,3
17140,17140,1503688175885,-6,2,0,-1,3,2,-3,-8
17141,17141,1503688175899,2,-1,-4,-3,-1,-1,-2,10
17142,17142,1503688175907,-4,-4,-4,0,-1,-1,2,3
17143,17143,1503688175915,2,3,1,-2,-2,-2,-3,-2
17144,17144,1503688175930,-12,-9,-5,-4,-3,-3,-2,-3
17145,17145,1503688175937,11,-2,0,-2,-9,-4,-14,3
17146,17146,1503688175944,7,3,1,-1,-1,2,-2,-2
17147,17147,1503688175959,3,-2,1,4,7,3,3,1
17148,17148,1503688175967,-5,-4,-3,-2,-3,-4,-2,-5
17149,17149,1503688175976,5,15,5,0,-15,-1,2,2
17150,17150,1503688175989,3,0,0,-1,1,1,1,-11
17151,17151,1503688175997,-10,-9,-3,-2,2,-1,1,-3
17152,17152,1503688176004,4,2,-1,-1,-1,-3,-4,-7
17153,17153,1503688176019,18,0,-1,-3,3,0,2,7
17154,17154,1503688176026,-1,-2,1,1,0,0,-4,4
17155,17155,1503688176035,-6,-6,-5,2,2,5,0,-1
17156,17156,1503688176049,4,-17,-3,0,-2,-3,-1,-1
17157,17157,1503688176057,-14,-2,0,0,5,3,1,-6
17158,17158,1503688176064,4,-10,-7,-3,-1,-1,-4,-5
17159,17159,1503688176079,-9,-3,-1,0,-3,-6,-2,-6
17160,17160,1503688176087,-5,3,2,1,-1,0,2,-9
17161,17161,1503688176094,4,-15,-3,-2,0,-2,-3,-1
17162,17162,1503688176113,-8,1,-1,-3,-6,-3,-1,1
17163,17163,1503688176117,-6,8,-4,-2,-1,-5,-2,0
17164,17164,1503688176124,-9,17,11,3,6,4,3,1
17165,17165,1503688176139,-11,-10,-8,-4,-2,-5,-4,-14
17166,17166,1503688176148,-10,6,1,-1,5,1,3,14
17167,17167,1503688176156,2,-6,-2,-4,-1,-2,1,-3
17168,17168,1503688176169,13,1,0,-2,-6,1,-3,6
17169,17169,1503688176179,-2,-5,-1,0,-1,0,3,6
17170,17170,1503688176186,5,18,4,2,-2,-1,0,0
17171,17171,1503688176199,-3,50,12,2,-4,-3,-3,-5
17414,17414,1503688178558,-13,3,6,0,-4,-3,-7,-14
17415,17415,1503688178562,-7,-9,0,0,1,-1,4,18
17416,17416,1503688178577,21,-12,-5,2,1,0,2,8
17417,17417,1503688178584,13,-6,-8,-2,-1,-1,-1,-5
17418,17418,1503688178592,-16,-11,-4,-2,0,-1,-16,-25
17419,17419,1503688178607,12,2,10,1,0,1,3,6
17420,17420,1503688178615,-9,-1,0,-3,-1,-3,2,7
17421,17421,1503688178627,-14,2,1,-2,1,0,-5,-7
17422,17422,1503688178637,-2,9,5,1,-1,-1,3,1
17423,17423,1503688178644,12,-2,-4,0,1,1,-3,-17
17424,17424,1503688178660,5,0,-4,1,-4,0,3,-13
17425,17425,1503688178667,5,6,-2,-5,-3,-1,0,0
17426,17426,1503688178674,-7,8,5,0,-2,-3,-1,-13
17427,17427,1503688178681,-1,-3,1,1,-4,-2,-3,-9
17428,17428,1503688178699,-4,-5,-1,-2,1,-2,1,4
17429,17429,1503688178704,-13,-13,-7,-2,-12,0,-5,-9
17430,17430,1503688178721,4,5,2,1,-3,-1,0,13
17431,17431,1503688178727,-13,-9,-4,-3,6,-2,-1,-12
17432,17432,1503688178735,3,1,1,-1,-3,-1,0,8
17433,17433,1503688178741,8,-4,-2,2,3,0,1,-1
17434,17434,1503688178760,19,-4,-3,-5,0,1,2,26
17435,17435,1503688178764,-5,-3,-2,1,1,-1,2,-1
17436,17436,1503688178779,-3,-3,3,0,0,1,2,1
17437,17437,1503688178794,6,0,2,-2,-3,1,-1,6
17438,17438,1503688178795,0,1,0,3,-4,-1,2,-6
17439,17439,1503688178801,3,7,3,0,0,-5,-3,-2
17440,17440,1503688178817,2,1,2,2,8,-3,-5,4
17441,17441,1503688178826,-19,7,4,-1,-4,-4,-3,-23
17442,17442,1503688178839,20,3,3,1,3,-6,-2,-6
17443,17443,1503688178840,-12,-12,-9,-2,2,5,4,24
17444,17444,1503688178846,7,9,8,1,2,1,-1,1
17445,17445,1503688178858,7,0,2,1,0,-2,0,-5
17446,17446,1503688178862,9,7,0,-1,2,0,3,4
17447,17447,1503688178877,-11,-1,0,-2,-2,3,-6,-13
17448,17448,1503688178884,13,4,-2,-1,1,-1,-4,14
17449,17449,1503688178900,-6,-2,-3,-1,4,-1,-3,-14
17450,17450,1503688178906,0,-5,-4,-1,3,4,0,-7
17451,17451,1503688178915,2,-24,-6,-1,12,-6,-1,13
17452,17452,1503688178921,-8,19,9,-1,-1,4,-3,-10
17453,17453,1503688178922,12,3,3,-1,3,9,3,-13
17454,17454,1503688178937,-7,-2,-7,-2,-9,-5,-4,-33
17455,17455,1503688178944,-19,-16,-8,-1,-3,-6,-3,-8
17456,17456,1503688178961,-23,-2,-5,-3,-3,-5,0,-2
17457,17457,1503688178967,-13,8,3,2,-4,2,-2,-13
17458,17458,1503688178975,8,9,3,-2,-4,-2,1,4
17459,17459,1503688178982,-3,-9,-1,-1,-1,0,1,5
17460,17460,1503688178998,-5,-3,0,-1,-4,3,-2,3
17461,17461,1503688179004,9,9,3,-2,2,-4,0,3
17462,17462,1503688179019,-5,-19,-3,0,0,-1,-2,3
17463,17463,1503688179020,-3,-1,-8,-4,-2,2,-3,-17
17464,17464,1503688179033,0,7,1,1,-2,-3,4,13
17465,17465,1503688179034,12,-1,1,1,14,-1,2,12
17466,17466,1503688179042,2,4,-2,-2,0,-1,0,6
17467,17467,1503688179060,-13,3,5,-1,-2,-5,-4,-14
17468,17468,1503688179064,-8,-3,-3,0,0,-1,-3,2
17469,17469,1503688179079,23,0,1,0,-7,-1,2,6
17470,17470,1503688179086,-2,13,6,0,-1,-3,-1,-12
17471,17471,1503688179095,-14,1,1,-2,-3,-1,-9,-2
17472,17472,1503688179103,14,-8,-5,-2,-2,-3,-2,13
17473,17473,1503688179117,0,2,-1,-1,-1,1,0,-2
17474,17474,1503688179126,0,-19,-5,-2,-1,-3,-6,-8
17475,17475,1503688179139,-6,-2,-4,-2,-9,-4,-4,-22
17476,17476,1503688179147,-17,-19,2,2,0,2,0,-10
17477,17477,1503688179155,12,3,-2,-1,-5,-1,3,6
17478,17478,1503688179162,2,-2,-6,-3,3,-2,-1,-3
17479,17479,1503688179177,5,5,4,0,-1,0,0,4
17480,17480,1503688179184,1,3,2,1,-2,-3,-3,-6
17481,17481,1503688179199,9,-9,-5,-2,-1,2,2,10
17482,17482,1503688179207,3,12,4,2,-1,-1,-1,-10
17483,17483,1503688179215,-6,0,4,3,0,-2,-2,0
17484,17484,1503688179222,7,-5,-3,-1,0,-2,-2,0
17485,17485,1503688179237,-5,-12,-5,-3,-1,4,1,22
17486,17486,1503688179244,-6,0,0,0,-1,4,0,3
17487,17487,1503688179262,-2,-1,0,-2,1,1,-2,-8
17488,17488,1503688179267,1,-2,-5,-6,1,-1,0,17
17489,17489,1503688179275,8,17,6,0,-1,-2,8,51
17490,17490,1503688179289,7,21,4,3,-1,1,1,0
17491,17491,1503688179297,-3,3,-2,0,-3,-5,-17,-20
17492,17492,1503688179305,2,8,1,-4,-5,-2,-1,9
17493,17493,1503688179320,-7,4,2,-1,-1,0,1,-11
17494,17494,1503688179328,-11,-8,-3,-1,-2,0,-1,-8
17495,17495,1503688179335,15,-7,-3,1,-1,-2,2,1
17496,17496,1503688179349,-4,-8,0,1,-2,-2,2,0
17497,17497,1503688179357,-3,-9,-5,-2,-1,-1,2,2
17498,17498,1503688179366,10,4,-3,0,4,1,-1,5
17499,17499,1503688179379,-2,-4,1,-1,-4,-2,0,-14
17500,17500,1503688179387,0,10,3,-4,-1,3,0,4
17501,17501,1503688179397,-1,3,0,2,0,-2,1,-1
17502,17502,1503688179409,-1,-12,-6,1,-2,-3,-2,-7
17503,17503,1503688179417,-3,-2,0,-2,-1,0,-2,-7
17504,17504,1503688179424,-2,-4,1,1,0,-2,-4,-4
17505,17505,1503688179439,-4,-1,-4,-4,1,-1,0,1
17506,17506,1503688179446,-9,-12,-5,-1,-4,0,-3,-3
17507,17507,1503688179454,-13,-4,-2,-3,-2,-1,3,-6
17508,17508,1503688179470,10,4,1,-2,-3,-1,2,1
17509,17509,1503688179477,8,13,4,4,3,1,-4,-3
17510,17510,1503688179484,-5,-7,-3,1,0,-2,-2,0
17511,17511,1503688179500,17,6,-3,-2,-1,0,-4,1
17512,17512,1503688179506,-3,-1,5,3,0,-3,-2,-2
17513,17513,1503688179507,-15,-2,3,-1,-1,-6,-2,-5
17514,17514,1503688179514,-2,-9,1,-1,1,1,2,-3
17515,17515,1503688179529,2,-1,-3,-2,8,-2,-1,3
17516,17516,1503688179537,-7,-3,-1,-5,-7,-5,-2,-1
17517,17517,1503688179544,-2,3,7,5,0,1,3,1
17518,17518,1503688179562,-19,-4,-2,-1,-4,1,-1,-6
17944,17944,1503688183706,4,11,0,1,4,-1,1,27
17945,17945,1503688183722,9,6,-2,-5,-2,-1,0,6
17946,17946,1503688183729,26,0,3,1,-3,0,-2,-31
17947,17947,1503688183737,9,-2,-4,1,-4,-3,0,7
17948,17948,1503688183744,1,5,4,2,-6,-1,2,-10
17949,17949,1503688183759,-5,0,-2,-2,-1,-1,-2,-6
17950,17950,1503688183766,-10,-15,-12,-8,-7,0,1,3
17951,17951,1503688183783,-11,-12,-14,-10,4,-4,0,1
17952,17952,1503688183789,-15,-3,-1,1,7,4,1,-9
17953,17953,1503688183797,-3,2,4,2,-12,-2,3,10
17954,17954,1503688183804,-9,-7,-5,-8,-4,-6,-5,-3
17955,17955,1503688183819,2,-12,-2,0,-2,0,-5,-12
17956,17956,1503688183826,15,1,-1,-2,-6,-2,-6,2
17957,17957,1503688183842,0,-10,5,4,0,-2,-1,-5
17958,17958,1503688183850,-6,-4,-2,-1,5,0,1,11
17959,17959,1503688183857,-8,-6,2,0,5,-4,-16,-38
17960,17960,1503688183864,-4,2,-1,-1,-5,0,3,-7
17961,17961,1503688183879,2,-9,-10,-6,-1,-3,0,-13
17962,17962,1503688183887,-11,8,3,-3,3,-4,-3,3
17963,17963,1503688183902,-9,1,1,-4,-4,-2,-1,16
17964,17964,1503688183909,0,-9,-2,2,-5,-3,2,9
17965,17965,1503688183918,9,16,1,-2,-1,3,5,22
17966,17966,1503688183925,-7,6,12,10,-3,-2,0,-7
17967,17967,1503688183939,4,4,6,4,9,-2,-2,-5
17968,17968,1503688183946,-6,-1,-4,-2,3,-4,-3,-3
17969,17969,1503688183947,7,-11,-5,-4,12,4,0,2
17970,17970,1503688183962,-1,-11,-5,0,-5,1,1,2
17971,17971,1503688183969,-3,-4,-2,-2,-9,-3,-2,5
17972,17972,1503688183977,-12,-2,-5,-4,-4,1,0,-7
17973,17973,1503688183992,-4,-13,-6,-3,0,-3,-16,-7
17974,17974,1503688183999,-2,19,3,-3,-4,-1,4,-8
17975,17975,1503688184007,5,2,-1,1,5,0,3,3
17976,17976,1503688184022,3,9,6,3,0,-1,-2,24
17977,17977,1503688184029,1,28,8,4,-4,-4,0,-3
17978,17978,1503688184037,7,8,6,4,4,1,0,7
17979,17979,1503688184051,1,-8,-9,-8,-17,1,2,6
17980,17980,1503688184059,0,15,9,6,-3,-2,-2,28
17981,17981,1503688184066,-8,-1,5,1,4,-1,-1,-21
17982,17982,1503688184082,0,-14,-6,-2,-3,-1,0,-26
17983,17983,1503688184089,-4,0,0,-1,2,0,1,-3
17984,17984,1503688184097,2,-4,-4,-5,-1,-2,-2,-2
17985,17985,1503688184111,0,-14,-5,-5,-13,0,-1,-7
17986,17986,1503688184127,0,-22,-7,-3,8,0,0,14
17987,17987,1503688184142,-8,0,-3,1,-8,2,2,-3
17988,17988,1503688184149,-5,-8,-5,-4,-14,-4,-4,-2
17989,17989,1503688184159,-9,-11,-5,-4,-7,-2,1,-14
17990,17990,1503688184171,-16,3,1,1,-5,-3,-13,-3
17991,17991,1503688184179,-12,-6,-2,-5,9,-3,-4,-21
17992,17992,1503688184193,12,10,7,-2,5,0,2,24
17993,17993,1503688184202,-10,-14,-10,-12,-13,-7,-4,-7
17994,17994,1503688184209,0,8,6,9,20,5,3,-12
17995,17995,1503688184218,2,0,1,4,-10,2,4,3
17996,17996,1503688184231,3,4,-1,1,1,-1,1,3
17997,17997,1503688184239,1,-3,-1,-2,2,2,2,0
17998,17998,1503688184246,1,12,13,5,9,0,0,0
17999,17999,1503688184262,-3,-5,-3,0,-3,-1,-2,-2
18000,18000,1503688184269,2,1,-1,-2,4,0,1,1
18001,18001,1503688184277,0,6,7,10,17,4,0,-1
18002,18002,1503688184291,-2,-5,-8,-5,-6,-4,-1,-8
18003,18003,1503688184299,3,-3,-1,-5,-5,-2,0,-1
18004,18004,1503688184306,8,1,-1,-6,-1,-1,-2,2
18005,18005,1503688184328,-5,-4,0,6,2,-2,-2,3
18006,18006,1503688184329,3,-2,-4,-7,-15,-1,2,-2
18007,18007,1503688184337,6,-2,-4,-2,-3,0,-2,-2
18008,18008,1503688184353,1,-6,-5,6,2,-1,-3,-3
18009,18009,1503688184359,4,-6,-1,-1,-3,1,1,-2
18010,18010,1503688184366,-1,1,0,-5,-3,-1,-2,-5
18011,18011,1503688184382,-6,-3,1,8,5,-1,-2,0
18012,18012,1503688184389,-2,-2,-1,2,2,-2,1,0
18013,18013,1503688184397,-5,8,5,2,0,0,0,2
18014,18014,1503688184411,-5,-3,-1,2,0,-1,-1,1
18015,18015,1503688184420,-4,-3,0,-2,-4,-2,0,-7
18016,18016,1503688184426,-7,1,5,2,0,1,1,0
18017,18017,1503688184442,-5,0,-10,-8,-10,-4,-1,-1
18018,18018,1503688184449,-3,-3,-2,-1,0,1,-2,-1
18254,18254,1503688186805,7,-2,0,1,-1,-5,-3,1
18255,18255,1503688186818,-1,6,6,1,-1,-2,-4,-28
18256,18256,1503688186826,-8,-14,-6,-1,0,-1,1,-6
18257,18257,1503688186834,10,-17,-1,-4,1,-1,-2,2
18258,18258,1503688186849,6,-8,-3,-1,-1,-2,0,2
18259,18259,1503688186856,-21,-8,-7,-3,0,1,-3,-16
18260,18260,1503688186866,-7,0,-2,-1,-4,1,-3,-8
18261,18261,1503688186878,-5,10,2,1,-1,0,0,-16
18262,18262,1503688186886,-23,2,0,-1,-1,-6,-4,-21
18263,18263,1503688186894,-6,1,2,5,2,2,-1,-12
18264,18264,1503688186909,-2,-12,-5,-4,3,-1,-4,-16
18265,18265,1503688186916,-3,7,6,0,-2,-4,0,1
18266,18266,1503688186924,0,1,0,-1,2,1,-2,1
18267,18267,1503688186938,-6,-7,1,0,1,2,4,11
18268,18268,1503688186946,2,15,-5,-2,-4,0,2,5
18269,18269,1503688186953,-8,1,2,2,1,-1,-1,0
18270,18270,1503688186954,9,-1,-6,-2,-2,1,0,-3
18271,18271,1503688186969,-2,-5,-1,0,-1,-1,-3,2
18272,18272,1503688186979,15,-1,-5,-3,0,-4,0,4
18273,18273,1503688186984,6,4,3,-1,2,4,6,9
18274,18274,1503688186999,2,-2,0,-2,2,0,-1,2
18275,18275,1503688187007,-6,-2,2,2,-4,-1,-4,-13
18276,18276,1503688187013,-19,-9,-8,-2,-1,0,-4,-10
18277,18277,1503688187029,3,9,6,3,-2,-1,0,-1
18278,18278,1503688187036,-1,11,0,-14,-11,-1,-1,-8
18279,18279,1503688187045,0,-2,-1,2,-10,-2,1,-2
18280,18280,1503688187058,1,-6,-5,-6,1,-1,-1,1
18281,18281,1503688187066,-3,-2,-3,-5,-2,4,-2,2
18282,18282,1503688187074,-7,-4,-2,-7,1,-8,-4,-7
18283,18283,1503688187089,-6,-5,-2,0,2,-1,-1,1
18284,18284,1503688187096,0,4,-3,-2,-7,-1,-1,-3
18285,18285,1503688187104,-2,-10,-4,-1,-7,-1,-1,1
18286,18286,1503688187118,0,18,12,14,12,0,-2,2
18287,18287,1503688187126,12,1,-1,-2,-5,1,-3,0
18288,18288,1503688187134,8,24,19,27,9,4,1,2
18289,18289,1503688187149,-10,-7,0,-3,7,2,0,-5
18290,18290,1503688187156,-12,-21,-7,0,0,-4,0,-2
18291,18291,1503688187167,1,0,2,23,15,0,4,5
18292,18292,1503688187178,0,-1,-2,4,-2,6,2,-2
18293,18293,1503688187186,4,1,-4,-12,-10,1,-1,0
18294,18294,1503688187194,-4,3,-17,-9,-8,-2,-1,-2
18295,18295,1503688187209,-2,8,-2,-5,-7,-4,1,4
18296,18296,1503688187216,-5,-35,-9,-9,-1,-1,-2,-5
18297,18297,1503688187224,-9,2,-4,-5,-8,4,3,29
18298,18298,1503688187238,-11,-9,0,-17,-11,-6,-4,-7
18299,18299,1503688187246,-2,-15,-9,-8,-4,-7,-3,-12
18300,18300,1503688187253,7,3,0,6,7,3,4,18
18301,18301,1503688187269,6,-3,0,1,5,-3,3,-2
18302,18302,1503688187276,3,2,0,-2,-6,-2,1,4
18303,18303,1503688187292,10,22,31,6,2,3,-1,-1
18304,18304,1503688187301,-5,9,7,1,14,0,-3,-6
18305,18305,1503688187306,-7,-11,-9,-7,3,-2,-1,-6
18306,18306,1503688187314,-3,-13,-8,-8,-5,-3,-1,-3
18307,18307,1503688187329,-14,13,12,8,3,0,-3,20
18308,18308,1503688187336,1,17,6,4,-8,4,1,-4
18309,18309,1503688187344,0,2,-4,-5,-9,-4,-3,-16
18310,18310,1503688187358,2,-2,8,4,6,-1,-1,-2
18311,18311,1503688187368,19,-3,-3,-6,9,3,1,8
18312,18312,1503688187374,29,-6,-1,9,7,-4,2,13
18313,18313,1503688187389,-13,-10,-1,3,0,-3,2,3
18314,18314,1503688187396,-12,-9,-14,-5,-9,-2,-3,4
18315,18315,1503688187405,6,-5,-4,1,-10,-8,-8,-8
18316,18316,1503688187418,-19,-6,-1,6,2,0,-3,-15
18317,18317,1503688187428,15,13,-1,-2,1,-2,5,29
18318,18318,1503688187435,24,37,15,0,-5,-1,6,9
18319,18319,1503688187448,-7,-9,-4,1,-2,-4,-3,2
18320,18320,1503688187456,-22,-14,-9,-3,-4,0,0,-3
18321,18321,1503688187464,3,0,0,0,-3,6,-2,-19
18322,18322,1503688187478,-10,-5,2,-1,6,0,-3,-10
18323,18323,1503688187486,10,4,-7,-4,6,0,-1,-18
18324,18324,1503688187494,13,-4,-2,-1,0,-4,-3,6
18325,18325,1503688187509,-6,1,5,1,0,0,-3,-21
18326,18326,1503688187516,-2,4,-2,-1,-3,1,-2,7
18327,18327,1503688187524,-6,-7,-3,1,-2,-2,-8,-10
18328,18328,1503688187539,3,-3,15,1,-4,-2,-1,1
18329,18329,1503688187546,-5,4,-3,-2,1,-2,0,5
18330,18330,1503688187554,19,4,-9,-4,-4,1,2,13
18331,18331,1503688187569,-26,-11,-5,-2,1,-3,1,-9
18332,18332,1503688187577,-2,-3,-2,-1,-5,-4,-2,-18
18333,18333,1503688187584,2,-11,-9,-5,-2,0,-2,-11
18334,18334,1503688187598,-9,7,2,0,4,0,-2,-6
18335,18335,1503688187608,4,-2,2,0,-7,-2,0,-1
18336,18336,1503688187614,0,-3,-4,-1,-2,1,-1,3
18337,18337,1503688187629,0,3,-1,0,-7,3,1,3
18338,18338,1503688187637,-8,-2,-6,-5,-2,-2,-2,-10
18339,18339,1503688187645,0,-1,2,1,3,-6,-1,6
18340,18340,1503688187658,-17,-7,-4,-4,-2,4,1,-9
18341,18341,1503688187674,1,-6,-2,-3,1,-1,1,16
18342,18342,1503688187680,7,-12,-1,-2,-2,-5,-2,-3
18343,18343,1503688187689,18,8,5,1,1,-2,2,9
18344,18344,1503688187696,-5,-1,0,-1,0,0,1,8
18345,18345,1503688187711,1,-2,0,-2,3,0,0,-7
18346,18346,1503688187718,2,-2,-6,1,-5,1,0,5
18347,18347,1503688187726,10,3,6,1,2,0,1,7
18348,18348,1503688187740,1,-4,-3,-1,0,2,-1,-8
18349,18349,1503688187749,-20,-7,-5,-3,0,1,2,17
18350,18350,1503688187756,12,11,4,-1,2,1,-2,-27
18351,18351,1503688187771,11,9,4,0,-2,-1,3,8
18352,18352,1503688187778,5,-3,-2,-7,-5,1,2,11
18353,18353,1503688187786,-13,5,5,-2,-2,0,-3,-11
18354,18354,1503688187804,-9,-17,-3,-1,-6,-10,-3,-3
18624,18624,1503688190366,-4,-7,-5,-3,-2,0,5,-7
18625,18625,1503688190374,-7,-10,1,1,-2,-4,-6,-17
18626,18626,1503688190389,16,15,-2,-1,2,4,14,72
18627,18627,1503688190396,-12,-4,-3,2,2,-2,-2,4
18628,18628,1503688190404,-18,-6,2,2,0,-1,-4,-23
18629,18629,1503688190411,17,13,3,-3,2,-1,1,10
18630,18630,1503688190427,-6,-7,-1,0,3,-1,-8,-16
18631,18631,1503688190433,17,-1,6,1,-2,1,8,23
18632,18632,1503688190441,7,-6,-3,-2,6,-2,0,4
18633,18633,1503688190458,-11,-3,-6,-3,-11,-2,0,-16
18634,18634,1503688190464,-7,-4,1,3,1,-3,-7,-19
18635,18635,1503688190471,-3,16,3,4,17,-2,-2,-15
18636,18636,1503688190494,-12,-3,6,-1,-6,-2,0,-28
18637,18637,1503688190495,3,-6,-4,-2,-4,-1,-4,0
18638,18638,1503688190508,-1,13,-2,-4,-1,0,0,6
18639,18639,1503688190517,-9,0,7,5,0,2,8,48
18640,18640,1503688190525,5,0,5,0,-6,0,1,-2
18641,18641,1503688190538,-11,-3,-6,-1,-3,-3,-8,-25
18642,18642,1503688190547,15,1,0,-1,-2,-2,2,9
18643,18643,1503688190554,15,9,1,0,1,-2,-1,-10
18644,18644,1503688190568,6,0,-3,-3,-5,-5,-1,-11
18645,18645,1503688190576,-10,-7,-7,-2,-4,-6,-3,-2
18646,18646,1503688190584,17,-5,-2,-1,-1,2,2,11
18647,18647,1503688190598,5,-5,-2,-1,-1,0,4,8
18648,18648,1503688190599,14,12,-1,-4,-4,2,1,11
18649,18649,1503688190607,-20,-2,3,2,3,3,-2,-6
18650,18650,1503688190613,4,-10,0,-6,-6,-1,-11,4
18651,18651,1503688190629,2,-3,0,1,4,0,-5,5
18652,18652,1503688190636,-8,-1,-7,0,4,0,1,-22
18653,18653,1503688190644,-11,4,-1,-1,-6,-4,-3,-2
18654,18654,1503688190658,8,1,4,1,3,-3,-3,-11
18655,18655,1503688190659,0,-7,-2,-1,0,2,0,3
18656,18656,1503688190666,-2,-2,-1,0,2,3,0,0
18657,18657,1503688190673,1,-1,-2,-2,-1,1,3,9
18658,18658,1503688190689,-5,-9,-6,-5,-4,-2,-5,5
18659,18659,1503688190696,-7,-5,0,-1,0,-2,2,-4
18660,18660,1503688190704,-13,-8,-2,-2,0,0,-1,-11
18661,18661,1503688190719,-1,-6,-3,2,0,-2,1,-11
18662,18662,1503688190726,-4,0,-2,-1,-2,0,-3,-18
18663,18663,1503688190733,-2,-4,-5,0,-2,-1,-2,-16
18664,18664,1503688190749,-14,-4,-9,-6,-1,-6,-1,13
18665,18665,1503688190751,6,6,16,4,7,-2,2,5
18666,18666,1503688190757,-11,-14,-6,-1,-12,1,-2,-8
18667,18667,1503688190764,-10,11,-2,2,-4,-2,-4,-8
18668,18668,1503688190779,-2,-4,0,-1,5,-2,-2,-1
18669,18669,1503688190787,-4,0,-3,0,3,3,3,2
18670,18670,1503688190793,9,8,-1,-2,-2,-1,-5,13
18671,18671,1503688190808,24,1,-1,-3,1,-3,0,28
18672,18672,1503688190818,-2,5,0,-2,-5,0,1,2
18673,18673,1503688190824,7,-2,3,-1,-3,-2,-3,10
18674,18674,1503688190838,-7,15,1,0,3,0,0,4
18675,18675,1503688190846,17,3,1,-1,1,2,-1,-5
18676,18676,1503688190847,-8,-14,-10,-3,-4,-1,-1,-3
18677,18677,1503688190854,2,20,9,0,0,-3,-7,-18
18678,18678,1503688190868,5,28,-2,-1,1,-2,1,-4
18679,18679,1503688190876,-3,-11,2,1,4,1,-1,-16
18680,18680,1503688190886,-12,-18,-6,-5,0,0,2,28
18681,18681,1503688190899,0,18,13,3,-8,0,0,9
18682,18682,1503688190906,4,-8,-1,1,-12,-7,-8,-17
18683,18683,1503688190913,-6,-3,-2,-4,5,5,-5,-8
18684,18684,1503688190914,-6,-10,-6,0,2,1,1,-1
18685,18685,1503688190928,-8,-4,1,0,-3,0,1,-12
18686,18686,1503688190936,-4,-3,-4,-3,0,1,1,-13
18687,18687,1503688190944,8,4,3,0,3,0,4,22
18688,18688,1503688190959,3,1,-5,-3,-1,-4,-3,12
18689,18689,1503688190966,-7,-12,-3,-2,2,-1,1,-20
18690,18690,1503688190973,-1,-3,-1,2,-2,0,0,-6
18691,18691,1503688190989,-8,1,1,0,2,0,0,-15
