,SampleNumber,TimeStamp,EMG1,EMG2,EMG3,EMG4,EMG5,EMG6,EMG7,EMG8
1047,1047,1503945990786,-16,-1,4,7,14,7,3,5
1048,1048,1503945990791,-3,-8,-6,-4,2,6,8,3
1049,1049,1503945990805,0,8,11,3,2,-4,-4,2
1050,1050,1503945990813,-11,-30,-30,-14,-3,-4,-5,-10
1051,1051,1503945990822,-1,2,6,3,2,7,5,10
1052,1052,1503945990836,24,10,-2,1,0,-3,-2,10
1053,1053,1503945990853,18,-4,1,1,5,-4,-1,-1
1054,1054,1503945990868,-41,-12,-2,1,-17,-4,-2,-3
1055,1055,1503945990873,-24,0,0,1,4,0,-2,-24
1056,1056,1503945990881,4,-7,-7,-1,-4,1,2,1
1057,1057,1503945990896,6,16,15,4,-1,-2,-5,8
1058,1058,1503945990904,17,2,14,0,-2,-3,-5,21
1059,1059,1503945990910,14,2,-2,-3,1,-3,-6,4
1060,1060,1503945990926,19,4,-10,-7,0,-3,-15,-52
1061,1061,1503945990933,1,3,6,3,2,-2,2,8
1062,1062,1503945990941,46,-1,-8,-3,2,13,1,31
1063,1063,1503945990956,-24,7,-2,0,1,-2,4,-5
1064,1064,1503945990964,0,-4,-3,-1,1,-7,6,23
1065,1065,1503945990970,-15,-3,-4,-2,0,-5,-9,-51
1066,1066,1503945990971,4,-5,-4,3,-2,12,8,36
1067,1067,1503945990987,4,-2,-3,1,-6,0,-4,-18
1068,1068,1503945990993,-54,-18,-5,1,4,8,-9,-29
1069,1069,1503945991001,-40,-3,0,-3,1,-5,4,-14
1070,1070,1503945991016,-19,3,4,0,2,23,0,-20
1071,1071,1503945991024,-27,9,8,3,2,-7,1,0
1072,1072,1503945991031,-47,-2,-2,0,1,0,-4,-12
1073,1073,1503945991046,-4,1,-7,-5,8,4,14,-1
1074,1074,1503945991054,36,-2,-3,-3,4,-6,-11,7
1075,1075,1503945991061,21,8,5,0,-5,-6,0,34
1076,1076,1503945991075,-4,0,-1,0,2,-10,-3,6
1077,1077,1503945991084,16,22,13,0,0,8,-1,5
1078,1078,1503945991092,-7,-20,16,4,-5,-7,-4,-45
1079,1079,1503945991105,37,-9,-11,-1,-4,-58,-6,-23
1080,1080,1503945991113,69,13,1,-4,-7,12,10,8
1081,1081,1503945991122,2,-3,2,8,6,14,-6,6
1082,1082,1503945991136,-6,-5,-11,-2,1,-8,0,16
1083,1083,1503945991144,-42,-11,-11,-7,-6,7,1,2
1084,1084,1503945991151,-16,15,11,0,0,7,7,23
1085,1085,1503945991166,-18,-10,-4,0,-2,1,-7,-16
1086,1086,1503945991173,-7,13,29,8,2,-5,-9,-13
1087,1087,1503945991181,16,-5,-12,-5,3,19,1,0
1088,1088,1503945991196,40,5,-8,-4,-1,-3,0,-2
1089,1089,1503945991204,-92,-16,-9,-3,-1,3,-2,-44
1090,1090,1503945991210,-12,-9,-12,-5,-7,-8,-4,8
1091,1091,1503945991226,-8,-5,0,1,-4,7,-3,6
1092,1092,1503945991233,8,8,4,2,-3,-12,5,-2
1093,1093,1503945991241,-2,-18,-11,-2,-2,-5,-12,-25
1094,1094,1503945991256,-56,35,8,1,2,-3,-4,-76
1095,1095,1503945991264,-12,1,8,2,-2,-4,-1,-3
1096,1096,1503945991270,77,-14,-7,0,0,4,1,15
1097,1097,1503945991286,24,-4,10,4,2,-1,4,2
1098,1098,1503945991293,29,6,-3,-4,-1,-3,1,35
1099,1099,1503945991301,82,-7,-9,-4,1,-3,3,21
1100,1100,1503945991324,31,-2,-11,-5,-5,-10,-3,-30
1101,1101,1503945991325,0,49,44,8,3,1,-5,-14
1102,1102,1503945991331,-23,-30,-25,-4,0,3,-1,6
1103,1103,1503945991346,-11,-7,-12,-4,-3,4,4,10
1104,1104,1503945991353,-22,-3,-1,-1,-5,5,1,49
1105,1105,1503945991362,21,12,-4,-4,-7,-4,-1,15
1106,1106,1503945991376,-47,2,-12,1,26,0,2,2
1107,1107,1503945991384,-16,3,0,-1,0,-4,-2,14
1108,1108,1503945991392,-5,8,-7,-3,-7,1,3,-8
1109,1109,1503945991406,-3,-3,-12,-3,-2,-2,-2,-8
1110,1110,1503945991413,12,1,-1,1,-2,-1,-1,10
1111,1111,1503945991423,12,-7,-6,-1,-2,2,6,11
1112,1112,1503945991435,-6,-16,0,-4,-6,-16,-2,-3
1113,1113,1503945991443,34,17,26,7,4,3,-1,7
1114,1114,1503945991458,17,-4,2,-1,-1,7,-2,-3
1791,1791,1503945998143,8,0,2,2,-1,-1,-5,-6
1792,1792,1503945998155,-13,0,13,7,1,2,3,26
1793,1793,1503945998162,9,1,-4,-2,-2,-4,2,13
1794,1794,1503945998171,18,5,-6,-4,-5,-1,-2,-11
1795,1795,1503945998184,-13,0,0,-2,-22,-8,-12,-4
1796,1796,1503945998192,-4,0,1,3,2,3,4,-3
1797,1797,1503945998200,-4,1,-4,-7,16,0,-5,-13
1798,1798,1503945998215,-8,-6,-5,-2,-11,-93,-12,-4
1799,1799,1503945998222,12,0,0,-1,-3,1,0,5
1800,1800,1503945998230,15,-1,-2,-1,7,16,-4,-8
1801,1801,1503945998244,-8,4,1,3,3,-7,5,-15
1802,1802,1503945998252,38,-1,-8,-4,-2,23,5,-7
1803,1803,1503945998260,-19,-16,-7,-5,-3,3,0,-11
1804,1804,1503945998275,-6,-3,-2,-1,-4,6,6,-4
1805,1805,1503945998282,11,2,0,0,6,2,0,-1
1806,1806,1503945998290,-8,-4,-2,-3,0,12,-2,2
1807,1807,1503945998305,-12,-2,1,4,-10,-6,2,1
1808,1808,1503945998313,-15,-3,-1,0,-2,8,-2,-9
1809,1809,1503945998320,17,2,0,-6,35,0,-2,3
1810,1810,1503945998335,0,3,-1,-2,6,16,-1,-3
1811,1811,1503945998343,-34,-12,-4,1,0,10,-4,-9
1812,1812,1503945998351,-30,9,-4,-4,-1,0,-3,-6
1813,1813,1503945998364,12,-8,4,1,-6,8,6,9
1814,1814,1503945998373,-33,-5,3,2,3,18,-4,-6
1815,1815,1503945998374,5,-11,-11,-4,-13,-47,1,-3
1816,1816,1503945998380,-13,5,-1,-1,-7,-5,-2,-2
1817,1817,1503945998395,11,1,3,-2,8,17,-5,14
1818,1818,1503945998402,41,5,0,-2,-5,-6,0,-4
1819,1819,1503945998410,-43,-2,1,0,24,29,-1,0
1820,1820,1503945998425,-13,-12,-3,5,0,8,4,7
1821,1821,1503945998432,63,-1,3,1,-1,27,-2,-8
1822,1822,1503945998433,-30,-2,-6,-3,-8,-44,0,4
1823,1823,1503945998441,27,12,22,4,-1,4,3,24
1824,1824,1503945998455,14,-3,-2,-2,-7,9,-1,2
1825,1825,1503945998462,2,0,-14,-6,-8,-10,-1,4
1826,1826,1503945998474,-6,9,14,1,-8,5,-8,-14
1827,1827,1503945998485,64,26,10,5,1,9,3,5
1828,1828,1503945998493,-4,-14,-10,0,-5,-25,4,-3
1829,1829,1503945998500,-28,-14,19,4,-2,-6,0,-6
1830,1830,1503945998522,24,2,-5,-1,-1,0,15,-7
1831,1831,1503945998523,-25,3,-9,-4,-1,-7,-2,-33
1832,1832,1503945998540,-14,4,8,2,-2,36,-10,-12
1833,1833,1503945998545,5,-3,-15,-3,-4,8,0,11
1834,1834,1503945998553,39,-5,1,4,-1,-5,-1,-1
1835,1835,1503945998560,-2,-17,-17,-7,-4,-3,3,91
1836,1836,1503945998577,8,5,16,5,3,6,0,11
1837,1837,1503945998582,-10,2,0,-3,-1,14,-2,-17
1838,1838,1503945998590,29,6,-11,-5,0,9,1,7
1839,1839,1503945998608,-22,-11,-5,1,2,0,-2,-13
1840,1840,1503945998613,-16,-8,-13,-3,0,4,-3,-15
1841,1841,1503945998620,-51,11,-13,-5,-2,-4,-3,-18
1842,1842,1503945998635,-20,0,4,1,0,-4,1,7
1843,1843,1503945998643,19,0,4,1,-2,-4,-4,-2
1844,1844,1503945998651,-32,-5,0,-3,-1,1,2,18
1845,1845,1503945998664,2,-1,-1,-5,-4,-9,-5,-11
1846,1846,1503945998675,20,-3,2,1,-3,-32,-7,-5
1847,1847,1503945998680,14,-10,-6,-3,0,-1,-1,1
1848,1848,1503945998695,14,-1,-5,-3,-2,8,-2,0
1849,1849,1503945998702,-12,-19,-14,-5,-4,-7,-7,-23
1850,1850,1503945998711,27,15,-8,-6,-5,3,-5,-9
1851,1851,1503945998724,28,4,7,0,-8,5,0,9
1852,1852,1503945998732,3,4,9,12,8,10,-1,-6
1853,1853,1503945998744,-10,4,3,0,-3,-2,-1,-11
1854,1854,1503945998755,-10,0,4,-3,-4,0,0,3
1855,1855,1503945998763,-12,5,-7,0,4,-1,-1,-21
1856,1856,1503945998771,-29,22,16,1,0,2,-1,-10
1857,1857,1503945998784,8,1,4,0,2,-2,-2,-6
1858,1858,1503945998792,30,-8,-7,-1,2,17,-3,5
2561,2561,1503946005753,-24,-19,-10,-3,11,-4,-10,1
2562,2562,1503946005760,1,-17,0,-4,-15,19,2,-3
2563,2563,1503946005775,7,-5,-7,-1,2,4,1,-2
2564,2564,1503946005782,-8,8,5,1,8,9,2,-2
2565,2565,1503946005790,-19,1,2,1,-5,-6,8,12
2566,2566,1503946005805,-7,0,-5,-3,-3,-2,-6,-29
2567,2567,1503946005813,-7,3,8,10,7,16,6,16
2568,2568,1503946005820,36,6,3,-1,-1,-4,-7,8
2569,2569,1503946005835,8,-7,-6,-4,-14,-14,0,-11
2570,2570,1503946005842,17,14,6,-3,0,2,-7,-16
2571,2571,1503946005850,15,10,-1,-6,3,9,-7,-10
2572,2572,1503946005865,-12,-6,-7,-7,-6,0,1,8
2573,2573,1503946005873,-6,-3,4,2,6,25,-4,-13
2574,2574,1503946005880,43,4,6,4,5,-2,1,-6
2575,2575,1503946005895,-9,5,6,0,-3,6,23,18
2576,2576,1503946005902,-10,-16,-11,0,-2,-3,5,9
2577,2577,1503946005910,-64,-20,-17,-7,-7,-20,-10,-3
2578,2578,1503946005925,-19,-1,-2,0,0,3,20,55
2579,2579,1503946005934,59,8,-1,-3,-3,-10,-3,-8
2580,2580,1503946005947,-40,-15,-15,-6,2,0,3,10
2581,2581,1503946005955,38,13,9,5,1,-7,1,8
2582,2582,1503946005962,23,9,6,0,-2,-6,-5,-2
2583,2583,1503946005970,46,-8,-1,1,2,1,-12,-26
2584,2584,1503946005985,20,3,-13,-2,0,6,-2,-23
2585,2585,1503946005993,16,2,11,2,0,6,-6,14
2586,2586,1503946006000,46,-3,5,4,3,-4,1,41
2587,2587,1503946006015,37,0,-6,-4,-1,-5,6,-2
2588,2588,1503946006022,-28,-10,-3,-6,-3,-3,-7,-15
2589,2589,1503946006030,-38,4,5,3,2,-3,9,10
2590,2590,1503946006045,-44,-1,-7,-4,-3,-1,-13,-25
2591,2591,1503946006053,-22,5,-4,-2,-6,-8,-14,-59
2592,2592,1503946006060,-7,-3,2,2,0,-3,-11,-16
2593,2593,1503946006075,-10,4,2,-1,-1,1,4,18
2594,2594,1503946006082,8,-13,-13,-4,-3,-4,-5,-25
2595,2595,1503946006091,9,-4,5,-1,0,-2,8,8
2596,2596,1503946006105,-10,6,3,-1,0,-2,-1,-4
2597,2597,1503946006113,18,-11,-1,-3,-2,-1,-7,7
2598,2598,1503946006120,-1,-8,-5,-5,-2,2,-1,-16
2599,2599,1503946006135,-25,-18,-15,-2,0,0,2,7
2600,2600,1503946006142,6,-1,-4,0,-3,-3,5,4
2601,2601,1503946006159,23,-7,-2,-1,-2,-3,-5,35
2602,2602,1503946006160,-17,-15,-14,-5,-4,6,-3,-13
2603,2603,1503946006165,-10,11,12,6,5,4,1,-1
2604,2604,1503946006173,-17,-1,-1,2,2,-3,0,-9
2605,2605,1503946006180,-13,4,-6,-3,-3,-3,-4,5
2606,2606,1503946006195,-16,-12,-11,-1,0,-7,-20,-40
2607,2607,1503946006202,-24,34,10,1,-2,-2,0,-13
2608,2608,1503946006210,31,9,4,2,-1,2,16,96
2609,2609,1503946006226,4,-9,-4,-1,-3,-26,-4,7
2610,2610,1503946006233,-14,2,5,3,2,5,7,-14
2611,2611,1503946006240,-2,0,2,-4,1,7,3,-10
2612,2612,1503946006255,-12,3,-5,-4,-1,-5,-3,-25
2613,2613,1503946006262,-17,11,20,3,0,-8,4,17
2614,2614,1503946006263,8,-9,-3,-2,1,6,-3,-6
2615,2615,1503946006270,14,2,1,-2,-1,2,0,8
2616,2616,1503946006285,0,1,0,1,-2,2,1,25
2617,2617,1503946006294,-4,12,9,-2,0,0,0,26
2618,2618,1503946006300,-4,-23,-6,-2,-1,-1,-3,-31
2619,2619,1503946006315,-2,5,-5,-2,0,1,5,33
2620,2620,1503946006322,11,-8,-10,-5,-2,14,0,17
2621,2621,1503946006337,-13,2,9,3,-6,-3,-3,4
2622,2622,1503946006345,15,6,3,-4,8,-4,-4,0
2623,2623,1503946006353,1,2,4,3,5,0,-10,-18
2624,2624,1503946006371,-13,3,6,-2,-4,4,4,-3
2625,2625,1503946006375,-1,7,-3,-3,-5,-6,-5,-17
2626,2626,1503946006383,12,3,-4,0,0,-3,9,12
2627,2627,1503946006397,13,6,4,2,-4,-6,-7,-11
2628,2628,1503946006405,-30,-5,-1,-6,-3,-4,-6,-3
2629,2629,1503946006413,-25,-3,2,15,24,2,1,-10
2630,2630,1503946006430,5,3,8,49,30,3,-5,-6
2631,2631,1503946006444,21,-7,9,-10,-7,2,0,5
2632,2632,1503946006457,19,-17,-14,-9,-7,-2,2,11
2633,2633,1503946006465,11,1,-7,-8,-8,-3,-1,9
2634,2634,1503946006473,33,-5,1,-5,-3,16,5,2
2635,2635,1503946006487,-38,-2,-1,-4,-6,5,1,-3
2636,2636,1503946006496,-29,2,-1,-2,0,2,-5,-8
2637,2637,1503946006503,7,2,-3,-7,4,-7,5,-3
2638,2638,1503946006517,-25,-11,-12,0,1,-10,14,-11
2639,2639,1503946006525,2,-7,-6,-8,-11,-8,-15,-9
2640,2640,1503946006533,-45,14,12,5,1,-4,-1,-9
2641,2641,1503946006547,24,3,6,-3,-4,1,4,21
3247,3247,1503946012480,11,2,-5,-3,-5,-28,3,-4
3248,3248,1503946012487,7,-1,1,-1,1,10,3,16
3249,3249,1503946012505,0,1,-3,0,-1,-5,1,13
3250,3250,1503946012510,-24,-1,-2,-2,-2,3,0,6
3251,3251,1503946012525,15,4,0,-4,-17,-1,13,13
3252,3252,1503946012532,43,6,9,8,-4,-9,-5,13
3253,3253,1503946012541,-19,8,1,-1,-8,4,-5,-3
3254,3254,1503946012547,32,5,1,0,-2,-9,-2,6
3255,3255,1503946012548,8,-9,-6,-4,2,-3,1,-2
3256,3256,1503946012562,-6,-10,-5,4,23,-1,-3,3
3257,3257,1503946012571,-5,5,3,0,2,7,1,-5
3258,3258,1503946012578,0,-3,-1,-4,-14,20,-4,3
3259,3259,1503946012592,24,-3,-3,-1,-2,-26,0,-15
3260,3260,1503946012608,-4,-9,-5,-3,0,4,3,3
3261,3261,1503946012623,-7,-4,-10,-6,11,-7,-7,-6
3262,3262,1503946012629,1,11,5,1,3,15,25,20
3263,3263,1503946012639,-4,1,-2,-5,-11,7,4,-2
3264,3264,1503946012652,-45,-2,4,2,-11,-10,-5,-15
3265,3265,1503946012660,-17,0,0,2,-3,14,-1,-5
3266,3266,1503946012667,-37,-4,-7,-2,-6,5,-11,-44
3267,3267,1503946012682,-20,-2,-4,-4,-4,-4,-4,-10
3268,3268,1503946012689,24,-1,-11,-6,1,-2,-3,0
3269,3269,1503946012698,-6,6,6,5,5,-4,5,14
3270,3270,1503946012712,-18,0,0,0,-3,-17,1,18
3271,3271,1503946012720,20,-2,-2,0,-1,11,-1,-9
3272,3272,1503946012727,26,4,4,1,2,-6,-7,-6
3273,3273,1503946012742,17,-5,8,4,3,-8,6,1
3274,3274,1503946012749,-42,-9,-7,-5,-7,4,-12,-25
3275,3275,1503946012750,-31,-4,-1,0,6,1,-3,10
3276,3276,1503946012758,-23,6,-5,-1,1,-1,-14,-84
3277,3277,1503946012772,40,12,3,2,-2,2,1,6
3278,3278,1503946012781,10,3,-4,-1,-3,-3,5,24
3279,3279,1503946012787,0,2,-5,4,26,11,-9,-29
3280,3280,1503946012802,-10,-6,-4,-5,-5,6,-10,4
3281,3281,1503946012810,18,-3,0,-1,-5,-8,4,16
3282,3282,1503946012818,14,-10,-6,-6,15,-19,-5,11
3283,3283,1503946012832,-46,-8,4,2,-4,4,-1,-4
3284,3284,1503946012846,2,7,2,0,-7,12,-1,-8
3285,3285,1503946012849,12,-2,0,-2,1,5,-2,3
3286,3286,1503946012862,-44,-10,-3,-2,-4,7,6,23
3287,3287,1503946012869,-19,-2,0,-1,-5,-5,-3,-13
3288,3288,1503946012878,0,-7,2,0,-29,-6,0,11
3289,3289,1503946012893,5,5,3,11,10,-2,-2,1
3290,3290,1503946012900,7,14,0,-2,1,-3,-4,5
3291,3291,1503946012915,11,-8,6,-2,-1,6,1,3
3292,3292,1503946012922,10,4,3,0,-3,-5,4,5
3293,3293,1503946012929,-17,-1,0,-4,2,0,1,-10
3294,3294,1503946012945,11,-4,-13,-5,-2,-5,0,3
3295,3295,1503946012952,7,4,5,2,-2,1,-1,-2
3296,3296,1503946012960,-13,-4,-6,0,7,1,0,0
3297,3297,1503946012974,19,7,-4,-10,-14,-7,-6,-7
3298,3298,1503946012982,6,0,0,3,7,1,3,12
3299,3299,1503946012989,-6,-1,-15,-7,-8,-2,-3,5
3300,3300,1503946013005,-1,16,21,4,-2,15,6,3
3301,3301,1503946013012,32,1,-6,-5,13,3,1,6
3302,3302,1503946013020,1,-2,1,1,1,2,-3,5
3303,3303,1503946013034,13,3,0,-1,-5,-2,-5,14
3304,3304,1503946013042,-7,-11,-3,-2,-1,-3,3,-5
3305,3305,1503946013049,3,-2,4,1,-22,-4,1,0
3306,3306,1503946013064,2,0,-7,-1,-3,-10,-2,1
3307,3307,1503946013075,-15,-1,4,7,17,3,-1,-5
3308,3308,1503946013080,5,-1,-7,-1,3,-5,-5,-5
3309,3309,1503946013094,-9,-6,-3,-1,18,-1,6,30
3310,3310,1503946013102,1,-6,-10,-8,-2,-8,-12,-25
3311,3311,1503946013110,-12,1,3,2,-8,-1,-4,-5
3312,3312,1503946013124,6,-13,-6,-3,-1,2,4,14
3313,3313,1503946013132,-11,-5,0,3,0,-4,-6,-21
3314,3314,1503946013144,17,3,3,4,0,0,-6,-11
4091,4091,1503946020841,-1,-3,5,1,0,-2,4,6
4092,4092,1503946020849,15,7,5,3,3,3,-3,-17
4093,4093,1503946020864,24,1,-1,0,1,-3,0,25
4094,4094,1503946020872,-16,-8,-7,-3,-4,-6,-5,-9
4095,4095,1503946020887,-18,1,0,0,15,-1,-3,-7
4096,4096,1503946020895,10,3,-2,-2,19,6,-5,8
4097,4097,1503946020902,-6,-1,-1,5,-6,1,-4,3
4098,4098,1503946020909,1,7,-5,-4,-2,-4,1,-3
4099,4099,1503946020925,-12,-14,-18,-8,-3,-2,-5,-15
4100,4100,1503946020932,-7,3,7,4,-2,-4,2,-2
4101,4101,1503946020947,12,6,3,0,-3,-2,3,-1
4102,4102,1503946020954,24,-7,-3,-2,-3,16,6,21
4103,4103,1503946020963,15,6,3,-2,-4,-4,-3,2
4104,4104,1503946020970,-9,1,6,5,2,-3,-2,2
4105,4105,1503946020991,-11,-6,-2,-3,10,-3,1,-2
4106,4106,1503946020992,-15,-2,-7,-6,-13,-5,-5,-8
4107,4107,1503946021007,-8,5,9,4,0,-1,1,-7
4108,4108,1503946021014,3,0,9,0,-5,-6,2,4
4109,4109,1503946021022,8,-9,-3,0,-6,-2,-3,7
4110,4110,1503946021030,14,-3,-5,0,2,-4,0,7
4111,4111,1503946021045,-6,-6,0,-1,-1,2,-6,-30
4112,4112,1503946021051,-2,-4,-6,-2,0,-6,-7,-25
4113,4113,1503946021067,-9,-4,-7,-3,-6,-1,2,12
4114,4114,1503946021074,18,-3,-9,0,-1,0,1,-4
4115,4115,1503946021082,-5,5,3,-2,1,-1,0,1
4116,4116,1503946021089,-9,-2,7,1,-5,-25,-2,-3
4117,4117,1503946021106,-24,-1,2,-1,-1,-1,2,10
4118,4118,1503946021111,0,-4,-6,-1,-3,0,-10,-1
4119,4119,1503946021127,2,-2,2,-1,-1,3,-2,-3
4120,4120,1503946021134,-34,-2,1,1,1,4,3,-6
4121,4121,1503946021142,9,6,-2,-2,-5,1,0,14
4122,4122,1503946021149,20,-5,-8,-4,-12,0,-1,-8
4123,4123,1503946021165,-7,-5,-3,0,7,-1,2,-2
4124,4124,1503946021172,-13,1,2,0,-1,4,-2,-1
4125,4125,1503946021187,9,2,-1,-3,-2,2,0,-3
4126,4126,1503946021194,-7,1,0,-1,9,5,4,10
4127,4127,1503946021202,-2,-2,-2,1,7,-3,-1,0
4128,4128,1503946021209,-14,-3,-1,-1,-6,0,0,-2
4129,4129,1503946021225,-10,4,2,1,-7,-3,-4,-7
4130,4130,1503946021232,11,-1,-1,0,2,0,-1,-13
4131,4131,1503946021247,-13,-2,-4,-2,0,-1,1,19
4132,4132,1503946021254,-12,-1,-4,-4,1,-2,7,-2
4133,4133,1503946021262,8,21,15,7,5,15,3,-6
4134,4134,1503946021269,-3,7,6,0,-10,1,1,3
4135,4135,1503946021285,22,-11,-10,-6,-8,-16,-8,-13
4136,4136,1503946021292,-24,3,14,4,8,13,-5,1
4137,4137,1503946021307,34,4,-5,-3,-3,-1,0,25
4138,4138,1503946021314,-12,-10,-4,-6,1,0,-1,2
4139,4139,1503946021322,-18,-6,-6,-4,17,-1,5,1
4140,4140,1503946021337,14,7,8,0,-1,-2,0,11
4141,4141,1503946021345,-3,-14,-2,-4,-12,0,-2,-21
4142,4142,1503946021352,0,5,21,9,4,-4,-2,-9
4143,4143,1503946021369,4,-5,-1,2,-5,0,-1,-7
4144,4144,1503946021375,16,-3,-14,3,1,-4,-3,-6
4145,4145,1503946021382,-8,-2,1,2,-1,-3,0,-6
4146,4146,1503946021399,19,0,-12,-9,-4,-2,1,1
4147,4147,1503946021405,-18,-2,-4,-4,-4,-1,-3,-5
4148,4148,1503946021411,-2,14,23,14,9,-1,0,5
4149,4149,1503946021427,9,1,-2,-1,-3,1,-1,-2
4150,4150,1503946021434,-12,7,-11,-5,-10,-2,-3,-9
4151,4151,1503946021442,-1,5,6,4,9,1,1,1
4152,4152,1503946021457,-11,-15,-11,-11,-4,-5,-3,-7
4153,4153,1503946021466,10,-1,-2,4,4,-3,-1,2
4154,4154,1503946021472,0,2,-6,0,5,-1,1,1
4155,4155,1503946021487,-2,-4,-10,-9,-13,-4,3,5
4156,4156,1503946021494,2,-9,-9,-3,-1,-14,2,1
4157,4157,1503946021503,-7,-9,0,1,1,-4,-6,8
4158,4158,1503946021517,8,7,2,-3,-4,5,1,4
4159,4159,1503946021525,-2,-5,-2,3,15,-2,-4,-7
4160,4160,1503946021535,-3,-6,-3,-2,-10,-2,-2,1
4161,4161,1503946021547,-1,4,1,-1,0,3,-3,-8
4162,4162,1503946021554,10,-1,2,6,30,-8,4,6
4163,4163,1503946021569,-1,1,-2,-5,-7,-8,5,3
4164,4164,1503946021576,0,-5,3,-1,-2,0,-1,2
4911,4911,1503946028941,10,2,4,4,-2,-4,1,37
4912,4912,1503946028958,9,-2,-6,-7,-27,7,-2,-7
4913,4913,1503946028964,12,6,-2,2,4,-7,0,0
4914,4914,1503946028972,-2,-1,-3,-1,6,-5,-4,-2
4915,4915,1503946028986,-4,-3,0,-5,-6,-1,2,-3
4916,4916,1503946028994,5,-7,4,3,0,2,1,14
4917,4917,1503946029001,7,-3,-3,-2,-13,-5,-1,-10
4918,4918,1503946029017,-1,2,-1,2,-4,-3,-1,14
4919,4919,1503946029026,-16,-7,-5,-2,-6,-4,-2,-18
4920,4920,1503946029027,-11,-2,-3,-3,0,-1,-2,-17
4921,4921,1503946029032,-20,-1,-4,-3,-5,-1,3,-11
4922,4922,1503946029045,-3,0,-2,1,-11,0,-1,-1
4923,4923,1503946029054,-2,-5,-7,-3,5,-7,-3,-4
4924,4924,1503946029061,18,1,3,0,36,-6,-1,-6
4925,4925,1503946029076,-7,-2,3,3,1,-4,-2,2
4926,4926,1503946029086,-3,-1,-1,2,2,-2,-1,-6
4927,4927,1503946029092,-14,2,-4,-7,8,-1,-2,-25
4928,4928,1503946029105,-21,-4,4,2,-5,5,0,2
4929,4929,1503946029114,-2,4,-4,-6,-14,-1,-3,15
4930,4930,1503946029122,24,-6,-3,0,4,0,-6,6
4931,4931,1503946029136,0,-3,1,2,1,2,0,-5
4932,4932,1503946029144,2,4,0,-2,-3,2,3,25
4933,4933,1503946029153,10,-4,-2,-3,-1,-2,2,-3
4934,4934,1503946029166,-12,0,1,0,1,16,0,-17
4935,4935,1503946029174,6,0,-2,-3,-2,-3,-1,5
4936,4936,1503946029181,12,-5,-4,-2,-1,-24,-3,6
4937,4937,1503946029196,-5,-3,0,-1,-2,-1,-3,7
4938,4938,1503946029204,17,2,-2,-2,-4,5,0,1
4939,4939,1503946029212,13,-3,0,-1,-3,1,-3,-14
4940,4940,1503946029226,-13,1,-3,-5,-12,-8,0,2
4941,4941,1503946029234,-3,0,2,3,4,6,1,2
4942,4942,1503946029248,0,0,2,1,-1,4,1,0
4943,4943,1503946029257,0,5,11,4,-2,-2,-4,1
4944,4944,1503946029270,-18,-2,-2,-1,-4,1,-2,1
4945,4945,1503946029271,2,-3,-3,1,3,-2,0,5
4946,4946,1503946029272,-5,-6,-7,-3,17,-1,7,-10
4947,4947,1503946029287,-2,4,3,1,1,3,0,-5
4948,4948,1503946029294,-12,-3,-5,-2,-5,-35,-8,2
4949,4949,1503946029301,-9,2,4,5,0,-5,-4,-17
4950,4950,1503946029316,-22,-7,-2,-3,-11,4,2,3
4951,4951,1503946029324,0,-4,-4,-5,-3,0,-3,-10
4952,4952,1503946029332,10,2,-3,0,-2,2,1,-2
4953,4953,1503946029345,-1,1,0,0,8,10,2,1
4954,4954,1503946029354,-1,0,-3,-3,-9,-4,2,7
4955,4955,1503946029362,-7,0,-5,-3,-7,-5,-3,-2
4956,4956,1503946029376,-50,-7,-2,-2,22,19,-3,-3
4957,4957,1503946029384,-1,-2,0,3,13,6,6,0
4958,4958,1503946029392,18,3,2,0,-3,4,-3,-5
4959,4959,1503946029406,-30,-3,-4,-3,-5,1,-5,-3
4960,4960,1503946029414,15,-1,-3,0,-6,3,-2,-3
4961,4961,1503946029422,12,8,3,2,-6,-4,3,11
4962,4962,1503946029436,3,-4,-4,-2,-5,-5,0,2
4963,4963,1503946029444,9,-2,-4,-8,-12,-4,-4,-1
4964,4964,1503946029452,19,12,8,5,6,27,-4,4
4965,4965,1503946029466,-12,-4,1,0,0,12,2,-2
4966,4966,1503946029474,-27,-7,-8,-9,-22,-18,-1,-2
4967,4967,1503946029481,16,-1,1,0,0,-3,-3,4
4968,4968,1503946029498,1,-12,-6,-1,-3,-4,11,-11
5587,5587,1503946035601,4,-2,-5,-2,-1,-2,8,-12
5588,5588,1503946035608,-15,-2,0,-3,1,-2,-2,9
5589,5589,1503946035626,-5,-3,-4,-3,9,7,-5,2
5590,5590,1503946035638,-1,-3,0,-1,5,3,1,-3
5591,5591,1503946035640,5,3,-2,1,-1,0,-1,6
5592,5592,1503946035653,11,-3,10,6,3,-4,-2,2
5593,5593,1503946035662,9,-5,-7,-4,-6,-3,-3,-14
5594,5594,1503946035668,-5,0,-7,-2,-3,-7,-1,25
5595,5595,1503946035683,-5,1,1,1,-8,-37,-12,5
5596,5596,1503946035693,9,0,-4,0,-2,2,8,1
5597,5597,1503946035694,-10,-2,-3,-2,10,1,2,-6
5598,5598,1503946035699,-6,1,0,1,1,5,-5,2
5599,5599,1503946035713,0,0,-2,-2,0,-5,-2,-8
5600,5600,1503946035721,-16,-10,-2,-3,-10,4,3,3
5601,5601,1503946035729,10,1,-1,-3,-16,3,15,1
5602,5602,1503946035743,-9,-2,4,3,-4,4,1,3
5603,5603,1503946035751,4,2,-1,-3,1,0,-1,0
5604,5604,1503946035761,-21,1,4,3,3,-5,3,11
5605,5605,1503946035773,-19,-3,0,2,0,10,-2,-6
5606,5606,1503946035781,0,-3,-4,-2,3,1,-1,-6
5607,5607,1503946035788,1,1,-2,-1,6,-5,-7,-9
5608,5608,1503946035804,-10,-4,-1,2,-3,4,2,-10
5609,5609,1503946035811,9,3,-4,-1,-7,-9,10,-4
5610,5610,1503946035819,3,1,0,2,-11,0,7,-1
5611,5611,1503946035833,-12,0,3,3,13,-4,-7,-4
5612,5612,1503946035841,-16,3,2,-4,0,1,-1,0
5613,5613,1503946035848,4,5,2,-2,-2,-1,-8,0
5614,5614,1503946035863,12,2,-6,0,-3,0,-5,-1
5615,5615,1503946035871,2,1,4,-1,-4,-3,0,7
5616,5616,1503946035879,-18,-5,-6,-7,-2,-24,-8,-6
5617,5617,1503946035893,17,-3,-2,-1,6,2,-4,20
5618,5618,1503946035902,36,3,0,-2,3,10,2,-9
5619,5619,1503946035908,-9,0,-2,0,-11,7,-11,7
5620,5620,1503946035924,-5,-5,-1,-1,-1,4,0,0
5621,5621,1503946035931,-5,-9,-5,-1,-8,-4,3,-6
5622,5622,1503946035939,6,3,1,0,8,7,-1,0
5623,5623,1503946035952,15,6,-1,-2,12,-1,-3,2
5624,5624,1503946035953,-4,-3,-6,0,-10,-4,1,-7
5625,5625,1503946035961,-4,-3,-6,-4,-2,-4,-1,-7
5626,5626,1503946035969,10,1,-1,-2,5,-7,1,-1
5627,5627,1503946035983,21,10,-3,0,-3,-2,-3,7
5628,5628,1503946035999,-19,0,3,-1,-2,0,-3,-11
5629,5629,1503946036002,-16,-6,-5,-1,2,10,3,-4
5630,5630,1503946036013,7,3,-3,0,-1,-2,2,-7
5631,5631,1503946036035,-11,-14,-7,-1,1,-6,0,-2
5632,5632,1503946036044,-47,-3,3,0,-2,-17,0,5
5633,5633,1503946036051,6,0,-4,-3,1,-2,1,-2
5634,5634,1503946036072,22,-1,1,-1,0,1,-4,-14
5635,5635,1503946036075,-4,1,3,-1,1,1,-4,18
5636,5636,1503946036081,15,2,-5,-3,1,3,-1,-3
5637,5637,1503946036096,7,2,-1,-1,-1,11,16,-11
5638,5638,1503946036104,8,0,-4,-2,0,8,-3,-22
5639,5639,1503946036110,-24,-5,0,0,2,13,-10,-15
5640,5640,1503946036118,-14,10,17,4,0,4,6,7
5641,5641,1503946036133,9,3,4,2,0,-6,-5,-1
5642,5642,1503946036141,15,-1,-3,2,-2,-6,0,5
5643,5643,1503946036148,-21,-10,-2,1,3,-6,-2,-4
5644,5644,1503946036164,3,2,2,-1,-1,-4,-2,16
5645,5645,1503946036170,18,4,5,1,-2,3,-1,-3
5646,5646,1503946036178,22,-4,-5,0,0,-1,1,10
5647,5647,1503946036196,-15,1,-5,-1,10,13,1,1
5648,5648,1503946036201,-5,-1,2,-2,1,0,0,-9
5649,5649,1503946036215,30,8,3,1,-2,-8,-2,22
5650,5650,1503946036223,6,-1,-6,-1,-3,0,0,1
5651,5651,1503946036230,-2,-2,-6,-6,-5,9,-2,5
5652,5652,1503946036246,12,-6,-5,-1,-2,1,-2,9
5653,5653,1503946036253,-3,0,8,2,-2,-9,2,-16
5654,5654,1503946036262,11,-2,-5,-4,-1,-5,-3,-6
5655,5655,1503946036275,-6,-3,-9,-1,0,-4,-3,5
5656,5656,1503946036283,-5,0,0,-3,2,12,-4,-4
5657,5657,1503946036290,-9,3,3,-1,-5,-2,2,-1
5658,5658,1503946036306,7,3,3,3,-1,-3,0,-2
5659,5659,1503946036313,6,-5,-5,-2,-9,-3,-7,-31
5660,5660,1503946036321,0,-2,3,-1,-2,7,-2,26
5661,5661,1503946036335,21,-4,4,1,-2,-5,-6,5
6414,6414,1503946043733,-10,0,3,1,4,4,-1,-8
6415,6415,1503946043746,5,3,1,2,0,4,2,8
6416,6416,1503946043753,-7,2,-1,-1,-2,-13,-7,0
6417,6417,1503946043761,25,1,-1,-3,0,-6,5,7
6418,6418,1503946043776,1,-5,-5,-9,-2,0,-2,-4
6419,6419,1503946043784,-13,-1,2,2,-4,2,-2,-8
6420,6420,1503946043791,1,-1,5,3,0,-7,-4,-1
6421,6421,1503946043806,17,6,8,1,-1,-3,0,-9
6422,6422,1503946043813,-5,6,-4,2,6,-1,-1,-5
6423,6423,1503946043821,-19,-11,-23,-5,-4,-8,-4,15
6424,6424,1503946043843,-21,-4,-1,2,-2,2,-1,-7
6425,6425,1503946043844,2,3,-3,-2,-1,1,-1,9
6426,6426,1503946043851,-14,-2,-6,-3,-3,5,-1,-19
6427,6427,1503946043867,4,-8,-3,-2,-16,-3,1,-8
6428,6428,1503946043873,11,2,4,-1,13,-15,-3,-1
6429,6429,1503946043881,-7,-4,-1,-2,17,1,1,-4
6430,6430,1503946043896,1,-3,0,-2,-2,11,0,5
6431,6431,1503946043904,7,3,1,-1,-8,-5,-1,7
6432,6432,1503946043911,-13,-19,-15,-10,-3,0,-1,-3
6433,6433,1503946043926,19,2,2,4,0,-7,-4,0
6434,6434,1503946043933,9,-1,-4,-1,-8,0,5,9
6435,6435,1503946043942,4,5,-3,-1,3,1,-5,1
6436,6436,1503946043955,-17,-3,1,-3,-3,6,-13,-15
6437,6437,1503946043971,-9,1,2,2,11,1,0,-9
6438,6438,1503946043972,4,8,3,0,-4,-2,1,4
6439,6439,1503946043985,-18,-2,-3,2,-6,-1,-3,-4
6440,6440,1503946043993,12,-4,-15,-5,-4,6,-1,6
6441,6441,1503946044001,55,11,9,-2,0,0,5,44
6442,6442,1503946044016,29,9,3,4,3,-5,1,-16
6443,6443,1503946044024,-38,-11,-5,-6,-7,-17,-4,-15
6444,6444,1503946044030,-7,-1,3,1,5,5,3,-5
6445,6445,1503946044045,8,7,2,0,1,-7,0,3
6446,6446,1503946044046,0,-2,1,-5,-35,10,-2,-7
6447,6447,1503946044053,-15,-9,-3,3,5,-2,1,-1
6448,6448,1503946044061,-4,14,-4,-9,-3,-3,-7,-2
6449,6449,1503946044076,-1,-5,-7,-2,4,-4,1,6
6450,6450,1503946044084,-8,-10,-16,-4,0,-3,0,-5
6451,6451,1503946044091,-11,0,5,4,1,4,-2,-9
6452,6452,1503946044106,17,-7,-5,-2,7,17,1,-3
6453,6453,1503946044113,1,4,9,1,0,2,13,20
6454,6454,1503946044121,-9,-3,7,-1,-9,-1,1,-12
6455,6455,1503946044136,3,4,1,6,5,-1,-3,7
6456,6456,1503946044143,-6,-2,7,1,2,-1,-2,-2
6457,6457,1503946044150,-7,7,-3,-7,-11,-8,-3,2
6458,6458,1503946044166,-15,-9,-6,2,6,-5,-1,-9
6459,6459,1503946044180,18,13,15,5,3,2,-1,1
6460,6460,1503946044182,-15,-13,-10,0,4,0,2,4
6461,6461,1503946044195,-9,-4,-2,1,-5,1,0,1
6462,6462,1503946044205,-2,4,4,3,5,-4,-4,1
6463,6463,1503946044210,11,-3,-3,-7,-4,0,-6,4
6464,6464,1503946044226,6,0,4,-4,32,-5,2,7
6465,6465,1503946044235,3,1,-4,-4,-18,-3,-5,-7
6466,6466,1503946044241,-20,-7,3,-1,-7,-1,-4,-12
6467,6467,1503946044256,5,6,2,-4,3,2,0,7
6468,6468,1503946044264,14,0,-5,0,-6,-5,-3,0
6469,6469,1503946044271,17,8,12,5,-1,-1,2,5
6470,6470,1503946044285,10,8,19,6,-1,-7,-4,-8
6471,6471,1503946044293,-10,-6,-4,-1,1,-1,1,13
6472,6472,1503946044302,-20,-4,-5,-4,-1,19,4,0
6473,6473,1503946044316,-4,-7,0,-1,3,27,-1,-10
6474,6474,1503946044324,15,1,-3,1,-4,-9,-2,-2
6475,6475,1503946044330,0,0,0,7,18,14,2,-15
6476,6476,1503946044346,40,6,6,0,-5,-7,-2,14
6477,6477,1503946044353,-20,-4,-12,-5,-3,-12,-3,1
6478,6478,1503946044361,-15,-5,4,4,-8,1,5,1
7294,7294,1503946052362,16,3,-10,-4,-9,-2,-2,1
7295,7295,1503946052378,29,3,7,5,0,1,3,11
7296,7296,1503946052386,-17,3,-4,6,7,3,3,2
7297,7297,1503946052393,-6,10,5,4,1,1,5,5
7298,7298,1503946052410,21,-4,4,-2,16,-2,-4,8
7299,7299,1503946052415,17,-10,-6,-6,-21,-3,-4,-3
7300,7300,1503946052423,-2,3,2,-6,-20,-3,-3,-7
7301,7301,1503946052438,1,-1,-11,-9,-14,-2,-2,0
7302,7302,1503946052445,7,10,6,10,-11,-1,0,6
7303,7303,1503946052452,3,6,4,3,-7,-3,2,1
7304,7304,1503946052453,-11,-21,-13,-1,36,-3,-3,-12
7305,7305,1503946052467,-3,4,6,3,-2,-4,-3,3
7306,7306,1503946052476,7,0,-1,-4,-8,-39,-5,8
7307,7307,1503946052482,10,-3,-2,-10,-1,1,-5,-3
7308,7308,1503946052498,-17,-12,-10,-2,-9,11,-4,-9
7309,7309,1503946052504,2,-2,1,17,30,4,-4,-6
7310,7310,1503946052513,14,4,4,-3,30,7,8,20
7311,7311,1503946052527,-6,-9,-9,-12,-19,-3,3,-2
7312,7312,1503946052535,-6,0,0,-1,-14,5,-2,-15
7313,7313,1503946052547,23,2,0,-7,4,-2,4,3
7314,7314,1503946052558,9,2,-2,-8,-9,-5,-3,0
7315,7315,1503946052566,-12,-4,-3,5,-3,-4,-2,-4
7316,7316,1503946052572,20,12,12,17,33,11,5,10
7317,7317,1503946052588,-2,4,3,14,34,7,0,-4
7318,7318,1503946052595,-31,-17,1,-6,4,-4,-3,-19
7319,7319,1503946052614,2,4,6,2,-2,1,13,6
7320,7320,1503946052618,2,-1,-6,0,-12,-3,-1,5
7321,7321,1503946052626,-3,-2,-13,-11,5,0,0,4
7322,7322,1503946052633,10,-3,-7,-7,-15,1,1,14
7323,7323,1503946052648,-28,-19,-8,-4,24,-2,-12,-21
7324,7324,1503946052655,-15,-3,-4,8,4,1,0,-3
7325,7325,1503946052671,1,7,4,-4,-16,1,-4,-1
7326,7326,1503946052681,11,2,8,0,-5,6,1,-2
7327,7327,1503946052692,-12,0,4,0,-5,-1,2,3
7328,7328,1503946052694,-3,0,10,4,-5,1,-5,-10
7329,7329,1503946052708,26,11,2,-7,-12,-11,4,6
7330,7330,1503946052715,1,-11,-10,-4,5,7,2,11
7331,7331,1503946052731,4,3,1,-2,-10,12,-5,-2
7332,7332,1503946052738,-10,4,0,-5,-11,-13,-1,0
7333,7333,1503946052746,8,-8,-4,-4,14,-2,-5,-8
7334,7334,1503946052753,1,7,-2,1,21,5,0,2
7335,7335,1503946052768,-8,6,3,-5,-14,-4,3,-12
7336,7336,1503946052775,8,-7,-4,1,11,1,-6,-2
7337,7337,1503946052776,8,2,1,1,11,3,-6,1
7338,7338,1503946052791,-6,2,-4,-4,-5,8,-3,-3
7339,7339,1503946052798,-2,-1,-4,1,17,17,3,-3
7340,7340,1503946052806,-5,-13,-9,-4,-10,-6,0,-5
7341,7341,1503946052813,-2,-4,-3,2,-11,-5,-1,1
7342,7342,1503946052828,4,2,5,5,1,4,2,9
7343,7343,1503946052835,-17,0,0,-2,-23,-9,-3,-30
7344,7344,1503946052851,14,2,1,5,-4,0,1,9
7345,7345,1503946052857,31,27,5,-2,-9,-8,1,9
7346,7346,1503946052866,-18,-8,-4,-2,2,-4,-3,3
7347,7347,1503946052873,-1,-1,-7,-1,-9,5,2,5
7348,7348,1503946052888,2,0,2,-1,0,15,-2,19
7349,7349,1503946052895,-28,-13,-6,-5,-4,-1,-8,-22
7350,7350,1503946052912,-22,-6,-7,0,-32,-3,-3,1
7351,7351,1503946052918,4,-2,1,-1,-1,-2,2,7
7352,7352,1503946052926,-8,-4,-3,-1,14,-5,-2,-15
7353,7353,1503946052932,0,0,2,2,-3,-3,1,9
7354,7354,1503946052948,-10,3,2,-1,1,-7,7,8
7355,7355,1503946052955,-7,-14,-6,-3,5,2,0,10
7356,7356,1503946052971,18,-5,2,-2,0,-8,-8,3
7357,7357,1503946052980,-19,2,17,3,1,18,1,-2
7358,7358,1503946052987,-12,2,1,1,-1,-6,2,-5
7941,7941,1503946058775,-15,0,-3,1,-1,0,-2,-1
7942,7942,1503946058783,3,-2,-2,-2,-3,0,0,1
7943,7943,1503946058790,8,-7,-7,-1,-1,1,-1,3
7944,7944,1503946058805,23,7,12,0,1,-1,-2,1
7945,7945,1503946058813,9,9,9,2,-1,-1,0,3
7946,7946,1503946058820,-8,0,-7,-2,-2,-2,1,-1
7947,7947,1503946058835,3,-6,-4,-2,-1,0,-1,0
7948,7948,1503946058842,3,-5,-2,0,-1,-1,-3,-4
7949,7949,1503946058850,-7,-1,-3,-1,-1,-1,-3,-4
7950,7950,1503946058865,-9,-1,-2,-2,0,-1,0,0
7951,7951,1503946058875,-13,2,1,-3,0,0,-1,-3
7952,7952,1503946058880,17,3,-1,0,-1,2,-1,1
7953,7953,1503946058895,-29,-8,3,3,-1,0,2,0
7954,7954,1503946058902,5,1,-4,-1,-2,-1,-1,-5
7955,7955,1503946058910,6,-1,-3,-2,0,-1,-2,2
7956,7956,1503946058925,-5,-4,0,-1,-3,0,-1,0
7957,7957,1503946058933,8,-4,-4,-2,-1,-3,-3,-3
7958,7958,1503946058943,-1,2,-2,-1,0,0,0,1
7959,7959,1503946058955,-3,-4,-2,1,-2,-1,-2,1
7960,7960,1503946058962,-9,-3,-3,-2,-1,-3,-3,-2
7961,7961,1503946058970,3,0,3,1,2,1,2,0
7962,7962,1503946058985,1,4,2,2,0,2,-3,0
7963,7963,1503946058993,-1,4,-1,-3,-2,-2,0,-4
7964,7964,1503946059000,-2,-2,-5,-1,-2,0,1,0
7965,7965,1503946059015,-4,-3,-1,-1,-1,-3,-1,0
7966,7966,1503946059022,-1,1,3,-3,0,-3,1,-2
7967,7967,1503946059030,0,-3,-3,-2,0,2,-1,-1
7968,7968,1503946059045,2,-2,-2,-1,-1,0,1,-1
7969,7969,1503946059053,-6,-2,-1,-2,-1,0,-1,-3
7970,7970,1503946059060,-9,2,2,0,0,-1,-1,0
7971,7971,1503946059078,25,-2,-4,-2,-2,-1,-1,0
7972,7972,1503946059082,-3,-2,2,-1,0,-2,-2,-1
7973,7973,1503946059090,2,0,-2,-2,-1,0,1,-2
7974,7974,1503946059105,-8,-7,-5,-3,0,0,2,-1
7975,7975,1503946059115,-4,-1,2,0,-1,-1,-3,-1
7976,7976,1503946059120,-12,-4,-1,-1,-1,1,0,-3
7977,7977,1503946059135,-4,0,6,-2,-1,0,-1,-3
7978,7978,1503946059144,3,-3,-1,0,-1,0,-2,-3
7979,7979,1503946059151,4,-3,-4,-1,0,0,2,0
7980,7980,1503946059165,2,-1,0,-2,-1,-2,-2,0
7981,7981,1503946059173,-4,-1,-2,-3,-2,-2,0,1
7982,7982,1503946059180,-9,-6,-1,0,-1,-1,-2,-2
7983,7983,1503946059195,-3,1,-4,2,0,0,-3,-2
7984,7984,1503946059202,-1,-3,-3,-4,-2,-2,-2,-3
7985,7985,1503946059212,2,-1,-2,0,-1,-4,0,3
7986,7986,1503946059225,6,3,0,3,-1,0,-3,1
7987,7987,1503946059234,-3,-2,-2,-2,-4,-1,-3,-3
7988,7988,1503946059240,-5,-3,-4,-3,-1,-1,-1,0
7989,7989,1503946059257,-3,12,17,3,0,2,0,3
7990,7990,1503946059262,-6,-2,-2,0,-2,-2,2,-1
7991,7991,1503946059272,5,-4,-6,-1,0,-2,-4,-6
7992,7992,1503946059285,-3,9,9,5,3,-3,-3,2
7993,7993,1503946059293,6,0,-1,1,-1,-2,-1,-1
7994,7994,1503946059300,7,-3,-7,-3,-2,2,3,0
7995,7995,1503946059315,-7,1,1,0,0,-1,1,4
7996,7996,1503946059322,3,-1,-3,-3,-13,0,-3,0
7997,7997,1503946059330,2,-2,-6,-2,4,1,3,2
7998,7998,1503946059347,-9,-5,-2,-3,-2,0,-1,-16
7999,7999,1503946059353,-7,-8,-5,-2,2,-3,-2,-3
8000,8000,1503946059360,25,6,-2,-2,-1,-1,0,4
8001,8001,1503946059379,6,0,3,3,-17,-3,-5,-6
8002,8002,1503946059382,-2,-1,1,3,6,-2,0,5
8003,8003,1503946059390,-2,-1,-3,-3,14,-1,-2,0
8004,8004,1503946059405,5,-3,0,-1,-24,-1,-2,0
8005,8005,1503946059413,-4,-2,-3,-3,-25,-1,2,0
8006,8006,1503946059420,-6,3,3,-1,8,-3,0,-1
8007,8007,1503946059435,-10,-1,-3,-3,2,5,1,1
8008,8008,1503946059445,5,-1,1,1,-12,-3,-3,-1
8009,8009,1503946059450,-12,-2,-1,1,5,6,1,0
8010,8010,1503946059465,-15,-9,-4,-1,7,-4,2,2
8011,8011,1503946059473,20,8,4,0,-4,-6,-2,-2
8012,8012,1503946059481,-5,-1,-2,-4,-10,-1,-1,2
8013,8013,1503946059495,-5,0,-1,-1,1,-3,-1,2
8014,8014,1503946059502,2,-2,-4,-3,9,4,2,4
8015,8015,1503946059511,-4,-3,-4,-5,-5,-2,0,-2
8016,8016,1503946059525,-1,4,18,5,8,-1,-4,-4
8017,8017,1503946059533,-5,-6,-1,-1,6,-1,-10,-2
8018,8018,1503946059547,14,3,-3,-7,24,2,-1,-3
8019,8019,1503946059555,28,-4,-1,4,7,1,6,15
8020,8020,1503946059562,5,-1,-2,-1,-10,-2,3,12
8021,8021,1503946059579,-10,-9,-3,0,7,-1,-3,-7
8022,8022,1503946059586,10,-3,-7,-4,-2,-2,0,8
8023,8023,1503946059596,10,1,-1,-2,-13,-2,0,0
8024,8024,1503946059607,-15,-5,3,1,-23,0,-1,-11
8661,8661,1503946065750,31,9,0,-2,-1,-3,1,2
8662,8662,1503946065758,9,0,-1,2,0,-4,-1,-1
8663,8663,1503946065772,-15,2,2,0,-1,-2,-2,-2
8664,8664,1503946065780,4,0,-3,0,0,0,-1,-5
8665,8665,1503946065787,4,-2,-1,0,-1,1,0,-1
8666,8666,1503946065802,-4,-1,-2,-1,-2,-1,-4,-4
8667,8667,1503946065811,-7,2,1,0,0,1,-1,2
8668,8668,1503946065818,10,0,0,-3,-2,-1,2,2
8669,8669,1503946065832,-8,-3,-3,-4,0,-1,-2,-1
8670,8670,1503946065840,4,-5,1,-1,-1,-1,-1,3
8671,8671,1503946065847,2,0,4,1,-1,0,0,2
8672,8672,1503946065862,-6,-1,0,1,-2,-1,1,0
8673,8673,1503946065869,-1,-3,-4,1,0,-1,2,-1
8674,8674,1503946065878,-10,-1,0,-1,-1,-1,-1,-1
8675,8675,1503946065892,-1,-2,-2,-2,-1,-1,-3,-4
8676,8676,1503946065900,-5,1,1,-3,-1,-2,-2,1
8677,8677,1503946065907,-5,-4,0,1,2,0,2,-2
8678,8678,1503946065922,4,-4,-2,-1,-1,1,1,-1
8679,8679,1503946065929,6,1,-1,-2,-2,0,-4,-8
8680,8680,1503946065937,-9,-3,2,1,0,0,-2,-2
8681,8681,1503946065938,8,2,-2,-1,-1,-1,0,0
8682,8682,1503946065952,10,5,-3,0,-3,-1,2,3
8683,8683,1503946065960,-15,3,-1,-1,-2,-1,-3,-5
8684,8684,1503946065967,4,0,0,-2,-1,-1,-1,1
8685,8685,1503946065982,-3,-2,-3,2,-1,-1,1,0
8686,8686,1503946065989,3,-4,-3,-2,1,0,0,1
8687,8687,1503946065997,3,0,2,0,0,-1,1,0
8688,8688,1503946066012,-6,-1,0,0,-1,-1,0,-1
8689,8689,1503946066020,-5,-6,-2,-3,-3,-1,-1,1
8690,8690,1503946066027,-15,-8,0,-1,0,-2,0,0
8691,8691,1503946066045,-1,2,0,-2,-2,-3,-2,-2
8692,8692,1503946066050,7,0,-1,-3,0,-1,-1,-1
8693,8693,1503946066064,-20,-3,0,0,1,0,-1,0
8694,8694,1503946066072,1,-2,-2,-1,-1,-1,-3,-4
8695,8695,1503946066080,7,1,1,2,3,1,0,-1
8696,8696,1503946066094,-4,6,7,5,1,0,-1,2
8697,8697,1503946066111,15,-1,0,0,-1,-2,0,1
8698,8698,1503946066113,3,3,0,1,-2,-2,1,0
8699,8699,1503946066124,5,3,-6,-2,-1,-1,-2,0
8700,8700,1503946066132,-6,2,-1,-5,-3,-1,1,-1
8701,8701,1503946066140,-6,-3,0,-4,-2,-3,-1,0
8702,8702,1503946066154,7,5,-7,0,0,0,1,-1
8703,8703,1503946066162,-4,-3,-6,-2,0,2,0,0
8704,8704,1503946066170,-4,0,2,1,0,-1,-2,1
8705,8705,1503946066185,11,0,0,-3,-14,0,-2,1
8706,8706,1503946066192,4,-3,-1,2,2,-1,-2,-4
8707,8707,1503946066200,1,-1,1,2,-2,-1,-1,-3
8708,8708,1503946066216,0,-3,0,-1,-3,-2,-2,0
8709,8709,1503946066222,0,2,3,2,1,-1,0,0
8710,8710,1503946066230,-16,-6,-1,0,3,-2,1,-1
8711,8711,1503946066246,-3,-2,-5,-5,-5,-15,-3,-4
8712,8712,1503946066252,-3,-4,0,-1,1,0,-3,-2
8713,8713,1503946066260,7,3,1,2,6,5,-1,-6
8714,8714,1503946066274,6,-1,0,-1,-3,-1,0,1
8715,8715,1503946066287,2,-2,-3,-2,0,3,0,5
8716,8716,1503946066290,-8,-5,-1,-2,-2,1,1,-4
8717,8717,1503946066305,4,-2,0,2,-3,0,-4,0
8718,8718,1503946066314,-17,-4,-2,-3,-33,0,-8,-3
8719,8719,1503946066315,2,1,2,3,29,-3,5,1
8720,8720,1503946066322,-14,-1,0,-1,8,9,1,1
8721,8721,1503946066335,-1,-4,-4,-8,-19,-2,-3,-3
8722,8722,1503946066342,5,2,3,0,1,-2,-2,1
8723,8723,1503946066360,-5,1,-4,-3,-6,2,-2,-2
8724,8724,1503946066364,1,-1,-2,-1,-5,2,-1,-14
8725,8725,1503946066381,-7,-3,-2,-5,-4,-2,0,3
8726,8726,1503946066394,-9,-2,0,-1,-1,9,0,-5
8727,8727,1503946066402,1,-1,1,-2,3,-1,9,-3
8728,8728,1503946066409,12,-3,-2,-1,-5,-2,-6,-4
8729,8729,1503946066424,17,4,-1,-1,0,-9,-3,3
8730,8730,1503946066432,1,2,-2,0,13,-3,1,2
8731,8731,1503946066440,0,-4,-3,0,-13,-3,-2,4
8732,8732,1503946066454,-5,2,-1,0,-2,1,-1,-1
8733,8733,1503946066462,-20,-6,-2,-4,4,12,-1,1
8734,8734,1503946066469,8,-4,0,-1,-5,-1,-2,6
8735,8735,1503946066485,-8,-8,-1,-2,-4,2,-3,8
8736,8736,1503946066492,-2,-3,1,3,2,-1,-4,5
8737,8737,1503946066500,5,4,2,0,-1,11,-5,-2
8738,8738,1503946066514,-6,0,-2,-3,-6,-4,0,-8
9421,9421,1503946073214,-4,-5,1,1,-2,0,-2,1
9422,9422,1503946073219,-8,-11,4,0,-1,-3,-2,-7
9423,9423,1503946073227,-7,-12,7,0,0,-2,-1,3
9424,9424,1503946073241,-8,5,8,2,-1,-1,1,0
9425,9425,1503946073251,3,-2,0,-2,-1,-2,-1,-2
9426,9426,1503946073257,4,1,5,-1,-1,-2,0,3
9427,9427,1503946073272,-3,4,-11,-5,-4,-1,1,3
9428,9428,1503946073281,-15,6,6,1,0,0,-2,-8
9429,9429,1503946073287,-4,-7,-7,-2,0,-1,0,1
9430,9430,1503946073301,-1,-5,-3,0,0,-1,0,1
9431,9431,1503946073309,5,13,6,4,2,0,-4,-6
9432,9432,1503946073319,-1,4,7,-3,0,-2,-3,4
9433,9433,1503946073332,-2,-7,-4,-2,1,1,0,1
9434,9434,1503946073339,2,-8,-7,0,1,-3,-2,0
9435,9435,1503946073348,5,-7,4,1,-1,0,-2,-4
9436,9436,1503946073361,-10,-3,-5,-4,-5,-1,-1,1
9437,9437,1503946073370,-6,-5,-2,-2,-1,0,2,-4
9438,9438,1503946073380,0,-2,6,1,1,-1,-1,2
9439,9439,1503946073392,-35,-9,-5,-1,-1,-2,3,6
9440,9440,1503946073399,17,1,-10,-3,-2,-1,-2,-4
9441,9441,1503946073407,4,-3,-4,-5,-3,0,1,2
9442,9442,1503946073421,-6,1,-9,-1,-2,1,0,-2
9443,9443,1503946073429,3,6,1,0,-3,-2,-2,-1
9444,9444,1503946073437,10,4,0,0,0,-1,-1,-5
9445,9445,1503946073453,6,1,1,-2,-1,1,-1,-1
9446,9446,1503946073459,-6,-1,0,1,-1,-1,1,3
9447,9447,1503946073467,13,-2,1,3,2,-1,-2,-9
9448,9448,1503946073483,14,2,-5,-5,-3,0,1,3
9449,9449,1503946073490,4,1,-6,0,-1,-2,-5,0
9450,9450,1503946073497,-7,-6,2,-2,0,1,-1,-2
9451,9451,1503946073514,5,0,2,1,0,0,-2,1
9452,9452,1503946073519,-6,-4,-5,-1,-2,1,-1,-1
9453,9453,1503946073534,5,0,-4,-2,0,-1,0,-1
9454,9454,1503946073535,-13,-2,6,0,-1,-2,1,4
9455,9455,1503946073541,-5,-1,12,1,2,-1,-5,-9
9456,9456,1503946073550,-8,-11,-1,3,-1,0,1,-7
9457,9457,1503946073564,16,10,3,3,1,3,0,0
9458,9458,1503946073572,5,8,1,-2,-4,-10,-3,-4
9459,9459,1503946073581,-10,-1,-14,-3,-2,-2,2,4
9460,9460,1503946073595,-7,-6,-1,-1,-2,2,0,2
9461,9461,1503946073601,0,-3,0,0,1,0,-2,-6
9462,9462,1503946073609,6,5,-3,-3,0,-1,2,5
9463,9463,1503946073624,-3,-8,3,1,-2,2,-1,2
9464,9464,1503946073632,-16,-1,0,-2,0,0,-2,-6
9465,9465,1503946073639,-6,4,6,0,0,-3,-2,0
9466,9466,1503946073658,-10,-1,-3,-1,-1,2,-1,6
9467,9467,1503946073661,-1,-3,-1,-1,-2,-3,0,-1
9468,9468,1503946073669,12,-1,-1,-3,0,1,0,-2
9469,9469,1503946073685,7,-4,-7,-3,-3,-1,0,0
9470,9470,1503946073692,17,-6,3,3,2,2,-2,-2
9471,9471,1503946073700,-7,9,2,1,-3,-3,1,5
9472,9472,1503946073716,-10,-5,-13,-4,-2,-2,-2,-2
9473,9473,1503946073723,5,6,-3,0,0,0,-1,0
9474,9474,1503946073729,6,6,5,0,-1,-1,0,-1
9475,9475,1503946073745,-8,1,-3,-1,1,-1,-3,-5
9476,9476,1503946073752,0,0,-3,-1,-1,-1,-2,-3
9477,9477,1503946073760,2,-3,3,0,1,-2,0,0
9478,9478,1503946073774,0,1,10,2,1,-1,1,2
9479,9479,1503946073783,2,-3,3,2,0,0,-4,-6
9480,9480,1503946073790,-9,2,-8,-3,-2,-1,-2,-6
9481,9481,1503946073805,7,0,-3,-2,-2,0,-1,2
9482,9482,1503946073812,-29,-8,8,1,0,-1,0,-2
9483,9483,1503946073827,-4,-3,-1,-3,-2,-2,0,1
9484,9484,1503946073834,11,3,0,1,-4,0,-2,-1
9485,9485,1503946073842,4,-6,7,4,2,2,-1,1
9486,9486,1503946073850,8,7,-6,-4,-3,4,-1,-1
9487,9487,1503946073865,-12,-2,-11,-3,-4,-4,-1,-2
9488,9488,1503946073872,0,0,-1,1,2,1,0,0
9489,9489,1503946073880,-2,-2,1,-1,0,-1,-1,1
9490,9490,1503946073881,-5,-4,-2,-1,0,2,-1,2
9491,9491,1503946073894,-2,1,-2,-2,-2,-4,-2,-1
9492,9492,1503946073902,0,-4,0,-2,0,-1,-1,-5
9493,9493,1503946073909,2,-4,-3,-2,0,-1,-1,2
9494,9494,1503946073926,11,2,-5,-2,-7,-2,-3,0
9495,9495,1503946073932,44,2,1,3,2,-1,1,0
9496,9496,1503946073947,-5,-4,3,1,2,-3,1,-1
9497,9497,1503946073955,-10,0,-5,-2,-2,0,1,0
9498,9498,1503946073962,4,3,0,-4,-15,0,-1,-1
10267,10267,1503946081401,8,-2,-4,-4,2,0,-3,18
10268,10268,1503946081410,13,-6,-7,-4,-5,-1,-3,-1
10269,10269,1503946081424,7,0,-1,-4,4,-2,1,-12
10270,10270,1503946081432,-15,-6,-2,0,-4,-3,-5,-10
10271,10271,1503946081439,-13,-17,-19,-3,1,0,-3,-7
10272,10272,1503946081455,-20,7,36,10,3,1,2,-8
10273,10273,1503946081462,16,-2,-8,-5,-4,-1,-3,7
10274,10274,1503946081469,1,-10,-14,-9,-2,0,3,-4
10275,10275,1503946081484,5,-1,0,2,0,-2,-7,1
10276,10276,1503946081493,-14,-9,0,1,0,1,-1,-11
10277,10277,1503946081499,5,-1,3,2,2,-1,2,2
10278,10278,1503946081514,-1,-1,-8,-3,-2,0,0,4
10279,10279,1503946081523,-9,-3,6,2,3,-3,-5,-4
10280,10280,1503946081530,-5,-2,-7,0,-6,-4,-2,-4
10281,10281,1503946081544,-18,3,9,0,-3,1,-2,-8
10282,10282,1503946081554,5,1,-5,-2,4,0,2,1
10283,10283,1503946081567,5,2,-4,-1,-3,-1,2,2
10284,10284,1503946081574,-9,-6,-7,-3,-2,0,3,-5
10285,10285,1503946081582,-7,-18,-17,-7,-3,0,1,2
10286,10286,1503946081590,1,3,0,4,-1,0,-1,1
10287,10287,1503946081604,-2,5,5,0,4,-1,2,3
10288,10288,1503946081612,11,8,9,0,-1,2,0,1
10289,10289,1503946081619,14,26,1,3,0,0,2,-3
10290,10290,1503946081634,-2,-1,-11,-7,-14,0,-4,-6
10291,10291,1503946081641,2,-16,-9,-4,-8,5,-1,5
10292,10292,1503946081650,-8,-8,-4,1,5,3,-1,-8
10293,10293,1503946081664,-9,2,6,-1,2,4,1,5
10294,10294,1503946081672,7,9,24,8,2,-5,-1,-1
10295,10295,1503946081679,-6,-5,-9,-6,1,-5,0,1
10296,10296,1503946081694,-4,-12,-12,-6,0,-4,-4,-1
10297,10297,1503946081701,2,-1,-7,0,-3,-2,-1,-4
10298,10298,1503946081717,-1,1,0,-1,3,3,0,-2
10299,10299,1503946081725,-13,-6,0,-4,-4,-4,-2,-2
10300,10300,1503946081739,4,-1,4,13,29,-2,1,7
10301,10301,1503946081740,-8,-3,3,-1,0,-2,-2,-2
10302,10302,1503946081762,1,-3,-9,-6,-13,-1,1,7
10303,10303,1503946081763,-5,-2,15,8,3,4,1,-1
10304,10304,1503946081771,-17,-7,-11,-10,-7,-4,-1,-3
10305,10305,1503946081785,-19,2,-3,-2,-5,-2,-2,-3
10306,10306,1503946081793,3,5,3,0,4,-1,-1,-1
10307,10307,1503946081799,11,-1,-1,-5,-5,-2,-1,2
10308,10308,1503946081814,2,4,-2,-3,-5,0,0,-1
10309,10309,1503946081830,7,1,-1,0,-4,1,-1,-1
10310,10310,1503946081836,1,-1,0,-1,1,-1,-1,-2
10311,10311,1503946081844,4,-5,-1,2,17,0,1,2
10312,10312,1503946081852,13,3,-1,-9,-26,3,-5,-1
10313,10313,1503946081860,-3,-1,2,10,31,0,2,-8
10314,10314,1503946081881,-5,-7,-1,4,5,-1,2,-3
10315,10315,1503946081882,6,-2,-2,-8,-10,-2,4,1
10316,10316,1503946081890,-4,-1,1,-5,-9,5,-2,3
10317,10317,1503946081904,-4,1,-4,-2,-23,-13,0,-2
10318,10318,1503946081912,-7,-4,-5,-4,-1,-8,-4,-5
10319,10319,1503946081926,10,11,11,5,8,4,-6,-1
10320,10320,1503946081934,-5,-5,3,5,2,5,2,-8
10321,10321,1503946081941,-6,-2,-5,-10,-9,-3,-6,0
10322,10322,1503946081959,-6,4,8,3,9,-4,0,1
10323,10323,1503946081964,12,-5,1,-3,-4,2,4,12
10324,10324,1503946081972,-11,-10,-11,-5,-3,11,-9,10
10325,10325,1503946081986,14,0,-7,-3,-5,1,4,17
10326,10326,1503946081994,0,-4,-7,-1,3,-4,4,2
10327,10327,1503946082001,-30,2,0,2,2,-1,-11,-70
10328,10328,1503946082017,17,-7,-3,-2,-3,-7,0,-8
10329,10329,1503946082025,21,3,-2,-2,-1,-1,2,17
10330,10330,1503946082034,-16,0,-1,-1,16,13,-1,-15
10331,10331,1503946082046,-10,-6,-3,-2,-4,1,-2,11
10807,10807,1503946086696,-2,-6,-1,-1,-2,-2,-4,-3
10808,10808,1503946086704,12,-1,-4,-1,-3,0,2,2
10809,10809,1503946086719,15,-4,-3,0,-1,-1,-1,0
10810,10810,1503946086726,15,4,-6,0,0,-1,-2,0
10811,10811,1503946086734,-3,-1,0,-2,1,-1,0,1
10812,10812,1503946086749,9,0,2,0,-1,-1,-4,-4
10813,10813,1503946086757,-11,-2,-1,0,-1,0,0,-2
10814,10814,1503946086764,-13,-8,-2,-1,-2,-3,2,5
10815,10815,1503946086782,5,4,-1,0,1,-3,-4,-4
10816,10816,1503946086783,6,8,6,-2,-1,-3,-2,-1
10817,10817,1503946086786,-9,-3,5,-2,0,1,1,1
10818,10818,1503946086794,-7,0,-5,0,0,0,0,-1
10819,10819,1503946086817,-1,2,-8,-3,0,1,-3,-7
10820,10820,1503946086824,-1,3,1,0,1,-1,-2,-2
10821,10821,1503946086839,-2,-6,0,0,-2,-1,2,1
10822,10822,1503946086848,-7,15,-2,-2,-1,0,1,-3
10823,10823,1503946086862,-10,2,4,1,0,0,-2,-7
10824,10824,1503946086868,-10,-7,2,0,0,0,0,-5
10825,10825,1503946086876,-3,-2,-4,1,0,-1,-1,2
10826,10826,1503946086884,-2,-6,-3,-4,-2,-1,-2,1
10827,10827,1503946086899,6,-3,-2,-3,-2,-2,-2,0
10828,10828,1503946086906,6,-1,-5,-1,-1,-1,-1,-3
10829,10829,1503946086915,12,7,1,2,0,-2,-1,0
10830,10830,1503946086928,-36,-9,-3,-1,-2,-2,-1,-1
10831,10831,1503946086936,-4,-1,-2,-1,0,0,-2,0
10832,10832,1503946086944,1,-6,-2,-3,1,-2,0,-1
10833,10833,1503946086959,30,7,-1,-4,-3,-2,-2,2
10834,10834,1503946086966,0,-4,-1,-1,-1,1,1,-5
10835,10835,1503946086974,-8,-3,0,0,-2,-2,-3,-2
10836,10836,1503946086988,-1,-2,-3,0,-2,-1,1,2
10837,10837,1503946086996,-33,-4,-1,-1,0,-1,-5,-7
10838,10838,1503946087004,0,0,-2,-1,0,-1,0,2
10839,10839,1503946087019,-4,-5,-1,0,0,0,2,3
10840,10840,1503946087026,2,-5,1,2,0,-3,0,-1
10841,10841,1503946087034,7,2,-1,-3,-2,-1,-2,0
10842,10842,1503946087050,-1,-3,-1,-2,-1,0,-2,1
10843,10843,1503946087057,-11,0,5,-1,-1,-1,2,1
10844,10844,1503946087064,-9,3,0,0,-1,0,-2,-2
10845,10845,1503946087079,-5,4,2,0,1,-3,-2,-1
10846,10846,1503946087087,0,3,-1,-1,-2,0,1,3
10847,10847,1503946087094,-14,-11,-3,0,-1,0,2,-3
10848,10848,1503946087108,6,-4,-2,-1,1,-1,0,-1
10849,10849,1503946087117,1,3,-2,-1,2,0,-2,0
10850,10850,1503946087124,1,0,1,3,-1,-1,-3,-3
10851,10851,1503946087139,11,0,0,1,-3,0,1,2
10852,10852,1503946087146,-5,3,6,-1,0,-2,0,0
10853,10853,1503946087154,30,3,-6,-5,-3,-1,1,4
10854,10854,1503946087168,6,0,7,-1,2,0,0,0
10855,10855,1503946087176,-3,1,-1,0,0,1,1,2
10856,10856,1503946087185,-11,-9,-5,-1,-1,-3,0,1
10857,10857,1503946087199,-2,-8,-6,-1,-1,0,2,1
10858,10858,1503946087206,11,4,-2,-2,-2,1,-2,-2
10859,10859,1503946087218,13,8,0,0,-2,-2,-3,-2
10860,10860,1503946087228,-3,2,-7,-4,-1,-1,-2,0
10861,10861,1503946087236,-20,-5,1,1,2,1,-1,-2
10862,10862,1503946087244,8,2,-3,-2,-2,-3,-3,0
10863,10863,1503946087259,-5,-5,-1,-1,-1,-2,-2,-6
10864,10864,1503946087266,15,-3,-1,-2,-3,0,-1,-10
10865,10865,1503946087274,-31,-7,-1,0,-1,0,1,-2
10866,10866,1503946087288,-19,-4,4,2,1,0,-1,1
10867,10867,1503946087296,16,15,1,-3,-1,-3,0,1
10868,10868,1503946087310,-9,-2,-2,1,0,0,0,2
10869,10869,1503946087319,2,-1,-1,-1,-2,-1,-1,0
10870,10870,1503946087327,0,0,-2,-2,-1,1,-1,-1
10871,10871,1503946087334,9,0,2,-1,-1,1,0,1
10872,10872,1503946087350,-29,-6,-4,-3,-3,-2,0,7
10873,10873,1503946087351,5,2,1,1,-1,-2,-3,-3
10874,10874,1503946087360,-6,-3,-1,-1,-2,-2,-2,-3
10875,10875,1503946087364,5,7,-2,-5,-1,-2,0,3
10876,10876,1503946087379,0,-5,-1,1,1,-1,-1,1
10877,10877,1503946087391,-11,4,-4,-1,-2,0,-1,1
10878,10878,1503946087394,-9,-6,-6,-1,-1,0,1,-1
10879,10879,1503946087408,5,-6,-1,0,-1,-3,-2,-1
10880,10880,1503946087418,3,1,-2,-3,-2,-2,-1,-1
10881,10881,1503946087424,17,2,-5,-4,-4,-1,2,9
10882,10882,1503946087439,9,3,-2,0,2,-1,0,2
10883,10883,1503946087446,-14,-3,0,0,2,2,1,-1
10884,10884,1503946087454,-6,-4,-1,1,-1,-2,-3,-1
10885,10885,1503946087468,-28,-6,2,1,-1,-2,0,-4
10886,10886,1503946087476,10,-2,1,-2,-1,-1,-1,-1
10887,10887,1503946087486,7,0,6,0,0,1,-2,-4
10888,10888,1503946087499,-10,-5,-3,0,-1,0,-1,2
10889,10889,1503946087506,-5,-4,2,4,-1,-1,-3,-3
10890,10890,1503946087521,5,-6,-2,-1,-1,-2,0,-1
10891,10891,1503946087528,5,0,-3,-2,-1,-1,-2,-3
11881,11881,1503946097166,15,2,10,-9,-6,2,-1,-8
11882,11882,1503946097174,-9,-2,1,10,23,-5,-6,-22
11883,11883,1503946097181,0,2,-1,3,4,4,5,-5
11884,11884,1503946097196,11,-7,-5,-4,-12,-7,1,7
11885,11885,1503946097204,-5,-4,-4,-2,-1,17,1,0
11886,11886,1503946097211,-4,0,-2,-2,-8,1,0,-10
11887,11887,1503946097226,-36,-10,-1,3,1,7,-3,-8
11888,11888,1503946097233,0,0,-2,0,-2,7,-2,15
11889,11889,1503946097242,1,0,-4,0,-2,-8,-2,-8
11890,11890,1503946097256,-14,-2,-1,-5,-16,-16,-4,4
11891,11891,1503946097264,-3,0,-9,4,10,3,2,2
11892,11892,1503946097271,14,-8,-8,-4,-4,1,7,4
11893,11893,1503946097287,21,-8,14,2,-2,-10,-1,-7
11894,11894,1503946097293,34,9,1,2,0,9,-1,-1
11895,11895,1503946097302,-3,-7,-6,-2,-1,-13,-7,-15
11896,11896,1503946097316,5,10,6,-2,3,0,1,2
11897,11897,1503946097324,-1,7,1,-2,-2,-4,-5,-2
11898,11898,1503946097343,-31,-13,-6,0,1,2,2,-1
11899,11899,1503946097346,19,4,1,1,-2,6,-2,6
11900,11900,1503946097353,12,-3,0,-1,-5,-3,3,4
11901,11901,1503946097362,-42,-3,-7,-4,-1,-1,0,-8
11902,11902,1503946097379,0,-7,-2,-2,-1,-34,-9,-45
11903,11903,1503946097385,-2,0,-5,-3,-12,1,-5,-16
11904,11904,1503946097391,-20,-1,-1,-5,-2,18,4,8
11905,11905,1503946097407,17,1,-1,1,8,-9,0,1
11906,11906,1503946097413,-33,2,-3,-2,-8,-11,-3,-4
11907,11907,1503946097421,3,0,-2,-1,-2,7,0,-35
11908,11908,1503946097436,53,1,3,1,2,-1,-1,15
11909,11909,1503946097444,-69,-2,9,5,3,-11,4,12
11910,11910,1503946097451,14,3,-5,-1,4,29,2,2
11911,11911,1503946097468,26,7,1,1,-1,1,-4,2
11912,11912,1503946097474,-46,-4,0,-1,1,3,-2,-2
11913,11913,1503946097481,-15,0,-10,-5,-1,5,6,35
11914,11914,1503946097496,-55,24,6,2,-7,-6,-1,4
11915,11915,1503946097504,-19,-8,-22,-11,-8,-9,3,18
11916,11916,1503946097511,-30,0,29,10,10,-2,-1,-34
11917,11917,1503946097526,-12,-5,6,-1,-1,4,3,-33
11918,11918,1503946097535,24,4,-8,-5,-1,0,-1,13
11919,11919,1503946097542,32,-3,1,3,3,-3,5,6
11920,11920,1503946097556,44,-17,-10,-5,-1,-5,-4,-11
11921,11921,1503946097564,-19,5,12,6,5,3,-7,-3
11922,11922,1503946097575,-6,0,-7,0,-3,3,2,25
11923,11923,1503946097586,20,19,3,5,4,2,4,-3
11924,11924,1503946097593,8,-3,-3,-4,-4,-9,-1,12
11925,11925,1503946097603,18,-3,8,1,-3,-2,-3,-2
11926,11926,1503946097616,-49,7,-8,0,3,4,-4,-4
11927,11927,1503946097624,-16,-7,0,0,-1,2,-3,18
11928,11928,1503946097631,-5,-13,-6,-2,-1,-1,-3,-25
11929,11929,1503946097646,6,-2,11,0,-1,-6,-5,-6
11930,11930,1503946097653,40,5,-3,1,2,-1,-2,-2
11931,11931,1503946097661,36,-9,-12,-6,-3,1,1,-3
11932,11932,1503946097676,3,-12,4,-2,-1,-2,4,20
11933,11933,1503946097684,4,6,7,2,1,0,-2,8
11934,11934,1503946097691,15,-2,-4,-1,0,-7,-3,-4
11935,11935,1503946097707,-9,-3,-3,1,2,23,5,-2
11936,11936,1503946097713,3,-4,-6,-2,-1,2,1,10
11937,11937,1503946097721,-3,3,-4,-1,0,3,-2,-2
11938,11938,1503946097739,-14,-5,-2,-1,1,-1,-3,-1
11939,11939,1503946097745,-15,-11,-9,-3,-3,-12,-4,-3
11940,11940,1503946097751,7,3,5,1,0,-4,0,-6
11941,11941,1503946097766,-46,-7,-4,0,0,-7,-2,2
11942,11942,1503946097774,19,-7,0,0,-2,4,-2,-14
11943,11943,1503946097788,13,-3,-2,-2,-1,-5,-6,-11
11944,11944,1503946097796,-3,-1,13,3,0,1,2,7
12814,12814,1503946106188,-3,1,2,3,-33,-5,-1,-1
12815,12815,1503946106196,23,4,3,0,6,-1,1,0
12816,12816,1503946106218,-1,0,-2,-1,7,-1,-6,-9
12817,12817,1503946106219,10,8,-1,-1,-23,-3,0,3
12818,12818,1503946106226,-4,-6,-4,1,2,-1,-1,-9
12819,12819,1503946106240,9,-5,-3,-5,7,1,0,-4
12820,12820,1503946106248,-2,1,1,2,16,1,0,2
12821,12821,1503946106255,2,2,-2,-4,-11,3,-2,-3
12822,12822,1503946106271,6,0,-1,1,-21,-3,-4,-5
12823,12823,1503946106280,6,3,1,2,0,-2,0,4
12824,12824,1503946106287,-2,0,-2,1,17,3,1,1
12825,12825,1503946106301,-22,-7,-3,0,-7,1,-3,-14
12826,12826,1503946106312,-1,3,-11,-5,0,-2,-6,7
12827,12827,1503946106315,10,2,-2,1,9,-1,-2,6
12828,12828,1503946106331,-7,-7,4,5,9,2,7,1
12829,12829,1503946106338,-2,1,1,-1,2,-1,2,13
12830,12830,1503946106346,-3,0,2,0,-2,0,0,-4
12831,12831,1503946106361,10,-5,-5,-4,11,-2,1,-3
12832,12832,1503946106368,3,11,23,0,7,1,0,-3
12833,12833,1503946106375,27,7,3,-1,-8,-3,3,6
12834,12834,1503946106391,-37,-17,-24,-6,1,-3,-8,-34
12835,12835,1503946106398,-2,4,0,0,-2,-2,-5,-6
12836,12836,1503946106406,3,-3,-8,-5,-7,0,5,1
12837,12837,1503946106422,-8,-13,-13,-6,3,-1,-2,9
12838,12838,1503946106428,4,-5,-6,-10,-26,-5,-2,3
12839,12839,1503946106435,-9,0,13,3,-3,1,-4,2
12840,12840,1503946106451,10,0,4,-3,2,-1,1,7
12841,12841,1503946106458,-15,-1,6,5,0,1,-3,-9
12842,12842,1503946106466,9,13,-2,1,7,1,2,13
12843,12843,1503946106481,6,3,-2,-3,0,1,3,0
12844,12844,1503946106489,31,3,-1,2,4,0,8,34
12845,12845,1503946106495,-40,2,8,5,-2,-2,0,-8
12846,12846,1503946106514,-15,-3,-6,-2,4,0,-1,-2
12847,12847,1503946106518,5,-2,-2,1,2,-1,2,5
12848,12848,1503946106526,18,2,-7,-2,-1,-24,-5,-4
12849,12849,1503946106540,-19,6,2,2,-17,-3,0,-7
12850,12850,1503946106551,-6,-3,-2,-7,-7,4,-3,-6
12851,12851,1503946106555,-27,-3,-2,-1,-9,1,0,-1
12852,12852,1503946106570,-7,-6,5,17,42,13,-9,-3
12853,12853,1503946106580,-14,-5,-4,-5,-6,3,-2,-1
12854,12854,1503946106586,-5,-1,6,3,-3,-3,-5,-8
12855,12855,1503946106600,16,-4,-3,0,15,0,0,-1
12856,12856,1503946106608,-20,-5,0,-3,-7,-1,2,1
12857,12857,1503946106616,-11,-2,1,-1,0,-2,0,1
12858,12858,1503946106631,-9,1,2,0,-9,3,2,0
12859,12859,1503946106638,12,0,-4,-2,4,0,-1,-1
12860,12860,1503946106648,-2,-3,-3,-3,1,0,2,1
12861,12861,1503946106660,32,7,0,-1,1,0,-1,1
12862,12862,1503946106668,8,0,0,-3,-7,-3,0,-3
12863,12863,1503946106675,0,0,-3,-2,-14,-3,-2,-2
12864,12864,1503946106692,-6,-8,-2,-4,-2,-4,-3,-5
12865,12865,1503946106698,1,-3,-1,-1,5,-2,-2,-2
12866,12866,1503946106706,4,3,0,-2,-6,-3,1,3
12867,12867,1503946106720,3,-3,-4,-1,3,-2,0,-2
12868,12868,1503946106729,1,-1,-1,0,4,2,-2,-2
12869,12869,1503946106735,3,2,0,-2,0,2,0,2
12870,12870,1503946106753,1,1,1,-1,-6,-2,-2,-2
12871,12871,1503946106758,2,-3,-1,9,23,2,0,-2
12872,12872,1503946106766,-7,-4,-2,1,-1,1,1,-1
12873,12873,1503946106781,7,7,1,-6,-5,0,-3,-3
12874,12874,1503946106788,-3,4,-2,-6,-4,0,0,2
12875,12875,1503946106795,-7,-3,-2,-1,8,-1,2,-1
12876,12876,1503946106811,2,-1,-1,1,-1,-3,-2,-3
12877,12877,1503946106818,3,0,-4,-4,-1,-3,-2,1
12878,12878,1503946106826,1,-6,-1,-3,-2,-1,-1,1
13457,13457,1503946112533,-3,-7,-3,0,0,-2,-2,-1
13458,13458,1503946112543,-1,1,-5,-4,2,-2,1,1
13459,13459,1503946112555,3,-6,-22,-3,-1,-2,-2,0
13460,13460,1503946112562,12,-7,-4,-1,-2,-1,0,2
13461,13461,1503946112570,5,5,-10,-6,-2,-1,-1,0
13462,13462,1503946112585,-8,2,0,-1,-3,1,-3,-3
13463,13463,1503946112593,6,1,0,1,-2,-2,-2,-1
13464,13464,1503946112600,3,6,12,1,-2,-1,1,2
13465,13465,1503946112615,2,-4,-2,-1,-1,1,1,0
13466,13466,1503946112622,-6,0,-5,0,1,-3,0,-1
13467,13467,1503946112630,-6,-1,1,0,1,0,0,0
13468,13468,1503946112649,4,3,-5,-4,0,-1,1,7
13469,13469,1503946112651,1,-3,-1,-1,-1,0,-1,-2
13470,13470,1503946112654,1,-2,-4,-2,-3,-1,-2,-1
13471,13471,1503946112660,8,-9,-1,0,0,-1,-2,-2
13472,13472,1503946112679,-3,7,2,1,0,-1,-2,-5
13473,13473,1503946112683,6,-2,9,-1,-2,-1,0,1
13474,13474,1503946112698,-1,1,0,-3,-1,0,-2,0
13475,13475,1503946112705,-2,-2,-3,4,0,-1,0,1
13476,13476,1503946112721,7,1,5,1,-1,1,1,-4
13477,13477,1503946112728,3,3,1,-1,0,-1,0,-8
13478,13478,1503946112735,7,0,3,-1,0,-2,-3,-3
13479,13479,1503946112736,0,-3,-3,-3,-1,0,1,3
13480,13480,1503946112746,2,3,0,-1,0,0,-1,0
13481,13481,1503946112758,-7,-4,-7,1,1,0,-1,-3
13482,13482,1503946112765,2,2,-8,-4,-3,-3,-1,0
13483,13483,1503946112773,16,0,14,-1,-2,-3,1,2
13484,13484,1503946112788,6,8,-15,-4,-1,-1,1,2
13485,13485,1503946112802,-5,-4,-1,1,0,-1,0,-4
13486,13486,1503946112803,-7,2,3,-2,-1,-2,-1,-1
13487,13487,1503946112818,-18,-5,-3,0,-2,-1,-1,1
13488,13488,1503946112825,-12,-8,-3,1,1,1,-1,-1
13489,13489,1503946112833,-1,0,-3,-2,-2,-1,-2,-1
13490,13490,1503946112847,2,-3,-2,-2,-1,-1,-1,2
13491,13491,1503946112855,-17,-8,-1,-5,1,-2,-1,0
13492,13492,1503946112862,11,0,-5,-2,-2,-3,-4,-7
13493,13493,1503946112879,-2,-1,-2,1,-2,-1,-2,1
13494,13494,1503946112885,-5,3,4,1,-1,1,-1,0
13495,13495,1503946112893,-1,-15,-12,-2,-2,-2,-1,1
13496,13496,1503946112907,4,0,8,1,1,0,2,1
13497,13497,1503946112915,-18,1,4,2,1,0,-1,-1
13498,13498,1503946112923,0,-1,-4,-1,-1,1,0,0
13499,13499,1503946112937,13,7,-2,0,1,0,1,-1
13500,13500,1503946112946,-10,-2,0,-3,-2,-1,-1,-4
13501,13501,1503946112954,1,2,0,-2,1,-1,-4,-6
13502,13502,1503946112967,4,2,1,1,-1,-1,-2,-6
13503,13503,1503946112975,8,-8,5,0,-3,-1,0,0
13504,13504,1503946112983,2,1,-3,-2,0,1,-1,0
13505,13505,1503946112997,-2,-4,-6,-2,-3,-2,0,2
13506,13506,1503946112998,-2,6,4,1,0,-1,-3,-2
13507,13507,1503946113005,-6,-10,-18,-1,-3,-1,-1,0
13508,13508,1503946113014,25,14,5,2,-1,-3,0,2
13509,13509,1503946113027,-1,-3,3,-1,0,-2,-3,-7
13510,13510,1503946113035,-9,1,3,1,1,-1,-1,-1
13511,13511,1503946113043,-5,4,11,0,0,1,0,1
13512,13512,1503946113058,-9,-5,-7,-4,-3,1,1,1
13513,13513,1503946113065,6,-3,-1,-5,-2,-1,2,5
13514,13514,1503946113073,0,0,-6,0,0,-1,-1,0
13515,13515,1503946113088,1,6,-2,-1,1,0,-3,0
13516,13516,1503946113096,0,0,-3,-2,-1,0,-2,-4
13517,13517,1503946113109,3,0,6,0,-2,-1,1,-1
13518,13518,1503946113118,-6,-2,-2,1,-1,-1,-3,-3
13519,13519,1503946113125,-13,-4,13,3,-1,0,2,0
13520,13520,1503946113133,-11,-5,-2,1,-1,0,-3,-12
13521,13521,1503946113148,3,-5,-1,-2,0,-1,-4,-2
13522,13522,1503946113155,-13,-5,-6,-2,0,1,2,4
13523,13523,1503946113162,-7,2,-2,-1,0,-1,0,2
13524,13524,1503946113180,-6,-1,2,-1,-1,-2,1,5
14377,14377,1503946121510,0,-3,-5,-1,-2,-1,-1,-1
14378,14378,1503946121519,2,-1,2,0,0,-2,-1,-2
14379,14379,1503946121524,0,-2,-3,-1,-3,-1,1,11
14380,14380,1503946121540,2,0,2,0,2,1,2,0
14381,14381,1503946121547,-3,-3,1,-1,0,-2,0,-1
14382,14382,1503946121555,5,-3,-1,0,-2,-3,-6,-2
14383,14383,1503946121570,2,-1,0,-2,-2,0,-8,-1
14384,14384,1503946121578,0,6,3,0,1,1,1,-2
14385,14385,1503946121584,-2,-1,0,-1,-2,-1,0,-3
14386,14386,1503946121602,2,8,-2,-3,-1,0,-2,-1
14387,14387,1503946121609,-6,8,3,-2,0,1,2,6
14388,14388,1503946121615,-5,-1,-3,1,2,-1,0,-2
14389,14389,1503946121632,0,2,-3,-1,1,-2,-3,-3
14390,14390,1503946121639,-8,-3,-3,-2,-1,0,-1,1
14391,14391,1503946121645,22,3,0,0,-2,-4,-3,-8
14392,14392,1503946121660,-1,-7,-2,0,-2,0,-1,-3
14393,14393,1503946121675,-3,-3,-4,0,0,1,-1,-6
14394,14394,1503946121682,-6,-3,-1,-2,0,-1,5,1
14395,14395,1503946121689,-2,-4,1,3,2,0,-1,-7
14396,14396,1503946121700,-6,-8,3,-1,-2,-2,-4,-6
14397,14397,1503946121705,2,4,-8,-1,-1,-2,-2,-3
14398,14398,1503946121720,1,2,-4,1,-1,0,2,3
14399,14399,1503946121727,-5,-6,0,-2,-3,0,1,0
14400,14400,1503946121742,-10,-5,-2,-3,-3,-1,-2,1
14401,14401,1503946121749,3,12,5,1,1,-1,-4,-7
14402,14402,1503946121758,1,-3,1,0,1,0,-3,-1
14403,14403,1503946121767,-2,-4,-2,-1,-1,0,1,3
14404,14404,1503946121780,4,1,3,1,-1,-2,-1,2
14405,14405,1503946121787,-1,-3,-3,-2,-2,-3,-8,4
14406,14406,1503946121803,-4,-1,-5,0,1,1,3,-2
14407,14407,1503946121810,10,-4,-2,-2,-3,-1,3,1
14408,14408,1503946121818,-1,-1,0,2,-2,-2,-1,-1
14409,14409,1503946121824,-8,-3,-4,-2,0,0,1,0
14410,14410,1503946121825,-8,-1,2,0,0,1,0,-6
14411,14411,1503946121840,5,-1,-1,-2,-1,-2,3,0
14412,14412,1503946121847,-2,-4,-1,-4,-1,-1,4,6
14413,14413,1503946121862,-1,0,-1,-1,0,1,-4,-2
14414,14414,1503946121870,-10,-4,-1,1,1,-1,0,-3
14415,14415,1503946121878,3,2,-2,1,-1,-2,-4,-4
14416,14416,1503946121884,-4,-1,0,1,-2,1,0,-2
14417,14417,1503946121901,2,5,-2,-3,-2,-2,-1,2
14418,14418,1503946121907,4,-5,-1,1,-1,0,-3,-4
14419,14419,1503946121923,7,1,0,-2,-1,-2,-4,-7
14420,14420,1503946121930,-2,-3,-4,-2,-1,-2,-1,1
14421,14421,1503946121938,-7,-1,1,0,1,-1,0,2
14422,14422,1503946121945,3,-2,-2,2,-1,-1,4,1
14423,14423,1503946121960,3,2,3,2,0,-1,-3,-5
14424,14424,1503946121969,5,2,0,-1,-1,-1,-3,-4
14425,14425,1503946121989,-5,-3,1,-1,-1,-2,0,2
14426,14426,1503946121991,-4,-1,-1,-1,-1,0,1,-2
14427,14427,1503946121998,-1,-2,-3,-3,0,0,1,1
14428,14428,1503946122005,-4,-1,-1,-3,-2,-2,-1,0
14429,14429,1503946122020,-6,1,0,-1,-2,0,2,10
14430,14430,1503946122027,-1,0,1,0,-1,-1,-1,0
14431,14431,1503946122043,-2,-4,-1,0,0,-2,0,-2
14432,14432,1503946122050,-1,2,2,1,0,0,-5,-2
14433,14433,1503946122058,-3,-5,-3,-3,0,1,-1,-3
14434,14434,1503946122072,-3,-3,-1,0,-2,-2,2,0
14435,14435,1503946122080,3,-1,-3,0,-2,0,-3,-2
14436,14436,1503946122087,-2,-1,-2,-1,0,-1,0,-1
14437,14437,1503946122103,-4,2,-1,-1,-2,-2,0,-2
14438,14438,1503946122111,-3,-5,-1,-1,-1,-1,-1,0
14439,14439,1503946122118,0,2,-2,1,-2,-1,-2,1
14440,14440,1503946122132,0,-1,-4,0,0,0,-1,-9
14441,14441,1503946122141,16,1,0,-2,-1,2,6,6
14442,14442,1503946122147,-4,5,6,3,0,1,-2,-3
14443,14443,1503946122162,-4,-1,-1,0,-1,0,0,-1
14444,14444,1503946122170,-8,-5,-5,-3,-1,0,-4,2
14445,14445,1503946122179,-2,0,-1,-2,0,-3,-2,-5
14446,14446,1503946122192,3,0,0,-2,-1,-3,-5,-2
14447,14447,1503946122200,0,0,-2,-3,-1,0,0,-1
14448,14448,1503946122208,3,1,1,-1,-1,0,2,2
15074,15074,1503946128267,6,-4,-3,-3,-1,1,1,2
15075,15075,1503946128274,-4,0,3,1,0,1,0,-2
15076,15076,1503946128284,11,4,0,-2,-1,-2,-1,2
15077,15077,1503946128297,7,4,2,2,1,0,-2,1
15078,15078,1503946128305,14,2,4,1,-1,0,0,-2
15079,15079,1503946128314,9,-1,-6,-5,-2,-1,3,1
15080,15080,1503946128327,4,-1,-1,-1,-1,-1,-1,1
15081,15081,1503946128336,-5,6,1,0,0,-2,-1,-4
15082,15082,1503946128342,1,-3,-4,-2,-1,-2,0,-1
15083,15083,1503946128357,-1,-4,0,1,0,0,-1,-2
15084,15084,1503946128365,-6,-3,0,0,-1,-1,0,2
15085,15085,1503946128372,-7,-5,-3,1,0,-3,2,3
15086,15086,1503946128387,3,1,5,0,-1,-2,-5,-6
15087,15087,1503946128394,-1,-1,-4,1,-1,2,1,2
15088,15088,1503946128403,-7,-2,-2,-2,2,-1,1,-3
15089,15089,1503946128418,-8,-3,1,-2,0,-1,-3,-3
15090,15090,1503946128425,2,8,-6,-3,-1,-3,1,0
15091,15091,1503946128432,-17,-6,0,-1,-1,0,-1,-3
15092,15092,1503946128447,0,0,0,-1,-1,-1,-3,-4
15093,15093,1503946128455,4,0,0,1,-1,0,-1,-3
15094,15094,1503946128463,23,7,4,-1,0,0,-1,0
15095,15095,1503946128477,-7,-4,1,-1,0,-2,-2,4
15096,15096,1503946128485,-10,-2,1,2,0,0,0,3
15097,15097,1503946128493,9,1,-1,-3,-2,-1,0,2
15098,15098,1503946128507,-9,0,1,-2,-1,0,0,-1
15099,15099,1503946128515,6,-1,2,0,0,0,0,-1
15100,15100,1503946128523,11,5,1,-1,-4,-3,-3,-1
15101,15101,1503946128537,0,-3,-2,-3,2,0,-1,-2
15102,15102,1503946128547,-15,-7,-2,-1,0,0,1,1
15103,15103,1503946128559,6,1,-2,-3,-2,-1,0,-3
15104,15104,1503946128567,-3,-4,-2,-1,-1,-1,1,0
15105,15105,1503946128574,-3,-2,0,3,0,-2,0,-4
15106,15106,1503946128589,-3,-4,-1,-2,0,-1,2,4
15107,15107,1503946128597,1,5,3,0,-3,2,0,1
15108,15108,1503946128605,-4,-5,-5,-3,-1,-1,-4,-3
15109,15109,1503946128619,11,11,-3,-5,-3,-4,-2,-1
15110,15110,1503946128627,4,-2,-1,-1,-2,1,0,-1
15111,15111,1503946128634,-12,-8,0,0,-1,0,-3,-5
15112,15112,1503946128650,2,-4,-3,-1,-3,-1,-1,-1
15113,15113,1503946128658,9,-4,-6,-3,0,-4,-1,0
15114,15114,1503946128665,-5,2,2,1,-1,1,-2,-3
15115,15115,1503946128682,-29,-2,0,0,0,-1,-4,-2
15116,15116,1503946128688,-6,0,-2,0,0,-1,-1,-2
15117,15117,1503946128694,0,-2,-1,-1,-2,-1,0,2
15118,15118,1503946128709,2,4,-3,-3,-3,-3,1,6
15119,15119,1503946128717,4,-1,-3,-1,0,-1,-1,-3
15120,15120,1503946128725,28,-5,-3,-1,-1,-2,-3,-4
15121,15121,1503946128739,9,3,1,2,0,1,1,0
15122,15122,1503946128749,-9,-2,1,1,1,2,0,-2
15123,15123,1503946128754,6,0,3,2,1,-1,-3,-2
15124,15124,1503946128769,-11,-5,-6,2,-1,-2,-1,-5
15125,15125,1503946128777,-10,-4,-2,-2,-1,0,0,1
15126,15126,1503946128785,2,2,-2,0,-1,1,0,0
15127,15127,1503946128799,1,1,-1,-1,-3,0,2,0
15128,15128,1503946128807,-7,-4,1,1,0,-1,0,0
15129,15129,1503946128816,7,1,1,1,-2,1,0,1
15130,15130,1503946128829,1,1,0,0,0,0,-1,0
15131,15131,1503946128837,-4,1,-2,-1,-1,0,-4,-5
15132,15132,1503946128845,2,2,-3,-3,-1,-2,-1,-1
15133,15133,1503946128859,8,0,0,0,-1,-3,0,-4
15134,15134,1503946128867,2,3,5,-1,-2,-3,-3,-2
15135,15135,1503946128874,-5,-6,1,0,1,0,-2,0
15136,15136,1503946128890,-9,-2,-2,-1,2,1,3,1
15137,15137,1503946128897,2,-1,-3,-2,-3,-1,0,0
15138,15138,1503946128905,8,0,-3,-2,-2,-2,-2,1
15139,15139,1503946128920,-15,4,8,0,0,-1,1,0
15140,15140,1503946128927,-21,-3,-3,1,1,0,-1,-1
15141,15141,1503946128934,-9,-7,-4,-2,-2,-1,0,0
15142,15142,1503946128951,1,0,3,-1,-2,-1,-1,-1
15143,15143,1503946128959,4,-1,-2,1,-1,-1,0,4
15144,15144,1503946128965,-9,-2,-1,-1,0,-1,0,-2
15145,15145,1503946128980,3,1,-2,1,-1,-2,-2,-2
15146,15146,1503946128988,0,-3,0,1,1,0,-2,-4
15147,15147,1503946128994,5,-4,-3,-3,-2,1,-2,-1
15148,15148,1503946129009,-2,-3,0,-2,-2,0,-1,1
15149,15149,1503946129017,-1,-4,-5,-1,2,0,1,-1
15150,15150,1503946129026,-1,-2,2,1,-2,-1,-1,0
15151,15151,1503946129040,-5,1,1,-2,0,-1,-2,0
15794,15794,1503946135303,14,0,-6,-4,-14,0,-4,-2
15795,15795,1503946135316,-3,0,-2,2,-3,-1,-2,0
15796,15796,1503946135324,-3,-2,1,-2,-3,-1,0,2
15797,15797,1503946135334,-3,-14,-3,0,1,0,1,0
15798,15798,1503946135346,13,-8,-1,-1,-1,0,-1,-2
15799,15799,1503946135355,4,8,0,-1,1,-1,2,-1
15800,15800,1503946135367,-4,17,3,0,4,0,0,1
15801,15801,1503946135376,4,3,-2,-3,-2,0,-2,-2
15802,15802,1503946135384,9,1,-4,-1,0,0,0,0
15803,15803,1503946135385,-7,4,4,2,2,-1,0,-2
15804,15804,1503946135392,-2,0,-1,0,11,1,-1,-2
15805,15805,1503946135406,15,-1,-4,0,1,-4,0,0
15806,15806,1503946135414,-15,0,2,1,-6,-2,-3,-4
15807,15807,1503946135429,9,6,-2,-2,0,-3,-3,-2
15808,15808,1503946135438,8,-10,-2,-4,-15,-3,1,-2
15809,15809,1503946135444,-8,-1,0,-1,-1,2,-1,0
15810,15810,1503946135452,-3,-3,0,-2,2,1,-4,0
15811,15811,1503946135468,-7,-5,-1,-2,-2,0,0,-1
15812,15812,1503946135474,13,13,1,1,9,-1,2,2
15813,15813,1503946135481,-13,1,-1,2,4,-1,-1,1
15814,15814,1503946135498,33,6,0,-2,-5,-1,-2,-1
15815,15815,1503946135505,-10,-8,-2,0,-3,-1,0,0
15816,15816,1503946135512,-3,1,5,0,-3,1,-1,1
15817,15817,1503946135526,1,-4,-1,-3,0,-2,-1,-2
15818,15818,1503946135536,-5,-2,3,-1,2,2,-1,0
15819,15819,1503946135541,-4,-3,-4,1,-1,1,0,-2
15820,15820,1503946135542,7,7,0,-3,-1,-3,-1,-2
15821,15821,1503946135556,5,-3,1,0,-1,0,-1,-2
15822,15822,1503946135557,-20,-8,-3,-2,-2,-1,-2,-1
15823,15823,1503946135565,-7,-6,0,0,2,0,1,0
15824,15824,1503946135573,-4,-4,-1,3,3,0,-1,-5
15825,15825,1503946135586,-12,-5,-2,1,-8,0,1,-2
15826,15826,1503946135595,7,-3,-4,-4,-2,-2,-1,0
15827,15827,1503946135596,-31,3,0,0,0,0,3,2
15828,15828,1503946135602,-5,-1,0,-1,1,0,-3,0
15829,15829,1503946135616,6,-2,0,-1,0,-3,-1,2
15830,15830,1503946135624,6,0,2,1,0,1,-2,0
15831,15831,1503946135632,7,-5,-5,-2,-3,-2,0,-1
15832,15832,1503946135647,-8,-2,0,-1,-3,-2,0,-2
15833,15833,1503946135654,-23,-5,-2,-3,-2,-1,-1,1
15834,15834,1503946135664,-16,-5,1,2,1,-2,-5,-7
15835,15835,1503946135676,-8,-5,-3,-3,-13,2,0,0
15836,15836,1503946135684,16,0,-1,0,-3,0,1,0
15837,15837,1503946135692,6,5,-1,-1,-1,-2,-1,0
15838,15838,1503946135706,-8,-5,-1,-1,-7,-1,0,-2
15839,15839,1503946135707,6,-1,0,-1,1,0,0,-1
15840,15840,1503946135714,5,-3,5,1,1,0,-1,-1
15841,15841,1503946135721,-2,-1,-4,-1,-1,-3,1,0
15842,15842,1503946135740,0,-9,-3,-1,1,-1,-1,1
15843,15843,1503946135744,-7,-8,1,-3,0,-1,-1,1
15844,15844,1503946135752,6,3,-2,3,3,-2,-1,-1
15845,15845,1503946135766,0,-1,-4,-2,-1,-1,1,1
15846,15846,1503946135774,2,-5,-2,-1,1,-1,0,-3
15847,15847,1503946135782,11,13,-2,-1,-2,-4,-3,-1
15848,15848,1503946135800,-8,-5,1,1,0,-1,0,-1
15849,15849,1503946135801,2,4,0,-2,4,-1,-2,2
15850,15850,1503946135804,6,-3,1,1,3,-1,-1,-1
15851,15851,1503946135813,3,0,-5,-2,-5,-1,1,-1
15852,15852,1503946135826,-4,1,0,-1,-2,0,-2,-2
15853,15853,1503946135834,-7,-4,-4,1,-1,1,-1,0
15854,15854,1503946135842,19,1,0,0,0,1,-1,0
15855,15855,1503946135856,3,2,0,-2,1,1,-1,-1
15856,15856,1503946135865,3,1,1,-2,-1,-1,0,-2
15857,15857,1503946135873,-7,-5,0,0,-3,-1,0,-2
15858,15858,1503946135886,-6,-12,-4,0,-1,1,-2,-1
15859,15859,1503946135894,1,0,-1,-2,-2,0,1,2
15860,15860,1503946135902,-2,6,4,0,2,0,0,-4
15861,15861,1503946135916,0,-7,-4,0,-5,-1,-1,-2
15862,15862,1503946135924,-1,6,-5,-4,-6,-3,-1,3
15863,15863,1503946135932,-2,4,2,-2,-3,-3,-2,-1
15864,15864,1503946135946,-6,-2,0,0,1,1,1,-1
16734,16734,1503946144519,-6,5,5,0,1,-2,-1,1
16735,16735,1503946144526,-20,-1,1,0,-2,1,0,-7
16736,16736,1503946144541,-22,-9,-4,-3,-3,-1,1,-2
16737,16737,1503946144548,24,1,-3,-2,-3,-3,-2,3
16738,16738,1503946144560,-5,3,5,2,0,-2,-3,-4
16739,16739,1503946144570,-18,-3,-4,-1,-2,-2,-1,-1
16740,16740,1503946144578,-15,-4,-6,-1,0,-1,-2,-1
16741,16741,1503946144588,10,-3,0,-1,-1,1,1,0
16742,16742,1503946144602,8,-2,-6,-3,-2,1,1,2
16743,16743,1503946144609,0,0,1,2,1,-1,-3,-2
16744,16744,1503946144617,13,0,-5,-1,-1,-1,-1,-1
16745,16745,1503946144632,7,1,1,0,1,0,-1,1
16746,16746,1503946144639,-3,-4,-4,0,0,1,1,1
16747,16747,1503946144646,-6,-1,-3,-4,-2,-1,-2,-4
16748,16748,1503946144662,-2,-3,-2,-5,-2,-3,-2,-3
16749,16749,1503946144669,5,-3,-5,0,0,1,-1,2
16750,16750,1503946144676,7,0,0,-3,-2,-2,-1,-1
16751,16751,1503946144690,2,0,0,-3,0,-2,0,-1
16752,16752,1503946144691,-6,-5,0,0,0,-2,0,-2
16753,16753,1503946144699,4,-2,-1,1,1,0,-1,0
16754,16754,1503946144706,-1,0,8,3,1,0,-2,-1
16755,16755,1503946144721,-12,0,2,0,-2,0,-1,-1
16756,16756,1503946144729,-3,1,1,-3,-1,-1,0,-1
16757,16757,1503946144737,6,1,-2,-3,0,1,-3,-2
16758,16758,1503946144751,-1,0,-5,2,0,0,-2,-1
16759,16759,1503946144762,2,2,-5,0,-1,-1,1,-1
16760,16760,1503946144766,13,3,-1,-3,-2,-2,-2,3
16761,16761,1503946144781,5,-16,1,2,2,-1,-1,1
16762,16762,1503946144788,-5,-6,-5,1,-2,0,1,-2
16763,16763,1503946144797,2,6,1,-2,-3,-1,-2,-1
16764,16764,1503946144813,5,-4,-4,-2,-2,-1,3,0
16765,16765,1503946144819,2,0,-3,0,-1,2,-1,0
16766,16766,1503946144829,2,5,1,-3,-2,1,1,2
16767,16767,1503946144841,-4,2,-2,-5,-1,-3,-1,-2
16768,16768,1503946144848,-8,1,2,0,1,-1,-3,-2
16769,16769,1503946144857,1,1,-1,1,0,0,-3,-3
16770,16770,1503946144871,7,2,2,-1,-1,-2,-1,0
16771,16771,1503946144879,-5,-4,-3,0,-1,-2,-1,-4
16772,16772,1503946144886,-9,-4,-4,-2,-2,0,0,0
16773,16773,1503946144902,-1,4,0,-3,-1,0,2,2
16774,16774,1503946144908,-3,-10,6,5,2,0,-3,-4
16775,16775,1503946144916,1,-1,-2,-2,-2,0,1,0
16776,16776,1503946144917,2,1,-1,0,-1,0,0,-3
16777,16777,1503946144932,-13,4,-1,-3,-1,-2,2,0
16778,16778,1503946144939,-4,-1,2,-3,-1,-1,-1,1
16779,16779,1503946144946,-27,-8,-2,-1,-1,-1,-1,-3
16780,16780,1503946144961,5,3,-2,-2,-2,0,1,2
16781,16781,1503946144969,7,1,-2,0,-1,-1,-1,-2
16782,16782,1503946144977,-4,0,-2,1,1,-1,-1,-2
16783,16783,1503946144991,-2,-4,-4,-1,0,-3,0,-1
16784,16784,1503946145001,23,-2,-1,-1,-1,1,1,3
16785,16785,1503946145006,-18,-2,-9,-2,-1,0,-2,-2
16786,16786,1503946145021,7,5,-1,1,0,-1,-2,-2
16787,16787,1503946145030,14,-2,-3,-5,-4,-1,0,3
16788,16788,1503946145038,-14,-12,1,2,-1,-2,-1,0
16789,16789,1503946145051,3,1,-1,-1,-1,-1,-1,-2
16790,16790,1503946145059,7,0,-5,-2,0,2,2,0
16791,16791,1503946145061,-4,-1,-1,0,1,-1,-3,-1
16792,16792,1503946145067,13,3,-1,0,0,0,0,1
16793,16793,1503946145081,-14,-6,-3,-1,-1,-2,-2,-2
16794,16794,1503946145088,-3,1,2,-2,-2,-1,-4,-2
16795,16795,1503946145097,-8,-1,-3,-1,0,-1,-2,-5
16796,16796,1503946145111,5,0,-4,0,-2,0,0,-1
16797,16797,1503946145119,11,1,0,-1,-2,-1,1,2
16798,16798,1503946145126,8,2,1,0,1,-3,-1,0
16799,16799,1503946145141,-9,2,0,-4,-3,0,-1,-2
16800,16800,1503946145148,0,-2,-3,-2,0,-2,-2,0
16801,16801,1503946145157,4,1,3,1,-1,0,-1,1
16802,16802,1503946145173,2,-5,3,-2,0,1,1,0
16803,16803,1503946145179,12,1,-1,-2,-1,-2,-2,-5
16804,16804,1503946145187,-4,-3,-2,1,-2,-1,0,-3
16805,16805,1503946145201,-3,2,2,-2,-1,-1,0,2
16806,16806,1503946145209,-8,1,0,-2,-1,1,-1,-2
16807,16807,1503946145217,-3,-4,-1,0,0,0,-1,-1
16808,16808,1503946145231,4,7,17,3,1,2,1,-1
16809,16809,1503946145240,-6,0,-3,-1,-1,-2,0,-2
16810,16810,1503946145246,-4,-4,-2,-1,0,-1,-1,2
16811,16811,1503946145264,-9,-1,1,3,0,-1,2,-1
16812,16812,1503946145269,9,2,-3,-2,-2,0,-1,1
16813,16813,1503946145276,8,4,-1,-1,2,0,-5,-8
16814,16814,1503946145291,-5,-2,-8,-1,-2,-2,-2,0
16815,16815,1503946145299,4,1,-2,-1,-2,-1,0,4
16816,16816,1503946145306,-12,0,-2,-1,-1,1,0,-4
16817,16817,1503946145321,-25,-8,-2,-2,-2,-1,-2,-3
16818,16818,1503946145332,1,-2,-2,0,0,0,0,-2
16819,16819,1503946145344,8,-1,-5,-1,-2,0,-1,-2
16820,16820,1503946145351,19,0,-1,-2,-2,-1,-3,0
16821,16821,1503946145359,-4,6,1,0,1,0,-2,3
16822,16822,1503946145373,16,1,-1,-1,0,-2,-1,0
16823,16823,1503946145381,4,-8,-5,-2,-2,0,1,2
16824,16824,1503946145388,-2,1,-7,-2,-2,-2,-1,-2
16825,16825,1503946145404,3,1,-2,-1,-1,-3,1,-1
16826,16826,1503946145411,-10,-4,1,0,1,-1,-1,-1
16827,16827,1503946145419,8,0,-1,-2,0,0,-2,-2
16828,16828,1503946145433,-7,-1,1,1,-1,-1,1,1
16829,16829,1503946145441,10,3,7,-1,-2,-1,0,1
16830,16830,1503946145448,-2,-1,1,-1,-2,-2,-1,-1
16831,16831,1503946145465,1,-4,-4,2,-1,-1,1,1
17534,17534,1503946152302,4,3,-2,-1,-2,-2,0,-2
17535,17535,1503946152314,2,1,-2,-2,-1,0,-2,-2
17536,17536,1503946152321,4,-2,6,1,-1,-1,-3,-3
17537,17537,1503946152326,2,7,-2,0,0,-2,-2,-2
17538,17538,1503946152340,18,11,4,2,-1,-1,-1,-1
17539,17539,1503946152349,38,5,-2,-2,0,-2,-2,-3
17540,17540,1503946152358,-2,-5,-5,-2,-2,0,1,1
17541,17541,1503946152371,-9,-4,-2,-1,-2,-3,-3,1
17542,17542,1503946152380,-2,-7,0,0,0,-1,-5,-6
17543,17543,1503946152387,-6,-1,5,0,0,-1,-1,0
17544,17544,1503946152400,-9,5,0,-2,1,-1,2,2
17545,17545,1503946152414,6,2,0,0,1,2,0,-1
17546,17546,1503946152424,-7,-2,0,0,-1,-1,-5,-3
17547,17547,1503946152431,-6,-6,-1,0,1,1,1,-6
17548,17548,1503946152438,-4,1,-6,-4,-3,0,3,2
17549,17549,1503946152447,7,-6,-1,0,-1,-3,-3,-5
17550,17550,1503946152461,-15,-9,4,3,0,-1,-1,-3
17551,17551,1503946152468,10,-7,-7,-1,-2,-3,-2,2
17552,17552,1503946152476,1,-7,-3,-2,0,-1,-2,-2
17553,17553,1503946152491,2,2,-1,-3,-2,0,3,2
17554,17554,1503946152497,-2,7,-5,-4,-2,-1,-3,-3
17555,17555,1503946152523,-1,2,-1,-2,0,-1,-2,-1
17556,17556,1503946152531,-15,-3,1,-2,-1,-1,3,0
17557,17557,1503946152536,-11,-3,-4,-2,0,1,-2,-1
17558,17558,1503946152551,-20,3,-4,-1,-3,0,-1,-2
17559,17559,1503946152558,6,10,2,-1,-2,-2,-3,-3
17560,17560,1503946152566,-2,8,5,3,1,1,3,-1
17561,17561,1503946152582,2,-4,3,2,-2,-3,-4,-9
17562,17562,1503946152589,4,4,5,3,2,-1,-7,-12
17563,17563,1503946152596,9,2,1,1,-1,1,-1,-3
17564,17564,1503946152611,4,-4,-10,-5,-1,0,-2,-2
17565,17565,1503946152618,-5,-4,-3,-1,-1,0,1,-1
17566,17566,1503946152626,1,1,-2,1,-1,-2,-4,-4
17567,17567,1503946152640,14,6,0,-2,0,0,1,3
17568,17568,1503946152648,-17,-7,-6,-2,-3,1,0,1
17569,17569,1503946152657,11,-9,2,1,1,0,-1,-5
17570,17570,1503946152671,-3,-6,2,-1,0,0,1,2
17571,17571,1503946152677,-7,-11,-10,-3,0,-1,2,5
17572,17572,1503946152686,5,2,-1,2,-2,-3,-4,-8
17573,17573,1503946152700,-1,-2,1,-2,-1,-2,1,5
17574,17574,1503946152708,-5,-3,2,-1,-4,-1,-1,7
17575,17575,1503946152716,-8,-11,-5,-1,0,-1,-2,0
17576,17576,1503946152731,16,1,0,-4,-2,-2,3,4
17577,17577,1503946152738,18,5,0,1,2,-1,-6,-5
17578,17578,1503946152746,-4,0,1,1,1,0,0,1
17579,17579,1503946152760,2,4,4,4,0,-1,-2,-1
17580,17580,1503946152768,-2,1,0,0,-1,0,1,-2
17581,17581,1503946152776,-14,-2,-2,-2,0,-1,0,0
17582,17582,1503946152792,-6,3,0,3,-1,1,1,3
17583,17583,1503946152798,-8,-3,-2,-2,-2,0,2,3
17584,17584,1503946152813,-11,-4,-2,-3,2,0,0,-2
17585,17585,1503946152820,-10,6,0,-2,-2,-1,-5,-3
17586,17586,1503946152829,4,0,-3,-1,-2,1,1,0
17587,17587,1503946152842,-5,6,-2,0,-1,-1,2,4
17588,17588,1503946152851,3,9,-3,-2,1,-2,-2,-3
17589,17589,1503946152859,0,1,-3,0,0,-1,0,-2
17590,17590,1503946152875,9,-6,0,-1,-1,0,0,2
17591,17591,1503946152880,0,-3,1,-3,-2,1,-1,0
17592,17592,1503946152889,-7,-3,-1,0,-3,-1,-2,0
17593,17593,1503946152903,-8,-7,0,1,0,0,0,-2
17594,17594,1503946152914,-6,-8,-3,-2,-1,-1,-1,-4
17595,17595,1503946152918,4,-3,-3,-3,-4,-1,-1,4
17596,17596,1503946152935,5,-2,2,0,-2,-2,-2,-4
17597,17597,1503946152943,4,4,2,-3,1,-2,0,-1
17598,17598,1503946152952,-5,-1,2,1,-1,1,-4,-3
17599,17599,1503946152965,5,0,2,0,0,-2,-3,-5
17600,17600,1503946152971,5,6,3,3,0,0,1,0
17601,17601,1503946152979,6,5,0,2,-1,-2,-1,-1
17602,17602,1503946152993,-6,-2,-4,-4,-1,0,-4,-6
17603,17603,1503946153001,1,-4,-2,-1,-2,1,0,3
17604,17604,1503946153008,0,-2,-3,0,0,-1,-1,2
18244,18244,1503946159315,-7,-6,-6,-3,-1,0,1,2
18245,18245,1503946159331,-5,0,-9,-4,-2,-1,-1,-3
18246,18246,1503946159340,13,4,-3,-4,-2,0,0,-4
18247,18247,1503946159346,-8,2,1,4,-1,-1,-3,-4
18248,18248,1503946159362,-12,-4,5,3,2,2,1,0
18249,18249,1503946159369,-2,-14,6,1,-1,0,-2,0
18250,18250,1503946159376,-5,-5,6,2,1,-3,-8,-5
18251,18251,1503946159391,2,2,-2,-2,-1,-1,0,3
18252,18252,1503946159399,11,8,5,3,-1,-2,2,0
18253,18253,1503946159407,-9,-20,5,1,0,-3,-2,-7
18254,18254,1503946159420,4,4,-7,-2,-2,-4,0,2
18255,18255,1503946159436,-7,3,-2,-3,-3,-2,1,0
18256,18256,1503946159439,3,0,12,1,-1,1,-1,0
18257,18257,1503946159450,4,9,2,-1,-1,-1,-5,2
18258,18258,1503946159460,-25,11,0,-2,0,0,-2,-9
18259,18259,1503946159466,-8,2,-6,-2,-1,0,-1,-1
18260,18260,1503946159481,-4,-10,-7,-3,0,0,0,0
18261,18261,1503946159489,0,3,-5,-1,0,-1,0,-2
18262,18262,1503946159513,9,7,-1,1,0,0,-2,-4
18263,18263,1503946159518,-7,2,4,0,-1,-1,-2,-4
18264,18264,1503946159526,-4,0,-2,-1,-3,0,2,2
18265,18265,1503946159541,0,2,-2,-1,0,-1,2,7
18266,18266,1503946159548,10,6,2,2,1,1,0,1
18267,18267,1503946159555,-11,-4,-2,-2,-1,0,3,3
18268,18268,1503946159570,7,0,-1,-2,-2,-3,-2,-1
18269,18269,1503946159578,6,0,0,3,1,-2,-2,-4
18270,18270,1503946159586,-5,-3,2,2,1,-1,1,-8
18271,18271,1503946159601,3,-4,-9,-2,-3,-3,-3,-1
18272,18272,1503946159608,4,0,-6,-3,-3,0,0,1
18273,18273,1503946159609,-5,1,-6,-1,-2,-2,-1,2
18274,18274,1503946159615,-1,-6,-2,-2,-2,0,-2,-6
18275,18275,1503946159633,17,5,-1,-2,1,1,1,-2
18276,18276,1503946159641,-18,-1,0,-1,-1,-2,-2,3
18277,18277,1503946159655,-15,-5,-5,-3,0,0,1,1
18278,18278,1503946159660,5,9,7,5,1,0,2,1
18279,18279,1503946159668,-1,-4,-5,-6,-2,-2,-5,-1
18280,18280,1503946159676,4,-7,-6,-5,-3,-2,-3,-4
18281,18281,1503946159690,-8,-2,1,-1,-2,-2,-1,4
18282,18282,1503946159699,8,-2,0,-1,0,-1,-3,-4
18283,18283,1503946159708,-2,-3,3,0,0,0,-3,-3
18284,18284,1503946159720,-22,-10,2,-1,0,1,4,4
18285,18285,1503946159729,7,4,1,1,0,-3,-5,-4
18286,18286,1503946159736,-7,-7,-7,-3,-1,-1,2,1
18287,18287,1503946159760,11,1,2,2,0,-2,-2,0
18288,18288,1503946159767,4,1,-1,-1,-2,0,0,-2
18289,18289,1503946159784,17,5,-7,-2,-5,0,-1,-1
18290,18290,1503946159800,-4,14,-1,-3,-1,0,-2,-3
18291,18291,1503946159811,-1,-3,-4,-2,-1,0,2,-2
18292,18292,1503946159818,-4,-2,5,1,1,-4,-1,4
18293,18293,1503946159826,-3,2,4,-1,-2,-3,-3,-2
18294,18294,1503946159841,7,-8,-3,-3,-3,1,0,4
18295,18295,1503946159849,-35,-10,-7,3,1,0,0,-2
18296,18296,1503946159855,-8,-10,-8,-2,-1,-3,-3,-7
18297,18297,1503946159870,4,3,4,0,0,0,0,-1
18298,18298,1503946159878,13,3,25,3,0,1,0,-1
18299,18299,1503946159886,-3,0,-1,-2,1,-2,1,4
18300,18300,1503946159900,3,0,-11,-4,-2,-1,-2,-5
18301,18301,1503946159908,11,8,9,3,2,0,-3,-7
18302,18302,1503946159915,-17,-6,-6,-2,0,-1,-3,-5
18303,18303,1503946159932,5,5,-6,-2,-3,-1,-1,-1
18304,18304,1503946159938,18,10,-1,2,-1,0,0,2
18305,18305,1503946159946,-12,-3,-4,-4,-1,-2,-2,-2
18306,18306,1503946159960,-9,2,-6,-2,-2,-2,-1,-1
18307,18307,1503946159968,11,0,-6,0,-3,0,-1,2
18308,18308,1503946159975,-9,-2,-5,-4,0,0,0,1
18309,18309,1503946159990,-1,3,4,-2,-3,-2,-2,0
18310,18310,1503946160000,18,0,3,2,-1,-3,-2,9
18311,18311,1503946160006,-7,-4,1,-1,0,-1,3,3
18312,18312,1503946160020,0,1,-3,-3,0,0,-1,0
18313,18313,1503946160028,-5,-4,-5,-2,0,0,0,0
18314,18314,1503946160036,2,-3,-1,-1,-1,-2,2,-3
18315,18315,1503946160050,23,4,-3,-1,-2,-1,0,-3
18316,18316,1503946160058,8,9,6,1,0,0,0,-3
18317,18317,1503946160067,5,1,-3,-2,-1,-2,3,5
18318,18318,1503946160080,-4,-13,2,1,-2,-1,-1,0
18319,18319,1503946160088,9,-1,1,0,0,-2,-3,-3
18320,18320,1503946160096,-12,-4,4,2,1,-1,0,-5
18321,18321,1503946160111,0,-2,2,0,-1,0,-3,-9
18322,18322,1503946160118,6,-3,-1,0,1,2,-1,0
18323,18323,1503946160126,4,2,-2,-3,1,1,2,3
18324,18324,1503946160140,-1,0,-5,-2,-1,-2,-2,-1
18325,18325,1503946160150,13,-4,-3,-4,-4,-3,-3,0
18326,18326,1503946160155,2,-2,-1,1,-1,1,2,3
18327,18327,1503946160179,-12,-6,-4,-1,-2,-1,-4,-11
18328,18328,1503946160186,-3,7,-1,0,-1,-1,1,1
18947,18947,1503946166192,-12,-6,-11,-3,-3,0,-2,-1
18948,18948,1503946166194,-18,-3,1,1,-1,-2,0,-2
18949,18949,1503946166210,-19,-6,-3,1,-1,0,1,-1
18950,18950,1503946166217,27,2,-3,-2,-3,-1,-3,-2
18951,18951,1503946166222,-5,-3,0,1,0,-2,0,-1
18952,18952,1503946166223,6,-3,-4,0,1,-1,1,3
18953,18953,1503946166237,-7,15,3,0,1,2,0,1
18954,18954,1503946166245,-12,10,4,2,0,0,0,-4
18955,18955,1503946166253,-21,2,3,3,-2,-1,0,-1
18956,18956,1503946166268,3,-1,-2,-4,-3,-1,0,-2
18957,18957,1503946166280,16,1,-1,-2,-2,0,-1,0
18958,18958,1503946166283,7,2,-1,-2,1,0,-4,-3
18959,18959,1503946166298,8,-10,-3,-2,0,-3,0,5
18960,18960,1503946166306,5,-2,-1,-3,-4,-1,-3,-2
18961,18961,1503946166314,-23,-5,-6,-1,-2,1,-1,-1
18962,18962,1503946166328,5,4,1,-1,-2,0,0,0
18963,18963,1503946166336,16,-2,-7,-1,0,-2,0,2
18964,18964,1503946166345,0,-7,-3,-1,0,-2,-2,-1
18965,18965,1503946166360,-18,-3,2,1,1,-1,-1,-6
18966,18966,1503946166365,-6,2,-1,0,-1,0,0,0
18967,18967,1503946166374,-3,16,5,1,0,-1,-2,-5
18968,18968,1503946166387,3,-3,2,-3,-2,-2,1,1
18969,18969,1503946166395,14,-4,-3,-3,-1,-2,-1,-1
18970,18970,1503946166402,3,-3,-1,1,1,-1,-2,-2
18971,18971,1503946166419,5,1,0,-1,-2,-1,-2,-1
18972,18972,1503946166425,-6,-7,0,1,1,0,1,0
18973,18973,1503946166433,4,-2,0,-1,0,1,-1,0
18974,18974,1503946166447,-4,0,-2,-3,-1,-1,3,4
18975,18975,1503946166455,36,14,6,3,0,-1,-3,-3
18976,18976,1503946166462,15,2,3,0,2,2,0,-8
18977,18977,1503946166478,-4,1,4,-1,-1,1,-1,-5
18978,18978,1503946166485,10,3,-1,-3,-3,-3,-1,0
18979,18979,1503946166493,-12,-2,-3,2,0,0,2,1
18980,18980,1503946166507,-41,-9,-3,-1,0,-1,-2,-2
18981,18981,1503946166516,9,-8,-1,-6,-2,-3,-1,2
18982,18982,1503946166522,8,9,-11,-5,-2,0,-1,0
18983,18983,1503946166523,2,3,2,-1,-1,2,-1,0
18984,18984,1503946166537,10,0,4,-1,-2,-2,-2,-3
18985,18985,1503946166538,-7,-11,-7,2,-2,-1,1,1
18986,18986,1503946166546,3,0,2,3,2,1,0,2
18987,18987,1503946166554,-8,-4,-4,-2,-1,-1,-3,1
18988,18988,1503946166567,-29,-2,-1,-1,-3,-2,-2,-2
18989,18989,1503946166576,-4,0,1,0,1,2,-4,-5
18990,18990,1503946166583,14,1,0,1,1,-1,-3,1
18991,18991,1503946166597,-1,1,0,-1,0,-1,-1,1
18992,18992,1503946166605,-8,-1,-2,-2,0,-2,-2,-5
18993,18993,1503946166613,31,2,-4,0,0,-1,-1,0
18994,18994,1503946166627,1,-1,2,4,2,-3,-2,0
18995,18995,1503946166635,-26,-2,6,2,1,0,1,0
18996,18996,1503946166649,11,-2,-4,-3,-1,0,-1,-2
18997,18997,1503946166657,13,2,1,-2,0,0,-2,1
18998,18998,1503946166665,-7,-6,-4,1,-1,1,2,-2
18999,18999,1503946166673,-5,-3,-1,0,-1,-2,2,1
19000,19000,1503946166688,11,-4,-2,-4,-2,-4,-2,-1
19001,19001,1503946166698,-14,0,0,1,-2,-2,-2,-4
19002,19002,1503946166702,10,0,-1,0,0,-1,0,1
19003,19003,1503946166718,3,-3,-7,-5,-3,-1,-3,-1
19004,19004,1503946166725,-4,4,-3,-1,-1,2,0,0
19005,19005,1503946166733,-7,0,3,-1,0,0,0,0
19006,19006,1503946166748,-9,3,3,0,0,0,2,0
19007,19007,1503946166756,7,5,-3,-1,-1,-3,-1,0
19008,19008,1503946166762,14,-1,-3,1,0,1,-1,0
19009,19009,1503946166778,12,-7,-2,-2,1,-2,-1,-3
19010,19010,1503946166785,14,2,0,-3,-2,0,-2,1
19011,19011,1503946166800,-6,4,0,3,-1,1,1,3
19012,19012,1503946166807,6,3,10,1,-2,-2,1,-4
19013,19013,1503946166808,-1,-4,-6,-1,-3,-4,-1,-1
19014,19014,1503946166816,-10,-5,-2,-1,-2,0,0,-1
19921,19921,1503946175702,-2,-2,3,2,-1,1,0,-2
19922,19922,1503946175710,-9,-6,2,2,-1,-1,0,1
19923,19923,1503946175717,6,3,8,3,-2,-1,-3,1
19924,19924,1503946175732,-3,-2,-1,-1,0,-1,-2,0
19925,19925,1503946175743,11,-3,-7,-4,-1,-1,-1,-4
19926,19926,1503946175747,-7,-3,1,-3,-1,0,2,1
19927,19927,1503946175762,-31,-5,-3,-1,-1,0,-2,-3
19928,19928,1503946175769,5,-1,0,-1,-1,0,1,-1
19929,19929,1503946175780,3,0,0,0,-2,0,0,2
19930,19930,1503946175792,11,1,-6,-3,-3,-1,-3,-1
19931,19931,1503946175800,-1,0,-3,-1,0,0,-3,-3
19932,19932,1503946175809,1,4,2,0,0,0,1,1
19933,19933,1503946175822,6,1,-1,5,1,-3,-1,3
19934,19934,1503946175829,-4,-3,-1,-2,-2,0,0,-1
19935,19935,1503946175838,-7,-7,-3,-3,-2,1,0,-1
19936,19936,1503946175852,-2,-2,4,1,0,0,-3,-2
19937,19937,1503946175860,-4,-2,2,-4,-1,0,-3,-3
19938,19938,1503946175867,-14,-5,-3,-1,-1,1,0,-1
19939,19939,1503946175883,14,5,-2,-1,1,-3,-1,-2
19940,19940,1503946175890,4,2,1,3,-1,-1,-3,0
19941,19941,1503946175897,-4,2,5,0,-1,-3,-1,-2
19942,19942,1503946175912,6,-1,-3,1,-1,-1,2,1
19943,19943,1503946175920,1,-3,-5,0,0,-1,0,3
19944,19944,1503946175927,11,3,-1,-2,0,-1,-4,-2
19945,19945,1503946175945,-9,-3,-2,-2,0,-1,-3,-3
19946,19946,1503946175951,10,-8,2,-2,0,-3,-1,-2
19947,19947,1503946175958,8,5,1,-1,-1,1,0,0
19948,19948,1503946175972,-7,-1,0,1,-2,-1,1,-2
19949,19949,1503946175980,-9,-10,-4,-4,-3,-1,0,-5
19950,19950,1503946175987,-22,0,1,1,0,1,-1,-1
19951,19951,1503946176002,0,-1,-5,-1,-1,1,0,4
19952,19952,1503946176011,3,-2,-4,-4,-1,-1,-1,-5
19953,19953,1503946176021,-3,8,9,1,1,-1,-1,-1
19954,19954,1503946176032,-1,-2,-5,1,0,0,0,3
19955,19955,1503946176040,9,0,0,1,-2,-2,-2,-5
19956,19956,1503946176047,2,-1,-7,-4,-3,-2,0,0
19957,19957,1503946176062,1,6,6,1,1,-1,1,4
19958,19958,1503946176069,11,5,0,-1,-3,-1,-4,1
19959,19959,1503946176079,1,-5,-3,0,-2,0,0,4
19960,19960,1503946176092,1,-1,2,0,1,-1,2,1
19961,19961,1503946176100,-1,-4,-5,-1,-1,-1,0,2
19962,19962,1503946176114,-3,-1,-1,-2,-1,-1,-1,1
19963,19963,1503946176122,0,-2,-8,-2,-1,-1,-1,-1
19964,19964,1503946176129,-7,-3,9,4,0,0,-1,-4
19965,19965,1503946176146,3,2,-2,1,-1,-1,-4,-6
19966,19966,1503946176152,-3,0,-1,-1,1,0,0,0
19967,19967,1503946176160,-7,-4,-1,-3,-1,1,1,-2
19968,19968,1503946176174,-1,0,-3,-2,-3,-3,-2,-4
19969,19969,1503946176183,5,2,1,0,-1,-2,-2,-1
19970,19970,1503946176189,-6,4,-2,-1,0,-1,0,0
19971,19971,1503946176204,4,-4,3,0,0,-2,-2,-2
19972,19972,1503946176213,1,-10,2,3,1,0,-2,-1
19973,19973,1503946176221,0,0,-4,-3,-4,-1,-3,-1
19974,19974,1503946176234,3,3,-2,-2,0,1,2,1
19975,19975,1503946176242,-5,-5,-1,-3,-1,1,3,1
19976,19976,1503946176250,-4,2,3,-1,-1,-1,-1,-4
19977,19977,1503946176264,-4,2,0,0,0,-2,0,0
19978,19978,1503946176272,-4,-4,-5,-3,-1,0,0,4
19979,19979,1503946176280,-7,0,-1,-1,1,-1,0,-2
19980,19980,1503946176295,-6,-3,-7,-3,-2,-3,-2,-4
19981,19981,1503946176303,-8,0,2,-2,0,0,-1,-1
19982,19982,1503946176309,0,-5,-1,0,-1,0,-1,-3
19983,19983,1503946176324,5,7,0,0,-1,0,1,0
19984,19984,1503946176332,8,4,2,1,0,-2,-3,0
19985,19985,1503946176340,-8,-8,-3,-2,-1,0,1,-1
19986,19986,1503946176355,3,-3,0,0,-2,0,0,0
19987,19987,1503946176371,-16,0,6,-1,-1,-2,-2,-2
19988,19988,1503946176385,2,5,1,-3,-3,0,0,-1
19989,19989,1503946176392,15,6,5,0,-1,-1,0,2
19990,19990,1503946176400,1,0,0,0,0,-1,-1,-1
19991,19991,1503946176421,9,3,-6,-2,-1,-2,0,1
20454,20454,1503946180937,-19,-10,-10,-4,-4,-2,-5,-21
20455,20455,1503946180946,-46,-13,-9,-3,10,36,-1,0
20456,20456,1503946180952,-17,-3,1,-1,6,15,13,10
20457,20457,1503946180967,-68,3,-2,-9,-22,3,-7,-10
20458,20458,1503946180974,22,-12,-12,-1,-5,-44,7,17
20459,20459,1503946180982,22,1,8,5,8,-5,2,32
20460,20460,1503946180997,1,1,5,2,1,8,-6,-12
20461,20461,1503946181005,34,-2,1,5,-1,-17,-6,-5
20462,20462,1503946181013,-51,8,17,2,4,14,2,-10
20463,20463,1503946181027,29,15,1,-1,1,4,-2,0
20464,20464,1503946181034,-24,-7,-8,-1,-2,-36,8,-10
20465,20465,1503946181042,-51,-8,-3,-2,4,10,12,-19
20466,20466,1503946181057,-7,-2,-6,-2,-1,19,-7,5
20467,20467,1503946181065,54,-2,-15,-2,-2,-9,-3,-1
20468,20468,1503946181072,-23,-31,-9,-1,-2,13,11,23
20469,20469,1503946181087,-29,0,1,2,0,1,-3,-20
20470,20470,1503946181088,35,0,0,0,3,2,11,8
20471,20471,1503946181094,24,9,2,1,1,7,-9,-30
20472,20472,1503946181102,13,-2,3,-2,-2,-7,5,52
20473,20473,1503946181117,91,14,-5,-6,-3,4,-11,-14
20474,20474,1503946181125,-53,-16,-5,-4,-3,7,-5,-20
20475,20475,1503946181132,20,0,5,3,3,7,1,36
20476,20476,1503946181148,20,9,9,-2,-2,-4,0,1
20477,20477,1503946181154,-15,-21,-2,-1,-2,-4,-20,-66
20478,20478,1503946181169,-36,-10,-4,1,1,-2,-2,1
20479,20479,1503946181177,-24,13,6,2,5,26,12,62
20480,20480,1503946181185,-31,-12,-16,-9,-6,-35,-9,-52
20481,20481,1503946181186,-4,10,5,2,-4,-29,-21,-66
20482,20482,1503946181192,-16,4,0,0,0,9,8,31
20483,20483,1503946181207,9,8,-1,-6,0,9,1,31
20484,20484,1503946181215,-12,-10,2,0,-3,-11,-6,-32
20485,20485,1503946181223,61,24,19,4,-2,-1,0,10
20486,20486,1503946181237,0,-17,-6,-2,-3,-4,-3,-2
20487,20487,1503946181247,-32,-15,-10,-2,-1,4,-1,-7
20488,20488,1503946181252,-58,1,-5,-3,-3,-8,-17,-79
20489,20489,1503946181283,74,7,6,1,-1,-1,-1,-18
20490,20490,1503946181284,-17,-11,-4,3,2,-6,-1,11
20491,20491,1503946181289,15,12,5,4,1,6,9,43
20492,20492,1503946181290,-15,1,4,2,2,0,1,-47
20493,20493,1503946181297,0,0,-4,-6,-4,2,0,4
20494,20494,1503946181305,-4,14,13,5,2,8,3,38
20495,20495,1503946181312,79,30,-1,-1,1,1,6,19
20496,20496,1503946181327,-4,-11,1,-1,-1,-2,-5,-19
20497,20497,1503946181334,5,4,5,1,-3,-6,9,35
20498,20498,1503946181342,-72,-9,-14,-7,-5,-1,11,28
20499,20499,1503946181362,49,16,10,4,1,1,3,21
20500,20500,1503946181365,-50,-2,0,-1,0,17,-15,-29
20501,20501,1503946181372,-27,-8,-13,-4,-5,-3,-4,-11
20502,20502,1503946181387,33,-19,-15,-9,-4,0,-4,-8
20503,20503,1503946181395,-17,13,21,4,3,0,-3,-3
20504,20504,1503946181402,31,6,-2,2,-1,-13,1,20
20505,20505,1503946181418,-10,4,1,1,1,-2,5,14
20506,20506,1503946181425,-1,-11,-1,1,2,-4,-3,-17
20507,20507,1503946181432,3,-2,4,1,3,1,-7,-19
20508,20508,1503946181456,-12,10,12,2,2,-3,1,10
20509,20509,1503946181463,56,18,3,0,0,0,-2,-6
20510,20510,1503946181477,12,-4,-8,-3,-9,-43,-4,-40
20511,20511,1503946181485,-43,-7,2,2,0,0,-6,-36
20512,20512,1503946181492,-4,-2,-6,-5,0,9,0,4
20513,20513,1503946181507,10,-3,3,1,0,0,4,13
20514,20514,1503946181517,-24,-18,-7,-2,-2,6,-1,-7
20515,20515,1503946181524,-20,6,4,-3,-16,3,-1,7
20516,20516,1503946181537,-6,-8,-1,6,9,10,0,4
20517,20517,1503946181552,4,-6,-8,-4,0,-3,0,12
20518,20518,1503946181553,-9,-8,-4,-7,-5,-3,-1,3
20519,20519,1503946181567,-59,-11,3,0,2,7,5,-9
20520,20520,1503946181574,20,4,2,-1,-2,6,-2,8
20521,20521,1503946181585,26,6,2,2,3,-3,-4,-1
20522,20522,1503946181597,-26,-8,2,-2,-6,-28,0,-1
20523,20523,1503946181605,4,-6,-9,1,12,-6,-4,-2
20524,20524,1503946181612,5,4,-7,-3,2,8,2,-1
20525,20525,1503946181627,-1,-2,1,-6,-10,-4,0,1
20526,20526,1503946181634,-4,1,-1,1,-4,8,0,-1
20527,20527,1503946181642,-21,0,-7,3,-3,4,-2,-7
20528,20528,1503946181658,4,21,3,-1,-5,-1,-1,-4
20529,20529,1503946181665,7,-9,-5,0,13,-5,-2,0
20530,20530,1503946181672,-3,-15,-8,-4,2,5,-1,-3
20531,20531,1503946181688,12,1,4,-3,-3,-4,-1,7
21061,21061,1503946186802,-9,-4,-9,-2,-2,10,9,8
21062,21062,1503946186809,27,0,-1,-1,-3,24,0,11
21063,21063,1503946186817,9,9,7,3,9,-33,-1,4
21064,21064,1503946186819,3,-7,-1,-3,-1,8,-7,-5
21065,21065,1503946186832,3,2,1,0,-4,-2,-6,-14
21066,21066,1503946186839,-8,-5,-5,-3,2,-3,-1,1
21067,21067,1503946186847,20,-3,2,3,0,-4,0,-18
21068,21068,1503946186862,30,19,0,2,0,-8,-5,-8
21069,21069,1503946186869,10,-1,-8,-1,2,-6,3,8
21070,21070,1503946186876,-22,-1,-1,0,-2,6,2,-22
21071,21071,1503946186877,-12,-20,-12,-7,-3,1,-5,-10
21072,21072,1503946186892,-18,6,5,2,-1,-8,-2,-1
21073,21073,1503946186899,-73,0,-5,-1,-2,-4,4,33
21074,21074,1503946186907,7,-2,1,0,1,9,1,16
21075,21075,1503946186922,-1,-4,3,2,-1,-1,-1,-8
21076,21076,1503946186930,1,-1,-4,-2,-2,-4,-2,-4
21077,21077,1503946186936,34,2,5,5,2,-1,1,0
21078,21078,1503946186954,3,2,-4,-8,-2,0,-1,-5
21079,21079,1503946186961,-11,8,-5,-4,-4,-6,-5,-3
21080,21080,1503946186967,-50,-5,-7,-1,-1,-7,2,1
21081,21081,1503946186981,3,-13,9,7,2,-5,4,2
21082,21082,1503946186990,35,3,-3,-1,-1,-3,-4,-2
21083,21083,1503946186997,33,-1,-4,-5,-5,5,-1,3
21084,21084,1503946187011,-1,-4,2,4,2,-6,3,1
21085,21085,1503946187021,25,-4,0,1,20,18,-2,-2
21086,21086,1503946187028,19,-1,-4,-7,-4,2,-3,-9
21087,21087,1503946187042,-7,3,4,-3,5,9,3,6
21088,21088,1503946187049,-4,0,5,1,-2,-2,-1,3
21089,21089,1503946187057,-11,0,-5,-5,-4,-9,2,3
21090,21090,1503946187071,1,8,9,3,-2,-7,-1,-3
21091,21091,1503946187079,4,-3,-7,-7,-6,-4,-1,-1
21092,21092,1503946187090,-6,-7,1,-1,3,6,-2,-6
21093,21093,1503946187101,0,-9,-5,2,1,1,2,1
21094,21094,1503946187102,20,14,0,1,-7,-2,1,1
21095,21095,1503946187109,8,-13,-10,-3,0,-2,-4,0
21096,21096,1503946187116,-10,-5,1,2,-4,-5,-5,-7
21097,21097,1503946187131,-2,-3,-2,-5,-5,-6,-2,-3
21098,21098,1503946187139,-7,-3,1,6,4,22,2,0
21099,21099,1503946187147,-10,-2,-1,-4,7,0,-1,-2
21100,21100,1503946187162,0,1,0,-1,-4,15,-2,2
21101,21101,1503946187170,-2,-3,-2,0,-7,-3,0,3
21102,21102,1503946187177,-10,-4,-1,-2,0,-12,-4,-9
21103,21103,1503946187192,1,5,2,2,0,-2,-2,-1
21104,21104,1503946187199,8,-2,-1,-2,-5,-11,2,3
21105,21105,1503946187207,0,-2,-2,-2,0,2,-1,-2
21106,21106,1503946187223,-7,-2,-3,0,-5,-9,2,5
21107,21107,1503946187230,8,5,2,3,3,8,1,3
21108,21108,1503946187237,-15,-3,-3,-3,-1,20,2,-2
21109,21109,1503946187251,-30,3,-2,-1,-4,-1,-1,-6
21110,21110,1503946187259,9,-1,2,-1,2,-5,-3,-4
21111,21111,1503946187267,9,-5,-3,0,1,-1,1,0
21112,21112,1503946187281,-9,-2,-1,0,-7,-8,-1,-1
21113,21113,1503946187290,-2,-3,-2,-1,0,-4,6,19
21114,21114,1503946187303,6,-2,3,0,-2,-10,-2,6
21115,21115,1503946187311,19,4,2,3,3,7,3,5
21116,21116,1503946187319,-14,0,-2,-5,-2,-5,-3,-3
21117,21117,1503946187334,5,-1,-1,-1,-1,-1,-7,-9
21118,21118,1503946187341,7,4,-6,-1,1,-7,-5,-6
21119,21119,1503946187349,-8,1,0,3,1,3,-5,-3
21120,21120,1503946187367,-8,-3,-2,-3,-1,2,2,4
21121,21121,1503946187372,0,3,5,-1,-3,1,-5,-6
21122,21122,1503946187379,8,0,0,2,1,-4,5,12
21123,21123,1503946187394,-4,2,-3,-3,-2,-11,-1,-6
21124,21124,1503946187401,-3,-4,-2,-1,-3,-2,-3,-3
21761,21761,1503946193731,6,-6,3,2,0,-2,-5,-3
21762,21762,1503946193739,-1,-6,-7,-3,-4,0,3,10
21763,21763,1503946193746,1,-1,2,1,2,-1,2,3
21764,21764,1503946193754,12,-6,-7,-3,-1,5,1,4
21765,21765,1503946193772,-9,3,1,1,4,7,-13,-17
21766,21766,1503946193777,-1,-7,-10,-5,-3,-5,-5,-11
21767,21767,1503946193784,-2,27,4,0,-1,-3,3,4
21768,21768,1503946193805,0,4,-3,0,-1,1,0,-10
21769,21769,1503946193806,2,-5,6,2,-2,-5,1,0
21770,21770,1503946193815,-8,-1,-2,-5,-3,1,0,2
21771,21771,1503946193828,-3,-13,-7,-3,-3,-1,2,3
21772,21772,1503946193837,-2,-13,-6,-2,-1,3,0,1
21773,21773,1503946193851,1,-8,4,0,0,-1,4,0
21774,21774,1503946193859,-4,-2,0,-1,-2,-1,-4,-4
21775,21775,1503946193868,-6,-4,-2,1,-2,0,-2,-1
21776,21776,1503946193881,-5,-1,-3,0,-2,-1,1,0
21777,21777,1503946193888,7,-1,8,41,15,1,2,5
21778,21778,1503946193896,-2,7,14,5,4,1,-2,-2
21779,21779,1503946193912,-2,-8,-8,-26,-21,-5,0,1
21780,21780,1503946193919,3,5,4,5,5,-1,-6,0
21781,21781,1503946193926,0,-1,9,0,-17,-1,2,-1
21782,21782,1503946193941,-2,-3,-8,-18,-15,9,3,-4
21783,21783,1503946193948,-2,-1,0,2,-1,-29,0,-9
21784,21784,1503946193957,-6,-1,-5,-8,10,-5,-1,-4
21785,21785,1503946193971,4,-9,-15,-16,-2,9,0,4
21786,21786,1503946193979,9,-24,-27,-34,-12,-6,-2,5
21787,21787,1503946193986,5,3,-1,-7,7,6,1,4
21788,21788,1503946194004,12,3,0,16,-2,3,0,1
21789,21789,1503946194008,-16,-11,-12,-3,-5,2,-2,3
21790,21790,1503946194016,-35,2,4,-4,-4,-5,-1,5
21791,21791,1503946194030,0,15,13,9,8,4,-1,-5
21792,21792,1503946194039,15,6,-1,4,-19,-2,-1,-12
21793,21793,1503946194046,-7,-5,-4,0,9,4,2,-2
21794,21794,1503946194061,31,2,5,11,7,-34,0,1
21795,21795,1503946194070,33,-2,3,-5,0,-1,0,8
21796,21796,1503946194078,-9,-4,6,6,-3,10,-2,-2
21797,21797,1503946194090,-23,-5,5,5,7,-1,-2,0
21798,21798,1503946194099,26,12,4,2,5,5,-2,1
21799,21799,1503946194106,-8,-4,-1,-6,-7,-4,0,-7
21800,21800,1503946194107,-13,-9,-11,-4,3,6,-1,-8
21801,21801,1503946194121,1,5,-4,3,5,2,-1,-1
21802,21802,1503946194129,23,4,6,-1,-7,0,0,0
21803,21803,1503946194138,-10,-10,-7,-6,0,3,1,-8
21804,21804,1503946194150,-19,-13,-7,-3,-5,-3,-2,-6
21805,21805,1503946194158,-19,-2,3,3,-1,4,-2,-2
21806,21806,1503946194166,-4,-9,-15,-8,-1,-4,-2,-3
21807,21807,1503946194181,-11,22,5,3,3,4,0,7
21808,21808,1503946194188,57,16,-2,-3,-5,0,0,6
21809,21809,1503946194197,0,-4,-5,-1,0,1,3,0
21810,21810,1503946194211,-14,-3,8,3,2,5,-1,-5
21811,21811,1503946194219,-11,-6,1,-3,-1,2,0,-3
21812,21812,1503946194226,-3,-3,-6,0,0,-1,0,-2
21813,21813,1503946194242,4,-5,5,2,-1,-1,-2,-2
21814,21814,1503946194249,15,20,9,-1,-1,-1,-3,-3
21815,21815,1503946194257,4,2,6,3,-3,-3,-4,-7
21816,21816,1503946194272,13,1,-12,-6,-2,-4,1,8
21817,21817,1503946194279,-17,15,11,1,-1,-2,-3,-6
21818,21818,1503946194280,1,-16,-5,1,0,0,1,-5
21819,21819,1503946194286,-22,-6,-4,-2,-2,0,0,-4
21820,21820,1503946194301,-4,2,2,4,4,0,-11,-9
21821,21821,1503946194309,-11,-10,-8,-1,-3,-4,-1,9
22537,22537,1503946201337,2,-4,0,1,2,-2,-3,7
22538,22538,1503946201351,-14,-2,1,0,1,-2,-1,-1
22539,22539,1503946201359,-7,-1,0,-2,-3,0,-2,-9
22540,22540,1503946201366,19,4,7,3,1,-1,-4,-10
22541,22541,1503946201381,-7,-9,-4,-1,-4,0,2,-3
22542,22542,1503946201393,21,4,0,0,3,0,1,0
22543,22543,1503946201398,14,-7,-6,4,2,2,1,5
22544,22544,1503946201411,-5,-2,-6,-2,-1,-1,0,4
22545,22545,1503946201420,-20,-1,-4,-3,-1,0,-3,-1
22546,22546,1503946201426,-3,3,4,3,0,-1,-2,0
22547,22547,1503946201441,-3,9,11,1,-1,-1,0,0
22548,22548,1503946201448,-21,-8,1,2,15,-2,2,0
22549,22549,1503946201460,13,6,-5,1,0,-4,-2,-3
22550,22550,1503946201471,-25,1,-2,-1,-5,0,0,2
22551,22551,1503946201479,-8,2,3,-2,-1,-2,-2,-1
22552,22552,1503946201486,-5,-4,-2,-4,-2,-1,-1,0
22553,22553,1503946201501,4,2,-2,-2,0,0,1,-2
22554,22554,1503946201508,-6,-4,1,0,-1,0,1,-2
22555,22555,1503946201516,-20,-9,-1,-3,-2,-2,-1,-2
22556,22556,1503946201531,7,0,1,-2,-1,3,0,5
22557,22557,1503946201539,14,12,1,-5,-7,-3,-1,-2
22558,22558,1503946201546,8,4,0,1,-4,1,1,0
22559,22559,1503946201561,-14,-4,0,1,-6,-1,1,1
22560,22560,1503946201568,11,5,1,-1,-1,-2,-3,-4
22561,22561,1503946201576,-8,-2,-1,-1,1,0,-3,-2
22562,22562,1503946201596,-8,-8,-2,-2,2,-1,-2,-2
22563,22563,1503946201599,14,4,1,-1,1,0,-1,2
22564,22564,1503946201606,-2,-8,-3,-1,-1,-1,-2,-6
22565,22565,1503946201624,1,0,-3,-1,-3,-1,1,-3
22566,22566,1503946201629,1,2,-1,0,-6,-3,-1,-1
22567,22567,1503946201636,5,-5,-1,-1,1,-1,-1,0
22568,22568,1503946201651,-7,4,0,-2,-2,-2,0,3
22569,22569,1503946201662,-7,-6,-2,-1,-8,-2,-1,-3
22570,22570,1503946201666,-4,-6,-1,-2,-1,-1,1,0
22571,22571,1503946201681,8,-3,-1,-1,0,-1,-1,-1
22572,22572,1503946201690,-23,-7,-3,2,4,0,-2,-4
22573,22573,1503946201697,-3,-1,1,-2,2,0,-2,-4
22574,22574,1503946201711,2,3,-1,0,0,-1,-1,1
22575,22575,1503946201719,10,2,-1,1,0,-2,-1,0
22576,22576,1503946201726,9,1,-2,-3,-6,-2,-1,-4
22577,22577,1503946201741,-3,0,-1,-1,1,-1,0,0
22578,22578,1503946201748,10,-3,0,0,0,0,-3,2
22579,22579,1503946201760,-22,-1,0,1,2,-2,-2,-1
22580,22580,1503946201771,-5,2,1,0,1,0,1,0
22581,22581,1503946201779,-5,-1,-1,0,-2,-1,2,0
22582,22582,1503946201786,0,1,-1,-3,3,-2,0,0
22583,22583,1503946201801,-2,0,-1,-2,-3,0,-2,0
22584,22584,1503946201808,8,1,-1,0,-6,0,0,1
22585,22585,1503946201816,11,-1,-1,0,4,-1,0,0
22586,22586,1503946201831,5,4,-1,-1,-1,-1,0,1
22587,22587,1503946201839,0,-1,-1,1,-2,1,-3,-2
22588,22588,1503946201846,-4,2,2,0,1,-2,-1,-3
22589,22589,1503946201862,-2,-5,-4,-3,-1,0,1,2
22590,22590,1503946201869,0,6,-3,0,-2,-2,-4,0
22591,22591,1503946201877,-9,0,2,0,-1,0,-1,-2
22592,22592,1503946201893,2,-5,-1,1,11,-2,-1,-1
22593,22593,1503946201900,12,2,-2,-4,2,0,0,-1
22594,22594,1503946201906,2,3,3,0,-3,-1,-1,1
22595,22595,1503946201921,-28,-10,-2,1,-1,-2,-2,-5
22596,22596,1503946201929,0,-1,-2,-4,-3,-1,-2,-1
22597,22597,1503946201937,-5,-2,0,0,-1,-1,0,2
22598,22598,1503946201951,-3,0,0,-1,-1,-2,2,-2
22599,22599,1503946201961,9,4,0,0,-2,-4,-2,1
22600,22600,1503946201966,16,1,-1,2,-1,0,-1,2
22601,22601,1503946201981,-2,-1,1,-3,-1,2,1,1
22602,22602,1503946201988,-1,-2,-5,-1,-2,0,0,-3
22603,22603,1503946201998,17,-4,-2,0,-8,-1,-2,-4
22604,22604,1503946202011,-13,-1,-1,-2,-6,-1,-1,-6
23401,23401,1503946209773,2,-2,-2,1,4,0,0,-1
23402,23402,1503946209780,-2,-6,-2,-1,2,-1,-3,-1
23403,23403,1503946209788,-3,-1,3,0,-3,-1,-2,-2
23404,23404,1503946209802,-5,-5,1,1,6,-1,0,1
23405,23405,1503946209810,-8,-3,-4,-5,-2,-2,-2,3
23406,23406,1503946209819,-1,-3,-2,-2,-6,-1,-2,-3
23407,23407,1503946209833,-4,-3,-1,-1,1,0,-2,-4
23408,23408,1503946209840,-9,-2,-1,-1,0,1,1,1
23409,23409,1503946209848,-24,-6,-6,-6,3,-1,-1,-7
23410,23410,1503946209862,-11,-4,0,-1,-3,0,-4,-5
23411,23411,1503946209871,12,9,4,-1,0,2,-2,2
23412,23412,1503946209880,-3,-3,-3,0,14,1,0,-1
23413,23413,1503946209893,2,0,0,1,-2,0,0,1
23414,23414,1503946209900,7,-4,1,-3,-8,-1,-3,-3
23415,23415,1503946209908,1,-1,-2,-1,-3,-4,-1,-1
23416,23416,1503946209923,2,4,2,2,-2,0,0,0
23417,23417,1503946209930,0,-4,-2,1,-3,1,0,1
23418,23418,1503946209938,-25,-3,-3,-3,-9,0,-1,-1
23419,23419,1503946209953,14,6,0,1,5,1,2,-1
23420,23420,1503946209960,7,-2,0,2,-7,-2,-2,-3
23421,23421,1503946209968,3,-4,-3,-2,-5,-3,-4,-5
23422,23422,1503946209982,10,0,-2,1,0,0,3,3
23423,23423,1503946209991,-7,-2,0,-2,-2,-2,-5,-7
23424,23424,1503946209998,2,1,-2,-3,0,-2,0,0
23425,23425,1503946210015,0,1,-1,-2,-1,0,1,1
23426,23426,1503946210020,-2,0,0,0,2,-1,-1,0
23427,23427,1503946210029,-9,-3,-1,-2,-2,0,0,1
23428,23428,1503946210042,29,7,-7,-4,14,-4,-2,0
23429,23429,1503946210051,-20,-4,-3,1,-4,-1,0,-1
23430,23430,1503946210058,12,-3,-1,2,-2,1,0,-3
23431,23431,1503946210095,-15,-4,-2,2,-1,-1,1,4
23432,23432,1503946210104,9,1,2,3,-1,1,0,-1
23433,23433,1503946210106,-1,3,3,1,-3,1,0,2
23434,23434,1503946210110,2,-1,-3,-3,-3,-1,-1,-1
23435,23435,1503946210119,-5,1,2,-2,0,-1,-1,-2
23436,23436,1503946210133,-3,2,-1,0,1,1,0,-1
23437,23437,1503946210140,-25,-1,-2,-4,-12,-1,-2,-2
23438,23438,1503946210149,10,3,0,-2,-3,-2,-3,1
23439,23439,1503946210162,-5,0,1,-1,-6,-2,-1,2
23440,23440,1503946210170,-9,-5,-1,0,-2,-1,2,2
23441,23441,1503946210178,2,-1,0,-1,1,-1,-1,-1
23442,23442,1503946210193,3,-5,-4,-1,2,0,-2,-3
23443,23443,1503946210200,0,-5,-2,-2,2,-1,-2,-3
23444,23444,1503946210208,20,8,2,2,-2,-1,0,5
23445,23445,1503946210222,0,-3,-1,0,1,0,-2,-3
23446,23446,1503946210230,-15,-3,0,-3,0,0,0,-3
23447,23447,1503946210238,19,0,-2,0,0,0,0,0
23448,23448,1503946210253,0,1,-1,-2,-1,-2,-2,-4
23449,23449,1503946210260,-5,-2,0,-1,14,-1,-3,-3
23450,23450,1503946210268,-5,-5,-2,-1,-2,-2,0,-3
23451,23451,1503946210283,-8,-2,-3,-1,-2,-1,1,1
23452,23452,1503946210284,-5,-1,-1,0,-6,0,-2,0
23453,23453,1503946210291,4,0,0,0,2,-1,-2,-2
23454,23454,1503946210298,-3,-3,-2,-1,0,0,0,2
23455,23455,1503946210313,-1,1,-1,-1,0,0,0,2
23456,23456,1503946210320,-4,-1,1,0,-2,-2,0,2
23457,23457,1503946210328,3,2,-2,-2,-4,-2,0,0
23458,23458,1503946210342,7,1,-2,-3,-3,-4,0,-1
23459,23459,1503946210351,6,0,0,0,-3,-2,-4,-5
23460,23460,1503946210360,-1,0,-3,-3,-4,-2,0,-4
23461,23461,1503946210373,-13,-4,-1,0,-10,-3,-2,0
23462,23462,1503946210380,-3,-2,0,0,-1,0,0,-2
23463,23463,1503946210388,-3,-3,0,-1,2,1,0,-2
23464,23464,1503946210402,1,1,-1,-3,-3,1,-1,2
23465,23465,1503946210410,3,0,1,-2,-1,0,2,1
23466,23466,1503946210418,7,4,-1,-2,2,-1,0,-1
23467,23467,1503946210433,-7,-2,-1,-1,0,-1,-2,-2
23468,23468,1503946210440,-5,-8,-1,1,-1,0,-2,0
23469,23469,1503946210448,43,2,0,1,1,0,-2,-2
23470,23470,1503946210463,-8,-2,-4,-3,-17,-1,-3,-2
23471,23471,1503946210471,-6,-1,-1,0,0,-1,0,1
23472,23472,1503946210478,0,3,1,-2,0,1,1,0
23473,23473,1503946210493,-7,-3,-4,-5,-5,-1,0,-2
23474,23474,1503946210494,3,3,-1,-2,1,-1,0,2
24344,24344,1503946218917,-16,-9,-8,-3,-1,-1,0,-1
24345,24345,1503946218923,7,-3,-1,0,-2,1,1,2
24346,24346,1503946218930,-4,3,0,1,0,-1,-2,-4
24347,24347,1503946218945,8,16,-1,-1,-2,-2,0,1
24348,24348,1503946218953,2,2,0,2,3,2,-1,0
24349,24349,1503946218960,9,6,6,-4,-5,-2,0,10
24350,24350,1503946218978,-6,-9,-7,-3,0,-1,-7,-9
24351,24351,1503946218983,-5,-4,-3,0,1,1,2,2
24352,24352,1503946218990,-8,-6,0,-1,-3,1,0,0
24353,24353,1503946219005,18,3,-5,-1,-3,-3,-1,-2
24354,24354,1503946219015,19,10,-1,4,4,2,4,3
24355,24355,1503946219027,3,4,4,0,-4,0,-2,0
24356,24356,1503946219035,1,-2,0,-1,-2,-2,-7,-9
24357,24357,1503946219044,3,-8,-11,-2,1,-2,-2,-6
24358,24358,1503946219058,-3,-2,-7,-5,-3,-1,3,5
24359,24359,1503946219065,-13,-3,-4,-2,-3,-1,-1,1
24360,24360,1503946219073,7,-3,-4,-1,-2,-1,1,0
24361,24361,1503946219087,-5,-9,-15,-6,0,-2,1,2
24362,24362,1503946219095,2,2,5,0,-2,-2,3,4
24363,24363,1503946219102,-6,5,6,0,-1,0,-3,-8
24364,24364,1503946219118,-2,2,1,-2,-2,-1,0,0
24365,24365,1503946219125,-12,-13,-4,5,0,0,0,-3
24366,24366,1503946219133,-48,-13,-6,-3,-3,-3,-3,-8
24367,24367,1503946219147,-8,-4,9,0,1,1,-1,3
24368,24368,1503946219155,4,-3,-7,-3,0,-1,-1,-3
24369,24369,1503946219162,-2,0,-7,-3,1,-1,-1,3
24370,24370,1503946219179,-5,-5,-4,-3,-2,-2,-1,-1
24371,24371,1503946219185,8,6,-3,-1,-1,1,1,-2
24372,24372,1503946219193,22,17,-5,-2,-1,-2,-2,-1
24373,24373,1503946219207,4,-4,-2,2,4,0,0,2
24374,24374,1503946219215,-18,-15,-8,0,0,-4,-11,-15
24375,24375,1503946219223,1,-1,2,-4,-3,-1,-1,4
24376,24376,1503946219237,9,2,12,0,1,0,2,3
24377,24377,1503946219247,-15,-13,2,-3,-2,-3,-3,-1
24378,24378,1503946219254,4,-7,0,1,-2,0,0,3
24379,24379,1503946219267,-1,0,-4,-3,-3,0,1,-2
24380,24380,1503946219275,-22,-10,-5,-1,0,1,-1,-1
24381,24381,1503946219283,3,-4,12,1,-1,-2,-1,-2
24382,24382,1503946219298,5,1,1,-3,0,-1,2,2
24383,24383,1503946219305,4,10,-5,1,-1,0,0,0
24384,24384,1503946219313,-10,2,1,-3,-2,0,4,5
24385,24385,1503946219327,-10,2,6,3,1,-3,0,-1
24386,24386,1503946219335,5,-1,-3,0,-2,3,0,-7
24387,24387,1503946219342,-17,-3,-4,-1,-1,1,-3,-1
24388,24388,1503946219361,10,9,-8,0,0,-2,-1,7
24389,24389,1503946219365,10,-2,-10,-2,0,1,-1,-5
24390,24390,1503946219373,6,3,20,3,0,-1,0,-1
24391,24391,1503946219388,0,2,1,-3,-3,-2,1,-3
24392,24392,1503946219395,-8,-7,5,4,-1,0,-2,-4
24393,24393,1503946219402,10,-2,-7,-1,-1,1,1,0
24394,24394,1503946219403,-2,9,8,-3,-3,-4,-2,2
24395,24395,1503946219419,-4,1,-3,-4,-2,-2,-1,-2
24396,24396,1503946219425,-1,-8,-1,3,2,0,-2,-1
24397,24397,1503946219433,5,11,-4,-3,-1,-2,-1,6
24398,24398,1503946219447,0,7,34,6,2,1,-1,-4
24399,24399,1503946219457,5,-6,-8,-2,-2,-2,1,1
24400,24400,1503946219462,3,-2,-14,-4,-2,0,-2,-3
24401,24401,1503946219477,-1,0,1,-1,0,-1,-1,-2
24402,24402,1503946219485,-3,-4,-5,0,-2,-1,2,0
24403,24403,1503946219493,4,-3,-7,-3,-1,-1,-2,1
24404,24404,1503946219507,2,-5,-14,-5,0,-1,-3,-3
24405,24405,1503946219519,2,-7,6,3,0,-1,0,-3
24406,24406,1503946219523,0,-1,-3,1,-1,0,2,4
24407,24407,1503946219538,7,4,0,-5,-1,3,1,3
24408,24408,1503946219546,1,-5,-1,-1,-1,-2,0,-2
24409,24409,1503946219553,-10,13,20,7,1,-2,-3,-8
24410,24410,1503946219567,-9,-3,-4,0,-1,0,-2,-2
24411,24411,1503946219575,1,-6,-10,-1,-1,2,2,3
24412,24412,1503946219587,12,6,-3,0,-2,-4,-2,-6
24413,24413,1503946219598,7,2,-5,-2,0,-1,1,0
24414,24414,1503946219605,-3,-2,8,0,0,0,1,5
24415,24415,1503946219615,-2,-2,0,2,0,0,-1,-1
24416,24416,1503946219627,12,-3,-11,-3,0,-3,-3,0
24417,24417,1503946219635,-6,-6,-12,-5,-2,-2,-5,-5
24418,24418,1503946219642,-16,-5,-2,-3,-1,0,4,-2
24419,24419,1503946219658,19,5,9,1,0,-1,2,2
24420,24420,1503946219665,2,-2,-24,-6,-3,2,-1,1
24421,24421,1503946219673,-4,-3,2,0,0,-1,1,3
24422,24422,1503946219687,-6,-6,-2,-1,-3,0,0,4
24423,24423,1503946219695,-1,6,-5,-3,-3,-1,-2,0
24424,24424,1503946219702,8,-3,-2,-1,-1,0,-2,-5
24425,24425,1503946219703,-2,-2,3,-1,-1,-1,-1,-5
24426,24426,1503946219718,-3,-3,-3,-2,0,-1,0,-1
24427,24427,1503946219725,3,-1,-1,-2,1,1,1,-2
24428,24428,1503946219726,0,3,-7,-4,0,1,-2,-4
25197,25197,1503946227280,-9,-5,5,-4,-15,-6,-1,-11
25198,25198,1503946227285,-9,-2,-3,7,10,1,2,-6
25199,25199,1503946227302,5,-6,-3,-2,5,-4,-2,5
25200,25200,1503946227307,0,16,18,0,-1,0,0,16
25201,25201,1503946227315,-16,1,-5,0,1,-4,-2,5
25202,25202,1503946227322,-9,-7,-8,-8,-3,-3,-2,-8
25203,25203,1503946227339,1,3,-3,0,3,-2,0,1
25204,25204,1503946227345,11,-8,-4,-3,4,0,-1,-5
25205,25205,1503946227360,-6,-8,-4,1,-3,-1,2,7
25206,25206,1503946227370,6,-1,2,-8,0,0,-3,-1
25207,25207,1503946227379,-33,-7,2,1,4,-2,0,-1
25208,25208,1503946227382,17,-7,-7,0,-2,0,-3,1
25209,25209,1503946227398,8,27,0,2,15,0,-1,-2
25210,25210,1503946227407,-20,6,10,2,1,1,3,-6
25211,25211,1503946227420,8,-10,3,-1,-4,1,1,-5
25212,25212,1503946227427,10,-7,-10,-5,-3,-2,-1,-5
25213,25213,1503946227437,-4,2,2,2,-1,-2,-4,-2
25214,25214,1503946227450,-7,-3,-7,-5,-3,-2,0,3
25215,25215,1503946227458,3,-5,-3,-5,-2,-1,3,4
25216,25216,1503946227464,7,-3,-4,-7,-4,-2,0,-3
25217,25217,1503946227465,-3,0,6,3,3,-1,1,0
25218,25218,1503946227480,11,11,3,0,-4,-3,-2,-2
25219,25219,1503946227487,4,0,-8,-2,-2,1,3,2
25220,25220,1503946227495,4,-5,8,-1,-3,0,-1,-3
25221,25221,1503946227510,-25,-22,-25,-9,-2,0,0,-1
25222,25222,1503946227517,17,21,34,13,5,0,-2,2
25223,25223,1503946227518,1,4,6,5,2,-1,0,4
25224,25224,1503946227524,0,-2,-2,-4,-3,-2,0,4
25225,25225,1503946227541,3,1,-3,-1,0,-1,-2,-4
25226,25226,1503946227547,-2,3,7,3,-1,0,-2,-5
25227,25227,1503946227555,13,17,8,1,0,-2,0,-4
25228,25228,1503946227571,22,0,9,3,0,-2,-2,-7
25229,25229,1503946227579,-8,-13,-14,-6,-2,-1,-2,-5
25230,25230,1503946227585,-30,7,7,2,-1,-1,-3,3
25231,25231,1503946227600,-9,-7,-6,-4,-3,-2,-3,7
25232,25232,1503946227608,10,-2,1,-1,1,-2,1,3
25233,25233,1503946227615,14,-4,-4,2,0,-1,-1,-4
25234,25234,1503946227629,-4,-10,-7,-2,1,1,1,-8
25235,25235,1503946227639,0,-2,2,1,1,-1,2,-3
25236,25236,1503946227646,45,10,10,-2,-2,-2,-2,-1
25237,25237,1503946227660,-1,-3,-2,1,0,2,1,0
25238,25238,1503946227667,-62,-1,4,3,2,0,-1,-2
25239,25239,1503946227677,-26,-3,-4,1,1,-1,-1,-1
25240,25240,1503946227690,31,3,-7,-1,-2,-1,-3,-1
25241,25241,1503946227698,-6,-4,-5,-2,-2,-2,-1,1
25242,25242,1503946227706,-8,3,6,2,-1,0,1,-1
25243,25243,1503946227720,6,-3,-2,-4,-1,0,0,-1
25244,25244,1503946227727,9,-3,-1,0,-1,-3,-6,-6
25245,25245,1503946227735,1,1,11,1,-2,0,1,4
25246,25246,1503946227750,1,6,1,1,3,1,-5,-15
25247,25247,1503946227758,7,3,9,2,-1,0,-4,-2
25248,25248,1503946227765,5,-8,-12,-4,-3,-1,-1,5
25249,25249,1503946227780,14,3,-9,-2,0,-1,-1,-1
25250,25250,1503946227787,-23,-7,0,-2,0,-2,0,6
25251,25251,1503946227795,-10,-5,-2,-1,0,-1,-3,-5
25252,25252,1503946227810,13,-2,-7,-2,-2,-1,-1,2
25253,25253,1503946227818,10,9,9,2,0,0,0,-4
25254,25254,1503946227825,8,3,1,1,0,0,1,0
25255,25255,1503946227841,-5,-2,-8,-3,-1,0,1,-1
25256,25256,1503946227847,0,-2,-1,-2,0,0,0,5
25257,25257,1503946227856,-3,1,-6,-2,-3,-3,-5,0
25258,25258,1503946227872,-3,-5,-3,-2,-2,0,2,4
25259,25259,1503946227878,-18,-7,-1,-2,-1,-2,-2,-6
25260,25260,1503946227884,-8,6,8,2,3,0,-1,1
25261,25261,1503946227901,6,-9,2,0,1,0,-7,-2
26137,26137,1503946236501,21,0,-1,1,0,0,-2,-3
26138,26138,1503946236509,-18,-7,1,-1,0,-1,-1,-4
26139,26139,1503946236517,7,4,-1,1,-1,-2,-2,1
26140,26140,1503946236533,-27,-4,-3,0,1,-2,1,-3
26141,26141,1503946236539,-3,2,11,0,0,1,-1,-1
26142,26142,1503946236548,12,-3,-1,1,0,-1,2,-1
26143,26143,1503946236561,1,-1,-7,-4,1,0,-1,2
26144,26144,1503946236569,-9,-4,3,3,0,0,1,1
26145,26145,1503946236584,3,6,-1,-2,-13,-2,-2,0
26146,26146,1503946236591,-11,-4,-6,-1,-4,-2,-4,-4
26147,26147,1503946236606,0,0,-1,3,0,0,-1,2
26148,26148,1503946236608,3,2,2,0,1,1,0,-1
26149,26149,1503946236621,-5,-2,-2,0,-1,-1,1,-2
26150,26150,1503946236629,8,1,-3,-4,-5,-2,-2,2
26151,26151,1503946236637,-10,-2,-6,-2,1,0,-1,-2
26152,26152,1503946236652,-2,-3,-2,-3,-1,-2,-2,-1
26153,26153,1503946236659,2,-10,-2,-5,-5,-1,2,-2
26154,26154,1503946236668,-8,1,-1,-2,-1,1,0,-2
26155,26155,1503946236669,6,1,-3,-3,-1,-1,1,1
26156,26156,1503946236681,-4,0,9,4,5,-1,0,-2
26157,26157,1503946236689,2,2,2,1,2,-1,-1,-3
26158,26158,1503946236699,3,-2,-9,-3,0,-1,0,2
26159,26159,1503946236713,-3,-3,1,2,0,0,-1,-2
26160,26160,1503946236720,2,0,-6,-2,-3,-1,1,0
26161,26161,1503946236727,-3,2,-1,1,-2,0,-1,-2
26162,26162,1503946236741,-5,-3,-1,-1,8,-2,1,0
26163,26163,1503946236749,-2,5,6,3,5,-2,-3,-2
26164,26164,1503946236764,-2,-2,0,3,-6,0,-1,-2
26165,26165,1503946236773,5,0,-3,-3,-3,-2,-1,2
26166,26166,1503946236779,-1,0,-1,-3,-3,-34,-5,-3
26167,26167,1503946236794,2,3,0,1,-3,-2,0,-1
26168,26168,1503946236802,3,1,-2,-2,-1,12,1,-1
26169,26169,1503946236810,-1,-1,2,5,-7,0,0,1
26170,26170,1503946236824,-10,-2,0,3,-6,2,-1,-1
26171,26171,1503946236832,22,1,-6,-9,-14,2,-1,0
26172,26172,1503946236839,2,7,2,3,8,3,-1,0
26173,26173,1503946236854,-5,-4,1,0,1,0,-2,-4
26174,26174,1503946236861,-3,1,3,-2,0,0,-3,-2
26175,26175,1503946236870,5,0,0,0,2,-1,0,3
26176,26176,1503946236884,-3,-1,0,3,14,4,0,-1
26177,26177,1503946236892,-5,-2,-4,-2,0,-3,0,1
26178,26178,1503946236899,7,-5,-5,-3,-9,1,1,-1
26179,26179,1503946236914,-12,-6,-5,-3,4,0,-1,-4
26180,26180,1503946236921,2,1,0,1,-2,-1,-2,2
26181,26181,1503946236929,-7,3,4,1,0,0,-1,1
26182,26182,1503946236945,1,-1,-2,0,-1,-1,-2,-2
26183,26183,1503946236951,-8,-17,-6,3,2,-1,-1,-2
26184,26184,1503946236959,-10,-8,-3,-3,-2,0,-1,-1
26185,26185,1503946236974,10,5,6,-2,-1,0,-1,0
26186,26186,1503946236981,9,4,2,2,-1,2,0,2
26187,26187,1503946236989,15,-2,-6,-4,-1,-2,-1,2
26188,26188,1503946237004,-11,1,3,-2,-3,0,-1,0
26189,26189,1503946237012,4,0,3,0,0,0,-2,-1
26190,26190,1503946237019,-1,2,1,-1,4,1,-1,-1
26191,26191,1503946237037,7,1,-4,-2,-1,-3,-1,-1
26192,26192,1503946237041,-2,-3,-2,-2,-4,-1,0,2
26193,26193,1503946237050,-10,2,-4,-2,2,-1,-1,-4
26194,26194,1503946237064,14,4,4,0,1,0,-1,-1
26195,26195,1503946237072,8,0,-1,-3,-3,-3,-4,0
26196,26196,1503946237079,-7,-2,-2,-2,-1,0,1,-3
26197,26197,1503946237095,-7,2,-2,-1,-1,-2,1,0
26198,26198,1503946237104,2,-3,0,-2,-1,0,-1,-1
26199,26199,1503946237110,-11,4,0,1,0,-3,-3,-3
26200,26200,1503946237124,5,-1,-4,-2,-2,-2,0,2
26201,26201,1503946237132,-7,-4,-1,-1,1,2,2,1
26947,26947,1503946244414,2,-14,-7,1,-3,-6,-1,-3
26948,26948,1503946244422,3,-7,-10,-5,-5,3,4,9
26949,26949,1503946244430,-20,-2,1,1,-3,-6,-3,-7
26950,26950,1503946244444,-13,8,5,1,0,2,0,-3
26951,26951,1503946244454,-6,5,2,2,2,5,-4,-9
26952,26952,1503946244460,-1,7,2,2,0,1,-3,-3
26953,26953,1503946244474,5,-2,3,0,1,7,1,4
26954,26954,1503946244481,-9,-3,4,7,1,2,2,1
26955,26955,1503946244489,-35,-6,-3,-2,-1,6,1,-1
26956,26956,1503946244490,18,1,-2,-5,-2,-7,-1,4
26957,26957,1503946244504,-12,-7,-6,-4,-3,-5,-1,-2
26958,26958,1503946244512,14,6,3,1,1,-5,1,2
26959,26959,1503946244519,-4,-6,-4,-1,-1,2,1,1
26960,26960,1503946244534,-15,-15,-6,-2,-3,-4,2,4
26961,26961,1503946244541,3,3,-8,-5,-3,-4,-4,-3
26962,26962,1503946244549,4,-2,0,0,-1,-10,-1,-3
26963,26963,1503946244564,-7,-1,3,3,-2,-42,-5,-8
26964,26964,1503946244572,6,0,2,0,2,4,1,0
26965,26965,1503946244579,-2,-1,-8,-11,-7,11,1,2
26966,26966,1503946244594,8,3,-1,-2,-5,-6,-2,1
26967,26967,1503946244601,-9,-8,-5,-3,-1,8,-2,-1
26968,26968,1503946244609,14,-1,-5,-4,-3,4,-2,2
26969,26969,1503946244624,4,3,4,2,0,5,-3,-2
26970,26970,1503946244632,-4,13,12,3,1,1,2,5
26971,26971,1503946244639,-3,1,2,2,-2,-2,0,0
26972,26972,1503946244656,1,9,11,6,6,-1,-4,-3
26973,26973,1503946244662,-6,8,4,6,5,15,3,1
26974,26974,1503946244669,-24,-15,-11,-8,-3,3,3,-3
26975,26975,1503946244684,9,-7,1,0,-2,-41,-5,-2
26976,26976,1503946244692,-12,-6,-8,-11,-9,-4,2,-5
26977,26977,1503946244699,2,4,-3,-3,-2,10,-1,-3
26978,26978,1503946244714,1,-7,-7,-2,-2,-3,0,4
26979,26979,1503946244724,7,8,3,-1,2,6,0,3
26980,26980,1503946244729,-6,-14,-7,2,0,6,0,1
26981,26981,1503946244744,4,-2,-2,-3,-2,0,-1,9
26982,26982,1503946244752,5,0,-7,-2,-2,-7,-7,-8
26983,26983,1503946244761,-14,-6,-4,-1,-2,5,1,5
26984,26984,1503946244781,4,2,4,3,2,4,2,6
26985,26985,1503946244782,-2,-6,-2,-2,0,3,3,10
26986,26986,1503946244791,12,7,5,6,3,-7,0,3
26987,26987,1503946244804,7,10,2,1,1,3,0,-5
26988,26988,1503946244812,-16,-5,-4,-3,-2,5,2,-1
26989,26989,1503946244819,-11,0,1,3,3,0,-6,-9
26990,26990,1503946244834,-1,3,-1,-1,-3,-1,-4,-11
26991,26991,1503946244841,4,-6,-7,-8,-7,-6,0,0
26992,26992,1503946244849,-6,-3,-1,-1,-2,-3,-1,0
26993,26993,1503946244865,8,-1,-7,-2,-3,3,-1,-18
26994,26994,1503946244872,23,9,0,-2,0,1,-3,-9
26995,26995,1503946244879,7,-3,4,4,3,1,-3,-5
26996,26996,1503946244896,1,7,6,3,1,-2,1,13
26997,26997,1503946244901,0,-8,-2,-1,-3,-5,0,1
26998,26998,1503946244909,-8,0,7,4,1,-2,-3,-1
26999,26999,1503946244926,-12,2,1,4,-2,1,-2,-3
27000,27000,1503946244933,-10,-3,-6,-5,-2,-2,-3,-7
27001,27001,1503946244939,6,1,2,0,0,-1,1,13
27002,27002,1503946244954,-5,2,-4,-1,-3,-1,-1,-3
27003,27003,1503946244961,0,0,-1,-1,2,0,-2,-8
27004,27004,1503946244969,-2,0,1,-2,-1,-3,1,9
27005,27005,1503946244984,2,7,9,5,4,25,-5,-5
27006,27006,1503946244993,0,-2,2,1,-1,4,1,-2
27007,27007,1503946245000,2,-1,-1,-3,1,-2,1,0
27008,27008,1503946245015,-2,-7,-5,-3,4,0,3,-1
27009,27009,1503946245021,0,-1,-4,4,-8,-8,1,0
27010,27010,1503946245029,-5,-3,-6,-15,9,-8,-6,-7
27011,27011,1503946245044,-1,-6,-3,5,13,-2,3,0
27804,27804,1503946252821,-1,-1,1,2,0,0,-2,2
27805,27805,1503946252835,8,4,3,5,-6,-15,0,-14
27806,27806,1503946252844,-3,6,0,-2,-1,1,-2,-1
27807,27807,1503946252851,-1,4,0,-3,-2,6,-1,7
27808,27808,1503946252866,8,2,-5,-4,-5,9,4,0
27809,27809,1503946252873,11,0,-9,-4,-6,-5,-3,-1
27810,27810,1503946252881,-7,-9,-6,-4,-3,2,0,-5
27811,27811,1503946252895,-12,1,2,0,-3,1,-1,0
27812,27812,1503946252903,0,-3,-9,-7,-11,-49,1,3
27813,27813,1503946252914,-5,0,1,-1,-3,2,-2,-4
27814,27814,1503946252926,6,-3,-1,3,3,7,-9,-4
27815,27815,1503946252933,-40,0,-1,-2,-1,1,0,-2
27816,27816,1503946252941,23,-3,-2,-4,1,8,2,-2
27817,27817,1503946252956,7,4,3,2,0,7,-3,-9
27818,27818,1503946252963,2,2,1,3,4,4,-2,0
27819,27819,1503946252971,3,-7,2,-1,-2,-4,2,3
27820,27820,1503946252986,5,12,7,4,3,4,-7,-6
27821,27821,1503946252993,-11,-7,-6,-1,0,0,1,3
27822,27822,1503946253001,7,-12,-1,3,2,-3,1,12
27823,27823,1503946253015,4,-1,-4,-3,-1,1,0,-1
27824,27824,1503946253024,-23,-6,-7,-2,1,7,-1,-8
27825,27825,1503946253031,25,-3,2,-1,1,-3,3,-1
27826,27826,1503946253048,-13,1,5,2,2,2,-1,-2
27827,27827,1503946253053,6,-4,0,0,2,1,-7,-5
27828,27828,1503946253061,-2,-1,-1,-2,-3,1,-1,-2
27829,27829,1503946253076,-20,3,2,-2,-1,0,-1,-7
27830,27830,1503946253084,-1,2,5,0,1,-3,2,21
27831,27831,1503946253091,14,3,-5,-2,-3,-13,2,8
27832,27832,1503946253106,-4,-2,0,2,-1,15,0,1
27833,27833,1503946253115,-3,-2,-5,0,-3,1,10,-1
27834,27834,1503946253121,3,-3,7,3,3,2,-4,-15
27835,27835,1503946253135,0,0,3,-3,-2,0,-6,-4
27836,27836,1503946253144,-1,-2,-4,-5,-3,-3,1,-2
27837,27837,1503946253151,1,0,0,0,-10,-4,0,8
27838,27838,1503946253166,-1,-1,-4,-2,2,-4,-1,-1
27839,27839,1503946253173,0,1,1,-1,5,5,-3,-4
27840,27840,1503946253182,0,7,11,-4,-2,0,-2,-7
27841,27841,1503946253195,2,-3,-5,-2,6,-1,0,-1
27842,27842,1503946253203,-2,-6,-16,-3,0,-7,0,2
27843,27843,1503946253218,-3,-5,-12,2,10,2,-1,0
27844,27844,1503946253226,6,1,-3,-9,-13,2,-1,0
27845,27845,1503946253240,16,7,3,2,-7,-22,-5,-2
27846,27846,1503946253243,-4,-7,-4,8,3,-1,-1,-3
27847,27847,1503946253255,-5,-5,-11,-19,8,6,-2,1
27848,27848,1503946253263,25,11,10,15,10,-1,2,-1
27849,27849,1503946253271,1,-5,-3,-5,-3,0,-3,-8
27850,27850,1503946253286,-21,-6,2,-2,-9,1,-1,-6
27851,27851,1503946253293,0,2,6,1,-13,3,1,-2
27852,27852,1503946253301,-6,-4,-6,-10,6,1,-1,4
27853,27853,1503946253317,7,2,2,13,7,1,2,17
27854,27854,1503946253324,-5,6,-6,-10,-15,3,0,11
27855,27855,1503946253325,25,-2,5,2,8,-3,-1,10
27856,27856,1503946253331,-11,4,4,-2,-16,3,-1,1
27857,27857,1503946253346,-10,-7,-8,-6,-5,-3,0,-2
27858,27858,1503946253353,1,-6,-3,-2,-11,2,3,-7
27859,27859,1503946253363,-34,-5,-6,-6,-1,-1,-3,-2
27860,27860,1503946253375,-22,-7,-9,-10,-8,1,-1,9
27861,27861,1503946253384,-41,8,-5,4,0,-2,-3,-3
27862,27862,1503946253392,-16,9,1,3,19,3,2,-5
27863,27863,1503946253406,17,-1,0,-3,-13,-4,-1,-16
27864,27864,1503946253413,8,-10,-1,-1,-2,-1,-2,-6
27865,27865,1503946253422,27,-3,-4,-3,-4,0,0,0
27866,27866,1503946253435,2,-1,4,4,1,-2,-3,-3
27867,27867,1503946253444,-13,-16,-9,-3,-6,-2,-3,-12
27868,27868,1503946253451,11,7,3,9,7,-2,-4,-7
28637,28637,1503946260966,-3,3,-9,-1,-1,-3,-2,1
28638,28638,1503946260974,1,0,0,3,0,-3,-2,-2
28639,28639,1503946260981,-8,-8,-8,-4,0,0,1,-1
28640,28640,1503946260996,2,0,-4,-2,-1,15,3,5
28641,28641,1503946261004,39,2,-4,-5,-5,-7,-2,-18
28642,28642,1503946261018,-9,-10,-3,-1,2,-3,0,1
28643,28643,1503946261026,-18,0,5,1,0,1,1,9
28644,28644,1503946261033,-2,6,6,0,-2,2,0,0
28645,28645,1503946261048,-7,0,3,0,-22,-2,-1,-3
28646,28646,1503946261055,-5,-1,0,6,4,0,0,0
28647,28647,1503946261064,-4,-9,-5,-3,-5,-2,1,3
28648,28648,1503946261079,7,1,1,-3,-2,-4,0,4
28649,28649,1503946261086,-6,-7,-11,-1,6,2,-1,-3
28650,28650,1503946261093,0,-26,-1,-2,0,-6,-1,-4
28651,28651,1503946261108,3,-2,-1,-3,4,3,1,4
28652,28652,1503946261115,13,3,-4,-5,-4,-4,-2,0
28653,28653,1503946261124,-26,0,4,2,4,-3,-2,-4
28654,28654,1503946261139,6,5,3,-1,0,0,-2,-3
28655,28655,1503946261147,12,-1,-3,-5,0,-16,-1,-1
28656,28656,1503946261153,-5,-3,-8,-6,-12,2,0,-1
28657,28657,1503946261168,-2,13,6,8,3,6,-1,0
28658,28658,1503946261176,-4,5,-4,0,2,-3,4,4
28659,28659,1503946261184,-4,-13,-8,-5,0,1,-4,-7
28660,28660,1503946261198,-6,3,3,0,2,7,0,-3
28661,28661,1503946261206,-3,-4,3,2,1,0,-4,-1
28662,28662,1503946261213,3,-8,-3,-3,-3,-6,-2,2
28663,28663,1503946261214,-4,-1,-9,-4,-1,-2,-4,-3
28664,28664,1503946261228,1,1,1,-2,-2,-1,-1,-2
28665,28665,1503946261236,-11,7,5,3,4,-3,-2,-9
28666,28666,1503946261244,1,8,1,-6,1,2,3,11
28667,28667,1503946261258,3,3,6,3,0,-4,-5,1
28668,28668,1503946261266,-35,-10,-11,-5,3,4,1,-2
28669,28669,1503946261273,7,2,1,1,4,-13,3,7
28670,28670,1503946261288,12,-7,2,7,5,-14,1,0
28671,28671,1503946261295,-5,-2,4,2,-1,6,-1,-3
28672,28672,1503946261306,2,3,5,-2,0,6,-1,-4
28673,28673,1503946261318,2,1,-1,-2,1,-5,-6,-9
28674,28674,1503946261326,4,11,5,3,-3,2,0,2
28675,28675,1503946261333,2,15,7,-3,-6,-1,-2,1
28676,28676,1503946261349,11,0,4,3,2,0,-5,-7
28677,28677,1503946261355,-4,1,0,2,3,-6,-2,2
28678,28678,1503946261356,4,-8,-7,-4,-2,2,0,-2
28679,28679,1503946261365,10,5,7,5,-3,0,0,1
28680,28680,1503946261378,-5,-14,-13,-7,-7,-40,-2,-5
28681,28681,1503946261386,6,-1,1,4,-13,0,-5,-3
28682,28682,1503946261393,-11,-9,-2,4,2,10,1,-4
28683,28683,1503946261408,0,0,-3,-6,-4,-2,1,7
28684,28684,1503946261416,-5,2,1,-3,-3,3,-3,-9
28685,28685,1503946261424,-7,-6,0,2,6,4,-2,1
28686,28686,1503946261441,-1,3,-3,-1,1,5,0,8
28687,28687,1503946261446,-9,0,5,4,7,-1,-4,1
28688,28688,1503946261453,-5,8,7,2,-2,3,-2,-11
28689,28689,1503946261468,-2,-7,-10,-6,-2,-1,2,9
28690,28690,1503946261476,2,3,-6,-1,0,8,-2,-8
28691,28691,1503946261483,-12,17,17,4,2,-2,-5,-20
28692,28692,1503946261484,-5,2,4,2,3,2,-2,-11
28693,28693,1503946261498,8,-11,-9,-6,-5,-6,4,27
28694,28694,1503946261508,-2,-5,-8,-5,-3,3,0,-2
28695,28695,1503946261513,19,1,4,2,2,10,-1,9
28696,28696,1503946261528,17,2,3,4,4,-4,-1,5
28697,28697,1503946261535,0,-2,1,0,-1,0,1,-2
28698,28698,1503946261544,5,1,0,-4,-2,-4,-1,-4
28699,28699,1503946261558,7,-5,-3,-2,1,2,2,4
28700,28700,1503946261566,-1,-7,-10,-7,-4,-6,-2,1
28701,28701,1503946261575,1,-5,-2,-2,1,19,0,-4
29571,29571,1503946270018,-8,-8,-3,1,-1,1,5,0
29572,29572,1503946270034,30,2,-11,-4,-2,1,-6,8
29573,29573,1503946270041,-5,3,-4,-4,-1,-6,-4,-9
29574,29574,1503946270048,-5,-7,1,3,0,-6,4,10
29575,29575,1503946270056,-1,-2,2,-4,-2,1,5,2
29576,29576,1503946270071,-8,-7,-3,1,-2,-8,-4,-14
29577,29577,1503946270078,-2,-3,-2,-3,-2,-3,-2,-1
29578,29578,1503946270094,3,-4,-2,1,0,-4,2,-4
29579,29579,1503946270101,3,1,1,1,0,-2,1,5
29580,29580,1503946270108,2,2,2,2,-2,-5,2,4
29581,29581,1503946270115,-2,2,1,3,2,-8,-3,-7
29582,29582,1503946270131,2,-6,-7,-2,-1,12,-3,-1
29583,29583,1503946270134,0,1,3,0,0,0,-2,-1
29584,29584,1503946270142,-1,-6,-8,-6,-3,2,-1,-1
29585,29585,1503946270153,-2,0,2,4,0,-2,-4,0
29586,29586,1503946270160,1,0,2,-2,-28,-1,-2,-4
29587,29587,1503946270169,-2,-2,-4,1,-2,-7,-2,-4
29588,29588,1503946270176,-1,-1,0,1,-2,-2,2,1
29589,29589,1503946270191,2,1,-2,-11,-4,0,-1,0
29590,29590,1503946270198,1,4,-1,5,8,4,3,3
29591,29591,1503946270213,3,5,9,-11,-42,0,1,0
29592,29592,1503946270220,-4,-2,4,33,10,-1,-5,-4
29593,29593,1503946270228,-7,-1,0,2,16,2,2,-4
29594,29594,1503946270236,8,2,-6,-18,-10,-1,-5,-11
29595,29595,1503946270251,-18,-8,0,-1,-11,-4,-3,-11
29596,29596,1503946270258,0,-2,1,-2,8,-3,1,-1
29597,29597,1503946270276,-9,-6,0,-3,-4,-4,0,0
29598,29598,1503946270280,6,2,-1,-9,25,15,0,12
29599,29599,1503946270288,5,-1,5,9,23,5,1,13
29600,29600,1503946270295,-2,-3,-3,-10,-17,-8,-2,3
29601,29601,1503946270311,34,-1,-4,1,7,-1,-2,0
29602,29602,1503946270317,-23,1,8,-6,-1,3,6,-2
29603,29603,1503946270335,-62,-3,-6,4,0,-3,0,-7
29604,29604,1503946270340,-16,0,3,-2,-6,-6,-2,9
29605,29605,1503946270348,23,-13,-4,2,5,-3,-2,5
29606,29606,1503946270363,5,1,-5,0,-3,-5,-2,-5
29607,29607,1503946270371,14,0,-3,-5,-1,4,1,-9
29608,29608,1503946270378,-5,2,0,0,-2,-3,-1,-9
29609,29609,1503946270393,4,-2,-1,-3,3,8,-2,-6
29610,29610,1503946270402,29,12,-3,-5,1,-2,-2,-5
29611,29611,1503946270408,36,11,-4,0,11,8,-2,0
29612,29612,1503946270423,1,-5,-2,0,-5,-2,0,5
29613,29613,1503946270431,16,-1,1,-1,-2,-4,2,5
29614,29614,1503946270438,3,1,-7,-4,-4,2,-1,0
29615,29615,1503946270439,-7,-13,-1,0,1,-5,-1,-3
29616,29616,1503946270453,-25,-10,0,-2,-3,-3,0,2
29617,29617,1503946270460,13,6,-1,-2,-5,2,-1,0
29618,29618,1503946270470,-28,1,-1,0,-3,-4,0,-3
29619,29619,1503946270483,-2,3,2,1,2,1,1,2
29620,29620,1503946270491,12,11,8,0,-2,-4,-1,-10
29621,29621,1503946270498,-18,-14,-7,-1,-1,-1,0,1
30257,30257,1503946276655,7,4,2,0,0,-4,-4,-3
30258,30258,1503946276662,-1,3,4,3,-3,0,-2,-1
30259,30259,1503946276681,-2,-5,-5,-2,-1,1,2,4
30260,30260,1503946276685,-3,-2,0,-5,-11,-2,-4,-20
30261,30261,1503946276693,-6,-1,0,3,9,-2,2,-7
30262,30262,1503946276707,-1,-5,-1,-4,-1,1,3,5
30263,30263,1503946276715,7,0,1,-2,-5,-2,-5,0
30264,30264,1503946276723,-7,-1,-1,2,6,0,0,4
30265,30265,1503946276738,11,-1,-2,-2,-4,-1,-3,5
30266,30266,1503946276747,2,1,1,1,-17,-2,2,-4
30267,30267,1503946276753,-2,2,5,1,-17,-2,-3,-17
30268,30268,1503946276768,0,-4,-4,1,16,9,-1,-14
30269,30269,1503946276775,6,6,2,2,-4,-3,-3,6
30270,30270,1503946276783,-5,0,-3,-4,4,-6,0,4
30271,30271,1503946276799,0,0,2,-1,12,2,2,3
30272,30272,1503946276805,4,1,0,0,-2,1,-2,5
30273,30273,1503946276814,1,-1,-5,-8,-2,-4,1,0
30274,30274,1503946276828,4,7,11,3,-11,-7,-7,3
30275,30275,1503946276835,-10,0,3,-4,-2,1,0,-3
30276,30276,1503946276842,3,-3,-1,9,19,-1,-31,-3
30277,30277,1503946276867,4,-1,0,0,-20,0,3,5
30278,30278,1503946276880,-13,-5,-1,4,10,2,0,-13
30279,30279,1503946276888,-3,-1,-4,-5,3,0,5,4
30280,30280,1503946276895,-9,-4,-7,-5,-8,-4,-1,1
30281,30281,1503946276910,-1,-1,-5,-6,-4,0,6,0
30282,30282,1503946276918,-1,-2,2,4,9,-1,1,4
30283,30283,1503946276925,-14,-9,-6,-7,-10,-3,5,-4
30284,30284,1503946276940,-14,-7,-3,1,3,-2,-4,-9
30285,30285,1503946276949,-3,0,-3,-3,12,1,4,-3
30286,30286,1503946276956,20,3,2,-6,-18,-1,-4,-3
30287,30287,1503946276957,-1,2,-2,-2,22,12,3,-12
30288,30288,1503946276970,-1,-2,-1,-3,-4,-2,4,17
30289,30289,1503946276978,11,3,0,1,-12,3,18,12
30290,30290,1503946276987,10,1,7,4,1,-3,-3,-4
30291,30291,1503946277000,-20,-2,0,2,5,1,8,-3
30292,30292,1503946277007,-3,-2,0,5,20,1,-9,-1
30293,30293,1503946277015,15,1,2,0,-6,-6,-8,5
30294,30294,1503946277030,8,3,-3,-1,-5,4,-2,-7
30295,30295,1503946277038,13,5,6,5,-7,-5,-6,6
30296,30296,1503946277045,-7,-7,-1,-2,1,-5,4,-5
30297,30297,1503946277060,-8,-4,-3,-4,-12,-11,-4,0
30298,30298,1503946277067,-10,-2,-5,-1,19,5,7,-2
30299,30299,1503946277076,15,-3,1,0,-5,-22,-6,20
30300,30300,1503946277090,52,14,2,-2,-5,-5,5,24
30301,30301,1503946277098,-39,-18,-6,-1,4,1,-11,-5
30302,30302,1503946277099,-4,1,-3,2,6,9,1,-8
30303,30303,1503946277105,-4,4,1,-1,1,-2,0,1
30304,30304,1503946277121,-4,-1,-4,-4,-20,-5,-4,-14
30305,30305,1503946277127,-3,-8,-7,-3,-4,4,-1,-6
30306,30306,1503946277135,5,-2,-3,-4,1,2,4,-6
30307,30307,1503946277150,-4,5,10,1,-11,1,-1,-6
30308,30308,1503946277158,-22,-7,-6,-4,6,2,-3,3
30309,30309,1503946277165,-15,-13,-14,-3,-4,-3,2,-3
30310,30310,1503946277180,28,19,7,2,7,0,2,3
30311,30311,1503946277181,24,1,-2,-5,-1,2,-2,10
30312,30312,1503946277189,-24,-8,1,2,20,-25,-11,-8
30313,30313,1503946277195,-14,-3,-5,-4,-5,0,-3,0
30314,30314,1503946277210,10,0,1,-2,2,6,3,3
30315,30315,1503946277219,3,0,1,-1,-6,-4,-4,-9
30316,30316,1503946277225,13,8,-2,-4,-7,5,-8,2
30317,30317,1503946277240,-6,-6,-2,-4,-6,5,-2,0
30318,30318,1503946277250,-6,1,-1,1,-8,-2,-5,2
30319,30319,1503946277257,-1,7,4,4,11,-1,-2,-5
30320,30320,1503946277270,7,4,4,7,-1,5,4,9
30321,30321,1503946277278,-6,-4,-1,-1,5,2,3,2
30322,30322,1503946277286,-7,-2,-7,-11,-44,4,-2,-6
30323,30323,1503946277300,-12,-3,-4,0,-4,-1,-2,-15
30324,30324,1503946277307,14,1,-1,-4,12,4,7,-3
30325,30325,1503946277317,6,6,3,3,0,-9,-3,-4
30326,30326,1503946277330,-11,-2,-1,0,-2,-7,-5,-15
30327,30327,1503946277338,8,2,1,1,8,1,2,15
30328,30328,1503946277390,-7,-5,3,3,6,-3,-3,-4
31224,31224,1503946286150,-3,-1,0,0,-3,2,-6,-8
31225,31225,1503946286165,1,1,1,6,2,4,-2,-10
31226,31226,1503946286172,-4,-5,-2,-1,-2,-9,-3,-7
31227,31227,1503946286180,-7,-11,-8,-9,-4,-2,2,13
31228,31228,1503946286195,2,2,2,1,1,5,-1,-1
31229,31229,1503946286202,4,-4,-7,-6,-5,-2,0,3
31230,31230,1503946286209,-18,-2,-4,-2,-3,-8,-5,-2
31231,31231,1503946286225,42,5,0,-5,-3,-1,8,26
31232,31232,1503946286232,3,-3,-5,1,0,-1,6,0
31233,31233,1503946286240,-7,-3,-2,0,1,6,-4,-7
31234,31234,1503946286255,3,2,4,2,0,-12,-3,-3
31235,31235,1503946286262,-5,-5,0,0,0,-1,3,24
31236,31236,1503946286269,-5,10,7,1,0,-2,-8,-11
31237,31237,1503946286285,-7,-1,-1,-1,2,2,-1,-4
31238,31238,1503946286292,6,6,4,1,-2,1,-1,0
31239,31239,1503946286300,0,4,2,0,0,-3,-3,-9
31240,31240,1503946286317,2,-3,-2,-3,-1,-14,1,4
31241,31241,1503946286322,-1,3,0,0,-3,-4,-2,-8
31242,31242,1503946286329,6,-3,-2,-1,-1,0,-4,-9
31243,31243,1503946286346,-4,-4,2,5,0,-22,-4,-3
31244,31244,1503946286352,3,-4,-7,-6,-1,5,2,7
31245,31245,1503946286361,1,-2,-2,-2,0,8,-4,-13
31246,31246,1503946286374,-9,-16,-11,-5,-3,0,9,25
31247,31247,1503946286382,-24,3,-1,-2,0,-1,-3,-8
31248,31248,1503946286390,-19,-3,-3,-2,-1,12,-2,-2
31249,31249,1503946286405,0,-1,0,0,0,1,-2,-3
31250,31250,1503946286414,5,-3,-3,-1,-1,-7,-1,-2
31251,31251,1503946286420,62,10,3,0,2,0,-4,-6
31252,31252,1503946286434,-8,-9,-2,-4,-4,-1,-2,-7
31253,31253,1503946286442,-20,-10,-7,-1,-2,0,-1,-3
31254,31254,1503946286451,6,-4,-6,-5,-8,-32,-7,-18
31255,31255,1503946286465,-7,-3,-4,-2,-1,9,2,2
31256,31256,1503946286472,-7,4,-1,0,1,9,-3,-5
31257,31257,1503946286486,-2,-1,0,0,-1,-6,-1,-4
31258,31258,1503946286494,6,-4,5,1,2,3,0,2
31259,31259,1503946286502,-9,-7,-7,-2,1,3,-3,-4
31260,31260,1503946286509,7,15,4,2,1,2,1,3
31261,31261,1503946286525,-18,-9,-1,0,-2,-6,0,0
31262,31262,1503946286532,7,4,0,0,-2,2,0,5
31263,31263,1503946286540,-7,-5,-5,-2,-1,-5,-1,-1
31264,31264,1503946286561,3,12,12,0,-1,-4,-3,-2
31265,31265,1503946286562,-1,2,2,-1,3,21,0,-1
31266,31266,1503946286563,0,2,-7,-2,-3,2,0,-1
31267,31267,1503946286569,-4,-2,-1,2,1,-3,-4,-8
31268,31268,1503946286590,-3,-11,-5,-3,-2,0,-1,0
31269,31269,1503946286592,7,9,7,5,3,6,3,8
31270,31270,1503946286600,-2,2,1,-3,-2,-4,0,1
31271,31271,1503946286615,1,-1,-3,-11,-25,-7,-3,1
31272,31272,1503946286623,-2,6,9,14,9,4,1,-4
31273,31273,1503946286629,0,-2,-4,-8,-8,-5,-2,-4
31274,31274,1503946286645,-3,0,-3,-7,-4,3,-1,0
31275,31275,1503946286653,4,8,5,12,-3,-4,1,1
31276,31276,1503946286660,0,-2,-5,11,2,-2,-1,-2
31277,31277,1503946286674,0,2,0,-4,8,-1,-1,-3
31278,31278,1503946286684,-4,0,0,-6,-6,-1,-1,0
31924,31924,1503946292982,7,-2,-4,0,-1,3,0,7
31925,31925,1503946292990,-11,-2,-15,-5,-4,-3,1,6
31926,31926,1503946292997,13,-5,-5,-5,-4,-8,0,18
31927,31927,1503946292998,-2,-4,3,0,0,-1,-4,-6
31928,31928,1503946293012,-31,-10,-2,-2,-1,1,-2,12
31929,31929,1503946293019,13,6,4,-1,-8,-3,-6,-7
31930,31930,1503946293027,-1,-5,2,4,1,2,4,9
31931,31931,1503946293042,11,5,-10,-3,-3,3,-1,29
31932,31932,1503946293050,-13,-6,-10,-7,-5,-2,-2,-2
31933,31933,1503946293061,-6,-6,-6,0,2,1,2,6
31934,31934,1503946293071,-5,-1,-4,-2,2,-1,-1,-15
31935,31935,1503946293079,-3,-2,3,-4,0,1,0,-4
31936,31936,1503946293087,4,3,5,1,12,1,-1,-10
31937,31937,1503946293102,8,1,2,-1,-12,-43,3,16
31938,31938,1503946293110,-51,-5,-5,-4,-12,-7,-2,-15
31939,31939,1503946293117,2,7,18,4,6,13,3,6
31940,31940,1503946293132,13,-6,-2,1,2,1,-6,-9
31941,31941,1503946293139,-7,-4,-14,-14,1,4,-5,-10
31942,31942,1503946293147,9,-2,2,14,26,6,-1,-8
31943,31943,1503946293162,-11,-3,-3,-1,-9,5,0,-4
31944,31944,1503946293170,7,5,3,-2,6,-2,-2,0
31945,31945,1503946293176,16,1,-3,-4,0,1,2,14
31946,31946,1503946293194,-1,0,3,-2,-16,-22,-4,5
31947,31947,1503946293200,-3,0,-1,4,3,-3,-1,-10
31948,31948,1503946293207,5,12,10,0,-4,17,-8,1
31949,31949,1503946293208,12,1,-2,-4,-12,-2,-2,-5
31950,31950,1503946293222,-31,-11,-11,-1,4,7,-8,-14
31951,31951,1503946293230,-3,5,5,-5,10,4,2,2
31952,31952,1503946293238,4,1,5,4,14,6,-5,-12
31953,31953,1503946293251,-5,12,-3,0,4,5,3,5
31954,31954,1503946293261,-29,0,14,5,10,2,-5,-7
31955,31955,1503946293268,27,-3,-2,-3,0,-1,-1,-6
31956,31956,1503946293282,0,3,0,0,-7,18,3,-7
31957,31957,1503946293290,3,-1,-3,-6,-23,4,-5,-7
31958,31958,1503946293297,6,-5,-3,0,2,14,7,9
31959,31959,1503946293311,1,-4,-3,0,1,-2,0,2
31960,31960,1503946293319,-5,-4,-7,-5,-12,-11,3,-6
31961,31961,1503946293329,17,-2,-5,-1,19,-7,-3,40
31962,31962,1503946293330,2,7,3,1,2,-3,-6,-21
31963,31963,1503946293342,-9,-4,0,18,12,0,-9,-7
31964,31964,1503946293350,-61,-9,2,2,0,6,2,-1
31965,31965,1503946293357,-20,29,47,9,4,-7,2,1
31966,31966,1503946293372,-10,-1,-6,-3,-5,-4,8,19
31967,31967,1503946293379,12,-3,-16,-5,-6,-4,-5,-4
31968,31968,1503946293387,-9,3,-3,-5,-10,-5,9,2
31969,31969,1503946293403,33,-21,-20,-7,-4,2,-8,-5
31970,31970,1503946293410,-21,-14,-9,0,2,11,-3,7
31971,31971,1503946293417,-2,8,22,6,-1,10,-5,-19
31972,31972,1503946293432,51,1,-2,-1,-1,-11,-17,-52
31973,31973,1503946293440,37,11,-18,-11,-11,-7,2,5
31974,31974,1503946293447,-8,-11,-2,0,-2,0,-1,-2
31975,31975,1503946293464,14,2,-7,-7,-3,-3,2,-1
31976,31976,1503946293470,-1,6,3,0,0,0,7,29
31977,31977,1503946293477,-21,-6,-6,-6,-10,-49,-9,7
31978,31978,1503946293491,13,-6,-4,0,6,1,-1,10
31979,31979,1503946293499,12,-2,4,0,0,8,6,-1
31980,31980,1503946293507,23,6,-5,-9,-9,-10,0,39
31981,31981,1503946293508,-18,-6,0,2,-5,-5,-10,-48
31982,31982,1503946293522,-32,1,9,-2,-5,2,5,14
31983,31983,1503946293531,36,2,0,1,-1,1,-14,43
31984,31984,1503946293537,-6,-5,-8,2,8,5,0,6
31985,31985,1503946293551,4,0,4,1,-12,-46,2,1
31986,31986,1503946293559,6,-19,-10,-2,-10,-2,-11,-15
31987,31987,1503946293567,20,4,-7,-7,1,12,5,40
31988,31988,1503946293582,10,22,15,3,9,3,2,26
