,SampleNumber,TimeStamp,EMG1,EMG2,EMG3,EMG4,EMG5,EMG6,EMG7,EMG8
891,891,1503614258017,-38,-27,-14,-3,-3,-1,4,31
892,892,1503614258025,12,10,8,-2,-1,0,3,-4
893,893,1503614258039,-11,21,18,3,1,-1,-11,-40
894,894,1503614258047,-12,-3,-9,-4,-4,-2,0,-11
895,895,1503614258054,-13,3,-8,-13,-8,-3,1,-4
896,896,1503614258069,27,-2,-6,2,2,3,4,25
897,897,1503614258077,6,-10,-9,-4,-9,-5,-2,15
898,898,1503614258085,-9,-7,-1,-1,12,2,-8,-23
899,899,1503614258099,38,14,15,8,14,10,5,21
900,900,1503614258107,-33,-2,11,1,-13,-11,2,7
901,901,1503614258114,-16,0,2,6,1,1,-1,-8
902,902,1503614258129,66,-2,-5,1,-2,2,12,44
903,903,1503614258137,-8,-8,-9,-16,-7,-4,-3,-9
904,904,1503614258145,45,22,13,5,5,7,-5,-23
905,905,1503614258159,-25,2,10,3,-1,-3,10,4
906,906,1503614258174,21,-2,-4,0,-1,-1,-7,-16
907,907,1503614258175,4,4,2,-3,-10,-11,-5,-4
908,908,1503614258190,-31,-5,-5,0,14,9,-3,-16
909,909,1503614258197,-25,-36,-28,-19,-6,-5,1,11
910,910,1503614258205,7,-1,-11,-10,-15,-9,-1,2
911,911,1503614258219,53,10,8,11,6,6,6,37
912,912,1503614258227,-38,-16,-11,-6,-9,-6,-11,-36
913,913,1503614258236,42,13,2,2,0,7,19,48
914,914,1503614258250,13,6,6,0,0,3,7,39
915,915,1503614258257,-103,-17,-4,-2,-1,-3,-19,-34
916,916,1503614258273,-1,0,2,-3,-13,-6,3,15
917,917,1503614258279,46,22,12,7,13,5,-4,-26
918,918,1503614258287,-31,4,2,-2,4,-7,-7,-20
919,919,1503614258301,0,-2,2,6,11,17,1,-39
920,920,1503614258309,8,-1,-5,-2,-6,-1,1,-21
921,921,1503614258317,-16,0,0,-1,-17,-17,5,58
922,922,1503614258334,4,-2,-6,-2,-3,-4,3,-17
923,923,1503614258339,-8,-11,-8,0,20,4,-13,-35
924,924,1503614258347,-18,-15,0,-2,-11,-8,-2,11
925,925,1503614258361,57,23,15,6,7,12,4,-37
926,926,1503614258370,-13,6,8,1,10,4,-7,-24
927,927,1503614258377,0,5,-4,-7,-19,-23,-11,-39
928,928,1503614258392,27,-4,0,6,49,24,8,5
929,929,1503614258401,16,-6,-3,-5,-4,-8,-2,22
930,930,1503614258408,117,27,7,9,-9,12,16,28
931,931,1503614258421,-68,-28,-23,-5,-8,-3,-1,-24
932,932,1503614258429,-15,9,5,-2,-9,-5,1,26
933,933,1503614258437,11,4,4,-2,-46,-17,-4,5
934,934,1503614258452,-82,-20,-6,5,45,29,-3,-26
935,935,1503614258459,-85,-31,-16,-10,-3,-3,-4,-32
936,936,1503614258469,-26,1,16,-3,-30,-26,-10,21
937,937,1503614258481,126,8,4,6,11,9,5,34
938,938,1503614258489,14,18,5,3,-8,-11,-8,-34
939,939,1503614258497,-9,5,7,3,8,3,6,43
940,940,1503614258512,8,-14,-13,-5,12,6,6,18
941,941,1503614258520,-5,-5,-1,-4,4,-13,0,-4
942,942,1503614258527,-17,-1,-5,-3,-12,-2,-3,-6
943,943,1503614258542,25,11,3,4,15,13,2,18
944,944,1503614258549,-25,-10,-9,-4,-21,-16,-6,-8
945,945,1503614258557,9,-1,-2,1,1,11,1,-18
946,946,1503614258573,-23,-1,-2,-6,-5,0,-4,-26
947,947,1503614258580,31,21,11,0,-15,-8,7,58
948,948,1503614258587,22,-5,-8,-3,-7,-1,1,11
949,949,1503614258604,11,13,12,4,1,0,0,20
950,950,1503614258605,-25,-2,0,-4,-6,-8,-8,-50
951,951,1503614258610,-68,-20,-7,-1,5,-3,-13,-8
952,952,1503614258617,26,8,13,10,11,9,-2,-14
953,953,1503614258632,-56,-14,-9,-7,-8,-6,-12,-34
954,954,1503614258640,49,7,-2,-1,1,0,3,68
955,955,1503614258647,15,5,-3,-3,-6,-10,1,-3
956,956,1503614258661,3,10,6,3,5,-4,-5,-9
957,957,1503614258670,24,-5,-3,3,-1,2,18,74
958,958,1503614258678,-34,1,-3,-4,5,6,-8,-70
959,959,1503614258693,29,7,6,3,0,-3,-3,-17
960,960,1503614258699,-83,-18,-12,-3,-6,-9,0,-15
961,961,1503614258708,6,-4,-3,-1,-3,-2,-2,-10
962,962,1503614258721,9,16,9,3,5,2,-2,-11
963,963,1503614258729,36,5,-5,-4,-3,-9,-1,14
964,964,1503614258737,-8,-2,-3,-1,9,11,5,29
1124,1124,1503614260326,13,7,-1,3,0,2,4,24
1125,1125,1503614260334,-6,11,5,4,0,-2,-2,-5
1126,1126,1503614260342,-8,0,8,6,2,0,-2,-10
1127,1127,1503614260357,4,5,1,13,9,3,2,-1
1128,1128,1503614260363,-8,-3,-4,0,-4,-1,1,-14
1129,1129,1503614260372,-6,-1,1,-6,-3,-2,1,-9
1130,1130,1503614260386,0,5,7,-1,-6,1,-2,0
1131,1131,1503614260394,-4,-7,-5,-4,1,0,-3,-5
1132,1132,1503614260402,8,17,12,-1,1,-1,1,-1
1133,1133,1503614260417,2,4,4,-2,-2,-4,-3,-6
1134,1134,1503614260424,-9,-15,-18,-4,1,-3,-2,-11
1135,1135,1503614260432,-9,-5,-5,1,0,-2,-1,-1
1136,1136,1503614260446,3,-4,-1,5,2,1,0,5
1137,1137,1503614260461,-4,-5,-2,-3,-3,-1,-2,-3
1138,1138,1503614260462,-6,-12,-15,2,2,0,2,3
1139,1139,1503614260477,8,14,11,2,-2,-1,1,3
1140,1140,1503614260484,11,5,5,3,3,-3,-3,-2
1141,1141,1503614260492,23,9,-2,-1,2,3,3,16
1142,1142,1503614260506,-5,2,3,-2,-3,0,-2,2
1143,1143,1503614260516,-9,-3,5,3,-2,-2,-4,-4
1144,1144,1503614260522,12,-2,-1,-3,0,1,3,6
1145,1145,1503614260537,4,-4,-5,-2,1,1,-1,-2
1146,1146,1503614260543,9,11,3,2,1,-2,-1,-11
1147,1147,1503614260553,-38,-11,-3,-5,-4,-2,-1,-6
1148,1148,1503614260566,-7,-11,-14,-7,-5,-1,0,1
1149,1149,1503614260574,12,2,0,4,3,0,0,-4
1150,1150,1503614260583,-6,-4,-5,-2,-4,-2,-4,-8
1151,1151,1503614260597,-9,-7,-8,-5,-2,-3,-3,-1
1152,1152,1503614260603,2,-5,-10,-9,-8,-3,-2,-4
1153,1153,1503614260612,-5,-8,-7,-1,-3,-1,1,-1
1154,1154,1503614260626,-17,12,2,1,-1,-1,1,-1
1155,1155,1503614260634,0,-12,-8,-2,-2,-2,-2,-1
1156,1156,1503614260642,9,8,17,6,2,0,-1,-3
1157,1157,1503614260657,-3,11,6,0,0,0,-3,-3
1158,1158,1503614260663,8,-10,-5,3,5,1,5,28
1159,1159,1503614260672,28,4,-3,-6,-2,1,1,12
1160,1160,1503614260686,24,4,4,3,3,1,2,27
1161,1161,1503614260694,-3,3,5,-1,0,-3,-7,1
1162,1162,1503614260701,7,-3,-1,0,3,0,-5,-12
1163,1163,1503614260724,-16,-11,-7,-5,-5,-7,-10,-15
1164,1164,1503614260739,-6,-5,1,-1,1,-2,-3,-12
1165,1165,1503614260746,-20,-8,-3,-5,-5,-2,-3,-10
1166,1166,1503614260754,9,4,-1,0,-3,-2,-1,-1
1167,1167,1503614260762,-20,-3,-2,-3,-4,-2,-3,-15
1168,1168,1503614260777,12,9,4,1,-2,-1,2,5
1169,1169,1503614260785,-4,-4,-3,-6,-1,0,2,-9
1170,1170,1503614260792,-36,-22,-15,-6,-3,-3,-5,-50
1171,1171,1503614260806,6,-4,-2,2,1,-1,-3,-9
1172,1172,1503614260814,-8,-14,-6,-3,-2,-2,-4,-18
1173,1173,1503614260822,-5,1,1,2,2,2,2,4
1174,1174,1503614260837,2,1,2,2,-5,0,-3,16
1175,1175,1503614260843,5,-1,3,1,3,0,2,13
1176,1176,1503614260852,15,13,5,-2,1,1,4,19
1177,1177,1503614260867,-18,-3,-2,1,-4,-2,-4,-15
1178,1178,1503614260874,3,43,23,8,4,3,2,13
1179,1179,1503614260890,4,-2,-4,-2,0,0,1,-1
1180,1180,1503614260897,7,0,-5,1,3,2,4,11
1181,1181,1503614260905,1,0,5,1,-1,-1,0,-7
1182,1182,1503614260912,2,-10,-7,-3,-4,-3,-1,0
1183,1183,1503614260928,2,1,-2,-1,2,1,-1,5
1184,1184,1503614260934,6,-7,-5,-3,0,0,2,0
1185,1185,1503614260954,-14,-4,-1,-5,-2,-3,-5,-12
1186,1186,1503614260957,5,-2,-3,-4,-3,2,0,9
1187,1187,1503614260965,4,6,1,-2,-1,-2,-1,1
1188,1188,1503614260972,-4,-14,-5,-2,0,-1,-3,-4
1189,1189,1503614260988,-10,2,14,4,2,3,2,-6
1190,1190,1503614260994,-3,-5,1,-1,-1,-3,-10,-9
1191,1191,1503614261010,5,7,9,0,-1,0,-3,10
1192,1192,1503614261017,-7,-2,-3,-1,-2,-3,-3,-4
1193,1193,1503614261025,-13,-8,-8,0,-2,-1,-1,-5
1194,1194,1503614261032,4,1,4,4,2,1,5,16
1195,1195,1503614261047,-6,-3,-9,-1,-2,-2,3,11
1196,1196,1503614261055,16,0,2,-1,0,1,0,4
1197,1197,1503614261070,16,-7,-1,1,1,0,3,12
1198,1198,1503614261077,-8,-12,-4,-3,-2,-2,-2,-10
1199,1199,1503614261088,16,10,9,1,0,0,3,8
1200,1200,1503614261099,-5,4,2,2,1,-1,2,11
1201,1201,1503614261107,-1,2,-4,-3,-1,-3,-3,-11
1202,1202,1503614261114,9,-6,0,-2,-10,-6,0,10
1203,1203,1503614261130,14,11,3,2,9,5,-1,20
1204,1204,1503614261137,-11,6,-4,-3,-3,-3,-3,-6
1205,1205,1503614261145,12,-8,-4,-2,0,2,4,36
1206,1206,1503614261160,-7,0,-2,-6,-4,-2,0,-10
1207,1207,1503614261167,4,7,3,1,1,0,2,11
1208,1208,1503614261174,6,9,4,3,-1,-2,0,2
1209,1209,1503614261190,-18,-2,-5,-3,-6,-2,-3,-20
1210,1210,1503614261197,-21,7,10,-2,-2,-2,-5,-25
1211,1211,1503614261205,-8,-7,-4,0,11,5,-1,-17
1471,1471,1503614263710,3,-10,-6,-1,1,-1,-2,-2
1472,1472,1503614263723,-2,-7,-11,-1,0,-1,-3,-13
1473,1473,1503614263732,-31,-9,-4,-2,-1,1,-2,-24
1474,1474,1503614263739,-15,3,4,0,-2,-3,-1,6
1475,1475,1503614263754,10,-3,-4,2,0,0,-1,2
1476,1476,1503614263762,12,-12,-9,-1,-1,-2,-1,-10
1477,1477,1503614263772,-2,-1,-1,1,0,-2,5,26
1478,1478,1503614263784,0,11,12,7,4,1,-1,-6
1479,1479,1503614263792,-7,-2,0,-1,0,0,-1,3
1480,1480,1503614263799,35,0,-4,-2,-1,-1,-2,-2
1481,1481,1503614263814,14,2,2,-5,-3,0,-1,-8
1482,1482,1503614263822,5,-5,-7,0,-1,-2,-7,-5
1483,1483,1503614263830,6,7,0,0,-2,0,2,-12
1484,1484,1503614263845,-21,0,1,1,-1,-4,0,-3
1485,1485,1503614263852,16,9,2,-2,2,2,-1,-3
1486,1486,1503614263866,-18,-10,-6,-6,-4,-4,1,3
1487,1487,1503614263874,17,-7,-9,-6,-7,-5,-4,-8
1488,1488,1503614263882,-9,1,2,2,6,5,4,6
1489,1489,1503614263897,7,-3,-5,0,0,0,2,13
1490,1490,1503614263907,1,0,-2,-2,-6,-2,1,20
1491,1491,1503614263912,-41,-1,-1,0,0,-1,-2,-8
1492,1492,1503614263926,-1,14,4,1,1,0,-3,-9
1493,1493,1503614263934,21,13,5,4,2,0,1,6
1494,1494,1503614263942,21,7,4,2,-2,0,-1,-32
1495,1495,1503614263957,-9,-11,-1,0,3,1,0,-4
1496,1496,1503614263964,-6,7,2,0,-2,1,-4,-22
1497,1497,1503614263973,35,1,-4,2,-1,-1,3,8
1498,1498,1503614263986,-12,-11,-8,-6,-2,0,1,12
1499,1499,1503614263994,-53,-22,-3,1,-1,-2,-3,4
1500,1500,1503614264002,-5,-10,-7,-6,-1,0,2,20
1501,1501,1503614264017,9,6,4,0,1,0,-5,-23
1502,1502,1503614264024,11,-3,-1,-1,-5,-6,-1,6
1503,1503,1503614264032,-39,-3,0,-1,4,0,-1,-1
1504,1504,1503614264046,10,6,2,-1,3,1,4,-1
1505,1505,1503614264054,-39,-5,-3,-1,-7,-3,-3,-24
1506,1506,1503614264062,43,9,4,0,-2,-2,-4,3
1507,1507,1503614264077,29,3,-5,-2,3,2,3,-8
1508,1508,1503614264084,-28,-10,-7,0,-2,-2,-3,-8
1509,1509,1503614264093,26,9,5,1,0,0,-3,6
1510,1510,1503614264109,58,4,1,0,0,0,0,21
1511,1511,1503614264115,-17,24,12,3,-3,0,-4,-10
1512,1512,1503614264122,-28,-1,1,-1,-4,-3,-2,-17
1513,1513,1503614264137,19,-3,-6,-1,-3,-1,-1,38
1514,1514,1503614264145,27,-7,-5,-6,-2,-3,4,-3
1515,1515,1503614264152,-4,-6,-4,-3,1,-1,0,-7
1516,1516,1503614264166,-5,-2,3,0,-13,-3,3,30
1517,1517,1503614264175,12,1,-2,-1,10,-1,3,16
1518,1518,1503614264182,-34,-1,2,-3,5,2,-7,-24
1519,1519,1503614264197,-37,-7,-3,0,-6,-2,-2,-10
1520,1520,1503614264204,-20,-4,0,-2,-2,-2,-5,-22
1521,1521,1503614264212,55,0,-2,-4,0,0,0,6
1522,1522,1503614264226,-6,15,9,4,-3,0,-7,-30
1523,1523,1503614264234,42,-7,-2,-1,-2,0,3,-17
1524,1524,1503614264242,88,28,21,9,6,6,3,-39
1525,1525,1503614264257,-28,1,3,0,-1,2,3,46
1526,1526,1503614264264,-21,-12,-10,-4,-1,-3,0,19
1527,1527,1503614264272,4,5,4,-1,-4,-3,0,-3
1528,1528,1503614264286,-25,0,1,1,-1,1,1,-13
1529,1529,1503614264287,-15,-5,-4,-1,2,-2,-5,1
1530,1530,1503614264294,-8,-9,-5,-1,-3,-1,-5,10
1531,1531,1503614264302,13,-16,-14,-1,0,-1,-1,11
1532,1532,1503614264318,27,-13,-17,-6,1,2,5,13
1533,1533,1503614264324,-51,-13,-3,-1,-1,-3,-2,24
1534,1534,1503614264332,-41,2,1,-1,-5,-4,-12,-6
1535,1535,1503614264346,-9,-4,1,-4,0,0,5,17
1536,1536,1503614264354,22,3,-3,2,-1,0,1,-21
1537,1537,1503614264361,-59,-13,-10,-3,-4,-4,-4,-19
1538,1538,1503614264362,3,3,3,0,-6,-3,-2,20
1539,1539,1503614264377,21,12,6,-2,-3,0,0,-7
1540,1540,1503614264385,-6,1,-7,-3,-7,3,5,-25
1541,1541,1503614264392,-10,12,5,1,6,1,-2,4
1542,1542,1503614264406,-79,-8,-5,-1,0,-1,-7,-72
1543,1543,1503614264414,-20,-9,-3,-4,-7,-3,-7,-37
1544,1544,1503614264421,41,4,-3,0,-2,-1,0,29
1545,1545,1503614264437,-36,6,-2,0,1,-4,2,-53
1546,1546,1503614264444,-12,-1,4,3,4,-2,1,9
1547,1547,1503614264453,13,-4,0,-1,-2,-2,-3,20
1548,1548,1503614264466,-41,3,6,1,8,2,1,9
1549,1549,1503614264474,-6,0,0,-2,-2,1,5,40
1550,1550,1503614264482,18,-8,-5,-1,0,2,-3,23
1551,1551,1503614264496,-30,1,7,5,1,0,1,-12
1552,1552,1503614264504,-12,-17,-7,-2,6,1,-5,3
1553,1553,1503614264512,-24,-10,-5,-2,-2,-2,-2,-6
1554,1554,1503614264526,-14,1,-1,-1,-3,-6,-12,-64
1555,1555,1503614264534,-38,-2,1,-1,1,2,-1,13
1556,1556,1503614264544,31,-1,-3,-2,-13,-4,-1,19
1557,1557,1503614264563,40,13,12,6,9,0,-1,-9
1558,1558,1503614264564,4,5,0,-4,-5,-2,2,3
1559,1559,1503614264572,53,6,-11,-4,-2,1,3,26
1560,1560,1503614264586,35,1,-2,0,-4,0,10,43
1561,1561,1503614264594,12,-15,-8,-3,5,0,-1,-22
1897,1897,1503614267872,18,17,5,2,2,2,8,35
1898,1898,1503614267886,-6,-17,-13,-6,5,0,-3,-5
1899,1899,1503614267895,-9,-12,-8,-4,0,0,-3,-15
1900,1900,1503614267901,22,2,-10,-1,-1,-3,0,-5
1901,1901,1503614267902,-40,-3,3,-1,-4,-3,2,4
1902,1902,1503614267917,2,0,-3,-1,-3,-3,0,-8
1903,1903,1503614267924,2,-9,-10,-4,0,-3,-3,-8
1904,1904,1503614267935,-6,-7,-4,-3,-2,0,1,-4
1905,1905,1503614267946,8,8,8,3,0,0,1,0
1906,1906,1503614267955,1,2,-2,0,-1,-2,-3,-6
1907,1907,1503614267961,8,0,3,-2,-2,2,6,23
1908,1908,1503614267977,0,-5,-1,0,0,-2,-3,8
1909,1909,1503614267984,-2,-12,-6,-1,-3,-1,-2,-1
1910,1910,1503614267992,-3,1,0,-2,-1,0,2,12
1911,1911,1503614268007,-9,-5,-2,1,-2,-2,-5,-25
1912,1912,1503614268015,-19,-7,-1,-3,-3,0,-3,-14
1913,1913,1503614268021,15,-3,-2,0,2,-1,3,53
1914,1914,1503614268037,3,11,5,3,2,0,0,-13
1915,1915,1503614268044,7,-11,-7,0,0,-1,-4,-17
1916,1916,1503614268052,25,7,-5,-3,1,0,-3,7
1917,1917,1503614268070,-1,14,2,-1,0,2,1,14
1918,1918,1503614268078,-19,-6,-1,-2,-1,0,0,-12
1919,1919,1503614268082,48,26,17,4,-1,-1,2,28
1920,1920,1503614268097,-10,-3,-4,-3,-5,-7,-5,-1
1921,1921,1503614268105,4,0,-1,-1,2,0,1,12
1922,1922,1503614268106,-9,-8,-1,-4,-1,0,0,-14
1923,1923,1503614268112,-3,-8,-2,2,1,-3,1,3
1924,1924,1503614268127,8,2,-3,0,2,1,-1,0
1925,1925,1503614268137,0,-5,-4,-1,-4,-2,2,11
1926,1926,1503614268142,-6,-13,-8,0,0,-1,-3,-21
1927,1927,1503614268156,11,9,8,4,2,3,-2,-8
1928,1928,1503614268164,15,3,-1,-1,-3,-2,-2,-22
1929,1929,1503614268174,-7,-8,-9,-5,0,2,-2,15
1930,1930,1503614268186,-68,-13,-7,-3,-3,-2,-2,-14
1931,1931,1503614268194,-4,3,1,1,2,-1,-1,5
1932,1932,1503614268203,14,-2,-3,0,0,0,2,13
1933,1933,1503614268216,0,-1,3,-1,-1,-1,0,1
1934,1934,1503614268224,-8,-5,-5,-5,-5,-3,-1,-23
1935,1935,1503614268232,27,1,0,3,3,3,0,-11
1936,1936,1503614268246,-38,-11,-10,-5,-8,-1,1,-9
1937,1937,1503614268247,-9,-5,-2,-2,7,-1,-4,-17
1938,1938,1503614268254,-15,1,4,0,0,-3,-2,4
1939,1939,1503614268262,-7,-1,-1,0,-4,-4,-3,-10
1940,1940,1503614268277,43,9,3,2,1,2,5,17
1941,1941,1503614268284,16,0,-4,-3,-3,0,-1,15
1942,1942,1503614268292,-8,-6,-6,-5,-4,-2,0,-2
1943,1943,1503614268307,14,-2,-1,-2,-4,-3,-2,6
1944,1944,1503614268314,1,2,-1,-2,-2,-1,-3,-6
1945,1945,1503614268321,-9,-3,1,-2,-1,-2,-6,-11
1946,1946,1503614268337,5,3,2,-3,-3,-2,-1,5
1947,1947,1503614268344,-39,-8,-1,0,-5,-6,0,-5
1948,1948,1503614268352,6,4,1,0,0,0,-1,-5
1949,1949,1503614268366,26,2,-1,0,-4,0,2,14
1950,1950,1503614268375,-11,-8,-9,-3,0,-1,1,1
1951,1951,1503614268381,-10,9,9,3,9,3,5,-18
1952,1952,1503614268407,5,-12,-16,-4,-3,4,4,5
1953,1953,1503614268413,-25,-9,-1,-3,0,-2,0,2
1954,1954,1503614268427,14,22,10,2,-2,-2,-5,-6
1955,1955,1503614268434,16,-5,-10,-7,-8,-5,-4,13
1956,1956,1503614268435,-16,-6,-1,1,3,3,4,1
1957,1957,1503614268443,-7,-8,-4,-1,1,0,-1,1
1958,1958,1503614268457,-6,-7,-5,-2,-3,-2,-1,-7
1959,1959,1503614268464,-13,1,0,2,-1,-1,-2,-30
1960,1960,1503614268473,11,4,-2,0,-2,1,8,4
1961,1961,1503614268487,12,5,12,2,-3,0,1,55
1962,1962,1503614268494,-14,9,-2,-2,1,0,-9,-21
1963,1963,1503614268501,-8,-9,-7,-2,-1,-1,-5,-17
1964,1964,1503614268516,6,-9,-4,-2,0,0,2,18
1965,1965,1503614268524,-68,4,4,0,6,2,0,0
1966,1966,1503614268539,-14,-4,1,1,-5,-4,-5,-8
1967,1967,1503614268547,20,-14,-7,-1,-1,1,6,49
1968,1968,1503614268554,-14,-3,1,0,-1,0,-3,-15
1969,1969,1503614268568,18,-6,-6,-2,-4,-3,-1,-11
1970,1970,1503614268577,4,-1,-2,-2,-2,2,0,-13
1971,1971,1503614268584,23,14,0,-3,-2,-1,0,-21
1972,1972,1503614268599,16,1,3,-1,-1,-1,-1,11
1973,1973,1503614268607,-7,0,-1,2,-4,-1,-2,-35
1974,1974,1503614268615,20,0,-4,-1,-4,-3,-6,-35
1975,1975,1503614268629,24,-3,-5,-3,-3,-1,-3,8
1976,1976,1503614268636,-22,-15,-2,1,1,-1,-6,-34
1977,1977,1503614268644,-16,-5,0,-3,-1,-4,-5,-13
1978,1978,1503614268659,-15,2,-2,0,-7,-2,3,18
1979,1979,1503614268666,18,18,8,3,6,4,5,14
1980,1980,1503614268674,-5,-6,-2,-3,3,0,-2,-1
1981,1981,1503614268688,-9,-16,-10,-4,-2,-4,-3,-16
1982,1982,1503614268696,37,10,6,2,1,-1,1,3
1983,1983,1503614268707,7,0,4,-1,-1,-5,-3,0
1984,1984,1503614268719,-17,-4,0,-2,7,1,-1,2
1985,1985,1503614268726,15,6,-1,-1,0,1,-2,-20
1986,1986,1503614268734,-21,0,-4,-3,-4,-6,-5,-8
1987,1987,1503614268749,-11,18,7,0,-1,-2,-8,-4
1988,1988,1503614268756,25,9,6,1,0,2,4,45
1989,1989,1503614268764,-4,-9,-1,4,-2,1,-7,-4
1990,1990,1503614268779,-10,1,-10,-8,-4,-5,0,5
1991,1991,1503614268786,36,-2,-2,-2,0,3,6,24
1992,1992,1503614268794,-7,-1,5,4,-1,-4,-6,-12
1993,1993,1503614268808,-6,-8,-8,0,-3,-2,-2,-5
1994,1994,1503614268817,35,7,0,2,-3,3,3,16
1995,1995,1503614268824,-19,-6,-3,-3,0,-1,0,9
1996,1996,1503614268841,11,-4,-2,1,1,-2,-3,6
1997,1997,1503614268846,4,5,1,0,1,2,0,-2
1998,1998,1503614268854,41,4,0,-3,-1,1,1,-6
1999,1999,1503614268868,-3,2,3,0,-3,0,-1,-12
2000,2000,1503614268877,-30,-5,-1,-2,-3,-2,-7,-42
2001,2001,1503614268884,-11,-4,-6,-4,-6,-2,2,7
2002,2002,1503614268899,-23,-5,1,0,-3,-1,0,6
2003,2003,1503614268908,1,0,6,3,4,0,2,-1
2004,2004,1503614268921,27,11,1,0,-1,0,0,9
2005,2005,1503614268928,-3,-16,-8,-3,2,-2,3,20
2006,2006,1503614268936,-14,-6,-8,-5,4,2,0,-24
2007,2007,1503614268944,-14,-6,-3,-2,0,-1,2,9
2008,2008,1503614268959,-11,-6,-6,-4,-3,-4,2,27
2009,2009,1503614268966,37,0,-5,-5,-3,-4,-3,2
2010,2010,1503614268975,34,5,2,2,-1,-1,-2,-8
2011,2011,1503614268988,25,-3,-3,-2,-6,-1,-2,4
2012,2012,1503614268996,0,-10,-3,-2,2,0,-2,7
2013,2013,1503614269004,-22,-3,2,2,-5,-2,4,41
2014,2014,1503614269019,-15,-6,-1,0,6,5,0,21
2015,2015,1503614269026,-27,10,5,0,3,-1,-1,-9
2016,2016,1503614269034,36,3,5,2,-2,-4,-1,6
2017,2017,1503614269048,-25,-6,-7,-1,-1,0,-3,-27
2018,2018,1503614269056,29,10,-3,-1,-1,0,0,19
2019,2019,1503614269057,-3,1,-1,-2,-3,-2,0,-5
2020,2020,1503614269064,1,5,11,0,-2,-3,-2,-10
2021,2021,1503614269079,-43,-1,-2,0,2,4,0,2
2022,2022,1503614269087,-9,-5,-1,0,2,2,-4,-17
2023,2023,1503614269094,9,38,18,3,-6,-2,0,-4
2024,2024,1503614269110,50,22,13,5,0,1,0,-7
2025,2025,1503614269117,-17,-17,-9,-5,-4,-2,0,-3
2026,2026,1503614269124,-43,-10,-7,-4,-3,-3,-8,-15
2027,2027,1503614269139,-2,-11,-4,0,0,-1,0,13
2028,2028,1503614269146,4,-3,-4,-1,0,-2,2,-14
2029,2029,1503614269154,13,-8,-9,-2,2,0,-1,-7
2030,2030,1503614269168,5,-5,-7,-6,-4,-2,9,44
2031,2031,1503614269177,14,3,2,1,0,0,1,18
2032,2032,1503614269184,-18,-2,-2,2,-2,-2,-4,-7
2033,2033,1503614269199,-29,-12,-3,0,-3,0,-1,1
2034,2034,1503614269207,-7,-8,-8,-5,-4,-4,-4,-10
2035,2035,1503614269214,-29,-1,3,0,1,-3,-1,-4
2036,2036,1503614269228,48,11,2,1,-4,1,-1,3
2037,2037,1503614269237,33,-3,-2,0,-1,-1,6,35
2038,2038,1503614269244,-2,13,14,5,5,1,1,12
2039,2039,1503614269261,38,-3,-6,-3,0,-1,2,2
2040,2040,1503614269266,-16,-17,-7,-2,-1,-1,-3,-8
2041,2041,1503614269274,-17,-1,1,0,3,-2,-6,-29
2042,2042,1503614269288,9,-8,-6,0,2,1,0,-4
2043,2043,1503614269296,-19,-8,-4,-2,-3,-3,-1,6
2044,2044,1503614269304,-47,-13,-8,-5,-1,-2,1,21
2045,2045,1503614269319,-9,-4,1,-1,-3,1,-2,13
2046,2046,1503614269326,0,2,2,-1,2,-2,-1,-3
2047,2047,1503614269341,23,18,5,0,-5,1,1,-4
2048,2048,1503614269348,11,1,-1,1,-5,-5,-2,-9
2049,2049,1503614269356,-18,-4,-5,-2,3,-1,1,-25
2050,2050,1503614269364,-7,-1,2,2,6,-1,-2,-14
2051,2051,1503614269379,-4,13,11,0,-2,-3,-8,-5
2052,2052,1503614269386,15,3,0,-3,-1,1,0,-9
2053,2053,1503614269394,-30,-16,-8,-2,-1,0,-1,-6
2054,2054,1503614269408,24,7,0,0,-1,1,-1,2
2055,2055,1503614269416,13,4,-1,-1,-7,-3,-3,-5
2056,2056,1503614269424,-4,-13,-13,-2,-2,0,2,25
2057,2057,1503614269439,0,7,4,2,2,1,1,7
2058,2058,1503614269447,-9,3,8,1,7,2,3,24
2059,2059,1503614269461,12,-5,-2,1,-1,-2,5,14
2060,2060,1503614269468,-1,3,1,0,0,1,0,-10
2061,2061,1503614269479,36,2,-4,-2,-1,1,-3,-29
2062,2062,1503614269491,-25,-9,-2,-4,-1,-1,-4,-39
2063,2063,1503614269499,-21,-9,-7,-6,-6,-5,-7,-19
2064,2064,1503614269506,35,11,4,2,1,1,0,15
2387,2387,1503614272679,-31,-10,-6,-6,-4,-1,-3,-10
2388,2388,1503614272686,5,0,-2,-1,0,-1,0,8
2389,2389,1503614272694,3,1,-1,-1,-2,-1,-3,-3
2390,2390,1503614272709,0,15,16,5,3,3,5,-5
2391,2391,1503614272717,12,0,-7,-4,-3,-1,2,44
2392,2392,1503614272724,-2,-3,-9,-4,-3,-1,-1,-2
2393,2393,1503614272739,0,-13,-6,-3,-5,-3,-4,7
2394,2394,1503614272746,3,-4,2,-4,-2,2,6,31
2395,2395,1503614272754,19,9,5,6,5,3,2,-16
2396,2396,1503614272769,1,2,-2,-2,-1,-3,-4,-10
2397,2397,1503614272777,3,-1,1,-1,1,-3,-2,-5
2398,2398,1503614272784,4,1,4,-2,-2,-1,-1,-2
2399,2399,1503614272799,1,-3,-2,-3,-2,0,1,-6
2400,2400,1503614272808,-8,-6,-6,-2,-3,-3,-5,-16
2401,2401,1503614272814,1,3,0,2,2,-2,-3,-13
2402,2402,1503614272829,8,4,-1,-2,-2,-2,3,8
2403,2403,1503614272837,-6,4,-4,-1,0,-1,-1,-13
2404,2404,1503614272844,10,7,-3,1,2,2,0,1
2405,2405,1503614272859,4,-4,-4,-1,-2,-3,0,-2
2406,2406,1503614272867,2,5,-5,0,-2,-1,-1,-23
2407,2407,1503614272874,-13,-12,-6,-4,-2,1,-3,-12
2408,2408,1503614272889,-15,-12,-1,-4,-4,-2,-1,4
2409,2409,1503614272897,-3,10,5,1,1,1,4,17
2410,2410,1503614272906,-1,0,-6,-3,1,-1,-2,-14
2411,2411,1503614272919,8,-5,2,1,-3,-1,0,16
2412,2412,1503614272927,-5,-12,-2,-1,-2,-1,-2,5
2413,2413,1503614272936,-5,2,4,5,-2,-4,-4,-4
2414,2414,1503614272949,4,-9,-9,-3,-2,-1,-1,17
2415,2415,1503614272957,-2,-1,-5,-2,-4,-3,-5,-12
2416,2416,1503614272964,16,2,-1,-2,0,1,-2,-7
2417,2417,1503614272979,7,-6,-5,-6,-3,-2,-5,-5
2418,2418,1503614272986,-1,3,8,4,1,0,-2,-4
2419,2419,1503614273003,-6,-6,-3,-1,-2,2,4,7
2420,2420,1503614273009,-14,-8,0,3,3,-1,0,-16
2421,2421,1503614273017,-3,-1,2,1,2,1,-1,-5
2422,2422,1503614273024,-3,-6,-7,-2,-2,-3,-5,20
2423,2423,1503614273039,0,-7,-9,-7,-2,-2,0,-8
2424,2424,1503614273046,-3,8,5,-2,1,-1,-1,8
2425,2425,1503614273054,17,3,5,-1,-2,1,2,7
2426,2426,1503614273070,-27,-16,-6,-7,-5,-1,-2,-7
2427,2427,1503614273084,1,-5,-1,0,0,-3,-2,11
2428,2428,1503614273085,-19,-4,-6,1,8,3,4,-12
2429,2429,1503614273099,-13,4,1,1,1,-1,-7,-18
2430,2430,1503614273107,11,4,-2,3,-1,0,-6,-3
2431,2431,1503614273114,-5,-11,-10,-5,-2,-2,0,-16
2432,2432,1503614273129,8,-1,4,2,0,1,5,14
2433,2433,1503614273137,-10,-4,-1,-5,-2,-2,1,1
2434,2434,1503614273144,-22,8,3,-2,-6,-3,-3,-8
2435,2435,1503614273159,15,4,6,1,1,1,3,32
2436,2436,1503614273166,24,3,-1,-4,-4,-2,2,-2
2437,2437,1503614273181,-18,-3,-1,4,2,1,3,-3
2438,2438,1503614273189,13,2,10,2,2,1,0,8
2439,2439,1503614273197,-19,-10,-4,-11,-7,-7,-10,-19
2440,2440,1503614273211,0,-4,-4,0,1,2,-10,-4
2441,2441,1503614273220,9,3,4,3,2,3,3,14
2442,2442,1503614273226,-18,3,-2,-1,-4,-2,1,7
2443,2443,1503614273241,-11,1,-3,-2,-5,-1,0,3
2444,2444,1503614273249,-3,4,2,0,-2,-3,0,1
2445,2445,1503614273257,5,-9,-2,1,1,0,-2,-6
2446,2446,1503614273258,22,8,2,-1,0,2,4,13
2447,2447,1503614273271,-3,-6,-8,-5,-3,0,3,25
2448,2448,1503614273279,-6,8,1,-2,1,1,4,-4
2449,2449,1503614273286,28,5,-1,0,0,0,3,18
2450,2450,1503614273301,12,25,23,6,3,-2,-3,-4
2451,2451,1503614273309,-2,-2,-4,-3,-4,0,0,-23
2452,2452,1503614273317,27,6,1,1,1,1,-1,-2
2453,2453,1503614273330,-9,-7,-6,-3,-3,-7,-8,-10
2454,2454,1503614273339,-39,-18,-13,-3,-3,-3,-5,-46
2455,2455,1503614273347,1,-3,-3,0,1,0,3,-7
2456,2456,1503614273361,-10,-7,1,-1,0,-2,-8,-16
2457,2457,1503614273369,4,0,3,1,0,-3,-1,3
2458,2458,1503614273377,-6,-4,-3,-2,-1,1,2,17
2459,2459,1503614273390,2,16,12,6,3,2,3,1
2460,2460,1503614273398,8,-2,0,1,0,-1,-1,16
2461,2461,1503614273406,-2,-2,-4,-1,-3,-2,-3,-12
2462,2462,1503614273421,-6,0,-4,-1,-2,-4,0,3
2463,2463,1503614273429,-17,-2,-3,-1,0,-1,-2,-12
2464,2464,1503614273437,7,-4,-5,0,-2,2,6,13
2465,2465,1503614273451,-5,-25,-10,0,5,3,-4,0
2466,2466,1503614273459,0,16,13,2,0,-1,-3,-19
2467,2467,1503614273467,-1,8,9,2,0,0,-1,-4
2468,2468,1503614273481,0,-8,-2,1,1,0,-3,-18
2469,2469,1503614273488,9,2,-3,-2,-4,-2,-2,-10
2470,2470,1503614273497,-11,-6,-10,-5,-3,-3,-2,3
2471,2471,1503614273511,-6,-4,-1,-4,-2,0,1,-1
2472,2472,1503614273519,-5,10,6,0,0,-2,0,10
2473,2473,1503614273533,23,10,2,1,-1,0,3,38
2474,2474,1503614273542,-9,-5,-7,-2,0,-1,-6,-12
2475,2475,1503614273555,-4,-1,-3,-2,-4,-4,-4,-11
2476,2476,1503614273557,4,-7,-5,-8,-3,0,4,15
2477,2477,1503614273570,-3,3,4,0,0,0,0,-4
2478,2478,1503614273579,-9,-8,-7,-2,-2,-2,-3,-17
2479,2479,1503614273586,-10,0,1,-3,0,0,3,-6
2480,2480,1503614273601,2,-2,-6,2,-1,-1,0,8
2481,2481,1503614273609,16,10,7,8,3,3,6,26
2482,2482,1503614273617,1,-5,-1,0,-3,2,-3,-13
2483,2483,1503614273630,-16,-14,-12,-9,-6,-6,-7,-29
2484,2484,1503614273641,-1,24,13,5,2,-1,2,21
2485,2485,1503614273646,-12,-14,-2,3,1,0,-6,-11
2486,2486,1503614273661,2,-5,-2,-2,-3,-1,-3,-13
2487,2487,1503614273669,-2,4,0,0,1,-1,1,7
2488,2488,1503614273677,1,-10,-7,-2,1,-3,3,9
2489,2489,1503614273690,5,-3,-5,-5,-2,0,0,-3
2490,2490,1503614273698,5,0,3,2,0,-1,0,-1
2491,2491,1503614273708,3,14,-2,-3,-1,-1,1,16
2492,2492,1503614273722,-2,17,11,0,2,3,8,55
2493,2493,1503614273728,2,0,2,3,-2,-3,-2,0
2494,2494,1503614273737,5,-6,1,-3,0,-1,-3,-16
2495,2495,1503614273751,-11,5,3,0,-7,1,5,7
2496,2496,1503614273759,0,-9,-2,1,3,0,-1,-15
2497,2497,1503614273766,3,-11,-15,-3,-2,-2,3,2
2498,2498,1503614273784,13,-5,-10,-2,-1,-1,-3,-7
2499,2499,1503614273789,1,-14,-12,-3,0,-2,-2,-20
2500,2500,1503614273797,5,15,16,3,-1,0,3,14
2501,2501,1503614273811,3,-5,-1,-1,0,-3,-6,-14
2502,2502,1503614273819,17,4,0,-1,-2,-3,-4,-13
2503,2503,1503614273826,3,16,7,1,2,1,0,14
2504,2504,1503614273843,-14,-11,-6,1,0,-2,-3,-11
2505,2505,1503614273849,-24,-15,-4,-3,-4,-2,-4,-5
2506,2506,1503614273857,-6,-5,-5,-2,-1,0,0,1
2507,2507,1503614273870,10,-4,1,-2,-1,-1,1,0
2508,2508,1503614273879,-14,-11,-7,-3,-5,-2,-4,-5
2509,2509,1503614273886,1,-5,-2,-3,4,-1,-6,-4
2510,2510,1503614273901,-12,-14,-12,-7,-1,2,0,-18
2511,2511,1503614273909,14,16,15,5,-2,0,-2,-9
2512,2512,1503614273923,-22,-5,-2,2,-1,-2,-1,5
2513,2513,1503614273924,8,2,-2,-3,-2,-5,-5,-5
2514,2514,1503614273930,-6,2,0,-2,-1,-3,0,-2
2515,2515,1503614273938,-3,-4,-2,0,-1,0,0,5
2516,2516,1503614273947,2,-7,-9,-4,0,0,-1,3
2517,2517,1503614273961,14,5,2,4,1,0,1,8
2518,2518,1503614273968,-9,2,2,2,-1,0,1,-6
2787,2787,1503614276595,5,9,14,3,3,2,-1,1
2788,2788,1503614276609,-6,-1,-11,-5,-2,-3,-2,1
2789,2789,1503614276616,3,-6,-7,0,-2,-1,-1,-2
2790,2790,1503614276623,0,0,1,2,1,1,3,10
2791,2791,1503614276639,3,5,1,0,0,-1,1,3
2792,2792,1503614276646,2,3,5,0,3,-2,-4,-7
2793,2793,1503614276654,-2,-1,0,-1,-1,0,0,-5
2794,2794,1503614276669,-26,-23,-8,-8,-2,-4,-12,-64
2795,2795,1503614276676,1,3,9,2,-1,-2,-2,2
2796,2796,1503614276683,-6,-3,1,-3,-2,-2,-2,-1
2797,2797,1503614276699,4,6,-11,-3,-3,2,5,15
2798,2798,1503614276706,6,-2,-6,-3,-1,-1,2,17
2799,2799,1503614276714,-6,-10,-7,-2,-3,-1,1,-1
2800,2800,1503614276729,14,34,30,13,6,3,3,12
2801,2801,1503614276738,-7,-3,4,1,1,-2,-5,-9
2802,2802,1503614276743,-7,-9,-10,-4,-6,-3,-7,-37
2803,2803,1503614276759,1,5,5,5,4,0,0,-4
2804,2804,1503614276766,-2,2,-3,3,-1,2,1,3
2805,2805,1503614276774,10,11,-9,-1,-3,0,0,1
2806,2806,1503614276788,0,-2,-8,-2,0,-2,0,2
2807,2807,1503614276796,6,-8,-16,-6,-6,-4,-2,13
2808,2808,1503614276804,7,4,0,-2,-5,-1,-1,20
2809,2809,1503614276819,-4,3,3,3,0,2,0,-6
2810,2810,1503614276826,3,-8,-5,-6,-4,-3,-1,19
2811,2811,1503614276834,4,0,-2,-4,-2,-1,3,16
2812,2812,1503614276848,-4,-2,-1,-1,-1,1,3,4
2813,2813,1503614276856,-13,-9,-4,-2,0,-2,1,-16
2814,2814,1503614276863,4,-3,-4,-1,0,-1,4,7
2815,2815,1503614276864,1,3,1,-2,-3,0,-1,6
2816,2816,1503614276879,-4,0,10,2,-4,-3,-6,-5
2817,2817,1503614276886,-29,-9,-6,-3,-1,-1,-3,1
2818,2818,1503614276894,-31,-16,-9,-3,1,-2,-2,-7
2819,2819,1503614276909,13,-4,-7,-1,1,0,1,-7
2820,2820,1503614276916,2,-3,2,-2,-3,1,1,-13
2821,2821,1503614276931,11,4,4,4,2,1,10,60
2822,2822,1503614276939,-3,-8,-3,-1,-1,-2,-4,-10
2823,2823,1503614276946,-3,1,1,-1,-2,-2,-2,-22
2824,2824,1503614276961,8,7,5,1,0,-4,-1,11
2825,2825,1503614276968,-4,-3,-9,-1,-3,-2,-4,-21
2826,2826,1503614276977,6,1,-3,-1,2,0,1,3
2827,2827,1503614276991,-13,20,23,5,0,1,2,16
2828,2828,1503614276999,5,7,7,3,1,1,-4,8
2829,2829,1503614277006,12,-8,-10,-2,-2,-1,1,12
2830,2830,1503614277021,4,2,6,1,0,1,3,17
2831,2831,1503614277028,-2,-1,-2,-3,0,1,-3,-16
2832,2832,1503614277036,2,-2,-5,-4,-1,-1,-3,-7
2833,2833,1503614277051,4,5,4,-1,1,-3,-2,-6
2834,2834,1503614277059,1,-3,-5,-3,0,0,2,15
2835,2835,1503614277066,4,4,-13,-6,-2,1,9,11
2836,2836,1503614277081,-24,5,8,2,-3,1,-2,-16
2837,2837,1503614277088,-2,-3,0,-6,-5,-3,-5,-11
2838,2838,1503614277098,5,-12,-10,-5,-4,-5,-4,5
2839,2839,1503614277111,5,-7,3,4,3,1,1,2
2840,2840,1503614277119,1,-2,3,1,1,0,-5,-16
2841,2841,1503614277126,13,5,5,2,-1,-2,3,35
2842,2842,1503614277141,6,-6,-14,-5,0,-2,3,13
2843,2843,1503614277148,-24,4,-5,0,0,-1,-6,-23
2844,2844,1503614277157,-4,-4,-4,-2,-2,-1,-2,-12
2845,2845,1503614277171,6,-5,1,0,1,0,-4,-8
2846,2846,1503614277179,7,7,7,6,2,0,3,2
2847,2847,1503614277186,-6,-17,-12,-1,-2,-3,-13,-10
2848,2848,1503614277201,6,23,29,9,3,4,0,-19
2849,2849,1503614277209,-8,-4,-1,2,1,-5,-11,-24
2850,2850,1503614277216,-7,0,-3,-1,-3,1,-4,-14
2851,2851,1503614277232,12,13,9,-2,1,2,2,-5
2852,2852,1503614277239,7,0,-6,-3,-1,-2,2,13
2853,2853,1503614277246,3,3,4,1,-2,-1,5,14
2854,2854,1503614277261,-6,-8,-1,0,-1,-1,-2,16
2855,2855,1503614277269,13,10,8,0,-3,-3,0,-17
2856,2856,1503614277276,-8,-10,-7,-5,-4,-1,-2,4
2857,2857,1503614277291,-4,6,-2,-1,0,-1,-2,-8
2858,2858,1503614277300,-2,6,-6,-2,-2,-3,-1,-9
2859,2859,1503614277306,-13,-16,-12,-7,-2,-1,2,3
2860,2860,1503614277321,6,1,-3,0,-2,-2,-6,-15
2861,2861,1503614277328,-2,0,-1,-1,-4,-1,1,6
2862,2862,1503614277337,13,-9,-10,-5,-3,3,14,89
2863,2863,1503614277351,9,-6,-4,-5,-1,2,1,26
2864,2864,1503614277367,-6,-6,-1,2,2,-1,-2,-23
2865,2865,1503614277368,9,5,-8,-2,-1,0,-3,7
2866,2866,1503614277382,-4,4,5,4,4,2,1,-12
2867,2867,1503614277388,-4,2,6,4,3,2,-1,-13
2868,2868,1503614277396,-2,-2,-4,-2,-4,-1,-2,-14
2869,2869,1503614277411,-11,-12,-7,-3,-2,-3,-4,-9
2870,2870,1503614277419,-2,25,10,3,1,-4,-10,-40
2871,2871,1503614277426,2,12,9,3,2,1,-1,-16
2872,2872,1503614277441,6,-11,-8,-2,-1,1,0,31
2873,2873,1503614277442,-8,-4,-3,-5,-5,-1,-2,-12
2874,2874,1503614277448,-10,-9,0,0,1,-2,2,-11
2875,2875,1503614277457,6,4,6,0,-1,0,1,13
2876,2876,1503614277471,7,1,-5,-2,0,1,2,13
2877,2877,1503614277479,-5,-4,-2,1,2,-3,-1,-7
2878,2878,1503614277486,3,-4,-7,-3,-5,1,4,9
2879,2879,1503614277501,-2,-5,-1,-1,-1,0,-1,-2
2880,2880,1503614277509,-1,7,0,1,1,-1,0,-9
2881,2881,1503614277516,5,-3,2,2,0,0,0,9
2882,2882,1503614277531,0,-3,-1,-3,-2,-2,-2,1
2883,2883,1503614277539,0,-5,-2,2,1,0,-1,7
2884,2884,1503614277546,-9,-1,2,-1,0,0,-1,-29
2885,2885,1503614277561,16,21,9,0,0,3,6,33
2886,2886,1503614277569,0,-10,-5,1,-1,1,-3,1
2887,2887,1503614277577,-10,-10,-10,-7,-5,-2,-6,-36
2888,2888,1503614277591,1,-4,3,0,-1,3,1,13
2889,2889,1503614277599,-7,6,12,4,2,-2,2,-18
2890,2890,1503614277606,4,-3,-8,-5,-4,-1,2,21
2891,2891,1503614277621,-11,-11,-6,-1,0,-4,-4,-29
2892,2892,1503614277629,-2,-18,-14,-4,-3,-3,-3,12
2893,2893,1503614277638,-15,-8,-8,-2,-2,2,6,51
2894,2894,1503614277651,-1,0,1,3,-1,-2,-2,-10
2895,2895,1503614277659,1,-10,-7,-5,-1,-1,-1,-10
2896,2896,1503614277666,2,6,9,1,0,2,4,4
2897,2897,1503614277681,1,-8,-4,-2,-3,-1,3,10
2898,2898,1503614277689,3,-2,-10,-2,-3,-2,-4,5
2899,2899,1503614277696,0,1,2,2,-1,3,2,1
2900,2900,1503614277697,13,-1,-2,-3,0,-1,-3,0
2901,2901,1503614277711,-5,2,6,2,4,-1,-1,-20
2902,2902,1503614277719,3,6,3,0,-2,-1,-6,-8
2903,2903,1503614277726,-3,11,10,0,-1,0,-1,-10
2904,2904,1503614277741,-5,2,5,-3,-1,-4,-3,6
2905,2905,1503614277748,-2,-12,-5,-4,-2,-2,3,16
2906,2906,1503614277756,6,-8,-11,-3,-4,0,3,17
2907,2907,1503614277771,1,-2,7,-1,-1,0,-2,34
2908,2908,1503614277779,-4,7,9,2,0,2,1,-13
2909,2909,1503614277786,-1,1,-2,-3,-1,-2,0,-8
2910,2910,1503614277803,9,0,-4,-1,1,-1,-1,5
2911,2911,1503614277808,3,2,1,0,-1,0,-1,-4
2912,2912,1503614277816,-3,-5,-9,-2,-1,0,-2,-16
2913,2913,1503614277831,9,-1,-1,2,-1,-5,-3,13
2914,2914,1503614277839,6,1,-1,-2,1,1,2,31
2915,2915,1503614277853,3,5,-1,2,1,0,-1,13
2916,2916,1503614277861,0,18,16,6,0,3,0,-8
2917,2917,1503614277869,-10,-7,-5,-4,-1,-3,-3,-30
2918,2918,1503614277883,-23,-12,-11,-3,-4,-3,-2,-25
2919,2919,1503614277891,-8,1,2,2,2,2,2,-7
2920,2920,1503614277906,2,6,1,0,0,0,-2,-2
2921,2921,1503614277913,-5,-12,-8,-2,0,0,-1,-15
2922,2922,1503614277921,0,-6,3,0,-2,-1,-2,-19
2923,2923,1503614277928,6,17,11,5,0,-1,-5,-13
2924,2924,1503614277943,-3,-11,-7,-2,1,-2,1,9
2925,2925,1503614277951,5,1,3,-3,-3,2,5,2
2926,2926,1503614277959,-2,0,2,-2,-2,-2,1,11
2927,2927,1503614277973,1,5,-1,1,-1,2,7,26
2928,2928,1503614277981,2,2,6,1,2,-2,-2,-8
2929,2929,1503614277988,5,-3,-1,-1,0,-1,-2,15
2930,2930,1503614278004,0,5,1,-5,-5,-3,0,5
2931,2931,1503614278011,-6,0,-3,-2,0,0,-1,-19
2932,2932,1503614278019,9,-8,-11,-2,0,-1,-4,-6
2933,2933,1503614278033,-4,-11,-7,-1,-3,-3,-3,-3
2934,2934,1503614278042,-5,-1,-1,0,-2,-2,-5,-8
2935,2935,1503614278048,-13,-2,0,-4,-3,-4,-9,-53
2936,2936,1503614278063,0,10,8,1,-1,0,-6,-16
2937,2937,1503614278072,-3,-5,-5,-5,-1,-1,-3,-5
2938,2938,1503614278079,3,-6,-6,1,-2,-2,-1,8
2939,2939,1503614278093,0,8,4,3,-1,-2,-3,3
2940,2940,1503614278101,6,1,-7,-3,0,1,3,24
2941,2941,1503614278111,4,-5,-3,2,2,1,2,25
2942,2942,1503614278124,-5,-19,-10,-2,1,-1,2,14
2943,2943,1503614278131,-18,-5,1,-2,-2,-2,-4,-34
2944,2944,1503614278140,-10,3,4,1,-2,-1,-1,12
2945,2945,1503614278153,4,2,2,-3,-1,-3,2,8
2946,2946,1503614278161,-4,-4,-2,0,1,1,-3,-17
2947,2947,1503614278169,2,23,13,3,2,1,-2,-8
2948,2948,1503614278183,0,1,0,0,-2,-3,-4,-16
2949,2949,1503614278191,8,21,6,1,0,1,-2,-2
2950,2950,1503614278199,3,3,-2,-2,-1,-1,2,6
2951,2951,1503614278213,-4,-10,-7,-5,-4,-2,1,15
2952,2952,1503614278221,0,-5,-2,-3,0,-2,-2,-20
2953,2953,1503614278228,-7,-2,1,0,2,-1,-1,4
2954,2954,1503614278244,-20,-8,-8,-1,-3,0,1,-14
2955,2955,1503614278251,9,8,0,0,-1,0,0,15
2956,2956,1503614278261,7,6,12,1,0,0,-2,-2
2957,2957,1503614278274,-11,-17,-13,-2,-1,0,2,-2
2958,2958,1503614278282,0,1,0,-3,0,0,2,24
2959,2959,1503614278288,-5,-12,-2,-2,-1,-5,-10,-17
2960,2960,1503614278303,-1,29,14,4,-1,-1,-3,-11
2961,2961,1503614278311,16,9,-10,1,0,4,3,15
2962,2962,1503614278319,-13,-9,1,4,1,1,3,3
2963,2963,1503614278333,21,14,1,0,1,-2,1,0
2964,2964,1503614278341,2,-11,-11,-3,-6,-3,-2,3
2965,2965,1503614278349,-5,-15,-6,-3,-2,2,2,0
2966,2966,1503614278363,3,0,-1,-2,0,-4,-3,0
2967,2967,1503614278373,-4,-8,-7,1,0,-2,-3,-5
2968,2968,1503614278379,-25,-6,-6,-4,-4,1,3,14
2969,2969,1503614278393,-2,-13,-3,-6,-4,-3,0,31
2970,2970,1503614278401,9,11,2,2,4,2,3,-13
2971,2971,1503614278409,3,1,4,1,0,1,-1,-8
2972,2972,1503614278423,23,-6,-15,-5,-4,-4,-4,-7
2973,2973,1503614278431,-5,-12,0,-1,1,0,-1,-8
2974,2974,1503614278442,-5,-11,-6,-2,2,1,2,8
2975,2975,1503614278453,11,0,1,1,-3,0,0,-2
2976,2976,1503614278461,5,8,7,2,1,0,-3,-8
2977,2977,1503614278468,-10,3,2,0,0,-1,-1,-2
2978,2978,1503614278483,-5,4,1,-2,-1,-1,-2,-12
2979,2979,1503614278491,-2,-3,-1,0,-3,1,-1,-1
2980,2980,1503614278499,0,-4,2,-2,-3,-2,-3,-10
2981,2981,1503614278513,-11,-8,-3,-1,-1,-2,-1,-5
2982,2982,1503614278521,-32,-7,-1,-1,-2,-1,-1,2
2983,2983,1503614278528,-1,1,0,2,0,-1,2,-2
2984,2984,1503614278543,12,-5,-3,1,-2,-2,-1,5
2985,2985,1503614278551,-1,1,-2,-4,-1,-2,-3,-10
2986,2986,1503614278559,16,0,-4,-2,2,1,4,15
2987,2987,1503614278575,3,1,-1,3,-2,0,-1,5
2988,2988,1503614278581,-1,-6,8,0,0,0,0,8
2989,2989,1503614278588,5,6,2,-2,0,-4,1,11
2990,2990,1503614278603,-3,-10,-13,-4,-4,-2,-1,10
2991,2991,1503614278611,-11,1,4,0,1,2,2,-13
2992,2992,1503614278619,-1,-1,1,0,0,-1,3,-12
2993,2993,1503614278632,20,-7,-5,-3,-1,0,-2,16
2994,2994,1503614278633,-40,-15,-10,-5,-2,-1,-5,-11
2995,2995,1503614278643,-2,12,12,1,0,-2,-3,-16
2996,2996,1503614278648,17,13,7,4,2,0,0,-6
2997,2997,1503614278670,-17,-2,1,1,1,-2,-6,-7
2998,2998,1503614278671,12,24,19,5,-1,0,4,33
2999,2999,1503614278679,3,-9,-6,-2,-3,-2,2,10
3000,3000,1503614278693,-19,1,1,1,-1,-2,2,-1
3001,3001,1503614278701,1,-4,-3,-3,-2,-3,-7,-21
3002,3002,1503614278710,-13,-4,-6,-3,-2,1,1,6
3003,3003,1503614278723,8,4,-2,-1,0,-1,-1,-10
3004,3004,1503614278731,9,-14,-9,-4,-3,-4,-5,-21
3005,3005,1503614278746,1,2,-3,-2,-1,-1,0,0
3006,3006,1503614278753,4,-10,-7,-2,1,0,0,0
3007,3007,1503614278761,-7,-8,-5,-2,-1,0,1,-1
3008,3008,1503614278777,7,-8,-2,-2,-2,1,-3,9
3009,3009,1503614278783,20,29,16,6,1,2,-1,-5
3010,3010,1503614278791,34,6,-2,0,-2,-2,-1,-1
3011,3011,1503614278806,11,0,0,-1,-1,0,2,2
3012,3012,1503614278813,-2,0,4,-1,1,-1,0,4
3013,3013,1503614278821,-13,-12,-8,-4,0,1,3,29
3014,3014,1503614278835,-14,-4,-9,-2,-2,0,2,28
3015,3015,1503614278844,-4,5,5,0,-2,1,-1,-15
3016,3016,1503614278851,4,4,-5,-2,0,0,0,2
3017,3017,1503614278866,-9,-7,-8,-5,-1,-4,-5,0
3018,3018,1503614278873,-12,-6,2,-4,-1,-1,-6,-31
3019,3019,1503614278881,2,-2,1,0,0,0,0,-4
3020,3020,1503614278895,-6,-1,-1,0,0,0,-1,-14
3021,3021,1503614278903,6,-9,-8,-1,-3,-1,1,13
3022,3022,1503614278911,-7,-5,0,1,-3,-2,2,25
3023,3023,1503614278926,4,-8,-6,-2,-4,-4,-5,-6
3024,3024,1503614278933,10,9,5,1,0,-1,-1,-5
3025,3025,1503614278948,-4,9,6,2,1,1,-1,-3
3026,3026,1503614278955,6,5,-2,-2,0,1,2,-5
3027,3027,1503614278963,-9,-1,1,1,0,-2,2,-11
3028,3028,1503614278971,10,-4,0,1,-1,-2,3,47
3029,3029,1503614278986,14,0,-2,-1,-1,-2,1,1
3030,3030,1503614278995,-1,0,-1,0,0,-1,0,-6
3031,3031,1503614279001,-20,-10,-9,-3,-3,1,0,16
3032,3032,1503614279017,-4,-1,-5,0,1,2,0,-15
3033,3033,1503614279023,2,9,5,2,1,0,-2,-33
3034,3034,1503614279031,-4,-6,-1,0,-2,0,-2,-19
3035,3035,1503614279046,-4,-6,-9,-3,0,-3,-4,-12
3036,3036,1503614279054,-5,-3,-2,-3,-2,-3,-5,-24
3037,3037,1503614279062,12,-2,0,-3,-2,1,0,-1
3038,3038,1503614279076,0,-4,0,-1,-3,-4,-3,-6
3039,3039,1503614279085,-3,12,-2,1,2,1,2,15
3040,3040,1503614279091,11,-1,-3,-3,-3,0,1,8
3041,3041,1503614279106,-6,-1,4,2,0,-2,-2,0
3042,3042,1503614279114,3,9,1,-1,-1,-2,-9,-11
3043,3043,1503614279121,7,0,2,-1,-2,1,-2,2
3044,3044,1503614279135,-7,-8,-11,-2,-1,-1,2,16
3045,3045,1503614279145,-21,-6,-3,0,0,-2,-3,23
3046,3046,1503614279152,-11,-4,0,-1,-2,-4,-4,-23
3047,3047,1503614279166,7,-3,-4,0,1,0,3,-2
3048,3048,1503614279174,7,5,9,2,0,0,-2,-4
3049,3049,1503614279182,11,-2,-1,-2,-3,-2,-2,-17
3050,3050,1503614279195,4,-2,-6,0,1,3,4,1
3051,3051,1503614279203,-14,5,4,-2,-1,-2,-4,-15
3052,3052,1503614279212,-4,14,13,3,1,-1,-1,4
3053,3053,1503614279226,-6,4,1,-2,-1,-1,4,17
3054,3054,1503614279234,-5,-2,-1,-1,-4,-4,-3,12
3055,3055,1503614279241,-2,-3,-3,0,1,0,0,1
3056,3056,1503614279255,-2,-4,-8,-2,0,2,2,1
3057,3057,1503614279264,-9,-11,-5,-2,-3,-2,-2,-6
3058,3058,1503614279271,-2,-7,-7,-3,0,-2,-1,-6
3059,3059,1503614279286,-16,-8,-7,-3,-1,-1,-1,-4
3060,3060,1503614279293,3,3,2,0,1,-3,2,-2
3061,3061,1503614279301,9,5,2,2,-1,0,1,-1
3062,3062,1503614279315,-29,-6,0,-2,-3,1,3,-7
3063,3063,1503614279323,13,1,0,-1,0,1,1,0
3064,3064,1503614279331,1,-6,-4,-3,0,0,2,11
3065,3065,1503614279347,-3,-1,2,-2,-2,-2,0,-1
3066,3066,1503614279354,-3,5,4,2,-2,-4,-4,-7
3067,3067,1503614279361,9,5,0,0,-1,0,2,24
3068,3068,1503614279375,28,2,4,1,1,-2,-2,-2
3431,3431,1503614282931,-17,-3,-1,0,-1,-2,-1,-7
3432,3432,1503614282946,-16,4,5,0,0,2,-5,-10
3433,3433,1503614282953,-2,-1,-1,-1,-2,0,-2,-4
3434,3434,1503614282961,-6,-4,-2,-3,-1,-1,2,3
3435,3435,1503614282976,9,0,-2,-1,-2,0,-1,-2
3436,3436,1503614282984,-5,8,1,0,-1,-2,-4,-6
3437,3437,1503614282990,2,-6,-4,1,-2,-3,-2,7
3438,3438,1503614282991,14,1,1,2,1,1,1,10
3439,3439,1503614283006,-3,4,7,1,6,5,-3,6
3440,3440,1503614283007,-4,-2,-2,-1,-1,-1,6,17
3441,3441,1503614283013,-59,-19,-8,-3,-4,-2,0,15
3442,3442,1503614283029,34,6,-2,-2,-3,-3,-3,-4
3443,3443,1503614283037,2,9,11,3,0,0,-1,-11
3444,3444,1503614283045,-21,-10,-3,1,-2,-2,-7,-7
3445,3445,1503614283051,18,16,9,1,2,1,4,1
3446,3446,1503614283066,11,16,6,-1,1,3,2,0
3447,3447,1503614283073,-31,-9,-4,0,-2,-3,-3,-4
3448,3448,1503614283074,-8,-18,-15,-3,-3,-3,-3,-9
3449,3449,1503614283081,-30,-6,2,0,-1,0,-1,-4
3450,3450,1503614283096,-7,-12,-7,1,-1,0,-3,-9
3451,3451,1503614283104,-15,-12,-7,-4,-4,-3,-3,-6
3452,3452,1503614283111,27,-4,-4,-2,-2,-1,-3,-2
3453,3453,1503614283125,3,5,11,0,0,0,-1,3
3454,3454,1503614283133,2,-1,-5,-2,0,0,-3,-6
3455,3455,1503614283141,12,0,-2,-1,-3,-3,-1,-1
3456,3456,1503614283156,8,7,11,3,3,-1,0,15
3457,3457,1503614283164,-11,-5,-4,0,-2,-1,-1,-1
3458,3458,1503614283171,-6,9,8,-3,0,-3,-6,-14
3459,3459,1503614283185,8,1,-3,-2,-2,-1,2,-1
3460,3460,1503614283193,19,8,8,3,2,4,5,-3
3461,3461,1503614283201,7,-2,-3,1,1,1,-2,-6
3462,3462,1503614283216,8,-5,-2,-2,-2,-2,-1,-5
3463,3463,1503614283224,-6,-9,-1,1,0,-1,0,0
3464,3464,1503614283231,-18,3,-1,-2,-3,-3,-1,-7
3465,3465,1503614283247,-3,6,2,0,0,-2,2,17
3466,3466,1503614283253,-9,-7,-4,-3,-2,-3,-1,-1
3467,3467,1503614283263,17,-1,-4,-3,-2,-1,-2,-10
3468,3468,1503614283276,13,0,-4,-3,0,3,0,7
3469,3469,1503614283284,4,0,-2,-2,1,2,2,-26
3470,3470,1503614283290,0,2,1,2,-2,-5,-3,11
3471,3471,1503614283308,1,-1,1,3,1,3,-1,13
3472,3472,1503614283314,-5,-4,-5,-3,-3,-1,0,10
3473,3473,1503614283321,-3,-3,1,-2,0,-1,1,10
3474,3474,1503614283336,-13,-5,-3,0,-1,-2,-4,-8
3475,3475,1503614283344,-1,1,-4,-6,-1,-3,-3,-5
3476,3476,1503614283351,-6,-3,-2,-1,0,1,-1,-8
3477,3477,1503614283366,2,3,2,3,-4,-4,-3,-5
3478,3478,1503614283375,43,8,0,-2,1,2,4,6
3479,3479,1503614283382,-14,2,5,1,-7,-7,-1,30
3480,3480,1503614283395,9,-5,-4,-2,2,2,-1,-10
3481,3481,1503614283406,-36,-7,-3,-4,-6,-2,-1,-3
3482,3482,1503614283407,5,-4,-3,-2,1,-1,-2,-4
3483,3483,1503614283411,-10,1,-2,2,-3,-3,-5,-7
3484,3484,1503614283425,9,0,-2,0,1,3,1,-4
3485,3485,1503614283433,-6,1,1,0,-1,-4,-2,-13
3486,3486,1503614283448,16,2,-3,-4,-2,-1,-2,-11
3487,3487,1503614283455,-12,8,5,1,0,2,1,2
3488,3488,1503614283463,20,3,-4,0,-3,1,3,10
3489,3489,1503614283464,-8,-1,1,0,0,0,-2,-1
3490,3490,1503614283478,2,-9,-12,-4,-3,-2,-1,1
3491,3491,1503614283485,10,32,25,5,0,-1,-1,5
3492,3492,1503614283486,-4,0,3,-1,0,-1,-2,-12
3493,3493,1503614283493,-18,-12,-4,-2,-2,-3,0,2
3494,3494,1503614283508,-42,-8,-8,-3,-2,-4,-1,-12
3495,3495,1503614283516,-13,-6,-3,-1,-2,-3,-2,-6
3496,3496,1503614283523,13,5,1,1,6,6,6,12
3497,3497,1503614283540,1,0,7,0,-4,2,4,3
3498,3498,1503614283546,-21,-3,-2,0,-2,-4,-2,8
3499,3499,1503614283553,-34,-3,-3,-3,1,-1,-2,-10
3500,3500,1503614283568,14,5,1,2,-2,0,-3,2
3501,3501,1503614283576,14,2,-4,-1,-3,-3,-1,5
3502,3502,1503614283583,15,9,-1,-4,-2,1,1,1
3503,3503,1503614283597,1,8,3,-1,-3,-4,-3,0
3504,3504,1503614283607,0,-5,3,2,1,2,2,-4
3505,3505,1503614283613,41,2,-1,-1,3,3,4,10
3506,3506,1503614283628,-25,-10,1,2,-2,-2,-3,-7
3507,3507,1503614283635,4,4,4,4,3,-1,1,17
3508,3508,1503614283644,9,2,2,3,-2,-1,-3,-15
3509,3509,1503614283657,-14,-11,-15,-4,-2,-1,0,-4
3510,3510,1503614283665,9,5,6,0,-1,-1,1,0
3511,3511,1503614283666,0,-3,-8,-1,-2,-1,0,5
3512,3512,1503614283674,4,2,0,-3,-8,-1,-3,-4
3513,3513,1503614283688,21,-2,-2,0,5,1,3,16
3514,3514,1503614283695,11,-3,-2,0,1,0,-3,16
3515,3515,1503614283704,-16,-6,-2,-3,-1,-4,2,12
3516,3516,1503614283717,-27,-4,1,-2,1,-1,4,6
3517,3517,1503614283725,2,7,0,-1,1,0,-3,-8
3518,3518,1503614283733,-34,2,8,2,2,1,-5,-14
3519,3519,1503614283749,4,-7,-4,-5,-2,-1,5,30
3520,3520,1503614283762,-2,-10,-7,0,0,-1,-7,-33
3521,3521,1503614283764,-62,-5,2,-2,-4,-6,-13,-38
3522,3522,1503614283778,19,1,-1,-2,-2,-4,-1,3
3523,3523,1503614283785,16,-1,-2,0,-1,-1,1,-15
3524,3524,1503614283793,-6,-2,-2,-1,0,-2,3,-6
3525,3525,1503614283809,10,1,-1,4,1,1,-1,-2
3526,3526,1503614283816,27,0,2,0,0,0,2,17
3527,3527,1503614283824,16,-8,-5,-1,1,4,2,13
3528,3528,1503614283837,-20,6,-1,-2,-3,-3,-6,-22
3529,3529,1503614283846,10,0,3,0,-1,-3,-2,-27
3530,3530,1503614283853,-28,0,1,3,1,3,2,-12
3531,3531,1503614283868,18,6,0,-4,-2,0,-6,-18
3532,3532,1503614283876,28,1,-1,-1,1,0,-4,4
3533,3533,1503614283884,7,7,1,0,-7,-5,-7,12
3534,3534,1503614283897,54,10,-6,-4,3,0,3,25
3535,3535,1503614283906,-1,1,-7,0,2,1,5,0
3536,3536,1503614283913,-34,-12,-1,3,0,4,5,11
3537,3537,1503614283928,6,-1,5,4,-2,-2,-1,42
3538,3538,1503614283936,-10,-3,1,0,-1,1,2,-3
3539,3539,1503614283944,17,1,0,0,0,0,0,-23
3540,3540,1503614283958,-6,-1,-2,2,-2,0,-6,-49
3541,3541,1503614283965,-29,2,-2,0,-1,-2,-4,-12
3542,3542,1503614283976,34,13,7,0,2,0,-2,-16
3543,3543,1503614283988,-50,-1,10,1,0,-3,-5,-7
3544,3544,1503614283996,-12,-9,-5,-3,-2,-1,3,37
3545,3545,1503614284004,0,-8,-4,-3,0,2,4,19
3546,3546,1503614284018,-24,-4,-4,-4,-5,-6,9,37
3547,3547,1503614284026,1,0,0,0,-2,-1,0,7
3548,3548,1503614284033,37,21,18,8,4,0,-13,-21
3549,3549,1503614284048,45,18,2,-4,-3,-6,-11,-76
3550,3550,1503614284056,14,-13,-7,0,2,2,2,28
3551,3551,1503614284064,3,12,8,5,-1,2,-1,-8
3552,3552,1503614284078,-14,-6,-5,-6,-3,-3,-10,-51
3553,3553,1503614284086,-7,-22,-18,-5,0,1,3,40
3554,3554,1503614284093,-12,-4,-6,-3,-4,-3,1,12
3555,3555,1503614284113,36,9,1,-3,-1,-2,-6,-74
3556,3556,1503614284116,18,4,1,-1,-4,-3,-6,0
3557,3557,1503614284124,-2,-10,-3,0,0,-1,0,2
3558,3558,1503614284138,-10,-1,-2,1,-1,2,-1,-7
3559,3559,1503614284146,-58,-5,2,-1,-1,-3,-3,0
3560,3560,1503614284153,-44,-8,-3,-7,-3,1,3,6
3561,3561,1503614284168,15,-2,-1,2,2,2,5,81
3562,3562,1503614284176,27,-1,-2,-2,0,-3,1,10
3563,3563,1503614284191,-5,-9,-1,0,-1,-1,3,19
3564,3564,1503614284197,-5,3,0,1,1,0,-1,7
3565,3565,1503614284206,52,8,1,0,-4,-3,2,36
3566,3566,1503614284213,13,-4,-1,-5,-3,-4,-3,-48
3567,3567,1503614284228,-48,3,5,-1,1,0,-4,65
3568,3568,1503614284236,10,2,1,3,3,6,5,3
3569,3569,1503614284247,22,-6,-5,-4,-2,1,6,-11
3570,3570,1503614284258,-1,1,3,1,0,-3,-2,10
3571,3571,1503614284266,-15,-1,-9,-3,-1,-1,-2,-52
3572,3572,1503614284273,-10,6,3,2,-1,-1,-2,-24
3573,3573,1503614284288,9,-2,-3,0,0,1,4,16
3574,3574,1503614284295,21,5,-5,-5,-4,-3,-2,15
3575,3575,1503614284304,-28,4,7,2,1,-1,-4,-39
3576,3576,1503614284319,-15,-13,2,0,-1,-5,-6,9
3577,3577,1503614284326,2,-1,-12,-6,-4,-1,-1,-27
3578,3578,1503614284333,6,-8,-6,-2,0,0,-2,-6
3579,3579,1503614284348,-5,-4,4,0,0,-1,0,8
3580,3580,1503614284356,11,7,0,-1,-1,-1,-1,4
3581,3581,1503614284371,-1,2,2,-1,-1,-2,-2,-39
3582,3582,1503614284379,-22,-3,-3,-1,-1,1,6,-29
3583,3583,1503614284386,-3,-8,-3,0,-1,-2,-2,33
3584,3584,1503614284400,-10,0,-4,-4,-2,1,-1,12
3585,3585,1503614284410,15,-3,-5,0,0,-1,1,9
3586,3586,1503614284416,-10,-9,-7,-2,-1,-1,6,12
3587,3587,1503614284431,-11,2,7,0,-3,0,-2,-7
3588,3588,1503614284437,-12,-2,0,-1,8,1,-6,-15
3589,3589,1503614284446,10,-6,-7,-1,-2,-1,-2,-4
3590,3590,1503614284447,-9,-1,-3,-2,-2,0,-3,1
3591,3591,1503614284460,-23,-5,-4,1,-5,1,0,-1
3592,3592,1503614284468,3,4,0,-2,0,-1,-2,-2
3593,3593,1503614284477,-7,6,5,5,0,-1,-1,-2
3594,3594,1503614284491,-10,-2,-5,-1,-2,-2,1,3
3595,3595,1503614284497,8,4,6,1,-1,-1,1,-2
3596,3596,1503614284506,13,2,-4,0,1,-1,-1,-1
3597,3597,1503614284520,9,3,1,0,-2,-4,-2,-2
3598,3598,1503614284528,-7,-9,-4,-3,-6,-3,-1,-5
3599,3599,1503614284536,6,0,-3,-2,1,2,5,0
3600,3600,1503614284551,-35,-6,-2,-1,-1,-2,-3,-54
3601,3601,1503614284557,-7,1,3,0,-1,-1,-6,-16
3602,3602,1503614284565,11,1,-4,-1,0,1,-3,23
3603,3603,1503614284566,5,2,4,-2,-3,-2,1,2
3604,3604,1503614284581,-9,-5,-4,-1,0,-1,-2,9
3605,3605,1503614284589,15,4,1,2,2,1,2,19
3606,3606,1503614284595,-4,-1,0,0,-2,-1,5,27
3607,3607,1503614284614,-6,12,1,-1,2,-1,2,22
3608,3608,1503614284617,-7,-9,-4,-2,-2,-2,-2,6
3609,3609,1503614284625,0,2,9,2,2,3,2,-3
3610,3610,1503614284640,2,2,1,0,-2,-5,-4,-30
3611,3611,1503614284648,13,-10,-8,-2,-5,-5,-1,25
3951,3951,1503614287986,-2,4,2,0,1,0,-1,1
3952,3952,1503614287993,8,-3,-8,-2,-2,-1,1,9
3953,3953,1503614288008,-4,-7,-6,-1,-2,-2,-2,3
3954,3954,1503614288015,-7,-9,-7,-1,-2,-2,-3,-6
3955,3955,1503614288023,11,3,1,-2,-1,2,3,4
3956,3956,1503614288024,-7,4,6,1,-1,1,-2,3
3957,3957,1503614288038,4,0,-1,0,-2,-1,2,8
3958,3958,1503614288046,-1,-5,-3,-1,1,-1,-3,1
3959,3959,1503614288053,-2,-1,-1,-1,-2,0,-3,-12
3960,3960,1503614288069,0,-7,-2,2,-1,-2,-2,-5
3961,3961,1503614288075,4,11,5,0,1,-1,0,0
3962,3962,1503614288084,7,3,-5,-4,-3,-1,0,3
3963,3963,1503614288098,0,3,0,2,1,2,1,6
3964,3964,1503614288106,2,0,-3,-1,2,2,0,6
3965,3965,1503614288120,-4,-6,-4,-1,-1,0,1,-1
3966,3966,1503614288129,3,-6,-4,-3,-3,-2,-2,-2
3967,3967,1503614288135,-6,-3,-2,-1,1,2,-3,1
3968,3968,1503614288150,-3,3,2,0,-2,-3,-1,-4
3969,3969,1503614288158,-4,3,4,-3,0,-3,1,-4
3970,3970,1503614288167,3,20,17,5,0,2,2,-1
3971,3971,1503614288180,10,1,-2,-1,1,-4,0,4
3972,3972,1503614288188,-6,-9,-8,-1,-3,-2,-1,-3
3973,3973,1503614288198,-2,-5,-1,-4,-3,2,-1,-2
3974,3974,1503614288210,1,0,2,-3,1,-1,-3,-7
3975,3975,1503614288218,-3,-4,-4,-2,-1,-3,-2,-2
3976,3976,1503614288226,-1,-5,-2,-1,-1,-1,1,1
3977,3977,1503614288240,5,3,2,2,-1,1,1,-1
3978,3978,1503614288248,-1,8,6,2,-2,1,-1,1
3979,3979,1503614288255,-4,-4,-5,-2,-2,-2,-2,-1
3980,3980,1503614288271,-1,-10,-4,-3,0,1,-3,2
3981,3981,1503614288278,0,7,1,0,0,-1,0,-2
3982,3982,1503614288286,-2,-3,-9,0,-2,0,-2,0
3983,3983,1503614288300,-1,0,-3,0,-2,0,-3,0
3984,3984,1503614288308,3,-2,-7,-2,-1,-2,0,-2
3985,3985,1503614288316,7,-3,11,3,1,-2,-1,10
3986,3986,1503614288333,-10,-18,-9,-7,-2,-3,1,3
3987,3987,1503614288339,-8,-12,-11,-4,-2,1,0,-5
3988,3988,1503614288347,-2,4,0,-3,0,0,1,-4
3989,3989,1503614288360,-1,5,3,1,-2,-2,-1,-2
3990,3990,1503614288368,-1,-6,0,0,0,1,-2,2
3991,3991,1503614288375,-4,-7,-2,-1,-2,-1,0,-8
3992,3992,1503614288376,-2,-1,-3,-3,0,0,-1,-1
3993,3993,1503614288398,1,12,7,1,0,-2,-2,0
3994,3994,1503614288401,-5,-3,-1,-1,-2,0,-4,-4
3995,3995,1503614288406,1,-13,-7,0,-1,-3,1,1
3996,3996,1503614288420,-2,0,-1,0,0,-2,1,-10
3997,3997,1503614288428,-1,-3,-4,-1,-1,-1,1,3
3998,3998,1503614288435,4,-6,-3,-2,-1,-1,-2,-1
3999,3999,1503614288436,-8,-5,0,-4,-1,-2,0,0
4000,4000,1503614288451,-4,-4,-1,1,-2,-3,-1,6
4001,4001,1503614288458,2,-2,-6,-2,0,0,-1,-2
4002,4002,1503614288467,1,-3,-6,-1,1,-1,-3,-3
4003,4003,1503614288480,7,6,8,1,1,-1,0,3
4004,4004,1503614288488,2,8,9,2,-1,0,1,-5
4005,4005,1503614288498,0,-6,-4,-1,0,2,1,4
4006,4006,1503614288510,-4,0,2,0,0,-3,-6,-14
4007,4007,1503614288518,6,-11,-8,-1,0,-1,-1,-2
4008,4008,1503614288526,-4,1,0,-3,-1,1,-1,-6
4009,4009,1503614288540,0,6,5,-1,-2,1,-2,-5
4010,4010,1503614288548,0,1,-2,-1,-2,-2,0,0
4011,4011,1503614288555,0,3,1,-1,1,-1,1,8
4012,4012,1503614288570,-1,-4,-2,0,-1,1,-2,-3
4013,4013,1503614288571,9,9,3,-3,-2,1,0,4
4014,4014,1503614288578,-1,6,5,3,0,-3,-2,-3
4015,4015,1503614288628,-2,-2,-1,3,0,0,0,-6
4016,4016,1503614288632,-8,1,3,0,0,-3,1,-8
4017,4017,1503614288642,-1,1,0,0,-1,0,-4,-4
4018,4018,1503614288647,-4,-5,-4,-4,0,0,-2,-3
4019,4019,1503614288660,1,5,-1,-3,-2,-1,0,-3
4020,4020,1503614288668,2,7,3,3,2,-1,-1,5
4021,4021,1503614288676,4,8,1,0,-2,0,1,7
4022,4022,1503614288690,0,-6,-2,-4,-3,0,-2,-2
4023,4023,1503614288699,-3,-12,-6,0,-2,-1,-4,-4
4024,4024,1503614288708,-9,-5,-5,1,-1,-1,-4,-7
4025,4025,1503614288720,-4,5,8,3,0,-2,-4,-6
4026,4026,1503614288728,-11,-6,-9,-3,-2,-1,1,-6
4027,4027,1503614288736,-2,-7,-3,-1,0,2,-2,1
4028,4028,1503614288750,-2,0,-1,1,0,-1,0,-1
4029,4029,1503614288751,-3,-3,-4,-3,-4,0,-3,-7
4030,4030,1503614288758,0,-1,0,-1,-2,-3,-1,4
4031,4031,1503614288768,0,3,5,0,0,-3,-2,3
4032,4032,1503614288780,-5,-10,-9,-5,-4,-4,1,-1
4033,4033,1503614288788,-3,0,2,-1,-2,-1,-1,-2
4034,4034,1503614288796,-10,-13,-4,1,1,1,-3,-8
4035,4035,1503614288810,3,-1,0,0,0,-2,-2,1
4036,4036,1503614288818,3,9,7,0,0,0,0,5
4037,4037,1503614288826,3,3,2,3,-2,-2,1,-2
4038,4038,1503614288840,-5,1,-5,-1,1,0,-2,-7
4039,4039,1503614288848,-3,-5,-1,0,0,2,1,15
4040,4040,1503614288855,11,-1,-4,-2,-3,-4,2,12
4041,4041,1503614288856,-1,8,2,-2,-3,-3,1,-9
4042,4042,1503614288877,-3,-1,-5,0,0,-1,-1,-7
4043,4043,1503614288878,3,4,2,-3,1,0,1,32
4044,4044,1503614288886,4,6,3,-1,-2,-1,-1,1
4045,4045,1503614288900,1,11,0,3,0,0,-1,-4
4046,4046,1503614288908,12,3,-4,-3,1,-1,0,-1
4047,4047,1503614288915,-6,-17,-11,-6,1,0,2,6
4048,4048,1503614288930,-6,-1,1,1,-1,2,-1,-3
4049,4049,1503614288938,-8,-3,-4,-1,-3,-2,-4,-25
4050,4050,1503614288946,-2,-2,-2,0,0,-2,-2,-10
4051,4051,1503614288960,0,-6,-1,3,-1,0,-3,-4
4052,4052,1503614288968,1,1,1,-1,0,0,0,12
4053,4053,1503614288975,0,3,0,-1,-2,-2,2,5
4054,4054,1503614288990,1,-3,0,-1,-2,-2,-4,3
4055,4055,1503614288999,7,-1,0,-2,0,-2,0,5
4056,4056,1503614289006,7,0,-3,-1,1,2,2,3
4057,4057,1503614289021,8,20,20,7,4,0,-1,-4
4058,4058,1503614289028,-5,-1,-4,-2,-3,-1,-2,-11
4059,4059,1503614289042,-5,-10,-12,-4,-1,0,-1,-5
4060,4060,1503614289050,18,8,6,0,1,-3,0,8
4061,4061,1503614289058,18,-5,-4,-7,-3,-1,-2,7
4062,4062,1503614289073,-16,-8,-6,-3,-1,-3,-2,-10
4063,4063,1503614289080,-11,-5,0,2,0,2,6,-2
4064,4064,1503614289088,9,0,0,-2,-3,-3,-2,-6
4065,4065,1503614289102,9,11,8,0,-3,1,0,0
4066,4066,1503614289110,-5,-6,-2,0,0,-1,3,8
4067,4067,1503614289120,4,-4,-8,2,0,1,-5,-13
4068,4068,1503614289134,12,2,-1,-2,-3,-2,-1,-6
4069,4069,1503614289140,-2,4,-2,-3,0,-1,1,9
4070,4070,1503614289148,-13,-5,-1,0,-4,-1,-2,-20
4071,4071,1503614289162,-11,-6,-2,-2,5,1,-3,1
4072,4072,1503614289171,-17,2,9,1,2,4,-2,-3
4073,4073,1503614289185,11,-9,-3,-1,-2,0,2,6
4074,4074,1503614289193,2,12,6,3,-1,0,-1,-2
4075,4075,1503614289202,-13,-5,-2,1,-1,0,-5,-16
4076,4076,1503614289208,-17,-1,-6,-4,-3,-4,-4,-16
4077,4077,1503614289222,26,6,1,2,0,0,7,20
4078,4078,1503614289231,5,-6,-4,-1,0,1,1,9
4079,4079,1503614289238,-23,-9,-3,-2,-3,-3,0,4
4080,4080,1503614289253,19,3,1,0,-1,-1,-2,6
4081,4081,1503614289260,40,9,5,3,-1,-1,2,35
4082,4082,1503614289270,11,0,-1,1,1,-2,-1,5
4083,4083,1503614289282,-34,-7,1,-4,-5,-6,-4,-16
4084,4084,1503614289290,-12,-3,-1,3,2,2,3,5
4085,4085,1503614289298,6,3,-2,-2,-1,-2,-1,-5
4086,4086,1503614289313,-10,-8,-3,-2,-2,-1,-10,-8
4087,4087,1503614289320,-45,-6,-5,0,-1,-1,-6,-14
4088,4088,1503614289328,4,-4,-4,-7,6,2,7,27
4089,4089,1503614289342,-15,6,5,3,3,4,2,0
4090,4090,1503614289350,1,-1,0,2,-6,-5,-3,-44
4091,4091,1503614289358,9,0,-6,-3,-1,-1,0,4
4514,4514,1503614293558,1,7,0,-1,0,-2,-2,-12
4515,4515,1503614293573,4,6,0,-1,-3,1,-2,1
4516,4516,1503614293580,2,17,11,3,1,0,-1,-8
4517,4517,1503614293591,10,17,10,3,-1,0,0,2
4518,4518,1503614293603,-8,-15,-13,-7,-2,-3,-1,-1
4519,4519,1503614293611,4,1,-2,1,-1,2,4,6
4520,4520,1503614293618,3,0,-1,1,1,-1,-2,-3
4521,4521,1503614293633,-5,-9,-6,0,-1,-3,-4,-7
4522,4522,1503614293640,-3,-7,2,-1,0,-1,2,4
4523,4523,1503614293648,1,2,2,0,0,-1,-5,-6
4524,4524,1503614293663,2,-3,-3,0,-2,0,1,7
4525,4525,1503614293671,-5,0,5,0,-1,-1,-1,-11
4526,4526,1503614293678,-3,0,2,3,1,0,0,-1
4527,4527,1503614293693,1,7,3,-1,-5,-2,1,3
4528,4528,1503614293700,0,-3,-9,-3,-3,0,1,3
4529,4529,1503614293715,0,-7,-1,-3,-3,-1,6,32
4530,4530,1503614293725,-4,-21,-15,-6,0,0,5,-19
4531,4531,1503614293731,4,-2,-3,-2,-3,0,2,5
4532,4532,1503614293745,-7,-1,-4,-2,-1,-1,0,3
4533,4533,1503614293753,-5,-6,-6,-2,2,0,-5,-13
4534,4534,1503614293763,-2,5,6,1,0,-2,-5,-3
4535,4535,1503614293775,-1,12,0,6,4,1,-6,-23
4536,4536,1503614293783,5,-1,-2,-2,-2,-4,-1,2
4537,4537,1503614293792,-8,-16,-14,-3,0,-3,-4,2
4538,4538,1503614293805,11,5,2,0,-1,2,0,25
4539,4539,1503614293813,-3,-6,2,-3,-2,-2,2,-14
4540,4540,1503614293820,-8,2,2,-3,-1,-2,-5,-17
4541,4541,1503614293835,4,2,-2,-5,-4,-2,-7,-16
4542,4542,1503614293843,-1,4,-2,2,2,0,-3,-13
4543,4543,1503614293851,0,1,0,1,-1,0,0,6
4544,4544,1503614293865,-1,-4,-1,-1,-1,-2,-6,-12
4545,4545,1503614293873,22,28,20,7,0,-2,-4,-3
4546,4546,1503614293880,9,-2,2,2,1,2,7,22
4547,4547,1503614293896,-10,-8,-7,-5,-1,-2,-2,-2
4548,4548,1503614293903,-13,8,13,4,0,3,-5,-24
4549,4549,1503614293911,2,-5,-11,-3,-1,-2,1,-3
4550,4550,1503614293926,-13,-9,0,-1,-1,0,-2,1
4551,4551,1503614293933,1,2,-4,-4,-1,0,2,7
4552,4552,1503614293940,0,0,-3,-2,-2,-3,-2,3
4553,4553,1503614293955,14,-1,-5,-1,-1,4,13,64
4554,4554,1503614293963,4,-4,-1,0,0,-2,-1,-2
4555,4555,1503614293971,-7,-8,0,-4,-2,-2,-4,-7
4556,4556,1503614293985,6,6,3,-2,-1,0,3,12
4557,4557,1503614293994,-9,-3,-1,-1,-1,-7,-4,-7
4558,4558,1503614294007,15,18,11,3,3,1,-2,-14
4559,4559,1503614294015,-5,-1,-5,1,-2,0,-4,-4
4560,4560,1503614294030,-2,-11,-15,-4,-3,2,4,15
4561,4561,1503614294034,-14,-8,-3,0,-2,2,-2,-28
4562,4562,1503614294044,15,-2,-2,-4,-3,0,1,23
4563,4563,1503614294045,-12,2,-1,-1,-3,-2,-2,5
4564,4564,1503614294053,-28,-9,3,0,0,-4,-7,-12
4565,4565,1503614294060,-16,-10,-5,-3,-2,-2,-4,-16
4566,4566,1503614294061,29,21,-1,4,3,0,2,7
4567,4567,1503614294075,16,-2,-2,-2,-1,0,4,18
4568,4568,1503614294083,-3,-17,-10,-1,-2,-4,-2,0
4569,4569,1503614294092,2,3,-1,-3,-1,0,2,1
4570,4570,1503614294104,-10,-1,5,-2,-1,-1,-5,-17
4571,4571,1503614294113,3,0,1,2,2,2,6,12
4572,4572,1503614294120,-1,7,8,0,-1,-2,-2,-5
4573,4573,1503614294135,4,-8,-6,-4,-1,-1,0,0
4574,4574,1503614294142,-3,1,0,-6,-3,1,-1,3
4575,4575,1503614294151,0,-2,6,0,3,-3,-4,-11
4576,4576,1503614294165,7,14,3,5,4,1,-2,2
4577,4577,1503614294173,-25,-4,0,-2,-2,-1,-3,-6
4578,4578,1503614294180,-22,-30,-16,-12,-9,-5,-6,-6
4579,4579,1503614294195,-35,11,12,3,-3,-2,-2,6
4580,4580,1503614294202,-3,-5,-5,2,-1,-1,5,24
4581,4581,1503614294211,25,0,4,6,2,2,1,-7
4582,4582,1503614294226,-7,-5,-3,3,3,-1,0,-17
4583,4583,1503614294233,31,12,11,2,2,1,1,8
4584,4584,1503614294240,-25,-18,-9,-6,-2,-2,-3,-11
4585,4585,1503614294255,-2,0,8,3,-2,0,-4,-8
4586,4586,1503614294263,43,3,-1,0,0,0,6,47
4587,4587,1503614294270,2,1,-5,-4,-5,-4,-9,-8
4588,4588,1503614294271,-31,-13,-13,-2,-3,-4,-2,-10
4589,4589,1503614294284,11,4,4,0,1,4,3,14
4590,4590,1503614294294,-4,-11,-12,1,3,0,-2,15
4591,4591,1503614294300,-15,0,2,2,1,-3,-2,-20
4592,4592,1503614294315,-6,-10,-14,-6,-3,-2,-3,-3
4593,4593,1503614294322,-3,0,5,-3,-2,-2,-6,-22
4594,4594,1503614294330,5,-5,-3,1,-2,0,0,4
5017,5017,1503614298448,-2,-1,-7,-4,-1,-2,-1,-6
5018,5018,1503614298456,2,3,-2,-2,-3,-1,-1,0
5019,5019,1503614298462,-7,-5,-7,-5,-3,0,-3,-9
5020,5020,1503614298477,13,7,-4,-4,-1,-2,-1,13
5021,5021,1503614298486,5,6,-4,2,0,-2,2,7
5022,5022,1503614298493,-3,-4,-2,1,0,1,-3,-10
5023,5023,1503614298507,4,-2,-5,0,-3,-2,0,-5
5024,5024,1503614298515,-4,-7,-4,0,1,-2,0,7
5025,5025,1503614298524,3,-3,-8,-7,-4,0,0,14
5026,5026,1503614298538,-4,-3,-1,-1,-1,-1,-1,-6
5027,5027,1503614298545,1,1,-1,2,-1,-3,-4,7
5028,5028,1503614298555,-5,-6,-6,-3,2,2,1,-11
5029,5029,1503614298568,-3,-10,-2,-2,-3,-2,-1,-2
5030,5030,1503614298575,2,8,3,2,-2,-3,-4,-6
5031,5031,1503614298583,-5,0,0,-1,-1,0,0,-6
5032,5032,1503614298597,-2,-3,-4,0,0,-2,-3,-18
5033,5033,1503614298598,-3,-9,-6,-8,-3,-4,0,19
5034,5034,1503614298605,1,7,3,-1,0,-1,-1,-20
5035,5035,1503614298616,-3,-4,2,3,-1,0,-2,-5
5036,5036,1503614298627,-1,1,4,0,2,0,2,-6
5037,5037,1503614298635,-2,10,4,0,0,-3,-1,-3
5038,5038,1503614298643,-5,-9,-8,-2,-2,-1,-4,-12
5039,5039,1503614298658,0,15,14,2,1,-1,3,3
5040,5040,1503614298665,4,8,5,0,1,3,8,17
5041,5041,1503614298673,-7,-13,-7,-1,-2,0,-1,-6
5042,5042,1503614298687,0,-3,-3,1,-2,-3,-3,2
5043,5043,1503614298696,-1,-2,-4,-3,-1,2,0,-2
5044,5044,1503614298703,3,2,-1,2,0,0,-3,2
5045,5045,1503614298718,0,-1,1,1,-2,-3,-7,-9
5046,5046,1503614298725,2,-1,2,-1,-1,-2,-1,-7
5047,5047,1503614298733,-9,-7,-7,-3,0,-2,3,-11
5048,5048,1503614298753,-1,-10,-10,-4,-1,1,-4,-3
5049,5049,1503614298755,7,13,12,2,0,0,0,11
5050,5050,1503614298763,-4,6,7,2,-2,-2,-1,1
5051,5051,1503614298778,-2,-6,-11,-3,-1,1,-2,-10
5052,5052,1503614298791,9,6,12,4,2,3,6,29
5053,5053,1503614298793,8,7,2,-1,-2,1,-1,2
5054,5054,1503614298807,-3,-9,-7,-4,1,0,0,6
5055,5055,1503614298816,-6,-2,-1,0,-1,-1,-3,-24
5056,5056,1503614298822,7,23,5,0,-1,1,2,11
5057,5057,1503614298837,2,-5,-6,-1,-1,-4,-4,-5
5058,5058,1503614298845,-12,-5,-3,-1,-1,-2,1,6
5059,5059,1503614298853,-30,-7,0,0,0,2,3,-4
5060,5060,1503614298867,10,-6,-8,-2,-2,-2,-3,-4
5061,5061,1503614298875,6,-4,-5,-2,-1,-2,-2,6
5062,5062,1503614298883,1,1,5,0,0,-1,-4,-11
5063,5063,1503614298904,13,-2,3,3,3,0,5,34
5064,5064,1503614298911,-7,-2,-4,-3,-1,-2,-2,-14
5065,5065,1503614298912,2,-4,-1,2,0,0,-1,8
5066,5066,1503614298914,-7,7,-6,-4,-2,0,-1,-9
5067,5067,1503614298927,-13,1,14,1,-2,-3,-4,-18
5068,5068,1503614298935,17,3,4,1,0,-1,-3,2
5069,5069,1503614298942,-9,-5,-13,-4,-4,-2,-4,-12
5070,5070,1503614298958,-1,-9,-5,-3,-1,0,1,4
5071,5071,1503614298965,-1,-12,-8,-6,-2,0,3,5
5072,5072,1503614298973,-5,-7,-6,-6,-3,-6,-3,-16
5073,5073,1503614298987,2,4,1,2,1,0,0,-8
5074,5074,1503614298995,5,0,1,3,2,1,0,40
5075,5075,1503614299002,-5,-9,-7,-2,-1,-2,1,12
5076,5076,1503614299018,6,-4,-1,-1,0,0,3,9
5077,5077,1503614299025,-9,-5,-1,1,1,-3,-3,3
5078,5078,1503614299033,-17,-4,-1,-4,-1,2,-1,-3
5079,5079,1503614299047,13,5,1,0,-1,2,4,14
5080,5080,1503614299055,0,5,8,3,-1,-1,-1,-20
5081,5081,1503614299062,-10,-4,-8,-6,-2,-4,-6,-12
5082,5082,1503614299077,-3,-6,-8,-5,-3,-1,-3,-10
5083,5083,1503614299085,7,3,0,-2,-1,0,3,1
5084,5084,1503614299093,-7,6,-1,1,1,1,-6,-34
5085,5085,1503614299107,-22,4,4,-1,1,-1,-3,-20
5086,5086,1503614299115,-4,-4,-1,-1,-1,-1,4,5
5087,5087,1503614299129,7,-2,-2,0,0,-2,4,22
5088,5088,1503614299152,8,10,1,1,2,3,1,9
5089,5089,1503614299154,2,-3,0,-1,-1,-2,-3,8
5090,5090,1503614299167,-4,12,10,0,-2,0,-7,-11
5091,5091,1503614299175,-2,-11,-5,-4,-5,0,0,-5
5092,5092,1503614299184,6,-15,-9,0,-1,0,3,2
5093,5093,1503614299198,-1,2,1,0,0,1,3,4
5094,5094,1503614299205,7,1,-4,-6,-5,-1,-1,8
5095,5095,1503614299213,3,-4,-5,0,2,0,0,-3
5096,5096,1503614299227,25,3,-1,-1,1,1,8,53
5097,5097,1503614299235,7,15,10,3,0,1,-2,-1
5098,5098,1503614299242,-3,-2,-9,0,-1,-2,0,-22
5099,5099,1503614299258,-27,-8,0,0,1,-1,-3,6
5100,5100,1503614299265,-6,-11,0,0,-1,0,-2,-15
5101,5101,1503614299273,9,19,8,3,2,0,0,-10
5102,5102,1503614299288,-8,3,1,2,-1,-1,-4,-11
5103,5103,1503614299295,-5,-10,-9,-5,-6,-2,-1,-4
5104,5104,1503614299309,-5,-1,3,1,0,-1,1,-21
5105,5105,1503614299321,9,-5,-2,-2,-1,1,-2,10
5106,5106,1503614299325,-12,-6,-4,-2,0,-2,-7,-30
5107,5107,1503614299340,7,-2,2,1,1,-1,1,9
5108,5108,1503614299347,-1,6,8,1,-5,-2,-3,4
5109,5109,1503614299355,0,-5,-9,-6,-5,-4,0,1
5110,5110,1503614299369,1,9,3,-1,1,2,-1,-4
5111,5111,1503614299377,4,5,10,3,1,-1,-3,-9
5112,5112,1503614299386,-7,-22,-12,-8,-6,-4,-1,-1
5113,5113,1503614299400,1,-2,-2,-2,2,1,4,2
5114,5114,1503614299407,5,2,-1,-1,-1,-3,-3,3
5115,5115,1503614299415,-5,-4,-1,0,1,2,-1,-4
5116,5116,1503614299429,-5,3,2,0,0,-4,-1,1
5117,5117,1503614299437,-4,-7,-8,0,0,-3,-2,-3
5118,5118,1503614299445,2,1,-2,1,0,-1,-1,0
5119,5119,1503614299461,4,7,5,2,3,1,0,1
5120,5120,1503614299467,7,-17,-12,-2,-1,0,-1,7
5121,5121,1503614299475,4,0,-3,-3,-3,0,8,12
5122,5122,1503614299489,9,12,0,-3,-4,-2,-1,-4
5123,5123,1503614299497,4,5,4,-1,-1,-1,-8,-24
5124,5124,1503614299505,0,-2,6,1,0,0,2,-7
5125,5125,1503614299521,-11,-4,-8,-3,-4,-4,-5,-3
5126,5126,1503614299528,-4,-7,-3,-2,-1,1,-2,-6
5127,5127,1503614299535,3,17,-1,1,0,0,1,8
5128,5128,1503614299549,-19,2,3,4,-1,-3,-1,7
5129,5129,1503614299557,14,-8,-7,-2,0,2,3,-6
5130,5130,1503614299565,18,6,5,1,0,1,1,20
5131,5131,1503614299580,4,-3,-1,-2,-5,-2,-2,5
5132,5132,1503614299587,-7,-6,-1,-1,1,-1,-1,-8
5133,5133,1503614299596,-2,-1,-2,-2,1,-2,-1,-1
5134,5134,1503614299609,-3,0,1,-2,1,-1,-2,-3
5135,5135,1503614299621,-8,-9,-8,-9,-3,0,3,-5
5136,5136,1503614299625,13,10,3,-2,-1,-1,1,-1
5137,5137,1503614299640,-9,-2,3,3,-2,-2,-6,0
5138,5138,1503614299647,-19,-6,3,1,-1,-3,-3,-18
5139,5139,1503614299655,16,14,2,4,3,1,0,24
5140,5140,1503614299669,-48,-6,-7,-3,1,0,-2,-26
5141,5141,1503614299677,-19,-15,-8,-2,-1,-1,1,13
5142,5142,1503614299687,4,-13,-6,0,2,1,0,-16
5143,5143,1503614299700,15,7,4,1,3,-1,3,6
5144,5144,1503614299707,17,5,1,-1,-10,-5,-2,5
5145,5145,1503614299715,4,-4,-1,1,-1,1,-3,-4
5146,5146,1503614299729,1,10,2,-4,1,0,-1,10
5147,5147,1503614299737,-19,-2,-4,-4,-2,-4,-5,-17
5148,5148,1503614299745,-13,-11,-9,-3,-5,-2,-1,4
5149,5149,1503614299760,1,23,17,3,1,-2,0,11
5150,5150,1503614299767,10,-2,-2,3,5,3,0,4
5151,5151,1503614299775,3,-17,-13,-5,-4,0,8,17
5152,5152,1503614299789,33,33,15,4,2,0,-4,5
5153,5153,1503614299797,2,-3,-1,0,1,1,-3,-7
5154,5154,1503614299805,-2,-14,-6,2,2,-1,0,2
5155,5155,1503614299821,2,2,-4,-3,-2,-3,0,5
5156,5156,1503614299822,-18,6,12,3,-1,-3,-1,-9
5157,5157,1503614299827,-28,-4,3,-2,-2,-3,-5,-5
5158,5158,1503614299835,-27,0,9,2,-3,-2,-4,3
5159,5159,1503614299849,38,18,0,3,-3,-1,8,23
5160,5160,1503614299858,-13,-18,-10,-3,-1,-2,0,-10
5161,5161,1503614299865,-5,-8,0,-1,-1,2,-1,0
5707,5707,1503614305250,5,0,-1,-2,0,0,0,2
5708,5708,1503614305265,-7,-1,2,-1,0,-2,-5,-9
5709,5709,1503614305271,-5,3,2,-2,-1,-1,0,2
5710,5710,1503614305282,14,6,-4,-4,-2,-3,0,6
5711,5711,1503614305294,3,2,1,0,-4,-2,-2,-7
5712,5712,1503614305302,-9,-6,-2,1,0,-1,0,3
5713,5713,1503614305310,3,-1,-3,-3,-2,-2,2,6
5714,5714,1503614305325,-7,1,4,3,0,-1,-2,-12
5715,5715,1503614305331,-8,-4,-6,-4,-3,-2,-2,-7
5716,5716,1503614305340,0,-7,-8,-4,-3,-1,-2,-3
5717,5717,1503614305354,3,-1,0,-1,-1,-1,0,0
5718,5718,1503614305362,0,2,2,3,-3,-1,-1,-9
5719,5719,1503614305370,1,1,2,1,0,-1,2,2
5720,5720,1503614305385,6,6,4,2,2,-2,0,10
5721,5721,1503614305391,1,4,-3,2,0,0,-2,-8
5722,5722,1503614305399,1,2,2,0,-1,2,2,-12
5723,5723,1503614305416,-4,2,0,0,-2,-2,-2,-5
5724,5724,1503614305422,2,1,9,2,0,-1,1,6
5725,5725,1503614305430,1,2,3,1,1,0,-1,-1
5726,5726,1503614305445,-4,-5,-4,-3,-1,0,1,2
5727,5727,1503614305451,2,-1,-2,1,0,0,-1,-1
5728,5728,1503614305452,5,1,-1,1,1,2,1,7
5729,5729,1503614305460,0,-3,-4,-4,-1,-4,0,3
5730,5730,1503614305474,6,0,1,-1,3,2,1,5
5731,5731,1503614305484,-8,-1,-3,-1,0,1,-1,-5
5732,5732,1503614305490,-2,-1,-1,0,0,0,1,3
5733,5733,1503614305504,2,1,-1,1,1,-1,0,0
5734,5734,1503614305505,-5,2,4,2,1,-3,-1,-2
5735,5735,1503614305519,-2,0,-1,-2,-3,-2,-1,-1
5736,5736,1503614305521,2,2,1,-1,0,1,-2,-3
5737,5737,1503614305534,2,-1,-4,-1,-2,-3,-2,-1
5738,5738,1503614305542,1,-5,-5,-1,-2,-1,1,4
5739,5739,1503614305550,-4,-5,-6,-2,-2,0,-3,-2
5740,5740,1503614305565,-2,-11,-4,-3,0,0,0,-3
5741,5741,1503614305571,2,3,-4,-3,-1,-2,2,-2
5742,5742,1503614305572,1,12,13,2,-1,-2,-1,1
5743,5743,1503614305579,0,-6,-5,-5,-3,2,0,3
5744,5744,1503614305594,2,5,2,3,3,2,2,4
5745,5745,1503614305602,1,5,-2,0,-1,-1,-1,-1
5746,5746,1503614305610,-4,-6,-6,-4,-2,0,-1,-7
5747,5747,1503614305625,-7,-7,-1,-2,-2,-3,-5,-15
5748,5748,1503614305631,-9,1,0,1,-1,-2,1,-12
5749,5749,1503614305640,2,1,2,2,-1,0,-6,-7
5750,5750,1503614305655,-1,-2,4,-1,-1,-1,-2,4
5751,5751,1503614305662,5,16,0,0,0,1,-1,-7
5752,5752,1503614305678,8,-1,-8,-3,-5,-3,1,2
5753,5753,1503614305685,1,-4,-5,-2,-3,-3,-1,-4
5754,5754,1503614305693,-14,-9,-7,-2,-1,-2,-5,-11
5755,5755,1503614305699,-1,9,-3,-1,-1,-1,-3,1
5756,5756,1503614305717,-2,-9,-4,1,1,0,0,9
5757,5757,1503614305722,8,12,10,3,1,0,1,10
5758,5758,1503614305737,1,1,1,0,1,-3,-1,14
5759,5759,1503614305744,-3,-7,-3,-5,-2,-1,0,5
5760,5760,1503614305753,-9,-6,-1,-3,-2,-2,-2,-6
5761,5761,1503614305760,-4,-7,-4,-3,0,-1,-1,-13
5762,5762,1503614305775,2,0,-4,-1,0,0,1,5
5763,5763,1503614305783,-3,-9,-3,-2,-2,0,0,-1
5764,5764,1503614305797,-3,10,2,0,0,1,0,-3
5765,5765,1503614305804,-6,-11,-4,-3,-2,0,0,6
5766,5766,1503614305812,0,-7,-6,-2,-1,0,-2,0
5767,5767,1503614305827,2,-5,1,1,2,-3,0,7
5768,5768,1503614305835,4,2,2,1,-1,1,-1,-6
5769,5769,1503614305842,-2,-3,-6,0,-2,1,0,2
5770,5770,1503614305857,1,4,3,0,0,-1,0,-1
5771,5771,1503614305858,5,4,4,0,-1,-1,-1,2
5772,5772,1503614305864,6,6,4,1,1,1,-1,13
5773,5773,1503614305872,-7,-4,-2,-4,-2,1,0,-17
5774,5774,1503614305888,3,0,1,1,1,-2,0,0
5775,5775,1503614305895,0,-5,-3,0,0,-1,-3,12
5776,5776,1503614305902,-6,1,-1,1,0,0,-2,-2
5777,5777,1503614305919,13,1,-1,-2,-2,-1,1,27
5778,5778,1503614305925,-4,-3,-3,-2,0,-2,-1,3
5779,5779,1503614305933,2,-2,-3,1,-1,1,3,0
5780,5780,1503614305947,-13,-11,-5,-2,-1,0,-3,-8
5781,5781,1503614305956,10,3,8,3,-1,-1,-2,-9
5782,5782,1503614305962,-6,-10,-10,-6,-1,-2,-1,-15
5783,5783,1503614305978,6,2,1,2,1,-4,-2,-1
5784,5784,1503614305985,17,-8,-1,-1,-3,-2,2,-14
5785,5785,1503614305994,-8,4,-5,-3,-1,-1,-4,-9
5786,5786,1503614306007,-8,5,2,1,-2,1,2,2
5787,5787,1503614306015,-3,-8,-10,-3,0,-3,0,14
5788,5788,1503614306023,24,19,14,4,0,1,1,12
5789,5789,1503614306039,-1,-2,4,0,0,4,2,-3
5790,5790,1503614306045,12,1,-5,-3,-3,-4,-4,18
5791,5791,1503614306055,-13,-4,-2,-2,-2,-1,-3,-9
5792,5792,1503614306068,10,8,2,-2,-2,-1,1,-7
5793,5793,1503614306075,-2,1,0,0,-2,-3,1,-1
5794,5794,1503614306082,-17,3,2,2,3,0,-3,-2
5795,5795,1503614306098,1,-9,-3,-1,1,-3,0,-2
5796,5796,1503614306112,-12,-12,-1,-1,0,-3,-2,-9
5797,5797,1503614306113,-11,-4,0,1,-2,1,2,-21
5798,5798,1503614306132,14,10,7,-1,-2,2,6,37
6214,6214,1503614310162,-4,-4,-6,-4,-4,0,-1,1
6215,6215,1503614310176,-1,-3,-7,-1,-1,1,-2,-2
6216,6216,1503614310185,4,5,7,2,1,0,-1,-2
6217,6217,1503614310192,-3,-4,-2,1,0,-1,-2,-2
6218,6218,1503614310207,2,16,17,4,1,0,0,-2
6219,6219,1503614310214,0,-4,-1,-2,-4,-3,2,-2
6220,6220,1503614310222,1,-9,-9,-2,-2,0,-1,0
6221,6221,1503614310236,2,7,4,0,0,0,0,1
6222,6222,1503614310245,-1,-2,-5,-1,0,-1,0,-2
6223,6223,1503614310252,0,0,-6,-1,1,-1,-2,-1
6224,6224,1503614310267,-3,-8,-3,1,0,0,-1,-2
6225,6225,1503614310274,0,-7,-7,-4,-2,-2,-4,-2
6226,6226,1503614310282,-2,2,-3,-3,-4,0,-1,-1
6227,6227,1503614310296,-1,-2,-6,-5,0,0,0,0
6228,6228,1503614310307,-4,-8,-3,-3,-2,-2,0,-4
6229,6229,1503614310312,-1,3,3,1,0,-2,0,-2
6230,6230,1503614310327,6,3,-5,-3,0,1,-2,-1
6231,6231,1503614310333,5,13,15,4,1,0,1,7
6232,6232,1503614310342,-2,-3,-4,0,-3,0,-3,-4
6233,6233,1503614310356,-6,-16,-16,-4,-5,-4,-4,-4
6234,6234,1503614310365,6,11,4,1,1,-2,2,3
6235,6235,1503614310374,-3,1,2,0,0,1,-1,10
6236,6236,1503614310387,-6,-7,-6,-1,-1,-1,-1,-4
6237,6237,1503614310394,3,2,3,2,-1,-2,1,-4
6238,6238,1503614310402,-2,-8,-2,-2,-3,0,-2,1
6239,6239,1503614310416,-1,18,-1,-1,0,-1,-1,-8
6240,6240,1503614310424,2,-1,0,0,0,0,1,7
6241,6241,1503614310432,-2,-14,-11,-5,-3,1,0,7
6242,6242,1503614310447,-3,0,2,-1,0,-2,-3,-4
6243,6243,1503614310454,-2,-7,-2,1,-1,1,0,-2
6244,6244,1503614310462,2,-7,-4,3,0,0,-2,10
6245,6245,1503614310476,-8,-4,4,-1,-2,-2,-1,-1
6246,6246,1503614310484,1,14,27,3,2,-1,2,7
6247,6247,1503614310499,-5,-4,-3,-3,-1,-2,-2,-7
6248,6248,1503614310508,-1,-12,-9,-2,-2,3,-2,-1
6249,6249,1503614310514,-2,-4,-3,-4,-3,-1,-3,-1
6250,6250,1503614310529,4,9,-5,1,-1,-2,-2,-10
6251,6251,1503614310536,11,1,-9,-2,-1,-4,1,10
6252,6252,1503614310544,-6,-7,-8,-4,-3,-4,-2,3
6253,6253,1503614310558,1,12,17,6,1,0,1,-2
6254,6254,1503614310567,-3,-8,0,-2,-1,2,-1,-11
6255,6255,1503614310575,-6,-4,-2,-2,1,-2,-2,-14
6256,6256,1503614310596,6,-4,-5,-2,-1,0,0,2
6257,6257,1503614310597,-2,-3,-4,0,-2,3,1,-1
6258,6258,1503614310605,-13,-1,-9,-4,-1,-1,-2,-15
6259,6259,1503614310619,-5,-6,2,2,-1,-1,-1,-12
6260,6260,1503614310627,-2,0,2,-2,-2,-2,0,3
6261,6261,1503614310642,3,-2,0,-3,0,1,0,0
6262,6262,1503614310650,2,3,3,4,0,-2,1,0
6263,6263,1503614310665,0,8,1,1,0,-2,-1,3
6264,6264,1503614310666,17,12,-6,1,1,3,1,9
6265,6265,1503614310680,-6,-6,-4,-3,-2,0,0,-1
6266,6266,1503614310687,-12,-12,-2,-1,0,-2,0,-11
6267,6267,1503614310702,12,5,0,-1,0,0,3,18
6268,6268,1503614310709,-4,1,3,-1,-1,-1,-5,-1
6269,6269,1503614310717,-10,-17,-13,0,0,0,-2,-2
6270,6270,1503614310725,2,-10,-8,-5,0,-2,-5,-7
6271,6271,1503614310742,-6,-3,4,0,1,-3,-3,-6
6272,6272,1503614310747,-3,-1,-4,-3,-3,-1,1,1
6273,6273,1503614310755,7,-5,-1,1,-1,0,0,14
6274,6274,1503614310769,2,0,2,-1,-3,-3,1,5
6275,6275,1503614310777,-2,6,3,0,-1,-1,-2,-6
6276,6276,1503614310785,-6,-11,-9,-3,-1,0,-3,-6
6277,6277,1503614310808,4,10,16,0,-3,-1,1,9
6278,6278,1503614310809,-5,2,14,3,-1,1,1,1
6279,6279,1503614310815,2,14,4,2,0,-3,-1,-17
6280,6280,1503614310829,-1,0,1,1,0,-2,2,-4
6281,6281,1503614310837,-2,-6,-7,-2,-2,0,0,2
6282,6282,1503614310844,3,10,1,-2,0,0,-1,8
6283,6283,1503614310860,-3,-1,-6,-2,-2,-2,-1,-2
6284,6284,1503614310867,-3,-2,-1,0,1,0,-3,-4
6285,6285,1503614310876,2,-4,-3,-1,-1,1,2,12
6286,6286,1503614310877,12,5,2,0,2,1,3,5
6287,6287,1503614310889,0,-21,-22,-5,-1,-3,-3,2
6288,6288,1503614310897,-5,-7,-2,1,-1,-1,-3,-19
6289,6289,1503614310904,7,-1,2,-2,-1,0,0,13
6290,6290,1503614310920,-7,-7,-1,-4,-1,0,-1,4
6291,6291,1503614310927,-1,3,-6,1,-2,-2,1,-9
6292,6292,1503614310935,-3,2,-1,1,-1,-1,-5,-14
6293,6293,1503614310949,-6,5,0,-5,-2,0,1,-14
6294,6294,1503614310957,0,-3,0,-2,-2,-3,1,8
6295,6295,1503614310965,2,9,7,2,-1,0,-2,5
6296,6296,1503614310980,4,3,-6,-6,-1,-1,-2,-4
6297,6297,1503614310987,-1,4,10,3,0,1,3,9
6298,6298,1503614310995,7,6,2,2,-1,2,2,16
6299,6299,1503614311010,4,-1,0,-1,1,0,1,15
6300,6300,1503614311018,-9,-16,-7,-3,0,0,-4,-1
6301,6301,1503614311024,-5,-2,-7,-4,-2,-2,0,-7
6302,6302,1503614311040,8,-3,-6,2,1,0,2,27
6303,6303,1503614311047,10,3,6,4,2,4,3,19
6304,6304,1503614311055,1,-3,-3,-4,-1,-2,-1,6
6305,6305,1503614311069,-11,4,-1,-2,-3,-5,-5,-30
6306,6306,1503614311078,-7,-3,-3,-1,0,0,-3,-13
6307,6307,1503614311084,-7,-1,8,4,2,0,-3,-6
6308,6308,1503614311100,-3,7,2,1,-3,-3,-1,-9
6309,6309,1503614311107,-1,-5,-3,0,1,0,-1,-2
6310,6310,1503614311122,4,20,11,2,3,4,2,14
6311,6311,1503614311129,17,7,-3,-2,-1,0,7,52
6741,6741,1503614315352,-2,2,-1,0,-1,-2,1,-2
6742,6742,1503614315358,-9,-12,-17,-7,-4,-2,-3,-6
6743,6743,1503614315367,3,1,4,3,3,0,0,-1
6744,6744,1503614315381,0,-4,1,0,1,-2,-1,0
6745,6745,1503614315389,0,1,-2,1,-1,0,-2,6
6746,6746,1503614315396,-2,9,5,-1,0,2,2,-1
6747,6747,1503614315412,-1,1,2,-1,-2,-3,-1,-4
6748,6748,1503614315419,1,-2,-1,-1,1,-2,0,-1
6749,6749,1503614315427,6,10,9,3,1,1,0,1
6750,6750,1503614315441,0,-1,-2,0,0,-3,-1,-1
6751,6751,1503614315449,-3,-8,-6,-4,-2,-4,-1,-1
6752,6752,1503614315456,-5,-12,-5,-5,-3,0,-3,-4
6753,6753,1503614315472,-2,-2,6,0,1,1,1,-7
6754,6754,1503614315478,-4,-5,-3,-4,-3,0,-1,1
6755,6755,1503614315487,4,4,6,3,1,-1,-3,0
6756,6756,1503614315501,0,-7,-2,1,-1,0,0,0
6757,6757,1503614315509,0,4,-3,-3,-1,-3,0,7
6758,6758,1503614315517,1,6,6,0,-3,-2,0,3
6759,6759,1503614315533,-3,-1,1,-1,-5,-3,0,-2
6760,6760,1503614315539,-1,-4,-3,0,0,-1,-1,-2
6761,6761,1503614315547,-4,-4,-5,0,0,-1,-2,-3
6762,6762,1503614315561,7,8,-1,1,1,1,3,5
6763,6763,1503614315569,-3,-5,-8,-2,0,1,-1,-2
6764,6764,1503614315577,-3,-7,-5,-4,-2,-3,-1,3
6765,6765,1503614315592,-1,-8,-11,-1,0,1,0,-1
6766,6766,1503614315600,-1,0,-14,-3,0,-2,-2,-6
6767,6767,1503614315607,-2,1,0,-3,-4,-2,-3,0
6768,6768,1503614315627,-3,-7,-1,-2,-3,1,0,0
6769,6769,1503614315629,0,0,-3,1,0,0,1,-1
6770,6770,1503614315637,0,12,11,5,2,-1,-1,-2
6771,6771,1503614315652,-2,-3,0,-1,-2,0,-2,-3
6772,6772,1503614315660,-4,-7,-5,0,-1,0,-1,0
6773,6773,1503614315667,2,-6,0,0,-1,-2,-2,-2
6774,6774,1503614315682,-1,-9,-4,-1,-1,0,-3,0
6775,6775,1503614315689,-1,1,-3,-4,-2,0,-2,-2
6776,6776,1503614315705,0,5,12,-4,-13,-2,1,1
6777,6777,1503614315711,-2,-8,-7,1,3,1,-1,-7
6778,6778,1503614315712,-3,-4,-8,0,-2,-2,-1,-3
6779,6779,1503614315719,3,22,6,0,5,0,-3,-3
6780,6780,1503614315727,0,0,-3,-5,-4,-1,-1,-3
6781,6781,1503614315742,-1,-2,0,2,1,-1,-1,-1
6782,6782,1503614315749,-5,-4,-2,-7,0,-2,-1,0
6783,6783,1503614315767,0,-11,-11,-15,-6,-4,0,5
6784,6784,1503614315771,2,-4,1,3,7,1,-1,1
6785,6785,1503614315787,-3,-6,-2,4,-6,1,-2,-6
6786,6786,1503614315788,2,3,7,8,7,0,-1,2
6787,6787,1503614315802,-2,-2,-1,2,0,-4,-1,-1
6788,6788,1503614315809,0,6,4,1,-2,2,3,0
6789,6789,1503614315825,-3,-3,1,1,3,2,2,-3
6790,6790,1503614315834,0,4,4,-2,-3,-2,-1,-2
6791,6791,1503614315840,29,5,-2,0,4,2,-2,-4
6792,6792,1503614315847,7,2,2,2,-2,1,3,-2
6793,6793,1503614315862,-21,-6,-5,-3,-2,-3,-1,-4
6794,6794,1503614315869,-10,0,-3,-4,-3,-2,1,-2
6795,6795,1503614315885,-7,0,8,4,6,-1,1,-2
6796,6796,1503614315892,-5,-2,-3,-1,-2,1,-2,2
6797,6797,1503614315901,0,-1,-4,2,-2,2,-3,-1
6798,6798,1503614315907,3,9,9,5,2,1,-3,0
6799,6799,1503614315922,-1,-1,0,0,-1,-1,1,2
6800,6800,1503614315929,-1,-13,-10,-5,-2,-3,-3,-1
6801,6801,1503614315945,7,18,18,5,3,-1,2,5
6802,6802,1503614315951,0,1,3,-2,-2,1,0,-1
6803,6803,1503614315959,-2,-7,-6,-2,-5,0,-1,2
6804,6804,1503614315969,0,0,2,1,0,-2,-1,1
6805,6805,1503614315982,0,-3,-4,-4,-3,-2,0,-3
6806,6806,1503614315989,-11,-11,-14,-6,-4,-3,-1,-5
6807,6807,1503614316005,2,-5,-1,2,1,3,-1,-2
6808,6808,1503614316012,-2,-6,-7,-2,-1,-4,-4,0
6809,6809,1503614316020,-2,-5,-6,-3,-2,0,-2,-1
6810,6810,1503614316027,3,-3,-6,0,-1,-3,-1,-2
6811,6811,1503614316042,3,-4,-5,-4,-1,-2,0,0
6812,6812,1503614316049,3,8,-4,-3,3,1,0,1
6813,6813,1503614316065,2,5,8,0,-7,-6,0,-1
6814,6814,1503614316072,-7,-3,1,1,3,4,1,-2
6815,6815,1503614316080,-5,6,1,-2,-3,-4,-4,-1
6816,6816,1503614316094,6,5,5,1,-1,2,3,2
6817,6817,1503614316103,-7,-7,0,2,1,0,1,1
6818,6818,1503614316109,-4,-4,-3,0,-3,-4,-1,1
6819,6819,1503614316125,-36,-14,-6,-3,-1,-2,0,-3
6820,6820,1503614316131,4,7,0,-1,0,-1,-1,-4
6821,6821,1503614316132,7,-3,-5,-2,-2,0,1,3
6822,6822,1503614316140,-3,0,-2,0,1,-1,-2,-1
6823,6823,1503614316154,-4,12,10,0,-3,-2,-1,-1
6824,6824,1503614316162,4,-3,-4,1,4,0,1,0
6825,6825,1503614316169,2,1,-7,0,-3,0,-2,-3
6826,6826,1503614316185,6,9,3,0,-1,-1,-4,0
6827,6827,1503614316192,-3,-8,-3,-3,-1,0,-2,2
6828,6828,1503614316202,-17,2,0,-2,-4,-4,-2,-4
6829,6829,1503614316203,-6,-10,-7,-4,0,-3,0,-1
6830,6830,1503614316214,-13,-6,5,1,1,-4,-2,-4
6831,6831,1503614316222,-17,-7,-4,3,2,2,1,-6
7277,7277,1503614320601,-4,-7,-8,-5,-3,2,0,-1
7278,7278,1503614320609,-1,1,0,0,-1,-1,-2,-3
7279,7279,1503614320627,2,1,2,0,1,-2,1,1
7280,7280,1503614320632,0,5,3,-2,-3,-2,-3,-2
7281,7281,1503614320639,-2,-1,-5,-1,-1,0,1,6
7282,7282,1503614320654,-5,-12,-8,-4,0,1,-1,-3
7283,7283,1503614320662,5,15,18,8,1,3,2,0
7284,7284,1503614320669,0,5,4,2,-1,-2,-1,-4
7285,7285,1503614320684,-6,-7,-6,-4,-2,-1,0,0
7286,7286,1503614320692,4,4,4,1,1,1,0,6
7287,7287,1503614320707,-1,-1,-1,1,-1,-5,-2,-3
7288,7288,1503614320714,-3,-2,-2,-3,-2,2,0,-9
7289,7289,1503614320722,0,-1,1,-1,-1,2,0,2
7290,7290,1503614320729,3,4,6,2,0,-3,-3,0
7291,7291,1503614320744,-5,-7,-6,1,-2,-3,-3,-7
7292,7292,1503614320751,-4,-4,-9,-6,-3,-3,-4,-6
7293,7293,1503614320767,1,14,5,1,-2,0,-2,-3
7294,7294,1503614320774,-2,-6,-4,-2,0,2,2,2
7295,7295,1503614320782,-1,3,3,1,2,2,-1,-4
7296,7296,1503614320796,-3,-4,-3,-1,-3,-2,0,0
7297,7297,1503614320804,-3,-2,1,0,1,-4,-5,-6
7298,7298,1503614320811,3,1,2,1,2,0,1,7
7299,7299,1503614320834,-4,-1,-2,-1,-1,-1,-1,-4
7300,7300,1503614320842,-3,-7,-6,-3,-2,-1,0,-1
7301,7301,1503614320856,4,3,1,2,-2,-1,2,7
7302,7302,1503614320871,-3,-7,-10,-6,-3,-4,-2,-4
7303,7303,1503614320872,3,24,6,1,-1,-1,0,-17
7304,7304,1503614320887,3,-2,2,-1,0,2,-2,2
7305,7305,1503614320894,-4,-11,-3,-4,-2,0,-4,3
7306,7306,1503614320902,2,-1,1,0,-1,-2,7,23
7307,7307,1503614320916,-2,-1,0,1,1,-4,-2,-1
7308,7308,1503614320927,-2,-5,-2,-2,-2,-1,-3,-1
7309,7309,1503614320939,-1,-1,-7,-1,0,2,0,0
7310,7310,1503614320947,-1,-2,-4,-4,-4,-5,-1,-5
7311,7311,1503614320954,-4,-2,2,1,2,-1,-3,-9
7312,7312,1503614320962,-1,-1,-1,2,2,2,-3,-1
7313,7313,1503614320976,-1,-8,-5,-1,-2,1,3,2
7314,7314,1503614320984,-2,1,-1,-1,1,-2,-2,-5
7315,7315,1503614320995,7,20,15,4,-1,0,3,2
7316,7316,1503614321007,-5,-8,-7,-3,-3,-1,3,-11
7317,7317,1503614321014,-2,-10,-8,-3,-1,-1,-1,3
7318,7318,1503614321022,0,2,-4,-1,0,0,-1,-3
7319,7319,1503614321036,0,0,3,-1,1,2,-1,1
7320,7320,1503614321044,-2,1,4,1,1,-1,-3,-6
7321,7321,1503614321051,0,-1,-6,-1,0,-3,1,7
7322,7322,1503614321067,-4,-2,-1,-7,-2,-1,0,-2
7323,7323,1503614321068,0,-5,-1,-1,0,1,-1,0
7324,7324,1503614321074,-2,-6,-3,-4,-2,-3,1,-4
7325,7325,1503614321082,-1,10,-2,0,-1,2,-1,-4
7326,7326,1503614321097,3,6,-5,1,-1,0,-2,2
7327,7327,1503614321104,-1,-7,-5,-3,-4,-2,-2,1
7328,7328,1503614321111,-6,-7,-7,-4,-2,-4,-2,-5
7329,7329,1503614321128,5,5,1,0,0,1,3,4
7330,7330,1503614321129,-1,-3,-3,0,1,0,0,-1
7331,7331,1503614321134,-2,-10,-3,-3,0,1,-1,-3
7332,7332,1503614321142,2,7,-2,-1,0,-2,-1,6
7333,7333,1503614321156,6,4,5,3,0,-1,1,16
7334,7334,1503614321166,5,-6,0,-3,-1,1,0,18
7335,7335,1503614321171,-2,1,-2,-2,1,0,-2,-2
7336,7336,1503614321187,-4,-3,2,1,0,-1,-1,-6
7337,7337,1503614321196,-2,-4,4,2,-1,0,0,0
7338,7338,1503614321203,-1,5,7,0,2,0,-2,-8
7339,7339,1503614321216,2,-2,-3,2,0,2,2,9
7340,7340,1503614321217,-4,-4,-7,-7,-4,-1,-3,-9
7341,7341,1503614321225,0,7,5,4,-4,-1,-2,-4
7342,7342,1503614321232,4,0,6,4,1,-2,-1,-7
7343,7343,1503614321247,-5,-15,-7,-6,-1,-4,1,-4
7344,7344,1503614321254,1,1,-1,3,-2,1,1,3
7345,7345,1503614321263,-3,-2,0,-1,-1,1,0,2
7346,7346,1503614321276,1,0,-3,-2,-1,-3,-2,14
7347,7347,1503614321285,1,5,3,3,1,0,0,3
7348,7348,1503614321292,-6,-4,1,2,0,-2,-4,-11
7349,7349,1503614321307,3,6,-8,-2,0,0,1,0
7350,7350,1503614321314,0,-4,-2,-2,-1,0,2,12
7351,7351,1503614321330,4,15,7,-1,0,0,0,-6
7352,7352,1503614321337,-2,9,9,3,0,0,-2,-7
7353,7353,1503614321344,-3,-12,-10,-3,-3,0,-1,0
7354,7354,1503614321351,-1,-1,-2,-2,-1,-1,-1,-4
7355,7355,1503614321368,5,-2,3,3,-3,-3,1,5
7356,7356,1503614321374,-2,-4,0,-1,2,3,0,1
7357,7357,1503614321382,-4,-2,2,1,2,0,-1,-1
7358,7358,1503614321398,-6,-8,-11,-4,-4,-1,-5,-8
7359,7359,1503614321404,9,-1,2,-1,0,1,2,16
7360,7360,1503614321411,-3,3,1,7,0,-3,1,-2
7361,7361,1503614321429,-8,-26,-9,-6,-5,-4,-2,-4
7362,7362,1503614321434,5,-3,0,0,-2,-1,-2,1
7363,7363,1503614321442,-6,-9,-7,-4,-3,-2,-4,-20
7364,7364,1503614321456,-4,-5,-4,-2,-1,-2,-1,-2
7365,7365,1503614321465,-5,3,8,-1,0,0,0,0
7366,7366,1503614321471,-1,0,1,-3,-2,0,1,6
7367,7367,1503614321487,-2,2,-2,-2,0,-2,-2,-5
7368,7368,1503614321496,3,3,3,-1,0,0,1,4
7369,7369,1503614321502,-1,2,0,0,-3,0,-1,-1
7370,7370,1503614321516,1,-11,-17,-6,-2,-2,0,8
7371,7371,1503614321524,2,6,6,6,3,0,2,1
7372,7372,1503614321531,-2,-1,0,-7,-5,-3,-1,0
7373,7373,1503614321532,-4,-2,0,8,7,-1,0,-5
7374,7374,1503614321547,-7,-15,-15,-4,1,-1,-3,-13
7375,7375,1503614321554,7,22,29,4,0,2,2,-1
7376,7376,1503614321563,-1,4,1,1,-5,0,-4,-5
7377,7377,1503614321576,-3,-4,-6,-4,-3,-4,-1,1
7378,7378,1503614321584,0,-6,2,-6,-5,-1,3,10
7379,7379,1503614321591,1,11,6,-1,-2,-3,-4,-21
7380,7380,1503614321607,0,4,-5,-3,1,-4,0,7
7381,7381,1503614321614,-3,-8,-10,-4,0,0,-1,-6
7382,7382,1503614321622,0,-2,-4,0,0,3,0,7
7383,7383,1503614321637,0,2,2,-3,-2,-4,-4,-1
7384,7384,1503614321644,1,6,5,1,3,0,0,-3
7385,7385,1503614321651,-4,-13,-21,-6,-5,1,-2,0
7386,7386,1503614321673,5,10,11,4,0,0,-1,-1
7387,7387,1503614321675,-3,-2,-9,-5,-1,-3,-5,-1
7388,7388,1503614321689,1,12,8,-5,-3,-1,1,4
7389,7389,1503614321697,2,7,7,2,0,-3,2,8
7390,7390,1503614321705,-1,-2,-1,-3,-1,-1,-4,-2
7391,7391,1503614321719,-4,-5,0,-2,0,2,0,-6
7392,7392,1503614321730,-3,-7,-7,-1,0,-4,-1,-5
7393,7393,1503614321734,-1,6,6,3,0,0,1,-4
7394,7394,1503614321749,-5,-2,4,3,0,-2,-3,2
7395,7395,1503614321756,-13,-9,-11,-5,3,2,0,-5
7396,7396,1503614321764,2,12,11,2,2,3,3,-8
7397,7397,1503614321779,-5,-5,-1,-1,-5,0,-3,10
7398,7398,1503614321787,-42,-15,-11,-7,-4,-2,-2,-22
7399,7399,1503614321794,7,1,5,3,0,0,1,-1
7400,7400,1503614321809,10,-2,-4,-3,-2,-2,-1,10
7401,7401,1503614321816,-11,-6,-6,-4,-2,2,-2,-3
7402,7402,1503614321824,1,-6,-4,0,0,0,1,2
7403,7403,1503614321839,-11,4,4,3,2,0,0,6
7404,7404,1503614321840,27,1,1,2,1,-3,-2,-1
7405,7405,1503614321847,21,4,2,0,-3,1,2,3
7406,7406,1503614321854,5,-2,-1,-3,0,-2,-1,3
7407,7407,1503614321869,-7,2,-8,-2,2,-1,-5,-8
7408,7408,1503614321883,6,6,-11,-5,-6,1,-1,2
7957,7957,1503614327314,1,-4,2,2,-3,-2,0,-1
7958,7958,1503614327321,-1,0,-4,0,0,-1,1,3
7959,7959,1503614327330,-6,-3,-1,-1,-1,0,-3,-5
7960,7960,1503614327344,-4,-2,-3,-3,-3,-2,-1,0
7961,7961,1503614327352,0,0,-5,0,2,3,0,3
7962,7962,1503614327359,-3,-5,-5,-3,-1,0,-3,-2
7963,7963,1503614327374,3,0,0,-1,-3,0,-1,-6
7964,7964,1503614327381,1,0,-1,1,0,1,1,1
7965,7965,1503614327389,-2,-1,-4,0,0,-2,0,-1
7966,7966,1503614327404,5,7,17,3,-1,0,-2,1
7967,7967,1503614327418,5,10,8,3,1,-1,-2,0
7968,7968,1503614327419,-2,-1,-4,-3,0,-1,2,-3
7969,7969,1503614327434,2,8,8,1,-1,-2,0,4
7970,7970,1503614327441,-2,-4,-6,0,0,-4,-2,-1
7971,7971,1503614327449,-4,-5,-9,-4,0,0,-2,-2
7972,7972,1503614327464,0,-1,-2,0,-1,1,0,2
7973,7973,1503614327471,19,-3,-1,0,-2,-1,1,1
7974,7974,1503614327472,22,-3,-2,1,-1,-2,-1,-5
7975,7975,1503614327478,2,0,-7,-1,-1,-5,-3,-4
7976,7976,1503614327494,-21,-7,-8,-3,-2,0,-2,-3
7977,7977,1503614327501,-11,5,8,2,0,1,0,0
7978,7978,1503614327509,-6,-1,-5,-1,1,-1,1,-1
7979,7979,1503614327529,1,-1,-5,0,-1,-1,-1,0
7980,7980,1503614327532,-2,-2,0,0,-2,-2,-2,-1
7981,7981,1503614327539,-1,-1,1,-2,-1,-1,0,2
7982,7982,1503614327554,-2,6,1,-2,0,-2,-2,-1
7983,7983,1503614327562,-2,-4,-4,0,0,1,-1,-3
7984,7984,1503614327569,-4,-3,-1,0,-2,-3,-3,-4
7985,7985,1503614327584,3,-2,-2,-1,1,1,1,-1
7986,7986,1503614327593,-3,-2,-1,-3,-2,0,1,-2
7987,7987,1503614327599,-1,-7,-6,-3,-2,-2,0,-2
7988,7988,1503614327613,-1,-2,1,0,-2,0,2,2
7989,7989,1503614327621,4,2,-4,-2,-3,-2,-1,-3
7990,7990,1503614327629,4,3,3,2,0,0,0,0
7991,7991,1503614327644,-1,-4,-2,0,0,0,-1,-2
7992,7992,1503614327652,3,20,22,5,1,2,2,5
7993,7993,1503614327660,2,-1,-1,0,-2,1,-1,-3
7994,7994,1503614327674,-2,-9,-11,-6,-3,0,-3,-2
7995,7995,1503614327681,-4,-2,1,1,-1,-1,-3,-5
7996,7996,1503614327689,6,0,-4,1,0,-1,-2,-7
7997,7997,1503614327704,-1,3,-5,-4,0,-3,-3,-9
7998,7998,1503614327711,1,-5,-4,0,1,-3,-1,0
7999,7999,1503614327718,-3,-6,-6,1,-2,1,0,2
8000,8000,1503614327734,-3,6,8,1,-3,0,0,2
8001,8001,1503614327741,-3,1,5,0,1,1,-1,0
8002,8002,1503614327749,-6,-14,-10,-4,0,-3,0,-5
8003,8003,1503614327764,4,-5,-3,-2,-1,-1,-1,0
8004,8004,1503614327772,1,8,3,-2,-2,1,-2,-14
8005,8005,1503614327778,-5,-6,-6,-2,1,-2,0,0
8006,8006,1503614327794,-1,-9,-11,-1,-1,-2,1,8
8007,8007,1503614327801,-7,-2,1,0,-1,-1,-4,-10
8008,8008,1503614327802,-2,2,-1,-4,-1,-3,-2,1
8009,8009,1503614327809,0,-3,-2,-2,0,0,-1,-3
8010,8010,1503614327831,-3,5,11,3,-2,0,0,3
8011,8011,1503614327832,-2,-7,-5,-2,0,-1,0,7
8012,8012,1503614327839,-5,-3,8,3,-2,-1,-3,-3
8013,8013,1503614327853,4,9,-7,-3,-2,0,1,6
8014,8014,1503614327854,0,6,12,2,2,0,-1,-1
8015,8015,1503614327862,-7,-1,-3,-3,0,2,1,1
8016,8016,1503614327869,3,2,-8,-4,0,-1,0,2
8017,8017,1503614327884,7,4,0,-2,0,-2,-1,4
8018,8018,1503614327891,-2,8,7,3,0,-1,0,-7
8019,8019,1503614327899,5,7,-3,-1,-2,-1,0,12
8020,8020,1503614327913,-3,-2,0,-3,-2,1,0,0
8021,8021,1503614327921,4,0,-6,-1,0,-1,-1,-1
8022,8022,1503614327930,-6,-7,-8,0,0,-4,-1,-5
8023,8023,1503614327944,5,10,7,2,1,0,2,2
8024,8024,1503614327952,3,-1,0,-2,-2,-2,-2,-7
8025,8025,1503614327958,1,1,-8,-2,-1,0,1,3
8026,8026,1503614327973,3,7,5,-1,-1,0,-1,-10
8027,8027,1503614327981,-2,-1,3,0,-1,-3,-5,-11
8028,8028,1503614327989,-2,-7,-7,-2,-1,0,0,18
8029,8029,1503614328004,-6,-3,3,-1,-3,-3,-3,-5
8030,8030,1503614328011,-1,6,2,1,-1,0,-2,0
8031,8031,1503614328018,2,-1,-4,-2,0,0,1,5
8032,8032,1503614328019,2,-10,-11,-3,1,0,-1,-7
8033,8033,1503614328034,0,-3,-3,1,0,-1,0,-3
8034,8034,1503614328041,-2,-11,-10,-6,-6,-3,-5,0
8035,8035,1503614328056,-8,-11,-5,-4,-7,-2,-4,-4
8036,8036,1503614328064,3,13,10,3,2,2,3,-4
8037,8037,1503614328071,3,6,-6,-1,-1,1,0,10
8038,8038,1503614328078,-4,-5,0,0,-1,-1,-1,-5
8039,8039,1503614328095,-1,-8,-7,-4,0,-2,0,0
8040,8040,1503614328101,-7,-4,-3,-2,2,2,-1,-2
8041,8041,1503614328109,-4,-8,-4,-2,-4,-3,-4,-3
8042,8042,1503614328123,0,-1,0,2,-1,0,0,-1
8043,8043,1503614328132,0,0,0,-2,-1,-5,-3,-1
8044,8044,1503614328138,0,-1,0,-2,-2,-2,0,6
8045,8045,1503614328153,4,12,5,5,2,2,0,-1
8046,8046,1503614328163,0,-9,-7,-4,-1,-3,1,6
8047,8047,1503614328169,11,7,8,2,-2,1,2,1
8048,8048,1503614328183,-2,7,9,2,0,0,0,0
8521,8521,1503614332774,-2,5,6,0,-2,0,0,0
8522,8522,1503614332781,4,-2,0,-1,1,-2,-1,-2
8523,8523,1503614332796,-7,-14,-5,-4,-2,0,0,-3
8524,8524,1503614332803,-5,-10,-6,-1,-2,0,-3,-3
8525,8525,1503614332811,-7,-8,-4,0,-2,-3,0,-7
8526,8526,1503614332828,3,0,2,-1,0,-3,0,3
8527,8527,1503614332834,1,-1,-4,-1,1,-2,0,-3
8528,8528,1503614332841,-3,-3,-6,-2,-1,-1,0,-1
8529,8529,1503614332856,-1,-7,-4,-3,-2,1,-3,-2
8530,8530,1503614332863,3,-1,3,0,-2,1,-2,2
8531,8531,1503614332878,0,-1,-2,-2,-1,-4,-2,-2
8532,8532,1503614332888,-1,-2,-1,1,1,0,-1,-2
8533,8533,1503614332894,6,2,0,0,0,-1,0,0
8534,8534,1503614332908,-14,-2,-2,-2,-2,-2,0,-2
8535,8535,1503614332919,2,1,-6,-1,-2,-1,-3,1
8536,8536,1503614332924,9,9,-1,-2,-1,0,-1,-1
8537,8537,1503614332938,-1,-1,-2,-3,-2,-2,0,0
8538,8538,1503614332946,-1,-3,-1,2,0,1,-2,0
8539,8539,1503614332954,1,-4,-4,-3,-3,0,-2,-4
8540,8540,1503614332968,-5,0,5,0,1,0,1,0
8541,8541,1503614332976,1,-1,1,0,1,0,-3,2
8542,8542,1503614332983,5,3,-2,-3,-2,-3,-1,-2
8543,8543,1503614332998,-4,-1,3,0,0,0,2,-3
8544,8544,1503614333006,17,8,6,3,1,0,0,5
8545,8545,1503614333014,8,11,3,2,1,0,1,0
8546,8546,1503614333028,-5,-8,-5,-4,-2,0,-1,-4
8547,8547,1503614333036,-3,-5,-12,1,1,-2,-2,0
8548,8548,1503614333043,-2,-9,-9,-1,-4,0,1,0
8549,8549,1503614333059,-4,-3,0,-1,0,0,0,-3
8550,8550,1503614333066,-1,1,1,-2,-1,-2,-2,-3
8551,8551,1503614333074,0,2,2,1,-3,-1,0,-2
8552,8552,1503614333088,7,3,2,-2,1,-1,2,4
8553,8553,1503614333096,-5,-1,3,2,-2,0,-2,0
8554,8554,1503614333103,-4,8,9,1,1,0,-2,1
8555,8555,1503614333120,1,-2,-2,-1,1,0,1,0
8556,8556,1503614333126,5,-3,-5,-1,-2,-2,0,2
8557,8557,1503614333134,-2,-2,0,-2,-1,-1,-2,2
8558,8558,1503614333148,-8,-12,-13,-4,-1,-1,-3,-2
8559,8559,1503614333156,1,-6,-3,-1,-2,0,1,-1
8560,8560,1503614333164,-6,-5,-2,-2,-1,-1,1,-6
8561,8561,1503614333178,-3,7,14,2,2,2,0,3
8562,8562,1503614333188,-3,-3,-3,-2,0,-2,-3,-1
8563,8563,1503614333194,4,8,-3,-2,0,-2,1,1
8564,8564,1503614333208,-4,-3,-1,0,-4,-1,-1,-2
8565,8565,1503614333217,2,-6,-5,-1,-1,-2,-1,-1
8566,8566,1503614333224,4,-1,-2,-1,1,-1,-1,-1
8567,8567,1503614333238,-4,-2,-2,1,-2,0,-2,-3
8568,8568,1503614333246,3,1,0,0,0,-2,1,-1
8569,8569,1503614333256,-1,-2,-5,-1,-1,-3,-2,-2
8570,8570,1503614333268,-5,5,6,2,-1,-1,-2,2
8571,8571,1503614333276,-7,-4,2,-2,0,0,-1,-3
8572,8572,1503614333284,2,5,1,-2,1,1,0,-2
8573,8573,1503614333299,1,1,-1,-1,1,0,0,0
8574,8574,1503614333306,-1,-2,0,-1,-3,-1,0,-2
8575,8575,1503614333314,-1,-2,0,-1,-1,-1,-3,-1
8576,8576,1503614333328,0,-1,-3,-1,1,2,-2,-2
8577,8577,1503614333336,0,-2,0,-1,-2,1,1,-1
8578,8578,1503614333343,5,4,0,-1,-2,0,-1,-2
8579,8579,1503614333358,0,0,1,0,-2,0,-1,0
8580,8580,1503614333359,-4,-1,-1,-2,0,-2,0,-4
8581,8581,1503614333366,-1,0,4,-1,-3,-3,-2,0
8582,8582,1503614333374,7,14,15,6,-1,0,1,1
8583,8583,1503614333389,1,-2,-3,-2,0,1,-3,1
8584,8584,1503614333397,-3,-12,-7,-5,-1,-3,-1,0
8585,8585,1503614333403,-8,3,3,1,0,-2,-2,-6
8586,8586,1503614333418,2,1,-1,-3,-1,-1,-1,-1
8587,8587,1503614333426,-5,-5,-6,-4,-2,-2,-2,-1
8588,8588,1503614333434,-11,-4,-6,-1,-2,-3,-2,-6
8589,8589,1503614333447,-6,-6,-3,-1,0,-1,-1,-7
8590,8590,1503614333456,1,0,-2,-4,0,-2,0,-1
8591,8591,1503614333464,-30,-19,-5,-2,-2,-3,-4,-7
8592,8592,1503614333478,4,-3,-2,-2,-3,0,-2,3
8593,8593,1503614333486,14,8,2,2,-1,1,2,5
8594,8594,1503614333494,5,3,2,2,2,0,0,1
8595,8595,1503614333508,10,4,0,0,0,2,0,2
8596,8596,1503614333516,10,12,9,3,1,3,1,2
8597,8597,1503614333523,0,0,-3,2,-2,-2,0,0
8598,8598,1503614333538,-7,-7,-8,-2,-2,-1,-2,-1
8599,8599,1503614333546,-2,-1,-2,-2,-2,0,0,-1
8600,8600,1503614333556,-4,-1,-1,-1,-1,-2,-1,1
8601,8601,1503614333568,6,0,0,0,0,-2,1,-1
8602,8602,1503614333576,-2,-2,2,2,0,0,0,-1
8603,8603,1503614333583,7,14,4,1,0,1,0,1
8604,8604,1503614333598,-1,-5,-2,-3,-3,-3,-1,1
8605,8605,1503614333606,-3,-6,-4,0,-1,0,-2,0
8606,8606,1503614333614,2,1,-2,0,-1,0,-2,-2
8607,8607,1503614333629,0,-1,-1,0,-2,-2,-1,1
8608,8608,1503614333636,-3,-6,-8,-7,-4,-2,2,0
8609,8609,1503614333643,-3,-5,-3,1,1,0,1,-1
8610,8610,1503614333659,-7,-6,-1,-1,1,-1,0,-3
8611,8611,1503614333673,1,5,7,0,-2,-2,-1,1
8612,8612,1503614333674,2,5,5,-1,-1,1,-2,-1
8613,8613,1503614333690,-1,-3,-2,-1,1,0,-1,-2
8614,8614,1503614333697,-1,-3,-2,0,-1,-1,-2,3
9181,9181,1503614339200,-3,-3,-2,-5,-4,0,-1,0
9182,9182,1503614339208,-3,-4,-3,1,0,1,0,-2
9183,9183,1503614339223,0,-1,0,0,-1,0,-1,2
9184,9184,1503614339231,2,41,0,-1,1,0,-1,-1
9185,9185,1503614339239,-2,-12,1,0,0,-2,-1,-5
9186,9186,1503614339253,2,-19,1,0,-2,-2,-1,0
9187,9187,1503614339264,-1,-9,1,-1,-1,-1,-4,-3
9188,9188,1503614339268,-2,-4,-4,-4,-2,-2,-1,-2
9189,9189,1503614339286,1,5,-2,-3,-2,-1,0,-2
9190,9190,1503614339291,-1,-8,-5,-3,0,-2,-1,-2
9191,9191,1503614339299,2,11,2,3,1,0,-2,2
9192,9192,1503614339313,-1,0,-1,-3,-2,-1,0,2
9193,9193,1503614339321,-4,6,1,-2,-2,-3,-4,-5
9194,9194,1503614339329,1,-1,-6,0,0,-1,0,1
9195,9195,1503614339343,0,-1,-5,-3,-2,-1,-1,-1
9196,9196,1503614339354,-4,-5,-4,-5,-3,2,-1,-3
9197,9197,1503614339359,-1,-1,1,2,0,2,0,3
9198,9198,1503614339372,-3,-6,-5,-4,0,0,-1,-1
9199,9199,1503614339381,-3,-2,-1,-3,-3,-4,0,-1
9200,9200,1503614339395,1,3,1,3,0,0,0,2
9201,9201,1503614339403,3,4,-1,2,5,3,-1,1
9202,9202,1503614339410,2,5,5,-3,-3,-2,-2,1
9203,9203,1503614339411,-2,-4,5,2,1,1,-1,1
9204,9204,1503614339426,-2,-2,-5,-1,-1,-3,0,-1
9205,9205,1503614339432,3,4,3,3,-2,-3,-1,1
9206,9206,1503614339441,1,-6,0,1,0,0,1,2
9207,9207,1503614339455,-3,-4,-2,-1,-2,-2,-2,-2
9208,9208,1503614339463,1,1,3,1,-2,-1,1,4
9209,9209,1503614339470,0,0,-2,1,1,1,-2,-1
9210,9210,1503614339486,-1,-1,-2,-4,-2,-1,-3,-6
9211,9211,1503614339492,0,-4,-1,-1,-2,-1,-3,-4
9212,9212,1503614339500,-1,-5,-5,-5,-2,-4,0,0
9213,9213,1503614339501,-2,9,7,4,1,0,-1,-3
9214,9214,1503614339515,-3,-1,1,-2,0,-2,-1,-3
9215,9215,1503614339523,-2,-7,-8,-2,-2,-3,-3,-4
9216,9216,1503614339531,1,0,2,-2,0,0,1,2
9217,9217,1503614339546,-3,0,0,-1,1,3,0,-1
9218,9218,1503614339554,-2,-1,-1,2,3,1,2,2
9219,9219,1503614339561,-1,5,7,2,2,0,2,0
9220,9220,1503614339562,2,-1,-3,-3,-3,-3,-5,0
9221,9221,1503614339576,-6,-17,-13,-7,-5,-5,-1,-3
9222,9222,1503614339583,5,11,27,13,6,3,4,3
9223,9223,1503614339591,-1,0,3,-1,-1,0,-1,1
9224,9224,1503614339605,-4,-5,-7,-3,-1,-1,2,0
9225,9225,1503614339612,-1,-2,-1,-3,-1,-1,2,-3
9226,9226,1503614339621,-2,-3,-5,-3,-1,-1,0,0
9227,9227,1503614339635,2,9,1,0,0,-1,-2,-1
9228,9228,1503614339643,-5,-9,-5,-7,-5,-4,-2,-4
9229,9229,1503614339651,1,12,20,6,2,2,0,-1
9230,9230,1503614339666,-1,-5,-9,-3,-1,-1,2,-1
9231,9231,1503614339672,-4,-5,-11,-4,-1,-2,-1,1
9232,9232,1503614339681,2,9,11,4,2,2,1,0
9233,9233,1503614339695,3,-1,2,2,-1,-1,1,-1
9234,9234,1503614339703,-4,-3,-7,-5,-4,-2,-2,-1
9235,9235,1503614339711,-1,1,-5,-1,0,1,-1,0
9236,9236,1503614339726,1,0,-2,-2,-3,0,-3,-1
9237,9237,1503614339732,-3,-16,-10,-8,-7,-3,-3,-4
9238,9238,1503614339741,1,1,9,6,1,1,1,2
9239,9239,1503614339755,-3,4,2,3,0,1,0,1
9240,9240,1503614339763,0,-6,-10,-1,-1,0,-2,-2
9241,9241,1503614339771,0,0,1,-1,-2,-1,0,0
9242,9242,1503614339788,2,4,3,9,5,1,-2,-2
9243,9243,1503614339793,-2,1,0,0,1,0,-3,-2
9244,9244,1503614339800,-5,-3,0,-3,-5,0,0,0
9245,9245,1503614339801,2,-2,-2,-4,-2,-2,-1,0
9246,9246,1503614339815,-1,-1,0,2,0,-1,0,-1
9247,9247,1503614339824,-3,-4,-6,-3,-2,-2,-1,-1
9248,9248,1503614339830,0,4,0,0,0,1,0,3
9249,9249,1503614339846,0,4,3,-2,0,0,-1,1
9250,9250,1503614339855,2,-4,-4,-3,1,-1,-1,-1
9251,9251,1503614339861,-2,-2,-2,-1,1,-2,2,1
9597,9597,1503614343265,0,-3,-2,-4,-2,-1,0,-1
9598,9598,1503614343273,-3,-4,-7,2,0,-2,-2,-4
9599,9599,1503614343281,-8,-6,-2,-5,-2,-1,-3,-2
9600,9600,1503614343295,8,14,32,11,3,4,0,3
9601,9601,1503614343305,1,-2,-1,0,-2,0,-1,-1
9602,9602,1503614343310,-1,-7,-10,-2,-1,0,-3,2
9603,9603,1503614343311,-4,-7,-9,-4,-2,-2,-4,-5
9604,9604,1503614343325,1,3,7,3,1,-2,0,1
9605,9605,1503614343333,-3,-3,-7,-4,-2,0,0,3
9606,9606,1503614343341,0,-5,-11,-6,-2,-1,1,-4
9607,9607,1503614343355,-1,-1,-3,0,1,0,-1,2
9608,9608,1503614343363,0,1,-1,2,0,-1,1,1
9609,9609,1503614343372,-3,0,-3,0,-1,0,-1,-3
9610,9610,1503614343385,-2,-4,-8,-3,-5,-3,-3,-6
9611,9611,1503614343393,-2,-1,-1,-1,0,-2,-2,-2
9612,9612,1503614343401,3,8,8,3,1,1,0,3
9613,9613,1503614343415,1,-10,-10,-4,-1,0,1,-5
9614,9614,1503614343423,1,1,8,0,-1,0,-1,3
9615,9615,1503614343430,-4,-2,-6,-2,-2,0,0,1
9616,9616,1503614343445,3,9,-1,4,2,-1,-1,1
9617,9617,1503614343453,0,-1,0,-1,-2,-1,-3,-7
9618,9618,1503614343461,-6,-4,-6,-1,0,-2,-2,-11
9619,9619,1503614343475,3,5,4,0,0,-1,-1,0
9620,9620,1503614343483,6,1,4,0,1,0,0,-3
9621,9621,1503614343490,2,4,0,0,-1,-1,1,2
9622,9622,1503614343506,-1,-8,-5,-3,-4,-3,-2,3
9623,9623,1503614343514,-2,-8,-3,-1,0,-1,-2,0
9624,9624,1503614343521,-1,-3,-2,-1,0,3,3,10
9625,9625,1503614343535,6,3,-6,-4,-4,-2,-1,3
9626,9626,1503614343543,-1,-3,-5,-3,-1,-1,-1,-1
9627,9627,1503614343550,-10,-4,-3,0,0,-3,-3,-10
9628,9628,1503614343565,0,4,1,2,0,1,-1,-6
9629,9629,1503614343574,-12,-3,8,3,-1,-2,3,-3
9630,9630,1503614343581,0,2,4,-2,-1,1,-1,-2
9631,9631,1503614343595,4,9,10,1,0,3,3,6
9632,9632,1503614343603,0,1,0,-2,0,0,3,17
9633,9633,1503614343610,-1,11,8,1,0,1,3,4
9634,9634,1503614343625,-1,-6,-4,-3,-2,-5,-5,0
9635,9635,1503614343633,-7,-9,-8,-1,-1,-2,-3,-2
9636,9636,1503614343641,14,-2,-2,0,-1,-2,1,-6
9637,9637,1503614343655,5,-4,-5,0,-1,-1,-2,-3
9638,9638,1503614343663,-10,1,4,2,-1,-1,1,-1
9639,9639,1503614343670,3,-8,-8,-5,-1,-4,-3,-7
9640,9640,1503614343685,17,9,-5,3,1,3,-2,-2
9641,9641,1503614343693,0,-11,-9,-3,-1,2,-3,-4
9642,9642,1503614343701,-8,7,15,1,-1,0,-4,-10
9643,9643,1503614343715,-24,-9,-6,-1,0,-2,0,17
9644,9644,1503614343723,6,-5,-8,-4,-2,0,-5,-25
9645,9645,1503614343730,2,3,6,4,0,0,-1,-4
9646,9646,1503614343745,-15,-1,-5,-2,-2,-4,1,2
9647,9647,1503614343753,-13,2,2,0,2,-2,-3,-5
9648,9648,1503614343761,-26,-11,-10,-5,-4,1,-3,-5
9649,9649,1503614343775,17,3,-3,0,-1,1,0,-4
9650,9650,1503614343783,-3,-9,4,3,2,0,3,12
9651,9651,1503614343790,14,10,15,2,-1,2,3,-8
9652,9652,1503614343808,0,-15,-11,-5,-2,-1,0,13
9653,9653,1503614343813,-1,9,5,2,0,0,-2,-1
9654,9654,1503614343821,-27,-4,2,0,-1,-3,0,1
9655,9655,1503614343834,4,-8,-13,-7,-4,-2,-2,0
9656,9656,1503614343843,26,8,1,2,-2,0,-1,8
9657,9657,1503614343850,-1,-5,3,2,1,0,0,1
9658,9658,1503614343865,9,-14,-10,-3,0,-1,0,-5
9659,9659,1503614343875,16,-1,0,1,-1,-1,-1,3
9660,9660,1503614343881,4,11,2,1,-2,-4,-2,-2
9661,9661,1503614343895,-22,-17,-10,-4,1,1,-4,-7
9662,9662,1503614343903,-20,-3,-2,1,-1,-1,-2,-8
9663,9663,1503614343917,-8,-5,-2,-3,-5,-2,0,1
9664,9664,1503614343925,1,10,2,2,-1,2,0,-1
9665,9665,1503614343945,29,1,-1,-1,-3,1,1,1
9666,9666,1503614343946,27,3,0,-2,-2,-2,-1,10
9667,9667,1503614343955,4,2,0,-2,-1,1,-3,-3
9668,9668,1503614343963,-3,-3,-3,-2,-1,0,2,-3
9669,9669,1503614343970,1,-1,-1,2,-1,-4,-1,1
9670,9670,1503614343985,-4,-13,-6,-3,-1,1,-1,-1
9671,9671,1503614343993,69,8,6,-1,0,1,5,6
9672,9672,1503614344001,-3,1,2,-2,6,-2,-2,0
9673,9673,1503614344015,-8,7,-1,1,-1,-3,-2,-4
9674,9674,1503614344023,-10,-6,-3,-2,-5,0,-1,-3
9675,9675,1503614344030,-12,10,9,2,2,-3,-1,3
9676,9676,1503614344045,-16,-11,-2,-1,-3,-2,-1,-4
9677,9677,1503614344053,-12,17,15,4,4,-1,1,-2
9678,9678,1503614344068,-14,-1,-5,-4,1,1,0,-4
9679,9679,1503614344075,-50,-28,-10,-3,-3,-3,-6,-15
9680,9680,1503614344083,-19,-9,-2,0,-2,-3,-1,-1
9681,9681,1503614344097,29,13,-5,-3,-4,-2,0,6
9682,9682,1503614344105,11,1,-1,0,-1,-1,1,7
9683,9683,1503614344113,-3,1,2,4,8,6,2,7
9684,9684,1503614344128,18,10,-1,-3,-5,-3,-5,-3
9685,9685,1503614344134,-9,-6,-17,-7,-7,-3,-1,-1
9686,9686,1503614344143,9,8,-4,-1,2,1,1,-1
9687,9687,1503614344157,-3,-2,-10,-4,-7,-4,-1,-2
9688,9688,1503614344165,-5,2,3,1,-2,1,3,-1
9689,9689,1503614344176,-42,-13,-4,-2,-3,-2,-2,-5
9690,9690,1503614344188,17,11,9,4,1,-1,1,4
9691,9691,1503614344195,-3,-2,2,-2,-2,-2,-3,-1
9692,9692,1503614344203,-8,-1,-5,-5,-3,0,-1,-4
9693,9693,1503614344218,-7,-6,-2,-1,-2,1,0,-2
9694,9694,1503614344225,-4,1,-10,-5,-2,-5,-4,-1
9695,9695,1503614344234,21,-2,2,1,2,1,1,3
9696,9696,1503614344248,3,3,8,3,-1,-1,-3,-2
9697,9697,1503614344255,10,6,4,0,1,0,0,0
9698,9698,1503614344263,-4,-4,-2,-2,-2,1,-2,-5
10001,10001,1503614347210,-6,-1,2,2,0,0,-3,8
10002,10002,1503614347231,-16,-12,-1,-1,-2,0,-1,-5
10003,10003,1503614347233,17,23,17,1,2,-2,-1,2
10004,10004,1503614347241,-4,-3,3,0,0,0,0,-2
10005,10005,1503614347255,-12,-1,3,-1,0,0,-2,-2
10006,10006,1503614347263,2,0,2,2,-4,-1,-2,3
10007,10007,1503614347270,-11,-16,-17,-6,-2,-3,-3,0
10008,10008,1503614347285,-6,2,0,-1,2,1,0,-2
10009,10009,1503614347298,3,4,2,-1,0,0,-1,1
10010,10010,1503614347301,13,-3,-1,1,0,-2,0,4
10011,10011,1503614347315,24,33,10,3,-2,-1,2,3
10012,10012,1503614347327,-41,4,8,1,0,0,-4,-9
10013,10013,1503614347330,-2,-23,-11,1,-2,-4,-4,1
10014,10014,1503614347345,11,-20,-15,1,-2,0,-3,-3
10015,10015,1503614347353,-2,-9,-7,-4,-1,-1,-3,0
10016,10016,1503614347361,-6,-38,-29,-4,-3,-2,-1,3
10017,10017,1503614347375,-17,-24,-7,0,-4,-1,1,-4
10018,10018,1503614347383,-6,1,1,-5,0,-2,-4,-9
10019,10019,1503614347393,-2,13,3,1,2,0,0,-2
10020,10020,1503614347405,8,14,14,1,1,0,0,3
10021,10021,1503614347413,-9,6,6,0,0,1,0,-6
10022,10022,1503614347421,7,23,8,0,0,-2,0,3
10023,10023,1503614347435,-1,-9,-8,-4,-4,-1,0,11
10024,10024,1503614347443,-12,0,-1,-1,-3,0,-3,-20
10025,10025,1503614347450,6,-22,-21,-4,-3,-1,-3,-7
10026,10026,1503614347465,-1,5,9,1,-1,0,1,5
10027,10027,1503614347473,2,6,2,-1,-2,-3,-3,-2
10028,10028,1503614347481,-6,-1,-6,-4,0,0,0,1
10029,10029,1503614347495,-16,7,10,1,1,0,2,4
10030,10030,1503614347503,10,14,15,5,2,1,2,4
10031,10031,1503614347510,6,24,16,4,2,1,-2,0
10032,10032,1503614347526,-4,5,7,3,-3,1,0,0
10033,10033,1503614347533,4,-3,-5,-1,-3,-1,0,2
10034,10034,1503614347541,0,-5,-2,-2,0,-2,-1,5
10035,10035,1503614347555,-4,14,10,1,0,1,0,-8
10036,10036,1503614347570,6,0,-1,-1,-1,-1,3,10
10037,10037,1503614347571,-9,-11,-8,-3,0,-3,-3,-10
10038,10038,1503614347586,-6,-2,-2,0,1,0,-1,-5
10039,10039,1503614347594,11,5,2,-3,-4,0,-2,10
10040,10040,1503614347602,0,-5,-6,-1,-2,-4,-4,-10
10041,10041,1503614347615,-3,-10,-11,-2,0,-2,-3,-2
10042,10042,1503614347630,5,10,7,0,1,-1,-2,-2
10043,10043,1503614347631,3,-3,-6,-2,-1,-1,-1,1
10044,10044,1503614347646,-1,-2,-1,-1,0,-1,-1,6
10045,10045,1503614347653,5,-5,1,-2,-1,-1,2,19
10046,10046,1503614347661,-1,-6,0,-1,-2,1,-1,0
10047,10047,1503614347675,10,11,3,2,-2,0,-2,-10
10048,10048,1503614347683,-1,-3,-4,-2,0,-2,0,2
10049,10049,1503614347690,-3,-3,1,-3,-1,0,-2,1
10050,10050,1503614347706,-5,-2,-3,-1,1,0,0,1
10051,10051,1503614347713,-8,-4,-4,0,-1,-2,-2,-5
10052,10052,1503614347721,-4,-7,-5,-1,-3,-1,-1,-3
10053,10053,1503614347736,4,5,3,0,0,-7,0,1
10054,10054,1503614347750,0,3,-1,0,0,-1,-3,2
10055,10055,1503614347751,-4,-3,6,1,0,0,-1,-6
10056,10056,1503614347766,7,4,-8,-3,-1,-1,-1,-3
10057,10057,1503614347773,0,4,9,0,-1,0,0,4
10058,10058,1503614347781,-4,-2,2,1,0,0,-1,-3
10059,10059,1503614347795,1,-4,-7,-3,-1,0,-2,5
10060,10060,1503614347803,1,2,0,-1,0,-3,1,-2
10061,10061,1503614347817,-6,-11,-12,-4,-2,-1,0,2
10062,10062,1503614347828,1,3,-4,-3,-2,-1,-4,-3
10063,10063,1503614347833,4,-3,-8,-2,0,-1,-1,1
10064,10064,1503614347848,-12,-2,-5,-2,-4,-2,1,0
10065,10065,1503614347855,10,11,4,2,0,0,2,9
10066,10066,1503614347864,8,3,6,0,1,1,0,4
10067,10067,1503614347885,-11,0,3,1,0,0,-1,-9
10068,10068,1503614347886,-3,1,-6,-2,0,0,0,-1
10069,10069,1503614347895,-4,-4,-5,-1,-1,-2,-1,-4
10070,10070,1503614347908,-3,-4,-5,0,-1,-1,0,-7
10071,10071,1503614347915,-4,3,1,3,0,-1,-2,-5
10072,10072,1503614347923,3,8,6,0,-1,-1,0,3
10073,10073,1503614347937,-1,-5,-2,0,1,-1,-4,-2
10074,10074,1503614347945,-9,-9,-5,-4,-2,-2,-3,-4
10075,10075,1503614347953,-2,4,9,0,1,0,-1,-7
10076,10076,1503614347968,-2,-3,5,3,0,-2,0,2
10077,10077,1503614347975,-1,-8,-7,-3,-1,1,0,-3
10078,10078,1503614347983,-3,-12,-5,-3,-1,0,-4,-7
10079,10079,1503614347998,-2,-6,-3,-1,-1,1,0,-4
10080,10080,1503614348005,7,9,14,0,0,2,2,6
10081,10081,1503614348013,-4,1,-2,-2,-1,-1,-2,-4
10082,10082,1503614348028,-2,-1,-3,0,-2,1,-1,-3
10083,10083,1503614348036,-1,0,0,-3,-2,-2,-1,-3
10084,10084,1503614348043,2,3,8,0,1,0,-1,-1
10431,10431,1503614351388,-18,10,3,-4,-2,-1,-2,2
10432,10432,1503614351395,2,-9,3,-2,-3,1,2,30
10433,10433,1503614351403,16,38,19,9,6,4,4,19
10434,10434,1503614351413,-1,4,-1,1,3,2,3,10
10435,10435,1503614351425,-8,-25,-17,-9,-7,-4,-6,-4
10436,10436,1503614351432,8,-2,1,2,-1,1,4,1
10437,10437,1503614351448,-4,0,0,0,-1,-2,-2,-4
10438,10438,1503614351455,1,15,2,-1,1,1,1,-6
10439,10439,1503614351463,-4,-11,1,-1,1,1,1,-6
10440,10440,1503614351470,-3,9,4,1,0,-1,-3,-14
10441,10441,1503614351485,6,2,1,0,-2,0,2,21
10442,10442,1503614351492,-6,-6,-5,-4,-2,-1,-2,-5
10443,10443,1503614351508,-15,-18,-14,-4,-3,-4,-2,-5
10444,10444,1503614351515,-3,8,8,1,1,-1,0,-2
10445,10445,1503614351523,2,-7,-12,-4,-3,-2,-2,-10
10446,10446,1503614351537,-1,-13,-9,-2,-1,-1,-1,-2
10447,10447,1503614351546,-2,19,13,3,1,2,3,5
10448,10448,1503614351552,2,3,5,-4,0,-2,0,-1
10449,10449,1503614351553,-4,-12,-23,2,1,-3,-9,-45
10450,10450,1503614351568,-2,-2,1,0,2,-1,0,0
10451,10451,1503614351575,4,-10,-8,-6,-3,0,1,10
10452,10452,1503614351590,-4,8,8,1,2,0,-1,-11
10453,10453,1503614351597,-21,4,9,2,0,-2,-3,-18
10454,10454,1503614351614,2,-6,-5,-2,2,1,-2,0
10455,10455,1503614351628,-10,5,-3,2,1,1,-1,5
10456,10456,1503614351635,0,7,7,1,0,1,-2,2
10457,10457,1503614351643,-3,-21,-12,-3,-2,0,0,2
10458,10458,1503614351658,-9,12,14,1,-4,-2,-1,-1
10459,10459,1503614351665,0,11,8,2,-1,-3,-4,-12
10460,10460,1503614351672,-2,-10,-9,-5,1,-2,0,11
10461,10461,1503614351688,3,-9,-14,-3,-2,0,1,2
10462,10462,1503614351695,11,25,15,3,-1,-3,-1,9
10463,10463,1503614351703,-2,-2,1,-3,-2,-2,-1,-5
10464,10464,1503614351718,8,-4,3,1,-1,0,0,4
10465,10465,1503614351725,-7,-8,-5,-2,-1,-1,-2,-7
10466,10466,1503614351732,-4,-2,-1,0,0,0,-2,-3
10467,10467,1503614351748,-15,-8,-1,2,0,0,-3,-4
10468,10468,1503614351756,1,17,2,0,-1,1,3,-4
10469,10469,1503614351763,5,-1,-2,-3,0,1,-1,-29
10470,10470,1503614351778,-7,9,4,-3,-2,-2,-3,-4
10471,10471,1503614351786,-1,7,10,-4,-2,-1,0,1
10472,10472,1503614351793,-7,-20,-12,-3,0,1,1,3
10473,10473,1503614351807,-3,-11,-5,-2,-2,-3,1,4
10474,10474,1503614351815,8,5,-5,0,0,-3,0,25
10475,10475,1503614351823,20,41,25,8,2,1,0,9
10476,10476,1503614351837,1,-11,-9,-3,-1,1,3,-11
10477,10477,1503614351838,-9,-13,-2,1,-1,0,0,8
10478,10478,1503614351848,9,0,-4,-2,-4,-6,-2,18
10479,10479,1503614351859,11,0,1,1,1,0,1,1
10480,10480,1503614351867,6,7,10,4,2,2,1,-5
10481,10481,1503614351875,-5,-4,7,0,-1,1,0,-8
10482,10482,1503614351883,-8,-4,0,0,-2,1,0,-11
10483,10483,1503614351897,-7,1,0,-2,-2,0,-4,-12
10484,10484,1503614351905,4,6,-2,0,-2,-4,0,5
10485,10485,1503614351914,6,21,4,0,2,2,1,8
10486,10486,1503614351927,-19,-19,-12,-4,-3,-4,-3,-7
10487,10487,1503614351935,-3,-1,-3,-2,-2,-2,-1,-14
10488,10488,1503614351943,5,27,23,3,1,-2,0,-3
10489,10489,1503614351958,-12,-9,-5,-3,0,-2,-7,-18
10490,10490,1503614351965,4,22,17,2,1,1,1,1
10491,10491,1503614351972,6,-1,-2,0,-1,0,-1,4
10492,10492,1503614351988,-2,-19,-15,-4,-2,-1,-1,-2
10493,10493,1503614351995,0,-13,-11,-4,-4,-3,-2,3
10494,10494,1503614352003,-2,-35,-21,-8,-1,-1,2,27
10495,10495,1503614352018,-10,-17,-9,-2,-2,-4,-1,-2
10496,10496,1503614352026,-10,-14,-8,-3,1,-1,-3,-2
10497,10497,1503614352032,1,6,1,-2,1,-1,-2,-4
10498,10498,1503614352049,-7,-8,-10,-2,-1,0,-4,-38
10499,10499,1503614352055,3,-1,1,-1,-4,1,0,-6
10500,10500,1503614352063,-10,-2,-3,-1,-1,0,-3,-4
10501,10501,1503614352077,8,9,9,3,1,-2,1,4
10502,10502,1503614352085,0,20,13,3,0,3,5,26
10503,10503,1503614352092,8,-7,-2,-4,-4,0,0,7
10504,10504,1503614352108,1,-9,-6,0,0,-4,0,-3
10505,10505,1503614352115,-1,-17,-15,-2,0,-1,0,-3
10506,10506,1503614352124,12,-2,-6,-1,1,0,-1,3
10507,10507,1503614352137,-3,-3,-5,-5,-2,0,-3,-3
10508,10508,1503614352145,-4,-11,-10,-3,-1,-1,0,-7
10509,10509,1503614352152,-10,-6,-5,3,1,-2,0,-7
10510,10510,1503614352168,2,4,2,0,-2,0,-2,-2
10511,10511,1503614352175,-7,-4,2,-1,-3,-3,1,1
10512,10512,1503614352183,-12,5,6,1,0,2,-3,-12
10513,10513,1503614352197,8,7,2,0,2,2,0,3
10514,10514,1503614352207,6,5,-5,0,-3,-2,-1,-1
10515,10515,1503614352212,1,3,-1,2,2,-2,-1,7
10516,10516,1503614352228,-1,-24,-16,-7,-3,-4,-5,-7
10517,10517,1503614352235,-10,1,4,1,-3,1,-1,3
10518,10518,1503614352243,6,3,-4,0,-1,-2,0,2
10519,10519,1503614352261,0,2,8,2,1,2,1,5
10520,10520,1503614352265,2,3,6,-1,-1,1,0,3
10521,10521,1503614352272,11,-1,-2,-1,1,-2,0,2
10522,10522,1503614352288,-4,4,-2,0,-1,-2,-1,-2
10523,10523,1503614352295,2,7,13,2,-2,-2,-2,0
10524,10524,1503614352303,-2,-11,-13,0,-1,-2,-2,0
10525,10525,1503614352322,-8,7,3,0,-1,1,-1,-3
10526,10526,1503614352327,-5,2,6,0,0,-1,-1,-2
10527,10527,1503614352332,-2,-5,-6,-4,-2,-1,1,0
10528,10528,1503614352351,-10,-10,-1,0,-3,2,-3,-1
10529,10529,1503614352355,-4,-4,-3,-3,-3,-2,0,-6
10530,10530,1503614352363,2,5,-1,-2,0,-1,1,0
10531,10531,1503614352378,-2,-6,-8,0,1,1,0,1
10532,10532,1503614352386,11,-1,3,-1,-1,-1,1,6
10533,10533,1503614352393,5,-7,-6,-3,0,-1,0,6
10534,10534,1503614352408,6,1,-4,-1,-1,0,2,4
10535,10535,1503614352417,4,7,2,1,-1,2,-3,-3
10536,10536,1503614352423,5,8,5,-1,0,1,-1,-1
10537,10537,1503614352437,-1,5,4,-2,-1,-1,-3,-10
10538,10538,1503614352445,12,19,4,2,1,-2,-1,0
10539,10539,1503614352460,-6,-3,0,-1,0,-1,-1,-2
10540,10540,1503614352468,-4,-13,-4,1,1,-2,-1,-2
10541,10541,1503614352475,2,23,14,2,-1,-1,-2,-4
10542,10542,1503614352490,-4,-2,-4,-1,0,-1,-3,-3
10543,10543,1503614352497,2,7,5,2,-1,0,3,12
10544,10544,1503614352505,-6,-3,2,0,-2,0,2,-2
10545,10545,1503614352520,-3,-11,-8,-4,-2,-1,-2,1
10546,10546,1503614352528,-4,1,3,1,0,1,1,-1
10547,10547,1503614352535,6,-10,-6,0,-1,-1,1,3
10548,10548,1503614352551,-1,7,3,0,2,-3,0,21
10549,10549,1503614352557,-12,-17,-9,-2,0,-2,-2,-9
10550,10550,1503614352565,-1,7,8,-1,-2,-1,0,-5
10551,10551,1503614352580,1,-4,-9,-1,-2,-2,-4,-7
10552,10552,1503614352588,0,-6,-7,-3,-2,2,2,7
10553,10553,1503614352595,7,2,1,1,0,0,2,1
10554,10554,1503614352610,-7,-11,-5,-2,1,-3,-3,-2
10555,10555,1503614352618,-4,-1,-4,0,-1,-2,-3,-7
10556,10556,1503614352626,-5,5,4,-1,-2,-1,0,-6
10557,10557,1503614352641,1,1,1,0,0,0,1,0
10558,10558,1503614352648,-2,-5,0,-2,-2,-1,-2,-4
10559,10559,1503614352655,10,-1,-3,-1,0,0,1,3
10560,10560,1503614352670,2,-1,0,-1,-3,1,0,-4
10561,10561,1503614352677,-2,1,5,1,0,1,0,2
10562,10562,1503614352687,1,1,-4,-2,-2,-1,-1,-6
10563,10563,1503614352700,-6,-3,-4,-3,-1,-2,-2,-2
10564,10564,1503614352708,-2,-7,-2,0,-1,1,-2,1
10565,10565,1503614352715,-9,0,-2,-1,-1,-4,0,-1
10566,10566,1503614352730,0,-1,0,-2,0,-1,-1,-2
10567,10567,1503614352737,2,0,-2,-3,-2,-1,-2,-1
10568,10568,1503614352745,2,-2,-2,0,1,-3,2,-1
10569,10569,1503614352760,-3,-4,0,1,0,0,0,-2
10570,10570,1503614352761,-4,-3,-2,-2,-2,2,0,0
10571,10571,1503614352768,-2,0,-2,0,-2,1,-4,-1
10572,10572,1503614352775,0,-3,-2,-1,0,-2,0,0
10573,10573,1503614352790,-1,-1,-7,0,-1,1,-1,0
10574,10574,1503614352797,-2,1,-1,-1,-1,-3,-2,-2
10575,10575,1503614352805,0,-2,1,-2,-1,0,-1,-3
10576,10576,1503614352820,1,2,-1,-3,1,-1,-1,2
10577,10577,1503614352829,-4,-5,-7,-1,-1,0,-1,-3
10578,10578,1503614352835,0,2,2,0,-3,0,-2,-2
10579,10579,1503614352850,6,6,-2,-4,-2,-1,0,1
10580,10580,1503614352858,4,1,6,1,1,-2,-1,2
10581,10581,1503614352859,-8,-3,-2,-2,-1,-1,-2,-1
10582,10582,1503614352865,-1,-1,0,1,0,-3,-2,-1
10583,10583,1503614352866,1,0,4,0,0,-4,0,-2
10584,10584,1503614352880,2,2,4,1,-3,0,0,-5
10585,10585,1503614352888,-9,-2,0,-3,-2,1,-1,-9
10586,10586,1503614352895,-1,-2,-2,3,0,-1,-1,-1
10587,10587,1503614352910,0,1,8,0,-2,-2,0,5
10588,10588,1503614352919,-3,-7,-12,-4,-1,-1,-2,1
10589,10589,1503614352927,1,-8,-8,-3,0,-1,-2,-1
10590,10590,1503614352940,0,3,3,2,1,0,1,1
10591,10591,1503614352948,7,10,-1,0,0,1,1,4
10592,10592,1503614352955,5,4,5,1,1,0,0,4
10593,10593,1503614352970,-4,-5,-2,0,-1,-1,-2,0
10594,10594,1503614352977,2,3,1,-3,-1,-1,-1,-1
10595,10595,1503614352988,-2,-4,0,0,-1,-2,-1,-5
10596,10596,1503614353000,1,-2,-1,-1,-2,-1,0,-2
10597,10597,1503614353008,-6,-3,0,-1,-2,-1,-1,0
10598,10598,1503614353015,-1,-4,-3,-3,-2,-3,-2,-2
10599,10599,1503614353030,1,-2,-3,0,2,-2,0,1
10600,10600,1503614353037,-2,-4,-3,-1,-1,-2,-1,-1
10601,10601,1503614353045,-1,-2,1,-1,-1,0,-1,-1
10602,10602,1503614353063,2,-4,-6,-2,0,2,-1,-3
10603,10603,1503614353068,4,6,-3,-3,-3,0,-4,0
10604,10604,1503614353075,-4,-1,-4,-2,-3,0,-1,0
10605,10605,1503614353090,-2,0,1,-2,1,-3,1,-1
10606,10606,1503614353097,1,7,12,5,1,-3,-2,-1
10607,10607,1503614353105,2,7,-5,-1,-1,-2,1,1
10608,10608,1503614353124,-5,-9,-5,-4,-2,0,1,-2
11064,11064,1503614357628,0,-2,-1,2,1,-1,0,0
11065,11065,1503614357643,-2,6,-1,0,-2,-2,-1,-5
11066,11066,1503614357650,0,-3,-4,-3,-4,-2,-3,-5
11067,11067,1503614357657,-4,-11,-6,-5,-1,1,-3,7
11068,11068,1503614357672,0,10,-5,1,-1,-3,-2,-3
11069,11069,1503614357680,2,3,9,4,0,1,-1,-1
11070,11070,1503614357688,-5,-5,-5,-3,0,-1,0,-3
11071,11071,1503614357702,-4,-2,-3,-3,1,-2,-1,-3
11072,11072,1503614357713,-1,-2,2,1,-1,-3,-1,-5
11073,11073,1503614357718,5,-1,4,4,-3,-1,1,8
11074,11074,1503614357732,-4,0,-1,-5,-1,0,1,-2
11075,11075,1503614357740,-4,-23,-17,-2,2,0,2,-8
11076,11076,1503614357748,0,-11,-7,-1,-1,3,1,1
11077,11077,1503614357762,1,13,17,4,1,-2,-1,0
11078,11078,1503614357770,-1,-3,-1,-3,-2,-4,-4,1
11079,11079,1503614357778,-1,-1,-3,-1,-1,-1,-4,-3
11080,11080,1503614357792,2,3,5,1,-1,-1,0,1
11081,11081,1503614357800,-6,-8,-2,0,-1,-2,-2,-3
11082,11082,1503614357811,-1,3,4,0,2,2,0,1
11083,11083,1503614357822,-1,1,-4,-5,0,1,-1,2
11084,11084,1503614357830,2,-2,-2,4,3,-1,-1,1
11085,11085,1503614357837,-3,-5,-4,-3,-2,-2,-3,-5
11086,11086,1503614357853,-1,7,5,2,-1,-1,1,-3
11087,11087,1503614357860,0,-2,-9,-4,-2,-1,-2,-3
11088,11088,1503614357868,1,-1,2,-1,-2,-1,-2,4
11089,11089,1503614357883,-5,-4,-5,-3,-2,1,-1,-3
11090,11090,1503614357890,5,22,-2,3,0,1,0,-5
11091,11091,1503614357897,3,12,8,0,-4,-3,-4,1
11092,11092,1503614357913,-9,-19,-15,-8,-5,-1,-1,0
11093,11093,1503614357920,3,8,8,3,4,-2,2,2
11094,11094,1503614357928,0,-3,0,-1,1,-2,-4,-5
11095,11095,1503614357945,-2,-9,-3,-4,-2,0,2,8
11096,11096,1503614357950,0,-1,-4,-2,0,1,0,5
11097,11097,1503614357957,0,-4,-4,-4,1,-2,-2,-4
11098,11098,1503614357972,-6,-3,-3,-1,0,-1,-1,-4
11099,11099,1503614357980,8,27,22,8,1,2,0,-1
11100,11100,1503614357995,-5,-20,-5,-3,-1,-3,-3,-1
11101,11101,1503614358002,0,3,5,2,-1,-1,1,-2
11102,11102,1503614358018,0,1,7,5,1,-2,0,-1
11103,11103,1503614358019,-3,-11,-16,-3,-2,-5,-2,-1
11104,11104,1503614358032,2,19,9,-2,-1,2,2,1
11105,11105,1503614358040,-2,1,-1,0,1,4,-1,-2
11106,11106,1503614358048,-1,-2,-1,1,0,1,-2,0
11107,11107,1503614358062,-2,-6,-2,-2,-3,-1,-2,-1
11108,11108,1503614358070,-4,-8,-6,-5,-4,-2,-2,-2
11109,11109,1503614358084,9,10,1,1,2,4,1,2
11110,11110,1503614358092,-2,-3,-2,-3,-2,-4,-1,-2
11111,11111,1503614358100,-4,-6,-2,2,2,2,-2,-3
11112,11112,1503614358117,2,-3,-3,-2,2,1,1,1
11113,11113,1503614358122,0,-2,-4,-4,-4,-5,0,-1
11114,11114,1503614358130,1,4,7,0,-1,0,-2,6
11115,11115,1503614358147,-4,-3,4,-1,-1,1,-5,-5
11116,11116,1503614358152,3,-3,-1,1,2,2,5,8
11117,11117,1503614358160,0,-2,-1,-1,-1,-2,-1,-5
11118,11118,1503614358175,-1,-2,-2,-1,-1,-1,-4,-6
11119,11119,1503614358182,-2,-6,-4,-2,-2,-4,0,2
11120,11120,1503614358190,4,1,-1,3,0,-2,3,-1
11121,11121,1503614358204,-6,2,-1,-4,-4,-1,-2,-6
11122,11122,1503614358214,-2,-5,-4,-6,-3,-2,-3,2
11123,11123,1503614358220,-4,-4,-2,-2,-1,-3,-3,-8
11124,11124,1503614358221,8,7,5,3,2,1,2,3
11125,11125,1503614358235,-5,-3,-1,-2,-1,2,-1,-6
11126,11126,1503614358242,-5,-9,-7,-5,-2,0,-2,2
11127,11127,1503614358250,-1,1,-2,1,-3,-3,-1,-2
11128,11128,1503614358264,1,2,-1,2,0,-1,3,0
11129,11129,1503614358272,-5,-6,-3,0,-1,-2,-4,-8
11130,11130,1503614358281,8,8,-8,-2,0,0,5,16
11131,11131,1503614358295,3,-1,0,0,-1,-1,0,1
11132,11132,1503614358302,-3,1,2,1,0,-1,-2,-3
11133,11133,1503614358303,-8,-12,-3,-2,-2,-3,-3,-7
11134,11134,1503614358310,-5,3,2,-3,0,-5,-4,-4
11135,11135,1503614358324,2,9,10,2,0,-1,-2,-2
11136,11136,1503614358332,-1,-6,-10,-4,-1,-4,-1,-2
11137,11137,1503614358333,-3,-7,-4,-3,-2,-2,0,-2
11138,11138,1503614358340,-1,1,-4,0,0,-4,0,-4
11139,11139,1503614358355,-2,-5,-6,-2,0,2,-1,-6
11140,11140,1503614358362,-4,-3,1,-1,0,0,-3,-2
11141,11141,1503614358370,1,12,-1,-3,-2,-3,1,-1
11142,11142,1503614358384,-2,-2,2,1,-1,1,-2,-3
11143,11143,1503614358392,4,-2,1,0,-2,0,1,2
11144,11144,1503614358400,0,9,8,3,1,-1,-1,2
11145,11145,1503614358415,-2,-2,2,0,0,-3,-1,1
11146,11146,1503614358422,-11,-16,-18,-8,-5,-3,-2,-7
11147,11147,1503614358430,3,8,9,4,1,4,-1,2
11148,11148,1503614358444,-2,-9,-3,-5,-5,2,0,-1
11149,11149,1503614358452,3,9,8,2,2,0,-1,1
11150,11150,1503614358460,0,-2,0,-1,2,-1,-2,-1
11151,11151,1503614358475,-1,-4,6,3,-1,-2,-1,1
11152,11152,1503614358484,-2,5,-4,-4,0,-2,-3,-6
11153,11153,1503614358490,2,1,1,3,1,-2,-1,-2
11154,11154,1503614358504,-3,-17,-4,-4,-2,-1,-1,0
11584,11584,1503614362736,-3,3,-2,-1,-1,-2,-1,6
11585,11585,1503614362742,-7,-13,-3,-2,-2,2,-3,-30
11586,11586,1503614362757,-1,-1,6,1,0,-1,2,8
11587,11587,1503614362765,2,-8,-7,0,-3,0,-2,-5
11588,11588,1503614362773,3,1,0,-2,-2,0,-2,2
11589,11589,1503614362787,3,-6,-7,-3,-2,-3,-2,3
11590,11590,1503614362795,-4,6,3,3,1,0,1,-3
11591,11591,1503614362803,-4,1,4,-5,0,-1,1,8
11592,11592,1503614362817,-2,-6,-1,-2,-3,0,0,-4
11593,11593,1503614362824,0,19,0,1,1,2,-2,3
11594,11594,1503614362833,5,-6,6,0,2,-1,-1,-11
11595,11595,1503614362835,1,-1,-4,2,1,2,4,-1
11596,11596,1503614362847,-4,-2,-6,-3,-3,-4,-3,-2
11597,11597,1503614362855,-6,-7,-6,1,-1,-1,-6,-12
11598,11598,1503614362862,3,5,1,-1,-1,0,1,0
11599,11599,1503614362878,1,-7,-5,-3,0,-2,-5,7
11600,11600,1503614362884,-3,-10,-6,-2,-3,-3,2,0
11601,11601,1503614362893,3,12,14,6,-2,-1,0,3
11602,11602,1503614362907,12,-1,2,-3,-2,-1,6,35
11603,11603,1503614362915,-10,-9,-10,-4,-1,0,-2,-13
11604,11604,1503614362922,-8,-2,1,5,-1,-1,-7,-27
11605,11605,1503614362938,5,-4,0,-4,-3,-1,3,9
11606,11606,1503614362946,0,6,7,3,1,2,-2,-5
11607,11607,1503614362953,-4,-2,-12,-3,1,0,-3,-3
11608,11608,1503614362971,0,-7,7,3,0,-1,1,2
11609,11609,1503614362976,5,9,19,4,3,0,2,-2
11610,11610,1503614362982,-14,-3,-2,-3,1,1,-5,-17
11611,11611,1503614362997,4,-1,-9,-1,-4,-5,2,26
11612,11612,1503614363005,-5,5,2,0,-1,-1,-2,-9
11613,11613,1503614363013,-6,3,1,0,-1,4,-2,-9
11614,11614,1503614363027,4,3,-3,-4,-1,-2,0,9
11615,11615,1503614363038,3,-2,-4,-2,0,-5,-2,-1
11616,11616,1503614363042,-3,-6,-4,0,-2,-1,-1,-4
11617,11617,1503614363057,1,5,4,-1,-1,0,-3,-8
11618,11618,1503614363064,10,6,0,0,2,-1,3,28
11619,11619,1503614363073,-7,-5,-11,-5,-5,-3,-2,-10
11620,11620,1503614363087,-1,-1,-7,0,-1,-1,-1,-1
11621,11621,1503614363095,1,1,-5,0,-1,0,-3,-5
11622,11622,1503614363104,-3,-2,3,2,-1,0,-1,-6
11623,11623,1503614363117,-4,-3,-3,-2,0,-1,-2,-5
11624,11624,1503614363124,4,27,13,3,1,1,2,-2
11625,11625,1503614363140,-1,-9,-4,-2,-2,-1,-2,4
11626,11626,1503614363147,-4,-11,-10,-4,0,-1,2,-5
11627,11627,1503614363155,-2,2,8,-2,1,1,1,-1
11628,11628,1503614363162,-1,2,16,2,-3,0,1,10
11629,11629,1503614363177,0,-5,-7,-1,-1,-1,-2,-1
11630,11630,1503614363184,-2,1,-4,-1,-3,-1,-4,-14
11631,11631,1503614363193,7,12,8,1,0,1,3,7
11632,11632,1503614363208,2,-3,-3,-2,-2,-3,-3,2
11633,11633,1503614363215,1,-8,-8,-1,-2,-1,0,0
11634,11634,1503614363222,1,-13,-5,-3,-2,-1,-1,5
11635,11635,1503614363238,-3,-3,7,2,2,-2,2,-3
11636,11636,1503614363245,-2,-4,2,2,1,-1,-1,-6
11637,11637,1503614363253,2,-3,3,-2,-2,-1,0,19
11638,11638,1503614363267,0,-7,-12,-3,0,-1,1,2
11639,11639,1503614363268,1,8,13,6,3,1,0,3
11640,11640,1503614363275,-2,8,-5,-3,-1,-2,-2,-7
11641,11641,1503614363282,-1,-1,-11,-6,-2,0,-1,-3
11642,11642,1503614363297,-4,-8,-8,-1,-3,-1,-4,-13
11643,11643,1503614363305,1,3,-11,-2,0,0,-2,-5
11644,11644,1503614363313,-5,-9,0,2,-1,1,-2,-13
11645,11645,1503614363327,-6,-5,4,1,-2,-1,-3,-8
11646,11646,1503614363335,-2,-9,0,-3,2,-2,0,11
11647,11647,1503614363342,1,3,6,-1,-1,-2,0,1
11648,11648,1503614363357,-9,-7,-7,-3,-2,0,-2,-7
11649,11649,1503614363365,-1,-5,-4,-2,-4,0,1,2
11650,11650,1503614363373,2,2,2,2,-1,1,1,-4
11651,11651,1503614363387,4,1,-4,-1,-2,-1,0,14
11652,11652,1503614363395,0,2,-1,-1,-1,-1,-2,-9
11653,11653,1503614363402,1,15,-5,-1,-2,-5,-4,-7
11654,11654,1503614363417,1,-3,-10,-1,-1,2,-1,15
11655,11655,1503614363425,-5,-13,-16,-6,-1,-1,-5,-8
11656,11656,1503614363432,5,18,15,7,1,-1,2,0
11657,11657,1503614363448,-3,-6,-5,-5,-4,-2,2,-1
11658,11658,1503614363455,1,2,3,-4,-1,0,1,2
11659,11659,1503614363462,0,-4,0,-5,-3,-3,-3,0
11660,11660,1503614363477,-5,-8,-5,-2,-2,-1,-2,-8
11661,11661,1503614363484,1,12,6,-1,0,2,4,2
11662,11662,1503614363493,-5,-9,-5,-7,-4,-4,-1,-4
11663,11663,1503614363507,-1,1,21,9,3,4,1,-12
11664,11664,1503614363515,-5,-5,-8,-4,-2,-1,1,-3
11665,11665,1503614363522,-4,-1,2,3,1,-2,-4,-17
11666,11666,1503614363538,2,-7,-14,-4,-3,-1,2,5
11667,11667,1503614363539,-1,-4,0,1,-2,-3,-3,-3
11668,11668,1503614363545,-3,-5,-5,0,-1,-2,1,-1
11669,11669,1503614363553,1,0,-3,1,-3,-1,-5,-2
11670,11670,1503614363567,0,4,-2,-1,-2,-2,-3,-6
11671,11671,1503614363575,5,8,5,4,4,0,0,6
11672,11672,1503614363582,-5,-9,-10,-1,1,-1,-2,-6
11673,11673,1503614363597,-2,-3,-2,0,-2,0,-2,-10
11674,11674,1503614363607,1,-5,-6,-4,-1,0,1,10
11675,11675,1503614363613,5,26,23,8,1,0,2,0
11676,11676,1503614363627,2,-5,-5,0,-2,0,0,9
11677,11677,1503614363635,-5,-12,-11,-7,-3,-2,-4,0
11678,11678,1503614363642,13,30,28,5,1,0,3,18
11679,11679,1503614363657,0,-2,-9,-2,2,-3,1,2
11680,11680,1503614363665,-4,-10,-6,-3,-2,-6,0,-5
11681,11681,1503614363680,-4,-3,-2,-1,-1,0,-3,-15
11682,11682,1503614363687,-7,-40,-26,-10,-4,-1,-5,4
11683,11683,1503614363695,-4,-7,3,5,1,-1,-1,-1
11684,11684,1503614363709,1,-3,-2,-1,-1,1,0,0
11685,11685,1503614363717,-2,1,-3,-4,-2,1,4,6
11686,11686,1503614363725,-5,1,-1,-3,-2,-2,-2,2
11687,11687,1503614363741,1,-2,1,-1,0,-3,-2,7
11688,11688,1503614363747,-5,-15,-5,-1,1,0,1,1
12214,12214,1503614368922,3,2,-1,-1,0,0,1,0
12215,12215,1503614368929,0,1,7,2,0,-1,-1,-5
12216,12216,1503614368937,0,4,5,2,2,1,2,-2
12217,12217,1503614368951,0,2,2,-2,-2,0,0,-1
12218,12218,1503614368959,3,15,27,4,2,2,1,2
12219,12219,1503614368967,-4,-8,-13,-4,-2,-3,-1,-3
12220,12220,1503614368982,0,6,9,0,-1,0,-2,-1
12221,12221,1503614368990,-9,-3,1,0,-2,0,0,-3
12222,12222,1503614368998,1,-3,-11,-4,-2,0,0,-4
12223,12223,1503614369011,0,0,-7,-2,-1,-3,1,2
12224,12224,1503614369019,-15,-9,-9,-2,-2,-1,-2,-5
12225,12225,1503614369027,-9,-6,-7,-4,-1,-2,-1,-8
12226,12226,1503614369042,4,-3,-2,1,-3,-3,-2,-2
12227,12227,1503614369049,7,-1,-2,1,0,0,-3,4
12228,12228,1503614369057,0,9,-4,-1,0,-2,-2,2
12229,12229,1503614369071,2,-5,-1,-2,-1,-1,0,-1
12230,12230,1503614369079,-2,-8,-6,-1,-1,0,-2,-1
12231,12231,1503614369087,-5,1,3,1,0,0,-5,-4
12232,12232,1503614369102,7,10,5,1,1,1,-1,1
12233,12233,1503614369109,6,2,-3,-4,-3,0,0,-1
12234,12234,1503614369117,3,0,2,1,-1,-3,1,3
12235,12235,1503614369134,3,2,7,3,0,2,0,0
12236,12236,1503614369139,-11,-7,-4,-3,-1,-1,-1,-7
12237,12237,1503614369147,-5,2,0,-1,-1,-4,-1,0
12238,12238,1503614369162,2,-2,-7,-2,-1,0,1,1
12239,12239,1503614369170,-2,5,2,2,1,2,0,-11
12240,12240,1503614369177,12,1,-4,1,0,-1,0,9
12241,12241,1503614369191,1,-3,-4,-3,0,-3,-3,-2
12242,12242,1503614369201,2,4,5,1,1,-1,0,8
12243,12243,1503614369202,-6,-8,-7,-3,-3,-2,-4,-4
12244,12244,1503614369207,-3,0,2,-2,-1,2,-1,-4
12245,12245,1503614369222,-5,-4,-2,-2,-2,-3,-2,0
12246,12246,1503614369229,-2,-3,-3,0,1,0,0,2
12247,12247,1503614369237,-2,-7,-8,-3,-1,-1,-1,-2
12248,12248,1503614369251,-1,-4,12,2,-2,1,-2,1
12249,12249,1503614369261,-2,-4,-5,-1,-1,0,-1,-9
12250,12250,1503614369274,-3,-6,1,-2,0,2,1,-3
12251,12251,1503614369282,-7,0,3,-1,-2,-1,-2,-5
12252,12252,1503614369289,2,7,-5,-3,0,-1,0,4
12253,12253,1503614369304,-3,-6,-3,-3,1,0,-1,1
12254,12254,1503614369311,1,2,1,-1,-1,0,-1,1
12255,12255,1503614369319,2,-1,0,0,-2,2,1,1
12256,12256,1503614369336,-4,-5,-10,-3,-1,-4,-2,6
12257,12257,1503614369342,8,1,2,-2,1,-2,1,5
12258,12258,1503614369349,4,4,2,1,0,0,2,1
12259,12259,1503614369364,9,0,-2,1,-2,1,1,-4
12260,12260,1503614369371,1,10,10,1,0,-2,-2,-4
12261,12261,1503614369379,-5,0,3,0,1,1,0,-1
12262,12262,1503614369394,2,-7,-7,-3,-3,-2,1,3
12263,12263,1503614369402,-2,-1,0,-3,-1,-1,-1,-2
12264,12264,1503614369410,-3,11,14,1,-1,1,1,-2
12265,12265,1503614369424,-2,2,9,3,-1,-1,0,-4
12266,12266,1503614369431,1,-1,2,1,1,-1,-1,-1
12267,12267,1503614369439,-1,1,1,-2,-2,-2,0,1
12268,12268,1503614369454,-3,-3,-2,1,-2,1,-2,-4
12269,12269,1503614369462,-4,-5,-1,0,1,-1,-1,-2
12270,12270,1503614369471,0,0,4,0,0,-3,1,-1
12271,12271,1503614369484,3,10,16,2,-3,0,2,1
12272,12272,1503614369491,-4,-2,-5,-2,-1,0,-2,-3
12273,12273,1503614369499,-2,-1,-4,-1,-1,0,-1,-1
12274,12274,1503614369514,-3,-10,-8,-2,-2,-2,-2,0
12275,12275,1503614369521,-1,7,3,1,-2,3,-1,-1
12276,12276,1503614369522,-1,-6,-11,-2,0,-1,-3,-3
12277,12277,1503614369538,-2,-4,-9,-4,-3,-2,-2,3
12278,12278,1503614369544,-8,-1,1,0,1,-1,-2,2
12279,12279,1503614369551,0,-2,-2,-2,0,-3,-2,-2
12280,12280,1503614369559,6,5,-3,-2,-2,0,-1,-1
12281,12281,1503614369574,-4,-5,-6,-4,1,0,-1,-3
12282,12282,1503614369582,-1,-4,-5,0,-1,-2,-1,3
12283,12283,1503614369589,1,-4,-7,-2,-2,-2,-1,-5
12284,12284,1503614369606,-6,-1,1,1,-1,-1,-2,-2
12285,12285,1503614369611,1,0,-4,0,-1,1,-1,-3
12286,12286,1503614369612,-1,-3,-2,1,-2,1,0,-2
12287,12287,1503614369619,0,-5,-4,-3,-2,-3,-1,3
12288,12288,1503614369638,1,0,2,2,0,0,-2,0
12289,12289,1503614369642,1,-2,-1,0,-2,-4,-2,-1
12290,12290,1503614369647,-6,-5,1,-1,-2,-1,-1,-2
12291,12291,1503614369649,5,7,1,-3,0,-1,-1,0
12292,12292,1503614369664,-4,-3,-6,0,1,1,-2,-1
12293,12293,1503614369672,-3,-3,-3,0,0,0,-2,-7
12294,12294,1503614369680,-7,-2,-1,-3,-1,2,-1,-4
12295,12295,1503614369694,2,-1,0,2,1,-2,1,6
12296,12296,1503614369704,-5,-4,-6,-1,-1,-1,-1,-4
12297,12297,1503614369709,2,1,6,1,-1,-1,0,2
12298,12298,1503614369710,-1,6,3,1,0,-2,0,4
12299,12299,1503614369724,-9,-3,0,-3,0,-3,-2,-6
12300,12300,1503614369731,-3,1,2,-1,-1,2,0,0
12301,12301,1503614369740,5,-3,-7,-1,-3,-3,-1,-1
12302,12302,1503614369754,4,-8,-5,-3,-3,-2,1,-2
12303,12303,1503614369762,4,12,8,2,-1,0,0,3
12304,12304,1503614369771,-8,-8,-6,-2,0,-2,0,-5
12305,12305,1503614369772,0,-3,-2,-2,-4,-1,-2,0
12306,12306,1503614369784,2,-1,-1,-3,-1,0,1,1
12307,12307,1503614369791,-2,4,3,2,0,-2,-3,0
12308,12308,1503614369799,3,8,11,1,2,2,1,0
12309,12309,1503614369814,3,-6,-3,-1,0,1,0,-1
12310,12310,1503614369822,11,6,0,-2,-1,-5,-2,1
12311,12311,1503614369829,-4,0,0,-1,-1,-1,0,-4
12312,12312,1503614369845,1,-8,-7,-4,0,-2,-2,-6
12313,12313,1503614369851,1,-5,-7,-4,0,-1,1,-2
12314,12314,1503614369861,2,-2,6,4,1,2,0,-4
12874,12874,1503614375416,-3,2,1,1,1,1,1,-2
12875,12875,1503614375424,7,7,5,0,-1,0,0,4
12876,12876,1503614375439,2,0,-1,-1,-2,-1,-4,-2
12877,12877,1503614375446,0,-2,-4,-2,-1,-1,0,-6
12878,12878,1503614375454,-7,-1,-2,-1,-1,0,-3,-2
12879,12879,1503614375472,1,2,6,1,2,0,0,-2
12880,12880,1503614375478,-3,1,1,-1,-1,-3,1,-2
12881,12881,1503614375484,2,-5,-11,2,1,0,1,7
12882,12882,1503614375499,9,8,14,0,0,1,-3,-3
12883,12883,1503614375507,-1,-1,-2,-1,-2,-1,-2,-1
12884,12884,1503614375514,3,3,0,0,-2,1,-1,4
12885,12885,1503614375529,6,5,1,-1,0,-2,0,0
12886,12886,1503614375536,-5,-5,-4,-3,0,-4,-2,-3
12887,12887,1503614375544,-9,-9,-8,-7,-3,-4,-2,-5
12888,12888,1503614375558,-10,-5,-5,-3,0,0,0,1
12889,12889,1503614375566,-2,-1,0,-2,-1,1,0,-2
12890,12890,1503614375575,-1,0,0,1,0,-4,-3,-3
12891,12891,1503614375589,-10,-3,0,-1,0,-1,-2,-10
12892,12892,1503614375596,4,2,4,0,-2,3,2,3
12893,12893,1503614375604,2,5,10,3,0,0,1,2
12894,12894,1503614375618,-7,-1,2,-1,-1,-2,1,-2
12895,12895,1503614375626,0,-8,-8,-4,-2,-1,-2,-6
12896,12896,1503614375635,4,6,1,0,-1,0,-2,-6
12897,12897,1503614375649,-3,2,-1,-2,0,-1,0,2
12898,12898,1503614375656,-3,-1,-2,-2,-3,-2,1,-1
12899,12899,1503614375665,0,-3,-8,0,-1,-3,1,2
12900,12900,1503614375678,2,-1,-4,-1,0,-2,0,2
12901,12901,1503614375686,-4,7,6,0,0,-2,-3,-3
12902,12902,1503614375694,0,-4,-1,3,0,-2,-2,1
12903,12903,1503614375709,2,-4,-1,-2,-2,0,-1,-1
12904,12904,1503614375715,-1,1,2,-2,-3,-3,1,0
12905,12905,1503614375724,0,4,7,3,0,0,1,5
12906,12906,1503614375738,-5,-2,1,0,-1,0,-1,-2
12907,12907,1503614375747,-10,-3,-2,-3,-4,-2,0,-7
12908,12908,1503614375755,1,-4,-7,-4,-3,0,0,2
12909,12909,1503614375769,1,1,-2,0,1,-1,-1,-1
12910,12910,1503614375776,0,-2,-3,-3,-1,-1,0,1
12911,12911,1503614375784,1,-3,-8,-5,-3,-3,-2,1
12912,12912,1503614375835,-2,-2,-5,-1,-1,3,0,-2
12913,12913,1503614375836,-2,-3,-2,-1,-1,-4,-3,0
12914,12914,1503614375840,-1,-5,-6,-1,2,-3,-1,4
12915,12915,1503614375857,5,-4,-2,-2,0,1,-1,2
12916,12916,1503614375858,-2,-1,-1,0,-4,0,2,-4
12917,12917,1503614375869,1,0,-1,0,1,1,0,0
12918,12918,1503614375882,-4,-2,-4,-1,-2,-2,-3,-2
12919,12919,1503614375889,4,1,0,1,0,-1,0,5
12920,12920,1503614375896,-7,0,5,0,1,-1,0,-3
12921,12921,1503614375911,-4,-1,-1,-3,-2,-1,-2,-4
12922,12922,1503614375926,3,2,2,3,-1,-1,1,1
12923,12923,1503614375928,2,51,1,2,0,2,-1,1
12924,12924,1503614375941,-1,12,5,-1,0,-2,-1,0
12925,12925,1503614375949,-2,-28,7,0,0,-1,0,1
12926,12926,1503614375956,2,-24,-12,-5,-2,2,-1,2
12927,12927,1503614375971,0,-17,-3,-2,-1,-1,-1,0
12928,12928,1503614375978,5,-8,-5,1,-1,0,-1,2
12929,12929,1503614375986,-7,-8,-3,-1,-1,0,0,-2
12930,12930,1503614376002,-3,0,-1,-1,-1,-1,-3,-12
12931,12931,1503614376009,-4,-3,-1,1,0,-3,0,-3
12932,12932,1503614376017,0,3,-1,-1,-1,-1,-2,1
12933,12933,1503614376031,2,3,5,1,0,2,-2,0
12934,12934,1503614376039,0,-3,2,-1,0,0,0,2
12935,12935,1503614376040,-2,-1,-10,-4,-2,-7,-1,-1
12936,12936,1503614376046,5,10,7,2,-2,1,0,-1
12937,12937,1503614376062,-3,-3,-2,-3,0,0,-2,0
12938,12938,1503614376069,-2,-2,-5,1,0,0,-2,-2
12939,12939,1503614376077,1,1,-2,0,1,1,1,2
12940,12940,1503614376091,-6,-4,-3,-1,-2,-2,-3,-2
12941,12941,1503614376099,1,0,0,0,-2,-3,-1,1
12942,12942,1503614376107,0,-3,-2,-2,-3,-2,1,-1
12943,12943,1503614376122,-5,2,0,-1,-1,0,1,1
12944,12944,1503614376129,1,-1,-4,-3,0,-2,2,-2
12945,12945,1503614376157,1,4,4,1,0,-3,-3,0
12946,12946,1503614376158,-12,-6,-6,-5,-2,-2,-3,-3
12947,12947,1503614376160,-1,-11,-12,-3,-3,1,0,-2
12948,12948,1503614376168,1,-3,-2,-1,2,-3,-1,3
12949,12949,1503614376182,-2,-6,-7,-3,-1,1,-3,-1
12950,12950,1503614376189,0,3,-2,-3,-1,0,0,1
12951,12951,1503614376197,2,8,-4,-1,-2,-2,-1,-1
12952,12952,1503614376211,3,2,3,3,-1,-2,-1,2
12953,12953,1503614376219,-3,-2,0,-4,-1,-3,-3,-3
12954,12954,1503614376226,2,-1,1,2,0,0,-2,-4
12955,12955,1503614376242,-2,0,2,-2,-1,0,-1,-5
12956,12956,1503614376249,0,-11,-10,-1,-2,0,-1,-2
12957,12957,1503614376258,-5,0,4,2,0,1,-1,-1
12958,12958,1503614376272,-3,-8,-8,-4,-1,-1,-2,-2
12959,12959,1503614376279,1,-2,1,0,-1,-3,1,-1
12960,12960,1503614376286,5,3,1,-2,1,0,0,8
12961,12961,1503614376303,-7,0,4,2,1,0,-2,0
12962,12962,1503614376309,0,3,2,-1,-1,-2,3,-3
12963,12963,1503614376317,0,-1,-4,-3,-2,-2,0,-5
12964,12964,1503614376331,4,6,8,1,0,-1,0,-5
12965,12965,1503614376339,4,-3,4,0,0,0,3,-1
12966,12966,1503614376346,0,0,-1,1,-1,0,-2,-3
12967,12967,1503614376362,1,2,0,-1,0,-2,0,3
12968,12968,1503614376370,-1,-3,-3,-2,-2,-3,-2,0
12969,12969,1503614376384,-2,-2,-1,2,-3,2,-4,-1
12970,12970,1503614376391,-1,-2,-2,0,-1,0,-1,-4
12971,12971,1503614376392,-3,-2,0,-1,1,2,-1,3
12972,12972,1503614376399,0,0,-2,-3,1,-1,-1,-1
12973,12973,1503614376407,-12,4,5,1,-2,-2,-1,-8
12974,12974,1503614376422,-23,0,-4,0,0,-3,0,-1
12975,12975,1503614376429,-9,15,12,3,1,0,2,11
12976,12976,1503614376445,17,0,-2,0,-1,2,0,3
12977,12977,1503614376451,11,-8,-8,-1,0,-1,-1,-4
12978,12978,1503614376460,13,-5,-2,-1,-1,0,-1,-1
12979,12979,1503614376467,9,-3,2,-2,-2,-4,-4,-1
12980,12980,1503614376482,2,-7,-10,-5,-3,-4,-1,-1
12981,12981,1503614376489,1,-3,0,1,1,0,1,2
12982,12982,1503614376510,1,7,3,1,-1,-1,2,2
12983,12983,1503614376512,0,-7,-10,-6,-2,2,2,3
12984,12984,1503614376520,-3,-5,0,1,0,0,-1,-1
12985,12985,1503614376527,-1,0,-1,0,0,-2,-2,-4
12986,12986,1503614376542,0,0,1,1,2,1,0,0
12987,12987,1503614376549,-2,0,-3,-1,-2,-2,0,-4
12988,12988,1503614376567,-3,6,4,1,0,-2,-3,-3
12989,12989,1503614376574,1,-2,-5,-3,-2,0,1,3
12990,12990,1503614376581,-9,-13,-9,-1,-2,-1,-1,-3
12991,12991,1503614376594,-3,-5,1,0,-1,-2,0,1
12992,12992,1503614376603,0,3,3,0,0,-2,-1,1
12993,12993,1503614376610,-1,-2,-3,-5,-2,-1,-4,-6
12994,12994,1503614376624,-1,2,8,1,0,0,0,-4
12995,12995,1503614376631,0,6,10,0,2,0,1,2
12996,12996,1503614376641,-5,13,6,1,-1,1,-3,-2
12997,12997,1503614376647,0,3,2,2,-1,1,-3,-2
12998,12998,1503614376662,-1,-7,-2,-4,-1,-2,-1,0
12999,12999,1503614376671,-4,-4,-6,0,-2,-2,0,-7
13000,13000,1503614376684,-2,-3,-6,-1,1,-2,-1,-4
13001,13001,1503614376691,0,-1,0,1,-2,-2,-1,-1
13002,13002,1503614376699,0,-1,-3,-4,-1,0,1,0
13003,13003,1503614376707,5,14,19,3,1,0,2,5
13004,13004,1503614376722,1,-6,-1,0,-1,-1,-1,2
13401,13401,1503614380630,2,10,5,-1,0,0,-1,3
13402,13402,1503614380643,-8,-12,-7,-5,-4,-3,-1,-13
13403,13403,1503614380644,-2,0,-3,-2,0,-2,-1,-3
13404,13404,1503614380651,-6,-8,-4,-1,-1,-1,2,9
13405,13405,1503614380659,1,1,0,-2,1,2,1,5
13406,13406,1503614380674,8,29,29,10,4,2,1,2
13407,13407,1503614380681,10,8,-9,-1,0,0,2,16
13408,13408,1503614380689,-11,-10,-9,-3,-1,-1,1,5
13409,13409,1503614380703,-7,-3,1,-4,-3,-1,-1,-7
13410,13410,1503614380711,5,6,-7,-2,0,0,-2,-9
13411,13411,1503614380719,-1,-4,-4,-2,-2,-2,0,4
13412,13412,1503614380734,-6,-10,-5,-3,-3,-2,-1,-5
13413,13413,1503614380741,-2,5,5,1,0,0,-2,-1
13414,13414,1503614380749,2,-4,-2,1,-3,-1,-3,4
13415,13415,1503614380763,-4,0,1,-1,-1,0,0,-3
13416,13416,1503614380771,-1,-3,-1,0,1,-2,-2,-6
13417,13417,1503614380779,-1,4,3,-2,-1,-1,-2,-3
13418,13418,1503614380794,3,3,7,2,-1,1,-2,-6
13419,13419,1503614380801,-3,-2,-1,0,-1,-3,-3,-1
13420,13420,1503614380809,-3,-4,-4,-1,-2,-4,-3,1
13421,13421,1503614380827,4,-1,2,1,2,2,1,7
13422,13422,1503614380834,0,4,5,1,-1,1,1,-4
13423,13423,1503614380839,-3,-1,0,-2,-3,0,-3,-3
13424,13424,1503614380868,0,-1,2,-1,1,-3,0,-3
13425,13425,1503614380869,-2,0,-2,-2,-1,1,-3,-2
13426,13426,1503614380895,3,-1,-2,-2,0,1,0,1
13427,13427,1503614380899,-2,-1,2,0,0,-1,0,-1
13428,13428,1503614380915,1,2,7,1,-1,-3,1,1
13429,13429,1503614380921,0,3,-2,-2,-2,1,-1,-5
13430,13430,1503614380932,-6,-16,-15,-7,-1,-4,-3,-8
13431,13431,1503614380943,2,27,33,10,2,0,1,0
13432,13432,1503614380951,0,1,-2,-2,-3,-1,-2,-2
13433,13433,1503614380960,-3,-5,-3,0,-2,-1,-1,-2
13434,13434,1503614380974,-2,-3,-1,0,-1,-4,0,1
13435,13435,1503614380981,2,-3,-5,-2,-1,0,0,3
13436,13436,1503614380989,1,-3,-3,-3,-1,0,-2,-1
13437,13437,1503614381003,2,-5,-5,-1,1,0,0,-2
13438,13438,1503614381011,-6,-5,-7,-2,-1,-1,-2,-1
13439,13439,1503614381018,3,11,5,2,1,-1,0,2
13440,13440,1503614381019,-5,-22,-10,-3,-2,-2,0,0
13441,13441,1503614381035,0,-1,8,3,0,1,-1,3
13442,13442,1503614381041,-2,-10,-16,-5,-4,-2,-2,-3
13443,13443,1503614381048,0,6,-2,1,0,0,-3,-2
13444,13444,1503614381064,0,-3,-5,-3,-2,-1,0,-7
13445,13445,1503614381071,1,4,3,1,0,0,2,3
13446,13446,1503614381087,-2,3,0,0,1,-1,-2,2
13447,13447,1503614381094,-6,-18,-1,-2,0,0,1,-2
13448,13448,1503614381102,3,15,19,6,3,3,-1,1
13449,13449,1503614381108,-2,-3,-9,-2,-1,-4,-2,-2
13450,13450,1503614381124,0,2,0,-2,-2,-3,-3,-3
13451,13451,1503614381131,-2,0,-1,0,-2,-1,-1,-1
13452,13452,1503614381147,-1,8,-4,-2,-2,-2,1,3
13453,13453,1503614381154,4,5,-6,1,1,-2,-1,-1
13454,13454,1503614381162,3,1,4,2,1,0,2,0
13455,13455,1503614381169,0,-13,-8,-2,0,-2,-2,-1
13456,13456,1503614381184,-2,-6,-1,-7,-2,1,-2,2
13457,13457,1503614381191,-1,0,-1,0,-2,1,0,2
13458,13458,1503614381207,-4,-7,-13,-7,-5,-3,-4,-3
13459,13459,1503614381214,2,6,9,3,1,-3,0,1
13460,13460,1503614381222,-1,2,-1,1,4,0,0,0
13461,13461,1503614381230,-3,3,4,-2,-1,0,1,-2
13462,13462,1503614381244,-3,-4,-4,-2,-2,-1,0,0
13463,13463,1503614381251,2,12,11,2,-1,1,-2,2
13464,13464,1503614381273,-2,6,0,1,-2,-2,-1,-6
13465,13465,1503614381276,2,1,3,-1,-3,1,-1,1
13466,13466,1503614381282,-2,-7,-4,-3,-1,-1,-2,-2
13467,13467,1503614381289,0,2,-2,-1,-2,-1,-3,0
13468,13468,1503614381305,-1,-5,-2,2,2,0,-2,0
13469,13469,1503614381311,-2,4,3,1,-1,-2,-1,-6
13470,13470,1503614381329,1,-4,-1,0,-1,-3,-1,0
13471,13471,1503614381334,-3,-7,-10,-1,0,1,-2,-3
13472,13472,1503614381342,0,1,0,1,1,-1,-1,-1
13473,13473,1503614381349,1,0,-3,-2,-2,-3,0,-1
13474,13474,1503614381365,-1,1,2,-2,-3,0,1,-2
13475,13475,1503614381371,-1,2,2,0,2,-1,-1,-1
13476,13476,1503614381387,-1,-3,-2,-1,1,-3,-2,-1
13477,13477,1503614381395,-1,-4,-1,-3,-1,-1,0,1
13478,13478,1503614381402,0,0,-1,1,-2,0,1,0
13479,13479,1503614381416,-2,-1,-4,-4,-2,0,-2,-6
13480,13480,1503614381424,1,1,0,-1,0,-2,1,-1
13481,13481,1503614381431,-2,-2,-2,-2,0,0,-1,1
14034,14034,1503614386869,-8,-10,-9,-2,-2,0,-3,-7
14035,14035,1503614386876,-1,-1,5,0,0,-2,1,-3
14036,14036,1503614386884,-2,1,8,1,2,2,-2,-3
14037,14037,1503614386898,-2,3,3,1,1,2,1,-1
14038,14038,1503614386907,0,2,1,2,-1,-1,0,4
14039,14039,1503614386913,-4,-8,-5,-2,-1,-5,-3,-1
14040,14040,1503614386929,3,5,1,0,1,-3,-2,-6
14041,14041,1503614386936,6,-7,-3,-2,-3,1,0,8
14042,14042,1503614386944,-11,-3,-1,0,-2,-2,0,-5
14043,14043,1503614386959,-3,2,0,-1,0,1,-2,-3
14044,14044,1503614386966,1,-8,-7,-4,-2,1,1,2
14045,14045,1503614386973,-10,4,12,4,1,-4,-1,-4
14046,14046,1503614386990,-1,-6,-3,-2,1,-1,-3,-3
14047,14047,1503614386996,0,-4,-7,-4,-2,0,0,-7
14048,14048,1503614387011,-4,4,5,0,1,0,-2,0
14049,14049,1503614387018,0,7,3,3,0,-1,2,7
14050,14050,1503614387026,5,2,0,-1,-1,0,-1,1
14051,14051,1503614387041,-5,-7,-4,-1,0,-1,-2,-4
14052,14052,1503614387049,-2,1,0,1,0,-1,0,-6
14053,14053,1503614387057,3,5,5,-2,-4,0,-3,-2
14054,14054,1503614387071,0,-7,-13,-4,-2,-2,2,4
14055,14055,1503614387078,1,-6,-6,0,2,0,0,-10
14056,14056,1503614387086,-2,4,4,0,1,-2,0,-3
14057,14057,1503614387101,-1,-3,-2,-1,-5,4,-3,2
14058,14058,1503614387109,-2,-7,-11,-3,-2,-1,-2,-2
14059,14059,1503614387116,-1,-1,-1,-4,1,-2,0,0
14060,14060,1503614387131,6,-1,1,0,-1,-2,0,9
14061,14061,1503614387138,3,1,-2,0,0,-2,-2,-1
14062,14062,1503614387146,-1,0,0,-2,0,-1,-1,-4
14063,14063,1503614387161,-1,-6,-11,-1,-1,0,0,4
14064,14064,1503614387169,-2,4,2,2,0,1,-1,-2
14065,14065,1503614387176,1,-2,4,0,0,-1,-1,5
14066,14066,1503614387191,-4,1,2,0,-2,-4,-4,-7
14067,14067,1503614387199,-1,-1,-1,-1,0,-2,-1,0
14068,14068,1503614387206,-2,-2,-2,-1,-1,0,1,2
14069,14069,1503614387221,3,5,4,1,-1,1,0,3
14070,14070,1503614387229,7,3,2,3,0,-2,-1,-4
14071,14071,1503614387236,-3,-4,-4,-2,-1,-3,-1,-8
14072,14072,1503614387251,-3,0,9,-3,0,-2,-3,-3
14073,14073,1503614387263,-1,-4,1,-2,-1,-1,-1,1
14074,14074,1503614387268,0,2,2,1,-1,0,1,5
14075,14075,1503614387281,-1,-1,3,-1,4,-2,-1,0
14076,14076,1503614387291,2,-2,-2,-4,-3,-1,1,1
14077,14077,1503614387296,-5,1,-2,-1,-6,0,0,-1
14078,14078,1503614387311,-4,-4,-1,4,-1,1,-1,0
14079,14079,1503614387318,-2,-2,1,1,0,-2,-1,1
14080,14080,1503614387327,-3,-1,-2,-3,-2,-1,-3,-9
14081,14081,1503614387341,2,0,0,0,2,2,0,-1
14082,14082,1503614387349,-2,-2,-3,-3,0,2,0,-2
14083,14083,1503614387358,0,0,1,-1,-1,-3,-1,0
14084,14084,1503614387371,-2,0,0,-1,0,-1,2,1
14085,14085,1503614387378,-1,0,0,-4,-3,-1,0,-6
14086,14086,1503614387387,3,1,1,1,3,-1,-3,2
14087,14087,1503614387401,1,6,2,1,3,-2,1,1
14088,14088,1503614387409,1,4,8,4,-2,2,-1,3
14089,14089,1503614387416,1,-3,-5,-1,-1,0,-2,0
14090,14090,1503614387432,-1,-3,-4,-3,-1,-1,-2,-1
14091,14091,1503614387439,-1,2,1,0,-1,-1,-3,-2
14092,14092,1503614387454,-2,-4,-5,-3,-2,0,0,4
14093,14093,1503614387463,0,-2,-4,0,-2,-1,-1,-2
14094,14094,1503614387469,-1,-2,-1,-3,-2,0,1,5
14095,14095,1503614387476,-1,-4,-2,-1,-1,1,3,1
14096,14096,1503614387493,0,-1,-2,-1,-2,-1,2,-4
14097,14097,1503614387499,-1,-1,-2,-3,-1,-2,-1,-3
14098,14098,1503614387507,-2,-4,-3,-1,-1,-1,-3,-2
14099,14099,1503614387521,-1,3,5,2,1,1,-2,-1
14100,14100,1503614387529,-1,0,0,1,-1,-1,-5,-23
14101,14101,1503614387536,-3,-5,-4,-3,-2,-4,-3,-4
14102,14102,1503614387552,-2,-4,-4,-1,-3,-3,1,4
14103,14103,1503614387560,1,2,0,-2,-3,-1,-1,-2
14104,14104,1503614387568,1,3,7,-1,1,0,0,-5
14105,14105,1503614387582,-7,-13,-6,-2,0,0,-2,1
14106,14106,1503614387589,-2,2,10,3,0,1,-1,-4
14107,14107,1503614387596,2,-4,0,1,0,-2,-1,3
14108,14108,1503614387611,-3,-3,-8,-4,-1,-4,0,-2
14109,14109,1503614387618,-5,-13,-13,-5,-1,-1,-1,-4
14110,14110,1503614387626,-1,-5,-6,0,0,2,1,6
14111,14111,1503614387641,-3,7,6,-1,-1,1,-3,-9
14112,14112,1503614387649,2,7,3,2,-1,-1,-4,-11
14113,14113,1503614387656,0,-3,-6,-2,-3,-2,-2,-3
14114,14114,1503614387671,-3,-2,-14,-5,-1,-1,0,3
14115,14115,1503614387678,2,-9,-2,0,-3,-2,1,6
14116,14116,1503614387686,1,-12,-5,-4,0,-1,0,3
14117,14117,1503614387702,-1,-2,0,-1,-2,0,0,-5
14118,14118,1503614387709,1,5,2,-2,-2,-1,-2,-5
14119,14119,1503614387716,-3,4,-1,0,1,2,1,-2
14120,14120,1503614387732,-5,0,-3,1,2,-1,-1,9
14121,14121,1503614387738,8,7,9,2,-4,-2,-1,16
14122,14122,1503614387746,-3,-5,-6,-3,-2,2,-3,-8
14123,14123,1503614387747,0,3,6,-2,0,0,2,6
14124,14124,1503614387761,0,10,3,0,3,-1,0,-3
14125,14125,1503614387769,-8,-9,-7,-4,-1,-1,0,-7
14126,14126,1503614387776,7,10,13,4,-1,-2,2,5
14127,14127,1503614387794,4,-1,-1,0,-1,2,1,4
14128,14128,1503614387799,-6,-4,-6,-2,-1,3,-1,-2
14129,14129,1503614387807,1,1,-2,-1,-1,-5,-4,4
14130,14130,1503614387821,6,1,-2,0,3,-1,2,24
14131,14131,1503614387829,0,-3,1,0,-2,0,1,-3
14132,14132,1503614387837,-6,2,0,-2,-1,-1,-1,-13
14133,14133,1503614387851,12,8,4,1,-1,0,2,36
14134,14134,1503614387861,2,7,0,-3,0,1,-1,-12
14135,14135,1503614387866,-7,3,1,2,-1,-3,-6,-14
14136,14136,1503614387881,-3,-2,-5,-3,-2,-1,-2,0
14137,14137,1503614387889,-2,-1,-6,-1,0,-1,-2,-12
14138,14138,1503614387896,-3,-6,-5,-1,-1,-5,-2,-2
14139,14139,1503614387911,-1,-5,-3,-1,-2,0,1,4
14140,14140,1503614387918,-2,-5,-4,-2,-3,2,-3,-8
14141,14141,1503614387933,-5,1,0,-1,0,0,0,-4
14142,14142,1503614387941,12,-1,-1,1,-1,-1,4,22
14143,14143,1503614387949,2,5,-1,-8,-5,1,0,-6
14144,14144,1503614387963,-3,5,-2,0,0,-1,-2,-7
14145,14145,1503614387971,4,7,2,4,0,0,1,13
14146,14146,1503614387978,3,-3,1,-1,-1,-1,1,-1
14147,14147,1503614387994,-7,-8,-5,-5,-3,0,2,-4
14148,14148,1503614388001,-5,-1,-2,0,2,-3,-4,3
14149,14149,1503614388009,-1,-6,-1,0,-3,-4,0,-5
14150,14150,1503614388023,-3,-1,3,1,-2,2,-1,-15
14151,14151,1503614388032,-2,-7,-5,-3,-2,-4,-4,-2
14152,14152,1503614388038,-8,4,-2,0,1,-2,-2,-11
14153,14153,1503614388053,0,-21,-16,-4,0,3,-1,11
14154,14154,1503614388062,4,0,9,5,2,0,1,2
14155,14155,1503614388070,-8,-3,-1,-2,-1,-3,-3,-21
14156,14156,1503614388083,-3,-8,-10,-5,-6,-1,-3,-1
14157,14157,1503614388091,2,22,16,7,3,1,0,-13
14158,14158,1503614388098,-1,1,-2,-1,0,-1,-1,-4
14159,14159,1503614388113,0,-4,-3,-2,-1,-1,-4,-4
14160,14160,1503614388121,3,-6,-4,-1,-2,0,1,-3
14161,14161,1503614388131,2,-1,-1,-1,0,-2,2,10
14162,14162,1503614388143,-1,2,-3,-3,0,-2,-3,4
14163,14163,1503614388151,-1,6,5,2,1,-1,-1,-1
14164,14164,1503614388158,-5,-3,-4,0,-2,0,-2,-12
14165,14165,1503614388173,-6,-4,0,0,0,1,-6,-10
14166,14166,1503614388181,-3,3,10,1,0,-1,-2,-4
14167,14167,1503614388189,-4,-10,-4,-1,-4,-4,-1,-1
14168,14168,1503614388204,-1,2,0,-1,0,-1,0,2
14169,14169,1503614388211,3,4,1,-2,-1,-1,-2,5
14170,14170,1503614388218,3,-1,0,0,-2,0,1,11
14171,14171,1503614388233,7,6,2,0,0,1,3,12
14172,14172,1503614388241,-7,-8,-4,-4,-2,1,-2,-5
14173,14173,1503614388249,1,1,-1,-3,-2,1,1,2
14174,14174,1503614388264,0,-3,-5,-2,1,-2,0,3
14175,14175,1503614388271,6,-2,4,3,1,-2,-1,7
14176,14176,1503614388278,4,17,19,5,0,0,0,-1
14177,14177,1503614388293,-4,-4,-5,-2,-1,-4,1,-3
14178,14178,1503614388301,0,-1,4,2,-1,-3,0,3
14179,14179,1503614388309,3,2,8,6,7,4,-1,-2
14180,14180,1503614388323,-4,-6,-10,-3,1,2,-1,-8
14181,14181,1503614388332,0,5,1,-3,-4,-1,0,-2
14182,14182,1503614388338,3,-3,-2,0,-3,-1,-3,11
14183,14183,1503614388353,-6,-3,-6,-3,-1,-2,-1,-11
14184,14184,1503614388366,-8,-16,3,-2,-3,-2,-3,-12
14185,14185,1503614388369,2,-4,5,3,-2,-1,-3,1
14186,14186,1503614388383,-2,-2,-3,0,0,-1,0,-12
14187,14187,1503614388391,-3,2,-8,-5,-2,-2,-3,-9
14188,14188,1503614388399,2,-7,-11,-3,-1,-2,-2,6
14189,14189,1503614388413,0,0,-6,1,-2,0,-1,-3
14190,14190,1503614388421,-5,5,3,-1,-1,2,4,-1
14191,14191,1503614388430,7,16,9,0,2,2,2,7
14192,14192,1503614388443,3,6,-3,1,-2,-3,2,8
14193,14193,1503614388451,-5,-7,-5,-4,-6,-4,-2,-4
14194,14194,1503614388458,-1,-1,-3,-5,-1,-2,-2,5
14195,14195,1503614388473,-6,-3,-3,1,1,-1,-1,-6
14196,14196,1503614388481,0,2,-1,1,1,-4,-2,3
14197,14197,1503614388489,-3,-10,-5,-3,-1,-1,2,4
14198,14198,1503614388505,5,12,12,2,-2,0,-1,1
14199,14199,1503614388511,-5,-1,-7,-6,-1,-1,-1,-13
14200,14200,1503614388521,0,10,0,1,0,2,0,-3
14201,14201,1503614388534,3,-2,2,1,0,-4,-1,7
14202,14202,1503614388541,-1,-7,-8,-3,-2,0,-6,-7
14203,14203,1503614388549,-1,0,3,2,-1,-4,-1,-2
14204,14204,1503614388573,1,6,12,4,1,2,1,6
14205,14205,1503614388574,-7,-15,-5,-1,-2,0,-1,-12
14206,14206,1503614388578,6,2,15,5,4,2,2,12
14207,14207,1503614388593,1,-5,-6,-1,-1,1,1,3
14208,14208,1503614388601,-4,-24,-24,-10,-4,-4,-1,-4
14209,14209,1503614388609,2,-4,7,2,2,-2,-1,0
14210,14210,1503614388627,-1,-2,-9,-4,-3,-2,-2,3
14211,14211,1503614388635,1,0,-7,-5,-3,-2,-1,9
14212,14212,1503614388639,-3,-2,0,1,1,-2,-4,-10
14213,14213,1503614388653,-2,7,5,2,1,0,-2,-3
14214,14214,1503614388661,-5,-2,-5,1,-1,-1,3,-13
14215,14215,1503614388669,1,3,1,-2,1,0,-3,6
14216,14216,1503614388683,-10,-15,-7,-3,-2,1,-3,-16
14217,14217,1503614388691,-1,1,5,1,0,1,2,-7
14218,14218,1503614388700,1,4,-8,-2,0,-2,-1,-2
14219,14219,1503614388714,6,15,18,7,1,1,0,6
14220,14220,1503614388721,2,-5,-5,-5,-4,-1,0,9
14221,14221,1503614388736,-2,5,-7,-3,-1,1,-1,-4
14222,14222,1503614388743,-1,0,0,-2,-1,0,3,7
14223,14223,1503614388751,-3,-5,-3,0,-2,-2,-1,1
14224,14224,1503614388758,6,-4,-1,-4,0,-1,3,16
14225,14225,1503614388774,0,-3,-7,-2,-3,-1,0,0
14226,14226,1503614388781,-1,5,7,1,0,-3,0,-5
14227,14227,1503614388789,0,0,0,-2,-2,0,-1,0
14228,14228,1503614388803,0,6,0,-2,-4,1,-2,-4
14604,14604,1503614392509,1,11,11,4,1,1,1,3
14605,14605,1503614392524,-1,1,2,0,-4,2,0,-5
14606,14606,1503614392531,8,9,3,0,2,-1,0,0
14607,14607,1503614392538,0,0,2,-1,0,-1,0,4
14608,14608,1503614392554,-6,-4,-3,-4,-2,-1,-1,-10
14609,14609,1503614392561,6,9,0,-4,-3,-1,1,-17
14610,14610,1503614392576,-8,-15,-6,-4,-2,-1,-5,9
14611,14611,1503614392590,3,3,-7,-1,1,-1,1,-7
14612,14612,1503614392591,-5,-2,3,0,-1,-3,-4,3
14613,14613,1503614392593,5,2,-1,0,1,1,4,12
14614,14614,1503614392606,-3,-10,-12,-5,-1,-1,-4,4
14615,14615,1503614392614,-5,-9,-6,0,-4,-4,-1,7
14616,14616,1503614392621,1,6,2,1,-1,1,10,-6
14617,14617,1503614392636,2,-4,-2,-3,0,-3,0,5
14618,14618,1503614392643,9,14,17,7,1,4,-2,5
14619,14619,1503614392654,-5,-16,-20,-8,-3,-2,-2,-10
14620,14620,1503614392666,-6,-15,-9,0,1,-2,0,7
14621,14621,1503614392674,-8,-4,0,3,-1,-1,-8,-48
14622,14622,1503614392681,-1,-8,-5,-2,-3,-6,-8,3
14623,14623,1503614392696,0,27,10,3,1,3,2,-4
14624,14624,1503614392703,-1,-1,1,-2,2,2,2,4
14625,14625,1503614392711,-3,-13,-11,-5,-4,1,-5,-4
14626,14626,1503614392726,2,-4,-7,-6,-3,0,2,6
14627,14627,1503614392734,-5,0,3,1,2,-1,2,3
14628,14628,1503614392741,-4,-5,-2,-2,-1,-3,-4,-12
14629,14629,1503614392756,4,10,7,2,2,-1,2,8
14630,14630,1503614392763,7,19,7,5,0,2,-2,-1
14631,14631,1503614392771,2,-4,-4,0,-5,-2,-6,-10
14632,14632,1503614392786,0,-1,-7,-5,-2,-1,0,-12
14633,14633,1503614392794,3,11,11,3,3,0,1,-3
14634,14634,1503614392801,-12,-12,-11,-6,-5,-1,3,-7
14635,14635,1503614392816,5,-6,3,1,0,1,1,16
14636,14636,1503614392823,-2,-6,-3,0,0,-2,0,7
14637,14637,1503614392831,-2,-2,1,0,1,0,-1,-6
14638,14638,1503614392846,1,-1,-2,1,0,-2,-3,4
14639,14639,1503614392854,5,-4,0,-1,0,-1,-3,3
14640,14640,1503614392861,-2,-12,-8,-3,-2,-2,-2,1
14641,14641,1503614392876,4,20,13,3,-2,1,3,12
14642,14642,1503614392884,1,11,10,1,2,-1,-2,-5
14643,14643,1503614392892,8,-5,-8,-3,0,0,0,8
14644,14644,1503614392906,-2,-9,-2,1,0,0,1,7
14645,14645,1503614392914,-10,-12,-10,-4,-1,-4,-2,2
14646,14646,1503614392921,-1,-5,-2,0,-3,-1,-2,-1
14647,14647,1503614392936,-4,-3,-4,-3,0,1,1,3
14648,14648,1503614392943,-4,11,10,1,2,1,2,-1
14649,14649,1503614392953,-6,-15,-8,-1,-3,-1,-2,-9
14650,14650,1503614392966,9,10,4,0,-3,-1,0,18
14651,14651,1503614392974,-3,-6,-1,1,-2,-3,-1,-5
14652,14652,1503614392980,-3,-11,3,-2,-2,-3,0,13
14653,14653,1503614392981,-3,-20,-16,-5,1,-1,-2,-12
14654,14654,1503614392996,-1,-16,-13,-1,0,2,2,3
14655,14655,1503614393003,-15,-26,-23,-8,-6,-6,-8,-5
14656,14656,1503614393011,-12,2,6,2,2,0,1,0
14657,14657,1503614393026,10,4,10,1,1,2,5,9
14658,14658,1503614393034,16,13,1,-7,-5,-6,-1,13
14659,14659,1503614393041,-2,-59,-41,-8,-1,0,-4,-1
14660,14660,1503614393057,-18,-34,0,2,0,1,-3,-5
14661,14661,1503614393063,5,26,1,3,0,3,2,14
14662,14662,1503614393071,-22,-22,-12,-8,-7,-7,-3,-11
14663,14663,1503614393087,6,4,-14,4,2,1,0,0
14664,14664,1503614393094,22,18,-9,-5,-2,-2,1,5
14665,14665,1503614393101,-8,-3,4,-3,-2,-3,-7,-18
14666,14666,1503614393116,5,-15,-4,-3,-2,-2,-3,6
14667,14667,1503614393124,-6,-2,-1,0,-3,-6,-2,-6
14668,14668,1503614393131,8,8,16,4,0,3,0,-3
14669,14669,1503614393146,-7,14,10,-3,2,-3,-2,8
14670,14670,1503614393154,3,3,-7,1,2,1,9,33
14671,14671,1503614393161,0,-17,4,4,2,3,2,-9
14672,14672,1503614393176,4,32,22,8,4,8,0,-7
14673,14673,1503614393183,-11,12,6,-2,-1,-4,0,-7
14674,14674,1503614393191,-2,1,-17,-8,-4,-2,-2,-21
14675,14675,1503614393206,3,13,10,2,0,2,1,3
14676,14676,1503614393222,4,6,6,0,-1,-2,0,13
14677,14677,1503614393236,-12,-7,-3,-2,-2,-6,-4,-7
14678,14678,1503614393243,8,13,6,3,1,2,-1,-2
14679,14679,1503614393251,4,8,1,2,1,-1,-1,7
14680,14680,1503614393266,5,3,4,0,-2,0,1,7
14681,14681,1503614393274,-8,-4,-11,1,1,0,-3,-7
14682,14682,1503614393281,5,15,16,4,1,0,0,-5
14683,14683,1503614393296,-4,13,12,0,-2,-4,-4,-13
14684,14684,1503614393303,-3,14,9,-2,-1,4,2,-3
14685,14685,1503614393311,-7,-6,2,-2,1,1,-1,-1
14686,14686,1503614393326,-8,-5,0,-1,-1,-1,1,-11
14687,14687,1503614393334,8,20,18,4,1,1,0,-2
14688,14688,1503614393341,-1,-14,-6,-4,0,-1,1,19
15014,15014,1503614396483,6,-5,0,2,-2,-1,-2,13
15015,15015,1503614396491,1,4,-1,0,0,-2,1,-1
15016,15016,1503614396506,-25,-6,-8,-3,-1,-5,-6,-46
15017,15017,1503614396514,-4,6,7,-2,-1,-3,0,12
15018,15018,1503614396520,-10,5,5,5,-6,3,-1,2
15019,15019,1503614396537,-10,-5,-9,-3,-3,0,-2,-11
15020,15020,1503614396543,18,-3,-3,-5,2,-4,-1,16
15021,15021,1503614396551,-20,-11,-6,-3,3,-4,-4,-21
15022,15022,1503614396565,24,1,6,3,3,4,0,8
15023,15023,1503614396574,6,7,0,-3,-1,-1,-6,-10
15024,15024,1503614396580,-13,19,18,4,1,-1,0,-7
15025,15025,1503614396596,-25,-3,-6,-2,-3,-6,-12,-73
15026,15026,1503614396605,20,2,-1,0,0,-1,1,11
15027,15027,1503614396612,-33,-2,1,-1,1,0,-4,-15
15028,15028,1503614396613,17,-5,-3,-1,-1,4,2,7
15029,15029,1503614396625,-6,-14,-15,-1,-2,-1,0,2
15030,15030,1503614396633,-14,-2,-2,-1,1,3,3,21
15031,15031,1503614396641,3,-10,-3,-1,-2,-2,2,35
15032,15032,1503614396656,19,-2,-1,5,1,-4,-2,30
15033,15033,1503614396663,-6,-3,-6,-6,-2,0,-3,-13
15034,15034,1503614396672,2,14,10,2,-2,0,-2,-15
15035,15035,1503614396686,-10,-5,-3,-1,0,-1,-5,-16
15036,15036,1503614396694,-7,-3,-4,1,-2,-2,-6,-14
15037,15037,1503614396700,-10,-1,5,-1,-1,-2,4,16
15038,15038,1503614396716,-4,-24,-14,-3,0,1,6,2
15039,15039,1503614396723,-9,-1,3,-1,0,2,1,-32
15040,15040,1503614396731,6,-2,5,-1,0,-1,1,-26
15041,15041,1503614396747,-13,-5,-11,-5,-1,-3,-1,-14
15042,15042,1503614396753,-1,1,-2,0,-1,0,-1,-3
15043,15043,1503614396761,4,4,1,-1,-2,3,2,14
15044,15044,1503614396776,-5,0,-3,-1,0,-1,-2,-6
15045,15045,1503614396783,7,3,1,0,0,1,1,12
15046,15046,1503614396791,-6,-8,-8,-3,-1,-3,-3,-3
15047,15047,1503614396811,12,22,13,1,-2,0,-2,15
15048,15048,1503614396814,0,-10,-9,-2,0,-2,-2,14
15049,15049,1503614396821,22,1,3,2,-2,-5,3,56
15050,15050,1503614396840,-19,-9,-4,-2,1,0,-1,-2
15051,15051,1503614396843,-7,1,-2,-2,-2,1,-2,-9
15052,15052,1503614396858,9,2,3,2,-1,3,0,29
15053,15053,1503614396875,-6,9,11,4,3,-2,0,-5
15054,15054,1503614396881,1,-10,-9,-3,1,-3,-4,33
15055,15055,1503614396896,4,-2,-3,-1,-2,2,2,-22
15056,15056,1503614396907,-8,-13,-6,-5,-4,-5,-5,-38
15057,15057,1503614396918,-23,-1,4,0,-2,-4,-4,-26
15058,15058,1503614396925,11,-3,-9,-2,-1,0,2,-20
15059,15059,1503614396934,-4,-6,-7,-4,-1,0,-1,-2
15060,15060,1503614396941,-13,3,2,0,1,1,-3,-36
15061,15061,1503614396956,41,20,10,0,-2,-1,0,3
15062,15062,1503614396963,-13,-9,-8,-4,-2,-4,-8,-24
15063,15063,1503614396978,7,-3,-5,-3,0,1,12,58
15064,15064,1503614396985,21,10,7,2,-1,3,2,15
15065,15065,1503614396993,8,-4,0,-5,-3,-4,-2,3
15066,15066,1503614397000,-11,-3,6,1,0,-2,3,1
15067,15067,1503614397016,24,17,8,0,-2,1,-1,39
15068,15068,1503614397023,35,23,3,1,0,-5,-4,-16
15069,15069,1503614397040,-5,-3,1,-1,-3,-5,-6,-29
15070,15070,1503614397045,-1,-3,-4,-4,-1,2,2,7
15071,15071,1503614397046,-10,-19,-9,-2,-3,-2,-3,5
15072,15072,1503614397053,-17,-13,-5,0,1,1,0,2
15073,15073,1503614397060,-19,-9,-4,-1,-2,0,-4,-28
15074,15074,1503614397076,34,6,-2,1,2,0,-2,19
15075,15075,1503614397083,-9,-16,-7,-8,0,-1,-5,1
15076,15076,1503614397098,-26,-4,-1,1,1,2,-3,-13
15077,15077,1503614397107,2,2,-4,1,-2,-2,-4,0
15078,15078,1503614397113,-30,11,8,2,1,2,2,6
15079,15079,1503614397128,-10,-3,4,0,0,1,3,-8
15080,15080,1503614397136,15,3,-5,-3,0,0,7,19
15081,15081,1503614397143,4,7,4,2,-3,0,2,-1
15082,15082,1503614397158,7,-17,-9,-1,1,-1,3,46
15083,15083,1503614397159,-2,2,-9,-6,-3,-1,-6,-24
15084,15084,1503614397165,19,4,-1,-2,-2,-3,1,12
15085,15085,1503614397175,-20,-13,-2,0,-1,-1,-2,-6
15086,15086,1503614397181,-5,3,5,-1,2,3,0,15
15087,15087,1503614397196,1,15,10,2,-1,1,-2,-10
15088,15088,1503614397203,-9,-8,0,3,4,-1,-6,3
15089,15089,1503614397218,-25,-7,-5,-3,-3,-8,-5,-29
15090,15090,1503614397225,-15,-8,0,-2,-2,-1,2,-13
15091,15091,1503614397233,-1,0,-2,-1,-3,-1,2,5
15092,15092,1503614397241,-8,-12,-3,1,-2,0,9,38
15093,15093,1503614397256,13,23,12,3,-1,1,2,11
15094,15094,1503614397264,2,0,-4,4,2,-3,-2,-11
15095,15095,1503614397279,11,-4,-2,-3,-1,-2,-3,16
15096,15096,1503614397286,6,2,-1,-1,1,-2,-2,-2
15097,15097,1503614397294,-14,-16,-8,-2,-1,0,-2,-8
15098,15098,1503614397309,11,-9,-9,-7,-3,0,-3,-13
15099,15099,1503614397317,11,-6,-1,-1,-2,-1,-2,2
15100,15100,1503614397323,-9,-1,-4,-4,-3,-1,0,-2
15101,15101,1503614397338,20,5,1,2,0,-1,3,30
15102,15102,1503614397346,-2,-7,-8,1,-1,-2,0,8
15103,15103,1503614397354,-9,-9,0,4,3,2,1,1
15104,15104,1503614397368,-9,5,-1,-4,0,-1,2,-2
15105,15105,1503614397377,-6,-3,-9,-4,-2,-1,-4,-12
15106,15106,1503614397384,0,-1,-2,-1,-3,-1,0,-11
15107,15107,1503614397398,-5,2,-1,2,0,-2,-1,7
15108,15108,1503614397399,-6,-10,-4,-4,-2,-3,-3,-4
15109,15109,1503614397409,1,24,13,-2,-3,0,1,4
15110,15110,1503614397414,2,3,5,9,4,-1,-2,-16
15111,15111,1503614397428,10,-7,0,1,3,0,1,11
15431,15431,1503614400563,-22,1,-2,1,1,1,-3,12
15432,15432,1503614400570,-3,3,4,2,1,1,0,0
15433,15433,1503614400585,-4,7,1,-1,-3,-3,-6,-20
15434,15434,1503614400592,0,-3,-9,-3,-1,-1,-3,-6
15435,15435,1503614400600,7,-11,-15,-4,-2,-4,3,2
15436,15436,1503614400615,6,-1,1,-2,1,-2,0,4
15437,15437,1503614400625,10,5,9,1,-3,-1,0,10
15438,15438,1503614400630,-19,9,3,-1,0,2,1,-4
15439,15439,1503614400645,-4,3,2,2,3,-1,2,-3
15440,15440,1503614400652,-4,-15,-3,-1,-1,-2,3,16
15441,15441,1503614400660,10,26,4,2,0,-1,-3,-8
15442,15442,1503614400661,13,1,2,1,0,2,-1,6
15443,15443,1503614400675,0,9,6,0,-1,-2,0,-9
15444,15444,1503614400683,6,4,2,4,2,0,-1,4
15445,15445,1503614400691,-2,-7,-8,-2,0,0,-2,-6
15446,15446,1503614400705,12,14,8,0,0,0,-2,-3
15447,15447,1503614400712,-2,2,2,-1,-2,-5,-1,-3
15448,15448,1503614400720,-5,-10,-8,-4,-2,0,3,-5
15449,15449,1503614400735,0,-7,0,-2,1,2,-2,-8
15450,15450,1503614400743,10,2,-3,-3,0,2,0,-1
15451,15451,1503614400750,-2,-5,-5,0,-1,-3,-2,0
15452,15452,1503614400765,-7,-15,-6,-3,0,1,4,9
15453,15453,1503614400766,6,11,8,-2,-1,-4,-1,-4
15454,15454,1503614400772,7,4,3,1,-1,3,-1,6
15455,15455,1503614400780,-3,-14,-8,-3,-1,-3,-6,-4
15456,15456,1503614400795,6,11,10,3,-1,-2,3,3
15457,15457,1503614400803,-4,-1,-3,-1,-3,0,3,9
15458,15458,1503614400810,-4,-2,-3,0,3,-1,-5,-1
15459,15459,1503614400825,1,-9,0,0,0,-1,-3,25
15460,15460,1503614400832,-1,0,-1,0,0,-2,0,4
15461,15461,1503614400840,-33,-21,-13,-4,-4,-1,0,-6
15462,15462,1503614400855,2,-2,0,0,-3,1,-5,1
15463,15463,1503614400863,-3,8,-3,-1,0,0,-2,-6
15464,15464,1503614400870,-7,-2,3,1,1,-3,-2,-20
15465,15465,1503614400885,12,20,9,1,-1,1,4,7
15466,15466,1503614400893,0,-1,0,0,-1,2,-2,2
15467,15467,1503614400900,1,13,1,1,1,-2,0,-8
15468,15468,1503614400915,-2,1,-6,-3,1,3,1,1
15469,15469,1503614400923,-5,0,7,3,0,2,-1,-11
15470,15470,1503614400930,8,7,8,0,-2,-2,-4,0
15471,15471,1503614400931,14,2,1,-1,-2,-3,-1,-5
15472,15472,1503614400945,5,-8,-10,-4,-2,-3,-1,1
15473,15473,1503614400953,3,-2,-4,-4,-1,1,1,10
15474,15474,1503614400961,-1,-8,-3,2,0,2,0,1
15475,15475,1503614400975,3,-8,-8,-4,-3,-2,3,4
15476,15476,1503614400983,-11,1,5,0,1,-3,-8,-24
15477,15477,1503614400997,2,3,-1,-1,-1,0,2,7
15478,15478,1503614401005,3,-12,-8,-2,-2,-3,-1,-5
15479,15479,1503614401012,-6,-6,3,0,-1,-1,-2,-8
15480,15480,1503614401028,17,0,1,0,-1,-2,1,5
15481,15481,1503614401035,2,5,7,2,2,0,0,-8
15482,15482,1503614401043,-1,11,5,0,1,4,3,10
15483,15483,1503614401057,-10,-11,-11,-5,-5,-3,-1,-5
15484,15484,1503614401065,-6,7,3,3,3,1,2,27
15485,15485,1503614401072,10,-3,-5,1,2,-2,-4,7
15486,15486,1503614401088,-13,-12,-5,-1,-1,1,-1,-13
15487,15487,1503614401095,15,-2,2,-1,1,2,-1,7
15488,15488,1503614401103,1,-8,-2,-2,1,-1,0,4
15489,15489,1503614401117,0,2,-2,-3,-4,0,0,6
15490,15490,1503614401127,-2,6,2,-1,-1,0,5,-4
15491,15491,1503614401132,-16,4,0,-1,-3,1,0,-2
15492,15492,1503614401148,-16,-15,-11,-3,-3,-3,-3,-19
15493,15493,1503614401154,-5,21,13,3,1,0,2,-1
15494,15494,1503614401163,0,3,-2,-1,-1,-4,-4,-6
15495,15495,1503614401177,27,6,5,2,1,1,5,58
15496,15496,1503614401185,-2,0,1,2,0,-2,-5,-5
15497,15497,1503614401194,-15,3,2,-3,-3,-1,1,-33
15498,15498,1503614401208,2,4,0,-3,-3,1,-2,-9
15499,15499,1503614401214,6,-12,-9,-1,-1,-1,-4,-16
15500,15500,1503614401223,-8,9,10,-1,-3,-2,-5,-21
15501,15501,1503614401237,10,-18,-13,-1,0,0,1,20
15502,15502,1503614401245,3,0,3,-1,0,-3,1,17
15503,15503,1503614401262,-12,-6,-3,1,-1,-2,-1,5
15504,15504,1503614401272,9,-1,-1,0,-1,2,7,23
15505,15505,1503614401276,-6,2,-5,-3,-2,-1,-3,-20
15506,15506,1503614401283,14,9,0,-1,0,-1,1,39
15507,15507,1503614401301,-12,-1,-2,-1,-2,-3,-3,-5
15508,15508,1503614401305,-2,-2,2,-1,1,0,-5,-18
15509,15509,1503614401321,-6,0,3,-2,0,-1,-3,-17
15510,15510,1503614401331,-6,-12,-10,-3,-1,0,0,-4
15511,15511,1503614401337,-8,-6,-2,-3,-3,-3,-3,-8
15512,15512,1503614401343,0,-4,-1,1,0,-3,-2,0
15513,15513,1503614401358,-1,-3,-1,-2,-2,2,-1,11
15514,15514,1503614401367,-1,0,0,2,-1,-2,-1,1
15515,15515,1503614401381,-9,-5,-1,0,-1,-1,0,1
15516,15516,1503614401388,-5,-6,-6,-1,-1,-1,1,3
15517,15517,1503614401396,12,8,5,-2,2,2,-1,8
15518,15518,1503614401404,-2,-8,-6,-3,-4,-2,-1,-6
15519,15519,1503614401418,8,13,8,2,1,-1,1,1
15520,15520,1503614401425,-9,0,-3,-2,-2,0,-2,-9
15521,15521,1503614401441,-1,-4,-6,-2,-2,-3,2,7
15522,15522,1503614401448,3,1,0,-1,-1,-1,0,6
15523,15523,1503614401456,-6,-2,-2,0,6,2,-3,0
15524,15524,1503614401463,0,-7,-3,-1,1,2,-1,12
15525,15525,1503614401478,-1,0,2,0,-5,-3,-4,-13
15526,15526,1503614401485,11,4,3,3,1,1,0,-3
15527,15527,1503614401501,-15,-11,-4,-1,1,0,1,-20
15528,15528,1503614401508,-3,-9,-3,-4,-5,-8,-1,-8
15529,15529,1503614401516,1,-4,-6,-3,1,1,1,-3
15530,15530,1503614401523,11,7,6,2,1,2,2,8
15531,15531,1503614401538,8,-7,-5,1,-2,-4,-1,-4
15532,15532,1503614401545,-12,-4,-3,-1,0,1,-4,-11
15533,15533,1503614401563,-34,-12,-7,0,-2,-2,-1,-3
15534,15534,1503614401568,-5,0,-4,-5,-1,0,-1,-2
15535,15535,1503614401576,-9,3,0,1,-3,-2,-3,-13
15536,15536,1503614401583,-24,-7,-9,-4,-2,-1,-4,-14
15537,15537,1503614401598,-6,1,6,2,-1,1,-2,-4
15538,15538,1503614401605,18,15,2,-1,1,-1,6,11
15539,15539,1503614401621,-1,13,3,0,0,-2,2,7
15540,15540,1503614401630,1,3,3,4,1,0,-2,-3
15541,15541,1503614401636,16,4,-2,-1,-2,-1,1,4
15542,15542,1503614401643,2,-13,-7,-2,0,-4,0,10
15543,15543,1503614401658,7,-1,2,1,1,1,-2,3
15544,15544,1503614401665,9,6,3,0,1,0,0,-20
15545,15545,1503614401681,3,24,15,0,0,1,0,-2
15546,15546,1503614401688,-1,4,6,2,-1,2,-2,-20
15547,15547,1503614401697,11,-3,-2,-3,-3,1,3,16
15548,15548,1503614401703,4,32,15,6,0,-3,-3,3
15549,15549,1503614401718,2,4,1,-3,0,-2,-4,-5
15550,15550,1503614401725,22,12,5,1,2,4,-2,10
15551,15551,1503614401741,-3,-16,-3,-2,0,-1,-3,-11
15967,15967,1503614405797,2,-3,1,3,1,1,0,9
15968,15968,1503614405805,-23,-10,-3,-1,-1,2,1,-20
15969,15969,1503614405823,6,-2,-6,-3,-2,-2,-1,-3
15970,15970,1503614405827,2,17,12,3,2,-2,-1,-7
15971,15971,1503614405828,-7,-11,-5,-1,1,-3,-1,-12
15972,15972,1503614405835,-10,-12,-11,-7,-4,-1,0,-9
15973,15973,1503614405850,5,5,4,1,-2,1,2,0
15974,15974,1503614405857,-9,-4,-3,-1,-2,-1,-3,-3
15975,15975,1503614405865,-19,7,2,0,0,-3,-6,-24
15976,15976,1503614405879,22,22,13,5,4,3,-4,-17
15977,15977,1503614405888,-1,-4,-3,-3,-2,-2,-3,-9
15978,15978,1503614405895,-3,-8,-4,-1,-1,-1,-2,1
15979,15979,1503614405910,-1,-2,1,1,1,-1,-4,4
15980,15980,1503614405919,-1,-5,-2,-3,-3,-5,-2,5
15981,15981,1503614405926,-12,-9,-7,-3,-1,-1,-1,-10
15982,15982,1503614405939,-6,-1,-2,1,1,-5,-3,-5
15983,15983,1503614405948,11,-1,-1,-2,-2,2,4,40
15984,15984,1503614405955,-23,-13,-3,0,1,0,-4,1
15985,15985,1503614405970,-6,-12,-2,0,1,0,3,-9
15986,15986,1503614405977,15,5,1,-1,-2,0,4,16
15987,15987,1503614405985,0,8,-2,-2,1,0,0,0
15988,15988,1503614405999,-5,21,15,3,1,4,2,1
15989,15989,1503614406007,-9,-10,-8,-3,-2,-3,-6,-10
15990,15990,1503614406015,21,-1,-2,-3,-1,1,9,52
15991,15991,1503614406030,9,5,-8,-4,-4,-5,-3,-2
15992,15992,1503614406037,9,-14,-9,-1,-1,-2,0,-10
15993,15993,1503614406045,3,-4,-2,-1,0,2,1,-4
15994,15994,1503614406059,-4,2,-1,-1,-2,0,-4,-18
15995,15995,1503614406068,-7,3,-6,-1,-1,1,2,4
15996,15996,1503614406075,-5,4,6,3,1,1,1,3
15997,15997,1503614406090,-10,-8,2,-1,-1,-3,1,-7
15998,15998,1503614406097,-8,0,2,2,0,-4,0,-5
15999,15999,1503614406105,13,21,6,0,-1,1,0,2
16000,16000,1503614406119,-7,6,0,-1,1,-1,-3,-13
16001,16001,1503614406128,-6,-18,-11,-5,-1,-4,-3,2
16002,16002,1503614406135,-1,-4,3,0,0,-2,-1,-6
16003,16003,1503614406152,7,2,0,5,1,2,-1,-6
16004,16004,1503614406157,1,-10,-5,-3,-2,-2,0,-5
16005,16005,1503614406165,5,-8,-7,-4,-2,-3,-3,-3
16006,16006,1503614406179,7,3,-3,-3,-4,-1,6,31
16007,16007,1503614406188,-8,-4,-3,-4,-2,-2,1,-5
16008,16008,1503614406195,-2,-5,-9,0,0,-2,-5,-7
16009,16009,1503614406210,7,14,9,2,1,1,2,5
16010,16010,1503614406220,-9,-12,-9,-4,0,2,-4,-8
16011,16011,1503614406225,3,13,9,1,2,1,-2,-8
16012,16012,1503614406239,-1,16,7,3,0,0,-1,-8
16013,16013,1503614406248,-8,-13,0,-3,-1,1,-1,-3
16014,16014,1503614406256,-8,-9,4,1,0,1,-4,1
16015,16015,1503614406277,7,0,-10,-5,-1,-2,-2,-8
16016,16016,1503614406286,11,10,9,3,-1,-1,-2,0
16017,16017,1503614406300,-6,19,12,0,1,1,0,-12
16018,16018,1503614406308,11,0,1,1,0,1,3,5
16019,16019,1503614406323,2,-5,-8,-2,-2,0,2,16
16020,16020,1503614406330,-6,2,4,-4,-3,-3,-8,-14
16021,16021,1503614406338,-9,-20,-4,0,-2,-1,-4,-17
16022,16022,1503614406345,-10,-18,-9,-1,-1,-1,1,14
16023,16023,1503614406363,-3,14,9,0,-1,-4,-6,-33
16024,16024,1503614406368,-3,4,1,1,0,-3,1,-3
16025,16025,1503614406383,1,-8,-4,-2,-3,-1,5,44
16026,16026,1503614406391,-13,-9,-4,-2,-1,2,0,0
16027,16027,1503614406398,-51,-27,-11,-5,-2,1,-3,-19
16028,16028,1503614406405,-1,-9,-10,-4,-1,0,-3,4
16029,16029,1503614406421,31,14,6,0,1,-2,1,-5
16030,16030,1503614406428,11,13,15,4,-1,-2,2,0
16031,16031,1503614406443,8,-4,-5,-3,0,2,1,17
16032,16032,1503614406450,13,0,1,-2,-2,-1,3,9
16033,16033,1503614406458,-11,-14,-6,-5,-6,-4,-4,-6
16034,16034,1503614406459,-1,14,12,3,-1,-4,0,11
16035,16035,1503614406465,5,-5,-6,-3,-1,-1,2,15
16036,16036,1503614406481,-9,-20,-21,-7,0,2,-3,-11
16037,16037,1503614406488,0,30,23,7,2,1,-1,23
16038,16038,1503614406503,-2,11,4,2,-2,2,-1,3
16039,16039,1503614406510,-3,-2,-2,-1,-3,-3,-3,-15
16040,16040,1503614406519,7,12,25,3,0,-2,1,-2
16041,16041,1503614406527,-20,-12,-13,0,-1,-1,-5,-18
16042,16042,1503614406541,0,-7,-5,-1,-1,-4,-2,-8
16043,16043,1503614406547,4,0,0,2,1,1,0,-5
16044,16044,1503614406563,-3,4,-6,-2,0,-1,-2,-15
16045,16045,1503614406570,-12,-11,-8,-4,1,-4,0,-9
16046,16046,1503614406587,11,-7,-9,2,0,1,-1,-8
16047,16047,1503614406593,9,8,6,1,2,-2,0,-5
16048,16048,1503614406600,-1,4,6,1,2,0,-3,0
16049,16049,1503614406607,-6,-8,-7,-2,-3,-1,-2,1
16050,16050,1503614406635,0,-7,-6,-2,0,1,1,14
16051,16051,1503614406645,-3,-4,-1,-1,-3,-1,-1,-6
16052,16052,1503614406655,-6,-4,-2,-1,-2,-1,-4,-8
16053,16053,1503614406663,-3,-7,-10,0,1,4,2,14
16054,16054,1503614406668,2,-12,-16,-7,-2,-3,-2,-2
16444,16444,1503614410470,7,10,10,4,0,0,1,-4
16445,16445,1503614410484,0,-6,-9,-4,-3,3,5,-4
16446,16446,1503614410492,-3,-4,-1,2,1,1,-3,-7
16447,16447,1503614410499,1,-10,-11,-1,-1,-1,-1,4
16448,16448,1503614410508,-5,9,0,-1,2,-1,-2,-1
16449,16449,1503614410522,10,12,3,2,3,1,-2,-3
16450,16450,1503614410530,15,-2,5,-4,-3,1,4,26
16451,16451,1503614410537,1,-4,-7,-3,-4,-1,-2,1
16452,16452,1503614410559,0,-3,0,1,0,-4,-3,-4
16453,16453,1503614410560,0,-8,-6,0,3,-2,-3,-4
16454,16454,1503614410567,-7,0,3,0,0,0,-1,-8
16455,16455,1503614410582,18,11,1,-3,-3,-1,-1,-1
16456,16456,1503614410590,-5,-7,-11,-4,0,-3,-2,-2
16457,16457,1503614410597,-9,0,18,4,1,-3,-3,-3
16458,16458,1503614410613,-3,12,0,2,-2,1,1,-2
16459,16459,1503614410619,1,-18,-20,-7,-3,-2,0,7
16460,16460,1503614410627,-3,-4,7,1,0,0,-1,-5
16461,16461,1503614410642,-3,-6,-3,-1,1,0,2,-1
16462,16462,1503614410650,0,1,0,0,0,-2,2,7
16463,16463,1503614410657,0,-10,-2,-6,-5,0,2,12
16464,16464,1503614410675,-6,-5,-4,-2,-3,-3,-5,-16
16465,16465,1503614410681,12,30,10,4,5,0,-1,-15
16466,16466,1503614410687,-9,-6,-3,2,2,0,-4,-10
16467,16467,1503614410701,-3,-5,-4,0,1,1,-4,1
16468,16468,1503614410710,-11,-20,-12,-1,-2,-1,4,16
16469,16469,1503614410717,7,7,6,1,0,-5,-1,-1
16470,16470,1503614410718,-2,6,2,-2,-3,-3,-1,4
16471,16471,1503614410732,9,-1,2,-1,-1,1,-2,4
16472,16472,1503614410741,13,-10,1,1,0,-1,-1,-1
16473,16473,1503614410748,-5,13,7,1,0,0,-5,-30
16474,16474,1503614410762,21,9,3,3,0,3,2,9
16475,16475,1503614410770,12,-3,-1,-3,-1,0,1,16
16476,16476,1503614410777,-6,-5,-2,3,0,-3,-2,1
16477,16477,1503614410792,-9,0,1,1,3,-1,-1,-11
16478,16478,1503614410799,-16,-14,-13,-3,-4,-2,0,0
16479,16479,1503614410809,3,7,0,-1,-2,-1,1,1
16480,16480,1503614410822,-13,-1,-1,-7,-7,-1,0,-1
16481,16481,1503614410830,12,11,-12,-5,-3,-1,6,15
16482,16482,1503614410837,0,2,3,2,-2,-2,-1,22
16483,16483,1503614410853,-7,-17,-5,-1,-1,-1,-6,-15
16484,16484,1503614410859,-3,10,5,1,5,0,1,-15
16485,16485,1503614410868,10,-6,-9,-4,-4,1,1,8
16486,16486,1503614410882,-5,-13,-4,-1,0,-1,-3,-9
16487,16487,1503614410890,-5,-6,-3,-8,-6,-2,-1,0
16488,16488,1503614410897,-9,-19,-16,-5,-5,0,-4,-8
16489,16489,1503614410913,-4,4,8,4,4,0,-2,-4
16490,16490,1503614410919,1,9,1,1,-1,-6,-4,-6
16491,16491,1503614410927,-12,3,6,-2,-6,-2,-3,4
16492,16492,1503614410943,3,6,1,0,1,0,-2,8
16493,16493,1503614410950,4,8,3,-3,-1,1,2,-8
16494,16494,1503614410951,13,-4,-5,-4,-1,-3,1,13
16495,16495,1503614410957,-4,-7,-1,0,2,-4,-2,-9
16496,16496,1503614410973,6,6,-6,-7,-5,-4,-3,-6
16497,16497,1503614410980,7,10,-3,1,-1,2,0,0
16498,16498,1503614410987,0,-1,-10,1,1,2,1,-1
16499,16499,1503614411001,-4,0,-3,-4,-1,-1,-8,-15
16500,16500,1503614411015,-6,-3,-3,-4,-3,1,-2,4
16501,16501,1503614411018,-2,-4,0,-2,-3,-1,3,0
16502,16502,1503614411032,-5,-3,3,4,2,-2,-3,-13
16503,16503,1503614411039,7,10,12,3,-1,5,3,24
16504,16504,1503614411047,-1,-16,-3,0,0,-2,-5,-4
16505,16505,1503614411061,-8,-13,-7,-3,-1,-3,-2,-7
16506,16506,1503614411070,-15,3,9,4,10,4,1,1
16507,16507,1503614411077,-1,-6,-3,-2,-1,-1,-1,0
16508,16508,1503614411092,7,4,5,2,1,2,-1,-4
16509,16509,1503614411099,-11,3,9,1,-1,2,3,-10
16510,16510,1503614411107,-13,-8,-5,-1,-4,-4,0,-3
16511,16511,1503614411122,-8,3,4,2,0,-1,-4,-5
16512,16512,1503614411130,8,4,0,-3,-1,-1,2,2
16513,16513,1503614411137,-3,-6,-3,-4,-1,-1,1,-1
16514,16514,1503614411152,-8,-5,-4,-6,-5,-4,-1,3
16515,16515,1503614411159,12,0,0,4,4,3,1,-9
16516,16516,1503614411167,4,29,12,2,2,1,1,-1
16517,16517,1503614411182,-5,-20,-13,-3,-2,-2,0,-1
16518,16518,1503614411190,-1,-12,-3,-1,-1,-1,-2,-1
16519,16519,1503614411197,-15,-41,-30,-12,-4,-2,-1,-17
16520,16520,1503614411212,8,7,15,7,4,1,-2,9
16521,16521,1503614411220,-15,-5,2,-2,-4,-5,-5,6
16522,16522,1503614411227,-21,22,0,0,-4,1,0,-2
16523,16523,1503614411243,-21,1,-7,-3,-5,-3,-5,-9
16524,16524,1503614411250,5,-29,-32,-6,-4,-3,-2,-7
16525,16525,1503614411264,27,27,11,1,2,2,1,8
16526,16526,1503614411273,-8,-19,-5,1,0,-4,-5,-5
16527,16527,1503614411279,5,-9,-6,-2,-3,-2,0,8
16528,16528,1503614411295,-18,-7,0,-1,-3,0,-1,-11
16529,16529,1503614411301,-4,3,-1,2,0,-1,-4,-12
16530,16530,1503614411302,41,82,46,11,5,1,3,18
16531,16531,1503614411311,11,3,2,-2,-3,0,3,-1
16532,16532,1503614411324,5,-25,-15,-4,-1,2,8,35
16533,16533,1503614411332,5,-17,-11,-3,0,-2,-2,2
16534,16534,1503614411339,-5,-22,5,3,-2,1,-2,4
16535,16535,1503614411355,2,10,14,6,2,2,1,-3
16536,16536,1503614411361,-27,-2,8,0,1,-5,-6,-16
16537,16537,1503614411370,7,-4,-23,-11,-3,-2,-2,12
16538,16538,1503614411385,-12,25,9,-2,-2,-1,-1,-11
16539,16539,1503614411392,0,5,5,-1,-3,0,-2,-6
16540,16540,1503614411408,-26,14,7,-3,-2,-3,-1,-11
16541,16541,1503614411415,-13,-29,-21,-7,0,-1,1,12
16542,16542,1503614411423,-5,-39,-28,-5,-4,-4,-3,-7
16543,16543,1503614411430,8,-5,4,3,1,0,-1,-2
16544,16544,1503614411445,18,21,10,4,1,3,-1,0
16545,16545,1503614411452,41,31,30,5,0,0,3,5
16546,16546,1503614411468,10,21,19,4,1,0,1,-2
16547,16547,1503614411475,-15,1,0,-3,-5,-5,-4,-20
16548,16548,1503614411483,12,-7,-18,-1,1,1,0,-2
16549,16549,1503614411490,-14,-11,-15,-4,-1,-2,-4,-23
16550,16550,1503614411505,-7,2,1,1,1,-3,0,-9
16551,16551,1503614411512,0,9,1,3,1,1,0,-7
16552,16552,1503614411528,-10,-23,-16,-5,-3,2,0,9
16553,16553,1503614411535,5,13,16,4,1,-2,0,8
16554,16554,1503614411543,-6,18,25,5,2,0,0,-7
16555,16555,1503614411546,13,-11,-2,0,-1,-1,-3,-1
16556,16556,1503614411550,27,12,-2,-1,-1,2,-1,6
16557,16557,1503614411565,20,42,28,6,0,0,-1,4
16558,16558,1503614411572,6,-17,-8,-1,-1,-2,0,10
16559,16559,1503614411589,-14,-37,-28,-4,-2,-3,-1,-2
16560,16560,1503614411595,1,3,-7,0,0,1,0,1
16561,16561,1503614411603,-6,-1,-9,-2,-2,-3,-2,-2
16562,16562,1503614411610,-3,-9,-5,-4,-1,-2,-1,1
16563,16563,1503614411625,-2,-23,-9,-3,-3,0,-3,-6
16564,16564,1503614411633,-13,9,8,0,-2,-2,-3,1
16565,16565,1503614411641,-20,10,15,0,0,0,1,10
16566,16566,1503614411655,-19,-7,5,-1,0,-1,-3,-6
16567,16567,1503614411663,-9,2,7,0,0,2,-1,-3
16568,16568,1503614411670,-3,-4,-4,-1,1,-1,2,6
16814,16814,1503614414130,6,0,-4,0,-1,0,-1,4
16815,16815,1503614414137,10,15,7,3,0,2,2,24
16816,16816,1503614414152,3,0,0,1,-1,1,1,4
16817,16817,1503614414163,-12,-8,-4,-2,1,0,-3,-9
16818,16818,1503614414168,4,6,1,0,1,-2,-1,3
16819,16819,1503614414182,-9,-3,4,1,-1,0,-5,-14
16820,16820,1503614414191,-1,-3,-5,-2,0,-3,-2,-2
16821,16821,1503614414201,-11,-3,-5,0,-1,-3,-4,-3
16822,16822,1503614414212,8,27,11,3,2,3,3,3
16823,16823,1503614414221,5,-4,-2,-3,-1,0,-2,4
16824,16824,1503614414222,2,0,3,2,-2,-2,3,-2
16825,16825,1503614414228,4,4,11,6,-3,0,1,1
16826,16826,1503614414242,2,-1,-6,-2,0,-2,0,-1
16827,16827,1503614414250,0,-5,-6,-3,-4,-1,-1,2
16828,16828,1503614414262,3,-6,-4,-5,-5,-3,-1,2
16829,16829,1503614414272,10,-3,-5,-5,-5,-3,0,7
16830,16830,1503614414280,-6,0,-2,-3,2,5,1,-2
16831,16831,1503614414288,-16,-15,-4,-3,0,-1,-2,-1
16832,16832,1503614414301,7,-3,-5,0,1,-1,-1,9
16833,16833,1503614414310,-10,-9,-5,-1,0,-1,-2,-9
16834,16834,1503614414317,-5,-10,-2,-1,0,-1,-1,12
16835,16835,1503614414333,-1,-4,-11,-1,-2,-2,0,0
16836,16836,1503614414340,5,1,3,-1,-1,1,-1,-11
16837,16837,1503614414348,11,-6,-5,-3,2,3,3,4
16838,16838,1503614414362,11,7,-2,-2,1,0,-4,-1
16839,16839,1503614414370,6,-7,-5,-1,-3,0,0,18
16840,16840,1503614414377,9,10,3,1,2,-1,3,13
16841,16841,1503614414394,-10,-3,-1,0,0,-4,-6,-23
16842,16842,1503614414400,-11,-1,-2,-1,-5,-1,-4,-22
16843,16843,1503614414408,2,-1,1,1,-1,0,1,2
16844,16844,1503614414421,0,1,1,2,3,1,1,-5
16845,16845,1503614414433,2,-1,-4,-3,1,-1,-3,5
16846,16846,1503614414438,-2,10,7,1,-1,-3,1,4
16847,16847,1503614414452,-13,-1,1,-3,2,0,1,-6
16848,16848,1503614414461,2,-6,-4,1,-2,-3,1,5
16849,16849,1503614414469,2,3,1,1,-2,-1,-1,3
16850,16850,1503614414481,3,4,1,2,-1,1,2,0
16851,16851,1503614414489,9,4,2,3,-1,1,2,0
16852,16852,1503614414490,-10,-5,-4,-2,-3,2,2,-5
16853,16853,1503614414497,-6,-3,-5,-5,-2,-2,-1,-10
16854,16854,1503614414512,7,-5,-6,0,-2,0,0,-8
16855,16855,1503614414519,-5,1,2,-2,-3,-1,-1,5
16856,16856,1503614414528,-2,-11,-2,-2,-4,-2,-1,1
16857,16857,1503614414541,0,9,17,5,0,-1,-1,1
16858,16858,1503614414550,-7,7,2,1,0,0,-6,-10
16859,16859,1503614414557,-3,-4,-5,-1,0,2,1,15
16860,16860,1503614414572,4,2,2,1,2,-2,-2,-3
16861,16861,1503614414579,-1,-4,-5,-2,-3,-1,-2,-3
16862,16862,1503614414588,4,5,-2,-1,-1,-1,0,-18
16863,16863,1503614414602,3,-2,-4,-1,-1,1,-4,-8
16864,16864,1503614414609,2,5,4,-1,-1,-4,0,7
16865,16865,1503614414617,-6,-5,-7,-3,-2,-2,-4,-2
16866,16866,1503614414632,-7,0,1,-1,-1,1,-2,1
16867,16867,1503614414640,4,0,-4,-3,0,-3,0,-2
16868,16868,1503614414648,-6,-2,1,-1,1,-1,0,-1
16869,16869,1503614414662,11,12,4,0,-2,-1,7,25
16870,16870,1503614414670,-1,3,1,0,-2,-1,6,-4
16871,16871,1503614414679,-10,-16,-10,-3,-2,1,2,13
16872,16872,1503614414692,1,4,8,3,1,1,-2,1
16873,16873,1503614414700,-12,-6,-11,-1,1,-4,-1,-19
16874,16874,1503614414708,-8,-5,-2,0,-4,-2,-5,10
16875,16875,1503614414721,36,-2,0,0,1,0,4,17
16876,16876,1503614414730,-24,0,-2,-4,-2,-1,1,10
16877,16877,1503614414737,-31,-6,0,-2,-1,-1,-6,-30
16878,16878,1503614414752,23,12,1,-1,0,0,-1,-3
16879,16879,1503614414761,-2,-8,-5,-2,-5,-1,-5,-8
16880,16880,1503614414768,-3,-3,0,0,0,0,-1,-7
16881,16881,1503614414781,3,15,13,5,4,0,-2,-17
16882,16882,1503614414789,0,-7,-5,0,-1,-2,0,6
16883,16883,1503614414790,-11,-5,-6,-3,-1,-3,-5,3
16884,16884,1503614414797,45,12,-3,-1,-1,1,1,27
16885,16885,1503614414812,6,0,-1,0,2,1,6,36
16886,16886,1503614414820,-12,-14,-13,-6,-3,-2,2,13
16887,16887,1503614414830,7,10,2,-3,-2,-1,-2,-5
16888,16888,1503614414841,-20,-8,5,4,0,-1,1,-10
16889,16889,1503614414850,-13,-13,0,-1,0,-3,3,-13
16890,16890,1503614414857,-5,7,5,-2,1,-4,-1,-2
16891,16891,1503614414872,-5,-7,-3,-2,-3,-1,-5,-19
16892,16892,1503614414880,-8,-4,0,-3,-1,0,-3,-7
16893,16893,1503614414888,45,9,1,2,-1,-2,0,20
16894,16894,1503614414901,-5,6,3,1,-1,-1,-1,-12
16895,16895,1503614414910,-4,-10,-6,-3,-5,0,-2,-9
16896,16896,1503614414917,0,-11,-5,2,-1,-2,-6,-4
16897,16897,1503614414933,5,13,9,-1,2,0,3,-2
16898,16898,1503614414940,-5,-10,-4,-4,-2,-1,1,-6
16899,16899,1503614414948,-8,-2,1,1,1,-2,-1,8
16900,16900,1503614414963,-13,-6,-7,-2,-2,-1,-3,-4
16901,16901,1503614414971,3,5,1,2,0,0,-5,-9
16902,16902,1503614414984,38,18,4,0,0,-2,-3,5
16903,16903,1503614414992,-6,-17,-6,-1,0,0,-5,-15
16904,16904,1503614415001,1,4,2,0,0,3,3,-6
16905,16905,1503614415015,-25,-10,-5,0,-3,-3,-8,-7
16906,16906,1503614415021,-22,-8,-4,-1,-2,-1,3,3
16907,16907,1503614415034,-6,-12,-17,-6,-3,-1,2,-6
16908,16908,1503614415044,-4,3,0,4,2,1,-1,1
16909,16909,1503614415053,6,27,12,1,2,2,3,3
16910,16910,1503614415060,-16,-14,-11,-3,0,-1,-1,6
16911,16911,1503614415075,11,-12,-10,-1,1,-2,1,11
16912,16912,1503614415081,18,4,4,-1,0,-3,-1,-10
16913,16913,1503614415090,33,29,22,4,-1,-2,2,10
16914,16914,1503614415105,-8,-2,1,0,0,0,-1,-1
16915,16915,1503614415112,-2,-9,-7,-1,-1,-2,1,0
16916,16916,1503614415120,18,-1,0,-2,-1,-4,1,16
16917,16917,1503614415135,-12,-9,-5,-1,-1,0,-11,-21
16918,16918,1503614415141,-6,-15,-7,-5,-2,-1,-1,5
17307,17307,1503614418923,5,11,12,2,-1,3,1,-1
17308,17308,1503614418931,-4,0,5,1,3,0,1,4
17309,17309,1503614418944,-4,1,2,-1,1,-2,-1,0
17310,17310,1503614418953,-5,-18,-9,-6,-4,-1,-5,-5
17311,17311,1503614418960,4,-6,-3,-2,0,3,-2,-2
17312,17312,1503614418975,7,5,4,1,-3,-1,-2,-8
17313,17313,1503614418983,1,-1,1,0,-2,-1,-1,0
17314,17314,1503614418992,0,-1,6,2,-2,-1,-2,0
17315,17315,1503614419004,-7,-4,-4,0,0,-2,-2,-7
17316,17316,1503614419012,2,17,5,1,-3,1,0,7
17317,17317,1503614419020,-3,-9,4,1,0,-1,-3,-4
17318,17318,1503614419021,-1,-3,-6,-4,-3,-1,-3,2
17319,17319,1503614419035,8,-5,-9,-2,0,-2,2,21
17320,17320,1503614419042,0,-8,-5,-2,-1,1,-3,-3
17321,17321,1503614419052,-1,3,-3,1,-1,-2,0,-6
17322,17322,1503614419065,-7,-2,-3,-2,-2,-3,-1,6
17323,17323,1503614419073,-13,-19,-14,-3,-1,-3,-3,-8
17324,17324,1503614419079,2,20,19,4,1,-1,1,5
17325,17325,1503614419094,-15,-2,0,0,1,2,3,8
17326,17326,1503614419102,1,-6,-3,1,-1,0,0,-2
17327,17327,1503614419110,-15,-5,3,-1,-2,0,-1,2
17328,17328,1503614419125,0,-6,-6,-1,-1,-1,-2,-6
17329,17329,1503614419132,-3,-3,-8,-3,-1,0,-2,-11
17330,17330,1503614419140,-3,2,0,-2,0,0,0,-9
17331,17331,1503614419155,2,0,-1,-1,-1,0,0,3
17332,17332,1503614419162,0,-7,-5,-4,-3,-3,0,6
17333,17333,1503614419170,7,16,5,2,-2,0,-3,0
17334,17334,1503614419185,-10,-7,-4,-3,-2,-1,-3,-5
17335,17335,1503614419193,5,8,1,-1,-1,-4,-1,-5
17336,17336,1503614419199,17,32,15,6,0,4,7,-1
17337,17337,1503614419214,5,-12,-10,-4,-2,0,5,24
17338,17338,1503614419222,-1,-1,-1,-1,0,-3,-2,8
17339,17339,1503614419230,-1,10,11,4,-1,0,-2,-14
17340,17340,1503614419244,10,6,1,-3,-4,-2,-2,3
17341,17341,1503614419255,-9,-1,2,0,0,-2,-3,-13
17342,17342,1503614419263,-12,-16,-7,-5,-2,-4,-5,-4
17343,17343,1503614419274,0,-1,1,-2,1,-1,0,-5
17344,17344,1503614419287,2,-4,-2,0,-1,-4,3,16
17345,17345,1503614419290,-5,-5,-7,-1,1,-1,-3,-1
17346,17346,1503614419304,-3,-14,-6,1,-1,3,1,21
17347,17347,1503614419312,4,11,18,3,-1,0,2,7
17348,17348,1503614419320,-6,2,4,1,0,-3,-4,-10
17349,17349,1503614419334,4,-2,-6,-5,-2,1,-1,3
17350,17350,1503614419342,-7,-6,-5,-3,1,2,1,-19
17351,17351,1503614419352,2,42,25,3,1,0,-3,-17
17352,17352,1503614419364,28,4,-8,-4,-2,1,12,67
17353,17353,1503614419372,-2,-16,-12,-2,-3,-1,-1,8
17354,17354,1503614419379,-12,1,1,2,-1,2,-2,-19
17355,17355,1503614419395,-19,-16,-8,-4,-2,0,5,16
17356,17356,1503614419402,-5,10,4,1,-2,-4,-5,-21
17357,17357,1503614419410,-10,-11,-8,-3,-1,0,-3,-25
17358,17358,1503614419425,14,24,10,4,3,5,4,16
17359,17359,1503614419432,-1,1,-6,0,-1,-3,-4,-7
17360,17360,1503614419439,-19,-16,-7,-5,0,-4,-7,-48
17361,17361,1503614419455,-1,-7,-3,-1,0,0,-2,-8
17362,17362,1503614419462,-7,-5,-1,0,-2,-1,0,-7
17363,17363,1503614419470,9,-2,-1,-2,-4,-2,1,-4
17364,17364,1503614419485,-6,-3,-1,-3,-1,-2,-4,-5
17365,17365,1503614419493,23,3,-3,1,1,2,0,28
17366,17366,1503614419499,10,-10,-7,-1,-2,-2,-4,10
17367,17367,1503614419515,-5,-11,-2,0,-1,-1,-2,-9
17368,17368,1503614419522,-4,7,5,2,2,0,-3,-2
17369,17369,1503614419538,3,6,3,1,3,1,2,8
17370,17370,1503614419544,1,-2,-2,-1,-1,-1,1,-2
17371,17371,1503614419554,-9,-6,-5,-1,-2,-2,-3,-3
17372,17372,1503614419559,-9,-5,-1,-2,0,-1,-3,-7
17373,17373,1503614419574,-4,-3,-1,5,3,-3,-1,9
17374,17374,1503614419575,1,22,4,-1,0,0,-2,-4
17375,17375,1503614419582,8,10,7,3,0,-1,0,0
17376,17376,1503614419593,-3,6,3,-4,0,2,-2,0
17377,17377,1503614419605,-16,-9,-4,-2,-3,0,0,-2
17378,17378,1503614419613,-4,-11,-8,-2,2,-5,1,-4
17379,17379,1503614419620,14,-2,3,4,1,-2,4,31
17380,17380,1503614419635,11,-6,-5,-3,-3,-3,1,9
17381,17381,1503614419642,-2,3,2,-4,-2,-4,-2,-7
17382,17382,1503614419658,5,-25,-11,0,-1,0,-1,3
17383,17383,1503614419665,-9,2,3,0,0,3,-4,-7
17384,17384,1503614419672,-7,-11,-11,-3,-1,0,2,2
17684,17684,1503614422612,14,-5,-7,3,0,-2,-1,4
17685,17685,1503614422619,16,9,7,2,5,4,3,5
17686,17686,1503614422635,-36,-12,-9,-4,-8,-6,-2,-4
17687,17687,1503614422642,-8,3,0,3,2,-3,-5,-10
17688,17688,1503614422650,25,-6,-1,1,0,5,6,14
17689,17689,1503614422664,-2,5,18,5,2,0,-1,-2
17690,17690,1503614422672,-4,2,0,1,1,1,-6,-7
17691,17691,1503614422679,-10,9,-6,-3,-6,-2,-7,0
17692,17692,1503614422695,-10,-18,-8,-1,0,0,-2,1
17693,17693,1503614422702,-16,10,5,-1,-8,-6,-5,-4
17694,17694,1503614422710,8,-5,-9,-2,-2,-2,0,-4
17695,17695,1503614422726,0,-9,-9,-3,0,0,3,3
17696,17696,1503614422732,10,-7,-4,-2,-1,-2,2,3
17697,17697,1503614422739,10,-4,-4,0,1,0,1,2
17698,17698,1503614422755,-28,1,0,1,2,-2,-6,-6
17699,17699,1503614422762,-3,4,3,-3,0,2,-2,2
17700,17700,1503614422770,8,1,-1,2,0,-1,-1,-2
17701,17701,1503614422784,-1,-11,-9,-2,-3,-1,-7,-6
17702,17702,1503614422792,14,9,11,2,0,2,4,1
17703,17703,1503614422799,9,4,-9,-1,0,0,3,9
17704,17704,1503614422815,-19,-11,-7,-2,-2,-3,-4,-3
17705,17705,1503614422822,19,0,-6,-3,-1,-1,-1,0
17706,17706,1503614422830,0,-1,-1,-1,-1,0,0,1
17707,17707,1503614422844,-8,1,10,9,-7,-4,-4,-4
17708,17708,1503614422852,-5,1,0,-4,2,-1,-1,-5
17709,17709,1503614422859,-1,-4,-5,-4,-2,-1,0,0
17710,17710,1503614422875,-1,5,-1,-1,-2,-3,-1,-4
17711,17711,1503614422882,-5,-9,1,3,4,2,3,2
17712,17712,1503614422890,44,12,2,2,1,0,0,2
17713,17713,1503614422905,-5,-4,-6,-5,-5,-1,-1,-2
17714,17714,1503614422912,-33,-25,-17,-9,-4,8,-2,-5
17715,17715,1503614422919,-3,8,17,-6,-6,-4,0,2
17716,17716,1503614422938,-3,3,6,1,-11,-1,3,0
17717,17717,1503614422942,-11,-9,-12,-10,-3,2,2,6
17718,17718,1503614422950,4,6,-1,-2,0,-5,-3,3
17719,17719,1503614422964,13,4,2,6,1,-2,-3,-7
17720,17720,1503614422973,-2,1,-1,-2,1,1,-1,0
17721,17721,1503614422979,-36,-2,-1,2,8,2,-1,-4
17722,17722,1503614422995,-8,2,1,-4,-9,-4,0,1
17723,17723,1503614423003,8,-9,0,11,1,-1,-1,2
17724,17724,1503614423010,5,3,0,7,6,0,0,-3
17725,17725,1503614423024,-8,-15,-20,-7,-3,-1,-4,-5
17726,17726,1503614423032,4,8,1,-2,8,2,-2,0
17727,17727,1503614423040,12,45,40,4,0,0,-2,1
17728,17728,1503614423055,5,4,6,3,1,1,3,1
17729,17729,1503614423062,-1,-15,-17,1,-2,-3,0,1
17730,17730,1503614423070,-6,-3,6,2,-3,0,-1,1
17731,17731,1503614423084,-8,-4,-6,-4,2,-4,-5,-3
17732,17732,1503614423092,3,1,-8,-5,-8,-7,-3,6
17733,17733,1503614423099,2,2,-1,-3,-26,2,2,1
17734,17734,1503614423115,-10,-30,-24,-14,5,-3,-4,-8
17735,17735,1503614423122,15,-8,-16,1,8,5,5,3
17736,17736,1503614423130,11,3,8,7,-1,3,2,5
17737,17737,1503614423145,-20,-5,-12,-12,3,2,2,-6
17738,17738,1503614423152,-8,-7,-14,-6,-3,-4,-2,-2
17739,17739,1503614423160,5,1,6,1,-2,1,-2,1
17740,17740,1503614423175,2,10,11,5,4,3,-2,-3
17741,17741,1503614423182,10,-3,5,-3,4,-3,-3,-3
17742,17742,1503614423190,2,9,4,1,-1,-2,3,1
17743,17743,1503614423205,3,-5,2,1,6,-1,1,2
17744,17744,1503614423213,40,44,37,7,1,1,0,3
17745,17745,1503614423220,-1,0,-5,7,3,2,0,-1
17746,17746,1503614423241,-22,-19,-11,2,-6,-2,-2,-7
17747,17747,1503614423242,1,1,2,-11,-3,-3,-2,1
17748,17748,1503614423250,3,-5,-8,-2,3,0,-1,-1
17749,17749,1503614423265,-14,-20,-9,-1,-6,-3,-4,-3
17750,17750,1503614423273,-2,23,18,1,0,1,4,3
17751,17751,1503614423281,-69,-7,-6,-3,2,-2,-5,-13
17752,17752,1503614423295,23,-16,-12,-4,3,-1,-4,-2
17753,17753,1503614423303,48,-4,-13,-11,-7,0,1,6
17754,17754,1503614423310,-14,-1,-10,-3,-2,-2,-2,-3
17755,17755,1503614423324,-1,0,-1,-2,0,-1,2,1
17756,17756,1503614423332,-5,-6,-8,-1,2,1,-1,0
17757,17757,1503614423339,28,2,-4,6,3,-3,-2,-1
17758,17758,1503614423340,-36,2,7,2,2,0,1,-1
17759,17759,1503614423355,-31,4,0,-5,-5,-2,-1,-6
17760,17760,1503614423362,6,29,26,9,-1,2,8,6
17761,17761,1503614423377,-12,-8,-2,-7,-11,-2,-4,-3
17762,17762,1503614423384,-22,-15,-11,-6,-2,0,-5,-8
17763,17763,1503614423392,0,2,5,2,-2,-4,-2,2
17764,17764,1503614423407,2,0,4,7,3,-4,0,-3
17765,17765,1503614423415,2,-11,-8,0,0,-1,-1,1
17766,17766,1503614423422,0,4,5,-2,1,-2,-5,-5
17767,17767,1503614423439,6,12,12,2,0,2,2,5
17768,17768,1503614423444,8,-2,-12,-11,-7,-3,-5,-4
17769,17769,1503614423452,-29,-24,-19,-5,2,0,-3,-7
17770,17770,1503614423467,13,-8,-4,-1,-7,-7,-4,-2
17771,17771,1503614423475,1,-3,-1,-1,-4,-2,1,1
17772,17772,1503614423482,32,3,-11,1,7,3,-1,7
17773,17773,1503614423497,14,0,5,3,9,-1,0,-4
17774,17774,1503614423505,14,-8,-4,-1,2,3,2,4
17775,17775,1503614423512,-11,7,-11,3,0,3,-2,-2
17776,17776,1503614423527,9,-6,-4,1,4,2,0,2
17777,17777,1503614423535,2,-15,-12,-11,-9,-5,-2,-1
17778,17778,1503614423542,7,20,-2,-5,-4,-3,-3,-1
17779,17779,1503614423557,12,-5,1,1,1,0,2,4
17780,17780,1503614423564,-5,-8,0,1,6,-1,4,-1
17781,17781,1503614423575,10,-1,2,7,2,2,-2,-2
17782,17782,1503614423587,-24,-7,-3,-5,-5,-2,0,0
17783,17783,1503614423595,31,35,5,4,4,2,2,6
17784,17784,1503614423602,-5,1,2,-1,1,-5,-11,-3
18161,18161,1503614427217,2,8,5,-1,0,0,-4,-7
18162,18162,1503614427225,-1,-4,-1,0,-1,-2,-5,0
18163,18163,1503614427232,7,0,-3,1,-1,0,2,1
18164,18164,1503614427247,-14,-8,-4,-1,-2,1,0,-2
18165,18165,1503614427254,-1,-10,0,-3,4,1,-2,2
18166,18166,1503614427261,6,7,8,4,0,-2,-3,5
18167,18167,1503614427277,13,2,2,-2,-2,1,3,9
18168,18168,1503614427284,6,6,6,4,3,2,3,8
18169,18169,1503614427292,-17,-30,-17,-6,-6,-4,-3,11
18170,18170,1503614427307,-2,-15,-8,-1,0,3,3,15
18171,18171,1503614427314,-24,-5,0,-2,-3,-1,-2,-17
18172,18172,1503614427321,-1,1,-4,-7,-7,-3,0,-8
18173,18173,1503614427337,-2,5,0,2,0,0,-4,4
18174,18174,1503614427344,5,-2,-4,-1,-2,-3,-2,-1
18175,18175,1503614427352,-9,11,13,0,-1,-3,-1,-12
18176,18176,1503614427367,52,-1,0,-1,0,-2,-1,16
18177,18177,1503614427374,12,14,14,8,3,2,3,15
18178,18178,1503614427381,-24,-10,-14,-9,-5,-3,-3,-9
18179,18179,1503614427397,3,7,1,-2,0,0,-4,-12
18180,18180,1503614427404,-11,-8,-9,0,-1,-3,-7,-10
18181,18181,1503614427412,34,18,3,-5,-1,-1,-2,-1
18182,18182,1503614427427,2,9,14,3,1,1,0,4
18183,18183,1503614427435,4,-8,1,1,-1,3,2,7
18184,18184,1503614427441,-12,6,3,0,2,0,2,-7
18185,18185,1503614427459,-19,-7,-7,-1,0,-2,1,-4
18186,18186,1503614427464,-3,1,3,-1,0,1,1,3
18187,18187,1503614427472,-4,-8,-8,0,-1,-1,-2,-1
18188,18188,1503614427487,-5,-2,-24,-1,0,-1,-4,-21
18189,18189,1503614427495,-11,-4,-1,0,-1,-2,-5,-16
18190,18190,1503614427502,-5,-11,-3,-4,-3,-1,-4,-5
18191,18191,1503614427517,13,3,-1,-1,-2,-1,-1,-2
18192,18192,1503614427526,0,10,5,2,-1,-2,2,7
18193,18193,1503614427532,9,0,-3,-2,2,-2,0,-13
18194,18194,1503614427546,-5,5,-2,-3,-1,1,1,7
18195,18195,1503614427554,-4,-19,-11,-4,-3,-4,-5,-7
18196,18196,1503614427563,-16,-3,0,1,1,1,-1,-2
18197,18197,1503614427577,-10,2,-6,-2,-6,-2,-1,-1
18198,18198,1503614427584,3,-6,-3,-4,-4,-2,-3,4
18199,18199,1503614427594,3,1,4,0,1,-1,-3,2
18200,18200,1503614427607,1,2,2,-6,-3,-1,1,-2
18201,18201,1503614427614,-6,-8,-4,2,1,0,1,-3
18202,18202,1503614427615,-8,13,9,3,4,0,3,7
18203,18203,1503614427622,-17,-8,-13,-3,-2,-2,-2,-9
18204,18204,1503614427637,6,-4,1,1,-1,1,3,13
18205,18205,1503614427644,1,-11,-3,0,2,1,0,6
18206,18206,1503614427652,-12,-4,-6,-5,-1,-2,-2,-6
18207,18207,1503614427668,2,-1,3,1,1,0,8,20
18208,18208,1503614427675,1,-8,-2,-3,-3,0,0,2
18209,18209,1503614427682,16,11,10,4,3,-3,-1,1
18210,18210,1503614427697,-1,-8,-12,-4,-4,-2,0,2
18211,18211,1503614427704,-8,-4,1,-3,-1,-3,1,-6
18212,18212,1503614427712,4,23,8,4,2,4,-2,-5
18213,18213,1503614427728,17,13,12,0,-2,0,-3,-7
18214,18214,1503614427735,6,1,3,1,-1,-1,1,3
18215,18215,1503614427741,7,-10,-10,-1,-2,-2,-4,-2
18216,18216,1503614427758,-7,-14,-13,-7,-4,-3,-3,-21
18217,18217,1503614427759,-2,28,19,6,2,1,1,25
18218,18218,1503614427764,1,1,-1,-5,-5,-2,0,8
18219,18219,1503614427772,-9,-10,-3,-2,0,-4,-1,3
18220,18220,1503614427787,-8,-4,-4,0,1,2,0,-9
18221,18221,1503614427795,-1,-9,-5,-2,-6,-3,-6,-17
18222,18222,1503614427802,-2,-2,2,3,0,-1,-3,-5
18223,18223,1503614427817,18,24,-4,3,1,0,2,-4
18224,18224,1503614427827,-7,-2,-1,1,2,0,-1,4
18225,18225,1503614427832,-3,-15,-9,-2,-1,0,-1,2
18226,18226,1503614427847,7,13,9,-1,-2,-2,-1,-4
18227,18227,1503614427854,-1,-5,10,3,3,0,-1,-9
18228,18228,1503614427862,7,27,16,4,0,-2,2,6
18229,18229,1503614427877,-3,-5,-5,-6,-2,-2,1,1
18230,18230,1503614427884,2,-7,-12,-4,-3,0,-1,-6
18231,18231,1503614427895,-5,-8,0,3,-1,-1,-1,-9
18232,18232,1503614427907,-11,-7,-2,2,2,-1,-1,-6
18233,18233,1503614427914,-6,-2,2,-2,-5,0,-2,2
18234,18234,1503614427930,-4,-11,-11,-3,-1,1,-4,-5
18235,18235,1503614427937,-1,2,4,0,0,0,-3,-2
18236,18236,1503614427944,-11,-6,-1,1,0,-1,-2,1
18237,18237,1503614427952,11,15,3,0,-2,1,-1,5
18238,18238,1503614427967,1,5,-1,-1,0,0,1,1
18239,18239,1503614427975,2,-8,-9,-2,-1,-3,1,-3
18240,18240,1503614427981,-13,-12,-6,-2,-3,-3,-2,-10
18241,18241,1503614427998,-14,11,4,2,1,-2,-3,4
18242,18242,1503614428004,12,27,-5,-4,-3,-2,0,2
18243,18243,1503614428012,32,2,-1,-1,3,1,1,4
18244,18244,1503614428028,5,-15,-7,1,-1,1,-3,-2
18245,18245,1503614428035,-16,-9,-4,-3,-2,-4,0,-7
18246,18246,1503614428049,0,-3,6,8,3,0,1,-2
18247,18247,1503614428057,-10,-14,-8,-5,-2,3,3,-16
18248,18248,1503614428065,-15,18,17,2,0,-2,-1,0
18249,18249,1503614428079,-13,-4,-3,-2,-1,0,1,-5
18250,18250,1503614428087,22,4,8,-1,-1,0,-2,-3
18251,18251,1503614428103,-2,0,2,2,2,3,1,-2
18252,18252,1503614428109,13,-3,-6,-5,-4,-1,2,10
18253,18253,1503614428118,-11,-12,-12,-3,-4,-7,-8,-5
18254,18254,1503614428124,1,-16,-9,-7,-2,-1,-3,-16
18255,18255,1503614428139,26,4,7,3,0,-1,2,27
18256,18256,1503614428147,-9,-1,0,-4,-3,-2,-3,-5
18257,18257,1503614428154,-26,-4,-2,-4,-2,-4,-6,-17
18258,18258,1503614428169,2,-1,1,1,2,1,0,0
18571,18571,1503614431228,0,2,1,-2,-1,0,1,7
18572,18572,1503614431236,-4,-3,-6,-2,-2,0,0,-1
18573,18573,1503614431245,-22,-1,2,1,0,0,-6,-39
18574,18574,1503614431252,-3,2,6,1,-2,0,-3,-1
18575,18575,1503614431268,10,1,-5,-6,-2,-3,-3,1
18576,18576,1503614431273,-1,1,-2,-3,-2,-4,1,1
18577,18577,1503614431282,-8,-1,1,2,-1,1,-4,-9
18578,18578,1503614431297,-6,-11,-10,-6,-2,-2,-1,1
18579,18579,1503614431311,3,-5,2,5,1,0,2,8
18580,18580,1503614431312,-3,-5,-2,0,0,-1,-2,0
18581,18581,1503614431326,5,-4,-11,-4,-3,1,-1,-4
18582,18582,1503614431341,-1,-4,-5,-1,2,0,-1,-3
18583,18583,1503614431345,-2,-4,1,-3,1,0,0,0
18584,18584,1503614431357,1,0,0,3,4,1,-2,-5
18585,18585,1503614431364,-2,1,2,5,3,-2,-2,-3
18586,18586,1503614431371,2,1,3,2,-3,-1,2,-5
18587,18587,1503614431387,0,-2,-2,-7,-12,-3,-3,4
18588,18588,1503614431401,5,4,3,1,0,1,-1,7
18589,18589,1503614431405,-8,2,-6,-3,-5,-2,-2,-3
18590,18590,1503614431420,-5,-2,-3,-5,1,-3,-5,-14
18591,18591,1503614431424,0,-2,1,1,3,-1,-1,1
18592,18592,1503614431431,-4,5,-7,-4,-3,1,3,-1
18593,18593,1503614431447,8,2,-11,-2,2,-2,-4,-1
18594,18594,1503614431454,4,-6,-1,-1,-4,0,2,5
18595,18595,1503614431461,-30,-12,-4,0,-2,-2,-1,-11
18596,18596,1503614431477,-10,6,11,0,0,0,0,11
18597,18597,1503614431484,-20,-6,2,0,0,-1,-3,-6
18598,18598,1503614431491,-8,-9,-7,-2,-3,-1,-3,4
18599,18599,1503614431506,15,-4,0,-3,-3,-1,-2,6
18600,18600,1503614431513,7,0,-3,1,-2,-1,-3,-9
18601,18601,1503614431521,-5,2,-1,-1,2,-1,0,-5
18602,18602,1503614431536,6,0,-1,-3,-1,1,-2,0
18603,18603,1503614431547,1,4,8,0,-1,-2,-2,4
18604,18604,1503614431552,4,-1,-1,2,-3,-5,-3,-4
18605,18605,1503614431566,9,-2,0,1,1,0,1,2
18606,18606,1503614431573,0,10,-8,-4,-1,-1,1,-15
18607,18607,1503614431582,24,7,-2,-4,-2,1,0,13
18608,18608,1503614431596,2,-14,-10,-2,-2,1,4,17
18609,18609,1503614431604,-8,-6,0,0,1,1,5,10
18610,18610,1503614431621,15,8,11,1,-2,-1,-3,-1
18611,18611,1503614431626,10,2,-7,1,1,0,7,8
18612,18612,1503614431633,15,10,-4,3,0,-1,-2,1
18613,18613,1503614431645,-4,-1,-4,-4,-2,-2,-4,-12
18614,18614,1503614431656,-8,0,8,1,-1,-1,-4,1
18615,18615,1503614431664,7,6,-14,-4,-3,-1,-2,-5
18616,18616,1503614431671,-7,-10,-2,-1,-1,-4,1,16
18617,18617,1503614431687,-4,-13,-1,-2,-1,-1,-4,-10
18618,18618,1503614431694,-3,7,-4,-1,2,1,0,-7
18619,18619,1503614431701,-13,0,4,2,0,-3,-2,8
18620,18620,1503614431718,-16,-10,-3,-3,-1,-1,2,-1
18621,18621,1503614431724,-5,9,11,2,1,-1,0,-9
18622,18622,1503614431740,16,4,1,-1,-1,-3,-1,-3
18623,18623,1503614431747,20,11,0,-2,-3,-2,-5,-12
18624,18624,1503614431755,5,0,-1,-1,0,0,-4,-17
18625,18625,1503614431769,-7,-5,-2,0,-3,-2,2,-2
18626,18626,1503614431780,-20,-3,3,0,-5,-2,-7,-31
18627,18627,1503614431784,7,-2,-3,-3,-6,0,4,26
18628,18628,1503614431799,-17,-5,-2,2,4,2,-2,-6
18629,18629,1503614431806,24,-14,-2,-5,0,0,7,35
18630,18630,1503614431814,-3,16,18,6,3,-2,2,-16
18631,18631,1503614431829,-16,-6,-4,-2,-1,1,-5,-29
18632,18632,1503614431837,-25,-17,-4,-2,-1,3,-3,-1
18633,18633,1503614431845,0,12,0,5,2,-1,-5,-29
18634,18634,1503614431859,0,3,-4,-2,0,-4,-4,-7
18635,18635,1503614431866,25,-18,-21,-2,-2,-1,2,53
18636,18636,1503614431874,26,1,-2,-1,-1,5,16,48
18637,18637,1503614431889,-21,1,8,-2,1,1,-4,-12
18638,18638,1503614431897,18,-7,-10,-8,-3,-2,12,72
18639,18639,1503614431904,-33,-3,-8,0,0,-2,-3,-26
18640,18640,1503614431919,-15,-10,-3,-2,-3,-4,-8,-15
18641,18641,1503614431926,-17,1,3,1,-1,0,-1,9
18642,18642,1503614431934,9,-1,-1,-1,-1,1,0,-4
18643,18643,1503614431949,-49,-12,0,0,1,-2,-11,-85
18644,18644,1503614431957,9,-2,-2,0,-1,-3,-4,-11
18645,18645,1503614431964,4,-3,0,-1,-1,0,-2,4
18646,18646,1503614431981,8,13,6,0,2,3,0,-5
18647,18647,1503614431986,-21,-1,1,-4,-3,-1,-3,13
18648,18648,1503614431994,-18,-16,-6,-4,-4,-4,-6,-29
18649,18649,1503614432009,34,7,9,3,-1,0,6,17
18650,18650,1503614432018,-1,8,4,1,0,0,-7,-34
18651,18651,1503614432024,20,7,8,1,0,0,1,22
18652,18652,1503614432039,17,1,-3,-2,-1,0,-1,-12
18653,18653,1503614432049,4,-3,-4,0,-2,-1,-2,-3
18654,18654,1503614432055,-15,3,4,2,-2,-1,-5,-4
18655,18655,1503614432077,18,13,7,-2,-2,0,1,7
18656,18656,1503614432078,-3,21,12,3,2,-1,2,11
18657,18657,1503614432084,6,-5,-6,-2,1,-2,-6,-12
18658,18658,1503614432099,14,4,0,0,-1,-4,-1,0
18659,18659,1503614432106,27,1,3,0,0,0,6,39
18660,18660,1503614432116,-11,-9,-3,-2,-1,0,-3,22
18661,18661,1503614432129,-18,-7,-4,-4,-3,-3,-1,-3
18662,18662,1503614432137,-33,-12,-4,-2,-1,1,0,-9
18663,18663,1503614432144,-13,-7,-2,-2,0,2,2,-4
18664,18664,1503614432160,-8,-7,-3,-1,-2,-6,1,7
18665,18665,1503614432166,10,0,0,-2,-4,-1,0,3
18666,18666,1503614432167,-5,-5,0,0,-2,1,-1,-16
18667,18667,1503614432174,8,-6,-6,1,1,2,-4,-3
18668,18668,1503614432189,-1,6,3,1,0,0,-2,1
18669,18669,1503614432197,8,-12,-14,-2,-2,-3,3,7
18670,18670,1503614432204,24,17,33,5,2,-3,7,38
18671,18671,1503614432219,-20,0,5,-1,0,0,0,-18
18672,18672,1503614432226,-18,-17,-11,-3,-1,-3,-4,-11
18673,18673,1503614432242,28,-2,-9,-10,-8,-2,-4,-17
18674,18674,1503614432253,26,13,4,3,-1,-2,0,-28
19071,19071,1503614436186,0,-12,-5,-1,0,1,-6,-17
19072,19072,1503614436202,-11,-11,4,2,0,-4,1,0
19073,19073,1503614436209,-5,16,2,4,2,-1,4,-1
19074,19074,1503614436215,6,-5,-9,-7,-4,-1,3,7
19075,19075,1503614436223,-9,-24,-13,-4,-4,0,-2,-17
19076,19076,1503614436239,-12,6,13,3,-1,-3,2,13
19077,19077,1503614436247,-11,0,0,-1,-2,1,-2,-11
19078,19078,1503614436253,20,-11,-15,-7,-4,4,10,67
19079,19079,1503614436270,5,8,6,0,0,-2,-7,20
19080,19080,1503614436275,-5,2,2,1,1,0,6,23
19081,19081,1503614436283,-7,2,1,0,1,-1,1,3
19082,19082,1503614436298,-12,1,0,-1,-2,0,-10,-34
19083,19083,1503614436306,-2,-3,2,0,-3,-3,0,3
19084,19084,1503614436314,3,-14,-21,-4,-1,-3,2,-6
19085,19085,1503614436329,2,-2,-5,2,0,0,3,18
19086,19086,1503614436337,-3,-8,1,2,1,-2,-2,-4
19087,19087,1503614436344,18,8,3,-5,-4,-1,-2,-1
19088,19088,1503614436358,1,15,5,2,2,1,-10,-19
19089,19089,1503614436366,-5,0,3,-1,1,-2,1,0
19090,19090,1503614436374,-8,5,7,2,0,-1,-2,13
19091,19091,1503614436389,-26,-10,-3,-4,-1,-4,-4,-7
19092,19092,1503614436395,25,25,24,7,1,2,3,20
19093,19093,1503614436404,-5,0,-4,1,-1,0,2,-7
19094,19094,1503614436418,-7,-11,-15,-6,-6,-2,-7,-33
19095,19095,1503614436426,10,29,15,1,-1,-2,-2,1
19096,19096,1503614436441,5,-4,2,1,-1,0,1,3
19097,19097,1503614436449,-5,-14,-20,-6,-2,-1,3,-1
19098,19098,1503614436455,-22,-20,-15,-4,0,-3,-5,-24
19099,19099,1503614436472,22,3,1,1,1,2,1,10
19100,19100,1503614436479,-12,-3,-1,-3,-1,1,-4,-13
19101,19101,1503614436486,0,1,9,2,2,0,-4,-3
19102,19102,1503614436500,-3,-8,-5,-2,2,-4,6,-5
19103,19103,1503614436501,9,2,-3,-2,-1,-4,1,20
19104,19104,1503614436509,3,-7,-5,-4,-2,0,0,3
19105,19105,1503614436515,-16,-6,3,1,-2,1,-4,-23
19106,19106,1503614436531,-3,5,7,4,1,-1,-3,-4
19107,19107,1503614436538,22,5,-2,-2,1,0,10,43
19108,19108,1503614436548,12,-10,-9,-3,0,3,1,2
19109,19109,1503614436560,19,-3,2,2,0,2,4,49
19110,19110,1503614436572,15,-9,-5,-4,0,-1,-1,10
19111,19111,1503614436577,5,-2,-4,1,-1,-2,-4,-34
19112,19112,1503614436591,10,3,1,-1,-2,-3,0,-15
19113,19113,1503614436598,-4,-1,-2,-2,-2,-2,-1,9
19114,19114,1503614436607,-2,-8,-5,-2,0,0,2,-13
19115,19115,1503614436621,-8,-2,1,-2,-1,-2,0,-13
19116,19116,1503614436629,0,1,1,2,-1,-1,1,-2
19117,19117,1503614436639,9,-1,1,3,1,-5,-7,-10
19118,19118,1503614436651,6,16,4,3,-1,2,-2,8
19119,19119,1503614436658,-3,-3,0,-2,-1,2,1,0
19120,19120,1503614436666,-1,0,2,-2,-1,-2,1,10
19121,19121,1503614436685,0,2,-4,-3,-2,-3,-3,6
19464,19464,1503614440026,7,9,11,6,1,0,-1,-3
19465,19465,1503614440034,-9,-10,-12,-8,-4,-5,-2,-9
19466,19466,1503614440048,-2,-6,-10,-2,-3,-1,-4,5
19467,19467,1503614440049,-6,-14,-9,-5,-1,-2,1,-2
19468,19468,1503614440056,-5,-10,-12,-2,0,0,-4,-8
19469,19469,1503614440064,-5,-12,-16,-7,-1,-1,-1,-4
19470,19470,1503614440078,2,18,7,2,-1,2,3,-1
19471,19471,1503614440089,3,-1,-5,-1,0,-3,0,7
19472,19472,1503614440093,-8,-14,-7,-2,0,-2,-2,-9
19473,19473,1503614440094,9,19,13,5,4,3,6,7
19474,19474,1503614440108,4,8,7,1,-2,2,-2,6
19475,19475,1503614440116,-5,0,3,2,-2,-4,-5,-10
19476,19476,1503614440124,1,-1,6,-2,-3,-2,-1,2
19477,19477,1503614440138,-6,-2,0,-2,-3,-2,-4,-11
19478,19478,1503614440147,0,6,-4,1,2,1,-1,-2
19479,19479,1503614440161,-4,-4,-9,-3,0,0,-3,-2
19480,19480,1503614440168,-10,-15,-12,-6,-4,-4,-3,-16
19481,19481,1503614440176,6,15,7,4,-1,0,0,1
19482,19482,1503614440191,4,-1,0,-4,-6,-1,0,-2
19483,19483,1503614440198,-3,-13,-6,-3,-3,-3,-5,-3
19484,19484,1503614440206,-2,3,5,2,-1,0,1,2
19485,19485,1503614440229,3,0,9,3,1,3,1,5
19486,19486,1503614440236,-6,-14,0,1,5,-2,-2,-5
19487,19487,1503614440251,7,29,36,14,8,2,4,5
19488,19488,1503614440258,4,27,33,9,2,0,-2,-4
19489,19489,1503614440266,0,-1,-15,-8,-2,-5,-6,-4
19490,19490,1503614440280,-2,-9,-6,-6,3,1,0,1
19491,19491,1503614440291,2,-10,-10,-4,-3,-1,-1,-1
19492,19492,1503614440296,-7,-15,-6,3,-6,-1,-3,-6
19493,19493,1503614440311,5,31,-6,8,2,0,-3,-9
19494,19494,1503614440318,0,-11,-14,-7,-1,-2,1,4
19495,19495,1503614440326,-17,-51,-41,-17,-7,-4,-2,0
19496,19496,1503614440340,0,6,5,0,-3,-1,1,-6
19497,19497,1503614440349,-1,-2,0,-1,4,-4,-2,-1
19498,19498,1503614440357,-4,-8,-2,3,-2,-2,-4,-4
19499,19499,1503614440371,4,6,12,9,-10,2,0,-3
19500,19500,1503614440378,-3,-9,-11,-6,-9,-2,-1,4
19501,19501,1503614440386,2,6,15,1,6,2,1,4
19502,19502,1503614440400,-8,-23,-18,-7,0,-5,-1,-4
19503,19503,1503614440408,3,21,34,8,6,2,3,4
19504,19504,1503614440416,7,23,23,8,4,4,1,6
19505,19505,1503614440433,-4,-15,-18,-11,-9,-4,-3,0
19506,19506,1503614440438,-3,-5,-1,-1,-2,-3,-4,0
19507,19507,1503614440446,-1,0,-1,-3,-4,-2,-2,1
19508,19508,1503614440460,-4,-8,-7,-1,7,5,1,-1
19509,19509,1503614440468,13,8,1,4,5,2,1,0
19510,19510,1503614440476,6,6,11,4,-2,-1,-2,1
19511,19511,1503614440491,-3,-11,-27,-18,-10,-4,-3,-6
19512,19512,1503614440499,3,4,0,2,3,1,2,0
19513,19513,1503614440506,-12,-18,-10,-6,-3,-2,6,26
19514,19514,1503614440521,10,8,-1,-7,-4,-4,0,-9
19515,19515,1503614440529,36,1,-1,4,3,-1,-4,-10
19516,19516,1503614440536,2,-12,-5,-2,-5,-3,2,7
19517,19517,1503614440551,-14,-14,1,3,3,0,-3,0
19518,19518,1503614440559,-4,10,15,3,-1,-3,-6,-13
19519,19519,1503614440567,-16,1,1,0,1,1,1,1
19520,19520,1503614440581,-4,18,4,1,1,3,1,3
19521,19521,1503614440591,-9,-3,0,2,1,-1,-3,-24
19522,19522,1503614440596,-6,-12,-8,-4,-3,0,1,-6
19523,19523,1503614440611,-2,7,1,-4,-4,-4,-1,2
19524,19524,1503614440618,-10,-10,-6,-3,2,2,-1,0
19525,19525,1503614440627,-25,-10,-5,-4,-1,-3,-3,-5
19526,19526,1503614440640,2,7,4,0,0,1,3,7
19527,19527,1503614440648,-44,-11,-7,-5,-4,-2,-7,-14
19528,19528,1503614440658,-4,-13,-6,1,-1,-2,2,23
19529,19529,1503614440671,10,5,3,3,-1,-1,-1,1
19530,19530,1503614440678,-11,-9,-18,-8,-5,-6,-8,-17
19531,19531,1503614440686,15,5,2,-1,-1,-1,4,37
19532,19532,1503614440687,10,2,8,7,5,1,1,0
19533,19533,1503614440700,20,12,1,1,-2,-1,4,6
19534,19534,1503614440708,-22,-8,-8,-3,-3,-3,0,-11
19535,19535,1503614440716,-21,3,8,2,3,1,3,-12
19536,19536,1503614440731,3,2,1,1,3,1,-1,5
19537,19537,1503614440738,13,-8,-15,-6,-4,-2,-5,7
19538,19538,1503614440746,15,5,8,4,1,3,4,0
19539,19539,1503614440760,-18,-21,-1,0,-2,1,-1,-3
19540,19540,1503614440768,38,19,8,4,0,1,13,44
19541,19541,1503614440776,4,-1,-2,-1,1,1,-5,-22
19542,19542,1503614440792,4,-3,-8,-4,-2,-1,0,-7
19543,19543,1503614440799,-14,-4,3,1,3,-2,-3,-18
19544,19544,1503614440807,40,5,-4,-2,0,-2,-6,-24
19545,19545,1503614440820,-2,-5,-2,-1,-2,-1,-3,-3
19546,19546,1503614440829,-15,2,4,6,3,2,0,9
19547,19547,1503614440836,6,4,-9,-8,-3,-4,-2,10
19548,19548,1503614440851,-3,-11,-5,-4,-2,-1,1,10
19549,19549,1503614440859,-8,0,0,-1,-2,-1,0,-5
19550,19550,1503614440867,-3,-4,-4,-5,0,-1,-2,1
19551,19551,1503614440880,3,2,-4,3,2,-1,-2,4
19552,19552,1503614440888,-7,-10,-3,-4,-6,-1,-2,-2
19553,19553,1503614440896,10,9,14,5,2,-1,-2,20
19554,19554,1503614440911,29,19,-1,0,1,1,-1,-8
19555,19555,1503614440918,16,16,2,2,-1,-1,1,-11
19556,19556,1503614440926,-13,-10,-4,-1,0,2,-2,-11
19557,19557,1503614440940,-5,-4,1,-1,-2,0,0,15
19558,19558,1503614440948,5,-1,-3,-3,-2,-3,-1,8
19559,19559,1503614440956,-8,-7,-4,-1,-2,-1,2,0
19560,19560,1503614440971,-12,0,5,3,2,-2,-2,2
19561,19561,1503614440978,10,-12,-6,-1,8,3,-1,7
19562,19562,1503614440986,-12,-8,1,-3,-3,1,3,9
19563,19563,1503614441001,-1,4,-6,-5,-5,-5,-4,-2
19564,19564,1503614441008,-20,10,11,0,-3,-3,-5,1
19917,19917,1503614444481,-3,1,5,1,4,-1,1,-4
19918,19918,1503614444489,14,-4,-5,-3,-1,0,-1,3
19919,19919,1503614444496,0,-4,-3,-1,-1,0,0,8
19920,19920,1503614444511,5,-13,-6,1,-1,-4,0,3
19921,19921,1503614444519,48,16,4,3,0,0,2,2
19922,19922,1503614444527,8,10,1,0,2,4,2,28
19923,19923,1503614444541,-15,-5,-2,-2,0,-3,1,1
19924,19924,1503614444549,-5,1,-4,-3,-1,-4,-3,-6
19925,19925,1503614444556,-9,5,9,5,2,1,0,9
19926,19926,1503614444571,2,-1,-8,-3,-1,3,0,9
19927,19927,1503614444578,6,-11,-12,-6,-5,-3,-4,-7
19928,19928,1503614444587,-7,-5,2,-1,1,0,-1,-11
19929,19929,1503614444601,17,12,1,-1,0,-1,0,11
19930,19930,1503614444612,-3,-2,-1,-1,-6,-3,-6,-4
19931,19931,1503614444616,-20,-3,-1,-3,-1,0,-1,-9
19932,19932,1503614444631,1,4,2,4,1,-1,-6,-11
19933,19933,1503614444638,-5,-5,-3,-5,-3,1,-3,8
19934,19934,1503614444647,-7,1,1,1,4,4,4,-3
19935,19935,1503614444661,-3,3,-1,0,2,-2,1,1
19936,19936,1503614444669,-2,0,3,-1,-4,-3,-6,-3
19937,19937,1503614444678,4,0,1,0,-5,-2,-3,13
19938,19938,1503614444691,3,-4,-6,-5,-4,-1,0,-7
19939,19939,1503614444698,-12,-7,-5,-4,-4,-1,-1,-10
19940,19940,1503614444706,0,-5,1,0,3,0,4,12
19941,19941,1503614444721,-6,3,-3,-2,-2,0,-3,1
19942,19942,1503614444729,-4,-4,-6,-2,-4,-2,-6,-21
19943,19943,1503614444736,-1,3,3,1,-4,-3,-2,-15
19944,19944,1503614444751,-1,2,0,-2,-3,0,1,1
19945,19945,1503614444758,12,-1,0,-2,1,0,2,3
19946,19946,1503614444766,3,2,8,3,1,-1,1,9
19947,19947,1503614444782,-6,-2,0,1,3,1,3,1
19948,19948,1503614444789,-20,-5,-6,0,2,1,-4,-22
19949,19949,1503614444796,-6,-2,3,1,0,-1,-2,-1
19950,19950,1503614444812,-4,-1,1,2,1,1,2,0
19951,19951,1503614444820,2,-3,0,2,4,0,3,10
19952,19952,1503614444833,-1,-2,-2,-4,-2,0,2,14
19953,19953,1503614444841,0,0,-4,-2,-1,-3,3,3
19954,19954,1503614444849,-2,6,2,-1,-2,-1,-1,-1
19955,19955,1503614444863,3,-2,-2,-2,-2,-3,-4,-7
19956,19956,1503614444871,7,-7,-5,-1,-1,2,5,9
19957,19957,1503614444879,-9,-2,2,-1,-1,0,-2,4
19958,19958,1503614444893,3,-1,-3,0,0,-5,0,-6
19959,19959,1503614444901,-3,0,1,-1,1,0,-1,5
19960,19960,1503614444909,0,0,-1,-4,0,0,-4,-6
19961,19961,1503614444924,-3,0,-1,0,-4,1,1,-2
19962,19962,1503614444931,3,-2,-2,1,-2,-1,-2,1
19963,19963,1503614444940,-1,0,-2,-4,-2,-2,1,-3
19964,19964,1503614444954,-2,9,11,0,-2,0,-1,-1
19965,19965,1503614444961,2,7,3,0,2,2,-3,2
19966,19966,1503614444971,3,0,-1,2,2,-1,2,11
19967,19967,1503614444984,-9,-7,-1,5,2,0,-2,-13
19968,19968,1503614444991,-2,-6,-6,-1,-2,0,0,5
19969,19969,1503614444998,2,1,-1,-2,-2,-2,2,-2
19970,19970,1503614445021,3,14,29,8,1,2,-6,-9
19971,19971,1503614445029,-5,-8,-9,-4,-7,-4,0,4
19972,19972,1503614445042,0,-7,-13,-9,-6,-1,-1,3
19973,19973,1503614445051,5,1,1,1,2,2,1,5
19974,19974,1503614445058,5,-3,-7,-5,1,0,2,10
19975,19975,1503614445073,-2,4,-1,0,-1,-1,-5,-14
19976,19976,1503614445081,-1,5,3,2,-2,0,5,0
19977,19977,1503614445089,-1,5,-3,-3,0,2,3,1
19978,19978,1503614445102,-9,-5,-4,1,0,-1,-2,-8
19979,19979,1503614445111,2,0,0,0,-3,-4,2,4
19980,19980,1503614445120,-3,-8,-10,-3,-2,-5,-4,-6
19981,19981,1503614445133,1,0,1,0,4,1,-4,-16
19982,19982,1503614445141,-3,-8,-7,-3,-3,-1,0,5
19983,19983,1503614445149,8,22,8,-2,-5,-5,1,-4
19984,19984,1503614445162,2,-1,-5,-1,-2,1,1,-14
19985,19985,1503614445171,-5,-23,-15,-3,-3,-1,0,-3
19986,19986,1503614445180,-4,1,11,4,-3,-4,-1,9
19987,19987,1503614445193,5,2,4,0,0,0,-4,1
19988,19988,1503614445201,-8,-12,-8,-4,-1,0,-2,-3
19989,19989,1503614445209,-3,-1,1,1,5,-2,-2,-2
19990,19990,1503614445223,4,5,0,0,-1,0,-1,2
19991,19991,1503614445231,7,13,2,-2,-3,-1,-7,2
19992,19992,1503614445238,-7,-6,-1,1,1,-3,-3,-5
19993,19993,1503614445253,-4,-3,0,0,0,-1,-1,0
19994,19994,1503614445254,-1,-9,-1,1,1,3,1,-2
19995,19995,1503614445262,7,11,10,-1,1,2,1,-11
19996,19996,1503614445269,-4,-1,2,-3,-1,-2,4,0
19997,19997,1503614445283,-1,-21,-13,-2,-2,1,1,3
19998,19998,1503614445291,-1,-3,-6,-3,-2,1,0,-5
19999,19999,1503614445298,-7,-3,-6,-1,0,-2,-6,-6
20000,20000,1503614445314,-29,1,-1,-2,-3,-1,-3,-1
20001,20001,1503614445321,8,2,-8,-7,-4,0,1,4
20002,20002,1503614445329,3,-3,-1,-1,-5,-3,-1,-9
20003,20003,1503614445342,4,6,9,5,2,-2,-3,7
20004,20004,1503614445351,1,-7,-9,-5,-1,-3,-3,-1
20005,20005,1503614445359,9,22,2,1,0,0,3,28
20006,20006,1503614445373,6,5,15,6,1,-3,0,12
20007,20007,1503614445381,-6,-18,-10,-3,-1,-4,-2,9
20008,20008,1503614445389,14,29,14,2,1,5,4,9
20009,20009,1503614445402,-4,-11,-9,-5,-1,-2,1,-5
20010,20010,1503614445411,2,9,4,2,1,-1,-2,-5
20011,20011,1503614445419,1,-6,-4,-5,-3,0,-4,-5
20012,20012,1503614445433,-2,-6,-2,-3,-2,0,-1,-6
20013,20013,1503614445441,-4,-5,3,2,0,0,0,-11
20014,20014,1503614445450,-24,-13,-7,-1,-1,-3,-7,-23
20015,20015,1503614445463,-8,-1,5,0,0,-1,-4,-7
20016,20016,1503614445471,6,-15,-14,-2,-4,-4,1,9
20017,20017,1503614445478,-7,-7,1,2,1,0,-2,-12
20018,20018,1503614445493,-4,18,7,-1,0,3,5,-4
20019,20019,1503614445501,2,-3,-3,0,-1,-1,-4,1
20020,20020,1503614445509,2,3,20,5,2,1,-1,16
20021,20021,1503614445523,-3,2,-1,-3,-3,0,0,0
20022,20022,1503614445531,7,1,1,1,2,-1,-6,0
20023,20023,1503614445539,-6,-9,-10,0,0,-1,0,-11
20024,20024,1503614445553,4,-1,-4,-3,-5,1,-2,-12
20025,20025,1503614445561,3,2,-2,-2,-2,-2,-3,-5
20026,20026,1503614445569,0,-16,-3,-4,-3,-3,-4,0
20027,20027,1503614445583,-6,3,-2,0,-2,-2,-2,-3
20028,20028,1503614445591,6,-14,-10,0,0,-1,1,38
20029,20029,1503614445598,6,8,18,2,2,3,3,8
20030,20030,1503614445613,-14,-16,-9,-2,-2,0,2,-7
20031,20031,1503614445621,6,7,-2,-4,-2,0,-1,0
20032,20032,1503614445629,-6,-2,-8,-3,-1,0,-2,-21
20033,20033,1503614445642,10,34,15,3,0,2,3,-1
20034,20034,1503614445651,-3,0,-8,-9,-3,-8,-3,-6
20035,20035,1503614445658,-9,-19,-10,-1,-2,-1,1,5
20036,20036,1503614445673,17,7,-4,4,4,0,6,29
20037,20037,1503614445683,2,-6,-2,-1,0,0,1,3
20038,20038,1503614445689,-12,-12,-4,-2,1,2,-2,-12
20341,20341,1503614448643,3,1,-8,-3,0,-1,-1,-7
20342,20342,1503614448651,-3,-1,4,1,1,-1,-1,5
20343,20343,1503614448658,-1,3,5,-1,1,1,-1,-5
20344,20344,1503614448673,-11,-6,-5,0,-2,-2,-4,-4
20345,20345,1503614448680,1,-2,0,-1,-3,-3,0,5
20346,20346,1503614448689,4,14,21,6,0,2,2,5
20347,20347,1503614448703,3,17,5,-1,-2,-3,0,9
20348,20348,1503614448711,1,3,-7,-4,-2,-2,0,-3
20349,20349,1503614448718,-2,-9,-10,-3,-5,-2,-2,-5
20350,20350,1503614448733,2,2,1,-2,-3,0,1,3
20351,20351,1503614448740,0,1,1,-1,-3,-1,-1,-1
20352,20352,1503614448741,-3,-4,-4,-3,1,1,0,-5
20353,20353,1503614448748,2,-2,2,-2,-3,-2,-4,2
20354,20354,1503614448749,-3,1,0,0,1,1,0,-8
20355,20355,1503614448765,-4,-2,3,-1,1,-2,1,-2
20356,20356,1503614448771,6,4,9,5,3,1,-2,-6
20357,20357,1503614448778,3,-8,-10,-5,-5,-2,-2,14
20358,20358,1503614448793,-4,2,10,0,1,2,1,0
20359,20359,1503614448801,1,0,0,2,1,1,-1,-8
20360,20360,1503614448809,-2,-6,-9,-4,-2,-3,0,6
20361,20361,1503614448823,-3,-2,-1,1,0,-1,0,-2
20362,20362,1503614448833,5,4,1,-2,1,-1,-1,2
20363,20363,1503614448838,-4,-6,-2,2,0,-1,-3,2
20364,20364,1503614448860,-1,-1,2,2,-1,-1,0,3
20365,20365,1503614448861,-1,2,3,1,1,-1,-1,-6
20366,20366,1503614448869,0,-6,-7,-3,-1,0,-1,0
20367,20367,1503614448883,2,2,4,-3,-1,0,-1,-6
20368,20368,1503614448891,8,-1,-9,-4,-5,-2,4,35
20369,20369,1503614448899,2,9,7,2,-1,1,0,-4
20370,20370,1503614448913,-4,4,-1,-2,-1,0,-3,-16
20371,20371,1503614448920,3,-7,-5,0,-2,0,0,3
20372,20372,1503614448929,5,6,4,2,0,-1,-4,-10
20373,20373,1503614448943,3,-7,-10,0,2,0,0,0
20374,20374,1503614448951,-8,-7,-3,-2,-1,-3,-4,-7
20375,20375,1503614448958,3,3,5,1,-4,-2,2,5
20376,20376,1503614448973,-2,-3,-3,-3,-8,-3,-3,5
20377,20377,1503614448980,-3,0,-3,-4,0,-1,-3,-2
20378,20378,1503614448989,-8,-11,-10,-6,-3,-1,-1,-9
20379,20379,1503614449003,-2,8,11,4,-1,-2,-2,-3
20380,20380,1503614449011,-6,3,0,-2,0,-2,-2,1
20381,20381,1503614449018,-1,-19,-9,-2,2,1,1,4
20382,20382,1503614449033,-2,-11,-1,-1,1,-2,1,-4
20383,20383,1503614449041,-6,7,1,-1,-2,0,-2,-2
20384,20384,1503614449049,6,9,-3,-2,1,0,0,2
20385,20385,1503614449063,-1,6,11,3,-3,-3,-3,-5
20386,20386,1503614449072,3,2,2,3,0,2,2,4
20387,20387,1503614449078,9,1,-2,0,-1,3,2,2
20388,20388,1503614449093,-4,-9,8,3,0,-1,-1,-9
20389,20389,1503614449101,-1,6,5,0,0,-3,-1,-3
20390,20390,1503614449108,1,-6,-10,-2,0,-1,-4,-6
20391,20391,1503614449123,8,22,8,7,4,3,2,-3
20392,20392,1503614449134,2,-7,-9,-7,-6,-4,-1,-5
20393,20393,1503614449139,-5,-13,-18,-4,-4,-4,-6,-6
20394,20394,1503614449153,-8,1,0,0,-2,-2,-2,-5
20395,20395,1503614449160,-10,-20,-12,-7,-5,-2,0,-6
20396,20396,1503614449169,2,2,3,4,3,3,0,1
20397,20397,1503614449183,-1,-6,-8,-2,-2,-1,-7,2
20398,20398,1503614449191,1,-2,-3,2,5,3,2,15
20399,20399,1503614449201,2,2,7,3,-1,2,4,5
20400,20400,1503614449213,-6,6,8,2,-1,1,-1,-4
20401,20401,1503614449220,-8,-10,-9,-3,1,-2,0,-6
20402,20402,1503614449228,1,10,16,3,-1,-2,-1,-3
20403,20403,1503614449243,-2,9,3,-3,-2,-2,-1,-6
20404,20404,1503614449251,0,-6,-9,-2,-2,-1,-2,-1
20405,20405,1503614449258,-7,-16,-2,-1,1,-2,-1,4
20406,20406,1503614449273,7,-4,-7,-2,2,-3,-1,3
20407,20407,1503614449280,4,3,-1,-6,-3,-2,0,0
20408,20408,1503614449281,2,-3,1,-4,0,1,1,7
20409,20409,1503614449288,-1,3,4,5,-2,-1,-1,-5
20410,20410,1503614449303,2,-4,-8,-2,1,3,1,5
20411,20411,1503614449311,-1,5,-1,-1,0,6,0,0
20412,20412,1503614449318,-3,5,3,0,0,-7,-6,-7
20413,20413,1503614449335,8,-4,-8,-6,1,-5,1,2
20414,20414,1503614449341,1,21,32,11,2,1,0,6
20415,20415,1503614449349,0,-17,-10,-3,-2,-5,2,7
20416,20416,1503614449363,2,3,-4,-2,-2,0,-1,3
20417,20417,1503614449372,-7,1,3,-2,-3,-4,-3,-10
20418,20418,1503614449378,-3,-5,-10,0,4,-1,1,-5
20419,20419,1503614449393,0,1,-1,-3,-1,1,-5,-4
20420,20420,1503614449401,2,0,-1,-1,0,3,3,9
20421,20421,1503614449409,9,13,13,5,3,2,0,16
20422,20422,1503614449423,-5,3,9,3,0,-1,-2,-17
20423,20423,1503614449431,-4,-3,-4,-1,-2,0,0,-6
20424,20424,1503614449438,-1,-5,-7,-5,-4,-2,0,-4
