,SampleNumber,TimeStamp,EMG1,EMG2,EMG3,EMG4,EMG5,EMG6,EMG7,EMG8
0,0,1503612421078,-2,-4,-1,0,-1,0,0,-1
1,1,1503612421087,-1,1,0,-2,-2,-2,0,-3
2,2,1503612421101,-1,-3,-1,-1,0,-2,0,0
3,3,1503612421110,0,-3,-1,0,0,-2,0,2
4,4,1503612421124,0,-1,-3,-3,0,-1,-2,-4
5,5,1503612421131,-1,-2,-2,0,-3,-1,-2,-2
6,6,1503612421143,-1,-3,1,1,-1,0,-1,-1
7,7,1503612421147,-2,0,3,-1,0,1,-3,0
8,8,1503612421162,0,-1,-2,-2,-1,0,-2,-5
9,9,1503612421169,1,0,-3,1,-1,-1,1,2
10,10,1503612421184,-1,-2,0,-1,-1,-2,0,-1
11,11,1503612421191,2,1,-2,-2,-1,2,-2,0
12,12,1503612421199,1,0,-2,-1,-2,-1,0,2
13,13,1503612421208,0,-2,-3,-2,-1,-3,0,1
14,14,1503612421222,-3,-2,2,-1,0,-2,-1,-1
15,15,1503612421229,-1,0,-1,-2,0,-2,-2,0
16,16,1503612421251,0,-1,-2,-2,-1,-2,-1,-1
17,17,1503612421253,0,1,1,-1,1,1,-1,-5
18,18,1503612421260,1,0,-2,-2,-2,2,-1,1
19,19,1503612421266,-2,-1,-1,0,-1,1,1,2
20,20,1503612421282,-2,-1,0,0,1,0,-1,-1
21,21,1503612421289,2,0,0,0,1,-1,-1,1
22,22,1503612421304,1,-2,-3,-1,-2,-3,-1,1
23,23,1503612421312,-1,-2,2,0,-1,-1,0,0
24,24,1503612421327,-2,3,-1,-1,-1,-3,-2,-4
25,25,1503612421342,-2,-2,-1,-1,-1,-1,-1,-1
26,26,1503612421350,-2,-2,-4,-4,-3,-2,-2,-1
27,27,1503612421370,-1,4,0,-1,0,-3,-1,0
28,28,1503612421372,3,3,-1,1,0,1,-1,-1
29,29,1503612421381,0,-6,-2,0,0,2,-1,-1
30,30,1503612421387,-1,-1,1,-1,0,-1,1,1
31,31,1503612421402,-1,-2,1,1,-2,-2,-2,-1
32,32,1503612421409,-2,-3,-2,-2,-1,1,-2,-3
33,33,1503612421425,-1,4,1,-1,1,1,-1,-1
34,34,1503612421431,-2,-1,0,0,-1,-1,0,0
35,35,1503612421439,2,2,2,0,-3,-1,1,0
36,36,1503612421448,1,0,1,-1,-1,-3,1,1
37,37,1503612421462,-2,0,0,-1,-1,-1,-1,-1
38,38,1503612421469,0,-1,-2,0,0,-1,0,0
39,39,1503612421484,-1,-4,-2,-1,0,-2,-2,-1
40,40,1503612421493,-2,-5,-5,-2,0,1,-2,0
41,41,1503612421499,4,0,-4,0,2,1,1,0
42,42,1503612421506,-3,-3,1,0,-1,0,-4,-3
43,43,1503612421523,-3,0,-1,-1,-3,-2,-1,2
44,44,1503612421529,3,6,1,0,0,-2,-2,-3
45,45,1503612421544,-3,-4,-4,-2,-3,0,-1,-2
46,46,1503612421551,-3,-1,1,2,0,1,0,-4
47,47,1503612421560,1,1,-1,0,0,-1,-3,-2
48,48,1503612421574,-1,-1,-1,-1,-1,0,2,1
49,49,1503612421583,-1,-3,0,-1,0,-1,1,1
50,50,1503612421589,1,1,-1,-3,-1,-2,-2,-1
51,51,1503612421604,-2,0,-1,-3,-2,-4,0,-1
52,52,1503612421611,-2,-5,-1,-1,0,-1,-1,0
53,53,1503612421619,0,-3,-3,-3,-2,1,-2,-3
54,54,1503612421634,1,-2,-1,-1,-1,-1,0,-4
55,55,1503612421642,-1,5,0,2,1,-2,0,0
56,56,1503612421649,-1,-2,-4,-1,-1,-1,-1,0
57,57,1503612421664,-2,-2,-1,-2,1,-2,1,0
58,58,1503612421672,1,7,-1,-1,-3,-1,0,-1
59,59,1503612421679,-3,-5,0,0,-1,1,-2,0
60,60,1503612421694,1,2,1,2,-1,-1,0,0
61,61,1503612421702,-4,-1,1,0,-1,0,0,0
62,62,1503612421709,-2,-1,-1,-2,-3,-2,1,0
63,63,1503612421724,1,1,0,0,0,-1,-1,-1
64,64,1503612421731,1,0,-1,0,1,0,-1,0
65,65,1503612421739,2,0,1,-1,-1,-1,-1,0
66,66,1503612421754,2,2,0,-2,-1,0,0,1
67,67,1503612421762,-1,-4,-2,-1,-1,-2,-3,-3
68,68,1503612421769,-1,-3,-1,-2,-2,-1,-2,-2
69,69,1503612421784,-2,-1,0,-1,0,-1,0,1
70,70,1503612421791,-3,-1,-3,-2,-3,-2,-2,2
71,71,1503612421799,0,2,-2,-1,1,0,0,-1
72,72,1503612421814,2,-4,-3,0,1,0,2,0
73,73,1503612421822,0,2,0,-1,-1,0,-1,-4
74,74,1503612421829,-2,-2,1,2,0,-1,-2,0
75,75,1503612421844,0,-2,-1,0,-2,-3,-1,-4
76,76,1503612421851,-2,-2,0,-1,-2,0,-2,-3
77,77,1503612421859,-5,6,-1,-3,-4,-1,-2,-2
78,78,1503612421874,-4,2,1,0,1,1,-1,-3
79,79,1503612421883,1,1,-1,0,-2,-1,-1,0
80,80,1503612421889,-1,-1,-1,-2,-1,-1,-1,-1
81,81,1503612421904,-2,-5,-2,0,2,0,1,2
82,82,1503612421911,0,-5,-1,-1,-1,0,-1,0
83,83,1503612421919,1,3,1,-2,-2,-1,0,1
84,84,1503612421934,1,0,-2,-1,0,-1,-1,-1
85,85,1503612421942,2,2,1,-1,1,1,0,2
86,86,1503612421951,-1,-1,-1,-1,1,-3,-1,-2
87,87,1503612421964,0,-6,-3,2,2,-1,-2,0
88,88,1503612421971,-4,3,0,-1,-1,-1,2,0
89,89,1503612421979,1,-2,-3,-3,-4,-2,-1,-3
90,90,1503612421994,0,-4,-3,0,1,0,-1,-1
91,91,1503612422002,-2,-2,-1,-2,-1,2,-3,-3
92,92,1503612422008,-4,4,-1,-1,-1,-1,-2,-2
93,93,1503612422024,-3,-2,0,1,1,-1,-1,2
94,94,1503612422031,1,1,-1,-2,-1,0,-1,-1
95,95,1503612422039,-1,-3,1,-3,-2,-2,-1,-2
96,96,1503612422056,-1,2,0,1,-1,0,1,0
97,97,1503612422062,3,1,-2,0,-2,-2,-2,-1
98,98,1503612422069,0,-1,-1,-3,-1,-1,-1,-2
99,99,1503612422085,-3,-3,-3,-1,-1,1,0,-1
100,100,1503612422091,1,-2,-2,0,1,0,-1,-2
101,101,1503612422099,0,-3,0,0,0,-2,1,-3
102,102,1503612422113,0,-2,-1,-3,-1,1,0,3
103,103,1503612422122,2,3,0,-1,-1,-1,1,1
104,104,1503612422129,1,-1,-1,0,-3,0,0,1
105,105,1503612422144,0,-3,0,0,0,-1,0,0
106,106,1503612422153,-4,-1,1,0,-1,-2,-1,-1
107,107,1503612422159,0,4,0,-2,-1,0,-2,0
108,108,1503612422174,-3,2,-1,0,0,-2,-1,-1
109,109,1503612422182,-1,-2,-1,-1,0,-2,-1,0
110,110,1503612422189,0,1,-2,-2,-1,-1,-2,-3
111,111,1503612422204,1,-1,-2,1,-1,-2,-1,-4
112,112,1503612422211,0,1,0,-1,-1,-1,-1,0
113,113,1503612422224,0,2,0,-2,-1,-1,-1,1
114,114,1503612422234,-1,-2,-1,-1,-1,0,-1,-1
115,115,1503612422242,-3,0,-2,-3,-2,-1,-1,1
116,116,1503612422249,2,6,3,0,1,-1,-2,-2
117,117,1503612422264,0,0,-1,-1,1,-1,-3,-2
118,118,1503612422271,-3,-2,-2,-1,-2,-1,-1,-2
119,119,1503612422279,-1,2,0,1,0,1,0,-3
120,120,1503612422295,1,-1,-2,-1,0,-2,1,2
121,121,1503612422302,-1,-1,-1,0,-2,-1,0,1
122,122,1503612422309,-2,-3,0,1,0,0,1,-1
123,123,1503612422324,-1,-6,-2,1,-2,-2,-1,-3
124,124,1503612422331,-4,-4,-2,-2,0,-1,0,0
125,125,1503612422339,-4,-4,-1,-1,-2,0,-1,-1
126,126,1503612422354,2,2,-2,-2,1,-1,-1,-2
127,127,1503612422362,-1,0,-1,-1,-1,1,1,-1
128,128,1503612422369,-1,-3,-1,0,-3,-2,-2,0
129,129,1503612422384,1,0,-3,0,1,-1,-2,1
130,130,1503612422386,2,-1,0,-1,-1,0,-1,0
131,131,1503612422391,2,-1,-2,-3,-3,-2,-2,-1
132,132,1503612422407,-3,1,-1,-2,0,1,1,-4
133,133,1503612422413,-3,-3,-2,-2,-3,-2,0,-1
134,134,1503612422414,2,2,0,0,-1,1,-2,-1
135,135,1503612422425,4,1,-1,1,2,-1,-2,2
136,136,1503612422429,-6,-5,-1,-1,-1,2,1,-1
137,137,1503612422444,-1,0,-2,-1,0,-1,0,2
138,138,1503612422451,1,-1,-1,0,-1,-1,-2,-1
139,139,1503612422459,-2,-3,0,-1,-2,-2,-2,-1
140,140,1503612422474,0,1,0,0,0,0,-1,-3
141,141,1503612422482,-1,9,1,0,1,0,-2,-2
142,142,1503612422491,1,6,1,0,-2,-1,0,-3
143,143,1503612422504,-2,-3,-2,-2,-2,-1,-3,-4
144,144,1503612422511,-2,-6,1,-1,-1,-1,-3,-2
145,145,1503612422520,0,5,0,0,1,-3,-1,0
146,146,1503612422521,-1,-2,-1,-5,-2,-1,1,0
147,147,1503612422534,0,-2,-4,1,-1,-1,0,-1
148,148,1503612422542,-2,-1,0,-1,2,0,0,0
149,149,1503612422549,-3,-1,-3,0,0,0,0,0
150,150,1503612422564,-1,4,-3,0,-2,-3,0,2
151,151,1503612422571,0,-2,-2,-2,-3,-2,0,0
152,152,1503612422586,0,0,0,-2,-2,-1,-2,0
153,153,1503612422601,1,-1,-4,-1,-1,-1,1,1
154,154,1503612422602,-3,-4,-3,-1,1,-2,0,-1
155,155,1503612422616,0,5,0,0,-1,0,-1,-2
156,156,1503612422625,2,-2,0,2,1,0,0,-1
157,157,1503612422632,-3,-7,0,-2,-2,-1,0,1
158,158,1503612422647,2,2,2,0,0,0,-1,-1
159,159,1503612422656,-1,0,2,-2,1,-1,1,-2
160,160,1503612422662,0,-2,-2,-1,-3,-2,-2,-2
161,161,1503612422676,3,0,-1,2,0,1,0,-1
162,162,1503612422684,-1,1,0,-2,-3,0,1,-3
163,163,1503612422693,-3,-2,-2,-2,1,-3,0,-1
164,164,1503612422706,0,-5,0,0,-2,0,-2,-4
165,165,1503612422714,-6,-2,1,-1,0,-1,-3,-5
166,166,1503612422727,-1,2,0,-1,-1,-2,-1,3
167,167,1503612422736,0,1,-2,-1,0,2,0,0
168,168,1503612422744,-2,-2,0,0,0,0,-1,-1
169,169,1503612422751,3,-5,-5,-1,0,-2,-1,1
170,170,1503612422766,1,-3,-2,0,0,0,1,2
171,171,1503612422774,1,-2,0,-3,-2,-1,-1,1
172,172,1503612422782,3,-2,-2,0,0,-1,1,-2
173,173,1503612422797,-1,3,1,0,1,0,-2,-1
174,174,1503612422804,-4,-6,-4,2,0,1,-1,0
175,175,1503612422811,-2,1,-1,0,-2,-1,1,3
176,176,1503612422827,3,-1,1,-3,-1,-3,-1,-5
177,177,1503612422834,-3,-4,-3,-2,0,1,-3,-3
178,178,1503612422842,-1,-1,-2,-1,-1,0,-1,-1
179,179,1503612422858,2,1,0,-1,-3,-3,-1,-2
180,180,1503612422864,1,-1,-1,0,-2,-1,-2,-2
181,181,1503612422871,-4,3,-2,0,-3,-1,-2,-2
182,182,1503612422886,-3,2,0,-1,0,0,-1,2
183,183,1503612422894,1,3,1,-1,0,-3,2,0
184,184,1503612422902,-2,0,0,-2,0,0,-4,-4
185,185,1503612422916,-4,-6,-2,-1,-1,-1,-1,-1
186,186,1503612422926,0,-1,0,1,-1,-1,0,1
187,187,1503612422931,3,2,-2,0,0,-1,-1,-1
188,188,1503612422946,-4,3,-1,-1,-3,-1,0,0
189,189,1503612422954,-1,1,0,-1,-3,0,0,-1
190,190,1503612422962,1,5,-1,-3,-2,-2,0,0
191,191,1503612422976,-4,-2,-1,-1,0,0,-3,-3
192,192,1503612422984,-1,-2,0,1,-3,0,-1,-1
193,193,1503612422992,1,0,1,2,0,2,0,-4
194,194,1503612423006,0,-1,-3,-3,-2,-2,-1,0
195,195,1503612423014,0,0,1,-2,-2,-2,-2,2
196,196,1503612423022,0,-2,1,1,0,-2,1,3
197,197,1503612423036,-4,0,4,-2,-1,1,0,-1
198,198,1503612423044,1,6,3,1,1,0,1,-3
199,199,1503612423051,-1,0,-3,0,-1,-1,0,2
200,200,1503612423067,-1,-5,-4,-1,1,-2,1,1
201,201,1503612423073,-2,-1,-2,0,1,0,-2,-2
202,202,1503612423082,-3,-1,-1,0,0,-1,0,0
203,203,1503612423096,1,-4,-1,-3,-1,-1,-1,-2
204,204,1503612423104,2,-1,-1,0,-2,0,-2,-3
205,205,1503612423111,0,-1,0,0,1,0,1,3
206,206,1503612423127,-2,0,0,-1,-1,0,-2,-4
207,207,1503612423134,1,-1,-1,-2,-2,-1,-1,0
208,208,1503612423143,-2,-4,-3,0,-1,1,-3,-3
209,209,1503612423156,-1,2,-2,-1,1,-3,-2,-1
210,210,1503612423164,1,-1,-1,-3,-2,-2,-2,-2
211,211,1503612423171,-2,-4,0,-1,-2,-1,1,0
212,212,1503612423186,2,0,-1,0,-1,-1,2,1
213,213,1503612423194,-1,3,1,2,0,1,-1,1
214,214,1503612423203,-4,-4,0,0,-1,0,-2,-1
215,215,1503612423216,3,0,-1,0,-1,-2,-3,0
216,216,1503612423226,1,10,6,2,2,1,-3,-2
217,217,1503612423232,-3,-4,-2,-4,-4,-2,-4,-2
218,218,1503612423246,-1,-3,-5,-2,-1,-1,-1,-4
219,219,1503612423253,-1,-1,-2,-1,0,-2,-1,-2
220,220,1503612423263,-3,0,-1,-2,-2,-1,-2,-3
221,221,1503612423276,0,3,-3,0,1,0,0,1
222,222,1503612423284,0,-1,0,-1,-3,-2,1,1
223,223,1503612423294,2,11,2,0,-1,-2,1,-2
224,224,1503612423306,-1,-8,-4,0,-1,-2,-1,-3
225,225,1503612423314,-2,-4,0,0,1,0,-1,-5
226,226,1503612423322,-3,3,0,-3,-1,-3,0,-1
227,227,1503612423336,-2,0,0,2,2,1,-1,2
228,228,1503612423345,-1,-1,-1,-1,0,1,-2,0
229,229,1503612423351,-3,-5,-3,0,-1,-2,1,1
230,230,1503612423367,2,-3,1,-1,1,2,1,2
231,231,1503612423374,0,-5,-1,0,-2,0,-1,1
232,232,1503612423382,-3,-4,-2,0,-1,-2,-3,0
233,233,1503612423397,0,-2,-2,-1,-1,-3,-3,-1
234,234,1503612423404,-3,-3,-1,-1,-1,-3,-1,-3
235,235,1503612423411,0,0,-1,0,-2,0,0,1
236,236,1503612423432,1,2,-1,-1,-3,-2,0,1
237,237,1503612423434,-1,-3,-2,-1,1,2,0,-4
238,238,1503612423442,-2,-1,-2,-3,0,-1,0,1
239,239,1503612423456,0,5,2,-1,0,-1,0,2
240,240,1503612423464,-1,-3,-4,1,0,0,0,3
241,241,1503612423471,0,-4,-2,-3,-2,-1,-1,0
242,242,1503612423486,-2,-1,-2,-1,0,0,-1,2
243,243,1503612423497,0,-1,0,0,-3,-2,0,0
244,244,1503612423509,-1,-5,-1,0,-1,0,0,0
245,245,1503612423516,2,0,-1,-2,-1,1,0,-2
246,246,1503612423524,1,3,-1,0,-1,-2,-1,-4
247,247,1503612423538,1,-1,-1,-2,-1,-2,-1,-1
248,248,1503612423546,-2,0,2,-1,0,0,-1,-7
249,249,1503612423553,-4,-3,-3,-2,0,0,-1,-7
250,250,1503612423569,1,-1,-1,0,-1,0,0,0
251,251,1503612423577,0,2,0,0,0,-2,-1,1
252,252,1503612423584,0,5,-2,-1,-1,1,0,-3
253,253,1503612423598,-4,0,-2,-1,-3,-1,0,0
254,254,1503612423606,0,1,-1,1,0,0,1,3
255,255,1503612423614,-2,0,1,2,-2,0,-1,0
256,256,1503612423631,2,5,-1,-1,-2,-1,0,5
257,257,1503612423637,-4,1,1,0,-1,-1,0,4
258,258,1503612423645,-1,-2,-2,0,2,-1,-3,-1
259,259,1503612423658,-1,-2,-2,-2,2,-1,-1,2
260,260,1503612423666,-3,2,0,-1,-2,-2,1,2
261,261,1503612423673,-4,-3,-1,-2,-2,-1,-3,-2
262,262,1503612423689,2,-2,-2,-1,0,-3,-1,0
263,263,1503612423697,2,4,1,1,-1,-2,-1,-1
264,264,1503612423705,-2,0,-1,-2,-2,0,-1,-1
265,265,1503612423718,1,-2,-1,-3,-1,0,0,1
266,266,1503612423726,-4,-2,-1,-1,-1,0,-3,-3
267,267,1503612423734,1,3,4,0,-1,-2,3,3
268,268,1503612423748,0,0,2,0,-3,1,-2,-2
269,269,1503612423756,2,1,1,-2,-1,0,-1,0
270,270,1503612423764,-1,-4,-2,-2,-1,-2,-3,0
271,271,1503612423778,0,-2,1,1,-1,-1,-1,-2
272,272,1503612423786,4,7,-1,-1,0,-2,-1,-1
273,273,1503612423793,-2,-4,-1,0,-2,-1,1,0
274,274,1503612423794,0,-3,-2,0,0,-1,-1,-3
275,275,1503612423808,2,-8,-2,-2,-2,-1,1,0
276,276,1503612423816,-1,-1,-2,-2,-1,-3,-2,-4
277,277,1503612423824,-4,-4,-1,-1,0,-2,1,-1
278,278,1503612423839,1,0,-3,-1,-1,-1,-1,-3
279,279,1503612423846,-2,-1,0,0,1,-1,0,-4
280,280,1503612423854,-1,-3,-1,0,-2,1,-3,-6
281,281,1503612423869,-4,-3,-2,0,-3,-1,-1,-3
282,282,1503612423883,-1,-1,-1,-1,0,1,-1,-2
283,283,1503612423885,0,0,-2,-1,-1,-3,-2,0
284,284,1503612423898,-3,-1,0,-1,1,-2,-2,-3
285,285,1503612423906,0,-2,-1,0,-1,0,-1,0
286,286,1503612423914,-1,0,-2,1,2,1,-1,2
287,287,1503612423929,0,-5,-1,1,1,0,-1,2
288,288,1503612423936,-2,0,-2,0,-1,0,3,4
289,289,1503612423944,5,7,0,-2,0,0,2,1
290,290,1503612423958,-1,-6,-3,-1,0,-2,-1,-2
291,291,1503612423968,2,-7,-2,-1,0,-1,-2,-1
292,292,1503612423974,0,-1,1,0,0,-2,-1,1
293,293,1503612423988,-4,1,3,-1,0,-2,-3,-1
294,294,1503612423998,-1,-1,-3,0,-4,0,-4,-3
295,295,1503612424004,-1,0,0,0,-2,0,0,-1
296,296,1503612424018,1,-1,-2,-5,-4,1,-1,-1
297,297,1503612424026,-1,8,2,0,0,0,-1,-1
298,298,1503612424034,1,0,-1,0,0,-2,-1,-2
299,299,1503612424048,-2,-4,-1,0,-1,0,1,0
300,300,1503612424056,-2,-3,-1,-2,2,-1,-2,-3
301,301,1503612424066,-1,-4,-2,-2,2,0,-4,-4
302,302,1503612424078,1,-2,0,0,-2,1,-1,-4
303,303,1503612424086,-2,-1,-3,0,-2,-3,-1,-1
304,304,1503612424094,0,-1,1,-2,-1,0,0,4
305,305,1503612424109,1,-1,-2,-2,-1,-1,0,1
306,306,1503612424116,-1,-2,-2,1,0,-1,1,3
307,307,1503612424124,0,0,-2,-3,-2,0,0,4
308,308,1503612424138,0,1,-1,-3,1,-1,-1,-1
309,309,1503612424146,-1,-4,-5,1,0,-2,-1,-2
310,310,1503612424153,-1,3,0,0,-1,-1,-1,-1
311,311,1503612424169,0,-1,-1,0,-1,-1,-1,-5
312,312,1503612424176,1,3,0,0,0,-2,0,-1
313,313,1503612424184,1,-2,1,0,-2,0,-1,-1
314,314,1503612424201,-4,0,-2,1,0,0,1,-1
315,315,1503612424206,0,5,1,-2,-3,0,0,-2
316,316,1503612424213,0,-4,0,-1,-1,-1,-2,-1
317,317,1503612424229,0,-1,1,0,0,1,-2,-1
318,318,1503612424236,-2,-3,-1,-1,-1,-1,-1,-3
319,319,1503612424244,1,2,1,0,-2,0,-3,-3
320,320,1503612424258,-1,-3,-4,-1,0,0,-1,-1
321,321,1503612424269,-6,-5,-1,1,4,-1,2,2
322,322,1503612424277,-2,2,0,-2,-2,-2,-2,0
323,323,1503612424288,1,-1,-1,-2,-1,-1,0,-2
324,324,1503612424296,2,-3,1,1,0,0,-1,0
325,325,1503612424307,-1,1,-2,-2,-1,-3,-2,-1
326,326,1503612424318,-2,3,0,-2,-4,0,-1,-3
327,327,1503612424326,-2,2,-1,1,1,0,-2,-4
328,328,1503612424334,-2,7,0,3,1,-2,-1,-2
329,329,1503612424348,0,-2,-1,-1,-3,-1,0,-1
330,330,1503612424356,2,0,-2,-3,0,0,0,-1
331,331,1503612424364,-1,-3,-1,-1,-3,-1,-3,-2
332,332,1503612424387,0,-3,-3,0,0,-1,-2,0
333,333,1503612424395,-1,-6,-2,-1,-1,-2,-1,-1
334,334,1503612424409,-2,-1,0,-1,0,-1,0,2
335,335,1503612424416,1,3,2,1,0,-1,1,0
336,336,1503612424431,1,-1,-2,0,0,-1,-1,1
337,337,1503612424438,-2,1,1,0,-2,-1,-2,-4
338,338,1503612424446,-4,0,-3,-3,-3,0,-1,0
339,339,1503612424460,-1,-3,-3,0,-1,-1,0,0
340,340,1503612424469,1,-1,0,-2,-4,-2,0,-1
341,341,1503612424476,0,-1,-3,-3,-1,0,-2,-1
342,342,1503612424491,-2,-3,-1,-1,0,0,-1,1
343,343,1503612424498,-1,-1,-1,-1,-3,-3,0,-2
344,344,1503612424506,-1,2,2,-1,-1,-2,0,1
345,345,1503612424520,-1,0,-1,-1,1,2,-1,1
346,346,1503612424528,1,6,0,0,-2,-2,-2,-4
347,347,1503612424536,0,2,2,-1,3,0,-1,-1
348,348,1503612424551,-1,-4,-1,-1,2,0,-1,-3
349,349,1503612424558,-1,2,1,-2,-1,-1,0,1
350,350,1503612424566,1,1,0,-2,0,-1,-1,1
351,351,1503612424580,0,-5,-2,-3,-3,0,-1,0
352,352,1503612424588,0,-3,-1,1,-2,-1,-1,-2
353,353,1503612424596,-1,-3,-1,0,0,1,1,2
354,354,1503612424611,0,3,-2,0,-2,1,0,-1
355,355,1503612424618,2,2,0,-1,-2,-1,-2,0
356,356,1503612424626,-1,-4,0,0,2,0,0,-1
357,357,1503612424642,-1,-2,-3,-1,-3,-1,-1,-3
358,358,1503612424648,-1,-3,-1,0,-2,-2,-2,-4
359,359,1503612424656,0,-4,-1,0,0,-2,-1,0
360,360,1503612424671,3,2,-1,-1,0,0,0,-2
361,361,1503612424678,-1,2,-1,1,0,-1,-1,-1
362,362,1503612424686,-3,0,0,0,-1,-2,-1,0
363,363,1503612424700,0,0,-2,-1,-2,-2,-1,2
364,364,1503612424709,-1,0,-1,0,-1,1,-3,-1
365,365,1503612424716,0,-1,0,1,-1,-1,2,0
366,366,1503612424731,2,-1,-1,0,0,-1,-1,-1
367,367,1503612424739,-1,-1,-1,-2,1,-2,-2,-2
368,368,1503612424747,-2,-6,-1,-3,0,-1,-1,-1
369,369,1503612424760,0,-2,0,-1,-4,0,-1,-2
370,370,1503612424771,0,3,-2,0,-3,0,2,1
371,371,1503612424777,0,-4,-1,0,0,-2,-2,-3
372,372,1503612424791,-1,-4,-2,-3,-1,-1,-3,-3
373,373,1503612424798,0,-4,-4,-1,0,0,0,-1
374,374,1503612424807,-1,0,0,-1,-1,-1,1,1
375,375,1503612424820,-1,1,-1,-2,0,0,-1,-1
376,376,1503612424828,-3,-1,-1,-1,-1,-2,-2,0
377,377,1503612424838,2,1,0,-2,-2,-2,-1,-3
378,378,1503612424851,4,8,1,1,1,0,1,2
379,379,1503612424862,-1,2,0,1,0,-1,0,0
380,380,1503612424866,-2,0,0,-1,0,0,-2,-2
381,381,1503612424880,-2,0,0,0,-2,0,1,1
382,382,1503612424888,-2,0,-1,0,-3,0,-1,-1
383,383,1503612424896,-2,1,-1,-1,-2,-1,-2,-1
384,384,1503612424911,-1,-5,-3,-3,0,-2,-2,-2
385,385,1503612424918,2,5,1,3,1,0,-2,-2
386,386,1503612424919,-2,-1,3,0,0,-1,-1,1
387,387,1503612424927,-2,-5,-3,-2,-3,-2,1,0
388,388,1503612424941,-2,1,0,-2,-2,-1,0,-1
389,389,1503612424948,0,0,-1,-1,0,-2,-2,-2
390,390,1503612424956,1,0,-1,2,-1,-1,-2,-4
391,391,1503612424972,-2,0,0,-1,-2,1,-1,-1
392,392,1503612424979,-1,1,-1,0,1,-1,0,1
393,393,1503612424987,2,2,1,-1,-1,-1,0,-1
394,394,1503612425000,-1,-4,-4,0,1,0,-1,-1
395,395,1503612425009,3,-2,-1,0,0,0,0,1
396,396,1503612425016,1,-5,-4,-2,0,1,1,-1
397,397,1503612425031,-1,-3,-5,-1,-2,-2,-1,-2
398,398,1503612425039,-2,-3,-1,-1,-1,-2,-3,-2
399,399,1503612425047,-3,0,0,-1,-3,-1,-4,-4
400,400,1503612425060,-1,-1,1,0,0,1,1,2
401,401,1503612425068,-1,-2,-1,0,1,-2,1,1
402,402,1503612425076,-2,4,6,0,-1,-1,-3,-2
403,403,1503612425091,-1,1,0,-2,0,1,-1,-1
404,404,1503612425098,1,-2,-3,-2,-4,-3,-2,-1
405,405,1503612425107,-1,1,2,1,0,-2,-2,0
406,406,1503612425120,0,-2,-2,-1,-3,-1,0,-2
407,407,1503612425128,1,-2,-3,-2,-4,0,0,-2
408,408,1503612425136,0,-1,-4,-3,-2,-3,-3,-3
409,409,1503612425158,-4,4,2,0,0,-1,0,0
410,410,1503612425159,0,5,1,-1,0,-1,2,4
411,411,1503612425166,2,2,0,0,-1,-2,0,0
412,412,1503612425181,-1,4,-1,0,0,0,0,0
413,413,1503612425188,0,-3,-3,0,-3,0,2,2
414,414,1503612425196,0,-3,0,-1,1,-1,-2,-2
415,415,1503612425211,0,1,-1,0,0,-1,-3,-3
416,416,1503612425225,0,0,-1,0,-2,-1,-1,-1
417,417,1503612425227,-3,-5,0,-3,-3,-2,1,-1
418,418,1503612425240,2,-6,-5,1,-1,-2,-2,-2
419,419,1503612425249,-2,-4,-1,0,-1,-1,-2,-1
420,420,1503612425256,-4,-8,-2,-1,0,0,-3,-5
421,421,1503612425271,-1,-4,0,0,1,0,-7,-1
422,422,1503612425278,-3,2,1,0,0,0,-3,-4
423,423,1503612425286,0,0,-2,-2,0,-1,4,0
424,424,1503612425300,1,3,-1,0,0,0,3,1
425,425,1503612425311,-3,-3,0,-1,-1,0,0,-5
426,426,1503612425316,-2,-1,0,0,-3,0,1,1
427,427,1503612425331,2,-1,-1,0,0,0,0,2
428,428,1503612425339,0,-1,0,-1,0,-1,-1,0
429,429,1503612425353,1,1,-3,0,-1,-1,0,-1
430,430,1503612425360,0,0,-2,-1,0,-1,1,3
431,431,1503612425368,1,2,-2,-2,0,-1,-3,-2
432,432,1503612425383,-2,-1,0,-1,-1,-1,-1,1
433,433,1503612425391,1,1,-1,0,-1,-1,0,1
434,434,1503612425398,0,2,0,-1,-1,-1,-1,-2
435,435,1503612425413,-1,3,1,1,-2,-2,-1,-1
436,436,1503612425420,0,0,-2,0,-1,0,-2,-2
437,437,1503612425429,-2,-1,3,0,2,0,-1,-3
438,438,1503612425443,0,-2,1,-2,-3,-1,-1,-2
439,439,1503612425451,-1,2,-4,1,0,1,-1,2
440,440,1503612425458,-2,-4,-3,1,2,-1,-1,0
441,441,1503612425476,-1,-7,-2,1,1,-2,0,-3
442,442,1503612425480,-2,0,-1,2,-3,-1,1,1
443,443,1503612425488,-1,0,-2,-2,-2,0,-1,1
444,444,1503612425503,3,2,4,0,0,0,1,0
445,445,1503612425513,-1,1,-1,-2,-3,0,0,1
446,446,1503612425518,0,1,-2,-1,1,-1,0,2
447,447,1503612425534,5,-5,-4,-4,-3,-1,2,5
448,448,1503612425543,-1,-3,-2,0,-3,0,-2,-1
449,449,1503612425548,-2,2,4,1,-1,0,-2,-4
450,450,1503612425563,-2,5,3,-2,1,-1,-1,1
451,451,1503612425571,1,-1,-1,-1,-3,-1,-3,-2
452,452,1503612425579,-3,5,2,0,1,0,-1,-2
453,453,1503612425593,-1,-2,-2,-3,-1,-1,-3,-2
454,454,1503612425600,1,-4,-4,-3,-1,-1,-3,1
455,455,1503612425610,-2,3,0,1,0,-1,1,-1
456,456,1503612425623,1,-2,-4,-2,-1,-3,-1,-2
457,457,1503612425631,-2,6,0,-2,-4,-1,-1,0
458,458,1503612425638,-4,-3,-1,-2,-1,0,0,1
459,459,1503612425654,2,-3,-1,-1,0,1,0,3
460,460,1503612425660,0,0,-1,0,-1,-1,-3,-2
461,461,1503612425668,-2,1,0,1,0,-2,0,0
462,462,1503612425683,-1,-1,-2,-1,-1,-1,0,-2
463,463,1503612425691,2,-3,-1,-1,1,-2,-2,-5
464,464,1503612425699,1,7,1,0,1,0,0,1
465,465,1503612425713,-3,-4,-2,2,0,0,0,2
466,466,1503612425720,0,0,0,-1,-1,-2,-3,-3
467,467,1503612425728,0,0,0,0,0,0,-1,-2
468,468,1503612425746,-3,-4,-1,-2,0,0,1,-2
469,469,1503612425751,-1,-1,0,0,2,-1,0,1
470,470,1503612425758,-2,0,0,0,-1,-4,-2,-4
471,471,1503612425773,2,7,2,-1,-1,1,2,3
472,472,1503612425781,1,-2,-1,0,0,0,0,0
473,473,1503612425788,-2,-3,-1,-1,0,1,0,0
474,474,1503612425803,0,-2,-2,-1,-4,-1,-1,-1
475,475,1503612425812,0,1,1,-1,-1,1,-1,-1
476,476,1503612425819,-1,-5,-1,-2,-3,2,0,2
477,477,1503612425833,0,2,-2,-2,-2,-1,0,1
478,478,1503612425849,-1,4,-1,-1,1,0,1,2
479,479,1503612425850,-2,-1,-1,-1,-1,-1,-2,-4
480,480,1503612425863,-1,4,2,1,1,1,-1,-1
481,481,1503612425871,-3,-6,-3,-2,-1,-2,-2,-2
482,482,1503612425879,1,-4,-2,1,0,0,-2,-4
483,483,1503612425893,1,0,-1,0,-4,-1,-4,1
484,484,1503612425900,-3,-3,-1,-1,0,-1,-1,-1
485,485,1503612425908,-3,-4,-1,-2,-3,-3,-2,-1
486,486,1503612425923,-1,0,3,-1,0,-1,-1,-4
487,487,1503612425931,0,3,1,-2,0,-2,1,1
488,488,1503612425938,-4,-2,-4,-2,-3,-2,-2,-2
489,489,1503612425953,0,-6,-1,0,1,0,0,-1
490,490,1503612425960,-4,-4,-3,-3,-4,-1,-1,-2
491,491,1503612425968,2,4,-1,0,-1,0,0,1
492,492,1503612425983,2,-2,-1,-1,1,0,-2,-1
493,493,1503612425991,0,-4,-4,-1,-3,-2,1,0
494,494,1503612425998,1,0,0,0,-2,-1,0,2
495,495,1503612426014,-1,0,-1,0,-1,0,-3,-2
496,496,1503612426021,0,-2,1,-3,-4,-2,1,-1
497,497,1503612426028,-1,-2,-1,0,1,-2,0,1
498,498,1503612426043,1,-1,-1,-2,-1,-1,-1,-2
499,499,1503612426051,2,-2,-4,-3,0,-1,-2,-5
500,500,1503612426058,1,4,0,0,1,0,1,2
501,501,1503612426073,0,-1,0,1,-1,-3,-1,-3
502,502,1503612426080,-2,0,-2,-2,1,-1,-2,-2
503,503,1503612426088,-5,1,2,-1,-2,0,-3,-3
504,504,1503612426103,-2,-1,0,1,-3,-3,-2,-1
505,505,1503612426120,-6,-6,-1,-2,0,-2,-2,-1
506,506,1503612426133,1,6,2,-1,-1,0,-1,0
507,507,1503612426140,0,1,-3,-1,1,-1,0,1
508,508,1503612426149,-2,-2,-3,-3,0,1,1,1
509,509,1503612426163,3,1,-1,0,-1,-3,-2,-1
510,510,1503612426171,-4,3,0,1,-2,0,-1,-3
511,511,1503612426185,0,3,3,-1,0,1,-2,1
512,512,1503612426193,1,1,-1,0,0,-1,-2,-4
513,513,1503612426200,-3,-3,-1,0,1,-1,0,-4
514,514,1503612426208,-3,0,1,0,-1,-2,0,2
515,515,1503612426223,0,0,-1,0,-2,1,0,1
516,516,1503612426231,0,-3,-2,-3,-2,-2,1,0
517,517,1503612426238,1,-5,0,-1,0,-1,1,0
518,518,1503612426256,-3,-1,1,0,-1,0,-2,-2
519,519,1503612426260,-1,0,0,-1,1,-2,0,-2
520,520,1503612426268,0,3,1,-1,1,-1,-2,0
521,521,1503612426283,-1,-1,-2,0,-4,-2,0,-2
522,522,1503612426291,0,2,0,-1,-1,-1,-3,-2
523,523,1503612426305,-1,-3,-3,-3,0,0,2,1
524,524,1503612426315,1,-2,-3,1,1,-1,-3,-4
525,525,1503612426320,-2,-3,-3,-3,-2,0,-4,-3
526,526,1503612426336,0,-2,-3,-2,-1,-1,2,-1
527,527,1503612426343,2,0,-1,1,-1,1,0,4
528,528,1503612426351,0,0,0,-3,-4,-1,-1,-1
529,529,1503612426365,-2,0,-1,1,0,0,0,1
530,530,1503612426373,0,-2,1,-2,1,-3,-4,-3
531,531,1503612426382,4,7,1,0,0,1,1,0
532,532,1503612426396,-1,-3,-1,2,-3,-1,0,0
533,533,1503612426404,-1,0,-1,-3,-2,-2,-3,-3
534,534,1503612426411,-1,-2,-3,-2,-1,-2,0,-3
535,535,1503612426426,-1,-1,0,1,0,-1,-1,-2
536,536,1503612426433,1,-5,-1,-2,-2,0,0,1
537,537,1503612426450,-2,-1,-1,1,0,-2,-3,-6
538,538,1503612426456,-1,-2,-2,0,0,-2,2,4
539,539,1503612426471,-1,-1,1,-1,-1,1,-2,-3
540,540,1503612426472,-2,0,-1,0,-2,0,1,2
541,541,1503612426486,1,5,-2,-3,-2,-1,-3,-2
542,542,1503612426493,-2,2,2,0,-1,-1,-1,1
543,543,1503612426501,-2,-5,-4,0,0,-1,-2,1
544,544,1503612426516,-1,2,-2,-1,-1,2,-2,-3
545,545,1503612426525,0,-3,-3,1,0,-2,0,1
546,546,1503612426531,-1,0,2,1,-2,-1,-1,0
547,547,1503612426546,-1,1,-3,-1,-1,-1,-1,-1
548,548,1503612426553,-4,-3,-1,0,0,1,0,1
549,549,1503612426561,-1,-5,2,1,-2,-2,-1,0
550,550,1503612426576,0,-1,-1,-1,1,-1,-2,-2
551,551,1503612426584,-1,-2,-2,-2,0,-1,0,0
552,552,1503612426591,0,-2,0,-2,-1,0,0,1
553,553,1503612426606,0,1,0,1,0,-2,0,0
554,554,1503612426613,1,1,-2,-1,0,-2,-3,-5
555,555,1503612426621,0,2,2,-1,1,-2,-2,0
556,556,1503612426636,0,-2,-3,-2,-2,1,-1,-4
557,557,1503612426644,-2,-1,-1,1,-2,0,-1,-1
558,558,1503612426651,1,-2,-1,-2,0,-2,0,-1
559,559,1503612426668,2,0,-1,-3,1,1,0,1
560,560,1503612426673,-2,3,-1,2,0,-1,-2,1
561,561,1503612426684,-4,-7,-3,-1,-1,-1,-4,0
562,562,1503612426696,1,1,2,-1,-1,0,2,0
563,563,1503612426704,2,6,3,0,-3,2,2,-1
564,564,1503612426711,-1,7,1,-2,-3,-1,-1,-1
565,565,1503612426727,-1,-3,-3,-1,1,-1,0,1
566,566,1503612426733,-2,3,0,-2,-1,0,-1,1
567,567,1503612426742,-1,-2,-2,0,-2,-2,0,-3
568,568,1503612426756,-1,-5,-2,-2,-1,-2,-1,-3
569,569,1503612426766,2,4,-1,-2,-2,0,-1,0
570,570,1503612426771,-2,-6,-4,-2,-1,-1,-3,0
571,571,1503612426787,1,-3,0,1,-2,1,0,-1
572,572,1503612426793,-3,-6,-2,0,0,0,-1,-4
573,573,1503612426802,-1,0,0,1,1,0,0,3
574,574,1503612426820,2,-4,-2,1,-1,-3,1,2
575,575,1503612426824,-4,-2,-1,-2,-2,-3,-1,-3
576,576,1503612426831,2,-2,-1,0,2,1,-1,-4
577,577,1503612426846,3,6,4,-1,1,0,-1,0
578,578,1503612426856,-2,-2,-1,-1,-2,-1,-1,2
579,579,1503612426862,0,-3,-4,-3,-2,-1,-3,-1
580,580,1503612426876,-5,-4,-2,-2,-2,0,0,1
581,581,1503612426887,0,6,-1,1,0,-3,1,0
582,582,1503612426891,-2,1,1,0,-2,-1,0,-1
583,583,1503612426906,-3,-7,-3,-4,-3,1,-2,0
584,584,1503612426913,1,6,1,1,-3,-3,-2,-2
585,585,1503612426922,-3,-3,-3,-1,1,-1,-2,-6
586,586,1503612426936,2,-4,-2,1,2,0,0,-1
587,587,1503612426944,0,0,-1,1,0,0,-1,1
588,588,1503612426954,0,0,-1,-1,0,-1,-1,-2
589,589,1503612426966,-3,-1,1,1,1,1,-2,-3
590,590,1503612426973,0,0,0,-3,-1,0,0,1
591,591,1503612426996,1,-2,0,0,0,-1,-2,-1
592,592,1503612426997,-1,-2,1,0,1,-2,0,1
593,593,1503612427004,0,-3,-1,-1,-2,-1,1,0
594,594,1503612427011,-1,-3,-1,-1,0,0,2,2
595,595,1503612427027,2,-1,-2,0,0,0,1,0
596,596,1503612427033,1,0,-1,1,-3,-1,0,2
597,597,1503612427048,-3,2,1,-1,-1,-2,-2,-7
598,598,1503612427056,-1,2,-1,0,0,0,-1,-1
599,599,1503612427064,1,-4,-4,-2,-2,-1,1,4
600,600,1503612427071,-1,-3,-4,-2,-1,-1,-1,-2
601,601,1503612427088,-1,4,1,-5,-2,-3,1,4
602,602,1503612427094,-4,0,-1,-3,1,-2,-1,-1
603,603,1503612427108,-1,-3,-1,-2,-2,-1,-3,-6
604,604,1503612427116,-1,1,1,1,-1,0,-2,0
605,605,1503612427125,-1,-2,0,0,0,1,-1,3
606,606,1503612427131,1,-4,-2,-2,-6,-2,-1,1
607,607,1503612427146,-1,-3,-2,-1,-1,1,0,3
608,608,1503612427155,-2,-2,-2,0,0,-1,-1,-5
609,609,1503612427168,-4,1,-1,-2,-4,-1,0,-2
610,610,1503612427176,0,1,-1,0,0,0,0,3
611,611,1503612427184,-1,-3,-1,2,-1,1,-2,-2
612,612,1503612427191,0,-3,-1,0,-1,-2,-2,-3
613,613,1503612427206,1,-4,-2,-1,2,0,1,2
614,614,1503612427213,-1,-2,-1,0,2,0,-3,-5
615,615,1503612427229,0,3,2,0,-1,-2,-1,-1
616,616,1503612427236,-2,0,0,-1,1,0,-1,-4
617,617,1503612427244,1,2,1,0,-2,-3,-2,-1
618,618,1503612427259,2,-1,-4,-2,3,1,0,1
619,619,1503612427266,-1,-5,0,1,1,-3,-1,-1
620,620,1503612427273,-4,-2,1,-1,-2,0,0,1
621,621,1503612427289,0,-3,-3,-2,0,0,0,-5
622,622,1503612427297,0,-5,-2,-4,0,1,-3,-4
623,623,1503612427304,-1,3,2,-1,-1,-2,0,2
624,624,1503612427318,1,-1,2,0,0,-2,0,0
625,625,1503612427327,0,-2,-5,-1,-1,1,0,2
626,626,1503612427333,-3,6,-1,1,-2,1,-1,-3
627,627,1503612427348,3,1,-1,0,1,-2,0,-1
628,628,1503612427356,2,1,-1,0,-2,-2,0,1
629,629,1503612427364,-4,-1,0,-1,1,1,-2,-2
630,630,1503612427378,-3,-4,0,-2,-1,-1,0,-2
631,631,1503612427388,-3,4,2,-1,-1,-1,-2,-3
632,632,1503612427394,0,2,0,0,-3,-1,-1,-2
633,633,1503612427408,-1,-2,-1,0,0,-2,-2,-2
634,634,1503612427416,0,-6,-6,-1,0,-2,-2,0
635,635,1503612427424,-1,-2,-2,-1,-1,0,-2,-3
636,636,1503612427438,-2,-5,-2,-2,-1,-1,0,2
637,637,1503612427446,0,3,-3,0,-1,-1,0,1
638,638,1503612427455,0,-1,-1,1,1,-3,-2,-4
639,639,1503612427468,3,0,0,-1,-3,-3,2,4
640,640,1503612427476,0,-1,-3,-1,-4,-1,-3,-5
641,641,1503612427484,0,2,0,0,-2,0,0,-2
642,642,1503612427498,2,5,2,-1,-1,-2,1,0
643,643,1503612427506,-1,-7,-3,-1,-2,-2,-1,0
644,644,1503612427513,-1,-4,2,0,-1,1,1,1
645,645,1503612427529,-2,-3,-1,0,-1,0,0,3
646,646,1503612427536,0,0,-3,-2,0,2,1,0
647,647,1503612427544,1,-1,0,-1,-1,0,-3,-2
648,648,1503612427560,0,3,1,0,1,-1,1,1
649,649,1503612427566,-1,2,0,-1,0,-1,-1,-2
650,650,1503612427573,-1,3,0,0,2,0,-1,0
651,651,1503612427590,-1,-4,-3,0,-1,-2,0,-1
652,652,1503612427596,-2,4,-1,-3,-1,-2,-3,-1
653,653,1503612427604,-5,-4,-3,-2,-2,-2,-2,-6
654,654,1503612427618,13,-2,-2,-2,-1,1,2,3
655,655,1503612427627,4,-8,-3,-1,0,-2,-2,2
656,656,1503612427633,12,6,6,1,5,3,2,7
657,657,1503612427648,-7,0,-1,1,13,2,-5,-9
658,658,1503612427658,12,6,1,1,-2,-1,0,6
659,659,1503612427664,1,-8,-22,1,-7,-4,1,3
660,660,1503612427678,2,18,31,5,1,1,2,6
661,661,1503612427686,-10,-5,-1,-20,-25,-9,-8,-18
662,662,1503612427693,-6,-7,-8,4,15,5,7,2
663,663,1503612427709,13,22,31,69,60,20,7,12
664,664,1503612427716,-13,-26,-50,-20,-14,-7,-6,-8
665,665,1503612427731,6,7,2,-25,-10,-4,8,9
666,666,1503612427738,-2,8,4,0,8,-1,-4,-7
667,667,1503612427753,2,-7,8,20,-8,-2,-1,2
668,668,1503612427754,-15,-1,-10,-24,-23,-13,-5,-4
669,669,1503612427769,3,-7,-3,11,7,-2,-5,8
670,670,1503612427776,-5,-26,9,25,4,-5,5,4
671,671,1503612427784,-15,61,16,-23,-22,-1,12,-7
672,672,1503612427798,3,4,10,3,-2,6,4,0
673,673,1503612427806,-4,-12,-7,16,14,-8,-14,2
674,674,1503612427813,-23,-10,-11,3,21,3,8,-2
675,675,1503612427829,10,-12,8,-20,-33,3,3,-10
676,676,1503612427836,17,68,57,5,6,0,-10,-1
677,677,1503612427844,3,-16,-21,-30,-11,-6,-6,-2
678,678,1503612427862,-10,-43,-36,-16,-16,-1,-17,-21
679,679,1503612427867,-4,8,14,8,14,0,0,-5
680,680,1503612427873,-12,-19,0,0,-5,-18,-27,8
681,681,1503612427889,7,-47,-23,0,34,12,0,-5
682,682,1503612427897,8,-17,-2,9,-14,-7,-14,5
683,683,1503612427904,19,-14,-21,8,11,4,14,14
684,684,1503612427918,-37,-28,-16,-3,-10,1,9,-29
685,685,1503612427927,12,36,10,0,-5,-5,6,5
686,686,1503612427935,2,17,-3,-20,-4,14,30,15
687,687,1503612427949,-3,-14,5,1,-33,-19,-10,-7
688,688,1503612427956,26,-2,-14,6,6,14,18,12
689,689,1503612427964,-23,6,17,4,-29,-10,-15,5
690,690,1503612427978,-3,-20,-18,-21,-35,6,-5,-18
691,691,1503612427986,-6,9,-13,-19,-7,-7,-6,4
692,692,1503612427994,-1,41,-7,-10,-16,-3,-10,-12
693,693,1503612428009,-12,-83,-45,-15,7,-4,6,-5
694,694,1503612428016,22,-5,-3,7,-1,-4,-1,13
695,695,1503612428027,-24,74,44,8,-33,2,9,-2
696,696,1503612428038,8,34,22,14,-16,0,-13,1
697,697,1503612428046,-7,-40,-14,4,-25,-37,-21,-5
698,698,1503612428053,-36,62,34,-10,103,81,24,-21
699,699,1503612428069,24,-4,-4,1,-15,-14,-11,2
700,700,1503612428076,3,-59,-27,-19,55,16,9,2
701,701,1503612428084,39,84,16,32,30,12,8,-10
702,702,1503612428098,92,-85,-63,34,-31,-61,-18,27
703,703,1503612428106,-22,24,23,-27,39,57,30,32
704,704,1503612428113,-31,24,19,8,-7,-31,-24,-44
705,705,1503612428129,65,-54,-62,-3,-54,-41,-7,11
706,706,1503612428130,8,-64,-26,-16,52,37,16,4
707,707,1503612428136,-40,-71,-35,-13,-37,-44,-9,5
708,708,1503612428151,1,-57,-7,29,45,32,-24,-33
709,709,1503612428161,-15,-93,-24,-24,-47,-21,1,-27
710,710,1503612428166,13,82,23,-37,93,66,-34,48
711,711,1503612428181,-8,127,81,45,-6,-49,9,31
712,712,1503612428189,63,49,47,81,-90,-97,-25,64
713,713,1503612428197,21,70,94,26,-108,-45,4,-10
714,714,1503612428211,-53,-60,-20,-14,-96,-24,4,-78
715,715,1503612428218,-5,-69,10,24,58,127,20,91
716,716,1503612428232,-98,73,32,46,103,98,50,-12
717,717,1503612428241,-36,68,30,-11,4,15,0,77
718,718,1503612428249,10,-46,-53,-67,26,-38,-37,-17
719,719,1503612428256,13,-99,-60,-45,31,127,19,-95
720,720,1503612428271,-63,-55,-26,-62,-60,-93,-49,17
721,721,1503612428278,62,-28,-35,4,-106,-128,-60,-29
722,722,1503612428286,8,14,16,-30,-34,82,21,11
723,723,1503612428301,-61,-51,-29,22,-44,-64,10,-8
724,724,1503612428309,39,-27,13,10,-96,-52,34,14
725,725,1503612428316,17,40,-8,4,8,-25,-53,-8
726,726,1503612428331,6,-12,-8,-18,49,36,3,-24
727,727,1503612428338,-24,-16,26,29,-21,-44,-35,-28
728,728,1503612428339,-26,-97,-47,-102,-6,3,23,-22
729,729,1503612428353,13,-1,-8,24,-18,-20,7,97
730,730,1503612428362,8,12,2,-4,35,28,13,-18
731,731,1503612428369,8,-25,-13,7,31,1,2,-85
732,732,1503612428376,-4,24,19,-1,33,5,-9,-11
733,733,1503612428391,22,-11,-19,6,4,5,12,110
734,734,1503612428400,0,60,13,20,17,7,-3,-95
735,735,1503612428406,-35,-33,-19,-5,-20,-6,-6,74
736,736,1503612428421,25,24,9,12,22,10,-19,38
737,737,1503612428431,-21,-8,1,-10,-17,-16,-8,-15
738,738,1503612428437,5,2,0,9,21,18,7,-65
739,739,1503612428451,1,-10,-6,3,-3,-11,-4,14
740,740,1503612428458,-4,-13,-9,-9,9,2,1,18
741,741,1503612428468,16,2,0,23,13,5,4,-59
742,742,1503612428481,-12,13,7,7,8,0,10,-82
743,743,1503612428489,8,-3,-2,-7,-5,-1,-4,-128
744,744,1503612428500,-18,0,4,7,2,0,-3,-63
745,745,1503612428511,16,-9,-10,-4,0,-1,1,-20
746,746,1503612428518,6,0,-4,2,8,5,6,60
747,747,1503612428526,-1,3,-2,-3,-5,-3,-1,3
748,748,1503612428541,10,6,5,2,5,5,8,72
749,749,1503612428549,-8,0,2,-2,-3,-2,2,-6
750,750,1503612428556,5,1,0,2,5,5,3,-17
751,751,1503612428572,0,9,4,0,-1,-4,-8,-39
752,752,1503612428578,-6,-9,-6,-4,0,0,1,15
753,753,1503612428587,6,3,0,2,1,0,1,9
754,754,1503612428602,2,-10,-5,0,0,0,1,29
755,755,1503612428609,-2,5,1,-2,0,1,0,-2
756,756,1503612428616,-2,-3,-4,-1,-1,-1,2,15
757,757,1503612428632,-2,6,3,0,0,-2,-2,-9
758,758,1503612428639,1,9,1,2,-2,0,-3,23
759,759,1503612428646,2,8,3,-1,-2,1,-1,-4
760,760,1503612428661,-19,-1,-1,-1,-1,0,0,6
761,761,1503612428669,-3,1,-1,-1,-3,-4,-1,-41
762,762,1503612428676,3,4,0,0,1,2,1,-2
763,763,1503612428691,1,0,-1,-2,-1,1,1,16
764,764,1503612428699,4,2,-1,-3,1,0,2,13
765,765,1503612428706,6,6,3,4,1,-2,1,9
766,766,1503612428721,2,-1,-2,-1,0,0,0,51
767,767,1503612428731,-6,-3,0,-2,0,3,2,-15
768,768,1503612428736,2,2,2,0,-2,-9,-2,-20
769,769,1503612428751,3,-1,2,1,0,-2,-2,-35
770,770,1503612428758,2,-1,-4,0,0,7,3,-19
771,771,1503612428767,-3,-6,-4,-3,-1,-3,-4,-7
772,772,1503612428781,6,12,2,3,-1,-1,-2,4
773,773,1503612428789,0,-5,-6,-3,-2,1,3,20
774,774,1503612428796,2,-5,-2,-1,0,0,3,25
775,775,1503612428811,2,9,5,-3,-3,1,-1,6
776,776,1503612428818,-4,-2,-2,-11,-6,-11,-1,3
777,777,1503612428826,24,-2,-7,-19,-11,-24,-8,8
778,778,1503612428841,-4,-2,0,-4,-1,2,-6,-8
779,779,1503612428849,-2,-4,-2,1,1,3,2,5
780,780,1503612428856,45,4,0,3,-1,-1,0,15
781,781,1503612428871,8,-2,-2,2,1,0,-1,-6
782,782,1503612428879,-19,-10,-4,3,3,5,3,-9
783,783,1503612428886,-6,14,7,6,1,2,1,6
784,784,1503612428901,11,-6,-2,0,0,1,2,-6
785,785,1503612428909,-29,1,-4,-2,0,-1,-6,-33
786,786,1503612428916,22,4,-1,-2,-1,-16,-16,-30
787,787,1503612428933,10,-5,-3,-2,2,6,8,14
788,788,1503612428938,-11,-10,-5,8,1,10,-1,-5
789,789,1503612428946,-8,1,2,12,9,-6,-9,9
790,790,1503612428962,-10,2,0,-12,-6,6,7,17
791,791,1503612428970,-22,-5,2,4,1,7,2,8
792,792,1503612428976,7,6,4,0,0,-4,-2,7
793,793,1503612429001,-24,8,1,-3,-3,-2,1,33
794,794,1503612429002,-13,-8,-5,2,0,-3,-2,-6
795,795,1503612429006,12,-12,-6,-8,-6,12,6,-7
796,796,1503612429021,-8,4,1,1,-2,-1,4,-13
797,797,1503612429029,5,1,1,7,1,-2,-1,-9
798,798,1503612429036,-14,-6,-10,-25,-12,0,5,-5
799,799,1503612429051,90,1,0,13,-2,-3,1,-16
800,800,1503612429058,-7,-2,-1,1,-2,-7,-6,-13
801,801,1503612429068,-29,-7,-3,-5,-1,-2,14,1
802,802,1503612429081,3,3,4,2,3,0,-4,30
803,803,1503612429089,-5,-4,-2,-1,1,20,5,-4
804,804,1503612429103,-10,0,1,1,-10,-6,-6,55
805,805,1503612429111,-5,-2,-1,-6,-1,-1,3,3
806,806,1503612429118,-18,3,1,6,4,1,0,-30
807,807,1503612429134,-14,-7,-10,-8,-5,-8,-12,0
808,808,1503612429142,-32,-14,1,8,3,-4,-5,-6
809,809,1503612429149,13,36,10,-1,-7,3,1,7
810,810,1503612429163,33,0,-2,2,3,1,2,23
811,811,1503612429171,5,-6,1,-3,-9,-4,-16,6
812,812,1503612429178,13,-4,-2,-2,1,1,-2,-2
813,813,1503612429193,5,1,0,-2,-30,1,4,-2
814,814,1503612429202,-12,-14,-10,-3,5,3,-21,2
815,815,1503612429210,-16,-11,-2,0,9,0,10,1
816,816,1503612429223,6,-6,-6,0,0,2,11,2
817,817,1503612429231,-6,10,8,5,6,-8,-18,2
818,818,1503612429239,18,9,-1,-3,3,-2,-11,-29
819,819,1503612429253,12,8,4,0,8,-12,3,3
820,820,1503612429261,13,18,4,0,2,-1,5,-12
821,821,1503612429269,-16,-17,-8,-3,6,3,3,-8
822,822,1503612429283,-9,-4,0,1,0,-4,8,1
823,823,1503612429291,11,5,-1,-4,5,-1,9,10
824,824,1503612429298,-8,2,3,2,-1,10,13,-8
825,825,1503612429313,-7,-8,0,-2,-1,1,0,-5
826,826,1503612429321,-8,-1,1,-3,-2,1,1,-7
827,827,1503612429329,-13,-20,-14,-3,1,2,10,12
828,828,1503612429343,-11,-3,5,3,0,0,1,0
829,829,1503612429351,-11,-13,-4,-1,-1,-5,-14,-17
830,830,1503612429359,15,-5,-7,0,-1,-2,3,24
831,831,1503612429373,8,4,-2,-1,-1,1,-3,-1
832,832,1503612429381,-2,-2,2,0,-1,-2,-1,-2
833,833,1503612429389,5,-3,-3,-2,2,11,15,5
834,834,1503612429404,-50,-8,-4,-6,-2,-10,-7,-20
835,835,1503612429412,2,6,2,-1,-2,2,-6,-4
836,836,1503612429418,12,0,-2,2,-2,-1,-2,2
837,837,1503612429433,-4,4,1,-4,-3,-12,-19,-2
838,838,1503612429441,8,6,0,-2,0,-6,11,-10
839,839,1503612429449,-18,-3,-1,1,0,-2,-4,-8
840,840,1503612429462,3,-13,-3,-2,0,2,-2,28
841,841,1503612429471,-7,0,2,0,3,5,3,-1
842,842,1503612429478,5,9,1,0,-1,1,-3,1
843,843,1503612429493,2,-1,-1,0,-1,2,-2,-2
844,844,1503612429504,1,4,0,-2,-1,-1,1,-8
845,845,1503612429509,-1,-1,0,0,1,1,-1,-8
846,846,1503612429523,4,6,4,4,3,-1,-2,-1
847,847,1503612429531,15,0,2,-1,-1,-6,-5,6
848,848,1503612429538,10,0,-4,-3,-3,-6,-6,-6
849,849,1503612429553,0,7,2,1,2,-5,-1,1
850,850,1503612429561,5,-2,-1,-2,-3,0,-4,-1
851,851,1503612429571,-3,-2,-3,-1,-7,-7,8,-8
852,852,1503612429583,-6,2,2,-3,10,13,3,6
853,853,1503612429591,-2,-9,-4,0,4,5,-1,-3
854,854,1503612429598,-4,-11,-1,-1,-24,-4,28,-4
855,855,1503612429613,-11,-10,-5,2,-15,-6,-2,-4
856,856,1503612429621,-8,6,1,4,33,29,9,-2
857,857,1503612429629,-56,-7,-4,-6,-9,4,-8,-10
858,858,1503612429643,8,12,3,-1,-6,-14,-11,5
859,859,1503612429651,12,6,1,0,-9,-5,-5,5
860,860,1503612429658,-8,-9,0,1,1,-7,-16,-11
861,861,1503612429674,25,4,2,6,9,2,14,1
862,862,1503612429681,9,-2,1,2,6,6,-3,3
863,863,1503612429689,8,-1,1,-2,8,-4,-12,1
864,864,1503612429703,-3,0,-4,-2,-10,11,-1,-14
865,865,1503612429711,7,4,2,3,10,5,-2,-2
866,866,1503612429718,-18,-4,-1,-1,-8,-11,3,10
867,867,1503612429733,8,-4,-4,-4,-2,-5,0,3
868,868,1503612429741,-9,15,12,2,2,-3,-1,-35
869,869,1503612429749,-19,5,7,-1,-1,3,9,5
870,870,1503612429763,5,-6,-6,-2,-35,-22,-11,-6
871,871,1503612429773,10,4,-1,0,1,8,2,8
872,872,1503612429780,-3,-3,-3,-1,-4,5,10,12
873,873,1503612429793,-17,-4,-5,-5,-6,-6,-10,-10
874,874,1503612429801,-43,-11,-4,-1,-2,-6,-7,-5
875,875,1503612429816,59,-7,-1,-4,-3,-1,-4,-5
876,876,1503612429822,-12,-16,-4,-1,6,-3,-7,-2
877,877,1503612429831,-34,6,6,1,3,-1,-5,-6
878,878,1503612429839,88,4,-4,-1,18,9,5,8
879,879,1503612429853,1,-1,-9,-3,-23,-3,0,-6
880,880,1503612429861,-13,39,9,1,9,3,0,5
881,881,1503612429869,12,3,2,1,22,-6,2,21
882,882,1503612429883,-19,-11,6,3,-6,1,1,5
883,883,1503612429891,-29,-8,-5,-2,-9,-5,-2,-11
884,884,1503612429898,22,-7,-6,-4,-2,-10,-12,12
885,885,1503612429914,3,7,3,0,4,1,0,-3
886,886,1503612429921,48,-23,-28,-12,-10,-9,-1,27
887,887,1503612429929,-18,-48,-12,0,-4,8,1,-19
888,888,1503612429943,-12,5,5,1,4,-1,-11,-84
889,889,1503612429951,1,3,5,3,9,6,34,-2
890,890,1503612429958,-25,8,1,-1,8,2,-1,-1
891,891,1503612429974,-11,7,-1,-2,-3,-8,-16,-1
892,892,1503612429981,-62,-1,7,5,2,10,18,25
893,893,1503612429989,-44,-1,1,2,-7,-9,-6,-4
894,894,1503612430003,126,13,1,-3,-15,-20,-4,34
895,895,1503612430011,-45,-9,-6,-2,8,-1,-15,-26
896,896,1503612430025,-16,-21,-8,-4,-2,5,-4,-10
897,897,1503612430033,49,8,2,1,0,-3,3,21
898,898,1503612430041,-66,-12,-4,-7,-6,-5,-11,1
899,899,1503612430056,-52,11,4,16,26,3,-4,0
900,900,1503612430063,-1,6,4,11,29,27,16,10
901,901,1503612430074,-8,-22,-9,-5,-5,-5,-9,-5
902,902,1503612430085,-16,49,13,-1,-7,-8,0,0
903,903,1503612430093,35,-35,-17,-5,-2,0,2,-7
904,904,1503612430101,-25,-6,8,0,-2,4,-5,-11
905,905,1503612430116,-15,4,1,-4,-9,-2,-6,-15
906,906,1503612430130,5,-1,-8,-2,3,-2,11,14
907,907,1503612430132,9,3,-7,-7,-2,4,7,23
908,908,1503612430148,-4,17,8,3,-9,-12,-11,-7
909,909,1503612430153,49,23,2,-3,7,18,2,-2
910,910,1503612430161,71,-11,-7,-6,-10,2,-1,22
911,911,1503612430176,-36,9,2,-3,-13,4,-1,-5
912,912,1503612430183,-35,-16,-8,-4,-4,-4,-4,-18
913,913,1503612430191,112,12,3,-1,-1,-3,-6,-7
914,914,1503612430205,-51,30,7,4,-3,9,8,-7
915,915,1503612430213,-40,-4,1,4,1,-9,-3,1
916,916,1503612430221,14,15,14,5,6,3,0,-1
917,917,1503612430236,-9,7,0,-2,-7,-1,-6,-14
918,918,1503612430243,-21,-18,-4,0,14,-3,-9,-13
919,919,1503612430252,25,5,10,20,26,10,10,12
920,920,1503612430265,34,-7,-7,-1,0,-8,-2,3
921,921,1503612430277,-30,-16,-10,-11,-8,-8,-4,6
922,922,1503612430288,6,-5,-4,-5,-5,2,-2,-3
923,923,1503612430296,-19,-4,3,-1,-11,-4,-3,9
924,924,1503612430314,10,4,2,3,5,1,6,21
925,925,1503612430315,-20,-12,-6,-3,-16,7,9,11
926,926,1503612430320,-32,3,5,2,7,4,-4,4
927,927,1503612430325,19,-3,-2,-1,-4,-14,-3,-2
928,928,1503612430333,16,5,-3,-5,-4,-4,5,12
929,929,1503612430348,-7,-6,-1,1,-17,-7,-6,-10
930,930,1503612430356,13,5,-2,-6,14,0,-7,6
931,931,1503612430363,-19,-12,-7,-2,-2,-6,-2,1
932,932,1503612430372,11,2,-1,0,22,15,-6,47
933,933,1503612430386,0,-5,-5,-6,-6,-13,-22,-20
934,934,1503612430393,12,4,3,3,-17,-6,4,5
935,935,1503612430401,2,0,-3,-1,24,14,6,-16
936,936,1503612430416,-18,-1,-3,0,-16,-13,2,-9
937,937,1503612430423,-37,-6,-2,-2,2,8,3,18
938,938,1503612430431,2,3,2,-5,-15,-7,6,-9
939,939,1503612430445,-18,-2,0,3,8,-2,-1,-33
940,940,1503612430453,-2,2,0,-4,-11,-10,-1,-2
941,941,1503612430461,-32,-14,-6,-3,-4,2,6,11
942,942,1503612430480,-1,-13,-5,-1,4,-1,-3,-26
943,943,1503612430483,21,6,4,3,-1,3,4,4
944,944,1503612430491,17,3,-1,-2,4,4,-5,-2
945,945,1503612430505,33,-3,-1,-1,8,-14,-7,-1
946,946,1503612430514,-17,0,0,-5,-18,0,2,-3
947,947,1503612430521,4,1,7,5,-30,-3,8,0
948,948,1503612430536,3,-5,-3,-3,-14,3,-1,-27
949,949,1503612430544,8,-5,-7,-3,17,8,0,-3
950,950,1503612430552,10,26,10,4,-2,-1,4,39
951,951,1503612430565,-16,2,0,0,0,-6,-9,18
952,952,1503612430573,-22,-6,-1,1,8,2,5,12
953,953,1503612430582,8,5,-1,-2,1,-12,-18,-16
954,954,1503612430596,-2,-8,-6,-3,-4,1,-14,-39
955,955,1503612430603,22,-2,0,0,-6,1,7,14
956,956,1503612430613,-3,-1,0,2,1,2,1,8
957,957,1503612430625,89,13,3,3,11,4,0,-7
958,958,1503612430633,12,-2,-4,-1,-10,-11,-3,-15
959,959,1503612430641,-15,-5,-4,-3,4,6,-3,14
960,960,1503612430656,3,-9,-6,-5,28,3,4,9
961,961,1503612430663,-18,7,5,0,-4,-9,-1,4
962,962,1503612430671,-14,-1,1,1,-9,-6,-4,-10
963,963,1503612430685,-34,-6,-3,-1,-4,2,3,-4
964,964,1503612430693,-1,-4,-1,-2,-1,8,-1,-12
965,965,1503612430703,-10,-1,-2,-3,-2,4,-15,-7
966,966,1503612430716,15,6,0,1,12,10,15,16
967,967,1503612430723,-10,-2,-3,-1,3,-11,-6,-20
968,968,1503612430731,11,0,0,0,-9,-5,1,11
969,969,1503612430748,6,0,-2,-5,-7,0,7,11
970,970,1503612430754,-5,-3,0,4,3,-1,-3,-14
971,971,1503612430761,13,-2,-1,1,10,18,5,-25
972,972,1503612430776,7,3,1,-1,4,3,7,21
973,973,1503612430783,-13,3,2,-1,2,-5,6,9
974,974,1503612430791,-24,-5,1,-1,-10,-4,-6,-10
975,975,1503612430805,17,-2,-3,-1,-12,-1,2,7
976,976,1503612430813,-14,-3,-4,-9,-2,-18,-14,-5
977,977,1503612430821,-8,1,-6,-7,-1,7,3,1
978,978,1503612430836,-5,-1,-1,0,0,-1,4,-7
979,979,1503612430842,31,3,-1,0,-5,-7,2,9
980,980,1503612430851,16,3,-1,0,-13,3,-1,-6
981,981,1503612430865,-6,-3,-4,-3,-4,-3,-9,1
982,982,1503612430873,34,10,-2,-4,-10,-8,-2,5
983,983,1503612430881,-42,-11,0,14,10,-6,6,-2
984,984,1503612430895,-5,-7,6,1,-17,3,-6,7
985,985,1503612430896,32,4,-5,-1,17,3,-5,-5
986,986,1503612430903,2,11,8,-1,-4,-4,-11,11
987,987,1503612430913,-27,-31,-11,-10,-20,-1,16,41
988,988,1503612430925,1,-7,-2,-3,-12,7,19,4
989,989,1503612430933,-13,6,10,7,-6,0,12,-9
990,990,1503612430948,-3,-3,-3,-2,0,-8,-11,-6
991,991,1503612430956,-5,-12,-5,-5,5,-3,-9,-12
992,992,1503612430963,3,-6,-2,1,9,3,3,-10
993,993,1503612430981,-1,4,0,1,1,0,-2,0
994,994,1503612430985,-7,-5,-5,-5,-26,4,-2,0
995,995,1503612430993,-2,1,-1,3,5,-12,-8,2
996,996,1503612431007,-5,-8,-7,0,-1,-5,-8,-5
997,997,1503612431016,-5,8,2,0,7,8,-1,-4
998,998,1503612431023,2,10,11,3,14,-5,3,14
999,999,1503612431038,-23,-1,8,5,10,0,-4,-13
1000,1000,1503612431048,-4,-12,-7,4,34,17,3,-6
1001,1001,1503612431053,8,-20,-13,-6,10,5,9,3
1002,1002,1503612431067,-4,-7,1,-3,-9,-11,-2,0
1003,1003,1503612431076,-2,1,-2,2,-2,-7,-11,-8
1004,1004,1503612431084,15,13,9,-1,-6,-3,-1,4
1005,1005,1503612431098,-4,5,1,0,-8,1,-2,-5
1006,1006,1503612431105,-4,1,1,-1,-4,0,4,-3
1007,1007,1503612431115,-5,-6,3,0,-2,-1,-8,-12
1008,1008,1503612431128,1,3,-3,3,4,-2,-7,3
1009,1009,1503612431136,8,4,1,0,-4,-11,-17,7
1010,1010,1503612431144,-2,-1,8,2,14,4,4,8
1099,1099,1503612432029,-8,-13,0,0,0,-5,-1,5
1100,1100,1503612432036,1,11,2,-2,1,0,-3,-6
1101,1101,1503612432051,5,5,1,0,-3,-2,-1,11
1102,1102,1503612432058,-4,-2,-3,1,-1,-1,1,6
1103,1103,1503612432066,-4,-7,-5,-3,-1,-2,-8,-7
1104,1104,1503612432081,1,-5,-1,0,0,1,1,12
1105,1105,1503612432089,-17,-6,-3,-3,0,-1,0,1
1106,1106,1503612432097,11,-2,-5,-3,0,-3,-4,4
1107,1107,1503612432111,11,4,0,1,2,1,-1,0
1108,1108,1503612432118,-12,-9,-5,-3,-4,2,2,-7
1109,1109,1503612432126,-11,17,5,-2,-2,-2,0,-3
1110,1110,1503612432141,1,10,5,1,0,-2,1,5
1111,1111,1503612432149,-4,4,1,0,0,0,-6,-22
1112,1112,1503612432158,-10,-6,-6,-6,-4,0,0,-27
1113,1113,1503612432171,-1,-7,-1,0,0,2,7,12
1114,1114,1503612432178,8,13,-3,-4,-2,-1,3,6
1115,1115,1503612432193,-1,-10,2,-1,1,-2,1,-9
1116,1116,1503612432201,0,8,7,6,3,-1,-8,0
1117,1117,1503612432209,4,-14,-9,-6,-4,0,8,11
1118,1118,1503612432216,-14,-2,-1,-3,-4,-3,0,6
1119,1119,1503612432232,-2,-9,-6,-1,2,1,0,-53
1120,1120,1503612432238,-4,-11,-4,-2,1,-2,-5,4
1121,1121,1503612432258,-2,-7,-4,-1,-2,-1,5,8
1122,1122,1503612432261,10,3,4,2,1,-2,2,-1
1123,1123,1503612432269,1,8,1,-1,-2,1,-2,7
1124,1124,1503612432276,-8,-2,3,1,-1,2,0,-7
1125,1125,1503612432292,0,-9,-8,-6,-4,0,0,9
1126,1126,1503612432293,7,-5,3,6,3,-2,2,24
1127,1127,1503612432299,8,-1,-6,-4,-4,1,8,23
1128,1128,1503612432313,-1,-5,1,-3,-1,-2,-1,7
1129,1129,1503612432325,10,11,1,1,-1,1,-4,-8
1130,1130,1503612432329,-2,3,3,3,-1,1,-2,15
1131,1131,1503612432336,-5,-24,-9,-6,1,-2,-2,-1
1132,1132,1503612432351,2,-2,-3,-4,-2,-4,-6,14
1133,1133,1503612432359,2,-12,-4,0,-5,-2,-3,-6
1134,1134,1503612432374,2,5,2,2,0,-3,-4,-8
1135,1135,1503612432381,-9,-3,-3,-1,-1,-2,3,37
1136,1136,1503612432392,2,31,12,6,0,-1,-1,0
1137,1137,1503612432396,-13,12,8,0,0,-2,3,-5
1138,1138,1503612432411,2,-7,-5,-3,0,0,-8,-36
1139,1139,1503612432418,-7,2,4,5,3,-1,0,-10
1140,1140,1503612432434,-3,-7,-3,3,2,0,1,39
1141,1141,1503612432441,4,-4,-6,-6,-2,0,-2,12
1142,1142,1503612432449,-7,-15,-6,-3,-2,-1,5,33
1143,1143,1503612432459,3,19,6,0,-1,1,-2,5
1144,1144,1503612432471,4,-3,-1,-3,-2,-2,-7,106
1145,1145,1503612432478,-5,-5,-6,-3,-2,-3,4,99
1146,1146,1503612432495,-5,-5,-2,-1,-1,-1,-2,-27
1147,1147,1503612432501,8,-6,-5,-4,-2,3,-2,102
1148,1148,1503612432509,-4,-5,-9,-6,-2,4,8,-15
1149,1149,1503612432516,-5,21,13,7,2,-1,-4,-114
1150,1150,1503612432531,8,8,-3,-4,-3,-4,0,-80
1151,1151,1503612432538,3,-2,-6,-3,-4,-3,-4,-81
1152,1152,1503612432554,-8,-4,-5,-5,-1,2,1,-50
1153,1153,1503612432562,0,-8,-6,-4,-5,-2,-2,-47
1154,1154,1503612432569,-1,0,-2,-4,-2,-4,-2,-33
1155,1155,1503612432576,12,-4,0,4,5,1,0,-20
1156,1156,1503612432592,-5,2,-1,1,0,-2,-2,-1
1157,1157,1503612432598,-9,8,2,-2,-1,-3,-6,4
1158,1158,1503612432614,-2,6,4,2,0,-2,-2,17
1159,1159,1503612432621,3,-7,-2,0,0,0,0,-3
1160,1160,1503612432630,0,4,-2,4,2,1,-3,18
1161,1161,1503612432636,2,-2,1,0,-10,-6,-2,-1
1162,1162,1503612432651,3,-6,-7,-5,-2,5,-1,-21
1163,1163,1503612432659,-12,-15,-6,-1,6,4,1,-28
1164,1164,1503612432674,-2,-10,-4,-3,-4,-3,2,-31
1165,1165,1503612432681,-12,-24,-7,-3,-3,-3,-3,-86
1166,1166,1503612432688,-9,-8,0,1,1,0,4,-25
1167,1167,1503612432696,2,-14,-7,-1,1,-3,1,27
1168,1168,1503612432711,2,6,2,-1,-4,-2,-1,30
1169,1169,1503612432718,2,11,-1,-3,1,0,-2,28
1170,1170,1503612432733,-2,-9,-6,-1,-1,1,-4,21
1171,1171,1503612432734,-1,6,6,0,-3,-1,-2,28
1172,1172,1503612432740,-3,-2,-1,0,2,1,0,13
1173,1173,1503612432749,-2,-12,-5,-2,1,-2,-2,18
1174,1174,1503612432756,3,8,4,1,0,1,0,26
1175,1175,1503612432771,1,2,2,-1,0,-4,-3,-17
1176,1176,1503612432778,2,6,1,-1,-2,1,-1,10
1177,1177,1503612432794,-6,1,-1,1,0,1,-3,-1
1178,1178,1503612432801,7,6,6,3,0,-3,-3,-7
1179,1179,1503612432808,1,13,2,2,1,0,2,10
1180,1180,1503612432823,-8,8,3,0,-2,0,4,-22
1181,1181,1503612432838,1,3,1,1,0,0,-3,7
1182,1182,1503612432839,0,0,-1,-2,-1,-1,-2,-11
1183,1183,1503612432853,-1,1,-3,-2,-2,-2,-2,-1
1184,1184,1503612432854,2,-10,-3,-2,-2,0,-3,-19
1185,1185,1503612432862,2,0,-2,0,-1,0,-4,12
1186,1186,1503612432869,0,5,4,1,0,0,-5,-14
1187,1187,1503612432883,0,4,-1,-2,0,-1,1,13
1188,1188,1503612432899,-12,-8,-1,-3,-3,0,-1,0
1189,1189,1503612432914,-4,1,-9,-5,-3,-2,-1,-14
1190,1190,1503612432920,2,1,-1,-1,-1,2,3,9
1191,1191,1503612432929,2,-11,0,1,-1,-2,2,-1
1192,1192,1503612432943,14,4,1,1,1,-1,1,9
1193,1193,1503612432951,13,-1,0,0,1,1,3,30
1194,1194,1503612432960,14,-2,-2,-2,-2,-2,-2,14
1195,1195,1503612432973,6,-1,0,0,3,1,0,0
1196,1196,1503612432980,6,-2,-2,1,0,0,1,41
1197,1197,1503612432988,-9,0,-2,-2,-4,-8,-14,-4
1198,1198,1503612433003,-6,5,1,-1,0,1,-1,-42
1199,1199,1503612433011,23,1,1,-2,-2,4,2,26
1200,1200,1503612433018,-5,1,0,0,0,-3,-6,-27
1201,1201,1503612433037,-6,-8,-1,1,-1,1,1,1
1202,1202,1503612433041,6,-6,-6,-4,-3,-1,-1,-16
1203,1203,1503612433049,42,1,-6,-1,-4,-3,2,6
1204,1204,1503612433064,-17,-14,-5,-2,-2,-3,0,13
1205,1205,1503612433071,-25,16,4,-2,-2,-3,2,-12
1206,1206,1503612433078,14,-15,-3,0,5,3,0,19
1207,1207,1503612433096,-13,-7,-3,1,3,-1,-3,-7
1208,1208,1503612433102,-8,1,0,-1,-2,-1,-6,-11
1209,1209,1503612433109,-10,3,7,0,0,1,0,3
1210,1210,1503612433123,-9,-3,-1,0,-1,-4,-4,-6
1211,1211,1503612433132,-8,-3,-3,-1,-1,0,5,16
1212,1212,1503612433138,-39,2,2,1,1,-2,3,-17
1213,1213,1503612433154,-22,-4,-1,-2,-1,-2,-5,-22
1214,1214,1503612433162,1,21,4,0,-1,-1,4,25
1215,1215,1503612433169,0,-15,-7,-3,3,2,-3,-13
1216,1216,1503612433183,5,1,1,-1,-1,-7,-4,-19
1217,1217,1503612433191,13,0,-2,-3,-1,-3,-1,5
1218,1218,1503612433199,21,1,-1,-2,-3,0,2,17
1219,1219,1503612433214,18,2,-2,-2,-1,-4,1,4
1220,1220,1503612433221,-34,-8,-4,-2,-3,2,-3,-32
1221,1221,1503612433231,9,-1,-5,-4,-7,-3,-6,15
1222,1222,1503612433243,4,18,9,3,2,2,3,-1
1223,1223,1503612433252,0,0,2,3,-2,-5,1,0
1224,1224,1503612433258,26,-3,-2,-1,0,-6,-3,7
1225,1225,1503612433282,14,18,6,2,-1,2,-1,-12
1226,1226,1503612433289,-10,53,14,4,-1,-3,-6,36
1227,1227,1503612433303,15,-18,-7,-5,-1,1,-8,20
1228,1228,1503612433311,-2,-23,-10,-4,-3,2,2,5
1229,1229,1503612433318,13,11,4,1,1,2,-2,-21
1230,1230,1503612433334,-10,-5,0,0,-3,2,1,-15
1231,1231,1503612433341,-11,-11,-5,-2,-2,-2,-4,22
1232,1232,1503612433349,-15,-6,-2,-3,3,0,-6,-99
1233,1233,1503612433365,-27,-11,0,-2,0,-10,8,30
1234,1234,1503612433372,-13,-6,-1,-3,-1,4,16,110
1235,1235,1503612433378,30,-1,-2,-2,-6,0,9,61
1236,1236,1503612433394,21,-8,-2,-2,2,-1,-9,53
1237,1237,1503612433401,-40,-7,-1,3,5,10,9,46
1238,1238,1503612433402,3,1,-2,-2,-1,2,4,37
1239,1239,1503612433409,2,-3,-1,3,14,-2,-5,27
1240,1240,1503612433423,-22,-7,-2,-5,-6,-6,3,-3
1241,1241,1503612433434,-46,-13,6,4,4,2,-3,10
1242,1242,1503612433439,7,-5,-5,-1,1,3,-2,-13
1243,1243,1503612433454,21,-14,-8,-4,-10,-3,5,81
1244,1244,1503612433461,23,4,3,-1,-2,2,1,99
1245,1245,1503612433469,-11,10,3,2,7,9,1,64
1246,1246,1503612433483,-24,-5,-1,0,5,16,3,-12
1247,1247,1503612433491,22,4,-3,-1,-9,-14,-4,-29
1248,1248,1503612433505,-3,-4,-3,1,13,10,3,-94
1249,1249,1503612433514,0,-1,-4,-1,-11,0,0,-114
1250,1250,1503612433521,11,1,-4,-1,-6,-8,-8,-59
1251,1251,1503612433529,-5,12,4,-2,-5,-2,3,-44
1252,1252,1503612433543,-102,-11,-5,-2,-3,-4,-5,40
1253,1253,1503612433551,-48,-9,-6,-7,-1,1,-6,51
1254,1254,1503612433558,-30,-3,1,-1,-5,-8,-3,33
1255,1255,1503612433573,35,30,4,-1,2,6,3,14
1256,1256,1503612433581,18,13,4,2,-10,-4,-2,4
1257,1257,1503612433595,4,-7,-5,-2,4,4,-4,53
1258,1258,1503612433603,22,5,1,2,-2,0,3,-7
1259,1259,1503612433611,-28,-12,-4,-1,-3,-2,-2,-7
1260,1260,1503612433618,18,-4,-1,-4,1,0,-4,5
1261,1261,1503612433641,-14,1,-3,0,-6,-1,0,-65
1262,1262,1503612433649,6,0,1,-1,1,0,-1,40
1263,1263,1503612433663,-5,0,6,1,1,1,3,91
1264,1264,1503612433672,0,2,3,2,-10,-2,11,13
1265,1265,1503612433678,22,33,6,2,14,6,-4,-21
1266,1266,1503612433693,1,3,0,0,0,-1,-16,10
1267,1267,1503612433701,0,-10,-5,-4,-5,-2,-3,45
1268,1268,1503612433702,11,-2,-2,-3,-6,-3,2,33
1269,1269,1503612433709,3,5,0,-3,3,5,4,15
1270,1270,1503612433723,-4,-10,-3,-2,-2,-4,-11,-21
1271,1271,1503612433734,-4,-10,1,0,-1,-3,2,3
1272,1272,1503612433739,-7,-6,-4,-2,-1,-3,-4,-20
1273,1273,1503612433754,8,23,4,0,0,-3,-1,-6
1274,1274,1503612433761,-3,-6,-1,-2,-4,0,4,-5
1275,1275,1503612433776,-21,-15,-8,-2,-3,-4,-8,-12
1276,1276,1503612433790,17,20,13,3,4,0,0,5
1277,1277,1503612433792,0,-4,-2,0,0,-4,2,-3
1278,1278,1503612433805,-4,-15,-7,-2,8,4,-2,4
1279,1279,1503612433813,11,18,8,2,1,-1,3,-7
1280,1280,1503612433821,2,1,-2,-3,-3,0,1,8
1281,1281,1503612433836,2,-16,-7,-4,-9,0,-6,-4
1282,1282,1503612433843,-1,-5,-4,-1,-1,-2,-2,-5
1283,1283,1503612433851,2,-3,-1,-1,-4,-2,-2,-5
1284,1284,1503612433867,-14,-5,-5,0,1,-3,-4,-16
1285,1285,1503612433873,17,-1,-2,-1,2,0,5,-11
1286,1286,1503612433880,-9,-6,-3,0,-2,-2,1,-10
1287,1287,1503612433896,-17,-7,-3,0,3,1,-5,-4
1288,1288,1503612433903,30,0,2,-2,-2,-2,1,17
1289,1289,1503612433911,-3,-2,-4,-1,7,1,11,-1
1290,1290,1503612433926,-4,-7,-4,-3,-6,-1,-6,-13
1291,1291,1503612433934,-7,-3,5,0,-5,-5,-5,-6
1292,1292,1503612433941,-2,1,-4,-1,0,0,1,-6
1293,1293,1503612433955,21,8,4,1,-3,-3,-4,12
1294,1294,1503612433956,-5,-4,-3,-1,-4,1,1,-4
1295,1295,1503612433963,-17,-5,2,1,-1,0,-1,-4
1296,1296,1503612433971,3,0,-2,-1,-1,0,4,9
1297,1297,1503612433986,11,-6,-5,-1,-2,-2,5,1
1298,1298,1503612433993,24,17,6,1,0,1,-7,-1
1299,1299,1503612434002,-7,-4,0,0,3,-4,-7,-1
1300,1300,1503612434015,-38,-11,-4,-1,-2,-1,-3,-14
1301,1301,1503612434023,41,14,3,0,-2,0,2,-8
1302,1302,1503612434031,11,-5,-5,-3,0,-2,-1,-113
1303,1303,1503612434046,-18,1,1,-1,-2,1,-3,-42
1304,1304,1503612434054,17,5,-1,1,1,1,8,72
1305,1305,1503612434061,4,-2,-5,0,-2,-3,6,42
1306,1306,1503612434076,-12,0,3,-2,-9,2,4,28
1307,1307,1503612434083,-8,-10,-2,-1,-1,0,2,39
1308,1308,1503612434091,-7,-4,-6,-2,1,-1,-4,19
1309,1309,1503612434106,-22,-4,-3,1,3,2,-12,-12
1310,1310,1503612434121,-3,0,-2,1,2,-1,-5,10
1311,1311,1503612434122,-8,-3,1,0,0,-3,3,-8
1312,1312,1503612434137,15,4,1,0,-1,-1,-1,15
1313,1313,1503612434138,16,-4,-2,0,-1,0,-7,-8
1314,1314,1503612434144,-4,2,-3,-4,-2,-1,-13,-27
1315,1315,1503612434151,7,5,1,-2,0,-4,1,2
1316,1316,1503612434166,4,-2,-2,-1,-8,0,6,5
1317,1317,1503612434174,-14,-7,-8,-5,-6,-2,1,-5
1318,1318,1503612434175,1,0,7,5,11,-3,-6,-15
1319,1319,1503612434181,6,2,1,-1,-3,1,7,6
1320,1320,1503612434196,13,8,-1,-2,-4,-1,4,22
1321,1321,1503612434204,5,-4,-1,0,2,-1,0,7
1322,1322,1503612434211,-14,21,5,-3,-1,-4,-19,-28
1323,1323,1503612434226,-24,-4,-1,0,-2,-1,2,-9
1324,1324,1503612434234,3,-13,-9,-2,-2,-3,3,-5
1325,1325,1503612434241,-8,3,2,0,2,0,-1,-8
1326,1326,1503612434256,-1,-6,-4,-1,1,2,17,3
1327,1327,1503612434263,1,-8,-5,0,7,-1,-4,11
1328,1328,1503612434272,0,8,8,1,1,2,-4,1
1329,1329,1503612434286,7,1,-3,-3,-4,-1,-2,3
1330,1330,1503612434294,-9,0,1,-1,-2,0,-2,-5
1331,1331,1503612434302,1,7,6,2,5,0,-5,-6
1332,1332,1503612434316,-9,-12,-7,-5,-11,0,10,7
1333,1333,1503612434323,2,1,-3,-1,-1,3,2,1
1334,1334,1503612434331,0,-7,-2,0,-2,0,-7,5
1335,1335,1503612434346,34,2,-5,-3,-3,-2,-19,4
1336,1336,1503612434354,-25,-6,-5,-1,1,-1,-5,5
1337,1337,1503612434361,-13,-3,-1,-2,-8,-3,0,-9
1338,1338,1503612434376,1,-2,0,1,6,0,-1,-6
1339,1339,1503612434383,-5,6,1,-1,-1,-3,7,28
1340,1340,1503612434391,-5,-9,-4,-2,-2,-1,3,-12
1341,1341,1503612434406,-8,12,5,1,3,1,3,-9
1342,1342,1503612434414,26,-6,-3,-2,0,-1,-2,10
1343,1343,1503612434421,-8,-1,-4,-2,-1,0,0,-12
1344,1344,1503612434438,-6,9,-1,-2,-2,-1,-3,-17
1345,1345,1503612434443,5,-12,-1,0,-2,-3,1,19
1346,1346,1503612434451,12,-27,-7,-2,2,1,10,12
1347,1347,1503612434466,0,-13,-1,2,2,4,6,-3
1348,1348,1503612434474,-3,10,6,1,-1,-2,-1,21
1349,1349,1503612434481,-3,-8,-5,-2,-4,-5,-8,-40
1350,1350,1503612434496,4,0,-4,-2,0,-1,0,8
1351,1351,1503612434505,6,6,0,0,0,-4,-3,3
1352,1352,1503612434511,1,5,-1,-1,-2,-1,-4,-14
1353,1353,1503612434526,4,-4,-4,-3,-1,0,-2,-2
1354,1354,1503612434534,-17,-4,-2,0,-4,-2,-13,-16
1355,1355,1503612434541,-12,5,-2,-2,0,-1,1,0
1356,1356,1503612434555,6,3,-2,-2,-2,-2,3,-3
1357,1357,1503612434563,4,2,-1,-2,1,2,2,-4
1358,1358,1503612434573,-11,-8,1,-2,0,0,-6,-45
1359,1359,1503612434586,-6,16,8,3,-1,3,17,0
1360,1360,1503612434593,2,11,9,4,-1,0,-5,-7
1361,1361,1503612434600,6,7,5,2,-5,0,-6,1
1362,1362,1503612434615,10,4,-1,-1,3,-4,6,1
1363,1363,1503612434623,-8,-14,-6,-3,-20,-5,-2,-5
1364,1364,1503612434631,-1,-2,-1,1,-4,4,4,18
1365,1365,1503612434646,1,-2,-3,-2,0,-4,0,7
1366,1366,1503612434654,0,2,0,-1,2,-1,-3,-7
1367,1367,1503612434661,-1,2,1,0,7,1,-1,-6
1368,1368,1503612434676,-10,-11,-4,0,5,-1,-1,-8
1369,1369,1503612434683,-16,-16,-7,-1,4,-1,-5,33
1370,1370,1503612434698,42,0,-1,-2,-6,-2,2,39
1371,1371,1503612434706,-17,-16,-5,-3,1,-1,-2,-7
1372,1372,1503612434714,-30,-16,-8,-3,-5,0,2,5
1373,1373,1503612434727,1,-6,-2,-1,2,1,-6,-6
1374,1374,1503612434736,-8,-13,-4,-1,0,-1,1,-1
1375,1375,1503612434744,10,1,-2,0,-1,1,-4,-23
1376,1376,1503612434758,2,8,1,0,1,-1,2,30
1377,1377,1503612434766,2,15,2,-1,0,0,6,-15
1378,1378,1503612434774,-21,3,1,0,0,-3,-2,-3
1379,1379,1503612434787,-12,6,5,0,2,0,-4,-25
1380,1380,1503612434795,-14,17,9,-1,-3,0,-10,-16
1381,1381,1503612434803,19,38,10,1,0,4,6,52
1382,1382,1503612434818,8,-2,-3,-3,-3,0,0,-25
1383,1383,1503612434825,4,-18,-9,-2,-1,-4,-5,0
1384,1384,1503612434834,2,-2,-2,-2,2,-1,-2,-16
1385,1385,1503612434848,-4,-6,-2,-1,4,-3,0,-7
1386,1386,1503612434856,3,1,-1,0,0,-1,0,1
1387,1387,1503612434863,0,-9,-4,-1,-1,-3,-2,11
1388,1388,1503612434878,1,-18,-8,-1,-2,-1,0,5
1389,1389,1503612434886,15,5,0,-3,-3,-3,-8,-30
1390,1390,1503612434893,-10,-15,-7,-3,-2,1,2,-17
1391,1391,1503612434908,6,-7,-5,1,-1,2,-2,-3
1392,1392,1503612434916,8,2,1,1,0,-2,0,8
1393,1393,1503612434923,-4,-33,-10,-5,-7,-5,-2,-4
1394,1394,1503612434938,-13,30,11,3,1,-1,-1,-4
1395,1395,1503612434946,-45,-23,-19,-5,-3,-2,1,-33
1396,1396,1503612434953,-13,-11,-9,-3,-3,-3,0,30
1397,1397,1503612434967,-3,2,2,0,1,2,-1,8
1398,1398,1503612434976,15,11,2,1,1,-2,2,15
1399,1399,1503612434983,9,5,3,-1,-5,-2,-3,1
1400,1400,1503612434998,2,5,5,6,9,0,0,1
1401,1401,1503612435006,6,10,6,0,-1,-1,2,4
1402,1402,1503612435014,17,-7,-5,-3,-2,0,-6,-3
1403,1403,1503612435027,-5,8,5,3,4,0,2,6
1404,1404,1503612435036,1,-26,-11,-5,-4,-1,-2,-3
1405,1405,1503612435043,3,-2,2,1,1,2,2,5
1406,1406,1503612435058,-1,4,2,1,-2,1,0,-14
1407,1407,1503612435067,-2,4,2,-2,1,-2,-2,2
1408,1408,1503612435076,-5,4,2,0,1,2,0,-12
1409,1409,1503612435087,24,4,-2,0,0,-1,4,63
1410,1410,1503612435095,7,3,3,0,-5,-4,-3,5
1411,1411,1503612435103,-23,-7,1,0,-4,1,1,-52
1412,1412,1503612435118,6,25,8,2,1,0,1,-14
1413,1413,1503612435125,-2,-3,-4,-2,-2,0,-2,-8
1414,1414,1503612435126,-1,-1,0,1,1,-1,-1,-4
1415,1415,1503612435134,-6,-9,-4,-3,0,0,-2,-1
1416,1416,1503612435147,-7,2,0,1,0,-2,-2,0
1417,1417,1503612435156,-1,-13,-10,-4,-1,-3,-10,-7
1418,1418,1503612435163,-4,8,0,-2,-1,-2,-4,-12
1419,1419,1503612435179,2,-9,-4,-1,-4,0,11,-2
1420,1420,1503612435186,33,24,6,1,2,3,3,25
1421,1421,1503612435193,-11,8,0,-1,-2,-4,0,16
1422,1422,1503612435212,3,-8,-4,-2,0,0,3,-4
1423,1423,1503612435216,-14,0,2,-1,-1,0,-5,3
1424,1424,1503612435223,-9,3,1,-3,-4,-5,-4,-9
1425,1425,1503612435238,5,1,2,0,-4,-2,-4,-35
1426,1426,1503612435252,3,-7,-4,-1,2,1,5,-5
1427,1427,1503612435254,-2,-2,-4,-1,-1,-5,-10,-1
1428,1428,1503612435267,3,-11,-8,-3,-5,-2,-4,0
1429,1429,1503612435278,0,-15,-8,-3,1,2,9,26
1430,1430,1503612435283,13,-3,2,1,-1,-1,-2,3
1431,1431,1503612435298,13,-1,-3,0,-1,1,-2,6
1432,1432,1503612435305,15,7,2,0,-5,-2,0,-1
1433,1433,1503612435314,1,5,0,-1,-3,1,-4,-6
1434,1434,1503612435327,-5,-4,-4,-3,-2,2,-1,4
1435,1435,1503612435335,-7,-1,-2,-1,0,-1,2,3
1436,1436,1503612435345,-9,2,0,-2,2,1,15,-14
1437,1437,1503612435358,-6,7,6,1,-2,-5,-3,-39
1438,1438,1503612435365,13,-12,-3,-2,-3,-1,5,37
1439,1439,1503612435366,0,3,-3,-1,-6,-2,9,35
1440,1440,1503612435373,-6,-14,-3,-2,-2,-1,-3,3
1441,1441,1503612435387,-14,-13,-2,0,-1,-5,-9,3
1442,1442,1503612435395,13,4,1,-1,1,1,-1,19
1443,1443,1503612435412,0,3,0,-1,5,0,-1,-4
1444,1444,1503612435418,-5,5,0,0,-2,0,3,-2
1445,1445,1503612435432,-3,6,2,0,1,-2,-9,2
1446,1446,1503612435434,-2,1,-2,-2,-1,1,2,12
1447,1447,1503612435448,-6,-3,-2,1,-3,-2,-2,-8
1448,1448,1503612435456,3,1,-1,0,1,-1,3,17
1449,1449,1503612435463,3,-1,2,-1,-5,0,-3,6
1450,1450,1503612435480,-18,-5,-4,-1,1,-1,-4,-13
1451,1451,1503612435486,14,-3,-2,-1,0,-1,-1,-1
1452,1452,1503612435494,-14,-14,-5,-3,-2,-1,-6,-2
1453,1453,1503612435507,-6,-6,-3,0,-1,0,-6,-8
1454,1454,1503612435516,-1,2,-1,-2,0,-2,10,20
1455,1455,1503612435523,-12,0,0,2,1,1,-5,-27
1456,1456,1503612435538,4,4,0,-2,-6,0,-2,-7
1457,1457,1503612435547,1,2,-2,-1,-2,-5,-7,-4
1458,1458,1503612435561,6,30,15,6,0,1,-1,-25
1459,1459,1503612435567,10,19,6,-2,-6,1,0,-7
1460,1460,1503612435576,19,-10,1,3,3,3,-8,-17
1461,1461,1503612435583,-4,29,13,1,0,1,2,2
1462,1462,1503612435598,10,23,0,-2,-3,-3,3,22
1463,1463,1503612435605,10,-17,-9,-4,1,-1,4,9
1464,1464,1503612435621,-5,-11,4,0,3,-2,-1,-11
1465,1465,1503612435627,-4,2,2,2,10,5,4,23
1466,1466,1503612435636,23,2,0,-1,-3,0,9,72
1467,1467,1503612435650,-6,5,3,1,0,-2,-6,-20
1468,1468,1503612435658,-1,-10,-7,-3,-1,-2,-2,-6
1469,1469,1503612435666,-6,-9,-4,0,-4,-1,-4,16
1470,1470,1503612435681,-12,1,-1,-3,-2,0,-3,-20
1582,1582,1503612436791,-4,-11,-3,0,-12,-3,-4,-4
1583,1583,1503612436798,-9,20,7,1,2,-1,-5,-6
1584,1584,1503612436812,-7,-7,1,-2,-4,-2,-4,-8
1585,1585,1503612436821,3,13,2,0,-3,0,0,3
1586,1586,1503612436828,-3,16,6,3,0,1,6,-3
1587,1587,1503612436843,5,-15,-8,-3,1,-2,-4,9
1588,1588,1503612436850,-2,-6,-5,-3,-2,-1,1,-3
1589,1589,1503612436858,3,-2,-2,-5,-2,1,3,10
1590,1590,1503612436872,4,16,1,-1,0,0,-4,-1
1591,1591,1503612436880,3,-13,-3,0,2,-1,1,2
1592,1592,1503612436888,1,-4,3,2,-7,-2,-6,-3
1593,1593,1503612436903,-2,0,-2,1,-1,-3,1,-4
1594,1594,1503612436910,3,1,-4,-3,-1,-1,-3,-4
1595,1595,1503612436918,-1,-3,-5,-4,-3,-1,-17,-5
1596,1596,1503612436933,-10,-14,1,3,3,0,0,-4
1597,1597,1503612436940,1,5,-5,-5,0,-2,2,1
1598,1598,1503612436956,1,0,-4,-2,2,0,3,-1
1599,1599,1503612436963,-1,-5,-4,-3,-2,-2,-1,-11
1600,1600,1503612436971,-2,-5,-2,0,-4,-2,-2,-2
1601,1601,1503612436978,-7,24,11,3,5,2,3,0
1602,1602,1503612436993,-4,3,-4,-4,0,0,1,3
1603,1603,1503612437000,1,-10,1,3,0,-1,-4,-2
1604,1604,1503612437016,2,-5,-10,-8,-2,0,-4,-8
1605,1605,1503612437023,-3,-9,-2,1,2,1,0,1
1606,1606,1503612437031,-2,-6,-3,-4,1,-3,-9,-18
1607,1607,1503612437038,0,1,3,1,0,0,-1,-11
1608,1608,1503612437055,0,5,9,5,2,-4,-3,1
1609,1609,1503612437060,-2,4,0,0,-2,-3,-6,1
1610,1610,1503612437076,-12,-4,-3,-2,-2,0,0,-10
1611,1611,1503612437083,-5,-17,-9,-4,0,2,6,3
1612,1612,1503612437091,-11,-6,2,2,1,-3,-3,4
1613,1613,1503612437098,4,1,3,1,0,-2,-7,-7
1614,1614,1503612437113,4,1,2,2,0,-1,0,-6
1615,1615,1503612437121,3,6,-2,0,0,1,2,16
1616,1616,1503612437136,5,0,1,1,-1,-2,-7,-6
1617,1617,1503612437143,0,-4,-4,-3,-4,-5,-6,-10
1618,1618,1503612437151,0,3,4,3,3,1,-2,-1
1619,1619,1503612437158,-5,-2,0,0,1,0,0,-2
1620,1620,1503612437159,-5,-10,-4,-5,-4,-2,1,4
1621,1621,1503612437174,-2,-9,1,1,0,-2,0,10
1622,1622,1503612437180,-1,4,2,3,0,-1,6,0
1623,1623,1503612437196,-9,1,-5,-3,1,3,7,13
1624,1624,1503612437203,-1,-10,-4,-1,-2,-1,2,9
1625,1625,1503612437211,4,6,1,0,1,2,1,-1
1626,1626,1503612437218,0,9,0,1,-2,0,0,-1
1627,1627,1503612437233,2,-1,-2,-1,-1,-1,3,40
1628,1628,1503612437241,-6,2,1,-1,-1,-2,-2,1
1629,1629,1503612437259,1,-4,-3,-3,-3,-4,1,-26
1630,1630,1503612437263,7,-3,-1,2,0,2,5,-10
1631,1631,1503612437271,-4,-9,-3,-2,-3,-4,-2,-8
1632,1632,1503612437278,-3,-41,-11,-5,-3,-1,1,24
1633,1633,1503612437295,6,1,-4,-2,-1,-3,-4,14
1634,1634,1503612437301,-3,-3,0,1,1,-1,5,13
1635,1635,1503612437316,-2,3,-3,-3,0,4,2,-15
1636,1636,1503612437325,-4,7,2,-1,3,-3,-2,-26
1637,1637,1503612437331,2,4,-4,-5,1,-1,-2,-20
1638,1638,1503612437338,-2,12,4,2,-8,1,-8,-15
1639,1639,1503612437355,-1,-4,3,3,-1,-4,-11,-11
1640,1640,1503612437361,1,10,7,2,-6,-5,-1,23
1641,1641,1503612437376,-1,-9,-8,-4,0,3,8,29
1642,1642,1503612437383,-4,0,-6,-4,3,1,8,-16
1643,1643,1503612437392,-20,20,9,4,-1,1,6,-9
1644,1644,1503612437398,0,-2,-4,-2,-2,0,1,-1
1645,1645,1503612437413,2,-4,1,2,3,-3,-10,-17
1646,1646,1503612437420,-5,3,0,-1,-1,0,0,-6
1647,1647,1503612437436,0,4,3,-1,1,1,6,-4
1648,1648,1503612437443,-2,5,2,-2,3,0,-4,-7
1649,1649,1503612437451,5,1,-2,0,-1,-2,1,-2
1650,1650,1503612437460,-2,-7,-6,-5,-2,-1,0,0
1651,1651,1503612437473,-2,-7,-3,-3,-4,2,0,3
1652,1652,1503612437480,-3,-7,-1,-3,-3,-3,1,-4
1653,1653,1503612437498,6,-4,-1,0,-5,-1,1,1
1654,1654,1503612437503,-15,-7,-3,1,1,-2,-6,-11
1655,1655,1503612437511,13,20,3,0,-2,-2,-7,-9
1656,1656,1503612437527,5,18,1,-4,-3,2,0,-8
1657,1657,1503612437534,-3,13,3,1,0,-1,-4,-2
1658,1658,1503612437541,-2,-9,-3,-1,0,-4,-3,-1
1659,1659,1503612437556,-3,-12,-2,-1,1,-1,2,8
1660,1660,1503612437563,4,2,2,0,-3,-1,0,0
1661,1661,1503612437571,-3,-11,-5,0,2,-1,2,8
1662,1662,1503612437586,8,4,0,2,2,-1,-4,5
1663,1663,1503612437594,1,-4,-2,-2,-3,-1,0,-3
1664,1664,1503612437602,5,1,0,0,6,1,3,1
1665,1665,1503612437616,2,1,0,1,-1,0,2,-4
1666,1666,1503612437623,2,-9,0,-2,-4,-1,-2,3
1667,1667,1503612437631,4,-11,-5,-2,-2,1,1,45
1668,1668,1503612437646,2,-3,-2,1,-1,-1,-2,7
1669,1669,1503612437653,-13,-6,0,-1,-2,-2,2,-5
1670,1670,1503612437661,-4,0,-1,0,2,-3,-3,-8
1671,1671,1503612437676,-1,2,-1,-2,-1,-1,-2,-9
1672,1672,1503612437683,1,0,1,2,2,5,3,-1
1673,1673,1503612437691,0,-21,-8,-4,8,-2,2,-4
1674,1674,1503612437705,9,44,14,3,-2,1,-5,-9
1675,1675,1503612437706,7,-16,-3,0,-1,1,2,11
1676,1676,1503612437713,4,33,9,1,-2,-2,-3,-7
1677,1677,1503612437721,-2,7,5,1,-3,-2,0,-16
1678,1678,1503612437736,1,-8,-5,0,-1,-2,-2,4
1679,1679,1503612437743,-3,4,3,1,-2,-2,-2,9
1680,1680,1503612437751,-2,1,-1,-4,-10,0,-2,-4
1681,1681,1503612437766,-6,3,-2,-2,0,0,-8,-8
1682,1682,1503612437774,-2,-4,2,1,0,-1,-7,-10
1683,1683,1503612437780,1,-6,-5,-2,-2,-2,3,-72
1684,1684,1503612437796,0,-12,-2,2,-5,-3,-4,-53
1685,1685,1503612437803,-3,7,-1,-1,0,0,-4,-4
1686,1686,1503612437811,5,3,-1,1,5,-3,2,-13
1687,1687,1503612437828,0,1,1,0,-3,-2,-3,43
1688,1688,1503612437833,-2,-6,-4,-4,-1,-1,0,11
1689,1689,1503612437841,-1,3,3,0,1,0,3,10
1690,1690,1503612437856,-8,1,2,1,2,-1,-2,30
1691,1691,1503612437863,-5,6,-4,-2,-6,-5,-10,2
1692,1692,1503612437871,5,19,8,3,1,2,-2,21
1693,1693,1503612437886,1,-8,-2,0,-1,-1,3,7
1694,1694,1503612437895,-23,-8,-2,-1,-1,-1,2,4
1695,1695,1503612437901,25,24,8,4,4,-1,3,7
1696,1696,1503612437916,-7,-6,2,2,-1,-2,-3,-7
1697,1697,1503612437923,3,-2,-3,-3,-2,-2,-1,6
1698,1698,1503612437939,8,1,0,-1,-2,1,2,5
1699,1699,1503612437945,-1,-5,-3,-2,0,0,-4,9
1700,1700,1503612437963,-12,-8,-3,-3,-3,-1,4,30
1701,1701,1503612437976,22,-7,-5,-2,-2,-1,-3,8
1702,1702,1503612437983,0,3,-2,-2,0,-2,-2,-12
1703,1703,1503612437991,-5,4,-1,-1,-2,-1,-3,-5
1704,1704,1503612438005,0,-8,-5,-1,-2,-2,1,-17
1705,1705,1503612438013,8,-3,-3,-1,-1,0,5,3
1706,1706,1503612438021,2,2,-1,-2,-2,0,-2,-10
1707,1707,1503612438036,4,-4,-3,-3,-1,-2,-1,-4
1708,1708,1503612438043,-17,-10,-1,-1,-2,-3,-6,-6
1709,1709,1503612438051,2,15,0,1,0,-1,2,2
1710,1710,1503612438065,16,2,0,2,1,1,3,5
1711,1711,1503612438073,-5,-3,-3,-2,-3,-3,-2,-19
1712,1712,1503612438080,-6,-1,-1,-3,-12,2,2,10
1713,1713,1503612438097,1,0,1,1,1,0,-1,-9
1714,1714,1503612438103,-3,0,0,0,1,0,1,0
1715,1715,1503612438111,-1,8,0,-2,-1,1,-1,1
1716,1716,1503612438125,-21,-7,-1,0,4,-3,-4,-12
1717,1717,1503612438134,-10,5,0,0,1,-1,-2,-19
1718,1718,1503612438140,-31,-2,2,-1,1,1,1,-19
1719,1719,1503612438156,4,-11,-10,-2,-3,-3,-4,-5
1720,1720,1503612438164,-11,-3,0,1,0,0,-5,-27
1721,1721,1503612438171,-11,-10,0,2,1,0,-7,4
1722,1722,1503612438185,16,0,-3,-1,0,-4,-9,4
1723,1723,1503612438193,3,-10,-2,-2,-2,-1,-4,-16
1724,1724,1503612438200,11,0,1,1,10,3,5,8
1725,1725,1503612438216,-1,1,-1,0,-4,0,2,6
1726,1726,1503612438223,8,1,1,-2,-6,-1,3,13
1727,1727,1503612438232,-8,3,2,2,2,0,1,-1
1728,1728,1503612438245,-7,-10,-4,-4,-1,-1,-1,14
1729,1729,1503612438246,7,5,0,1,-1,-1,0,8
1730,1730,1503612438254,-8,10,4,0,-3,-3,2,5
1731,1731,1503612438260,9,4,-3,-4,-3,1,5,11
1732,1732,1503612438276,-17,-7,-6,-4,0,-2,-5,26
1733,1733,1503612438283,-18,-10,-11,-2,-1,-2,-2,15
1734,1734,1503612438291,4,-4,-2,-1,-1,2,2,1
1735,1735,1503612438307,14,7,2,-1,-2,-3,-5,-11
1736,1736,1503612438313,3,5,7,3,-1,-1,-1,8
1737,1737,1503612438321,4,-1,-1,1,8,2,-4,-9
1738,1738,1503612438336,6,0,2,-3,-1,-3,-9,-5
1739,1739,1503612438343,-1,-4,-2,0,-3,0,1,-23
1740,1740,1503612438351,9,4,1,0,2,2,-2,-12
1741,1741,1503612438365,-13,-3,0,0,0,-5,0,-7
1742,1742,1503612438380,-8,3,-2,-1,-1,0,0,-27
1743,1743,1503612438381,7,0,2,0,1,1,2,6
1744,1744,1503612438399,-2,3,-1,-2,-2,-4,1,-1
1745,1745,1503612438403,5,-3,-4,-2,-5,0,-1,5
1746,1746,1503612438418,5,0,5,5,7,0,3,7
1747,1747,1503612438425,5,1,-1,-1,-4,-4,-4,-4
1748,1748,1503612438434,4,-2,-2,0,-3,0,-2,6
1749,1749,1503612438448,-11,6,0,1,0,0,7,36
1750,1750,1503612438456,1,5,-1,-1,-1,-2,-1,-2
1751,1751,1503612438463,-3,-14,-6,-4,-2,0,-3,-7
1752,1752,1503612438478,-3,-12,-8,-2,-1,1,3,7
1753,1753,1503612438485,6,6,2,2,1,0,0,-3
1754,1754,1503612438493,10,0,2,-4,-1,-2,-3,5
1755,1755,1503612438508,2,0,2,1,0,-1,-7,-31
1756,1756,1503612438516,-4,-2,-4,-1,-2,3,4,8
1757,1757,1503612438523,-5,-4,-2,-1,-1,-2,-8,-25
1758,1758,1503612438538,1,-2,-4,-2,-2,-3,-6,-2
1759,1759,1503612438545,-3,-3,0,-2,0,0,-3,6
1760,1760,1503612438553,-23,-1,1,-3,2,0,3,2
1761,1761,1503612438568,-9,-7,-4,-3,0,-4,-4,-10
1762,1762,1503612438576,36,9,-6,-1,-4,-2,-1,-23
1763,1763,1503612438583,30,-2,-1,-3,-3,-1,0,0
1764,1764,1503612438600,38,-2,-1,0,0,2,4,5
1765,1765,1503612438606,-5,2,-4,-1,3,0,2,11
1766,1766,1503612438613,-15,-4,1,-1,1,1,-3,3
1767,1767,1503612438628,-4,-1,2,-1,-3,-1,-1,1
1768,1768,1503612438636,-15,-6,-1,1,-1,-1,4,8
1769,1769,1503612438643,-14,4,0,-1,-2,-1,2,-16
1770,1770,1503612438658,-7,0,2,0,-1,-2,-3,-24
1771,1771,1503612438666,-3,-2,-1,2,-1,-1,1,5
1772,1772,1503612438673,-33,-9,-3,1,0,-2,-3,-24
1773,1773,1503612438688,5,12,3,-1,-1,0,2,11
1774,1774,1503612438696,-9,-1,-1,-2,-2,0,-2,7
1775,1775,1503612438703,-6,-4,-5,-2,1,-1,0,-1
1776,1776,1503612438718,8,1,0,-1,-2,-2,-1,6
1777,1777,1503612438725,-4,-10,-3,-2,-2,-1,2,-6
1778,1778,1503612438735,12,29,16,3,-1,0,-1,0
1779,1779,1503612438748,10,-2,-2,0,0,2,0,-1
1780,1780,1503612438756,-15,-12,-8,-2,-3,-3,-5,-9
1781,1781,1503612438773,-8,10,6,2,0,0,-1,1
1782,1782,1503612438778,1,0,-3,-1,-1,0,-2,9
1783,1783,1503612438785,12,-3,-1,-1,-1,-1,0,5
1784,1784,1503612438793,4,-5,2,-1,0,0,2,3
1785,1785,1503612438808,-23,4,2,0,-1,2,1,-2
1786,1786,1503612438816,4,1,-2,-2,-2,0,2,6
1787,1787,1503612438823,2,2,1,-1,0,-2,-5,4
1788,1788,1503612438838,-21,-13,-8,-4,0,-3,-5,-8
1789,1789,1503612438845,6,-4,0,0,-1,-1,2,4
1790,1790,1503612438853,28,-11,-7,-1,-2,-2,1,5
1791,1791,1503612438868,1,5,-4,-4,-3,-4,-4,-6
1792,1792,1503612438876,19,-3,-1,-1,-1,0,-1,7
1793,1793,1503612438883,-16,-9,-2,-1,1,-1,0,7
1794,1794,1503612438898,-17,5,0,-2,1,0,-3,-7
1795,1795,1503612438905,-6,0,0,-3,-1,-1,-3,-5
1796,1796,1503612438913,-24,-2,0,-1,0,-1,2,4
1797,1797,1503612438928,-5,-11,-6,-1,-2,0,-1,1
1798,1798,1503612438941,2,-4,-1,0,0,0,2,5
1799,1799,1503612438944,-1,-2,-2,-1,-1,-1,0,-3
1800,1800,1503612438958,6,0,0,0,0,-2,1,4
1801,1801,1503612438965,32,18,5,2,0,0,2,4
1802,1802,1503612438973,-19,3,2,1,0,1,0,-5
1803,1803,1503612438988,0,-3,-3,-1,-2,-2,-1,2
1804,1804,1503612438996,18,0,-1,-2,-2,0,1,-2
1805,1805,1503612439012,-9,-2,0,-1,-2,-2,0,-2
1806,1806,1503612439018,-8,1,-4,0,-1,0,-1,3
1807,1807,1503612439025,25,3,0,0,-1,-2,-2,6
1808,1808,1503612439033,-25,-3,0,-2,-1,-2,0,-7
1809,1809,1503612439034,9,0,-1,1,-1,-2,1,1
1810,1810,1503612439048,-6,-2,-1,-1,0,0,-1,-1
1811,1811,1503612439058,27,2,-6,-1,-1,0,-1,3
1812,1812,1503612439063,-14,-5,-3,1,0,1,-2,-2
1813,1813,1503612439078,18,-6,-1,-1,-1,-1,1,3
1814,1814,1503612439087,-2,4,1,-1,-1,-1,0,-3
1815,1815,1503612439096,-15,1,1,-1,-1,-1,-2,-4
1816,1816,1503612439108,-23,-2,1,0,2,-2,-1,0
1817,1817,1503612439116,-18,2,3,-2,0,1,-2,-5
1818,1818,1503612439123,-14,-8,-7,-1,-1,0,0,-4
1819,1819,1503612439146,1,-8,-4,-1,1,0,-1,-1
1820,1820,1503612439153,-5,-4,-2,-1,-1,-1,1,0
1821,1821,1503612439168,1,-2,3,-1,-1,-1,0,3
1822,1822,1503612439176,-9,-1,-1,0,-1,-2,-2,-1
1823,1823,1503612439183,4,5,2,-1,1,0,-3,2
1824,1824,1503612439198,3,0,-1,-2,-1,0,0,-2
1825,1825,1503612439208,4,-2,0,-1,-5,-1,3,-3
1826,1826,1503612439214,-14,-7,-3,0,3,-4,0,-5
1827,1827,1503612439228,7,-4,3,-2,0,-1,-4,1
1828,1828,1503612439243,-20,-7,-1,-1,-3,0,0,3
1829,1829,1503612439244,-8,-7,-7,0,-1,-3,-1,-4
1830,1830,1503612439258,9,-3,-3,-1,-1,0,0,3
1831,1831,1503612439265,1,8,2,1,-4,1,2,0
1832,1832,1503612439274,3,5,-2,-2,-4,-2,-3,-1
1833,1833,1503612439288,6,3,-1,0,5,-1,-1,-4
1834,1834,1503612439296,7,-3,5,1,-2,-2,1,-1
1835,1835,1503612439306,3,5,7,1,1,-3,1,2
1836,1836,1503612439318,-1,17,7,2,-1,-1,-5,-2
1837,1837,1503612439325,-3,-5,-1,-1,-1,-1,-4,-6
1838,1838,1503612439334,-8,-9,-6,-3,-1,2,1,0
1839,1839,1503612439348,-19,-5,-4,-1,0,2,0,-1
1840,1840,1503612439356,-23,-4,-2,-2,-1,2,-1,0
1841,1841,1503612439374,-1,0,-3,-3,-7,-3,-1,-1
1842,1842,1503612439378,3,2,0,0,-2,0,-3,0
1843,1843,1503612439385,5,4,0,-3,-5,-3,0,5
1844,1844,1503612439400,10,-3,-4,-1,4,2,4,0
1845,1845,1503612439409,10,-2,-4,-4,-3,-2,-2,0
1846,1846,1503612439416,9,-8,-6,-2,0,-4,-1,0
1847,1847,1503612439430,4,13,6,4,1,3,1,2
1848,1848,1503612439446,-5,4,2,1,2,1,-1,-3
1849,1849,1503612439460,0,0,0,-2,-2,-1,-1,4
1850,1850,1503612439468,0,-1,0,-1,1,-2,-7,-1
1851,1851,1503612439476,-5,-4,-3,-1,0,-3,1,2
1852,1852,1503612439490,-5,-4,-4,-2,0,0,2,1
1853,1853,1503612439498,4,13,5,0,1,0,-3,0
1854,1854,1503612439513,8,-3,0,1,1,1,2,18
1855,1855,1503612439520,6,2,1,0,1,-1,2,-4
1856,1856,1503612439528,-9,-22,-10,0,3,1,-2,0
1857,1857,1503612439536,2,10,7,3,3,1,2,13
1858,1858,1503612439550,21,-3,-5,-4,-9,-4,-2,-6
1859,1859,1503612439558,4,-6,-6,-1,-4,-1,-3,1
1860,1860,1503612439565,12,1,-5,-3,-4,-1,-2,-14
1861,1861,1503612439581,-24,-2,0,-2,-2,0,0,-3
1862,1862,1503612439588,-10,0,-1,1,4,-2,6,0
1863,1863,1503612439596,-3,-10,-4,-1,-12,0,-5,-10
1864,1864,1503612439610,-2,6,5,-1,2,-2,0,-5
1865,1865,1503612439618,15,-1,-3,-2,-3,-1,-3,22
1866,1866,1503612439625,-12,6,5,-1,0,-2,-4,-47
1867,1867,1503612439641,6,19,11,2,5,0,2,5
1868,1868,1503612439649,9,-2,-1,-1,5,0,-1,9
1869,1869,1503612439656,-5,-12,-6,-2,4,0,-1,-17
1870,1870,1503612439669,1,4,2,3,-1,1,4,45
1871,1871,1503612439678,2,2,0,-1,0,1,2,4
1872,1872,1503612439685,0,-2,-2,-2,1,1,-3,-2
1873,1873,1503612439700,3,-2,-1,0,1,-3,-1,-3
1874,1874,1503612439709,-4,11,3,-1,-1,0,-1,-7
1875,1875,1503612439716,-4,-5,-5,-3,-1,-1,-2,-17
1876,1876,1503612439730,-8,12,5,1,-2,2,6,11
1877,1877,1503612439738,-15,-10,-8,-2,-3,-2,-1,-17
1878,1878,1503612439745,-6,-9,-4,-1,-3,-1,-8,-11
1879,1879,1503612439760,12,-10,-4,-1,1,-1,-2,2
1880,1880,1503612439768,-19,3,1,0,0,0,-2,-21
1881,1881,1503612439776,-2,1,-1,-2,0,-2,-3,9
1882,1882,1503612439790,-1,-7,-3,1,0,-1,2,11
1883,1883,1503612439798,0,4,3,0,-1,-2,-2,3
1884,1884,1503612439805,0,-8,-2,-3,-10,-2,-8,-4
1885,1885,1503612439820,0,2,0,-1,3,3,1,-7
1886,1886,1503612439828,3,-5,-5,-4,3,-2,2,6
1887,1887,1503612439836,6,1,-1,1,2,0,3,10
1888,1888,1503612439851,-1,-1,0,-2,-3,0,-1,-2
1889,1889,1503612439858,-15,-1,2,-1,-5,-1,1,2
1890,1890,1503612439865,10,1,1,3,4,3,-1,-2
1891,1891,1503612439880,13,-1,-2,-3,-5,-3,-3,-4
1892,1892,1503612439888,1,2,-1,-1,-3,-2,0,1
1893,1893,1503612439896,-2,-1,0,1,4,-1,-2,-2
1894,1894,1503612439911,2,-4,-2,-1,-7,0,-4,1
1895,1895,1503612439919,7,2,0,-1,1,-2,-2,3
1896,1896,1503612439925,0,-3,-4,-1,2,-1,0,-1
1897,1897,1503612439942,-5,0,0,1,-1,-1,-3,3
1898,1898,1503612439948,1,3,2,1,-3,6,6,2
1899,1899,1503612439956,1,-1,0,4,11,7,1,-3
1900,1900,1503612439970,-12,-4,-4,-2,0,-4,-3,-9
1901,1901,1503612439979,7,6,2,0,-5,1,4,6
1902,1902,1503612439985,4,-1,3,1,4,-2,0,1
1903,1903,1503612440000,-14,-9,-5,-4,-2,-2,-8,-2
1904,1904,1503612440010,0,3,0,1,6,0,7,13
1905,1905,1503612440016,-7,-3,0,0,-1,-3,-9,-29
1906,1906,1503612440031,12,-4,-6,-3,-7,-7,-5,-7
1907,1907,1503612440038,-4,0,0,-1,0,-1,1,-3
1908,1908,1503612440046,-4,-4,-3,-1,-2,-3,-4,-5
1909,1909,1503612440060,27,12,5,-1,-3,1,0,6
1910,1910,1503612440068,-12,-5,-2,-2,-5,-2,-1,-5
1911,1911,1503612440077,12,3,1,0,3,-2,0,3
1912,1912,1503612440090,-2,-1,0,-2,-8,2,0,4
1913,1913,1503612440091,-7,-2,-3,-2,-4,0,-3,-3
1914,1914,1503612440098,-8,-2,-1,-1,-8,-1,6,5
1915,1915,1503612440105,2,-2,-5,-2,-3,-2,3,0
1916,1916,1503612440120,-16,-2,-11,-3,-2,-2,1,-5
1917,1917,1503612440128,-4,-7,-4,-2,0,2,4,1
1918,1918,1503612440136,-5,-12,-5,-3,-2,-4,-7,5
1919,1919,1503612440150,12,7,0,0,1,0,-5,20
1920,1920,1503612440158,-9,-3,-1,-3,-2,-1,-2,-10
1921,1921,1503612440165,-19,-3,2,2,4,0,-2,-6
1922,1922,1503612440180,21,-4,-5,-2,-1,-2,1,-1
1923,1923,1503612440181,-8,1,0,-1,-2,-2,-3,-2
1924,1924,1503612440188,-5,-2,-2,-2,-2,-1,-3,-5
1925,1925,1503612440196,7,2,1,-1,-1,-1,4,0
1926,1926,1503612440211,4,-3,0,-2,-2,-3,-5,2
1927,1927,1503612440218,10,-4,0,1,1,1,1,11
1928,1928,1503612440225,-14,1,5,-1,0,-1,-6,-9
1929,1929,1503612440240,4,-6,-3,-2,-4,-3,-2,6
1930,1930,1503612440248,12,-2,-3,-3,0,-1,-6,-4
1931,1931,1503612440256,-6,6,6,-1,-4,1,2,3
1932,1932,1503612440270,3,2,0,1,3,2,7,7
1933,1933,1503612440279,9,3,2,3,-6,1,0,-2
1934,1934,1503612440292,8,7,1,0,-1,0,1,0
1935,1935,1503612440300,-7,-3,-4,-2,1,0,-2,-5
1936,1936,1503612440308,0,1,-1,0,4,-3,-1,0
1937,1937,1503612440323,-1,-3,-2,-3,2,-1,3,2
1938,1938,1503612440329,2,-2,0,-1,-3,-2,-4,-2
1939,1939,1503612440338,-3,-2,1,1,2,1,-3,-5
1940,1940,1503612440352,-6,-2,-2,-2,-4,-1,0,7
1941,1941,1503612440360,4,2,2,-2,3,-1,-2,2
1942,1942,1503612440368,-22,-5,-5,-5,-4,3,11,5
1943,1943,1503612440383,-5,-2,-2,-2,2,-4,1,-3
1944,1944,1503612440390,-2,0,-1,-2,-3,0,3,-7
1945,1945,1503612440398,3,0,-1,2,-2,3,-3,-5
1946,1946,1503612440413,11,9,4,1,-4,-3,-4,7
1947,1947,1503612440421,11,-4,-2,1,6,-1,-3,-2
1948,1948,1503612440428,-5,-3,-1,1,11,-1,-1,-6
1949,1949,1503612440443,-3,-1,-2,-3,-4,-2,-1,-1
1950,1950,1503612440450,12,-2,0,1,-1,-1,-8,-9
1951,1951,1503612440458,-9,-9,-5,0,1,4,1,-25
1952,1952,1503612440472,1,-7,-3,-6,-5,-2,1,-1
1953,1953,1503612440480,-4,-6,-1,-1,-4,-1,-1,2
1954,1954,1503612440488,6,-5,-4,1,-3,0,-3,-4
1955,1955,1503612440503,12,20,8,0,-2,-4,-13,1
1956,1956,1503612440518,1,20,7,3,0,2,4,-10
1957,1957,1503612440519,-17,-18,-8,-4,-1,-5,-8,-23
1958,1958,1503612440532,3,-11,-3,-3,-4,-3,-7,-5
1959,1959,1503612440540,20,-4,-3,0,-1,1,3,16
1960,1960,1503612440548,10,6,4,-1,3,-1,4,3
1961,1961,1503612440563,-2,-3,-3,-2,-7,-3,2,8
1962,1962,1503612440570,-13,-2,-2,1,0,-1,6,-8
1963,1963,1503612440580,-4,4,-1,4,8,3,1,3
1964,1964,1503612440592,-1,-3,0,2,-1,4,2,9
1965,1965,1503612440600,-6,5,-2,-2,-5,-2,5,-1
1966,1966,1503612440608,0,-3,-1,2,2,1,-1,-1
1967,1967,1503612440623,1,7,3,1,-1,-2,-2,4
1968,1968,1503612440630,-2,16,6,1,-1,-3,-7,-4
1969,1969,1503612440638,0,-1,1,-2,-2,-1,-1,7
1970,1970,1503612440652,-10,11,2,0,3,0,-2,-1
1971,1971,1503612440660,-7,-2,-4,-1,4,-2,11,-45
1972,1972,1503612440668,6,-6,-3,-1,-4,0,5,-13
1973,1973,1503612440683,-11,-3,1,-3,-1,-1,6,38
1974,1974,1503612440690,-10,-7,-5,-2,-1,-3,-6,-95
1975,1975,1503612440698,-4,-4,-1,-1,-3,-1,-9,-19
1976,1976,1503612440712,13,16,11,0,-1,-1,0,33
1977,1977,1503612440720,3,-3,-3,-2,-1,0,-1,20
1978,1978,1503612440728,-5,-9,-5,-2,3,-4,-6,4
1979,1979,1503612440743,3,5,0,-5,-6,-3,-2,0
1980,1980,1503612440750,7,-5,-4,-2,-1,-2,3,28
1981,1981,1503612440758,1,0,-2,1,4,-2,-3,7
1982,1982,1503612440772,2,-21,-11,-4,-3,-3,-2,5
1983,1983,1503612440782,-1,1,-1,2,-2,1,-1,-5
2182,2182,1503612442769,-11,6,6,3,-2,-2,-2,-9
2183,2183,1503612442776,-2,4,-1,-3,-1,0,8,7
2184,2184,1503612442783,6,-4,1,0,-2,-1,11,9
2185,2185,1503612442798,-2,1,1,-1,-2,-3,3,4
2186,2186,1503612442807,-10,-4,-2,-1,3,3,-1,1
2187,2187,1503612442821,3,22,0,-4,-3,0,-5,5
2188,2188,1503612442832,-2,-13,-6,-3,-6,-1,3,1
2189,2189,1503612442836,-6,-10,-3,-2,-1,0,0,3
2190,2190,1503612442843,7,5,-3,0,-1,0,7,9
2191,2191,1503612442858,2,-7,0,0,0,-4,-1,7
2192,2192,1503612442865,2,-1,3,1,-1,-5,-27,-15
2193,2193,1503612442881,-3,-13,-7,-2,2,1,-7,-2
2194,2194,1503612442888,3,5,1,2,0,2,11,12
2195,2195,1503612442897,4,13,4,2,-1,0,0,4
2196,2196,1503612442903,-17,-6,-6,-5,-3,0,4,8
2197,2197,1503612442918,-3,-23,-5,-1,-1,-3,0,9
2198,2198,1503612442925,-4,-5,-2,-2,0,-1,1,-4
2199,2199,1503612442941,-4,1,7,6,0,-4,-4,-2
2200,2200,1503612442947,5,1,-2,0,-2,-2,-10,1
2201,2201,1503612442956,2,-1,-6,-4,-3,-2,-2,-17
2202,2202,1503612442963,-2,7,3,4,4,3,-3,-7
2203,2203,1503612442964,11,0,0,2,-1,0,2,5
2204,2204,1503612442978,1,6,-1,-2,-1,1,3,-9
2205,2205,1503612442985,-5,19,7,1,1,2,-1,2
2206,2206,1503612443001,-5,-9,-7,-3,-1,-2,4,-3
2207,2207,1503612443008,5,-3,-4,-1,-3,-1,5,1
2208,2208,1503612443016,-2,7,4,3,1,-5,-5,1
2209,2209,1503612443023,-4,-2,-4,-2,-3,0,0,-4
2210,2210,1503612443040,-4,-13,-2,0,2,-2,-16,-9
2211,2211,1503612443045,-1,-7,-3,-2,-3,-2,-4,0
2212,2212,1503612443061,-13,5,9,6,2,-3,1,1
2213,2213,1503612443068,-6,2,4,1,1,-2,4,0
2214,2214,1503612443083,0,-2,-4,-6,-2,-2,-1,-3
2215,2215,1503612443090,-2,-5,-2,-3,13,1,-4,3
2216,2216,1503612443106,-1,-6,-1,0,-7,2,-2,0
2217,2217,1503612443107,1,-5,-6,-5,-10,-2,11,3
2218,2218,1503612443121,-2,-6,-1,-1,-1,2,5,-1
2219,2219,1503612443128,-15,7,8,2,-1,0,1,-9
2220,2220,1503612443137,-11,5,-5,-7,-8,-1,2,-10
2221,2221,1503612443150,-5,-9,-5,-2,-1,-2,-6,-3
2222,2222,1503612443159,2,-13,-10,-7,-1,-1,-6,0
2223,2223,1503612443166,6,10,8,8,1,0,-6,-13
2224,2224,1503612443181,2,8,2,3,-2,2,1,-2
2225,2225,1503612443188,7,0,-3,-4,-4,0,-2,3
2226,2226,1503612443198,8,1,-3,0,-1,-1,3,4
2227,2227,1503612443210,2,-13,-7,-2,-9,-2,-2,-4
2228,2228,1503612443233,3,-4,-5,-5,0,-4,-1,3
2229,2229,1503612443241,7,0,3,3,-6,-3,-8,5
2230,2230,1503612443248,5,13,4,2,-1,1,-1,-2
2231,2231,1503612443256,0,-1,4,5,-1,-3,-3,-5
2232,2232,1503612443270,-8,4,6,4,2,0,-5,-7
2233,2233,1503612443278,-3,-4,-5,-6,-1,0,-1,1
2234,2234,1503612443285,4,-1,0,0,1,-4,-2,2
2235,2235,1503612443300,1,-6,2,1,-2,-3,-1,-1
2236,2236,1503612443308,-5,-8,-6,-2,12,6,4,4
2237,2237,1503612443316,11,28,4,-1,-5,-1,-4,0
2238,2238,1503612443330,3,-8,-7,-5,-8,-1,2,6
2239,2239,1503612443338,9,-13,-8,-5,0,0,-1,9
2240,2240,1503612443345,3,29,6,0,1,1,3,-5
2241,2241,1503612443360,-14,-10,-1,-2,-3,-2,-2,-4
2242,2242,1503612443368,0,-10,-4,-2,-4,-2,0,-2
2243,2243,1503612443376,5,5,0,1,1,-1,2,3
2244,2244,1503612443390,1,-12,2,1,0,-1,-2,3
2245,2245,1503612443400,6,5,0,1,0,0,-5,-11
2246,2246,1503612443401,-4,10,1,0,-2,-2,-1,4
2247,2247,1503612443405,-6,-19,-8,-3,-2,-4,-3,-2
2248,2248,1503612443420,-2,-13,0,-1,-1,0,-14,-47
2249,2249,1503612443428,4,0,1,1,1,1,-3,4
2250,2250,1503612443436,-7,-5,-2,-3,-2,2,4,-3
2251,2251,1503612443450,3,1,1,0,-2,-1,0,-10
2252,2252,1503612443458,2,4,1,0,-12,-4,2,5
2253,2253,1503612443467,-3,4,-3,2,7,7,2,2
2254,2254,1503612443481,-3,-3,-4,0,2,0,-1,10
2255,2255,1503612443488,2,0,-1,-2,-3,-4,0,-1
2256,2256,1503612443496,-10,-7,-6,-3,1,-1,-2,2
2257,2257,1503612443510,-2,-8,-4,0,1,-2,1,3
2258,2258,1503612443518,-7,-23,-6,-3,0,-1,3,7
2259,2259,1503612443526,0,-3,-1,-1,-4,-3,0,7
2260,2260,1503612443541,-1,-2,-1,-1,2,0,6,9
2261,2261,1503612443548,-1,9,-1,0,-1,-1,4,0
2262,2262,1503612443556,-5,3,2,2,2,1,-3,-2
2263,2263,1503612443570,-7,-1,0,-2,-3,-3,-2,2
2264,2264,1503612443578,10,6,5,4,2,-1,-6,-7
2265,2265,1503612443585,9,9,2,1,-2,-2,-5,-8
2266,2266,1503612443603,0,8,-1,-1,1,-3,-1,3
2267,2267,1503612443608,-6,-13,-3,-3,-2,0,-2,-2
2268,2268,1503612443616,-21,10,5,1,0,-2,-2,-4
2269,2269,1503612443630,-4,-5,-3,-1,-3,0,-1,1
2270,2270,1503612443638,5,0,0,-2,-2,-2,-2,-1
2271,2271,1503612443645,-3,-8,0,1,0,-1,-3,-5
2272,2272,1503612443661,4,11,2,-1,2,2,1,-3
2273,2273,1503612443669,9,4,-1,-2,-2,-2,-5,-4
2274,2274,1503612443676,1,-6,-2,-2,-1,-1,3,-9
2275,2275,1503612443690,1,0,-1,-2,-2,0,-2,-3
2276,2276,1503612443698,-14,-5,-6,-2,-3,-1,-2,-1
2277,2277,1503612443706,1,6,2,2,0,-1,-1,5
2278,2278,1503612443721,5,6,1,2,1,-1,-2,-9
2279,2279,1503612443727,4,7,-1,-1,0,-1,1,9
2280,2280,1503612443737,12,11,1,-1,-2,-3,-3,-3
2281,2281,1503612443750,1,-1,0,4,0,-2,-1,-6
2282,2282,1503612443758,-4,-5,-2,0,-1,-2,-1,5
2283,2283,1503612443775,7,-12,-7,-5,-1,-1,-1,10
2284,2284,1503612443781,19,16,0,-2,-1,0,-1,5
2285,2285,1503612443787,3,-1,-2,-1,-1,1,-3,0
2286,2286,1503612443788,-11,-2,-3,-1,0,-2,2,1
2287,2287,1503612443796,3,-4,0,-1,-1,0,2,4
2288,2288,1503612443817,-5,5,-1,0,-1,1,0,-9
2289,2289,1503612443819,-1,-3,0,1,-1,0,-1,2
2290,2290,1503612443825,-3,-2,-1,-1,0,0,1,-4
2291,2291,1503612443841,0,-8,1,-2,-1,1,-3,-5
2292,2292,1503612443848,4,5,1,-3,-3,1,-2,-3
2293,2293,1503612443856,0,1,-4,-2,-2,0,0,4
2294,2294,1503612443870,-8,24,7,1,0,0,-3,-12
2295,2295,1503612443878,-4,-3,1,4,0,-1,-4,-6
2296,2296,1503612443885,-3,-10,-3,-2,-1,-1,0,6
2297,2297,1503612443900,-4,0,-1,1,0,-1,1,2
2298,2298,1503612443909,3,-3,1,-2,-2,-1,-2,0
2299,2299,1503612443916,0,-7,-5,-2,-1,0,2,4
2300,2300,1503612443930,0,-3,1,1,0,1,0,0
2301,2301,1503612443939,1,-11,-6,-3,-2,-2,-1,0
2302,2302,1503612443945,-3,-6,-2,-1,-1,-2,-1,1
2303,2303,1503612443961,3,8,11,4,2,-1,1,1
2304,2304,1503612443967,-2,-8,-3,-1,-1,-2,-1,-2
2305,2305,1503612443976,0,-2,-3,-3,-3,-1,-5,-2
2306,2306,1503612443990,-3,0,-1,-1,0,-1,-2,-1
2307,2307,1503612443998,-1,-5,-4,-1,-1,-1,2,0
2308,2308,1503612444013,-9,-2,-4,-3,0,-1,-2,-2
2309,2309,1503612444020,3,3,2,-2,0,-1,-1,1
2310,2310,1503612444027,-2,2,2,0,-1,-1,-3,-5
2311,2311,1503612444043,0,6,-1,0,-1,-1,1,-2
2312,2312,1503612444050,-3,-5,0,0,-1,0,1,-4
2313,2313,1503612444058,-2,-9,-3,-2,-2,-3,-7,-6
2314,2314,1503612444073,1,0,-1,-1,-1,-1,-2,-1
2315,2315,1503612444081,-4,4,0,-3,-1,-1,0,0
2316,2316,1503612444088,-9,-3,1,1,0,1,3,1
2317,2317,1503612444105,-5,-5,1,-2,0,1,1,0
2318,2318,1503612444111,0,4,0,0,-1,0,-2,0
2319,2319,1503612444118,2,-6,-5,-2,-3,-4,-4,-3
2320,2320,1503612444133,6,2,-1,-1,-1,-3,2,1
2321,2321,1503612444142,-4,1,-4,-1,0,1,1,0
2322,2322,1503612444148,8,-3,-4,-1,-2,0,-2,4
2323,2323,1503612444163,4,10,3,2,0,1,0,-5
2324,2324,1503612444172,7,3,-1,-2,1,1,0,7
2325,2325,1503612444178,2,10,6,2,1,-1,2,7
2326,2326,1503612444193,-3,0,-1,-2,-2,-1,-3,-2
2327,2327,1503612444201,16,-1,-3,-1,0,0,-7,-3
2328,2328,1503612444208,1,-1,2,0,-1,-1,1,0
2329,2329,1503612444222,-6,12,4,1,2,1,2,-4
2330,2330,1503612444230,13,-1,-1,-1,-2,-2,-4,-4
2331,2331,1503612444240,-3,-6,-9,-4,-3,-4,-4,-4
2332,2332,1503612444253,-1,4,0,-1,1,-3,-1,-3
2333,2333,1503612444261,-1,-12,-7,-3,-3,-1,0,0
2334,2334,1503612444267,-3,2,-1,-1,-2,1,-1,-3
2335,2335,1503612444282,-9,-9,-5,-2,-1,0,-2,-3
2336,2336,1503612444290,-7,16,4,0,0,-1,0,-6
2337,2337,1503612444298,15,-3,0,-1,0,-1,2,4
2338,2338,1503612444313,1,-10,-2,-2,-1,-1,1,6
2339,2339,1503612444321,9,5,0,0,-3,-3,-1,3
2340,2340,1503612444327,2,-6,-2,-1,1,0,-4,-2
2341,2341,1503612444343,-18,-10,1,-1,0,0,-1,-2
2342,2342,1503612444357,-5,-5,-4,-1,-3,-1,2,-3
2343,2343,1503612444359,-2,-3,2,1,0,1,2,-2
2344,2344,1503612444374,-10,17,5,1,-1,-1,3,-2
2345,2345,1503612444380,-8,3,0,0,1,-2,0,0
2346,2346,1503612444388,1,-15,-6,-1,-2,-3,-1,1
2347,2347,1503612444402,-6,-2,-3,-2,0,-1,-4,-2
2348,2348,1503612444410,7,-2,-1,-1,-1,-2,-13,-8
2349,2349,1503612444418,-15,-11,-4,-4,-2,0,-4,0
2350,2350,1503612444433,5,5,5,2,0,0,-1,4
2351,2351,1503612444443,-10,-3,-2,1,-2,-2,5,-3
2352,2352,1503612444448,0,-6,-3,-1,0,1,3,3
2353,2353,1503612444463,12,5,0,-1,-2,-2,1,2
2354,2354,1503612444470,-5,-7,-4,-1,1,1,-3,0
2355,2355,1503612444480,4,1,-1,1,1,-2,-5,-1
2356,2356,1503612444493,-8,9,1,0,-2,-2,3,0
2357,2357,1503612444501,7,-1,-1,-2,-3,-1,-9,-2
2358,2358,1503612444509,7,-3,-3,-1,0,-2,1,-2
2359,2359,1503612444522,5,11,4,1,1,-2,4,-1
2360,2360,1503612444530,1,-10,-2,-3,1,-1,10,2
2361,2361,1503612444538,-11,-9,-4,-1,-2,-2,-1,-9
2362,2362,1503612444553,-1,-3,-4,-1,-1,-2,3,0
2363,2363,1503612444560,5,-6,-4,-1,0,0,1,0
2364,2364,1503612444561,-1,3,2,1,1,-1,6,6
2365,2365,1503612444567,3,0,-1,-1,-1,-1,-5,0
2366,2366,1503612444584,4,6,1,0,0,1,0,-2
2367,2367,1503612444590,-9,3,3,0,-1,1,-3,-3
2368,2368,1503612444598,5,-8,-4,-1,-1,0,1,1
2369,2369,1503612444613,-3,3,0,-1,-1,-3,-4,-1
2370,2370,1503612444621,3,-4,0,-1,-1,0,1,4
2371,2371,1503612444627,-6,-4,-2,-2,-1,0,-2,0
2372,2372,1503612444644,-8,3,-1,-2,-1,-1,-3,-2
2373,2373,1503612444650,-2,1,0,-1,0,0,-1,-4
2374,2374,1503612444658,-7,-3,-1,-1,0,-1,-1,-4
2375,2375,1503612444673,-1,-1,2,1,0,-2,0,-2
2376,2376,1503612444681,0,-3,-1,1,-1,0,3,2
2377,2377,1503612444687,18,25,7,2,0,0,1,2
2378,2378,1503612444703,0,0,-2,-2,-2,-1,-4,-2
2379,2379,1503612444712,-6,-15,-5,0,-1,-1,-1,0
2380,2380,1503612444718,14,4,-2,-2,0,-3,-2,1
2381,2381,1503612444732,-18,0,4,0,0,0,-2,-5
2382,2382,1503612444733,1,-8,-3,-3,0,-1,-2,-1
2383,2383,1503612444743,-1,-6,-4,-2,-1,-1,2,3
2384,2384,1503612444748,-1,4,-1,0,-1,-3,0,-3
2385,2385,1503612444763,-2,-1,0,-2,-1,1,-4,-3
2386,2386,1503612444770,3,-16,-7,-2,-4,1,-1,3
2387,2387,1503612444778,12,-4,-2,-1,-2,-2,0,5
2388,2388,1503612444793,2,-18,-6,-3,-1,-2,-3,-4
2389,2389,1503612444801,5,3,3,-1,0,2,0,-1
2390,2390,1503612444811,-2,3,2,-1,1,-1,0,1
2391,2391,1503612444822,-25,2,1,0,0,1,0,-5
2392,2392,1503612444830,9,-7,-7,0,-1,1,-2,-2
2393,2393,1503612444839,-8,-15,-6,-2,-1,-3,-6,-8
2394,2394,1503612444853,-10,3,0,1,0,-1,-1,-1
2395,2395,1503612444861,-5,0,0,1,1,0,2,0
2396,2396,1503612444868,-4,15,1,-2,0,0,-2,-3
2397,2397,1503612444883,-9,6,1,-1,0,-1,-2,-4
2398,2398,1503612444890,-11,5,1,-1,-1,-3,-2,-6
2399,2399,1503612444898,2,8,2,1,-2,0,2,0
2400,2400,1503612444913,-16,-8,-3,-1,-3,-2,-4,-9
2401,2401,1503612444920,3,-4,-1,-3,-1,-1,-2,-4
2402,2402,1503612444934,0,13,6,2,0,2,4,3
2403,2403,1503612444944,-15,-3,-1,0,-1,-1,-5,-7
2404,2404,1503612444950,2,-2,-4,-1,0,0,-1,2
2405,2405,1503612444965,7,2,-2,0,-1,0,2,2
2406,2406,1503612444972,-3,-16,-3,1,1,-1,2,1
2407,2407,1503612444980,7,-10,-2,-3,-1,-2,1,4
2408,2408,1503612444994,12,16,0,0,1,1,3,4
2409,2409,1503612445002,15,-2,0,0,0,0,0,-5
2410,2410,1503612445011,-2,-6,-3,-1,0,2,2,1
2411,2411,1503612445025,0,13,3,2,3,0,3,3
2412,2412,1503612445033,-6,-3,-2,-3,-3,-3,-5,-6
2413,2413,1503612445041,-18,-9,-5,-4,4,-3,-3,-1
2414,2414,1503612445054,-2,-1,4,4,8,2,6,9
2415,2415,1503612445062,8,7,0,2,-2,1,5,9
2416,2416,1503612445070,-3,-2,-2,-4,-10,-5,-7,-13
2417,2417,1503612445085,4,-5,-3,2,2,0,-1,1
2418,2418,1503612445092,-5,10,2,1,5,0,3,2
2419,2419,1503612445093,-1,-7,-3,-3,0,0,-4,-2
2420,2420,1503612445101,4,7,-3,-3,-4,-2,-4,-8
2421,2421,1503612445117,8,-3,0,-2,-3,-1,-1,-1
2422,2422,1503612445123,-5,-8,-3,-2,-1,-1,1,4
2423,2423,1503612445130,-4,2,-1,-1,0,0,-2,0
2424,2424,1503612445147,-4,-7,-2,-3,-3,-2,-4,-6
2425,2425,1503612445153,6,4,0,0,3,-1,3,4
2426,2426,1503612445161,-1,-6,-5,-1,1,-2,-1,4
2427,2427,1503612445174,1,23,5,0,-1,-2,-2,2
2428,2428,1503612445183,15,4,0,-1,-3,0,2,4
2429,2429,1503612445190,-5,-6,2,1,-1,-1,1,0
2430,2430,1503612445205,-8,5,4,-1,-13,0,-7,-5
2431,2431,1503612445214,-10,-10,-5,-3,-3,-2,-5,-7
2432,2432,1503612445221,5,5,5,2,2,1,3,2
2433,2433,1503612445234,14,-10,-5,0,0,-1,-3,-2
2434,2434,1503612445243,0,-6,-3,-2,0,-1,2,3
2435,2435,1503612445251,-6,-4,-1,0,1,-1,1,3
2436,2436,1503612445265,-10,-4,-2,-3,2,-2,0,-3
2437,2437,1503612445272,-13,-5,-5,-3,-2,0,-2,-2
2438,2438,1503612445281,-7,-5,-4,1,3,-1,-6,-7
2439,2439,1503612445295,3,0,1,1,0,1,4,3
2440,2440,1503612445303,1,7,1,0,0,-1,5,5
2441,2441,1503612445310,0,3,-1,4,4,-2,-3,-2
2442,2442,1503612445326,-2,1,2,0,-2,-1,-4,-6
2443,2443,1503612445333,2,-10,-2,-2,-2,1,-6,-3
2444,2444,1503612445341,-1,1,-3,-1,1,-1,-3,-6
2445,2445,1503612445355,1,-5,-3,-2,-1,-2,-1,-1
2446,2446,1503612445363,4,6,3,-4,-14,-1,1,0
2447,2447,1503612445370,-3,5,0,-2,-6,-1,-5,-4
2448,2448,1503612445385,-3,0,-1,0,1,0,0,0
2449,2449,1503612445393,-1,0,-1,1,0,-1,-1,1
2450,2450,1503612445401,0,-6,-3,0,7,-2,-10,-3
2451,2451,1503612445417,-5,23,7,0,-1,1,3,2
2452,2452,1503612445423,2,2,-2,-1,0,0,1,4
2453,2453,1503612445430,-17,-10,-4,-1,-3,-4,-6,-9
2454,2454,1503612445445,-7,24,10,3,2,2,7,-3
2455,2455,1503612445453,-11,2,-3,-4,-6,-4,-8,-13
2456,2456,1503612445461,-8,-12,-4,0,0,-4,-5,-4
2457,2457,1503612445474,-4,11,0,-1,-3,2,10,9
2458,2458,1503612445483,8,1,3,-1,0,2,2,3
2459,2459,1503612445490,6,-11,0,-1,5,-2,-1,1
2460,2460,1503612445505,-1,-3,-3,0,4,1,1,6
2461,2461,1503612445515,0,-7,0,1,4,2,-1,-4
2462,2462,1503612445521,9,1,2,1,0,-1,-3,-1
2463,2463,1503612445534,5,5,2,3,1,0,0,-1
2464,2464,1503612445543,-3,3,-2,-2,-3,-2,0,1
2465,2465,1503612445550,-1,-8,-6,-5,-5,-3,-9,-4
2466,2466,1503612445565,-13,-5,-3,-2,-1,-1,1,0
2467,2467,1503612445573,13,8,-1,-2,2,0,3,11
2468,2468,1503612445588,-8,-14,-7,-4,-7,-4,-1,-8
2469,2469,1503612445594,3,-10,-3,-1,1,-1,-1,0
2470,2470,1503612445603,-1,-9,-7,-5,-6,-2,-6,-6
2471,2471,1503612445610,-1,-7,-2,-2,1,0,4,-7
2472,2472,1503612445625,6,0,-4,-2,-1,-4,-9,-4
2473,2473,1503612445640,6,22,5,1,-1,1,3,5
2474,2474,1503612445641,-5,-3,-2,-2,-2,0,1,2
2475,2475,1503612445657,-20,-16,-3,-1,-14,-1,1,-1
2476,2476,1503612445663,32,4,4,1,1,-1,-5,1
2477,2477,1503612445670,2,-8,1,0,2,-1,-2,-1
2478,2478,1503612445685,-17,-1,1,0,1,0,-4,-1
2479,2479,1503612445692,5,8,2,0,1,1,5,1
2480,2480,1503612445693,6,0,-2,0,2,1,0,2
2481,2481,1503612445701,-10,12,-1,0,1,0,-4,-1
2482,2482,1503612445717,8,3,3,0,1,1,10,11
2483,2483,1503612445723,0,-7,0,0,-3,1,4,-2
2484,2484,1503612445730,-4,9,2,1,0,-2,-6,-5
2485,2485,1503612445745,-7,-5,-5,-3,-1,-2,-1,-5
2486,2486,1503612445753,-1,13,3,1,0,-2,-1,-2
2487,2487,1503612445761,4,11,7,5,1,2,1,-1
2488,2488,1503612445774,-1,-10,-6,-3,0,0,-7,-7
2489,2489,1503612445784,8,-5,-4,-4,-5,2,-7,-3
2490,2490,1503612445791,-7,-4,-2,1,0,-2,0,1
2491,2491,1503612445805,-2,-1,1,-2,2,-1,11,5
2492,2492,1503612445813,3,-3,1,-1,-9,-1,6,-1
2493,2493,1503612445821,2,0,0,-1,1,1,5,5
2494,2494,1503612445834,-2,-2,-4,-1,-1,-3,-7,0
2495,2495,1503612445843,-11,-14,-4,0,4,-3,-7,-13
2496,2496,1503612445851,3,-7,-5,0,1,1,-3,-4
2497,2497,1503612445865,-12,-5,-3,-2,-2,-5,-5,-5
2498,2498,1503612445872,-6,-7,-4,-3,0,-1,-1,-2
2499,2499,1503612445888,2,4,1,1,4,0,-1,-3
2500,2500,1503612445902,-1,3,2,1,13,3,2,1
2501,2501,1503612445904,1,-2,-2,-2,-11,0,-1,2
2502,2502,1503612445917,6,2,-1,0,-1,-1,-8,0
2503,2503,1503612445925,-4,-4,2,2,3,4,-6,-3
2504,2504,1503612445926,-1,3,1,-3,2,-2,-1,-2
2505,2505,1503612445932,3,0,-1,-1,-6,2,9,-2
2506,2506,1503612445948,13,10,6,2,-2,1,3,6
2507,2507,1503612445954,6,-1,1,-2,-1,-2,1,-1
2508,2508,1503612445963,3,-6,-5,-1,0,1,-1,-1
2509,2509,1503612445977,-4,9,2,-3,-2,-2,-2,-3
2510,2510,1503612445985,1,-23,-5,-3,-3,-1,-1,1
2511,2511,1503612445994,-1,3,-3,-1,-2,0,5,1
2512,2512,1503612446008,-9,3,-1,-1,-3,-2,2,-2
2513,2513,1503612446014,9,-7,-5,-3,-2,-2,-11,0
2514,2514,1503612446023,-5,-3,-3,0,1,-1,4,1
2515,2515,1503612446037,3,-2,-1,-2,-2,-4,2,-2
2516,2516,1503612446045,2,-4,-5,-2,-1,0,-11,-9
2517,2517,1503612446061,11,-6,1,1,0,0,-6,2
2518,2518,1503612446068,-2,7,4,2,2,-1,3,3
2519,2519,1503612446074,-3,-12,-5,-2,1,-1,4,0
2520,2520,1503612446083,-1,4,4,-1,0,-1,-2,2
2521,2521,1503612446097,2,0,0,0,-2,1,2,2
2522,2522,1503612446105,4,-1,-6,-3,0,-2,-2,2
2523,2523,1503612446112,-6,6,2,-2,-3,-3,-6,-4
2524,2524,1503612446128,2,1,-2,-3,-4,0,7,4
2525,2525,1503612446134,-4,4,4,3,3,-1,-6,-7
2526,2526,1503612446144,-9,-4,-3,-3,-2,-1,-1,-6
2527,2527,1503612446157,-9,-1,1,-1,-3,0,-1,-8
2528,2528,1503612446165,2,-1,-1,1,-1,-3,-5,-8
2529,2529,1503612446172,-3,0,-3,-2,-1,-1,-4,-1
2530,2530,1503612446190,5,4,0,0,0,-1,3,6
2531,2531,1503612446195,-3,-1,0,2,0,3,0,2
2532,2532,1503612446203,-5,2,1,-1,1,0,-12,1
2533,2533,1503612446217,-4,-2,-4,-2,2,-7,1,2
2534,2534,1503612446225,-6,-4,-3,-5,-10,3,-6,-7
2535,2535,1503612446232,3,2,-1,-1,-2,2,-2,4
2536,2536,1503612446247,1,1,2,1,2,0,4,2
2537,2537,1503612446256,2,1,0,0,3,-3,13,9
2538,2538,1503612446263,1,-1,-2,-2,-2,0,5,-4
2539,2539,1503612446277,-13,-4,0,1,-1,-2,-1,-7
2540,2540,1503612446287,-2,3,2,-1,4,-3,-1,1
2541,2541,1503612446293,-2,-2,-2,0,4,-1,-6,0
2542,2542,1503612446307,1,6,3,4,6,1,3,4
2543,2543,1503612446315,-1,-3,-5,-4,0,6,7,1
2544,2544,1503612446323,6,2,-4,1,7,0,4,8
2545,2545,1503612446337,4,2,-1,-3,-7,-5,-2,-5
2546,2546,1503612446345,-6,-7,-1,1,4,-1,0,-6
2547,2547,1503612446355,-3,-1,2,1,0,3,-4,-4
2548,2548,1503612446367,-1,2,1,-1,-7,0,1,0
2549,2549,1503612446375,3,-1,0,-2,1,1,-2,0
2550,2550,1503612446383,-1,-1,7,6,6,1,7,7
2551,2551,1503612446397,-2,-3,-5,-5,-7,-3,0,-2
2552,2552,1503612446405,0,-1,-2,-2,-3,-2,-1,-2
2553,2553,1503612446412,-1,1,1,0,-1,1,2,0
2554,2554,1503612446428,-21,-1,-2,-4,-2,-2,-4,-15
2555,2555,1503612446435,5,9,2,3,1,-1,3,13
2556,2556,1503612446443,3,-3,-4,-3,-14,-3,4,11
2557,2557,1503612446458,-10,-4,0,-3,-1,2,-7,-11
2558,2558,1503612446465,-7,-6,-7,-9,-11,-10,-19,-19
2559,2559,1503612446472,2,-4,-4,-2,1,-9,2,-5
2560,2560,1503612446490,16,3,1,1,6,8,2,11
2561,2561,1503612446496,29,15,3,0,-2,-2,-4,4
2562,2562,1503612446503,-4,5,0,-1,-11,-4,4,-1
2563,2563,1503612446517,1,1,3,1,-2,4,3,5
2564,2564,1503612446525,10,-1,-1,-7,-13,-5,-13,-6
2565,2565,1503612446533,-5,-2,-3,-3,-2,4,9,7
2566,2566,1503612446548,-4,-3,-2,-1,-2,-2,-2,-1
2567,2567,1503612446559,-12,-10,-4,3,1,7,-6,-2
2568,2568,1503612446565,-9,-2,2,3,10,4,4,1
2569,2569,1503612446577,3,12,9,3,6,3,6,16
2570,2570,1503612446585,7,-1,-1,-3,3,-1,-2,-3
2571,2571,1503612446593,-11,-7,0,-4,-25,0,-11,-18
2572,2572,1503612446607,6,0,-6,-8,-21,-6,5,7
2573,2573,1503612446615,-2,-11,-16,-11,-11,-10,-4,-5
2574,2574,1503612446623,-5,-3,-2,2,5,-12,-11,-8
2575,2575,1503612446637,-2,-2,2,2,17,16,12,2
2576,2576,1503612446645,-2,-5,-4,-2,-7,-15,-5,-2
2577,2577,1503612446653,-19,-15,-1,1,-4,-5,-9,-14
2578,2578,1503612446672,9,2,0,2,11,13,9,6
2579,2579,1503612446675,7,10,4,0,4,-3,3,4
2580,2580,1503612446683,-7,-10,-7,-7,-15,-6,-9,-10
2581,2581,1503612446697,8,3,-1,-1,3,-5,-5,-5
2582,2582,1503612446705,-2,3,8,6,9,9,8,6
2583,2583,1503612446712,-3,4,0,2,5,-5,-9,-5
2584,2584,1503612446728,2,1,-3,-4,5,3,2,5
2585,2585,1503612446742,-14,-11,-6,-11,-16,-13,-8,-8
2586,2586,1503612446743,5,6,4,8,10,10,1,4
2587,2587,1503612446757,10,5,-2,-5,7,2,7,7
2588,2588,1503612446765,-7,-2,3,0,3,0,9,2
2589,2589,1503612446772,-7,-1,-4,5,4,1,6,-2
2590,2590,1503612446787,19,4,0,3,3,-1,0,5
2591,2591,1503612446796,5,6,6,0,-13,-2,-3,1
2592,2592,1503612446810,-6,-4,-3,-1,6,0,-5,-5
2593,2593,1503612446817,-5,-2,0,3,1,4,-12,0
2594,2594,1503612446825,-3,-6,-8,-13,-10,-12,-16,-11
2595,2595,1503612446839,6,-9,-3,-1,-2,-3,1,9
2596,2596,1503612446847,-2,9,6,1,11,5,-12,-2
2597,2597,1503612446848,-23,-12,-4,2,-6,-3,2,-7
2598,2598,1503612446857,-14,20,17,1,3,-2,3,13
2599,2599,1503612446870,4,8,1,2,-3,1,6,2
2600,2600,1503612446877,8,-4,-5,0,-14,1,2,-8
2601,2601,1503612446885,16,3,2,-1,-5,2,-4,-5
2602,2602,1503612446899,-6,-2,-3,-6,-3,-8,-4,-14
2603,2603,1503612446900,4,2,-6,-3,0,9,2,-12
2604,2604,1503612446907,-3,-6,-6,-2,2,2,-1,11
2605,2605,1503612446922,-6,-12,-2,3,7,0,10,-2
2606,2606,1503612446930,-7,-6,-3,3,3,-5,-2,-6
2607,2607,1503612446944,-27,-1,2,-1,5,-7,-4,-8
2608,2608,1503612446946,2,1,1,1,-2,-6,-5,-1
2609,2609,1503612446959,-33,-5,-5,-3,-1,-25,-16,-5
2610,2610,1503612446967,19,10,5,1,5,-2,4,19
2611,2611,1503612446975,-4,-1,3,8,8,8,-7,-3
2612,2612,1503612446992,1,2,1,2,5,3,4,-8
2613,2613,1503612446997,15,1,-3,-3,-3,1,-4,-1
2614,2614,1503612447005,-5,-3,-1,1,-21,10,-10,-4
2615,2615,1503612447019,9,-3,-5,-4,1,1,4,4
2616,2616,1503612447028,-16,-10,-2,3,4,5,6,1
2617,2617,1503612447036,11,1,1,-1,-2,-5,6,5
2618,2618,1503612447050,-2,0,-5,-4,-1,-11,2,-6
2619,2619,1503612447059,14,4,-1,1,9,12,7,8
2620,2620,1503612447065,-9,3,3,-3,11,5,8,0
2621,2621,1503612447079,-3,14,2,-4,-8,-4,-7,-17
2622,2622,1503612447087,0,1,-3,-2,1,-2,-6,-64
2623,2623,1503612447096,5,-7,-3,1,-7,-6,-4,8
2624,2624,1503612447110,1,-4,-1,-4,-2,11,-6,71
2625,2625,1503612447117,0,-3,-5,-1,5,7,3,-3
2626,2626,1503612447126,0,-11,-3,-2,1,-5,19,52
2627,2627,1503612447139,5,-12,-7,-2,-4,-2,-2,29
2628,2628,1503612447147,-8,3,-2,-4,0,-3,-18,-32
2629,2629,1503612447155,2,-4,-1,-1,-2,-2,11,-10
2630,2630,1503612447170,2,5,3,3,-2,-4,-12,-78
2631,2631,1503612447177,-16,-3,-1,-3,4,-3,-9,-28
2632,2632,1503612447185,5,27,16,2,10,2,5,38
2633,2633,1503612447200,0,1,2,-1,4,-3,-24,-5
2634,2634,1503612447207,-10,-14,-12,-1,-7,-1,13,-1
2635,2635,1503612447215,5,13,0,-2,-8,2,6,-3
2636,2636,1503612447230,-17,-8,-6,0,3,2,-5,-26
2637,2637,1503612447237,-16,-3,2,-1,0,2,4,-28
2638,2638,1503612447245,7,3,3,-2,-2,1,14,25
2639,2639,1503612447260,4,0,-8,0,-6,-9,3,11
2640,2640,1503612447268,14,-8,-4,-1,8,-1,-9,36
2641,2641,1503612447275,-1,-6,0,0,-1,3,8,-46
2642,2642,1503612447290,-5,-4,-7,-3,-10,-8,-6,-15
2643,2643,1503612447297,9,4,2,1,4,6,10,36
2644,2644,1503612447305,-2,1,-3,-2,-22,-2,-6,-8
2645,2645,1503612447319,13,7,15,3,-3,-1,-2,-5
2646,2646,1503612447328,-3,-13,-10,-3,4,0,-1,-3
2647,2647,1503612447337,-11,-5,1,-1,-5,-1,-6,24
2648,2648,1503612447350,2,-3,1,3,3,1,-2,23
2649,2649,1503612447357,12,-5,-5,-3,9,-4,-8,24
2650,2650,1503612447365,-12,-9,-13,-5,-6,-3,0,-16
2651,2651,1503612447379,3,1,-3,-1,-12,-8,-11,-21
2652,2652,1503612447387,6,0,3,0,4,15,4,-55
2653,2653,1503612447395,-32,-4,-1,-6,-15,-6,0,-9
2654,2654,1503612447410,3,6,5,2,-3,-2,8,19
2655,2655,1503612447417,13,24,4,1,6,0,-2,-8
2656,2656,1503612447425,-13,23,14,3,0,-5,-9,-20
2657,2657,1503612447439,16,-6,-7,0,2,-5,-5,-4
2658,2658,1503612447447,10,24,13,1,3,-3,16,-9
2659,2659,1503612447463,-12,-16,-7,-1,2,4,5,4
2660,2660,1503612447470,1,-18,-6,-2,-5,-5,-8,28
2661,2661,1503612447478,3,0,-2,-3,-7,6,7,-8
2662,2662,1503612447485,6,2,3,2,4,1,2,17
2663,2663,1503612447500,4,9,-1,-1,-6,-9,-3,-4
2664,2664,1503612447501,-9,-18,-7,1,6,1,2,-2
2665,2665,1503612447507,-9,-6,4,1,-12,-8,-9,-3
2666,2666,1503612447523,-2,2,2,0,4,4,6,10
2667,2667,1503612447530,-6,5,-5,-2,2,-1,-1,-4
2668,2668,1503612447538,10,-9,-11,-3,-2,-1,1,-8
2669,2669,1503612447545,-1,-7,-7,-4,0,-1,0,5
2670,2670,1503612447563,6,-4,-3,-3,0,-2,-5,12
2671,2671,1503612447567,-21,-11,-3,-1,9,-2,-5,-20
2672,2672,1503612447583,7,4,2,-1,-12,-2,-4,14
2673,2673,1503612447590,10,1,-1,1,1,-2,2,-3
2674,2674,1503612447598,-2,-26,-12,1,4,-3,1,69
2675,2675,1503612447605,7,-8,-7,-4,-5,-2,-4,1
2676,2676,1503612447620,-5,-2,3,1,-2,1,1,-13
2677,2677,1503612447629,7,0,0,1,2,2,1,2
2678,2678,1503612447643,-6,5,3,-1,1,2,0,-7
2679,2679,1503612447650,11,5,3,0,-1,-1,-7,3
2680,2680,1503612447658,-3,1,2,1,4,0,4,31
2681,2681,1503612447665,-9,-19,-5,-4,-8,-1,-9,-24
2682,2682,1503612447680,1,11,1,0,10,1,1,11
2683,2683,1503612447687,5,25,6,2,4,3,5,10
2684,2684,1503612447703,14,-10,-7,-3,-5,-2,-6,-25
2685,2685,1503612447710,8,0,-4,-1,4,-3,5,3
2686,2686,1503612447718,-6,3,1,-1,1,-1,-4,-24
2687,2687,1503612447733,0,-10,-3,-3,-11,-3,-13,-5
2688,2688,1503612447740,-6,5,1,-1,-2,2,6,7
2689,2689,1503612447747,0,0,-1,-2,2,-1,-2,16
2690,2690,1503612447767,2,5,-2,-3,-6,-3,7,50
2691,2691,1503612447772,-5,0,3,0,9,0,1,-22
2692,2692,1503612447778,5,3,3,-1,-2,-5,-3,-21
2693,2693,1503612447793,2,-5,-4,-2,-1,-1,0,6
2694,2694,1503612447803,-11,6,5,-2,0,-5,-24,-39
2695,2695,1503612447807,11,0,2,2,-3,-1,-3,-11
2696,2696,1503612447823,7,16,-1,2,3,2,-2,-7
2697,2697,1503612447832,-4,2,-3,0,-2,0,5,12
2698,2698,1503612447838,3,-9,0,-2,0,-1,-4,-13
2699,2699,1503612447853,6,-1,-3,-3,-3,-2,-2,9
2700,2700,1503612447854,-9,-12,-4,3,7,0,4,-10
2701,2701,1503612447865,-10,-4,0,1,-1,5,6,-10
2702,2702,1503612447869,27,23,11,2,0,2,-3,63
2703,2703,1503612447883,7,3,-1,-2,2,-3,7,-4
2704,2704,1503612447890,-12,-4,-6,-3,-2,-4,-5,-13
2705,2705,1503612447900,1,25,7,3,10,-1,7,4
2706,2706,1503612447912,-3,0,-2,-4,-4,-1,-8,-26
2707,2707,1503612447920,-17,-28,-11,-4,-4,-1,-1,-8
2708,2708,1503612447927,-20,-17,-6,-1,1,0,4,-3
2709,2709,1503612447943,-9,-2,4,1,-6,-5,-4,-3
2710,2710,1503612447950,-8,-3,-2,-1,8,1,7,-4
2711,2711,1503612447958,3,-5,-5,-1,11,1,-14,-2
2712,2712,1503612447973,-5,-3,-3,-1,-4,-5,2,-7
2713,2713,1503612447980,5,1,-3,-4,-7,-5,-3,1
2714,2714,1503612447987,6,25,16,7,-2,1,3,3
2715,2715,1503612448003,12,-5,-4,0,0,0,1,0
2716,2716,1503612448010,-1,-7,-6,-4,-4,-4,-2,-3
2717,2717,1503612448018,-2,0,1,2,-5,2,6,-4
2718,2718,1503612448033,1,-3,-1,-4,-4,-2,-9,-16
2719,2719,1503612448041,-8,-23,-3,-1,-6,-4,3,65
2720,2720,1503612448047,4,-65,-39,-12,-1,1,-2,7
2721,2721,1503612448066,32,-22,-8,-2,-4,0,2,-28
2722,2722,1503612448070,-3,-12,-7,-4,-16,-1,2,9
2723,2723,1503612448078,-9,18,4,-2,-3,5,-1,-6
2724,2724,1503612448092,15,23,8,2,-3,-1,-5,-13
2725,2725,1503612448101,-8,19,8,1,2,-4,3,-8
2726,2726,1503612448108,-14,9,8,0,4,-1,1,0
2727,2727,1503612448123,-4,-14,-4,3,9,3,3,-4
2728,2728,1503612448130,5,15,5,2,8,-1,-4,2
2729,2729,1503612448145,-3,-21,-12,-5,-5,-1,4,-6
2730,2730,1503612448152,-18,5,6,1,2,0,3,-28
2731,2731,1503612448160,6,-15,-12,-6,-1,-1,-5,0
2732,2732,1503612448161,-5,-2,0,-1,-6,0,4,0
2733,2733,1503612448168,6,-1,-2,-1,-2,-1,-6,8
2734,2734,1503612448183,-1,3,3,0,-9,-2,13,-6
2735,2735,1503612448190,6,8,3,0,-4,3,1,3
2736,2736,1503612448205,3,-8,-6,0,0,0,-3,1
2737,2737,1503612448206,-7,8,4,0,0,1,0,0
2738,2738,1503612448213,-7,-2,-1,-2,-10,-3,2,7
2739,2739,1503612448227,21,-5,-7,-1,0,-2,-8,-8
2740,2740,1503612448229,5,4,2,4,9,1,-7,3
2741,2741,1503612448243,-2,0,1,-1,-2,-2,-12,-41
2742,2742,1503612448250,0,1,4,-1,-15,-3,-9,7
2743,2743,1503612448258,-28,0,0,-1,2,0,1,12
2744,2744,1503612448273,-4,-3,-1,-4,-2,-3,-3,-5
2745,2745,1503612448280,4,-10,-6,-3,-4,1,-4,2
2746,2746,1503612448287,-6,-5,-2,1,9,-1,4,6
2747,2747,1503612448310,-5,9,6,5,10,-1,-3,1
2748,2748,1503612448311,2,-3,-4,-2,15,0,8,1
2749,2749,1503612448325,-7,2,3,9,47,8,-11,-35
2750,2750,1503612448335,-3,-2,-2,-2,1,-1,24,-6
2839,2839,1503612449203,-2,-7,-4,-2,0,1,2,-11
2840,2840,1503612449211,-6,-5,-3,0,-4,-2,5,-2
2841,2841,1503612449225,0,-7,-2,3,4,1,9,-10
2842,2842,1503612449232,0,2,1,-1,-2,0,-3,7
2843,2843,1503612449242,6,2,-6,-5,-13,-2,19,10
2844,2844,1503612449255,11,12,5,3,7,2,-6,8
2845,2845,1503612449263,-6,-3,-2,-2,-15,-4,-3,27
2846,2846,1503612449270,0,-1,-3,-2,1,-2,10,0
2847,2847,1503612449285,1,-2,5,2,-1,1,-6,0
2848,2848,1503612449292,-6,-8,-6,-2,0,0,-5,-2
2849,2849,1503612449300,1,-2,-2,0,6,-1,-7,-7
2850,2850,1503612449316,-1,-9,-5,-1,4,4,11,-7
2851,2851,1503612449323,1,0,-3,-2,3,0,-8,-7
2852,2852,1503612449330,2,-1,-2,-3,-8,-2,-1,2
2853,2853,1503612449345,-22,-22,1,1,3,-3,4,-8
2854,2854,1503612449352,-1,-4,-1,-2,-1,-1,-3,1
2855,2855,1503612449360,18,-4,-5,-3,3,0,3,33
2856,2856,1503612449376,-4,1,-3,-2,-2,-2,1,-4
2857,2857,1503612449383,12,9,-4,-4,-4,-3,0,16
2858,2858,1503612449390,17,9,0,2,5,3,15,6
2859,2859,1503612449405,4,10,5,2,2,2,9,-9
2860,2860,1503612449413,-6,-7,-1,0,4,-3,-6,-10
2861,2861,1503612449420,-2,16,1,-2,-5,-1,-4,-11
2862,2862,1503612449435,-17,1,0,0,-5,-5,-1,-32
2863,2863,1503612449444,-2,-4,2,4,4,-1,-5,-18
2864,2864,1503612449451,11,6,4,3,8,3,-6,14
2865,2865,1503612449465,-3,-5,3,0,-1,1,-23,-10
2866,2866,1503612449472,-6,-17,-6,-3,-7,-4,-3,7
2867,2867,1503612449488,17,9,-1,-3,0,-3,3,12
2868,2868,1503612449495,-4,9,2,0,-1,-1,-14,-1
2869,2869,1503612449512,2,8,1,-1,-1,1,2,5
2870,2870,1503612449513,-1,-9,-5,-3,-1,-2,3,4
2871,2871,1503612449525,-13,-8,-4,-4,-1,0,8,-45
2872,2872,1503612449533,-5,8,4,-1,-3,-1,-8,13
2873,2873,1503612449541,1,-1,1,1,-7,3,7,25
2874,2874,1503612449555,-5,-10,-5,-2,-3,2,9,6
2875,2875,1503612449563,1,0,5,1,0,0,-2,15
2876,2876,1503612449570,6,-3,-1,-1,-3,-1,-2,-3
2877,2877,1503612449585,-1,-4,-1,4,3,-2,0,10
2878,2878,1503612449592,2,3,1,-1,1,0,-4,-16
2879,2879,1503612449607,-9,-11,-12,-9,-5,-2,1,-5
2880,2880,1503612449615,-16,-1,-1,-1,-2,-3,-3,-7
2881,2881,1503612449623,-1,1,-2,-2,2,0,-4,14
2882,2882,1503612449637,-1,13,3,0,-3,-3,-1,2
2883,2883,1503612449647,1,-1,-1,0,3,3,7,-12
2884,2884,1503612449653,6,-3,4,-2,0,1,0,0
2885,2885,1503612449667,0,-8,-2,-1,-2,-1,-4,-2
2886,2886,1503612449677,2,-7,1,2,0,-1,0,11
2887,2887,1503612449683,6,10,5,3,1,-3,-7,-26
2888,2888,1503612449697,6,-1,-2,-3,0,-2,-2,13
2889,2889,1503612449705,2,4,-1,-1,-2,-3,-2,4
2890,2890,1503612449712,-1,11,2,-1,-3,-4,-25,-14
2891,2891,1503612449727,-19,-11,-8,-3,-1,0,-5,-29
2892,2892,1503612449735,-5,13,11,6,4,0,-1,1
2893,2893,1503612449745,-2,-4,-3,-3,-2,-2,0,3
2894,2894,1503612449758,-1,-5,-5,0,-1,2,11,1
2895,2895,1503612449766,-6,1,1,1,1,1,11,4
2896,2896,1503612449772,7,-3,-3,0,-1,-2,-3,6
2897,2897,1503612449787,1,-5,-5,-5,-5,-1,4,18
2898,2898,1503612449795,-1,28,4,-1,0,2,4,-10
2899,2899,1503612449804,-1,2,2,3,0,-1,11,-5
2900,2900,1503612449818,6,-17,-5,-3,-4,0,0,-10
2901,2901,1503612449825,-1,4,4,-1,1,1,-9,-17
2902,2902,1503612449832,8,-1,-6,-4,-3,-2,1,-1
2903,2903,1503612449849,1,2,-5,-2,-1,1,-2,8
2904,2904,1503612449855,-7,-7,-5,-3,-1,-1,2,-3
2905,2905,1503612449863,25,12,4,1,0,1,4,3
2906,2906,1503612449879,2,-1,1,0,0,-3,-5,-9
2907,2907,1503612449887,4,8,5,2,0,2,-4,-6
2908,2908,1503612449888,-5,-19,-8,-5,-3,-1,4,41
2909,2909,1503612449892,-2,-12,-6,-2,-1,0,8,13
2910,2910,1503612449907,-3,9,8,6,1,-1,4,-8
2911,2911,1503612449915,-9,-2,-1,-3,-3,-4,-2,-13
2912,2912,1503612449923,-6,-1,-3,-4,-3,-2,-3,-9
2913,2913,1503612449937,6,14,11,9,2,-2,-2,-2
2914,2914,1503612449947,10,-26,-7,1,0,-2,-1,-11
2915,2915,1503612449957,1,-11,-13,-8,-3,4,0,5
2916,2916,1503612449967,-2,-1,1,-1,-4,-4,-10,-7
2917,2917,1503612449975,3,-1,-6,-2,-4,2,4,15
2918,2918,1503612449983,2,8,1,1,-1,-3,-7,22
2919,2919,1503612449997,3,8,3,1,2,2,-14,-1
2920,2920,1503612450005,1,15,12,7,5,1,-4,-9
2921,2921,1503612450016,-4,-6,-3,-1,2,-1,5,0
2922,2922,1503612450027,4,5,3,0,-5,0,-5,-4
2923,2923,1503612450028,-2,1,0,0,1,1,-5,1
2924,2924,1503612450035,-3,-6,-2,-1,3,-1,-1,-13
2925,2925,1503612450043,-6,18,-6,-7,-1,0,-4,-7
2926,2926,1503612450057,-1,7,3,2,-1,1,-2,0
2927,2927,1503612450065,2,28,6,2,0,-2,-2,-1
2928,2928,1503612450072,-7,-14,-4,-3,-2,-2,2,-1
2929,2929,1503612450088,-14,-2,1,-1,-1,-1,-3,-17
2930,2930,1503612450095,-6,-3,-1,-1,-2,-4,-2,-5
2931,2931,1503612450103,-5,-18,-9,-6,-4,1,1,0
2932,2932,1503612450118,1,-4,2,2,1,0,15,-2
2933,2933,1503612450125,1,-8,-6,-5,-4,-3,-6,-1
2934,2934,1503612450132,4,9,-1,-1,0,-3,-11,-8
2935,2935,1503612450148,0,-3,2,0,-1,-1,4,-1
2936,2936,1503612450156,-10,-6,1,1,-1,0,-2,-2
2937,2937,1503612450163,-18,4,0,-1,-2,-2,-3,-8
2938,2938,1503612450184,-4,-4,-4,-4,-2,-1,-1,0
2939,2939,1503612450186,5,-23,-6,-1,0,-1,-4,-3
2940,2940,1503612450192,0,-7,-6,-4,-4,-1,5,8
2941,2941,1503612450207,9,-8,-4,-1,-1,-2,1,-5
2942,2942,1503612450216,0,5,0,-2,-2,2,1,0
2943,2943,1503612450224,0,5,-2,1,3,3,4,0
2944,2944,1503612450237,2,4,3,2,2,0,1,-3
2945,2945,1503612450249,-1,-7,-2,0,-2,-2,-1,8
2946,2946,1503612450252,1,-6,-1,0,2,-1,-4,0
2947,2947,1503612450267,-5,-1,-2,-1,-3,-2,-3,-16
2948,2948,1503612450275,-6,13,3,4,-1,-2,-8,14
2949,2949,1503612450283,-2,-4,1,-4,-3,-2,-1,15
2950,2950,1503612450297,0,4,1,-2,1,2,1,-7
2951,2951,1503612450305,3,7,1,2,1,1,3,-3
2952,2952,1503612450314,3,4,1,-1,-2,-3,-2,6
2953,2953,1503612450327,6,2,1,-2,-1,-1,1,2
2954,2954,1503612450335,8,-15,-6,-2,-1,-2,-2,-9
2955,2955,1503612450343,2,-1,-2,1,0,0,-1,7
2956,2956,1503612450357,6,1,0,-1,1,0,2,14
2957,2957,1503612450365,-2,3,0,0,1,0,-3,-4
2958,2958,1503612450372,-1,8,0,-2,-2,-1,1,4
2959,2959,1503612450387,-2,7,2,1,-1,2,-1,0
2960,2960,1503612450395,0,-2,1,-1,0,0,-3,-6
2961,2961,1503612450403,17,19,5,-3,0,0,-3,1
2962,2962,1503612450418,-12,-11,-2,0,0,-1,0,-2
2963,2963,1503612450425,4,-3,-4,-1,-2,-3,2,1
2964,2964,1503612450432,-3,-6,-4,-3,-4,-2,-2,-8
2965,2965,1503612450449,-4,-5,-2,1,1,-2,-1,-13
2966,2966,1503612450455,-2,6,1,2,-1,0,-4,-1
2967,2967,1503612450463,8,-10,-1,1,-2,-1,0,-2
2968,2968,1503612450477,-2,-12,-5,-1,-1,-1,1,-4
2969,2969,1503612450486,-6,-6,-1,-3,-1,-1,1,-2
2970,2970,1503612450492,-8,-8,-3,0,0,0,-3,-11
2971,2971,1503612450507,-3,-11,-5,-2,-1,0,0,10
2972,2972,1503612450517,3,33,14,1,0,2,1,-5
2973,2973,1503612450530,7,-11,-4,-2,1,0,4,-21
2974,2974,1503612450537,1,-8,-6,-2,-1,-1,0,1
2975,2975,1503612450545,-10,0,0,-1,-2,0,-2,2
2976,2976,1503612450559,5,0,-1,-1,0,0,0,-1
2977,2977,1503612450567,-12,-1,-2,-2,-2,-1,-4,2
2978,2978,1503612450575,-10,-7,-6,0,-1,-1,-2,5
2979,2979,1503612450590,-8,0,2,3,0,-2,-2,8
2980,2980,1503612450597,3,-2,0,-3,-2,2,1,-3
2981,2981,1503612450605,0,20,7,3,-1,-2,0,1
2982,2982,1503612450622,-2,-5,-2,0,-1,-2,-2,-1
2983,2983,1503612450627,6,-7,-5,-2,-2,-1,1,5
2984,2984,1503612450635,1,-5,-1,0,0,0,-2,0
2985,2985,1503612450651,1,-13,1,0,-1,0,2,4
2986,2986,1503612450657,9,0,-2,1,0,0,0,-2
2987,2987,1503612450665,2,0,-1,0,0,-2,-3,-2
2988,2988,1503612450679,1,13,4,-1,1,-3,-3,2
2989,2989,1503612450687,-5,-3,-4,-1,0,-2,-1,-1
2990,2990,1503612450695,1,14,3,1,-1,-1,0,0
2991,2991,1503612450710,-11,-5,-3,-4,-2,-1,-2,-9
2992,2992,1503612450718,-2,-7,2,-1,-1,-2,0,0
2993,2993,1503612450726,-1,21,5,1,-1,0,-1,7
2994,2994,1503612450739,-3,-5,-5,-2,-1,2,-1,3
2995,2995,1503612450747,-6,-6,-5,-3,-2,-1,-4,-1
2996,2996,1503612450762,1,-2,-2,-1,-1,0,-1,-2
2997,2997,1503612450770,5,10,1,-1,1,1,1,-7
2998,2998,1503612450786,3,-5,1,-1,0,-1,-1,-2
2999,2999,1503612450787,-4,0,-1,0,0,-2,1,6
3000,3000,1503612450799,-4,-3,-4,-1,-1,-4,0,-1
3001,3001,1503612450807,2,-7,-3,-2,-1,-1,-1,-11
3002,3002,1503612450815,-7,-9,-6,-2,-3,-2,1,-1
3003,3003,1503612450830,-7,-5,-2,-1,0,0,0,3
3004,3004,1503612450837,-1,-2,0,-1,0,-1,-1,3
3005,3005,1503612450845,3,-7,-2,-1,1,1,-1,5
3006,3006,1503612450865,3,12,7,1,1,-1,-3,-5
3007,3007,1503612450867,-4,-3,-1,0,-2,-1,-1,0
3008,3008,1503612450875,1,-6,-3,-1,-1,0,-1,0
3009,3009,1503612450890,2,0,-1,-1,-1,1,-3,0
3010,3010,1503612450899,-2,4,-1,-2,0,0,0,1
3011,3011,1503612450910,1,-6,-1,-1,-2,0,1,1
3012,3012,1503612450921,-7,-7,-2,0,-1,-1,-2,-1
3013,3013,1503612450928,1,11,2,0,-1,-2,-1,-6
3014,3014,1503612450935,5,-3,-3,-1,-2,-1,1,-4
3015,3015,1503612450950,3,-4,-6,-2,-1,-2,-1,4
3016,3016,1503612450957,3,-1,0,-2,-1,1,-1,1
3017,3017,1503612450965,-6,-3,-1,0,1,-2,1,-2
3018,3018,1503612450979,-5,-1,-2,-2,0,0,-1,1
3019,3019,1503612450988,1,2,0,-2,0,0,-3,-3
3020,3020,1503612450995,3,1,-1,-2,-1,-1,0,-1
3021,3021,1503612451010,-1,-6,-1,0,-1,-2,1,-2
3022,3022,1503612451024,-4,0,-3,-1,-2,-2,-2,-2
3023,3023,1503612451026,-8,0,3,-1,1,1,0,1
3024,3024,1503612451039,4,28,9,0,1,2,0,16
3025,3025,1503612451047,10,-7,-2,-1,-3,-1,1,3
3026,3026,1503612451055,-5,-8,-5,-1,-1,-1,-3,-7
3027,3027,1503612451070,1,0,-1,-1,-2,-1,-4,-2
3028,3028,1503612451077,-10,2,1,0,-3,-1,-1,-7
3029,3029,1503612451087,3,0,-1,0,-2,0,0,0
3030,3030,1503612451099,2,-3,-1,-2,1,-1,-1,0
3031,3031,1503612451107,-4,4,-1,0,1,-1,-1,-4
3032,3032,1503612451115,3,-9,-1,0,1,-1,6,21
3033,3033,1503612451130,-1,-4,-6,-1,-1,-3,-2,-5
3034,3034,1503612451137,-3,-6,-3,-1,-1,0,-1,-9
3035,3035,1503612451145,-5,2,1,-2,-2,0,1,5
3036,3036,1503612451159,7,0,-1,-1,-2,-2,-3,-6
3037,3037,1503612451167,-1,-2,0,-2,0,-1,1,0
3038,3038,1503612451168,0,2,1,0,1,1,-5,-7
3039,3039,1503612451175,4,2,-1,-1,-1,1,-2,-4
3040,3040,1503612451190,0,-5,-3,0,1,-1,0,2
3041,3041,1503612451197,-5,-6,-2,-2,-1,-2,-1,-2
3042,3042,1503612451205,-3,1,-1,-2,0,0,-2,0
3043,3043,1503612451222,-2,0,-4,-1,0,-1,0,-5
3044,3044,1503612451228,2,0,0,-2,-1,0,-1,1
3045,3045,1503612451235,4,8,3,-1,0,-1,0,-4
3046,3046,1503612451250,-3,-4,-2,-3,0,-1,-1,-1
3047,3047,1503612451257,-3,-1,1,1,0,-2,-1,-4
3048,3048,1503612451265,0,4,1,1,-3,-4,-1,0
3049,3049,1503612451279,-1,-6,-7,-3,-2,0,-3,-3
3050,3050,1503612451289,0,-2,0,-2,-1,-1,0,-1
3051,3051,1503612451296,-3,-6,-3,-2,-3,-1,0,-1
3052,3052,1503612451310,4,18,4,-1,0,-2,-1,-1
3053,3053,1503612451317,3,-1,0,-2,0,-1,-3,0
3054,3054,1503612451318,-6,-4,-2,-1,-2,-1,-1,0
3055,3055,1503612451333,-4,-5,-2,-1,-2,1,1,0
3056,3056,1503612451339,0,1,-1,-1,-1,-1,1,1
3057,3057,1503612451348,-5,-7,-1,1,0,0,-1,-2
3058,3058,1503612451356,-2,-6,0,-1,0,-1,-2,-1
3059,3059,1503612451370,-2,-9,-6,-3,-2,0,-1,-2
3060,3060,1503612451377,-7,-14,0,0,0,-1,-2,-5
3061,3061,1503612451385,-3,-4,-1,2,-1,-2,0,1
3062,3062,1503612451399,4,0,-1,-1,0,0,-3,-4
3063,3063,1503612451407,2,-5,-1,-2,0,-1,1,-1
3064,3064,1503612451415,7,2,0,1,0,1,5,1
3065,3065,1503612451431,5,7,0,0,0,0,5,1
3066,3066,1503612451438,-3,1,1,-1,0,-3,-8,-4
3067,3067,1503612451446,3,-7,-6,-2,-2,1,-5,1
3068,3068,1503612451460,-3,0,-1,0,-2,-1,-10,-6
3069,3069,1503612451468,-3,-1,1,0,0,1,-1,0
3070,3070,1503612451484,1,2,-3,0,-3,0,6,7
3071,3071,1503612451496,1,2,-2,-1,-2,-3,-2,-2
3072,3072,1503612451499,-7,-5,-1,2,-1,1,0,-2
3073,3073,1503612451500,-2,-10,-3,-1,-1,0,-3,-2
3074,3074,1503612451512,13,21,3,0,1,-1,-4,-3
3075,3075,1503612451519,-4,-7,-2,-2,0,0,2,0
3076,3076,1503612451528,-17,-5,-1,-2,-2,-5,-2,-2
3077,3077,1503612451542,3,7,0,0,0,-1,-1,-2
3078,3078,1503612451550,0,-2,0,-1,-1,-2,-2,-2
3079,3079,1503612451562,1,19,8,1,-1,-1,-2,1
3080,3080,1503612451573,-1,-11,-3,2,0,0,0,2
3081,3081,1503612451579,5,3,-2,-2,-2,0,1,0
3082,3082,1503612451587,-2,2,1,-1,-3,-2,-2,-2
3083,3083,1503612451588,3,2,1,-1,-1,-2,-4,-3
3084,3084,1503612451602,3,-2,-4,0,0,-2,2,4
3085,3085,1503612451610,7,11,-1,-2,-2,-2,1,1
3086,3086,1503612451618,4,2,-3,0,0,1,2,0
3087,3087,1503612451633,-9,-10,-3,-2,-2,-2,1,0
3088,3088,1503612451647,-10,7,1,-1,-1,-3,-4,-4
3089,3089,1503612451649,1,2,2,1,-2,-2,-2,-1
3090,3090,1503612451662,0,-9,-7,-1,-1,-3,-1,0
3091,3091,1503612451670,-7,-2,-1,-1,-1,0,-1,-3
3092,3092,1503612451677,-2,-2,0,0,-1,1,1,-1
3093,3093,1503612451692,3,7,1,0,0,0,-4,-2
3094,3094,1503612451700,5,-2,2,0,1,1,0,0
3095,3095,1503612451707,-3,-3,0,0,-1,2,2,2
3096,3096,1503612451722,1,-2,-1,-1,-2,-2,-4,0
3097,3097,1503612451730,-5,22,2,1,0,0,0,1
3098,3098,1503612451737,-5,-5,-2,-1,-1,-1,1,-5
3099,3099,1503612451752,2,-11,-5,-5,-2,0,-2,2
3100,3100,1503612451759,-2,4,-1,0,-1,1,1,-1
3101,3101,1503612451767,0,-1,2,-1,2,-1,1,0
3102,3102,1503612451782,1,0,0,0,-2,-2,0,-2
3103,3103,1503612451792,2,-7,-2,0,-1,2,2,0
3104,3104,1503612451797,0,-3,-3,-1,1,0,1,0
3105,3105,1503612451812,10,7,-1,-2,-2,-2,-3,-5
3106,3106,1503612451819,0,0,2,-1,1,0,-2,0
3107,3107,1503612451827,6,0,-3,0,-1,1,0,-3
3108,3108,1503612451828,-15,-8,-1,0,-2,0,0,-2
3109,3109,1503612451842,-1,2,2,-2,0,0,-1,3
3110,3110,1503612451850,9,8,2,1,0,-2,-1,-1
3111,3111,1503612451861,-6,-4,0,1,2,-1,-1,-3
3112,3112,1503612451873,-2,-7,-5,-2,-2,-2,-2,-3
3113,3113,1503612451879,0,0,-1,-1,-1,-3,-3,-1
3114,3114,1503612451887,-1,-2,2,0,1,-1,1,-1
3115,3115,1503612451902,0,-9,-3,-3,-2,-2,-2,2
3116,3116,1503612451910,0,-4,-2,0,-1,-1,1,-1
3117,3117,1503612451917,3,9,-1,-1,-1,0,-3,-2
3118,3118,1503612451932,-4,-3,-3,-1,1,-1,-2,-1
3119,3119,1503612451939,3,-4,1,1,-1,-3,0,0
3120,3120,1503612451947,-2,-1,-1,-2,0,0,1,-1
3121,3121,1503612451962,-1,-3,0,-1,-1,-2,-1,-3
3122,3122,1503612451970,2,-9,-4,-1,-1,0,-3,1
3123,3123,1503612451977,7,-6,-2,-2,-1,0,1,3
3124,3124,1503612451993,2,-1,-2,0,-1,-1,0,-1
3125,3125,1503612452000,-10,-9,-2,0,-2,-3,-2,-3
3126,3126,1503612452007,-5,-10,-4,-4,0,-1,-5,1
3127,3127,1503612452021,-3,5,-2,0,-1,-1,-3,-4
3128,3128,1503612452030,-2,-1,-1,0,0,-1,4,2
3129,3129,1503612452044,-3,-2,-1,1,-1,-1,-1,0
3130,3130,1503612452052,1,3,4,3,0,1,2,1
3131,3131,1503612452067,-3,2,-1,0,-1,1,1,-1
3132,3132,1503612452069,-2,-1,1,-3,-2,0,-1,-2
3133,3133,1503612452082,1,0,2,-1,-1,0,1,1
3134,3134,1503612452090,0,8,2,-2,-1,0,1,-2
3135,3135,1503612452098,-1,-1,-2,-1,0,0,-1,0
3136,3136,1503612452112,-2,-4,-2,2,-2,-1,-1,0
3137,3137,1503612452119,-1,1,-2,-1,-1,-2,1,1
3138,3138,1503612452128,1,1,-1,0,-2,-3,0,-3
3139,3139,1503612452142,10,1,-2,1,0,-1,-1,-2
3140,3140,1503612452150,-1,-5,0,-1,-1,-2,1,-1
3141,3141,1503612452157,-1,-5,-2,-2,-1,-2,0,-4
3142,3142,1503612452172,-2,-6,-2,-1,-1,-1,-1,-2
3143,3143,1503612452179,1,14,7,1,0,1,3,2
3144,3144,1503612452187,-3,1,-1,1,0,0,-1,2
3145,3145,1503612452203,0,-2,-1,-2,0,0,-1,0
3146,3146,1503612452210,1,-3,-2,0,-2,-1,-2,0
3147,3147,1503612452217,-6,-7,-3,2,-2,-2,-2,0
3148,3148,1503612452233,0,3,-1,-2,0,-1,2,-1
3149,3149,1503612452239,-9,-1,1,-3,-1,0,1,1
3150,3150,1503612452247,-5,3,0,-1,1,-1,-5,-7
3151,3151,1503612452262,-2,-3,-2,-1,0,-1,-3,0
3152,3152,1503612452270,-1,0,-1,-1,0,0,1,1
3153,3153,1503612452277,-3,-5,-3,-2,-1,0,-1,-3
3154,3154,1503612452292,4,-1,-1,-2,-3,-3,-5,-3
3155,3155,1503612452299,0,4,1,2,-1,2,0,0
3156,3156,1503612452307,-2,0,1,0,0,-1,-2,-1
3157,3157,1503612452321,7,8,2,0,3,-3,0,-2
3158,3158,1503612452330,-2,-2,-3,0,-2,0,-1,-1
3159,3159,1503612452337,-3,-5,-3,-1,-4,-3,3,-1
3160,3160,1503612452354,3,-1,0,-1,-1,-2,0,-1
3161,3161,1503612452359,4,19,5,1,0,2,-2,-1
3162,3162,1503612452375,-2,-4,0,0,-2,0,2,0
3163,3163,1503612452382,-5,-5,-1,0,0,0,-1,-1
3164,3164,1503612452390,2,6,2,-2,0,-1,-1,2
3165,3165,1503612452405,2,0,-3,-3,-1,-1,-3,-2
3166,3166,1503612452412,-4,-5,-1,0,-2,-1,0,2
3167,3167,1503612452419,-1,-4,-4,-1,-2,-1,-2,-1
3168,3168,1503612452435,-4,1,-1,-1,1,1,-1,1
3169,3169,1503612452442,6,12,0,0,-1,0,-1,0
3170,3170,1503612452450,-5,-11,-4,-1,-1,-3,-1,-1
3171,3171,1503612452464,-2,-11,-3,-2,-2,-1,2,0
3172,3172,1503612452472,1,0,1,1,-1,0,-1,-3
3173,3173,1503612452479,-1,-2,-2,-2,0,-1,0,-1
3174,3174,1503612452500,-2,-3,0,0,0,-1,0,-3
3175,3175,1503612452501,-2,1,1,0,0,0,1,-1
3176,3176,1503612452510,2,0,-4,1,-1,0,-3,0
3177,3177,1503612452524,2,-3,0,-1,-1,-1,-3,-3
3178,3178,1503612452532,-1,10,0,1,-1,-3,-1,-1
3179,3179,1503612452539,-3,-5,-4,-2,-2,2,0,-1
3180,3180,1503612452555,0,0,1,-4,-3,1,-1,0
3181,3181,1503612452562,-1,-2,-3,-2,-1,-2,-5,-1
3182,3182,1503612452570,-2,1,-2,-1,0,0,1,0
3183,3183,1503612452584,-6,-1,4,2,0,-1,-2,0
3184,3184,1503612452592,-1,-5,-2,-2,0,-2,0,-1
3185,3185,1503612452602,-6,-9,0,0,-2,-1,-1,-1
3186,3186,1503612452615,-1,0,1,0,-2,-1,-2,-3
3187,3187,1503612452621,7,10,3,1,-1,-3,-1,0
3188,3188,1503612452632,3,2,0,-2,0,0,1,1
3189,3189,1503612452644,-2,-5,-4,0,-1,-1,-3,0
3190,3190,1503612452652,-2,2,-1,-2,-2,-4,-4,-5
3191,3191,1503612452659,1,1,-2,0,0,0,0,-1
3192,3192,1503612452675,-3,-1,0,1,1,-1,0,1
3193,3193,1503612452681,1,-3,-3,-1,0,1,1,0
3194,3194,1503612452690,1,-4,-4,-1,-3,0,-1,0
3195,3195,1503612452704,-3,-6,-5,0,-1,-3,0,1
3196,3196,1503612452712,-1,-8,-5,-1,-1,0,-2,-1
3197,3197,1503612452728,-5,7,-1,-1,0,-1,-2,-2
3198,3198,1503612452735,3,2,3,1,-2,0,-4,0
3199,3199,1503612452743,1,-3,-2,0,0,1,-1,-3
3200,3200,1503612452749,-1,1,-3,-3,1,-1,2,2
3201,3201,1503612452771,0,-2,-1,-1,1,-2,2,2
3202,3202,1503612452773,0,1,0,0,-2,0,0,-2
3203,3203,1503612452795,0,-3,-2,-2,-1,0,-1,0
3204,3204,1503612452796,-1,-1,1,2,0,-2,1,0
3205,3205,1503612452803,-4,3,0,-1,-3,-2,0,-1
3206,3206,1503612452810,-3,-3,-1,1,0,1,-2,-2
3207,3207,1503612452825,5,-2,-2,-1,0,-2,-1,1
3208,3208,1503612452832,2,-6,-3,-2,1,0,1,-2
3209,3209,1503612452848,1,-2,-2,2,0,1,0,-2
3210,3210,1503612452855,0,9,5,3,-2,0,-1,0
3211,3211,1503612452863,1,-4,-1,-2,0,-1,-1,2
3212,3212,1503612452870,-3,-1,-3,-2,-2,-2,-3,-4
3213,3213,1503612452885,-2,2,1,0,-1,0,-2,-3
3214,3214,1503612452892,2,2,-1,-3,-2,-3,0,-4
3215,3215,1503612452908,-2,0,0,-1,0,-3,1,-1
3216,3216,1503612452914,-1,-4,-1,-1,0,0,2,2
3217,3217,1503612452923,-1,1,-2,-1,-2,-1,-1,-2
3218,3218,1503612452929,-2,1,1,0,0,0,0,-3
3219,3219,1503612452945,-4,-2,-1,0,0,-1,-3,-1
3220,3220,1503612452952,3,-1,-3,-3,-1,0,-4,0
3221,3221,1503612452968,8,8,2,0,-1,0,2,1
3222,3222,1503612452976,-5,1,2,2,1,-1,0,-1
3223,3223,1503612452983,-1,-1,0,-2,-1,0,-1,-2
3224,3224,1503612452990,4,0,-2,-1,0,-1,0,4
3225,3225,1503612453005,-3,2,2,-2,-3,-1,-3,-2
3226,3226,1503612453012,-1,-3,-3,0,3,1,0,1
3227,3227,1503612453028,0,-4,-4,-1,0,-3,1,0
3228,3228,1503612453035,0,1,-2,1,-3,-1,-3,-3
3229,3229,1503612453043,-1,-5,0,-1,-2,1,1,2
3230,3230,1503612453050,1,6,-2,0,-4,-1,0,0
3231,3231,1503612453068,-1,2,1,1,2,-2,-2,0
3232,3232,1503612453072,-5,-4,-2,0,6,0,-1,-3
3233,3233,1503612453088,0,-6,-5,-3,-5,-1,-1,-1
3234,3234,1503612453095,-1,-1,-1,-7,-19,-5,-2,-4
3235,3235,1503612453104,0,-1,0,3,5,0,-1,0
3236,3236,1503612453110,-11,-2,-1,1,-1,1,-2,-5
3237,3237,1503612453125,-3,-5,-4,-3,-4,-1,-6,-8
3238,3238,1503612453138,7,20,11,2,2,1,1,7
3239,3239,1503612453148,0,-7,-6,0,0,1,-1,-1
3240,3240,1503612453154,-2,-3,-1,-4,2,-1,-3,-5
3241,3241,1503612453163,-3,-3,-4,-3,-4,-3,-6,-5
3242,3242,1503612453172,-1,-7,-5,-6,-11,-2,-1,1
3243,3243,1503612453185,0,-1,1,-1,-3,-3,-2,8
3244,3244,1503612453192,9,-4,-6,-4,-9,-4,-4,-5
3245,3245,1503612453208,1,1,2,0,3,4,7,9
3246,3246,1503612453215,-10,-7,-1,1,3,2,0,-2
3247,3247,1503612453223,-6,8,1,2,0,-1,0,-3
3248,3248,1503612453229,7,1,-2,1,0,-1,1,-1
3249,3249,1503612453245,17,4,1,0,4,1,3,6
3250,3250,1503612453252,-4,-12,-7,-2,2,-1,-4,-3
3251,3251,1503612453273,4,-3,0,0,-3,0,2,3
3252,3252,1503612453275,-11,-4,1,3,6,1,5,5
3253,3253,1503612453283,-3,0,3,2,-5,1,1,-5
3254,3254,1503612453289,-8,-5,-4,-3,-2,-7,-19,-18
3255,3255,1503612453308,-2,-1,-1,1,7,-1,-3,-6
3256,3256,1503612453312,1,4,-1,1,-1,0,3,7
3257,3257,1503612453328,-4,0,-3,-3,-3,-4,-3,-2
3258,3258,1503612453339,0,-4,-3,0,5,1,4,2
3259,3259,1503612453350,-3,-4,-3,-4,0,-1,1,3
3260,3260,1503612453357,9,8,8,1,-1,-1,2,1
3261,3261,1503612453365,10,-3,0,-1,-1,-1,-1,0
3262,3262,1503612453376,0,-1,-4,-1,1,-1,2,2
3263,3263,1503612453388,-1,1,-2,0,-2,-3,-5,-4
3264,3264,1503612453395,10,3,2,4,5,1,-1,1
3265,3265,1503612453406,3,1,-2,-3,-1,5,4,4
3266,3266,1503612453417,3,-2,-2,-4,-3,-3,-2,0
3267,3267,1503612453425,-5,-1,-2,-1,-4,-1,-8,-7
3268,3268,1503612453432,-12,2,1,-1,0,-2,-3,-9
3269,3269,1503612453448,-2,2,2,1,-2,-1,2,1
3270,3270,1503612453455,-1,3,1,1,-1,2,2,-1
3271,3271,1503612453463,-2,-6,-5,-2,0,-3,-1,-1
3272,3272,1503612453478,-3,11,4,3,8,5,7,13
3273,3273,1503612453485,-7,3,3,0,4,-1,2,0
3274,3274,1503612453492,18,-4,-7,-8,-12,-5,3,0
3275,3275,1503612453513,-8,-4,-5,-9,-11,-30,-2,-4
3276,3276,1503612453515,-7,-5,2,4,-2,1,-6,-6
3277,3277,1503612453523,0,-3,-4,-2,-4,6,-10,-13
3278,3278,1503612453539,-21,-8,-3,-2,-1,-3,-3,-5
3279,3279,1503612453545,-2,1,2,1,3,6,-3,-10
3280,3280,1503612453552,2,5,9,2,3,3,1,2
3281,3281,1503612453568,6,-2,-3,-1,-3,2,5,6
3282,3282,1503612453575,-6,-6,-3,-2,-6,-7,-8,-6
3283,3283,1503612453583,-2,-1,2,-2,-3,7,-9,-7
3284,3284,1503612453597,-2,-1,-2,3,2,-1,6,0
3285,3285,1503612453605,2,3,1,-2,-10,3,-3,-8
3286,3286,1503612453612,-3,-3,-3,-8,-14,16,2,-3
3287,3287,1503612453628,2,-5,-4,-3,-5,-6,-17,-8
3288,3288,1503612453635,4,-1,-1,0,-1,-2,5,7
3289,3289,1503612453643,-7,0,0,2,8,1,7,11
3290,3290,1503612453657,7,3,3,3,7,-8,2,9
3291,3291,1503612453665,-13,-5,0,2,-3,-2,11,3
3292,3292,1503612453672,4,3,-1,2,-1,1,-4,0
3293,3293,1503612453688,-16,-2,-1,-1,-5,4,-2,-2
3294,3294,1503612453695,0,-3,-5,-6,-2,-5,3,-7
3295,3295,1503612453704,-11,-4,-1,1,1,0,4,1
3296,3296,1503612453717,-8,1,-2,0,9,1,-4,2
3297,3297,1503612453725,-1,0,-2,2,12,-9,-4,-1
3298,3298,1503612453732,0,-1,1,5,8,7,3,1
3299,3299,1503612453748,13,6,1,2,-1,5,3,5
3300,3300,1503612453757,-1,-3,-4,-5,-14,-1,2,2
3301,3301,1503612453763,6,2,2,6,5,-1,4,9
3302,3302,1503612453778,-2,4,2,-8,-15,-7,-11,-9
3303,3303,1503612453785,0,-4,-1,0,0,-3,-1,-2
3304,3304,1503612453792,18,10,0,-1,-3,-8,-6,13
3305,3305,1503612453808,11,34,15,2,8,5,2,-1
3306,3306,1503612453815,2,-8,-4,0,11,0,-7,3
3307,3307,1503612453823,1,-6,-7,1,3,2,0,-6
3308,3308,1503612453844,2,1,-1,-1,4,-19,-1,5
3309,3309,1503612453846,1,-5,-4,-8,-6,12,1,-2
3310,3310,1503612453852,-3,-6,-1,1,-7,5,3,-5
3311,3311,1503612453869,13,-4,-2,-2,-2,-5,-1,8
3312,3312,1503612453876,-16,-12,-4,-1,2,-1,1,-5
3313,3313,1503612453883,-13,-14,-1,2,-1,-3,6,1
3314,3314,1503612453897,6,0,-2,0,-1,1,-1,2
3315,3315,1503612453906,-1,-6,-10,-3,4,-3,-6,1
3316,3316,1503612453912,-3,0,-2,0,2,9,2,-8
3317,3317,1503612453927,4,-4,-1,2,1,-5,-2,1
3318,3318,1503612453928,0,7,3,-1,-2,-2,-1,1
3319,3319,1503612453935,4,1,0,-2,-4,4,-2,-5
3320,3320,1503612453950,-4,-3,-3,-2,4,-1,-14,-4
3321,3321,1503612453957,-1,2,0,3,7,-3,-17,-9
3322,3322,1503612453965,-4,-4,-3,-6,-11,-3,-1,-10
3323,3323,1503612453973,9,3,-2,-1,-1,-1,2,-1
3324,3324,1503612453988,-11,-4,7,3,6,0,3,-4
3325,3325,1503612453994,-6,2,2,0,-3,-4,3,-3
3326,3326,1503612454003,3,-6,-7,-6,-14,-4,0,-3
3327,3327,1503612454017,3,2,1,1,1,0,-3,0
3328,3328,1503612454025,-1,1,0,-1,-2,7,10,1
3329,3329,1503612454032,-9,-4,-4,-3,-5,-6,-4,-6
3330,3330,1503612454048,-5,-2,-2,-2,-9,-1,-3,-4
3331,3331,1503612454056,0,-1,0,-2,2,-4,-2,-1
3332,3332,1503612454063,2,2,2,1,4,-3,1,0
3333,3333,1503612454077,-3,0,-1,-1,0,-1,4,0
3334,3334,1503612454085,3,7,-2,1,6,-1,-5,3
3335,3335,1503612454092,-10,-7,-3,-7,-15,-6,9,-2
3336,3336,1503612454108,1,6,1,3,8,3,0,1
3337,3337,1503612454115,0,0,8,6,4,2,-2,-5
3338,3338,1503612454123,9,20,7,0,3,0,-1,0
3339,3339,1503612454137,-2,-5,-1,0,5,0,1,5
3340,3340,1503612454146,-1,-5,4,1,-3,-3,0,1
3341,3341,1503612454152,2,2,-1,-5,-12,1,-3,0
3342,3342,1503612454168,3,15,0,-2,-4,-5,-1,2
3343,3343,1503612454176,-9,8,-1,-3,3,1,4,-1
3555,3555,1503612456224,-7,-15,-4,0,-1,-3,-2,-8
3556,3556,1503612456231,-4,-15,-4,0,1,-3,1,-6
3557,3557,1503612456244,-4,-3,0,-2,2,0,7,-11
3558,3558,1503612456253,14,2,1,-3,14,3,-2,0
3559,3559,1503612456260,-9,-10,-7,-4,-7,-4,-10,-40
3560,3560,1503612456275,6,1,-1,0,0,-2,-2,0
3561,3561,1503612456282,5,-6,-5,-5,-6,-2,-1,12
3562,3562,1503612456290,1,-4,-1,-3,-4,0,0,-9
3563,3563,1503612456304,-2,0,-1,1,1,1,2,11
3564,3564,1503612456312,1,2,3,1,-2,-1,0,5
3565,3565,1503612456320,-4,5,3,1,4,1,0,5
3566,3566,1503612456335,-4,7,4,2,-8,-4,-6,0
3567,3567,1503612456342,0,-3,-4,1,0,2,-1,-1
3568,3568,1503612456350,2,4,-1,0,-6,-4,1,-4
3569,3569,1503612456364,2,-9,-2,-1,1,1,11,16
3570,3570,1503612456372,-6,-13,-7,-5,-2,1,0,3
3571,3571,1503612456380,-2,-5,-2,-2,-4,-3,-15,-12
3572,3572,1503612456395,-4,-10,-9,-5,5,0,-1,-5
3573,3573,1503612456402,-5,-5,0,1,-2,-1,0,8
3574,3574,1503612456409,-5,14,1,-1,-13,-2,4,3
3575,3575,1503612456424,7,0,-1,3,4,3,16,26
3576,3576,1503612456433,-1,10,4,0,1,1,-2,2
3577,3577,1503612456439,1,-10,-5,-4,-8,-4,3,-8
3578,3578,1503612456440,5,2,-2,-2,-4,-2,-10,-1
3579,3579,1503612456455,-10,-3,1,0,-4,-4,-6,-7
3580,3580,1503612456462,-4,-6,-7,-3,7,1,6,-5
3581,3581,1503612456470,2,21,9,3,3,1,3,-3
3582,3582,1503612456484,1,-1,0,-1,-2,-5,-6,-1
3583,3583,1503612456493,3,-8,-6,0,22,8,-1,35
3584,3584,1503612456500,-13,-6,2,0,0,0,3,-3
3585,3585,1503612456515,-2,-21,-5,-4,-8,-3,-5,-3
3586,3586,1503612456522,6,5,0,-1,-1,-1,-16,-14
3587,3587,1503612456530,-2,-9,-4,0,-3,-2,3,-4
3588,3588,1503612456544,-3,5,0,0,-5,-2,4,-5
3589,3589,1503612456552,2,0,0,1,0,0,0,-8
3590,3590,1503612456560,17,4,-2,-1,0,-1,14,5
3591,3591,1503612456574,1,9,-1,0,9,2,0,-4
3592,3592,1503612456582,4,1,-2,1,1,0,-5,-3
3593,3593,1503612456592,16,2,-3,-1,-8,-7,-5,-11
3594,3594,1503612456604,-6,-4,-4,-2,0,2,7,0
3595,3595,1503612456612,-2,10,0,1,-3,0,3,-22
3596,3596,1503612456619,0,0,-2,-2,-4,-3,3,-6
3597,3597,1503612456634,-5,-17,-7,-1,3,2,-4,-1
3598,3598,1503612456635,-1,12,1,-3,0,-3,-13,6
3599,3599,1503612456642,-21,-1,5,3,8,2,4,2
3600,3600,1503612456650,-20,-40,-11,-3,-4,-3,-6,-3
3601,3601,1503612456664,-6,-14,-3,-3,-11,-3,-6,-2
3602,3602,1503612456672,2,-1,4,2,8,5,3,1
3603,3603,1503612456679,2,5,-1,-1,1,2,-2,-8
3604,3604,1503612456695,4,-7,-5,-4,-6,-4,-2,-2
3605,3605,1503612456702,8,0,-4,-4,-4,-1,1,3
3606,3606,1503612456710,3,1,-1,0,-1,2,4,5
3607,3607,1503612456726,6,9,5,2,0,-4,-16,-5
3608,3608,1503612456732,-2,8,-1,0,0,-2,3,-1
3609,3609,1503612456740,5,-3,-4,0,-1,-1,-4,24
3610,3610,1503612456755,-12,0,3,-1,-2,-3,-7,-4
3611,3611,1503612456762,-17,-1,3,1,11,1,0,-5
3612,3612,1503612456771,4,4,-1,-3,2,-1,2,0
3613,3613,1503612456784,3,-3,0,-3,-5,-2,0,-6
3614,3614,1503612456794,-5,-9,-3,-1,-4,0,15,-3
3615,3615,1503612456800,2,-4,-2,-1,-2,-3,-3,-7
3616,3616,1503612456814,12,31,8,3,-1,1,-7,23
3617,3617,1503612456822,1,12,-3,-2,-2,-1,2,-9
3618,3618,1503612456831,-3,-22,-5,-1,-5,-3,2,9
3619,3619,1503612456844,-3,2,0,-2,-8,1,-7,-6
3620,3620,1503612456852,2,-4,-4,1,3,0,0,4
3621,3621,1503612456860,-7,-2,-5,-3,-2,-2,3,-23
3622,3622,1503612456875,-1,8,3,-2,-1,0,4,-6
3623,3623,1503612456882,10,31,6,2,2,1,14,-1
3624,3624,1503612456890,-16,2,0,1,-1,1,-4,-3
3625,3625,1503612456904,5,-9,-3,-2,-2,1,3,8
3626,3626,1503612456912,2,2,0,0,-1,-2,0,20
3627,3627,1503612456919,-12,-3,-3,-2,-1,-1,-5,-1
3628,3628,1503612456935,-8,5,2,2,1,0,0,-10
3629,3629,1503612456942,0,-5,-1,-1,0,-1,13,2
3630,3630,1503612456950,7,0,1,0,-1,-1,-4,-2
3631,3631,1503612456964,-2,-12,-5,-4,-2,-1,-13,-2
3632,3632,1503612456972,-3,-5,-4,-2,-2,0,-1,0
3633,3633,1503612456979,-8,-13,-5,-3,-1,-1,-1,-5
3634,3634,1503612456995,3,-17,-10,-2,-1,-1,2,-8
3635,3635,1503612457003,10,3,4,2,-1,0,1,11
3636,3636,1503612457010,4,19,5,1,-1,-1,-5,-10
3637,3637,1503612457024,-7,-16,-5,-2,-2,-5,-26,3
3638,3638,1503612457032,1,-14,-2,-5,-2,-1,-4,1
3639,3639,1503612457039,2,-2,1,-1,0,0,1,3
3640,3640,1503612457054,-1,3,1,0,-2,0,-3,-6
3641,3641,1503612457065,-9,-2,2,2,0,-3,6,2
3642,3642,1503612457077,-11,14,2,2,0,-3,0,-11
3643,3643,1503612457084,0,6,2,1,2,0,2,-19
3644,3644,1503612457092,11,-5,2,2,2,-3,-9,7
3645,3645,1503612457106,3,4,-2,0,0,0,15,20
3646,3646,1503612457114,-4,-22,-8,1,1,0,-2,-8
3647,3647,1503612457122,7,9,1,-1,0,2,2,-3
3648,3648,1503612457138,8,9,-1,-1,-2,-1,6,10
3649,3649,1503612457152,6,-1,0,0,-1,0,-6,5
3650,3650,1503612457157,-6,1,-1,-1,1,1,0,-11
3651,3651,1503612457167,8,-1,1,0,-2,-2,-7,0
3652,3652,1503612457175,8,-10,-1,-1,0,0,12,3
3653,3653,1503612457182,11,8,2,1,1,-1,-1,-9
3654,3654,1503612457197,12,-1,-5,-6,-5,-2,-5,0
3655,3655,1503612457206,-10,-4,-1,0,-2,-2,-4,-10
3656,3656,1503612457212,4,9,3,3,-1,-2,-4,-5
3657,3657,1503612457227,3,-3,-5,-2,1,-4,-10,5
3658,3658,1503612457237,-11,-8,-1,-1,-1,0,1,16
3659,3659,1503612457242,-11,2,1,-1,0,0,-9,-7
3660,3660,1503612457258,-1,1,-2,-1,1,0,-4,-8
3661,3661,1503612457274,-6,-6,-7,-3,0,1,1,-3
3662,3662,1503612457281,6,-13,-3,-4,-2,-1,1,-2
3663,3663,1503612457286,-6,-8,0,1,0,-1,0,-5
3664,3664,1503612457294,-10,-6,-6,-6,-1,2,-3,-5
3665,3665,1503612457305,-1,3,3,2,-2,-3,-4,1
3666,3666,1503612457317,-8,1,-3,-5,-1,0,4,-1
3667,3667,1503612457324,4,9,0,0,0,3,7,7
3668,3668,1503612457333,-9,-4,-3,-1,0,-3,0,-2
3669,3669,1503612457346,-4,-2,-1,2,-1,0,3,8
3670,3670,1503612457357,-10,-21,-8,-4,-4,-1,-2,-15
3671,3671,1503612457364,7,3,-5,-3,-1,0,17,7
3672,3672,1503612457377,-12,11,7,3,3,-1,-9,-16
3673,3673,1503612457384,6,2,-1,-3,-3,-2,-8,3
3674,3674,1503612457392,-7,-2,3,3,1,-2,4,-1
3675,3675,1503612457406,-1,-2,-1,0,-1,-2,2,2
3676,3676,1503612457414,11,8,4,2,1,0,-7,3
3677,3677,1503612457422,-8,-13,-5,-1,-2,-2,-1,4
3678,3678,1503612457437,6,11,4,3,-1,0,10,5
3679,3679,1503612457444,-7,-18,-6,-4,-2,-1,0,-6
3680,3680,1503612457452,3,2,2,3,0,-4,-8,6
3681,3681,1503612457466,-6,4,1,-1,0,-1,-4,-11
3682,3682,1503612457474,7,-1,-1,-4,-4,-3,-5,-6
3683,3683,1503612457482,6,9,8,5,0,1,-1,-5
3684,3684,1503612457498,-4,-4,-5,-3,-6,-1,2,4
3685,3685,1503612457504,0,1,-1,-1,1,1,-3,0
3686,3686,1503612457512,-1,2,-4,-1,-1,-1,-1,3
3687,3687,1503612457526,2,13,3,2,2,-1,-11,-4
3688,3688,1503612457535,3,-1,0,-1,3,0,-3,0
3689,3689,1503612457542,15,31,9,0,0,2,7,3
3690,3690,1503612457559,19,-11,-6,-2,-1,0,5,24
3691,3691,1503612457566,-1,-14,-6,-1,1,-1,-4,-2
3692,3692,1503612457572,-5,2,2,-2,0,0,-1,-2
3693,3693,1503612457586,-6,-14,-7,-4,-3,-5,-3,-12
3694,3694,1503612457595,-3,-7,-3,-2,-1,-3,-5,-7
3695,3695,1503612457603,-5,2,2,-1,-1,-2,2,6
3696,3696,1503612457617,-10,-15,0,-1,-1,-1,-5,-9
3697,3697,1503612457624,12,20,1,-2,-2,-1,-1,3
3698,3698,1503612457634,0,-3,1,-1,0,-1,2,6
3699,3699,1503612457646,4,-4,0,0,-1,1,-2,-4
3700,3700,1503612457654,-5,6,0,-3,-1,0,-2,3
3701,3701,1503612457655,-4,4,0,2,0,2,-4,-4
3702,3702,1503612457662,-7,8,3,0,-1,-1,0,-1
3703,3703,1503612457677,3,2,-2,-3,1,-2,-1,-2
3704,3704,1503612457684,-18,-14,-2,1,0,-1,2,-1
3705,3705,1503612457692,-10,-7,-4,-2,-2,-2,-3,-7
3706,3706,1503612457707,-15,-8,-4,-1,-1,-2,-3,-4
3707,3707,1503612457721,4,22,5,0,-1,-1,1,-3
3708,3708,1503612457723,6,3,1,-1,0,-2,-1,0
3709,3709,1503612457738,11,-7,-4,-2,-2,-1,0,9
3710,3710,1503612457744,-5,-12,-4,-2,-2,-3,-2,8
3711,3711,1503612457752,-1,9,5,2,0,1,-2,-9
3712,3712,1503612457768,2,-3,-2,-2,-1,-2,0,-21
3713,3713,1503612457775,-6,10,5,-2,0,3,1,-3
3714,3714,1503612457782,-1,-10,-5,-1,0,0,-1,6
3715,3715,1503612457797,15,4,-1,-1,-2,-3,-3,22
3716,3716,1503612457805,-1,-3,2,1,-1,1,2,0
3717,3717,1503612457812,-9,-5,-2,0,-1,-1,0,-13
3718,3718,1503612457826,-14,-5,-5,-3,-2,-2,-2,-14
3719,3719,1503612457835,8,-5,-2,0,-1,-4,-3,-12
3720,3720,1503612457842,13,5,-1,0,-1,-2,-2,7
3721,3721,1503612457857,16,-3,0,0,0,-2,0,8
3722,3722,1503612457864,9,-8,-1,-4,-3,-1,1,0
3723,3723,1503612457872,-14,3,-2,-1,-2,-2,-3,5
3724,3724,1503612457887,-4,-13,-3,-2,-1,2,2,23
3725,3725,1503612457894,-7,-5,-4,-1,-1,3,3,6
3726,3726,1503612457902,0,-1,1,-1,-1,-2,-1,-5
3727,3727,1503612457917,-5,-1,-3,-2,2,-3,0,-6
3728,3728,1503612457924,5,9,3,1,-1,1,-1,-3
3729,3729,1503612457932,-8,-1,3,1,1,1,-1,-1
3730,3730,1503612457946,-13,7,2,2,-2,-2,-1,-4
3731,3731,1503612457954,-12,3,-2,1,0,-1,-5,-9
3732,3732,1503612457970,9,-2,0,-3,0,1,1,7
3733,3733,1503612457977,-4,1,2,2,0,-1,1,-2
3734,3734,1503612457992,-2,-3,-4,-2,-1,-1,-2,-4
3735,3735,1503612458000,0,-1,-1,-2,-2,-3,0,-1
3736,3736,1503612458001,2,-5,-5,-4,-2,1,2,0
3737,3737,1503612458008,-2,1,2,0,-1,0,0,-2
3738,3738,1503612458014,5,-3,-1,1,-1,1,-1,-2
3739,3739,1503612458030,1,1,1,-2,0,0,-1,0
3740,3740,1503612458037,-3,22,3,-1,-1,-2,-2,-9
3741,3741,1503612458052,4,-11,-4,-1,0,0,2,1
3742,3742,1503612458059,-1,-5,-2,0,-1,-2,0,2
3743,3743,1503612458069,-5,5,0,-1,-1,-1,1,-3
3744,3744,1503612458074,1,-3,-3,-3,-1,-2,-1,-3
3745,3745,1503612458090,-7,-5,-1,-1,-1,0,0,-10
3746,3746,1503612458097,-3,-6,-3,-2,-2,1,-1,3
3747,3747,1503612458112,-2,2,-3,2,0,-2,-2,-2
3748,3748,1503612458126,-7,25,11,3,2,1,1,-1
3749,3749,1503612458128,5,17,6,3,1,0,0,2
3750,3750,1503612458136,-3,2,3,0,0,-1,-3,-1
3751,3751,1503612458150,-2,-7,-5,-1,-3,-1,-5,-1
3752,3752,1503612458157,22,-12,-6,-1,-2,-1,4,17
3753,3753,1503612458173,1,-2,-2,-2,-1,-1,-2,-2
3754,3754,1503612458179,-4,-8,-4,2,0,-3,-2,-4
3755,3755,1503612458187,3,-1,0,-1,-1,-1,0,4
3756,3756,1503612458194,-3,-4,-4,-2,0,0,2,0
3757,3757,1503612458210,-4,-1,0,-1,1,-1,0,-2
3758,3758,1503612458217,0,-8,-2,0,-1,-2,-1,-5
3759,3759,1503612458232,1,5,0,0,-3,-1,0,2
3760,3760,1503612458241,-3,-1,-1,0,0,-1,-1,0
3761,3761,1503612458247,3,1,-2,-1,-1,0,-1,-2
3762,3762,1503612458254,-4,-2,-2,-2,0,0,-3,-4
3763,3763,1503612458275,-1,9,5,1,0,-2,-3,1
3764,3764,1503612458277,0,-5,-3,-2,-1,-2,-1,-2
3765,3765,1503612458293,1,9,0,-3,-1,0,-1,-3
3766,3766,1503612458299,-3,-1,0,-2,-2,0,-1,2
3767,3767,1503612458308,-2,-7,-4,-3,-1,0,-1,2
3768,3768,1503612458314,-1,-1,-1,0,-1,0,-3,-8
3769,3769,1503612458315,1,1,-1,-1,-2,-1,1,3
3770,3770,1503612458330,-3,-7,-4,-2,-2,-2,-1,-2
3771,3771,1503612458337,-2,-4,-2,0,-1,-1,1,-2
3772,3772,1503612458353,3,6,1,-1,-1,-1,0,0
3773,3773,1503612458359,-2,8,4,1,-1,0,-1,-4
3774,3774,1503612458368,-5,-16,-4,1,0,-1,-2,-4
3775,3775,1503612458375,-3,-5,-2,-1,2,2,1,-2
3776,3776,1503612458390,-6,-4,-1,0,-1,-1,0,-1
3777,3777,1503612458397,1,1,1,-2,-1,-1,-3,-6
3778,3778,1503612458413,-1,-5,-5,-2,-1,0,-1,-8
3779,3779,1503612458419,-2,2,0,1,-1,-3,-3,-4
3780,3780,1503612458434,-2,-4,-4,-1,-2,-4,-4,-5
3781,3781,1503612458438,1,-3,-3,-3,1,0,2,1
3782,3782,1503612458450,1,0,1,0,0,2,2,2
3783,3783,1503612458457,-2,-2,0,-2,-2,0,1,2
3784,3784,1503612458473,3,-3,0,0,1,-1,1,9
3785,3785,1503612458480,-3,-3,-2,-1,-2,0,-1,-3
3786,3786,1503612458487,2,-4,-3,-2,-1,0,1,-2
3787,3787,1503612458495,2,-6,-3,-2,-2,-1,0,4
3788,3788,1503612458510,0,-2,-2,-1,1,0,-2,0
3789,3789,1503612458517,-5,0,-2,-1,-1,0,-4,-6
3790,3790,1503612458532,1,3,3,2,0,-1,-3,-5
3791,3791,1503612458539,-1,-5,-1,-1,-2,-2,0,-6
3792,3792,1503612458540,-3,-2,0,0,0,-1,-2,-14
3793,3793,1503612458547,-1,1,-1,-1,-3,-1,-1,-6
3794,3794,1503612458554,-1,2,-1,-1,-1,0,-1,-5
3795,3795,1503612458555,-1,1,-2,-1,-1,-3,0,7
3796,3796,1503612458573,-13,-1,-5,-3,-1,-2,-2,-15
3797,3797,1503612458577,3,-6,-2,-1,0,0,1,7
3798,3798,1503612458592,-4,-10,-2,-1,0,0,0,13
3799,3799,1503612458599,-3,0,0,-2,0,-1,-1,0
3800,3800,1503612458607,5,3,1,0,-1,0,1,10
3801,3801,1503612458615,1,4,2,1,-1,0,-1,-3
3802,3802,1503612458630,4,-1,1,-1,0,1,0,3
3803,3803,1503612458639,-5,1,-4,-2,-1,0,0,-7
3804,3804,1503612458652,-3,2,-1,-3,-2,-2,-2,-7
3805,3805,1503612458659,0,2,-1,0,-2,1,-3,-4
3806,3806,1503612458667,-3,-5,-2,-4,-1,-3,-4,-4
3807,3807,1503612458674,3,-1,0,0,0,0,-1,4
3808,3808,1503612458690,2,-1,2,4,1,3,0,4
3809,3809,1503612458697,2,4,1,-2,0,-1,0,3
3810,3810,1503612458712,0,3,-1,-1,-3,-3,0,-4
3811,3811,1503612458720,-2,-9,-3,-1,-1,-1,-1,0
3812,3812,1503612458727,1,-3,-2,0,1,1,2,1
3813,3813,1503612458734,-2,1,-1,-2,-1,-1,-1,-3
3814,3814,1503612458750,-3,10,6,-1,-2,-1,0,-2
3815,3815,1503612458765,2,-1,-3,0,0,-2,2,3
3816,3816,1503612458774,1,-5,-3,-2,-3,0,-2,-3
3817,3817,1503612458779,0,1,1,1,-4,0,-1,4
3818,3818,1503612458787,-1,-4,-2,-1,-1,-4,-2,0
3819,3819,1503612458794,-2,-1,-1,0,0,-2,-4,-1
3820,3820,1503612458810,0,-5,-5,-1,-1,0,0,0
3821,3821,1503612458819,-2,-7,-3,-2,-1,-1,-2,-2
3822,3822,1503612458832,-3,-9,-1,-1,1,0,-1,2
3823,3823,1503612458841,-7,6,1,-1,0,0,-2,0
3824,3824,1503612458848,1,3,-2,-1,1,-1,0,-1
3825,3825,1503612458854,-2,3,1,0,-2,-2,-1,-6
3826,3826,1503612458870,2,3,1,0,-1,-1,-3,-3
3827,3827,1503612458878,0,-2,-1,0,1,-1,1,-1
3828,3828,1503612458892,0,1,-5,-2,-2,-1,4,5
3829,3829,1503612458899,1,4,1,2,-1,0,-1,0
3830,3830,1503612458910,-2,3,4,1,0,2,-1,2
3831,3831,1503612458922,4,-8,-3,0,0,-2,-5,-2
3832,3832,1503612458930,5,-2,-4,0,-1,-1,-1,-5
3833,3833,1503612458937,5,0,3,0,0,-2,-5,-11
3834,3834,1503612458952,0,1,1,0,0,-3,-2,-7
3835,3835,1503612458959,-2,1,0,-1,-2,1,1,6
3836,3836,1503612458967,-3,-1,-1,-2,-4,-1,-4,3
3837,3837,1503612458982,0,1,1,-1,0,1,1,5
3838,3838,1503612458990,-5,-3,-1,-2,-1,0,-1,1
3839,3839,1503612458997,3,-8,-2,-1,-2,-1,0,0
3840,3840,1503612459012,4,9,2,-1,-1,-1,-3,0
3841,3841,1503612459019,-13,-5,-3,-2,-1,0,0,3
3842,3842,1503612459027,-3,5,4,0,0,0,-2,-4
3843,3843,1503612459043,3,0,-1,-1,0,0,-1,-6
3844,3844,1503612459050,-2,-5,0,0,0,0,1,1
3845,3845,1503612459057,1,4,0,-2,1,-2,0,0
3846,3846,1503612459072,2,-3,-2,-1,1,-1,-1,-1
3847,3847,1503612459079,1,4,4,1,-3,-2,-2,0
3848,3848,1503612459080,-4,-1,-5,-3,-3,-3,-1,-3
3849,3849,1503612459087,1,0,-2,0,1,-1,-1,3
3850,3850,1503612459102,-2,-5,-1,0,-2,-1,-2,2
3851,3851,1503612459111,-1,-1,0,0,0,1,-1,-1
3852,3852,1503612459118,1,-2,-2,0,0,0,0,-1
3853,3853,1503612459132,2,-2,-1,0,0,-1,2,4
3854,3854,1503612459139,-1,0,0,0,-1,-1,2,-5
3855,3855,1503612459147,-1,-1,-1,-1,-1,0,1,-3
3856,3856,1503612459162,0,1,-2,-2,1,0,-1,1
3857,3857,1503612459170,0,0,1,1,-1,0,-2,-2
3858,3858,1503612459178,0,4,0,-2,0,-2,1,-2
3859,3859,1503612459192,-1,0,-1,-4,0,-3,2,-2
3860,3860,1503612459199,0,1,2,3,0,2,-1,2
3861,3861,1503612459210,-5,-6,-2,-2,-4,-1,-1,1
3862,3862,1503612459222,0,-2,-3,-2,-2,-2,0,3
3863,3863,1503612459230,0,-3,-2,0,-1,0,-2,-3
3864,3864,1503612459237,3,0,-1,0,0,1,-1,-1
3865,3865,1503612459252,1,4,-1,-1,0,-2,2,-2
3866,3866,1503612459259,-2,5,0,-2,1,-1,-3,-4
3867,3867,1503612459267,0,3,-1,-1,0,2,-2,0
3868,3868,1503612459282,3,-2,-2,-3,-2,-2,0,0
3869,3869,1503612459290,2,1,-1,-1,-1,1,-1,-2
3870,3870,1503612459297,3,8,2,-2,-3,-1,0,1
3871,3871,1503612459312,-3,-4,0,-1,1,-2,-2,-2
3872,3872,1503612459319,-1,-2,0,-1,1,-1,0,-1
3873,3873,1503612459327,1,-2,-2,-2,-3,-2,-1,-2
3874,3874,1503612459342,-2,-6,-1,-1,-1,-2,-1,-1
3875,3875,1503612459350,-1,-4,-1,-1,1,0,2,0
3876,3876,1503612459357,5,2,0,1,-1,-1,2,1
3877,3877,1503612459373,-2,-3,1,2,1,-2,-5,-2
3878,3878,1503612459374,-6,1,-2,-1,-1,-4,-4,-7
3879,3879,1503612459380,-3,3,0,-1,1,0,-2,0
3880,3880,1503612459387,3,1,1,0,1,-1,1,1
3881,3881,1503612459402,-3,-9,-5,-2,-15,-3,-5,-2
3882,3882,1503612459417,-1,-3,-3,-1,-1,2,-3,-1
3883,3883,1503612459432,-2,1,2,1,0,0,-1,0
3884,3884,1503612459439,-2,-1,-1,0,0,-3,-1,-4
3885,3885,1503612459448,-2,-4,-1,0,0,-1,8,2
3886,3886,1503612459462,-9,4,2,1,2,-1,-1,-3
3887,3887,1503612459470,-5,-4,-2,-2,-5,2,-5,-6
3888,3888,1503612459484,1,-1,-1,-1,0,-1,-5,-1
3889,3889,1503612459492,1,5,2,-1,-3,-3,-1,0
3890,3890,1503612459499,3,1,2,1,3,-1,3,5
3891,3891,1503612459508,1,-1,-4,-3,-6,1,-11,-2
3892,3892,1503612459522,1,-1,-2,-2,-1,0,0,-3
3893,3893,1503612459530,-5,0,2,1,-1,-1,-2,1
3894,3894,1503612459537,7,-5,-2,-1,2,0,-7,-1
3895,3895,1503612459552,-9,5,3,-4,-5,0,0,4
3896,3896,1503612459559,-14,-4,-3,-1,0,-3,0,-4
3897,3897,1503612459567,8,4,1,2,1,-1,2,5
3898,3898,1503612459589,-2,3,3,0,-2,1,1,-4
3899,3899,1503612459590,2,-4,-1,2,3,2,5,-1
3900,3900,1503612459597,-5,2,0,1,2,0,0,0
3901,3901,1503612459614,8,-1,-6,-2,2,-3,-2,6
3902,3902,1503612459619,-4,0,1,2,7,1,-1,-3
3903,3903,1503612459627,-1,-5,-2,-2,1,1,2,-1
3904,3904,1503612459642,-13,-8,-4,-3,-4,-1,2,-49
3905,3905,1503612459650,-2,-3,-5,-2,-2,-3,8,-1
3906,3906,1503612459657,6,-4,-5,-5,0,-1,-3,6
3907,3907,1503612459673,3,4,-3,-1,-2,-2,2,-2
3908,3908,1503612459680,2,11,2,1,-3,-5,0,9
3909,3909,1503612459688,-3,-2,0,-1,-1,-1,0,4
3910,3910,1503612459703,44,12,2,0,1,0,-1,10
3911,3911,1503612459717,4,-12,-7,-2,-3,-1,-3,-3
3912,3912,1503612459718,-9,-13,-3,-1,-1,-1,-2,0
3913,3913,1503612459732,-6,5,0,1,3,-1,-14,-3
3914,3914,1503612459740,-8,10,1,-1,-1,0,0,-28
3915,3915,1503612459748,-12,-7,1,1,0,-2,-7,-20
3916,3916,1503612459765,-8,-5,0,1,0,0,-3,3
3917,3917,1503612459770,2,-1,2,0,-1,0,-3,-3
3918,3918,1503612459777,-3,-7,-3,-3,-2,-2,-13,-4
3919,3919,1503612459792,6,7,3,-3,-1,-2,-3,18
3920,3920,1503612459799,-5,-1,-2,0,0,0,-3,5
3921,3921,1503612459807,-6,17,7,0,-1,-1,2,-4
3922,3922,1503612459822,4,9,1,0,1,2,17,21
3923,3923,1503612459830,-2,-2,-7,-1,-3,0,9,20
3924,3924,1503612459837,-2,-8,1,-1,-2,-1,-3,7
3925,3925,1503612459852,-7,-1,0,-1,2,-1,-10,-6
3926,3926,1503612459859,-2,-13,-9,-5,-2,-1,4,8
3927,3927,1503612459874,-7,-3,5,1,0,0,-7,10
3928,3928,1503612459882,3,3,3,1,-1,-1,1,-5
3929,3929,1503612459890,1,-7,-6,-2,-1,0,-4,-19
3930,3930,1503612459904,-2,5,3,1,0,-2,5,19
3931,3931,1503612459914,0,-9,-5,-4,0,-2,-9,-29
3932,3932,1503612459915,13,12,6,-1,0,-1,6,-35
3933,3933,1503612459919,-7,13,6,0,0,-1,-5,-3
3934,3934,1503612459934,-8,2,2,1,0,-1,8,27
3935,3935,1503612459942,-5,-6,0,-2,-2,-2,1,-2
3936,3936,1503612459950,3,-3,-2,0,-2,-1,-1,7
3937,3937,1503612459964,2,-8,-8,-4,-1,-2,-5,-2
3938,3938,1503612459972,2,-4,-4,1,-2,-1,-1,-3
3939,3939,1503612459979,3,-8,-3,1,2,1,-3,1
3940,3940,1503612460001,-5,-2,0,-3,0,-2,-18,-11
3941,3941,1503612460002,-4,-5,-6,-2,-1,0,2,-5
3942,3942,1503612460010,-19,-5,-2,-1,0,3,2,-11
3943,3943,1503612460025,0,8,4,0,-3,-2,-1,-1
3944,3944,1503612460032,8,4,2,2,9,0,3,-6
3945,3945,1503612460039,2,4,1,-1,0,0,3,0
3946,3946,1503612460054,3,-4,2,-4,-4,-5,-2,0
3947,3947,1503612460062,2,4,-5,-1,4,-1,1,18
3948,3948,1503612460070,4,-8,-5,-2,-2,0,15,-4
3949,3949,1503612460085,3,-2,-1,-2,-5,1,0,9
3950,3950,1503612460093,-1,2,-1,-2,-1,0,5,12
3951,3951,1503612460099,0,-8,1,2,6,0,-3,-25
3952,3952,1503612460118,-9,-2,-2,-1,0,0,-2,0
3953,3953,1503612460122,7,-9,-3,-1,-2,-2,-23,-2
3954,3954,1503612460130,-2,-5,-5,-2,-1,-1,-4,-1
3955,3955,1503612460144,-7,9,5,1,-1,-1,1,3
3956,3956,1503612460154,0,-6,-5,-2,-4,-2,2,2
3957,3957,1503612460159,0,4,1,-3,-11,-1,-3,3
3958,3958,1503612460174,4,6,0,-3,-1,0,0,-5
3959,3959,1503612460184,4,4,-1,-1,-2,-1,6,-8
3960,3960,1503612460190,4,-8,-7,-3,-6,-4,-12,-5
3961,3961,1503612460211,-4,0,-1,0,2,0,1,-13
3962,3962,1503612460213,-1,0,-1,-1,-10,1,-2,3
3963,3963,1503612460222,3,-4,-4,-3,-2,0,4,7
3964,3964,1503612460234,-9,-5,-4,-3,-2,-4,-4,6
3965,3965,1503612460242,14,10,1,-2,-1,-1,4,19
3966,3966,1503612460252,-3,-1,-1,1,1,2,20,4
3967,3967,1503612460264,-15,-12,-4,-1,3,-2,-2,1
3968,3968,1503612460272,6,6,4,1,-4,1,-4,-2
3969,3969,1503612460279,-9,-7,-3,-3,-3,0,-4,-17
3970,3970,1503612460294,3,1,3,-2,1,-2,2,29
3971,3971,1503612460311,3,-2,0,3,0,0,-4,-7
3972,3972,1503612460314,-1,2,1,1,2,1,3,-5
3973,3973,1503612460331,11,-4,-1,2,3,0,10,7
3974,3974,1503612460333,-5,-14,-8,-3,-7,-1,2,-3
3975,3975,1503612460339,-2,11,-1,-1,1,0,8,-18
3976,3976,1503612460355,-2,-2,0,-3,5,3,-2,-8
3977,3977,1503612460362,-14,-11,-4,-2,-9,-11,-7,11
3978,3978,1503612460370,17,8,2,2,4,3,12,-9
3979,3979,1503612460386,-8,-4,0,-4,1,0,-8,2
3980,3980,1503612460392,14,2,2,2,0,-1,-9,4
3981,3981,1503612460399,17,5,2,-1,-2,-1,4,1
3982,3982,1503612460414,-6,-3,-2,-1,2,2,10,15
3983,3983,1503612460423,-1,20,4,2,-1,1,0,31
3984,3984,1503612460430,2,5,2,0,1,-2,-8,-4
3985,3985,1503612460444,-6,-6,0,-2,-2,3,16,-12
3986,3986,1503612460454,7,2,0,1,2,-1,-7,-7
3987,3987,1503612460460,13,-4,-3,2,2,-1,-10,2
3988,3988,1503612460474,-15,-3,-2,-2,2,-1,-5,-21
3989,3989,1503612460482,-8,-7,-1,-2,-1,1,4,31
3990,3990,1503612460491,-12,1,1,3,1,-1,-12,-17
4092,4092,1503612461486,-5,2,0,-3,-8,-1,2,4
4093,4093,1503612461496,-10,-11,-2,-1,0,0,0,7
4094,4094,1503612461502,-5,4,3,0,1,0,2,29
4095,4095,1503612461517,6,6,1,-1,2,-2,3,13
4096,4096,1503612461528,0,-3,-1,0,-1,-1,1,-3
4097,4097,1503612461532,4,2,2,0,1,-2,-29,3
4098,4098,1503612461546,-5,17,3,-1,-3,-2,-7,9
4099,4099,1503612461554,-2,10,-1,-1,-2,-1,5,-21
4100,4100,1503612461562,14,19,8,4,2,0,-1,24
4101,4101,1503612461584,-2,-6,-2,-3,0,2,4,20
4102,4102,1503612461585,2,-14,-6,-2,-2,-2,11,5
4103,4103,1503612461594,-9,-2,-1,-3,-10,-1,4,-4
4104,4104,1503612461606,-9,-10,-7,-3,2,2,-4,-17
4105,4105,1503612461614,-4,-1,-3,-3,-2,-1,3,4
4106,4106,1503612461622,4,-1,4,1,-1,-4,-5,-11
4107,4107,1503612461637,1,0,1,2,3,4,0,0
4108,4108,1503612461644,-10,-7,-5,-2,-1,-1,18,-7
4109,4109,1503612461652,-2,-8,0,1,0,-1,2,6
4110,4110,1503612461666,-1,-3,-2,-2,-2,0,-4,6
4111,4111,1503612461674,2,6,-1,-3,-1,0,-2,24
4112,4112,1503612461688,-8,-3,-1,-2,-1,0,2,-2
4113,4113,1503612461689,4,-5,3,0,-1,-2,-6,-13
4114,4114,1503612461698,2,11,1,-2,0,-1,3,1
4115,4115,1503612461704,-11,11,-1,-3,-1,0,-3,-6
4116,4116,1503612461719,-1,-5,-6,-1,-2,0,-1,-1
4117,4117,1503612461729,-1,-1,1,-2,-1,-1,-8,1
4118,4118,1503612461730,-1,-2,-4,-1,-1,-2,-13,-11
4119,4119,1503612461734,-6,1,1,-1,-1,-3,-2,-8
4120,4120,1503612461748,-2,-8,-4,-2,-1,2,5,3
4121,4121,1503612461757,1,6,-1,1,0,0,7,-1
4122,4122,1503612461764,-1,0,4,5,6,-1,-3,-12
4123,4123,1503612461765,6,5,2,1,0,-3,-4,13
4124,4124,1503612461779,-4,-3,0,-1,0,-2,1,-5
4125,4125,1503612461786,-1,-2,-1,-1,-3,-4,-6,-15
4126,4126,1503612461796,16,27,6,0,1,-1,-13,-5
4127,4127,1503612461809,10,-6,-1,0,-1,3,10,-11
4128,4128,1503612461817,-14,-18,-3,-1,-3,0,2,-10
4129,4129,1503612461824,-3,0,-3,1,1,0,-2,-23
4130,4130,1503612461839,-1,-8,-3,0,1,1,9,7
4131,4131,1503612461846,-4,-2,1,-1,1,-1,0,7
4132,4132,1503612461856,-1,-11,-5,-1,-2,-2,-4,-6
4133,4133,1503612461869,-4,-4,-2,-1,1,1,1,2
4134,4134,1503612461877,0,1,-1,-1,-1,0,-2,1
4135,4135,1503612461885,3,2,1,-1,0,-1,0,10
4136,4136,1503612461899,-4,-5,-3,-2,0,-2,-1,-17
4137,4137,1503612461906,2,13,2,-1,-1,1,-2,9
4138,4138,1503612461914,0,-4,-2,-3,-1,1,13,-2
4139,4139,1503612461929,-3,-3,1,-1,-1,-3,-5,-6
4140,4140,1503612461937,-3,-1,0,1,0,-2,-5,-1
4141,4141,1503612461944,0,4,2,0,-2,1,0,-1
4142,4142,1503612461959,6,4,0,1,0,-3,-3,7
4143,4143,1503612461966,-3,-11,-8,-2,-4,-2,-12,-6
4144,4144,1503612461974,-7,0,1,0,1,-1,-5,-5
4145,4145,1503612461989,6,7,3,1,4,0,4,-6
4146,4146,1503612461997,-4,-8,-9,-3,-4,-3,0,2
4147,4147,1503612461998,-13,-6,-3,-1,-2,-1,-5,-4
4148,4148,1503612462005,-10,1,-3,-3,-3,-3,-8,-6
4149,4149,1503612462019,-1,1,-1,-2,-1,1,5,10
4150,4150,1503612462027,-15,-19,-7,-2,-2,-1,0,5
4151,4151,1503612462035,-5,-11,-5,-3,0,1,-4,-6
4152,4152,1503612462048,1,-8,-3,0,0,0,1,1
4153,4153,1503612462057,-13,-1,-1,-2,-2,0,2,0
4154,4154,1503612462064,7,15,4,1,-2,-3,-3,3
4155,4155,1503612462079,8,2,-1,-2,-2,0,-4,0
4156,4156,1503612462087,-13,-10,-3,-1,0,-5,-8,-9
4157,4157,1503612462097,3,-11,-3,0,2,1,18,3
4158,4158,1503612462109,8,-3,-3,-2,-3,-1,-1,-4
4159,4159,1503612462117,1,19,11,2,2,-3,-4,14
4160,4160,1503612462124,5,-3,-4,-2,-3,1,-5,-8
4161,4161,1503612462139,5,-4,-1,2,-1,-4,-9,3
4162,4162,1503612462147,-2,-6,-4,-2,0,1,3,9
4163,4163,1503612462155,19,21,13,6,1,1,-3,-3
4164,4164,1503612462169,-4,-2,-1,0,0,-1,1,-10
4165,4165,1503612462177,-9,-21,-9,-1,0,-1,1,1
4166,4166,1503612462184,2,1,1,1,-2,1,5,5
4167,4167,1503612462199,-2,17,4,0,-2,-3,-9,-26
4168,4168,1503612462207,-6,5,1,-2,2,3,5,4
4169,4169,1503612462215,0,-1,0,-1,0,-1,0,1
4170,4170,1503612462232,4,-4,2,1,2,3,17,0
4171,4171,1503612462237,-24,-1,-2,-1,0,-1,-2,32
4172,4172,1503612462244,10,1,1,2,-1,-1,-11,-3
4173,4173,1503612462259,13,-6,-5,-2,-1,1,5,3
4174,4174,1503612462273,2,2,6,1,0,0,1,14
4175,4175,1503612462274,-6,2,-3,-5,-1,-2,0,8
4176,4176,1503612462275,0,2,-3,-1,-2,0,-7,-17
4177,4177,1503612462288,0,4,3,1,0,-2,0,11
4178,4178,1503612462298,3,0,-7,-5,-3,-3,-14,-8
4179,4179,1503612462305,-4,-6,-1,-1,-2,-3,0,3
4180,4180,1503612462319,1,-12,-4,-2,-2,-1,3,-50
4181,4181,1503612462327,1,7,4,1,-1,-2,0,3
4182,4182,1503612462336,8,11,6,-1,-1,-1,-10,-95
4183,4183,1503612462349,-8,-5,-6,-3,-1,3,1,-28
4184,4184,1503612462357,-5,-10,-6,-4,-1,0,2,12
4185,4185,1503612462372,1,0,-5,-2,0,-2,1,41
4186,4186,1503612462379,15,14,2,2,-1,-1,4,22
4187,4187,1503612462387,-6,16,4,2,1,-1,3,4
4188,4188,1503612462395,-14,-12,-10,-7,-2,0,4,50
4189,4189,1503612462409,1,-7,-2,-1,-5,-1,6,-11
4190,4190,1503612462417,-10,-12,-8,-5,-2,-4,-2,-12
4191,4191,1503612462433,-6,-3,1,1,0,0,-7,-19
4192,4192,1503612462439,-1,-9,-3,0,0,0,2,48
4193,4193,1503612462447,7,-7,-4,-1,-2,0,-5,-13
4194,4194,1503612462455,9,4,4,3,0,-2,-3,1
4195,4195,1503612462469,-4,-5,-8,-4,-4,-1,-1,-14
4196,4196,1503612462477,1,5,8,5,3,-1,3,19
4197,4197,1503612462484,1,-1,0,-2,0,1,3,10
4198,4198,1503612462501,-6,-12,-3,0,1,1,9,47
4199,4199,1503612462507,12,-4,0,2,1,-2,-11,-6
4200,4200,1503612462515,-4,-1,-5,-4,-1,2,-1,-15
4201,4201,1503612462528,-4,-4,0,-1,0,-1,2,17
4202,4202,1503612462537,-1,-10,-7,-4,-2,-2,-14,-21
4203,4203,1503612462544,0,-7,-4,0,-1,-1,6,11
4204,4204,1503612462560,1,-1,0,2,-1,-2,11,-7
4205,4205,1503612462567,3,4,1,-2,1,-3,-8,-11
4206,4206,1503612462576,0,3,2,-1,1,3,-5,-7
4207,4207,1503612462588,-2,5,-2,-1,-1,2,2,16
4208,4208,1503612462597,4,3,-1,0,0,-4,-9,-20
4209,4209,1503612462604,-5,1,2,-1,-1,0,2,-1
4210,4210,1503612462619,-5,2,0,-1,-2,1,1,-1
4211,4211,1503612462627,-4,1,1,1,0,-5,-7,-32
4212,4212,1503612462642,-14,4,4,0,-1,-2,-4,-6
4213,4213,1503612462648,3,17,4,0,1,1,14,8
4214,4214,1503612462657,6,5,4,-1,1,0,0,-32
4215,4215,1503612462671,2,-4,-5,-4,-2,0,-2,31
4216,4216,1503612462679,-2,9,0,2,-2,0,-4,-8
4217,4217,1503612462687,-13,-8,-1,-1,-1,-3,-3,-11
4218,4218,1503612462702,7,-12,0,2,0,-3,-3,19
4219,4219,1503612462710,-4,-2,1,2,0,-2,-6,-26
4220,4220,1503612462717,0,-5,-6,-4,-1,5,7,6
4221,4221,1503612462732,6,1,4,4,1,-3,-11,-6
4222,4222,1503612462740,17,19,3,0,-1,-1,0,1
4223,4223,1503612462747,0,-9,-5,-2,-2,-1,-3,-2
4224,4224,1503612462770,-3,7,5,1,2,0,4,19
4225,4225,1503612462771,-1,10,2,0,-2,0,-3,-10
4226,4226,1503612462777,-5,-4,-4,-2,0,-1,15,-1
4227,4227,1503612462791,-3,-4,-3,-2,-1,-1,4,10
4228,4228,1503612462799,-5,4,3,1,1,-4,-11,-10
4229,4229,1503612462807,-8,-11,-4,-2,0,-1,-2,7
4230,4230,1503612462822,-3,-8,-5,-2,-3,-4,2,9
4231,4231,1503612462828,-1,1,0,1,-2,-1,2,-1
4232,4232,1503612462837,-5,-5,-3,-2,-2,-3,-9,16
4233,4233,1503612462851,-3,-4,-2,-1,-1,-2,-3,-5
4234,4234,1503612462859,0,0,-2,-1,-1,-1,-10,-4
4235,4235,1503612462870,5,3,2,1,0,-2,-9,-16
4236,4236,1503612462882,-1,0,-3,-2,-1,0,1,8
4237,4237,1503612462888,9,2,1,2,0,0,-3,-7
4238,4238,1503612462897,6,22,5,2,-1,-1,0,11
4239,4239,1503612462911,-1,-4,-2,-3,0,0,2,0
4240,4240,1503612462919,0,-1,-1,-1,0,1,-1,-12
4241,4241,1503612462927,5,16,2,0,-2,1,6,0
4242,4242,1503612462942,-1,-1,1,2,0,0,1,-13
4243,4243,1503612462948,-16,6,1,1,-2,-2,1,-15
4244,4244,1503612462957,12,-10,-2,-3,0,-2,4,-13
4245,4245,1503612462973,10,-5,-3,-4,0,0,4,2
4246,4246,1503612462979,8,-7,-5,-4,0,1,1,-2
4247,4247,1503612462986,-1,-1,1,-1,0,-1,-3,6
4248,4248,1503612463004,-13,-3,1,-1,1,1,-7,10
4249,4249,1503612463009,-9,-9,-2,-2,-3,-2,-9,-5
4250,4250,1503612463017,-13,1,3,1,-1,-1,-3,0
4251,4251,1503612463031,14,-3,-2,0,0,0,0,10
4252,4252,1503612463040,-3,-3,-5,-2,0,-2,1,0
4253,4253,1503612463047,10,-5,-7,-3,-1,-1,3,9
4254,4254,1503612463062,-23,-5,-2,0,-1,0,-1,-2
4255,4255,1503612463071,-15,0,0,-1,-1,1,1,-1
4256,4256,1503612463077,-7,-1,-2,0,-2,0,0,0
4257,4257,1503612463091,-10,3,2,1,0,0,2,5
4258,4258,1503612463099,2,-7,0,-1,-1,-1,3,6
4259,4259,1503612463109,18,-3,-4,-3,-1,-1,-1,8
4260,4260,1503612463122,29,16,1,-1,-1,-2,-2,0
4261,4261,1503612463128,-14,1,-1,-1,-1,-1,-2,-12
4262,4262,1503612463138,-1,-8,-2,-1,-1,-1,-5,-17
4263,4263,1503612463151,6,-2,0,1,1,-1,0,-1
4264,4264,1503612463159,1,1,1,0,0,1,2,2
4265,4265,1503612463166,2,-6,-3,-1,-2,-2,0,1
4266,4266,1503612463167,-8,2,0,-2,0,-1,-2,9
4267,4267,1503612463182,-2,11,2,-2,0,0,-1,0
4268,4268,1503612463188,25,-16,-7,-4,-2,-3,-2,12
4269,4269,1503612463196,-14,-18,-3,1,1,-2,0,2
4270,4270,1503612463211,-4,-5,-1,-2,0,3,3,-2
4271,4271,1503612463219,18,7,-1,-2,-3,0,-1,3
4272,4272,1503612463235,0,-3,-3,2,0,-1,-2,-9
4273,4273,1503612463245,0,0,-1,-3,-3,0,-1,-3
4274,4274,1503612463250,-16,5,4,0,-1,-1,0,-6
4275,4275,1503612463257,-9,-3,-1,0,0,-3,-1,-5
4276,4276,1503612463273,-5,0,0,0,-1,-3,-1,3
4277,4277,1503612463280,-16,-11,-2,-1,-1,-1,-1,3
4278,4278,1503612463295,23,14,1,1,0,0,0,3
4279,4279,1503612463302,1,-1,-2,-1,0,0,-1,-3
4280,4280,1503612463310,6,-6,-3,-2,-2,-2,-1,-4
4281,4281,1503612463317,4,4,-2,0,0,0,0,2
4282,4282,1503612463332,-27,-1,-4,-2,-1,1,0,-4
4283,4283,1503612463339,-6,-4,2,-2,-2,1,4,-1
4284,4284,1503612463355,-20,1,-1,-1,-4,-2,-6,-6
4285,4285,1503612463362,14,-5,-2,0,-3,0,-1,-5
4286,4286,1503612463370,-25,-4,2,0,0,-3,-2,-2
4287,4287,1503612463378,0,5,0,1,-1,-4,-4,-5
4288,4288,1503612463392,6,1,-1,-2,-2,1,-2,5
4289,4289,1503612463399,8,-6,-6,-2,1,0,-2,1
4290,4290,1503612463415,37,11,5,0,1,0,1,1
4291,4291,1503612463422,-18,4,1,-2,0,-2,1,2
4292,4292,1503612463430,0,-7,-3,-1,1,0,1,-6
4293,4293,1503612463437,4,0,3,0,-2,0,0,-1
4294,4294,1503612463452,-4,0,2,-1,0,-2,0,-14
4295,4295,1503612463459,-8,0,-2,-2,-3,0,-2,-11
4296,4296,1503612463475,2,3,1,0,-1,1,0,8
4297,4297,1503612463482,-4,-14,-6,-2,0,-2,-2,-27
4298,4298,1503612463490,2,7,-1,0,-1,0,0,-4
4299,4299,1503612463497,0,0,1,2,1,-3,-3,20
4300,4300,1503612463516,-3,1,1,0,-1,1,0,12
4301,4301,1503612463519,-1,-9,-8,-4,-1,-1,1,13
4302,4302,1503612463535,-4,-7,-2,-2,0,-2,-2,3
4303,4303,1503612463543,2,-1,2,0,-3,1,-1,-1
4304,4304,1503612463557,-9,-3,-1,-1,-3,-2,0,-2
4305,4305,1503612463558,21,4,2,1,-2,0,-2,0
4306,4306,1503612463580,-4,-1,0,-4,-2,0,1,1
4307,4307,1503612463595,2,-5,2,-1,0,0,-3,-7
4308,4308,1503612463602,-2,-1,-4,-1,0,-1,-3,-5
4309,4309,1503612463612,0,7,1,-1,-2,-2,0,1
4310,4310,1503612463624,-11,0,-1,-1,1,1,0,-1
4311,4311,1503612463632,1,-3,-2,0,-1,0,-2,-1
4312,4312,1503612463642,2,2,-1,-1,0,1,-2,-1
4313,4313,1503612463655,4,-2,-5,-2,0,0,2,0
4314,4314,1503612463662,3,0,-1,1,-1,-3,0,-1
4315,4315,1503612463670,-10,-1,0,-2,-1,0,-1,-1
4316,4316,1503612463684,-11,1,0,-1,-1,0,1,1
4317,4317,1503612463692,-2,-2,-3,0,-2,-1,0,1
4318,4318,1503612463699,8,-16,-7,-2,-1,0,-3,-1
4319,4319,1503612463716,5,8,-2,-3,-3,-1,-2,-4
4320,4320,1503612463722,-3,-7,-3,1,-2,-2,-1,2
4321,4321,1503612463730,3,-2,-2,0,0,-2,-1,1
4322,4322,1503612463745,1,6,0,-2,-1,-2,0,-1
4323,4323,1503612463752,-2,-1,0,1,1,-4,0,-3
4324,4324,1503612463759,1,2,-1,-4,0,0,0,1
4325,4325,1503612463775,-12,-8,-3,-1,0,1,-1,-1
4326,4326,1503612463782,-4,-1,-1,-3,-1,0,0,0
4327,4327,1503612463790,0,-1,1,-1,-1,0,1,-2
4328,4328,1503612463804,-9,11,4,3,0,2,1,-2
4329,4329,1503612463813,6,13,6,2,0,0,0,3
4330,4330,1503612463819,-15,-3,-4,-2,0,-1,0,-4
4331,4331,1503612463821,11,8,4,0,-1,1,-1,0
4332,4332,1503612463835,1,-10,-3,-2,-1,-2,-1,-1
4333,4333,1503612463842,-1,0,-1,0,0,0,-2,0
4334,4334,1503612463850,3,-2,-2,-1,0,-2,0,-1
4335,4335,1503612463871,0,7,1,0,-1,-3,0,-2
4336,4336,1503612463873,-10,-8,-3,-1,-1,1,-1,-2
4337,4337,1503612463879,-10,-14,-4,0,-1,-1,-1,-3
4338,4338,1503612463895,-3,5,0,-2,0,2,-1,-3
4339,4339,1503612463902,2,19,7,1,-1,0,-2,-6
4340,4340,1503612463913,8,-6,-5,-2,-2,-3,1,4
4341,4341,1503612463924,24,1,-1,0,1,-2,2,2
4342,4342,1503612463932,2,0,1,0,-2,0,0,10
4343,4343,1503612463939,-5,-11,-5,-2,0,0,-2,1
4344,4344,1503612463955,-2,-8,-3,-1,0,-3,-2,-1
4345,4345,1503612463961,4,1,0,-2,-2,-3,-4,-2
4346,4346,1503612463962,-6,-4,-3,-1,0,0,2,0
4347,4347,1503612463978,-15,2,2,1,0,1,-4,-6
4348,4348,1503612463985,0,-2,-1,-2,-1,0,-1,0
4349,4349,1503612463992,5,0,-3,-2,-1,-2,3,3
4350,4350,1503612463999,2,3,1,-1,-2,-2,-1,-1
4351,4351,1503612464015,0,-4,0,-2,-1,-2,-4,-5
4352,4352,1503612464022,-4,-1,-3,-2,-1,1,-2,1
4353,4353,1503612464030,4,7,1,0,0,-3,-4,-5
4354,4354,1503612464045,-4,-1,-1,1,-1,-2,0,0
4355,4355,1503612464052,-3,-5,-3,-2,0,-1,-1,-4
4356,4356,1503612464060,-6,-3,-1,-1,-1,-4,-4,-2
4357,4357,1503612464079,4,-4,-4,-1,-2,-2,0,1
4358,4358,1503612464080,-1,2,1,1,-1,-1,3,-3
4359,4359,1503612464082,16,-4,-2,-3,0,-2,1,1
4360,4360,1503612464090,-4,-7,3,0,1,0,-4,-7
4361,4361,1503612464104,-5,-5,-3,-2,-2,-2,0,-2
4362,4362,1503612464113,3,9,1,-1,0,2,2,2
4363,4363,1503612464119,-11,-5,-1,-2,-2,-2,-4,-3
4364,4364,1503612464135,2,26,11,6,-1,0,4,9
4365,4365,1503612464142,0,10,3,2,1,-3,-3,-6
4366,4366,1503612464150,0,-5,-4,-4,-3,-2,-2,-2
4367,4367,1503612464164,-6,-2,-1,0,-2,0,1,-1
4368,4368,1503612464172,2,-8,-5,-2,0,-3,-2,-1
4369,4369,1503612464181,18,-14,-8,-1,-2,-3,-4,0
4370,4370,1503612464195,-1,-5,-4,-1,-1,0,1,2
4371,4371,1503612464202,-8,-5,-1,-2,1,0,1,1
4372,4372,1503612464214,2,-2,-1,-2,-1,-1,-3,-2
4373,4373,1503612464224,-2,3,1,1,-2,1,1,2
4374,4374,1503612464232,-3,-5,-2,-2,0,0,-1,-1
4375,4375,1503612464239,5,5,2,1,0,-1,1,2
4376,4376,1503612464255,-1,-10,-6,-1,-1,-2,0,1
4377,4377,1503612464262,-5,1,0,2,-1,2,-1,1
4378,4378,1503612464270,-7,-4,-3,-3,-2,-1,-4,-3
4379,4379,1503612464285,-8,-4,-1,-2,-1,0,0,2
4380,4380,1503612464292,7,11,4,1,-1,1,-2,2
4381,4381,1503612464299,-4,-2,-1,-2,-1,0,-2,1
4382,4382,1503612464319,-11,-12,-8,-2,0,-2,2,2
4383,4383,1503612464322,-6,-3,0,-2,0,-1,3,1
4384,4384,1503612464330,-5,-4,-1,-1,-1,0,-2,-4
4385,4385,1503612464346,0,-1,-3,-1,-3,-1,-1,-3
4386,4386,1503612464353,6,2,-1,1,-2,-1,-1,-3
4387,4387,1503612464359,-9,0,-1,-3,-3,-1,-3,-7
4388,4388,1503612464375,0,-4,-3,-1,-1,0,1,3
4389,4389,1503612464383,-5,1,-1,0,0,-3,-5,-4
4390,4390,1503612464390,-7,2,2,0,0,-1,-1,-4
4391,4391,1503612464404,3,9,1,-3,-1,-2,1,1
4392,4392,1503612464416,-4,-3,0,0,0,-3,-4,-4
4393,4393,1503612464419,5,-6,-1,-2,0,-1,-1,-3
4394,4394,1503612464435,4,-2,-3,0,-3,1,-2,2
4395,4395,1503612464442,5,-4,-2,0,1,0,-2,1
4396,4396,1503612464450,0,-2,-2,-1,1,1,-1,-2
4397,4397,1503612464464,0,-1,-1,0,-1,0,2,2
4398,4398,1503612464472,-16,0,1,-1,-1,0,-2,-1
4399,4399,1503612464481,-5,0,2,0,0,0,1,-2
4400,4400,1503612464495,2,0,-2,-1,0,0,2,1
4401,4401,1503612464502,-3,4,3,-1,0,-1,-3,0
4402,4402,1503612464517,12,1,0,1,0,0,0,-1
4403,4403,1503612464524,0,1,-4,-1,0,0,1,0
4404,4404,1503612464532,10,-2,2,1,-1,-1,1,3
4405,4405,1503612464548,2,-2,-2,0,-2,0,-1,0
4406,4406,1503612464556,14,4,-1,-2,-2,-4,-2,2
4407,4407,1503612464562,-5,3,1,1,0,-1,-2,-9
4408,4408,1503612464577,-2,-2,-2,0,0,-1,-1,-2
4409,4409,1503612464585,-1,3,1,0,-1,-1,0,0
4410,4410,1503612464586,1,-6,-2,0,-1,-1,-2,0
4411,4411,1503612464593,-19,-8,-7,-2,-1,-2,0,-6
4412,4412,1503612464607,-9,-8,-3,-2,-1,-1,0,2
4413,4413,1503612464616,-7,-2,-2,-1,1,2,-1,0
4414,4414,1503612464622,3,-2,0,0,-1,0,0,-2
4415,4415,1503612464637,-5,4,1,-1,-1,-1,-3,-4
4416,4416,1503612464645,17,4,-1,-2,-3,-1,0,2
4417,4417,1503612464652,2,-4,1,-1,-1,0,0,0
4418,4418,1503612464667,2,-1,1,-1,-1,-2,0,3
4419,4419,1503612464674,1,0,-2,0,0,0,0,-2
4420,4420,1503612464675,5,2,-1,-2,-1,-3,-3,-4
4421,4421,1503612464682,3,0,-2,0,0,-1,0,2
4422,4422,1503612464696,0,1,-1,-3,0,-2,0,-1
4423,4423,1503612464704,-3,-3,-2,-1,-1,0,-1,-3
4424,4424,1503612464712,-5,17,8,1,-3,0,-5,-6
4425,4425,1503612464727,10,5,-1,-1,1,-1,2,4
4426,4426,1503612464735,-3,-7,-3,-1,-1,0,1,1
4427,4427,1503612464742,-3,2,0,-1,-1,-1,0,-2
4428,4428,1503612464757,4,-1,-1,0,-1,-1,0,1
4429,4429,1503612464764,-9,0,3,3,0,0,0,-6
4430,4430,1503612464772,10,-5,-4,-2,-2,1,-1,-2
4431,4431,1503612464787,-2,-3,-3,-1,-2,0,-1,-1
4432,4432,1503612464795,-7,-1,1,-1,1,-2,1,0
4433,4433,1503612464802,-1,-4,-3,-1,0,-1,-1,-3
4434,4434,1503612464817,17,-6,-5,-1,-1,1,1,9
4435,4435,1503612464831,-17,1,0,-1,-1,-2,-3,-4
4436,4436,1503612464833,-13,-5,-2,-2,-1,0,-1,2
4437,4437,1503612464847,-5,3,0,0,-1,1,2,2
4438,4438,1503612464855,-5,2,0,0,0,-2,-1,-4
4439,4439,1503612464862,0,0,-2,-3,-2,-1,0,2
4440,4440,1503612464876,1,-1,0,-2,-1,0,1,-3
4441,4441,1503612464884,14,-2,0,0,0,-1,-3,-3
4442,4442,1503612464893,-6,-1,0,0,-3,0,-2,-4
4443,4443,1503612464907,-5,-3,-2,1,0,-2,0,-10
4444,4444,1503612464918,15,1,1,1,0,0,-1,3
4445,4445,1503612464922,3,-4,-5,-2,-1,0,-1,0
4446,4446,1503612464937,-4,2,1,0,0,-2,-1,-4
4447,4447,1503612464944,3,-1,-1,0,0,-2,-1,0
4448,4448,1503612464954,14,0,-2,-2,-1,-1,-2,4
4449,4449,1503612464967,-3,-1,-1,-1,-2,-2,0,6
4450,4450,1503612464975,-3,0,0,0,-1,-1,-1,-3
4451,4451,1503612464984,0,-1,-2,-1,-2,1,-1,-2
4452,4452,1503612464997,-10,10,1,0,0,0,1,2
4453,4453,1503612465005,-1,0,0,-2,0,-2,0,0
4454,4454,1503612465012,5,3,-1,0,-1,-3,-2,-4
4455,4455,1503612465013,-6,-6,-1,0,0,2,-1,-6
4456,4456,1503612465027,1,0,1,0,0,1,-1,0
4457,4457,1503612465035,6,-3,-2,0,0,-2,-3,-5
4458,4458,1503612465042,-6,1,1,-1,0,1,-1,7
4459,4459,1503612465057,-4,1,0,0,-2,-1,-1,1
4460,4460,1503612465064,1,0,-1,0,0,-2,-2,-4
4461,4461,1503612465072,-1,-1,-2,-2,0,-2,0,-6
4462,4462,1503612465087,-3,2,1,-1,-1,-1,0,-4
4463,4463,1503612465095,-13,-7,2,1,-1,0,-1,-1
4464,4464,1503612465102,-8,-1,0,-2,0,0,-3,-5
4465,4465,1503612465117,-12,-1,-3,-3,-1,-1,-2,-5
4466,4466,1503612465124,3,2,-1,-1,-1,-1,-1,-1
4467,4467,1503612465132,2,3,0,0,0,1,-2,4
4468,4468,1503612465147,0,-1,-3,-1,-1,-2,-2,0
4469,4469,1503612465156,7,2,-2,0,0,0,0,2
4470,4470,1503612465161,-5,-1,-2,0,-2,-3,-1,-3
4471,4471,1503612465162,2,-5,-1,-1,-2,-1,-1,-1
4472,4472,1503612465177,-16,0,1,-2,0,-1,-2,0
4473,4473,1503612465185,-9,-3,-2,-1,-1,-1,-2,0
4474,4474,1503612465193,-4,0,-1,-2,-1,-2,1,0
4475,4475,1503612465207,-31,-3,0,-2,-1,0,-2,-3
4476,4476,1503612465215,9,1,1,-1,0,0,3,4
4477,4477,1503612465222,7,4,1,-2,1,0,1,-1
4478,4478,1503612465237,4,-2,-3,-2,-2,0,4,19
4479,4479,1503612465244,3,-1,-3,-1,0,0,1,5
4480,4480,1503612465253,-10,-3,-1,0,1,0,-4,-9
4481,4481,1503612465267,1,-4,-1,0,-1,-1,0,2
4482,4482,1503612465275,2,2,-3,-2,-3,0,-1,-2
4483,4483,1503612465282,6,-2,-1,1,0,0,-2,-7
4484,4484,1503612465297,-4,-2,-2,2,-1,-2,-2,-6
4485,4485,1503612465304,4,0,0,-1,-2,-2,-4,-1
4486,4486,1503612465312,1,8,3,0,-1,-1,1,-3
4487,4487,1503612465334,2,-1,-2,0,-1,-4,-3,-5
4488,4488,1503612465335,15,-6,-4,-3,1,0,0,5
4489,4489,1503612465342,5,1,0,-2,-1,-1,-2,2
4490,4490,1503612465357,1,-2,-2,1,-3,-2,0,-2
4491,4491,1503612465364,3,10,2,0,-1,1,0,-2
4492,4492,1503612465372,-2,-4,-1,-3,-1,-3,-2,-9
4493,4493,1503612465387,13,0,-4,-2,-1,-2,-1,-2
4494,4494,1503612465395,-7,-12,-3,0,-1,-1,-1,2
4495,4495,1503612465396,3,9,2,1,-1,0,0,-1
4496,4496,1503612465402,-7,-5,-2,-2,-2,-1,0,0
4497,4497,1503612465417,0,-3,-1,-2,0,-2,-2,-5
4498,4498,1503612465425,-3,-3,-1,1,-1,-2,-2,-6
4499,4499,1503612465432,8,-3,-4,0,-2,1,-2,2
4500,4500,1503612465447,-4,1,3,1,0,1,4,12
4501,4501,1503612465455,-6,-2,0,0,0,0,4,0
4502,4502,1503612465469,-8,-4,-2,0,0,0,-3,-43
4503,4503,1503612465477,-4,-8,-3,-3,-2,-3,-4,-1
4504,4504,1503612465484,0,1,0,0,-1,-2,0,10
4505,4505,1503612465499,2,1,0,-1,-2,-2,-1,-5
4506,4506,1503612465507,-1,-3,-5,-2,-2,0,-1,4
4507,4507,1503612465515,-1,-25,-8,-3,-1,-2,-1,4
4508,4508,1503612465530,8,-5,3,0,1,1,2,7
4509,4509,1503612465537,-1,0,-1,0,0,-1,-1,14
4510,4510,1503612465544,0,2,-3,-1,-4,0,9,-4
4511,4511,1503612465559,1,4,1,-1,-2,-1,3,-4
4512,4512,1503612465567,18,3,0,1,-1,-2,0,9
4513,4513,1503612465575,-3,2,0,0,0,0,-1,-3
4765,4765,1503612468064,-15,1,3,0,-1,0,-5,4
4766,4766,1503612468072,-2,-6,-5,-1,1,-1,1,-7
4767,4767,1503612468079,-4,-9,-4,-3,-3,-1,-3,-3
4768,4768,1503612468093,-6,-5,1,0,-2,-3,-1,-7
4769,4769,1503612468102,7,1,-1,0,-1,-2,1,11
4770,4770,1503612468109,-4,0,0,-1,0,0,5,-8
4771,4771,1503612468124,8,8,2,1,0,-1,12,1
4772,4772,1503612468131,-2,-6,-4,-1,-1,-2,-5,-11
4773,4773,1503612468139,0,-7,-3,-2,0,-1,-9,42
4774,4774,1503612468153,-1,0,-3,-2,-2,-3,3,6
4775,4775,1503612468161,0,-8,-3,0,2,-1,-4,2
4776,4776,1503612468169,2,8,2,0,0,-1,-3,-2
4777,4777,1503612468184,-9,-8,-5,-3,-3,-3,-7,-9
4778,4778,1503612468191,-4,-11,-1,0,-2,-3,-7,-2
4779,4779,1503612468200,-8,2,-1,0,0,2,12,-15
4780,4780,1503612468215,-1,7,0,-2,-2,-2,-4,-6
4781,4781,1503612468221,8,-1,0,1,1,-2,-8,-21
4782,4782,1503612468229,-8,-2,-1,-1,0,2,0,-57
4783,4783,1503612468244,-14,-7,-6,-4,-2,-4,-12,-19
4784,4784,1503612468251,0,-4,0,0,1,0,-5,17
4785,4785,1503612468267,6,-8,-1,-1,0,-1,0,6
4786,4786,1503612468274,2,3,0,0,0,0,14,8
4787,4787,1503612468282,-6,-4,2,2,2,3,6,9
4788,4788,1503612468296,7,1,-1,1,0,-2,-4,9
4789,4789,1503612468304,3,7,1,-1,-4,-3,-5,-8
4790,4790,1503612468311,3,-9,-4,-1,-1,1,-10,2
4791,4791,1503612468326,1,4,0,-1,0,0,0,-9
4792,4792,1503612468334,-7,0,-1,-3,-1,-3,-3,13
4793,4793,1503612468342,1,9,5,2,0,1,13,7
4794,4794,1503612468356,3,-1,-4,-3,0,1,-3,-1
4795,4795,1503612468364,3,3,-1,-3,-3,-3,-7,3
4796,4796,1503612468371,-2,1,2,0,-3,-4,-6,1
4797,4797,1503612468386,4,0,-3,-2,-2,-2,0,4
4798,4798,1503612468393,4,2,0,-1,-2,-3,-3,35
4799,4799,1503612468401,3,5,-1,0,-2,-1,2,6
4800,4800,1503612468416,5,9,3,0,-1,0,-3,0
4801,4801,1503612468424,-6,-9,-4,-2,-2,1,4,0
4802,4802,1503612468431,12,-5,-3,-1,-1,-1,-4,-16
4803,4803,1503612468446,5,8,4,0,2,1,-5,-8
4804,4804,1503612468453,-7,-6,-4,-2,-2,-3,4,-1
4805,4805,1503612468461,2,-2,1,-1,-2,0,3,8
4806,4806,1503612468479,1,-2,-2,0,0,-1,-3,-4
4807,4807,1503612468484,-1,-2,-3,-1,-2,-3,-8,-1
4808,4808,1503612468492,-6,5,2,1,3,1,-16,-17
4809,4809,1503612468508,-5,-4,-1,0,0,-2,-1,-1
4810,4810,1503612468514,1,19,9,2,0,-1,0,6
4811,4811,1503612468521,1,-3,-2,-2,-2,-2,-4,6
4812,4812,1503612468537,-6,-4,-2,-1,2,4,6,-4
4813,4813,1503612468544,9,13,4,0,0,-2,-7,-2
4814,4814,1503612468552,-1,-11,-6,0,0,2,9,0
4815,4815,1503612468566,-2,7,-3,-3,1,2,17,2
4816,4816,1503612468577,0,12,2,-3,-3,-3,1,1
4817,4817,1503612468581,-3,-6,-4,-2,-3,-3,-8,0
4818,4818,1503612468597,1,-3,-2,-2,-2,-2,5,-1
4819,4819,1503612468604,-5,-9,-4,-1,-2,0,3,-3
4820,4820,1503612468619,3,4,1,0,-2,1,0,2
4821,4821,1503612468626,0,22,8,1,2,1,-2,-11
4822,4822,1503612468635,3,-6,-1,-1,-2,-4,-2,-1
4823,4823,1503612468643,-5,-13,-4,-1,-2,-1,-2,3
4824,4824,1503612468657,-1,-10,-5,0,0,0,4,-3
4825,4825,1503612468664,4,14,3,2,0,2,-4,-2
4826,4826,1503612468679,-12,0,-2,-3,-1,0,10,-7
4827,4827,1503612468686,4,-21,-8,-1,-3,-2,-2,4
4828,4828,1503612468702,-2,-9,-1,0,2,2,-2,-4
4829,4829,1503612468703,-4,-9,-6,-4,-1,-1,-2,-3
4830,4830,1503612468718,2,10,4,0,-1,-1,0,-1
4831,4831,1503612468724,3,9,5,1,-1,-1,-3,0
4832,4832,1503612468739,-1,-4,-3,-1,-2,-1,-6,4
4833,4833,1503612468746,-3,12,-1,0,1,0,-1,5
4834,4834,1503612468754,5,-13,-5,-2,-2,-3,-25,-3
4835,4835,1503612468761,2,-7,-2,-2,0,-3,-4,-1
4836,4836,1503612468779,-1,4,1,1,2,-3,-2,1
4837,4837,1503612468785,-1,13,6,4,2,0,1,0
4838,4838,1503612468799,4,8,3,1,-1,-1,4,3
4839,4839,1503612468806,-3,-3,-2,0,-1,1,9,6
4840,4840,1503612468821,-13,8,0,-2,0,-1,1,3
4841,4841,1503612468822,5,0,-1,-2,-2,0,-6,-2
4842,4842,1503612468837,5,-2,-6,-4,-3,-2,0,3
4843,4843,1503612468845,-4,8,1,1,-1,-1,11,-8
4844,4844,1503612468859,10,-26,-7,-2,-1,1,10,4
4845,4845,1503612468867,-17,-28,-7,-4,1,-4,-18,11
4846,4846,1503612468875,-1,-2,3,3,1,2,11,-6
4847,4847,1503612468882,4,4,4,0,-1,-2,-1,6
4848,4848,1503612468897,-2,-8,-2,3,-1,-3,-7,-1
4849,4849,1503612468904,-4,-16,-8,-3,-1,1,3,3
4850,4850,1503612468920,1,-5,-3,-1,-2,-2,-1,-3
4851,4851,1503612468926,-6,3,4,1,0,-2,-19,-9
4852,4852,1503612468934,-11,4,-6,-4,-3,-3,-10,0
4853,4853,1503612468941,-1,12,5,-1,1,-2,1,3
4854,4854,1503612468957,-2,-6,0,-2,1,2,5,4
4855,4855,1503612468964,7,5,-3,-2,-3,-2,4,-8
4856,4856,1503612468979,-10,-13,-6,-3,-1,1,2,-5
4857,4857,1503612468987,2,-6,0,1,0,0,2,-4
4858,4858,1503612468994,-6,4,2,1,-3,-2,-1,-22
4859,4859,1503612469002,6,12,2,0,1,1,1,10
4860,4860,1503612469018,4,19,3,3,1,1,2,10
4861,4861,1503612469024,-3,15,2,0,-1,-2,-4,-12
4862,4862,1503612469039,-12,-1,10,4,2,3,19,7
4863,4863,1503612469047,-14,-31,-8,-2,-1,-1,3,4
4864,4864,1503612469054,0,5,-4,-4,-1,-2,-5,-5
4865,4865,1503612469061,12,2,-2,-2,-4,-4,-2,-3
4866,4866,1503612469079,-3,-6,-6,-4,-1,-4,-9,-23
4867,4867,1503612469085,5,1,-5,-3,0,0,-8,1
4868,4868,1503612469099,-1,2,-3,-3,-2,0,-3,1
4869,4869,1503612469106,-13,-12,-2,-1,0,-2,-6,-28
4870,4870,1503612469118,-4,12,4,-1,0,0,-5,-4
4871,4871,1503612469122,11,-13,-13,-5,-2,-1,7,19
4872,4872,1503612469137,23,5,-1,-3,-3,-1,0,21
4873,4873,1503612469146,-1,-6,2,-1,0,1,1,3
4874,4874,1503612469160,5,4,-1,-1,-1,1,2,-13
4875,4875,1503612469167,-1,2,-3,-1,-3,1,0,5
4876,4876,1503612469175,-1,-9,2,4,1,-1,-2,9
4877,4877,1503612469189,-14,3,5,2,1,0,17,-19
4878,4878,1503612469197,2,16,8,1,-1,-2,-3,19
4879,4879,1503612469204,-1,4,2,0,-1,-2,-9,5
4880,4880,1503612469220,-4,0,2,-3,-2,-3,2,-6
4881,4881,1503612469227,-1,-11,-10,-2,-2,-1,-8,4
4882,4882,1503612469235,2,-10,-6,-3,-1,-1,-1,8
4883,4883,1503612469249,-2,-5,-1,-2,-1,-1,-2,-13
4884,4884,1503612469257,4,-8,-2,-1,0,2,8,-19
4885,4885,1503612469264,0,1,-1,-2,0,0,4,1
4886,4886,1503612469281,3,2,2,3,0,0,16,36
4887,4887,1503612469287,-9,7,2,1,1,2,-9,-2
4888,4888,1503612469294,-8,-7,-3,-2,-3,-3,-15,-4
4889,4889,1503612469309,7,2,-3,-4,-3,0,11,26
4890,4890,1503612469321,1,-3,-3,0,-2,-5,-1,8
4891,4891,1503612469324,-5,3,4,2,1,3,-4,-10
4892,4892,1503612469339,-1,-7,-1,0,2,5,11,2
4893,4893,1503612469340,-8,-7,-5,-2,-1,1,-7,-29
4894,4894,1503612469347,13,4,7,5,0,-6,-7,-6
4895,4895,1503612469357,-2,2,-2,-2,-2,-1,-6,-28
4896,4896,1503612469369,1,-1,-5,-3,-3,-3,-12,-11
4897,4897,1503612469377,1,1,0,2,1,3,9,42
4898,4898,1503612469384,-6,-1,-8,-5,-3,0,-1,1
4899,4899,1503612469399,15,11,5,4,2,-4,-8,-4
4900,4900,1503612469406,13,7,-1,-2,-2,0,5,7
4901,4901,1503612469415,0,9,1,-2,-2,-3,-6,-12
4902,4902,1503612469429,-6,-13,-2,-1,0,-2,6,8
4903,4903,1503612469437,-1,3,2,0,1,-3,-11,-6
4904,4904,1503612469444,-4,-2,4,3,0,1,18,2
4905,4905,1503612469459,-1,-12,-2,2,0,3,2,-7
4906,4906,1503612469466,1,6,4,0,0,-2,-12,-13
4907,4907,1503612469474,-3,-3,2,6,0,-3,4,5
4908,4908,1503612469489,2,-4,-2,-3,0,2,1,-12
4909,4909,1503612469497,-5,-2,-5,-6,-3,-1,1,-1
4910,4910,1503612469504,-6,-8,-1,0,-1,-2,-1,-5
4911,4911,1503612469520,-3,36,10,1,-1,-2,-7,-13
4912,4912,1503612469526,-1,-2,-2,1,0,-1,-4,3
4913,4913,1503612469534,-2,-5,-6,-3,-1,-3,2,1
4914,4914,1503612469549,-1,6,4,4,0,0,0,24
4915,4915,1503612469557,-1,-8,-4,-4,-2,-2,-16,-14
4916,4916,1503612469564,-1,-10,-7,-5,-1,1,4,0
4917,4917,1503612469579,-5,-10,-1,0,0,0,6,1
4918,4918,1503612469587,-6,-5,-5,-2,-2,-1,-4,-5
4919,4919,1503612469594,7,14,2,0,0,2,4,14
4920,4920,1503612469618,4,-4,0,1,0,0,-1,-2
4921,4921,1503612469620,2,-13,-4,-1,-2,1,4,1
4922,4922,1503612469626,-6,-22,-11,-8,-4,-1,1,-2
4923,4923,1503612469640,-17,-23,-3,-2,-1,-1,1,1
4924,4924,1503612469646,2,-8,-3,-4,-1,-3,0,-5
4925,4925,1503612469655,-11,-6,-5,-4,-1,2,-8,8
4926,4926,1503612469669,3,11,1,-1,1,1,1,-5
4927,4927,1503612469677,-1,-7,0,-3,-2,-2,-1,-10
4928,4928,1503612469684,0,5,2,1,-1,-1,-2,17
4929,4929,1503612469700,-1,-3,-1,0,-1,-1,2,-3
4930,4930,1503612469706,-4,6,1,2,0,-1,-2,-13
4931,4931,1503612469719,1,-6,-4,-2,-4,-3,7,-20
4932,4932,1503612469729,-5,10,6,3,1,-2,3,-2
4933,4933,1503612469737,2,2,0,0,0,0,3,4
4934,4934,1503612469744,3,-4,-5,-2,-1,0,-8,-25
4935,4935,1503612469760,4,1,-2,-4,-1,1,-1,10
4936,4936,1503612469767,7,5,7,1,2,0,0,20
4937,4937,1503612469774,-3,-4,-3,1,0,0,0,-6
4938,4938,1503612469789,-12,12,2,-2,-1,-3,-4,-2
4939,4939,1503612469797,2,10,0,-1,-2,-1,-2,7
4940,4940,1503612469804,0,-3,-4,-1,-3,-4,1,-4
4941,4941,1503612469822,-2,0,0,-2,-2,-1,-4,-1
4942,4942,1503612469827,0,0,1,-3,-1,0,3,3
4943,4943,1503612469834,15,-10,-6,-2,-1,-3,-7,-2
4944,4944,1503612469853,-6,-14,-3,1,-2,1,2,24
4945,4945,1503612469857,-19,0,-2,0,-1,-1,-2,-5
4946,4946,1503612469864,2,3,-4,-4,-3,-1,-2,-9
4947,4947,1503612469879,-5,-3,2,1,0,-1,-5,4
4948,4948,1503612469880,12,-6,-1,0,2,-3,1,-5
4949,4949,1503612469889,5,2,0,1,-1,0,-4,-12
4950,4950,1503612469895,-1,0,-2,-1,-2,-2,-8,-12
4951,4951,1503612469909,17,-1,2,2,-1,0,-2,11
4952,4952,1503612469920,-6,-1,-1,-3,0,0,-1,2
4953,4953,1503612469924,-12,-6,-2,-2,-1,-2,-1,-4
4954,4954,1503612469939,-1,6,5,0,1,0,1,-1
4955,4955,1503612469946,-4,-1,-3,-3,2,-1,2,-4
4956,4956,1503612469962,-19,-3,-2,-2,-1,0,0,-6
4957,4957,1503612469969,-2,-8,-2,0,0,1,-2,-8
4958,4958,1503612469987,-6,2,0,2,0,0,2,9
4959,4959,1503612470000,-32,-10,-3,2,-1,-1,-1,2
4960,4960,1503612470006,-11,5,0,2,-2,0,1,5
4961,4961,1503612470014,15,6,-1,-1,-1,2,2,-3
4962,4962,1503612470029,0,-8,-5,-3,-2,-1,3,-2
4963,4963,1503612470044,18,-13,-9,-5,-1,-3,-2,-4
4964,4964,1503612470066,-11,3,2,2,1,0,-3,-2
4965,4965,1503612470067,-5,15,2,-2,-1,-2,-1,-7
4966,4966,1503612470074,12,-3,-3,-1,-1,-2,2,-1
4967,4967,1503612470089,0,-1,0,-1,-1,1,-5,-11
4968,4968,1503612470097,3,-2,0,-1,0,0,0,0
4969,4969,1503612470112,0,-2,3,2,-2,0,0,0
4970,4970,1503612470122,13,4,-1,-1,0,1,1,4
4971,4971,1503612470137,-4,4,-1,-2,0,-2,1,1
4972,4972,1503612470141,7,-1,0,-1,-2,-2,-5,-2
4973,4973,1503612470149,-11,-3,1,1,-1,-1,-2,-4
4974,4974,1503612470157,-6,-10,-2,-1,-1,-2,-2,-4
4975,4975,1503612470171,-10,11,4,3,1,1,-2,-8
4976,4976,1503612470179,-5,1,-4,-2,-1,-2,-1,-3
4977,4977,1503612470188,2,-1,-1,-1,1,0,1,7
4978,4978,1503612470202,-4,4,1,3,1,1,2,5
4979,4979,1503612470209,11,20,12,3,2,2,3,5
4980,4980,1503612470217,-2,-1,0,-1,-2,-2,-1,2
4981,4981,1503612470232,8,-7,-3,-1,-2,-3,0,0
4982,4982,1503612470240,-6,-2,1,-2,-1,-2,0,1
4983,4983,1503612470246,12,-3,-5,0,-2,0,0,-10
4984,4984,1503612470262,3,-4,-4,0,-1,0,-1,-7
4985,4985,1503612470269,-9,-6,-2,-2,-1,-1,-1,2
4986,4986,1503612470277,3,6,2,1,1,0,2,-19
4987,4987,1503612470292,7,-3,-3,-1,-2,-3,2,8
4988,4988,1503612470299,7,-5,-3,0,-1,-2,-3,11
4989,4989,1503612470306,-2,8,2,0,0,-2,-5,-1
4990,4990,1503612470322,1,1,-3,-4,-4,-4,-3,-2
4991,4991,1503612470329,3,26,4,-3,0,-1,-1,0
4992,4992,1503612470337,-7,-1,-1,0,1,3,0,2
4993,4993,1503612470354,-10,-13,-4,-2,0,0,-3,-5
4994,4994,1503612470359,-28,-4,-5,-3,-4,-2,-4,-13
4995,4995,1503612470360,29,6,-1,0,-1,-1,3,9
4996,4996,1503612470366,-1,-4,-5,-4,-3,-2,-3,-6
4997,4997,1503612470382,-12,-5,-1,-2,0,0,-2,-4
4998,4998,1503612470389,-4,-5,-2,0,2,0,0,1
4999,4999,1503612470397,-5,-1,-3,0,1,-1,0,-2
5000,5000,1503612470411,-7,-10,-5,-3,-1,-5,-7,-12
5001,5001,1503612470422,3,12,5,-1,-1,0,2,4
5002,5002,1503612470426,4,-9,-2,-4,-5,-2,-1,4
5003,5003,1503612470441,-1,-6,-5,-2,-2,-1,-1,1
5004,5004,1503612470449,-15,-8,-1,0,-1,2,-2,2
5005,5005,1503612470457,-3,0,2,-1,-1,-1,-2,0
5006,5006,1503612470471,2,3,-1,2,0,-2,-5,-5
5007,5007,1503612470472,-1,-6,-1,1,0,0,1,-3
5008,5008,1503612470479,0,-1,-1,-3,-3,0,-3,-2
5009,5009,1503612470489,-2,0,0,-3,-3,-2,-2,-2
5010,5010,1503612470502,7,-10,-8,0,6,8,6,2
5011,5011,1503612470509,5,-3,-3,-1,-2,-2,1,1
5012,5012,1503612470517,-11,-2,-2,-2,-3,-5,-3,-2
5013,5013,1503612470531,-7,1,2,3,2,1,0,-2
5014,5014,1503612470539,14,-4,-4,-3,-2,-2,0,2
5015,5015,1503612470540,-4,1,0,-1,-3,-1,-5,-8
5016,5016,1503612470547,-8,-6,-3,-1,-1,0,0,-3
5017,5017,1503612470562,-6,-10,0,0,1,-1,2,1
5018,5018,1503612470569,18,3,-5,0,2,-4,-4,-6
5019,5019,1503612470577,-2,4,2,0,-2,-1,2,6
5020,5020,1503612470592,-6,-3,-1,-2,-2,2,2,1
5021,5021,1503612470599,-10,-2,-5,-7,-9,-10,-13,-15
5022,5022,1503612470607,-2,1,-3,-2,-6,-4,-7,-8
5023,5023,1503612470623,0,-1,-1,0,2,0,-4,-3
5024,5024,1503612470629,10,2,1,0,2,-4,-1,3
5025,5025,1503612470637,0,7,9,2,0,0,5,7
5026,5026,1503612470656,-7,13,6,1,3,-1,4,5
5027,5027,1503612470659,3,6,0,3,2,0,5,8
5028,5028,1503612470666,-3,-1,1,2,4,6,4,-1
5029,5029,1503612470681,2,-3,-2,-4,-1,1,-4,-7
5030,5030,1503612470690,6,-2,-1,-1,0,-1,-1,-4
5031,5031,1503612470697,-7,1,0,0,0,-7,2,3
5032,5032,1503612470711,0,-4,-2,-1,0,3,-1,0
5033,5033,1503612470719,6,1,-1,3,0,2,-2,3
5034,5034,1503612470727,3,0,3,0,-1,0,1,0
5035,5035,1503612470742,34,-1,-3,-3,-3,-2,-7,-9
5036,5036,1503612470749,6,-3,-5,0,1,-1,1,4
5037,5037,1503612470757,-19,-11,-4,-4,-4,-3,-4,-8
5038,5038,1503612470772,-8,-1,1,-4,-5,-3,1,2
5039,5039,1503612470779,-4,-1,-4,-2,2,-5,0,-5
5040,5040,1503612470786,8,-1,-1,0,2,1,6,11
5041,5041,1503612470787,-13,-5,-3,-2,-2,-2,-7,-10
5042,5042,1503612470801,-4,0,0,0,-1,1,-3,-3
5043,5043,1503612470809,-1,-1,-3,-4,-3,-5,-2,-6
5044,5044,1503612470817,4,1,1,4,7,6,7,10
5045,5045,1503612470831,-16,-2,0,-2,-2,0,-2,-2
5046,5046,1503612470839,-18,2,4,0,1,1,3,-2
5047,5047,1503612470846,-2,-2,0,-2,-1,-3,-1,-1
5048,5048,1503612470861,32,-6,-11,-5,-6,-3,-1,1
5049,5049,1503612470869,20,-10,-7,-1,-1,-2,-4,-1
5050,5050,1503612470877,-6,-2,-1,2,0,2,5,11
5051,5051,1503612470892,-4,-3,-2,-4,-1,-3,2,7
5052,5052,1503612470900,-1,6,5,1,0,-4,-5,0
5053,5053,1503612470906,11,9,5,0,-1,1,-2,1
5054,5054,1503612470921,-1,3,1,-1,-2,1,-7,-12
5055,5055,1503612470929,-15,0,-1,-1,-2,0,4,4
5056,5056,1503612470937,-3,1,0,-3,-8,-5,-5,-1
5057,5057,1503612470951,6,3,-5,-3,-2,-1,4,4
5058,5058,1503612470960,-7,3,-1,-1,4,0,3,-2
5059,5059,1503612470967,3,-5,-8,-3,-4,-11,-9,-2
5060,5060,1503612470981,-3,-2,-1,-6,-8,-2,-3,0
5061,5061,1503612470989,-12,1,-1,2,1,0,-12,-10
5062,5062,1503612470998,-15,0,1,-1,4,1,1,-2
5063,5063,1503612471011,-4,-2,1,-4,-4,4,-3,3
5064,5064,1503612471019,-2,-5,-1,0,-1,1,3,6
5065,5065,1503612471026,-1,5,1,4,4,3,2,7
5066,5066,1503612471042,5,-1,-3,-1,0,1,-2,-6
5067,5067,1503612471049,-5,-4,1,3,-1,-1,-1,-6
5068,5068,1503612471064,-4,-1,1,3,2,-4,-2,1
5069,5069,1503612471071,-18,-5,-4,-4,0,4,15,-5
5070,5070,1503612471079,30,2,-1,1,2,0,5,8
5071,5071,1503612471093,-14,-3,3,-1,6,0,-4,-7
5072,5072,1503612471102,-6,1,-2,-4,-6,-2,1,-2
5073,5073,1503612471109,31,2,-2,2,2,8,5,9
5074,5074,1503612471124,-5,-2,0,-1,-4,0,-12,2
5075,5075,1503612471131,9,-1,-4,-1,-2,4,2,0
5076,5076,1503612471139,9,9,4,3,2,2,7,7
5077,5077,1503612471153,-2,1,4,3,1,-3,-3,3
5078,5078,1503612471161,-11,-8,-5,-3,-4,-4,-5,-8
5079,5079,1503612471170,6,0,4,6,9,0,1,2
5080,5080,1503612471184,-12,-5,-2,-2,-6,-1,-29,-8
5081,5081,1503612471193,8,6,3,4,1,9,9,12
5082,5082,1503612471199,-5,-1,-1,0,2,-1,5,-3
5083,5083,1503612471213,-2,3,-1,-3,-4,-5,-3,1
5084,5084,1503612471221,13,4,2,-2,-4,-1,4,-2
5085,5085,1503612471236,-8,3,4,-1,1,-4,3,-4
5086,5086,1503612471244,-5,0,0,4,-3,4,11,-1
5087,5087,1503612471258,3,-11,-8,-5,0,-9,-18,-19
5088,5088,1503612471261,-3,-1,-1,2,5,1,7,-59
5089,5089,1503612471274,15,3,0,-1,-3,-2,2,-4
5090,5090,1503612471282,22,3,1,1,0,-2,-10,12
5091,5091,1503612471289,-8,-1,-3,-3,0,0,6,-5
5092,5092,1503612471304,-4,-1,-4,-2,-4,-4,0,9
5093,5093,1503612471311,-4,-2,-2,0,-4,0,-4,12
5094,5094,1503612471320,-4,9,9,0,4,-1,-3,5
5095,5095,1503612471334,-19,4,3,-1,-6,1,5,15
5096,5096,1503612471342,-12,-15,-12,-4,-1,-1,3,2
5097,5097,1503612471349,-10,6,6,2,4,-1,-1,-7
5098,5098,1503612471364,-3,-8,-2,-1,2,2,7,10
5099,5099,1503612471372,1,-8,-7,-3,-3,-3,-8,-6
5100,5100,1503612471387,-1,-10,-5,-3,-4,1,-4,5
5101,5101,1503612471398,22,14,1,-2,-4,2,-3,6
5102,5102,1503612471405,-20,4,-1,-1,2,-3,-4,-58
5103,5103,1503612471409,23,-4,4,0,-2,0,10,77
5252,5252,1503612472894,6,5,-6,-3,-3,-3,-1,0
5253,5253,1503612472910,-8,-5,-4,-4,-1,-1,-2,-10
5254,5254,1503612472916,16,-10,-6,-2,-2,-1,-4,14
5255,5255,1503612472924,-3,4,1,0,0,-3,-3,-8
5256,5256,1503612472940,-4,2,2,-1,0,1,-4,-2
5257,5257,1503612472947,-11,-3,0,0,1,0,2,-11
5258,5258,1503612472954,0,3,3,2,-1,1,3,0
5259,5259,1503612472969,1,-18,-9,-2,-4,-4,-4,2
5260,5260,1503612472976,1,2,1,5,10,2,4,-2
5261,5261,1503612472984,-4,-3,-1,-1,-4,-2,-6,-6
5262,5262,1503612472998,17,-2,0,-2,-4,-3,1,3
5263,5263,1503612473007,26,18,4,0,0,-1,4,18
5264,5264,1503612473014,-9,0,-2,-1,-2,-1,0,-4
5265,5265,1503612473029,-5,-4,-2,-2,-5,-1,-2,-12
5266,5266,1503612473036,3,-1,1,-2,0,1,0,5
5267,5267,1503612473044,-5,-1,0,-1,0,0,5,-48
5268,5268,1503612473058,-6,-2,-2,1,1,0,1,1
5269,5269,1503612473066,0,-3,0,0,1,0,4,14
5270,5270,1503612473074,-1,-1,-1,-7,-11,-1,16,-6
5271,5271,1503612473089,2,10,5,1,0,2,-5,42
5272,5272,1503612473095,6,7,-1,-1,-3,-4,-10,7
5273,5273,1503612473104,3,0,1,-1,-1,-3,0,-7
5274,5274,1503612473118,-10,-10,-4,1,0,-1,-6,-11
5275,5275,1503612473126,-4,-2,0,0,1,-2,-8,-52
5276,5276,1503612473134,-17,3,3,-2,0,-2,3,-9
5277,5277,1503612473149,-8,-6,-4,0,-2,0,-1,10
5278,5278,1503612473155,-1,6,4,0,-2,-3,-5,-2
5279,5279,1503612473164,-8,0,2,0,0,0,4,4
5280,5280,1503612473178,4,1,-2,-1,3,0,-3,9
5281,5281,1503612473186,-10,12,1,-3,0,-1,-7,-3
5282,5282,1503612473194,-7,-4,-1,-2,0,0,1,-56
5283,5283,1503612473209,11,-3,-3,-1,-1,0,5,6
5284,5284,1503612473216,1,0,-2,-1,0,0,-3,13
5285,5285,1503612473224,-8,-22,-9,-2,-3,-3,11,-3
5286,5286,1503612473238,6,-6,-4,1,-1,-3,-4,7
5287,5287,1503612473246,-8,1,2,1,1,-1,-3,12
5288,5288,1503612473254,-7,-14,-3,-2,-3,-2,1,4
5289,5289,1503612473269,-3,-2,-4,-2,2,2,-5,-5
5290,5290,1503612473276,1,-2,3,0,5,-1,-7,1
5291,5291,1503612473284,5,1,0,0,1,0,1,5
5292,5292,1503612473298,5,3,-2,-1,-2,1,3,16
5293,5293,1503612473308,14,6,2,0,0,0,1,5
5294,5294,1503612473314,5,-1,4,1,2,0,-10,50
5295,5295,1503612473329,-1,1,-1,2,7,-2,-2,-3
5296,5296,1503612473335,5,-10,-6,-3,-1,-1,3,1
5297,5297,1503612473344,-4,-7,-3,-3,-4,-3,-5,-3
5298,5298,1503612473358,-7,3,-1,1,1,0,-1,-11
5299,5299,1503612473366,4,-3,-4,-1,-2,2,4,-6
5300,5300,1503612473375,0,3,4,1,-1,1,3,-13
5301,5301,1503612473389,5,-6,-3,-2,-5,-3,-1,7
5302,5302,1503612473395,4,7,-1,-1,-4,-1,-9,-1
5303,5303,1503612473404,-2,-2,-1,-4,-8,0,-7,-3
5304,5304,1503612473418,-6,-6,-2,1,1,-2,4,4
5305,5305,1503612473426,-3,5,-1,-1,-3,0,5,6
5306,5306,1503612473434,-7,12,1,1,-3,-1,-5,-4
5307,5307,1503612473449,1,9,6,1,1,-4,1,-4
5308,5308,1503612473456,-8,-6,-3,-2,1,1,1,-37
5309,5309,1503612473464,-6,-8,-4,-2,-1,0,0,-1
5310,5310,1503612473478,-3,-1,3,2,-1,0,17,0
5311,5311,1503612473486,-2,1,-2,-3,1,0,-2,-2
5312,5312,1503612473494,2,-4,-7,-4,-2,0,-11,-6
5313,5313,1503612473510,0,5,1,3,0,-1,1,3
5314,5314,1503612473516,4,-1,0,-1,1,0,-3,0
5315,5315,1503612473524,-11,20,9,1,1,4,-8,-4
5316,5316,1503612473538,4,0,-2,2,3,-3,0,1
5317,5317,1503612473546,-1,-10,-3,-1,-1,-1,2,-1
5318,5318,1503612473554,2,-8,-2,-1,-2,2,3,7
5319,5319,1503612473569,3,-2,-1,0,-2,1,-4,5
5320,5320,1503612473578,-4,-18,-5,-3,0,-1,-3,1
5321,5321,1503612473584,-3,-11,-1,1,0,0,-1,-6
5322,5322,1503612473598,1,5,1,0,-2,-1,0,-1
5323,5323,1503612473606,3,-10,-4,-4,-9,-2,16,9
5324,5324,1503612473614,0,7,1,0,4,2,10,2
5325,5325,1503612473629,-7,0,-5,-3,-1,-2,-8,-3
5326,5326,1503612473636,-3,-3,-1,-1,-5,-5,-6,-1
5327,5327,1503612473644,-4,4,0,1,0,-1,2,-3
5328,5328,1503612473658,6,11,2,1,0,-1,-8,-2
5329,5329,1503612473666,0,2,0,0,2,-2,-4,-4
5330,5330,1503612473674,4,-4,-2,-3,-5,-1,2,-2
5331,5331,1503612473689,-5,2,3,-1,0,1,-4,-3
5332,5332,1503612473695,-2,-8,-2,-4,0,-2,-23,1
5333,5333,1503612473696,5,2,1,-2,-3,0,16,4
5334,5334,1503612473705,-4,-6,1,-2,1,-1,-6,1
5335,5335,1503612473720,1,2,-2,-6,-3,-4,-12,-12
5336,5336,1503612473726,0,-2,-1,0,-2,-2,1,-1
5337,5337,1503612473742,-2,23,11,4,3,-1,-5,4
5338,5338,1503612473749,1,-9,-3,-2,0,-1,5,-1
5339,5339,1503612473757,7,-3,-5,0,0,2,-2,8
5340,5340,1503612473764,12,14,6,2,2,2,-1,-3
5341,5341,1503612473779,-5,4,0,-1,-2,-1,1,-2
5342,5342,1503612473787,-1,1,2,1,-1,0,17,10
5343,5343,1503612473802,-1,-7,0,4,-1,-2,-7,3
5344,5344,1503612473809,-3,-10,-6,-3,-1,-1,-3,14
5345,5345,1503612473824,-3,12,2,-2,-4,-1,0,-15
5346,5346,1503612473825,9,2,1,2,-1,1,-1,-4
5347,5347,1503612473839,-7,-26,-11,-3,0,1,0,-3
5348,5348,1503612473846,-6,11,2,-1,0,-2,-3,-39
5349,5349,1503612473862,-5,-6,-1,-1,1,0,3,1
5350,5350,1503612473869,5,-11,-3,-1,-1,-1,-5,6
5351,5351,1503612473879,-8,0,4,-2,-1,0,-1,-1
5352,5352,1503612473891,4,-7,-5,-3,0,-2,-5,4
5353,5353,1503612473899,4,2,-1,1,0,-1,1,-2
5354,5354,1503612473906,-1,24,5,3,0,1,6,-6
5355,5355,1503612473922,7,19,4,0,-1,-3,-1,1
5356,5356,1503612473929,3,-3,0,-4,-2,-1,0,-13
5357,5357,1503612473946,14,17,-1,0,-1,1,-10,-9
5358,5358,1503612473951,0,5,0,0,0,1,-3,4
5359,5359,1503612473960,-13,-14,-5,-4,-1,1,-2,-6
5360,5360,1503612473966,-5,-9,-4,-2,-1,0,-3,2
5361,5361,1503612473982,-11,-9,-2,-5,-4,-3,2,-20
5362,5362,1503612473989,-9,-18,-6,-3,-1,-3,-1,7
5363,5363,1503612474004,9,-7,-1,1,-1,-2,-2,5
5364,5364,1503612474013,-1,-3,-3,0,1,2,12,-6
5365,5365,1503612474019,-1,-3,1,0,0,-1,-3,2
5366,5366,1503612474026,-1,-3,-4,-2,0,-3,-10,-1
5367,5367,1503612474042,-3,0,-1,-2,0,-1,0,-12
5368,5368,1503612474049,-3,-11,-2,-2,-2,1,-1,36
5369,5369,1503612474064,5,-2,-5,-4,-1,1,-1,5
5370,5370,1503612474071,-15,-5,4,2,0,-1,4,-1
5371,5371,1503612474080,-9,3,3,0,1,0,2,18
5372,5372,1503612474086,8,5,4,0,-1,-1,-2,14
5373,5373,1503612474102,0,1,-1,1,-1,-1,5,-8
5374,5374,1503612474109,-4,6,-2,-3,-1,-5,-14,-22
5375,5375,1503612474124,3,1,0,-1,-1,1,2,9
5376,5376,1503612474131,3,8,1,1,0,3,-7,5
5377,5377,1503612474140,-11,-4,0,2,-3,-4,-1,4
5378,5378,1503612474148,1,-5,-5,-3,0,-2,-1,1
5379,5379,1503612474162,-3,-4,-7,-5,-4,-4,-1,15
5380,5380,1503612474169,8,-3,4,4,0,-2,-2,9
5381,5381,1503612474185,3,0,1,0,1,-1,-6,-29
5382,5382,1503612474191,1,-1,-6,-3,-3,-1,6,-7
5383,5383,1503612474199,3,0,3,1,-2,-1,-8,14
5384,5384,1503612474206,-10,6,-2,-5,-2,0,3,-22
5385,5385,1503612474222,-4,10,2,0,1,-2,-1,1
5386,5386,1503612474229,2,-8,-2,0,1,1,-2,30
5387,5387,1503612474244,0,-4,-5,-3,1,1,5,-4
5388,5388,1503612474252,5,6,5,3,-1,-2,-4,-5
5389,5389,1503612474259,-1,-4,-4,-2,0,0,-2,-7
5390,5390,1503612474266,-7,22,9,3,1,0,-2,-8
5391,5391,1503612474282,-5,8,8,7,0,-2,0,28
5392,5392,1503612474289,9,5,3,-1,0,-2,-5,-9
5393,5393,1503612474304,2,0,-2,-3,-1,0,8,1
5394,5394,1503612474312,-3,-13,-6,-4,-2,-1,-2,0
5395,5395,1503612474319,-1,-17,-7,-3,-1,-2,-6,-15
5396,5396,1503612474326,2,-12,-6,-2,0,2,-10,-29
5397,5397,1503612474342,1,-1,-2,-1,-2,1,9,-3
5398,5398,1503612474350,-8,-1,-9,-6,-4,-3,7,16
5399,5399,1503612474364,-2,-8,1,0,-2,-2,-5,14
5400,5400,1503612474371,3,0,4,5,-1,-3,-6,-1
5401,5401,1503612474379,10,18,6,-1,1,-1,2,0
5402,5402,1503612474386,-14,10,2,-2,0,-1,1,0
5403,5403,1503612474402,4,11,-2,-2,-1,-1,0,-4
5404,5404,1503612474409,2,-13,-3,-2,0,0,-3,-14
5405,5405,1503612474424,6,6,-2,-1,-2,-1,-5,-10
5406,5406,1503612474431,-5,-8,-3,-4,-2,-2,0,2
5407,5407,1503612474439,-17,-7,-2,-2,-2,-4,-2,-4
5408,5408,1503612474446,3,3,-3,0,-1,-2,-6,-33
5409,5409,1503612474462,1,-10,-7,-1,1,-1,-11,-1
5410,5410,1503612474468,-4,-9,-5,-5,-3,-4,-7,2
5411,5411,1503612474485,6,-3,-6,-2,0,3,-1,7
5412,5412,1503612474492,-2,4,5,4,1,2,3,1
5413,5413,1503612474499,-3,3,0,-1,-1,0,-5,-1
5414,5414,1503612474506,4,-2,-3,0,-1,-2,5,-2
5415,5415,1503612474522,1,3,4,1,-1,-2,1,1
5416,5416,1503612474529,-9,-3,2,0,0,2,11,11
5417,5417,1503612474537,-9,-16,-2,-3,0,0,4,15
5418,5418,1503612474552,6,-1,-4,-2,1,-2,-2,-8
5419,5419,1503612474560,-3,-1,-3,2,-1,-3,3,-4
5420,5420,1503612474566,-3,-8,-2,2,-2,-2,-8,-7
5421,5421,1503612474585,1,-2,-2,2,0,0,-5,-11
5422,5422,1503612474590,7,11,0,0,0,1,1,9
5423,5423,1503612474604,-3,-4,-5,-5,-3,0,1,5
5424,5424,1503612474611,-12,10,4,0,2,2,0,11
5425,5425,1503612474626,-9,-6,1,0,0,1,17,-18
5426,5426,1503612474627,8,-5,-1,-2,-1,0,1,4
5427,5427,1503612474642,10,9,6,0,0,-3,-9,5
5428,5428,1503612474651,10,11,3,3,0,0,-6,0
5429,5429,1503612474664,-3,3,-1,-1,1,2,5,-7
5430,5430,1503612474671,1,-2,-3,-3,-1,-3,-17,2
5431,5431,1503612474679,-3,3,0,0,-2,-2,-3,3
5432,5432,1503612474686,-8,-11,-5,-4,-2,0,0,-6
5433,5433,1503612474702,-4,7,3,0,-2,-1,-4,-1
5434,5434,1503612474709,-3,4,0,0,-1,-2,-1,-4
5435,5435,1503612474724,23,-6,-1,-2,-3,-2,-4,-15
5436,5436,1503612474731,-3,-9,-4,-3,-1,-3,0,-7
5437,5437,1503612474739,-3,-11,-3,0,1,1,0,-4
5438,5438,1503612474746,-1,2,-1,2,-1,1,5,8
5439,5439,1503612474765,0,1,-1,0,0,0,-2,5
5440,5440,1503612474769,-7,6,2,-1,-1,0,6,1
5441,5441,1503612474792,-2,-6,-6,-3,-1,0,1,-7
5442,5442,1503612474799,-20,1,0,0,-1,-2,-7,-4
5443,5443,1503612474814,1,-15,-4,-2,0,-2,2,13
5444,5444,1503612474822,1,-3,-1,2,1,-2,-3,3
5445,5445,1503612474829,-16,5,2,1,1,1,-1,-29
5446,5446,1503612474844,3,14,2,-2,-2,-1,-2,-1
5447,5447,1503612474853,10,9,4,3,0,-1,2,9
5448,5448,1503612474859,-4,-6,-5,-1,0,-2,-2,-12
5449,5449,1503612474874,0,-10,-3,-4,-1,-1,3,12
5450,5450,1503612474882,1,-3,-3,-1,-1,-3,-3,-10
5451,5451,1503612474890,19,4,-1,-2,-2,0,-3,-1
5452,5452,1503612474904,-12,1,3,3,1,2,2,13
5453,5453,1503612474911,-15,-4,-5,-2,-1,0,-6,-5
5454,5454,1503612474921,-1,-10,-3,-3,-1,-3,-6,-4
5455,5455,1503612474934,1,-4,-2,-1,-2,-3,0,3
5456,5456,1503612474942,7,3,-1,0,0,2,3,5
5457,5457,1503612474949,-13,1,-1,0,2,0,0,-3
5458,5458,1503612474964,-1,0,2,1,-2,-1,-2,-7
5459,5459,1503612474971,6,1,2,0,-2,-3,2,-3
5460,5460,1503612474979,-2,-2,-4,-1,-1,1,3,-3
5461,5461,1503612474994,-2,-9,-2,-1,0,0,2,4
5462,5462,1503612475002,9,-11,-4,-4,-3,0,3,3
5463,5463,1503612475009,11,-9,-1,1,-2,-2,-2,10
5464,5464,1503612475024,5,-13,-8,-4,-2,0,-3,-1
5465,5465,1503612475031,1,0,0,0,1,0,-1,-10
5466,5466,1503612475039,-20,0,-3,-1,-1,-3,-4,-5
5467,5467,1503612475055,15,8,3,2,-2,0,-1,3
5468,5468,1503612475068,1,-4,-2,-1,-1,0,3,12
5469,5469,1503612475070,1,4,4,1,0,0,2,0
5470,5470,1503612475084,0,-4,-1,0,-1,-1,-3,0
5471,5471,1503612475091,-4,3,-1,1,0,-2,-1,-14
5472,5472,1503612475099,7,3,2,0,0,1,1,7
5473,5473,1503612475113,2,-12,-5,-1,-2,-1,1,24
5474,5474,1503612475114,-14,1,-1,-2,-1,-2,-8,-16
5475,5475,1503612475122,6,10,1,-1,-2,-3,-2,-8
5476,5476,1503612475129,-28,0,2,1,-1,0,-3,2
5477,5477,1503612475144,10,-5,-2,2,0,0,3,-7
5478,5478,1503612475151,3,-7,-8,-3,-5,-2,-3,0
5479,5479,1503612475159,-5,-1,-2,-3,-2,-2,-1,12
5480,5480,1503612475173,4,-9,-4,-2,1,1,1,8
5481,5481,1503612475182,9,0,3,0,0,-2,-2,-4
5482,5482,1503612475191,-23,-1,1,-2,-3,0,-2,-16
5483,5483,1503612475204,-1,21,8,1,1,0,-1,-11
5484,5484,1503612475211,11,5,1,1,1,-1,0,2
5485,5485,1503612475220,-7,-13,-5,0,1,-1,0,5
5486,5486,1503612475221,-5,-8,-5,-2,-2,-2,3,2
5487,5487,1503612475234,2,-2,-2,-2,-1,-1,-1,4
5488,5488,1503612475242,-2,20,7,2,1,0,-4,5
5489,5489,1503612475249,23,-3,0,-1,0,-1,-1,5
5490,5490,1503612475264,28,1,-4,-3,0,-1,-2,8
5491,5491,1503612475271,-5,5,-1,-1,0,1,0,1
5492,5492,1503612475279,-39,-3,1,0,-1,-1,-2,-14
5493,5493,1503612475294,14,1,0,1,-1,-4,-5,-8
5494,5494,1503612475302,4,-9,-6,-2,-2,1,-2,-7
5495,5495,1503612475309,-7,-6,-5,-3,0,0,-3,-5
5496,5496,1503612475325,8,18,9,1,1,-1,-2,0
5497,5497,1503612475331,-9,-13,-6,-2,0,-1,1,8
5498,5498,1503612475340,-14,-17,-3,2,0,0,3,-1
5499,5499,1503612475360,-17,-5,-1,-3,-2,-1,1,1
5500,5500,1503612475363,-1,-3,-4,-1,0,-1,-3,-13
5501,5501,1503612475369,21,5,-2,0,-2,0,0,2
5502,5502,1503612475384,-3,-2,-2,-1,-1,-2,1,0
5503,5503,1503612475395,18,9,1,-1,0,0,0,4
5504,5504,1503612475399,7,9,3,0,0,-1,3,9
5505,5505,1503612475414,-38,-6,-2,0,-1,-3,0,-3
5506,5506,1503612475423,-13,-15,-8,-3,-4,0,-3,-2
5507,5507,1503612475429,-5,2,3,2,1,0,-3,-1
5508,5508,1503612475444,-2,-1,-4,-3,-2,0,2,9
5509,5509,1503612475451,-6,5,2,-3,-1,1,3,6
5510,5510,1503612475467,-9,-6,-1,0,1,-5,-2,-6
5511,5511,1503612475473,5,-18,-2,2,1,-1,3,19
5512,5512,1503612475482,3,-2,1,-1,-1,-1,0,4
5513,5513,1503612475491,24,-14,-10,-4,-4,-4,-1,4
5514,5514,1503612475504,-5,-1,-4,-1,-1,-2,0,-4
5515,5515,1503612475511,12,2,0,-1,-2,0,-1,-6
5516,5516,1503612475519,15,3,-2,0,-3,0,-1,-1
5517,5517,1503612475534,0,9,4,3,2,-1,-1,-1
5518,5518,1503612475542,3,0,1,-1,-1,-4,-3,-4
5519,5519,1503612475548,-3,5,-2,-2,1,0,2,-10
5520,5520,1503612475564,-19,-9,-3,-2,0,0,1,16
5521,5521,1503612475571,-2,1,-8,-2,-4,-3,-1,-7
5522,5522,1503612475586,-8,19,7,1,1,-1,-2,-2
5523,5523,1503612475594,-59,-13,-2,-1,1,1,-3,-7
5524,5524,1503612475602,40,4,0,0,-2,0,-1,-1
5525,5525,1503612475608,18,6,3,0,0,-1,-2,-3
5526,5526,1503612475625,-17,-6,-1,1,0,1,0,-4
5527,5527,1503612475631,-1,12,9,2,2,-1,-2,2
5528,5528,1503612475639,10,-1,-3,-2,0,1,-1,0
5529,5529,1503612475654,-4,3,7,1,-3,-3,0,-4
5530,5530,1503612475668,5,27,8,0,1,-2,-4,-22
5531,5531,1503612475670,4,2,-2,0,0,1,-1,-3
5532,5532,1503612475684,-14,-16,-7,-2,-2,0,-2,12
5533,5533,1503612475694,-2,7,3,1,-1,-2,-3,-5
5534,5534,1503612475706,7,-6,-3,-1,0,1,-1,2
5535,5535,1503612475714,13,-4,-1,0,-1,-1,0,5
5536,5536,1503612475722,0,6,6,1,-2,-2,-1,-3
5537,5537,1503612475736,-1,3,-3,-3,-1,-1,-2,-3
5538,5538,1503612475744,-3,0,-2,0,-1,0,1,1
5539,5539,1503612475751,5,1,1,-1,2,0,0,4
5540,5540,1503612475767,-2,-7,1,-3,-1,0,-1,-1
5541,5541,1503612475774,5,-3,-3,-1,-2,-1,0,2
5542,5542,1503612475782,-8,-5,-6,-1,1,1,-3,-1
5543,5543,1503612475797,21,2,-3,-3,1,0,-2,4
5544,5544,1503612475804,-19,-12,-7,-1,-1,-2,-2,-3
5545,5545,1503612475811,-16,0,4,3,2,1,2,1
5546,5546,1503612475827,0,-2,2,-3,-3,0,-1,0
5547,5547,1503612475834,-3,-2,-4,-3,-2,1,0,-16
5548,5548,1503612475842,-1,-15,-11,-3,-1,-2,1,0
5549,5549,1503612475856,-7,0,-1,-2,-3,0,0,3
5550,5550,1503612475865,22,12,4,-2,-6,-4,-2,-13
5551,5551,1503612475871,-14,-13,-4,-1,-2,-1,0,8
5552,5552,1503612475886,-15,1,-3,-1,-6,-1,2,-10
5553,5553,1503612475894,29,-14,-8,-4,-5,-4,4,-1
5554,5554,1503612475903,3,1,0,1,-2,-2,-3,1
5555,5555,1503612475915,-6,-2,-2,-1,0,0,-1,6
5556,5556,1503612475924,4,5,2,0,3,2,1,6
5557,5557,1503612475932,6,19,9,2,-1,-1,-7,-5
5558,5558,1503612475946,-9,-16,-4,-1,1,0,-3,-23
5559,5559,1503612475954,-1,1,-1,-1,-1,-1,9,0
5560,5560,1503612475964,-2,-7,-2,-1,-1,-1,-1,1
5561,5561,1503612475984,-10,-1,3,3,-1,-2,-11,-1
5562,5562,1503612475985,-4,-1,-1,-1,1,2,4,27
5563,5563,1503612475995,5,1,-7,-3,-2,0,-1,4
5564,5564,1503612476007,2,4,1,0,-2,-1,0,-3
5565,5565,1503612476014,-2,-12,-4,-2,0,-2,0,-5
5566,5566,1503612476022,7,-4,-4,-1,-1,-1,-2,-1
5567,5567,1503612476036,13,-9,-6,-3,-1,-1,3,7
5568,5568,1503612476044,-12,-10,-1,-2,-2,-3,-4,-10
5569,5569,1503612476051,-9,4,-1,-2,-1,-2,-8,-2
5570,5570,1503612476066,1,6,-1,1,-1,-1,-3,-2
5571,5571,1503612476074,-10,5,2,2,-1,0,-6,-16
5572,5572,1503612476082,-11,6,0,2,1,-1,0,11
5573,5573,1503612476096,-18,-11,-4,-1,0,-1,0,-1
5574,5574,1503612476104,-13,-3,2,0,1,0,5,3
5575,5575,1503612476111,5,-3,-2,0,-1,-1,0,-3
5576,5576,1503612476128,9,9,-1,-1,-1,-1,-3,-3
5577,5577,1503612476134,0,-2,0,-1,-1,-2,1,-3
5578,5578,1503612476142,4,-3,0,0,-1,-1,4,2
5579,5579,1503612476156,-3,2,0,-1,1,2,2,0
5580,5580,1503612476164,-5,-4,-2,-2,1,2,1,-4
5581,5581,1503612476171,5,8,4,2,-1,-2,3,-1
5582,5582,1503612476186,18,7,5,2,0,-2,-6,-6
5583,5583,1503612476205,8,1,-1,-1,-2,-1,3,25
5584,5584,1503612476216,-12,1,-2,-1,-2,0,-3,-8
5585,5585,1503612476224,0,7,0,0,-1,-1,-1,6
5586,5586,1503612476232,8,12,8,-1,-1,-1,-1,3
5587,5587,1503612476246,2,0,-3,0,1,0,0,-4
5588,5588,1503612476253,6,-1,-2,-2,-1,0,0,-14
5589,5589,1503612476264,-3,4,4,-1,-1,0,-1,3
5590,5590,1503612476276,-9,-3,-3,-2,0,-1,-3,-2
5591,5591,1503612476284,-4,-3,-2,-3,-2,0,-2,-9
5592,5592,1503612476291,3,-2,-1,0,-3,-1,-12,-4
5593,5593,1503612476306,7,2,0,1,1,-1,1,-2
5594,5594,1503612476314,21,5,1,1,0,2,7,13
5595,5595,1503612476322,-16,-5,-3,-4,0,-2,-4,-23
5596,5596,1503612476336,3,2,-2,-1,0,-2,-2,-1
5597,5597,1503612476351,21,-3,-5,-2,0,0,2,11
5598,5598,1503612476352,-8,-8,-4,-4,-2,2,4,4
5599,5599,1503612476367,-5,-1,1,-1,-1,0,4,4
5600,5600,1503612476374,-7,2,2,0,1,-2,-3,-7
5601,5601,1503612476382,-20,-1,-4,0,0,2,-7,3
5602,5602,1503612476397,-6,-1,2,-1,-2,0,0,9
5603,5603,1503612476405,11,2,2,0,-1,-2,2,13
5604,5604,1503612476411,-2,-4,-2,-2,0,-2,-3,-6
5605,5605,1503612476426,-11,-1,-2,1,-2,-1,-3,-10
5606,5606,1503612476434,20,5,-1,1,-1,-2,6,2
5607,5607,1503612476442,5,6,9,2,1,-1,1,-4
5608,5608,1503612476456,-11,4,-2,-1,0,-1,-2,1
5609,5609,1503612476466,-7,-9,-4,0,-1,-1,-4,-3
5610,5610,1503612476472,-3,2,4,1,-2,0,0,2
5611,5611,1503612476486,-8,-12,-7,-4,-4,-3,-5,-9
5612,5612,1503612476494,-7,-7,-6,-2,-1,-3,-4,1
5613,5613,1503612476502,-5,5,4,0,0,2,5,-2
5614,5614,1503612476516,17,9,6,2,-1,-1,0,11
5615,5615,1503612476524,7,-6,-2,-1,-1,-2,1,14
5616,5616,1503612476531,-7,-3,6,4,2,1,0,-3
5617,5617,1503612476546,1,4,1,-1,0,0,0,-2
5618,5618,1503612476554,0,2,-7,-1,-1,0,-1,0
5619,5619,1503612476562,3,-1,2,-2,-1,-1,4,-4
5620,5620,1503612476576,-5,0,-5,-5,-1,0,-2,-8
5621,5621,1503612476584,16,-1,-2,-3,-2,0,0,3
5622,5622,1503612476591,-11,-6,-5,-1,-1,-1,1,-5
5623,5623,1503612476606,-3,0,-6,0,-2,-5,-8,1
5624,5624,1503612476614,-10,-6,-3,-2,0,-2,0,-4
5625,5625,1503612476622,-6,2,3,1,2,0,-2,-1
5626,5626,1503612476636,-8,-6,-1,0,0,0,-3,-12
5627,5627,1503612476644,-7,-9,-11,-5,-4,-1,0,-12
5628,5628,1503612476658,5,-1,-2,-2,-1,-1,1,0
5629,5629,1503612476666,18,0,-2,1,-1,-1,-5,0
5630,5630,1503612476674,-1,-3,1,0,-2,-2,1,4
5631,5631,1503612476689,-1,15,10,1,0,-1,-2,0
5632,5632,1503612476696,-9,-2,-1,0,0,-2,1,1
5633,5633,1503612476704,-3,1,5,2,-1,0,2,19
5634,5634,1503612476718,1,3,4,-1,-2,0,-6,-10
5635,5635,1503612476726,-4,0,-5,-2,0,0,0,-7
5636,5636,1503612476734,-4,-4,-4,-2,0,-2,0,3
5637,5637,1503612476749,4,-2,-4,-1,0,1,2,-2
5638,5638,1503612476756,-15,-4,-5,-3,-2,-2,1,-4
5639,5639,1503612476771,-8,-9,-3,-1,-1,0,-2,-1
5640,5640,1503612476778,-5,1,-4,1,0,-2,-1,-6
5641,5641,1503612476786,-7,-5,-3,-2,-1,0,0,-1
5642,5642,1503612476794,-2,2,2,-1,-2,-1,-1,3
5643,5643,1503612476809,-3,-4,0,0,-2,-1,-2,-9
5644,5644,1503612476816,12,-2,-1,0,0,-1,-1,14
5645,5645,1503612476824,3,4,-2,-3,-1,-2,-3,-4
5646,5646,1503612476838,9,-3,-1,0,-1,1,2,2
5647,5647,1503612476846,3,2,-4,-2,-1,-1,1,0
5648,5648,1503612476854,5,-4,1,-1,0,-3,-2,-3
5649,5649,1503612476870,-4,5,1,-1,-1,-1,-1,5
5650,5650,1503612476876,3,-2,-4,-5,-2,-1,-11,-17
5651,5651,1503612476884,-8,-1,-4,-1,0,0,-2,-8
5652,5652,1503612476900,3,2,2,1,-2,0,0,1
5653,5653,1503612476906,15,0,-2,-2,-2,0,0,1
5654,5654,1503612476914,-9,-4,-2,-1,0,1,0,0
5655,5655,1503612476929,-3,1,3,0,-1,-2,-1,-7
5656,5656,1503612476939,1,2,-1,-2,-1,-3,6,8
5657,5657,1503612476944,-8,-1,0,0,1,1,4,2
5658,5658,1503612476958,18,3,1,-2,-4,-5,-8,5
5659,5659,1503612476968,0,0,0,2,0,-1,-1,1
5660,5660,1503612476974,-1,-2,0,-2,-1,2,2,3
5661,5661,1503612476988,-3,-2,0,0,0,-1,-4,-4
5662,5662,1503612476996,6,-2,-1,-1,1,0,3,6
5663,5663,1503612477004,8,-2,-3,-4,-3,-4,-9,-15
5664,5664,1503612477018,-11,-3,0,1,3,1,4,0
5665,5665,1503612477027,-9,-2,-2,0,-1,-1,1,-8
5666,5666,1503612477035,6,14,5,1,1,1,1,0
5667,5667,1503612477049,11,-18,-6,0,0,1,3,12
5668,5668,1503612477056,-11,-4,-5,-1,-1,-3,-3,-6
5669,5669,1503612477064,-8,2,4,3,0,-5,-3,3
5670,5670,1503612477078,4,1,-1,1,-3,-1,-2,5
5671,5671,1503612477086,-9,-1,2,1,-1,2,1,-6
5672,5672,1503612477094,0,1,0,-1,1,-2,-1,9
5673,5673,1503612477109,-7,0,-1,-1,0,0,4,0
5674,5674,1503612477116,-6,2,2,1,0,-1,-1,13
5675,5675,1503612477132,-1,1,-1,-3,-1,-2,1,2
5676,5676,1503612477139,-12,-8,-2,-3,-3,6,1,-16
5677,5677,1503612477146,-4,-3,1,0,0,0,-2,-4
5678,5678,1503612477154,0,-1,-3,-2,0,4,1,-8
5679,5679,1503612477169,2,1,0,-1,1,-2,-2,3
5680,5680,1503612477177,5,12,3,0,0,-2,-7,11
5681,5681,1503612477184,-1,4,-2,-6,-11,-7,-1,11
5682,5682,1503612477198,-14,-8,-3,1,1,-2,-1,-14
5683,5683,1503612477207,-1,-1,-3,-1,-2,-7,-2,9
5684,5684,1503612477214,12,5,-2,1,3,-2,-1,-8
5685,5685,1503612477228,-17,0,1,4,0,3,-3,-1
5686,5686,1503612477236,-2,-6,-1,-3,-1,0,-1,4
5687,5687,1503612477245,5,-1,-1,-2,-1,4,4,4
5688,5688,1503612477258,9,5,0,2,2,7,1,6
5689,5689,1503612477266,7,-2,-2,-2,-1,-1,1,1
5690,5690,1503612477274,-5,-4,-2,0,2,-7,-4,-18
5691,5691,1503612477288,16,3,0,0,3,3,1,-4
5692,5692,1503612477296,-5,-1,3,-1,-4,-2,-4,-10
5693,5693,1503612477305,-10,-8,-1,0,3,-4,-1,-10
5694,5694,1503612477318,-1,-10,-4,-2,-3,-3,5,13
5695,5695,1503612477326,5,8,1,0,2,2,0,6
5696,5696,1503612477333,-8,-4,-2,0,-2,-3,-5,-12
5697,5697,1503612477349,-13,-7,-8,-9,-16,-1,-10,-19
5698,5698,1503612477356,4,0,-1,-5,-4,9,6,9
5699,5699,1503612477364,-16,0,2,1,5,10,1,-13
5700,5700,1503612477379,4,1,-1,-4,-4,-4,-5,-7
5701,5701,1503612477386,-3,0,0,0,2,-1,0,-2
5702,5702,1503612477394,0,5,-1,3,7,-2,7,6
5703,5703,1503612477409,6,-3,-2,-5,-8,-13,-6,12
5704,5704,1503612477416,4,-6,-3,-1,-5,-2,4,18
5705,5705,1503612477424,8,5,4,2,1,0,6,6
5706,5706,1503612477445,-11,-2,0,1,-4,-8,-3,-5
5707,5707,1503612477447,3,3,0,7,9,4,2,-4
5708,5708,1503612477454,-3,0,3,1,4,-3,-4,7
5709,5709,1503612477455,0,-2,-5,-8,-11,-7,-21,-12
5710,5710,1503612477472,21,0,-2,-2,-2,2,1,3
5711,5711,1503612477476,1,30,18,10,8,3,5,0
5712,5712,1503612477486,-20,-5,-3,1,1,-5,-6,-5
5713,5713,1503612477498,1,-4,-5,-1,6,-1,-5,-8
5714,5714,1503612477506,-9,-4,-4,-7,-14,-11,-8,-6
5715,5715,1503612477514,8,1,0,6,16,-3,8,8
5716,5716,1503612477528,0,-2,-4,-3,4,-3,-4,2
5717,5717,1503612477537,-1,-1,3,6,12,8,12,3
5718,5718,1503612477544,-4,2,3,6,13,5,11,7
5719,5719,1503612477558,3,-8,-7,-7,-8,13,7,17
5720,5720,1503612477566,-1,-3,-4,-2,-5,2,-3,-1
5721,5721,1503612477580,-19,-15,-6,-4,-6,-6,-4,1
5722,5722,1503612477588,-7,8,1,-2,0,-3,-5,0
5723,5723,1503612477596,5,0,-1,-4,-14,2,-3,-6
5724,5724,1503612477611,3,-5,-6,0,0,-2,-1,-17
5725,5725,1503612477625,10,5,-5,-8,-17,-5,1,5
5726,5726,1503612477627,5,-3,-4,-4,-10,-6,-3,1
5727,5727,1503612477640,-16,-10,-5,-8,-16,4,-8,-15
5728,5728,1503612477649,-4,4,2,-3,2,-3,4,-5
5729,5729,1503612477656,17,1,1,2,5,-8,-3,-1
5730,5730,1503612477675,-17,-9,-2,0,3,-1,-3,-38
5731,5731,1503612477678,28,4,-3,-1,4,2,-2,9
5732,5732,1503612477686,9,12,13,4,10,0,3,23
5733,5733,1503612477700,-7,-8,-1,4,9,5,-1,36
5734,5734,1503612477709,4,7,3,0,7,5,11,7
5735,5735,1503612477716,4,9,13,20,10,-1,5,13
5736,5736,1503612477731,13,-4,-8,-5,0,7,-12,5
5737,5737,1503612477744,-8,6,-2,-1,7,-2,4,-17
5738,5738,1503612477747,5,-6,-7,-3,-5,-4,-3,-4
5739,5739,1503612477760,-14,-13,-8,-7,-6,-5,-10,-25
5740,5740,1503612477769,30,6,-1,-2,-8,1,4,40
5741,5741,1503612477777,0,-4,-6,-9,-8,-4,-4,2
5742,5742,1503612477791,-35,-9,-2,0,-4,-9,-1,2
5743,5743,1503612477798,6,6,0,-2,4,-1,10,-14
5744,5744,1503612477806,-3,-4,-3,-4,-12,-3,-7,-8
5745,5745,1503612477820,-10,0,-2,-4,-8,-7,-10,-11
5746,5746,1503612477828,3,-1,1,1,-6,3,0,-1
5747,5747,1503612477836,-12,-15,-12,-4,-4,0,0,1
5748,5748,1503612477851,6,-4,-1,0,-1,4,-2,-13
5749,5749,1503612477858,-2,-5,-2,-1,-2,-1,2,-2
5750,5750,1503612477866,21,7,0,-1,-1,-1,0,1
5751,5751,1503612477880,-5,2,2,-1,-1,-2,-5,-3
5752,5752,1503612477888,-3,2,3,2,-1,-2,-13,2
5753,5753,1503612477896,1,5,4,1,4,-3,-1,-1
5909,5909,1503612479433,-19,-5,4,2,0,-2,-2,10
5910,5910,1503612479442,-4,1,2,1,3,-1,1,1
5911,5911,1503612479456,3,5,0,0,0,0,0,-2
5912,5912,1503612479464,-3,-6,-4,-4,-2,-6,-5,-10
5913,5913,1503612479471,3,3,-1,0,-1,-1,1,-1
5914,5914,1503612479486,7,6,-1,-1,2,2,2,12
5915,5915,1503612479494,-2,-1,-1,0,-2,-1,9,-2
5916,5916,1503612479502,-7,4,4,1,1,3,0,-29
5917,5917,1503612479519,8,8,4,-1,-1,-4,-5,4
5918,5918,1503612479524,0,-6,-2,0,-1,-1,2,11
5919,5919,1503612479531,0,-2,-3,-1,0,-4,-12,-7
5920,5920,1503612479547,-2,-2,1,1,1,1,-4,3
5921,5921,1503612479554,3,2,-2,0,-1,-1,2,3
5922,5922,1503612479562,0,0,0,3,0,0,-1,0
5923,5923,1503612479576,0,-7,-2,-2,0,1,1,0
5924,5924,1503612479587,4,2,0,-1,-2,0,1,-2
5925,5925,1503612479591,7,15,3,1,3,3,-1,57
5926,5926,1503612479606,2,-15,-11,-5,-3,-4,-5,6
5927,5927,1503612479614,0,-12,-2,-1,-1,-2,3,4
5928,5928,1503612479622,-8,-7,-1,-1,-2,-2,10,0
5929,5929,1503612479636,-3,-8,-5,-4,-2,1,0,-16
5930,5930,1503612479644,2,0,3,0,2,0,-6,-5
5931,5931,1503612479653,-7,2,3,-2,-3,-3,0,-14
5932,5932,1503612479666,5,6,0,-3,-3,-2,-4,10
5933,5933,1503612479673,3,1,-3,-2,2,1,-5,-13
5934,5934,1503612479681,-1,2,0,1,-1,0,-2,3
5935,5935,1503612479696,-6,4,-2,0,-2,-2,0,-11
5936,5936,1503612479704,-1,13,6,0,-3,0,1,-8
5937,5937,1503612479711,3,4,1,1,-3,0,-6,-4
5938,5938,1503612479726,0,-9,-6,-3,-1,-3,-14,4
5939,5939,1503612479733,-5,3,-2,1,-2,-1,0,-8
5940,5940,1503612479741,-6,3,1,-1,0,-1,-3,-5
5941,5941,1503612479756,1,-5,-3,-2,1,-2,2,0
5942,5942,1503612479764,5,10,2,-3,0,-1,-6,-1
5943,5943,1503612479771,1,-3,-2,1,1,0,2,-2
5944,5944,1503612479788,4,0,-2,-2,-2,-1,7,3
5945,5945,1503612479794,-16,-14,-3,-4,-3,-1,-4,-5
5946,5946,1503612479802,104,-9,-2,-2,0,0,4,2
5947,5947,1503612479816,-21,0,1,1,0,-2,-2,-1
5948,5948,1503612479825,-81,0,0,-1,-3,-1,4,-1
5949,5949,1503612479831,-21,-11,-1,0,0,2,12,-5
5950,5950,1503612479847,-15,-8,-6,-2,0,-2,3,2
5951,5951,1503612479855,0,-3,-1,-2,-2,-2,-2,3
5952,5952,1503612479861,-1,2,3,1,0,1,-2,-1
5953,5953,1503612479876,7,-2,-1,-1,-1,-2,-2,5
5954,5954,1503612479884,-3,-1,1,5,1,1,-6,-5
5955,5955,1503612479892,12,14,6,1,-3,-3,-15,-1
5956,5956,1503612479907,-17,-1,0,2,0,0,6,2
5957,5957,1503612479913,11,-4,0,-1,3,4,1,-3
5958,5958,1503612479923,-5,-1,-2,-3,-1,-3,-1,-1
5959,5959,1503612479936,11,15,2,0,-4,-4,-7,-1
5960,5960,1503612479944,-7,1,-1,-1,-2,0,0,-6
5961,5961,1503612479951,-2,-8,-6,-1,-1,-1,4,1
5962,5962,1503612479967,5,-2,-2,-1,-2,-2,-12,-1
5963,5963,1503612479973,0,-8,-5,-4,-2,-1,6,1
5964,5964,1503612479982,3,1,-2,-4,-2,-2,8,7
5965,5965,1503612479997,2,-8,-3,-3,-3,-2,-1,-6
5966,5966,1503612480004,-1,-1,-2,-1,1,-1,-4,-1
5967,5967,1503612480011,2,-6,-4,-3,1,-4,2,6
5968,5968,1503612480029,-4,4,6,2,4,1,-9,-12
5969,5969,1503612480034,1,-3,-1,-5,-3,2,10,-2
5970,5970,1503612480042,-7,5,-2,-2,-4,-3,-3,-4
5971,5971,1503612480057,-10,4,4,1,0,0,-1,0
5972,5972,1503612480064,-5,-10,-4,-3,-2,-1,-1,-6
5973,5973,1503612480071,3,-3,-3,1,-1,0,-5,-3
5974,5974,1503612480089,1,-1,-1,1,3,1,3,5
5975,5975,1503612480094,1,9,1,1,0,-3,-3,-5
5976,5976,1503612480102,-6,-2,0,0,0,-1,-4,0
5977,5977,1503612480116,1,13,4,2,2,-1,0,4
5978,5978,1503612480125,1,-9,-4,-3,-4,-4,-7,-6
5979,5979,1503612480132,-3,-16,-4,0,-1,0,-6,-1
5980,5980,1503612480147,12,12,-2,-1,0,1,7,7
5981,5981,1503612480153,-6,-5,0,-1,-2,-1,-1,-4
5982,5982,1503612480162,-10,-15,-7,-2,-2,0,4,-2
5983,5983,1503612480176,2,5,0,0,1,2,2,3
5984,5984,1503612480191,0,3,-2,0,1,1,8,-1
5985,5985,1503612480192,-3,-2,-4,-2,-1,-1,2,0
5986,5986,1503612480206,2,-8,-5,-3,-2,0,4,1
5987,5987,1503612480213,-2,2,0,0,-1,1,-4,-5
5988,5988,1503612480224,-6,12,3,-2,-2,-2,-1,-3
5989,5989,1503612480236,0,-9,-4,-2,-2,-2,-3,-6
5990,5990,1503612480244,6,14,4,3,2,0,10,-2
5991,5991,1503612480251,-1,-5,-3,-1,-5,-3,-6,-7
5992,5992,1503612480266,1,-6,-6,-3,-3,1,-1,-6
5993,5993,1503612480267,4,-9,-5,-2,-1,-1,-6,59
5994,5994,1503612480273,0,10,2,2,2,0,7,-3
5995,5995,1503612480282,-15,-3,4,1,0,0,0,-1
5996,5996,1503612480296,-1,-3,-2,-2,1,-1,2,6
5997,5997,1503612480304,1,0,-1,1,2,1,0,-59
5998,5998,1503612480311,1,1,5,0,-2,-5,-7,-6
5999,5999,1503612480327,6,-7,-2,0,-1,2,11,3
6000,6000,1503612480333,9,4,0,-3,0,-1,-1,4
6001,6001,1503612480348,-4,-7,-2,-3,1,-3,-3,2
6002,6002,1503612480356,-1,-5,-4,-1,-2,-1,-5,7
6003,6003,1503612480364,-2,1,-2,-1,-4,0,-10,-11
6004,6004,1503612480378,-5,-1,2,1,3,1,-1,1
6005,6005,1503612480386,-1,5,2,1,-2,0,4,-2
6006,6006,1503612480387,-3,-11,-2,-2,-2,-1,-3,-11
6007,6007,1503612480394,-4,-1,-2,-2,-2,-3,-30,-17
6008,6008,1503612480408,1,5,0,1,-2,-2,-3,2
6009,6009,1503612480416,-3,-4,-4,-5,-4,-1,7,-19
6010,6010,1503612480425,1,-1,-3,-2,-2,-1,-3,12
6011,6011,1503612480439,-11,1,-3,1,0,0,-1,-3
6012,6012,1503612480447,-4,-1,1,1,-1,-2,-1,2
6013,6013,1503612480454,3,0,2,2,-1,0,7,4
6014,6014,1503612480469,0,2,-1,3,4,1,-1,5
6015,6015,1503612480476,7,-1,-4,-4,0,-1,3,9
6016,6016,1503612480484,6,5,1,-3,-2,-3,-2,-4
6017,6017,1503612480500,-7,-5,-3,0,3,1,10,6
6018,6018,1503612480507,4,13,3,-2,-1,-1,7,-3
6019,6019,1503612480513,6,17,9,3,0,1,-1,-7
6020,6020,1503612480529,-6,11,1,-1,-3,-2,-9,-6
6021,6021,1503612480536,7,-10,-4,0,-4,-3,-3,0
6022,6022,1503612480544,-2,-7,-4,0,-1,-2,7,-15
6023,6023,1503612480560,-1,-1,0,-3,-3,0,-6,-3
6024,6024,1503612480568,4,1,-2,0,2,0,-4,1
6025,6025,1503612480573,-5,-8,0,-2,-2,2,3,-1
6026,6026,1503612480589,-5,-11,-2,-2,-2,-2,-16,9
6027,6027,1503612480597,11,4,-6,-4,-2,-2,0,2
6028,6028,1503612480604,-1,-3,1,0,-2,0,1,-5
6029,6029,1503612480618,-6,-2,0,3,1,0,1,0
6030,6030,1503612480626,1,-9,-10,-4,-2,1,5,5
6031,6031,1503612480627,-2,-3,0,-3,-1,-1,2,12
6032,6032,1503612480634,-3,-7,1,-3,-1,-1,1,47
6033,6033,1503612480649,-2,4,0,1,-2,0,3,15
6034,6034,1503612480656,-2,-1,0,0,0,-4,-3,-5
6035,6035,1503612480664,-10,-9,-4,-1,0,0,6,-1
6036,6036,1503612480678,0,6,5,3,3,-2,-1,-13
6037,6037,1503612480686,3,6,3,-1,-1,-1,-2,-8
6038,6038,1503612480694,1,0,0,-1,-3,-1,12,-12
6039,6039,1503612480708,2,-7,1,0,0,0,5,5
6040,6040,1503612480716,9,8,0,0,0,0,-1,-1
6041,6041,1503612480724,6,-2,-2,-2,-2,2,-8,-6
6042,6042,1503612480738,4,8,-3,-3,0,3,5,-5
6043,6043,1503612480746,7,1,0,2,0,-3,-6,-8
6044,6044,1503612480753,2,1,0,-1,1,-1,-1,11
6045,6045,1503612480769,-5,-4,1,-1,-2,0,-8,5
6046,6046,1503612480776,-24,-3,-4,-3,-1,-2,-6,-7
6047,6047,1503612480784,3,-8,-7,-3,-2,0,2,9
6048,6048,1503612480798,-2,8,5,0,1,-4,-6,-7
6049,6049,1503612480799,1,-8,-5,-3,-3,-1,-3,-3
6050,6050,1503612480806,1,8,4,3,0,-2,-3,-1
6051,6051,1503612480813,1,-2,0,0,1,0,2,-1
6052,6052,1503612480828,9,-19,-9,-5,-1,-2,-1,-4
6053,6053,1503612480836,-1,-7,-3,-1,0,0,-5,8
6054,6054,1503612480844,7,17,2,0,0,-1,1,-13
6055,6055,1503612480861,-8,-21,-7,-3,-2,1,1,-9
6056,6056,1503612480862,1,17,5,3,0,2,1,7
6057,6057,1503612480867,-10,-3,-1,-2,-2,-1,1,5
6058,6058,1503612480873,-1,2,2,1,0,1,5,-8
6059,6059,1503612480889,-3,4,3,1,0,-1,-4,-14
6060,6060,1503612480896,-3,-4,-3,-2,-2,-3,-3,3
6061,6061,1503612480904,7,33,10,1,1,-3,-10,-4
6062,6062,1503612480918,2,-7,-5,-3,-3,0,-5,-8
6063,6063,1503612480928,-2,-12,-6,-6,-5,1,6,38
6064,6064,1503612480933,3,1,1,1,0,-1,8,-8
6065,6065,1503612480948,-7,-3,2,3,-1,-2,2,-5
6066,6066,1503612480956,11,-6,-1,2,-2,-2,-9,6
6067,6067,1503612480964,0,-9,-6,-5,0,-1,-1,-1
6068,6068,1503612480978,2,-1,2,-1,-2,-4,-8,-5
6069,6069,1503612480986,-6,-7,-3,0,0,0,0,-5
6070,6070,1503612480995,8,23,3,-4,0,2,4,16
6071,6071,1503612481008,-6,15,1,1,1,-1,-2,-13
6072,6072,1503612481016,-20,-12,-6,-2,-2,1,-1,-12
6073,6073,1503612481024,5,-7,1,0,0,-3,-3,-8
6074,6074,1503612481038,-1,-4,-4,-3,0,1,20,-7
6075,6075,1503612481046,-2,-9,-3,-2,-2,-2,-3,-2
6076,6076,1503612481053,-3,-2,3,2,0,-4,-13,-1
6077,6077,1503612481068,-2,1,2,4,0,3,9,3
6078,6078,1503612481076,3,-8,-3,0,-2,-5,-14,-19
6079,6079,1503612481084,16,16,8,4,1,1,-1,8
6080,6080,1503612481099,-6,-4,-4,-3,-1,1,4,3
6081,6081,1503612481106,-12,-19,-5,-2,0,-1,-5,-6
6082,6082,1503612481114,5,1,3,3,1,0,-5,1
6083,6083,1503612481132,-6,-8,-8,-4,-4,0,1,-3
6084,6084,1503612481136,-19,-4,0,-2,-1,0,-3,-3
6085,6085,1503612481144,-5,-8,-6,-5,-3,-4,-19,2
6086,6086,1503612481158,5,2,0,-3,-1,-2,-1,3
6087,6087,1503612481167,-11,14,0,-1,0,2,1,-31
6088,6088,1503612481173,4,4,-2,5,2,0,4,7
6089,6089,1503612481188,1,-3,-1,-2,0,-2,0,-22
6090,6090,1503612481197,1,-1,-2,-5,0,-1,5,-6
6091,6091,1503612481204,14,-1,4,2,0,-3,4,8
6092,6092,1503612481218,-4,-13,-7,-2,-4,-3,-7,1
6093,6093,1503612481226,-14,-3,0,-1,-1,3,3,8
6094,6094,1503612481233,0,4,2,0,-1,-1,0,4
6095,6095,1503612481249,0,-2,-4,-2,-1,-1,9,9
6096,6096,1503612481256,-4,-3,0,0,-1,1,2,-2
6097,6097,1503612481264,-2,-2,-1,-2,-3,-2,-4,1
6098,6098,1503612481278,1,1,0,1,1,1,6,-21
6099,6099,1503612481286,0,-1,-4,-2,-1,-2,1,5
6100,6100,1503612481301,-1,4,3,2,-1,-2,-5,-5
6101,6101,1503612481309,11,-10,-4,-4,-2,-1,-7,1
6102,6102,1503612481316,-2,1,1,-2,-1,1,-6,4
6103,6103,1503612481332,4,3,0,-3,0,0,1,-1
6104,6104,1503612481339,5,1,-1,1,0,2,0,0
6105,6105,1503612481346,2,-10,-4,-2,-2,-2,-1,8
6106,6106,1503612481361,-4,-6,-4,-5,-2,-2,2,5
6107,6107,1503612481369,0,3,0,0,0,-1,2,15
6108,6108,1503612481376,-2,2,-1,0,-1,-1,-1,-3
6109,6109,1503612481391,1,8,8,6,4,-2,-4,-8
6110,6110,1503612481399,11,-4,-3,-2,-2,-3,-10,-6
6111,6111,1503612481407,-7,5,-1,0,0,2,2,-2
6112,6112,1503612481421,15,-3,0,-2,1,-1,1,16
6113,6113,1503612481429,-7,14,8,-1,0,2,-3,-9
6114,6114,1503612481436,26,4,-3,-1,-3,-1,0,5
6115,6115,1503612481451,5,-7,-6,-2,-1,1,2,-2
6116,6116,1503612481467,-18,1,2,0,-1,1,3,1
6117,6117,1503612481469,-16,1,-2,0,-1,0,3,0
6118,6118,1503612481481,-3,4,2,1,1,-2,-4,-2
6119,6119,1503612481489,0,-4,-4,-3,-4,1,1,22
6120,6120,1503612481498,-7,0,1,0,0,-1,-3,51
6121,6121,1503612481511,4,-5,-3,-2,-2,-3,-3,-45
6122,6122,1503612481518,-5,2,-2,1,-1,0,1,-41
6123,6123,1503612481526,7,3,0,0,1,0,-1,19
6124,6124,1503612481541,-26,-11,-8,-3,-1,0,3,12
6125,6125,1503612481549,-5,-1,-3,-3,0,-3,-1,-1
6126,6126,1503612481556,4,-12,-6,-4,-2,0,-3,-12
6127,6127,1503612481571,-4,-8,-5,-3,-1,1,-2,-8
6128,6128,1503612481578,9,14,1,-2,-2,-1,-2,-6
6129,6129,1503612481586,-22,3,-1,0,-2,-1,-3,-6
6130,6130,1503612481601,-12,3,1,3,1,1,1,-5
6131,6131,1503612481609,22,-8,-7,-4,-2,-1,-1,2
6132,6132,1503612481610,-12,-4,0,-1,0,-1,3,9
6133,6133,1503612481616,1,3,2,-1,-2,-1,-1,-5
6134,6134,1503612481632,-2,-5,-2,2,-2,-1,-3,-9
6135,6135,1503612481638,-4,6,5,-3,0,0,-2,6
6136,6136,1503612481646,-1,-6,2,-2,1,0,-4,-5
6137,6137,1503612481661,2,-9,-4,2,-2,-3,1,2
6138,6138,1503612481670,27,-3,0,2,0,1,4,4
6139,6139,1503612481676,-10,0,2,0,-1,-1,-3,-5
6140,6140,1503612481691,1,-3,-2,0,0,-2,1,0
6141,6141,1503612481701,-5,-3,-6,-7,-3,-1,2,11
6142,6142,1503612481707,33,5,4,1,-1,-1,-4,0
6143,6143,1503612481728,21,1,-2,0,0,2,-1,0
6144,6144,1503612481730,-46,3,-3,-2,0,-2,-2,-8
6145,6145,1503612481736,44,2,-2,1,0,-4,-2,10
6146,6146,1503612481738,-31,-5,0,0,2,-1,-1,-6
6147,6147,1503612481751,-17,-6,-2,-3,-1,-3,0,-5
6148,6148,1503612481758,-5,11,3,-1,-2,-3,-1,-12
6149,6149,1503612481769,2,9,2,0,-1,-2,0,-3
6150,6150,1503612481781,13,-8,0,1,0,2,-2,-3
6151,6151,1503612481789,6,1,-2,-3,-1,3,1,2
6152,6152,1503612481796,28,11,0,-3,-2,-1,-1,35
6153,6153,1503612481811,-2,-7,-3,2,-1,-3,2,5
6154,6154,1503612481818,-15,-1,0,0,1,-3,-1,-14
6155,6155,1503612481826,3,0,-1,2,2,1,-1,3
6156,6156,1503612481840,29,-3,-5,-7,-3,-4,-1,-3
6157,6157,1503612481848,8,16,9,0,1,1,-2,-9
6158,6158,1503612481858,-8,-7,-5,-2,-1,2,0,-7
6159,6159,1503612481871,8,-15,-5,1,0,-3,-2,3
6160,6160,1503612481878,-4,0,0,4,-1,-1,-3,-4
6161,6161,1503612481887,-15,6,6,4,1,1,1,9
6162,6162,1503612481903,-22,-5,2,1,2,0,3,-5
6163,6163,1503612481908,15,5,-4,-2,0,-3,-3,-39
6164,6164,1503612481916,40,8,-1,-3,-3,-2,-2,7
6165,6165,1503612481931,-11,-15,-11,-6,-2,-1,0,-3
6166,6166,1503612481939,-32,-7,-3,-2,0,0,-1,10
6167,6167,1503612481946,-3,-2,1,-2,-1,0,-1,6
6168,6168,1503612481960,-6,-2,0,2,-2,0,-7,-11
6169,6169,1503612481969,4,-1,0,0,-1,-1,-3,5
6170,6170,1503612481977,-5,-1,-2,1,-1,0,2,-9
6171,6171,1503612481991,23,22,11,0,1,1,-2,-5
6172,6172,1503612481999,22,-4,-4,-2,-3,-3,-16,-16
6173,6173,1503612482006,3,-22,-16,-8,-5,-2,-4,30
6174,6174,1503612482021,-26,8,5,2,1,-2,-13,-14
6175,6175,1503612482029,37,-8,-3,-2,-1,-2,-1,12
6176,6176,1503612482037,0,-2,-2,0,1,0,4,4
6177,6177,1503612482052,-18,2,4,2,1,1,1,-11
6178,6178,1503612482059,-1,-1,3,0,-1,0,33,21
6179,6179,1503612482067,4,4,2,3,-1,0,9,2
6180,6180,1503612482081,-8,-7,-2,-4,2,-1,0,0
6181,6181,1503612482089,-10,-6,-10,-3,-2,-3,1,-8
6182,6182,1503612482097,7,1,-1,-1,-7,-1,-7,-13
6183,6183,1503612482113,-25,-5,-3,-2,-3,-6,-5,6
6184,6184,1503612482118,-1,21,7,1,-1,0,0,9
6185,6185,1503612482126,-2,5,1,-2,0,4,6,7
6186,6186,1503612482142,1,-6,-4,-2,2,0,-10,1
6187,6187,1503612482149,5,6,4,2,0,-3,-7,5
6188,6188,1503612482156,4,-4,-3,0,0,1,2,-36
6189,6189,1503612482171,-8,-6,-6,2,-2,-1,2,-9
6190,6190,1503612482179,6,0,-1,-2,-5,-1,3,-5
6191,6191,1503612482180,1,-6,-4,1,4,0,-2,-2
6192,6192,1503612482186,-6,-3,-4,-4,0,0,13,3
6193,6193,1503612482203,-8,0,4,-2,1,1,1,28
6194,6194,1503612482209,2,2,2,-2,3,-2,-7,13
6195,6195,1503612482216,-5,-15,-8,-2,-3,0,3,26
6196,6196,1503612482232,15,4,-10,-5,-4,-2,-5,-27
6197,6197,1503612482239,-1,-4,-3,1,-1,0,-6,-13
6198,6198,1503612482253,4,5,0,-1,-3,-1,-2,1
6199,6199,1503612482261,2,-2,-6,-4,0,-1,2,-32
6200,6200,1503612482271,-9,1,5,-2,-4,1,2,-3
6201,6201,1503612482283,-3,1,6,4,4,-1,0,-4
6202,6202,1503612482291,3,-3,0,-2,1,1,-3,26
6203,6203,1503612482299,-15,-3,-2,-2,-5,-3,-6,-48
6204,6204,1503612482314,0,-2,2,1,4,1,-8,-16
6205,6205,1503612482321,-1,0,-2,0,-2,1,23,30
6206,6206,1503612482329,0,-8,-1,0,-3,-2,4,24
6207,6207,1503612482343,3,3,9,4,1,1,-4,7
6208,6208,1503612482351,-21,-5,-4,-2,0,2,4,1
6209,6209,1503612482358,10,3,-2,-4,-3,-2,-9,4
6210,6210,1503612482374,-3,-3,5,2,1,-1,-2,-17
6342,6342,1503612483693,-8,0,-5,1,-2,-1,9,-7
6343,6343,1503612483701,32,-3,-5,-1,0,-1,-2,0
6344,6344,1503612483716,-2,3,1,-2,-1,-1,1,-8
6345,6345,1503612483723,4,-8,-3,-3,1,-1,0,-14
6346,6346,1503612483731,6,-5,-1,-1,-2,1,2,-7
6347,6347,1503612483745,-6,5,1,1,-1,0,6,-5
6348,6348,1503612483753,-2,5,-2,2,-2,-2,-6,21
6349,6349,1503612483761,2,15,5,-3,-3,-5,-3,-19
6350,6350,1503612483776,-1,-9,-3,0,0,-1,5,3
6351,6351,1503612483783,6,-10,-4,-2,-1,-2,9,-14
6352,6352,1503612483791,-1,-1,5,1,-2,-2,3,-19
6353,6353,1503612483806,-12,7,4,4,1,-1,-2,-6
6354,6354,1503612483816,0,-3,-2,-3,3,2,-2,-7
6355,6355,1503612483821,-1,4,2,2,2,-2,-1,-10
6356,6356,1503612483836,-2,-2,3,1,1,1,-2,-14
6357,6357,1503612483843,-12,6,3,0,-1,1,-24,-23
6358,6358,1503612483851,-16,9,2,1,2,4,21,-3
6359,6359,1503612483852,31,9,1,-3,-9,-9,-11,8
6360,6360,1503612483865,10,-6,-2,-1,-7,-8,-4,-1
6361,6361,1503612483873,3,7,-2,-3,-2,-1,4,26
6362,6362,1503612483884,6,-11,-5,-1,-2,-2,5,12
6363,6363,1503612483896,-2,-3,-3,-1,-2,-6,0,-5
6364,6364,1503612483903,-7,-5,-3,-3,0,0,4,21
6365,6365,1503612483911,-21,7,5,3,3,-1,2,-30
6366,6366,1503612483925,6,21,11,2,0,1,-1,15
6367,6367,1503612483933,-7,-9,-4,1,-1,0,0,33
6368,6368,1503612483941,-13,-11,-2,-1,-1,2,-5,-25
6369,6369,1503612483956,-5,-9,-2,1,0,2,14,10
6370,6370,1503612483963,-2,-3,3,-1,5,1,-1,30
6371,6371,1503612483971,-6,0,4,2,5,2,-6,11
6372,6372,1503612483985,10,-4,-7,-2,-3,-2,-1,16
6373,6373,1503612483997,5,-3,-3,-2,0,-1,-1,7
6374,6374,1503612484001,-4,7,0,1,-2,-1,-1,-52
6375,6375,1503612484017,4,-6,-4,-2,-2,-2,-4,-29
6376,6376,1503612484030,-22,-15,-4,-2,-2,5,5,-2
6377,6377,1503612484032,-4,1,4,0,1,3,6,-13
6378,6378,1503612484045,-3,1,-5,-4,-4,-7,-2,4
6379,6379,1503612484054,9,2,5,0,-3,-1,-3,-7
6380,6380,1503612484061,-4,-14,-9,-3,1,0,9,8
6381,6381,1503612484076,-9,-20,-8,-3,-2,-1,-10,-31
6382,6382,1503612484084,-2,-4,-5,-5,-4,-2,-11,-6
6383,6383,1503612484098,1,2,1,0,0,-2,-1,-11
6384,6384,1503612484105,-11,1,-3,2,1,1,4,5
6385,6385,1503612484113,16,9,0,0,-2,-2,3,27
6386,6386,1503612484128,-1,4,4,0,-1,-2,0,2
6387,6387,1503612484136,-18,-7,-2,-1,-3,-1,-1,0
6388,6388,1503612484142,11,8,4,1,1,2,7,-5
6389,6389,1503612484159,-3,-4,-5,-1,-1,1,5,-19
6390,6390,1503612484165,-1,-6,-4,-3,-6,-5,5,18
6391,6391,1503612484173,-5,-1,-1,0,6,2,-3,-22
6392,6392,1503612484188,-1,-2,-2,0,2,-1,-5,-6
6393,6393,1503612484196,5,14,-1,-1,-3,-1,0,11
6394,6394,1503612484203,-8,7,5,0,3,1,0,-2
6395,6395,1503612484219,7,-5,-6,-2,-1,0,-5,5
6396,6396,1503612484227,3,2,-5,-2,-3,-4,-4,13
6397,6397,1503612484233,2,4,4,0,-1,-2,-2,26
6398,6398,1503612484251,10,-12,-3,-2,0,2,-3,1
6399,6399,1503612484256,18,-1,-4,-3,-2,-2,2,9
6400,6400,1503612484264,2,3,-3,1,0,-1,5,-8
6401,6401,1503612484278,-15,2,5,0,1,3,15,22
6402,6402,1503612484286,21,5,0,1,1,-1,-3,22
6403,6403,1503612484287,-7,-2,-1,0,1,-2,-6,-10
6404,6404,1503612484293,-6,-2,-5,-2,-2,-2,-4,-14
6405,6405,1503612484309,11,-2,-4,-2,-1,1,1,0
6406,6406,1503612484317,-2,16,11,3,-1,4,-1,1
6407,6407,1503612484324,1,3,0,-5,-6,-2,-7,6
6408,6408,1503612484338,3,0,-5,-1,-1,-4,-8,-10
6409,6409,1503612484346,-2,7,4,2,-2,-2,-2,-6
6410,6410,1503612484354,-7,-5,-1,-1,1,0,2,-4
6411,6411,1503612484369,-10,-8,-4,0,-1,0,-1,-8
6412,6412,1503612484376,1,-5,-4,0,-2,-5,-7,-28
6413,6413,1503612484387,5,1,0,-2,-1,0,3,14
6414,6414,1503612484398,-1,-6,-1,0,-2,0,-5,17
6415,6415,1503612484406,1,-3,-2,-2,-2,0,4,12
6416,6416,1503612484413,-10,-10,-9,-2,-2,-1,-3,11
6417,6417,1503612484429,6,30,8,1,1,1,-2,-14
6418,6418,1503612484436,-3,-4,1,0,-2,-2,0,-1
6419,6419,1503612484444,-6,-4,4,5,1,-2,0,-29
6420,6420,1503612484459,1,6,1,-2,1,0,-4,4
6421,6421,1503612484466,-2,-11,-2,-1,0,0,4,10
6422,6422,1503612484473,-3,-2,-3,-4,-3,0,-2,8
6423,6423,1503612484494,1,1,0,-2,0,0,6,0
6424,6424,1503612484496,2,-1,-2,-4,-7,-2,4,-7
6425,6425,1503612484511,-1,-7,-8,2,1,-1,-8,0
6426,6426,1503612484520,-6,1,-3,-1,4,-1,0,-7
6427,6427,1503612484527,0,-10,-4,-4,1,2,4,-1
6428,6428,1503612484534,-25,-3,-3,1,2,1,-3,-16
6429,6429,1503612484549,4,0,-1,-1,0,-2,-3,10
6430,6430,1503612484557,7,1,6,4,1,-2,1,2
6431,6431,1503612484571,-6,-5,-2,-2,-7,-3,2,-9
6432,6432,1503612484578,0,-6,-2,0,-1,0,-2,-1
6433,6433,1503612484587,5,2,2,0,3,0,-1,5
6434,6434,1503612484593,10,-4,-1,-1,-2,0,6,3
6435,6435,1503612484609,-2,-1,-3,-2,0,1,1,1
6436,6436,1503612484616,-1,-4,-4,-3,1,0,1,6
6437,6437,1503612484631,5,19,9,5,-3,-3,-11,0
6438,6438,1503612484638,5,-1,-5,-4,-4,-3,-2,4
6439,6439,1503612484655,3,9,3,0,0,0,0,0
6440,6440,1503612484656,-1,-2,1,0,-3,1,-2,-4
6441,6441,1503612484669,3,-5,-2,2,1,-3,-5,0
6442,6442,1503612484676,2,4,2,2,3,-1,-4,-7
6443,6443,1503612484691,7,-6,-1,-1,-3,-3,-10,-4
6444,6444,1503612484698,-7,4,0,-2,1,1,15,3
6445,6445,1503612484706,-4,-4,1,-3,-1,1,4,1
6446,6446,1503612484713,2,7,5,4,3,0,-8,0
6447,6447,1503612484730,1,7,-3,-3,2,-1,-7,0
6448,6448,1503612484736,-2,-10,0,1,-1,-2,-4,3
6449,6449,1503612484751,3,8,2,2,1,1,3,5
6450,6450,1503612484759,6,-1,-5,-5,-3,-2,4,-4
6451,6451,1503612484767,-7,-7,2,1,-1,-2,2,3
6452,6452,1503612484773,5,10,3,4,2,1,1,-2
6453,6453,1503612484790,-3,-8,-3,-1,-1,1,2,0
6454,6454,1503612484797,-2,-10,-3,-1,0,-2,-5,-1
6455,6455,1503612484811,0,15,2,-2,-1,0,11,-4
6456,6456,1503612484818,-1,2,0,-1,-2,-4,-3,0
6457,6457,1503612484826,-1,-9,-8,-2,1,-1,-9,-5
6458,6458,1503612484833,4,3,-3,-4,0,2,2,1
6459,6459,1503612484849,-7,1,-1,-4,-5,-1,0,0
6460,6460,1503612484862,1,-12,-4,-6,-6,-3,-3,7
6461,6461,1503612484871,0,-14,-2,3,1,-1,-4,-1
6462,6462,1503612484878,-8,-1,0,0,-1,0,-2,-3
6463,6463,1503612484886,-3,7,6,-4,0,-2,-2,1
6464,6464,1503612484893,0,3,0,4,3,-1,3,-4
6465,6465,1503612484909,0,-11,-7,-1,2,-1,6,0
6466,6466,1503612484916,4,4,3,1,0,-2,-2,12
6467,6467,1503612484932,-3,-15,-9,0,2,0,-7,0
6468,6468,1503612484938,-2,-7,-4,-7,-6,-2,0,-4
6469,6469,1503612484946,2,3,2,0,1,3,5,11
6470,6470,1503612484953,-1,-7,-3,-2,-1,1,-4,-1
6471,6471,1503612484969,-3,-6,-5,-5,-4,-2,-4,-12
6472,6472,1503612484976,-11,-6,-5,-8,-8,-5,-18,-8
6473,6473,1503612484991,9,11,6,1,-1,-1,-7,-7
6474,6474,1503612484999,5,-3,-5,-4,0,-4,-11,-3
6475,6475,1503612485006,1,-6,0,1,-3,-3,0,-22
6476,6476,1503612485013,1,8,1,4,2,1,-4,9
6477,6477,1503612485029,2,13,5,2,-1,1,5,1
6478,6478,1503612485036,-5,-6,-3,1,0,-4,-13,-10
6479,6479,1503612485052,-3,-5,-5,-3,0,0,7,33
6480,6480,1503612485058,0,2,-2,-4,-1,0,-8,-10
6481,6481,1503612485059,7,3,7,4,3,0,4,-11
6482,6482,1503612485067,3,2,-2,1,1,0,3,6
6483,6483,1503612485081,1,7,-1,0,1,2,5,21
6484,6484,1503612485093,-17,-7,2,3,-2,-3,-6,-10
6485,6485,1503612485096,1,1,-2,-4,-2,0,7,9
6486,6486,1503612485113,5,7,2,3,0,-1,-7,-6
6487,6487,1503612485118,1,7,-3,-4,-1,-1,5,-4
6488,6488,1503612485126,-9,-6,-2,-1,2,-1,-4,-31
6489,6489,1503612485141,-7,-3,-1,1,0,3,18,15
6490,6490,1503612485149,2,-2,-10,-9,-7,0,0,11
6491,6491,1503612485159,1,-6,-1,-6,-5,-3,-11,-22
6492,6492,1503612485171,10,-5,-1,2,-3,-1,-1,-13
6493,6493,1503612485178,0,-4,2,4,2,2,-6,-11
6494,6494,1503612485186,-2,0,-4,-5,-3,-3,-5,-6
6495,6495,1503612485201,-4,-5,5,3,3,0,16,-4
6496,6496,1503612485209,-2,-21,-10,-3,-3,-1,3,11
6497,6497,1503612485216,-4,2,-3,-1,-1,-2,-6,-5
6498,6498,1503612485231,-1,-3,-3,-1,1,1,7,20
6499,6499,1503612485238,-1,-1,0,-2,0,-2,-2,-4
6500,6500,1503612485246,2,7,3,5,3,2,2,6
6501,6501,1503612485261,1,1,-2,3,-1,0,-1,6
6502,6502,1503612485269,2,4,7,0,-6,-3,-10,5
6503,6503,1503612485276,-1,-8,-6,-9,-1,1,6,10
6504,6504,1503612485292,-8,-6,-5,-3,1,-1,-3,-10
6505,6505,1503612485298,-8,-7,-6,-3,-4,0,1,17
6506,6506,1503612485314,-16,0,3,-1,-2,-3,7,-9
6507,6507,1503612485321,1,7,1,2,0,-1,4,-7
6508,6508,1503612485335,9,5,2,1,2,-3,-4,-5
6509,6509,1503612485337,2,2,0,2,0,-2,-13,-10
6510,6510,1503612485351,-2,3,-1,-3,2,1,-4,-6
6511,6511,1503612485359,6,9,4,2,3,-1,-3,-7
6512,6512,1503612485366,1,2,4,4,7,-2,1,1
6513,6513,1503612485381,0,-4,-2,-1,1,-2,-2,-3
6514,6514,1503612485389,-3,14,3,2,1,2,-5,2
6515,6515,1503612485396,-9,5,0,-3,-2,2,4,-8
6516,6516,1503612485411,0,1,-1,-3,-3,-2,-2,0
6517,6517,1503612485418,2,1,-4,-2,-3,-1,2,1
6518,6518,1503612485426,9,21,-1,-1,-5,0,0,-3
6519,6519,1503612485441,6,5,1,-2,-1,-2,0,-4
6520,6520,1503612485449,4,0,3,-3,0,4,2,15
6521,6521,1503612485456,-1,-5,-1,7,4,1,-3,0
6522,6522,1503612485471,-5,-9,-5,-4,-5,-4,0,-11
6523,6523,1503612485478,0,-7,0,-1,-1,0,-3,-4
6524,6524,1503612485486,-2,-8,-1,2,-1,1,12,13
6525,6525,1503612485501,4,-10,-5,0,-1,-2,-1,-10
6526,6526,1503612485509,-10,23,6,-1,-1,0,2,-20
6527,6527,1503612485516,-4,-9,-4,-7,-6,0,-2,-8
6528,6528,1503612485531,15,-15,-4,0,0,0,-4,12
6529,6529,1503612485538,1,0,-1,1,-1,-1,-2,7
6530,6530,1503612485546,-1,-14,-7,-4,-4,-2,-3,8
6531,6531,1503612485561,-2,0,1,-1,-3,1,16,10
6532,6532,1503612485569,-5,-3,-1,-1,-1,-2,2,2
6533,6533,1503612485576,-9,2,-1,0,-2,-4,-11,-4
6534,6534,1503612485591,7,9,2,0,-2,-2,-7,-6
6535,6535,1503612485598,1,1,3,-1,0,-1,3,4
6536,6536,1503612485606,2,-20,-10,-4,-1,0,-7,-8
6537,6537,1503612485621,-3,2,-6,-1,0,-2,0,-4
6538,6538,1503612485630,-7,-10,-3,-1,-2,-2,-2,-2
6539,6539,1503612485636,2,-2,0,-1,-3,-1,-3,15
6540,6540,1503612485651,0,6,0,-3,-3,-4,-1,-12
6541,6541,1503612485658,-1,1,0,1,2,2,-1,0
6542,6542,1503612485666,0,4,2,0,0,-1,1,2
6543,6543,1503612485681,-3,-6,-3,-4,-2,0,1,-6
6544,6544,1503612485689,0,-3,-3,-2,-1,3,0,-3
6545,6545,1503612485696,-6,29,7,3,-2,-1,-2,-10
6546,6546,1503612485711,2,8,5,3,3,0,-2,2
6547,6547,1503612485718,4,-15,-9,-2,-1,1,1,-10
6548,6548,1503612485728,-5,-5,-3,4,0,-1,-4,13
6549,6549,1503612485741,1,-5,-2,1,-1,-3,-2,4
6550,6550,1503612485749,-2,-7,-3,-4,1,-3,1,-7
6551,6551,1503612485756,0,-1,0,-2,0,-1,2,1
6552,6552,1503612485771,-8,2,4,4,0,0,-1,-9
6553,6553,1503612485778,-1,-1,0,-3,-3,-1,-5,-6
6554,6554,1503612485786,0,1,1,-4,0,-1,-1,-4
6555,6555,1503612485802,-4,-6,-1,1,1,-1,-2,2
6556,6556,1503612485809,3,3,0,2,-1,-2,-1,3
6557,6557,1503612485816,0,-1,-1,0,0,-1,-1,0
6558,6558,1503612485832,-19,-3,1,1,-2,-2,1,2
6559,6559,1503612485838,-2,-4,0,-3,-3,-1,-1,2
6560,6560,1503612485846,2,-7,-5,-1,-2,-3,-1,3
6561,6561,1503612485862,4,0,0,-1,0,-1,0,-2
6562,6562,1503612485869,0,-3,-2,-3,-2,1,0,-1
6563,6563,1503612485883,-1,1,1,2,1,-2,-1,2
6564,6564,1503612485891,-3,-2,0,-1,1,0,-1,-1
6565,6565,1503612485899,-1,-1,-4,-2,-1,1,-2,2
6566,6566,1503612485906,1,0,1,1,-2,0,-3,5
6567,6567,1503612485921,5,3,1,0,-1,1,0,1
6568,6568,1503612485930,7,0,1,0,-2,-2,-2,-6
6569,6569,1503612485936,3,-7,-1,0,-1,-2,0,-4
6570,6570,1503612485951,0,-7,-5,-2,0,-2,1,-3
6571,6571,1503612485958,0,-17,1,-1,1,0,-1,2
6572,6572,1503612485973,-5,-18,-3,-1,-1,-1,-4,-4
6573,6573,1503612485981,-2,9,0,-2,-3,-2,-1,1
6574,6574,1503612485989,0,17,0,-3,1,1,1,1
6575,6575,1503612486003,-2,7,-2,-3,-1,1,0,-5
6576,6576,1503612486011,3,5,1,-2,1,1,1,-1
6577,6577,1503612486018,0,10,0,0,1,-1,-3,-3
6578,6578,1503612486034,0,-9,-6,-2,-1,-1,0,1
6579,6579,1503612486041,1,-2,-4,2,-2,-2,0,3
6580,6580,1503612486049,-7,-4,-1,-2,0,0,1,0
6581,6581,1503612486064,-4,-7,-2,-1,-2,-2,0,-1
6582,6582,1503612486072,5,-1,-4,-2,-2,-2,-4,-3
6583,6583,1503612486078,0,2,1,-4,0,0,-2,-5
6584,6584,1503612486093,-1,5,1,1,-2,1,-1,-1
6585,6585,1503612486101,-2,0,0,3,1,-1,-2,0
6586,6586,1503612486109,-3,3,-2,0,1,-1,0,1
6587,6587,1503612486123,-1,0,-1,-1,-1,0,4,1
6588,6588,1503612486133,0,9,2,-2,-2,-3,-2,-3
6589,6589,1503612486139,4,-2,-4,-3,-1,0,0,2
6590,6590,1503612486140,-3,-13,-6,0,1,1,-4,-1
6591,6591,1503612486153,2,1,1,-2,-1,1,-2,2
6592,6592,1503612486161,-3,-6,-3,-2,0,0,-2,3
6593,6593,1503612486169,-1,-1,-3,-5,-2,-3,1,-2
6594,6594,1503612486183,-2,4,0,-1,-1,0,-2,-6
6595,6595,1503612486191,-2,-1,1,1,-1,0,-1,0
6596,6596,1503612486198,-5,-1,-3,-2,-1,-2,0,-2
6597,6597,1503612486213,2,-5,1,0,0,2,0,0
6598,6598,1503612486221,1,5,3,2,0,-1,-1,0
6599,6599,1503612486229,-3,1,0,2,0,-2,-1,-3
6600,6600,1503612486243,5,-2,-2,-1,-1,-1,-2,-5
6601,6601,1503612486251,-1,8,5,2,0,1,0,0
6602,6602,1503612486258,-7,0,-1,0,0,-2,2,0
6603,6603,1503612486274,5,-2,-3,0,-1,-2,-1,0
6604,6604,1503612486281,-2,-1,-1,0,-2,-2,-3,-4
6605,6605,1503612486289,3,0,-2,2,-1,1,3,6
6606,6606,1503612486303,2,-4,-1,0,0,1,0,1
6607,6607,1503612486311,-6,-4,-3,-3,-1,-2,-2,-4
6608,6608,1503612486318,3,2,1,-1,0,1,3,1
6609,6609,1503612486333,-1,3,1,0,-1,1,-1,-3
6610,6610,1503612486341,2,8,4,0,0,-2,-3,0
6611,6611,1503612486349,0,-9,-5,-3,1,-1,-1,-2
6612,6612,1503612486363,-1,-7,-2,0,-2,-2,0,-2
6613,6613,1503612486371,1,-5,-3,0,-3,-4,0,3
6614,6614,1503612486378,0,1,1,1,-2,-2,-2,2
6615,6615,1503612486393,-1,0,-2,-5,0,0,-2,-1
6616,6616,1503612486401,-2,4,0,-1,1,0,1,2
6617,6617,1503612486409,0,-10,-5,-2,-3,2,0,0
6618,6618,1503612486423,-3,8,2,-1,-2,0,-3,-4
6619,6619,1503612486433,-4,-3,-2,-2,-2,-3,-1,-4
6620,6620,1503612486438,4,-6,-4,-1,-1,-2,-1,-2
6621,6621,1503612486453,2,5,2,2,2,1,-2,0
6622,6622,1503612486460,-5,-1,0,0,0,-1,1,3
6623,6623,1503612486461,-4,0,1,-2,0,1,-1,-4
6624,6624,1503612486469,2,3,1,1,-1,-1,-5,-6
6625,6625,1503612486483,1,-7,0,-1,-2,-1,-3,1
6626,6626,1503612486491,1,-1,-2,-3,-1,-1,-2,-4
6627,6627,1503612486502,5,7,1,-4,1,-1,-1,0
6628,6628,1503612486513,-8,0,0,-2,-2,-1,3,3
6629,6629,1503612486521,0,-4,-4,2,-1,0,2,1
6630,6630,1503612486529,7,13,5,2,1,-2,1,-4
6631,6631,1503612486543,0,6,-2,-1,0,0,-1,-6
6632,6632,1503612486551,-2,-8,-2,-5,-1,-1,-2,-3
6633,6633,1503612486558,0,0,-1,-1,0,-2,-1,1
6634,6634,1503612486573,-2,-8,-1,0,-1,-2,-4,3
6635,6635,1503612486587,-3,-9,1,-1,-1,-1,-2,-3
6636,6636,1503612486589,-5,-5,-3,0,1,-2,-2,0
6637,6637,1503612486605,-4,-3,1,-1,-3,0,-11,-6
6638,6638,1503612486611,-7,-9,-5,-2,0,0,1,-6
6639,6639,1503612486618,1,-13,-4,-3,-3,1,2,3
6640,6640,1503612486637,-1,-3,-1,-4,0,-1,2,7
6641,6641,1503612486641,-4,-2,-3,-1,-1,-2,10,-1
6642,6642,1503612486649,1,3,1,3,-1,1,6,-5
6643,6643,1503612486663,5,8,0,-2,0,-1,-6,-1
6644,6644,1503612486671,1,4,-1,-2,-3,-1,-8,3
6645,6645,1503612486678,1,1,-2,-3,0,-1,5,6
6646,6646,1503612486693,1,0,0,-1,-1,-3,2,2
6647,6647,1503612486704,-2,1,-2,1,-1,-1,-12,2
6648,6648,1503612486709,2,6,1,-1,-2,-1,-2,1
6649,6649,1503612486723,-5,0,0,2,-3,-1,2,-1
6650,6650,1503612486731,-1,-10,-4,2,-1,0,0,-3
6651,6651,1503612486739,0,-7,-3,-3,0,1,3,-2
6652,6652,1503612486753,0,0,-2,-2,0,-1,-5,-2
6653,6653,1503612486760,0,4,-2,1,0,-2,-5,-2
6654,6654,1503612486771,-4,0,-3,-2,-2,1,4,-1
6655,6655,1503612486783,0,-1,0,-2,-1,-1,1,3
6656,6656,1503612486791,0,4,-1,-1,0,-2,-9,-1
6657,6657,1503612486798,-3,-3,-1,0,0,1,1,3
6658,6658,1503612486813,2,6,2,-1,0,-1,-2,-4
6659,6659,1503612486820,8,0,-3,1,-2,-2,2,-1
6660,6660,1503612486829,8,-1,0,2,0,1,6,3
6661,6661,1503612486844,0,-3,-2,-1,1,-2,-1,-6
6662,6662,1503612486852,-2,3,1,-5,-2,-1,-1,-5
6663,6663,1503612486859,-4,0,0,-2,0,0,0,-5
6664,6664,1503612486873,-1,-1,-1,-1,-2,-1,0,1
6665,6665,1503612486881,-3,3,0,0,1,1,2,-2
6666,6666,1503612486896,-4,-2,-2,0,0,2,2,2
6667,6667,1503612486904,-2,0,1,0,-1,-2,0,-2
6668,6668,1503612486911,1,1,0,-1,-2,-4,1,-2
6669,6669,1503612486925,6,5,4,2,0,1,1,0
6670,6670,1503612486933,2,6,0,2,2,0,-3,-5
6671,6671,1503612486942,-1,-2,-1,-4,-3,1,-4,1
6672,6672,1503612486962,-3,9,2,-2,-1,-1,-5,3
6673,6673,1503612486964,-4,-6,-4,2,-1,-2,-1,1
6674,6674,1503612486972,-4,-11,-5,1,1,-1,3,-2
6675,6675,1503612486985,6,2,2,-1,0,-3,0,0
6676,6676,1503612486993,-4,-1,1,-3,-1,1,-1,1
6677,6677,1503612487000,-3,-3,-1,2,-1,1,-1,-1
6678,6678,1503612487016,-2,-4,-1,4,-2,0,-4,-2
6679,6679,1503612487023,-7,-7,-6,-2,-4,-2,-1,-2
6680,6680,1503612487031,-2,-5,-3,-1,1,2,4,1
6681,6681,1503612487046,-4,-3,-2,-2,1,-1,1,-1
6682,6682,1503612487054,2,-3,2,-2,1,0,-3,2
6683,6683,1503612487061,-2,2,0,-2,-2,1,-6,-1
6684,6684,1503612487076,-4,-6,0,-2,-3,-3,-3,-3
6685,6685,1503612487083,-9,-5,-2,-2,0,0,-2,-4
6686,6686,1503612487091,0,-2,-1,1,-2,-2,1,-1
6687,6687,1503612487105,6,0,1,-1,-1,-4,1,2
6688,6688,1503612487113,1,-2,-4,-2,-2,-1,-2,0
6689,6689,1503612487121,-4,0,0,0,0,2,-2,0
6690,6690,1503612487139,1,1,-3,-3,-2,-2,-1,1
6691,6691,1503612487143,2,-4,-1,-3,-1,-2,-3,-2
6692,6692,1503612487151,-4,-2,1,-2,0,-1,-1,-2
6693,6693,1503612487165,-4,-4,-2,1,-2,-3,3,3
6694,6694,1503612487173,0,-1,-2,-3,-3,-2,10,-4
6695,6695,1503612487181,2,-3,0,-4,-2,0,4,-1
6696,6696,1503612487196,-5,-1,-1,2,-1,-1,-14,-4
6697,6697,1503612487206,0,5,1,0,0,0,-3,-2
6698,6698,1503612487211,5,-2,-4,-1,-1,-1,30,-2
6699,6699,1503612487212,-9,2,-1,-1,-1,-1,-1,-5
6700,6700,1503612487225,-4,4,0,0,0,-1,-21,0
6701,6701,1503612487233,-1,-2,0,-1,1,-1,-3,1
6702,6702,1503612487241,-1,2,2,-1,-2,-1,2,-8
6703,6703,1503612487256,20,3,0,-2,1,0,3,7
6704,6704,1503612487263,3,1,-2,3,1,-2,1,1
6705,6705,1503612487272,1,-4,-4,-2,1,-2,-9,2
6706,6706,1503612487285,5,-3,-1,1,0,0,5,-1
6707,6707,1503612487293,-1,-6,0,-1,-2,-1,2,-2
6708,6708,1503612487301,-9,-5,-3,-4,-4,-2,3,3
6709,6709,1503612487316,-10,-1,1,2,-2,2,1,0
6710,6710,1503612487323,-6,-1,-3,-1,1,-2,3,0
6711,6711,1503612487331,1,-1,0,-4,-4,0,2,-4
6712,6712,1503612487345,5,0,-3,-1,-3,-1,-1,-2
6713,6713,1503612487353,-2,-2,0,-2,0,-1,2,0
6714,6714,1503612487361,14,1,-1,-3,-1,1,1,3
6715,6715,1503612487376,-4,-4,-2,-1,-7,-3,-1,-3
6716,6716,1503612487383,-2,0,1,2,0,0,0,-1
6717,6717,1503612487391,-1,-5,-4,-3,4,0,-3,-2
6718,6718,1503612487407,-11,1,2,2,1,-3,-3,-3
6719,6719,1503612487413,-8,2,1,2,-2,-1,-1,-3
6720,6720,1503612487421,-1,-2,-3,-3,-1,-3,2,5
6721,6721,1503612487436,-4,-7,-5,-1,3,1,0,-32
6722,6722,1503612487443,-6,1,3,1,3,2,1,-3
6723,6723,1503612487451,-10,5,2,1,1,0,1,32
6724,6724,1503612487465,-5,4,2,-1,0,0,4,-5
6725,6725,1503612487474,9,4,1,1,-1,0,-1,3
6726,6726,1503612487481,7,-2,-3,-3,-2,-3,0,1
6727,6727,1503612487496,2,1,1,0,-1,-2,-5,-5
6728,6728,1503612487504,-16,3,2,1,0,0,0,-3
6729,6729,1503612487512,2,-1,-2,-2,-2,-2,-3,0
6730,6730,1503612487525,14,-23,-8,-4,-5,-1,-2,-1
6731,6731,1503612487533,-4,-1,1,0,-2,-1,0,-1
6732,6732,1503612487541,-3,-4,-2,-2,1,1,-3,-7
6733,6733,1503612487556,11,1,-3,0,-1,-1,1,14
6734,6734,1503612487563,-4,-1,-3,-1,-2,-4,-5,1
6735,6735,1503612487574,1,5,0,1,0,-1,1,1
6736,6736,1503612487585,8,7,1,-5,-1,2,-1,-4
6737,6737,1503612487593,-3,-2,1,-4,-8,-3,-6,-7
6738,6738,1503612487601,-8,0,-3,0,0,-2,2,-5
6739,6739,1503612487617,0,1,-2,2,1,0,-2,-2
6740,6740,1503612487623,-1,2,2,1,-2,1,2,6
6741,6741,1503612487631,4,7,2,0,1,-1,4,-3
6742,6742,1503612487645,3,2,0,0,0,0,2,-14
6743,6743,1503612487653,-4,-7,-3,-2,1,-4,-13,3
6909,6909,1503612489310,-6,-5,-2,0,-3,-3,-2,6
6910,6910,1503612489320,-1,-1,-2,0,-2,-2,-2,-3
6911,6911,1503612489326,5,6,0,-1,2,1,5,-5
6912,6912,1503612489340,5,5,0,-1,5,2,10,15
6913,6913,1503612489347,-9,2,2,2,-1,-1,-10,4
6914,6914,1503612489356,-9,-5,1,-2,1,-1,-2,-9
6915,6915,1503612489370,2,-10,-4,-5,-2,-6,-6,-1
6916,6916,1503612489378,-1,9,3,-1,2,1,-6,-6
6917,6917,1503612489387,6,5,-2,0,2,0,3,0
6918,6918,1503612489401,5,-5,-1,-2,0,4,-13,-1
6919,6919,1503612489407,-2,-10,-2,0,-2,-2,-5,-3
6920,6920,1503612489415,1,-8,-2,3,1,-2,-5,5
6921,6921,1503612489430,7,13,1,3,-3,-3,0,1
6922,6922,1503612489438,-2,-1,-3,-5,-4,-3,-1,-8
6923,6923,1503612489445,1,-8,0,0,-1,-2,-3,-3
6924,6924,1503612489461,14,4,-2,-2,-5,-3,2,-1
6925,6925,1503612489468,1,-6,-4,-4,-3,1,-3,16
6926,6926,1503612489475,-9,-9,-3,1,0,0,5,-4
6927,6927,1503612489492,-3,1,1,1,-2,0,-3,-4
6928,6928,1503612489498,1,-17,-11,-3,-2,-4,-18,-2
6929,6929,1503612489514,-5,-5,-3,-2,14,6,12,3
6930,6930,1503612489522,-9,-6,-4,2,1,2,1,-5
6931,6931,1503612489529,0,0,0,0,-2,-1,-1,1
6932,6932,1503612489535,-1,7,4,-1,0,-2,2,4
6933,6933,1503612489551,0,3,1,0,-3,1,0,-5
6934,6934,1503612489558,8,-12,-4,-5,-3,2,6,4
6935,6935,1503612489574,-1,0,-2,0,-4,-1,1,-18
6936,6936,1503612489580,1,9,4,2,3,-2,-3,6
6937,6937,1503612489581,-2,0,2,-1,0,-1,1,-1
6938,6938,1503612489589,1,-8,-6,-6,-3,-2,1,5
6939,6939,1503612489590,0,-5,-3,-4,-2,-5,-3,4
6940,6940,1503612489596,6,10,1,3,-1,-1,3,-4
6941,6941,1503612489611,-6,-3,-2,2,-4,-3,-6,-3
6942,6942,1503612489618,-3,-1,-1,1,1,2,14,-1
6943,6943,1503612489634,0,17,2,-2,0,0,3,6
6944,6944,1503612489640,-1,7,7,-1,-2,-1,-9,-2
6945,6945,1503612489649,-1,-8,-3,-1,1,0,-2,-6
6946,6946,1503612489657,-7,6,2,2,0,-1,-2,-3
6947,6947,1503612489671,2,-6,-3,0,-2,-1,1,3
6948,6948,1503612489678,-4,1,0,-2,1,0,3,-8
6949,6949,1503612489694,0,-1,0,0,-3,0,-3,-2
6950,6950,1503612489700,-14,-9,-4,-3,-2,-1,4,10
6951,6951,1503612489708,-2,20,1,0,-2,-3,-5,1
6952,6952,1503612489709,-4,-6,0,0,-2,1,1,4
6953,6953,1503612489725,2,0,1,0,1,1,-4,-2
6954,6954,1503612489731,-12,-11,-6,0,-3,-3,-6,-2
6955,6955,1503612489738,2,1,-1,1,-3,-3,1,0
6956,6956,1503612489754,6,8,3,-3,1,-3,-4,-7
6957,6957,1503612489761,3,-5,-6,-4,-4,1,10,0
6958,6958,1503612489769,0,-4,0,0,-2,-1,-5,-1
6959,6959,1503612489783,0,13,2,0,1,1,-2,-33
6960,6960,1503612489792,-6,6,1,-5,-1,-1,3,-2
6961,6961,1503612489798,-1,0,0,-3,-3,-1,-5,11
6962,6962,1503612489814,1,8,0,0,-2,-3,-3,-10
6963,6963,1503612489820,-3,-1,1,2,3,-2,-1,9
6964,6964,1503612489829,4,-7,-1,0,0,2,4,6
6965,6965,1503612489843,0,-5,1,3,-2,0,-3,4
6966,6966,1503612489851,5,1,2,-2,-2,-1,-2,2
6967,6967,1503612489858,-2,3,0,0,0,-1,-5,-1
6968,6968,1503612489873,-2,-7,-4,1,-1,0,-2,3
6969,6969,1503612489874,3,0,-4,-4,-2,-4,1,0
6970,6970,1503612489880,5,-3,-4,1,0,1,12,-43
6971,6971,1503612489892,-8,-16,-8,-3,-2,-2,1,2
6972,6972,1503612489903,-1,-10,-3,-1,3,-1,-7,12
6973,6973,1503612489911,-1,-2,-1,-1,-1,-1,-3,-8
6974,6974,1503612489926,-4,-3,-2,-1,-2,-2,-2,7
6975,6975,1503612489934,1,2,1,1,0,0,-2,8
6976,6976,1503612489940,2,-6,-7,-2,-2,1,1,-6
6977,6977,1503612489941,0,1,0,3,1,-2,0,14
6978,6978,1503612489948,-2,-5,1,2,6,-2,-3,-5
6979,6979,1503612489949,-3,4,-2,-4,1,-1,1,1
6980,6980,1503612489963,0,2,-5,-4,0,1,3,-3
6981,6981,1503612489971,4,-8,-4,0,0,-1,3,0
6982,6982,1503612489978,-3,-10,-1,-3,-2,0,-5,4
6983,6983,1503612489994,-3,11,-1,0,-5,0,14,0
6984,6984,1503612490001,0,3,3,0,-3,-1,-3,-1
6985,6985,1503612490009,0,-10,-2,-1,-1,-1,-5,-2
6986,6986,1503612490026,10,21,5,2,3,1,-1,2
6987,6987,1503612490031,-1,1,1,2,3,3,-4,4
6988,6988,1503612490038,-11,-10,-3,-4,-4,-3,-7,-3
6989,6989,1503612490054,-6,1,1,2,-2,0,-3,-3
6990,6990,1503612490061,3,-13,-3,-4,1,-1,-3,-2
6991,6991,1503612490069,-2,-1,0,-3,0,0,-4,-2
6992,6992,1503612490083,1,12,0,-1,-7,-6,-5,2
6993,6993,1503612490092,12,-4,-3,-5,-3,-1,-2,0
6994,6994,1503612490099,-18,-12,0,-1,2,2,1,1
6995,6995,1503612490100,-5,-1,-3,3,1,1,2,2
6996,6996,1503612490114,-6,-4,2,3,0,0,-6,-3
6997,6997,1503612490121,-1,10,6,0,0,-3,-4,-4
6998,6998,1503612490129,0,-5,-6,-3,2,1,5,5
6999,6999,1503612490143,1,2,1,0,0,-2,1,1
7000,7000,1503612490151,-1,1,1,1,-3,-3,-2,3
7001,7001,1503612490159,-3,-3,-5,-4,-3,-1,0,0
7002,7002,1503612490174,-3,-2,-2,2,0,-1,0,-8
7003,7003,1503612490180,6,6,7,4,0,0,-3,-6
7004,7004,1503612490189,-1,-1,0,-1,-2,2,0,-6
7005,7005,1503612490203,-6,-14,-4,-7,-2,-3,3,6
7006,7006,1503612490211,2,18,9,2,3,-2,-3,-4
7007,7007,1503612490218,5,-13,-10,-6,-4,1,0,-1
7008,7008,1503612490234,-7,-9,0,0,-3,-2,-2,-5
7009,7009,1503612490240,-4,-2,0,-2,-1,0,-1,-4
7010,7010,1503612490248,4,-3,-2,-1,0,1,3,4
7011,7011,1503612490263,-1,6,3,5,2,0,2,1
7012,7012,1503612490271,-2,2,-1,-4,-3,-2,2,5
7013,7013,1503612490278,-8,-6,-6,-3,-2,-1,1,4
7014,7014,1503612490302,3,-6,-5,1,0,1,9,4
7015,7015,1503612490315,-5,-15,-6,-4,-5,-2,-1,2
7016,7016,1503612490324,-6,-6,-2,-1,-1,-2,-6,-1
7017,7017,1503612490331,6,13,2,0,2,2,0,-1
7018,7018,1503612490338,2,7,3,-1,-2,-2,-4,-1
7019,7019,1503612490354,-4,9,1,5,2,1,5,0
7020,7020,1503612490367,-2,17,12,5,3,1,5,-4
7021,7021,1503612490376,3,-8,-6,-1,-3,0,-6,-2
7022,7022,1503612490383,-4,0,-1,1,5,0,-3,-5
7023,7023,1503612490398,-7,-11,-6,-7,-2,-2,1,0
7024,7024,1503612490399,-7,-16,-11,-2,-2,-1,-5,1
7025,7025,1503612490414,-1,2,2,-3,-4,1,9,-4
7026,7026,1503612490420,0,-8,2,-5,-3,-3,3,-25
7027,7027,1503612490436,3,-2,1,1,0,-2,-7,0
7028,7028,1503612490443,-25,-1,-2,-4,-4,0,-1,5
7029,7029,1503612490459,0,15,3,3,1,-2,-2,-9
7030,7030,1503612490461,12,5,-2,-2,1,1,-1,14
7031,7031,1503612490473,5,1,-1,-1,-1,0,-3,11
7032,7032,1503612490481,-4,2,2,1,-1,-7,-11,-23
7033,7033,1503612490498,-7,-6,1,-1,-1,-3,1,-19
7034,7034,1503612490504,4,5,2,2,1,-1,-18,-3
7035,7035,1503612490511,-6,2,-1,-1,-2,-3,-3,-14
7036,7036,1503612490518,5,-1,-8,-5,-3,1,3,-4
7037,7037,1503612490533,-1,-9,-7,-6,-2,3,7,7
7038,7038,1503612490540,3,-6,-4,0,1,1,3,12
7039,7039,1503612490556,5,0,0,3,3,-2,-2,0
7040,7040,1503612490563,5,9,4,1,0,0,2,6
7041,7041,1503612490571,11,-1,2,1,-2,-1,-11,12
7042,7042,1503612490578,0,0,0,-1,-2,2,5,5
7043,7043,1503612490596,6,-12,-4,-1,2,-1,-6,29
7044,7044,1503612490600,-4,7,0,-1,0,3,-1,6
7045,7045,1503612490616,-9,8,1,0,0,-2,-2,-2
7046,7046,1503612490623,-1,-4,4,4,2,-3,2,-3
7047,7047,1503612490631,-3,0,-4,-2,-9,-3,10,-6
7048,7048,1503612490645,0,10,3,-1,-3,-1,-3,-4
7049,7049,1503612490646,4,-1,0,1,3,3,4,-3
7050,7050,1503612490653,-2,0,2,-2,-3,-1,-4,4
7051,7051,1503612490663,1,-14,-10,-6,-9,-3,-3,-1
7052,7052,1503612490675,-3,-3,-3,-4,-3,0,-1,5
7053,7053,1503612490683,0,-7,-7,-3,-1,0,-3,-3
7054,7054,1503612490691,-3,-2,1,0,-2,-4,3,3
7055,7055,1503612490706,-2,1,2,1,0,-1,-5,-9
7056,7056,1503612490713,-5,21,-1,1,-1,0,-5,-8
7057,7057,1503612490720,1,2,2,2,2,1,13,4
7058,7058,1503612490736,-1,-9,-4,-6,0,1,-7,-10
7059,7059,1503612490743,-3,1,-2,-3,-4,-3,-6,-4
7060,7060,1503612490751,-7,-11,-1,3,2,0,5,-25
7061,7061,1503612490766,1,4,2,0,0,0,0,1
7062,7062,1503612490773,-2,-3,-2,-1,-2,0,14,1
7063,7063,1503612490774,3,-5,2,3,-1,0,-16,4
7064,7064,1503612490780,-6,-1,4,0,1,-1,-5,12
7065,7065,1503612490797,0,-5,-2,-3,2,2,3,-4
7066,7066,1503612490798,7,18,2,-3,-1,-2,1,6
7067,7067,1503612490803,3,-9,-5,-5,-6,-3,-5,6
7068,7068,1503612490811,5,-5,0,1,2,4,19,4
7069,7069,1503612490825,-2,2,4,5,3,-1,-6,-5
7070,7070,1503612490835,-1,0,-3,-4,-1,-2,-3,-8
7071,7071,1503612490841,-3,-3,-3,-2,0,-2,-16,-11
7072,7072,1503612490856,-5,-4,0,5,3,1,5,6
7073,7073,1503612490865,0,4,-1,-2,-2,-1,6,2
7074,7074,1503612490872,-15,20,5,1,-2,-1,-4,-11
7075,7075,1503612490886,7,1,-1,-1,-2,0,7,-3
7076,7076,1503612490894,6,-11,-5,-2,-3,-3,-17,9
7077,7077,1503612490901,6,33,9,5,4,-1,1,-1
7078,7078,1503612490917,4,-3,0,-5,-1,-2,-7,1
7079,7079,1503612490923,0,-9,-3,0,-1,2,5,0
7080,7080,1503612490933,-4,0,0,1,-5,-1,8,-14
7081,7081,1503612490946,8,-8,-5,-5,-2,0,-3,-4
7082,7082,1503612490954,2,1,1,0,3,2,3,-2
7083,7083,1503612490961,-1,11,4,4,1,-3,1,-3
7084,7084,1503612490977,1,-10,-2,-1,0,-1,-1,-1
7085,7085,1503612490983,1,5,6,7,2,-1,-1,2
7086,7086,1503612490992,-4,-6,-6,-3,-1,-1,1,6
7087,7087,1503612491006,-1,-12,-7,-3,1,0,7,4
7088,7088,1503612491013,2,7,1,-3,-2,-2,-2,-2
7089,7089,1503612491020,1,-6,-6,-4,-4,0,1,-7
7090,7090,1503612491036,-6,-13,-3,-1,0,0,-1,5
7091,7091,1503612491043,-10,-13,-5,-3,-3,-2,-4,2
7092,7092,1503612491051,1,-2,0,-1,-1,-2,1,1
7093,7093,1503612491066,-6,-10,-5,-3,-1,-1,2,-4
7094,7094,1503612491074,8,-7,-3,-4,-6,-5,-14,-1
7095,7095,1503612491080,-11,8,-1,-2,-1,-1,1,-8
7096,7096,1503612491096,-1,5,3,2,0,1,-4,-7
7097,7097,1503612491103,-3,-6,-2,-4,-3,-2,0,5
7098,7098,1503612491111,-6,-5,-3,-4,-1,-1,6,-5
7099,7099,1503612491125,4,-4,-1,-2,2,-4,-2,13
7100,7100,1503612491134,-1,3,-3,-2,-1,-2,-4,-13
7101,7101,1503612491141,0,0,0,2,-2,1,-3,-7
7102,7102,1503612491142,2,0,0,-1,1,3,1,-8
7103,7103,1503612491156,5,-1,-3,0,-3,-1,0,0
7104,7104,1503612491163,3,-3,2,3,0,0,-5,-8
7105,7105,1503612491171,0,4,2,2,3,-1,-3,10
7106,7106,1503612491186,2,0,1,-1,1,0,10,9
7107,7107,1503612491194,-2,-4,1,0,-2,-1,0,-2
7108,7108,1503612491201,-14,4,0,-2,-1,1,-2,-2
7109,7109,1503612491216,0,4,0,2,2,2,-2,5
7110,7110,1503612491223,-2,-4,-4,-2,-3,1,-6,3
7111,7111,1503612491238,-6,0,0,0,0,-2,2,-6
7112,7112,1503612491246,6,-1,-4,-3,0,-1,-2,-2
7113,7113,1503612491253,1,-2,-4,-2,0,-1,3,2
7114,7114,1503612491260,2,-17,-8,0,-1,-3,-7,1
7115,7115,1503612491277,-4,2,-4,-1,-1,-1,-1,-4
7116,7116,1503612491283,-4,-3,-3,-2,-1,0,2,-1
7117,7117,1503612491291,-27,-3,2,-1,-3,1,1,3
7118,7118,1503612491306,-7,6,2,0,1,-3,-2,-1
7119,7119,1503612491313,12,16,2,3,1,2,0,1
7120,7120,1503612491320,-2,-2,-1,-2,-5,-2,-2,5
7121,7121,1503612491337,2,-4,-3,-7,-2,0,-3,6
7122,7122,1503612491343,8,7,2,0,1,0,-3,0
7123,7123,1503612491351,6,-4,-3,1,0,-1,-1,0
7124,7124,1503612491367,-13,6,2,-1,1,-1,0,-8
7125,7125,1503612491374,29,29,9,3,2,0,1,-15
7126,7126,1503612491380,2,-10,-6,-4,-3,-2,-1,2
7127,7127,1503612491396,1,-11,-6,-1,-2,0,0,9
7128,7128,1503612491403,7,12,1,-1,-3,0,0,4
7129,7129,1503612491411,-9,-10,-4,1,-2,1,0,-6
7130,7130,1503612491425,-8,-9,-1,1,0,-2,-1,0
7131,7131,1503612491434,-2,-1,-1,-2,1,-1,1,8
7132,7132,1503612491441,6,5,0,0,0,0,-3,-9
7133,7133,1503612491456,-3,-9,-3,1,-2,-1,-1,0
7134,7134,1503612491463,2,0,2,2,0,-2,-3,-9
7135,7135,1503612491471,-13,1,1,-3,-3,0,1,-8
7136,7136,1503612491485,2,-3,-1,-1,-1,-4,-3,-1
7137,7137,1503612491493,-2,1,-1,-1,-1,0,1,0
7138,7138,1503612491502,-1,-9,-1,-3,-1,0,1,4
7139,7139,1503612491516,1,-3,-2,1,0,-2,-1,-3
7140,7140,1503612491523,-17,-6,-4,-1,-2,0,0,-4
7141,7141,1503612491531,0,2,-1,-2,-5,-2,-1,0
7142,7142,1503612491545,2,0,0,1,-3,-1,0,5
7143,7143,1503612491553,1,-3,-2,-2,2,-1,1,1
7144,7144,1503612491569,0,2,-2,-2,3,1,-5,-10
7145,7145,1503612491576,0,-5,-4,-3,-2,-4,-3,-1
7146,7146,1503612491583,9,-13,-6,0,-3,0,3,6
7147,7147,1503612491598,-6,-3,-3,-1,0,0,2,1
7148,7148,1503612491606,11,2,4,1,0,-1,1,-2
7149,7149,1503612491613,0,3,3,-2,2,-1,-2,-2
7150,7150,1503612491628,-3,1,-2,-2,-1,-2,-1,-3
7151,7151,1503612491637,2,1,1,2,2,3,-1,-1
7152,7152,1503612491643,0,4,0,-2,0,0,-5,3
7153,7153,1503612491658,-2,1,1,1,-3,-1,-3,-1
7154,7154,1503612491665,-4,3,0,0,1,-1,1,3
7155,7155,1503612491674,2,-3,-3,-3,-1,-3,0,1
7156,7156,1503612491688,-2,5,0,-1,-4,-2,-3,0
7157,7157,1503612491696,-2,-4,0,-1,0,1,-1,-3
7158,7158,1503612491704,-4,0,2,1,-1,-1,1,-3
7159,7159,1503612491718,1,-7,0,0,-3,-3,1,9
7160,7160,1503612491725,1,-5,0,0,0,-1,0,4
7161,7161,1503612491741,1,-1,-1,0,1,1,1,-5
7162,7162,1503612491755,-4,0,2,-1,-2,1,1,-8
7163,7163,1503612491757,-3,-4,-5,-3,-1,0,-1,-3
7164,7164,1503612491764,1,-1,0,1,1,-2,-3,0
7165,7165,1503612491779,-1,3,-1,1,-1,-1,-2,-3
7166,7166,1503612491785,1,4,-3,1,0,-1,2,4
7167,7167,1503612491794,3,0,1,-1,-2,-1,-3,-3
7168,7168,1503612491808,-2,-1,-1,0,-2,2,-2,1
7169,7169,1503612491816,2,0,2,0,3,1,2,1
7170,7170,1503612491823,0,-2,-3,-1,0,0,0,-3
7171,7171,1503612491838,-3,3,-1,0,-3,-1,-1,0
7172,7172,1503612491846,1,-6,-4,-1,-2,-1,-1,0
7173,7173,1503612491854,-3,-8,-4,0,-1,-1,1,1
7174,7174,1503612491868,0,-3,-2,-1,-1,1,2,0
7175,7175,1503612491876,0,1,0,-2,-1,1,0,-2
7176,7176,1503612491883,3,2,1,-4,-1,-1,-3,-3
7177,7177,1503612491898,-3,0,-3,-2,-2,1,-3,-2
7178,7178,1503612491906,0,27,8,2,2,-3,-1,2
7179,7179,1503612491914,-1,3,0,-3,0,-4,0,-1
7180,7180,1503612491928,-2,-8,-3,-1,0,1,-2,-3
7181,7181,1503612491940,2,1,0,0,0,-2,-2,1
7182,7182,1503612491943,5,6,2,0,-1,-1,0,4
7183,7183,1503612491958,0,-3,-4,-1,-1,-2,-2,0
7184,7184,1503612491965,-3,-6,-4,-2,-1,-2,0,-1
7185,7185,1503612491973,-2,6,2,0,0,1,0,-4
7186,7186,1503612491988,-4,-8,-5,-2,-2,0,-1,0
7187,7187,1503612491996,-2,12,3,0,1,-2,1,-4
7188,7188,1503612492004,-4,-10,-3,-1,-3,0,-1,-4
7189,7189,1503612492018,-1,-10,-4,-2,-2,-1,0,-4
7190,7190,1503612492025,0,1,0,-3,3,-1,-1,1
7191,7191,1503612492033,3,3,-1,0,0,0,1,-1
7192,7192,1503612492048,-6,0,1,-1,-1,-3,-1,-1
7193,7193,1503612492056,3,-4,-3,1,0,-1,-1,-1
7194,7194,1503612492063,-7,4,-1,2,-2,0,-1,3
7195,7195,1503612492078,-2,-6,1,0,-1,-1,0,5
7196,7196,1503612492085,3,-3,-3,0,-3,-1,-2,-3
7197,7197,1503612492093,5,7,2,0,-1,-1,4,5
7198,7198,1503612492108,1,-2,-1,-1,-1,1,2,-4
7199,7199,1503612492116,-1,-6,1,1,0,-2,0,-3
7200,7200,1503612492123,0,7,3,4,0,-1,-2,4
7201,7201,1503612492140,-14,-5,-1,-1,-1,-2,-1,1
7202,7202,1503612492145,4,21,1,-2,-2,-3,-2,-8
7203,7203,1503612492153,4,-12,-5,-3,-2,-1,-5,-3
7204,7204,1503612492168,-2,-14,-8,0,-1,0,-5,-5
7205,7205,1503612492178,3,2,-3,-3,0,-1,-5,-3
7206,7206,1503612492183,3,-4,-1,0,0,-2,1,0
7207,7207,1503612492198,2,-5,-2,-1,-4,-3,-4,0
7208,7208,1503612492207,2,12,0,-3,1,0,0,-1
7209,7209,1503612492213,-4,-25,-10,0,1,-2,0,2
7210,7210,1503612492228,-3,-2,1,2,-1,-1,0,-7
7211,7211,1503612492236,-3,2,-2,-1,1,-2,1,-7
7212,7212,1503612492243,0,-10,-2,-2,-3,0,-1,3
7213,7213,1503612492258,-2,4,3,0,0,0,-1,-3
7214,7214,1503612492265,-1,0,2,1,4,2,1,-1
7215,7215,1503612492274,-2,5,0,-2,-2,2,-1,3
7216,7216,1503612492288,1,2,-1,-1,-3,-1,1,4
7217,7217,1503612492296,1,-6,-3,1,1,1,2,-5
7218,7218,1503612492303,1,-4,-2,-3,-1,-1,0,2
7219,7219,1503612492318,-2,6,2,0,-1,0,-1,-1
7220,7220,1503612492325,0,-4,-1,0,2,1,0,-3
7221,7221,1503612492333,-6,4,1,1,1,1,-2,-3
7222,7222,1503612492348,3,-1,3,-1,0,0,-1,-1
7223,7223,1503612492356,-6,-3,-1,-1,-2,-2,-4,0
7224,7224,1503612492363,-6,-3,-3,1,-3,-1,0,0
7225,7225,1503612492378,-4,-5,-5,-4,0,-1,-2,-6
7226,7226,1503612492379,4,0,2,0,-1,0,4,4
7227,7227,1503612492385,2,-4,-3,0,0,-1,-1,-4
7228,7228,1503612492386,-3,-5,-2,1,-2,-1,-3,-5
7229,7229,1503612492393,2,7,2,-2,-1,0,-2,-2
7230,7230,1503612492409,-2,-2,0,-3,1,-2,7,7
7231,7231,1503612492417,1,1,0,1,-2,0,2,5
7232,7232,1503612492423,3,-1,1,1,0,2,-2,-1
7233,7233,1503612492438,4,7,-1,-1,-1,0,1,1
7234,7234,1503612492446,3,10,2,0,-1,-3,-3,-4
7235,7235,1503612492453,1,-6,-1,-1,-2,-1,-3,-4
7236,7236,1503612492468,1,6,3,-3,1,0,-4,-3
7237,7237,1503612492477,-2,-5,-2,-2,-1,1,-7,-2
7238,7238,1503612492483,-4,-7,-2,0,-1,0,-1,-2
7239,7239,1503612492498,1,2,1,1,1,-1,4,2
7240,7240,1503612492505,-3,-1,-4,1,3,-1,-2,-1
7241,7241,1503612492520,-11,-5,-1,0,-2,-1,1,-5
7242,7242,1503612492528,-3,-7,-5,-4,-2,-2,0,-2
7243,7243,1503612492536,5,3,1,2,3,0,0,2
7244,7244,1503612492550,0,-4,-1,1,5,2,3,-2
7245,7245,1503612492558,0,0,-3,0,-3,-3,-1,-1
7246,7246,1503612492565,2,-1,-4,-5,1,-3,0,-2
7247,7247,1503612492580,0,5,0,5,15,0,1,-1
7248,7248,1503612492588,1,-2,-3,0,-2,-2,0,5
7249,7249,1503612492596,0,-1,-1,-3,-5,-1,-2,3
7250,7250,1503612492610,-2,-3,-2,-2,0,-2,-1,-1
7251,7251,1503612492618,-2,0,2,-1,-4,0,2,-2
7252,7252,1503612492625,-2,2,-1,-2,-5,-1,-3,-3
7253,7253,1503612492640,-2,-4,1,-4,-4,-3,-9,-7
7254,7254,1503612492648,-2,-2,-2,-3,-4,-1,3,3
7255,7255,1503612492656,4,19,4,2,-5,1,-1,-1
7256,7256,1503612492670,-10,-7,-2,0,-3,-3,-6,-4
7257,7257,1503612492678,-2,-1,1,-2,-2,-1,-1,-1
7258,7258,1503612492685,-1,-2,0,-3,-4,-2,-5,-5
7259,7259,1503612492686,-3,2,3,-2,-3,-2,0,-2
7260,7260,1503612492700,0,-9,-7,-1,-1,-3,1,-2
7261,7261,1503612492709,0,0,2,0,3,2,2,3
7262,7262,1503612492716,2,-1,-4,-2,-2,-4,1,3
7263,7263,1503612492730,5,6,0,1,-2,0,2,2
7264,7264,1503612492738,-1,19,15,3,3,2,3,26
7265,7265,1503612492747,-2,-2,0,1,1,0,-5,-1
7266,7266,1503612492760,-3,-9,-7,-3,-3,-3,-1,2
7267,7267,1503612492768,4,5,2,-1,-2,1,-3,5
7268,7268,1503612492777,0,-8,-3,2,9,-2,4,-13
7269,7269,1503612492790,-1,-5,-2,0,-2,-5,-4,-5
7270,7270,1503612492798,-4,-14,-7,-7,-2,-3,-9,-15
7271,7271,1503612492805,-2,-3,-2,-1,3,2,-1,1
7272,7272,1503612492820,0,-3,-2,-1,-8,0,-3,-1
7273,7273,1503612492828,-2,0,0,-1,0,0,0,-6
7274,7274,1503612492836,-1,-9,-4,-4,0,2,1,-1
7275,7275,1503612492850,2,3,-1,-1,-3,-4,-5,-3
7276,7276,1503612492858,-1,3,1,1,-3,-1,0,0
7277,7277,1503612492865,3,4,0,-3,1,1,5,6
7278,7278,1503612492881,3,0,0,0,5,-1,1,0
7279,7279,1503612492888,-6,-1,2,-2,0,2,-2,-2
7280,7280,1503612492903,2,6,3,1,-1,-1,-1,-3
7281,7281,1503612492912,4,1,-1,-1,4,1,5,1
7282,7282,1503612492918,-2,26,13,1,2,0,1,-6
7283,7283,1503612492925,-1,-3,-2,-1,0,-2,2,1
7284,7284,1503612492940,2,-9,-8,0,-2,-1,1,7
7285,7285,1503612492949,2,1,0,0,2,-1,8,3
7286,7286,1503612492956,-1,-6,-3,-4,0,0,-1,-5
7287,7287,1503612492970,-2,-5,-4,1,-3,-3,-6,-20
7288,7288,1503612492979,0,-4,-3,0,2,-1,-6,-11
7289,7289,1503612492992,4,2,0,-4,-9,-4,-7,12
7290,7290,1503612493000,-4,0,-1,-2,0,2,-2,-11
7291,7291,1503612493016,9,21,9,5,-5,1,-2,1
7292,7292,1503612493017,1,-3,-3,-3,0,-2,19,12
7293,7293,1503612493030,-1,-8,-6,-1,-4,-2,-5,8
7294,7294,1503612493038,-4,-3,-4,-5,-5,2,-4,-2
7295,7295,1503612493047,-4,-5,-1,0,-5,-1,1,-12
7296,7296,1503612493060,2,-1,5,-1,-1,-4,-4,1
7297,7297,1503612493068,-1,-8,-5,-5,-4,0,-10,-5
7298,7298,1503612493076,0,-14,-6,1,-8,-3,-9,0
7299,7299,1503612493090,-11,10,7,1,-7,-3,-5,-47
7300,7300,1503612493098,-1,-4,-3,0,-1,0,7,-10
7402,7402,1503612494080,0,-6,-5,-5,1,-4,-2,6
7403,7403,1503612494089,2,1,-2,-1,-3,-2,-1,4
7404,7404,1503612494103,1,1,0,1,0,3,6,-9
7405,7405,1503612494110,-1,-3,-3,-1,1,-2,-7,0
7406,7406,1503612494120,3,0,3,3,5,0,-4,6
7407,7407,1503612494132,5,3,-1,-2,1,1,-1,0
7408,7408,1503612494140,-3,-2,-2,-2,-2,-5,-5,-1
7409,7409,1503612494148,-5,-2,-1,0,3,-1,0,-6
7410,7410,1503612494163,0,2,1,0,-3,-1,14,0
7411,7411,1503612494169,-5,1,1,0,-2,-3,-1,0
7412,7412,1503612494178,1,1,-1,-5,-2,-3,-5,-4
7413,7413,1503612494192,-2,-4,1,0,-2,-1,-2,-7
7414,7414,1503612494200,4,9,7,0,0,1,-11,-5
7415,7415,1503612494208,-5,7,3,0,3,0,-6,1
7416,7416,1503612494223,0,-13,-11,-2,-1,0,4,0
7417,7417,1503612494230,5,13,2,1,-3,-2,0,-5
7418,7418,1503612494238,0,2,1,2,-1,1,7,1
7419,7419,1503612494254,-4,-5,-3,-2,1,1,2,-3
7420,7420,1503612494261,0,5,-1,-1,1,-1,-14,-1
7421,7421,1503612494275,1,-2,-1,1,-1,-5,-6,-1
7422,7422,1503612494283,-2,-1,-2,0,0,-2,-6,-5
7423,7423,1503612494298,0,-3,-2,-3,-2,-1,0,7
7424,7424,1503612494299,-11,22,8,0,-3,0,16,0
7425,7425,1503612494312,0,0,-1,-4,-8,1,-7,-9
7426,7426,1503612494322,-2,-12,-8,-1,-2,-5,-8,-1
7427,7427,1503612494328,1,4,2,-1,-1,-2,5,5
7428,7428,1503612494343,6,1,0,-2,-3,2,-7,4
7429,7429,1503612494350,2,-10,-7,-4,-2,1,1,-3
7430,7430,1503612494365,4,-7,-1,4,4,0,-13,-1
7431,7431,1503612494372,-12,-3,-1,-2,-2,1,8,-55
7432,7432,1503612494380,-4,3,-1,-2,-3,-1,11,8
7433,7433,1503612494395,-6,-19,-7,-1,0,-3,-11,-35
7434,7434,1503612494403,-4,-18,-10,-1,-3,0,-3,-6
7435,7435,1503612494410,-5,-2,-4,-4,-2,0,8,5
7436,7436,1503612494425,2,1,0,1,-1,-3,1,10
7437,7437,1503612494432,5,-2,-1,-1,1,5,13,23
7438,7438,1503612494440,2,7,3,-1,2,-2,-2,5
7439,7439,1503612494456,5,4,2,3,2,-5,-24,2
7440,7440,1503612494463,-9,-6,-1,-1,1,1,9,-54
7441,7441,1503612494470,0,4,1,-2,-2,-2,3,20
7442,7442,1503612494485,1,-6,-1,-1,-1,-2,-4,14
7443,7443,1503612494492,-5,10,5,3,2,-1,0,-1
7444,7444,1503612494500,1,-4,-3,-2,-3,-3,1,15
7445,7445,1503612494514,-4,0,-2,2,-2,0,6,14
7446,7446,1503612494523,3,-5,2,1,0,5,-1,9
7447,7447,1503612494531,6,-10,-4,0,1,-1,-4,15
7448,7448,1503612494545,-7,-8,-5,-3,-1,-1,-4,-7
7449,7449,1503612494552,6,0,-3,-2,-1,-1,5,3
7450,7450,1503612494561,1,2,0,1,0,-2,2,8
7451,7451,1503612494574,-6,1,0,0,-3,-2,-4,-18
7452,7452,1503612494583,-1,7,2,0,-1,-1,-11,2
7453,7453,1503612494590,1,4,1,-1,1,-4,-1,1
7454,7454,1503612494605,3,0,-5,-2,0,-2,-5,2
7455,7455,1503612494612,6,24,7,0,2,1,-3,8
7456,7456,1503612494620,2,-8,-5,-2,0,-4,-1,-2
7457,7457,1503612494635,3,-8,-4,-5,-3,-3,-7,-11
7458,7458,1503612494643,-4,4,1,-1,-3,2,2,-2
7459,7459,1503612494650,-5,-3,-2,1,1,-2,-3,-18
7460,7460,1503612494666,2,-5,-3,-2,-1,0,0,-4
7461,7461,1503612494672,-5,-3,-3,-2,-4,1,12,14
7462,7462,1503612494680,0,-1,1,0,-2,-4,-3,0
7463,7463,1503612494695,4,-9,-5,-3,-1,-5,3,2
7464,7464,1503612494703,1,-2,-1,-2,6,5,6,3
7465,7465,1503612494718,1,-13,-4,0,1,1,0,3
7466,7466,1503612494725,-1,8,4,2,2,-1,-1,1
7467,7467,1503612494734,-9,-1,-2,-3,-1,0,3,-1
7468,7468,1503612494740,-5,0,-1,-6,-8,-5,-9,-11
7469,7469,1503612494760,-2,4,-1,-1,-2,1,-11,2
7470,7470,1503612494767,1,-4,-3,-3,-3,-1,-3,0
7471,7471,1503612494778,-3,7,6,3,1,2,-2,-3
7472,7472,1503612494785,8,8,2,4,8,1,0,0
7473,7473,1503612494793,5,-7,-3,-1,0,-1,-1,6
7474,7474,1503612494800,6,12,4,1,0,-1,-2,1
7475,7475,1503612494816,0,-2,-3,0,0,-4,-7,0
7476,7476,1503612494826,1,-5,-6,1,-3,1,9,2
7477,7477,1503612494838,9,16,7,-1,-4,-2,-9,-2
7478,7478,1503612494845,-11,-8,-1,-2,1,0,2,0
7479,7479,1503612494853,-4,-5,-1,-2,-2,-2,6,6
7480,7480,1503612494861,-7,-4,-1,0,-1,-1,-9,-65
7481,7481,1503612494877,-1,-1,-3,-2,1,1,3,-1
7482,7482,1503612494883,-6,-11,-2,-1,-4,-3,-3,23
7483,7483,1503612494899,-4,0,0,1,0,0,-1,-14
7484,7484,1503612494905,-5,-3,-2,-6,-6,-5,0,1
7485,7485,1503612494913,-3,-4,-3,-1,0,0,-6,1
7486,7486,1503612494920,3,2,-3,-1,-1,-2,6,17
7487,7487,1503612494936,-9,-10,-3,-3,-2,-1,-1,3
7488,7488,1503612494943,3,3,0,-3,-1,2,4,0
7489,7489,1503612494960,3,1,-4,0,-3,-3,8,3
7490,7490,1503612494966,-1,3,6,2,2,0,-3,10
7491,7491,1503612494973,2,2,2,1,0,1,-2,8
7492,7492,1503612494980,-10,1,-1,-1,0,1,0,9
7493,7493,1503612494996,3,12,8,2,3,0,-3,-1
7494,7494,1503612495003,6,7,0,0,-2,-1,0,3
7495,7495,1503612495018,-3,16,5,0,0,-1,16,-1
7496,7496,1503612495027,-4,0,-2,-4,-1,0,-3,-8
7497,7497,1503612495033,-3,-12,-6,-4,-3,-4,-18,-12
7498,7498,1503612495040,6,1,-1,1,0,-3,2,1
7499,7499,1503612495056,-15,-12,1,-1,2,0,0,2
7500,7500,1503612495063,6,4,4,2,2,1,-2,0
7501,7501,1503612495078,1,-2,-3,0,-2,0,11,-2
7502,7502,1503612495085,2,-11,-8,-3,-4,-4,-1,-49
7503,7503,1503612495094,6,3,-1,0,7,1,-4,-6
7504,7504,1503612495100,-1,-9,-7,-4,0,-1,5,22
7505,7505,1503612495116,-17,-14,-4,-1,-5,0,-2,-14
7506,7506,1503612495123,-6,-10,-2,2,-1,-1,1,11
7507,7507,1503612495138,3,1,-1,-2,0,-3,-12,12
7508,7508,1503612495146,-1,8,0,-2,-2,-1,-4,2
7509,7509,1503612495153,2,-5,-1,-1,-4,-2,-3,0
7510,7510,1503612495161,7,6,2,1,0,2,-3,3
7511,7511,1503612495176,3,-3,-2,-1,-2,-2,1,-4
7512,7512,1503612495183,1,-4,0,-1,-2,-1,-4,3
7513,7513,1503612495198,-10,5,6,-4,-4,-2,-1,-4
7514,7514,1503612495205,-2,-1,0,1,0,1,0,1
7515,7515,1503612495213,2,-3,-3,-3,0,0,4,2
7516,7516,1503612495220,-5,-12,-3,-2,1,-1,-2,2
7517,7517,1503612495236,2,2,1,5,1,-1,-7,0
7518,7518,1503612495243,-7,8,1,-1,-2,-1,1,-2
7519,7519,1503612495258,16,0,-5,-5,-3,0,8,0
7520,7520,1503612495265,-1,3,0,-4,-12,0,1,-4
7521,7521,1503612495273,-2,-10,-5,-3,-7,3,3,4
7522,7522,1503612495288,4,15,6,-1,-1,-2,-4,4
7523,7523,1503612495298,0,4,3,3,1,0,-1,-3
7524,7524,1503612495303,9,-4,-2,-1,6,1,3,5
7525,7525,1503612495318,-4,-4,-3,-3,-2,-5,-2,1
7526,7526,1503612495325,1,-5,-4,-4,-1,-1,-10,-2
7527,7527,1503612495333,5,12,4,-1,3,-1,-7,-1
7528,7528,1503612495348,2,1,-1,0,0,-1,-5,-2
7529,7529,1503612495356,-2,3,5,1,-1,-2,-7,-3
7530,7530,1503612495363,-3,5,-1,1,5,-1,-1,-2
7531,7531,1503612495378,3,1,-6,1,1,-1,-15,-1
7532,7532,1503612495385,-12,2,0,2,0,0,3,2
7533,7533,1503612495396,5,15,2,3,3,-2,-9,-6
7534,7534,1503612495416,-2,-5,-2,-3,-2,-2,2,-3
7535,7535,1503612495423,5,-1,0,-1,-1,-2,2,-7
7536,7536,1503612495438,-3,-9,-1,-2,0,-1,1,2
7537,7537,1503612495445,-4,4,-3,-3,-4,-1,14,-2
7538,7538,1503612495453,-3,-8,-5,-2,1,0,4,2
7539,7539,1503612495468,-2,-11,-4,-3,-1,0,-9,0
7540,7540,1503612495476,-4,-2,-1,-1,1,3,8,3
7541,7541,1503612495483,-4,5,2,0,1,0,-2,-48
7542,7542,1503612495499,-1,-5,-4,-2,-4,-2,-10,-5
7543,7543,1503612495505,3,-2,-3,-2,0,1,2,16
7544,7544,1503612495513,0,0,3,2,3,-3,-15,-6
7545,7545,1503612495529,-8,-15,-5,-1,-1,-1,-4,4
7546,7546,1503612495542,2,6,-1,-5,-4,-2,-5,3
7547,7547,1503612495544,-13,-5,-2,-5,-5,-3,-11,6
7548,7548,1503612495558,3,-4,-5,-3,-3,-4,-5,-12
7549,7549,1503612495566,-2,6,6,1,1,-2,3,21
7550,7550,1503612495573,5,-2,-2,2,-2,2,20,2
7551,7551,1503612495588,8,-2,-6,-2,1,-1,-1,16
7552,7552,1503612495598,-2,-5,3,1,-3,0,-2,-10
7553,7553,1503612495603,-6,-19,-5,-1,-2,0,-1,-11
7554,7554,1503612495618,-7,-8,-4,0,2,-1,9,-6
7555,7555,1503612495625,2,11,7,1,0,0,2,1
7556,7556,1503612495634,-6,6,-3,-6,-6,-1,-13,3
7557,7557,1503612495648,6,-7,-7,0,0,1,-4,-7
7558,7558,1503612495656,4,-4,0,2,3,2,8,5
7559,7559,1503612495665,-3,1,-1,-2,0,-2,-7,-11
7560,7560,1503612495678,8,-12,-3,2,-2,0,9,24
7561,7561,1503612495685,-10,-10,1,-1,3,2,1,-2
7562,7562,1503612495693,2,9,0,0,-1,-3,-1,-7
7563,7563,1503612495708,7,0,4,2,1,1,0,-2
7564,7564,1503612495716,-2,16,4,-3,-2,-3,2,-4
7565,7565,1503612495723,2,3,-6,-5,-4,-3,-9,-12
7566,7566,1503612495738,-3,0,-1,-2,-2,1,5,8
7567,7567,1503612495745,5,8,3,1,0,-1,8,7
7568,7568,1503612495753,-4,-1,0,0,3,-2,-6,-8
7569,7569,1503612495768,-3,-1,-4,-5,-6,-3,-3,3
7570,7570,1503612495776,3,-11,-3,-4,0,-1,-8,-15
7571,7571,1503612495783,-9,-6,-2,-3,2,-1,5,6
7572,7572,1503612495800,-2,8,2,-2,-3,-1,3,22
7573,7573,1503612495806,0,-3,2,3,-2,-1,3,-12
7574,7574,1503612495813,-6,-4,0,-2,-2,-3,-14,7
7575,7575,1503612495828,1,-1,-3,-4,-4,-2,-4,11
7576,7576,1503612495836,-7,-11,-4,0,1,1,-1,-7
7577,7577,1503612495843,0,2,2,2,3,-2,-7,-9
7578,7578,1503612495858,-8,-5,-5,-2,-3,-3,4,-10
7579,7579,1503612495866,-4,-2,5,3,3,-5,-20,2
7580,7580,1503612495874,7,1,-1,-3,0,0,4,8
7581,7581,1503612495888,2,4,-2,-2,0,3,9,-2
7582,7582,1503612495896,-12,-6,-3,2,0,0,-1,-22
7583,7583,1503612495903,-4,-8,-10,-6,-3,-1,-5,5
7584,7584,1503612495918,0,11,4,2,3,3,16,5
7585,7585,1503612495925,-6,-3,-2,-2,-1,0,6,-7
7586,7586,1503612495933,0,-9,-1,-1,-1,3,2,9
7587,7587,1503612495948,-8,-9,-1,-2,1,1,1,-5
7588,7588,1503612495956,0,6,-2,-2,1,5,4,-11
7589,7589,1503612495963,9,9,3,2,-1,-2,-6,-4
7590,7590,1503612495978,-11,-11,-4,-4,1,-4,0,1
7591,7591,1503612495985,4,-2,-2,-1,-3,0,3,4
7592,7592,1503612495993,13,14,11,7,0,-4,-8,-4
7593,7593,1503612496008,4,8,2,-1,-2,-1,-1,19
7594,7594,1503612496016,10,-5,-5,-2,-4,-2,-25,17
7595,7595,1503612496023,6,4,-1,-1,-2,-2,-1,-6
7596,7596,1503612496039,4,-1,3,1,0,0,-3,-4
7597,7597,1503612496045,-3,6,-7,-9,-6,0,5,-8
7598,7598,1503612496053,3,1,0,2,2,0,-6,-14
7599,7599,1503612496068,-13,-7,0,2,2,0,2,-18
7600,7600,1503612496076,-2,4,1,-4,-4,-2,5,11
7601,7601,1503612496083,3,-6,-3,0,0,-1,-5,10
7602,7602,1503612496100,-1,2,6,10,6,0,6,-6
7603,7603,1503612496105,-1,0,2,-2,3,-2,-9,-14
7604,7604,1503612496113,-1,4,-1,0,-1,0,3,4
7605,7605,1503612496128,-3,0,2,3,0,2,6,9
7606,7606,1503612496136,-7,-8,-2,-3,-1,0,-1,2
7607,7607,1503612496143,-3,-8,-5,-4,-4,-3,2,8
7608,7608,1503612496158,8,13,0,-5,-4,2,6,3
7609,7609,1503612496168,7,7,8,1,-2,-3,-21,-4
7610,7610,1503612496180,-8,-2,-2,-1,-2,-4,-12,-3
7611,7611,1503612496188,10,0,-3,0,1,2,0,-9
7612,7612,1503612496196,-4,-6,-3,-4,-1,-2,1,4
7613,7613,1503612496203,-8,-12,-7,-2,-2,-3,-3,-6
7614,7614,1503612496218,1,2,-2,-3,-1,2,7,1
7615,7615,1503612496225,0,-1,3,2,-2,-2,20,42
7616,7616,1503612496240,-3,-7,-5,-4,-4,-4,-12,-14
7617,7617,1503612496248,-23,2,3,-1,-2,-2,-1,-15
7618,7618,1503612496256,-8,-11,-5,0,0,0,-4,0
7619,7619,1503612496270,3,0,-3,-1,2,3,5,-3
7620,7620,1503612496278,5,-4,-2,0,2,0,-6,-4
7621,7621,1503612496285,-1,-4,-2,-3,-2,-2,3,3
7622,7622,1503612496303,4,3,2,-1,-4,0,5,7
7623,7623,1503612496308,2,3,4,2,2,-1,-6,1
7624,7624,1503612496316,10,27,6,-1,0,-2,-2,-4
7625,7625,1503612496330,8,-1,1,-1,0,2,-3,1
7626,7626,1503612496340,-5,-9,-6,-1,0,2,12,1
7627,7627,1503612496345,1,4,0,0,1,2,5,4
7628,7628,1503612496360,1,3,2,-1,2,-1,0,-3
7629,7629,1503612496371,0,-5,1,4,-1,-3,-9,6
7630,7630,1503612496376,-8,-7,-4,-1,-1,-2,-1,-2
7631,7631,1503612496390,2,0,-3,-1,-1,-1,2,-4
7632,7632,1503612496398,-5,-5,-4,-4,-7,-3,-3,-4
7633,7633,1503612496407,-3,1,1,0,2,-1,-13,-8
7634,7634,1503612496420,8,-7,-4,0,0,1,3,1
7635,7635,1503612496428,2,-6,-4,-2,-1,-3,-2,0
7636,7636,1503612496440,-2,-7,1,-1,1,-2,-3,0
7637,7637,1503612496450,-6,7,1,1,0,2,4,-1
7638,7638,1503612496458,-4,-5,-4,-2,-2,-1,2,-2
7639,7639,1503612496465,3,7,3,0,0,-2,3,-5
7640,7640,1503612496480,-3,-3,1,0,1,0,-3,1
7641,7641,1503612496488,4,-4,-4,-3,-2,-1,2,3
7642,7642,1503612496499,3,10,2,2,1,-1,2,5
7643,7643,1503612496510,-4,3,-2,0,-3,1,4,0
7644,7644,1503612496518,-3,-5,-1,0,0,0,-1,-2
7645,7645,1503612496525,-2,17,3,-2,0,-1,-2,-4
7646,7646,1503612496542,-3,-5,-4,-4,-1,-2,-4,12
7647,7647,1503612496548,1,-16,-3,-1,-1,1,-1,0
7648,7648,1503612496556,0,18,8,2,1,1,2,-10
7649,7649,1503612496572,1,-4,-2,-1,0,-3,0,0
7650,7650,1503612496579,-4,6,-4,1,-1,-1,0,-1
7651,7651,1503612496585,6,-5,-1,0,-1,-2,0,-1
7652,7652,1503612496600,9,4,4,0,1,0,1,13
7653,7653,1503612496608,-2,-2,0,0,-1,1,-3,-34
7654,7654,1503612496616,0,-1,-1,-1,-1,-2,-1,-24
7655,7655,1503612496630,-2,3,-1,-2,-1,-1,-1,5
7656,7656,1503612496639,-3,-10,-3,-1,-3,0,-1,12
7657,7657,1503612496646,1,-1,-2,-2,0,-1,-2,2
7658,7658,1503612496660,-5,-6,-3,-1,-1,2,2,-8
7659,7659,1503612496668,-3,-15,-6,-2,-2,-1,2,8
7660,7660,1503612496676,-5,0,2,0,0,-2,-3,-5
7661,7661,1503612496690,-10,-3,-1,-1,0,1,1,-13
7662,7662,1503612496698,-2,-12,-7,-2,-2,-2,-3,1
7663,7663,1503612496706,0,-5,0,-2,0,0,0,6
7664,7664,1503612496720,-4,-2,-3,0,2,-1,-2,4
7665,7665,1503612496728,1,4,-1,1,-1,-1,0,4
7666,7666,1503612496738,-1,0,1,-1,0,0,2,1
7667,7667,1503612496750,-2,2,2,1,-1,0,-2,-3
7668,7668,1503612496758,0,-2,-3,-1,-1,0,-3,-4
7669,7669,1503612496765,1,-3,-2,-3,-1,0,-1,3
7670,7670,1503612496781,4,-6,-2,-2,-1,1,1,0
7671,7671,1503612496787,-4,-13,-3,1,-1,1,0,1
7672,7672,1503612496796,-5,0,-2,-2,-2,-2,0,-1
7673,7673,1503612496810,-3,-2,-4,-3,-3,-1,0,0
7674,7674,1503612496825,0,4,3,1,-2,1,-2,1
7675,7675,1503612496826,3,8,1,-1,0,0,-3,-1
7676,7676,1503612496842,2,2,-3,-2,-2,0,1,-2
7677,7677,1503612496848,6,6,2,2,1,0,0,-1
7678,7678,1503612496856,-2,-2,-2,0,-2,-1,0,0
7679,7679,1503612496872,4,7,-1,-1,0,-2,-1,1
7680,7680,1503612496879,-4,4,2,-1,-2,-1,1,-1
7681,7681,1503612496885,-6,-1,0,0,-2,-1,0,-1
7682,7682,1503612496900,-2,-2,-2,0,0,-3,-1,-3
7683,7683,1503612496908,6,15,3,-3,-2,-2,0,-1
7684,7684,1503612496916,-2,-3,0,0,-1,-1,-1,2
7685,7685,1503612496930,-4,-6,-1,0,-3,-4,-1,-2
7686,7686,1503612496940,2,1,-1,-2,-3,-4,-3,-4
7687,7687,1503612496945,-2,-1,-1,0,-1,2,-2,1
7688,7688,1503612496960,1,-3,-1,1,0,0,-2,1
7689,7689,1503612496967,0,-2,-1,-1,0,-1,2,-1
7690,7690,1503612496976,-3,2,-1,-1,-2,0,-1,-4
7691,7691,1503612496990,-1,0,-1,0,0,0,-2,-1
7692,7692,1503612496998,0,-1,-1,-1,1,0,1,2
7693,7693,1503612497006,1,-2,-3,-3,-1,-1,-1,-1
7694,7694,1503612497020,2,6,3,-1,0,1,0,1
7695,7695,1503612497027,-2,8,6,1,0,-1,-1,-4
7696,7696,1503612497036,0,-5,-4,-1,0,-4,-1,1
7697,7697,1503612497050,-3,-4,-3,-1,-2,1,0,1
7698,7698,1503612497058,-1,-1,-2,0,-1,0,-3,-4
7699,7699,1503612497065,-1,-4,-2,0,0,-2,-1,1
7700,7700,1503612497081,-1,-3,-1,0,-1,1,2,1
7701,7701,1503612497088,-1,1,-1,-1,-1,1,0,2
7702,7702,1503612497096,2,0,-2,-2,-1,-3,-3,0
7703,7703,1503612497110,0,-2,1,-2,-1,-2,-6,-7
7704,7704,1503612497118,1,1,-1,0,-1,1,0,-3
7705,7705,1503612497125,-1,-7,-3,-1,-1,-5,0,-3
7706,7706,1503612497141,-3,0,-1,1,-1,0,-1,-3
7707,7707,1503612497149,-6,-13,-4,-3,-2,-1,-1,1
7708,7708,1503612497163,1,4,2,-2,1,-1,-2,-5
7709,7709,1503612497170,0,0,-3,0,1,0,3,2
7710,7710,1503612497186,-4,-3,-1,0,1,2,1,-2
7711,7711,1503612497192,1,3,2,3,-1,2,2,-2
7712,7712,1503612497200,0,0,0,-2,-1,-2,-3,-5
7713,7713,1503612497208,1,1,0,0,1,-1,2,3
7714,7714,1503612497222,1,0,-2,-2,-1,-3,-2,0
7715,7715,1503612497223,-3,-2,-2,-2,-1,-1,-1,4
7716,7716,1503612497230,-3,-1,-3,-4,-5,-2,-6,-3
7717,7717,1503612497238,-2,0,1,1,1,-1,0,-1
7718,7718,1503612497252,-1,0,-2,-2,-2,-2,-2,1
7719,7719,1503612497260,4,-1,-3,-1,-2,-1,1,2
7720,7720,1503612497267,-1,-3,0,1,1,1,-3,-4
7721,7721,1503612497284,1,-2,-3,0,-2,-2,1,-2
7722,7722,1503612497290,-1,-2,-6,-2,-3,-3,-1,-3
7723,7723,1503612497298,0,9,2,2,-2,0,0,2
7724,7724,1503612497314,2,2,1,1,1,-1,1,2
7725,7725,1503612497320,-3,-6,-2,-3,-3,-2,3,-1
7726,7726,1503612497327,0,3,1,1,-1,1,0,-2
7727,7727,1503612497347,-1,-3,-3,-3,0,-2,-8,2
7728,7728,1503612497351,-4,0,0,-2,-1,0,-5,-1
7729,7729,1503612497358,11,-15,-9,-4,0,-2,-1,-2
7730,7730,1503612497372,2,-3,0,1,1,-3,-1,0
7731,7731,1503612497381,2,-5,-4,-3,-2,-1,3,0
7732,7732,1503612497387,2,4,0,1,0,1,0,0
7733,7733,1503612497403,-3,7,3,2,-1,2,-2,2
7734,7734,1503612497416,-5,2,1,-1,-2,0,-5,-3
7735,7735,1503612497418,-2,2,2,0,0,-2,-3,-1
7736,7736,1503612497432,4,-4,-1,-2,-1,-1,2,3
7737,7737,1503612497440,-4,3,2,0,0,0,-1,-4
7738,7738,1503612497448,2,4,-2,0,-2,-2,0,-3
7739,7739,1503612497462,0,1,0,0,0,3,-2,-1
7740,7740,1503612497463,-3,1,-2,0,0,-1,-4,-2
7741,7741,1503612497470,7,21,10,2,2,4,0,-2
7742,7742,1503612497482,2,-2,1,1,-2,0,0,-2
7743,7743,1503612497500,-11,-9,-1,-4,0,-4,3,-2
7744,7744,1503612497504,-3,8,3,1,-1,-1,-2,-1
7745,7745,1503612497511,0,-4,-3,0,-1,-1,1,2
7746,7746,1503612497523,-2,-5,-4,-3,-2,-2,-2,-2
7747,7747,1503612497530,1,-5,-2,3,2,1,1,2
7748,7748,1503612497538,0,-2,-4,-3,1,-1,2,1
7749,7749,1503612497553,-3,-5,-5,-2,-1,-2,-3,-4
7750,7750,1503612497560,-1,2,0,-2,-2,-2,0,2
7751,7751,1503612497568,-2,-4,0,-1,-2,-1,-2,1
7752,7752,1503612497583,-2,0,-1,-1,-1,-1,-1,-2
7753,7753,1503612497590,-1,-2,-1,-3,-2,-1,3,5
7754,7754,1503612497598,-5,-3,-1,-1,0,-1,-1,-3
7755,7755,1503612497614,3,10,2,-1,-2,1,1,-2
7756,7756,1503612497620,0,-3,-1,-1,0,1,-3,0
7757,7757,1503612497627,-1,-3,-2,-3,0,-2,-2,-4
7758,7758,1503612497646,-1,-3,0,-1,-2,-2,-2,-2
7759,7759,1503612497650,-1,-1,-3,-2,-2,0,-1,0
7760,7760,1503612497658,2,-1,-2,-1,0,1,2,2
7761,7761,1503612497672,-9,-9,-2,-2,-1,-1,-2,0
7762,7762,1503612497680,-2,7,1,-2,1,-2,3,1
7763,7763,1503612497688,-4,4,-1,0,-2,-3,-2,-3
7764,7764,1503612497703,-2,-2,-3,0,0,0,1,0
7765,7765,1503612497712,5,-9,-4,-1,-1,-1,-3,0
7766,7766,1503612497718,3,2,1,-1,-3,0,-1,-1
7767,7767,1503612497732,2,1,0,-2,0,0,-1,2
7768,7768,1503612497740,0,0,-1,-2,-2,0,0,-1
7769,7769,1503612497749,3,2,0,1,1,-1,0,1
7770,7770,1503612497765,0,-3,0,-2,1,0,-2,-2
7771,7771,1503612497766,-3,-2,-1,-2,1,0,-2,0
7772,7772,1503612497770,1,-2,-3,-4,-2,-1,-1,-1
7773,7773,1503612497780,1,-1,-1,2,0,-2,-3,-2
7774,7774,1503612497792,1,7,2,0,-1,-2,-4,-6
7775,7775,1503612497800,-4,-5,-1,1,-1,-1,-1,1
7776,7776,1503612497807,5,4,-3,-2,-1,1,-1,2
7777,7777,1503612497808,-6,0,2,0,-1,-2,-7,-7
7778,7778,1503612497823,0,1,1,-2,-1,-1,-2,-5
7779,7779,1503612497830,-1,-5,-2,-2,2,2,2,1
7780,7780,1503612497838,1,-5,-1,-1,-1,-2,1,2
7781,7781,1503612497852,2,3,-1,4,1,3,1,0
7782,7782,1503612497860,3,-2,-1,0,0,2,-1,-2
7783,7783,1503612497868,-2,-1,-1,-2,-1,-3,-1,1
7784,7784,1503612497883,-1,0,-1,-1,-2,-1,-2,-1
7785,7785,1503612497890,2,-1,0,-1,0,-2,3,5
7786,7786,1503612497898,-1,8,1,-2,1,0,3,-2
7787,7787,1503612497915,-11,2,-1,-2,-1,1,-3,0
7788,7788,1503612497920,0,-3,-2,0,-1,0,-2,-2
7789,7789,1503612497928,1,-7,-2,-1,-4,-2,-3,-3
7790,7790,1503612497943,-1,0,-3,-2,0,-1,-1,-2
7791,7791,1503612497950,2,-3,-3,-1,0,-1,-2,1
7792,7792,1503612497958,1,1,-1,0,-2,-2,1,-1
7793,7793,1503612497973,3,1,0,-2,0,-1,-2,-2
7794,7794,1503612497981,-1,-3,0,-3,0,0,0,1
7795,7795,1503612497988,-1,-2,-3,0,0,0,1,-1
7796,7796,1503612498003,-4,2,2,1,-1,1,0,-2
7797,7797,1503612498010,0,-2,-1,-2,0,0,0,-4
7798,7798,1503612498018,-2,-2,-1,-2,-2,-3,-8,-4
7799,7799,1503612498032,-3,0,0,1,1,-1,1,4
7800,7800,1503612498040,0,3,-2,-2,-2,0,-1,-1
7801,7801,1503612498049,-2,0,-1,-2,-1,-3,-5,-1
7802,7802,1503612498062,-6,-3,1,2,2,-2,2,2
7803,7803,1503612498070,-1,-1,-2,1,-1,1,0,0
7804,7804,1503612498085,3,-7,-2,-1,-1,0,-1,-3
7805,7805,1503612498092,3,-1,1,-2,-1,0,1,0
7806,7806,1503612498100,-3,-4,-1,0,0,0,1,-2
7807,7807,1503612498115,-4,-7,-3,-1,1,0,-1,-1
7808,7808,1503612498123,-2,-1,-2,-2,-2,-2,-1,0
7809,7809,1503612498137,4,2,-1,0,-3,-2,-3,-3
7810,7810,1503612498145,1,1,1,-2,0,1,-1,2
7811,7811,1503612498153,2,2,-1,-1,-1,-1,-4,-2
7812,7812,1503612498160,-3,-2,-3,-1,-1,0,-2,-1
7813,7813,1503612498174,-2,1,2,-1,0,0,0,0
7814,7814,1503612498183,-4,-1,-4,-2,-3,-1,-1,-2
7815,7815,1503612498190,-1,0,-3,-2,-1,-1,-1,-5
7816,7816,1503612498205,0,-4,-3,0,-1,0,1,2
7817,7817,1503612498212,-4,-5,-1,-1,0,-1,2,0
7818,7818,1503612498220,-2,-2,0,2,3,-1,1,1
7819,7819,1503612498235,-4,-6,-1,1,-3,-1,-1,1
7820,7820,1503612498243,-2,-6,-1,-1,-1,-2,-3,0
7821,7821,1503612498251,-1,-3,-2,-2,-1,-1,1,0
7822,7822,1503612498265,1,-4,0,-2,1,-2,-1,2
7823,7823,1503612498272,-4,-1,-1,-3,1,-2,-9,-7
7824,7824,1503612498273,-3,-5,1,-1,-1,1,-3,-1
7825,7825,1503612498284,-1,3,2,1,-2,0,0,-4
7826,7826,1503612498294,0,-8,-5,-2,-3,1,0,-1
7827,7827,1503612498295,2,5,-1,0,-2,0,0,-1
7828,7828,1503612498303,-1,2,-3,-1,0,-3,0,-1
7829,7829,1503612498310,-1,-1,-2,-3,-3,-3,-1,1
7830,7830,1503612498325,-3,0,-3,-4,-3,0,1,-1
7831,7831,1503612498332,3,0,1,1,2,-1,-4,-4
7832,7832,1503612498340,2,4,0,-1,-2,-2,-4,-1
7833,7833,1503612498354,-3,-5,-1,-3,-2,-2,-1,0
7834,7834,1503612498355,-1,1,0,2,2,-2,0,-1
7835,7835,1503612498363,5,3,2,0,1,1,-6,-7
7836,7836,1503612498370,-2,-1,0,-2,-3,1,2,3
7837,7837,1503612498385,0,-1,-1,1,-1,1,0,4
7838,7838,1503612498392,-2,-3,-2,0,1,-2,1,1
7839,7839,1503612498400,-1,0,1,-4,-1,0,1,-4
7840,7840,1503612498416,-1,-4,-2,-1,-1,-3,2,0
7841,7841,1503612498423,-4,-4,-2,-2,-1,-3,-1,-3
7842,7842,1503612498430,-1,-1,-1,1,1,0,0,-1
7843,7843,1503612498445,-1,-5,-2,1,2,1,1,1
7844,7844,1503612498453,1,3,-2,-2,-2,-2,-1,0
7845,7845,1503612498460,-1,2,-1,-4,-2,-2,-2,1
7846,7846,1503612498474,3,8,5,0,0,0,1,-1
7847,7847,1503612498484,1,-1,-2,-1,-1,-2,-3,0
7848,7848,1503612498490,-3,-3,-2,-6,-4,0,-4,-3
7849,7849,1503612498505,0,0,-3,1,2,1,-2,-2
7850,7850,1503612498513,2,3,-3,-1,0,-1,-2,0
7851,7851,1503612498521,-1,-2,1,0,-3,-2,0,0
7852,7852,1503612498534,-1,2,-1,2,-1,0,-3,-5
7853,7853,1503612498542,0,2,-1,-1,-1,1,1,-1
7854,7854,1503612498551,-1,-3,-2,-2,-2,-2,2,-3
7855,7855,1503612498565,0,-1,-2,-1,1,-1,4,3
7856,7856,1503612498573,-1,-2,-1,1,-1,0,0,3
7857,7857,1503612498581,1,0,-2,-1,-5,0,3,-1
7858,7858,1503612498595,3,0,0,1,4,2,-5,-2
7859,7859,1503612498603,0,1,1,0,-2,-2,0,-2
7860,7860,1503612498610,0,-1,1,-2,-1,-4,-2,-2
7861,7861,1503612498627,1,1,0,0,0,-1,-1,-2
7862,7862,1503612498633,0,1,0,-1,-1,-2,-1,1
7863,7863,1503612498653,0,5,-1,0,0,-3,-5,-3
7864,7864,1503612498656,-1,-5,0,-2,0,-1,-4,-1
7865,7865,1503612498663,-3,-3,-1,1,-1,0,-4,-6
7866,7866,1503612498670,0,-3,-3,1,-2,1,2,0
7867,7867,1503612498691,-2,-2,-1,-4,0,-1,-3,-1
7868,7868,1503612498694,1,0,0,0,-4,-3,-1,-1
7869,7869,1503612498701,-2,-1,-1,-4,-1,0,0,-2
7870,7870,1503612498714,-2,-3,-3,-2,0,0,4,0
7871,7871,1503612498723,-6,20,9,0,-1,-1,0,0
7872,7872,1503612498730,0,2,0,-1,1,1,2,3
7873,7873,1503612498745,3,-8,-4,0,2,-2,1,-1
7874,7874,1503612498753,-4,-5,-2,-1,-1,0,0,-1
7875,7875,1503612498762,-2,-8,-4,-2,-3,-2,-1,2
7876,7876,1503612498775,-1,-4,-4,-2,0,1,-3,-2
7877,7877,1503612498782,2,-1,-2,0,1,-1,3,0
7878,7878,1503612498790,0,10,8,3,2,-1,0,-3
7879,7879,1503612498805,2,-1,-2,-2,-1,-1,0,3
7880,7880,1503612498812,7,14,7,3,1,1,-1,4
7881,7881,1503612498820,3,-3,0,-2,-2,0,1,1
7882,7882,1503612498834,-3,-7,-5,-2,-1,-2,0,-1
7883,7883,1503612498842,-2,-3,-2,-1,-1,0,-4,0
7884,7884,1503612498850,1,5,-1,-2,-2,-2,-2,-3
7885,7885,1503612498865,-2,-2,-2,4,6,1,-1,0
7886,7886,1503612498872,1,-3,-3,1,-4,-1,-1,1
7887,7887,1503612498880,-2,-2,-5,-5,-5,-5,-6,-1
7888,7888,1503612498881,-3,-2,0,3,1,3,0,1
7889,7889,1503612498895,-2,-6,-6,-4,1,-3,-5,-4
7890,7890,1503612498902,4,15,5,2,-1,1,-1,-2
7891,7891,1503612498910,-3,-10,-5,-4,-4,-4,-3,-1
7892,7892,1503612498925,-1,-1,-3,0,1,1,-2,-5
7893,7893,1503612498932,-1,5,1,0,-3,-3,-1,0
8025,8025,1503612500234,0,6,2,1,1,-1,5,4
8026,8026,1503612500238,-1,0,-1,-2,1,-1,2,5
8027,8027,1503612500245,-1,-3,-2,0,1,-1,-3,-2
8028,8028,1503612500264,-5,-5,-3,-4,-8,-1,0,2
8029,8029,1503612500268,-15,15,10,5,3,-1,-9,-4
8030,8030,1503612500283,-6,12,5,1,0,0,1,-1
8031,8031,1503612500290,6,3,-1,-5,-4,-2,-4,-3
8032,8032,1503612500298,2,0,0,0,-1,-2,5,4
8033,8033,1503612500306,-1,-12,-6,0,-4,-1,-2,-2
8034,8034,1503612500320,3,-3,-2,2,1,-4,-1,-1
8035,8035,1503612500330,6,-3,-2,-2,-5,-2,6,0
8036,8036,1503612500344,0,18,4,0,-1,-3,-8,-3
8037,8037,1503612500350,7,4,-2,-3,-13,2,9,1
8038,8038,1503612500363,1,14,3,0,-1,-3,8,4
8039,8039,1503612500365,2,-5,-2,-2,-1,-2,-7,-5
8040,8040,1503612500380,-1,-12,-5,0,-2,2,-2,0
8041,8041,1503612500392,-1,-5,-2,1,4,0,3,5
8042,8042,1503612500404,-6,-11,-5,-3,-7,1,9,2
8043,8043,1503612500410,-3,-9,-3,2,3,-1,-12,3
8044,8044,1503612500418,-2,-5,0,2,3,-1,-1,-4
8045,8045,1503612500425,1,1,-1,1,3,1,-3,-4
8046,8046,1503612500442,0,-4,-1,0,-2,-2,-3,-3
8047,8047,1503612500447,-3,3,0,0,2,-1,3,-1
8048,8048,1503612500455,0,1,-1,-4,-7,0,-2,-7
8049,8049,1503612500470,5,-2,-1,0,-8,1,3,2
8050,8050,1503612500478,-2,0,-2,0,-1,-3,-26,-5
8051,8051,1503612500485,-6,0,-1,-2,-1,-5,-7,-8
8052,8052,1503612500502,-7,-5,-1,1,2,-1,1,-1
8053,8053,1503612500508,7,5,-4,-3,1,-1,0,1
8054,8054,1503612500516,-3,-5,-2,-2,1,-2,7,0
8055,8055,1503612500532,-9,-12,-2,-1,1,2,7,2
8056,8056,1503612500538,7,1,2,-1,2,1,3,6
8057,8057,1503612500545,-2,3,-2,-2,-2,-3,-2,-5
8058,8058,1503612500560,1,5,3,0,-3,-1,-10,0
8059,8059,1503612500568,3,1,1,2,1,1,-3,-1
8060,8060,1503612500576,5,10,0,-1,-4,1,-4,-2
8061,8061,1503612500590,-2,-1,2,0,0,-1,-7,-5
8062,8062,1503612500604,-4,-11,-1,1,3,-1,4,-5
8063,8063,1503612500606,-7,-21,-8,-5,2,-2,3,1
8064,8064,1503612500620,1,-7,-1,2,3,0,3,2
8065,8065,1503612500628,0,-1,-1,1,1,-2,-15,3
8066,8066,1503612500636,-1,-2,-4,-2,-4,0,5,-1
8067,8067,1503612500650,0,2,1,-1,-1,-3,-2,-1
8068,8068,1503612500666,-1,2,0,-3,2,-2,4,-1
8069,8069,1503612500667,0,4,0,0,1,4,-1,-2
8070,8070,1503612500681,1,-2,-2,1,3,2,10,5
8071,8071,1503612500688,3,4,0,5,-4,1,4,2
8072,8072,1503612500700,-3,13,0,1,0,-1,4,-2
8073,8073,1503612500710,-4,4,2,-5,0,-2,1,-4
8074,8074,1503612500718,3,-3,-1,-1,-1,2,12,2
8075,8075,1503612500725,-1,0,0,-1,-3,0,-4,1
8076,8076,1503612500741,-2,-8,-2,-1,2,-2,-12,-8
8077,8077,1503612500748,2,-1,-3,-4,-3,-3,9,0
8078,8078,1503612500755,1,-2,1,-5,-7,-3,-7,-2
8079,8079,1503612500771,3,-3,-3,1,0,-2,-5,-1
8080,8080,1503612500778,-9,-11,2,-1,0,-1,-1,0
8081,8081,1503612500785,-1,5,0,0,0,-1,0,0
8082,8082,1503612500803,-7,-1,2,-1,1,-1,-3,0
8083,8083,1503612500808,-1,-9,-2,0,2,-1,3,2
8084,8084,1503612500815,9,-10,-8,-1,1,-1,0,12
8085,8085,1503612500830,-1,9,5,0,-1,0,3,0
8086,8086,1503612500839,-3,-8,-4,-1,-3,-3,-3,-4
8087,8087,1503612500845,1,-2,-2,-1,-2,-1,2,-4
8088,8088,1503612500860,1,-3,1,-1,-2,3,0,2
8089,8089,1503612500868,-1,8,3,-3,0,-3,-5,-3
8090,8090,1503612500882,-18,12,5,1,3,-4,-1,-3
8091,8091,1503612500890,1,0,3,-1,0,2,1,0
8092,8092,1503612500898,1,-7,-5,-2,-2,-2,-2,-4
8093,8093,1503612500913,-4,-10,-1,1,2,1,-6,-1
8094,8094,1503612500920,3,-2,1,1,-1,0,1,-4
8095,8095,1503612500927,3,-13,-7,-3,0,-2,2,2
8096,8096,1503612500943,2,-4,0,-1,2,1,0,0
8097,8097,1503612500950,-8,-1,-2,1,0,-2,1,-1
8098,8098,1503612500960,1,0,-2,-1,0,0,-2,2
8099,8099,1503612500973,-10,9,-1,-2,-3,-2,5,-4
8100,8100,1503612500980,2,3,1,2,-2,1,1,-1
8101,8101,1503612500987,1,-4,-3,-2,-3,-1,1,0
8102,8102,1503612501003,-1,-2,-3,-2,0,1,8,-6
8103,8103,1503612501010,-2,-7,-3,-2,1,-1,-2,-1
8104,8104,1503612501018,2,0,-3,2,-1,-2,-3,2
8105,8105,1503612501033,5,-2,-3,-3,-3,0,-3,1
8106,8106,1503612501040,1,2,-1,0,-1,0,-7,1
8107,8107,1503612501047,0,-4,2,3,4,0,-4,1
8108,8108,1503612501062,-5,2,1,-2,-3,-4,-8,-9
8109,8109,1503612501071,1,3,-1,-1,-3,1,3,-2
8110,8110,1503612501078,1,3,-1,1,0,-2,0,3
8111,8111,1503612501092,1,-1,-2,0,1,0,-3,-1
8112,8112,1503612501093,1,-7,-4,-3,-3,-2,-1,-1
8113,8113,1503612501102,2,6,0,-3,0,0,5,2
8114,8114,1503612501103,0,13,7,-1,1,-2,-17,1
8115,8115,1503612501107,-6,12,6,2,-1,-2,1,-10
8116,8116,1503612501122,4,-4,-3,-5,-1,0,1,8
8117,8117,1503612501130,10,-3,-2,-1,0,3,-4,-2
8118,8118,1503612501139,-5,5,0,-2,-5,-6,-7,0
8119,8119,1503612501152,6,6,-1,-1,-4,-3,5,5
8120,8120,1503612501160,-3,14,8,5,3,0,4,-9
8121,8121,1503612501169,3,12,3,0,0,-3,-6,-1
8122,8122,1503612501182,5,-3,-5,-2,1,2,3,-4
8123,8123,1503612501190,-10,-10,-6,-2,-3,-2,-1,5
8124,8124,1503612501198,-13,-7,-2,-2,-2,0,3,-3
8125,8125,1503612501212,1,-7,-1,-2,-2,-2,-5,3
8126,8126,1503612501220,8,3,-2,0,0,2,1,-5
8127,8127,1503612501227,-2,-10,-3,-4,-3,-2,-3,-4
8128,8128,1503612501243,0,-4,0,0,-1,-3,0,4
8129,8129,1503612501250,3,1,0,1,-2,3,0,2
8130,8130,1503612501258,4,1,-1,-1,-2,0,-2,-6
8131,8131,1503612501273,-3,-2,-2,0,0,0,4,3
8132,8132,1503612501280,12,-9,-5,-2,1,-1,0,2
8133,8133,1503612501287,1,13,9,1,-1,0,-2,0
8134,8134,1503612501304,6,-6,-2,-2,2,1,20,-2
8135,8135,1503612501310,-2,0,-1,0,2,0,-1,-2
8136,8136,1503612501318,-9,-3,-6,-3,-1,-1,-6,-1
8137,8137,1503612501332,-2,-8,-5,-4,-2,1,5,-6
8138,8138,1503612501341,-7,8,0,3,-1,0,-1,3
8139,8139,1503612501347,3,4,5,4,2,-2,-6,-1
8140,8140,1503612501362,1,-2,-2,2,1,-2,-7,-2
8141,8141,1503612501370,6,13,0,0,3,0,-1,-6
8142,8142,1503612501379,-4,-6,-1,2,3,0,2,-1
8143,8143,1503612501392,6,18,2,-1,-2,0,3,-5
8144,8144,1503612501401,-13,8,2,-2,-3,-1,0,-1
8145,8145,1503612501408,-8,-15,-4,0,-4,-4,-11,2
8146,8146,1503612501423,4,-6,-5,-3,-3,1,-2,2
8147,8147,1503612501430,-2,0,0,-1,-1,0,2,-4
8148,8148,1503612501438,-13,-10,0,-2,-2,-1,1,-4
8149,8149,1503612501458,11,-1,-1,1,0,1,3,0
8150,8150,1503612501475,-3,-8,-4,-2,0,-1,11,1
8151,8151,1503612501483,4,-2,1,0,-4,-1,-4,-4
8152,8152,1503612501490,4,7,0,-1,0,1,-4,0
8153,8153,1503612501498,1,9,5,-2,0,-2,0,0
8154,8154,1503612501514,-16,-9,-1,0,1,0,7,3
8155,8155,1503612501520,-1,-6,-5,-1,0,-1,1,-2
8156,8156,1503612501528,-11,-3,-2,-3,-3,-2,-7,-5
8157,8157,1503612501543,1,0,-2,0,-1,-2,3,1
8158,8158,1503612501550,-1,20,-1,-1,1,-2,-1,-4
8159,8159,1503612501558,0,-8,-6,-6,-2,-3,0,3
8160,8160,1503612501579,-16,-15,-3,-1,-2,-4,-7,-3
8161,8161,1503612501582,-7,-1,-3,-1,-3,-2,0,-2
8162,8162,1503612501587,0,-5,0,0,-1,-3,-1,-34
8163,8163,1503612501607,-3,-18,-6,-4,0,4,7,7
8164,8164,1503612501610,1,-5,0,-1,-2,-2,-9,9
8165,8165,1503612501618,1,-8,-4,-1,1,0,7,-9
8166,8166,1503612501632,6,1,1,0,0,0,0,6
8167,8167,1503612501642,-1,-8,2,0,0,-3,-9,7
8168,8168,1503612501648,-3,-4,-3,-2,-1,2,3,7
8169,8169,1503612501663,0,1,0,1,0,0,6,4
8170,8170,1503612501670,1,-10,-3,0,-1,-1,3,2
8171,8171,1503612501678,1,36,11,6,2,3,1,-38
8172,8172,1503612501692,1,-11,-3,-1,-1,-1,-5,8
8173,8173,1503612501701,8,-6,-3,-4,-2,-4,1,9
8174,8174,1503612501707,-1,4,0,-3,-2,-2,-18,-3
8175,8175,1503612501723,2,-1,3,0,0,0,-6,-1
8176,8176,1503612501730,-5,-8,-6,-6,-3,2,-2,8
8177,8177,1503612501742,-6,-2,2,0,0,-2,-7,6
8178,8178,1503612501752,-8,-7,2,-1,-1,0,0,-4
8179,8179,1503612501760,0,-16,-9,-5,-2,1,0,-3
8180,8180,1503612501769,9,14,5,4,1,0,7,1
8181,8181,1503612501783,3,-3,-4,-1,-2,1,-5,6
8182,8182,1503612501790,9,-1,0,0,-1,1,20,16
8183,8183,1503612501798,-2,-4,-2,-1,-2,-3,-2,10
8184,8184,1503612501812,1,-18,-11,-4,-2,-4,-8,-3
8185,8185,1503612501820,-12,-6,-4,-2,0,-1,5,2
8186,8186,1503612501836,6,10,0,-2,-3,-1,-2,-4
8187,8187,1503612501844,3,2,-7,-7,-7,-2,-5,23
8188,8188,1503612501850,1,3,4,3,5,1,1,-1
8189,8189,1503612501865,8,24,8,3,1,0,-3,-3
8190,8190,1503612501875,0,-10,-4,2,-2,-2,-5,-5
8191,8191,1503612501880,-1,-15,-3,0,0,0,-11,-7
8192,8192,1503612501895,-8,3,-5,-6,-4,-2,-2,-10
8193,8193,1503612501903,-13,-6,1,-1,-1,-3,3,-22
8194,8194,1503612501911,1,10,0,-1,-1,2,7,9
8195,8195,1503612501925,0,1,0,-2,-2,-2,-8,-5
8196,8196,1503612501932,-6,1,2,0,2,-1,-1,4
8197,8197,1503612501948,3,-6,-3,-1,2,2,-2,10
8198,8198,1503612501955,-2,16,8,4,3,1,-7,-14
8199,8199,1503612501970,1,-1,0,0,0,-1,9,6
8200,8200,1503612501971,1,-3,0,-2,-1,1,2,0
8201,8201,1503612501985,-4,15,5,0,1,-2,-1,-10
8202,8202,1503612501992,4,-7,-2,-2,-2,-1,-7,-2
8203,8203,1503612502000,-1,-1,1,-1,0,0,1,-7
8204,8204,1503612502015,1,0,3,0,-1,-4,-5,0
8205,8205,1503612502023,-3,-8,-5,-3,-5,-2,-2,-3
8206,8206,1503612502030,-8,-2,-6,-4,-3,-1,9,-10
8207,8207,1503612502045,5,4,1,0,-2,-4,3,3
8208,8208,1503612502052,2,-1,-2,-1,1,0,-4,-6
8209,8209,1503612502060,-1,29,10,4,1,2,6,-2
8210,8210,1503612502076,2,0,-1,0,-1,-1,6,15
8211,8211,1503612502084,3,-13,-7,-3,-1,1,0,2
8212,8212,1503612502090,-3,2,7,7,2,-1,-6,12
8213,8213,1503612502105,2,3,2,1,1,-2,-5,-7
8214,8214,1503612502113,1,-8,-6,0,-1,-2,-3,-3
8215,8215,1503612502120,4,-12,-1,1,0,-2,-5,-1
8216,8216,1503612502135,2,-9,-4,-3,-1,0,-4,-3
8217,8217,1503612502143,0,-5,-6,-3,-1,2,9,0
8218,8218,1503612502150,10,-6,1,3,-1,-5,0,15
8219,8219,1503612502151,-2,22,9,6,2,-1,-2,-18
8220,8220,1503612502165,-7,-5,-4,-2,-3,-3,-5,10
8221,8221,1503612502172,1,0,0,-5,-4,-4,-3,1
8222,8222,1503612502182,-3,-8,-5,-5,-2,0,-2,2
8223,8223,1503612502195,0,-2,-1,0,0,-1,-3,1
8224,8224,1503612502203,0,-9,-4,-4,-2,-2,-1,-4
8225,8225,1503612502210,-10,-4,-2,1,3,2,-10,-1
8226,8226,1503612502225,4,7,5,4,2,0,-4,-3
8227,8227,1503612502232,-5,-2,-4,-3,-4,-2,5,-15
8228,8228,1503612502240,-4,-2,2,4,0,-1,-5,-2
8229,8229,1503612502255,4,-7,-7,-4,-4,-3,5,4
8230,8230,1503612502263,-5,28,10,5,2,1,-9,3
8231,8231,1503612502270,-3,-5,-3,-4,-2,2,7,7
8232,8232,1503612502285,-6,-22,-8,-6,-6,-4,-1,-2
8233,8233,1503612502292,-4,-2,7,5,1,-3,-5,0
8234,8234,1503612502300,-5,-12,-6,-1,-2,1,12,-23
8235,8235,1503612502315,-4,-2,-4,-6,-1,-1,-1,-4
8236,8236,1503612502323,5,13,0,2,0,0,-7,-1
8237,8237,1503612502330,6,14,3,3,2,0,6,5
8238,8238,1503612502345,13,43,12,-2,-2,-1,3,4
8239,8239,1503612502353,-5,-6,-1,1,1,-1,-1,8
8240,8240,1503612502360,1,-14,-2,0,0,-2,-10,-4
8241,8241,1503612502378,-4,2,1,-2,-1,-1,-3,-5
8242,8242,1503612502383,-6,-9,-3,1,0,0,1,7
8243,8243,1503612502390,0,-21,-9,-5,-4,1,11,-8
8244,8244,1503612502405,0,16,1,-1,-1,-1,2,4
8245,8245,1503612502413,-2,8,4,2,1,-1,-5,2
8246,8246,1503612502420,2,-12,-4,-3,-1,1,0,-5
8247,8247,1503612502436,18,-2,-7,-4,-2,1,1,4
8248,8248,1503612502445,4,1,1,2,1,0,0,-2
8249,8249,1503612502450,2,-18,-3,0,0,-1,-4,17
8250,8250,1503612502465,-7,-6,-2,-2,-3,0,7,14
8251,8251,1503612502472,-5,3,0,2,-1,2,2,-1
8252,8252,1503612502481,-10,-11,-4,-1,-1,-2,-4,-11
8253,8253,1503612502495,3,13,6,0,0,-2,0,5
8254,8254,1503612502504,1,-2,0,-1,0,-1,-3,-6
8255,8255,1503612502512,0,-3,-3,-2,-1,-2,-6,-17
8256,8256,1503612502525,1,-1,-3,-1,1,0,17,5
8257,8257,1503612502532,-6,2,3,2,-2,2,0,-4
8258,8258,1503612502541,3,-10,-3,-3,-1,-3,-8,0
8259,8259,1503612502556,-1,2,-1,-1,-2,-1,0,-2
8260,8260,1503612502563,5,-5,-1,-1,0,-1,-6,6
8261,8261,1503612502570,10,2,1,0,-1,-2,-4,-5
8262,8262,1503612502588,-4,4,0,-1,-1,-1,-5,-3
8263,8263,1503612502593,-8,-4,-4,-3,-3,-4,-6,-27
8264,8264,1503612502600,-2,-5,-2,-2,-1,-1,-4,-7
8265,8265,1503612502616,-3,0,-1,-2,-3,-1,-2,0
8266,8266,1503612502624,1,0,1,1,1,-2,-3,-6
8267,8267,1503612502630,-2,-11,-2,1,2,0,-1,6
8268,8268,1503612502647,8,-9,-3,-1,-1,1,-2,-11
8269,8269,1503612502655,-5,13,2,1,2,-1,4,-22
8270,8270,1503612502660,-4,-4,-3,-1,1,1,-3,-22
8271,8271,1503612502661,-3,4,-3,-2,-1,1,1,5
8272,8272,1503612502675,1,-3,-4,-1,-2,0,1,8
8273,8273,1503612502683,-2,1,0,2,-2,-3,-4,2
8274,8274,1503612502690,-4,3,2,-1,-1,-1,-2,8
8275,8275,1503612502705,-1,-4,-4,-1,-1,1,0,0
8276,8276,1503612502714,-9,0,-1,-2,0,1,0,8
8277,8277,1503612502720,-15,-17,-4,-1,-1,-3,-1,-2
8278,8278,1503612502735,-2,-14,-3,0,0,-1,-4,0
8279,8279,1503612502743,-10,-22,-9,-4,-3,-2,2,3
8280,8280,1503612502757,3,25,6,-1,-2,1,4,3
8281,8281,1503612502765,4,4,2,2,1,-1,-2,4
8282,8282,1503612502772,-5,1,4,1,0,0,0,2
8283,8283,1503612502787,3,-1,-4,-4,1,1,1,6
8284,8284,1503612502795,25,6,-2,0,1,-1,-1,4
8285,8285,1503612502803,-1,7,4,2,-1,-3,-2,7
8286,8286,1503612502817,-4,-8,-3,-2,-1,-1,-1,4
8287,8287,1503612502825,-4,6,-1,-2,-1,0,0,5
8288,8288,1503612502832,5,1,-1,-1,-2,-1,-2,0
8289,8289,1503612502848,-1,-5,-1,-1,-1,1,2,-1
8290,8290,1503612502856,-11,-3,-2,-2,-1,-2,-1,-3
8291,8291,1503612502863,12,8,5,4,0,-2,-1,-7
8292,8292,1503612502877,0,6,2,-2,0,-1,-1,0
8293,8293,1503612502885,-7,-3,-2,-3,-1,-2,-4,-10
8294,8294,1503612502892,0,-4,-3,-1,-1,0,0,6
8295,8295,1503612502907,-16,9,4,1,-2,1,1,3
8296,8296,1503612502915,-11,-15,-2,0,0,0,-2,0
8297,8297,1503612502930,-4,-6,-2,0,-1,-1,-1,-1
8298,8298,1503612502937,-1,-1,-4,-2,-3,0,-3,-4
8299,8299,1503612502945,-2,1,-1,0,1,-2,-3,-6
8300,8300,1503612502953,5,-7,-4,-4,0,-3,0,-4
8301,8301,1503612502967,2,3,-4,-2,-1,3,1,-3
8302,8302,1503612502975,-3,1,3,4,-1,0,3,1
8303,8303,1503612502983,0,6,2,2,1,-1,-1,-1
8304,8304,1503612502997,-3,5,2,-1,-3,0,-3,-5
8305,8305,1503612503006,7,-5,-2,-3,-1,-2,-3,-3
8306,8306,1503612503013,7,3,1,-2,0,0,1,1
8307,8307,1503612503028,4,4,-1,0,-1,-3,-1,-7
8308,8308,1503612503035,-4,-2,-2,-1,1,-1,-1,-2
8309,8309,1503612503043,-4,-3,-2,-2,-2,-1,-2,1
8310,8310,1503612503058,-1,5,1,-1,-1,2,-2,0
8311,8311,1503612503059,-1,-5,-7,-3,-2,-2,-2,-1
8312,8312,1503612503067,0,-2,1,-1,1,-2,-1,4
8313,8313,1503612503073,-1,-1,-3,-3,-2,-2,-1,2
8314,8314,1503612503088,-3,1,0,1,1,-1,-2,1
8315,8315,1503612503096,-3,-5,-3,0,0,-1,-2,-5
8316,8316,1503612503103,5,-2,-4,-2,-1,-1,0,-5
8317,8317,1503612503124,-7,-14,-3,0,-2,-1,0,2
8318,8318,1503612503126,-8,11,2,-2,-3,0,-2,-2
8319,8319,1503612503135,1,2,0,-1,0,-1,1,2
8320,8320,1503612503148,0,-6,-4,-1,-1,-1,-2,3
8321,8321,1503612503159,-3,-4,-3,-2,-2,-1,-2,-2
8322,8322,1503612503163,2,2,1,2,-1,-1,-1,-3
8323,8323,1503612503177,3,0,1,-1,-1,-2,2,2
8324,8324,1503612503191,3,0,-1,0,0,0,1,0
8325,8325,1503612503193,-4,3,0,0,-2,-1,-1,-1
8326,8326,1503612503207,-3,-5,1,0,1,0,0,3
8327,8327,1503612503222,1,8,1,0,-1,1,-4,-2
8328,8328,1503612503223,-4,-6,-3,-3,-1,-1,1,-2
8329,8329,1503612503244,0,-3,0,0,-2,-2,-2,-1
8330,8330,1503612503246,6,3,-5,-3,-2,0,-1,1
8331,8331,1503612503252,-3,9,5,1,1,0,0,0
8332,8332,1503612503253,2,-2,-2,-2,-2,0,-2,-2
8333,8333,1503612503267,-2,-6,-2,-2,-2,1,3,0
8334,8334,1503612503275,-1,0,-3,-1,-3,-3,-3,-3
8335,8335,1503612503284,1,0,0,-1,0,0,-2,-2
8336,8336,1503612503297,-2,0,0,0,0,1,1,1
8337,8337,1503612503305,-2,-1,-1,-1,-2,-1,-2,-3
8338,8338,1503612503312,-1,-2,1,-2,1,-1,0,-2
8339,8339,1503612503327,-3,-2,-1,1,-1,2,-1,1
8340,8340,1503612503335,-1,2,-2,0,0,0,2,2
8341,8341,1503612503343,1,-4,-4,-2,0,-2,-1,-4
8342,8342,1503612503357,2,1,-1,0,0,0,0,-1
8343,8343,1503612503365,-2,0,1,-1,-2,-2,-3,-5
8344,8344,1503612503372,-1,-6,-3,-3,-1,-1,0,1
8345,8345,1503612503387,1,0,0,0,0,2,2,3
8346,8346,1503612503395,-3,0,0,-3,-2,2,4,1
8347,8347,1503612503403,-2,0,0,1,-2,-4,-1,1
8348,8348,1503612503420,3,6,2,2,0,0,-2,-1
8349,8349,1503612503425,-1,3,0,-1,1,-2,1,2
8350,8350,1503612503432,-2,-1,-4,-2,-1,0,0,1
8351,8351,1503612503447,-2,1,0,-1,0,-2,-2,-4
8352,8352,1503612503462,-1,-2,-4,0,-1,-3,-3,-1
8353,8353,1503612503464,2,0,0,1,-1,0,-3,1
8354,8354,1503612503477,-4,-2,2,2,-3,-4,-2,-4
8355,8355,1503612503486,1,-3,-1,0,-1,-1,1,4
8356,8356,1503612503492,1,1,-1,-1,-1,-1,-1,0
8357,8357,1503612503493,-6,1,1,-1,0,0,-4,-6
8358,8358,1503612503507,-2,2,2,0,0,2,0,-2
8359,8359,1503612503515,1,-2,-2,-1,0,-1,-1,-4
8360,8360,1503612503523,1,0,0,0,-1,1,3,5
8361,8361,1503612503537,-1,3,0,-2,-2,-2,-4,1
8362,8362,1503612503545,-3,7,1,-2,0,-1,-6,-3
8363,8363,1503612503553,2,-1,-3,-1,-1,-1,-2,0
8364,8364,1503612503567,2,1,0,-3,0,0,-1,-1
8365,8365,1503612503575,-2,-5,-1,-2,-1,1,3,-1
8366,8366,1503612503583,-3,-6,-2,-1,1,1,1,-6
8367,8367,1503612503597,2,2,0,0,1,-1,1,0
8368,8368,1503612503605,-1,1,1,2,-1,-1,-3,-2
8369,8369,1503612503612,-3,-8,-7,-3,2,-2,1,1
8370,8370,1503612503628,-3,-4,1,1,-1,-3,-1,-2
8371,8371,1503612503635,-5,4,0,0,1,-1,2,-4
8372,8372,1503612503643,-4,-2,-1,-3,1,0,1,-3
8373,8373,1503612503657,-1,1,-1,-2,-2,-2,-1,1
8374,8374,1503612503665,0,6,0,-1,-1,-1,-1,2
8375,8375,1503612503679,1,-4,-1,1,-1,1,1,3
8376,8376,1503612503688,1,-5,-3,-1,0,1,0,4
8377,8377,1503612503695,-2,-3,1,-1,-2,-1,-1,-1
8378,8378,1503612503710,0,2,-1,-2,0,-2,0,-5
8379,8379,1503612503716,2,5,2,1,1,1,-2,1
8380,8380,1503612503725,-3,-8,-1,0,-2,-2,-5,0
8381,8381,1503612503739,1,-1,-2,-2,-1,-2,-4,-1
8382,8382,1503612503747,1,-3,-2,-2,-2,-3,-2,0
8383,8383,1503612503757,-1,0,0,-1,0,-1,1,-2
8384,8384,1503612503770,0,6,0,-1,-1,0,2,2
8385,8385,1503612503777,1,-1,0,-1,-1,-2,-1,-3
8386,8386,1503612503789,-1,-4,-2,-4,-4,-1,-1,-1
8387,8387,1503612503799,-5,3,-1,-1,-2,0,-1,-3
8388,8388,1503612503807,2,-4,-3,-2,-2,-2,0,-1
8389,8389,1503612503815,5,2,-2,-3,-1,-1,-2,0
8390,8390,1503612503830,-2,-3,-3,-2,0,-2,0,-5
8391,8391,1503612503837,0,-3,-1,-1,-1,0,0,-1
8392,8392,1503612503845,-1,-4,-2,-2,-1,0,2,3
8393,8393,1503612503859,1,26,11,2,3,0,0,0
8394,8394,1503612503867,-5,-4,-4,-2,0,0,-4,0
8395,8395,1503612503875,0,-9,-3,1,2,0,-1,0
8396,8396,1503612503891,-1,5,0,1,0,-1,0,0
8397,8397,1503612503897,0,-6,-2,-2,-2,0,0,-1
8398,8398,1503612503905,0,-3,-1,0,1,0,-1,-2
8399,8399,1503612503922,-4,-5,-2,-3,-1,1,-2,-1
8400,8400,1503612503928,2,2,1,0,0,-2,-1,-1
8401,8401,1503612503935,-6,1,2,1,0,-3,0,0
8402,8402,1503612503950,-2,3,-2,-2,-2,-3,-4,-7
8403,8403,1503612503958,0,-4,-3,-3,-2,-1,1,3
8404,8404,1503612503965,2,-1,1,-1,-1,0,2,-3
8405,8405,1503612503979,-1,-1,-1,0,-2,-3,-3,-3
8406,8406,1503612503989,2,-1,-2,-3,0,0,-2,2
8407,8407,1503612503995,0,-5,-3,0,-2,-2,-1,0
8408,8408,1503612504010,1,-2,1,1,1,0,-1,0
8409,8409,1503612504017,-1,-1,-2,-2,-2,-3,-3,-3
8410,8410,1503612504025,-3,-2,-2,-2,-1,-2,4,-2
8411,8411,1503612504039,1,-3,-1,-1,-1,1,-3,-4
8412,8412,1503612504047,1,3,0,0,0,2,-1,0
8413,8413,1503612504057,0,-1,0,0,0,1,3,0
8414,8414,1503612504070,-1,-1,-1,0,1,1,-2,1
8415,8415,1503612504076,1,-3,-1,0,0,2,-1,1
8416,8416,1503612504085,-2,-1,-2,-2,-1,-2,1,0
8417,8417,1503612504099,-4,-1,1,0,-2,0,0,1
8418,8418,1503612504107,-2,-1,-3,0,0,0,-1,-2
8419,8419,1503612504115,0,0,-1,-2,-1,0,-1,1
8420,8420,1503612504132,0,0,0,-4,-2,-2,-1,-1
8421,8421,1503612504137,-3,-2,0,0,0,-2,1,1
8422,8422,1503612504145,-2,-1,-3,-3,-3,-1,0,0
8423,8423,1503612504159,-1,-1,-4,0,-1,-2,0,-2
8424,8424,1503612504167,2,-1,2,0,-2,-1,-3,-4
8425,8425,1503612504175,-1,0,-1,-2,-2,-2,-3,-6
8426,8426,1503612504190,-1,-1,-2,-4,-1,-1,9,-1
8542,8542,1503612505332,-18,-7,-2,-2,0,-1,-5,-4
8543,8543,1503612505345,-7,3,3,0,1,1,1,-5
8544,8544,1503612505352,-5,-7,-3,0,4,-2,-1,-10
8545,8545,1503612505361,0,0,-1,0,3,0,-1,8
8546,8546,1503612505367,4,-3,-1,1,3,2,-3,5
8547,8547,1503612505383,4,-3,-4,-2,-1,7,-1,-2
8548,8548,1503612505390,15,11,5,1,1,0,9,-10
8549,8549,1503612505407,0,9,4,0,4,6,6,7
8550,8550,1503612505412,-12,-9,-9,-1,0,0,7,2
8551,8551,1503612505420,-3,-10,-3,-1,0,-2,-1,-1
8552,8552,1503612505427,5,-4,-4,-1,-1,-2,-4,2
8553,8553,1503612505443,-5,-10,-5,-2,-1,-2,-6,-22
8554,8554,1503612505450,-5,1,0,0,-2,-1,-1,1
8555,8555,1503612505466,6,4,0,0,2,1,10,14
8556,8556,1503612505472,5,4,1,-3,0,1,-12,7
8557,8557,1503612505481,5,0,1,-1,-8,-4,1,2
8558,8558,1503612505487,0,-2,0,-1,-2,-1,2,-2
8559,8559,1503612505503,-3,1,2,0,1,-2,1,-3
8560,8560,1503612505510,-4,1,3,1,-4,-4,-5,-6
8561,8561,1503612505525,8,1,0,-2,-7,-11,-4,1
8562,8562,1503612505533,2,1,-1,-1,-1,1,2,14
8563,8563,1503612505540,-6,7,2,2,2,2,-2,-5
8564,8564,1503612505555,4,1,1,0,2,-1,3,0
8565,8565,1503612505563,0,-3,-4,-2,1,-1,-9,-5
8566,8566,1503612505570,-5,28,12,2,4,3,0,-5
8567,8567,1503612505585,-4,-4,-4,-1,-3,-2,1,-3
8568,8568,1503612505592,4,-2,-5,-4,-5,-1,5,-1
8569,8569,1503612505607,0,-3,-4,-1,2,0,-1,-14
8570,8570,1503612505615,-7,-10,-3,1,2,-1,-8,-14
8571,8571,1503612505623,6,1,-1,-1,0,-2,-7,9
8572,8572,1503612505630,-8,8,-1,-3,-2,-1,0,6
8573,8573,1503612505645,0,-1,1,0,-1,-2,0,-4
8574,8574,1503612505652,-3,6,6,4,0,-2,-5,1
8575,8575,1503612505660,-4,-5,-3,-3,-4,-4,-6,-5
8576,8576,1503612505676,3,-9,-4,-3,-2,-2,-2,-6
8577,8577,1503612505683,5,3,3,0,1,2,-3,6
8578,8578,1503612505690,2,-3,-1,0,-1,-6,-7,5
8579,8579,1503612505705,1,0,-4,-2,-3,1,4,10
8580,8580,1503612505712,3,-6,-3,0,3,2,18,15
8581,8581,1503612505720,-5,0,-2,0,2,1,4,-4
8582,8582,1503612505735,-4,2,0,1,1,-2,-13,-14
8583,8583,1503612505736,3,-7,-4,-5,-6,-4,-6,3
8584,8584,1503612505743,-7,11,5,0,0,-2,3,-6
8585,8585,1503612505750,-1,11,2,-1,0,-1,0,-18
8586,8586,1503612505767,2,3,-2,-1,0,1,-5,2
8587,8587,1503612505772,13,-5,-1,0,-4,9,3,-2
8588,8588,1503612505788,-5,-6,-2,-1,0,-1,0,-3
8589,8589,1503612505795,-4,-8,-5,-1,-3,1,3,4
8590,8590,1503612505810,1,0,2,3,0,-2,6,-3
8591,8591,1503612505811,0,-8,-4,-1,-5,-7,-10,-2
8592,8592,1503612505825,-5,-10,-5,0,0,-3,-9,-12
8593,8593,1503612505832,-5,-2,0,0,1,-1,-2,-2
8594,8594,1503612505840,-3,-5,-4,-2,0,0,-10,-1
8595,8595,1503612505855,5,1,-2,-2,2,-1,2,10
8596,8596,1503612505863,17,-4,-4,-1,-1,0,6,21
8597,8597,1503612505870,-9,0,2,-1,2,-3,-1,-17
8598,8598,1503612505885,-5,3,1,0,1,0,2,4
8599,8599,1503612505892,-9,-4,-1,0,-2,-3,-6,-6
8600,8600,1503612505902,-7,-2,-1,-4,-6,0,2,-9
8601,8601,1503612505915,-3,7,-1,-2,0,-3,-2,1
8602,8602,1503612505923,3,-3,-2,1,-2,-1,2,-12
8603,8603,1503612505930,4,-5,-2,1,3,5,0,21
8604,8604,1503612505945,-3,-4,2,-3,0,3,-4,9
8605,8605,1503612505952,0,0,2,0,0,-1,4,-9
8606,8606,1503612505960,3,-2,-1,-1,1,-2,-1,1
8607,8607,1503612505975,-3,4,0,-2,1,0,-9,-4
8608,8608,1503612505983,0,3,1,2,4,-1,-1,-3
8609,8609,1503612505989,2,-4,-1,0,-1,7,4,1
8610,8610,1503612505990,-7,-7,-3,-1,1,-8,-1,1
8611,8611,1503612506006,-2,6,0,0,1,0,0,2
8612,8612,1503612506012,4,7,0,-1,0,5,2,-3
8613,8613,1503612506020,2,-4,-4,-2,-5,-4,7,6
8614,8614,1503612506037,-3,-5,-3,-4,-8,-2,8,-8
8615,8615,1503612506043,0,-1,-1,0,-2,2,-4,4
8616,8616,1503612506050,4,-1,-2,-1,-6,8,-6,11
8617,8617,1503612506065,0,-2,-1,1,2,2,-1,-1
8618,8618,1503612506073,6,3,0,2,3,5,10,16
8619,8619,1503612506080,2,26,10,1,-5,-6,13,-3
8620,8620,1503612506095,9,-14,-10,-3,1,-4,-6,-1
8621,8621,1503612506105,7,-3,-4,1,2,0,-6,2
8622,8622,1503612506110,-2,-9,-1,1,-1,-4,-5,3
8623,8623,1503612506125,-5,-12,-6,-2,-5,-3,-5,-2
8624,8624,1503612506132,-11,0,-2,-1,2,0,0,0
8625,8625,1503612506141,1,4,2,-1,-1,0,-1,3
8626,8626,1503612506155,2,-3,-3,-1,-2,-4,-3,1
8627,8627,1503612506163,-1,-1,1,-2,0,-4,-22,-6
8628,8628,1503612506171,-2,6,3,0,1,-1,0,-12
8629,8629,1503612506185,-1,-5,-3,-1,0,1,0,1
8630,8630,1503612506192,-4,3,2,3,3,1,-4,-8
8631,8631,1503612506200,-1,2,-2,-3,3,3,0,-7
8632,8632,1503612506215,0,-4,-4,-1,1,-3,6,-7
8633,8633,1503612506223,-14,3,0,1,2,0,2,6
8634,8634,1503612506230,-1,13,5,2,7,2,-8,-4
8635,8635,1503612506246,-2,-9,-3,-2,-2,-2,4,-2
8636,8636,1503612506252,-1,-2,2,-1,-4,-2,-4,0
8637,8637,1503612506260,0,3,4,2,-2,0,3,-9
8638,8638,1503612506275,-4,-5,0,-3,-4,-4,-2,-6
8639,8639,1503612506283,-1,-12,-4,-3,1,2,-1,0
8640,8640,1503612506290,3,5,2,-1,-1,0,3,7
8641,8641,1503612506305,-8,-1,-1,-2,0,-2,-3,-12
8642,8642,1503612506312,-7,12,4,-2,-1,1,12,-16
8643,8643,1503612506320,0,0,-1,0,0,1,4,2
8644,8644,1503612506335,0,-10,-4,-1,-1,2,-6,-2
8645,8645,1503612506343,1,0,1,1,2,0,-7,-1
8646,8646,1503612506350,-1,-3,4,1,-3,-1,-2,4
8647,8647,1503612506365,1,4,-3,2,-2,-2,-5,-1
8648,8648,1503612506374,0,-5,0,-3,-1,2,3,1
8649,8649,1503612506375,3,6,1,-2,2,-1,-2,-5
8650,8650,1503612506380,-1,-8,-2,-1,-5,0,17,3
8651,8651,1503612506395,3,7,1,1,-2,-1,2,5
8652,8652,1503612506403,3,4,-3,-3,-3,-3,-11,-8
8653,8653,1503612506410,1,-8,-6,-4,-3,-2,0,7
8654,8654,1503612506425,-1,-1,0,-2,1,0,-5,-5
8655,8655,1503612506432,-5,-8,-2,-1,2,-1,-10,-13
8656,8656,1503612506442,2,-9,-3,-4,-5,-3,-2,5
8657,8657,1503612506455,-4,3,0,0,-9,-2,9,0
8658,8658,1503612506463,-8,2,10,6,4,0,-8,-6
8659,8659,1503612506477,3,-1,-4,0,-2,-2,-8,-3
8660,8660,1503612506485,-1,-2,-3,0,0,-3,-2,1
8661,8661,1503612506492,1,-7,-2,0,0,-1,-6,-3
8662,8662,1503612506509,4,3,-1,-1,0,0,5,1
8663,8663,1503612506515,-7,-2,-4,-2,3,1,3,3
8664,8664,1503612506523,-3,-2,-2,-1,-2,-3,1,4
8665,8665,1503612506545,-2,-1,0,-2,-2,0,8,2
8666,8666,1503612506546,4,9,-1,-1,-7,-5,-6,1
8667,8667,1503612506552,-4,3,2,-1,1,0,-7,-1
8668,8668,1503612506567,0,-6,0,0,-1,1,4,-5
8669,8669,1503612506575,-2,-7,-2,0,1,1,1,-1
8670,8670,1503612506583,1,-7,-3,-3,0,0,-2,6
8671,8671,1503612506597,2,-11,-5,-2,-8,-6,-3,-2
8672,8672,1503612506612,2,8,-1,-2,4,4,14,-7
8673,8673,1503612506627,-4,10,4,3,-1,0,4,-2
8674,8674,1503612506635,-3,-2,2,2,-3,-2,-12,1
8675,8675,1503612506644,2,-6,0,0,-1,1,2,3
8676,8676,1503612506657,1,0,0,0,-3,-1,2,3
8677,8677,1503612506665,-6,-14,-4,-1,-2,-2,1,-6
8678,8678,1503612506679,-2,-7,-2,-3,-1,-3,-4,2
8679,8679,1503612506687,0,13,2,0,2,-4,-20,0
8680,8680,1503612506695,-6,-5,-3,-3,1,0,3,4
8681,8681,1503612506703,8,7,0,1,4,4,7,1
8682,8682,1503612506717,-3,4,1,0,2,-1,0,0
8683,8683,1503612506725,-3,-6,-3,-3,-3,-2,-1,2
8684,8684,1503612506732,8,15,7,3,-1,1,-2,-5
8685,8685,1503612506747,-3,-4,-1,1,1,1,3,-7
8686,8686,1503612506755,-6,-2,-1,-1,-4,-1,10,-4
8687,8687,1503612506766,-3,-1,0,-1,3,1,0,5
8688,8688,1503612506778,2,-5,-5,1,0,-1,-5,1
8689,8689,1503612506785,-4,-9,-5,-2,-4,-1,2,-6
8690,8690,1503612506792,3,5,2,-1,2,-1,-4,-5
8691,8691,1503612506809,-20,-4,-6,-6,-5,-5,5,9
8692,8692,1503612506818,-4,2,-6,-1,3,-1,-3,1
8693,8693,1503612506823,1,-3,0,-1,-7,-3,-1,-1
8694,8694,1503612506837,6,-1,1,-1,-5,-1,0,7
8695,8695,1503612506845,7,-4,-1,0,5,3,8,1
8696,8696,1503612506852,-7,-8,-3,-2,-4,-1,-6,2
8697,8697,1503612506867,8,14,4,1,-4,-3,-13,-18
8698,8698,1503612506879,-1,-4,-8,-1,1,0,-5,-2
8699,8699,1503612506884,3,-15,-6,-2,0,-2,1,2
8700,8700,1503612506904,3,2,3,-1,-1,0,-2,-3
8701,8701,1503612506908,-2,-2,2,1,-1,0,-2,3
8702,8702,1503612506913,-2,-1,4,0,0,-1,-3,1
8703,8703,1503612506927,-8,-4,1,-1,0,-2,0,-3
8704,8704,1503612506935,-1,18,5,2,9,2,2,-5
8705,8705,1503612506944,-3,-9,-9,-5,-1,0,3,-2
8706,8706,1503612506957,4,-4,-1,1,4,1,-2,0
8707,8707,1503612506966,-1,2,1,2,-1,-1,3,6
8708,8708,1503612506972,3,14,6,-1,-6,-3,0,1
8709,8709,1503612506988,4,-7,-1,0,-3,-1,0,-1
8710,8710,1503612506995,-4,-21,-8,-8,-8,-5,-4,-1
8711,8711,1503612507003,-4,10,-1,-2,0,1,13,-3
8712,8712,1503612507018,5,6,2,3,0,2,7,-3
8713,8713,1503612507025,2,-1,-5,-2,-2,0,-16,-2
8714,8714,1503612507032,0,10,3,4,5,-1,3,2
8715,8715,1503612507048,-2,-3,0,-2,0,0,-4,-2
8716,8716,1503612507056,-7,2,-4,-3,-2,-1,-2,0
8717,8717,1503612507070,-4,-1,-2,-1,3,0,-2,1
8718,8718,1503612507082,4,-7,-2,-3,-4,-4,6,5
8719,8719,1503612507092,-3,-10,1,1,0,-1,4,5
8720,8720,1503612507093,-3,-11,-4,-2,-4,-5,-1,-18
8721,8721,1503612507108,9,16,6,2,1,0,-2,8
8722,8722,1503612507115,16,26,2,-1,-1,-1,-9,4
8723,8723,1503612507123,8,5,-3,-5,-3,-3,2,-2
8724,8724,1503612507137,-1,-4,-4,-2,-5,1,3,2
8725,8725,1503612507145,0,1,1,3,1,3,11,-2
8726,8726,1503612507153,-7,-21,-1,1,2,-2,-7,5
8727,8727,1503612507168,-5,-8,-5,-3,-3,-4,-8,0
8728,8728,1503612507179,-1,-11,-5,-1,-1,-1,0,-5
8729,8729,1503612507183,-4,-2,-2,0,0,1,-1,-4
8730,8730,1503612507197,-12,4,-2,-4,-1,0,-6,-2
8731,8731,1503612507213,4,2,-1,-1,1,-2,0,3
8732,8732,1503612507214,0,-19,-5,-4,-2,-3,-18,1
8733,8733,1503612507228,-6,1,-3,-1,-2,-2,-7,1
8734,8734,1503612507237,9,22,9,4,1,2,-1,-2
8735,8735,1503612507246,5,-5,-1,-2,-1,-2,-13,-6
8736,8736,1503612507257,-6,-13,-8,-5,-3,-2,5,6
8737,8737,1503612507265,3,1,1,-3,-4,-2,-1,-13
8738,8738,1503612507272,-8,-4,-3,0,-2,-3,-17,-12
8739,8739,1503612507288,0,4,-1,-2,-1,1,-1,3
8740,8740,1503612507295,-1,3,1,2,-2,-4,4,-19
8741,8741,1503612507303,-2,0,1,0,-1,0,-1,8
8742,8742,1503612507317,-2,1,-2,-1,1,-2,-3,4
8743,8743,1503612507325,-3,-3,7,5,1,0,3,1
8744,8744,1503612507332,18,3,-6,-5,-3,2,10,9
8745,8745,1503612507349,10,18,9,2,0,1,2,1
8746,8746,1503612507355,1,0,2,-1,-1,-1,-4,9
8747,8747,1503612507363,-7,-7,-5,-5,-3,-4,-2,-6
8748,8748,1503612507380,-1,-8,-2,4,3,1,0,-1
8749,8749,1503612507385,-12,-8,-5,-2,-1,-5,-4,1
8750,8750,1503612507392,-2,0,-1,-2,0,-2,-3,-6
8751,8751,1503612507408,-2,6,-1,0,-5,-1,5,8
8752,8752,1503612507416,-1,0,-2,-2,-3,-1,8,7
8753,8753,1503612507430,-2,-6,-7,-5,-2,-1,-18,0
8754,8754,1503612507437,-11,-7,3,2,-6,-4,7,4
8755,8755,1503612507446,8,30,17,9,12,4,-3,-7
8756,8756,1503612507460,-7,-12,-3,0,-3,1,-1,-2
8757,8757,1503612507468,-5,-13,-6,-2,-6,-3,2,-2
8758,8758,1503612507475,0,2,-1,-2,1,0,7,2
8759,8759,1503612507490,4,-2,-2,0,1,-1,-2,-8
8760,8760,1503612507497,1,3,5,7,2,-3,-4,-2
8761,8761,1503612507505,-3,-7,-3,-2,1,-2,-2,-13
8762,8762,1503612507526,-8,-3,-7,-6,-8,0,0,-7
8763,8763,1503612507528,1,-8,-3,1,2,2,13,30
8764,8764,1503612507534,-4,-1,-7,-6,-1,2,-1,7
8765,8765,1503612507550,5,-7,-2,0,-2,-2,-2,-8
8766,8766,1503612507557,1,-3,-4,-4,-2,-1,-2,1
8767,8767,1503612507565,-5,-6,-7,-4,-3,0,7,23
8768,8768,1503612507581,9,23,7,3,3,2,-17,-6
8769,8769,1503612507588,6,12,10,7,3,-3,-6,-17
8770,8770,1503612507594,-1,-4,-4,-1,-1,-1,5,3
8771,8771,1503612507610,-6,-5,-5,-5,-3,-1,4,6
8772,8772,1503612507617,-3,-4,-3,-4,-1,-3,2,1
8773,8773,1503612507625,1,17,4,0,-3,-2,1,-10
8774,8774,1503612507639,1,-17,-4,3,13,5,5,0
8775,8775,1503612507650,-5,0,-6,-10,-9,-4,-8,-9
8776,8776,1503612507655,2,5,1,0,-4,-1,13,3
8777,8777,1503612507670,-2,-9,-2,1,3,0,-6,-6
8778,8778,1503612507677,-7,-9,-3,-3,-3,-4,-4,-3
8779,8779,1503612507687,-4,2,-2,-2,-2,1,3,2
8780,8780,1503612507699,16,9,3,3,1,0,-6,-11
8781,8781,1503612507707,6,-11,-1,-1,-1,-1,3,5
8782,8782,1503612507715,-3,-7,-2,-2,2,-3,-7,-5
8783,8783,1503612507729,-2,-7,-4,-2,1,1,1,9
8784,8784,1503612507737,2,3,4,3,-1,1,3,5
8785,8785,1503612507749,-6,-5,-1,2,1,2,3,-16
8786,8786,1503612507760,-12,10,2,-1,-3,-2,-3,-4
8787,8787,1503612507768,4,5,-1,-1,-2,-1,-1,-8
8788,8788,1503612507775,-4,-6,-1,-1,-1,-2,-4,-33
8789,8789,1503612507790,-8,-8,-3,-1,-3,-2,-8,-1
8790,8790,1503612507797,2,-1,-1,-2,0,-2,-17,20
8791,8791,1503612507805,-1,-8,-3,0,2,3,2,2
8792,8792,1503612507820,2,-4,-1,0,-2,5,7,4
8793,8793,1503612507828,4,-2,1,0,0,-3,0,-8
8794,8794,1503612507834,-1,3,-3,-2,-3,-3,5,3
8795,8795,1503612507850,-3,0,1,2,7,3,8,5
8796,8796,1503612507857,-2,-2,-1,-1,-2,-4,-1,-3
8797,8797,1503612507865,-2,4,-2,-1,0,-1,-1,1
8798,8798,1503612507880,-1,-4,2,3,-2,1,-1,1
8799,8799,1503612507888,-4,5,3,0,-1,-2,-9,-2
8800,8800,1503612507895,2,-3,1,-1,0,1,-2,7
8801,8801,1503612507910,10,-3,-2,-2,-2,-2,-6,-18
8802,8802,1503612507917,-2,13,3,0,1,-6,-9,-27
8803,8803,1503612507925,7,4,-2,0,-4,0,-1,5
8804,8804,1503612507940,-1,3,-3,-2,0,1,5,9
8805,8805,1503612507950,-7,1,-3,-1,-2,0,3,0
8806,8806,1503612507956,1,1,-5,-4,-2,-1,2,2
8807,8807,1503612507969,-1,-8,-2,-4,-3,-2,-4,5
8808,8808,1503612507977,-4,-11,-2,-3,-2,-3,4,1
8809,8809,1503612507986,-4,-4,1,-1,-1,-3,-2,1
8810,8810,1503612508000,-6,3,4,1,-1,3,0,1
8811,8811,1503612508008,-5,3,-1,0,-1,1,1,5
8812,8812,1503612508017,18,-7,-7,-3,-2,-3,-4,21
8813,8813,1503612508030,0,-7,-3,-3,-1,0,1,0
8814,8814,1503612508037,-3,-4,0,1,-2,-1,-6,-4
8815,8815,1503612508045,1,5,-1,-2,-2,-4,-2,-4
8816,8816,1503612508060,-8,0,-1,-2,1,-2,0,-1
8817,8817,1503612508068,3,2,4,2,-1,0,3,11
8818,8818,1503612508075,0,3,2,0,0,1,-2,-25
8819,8819,1503612508090,-5,-9,-6,-2,0,-1,-3,-8
8820,8820,1503612508097,-2,-5,0,0,-2,-3,1,-6
8821,8821,1503612508105,-10,1,1,0,0,1,-3,17
8822,8822,1503612508120,-16,14,3,1,2,0,3,3
8823,8823,1503612508128,-1,3,-1,0,-2,0,-1,-15
8824,8824,1503612508134,-10,-20,-7,-1,-1,1,3,6
8825,8825,1503612508151,9,1,-1,-1,0,-2,0,4
8826,8826,1503612508157,-2,0,2,1,-1,-1,3,-2
8827,8827,1503612508165,0,-1,0,0,0,-2,-2,-4
8828,8828,1503612508180,3,-2,-1,0,-1,1,-1,-2
8829,8829,1503612508188,-8,4,-2,-2,-1,-1,0,-4
8830,8830,1503612508195,-13,5,3,1,0,-1,-4,-4
8831,8831,1503612508209,-4,-3,2,2,0,1,-3,-3
8832,8832,1503612508210,6,7,-1,-2,-1,0,2,7
8833,8833,1503612508226,-6,-12,-4,0,-2,-4,2,0
8834,8834,1503612508240,6,-10,-5,-2,-1,-2,-3,4
8835,8835,1503612508248,1,-11,-1,2,0,1,0,-3
8836,8836,1503612508255,12,4,-1,-1,-2,-2,0,4
8837,8837,1503612508269,0,-5,-3,-2,-1,-2,-2,-2
8838,8838,1503612508277,-2,0,1,-3,-1,3,-5,-5
8839,8839,1503612508286,0,-4,-2,-1,0,-1,-2,-13
8840,8840,1503612508300,-7,-4,-4,2,1,-1,3,6
8841,8841,1503612508308,-7,7,5,-1,-1,-2,-3,-2
8842,8842,1503612508314,8,0,0,-1,1,1,3,-3
8843,8843,1503612508329,18,-10,-6,-2,-1,0,0,6
8844,8844,1503612508344,-3,-5,-2,-3,-1,1,-2,-4
8845,8845,1503612508352,-5,-3,-3,-1,-1,-2,-1,2
8846,8846,1503612508353,10,8,5,2,1,1,0,-9
8847,8847,1503612508366,0,1,-3,0,-1,-1,1,0
8848,8848,1503612508368,-7,1,-1,0,-1,0,-1,2
8849,8849,1503612508381,11,-10,1,-1,-1,-1,-1,6
8850,8850,1503612508390,-2,9,3,-2,0,0,0,2
8851,8851,1503612508397,-2,0,2,0,0,-1,1,-3
8852,8852,1503612508412,-4,2,-2,-1,0,-1,-1,-7
8853,8853,1503612508420,10,-1,-3,-3,-3,-2,-2,2
8854,8854,1503612508428,-9,-2,-2,-1,-1,-1,-2,3
8855,8855,1503612508441,-7,0,-1,0,-1,0,2,-3
8856,8856,1503612508450,-11,-7,-2,-1,-1,-1,-3,-1
8857,8857,1503612508457,11,0,-2,-1,-2,0,-3,-1
8858,8858,1503612508472,-6,0,0,0,-1,0,0,1
8859,8859,1503612508480,-5,8,1,0,-1,-2,-4,-5
8860,8860,1503612508488,1,-1,-2,-1,-1,-1,-1,3
8861,8861,1503612508502,-6,-5,-1,-1,-1,-1,0,-1
8862,8862,1503612508510,2,3,-1,-1,-3,0,-1,-5
8863,8863,1503612508517,-9,-3,-3,-1,-1,-1,2,-1
8864,8864,1503612508532,4,-3,0,-1,-1,1,2,6
8865,8865,1503612508540,2,17,5,1,1,-2,1,1
8866,8866,1503612508548,2,1,-3,-1,2,-2,0,-1
8867,8867,1503612508562,-1,-7,-2,-2,-1,2,-1,-1
8868,8868,1503612508569,-2,3,3,0,0,-2,0,-1
8869,8869,1503612508577,-17,8,2,0,1,-1,-1,-2
8870,8870,1503612508593,-1,-1,0,0,-2,0,-1,3
8871,8871,1503612508600,-2,-6,-4,-2,-3,-4,-5,-5
8872,8872,1503612508608,4,3,0,-2,-1,1,-2,-5
8873,8873,1503612508623,0,2,-1,-1,0,-2,0,3
8874,8874,1503612508624,0,-2,2,0,2,-1,-1,-1
8875,8875,1503612508630,4,1,1,-1,-2,-2,1,0
8876,8876,1503612508637,1,-5,-2,0,0,-2,-1,-1
8877,8877,1503612508657,-3,-4,-1,0,-2,0,-2,-1
8878,8878,1503612508660,0,4,1,-2,0,0,2,0
8879,8879,1503612508676,-4,-2,-1,-1,-2,-1,0,2
8880,8880,1503612508681,-2,-6,-5,-2,-2,0,0,-1
8881,8881,1503612508690,0,0,-2,-1,-2,-1,-2,-2
8882,8882,1503612508697,1,-1,-1,1,0,1,1,4
8883,8883,1503612508712,1,3,4,1,1,-1,-1,-4
8884,8884,1503612508723,1,1,0,0,-2,-2,-3,-3
8885,8885,1503612508728,-10,-1,1,0,2,-2,-3,-5
8886,8886,1503612508741,5,-8,0,-1,-1,0,-1,0
8887,8887,1503612508750,-2,-3,-2,-2,-1,0,1,2
8888,8888,1503612508758,0,1,1,1,-1,-2,1,2
8889,8889,1503612508760,-4,-3,-2,0,-1,0,1,-1
8890,8890,1503612508779,2,1,1,-2,-2,0,-1,0
8891,8891,1503612508780,-1,1,-1,-1,1,-1,-1,-1
8892,8892,1503612508790,2,-1,-2,0,1,-1,0,-1
8893,8893,1503612508802,0,3,0,0,-2,-2,-2,-1
8894,8894,1503612508809,5,-4,-3,-2,-3,0,-2,-1
8895,8895,1503612508817,2,1,-1,0,-1,-1,-1,0
8896,8896,1503612508832,-2,-7,-6,-1,-1,0,-3,0
8897,8897,1503612508839,-2,3,2,0,-1,1,-1,-2
8898,8898,1503612508848,-4,-6,-3,-2,-1,-2,-3,-4
8899,8899,1503612508862,3,2,0,-2,-2,-1,0,1
8900,8900,1503612508870,1,4,2,-1,-2,-2,-2,0
8901,8901,1503612508877,-1,-2,-1,0,0,-1,-3,-1
8902,8902,1503612508893,1,0,-1,-1,2,0,-1,-1
8903,8903,1503612508900,-3,-3,-4,-3,2,0,-2,-1
8904,8904,1503612508908,10,2,-1,-1,0,1,0,3
8905,8905,1503612508924,4,-1,0,-1,0,-1,-1,-3
8906,8906,1503612508930,-5,2,-2,0,1,0,-1,-3
8907,8907,1503612508937,2,-5,-1,-2,-1,0,0,2
8908,8908,1503612508952,-3,-3,-2,2,-2,-2,0,-1
8909,8909,1503612508961,-1,2,-1,0,-1,-1,0,-2
8910,8910,1503612508968,-1,0,1,-3,1,0,-1,-3
8911,8911,1503612508981,-5,0,0,0,0,0,0,0
8912,8912,1503612508991,1,0,-1,-1,0,-1,-2,0
8913,8913,1503612508992,1,-1,-1,-1,0,-2,3,3
8914,8914,1503612508997,5,-4,-3,0,-2,-1,0,1
8915,8915,1503612509012,-1,5,0,-3,-1,-2,0,0
8916,8916,1503612509019,-3,-2,-5,-2,-2,-2,-1,0
8917,8917,1503612509029,2,1,0,1,0,0,0,3
8918,8918,1503612509042,-1,-2,0,-2,-2,-1,0,2
8919,8919,1503612509050,8,-1,1,0,1,-1,-1,2
8920,8920,1503612509058,-2,1,-1,1,-2,1,0,0
8921,8921,1503612509072,-2,0,0,-1,-1,-2,-2,-2
8922,8922,1503612509080,-1,1,-1,-3,-1,-2,-3,-1
8923,8923,1503612509088,-7,-1,-2,-2,-3,-2,-3,-4
8924,8924,1503612509102,-1,-1,0,-1,0,0,-2,-2
8925,8925,1503612509110,-2,-4,-1,-2,0,-2,0,-1
8926,8926,1503612509117,-13,-1,-1,-3,-1,-2,-2,-5
8927,8927,1503612509133,-4,14,2,2,0,1,-2,-3
8928,8928,1503612509139,4,-2,-2,0,-1,-1,3,1
8929,8929,1503612509148,-12,-4,0,0,0,-1,-1,-3
8930,8930,1503612509162,-2,3,-1,-1,2,-1,0,0
8931,8931,1503612509170,1,-6,-3,-2,-1,2,-1,1
8932,8932,1503612509177,2,-3,-1,-1,-3,-2,-1,-3
8933,8933,1503612509192,-3,-2,-3,-2,0,-2,0,0
8934,8934,1503612509200,3,4,3,1,-1,0,0,2
8935,8935,1503612509207,-3,-6,-2,-2,-2,1,-2,-3
8936,8936,1503612509221,-2,0,5,1,1,1,-1,0
8937,8937,1503612509230,4,-3,-2,-1,-1,-2,3,1
8938,8938,1503612509237,8,-1,-1,-1,0,-3,-3,0
8939,8939,1503612509252,0,-3,0,-1,0,1,-3,1
8940,8940,1503612509260,-7,5,1,1,1,-1,-6,-3
8941,8941,1503612509274,1,-3,-1,0,-3,-2,4,-2
8942,8942,1503612509281,1,-1,-3,-2,-1,1,4,1
8943,8943,1503612509289,7,-3,1,-1,1,-2,-3,1
8944,8944,1503612509304,-2,-10,-1,-2,-1,0,4,0
8945,8945,1503612509312,-3,5,-2,-2,0,1,0,-4
8946,8946,1503612509320,7,8,0,-1,-1,-3,-1,-1
8947,8947,1503612509335,2,5,6,0,1,-2,-3,-2
8948,8948,1503612509341,0,-3,-2,-3,-1,0,-4,-3
8949,8949,1503612509349,-3,-5,-4,1,-2,1,2,-1
8950,8950,1503612509364,3,3,-1,1,-3,0,3,2
8951,8951,1503612509372,4,2,-1,1,-2,-2,-1,-1
8952,8952,1503612509379,-3,2,-3,-1,0,-2,-4,-3
8953,8953,1503612509395,-6,-3,0,-1,-1,-1,-4,0
8954,8954,1503612509402,13,9,2,-1,0,-1,1,4
8955,8955,1503612509409,1,0,0,-2,2,0,1,-2
8956,8956,1503612509424,2,-20,-6,-2,-4,-2,-5,-5
8957,8957,1503612509432,9,-2,-3,-2,-1,0,-2,4
8958,8958,1503612509440,-9,-7,-3,-2,-1,-1,1,-2
8959,8959,1503612509454,-5,0,-3,-3,-1,-1,-3,-6
8960,8960,1503612509462,-1,5,4,0,1,1,8,2
8961,8961,1503612509469,-2,2,-2,-1,0,2,2,0
8962,8962,1503612509484,-2,1,-3,-1,0,-1,-8,3
8963,8963,1503612509494,-6,-5,-1,0,-1,-2,-2,-1
8964,8964,1503612509500,2,0,0,-1,-2,-1,0,1
8965,8965,1503612509514,2,-1,1,0,0,-1,-3,-1
8966,8966,1503612509521,-7,-3,-2,-1,-2,1,1,-1
8967,8967,1503612509530,-3,-10,-6,-4,-1,-1,-1,1
8968,8968,1503612509544,-9,-6,-1,-2,-2,-4,-4,-3
8969,8969,1503612509552,-2,3,2,-1,-2,0,0,-4
8970,8970,1503612509562,7,5,-3,-3,0,-1,5,-1
8971,8971,1503612509575,-2,6,1,-1,-1,-2,-5,2
8972,8972,1503612509581,-7,1,0,2,1,0,1,-2
8973,8973,1503612509589,14,0,1,-1,-1,0,3,4
8974,8974,1503612509604,-2,-1,0,0,-2,-1,-6,-1
8975,8975,1503612509612,-7,-1,-1,0,-2,-1,1,-1
8976,8976,1503612509628,0,0,0,0,-2,-5,-4,-4
8977,8977,1503612509634,4,0,-1,1,-1,-2,-4,1
8978,8978,1503612509635,-4,-1,-2,-1,-2,0,4,2
8979,8979,1503612509649,0,4,1,0,0,1,0,0
8980,8980,1503612509651,2,-1,-1,-4,1,-3,-8,-3
8981,8981,1503612509664,-3,0,1,-2,1,0,0,0
8982,8982,1503612509672,-8,-3,0,1,0,0,-2,-6
8983,8983,1503612509679,0,-6,-2,0,-1,-1,-1,0
8984,8984,1503612509695,3,-3,-3,-2,-1,-2,-2,3
8985,8985,1503612509701,-2,1,1,-3,-1,-2,-6,-5
8986,8986,1503612509702,-14,-4,-2,-1,-2,-1,-4,-7
8987,8987,1503612509710,0,-1,-2,0,-1,1,-2,0
8988,8988,1503612509724,-3,-3,-2,-2,-2,-1,0,1
8989,8989,1503612509732,-3,3,2,0,-1,-1,-7,-2
8990,8990,1503612509739,12,1,-1,-1,0,0,0,0
8991,8991,1503612509754,7,-3,0,-2,0,1,1,-1
8992,8992,1503612509763,-6,0,-1,-2,1,-3,-5,-8
8993,8993,1503612509771,-3,1,1,-1,0,-2,8,0
8994,8994,1503612509784,2,2,-1,0,-2,2,1,4
8995,8995,1503612509792,-8,-2,-2,1,0,0,4,-2
8996,8996,1503612509800,9,-3,-1,0,0,0,2,1
8997,8997,1503612509815,-1,0,-1,-1,-1,1,-1,-1
8998,8998,1503612509821,-2,-1,0,-1,-1,0,-3,-4
8999,8999,1503612509830,-3,-2,-2,0,0,-1,-1,-3
9000,9000,1503612509844,-10,-5,-1,0,2,-1,4,-2
9001,9001,1503612509852,-1,2,0,-2,0,-2,-6,-1
9002,9002,1503612509860,1,1,-1,0,0,-1,-3,1
9003,9003,1503612509875,-6,-2,-1,0,0,-1,-3,-2
9004,9004,1503612509881,-1,0,-2,-1,-2,-2,4,0
9005,9005,1503612509890,-1,-1,0,0,-1,1,3,0
9006,9006,1503612509906,-4,7,2,-1,-1,-2,-10,-7
9007,9007,1503612509912,3,3,0,0,0,-1,2,1
9008,9008,1503612509920,-4,-5,-2,-2,-1,0,-1,-1
9009,9009,1503612509934,-12,-2,-1,0,1,-1,-1,0
9010,9010,1503612509941,-2,2,-2,-1,-2,1,2,1
9011,9011,1503612509950,0,0,-1,0,-1,-1,-1,0
9012,9012,1503612509965,2,-2,0,2,1,1,2,1
9013,9013,1503612509972,4,-1,-2,0,-2,-3,0,-3
9014,9014,1503612509979,4,-2,1,-3,-2,-1,-3,1
9015,9015,1503612509995,0,-1,-2,-2,-1,1,1,-2
9016,9016,1503612510001,7,0,-2,-2,-1,-1,-5,0
9017,9017,1503612510010,7,0,0,2,1,0,-4,-1
9018,9018,1503612510024,-5,2,2,0,1,1,3,1
9019,9019,1503612510032,-1,1,0,-1,-4,-1,-2,-3
9020,9020,1503612510040,2,-1,-1,-1,-1,-1,-2,-3
9021,9021,1503612510054,-3,-3,0,-3,-2,0,2,0
9022,9022,1503612510061,1,-2,-4,1,-1,-1,-3,1
9023,9023,1503612510069,-2,-2,-1,2,0,1,-2,0
9024,9024,1503612510070,2,-2,-2,-2,0,0,0,1
9025,9025,1503612510084,1,0,0,-1,1,-1,1,-1
9026,9026,1503612510092,9,1,0,0,1,-2,-2,4
9027,9027,1503612510102,-1,-1,-3,-2,-3,-2,0,-1
9028,9028,1503612510114,-7,-1,-1,-4,0,-2,-2,-3
9029,9029,1503612510121,-12,3,3,3,-2,2,1,2
9030,9030,1503612510132,-3,-1,-3,1,0,0,1,1
9031,9031,1503612510144,-10,-5,-1,-3,1,-2,1,-5
9032,9032,1503612510152,1,1,1,0,0,-2,-2,-3
9033,9033,1503612510160,4,0,-1,0,-3,0,-3,-1
9034,9034,1503612510175,-6,-2,-3,3,0,-1,-5,0
9035,9035,1503612510181,6,1,-1,1,1,-1,-1,0
9036,9036,1503612510182,1,-2,-2,-2,-4,-2,1,-1
9037,9037,1503612510189,-7,-1,2,-2,-1,-2,1,-5
9038,9038,1503612510204,-1,-4,-3,-2,0,0,-3,-2
9039,9039,1503612510212,4,4,3,0,0,2,0,0
9040,9040,1503612510226,10,-1,-2,-2,0,-1,1,-1
9041,9041,1503612510235,-8,1,-1,0,0,-2,-1,-1
9042,9042,1503612510242,-8,0,1,0,1,-2,-1,0
9043,9043,1503612510257,3,-4,-1,-2,-2,0,2,-1
9044,9044,1503612510266,10,2,1,0,-1,0,0,4
9045,9045,1503612510272,-2,6,1,-1,2,-1,0,2
9046,9046,1503612510287,2,-1,-1,-2,-1,-2,-5,-3
9047,9047,1503612510295,6,-2,-3,-1,-2,-1,1,0
9048,9048,1503612510302,-10,1,-1,-2,-1,1,0,-3
9049,9049,1503612510317,-7,-3,-3,-3,-2,0,2,2
9050,9050,1503612510324,-4,-4,-4,0,1,0,-2,-3
9051,9051,1503612510333,5,7,2,0,0,-1,-1,-1
9052,9052,1503612510346,20,2,1,-1,-1,-1,0,2
9053,9053,1503612510357,1,-6,-5,-1,-2,1,-2,-3
9054,9054,1503612510362,-1,4,2,-1,-2,0,2,2
9055,9055,1503612510379,-9,1,-1,0,-2,1,0,-1
9056,9056,1503612510384,-3,0,-1,-1,0,-1,-3,0
9057,9057,1503612510411,-8,-1,0,-2,-3,-2,-2,-1
9058,9058,1503612510412,0,0,1,-2,-1,-2,0,-2
9059,9059,1503612510415,-2,-3,0,-1,1,-1,0,-4
9060,9060,1503612510424,-8,-4,0,1,0,-1,-1,-3
9061,9061,1503612510437,4,-3,0,-1,-1,-2,-2,-2
9062,9062,1503612510444,0,-1,-5,-2,0,-2,1,0
9063,9063,1503612510452,4,-8,1,-2,-3,1,0,1
9064,9064,1503612510472,-7,-3,5,-2,-1,-1,-2,-3
9065,9065,1503612510476,4,-2,1,-2,0,1,4,2
9066,9066,1503612510482,1,0,0,-2,-1,-1,1,-1
9067,9067,1503612510497,-10,2,-5,1,-1,-1,-4,-4
9068,9068,1503612510505,4,-1,-3,-2,1,-2,-1,2
9069,9069,1503612510512,0,-1,-3,-2,0,-3,0,2
9070,9070,1503612510528,5,-4,-3,0,-1,0,-1,-2
9071,9071,1503612510535,7,2,-4,-4,-3,-1,-2,0
9072,9072,1503612510550,14,14,1,0,-1,1,0,2
9073,9073,1503612510557,-3,1,-1,3,2,0,-4,-1
9074,9074,1503612510565,-7,-8,-5,1,0,-1,-1,-4
9075,9075,1503612510572,-4,-2,0,0,0,-5,1,0
9076,9076,1503612510587,-9,0,-2,0,-3,0,1,2
9077,9077,1503612510595,1,-3,-1,-2,-1,0,-3,-2
9078,9078,1503612510610,-2,-2,1,1,2,0,-4,-2
9079,9079,1503612510617,7,0,0,1,0,-1,-1,-2
9080,9080,1503612510625,5,1,0,-1,-3,-2,-2,-1
9081,9081,1503612510632,-16,0,0,0,0,-1,0,-3
9082,9082,1503612510647,2,-6,-1,-1,-2,-1,0,3
9083,9083,1503612510655,2,-4,0,3,-2,-4,-4,-2
9084,9084,1503612510669,-7,-2,0,2,-1,-1,-1,0
9085,9085,1503612510670,-11,-1,-1,0,1,2,-2,-4
9086,9086,1503612510677,5,0,1,-3,-2,0,4,1
9087,9087,1503612510685,0,-3,-2,-3,-2,1,0,1
9088,9088,1503612510692,6,1,-2,-2,-2,0,-2,-1
9089,9089,1503612510708,-11,-2,-3,-2,-1,0,-1,0
9090,9090,1503612510715,1,2,3,0,0,1,-1,-2
9091,9091,1503612510729,6,0,-3,-1,-2,-3,3,1
9092,9092,1503612510737,1,-1,-2,1,-1,0,1,-1
9093,9093,1503612510745,-9,-3,-1,-1,1,-3,-3,-7
9094,9094,1503612510752,6,-5,-1,0,0,-1,-7,-7
9095,9095,1503612510769,-5,-3,0,0,-1,0,1,2
9096,9096,1503612510775,-17,13,4,-2,-3,1,-4,1
9097,9097,1503612510790,-2,1,0,-1,-1,0,-2,-1
9098,9098,1503612510797,1,-5,-6,-3,2,0,0,4
9099,9099,1503612510805,5,-1,-2,0,-1,0,2,1
9100,9100,1503612510812,1,-3,-1,0,-1,-5,3,0
9101,9101,1503612510828,4,-1,0,-1,-2,-3,-1,1
9102,9102,1503612510837,0,2,2,1,1,-2,-2,-3
9103,9103,1503612510850,8,-1,-2,-1,0,0,-4,-1
9104,9104,1503612510857,7,1,-3,-2,-4,-1,-1,0
9105,9105,1503612510865,2,6,1,0,1,0,2,-1
9106,9106,1503612510872,-21,-7,1,1,-1,0,1,-2
9107,9107,1503612510887,-3,1,0,-1,-4,-2,-1,3
9108,9108,1503612510895,-11,-5,-3,-3,0,-1,-3,0
9109,9109,1503612510910,2,-6,-2,-1,0,-2,-4,-1
9110,9110,1503612510917,-10,-6,-2,1,-2,0,-1,-5
9111,9111,1503612510932,3,-5,-2,0,1,2,-1,-4
9112,9112,1503612510933,11,2,-1,-1,0,-1,3,1
9113,9113,1503612510947,-5,3,0,-2,-4,-2,-4,-6
9114,9114,1503612510954,5,9,-2,-3,-2,-3,-2,1
9115,9115,1503612510970,-16,-1,-1,-2,1,-2,0,0
9116,9116,1503612510977,35,-4,-3,1,-1,3,2,11
9117,9117,1503612510985,3,-3,1,-1,-2,-1,0,-1
9118,9118,1503612510992,-11,-13,-3,-3,-1,-2,-2,-3
9119,9119,1503612511007,8,-3,-3,-1,-1,0,0,2
9120,9120,1503612511014,20,0,-1,-1,2,0,0,-1
9121,9121,1503612511030,9,6,1,-2,-1,-1,-1,-1
9122,9122,1503612511038,-8,1,-1,1,-3,0,1,-2
9123,9123,1503612511046,-6,1,1,2,-2,-3,-6,-6
9124,9124,1503612511052,-4,-2,-1,-1,-1,-1,-2,-46
9125,9125,1503612511068,-17,-6,-4,-2,0,0,0,-32
9126,9126,1503612511076,-11,2,3,0,0,-1,-2,19
9127,9127,1503612511090,-17,-2,-1,-1,-2,1,-1,0
9128,9128,1503612511097,-4,4,0,1,-1,-3,-9,-2
9129,9129,1503612511105,1,-2,1,-1,1,2,2,16
9130,9130,1503612511112,-8,-6,-1,-2,-1,0,5,5
9131,9131,1503612511128,9,1,-2,0,-1,-3,-6,0
9132,9132,1503612511134,6,1,1,0,0,0,0,0
9133,9133,1503612511150,2,1,-3,0,3,2,4,0
9134,9134,1503612511158,6,3,-3,-1,0,-1,1,10
9135,9135,1503612511165,1,3,6,-2,0,-3,-2,2
9136,9136,1503612511200,-14,-1,-2,-2,2,-2,0,-5
9137,9137,1503612511202,-8,-1,-3,-3,-4,-2,-2,17
9138,9138,1503612511211,1,5,-1,-1,-2,-2,-2,1
9139,9139,1503612511217,2,4,-2,1,1,2,-2,1
9140,9140,1503612511225,3,-3,-4,-2,-1,-1,7,3
9141,9141,1503612511243,-5,-3,-1,0,-3,0,-2,-5
9142,9142,1503612511248,23,1,-1,3,6,3,-3,1
9143,9143,1503612511254,8,-1,-3,-1,-2,0,4,-2
9144,9144,1503612511270,-8,-2,0,3,6,0,10,4
9145,9145,1503612511277,-9,-4,-2,-1,1,-1,-4,30
9146,9146,1503612511285,6,-6,-5,-4,-7,-3,-10,-3
9147,9147,1503612511299,-7,5,5,1,0,-2,-5,-5
9148,9148,1503612511310,-34,-4,-3,-2,-6,0,-3,-9
9149,9149,1503612511315,6,-4,-4,-1,1,2,0,-11
9150,9150,1503612511330,1,-1,1,-1,2,-3,-2,-5
9151,9151,1503612511337,4,-2,-1,1,-3,0,2,-7
9152,9152,1503612511346,-7,3,-2,-2,-4,-1,11,11
9153,9153,1503612511359,4,1,1,0,4,-3,-6,-6
9154,9154,1503612511367,4,2,-2,1,4,-1,-4,4
9155,9155,1503612511375,-11,0,0,-2,-9,1,3,-8
9156,9156,1503612511390,-3,0,3,2,-7,-1,-8,-3
9157,9157,1503612511397,14,-2,0,-2,-2,-2,-2,2
9158,9158,1503612511406,-22,-2,-1,-2,-4,1,-2,-3
9159,9159,1503612511419,-6,7,-2,-3,-5,-1,3,3
9160,9160,1503612511427,1,0,1,2,4,2,10,-10
9161,9161,1503612511434,-5,-5,-3,0,-2,-3,-3,-6
9162,9162,1503612511450,2,0,-2,-4,-1,-1,-3,8
9163,9163,1503612511457,2,-3,-1,-1,-3,2,2,-4
9164,9164,1503612511465,8,-1,0,-2,-2,-1,-16,-9
9165,9165,1503612511480,19,2,-4,-4,-2,-4,0,5
9166,9166,1503612511487,-1,6,0,1,2,0,7,-22
9167,9167,1503612511494,-19,-9,-4,-1,-1,-2,1,5
9168,9168,1503612511511,11,0,1,-2,-5,-1,0,5
9169,9169,1503612511517,-3,2,1,1,2,0,-2,-8
9170,9170,1503612511525,5,-2,-1,0,-1,1,6,34
9171,9171,1503612511543,-23,-6,-4,-2,-1,0,-2,-1
9172,9172,1503612511547,-8,2,-1,1,-1,-3,-10,-3
9173,9173,1503612511554,4,-5,-3,-1,0,-1,6,-4
9174,9174,1503612511570,-7,-15,-6,-1,-1,-1,3,-4
9175,9175,1503612511580,2,4,1,0,-1,0,-6,-10
9176,9176,1503612511585,-1,-4,-1,-1,0,-1,5,-1
9177,9177,1503612511599,11,-1,-1,-2,3,3,-2,5
9178,9178,1503612511611,-5,2,0,-2,-4,-3,-10,-7
9179,9179,1503612511614,11,4,4,1,2,0,-3,33
9180,9180,1503612511631,-2,3,-1,-1,0,-2,-3,-2
9181,9181,1503612511637,7,0,-2,-2,-1,-2,2,-5
9182,9182,1503612511647,8,0,-3,0,1,-3,-4,6
9183,9183,1503612511659,-6,-2,0,-1,-1,-2,-14,-7
9184,9184,1503612511667,6,0,1,-1,-2,0,-6,-11
9185,9185,1503612511676,-4,-3,-7,-3,-1,1,0,-11
9186,9186,1503612511690,-5,-6,1,-1,2,-1,0,4
9187,9187,1503612511697,-11,-2,7,4,-1,-1,3,-7
9188,9188,1503612511705,-12,0,-1,2,0,1,2,-1
9189,9189,1503612511720,-2,-1,0,-4,0,-2,2,-7
9190,9190,1503612511727,-12,5,2,0,-1,0,1,-36
9191,9191,1503612511734,-3,1,0,2,0,-1,-3,2
9192,9192,1503612511750,15,0,0,-4,-1,-1,6,51
9193,9193,1503612511757,16,7,0,-1,0,-2,4,0
9194,9194,1503612511766,-9,-13,-5,-2,-1,0,0,-21
9195,9195,1503612511780,24,26,8,5,0,0,3,9
9196,9196,1503612511787,-9,17,4,0,-2,1,0,-44
9197,9197,1503612511794,15,5,-2,-1,0,1,-6,-11
9198,9198,1503612511812,7,-4,-2,-3,-8,-5,-5,12
9199,9199,1503612511817,-13,-5,0,-3,-7,-4,-2,-11
9200,9200,1503612511825,-2,-5,-2,0,2,2,3,11
9201,9201,1503612511839,-4,-5,-3,-1,-2,-2,3,12
9202,9202,1503612511848,-1,0,-3,-1,3,-1,12,-1
9203,9203,1503612511855,-6,-6,0,3,11,-1,5,5
9204,9204,1503612511870,4,-1,-2,-1,4,1,-13,16
9205,9205,1503612511878,5,0,-3,-2,-3,-1,-2,6
9206,9206,1503612511885,19,-7,-6,-2,0,-3,-5,-1
9207,9207,1503612511899,-16,-6,-3,-1,-3,-1,-4,-5
9208,9208,1503612511907,-10,-7,-4,-1,-4,1,-4,-1
9209,9209,1503612511916,-2,-11,-4,0,-1,-2,2,-6
9210,9210,1503612511930,11,5,1,-1,-3,-6,-5,0
9211,9211,1503612511937,-8,1,0,0,0,0,7,-13
9212,9212,1503612511946,-1,1,2,1,-1,0,-2,0
9213,9213,1503612511959,12,-2,0,-3,5,0,9,7
9214,9214,1503612511960,-4,1,-1,-2,-10,-1,-10,-2
9215,9215,1503612511967,7,3,5,3,1,4,5,38
9216,9216,1503612511974,5,-4,-3,-3,-3,-1,-6,21
9217,9217,1503612511990,2,0,-3,1,-1,-1,-2,0
9218,9218,1503612511997,-1,-1,-1,-4,0,0,0,-6
9219,9219,1503612512005,-9,-2,-2,-2,-3,-2,-6,-17
9220,9220,1503612512020,1,-2,-5,0,-2,2,15,1
9221,9221,1503612512027,-2,6,2,-3,0,-2,5,-3
9222,9222,1503612512034,-3,0,1,-3,0,-1,-4,-4
9223,9223,1503612512050,-8,0,-1,0,2,-1,2,0
9224,9224,1503612512057,3,4,4,1,4,1,10,-5
9225,9225,1503612512073,-2,-2,0,-1,-2,6,-6,-7
9226,9226,1503612512080,-3,-3,0,2,3,-1,-8,-2
9227,9227,1503612512087,-3,-2,-4,-2,0,-7,11,2
9228,9228,1503612512104,-4,-4,-1,-3,-2,-6,-6,-4
9229,9229,1503612512112,-42,-5,-1,-2,-2,0,-2,-54
9230,9230,1503612512118,-13,-20,-6,2,-1,-4,-1,8
9231,9231,1503612512132,3,-5,-4,-1,1,-2,0,10
9232,9232,1503612512140,3,-7,0,-3,0,5,2,1
9233,9233,1503612512149,6,1,1,-3,-5,-3,8,7
9234,9234,1503612512162,10,7,-1,-1,-3,-14,-2,11
9235,9235,1503612512170,12,6,1,-1,-3,4,6,12
9236,9236,1503612512184,-5,5,1,1,6,-1,-5,-8
9237,9237,1503612512192,-3,3,6,4,-5,3,6,1
9238,9238,1503612512193,0,-6,-2,4,4,4,-4,-2
9239,9239,1503612512199,-9,5,-1,0,2,13,4,-60
9240,9240,1503612512218,2,-3,-2,-3,-2,0,-5,-11
9241,9241,1503612512222,11,3,0,-2,5,-1,-8,8
9242,9242,1503612512230,17,6,2,1,-2,-2,5,-1
9243,9243,1503612512237,-2,1,-3,-6,-8,-5,-8,-4
9244,9244,1503612512253,0,19,15,5,1,0,-11,18
9245,9245,1503612512260,8,-8,0,-1,-6,0,-6,55
9246,9246,1503612512267,-4,-5,-3,-1,1,-2,-13,-18
9247,9247,1503612512268,-3,0,-1,-2,5,0,5,9
9248,9248,1503612512282,0,0,2,2,-4,-4,-4,7
9249,9249,1503612512290,1,-9,-8,0,2,-8,-3,0
9250,9250,1503612512297,-3,-1,-1,-1,2,-5,-8,-14
9251,9251,1503612512312,0,-2,0,-1,-21,27,6,-6
9252,9252,1503612512320,0,0,-3,-1,2,2,4,1
9253,9253,1503612512328,-27,6,8,0,2,-7,-8,-9
9254,9254,1503612512342,7,7,0,-2,-3,3,7,-5
9255,9255,1503612512350,1,-10,-8,-1,2,-5,3,3
9256,9256,1503612512357,-2,-2,1,3,4,-1,8,11
9257,9257,1503612512372,5,-2,-6,-5,1,-9,-17,-3
9258,9258,1503612512381,0,-5,-3,1,9,9,4,-4
9259,9259,1503612512388,2,-2,-1,-1,4,-3,-4,-7
9260,9260,1503612512402,4,-1,0,-1,0,-2,-16,-1
9261,9261,1503612512410,-7,-7,0,0,-1,-5,-10,-1
9262,9262,1503612512418,-8,19,9,2,-6,-2,-2,-17
9263,9263,1503612512432,3,-14,-8,-3,-4,-4,4,1
9264,9264,1503612512439,-1,-6,-7,-2,-3,-1,2,6
9265,9265,1503612512449,6,10,-2,-2,1,0,5,2
9266,9266,1503612512462,3,-4,-2,0,-4,1,23,18
9379,9379,1503612513572,-10,-1,-2,1,-2,-1,-4,15
9380,9380,1503612513581,3,6,0,0,-1,-2,11,-17
9381,9381,1503612513595,7,8,2,-2,0,0,5,26
9382,9382,1503612513606,17,9,6,1,-2,1,-7,19
9383,9383,1503612513610,-5,0,-2,-1,0,-1,5,-24
9384,9384,1503612513626,4,-3,-2,-2,-2,-2,-8,5
9385,9385,1503612513633,-8,6,2,-1,-2,-3,-11,-5
9386,9386,1503612513639,17,-3,-6,-3,-2,-2,-4,-47
9387,9387,1503612513667,-12,-17,-9,-1,0,-1,-4,-7
9388,9388,1503612513670,12,6,1,0,-1,2,-3,10
9389,9389,1503612513685,1,-3,-4,-1,-1,0,-6,-1
9390,9390,1503612513694,-1,3,0,0,0,0,-3,32
9391,9391,1503612513699,-4,10,4,-1,2,1,15,10
9392,9392,1503612513714,6,3,2,1,3,2,-21,-36
9393,9393,1503612513726,2,6,1,0,-3,-2,-2,38
9394,9394,1503612513730,10,-5,-5,-2,-3,-1,3,-35
9395,9395,1503612513744,-3,4,4,0,-3,-4,-19,-64
9396,9396,1503612513752,-7,-3,-4,-2,-1,-1,-7,-1
9397,9397,1503612513759,6,27,8,0,0,-1,4,11
9398,9398,1503612513774,-13,-4,0,-2,0,0,3,-2
9399,9399,1503612513782,0,-2,0,0,2,0,-3,-6
9400,9400,1503612513792,12,7,1,2,1,1,2,1
9401,9401,1503612513804,13,-4,-3,0,1,1,7,18
9402,9402,1503612513812,-7,0,1,0,-1,7,10,1
9403,9403,1503612513819,-4,-3,-1,-2,0,-3,-17,25
9404,9404,1503612513834,-7,0,-1,-2,-4,-2,5,7
9405,9405,1503612513842,-2,0,2,-1,0,1,6,-5
9406,9406,1503612513850,-5,-2,0,1,-1,0,-1,19
9407,9407,1503612513864,12,-2,-5,-1,0,-2,3,-3
9408,9408,1503612513872,4,6,1,-1,-2,0,21,-7
9409,9409,1503612513879,-5,-1,-1,2,-3,-2,0,-3
9410,9410,1503612513894,-32,4,1,-1,-4,9,-8,-34
9411,9411,1503612513902,-5,3,2,1,-1,3,2,2
9412,9412,1503612513910,8,-1,-2,1,1,0,4,10
9413,9413,1503612513925,-9,7,2,-2,-4,-2,-2,-19
9414,9414,1503612513933,0,-3,-1,-1,6,-16,-24,-5
9415,9415,1503612513946,4,-4,-4,-3,-6,-8,1,-4
9416,9416,1503612513954,1,-5,-4,-2,-5,1,1,12
9417,9417,1503612513962,8,0,0,-1,-6,-13,-11,15
9418,9418,1503612513977,7,-14,-3,-1,-2,-3,2,-13
9419,9419,1503612513984,-11,-3,4,2,3,8,4,5
9420,9420,1503612513994,6,-3,-2,-1,-4,-1,-2,6
9421,9421,1503612514006,2,1,-2,-2,-1,-4,-32,-39
9422,9422,1503612514015,-20,1,-2,1,7,4,9,-90
9423,9423,1503612514022,0,-3,-1,-2,-3,1,15,5
9424,9424,1503612514037,2,1,-3,-2,-2,5,2,43
9425,9425,1503612514044,4,0,1,-1,1,3,-2,-7
9426,9426,1503612514052,6,-6,-1,4,8,3,4,27
9427,9427,1503612514067,-2,0,-3,-2,-3,15,11,14
9428,9428,1503612514074,3,18,4,-1,3,-2,20,14
9429,9429,1503612514082,-5,-8,-2,3,3,-4,-1,-6
9430,9430,1503612514097,-4,-6,-1,-2,-6,-5,-14,0
9431,9431,1503612514104,-1,0,-3,0,2,-7,6,10
9432,9432,1503612514112,4,0,-1,-3,-7,-9,-5,8
9433,9433,1503612514128,-1,-6,-2,-5,-16,1,1,3
9434,9434,1503612514135,7,-9,-4,-3,-6,-5,-8,-1
9435,9435,1503612514142,-6,3,0,-2,6,2,13,-15
9436,9436,1503612514157,2,1,1,-2,0,-9,-9,7
9437,9437,1503612514159,-1,2,2,1,7,12,10,32
9438,9438,1503612514165,14,12,-2,1,5,6,7,13
9439,9439,1503612514172,-2,-4,-4,0,-8,-10,-18,-19
9440,9440,1503612514186,-3,17,6,0,2,-4,-2,-11
9441,9441,1503612514203,3,-6,-3,1,-1,-11,-4,4
9442,9442,1503612514217,-2,-1,-1,-1,2,5,1,2
9443,9443,1503612514223,0,7,3,0,0,-1,9,0
9444,9444,1503612514224,-5,-9,-3,-1,-3,0,-6,-9
9445,9445,1503612514233,1,-1,-1,0,1,-5,-5,-20
9446,9446,1503612514246,-7,-3,1,0,1,1,1,10
9447,9447,1503612514254,4,8,1,-1,-4,-3,0,37
9448,9448,1503612514262,2,-6,-4,-1,10,1,-4,6
9449,9449,1503612514277,-12,-9,-4,1,9,4,-5,-13
9450,9450,1503612514283,-9,-11,-2,-1,-5,0,-2,-2
9451,9451,1503612514293,-8,7,2,1,1,5,13,14
9452,9452,1503612514306,0,-5,-3,-4,-13,-9,-5,13
9453,9453,1503612514314,-3,0,0,-4,-7,-3,-2,-9
9454,9454,1503612514322,1,-5,-3,-3,-3,1,-2,-9
9455,9455,1503612514337,2,8,0,-4,-8,2,-7,1
9456,9456,1503612514343,-11,-2,-1,0,-11,-9,-14,-70
9457,9457,1503612514352,5,-8,-2,1,1,5,11,-4
9458,9458,1503612514366,2,3,1,3,8,3,2,12
9459,9459,1503612514374,-5,-8,-2,0,1,-1,-10,-38
9460,9460,1503612514382,0,-1,1,0,-6,-2,10,16
9461,9461,1503612514398,-2,-2,-2,-2,6,1,11,51
9462,9462,1503612514404,20,4,0,1,8,1,-14,-5
9463,9463,1503612514412,-1,31,16,3,-3,-5,-7,-8
9464,9464,1503612514427,-3,7,-1,-1,0,1,4,10
9465,9465,1503612514434,2,-10,-6,-3,-7,-5,-2,4
9466,9466,1503612514442,-3,-2,-3,-2,6,4,1,2
9467,9467,1503612514457,-1,-5,-1,1,2,7,9,-16
9468,9468,1503612514464,2,-5,-2,-1,3,1,1,11
9469,9469,1503612514472,-4,-3,0,0,0,-7,-14,-66
9470,9470,1503612514486,-10,0,-1,-3,-5,-3,-8,10
9471,9471,1503612514497,-4,-2,-2,-1,-4,-3,2,-52
9472,9472,1503612514502,-28,-3,-2,-4,-1,-2,-8,-29
9473,9473,1503612514517,12,-5,-3,-1,-6,-7,0,48
9474,9474,1503612514524,9,0,0,1,1,-12,2,-5
9475,9475,1503612514533,6,-10,-1,2,16,8,-2,9
9476,9476,1503612514546,-11,-4,7,2,-3,5,26,19
9477,9477,1503612514554,-1,4,-1,-3,-4,2,16,-4
9478,9478,1503612514562,14,-1,-3,0,12,8,1,11
9479,9479,1503612514577,-8,-4,-5,-3,-1,-4,-6,-35
9480,9480,1503612514583,5,1,0,-3,-7,-3,-7,-4
9481,9481,1503612514592,-1,-6,-4,0,-3,-3,-6,22
9482,9482,1503612514606,-17,-7,-3,-4,10,5,14,-2
9483,9483,1503612514614,-1,-4,-5,-4,-7,-4,6,13
9484,9484,1503612514622,8,7,3,3,-6,1,-12,5
9485,9485,1503612514638,-2,-1,0,0,5,0,-2,6
9486,9486,1503612514644,-5,-5,-4,-3,-7,-6,-14,-9
9487,9487,1503612514652,5,12,4,1,5,2,-2,2
9488,9488,1503612514666,-8,-2,1,-1,2,-2,-9,-12
9489,9489,1503612514667,6,1,1,-1,0,-1,14,52
9490,9490,1503612514674,3,2,1,1,-5,-4,-4,19
9491,9491,1503612514682,5,-3,1,-2,-3,-3,-10,0
9492,9492,1503612514698,-19,24,10,3,2,-1,4,4
9493,9493,1503612514705,-6,0,-3,-1,1,-1,-8,-12
9494,9494,1503612514712,3,-10,-7,-3,-8,-2,-7,-9
9495,9495,1503612514726,8,5,2,4,2,4,3,1
9496,9496,1503612514734,3,-2,-6,-5,-6,-4,1,-6
9497,9497,1503612514749,8,7,0,-4,-3,0,-3,9
9498,9498,1503612514757,-6,9,3,0,-5,-2,-3,-10
9499,9499,1503612514772,-8,0,0,-1,0,0,-3,-9
9500,9500,1503612514774,11,-7,-3,-2,1,2,-3,3
9501,9501,1503612514786,0,0,-2,0,-6,-4,2,-8
9502,9502,1503612514794,-2,-7,-3,-1,-3,-3,-6,3
9503,9503,1503612514803,-8,1,-4,-2,1,0,5,-70
9504,9504,1503612514817,1,-2,0,1,-1,-1,3,19
9505,9505,1503612514825,-1,-1,-3,0,-3,-1,-5,10
9506,9506,1503612514835,1,-4,-2,-3,0,2,2,18
9507,9507,1503612514846,3,-4,-1,-1,6,0,-4,-2
9508,9508,1503612514854,-2,0,2,-1,0,-3,-1,4
9509,9509,1503612514869,10,-6,-4,-1,-1,2,0,13
9510,9510,1503612514877,10,23,8,2,-1,-1,-3,-7
9511,9511,1503612514884,-1,6,3,2,3,0,5,2
9512,9512,1503612514899,-2,-15,-6,-1,3,1,1,-4
9513,9513,1503612514906,3,1,0,-3,-8,-4,6,7
9514,9514,1503612514914,-6,-5,-4,-4,0,2,-5,-6
9515,9515,1503612514929,-4,5,1,-2,-3,-1,-5,4
9516,9516,1503612514937,-7,-7,-3,-2,-2,-1,-4,-24
9517,9517,1503612514948,2,-5,-3,0,-2,-2,-2,3
9518,9518,1503612514959,2,-2,-4,-3,-4,-3,-6,17
9519,9519,1503612514967,6,-3,-2,-4,-2,3,6,0
9520,9520,1503612514968,-9,-22,-4,1,-2,-1,-1,57
9521,9521,1503612514974,-11,1,5,2,0,2,7,-1
9522,9522,1503612514988,2,-1,0,0,-1,0,-6,-10
9523,9523,1503612514999,-1,-5,-3,-1,0,-2,1,3
9524,9524,1503612515004,2,-3,-1,-1,-1,-4,0,-9
9525,9525,1503612515019,2,-3,-1,-1,3,-2,1,-6
9526,9526,1503612515026,-2,1,1,-2,-3,1,8,-15
9527,9527,1503612515035,-2,-3,-2,-1,-2,-1,0,7
9528,9528,1503612515049,6,15,4,2,2,0,-7,-5
9529,9529,1503612515057,2,-1,-2,0,-3,0,5,-10
9530,9530,1503612515067,6,5,-1,-1,-3,-1,-2,-9
9531,9531,1503612515079,3,-3,-1,0,2,-1,2,9
9532,9532,1503612515086,1,4,-2,-3,-2,-1,0,-3
9533,9533,1503612515094,4,6,5,1,-2,-1,-3,-1
9534,9534,1503612515109,-15,-13,-3,-1,-2,0,-2,-14
9535,9535,1503612515117,-1,2,-3,-3,-1,-2,-2,-5
9536,9536,1503612515124,-4,-5,-2,-2,2,-1,10,-7
9537,9537,1503612515142,-2,-5,-2,1,3,2,1,-1
9538,9538,1503612515146,-5,3,1,1,0,-2,-6,1
9539,9539,1503612515154,6,-2,1,-1,-2,-1,0,2
9540,9540,1503612515169,-2,0,0,-1,3,1,0,-2
9541,9541,1503612515177,0,-8,-4,-1,-2,-2,-7,-7
9542,9542,1503612515184,-1,-5,-2,0,0,0,-6,5
9543,9543,1503612515201,6,-6,-6,-1,-2,0,-11,-6
9544,9544,1503612515206,-6,0,1,-2,-2,-2,4,6
9545,9545,1503612515214,-4,-5,-3,-2,2,-1,5,3
9546,9546,1503612515229,0,-10,-8,-3,0,1,-5,-3
9547,9547,1503612515238,0,4,1,-1,-5,-2,3,1
9548,9548,1503612515244,-2,0,0,-4,-3,-3,8,2
9549,9549,1503612515259,-17,3,2,2,8,2,0,-8
9550,9550,1503612515269,1,-2,-3,1,3,-1,-4,-4
9551,9551,1503612515276,4,7,0,-1,-4,-4,-5,5
9552,9552,1503612515289,6,8,6,1,3,3,0,0
9553,9553,1503612515297,0,9,3,1,-1,0,-3,-7
9554,9554,1503612515304,-3,-1,-1,-4,1,0,0,-1
9555,9555,1503612515305,3,-17,-8,-4,-1,-3,-24,0
9556,9556,1503612515319,-10,1,2,-1,-3,-3,-6,0
9557,9557,1503612515326,0,-13,-1,0,-6,-4,-10,-10
9558,9558,1503612515334,8,0,-2,0,0,-3,3,0
9559,9559,1503612515349,-2,-3,-5,-4,-1,-2,9,7
9560,9560,1503612515357,-4,0,-3,-6,-5,1,4,1
9561,9561,1503612515364,9,1,-4,-2,-2,-4,4,5
9562,9562,1503612515379,-9,3,0,-1,-2,-1,-4,-35
9563,9563,1503612515386,-2,6,5,2,2,-1,-5,-5
9564,9564,1503612515394,4,-2,1,-1,1,1,0,10
9565,9565,1503612515409,-3,4,4,4,-1,-4,3,15
9566,9566,1503612515417,-16,0,-1,-1,1,3,14,-4
9567,9567,1503612515424,2,-9,-3,-2,2,2,-5,5
9568,9568,1503612515439,4,-25,-8,-4,-1,-3,-13,11
9569,9569,1503612515446,-24,11,6,3,-2,1,2,-25
9570,9570,1503612515454,4,2,1,0,-1,1,1,-4
9571,9571,1503612515469,-2,29,13,4,0,0,0,-9
9572,9572,1503612515477,-6,-11,-6,-3,-2,-3,-5,6
9573,9573,1503612515484,12,-9,-5,-2,-2,0,-3,-18
9574,9574,1503612515499,3,10,6,5,4,0,-3,4
9575,9575,1503612515506,1,-5,-2,-2,-1,2,-1,-7
9576,9576,1503612515514,8,4,0,1,-2,-1,-2,11
9577,9577,1503612515528,-12,-11,2,1,-1,0,1,-9
9578,9578,1503612515537,10,14,1,-1,-1,1,-8,6
9579,9579,1503612515544,12,-5,-6,-7,-6,-3,5,23
9580,9580,1503612515559,1,-1,-1,0,1,-1,-7,-12
9581,9581,1503612515566,5,1,-1,0,0,-1,12,24
9582,9582,1503612515574,3,-2,5,0,0,0,2,-5
9583,9583,1503612515588,4,2,-1,0,0,-2,-7,-1
9584,9584,1503612515597,-2,-5,0,-1,-5,-1,4,4
9585,9585,1503612515604,-11,0,-3,-3,-2,-1,4,-19
9586,9586,1503612515619,-6,2,4,4,2,-1,-7,24
9587,9587,1503612515626,2,-5,-3,-4,-4,-1,1,-1
9588,9588,1503612515638,7,5,-2,-3,-1,2,12,11
9589,9589,1503612515649,-22,1,-1,2,-1,-2,-2,38
9590,9590,1503612515657,-15,-7,-5,-5,-2,-2,-1,-25
9591,9591,1503612515664,1,-12,-2,2,1,-1,-21,-41
9592,9592,1503612515679,-3,-7,-3,0,0,-1,-1,7
9593,9593,1503612515686,0,0,2,-2,0,0,1,9
9594,9594,1503612515694,-4,-5,-3,-4,-2,0,-2,-20
9595,9595,1503612515710,8,3,-1,-2,-2,-5,-22,-5
9596,9596,1503612515725,3,0,-4,-1,-3,-2,1,7
9597,9597,1503612515743,-2,-9,-6,-5,-4,-2,-6,-10
9598,9598,1503612515747,0,-9,-4,-3,-3,0,-5,7
9599,9599,1503612515754,1,-1,-7,-4,-4,-1,7,14
9600,9600,1503612515771,0,-9,-9,-3,-1,-4,-4,-37
9601,9601,1503612515777,12,15,10,5,4,-3,-21,5
9602,9602,1503612515792,0,1,-4,-1,1,1,6,-4
9603,9603,1503612515799,-11,2,5,3,0,-4,1,-19
9604,9604,1503612515817,-4,1,3,0,-1,-1,6,19
9605,9605,1503612515822,3,6,1,0,-1,0,3,3
9606,9606,1503612515830,-5,5,-1,-2,0,3,7,-14
9607,9607,1503612515840,7,14,5,1,-1,1,7,7
9608,9608,1503612515852,3,4,4,3,1,1,4,-6
9609,9609,1503612515859,-6,-11,-8,-6,-5,-4,-5,-1
9610,9610,1503612515881,-5,-5,-7,-4,0,0,-2,-18
9611,9611,1503612515882,-1,-13,-3,1,1,-2,-10,-10
9612,9612,1503612515890,3,2,2,-1,1,-1,0,-7
9613,9613,1503612515897,-2,1,2,1,1,1,2,6
9614,9614,1503612515912,8,22,6,2,0,-5,-14,-15
9615,9615,1503612515919,-6,-6,-1,-1,-4,1,5,2
9616,9616,1503612515934,-8,-4,-4,-2,-2,0,-15,1
9617,9617,1503612515942,5,-2,-2,-2,1,1,2,3
9618,9618,1503612515950,-6,-6,-2,1,-3,2,3,11
9619,9619,1503612515957,-2,-3,-3,0,1,-1,5,-10
9620,9620,1503612515973,2,-6,-3,0,-1,-1,10,3
9621,9621,1503612515979,-1,12,-2,2,-1,0,-1,-19
9622,9622,1503612515994,-7,1,-2,-3,-2,-2,1,4
9623,9623,1503612516002,1,-12,-3,-2,-1,-3,-7,-1
9624,9624,1503612516010,-3,1,0,-1,-1,1,0,-2
9625,9625,1503612516017,-4,-3,-2,-1,-1,0,9,-1
9626,9626,1503612516032,2,-7,-4,-2,0,-1,7,19
9627,9627,1503612516041,9,1,1,3,9,1,-8,-1
9628,9628,1503612516055,-8,4,6,2,0,-2,2,3
9629,9629,1503612516062,0,1,1,-1,-1,-2,1,9
9630,9630,1503612516070,-14,3,2,1,0,-1,-4,-11
9631,9631,1503612516077,-6,3,1,0,-1,0,6,-4
9632,9632,1503612516092,25,-3,-5,-5,-4,1,2,1
9633,9633,1503612516099,-5,9,3,-1,-3,0,-1,1
9634,9634,1503612516115,-1,-7,-3,-1,0,2,6,-2
9635,9635,1503612516122,3,-21,-5,-2,-1,-3,-12,6
9636,9636,1503612516130,1,-1,4,3,2,0,0,-12
9637,9637,1503612516137,0,0,1,-2,-4,-1,-4,-11
9638,9638,1503612516152,1,1,-1,-1,1,0,6,6
9639,9639,1503612516159,3,0,0,0,0,0,12,41
9640,9640,1503612516175,-1,-4,-1,2,-1,-5,-3,-11
9641,9641,1503612516176,-6,-1,-2,-1,-1,-4,-5,-7
9642,9642,1503612516182,-2,-5,-3,-1,-4,0,5,-1
9643,9643,1503612516190,-3,-7,-1,-1,-1,-1,2,1
9644,9644,1503612516197,-8,-2,1,-1,-1,1,-9,7
9645,9645,1503612516219,2,1,0,-1,-3,-1,-4,-1
9646,9646,1503612516220,-7,7,1,-2,-2,-2,-5,11
9647,9647,1503612516235,-4,5,5,2,3,2,3,0
9648,9648,1503612516243,1,0,-3,-1,-2,0,5,-8
9649,9649,1503612516250,6,0,-1,0,1,0,-10,-7
9650,9650,1503612516257,1,3,1,0,0,-1,-4,-19
9651,9651,1503612516274,-8,5,0,-4,-2,-3,3,3
9652,9652,1503612516279,-9,-10,-2,-3,-2,1,-4,-3
9653,9653,1503612516295,-16,-5,-2,-2,-5,-1,-2,-9
9654,9654,1503612516302,4,-6,-5,-2,1,-3,-3,3
9655,9655,1503612516310,5,-1,-1,1,0,1,3,-6
9656,9656,1503612516318,-2,1,-2,-1,-2,0,7,-32
9657,9657,1503612516332,12,23,6,0,0,2,-2,13
9658,9658,1503612516341,2,0,-3,-5,-3,-3,-1,9
9659,9659,1503612516355,10,-8,-4,0,-1,0,4,-4
9660,9660,1503612516362,-2,2,0,1,0,-1,2,2
9661,9661,1503612516370,0,-7,-4,-2,-1,-2,3,10
9662,9662,1503612516377,0,-1,1,1,1,1,-4,-3
9663,9663,1503612516392,-3,-4,-1,-1,0,0,-3,-3
9664,9664,1503612516399,2,3,1,-1,-1,-2,1,-6
9665,9665,1503612516415,-7,-3,-2,-2,-3,-4,0,-3
9666,9666,1503612516422,6,4,1,2,1,2,-3,2
9667,9667,1503612516430,1,0,-1,-4,0,-2,-6,21
9668,9668,1503612516437,-2,-5,-3,-3,-4,-1,-2,-51
9669,9669,1503612516452,-1,-1,-2,0,-2,0,-2,-13
9670,9670,1503612516459,4,-2,-2,-1,-1,1,4,19
9671,9671,1503612516476,0,1,0,-2,0,-4,-3,4
9672,9672,1503612516483,-7,-1,0,-1,-3,0,-5,2
9673,9673,1503612516490,0,-2,-1,-1,0,-1,-2,-5
9674,9674,1503612516497,-5,3,0,-1,0,0,-1,8
9675,9675,1503612516512,-2,0,0,0,-3,-3,-1,-16
9676,9676,1503612516519,1,-2,-2,-1,-2,-3,-3,-2
9677,9677,1503612516535,0,0,0,0,0,1,-1,4
9678,9678,1503612516543,-12,-4,-1,0,-1,-3,-5,2
9679,9679,1503612516550,8,-4,-3,-1,0,0,2,4
9680,9680,1503612516557,-2,0,-3,-1,-1,-1,2,5
9681,9681,1503612516572,-3,-3,-1,-1,-1,-3,-5,-3
9682,9682,1503612516579,-1,4,3,1,1,1,0,0
9683,9683,1503612516595,-2,-7,-4,-2,1,0,2,3
9684,9684,1503612516602,3,-2,1,-1,0,0,-4,-4
9685,9685,1503612516611,0,4,1,0,0,0,1,-2
9686,9686,1503612516617,3,1,-2,-1,0,1,0,2
9687,9687,1503612516633,-5,-1,-1,2,-2,0,2,-1
9688,9688,1503612516639,2,-3,-2,0,0,0,-1,3
9689,9689,1503612516655,-3,-1,1,-2,-2,-2,-1,-4
9690,9690,1503612516662,-1,-2,-2,-1,-1,-2,0,-2
9691,9691,1503612516670,1,2,0,0,1,3,2,3
9692,9692,1503612516677,0,-3,-2,2,-1,-2,-2,0
9693,9693,1503612516692,-1,-3,0,-5,-1,-2,-1,-1
9694,9694,1503612516699,1,1,1,-1,-1,1,1,-2
9695,9695,1503612516715,-1,-1,1,1,-1,0,-2,-2
9696,9696,1503612516722,-2,-3,-3,-1,-1,-2,-2,-2
9697,9697,1503612516730,-1,-3,-3,-1,1,-1,0,-1
9698,9698,1503612516745,1,-1,-2,-1,0,0,0,0
9699,9699,1503612516754,-2,-2,-3,-2,-2,1,0,0
9700,9700,1503612516759,4,-2,-2,-1,-1,-1,3,1
9701,9701,1503612516775,-1,-1,1,0,0,0,-1,-2
9702,9702,1503612516782,-1,0,0,-1,1,-1,0,2
9703,9703,1503612516790,-3,2,1,0,-2,0,0,-2
9704,9704,1503612516804,-3,-1,-1,-2,-1,-1,-3,-3
9705,9705,1503612516812,-1,-1,-1,-2,-1,-4,-4,-5
9706,9706,1503612516821,-1,1,0,-3,-2,-3,-2,2
9707,9707,1503612516835,-1,3,0,-1,-2,-1,-2,0
9708,9708,1503612516842,2,-1,-2,1,0,2,0,-1
9709,9709,1503612516850,-3,-3,-2,-1,0,0,-2,-4
9710,9710,1503612516864,-2,-4,1,-1,1,1,2,1
9711,9711,1503612516872,0,-5,-2,0,0,1,2,1
9712,9712,1503612516879,0,0,-1,-2,-1,1,0,0
9713,9713,1503612516895,0,-1,1,1,-1,-3,-3,0
9714,9714,1503612516902,-1,1,-1,0,-2,-2,0,-1
9715,9715,1503612516912,1,-2,-1,0,-1,0,1,-1
9716,9716,1503612516932,1,0,-1,-2,-2,0,1,2
9717,9717,1503612516933,-3,0,0,0,1,0,0,-1
9718,9718,1503612516939,-3,0,1,-2,0,-1,-2,-1
9719,9719,1503612516956,3,0,0,0,-1,-3,-1,0
9720,9720,1503612516962,0,2,-3,-1,0,1,0,2
9721,9721,1503612516970,1,1,-2,-4,-2,-3,-1,-2
9722,9722,1503612516985,1,-4,1,-1,-1,0,-1,-2
9723,9723,1503612516992,-3,-6,-1,0,-1,-1,-2,-3
9724,9724,1503612516999,-4,3,2,0,-2,-2,-1,-2
9725,9725,1503612517017,-1,1,-1,-2,1,2,1,3
9726,9726,1503612517023,-2,19,12,3,2,1,-3,-7
9727,9727,1503612517030,-2,-2,-2,-1,-1,-1,0,-2
9728,9728,1503612517047,5,-6,-4,-1,-2,-4,-2,-3
9729,9729,1503612517054,0,-4,2,0,-2,-1,0,0
9730,9730,1503612517059,-3,-12,-5,-1,-2,-3,-4,-4
9731,9731,1503612517075,0,0,-1,-2,0,-4,-2,-1
9732,9732,1503612517082,2,-2,0,-1,-2,0,0,1
9733,9733,1503612517090,-1,2,-1,-1,-1,0,1,-1
9734,9734,1503612517104,-3,-2,-3,-3,-1,-1,-1,0
9735,9735,1503612517114,-3,-2,-2,-1,0,1,-1,-2
9736,9736,1503612517119,5,-1,-4,0,-2,0,0,1
9737,9737,1503612517134,-2,-2,0,0,-1,0,0,0
9738,9738,1503612517142,-2,-5,-4,-2,-1,-1,1,2
9739,9739,1503612517150,-3,-1,-1,1,-1,-2,-3,-2
9740,9740,1503612517164,-7,-3,-3,1,0,-1,0,0
9741,9741,1503612517172,-2,14,5,-1,-1,-1,-3,-3
9742,9742,1503612517181,0,-3,0,0,-1,-2,1,-3
9743,9743,1503612517194,0,-6,-2,-1,-1,1,1,0
9744,9744,1503612517202,1,5,0,-2,0,1,0,0
9745,9745,1503612517210,5,2,-1,-4,-4,-2,-5,-3
9746,9746,1503612517225,-9,1,1,-2,2,-1,-1,-2
9862,9862,1503612518342,2,2,1,1,-11,2,-1,1
9863,9863,1503612518357,-3,0,-1,1,4,1,-1,-1
9864,9864,1503612518364,-6,-5,-3,-4,-1,-3,-6,-5
9865,9865,1503612518372,-2,-2,0,1,0,-1,0,-1
9866,9866,1503612518387,2,-4,-1,0,6,-1,1,-2
9867,9867,1503612518395,-1,-2,-1,1,1,-2,-4,1
9868,9868,1503612518402,-1,1,-1,-2,0,-2,-3,1
9869,9869,1503612518417,5,-10,-8,-2,-1,-2,2,6
9870,9870,1503612518424,-3,-5,1,1,-2,3,4,-2
9871,9871,1503612518432,2,11,4,0,1,0,-3,-2
9872,9872,1503612518447,9,8,6,5,7,2,1,-1
9873,9873,1503612518457,-5,-8,-3,-2,-3,-3,0,-8
9874,9874,1503612518462,-13,0,-1,-1,-2,-3,0,-6
9875,9875,1503612518477,2,3,0,-1,0,1,2,4
9876,9876,1503612518484,-3,-2,0,-1,0,-1,2,4
9877,9877,1503612518493,-1,-1,2,0,5,-1,-2,1
9878,9878,1503612518507,0,-5,-3,-4,3,1,-7,-2
9879,9879,1503612518515,2,2,0,1,7,1,2,2
9880,9880,1503612518523,0,0,-2,-1,-5,-4,-5,1
9881,9881,1503612518537,-3,-2,-1,-2,1,-1,-3,-2
9882,9882,1503612518544,0,3,2,-1,-1,-1,2,2
9883,9883,1503612518552,-2,-4,0,0,-6,-1,-4,-2
9884,9884,1503612518567,2,2,2,4,1,3,5,2
9885,9885,1503612518581,-7,-1,2,-1,-5,-3,-10,-9
9886,9886,1503612518583,-3,-4,-4,-6,-5,-4,-6,-3
9887,9887,1503612518597,2,3,0,-1,-2,2,-7,-2
9888,9888,1503612518604,0,0,-4,-2,-4,-2,3,0
9889,9889,1503612518619,-3,-4,-2,0,1,-1,0,0
9890,9890,1503612518620,1,1,-1,-1,6,-1,-4,0
9891,9891,1503612518628,-1,-2,-3,-2,1,-1,4,-2
9892,9892,1503612518635,-2,-1,-2,1,0,1,3,1
9893,9893,1503612518648,5,14,7,3,3,3,2,2
9894,9894,1503612518649,-1,-4,-2,0,-4,0,-3,-1
9895,9895,1503612518658,-2,-2,-4,-6,-4,-5,-6,-5
9896,9896,1503612518664,-1,0,-1,-3,1,-1,-5,-1
9897,9897,1503612518679,3,2,2,1,-3,-1,3,3
9898,9898,1503612518687,-1,-2,-2,0,-1,-2,-5,-8
9899,9899,1503612518702,4,-2,-2,1,5,0,6,-1
9900,9900,1503612518708,1,1,-1,0,1,-1,0,2
9901,9901,1503612518717,-3,0,0,-1,7,0,4,0
9902,9902,1503612518725,1,1,1,-2,-1,-1,3,0
9903,9903,1503612518739,-3,0,-2,-1,-2,-4,-1,2
9904,9904,1503612518746,-2,0,-1,-1,-2,1,1,-2
9905,9905,1503612518755,13,8,-1,-2,-7,1,-3,15
9906,9906,1503612518769,-1,33,13,2,-3,-2,-3,-4
9907,9907,1503612518777,-2,-8,-6,-2,-3,-1,1,-15
9908,9908,1503612518784,-2,-10,-6,0,3,1,3,11
9909,9909,1503612518801,1,1,2,1,-4,1,3,13
9910,9910,1503612518806,-3,-8,-4,-3,0,-3,-2,-4
9911,9911,1503612518815,-7,-1,0,-1,-1,-2,0,-2
9912,9912,1503612518829,2,-5,-2,4,6,0,2,-3
9913,9913,1503612518837,-3,1,2,-1,-2,0,-4,-6
9914,9914,1503612518844,-1,-5,-3,-5,-18,-2,-1,4
9915,9915,1503612518859,-5,-2,0,-2,-4,-1,-5,-7
9916,9916,1503612518867,4,-3,-2,0,0,0,-3,0
9917,9917,1503612518875,-4,-1,0,1,-5,0,-1,-2
9918,9918,1503612518889,-1,-1,-2,0,1,0,-2,2
9919,9919,1503612518897,0,-2,-2,-2,-1,-3,8,7
9920,9920,1503612518904,2,0,-2,0,8,0,1,1
9921,9921,1503612518919,-2,-2,0,0,-2,1,3,-4
9922,9922,1503612518927,-2,-7,-4,-3,-2,-3,-2,0
9923,9923,1503612518935,-1,-1,-3,0,1,0,-5,-1
9924,9924,1503612518949,1,0,0,-2,0,0,-9,-4
9925,9925,1503612518957,-3,4,0,1,2,0,-3,-4
9926,9926,1503612518964,-2,-6,-5,0,-1,-2,-2,-4
9927,9927,1503612518979,-1,-5,0,-2,-6,0,-6,-5
9928,9928,1503612518987,-2,-2,-2,1,2,0,5,1
9929,9929,1503612518995,0,-1,-4,1,5,0,-6,-3
9930,9930,1503612519016,0,0,0,0,-3,-2,-3,-5
9931,9931,1503612519018,-2,-3,-1,-2,2,-1,2,3
9932,9932,1503612519024,3,3,1,0,1,0,5,3
9933,9933,1503612519039,0,1,1,2,1,0,-14,3
9934,9934,1503612519047,-16,-3,-2,-2,-1,1,-1,-71
9935,9935,1503612519055,6,-6,-3,-2,-3,-1,5,3
9936,9936,1503612519069,-12,12,1,-2,1,-1,-7,-7
9937,9937,1503612519070,0,-5,1,0,-2,-3,-3,22
9938,9938,1503612519077,-3,0,-1,-1,-2,-1,3,-10
9939,9939,1503612519084,0,-1,-4,-2,0,-2,6,9
9940,9940,1503612519099,0,-4,0,-2,3,-1,4,9
9941,9941,1503612519107,-3,5,3,-1,1,1,-1,10
9942,9942,1503612519115,-5,1,-1,-2,-9,-2,1,-3
9943,9943,1503612519129,1,-2,-1,-3,2,0,-1,-1
9944,9944,1503612519137,0,2,1,1,-3,0,-1,-2
9945,9945,1503612519144,2,-1,0,0,-1,0,1,11
9946,9946,1503612519162,1,-2,-1,-2,0,-1,-2,-3
9947,9947,1503612519167,-8,-5,-2,-2,-2,-3,-8,5
9948,9948,1503612519175,3,-3,-3,-3,-1,-1,-1,0
9949,9949,1503612519189,-2,0,1,2,1,-2,-2,-8
9950,9950,1503612519197,-3,-2,2,1,-10,0,0,2
9951,9951,1503612519204,2,1,-2,-1,4,-1,-6,3
9952,9952,1503612519219,1,2,0,-1,3,0,4,0
9953,9953,1503612519229,2,-1,-1,-1,-7,-2,0,-1
9954,9954,1503612519235,-2,3,0,-2,3,0,9,24
9955,9955,1503612519249,2,0,-2,0,-3,2,3,7
9956,9956,1503612519258,0,1,0,0,0,1,6,-2
9957,9957,1503612519265,0,0,1,1,-5,-5,-4,-2
9958,9958,1503612519279,-1,-1,-2,-1,0,-2,-4,-4
9959,9959,1503612519289,1,1,-2,-3,-3,0,-7,-5
9960,9960,1503612519306,-1,1,2,1,1,-1,3,-1
9961,9961,1503612519309,-2,-2,-3,-1,1,4,7,2
9962,9962,1503612519317,-5,-8,-5,-1,-6,-2,-12,-15
9963,9963,1503612519325,-2,0,1,-2,3,2,0,3
9964,9964,1503612519339,-2,-2,-2,-2,3,-2,7,3
9965,9965,1503612519347,1,4,5,0,-1,-1,7,1
9966,9966,1503612519356,4,1,-2,0,3,4,16,53
9967,9967,1503612519369,-2,-15,-7,-1,-3,-2,-6,-10
9968,9968,1503612519377,-6,-14,0,-1,-2,-4,-8,-11
9969,9969,1503612519384,3,1,3,-2,-3,-4,-6,37
9970,9970,1503612519399,-1,-7,-2,-2,-1,12,-4,-23
9971,9971,1503612519407,-3,-1,0,3,7,-1,3,-14
9972,9972,1503612519415,-1,10,3,3,-4,-6,-5,-3
9973,9973,1503612519433,1,4,-1,-1,-5,-1,2,2
9974,9974,1503612519437,-4,4,-1,-1,9,3,-13,-25
9975,9975,1503612519444,-1,1,-3,-3,-2,-7,-4,-8
9976,9976,1503612519459,-3,-3,-2,0,-1,-1,1,-2
9977,9977,1503612519467,1,3,0,-1,-1,3,-1,1
9978,9978,1503612519475,0,5,-1,-1,-3,-4,-3,-1
9979,9979,1503612519489,-1,6,3,2,0,1,3,-5
9980,9980,1503612519497,-5,-1,-2,0,-2,-2,-5,-56
9981,9981,1503612519505,-2,-3,-1,-1,-2,3,5,-4
9982,9982,1503612519519,1,0,-1,-2,-1,-1,1,17
9983,9983,1503612519527,-1,-13,-6,-1,-4,-3,-6,-6
9984,9984,1503612519542,0,-3,1,-1,-1,-1,0,8
9985,9985,1503612519548,0,-2,-1,-3,-2,1,-1,7
9986,9986,1503612519557,0,3,2,-1,-1,-3,-8,-1
9987,9987,1503612519572,-1,3,0,2,0,-1,-2,-2
9988,9988,1503612519579,-1,-2,-2,-2,-1,0,1,2
9989,9989,1503612519587,0,-3,-1,0,0,-1,8,-7
9990,9990,1503612519602,4,-1,-3,1,-2,-3,-1,8
9991,9991,1503612519608,1,1,1,0,2,2,2,-2
9992,9992,1503612519616,-1,-4,-2,-2,-1,-1,-3,4
9993,9993,1503612519632,2,6,-1,-2,-2,-2,-4,3
9994,9994,1503612519640,-3,2,1,-1,-1,-2,-1,-2
9995,9995,1503612519646,12,39,6,-1,0,0,0,5
9996,9996,1503612519662,4,-13,-7,-3,0,0,3,9
9997,9997,1503612519668,-1,-10,-3,-1,-3,-2,-6,-5
9998,9998,1503612519677,0,0,1,0,-1,-3,-9,-3
9999,9999,1503612519691,-9,-10,-1,-2,-3,0,-2,-4
10000,10000,1503612519699,-2,-5,-3,-2,-3,0,-7,-2
10001,10001,1503612519707,-5,-6,-1,-1,-2,-5,-6,-9
10002,10002,1503612519722,0,6,3,0,0,-2,1,-2
10003,10003,1503612519728,-2,11,3,-2,1,0,-2,4
10004,10004,1503612519737,-5,3,1,0,-2,-2,-2,-6
10005,10005,1503612519751,6,-14,-4,0,-1,-2,-16,1
10006,10006,1503612519759,-1,-3,-2,-2,-2,0,-5,-4
10007,10007,1503612519767,-1,-4,-3,0,-2,-2,1,1
10008,10008,1503612519782,5,17,4,0,-1,1,7,5
10009,10009,1503612519789,-1,10,2,1,0,2,3,-4
10010,10010,1503612519799,4,8,0,0,1,-1,6,0
10011,10011,1503612519811,-6,0,3,-3,0,1,4,2
10012,10012,1503612519819,-4,-8,-4,-2,0,-2,-16,-2
10013,10013,1503612519827,-2,-9,-2,0,0,-2,3,-1
10014,10014,1503612519842,4,-7,-4,-3,-5,-2,-4,3
10015,10015,1503612519848,-1,8,5,2,1,-1,1,-3
10016,10016,1503612519857,7,14,7,2,2,1,4,1
10017,10017,1503612519871,-1,-4,-6,-5,-3,0,-1,-3
10018,10018,1503612519879,-15,-8,-3,-1,0,-2,7,2
10019,10019,1503612519893,1,3,0,0,0,0,-1,-1
10020,10020,1503612519903,0,-8,-4,-2,-1,-1,11,0
10021,10021,1503612519909,-7,-5,-2,-1,-3,-2,-4,-3
10022,10022,1503612519917,-6,9,2,4,-3,1,-2,-8
10023,10023,1503612519934,0,-15,-2,-1,0,-1,-4,-8
10024,10024,1503612519939,4,-7,-2,-1,1,-1,-2,-1
10025,10025,1503612519947,1,-3,-6,-2,-2,-3,-2,0
10026,10026,1503612519962,0,-5,0,0,1,2,16,0
10027,10027,1503612519969,4,-9,-8,-3,1,-1,5,-1
10028,10028,1503612519978,-5,-8,-4,-2,-4,-2,0,3
10029,10029,1503612519991,-2,11,5,2,-3,-3,-5,-4
10030,10030,1503612520000,6,10,3,0,1,-1,-7,2
10031,10031,1503612520007,-3,-7,-2,-2,-4,0,5,0
10032,10032,1503612520021,-6,7,1,-2,1,1,8,-8
10033,10033,1503612520029,3,-2,3,0,0,0,3,11
10034,10034,1503612520037,-2,-9,-7,-4,-5,-1,-7,3
10035,10035,1503612520051,-3,5,0,0,-2,-2,-3,-2
10036,10036,1503612520059,7,-7,-5,-1,0,-3,-4,2
10037,10037,1503612520069,-8,-5,3,2,0,1,-1,1
10038,10038,1503612520082,1,10,4,-1,0,-4,-28,2
10039,10039,1503612520089,-2,-2,-4,-4,-3,-1,-1,-57
10040,10040,1503612520097,-1,-8,-3,0,1,2,-2,3
10041,10041,1503612520111,12,16,-3,-2,-2,0,1,14
10042,10042,1503612520119,-9,5,0,0,-1,0,9,-11
10043,10043,1503612520126,10,-8,-1,-1,0,2,6,12
10044,10044,1503612520142,5,-9,-3,-2,-1,3,15,2
10045,10045,1503612520149,-5,3,6,1,1,0,-2,8
10046,10046,1503612520157,-4,-1,3,0,-1,-5,-12,-9
10047,10047,1503612520172,-10,-14,-10,-4,-2,-3,3,-23
10048,10048,1503612520179,3,-7,-1,1,2,-1,-4,1
10049,10049,1503612520186,-1,-11,-5,-4,0,-2,-7,20
10050,10050,1503612520202,-4,9,4,3,-1,0,4,-9
10051,10051,1503612520210,3,1,1,2,0,-1,-7,4
10052,10052,1503612520217,3,-6,-5,-5,-4,-1,1,16
10053,10053,1503612520231,1,7,1,0,3,0,6,-35
10054,10054,1503612520241,-2,-7,-1,1,1,1,3,8
10055,10055,1503612520247,-2,-11,-7,-4,-1,0,17,14
10056,10056,1503612520261,4,-17,-9,-4,-5,-1,-1,6
10057,10057,1503612520262,1,5,-1,0,0,0,4,-5
10058,10058,1503612520269,1,15,0,-1,1,0,-10,-32
10059,10059,1503612520277,-4,-4,-6,-3,-4,-3,-9,-1
10060,10060,1503612520291,-5,-5,1,1,-2,-2,-5,16
10061,10061,1503612520299,-4,-15,-8,-3,-2,-3,-1,-21
10062,10062,1503612520308,0,-9,-2,-1,-4,0,9,13
10063,10063,1503612520322,5,0,1,-2,-4,-3,-13,34
10064,10064,1503612520329,2,7,6,1,-3,-1,-12,11
10065,10065,1503612520338,10,23,9,2,4,1,4,0
10066,10066,1503612520351,-1,15,1,0,-1,2,4,-5
10067,10067,1503612520359,-4,-3,2,-2,-2,-3,1,-4
10068,10068,1503612520366,4,-9,-5,-3,4,-2,-23,16
10069,10069,1503612520382,-5,8,-3,2,0,1,0,-11
10070,10070,1503612520389,-4,-6,-4,0,-1,-2,0,6
10071,10071,1503612520397,-11,-9,1,2,2,-1,1,-6
10072,10072,1503612520411,0,-5,1,3,0,-1,8,-2
10073,10073,1503612520419,-2,1,-2,-5,-2,1,6,-32
10074,10074,1503612520426,-2,-15,-7,-6,-2,1,8,15
10075,10075,1503612520442,7,6,1,0,1,0,-1,0
10076,10076,1503612520449,3,9,1,0,-2,1,2,3
10077,10077,1503612520464,0,-1,4,4,1,-2,-4,-2
10078,10078,1503612520472,-5,-4,-4,-3,-2,1,4,12
10079,10079,1503612520479,4,3,-2,-2,1,-1,-1,10
10080,10080,1503612520493,9,-2,-2,1,0,1,1,3
10081,10081,1503612520505,-4,-10,-9,-6,-7,-4,3,5
10082,10082,1503612520509,-3,3,2,-2,1,-3,-10,-4
10083,10083,1503612520524,13,37,11,0,-1,3,1,-39
10084,10084,1503612520531,-1,5,3,1,0,-2,-11,-23
10085,10085,1503612520540,-1,4,-1,1,-1,-3,0,4
10086,10086,1503612520553,-4,5,-3,-1,-3,0,1,-8
10087,10087,1503612520562,-1,-24,-8,-5,0,0,-1,20
10088,10088,1503612520572,-8,-7,-2,-1,0,-2,1,-8
10089,10089,1503612520584,-4,-10,-7,-3,0,1,9,15
10090,10090,1503612520591,-7,3,0,3,1,-3,-1,-1
10091,10091,1503612520599,-11,-11,-4,-3,-4,-2,-11,3
10092,10092,1503612520613,12,3,-2,0,0,4,10,16
10093,10093,1503612520614,-4,-7,-4,-2,-1,-3,-10,-43
10094,10094,1503612520622,-3,3,1,-1,-3,-3,3,13
10095,10095,1503612520629,-1,-6,-2,-3,-3,3,0,8
10096,10096,1503612520644,-6,-3,-4,0,0,4,6,-17
10097,10097,1503612520651,1,6,6,0,1,0,6,22
10098,10098,1503612520659,2,2,5,1,3,0,9,16
10099,10099,1503612520674,-1,0,-3,-5,-4,-3,-3,5
10100,10100,1503612520682,5,5,4,3,-1,-2,-8,12
10101,10101,1503612520690,8,2,-3,-1,-1,1,6,-2
10102,10102,1503612520705,0,8,0,-3,-3,-3,0,23
10103,10103,1503612520711,4,-15,0,2,-2,-4,-13,6
10104,10104,1503612520719,-3,-9,-2,2,-1,-2,0,-16
10105,10105,1503612520733,6,18,7,2,-1,0,3,-3
10106,10106,1503612520742,0,-4,-3,0,0,0,-6,-17
10107,10107,1503612520749,-4,-9,-5,-5,-2,1,10,7
10108,10108,1503612520764,1,2,-6,-6,-3,1,-5,0
10109,10109,1503612520772,-1,4,0,-2,-2,-4,1,-3
10110,10110,1503612520780,1,-9,-4,-3,-5,-1,-3,-7
10111,10111,1503612520793,-5,5,4,4,2,1,0,4
10112,10112,1503612520802,0,-5,-1,1,1,1,12,4
10113,10113,1503612520809,4,2,3,0,-1,-1,-7,0
10114,10114,1503612520824,5,-10,-10,-4,-3,-4,-20,-14
10115,10115,1503612520831,7,-9,-4,-1,2,2,7,12
10116,10116,1503612520842,-17,-14,-3,-4,-1,0,-5,-3
10117,10117,1503612520853,0,-2,-4,-1,-3,-2,-15,-15
10118,10118,1503612520861,1,11,8,5,3,-2,0,3
10119,10119,1503612520869,-3,-1,0,-2,-1,-2,-5,5
10120,10120,1503612520884,4,5,2,0,0,-1,-3,6
10121,10121,1503612520891,-5,2,0,0,0,3,10,0
10122,10122,1503612520899,10,3,4,1,3,1,14,-6
10123,10123,1503612520913,0,-2,0,-2,-1,0,-9,1
10124,10124,1503612520914,-5,-1,-5,-2,-1,-1,0,4
10125,10125,1503612520922,-19,4,-1,-1,-1,0,-3,-4
10126,10126,1503612520929,-3,-4,0,2,1,1,-7,-28
10127,10127,1503612520947,0,-13,-3,0,-3,-3,2,-16
10128,10128,1503612520952,-3,5,-1,-3,-2,-1,-1,-17
10129,10129,1503612520959,1,4,1,0,1,3,1,14
10130,10130,1503612520978,5,-1,-1,1,2,2,2,7
10131,10131,1503612520982,-5,1,-2,-2,0,-2,-7,1
10132,10132,1503612520997,-15,-7,1,0,-2,-1,5,8
10133,10133,1503612521004,0,5,0,-3,-3,-1,0,10
10134,10134,1503612521012,-5,7,-1,-1,0,-2,2,6
10135,10135,1503612521019,-1,-11,-6,-1,1,0,-4,-16
10136,10136,1503612521034,-8,4,0,2,-3,-1,3,-12
10137,10137,1503612521035,4,2,-2,-3,-1,-2,-4,3
10138,10138,1503612521042,6,7,2,0,0,2,-2,-5
10139,10139,1503612521057,1,0,0,-1,0,-4,-6,-1
10140,10140,1503612521064,-1,-3,1,1,0,-1,0,-6
10141,10141,1503612521077,5,0,2,1,-2,-1,-1,3
10142,10142,1503612521079,0,-3,0,0,1,-2,-10,-1
10143,10143,1503612521094,4,-12,-4,-3,-1,-4,-5,-13
10144,10144,1503612521101,-7,10,3,0,-2,0,0,40
10145,10145,1503612521117,-1,-4,-3,-1,-3,-3,-3,-8
10146,10146,1503612521124,8,3,0,1,1,0,3,-13
10147,10147,1503612521132,-4,-8,-3,-2,0,-1,1,7
10148,10148,1503612521139,1,-14,-5,-3,-2,0,-1,-11
10149,10149,1503612521154,11,-32,-11,-3,-2,-1,-2,6
10150,10150,1503612521161,-5,-8,-2,-3,0,-1,1,-6
10151,10151,1503612521177,1,-3,1,-1,-2,-1,-2,-33
10152,10152,1503612521184,2,3,-2,-1,-1,-2,-3,-9
10153,10153,1503612521192,-5,10,1,0,1,0,3,1
10154,10154,1503612521199,-1,6,0,2,-1,0,0,7
10155,10155,1503612521215,-5,9,3,0,-3,0,-3,17
10156,10156,1503612521221,1,-5,-4,0,-1,0,1,2
10157,10157,1503612521222,-1,-3,-4,-4,-1,-2,2,-7
10158,10158,1503612521237,-4,8,1,-3,-1,-2,1,7
10159,10159,1503612521244,-2,0,-1,-4,-3,-1,-1,4
10160,10160,1503612521252,1,7,3,-5,1,5,2,12
10161,10161,1503612521259,0,1,2,1,2,-1,-1,3
10162,10162,1503612521277,-1,4,2,1,0,0,0,0
10163,10163,1503612521282,1,-5,0,4,-2,-1,0,-1
10164,10164,1503612521298,1,15,2,3,-1,-4,1,-1
10165,10165,1503612521306,1,4,0,3,-1,-1,-1,-3
10166,10166,1503612521322,-8,1,2,1,0,0,0,0
10167,10167,1503612521335,1,0,-1,0,1,0,1,3
10168,10168,1503612521343,-1,-2,-2,-7,-2,-1,-3,-7
10169,10169,1503612521357,-2,-2,0,0,-2,0,1,-5
10170,10170,1503612521364,-1,-2,-1,9,8,-2,-2,-1
10171,10171,1503612521372,1,0,-2,-2,-1,-1,-1,-1
10172,10172,1503612521380,0,-1,-4,-12,-10,0,-2,-2
10173,10173,1503612521394,0,-1,-1,0,1,1,0,-2
10174,10174,1503612521402,-2,8,4,1,-1,-3,-2,0
10175,10175,1503612521417,-3,-2,0,-3,-1,-3,0,-1
10176,10176,1503612521424,5,2,-2,1,-1,-2,1,-1
10177,10177,1503612521432,-4,-8,-5,-7,-4,-2,-3,-4
10178,10178,1503612521447,-2,-1,0,0,-1,0,-2,-4
10179,10179,1503612521454,-2,-4,-2,1,-2,1,-1,-1
10180,10180,1503612521461,1,-1,-2,-3,2,0,0,-1
10181,10181,1503612521479,-2,1,0,0,-1,0,-3,1
10182,10182,1503612521484,-2,-1,-2,-1,-1,-2,-2,0
10183,10183,1503612521499,-2,-2,0,0,-1,-2,0,-1
10184,10184,1503612521507,-1,-4,-1,-3,-3,-3,-1,-5
10185,10185,1503612521521,2,2,-1,0,-2,-2,0,0
10186,10186,1503612521528,1,-2,0,5,2,4,2,2
10187,10187,1503612521537,-3,-1,-3,-1,-1,0,-1,1
10188,10188,1503612521545,-1,-2,-2,1,-1,-1,1,2
10189,10189,1503612521553,0,0,-1,0,2,-2,1,1
10190,10190,1503612521567,0,-2,0,-1,-3,0,-4,0
10191,10191,1503612521575,2,-2,-2,-3,-1,0,-5,-2
10192,10192,1503612521582,0,-1,-1,-4,-1,-2,1,0
10193,10193,1503612521597,-2,2,0,0,-1,-1,0,-1
10194,10194,1503612521604,0,-2,0,0,0,-2,-1,-5
10195,10195,1503612521613,1,-1,-1,-3,-4,1,1,6
10196,10196,1503612521626,0,1,-1,-2,-2,2,2,6
10197,10197,1503612521634,-1,-1,0,0,0,-1,-4,-8
10198,10198,1503612521641,0,-1,-2,-2,-1,0,-1,-5
10199,10199,1503612521657,1,2,0,1,-1,0,-2,-2
10200,10200,1503612521664,-5,1,0,0,0,-2,-5,1
10201,10201,1503612521680,3,-1,-1,1,-2,-1,-3,0
10202,10202,1503612521687,0,-6,-4,-2,-1,0,-2,-1
10203,10203,1503612521694,6,19,2,-2,-1,-2,1,-1
10204,10204,1503612521701,3,2,-2,-2,1,-1,1,1
10205,10205,1503612521717,2,-6,-5,-2,-3,-3,-2,-5
10206,10206,1503612521724,1,2,0,-2,-1,1,-1,-6
10207,10207,1503612521732,-6,-2,0,-2,0,2,2,0
10208,10208,1503612521747,-3,-4,0,1,0,-1,-2,3
10209,10209,1503612521754,-3,-5,-1,-2,-2,-1,0,1
10210,10210,1503612521761,1,-1,-1,0,-1,1,3,2
10211,10211,1503612521780,-4,-2,0,0,3,-2,0,0
10212,10212,1503612521784,-2,2,0,-1,-1,-2,-1,-1
10213,10213,1503612521792,0,-7,-4,0,0,0,-1,1
10214,10214,1503612521807,-5,-10,-5,-2,-3,1,-3,-1
10215,10215,1503612521815,4,-6,-3,-1,-1,-2,-3,2
10216,10216,1503612521822,3,7,3,3,1,0,-4,-1
10217,10217,1503612521837,-1,-2,-2,0,-2,-2,-1,1
10218,10218,1503612521846,2,0,-1,-2,-1,0,1,-2
10219,10219,1503612521852,-3,2,0,1,0,3,3,2
10220,10220,1503612521866,-3,-1,0,-1,0,0,0,0
10221,10221,1503612521875,-3,-10,-4,-3,-3,-2,-1,-2
10222,10222,1503612521882,-5,7,0,1,-3,-4,-10,-2
10223,10223,1503612521897,0,-4,0,0,-1,1,-5,2
10224,10224,1503612521904,1,-4,-2,1,-1,-1,-4,-3
10225,10225,1503612521913,-2,8,1,0,1,-3,2,-1
10226,10226,1503612521926,3,-6,-3,-2,1,-1,3,1
10227,10227,1503612521927,-3,0,-2,-3,0,-3,1,-3
10228,10228,1503612521934,2,-2,1,1,0,-2,4,-2
10229,10229,1503612521941,-2,-5,-2,-1,-2,0,3,-1
10230,10230,1503612521957,0,-4,-4,-1,1,1,-1,1
10231,10231,1503612521964,2,0,-1,-3,-3,0,-2,-3
10232,10232,1503612521972,0,10,-1,-1,1,1,2,2
10233,10233,1503612521986,1,4,0,-2,-1,-2,1,-2
10234,10234,1503612521987,-5,-11,-5,-4,-3,-2,5,1
10235,10235,1503612521994,-8,-4,-1,-1,1,0,3,0
10236,10236,1503612522002,1,3,0,0,-1,-1,-1,1
10237,10237,1503612522017,-2,-5,-3,-1,-2,-1,-5,-6
10238,10238,1503612522024,-1,-2,1,-2,0,-1,-5,2
10239,10239,1503612522032,0,-6,-2,-2,-2,1,-2,-1
10240,10240,1503612522048,5,3,0,-1,-1,-1,2,-3
10241,10241,1503612522055,-1,1,1,-1,-2,-3,-6,-2
10242,10242,1503612522061,-1,6,2,1,0,1,1,2
10243,10243,1503612522078,-6,2,-2,-5,-6,-5,-5,-13
10244,10244,1503612522085,-1,1,2,1,1,2,6,3
10245,10245,1503612522092,-1,8,6,2,-1,-1,-1,3
10246,10246,1503612522107,-3,-1,-3,-2,1,-1,2,2
10247,10247,1503612522116,1,-3,-1,1,2,4,3,4
10248,10248,1503612522122,3,3,2,2,1,0,-2,-5
10249,10249,1503612522137,1,-7,-3,-1,0,-3,-1,-2
10250,10250,1503612522144,-5,-9,-2,-3,-1,-1,-6,-8
10251,10251,1503612522153,2,7,2,1,-1,0,-3,-1
10252,10252,1503612522167,-1,-1,-2,0,-1,-3,-5,-1
10253,10253,1503612522175,0,-4,0,0,-1,1,-2,1
10254,10254,1503612522183,3,-1,-2,-2,0,0,5,0
10255,10255,1503612522197,4,1,2,-3,0,-1,-5,-5
10256,10256,1503612522204,-3,0,-3,-1,-4,-2,-4,-4
10257,10257,1503612522212,-2,2,-1,1,1,-2,-4,-1
10258,10258,1503612522227,1,-2,-1,0,1,-1,1,2
10259,10259,1503612522235,-2,1,2,-3,-2,0,0,2
10260,10260,1503612522242,-2,-4,-1,-1,-2,-2,4,3
10261,10261,1503612522258,-4,-6,-4,-1,0,0,1,-4
10262,10262,1503612522264,-4,2,-2,-1,0,0,-6,-9
10263,10263,1503612522272,0,-6,-4,0,1,2,2,2
10264,10264,1503612522287,-5,-4,-2,-2,-2,-4,-12,-5
10265,10265,1503612522295,2,2,-1,-1,-2,0,-1,-3
10266,10266,1503612522302,2,-1,-2,-1,-1,1,4,7
10267,10267,1503612522318,-4,0,-2,-2,-2,-3,2,3
10268,10268,1503612522326,0,-2,-2,-1,-1,1,-1,2
10269,10269,1503612522340,-1,-3,-1,-2,0,0,-3,-2
10270,10270,1503612522346,-2,-1,0,-2,-1,-2,-3,-4
10271,10271,1503612522360,0,-5,-2,-2,1,-1,1,0
10272,10272,1503612522369,2,-1,0,0,-1,0,1,-4
10273,10273,1503612522377,-4,-2,-1,-1,0,-1,-3,-1
10274,10274,1503612522384,2,3,0,0,1,0,-1,1
10275,10275,1503612522399,0,1,-1,0,0,-1,-2,-4
10276,10276,1503612522406,-4,-2,-1,-1,-2,-2,-3,-3
10277,10277,1503612522422,-3,1,0,0,1,-2,-2,-4
10278,10278,1503612522429,-1,1,0,0,-1,0,1,0
10279,10279,1503612522444,2,-1,0,-1,-1,0,2,-2
10280,10280,1503612522445,-5,0,-3,0,1,1,1,1
10281,10281,1503612522459,-1,8,1,1,-1,1,1,2
10282,10282,1503612522466,0,6,1,-1,-2,-2,-2,-1
10283,10283,1503612522474,-1,-4,-2,0,1,0,4,1
10284,10284,1503612522489,0,-5,-3,-3,-3,-2,-6,-5
10285,10285,1503612522497,4,-1,-2,0,-2,0,-7,1
10286,10286,1503612522504,3,10,4,1,1,-1,7,3
10287,10287,1503612522519,-1,-1,0,-1,-2,-3,-9,-7
10288,10288,1503612522526,0,-1,-1,-1,-1,-6,-3,-6
10289,10289,1503612522527,0,-2,-1,-1,0,-1,9,6
10290,10290,1503612522535,0,5,-2,-1,-1,2,5,2
10291,10291,1503612522550,2,-3,-3,-1,-1,-1,0,-1
10292,10292,1503612522557,0,5,3,2,1,1,6,6
10293,10293,1503612522564,-1,-7,-4,0,-1,-1,-4,-1
10294,10294,1503612522579,-3,0,-2,-1,-5,-2,-3,-4
10295,10295,1503612522587,-6,2,2,0,1,-1,-3,-1
10296,10296,1503612522594,0,-1,-2,-1,1,-3,0,4
10475,10475,1503612524349,-11,-8,-3,0,-3,0,6,-5
10476,10476,1503612524365,-4,-6,-6,-6,-7,-5,-9,-6
10477,10477,1503612524372,-2,-4,-3,-5,-5,-3,-10,1
10478,10478,1503612524380,-7,-1,-2,-1,-2,-1,7,0
10479,10479,1503612524393,-4,0,-4,-1,-5,-1,-3,-2
10480,10480,1503612524402,1,-6,-1,-1,2,-3,-6,3
10481,10481,1503612524410,-3,1,3,-1,3,0,-13,-8
10482,10482,1503612524424,-8,-3,-4,-2,1,0,-3,-4
10483,10483,1503612524432,-5,6,0,1,-2,-3,-9,-2
10484,10484,1503612524439,2,-9,-5,0,0,0,5,7
10485,10485,1503612524453,-5,4,2,0,0,0,5,2
10486,10486,1503612524461,-8,-4,-2,-3,-4,0,11,-1
10487,10487,1503612524469,3,-3,-1,-1,3,-1,-5,-9
10488,10488,1503612524484,5,3,-1,0,1,-3,-11,-4
10489,10489,1503612524491,-2,-2,0,-2,-2,0,1,-4
10490,10490,1503612524500,-1,4,-2,-1,-1,-3,-9,0
10491,10491,1503612524513,-9,-12,-5,0,0,-1,3,2
10492,10492,1503612524521,-3,2,0,0,1,0,0,4
10493,10493,1503612524529,-4,-3,-2,3,1,0,-1,-6
10494,10494,1503612524544,7,3,2,0,0,-1,-6,-1
10495,10495,1503612524551,1,1,-1,0,-1,2,0,-1
10496,10496,1503612524559,-4,3,2,0,0,2,-1,-2
10497,10497,1503612524574,-2,4,1,-1,6,-3,-5,-2
10498,10498,1503612524581,4,-2,3,-1,-1,1,4,1
10499,10499,1503612524589,7,-2,-4,-1,-4,-1,3,-3
10500,10500,1503612524604,-5,-4,-5,-2,1,1,0,-2
10501,10501,1503612524611,1,12,1,-2,-1,3,15,-2
10502,10502,1503612524619,7,0,-2,-2,2,-1,2,1
10503,10503,1503612524636,-6,-2,-1,-1,-3,0,-9,0
10504,10504,1503612524642,0,0,0,0,-4,0,8,-1
10505,10505,1503612524649,-1,-5,0,-1,2,0,0,0
10506,10506,1503612524665,11,5,2,0,-1,-3,-5,8
10507,10507,1503612524671,4,0,-1,0,-3,-5,3,5
10508,10508,1503612524679,-6,2,1,1,3,1,16,-6
10509,10509,1503612524693,1,2,-1,1,0,-4,-2,-1
10510,10510,1503612524694,-2,-7,-5,0,0,1,-3,1
10511,10511,1503612524702,-8,-1,2,2,2,-1,-2,-1
10512,10512,1503612524709,-4,-5,-4,-2,-2,-3,-6,-7
10513,10513,1503612524724,0,-2,-3,-4,-6,0,-7,-4
10514,10514,1503612524734,0,4,3,0,-1,-2,-8,2
10515,10515,1503612524740,-3,-1,0,0,-1,2,16,5
10516,10516,1503612524753,-1,3,0,0,-4,0,-2,-2
10517,10517,1503612524761,-2,-6,-4,-5,-4,-3,-8,-4
10518,10518,1503612524769,2,-1,-1,-1,-2,-2,-4,-3
10519,10519,1503612524784,1,2,2,-1,-5,-1,-1,-2
10520,10520,1503612524791,-2,-5,-4,-3,1,2,3,0
10521,10521,1503612524802,2,-3,-3,-1,3,1,-1,4
10522,10522,1503612524813,-4,17,6,2,2,-1,1,0
10523,10523,1503612524821,15,0,-4,0,-1,-5,-7,-4
10524,10524,1503612524829,1,-2,-1,-1,-4,-2,15,2
10525,10525,1503612524844,-6,9,5,2,0,-1,-8,-4
10526,10526,1503612524851,2,-1,-4,-1,0,0,-8,-2
10527,10527,1503612524859,-7,-10,-4,0,-5,-3,0,-5
10528,10528,1503612524873,4,5,4,2,1,-3,-3,4
10529,10529,1503612524881,-8,-1,-1,0,1,-1,-6,-5
10530,10530,1503612524889,-2,-9,-5,-2,-4,-1,-7,-3
10531,10531,1503612524904,-14,0,-1,-3,0,-2,-3,-1
10532,10532,1503612524911,-2,-3,2,0,-3,1,3,3
10533,10533,1503612524919,12,0,-1,-3,-3,-1,-11,7
10534,10534,1503612524936,6,-3,-1,0,3,3,-3,7
10535,10535,1503612524942,-8,-7,-4,1,-2,-2,4,-6
10536,10536,1503612524949,3,1,0,-2,-1,-5,-5,-3
10537,10537,1503612524964,0,1,1,-1,-1,0,0,0
10538,10538,1503612524971,-12,0,3,-1,0,-2,-2,-6
10539,10539,1503612524987,10,-5,-1,2,-1,1,1,-1
10540,10540,1503612524993,1,-3,-5,-2,0,0,0,4
10541,10541,1503612525001,-3,-1,-3,-2,-1,4,6,6
10542,10542,1503612525016,-1,-1,-1,-2,-6,-2,13,-4
10543,10543,1503612525024,-1,-6,-2,1,2,0,-5,0
10544,10544,1503612525031,3,14,0,-2,-1,1,0,6
10545,10545,1503612525039,-2,-3,1,1,1,-3,1,-3
10546,10546,1503612525055,-3,0,0,3,2,1,-6,-4
10547,10547,1503612525061,-1,-2,-2,-1,-1,-3,-1,0
10548,10548,1503612525069,2,-3,1,1,5,-3,-3,-1
10549,10549,1503612525084,-4,1,-2,-2,-3,0,-4,-7
10550,10550,1503612525091,-2,-3,-4,-1,3,3,-1,-8
10551,10551,1503612525099,0,-4,-5,-2,-2,-1,0,3
10552,10552,1503612525113,-5,-13,-1,0,-2,-1,11,-4
10553,10553,1503612525121,3,8,1,-1,-1,-1,-2,-5
10554,10554,1503612525136,-3,-3,-4,-3,-2,-2,-6,2
10555,10555,1503612525144,-4,-3,-1,-3,-1,1,0,1
10556,10556,1503612525151,0,-1,-3,-2,0,-1,-7,1
10557,10557,1503612525166,7,3,-1,2,4,-3,-5,1
10558,10558,1503612525173,4,12,5,-2,0,-1,-2,0
10559,10559,1503612525181,0,1,1,0,1,-1,3,1
10560,10560,1503612525196,-6,1,4,0,-4,-1,-8,-8
10561,10561,1503612525204,-2,0,-2,-2,1,0,4,2
10562,10562,1503612525212,-1,-2,-2,-2,-10,-2,-2,4
10563,10563,1503612525226,4,2,-7,-5,-2,-1,-1,0
10564,10564,1503612525233,-1,0,-3,-1,-1,-1,-2,-5
10565,10565,1503612525241,-9,1,4,1,-5,-2,-16,-3
10566,10566,1503612525255,4,-2,0,1,3,-1,4,4
10567,10567,1503612525264,5,-1,-2,0,1,-1,3,0
10568,10568,1503612525272,-7,-9,-1,4,2,1,-1,-4
10569,10569,1503612525286,1,12,2,0,-3,-3,3,-5
10570,10570,1503612525293,1,2,-2,-1,-1,1,2,2
10571,10571,1503612525303,-7,-7,-1,1,3,0,0,-3
10572,10572,1503612525316,-3,-9,-4,-2,-2,-2,-1,-1
10573,10573,1503612525324,-3,-4,0,1,-1,1,6,-3
10574,10574,1503612525331,4,-11,-6,-4,-2,-2,-4,-11
10575,10575,1503612525347,-1,-5,-2,-2,-2,2,0,5
10576,10576,1503612525353,-1,-3,-3,-1,1,-3,-5,1
10577,10577,1503612525361,2,-3,0,-1,-3,0,3,-2
10578,10578,1503612525376,1,10,1,2,2,0,3,1
10579,10579,1503612525384,2,13,3,-1,-1,-1,-6,-1
10580,10580,1503612525391,-1,4,1,-4,-4,0,-5,-2
10581,10581,1503612525406,-5,-3,-2,1,-1,-2,3,-1
10582,10582,1503612525413,1,3,5,2,1,0,2,-1
10583,10583,1503612525421,2,-2,-3,-2,1,0,0,0
10584,10584,1503612525438,2,-5,-5,-3,-8,-3,-5,1
10585,10585,1503612525446,3,9,2,0,-2,1,-1,7
10586,10586,1503612525451,1,2,-1,-1,2,-1,0,3
10587,10587,1503612525466,-1,12,3,2,-1,0,-1,-2
10588,10588,1503612525473,-12,-14,-6,-2,-4,0,-1,1
10589,10589,1503612525481,3,6,9,2,3,2,1,1
10590,10590,1503612525495,2,-2,-3,-1,1,1,1,0
10591,10591,1503612525506,-4,-5,-7,-5,-7,-5,-3,-5
10592,10592,1503612525511,-3,7,3,0,1,-2,-4,-7
10593,10593,1503612525526,6,11,1,0,1,-3,2,6
10594,10594,1503612525533,4,3,0,4,7,1,-16,2
10595,10595,1503612525542,-6,-11,-2,-1,0,-1,-10,-6
10596,10596,1503612525556,8,10,5,2,-1,0,4,3
10597,10597,1503612525564,0,-13,-2,0,3,1,-3,-2
10598,10598,1503612525572,1,6,5,-1,1,-1,0,-2
10599,10599,1503612525586,-2,-14,-4,-3,-2,0,4,-1
10600,10600,1503612525593,-4,3,-3,-2,-3,-2,4,1
10601,10601,1503612525601,-3,-5,-2,-1,-1,-2,0,4
10602,10602,1503612525616,-1,-8,-4,0,-1,-1,1,0
10603,10603,1503612525624,-1,-1,-2,-2,0,2,-4,-3
10604,10604,1503612525631,1,5,0,0,-2,-1,0,-5
10605,10605,1503612525646,1,5,5,2,1,0,2,-1
10606,10606,1503612525653,2,-1,-3,-3,-3,-1,11,-3
10607,10607,1503612525661,6,-5,-6,-4,-4,0,2,1
10608,10608,1503612525676,-8,6,6,3,1,0,-2,0
10609,10609,1503612525684,-4,-6,-4,-2,0,-2,7,6
10610,10610,1503612525691,4,-3,-5,-2,-2,0,-1,1
10611,10611,1503612525708,1,0,3,4,3,0,-2,-1
10612,10612,1503612525713,3,4,-1,0,2,-2,-2,-3
10613,10613,1503612525721,-1,-1,-7,-5,-5,-1,-1,-1
10614,10614,1503612525736,-9,-13,-2,-1,-1,-1,3,-3
10615,10615,1503612525745,-13,24,10,4,1,1,0,-4
10616,10616,1503612525752,1,1,-1,-3,-1,-2,-14,-3
10617,10617,1503612525771,4,-16,-5,-4,0,2,5,-4
10618,10618,1503612525774,-5,-8,-3,-2,0,0,-5,-1
10619,10619,1503612525782,-1,-11,-7,-4,-5,-1,-8,-3
10620,10620,1503612525796,0,3,1,-1,-2,0,11,8
10621,10621,1503612525812,2,9,4,-1,-2,-3,5,-3
10622,10622,1503612525826,0,11,5,1,-1,0,3,-2
10623,10623,1503612525833,-2,-4,-2,-1,1,2,-5,1
10624,10624,1503612525841,1,3,-1,-3,-1,-3,3,-5
10625,10625,1503612525842,-1,-11,-4,-1,-3,-3,-8,2
10626,10626,1503612525856,-8,-4,0,0,-1,-1,0,-1
10627,10627,1503612525864,-4,5,-2,-2,-1,-1,3,2
10628,10628,1503612525871,-4,-14,-6,-1,-1,-1,1,-1
10629,10629,1503612525886,-2,26,7,3,3,-2,-14,-5
10630,10630,1503612525893,5,-10,-5,-5,-1,-2,-6,1
10631,10631,1503612525901,9,-5,0,3,1,1,-1,-2
10632,10632,1503612525916,2,-6,-6,-3,-2,0,-3,2
10633,10633,1503612525924,-1,13,0,-3,-3,-4,-3,-6
10634,10634,1503612525931,1,-3,-3,-2,-1,-2,1,-5
10635,10635,1503612525946,-7,-11,-2,0,-4,-2,2,-4
10636,10636,1503612525953,-5,3,-1,-2,-3,-4,1,-1
10637,10637,1503612525961,-5,-8,0,-2,-1,1,-2,1
10638,10638,1503612525976,3,13,9,4,0,-1,-6,1
10639,10639,1503612525984,0,-8,-3,-1,0,0,4,3
10640,10640,1503612525991,3,21,4,2,1,0,-3,-5
10641,10641,1503612526006,-1,-10,-2,-4,-5,-5,-1,0
10642,10642,1503612526013,2,-9,-2,2,-1,1,6,-2
10643,10643,1503612526021,-5,-7,-3,-1,-3,-1,2,1
10644,10644,1503612526036,-9,-9,-3,-3,0,0,-5,1
10645,10645,1503612526045,0,-3,-4,-4,-1,-3,-4,-5
10646,10646,1503612526051,2,20,2,0,-1,0,-3,-2
10647,10647,1503612526066,10,2,0,2,5,2,12,3
10648,10648,1503612526073,2,-4,-1,0,1,0,5,5
10649,10649,1503612526089,7,3,0,3,3,4,18,5
10650,10650,1503612526095,2,-3,0,-1,-2,1,3,0
10651,10651,1503612526105,-3,-7,-1,-3,-1,-1,-5,-10
10652,10652,1503612526118,-1,3,-1,-2,-4,-2,-8,-16
10653,10653,1503612526126,-11,14,7,2,0,1,-3,-12
10654,10654,1503612526133,-3,-7,-2,-4,-1,-1,0,-1
10655,10655,1503612526149,1,-6,-2,0,-2,-4,-8,2
10656,10656,1503612526156,-3,-24,-9,-3,-3,-3,5,4
10657,10657,1503612526164,-2,-3,-4,-3,-3,0,-1,0
10658,10658,1503612526179,1,-7,-6,-2,-1,-4,-12,-3
10659,10659,1503612526186,-11,-15,-6,-4,-2,-3,-9,3
10660,10660,1503612526194,-2,-7,-2,2,-2,0,1,6
10661,10661,1503612526210,3,0,-1,1,-2,-2,-3,2
10662,10662,1503612526217,7,13,2,-3,-3,-1,0,-1
10663,10663,1503612526224,9,15,3,1,2,1,-1,2
10664,10664,1503612526239,3,1,0,1,4,-1,-8,-5
10665,10665,1503612526248,-23,-12,-3,1,-1,-3,-7,-1
10666,10666,1503612526262,-4,0,0,0,-3,0,1,-4
10667,10667,1503612526269,10,-3,-7,-3,1,-2,1,-8
10668,10668,1503612526284,-5,-4,0,-3,-1,-3,-14,3
10669,10669,1503612526285,-9,7,-2,-3,-1,1,7,2
10670,10670,1503612526299,4,4,3,2,2,0,2,2
10671,10671,1503612526306,4,5,4,1,0,2,-2,8
10672,10672,1503612526326,6,20,4,0,1,2,4,11
10673,10673,1503612526329,3,-2,2,4,3,-1,-2,1
10674,10674,1503612526337,1,-14,-5,-1,-4,-2,4,4
10675,10675,1503612526345,14,-6,-3,-5,-4,0,-3,-10
10676,10676,1503612526359,2,5,1,1,-1,-5,-14,-5
10677,10677,1503612526366,-1,-2,-2,1,2,-3,-2,-12
10678,10678,1503612526382,-6,-1,-5,-4,-2,0,3,-9
10679,10679,1503612526389,4,6,2,1,-2,-1,-5,10
10680,10680,1503612526397,-9,-11,-4,-1,1,1,10,1
10681,10681,1503612526404,-3,-3,4,0,0,-1,4,43
10682,10682,1503612526419,-14,11,2,-1,1,2,6,-25
10683,10683,1503612526426,-8,-2,2,-1,0,-1,-18,-24
10684,10684,1503612526442,-1,-6,-6,-5,-4,-2,5,0
10685,10685,1503612526449,0,-4,-4,-2,-1,0,7,-3
10686,10686,1503612526457,-6,-3,-2,0,-1,-1,-6,-5
10687,10687,1503612526464,1,2,0,-1,0,-1,-1,-5
10688,10688,1503612526480,2,4,4,2,0,1,7,-24
10689,10689,1503612526487,-9,-10,-7,-4,1,2,-4,-1
10690,10690,1503612526502,12,-5,1,2,0,-1,-5,4
10691,10691,1503612526509,9,-2,-3,-1,-4,-1,3,-17
10692,10692,1503612526517,-13,-22,-6,-2,-2,-2,0,10
10693,10693,1503612526524,-4,-2,-4,-4,-5,-1,-7,10
10694,10694,1503612526539,4,6,1,1,-1,0,-1,7
10695,10695,1503612526546,-1,-14,-6,-6,-2,-2,1,-8
10696,10696,1503612526562,-1,-13,0,0,-1,0,-1,5
10697,10697,1503612526569,-4,5,1,1,0,2,22,9
10698,10698,1503612526580,4,4,3,0,-1,-1,0,9
10699,10699,1503612526584,2,-4,-5,-1,0,-2,7,2
10700,10700,1503612526599,1,9,4,0,1,1,2,8
10701,10701,1503612526606,-5,-5,-5,1,-1,-1,-2,-11
10702,10702,1503612526622,-3,-9,-4,-4,-3,-2,-4,-3
10703,10703,1503612526629,0,28,3,-1,-4,-3,-9,2
10704,10704,1503612526637,7,13,1,0,1,-1,-5,1
10705,10705,1503612526644,2,-8,-1,1,1,1,-4,14
10706,10706,1503612526659,3,1,-4,-3,0,-1,1,-10
10707,10707,1503612526666,1,-3,2,0,-1,-2,-1,2
10708,10708,1503612526682,-2,0,-7,-10,-8,-3,3,11
10709,10709,1503612526689,0,14,6,1,2,0,-5,-13
10710,10710,1503612526697,-4,2,-1,-1,-4,-3,-1,-1
10711,10711,1503612526704,-4,-12,-2,-4,-1,3,19,-4
10712,10712,1503612526719,-6,-12,0,-1,0,0,-7,-19
10713,10713,1503612526726,3,-1,5,5,2,-2,-16,-17
10714,10714,1503612526742,5,-7,-1,1,0,0,1,-5
10715,10715,1503612526751,4,1,-4,-7,-4,-2,9,42
10716,10716,1503612526757,8,14,8,7,3,2,-7,7
10717,10717,1503612526765,0,-9,-9,-6,-3,-1,-5,10
10718,10718,1503612526782,4,-6,1,-1,-1,-4,-1,0
10719,10719,1503612526787,-15,-5,-1,-3,-3,-1,5,0
10720,10720,1503612526802,-15,15,3,0,0,0,5,-7
10721,10721,1503612526809,-2,-4,-2,1,-1,-2,-7,-20
10722,10722,1503612526818,-7,-22,-9,-4,-3,0,4,15
10723,10723,1503612526824,3,4,4,3,1,1,-2,-5
10724,10724,1503612526839,1,4,-2,1,3,1,11,-1
10725,10725,1503612526850,1,1,1,1,0,0,-2,-11
10726,10726,1503612526862,-19,-6,-5,-3,-4,-5,-13,-58
10727,10727,1503612526869,-8,0,-3,-2,-2,-1,-7,-38
10728,10728,1503612526877,4,-3,0,-1,0,-1,-3,17
10729,10729,1503612526884,-1,-2,1,-1,-1,-1,-6,-7
10730,10730,1503612526899,3,3,1,3,2,1,2,7
10731,10731,1503612526906,4,-1,1,1,-1,1,16,16
10732,10732,1503612526922,3,-2,-4,-4,-2,0,0,19
10733,10733,1503612526929,-7,0,1,1,1,-1,-6,-18
10734,10734,1503612526937,-5,-8,-4,-1,-1,0,0,-1
10735,10735,1503612526944,-3,5,0,1,0,-4,-7,-12
10736,10736,1503612526959,4,2,3,-2,0,1,-9,1
10737,10737,1503612526966,5,0,-2,0,2,0,-5,36
10738,10738,1503612526984,5,9,3,2,1,-1,-2,2
10739,10739,1503612526989,-12,3,5,0,-1,0,-4,-8
10740,10740,1503612526997,-1,10,3,-1,-1,3,1,-2
10741,10741,1503612527012,2,-2,-5,-1,-2,0,8,-5
10742,10742,1503612527020,-8,-6,-4,-2,-1,-1,5,-18
10743,10743,1503612527026,3,5,6,5,-1,-1,0,-15
10744,10744,1503612527045,7,2,0,0,0,-2,-7,-5
10745,10745,1503612527049,3,-1,-6,-6,-3,-1,12,-3
10746,10746,1503612527058,7,-4,3,3,-1,-4,0,7
10747,10747,1503612527071,1,-6,-8,-6,-4,-3,-6,-1
10748,10748,1503612527079,1,2,0,-1,0,0,0,5
10749,10749,1503612527087,-3,-24,-9,-4,-4,-2,-3,3
10750,10750,1503612527102,-9,-3,-1,-1,2,3,6,-5
10751,10751,1503612527109,-11,-6,-2,0,1,0,-7,-29
10752,10752,1503612527118,2,-2,-3,-1,2,-1,-1,-2
10753,10753,1503612527131,4,2,-1,3,9,0,-5,17
10754,10754,1503612527139,-1,4,-4,-1,-2,-1,-6,13
10755,10755,1503612527146,4,6,3,3,-1,-4,-8,12
10756,10756,1503612527161,1,-15,-8,-4,-2,-6,-2,17
10757,10757,1503612527169,14,20,6,0,0,1,1,6
10758,10758,1503612527177,-3,13,1,0,-2,0,-1,-20
10759,10759,1503612527192,0,20,2,-1,0,1,-2,9
10760,10760,1503612527199,-1,-16,-7,-4,-3,1,-1,1
10761,10761,1503612527206,0,-17,1,-1,1,0,1,-2
10762,10762,1503612527222,-3,-5,2,1,1,0,3,0
10763,10763,1503612527229,-16,10,1,2,0,0,2,-1
10764,10764,1503612527237,-8,-1,-1,1,-2,-3,1,-21
10765,10765,1503612527252,-2,-12,-6,-4,-3,-2,1,1
10766,10766,1503612527266,2,14,3,-2,-3,-2,2,0
10767,10767,1503612527267,-1,-7,-6,-3,-1,0,16,-8
10768,10768,1503612527282,3,-7,0,1,0,3,3,3
10769,10769,1503612527289,-1,-4,-2,1,-2,-2,-5,5
10770,10770,1503612527297,-13,6,0,2,-2,-4,-11,4
10771,10771,1503612527311,4,-7,3,-2,-2,-2,-2,-1
10772,10772,1503612527319,-1,-7,-3,-1,-1,0,4,13
10773,10773,1503612527326,-1,-1,-3,-3,-3,-3,0,2
10774,10774,1503612527342,-1,-6,2,0,1,1,-2,-14
10775,10775,1503612527349,5,4,2,0,1,2,-1,7
10776,10776,1503612527358,2,1,1,0,1,1,-4,3
10777,10777,1503612527371,3,1,-4,-2,-1,-5,-6,-3
10778,10778,1503612527379,2,3,0,0,-2,-5,-5,-6
10779,10779,1503612527387,-5,8,0,-1,0,1,-1,24
10780,10780,1503612527402,0,8,2,-2,1,-2,2,3
10781,10781,1503612527409,0,-4,-1,-4,-5,-4,-4,17
10782,10782,1503612527421,2,0,-2,0,0,0,-2,-1
10783,10783,1503612527431,13,-10,-5,-3,-1,0,3,-3
10784,10784,1503612527439,-15,-8,-3,-3,-3,-1,-7,-19
10785,10785,1503612527446,1,-1,2,1,-3,0,-1,-23
10786,10786,1503612527462,2,-7,-2,-1,1,3,15,0
10787,10787,1503612527469,5,-2,-4,1,2,-1,-2,-2
10788,10788,1503612527477,5,1,-1,-1,-2,0,3,9
10789,10789,1503612527491,-4,-8,-2,-1,-4,-1,-6,-21
10790,10790,1503612527492,2,1,2,2,-1,-2,-2,8
10791,10791,1503612527499,11,-1,-3,-3,-4,-3,-3,3
10792,10792,1503612527506,-16,-7,-2,0,-1,0,-1,-3
10793,10793,1503612527522,-2,-9,-4,-2,0,-1,-2,0
10794,10794,1503612527529,-2,5,1,-1,1,0,4,0
10795,10795,1503612527544,5,-3,-1,0,-2,0,-7,2
10796,10796,1503612527553,0,6,5,2,0,2,1,0
10797,10797,1503612527566,0,-1,-1,0,-1,-1,-1,8
10798,10798,1503612527567,-1,9,-2,-4,0,-1,2,-8
10799,10799,1503612527582,0,6,2,2,1,1,0,-13
10800,10800,1503612527589,-1,-9,-2,0,-2,-1,-5,-2
10801,10801,1503612527597,5,1,-1,-1,0,-1,1,27
10802,10802,1503612527611,0,-2,-4,-1,-1,-3,-1,-15
10803,10803,1503612527620,10,1,-1,-3,-1,-1,1,-21
10804,10804,1503612527626,-23,0,0,0,0,0,0,1
10805,10805,1503612527642,-26,-8,-2,-3,-2,0,-3,4
10806,10806,1503612527649,-12,-9,-2,-1,-1,-3,-4,-7
10807,10807,1503612527657,3,1,-2,0,0,1,0,0
10808,10808,1503612527671,10,2,0,0,-1,-1,-1,28
10809,10809,1503612527680,0,5,3,0,-1,-3,-8,-20
10810,10810,1503612527693,-1,-5,-4,-2,0,-3,-3,-31
10811,10811,1503612527702,-1,2,-1,-1,-1,-2,1,1
10812,10812,1503612527709,5,2,0,-1,-1,-1,-3,13
10813,10813,1503612527717,-8,-2,0,1,-2,-1,-1,-11
10814,10814,1503612527731,1,-14,-8,-3,-3,-1,0,1
10815,10815,1503612527739,3,-3,-2,-1,-2,-3,-1,7
10816,10816,1503612527746,-5,0,-1,-1,2,2,3,-1
10817,10817,1503612527764,7,7,2,-1,-1,-1,-3,10
10818,10818,1503612527769,-3,-8,3,1,-1,-1,-1,-4
10819,10819,1503612527777,8,-2,-1,-1,1,2,0,-2
10820,10820,1503612527791,9,6,-2,-3,-3,-1,-1,-4
10821,10821,1503612527792,-2,4,3,2,0,1,0,0
10822,10822,1503612527799,-6,-6,-1,-1,2,-1,-1,-2
10823,10823,1503612527806,3,4,2,-2,0,-2,-2,-3
10824,10824,1503612527822,-4,2,-3,-4,-1,-2,1,-3
10825,10825,1503612527829,5,7,-1,-3,0,-1,-1,1
10826,10826,1503612527837,-1,0,0,0,-2,-3,0,3
10827,10827,1503612527851,-13,-6,-3,1,0,-2,-1,-6
10828,10828,1503612527859,7,18,8,2,0,0,1,0
10829,10829,1503612527866,-4,18,6,0,-1,1,-4,-5
10830,10830,1503612527882,-1,-6,-4,0,-1,-1,1,0
10831,10831,1503612527893,-3,-13,-2,-1,-2,0,0,-2
10832,10832,1503612527897,0,-4,-2,-4,-1,0,-2,-3
10833,10833,1503612527911,4,-1,-1,1,-3,-2,-2,-1
10834,10834,1503612527919,-4,-3,-2,-1,-1,1,0,0
10835,10835,1503612527934,4,2,-4,-2,-1,-1,1,0
10836,10836,1503612527942,0,-4,-3,1,-1,1,-1,1
10837,10837,1503612527949,1,-5,-1,-1,0,-1,0,-1
10838,10838,1503612527964,-3,-3,1,0,-2,-1,2,-1
10839,10839,1503612527971,5,7,1,0,1,-1,1,0
10840,10840,1503612527979,-5,5,-2,-1,0,-1,-3,-2
10841,10841,1503612527994,0,-3,-3,-1,-3,-2,-3,-4
10842,10842,1503612528002,2,-1,0,1,0,-1,-3,-1
10843,10843,1503612528009,0,0,0,-2,-1,-2,-1,4
10844,10844,1503612528028,-1,-4,-3,-2,-1,-1,-1,2
10845,10845,1503612528032,10,0,-1,0,-2,-1,-3,0
10846,10846,1503612528039,-5,0,3,0,1,-2,-1,-3
10847,10847,1503612528054,0,0,0,-1,1,-2,1,1
10848,10848,1503612528062,-2,1,-1,-3,-2,-2,-3,1
10849,10849,1503612528069,-3,-4,-1,-1,0,0,2,1
10850,10850,1503612528084,-3,-5,-5,0,-1,-1,-1,2
10851,10851,1503612528091,3,3,-3,-1,-2,-1,0,1
10852,10852,1503612528100,1,7,3,-1,-1,0,-1,-4
10853,10853,1503612528114,-4,-1,-1,-4,0,0,-2,-2
10854,10854,1503612528123,2,1,-1,-3,0,-1,-2,-3
10855,10855,1503612528124,-3,-13,-6,-1,-2,-1,4,0
10856,10856,1503612528129,-4,3,3,2,-1,-4,-1,0
10857,10857,1503612528144,-1,-5,-4,-2,-2,0,-4,-2
10858,10858,1503612528151,18,1,-1,-1,1,-1,0,3
10859,10859,1503612528160,-1,3,1,0,-1,-2,-1,-3
10860,10860,1503612528174,-12,1,0,-1,-1,1,0,-2
10861,10861,1503612528182,1,2,0,-1,1,1,0,3
10862,10862,1503612528191,-3,-6,-4,-4,-1,-3,-3,-3
10863,10863,1503612528204,0,2,-2,-1,-1,0,1,2
10864,10864,1503612528211,-6,-4,-1,-1,0,-1,0,-3
10865,10865,1503612528219,4,0,1,-2,0,-1,-3,-1
10866,10866,1503612528234,-5,-5,0,1,-1,1,3,1
10867,10867,1503612528242,10,16,6,0,-1,-3,-4,-2
10868,10868,1503612528249,3,-2,-3,-2,0,0,-2,0
10869,10869,1503612528264,-5,-6,-4,1,-2,-1,1,0
10870,10870,1503612528271,-1,2,2,-2,-2,-1,-8,-4
10871,10871,1503612528279,10,-1,-2,-1,0,-1,-1,2
10872,10872,1503612528294,-2,-6,-2,0,1,-2,-9,0
10873,10873,1503612528302,-8,-1,0,-1,-1,-2,0,-1
10874,10874,1503612528309,3,3,1,0,-3,0,3,4
10875,10875,1503612528326,-4,5,0,0,0,1,2,-4
10876,10876,1503612528332,-3,6,1,-1,1,-1,5,-2
10877,10877,1503612528339,-9,-10,-2,-2,0,1,1,0
10878,10878,1503612528354,-3,-1,-3,-1,-1,-1,0,-3
10879,10879,1503612528362,-2,2,0,-1,-1,1,0,-4
10880,10880,1503612528369,0,0,1,0,-3,-3,0,3
10881,10881,1503612528384,-1,-1,-2,-2,-1,-2,-8,-4
10882,10882,1503612528394,21,12,6,0,2,3,4,4
10883,10883,1503612528399,0,2,1,1,-2,-5,-1,-1
10884,10884,1503612528414,-10,-8,-5,-2,1,-1,-3,-2
10885,10885,1503612528422,3,-4,-2,-2,0,1,1,2
10886,10886,1503612528429,-3,0,-1,-1,0,0,11,-4
10887,10887,1503612528444,-3,-2,-2,-3,-3,-3,0,2
10888,10888,1503612528451,4,0,-2,-1,2,0,-1,2
10889,10889,1503612528452,1,-3,-2,0,-2,0,-3,-2
10890,10890,1503612528461,0,-2,-1,0,-5,-1,1,0
10891,10891,1503612528474,-4,-1,0,-2,2,1,-5,-1
10892,10892,1503612528482,6,-10,-5,0,-2,-4,3,0
10893,10893,1503612528489,-3,-7,-5,1,1,1,-5,-1
10894,10894,1503612528504,-5,0,-1,-2,1,0,-6,-7
10895,10895,1503612528511,-3,2,-2,-2,-1,-1,-3,1
10896,10896,1503612528519,10,-2,-5,-3,-4,-2,-5,-2
10897,10897,1503612528534,0,3,3,0,-2,-1,0,3
10898,10898,1503612528542,-4,-2,-1,-1,7,4,-2,-5
10899,10899,1503612528549,2,-2,-1,-3,-4,-2,1,-2
10900,10900,1503612528565,-3,4,1,3,0,1,-4,4
10901,10901,1503612528571,-2,1,1,0,-1,-1,-8,0
10902,10902,1503612528579,-5,-3,0,-1,2,-2,-3,3
10903,10903,1503612528595,0,-1,-4,1,-3,-5,-11,-5
10904,10904,1503612528602,-7,1,2,0,1,2,0,1
10905,10905,1503612528609,12,-2,-2,-1,-2,-1,1,2
10906,10906,1503612528624,4,-4,-6,-2,-2,0,-3,1
10907,10907,1503612528632,-7,-8,-3,-2,0,-1,-3,-4
10908,10908,1503612528639,-2,-1,0,-2,-7,-5,3,1
10909,10909,1503612528654,3,1,-3,0,-1,1,3,-3
10910,10910,1503612528662,-12,0,0,-1,0,1,8,-6
10911,10911,1503612528669,-6,-1,2,0,-1,-3,-10,-1
10912,10912,1503612528684,-4,-4,-1,-1,-1,0,5,0
10913,10913,1503612528691,0,6,3,0,1,0,5,0
10914,10914,1503612528699,2,-3,2,2,-2,-1,1,-1
10915,10915,1503612528714,11,-15,-2,-1,-2,0,8,5
10916,10916,1503612528729,-9,8,1,1,0,-3,-8,-1
10917,10917,1503612528730,-16,-6,-1,1,3,3,-2,-1
10918,10918,1503612528744,6,1,1,-3,-3,-1,-6,4
10919,10919,1503612528751,0,8,-4,-3,0,-1,10,1
10920,10920,1503612528761,3,2,1,1,1,1,13,-2
10921,10921,1503612528774,-1,-3,-3,-2,-4,-2,-3,-1
10922,10922,1503612528782,-3,-7,-4,-3,4,3,1,-1
10923,10923,1503612528789,-2,0,-2,0,1,0,3,0
10924,10924,1503612528804,0,0,-3,0,-1,1,-5,0
10925,10925,1503612528811,0,5,2,-1,-2,-2,-10,-4
10926,10926,1503612528828,-9,-1,0,0,2,0,-9,-4
10927,10927,1503612528834,-3,-4,-4,0,-1,-1,3,3
10928,10928,1503612528848,0,1,3,-2,-3,-5,7,0
10929,10929,1503612528850,-2,-5,-3,-1,4,5,0,-1
10930,10930,1503612528864,-1,9,6,2,1,3,7,3
10931,10931,1503612528871,-1,-1,0,-3,-3,-3,0,-3
10932,10932,1503612528886,0,-6,-2,-2,-2,-1,-11,-6
10933,10933,1503612528898,-9,2,2,-1,0,-2,2,0
10934,10934,1503612528902,8,1,-3,-4,-1,-3,4,2
10935,10935,1503612528916,6,1,1,0,-1,-2,-4,-1
10936,10936,1503612528924,9,4,1,-1,-2,-4,-5,-3
10937,10937,1503612528933,-1,1,0,-2,-1,-1,2,-1
10938,10938,1503612528946,1,-3,-5,-1,0,2,1,0
10939,10939,1503612528954,22,2,0,2,-8,-7,-7,1
10940,10940,1503612528963,-1,-5,-4,-4,0,-2,-4,-2
10941,10941,1503612528976,-4,2,-1,-1,5,3,-4,2
10942,10942,1503612528984,-8,3,0,1,0,-3,-7,-4
10943,10943,1503612528991,-6,0,-3,-1,-2,-1,-6,-2
10944,10944,1503612529006,-4,-2,-2,-1,-5,-1,-4,-2
10945,10945,1503612529013,-5,-2,1,-3,-3,-2,0,-3
10946,10946,1503612529022,3,0,0,4,9,1,2,3
10947,10947,1503612529036,3,-3,-2,0,-1,1,-2,-1
10948,10948,1503612529044,15,0,0,1,-6,-4,6,2
10949,10949,1503612529051,-6,-1,0,1,1,-3,5,1
10950,10950,1503612529067,-7,1,-3,-2,-3,0,-2,-8
10951,10951,1503612529074,-3,3,1,1,4,1,-4,-12
10952,10952,1503612529082,-11,1,1,-1,-1,1,-4,2
10953,10953,1503612529100,-8,-2,3,3,0,1,1,0
10954,10954,1503612529104,4,-4,-3,0,1,-2,2,5
10955,10955,1503612529111,-1,-5,-3,-2,-2,1,2,-4
10956,10956,1503612529126,-5,-2,-1,0,0,4,2,2
10957,10957,1503612529134,11,2,-2,-4,-8,-4,-2,12
10958,10958,1503612529142,0,-4,1,-4,-1,-5,-1,-3
10959,10959,1503612529155,-5,12,2,2,6,3,1,-4
10960,10960,1503612529170,-7,-3,-1,1,-3,0,-6,1
10961,10961,1503612529172,8,4,1,-3,-4,-2,-5,4
10962,10962,1503612529173,0,0,-1,2,5,1,3,0
10963,10963,1503612529186,3,-2,-4,-2,-4,0,3,0
10964,10964,1503612529194,-4,0,2,0,-3,0,2,2
10965,10965,1503612529202,10,-4,1,2,12,1,-1,-3
10966,10966,1503612529216,3,3,-3,-3,-4,-3,-1,-3
10967,10967,1503612529224,3,-3,0,-3,-4,0,0,3
10968,10968,1503612529237,-7,5,4,0,0,-1,-1,0
10969,10969,1503612529238,-6,-11,-6,-3,1,-1,-8,-7
10970,10970,1503612529246,14,9,2,1,-4,-2,-7,8
10971,10971,1503612529254,-2,-5,-2,2,-3,-5,-1,2
10972,10972,1503612529262,-5,1,0,1,-3,-4,-4,-1
10973,10973,1503612529276,2,2,1,-3,0,2,-1,-1
10974,10974,1503612529284,-24,-1,0,-4,-2,1,-3,-12
10975,10975,1503612529291,-12,-4,2,4,-1,0,-2,-2
10976,10976,1503612529307,-6,-7,-5,-1,-3,-3,1,-1
10977,10977,1503612529314,4,1,-3,-3,-3,1,-1,-2
10978,10978,1503612529322,3,-3,-5,-1,1,-2,0,2
10979,10979,1503612529337,8,5,-1,-3,-2,-3,4,4
10980,10980,1503612529344,0,4,-1,-1,0,0,1,0
10981,10981,1503612529351,0,1,-2,1,2,-1,-8,-6
10982,10982,1503612529372,-6,-4,-5,-2,0,-1,-1,-10
10983,10983,1503612529376,-3,-1,-1,-4,-2,-1,3,1
10984,10984,1503612529382,-8,-3,-1,0,-2,-2,-3,19
10985,10985,1503612529395,-6,6,2,-1,-2,-2,5,-1
10986,10986,1503612529404,-2,-3,-2,1,1,2,4,5
10987,10987,1503612529411,0,-1,1,0,-1,-2,-4,-7
10988,10988,1503612529426,-2,0,-1,-2,-4,-3,-1,-12
10989,10989,1503612529443,3,-3,-2,-2,0,0,2,2
10990,10990,1503612529444,7,-1,0,3,6,2,6,-3
10991,10991,1503612529456,-5,-5,-3,-1,0,-1,-5,-9
10992,10992,1503612529469,-14,1,3,-4,-3,1,0,3
10993,10993,1503612529471,-4,-5,-1,-3,-1,-1,3,7
11159,11159,1503612531098,8,-10,-7,-2,-1,-2,2,21
11160,11160,1503612531106,1,-1,-3,1,1,-3,-6,-20
11161,11161,1503612531120,-5,-5,-4,-2,3,1,5,0
11162,11162,1503612531128,7,3,4,1,2,1,1,36
11163,11163,1503612531136,2,-5,-2,-2,-5,1,5,6
11164,11164,1503612531151,-4,-2,0,0,-1,1,2,3
11165,11165,1503612531158,-20,3,-2,3,-3,-3,-3,-25
11166,11166,1503612531166,-2,-3,-2,-2,1,-3,1,-11
11167,11167,1503612531180,2,2,0,-3,-1,-3,-21,-25
11168,11168,1503612531189,-4,1,-1,-2,-2,-4,-5,-14
11169,11169,1503612531196,-2,-7,-3,0,1,-4,-1,14
11170,11170,1503612531212,1,2,1,1,-3,1,-6,-4
11171,11171,1503612531218,-3,-1,2,1,0,1,-2,-13
11172,11172,1503612531226,-2,0,-1,-1,-1,10,6,-1
11173,11173,1503612531241,6,-2,1,0,2,2,-1,1
11174,11174,1503612531249,3,0,0,1,-3,-1,-5,-3
11175,11175,1503612531257,-10,2,-1,3,5,-3,2,-2
11176,11176,1503612531271,3,-1,-3,-2,-4,-1,1,2
11177,11177,1503612531281,3,0,1,-3,-9,-1,7,-1
11178,11178,1503612531286,-17,-6,-2,0,-1,0,-5,-2
11179,11179,1503612531287,9,-3,-3,-2,3,-2,-1,5
11180,11180,1503612531300,6,10,-2,-1,-4,-2,-2,-1
11181,11181,1503612531309,0,-7,-2,-4,-10,-2,-1,2
11182,11182,1503612531317,7,-3,-2,3,3,-2,4,-2
11183,11183,1503612531318,5,-3,1,-1,4,3,1,2
11184,11184,1503612531331,-2,3,-1,-1,3,-4,1,-1
11185,11185,1503612531338,2,-2,-2,0,-2,-9,-4,6
11186,11186,1503612531347,10,-1,2,1,3,0,-7,-2
11187,11187,1503612531360,17,-3,-1,-2,1,4,-3,0
11188,11188,1503612531369,-7,-6,-6,1,4,-3,-4,-26
11189,11189,1503612531384,-10,3,-1,-1,1,-3,-8,-35
11190,11190,1503612531391,3,-2,1,-1,3,3,3,15
11191,11191,1503612531405,-3,5,2,1,1,3,5,-7
11192,11192,1503612531407,-31,-1,2,-1,-4,-5,-17,-2
11193,11193,1503612531422,-10,4,2,-1,-2,0,4,-3
11194,11194,1503612531429,9,7,-1,-1,0,-2,9,44
11195,11195,1503612531446,-2,-9,-3,-1,0,-1,1,10
11196,11196,1503612531452,-12,-3,-3,-2,-1,-1,2,-18
11197,11197,1503612531459,1,5,-1,-3,-2,0,12,6
11198,11198,1503612531466,2,-6,-2,-1,-6,1,2,-32
11199,11199,1503612531482,2,-7,-1,1,0,1,1,7
11200,11200,1503612531489,6,26,15,5,0,3,7,9
11201,11201,1503612531504,3,-8,-3,-3,1,2,-14,7
11202,11202,1503612531511,14,15,5,0,2,-1,-1,9
11203,11203,1503612531519,1,3,-1,-1,-8,-2,9,1
11204,11204,1503612531526,-3,-9,-4,-1,1,-1,-2,-4
11205,11205,1503612531549,12,-3,-3,-2,0,-2,-4,32
11206,11206,1503612531550,-4,-12,-5,-3,0,-2,-4,-5
11207,11207,1503612531564,-9,0,0,2,0,0,1,1
11208,11208,1503612531571,10,2,-2,-1,-7,-8,-3,4
11209,11209,1503612531581,-4,-9,-4,-1,0,-3,-6,-1
11210,11210,1503612531586,-12,-12,-6,-4,-4,-2,1,-10
11211,11211,1503612531602,-5,-13,-4,-1,2,-1,5,-8
11212,11212,1503612531609,1,5,4,1,-1,-1,-3,-11
11213,11213,1503612531624,12,13,8,2,1,2,5,24
11214,11214,1503612531631,-5,-8,-5,-2,1,2,13,3
11215,11215,1503612531639,-12,-9,-5,-3,-2,0,-7,-16
11216,11216,1503612531648,2,1,-1,1,1,-3,-2,6
11217,11217,1503612531668,3,7,-1,0,-4,-2,5,15
11218,11218,1503612531669,4,-2,3,2,2,1,-1,-34
11219,11219,1503612531684,3,15,3,1,1,0,-3,-4
11220,11220,1503612531691,-6,-9,-2,-2,-2,2,-2,11
11221,11221,1503612531699,-1,19,6,1,-2,-1,-6,-13
11222,11222,1503612531715,-1,1,-3,-2,-2,-2,3,13
11223,11223,1503612531722,-4,-8,-6,-2,-4,-2,3,-6
11224,11224,1503612531729,-4,-7,-3,-1,1,1,6,6
11225,11225,1503612531744,-11,-9,-2,0,2,-1,11,-11
11226,11226,1503612531752,-2,-1,-4,-2,0,1,0,1
11227,11227,1503612531759,1,-4,1,-1,0,-3,-4,-2
11228,11228,1503612531774,2,-1,1,-2,-4,-3,-14,-12
11229,11229,1503612531789,1,0,1,-3,-4,-2,-3,-2
11230,11230,1503612531804,1,-2,1,3,0,2,-4,-2
11231,11231,1503612531811,-9,2,-4,1,0,0,3,20
11232,11232,1503612531819,14,-12,-7,-5,-4,0,-4,-2
11233,11233,1503612531834,0,-5,-1,0,3,-2,-8,-10
11234,11234,1503612531842,4,2,-1,-2,-1,-1,4,-4
11235,11235,1503612531851,-2,-6,-2,0,0,-1,-3,8
11236,11236,1503612531864,-4,-11,-5,-1,0,-3,-7,-12
11237,11237,1503612531871,10,10,1,1,2,2,-4,-4
11238,11238,1503612531879,8,8,2,1,-3,0,-1,5
11239,11239,1503612531894,-11,4,5,0,-3,-3,-3,-22
11240,11240,1503612531902,8,3,-3,-1,3,2,6,2
11241,11241,1503612531909,9,-1,-2,0,4,1,-4,13
11242,11242,1503612531925,-12,-2,-3,-4,-3,0,-4,-10
11243,11243,1503612531931,1,-3,-2,1,2,2,8,8
11244,11244,1503612531939,-13,-3,2,-1,2,0,-11,-13
11245,11245,1503612531954,-1,1,-1,-3,-5,-2,-4,-2
11246,11246,1503612531962,-3,16,6,1,-3,-2,0,3
11247,11247,1503612531969,-7,10,4,1,2,-3,-16,-32
11248,11248,1503612531992,-4,19,4,1,-3,1,-1,5
11249,11249,1503612531999,1,-2,-3,4,-2,-5,-4,6
11250,11250,1503612532014,1,-12,-5,0,2,0,2,0
11251,11251,1503612532022,-6,-3,0,-1,-2,1,8,6
11252,11252,1503612532028,16,-14,-4,-3,-2,-2,0,6
11253,11253,1503612532044,9,1,-4,0,2,0,-5,0
11254,11254,1503612532052,-10,-2,1,-1,-2,0,1,6
11255,11255,1503612532059,-1,-7,1,-1,-2,-4,-9,12
11256,11256,1503612532074,2,-1,-5,-2,-5,-3,3,18
11257,11257,1503612532082,8,9,2,1,-3,0,-3,29
11258,11258,1503612532089,-3,-5,0,1,0,2,22,8
11259,11259,1503612532104,4,-3,-2,-3,-1,-4,-1,-2
11260,11260,1503612532111,0,1,-4,1,-1,-3,-4,-4
11261,11261,1503612532119,-3,-12,-2,0,1,0,3,-2
11262,11262,1503612532134,0,-5,-2,-3,-1,-3,-2,10
11263,11263,1503612532142,-6,-5,0,-2,-7,0,-4,-19
11264,11264,1503612532148,5,-1,-2,0,0,-1,0,1
11265,11265,1503612532164,4,0,-1,1,-2,-2,0,9
11266,11266,1503612532171,-4,4,0,-1,-2,-1,-5,-8
11267,11267,1503612532179,-9,-4,-3,1,1,-1,2,-7
11268,11268,1503612532194,6,-5,-3,-3,-2,0,-5,-9
11269,11269,1503612532202,-3,-4,1,-2,1,2,1,-3
11270,11270,1503612532208,-8,2,1,1,-1,0,1,-25
11271,11271,1503612532224,-1,-3,-6,-3,2,2,14,2
11272,11272,1503612532231,3,6,1,-2,-2,-1,2,6
11273,11273,1503612532239,-4,4,-1,-1,-1,-5,-9,-9
11274,11274,1503612532254,-4,0,3,1,-4,-3,-2,1
11275,11275,1503612532262,7,10,4,0,-4,-3,-5,5
11276,11276,1503612532268,0,7,0,-1,2,3,-10,1
11277,11277,1503612532286,4,1,-1,2,0,1,4,9
11278,11278,1503612532291,-11,-6,-2,2,4,0,-4,-3
11279,11279,1503612532299,4,-1,-2,-4,-1,2,2,0
11280,11280,1503612532313,3,-9,-5,-4,-4,-1,5,9
11281,11281,1503612532322,-12,-10,-2,-1,1,-4,-6,-9
11282,11282,1503612532329,-1,-1,0,1,-2,-2,-3,-5
11283,11283,1503612532344,5,-1,-5,1,-5,-1,4,4
11284,11284,1503612532353,1,-2,-3,-5,2,0,-3,-2
11285,11285,1503612532359,2,3,3,-1,-3,-1,-1,-4
11286,11286,1503612532373,11,9,1,0,0,1,3,7
11287,11287,1503612532382,5,0,-5,-3,1,0,-3,-3
11288,11288,1503612532389,-4,-7,-2,-1,-7,-2,19,3
11289,11289,1503612532404,-4,-8,-3,0,0,0,-6,-3
11290,11290,1503612532411,-9,7,1,-1,3,-2,-10,-10
11291,11291,1503612532420,1,8,5,0,4,1,-1,-7
11292,11292,1503612532434,-1,-17,-6,0,1,-3,-4,0
11293,11293,1503612532442,-18,4,6,4,5,1,-1,-7
11294,11294,1503612532449,0,-3,3,0,-4,-3,-3,0
11295,11295,1503612532464,1,-12,-2,-4,-6,1,8,1
11296,11296,1503612532471,8,12,-1,0,-3,-1,-17,1
11297,11297,1503612532479,3,4,-3,0,-1,-3,1,5
11298,11298,1503612532494,0,3,0,-1,-3,-1,-1,-4
11299,11299,1503612532502,-6,-2,-2,0,-2,-2,0,5
11300,11300,1503612532508,-2,-8,1,0,-3,-1,-3,-8
11301,11301,1503612532509,1,6,0,-1,1,-2,2,0
11302,11302,1503612532524,-2,-10,-4,-5,0,-2,0,2
11303,11303,1503612532531,-7,10,5,6,8,4,9,4
11304,11304,1503612532539,7,-4,-1,-5,-3,-3,-12,-2
11305,11305,1503612532554,-6,-12,-4,0,-1,1,-18,-8
11306,11306,1503612532562,2,-3,-2,0,-2,0,-3,3
11307,11307,1503612532568,0,8,5,1,-1,-2,-6,-4
11308,11308,1503612532584,4,9,1,-1,-2,-2,-4,-9
11309,11309,1503612532591,3,-4,-6,-4,0,-2,2,7
11310,11310,1503612532606,-3,1,-1,-3,-3,-1,4,-2
11311,11311,1503612532613,-3,-13,-3,-4,-2,-1,4,8
11312,11312,1503612532622,-5,3,-1,1,0,0,0,0
11313,11313,1503612532636,-5,-8,-2,-3,-4,0,2,-1
11314,11314,1503612532644,10,23,8,8,4,2,-2,5
11315,11315,1503612532651,2,7,-1,0,-1,0,0,-7
11316,11316,1503612532667,3,1,-2,-1,0,9,4,-8
11317,11317,1503612532673,-4,2,-1,-2,-1,-6,-5,-8
11318,11318,1503612532689,-9,-19,-7,-2,-1,-8,-6,-2
11319,11319,1503612532697,-11,2,5,2,-1,1,6,-1
11320,11320,1503612532704,7,13,0,-3,-3,1,4,-1
11321,11321,1503612532711,0,-15,-6,-4,0,0,1,2
11322,11322,1503612532727,8,0,2,-3,0,-2,-4,3
11323,11323,1503612532734,6,-9,-4,-2,-5,-4,-4,-3
11324,11324,1503612532742,-3,-2,-3,-1,0,0,0,-3
11325,11325,1503612532761,4,3,2,1,2,0,5,1
11326,11326,1503612532767,-11,-7,-3,-1,-1,-1,13,-2
11327,11327,1503612532771,2,2,0,-2,-2,0,3,2
11328,11328,1503612532786,-2,14,5,2,2,-1,-3,-2
11329,11329,1503612532794,3,21,2,-1,-2,0,9,-3
11330,11330,1503612532802,-6,-12,-2,-1,0,-2,-4,-1
11331,11331,1503612532816,-4,-15,-7,-2,-3,-3,-16,-4
11332,11332,1503612532826,9,19,6,-1,0,0,16,2
11333,11333,1503612532832,-6,-16,-4,-6,-5,-3,3,-2
11334,11334,1503612532846,4,-1,-6,-1,2,1,-8,3
11335,11335,1503612532853,1,-3,3,1,-1,-1,0,4
11336,11336,1503612532862,4,-4,-1,0,-3,-3,-8,-3
11337,11337,1503612532876,0,3,2,1,0,-1,-17,2
11338,11338,1503612532884,0,19,5,-3,-1,-4,0,-2
11339,11339,1503612532891,2,1,-4,-2,2,0,-3,3
11340,11340,1503612532906,3,-8,1,4,2,-2,-1,-1
11341,11341,1503612532913,-14,1,4,1,1,1,8,-2
11342,11342,1503612532924,1,-2,-4,-4,-4,0,-2,-2
11343,11343,1503612532936,4,-8,-5,1,0,0,-7,2
11344,11344,1503612532944,-5,3,1,0,0,2,5,-4
11345,11345,1503612532951,5,11,5,-1,-2,-1,5,3
11346,11346,1503612532967,-15,-8,-1,-2,-1,-3,-17,-7
11347,11347,1503612532973,-7,-7,-6,-2,-1,-1,8,-2
11348,11348,1503612532982,1,-9,-8,-2,-1,-3,-3,3
11349,11349,1503612532996,8,6,2,0,-1,0,-4,22
11350,11350,1503612533004,6,-6,-6,-5,-4,-2,4,5
11351,11351,1503612533011,-1,0,-2,1,0,1,15,0
11352,11352,1503612533027,-14,-6,1,-1,-5,-1,-5,-7
11353,11353,1503612533035,-1,3,-1,-2,1,2,8,-4
11354,11354,1503612533042,3,-7,-6,-2,0,-2,-4,-7
11355,11355,1503612533060,-1,6,1,-2,-4,-2,-3,-16
11356,11356,1503612533064,2,-18,-6,0,1,0,12,-7
11357,11357,1503612533071,-12,-10,-6,-1,0,-1,-4,-3
11358,11358,1503612533087,-3,-6,0,1,2,1,-7,3
11359,11359,1503612533094,0,5,4,5,4,1,-3,-16
11360,11360,1503612533102,-4,-5,0,-2,1,0,-6,2
11361,11361,1503612533116,-1,2,0,0,2,-1,-6,5
11362,11362,1503612533126,3,1,-1,0,-1,3,18,18
11363,11363,1503612533131,-2,2,3,3,1,-1,-1,-7
11364,11364,1503612533146,-9,-7,-3,-3,0,0,2,24
11365,11365,1503612533147,5,7,-2,-4,3,-1,-2,4
11366,11366,1503612533154,11,-4,-1,-1,-1,-1,1,19
11367,11367,1503612533162,-6,19,5,3,-2,-3,-14,-15
11368,11368,1503612533176,4,-6,-3,-2,-2,1,-6,2
11369,11369,1503612533184,-3,-9,-6,-1,-4,-2,1,8
11370,11370,1503612533192,-15,27,6,0,-2,1,-3,-9
11371,11371,1503612533206,0,-2,-2,-3,-1,-2,2,2
11372,11372,1503612533213,2,-3,-5,-4,-2,-1,-1,-2
11373,11373,1503612533221,7,19,5,-1,-4,2,-5,-7
11374,11374,1503612533236,-4,-4,-3,-3,0,-4,-8,-25
11375,11375,1503612533244,4,-4,2,-2,-2,0,11,10
11376,11376,1503612533251,-5,-10,-3,0,-2,0,9,21
11377,11377,1503612533267,-6,2,1,4,1,-2,-6,-8
11378,11378,1503612533273,13,-9,-5,-4,-2,-3,-2,16
11379,11379,1503612533282,-9,-8,-1,0,-1,-2,0,-6
11380,11380,1503612533296,7,-5,-2,-1,1,-1,2,7
11381,11381,1503612533304,0,6,1,1,1,2,1,-5
11382,11382,1503612533311,-6,-20,-9,-6,-5,-1,-9,-6
11383,11383,1503612533327,0,-5,-5,-5,-1,-3,-6,-9
11384,11384,1503612533334,-4,-1,0,-1,0,-1,8,-2
11385,11385,1503612533342,-10,-2,-1,-1,-3,0,-9,3
11386,11386,1503612533356,-17,-8,1,2,0,0,0,-4
11387,11387,1503612533364,-3,-13,-5,-1,2,0,13,24
11388,11388,1503612533371,4,2,1,1,2,-2,-6,1
11389,11389,1503612533387,6,10,5,3,-2,-6,-23,-18
11390,11390,1503612533394,6,12,6,2,0,-1,1,1
11391,11391,1503612533403,-7,-9,-5,-3,-2,2,9,-19
11392,11392,1503612533417,-13,18,6,0,-1,0,0,-11
11393,11393,1503612533424,-5,2,-1,-3,0,0,-9,-1
11394,11394,1503612533431,0,-5,-2,-4,-3,-3,-6,-9
11395,11395,1503612533447,9,-2,4,1,1,0,-6,1
11396,11396,1503612533453,-5,2,3,-1,-1,-1,3,15
11397,11397,1503612533454,1,-6,-6,-3,-4,-3,-7,-4
11398,11398,1503612533462,7,-4,-3,0,2,-2,-10,8
11399,11399,1503612533476,7,17,3,2,2,2,0,-1
11400,11400,1503612533491,6,1,8,6,3,1,6,2
11401,11401,1503612533495,-5,-15,-9,-6,-5,-2,-1,-1
11402,11402,1503612533513,-3,0,-4,-5,-2,2,17,-12
11403,11403,1503612533515,8,1,-2,-3,-3,-1,8,-1
11404,11404,1503612533522,-9,10,2,-2,-2,-3,-4,-4
11405,11405,1503612533537,5,0,1,4,0,3,0,-8
11406,11406,1503612533544,8,1,2,-2,-2,-1,3,29
11407,11407,1503612533558,1,-1,-2,0,1,1,0,-1
11408,11408,1503612533559,-2,0,5,7,5,-1,-3,11
11409,11409,1503612533567,2,-7,-2,1,1,0,-3,-6
11410,11410,1503612533573,0,1,-5,-5,-1,0,5,-36
11411,11411,1503612533589,4,5,-4,-3,-4,-2,-4,16
11412,11412,1503612533596,-8,0,-2,-1,0,-1,1,4
11413,11413,1503612533604,-4,-6,-6,-3,-4,1,-6,-1
11414,11414,1503612533619,1,0,0,-3,-3,-2,2,-5
11415,11415,1503612533629,-1,7,0,3,0,0,-1,-31
11416,11416,1503612533634,-3,-7,-1,2,5,1,8,4
11417,11417,1503612533648,12,-4,-5,-4,-4,1,6,31
11418,11418,1503612533656,-16,-5,0,-1,1,-1,-8,-13
11419,11419,1503612533669,-12,31,15,4,4,2,8,11
11420,11420,1503612533679,6,8,9,5,0,-2,-3,-14
11421,11421,1503612533687,-4,-17,-6,-1,-1,-1,-1,-42
11422,11422,1503612533699,3,1,-2,-4,-5,0,-9,23
11423,11423,1503612533708,-2,-3,-3,-2,1,0,5,29
11424,11424,1503612533716,2,-8,-8,-2,-3,-3,4,34
11425,11425,1503612533724,-5,-2,-4,-2,0,-1,7,-7
11426,11426,1503612533739,5,-1,2,2,0,-3,-10,-8
11427,11427,1503612533746,-3,-1,-1,-1,-3,-3,-4,-8
11428,11428,1503612533753,-2,-13,-3,-1,-3,0,-3,-25
11429,11429,1503612533772,3,-19,-8,-3,-2,-3,-8,10
11430,11430,1503612533776,-2,15,0,-5,-2,0,-5,-9
11431,11431,1503612533784,-1,-2,-1,0,1,1,2,-6
11432,11432,1503612533799,3,-4,-2,-2,1,0,-6,24
11433,11433,1503612533807,1,2,0,0,-1,-2,4,4
11434,11434,1503612533813,6,-5,-5,-1,-4,-1,3,10
11435,11435,1503612533831,-9,-9,-4,-3,-1,0,-7,4
11436,11436,1503612533836,-4,7,4,1,3,0,10,1
11437,11437,1503612533844,-12,-13,-4,1,-1,-3,-7,-43
11438,11438,1503612533858,-2,-11,-6,-4,-4,-2,7,0
11439,11439,1503612533867,2,0,-1,-3,-3,0,-2,2
11440,11440,1503612533873,5,5,1,2,2,2,-3,-5
11441,11441,1503612533888,13,1,-2,-2,-4,-1,-8,1
11442,11442,1503612533898,-1,0,-1,-3,-1,1,22,37
11443,11443,1503612533904,4,2,1,-3,4,-2,0,-7
11444,11444,1503612533918,-4,4,2,4,2,1,-5,-10
11445,11445,1503612533926,-4,15,0,-1,-4,-1,5,14
11446,11446,1503612533934,18,38,4,0,0,-1,-5,-13
11447,11447,1503612533949,4,14,10,6,1,-5,-4,-5
11448,11448,1503612533956,-5,-19,-7,-4,-2,-3,-6,-12
11449,11449,1503612533972,4,-3,2,0,2,3,-2,-3
11450,11450,1503612533978,-8,-1,0,-2,-2,1,17,2
11451,11451,1503612533986,-1,-2,-4,1,2,2,-8,5
11452,11452,1503612533987,-9,-18,-9,-4,-5,-2,15,4
11453,11453,1503612533993,-8,-16,-3,-3,0,-1,-6,-14
11454,11454,1503612534008,3,0,-1,1,-1,-1,-3,3
11455,11455,1503612534016,4,13,2,1,2,-1,-1,34
11456,11456,1503612534024,0,-4,2,-2,2,-2,-8,-15
11457,11457,1503612534039,-5,-6,-6,-6,-5,-1,-5,-12
11458,11458,1503612534046,-1,0,-2,-1,-4,-1,-2,8
11459,11459,1503612534053,7,4,1,-1,1,-1,-4,-7
11460,11460,1503612534054,-12,-14,-3,0,1,1,-5,-24
11461,11461,1503612534073,-4,4,3,0,0,3,-2,4
11462,11462,1503612534076,-9,-5,-2,2,-2,-1,-6,22
11463,11463,1503612534084,2,6,-4,1,1,-1,14,3
11464,11464,1503612534100,6,-3,0,-2,-4,-6,-9,12
11465,11465,1503612534107,3,2,-1,-1,1,-2,-8,-4
11466,11466,1503612534113,4,5,3,-2,0,1,-1,-2
11467,11467,1503612534129,6,-2,-2,-3,0,2,-2,-8
11468,11468,1503612534137,-1,-2,-1,0,1,-1,-2,-16
11469,11469,1503612534144,-30,-8,-4,1,-1,-3,-2,0
11470,11470,1503612534158,-2,-3,-1,0,-1,1,4,-7
11471,11471,1503612534167,4,6,1,-1,-2,1,1,6
11472,11472,1503612534174,-7,-4,-4,1,-3,-1,-1,34
11473,11473,1503612534188,3,2,1,1,-1,-1,-7,3
11474,11474,1503612534196,8,-3,0,-1,2,-2,-3,-9
11475,11475,1503612534205,-22,-10,-1,1,0,0,3,-21
11476,11476,1503612534218,7,13,0,2,1,0,-3,-8
11477,11477,1503612534219,-3,3,-1,-1,-1,0,-1,-11
11478,11478,1503612534226,1,-5,-2,0,-3,-6,-18,-11
11479,11479,1503612534234,-1,0,0,-1,-3,-1,-3,0
11480,11480,1503612534248,6,1,-2,-1,-2,1,-1,-16
11481,11481,1503612534263,9,3,0,-1,-2,-3,-6,18
11482,11482,1503612534267,-4,-11,-4,-4,-1,0,16,15
11483,11483,1503612534278,-8,-1,1,-2,1,2,2,-19
11484,11484,1503612534286,9,1,-2,0,1,0,-3,16
11485,11485,1503612534293,11,1,-1,-1,0,-1,-3,-16
11486,11486,1503612534309,17,25,3,-2,1,-3,-2,-3
11487,11487,1503612534316,-1,3,0,1,0,-2,-6,-27
11488,11488,1503612534324,-6,-6,0,-2,-3,0,-6,-5
11489,11489,1503612534339,-7,-1,1,0,1,0,1,-26
11490,11490,1503612534346,-9,1,-1,-1,0,-1,2,-78
11491,11491,1503612534353,-8,3,0,-1,-2,-1,2,-8
11492,11492,1503612534369,9,-5,-3,-3,-2,-1,-3,127
11493,11493,1503612534376,8,18,5,0,1,-1,1,-45
11494,11494,1503612534384,-11,-4,-3,0,-2,-2,-4,-25
11495,11495,1503612534404,-11,-11,-3,0,-1,-2,0,-3
11496,11496,1503612534407,-1,-2,-3,1,-1,0,-2,-17
11497,11497,1503612534414,5,-6,0,-3,-1,1,2,14
11498,11498,1503612534428,-13,-5,-1,-3,-2,-1,3,21
11499,11499,1503612534437,-10,-2,-2,0,-1,-2,1,-11
11500,11500,1503612534444,-2,4,1,1,0,-2,4,-35
11501,11501,1503612534458,7,-9,-6,0,0,1,0,3
11502,11502,1503612534474,3,-3,0,-1,-2,0,1,-3
11503,11503,1503612534480,-14,-9,-4,-2,-2,-1,-2,6
11504,11504,1503612534488,0,-4,-4,-2,0,-2,0,11
11505,11505,1503612534496,2,-6,-4,-3,0,-1,-2,22
11506,11506,1503612534511,17,1,1,3,0,1,-1,-1
11507,11507,1503612534518,4,5,-1,-3,-1,-2,-2,7
11508,11508,1503612534526,2,-2,-2,-2,-1,2,0,-13
11509,11509,1503612534540,9,0,0,0,-3,0,-1,14
11510,11510,1503612534549,-9,1,-3,1,-1,0,0,1
11511,11511,1503612534556,3,-2,0,-1,-1,-1,0,2
11512,11512,1503612534572,0,3,4,0,1,-2,-1,1
11513,11513,1503612534579,4,-8,-5,1,0,-3,0,-2
11514,11514,1503612534586,11,-8,-5,-4,-2,0,0,0
11515,11515,1503612534603,-9,-16,-9,-1,-2,0,-1,7
11516,11516,1503612534608,5,24,7,2,0,0,-3,-5
11517,11517,1503612534609,-6,-7,-4,-2,1,-1,-3,-10
11518,11518,1503612534616,-7,-4,0,-2,-1,-2,1,0
11519,11519,1503612534631,24,6,-1,0,0,-2,-1,2
11520,11520,1503612534639,1,6,2,-1,-2,-2,-2,1
11521,11521,1503612534647,0,2,3,-1,1,1,-2,0
11522,11522,1503612534660,4,0,-2,-2,-2,1,0,0
11523,11523,1503612534669,-9,0,-1,0,-1,-1,1,5
11524,11524,1503612534676,4,6,2,1,0,0,1,2
11525,11525,1503612534691,5,5,2,-2,0,0,-1,3
11526,11526,1503612534698,-21,0,0,-1,0,0,0,-5
11527,11527,1503612534706,22,-2,-2,-1,-1,0,0,4
11528,11528,1503612534707,-4,-15,-6,-1,-1,-3,-3,-3
11529,11529,1503612534720,8,-5,-3,-2,-2,-3,-1,-3
11530,11530,1503612534728,-7,7,4,0,-3,-1,-2,-8
11531,11531,1503612534729,-15,0,-1,-2,-2,1,0,-6
11532,11532,1503612534739,14,8,0,0,0,0,-1,5
11533,11533,1503612534751,10,-4,-1,-1,-2,-2,-3,-1
11534,11534,1503612534759,-8,0,-1,-1,0,-2,-4,-3
11535,11535,1503612534767,-12,4,2,1,-1,0,-2,1
11536,11536,1503612534780,2,-8,1,0,1,2,-1,0
11537,11537,1503612534789,3,-1,2,1,-1,-2,1,1
11538,11538,1503612534796,11,-1,-2,2,-1,-2,-1,0
11539,11539,1503612534813,-4,2,2,0,1,1,-1,2
11540,11540,1503612534818,-7,-2,-8,-5,0,-2,-1,-1
11541,11541,1503612534827,-21,6,0,-1,-1,-1,0,-4
11542,11542,1503612534841,5,26,10,2,1,1,3,12
11543,11543,1503612534848,4,-4,-1,-1,-2,-1,1,1
11544,11544,1503612534856,-31,-13,0,-1,-2,0,-5,-19
11545,11545,1503612534871,-21,8,-1,1,-1,1,0,-4
11546,11546,1503612534880,-1,3,0,-1,-2,-3,-1,-2
11547,11547,1503612534886,3,0,1,-2,-3,-1,0,-5
11548,11548,1503612534900,3,-2,-1,-3,-2,-3,-1,-1
11549,11549,1503612534909,6,2,-1,0,1,0,0,0
11550,11550,1503612534916,6,-4,0,-1,-1,1,3,4
11551,11551,1503612534931,18,-4,0,-1,-2,-4,-3,-1
11552,11552,1503612534939,-2,-2,0,-3,-2,-1,-4,-1
11553,11553,1503612534947,-7,-5,-3,2,1,1,1,0
11554,11554,1503612534960,1,-2,1,0,0,-1,3,0
11555,11555,1503612534968,0,3,-1,0,-1,0,-3,-4
11556,11556,1503612534976,1,-3,-3,0,0,0,-2,0
11557,11557,1503612534991,-5,-4,-3,-1,-1,-1,1,1
11558,11558,1503612534998,4,7,3,0,1,-2,-3,-2
11559,11559,1503612535006,9,-8,-5,-2,-2,-1,-2,1
11560,11560,1503612535020,1,0,-3,0,0,0,3,4
11561,11561,1503612535028,-11,1,-1,-2,0,1,0,-1
11562,11562,1503612535040,6,-3,-4,-2,-2,0,-2,-3
11563,11563,1503612535051,5,0,3,-2,-1,-2,0,-1
11564,11564,1503612535058,2,-4,-5,-3,0,-1,-1,0
11565,11565,1503612535066,14,2,-4,-2,-1,-2,-2,0
11566,11566,1503612535081,10,16,5,2,2,0,-3,-5
11567,11567,1503612535088,-2,-11,-3,-2,2,1,2,2
11568,11568,1503612535096,4,-2,3,0,-1,-2,0,1
11569,11569,1503612535111,2,3,5,-1,-2,-1,-5,-4
11570,11570,1503612535118,-11,-2,2,1,0,-2,-2,-9
11571,11571,1503612535126,-6,-4,-4,3,8,-1,-2,-7
11572,11572,1503612535140,9,1,-2,-1,-3,1,1,7
11573,11573,1503612535149,-2,5,1,-2,2,1,5,9
11574,11574,1503612535156,-9,-6,-5,-1,4,-1,-4,-7
11575,11575,1503612535172,-12,3,-2,0,-1,-2,-5,-3
11576,11576,1503612535173,6,4,3,1,-3,-2,-4,-1
11577,11577,1503612535179,-6,-3,0,-2,0,0,1,4
11578,11578,1503612535186,-1,3,1,1,2,0,-3,-2
11579,11579,1503612535200,8,4,-3,-5,-10,-4,0,1
11580,11580,1503612535209,-4,3,2,1,-3,-2,0,1
11581,11581,1503612535223,0,1,1,0,4,0,2,2
11582,11582,1503612535231,0,-3,-2,0,-2,0,2,-2
11583,11583,1503612535245,-4,-3,-4,-5,-4,-2,3,0
11584,11584,1503612535246,4,-1,-5,-1,-1,0,-9,-6
11585,11585,1503612535248,32,4,0,-1,-2,-4,3,6
11586,11586,1503612535260,-3,-6,-2,-2,-12,-7,-5,4
11587,11587,1503612535268,-13,-6,-4,-2,-6,0,-3,-6
11588,11588,1503612535277,-8,0,-2,-1,-3,-1,-1,-3
11589,11589,1503612535291,-15,3,2,-5,-3,-2,-2,-3
11590,11590,1503612535298,-22,-7,0,1,-1,-2,2,-6
11805,11805,1503612537429,1,-1,1,2,3,0,1,7
11806,11806,1503612537436,-9,-13,-13,-6,-4,-6,-5,-44
11807,11807,1503612537444,3,6,1,0,5,-3,-8,1
11808,11808,1503612537458,-1,-6,-2,-3,-3,-3,-1,8
11809,11809,1503612537466,-9,4,9,2,5,3,-2,34
11810,11810,1503612537473,8,10,-2,-1,-2,-4,-4,4
11811,11811,1503612537492,2,1,-6,1,4,-1,-2,-4
11812,11812,1503612537497,-12,-8,-2,-1,2,0,12,20
11813,11813,1503612537513,-4,7,0,-2,-9,-2,3,-13
11814,11814,1503612537518,-5,2,-4,-1,1,2,1,-18
11815,11815,1503612537527,-5,-2,-1,-1,2,0,2,-4
11816,11816,1503612537533,0,-9,-5,-4,6,-2,1,3
11817,11817,1503612537549,5,0,0,2,3,1,4,-6
11818,11818,1503612537556,5,-9,-5,0,-1,0,5,5
11819,11819,1503612537564,-3,-5,-1,1,-12,2,-8,-12
11820,11820,1503612537578,2,-4,-2,-2,-4,-3,-6,-6
11821,11821,1503612537586,-1,-4,-3,-5,-1,-2,-7,-1
11822,11822,1503612537593,2,-1,-1,-1,-1,1,7,5
11823,11823,1503612537609,-6,-1,-2,0,6,0,9,8
11824,11824,1503612537616,-14,-2,-5,-2,-2,-2,8,-67
11825,11825,1503612537624,-1,2,3,-1,0,1,5,0
11826,11826,1503612537638,15,20,6,0,-2,0,4,31
11827,11827,1503612537646,10,-2,-5,-2,1,-4,2,7
11828,11828,1503612537653,1,-15,-6,1,2,-3,-4,0
11829,11829,1503612537669,1,-2,1,-1,4,1,0,-2
11830,11830,1503612537676,-4,-9,-7,-1,-2,-2,-4,19
11831,11831,1503612537684,-7,-3,-3,-1,2,-3,-8,-10
11832,11832,1503612537699,0,-5,1,0,7,-3,0,-7
11833,11833,1503612537706,9,10,6,1,3,0,-7,-17
11834,11834,1503612537713,7,32,10,5,2,1,5,14
11835,11835,1503612537729,-4,-4,-4,-3,-1,-5,-9,0
11836,11836,1503612537736,1,-5,0,-2,-3,2,-1,6
11837,11837,1503612537744,-1,-1,-3,-1,2,-2,-4,-3
11838,11838,1503612537759,-3,-9,0,3,4,2,3,-1
11839,11839,1503612537769,-5,-9,-1,1,-6,-1,9,3
11840,11840,1503612537773,4,3,-1,-2,-4,-2,-8,-2
11841,11841,1503612537791,3,-4,-2,0,-8,6,5,4
11842,11842,1503612537796,1,-7,-5,-1,-6,1,-3,0
11843,11843,1503612537811,2,-6,-6,-3,-1,-6,6,3
11844,11844,1503612537818,-4,7,0,0,3,0,-3,-2
11845,11845,1503612537826,7,-8,-3,-2,3,0,-6,7
11846,11846,1503612537833,-6,-11,-4,-1,-2,-5,-13,-23
11847,11847,1503612537849,-4,-1,-1,-1,-1,-1,-3,-38
11848,11848,1503612537859,0,-2,1,-3,-4,-2,-1,19
11849,11849,1503612537871,-11,-4,0,-2,-2,-3,-1,-7
11850,11850,1503612537878,-5,4,2,-1,0,2,0,-3
11851,11851,1503612537886,12,5,-1,1,-8,-1,0,14
11852,11852,1503612537894,-60,-13,-5,-1,0,-1,1,-44
11853,11853,1503612537909,-9,1,-1,-2,1,0,1,1
11854,11854,1503612537916,2,0,-1,0,-1,-2,-4,1
11855,11855,1503612537925,-25,4,0,-1,-3,-1,-5,-30
11856,11856,1503612537926,6,8,2,-2,2,0,-5,7
11857,11857,1503612537938,16,-13,-4,-4,-1,6,3,46
11858,11858,1503612537946,2,1,1,0,4,0,2,7
11859,11859,1503612537953,13,1,3,0,-3,-1,7,19
11860,11860,1503612537969,14,16,6,1,1,0,-1,11
11861,11861,1503612537976,13,7,-1,-1,0,-1,-2,2
11862,11862,1503612537984,-23,-12,-7,2,9,-1,0,-13
11863,11863,1503612537998,5,6,1,1,-1,-1,3,-6
11864,11864,1503612537999,1,-8,-1,-3,-2,-1,-8,-11
11865,11865,1503612538006,1,-6,-2,-1,-2,2,0,6
11866,11866,1503612538013,-5,-7,-5,0,6,3,4,-1
11867,11867,1503612538029,-4,11,6,1,-1,1,-2,13
11868,11868,1503612538037,6,6,1,-1,-1,0,2,-2
11869,11869,1503612538044,3,-8,-5,0,2,-3,5,-5
11870,11870,1503612538059,-3,4,0,-2,-1,-1,1,35
11871,11871,1503612538060,-2,-1,-1,-1,-1,-3,-1,-16
11872,11872,1503612538067,-12,-2,1,-1,-5,-5,-13,-50
11873,11873,1503612538073,-2,-9,-5,-1,-3,-3,-4,12
11874,11874,1503612538089,1,-10,-5,0,-1,0,3,4
11875,11875,1503612538096,2,-2,-1,-2,-3,-1,-2,-12
11876,11876,1503612538104,-2,-6,-3,-5,-3,0,1,-5
11877,11877,1503612538118,-2,7,0,0,1,0,-6,-38
11878,11878,1503612538129,7,-1,-2,-1,-1,-1,6,26
11879,11879,1503612538134,-2,-3,3,1,-1,-3,-2,15
11880,11880,1503612538150,6,-5,-4,-2,-1,2,4,-11
11881,11881,1503612538156,4,4,-1,-2,-3,-3,-7,-5
11882,11882,1503612538171,1,2,-1,2,-2,-1,1,12
11883,11883,1503612538172,3,-4,1,-2,-2,-1,-3,50
11884,11884,1503612538178,-5,12,3,-1,2,1,10,11
11885,11885,1503612538186,-8,2,-2,0,1,-2,4,7
11886,11886,1503612538201,2,-8,-1,0,0,-1,-12,-10
11887,11887,1503612538202,-5,-4,0,0,-3,-1,0,-3
11888,11888,1503612538209,-4,-12,-5,-2,-1,1,1,-19
11889,11889,1503612538216,-3,-7,-3,-1,-2,-4,-4,-2
11890,11890,1503612538231,2,3,-1,-1,2,-1,-3,-5
11891,11891,1503612538238,-1,-2,-3,-1,0,-2,-2,-27
11892,11892,1503612538246,-1,0,-2,1,0,0,-7,-15
11893,11893,1503612538262,2,2,0,0,-1,-1,3,10
11894,11894,1503612538269,-5,6,1,0,-3,-2,-4,4
11895,11895,1503612538276,-1,3,-1,-2,-2,-2,-1,-2
11896,11896,1503612538291,4,18,5,2,-2,-2,-6,-9
11897,11897,1503612538298,-8,-20,-6,-4,-3,0,-2,5
11898,11898,1503612538306,-3,1,-1,-2,0,-1,-2,-6
11899,11899,1503612538321,-5,7,-1,0,-1,-1,1,-56
11900,11900,1503612538329,8,1,-1,-3,-3,0,2,1
11901,11901,1503612538336,-4,-10,-2,-2,1,2,5,22
11902,11902,1503612538351,-6,11,0,-1,0,-1,1,-7
11903,11903,1503612538358,3,-1,-3,0,-3,-3,-11,7
11904,11904,1503612538366,-1,-9,-3,0,0,-3,-1,6
11905,11905,1503612538381,6,9,3,2,1,-3,-3,20
11906,11906,1503612538389,2,-6,2,-1,-2,2,-2,3
11907,11907,1503612538396,-2,2,1,-3,-2,-1,-1,-4
11908,11908,1503612538411,-1,-9,-2,-1,0,-1,-3,-3
11909,11909,1503612538418,13,-1,2,0,-2,0,3,16
11910,11910,1503612538427,-19,18,7,1,2,1,-7,-8
11911,11911,1503612538441,1,1,0,-2,0,-1,1,7
11912,11912,1503612538449,-6,1,4,1,1,-2,2,-2
11913,11913,1503612538456,-3,-1,-1,2,1,2,-3,-4
11914,11914,1503612538471,-8,-4,-3,0,-2,0,-3,1
11915,11915,1503612538478,1,1,1,0,0,1,4,7
11916,11916,1503612538486,6,-10,-5,-2,-2,-3,-1,1
11917,11917,1503612538501,-7,-1,-2,0,-2,0,3,2
11918,11918,1503612538509,5,13,3,1,-1,2,-2,-6
11919,11919,1503612538516,11,0,2,1,0,0,4,53
11920,11920,1503612538531,-12,-11,-5,-3,0,-1,0,-3
11921,11921,1503612538538,3,4,0,-1,-1,0,0,-3
11922,11922,1503612538546,-7,-10,-2,-2,0,-1,0,-5
11923,11923,1503612538563,1,-1,-4,-1,-2,-1,2,-10
11924,11924,1503612538569,6,-1,-2,-2,-2,-3,-1,-19
11925,11925,1503612538576,-3,1,0,-3,1,-1,-3,-10
11926,11926,1503612538591,4,0,0,1,0,0,2,8
11927,11927,1503612538599,4,11,2,0,0,-2,-2,-7
11928,11928,1503612538606,3,-6,-5,-2,0,-1,-5,-1
11929,11929,1503612538621,-8,-13,-4,-2,0,-2,1,-7
11930,11930,1503612538630,3,-12,-2,0,-1,-2,4,2
11931,11931,1503612538636,-4,-18,-4,-3,-3,-1,-4,-7
11932,11932,1503612538651,1,5,0,-2,-2,-2,-2,3
11933,11933,1503612538658,-1,5,2,2,-1,0,-2,-2
11934,11934,1503612538666,4,0,-1,0,-1,-3,-3,-1
11935,11935,1503612538681,8,2,-3,0,-1,-1,-11,-5
11936,11936,1503612538689,2,4,0,-1,0,0,1,2
11937,11937,1503612538697,23,3,-3,-2,-1,-1,5,1
11938,11938,1503612538711,-6,5,-1,-2,-1,-2,-3,1
11939,11939,1503612538719,-9,0,0,0,1,0,-3,-2
11940,11940,1503612538726,3,-1,-1,-1,0,0,4,0
11941,11941,1503612538741,-6,12,6,1,-3,0,-2,-6
11942,11942,1503612538757,-9,-5,0,0,0,-2,-3,0
11943,11943,1503612538771,5,-4,-3,1,-1,0,2,-3
11944,11944,1503612538778,-10,-2,-1,-1,0,-1,3,5
11945,11945,1503612538786,-3,-1,2,1,0,0,-4,-3
11946,11946,1503612538801,0,-1,-2,-2,-1,-1,2,-2
11947,11947,1503612538809,-6,-2,-1,-1,-2,-1,0,-4
11948,11948,1503612538816,0,5,5,1,-1,1,0,7
11949,11949,1503612538832,1,4,2,0,0,0,-1,1
11950,11950,1503612538838,12,-10,-7,0,-2,-1,5,0
11951,11951,1503612538846,1,5,-3,-2,-1,-1,-6,-4
11952,11952,1503612538861,-6,2,0,0,0,2,4,-4
11953,11953,1503612538869,-12,3,-2,-1,2,-1,1,6
11954,11954,1503612538876,2,6,2,-1,-1,-3,-7,2
11955,11955,1503612538891,7,27,7,0,0,2,6,5
11956,11956,1503612538899,-5,-6,-4,-3,-1,1,-1,-1
11957,11957,1503612538907,-2,-13,-4,-2,-2,-1,-9,-3
11958,11958,1503612538921,1,13,2,1,-3,-2,-3,-6
11959,11959,1503612538929,3,-7,-2,-1,-2,0,2,3
11960,11960,1503612538936,-4,-9,-2,-1,-1,-2,-4,0
11961,11961,1503612538951,3,-5,0,-2,-1,-3,3,-2
11962,11962,1503612538958,-9,-8,-1,-2,1,1,-4,-2
11963,11963,1503612538966,-1,-5,1,2,-1,1,3,1
11964,11964,1503612538981,3,-5,-2,-1,0,-4,-2,-11
11965,11965,1503612538989,3,-10,-4,0,0,-2,-5,-5
11966,11966,1503612538996,0,-2,1,-1,-1,1,-3,1
11967,11967,1503612539011,-1,-7,-3,-3,-2,0,-7,-7
11968,11968,1503612539018,-2,-9,-6,-2,-1,0,2,4
11969,11969,1503612539026,-6,2,-3,1,-1,-2,-3,0
11970,11970,1503612539042,-17,2,1,-3,-3,-1,3,-1
11971,11971,1503612539049,2,-2,-1,0,0,1,0,-3
11972,11972,1503612539056,5,1,0,1,0,-1,6,13
11973,11973,1503612539071,-2,-1,-3,-1,-1,-2,1,7
11974,11974,1503612539078,-3,-2,-1,-1,1,-2,-5,-8
11975,11975,1503612539094,0,-4,-2,-3,-2,0,-1,1
11976,11976,1503612539101,2,-7,-2,-1,-2,0,-1,-6
11977,11977,1503612539109,4,-10,-5,-1,1,-1,-2,-1
11978,11978,1503612539116,-4,18,2,-3,0,-2,2,2
11979,11979,1503612539131,-1,2,0,2,0,0,0,-3
11980,11980,1503612539138,3,1,-3,0,-1,-4,-10,-5
11981,11981,1503612539153,-5,-7,0,-5,-2,-2,6,5
11982,11982,1503612539161,1,1,3,0,0,-2,-5,-2
11983,11983,1503612539169,4,-9,-6,0,-1,1,-1,0
11984,11984,1503612539183,3,0,0,1,0,-1,3,4
11985,11985,1503612539191,2,7,2,-1,-2,-1,1,0
11986,11986,1503612539198,-2,1,0,2,1,0,-1,-5
11987,11987,1503612539213,-7,3,3,-1,-2,-3,0,-4
11988,11988,1503612539221,-7,-11,-1,-2,0,-1,1,-1
11989,11989,1503612539229,0,-5,-1,0,0,0,-3,-2
11990,11990,1503612539243,7,5,-1,-1,-3,-1,-1,-1
11991,11991,1503612539251,-8,-8,-2,-1,-3,-2,-3,-1
11992,11992,1503612539258,-12,-10,-1,-3,-2,-2,1,2
11993,11993,1503612539273,-3,4,2,0,1,2,-2,-2
11994,11994,1503612539281,0,1,-2,0,1,0,-2,1
11995,11995,1503612539289,1,1,0,1,10,-1,-2,0
11996,11996,1503612539303,4,-2,1,3,5,1,2,-2
11997,11997,1503612539311,4,13,2,-1,-1,2,3,2
11998,11998,1503612539318,-7,1,-1,-3,-4,-1,0,0
11999,11999,1503612539335,1,1,-3,-2,-5,-8,-8,-5
12000,12000,1503612539341,4,-9,-7,-2,-5,-2,-4,-3
12001,12001,1503612539349,9,8,-1,-2,1,-1,-1,1
12002,12002,1503612539362,-6,-7,-5,-3,-3,-2,-5,-5
12003,12003,1503612539371,-4,-8,-3,-4,-4,-1,1,-6
12004,12004,1503612539378,2,-6,-3,-4,-8,1,2,-1
12005,12005,1503612539393,5,13,1,3,-5,-1,-1,2
12006,12006,1503612539403,-1,9,1,-1,1,2,5,-2
12007,12007,1503612539409,-1,-2,1,-3,-3,-3,-10,2
12008,12008,1503612539423,9,17,3,3,3,-1,0,4
12009,12009,1503612539431,-5,-6,-3,0,1,1,8,-4
12010,12010,1503612539439,-10,-5,-3,0,3,0,-3,-3
12011,12011,1503612539454,-3,1,1,0,-2,-2,-3,0
12012,12012,1503612539461,2,-3,-3,1,6,-2,1,3
12013,12013,1503612539469,-19,7,2,-1,1,-2,-3,5
12014,12014,1503612539483,3,8,7,-3,-5,0,-2,2
12015,12015,1503612539491,7,-5,0,0,3,3,3,2
12016,12016,1503612539498,-3,-1,-1,0,2,-2,3,-1
12017,12017,1503612539513,-2,-6,-2,-1,-3,0,-1,-4
12018,12018,1503612539521,-8,-16,-2,-1,-2,-1,0,-1
12019,12019,1503612539529,-3,-6,-1,-1,0,-2,-2,-4
12020,12020,1503612539543,5,-1,-2,-2,-3,-1,2,1
12021,12021,1503612539551,1,12,1,1,-3,-1,-6,-2
12022,12022,1503612539558,0,5,-1,0,-1,0,-3,4
12023,12023,1503612539576,6,4,3,0,1,0,10,4
12024,12024,1503612539581,5,-9,-2,0,-1,0,0,-3
12025,12025,1503612539589,-1,-9,-2,2,1,1,1,2
12026,12026,1503612539605,-1,2,0,-1,1,-2,-3,0
12027,12027,1503612539612,-2,7,0,-3,-2,-3,-5,-3
12028,12028,1503612539618,-4,1,-2,-2,1,0,2,-6
12029,12029,1503612539633,7,19,1,-3,-2,0,1,-6
12030,12030,1503612539644,1,-1,-2,-1,-4,0,2,-2
12031,12031,1503612539649,-5,-17,-5,-2,1,1,-2,-2
12032,12032,1503612539663,-1,-2,-1,1,-2,-2,3,0
12033,12033,1503612539672,5,-4,3,2,-1,1,2,-1
12034,12034,1503612539679,10,12,3,-1,1,2,9,9
12035,12035,1503612539693,6,-7,-5,-4,-2,-2,-4,23
12036,12036,1503612539701,-3,-6,-3,-1,1,-2,-6,0
12037,12037,1503612539710,-2,1,1,-1,1,-1,-1,3
12038,12038,1503612539723,-6,-11,-6,-1,-1,1,-1,4
12039,12039,1503612539731,-7,-5,0,1,1,0,-1,-14
12040,12040,1503612539740,-3,12,4,1,-1,-4,-1,-10
12041,12041,1503612539753,-4,-2,0,0,-3,1,2,-2
12042,12042,1503612539761,-1,-2,-3,-1,-1,-2,-5,-1
12043,12043,1503612539769,-1,-2,-4,-3,-1,-1,0,-3
12044,12044,1503612539783,2,-6,-2,-2,-1,0,-3,-3
12045,12045,1503612539791,-5,9,0,1,1,-6,-3,-35
12046,12046,1503612539806,-1,16,5,0,0,-1,-3,0
12047,12047,1503612539814,-14,20,7,0,0,4,-7,1
12048,12048,1503612539821,-3,-12,-9,-7,-7,-2,6,-1
12049,12049,1503612539829,-1,-12,-5,-1,-3,-1,-2,3
12050,12050,1503612539843,-3,-2,-2,0,0,2,2,2
12051,12051,1503612539851,3,-9,-4,-1,-4,-1,2,5
12052,12052,1503612539858,1,2,0,0,1,-2,1,0
12053,12053,1503612539874,0,-8,-2,-5,0,-2,-2,-9
12054,12054,1503612539881,-7,2,4,-1,1,1,-8,-13
12055,12055,1503612539889,1,-10,-5,-2,-3,-2,-9,0
12056,12056,1503612539910,-1,-10,-4,-1,-1,-2,-7,17
12057,12057,1503612539912,2,-7,-2,0,1,-1,6,10
12058,12058,1503612539918,-5,0,-1,0,0,-3,-2,-5
12059,12059,1503612539933,0,5,5,0,1,-1,1,4
12060,12060,1503612539941,9,2,-1,-2,-3,-1,1,1
12061,12061,1503612539949,-1,-8,-9,0,-4,0,3,0
12062,12062,1503612539963,1,10,2,1,1,2,0,-6
12063,12063,1503612539972,0,-6,-2,-3,-2,1,4,22
12064,12064,1503612539978,-3,-2,-3,0,1,-1,3,-6
12065,12065,1503612539993,-1,-6,-1,1,-1,-1,0,10
12066,12066,1503612540001,6,-2,3,3,-1,1,-2,3
12067,12067,1503612540009,1,-3,-1,-3,0,-1,-1,11
12068,12068,1503612540023,-4,-10,-9,-2,0,-2,1,-6
12069,12069,1503612540031,-10,-8,-1,0,-1,-3,-7,-19
12070,12070,1503612540041,3,5,3,0,1,2,-6,7
12071,12071,1503612540053,3,8,-3,0,-1,-1,1,-6
12072,12072,1503612540061,0,1,-1,-1,-1,-1,1,-10
12073,12073,1503612540077,-3,-6,-3,-3,-3,-2,-4,-10
12074,12074,1503612540083,11,-7,-5,-4,1,2,2,9
12075,12075,1503612540091,7,3,-5,-3,-3,0,3,-7
12076,12076,1503612540107,-4,-2,3,1,-1,0,0,0
12077,12077,1503612540115,-2,-5,2,3,2,3,-1,4
12078,12078,1503612540121,-3,-5,-2,-4,-2,-2,-8,8
12079,12079,1503612540136,-1,-1,0,2,2,-2,5,10
12080,12080,1503612540144,-22,6,1,2,-3,-2,0,-31
12081,12081,1503612540151,5,6,6,2,5,0,-1,-6
12082,12082,1503612540165,-5,-6,0,-1,0,0,-5,2
12083,12083,1503612540176,-10,2,2,0,-1,0,2,-24
12084,12084,1503612540181,0,1,0,0,1,0,-2,-1
12085,12085,1503612540182,14,0,3,3,4,-1,-1,-5
12086,12086,1503612540196,-2,-12,-2,-1,-1,-3,-10,-4
12087,12087,1503612540203,-19,-9,-2,-1,0,1,-2,-4
12088,12088,1503612540212,4,0,-5,-4,-1,2,2,26
12089,12089,1503612540225,-7,-3,-6,-6,-5,-2,2,-17
12090,12090,1503612540233,0,1,2,-2,-3,-1,-2,-8
12091,12091,1503612540242,6,1,-5,-5,-4,0,5,9
12092,12092,1503612540257,-5,17,6,1,-3,-3,0,-11
12093,12093,1503612540263,-10,18,7,5,2,-1,-3,-5
12094,12094,1503612540271,-1,-5,-3,0,1,-1,-2,-8
12095,12095,1503612540285,-2,-11,-4,-2,-3,-3,-8,5
12096,12096,1503612540293,1,-1,6,1,1,-4,-7,2
12097,12097,1503612540301,4,-7,-4,-1,0,-1,4,-1
12098,12098,1503612540316,3,0,-5,-5,-1,1,2,0
12099,12099,1503612540323,2,3,4,2,1,-1,-4,0
12100,12100,1503612540331,4,0,-5,-5,-5,-1,0,14
12101,12101,1503612540345,-22,23,4,2,-1,-2,-5,-8
12102,12102,1503612540353,2,-6,-4,-1,-1,1,3,-1
12103,12103,1503612540360,15,-10,-6,-1,1,-1,1,5
12104,12104,1503612540377,-9,1,-2,-1,-1,-2,0,-4
12105,12105,1503612540384,5,-8,-3,-2,-2,-1,1,3
12106,12106,1503612540391,12,-6,-5,-1,0,2,0,3
12107,12107,1503612540405,11,-6,-4,-4,1,4,2,3
12108,12108,1503612540413,0,-5,-2,0,-3,-1,0,4
12109,12109,1503612540421,0,4,-1,-1,-2,-2,1,2
12110,12110,1503612540436,-2,1,2,2,1,-1,-10,-6
12111,12111,1503612540443,9,10,7,2,-1,0,6,1
12112,12112,1503612540452,-15,11,6,1,-1,-2,-3,-9
12113,12113,1503612540465,-8,-5,-1,0,0,-1,-1,34
12114,12114,1503612540473,2,-3,-3,-3,-2,-2,-3,-5
12115,12115,1503612540481,-4,2,-2,-1,0,0,-1,-6
12116,12116,1503612540496,6,-6,-5,-1,-2,-1,0,-10
12117,12117,1503612540503,0,2,-3,-1,-4,-4,-2,-53
12118,12118,1503612540511,14,25,4,0,3,-2,-2,-13
12119,12119,1503612540525,-2,-1,3,-1,-2,-1,0,3
12120,12120,1503612540533,-7,-12,-3,-3,0,-1,3,-1
12121,12121,1503612540541,13,9,0,-1,0,-2,2,27
12122,12122,1503612540556,0,0,-1,1,1,1,-1,21
12123,12123,1503612540563,1,-15,-2,0,-1,0,5,7
12124,12124,1503612540571,-8,5,1,1,0,1,1,-7
12125,12125,1503612540585,-4,-3,-1,-3,1,-1,2,-3
12126,12126,1503612540593,5,-25,-10,-3,-2,1,0,-1
12127,12127,1503612540601,-4,0,-1,-1,-2,0,-4,-21
12128,12128,1503612540617,-3,-3,-1,-1,0,2,-2,2
12129,12129,1503612540623,-1,0,-1,0,0,-2,-5,23
12130,12130,1503612540631,1,1,-1,-3,-1,-2,4,-3
12131,12131,1503612540645,2,6,2,-1,2,2,-5,-6
12132,12132,1503612540653,-2,0,0,0,0,-1,1,34
12133,12133,1503612540661,0,-2,1,1,0,-1,-1,1
12134,12134,1503612540677,-10,15,6,-1,-1,-1,2,1
12135,12135,1503612540683,4,2,-3,-2,-1,0,-2,-4
12136,12136,1503612540691,-1,0,2,-1,-2,-2,0,-10
12137,12137,1503612540705,-1,-3,2,-2,-2,0,-2,-6
12138,12138,1503612540713,0,3,-1,-1,0,-1,-3,-3
12139,12139,1503612540721,3,-2,-4,-1,-2,-4,-4,-2
12140,12140,1503612540736,7,1,-2,-1,1,-1,0,-6
12141,12141,1503612540745,-3,-3,0,0,-3,-2,-3,-2
12142,12142,1503612540751,-7,1,1,1,1,-1,1,0
12143,12143,1503612540767,-4,-1,-2,-2,-2,-2,0,-2
12144,12144,1503612540773,17,-6,-2,1,-2,-1,0,-1
12145,12145,1503612540781,6,8,2,2,1,1,-1,-6
12146,12146,1503612540796,1,2,0,-1,-2,0,-1,-2
12147,12147,1503612540803,-3,-2,-1,0,-1,-1,-2,-1
12148,12148,1503612540817,-1,1,0,-1,0,0,-1,0
12149,12149,1503612540825,-6,-2,-1,-2,1,-1,0,2
12150,12150,1503612540833,-5,-3,0,-1,-2,-1,-2,-1
12151,12151,1503612540841,-3,-4,1,0,-2,-1,-3,-2
12152,12152,1503612540856,-3,0,0,2,-1,-2,-4,-1
12153,12153,1503612540863,0,-3,-5,-2,-3,-1,3,1
12154,12154,1503612540871,-18,-3,-1,1,1,-1,-3,-7
12155,12155,1503612540885,-6,-7,0,2,0,-2,-3,-4
12156,12156,1503612540893,-1,-1,-3,-2,-2,-1,-1,0
12157,12157,1503612540901,-2,-8,-3,-3,-1,0,0,-4
12158,12158,1503612540916,8,-6,-4,-1,-2,1,-1,1
12159,12159,1503612540923,-2,-4,3,-1,-2,0,1,6
12160,12160,1503612540931,2,-8,-4,-1,0,-2,2,-4
12161,12161,1503612540947,0,1,-3,0,1,-2,0,2
12162,12162,1503612540953,8,17,4,-2,-2,1,-1,-1
12163,12163,1503612540960,21,6,1,-1,0,2,0,5
12164,12164,1503612540976,-6,-5,-3,-4,-1,-3,1,-3
12165,12165,1503612540983,-4,2,-2,-1,1,-1,-2,-3
12166,12166,1503612540998,0,-2,1,1,-1,0,-2,-4
12167,12167,1503612541005,-2,-2,-1,0,-3,0,0,-3
12168,12168,1503612541013,-8,1,1,2,0,-1,0,-2
12169,12169,1503612541027,-2,-2,0,-2,-3,-1,-2,1
12170,12170,1503612541035,-6,-10,-8,-3,0,-1,-3,-1
12171,12171,1503612541043,14,2,0,-1,0,-1,-3,0
12172,12172,1503612541058,-2,8,4,-3,1,3,-2,-6
12173,12173,1503612541065,9,-5,-5,-2,0,0,-1,3
12174,12174,1503612541073,-4,0,0,-1,-1,-3,-1,0
12175,12175,1503612541087,-6,3,-2,0,-1,0,1,0
12176,12176,1503612541095,-4,-2,-3,-1,-2,1,-1,2
12177,12177,1503612541096,2,0,1,-1,0,0,1,2
12178,12178,1503612541103,-6,-4,-1,-1,2,-2,-2,-5
12179,12179,1503612541118,-10,-4,-3,0,-3,-3,0,-2
12180,12180,1503612541125,-3,1,2,1,-1,1,0,-2
12181,12181,1503612541133,5,-4,-2,0,1,0,-1,1
12182,12182,1503612541149,-4,-4,-3,-2,0,-1,-1,-1
12183,12183,1503612541157,2,5,4,-1,-3,1,-1,2
12184,12184,1503612541163,-11,6,2,2,0,1,-1,-2
12185,12185,1503612541178,-7,-5,-3,0,-1,-2,1,2
12186,12186,1503612541186,-8,-2,-1,-2,-1,-2,0,1
12187,12187,1503612541193,2,0,0,-1,-1,-4,-1,-2
12188,12188,1503612541207,4,-1,-2,0,-1,1,2,-1
12189,12189,1503612541217,-9,-6,-3,-2,-1,0,-5,-6
12190,12190,1503612541223,-2,-3,0,-2,-2,-3,-5,-7
12191,12191,1503612541238,6,4,1,1,0,-2,0,2
12192,12192,1503612541245,-6,3,3,-4,-2,-1,-2,0
12193,12193,1503612541253,-7,-3,2,0,-3,1,0,-5
12194,12194,1503612541267,-10,-1,-2,1,-1,-2,-1,-1
12195,12195,1503612541268,9,6,0,-1,-1,-2,-1,0
12196,12196,1503612541276,2,0,-1,-1,-2,-1,-1,2
12197,12197,1503612541284,-4,-4,-1,1,-3,0,-2,1
12198,12198,1503612541298,5,-1,-2,-2,0,-3,-1,-1
12199,12199,1503612541305,5,-2,-1,-2,1,-1,0,2
12200,12200,1503612541313,13,-5,-1,-1,-2,2,1,3
12201,12201,1503612541327,5,6,1,-3,0,-1,-2,-3
12202,12202,1503612541328,-1,-8,-3,-2,1,-3,-1,-6
12203,12203,1503612541336,-5,-3,-4,-1,-1,-3,-5,-5
12204,12204,1503612541343,-7,0,0,-1,0,-1,-2,-1
12205,12205,1503612541358,-5,-1,-2,0,-1,-1,-1,4
12206,12206,1503612541365,-2,-2,-1,0,-3,2,2,0
12207,12207,1503612541373,-5,-4,-1,-1,-1,0,3,-1
12208,12208,1503612541387,19,32,7,2,2,0,1,8
12209,12209,1503612541396,-15,0,-4,-2,-1,-2,-3,-1
12210,12210,1503612541403,-5,-12,-5,-1,0,-1,-2,0
12211,12211,1503612541418,4,1,-1,0,-1,0,1,0
12212,12212,1503612541425,-3,-7,-1,0,-1,-2,0,-1
12213,12213,1503612541433,-6,-4,-3,-3,1,-1,-1,-2
12214,12214,1503612541449,-6,-6,-4,-2,-1,-2,0,-3
12215,12215,1503612541456,-6,0,0,0,-2,1,-1,0
12216,12216,1503612541463,-8,-3,0,0,-1,-2,-3,-4
12217,12217,1503612541478,3,6,2,1,0,-1,-2,1
12218,12218,1503612541485,15,13,3,0,-1,1,1,2
12219,12219,1503612541493,19,-6,-1,-2,-2,0,2,-1
12220,12220,1503612541507,2,7,5,0,2,-1,0,-1
12221,12221,1503612541517,12,3,0,-1,1,0,-2,-1
12222,12222,1503612541523,6,-5,1,-2,-1,0,-1,-1
12223,12223,1503612541538,-2,-7,-3,-1,0,-5,-1,0
12224,12224,1503612541545,-28,-6,-4,-2,-2,-3,-2,-7
12225,12225,1503612541553,-3,0,-3,-2,1,-1,-2,0
12226,12226,1503612541567,1,1,-1,-1,-1,1,-2,-4
12227,12227,1503612541576,11,3,2,-1,-1,1,1,2
12228,12228,1503612541584,14,5,5,3,2,-3,1,1
12229,12229,1503612541598,-6,13,8,0,-2,0,3,2
12230,12230,1503612541605,-6,-6,-5,-3,-3,0,0,1
12231,12231,1503612541613,-3,-2,-3,0,0,0,-1,-4
12232,12232,1503612541627,-2,-5,-5,1,-2,-3,-4,-4
12233,12233,1503612541635,3,-3,-3,-1,1,-3,1,1
12234,12234,1503612541652,-2,0,-2,0,0,0,-4,-2
12235,12235,1503612541659,-15,-15,-7,-4,-2,-2,-9,-9
12236,12236,1503612541665,-13,-3,2,-3,1,0,2,2
12237,12237,1503612541673,6,-2,-1,0,-1,0,4,4
12238,12238,1503612541688,-1,-2,-2,-1,0,1,-3,-2
12239,12239,1503612541696,2,0,0,-3,-11,-1,-2,-4
12240,12240,1503612541704,1,-3,-3,-6,0,-2,1,-1
12241,12241,1503612541718,0,7,2,1,4,1,-3,-2
12242,12242,1503612541725,0,-4,0,0,0,-3,-4,-2
12243,12243,1503612541733,-7,-9,-5,-1,-2,-1,0,-6
12244,12244,1503612541747,2,-2,-4,-1,-4,-2,-3,-3
12245,12245,1503612541756,-3,0,-1,2,5,1,-1,1
12246,12246,1503612541763,9,2,2,-1,-3,0,3,4
12247,12247,1503612541778,-4,2,1,1,3,-1,-4,0
12248,12248,1503612541785,-14,-1,1,2,2,2,1,-1
12249,12249,1503612541794,17,-2,-2,-2,-2,0,6,2
12250,12250,1503612541807,0,5,3,3,-1,-1,-2,-3
12251,12251,1503612541816,7,0,-3,-4,-10,-4,0,-2
12252,12252,1503612541823,-5,-9,-6,-2,3,-2,1,3
12253,12253,1503612541838,5,-3,-2,-2,-5,-1,-1,1
12254,12254,1503612541845,1,0,1,-1,-2,-1,-7,-4
12255,12255,1503612541853,-4,-1,-3,0,5,-1,-6,1
12256,12256,1503612541867,-1,-2,-4,-1,2,0,2,0
12257,12257,1503612541876,-12,0,0,1,2,-1,1,-8
12258,12258,1503612541883,-5,-5,-2,0,-1,1,-2,-8
12259,12259,1503612541898,2,-6,-3,-5,-7,-4,-5,1
12260,12260,1503612541905,1,-5,-4,-3,-3,-3,5,1
12261,12261,1503612541913,-10,21,11,3,2,0,0,1
12262,12262,1503612541929,7,2,1,1,-3,1,-4,14
12263,12263,1503612541935,-12,-2,2,2,5,1,11,-17
12264,12264,1503612541936,-5,-9,-4,-3,1,0,2,-3
12265,12265,1503612541953,-1,-1,0,-3,-3,-2,-3,-7
12266,12266,1503612541954,-4,4,1,3,2,-2,6,-3
12267,12267,1503612541958,0,2,-3,-1,-3,0,3,2
12268,12268,1503612541973,-1,-8,-3,-3,0,2,6,1
12269,12269,1503612541980,0,6,2,0,1,-3,-2,-9
12270,12270,1503612541981,14,-14,-11,-3,1,-2,-3,5
12271,12271,1503612541989,-2,-6,-3,-4,-3,-1,-2,-4
12272,12272,1503612541996,-7,-1,2,0,0,3,-2,-4
12273,12273,1503612542011,-6,1,-1,0,-6,-2,1,43
12274,12274,1503612542020,1,-1,1,3,2,2,6,2
12275,12275,1503612542034,23,6,2,2,-1,1,-4,12
12276,12276,1503612542040,-1,7,8,2,0,-2,-2,-10
12277,12277,1503612542049,-8,6,1,-3,-1,-3,-3,-10
12278,12278,1503612542056,-4,-4,-2,1,5,-1,-1,-4
12279,12279,1503612542071,1,-2,-2,0,2,-4,-9,-22
12280,12280,1503612542078,-11,0,0,-1,-3,1,0,3
12281,12281,1503612542094,-7,1,0,-2,-2,-2,2,-8
12282,12282,1503612542101,-7,-4,-2,-1,-2,-1,2,18
12283,12283,1503612542109,3,-2,-4,-3,0,0,4,-3
12284,12284,1503612542116,-4,-17,-4,-4,1,-1,-1,-4
12285,12285,1503612542131,9,2,3,2,-3,1,-5,-11
12286,12286,1503612542138,5,-5,-4,-2,-1,-3,-5,-8
12287,12287,1503612542146,4,-7,-7,-3,2,-1,-5,-8
12288,12288,1503612542161,-2,8,4,2,1,-2,-1,-6
12289,12289,1503612542169,-4,-6,1,-2,1,0,-1,8
12290,12290,1503612542171,-10,0,-1,-2,-6,-1,-2,-4
12291,12291,1503612542176,-2,7,0,-6,-10,-2,1,-2
12292,12292,1503612542192,-7,-4,3,1,-1,3,2,4
12293,12293,1503612542198,-3,-2,0,0,-1,0,-5,-2
12294,12294,1503612542213,6,0,-3,-1,2,-2,3,-3
12295,12295,1503612542222,10,8,3,2,2,0,-1,0
12296,12296,1503612542229,-16,-2,-2,-2,1,-3,-3,-9
12297,12297,1503612542236,6,2,1,2,10,1,8,7
12298,12298,1503612542251,5,2,1,0,7,0,4,10
12299,12299,1503612542259,-5,-1,-1,3,5,-2,-5,-1
12300,12300,1503612542274,0,-7,-7,0,-2,1,1,1
12301,12301,1503612542281,-8,4,3,-2,-3,-2,-2,-3
12302,12302,1503612542289,-8,-5,-2,-3,-2,-2,-1,-1
12303,12303,1503612542296,-2,-7,-6,-4,-6,-3,-4,-5
12304,12304,1503612542311,4,-1,-2,3,7,3,3,-1
12305,12305,1503612542318,6,5,-1,-2,-3,0,-4,8
12306,12306,1503612542334,7,5,1,-3,-6,-2,-2,1
12307,12307,1503612542341,-5,6,2,0,1,0,-6,-13
12308,12308,1503612542349,5,5,0,0,-2,-2,-3,7
12309,12309,1503612542357,-1,-4,1,-2,-3,-2,-1,-12
12310,12310,1503612542371,-8,-6,-2,1,0,-2,-1,-5
12311,12311,1503612542378,-20,-5,-3,0,0,3,3,8
12312,12312,1503612542394,-3,2,-1,-3,-3,0,-3,-1
12313,12313,1503612542401,3,-1,3,2,-2,-2,-4,2
12314,12314,1503612542408,0,-5,1,-1,-3,-2,-4,6
12315,12315,1503612542416,22,3,0,-2,-2,0,1,-6
12316,12316,1503612542432,30,3,0,-4,-2,-3,2,0
12317,12317,1503612542438,2,-3,-1,1,1,-1,6,10
12318,12318,1503612542454,-10,3,-1,2,2,-1,5,1
12319,12319,1503612542461,-2,2,-3,-3,1,-1,-4,-7
12320,12320,1503612542469,-20,-11,-6,-5,-4,-1,-8,-12
12321,12321,1503612542477,-4,-1,-2,-2,2,-4,2,-2
12322,12322,1503612542497,-7,-3,-3,-1,0,1,1,-1
12323,12323,1503612542499,2,-1,3,0,-2,-1,2,2
12324,12324,1503612542514,0,2,3,2,-1,1,4,6
12325,12325,1503612542521,-9,-1,-5,-4,-3,0,-4,-20
12326,12326,1503612542529,-10,2,-1,0,0,-1,3,4
12327,12327,1503612542536,2,-13,-5,1,-1,-1,3,2
12328,12328,1503612542551,13,0,4,-2,-1,-3,-7,-12
12329,12329,1503612542560,-7,-1,-1,-4,-1,-1,1,-1
12330,12330,1503612542566,-17,4,4,-2,-2,-2,-2,-3
12331,12331,1503612542581,5,2,-2,2,-1,-1,-3,3
12332,12332,1503612542591,-1,-3,-2,1,4,3,-3,-5
12333,12333,1503612542597,5,3,1,0,-4,-1,1,6
12334,12334,1503612542611,2,2,2,-4,-16,0,2,3
12335,12335,1503612542618,-15,-4,-1,1,0,0,-3,-5
12336,12336,1503612542635,-6,-1,-5,-2,-5,1,1,-5
12337,12337,1503612542641,-5,0,0,-2,-2,-2,-4,4
12338,12338,1503612542649,8,0,0,-1,5,-2,0,1
12339,12339,1503612542656,5,2,1,-1,2,-1,-4,-2
12340,12340,1503612542671,0,-9,-7,-1,4,-1,-8,-9
12341,12341,1503612542678,-10,0,1,-2,-8,2,1,-32
12342,12342,1503612542694,-2,-2,-1,0,2,-3,-5,-2
12343,12343,1503612542701,-2,0,-1,-1,-2,1,0,6
12344,12344,1503612542709,-2,11,8,1,0,0,3,-5
12345,12345,1503612542716,6,3,-1,3,3,1,-6,11
12346,12346,1503612542732,-5,-12,-2,0,2,-2,-6,-3
12347,12347,1503612542738,-1,4,-2,-2,2,-1,4,-3
12348,12348,1503612542746,0,2,-1,-3,-3,-3,6,28
12349,12349,1503612542762,1,-2,0,-2,0,0,-1,8
12350,12350,1503612542769,-12,-5,0,0,0,1,4,-13
12351,12351,1503612542776,6,17,2,1,1,1,3,11
12352,12352,1503612542793,11,12,-6,-2,-2,-2,-6,1
12353,12353,1503612542798,-3,2,7,4,2,-1,-5,-6
12354,12354,1503612542799,-4,-5,-5,-3,-4,-2,-2,-34
12355,12355,1503612542814,-22,-5,-4,-1,-1,-1,-2,-10
12356,12356,1503612542820,3,-3,-1,0,1,-2,-2,7
12357,12357,1503612542829,4,0,0,-1,1,2,6,10
12358,12358,1503612542836,-1,-6,0,2,5,1,1,3
12359,12359,1503612542851,7,9,9,2,0,1,-5,-8
12360,12360,1503612542860,9,-6,-2,-4,-3,-2,0,6
12361,12361,1503612542874,9,-1,-1,0,0,-4,-3,0
12362,12362,1503612542881,-1,0,0,0,-5,-2,1,4
12363,12363,1503612542888,5,-4,-6,-5,-2,-2,-3,-4
12364,12364,1503612542903,-5,-7,-4,-4,1,-3,0,0
12365,12365,1503612542918,4,-4,2,3,-3,0,1,-1
12366,12366,1503612542919,3,2,0,-2,-1,-4,1,2
12367,12367,1503612542934,-4,0,-1,-2,0,3,-1,-5
12368,12368,1503612542940,11,-9,-3,-2,-4,-1,2,3
12369,12369,1503612542941,-5,4,-2,0,-1,0,-5,-2
12370,12370,1503612542949,-1,1,-2,0,1,0,-1,-6
12371,12371,1503612542963,17,2,1,-1,-6,0,-1,3
12372,12372,1503612542971,-4,-1,0,0,-2,-2,-1,-3
12373,12373,1503612542978,2,-3,0,1,-2,-2,-1,-4
12374,12374,1503612542994,-2,-6,-5,1,8,0,7,3
12375,12375,1503612543001,-11,-4,0,2,-1,2,0,2
12376,12376,1503612543009,2,-1,-2,-2,-3,0,6,5
12377,12377,1503612543023,-1,0,-2,-1,4,1,1,1
12378,12378,1503612543038,-4,2,0,-2,-5,-3,0,-5
12379,12379,1503612543039,-3,-3,0,2,2,-5,-10,-6
12380,12380,1503612543054,-1,-5,-1,-3,-2,-2,-1,-3
12381,12381,1503612543062,-8,-9,-9,-6,-3,-2,-1,-15
12382,12382,1503612543070,-4,12,4,2,-2,-1,-7,-53
12383,12383,1503612543083,-4,8,1,-3,-1,-3,-1,-8
12384,12384,1503612543091,11,-7,-2,-3,1,0,-1,23
12385,12385,1503612543099,-8,-11,0,2,1,-1,0,-9
12386,12386,1503612543114,-9,36,14,2,-1,0,-5,-10
12387,12387,1503612543121,19,18,2,0,0,4,7,36
12388,12388,1503612543129,1,2,-6,-2,-1,-1,-4,-3
12389,12389,1503612543130,2,-15,-9,-1,0,0,0,15
12390,12390,1503612543143,-13,2,2,0,1,-1,-1,8
12391,12391,1503612543152,0,-12,-6,0,-2,-3,-1,3
12392,12392,1503612543158,7,-15,-3,-2,-2,2,1,-2
12393,12393,1503612543174,-4,-35,-13,-3,-1,-2,0,6
12394,12394,1503612543181,6,4,0,-3,-2,-1,-1,52
12395,12395,1503612543189,-4,-6,-5,-1,0,1,-4,13
12396,12396,1503612543204,-21,-3,4,2,0,0,1,-44
12397,12397,1503612543211,7,5,2,-1,0,-2,1,26
12398,12398,1503612543218,-11,-1,0,-1,-1,-3,-3,-13
12399,12399,1503612543234,-10,-2,0,-2,-2,0,-2,-15
12400,12400,1503612543240,-1,-4,-3,0,5,0,4,-8
12401,12401,1503612543248,7,8,0,-2,-2,-3,-1,-8
12402,12402,1503612543263,9,1,-2,-4,-9,-1,-8,9
12403,12403,1503612543271,5,7,2,-2,3,-1,-5,1
12404,12404,1503612543278,0,4,-3,-2,-4,-1,0,-5
12405,12405,1503612543295,16,20,5,1,-5,-2,3,2
12406,12406,1503612543301,3,-2,2,1,1,0,1,-6
12407,12407,1503612543308,14,-12,-7,-1,0,-2,-6,1
12408,12408,1503612543323,0,-2,1,0,2,2,2,5
12409,12409,1503612543331,-12,-4,-3,-3,-4,-1,-3,-7
12410,12410,1503612543338,-7,4,0,0,0,-1,1,-1
12411,12411,1503612543353,-13,-3,0,2,0,3,4,-2
12412,12412,1503612543361,-6,-8,-6,-3,-8,-1,2,7
12413,12413,1503612543363,2,-3,-1,0,6,-1,4,5
12414,12414,1503612543368,-10,0,0,0,1,-2,-6,-18
12415,12415,1503612543383,0,-2,-3,-1,-6,-2,-8,-4
12416,12416,1503612543391,-6,-1,-1,1,4,1,3,3
12417,12417,1503612543398,0,0,-3,-2,1,1,1,0
12418,12418,1503612543413,2,-2,2,0,-4,1,-3,4
12419,12419,1503612543420,2,-3,-3,0,0,-1,0,-1
12420,12420,1503612543432,18,7,7,-2,-1,-1,0,38
12421,12421,1503612543443,4,4,-1,-1,1,-2,3,1
12422,12422,1503612543451,-2,-7,1,1,0,-1,-5,36
12423,12423,1503612543458,8,2,2,0,-1,2,1,5
12424,12424,1503612543474,-9,1,-1,-1,-2,-1,-3,-7
12425,12425,1503612543481,-8,0,-2,-3,0,1,2,3
12426,12426,1503612543488,-7,-4,0,-2,-5,-1,11,-11
12427,12427,1503612543503,-3,-4,-2,-5,-11,-8,-14,-11
12428,12428,1503612543511,4,3,1,-2,-2,0,2,-7
12429,12429,1503612543518,1,-7,1,-1,1,0,-1,7
12430,12430,1503612543534,-24,-19,-14,-2,-1,-1,2,-16
12431,12431,1503612543541,-14,14,5,1,0,-2,-4,27
12432,12432,1503612543549,21,-9,-4,1,0,-1,0,15
12433,12433,1503612543565,-4,4,12,2,-1,-1,1,-40
12434,12434,1503612543571,7,9,1,-1,0,-1,-3,27
12435,12435,1503612543578,6,-3,-5,-1,0,0,-4,-2
12436,12436,1503612543594,-1,3,1,-2,2,-1,-9,-31
12437,12437,1503612543601,-12,-9,-6,-3,1,0,2,-3
12438,12438,1503612543608,-6,4,5,0,-4,-3,-4,-10
12439,12439,1503612543609,16,1,-4,-4,0,-1,-1,-6
12440,12440,1503612543623,6,-3,3,4,5,1,-3,2
12441,12441,1503612543633,-6,4,-1,-1,-2,-1,-5,-14
12442,12442,1503612543638,3,-2,-3,-2,-6,-1,3,-5
12443,12443,1503612543654,-6,-2,1,-1,3,-1,4,-9
12444,12444,1503612543661,-6,-7,-10,-1,0,0,1,-2
12445,12445,1503612543672,-4,5,4,2,-1,0,4,-1
12446,12446,1503612543683,-1,-4,-1,2,7,1,-5,1
12447,12447,1503612543691,-1,0,-1,-2,-7,1,-1,-14
12448,12448,1503612543701,30,-4,-6,-4,-3,0,5,50
12449,12449,1503612543714,3,0,-2,0,0,0,-1,-6
12450,12450,1503612543720,-7,0,2,1,0,-1,2,-3
12451,12451,1503612543721,-4,-5,-3,-2,-1,-3,-2,-13
12452,12452,1503612543729,-8,-3,0,0,-1,-4,-5,6
12453,12453,1503612543743,-3,2,0,-3,-4,-2,-5,-11
12454,12454,1503612543751,-2,1,0,1,0,-2,0,-7
12455,12455,1503612543758,-8,1,1,-2,-6,-1,2,-1
12456,12456,1503612543774,-2,0,-5,-3,1,1,1,-2
12457,12457,1503612543780,-1,-4,-4,-2,2,-2,1,1
12458,12458,1503612543781,1,3,0,-1,-1,-3,-5,-9
12459,12459,1503612543789,10,7,8,2,6,4,4,0
12460,12460,1503612543803,-1,-1,-1,1,0,1,-1,-9
12461,12461,1503612543811,-1,3,3,1,1,-3,-5,-2
12462,12462,1503612543825,-4,3,0,0,-3,-2,1,-1
12463,12463,1503612543826,3,1,0,-2,-1,-1,-2,7
12464,12464,1503612543835,-6,11,8,1,0,1,6,7
12465,12465,1503612543841,-6,11,10,1,-2,-1,-5,-25
12466,12466,1503612543856,-2,-4,-5,-2,-4,-1,-3,9
12467,12467,1503612543863,2,-8,-5,0,1,-4,0,10
12468,12468,1503612543871,-2,-2,1,1,-1,0,1,-4
12469,12469,1503612543886,-3,-4,-6,-2,-10,-2,-5,-6
12470,12470,1503612543894,-1,-6,-6,-4,-13,1,-3,-1
12471,12471,1503612543901,1,0,0,-2,-5,-1,8,2
12472,12472,1503612543916,5,-2,-3,-1,-4,-2,2,7
12473,12473,1503612543923,-4,-1,-1,0,7,1,-2,-22
12474,12474,1503612543933,1,-5,-4,-9,-20,-4,-5,-7
12475,12475,1503612543946,4,-1,0,1,2,2,8,22
12476,12476,1503612543953,-3,-2,-2,0,1,3,-2,1
12477,12477,1503612543961,0,0,2,-4,-7,-3,-3,-8
12478,12478,1503612543976,7,1,0,2,9,0,-2,9
12479,12479,1503612543983,-4,-3,-3,-1,1,-2,3,3
12480,12480,1503612543991,-2,1,0,3,12,1,-4,-15
12481,12481,1503612544006,-2,-4,-3,-1,6,1,4,8
12482,12482,1503612544013,1,2,0,-3,-4,-3,-13,-10
12483,12483,1503612544014,-8,-2,-4,-4,2,0,6,-7
12484,12484,1503612544020,-25,-4,-4,0,1,4,8,8
12485,12485,1503612544036,-3,-11,-9,1,3,-3,3,-14
12486,12486,1503612544043,3,-4,-1,1,-1,-3,-1,29
12487,12487,1503612544051,-4,-3,-2,-3,-1,-5,-9,-14
12488,12488,1503612544066,11,12,5,-1,-1,1,0,29
12489,12489,1503612544075,2,1,0,-1,-10,-1,5,37
12490,12490,1503612544081,16,-4,-4,-3,2,1,4,-14
12491,12491,1503612544096,-3,-2,0,-2,1,-1,-2,-3
12492,12492,1503612544104,14,-9,-6,-3,-2,0,-5,-37
12493,12493,1503612544111,9,6,-1,0,0,-2,-2,5
12494,12494,1503612544125,-6,-4,-2,1,0,-1,-5,-30
12495,12495,1503612544135,-3,-7,-1,0,1,-1,1,7
12496,12496,1503612544141,-7,-2,-1,-1,-2,-5,-2,-21
12497,12497,1503612544155,6,28,13,5,3,-1,-2,8
12498,12498,1503612544163,-3,9,9,2,0,0,-5,7
12499,12499,1503612544172,7,15,5,1,2,0,-1,-6
12500,12500,1503612544185,-8,5,2,-2,1,0,-2,-7
12501,12501,1503612544193,7,-9,-5,-1,-3,-1,-10,-11
12502,12502,1503612544202,-2,-5,-3,0,0,-2,-7,1
12503,12503,1503612544216,10,-2,-2,-3,-2,1,10,40
12504,12504,1503612544223,-1,-6,-3,0,0,-1,1,-1
12505,12505,1503612544231,-19,-8,-4,-1,-1,-2,3,-36
12506,12506,1503612544246,0,-6,-2,-1,-3,0,1,27
12507,12507,1503612544254,-7,-10,-4,-3,0,-1,-10,-23
12508,12508,1503612544270,5,1,-5,-3,-1,0,0,-9
12509,12509,1503612544276,-16,-15,-5,-3,0,-2,0,-19
12510,12510,1503612544283,0,4,2,1,1,-3,-4,-4
12511,12511,1503612544291,-3,4,-3,0,-2,-2,-3,-2
12512,12512,1503612544306,1,-1,-1,-1,-2,0,-3,10
12513,12513,1503612544314,-3,-7,-2,-1,0,-2,-1,-5
12514,12514,1503612544320,16,-2,-3,-2,-1,-1,2,2
12515,12515,1503612544337,2,-9,-7,-1,-3,-2,1,-3
12516,12516,1503612544343,-12,-5,-2,0,0,-1,0,14
12517,12517,1503612544351,-2,-9,-1,-1,0,2,1,-1
12518,12518,1503612544365,13,0,0,0,1,0,4,15
12519,12519,1503612544366,-8,3,0,-1,0,-2,-2,-9
12520,12520,1503612544374,-6,-1,-3,-1,-1,-3,-3,6
12521,12521,1503612544380,4,-1,0,-1,-2,0,-1,-5
12522,12522,1503612544395,-1,4,-2,0,0,-1,-5,2
12523,12523,1503612544396,3,4,0,3,2,3,10,7
12632,12632,1503612545407,-9,10,4,-1,-3,-1,4,-13
12633,12633,1503612545416,-9,-2,-5,-2,-2,-3,-8,-41
12634,12634,1503612545423,-6,-2,-3,1,-1,-1,3,9
12635,12635,1503612545438,6,-2,1,-1,1,-2,6,40
12636,12636,1503612545446,28,-6,-4,-3,-1,-2,-2,2
12637,12637,1503612545461,-1,-3,-2,-1,0,0,-2,-8
12638,12638,1503612545467,-12,-5,-3,-3,0,-1,-4,-44
12639,12639,1503612545475,-2,-1,1,-3,1,0,-5,-11
12640,12640,1503612545490,-15,-12,-2,0,-1,1,2,-4
12641,12641,1503612545498,-7,0,3,1,1,0,-4,-3
12642,12642,1503612545506,-3,-9,-6,0,-3,-2,0,10
12643,12643,1503612545516,4,1,0,1,-2,-2,-1,0
12644,12644,1503612545527,11,-1,-2,-1,-2,-2,-3,2
12645,12645,1503612545535,0,4,0,0,0,0,1,1
12646,12646,1503612545550,6,-1,-3,-2,-1,-1,-2,4
12647,12647,1503612545558,4,1,0,0,0,-1,-6,29
12648,12648,1503612545565,-17,-14,-7,-2,-1,-3,0,-1
12649,12649,1503612545573,-1,-6,-2,-1,-1,-1,-1,-12
12650,12650,1503612545587,-5,-7,-2,0,0,0,-1,-3
12651,12651,1503612545595,-5,-2,-1,0,-1,0,1,-8
12652,12652,1503612545603,-5,5,2,0,-1,-1,-2,-11
12653,12653,1503612545618,4,4,2,0,0,0,-2,-8
12654,12654,1503612545625,-1,24,11,3,1,-2,-1,3
12655,12655,1503612545634,0,-1,-2,0,-1,-2,0,-2
12656,12656,1503612545648,6,-15,-6,-2,0,0,-4,8
12657,12657,1503612545649,-2,9,2,0,0,1,-4,-23
12658,12658,1503612545656,-9,-1,1,1,0,0,0,-4
12659,12659,1503612545670,1,-2,0,-3,-2,-1,1,9
12660,12660,1503612545681,-7,-5,-3,-2,0,0,1,-8
12661,12661,1503612545686,0,-7,-1,0,-1,-2,3,8
12662,12662,1503612545700,5,0,-2,0,-1,-2,-5,-8
12663,12663,1503612545707,1,-4,-1,-2,1,0,-2,-4
12664,12664,1503612545717,18,-2,-3,-2,-1,-1,0,5
12665,12665,1503612545730,-8,-5,-1,0,-1,-2,-2,-7
12666,12666,1503612545738,-8,-5,0,-1,-1,-2,-3,-3
12667,12667,1503612545747,-6,-2,-2,0,-1,0,-3,-2
12668,12668,1503612545761,-3,2,-2,-2,-3,-1,5,2
12669,12669,1503612545767,2,0,-3,-1,0,0,1,1
12670,12670,1503612545776,-1,1,1,-3,-7,0,0,0
12671,12671,1503612545790,-2,-2,-3,-2,0,-2,6,-1
12672,12672,1503612545798,0,-2,-5,-2,-2,-1,-3,-4
12673,12673,1503612545805,5,0,2,0,-1,0,-3,0
12674,12674,1503612545821,-9,1,0,-1,-4,1,3,-1
12675,12675,1503612545828,0,3,-3,-3,0,1,0,-3
12676,12676,1503612545836,-2,-1,1,0,-2,-2,-2,-1
12677,12677,1503612545851,15,-4,1,2,4,1,-4,-1
12678,12678,1503612545858,1,-1,1,1,-6,-1,-8,-2
12679,12679,1503612545865,-4,0,-3,0,7,-4,-3,-4
12680,12680,1503612545881,0,-1,-2,2,13,-1,2,2
12681,12681,1503612545889,-4,-2,0,-2,-17,-1,-6,-2
12682,12682,1503612545896,-1,0,1,-1,-1,1,2,-1
12683,12683,1503612545910,1,8,4,0,1,-2,2,3
12684,12684,1503612545918,2,0,-1,0,4,1,1,-2
12685,12685,1503612545925,0,7,1,0,-1,-1,0,1
12686,12686,1503612545940,9,-2,-2,-3,0,-2,-3,-1
12687,12687,1503612545949,6,-3,-4,-1,-1,-1,2,2
12688,12688,1503612545956,-4,-3,-2,-2,-7,-1,-4,-2
12689,12689,1503612545970,-7,-5,-4,-4,0,0,0,-2
12690,12690,1503612545978,-2,0,0,1,0,0,1,3
12691,12691,1503612545986,-3,-7,-4,-1,3,0,-1,-2
12692,12692,1503612546000,-3,0,-3,-3,3,-3,-6,-6
12693,12693,1503612546008,-7,-7,0,2,6,-2,-4,-5
12694,12694,1503612546016,0,-1,1,-3,-7,-4,-16,-15
12695,12695,1503612546030,2,0,1,-6,-13,0,0,-2
12696,12696,1503612546038,1,-1,-1,0,3,0,3,-1
12697,12697,1503612546046,2,0,-1,1,1,-2,-3,2
12698,12698,1503612546060,0,-5,-2,0,2,0,4,-3
12699,12699,1503612546061,-2,-1,1,-1,1,-1,-6,10
12700,12700,1503612546068,-7,6,1,-1,-5,1,7,12
12701,12701,1503612546076,-7,-2,-3,0,0,1,0,1
12702,12702,1503612546090,-3,-8,-5,-1,-1,-3,-7,9
12703,12703,1503612546098,10,5,3,0,-1,-4,-5,-10
12704,12704,1503612546105,-3,-4,-4,0,0,-1,-8,-69
12705,12705,1503612546120,3,5,-1,0,-1,1,14,30
12706,12706,1503612546128,-2,-3,2,2,-2,0,-12,-35
12707,12707,1503612546136,-1,13,2,0,-2,-2,-6,-13
12708,12708,1503612546150,2,-10,-4,-2,-1,-3,5,15
12709,12709,1503612546158,3,-8,0,-2,0,-1,8,-2
12710,12710,1503612546165,-2,-1,1,-3,0,1,0,12
12711,12711,1503612546184,7,-5,-7,-3,-1,0,0,-6
12712,12712,1503612546188,-5,19,4,0,-2,0,2,0
12713,12713,1503612546196,-8,6,3,1,-1,0,5,-6
12714,12714,1503612546210,-13,-5,-1,-1,1,-2,1,-2
12715,12715,1503612546218,1,8,2,-1,0,-1,-4,2
12716,12716,1503612546225,5,2,0,1,0,-1,-1,18
12717,12717,1503612546240,-13,-12,-7,-2,0,-4,-7,-9
12718,12718,1503612546250,12,2,-1,0,-3,2,9,74
12719,12719,1503612546256,-9,-3,0,3,2,3,0,9
12720,12720,1503612546270,2,-12,-5,-4,1,-1,4,-2
12721,12721,1503612546278,-6,-1,4,-1,-3,-6,-2,0
12722,12722,1503612546285,-9,-3,-1,0,-1,-3,-2,-15
12723,12723,1503612546300,3,3,3,-1,-1,4,4,-5
12724,12724,1503612546308,-23,13,4,1,1,0,1,-18
12725,12725,1503612546316,-4,-11,-8,-3,-2,0,-6,-6
12726,12726,1503612546330,3,-4,-1,-1,0,-1,-4,2
12727,12727,1503612546338,-2,-3,2,2,0,1,2,4
12728,12728,1503612546346,7,-6,-5,-3,0,-1,0,-8
12729,12729,1503612546361,2,-3,-5,-2,-1,-4,3,-6
12730,12730,1503612546368,-3,1,0,-2,-1,-3,-5,-35
12731,12731,1503612546376,2,2,-1,1,0,-1,7,6
12732,12732,1503612546390,2,-4,-2,0,0,1,-4,9
12733,12733,1503612546398,17,-9,-7,-3,-1,0,2,-7
12734,12734,1503612546405,-2,-5,-2,-4,-3,0,-1,2
12735,12735,1503612546421,12,2,-3,-1,-2,-2,-3,13
12736,12736,1503612546428,3,9,1,0,-1,2,3,10
12737,12737,1503612546436,0,5,0,-1,-2,-2,-1,8
12738,12738,1503612546453,0,-1,-4,-3,-1,-2,0,-2
12739,12739,1503612546458,-8,-1,-1,0,-1,0,-4,-10
12740,12740,1503612546465,-15,8,4,2,0,1,-2,1
12741,12741,1503612546480,-5,-2,2,1,0,0,0,3
12742,12742,1503612546487,13,8,3,1,1,-1,1,0
12743,12743,1503612546495,-13,1,1,-1,0,-1,2,-3
12744,12744,1503612546510,0,-8,2,0,0,-1,-1,3
12745,12745,1503612546519,0,-1,-1,-2,-2,-4,-1,7
12746,12746,1503612546525,5,-3,-4,-2,-1,-1,-3,0
12747,12747,1503612546540,3,-5,-6,-1,0,-1,-3,-5
12748,12748,1503612546547,4,-4,1,2,0,-1,4,2
12749,12749,1503612546556,17,1,-1,-3,0,0,0,-2
12750,12750,1503612546570,-13,-9,-5,-2,-3,-1,-4,-10
12751,12751,1503612546578,-10,-2,1,-1,-1,-1,-3,-4
12752,12752,1503612546593,3,0,-1,1,-2,-1,-1,2
12753,12753,1503612546600,-8,1,4,1,-1,1,-2,-5
12754,12754,1503612546607,-3,-1,-4,-3,-1,-2,-1,-3
12755,12755,1503612546624,-2,1,-1,1,3,1,4,-5
12756,12756,1503612546630,0,2,0,-1,1,-1,0,13
12757,12757,1503612546638,0,-6,-1,-2,0,1,7,-3
12758,12758,1503612546655,6,-1,0,-1,0,-1,-4,-4
12759,12759,1503612546662,-7,-3,-1,-1,-2,-1,-1,1
12760,12760,1503612546667,3,3,-2,-2,-2,1,-3,-2
12761,12761,1503612546683,-2,8,1,-1,1,-2,-1,-3
12762,12762,1503612546691,-1,0,-1,0,0,-2,-1,1
12763,12763,1503612546698,-5,-1,-2,-1,0,0,-1,0
12764,12764,1503612546712,-1,-4,-5,-4,-5,0,-3,-5
12765,12765,1503612546721,2,7,2,0,0,-1,-1,2
12766,12766,1503612546728,-1,1,2,8,13,1,0,-5
12767,12767,1503612546743,-12,-8,-4,-1,-6,-2,-12,-3
12768,12768,1503612546750,1,0,0,-3,-4,-2,1,0
12769,12769,1503612546758,0,-2,-1,0,2,0,2,2
12770,12770,1503612546772,-4,-2,-2,-2,-3,1,0,2
12771,12771,1503612546780,12,1,-1,-6,-13,1,-1,0
12772,12772,1503612546788,2,-2,0,1,2,-3,0,0
12773,12773,1503612546803,14,-4,-2,1,0,0,-1,1
12774,12774,1503612546810,-1,5,-1,-2,0,-1,-1,2
12775,12775,1503612546818,-5,-2,-2,1,0,-6,-7,-1
12776,12776,1503612546832,-1,-4,-3,-1,0,1,4,-1
12777,12777,1503612546840,-11,-3,-2,-2,2,1,3,-57
12778,12778,1503612546848,5,5,2,-4,-9,-3,-3,1
12779,12779,1503612546863,-5,-3,-2,0,-1,1,6,13
12780,12780,1503612546869,1,1,-1,-1,0,-1,1,-11
12781,12781,1503612546878,2,1,0,1,-1,-2,-8,21
12782,12782,1503612546892,1,-2,0,0,0,-1,-1,9
12783,12783,1503612546900,-5,-17,-8,-4,1,-2,-6,4
12784,12784,1503612546908,-30,-6,0,0,0,0,0,-4
12785,12785,1503612546923,-7,-13,-6,-3,-3,1,0,0
12786,12786,1503612546930,1,-7,-2,-2,-2,0,-2,-6
12787,12787,1503612546938,6,4,0,3,7,2,1,12
12788,12788,1503612546952,15,-2,-3,1,3,0,-3,-1
12789,12789,1503612546961,11,-1,-4,-1,0,-2,2,3
12790,12790,1503612546968,8,11,3,0,0,-1,-3,-6
12791,12791,1503612546983,-6,7,6,0,0,-1,1,-1
12792,12792,1503612546990,-11,-1,-2,-1,-1,-1,1,-55
12793,12793,1503612546998,-4,2,-1,-2,-2,-1,10,3
12794,12794,1503612547013,1,-2,3,0,0,2,4,18
12795,12795,1503612547022,-3,-2,-1,-2,-1,-1,0,-5
12796,12796,1503612547028,18,4,-4,-1,-3,-1,-3,23
12797,12797,1503612547043,11,3,1,0,-1,1,-2,3
12798,12798,1503612547050,-3,11,5,2,-1,0,-8,17
12799,12799,1503612547058,-14,-4,0,-3,-3,-3,-3,-9
12800,12800,1503612547072,-5,-9,-4,-4,-1,-2,1,-12
12801,12801,1503612547080,-3,5,1,-2,-2,-1,0,18
12802,12802,1503612547089,-1,-4,-2,-2,0,-1,8,26
12803,12803,1503612547103,0,0,0,0,0,2,-1,-3
12804,12804,1503612547109,-4,2,-1,-1,-2,0,0,3
12805,12805,1503612547110,5,-4,0,-3,0,-2,0,3
12806,12806,1503612547118,11,18,4,0,-2,0,-1,-5
12807,12807,1503612547132,-8,-5,-3,-1,1,2,2,-1
12808,12808,1503612547140,-4,-20,-6,-2,0,-1,-5,-4
12809,12809,1503612547148,-1,0,-5,-3,-3,-4,-1,-4
12810,12810,1503612547163,-3,-3,-1,1,0,-2,1,-3
12811,12811,1503612547170,-3,-5,-3,0,2,0,-3,-2
12812,12812,1503612547178,-8,3,-2,1,0,-3,-1,-35
12813,12813,1503612547193,5,2,3,-1,-1,-1,-6,3
12814,12814,1503612547200,-2,0,-2,-1,-1,1,-4,-5
12815,12815,1503612547216,-4,10,0,0,-1,-2,-1,-7
12816,12816,1503612547223,0,1,2,0,-1,0,-4,0
12817,12817,1503612547232,3,-1,2,0,-1,-3,-4,-1
12818,12818,1503612547238,0,1,-3,-4,-3,-2,1,7
12819,12819,1503612547253,0,-2,-1,1,1,0,3,3
12820,12820,1503612547260,5,3,-1,0,-1,-1,0,5
12821,12821,1503612547276,2,-2,-2,-1,-2,-3,-2,0
12822,12822,1503612547283,-1,-2,0,-1,-3,0,-5,2
12823,12823,1503612547291,-6,1,-3,0,0,0,-1,-35
12824,12824,1503612547299,3,-3,0,1,2,-1,-2,6
12825,12825,1503612547320,0,-3,-2,-2,-3,1,1,3
12826,12826,1503612547322,0,-18,-11,-3,0,-2,4,-4
12827,12827,1503612547336,5,-5,-1,0,-1,1,4,-1
12828,12828,1503612547343,-7,-4,-3,-2,-3,1,-2,-1
12829,12829,1503612547351,-5,1,0,1,-2,-2,-6,5
12830,12830,1503612547358,6,-2,1,-1,1,-2,-4,5
12831,12831,1503612547373,-3,-1,3,1,0,0,-2,-5
12832,12832,1503612547380,-3,6,4,0,0,-3,0,-5
12833,12833,1503612547396,-3,-1,1,2,0,0,-1,-16
12834,12834,1503612547403,-1,1,0,0,1,1,-1,-2
12835,12835,1503612547411,3,14,3,1,1,1,-3,4
12836,12836,1503612547418,-3,9,4,1,0,-1,-8,-3
12837,12837,1503612547433,-6,-6,-3,-5,-3,-3,0,7
12838,12838,1503612547440,-5,-2,-1,0,-1,-2,-1,-3
12839,12839,1503612547458,-6,-4,-2,-3,0,-1,1,6
12840,12840,1503612547463,-3,-5,-2,0,1,-1,1,1
12841,12841,1503612547471,4,-2,-2,-1,-2,1,1,1
12842,12842,1503612547478,3,-3,-4,1,-4,-1,2,5
12843,12843,1503612547493,-4,-3,-3,-3,-3,-4,-1,1
12844,12844,1503612547500,-4,7,3,0,0,0,1,-1
12845,12845,1503612547516,2,-4,0,-2,2,-2,-5,-3
12846,12846,1503612547523,3,7,2,0,-1,0,0,1
12847,12847,1503612547531,0,-1,-1,-1,-2,-1,1,2
12848,12848,1503612547545,1,-2,-1,-4,-2,-2,-3,0
12849,12849,1503612547553,-1,-4,-3,1,0,0,-5,-2
12850,12850,1503612547560,1,2,1,-1,0,-3,-4,2
12851,12851,1503612547576,-5,-6,-7,-3,-2,1,12,6
12852,12852,1503612547583,-5,7,5,3,1,-1,1,3
12853,12853,1503612547593,5,-2,-1,-1,-1,-2,-1,2
12854,12854,1503612547605,1,2,-4,-1,-1,2,3,-10
12855,12855,1503612547613,0,-2,1,-1,0,2,4,0
12856,12856,1503612547620,0,-9,-3,-3,0,-2,-5,0
12857,12857,1503612547636,3,2,-2,1,0,1,-6,8
12858,12858,1503612547643,6,0,-2,0,-3,-1,1,1
12859,12859,1503612547651,-16,13,7,1,-1,-3,-4,-5
12860,12860,1503612547666,0,-3,-2,-2,0,-2,-4,-5
12861,12861,1503612547673,4,-4,-3,-2,-1,0,-2,-3
12862,12862,1503612547680,0,-8,0,0,-2,0,-4,4
12863,12863,1503612547696,-7,6,-1,-2,-2,-3,-1,-5
12864,12864,1503612547703,-4,-4,-1,0,0,2,2,1
12865,12865,1503612547711,-4,-10,-3,-1,-1,1,-3,-31
12866,12866,1503612547727,-3,6,1,-1,-1,-4,-5,0
12867,12867,1503612547733,-6,-6,-1,-2,1,-1,2,6
12868,12868,1503612547740,5,2,1,-2,0,-1,2,-6
12869,12869,1503612547756,11,10,2,0,0,-1,0,7
12870,12870,1503612547766,2,13,2,-1,1,-1,-2,3
12871,12871,1503612547771,2,-1,-2,-2,0,-1,0,6
12872,12872,1503612547785,-2,-8,-5,0,-3,-1,5,0
12873,12873,1503612547796,-3,-6,-3,0,-1,0,-1,2
12874,12874,1503612547800,-10,2,-3,-4,-1,-2,-6,-3
12875,12875,1503612547816,4,-2,-3,1,-1,-1,-2,1
12876,12876,1503612547823,0,-3,-2,-2,-4,0,1,3
12877,12877,1503612547831,0,0,0,0,-1,-1,-2,3
12878,12878,1503612547846,-2,-4,0,1,0,1,-1,0
12879,12879,1503612547853,-1,-5,0,-1,1,-1,1,-1
12880,12880,1503612547862,6,-11,-2,1,1,-1,5,7
12881,12881,1503612547877,6,3,2,-1,-2,-3,-2,-1
12882,12882,1503612547883,9,5,0,2,7,-1,1,-4
12883,12883,1503612547891,-2,0,-1,0,-2,-2,-2,-6
12884,12884,1503612547906,-3,2,-2,-5,-7,-4,-4,-1
12885,12885,1503612547914,-1,7,2,4,7,1,2,2
12886,12886,1503612547920,-1,-2,-1,0,1,1,-3,-1
12887,12887,1503612547937,-3,-11,-2,-3,-2,7,2,-1
12888,12888,1503612547943,-14,1,3,2,4,2,5,-1
12889,12889,1503612547952,-2,-1,0,-2,-1,-2,-1,2
12890,12890,1503612547966,6,-9,0,-1,-2,0,-1,1
12891,12891,1503612547974,0,-4,0,1,-1,-2,-1,2
12892,12892,1503612547980,1,2,0,-7,-14,-4,-2,2
12893,12893,1503612548000,-2,6,2,-2,-6,-1,-2,-2
12894,12894,1503612548003,5,10,0,3,3,3,-2,-1
12895,12895,1503612548011,1,-3,0,0,-1,2,0,4
12896,12896,1503612548025,1,-5,-1,0,0,-2,1,-3
12897,12897,1503612548033,2,-2,-2,0,-3,-4,-6,-3
12898,12898,1503612548040,-8,-12,-4,-1,-2,-1,1,0
12899,12899,1503612548056,1,7,-1,-1,-2,-4,2,-2
12900,12900,1503612548065,-9,-1,2,-1,1,-4,-8,-5
12901,12901,1503612548071,-13,1,-3,-1,-1,0,1,-3
12902,12902,1503612548085,3,-3,-2,-1,0,1,1,0
12903,12903,1503612548093,4,1,1,1,2,-2,-5,0
12904,12904,1503612548101,-11,9,-4,-3,-5,-4,-3,-3
12905,12905,1503612548116,-4,-11,-6,-1,-3,-1,-6,-1
12906,12906,1503612548123,2,7,2,1,1,1,2,-5
12907,12907,1503612548131,0,4,0,-2,-2,0,1,0
12908,12908,1503612548145,-1,-7,0,1,3,2,1,0
12909,12909,1503612548154,-18,-19,-5,-1,4,2,-3,-2
12910,12910,1503612548160,4,-2,0,0,-1,0,3,3
12911,12911,1503612548176,2,2,0,-2,2,-2,1,1
12912,12912,1503612548183,-4,-4,-1,-2,1,1,2,-1
12913,12913,1503612548199,-2,9,1,-2,-3,-3,-1,0
12914,12914,1503612548205,12,-22,-10,-1,1,-3,-7,0
12915,12915,1503612548213,2,-3,-3,0,-2,-1,-2,3
12916,12916,1503612548220,5,-2,-1,3,0,0,-1,-2
12917,12917,1503612548236,-9,0,-1,0,-4,-1,4,-42
12918,12918,1503612548243,0,-7,-5,-6,-4,2,10,5
12919,12919,1503612548258,0,4,4,2,4,0,0,17
12920,12920,1503612548266,-6,-3,-7,-4,-2,-2,-3,-2
12921,12921,1503612548273,2,-4,1,2,3,0,-7,-6
12922,12922,1503612548280,-1,-5,-5,-4,-1,-3,-7,6
12923,12923,1503612548297,9,-2,1,2,-1,-3,-3,2
12924,12924,1503612548303,-10,11,4,2,-2,-2,4,-2
12925,12925,1503612548318,3,-6,-11,-6,-3,0,1,-1
12926,12926,1503612548325,0,3,1,-1,0,-2,-4,-4
12927,12927,1503612548334,-1,-6,-6,-7,-5,-4,-3,0
12928,12928,1503612548340,-3,10,3,2,-2,-1,-4,-1
12929,12929,1503612548356,0,8,6,0,-1,-1,-8,-2
12930,12930,1503612548364,-15,-13,-3,-2,-2,-4,-12,-7
12931,12931,1503612548378,7,-4,-3,-1,0,-1,3,-4
12932,12932,1503612548385,3,-12,-1,-2,-1,-2,-1,-15
12933,12933,1503612548393,-4,-17,0,1,0,-2,-3,1
12934,12934,1503612548401,5,17,5,2,-2,1,1,2
12935,12935,1503612548416,-2,-3,-5,-2,-1,1,6,5
12936,12936,1503612548423,-10,22,5,3,3,3,4,3
12937,12937,1503612548439,7,6,-1,0,1,-2,7,9
12938,12938,1503612548445,8,17,6,-1,-3,-3,-5,-9
12939,12939,1503612548453,-3,-5,0,0,-3,-2,-3,-1
12940,12940,1503612548468,3,-16,-9,-6,-3,0,3,19
12941,12941,1503612548476,8,-7,-9,-4,-2,1,3,-2
12942,12942,1503612548483,6,-13,-7,-3,1,3,4,5
12943,12943,1503612548500,-11,-2,-3,-2,-3,-1,-8,-1
12944,12944,1503612548506,-5,-4,-3,-2,1,1,3,-4
12945,12945,1503612548513,-5,16,10,4,2,-2,-3,-1
12946,12946,1503612548528,2,3,-2,1,1,-2,-5,-16
12947,12947,1503612548536,4,2,11,7,2,-2,-6,-1
12948,12948,1503612548543,5,-14,-4,-4,-3,-2,-3,9
12949,12949,1503612548558,8,3,0,-2,1,3,4,6
12950,12950,1503612548566,5,6,5,3,1,-1,1,7
12951,12951,1503612548573,-8,2,-9,-9,-2,-1,5,7
12952,12952,1503612548588,1,21,9,6,1,1,0,-9
12953,12953,1503612548596,-15,-8,-1,-1,-1,0,2,-2
12954,12954,1503612548603,-16,-9,-6,-3,-2,-2,-2,-24
12955,12955,1503612548618,8,3,3,3,-1,1,2,-2
12956,12956,1503612548625,1,-4,5,0,0,3,-1,1
12957,12957,1503612548634,-2,-7,-8,-4,-2,-3,-2,-15
12958,12958,1503612548648,2,3,7,6,2,0,2,5
12959,12959,1503612548656,0,-11,-5,-1,0,-3,-3,15
12960,12960,1503612548663,-13,5,-3,-4,-2,-1,0,3
12961,12961,1503612548678,5,5,0,-3,-1,1,-4,-8
12962,12962,1503612548685,-2,-15,-9,-4,-3,-4,-6,-17
12963,12963,1503612548693,0,15,8,2,0,0,4,6
12964,12964,1503612548709,0,-6,-2,-3,-2,-2,-2,6
12965,12965,1503612548716,-9,-6,-7,-4,-7,-4,2,-16
12966,12966,1503612548723,1,8,7,3,1,-2,-1,3
12967,12967,1503612548738,-6,-3,0,0,0,-1,-5,0
12968,12968,1503612548745,2,10,-1,1,-1,-2,7,0
12969,12969,1503612548753,-2,7,2,1,0,-2,-1,-2
12970,12970,1503612548771,4,-7,0,1,1,0,2,25
12971,12971,1503612548777,0,-7,0,0,-3,0,6,8
12972,12972,1503612548783,9,7,0,-1,-2,-1,-3,-1
12973,12973,1503612548798,2,-3,0,3,3,0,-3,-2
12974,12974,1503612548805,-2,-8,-5,-7,-5,-1,-3,-4
12975,12975,1503612548813,-1,0,-4,-3,-1,-1,-4,1
12976,12976,1503612548828,1,-13,-6,-2,1,-4,-2,5
12977,12977,1503612548836,0,-11,-2,0,1,0,-2,5
12978,12978,1503612548843,-16,-4,-1,-2,-2,1,1,-6
12979,12979,1503612548858,15,38,10,2,1,-1,0,14
12980,12980,1503612548865,3,-6,-4,-1,1,0,-3,-16
12981,12981,1503612548873,-1,-5,-2,-1,1,1,-6,-11
12982,12982,1503612548888,17,17,2,1,0,1,2,-2
12983,12983,1503612548896,0,-12,-2,0,0,-1,-5,-2
12984,12984,1503612548906,-4,-6,-4,-3,-2,-2,-6,-8
12985,12985,1503612548918,1,2,1,0,-2,-1,2,-4
12986,12986,1503612548925,-4,3,0,-2,-1,-4,3,4
12987,12987,1503612548938,-11,-4,-3,0,-4,0,5,-2
12988,12988,1503612548948,0,-7,-6,-3,-3,-1,0,12
12989,12989,1503612548956,7,-19,-6,-2,0,-1,-3,-5
12990,12990,1503612548963,7,13,2,0,1,-4,-2,-2
12991,12991,1503612548978,3,-3,-3,-1,-1,-3,-8,-12
12992,12992,1503612548985,-2,4,4,2,1,4,-2,-4
12993,12993,1503612548993,-4,0,-2,-2,-2,-1,0,15
12994,12994,1503612549008,-8,-1,0,-1,-2,-1,2,0
12995,12995,1503612549016,1,7,3,0,0,0,-1,4
12996,12996,1503612549023,-1,-10,-2,-2,1,1,-2,6
12997,12997,1503612549039,4,2,-3,-3,0,-2,-1,-2
12998,12998,1503612549045,-1,-5,-1,1,1,0,1,-8
12999,12999,1503612549053,-11,-7,1,-2,-1,-1,4,-8
13000,13000,1503612549070,12,4,1,-4,-1,0,2,11
13242,13242,1503612551475,-1,-4,-2,-1,-8,-2,8,7
13243,13243,1503612551483,-2,-1,-3,-2,-6,-4,2,-9
13244,13244,1503612551490,-4,4,-1,0,6,-3,-5,-7
13245,13245,1503612551505,-6,1,2,-1,3,3,5,-8
13246,13246,1503612551512,-1,-6,-1,-4,-1,6,0,1
13247,13247,1503612551523,-3,-4,-3,-5,-3,-7,-7,-3
13248,13248,1503612551535,-8,2,0,0,-1,3,2,-73
13249,13249,1503612551543,-8,6,-2,-4,-16,-7,-9,-1
13250,13250,1503612551554,2,-9,-4,-3,-4,-2,-3,14
13251,13251,1503612551565,0,-4,-4,-1,-2,-5,-5,-17
13252,13252,1503612551572,-3,4,2,3,3,4,5,19
13253,13253,1503612551580,-5,-4,-2,-2,2,2,-7,2
13254,13254,1503612551596,2,-1,0,2,5,0,8,10
13255,13255,1503612551604,0,-2,1,2,2,1,12,-1
13256,13256,1503612551610,2,-1,-2,-2,11,7,14,1
13257,13257,1503612551626,2,1,2,1,-5,-3,1,-5
13258,13258,1503612551632,-2,-6,-2,1,-8,-8,-2,16
13259,13259,1503612551640,-2,-2,0,1,6,2,9,1
13260,13260,1503612551664,-2,-9,0,-3,-7,-5,1,-6
13261,13261,1503612551670,3,-4,-5,-2,2,-1,1,6
13262,13262,1503612551688,2,-4,0,1,-1,0,2,2
13263,13263,1503612551692,9,0,-2,0,3,-1,-5,-6
13264,13264,1503612551693,8,-9,1,1,2,4,-3,1
13265,13265,1503612551700,5,9,1,-1,5,2,1,-1
13266,13266,1503612551714,-7,-4,-7,-2,-2,0,-5,1
13267,13267,1503612551728,1,4,0,-1,0,0,3,1
13268,13268,1503612551730,7,-2,2,-2,-10,4,-1,2
13269,13269,1503612551745,-4,-1,-3,-2,2,1,-2,-5
13270,13270,1503612551756,12,-9,-3,-1,-5,0,5,5
13271,13271,1503612551760,-9,-2,-1,0,3,2,-18,-1
13272,13272,1503612551775,-24,-6,0,-4,2,-9,1,0
13273,13273,1503612551783,-9,3,-1,-1,-3,-3,3,1
13274,13274,1503612551790,-8,5,0,-1,1,-2,-5,-2
13275,13275,1503612551805,-3,-5,0,-2,1,1,3,0
13276,13276,1503612551812,-4,0,0,-4,-15,0,-1,-4
13277,13277,1503612551823,2,-4,-1,-1,-11,-4,-1,-1
13278,13278,1503612551834,-2,4,4,2,16,2,0,3
13279,13279,1503612551835,1,5,-1,-2,-10,-8,-2,1
13280,13280,1503612551842,2,-2,-5,0,1,-3,6,-1
13281,13281,1503612551850,5,3,-1,2,3,2,-1,-3
13282,13282,1503612551866,6,1,1,-1,2,1,17,-4
13283,13283,1503612551872,0,-1,-2,0,6,3,1,-2
13284,13284,1503612551880,5,-2,0,-2,-6,-1,-5,-2
13285,13285,1503612551895,6,-4,-5,-1,9,-4,-1,4
13286,13286,1503612551903,-4,1,-1,-1,1,-1,-8,0
13287,13287,1503612551910,0,1,-2,-1,2,0,-9,-4
13288,13288,1503612551926,-7,-4,-1,1,0,1,-2,-2
13289,13289,1503612551932,-6,-9,-2,-3,1,3,-1,-6
13290,13290,1503612551940,-3,1,2,1,2,2,2,4
13291,13291,1503612551957,-5,1,0,-1,18,4,-1,-1
13292,13292,1503612551963,-3,-1,-3,-2,-6,-7,-9,-82
13293,13293,1503612551970,11,0,0,0,-2,0,-2,5
13294,13294,1503612551985,0,3,4,0,3,0,3,16
13295,13295,1503612551993,7,6,-2,1,-6,-4,0,-8
13296,13296,1503612552000,-1,-8,-5,-3,-3,-2,0,13
13297,13297,1503612552014,-9,-8,0,-1,-7,-4,-10,7
13298,13298,1503612552024,0,3,0,-2,-2,-2,-5,11
13299,13299,1503612552030,-3,-8,-5,-2,-3,-1,1,2
13300,13300,1503612552045,2,11,5,0,3,4,-4,-5
13301,13301,1503612552052,-3,-8,0,2,4,-2,1,23
13302,13302,1503612552068,1,-7,-5,3,7,5,1,8
13303,13303,1503612552074,-2,2,1,-1,-2,0,7,2
13304,13304,1503612552083,-3,0,-3,-3,-3,-6,-10,-1
13305,13305,1503612552091,-1,3,3,0,0,1,-3,-15
13306,13306,1503612552105,1,0,0,0,-3,-3,2,2
13307,13307,1503612552112,2,3,-3,-3,-6,-2,4,-1
13308,13308,1503612552120,-1,-1,2,1,2,5,1,11
13309,13309,1503612552134,0,-4,-2,-2,-1,1,-3,-4
13310,13310,1503612552135,-5,2,-1,-1,-1,-1,-5,-13
13311,13311,1503612552142,5,-2,-1,-1,1,-3,-12,4
13312,13312,1503612552150,-6,-1,1,0,-4,-1,-3,-13
13313,13313,1503612552166,-1,-3,-3,-4,-2,1,-4,3
13314,13314,1503612552172,4,-2,-2,-1,-3,-3,-5,-2
13315,13315,1503612552188,1,5,1,2,4,0,6,4
13316,13316,1503612552197,-2,-1,-1,2,2,-4,-4,-4
13317,13317,1503612552198,-4,-2,0,1,2,1,6,2
13318,13318,1503612552203,-4,0,-4,-1,-5,0,4,0
13319,13319,1503612552217,1,0,1,0,1,2,5,2
13320,13320,1503612552225,0,-4,-2,-2,0,3,0,0
13321,13321,1503612552226,-1,4,4,0,-1,0,4,2
13322,13322,1503612552234,0,1,0,-2,-1,-1,-1,-1
13323,13323,1503612552248,-1,-2,-2,-1,-3,-2,1,3
13324,13324,1503612552255,0,2,1,0,3,2,-4,-4
13325,13325,1503612552263,1,-2,-3,0,-3,-2,-3,-4
13326,13326,1503612552277,-2,1,0,1,4,3,7,-2
13327,13327,1503612552286,1,0,-1,0,7,1,5,4
13328,13328,1503612552293,0,0,-2,0,-1,1,0,-5
13329,13329,1503612552308,4,-2,-1,-1,-4,0,-5,-6
13330,13330,1503612552315,0,-2,-3,-1,-4,-4,-5,2
13331,13331,1503612552323,-1,7,-2,-2,-3,-2,14,-2
13332,13332,1503612552337,2,-3,2,-1,-2,0,5,4
13333,13333,1503612552345,-3,-7,-2,-2,-5,-5,-9,0
13334,13334,1503612552353,2,12,3,-2,-3,1,8,4
13335,13335,1503612552368,-2,-2,1,-1,2,1,-2,-6
13336,13336,1503612552374,-7,-7,-4,-2,-1,0,-7,-6
13337,13337,1503612552382,1,1,-1,-1,-3,-6,-10,-3
13338,13338,1503612552397,1,0,2,0,0,-1,0,-1
13339,13339,1503612552405,-5,-3,-3,-2,-2,2,3,0
13340,13340,1503612552412,1,0,-5,-2,-4,-2,0,1
13341,13341,1503612552428,0,-2,1,-2,-3,-1,-3,0
13342,13342,1503612552437,-1,-3,0,-1,0,0,-1,-3
13343,13343,1503612552443,-3,2,0,-1,-3,-2,-2,0
13344,13344,1503612552465,-1,-2,-1,-2,-6,-2,-3,0
13345,13345,1503612552466,-2,-1,0,1,3,-4,-2,-1
13346,13346,1503612552481,-1,0,-3,-3,-4,-5,-4,0
13347,13347,1503612552488,3,-7,-4,-1,2,3,-3,0
13348,13348,1503612552496,-2,3,5,3,2,-2,3,1
13349,13349,1503612552503,0,-1,3,0,-2,-1,1,0
13350,13350,1503612552519,1,6,-2,1,2,-1,-6,-3
13351,13351,1503612552527,2,4,-1,0,1,-2,-5,-2
13352,13352,1503612552533,2,4,-1,-1,2,0,-3,0
13353,13353,1503612552548,0,-5,-3,-2,-4,0,3,1
13354,13354,1503612552556,-1,3,-1,2,2,0,0,2
13355,13355,1503612552564,0,-1,0,-2,-1,-1,1,4
13356,13356,1503612552578,-8,-4,-1,-1,-1,0,5,0
13357,13357,1503612552585,-6,-9,-2,-1,0,-3,1,-7
13358,13358,1503612552601,6,12,0,-1,-1,0,-2,-2
13359,13359,1503612552608,3,3,-3,-1,-2,0,3,1
13360,13360,1503612552616,2,-7,-1,0,2,-2,-5,-2
13361,13361,1503612552623,-3,1,-1,-1,1,-3,-6,-3
13362,13362,1503612552638,-3,-6,-1,-1,-1,1,-2,-1
13363,13363,1503612552645,-4,-1,-3,-1,-3,0,-5,0
13364,13364,1503612552662,0,-6,-1,-1,-2,-3,0,-4
13365,13365,1503612552668,-2,-2,0,1,1,3,2,-3
13366,13366,1503612552676,-2,-7,-5,-2,1,1,-2,-4
13367,13367,1503612552682,-3,-2,-1,0,-1,-1,2,-3
13368,13368,1503612552698,-5,-8,-4,-2,-3,-3,-1,-3
13369,13369,1503612552705,1,3,-1,-1,-2,-2,0,2
13370,13370,1503612552720,4,-3,0,-1,2,1,4,4
13371,13371,1503612552728,3,8,5,-3,-1,-1,-2,0
13372,13372,1503612552736,-2,-1,1,-2,0,-1,0,4
13373,13373,1503612552742,2,-5,-3,0,-1,0,2,2
13374,13374,1503612552758,-4,2,0,2,-2,-2,-4,-4
13375,13375,1503612552766,0,-3,-2,-2,-1,0,-1,-1
13376,13376,1503612552781,2,-4,-3,-1,1,0,2,3
13377,13377,1503612552788,1,2,-1,-1,-2,-1,3,1
13378,13378,1503612552797,-2,-9,-2,-2,-3,-1,0,-2
13379,13379,1503612552803,3,1,-1,-1,0,1,1,4
13380,13380,1503612552818,-3,-4,-2,-2,-3,-2,-4,-2
13381,13381,1503612552825,2,-3,0,-1,1,-3,-6,1
13382,13382,1503612552841,5,5,1,3,0,0,2,6
13383,13383,1503612552847,0,5,-2,-1,-1,1,0,-2
13384,13384,1503612552856,-3,2,-1,-5,-1,-3,0,0
13385,13385,1503612552863,-4,-4,1,2,-2,-3,0,-2
13386,13386,1503612552878,3,2,3,0,1,2,-2,-7
13387,13387,1503612552885,-5,-3,-1,0,0,0,1,-1
13388,13388,1503612552901,-1,2,-4,-1,-2,-1,-1,-1
13389,13389,1503612552908,-1,-2,-3,-2,-2,-2,-3,-2
13390,13390,1503612552916,-5,0,1,-1,-2,-3,-2,-2
13391,13391,1503612552923,-5,3,-3,0,1,-1,-1,-1
13392,13392,1503612552938,2,-5,-5,-1,-2,1,2,2
13393,13393,1503612552945,-2,-2,0,-1,-3,1,-3,-9
13394,13394,1503612552965,-1,6,1,-1,-3,-2,1,0
13395,13395,1503612552968,2,-2,-1,0,0,1,2,3
13396,13396,1503612552976,-1,-1,0,-3,-2,-1,-3,-2
13397,13397,1503612552982,-4,-5,1,-3,0,-3,-3,-2
13398,13398,1503612552999,1,-3,-2,1,0,-1,-4,-1
13399,13399,1503612553005,3,1,-1,0,-1,-3,3,2
13400,13400,1503612553021,3,5,-3,-2,-1,0,1,-1
13401,13401,1503612553027,-3,0,-2,-1,0,0,-3,-2
13402,13402,1503612553036,-6,-12,-3,0,-1,-1,-2,-1
13403,13403,1503612553043,0,-2,-1,0,-2,-1,-2,-1
13404,13404,1503612553058,-11,18,4,2,1,-2,-1,-2
13405,13405,1503612553065,-9,-4,0,-1,-3,-1,2,3
13406,13406,1503612553081,2,-12,-5,-1,-2,-1,-4,-3
13407,13407,1503612553087,5,7,-1,-2,-1,1,-1,-1
13408,13408,1503612553098,4,2,1,-1,3,3,-1,0
13409,13409,1503612553104,1,-7,-2,1,1,0,1,0
13410,13410,1503612553118,4,-2,2,0,-1,-1,4,2
13411,13411,1503612553125,2,-2,-1,-3,-1,-2,-2,-1
13412,13412,1503612553140,14,4,-1,-1,-1,1,0,1
13413,13413,1503612553147,-1,2,-2,0,-2,-1,1,0
13414,13414,1503612553166,-3,-13,-4,-1,0,-4,-4,2
13415,13415,1503612553170,4,7,4,1,1,1,1,3
13416,13416,1503612553178,-2,-1,-1,0,-2,0,1,-3
13417,13417,1503612553185,-4,-5,-1,1,0,-3,-2,-7
13418,13418,1503612553201,-5,4,4,0,-1,-1,-2,-2
13419,13419,1503612553208,2,4,-2,-3,-1,-1,-4,-3
13420,13420,1503612553216,-3,1,0,-1,2,0,-5,-5
13421,13421,1503612553232,3,2,-1,0,1,0,1,1
13422,13422,1503612553238,-1,3,2,0,-1,2,3,5
13423,13423,1503612553245,1,-2,-3,-1,-2,-2,-5,-5
13424,13424,1503612553261,-3,-4,-4,-1,0,0,4,1
13425,13425,1503612553268,-4,-3,1,-3,-4,-1,-1,1
13426,13426,1503612553276,5,8,1,-2,0,-2,-2,-5
13427,13427,1503612553290,-2,6,1,1,1,-1,1,2
13428,13428,1503612553299,-2,-3,-3,0,-1,-2,1,0
13429,13429,1503612553305,-6,-3,-1,-1,1,0,-6,-4
13430,13430,1503612553321,-1,9,5,0,-2,-1,-5,-3
13431,13431,1503612553327,-6,-7,-3,-2,-2,-1,0,0
13432,13432,1503612553338,-1,-4,-3,-3,-3,-1,1,-1
13433,13433,1503612553350,5,-1,0,-1,-1,1,0,1
13434,13434,1503612553358,2,-2,-3,0,-2,-2,0,1
13435,13435,1503612553368,-4,-2,-3,0,-1,-3,2,-6
13436,13436,1503612553380,1,-1,-3,-3,-3,-4,-1,-3
13437,13437,1503612553387,-4,-2,-2,-1,-1,-1,2,-2
13438,13438,1503612553396,-7,-10,-2,-3,-2,-1,-3,4
13439,13439,1503612553410,-13,-2,2,-1,1,2,-4,-2
13440,13440,1503612553418,-1,1,-3,0,-1,2,4,-1
13441,13441,1503612553425,10,-6,-2,-2,-3,-5,-1,1
13442,13442,1503612553441,-5,-6,-1,0,0,-2,0,-3
13443,13443,1503612553447,6,-3,-2,-2,-4,1,-1,-1
13444,13444,1503612553457,1,2,-1,0,1,2,1,7
13445,13445,1503612553474,-5,-10,-4,-2,-1,-2,-8,-3
13446,13446,1503612553479,-5,0,0,0,0,0,1,-3
13447,13447,1503612553485,-2,0,-1,1,-3,-1,0,-2
13448,13448,1503612553503,-1,1,-3,0,1,-1,-3,-3
13449,13449,1503612553508,-2,-2,-4,-4,-2,-2,1,-1
13450,13450,1503612553509,2,7,1,2,3,0,0,1
13451,13451,1503612553516,3,-3,2,1,2,-2,-1,0
13452,13452,1503612553530,4,4,0,-1,1,1,0,1
13453,13453,1503612553543,-1,-8,-3,0,-3,-1,-2,3
13454,13454,1503612553546,6,2,3,-1,-2,-1,2,1
13455,13455,1503612553561,1,4,2,0,1,1,-3,-7
13456,13456,1503612553568,-2,-1,-3,4,2,-1,0,0
13457,13457,1503612553576,-1,13,3,3,4,0,-1,-4
13458,13458,1503612553590,-3,-2,2,-2,0,1,2,-1
13459,13459,1503612553598,3,-4,-2,0,0,0,2,0
13460,13460,1503612553606,-1,2,0,-3,-5,-3,-1,1
13461,13461,1503612553621,1,-6,-3,-1,-2,-2,0,-1
13462,13462,1503612553627,3,7,3,4,0,-1,-2,-1
13463,13463,1503612553628,-5,-4,1,1,-1,2,-2,0
13464,13464,1503612553637,-1,-1,-1,0,-1,-3,2,3
13465,13465,1503612553638,-7,2,-4,-3,-6,-3,-5,-3
13466,13466,1503612553650,5,1,-4,-1,1,0,0,-2
13467,13467,1503612553658,1,6,2,-1,0,2,-2,1
13468,13468,1503612553665,-1,10,0,-1,-2,1,-3,-6
13469,13469,1503612553681,0,-16,-6,-5,-4,-4,-2,-5
13470,13470,1503612553688,-4,-8,-2,-2,0,-2,1,1
13471,13471,1503612553696,-9,-7,1,-3,-1,-1,-4,-2
13472,13472,1503612553710,-5,2,3,1,1,-1,-3,-3
13473,13473,1503612553718,2,-3,-2,0,3,1,5,1
13474,13474,1503612553725,2,-7,-8,-1,0,2,-2,-4
13475,13475,1503612553741,-3,9,2,1,-1,1,0,2
13476,13476,1503612553747,-5,-1,-2,-4,-4,0,-2,0
13477,13477,1503612553763,1,7,1,-1,1,0,0,2
13478,13478,1503612553771,6,-2,-3,-3,-4,-2,5,4
13479,13479,1503612553778,2,-5,-1,-2,-3,-1,-1,3
13480,13480,1503612553785,0,-1,1,0,2,-2,-4,-3
13481,13481,1503612553803,2,-5,-4,3,3,-1,-1,-1
13482,13482,1503612553808,-2,-2,-1,-3,-2,0,-2,-1
13483,13483,1503612553816,-2,-4,-2,-2,-2,0,0,-2
13484,13484,1503612553830,-6,3,1,2,0,-1,1,1
13485,13485,1503612553839,-2,-8,-3,-3,-1,-2,-1,-4
13486,13486,1503612553845,13,-3,0,0,-1,-1,-2,-4
13487,13487,1503612553861,1,7,1,2,-1,-1,0,-1
13488,13488,1503612553870,-10,-8,-1,-1,1,1,6,0
13489,13489,1503612553876,-3,2,-1,-3,-1,-2,-6,-1
13490,13490,1503612553890,-2,-3,-5,0,0,-1,-3,-1
13491,13491,1503612553898,-4,5,0,-2,-4,-1,1,-3
13492,13492,1503612553906,-3,6,2,-1,-2,-4,-3,0
13493,13493,1503612553921,3,-5,-2,0,0,0,-1,2
13494,13494,1503612553928,1,-1,-2,-1,-1,1,-1,-3
13495,13495,1503612553939,-2,-2,-3,-2,-1,-2,-3,-4
13496,13496,1503612553950,5,11,2,1,1,-1,-4,-1
13497,13497,1503612553959,0,-10,-2,-1,0,-1,-2,-1
13498,13498,1503612553965,-2,2,1,-1,1,-2,-1,1
13499,13499,1503612553981,1,10,3,1,0,0,2,0
13500,13500,1503612553988,0,0,1,-2,-2,1,4,-2
13501,13501,1503612553996,-2,-4,0,-1,-2,2,6,3
13502,13502,1503612554010,-1,-2,-5,0,-3,-2,0,-4
13503,13503,1503612554011,0,-3,-4,-1,1,-1,-6,-1
13504,13504,1503612554018,-20,-6,2,1,-1,-3,-2,-2
13505,13505,1503612554025,-3,-4,-2,1,-2,0,1,3
13506,13506,1503612554041,2,-5,-3,-2,-1,1,1,1
13507,13507,1503612554048,6,5,6,0,-1,-1,1,0
13508,13508,1503612554063,10,3,1,0,1,-1,-1,-1
13509,13509,1503612554072,-9,-5,-5,-1,0,0,-2,-3
13510,13510,1503612554079,2,2,-3,0,-5,0,-3,-1
13511,13511,1503612554093,2,-4,-3,-1,-1,-1,1,2
13512,13512,1503612554101,-6,-4,1,-2,-2,0,5,2
13513,13513,1503612554108,-2,-4,-1,-2,-4,-2,-3,-7
13514,13514,1503612554122,7,7,-1,0,0,0,-2,-2
13515,13515,1503612554130,4,2,1,1,0,-3,-2,3
13516,13516,1503612554139,7,3,0,-4,-1,-2,-4,-1
13517,13517,1503612554153,-3,-2,-2,-1,-3,-2,-7,-1
13518,13518,1503612554161,0,9,3,-3,1,0,5,-1
13519,13519,1503612554168,0,-1,-4,-1,1,-1,4,-1
13520,13520,1503612554183,-4,7,-2,-3,-5,-2,-8,-4
13521,13521,1503612554190,-8,-4,4,1,0,4,4,1
13522,13522,1503612554198,0,0,-4,-3,0,-2,-2,0
13523,13523,1503612554214,-10,2,5,3,-1,-4,-2,-6
13524,13524,1503612554221,3,-9,-5,0,-1,1,-3,-3
13525,13525,1503612554227,3,-9,-8,-5,0,-1,-2,3
13526,13526,1503612554243,-10,-15,-5,-1,0,-1,8,-1
13527,13527,1503612554250,4,5,0,-3,-1,-1,0,-4
13528,13528,1503612554258,-3,14,5,-1,-1,1,4,4
13529,13529,1503612554273,-1,14,5,1,1,0,-5,2
13530,13530,1503612554281,-2,-6,0,2,4,0,-6,-7
13531,13531,1503612554287,3,-7,-5,-3,-5,-1,2,4
13532,13532,1503612554303,5,-1,3,2,-2,-4,-2,1
13533,13533,1503612554310,-5,7,-1,2,3,2,3,2
13534,13534,1503612554318,-13,5,6,2,0,1,2,-4
13535,13535,1503612554333,4,-4,-2,-2,-2,0,1,4
13536,13536,1503612554341,6,2,-2,-2,-3,-4,-11,4
13537,13537,1503612554349,-5,-10,0,-2,0,-3,2,-3
13538,13538,1503612554363,-1,-6,-2,0,1,-2,0,-1
13539,13539,1503612554370,-2,-1,-2,-3,-1,0,0,-16
13540,13540,1503612554378,0,-7,-1,-1,0,-1,-8,-11
13541,13541,1503612554392,-13,-4,-2,-4,-3,-2,-3,-3
13542,13542,1503612554393,10,15,7,4,0,1,-2,12
13543,13543,1503612554401,-3,1,-5,-6,-1,2,7,-32
13544,13544,1503612554409,-2,-5,-4,-3,0,1,-2,-7
13545,13545,1503612554423,-7,20,7,2,-1,0,0,39
13546,13546,1503612554430,-8,-4,-3,-1,-1,-2,-5,-19
13547,13547,1503612554446,3,-20,-8,-2,-1,-1,-6,19
13548,13548,1503612554453,-8,-6,1,1,-2,-3,-4,-14
13549,13549,1503612554461,9,-2,-5,-1,0,-1,2,-7
13550,13550,1503612554467,4,9,4,1,0,-1,4,4
13551,13551,1503612554484,2,-5,-5,-7,-3,-1,4,-5
13552,13552,1503612554490,-3,-9,-10,-9,-5,-3,-2,16
13553,13553,1503612554498,10,3,2,3,-1,-2,-4,8
13554,13554,1503612554513,-4,-10,-9,-2,-2,0,2,7
13555,13555,1503612554521,-2,-8,-2,-1,-4,1,4,-2
13556,13556,1503612554527,5,8,3,3,-1,3,-3,-15
13557,13557,1503612554528,-12,-4,-3,-1,-1,0,1,-37
13558,13558,1503612554547,-8,1,1,0,0,2,-4,-27
13559,13559,1503612554551,12,1,-1,0,1,0,4,13
13560,13560,1503612554558,7,-9,-8,-6,-3,-1,2,2
13561,13561,1503612554577,-2,10,7,3,1,-4,2,3
13562,13562,1503612554581,1,20,2,1,2,-2,-6,3
13563,13563,1503612554588,-1,-2,3,0,-1,-2,-7,21
13564,13564,1503612554603,7,-8,0,-1,-4,1,-1,50
13565,13565,1503612554612,5,-3,-3,-1,-2,1,-2,17
13566,13566,1503612554618,-10,-1,-3,3,2,0,-1,-3
13567,13567,1503612554632,-3,-10,-4,-1,-2,-1,0,-2
13568,13568,1503612554644,-13,2,5,2,1,0,-4,-10
13569,13569,1503612554648,-1,-5,0,4,1,0,-19,-29
13570,13570,1503612554662,0,8,4,-1,-1,-3,-5,21
13571,13571,1503612554670,0,2,0,-4,1,-1,0,-1
13572,13572,1503612554678,-15,-5,-3,-1,-1,1,-3,2
13573,13573,1503612554693,4,4,1,2,0,-2,-2,-8
13574,13574,1503612554700,-4,-4,0,-2,-3,-6,-4,-12
13575,13575,1503612554709,-8,2,1,1,2,0,3,-3
13576,13576,1503612554722,5,-6,2,4,3,1,-3,-20
13577,13577,1503612554730,2,-1,1,-2,0,-1,6,3
13578,13578,1503612554738,6,14,-1,-2,1,1,4,-12
13579,13579,1503612554753,5,0,-5,0,-1,1,7,-1
13580,13580,1503612554760,2,10,-5,-7,-4,0,4,-12
13581,13581,1503612554768,-1,-3,-2,-4,-1,-2,-1,17
13582,13582,1503612554783,-5,-15,-5,1,-1,0,8,4
13583,13583,1503612554790,-2,8,3,2,-1,-1,-4,-6
13584,13584,1503612554798,3,-4,-6,-4,0,-3,9,3
13585,13585,1503612554813,11,-2,-3,-1,-3,0,0,-2
13586,13586,1503612554820,-3,14,12,3,1,-3,-8,-31
13587,13587,1503612554827,3,-7,2,0,1,1,0,-10
13588,13588,1503612554844,13,-13,-8,-4,-3,-4,-5,6
13589,13589,1503612554850,-17,18,3,1,-1,2,2,-24
13590,13590,1503612554858,-7,-8,-3,1,0,2,1,1
13591,13591,1503612554872,-2,-16,-12,-6,-4,-4,4,44
13592,13592,1503612554880,5,12,16,10,4,-1,3,9
13593,13593,1503612554881,-4,-2,1,-1,-2,-3,-3,34
13594,13594,1503612554888,-10,0,3,3,2,1,-1,-34
13595,13595,1503612554902,4,-1,-2,3,3,2,3,-19
13596,13596,1503612554911,15,26,5,-1,-1,1,0,2
13597,13597,1503612554919,-10,-6,-2,0,-2,-3,-6,-18
13598,13598,1503612554933,-9,-8,-2,-1,0,-4,-6,0
13599,13599,1503612554941,5,3,1,0,-2,1,1,4
13600,13600,1503612554949,1,-8,-3,0,-1,-1,-2,-1
13601,13601,1503612554963,3,-4,-1,0,0,-2,4,-9
13602,13602,1503612554972,7,1,1,0,-3,-1,0,2
13603,13603,1503612554979,-31,14,9,3,1,1,0,-1
13604,13604,1503612554993,6,18,3,0,-2,-2,-5,8
13605,13605,1503612555001,9,-6,-5,-2,-4,-2,-3,4
13606,13606,1503612555017,-2,-20,-6,-5,-1,-1,-1,0
13607,13607,1503612555023,-12,4,-1,-3,-2,-4,-6,-10
13608,13608,1503612555036,3,-3,-2,-2,-1,0,10,7
13609,13609,1503612555046,7,-4,-2,-3,-4,-2,-3,-2
13610,13610,1503612555055,-7,-1,1,1,1,0,-2,-11
13611,13611,1503612555061,-5,0,3,2,0,1,-5,-8
13612,13612,1503612555080,16,5,-1,-1,2,2,0,18
13613,13613,1503612555084,7,-1,-5,-4,-2,0,1,3
13614,13614,1503612555090,-13,-8,-3,0,-3,-2,6,-28
13615,13615,1503612555108,3,2,-2,-1,1,-1,9,6
13616,13616,1503612555114,0,4,-1,0,-2,-1,2,14
13617,13617,1503612555121,3,6,2,0,-2,0,-7,15
13618,13618,1503612555135,-8,-17,-4,-2,-2,0,-9,-6
13619,13619,1503612555143,4,-4,-3,-2,-2,0,2,14
13620,13620,1503612555150,-2,-2,0,-2,0,-3,-1,21
13621,13621,1503612555165,3,-7,-2,1,2,1,-4,-14
13622,13622,1503612555173,-4,12,5,-2,0,-4,0,26
13623,13623,1503612555181,14,1,-2,-4,0,-3,3,3
13624,13624,1503612555194,4,8,0,-1,-1,-3,-12,-6
13625,13625,1503612555202,0,-8,-2,-1,-3,1,7,13
13626,13626,1503612555211,-2,-1,-3,-4,-2,2,1,-9
13627,13627,1503612555225,-8,-9,-1,-1,-1,-1,-6,-23
13628,13628,1503612555232,-8,-2,-3,2,3,-1,-5,-15
13629,13629,1503612555240,-2,-2,-1,-1,-1,-1,0,0
13630,13630,1503612555254,3,-8,-1,-2,-1,0,1,-22
13631,13631,1503612555262,11,15,1,2,2,-2,-2,6
13632,13632,1503612555270,-1,-4,-2,1,0,1,3,-3
13633,13633,1503612555285,-8,2,1,0,-2,-1,-1,-21
13634,13634,1503612555293,0,-3,3,2,0,-2,-2,-2
13635,13635,1503612555300,-6,-7,-1,-1,0,0,0,8
13636,13636,1503612555314,-7,1,0,-2,-2,-1,2,-7
13637,13637,1503612555322,0,-9,-3,-2,-2,-2,1,4
13638,13638,1503612555330,-2,-8,-3,-1,1,0,-1,7
13639,13639,1503612555346,3,2,1,-1,0,0,-2,-3
13640,13640,1503612555353,2,0,-1,0,-3,1,-1,-28
13641,13641,1503612555360,-4,-2,0,0,-1,-2,0,-4
13642,13642,1503612555374,19,11,-1,-1,-1,-1,-1,15
13643,13643,1503612555383,-1,2,-1,-1,-1,-2,2,51
13644,13644,1503612555390,-9,-5,1,1,1,-1,0,-12
13645,13645,1503612555414,-1,0,-3,-1,0,-1,0,2
13646,13646,1503612555420,1,5,-2,-3,0,2,1,-4
13647,13647,1503612555434,0,6,1,0,-1,1,2,7
13648,13648,1503612555443,-5,-6,-3,-1,0,0,0,-7
13649,13649,1503612555451,4,-1,2,-2,1,1,1,10
13650,13650,1503612555465,1,3,-1,1,-1,-2,-3,-6
13651,13651,1503612555473,-4,-6,-5,-1,0,-1,-1,10
13652,13652,1503612555484,-14,-4,1,-2,0,-2,0,-7
13653,13653,1503612555495,-7,6,2,-2,-1,1,-4,1
13654,13654,1503612555503,1,-2,-4,-1,-3,-1,-2,1
13655,13655,1503612555510,-4,-10,-5,-2,-2,-3,1,1
13656,13656,1503612555525,-8,-11,-2,-2,0,-2,2,-6
13657,13657,1503612555533,-1,-2,2,1,-1,-2,-2,-4
13658,13658,1503612555541,2,-5,-4,-2,-2,0,1,-1
13659,13659,1503612555556,1,-2,-4,-5,-3,0,-1,3
13660,13660,1503612555563,2,5,0,0,1,-1,-4,0
13661,13661,1503612555570,1,3,0,0,-2,-2,-1,-2
13662,13662,1503612555585,-2,0,-2,-2,-3,-2,-1,-2
13663,13663,1503612555592,1,-6,-2,-2,-1,-1,-1,3
13664,13664,1503612555601,-8,-2,-3,-1,-1,0,-2,-4
13665,13665,1503612555615,3,-3,1,-1,1,-1,-1,-5
13666,13666,1503612555623,5,-1,-3,-3,2,0,0,0
13667,13667,1503612555624,0,1,0,-4,0,-1,-4,2
13668,13668,1503612555630,-7,1,-3,0,-3,-2,-4,1
13669,13669,1503612555645,6,0,0,0,-1,1,3,2
13670,13670,1503612555653,-1,4,4,-1,-2,0,1,2
13671,13671,1503612555660,-6,-4,-2,-1,-1,-1,-1,-5
13672,13672,1503612555661,7,1,-1,0,1,-2,-1,1
13673,13673,1503612555675,3,-2,-2,-1,-1,-1,0,-3
13674,13674,1503612555683,1,1,1,-1,-1,-1,1,-3
13675,13675,1503612555691,-12,-1,-2,-1,-2,1,-1,-3
13676,13676,1503612555706,0,-2,-4,-3,-1,-4,-6,-7
13677,13677,1503612555712,1,-3,0,2,1,1,5,2
13678,13678,1503612555728,-5,1,-1,0,-1,1,-4,-1
13679,13679,1503612555735,-5,0,-2,-2,0,-1,-3,-2
13680,13680,1503612555743,0,0,1,2,-2,-3,2,1
13681,13681,1503612555750,-1,-1,-2,-3,-1,0,-1,-1
13682,13682,1503612555765,-7,4,1,-1,-2,0,-1,-2
13683,13683,1503612555773,0,2,1,-1,0,-2,1,0
13684,13684,1503612555783,3,-4,-5,-3,-1,-4,-3,-5
13685,13685,1503612555795,5,-2,0,3,1,0,-3,1
13686,13686,1503612555803,7,-3,-2,-2,0,3,1,2
13687,13687,1503612555810,-9,-2,-5,-1,-4,0,-2,-2
13688,13688,1503612555825,-6,-4,0,1,0,-2,1,0
13689,13689,1503612555832,1,-4,-2,-2,-1,-2,0,-4
13690,13690,1503612555841,-5,-2,2,-2,-1,-1,-3,-3
13691,13691,1503612555855,-8,-3,0,-1,0,-1,-3,1
13692,13692,1503612555863,1,0,-2,1,1,-1,-2,-1
13693,13693,1503612555870,5,0,-2,-1,1,-1,-1,-2
13694,13694,1503612555885,7,3,1,0,-2,1,3,5
13695,13695,1503612555893,0,-5,1,-1,-2,-1,0,-5
13696,13696,1503612555900,-11,-5,-3,-3,-3,1,0,-4
13697,13697,1503612555914,-2,1,3,2,2,-1,-3,-1
13698,13698,1503612555923,-12,-5,0,-1,1,-2,-1,-2
13699,13699,1503612555937,-3,4,0,0,1,-2,3,0
13700,13700,1503612555945,1,5,-1,0,-1,0,1,2
13701,13701,1503612555955,4,0,-1,-2,-2,-1,-4,-1
13702,13702,1503612555967,2,0,-1,2,0,1,3,0
13703,13703,1503612555975,-3,4,1,3,0,-3,2,1
13704,13704,1503612555984,7,-2,2,0,0,-1,-2,1
13705,13705,1503612555997,14,-3,-2,-2,-2,0,-2,1
13706,13706,1503612556005,4,4,1,0,0,0,1,4
13707,13707,1503612556012,2,-2,-3,0,-2,-1,1,-2
13708,13708,1503612556027,13,-3,-2,0,-1,-1,-4,-5
13709,13709,1503612556035,-1,3,-3,-1,-1,0,-2,-1
13710,13710,1503612556043,0,0,-2,-3,-2,-1,1,2
13711,13711,1503612556057,5,7,6,0,0,-1,1,1
13712,13712,1503612556065,-1,-2,-2,-1,1,-1,-1,-1
13713,13713,1503612556072,-7,-3,-3,0,-1,-1,-2,1
13714,13714,1503612556088,8,-3,-2,0,1,-2,-2,-2
13715,13715,1503612556096,-6,-3,1,0,-1,0,-5,-4
13716,13716,1503612556103,1,-2,0,0,-1,0,-2,0
13717,13717,1503612556120,-10,-4,-4,-1,0,0,-2,-7
13718,13718,1503612556125,-2,1,0,-2,-1,-1,-1,2
13719,13719,1503612556132,-19,-2,-3,-3,0,0,1,2
13720,13720,1503612556147,15,3,1,0,-2,-2,0,-4
13721,13721,1503612556155,4,-8,-4,-2,0,0,1,-2
13722,13722,1503612556163,-7,0,1,-1,-2,1,-4,-4
13723,13723,1503612556177,-3,-1,-3,0,2,0,0,-2
13724,13724,1503612556186,-15,-2,1,0,0,0,1,0
13725,13725,1503612556192,9,4,1,-2,-2,-1,0,0
13726,13726,1503612556207,-2,-3,-2,-2,-1,-1,-1,-3
13727,13727,1503612556215,7,-1,-2,-1,0,-1,-1,0
13728,13728,1503612556224,-6,-4,-3,0,-1,-2,0,0
13729,13729,1503612556237,1,-3,-3,2,3,-2,-2,-2
13730,13730,1503612556245,-5,1,-3,0,0,1,-3,0
13731,13731,1503612556254,0,3,1,0,-3,2,-1,-5
13732,13732,1503612556268,0,-4,-3,-1,-1,-2,-3,-5
13733,13733,1503612556275,0,-1,-4,-2,-4,-3,-3,-4
13734,13734,1503612556283,36,3,3,0,0,-1,2,5
13735,13735,1503612556297,18,0,3,-1,-1,0,2,6
13736,13736,1503612556305,-6,2,-3,0,1,1,-2,-1
13737,13737,1503612556312,1,3,3,0,-1,1,0,5
13738,13738,1503612556328,-10,-7,-2,-2,-2,-3,1,0
13739,13739,1503612556335,-11,0,0,-2,-4,-2,-2,-1
13740,13740,1503612556343,-8,-10,-3,-2,-1,-2,0,5
13741,13741,1503612556360,-1,-1,-1,-3,0,-1,-4,-8
13742,13742,1503612556365,30,7,4,0,0,1,3,9
13743,13743,1503612556372,2,0,0,-1,0,-1,0,14
13744,13744,1503612556388,-12,4,3,-2,-1,2,0,-4
13745,13745,1503612556396,-1,-5,-5,-1,-5,-3,-1,-7
13746,13746,1503612556403,-29,10,3,1,-1,0,1,-8
13747,13747,1503612556417,3,13,7,3,0,0,-2,0
13748,13748,1503612556425,-12,2,-3,-2,-1,-3,-4,-3
13749,13749,1503612556433,-1,-8,-4,-1,0,-1,2,0
13750,13750,1503612556447,6,1,0,2,-1,2,0,0
13751,13751,1503612556448,-4,-5,-5,-1,-3,-1,-3,-5
13752,13752,1503612556456,8,2,4,-1,1,-1,-3,-1
13753,13753,1503612556463,-9,-3,4,0,1,-2,-6,-6
13754,13754,1503612556477,17,-8,-3,-1,-2,0,4,5
13755,13755,1503612556485,-2,-7,-5,0,0,2,3,4
13756,13756,1503612556493,4,-9,-10,-2,-2,0,-5,3
13757,13757,1503612556507,-5,-12,-6,1,-1,0,1,21
13758,13758,1503612556515,-18,5,-1,-2,-2,-1,-2,-2
13759,13759,1503612556523,3,0,-2,-2,-3,-1,4,-5
13760,13760,1503612556537,-6,-3,-2,0,1,-1,-6,-2
13761,13761,1503612556545,-3,4,2,0,0,-2,2,-4
13762,13762,1503612556558,-17,-1,2,0,4,1,1,-8
13763,13763,1503612556567,13,3,0,0,-1,-4,0,-4
13764,13764,1503612556575,0,2,2,3,3,-2,-4,-18
13765,13765,1503612556582,3,10,8,3,4,1,0,-3
13766,13766,1503612556597,-9,-2,-1,-2,-2,-1,1,-2
13892,13892,1503612557850,2,-11,-3,-3,-3,1,-3,15
13893,13893,1503612557865,0,-23,-9,-1,-3,-1,-2,-12
13894,13894,1503612557872,-14,3,-1,0,-1,1,-1,11
13895,13895,1503612557880,-10,-16,-4,-2,2,1,3,12
13896,13896,1503612557887,-4,0,-1,0,-1,0,12,46
13897,13897,1503612557903,-2,5,2,2,-2,-2,-1,-17
13898,13898,1503612557910,0,-7,-2,-2,-6,0,-4,-14
13899,13899,1503612557925,-13,-14,-5,-4,-3,-2,-6,19
13900,13900,1503612557932,-2,2,0,0,1,2,2,4
13901,13901,1503612557933,7,-1,2,-1,-3,-2,4,15
13902,13902,1503612557940,2,-9,-6,-2,-6,0,3,-4
13903,13903,1503612557947,-3,13,4,0,2,-2,9,-49
13904,13904,1503612557967,4,10,0,-1,1,-2,2,-1
13905,13905,1503612557972,4,-6,-4,-2,-1,-1,8,0
13906,13906,1503612557985,3,11,1,0,-1,-2,1,13
13907,13907,1503612557994,-15,-4,0,1,1,1,-6,-14
13908,13908,1503612558001,-3,-7,-1,-2,-2,0,2,11
13909,13909,1503612558008,-3,-1,-1,-1,4,2,-3,-7
13910,13910,1503612558023,-14,-6,-4,0,0,-2,-3,-31
13911,13911,1503612558032,0,-4,2,1,-1,0,-4,4
13912,13912,1503612558046,20,-18,-8,-3,-3,-4,-10,6
13913,13913,1503612558052,-1,-8,-3,0,0,-4,-12,3
13914,13914,1503612558061,5,-6,0,0,0,-1,0,-10
13915,13915,1503612558067,23,-9,-7,-4,-2,-3,-1,6
13916,13916,1503612558068,4,-4,-2,1,0,0,3,5
13917,13917,1503612558083,-6,-6,-3,-2,1,0,-5,4
13918,13918,1503612558091,-6,0,-3,1,-2,-2,-2,55
13919,13919,1503612558123,-7,-2,-3,-2,-2,-1,-1,6
13920,13920,1503612558135,5,-1,0,-3,-1,-2,-2,0
13921,13921,1503612558154,2,-1,2,1,1,0,2,-4
13922,13922,1503612558155,4,4,-1,0,-2,1,-5,-3
13923,13923,1503612558159,7,-1,-3,-1,-1,-1,-8,-6
13924,13924,1503612558179,-8,4,1,2,7,2,1,22
13925,13925,1503612558181,-13,-3,-3,-3,-5,-1,-1,-20
13926,13926,1503612558189,-7,-3,-3,-2,2,-1,3,-15
13927,13927,1503612558203,0,2,0,0,-4,-5,-5,10
13928,13928,1503612558210,42,-6,-3,1,2,0,4,8
13929,13929,1503612558225,2,0,0,2,5,3,0,-10
13930,13930,1503612558233,-17,-6,-2,0,4,1,0,-15
13931,13931,1503612558240,9,5,4,5,9,0,2,-9
13932,13932,1503612558247,-11,6,1,-2,1,-4,0,-11
13933,13933,1503612558263,-10,0,0,0,-7,1,6,-8
13934,13934,1503612558270,-9,6,0,-2,-6,-4,-2,-5
13935,13935,1503612558285,0,-1,-3,-4,-4,1,6,2
13936,13936,1503612558292,-3,2,0,-1,0,-2,-7,-7
13937,13937,1503612558301,0,1,-1,0,3,0,-2,3
13938,13938,1503612558307,-2,0,-1,-3,-3,-3,-3,8
13939,13939,1503612558323,-4,-1,-2,-1,-8,-5,-1,-4
13940,13940,1503612558330,-3,-3,0,1,0,3,3,-5
13941,13941,1503612558339,-10,-8,-5,-2,-3,-4,0,0
13942,13942,1503612558352,15,8,7,2,2,1,-8,2
13943,13943,1503612558353,-8,-3,-1,-1,-3,-1,3,-4
13944,13944,1503612558361,5,2,-1,-2,2,-1,-7,1
13945,13945,1503612558368,-2,6,3,-2,0,0,2,0
13946,13946,1503612558383,-3,-4,0,0,2,2,5,3
13947,13947,1503612558390,29,6,-2,1,0,-1,-1,2
13948,13948,1503612558398,4,3,0,0,2,2,0,-30
13949,13949,1503612558422,4,1,0,1,1,-2,-4,-6
13950,13950,1503612558463,13,-2,1,1,0,-1,0,14
13951,13951,1503612558473,-8,9,3,1,-1,1,6,26
13952,13952,1503612558481,-3,-1,0,-2,-4,-2,-2,12
13953,13953,1503612558487,-3,0,4,-3,-1,2,3,-9
13954,13954,1503612558503,0,-25,-3,1,0,2,5,8
13955,13955,1503612558510,-10,-5,-5,-1,2,4,10,21
13956,13956,1503612558526,-10,-20,-7,-2,0,-2,-6,-24
13957,13957,1503612558536,-5,11,5,1,7,6,-8,-15
13958,13958,1503612558540,6,15,0,-4,-1,-4,0,-6
13959,13959,1503612558547,6,2,1,3,5,2,1,-18
13960,13960,1503612558563,5,35,11,2,-1,2,-3,8
13961,13961,1503612558570,7,-15,-3,-1,-1,-2,-8,-23
13962,13962,1503612558585,19,10,3,1,-2,0,4,13
13963,13963,1503612558593,-3,-1,-3,0,-3,-2,-5,5
13964,13964,1503612558603,3,-2,-3,0,-2,-2,-4,7
13965,13965,1503612558608,2,-2,-1,0,-1,-2,1,-3
13966,13966,1503612558623,-4,-8,-1,1,1,-1,3,6
13967,13967,1503612558630,-1,13,2,-2,0,2,4,2
13968,13968,1503612558646,-4,-19,-8,-4,-4,-2,4,-8
13969,13969,1503612558652,11,-9,-7,-2,-9,-5,7,26
13970,13970,1503612558660,-7,-6,-2,1,-1,-2,-4,7
13971,13971,1503612558669,-11,-9,-6,-3,0,0,1,-20
13972,13972,1503612558683,-5,4,0,3,1,-1,-7,0
13973,13973,1503612558690,-4,4,5,2,1,0,-5,-2
13974,13974,1503612558698,0,1,-1,-3,-1,-1,-4,-5
13975,13975,1503612558712,-2,-3,1,0,-4,2,-2,-5
13976,13976,1503612558720,4,-2,-3,1,7,-1,3,-1
13977,13977,1503612558737,1,2,-1,-1,-3,-2,0,0
13978,13978,1503612558744,10,6,0,-2,-1,1,-3,13
13979,13979,1503612558750,-2,-5,-2,-2,3,1,4,13
13980,13980,1503612558767,-11,0,0,-2,-1,0,1,22
13981,13981,1503612558775,3,0,0,2,5,1,3,-6
13982,13982,1503612558780,-6,-1,0,-3,-3,-1,0,-27
13983,13983,1503612558796,-8,7,2,-1,-3,-4,-5,-5
13984,13984,1503612558804,-11,2,2,0,3,-1,-7,-18
13985,13985,1503612558810,-3,-14,-8,-2,-1,-1,-3,-14
13986,13986,1503612558825,7,-4,0,-1,-6,0,-4,-10
13987,13987,1503612558832,6,1,0,-1,-1,-2,-5,-8
13988,13988,1503612558841,8,9,-1,-1,-2,-3,5,18
13989,13989,1503612558855,-4,-6,2,1,4,1,-1,3
13990,13990,1503612558863,-5,2,1,1,3,2,3,-1
13991,13991,1503612558870,0,-7,-6,-1,-2,0,-6,-7
13992,13992,1503612558871,9,-2,2,1,-2,-2,-1,-8
13993,13993,1503612558885,21,3,-3,-3,-8,-2,-6,6
13994,13994,1503612558893,-9,-6,-4,-2,-6,-5,2,6
13995,13995,1503612558902,-10,-5,0,-1,0,-1,-1,-6
13996,13996,1503612558916,6,2,-2,-2,-1,0,4,39
13997,13997,1503612558923,-2,4,3,0,-7,-3,5,-4
13998,13998,1503612558930,1,-2,0,0,1,1,0,-1
13999,13999,1503612558945,-6,-7,-5,1,2,1,0,10
14000,14000,1503612558953,-2,0,-1,0,-5,-4,-2,-3
14001,14001,1503612558960,-6,-5,-5,-3,-1,0,-1,-23
14002,14002,1503612558975,9,8,1,1,0,0,-9,-32
14003,14003,1503612558983,2,4,0,-1,-3,-3,3,5
14004,14004,1503612558990,-13,-3,0,0,-2,0,-7,-8
14005,14005,1503612559006,-21,-6,0,-1,3,-1,-6,-16
14006,14006,1503612559013,8,-7,-6,-3,-4,-2,-2,1
14007,14007,1503612559020,-5,4,1,-1,-2,-4,-5,0
14008,14008,1503612559036,-5,-4,0,-1,1,-1,2,-2
14009,14009,1503612559044,1,-4,-5,1,0,2,10,28
14010,14010,1503612559050,4,6,4,0,-1,0,-1,-2
14011,14011,1503612559094,-2,-14,-3,-2,-4,-2,-1,-11
14012,14012,1503612559097,8,-13,-4,-2,2,-1,-2,-18
14013,14013,1503612559103,-6,-3,2,1,-1,0,2,0
14014,14014,1503612559110,-4,-3,-4,-3,-1,-2,4,-15
14015,14015,1503612559125,5,6,1,0,2,3,-3,8
14016,14016,1503612559132,-7,6,3,0,0,-1,-1,8
14017,14017,1503612559142,0,5,-1,-1,-2,-6,-6,-14
14018,14018,1503612559155,-7,3,0,0,-1,1,4,-3
14019,14019,1503612559163,3,-1,0,-1,2,-2,3,5
14020,14020,1503612559170,10,6,2,2,1,1,3,17
14021,14021,1503612559185,-4,4,2,1,0,-7,-1,-3
14022,14022,1503612559192,-5,1,1,-2,-2,2,3,6
14023,14023,1503612559200,8,0,-2,1,2,6,4,11
14024,14024,1503612559216,-14,-5,0,-2,0,-2,-2,5
14025,14025,1503612559223,-6,-3,-3,-1,2,-1,-5,-8
14026,14026,1503612559230,-2,-18,-8,-2,-3,-1,-7,4
14027,14027,1503612559245,-6,4,0,-1,2,5,11,26
14028,14028,1503612559252,-10,-16,-7,-2,-1,-1,1,5
14029,14029,1503612559304,14,-5,-2,0,-6,-2,2,-4
14030,14030,1503612559307,5,4,0,-3,-2,-4,-7,-10
14031,14031,1503612559309,-3,2,3,0,-2,-2,-9,-9
14032,14032,1503612559313,-8,13,6,2,0,-6,-16,-22
14033,14033,1503612559320,-1,1,0,-2,-7,-3,-5,-14
14034,14034,1503612559335,1,7,1,0,-1,1,-4,-2
14035,14035,1503612559343,1,-7,-3,1,3,1,-6,4
14036,14036,1503612559350,5,7,0,-1,0,-1,-6,9
14037,14037,1503612559365,-3,-6,-4,0,2,-4,-9,-3
14038,14038,1503612559374,-1,0,1,2,1,3,9,4
14039,14039,1503612559382,5,6,6,2,-1,1,2,-4
14040,14040,1503612559395,-6,-7,-3,0,1,1,-5,-51
14041,14041,1503612559403,4,8,3,4,-3,-2,4,-5
14042,14042,1503612559410,-6,2,3,-2,-5,-4,-3,-7
14043,14043,1503612559425,18,-3,-4,-4,1,2,-11,-7
14044,14044,1503612559432,5,5,2,-1,3,3,5,14
14045,14045,1503612559441,-3,-3,-1,0,2,0,2,-9
14046,14046,1503612559442,-12,-2,-4,-3,-3,-4,0,-5
14047,14047,1503612559455,4,3,-2,0,2,1,8,26
14048,14048,1503612559463,0,1,0,0,3,-1,-2,-10
14049,14049,1503612559470,2,0,-3,-2,-8,-3,-2,5
14050,14050,1503612559486,9,-1,-3,-4,-6,-5,-1,19
14051,14051,1503612559492,5,-5,-4,-1,3,1,6,18
14052,14052,1503612559502,-6,5,6,1,0,1,3,-15
14053,14053,1503612559515,-2,-1,-1,0,-2,-5,-4,-32
14054,14054,1503612559523,-13,-1,-2,-1,0,-1,-4,-5
14055,14055,1503612559530,-8,-2,0,-2,-7,-6,-14,3
14056,14056,1503612559545,-8,-3,-3,-4,0,0,7,-4
14057,14057,1503612559552,11,0,0,3,11,-1,1,14
14058,14058,1503612559568,-1,-2,-3,2,-3,-1,2,1
14059,14059,1503612559576,-6,1,1,-1,6,8,3,21
14060,14060,1503612559583,-6,-4,-1,-3,-3,0,-2,0
14061,14061,1503612559590,3,1,0,1,-3,-4,5,-7
14062,14062,1503612559605,0,-13,-7,-3,-6,3,-3,22
14063,14063,1503612559612,-1,6,2,-2,-2,3,5,10
14064,14064,1503612559620,-9,7,3,0,5,4,3,-10
14065,14065,1503612559635,0,-5,-3,-3,-5,-3,1,7
14066,14066,1503612559643,5,-2,2,4,9,0,-7,-9
14067,14067,1503612559657,-2,2,0,0,-1,-1,-6,-13
14068,14068,1503612559665,-2,0,-1,-2,-4,-5,-2,3
14069,14069,1503612559672,1,0,-1,0,0,-2,-6,2
14070,14070,1503612559687,13,2,-3,-1,-3,-2,-3,-14
14071,14071,1503612559695,7,-1,0,-2,-1,1,2,22
14072,14072,1503612559703,-5,-2,0,-4,-2,-1,3,3
14073,14073,1503612559718,-15,-26,-5,-2,-4,-3,-1,8
14074,14074,1503612559725,-12,-3,-2,-3,-5,-3,-4,-13
14075,14075,1503612559732,1,5,0,-1,-2,1,3,-2
14076,14076,1503612559747,-5,0,-1,0,0,1,1,10
14077,14077,1503612559755,1,0,-2,-2,0,-3,-2,-2
14078,14078,1503612559763,6,6,2,1,5,2,3,17
14079,14079,1503612559777,21,7,2,0,-1,3,11,8
14080,14080,1503612559785,10,-7,-4,-2,-2,-2,3,0
14081,14081,1503612559792,1,-6,-2,-2,-3,-4,-9,-20
14082,14082,1503612559807,6,1,-3,-2,-3,-1,3,22
14083,14083,1503612559815,4,-1,-2,-3,-4,-1,0,3
14084,14084,1503612559823,0,4,0,-1,1,2,4,16
14085,14085,1503612559837,-12,-5,-6,0,0,-1,2,4
14086,14086,1503612559845,10,4,0,0,2,-1,4,-17
14087,14087,1503612559854,0,3,0,-1,3,2,-1,3
14088,14088,1503612559867,0,-11,-5,0,-3,-2,-13,-40
14089,14089,1503612559875,-10,-7,2,1,3,1,4,40
14090,14090,1503612559883,-18,-13,-5,-3,3,-1,-13,-10
14091,14091,1503612559897,-3,15,5,1,-2,1,-5,13
14092,14092,1503612559905,3,11,2,0,-5,-2,-4,16
14093,14093,1503612559913,16,9,3,1,0,1,4,8
14094,14094,1503612559927,-3,-2,-1,1,1,-2,-9,-5
14095,14095,1503612559936,-16,7,1,-1,-1,0,-3,-18
14096,14096,1503612559947,-4,-5,0,-2,-2,0,8,-3
14097,14097,1503612559958,7,-16,-2,0,0,-1,-4,-9
14098,14098,1503612559965,-7,-1,2,1,0,0,-5,12
14099,14099,1503612559972,-5,-2,-1,-2,-1,-1,3,23
14100,14100,1503612559973,5,-1,-2,-1,-2,-3,-10,-56
14101,14101,1503612559988,1,2,0,-1,-2,-2,8,-18
14102,14102,1503612559995,11,-7,-7,0,-2,-1,-5,-13
14103,14103,1503612560003,6,7,-2,-1,-3,-3,-8,3
14104,14104,1503612560018,4,-3,0,-1,5,1,1,2
14105,14105,1503612560025,-7,1,2,0,-2,0,8,6
14106,14106,1503612560032,-4,0,-3,-5,-6,-5,-5,-9
14107,14107,1503612560048,-12,-10,1,0,6,2,-5,2
14108,14108,1503612560055,2,0,0,4,6,3,7,50
14109,14109,1503612560063,3,3,0,-2,-1,1,2,4
14110,14110,1503612560082,-10,2,2,0,0,0,2,-5
14111,14111,1503612560087,1,1,-2,0,-2,2,-5,-9
14112,14112,1503612560092,-3,2,-2,-4,-4,-2,-6,-15
14113,14113,1503612560107,-1,-2,4,2,7,2,-7,-5
14114,14114,1503612560108,-6,-9,0,0,-6,0,3,4
14115,14115,1503612560116,-11,-2,0,1,-2,-4,3,-4
14116,14116,1503612560123,3,26,8,3,2,1,6,-6
14117,14117,1503612560137,10,1,-4,-2,1,4,1,5
14118,14118,1503612560147,7,-6,-6,-5,-6,-4,-9,-18
14119,14119,1503612560152,-9,-1,-2,-2,-2,-2,3,-16
14120,14120,1503612560167,-2,-3,-3,1,3,2,8,-11
14121,14121,1503612560175,-4,-5,-4,-5,-4,-3,-4,2
14122,14122,1503612560183,-6,1,-2,-1,-3,-3,-1,-2
14123,14123,1503612560197,-2,3,3,-1,1,1,0,-14
14124,14124,1503612560205,21,-9,-7,-3,-1,-3,-2,-2
14125,14125,1503612560214,-12,-1,-2,0,-2,1,6,0
14126,14126,1503612560227,-6,13,6,1,-5,-2,-2,-3
14127,14127,1503612560235,7,0,4,-1,0,-1,-6,9
14128,14128,1503612560243,-2,-9,-4,0,-2,-3,-2,-3
14129,14129,1503612560257,-8,0,0,3,-6,-5,-8,-15
14130,14130,1503612560265,0,-2,2,1,3,1,1,40
14131,14131,1503612560272,-2,-7,-6,-4,-2,-2,2,15
14132,14132,1503612560287,4,-2,-1,-1,-2,-1,-1,5
14133,14133,1503612560295,-1,2,3,1,2,0,0,4
14134,14134,1503612560303,0,14,2,0,2,3,2,-9
14135,14135,1503612560318,-5,2,-1,-2,3,-3,2,-39
14136,14136,1503612560325,-6,-14,-5,-2,-1,0,1,-1
14137,14137,1503612560332,5,12,4,-2,-2,-1,-6,12
14138,14138,1503612560349,-13,-7,-5,-2,2,-2,1,-19
14139,14139,1503612560355,-11,0,3,2,2,-2,1,0
14140,14140,1503612560363,-1,-1,1,0,2,1,-3,12
14141,14141,1503612560377,1,-9,-5,1,2,0,-1,5
14142,14142,1503612560432,15,3,-5,2,6,1,7,0
14143,14143,1503612560433,4,7,1,1,-1,2,-1,1
14144,14144,1503612560438,8,-2,-1,-1,-5,1,8,0
14145,14145,1503612560446,7,-4,-4,-2,-2,-3,1,4
14146,14146,1503612560458,-2,3,4,1,-6,-1,-5,1
14147,14147,1503612560497,10,-3,1,-1,-3,-2,1,4
14148,14148,1503612560504,3,-1,3,2,5,0,3,45
14149,14149,1503612560513,0,1,0,-2,-2,1,-3,-3
14150,14150,1503612560516,-18,-8,-3,0,6,-3,-10,-17
14151,14151,1503612560519,-7,-6,-4,0,0,0,8,8
14152,14152,1503612560520,-16,-7,-6,-6,-5,0,8,-6
14153,14153,1503612560528,3,12,5,-2,-3,-2,-6,-9
14154,14154,1503612560535,6,-2,-5,-5,-3,-1,-6,3
14155,14155,1503612560543,0,-1,-1,0,-4,-2,-6,-28
14156,14156,1503612560558,14,7,-2,-1,-2,-2,-6,-6
14157,14157,1503612560565,6,6,-1,0,-2,4,9,14
14158,14158,1503612560572,2,-7,-2,1,-1,-2,-5,-15
14159,14159,1503612560588,-7,-4,-2,2,4,-1,8,13
14160,14160,1503612560595,10,20,6,-2,-3,-1,2,7
14161,14161,1503612560610,-3,-10,-6,-3,-1,-3,0,10
14162,14162,1503612560617,-5,-5,-3,0,-5,0,5,-16
14163,14163,1503612560625,6,9,0,0,1,-4,-11,-9
14164,14164,1503612560639,8,13,3,-1,5,0,0,23
14165,14165,1503612560647,1,-12,-6,-3,0,-1,-1,3
14166,14166,1503612560656,5,8,1,1,2,1,5,-2
14167,14167,1503612560670,7,4,-2,-1,-2,1,1,10
14168,14168,1503612560685,-10,-6,-2,-1,0,-2,-2,-13
14169,14169,1503612560686,2,-7,-1,-2,-6,-2,-4,-2
14170,14170,1503612560699,1,0,0,-2,-5,-1,-4,-9
14171,14171,1503612560707,6,-10,2,5,4,1,-1,6
14172,14172,1503612560717,-2,7,3,0,0,0,1,5
14173,14173,1503612560730,4,10,5,3,1,-1,-8,11
14174,14174,1503612560737,3,-7,-1,0,1,2,-9,1
14175,14175,1503612560745,0,20,2,2,3,3,10,-5
14176,14176,1503612560759,-8,-5,3,2,-1,-2,1,9
14177,14177,1503612560767,6,-9,-4,-3,-3,-1,-5,-9
14178,14178,1503612560775,4,-8,-4,-2,-3,-1,0,7
14179,14179,1503612560790,3,6,4,6,5,0,-1,0
14180,14180,1503612560797,1,-3,-3,-2,-2,1,-3,-6
14181,14181,1503612560805,-25,11,3,-4,0,1,2,1
14182,14182,1503612560820,-4,-2,-2,-1,1,0,5,1
14183,14183,1503612560827,-7,-3,-7,-6,-7,-3,2,7
14184,14184,1503612560835,-5,-10,-5,-2,-1,0,-8,-1
14185,14185,1503612560852,-2,-11,-3,-2,-3,-1,3,0
14186,14186,1503612560857,3,-5,-3,0,0,-1,2,-10
14187,14187,1503612560865,-10,-1,-1,0,-1,-1,-6,-18
14188,14188,1503612560879,-11,12,3,1,0,0,3,-5
14189,14189,1503612560890,7,-10,-1,0,2,1,9,43
14190,14190,1503612560895,-3,-6,-2,-2,-2,-4,3,-2
14191,14191,1503612560910,-2,-4,-2,-6,-3,-3,-9,-29
14192,14192,1503612560919,5,2,0,0,1,-3,-7,10
14193,14193,1503612560926,9,4,0,0,-1,-1,-9,-27
14194,14194,1503612560940,1,0,2,1,-1,-4,-5,-31
14195,14195,1503612560948,-4,-13,-4,-2,-1,0,3,2
14196,14196,1503612560957,9,12,5,2,0,1,-7,5
14197,14197,1503612560970,8,3,1,1,3,-3,-2,16
14198,14198,1503612560977,-5,-4,-8,-4,0,-2,-10,-6
14199,14199,1503612560986,-10,3,-1,-2,0,1,4,-4
14200,14200,1503612560999,-2,-2,-3,-5,-6,0,8,-9
14201,14201,1503612561007,6,23,3,0,0,-1,3,7
14202,14202,1503612561015,-7,5,2,-4,-2,-2,1,3
14203,14203,1503612561030,-13,-7,-4,-2,-1,1,-5,-22
14204,14204,1503612561037,9,5,2,2,1,-1,-5,-7
14205,14205,1503612561045,6,-2,0,0,-1,-2,-4,12
14206,14206,1503612561046,3,-3,-3,-1,1,0,-2,28
14207,14207,1503612561061,3,-13,-7,-2,-3,-3,-7,17
14208,14208,1503612561067,4,22,7,3,0,0,-5,-31
14209,14209,1503612561075,11,4,1,-1,-2,0,1,7
14210,14210,1503612561090,-4,-8,-4,-3,-3,-2,5,-26
14211,14211,1503612561097,-13,-6,-3,-2,0,1,9,22
14212,14212,1503612561105,-6,-7,-2,0,0,1,-1,-5
14213,14213,1503612561120,-16,0,-2,0,2,-2,-8,-58
14214,14214,1503612561128,5,23,12,4,3,1,0,34
14215,14215,1503612561135,5,-1,0,1,2,-2,-3,77
14216,14216,1503612561150,-7,-11,-11,-5,-6,-2,2,62
14217,14217,1503612561157,4,3,3,2,-1,-2,-6,11
14218,14218,1503612561158,-3,-4,1,-2,0,3,10,-35
14219,14219,1503612561165,-2,-11,-9,-4,-6,-2,0,-81
14220,14220,1503612561180,-29,0,-2,-5,-4,-1,8,-28
14221,14221,1503612561195,-1,-15,-1,-1,1,-1,-5,10
14222,14222,1503612561196,13,3,1,2,0,1,0,6
14223,14223,1503612561210,-1,-5,-2,-3,0,-2,-3,14
14224,14224,1503612561217,6,-3,1,3,2,-2,-8,-2
14225,14225,1503612561228,3,-7,-2,-2,-9,-5,-1,10
14226,14226,1503612561239,6,10,4,1,2,1,-4,-5
14227,14227,1503612561247,5,-1,-5,-2,0,-2,-2,-6
14228,14228,1503612561256,0,2,-6,-3,-3,-1,0,1
14229,14229,1503612561277,1,-6,1,1,0,0,1,-1
14230,14230,1503612561284,2,-1,-1,0,1,0,-6,-9
14231,14231,1503612561294,-6,5,4,1,2,1,1,-4
14232,14232,1503612561299,-2,-11,-1,-1,1,-2,-1,0
14233,14233,1503612561307,-4,-19,-6,-2,-1,-3,4,15
14234,14234,1503612561315,4,-3,-3,-3,-4,-4,2,20
14235,14235,1503612561331,14,25,7,3,4,1,1,-10
14236,14236,1503612561337,6,3,-3,-2,-1,-2,7,5
14237,14237,1503612561345,2,-4,-5,-4,-5,-1,1,10
14238,14238,1503612561359,-1,2,2,0,-3,-2,3,7
14239,14239,1503612561367,-2,11,5,3,1,-2,-6,-15
14240,14240,1503612561375,5,-11,-4,-4,-3,-2,0,11
14241,14241,1503612561390,-9,-11,-5,-2,0,-1,-10,-20
14242,14242,1503612561397,-12,-1,-1,-1,-1,2,-2,-10
14243,14243,1503612561405,5,-3,-4,-2,-1,0,-1,-4
14244,14244,1503612561419,-4,2,-2,-1,2,2,1,-13
14245,14245,1503612561427,-10,-6,-2,-2,-1,-2,-5,5
14246,14246,1503612561435,4,1,3,-1,-2,-1,-2,2
14247,14247,1503612561450,-4,-6,-2,-2,-2,-1,3,0
14248,14248,1503612561459,-2,-7,-5,-1,1,0,-3,-20
14249,14249,1503612561466,0,-9,-5,-1,-2,-2,2,27
14250,14250,1503612561479,-1,-5,0,-3,-1,0,-2,1
14251,14251,1503612561489,-14,5,4,0,0,0,-2,-67
14252,14252,1503612561495,-2,-2,-3,0,0,-3,-5,-65
14253,14253,1503612561510,-7,-6,-6,-2,-2,-2,2,1
14254,14254,1503612561517,-1,-1,3,0,0,-1,-5,36
14255,14255,1503612561542,-4,10,4,1,-1,0,-4,26
14256,14256,1503612561543,2,5,1,0,-1,-1,0,41
14257,14257,1503612561547,14,16,5,1,1,2,-5,6
14258,14258,1503612561562,-4,-6,-2,0,-1,-1,-1,-23
14259,14259,1503612561571,-6,-7,-1,-3,0,0,2,-10
14260,14260,1503612561577,-2,-9,-6,-3,-2,-2,-6,-4
14261,14261,1503612561592,-2,4,0,-1,0,-1,1,12
14262,14262,1503612561599,-7,15,2,0,-3,0,1,17
14263,14263,1503612561607,7,-7,-1,1,1,-1,2,12
14264,14264,1503612561623,-2,-7,-5,-2,-1,0,2,31
14265,14265,1503612561630,7,7,-3,-1,-1,-2,-1,-42
14266,14266,1503612561637,5,2,1,1,0,-3,-3,-66
14267,14267,1503612561652,1,1,-2,-2,0,2,1,-17
14268,14268,1503612561659,9,11,3,0,0,1,0,35
14269,14269,1503612561667,-7,-5,-3,0,-2,-1,-3,11
14270,14270,1503612561681,2,-5,1,-1,0,0,1,-34
14271,14271,1503612561691,2,-2,-1,-1,0,0,1,9
14272,14272,1503612561697,-4,-3,1,-1,0,-2,-2,14
14273,14273,1503612561712,-3,-4,0,-1,1,0,-1,11
14274,14274,1503612561719,-3,-2,-1,-1,0,1,-2,8
14275,14275,1503612561727,1,-3,-1,-1,-3,-1,2,-5
14276,14276,1503612561742,6,4,2,0,0,1,4,0
14277,14277,1503612561750,0,1,4,2,-1,-1,-1,3
14278,14278,1503612561758,-10,-6,-5,-3,-2,1,-1,5
14279,14279,1503612561773,3,5,-1,-1,-2,-1,-2,2
14280,14280,1503612561779,-2,7,4,1,-1,-2,-2,-9
14281,14281,1503612561787,-12,-5,-1,0,0,0,-3,-4
14282,14282,1503612561802,-4,-9,-4,-1,-1,-2,-2,-1
14283,14283,1503612561810,-5,-2,0,-2,0,0,0,1
14284,14284,1503612561817,1,6,-1,-1,-2,1,-2,2
14285,14285,1503612561834,14,0,2,0,0,-3,-2,-2
14286,14286,1503612561839,4,0,-1,0,0,-1,0,-2
14287,14287,1503612561848,-14,-1,-1,-2,-1,0,-1,-5
14288,14288,1503612561862,4,8,0,0,-1,-1,0,3
14289,14289,1503612561864,6,2,1,-3,0,-1,0,3
14290,14290,1503612561870,-3,-4,-1,-1,0,-2,-1,-1
14291,14291,1503612561877,-6,-8,-2,1,-1,0,2,-1
14292,14292,1503612561893,11,-3,-3,-1,-1,0,-1,1
14293,14293,1503612561901,-25,2,-2,-2,-2,-1,-2,-6
14294,14294,1503612561908,-15,-3,1,0,-2,-1,1,3
14295,14295,1503612561921,-5,-8,-4,-2,-2,-1,0,-2
14296,14296,1503612561930,16,4,-3,-1,-1,0,-1,-1
14297,14297,1503612561937,-11,0,0,-2,-2,-2,-3,-6
14298,14298,1503612561952,1,-2,-3,0,-2,0,0,1
14299,14299,1503612561960,14,3,0,0,1,-3,-1,0
14300,14300,1503612561968,-1,-1,-3,-1,-1,-1,-2,-2
14301,14301,1503612561982,-2,-7,-5,-3,-1,0,-1,-2
14302,14302,1503612561990,-2,0,2,2,0,0,0,2
14303,14303,1503612561998,24,-3,0,0,-1,1,1,5
14304,14304,1503612562012,6,7,3,-1,-1,-1,-1,-1
14305,14305,1503612562020,-4,0,-1,-3,-1,-1,-2,-3
14306,14306,1503612562028,-22,1,0,1,-2,-1,-2,-5
14307,14307,1503612562042,-2,1,0,0,-2,0,1,0
14308,14308,1503612562050,1,-3,0,-2,0,-1,0,1
14309,14309,1503612562057,-3,3,0,1,0,-1,-1,4
14310,14310,1503612562072,3,-2,-4,-2,-1,-2,1,-2
14311,14311,1503612562080,12,0,1,1,0,0,-1,-2
14312,14312,1503612562088,1,1,3,-2,-3,1,-2,2
14313,14313,1503612562103,1,-9,-4,-1,0,-1,-2,-3
14314,14314,1503612562109,-17,4,-1,-1,-1,0,0,2
14315,14315,1503612562110,2,1,1,1,-1,0,-1,0
14316,14316,1503612562117,-6,-3,-2,-1,0,0,1,-2
14317,14317,1503612562133,-6,4,1,0,-1,-1,-3,-7
14318,14318,1503612562140,2,3,1,1,-2,-1,-2,-3
14319,14319,1503612562148,2,-8,-3,-3,0,-2,-1,0
14320,14320,1503612562164,-1,-1,-1,0,0,-1,0,2
14321,14321,1503612562171,-2,-5,-5,-1,-2,-3,0,-2
14322,14322,1503612562177,0,-4,0,1,-1,-1,2,0
14323,14323,1503612562195,-9,-1,2,0,-1,0,1,-4
14324,14324,1503612562200,-4,1,1,-1,-1,-1,0,2
14325,14325,1503612562208,5,4,0,-2,0,-2,1,2
14326,14326,1503612562222,-9,1,-2,-2,-2,-2,-5,-2
14327,14327,1503612562231,1,-1,-2,-2,-2,1,-2,-1
14328,14328,1503612562237,1,-1,0,0,0,0,2,3
14329,14329,1503612562252,1,-3,-3,-1,-1,-3,1,0
14330,14330,1503612562259,0,0,-2,-2,0,0,-4,-1
14331,14331,1503612562260,-2,-1,0,-2,-1,-2,-3,0
14332,14332,1503612562267,-8,-5,-1,-1,0,-2,-2,-5
14333,14333,1503612562282,5,0,-1,-1,0,-1,2,-2
14334,14334,1503612562290,6,-4,-4,-1,0,1,1,0
14335,14335,1503612562298,-1,-4,-3,-3,-1,0,-2,-4
14336,14336,1503612562312,-3,9,5,1,0,-1,0,-2
14337,14337,1503612562319,-1,4,2,-2,0,-2,0,-1
14338,14338,1503612562328,-2,-3,-1,-3,0,-2,-3,-2
14339,14339,1503612562329,-4,-7,-4,0,0,-1,0,0
14340,14340,1503612562342,3,3,3,-1,-1,1,-1,-1
14341,14341,1503612562350,0,-2,-3,0,0,0,-1,0
14342,14342,1503612562365,4,-1,-1,0,-2,-1,1,3
14343,14343,1503612562372,4,-3,-2,-1,0,-2,-1,1
14344,14344,1503612562380,-17,-3,-5,-2,0,1,-1,0
14345,14345,1503612562388,16,1,-1,-2,-3,0,-2,0
14346,14346,1503612562402,0,5,-1,-1,-2,0,-1,2
14347,14347,1503612562410,-2,-1,-1,0,0,-1,0,-2
14348,14348,1503612562417,5,4,4,4,0,-1,-1,-1
14349,14349,1503612562432,-2,-3,-2,-2,-2,0,-1,1
14350,14350,1503612562440,-1,-3,-3,-2,0,-3,-3,-5
14351,14351,1503612562455,-5,1,0,-2,-1,0,0,1
14352,14352,1503612562463,-4,-2,-2,-2,-2,-1,-1,-1
14353,14353,1503612562470,1,-2,-2,-1,-1,-1,-2,-5
14354,14354,1503612562484,-7,-4,-2,-1,-1,0,1,0
14355,14355,1503612562492,-10,-3,0,1,-1,-4,-6,-9
14356,14356,1503612562500,16,2,0,-2,-2,-2,-2,1
14357,14357,1503612562515,0,-1,-2,-2,-1,1,0,1
14358,14358,1503612562521,6,-1,-3,-3,-1,1,-3,-2
14359,14359,1503612562530,2,4,2,0,-1,-1,0,0
14360,14360,1503612562544,12,-5,-2,-1,-3,0,-1,3
14361,14361,1503612562555,9,2,-2,-2,1,-1,1,3
14362,14362,1503612562560,-3,0,-2,0,1,0,0,-3
14363,14363,1503612562575,-5,-2,1,-1,-2,0,-3,-2
14364,14364,1503612562581,-1,6,8,0,-1,-1,-3,-4
14365,14365,1503612562590,-10,-4,-1,1,-1,-2,1,-1
14366,14366,1503612562604,12,0,-3,-1,0,-1,-4,0
14367,14367,1503612562612,19,0,1,-1,1,-1,-1,3
14368,14368,1503612562620,-6,-5,-4,-2,-1,-3,-2,-2
14369,14369,1503612562636,-8,-7,-1,-2,-2,2,-1,0
14370,14370,1503612562642,-9,2,0,0,0,0,0,-3
14371,14371,1503612562650,-20,-1,-6,-2,-2,0,-1,-2
14372,14372,1503612562667,-11,0,0,0,-3,0,0,1
14373,14373,1503612562673,8,2,-4,-3,-1,-1,-3,1
14374,14374,1503612562680,-5,0,-2,-2,-1,1,-2,-5
14375,14375,1503612562698,-14,1,3,-1,0,1,0,-1
14376,14376,1503612562702,-4,-4,0,-1,-2,-2,-1,-3
14377,14377,1503612562710,11,-1,-3,0,0,-3,0,0
14378,14378,1503612562724,0,-1,-3,-1,-2,0,1,4
14379,14379,1503612562732,4,0,-1,-1,-2,1,-2,-1
14380,14380,1503612562740,15,1,-1,-1,1,-2,1,2
14381,14381,1503612562757,0,-1,-2,-2,-2,-1,1,0
14382,14382,1503612562761,-4,-12,-4,-3,0,0,1,-3
14383,14383,1503612562762,-8,9,2,-1,-2,0,1,-2
14384,14384,1503612562771,-1,1,4,1,-1,-1,-1,0
14385,14385,1503612562785,6,-2,-5,0,-2,-1,1,-2
14386,14386,1503612562792,0,-1,-1,1,0,0,-3,-5
14387,14387,1503612562800,-4,0,-3,0,0,-1,-3,2
14388,14388,1503612562815,-4,-8,-6,-4,-2,-2,-3,-2
14389,14389,1503612562822,-14,-5,1,-1,0,-1,-3,1
14390,14390,1503612562832,-6,1,-2,0,0,-1,-2,1
14391,14391,1503612562844,-1,-5,-5,-2,-1,-2,-1,-1
14392,14392,1503612562852,5,2,1,0,1,0,-3,0
14393,14393,1503612562860,-4,-3,-1,0,0,0,2,0
14394,14394,1503612562875,13,-3,0,-2,1,-2,1,-2
14395,14395,1503612562881,-3,-2,3,0,0,0,0,37
14396,14396,1503612562890,-5,5,0,1,1,-2,2,0
14397,14397,1503612562904,3,-3,2,2,1,0,-3,-3
14398,14398,1503612562912,-2,0,-3,-5,-10,0,2,1
14399,14399,1503612562928,1,2,1,-1,-1,-2,-2,-9
14400,14400,1503612562935,-9,1,2,0,4,1,-4,1
14401,14401,1503612562936,-6,-4,-1,-3,-2,-1,1,-38
14402,14402,1503612562943,-1,-2,-5,-3,-4,-1,11,0
14403,14403,1503612562950,0,7,3,3,0,-1,-2,14
14404,14404,1503612562967,2,0,-2,1,1,0,0,-12
14405,14405,1503612562972,-3,0,0,7,16,1,-1,3
14406,14406,1503612562988,-1,0,-1,-1,-3,-1,-3,-2
14407,14407,1503612562995,7,-2,2,1,-5,0,-4,42
14408,14408,1503612563003,-6,-2,-1,-4,-14,-2,-5,-9
14409,14409,1503612563010,-2,-6,-1,-2,-2,-1,4,23
14410,14410,1503612563025,16,1,1,-4,-3,-1,-2,2
14411,14411,1503612563034,4,-2,-1,-2,-6,-2,-4,-6
14412,14412,1503612563048,-5,-4,-3,0,3,-1,-1,-10
14413,14413,1503612563055,2,3,2,0,0,-2,-3,-12
14414,14414,1503612563063,-2,1,2,1,1,0,-6,-2
14415,14415,1503612563070,10,6,1,-1,-4,-1,0,-14
14416,14416,1503612563092,-7,-1,-2,-1,3,-1,1,1
14417,14417,1503612563093,-18,-1,-2,1,5,2,1,-48
14418,14418,1503612563108,14,2,1,0,4,1,6,-4
14419,14419,1503612563115,-5,0,-2,-3,-5,-2,2,-2
14420,14420,1503612563123,-25,-5,-3,1,2,1,3,0
14421,14421,1503612563130,5,-2,-1,-4,-1,-1,-2,8
14422,14422,1503612563145,0,1,0,-2,-6,1,1,-5
14423,14423,1503612563153,-2,-7,-4,-1,2,-1,-2,2
14424,14424,1503612563168,3,-14,-3,0,-3,-2,-5,0
14425,14425,1503612563175,-2,0,0,-5,-6,-3,-1,6
14426,14426,1503612563183,2,2,-1,-2,-2,-2,2,2
14599,14599,1503612564839,3,-1,0,1,0,-1,-6,-12
14600,14600,1503612564848,-19,-7,-2,-3,-5,-3,-2,8
14601,14601,1503612564855,1,1,5,1,0,-2,-3,25
14602,14602,1503612564869,0,3,5,3,2,1,-8,-20
14603,14603,1503612564870,-5,-8,-4,-3,-5,-1,6,5
14604,14604,1503612564879,-14,14,6,2,-1,0,-9,-44
14605,14605,1503612564885,-1,2,-3,-2,-1,-3,-9,-14
14606,14606,1503612564900,35,1,6,1,-1,-1,-1,9
14607,14607,1503612564908,5,3,1,0,-2,0,-1,3
14608,14608,1503612564916,-12,-7,-7,-1,-1,-2,-2,-18
14609,14609,1503612564917,-12,-5,-4,-2,1,-2,-6,-10
14610,14610,1503612564929,9,-2,-1,4,9,2,3,16
14611,14611,1503612564937,0,-1,0,2,7,1,3,4
14612,14612,1503612564947,-4,5,3,1,1,0,0,-11
14613,14613,1503612564960,1,-7,-2,0,2,0,-1,10
14614,14614,1503612564968,4,3,-2,-2,-3,-3,-8,-2
14615,14615,1503612564975,-1,-6,-4,-3,-3,0,-2,4
14616,14616,1503612564990,-2,2,4,2,6,2,4,0
14617,14617,1503612564997,-6,-2,-2,0,-3,1,-1,-7
14618,14618,1503612565005,4,1,1,-2,-6,-3,4,13
14619,14619,1503612565020,-2,2,4,2,4,-1,-6,-1
14620,14620,1503612565028,2,-1,-2,-3,-4,0,2,-2
14621,14621,1503612565035,1,-6,-3,-3,-5,-3,1,1
14622,14622,1503612565050,4,10,8,3,-1,-3,-12,-6
14623,14623,1503612565057,8,-4,-7,-3,-4,-1,-6,-23
14624,14624,1503612565065,2,-15,-9,-3,-3,-1,1,-5
14625,14625,1503612565082,-6,-4,-2,-2,-2,-2,-5,-2
14626,14626,1503612565088,2,-6,-1,0,-1,1,1,12
14627,14627,1503612565095,1,1,-1,-2,-8,-2,4,-7
14628,14628,1503612565110,-10,3,-2,-3,-1,-2,-3,3
14629,14629,1503612565118,-9,1,-1,-2,-4,-4,-1,-1
14630,14630,1503612565125,9,1,0,-1,0,4,7,25
14631,14631,1503612565140,2,-3,0,-2,3,1,2,3
14632,14632,1503612565150,15,2,-2,1,5,-2,-1,-6
14633,14633,1503612565155,-1,1,-1,-1,-3,-1,-2,12
14634,14634,1503612565170,-4,3,-3,-2,-2,-7,-1,-10
14635,14635,1503612565177,5,0,-2,-1,2,-3,1,7
14636,14636,1503612565186,2,5,1,0,-2,0,-2,-1
14637,14637,1503612565187,-19,-6,2,0,-3,3,1,-7
14638,14638,1503612565200,-5,5,1,1,0,1,7,-7
14639,14639,1503612565208,-8,14,4,-1,-1,0,-9,-15
14640,14640,1503612565216,-2,11,4,2,0,4,5,10
14641,14641,1503612565230,5,-8,-7,-1,0,-1,-4,3
14642,14642,1503612565237,5,9,4,0,-2,-3,-14,8
14643,14643,1503612565252,-7,5,1,-1,-2,-1,-1,8
14644,14644,1503612565260,-5,-14,-7,-3,0,0,3,5
14645,14645,1503612565268,3,2,0,0,-3,-2,1,-9
14646,14646,1503612565282,-3,2,3,0,-1,0,5,-13
14647,14647,1503612565291,-6,-6,-1,-1,-1,0,5,-15
14648,14648,1503612565297,-7,-3,-2,0,1,-1,-2,-19
14649,14649,1503612565312,3,-5,-4,-1,-2,0,-3,-18
14650,14650,1503612565320,-2,0,2,-1,-1,1,-2,2
14651,14651,1503612565327,-11,-7,0,0,0,2,2,-10
14652,14652,1503612565342,-3,-7,-4,-1,-1,-1,0,-27
14653,14653,1503612565350,-4,-9,-3,-2,-4,1,-2,-6
14654,14654,1503612565358,1,-3,-2,-2,-4,0,4,0
14655,14655,1503612565372,0,5,3,1,8,0,2,9
14656,14656,1503612565380,3,2,0,4,10,3,0,7
14657,14657,1503612565392,5,4,0,0,-6,-1,-1,12
14658,14658,1503612565402,-3,-5,-1,-2,-2,-3,-4,-3
14659,14659,1503612565410,-3,3,3,-2,-1,-2,-4,7
14660,14660,1503612565418,1,-1,-2,-3,-5,-3,3,20
14661,14661,1503612565432,7,7,-2,-2,1,-1,0,6
14662,14662,1503612565441,1,0,1,0,-6,9,2,4
14663,14663,1503612565451,13,-2,-1,0,1,-1,-2,-7
14664,14664,1503612565462,-3,9,4,-1,-3,-3,-4,-6
14665,14665,1503612565470,-4,-5,-3,-1,-1,0,-7,5
14666,14666,1503612565477,2,-1,-1,-2,0,-2,-1,9
14667,14667,1503612565492,-1,-1,-1,-3,-5,-4,-4,-1
14668,14668,1503612565499,-6,-5,-2,-1,-2,-5,-1,-22
14669,14669,1503612565508,4,5,3,2,0,1,-1,-13
14670,14670,1503612565522,-16,-1,-1,-1,-1,-2,-5,-2
14671,14671,1503612565530,4,-8,-5,-3,-3,1,0,-4
14672,14672,1503612565537,11,0,-2,-1,-1,-1,-6,2
14673,14673,1503612565553,-9,0,-1,-1,0,0,2,4
14674,14674,1503612565560,2,6,1,0,1,-3,-3,-2
14675,14675,1503612565568,-1,0,1,1,-3,-3,2,5
14676,14676,1503612565582,-3,-5,-5,-2,-1,-1,-6,-22
14677,14677,1503612565591,-9,2,2,-1,2,-1,-2,-21
14678,14678,1503612565604,21,4,6,2,1,1,-4,43
14679,14679,1503612565613,-13,-1,0,-2,-3,-3,2,17
14680,14680,1503612565620,-21,-15,-7,-3,0,1,1,1
14681,14681,1503612565628,8,2,-3,0,0,1,4,15
14682,14682,1503612565642,-9,-4,-3,-1,1,4,4,-12
14683,14683,1503612565653,-1,-3,-4,-3,-9,-12,-5,-14
14684,14684,1503612565657,-3,-2,-1,-1,-1,0,-4,-8
14685,14685,1503612565672,3,-3,-3,-1,1,3,4,20
14686,14686,1503612565679,-1,5,-2,-2,3,5,12,19
14687,14687,1503612565680,1,-1,2,-2,1,-1,6,-14
14688,14688,1503612565688,-2,-9,-15,-3,1,2,-1,-21
14689,14689,1503612565703,11,1,15,5,2,2,1,17
14690,14690,1503612565710,-2,-3,1,0,3,12,4,6
14691,14691,1503612565720,1,8,-2,-3,1,-1,0,-9
14692,14692,1503612565732,0,-4,-5,-3,-1,-1,-1,9
14693,14693,1503612565739,7,-5,-3,1,-2,-2,-2,-6
14694,14694,1503612565747,-4,3,1,-2,2,0,-2,-4
14695,14695,1503612565768,3,0,-3,-1,-6,-6,-2,6
14696,14696,1503612565770,-9,3,1,-1,0,-2,-10,-26
14697,14697,1503612565777,-13,7,1,-3,-4,0,-10,0
14698,14698,1503612565792,0,0,4,2,3,-1,-2,-8
14699,14699,1503612565799,2,-11,-4,0,2,0,6,6
14700,14700,1503612565807,1,-1,5,3,2,-1,-2,3
14701,14701,1503612565823,7,-1,-4,-3,1,4,11,40
14702,14702,1503612565830,10,7,1,-1,-2,0,8,23
14703,14703,1503612565837,-4,-3,-1,0,-1,-4,-5,-9
14704,14704,1503612565855,0,-6,-5,-2,1,0,9,14
14705,14705,1503612565860,6,21,6,2,4,2,8,-10
14706,14706,1503612565868,-12,2,1,-1,-5,-2,2,-10
14707,14707,1503612565881,-1,-6,-1,-1,3,3,3,-16
14708,14708,1503612565882,-7,-2,-5,-1,-4,-5,-7,-52
14709,14709,1503612565892,8,-1,0,-2,-5,-5,-12,40
14710,14710,1503612565897,0,2,0,-2,1,-2,5,60
14711,14711,1503612565912,-6,-11,-1,1,0,-2,-2,-15
14712,14712,1503612565921,9,17,5,0,0,0,-3,-11
14713,14713,1503612565922,1,-9,-5,-3,-3,-4,-7,18
14714,14714,1503612565928,2,-6,-1,-1,-1,-5,-5,-18
14715,14715,1503612565942,-6,-2,3,1,1,1,1,-45
14716,14716,1503612565958,-4,1,1,3,2,-1,-15,-22
14717,14717,1503612565973,-5,-3,-3,-2,1,-1,1,-18
14718,14718,1503612565979,-9,-4,-4,-3,-6,-2,2,11
14719,14719,1503612565990,4,-3,-6,-2,-1,0,0,-4
14720,14720,1503612566002,3,6,-1,1,2,2,-5,-41
14721,14721,1503612566017,-1,4,2,0,-1,-1,2,10
14722,14722,1503612566018,10,-2,-1,1,-3,0,3,6
14723,14723,1503612566032,-2,-3,-1,-1,-1,1,-5,-1
14724,14724,1503612566039,15,-3,-1,-2,-3,-4,-4,1
14725,14725,1503612566047,13,5,1,0,2,-2,5,5
14726,14726,1503612566048,-3,-10,-5,-2,-3,-2,-5,-15
14727,14727,1503612566063,-11,-4,-3,-2,-2,1,3,8
14728,14728,1503612566070,0,4,0,-2,0,0,-1,1
14729,14729,1503612566077,-6,-5,-8,0,-1,-2,-2,11
14730,14730,1503612566092,-1,5,1,-1,-1,-1,-9,0
14731,14731,1503612566100,2,8,-1,-1,0,0,0,-1
14732,14732,1503612566107,9,-1,0,1,2,-2,2,0
14733,14733,1503612566122,-6,-8,-2,-3,0,0,-2,-13
14734,14734,1503612566130,1,1,1,-1,-3,1,-2,3
14735,14735,1503612566137,0,-3,-2,-1,1,-1,4,1
14736,14736,1503612566152,-8,12,4,2,2,0,6,-11
14737,14737,1503612566160,1,-9,-3,-3,-3,-2,-6,2
14738,14738,1503612566167,-1,-12,-11,-6,-1,-2,1,12
14739,14739,1503612566182,-2,-3,0,0,-1,1,1,4
14740,14740,1503612566190,-2,-8,-3,7,14,1,2,-7
14741,14741,1503612566204,2,1,-1,1,0,-4,-3,2
14742,14742,1503612566212,-1,5,1,1,5,-2,-2,0
14743,14743,1503612566220,-3,3,-2,2,3,-2,0,-3
14744,14744,1503612566235,1,-1,3,-4,-5,-1,-3,-4
14745,14745,1503612566242,19,-1,-5,-3,-3,0,1,-22
14746,14746,1503612566250,-7,0,-2,-1,-3,1,-4,-8
14747,14747,1503612566264,-1,-2,0,0,-3,-1,3,18
14748,14748,1503612566272,-6,0,-2,-1,-3,-2,1,-7
14749,14749,1503612566280,-4,-3,0,-3,-3,-2,2,11
14750,14750,1503612566295,-1,7,3,-3,-4,-2,0,15
14751,14751,1503612566302,-16,17,8,0,1,0,-8,-19
14752,14752,1503612566310,8,1,-1,-1,-2,-1,3,8
14753,14753,1503612566332,4,-5,-3,0,2,-4,2,11
14754,14754,1503612566333,-1,-7,-2,-1,-4,-2,-2,6
14755,14755,1503612566339,-15,8,3,-3,-4,1,5,-32
14756,14756,1503612566359,3,-2,-1,-1,-1,-2,-8,3
14757,14757,1503612566362,-3,-1,-2,-3,-4,0,-1,-1
14758,14758,1503612566370,5,6,-1,-3,-2,-1,-1,-29
14759,14759,1503612566384,3,2,1,0,0,0,-2,2
14760,14760,1503612566392,-18,-11,-1,3,5,0,5,20
14761,14761,1503612566399,0,1,-4,-2,0,1,2,-33
14762,14762,1503612566400,-10,-5,-3,2,-1,-1,1,18
14763,14763,1503612566416,-1,-6,0,-4,-5,0,-5,15
14764,14764,1503612566424,14,0,2,-2,-2,-3,3,33
14765,14765,1503612566432,-5,0,-2,0,-4,-3,4,-17
14766,14766,1503612566444,-2,-8,-5,0,0,1,4,-5
14767,14767,1503612566452,-7,6,1,-2,-1,2,3,-5
14768,14768,1503612566460,2,6,0,0,1,0,0,2
14769,14769,1503612566474,-5,-1,-3,-3,-7,-2,-6,-16
14770,14770,1503612566482,6,-11,-3,-1,-4,-2,-1,32
14771,14771,1503612566491,6,-13,-7,1,1,0,6,31
14772,14772,1503612566504,-5,-9,-3,-2,0,0,-3,-13
14773,14773,1503612566512,-8,1,2,1,2,1,-4,-28
14774,14774,1503612566520,18,19,5,1,0,-3,-9,-5
14775,14775,1503612566535,8,-5,1,2,-1,-1,-14,-11
14776,14776,1503612566542,-2,0,-4,-2,-2,-3,0,13
14777,14777,1503612566550,10,15,3,1,5,2,9,10
14778,14778,1503612566564,-6,-8,-4,-2,-4,-4,3,0
14779,14779,1503612566572,-3,-5,-1,-1,-5,-4,1,-3
14780,14780,1503612566579,4,-1,2,3,3,3,-6,-9
14781,14781,1503612566595,0,6,4,-1,-5,-4,-1,-27
14782,14782,1503612566602,-9,-2,-1,0,-1,-2,-14,-43
14783,14783,1503612566610,14,11,3,-1,0,1,0,17
14784,14784,1503612566637,-13,-7,-4,-2,2,2,10,9
14785,14785,1503612566640,6,-1,0,-1,0,-3,3,-2
14786,14786,1503612566658,1,-2,-2,-2,-1,-2,-2,14
14787,14787,1503612566662,-3,1,-1,-1,0,0,-8,-10
14788,14788,1503612566676,3,-1,-3,-1,-7,-5,-3,-14
14789,14789,1503612566684,-2,-4,-4,-1,1,-1,-3,35
14790,14790,1503612566693,-20,-22,-4,0,4,2,-7,-16
14791,14791,1503612566700,0,-4,-3,-3,-1,-1,-3,-51
14792,14792,1503612566715,-6,-3,0,1,-5,-3,-11,2
14793,14793,1503612566722,-7,-2,-1,1,-2,3,13,7
14794,14794,1503612566730,16,7,4,0,0,0,2,-2
14795,14795,1503612566744,0,-1,-3,-3,0,-1,5,9
14796,14796,1503612566752,-1,7,1,0,1,-2,-1,9
14797,14797,1503612566760,2,-5,1,-2,-2,1,-2,-2
14798,14798,1503612566776,4,4,0,-3,1,0,2,-1
14799,14799,1503612566782,2,-7,-3,0,0,0,-10,-30
14800,14800,1503612566790,5,2,-3,-3,-2,-4,1,5
14801,14801,1503612566804,-5,1,1,-2,-2,-2,-2,1
14802,14802,1503612566813,-12,-14,-7,-2,-2,0,-6,13
14803,14803,1503612566819,9,7,2,-1,4,3,7,1
14804,14804,1503612566835,-3,-10,-6,-5,-2,-3,-3,-2
14805,14805,1503612566842,0,4,0,-2,-3,-4,-3,11
14806,14806,1503612566850,0,4,2,-2,0,2,2,-2
14807,14807,1503612566864,-4,0,0,1,1,-1,-1,-9
14808,14808,1503612566872,1,7,1,1,0,1,-3,-8
14809,14809,1503612566879,-6,-9,-2,-2,0,1,-2,-2
14810,14810,1503612566895,9,15,2,3,3,3,7,10
14811,14811,1503612566903,-4,0,-2,-2,-3,-1,-4,-6
14812,14812,1503612566911,8,-3,0,-1,1,0,-2,-4
14813,14813,1503612566924,-2,12,4,3,2,0,-4,-14
14814,14814,1503612566932,-3,-2,-2,0,-1,-2,0,3
14815,14815,1503612566939,1,2,1,1,-1,-3,-1,8
14816,14816,1503612566954,13,-4,-1,-1,-3,0,2,8
14817,14817,1503612566962,5,-1,-1,-1,0,-1,0,-2
14818,14818,1503612566970,0,-4,-1,-2,-1,-3,-5,2
14819,14819,1503612566984,-8,-3,-2,-3,-4,-3,1,7
14820,14820,1503612566993,-3,2,1,-1,-2,0,3,3
14821,14821,1503612566999,4,-5,-1,0,2,1,5,16
14822,14822,1503612567015,0,2,-3,-1,0,-1,-4,-10
14823,14823,1503612567022,5,-5,-5,0,-2,-1,4,-2
14824,14824,1503612567030,-7,-3,-3,0,0,1,3,2
14825,14825,1503612567046,0,1,2,2,3,2,-4,-4
14826,14826,1503612567054,2,-4,0,1,3,2,4,7
14827,14827,1503612567057,-6,-1,0,-4,-7,-4,-13,-14
14828,14828,1503612567063,-1,1,-2,0,-2,-2,0,-2
14829,14829,1503612567075,-4,-7,-4,0,-2,-2,2,-4
14830,14830,1503612567083,-8,5,3,-1,-2,-3,-3,-4
14831,14831,1503612567090,0,-1,0,1,2,0,3,3
14832,14832,1503612567107,-3,-7,-2,-2,-4,-1,-4,6
14833,14833,1503612567112,9,0,1,0,1,1,1,2
14834,14834,1503612567128,0,-1,-3,1,-1,0,1,-3
14835,14835,1503612567134,-1,-5,-2,1,4,-2,-7,-4
14836,14836,1503612567135,-7,2,4,1,0,-2,2,-3
14837,14837,1503612567142,0,-5,-5,-3,-3,3,0,-11
14838,14838,1503612567157,-10,3,1,-1,-1,-2,-2,-5
14839,14839,1503612567164,3,3,2,-1,1,-1,-5,0
14840,14840,1503612567172,-1,2,-2,-1,0,-3,-2,-6
14841,14841,1503612567186,6,-3,0,0,1,-4,-2,1
14842,14842,1503612567196,2,4,0,-2,0,1,3,5
14843,14843,1503612567202,0,7,-1,0,0,1,4,0
14844,14844,1503612567224,-3,-3,-2,-1,-3,-2,2,-2
14845,14845,1503612567239,-5,-2,-2,-1,1,0,-4,1
14846,14846,1503612567246,1,-7,-4,-3,-5,-2,2,3
14847,14847,1503612567255,0,0,0,1,2,4,-3,-4
14848,14848,1503612567264,-6,0,-1,-1,0,-1,-5,-9
14849,14849,1503612567277,8,-10,-5,-4,-2,-2,0,0
14850,14850,1503612567284,-2,3,2,1,0,1,-1,12
14851,14851,1503612567292,8,3,-1,0,-2,-2,2,-3
14852,14852,1503612567306,-5,-5,-2,-5,-5,-4,1,0
14853,14853,1503612567314,-5,6,3,1,2,0,-4,-10
14854,14854,1503612567315,0,-3,-3,0,1,2,3,16
14855,14855,1503612567322,0,9,2,1,1,0,-2,-1
14856,14856,1503612567338,-3,2,-2,-2,-3,-2,-3,-2
14857,14857,1503612567344,-5,-7,-1,0,0,1,1,-2
14858,14858,1503612567352,1,-2,-1,-1,1,0,0,-4
14859,14859,1503612567366,2,-1,-2,1,1,0,-2,5
14860,14860,1503612567367,8,2,-1,0,-2,-1,0,5
14861,14861,1503612567374,-2,0,0,-1,4,1,0,-2
14862,14862,1503612567382,8,-6,-1,0,-1,-2,7,10
14863,14863,1503612567398,0,1,4,0,-4,-4,-1,-11
14864,14864,1503612567404,-5,-14,-7,-7,-3,-3,-5,-10
14865,14865,1503612567412,-9,-7,-1,-2,1,-1,-7,-36
14866,14866,1503612567426,-3,-5,-3,-2,0,0,2,2
14867,14867,1503612567435,-3,2,-2,3,5,2,-1,4
14868,14868,1503612567442,-8,4,3,1,1,-2,-7,-15
14869,14869,1503612567457,1,1,0,-1,-5,-1,-1,6
14870,14870,1503612567465,-1,3,0,2,2,-3,-9,3
14871,14871,1503612567473,2,-7,-5,-3,-5,-5,-2,4
14872,14872,1503612567486,-3,-2,1,2,0,0,2,-1
14873,14873,1503612567495,-2,5,3,0,1,2,4,4
14874,14874,1503612567503,6,-2,-2,0,0,3,3,5
14875,14875,1503612567517,-6,-1,1,0,0,0,1,4
14876,14876,1503612567524,-2,6,-3,-2,-2,0,-8,-5
14877,14877,1503612567533,3,3,0,0,4,-4,-6,18
14878,14878,1503612567546,-2,-8,-3,-4,-4,1,0,-3
14879,14879,1503612567555,-1,-1,-2,2,1,-2,3,3
14880,14880,1503612567562,1,-6,0,-2,0,-1,-7,1
14881,14881,1503612567577,3,2,0,0,-2,2,2,-3
14882,14882,1503612567586,-3,-6,1,0,-3,-2,-1,-8
14883,14883,1503612567592,3,-6,-4,-4,-2,-5,-4,-2
14884,14884,1503612567608,6,16,3,1,-4,0,1,10
14885,14885,1503612567615,-2,9,-3,-2,-9,0,-5,-3
14886,14886,1503612567628,8,5,1,-2,0,-2,2,0
14887,14887,1503612567638,-7,0,1,-4,-11,0,-4,-5
14888,14888,1503612567644,-2,-2,2,0,1,0,3,0
14889,14889,1503612567653,2,-3,-2,-2,2,0,1,-1
14890,14890,1503612567667,-6,5,-1,0,0,2,2,-5
14891,14891,1503612567675,-4,-3,1,3,1,0,-1,-6
14892,14892,1503612567682,2,-3,1,4,8,1,3,5
14893,14893,1503612567683,-1,6,3,-1,1,-1,-2,-6
14894,14894,1503612567702,5,17,3,0,3,2,2,3
14895,14895,1503612567704,-1,-2,-3,-4,-3,-3,3,-2
14896,14896,1503612567712,-4,-12,-3,-1,-3,0,-2,0
14897,14897,1503612567727,-2,0,0,0,-4,-2,-7,-7
14898,14898,1503612567735,0,-8,-4,-1,0,-2,6,3
14899,14899,1503612567743,4,-8,-4,0,5,1,1,2
14900,14900,1503612567757,-5,-2,-2,-1,0,-1,-2,0
14901,14901,1503612567766,-6,-7,-4,-1,-4,-2,-5,1
14902,14902,1503612567772,-16,-8,1,-3,-4,-3,7,2
14903,14903,1503612567787,-1,-8,-3,4,4,-2,0,-4
14904,14904,1503612567795,7,-2,-4,-6,-4,-4,-9,-7
14905,14905,1503612567803,-8,-13,0,8,4,1,4,3
14906,14906,1503612567817,9,0,5,6,5,1,-4,3
14907,14907,1503612567824,0,13,1,-1,-2,0,-2,2
14908,14908,1503612567833,2,1,-1,1,0,-1,2,3
14909,14909,1503612567846,-3,-2,-1,-3,-3,-1,0,-1
14910,14910,1503612567854,4,-2,-4,-2,-1,-1,-9,-12
14911,14911,1503612567862,4,0,0,-2,-3,-2,0,5
14912,14912,1503612567877,-1,2,-3,1,1,-1,3,2
14913,14913,1503612567884,-2,-1,-3,-3,-3,2,-2,-11
14914,14914,1503612567892,-1,16,2,0,-4,-1,1,11
14915,14915,1503612567906,-3,-4,-4,-5,-2,0,-3,-12
14916,14916,1503612567914,-3,-6,-1,-1,2,1,5,8
14917,14917,1503612567922,4,2,2,2,-1,-1,-6,-2
14918,14918,1503612567938,-4,1,1,-2,-3,-1,1,-10
14919,14919,1503612567944,-13,0,4,0,2,-1,0,0
14920,14920,1503612567952,15,-8,-1,2,-1,-2,-5,-2
14921,14921,1503612567969,8,8,-1,-4,-1,-2,-1,7
14922,14922,1503612567974,-2,-15,-7,-1,1,1,-3,-13
14923,14923,1503612567982,-2,-4,-4,-4,-4,-3,2,1
14924,14924,1503612567997,1,-2,-5,-4,-3,-2,-2,11
14925,14925,1503612568004,9,2,1,0,0,0,6,11
14926,14926,1503612568012,3,5,4,-2,-1,1,4,-7
14927,14927,1503612568026,-5,-2,-2,1,-2,-3,-5,-7
14928,14928,1503612568036,2,-3,-4,-3,-1,-1,-3,-14
14929,14929,1503612568049,-1,2,-4,-1,-3,-2,-3,-2
14930,14930,1503612568057,-12,0,-1,1,0,1,0,-5
14931,14931,1503612568064,-3,-3,-2,0,0,1,12,-11
14932,14932,1503612568079,-2,-13,-4,-4,-3,-4,-5,-18
14933,14933,1503612568086,11,4,8,5,3,1,3,33
14934,14934,1503612568094,-5,3,-2,0,1,-1,-3,17
14935,14935,1503612568109,-5,-1,1,0,0,-1,-9,-27
14936,14936,1503612568117,-6,7,0,0,0,0,7,7
14937,14937,1503612568123,-1,-5,-8,-4,-3,-3,-8,-2
14938,14938,1503612568124,-3,-4,-2,-2,1,-1,-1,7
14939,14939,1503612568140,2,0,1,1,-2,-2,1,-2
14940,14940,1503612568146,5,-2,-2,-2,-4,-1,-5,8
14941,14941,1503612568154,7,-1,-4,-4,-3,-1,-6,-3
14942,14942,1503612568155,-24,1,-1,2,2,-1,4,-1
14943,14943,1503612568169,-12,-3,-3,-2,-3,-1,-14,-64
14944,14944,1503612568177,-6,-7,-3,-2,-2,-1,4,6
14945,14945,1503612568178,6,2,-5,-4,0,0,-7,-7
14946,14946,1503612568193,-8,-8,-3,-4,-1,0,1,-3
14947,14947,1503612568199,7,14,4,2,-1,-2,-8,-2
14948,14948,1503612568207,5,5,0,2,2,1,4,11
14949,14949,1503612568214,-9,7,7,1,4,0,-2,5
14950,14950,1503612568230,-8,-1,-3,-5,-3,-1,0,0
14951,14951,1503612568237,6,-11,-3,-2,-2,-1,-6,-11
14952,14952,1503612568252,-3,-2,-5,-3,1,0,-4,-2
14953,14953,1503612568259,1,1,3,1,0,0,-10,-27
14954,14954,1503612568269,3,0,-3,0,-2,-2,3,23
14955,14955,1503612568276,3,0,3,6,1,-2,4,7
14956,14956,1503612568290,5,3,2,0,2,2,1,1
14957,14957,1503612568297,-4,-9,-5,-3,-3,0,2,6
14958,14958,1503612568313,2,4,1,-1,-3,-2,7,-1
14959,14959,1503612568321,1,-14,-4,-2,0,0,-3,24
14960,14960,1503612568322,9,3,-3,-3,-3,-1,-3,0
14961,14961,1503612568331,4,27,5,-1,0,2,4,8
14962,14962,1503612568332,1,6,8,2,0,-4,1,-21
14963,14963,1503612568335,-9,-12,-6,-2,0,1,-3,-4
14964,14964,1503612568350,-2,-3,-9,-8,-7,-1,0,22
14965,14965,1503612568357,-1,-1,-1,-3,-4,-2,-1,-4
14966,14966,1503612568373,5,-2,-4,-1,2,1,0,13
14967,14967,1503612568379,5,-7,-5,-3,-1,-2,0,-9
14968,14968,1503612568388,-6,-14,-6,-4,-4,-6,0,7
14969,14969,1503612568394,-1,4,0,-2,-1,1,4,3
14970,14970,1503612568410,2,0,-3,0,0,1,4,13
14971,14971,1503612568417,1,-6,-4,-5,-4,-1,3,6
14972,14972,1503612568432,-16,1,5,1,1,-1,-9,-22
14973,14973,1503612568440,-3,4,5,4,0,-1,-2,13
14974,14974,1503612568447,14,7,5,2,2,0,-2,31
14975,14975,1503612568454,-1,8,3,4,7,1,5,19
14976,14976,1503612568471,0,-8,-3,0,0,0,-3,8
14977,14977,1503612568477,12,22,3,2,1,-1,-1,-10
14978,14978,1503612568492,1,-1,2,3,2,-2,-3,-25
14979,14979,1503612568499,-2,-10,-5,-4,-4,-1,-5,-8
14980,14980,1503612568509,-4,2,-3,-2,-1,0,-2,14
14981,14981,1503612568514,-9,-4,-1,-1,-2,-3,-4,10
14982,14982,1503612568530,0,-6,1,1,-1,1,-5,-12
14983,14983,1503612568539,-7,-12,-1,-2,0,-1,0,8
14984,14984,1503612568552,-12,8,3,2,-2,1,0,-28
14985,14985,1503612568559,-9,11,4,2,0,1,5,-14
14986,14986,1503612568567,12,12,-1,-5,-1,-1,0,2
14987,14987,1503612568575,-2,-10,-3,-1,-1,-1,1,0
14988,14988,1503612568590,-6,-14,-7,-3,-3,-1,-1,21
14989,14989,1503612568597,2,-5,-1,0,-2,1,0,6
14990,14990,1503612568612,3,-8,-4,-2,0,-2,7,7
14991,14991,1503612568619,2,6,0,-1,-4,-5,2,15
14992,14992,1503612568627,-2,1,1,1,2,-1,-5,-2
14993,14993,1503612568634,1,-1,-1,-1,-3,-1,-2,-5
14994,14994,1503612568650,3,3,-2,1,3,-1,1,-18
14995,14995,1503612568657,-5,-8,-5,-2,1,-2,-1,-2
14996,14996,1503612568675,17,18,3,-1,-1,-1,-8,17
14997,14997,1503612568679,-18,-13,-3,-3,-1,-1,-2,6
14998,14998,1503612568680,0,1,0,-3,0,0,9,-5
14999,14999,1503612568687,-3,5,2,1,-1,1,-2,-5
15000,15000,1503612568694,2,1,-3,-1,1,-1,-1,3
15001,15001,1503612568710,-2,-9,-1,-1,-1,-1,-4,-11
15002,15002,1503612568717,-3,-2,-1,-2,1,-1,-1,-2
15003,15003,1503612568733,-2,-2,-1,-2,-2,-1,-1,-1
15004,15004,1503612568743,7,1,0,2,0,2,1,2
15005,15005,1503612568748,-1,1,-1,0,0,1,5,45
15006,15006,1503612568754,1,0,1,1,0,1,1,-13
15007,15007,1503612568770,-7,-10,-1,-1,-2,-3,-6,-25
15008,15008,1503612568778,1,12,2,0,-1,-2,0,-28
15009,15009,1503612568793,1,-4,-1,-1,0,-1,0,82
15010,15010,1503612568799,-3,3,2,-3,-1,1,-4,-23
15011,15011,1503612568810,-7,0,1,0,0,2,2,-27
15012,15012,1503612568815,4,-7,-3,-2,-3,-3,-4,-3
15013,15013,1503612568838,-13,-1,0,-1,-1,0,-3,-3
15014,15014,1503612568852,13,3,3,-1,-2,-2,-2,-3
15015,15015,1503612568859,-1,-7,-5,0,0,1,-1,11
15016,15016,1503612568867,-10,-3,-4,-3,-2,-1,-1,-16
15017,15017,1503612568875,-3,-5,0,-3,0,-1,-3,14
15018,15018,1503612568890,-2,0,-1,-2,-2,-1,-2,-18
15019,15019,1503612568897,1,-5,-1,-1,-2,-1,-2,4
15020,15020,1503612568912,-1,2,1,-1,-1,0,0,-8
15021,15021,1503612568919,3,-3,-2,-1,-2,-2,-2,5
15022,15022,1503612568927,9,1,-1,0,0,-1,-2,-12
15023,15023,1503612568934,3,0,-1,-2,-1,-2,1,-1
15024,15024,1503612568950,21,-1,-1,-1,-1,-2,2,4
15025,15025,1503612568957,-7,-1,-1,1,1,0,0,1
15026,15026,1503612568972,-9,-1,-1,0,0,-2,1,-10
15027,15027,1503612568979,-11,-2,-2,-1,-2,0,1,5
15028,15028,1503612568987,-4,-1,-2,-1,0,1,-1,-5
15029,15029,1503612569002,8,1,-1,0,0,-1,2,0
15030,15030,1503612569010,-8,0,0,-2,-2,0,-1,-9
15031,15031,1503612569024,5,1,2,0,0,-1,-1,1
15032,15032,1503612569032,-6,-4,-3,-2,-1,-3,-3,-12
15033,15033,1503612569039,2,-1,-2,-2,1,1,0,2
15034,15034,1503612569048,-13,-3,-4,-2,-2,-2,-5,-7
15035,15035,1503612569062,20,11,3,2,0,-1,2,2
15036,15036,1503612569070,-5,0,0,3,0,0,2,1
15037,15037,1503612569077,-8,-2,-3,-3,-3,-2,-4,-2
15038,15038,1503612569092,0,3,2,-2,-1,1,2,3
15039,15039,1503612569099,-5,-2,0,-1,-1,1,0,2
15040,15040,1503612569109,-5,-5,-2,-1,-2,-2,-1,-4
15041,15041,1503612569122,-4,0,2,0,0,-2,0,3
15042,15042,1503612569130,2,-4,-3,1,-5,-1,0,4
15043,15043,1503612569137,6,0,-1,3,1,1,0,3
15044,15044,1503612569153,-4,-1,-2,-2,0,0,0,-3
15045,15045,1503612569159,-7,1,1,-1,-1,-2,-5,-6
15046,15046,1503612569167,-3,2,1,-2,-1,-3,-2,-6
15047,15047,1503612569183,6,-5,-2,0,-2,-1,-3,2
15048,15048,1503612569190,-4,-2,-1,0,0,-1,-3,-5
15049,15049,1503612569197,-11,-4,-2,-2,-1,-3,0,-3
15050,15050,1503612569213,-18,-2,0,0,-2,1,-3,-7
15051,15051,1503612569219,4,-11,-7,-3,-1,0,-3,2
15052,15052,1503612569227,9,11,7,0,-1,0,2,8
15053,15053,1503612569244,-6,-3,-1,-2,-1,-2,-1,-4
15054,15054,1503612569250,-2,-13,-6,-2,-1,0,1,0
15055,15055,1503612569251,-1,3,2,1,2,-1,2,2
15056,15056,1503612569257,3,5,-1,-2,-1,-1,2,0
15245,15245,1503612571162,-12,-1,4,10,11,2,5,4
15246,15246,1503612571177,27,2,3,1,-9,3,6,15
15247,15247,1503612571184,9,-2,-1,1,8,-2,-1,5
15248,15248,1503612571192,2,-1,-4,0,5,-5,1,19
15249,15249,1503612571206,11,6,5,6,9,-2,-1,18
15250,15250,1503612571214,-2,4,0,-3,-1,-2,-7,-12
15251,15251,1503612571224,21,12,2,2,6,6,0,25
15252,15252,1503612571237,-2,-5,-1,-2,-10,-9,-4,36
15253,15253,1503612571244,-19,-8,-2,-1,4,0,-1,-16
15254,15254,1503612571252,-5,1,1,-2,7,-9,-1,28
15255,15255,1503612571267,32,-2,-4,0,1,0,-9,8
15256,15256,1503612571275,33,5,10,3,6,6,8,-3
15257,15257,1503612571282,-7,7,-1,-1,2,-1,3,21
15258,15258,1503612571297,-6,-6,-4,-2,1,1,1,-19
15259,15259,1503612571304,27,-10,-3,-2,1,3,2,-19
15260,15260,1503612571312,4,-5,-6,-3,-3,-2,-5,1
15261,15261,1503612571327,-46,-15,-2,-2,1,1,0,-40
15262,15262,1503612571334,-20,8,4,2,3,2,-1,-80
15263,15263,1503612571342,14,10,0,2,3,0,-5,14
15264,15264,1503612571358,-29,-23,-9,-4,2,-2,-4,-20
15265,15265,1503612571364,-13,5,6,0,-3,-1,8,12
15266,15266,1503612571372,3,1,-1,4,4,0,-8,3
15267,15267,1503612571386,-11,-4,-9,-2,0,-1,6,-10
15268,15268,1503612571394,-1,1,-1,-2,-11,-2,0,-1
15269,15269,1503612571402,-9,6,1,-2,-2,0,-5,-25
15270,15270,1503612571417,8,2,-2,-2,-8,-2,5,13
15271,15271,1503612571426,-10,-1,-2,-2,-7,-3,2,-4
15272,15272,1503612571432,18,6,3,0,1,-1,1,-38
15273,15273,1503612571446,-21,-2,-1,1,6,-1,-7,-6
15274,15274,1503612571454,-19,4,-1,-1,1,-2,-7,11
15275,15275,1503612571462,12,0,-1,-2,1,-2,0,-3
15276,15276,1503612571477,0,-2,0,2,3,1,6,6
15277,15277,1503612571484,-4,-5,-5,-2,-1,3,11,13
15278,15278,1503612571494,1,0,-10,-4,-2,-1,-1,15
15279,15279,1503612571506,15,-9,3,3,0,-1,-6,29
15280,15280,1503612571514,2,3,0,0,0,2,6,3
15281,15281,1503612571522,5,3,-1,0,-2,0,-8,-2
15282,15282,1503612571537,26,-9,-3,0,0,3,-1,58
15283,15283,1503612571544,-3,15,3,0,0,-1,-4,-12
15284,15284,1503612571552,5,68,21,5,1,-2,12,57
15285,15285,1503612571566,0,-14,-12,-4,-2,-1,-5,21
15286,15286,1503612571574,-11,-8,-5,-1,0,-2,-6,-26
15287,15287,1503612571582,-2,-22,-5,0,0,-1,1,6
15288,15288,1503612571597,-12,-17,-1,-2,0,-2,-8,-14
15289,15289,1503612571604,-6,-8,0,2,-2,-4,-7,-11
15290,15290,1503612571612,3,3,1,-1,1,-3,2,-50
15291,15291,1503612571628,4,29,12,1,0,1,2,44
15292,15292,1503612571636,-5,-12,-5,-2,-1,-1,1,4
15293,15293,1503612571642,13,1,2,2,0,0,-6,8
15294,15294,1503612571657,-20,-13,-4,-5,-8,-4,-9,-35
15295,15295,1503612571664,11,-8,0,0,1,-1,3,-11
15296,15296,1503612571672,16,3,3,1,-1,1,6,6
15297,15297,1503612571686,-18,8,4,0,-2,-2,-5,-24
15298,15298,1503612571695,-2,-15,-8,-3,0,-1,-5,-2
15299,15299,1503612571702,-7,-3,-3,-2,-1,-1,5,-7
15300,15300,1503612571717,-11,-3,0,1,-2,0,5,8
15301,15301,1503612571724,-13,-8,-6,-3,-2,-4,-7,-11
15302,15302,1503612571733,16,0,-1,-1,-3,-2,7,80
15303,15303,1503612571746,6,4,2,0,2,1,3,-3
15304,15304,1503612571755,-3,-9,0,3,2,4,1,-22
15305,15305,1503612571764,-3,5,1,-1,1,2,5,-1
15306,15306,1503612571777,-4,-3,-4,0,7,3,0,-5
15307,15307,1503612571784,19,0,1,1,0,1,0,20
15308,15308,1503612571800,-4,8,3,-1,-2,-4,-17,-36
15309,15309,1503612571806,-2,-3,-5,-1,-2,-3,0,-13
15310,15310,1503612571814,-1,9,7,3,-1,1,0,-16
15311,15311,1503612571829,0,0,2,-2,-3,-1,-1,-9
15312,15312,1503612571837,10,-15,-5,-3,0,0,-6,38
15313,15313,1503612571844,2,3,-1,1,-2,-2,3,39
15314,15314,1503612571859,4,-26,-10,-3,-2,1,4,4
15315,15315,1503612571866,-3,-2,-2,-2,-1,-1,2,8
15316,15316,1503612571874,-9,0,-2,-1,-1,-3,-4,-13
15317,15317,1503612571888,-2,1,-3,-2,-4,-1,-11,-34
15318,15318,1503612571897,-1,-3,0,0,-5,2,8,-7
15319,15319,1503612571904,-2,2,-2,-2,1,-4,0,-1
15320,15320,1503612571919,-10,6,0,-2,-1,-4,-6,-12
15321,15321,1503612571926,-4,-1,0,-1,0,2,-1,-21
15322,15322,1503612571934,-20,-2,-5,-2,1,0,2,-38
15323,15323,1503612571949,9,-8,-3,-1,0,0,-2,4
15324,15324,1503612571958,2,7,2,1,0,0,-3,9
15325,15325,1503612571965,-3,3,0,-1,-2,-2,-2,-8
15326,15326,1503612571979,-3,-4,-4,-5,0,-4,3,8
15327,15327,1503612571986,1,-6,1,8,17,1,4,-2
15328,15328,1503612571997,8,-1,-1,0,4,0,0,1
15329,15329,1503612572009,-2,-1,-2,-3,-5,-1,2,-5
15330,15330,1503612572017,7,1,-3,0,1,-2,0,5
15331,15331,1503612572024,23,-4,-5,-3,-5,3,1,6
15332,15332,1503612572039,-3,1,1,-1,-6,-3,-8,3
15333,15333,1503612572047,-21,-8,1,-2,-3,-4,-9,-13
15334,15334,1503612572055,0,-3,-2,-2,-2,-2,1,11
15335,15335,1503612572069,3,5,-4,0,0,-1,4,2
15336,15336,1503612572077,-8,-5,0,-1,-2,1,-3,-2
15337,15337,1503612572084,-1,3,5,0,-6,1,-4,2
15338,15338,1503612572099,-6,1,2,5,4,5,0,-3
15339,15339,1503612572107,-3,2,1,-4,-4,-1,-3,2
15340,15340,1503612572115,4,1,-1,-1,-5,1,7,8
15341,15341,1503612572130,-10,0,3,1,5,1,-3,-7
15342,15342,1503612572137,15,2,-2,-1,-1,-1,-2,-3
15343,15343,1503612572144,-3,-2,-2,-2,-4,-3,1,-11
15344,15344,1503612572159,-3,9,3,-2,-1,-1,-3,-7
15345,15345,1503612572167,-4,2,0,-1,-1,-1,-2,10
15346,15346,1503612572175,-8,0,-2,-1,-1,-1,3,-5
15347,15347,1503612572188,-1,-4,-2,-1,1,-2,2,16
15348,15348,1503612572199,-9,-4,0,0,8,-1,2,-9
15349,15349,1503612572205,-3,-3,-4,1,4,1,-1,-3
15350,15350,1503612572219,-4,0,-2,-1,-4,-2,-2,4
15351,15351,1503612572226,-3,-2,0,0,-9,-3,-15,-13
15352,15352,1503612572234,2,1,1,5,10,-10,-1,2
15353,15353,1503612572249,-3,-1,-2,-1,2,1,3,-1
15354,15354,1503612572257,1,-1,-1,-1,-5,5,0,2
15355,15355,1503612572271,7,-8,-5,-3,1,0,1,8
15356,15356,1503612572279,4,8,4,-1,-1,1,5,16
15357,15357,1503612572286,-19,-14,-3,-4,-2,0,2,32
15358,15358,1503612572294,-2,-11,-6,-4,-6,-4,-4,-18
15359,15359,1503612572309,-6,-2,-5,-2,-1,-1,1,-16
15360,15360,1503612572317,-3,-3,-1,-1,-3,-3,-5,6
15361,15361,1503612572324,16,7,-3,-3,-1,0,0,-11
15362,15362,1503612572340,-5,-13,-2,-3,-3,2,3,-17
15363,15363,1503612572347,-14,3,4,1,1,0,7,27
15364,15364,1503612572362,4,19,5,-1,-2,0,-6,16
15365,15365,1503612572369,-7,-6,-4,-2,-2,0,-2,-20
15366,15366,1503612572377,-2,-9,-8,-2,-3,-2,1,-3
15367,15367,1503612572384,-4,11,5,0,-1,-4,-3,-15
15368,15368,1503612572399,4,-2,-1,0,9,1,3,-17
15369,15369,1503612572407,18,-4,6,2,0,3,-1,-9
15370,15370,1503612572415,0,-14,-8,-4,-4,-2,-2,53
15371,15371,1503612572429,-12,-17,-4,-1,-1,-3,-6,-15
15372,15372,1503612572437,-2,11,5,2,1,1,-6,3
15373,15373,1503612572444,0,-4,-3,-4,-2,-1,-1,-2
15374,15374,1503612572459,-3,-9,-2,-1,-3,-1,1,-10
15375,15375,1503612572467,3,8,4,-1,0,1,3,7
15376,15376,1503612572475,4,4,2,0,0,-1,0,-13
15377,15377,1503612572489,3,12,2,2,0,0,5,0
15378,15378,1503612572497,-5,-5,-5,-2,-2,-2,-5,0
15379,15379,1503612572504,4,0,0,1,0,-1,6,3
15380,15380,1503612572519,-1,-3,-1,-1,-2,0,-3,-3
15381,15381,1503612572527,7,2,-4,-1,0,-2,-14,2
15382,15382,1503612572535,-7,14,2,-1,-2,-2,-2,-12
15383,15383,1503612572549,-4,16,4,0,0,2,0,-2
15384,15384,1503612572557,19,-1,-4,-1,-2,-2,-4,18
15385,15385,1503612572566,-3,-2,-3,-2,-3,-3,-2,-19
15386,15386,1503612572579,4,-4,-2,-1,-2,0,-1,3
15387,15387,1503612572587,2,-4,-3,0,-1,-1,-3,-22
15388,15388,1503612572595,-9,2,1,1,1,2,1,-9
15389,15389,1503612572609,-3,-3,-1,-1,0,-1,-5,7
15390,15390,1503612572617,0,0,-2,0,-4,-2,-1,-15
15391,15391,1503612572624,1,-4,-2,-1,0,-2,-4,8
15392,15392,1503612572639,-1,2,-1,-2,-3,-2,-3,-11
15393,15393,1503612572647,-3,0,-1,0,-2,-1,1,9
15394,15394,1503612572655,-2,-8,-4,-4,-2,-2,-3,0
15395,15395,1503612572668,3,-5,0,-1,-1,1,2,4
15396,15396,1503612572669,-13,1,3,0,-1,-2,-7,-5
15397,15397,1503612572677,-4,7,2,1,4,1,4,-1
15398,15398,1503612572684,-7,-2,-1,-1,4,1,3,0
15399,15399,1503612572701,0,-1,2,1,-1,-2,2,1
15400,15400,1503612572706,2,4,-1,0,-4,-1,3,-1
15401,15401,1503612572722,-2,-1,3,2,3,2,4,-1
15402,15402,1503612572729,0,-8,-4,-2,-4,-2,-5,-3
15403,15403,1503612572737,-2,-18,-4,-6,-2,-1,-6,-3
15404,15404,1503612572751,4,3,8,5,4,2,3,8
15405,15405,1503612572759,-2,-2,2,-2,-4,-2,2,-1
15406,15406,1503612572771,-15,-9,-7,-5,0,0,5,0
15407,15407,1503612572782,8,8,2,1,-2,-2,-6,-4
15408,15408,1503612572788,8,22,6,3,3,0,4,6
15409,15409,1503612572797,3,-6,-7,-2,0,1,4,-4
15410,15410,1503612572811,-8,-1,-5,-3,-3,-6,-10,-13
15411,15411,1503612572819,-4,8,-3,-1,1,1,3,9
15412,15412,1503612572827,1,-5,-3,-3,-2,-1,-2,17
15413,15413,1503612572842,-14,8,3,1,-4,-2,0,-59
15414,15414,1503612572848,20,-1,-1,1,-1,1,12,4
15415,15415,1503612572857,-4,0,1,0,-1,1,-1,23
15416,15416,1503612572872,-2,-6,-4,-2,-2,-3,-13,-24
15417,15417,1503612572879,4,6,3,3,-1,-2,-12,-23
15418,15418,1503612572887,-3,-4,-3,-3,-3,-2,-6,-16
15419,15419,1503612572903,-6,0,1,0,2,2,9,7
15420,15420,1503612572908,-1,-3,-4,-3,-2,-1,-8,-24
15421,15421,1503612572909,-7,-8,-2,-2,-3,-1,2,10
15422,15422,1503612572917,-1,-2,-4,-3,-3,1,6,22
15423,15423,1503612572931,3,-5,-4,-1,-2,0,5,10
15424,15424,1503612572939,-2,6,3,0,1,-1,-1,-35
15425,15425,1503612572947,3,-8,-4,-4,-2,-1,3,-1
15426,15426,1503612572962,4,-8,-4,-2,-3,-2,1,5
15427,15427,1503612572969,0,-4,0,0,3,4,9,-6
15428,15428,1503612572978,2,-1,-1,1,3,-2,-11,17
15429,15429,1503612572991,-1,1,1,2,3,0,0,-5
15430,15430,1503612572999,-3,-1,1,1,1,0,-1,5
15431,15431,1503612573007,5,0,-2,0,-2,-4,-8,-6
15432,15432,1503612573022,4,-8,-7,-4,0,0,0,19
15433,15433,1503612573029,4,4,2,-1,0,-1,3,10
15434,15434,1503612573038,-3,5,0,-2,-2,-4,-2,16
15435,15435,1503612573052,-4,-14,-2,2,-3,-3,-23,-37
15436,15436,1503612573059,4,-11,-4,-1,-3,-2,2,-7
15437,15437,1503612573067,13,6,0,0,0,0,5,19
15438,15438,1503612573082,6,0,1,0,-2,0,-1,0
15439,15439,1503612573088,-1,-1,0,-2,-1,0,1,16
15440,15440,1503612573097,-1,6,3,0,-2,-2,-1,2
15441,15441,1503612573118,-10,5,1,0,0,2,0,-27
15442,15442,1503612573120,-2,-2,-1,-1,1,-1,-8,-14
15443,15443,1503612573127,-4,1,0,-2,0,0,7,20
15444,15444,1503612573142,-12,-2,-3,0,-1,-1,-3,-30
15445,15445,1503612573148,5,1,1,0,0,-2,7,8
15446,15446,1503612573157,5,2,1,-3,-2,-3,-1,12
15447,15447,1503612573171,-9,6,3,-1,-3,-4,-12,-4
15448,15448,1503612573179,-3,0,-1,0,0,1,-5,-3
15449,15449,1503612573186,2,4,0,-1,0,-2,-1,4
15450,15450,1503612573204,2,6,1,-2,-1,-1,-8,-2
15451,15451,1503612573209,3,0,0,-1,-1,-2,1,8
15452,15452,1503612573217,-1,-2,-1,0,2,2,7,1
15453,15453,1503612573232,-9,-15,-7,-3,-2,2,0,-12
15454,15454,1503612573240,6,0,0,-1,-1,-4,3,-32
15455,15455,1503612573247,-6,-6,-4,-2,2,1,1,-2
15456,15456,1503612573262,-9,-7,-4,0,-1,-1,-5,1
15457,15457,1503612573268,-11,0,4,3,1,0,2,-5
15458,15458,1503612573269,2,0,-3,-1,-2,0,0,-4
15459,15459,1503612573277,2,-4,-4,-3,-1,-1,0,17
15460,15460,1503612573291,-3,5,4,0,1,-1,1,7
15461,15461,1503612573299,0,-2,-3,-3,-3,-2,0,6
15462,15462,1503612573307,1,4,-3,1,0,1,-3,3
15463,15463,1503612573322,0,5,1,0,-1,-2,-8,-4
15464,15464,1503612573328,-2,-1,1,-1,-2,-3,-6,-2
15465,15465,1503612573339,-1,-6,-2,-1,1,1,3,8
15466,15466,1503612573352,-14,-3,-4,-2,1,0,1,-50
15467,15467,1503612573359,-8,-1,2,-2,-2,-1,-8,-2
15468,15468,1503612573367,-1,3,-1,-3,0,-1,-2,13
15469,15469,1503612573382,0,0,0,-1,-2,2,2,0
15470,15470,1503612573388,0,-11,-3,-2,-2,0,0,10
15471,15471,1503612573397,-5,14,9,1,1,-1,2,11
15472,15472,1503612573411,7,2,0,1,-1,0,0,12
15473,15473,1503612573419,-1,-7,-1,-1,-2,-1,4,-1
15474,15474,1503612573435,1,5,2,-1,-2,-2,3,5
15475,15475,1503612573442,-1,-9,-5,-2,-1,-1,-2,-4
15476,15476,1503612573450,6,2,1,0,-1,-2,2,6
15477,15477,1503612573457,0,-2,-2,0,0,2,9,5
15478,15478,1503612573473,-4,0,-2,0,-1,1,0,7
15479,15479,1503612573480,-4,4,2,2,0,0,-1,1
15480,15480,1503612573495,-3,-2,0,-3,-2,-2,-1,0
15481,15481,1503612573502,7,-3,-1,1,1,0,3,0
15482,15482,1503612573510,-2,-3,1,-1,-2,-4,-7,-1
15483,15483,1503612573517,5,9,0,-1,0,-2,1,0
15484,15484,1503612573532,5,3,-1,1,1,0,0,-3
15485,15485,1503612573540,-8,1,-3,-3,-1,0,0,-5
15486,15486,1503612573555,-2,-5,-4,-2,-1,-1,0,-2
15487,15487,1503612573562,4,1,-1,2,-1,-4,-3,3
15488,15488,1503612573570,-2,-12,-4,0,-2,-1,-6,-10
15489,15489,1503612573577,-5,20,6,-2,-8,-6,-12,-10
15490,15490,1503612573592,3,3,0,-3,0,0,-1,-2
15491,15491,1503612573599,2,-14,-5,0,2,1,4,6
15492,15492,1503612573615,-2,3,1,-1,0,0,2,0
15493,15493,1503612573622,-3,-3,-1,-2,0,1,-2,0
15494,15494,1503612573637,1,3,1,-1,-1,-2,1,0
15495,15495,1503612573644,5,4,3,2,3,0,1,1
15496,15496,1503612573659,-8,3,-2,-1,-1,0,-2,0
15497,15497,1503612573660,0,-5,-2,-3,-1,0,1,2
15498,15498,1503612573675,-3,11,4,1,0,0,-3,-17
15499,15499,1503612573683,-1,3,-3,-1,1,1,1,-1
15500,15500,1503612573690,3,30,7,1,0,-2,1,4
15501,15501,1503612573704,-2,-9,-5,-3,-2,1,-2,-4
15502,15502,1503612573712,1,-9,-4,1,0,-1,0,5
15503,15503,1503612573719,1,0,-3,0,-4,1,0,2
15504,15504,1503612573735,3,-9,-3,-1,2,0,-3,3
15505,15505,1503612573742,-5,-8,-2,-1,-5,-2,0,-5
15506,15506,1503612573751,1,-4,-4,-3,-5,-1,3,-1
15507,15507,1503612573771,3,-10,-5,-3,-5,-2,-1,1
15508,15508,1503612573776,-1,19,6,5,4,4,-1,0
15509,15509,1503612573780,4,-10,-3,0,1,0,0,-1
15510,15510,1503612573795,8,-5,-4,-1,-1,-2,-3,6
15511,15511,1503612573802,0,5,1,-1,1,-3,-7,-4
15512,15512,1503612573810,-6,-11,-4,-2,-1,-1,4,-1
15513,15513,1503612573824,1,1,-1,-1,3,0,-2,-1
15514,15514,1503612573832,-6,-4,-3,-3,-1,-1,-4,-2
15515,15515,1503612573839,-1,1,-2,-4,-6,-4,-1,0
15516,15516,1503612573855,-1,-7,-1,1,5,3,4,3
15517,15517,1503612573862,-7,6,5,2,2,2,-2,2
15518,15518,1503612573870,-1,-7,-4,-3,-4,-1,0,1
15519,15519,1503612573884,1,10,6,4,4,1,4,4
15520,15520,1503612573892,2,-4,-3,-2,1,-3,-5,-6
15521,15521,1503612573899,4,-6,-2,1,2,-1,2,0
15522,15522,1503612573915,3,2,0,-3,-3,-3,-6,-4
15523,15523,1503612573922,-5,-2,-3,-4,-2,-1,1,-1
15524,15524,1503612573937,-4,4,4,1,4,-1,0,6
15525,15525,1503612573944,-8,2,-3,0,0,0,-4,-3
15526,15526,1503612573952,-4,-17,-5,-2,-3,-3,2,-4
15527,15527,1503612573959,-1,-11,-2,1,0,-2,-2,0
15528,15528,1503612573977,0,1,1,-1,-1,0,1,4
15529,15529,1503612573982,2,-6,-2,2,8,1,-3,-2
15530,15530,1503612573997,2,-11,-4,1,-1,0,-1,1
15531,15531,1503612574004,-2,-5,-7,-6,-9,0,2,2
15532,15532,1503612574012,4,11,7,3,1,-1,-12,-8
15533,15533,1503612574020,-3,-3,-1,0,-1,-2,-1,-2
15534,15534,1503612574035,-6,13,3,-2,-3,0,1,-7
15535,15535,1503612574044,2,7,1,-2,-1,-1,5,5
15536,15536,1503612574057,-6,-4,1,-2,0,0,-3,-3
15537,15537,1503612574064,-5,5,0,0,-3,-1,-1,-8
15538,15538,1503612574072,0,4,-1,0,-1,-1,-2,-1
15539,15539,1503612574079,-6,1,0,1,-1,-2,-1,-5
15540,15540,1503612574101,6,-7,-1,-1,-1,1,-4,8
15541,15541,1503612574102,-4,-3,-2,-2,0,0,4,-5
15542,15542,1503612574117,4,0,-3,-2,-2,-2,4,1
15543,15543,1503612574124,1,-3,0,-2,-2,-2,-6,5
15544,15544,1503612574132,8,0,-1,1,-1,-1,1,12
15545,15545,1503612574139,3,-3,1,0,-2,-1,-2,-6
15546,15546,1503612574155,-4,-8,-5,-1,-1,-1,2,-6
15547,15547,1503612574162,-3,8,-1,-2,-1,2,0,3
15548,15548,1503612574180,1,-11,-3,1,0,-1,-5,-3
15549,15549,1503612574184,9,3,-2,-2,-1,0,2,-1
15550,15550,1503612574192,-9,1,-2,-2,-2,0,2,-2
15551,15551,1503612574199,-9,2,1,0,-1,-3,-3,-1
15552,15552,1503612574216,-5,-5,-1,-2,1,0,-1,4
15553,15553,1503612574222,1,27,8,4,3,1,-4,-3
15554,15554,1503612574237,-4,-1,-4,-3,-1,-1,-6,-5
15555,15555,1503612574246,-3,-10,-2,0,0,-3,0,4
15556,15556,1503612574253,4,10,3,1,-2,-2,-6,-9
15557,15557,1503612574259,-5,-8,1,3,2,-3,-6,8
15558,15558,1503612574275,-4,-9,-5,0,-2,-2,-2,-4
15559,15559,1503612574282,2,-15,-7,-4,-4,-1,-4,-9
15560,15560,1503612574297,-1,-3,-2,-1,0,0,2,15
15561,15561,1503612574304,0,-4,-2,-3,-2,-2,0,1
15562,15562,1503612574313,3,14,6,0,0,1,5,-2
15563,15563,1503612574319,0,-12,-3,1,2,1,-2,-4
15564,15564,1503612574335,1,-3,2,0,1,2,4,-2
15565,15565,1503612574342,0,0,1,-1,1,2,1,13
15566,15566,1503612574357,1,11,-2,0,-1,1,-2,-4
15567,15567,1503612574364,1,1,-5,-4,-2,1,1,3
15568,15568,1503612574372,15,-7,-10,-5,-1,-1,3,-7
15569,15569,1503612574379,6,-4,-3,0,0,-1,-7,-8
15570,15570,1503612574395,-9,0,2,1,0,-2,-1,-3
15571,15571,1503612574402,-1,3,-1,-2,-1,1,6,26
15572,15572,1503612574417,-1,-11,-5,-2,-3,-3,-3,-18
15573,15573,1503612574418,-11,1,-1,-2,-2,-1,-2,-1
15574,15574,1503612574424,3,4,2,-3,-4,-2,0,-5
15575,15575,1503612574432,-3,-2,-3,-3,-3,-2,2,5
15576,15576,1503612574439,-15,-3,-1,0,-1,-2,2,-18
15577,15577,1503612574455,-9,-6,-1,-1,-1,-2,-3,-38
15578,15578,1503612574462,5,-21,-7,-3,-1,1,-1,12
15579,15579,1503612574477,2,-5,1,0,-1,-3,0,14
15580,15580,1503612574484,-3,-4,-1,2,3,-3,-1,-12
15581,15581,1503612574492,6,7,1,3,-2,-1,-8,-14
15582,15582,1503612574499,2,10,7,5,2,0,-4,-23
15583,15583,1503612574515,0,3,3,1,2,1,2,6
15584,15584,1503612574522,-3,6,-1,-2,-2,-1,1,3
15585,15585,1503612574537,-9,-9,0,-1,-3,-2,2,-1
15586,15586,1503612574544,2,13,10,5,3,0,-7,0
15587,15587,1503612574552,-5,-8,-3,-4,0,0,0,46
15588,15588,1503612574559,-2,0,-3,0,-2,0,1,-8
15589,15589,1503612574575,-3,10,1,2,1,2,-5,-21
15590,15590,1503612574582,-4,1,3,0,-3,-4,0,6
15591,15591,1503612574597,-13,-8,-3,-2,-4,-1,1,-2
15592,15592,1503612574604,4,-1,-5,-5,-4,2,-1,-5
15593,15593,1503612574615,4,-2,-5,-2,-3,0,5,-11
15594,15594,1503612574627,-5,-6,-7,-5,-1,1,-3,-7
15595,15595,1503612574635,4,1,-1,-3,-2,-1,0,-1
15596,15596,1503612574642,3,-3,-8,-5,-3,-1,-1,10
15597,15597,1503612574657,8,-6,0,2,3,1,1,13
15598,15598,1503612574664,7,-6,-1,1,-1,-3,-2,6
15599,15599,1503612574672,3,-3,-1,-4,-4,-3,1,21
15600,15600,1503612574687,-2,-5,-1,2,3,1,1,-2
15601,15601,1503612574696,-5,0,-5,-3,-2,-1,1,-11
15602,15602,1503612574702,-5,4,2,1,-3,-4,-2,-15
15603,15603,1503612574717,0,-6,1,2,-1,-2,-5,-7
15604,15604,1503612574724,6,-2,1,1,1,-1,2,16
15605,15605,1503612574732,2,8,6,4,1,0,-3,-2
15606,15606,1503612574748,-7,-7,-1,0,-1,-3,-5,0
15607,15607,1503612574755,-3,-5,-2,-3,-2,-1,0,-11
15608,15608,1503612574762,0,-8,-2,-1,0,1,4,3
15609,15609,1503612574777,2,1,2,2,2,-2,-8,-9
15610,15610,1503612574784,-2,6,0,0,-1,2,3,-2
15611,15611,1503612574792,0,4,-1,-1,-1,-2,0,-3
15612,15612,1503612574806,4,-9,-2,-1,-3,-2,-4,8
15613,15613,1503612574807,-5,-4,-2,-3,-2,0,4,4
15614,15614,1503612574817,2,1,-4,-3,0,2,0,20
15615,15615,1503612574822,5,6,6,7,2,-3,-14,-14
15616,15616,1503612574837,-6,-11,-2,0,-1,0,0,-11
15617,15617,1503612574844,-12,-3,-5,-3,-1,-1,0,-2
15618,15618,1503612574853,6,10,0,2,2,-3,2,-1
15619,15619,1503612574866,-4,-10,0,-1,1,1,0,8
15620,15620,1503612574867,3,1,-5,-3,-3,0,1,-6
15735,15735,1503612575984,-1,-7,-4,2,5,-1,0,-2
15736,15736,1503612575999,10,-3,-1,2,1,0,-1,0
15737,15737,1503612576006,-3,13,3,0,-3,-2,-3,-5
15738,15738,1503612576014,-4,-5,-7,-4,-2,-2,2,2
15739,15739,1503612576029,-5,-7,0,-1,-1,0,3,0
15740,15740,1503612576037,-5,-2,0,-2,-1,-2,-6,-5
15741,15741,1503612576044,3,-2,-1,-1,-1,0,2,3
15742,15742,1503612576059,6,-11,-4,-1,-3,-2,-3,-4
15743,15743,1503612576067,-3,-3,-1,-2,0,-2,-1,-2
15744,15744,1503612576075,6,6,-2,-1,0,2,3,2
15745,15745,1503612576092,-9,-3,-5,-3,-4,-2,-4,-7
15746,15746,1503612576102,-8,-2,-2,0,-2,-2,-4,-1
15747,15747,1503612576104,0,1,-5,-2,-2,0,3,9
15748,15748,1503612576119,-4,-9,1,-1,-2,1,0,0
15749,15749,1503612576127,30,6,3,0,0,-1,3,15
15750,15750,1503612576135,-7,-4,1,0,0,-1,0,-1
15751,15751,1503612576149,-3,-10,-2,-1,-5,-2,-7,-13
15752,15752,1503612576160,-4,7,-1,-2,-2,0,2,1
15753,15753,1503612576164,6,-1,-5,-1,0,1,-5,0
15754,15754,1503612576179,-4,1,-3,-2,2,-1,-3,1
15755,15755,1503612576186,6,17,10,3,-3,0,-6,-5
15756,15756,1503612576202,-5,-2,-2,0,2,0,2,-1
15757,15757,1503612576209,27,4,2,0,-1,2,11,13
15758,15758,1503612576217,-2,5,5,2,1,-1,-1,-4
15759,15759,1503612576225,4,0,-2,-3,3,-3,-1,0
15760,15760,1503612576226,-17,-12,-6,-3,-11,0,-2,-4
15761,15761,1503612576239,5,-3,-5,-3,-2,-2,1,-1
15762,15762,1503612576246,-4,5,0,2,8,-1,-3,-5
15763,15763,1503612576254,-5,-7,-3,0,-1,-1,-2,-5
15764,15764,1503612576269,3,4,3,0,7,1,1,2
15765,15765,1503612576277,-5,-4,-1,0,-4,-2,-11,-11
15766,15766,1503612576285,-6,-6,-7,-4,1,0,3,0
15767,15767,1503612576299,-3,4,2,-1,2,-1,-1,-3
15768,15768,1503612576306,-9,-4,-5,-5,-2,-2,-4,-3
15769,15769,1503612576315,4,-8,-3,-2,-2,-1,4,9
15770,15770,1503612576329,-1,-4,-4,-3,-1,-3,-2,-13
15771,15771,1503612576337,-1,-5,-4,-4,-10,-1,-3,-4
15772,15772,1503612576344,-1,-6,-3,-2,-2,-1,2,8
15773,15773,1503612576359,4,4,1,0,0,1,-2,-2
15774,15774,1503612576367,-10,-1,2,1,-3,-2,-1,-3
15775,15775,1503612576374,5,-9,-6,-1,-1,-2,0,2
15776,15776,1503612576389,-3,2,0,-1,-1,-1,-2,-5
15777,15777,1503612576397,1,4,2,2,1,0,2,4
15778,15778,1503612576404,-3,-2,-2,1,7,-2,1,-3
15779,15779,1503612576419,-2,9,3,-1,0,0,0,-2
15780,15780,1503612576427,-1,2,4,0,-2,-2,-1,1
15781,15781,1503612576436,3,0,0,1,0,-2,-2,-7
15782,15782,1503612576451,9,-6,-3,-2,-1,-2,2,0
15783,15783,1503612576457,-5,10,5,-1,-1,-2,-3,-1
15784,15784,1503612576471,-5,2,3,0,-1,2,3,14
15785,15785,1503612576479,1,4,4,2,1,-4,-6,16
15786,15786,1503612576487,8,4,1,1,-3,2,-7,-1
15787,15787,1503612576503,-20,-15,-4,-1,2,2,4,-15
15788,15788,1503612576509,-4,-6,0,-1,-2,2,9,-1
15789,15789,1503612576517,2,-1,-2,0,-1,0,-2,-47
15790,15790,1503612576531,-3,6,-1,-1,-2,-1,5,4
15791,15791,1503612576539,-7,-8,-2,-1,-1,-1,-2,-9
15792,15792,1503612576546,-9,-6,-5,-2,-3,-3,-7,-25
15793,15793,1503612576564,5,3,0,-1,-7,2,1,21
15794,15794,1503612576570,-5,-6,-4,-2,-7,-1,-5,3
15795,15795,1503612576585,-3,8,3,0,1,-2,2,2
15796,15796,1503612576591,-3,0,-2,0,0,-1,-1,-2
15797,15797,1503612576599,3,-1,-2,1,0,-2,-4,3
15798,15798,1503612576607,1,-5,-1,-1,3,-4,-7,-2
15799,15799,1503612576622,5,3,-1,-3,-1,0,0,12
15800,15800,1503612576629,-17,-6,-9,-2,-1,1,-2,-10
15801,15801,1503612576639,3,18,6,-2,-1,-2,1,2
15802,15802,1503612576651,11,32,5,0,0,0,3,16
15803,15803,1503612576662,25,-4,-6,0,1,0,-2,9
15804,15804,1503612576667,2,-5,-1,2,4,1,1,3
15805,15805,1503612576682,-7,-10,-7,-4,-6,-7,-7,-8
15806,15806,1503612576689,4,-3,0,-2,-5,-1,-1,2
15807,15807,1503612576697,-6,-8,-4,1,0,-2,-5,-4
15808,15808,1503612576711,-9,-5,-2,-3,-6,-3,-3,-4
15809,15809,1503612576719,3,0,4,4,10,6,13,18
15810,15810,1503612576727,0,-2,2,0,0,1,-2,-11
15811,15811,1503612576741,-9,-3,-2,0,0,-1,-1,-5
15812,15812,1503612576749,14,-5,-3,0,1,-1,-2,2
15813,15813,1503612576757,-9,3,-1,-3,-3,-3,-2,-3
15814,15814,1503612576772,-24,-7,-5,-2,-2,-9,-2,0
15815,15815,1503612576779,2,-5,1,0,0,6,3,6
15816,15816,1503612576786,-1,-1,-3,-4,-5,7,2,7
15817,15817,1503612576787,-3,0,-2,-4,-1,-3,-3,-1
15818,15818,1503612576802,-6,-6,-1,2,1,-8,-5,-4
15819,15819,1503612576809,1,0,1,1,1,-5,-3,-6
15820,15820,1503612576817,13,-2,-1,-2,0,-1,-7,-3
15821,15821,1503612576831,6,0,1,2,0,4,6,10
15822,15822,1503612576840,4,-1,-2,0,1,-9,-1,-4
15823,15823,1503612576846,5,-2,-2,-3,-6,-9,-7,-7
15824,15824,1503612576863,-6,-4,-5,-3,-5,6,-2,-1
15825,15825,1503612576869,-4,1,-2,-1,1,0,1,3
15826,15826,1503612576877,-6,0,-2,-3,-3,3,-1,-5
15827,15827,1503612576891,-4,-2,1,0,20,-5,4,-6
15828,15828,1503612576899,6,1,1,1,-5,2,3,5
15829,15829,1503612576900,9,4,1,-1,-1,-6,-5,5
15830,15830,1503612576907,4,0,-2,-2,-11,0,-2,-1
15831,15831,1503612576921,-6,-2,0,-3,-3,-1,9,-7
15832,15832,1503612576930,18,24,14,8,3,-4,-31,2
15833,15833,1503612576937,-7,-5,0,1,3,15,10,1
15834,15834,1503612576951,-2,-16,-11,-11,-7,16,12,-7
15835,15835,1503612576959,6,5,3,2,-4,-5,-9,1
15836,15836,1503612576967,8,5,3,6,-5,-1,6,12
15837,15837,1503612576981,-10,-1,2,4,0,-21,3,-1
15838,15838,1503612576989,-9,-5,-2,-1,-2,-1,-3,-8
15839,15839,1503612576998,4,-6,-1,5,6,5,-5,9
15840,15840,1503612577011,-4,-2,1,-4,-17,-4,-4,-7
15841,15841,1503612577019,-9,-3,-5,-2,12,11,-6,-9
15842,15842,1503612577026,-16,63,33,8,4,7,12,8
15843,15843,1503612577042,-4,2,1,-1,-13,-8,-2,7
15844,15844,1503612577049,-1,-20,-12,-5,13,19,25,5
15845,15845,1503612577057,-1,-5,-2,-5,-7,-4,1,0
15846,15846,1503612577071,2,-18,-7,0,-1,6,-7,0
15847,15847,1503612577079,6,-11,-8,-6,-9,10,9,-6
15848,15848,1503612577093,2,-4,-2,4,-3,-3,7,2
15849,15849,1503612577102,3,5,3,0,-17,5,9,5
15850,15850,1503612577109,1,-6,-1,1,3,4,-3,-3
15851,15851,1503612577117,-2,19,6,5,21,4,-1,0
15852,15852,1503612577131,5,15,9,-1,-4,-1,4,9
15853,15853,1503612577132,-7,-17,-13,-8,-1,-9,-7,-10
15854,15854,1503612577140,-11,9,0,1,14,3,4,-7
15855,15855,1503612577146,4,10,1,5,-6,-6,-6,5
15856,15856,1503612577162,-3,-11,-6,-7,-12,-4,1,-4
15857,15857,1503612577169,-5,-7,-2,-2,-8,-22,-26,-23
15858,15858,1503612577177,-3,-5,-7,-14,-52,-46,-24,-7
15859,15859,1503612577191,2,-7,-4,0,3,-1,5,9
15860,15860,1503612577199,4,-1,2,-6,-1,-8,-2,-10
15861,15861,1503612577207,-22,-10,-2,0,38,9,3,-2
15862,15862,1503612577221,9,11,3,3,20,22,10,26
15863,15863,1503612577229,8,-5,-4,-5,0,-4,5,-2
15864,15864,1503612577241,4,-13,-5,-1,1,8,-13,-8
15865,15865,1503612577251,-1,10,7,-7,-2,-3,-16,0
15866,15866,1503612577260,-5,-7,-1,7,17,-1,-2,-4
15867,15867,1503612577270,-1,-4,3,13,5,-13,-5,2
15868,15868,1503612577282,7,10,5,2,-3,10,11,6
15869,15869,1503612577289,7,-5,-2,0,-6,-5,0,1
15870,15870,1503612577302,7,1,-1,2,15,2,1,1
15871,15871,1503612577312,-3,0,0,-2,-6,7,36,-2
15872,15872,1503612577320,-5,-11,-3,3,19,0,0,-6
15873,15873,1503612577327,-2,-1,1,3,-7,-1,-15,-8
15874,15874,1503612577342,0,-5,-3,0,4,14,4,4
15875,15875,1503612577349,4,-7,-8,-3,-8,8,6,8
15876,15876,1503612577358,-10,3,8,5,1,9,0,-7
15877,15877,1503612577371,-2,-1,-6,-17,-51,-1,4,2
15878,15878,1503612577381,2,-1,-3,-11,-24,-5,1,4
15879,15879,1503612577393,3,-1,2,2,18,0,-12,-7
15880,15880,1503612577402,-2,-5,-2,5,54,-9,-2,0
15881,15881,1503612577409,-4,43,14,3,3,1,3,-3
15882,15882,1503612577427,-5,3,0,-8,-47,-32,-21,-2
15883,15883,1503612577438,7,-11,-6,-5,15,22,27,5
15884,15884,1503612577442,14,3,-1,-2,-31,-4,5,-3
15885,15885,1503612577453,-13,-6,-6,-11,-41,-14,-29,-12
15886,15886,1503612577461,-9,-10,-4,3,3,12,7,-1
15887,15887,1503612577476,-14,10,1,-13,10,-1,-5,-6
15888,15888,1503612577484,-4,-1,-3,-6,-1,17,8,-1
15889,15889,1503612577498,11,-12,-8,1,-17,-9,3,10
15890,15890,1503612577502,-10,-2,3,6,2,-1,-6,-7
15891,15891,1503612577513,-12,-8,-2,2,7,-9,-5,0
15892,15892,1503612577522,-1,-1,-3,-4,0,0,0,0
15893,15893,1503612577529,5,-5,-3,3,27,0,1,-4
15894,15894,1503612577545,-2,7,-3,-2,-1,-5,-4,-4
15895,15895,1503612577551,0,-12,-1,4,18,-3,-4,-1
15896,15896,1503612577559,-9,3,2,5,8,-12,-5,-6
15897,15897,1503612577574,6,-3,2,4,-6,7,-7,2
15898,15898,1503612577582,16,6,4,5,-4,-6,-3,13
15899,15899,1503612577589,-6,-4,-5,-4,0,9,2,1
15900,15900,1503612577604,-3,-3,-1,1,3,6,18,20
15901,15901,1503612577611,0,-6,-1,1,13,6,4,5
15902,15902,1503612577619,-1,-6,-5,-5,-7,5,5,2
15903,15903,1503612577635,4,-8,-3,0,1,3,-3,1
15904,15904,1503612577642,-5,-6,-4,-6,8,-5,-16,-9
15905,15905,1503612577649,0,0,-3,-5,-17,-16,-11,-11
15906,15906,1503612577664,0,-3,2,6,7,-11,-1,-5
15907,15907,1503612577671,-12,-6,0,-2,-5,-6,-5,-11
15908,15908,1503612577679,3,1,-4,-7,-9,2,-7,-9
15909,15909,1503612577693,-9,0,-2,0,0,-3,17,17
15910,15910,1503612577703,13,6,0,-1,1,-4,-3,1
15911,15911,1503612577716,15,2,0,-2,-9,2,1,5
15912,15912,1503612577724,-1,-1,-3,-2,-1,12,-2,-3
15913,15913,1503612577731,-6,0,0,0,1,-5,-9,-6
15914,15914,1503612577739,0,-3,0,1,2,1,6,8
15915,15915,1503612577753,0,0,2,2,1,2,4,3
15916,15916,1503612577761,-8,-11,-3,-2,4,-2,-8,5
15917,15917,1503612577770,3,6,4,-4,-3,-2,-7,-8
15918,15918,1503612577784,-10,6,0,-6,-12,-9,-12,-18
15919,15919,1503612577791,1,2,-4,-1,0,-9,-8,-1
15920,15920,1503612577799,-10,0,1,0,-8,-3,16,-6
15921,15921,1503612577813,-5,7,1,2,-5,0,-4,1
15922,15922,1503612577821,-12,-5,-3,-1,0,1,-1,-2
15923,15923,1503612577829,10,3,2,2,-2,-3,-8,0
15924,15924,1503612577845,4,20,4,-2,-7,0,-5,1
15925,15925,1503612577851,-1,-9,-2,1,-7,3,5,3
15926,15926,1503612577860,2,-3,1,6,15,22,24,0
15927,15927,1503612577874,6,-6,-4,-2,5,2,12,9
15928,15928,1503612577882,-16,-1,-1,0,-6,-11,-14,-9
15929,15929,1503612577889,11,4,2,2,15,2,6,6
15930,15930,1503612577905,5,-5,-3,-5,-33,-12,1,4
15931,15931,1503612577913,0,4,2,-4,-20,10,8,-3
15932,15932,1503612577919,1,-2,-2,-5,0,10,2,0
15933,15933,1503612577933,-4,-4,-3,0,39,1,-4,-3
15934,15934,1503612577942,5,-13,-5,-2,-9,-16,-13,3
15935,15935,1503612577949,-3,-8,-7,-4,-6,0,-7,-5
15936,15936,1503612577964,4,4,1,2,38,12,-23,-7
15937,15937,1503612577971,-4,1,1,-6,-14,-4,-3,-4
15938,15938,1503612577980,3,-5,-5,-2,-42,-19,2,2
15939,15939,1503612577993,-3,8,2,3,0,-1,6,0
15940,15940,1503612578005,1,0,2,-3,-13,-11,-9,-8
15941,15941,1503612578009,-3,-4,0,6,27,-1,-7,-3
15942,15942,1503612578024,3,-1,-2,-8,-12,-19,-27,3
15943,15943,1503612578031,-6,-6,-4,-7,-19,-19,-4,-12
15944,15944,1503612578039,-3,-4,-2,-1,14,11,13,2
15945,15945,1503612578053,2,2,0,4,1,6,-1,2
15946,15946,1503612578061,-3,-5,0,1,7,2,0,-10
15947,15947,1503612578072,0,-3,-1,-3,-6,8,4,1
15948,15948,1503612578084,-1,-1,-4,-9,-27,-18,-3,6
15949,15949,1503612578091,-1,-2,-2,-2,-1,9,-7,-4
15950,15950,1503612578099,2,2,3,3,6,9,3,0
15951,15951,1503612578114,3,10,1,-4,-7,-9,-5,7
15952,15952,1503612578121,0,-4,-1,4,-2,1,14,-2
15953,15953,1503612578129,-5,12,6,5,8,-4,-6,-3
15954,15954,1503612578144,1,0,-2,2,15,6,1,0
15955,15955,1503612578151,0,-1,0,2,1,0,2,-4
15956,15956,1503612578159,-1,-1,1,2,25,3,2,9
15957,15957,1503612578173,-6,-5,-7,-7,-21,-10,-6,-8
15958,15958,1503612578174,5,-4,-1,0,-11,-2,2,2
15959,15959,1503612578182,-2,3,1,2,-3,7,16,-2
15960,15960,1503612578189,-2,-3,-1,3,15,-6,1,2
15961,15961,1503612578206,1,-1,-3,-6,-7,-4,1,1
15962,15962,1503612578211,1,-3,-2,-5,-11,-3,1,9
15963,15963,1503612578219,3,0,-2,1,8,3,-5,-1
15964,15964,1503612578233,3,-8,-3,-2,-5,2,-1,-5
15965,15965,1503612578242,5,15,6,4,0,2,3,0
15966,15966,1503612578249,-5,-1,-1,0,1,-2,3,-6
15967,15967,1503612578264,1,-1,-1,2,3,7,-5,-2
15968,15968,1503612578273,-2,-7,-2,4,0,-1,-16,1
15969,15969,1503612578279,-11,-5,-3,-4,-2,-1,-8,-14
15970,15970,1503612578293,1,0,0,2,8,1,-1,-8
15971,15971,1503612578301,-2,-4,-3,-7,-12,-9,-5,3
15972,15972,1503612578316,0,12,1,-2,0,4,1,-6
15973,15973,1503612578324,-5,6,5,5,14,3,3,3
15974,15974,1503612578332,-8,-5,-1,-1,-11,-5,-1,2
15975,15975,1503612578353,2,1,0,1,-3,0,-5,1
15976,15976,1503612578361,6,-4,-3,-2,-4,-7,-2,2
15977,15977,1503612578377,-1,-3,-4,-1,11,10,7,-2
15978,15978,1503612578384,-1,3,0,-3,-13,-8,-20,-1
15979,15979,1503612578391,3,3,0,-4,-4,-2,0,-6
15980,15980,1503612578408,-4,13,1,0,13,6,6,0
15981,15981,1503612578413,1,3,4,-1,-9,0,8,10
15982,15982,1503612578422,-14,-2,3,0,0,-2,4,-6
15983,15983,1503612578438,8,-3,-5,0,0,-2,-9,11
15984,15984,1503612578439,3,7,-4,0,2,-1,5,5
15985,15985,1503612578450,0,-12,-5,0,3,5,6,-1
15986,15986,1503612578451,-3,-11,-4,-2,-7,-2,-8,1
15987,15987,1503612578467,-4,-3,-1,3,12,5,-2,-3
15988,15988,1503612578475,1,-5,-7,-5,-14,-2,1,-4
15989,15989,1503612578482,1,10,3,3,5,7,6,-8
15990,15990,1503612578496,-12,-3,3,-1,-2,-1,1,-5
15991,15991,1503612578504,2,-9,-2,-1,4,3,3,8
15992,15992,1503612578512,-2,3,1,3,-7,-7,-19,-6
15993,15993,1503612578527,2,-2,0,-1,7,-1,0,2
15994,15994,1503612578533,-3,-5,0,-1,5,-2,-2,-1
15995,15995,1503612578542,-2,0,-4,-5,-11,-8,-1,-5
15996,15996,1503612578556,4,-6,-3,-2,3,0,-5,-7
15997,15997,1503612578564,10,-10,-4,-3,-18,-7,6,6
15998,15998,1503612578571,8,6,1,1,0,4,10,10
15999,15999,1503612578586,0,-10,-3,-1,7,3,-23,-6
16000,16000,1503612578587,-1,0,-2,-2,1,-4,12,-5
16001,16001,1503612578594,-4,-3,-4,-4,-8,-7,5,5
16002,16002,1503612578602,3,8,5,1,-5,2,-8,-2
16003,16003,1503612578616,-3,-1,1,-1,5,1,0,-6
16004,16004,1503612578624,-1,-2,-1,-1,7,3,0,3
16005,16005,1503612578632,-5,1,-2,-4,-14,-16,-13,-11
16006,16006,1503612578649,1,-2,1,-1,-29,-11,-13,-11
16007,16007,1503612578654,3,-6,-4,-1,0,4,-1,6
16008,16008,1503612578661,4,-5,-3,-1,2,2,6,7
16009,16009,1503612578677,-2,-4,-1,-2,0,-1,2,0
16010,16010,1503612578684,-6,-6,-6,-2,13,0,-3,1
16011,16011,1503612578699,3,-6,-6,-3,8,0,-5,-4
16012,16012,1503612578707,4,3,-4,-1,2,-4,-9,-4
16013,16013,1503612578714,-7,-6,0,0,-1,1,3,6
16014,16014,1503612578722,1,16,3,3,7,6,6,2
16015,16015,1503612578737,8,9,1,1,-7,-2,1,-1
16016,16016,1503612578744,0,10,5,1,10,3,2,1
16017,16017,1503612578759,2,-2,0,1,3,-1,-3,-1
16018,16018,1503612578766,-4,-5,-2,-4,-6,-5,-7,-3
16019,16019,1503612578777,-3,1,1,-1,-13,-12,-10,-12
16020,16020,1503612578782,-3,-6,-5,-2,-7,-3,-2,0
16021,16021,1503612578797,-2,3,-1,1,3,6,4,3
16022,16022,1503612578804,0,-5,-4,-4,-5,-4,-2,-5
16023,16023,1503612578820,-1,4,1,0,6,5,7,4
16024,16024,1503612578826,-2,-13,-6,0,-5,2,7,6
16025,16025,1503612578835,5,1,1,-2,0,1,-4,-4
16026,16026,1503612578844,1,-3,0,0,-2,-2,1,-3
16027,16027,1503612578857,-2,10,2,1,5,2,2,1
16028,16028,1503612578864,-2,3,-2,-1,0,-2,-2,-2
16029,16029,1503612578880,-4,-5,0,0,-3,2,-1,-4
16030,16030,1503612578887,-5,-5,-1,-3,-1,1,1,6
16031,16031,1503612578895,-5,-2,3,0,2,-2,-2,-3
16032,16032,1503612578902,-7,-4,0,0,6,3,-2,-2
16033,16033,1503612578917,-5,-20,-10,-3,-1,0,1,1
16034,16034,1503612578924,1,1,3,3,5,-2,3,-1
16035,16035,1503612578940,-3,-4,-3,1,2,0,0,0
16036,16036,1503612578947,9,0,0,0,0,-2,-4,0
16037,16037,1503612578954,2,-2,-2,-4,-8,-5,-2,2
16038,16038,1503612578961,-2,-6,-2,1,0,-1,-1,-4
16039,16039,1503612578977,10,7,0,-1,2,-1,0,5
16040,16040,1503612578984,3,14,1,-1,0,-1,-2,0
16041,16041,1503612578999,3,-8,-1,1,-4,-1,-1,-2
16042,16042,1503612579006,9,26,9,1,-2,0,-2,-3
16043,16043,1503612579017,7,12,-1,-3,1,-1,4,0
16044,16044,1503612579021,0,-10,-3,-1,4,-4,-3,-2
16045,16045,1503612579022,-14,-11,-3,-1,-3,-2,-2,-2
16046,16046,1503612579037,-4,-2,1,-1,-2,0,-1,-9
16047,16047,1503612579044,-11,3,1,3,3,1,-4,-10
16048,16048,1503612579060,-5,-1,-3,-3,-1,-2,-1,1
16049,16049,1503612579066,6,-7,-4,0,0,1,3,8
16050,16050,1503612579074,-1,3,1,2,0,1,-2,-5
16051,16051,1503612579082,-1,-8,-4,-3,0,0,3,54
16052,16052,1503612579098,-13,32,5,4,-2,-1,-1,4
16053,16053,1503612579104,4,3,1,1,1,1,1,4
16054,16054,1503612579121,2,-2,2,-2,-1,-4,0,1
16055,16055,1503612579127,-2,1,-3,-3,-2,-2,2,-14
16056,16056,1503612579134,-1,-13,-3,-5,-2,-4,-12,-12
16057,16057,1503612579142,1,-8,-4,-3,-3,-3,-5,-15
16058,16058,1503612579157,-1,-5,-5,-4,-4,0,-3,0
16059,16059,1503612579164,-4,-2,-1,1,0,-2,-5,-11
16060,16060,1503612579180,14,4,2,1,0,-1,2,61
16061,16061,1503612579188,-3,5,0,-2,-3,-3,2,-5
16062,16062,1503612579195,1,-2,4,1,1,-1,3,2
16063,16063,1503612579202,14,-3,-6,-2,0,0,-5,1
16064,16064,1503612579217,-4,-11,-7,-5,1,0,2,-11
16065,16065,1503612579224,4,9,3,1,2,0,-3,38
16066,16066,1503612579239,-4,-8,-3,1,-1,2,-1,-15
16067,16067,1503612579247,-2,-3,-1,-3,-2,-1,1,3
16068,16068,1503612579255,-8,-3,-3,-2,2,-1,2,-4
16069,16069,1503612579269,0,1,2,1,1,-3,-3,-20
16070,16070,1503612579277,1,-7,-3,0,2,4,3,-15
16071,16071,1503612579284,0,2,0,-4,-4,-2,-3,-21
16072,16072,1503612579299,0,-19,-3,0,0,1,1,50
16073,16073,1503612579300,-5,-2,-3,-1,-2,-2,-2,-10
16074,16074,1503612579307,3,-3,-2,-3,-3,0,1,-1
16075,16075,1503612579315,15,-13,-6,-2,-5,0,6,60
16076,16076,1503612579329,-1,4,7,3,1,1,0,-2
16077,16077,1503612579337,-4,1,-1,-1,-3,-3,-4,2
16078,16078,1503612579344,-10,-5,-4,1,-1,-1,1,15
16079,16079,1503612579359,-5,9,4,0,-1,-5,0,-17
16080,16080,1503612579366,-4,-13,-6,-5,-5,-1,4,-15
16081,16081,1503612579374,-14,8,1,-1,-2,-1,-3,-10
16082,16082,1503612579389,9,-7,-5,-4,-5,1,4,50
16083,16083,1503612579390,-13,-14,-2,1,2,0,-6,-25
16084,16084,1503612579397,-3,-14,-3,-2,-1,1,-2,-16
16085,16085,1503612579404,-20,-14,-6,-1,-1,-3,-10,-58
16086,16086,1503612579419,-4,3,-1,0,-2,-1,-2,-3
16087,16087,1503612579426,9,-5,-5,-8,-4,-3,-3,5
16088,16088,1503612579435,5,2,0,3,0,1,-1,-4
16089,16089,1503612579449,1,9,1,-2,0,2,13,18
16090,16090,1503612579458,4,-2,5,4,0,2,3,38
16091,16091,1503612579464,-5,5,6,5,4,3,-8,-5
16092,16092,1503612579481,-4,-5,-1,0,2,-2,1,-11
16093,16093,1503612579486,-1,9,0,-2,-3,-3,3,13
16094,16094,1503612579494,-1,-1,2,2,-2,-3,-10,-23
16095,16095,1503612579509,3,5,-8,-6,-5,-2,1,5
16096,16096,1503612579517,-2,11,3,-2,-1,0,4,2
16097,16097,1503612579524,-7,-9,-2,2,2,-1,4,-15
16098,16098,1503612579540,4,-3,0,-2,-1,-3,-13,-13
16099,16099,1503612579548,-2,14,13,7,3,-1,0,0
16100,16100,1503612579555,8,0,-9,-3,-2,0,5,18
16101,16101,1503612579569,10,-6,5,5,0,0,-2,13
16102,16102,1503612579577,-30,-8,-10,-11,-7,-5,-2,18
16103,16103,1503612579584,9,3,-5,-4,-3,-2,-2,-4
16212,16212,1503612580649,-15,-5,-3,-2,1,-3,-2,-8
16213,16213,1503612580657,13,-9,-3,-2,-2,-2,0,-1
16214,16214,1503612580671,-4,-9,-8,-3,-2,-2,-1,-9
16215,16215,1503612580679,-8,5,-4,-3,0,2,0,0
16216,16216,1503612580686,-1,-6,3,4,-1,-1,-1,7
16217,16217,1503612580701,-9,8,-1,1,1,-1,-3,3
16218,16218,1503612580702,-6,-4,-3,1,-1,1,4,1
16219,16219,1503612580709,20,-1,-1,-2,-3,-2,-1,1
16220,16220,1503612580717,5,0,1,-1,2,2,0,0
16221,16221,1503612580732,-4,0,0,1,4,1,-1,2
16222,16222,1503612580739,-2,1,-2,-3,-1,1,1,9
16223,16223,1503612580747,-11,-3,-2,-2,-3,-2,-8,-7
16224,16224,1503612580762,-8,2,-5,-1,1,1,2,-17
16225,16225,1503612580769,33,32,9,2,1,0,2,-3
16226,16226,1503612580777,3,0,-2,-2,-3,-2,-6,5
16227,16227,1503612580792,-11,-6,-4,-4,-2,-1,-2,-4
16228,16228,1503612580799,0,4,0,2,0,-1,4,-2
16229,16229,1503612580806,-11,-4,0,-2,0,0,6,6
16230,16230,1503612580821,-11,-8,-2,-2,-1,0,-2,10
16231,16231,1503612580829,-7,3,2,-1,-2,3,-4,-4
16232,16232,1503612580837,8,6,4,4,1,1,-5,-15
16233,16233,1503612580852,9,-6,-7,-2,-1,-1,4,6
16234,16234,1503612580865,1,0,-5,-2,-2,-6,-3,-4
16235,16235,1503612580866,-2,-1,7,3,0,-2,-4,-2
16236,16236,1503612580867,-4,-1,-4,-1,-2,-2,6,7
16237,16237,1503612580882,1,-1,-2,-1,-1,-1,-7,-6
16238,16238,1503612580891,-8,-7,-2,-2,-3,-2,2,0
16239,16239,1503612580897,-1,-1,-3,-5,-9,-5,-2,7
16240,16240,1503612580911,11,-3,-3,-2,-2,-1,-5,-1
16241,16241,1503612580919,9,-8,-6,2,4,-2,3,12
16242,16242,1503612580932,-8,-3,1,1,4,0,-3,-7
16243,16243,1503612580942,-9,-7,-3,-3,-1,1,1,-4
16244,16244,1503612580949,-4,8,4,1,0,0,-5,-6
16245,16245,1503612580960,-8,-1,-4,-1,1,-1,2,-1
16246,16246,1503612580972,3,5,-2,-2,-2,-4,-8,3
16247,16247,1503612580979,6,-1,0,-1,-5,0,-4,12
16248,16248,1503612580986,-6,-8,-2,0,-6,-4,2,0
16249,16249,1503612581002,-2,-1,1,1,0,0,3,3
16250,16250,1503612581009,-1,-4,-1,-3,1,3,-1,13
16251,16251,1503612581017,6,0,0,-3,-1,-1,-3,-2
16252,16252,1503612581032,3,-5,-4,-3,-1,-1,-2,-7
16253,16253,1503612581039,3,2,-3,-1,1,0,4,-9
16254,16254,1503612581046,5,-6,-2,0,5,0,-1,0
16255,16255,1503612581062,0,1,-1,-2,-3,-2,-4,-7
16256,16256,1503612581069,-10,-4,1,1,4,1,-3,-7
16257,16257,1503612581077,-2,1,1,-2,0,-3,2,6
16258,16258,1503612581094,-2,1,-3,-3,-3,-4,0,1
16259,16259,1503612581099,-4,1,0,0,-1,0,4,-6
16260,16260,1503612581113,-13,-4,-5,-5,-5,-2,2,-15
16261,16261,1503612581121,3,-6,-1,-3,-8,1,-3,-10
16262,16262,1503612581129,2,3,-2,0,-1,-3,2,3
16263,16263,1503612581144,-13,-15,-6,-2,1,1,1,-8
16264,16264,1503612581152,7,-1,0,-1,1,0,-1,13
16265,16265,1503612581161,2,4,0,0,4,0,-3,8
16266,16266,1503612581173,2,1,0,1,3,1,0,5
16267,16267,1503612581181,0,-4,-1,0,-6,-2,0,5
16268,16268,1503612581189,-2,0,3,1,-3,0,4,3
16269,16269,1503612581204,-6,2,1,-1,0,-2,1,-9
16270,16270,1503612581211,-4,3,0,-1,-2,-3,-3,14
16271,16271,1503612581219,1,-7,-2,0,3,-2,-3,0
16272,16272,1503612581233,-14,-8,-2,-1,2,0,-2,-8
16273,16273,1503612581241,1,-7,-6,-2,1,0,0,0
16274,16274,1503612581249,-11,-3,-2,-1,-1,0,3,6
16275,16275,1503612581264,5,0,1,1,-1,1,10,9
16276,16276,1503612581271,12,13,6,1,-1,-3,-10,-2
16277,16277,1503612581279,13,6,1,0,2,-1,0,7
16278,16278,1503612581294,7,-2,-2,0,1,0,4,-8
16279,16279,1503612581309,-9,5,2,-2,-1,-1,-3,2
16280,16280,1503612581310,9,-9,-3,-2,-3,0,-7,-13
16281,16281,1503612581324,6,14,4,1,-1,-5,-7,-7
16282,16282,1503612581332,16,-5,-3,1,-2,-1,0,-15
16283,16283,1503612581339,-3,-16,-9,-2,-2,1,1,-6
16284,16284,1503612581354,-5,-6,2,-1,-1,-2,-11,-17
16285,16285,1503612581362,-21,-1,-1,0,0,-1,-3,-15
16286,16286,1503612581376,0,15,5,-1,2,3,4,-7
16287,16287,1503612581384,-14,3,0,1,-1,1,-5,-6
16288,16288,1503612581391,-7,-6,-6,-2,-2,-1,2,-2
16289,16289,1503612581399,4,8,3,0,3,0,1,13
16290,16290,1503612581414,-11,-4,0,0,-1,0,5,25
16291,16291,1503612581422,-2,-9,-2,-2,0,2,4,8
16292,16292,1503612581429,-1,14,11,4,2,-2,2,6
16293,16293,1503612581444,-7,-2,4,0,-1,1,4,-7
16294,16294,1503612581451,6,14,-4,1,0,1,1,8
16295,16295,1503612581461,1,2,5,1,-1,-1,4,1
16296,16296,1503612581474,22,5,3,1,-1,-1,-1,-5
16297,16297,1503612581482,5,1,-3,-2,-2,-1,-2,-6
16298,16298,1503612581489,-11,-11,-5,-1,0,3,2,1
16299,16299,1503612581504,0,-4,-2,-2,-4,-5,-9,-8
16300,16300,1503612581511,14,-5,-3,-3,-3,-2,2,-12
16301,16301,1503612581519,-6,14,4,1,2,-1,-4,-5
16302,16302,1503612581534,22,-10,-4,-2,-3,0,-2,3
16303,16303,1503612581542,1,-6,-3,-1,0,0,-5,2
16304,16304,1503612581549,-18,-1,-3,-1,2,-1,-7,-10
16305,16305,1503612581565,5,-3,-2,-1,1,-1,1,7
16306,16306,1503612581571,-12,-7,-5,-3,0,1,-2,-1
16307,16307,1503612581579,3,4,2,-1,-2,-1,-4,1
16308,16308,1503612581596,-9,-9,-3,0,-2,-1,5,-5
16309,16309,1503612581602,1,-30,-12,-5,-2,0,3,2
16310,16310,1503612581609,-12,-8,-1,1,0,-1,-10,-6
16311,16311,1503612581624,7,-8,-1,0,1,-1,-1,2
16312,16312,1503612581631,-3,2,-2,-3,-1,-2,-3,1
16313,16313,1503612581639,-6,-2,-3,-1,-1,-4,-13,-9
16314,16314,1503612581653,8,4,2,-1,-1,-2,3,15
16315,16315,1503612581662,4,8,4,1,-3,0,3,4
16316,16316,1503612581673,-10,-4,-3,-1,-3,-2,2,10
16317,16317,1503612581684,-5,0,-1,1,-2,-1,-1,-9
16318,16318,1503612581691,3,-1,-1,-1,0,-1,6,2
16319,16319,1503612581700,-1,2,0,-3,-1,-4,-6,-1
16320,16320,1503612581713,7,4,0,-4,-2,-1,-2,-6
16321,16321,1503612581721,2,3,2,0,0,0,5,5
16322,16322,1503612581730,1,0,-1,-2,-3,0,4,18
16323,16323,1503612581744,9,18,-3,-1,-2,-2,-1,22
16324,16324,1503612581751,-5,12,4,1,2,0,-7,-28
16325,16325,1503612581759,-4,-3,-2,0,0,1,6,4
16326,16326,1503612581777,-6,-1,-1,-1,-2,-1,-4,-13
16327,16327,1503612581781,-8,-5,-1,0,1,2,3,-13
16328,16328,1503612581789,0,-1,1,1,-1,0,-2,-7
16329,16329,1503612581804,0,-2,-2,-1,-2,-3,-8,1
16330,16330,1503612581811,-7,-5,-2,1,1,0,-3,-9
16331,16331,1503612581819,2,3,2,0,0,-1,5,-1
16332,16332,1503612581833,-4,-16,-6,-2,-5,-7,-6,14
16333,16333,1503612581841,-11,-15,-3,-1,0,-2,-9,-19
16334,16334,1503612581849,-3,-5,-5,-2,0,-2,2,3
16335,16335,1503612581864,-8,-9,-5,-4,-3,0,-1,-9
16336,16336,1503612581871,-2,7,2,1,1,1,2,9
16337,16337,1503612581879,-3,8,3,0,2,2,-4,-25
16338,16338,1503612581893,-6,-2,-2,-3,-1,1,-1,-6
16339,16339,1503612581901,7,2,-1,-1,-2,-2,-5,3
16340,16340,1503612581909,-1,-4,-2,-1,-2,-1,-1,3
16341,16341,1503612581924,-4,1,2,0,-1,3,9,9
16342,16342,1503612581932,3,6,3,1,0,0,0,-1
16343,16343,1503612581940,-2,-11,-9,-2,-1,-2,6,6
16344,16344,1503612581953,-7,0,7,1,-1,0,-2,18
16345,16345,1503612581961,16,8,8,-2,-1,-1,4,3
16346,16346,1503612581969,-17,-1,-1,0,1,0,2,-14
16347,16347,1503612581984,2,0,0,1,0,0,0,2
16348,16348,1503612581991,0,0,-1,-1,1,0,-1,-6
16349,16349,1503612582004,-2,0,-3,0,-1,1,2,-1
16350,16350,1503612582013,0,-1,-2,1,0,0,2,18
16351,16351,1503612582021,6,5,1,0,0,-1,1,5
16352,16352,1503612582029,24,1,-2,-2,-3,-2,-3,1
16353,16353,1503612582044,-6,1,2,-1,0,-1,5,4
16354,16354,1503612582051,1,-1,-1,-3,-5,0,-2,-9
16355,16355,1503612582067,8,6,1,2,-1,0,-1,-1
16356,16356,1503612582073,-6,-9,-5,-2,-2,-2,-5,-14
16357,16357,1503612582074,4,-4,-3,-2,-2,-2,-6,-10
16358,16358,1503612582081,-20,-1,-3,-2,-3,-5,-5,1
16359,16359,1503612582096,1,0,-2,-2,-1,-2,-1,0
16360,16360,1503612582104,-8,1,-4,0,0,0,-8,6
16361,16361,1503612582111,0,-1,-1,1,1,2,1,0
16362,16362,1503612582126,14,-3,-4,-1,-1,-2,5,-3
16363,16363,1503612582134,-1,-4,-2,0,0,1,3,-11
16364,16364,1503612582141,-3,-1,0,-2,0,1,-5,-6
16365,16365,1503612582156,-4,-2,-2,-1,2,-2,0,2
16366,16366,1503612582164,-1,-3,1,4,5,0,2,9
16367,16367,1503612582171,-21,-3,-4,-1,2,1,-3,18
16368,16368,1503612582186,0,31,18,4,-1,0,7,0
16369,16369,1503612582194,-1,-2,-1,-1,0,-2,0,-4
16370,16370,1503612582203,-5,-13,-9,-5,-4,-1,-2,-26
16371,16371,1503612582216,-7,2,0,1,-1,0,4,-7
16372,16372,1503612582224,-7,-4,-3,-2,-3,8,-4,-4
16373,16373,1503612582231,5,-2,-2,-3,-2,-2,-1,8
16374,16374,1503612582246,-5,-4,-3,-4,0,-3,-2,11
16375,16375,1503612582254,2,3,4,1,-2,-4,-8,-8
16376,16376,1503612582262,5,-5,-5,-1,-4,-5,-13,-2
16377,16377,1503612582276,2,1,-2,-1,0,1,4,-2
16378,16378,1503612582284,-1,-6,-3,-2,0,-2,1,5
16379,16379,1503612582291,21,0,1,0,0,-1,1,2
16380,16380,1503612582306,-10,1,-2,0,-4,-6,-2,13
16381,16381,1503612582314,4,3,-3,0,-3,0,-2,5
16382,16382,1503612582322,5,-5,-1,-1,3,0,-6,-14
16383,16383,1503612582338,-17,-4,-1,-1,0,1,-1,-10
16384,16384,1503612582344,-15,-5,-2,0,2,4,1,-19
16385,16385,1503612582351,-7,1,0,-2,0,-7,-3,-12
16386,16386,1503612582369,7,-5,-4,-1,3,-9,2,15
16387,16387,1503612582374,-10,-7,0,0,1,2,-2,-13
16388,16388,1503612582382,5,-3,-5,-5,-2,1,2,12
16389,16389,1503612582395,-3,1,1,-2,-9,-2,-4,-12
16390,16390,1503612582404,8,3,1,1,0,0,-9,-2
16391,16391,1503612582411,5,6,-1,1,3,3,1,5
16392,16392,1503612582426,8,12,3,0,-2,-2,-5,-13
16393,16393,1503612582437,0,15,6,3,4,3,-10,-26
16394,16394,1503612582442,-17,5,6,1,1,-1,0,-36
16395,16395,1503612582456,-3,-10,-6,-4,-5,-8,-2,-4
16396,16396,1503612582464,-7,0,3,0,-2,-2,-3,7
16397,16397,1503612582472,17,-1,1,1,-5,-6,0,22
16398,16398,1503612582486,10,-1,-6,-3,-4,1,8,18
16399,16399,1503612582494,6,-5,-2,1,1,1,2,13
16400,16400,1503612582503,-1,-4,1,2,2,2,-1,-9
16401,16401,1503612582516,-19,-6,-2,1,1,-2,6,-18
16402,16402,1503612582524,1,-5,-3,1,10,2,5,17
16403,16403,1503612582531,10,-5,-2,0,1,1,4,15
16404,16404,1503612582546,-5,0,0,-1,-2,0,-1,36
16405,16405,1503612582554,7,23,7,0,2,4,0,13
16406,16406,1503612582562,-2,7,2,-2,-4,-4,-8,-13
16407,16407,1503612582576,-2,-9,-2,-3,-5,-1,2,30
16408,16408,1503612582584,1,-4,-5,-1,-4,-5,-3,20
16409,16409,1503612582591,4,4,-4,-2,0,-1,0,-6
16410,16410,1503612582607,-3,-7,0,-5,-12,-8,1,-10
16411,16411,1503612582614,-1,-6,-2,-2,-2,8,4,-2
16412,16412,1503612582623,0,3,2,0,1,2,-3,-13
16413,16413,1503612582639,-9,-2,-1,-2,-3,-2,-9,-22
16414,16414,1503612582644,3,-7,-5,-1,-2,0,1,-6
16415,16415,1503612582651,-2,-3,-4,-1,0,-2,4,0
16416,16416,1503612582666,14,3,1,1,1,2,3,-25
16417,16417,1503612582674,-5,-1,-2,-2,1,-2,4,-4
16418,16418,1503612582683,5,12,3,0,-1,1,1,13
16419,16419,1503612582695,34,4,-2,1,-3,-2,-9,40
16420,16420,1503612582705,4,-13,-10,-1,3,3,-4,-5
16421,16421,1503612582712,-10,-2,-1,-1,-1,-5,-13,-13
16422,16422,1503612582726,-10,-3,-3,1,5,5,1,-12
16423,16423,1503612582734,-1,-1,1,2,0,-1,1,-3
16424,16424,1503612582742,-3,-1,-2,-1,1,1,-1,-2
16425,16425,1503612582756,-5,5,0,-2,2,0,5,-32
16426,16426,1503612582764,-8,-4,-1,-1,-1,-6,0,1
16427,16427,1503612582771,12,-6,1,-1,-3,-2,-3,-25
16428,16428,1503612582786,0,13,0,0,-3,-2,4,-18
16429,16429,1503612582794,-3,-6,-2,-3,-5,-1,5,32
16430,16430,1503612582805,5,-11,-1,-2,-1,-1,3,36
16431,16431,1503612582816,-8,-1,-2,0,0,0,2,-6
16432,16432,1503612582824,-1,1,-1,-1,-5,-1,-1,8
16433,16433,1503612582832,-2,-1,0,0,0,1,2,6
16434,16434,1503612582846,-1,0,2,-1,-2,-2,-7,-21
16435,16435,1503612582854,-14,1,-2,-3,0,1,4,-10
16436,16436,1503612582862,-5,-4,-1,-1,0,0,4,0
16437,16437,1503612582876,-8,-4,-1,-1,-1,-4,0,-15
16438,16438,1503612582884,21,-1,2,-1,2,-2,-7,8
16439,16439,1503612582891,-7,-1,-3,-3,2,0,-4,-13
16440,16440,1503612582906,11,-1,-5,-1,-1,2,0,-10
16441,16441,1503612582914,5,-6,1,-1,1,-2,1,9
16442,16442,1503612582922,16,-7,-4,-2,-4,-1,8,5
16443,16443,1503612582935,-4,0,1,0,1,1,-5,-11
16444,16444,1503612582944,-10,9,1,-3,-1,-3,-1,-23
16445,16445,1503612582951,2,4,1,0,-1,-3,-6,8
16446,16446,1503612582966,-10,-3,-2,-1,-2,-1,-1,9
16447,16447,1503612582974,-15,-4,-2,-1,-2,0,-1,7
16448,16448,1503612582989,-10,-3,-2,0,-1,0,6,-1
16449,16449,1503612582995,-8,-3,-1,-1,-2,1,-2,1
16450,16450,1503612583006,1,-2,0,-1,-1,1,-9,-15
16451,16451,1503612583018,-6,0,-3,-2,-2,-5,-14,-6
16452,16452,1503612583026,-14,6,3,0,0,0,-7,-9
16453,16453,1503612583034,3,7,3,0,0,1,4,-30
16454,16454,1503612583049,2,-11,-5,-1,-2,0,0,40
16455,16455,1503612583055,7,-3,-2,-2,-3,0,-6,-22
16456,16456,1503612583056,7,-5,-5,1,0,-1,4,5
16457,16457,1503612583064,-10,-2,0,1,-3,-2,5,-1
16458,16458,1503612583078,9,-4,-4,-1,-2,-1,4,12
16459,16459,1503612583086,-4,2,-2,-1,-1,-1,-1,6
16460,16460,1503612583094,3,1,2,0,0,1,3,5
16461,16461,1503612583109,-9,-3,-2,0,-3,-1,0,-19
16462,16462,1503612583116,15,3,1,-2,0,0,5,23
16463,16463,1503612583124,-2,-6,-3,0,3,3,4,26
16464,16464,1503612583140,-11,-5,-4,-1,-1,-2,-3,-10
16465,16465,1503612583146,6,2,1,-1,1,0,-3,-5
16466,16466,1503612583154,8,2,1,1,-5,4,0,6
16467,16467,1503612583169,-11,-2,-1,-1,0,-2,-1,-10
16468,16468,1503612583177,7,2,0,-1,-2,0,-1,16
16469,16469,1503612583184,4,-3,-1,-1,-2,1,12,7
16470,16470,1503612583198,-5,0,1,0,-7,-9,-12,-16
16471,16471,1503612583209,-14,3,-1,-3,-1,-5,-2,-18
16472,16472,1503612583214,-7,-5,-2,-3,3,1,9,-7
16473,16473,1503612583229,10,1,-3,-1,-2,-13,-16,-3
16474,16474,1503612583236,-5,-1,-2,0,4,4,-4,-21
16475,16475,1503612583244,-5,-3,1,0,-2,1,-4,-13
16476,16476,1503612583258,-8,-1,-2,-2,-2,-5,-5,-20
16477,16477,1503612583266,9,0,-1,-3,-2,-2,-8,-12
16478,16478,1503612583277,8,-3,2,2,-3,1,-2,-12
16479,16479,1503612583289,18,-10,-3,-2,-1,0,-7,43
16480,16480,1503612583295,-5,5,-2,-3,-2,-7,-9,-14
16481,16481,1503612583304,3,-2,1,3,-1,-2,-8,3
16482,16482,1503612583318,11,3,0,2,-1,0,5,47
16483,16483,1503612583326,6,2,-2,-1,2,2,-3,0
16484,16484,1503612583334,-10,-1,4,1,-4,2,3,-3
16485,16485,1503612583349,2,-2,2,-1,-1,2,4,-3
16486,16486,1503612583355,-1,-5,-1,-1,7,2,-1,4
16487,16487,1503612583364,-10,-5,-3,-2,-3,2,12,24
16488,16488,1503612583378,1,0,0,0,-3,-2,-3,-18
16489,16489,1503612583386,-18,6,1,0,2,-1,-10,-21
16490,16490,1503612583393,-3,1,-4,-1,0,-3,-2,4
16491,16491,1503612583409,-4,-1,-3,-2,-5,-3,3,2
16492,16492,1503612583416,7,-13,-6,-4,-3,-2,0,52
16493,16493,1503612583424,-23,-8,0,-1,4,0,-1,-49
16494,16494,1503612583438,2,-8,-5,0,1,1,8,30
16495,16495,1503612583447,11,14,3,2,1,0,-2,-3
16496,16496,1503612583454,-5,5,2,0,3,0,-4,-16
16497,16497,1503612583469,3,0,2,1,1,1,-11,-10
16498,16498,1503612583478,0,4,4,3,2,0,2,-12
16499,16499,1503612583485,19,0,-3,-2,-4,-4,-2,13
16500,16500,1503612583498,4,7,0,0,-3,-3,-5,-21
16501,16501,1503612583506,14,2,1,1,-1,0,4,11
16502,16502,1503612583514,-10,-3,-1,-2,-6,-2,3,-7
16503,16503,1503612583529,-4,-8,-6,-4,0,0,6,1
16504,16504,1503612583535,-7,-1,1,2,-7,-6,-13,-8
16505,16505,1503612583536,8,-2,-5,-2,1,5,10,2
16506,16506,1503612583544,-18,12,2,-2,-6,-4,-17,-23
16507,16507,1503612583558,12,20,6,0,1,-2,-4,-1
16508,16508,1503612583566,12,-6,-4,1,1,2,8,7
16509,16509,1503612583574,-21,-5,-3,0,3,-1,0,0
16510,16510,1503612583589,-4,-3,2,0,2,0,1,-1
16511,16511,1503612583595,2,-5,-1,0,0,-6,-2,4
16512,16512,1503612583604,-8,1,3,5,6,0,8,7
16513,16513,1503612583619,-3,-3,1,0,2,0,1,-6
16514,16514,1503612583626,-1,-3,-2,-3,-3,2,2,-4
16515,16515,1503612583634,-5,-3,-3,-4,-7,-5,-7,-2
16516,16516,1503612583649,2,4,-2,-1,-1,0,-2,2
16517,16517,1503612583655,22,-5,-3,-3,-9,-4,-1,28
16518,16518,1503612583664,0,2,1,-1,0,-2,-2,-2
16519,16519,1503612583678,1,-2,-2,2,2,0,-4,13
16520,16520,1503612583686,-9,-3,-1,0,0,-2,2,17
16521,16521,1503612583694,-10,0,3,0,5,2,-1,-29
16522,16522,1503612583711,7,-8,-5,-5,-1,-1,-5,5
16523,16523,1503612583716,-1,-1,-2,-4,-2,-2,-7,-7
16524,16524,1503612583724,-6,-8,-1,-1,1,0,1,-4
16525,16525,1503612583738,22,15,3,0,-1,0,1,6
16526,16526,1503612583746,1,3,0,-1,-3,-1,1,0
16527,16527,1503612583754,-7,-3,1,2,3,2,4,-13
16528,16528,1503612583771,-3,-4,-1,0,4,1,-5,-12
16529,16529,1503612583777,-13,-2,0,-2,-2,-3,0,-8
16530,16530,1503612583784,-4,-2,-3,-3,-5,-2,-1,0
16531,16531,1503612583798,-3,-5,-2,-3,-3,1,-3,1
16532,16532,1503612583806,-3,2,-2,-3,-6,-1,0,0
16533,16533,1503612583814,-8,-12,-2,-1,-1,-1,0,1
16534,16534,1503612583829,4,7,4,2,4,1,4,13
16535,16535,1503612583835,-1,-1,-3,0,-4,-2,-1,-4
16536,16536,1503612583836,-6,-6,-2,-2,-2,-3,-6,2
16537,16537,1503612583845,0,17,-1,-1,-2,-3,-5,1
16538,16538,1503612583858,-11,-1,-2,-1,-3,-2,2,-28
16539,16539,1503612583866,3,2,-1,-2,-3,-4,4,4
16540,16540,1503612583881,3,6,3,2,1,1,3,3
16541,16541,1503612583889,-6,-5,0,0,-3,0,4,-10
16542,16542,1503612583895,-2,-4,-3,0,1,-2,-9,-6
16543,16543,1503612583913,-9,-3,3,1,1,-1,0,0
16544,16544,1503612583918,-8,-4,-4,-3,-3,-1,0,-20
16545,16545,1503612583926,14,-4,-4,0,0,-1,4,4
16546,16546,1503612583942,19,5,2,2,1,1,1,5
16547,16547,1503612583949,0,0,2,-1,1,0,-2,-5
16548,16548,1503612583957,2,6,-1,1,1,0,6,9
16549,16549,1503612583971,-6,-6,-2,-1,-3,-3,-6,-6
16550,16550,1503612583980,-2,-7,-2,1,-2,-4,5,8
16551,16551,1503612583986,0,-6,-2,-3,-2,1,3,2
16552,16552,1503612584002,-1,0,-2,-1,0,2,5,7
16553,16553,1503612584008,0,-4,-1,-1,-2,-2,-3,-5
16554,16554,1503612584009,1,7,5,1,-3,-2,-3,-21
16555,16555,1503612584024,-9,-1,-2,-3,0,0,-4,5
16556,16556,1503612584031,-9,-10,-6,-1,-2,-2,-3,9
16557,16557,1503612584039,-5,0,0,-1,-1,-1,-1,-2
16558,16558,1503612584047,0,4,1,2,1,0,-5,-5
16559,16559,1503612584062,-3,-7,-3,-5,-2,-4,-4,1
16560,16560,1503612584069,-3,-7,-4,-2,0,-1,1,1
16561,16561,1503612584091,7,16,10,3,0,0,0,1
16562,16562,1503612584092,0,-2,-3,-2,-3,2,1,-1
16563,16563,1503612584099,-1,-5,-7,-4,-6,-3,-8,-4
16564,16564,1503612584106,-20,29,12,3,2,0,0,-5
16565,16565,1503612584123,-3,-7,-3,-2,-2,0,0,2
16566,16566,1503612584129,10,11,2,-1,0,-1,2,-8
16567,16567,1503612584145,-5,1,1,0,2,-4,-1,5
16568,16568,1503612584151,-2,15,5,0,0,-1,-4,-6
16569,16569,1503612584152,2,-13,-6,-2,-1,-1,-3,-2
16570,16570,1503612584159,8,-5,-3,2,-1,-1,-10,-9
16571,16571,1503612584166,-3,-9,-4,-2,-3,0,4,2
16572,16572,1503612584182,0,7,-4,-4,-2,0,5,7
16573,16573,1503612584189,-2,3,1,1,3,1,-4,2
16574,16574,1503612584204,1,-7,-4,-2,-1,1,5,-3
16575,16575,1503612584211,0,-7,-6,-3,-1,-1,5,8
16576,16576,1503612584219,1,6,6,2,0,1,0,-3
16577,16577,1503612584226,4,-12,-4,1,1,0,-4,3
16578,16578,1503612584242,-16,-12,0,0,-2,1,-4,-7
16579,16579,1503612584249,4,-2,2,1,2,-2,-1,27
16580,16580,1503612584264,-8,3,-2,1,1,-1,1,-2
16581,16581,1503612584271,0,2,-3,-2,0,3,4,-13
16582,16582,1503612584282,-2,-6,-7,-5,-4,-1,-5,1
16583,16583,1503612584286,1,-2,-2,-2,-4,-5,-6,-6
16584,16584,1503612584302,8,-4,6,3,1,-2,1,-1
16585,16585,1503612584309,-2,-8,-3,1,2,-1,-6,-3
16586,16586,1503612584324,-7,-1,-2,-2,-2,-4,-9,-10
16587,16587,1503612584331,-7,7,6,4,1,0,-6,-14
16588,16588,1503612584339,1,5,-3,-4,-2,0,-1,-13
16589,16589,1503612584348,-5,-3,-5,-4,-5,-4,-6,-7
16590,16590,1503612584362,-3,5,-3,2,1,0,2,4
16591,16591,1503612584369,0,-5,4,2,-2,-4,2,3
16592,16592,1503612584386,9,1,2,1,2,1,-4,-12
16593,16593,1503612584391,-4,4,-2,-3,-4,-1,0,-15
16594,16594,1503612584399,-16,3,-2,-5,-1,-2,-2,0
16595,16595,1503612584406,2,-3,-3,-3,1,1,-4,-10
16596,16596,1503612584422,0,1,3,-1,-1,0,4,1
16597,16597,1503612584430,-3,-5,-2,1,3,2,2,-9
16598,16598,1503612584444,3,-5,-4,0,-2,0,0,11
16599,16599,1503612584452,7,-1,-2,-4,-5,-1,1,11
16600,16600,1503612584459,-14,-3,-2,-2,1,1,2,0
16601,16601,1503612584466,5,17,4,0,0,-1,4,-5
16602,16602,1503612584483,-8,-3,-2,0,0,-1,-6,-7
16603,16603,1503612584484,8,-8,-4,0,1,0,3,-4
16604,16604,1503612584489,-6,-10,-3,0,-1,0,4,13
16605,16605,1503612584504,4,-4,4,2,0,-2,-4,-3
16606,16606,1503612584511,7,9,-2,-4,-1,1,-5,13
16607,16607,1503612584520,1,-12,-3,0,-2,0,0,9
16608,16608,1503612584526,2,3,3,3,0,-2,1,2
16609,16609,1503612584542,4,-1,-6,-4,-5,-4,2,9
16610,16610,1503612584550,6,6,1,0,-1,0,-6,1
16611,16611,1503612584564,0,-1,1,0,-1,-5,-11,6
16612,16612,1503612584571,-5,-17,-2,1,-2,-2,-5,-11
16613,16613,1503612584579,1,8,3,1,2,-1,0,-4
16614,16614,1503612584587,-11,1,-2,-5,-4,-3,-1,16
16615,16615,1503612584602,1,3,1,-1,-2,0,0,-5
16616,16616,1503612584609,2,-12,-7,-5,-3,-2,6,6
16849,16849,1503612586934,-11,-1,-1,1,-1,-1,-1,-3
16850,16850,1503612586949,9,25,11,2,1,0,-1,-2
16851,16851,1503612586956,8,7,6,0,0,1,1,-2
16852,16852,1503612586967,-24,-11,-7,-1,-2,-2,0,2
16853,16853,1503612586978,3,7,4,0,-1,0,2,5
16854,16854,1503612586986,-22,-12,-4,-1,1,0,-3,-7
16855,16855,1503612586993,-16,-11,-6,-5,-3,-2,-3,-2
16856,16856,1503612587009,-2,-1,-2,-1,0,0,3,7
16857,16857,1503612587016,-6,4,1,0,1,-1,-1,-3
16858,16858,1503612587024,14,-8,-4,-2,0,-1,3,5
16859,16859,1503612587038,-1,-4,-2,1,1,0,0,-1
16860,16860,1503612587046,3,-2,-6,-1,-2,-2,-5,-6
16861,16861,1503612587053,-2,9,3,-2,-4,-3,-5,0
16862,16862,1503612587069,-2,5,1,-1,-2,0,1,5
16863,16863,1503612587076,-5,-8,0,-3,-4,-2,-4,-5
16864,16864,1503612587084,-4,5,2,-2,-2,-1,-5,-9
16865,16865,1503612587098,9,0,1,1,-1,1,4,4
16866,16866,1503612587106,12,-13,-5,1,0,-1,-2,-5
16867,16867,1503612587120,7,-3,-1,0,3,0,-1,-4
16868,16868,1503612587128,-1,7,1,-2,0,-1,-2,-4
16869,16869,1503612587136,10,8,0,1,-1,-1,-1,2
16870,16870,1503612587144,1,-2,0,2,2,0,1,3
16871,16871,1503612587158,1,-5,-4,1,-1,-1,-1,-1
16872,16872,1503612587168,3,2,-1,-2,-2,-1,-1,-2
16873,16873,1503612587174,-2,-1,-5,-4,-2,-3,0,1
16874,16874,1503612587188,-2,1,4,3,2,0,1,1
16875,16875,1503612587196,2,8,4,1,-1,1,2,2
16876,16876,1503612587205,0,2,-1,-4,-5,-2,-3,0
16877,16877,1503612587218,19,-8,-3,0,0,-1,-1,1
16878,16878,1503612587226,-6,-6,-2,1,0,1,3,-1
16879,16879,1503612587235,-4,-3,-8,-4,-6,-5,-6,-5
16880,16880,1503612587249,-5,2,-2,-1,0,-2,-4,0
16881,16881,1503612587256,2,0,-3,-2,3,2,-1,-2
16882,16882,1503612587264,-1,3,0,-3,1,-4,-4,0
16883,16883,1503612587278,-4,3,0,2,1,1,1,0
16884,16884,1503612587286,-3,-4,-1,2,1,0,-1,-1
16885,16885,1503612587293,1,-5,0,0,3,0,4,1
16886,16886,1503612587309,-3,-1,-3,-3,-2,-2,0,-5
16887,16887,1503612587316,-2,8,-4,-1,-4,-4,-3,0
16888,16888,1503612587324,10,5,4,1,-1,2,7,20
16889,16889,1503612587338,-2,-11,-4,-3,1,0,-2,-1
16890,16890,1503612587346,-20,-11,1,0,-1,1,-1,-5
16891,16891,1503612587353,-10,1,2,1,0,0,1,2
16892,16892,1503612587370,0,-2,-3,0,1,3,0,-2
16893,16893,1503612587376,-4,0,2,1,1,1,1,-1
16894,16894,1503612587384,3,-4,-7,-1,1,-1,-4,-4
16895,16895,1503612587398,2,7,7,3,4,-1,-4,-4
16896,16896,1503612587406,1,2,-1,-3,-4,-2,0,-1
16897,16897,1503612587413,-8,1,-4,-4,-4,-3,-2,-12
16898,16898,1503612587429,14,7,3,1,-2,-2,-1,-9
16899,16899,1503612587438,-4,5,1,1,-1,0,-1,2
16900,16900,1503612587439,-6,-9,-4,-2,-2,2,1,5
16901,16901,1503612587444,-9,1,-3,-2,0,-1,2,8
16902,16902,1503612587458,12,9,0,-1,-2,0,4,8
16903,16903,1503612587466,16,6,3,0,0,2,8,6
16904,16904,1503612587475,7,13,2,-3,-2,-3,-5,20
16905,16905,1503612587488,19,-9,-4,-1,2,0,1,2
16906,16906,1503612587489,-10,-4,-2,-2,-7,-1,-5,5
16907,16907,1503612587496,10,-9,-4,-1,-2,-2,-3,-9
16908,16908,1503612587505,-1,-1,-1,-4,-15,-1,-6,-11
16909,16909,1503612587518,-2,-6,1,1,2,1,2,-4
16910,16910,1503612587526,0,-6,-4,-3,-2,-1,1,2
16911,16911,1503612587533,-5,-2,2,0,-1,-3,3,-1
16912,16912,1503612587548,2,-7,-3,-2,4,2,7,10
16913,16913,1503612587556,2,-2,-2,-1,-6,3,3,9
16914,16914,1503612587566,8,-4,-11,-1,3,-4,0,47
16915,16915,1503612587578,-17,-8,-1,-3,-2,-1,-4,8
16916,16916,1503612587586,-25,-3,2,1,1,-2,-5,-18
16917,16917,1503612587594,-8,11,4,0,1,-1,-2,-4
16918,16918,1503612587609,4,-3,-2,1,11,-1,1,-17
16919,16919,1503612587616,-1,-4,-3,-2,3,-1,-2,-18
16920,16920,1503612587624,9,2,2,2,2,-2,5,-1
16921,16921,1503612587638,8,-4,0,1,2,-1,-1,0
16922,16922,1503612587646,-9,14,12,3,-2,0,-3,-14
16923,16923,1503612587661,-11,2,2,-1,-3,-1,-2,-7
16924,16924,1503612587668,-1,-8,-6,-3,-3,-1,-1,-23
16925,16925,1503612587676,10,-3,1,-1,-1,-2,0,9
16926,16926,1503612587701,13,23,11,4,-1,0,0,6
16927,16927,1503612587706,-1,-3,-6,-3,0,0,-4,-17
16928,16928,1503612587720,-3,-17,-8,-1,-1,0,1,-4
16929,16929,1503612587728,-19,-15,0,0,-2,-2,-9,-19
16930,16930,1503612587743,1,-6,-7,-5,-1,-1,-4,-9
16931,16931,1503612587751,1,-1,-4,1,2,0,-2,1
16932,16932,1503612587758,18,12,2,2,0,1,-2,4
16933,16933,1503612587769,2,0,2,-2,-3,-2,-3,2
16934,16934,1503612587782,-4,-9,-7,-3,-10,-2,1,-9
16935,16935,1503612587788,8,9,2,-2,-4,-1,-1,-3
16936,16936,1503612587796,-4,-4,-3,-4,2,0,1,1
16937,16937,1503612587817,-5,2,0,0,1,1,2,3
16938,16938,1503612587818,-5,-4,-2,-1,1,0,0,-3
16939,16939,1503612587827,7,0,1,0,4,-2,-1,49
16940,16940,1503612587840,-3,2,2,0,2,-1,-1,-3
16941,16941,1503612587849,-16,-4,-6,-4,-7,-2,-2,-53
16942,16942,1503612587856,-26,-9,0,1,-2,-1,-7,-8
16943,16943,1503612587873,8,3,2,-1,0,-1,-2,-3
16944,16944,1503612587878,-6,-14,-8,-2,0,0,1,-13
16945,16945,1503612587886,-1,2,7,2,3,-1,-8,-9
16946,16946,1503612587900,-1,-1,3,2,-2,10,8,6
16947,16947,1503612587909,2,4,-1,0,-2,-1,0,7
16948,16948,1503612587916,11,1,-3,-2,-2,0,-1,4
16949,16949,1503612587931,1,1,-1,-2,-8,-1,-5,0
16950,16950,1503612587940,22,1,0,-1,-2,-4,-2,20
16951,16951,1503612587946,-14,0,1,1,1,-5,-5,4
16952,16952,1503612587960,-3,4,0,-2,-7,-5,-3,-5
16953,16953,1503612587968,7,4,-5,0,1,0,6,14
16954,16954,1503612587977,-9,-2,0,0,2,-1,2,-7
16955,16955,1503612587991,-4,-6,-3,1,0,2,2,4
16956,16956,1503612587998,-5,-8,-5,0,0,-3,-15,-31
16957,16957,1503612588007,8,-2,-2,-2,0,-1,2,24
16958,16958,1503612588020,0,0,-2,-2,4,-1,1,36
16959,16959,1503612588028,-3,-4,-2,0,0,-3,-3,-13
16960,16960,1503612588036,-11,2,-2,-2,-6,-2,-6,-37
16961,16961,1503612588051,-1,-1,2,0,-1,0,-5,-2
16962,16962,1503612588059,3,1,0,-1,-2,-2,-5,8
16963,16963,1503612588067,1,-3,-2,-2,-2,-2,-11,-47
16964,16964,1503612588081,-15,7,6,1,1,-2,-4,-16
16965,16965,1503612588089,-5,-23,-11,-3,-1,-2,-11,-11
16966,16966,1503612588096,10,-7,-6,-3,-3,-4,-2,8
16967,16967,1503612588111,2,-2,-4,-3,-2,-2,5,-5
16968,16968,1503612588119,-5,3,3,-1,-1,0,9,-7
16969,16969,1503612588127,1,1,-2,0,0,1,6,21
16970,16970,1503612588142,-5,-1,2,1,0,-1,2,14
16971,16971,1503612588149,-13,7,7,0,1,3,10,18
16972,16972,1503612588156,5,8,4,2,4,1,-7,-14
16973,16973,1503612588171,-6,11,6,0,3,0,-3,-31
16974,16974,1503612588179,18,7,-3,-2,-4,-2,-5,19
16975,16975,1503612588187,3,5,2,0,-1,1,4,-4
16976,16976,1503612588200,-6,-8,-4,0,1,-3,-1,15
16977,16977,1503612588211,14,1,-2,-2,1,3,1,16
16978,16978,1503612588217,-7,-2,-2,0,0,0,-8,-7
16979,16979,1503612588232,1,-2,0,-1,-2,-1,-4,2
16980,16980,1503612588239,9,-1,0,-2,-1,1,5,5
16981,16981,1503612588247,-5,0,-3,-2,2,-2,-7,1
16982,16982,1503612588248,5,-1,-1,-3,-3,-2,-4,-14
16983,16983,1503612588260,8,-10,-5,-1,-1,0,7,-6
16984,16984,1503612588268,-17,6,1,1,1,-1,-3,-47
16985,16985,1503612588277,5,14,3,0,1,0,-1,-4
16986,16986,1503612588291,-17,5,-1,0,-1,-5,-14,11
16987,16987,1503612588299,2,1,0,-1,1,0,4,-33
16988,16988,1503612588307,0,-1,-2,-1,-2,-1,-3,-4
16989,16989,1503612588320,-3,-9,-4,-1,-1,-2,3,7
16990,16990,1503612588328,3,-8,-4,-1,-1,0,4,-15
16991,16991,1503612588336,2,0,2,1,1,-1,-1,11
16992,16992,1503612588352,-12,-7,-1,0,1,-1,7,30
16993,16993,1503612588358,-2,-1,-2,-1,-3,-1,-1,25
16994,16994,1503612588366,6,2,2,-1,-2,-1,1,4
16995,16995,1503612588381,-8,-7,-4,-2,-1,-1,1,17
16996,16996,1503612588389,4,-3,-1,-4,-2,1,5,9
16997,16997,1503612588396,-6,6,4,0,1,0,-1,-12
16998,16998,1503612588412,2,-2,-5,-5,-7,-5,-3,4
16999,16999,1503612588419,5,-2,-1,-2,-1,-2,-4,-6
17000,17000,1503612588429,7,-2,-1,-1,2,1,1,1
17001,17001,1503612588443,-3,-2,-3,-2,-1,0,-6,-21
17002,17002,1503612588453,1,3,2,3,-3,-3,1,6
17003,17003,1503612588460,-9,5,-1,-1,-2,-1,0,12
17004,17004,1503612588477,-3,11,4,1,2,1,2,14
17005,17005,1503612588481,10,2,-2,1,1,1,6,19
17006,17006,1503612588488,6,1,-2,0,0,-2,-3,6
17007,17007,1503612588500,-14,-1,0,-2,0,-1,-2,-12
17008,17008,1503612588512,11,-3,-1,-2,-1,1,2,1
17009,17009,1503612588516,2,5,3,0,-3,0,0,-5
17010,17010,1503612588531,-3,-5,-2,0,-1,0,-7,-11
17011,17011,1503612588538,4,-2,0,0,-1,-3,-6,-11
17012,17012,1503612588547,-6,2,0,0,-1,-3,-2,-4
17013,17013,1503612588565,-2,-7,-4,-1,-2,-3,-4,-1
17014,17014,1503612588569,6,-14,-5,-1,-1,0,1,3
17015,17015,1503612588584,-8,12,3,-1,0,1,3,-5
17016,17016,1503612588591,-7,-9,2,1,-2,1,0,3
17017,17017,1503612588598,-9,-9,-3,-2,-2,0,-2,-10
17018,17018,1503612588613,2,8,1,0,-1,-1,0,-3
17019,17019,1503612588620,0,-6,0,1,-2,-2,3,-4
17020,17020,1503612588628,7,-6,-5,-2,0,1,0,1
17021,17021,1503612588646,3,0,-2,-2,-1,-1,2,0
17022,17022,1503612588652,-6,-1,1,0,0,-2,4,0
17023,17023,1503612588658,4,-3,-3,-1,0,-1,-2,6
17024,17024,1503612588673,-4,4,0,-1,0,-2,-3,0
17025,17025,1503612588680,1,-1,-2,-1,-1,0,2,-1
17026,17026,1503612588689,3,0,-1,-2,-3,-2,-2,-6
17027,17027,1503612588703,18,-8,-3,0,1,3,1,7
17028,17028,1503612588712,1,24,5,2,-2,-2,-4,-20
17029,17029,1503612588721,-9,-10,-2,-2,-1,-2,-7,-13
17030,17030,1503612588733,15,8,0,-1,0,-1,3,3
17031,17031,1503612588734,-6,-7,-2,-1,-1,0,-2,-7
17032,17032,1503612588740,-9,7,1,-1,0,-1,2,7
17033,17033,1503612588748,0,-6,0,-1,-1,-2,1,6
17034,17034,1503612588771,-2,-2,-3,-2,0,1,1,7
17035,17035,1503612588780,20,5,0,-1,-1,-1,5,4
17036,17036,1503612588793,-1,1,-1,-3,-1,-1,-7,37
17037,17037,1503612588800,-9,16,5,2,0,1,-3,7
17038,17038,1503612588808,3,-2,-2,1,1,1,3,14
17039,17039,1503612588823,-16,-13,-2,0,-1,0,-3,-12
17040,17040,1503612588831,-2,9,2,-1,-1,-2,-3,-15
17041,17041,1503612588838,-18,-8,-2,0,2,-2,-4,-7
17042,17042,1503612588853,-11,-7,-2,-1,2,-2,4,-15
17043,17043,1503612588860,-1,1,1,-1,-1,-3,-8,-6
17044,17044,1503612588868,7,-9,-3,0,-1,0,3,39
17045,17045,1503612588890,3,0,-2,-1,0,-1,1,7
17046,17046,1503612588892,4,-3,-4,0,-1,-3,1,-10
17047,17047,1503612588898,2,5,-1,-2,-2,-2,3,-2
17048,17048,1503612588914,-3,1,-3,-2,-1,0,-3,-9
17049,17049,1503612588920,-2,-1,0,-3,-1,0,-2,-17
17050,17050,1503612588928,2,-6,0,0,-1,0,0,-7
17051,17051,1503612588943,23,4,-1,-1,1,0,4,5
17052,17052,1503612588951,-3,4,-1,-1,-2,-2,-1,-1
17053,17053,1503612588958,-1,-6,0,2,-1,0,0,14
17054,17054,1503612588981,-11,-3,-1,0,-3,-4,-15,-22
17055,17055,1503612588996,0,-9,-4,-3,1,0,3,40
17056,17056,1503612589003,2,-6,-1,-1,0,0,-3,4
17057,17057,1503612589011,-3,-2,-2,-1,2,-1,-9,-12
17058,17058,1503612589019,0,-1,2,0,0,1,4,14
17059,17059,1503612589033,1,-4,0,1,-1,-1,2,-9
17060,17060,1503612589040,-7,-1,-4,-2,-1,-1,-1,-16
17061,17061,1503612589049,9,2,2,0,0,-1,-18,-8
17062,17062,1503612589063,2,9,3,-2,0,-2,4,8
17063,17063,1503612589071,-12,6,1,-1,-1,-2,4,-15
17064,17064,1503612589079,11,0,-1,-1,0,0,1,6
17065,17065,1503612589093,-6,0,1,-1,-2,0,-2,-8
17066,17066,1503612589100,-9,1,-2,-2,-2,-3,-2,-2
17067,17067,1503612589108,6,-7,-2,-1,0,-1,3,-3
17068,17068,1503612589124,3,6,2,3,2,1,0,-3
17069,17069,1503612589131,-5,-2,-3,-3,-3,-2,2,0
17070,17070,1503612589138,-1,0,-2,-2,1,2,5,6
17071,17071,1503612589153,0,0,-1,-1,1,0,7,12
17072,17072,1503612589154,-1,3,-1,-3,-1,-2,2,-6
17073,17073,1503612589160,4,-2,-2,0,-2,-2,4,17
17074,17074,1503612589168,11,-1,0,-3,-2,-1,0,2
17075,17075,1503612589184,-19,-4,-1,-2,-2,-2,1,9
17076,17076,1503612589191,-6,2,-2,3,-1,0,0,-3
17077,17077,1503612589206,0,-1,2,1,0,-2,-4,17
17078,17078,1503612589207,-2,-4,-1,0,-1,0,1,-9
17079,17079,1503612589217,3,9,0,-1,-1,1,-1,-12
17080,17080,1503612589222,-2,-5,2,1,2,0,-2,-14
17081,17081,1503612589228,1,-9,-3,-1,-1,-2,0,8
17082,17082,1503612589244,3,-2,-4,-3,-2,-2,1,6
17083,17083,1503612589251,-5,-1,-3,0,-1,1,1,-1
17084,17084,1503612589266,0,-1,-2,-4,-4,-1,2,-19
17085,17085,1503612589273,-5,3,2,1,-2,-2,-3,-6
17086,17086,1503612589283,-6,-3,-1,0,0,-1,-2,-9
17087,17087,1503612589288,7,5,0,-2,0,-2,1,-3
17088,17088,1503612589289,10,-8,2,1,1,0,-3,38
17089,17089,1503612589304,12,6,0,-2,1,1,-5,9
17090,17090,1503612589311,-2,10,1,1,-1,-3,0,5
17091,17091,1503612589327,0,-6,-2,0,1,-1,1,7
17092,17092,1503612589333,2,9,3,1,-1,-1,0,-7
17093,17093,1503612589342,-5,-4,0,-2,-1,-1,-3,-3
17094,17094,1503612589350,-10,-2,0,-3,-3,-1,1,-14
17095,17095,1503612589364,21,-8,-1,1,-1,-2,-11,-3
17096,17096,1503612589371,-6,-5,-4,-2,2,1,-2,-7
17097,17097,1503612589389,-7,-4,-3,0,0,0,0,6
17098,17098,1503612589394,2,-4,-1,-2,0,-1,2,-8
17099,17099,1503612589402,-6,0,0,0,-1,-3,-6,-11
17100,17100,1503612589408,1,7,-1,-1,-3,-1,-2,-3
17101,17101,1503612589409,4,-2,-5,-2,-1,-2,-3,-1
17102,17102,1503612589425,-1,-1,1,0,-3,-2,-3,6
17103,17103,1503612589431,1,-6,0,0,-1,0,3,1
17104,17104,1503612589446,-6,3,-1,-6,-5,-1,2,-12
17105,17105,1503612589447,-7,3,3,2,-1,-1,-5,-7
17106,17106,1503612589454,-3,0,-4,-1,-4,0,0,-4
17107,17107,1503612589462,0,20,5,0,2,3,1,5
17108,17108,1503612589468,-4,-5,-2,0,0,-1,-4,8
17109,17109,1503612589486,-2,-7,-3,-1,0,1,3,-2
17110,17110,1503612589491,1,2,1,-1,0,1,-2,-4
17111,17111,1503612589506,-1,-3,-4,-1,-1,0,-1,1
17112,17112,1503612589507,-3,2,-2,-1,0,0,1,-3
17113,17113,1503612589513,-2,-4,-2,-2,-2,1,4,0
17372,17372,1503612592041,2,-14,-5,-2,-4,1,-1,1
17373,17373,1503612592049,-4,-5,-1,-3,-3,0,0,4
17374,17374,1503612592056,-11,-11,-5,-2,-1,-2,-1,-1
17375,17375,1503612592075,1,6,-1,-1,-1,-1,-2,-1
17376,17376,1503612592078,-2,-2,-2,0,-1,-2,-3,-7
17377,17377,1503612592086,3,-7,-2,-1,-2,-2,2,0
17378,17378,1503612592103,13,11,-1,-1,-2,0,1,-2
17379,17379,1503612592109,-3,-4,-4,-3,0,0,-4,-2
17380,17380,1503612592116,-12,-13,-1,-3,0,-1,2,-1
17381,17381,1503612592131,0,14,1,0,-1,0,0,-3
17382,17382,1503612592139,-7,-3,0,0,-1,0,0,-2
17383,17383,1503612592146,-9,-9,-1,-1,0,-1,-2,-3
17384,17384,1503612592161,9,18,7,3,1,1,-1,4
17385,17385,1503612592171,9,2,4,0,-2,1,0,3
17386,17386,1503612592176,-5,-2,-2,-2,-2,-3,-1,2
17387,17387,1503612592191,9,-8,-4,-1,0,-2,2,-1
17388,17388,1503612592198,2,-3,-2,0,1,1,-1,0
17389,17389,1503612592206,-4,-2,-4,-3,-1,-1,-3,-3
17390,17390,1503612592221,-3,-3,-1,-1,-1,-2,-4,-2
17391,17391,1503612592229,-1,1,5,2,0,-4,1,1
17392,17392,1503612592237,-8,1,-2,-5,-4,-2,1,-3
17393,17393,1503612592251,-11,8,2,-1,-1,2,0,-1
17394,17394,1503612592258,-3,-10,-1,1,-1,0,-3,2
17395,17395,1503612592266,-9,0,0,-2,-2,-3,-2,-5
17396,17396,1503612592281,5,-4,-4,-2,-1,1,1,3
17397,17397,1503612592289,5,-9,-7,0,3,0,-3,-2
17398,17398,1503612592304,-14,2,-2,-4,-2,-2,-4,-8
17399,17399,1503612592311,-8,-3,1,1,-1,1,3,2
17400,17400,1503612592318,-3,-5,-4,0,0,-2,-1,3
17401,17401,1503612592333,-2,-9,-3,-1,1,-1,-1,-3
17402,17402,1503612592342,7,7,1,0,-4,0,2,5
17403,17403,1503612592349,-14,-4,-1,1,-1,-2,-2,-1
17404,17404,1503612592363,-13,-1,2,0,1,-2,-3,-4
17405,17405,1503612592372,5,6,1,-2,-1,1,1,0
17406,17406,1503612592379,-13,-2,0,-2,-3,-4,2,-7
17407,17407,1503612592393,13,21,9,0,-3,0,-4,2
17408,17408,1503612592401,-1,-3,-3,-4,-3,-3,-4,0
17409,17409,1503612592409,0,-4,-3,-1,-1,-2,2,-2
17410,17410,1503612592423,5,4,2,1,3,2,4,4
17411,17411,1503612592431,4,-5,-5,-3,0,0,-5,0
17412,17412,1503612592439,1,-5,-1,0,-3,-2,-7,-2
17413,17413,1503612592453,2,3,4,2,2,-1,0,2
17414,17414,1503612592461,5,3,-1,-1,6,4,9,11
17415,17415,1503612592469,11,3,0,-1,-2,-4,-4,1
17416,17416,1503612592483,4,-4,-4,-3,-6,0,2,-2
17417,17417,1503612592491,-8,-8,-4,4,1,0,8,-50
17418,17418,1503612592498,19,3,-2,-2,-1,-1,1,3
17419,17419,1503612592514,2,-7,-6,1,7,0,-3,13
17420,17420,1503612592521,-10,7,4,1,1,1,1,-14
17421,17421,1503612592529,6,0,-4,-5,-5,-1,-2,10
17422,17422,1503612592543,0,-2,4,2,3,-1,-3,5
17423,17423,1503612592551,-7,-5,-3,-4,-3,-2,1,0
17424,17424,1503612592558,-6,-1,0,-2,-4,0,-2,1
17425,17425,1503612592574,4,2,1,0,-4,-1,2,8
17426,17426,1503612592581,-2,-4,1,-1,2,-3,2,-1
17427,17427,1503612592589,-2,-3,-1,-1,-2,0,0,7
17428,17428,1503612592602,0,-2,-1,-1,-6,-7,-10,-14
17429,17429,1503612592611,-2,-3,-4,0,2,0,-4,-34
17430,17430,1503612592618,4,1,2,-1,-1,0,-4,15
17431,17431,1503612592633,-1,-1,1,0,-2,0,-3,40
17432,17432,1503612592641,20,0,-2,1,0,4,12,40
17433,17433,1503612592649,1,1,0,-1,-1,-1,-3,-2
17434,17434,1503612592663,-7,-4,2,0,1,-1,-5,-3
17435,17435,1503612592673,1,7,0,-2,-3,0,-3,-29
17436,17436,1503612592680,-2,-1,-4,-2,-1,0,-2,7
17437,17437,1503612592693,1,-3,-2,0,-2,-2,-3,-16
17438,17438,1503612592701,-3,5,1,-2,-5,-1,1,-1
17439,17439,1503612592709,-4,-9,-2,-2,-1,-3,-7,8
17440,17440,1503612592723,-10,-9,-3,-1,-1,-2,-6,-23
17441,17441,1503612592731,-4,3,-1,-3,-2,1,6,6
17442,17442,1503612592740,-12,-4,-3,0,-1,-2,-1,-27
17443,17443,1503612592753,-8,-4,-1,-1,-1,-4,0,-20
17444,17444,1503612592761,3,-2,-5,-3,1,0,0,-1
17445,17445,1503612592769,-7,1,0,-1,-1,0,1,-1
17446,17446,1503612592783,-1,4,2,2,0,0,-6,-16
17447,17447,1503612592791,-5,-3,-1,-1,0,0,-2,4
17448,17448,1503612592798,-1,-1,-1,0,1,0,1,6
17449,17449,1503612592820,7,11,3,1,-1,0,0,4
17450,17450,1503612592821,-7,0,-5,-3,0,-1,5,-44
17451,17451,1503612592829,0,15,7,1,0,-1,3,14
17452,17452,1503612592843,2,0,1,1,2,-1,-9,7
17453,17453,1503612592851,-5,-6,-5,-2,1,1,-4,-7
17454,17454,1503612592865,5,11,1,4,7,-1,8,10
17455,17455,1503612592874,5,-1,4,2,-1,-2,1,11
17456,17456,1503612592881,-4,-8,-1,-1,-2,-1,7,14
17457,17457,1503612592889,-1,-3,-4,-3,-9,1,1,1
17458,17458,1503612592902,-4,-5,-2,-3,-4,-3,0,-5
17459,17459,1503612592911,3,-10,-6,-1,0,-2,-3,-4
17460,17460,1503612592918,-1,1,-3,-1,0,-2,-9,-24
17461,17461,1503612592933,-2,-7,-1,0,2,-2,-4,2
17462,17462,1503612592942,21,5,1,-2,0,-1,-1,19
17463,17463,1503612592950,-5,-4,1,1,2,2,0,0
17464,17464,1503612592962,-10,-3,-3,-2,-4,1,-3,0
17465,17465,1503612592971,0,1,3,-1,-2,0,2,2
17466,17466,1503612592979,-4,-3,0,-2,-6,-2,-6,-9
17467,17467,1503612592993,1,6,0,-2,0,-3,-4,4
17468,17468,1503612593001,4,5,2,-1,-1,0,6,6
17469,17469,1503612593010,1,3,1,-2,-1,0,10,1
17470,17470,1503612593023,-5,-3,-1,0,-2,-1,8,-11
17471,17471,1503612593031,-15,0,-2,0,0,-1,-2,0
17472,17472,1503612593038,11,-2,-3,-1,1,0,0,14
17473,17473,1503612593053,18,24,-1,-1,-1,1,1,-10
17474,17474,1503612593061,-7,-5,-5,-1,3,0,-3,2
17475,17475,1503612593069,2,-14,-5,0,4,-1,1,8
17476,17476,1503612593083,0,2,1,2,6,0,-3,1
17477,17477,1503612593091,-2,-5,-2,-2,-1,-1,-3,-1
17478,17478,1503612593098,-4,-5,2,0,-3,-4,-5,-3
17479,17479,1503612593114,-12,-5,-2,-2,-2,-2,-1,3
17480,17480,1503612593121,9,9,1,-1,-1,1,1,6
17481,17481,1503612593129,20,1,-5,-3,-1,1,4,7
17482,17482,1503612593144,17,2,-2,-1,-2,-1,-6,3
17483,17483,1503612593151,-6,-16,-3,-2,-3,-1,-1,-6
17484,17484,1503612593158,-3,-4,-3,-2,0,1,5,3
17485,17485,1503612593174,-5,-11,-1,-1,-2,-1,-7,-4
17486,17486,1503612593181,-13,0,2,1,-2,-3,2,-7
17487,17487,1503612593189,-3,4,-3,-1,0,1,2,-5
17488,17488,1503612593202,9,-2,-1,0,3,2,1,2
17489,17489,1503612593203,-9,-1,3,4,1,-1,-6,-5
17490,17490,1503612593211,3,4,1,2,1,-5,0,2
17491,17491,1503612593219,-5,-8,-5,-2,-1,-2,-4,1
17492,17492,1503612593233,0,0,0,-1,-2,-1,0,2
17493,17493,1503612593244,0,-6,-3,-1,-1,1,-5,-7
17494,17494,1503612593256,-1,11,5,-2,-4,-2,3,1
17495,17495,1503612593262,-15,3,3,-1,-4,-4,-5,-1
17496,17496,1503612593271,2,0,0,1,-1,-1,-4,0
17497,17497,1503612593286,1,4,-1,-1,-3,1,5,3
17498,17498,1503612593293,-3,-5,0,0,0,-1,-2,2
17499,17499,1503612593301,2,-3,-2,0,0,-2,-4,-2
17500,17500,1503612593316,3,5,2,1,-3,0,0,3
17501,17501,1503612593317,-3,-3,-3,-1,1,-1,-7,-9
17502,17502,1503612593322,2,2,-1,-1,5,2,5,2
17503,17503,1503612593331,2,9,-1,0,-2,0,1,6
17504,17504,1503612593345,-3,-5,-2,0,-3,-4,-9,-6
17505,17505,1503612593346,2,0,-3,-1,-3,-1,1,10
17506,17506,1503612593354,1,-6,0,-1,2,-1,-1,18
17507,17507,1503612593361,-3,-4,-1,-3,1,-1,3,-32
17508,17508,1503612593376,1,-2,-1,-1,3,0,1,5
17509,17509,1503612593383,0,-4,0,-2,-4,-2,2,15
17510,17510,1503612593391,-3,-2,0,-1,-2,1,-5,-11
17511,17511,1503612593405,6,4,-1,0,-2,-3,-12,-8
17512,17512,1503612593413,5,-4,0,-3,-7,-1,-2,4
17513,17513,1503612593421,-1,-7,-5,-2,-5,-3,-2,1
17514,17514,1503612593436,-6,3,2,-1,0,-1,2,-8
17515,17515,1503612593446,-10,1,-1,-1,2,-1,2,-51
17516,17516,1503612593451,-1,-2,-4,-1,-1,-3,-5,-7
17517,17517,1503612593465,0,6,3,1,1,3,2,18
17518,17518,1503612593473,3,6,6,2,1,0,-6,6
17519,17519,1503612593488,5,-4,-1,-1,0,1,9,53
17520,17520,1503612593496,-3,-10,-5,-3,-1,-2,1,20
17521,17521,1503612593502,-3,-2,-5,-3,-3,-2,2,-7
17522,17522,1503612593503,1,2,1,1,0,0,-6,2
17523,17523,1503612593512,1,-12,-9,-2,1,0,-3,-5
17524,17524,1503612593525,16,-7,-7,-4,0,-2,0,29
17525,17525,1503612593533,-12,4,0,-1,-4,-4,-4,-35
17526,17526,1503612593541,3,-4,-1,1,-1,2,-3,-16
17527,17527,1503612593556,2,11,2,1,1,1,3,-6
17528,17528,1503612593562,-11,1,0,0,1,-2,-2,-12
17529,17529,1503612593571,-1,-3,4,-1,-1,0,6,9
17530,17530,1503612593585,-3,3,-2,-3,-1,-3,0,-7
17531,17531,1503612593593,-4,-2,-4,-1,-1,0,2,3
17532,17532,1503612593601,5,17,6,0,-3,-3,1,6
17533,17533,1503612593616,5,0,0,1,1,-1,0,8
17534,17534,1503612593623,-1,-5,0,0,0,2,-4,-12
17535,17535,1503612593631,-1,-12,-6,0,-2,-1,-1,-4
17536,17536,1503612593648,-10,-11,-5,-1,0,-2,-6,-15
17537,17537,1503612593653,-8,-6,-1,1,2,4,7,3
17538,17538,1503612593661,-3,-4,-1,-3,-3,-3,-3,14
17539,17539,1503612593676,5,11,1,0,-3,-2,-7,-14
17540,17540,1503612593683,0,4,-2,0,-1,0,-3,-12
17541,17541,1503612593691,1,5,2,0,-1,-2,1,-9
17542,17542,1503612593705,-2,-2,-1,-1,-1,0,3,5
17543,17543,1503612593716,-8,5,5,1,0,0,-6,-42
17544,17544,1503612593722,-15,-10,-1,0,0,-2,1,3
17545,17545,1503612593736,-12,-6,-2,-3,-3,-4,-2,8
17546,17546,1503612593743,-5,6,3,-1,1,1,0,-18
17547,17547,1503612593752,-4,-6,-4,-1,-2,-2,-1,10
17548,17548,1503612593766,10,5,-1,-1,-1,-1,0,16
17549,17549,1503612593773,-9,-10,-1,-1,0,-2,0,0
17550,17550,1503612593774,7,-1,2,-1,-2,-2,-5,6
17551,17551,1503612593782,0,-10,-3,-2,-1,-2,-5,-10
17552,17552,1503612593796,-1,5,1,1,1,1,1,6
17553,17553,1503612593802,-3,2,-1,2,-1,-1,-4,-2
17554,17554,1503612593811,24,-3,-4,0,3,-1,0,6
17555,17555,1503612593825,0,0,-2,-2,1,3,6,8
17556,17556,1503612593833,-1,1,1,1,1,-2,-5,43
17557,17557,1503612593841,4,-2,1,-2,-3,-2,-2,-5
17558,17558,1503612593856,-1,1,-1,-4,-2,0,-5,5
17559,17559,1503612593862,0,4,0,-1,-1,0,-4,3
17560,17560,1503612593871,-6,-2,-3,-3,-2,-1,-2,-3
17561,17561,1503612593885,1,-2,-1,-2,-2,2,3,-9
17562,17562,1503612593893,0,-5,0,1,0,1,5,-1
17563,17563,1503612593901,1,-2,2,3,0,-1,2,17
17564,17564,1503612593917,-8,3,-2,-1,0,-1,1,-8
17565,17565,1503612593923,0,-3,-4,-3,-2,-3,-1,-2
17566,17566,1503612593931,0,-5,-2,0,-1,-1,-5,-18
17567,17567,1503612593945,2,17,5,2,1,1,0,0
17568,17568,1503612593954,4,-1,0,-2,-3,-3,10,10
17569,17569,1503612593961,-4,-4,-5,-2,-3,-5,-1,9
17570,17570,1503612593976,2,0,-2,-3,-3,-3,-8,-17
17571,17571,1503612593983,13,-6,-5,-2,-1,0,-1,40
17572,17572,1503612593991,1,3,3,0,2,3,-2,6
17573,17573,1503612594005,1,-2,-1,0,-1,0,-1,5
17574,17574,1503612594013,-5,0,-1,1,0,-1,1,2
17575,17575,1503612594021,-5,-3,1,0,0,-1,0,-18
17576,17576,1503612594036,-1,-4,-3,0,-1,0,4,-10
17577,17577,1503612594043,-8,-4,-3,-1,0,-2,1,-8
17578,17578,1503612594051,-3,-2,1,1,2,-1,-2,2
17579,17579,1503612594065,-6,-8,-3,-3,-3,-2,-9,-17
17580,17580,1503612594073,1,-6,-4,-2,-2,1,1,1
17581,17581,1503612594083,-5,4,1,0,-2,0,-2,-12
17582,17582,1503612594103,-1,-7,0,-2,0,-1,-1,7
17583,17583,1503612594119,3,-4,-2,1,1,1,3,8
17584,17584,1503612594125,-1,-2,0,-1,2,-2,-1,-8
17585,17585,1503612594133,-4,2,-1,-2,-3,-2,2,-9
17586,17586,1503612594141,-1,-4,-3,-1,-1,-1,-4,-10
17587,17587,1503612594156,-4,-6,-4,-2,-1,1,-2,-11
17588,17588,1503612594162,-2,-2,-4,-1,-2,-2,-1,5
17589,17589,1503612594163,4,4,2,0,0,-1,2,9
17590,17590,1503612594178,-5,-5,-3,-2,-1,-1,-4,-11
17591,17591,1503612594185,-1,-2,1,1,-2,0,1,0
17592,17592,1503612594193,-3,-1,-2,-1,-1,-1,-3,-4
17593,17593,1503612594207,-5,2,0,0,2,1,-2,-12
17594,17594,1503612594217,3,1,-1,-2,-1,0,-5,9
17595,17595,1503612594223,-12,-3,-3,-2,-4,-3,2,-21
17596,17596,1503612594238,-6,0,2,0,1,0,3,-61
17597,17597,1503612594245,-1,-13,-4,0,1,0,-2,3
17598,17598,1503612594254,1,-3,-3,-2,-1,-1,0,17
17599,17599,1503612594267,-4,-5,-2,-2,-3,0,-2,-5
17600,17600,1503612594268,0,2,-2,-2,-2,-2,-4,-9
17601,17601,1503612594276,7,8,1,2,-1,-2,-6,-5
17602,17602,1503612594286,2,2,-1,-2,-1,-3,0,8
17603,17603,1503612594298,-3,-5,-2,-1,-1,1,-5,-1
17604,17604,1503612594299,2,-4,0,-1,0,2,3,7
17605,17605,1503612594305,-2,-4,-1,1,1,0,0,-9
17606,17606,1503612594313,-4,3,0,0,2,-2,-3,-2
17607,17607,1503612594328,1,3,2,-2,1,-1,-1,3
17608,17608,1503612594336,-2,-4,-2,-4,-6,1,1,7
17609,17609,1503612594343,3,8,0,-2,-1,-1,-5,4
17610,17610,1503612594359,1,-4,-3,-1,-1,-2,0,13
17611,17611,1503612594365,3,4,1,0,0,0,5,7
17612,17612,1503612594373,-1,-9,-5,-1,0,-4,-4,-2
17613,17613,1503612594388,0,1,-2,-1,-2,0,-1,6
17614,17614,1503612594396,2,3,0,0,-1,-2,-4,-4
17615,17615,1503612594403,0,2,1,-1,-2,-1,-1,2
17616,17616,1503612594419,-2,-3,1,-1,-1,0,1,-1
17617,17617,1503612594426,1,-3,-1,-1,0,0,-1,-10
17618,17618,1503612594433,-3,2,-1,-2,-1,-4,-5,-10
17619,17619,1503612594449,-2,1,-1,1,1,-1,3,20
17620,17620,1503612594457,-6,1,1,0,-3,0,1,-2
17621,17621,1503612594471,-1,-5,-4,-3,0,0,2,-6
17622,17622,1503612594478,2,-3,-3,1,-2,-1,-4,-7
17623,17623,1503612594487,1,2,-1,0,-3,1,-1,2
17624,17624,1503612594494,-2,-5,-1,-5,-2,-2,-8,-3
17625,17625,1503612594509,7,-10,-4,0,-2,-2,-2,-5
17626,17626,1503612594516,-1,0,0,0,-1,-1,4,3
17627,17627,1503612594531,2,4,-3,-3,-4,-2,-4,-4
17628,17628,1503612594538,-2,2,-1,-1,1,1,2,0
17629,17629,1503612594546,-1,-1,-3,-3,-3,-2,-1,-3
17630,17630,1503612594554,-1,7,3,4,-1,-2,0,2
17631,17631,1503612594569,-2,5,3,1,0,-1,-2,1
17632,17632,1503612594576,-2,-5,-3,-1,-1,-2,-2,19
17633,17633,1503612594591,-1,2,-1,1,-1,-1,-2,-3
17634,17634,1503612594598,1,-2,-1,0,-3,0,4,-4
17635,17635,1503612594606,11,-11,-5,-2,-1,-2,7,4
17636,17636,1503612594613,-3,-3,-1,0,1,1,0,-5
17637,17637,1503612594629,-7,-16,-1,-1,2,1,-3,3
17638,17638,1503612594636,-2,-4,-3,-1,0,1,2,3
17639,17639,1503612594651,-8,2,3,1,0,-1,-4,-1
17640,17640,1503612594658,-2,4,2,0,-1,1,-2,-6
17641,17641,1503612594666,-2,0,2,-2,-1,-2,-4,-3
17642,17642,1503612594673,1,-2,-4,-2,-2,-3,0,-10
17643,17643,1503612594689,-2,11,2,-2,-1,-2,-2,-4
17644,17644,1503612594696,-4,-10,-2,0,-1,-2,-4,-2
17645,17645,1503612594711,1,-1,0,0,1,-1,-4,-7
17646,17646,1503612594718,-3,10,6,0,2,0,-2,-1
17647,17647,1503612594726,-8,-4,-2,0,-2,2,6,6
17648,17648,1503612594733,5,2,2,1,-1,-2,0,0
17649,17649,1503612594749,-1,0,-2,-1,0,0,1,-4
17650,17650,1503612594756,0,-3,-2,2,3,-1,-1,3
17651,17651,1503612594772,-2,-1,0,-1,-1,0,1,-1
17652,17652,1503612594778,1,2,-1,-3,-2,2,4,-1
17653,17653,1503612594789,-7,-3,2,1,1,2,1,-3
17654,17654,1503612594793,3,8,0,0,-2,0,2,0
17655,17655,1503612594809,4,11,0,0,-2,-1,-7,-9
17656,17656,1503612594816,-4,-10,-4,-2,0,-2,0,-3
17657,17657,1503612594832,4,-6,-1,-1,-1,-2,1,8
17658,17658,1503612594838,-2,2,-1,-1,-2,-1,-5,-7
17659,17659,1503612594846,2,2,-1,0,-2,-1,1,1
17660,17660,1503612594856,-5,-9,-3,-1,-3,0,6,0
17661,17661,1503612594869,0,2,0,0,-2,-1,4,-1
17662,17662,1503612594876,4,-4,-3,-2,0,-1,-1,4
17663,17663,1503612594892,-4,-3,-1,1,1,0,-2,-1
17664,17664,1503612594899,-4,-14,0,1,2,-1,-1,-2
17665,17665,1503612594906,2,0,-2,-3,1,-2,-3,-2
17666,17666,1503612594913,4,0,-1,-1,0,-3,-6,-5
17667,17667,1503612594929,-3,-8,-4,-2,0,-1,-2,-1
17668,17668,1503612594936,1,0,-3,1,1,1,1,3
17669,17669,1503612594951,-3,-5,-3,0,-1,0,1,4
17670,17670,1503612594958,-7,15,3,-1,-2,-1,-3,-2
17671,17671,1503612594966,-3,3,1,-1,-5,-3,-2,-7
17672,17672,1503612594973,3,1,0,-1,-1,-1,2,3
17673,17673,1503612594990,0,-1,2,0,4,1,5,5
17674,17674,1503612594996,-2,2,0,-1,-1,0,0,-1
17675,17675,1503612595011,3,-1,-1,1,-1,-1,2,-3
17676,17676,1503612595018,0,-4,-2,-1,1,0,-11,-2
17677,17677,1503612595026,-7,-7,-5,-4,-3,-2,-4,-2
17678,17678,1503612595033,-1,-3,0,-1,-1,-1,2,1
17679,17679,1503612595049,2,9,3,1,0,-3,-5,-3
17680,17680,1503612595057,-2,-3,0,0,-3,-2,-1,-1
17681,17681,1503612595071,0,0,-1,-1,0,1,0,2
17682,17682,1503612595078,4,2,-1,1,1,-1,1,-4
17683,17683,1503612595087,2,-3,-3,-1,-2,-3,-9,-3
17684,17684,1503612595094,-6,-3,-1,-1,0,1,5,-5
17685,17685,1503612595109,1,-2,1,-1,2,2,5,0
17686,17686,1503612595116,3,7,1,0,-4,0,0,1
17687,17687,1503612595132,3,-10,-6,-2,0,-1,1,3
17688,17688,1503612595138,-1,-6,-3,-2,-4,-4,3,3
17689,17689,1503612595147,-1,-3,-2,-1,0,-1,0,0
17690,17690,1503612595161,-4,9,1,0,2,3,0,4
17691,17691,1503612595169,0,5,-1,-1,0,-1,-6,-2
17692,17692,1503612595176,-5,-3,1,0,-2,-1,-2,-4
17693,17693,1503612595192,2,5,0,-2,0,-1,2,0
17694,17694,1503612595199,2,-5,-2,1,1,3,0,4
17695,17695,1503612595206,-4,-1,-1,-1,-4,-2,-7,-6
17696,17696,1503612595221,1,-5,-5,-3,-4,-2,-7,3
17697,17697,1503612595231,-1,0,0,1,-1,1,8,6
17698,17698,1503612595236,4,5,2,1,2,0,1,-2
17699,17699,1503612595251,-10,-3,-1,-2,1,0,-5,-1
17700,17700,1503612595258,0,-6,-3,-2,-3,-3,-2,-7
17701,17701,1503612595266,6,8,-2,-1,-3,-1,1,-5
17702,17702,1503612595281,-5,2,1,0,0,1,-3,-4
17703,17703,1503612595289,0,2,2,-2,1,1,-9,-2
17704,17704,1503612595297,-1,1,0,-2,-1,0,0,-4
17705,17705,1503612595311,-3,-5,0,-2,-2,-1,4,1
17706,17706,1503612595318,2,0,-1,-1,-1,1,3,2
17707,17707,1503612595326,0,3,0,0,-1,-4,-6,-3
17708,17708,1503612595341,2,-3,1,-2,0,-2,-2,-3
17709,17709,1503612595349,5,-5,-3,0,-1,2,-3,-1
17710,17710,1503612595356,-3,-4,-3,0,-1,-1,-1,-1
17711,17711,1503612595371,0,0,-1,-3,-5,-2,0,0
17712,17712,1503612595378,4,15,3,1,1,-4,0,0
17713,17713,1503612595394,6,17,2,2,1,1,5,0
17714,17714,1503612595401,-2,-6,-5,-5,-1,-1,2,0
17715,17715,1503612595415,-3,-5,-5,-2,-1,0,-7,-3
17716,17716,1503612595416,-3,-3,-1,1,2,-2,1,2
17717,17717,1503612595417,-4,3,0,-3,-1,1,0,6
17718,17718,1503612595432,-8,-7,-2,-1,0,-1,2,0
17719,17719,1503612595438,1,-9,-2,0,-3,-4,1,1
17720,17720,1503612595446,2,-5,-1,-1,1,0,-3,-4
17721,17721,1503612595461,-1,-6,-1,2,2,1,-2,1
17722,17722,1503612595469,-3,3,-1,-2,-1,-2,-3,-7
17723,17723,1503612595475,-1,0,-3,-2,-2,-4,-5,-3
17724,17724,1503612595476,-3,-4,-2,-2,-2,0,-1,-1
17725,17725,1503612595493,1,-7,-3,-1,-2,-1,-5,-2
17726,17726,1503612595498,-1,2,1,1,2,-1,-2,-1
17727,17727,1503612595506,-4,-3,-1,-2,1,3,4,2
17728,17728,1503612595521,-7,6,3,0,0,2,3,-2
17729,17729,1503612595529,-1,-2,0,1,1,-2,4,2
17730,17730,1503612595535,-2,-11,-2,-2,-1,-3,-9,-3
17731,17731,1503612595536,7,21,4,-1,-2,-1,-3,2
17732,17732,1503612595551,-3,-2,0,-2,-4,-1,1,2
17733,17733,1503612595560,-2,-9,-2,3,6,-1,-3,-4
17734,17734,1503612595566,-4,3,0,1,0,-1,7,-1
17735,17735,1503612595581,4,-5,-2,-1,1,-1,3,-2
17736,17736,1503612595589,-1,-6,-1,-2,-6,-1,0,-2
17737,17737,1503612595596,-1,1,0,-3,-5,-1,6,3
17738,17738,1503612595611,-5,-2,-4,-2,-3,-3,-8,-5
17739,17739,1503612595618,5,3,1,1,-1,-3,-3,1
17740,17740,1503612595628,1,-2,-1,3,0,0,5,2
17741,17741,1503612595641,-5,-5,-4,0,0,0,-2,0
17742,17742,1503612595649,4,-4,0,-3,0,-2,0,1
17743,17743,1503612595656,4,6,0,-1,-5,1,-8,-2
17744,17744,1503612595671,4,0,0,1,1,-1,-5,0
17745,17745,1503612595685,8,7,-2,-3,-1,0,-1,-2
17746,17746,1503612595687,-4,8,3,1,3,-3,-9,-6
17747,17747,1503612595701,-8,-9,-4,-2,1,-2,1,-2
17748,17748,1503612595709,-5,-10,-3,0,-2,-2,-7,-3
17749,17749,1503612595716,5,-3,-1,1,7,1,-3,-1
17750,17750,1503612595732,3,5,-1,-1,-2,0,3,3
17751,17751,1503612595738,-8,-5,-6,-7,-6,2,2,-2
17752,17752,1503612595746,6,6,2,0,1,-2,3,2
17753,17753,1503612595766,-13,-15,-3,0,-3,-3,-1,1
17754,17754,1503612595770,-6,2,0,-2,-4,-1,7,2
17755,17755,1503612595776,9,10,0,1,2,1,0,1
17756,17756,1503612595791,4,-4,1,2,2,2,1,3
17757,17757,1503612595798,-2,-8,-3,-1,-2,-3,-3,-1
17758,17758,1503612595806,-3,11,1,1,1,-1,-4,-5
17759,17759,1503612595821,-3,5,3,3,-3,-3,2,-1
17760,17760,1503612595831,-8,0,-2,-2,2,2,-3,-28
17761,17761,1503612595837,3,9,0,0,-1,0,-1,1
17762,17762,1503612595853,3,-1,-5,0,1,3,-1,9
17763,17763,1503612595858,2,-5,-5,-4,-2,-3,2,14
17764,17764,1503612595859,-4,0,1,-2,-2,-1,-5,-10
17765,17765,1503612595866,4,-3,-3,-3,-2,-1,2,7
17766,17766,1503612595881,-2,-8,-6,-6,-7,-3,-4,-2
17767,17767,1503612595889,-4,2,3,1,-1,-1,-1,1
17768,17768,1503612595897,-1,2,1,2,2,0,0,8
17769,17769,1503612595912,0,-1,-4,-4,-1,-3,-6,-1
17770,17770,1503612595918,4,-6,3,0,-3,-2,-3,-6
17771,17771,1503612595926,-1,2,1,0,-2,0,8,-3
17772,17772,1503612595941,-11,-11,-2,-2,-2,-2,-1,-2
17773,17773,1503612595949,4,-5,-3,-2,1,0,-3,7
17774,17774,1503612595956,4,8,-4,-3,-2,-2,1,5
17775,17775,1503612595971,-1,-2,1,3,-1,-3,-6,-9
17776,17776,1503612595978,0,-6,0,1,-1,-2,-3,31
17777,17777,1503612595986,-1,-5,-6,-6,-1,-2,1,4
17778,17778,1503612596001,5,-5,-2,-1,-1,-1,2,-8
17779,17779,1503612596009,2,-11,0,0,-1,2,10,9
17780,17780,1503612596016,5,7,2,2,3,2,4,-9
17781,17781,1503612596033,1,-3,-4,-1,-2,0,-1,17
17782,17782,1503612596039,3,7,-1,1,1,1,-5,-15
17783,17783,1503612596053,-7,7,2,-2,-2,-1,0,-1
17784,17784,1503612596061,-1,-13,-1,0,-1,-1,-5,-7
17785,17785,1503612596069,-9,-8,-5,-6,-6,-3,-3,-7
17786,17786,1503612596083,-8,-3,-3,-5,-2,1,-2,-9
17787,17787,1503612596091,-7,0,1,-1,2,0,-5,0
17788,17788,1503612596100,5,4,0,1,-3,-3,-3,-6
17789,17789,1503612596113,4,22,7,3,1,-1,-13,0
17790,17790,1503612596121,-6,-6,-1,-1,-1,-3,3,-4
17791,17791,1503612596133,6,4,2,-1,-3,1,-2,-3
17792,17792,1503612596143,2,1,-1,-1,1,0,-1,-7
17793,17793,1503612596151,4,-11,-4,1,-3,-4,-12,-9
17794,17794,1503612596158,-16,3,-2,-4,-1,2,3,24
17795,17795,1503612596174,-7,3,3,0,-3,-2,-6,-2
17796,17796,1503612596181,7,-2,1,0,0,-3,-4,11
17797,17797,1503612596189,-7,-9,-4,-2,1,-3,0,-11
17798,17798,1503612596203,1,-3,0,-4,-3,0,-4,-3
17799,17799,1503612596211,4,-17,-2,0,-3,-2,-5,-9
17800,17800,1503612596218,5,-1,-3,1,2,2,-3,-12
17801,17801,1503612596234,2,-3,-3,0,1,4,6,20
17802,17802,1503612596241,-4,-1,-1,2,-1,-2,-4,-13
17803,17803,1503612596249,1,-3,-2,-2,-2,1,6,-5
17804,17804,1503612596266,-3,-11,-6,-3,-2,-1,6,7
17805,17805,1503612596271,5,0,1,2,2,1,0,-13
17806,17806,1503612596278,6,-2,2,1,1,0,3,21
17807,17807,1503612596293,5,-6,-4,-2,-2,-1,-6,-28
17808,17808,1503612596301,-9,-1,0,-2,-3,-2,-7,-25
17809,17809,1503612596309,2,4,3,3,-1,-2,6,10
17810,17810,1503612596323,-5,1,-1,-1,-1,-2,3,6
17811,17811,1503612596334,-3,0,6,3,1,-2,-1,30
17812,17812,1503612596338,-13,6,2,-1,-1,0,1,-6
17813,17813,1503612596353,2,12,-2,-3,1,-1,0,8
17969,17969,1503612597860,-21,5,-1,0,6,9,0,-8
17970,17970,1503612597861,0,-3,1,-1,-5,-7,-5,-2
17971,17971,1503612597876,1,5,0,-1,-3,-9,-18,1
17972,17972,1503612597884,4,-13,-9,-5,16,-10,-3,1
17973,17973,1503612597898,3,3,3,0,11,9,6,-2
17974,17974,1503612597905,-2,3,-1,-10,-17,-11,-7,-1
17975,17975,1503612597914,-5,-6,-5,-3,5,4,8,6
17976,17976,1503612597927,6,-1,-4,2,29,12,0,-8
17977,17977,1503612597935,-4,0,-2,1,-23,-10,-5,1
17978,17978,1503612597950,1,-6,-3,5,16,1,-8,8
17979,17979,1503612597958,-7,4,-1,-3,8,-4,0,6
17980,17980,1503612597972,12,8,0,0,-9,1,2,2
17981,17981,1503612597977,-2,-4,0,-1,40,5,-13,-7
17982,17982,1503612597987,7,-4,-2,0,15,3,-2,-7
17983,17983,1503612597995,-8,-13,-8,-8,-15,-13,2,-9
17984,17984,1503612598003,7,5,4,2,-9,4,11,14
17985,17985,1503612598019,8,14,3,-2,8,-6,-6,-4
17986,17986,1503612598025,-5,32,11,0,-19,-9,-1,-5
17987,17987,1503612598033,-2,-4,-1,0,-8,24,14,7
17988,17988,1503612598050,3,-6,-1,0,-9,-1,19,9
17989,17989,1503612598057,6,3,-1,0,-24,-12,2,-4
17990,17990,1503612598063,-5,-6,0,-3,16,5,6,-5
17991,17991,1503612598079,3,-6,-2,-2,-22,-3,3,1
17992,17992,1503612598086,-11,-2,-3,0,-6,-11,-21,-89
17993,17993,1503612598093,-5,-10,-4,-4,23,0,-5,10
17994,17994,1503612598107,-22,-5,2,3,-18,13,10,24
17995,17995,1503612598117,-9,-1,-1,2,-30,-22,3,-7
17996,17996,1503612598123,9,-12,-4,-5,3,-10,5,16
17997,17997,1503612598138,2,0,1,-6,-25,-8,-9,5
17998,17998,1503612598146,0,-1,-6,-5,-8,-9,-11,24
17999,17999,1503612598154,0,-1,-1,5,18,0,-2,2
18000,18000,1503612598167,-1,-4,-3,-15,-25,6,-12,2
18001,18001,1503612598179,-2,-11,-6,-7,2,11,3,-4
18002,18002,1503612598183,2,-3,-3,-3,5,-5,2,12
18003,18003,1503612598198,2,-1,0,-2,-9,-3,-4,-10
18004,18004,1503612598205,11,-6,-2,0,-2,8,2,-3
18005,18005,1503612598213,-1,-5,0,1,9,-20,-4,12
18006,18006,1503612598214,10,20,9,11,42,31,7,-3
18007,18007,1503612598228,-3,-3,-3,2,-22,-4,0,0
18008,18008,1503612598235,-5,-6,0,8,3,-11,-1,9
18009,18009,1503612598243,-7,1,3,6,21,8,3,-6
18010,18010,1503612598258,-8,-5,-2,-9,-37,-9,-4,-3
18011,18011,1503612598265,-4,-3,-3,-1,-18,-11,5,-1
18012,18012,1503612598273,-3,-7,-1,-3,5,6,1,-5
18013,18013,1503612598288,1,-1,-1,4,20,-4,-7,0
18014,18014,1503612598295,8,-9,-10,-5,-14,3,2,7
18015,18015,1503612598296,-17,2,2,-5,9,-3,-1,-4
18016,18016,1503612598303,-7,-6,-3,0,10,1,-6,5
18017,18017,1503612598318,3,-11,-4,1,-1,1,-6,-3
18018,18018,1503612598325,-3,-3,0,0,9,4,0,-1
18019,18019,1503612598333,4,2,-3,3,11,5,3,0
18020,18020,1503612598347,2,2,-2,1,-26,-11,-12,-6
18021,18021,1503612598355,3,5,-1,0,-10,4,13,-3
18022,18022,1503612598363,2,10,0,1,12,14,6,5
18023,18023,1503612598379,3,2,-3,-8,8,-8,-5,-4
18024,18024,1503612598385,-4,-6,1,-3,-4,-4,6,3
18025,18025,1503612598393,0,-6,-2,-3,15,-11,-10,-3
18026,18026,1503612598407,2,-3,-1,0,21,6,1,-1
18027,18027,1503612598416,-2,2,-3,-1,-18,-8,-12,-1
18028,18028,1503612598423,1,8,2,0,-1,-3,0,-4
18029,18029,1503612598438,5,8,0,4,2,3,7,1
18030,18030,1503612598447,-7,0,1,1,8,-2,-5,-5
18031,18031,1503612598453,-2,-12,-5,-4,-3,2,14,1
18032,18032,1503612598467,5,-4,-3,-5,-11,-4,0,-6
18033,18033,1503612598475,2,-2,0,-3,-38,-5,-6,1
18034,18034,1503612598484,2,4,1,3,-18,-1,3,1
18035,18035,1503612598498,6,4,-4,1,-19,-3,-10,-4
18036,18036,1503612598505,-3,3,1,1,3,-6,-6,0
18037,18037,1503612598514,-1,-7,-2,-3,0,-4,-3,0
18038,18038,1503612598527,1,-1,-2,-1,-9,-7,5,-1
18039,18039,1503612598535,-5,5,-1,-4,-9,6,4,1
18040,18040,1503612598543,7,-3,0,-2,2,4,4,3
18041,18041,1503612598558,-13,-7,0,-6,-12,-5,-12,-10
18042,18042,1503612598565,-4,2,1,1,-23,-4,-1,-3
18043,18043,1503612598573,-3,-4,-2,0,21,4,-16,-3
18044,18044,1503612598587,-3,4,2,0,2,-3,-10,-4
18045,18045,1503612598596,1,8,5,3,-4,0,2,0
18046,18046,1503612598603,3,-3,-7,-4,22,7,0,2
18047,18047,1503612598618,-23,-5,3,4,18,0,1,2
18048,18048,1503612598625,-1,1,3,4,2,-1,3,1
18049,18049,1503612598634,11,-2,-4,-4,-9,-2,3,5
18050,18050,1503612598649,-7,-2,-3,-1,-2,-5,-3,-3
18051,18051,1503612598651,-5,-1,1,-4,-1,3,-6,-8
18052,18052,1503612598657,3,5,-1,0,30,8,5,5
18053,18053,1503612598663,-5,-19,-9,-3,0,-2,0,5
18054,18054,1503612598678,-1,3,-1,0,-5,1,6,-2
18055,18055,1503612598687,0,0,-2,-3,0,-7,-4,-3
18056,18056,1503612598694,2,6,2,3,0,-1,0,2
18057,18057,1503612598708,-2,0,-3,-3,0,0,-3,-6
18058,18058,1503612598716,6,6,4,2,16,-4,0,0
18059,18059,1503612598724,-3,2,1,2,30,3,-3,1
18060,18060,1503612598738,4,-5,-2,0,-4,1,-3,-5
18061,18061,1503612598746,-17,-1,4,2,-4,-4,-8,-8
18062,18062,1503612598755,-4,-16,-4,1,-4,-2,-1,2
18063,18063,1503612598768,9,1,-3,-2,11,7,-1,0
18064,18064,1503612598776,0,5,0,-2,-7,0,-1,-2
18065,18065,1503612598783,-10,-7,0,2,1,-2,0,3
18066,18066,1503612598784,8,3,2,5,-4,-2,3,1
18067,18067,1503612598798,2,-3,-3,-1,6,2,0,-2
18068,18068,1503612598806,-17,-5,0,-3,-5,0,-1,-1
18069,18069,1503612598817,-3,0,-1,-6,2,1,0,-3
18070,18070,1503612598827,10,8,-1,-5,-7,-1,0,7
18071,18071,1503612598836,-4,-5,-1,-2,-3,-4,-1,-2
18072,18072,1503612598850,6,1,-2,2,8,6,0,1
18073,18073,1503612598859,1,0,0,1,2,4,-10,-1
18074,18074,1503612598866,-5,-9,-6,-5,-12,-1,6,7
18075,18075,1503612598886,3,-19,-8,-2,-15,-6,0,-2
18076,18076,1503612598888,4,-3,-3,-3,-22,-4,4,-1
18077,18077,1503612598896,0,3,2,-1,-6,-9,-1,-3
18078,18078,1503612598918,0,-2,-2,-1,20,7,-3,-3
18079,18079,1503612598920,-3,3,-1,2,20,7,5,4
18080,18080,1503612598926,1,4,2,2,0,-7,-3,-2
18081,18081,1503612598941,7,5,0,-1,-6,-4,-1,-2
18082,18082,1503612598947,-2,-1,-1,0,-8,-1,3,-5
18083,18083,1503612598956,3,4,1,0,-7,-6,7,5
18084,18084,1503612598970,-1,-2,-2,2,4,0,-2,-1
18085,18085,1503612598978,0,4,0,-3,7,6,-2,-3
18086,18086,1503612598986,-5,3,1,2,-1,-6,-6,-14
18087,18087,1503612599001,-5,-2,-1,1,4,3,2,2
18088,18088,1503612599007,10,-2,1,-1,-12,-5,2,5
18089,18089,1503612599018,2,11,2,-2,1,1,0,2
18090,18090,1503612599030,-3,5,3,-1,10,2,1,-1
18091,18091,1503612599038,-6,-9,-3,3,6,-5,-5,-3
18092,18092,1503612599046,-6,0,0,-1,-6,-4,-2,1
18093,18093,1503612599061,0,2,0,-2,-7,-2,-2,0
18094,18094,1503612599068,1,-1,0,5,3,-4,1,1
18095,18095,1503612599076,5,16,5,4,2,-1,-6,-4
18096,18096,1503612599090,-6,-6,-6,-7,-8,-2,-8,-13
18097,18097,1503612599098,-1,-4,-1,-1,-13,-6,-4,1
18098,18098,1503612599106,3,3,-1,-4,5,7,6,13
18099,18099,1503612599121,-4,-4,-3,-3,5,2,5,-2
18100,18100,1503612599128,1,-2,-1,-1,-10,-8,-1,4
18101,18101,1503612599136,-2,-3,-2,0,-2,9,-1,-2
18102,18102,1503612599154,-1,1,0,5,7,1,1,2
18103,18103,1503612599158,-3,-1,-2,1,-1,-2,0,-2
18104,18104,1503612599165,5,-1,0,-4,-8,-2,-1,0
18105,18105,1503612599181,-11,-9,-6,-13,-10,-13,-9,-19
18106,18106,1503612599190,0,-2,-2,-2,15,8,4,3
18107,18107,1503612599196,-2,-5,-5,-6,45,14,1,4
18108,18108,1503612599210,-2,-1,-4,-6,-10,-3,-6,-8
18109,18109,1503612599220,-2,-3,-1,3,-10,-3,-2,-4
18110,18110,1503612599241,2,30,11,5,6,5,3,5
18111,18111,1503612599242,-1,-2,1,4,4,4,2,-1
18112,18112,1503612599247,-3,-10,-8,-2,-19,-12,-1,-4
18113,18113,1503612599256,3,-1,-1,-2,-9,-4,-2,2
18114,18114,1503612599270,-4,-2,0,1,21,-3,2,-2
18115,18115,1503612599278,-1,-4,-2,1,14,7,8,5
18116,18116,1503612599287,7,2,-3,-3,-12,-3,2,1
18117,18117,1503612599301,-2,1,3,1,-2,-2,-4,1
18118,18118,1503612599307,-2,-2,-1,3,4,6,-5,-5
18119,18119,1503612599316,6,12,2,4,-12,-6,1,4
18120,18120,1503612599330,3,-7,-2,-3,-6,6,3,3
18121,18121,1503612599338,0,2,1,2,-13,-5,-4,-2
18122,18122,1503612599345,-4,-2,0,-2,-12,-6,-9,-7
18123,18123,1503612599362,-6,10,5,-2,-9,-4,-9,-4
18124,18124,1503612599367,-5,4,0,1,6,3,1,-3
18125,18125,1503612599376,4,-7,-5,-1,-5,0,4,0
18126,18126,1503612599390,2,9,0,0,-5,3,2,3
18127,18127,1503612599398,-19,-5,-3,-1,0,2,6,-3
18128,18128,1503612599405,-2,-13,-6,-2,5,-5,-1,-4
18129,18129,1503612599424,4,2,0,-3,1,-6,-3,5
18130,18130,1503612599428,5,12,2,-3,-5,-5,-13,-4
18131,18131,1503612599435,-11,3,1,2,5,2,4,-4
18132,18132,1503612599436,3,-4,-1,-1,-6,-2,4,-1
18133,18133,1503612599450,1,-6,-2,-1,0,-1,-4,2
18134,18134,1503612599458,8,-3,-1,1,11,12,5,0
18135,18135,1503612599466,2,9,1,-2,1,0,4,-2
18136,18136,1503612599480,-7,-3,-1,-1,0,0,1,-2
18137,18137,1503612599481,1,-1,-3,-2,-5,-5,-2,2
18138,18138,1503612599488,-5,-17,-4,-3,-6,3,-3,-7
18139,18139,1503612599496,1,0,3,1,-1,-4,-2,-3
18140,18140,1503612599510,-2,-4,-2,-2,-6,-4,-2,-2
18141,18141,1503612599518,-5,-5,-1,-1,0,-5,-6,-81
18142,18142,1503612599526,8,4,-4,1,-1,1,0,4
18143,18143,1503612599540,-4,-4,-3,-5,1,1,0,-5
18144,18144,1503612599541,-2,3,-2,-1,-4,-3,-8,19
18145,18145,1503612599547,0,-5,1,4,15,5,4,-9
18146,18146,1503612599557,-3,-4,1,-3,-3,3,0,15
18147,18147,1503612599570,0,-2,-3,-3,-6,-5,2,11
18148,18148,1503612599578,-1,0,-1,-1,-13,-5,-3,9
18149,18149,1503612599592,-4,-2,-1,0,7,4,1,2
18150,18150,1503612599601,2,2,0,-1,0,-2,3,5
18151,18151,1503612599607,-1,-4,5,6,5,0,-6,-6
18152,18152,1503612599615,-6,-5,-4,-2,-6,-4,-8,-15
18153,18153,1503612599616,-1,-3,-2,0,2,4,2,11
18154,18154,1503612599631,-2,-2,0,-4,-9,-9,-1,7
18155,18155,1503612599638,-3,-3,0,3,11,6,5,6
18156,18156,1503612599645,6,12,0,-1,-3,-1,2,-2
18157,18157,1503612599646,-12,-4,-4,-5,-4,1,2,-7
18158,18158,1503612599661,-1,-4,-5,-2,5,-3,2,4
18159,18159,1503612599668,-2,-5,-2,-1,0,-3,-1,-2
18160,18160,1503612599676,-5,-2,-1,-2,-3,-7,-3,-1
18161,18161,1503612599693,-5,-3,0,0,2,-1,1,0
18162,18162,1503612599698,5,-1,-1,-3,-15,-6,1,1
18163,18163,1503612599714,3,-1,-1,-1,8,0,-3,-7
18164,18164,1503612599723,4,0,1,0,7,2,-3,1
18165,18165,1503612599729,4,-1,0,-2,-7,-3,0,3
18166,18166,1503612599736,0,3,4,6,13,2,0,-3
18167,18167,1503612599751,0,0,-1,1,12,4,-1,1
18168,18168,1503612599759,1,0,-1,-4,-7,0,-3,5
18169,18169,1503612599774,0,-2,-3,-1,-7,-3,-4,0
18170,18170,1503612599781,-1,-2,-2,-2,2,2,-2,3
18171,18171,1503612599797,-3,-2,1,1,3,0,0,3
18172,18172,1503612599798,-4,-6,-1,0,0,-1,0,-3
18173,18173,1503612599803,2,13,5,6,-1,-1,2,0
18174,18174,1503612599811,6,-3,-3,-4,2,-1,-6,-8
18175,18175,1503612599818,2,-2,-3,-1,-6,-5,-3,-9
18176,18176,1503612599835,1,1,-2,-2,-6,1,1,0
18177,18177,1503612599840,-1,-2,-2,-2,-1,3,-2,2
18178,18178,1503612599849,-1,2,-1,-2,0,0,3,4
18179,18179,1503612599866,-2,-2,-3,-3,-4,-2,3,0
18180,18180,1503612599871,0,7,2,-1,-2,-1,-1,-3
18181,18181,1503612599878,-2,-5,-2,-2,-2,1,-3,0
18182,18182,1503612599894,3,18,5,-1,-10,-5,1,3
18183,18183,1503612599901,-2,-2,0,-3,-1,2,4,2
18184,18184,1503612599909,-8,-8,-4,-1,-8,-8,-4,-5
18185,18185,1503612599929,1,3,-1,0,5,-1,4,7
18186,18186,1503612599933,-2,0,1,0,1,-1,-1,1
18187,18187,1503612599938,-1,-5,-6,-4,-6,-3,-5,-7
18188,18188,1503612599968,-4,2,1,-2,-2,-2,-5,-1
18189,18189,1503612599970,-2,-2,-1,-4,-3,1,5,4
18190,18190,1503612599983,-2,-2,-2,-1,-8,-7,-7,-3
18191,18191,1503612599992,-6,-7,-5,-4,-1,-5,-12,-12
18192,18192,1503612599999,-2,0,-1,-2,-10,-7,-4,-7
18193,18193,1503612600014,2,5,2,2,-8,3,4,7
18194,18194,1503612600021,-3,-4,-2,-1,6,-3,-5,-4
18195,18195,1503612600029,0,-2,-2,3,8,3,7,6
18196,18196,1503612600043,-3,-3,-2,1,-4,-4,-3,-6
18197,18197,1503612600052,-3,-1,-1,-1,4,1,-5,-3
18198,18198,1503612600058,1,1,0,0,2,2,3,0
18199,18199,1503612600074,1,2,2,-1,9,5,0,-7
18200,18200,1503612600081,0,-4,-4,-2,9,6,13,9
18201,18201,1503612600089,-19,4,1,1,0,-1,0,3
18202,18202,1503612600103,-1,1,1,1,7,1,-7,-9
18203,18203,1503612600111,-2,-10,-5,-1,-4,1,3,-1
18204,18204,1503612600118,-1,-1,-4,-5,-12,-11,-6,2
18205,18205,1503612600135,-7,-12,-7,-7,-11,-8,-21,-26
18206,18206,1503612600141,8,0,-1,-4,-5,1,6,6
18207,18207,1503612600157,9,9,4,6,15,1,10,5
18208,18208,1503612600163,-4,-4,0,-1,1,-4,-4,1
18209,18209,1503612600171,4,-1,-2,-2,-1,-3,2,5
18210,18210,1503612600178,-1,0,2,2,4,-4,2,6
18211,18211,1503612600194,3,-2,-2,-3,-5,-1,-6,-4
18212,18212,1503612600201,-7,6,4,0,-5,2,-4,-8
18213,18213,1503612600216,1,-3,-2,-2,-6,-10,-4,0
18214,18214,1503612600227,1,-5,-3,-3,-22,-6,-1,0
18215,18215,1503612600231,4,2,2,-6,-17,0,2,10
18216,18216,1503612600238,0,1,2,5,14,7,0,-6
18217,18217,1503612600254,2,1,2,5,7,-6,6,5
18218,18218,1503612600261,4,8,-2,-4,-8,-2,-9,-8
18219,18219,1503612600269,-7,9,6,3,4,0,3,4
18220,18220,1503612600283,-2,-4,-2,2,15,11,2,2
18221,18221,1503612600293,8,-5,-10,-12,-14,-12,-13,-4
18222,18222,1503612600298,0,-2,-1,-2,1,0,4,5
18223,18223,1503612600314,-1,-8,-1,3,6,6,1,-4
18224,18224,1503612600321,-7,12,6,2,-4,-3,-9,-14
18225,18225,1503612600329,-2,-2,1,4,3,4,-4,-4
18226,18226,1503612600343,4,-4,0,4,6,5,6,2
18227,18227,1503612600351,0,2,1,0,11,14,1,2
18228,18228,1503612600360,-3,-5,0,0,15,6,-1,0
18229,18229,1503612600374,1,-4,-2,-3,-15,-3,5,8
18230,18230,1503612600381,-3,2,2,-1,-15,-8,-5,-3
18231,18231,1503612600389,-1,0,-3,-1,2,-1,3,0
18232,18232,1503612600403,2,11,-1,-2,-1,-4,-2,-1
18233,18233,1503612600411,-3,-5,-1,-2,-1,-2,1,-3
18234,18234,1503612600418,10,4,-2,-2,-3,-3,-4,-3
18235,18235,1503612600434,2,4,-3,-5,-7,-2,1,1
18236,18236,1503612600441,-1,-8,-5,-5,-9,-3,-3,4
18237,18237,1503612600456,-7,-5,-1,0,0,1,-5,-8
18238,18238,1503612600463,0,-7,-5,-3,0,3,9,9
18239,18239,1503612600471,-1,0,-1,4,2,1,-3,0
18240,18240,1503612600478,-6,-9,-1,-4,3,0,3,0
18241,18241,1503612600496,-3,1,2,0,3,-2,-2,-5
18242,18242,1503612600501,2,-6,-5,-3,-5,-6,-1,-5
18243,18243,1503612600508,-10,0,0,1,1,-9,4,-3
18244,18244,1503612600523,3,-11,-3,1,-1,0,-3,25
18245,18245,1503612600531,1,-3,-2,-2,-10,-2,3,2
18246,18246,1503612600538,1,3,-1,-1,5,5,2,12
18247,18247,1503612600554,-3,-2,0,-2,2,2,-4,-1
18248,18248,1503612600562,-4,-2,0,1,3,3,-2,-9
18249,18249,1503612600569,3,-5,-1,2,6,5,6,4
18250,18250,1503612600584,-9,5,2,3,-8,-7,-4,-11
18251,18251,1503612600591,1,1,-1,-3,-1,-3,-11,-1
18252,18252,1503612600598,-1,-1,0,0,-5,-2,8,-1
18253,18253,1503612600614,5,5,1,-2,-3,-3,-3,-3
18254,18254,1503612600621,-6,4,1,-2,5,2,-3,-11
18255,18255,1503612600632,-4,-2,-2,-1,-10,-2,-3,-2
18256,18256,1503612600643,1,-4,-3,-1,-2,-3,-4,1
18257,18257,1503612600651,2,-4,-2,0,4,8,3,-4
18258,18258,1503612600658,-4,-4,-2,-3,-3,-1,-7,-7
18259,18259,1503612600674,13,13,4,4,2,-4,2,3
18260,18260,1503612600681,4,8,4,-1,0,0,2,-5
18261,18261,1503612600689,-3,3,5,1,1,0,1,3
18262,18262,1503612600704,0,10,-1,0,-6,-1,0,-2
18263,18263,1503612600711,1,-6,-4,-1,1,3,4,2
18264,18264,1503612600726,0,0,0,0,1,-1,0,-4
18265,18265,1503612600736,-3,0,-2,-1,7,2,-5,-6
18266,18266,1503612600741,0,-11,-5,-3,2,1,3,4
18267,18267,1503612600756,-6,8,6,2,-1,-2,1,2
18268,18268,1503612600764,-2,-1,-1,-2,-4,-1,2,1
18269,18269,1503612600774,1,-4,-5,-2,-13,-6,-5,-5
18270,18270,1503612600786,-1,-1,-4,-3,-5,0,9,4
18271,18271,1503612600794,-1,-9,-7,-4,-6,-5,-2,0
18272,18272,1503612600802,-3,-1,-1,1,4,-3,-4,0
18273,18273,1503612600816,-2,0,0,-3,-12,-9,-4,3
18274,18274,1503612600823,-1,0,0,0,4,4,-1,5
18275,18275,1503612600832,-5,4,-1,-2,2,-1,0,1
18276,18276,1503612600846,0,-2,1,1,1,0,0,-3
18277,18277,1503612600854,4,-2,2,3,1,0,-4,-5
18278,18278,1503612600862,-4,-1,4,3,12,5,-2,-6
18279,18279,1503612600876,-8,-14,-5,-3,3,0,1,-1
18280,18280,1503612600883,-3,-7,-2,-1,-2,-3,-5,-1
18281,18281,1503612600891,-2,1,1,-1,2,6,3,4
18282,18282,1503612600906,0,3,1,0,2,0,-2,-4
18283,18283,1503612600914,0,1,-2,4,14,2,-1,-3
18284,18284,1503612600921,1,2,0,1,5,4,-2,-2
18285,18285,1503612600936,12,4,0,-2,-3,1,-3,-4
18286,18286,1503612600943,5,-7,-5,-3,-15,-6,-2,3
18287,18287,1503612600951,-1,8,4,3,-9,-3,1,5
18288,18288,1503612600966,-7,-1,-2,-4,-6,-3,-3,-6
18289,18289,1503612600973,2,-12,-5,-6,-29,-9,0,3
18290,18290,1503612600974,5,2,0,0,27,3,0,2
18291,18291,1503612600980,-4,1,2,-2,0,5,-3,-5
18292,18292,1503612600981,2,-2,0,0,-7,-4,1,0
18293,18293,1503612600998,-6,-3,-1,-2,-13,-4,-4,-4
18294,18294,1503612601003,3,5,0,-1,4,-1,-1,3
18295,18295,1503612601011,1,0,1,1,-5,1,0,-2
18296,18296,1503612601026,-4,-3,-2,-4,-7,-2,-5,-4
18297,18297,1503612601034,-2,-4,-1,-1,-1,1,-3,-3
18298,18298,1503612601041,-2,-2,-2,-3,0,0,-4,-8
18299,18299,1503612601056,-15,5,-2,-2,-2,-1,-1,-4
18300,18300,1503612601064,0,-3,-1,3,4,2,7,2
18301,18301,1503612601072,-4,9,4,-1,-4,-1,0,0
18302,18302,1503612601086,-1,3,-1,-1,-4,-2,-7,-6
18303,18303,1503612601094,3,-5,-3,0,0,-3,1,2
18304,18304,1503612601101,0,-3,2,3,-2,-2,-3,0
18305,18305,1503612601116,-1,-5,-3,-4,-7,-3,-3,-4
18306,18306,1503612601123,1,-5,-3,-4,-17,-5,1,-1
18307,18307,1503612601134,2,-3,-3,-2,0,5,3,2
18308,18308,1503612601146,-3,1,1,-1,-9,-2,0,4
18309,18309,1503612601153,-3,-2,-1,0,8,1,0,-1
18310,18310,1503612601154,8,-6,-5,1,1,1,-1,1
18462,18462,1503612602600,-8,9,7,-1,-2,-2,-5,-5
18463,18463,1503612602613,-10,-11,-5,-2,-1,1,6,-14
18464,18464,1503612602616,12,-12,-6,-1,-1,-2,0,5
18465,18465,1503612602630,3,-2,-3,-1,-3,-1,-4,8
18466,18466,1503612602638,-6,-10,-5,-3,-1,-2,3,10
18467,18467,1503612602646,7,0,-3,-2,1,-1,1,20
18468,18468,1503612602660,1,-4,-1,1,0,0,0,-1
18469,18469,1503612602668,7,7,4,3,0,-3,-11,-7
18470,18470,1503612602682,-4,-1,-1,-1,0,-1,6,0
18471,18471,1503612602690,4,9,-2,-1,-2,-1,0,-18
18472,18472,1503612602698,-6,19,7,3,1,-1,-2,-16
18473,18473,1503612602705,10,-2,-3,-1,-3,-2,-3,-3
18474,18474,1503612602720,-1,-9,-7,-5,-4,-2,-5,-10
18475,18475,1503612602728,-9,-3,3,1,1,1,2,14
18476,18476,1503612602736,-2,-7,-4,1,-2,1,6,42
18477,18477,1503612602750,-2,-8,0,0,1,-1,2,18
18478,18478,1503612602758,-7,8,3,-3,-2,-2,-5,-21
18479,18479,1503612602767,-16,4,1,-2,0,0,4,3
18480,18480,1503612602781,24,-14,-5,-1,-2,0,-4,2
18481,18481,1503612602788,-5,-2,0,-1,-2,-1,-12,-26
18482,18482,1503612602796,-4,-5,-6,-1,0,-1,0,-8
18483,18483,1503612602811,0,-12,-6,-1,0,1,3,-10
18484,18484,1503612602819,21,3,2,-1,-1,-2,-5,10
18485,18485,1503612602826,-5,-1,-1,1,-1,-2,-5,-9
18486,18486,1503612602840,-19,5,2,2,0,-1,-1,-23
18487,18487,1503612602849,7,-2,-2,-3,-2,-2,0,4
18488,18488,1503612602856,-8,4,0,-1,-1,-2,-4,25
18489,18489,1503612602870,-5,2,-5,-4,-2,-1,6,20
18490,18490,1503612602878,-2,-5,-3,-2,-1,0,-2,10
18491,18491,1503612602892,4,1,0,0,0,1,2,14
18492,18492,1503612602901,16,-6,-3,-2,-2,-1,0,-14
18493,18493,1503612602908,7,-2,1,0,-1,0,4,2
18494,18494,1503612602916,-14,-6,-2,0,0,-1,0,-4
18495,18495,1503612602930,16,2,-2,-1,-1,2,1,11
18496,18496,1503612602938,0,-2,-1,-2,-2,1,3,-6
18497,18497,1503612602946,-8,2,1,0,2,-1,-2,4
18498,18498,1503612602960,-1,-2,-2,-2,0,0,0,-10
18499,18499,1503612602961,-5,-1,-1,-1,2,-1,2,-12
18500,18500,1503612602968,25,-2,-1,-1,-2,-1,-2,-3
18501,18501,1503612602980,-2,3,1,1,0,1,-2,-2
18502,18502,1503612602990,16,-8,-4,-2,0,-2,-5,-1
18503,18503,1503612602998,0,18,6,1,-1,1,-2,-2
18504,18504,1503612603006,-13,0,-1,-1,-1,0,3,0
18505,18505,1503612603022,-12,-8,-6,-3,-2,-2,-3,-48
18506,18506,1503612603028,8,31,10,2,2,0,1,-5
18507,18507,1503612603036,-4,-8,-2,0,-3,-1,-2,7
18508,18508,1503612603050,2,-2,-1,1,0,0,-1,-7
18509,18509,1503612603058,-9,-9,-2,-1,0,-1,2,12
18510,18510,1503612603065,-16,-3,-4,-3,-2,-2,-2,3
18511,18511,1503612603081,12,7,0,1,-1,2,-1,10
18512,18512,1503612603090,-18,-2,-1,-2,-2,-3,-2,-2
18513,18513,1503612603097,3,1,0,0,-1,-1,-1,3
18514,18514,1503612603114,2,-12,-3,-1,-2,1,0,4
18515,18515,1503612603118,13,20,9,0,1,1,0,15
18516,18516,1503612603126,-4,-8,-1,1,0,0,-1,-7
18517,18517,1503612603141,-11,-12,-5,-2,0,-1,-2,-3
18518,18518,1503612603148,-1,5,1,-1,0,-1,-2,-13
18519,18519,1503612603156,-4,-3,-4,-2,-2,-1,0,-8
18520,18520,1503612603170,10,-1,-3,-3,-3,0,0,7
18521,18521,1503612603180,-3,-9,-2,1,-1,0,2,3
18522,18522,1503612603186,-12,-10,-2,-1,-1,-4,-2,-3
18523,18523,1503612603200,-8,30,8,0,-3,-3,-6,-8
18524,18524,1503612603208,0,14,2,-2,-1,-2,-1,31
18525,18525,1503612603216,5,-6,-5,-2,-2,0,2,5
18526,18526,1503612603230,-9,0,1,0,0,-1,0,-4
18527,18527,1503612603238,8,-12,-5,-2,0,-1,1,-7
18528,18528,1503612603247,-9,-10,-4,0,-2,2,1,-7
18529,18529,1503612603260,-7,-6,-2,-2,0,-1,0,-5
18530,18530,1503612603268,5,-1,2,2,1,1,4,-9
18531,18531,1503612603276,2,-4,-2,-1,-1,-1,-3,8
18532,18532,1503612603290,2,0,0,-2,-1,-1,2,-2
18533,18533,1503612603298,-2,-10,-3,-2,-1,0,0,4
18534,18534,1503612603305,-2,0,1,1,-1,2,6,12
18535,18535,1503612603320,23,-5,-6,-2,-1,-1,-3,9
18536,18536,1503612603328,-1,-12,-7,-4,-1,-2,-3,-8
18537,18537,1503612603336,-13,2,9,2,-1,0,4,0
18538,18538,1503612603351,8,3,1,-2,0,-2,-3,-10
18539,18539,1503612603358,-3,6,0,1,1,1,3,0
18540,18540,1503612603365,-10,1,-1,-1,-1,-1,-7,-8
18541,18541,1503612603381,11,-1,-1,-2,-2,0,5,5
18542,18542,1503612603382,-8,-2,-2,-2,-1,-4,-5,-2
18543,18543,1503612603388,-17,-2,-3,-1,-1,-2,-5,-9
18544,18544,1503612603396,-9,-6,-2,4,5,3,-1,-7
18545,18545,1503612603410,5,1,0,-1,-2,1,2,12
18546,18546,1503612603419,0,1,-2,-2,-2,0,11,9
18547,18547,1503612603425,0,0,1,-2,-6,-3,-15,-1
18548,18548,1503612603426,-2,0,3,5,10,2,5,-10
18549,18549,1503612603440,-7,-6,-6,-1,-2,-2,-2,8
18550,18550,1503612603449,11,-7,-5,-3,-4,-3,-1,-4
18551,18551,1503612603458,-3,-4,-3,-1,-1,-1,-1,-10
18552,18552,1503612603470,-3,-6,-2,-1,-4,0,3,-1
18553,18553,1503612603478,4,2,-3,-3,-7,-2,-2,15
18554,18554,1503612603487,3,5,1,1,-1,-1,-3,-6
18555,18555,1503612603500,2,1,1,-1,-4,-3,-3,-6
18556,18556,1503612603508,8,1,0,-1,1,-2,-10,3
18557,18557,1503612603524,5,1,0,-2,1,1,2,-19
18558,18558,1503612603530,-6,1,-1,-2,1,-1,0,-5
18559,18559,1503612603538,-13,-1,2,0,2,0,-2,-2
18560,18560,1503612603553,-5,3,-2,-1,-2,1,-3,1
18561,18561,1503612603561,0,10,5,-1,1,-4,0,0
18562,18562,1503612603568,10,-2,-2,1,-1,-3,-3,2
18563,18563,1503612603584,1,-4,-4,-1,0,-1,3,-3
18564,18564,1503612603590,3,1,1,0,0,0,-4,10
18565,18565,1503612603598,2,-2,0,-1,-3,-1,-4,0
18566,18566,1503612603612,-10,-2,-1,-2,-1,-1,1,-2
18567,18567,1503612603621,-13,-2,-1,0,1,-1,-6,-1
18568,18568,1503612603628,-3,4,2,1,-1,0,0,9
18569,18569,1503612603643,2,4,3,0,0,0,-2,-2
18570,18570,1503612603650,-2,-2,-2,-4,-3,-2,-2,-4
18571,18571,1503612603659,0,-11,-7,-3,-1,-2,-2,-6
18572,18572,1503612603673,-2,-4,-1,-1,0,1,-1,-14
18573,18573,1503612603680,-10,-12,-8,-4,-3,0,-1,-2
18574,18574,1503612603688,-3,-1,2,1,1,-1,-3,10
18575,18575,1503612603703,3,1,-1,-1,0,-1,-1,5
18576,18576,1503612603710,0,1,0,-2,-7,-5,0,-2
18577,18577,1503612603719,4,-1,-1,0,1,0,-1,-3
18578,18578,1503612603732,-3,5,2,3,5,-3,-1,-16
18579,18579,1503612603740,1,4,3,1,-1,-2,-2,-5
18580,18580,1503612603748,4,-2,-3,0,-4,9,5,-10
18581,18581,1503612603768,-15,1,-1,1,1,2,-3,-12
18582,18582,1503612603778,-7,3,-1,-4,-1,-3,1,-3
18583,18583,1503612603780,-5,3,5,-1,-4,-3,0,-6
18584,18584,1503612603793,-5,-12,-3,-2,0,-2,0,5
18585,18585,1503612603800,6,-4,-4,-2,-2,-3,-3,-5
18586,18586,1503612603808,1,-2,-1,-1,-2,-4,0,-6
18587,18587,1503612603827,9,3,0,-2,-1,-1,-8,-12
18588,18588,1503612603830,-4,11,2,-1,0,1,2,-3
18589,18589,1503612603831,-5,-1,-4,-1,-1,11,3,-8
18590,18590,1503612603838,6,-4,-1,0,-2,3,5,0
18591,18591,1503612603854,-10,2,2,1,2,-2,-6,-24
18592,18592,1503612603860,5,2,2,-1,-1,1,7,-9
18593,18593,1503612603861,-8,-1,3,1,2,-2,-13,0
18594,18594,1503612603868,-10,16,2,-1,-2,-2,-1,28
18595,18595,1503612603885,-8,-15,-6,-1,-3,-3,2,0
18596,18596,1503612603891,13,0,7,2,2,-2,-4,2
18597,18597,1503612603898,2,8,1,0,-3,-1,1,15
18598,18598,1503612603913,4,-8,-4,-3,2,1,3,12
18599,18599,1503612603921,5,-9,-3,-2,-3,-1,-7,3
18600,18600,1503612603928,5,1,-1,0,-5,-6,-14,-3
18601,18601,1503612603943,3,2,-2,0,4,2,4,11
18602,18602,1503612603952,4,3,1,0,3,1,5,9
18603,18603,1503612603960,-1,2,0,-2,-1,-2,2,-7
18604,18604,1503612603972,0,-11,-5,-3,-1,-3,1,-11
18605,18605,1503612603980,5,6,1,0,2,2,4,3
18606,18606,1503612603988,6,0,0,0,-3,0,1,10
18607,18607,1503612604003,-1,2,-2,-1,-1,0,-3,-16
18608,18608,1503612604010,-3,-4,-3,-2,-2,-2,-2,-13
18609,18609,1503612604019,-6,-5,-1,1,-2,-1,2,-3
18610,18610,1503612604032,4,6,3,-1,1,-3,-10,-2
18611,18611,1503612604040,-6,4,1,-3,1,6,0,-2
18612,18612,1503612604048,-4,-4,-4,0,-1,-2,2,3
18613,18613,1503612604063,18,-9,-3,-2,-2,-3,1,9
18614,18614,1503612604070,3,11,4,1,-1,-3,2,-1
18615,18615,1503612604078,-15,-3,-5,-3,-3,-5,-3,2
18616,18616,1503612604093,-6,-8,-4,-4,2,-1,2,-6
18617,18617,1503612604101,0,1,0,-1,-1,0,0,0
18618,18618,1503612604108,4,-3,0,-1,-3,-1,2,2
18619,18619,1503612604124,3,4,1,0,1,-1,-1,9
18620,18620,1503612604130,3,1,-2,0,-1,2,3,-1
18621,18621,1503612604145,-4,-1,-1,-1,1,-2,-6,-13
18622,18622,1503612604154,-8,5,5,3,0,-1,0,-1
18623,18623,1503612604162,0,-1,3,1,2,-1,1,-1
18624,18624,1503612604168,-7,-5,-4,-1,-2,-3,-3,-1
18625,18625,1503612604183,4,0,-2,-1,-1,1,2,3
18626,18626,1503612604191,-2,-3,0,-3,-8,-2,0,-3
18627,18627,1503612604198,-8,-3,-2,0,0,0,4,5
18628,18628,1503612604212,-2,-2,-2,-2,-2,2,4,19
18629,18629,1503612604221,-1,2,1,0,-3,-3,0,-3
18630,18630,1503612604229,1,10,2,0,0,-1,1,1
18631,18631,1503612604243,-1,1,-1,-1,-3,-4,-3,6
18632,18632,1503612604250,2,-15,-7,-2,1,1,0,-3
18633,18633,1503612604259,11,-10,-6,-3,0,-1,2,-34
18634,18634,1503612604272,1,13,5,-1,0,-3,-7,-23
18635,18635,1503612604280,4,-10,-1,0,2,1,-3,5
18636,18636,1503612604288,-8,-1,0,0,1,-1,1,-1
18637,18637,1503612604303,1,-3,0,-1,-2,-5,-7,6
18638,18638,1503612604310,-4,1,-1,-1,1,-1,10,3
18639,18639,1503612604318,-4,7,2,-2,-1,-3,-8,-2
18640,18640,1503612604332,-3,-1,-4,-1,2,-2,-4,9
18641,18641,1503612604340,0,3,0,0,-1,0,4,-9
18642,18642,1503612604348,7,-10,-3,-1,1,3,-1,-3
18643,18643,1503612604364,-1,4,-1,1,1,1,-1,14
18644,18644,1503612604370,-2,-5,-4,-2,0,0,-1,-2
18645,18645,1503612604379,-5,2,1,-1,0,-1,-3,-3
18646,18646,1503612604393,2,-3,1,0,-2,-3,0,3
18647,18647,1503612604400,-2,-1,0,1,0,0,1,3
18648,18648,1503612604408,2,-1,0,-1,0,-2,-10,-5
18649,18649,1503612604423,0,-6,-2,0,2,3,6,5
18650,18650,1503612604431,2,-14,-4,-2,-4,-2,3,-5
18651,18651,1503612604445,-8,10,3,0,-5,-2,1,-3
18652,18652,1503612604452,-3,-1,-2,-1,-3,-3,-3,-3
18653,18653,1503612604460,3,-3,0,-2,-3,-2,-5,-5
18654,18654,1503612604475,-1,3,2,0,0,0,0,-2
18655,18655,1503612604483,-1,-2,-3,0,3,0,1,3
18656,18656,1503612604490,-4,-2,-3,-3,-3,-2,-5,-6
18657,18657,1503612604491,-1,2,-1,-1,0,-1,1,0
18658,18658,1503612604505,24,0,0,-2,-2,-3,-1,11
18659,18659,1503612604512,3,4,-2,1,1,1,1,20
18660,18660,1503612604523,-9,-7,-4,-1,-2,-3,-3,0
18661,18661,1503612604535,-9,4,2,-1,-1,-1,-4,-8
18662,18662,1503612604543,0,-1,0,1,1,1,4,15
18663,18663,1503612604549,-15,-8,-3,-1,-2,-2,-1,-2
18664,18664,1503612604550,19,1,-3,0,0,-2,-3,5
18665,18665,1503612604565,-7,-6,-2,-1,0,-1,-10,-12
18666,18666,1503612604572,-1,-6,-3,-2,-4,-3,-7,19
18667,18667,1503612604580,2,6,0,1,-1,0,6,7
18668,18668,1503612604595,-5,2,0,0,0,0,-3,-28
18669,18669,1503612604603,-2,3,3,1,0,1,-5,1
18670,18670,1503612604609,-2,-3,-1,-1,-1,0,6,-10
18671,18671,1503612604626,2,-1,-2,-2,-3,-3,1,-4
18672,18672,1503612604632,3,-2,-3,2,2,-1,-4,3
18673,18673,1503612604640,16,15,2,-2,-1,-1,-2,-14
18674,18674,1503612604658,3,-1,0,-5,-5,-4,5,20
18675,18675,1503612604663,1,-4,-5,-1,-1,1,7,13
18676,18676,1503612604669,4,-5,-1,-3,-1,0,-1,14
18677,18677,1503612604670,-6,7,1,-1,-2,1,-6,-14
18678,18678,1503612604685,-5,-4,2,0,3,0,-2,-7
18679,18679,1503612604693,-8,-7,-4,-3,-3,-1,5,-5
18680,18680,1503612604700,-3,1,0,0,2,1,-1,-3
18681,18681,1503612604715,10,0,-2,0,4,1,-5,-2
18682,18682,1503612604726,-5,-7,-3,0,-2,1,-2,-8
18683,18683,1503612604730,5,9,1,0,-1,0,2,-14
18684,18684,1503612604745,-7,-9,-1,-3,-2,-1,3,24
18685,18685,1503612604752,-6,6,0,0,0,-2,-8,-4
18686,18686,1503612604766,-13,0,-1,-3,-3,-2,-2,9
18687,18687,1503612604775,1,-3,0,0,2,3,3,-2
18688,18688,1503612604783,-4,6,2,-1,2,-1,-2,-11
18689,18689,1503612604792,1,0,-1,0,3,0,-1,2
18690,18690,1503612604805,4,1,2,0,-1,-1,6,11
18691,18691,1503612604806,-8,-6,-3,-3,-3,-3,-6,-34
18692,18692,1503612604812,-8,-11,-1,-3,-1,0,0,-34
18693,18693,1503612604820,4,4,-2,-2,-1,-2,-1,17
18694,18694,1503612604835,1,-5,0,0,-1,-2,-2,30
18695,18695,1503612604843,14,1,-1,1,0,-1,-3,-26
18696,18696,1503612604849,0,3,-1,-2,-1,-2,4,29
18697,18697,1503612604850,-3,-9,-1,0,-3,1,4,8
18698,18698,1503612604866,10,6,-3,-1,-4,1,1,15
18699,18699,1503612604872,-5,5,-3,-2,0,-1,-2,0
18700,18700,1503612604880,-17,-10,-4,-1,0,0,-1,-6
18701,18701,1503612604898,-5,-4,-2,-3,-3,-1,-2,-1
18702,18702,1503612604903,1,4,4,6,3,0,0,17
18703,18703,1503612604910,-6,-2,-2,-1,-3,-2,-5,-12
18704,18704,1503612604927,5,-10,-2,-1,-3,-2,-4,0
18705,18705,1503612604934,14,-5,-5,-1,3,2,7,6
18706,18706,1503612604940,-5,-11,-2,-1,-1,-5,-7,9
18707,18707,1503612604956,-6,8,4,0,-1,-1,-3,1
18708,18708,1503612604963,-2,0,-3,-1,0,3,7,24
18709,18709,1503612604978,-3,-6,-4,-1,2,-1,-4,-3
18710,18710,1503612604985,2,3,1,-2,-2,-1,1,4
18711,18711,1503612604995,-3,-2,1,0,0,2,4,13
18712,18712,1503612605000,-1,0,-1,-1,-2,0,1,-7
18713,18713,1503612605016,-7,6,6,2,-2,-1,4,-16
18714,18714,1503612605023,6,2,0,-1,-2,-1,1,-5
18715,18715,1503612605038,3,1,0,-1,-3,-4,-5,-3
18716,18716,1503612605045,-3,6,1,-1,0,-1,2,-27
18717,18717,1503612605053,0,1,-1,-1,1,0,1,9
18718,18718,1503612605062,0,0,0,-1,-1,0,-1,1
18719,18719,1503612605076,-16,-4,0,-1,-1,-1,-4,-6
18720,18720,1503612605083,-8,28,6,1,2,-2,-2,4
18721,18721,1503612605099,1,-5,-2,-2,-5,-2,-6,-5
18722,18722,1503612605105,0,-11,-4,0,-1,-1,-1,11
18723,18723,1503612605113,3,4,-2,-1,1,1,-2,-7
18724,18724,1503612605120,-2,-5,-3,-5,-2,-1,-11,-41
18725,18725,1503612605136,19,-2,-3,-3,-1,-2,-6,6
18726,18726,1503612605143,-2,-5,-3,-1,-4,-3,-2,0
18727,18727,1503612605162,0,-1,1,-2,-2,-3,-1,-5
18728,18728,1503612605166,-8,1,0,0,-1,0,6,-12
18729,18729,1503612605173,-5,-2,-2,1,-1,-1,-6,-5
18730,18730,1503612605180,13,-3,-1,-1,1,1,4,21
18731,18731,1503612605197,-1,1,1,0,1,0,0,0
18732,18732,1503612605203,-10,-4,-3,-1,1,1,-4,-7
18733,18733,1503612605218,3,22,6,2,1,1,-1,6
18734,18734,1503612605227,2,-2,0,1,0,0,3,1
18735,18735,1503612605233,-7,-11,-3,-2,-2,0,0,6
18736,18736,1503612605240,4,1,1,0,0,-5,-3,-3
18737,18737,1503612605256,-12,-8,-3,0,-2,-4,-6,-39
18738,18738,1503612605263,-3,0,2,-1,-2,-1,4,6
18739,18739,1503612605278,10,-2,1,-1,0,0,-3,10
18740,18740,1503612605285,12,6,2,-1,-2,0,4,13
18741,18741,1503612605297,17,3,-1,-3,0,0,5,12
18742,18742,1503612605300,-4,-7,-3,-3,-1,2,2,7
18743,18743,1503612605316,-4,-2,0,-1,-1,-1,1,4
18744,18744,1503612605323,-3,-5,-3,1,-1,-1,-7,-4
18745,18745,1503612605339,-8,-2,-2,-1,4,0,9,1
18746,18746,1503612605345,-10,1,0,2,3,2,-5,-36
18747,18747,1503612605353,-14,-5,-4,0,-3,-1,1,5
18748,18748,1503612605369,-4,2,-3,-3,0,-1,-1,22
18749,18749,1503612605376,3,-3,-2,0,-1,-1,-3,-6
18750,18750,1503612605383,-4,-4,-3,0,-4,-4,-3,-9
18751,18751,1503612605399,0,-3,1,0,1,0,2,6
18752,18752,1503612605405,-1,0,0,2,7,2,-2,2
18753,18753,1503612605413,-3,1,-1,-2,-5,0,3,-7
18754,18754,1503612605429,1,-3,-2,-2,-3,-2,-6,-21
18755,18755,1503612605437,-1,36,12,2,1,-2,-2,2
18756,18756,1503612605443,-6,-1,-3,-3,1,1,3,-3
18757,18757,1503612605458,2,-4,-3,-3,-2,-1,-9,37
18758,18758,1503612605466,-4,-3,0,-2,0,-2,-1,-24
18759,18759,1503612605473,0,-7,-4,-1,-1,-3,-3,-12
18760,18760,1503612605488,0,-4,-2,0,-3,-2,-1,9
18761,18761,1503612605498,-1,-4,-1,0,-3,-2,3,-6
18762,18762,1503612605504,4,3,1,-2,-4,-1,-4,15
18763,18763,1503612605518,-8,-1,0,1,1,3,1,2
18764,18764,1503612605525,-15,-3,-3,-4,-6,1,-6,-10
18765,18765,1503612605533,-1,-15,-6,-2,3,3,0,-22
18766,18766,1503612605548,11,15,7,2,2,0,2,14
18767,18767,1503612605556,1,-3,-5,-1,0,-1,1,-20
18768,18768,1503612605563,-12,-10,1,-1,-6,5,4,3
18769,18769,1503612605578,-1,-5,0,-1,-5,-2,-1,-11
18770,18770,1503612605585,-1,0,-3,-2,-7,-6,-6,25
18771,18771,1503612605586,8,-1,-3,0,-1,-1,-2,8
18772,18772,1503612605593,7,-1,0,1,1,7,11,36
18773,18773,1503612605608,-9,-1,-1,-1,1,-2,1,-8
18774,18774,1503612605623,-3,0,2,0,4,-2,1,-5
18775,18775,1503612605624,3,-2,1,-3,-1,-2,3,26
18776,18776,1503612605639,1,1,-2,-3,-5,-1,2,9
18777,18777,1503612605645,3,-7,-6,-1,-3,-7,-7,-7
18778,18778,1503612605653,5,14,-1,-3,0,-3,1,11
18779,18779,1503612605668,9,0,-2,0,1,-2,-5,-14
18780,18780,1503612605676,-2,-4,-2,-3,-4,-3,-6,-10
18781,18781,1503612605683,-4,3,0,-5,-2,-2,-5,-20
18782,18782,1503612605702,6,4,1,0,-7,-4,-8,-5
18783,18783,1503612605703,-3,-4,-1,1,-2,-3,3,13
18784,18784,1503612605706,6,-3,-3,1,0,1,7,1
18785,18785,1503612605713,-4,-2,-1,-2,-5,-2,-7,-12
18786,18786,1503612605729,-2,1,2,5,7,1,0,-6
18787,18787,1503612605737,1,-1,1,5,4,1,-2,-1
18788,18788,1503612605743,5,3,1,-1,-2,0,-1,1
18789,18789,1503612605758,-18,-8,1,2,2,0,0,-3
18790,18790,1503612605771,-4,-2,-1,-1,-1,0,5,8
18791,18791,1503612605773,-10,-6,-4,-2,-3,0,-2,-19
18792,18792,1503612605788,-5,-3,-3,0,-2,0,-1,-16
18793,18793,1503612605797,6,1,2,-2,-3,-4,-3,-5
18794,18794,1503612605803,18,2,0,0,0,0,2,3
18795,18795,1503612605818,12,0,-1,-1,-3,-2,0,13
18796,18796,1503612605825,-9,-6,0,-3,-4,-2,-6,6
18797,18797,1503612605833,1,2,1,-1,2,1,4,-1
18798,18798,1503612605848,-2,2,-3,-4,-1,1,1,5
18799,18799,1503612605856,5,15,3,1,2,1,-2,-5
18800,18800,1503612605863,-4,-2,-3,-2,0,1,6,10
18801,18801,1503612605878,-4,-10,-8,-7,-10,-6,-8,-7
18802,18802,1503612605885,7,2,2,1,-2,-4,0,-2
18803,18803,1503612605893,4,-2,-1,2,2,2,-4,-6
18804,18804,1503612605909,-6,0,0,2,0,2,6,-28
18805,18805,1503612605916,0,-1,-2,-1,-2,-1,-2,0
18806,18806,1503612605923,-1,-1,-3,-1,2,-2,-4,-3
18807,18807,1503612605938,-3,1,-1,1,2,-1,0,-13
18808,18808,1503612605945,-9,-4,-2,-3,0,-2,-1,10
18809,18809,1503612605953,-3,20,3,-2,-3,-1,-2,-2
18810,18810,1503612605968,0,-2,0,2,0,-3,-11,-8
18811,18811,1503612605976,-7,-12,0,1,1,0,3,7
18812,18812,1503612605983,-5,10,-1,-2,-4,-1,5,17
18813,18813,1503612606000,-1,-8,-2,-1,0,1,6,12
18814,18814,1503612606005,-10,-6,0,3,7,2,-1,-11
18815,18815,1503612606013,6,-4,-3,-3,1,-1,1,6
18816,18816,1503612606028,8,4,-1,0,1,-1,3,0
18817,18817,1503612606039,1,5,3,0,-8,-8,-5,-7
18818,18818,1503612606043,6,-16,-7,-3,0,0,5,3
18819,18819,1503612606044,-7,8,6,1,-3,-3,-7,26
18820,18820,1503612606058,-1,-8,-5,-3,0,-2,2,13
18821,18821,1503612606067,12,-11,-7,-4,-6,-1,-4,12
18822,18822,1503612606073,0,-9,-4,-1,2,0,-7,-7
18823,18823,1503612606088,-7,-2,-1,-3,1,-1,-6,-12
18824,18824,1503612606096,-9,-3,0,0,1,1,6,0
18825,18825,1503612606105,2,-3,-2,-3,-3,-1,0,-13
18826,18826,1503612606118,1,6,1,0,1,1,-1,1
18827,18827,1503612606125,6,-3,-2,1,-1,-2,-1,-2
18828,18828,1503612606134,-4,-12,-5,-2,-1,0,-3,-2
18829,18829,1503612606148,1,-12,-3,-2,-2,-1,3,-4
18830,18830,1503612606156,4,8,3,1,2,3,7,28
18831,18831,1503612606163,2,-2,-2,-5,-5,-4,-8,4
18832,18832,1503612606178,8,4,-2,2,2,0,0,-6
18833,18833,1503612606185,5,-4,-4,0,-1,-2,2,3
18834,18834,1503612606193,-1,-5,-2,-4,-2,2,-3,-9
18835,18835,1503612606208,-2,-5,-3,-1,1,1,-1,-12
18836,18836,1503612606216,-2,1,1,-1,-1,-5,-4,-7
18837,18837,1503612606223,4,1,-1,-1,-5,-1,-1,-5
18838,18838,1503612606240,-4,-7,-3,-4,-5,-2,-6,-3
18839,18839,1503612606245,0,1,3,0,2,2,-1,1
18840,18840,1503612606253,2,-1,-3,-2,-4,-1,-6,-6
18841,18841,1503612606269,7,18,10,1,3,1,3,30
18842,18842,1503612606277,-5,-1,1,-1,-1,1,-1,-3
18843,18843,1503612606283,-11,-9,-2,4,-2,-2,-3,-4
18844,18844,1503612606298,-4,-4,-2,-1,0,-4,-4,-5
18845,18845,1503612606306,-18,-9,-1,-2,-4,-4,-3,2
18846,18846,1503612606320,-3,-4,-5,2,-1,-3,-7,-10
18847,18847,1503612606328,8,5,-1,0,3,4,4,-7
18848,18848,1503612606338,-1,3,0,-4,-5,-3,0,7
18849,18849,1503612606350,1,1,-1,-2,1,1,-3,-12
18850,18850,1503612606358,-3,4,3,4,6,0,5,-5
18851,18851,1503612606365,-3,-4,-4,-5,-11,-3,0,-5
18852,18852,1503612606380,-4,-12,-3,-1,4,-3,-4,3
18853,18853,1503612606381,5,2,2,3,9,3,1,27
18854,18854,1503612606388,-2,15,2,0,1,1,2,7
18855,18855,1503612606396,1,0,-1,-3,-4,-1,0,-2
18856,18856,1503612606411,1,-7,-3,-2,2,-3,-8,-5
18857,18857,1503612606418,3,2,-3,-3,0,0,-9,-15
18858,18858,1503612606425,0,7,3,1,1,0,0,1
18859,18859,1503612606426,-2,-4,-2,0,0,-1,3,-8
18860,18860,1503612606440,1,-2,-2,-1,-3,-3,-3,-14
18861,18861,1503612606448,0,-2,-2,-1,-1,-2,1,3
18862,18862,1503612606456,1,0,-1,1,-4,-3,5,5
18863,18863,1503612606471,-2,-4,2,7,5,0,3,2
18864,18864,1503612606485,-1,3,3,1,1,-4,-3,-6
18865,18865,1503612606486,-1,-2,-2,-2,-1,-2,1,-7
18866,18866,1503612606503,-19,6,2,1,-3,1,7,3
18867,18867,1503612606508,19,14,3,0,2,3,10,9
18868,18868,1503612606516,10,0,-1,2,0,-1,3,0
18869,18869,1503612606530,-35,-2,-3,0,0,-1,-1,-9
18870,18870,1503612606539,1,0,-2,0,16,10,3,7
18871,18871,1503612606545,4,0,-1,-2,-4,-4,-5,-3
18872,18872,1503612606560,-1,-4,-3,-3,-6,-2,-6,-4
18873,18873,1503612606570,-2,-2,-3,-3,-6,-2,-3,-2
18874,18874,1503612606578,-7,2,1,1,2,0,1,-6
18875,18875,1503612606590,4,-12,0,1,-3,-4,-15,-9
18876,18876,1503612606598,0,-4,-2,-2,7,4,-2,-4
18877,18877,1503612606606,-1,4,-3,-6,-3,-1,3,5
18878,18878,1503612606620,-8,-8,2,0,-3,-1,5,-2
18879,18879,1503612606628,3,-2,-2,0,-9,-3,6,3
18880,18880,1503612606637,10,-1,-2,-4,-6,-3,-1,-4
18881,18881,1503612606650,1,2,3,2,5,2,-3,0
18882,18882,1503612606658,3,-3,-3,0,-6,-3,0,2
18883,18883,1503612606665,-4,0,-2,-1,4,3,6,3
18884,18884,1503612606681,0,7,4,1,-5,-4,0,3
18885,18885,1503612606688,9,-2,-3,-1,0,0,1,1
18886,18886,1503612606696,11,-5,0,0,0,-1,-4,-4
18887,18887,1503612606711,-2,-8,-1,0,1,-1,4,-1
18888,18888,1503612606718,-6,-10,-4,-1,1,2,-2,-1
18889,18889,1503612606725,-1,0,5,3,-1,0,-9,-1
18890,18890,1503612606742,-10,-17,-8,-3,-4,0,-2,-4
18891,18891,1503612606748,-2,5,1,-1,-9,-1,-1,-3
18892,18892,1503612606756,3,13,2,0,11,2,1,3
18893,18893,1503612606777,3,14,0,-2,1,-3,0,-1
18894,18894,1503612606780,4,8,5,1,-4,-6,1,-2
18895,18895,1503612606785,6,7,1,-2,2,3,2,1
18896,18896,1503612606800,6,-8,-5,-4,-6,-3,-2,4
18897,18897,1503612606808,-3,-19,-6,-1,-4,-3,-4,-1
18898,18898,1503612606816,-9,-12,-2,-2,-6,-2,-12,-6
18899,18899,1503612606830,6,30,3,1,3,0,4,-2
18900,18900,1503612606839,12,43,15,6,2,2,3,3
18901,18901,1503612606847,1,-9,-1,-1,-1,-2,-7,13
18902,18902,1503612606860,-5,-6,-5,-4,-5,-3,-4,-7
18903,18903,1503612606868,-1,-11,-2,1,14,3,-3,3
18904,18904,1503612606876,5,0,-2,-3,-3,-2,-2,-7
18905,18905,1503612606890,-2,-1,-1,-4,-2,-3,2,-4
18906,18906,1503612606907,-9,-4,-2,2,0,-1,-8,-12
18907,18907,1503612606921,-12,-16,-4,-2,1,-1,-4,-7
18908,18908,1503612606928,-5,-10,-5,-5,-4,-1,2,-7
18909,18909,1503612606936,-2,-11,-4,1,-5,-2,-2,18
18910,18910,1503612606950,-8,-3,-3,-5,-6,-3,-9,-10
18911,18911,1503612606958,10,16,9,-1,-3,-2,-7,-7
18912,18912,1503612606965,-9,1,1,3,-2,-2,9,15
18913,18913,1503612606982,-10,-10,-8,-5,0,0,7,-19
18914,18914,1503612606988,12,-8,0,-1,-3,-2,2,0
18915,18915,1503612606996,-2,-10,-2,-3,0,1,3,3
18916,18916,1503612607011,2,-3,-3,0,6,2,-1,0
18917,18917,1503612607018,0,0,0,0,2,2,0,-1
18918,18918,1503612607025,1,0,-2,-2,-3,-3,-2,6
18919,18919,1503612607041,-6,7,3,5,4,3,2,22
18920,18920,1503612607049,-8,12,3,-4,-5,-4,-8,13
18921,18921,1503612607056,-3,-13,-4,-3,2,3,6,3
18922,18922,1503612607070,2,-4,0,1,3,4,9,-1
18923,18923,1503612607078,-1,7,-5,-4,-3,-1,4,-2
18924,18924,1503612607085,-2,-3,-1,2,-3,1,1,-24
18925,18925,1503612607101,4,-1,-1,-4,-5,-4,-7,0
18926,18926,1503612607108,1,-6,-4,-2,-2,-3,-7,-16
19059,19059,1503612608405,-1,-3,0,-2,-2,1,1,-2
19060,19060,1503612608413,-11,-1,-1,-1,0,-2,-1,-1
19061,19061,1503612608421,-11,-6,-4,-1,-1,0,0,-2
19062,19062,1503612608434,-14,11,4,1,0,0,1,0
19063,19063,1503612608443,-3,-6,-6,-2,-3,-2,-2,-4
19064,19064,1503612608451,4,-6,-2,-3,0,-1,-2,0
19065,19065,1503612608465,-1,-1,-1,0,0,-2,-2,0
19066,19066,1503612608473,6,-3,-2,1,-2,0,-2,-2
19067,19067,1503612608483,-13,0,0,-1,0,-2,-5,-6
19068,19068,1503612608495,12,-2,-2,0,-2,-2,0,-2
19069,19069,1503612608503,-8,-1,3,1,0,0,1,2
19070,19070,1503612608510,-3,-13,-4,-1,0,0,1,3
19071,19071,1503612608525,-3,-11,-2,-1,-1,-2,-1,0
19072,19072,1503612608533,3,13,1,-2,-1,-1,0,3
19073,19073,1503612608541,1,-5,-3,-2,-2,-1,-5,-7
19074,19074,1503612608555,-6,-7,-1,-1,-1,-2,0,-4
19075,19075,1503612608563,15,9,2,0,0,0,-1,6
19076,19076,1503612608570,-9,2,0,0,0,-1,0,1
19077,19077,1503612608585,-7,0,0,0,-1,0,2,-3
19078,19078,1503612608594,2,1,2,-2,-1,-1,1,1
19079,19079,1503612608601,9,-2,-3,-2,0,-1,0,1
19080,19080,1503612608615,2,-4,-3,-1,-1,-1,-2,-1
19081,19081,1503612608623,-5,0,-2,-1,0,-2,-1,1
19082,19082,1503612608631,1,-11,-2,-2,0,-2,-3,-2
19083,19083,1503612608645,0,8,1,2,-1,1,1,0
19084,19084,1503612608653,-19,-1,0,-1,-3,-1,-1,-2
19085,19085,1503612608661,-2,0,-2,-1,-1,-1,-2,0
19086,19086,1503612608675,8,12,5,1,0,0,1,-2
19087,19087,1503612608686,1,-2,-1,-1,1,-1,2,2
19088,19088,1503612608691,0,-3,-4,-1,1,0,-2,-2
19089,19089,1503612608705,-3,2,1,-1,-1,-1,0,-2
19090,19090,1503612608714,-2,-1,0,1,0,0,0,-1
19091,19091,1503612608721,11,4,3,0,-1,-1,0,1
19092,19092,1503612608735,-8,-6,-3,0,0,0,-4,-3
19093,19093,1503612608743,-7,-7,1,-1,-1,0,-1,-4
19094,19094,1503612608752,-4,0,-1,-2,-2,0,2,0
19095,19095,1503612608765,4,12,1,0,0,-1,-1,0
19096,19096,1503612608773,1,2,1,-1,-2,-1,0,3
19097,19097,1503612608781,8,-2,1,0,-2,-2,-3,-4
19098,19098,1503612608795,21,0,-3,-1,-2,-3,-2,2
19099,19099,1503612608803,-5,-4,-2,-1,-1,-2,-1,0
19100,19100,1503612608810,-10,-7,-5,-3,-1,-1,0,0
19101,19101,1503612608825,-11,-9,-1,-1,-1,0,-3,-6
19102,19102,1503612608833,0,-4,1,-1,0,-2,0,-5
19103,19103,1503612608841,-7,-3,-1,1,0,-1,0,-1
19104,19104,1503612608857,-9,-1,0,0,-1,0,-3,-7
19105,19105,1503612608863,0,3,-1,0,0,0,-1,1
19106,19106,1503612608870,16,6,1,0,-1,0,5,7
19107,19107,1503612608888,4,-2,-2,-1,0,2,2,2
19108,19108,1503612608893,-1,2,0,-2,0,0,0,4
19109,19109,1503612608901,-4,0,-1,-1,-2,-2,-1,0
19110,19110,1503612608915,0,6,2,-2,-1,-2,-1,-3
19111,19111,1503612608923,0,0,-2,-1,1,-2,-2,-1
19112,19112,1503612608930,18,-1,-2,1,1,1,-2,-1
19113,19113,1503612608946,13,19,9,0,0,0,0,0
19114,19114,1503612608955,-4,0,0,0,0,0,-1,-2
19115,19115,1503612608961,1,-3,-2,0,-2,1,1,6
19116,19116,1503612608974,-2,2,2,1,3,-1,0,0
19117,19117,1503612608983,-5,-13,-6,-1,0,0,1,-1
19118,19118,1503612608991,-5,-10,-5,-1,-2,0,-1,1
19119,19119,1503612609005,11,-5,-2,-2,-2,-2,-1,3
19120,19120,1503612609012,0,-7,-3,1,-1,-1,-1,-3
19121,19121,1503612609013,-7,1,0,4,1,-2,-3,-4
19122,19122,1503612609022,8,1,-1,-1,-1,1,1,5
19123,19123,1503612609023,-5,2,-1,-1,-1,-1,-3,-3
19124,19124,1503612609034,-7,-4,-3,-4,-4,0,-4,-2
19125,19125,1503612609043,-3,-2,-3,-2,-1,-2,0,-2
19126,19126,1503612609051,8,-5,-1,-1,-1,1,-2,2
19127,19127,1503612609065,2,-10,-7,-1,-1,1,0,0
19128,19128,1503612609072,-13,-4,-3,-3,-2,-4,-10,-25
19129,19129,1503612609081,-8,1,0,1,0,-1,5,6
19130,19130,1503612609095,2,-2,-1,-3,-3,-2,1,11
19131,19131,1503612609103,-5,2,1,0,-3,-4,-4,-8
19132,19132,1503612609117,4,5,1,1,0,0,1,0
19133,19133,1503612609126,5,-2,-1,-1,1,1,-2,31
19134,19134,1503612609133,-2,2,0,1,4,1,2,3
19135,19135,1503612609148,-2,-1,-2,-1,-3,0,3,5
19136,19136,1503612609156,-2,-2,0,-1,-1,-2,-1,8
19137,19137,1503612609164,12,1,-3,-1,4,3,6,57
19138,19138,1503612609177,-19,-6,-4,0,-2,-2,-6,-24
19139,19139,1503612609185,-3,-11,-5,-4,-3,-2,4,17
19140,19140,1503612609193,3,-1,0,0,3,2,0,0
19141,19141,1503612609208,-6,2,0,-1,-1,-4,-6,-33
19142,19142,1503612609214,-2,0,-4,-4,-6,-1,-1,-5
19143,19143,1503612609223,-2,0,1,-2,-3,-1,-5,-22
19144,19144,1503612609237,4,3,1,-4,-4,0,-5,3
19145,19145,1503612609245,-2,-1,-3,-4,-2,-3,0,-13
19146,19146,1503612609262,2,0,1,-4,-4,-4,0,5
19147,19147,1503612609268,-6,7,3,2,1,-1,2,-18
19148,19148,1503612609274,3,-8,-3,-1,2,2,6,8
19149,19149,1503612609283,-4,-3,-2,3,5,2,-2,-58
19150,19150,1503612609298,0,4,6,4,2,1,3,3
19151,19151,1503612609305,-6,1,0,-3,-3,0,0,1
19152,19152,1503612609313,-11,-4,-3,-1,2,-1,-1,-14
19153,19153,1503612609328,9,0,-1,-1,1,-1,-4,-3
19154,19154,1503612609335,4,1,-1,-3,-9,-3,-3,11
19155,19155,1503612609343,-5,-1,0,1,-2,-4,-5,1
19156,19156,1503612609358,0,2,-1,0,-1,-3,7,0
19157,19157,1503612609365,-3,-1,0,-1,-7,2,0,-1
19158,19158,1503612609372,4,1,3,3,2,-2,-11,-4
19159,19159,1503612609390,-2,-6,-3,-1,-3,-5,-10,5
19160,19160,1503612609394,3,-4,-3,-1,2,1,3,50
19161,19161,1503612609403,4,-1,-5,-3,-1,0,1,12
19162,19162,1503612609417,8,18,2,1,1,-1,0,23
19163,19163,1503612609426,-8,-4,-3,-1,-3,-1,-1,-27
19164,19164,1503612609433,5,-12,-7,-3,-2,-2,-1,-12
19165,19165,1503612609458,-21,11,4,1,1,0,-5,-59
19166,19166,1503612609459,-4,-6,-1,-3,-3,-2,-5,-24
19167,19167,1503612609470,2,-2,0,1,0,-1,-2,21
19168,19168,1503612609477,-3,-1,-2,-1,-2,-4,9,-11
19169,19169,1503612609485,6,1,4,-1,-1,-1,-8,11
19170,19170,1503612609493,-5,-2,0,0,-1,-2,-16,-64
19171,19171,1503612609508,-4,-1,-1,-2,4,0,5,49
19172,19172,1503612609514,-6,1,2,0,-8,-7,-5,-5
19173,19173,1503612609524,-3,5,0,-1,-1,-2,2,-8
19174,19174,1503612609537,-4,-6,-3,-5,-2,-1,-4,-11
19175,19175,1503612609545,4,-14,-8,-2,0,0,5,12
19176,19176,1503612609553,-4,7,-1,0,1,3,1,-26
19177,19177,1503612609568,5,0,0,-2,2,4,1,6
19178,19178,1503612609574,9,-3,-1,0,2,1,5,20
19179,19179,1503612609584,13,0,2,1,0,-1,3,-1
19180,19180,1503612609597,1,-5,-1,-1,2,2,4,16
19181,19181,1503612609605,-8,-2,2,2,-8,-6,-5,-3
19182,19182,1503612609612,1,-6,-6,-2,-1,-1,2,-15
19183,19183,1503612609613,1,2,-1,2,4,13,10,17
19184,19184,1503612609628,-1,1,0,-1,5,3,-9,-12
19185,19185,1503612609634,0,2,1,0,-5,-1,2,10
19186,19186,1503612609643,2,-3,-2,-2,-1,-1,-6,0
19187,19187,1503612609659,-2,-2,-3,-3,1,0,2,4
19188,19188,1503612609665,-4,1,-1,0,1,-3,5,-43
19189,19189,1503612609673,-15,-11,-6,-3,0,-4,-8,7
19190,19190,1503612609688,3,6,3,0,1,1,-1,-2
19191,19191,1503612609696,-2,-5,-2,-2,-5,-6,-3,-6
19192,19192,1503612609703,-4,-5,-3,-2,1,1,7,21
19193,19193,1503612609717,8,4,1,1,0,-3,-3,16
19194,19194,1503612609726,6,3,3,1,1,0,-7,-10
19195,19195,1503612609734,1,6,3,0,1,3,3,11
19196,19196,1503612609748,-8,0,-2,-2,-5,-2,-2,-14
19197,19197,1503612609754,1,-2,0,-2,0,-1,0,-28
19198,19198,1503612609770,20,0,2,2,1,2,13,71
19199,19199,1503612609777,-10,1,-2,-2,-1,-2,-1,-55
19200,19200,1503612609787,-14,-34,-13,-3,-1,0,-5,-5
19201,19201,1503612609793,5,-6,-1,0,2,3,8,15
19202,19202,1503612609808,-2,-1,-1,-1,1,1,-7,-19
19203,19203,1503612609816,-3,2,1,3,3,-1,-1,17
19204,19204,1503612609823,7,3,0,-3,-2,-4,0,40
19205,19205,1503612609837,1,6,-1,-1,-1,-2,-7,9
19206,19206,1503612609845,1,9,2,0,-3,-3,-1,4
19207,19207,1503612609853,1,-5,0,0,-1,-4,-2,13
19208,19208,1503612609869,-6,6,0,0,-2,0,-1,1
19209,19209,1503612609874,2,-1,-1,0,-4,-2,-2,-6
19210,19210,1503612609883,-4,6,1,-2,-7,-1,-1,-16
19211,19211,1503612609897,-2,-7,-4,-1,-2,-6,-7,-9
19212,19212,1503612609905,-4,-3,0,0,2,0,-3,-10
19213,19213,1503612609912,2,3,0,0,2,-2,-3,9
19214,19214,1503612609928,-2,2,0,2,-3,-4,-4,-19
19215,19215,1503612609935,0,-5,-3,1,-2,-1,4,5
19216,19216,1503612609936,2,10,2,-1,2,4,0,6
19217,19217,1503612609943,2,1,-1,-1,-5,0,0,-3
19218,19218,1503612609957,-1,-2,-2,-2,-1,1,7,1
19219,19219,1503612609965,-3,-1,-1,-2,-1,-1,-1,-11
19220,19220,1503612609973,3,-3,-1,0,1,-2,3,-2
19221,19221,1503612609988,-4,4,1,0,0,-2,0,-9
19222,19222,1503612609995,-3,-3,-2,-2,-2,1,1,-1
19223,19223,1503612610004,3,4,3,3,7,0,-1,3
19224,19224,1503612610017,-4,1,0,-3,-3,-2,-4,2
19225,19225,1503612610027,-4,0,0,-2,-4,-1,3,0
19226,19226,1503612610028,-2,-5,-6,-2,1,-1,-2,0
19227,19227,1503612610040,-1,-2,0,1,3,0,2,-3
19228,19228,1503612610047,-1,-3,0,-2,-2,1,3,1
19229,19229,1503612610054,1,0,0,0,-2,-1,-1,2
19230,19230,1503612610071,1,-2,-1,0,-1,0,-2,1
19231,19231,1503612610077,3,-3,-2,-2,-5,-1,0,68
19232,19232,1503612610085,2,1,0,-3,-2,-5,-9,1
19233,19233,1503612610099,-2,-1,-1,2,4,2,-3,1
19234,19234,1503612610100,3,0,0,-1,-4,-2,5,5
19235,19235,1503612610107,-1,-5,-3,-2,1,0,-1,3
19236,19236,1503612610108,1,-4,-3,-1,-1,1,0,-5
19237,19237,1503612610114,-2,-5,-4,-2,2,1,-1,-25
19238,19238,1503612610130,-6,-1,1,2,9,-2,0,-1
19239,19239,1503612610137,-7,-8,-3,-1,4,3,1,-73
19240,19240,1503612610138,-1,-3,-3,-4,-8,-4,2,-4
19241,19241,1503612610145,3,-1,-3,-3,-4,-2,-3,-8
19242,19242,1503612610161,-8,4,-2,-2,-3,0,-5,-87
19243,19243,1503612610169,16,-2,-3,-2,-2,-2,7,40
19244,19244,1503612610175,4,5,0,0,1,1,-7,-6
19245,19245,1503612610190,6,-9,-3,0,-5,-3,-2,78
19246,19246,1503612610198,-1,-4,-2,1,5,2,2,16
19247,19247,1503612610205,-1,0,0,0,-1,1,-7,-7
19248,19248,1503612610221,-6,3,5,4,5,2,-8,9
19249,19249,1503612610229,-10,0,-1,-3,-13,-7,-6,-40
19250,19250,1503612610243,-6,-8,-3,-2,-3,-4,-1,-15
19251,19251,1503612610250,-8,-1,0,-2,1,3,4,-26
19252,19252,1503612610258,6,2,0,1,3,0,7,22
19253,19253,1503612610265,-4,5,1,1,3,4,-3,-22
19254,19254,1503612610281,1,3,1,0,-1,-1,-2,-5
19255,19255,1503612610287,8,1,0,3,5,3,3,-12
19256,19256,1503612610304,7,-7,-3,-3,-14,-5,-3,-1
19257,19257,1503612610310,2,1,1,-1,-7,8,7,12
19258,19258,1503612610319,-5,-5,-2,0,-2,-1,3,6
19259,19259,1503612610325,-2,1,-3,-2,-5,1,2,-5
19260,19260,1503612610341,-5,1,2,0,-1,2,1,1
19261,19261,1503612610347,0,-3,-3,-3,-6,-6,-1,12
19262,19262,1503612610364,5,0,1,0,4,1,-1,-2
19263,19263,1503612610372,-3,-1,-3,-2,1,-4,-2,-3
19264,19264,1503612610378,-20,-1,-2,-2,-1,-1,7,-21
19265,19265,1503612610385,9,12,6,1,1,-4,-7,-9
19266,19266,1503612610401,26,8,-3,0,1,-2,3,35
19267,19267,1503612610408,-16,-11,-4,0,2,0,6,-8
19268,19268,1503612610416,2,-10,-5,-4,-1,-1,-6,-30
19269,19269,1503612610431,8,11,1,-1,-1,0,-3,-12
19270,19270,1503612610439,6,10,3,0,0,-2,-6,51
19271,19271,1503612610445,3,6,2,3,1,-1,-2,-11
19272,19272,1503612610461,-2,-5,-4,-2,0,-3,5,2
19273,19273,1503612610470,-6,-1,-2,-2,2,-3,-6,16
19274,19274,1503612610483,-6,-1,0,-1,2,1,-3,-19
19275,19275,1503612610490,-3,-8,-2,1,-1,1,11,5
19276,19276,1503612610499,-3,-1,0,0,2,3,-3,-11
19277,19277,1503612610506,-4,-7,-1,-2,0,2,5,-16
19278,19278,1503612610521,11,12,5,0,-2,-1,-8,33
19279,19279,1503612610527,-14,-4,0,0,1,0,-2,-8
19280,19280,1503612610528,3,-4,-3,-2,-5,-2,-2,-2
19281,19281,1503612610543,17,-5,-2,-2,-1,-1,1,1
19282,19282,1503612610550,-6,-5,-2,0,2,0,-3,-7
19283,19283,1503612610558,-7,-2,-1,0,-1,0,0,12
19284,19284,1503612610566,-3,0,-1,0,6,0,-6,5
19285,19285,1503612610581,-6,0,-2,-1,0,0,1,1
19286,19286,1503612610588,-7,-5,-3,-3,-1,-4,-5,-3
19287,19287,1503612610604,-8,-4,-2,0,-3,-1,-3,-16
19288,19288,1503612610610,2,8,2,-1,-1,0,1,1
19289,19289,1503612610618,5,-9,3,-2,-1,-1,2,-6
19290,19290,1503612610625,4,-9,1,1,1,0,0,3
19291,19291,1503612610641,-7,-1,-3,-1,-1,0,1,-3
19292,19292,1503612610647,1,3,1,-2,-1,-4,-3,-2
19293,19293,1503612610665,-1,-1,-2,2,-1,-3,-7,-27
19294,19294,1503612610670,1,-2,0,0,-2,1,0,0
19295,19295,1503612610671,5,3,-2,-1,-3,1,-2,4
19296,19296,1503612610678,-1,-1,-2,-1,-4,-2,0,1
19297,19297,1503612610685,-11,-5,-1,-3,-1,0,3,-4
19298,19298,1503612610701,-7,-1,-2,-2,-3,-1,2,-1
19299,19299,1503612610708,5,2,0,-2,-2,-1,-2,1
19300,19300,1503612610729,-1,2,-2,0,2,-1,-2,-3
19301,19301,1503612610733,2,1,3,3,6,2,2,-2
19302,19302,1503612610741,-10,-5,-1,-1,-2,-1,-5,1
19303,19303,1503612610745,-3,-1,-3,-1,-3,-2,-8,-6
19304,19304,1503612610761,-3,-8,-1,-2,1,-1,1,-2
19305,19305,1503612610769,4,5,-1,-3,-3,-1,2,0
19306,19306,1503612610783,20,4,-3,0,-2,-1,-3,-1
19307,19307,1503612610790,-6,0,0,-4,-7,-4,-1,-1
19308,19308,1503612610800,-17,-1,-1,-2,-3,-2,-3,-3
19309,19309,1503612610806,-14,-7,-6,-4,-5,-2,-5,-6
19310,19310,1503612610821,-5,1,2,0,4,0,0,-2
19311,19311,1503612610827,-4,0,0,-1,2,0,-1,2
19312,19312,1503612610844,-11,0,-2,-2,-3,0,-2,-4
19313,19313,1503612610850,5,4,0,-1,-4,-1,6,0
19314,19314,1503612610858,1,1,0,-1,0,0,-1,-5
19315,19315,1503612610868,-4,-2,-2,0,2,0,-2,-2
19316,19316,1503612610881,-4,-1,0,2,4,3,1,0
19317,19317,1503612610887,3,-2,-1,2,1,1,-3,2
19318,19318,1503612610904,-7,-2,-1,0,-1,0,-4,-6
19319,19319,1503612610910,-2,-1,0,5,5,0,4,2
19320,19320,1503612610918,10,-1,0,1,-1,0,3,5
19321,19321,1503612610925,3,2,-1,-1,0,1,1,1
19322,19322,1503612610941,-3,-2,-1,2,1,3,5,1
19323,19323,1503612610948,2,-1,1,0,-9,-1,-9,-2
19324,19324,1503612610963,20,1,2,0,-6,-2,1,6
19325,19325,1503612610971,2,-4,-1,-3,-1,-2,-2,39
19326,19326,1503612610979,0,-22,-11,-6,-6,-4,5,1
19327,19327,1503612610992,-2,-4,-3,-2,1,0,0,6
19328,19328,1503612611003,1,4,1,-1,-7,-2,-10,-18
19329,19329,1503612611009,-5,-3,-5,-4,-6,-1,-1,-19
19330,19330,1503612611023,-3,4,0,-1,1,-1,-1,-10
19331,19331,1503612611030,-1,-3,-2,-3,-13,-4,4,-10
19332,19332,1503612611039,-4,5,4,1,3,0,-4,9
19333,19333,1503612611054,2,3,1,0,3,0,-3,-2
19334,19334,1503612611061,-2,4,-2,-1,3,0,1,2
19335,19335,1503612611068,3,9,4,1,1,-1,3,-8
19336,19336,1503612611083,-4,1,0,-1,2,0,-10,-6
19337,19337,1503612611090,-4,-3,-2,-1,2,-2,0,14
19338,19338,1503612611098,-5,-4,-5,-4,-2,0,2,-2
19339,19339,1503612611113,1,-4,0,3,10,8,-4,-10
19340,19340,1503612611121,3,-2,-4,-1,0,0,6,42
19341,19341,1503612611127,-14,-5,1,-2,1,1,-2,-19
19342,19342,1503612611143,-5,-5,0,0,0,-2,-2,2
19343,19343,1503612611150,3,0,-3,-1,-1,-4,-3,2
19344,19344,1503612611158,-7,-3,-2,-1,-2,0,1,-14
19345,19345,1503612611173,0,0,0,1,0,-3,-12,-9
19346,19346,1503612611180,3,5,3,-1,0,0,4,35
19347,19347,1503612611187,11,-1,0,-1,-2,-2,2,-15
19348,19348,1503612611204,7,0,-1,0,0,-2,-1,-24
19349,19349,1503612611211,6,0,1,1,4,3,13,-2
19350,19350,1503612611218,-9,6,-1,0,1,-2,-5,-50
19351,19351,1503612611233,8,2,-1,-1,0,3,3,24
19352,19352,1503612611242,0,-3,0,-1,2,3,1,8
19353,19353,1503612611247,4,0,1,1,-2,-6,-5,5
19354,19354,1503612611248,-1,3,-2,-1,5,3,-1,2
19355,19355,1503612611263,-12,0,1,-2,-5,-2,-2,-38
19356,19356,1503612611270,-19,-5,1,0,-1,-2,5,33
19357,19357,1503612611279,16,-13,-9,-4,2,5,6,0
19358,19358,1503612611280,-23,25,11,5,-2,-1,-7,-56
19359,19359,1503612611293,-19,2,-2,-3,-9,-6,-6,-23
19360,19360,1503612611305,-7,-17,-6,-1,-1,-2,2,4
19361,19361,1503612611308,2,-2,-2,0,-3,-2,1,-12
19362,19362,1503612611323,10,3,0,1,0,0,3,57
19363,19363,1503612611330,11,-4,-2,-1,0,0,-1,10
19364,19364,1503612611339,5,-1,-2,-1,0,-1,0,20
19365,19365,1503612611353,-4,-4,-4,-4,-8,-2,-5,-31
19366,19366,1503612611361,5,-3,-3,-1,-2,-2,-2,-9
19367,19367,1503612611368,-1,-2,0,0,-1,1,8,5
19368,19368,1503612611383,15,-8,-2,-2,0,-1,6,45
19369,19369,1503612611390,-5,3,0,-2,2,0,-1,-22
19370,19370,1503612611398,-24,-10,-1,-3,-2,-2,-6,-57
19371,19371,1503612611413,-5,1,0,-1,0,-3,0,5
19372,19372,1503612611421,6,-3,-3,-1,-1,3,-8,-27
19373,19373,1503612611427,-1,5,0,-1,2,0,-1,-4
19374,19374,1503612611443,6,-3,-2,-1,-1,-1,3,16
19375,19375,1503612611450,9,-2,-2,-2,0,-1,-4,30
19376,19376,1503612611458,2,3,-1,2,3,1,5,6
19377,19377,1503612611473,1,-2,-4,1,1,-2,-4,-3
19378,19378,1503612611481,-7,-1,-2,-3,-2,2,7,-21
19379,19379,1503612611487,-7,-5,-4,-1,-2,-1,2,-5
19380,19380,1503612611488,4,3,3,2,-1,1,-1,21
19381,19381,1503612611504,4,0,0,2,1,-1,1,33
19382,19382,1503612611510,2,2,0,-1,-2,-2,-7,-19
19383,19383,1503612611518,22,8,2,0,2,1,-1,11
19384,19384,1503612611532,6,2,-1,-1,-5,-5,-6,10
19385,19385,1503612611541,-7,-4,-1,-2,-3,-4,-10,-10
19386,19386,1503612611548,5,-3,0,-2,2,1,6,40
19387,19387,1503612611563,-5,-2,-3,-2,-4,0,-3,2
19388,19388,1503612611572,-13,-4,0,-1,-1,1,-4,0
19389,19389,1503612611578,-2,0,-1,-1,-2,0,-4,-7
19390,19390,1503612611592,4,6,2,1,1,1,5,4
19391,19391,1503612611600,0,3,-2,-1,0,0,3,3
19392,19392,1503612611601,0,-1,1,-1,0,0,-3,3
19393,19393,1503612611608,-29,-6,1,-1,2,1,-9,-69
19394,19394,1503612611623,-10,-1,0,3,3,0,-2,5
19395,19395,1503612611630,15,3,0,1,-3,-1,4,10
19396,19396,1503612611640,-5,0,-1,2,-1,-2,-2,-36
19397,19397,1503612611653,4,-6,-3,0,-1,-1,-2,-2
19398,19398,1503612611661,5,0,-2,-5,3,-3,-5,15
19399,19399,1503612611667,0,-5,-4,-3,-3,-5,-4,-9
19400,19400,1503612611683,5,1,-2,0,5,3,-3,-3
19401,19401,1503612611690,0,-3,-2,-1,0,0,-3,-1
19402,19402,1503612611698,3,-1,-1,-1,-5,-2,0,12
19403,19403,1503612611713,-3,-3,-2,0,-3,-2,5,4
19404,19404,1503612611720,-4,-4,-1,-2,-5,-2,-4,-3
19405,19405,1503612611727,-2,4,-2,-2,-1,-4,-4,-5
19406,19406,1503612611743,2,-14,-6,-3,-5,-3,4,14
19407,19407,1503612611750,5,-9,-5,-1,2,1,6,7
19408,19408,1503612611758,-5,-11,-2,0,-3,-2,3,9
19409,19409,1503612611774,-3,1,2,2,0,1,-1,-8
19410,19410,1503612611782,1,6,1,1,-2,-2,1,3
19411,19411,1503612611788,8,0,-1,-2,2,-1,0,1
19412,19412,1503612611803,-3,4,1,0,0,1,1,2
19413,19413,1503612611810,-2,5,1,2,0,1,9,10
19414,19414,1503612611818,-11,4,-3,-1,0,0,-3,-4
19415,19415,1503612611832,-3,-10,-4,0,0,0,1,-4
19416,19416,1503612611842,-13,-7,-4,-3,-3,-3,-1,-25
19417,19417,1503612611848,-3,-2,0,-3,-2,-4,-5,-6
19418,19418,1503612611863,-16,8,7,3,0,0,-2,8
19419,19419,1503612611873,-8,-1,-2,-3,-8,-6,-12,-4
19420,19420,1503612611878,1,0,-2,-3,-2,-1,-4,-25
19421,19421,1503612611893,-3,0,2,1,1,-1,-2,2
19422,19422,1503612611901,11,1,-2,-2,-3,-2,5,8
19423,19423,1503612611916,2,-6,-3,-3,-2,1,-5,0
19424,19424,1503612611923,4,2,-3,0,0,1,3,-19
19425,19425,1503612611930,-9,2,2,0,-4,-4,-1,-4
19426,19426,1503612611945,5,0,2,0,3,1,-9,-1
19602,19602,1503612613663,-5,1,-1,-3,-4,-2,-1,2
19603,19603,1503612613677,10,-3,-1,-1,-1,0,3,1
19604,19604,1503612613687,11,-1,1,1,0,1,-1,0
19605,19605,1503612613693,-8,-12,-5,-3,-2,-2,-4,4
19606,19606,1503612613707,0,0,1,1,2,2,0,0
19607,19607,1503612613715,-16,-14,-2,-3,-2,0,-1,-32
19608,19608,1503612613724,-6,-1,-3,-1,0,-1,-4,-2
19609,19609,1503612613737,5,8,1,0,1,-1,-2,-3
19610,19610,1503612613738,-9,-7,-3,1,-1,0,-5,-14
19611,19611,1503612613745,1,17,0,-3,-4,-3,-3,-1
19612,19612,1503612613760,-8,-2,2,1,1,-1,-1,-7
19613,19613,1503612613768,-2,-8,-1,-1,-1,0,2,17
19614,19614,1503612613775,-2,-4,0,1,-1,-1,-3,37
19615,19615,1503612613790,-3,-7,-2,-2,-2,-2,-5,-26
19616,19616,1503612613797,8,-5,-4,-1,-1,-4,-8,2
19617,19617,1503612613805,-5,1,-2,-1,-1,0,1,9
19618,19618,1503612613822,-15,-1,-2,-2,0,-2,0,21
19619,19619,1503612613828,-1,-3,-2,1,1,-3,-1,37
19620,19620,1503612613836,-1,21,8,3,2,2,5,0
19621,19621,1503612613850,-5,-4,-1,-2,-4,0,-3,-15
19622,19622,1503612613858,9,-2,-3,0,0,-2,-3,-5
19623,19623,1503612613866,-2,-1,0,0,-1,0,1,-11
19624,19624,1503612613879,0,-7,-5,-3,-2,2,0,-9
19625,19625,1503612613888,1,1,-1,-1,-1,0,-3,-3
19626,19626,1503612613897,-1,-4,-3,0,-3,-1,1,1
19627,19627,1503612613910,2,0,-1,0,2,0,-2,8
19628,19628,1503612613917,3,-5,-3,-2,-1,-3,-1,-8
19629,19629,1503612613926,-12,2,-1,-1,-1,0,-1,-12
19630,19630,1503612613939,4,7,3,-2,-1,1,2,26
19631,19631,1503612613947,29,7,-3,-1,-1,-2,-4,-5
19632,19632,1503612613956,1,-9,-1,-1,0,-1,0,7
19633,19633,1503612613970,-2,-13,-2,1,-1,1,0,-8
19634,19634,1503612613979,6,-1,-2,0,-1,-2,-1,-10
19635,19635,1503612613986,-4,-4,-2,-1,1,-3,-1,-6
19636,19636,1503612613999,-16,1,1,-1,0,-1,1,-10
19637,19637,1503612614007,-2,11,3,-3,-1,-2,2,-1
19638,19638,1503612614015,1,-1,-2,0,0,-2,-1,-4
19639,19639,1503612614031,8,9,3,0,1,-2,0,3
19640,19640,1503612614037,8,-4,-4,-2,-1,-1,0,-6
19641,19641,1503612614046,12,-10,-6,-1,-2,1,0,3
19642,19642,1503612614061,-6,-8,1,-1,-2,-1,-3,-3
19643,19643,1503612614067,8,10,3,0,1,-1,2,-1
19644,19644,1503612614068,-12,-7,-1,-1,-2,-1,0,-2
19645,19645,1503612614075,2,-1,-3,-2,-2,-2,-1,-3
19646,19646,1503612614091,-5,-9,-3,-1,-1,0,0,-1
19647,19647,1503612614098,5,0,0,0,-1,2,1,1
19648,19648,1503612614105,-17,-1,0,0,-1,-1,-2,-3
19649,19649,1503612614119,-5,-3,0,-1,-1,-1,-1,-5
19650,19650,1503612614128,-11,0,0,0,0,1,-2,-8
19651,19651,1503612614135,-4,-1,-1,1,1,-3,-2,-6
19652,19652,1503612614150,11,2,0,-1,-2,-1,-3,1
19653,19653,1503612614162,-2,-4,-2,-1,-2,0,-1,1
19654,19654,1503612614172,-3,-5,0,0,-1,-1,2,1
19655,19655,1503612614179,-3,2,-3,-2,0,0,1,1
19656,19656,1503612614191,1,1,0,-1,0,1,2,2
19657,19657,1503612614196,-16,1,2,1,-1,-1,0,-3
19658,19658,1503612614210,3,-1,-2,-1,-1,-3,-2,1
19659,19659,1503612614218,-4,-2,-4,-2,-1,0,2,-6
19660,19660,1503612614225,6,3,-2,-1,-1,-2,2,2
19661,19661,1503612614226,-6,-2,1,0,-2,-2,-4,-6
19662,19662,1503612614239,17,-1,0,0,-1,2,1,5
19663,19663,1503612614247,-3,-6,-4,-4,-2,-3,-4,0
19664,19664,1503612614258,1,3,0,0,0,-2,-1,3
19665,19665,1503612614270,-4,-1,-3,-1,0,0,0,0
19666,19666,1503612614277,2,-2,1,-3,-1,-2,0,-1
19667,19667,1503612614285,4,1,0,-1,-1,0,1,1
19668,19668,1503612614299,4,-5,-2,-2,1,0,0,-2
19669,19669,1503612614300,-2,2,1,0,-3,0,0,-4
19670,19670,1503612614307,-8,-3,-1,-2,2,0,3,0
19671,19671,1503612614315,-13,-15,-4,-1,0,-2,-4,-8
19672,19672,1503612614330,1,-10,-5,-1,-3,-2,-3,-2
19673,19673,1503612614337,-1,6,2,0,-2,-1,-1,1
19674,19674,1503612614345,1,1,1,0,0,-2,0,0
19675,19675,1503612614360,-2,0,-3,-2,-2,-1,-2,0
19676,19676,1503612614368,0,6,1,0,0,1,1,2
19677,19677,1503612614382,-2,-4,-2,-2,-1,-2,-2,2
19678,19678,1503612614392,-2,-2,-2,-1,-1,0,-2,-1
19679,19679,1503612614393,2,-2,2,1,-1,1,-1,-1
19680,19680,1503612614398,9,-6,-2,0,0,0,2,0
19681,19681,1503612614405,-15,47,19,5,2,0,-2,-8
19682,19682,1503612614419,2,1,1,0,1,0,1,4
19683,19683,1503612614429,8,-19,-9,-3,-2,-1,-3,0
19684,19684,1503612614436,-12,7,3,1,0,-1,1,0
19685,19685,1503612614450,11,-3,-3,-2,-3,-4,-1,2
19686,19686,1503612614460,9,5,1,-1,-1,0,-2,1
19687,19687,1503612614465,-12,3,1,0,-2,1,-2,-5
19688,19688,1503612614466,4,7,3,1,0,2,-2,-3
19689,19689,1503612614479,-3,-1,-1,-1,-2,-2,-3,-3
19690,19690,1503612614487,7,-5,-1,0,0,-2,-2,0
19691,19691,1503612614499,2,2,-3,-2,-2,-1,-3,-1
19692,19692,1503612614500,1,-10,2,0,0,-1,-2,-4
19693,19693,1503612614510,5,-6,-3,-3,-2,-1,-1,0
19694,19694,1503612614517,2,0,0,-2,-1,-1,3,7
19695,19695,1503612614527,-20,-9,-4,-2,1,0,0,-2
19696,19696,1503612614539,12,-1,-3,0,0,-1,-2,-1
19697,19697,1503612614540,2,9,1,1,0,1,1,2
19698,19698,1503612614547,-2,2,0,0,-2,0,0,3
19699,19699,1503612614555,-1,-7,-5,-3,-1,-3,0,0
19700,19700,1503612614570,-14,-3,0,-1,-1,0,0,-2
19701,19701,1503612614577,10,0,1,-1,-2,-1,-3,-4
19702,19702,1503612614594,-6,-12,-6,-1,0,0,4,3
19703,19703,1503612614599,-4,10,1,0,-2,0,-2,-4
19704,19704,1503612614607,5,-7,-2,-1,0,1,2,-3
19705,19705,1503612614615,4,-9,-5,0,-1,2,-1,1
19706,19706,1503612614631,-2,1,-2,0,0,-2,1,3
19707,19707,1503612614637,-12,-2,-2,0,0,0,0,-2
19708,19708,1503612614638,13,3,-1,-2,-2,-2,0,0
19709,19709,1503612614652,-5,0,0,-1,0,-1,-2,-6
19710,19710,1503612614662,-4,-3,-2,-2,-2,-3,0,0
19711,19711,1503612614668,8,-4,-4,-2,-2,-6,-6,-5
19712,19712,1503612614675,-7,-1,-2,-1,0,0,-2,4
19713,19713,1503612614690,-2,-5,-5,-3,-1,1,-1,3
19714,19714,1503612614698,2,2,1,2,0,-2,-2,-3
19715,19715,1503612614712,0,-2,2,1,0,2,2,4
19716,19716,1503612614719,0,-3,-1,1,-1,-1,-4,-7
19717,19717,1503612614728,-3,3,-2,1,2,-2,-2,-6
19718,19718,1503612614742,-10,-2,-1,-1,-1,-1,-2,-7
19719,19719,1503612614750,10,4,3,0,-2,1,0,0
19720,19720,1503612614757,-10,-6,-4,-2,-1,-2,-6,-14
19721,19721,1503612614773,-10,-3,-1,-2,-2,-2,-4,0
19722,19722,1503612614779,-9,-3,0,-1,-3,-1,-4,-9
19723,19723,1503612614787,0,2,-2,0,0,-2,-1,-1
19724,19724,1503612614803,21,2,-1,1,4,-1,3,8
19725,19725,1503612614810,-1,3,3,-2,-6,-1,0,-2
19726,19726,1503612614818,-5,0,-2,-3,-4,-3,1,4
19727,19727,1503612614833,7,3,0,0,-1,-1,4,0
19728,19728,1503612614839,0,0,0,1,0,-2,-4,-5
19729,19729,1503612614840,-5,-6,-5,-4,-7,-2,4,-1
19730,19730,1503612614847,8,9,6,2,0,3,3,5
19731,19731,1503612614862,-9,4,0,-1,-5,2,0,-5
19732,19732,1503612614870,29,25,13,2,2,-1,-3,-3
19733,19733,1503612614877,5,2,-1,0,3,1,-1,5
19734,19734,1503612614894,-6,-12,-8,-2,-9,-1,-4,-5
19735,19735,1503612614899,-2,3,2,1,1,0,6,7
19736,19736,1503612614908,-9,-7,-6,-2,-2,-1,3,0
19737,19737,1503612614922,-3,-10,-6,-2,0,-2,-3,2
19738,19738,1503612614930,-1,0,-2,3,4,2,2,7
19739,19739,1503612614938,3,-2,-6,-2,-4,-1,-2,4
19740,19740,1503612614953,-15,9,7,2,0,-3,-3,-9
19741,19741,1503612614960,4,-4,-1,-1,1,-1,-1,-2
19742,19742,1503612614968,4,-4,-4,-2,1,0,3,-6
19743,19743,1503612614982,-16,4,6,0,0,0,0,8
19744,19744,1503612614990,-10,-10,-6,-3,2,-1,-4,4
19745,19745,1503612614998,-1,-10,-7,-3,-2,0,-5,-11
19746,19746,1503612615013,-15,9,3,-2,-1,-3,-2,-9
19747,19747,1503612615019,0,18,7,3,2,0,2,-3
19748,19748,1503612615029,14,14,3,0,0,-1,5,16
19749,19749,1503612615042,11,0,1,0,2,1,5,13
19750,19750,1503612615050,-6,-11,-6,-3,-2,-3,-1,-3
19751,19751,1503612615057,-4,-2,0,-1,-1,-4,-7,-17
19752,19752,1503612615072,6,-9,-6,-2,-1,-2,-5,-2
19753,19753,1503612615079,4,-9,-8,-3,-2,-1,1,3
19754,19754,1503612615087,-7,-8,-3,-1,1,1,-2,2
19755,19755,1503612615102,3,1,2,1,3,0,3,1
19756,19756,1503612615110,2,3,-1,-2,0,0,1,-1
19757,19757,1503612615117,-6,0,-3,1,0,-2,-7,-7
19758,19758,1503612615133,-3,-3,-2,-2,-1,0,-3,-3
19759,19759,1503612615139,-4,1,2,0,2,1,0,-1
19760,19760,1503612615147,-10,-5,-2,-1,-3,-5,-1,-2
19761,19761,1503612615166,-16,-1,1,1,1,0,0,0
19762,19762,1503612615170,-5,-3,-2,-2,0,0,0,-1
19763,19763,1503612615177,-8,-11,-3,-1,-1,1,0,-4
19764,19764,1503612615178,3,5,0,-1,-3,-2,2,1
19765,19765,1503612615192,20,7,3,1,-1,-1,0,8
19766,19766,1503612615199,6,-4,-3,-1,-1,1,-2,5
19767,19767,1503612615207,-3,-2,-1,2,3,1,-3,-1
19768,19768,1503612615222,-1,-2,-2,-1,-4,-2,-1,-25
19769,19769,1503612615231,-3,-13,-4,-3,1,-1,5,-1
19770,19770,1503612615239,4,0,-2,-2,-3,-2,4,25
19771,19771,1503612615252,-6,1,0,2,1,1,-4,-12
19772,19772,1503612615259,14,0,-2,-3,0,-2,-4,-13
19773,19773,1503612615268,1,-2,-3,-1,-1,-2,-4,12
19774,19774,1503612615282,-2,2,-1,0,0,1,-5,-9
19775,19775,1503612615290,-2,-2,1,0,-2,0,2,2
19776,19776,1503612615298,4,1,2,0,1,0,-1,8
19777,19777,1503612615312,-8,-2,-4,-2,0,-2,0,-2
19778,19778,1503612615319,-10,0,-1,1,-1,0,2,2
19779,19779,1503612615327,10,3,1,-2,-1,-1,0,36
19780,19780,1503612615342,-7,-5,-3,-2,1,1,-4,-1
19781,19781,1503612615350,2,-4,1,0,-4,-2,-4,1
19782,19782,1503612615357,9,-5,-2,-2,1,1,6,19
19783,19783,1503612615358,-4,3,2,0,-1,-1,5,13
19784,19784,1503612615373,-8,-6,-4,-2,-1,-1,0,-16
19785,19785,1503612615379,-8,-7,-5,-1,-1,1,-2,-14
19786,19786,1503612615388,-5,3,-1,-1,-3,0,1,-17
19787,19787,1503612615403,-1,-6,-5,-4,-2,-3,-3,2
19788,19788,1503612615410,3,3,-1,0,0,-2,-12,-19
19789,19789,1503612615417,11,2,2,1,1,0,2,39
19790,19790,1503612615433,1,-3,-1,0,3,0,4,1
19791,19791,1503612615441,0,-3,-2,-2,-2,-3,-2,10
19792,19792,1503612615447,-4,1,0,0,-3,2,1,-5
19793,19793,1503612615463,21,4,2,0,-1,-2,-3,27
19794,19794,1503612615464,-23,-1,-1,0,0,-1,-9,-94
19795,19795,1503612615477,0,1,2,0,-1,-5,-16,-4
19796,19796,1503612615478,-1,0,-1,0,0,-1,4,0
19797,19797,1503612615485,17,2,-3,-2,-3,0,-1,10
19798,19798,1503612615492,-7,-9,-6,-3,-1,-2,-2,-18
19799,19799,1503612615500,21,1,6,1,1,2,6,0
19800,19800,1503612615508,12,1,-1,-2,-2,-2,0,-25
19801,19801,1503612615523,4,4,-1,0,-2,0,-3,10
19802,19802,1503612615533,2,-2,1,1,-1,-1,-1,14
19803,19803,1503612615545,-8,-2,-3,-1,1,-2,5,-6
19804,19804,1503612615552,-6,14,5,0,1,0,0,0
19805,19805,1503612615560,-9,17,8,3,1,0,1,16
19806,19806,1503612615567,1,4,6,-2,0,-2,-6,5
19807,19807,1503612615583,-9,-9,-4,-1,-2,-1,-7,-22
19808,19808,1503612615590,-5,0,-2,-1,-3,0,-5,-8
19809,19809,1503612615605,-3,-1,0,-2,-2,-1,2,36
19810,19810,1503612615612,-3,-7,-5,-1,0,1,3,-4
19811,19811,1503612615620,-4,-8,-5,-2,-1,-3,-2,-45
19812,19812,1503612615638,4,-2,-2,-2,-2,0,5,17
19813,19813,1503612615644,5,-3,-6,-1,-1,0,-4,4
19814,19814,1503612615650,-9,-3,-1,-1,0,-2,-7,-6
19815,19815,1503612615667,2,1,2,1,-2,0,-1,7
19816,19816,1503612615672,4,-14,-7,-2,-1,0,3,13
19817,19817,1503612615680,-5,-1,-2,-1,0,-2,-7,3
19818,19818,1503612615696,10,-3,-2,0,-1,0,-1,2
19819,19819,1503612615703,12,-8,-8,-3,-3,-3,1,5
19820,19820,1503612615710,-2,6,0,1,0,-1,-3,2
19821,19821,1503612615726,2,-4,-1,-1,-1,0,4,35
19822,19822,1503612615727,-12,-10,-4,-3,-1,2,3,-29
19823,19823,1503612615735,5,3,0,-1,1,0,-4,2
19824,19824,1503612615741,12,8,7,2,0,1,7,13
19825,19825,1503612615755,-2,2,1,1,-2,-3,0,-9
19826,19826,1503612615767,-12,-3,0,0,2,-2,-2,4
19827,19827,1503612615770,5,3,2,-1,0,-1,4,14
19828,19828,1503612615786,0,7,3,0,-2,-2,-14,-1
19829,19829,1503612615792,-7,6,-2,-3,-2,-1,0,-15
19830,19830,1503612615803,-3,0,0,-1,1,0,4,2
19831,19831,1503612615815,5,-7,-2,-2,-1,1,0,3
19832,19832,1503612615823,2,4,1,-1,-2,-2,0,11
19833,19833,1503612615830,-8,3,0,0,-1,-1,1,-3
19834,19834,1503612615845,-7,-6,-4,-1,-1,0,-2,1
19835,19835,1503612615853,-7,-2,-2,-1,-2,-1,-5,-3
19836,19836,1503612615869,-4,2,2,-1,1,0,0,1
19837,19837,1503612615875,-2,-8,0,2,1,0,-2,3
19838,19838,1503612615891,-8,2,-2,-3,0,-1,0,0
19839,19839,1503612615912,-6,-3,-4,-1,-3,-3,1,-1
19840,19840,1503612615913,-14,-3,-2,-3,-1,-1,-3,-3
19841,19841,1503612615920,-7,-1,-1,-1,0,-1,-3,-1
19842,19842,1503612615936,14,6,2,1,0,0,0,6
19843,19843,1503612615944,2,11,2,-1,-1,-1,2,2
19844,19844,1503612615950,-2,-8,-4,-1,0,0,1,0
19845,19845,1503612615965,-2,-5,-2,-1,-1,-1,-1,-1
19846,19846,1503612615973,-1,-4,-3,-1,-2,-2,-4,0
19847,19847,1503612615980,3,7,1,1,0,1,3,-1
19848,19848,1503612615995,-14,-1,1,-1,-1,-5,-11,-12
19849,19849,1503612616006,-11,-10,-3,-2,0,1,1,-2
19850,19850,1503612616011,7,0,2,1,0,0,4,1
19851,19851,1503612616025,2,-2,-1,-2,0,-1,-2,1
19852,19852,1503612616032,2,2,1,0,-1,0,2,-1
19853,19853,1503612616041,2,-4,0,-1,-2,-1,-5,-5
19854,19854,1503612616055,8,1,-2,-3,-8,2,-3,-1
19855,19855,1503612616063,1,7,4,1,1,-3,-4,2
19856,19856,1503612616070,-3,-3,-2,1,3,1,5,1
19857,19857,1503612616085,-4,-2,-3,-3,-1,1,-2,0
19858,19858,1503612616092,5,1,0,1,1,-1,-4,0
19859,19859,1503612616108,-11,-1,0,1,1,-2,7,2
19860,19860,1503612616115,4,-7,-3,1,-1,-1,0,-1
19861,19861,1503612616123,-4,-5,-3,-1,3,-1,-2,-2
19862,19862,1503612616130,-6,2,1,0,-2,0,1,2
19863,19863,1503612616145,8,10,7,2,-1,2,5,0
19864,19864,1503612616155,12,-3,-4,-3,0,-2,3,1
19865,19865,1503612616171,24,9,6,-2,-4,-1,-3,-1
19866,19866,1503612616176,-9,0,0,-1,-3,1,-1,-1
19867,19867,1503612616183,-6,-11,-6,-4,-2,-2,-11,-5
19868,19868,1503612616190,18,1,0,0,-2,-1,4,11
19869,19869,1503612616207,-3,-18,-5,1,2,-2,-8,-5
19870,19870,1503612616212,-15,-3,1,-1,1,-1,0,-2
19871,19871,1503612616228,-4,3,-2,-1,-3,-1,1,-9
19872,19872,1503612616235,13,-12,-2,0,-1,-2,-5,60
19873,19873,1503612616243,-13,-1,-3,-2,-2,1,2,-5
19874,19874,1503612616250,-6,0,-1,-1,-1,0,0,-5
19875,19875,1503612616265,-5,8,1,-1,-2,-1,-3,4
19876,19876,1503612616273,-5,2,-2,-1,-2,-1,4,-13
19877,19877,1503612616288,1,-5,-4,-1,-2,-2,8,-5
19878,19878,1503612616295,-8,2,-2,-1,-8,-2,-7,-20
19879,19879,1503612616305,10,-1,-1,0,-3,1,1,11
19880,19880,1503612616310,-11,0,-2,-2,-3,-1,-1,-9
19881,19881,1503612616325,-12,-2,-2,-1,-2,-1,0,-39
19882,19882,1503612616332,0,3,0,-4,-5,0,-4,-12
19883,19883,1503612616348,-4,0,-2,-1,-2,-1,-1,9
19884,19884,1503612616355,4,-5,-7,-4,-1,-3,-3,-12
19885,19885,1503612616363,23,5,1,1,0,-1,-2,10
19886,19886,1503612616372,-2,3,-1,-3,1,-4,1,-2
19887,19887,1503612616385,-7,3,-2,-1,1,1,1,-25
19888,19888,1503612616392,1,11,3,3,3,0,1,6
19889,19889,1503612616408,1,-3,-4,-5,-2,-2,-1,21
19890,19890,1503612616415,6,-8,-3,0,-1,0,3,40
19891,19891,1503612616423,7,-1,2,0,0,-1,-4,6
19892,19892,1503612616430,-5,3,6,2,3,1,2,6
19893,19893,1503612616447,5,0,-2,-2,0,-3,-1,16
19894,19894,1503612616453,-4,-7,-2,1,-1,1,-3,-23
19895,19895,1503612616468,7,10,1,-1,-1,-1,-12,-11
19896,19896,1503612616475,-6,1,1,-1,2,-2,-10,-13
19897,19897,1503612616483,-5,-8,-3,-1,0,-2,2,3
19898,19898,1503612616490,-8,-5,-2,-2,0,-2,-4,-18
19899,19899,1503612616506,8,-3,-3,-3,-1,-2,1,4
19900,19900,1503612616507,-8,-1,2,0,-1,0,-1,1
19901,19901,1503612616514,2,1,-2,-1,0,-1,3,-3
19902,19902,1503612616528,1,-3,-1,-1,-1,0,1,10
19903,19903,1503612616535,2,-3,-3,0,-1,0,0,-4
19904,19904,1503612616543,4,-2,1,-1,0,-1,4,-5
19905,19905,1503612616557,2,2,0,-2,-1,0,1,1
19906,19906,1503612616565,-3,-3,-3,-1,0,0,-1,-4
19907,19907,1503612616573,2,1,0,-2,-6,-2,1,3
19908,19908,1503612616588,-6,-6,0,1,0,0,6,3
19909,19909,1503612616595,-3,0,0,2,0,-2,1,-7
19910,19910,1503612616603,-5,-1,-1,-2,-4,0,-1,-1
19911,19911,1503612616617,-9,-1,-3,-1,1,-1,-4,-4
19912,19912,1503612616625,-3,-2,0,0,0,-1,-2,1
19913,19913,1503612616632,8,23,9,3,3,1,0,-1
19914,19914,1503612616648,-1,-5,-2,4,8,0,-4,-6
19915,19915,1503612616655,-4,-10,-3,-1,0,1,3,-2
19916,19916,1503612616663,-1,2,-1,-3,-5,-2,3,3
19917,19917,1503612616678,-4,-3,1,5,10,2,5,-3
19918,19918,1503612616685,-4,-2,-1,-3,-3,-2,-7,-5
19919,19919,1503612616692,3,-5,-3,-5,-5,-2,-4,0
19920,19920,1503612616708,-6,2,0,0,1,1,3,0
19921,19921,1503612616709,1,0,1,1,3,-1,5,-1
19922,19922,1503612616716,-1,-5,-2,-1,0,-1,1,0
19923,19923,1503612616723,12,6,-3,1,5,-1,-2,2
19924,19924,1503612616737,4,-5,-2,1,0,0,-2,1
19925,19925,1503612616746,-4,-2,-3,-4,-3,-1,2,0
19926,19926,1503612616752,0,-2,-2,-2,0,-1,-2,-28
19927,19927,1503612616768,0,-2,0,0,-2,0,-1,1
19928,19928,1503612616777,-4,-4,-2,-3,-12,-2,-3,8
19929,19929,1503612616784,-4,1,0,0,-1,-2,-7,-8
19930,19930,1503612616798,0,1,0,2,5,0,-4,3
19931,19931,1503612616808,-5,0,0,-2,-2,-2,-2,5
19932,19932,1503612616813,1,5,-1,-1,-2,-1,6,7
19933,19933,1503612616828,-3,2,-2,-1,4,1,-4,-3
19934,19934,1503612616835,2,0,-2,-3,0,-4,0,2
19935,19935,1503612616845,1,-7,-4,-2,-4,0,8,-5
19936,19936,1503612616857,0,-1,-1,0,0,-1,-3,-4
19937,19937,1503612616865,-5,-5,0,-3,-4,-1,-7,-6
19938,19938,1503612616872,-13,-12,-5,1,4,-1,-2,-58
19939,19939,1503612616888,0,0,-1,-1,-2,-3,1,4
19940,19940,1503612616895,1,0,-3,-3,-4,-2,-3,21
19941,19941,1503612616903,3,4,1,2,-2,-2,1,-4
19942,19942,1503612616918,-1,0,-3,-1,-1,-2,-3,2
19943,19943,1503612616925,-2,1,2,0,-1,-1,3,11
19944,19944,1503612616932,0,-2,2,0,-2,2,2,6
19945,19945,1503612616947,7,-6,-2,-1,-1,3,6,35
19946,19946,1503612616955,-2,6,3,0,2,4,11,18
19947,19947,1503612616963,19,7,0,-1,-3,-2,-6,-16
19948,19948,1503612616978,3,-2,1,0,-2,-2,-1,13
19949,19949,1503612616986,-15,1,-2,0,-3,1,-1,-21
19950,19950,1503612616992,3,5,0,0,-1,-1,-10,-3
19951,19951,1503612617011,-2,-5,-2,-1,0,1,4,23
19952,19952,1503612617015,-4,-6,-3,0,-1,1,1,3
19953,19953,1503612617023,4,0,-1,-1,1,0,2,1
19954,19954,1503612617037,-2,4,1,-2,-1,-2,0,1
19955,19955,1503612617047,-7,-2,0,0,-2,-1,-5,-8
19956,19956,1503612617053,3,0,0,0,-1,0,-2,0
19957,19957,1503612617068,-3,0,-2,-1,-1,-1,-5,-7
19958,19958,1503612617079,-1,0,-2,-1,-3,-1,-2,-41
19959,19959,1503612617083,-1,-2,-2,2,1,0,-1,-4
19960,19960,1503612617097,-6,-12,-5,-3,-1,0,-5,8
19961,19961,1503612617105,-6,-2,-3,-1,-1,-2,-4,-3
19962,19962,1503612617112,11,-3,-2,-1,-1,-1,1,11
19963,19963,1503612617128,-1,-3,-2,-1,-1,0,1,4
19964,19964,1503612617135,5,-4,-1,-2,-2,0,-1,6
19965,19965,1503612617145,-2,0,0,-3,-1,-2,-4,-7
19966,19966,1503612617157,-5,0,-1,-1,1,0,-3,-1
19967,19967,1503612617165,1,-1,2,-1,-2,-1,1,0
19968,19968,1503612617172,2,-5,-4,-3,-2,-2,-2,7
19969,19969,1503612617188,12,-2,-1,2,0,0,1,-6
19970,19970,1503612617195,-6,-9,-3,0,-1,0,3,3
19971,19971,1503612617203,-3,12,4,1,-1,0,0,-2
19972,19972,1503612617217,-1,7,3,0,0,-1,0,-1
19973,19973,1503612617225,-4,1,-2,-1,0,2,2,4
19974,19974,1503612617232,-2,3,2,-2,-1,-2,-4,-2
19975,19975,1503612617248,-1,-5,-4,-2,-1,-3,-5,-5
19976,19976,1503612617255,-1,0,-2,-1,-2,-1,-2,-2
19977,19977,1503612617263,-2,-2,-3,-4,-1,0,4,10
19978,19978,1503612617280,-4,-4,-3,-2,0,0,-1,-6
19979,19979,1503612617281,-1,2,2,0,-1,-2,-1,-2
19980,19980,1503612617286,2,-1,0,-2,0,-2,-2,43
20232,20232,1503612619752,-6,-4,-1,-2,0,0,0,0
20233,20233,1503612619765,-6,-3,-3,-2,0,-1,1,-3
20234,20234,1503612619775,0,2,2,-1,2,-2,0,1
20235,20235,1503612619781,-3,-1,-1,0,0,0,-3,-4
20236,20236,1503612619790,0,0,0,-2,0,-2,-2,-1
20237,20237,1503612619805,3,0,-2,-2,-3,-2,-1,1
20238,20238,1503612619812,1,-3,-2,0,-1,-1,1,3
20239,20239,1503612619820,2,0,-1,-1,-3,-1,-2,-3
20240,20240,1503612619835,-5,-1,0,1,0,2,-1,-3
20241,20241,1503612619841,4,-3,-1,0,0,-2,0,2
20242,20242,1503612619849,-3,1,-1,2,1,-1,1,1
20243,20243,1503612619850,-1,-1,0,0,0,-1,2,2
20244,20244,1503612619864,2,-1,0,1,0,0,-1,0
20245,20245,1503612619872,3,-2,-4,-1,0,-1,-1,1
20246,20246,1503612619880,5,-1,-2,-4,-1,-1,-1,3
20247,20247,1503612619899,-4,2,-2,-1,-3,-1,-3,-3
20248,20248,1503612619903,-1,-2,-1,-1,-1,-1,-4,-4
20249,20249,1503612619917,-3,-2,0,-3,-2,0,-1,-3
20250,20250,1503612619924,-8,1,-3,-1,-3,-2,2,0
20251,20251,1503612619934,-2,-1,-1,0,-1,-1,-1,-1
20252,20252,1503612619940,-1,0,1,0,1,-9,-2,0
20253,20253,1503612619955,2,0,-1,1,1,6,3,2
20254,20254,1503612619964,1,0,1,0,0,3,-2,-1
20255,20255,1503612619970,-10,-6,-3,-1,2,-1,-3,-3
20256,20256,1503612619984,12,1,1,-3,1,1,6,7
20257,20257,1503612619992,10,1,2,3,2,1,2,5
20258,20258,1503612620004,1,-2,-4,0,-2,-2,0,-1
20259,20259,1503612620015,10,-5,-3,0,-2,-1,-2,-4
20260,20260,1503612620022,-4,0,0,0,2,-1,-5,-5
20261,20261,1503612620033,0,1,-1,-3,-2,-5,-2,0
20262,20262,1503612620044,-3,0,-1,-1,0,5,-1,-1
20263,20263,1503612620052,-6,-2,-1,-3,-4,-9,-4,-2
20264,20264,1503612620060,-1,1,0,-1,1,2,5,5
20265,20265,1503612620075,-3,0,-3,-2,1,3,-2,-1
20266,20266,1503612620082,-8,0,1,-1,-2,5,1,-5
20267,20267,1503612620090,5,-2,0,-4,-3,3,-1,-2
20268,20268,1503612620104,2,9,3,-3,-3,-4,-6,-8
20269,20269,1503612620112,-2,2,1,3,3,3,2,-2
20270,20270,1503612620126,-12,-5,0,3,1,-1,2,0
20271,20271,1503612620135,-5,-1,-4,-4,-7,-17,-8,-4
20272,20272,1503612620142,1,0,-2,-1,1,-4,-4,2
20273,20273,1503612620150,1,-1,2,0,-7,7,5,7
20274,20274,1503612620167,4,-5,-2,-1,-2,-3,-4,-3
20275,20275,1503612620173,-11,-1,-1,-1,1,1,0,-2
20276,20276,1503612620180,2,2,-1,0,1,5,2,2
20277,20277,1503612620195,-5,-7,-2,-3,-4,-5,-6,-4
20278,20278,1503612620203,1,-5,-2,-3,-7,-1,0,-1
20279,20279,1503612620210,3,-3,-2,-1,0,-5,-1,0
20280,20280,1503612620224,3,-1,1,0,-1,2,-1,1
20281,20281,1503612620233,2,6,1,-1,4,3,4,1
20282,20282,1503612620241,-7,2,0,2,0,2,3,3
20283,20283,1503612620255,-2,1,0,1,-3,3,-3,-6
20284,20284,1503612620262,2,11,5,0,4,-1,3,-2
20285,20285,1503612620270,3,-6,-5,-2,-4,-2,1,0
20286,20286,1503612620284,5,-3,-1,-1,-1,-3,-4,-5
20287,20287,1503612620292,-6,-2,0,-4,-3,5,4,1
20288,20288,1503612620307,8,-4,-6,-4,-3,-5,-6,-5
20289,20289,1503612620315,-9,-2,1,0,6,-2,-2,-1
20290,20290,1503612620322,-7,-5,-2,-2,-2,-10,-15,-2
20291,20291,1503612620337,7,1,-2,-2,-7,-7,-2,0
20292,20292,1503612620344,-6,0,2,1,1,8,2,-1
20293,20293,1503612620352,6,-2,-1,4,10,8,-5,-12
20294,20294,1503612620367,-16,-7,-2,-1,2,2,3,-5
20295,20295,1503612620375,-5,-3,-1,-2,-5,-3,5,1
20296,20296,1503612620382,5,-2,-3,-2,-2,2,-2,-1
20297,20297,1503612620400,-2,6,3,0,-10,-2,-16,-6
20298,20298,1503612620404,7,1,-2,0,-2,-9,-3,4
20299,20299,1503612620412,-2,-4,-7,-4,2,-3,-1,2
20300,20300,1503612620426,-13,4,3,3,2,-4,0,-4
20301,20301,1503612620436,3,4,1,1,5,2,5,6
20302,20302,1503612620442,0,-2,-1,-2,-3,11,4,-1
20303,20303,1503612620457,-18,1,3,2,2,-3,-2,-8
20304,20304,1503612620464,-14,-1,2,2,3,-4,-3,-2
20305,20305,1503612620473,-13,0,1,-1,-1,-10,3,3
20306,20306,1503612620487,15,-3,-2,1,12,7,11,10
20307,20307,1503612620494,-5,5,1,-3,-11,1,-1,36
20308,20308,1503612620495,-10,-1,1,1,5,2,-7,-82
20309,20309,1503612620503,-3,3,-4,-4,-7,-14,2,6
20310,20310,1503612620517,6,-5,-3,-2,-10,-4,5,22
20311,20311,1503612620524,3,-1,2,1,-20,-17,-19,-13
20312,20312,1503612620536,-3,0,2,5,2,5,4,-51
20313,20313,1503612620547,14,15,5,1,-3,-1,-1,17
20314,20314,1503612620554,0,0,1,-2,0,2,-4,26
20315,20315,1503612620562,-11,-10,-5,3,-4,-9,-10,-24
20316,20316,1503612620577,6,-2,-1,-3,7,8,10,15
20317,20317,1503612620584,2,0,-2,-2,2,13,16,14
20318,20318,1503612620592,3,-5,-1,-2,-5,-1,-8,18
20319,20319,1503612620607,11,-6,-1,0,10,11,6,4
20320,20320,1503612620615,10,3,-2,-3,-6,-4,4,16
20321,20321,1503612620622,-43,-8,2,6,10,7,0,-24
20322,20322,1503612620638,-5,3,0,-1,-1,-2,-1,7
20323,20323,1503612620644,-13,0,-2,-5,-3,0,-4,17
20324,20324,1503612620652,8,1,-1,4,10,4,8,7
20325,20325,1503612620669,-5,-3,-2,-5,-1,-4,7,-2
20326,20326,1503612620676,-6,1,0,-4,-2,0,-8,-8
20327,20327,1503612620682,42,-6,-6,-4,-2,1,9,-11
20328,20328,1503612620697,0,-5,-1,-1,-8,1,-1,22
20329,20329,1503612620706,-1,-1,-1,-5,-20,-14,-19,11
20330,20330,1503612620712,4,-4,-3,-1,-3,11,15,-17
20331,20331,1503612620728,17,-1,1,5,1,0,6,-3
20332,20332,1503612620736,-14,-5,-4,-8,-22,-18,-19,-74
20333,20333,1503612620750,3,32,13,0,4,-1,-10,-14
20334,20334,1503612620757,17,-3,-1,-1,2,1,8,34
20335,20335,1503612620770,-19,-11,-4,-1,9,14,8,0
20336,20336,1503612620771,1,-16,-6,3,4,1,-13,-23
20337,20337,1503612620772,-7,5,-1,3,-2,-10,-16,16
20338,20338,1503612620788,-12,-3,-4,-11,-7,8,-9,23
20339,20339,1503612620794,2,-3,-2,-1,1,-2,1,-13
20340,20340,1503612620795,5,-5,-1,-7,-23,3,7,83
20341,20341,1503612620811,-6,-2,-5,-5,10,11,10,0
20342,20342,1503612620817,3,-2,-3,-3,1,-18,-16,-11
20343,20343,1503612620825,20,6,4,4,7,-4,2,-16
20344,20344,1503612620833,-17,22,7,8,26,11,6,-92
20345,20345,1503612620848,-3,-3,-6,1,-14,-4,2,10
20346,20346,1503612620854,-5,-2,-3,-2,12,-4,-4,15
20347,20347,1503612620870,-15,-1,0,-4,-7,-7,3,1
20348,20348,1503612620878,4,-4,0,-1,6,-1,-2,11
20349,20349,1503612620885,6,2,-1,-2,6,-5,-4,18
20350,20350,1503612620892,-1,-7,-1,1,-5,-17,3,-4
20351,20351,1503612620908,-2,0,-3,-6,-17,2,-1,-28
20352,20352,1503612620914,-12,-13,-2,-1,6,6,12,26
20353,20353,1503612620915,12,3,-2,2,-13,-2,-6,-20
20354,20354,1503612620930,-9,-7,-2,-5,-16,-3,12,3
20355,20355,1503612620937,14,1,-1,1,-15,-2,3,50
20356,20356,1503612620946,7,39,14,5,3,-1,-10,-9
20357,20357,1503612620952,8,-1,0,0,4,4,4,7
20358,20358,1503612620969,-10,-14,-5,-3,8,-2,-13,12
20359,20359,1503612620975,-9,0,0,2,15,2,8,-7
20360,20360,1503612620990,9,-9,-2,9,-6,-6,2,5
20361,20361,1503612620997,-6,-2,0,5,48,22,3,-6
20362,20362,1503612621011,0,1,0,-3,-23,4,5,-4
20363,20363,1503612621012,1,-8,-5,-4,10,-8,2,50
20364,20364,1503612621014,-3,7,3,-2,-12,-2,-5,9
20365,20365,1503612621028,1,7,1,2,1,3,8,15
20366,20366,1503612621039,0,-10,-5,-4,-12,2,-6,1
20367,20367,1503612621050,-8,-9,-3,1,-1,-3,-7,-23
20368,20368,1503612621057,-2,-4,-2,-4,0,6,-6,-11
20369,20369,1503612621065,5,-4,1,0,-1,-7,0,-7
20370,20370,1503612621077,-8,-6,-4,-3,-9,-4,-3,-2
20371,20371,1503612621088,-9,-4,-3,-2,-1,1,4,-5
20372,20372,1503612621095,5,7,4,1,4,-7,-9,-7
20373,20373,1503612621110,1,-4,2,8,20,12,-2,-16
20374,20374,1503612621117,0,2,-2,-4,-16,-14,-21,2
20375,20375,1503612621125,-1,-2,-4,-3,-2,-4,-1,0
20376,20376,1503612621132,0,2,1,2,-9,-4,5,33
20377,20377,1503612621148,-5,5,-1,-6,-24,-1,-23,-18
20378,20378,1503612621154,2,-1,-2,-3,-3,-7,3,1
20379,20379,1503612621172,-5,-5,-2,-3,-2,-1,8,-2
20380,20380,1503612621177,0,-3,-3,-2,-7,1,4,-9
20381,20381,1503612621185,-4,-5,-2,1,1,-6,-5,-4
20382,20382,1503612621192,-3,-2,1,1,13,7,-2,-3
20383,20383,1503612621208,-1,-3,-2,-1,4,-5,0,2
20384,20384,1503612621215,-1,-3,-1,-5,-8,8,8,-9
20385,20385,1503612621230,-1,0,-1,-1,2,0,3,1
20386,20386,1503612621241,-3,0,0,1,1,-6,1,-6
20387,20387,1503612621245,-1,-3,-2,-3,1,7,7,3
20388,20388,1503612621260,3,-1,-2,-3,-8,2,11,-4
20389,20389,1503612621268,1,1,2,2,5,1,-2,3
20390,20390,1503612621275,-2,-1,-1,1,1,-2,-7,-2
20391,20391,1503612621290,-1,0,-2,-2,0,-1,7,-1
20392,20392,1503612621297,-1,-1,-1,4,5,-1,6,-60
20393,20393,1503612621308,-1,0,-2,0,-1,3,-1,3
20394,20394,1503612621320,6,-3,-3,0,-1,0,1,19
20395,20395,1503612621327,-1,-4,-3,-1,-7,0,2,-6
20396,20396,1503612621335,-1,0,-2,-2,-9,-2,-3,15
20397,20397,1503612621350,0,0,0,0,5,1,2,3
20398,20398,1503612621357,-3,0,-2,-3,-7,-7,-3,7
20399,20399,1503612621365,0,-1,0,1,4,0,7,1
20400,20400,1503612621380,-3,-1,-1,-1,5,3,-4,-3
20401,20401,1503612621388,0,1,1,-1,-15,-5,-9,1
20402,20402,1503612621394,9,2,-5,-5,-3,3,3,12
20403,20403,1503612621411,1,-2,-3,-2,-2,1,4,3
20404,20404,1503612621417,1,-2,1,-5,-32,-11,6,5
20405,20405,1503612621425,-1,4,-1,-3,-4,-1,-1,9
20406,20406,1503612621442,-13,19,4,0,7,3,1,4
20407,20407,1503612621448,-1,5,3,2,9,1,1,-6
20408,20408,1503612621455,3,-5,0,4,-8,-7,-1,6
20409,20409,1503612621470,-1,-2,-1,-4,6,3,-6,-12
20410,20410,1503612621477,-4,-7,-2,0,11,2,2,-7
20411,20411,1503612621485,16,-4,-3,2,-3,-4,-5,-5
20412,20412,1503612621500,-14,14,8,3,5,2,-14,-8
20413,20413,1503612621509,4,36,12,0,-2,-3,-2,2
20414,20414,1503612621516,-4,-4,-2,-2,5,-1,-5,-1
20415,20415,1503612621530,-5,-14,-5,-2,-2,-3,0,-5
20416,20416,1503612621537,4,-9,-4,-2,6,4,4,5
20417,20417,1503612621546,-3,-7,-3,0,4,5,8,6
20418,20418,1503612621560,1,-4,-2,-2,-2,4,2,0
20419,20419,1503612621568,-3,-3,-1,2,6,-2,-4,-1
20420,20420,1503612621577,2,2,-2,0,-1,-1,-11,-5
20421,20421,1503612621591,3,-3,-2,-4,-7,1,4,-2
20422,20422,1503612621597,5,-4,-4,-3,5,1,3,0
20423,20423,1503612621605,2,-3,-1,1,2,0,-7,-5
20424,20424,1503612621620,2,10,4,3,3,3,6,3
20425,20425,1503612621627,-7,-2,-3,-1,-3,-3,1,-1
20426,20426,1503612621635,3,-16,-6,-1,3,2,11,-4
20427,20427,1503612621651,-5,-6,-2,-2,-2,-2,-7,-4
20428,20428,1503612621657,0,7,-1,0,9,-1,-9,6
20429,20429,1503612621665,-14,-11,-2,0,3,0,5,0
20430,20430,1503612621680,-3,-4,-4,-5,-9,-4,-3,-12
20431,20431,1503612621687,1,1,-5,-8,-16,-5,-5,-1
20432,20432,1503612621694,-1,0,-3,-3,2,2,-3,-5
20433,20433,1503612621695,-5,-2,1,-2,0,-3,-19,-3
20434,20434,1503612621711,-3,-1,-1,0,10,8,6,0
20435,20435,1503612621718,10,7,1,-2,-2,-9,-1,3
20436,20436,1503612621725,-9,-4,-1,-3,2,-2,-4,-9
20437,20437,1503612621740,1,5,3,4,3,5,0,2
20438,20438,1503612621748,-9,-17,-7,-1,-4,-3,2,-2
20439,20439,1503612621755,3,4,2,-1,-2,0,6,-3
20440,20440,1503612621772,5,-3,-2,-1,0,-3,-3,1
20441,20441,1503612621778,0,-2,-4,-1,3,5,8,8
20442,20442,1503612621785,0,-1,2,6,11,7,6,5
20443,20443,1503612621800,-6,-5,-4,-1,5,3,5,-4
20444,20444,1503612621810,2,1,-1,2,1,-5,-1,-1
20445,20445,1503612621815,-2,-12,1,0,5,5,0,3
20446,20446,1503612621830,8,5,3,0,-7,-5,-11,0
20447,20447,1503612621837,-7,-5,-3,0,0,-5,-5,-10
20448,20448,1503612621847,3,2,0,1,-1,-1,-10,-14
20449,20449,1503612621860,5,-3,0,0,-4,-1,-3,69
20450,20450,1503612621868,-3,-8,-6,-3,-4,-5,0,-6
20451,20451,1503612621877,-12,-4,5,-1,-7,-5,5,-3
20452,20452,1503612621891,-1,32,4,-2,2,4,10,5
20453,20453,1503612621898,-1,-3,0,-2,-8,-8,-7,3
20454,20454,1503612621899,5,-6,-7,-2,-13,-6,0,-9
20455,20455,1503612621906,-5,-7,1,-2,14,9,-1,1
20456,20456,1503612621907,-3,-1,2,2,-4,-5,-3,-14
20457,20457,1503612621920,-2,0,-2,0,1,-1,-2,-18
20458,20458,1503612621928,2,0,-2,-1,0,0,0,14
20459,20459,1503612621934,-1,-4,-1,0,0,1,-1,-9
20460,20460,1503612621951,-2,-10,-4,-5,-7,-6,-1,4
20461,20461,1503612621957,1,0,-1,-3,-2,-1,2,-13
20462,20462,1503612621973,-11,2,4,1,-2,-1,-5,1
20463,20463,1503612621980,9,13,2,3,9,2,-3,1
20464,20464,1503612621987,-2,-7,-5,-2,-2,-1,1,1
20465,20465,1503612621988,5,1,0,2,0,-1,-7,-3
20466,20466,1503612621995,3,15,2,-1,-1,-3,2,2
20467,20467,1503612622012,1,-7,0,-1,2,8,5,3
20468,20468,1503612622019,-6,-4,-2,-3,2,-1,-8,-16
20469,20469,1503612622025,-5,-9,-1,-1,0,2,2,1
20470,20470,1503612622040,2,1,-3,-3,-2,-1,8,7
20471,20471,1503612622048,6,1,2,0,1,1,-2,-14
20472,20472,1503612622055,-9,-5,0,-1,-1,2,-3,-9
20473,20473,1503612622070,2,1,-4,-4,-4,-3,8,28
20474,20474,1503612622079,-1,-3,0,-2,-4,-2,-4,2
20475,20475,1503612622087,9,-3,-3,-1,-4,-5,-5,62
20476,20476,1503612622100,2,-12,-1,0,0,-2,-3,-10
20477,20477,1503612622107,-5,10,-2,-4,-3,-2,3,3
20478,20478,1503612622116,3,-2,-1,0,-2,-2,1,4
20479,20479,1503612622130,-2,-1,-1,-3,1,1,-3,-21
20480,20480,1503612622137,-4,-5,-2,2,1,-1,-5,-17
20481,20481,1503612622146,-6,1,2,-2,-2,1,-11,-34
20482,20482,1503612622160,-7,-6,0,0,3,0,1,77
20483,20483,1503612622168,1,-5,-3,-1,2,-1,3,3
20484,20484,1503612622182,0,2,-4,-3,-7,1,0,-1
20485,20485,1503612622190,-1,2,-1,0,-3,-3,2,-13
20486,20486,1503612622197,-3,1,-2,-2,-3,-2,-3,-20
20487,20487,1503612622213,-2,-4,0,0,1,0,0,-11
20488,20488,1503612622221,1,0,-3,-1,1,-1,-2,-11
20489,20489,1503612622228,0,9,4,3,-1,2,-5,1
20490,20490,1503612622242,-1,1,-1,-1,0,-2,-5,-13
20491,20491,1503612622257,-1,7,2,1,1,-1,-2,-8
20492,20492,1503612622258,-1,1,-1,-1,-1,-1,-2,-8
20493,20493,1503612622272,3,-1,0,1,0,1,1,7
20494,20494,1503612622273,1,-4,-3,-2,-5,-2,2,3
20495,20495,1503612622280,0,0,0,0,-2,-1,2,1
20496,20496,1503612622288,-3,-5,-4,-6,-7,-3,-4,-7
20497,20497,1503612622306,-4,-3,-1,0,1,3,6,-4
20498,20498,1503612622310,-3,-2,-1,2,-2,-3,-2,-8
20499,20499,1503612622318,2,1,0,0,1,2,-2,-4
20500,20500,1503612622332,2,-3,-2,0,2,1,4,6
20501,20501,1503612622339,-1,-2,-2,2,0,-1,-5,-8
20502,20502,1503612622348,-4,-3,-5,-2,1,0,0,-2
20503,20503,1503612622362,2,-4,1,1,4,1,2,-4
20504,20504,1503612622370,-2,-2,1,0,-2,-4,0,-3
20505,20505,1503612622377,-4,-3,-2,-2,-1,2,3,5
20506,20506,1503612622392,3,-6,1,-1,4,7,2,0
20507,20507,1503612622399,2,-7,-1,-2,-1,-2,-2,-4
20508,20508,1503612622407,4,16,3,-1,-3,-1,3,0
20509,20509,1503612622408,-2,-1,2,0,4,0,-3,-1
20510,20510,1503612622424,-1,4,0,-2,-1,-2,1,5
20511,20511,1503612622430,-1,-3,-2,-1,0,-3,-5,-7
20512,20512,1503612622437,0,-3,-2,-1,-4,-1,2,2
20513,20513,1503612622453,4,-10,-7,-2,0,2,-2,-4
20514,20514,1503612622460,-1,24,9,2,2,1,-5,-5
20515,20515,1503612622468,-6,3,-1,-3,-2,-1,1,0
20516,20516,1503612622482,-2,-6,-4,-4,-6,-1,-3,-5
20517,20517,1503612622490,-1,3,2,-1,-2,0,1,1
20518,20518,1503612622497,-2,-2,-3,-1,-4,-3,1,0
20519,20519,1503612622518,-3,-3,-2,0,1,1,6,0
20520,20520,1503612622523,-4,-2,-2,-3,-9,-6,-5,-8
20521,20521,1503612622528,0,2,1,1,-3,-2,1,-1
20522,20522,1503612622542,1,-6,-4,0,2,1,1,-1
20523,20523,1503612622550,0,6,1,-1,-1,-1,-5,-1
20524,20524,1503612622557,-3,-2,0,1,9,4,-1,-4
20525,20525,1503612622572,0,11,-1,0,2,0,-3,-1
20526,20526,1503612622581,5,9,2,-1,-1,-1,-2,-3
20527,20527,1503612622588,3,-10,-5,-4,-10,-6,-4,0
20528,20528,1503612622602,2,2,-2,-5,-5,-3,-3,-1
20529,20529,1503612622610,-1,-4,-3,-1,-3,-4,-4,-3
20530,20530,1503612622625,-2,-9,-2,-2,3,1,4,2
20531,20531,1503612622632,-3,1,-2,-2,-7,-5,0,-2
20532,20532,1503612622639,-5,-15,-3,-4,-6,-1,-11,-6
20533,20533,1503612622640,2,9,0,0,-1,-2,1,1
20534,20534,1503612622649,-3,-2,1,0,2,1,0,5
20535,20535,1503612622662,-1,-12,-5,-3,-5,-4,6,0
20536,20536,1503612622670,2,-1,0,1,2,0,2,2
20537,20537,1503612622677,0,2,-2,-2,-4,-1,-2,3
20538,20538,1503612622693,2,5,2,1,-2,-2,-2,-2
20539,20539,1503612622700,2,-3,0,0,1,-1,-4,-9
20540,20540,1503612622707,7,1,0,-2,3,3,-3,1
20541,20541,1503612622708,-10,-6,1,-1,-4,-3,0,-4
20542,20542,1503612622722,-3,1,2,2,0,-3,-3,-4
20543,20543,1503612622730,5,-2,-1,-2,3,3,0,-1
20544,20544,1503612622737,-1,-12,-4,-1,1,-2,-7,-4
20545,20545,1503612622756,-2,-5,-2,-4,-5,0,8,1
20546,20546,1503612622760,0,-3,-1,-1,-1,-1,1,-1
20547,20547,1503612622770,3,4,1,3,2,3,1,3
20548,20548,1503612622786,-1,2,0,3,2,2,1,6
20549,20549,1503612622791,-3,2,0,-2,-2,-1,-5,0
20550,20550,1503612622797,-2,5,2,-2,-1,1,1,5
20551,20551,1503612622812,-2,10,0,-1,3,-1,-3,-3
20552,20552,1503612622820,-3,5,2,-2,-3,-2,1,-2
20553,20553,1503612622828,3,-8,-3,0,4,4,1,2
20554,20554,1503612622842,5,16,5,1,-1,2,3,1
20555,20555,1503612622860,-2,-14,-4,-1,-2,-1,-2,1
20556,20556,1503612622872,-1,-2,-1,-4,-4,-2,3,-1
20557,20557,1503612622879,1,5,-3,-1,-6,-5,-8,-9
20558,20558,1503612622887,-3,-2,0,0,1,4,0,3
20559,20559,1503612622888,-3,-7,-3,0,-2,0,3,0
20560,20560,1503612622903,1,-1,1,0,0,0,4,4
20561,20561,1503612622910,-2,-6,-4,-3,-1,-2,0,4
20562,20562,1503612622920,-2,8,2,1,0,0,1,-1
20563,20563,1503612622932,10,12,1,1,-1,-2,0,1
20564,20564,1503612622939,-20,9,5,1,0,2,8,3
20565,20565,1503612622940,-4,-8,-5,-3,0,1,-2,0
20566,20566,1503612622948,-7,-10,-3,-1,-3,-1,-6,-9
20567,20567,1503612622962,-2,-3,0,-2,0,0,2,0
20568,20568,1503612622970,0,-2,-2,1,1,-1,4,2
20569,20569,1503612622977,-1,1,1,0,-2,-2,0,-1
20570,20570,1503612622993,-2,1,1,0,2,0,-4,0
20571,20571,1503612623002,0,-3,-1,0,0,-2,2,-1
20572,20572,1503612623008,-2,4,2,2,-3,-5,-2,-2
20573,20573,1503612623022,-6,-4,-1,1,-3,-4,-2,-7
20574,20574,1503612623023,0,-4,-5,-1,1,-1,-4,-1
20575,20575,1503612623030,-2,-3,-2,-4,-2,2,0,2
20576,20576,1503612623037,-5,-2,-2,0,-1,1,-2,-12
20577,20577,1503612623054,-4,-5,-4,-3,-3,-1,-2,-5
20578,20578,1503612623060,-3,-4,-1,-3,-1,-1,-6,-2
20579,20579,1503612623067,1,0,-1,-1,2,0,2,12
20580,20580,1503612623082,-3,3,2,-1,0,1,2,7
20581,20581,1503612623090,-1,2,0,0,0,0,2,-5
20582,20582,1503612623105,7,-18,-8,-4,-5,-5,-4,1
20583,20583,1503612623113,0,7,5,1,1,0,-2,-4
20584,20584,1503612623121,-1,2,-1,-1,0,-1,4,8
20585,20585,1503612623134,-2,-16,-7,-3,-5,-2,-4,0
20586,20586,1503612623142,-3,0,-1,-1,-1,-2,-2,-2
20587,20587,1503612623153,5,9,2,1,4,1,-4,-9
20588,20588,1503612623165,0,1,0,-1,-3,-1,-1,-1
20589,20589,1503612623173,-2,-4,0,1,1,1,-2,1
20590,20590,1503612623179,-3,2,-2,1,1,0,2,-4
20591,20591,1503612623195,-4,-3,1,-1,-2,-2,0,-5
20592,20592,1503612623202,-3,11,3,2,1,0,-3,-4
20593,20593,1503612623210,0,0,-2,0,0,-3,-1,1
20594,20594,1503612623225,2,1,3,-2,-6,-3,-3,-2
20595,20595,1503612623232,1,-3,-1,-2,2,2,5,4
20596,20596,1503612623233,-1,2,2,4,1,-1,-3,-1
20597,20597,1503612623239,-3,1,-1,0,1,-1,-3,-6
20598,20598,1503612623240,-1,-8,-4,-2,2,1,-3,-2
20599,20599,1503612623255,4,18,2,-2,-2,-1,0,1
20600,20600,1503612623262,-7,-5,-2,-1,-1,0,-1,-6
20601,20601,1503612623270,-1,-5,-6,-3,-4,-1,2,1
20602,20602,1503612623288,3,-5,-5,-2,-1,-4,-2,1
20603,20603,1503612623293,-1,-8,-2,-4,-3,-2,-4,-1
20604,20604,1503612623300,1,2,0,1,-2,0,3,4
20605,20605,1503612623314,-1,1,1,0,3,0,-4,-1
20606,20606,1503612623323,0,1,0,0,-1,-2,3,2
20607,20607,1503612623330,-3,-2,0,-1,-2,0,6,3
20608,20608,1503612623344,2,5,-3,-2,1,1,-3,-5
20609,20609,1503612623355,6,8,3,1,-1,0,4,-3
20610,20610,1503612623360,1,-3,0,-1,-3,-1,-3,1
20611,20611,1503612623374,3,-4,-4,1,1,-2,-2,3
20612,20612,1503612623382,-4,-2,-1,-2,-2,-1,-6,-8
20613,20613,1503612623390,-6,-7,-1,-1,-4,-2,-3,-5
20614,20614,1503612623404,0,-4,-2,1,3,-1,1,-1
20615,20615,1503612623412,-4,-6,-5,-3,1,-1,-3,-2
20616,20616,1503612623422,-4,1,1,-1,-3,-2,-3,1
20617,20617,1503612623435,-4,-3,-2,-3,-1,-2,-1,-2
20618,20618,1503612623442,4,11,1,0,1,0,-1,0
20619,20619,1503612623450,-6,1,0,0,-2,1,-1,-6
20620,20620,1503612623464,-4,-6,-2,-2,1,2,-1,-1
20621,20621,1503612623472,3,2,1,1,2,0,-6,0
20622,20622,1503612623479,-2,-9,-3,-3,-2,-1,2,2
20623,20623,1503612623496,-15,4,4,0,-2,-2,5,1
20624,20624,1503612623502,-5,-7,0,1,1,-4,7,1
20625,20625,1503612623510,10,-5,-2,-2,4,2,2,5
20626,20626,1503612623525,-10,2,5,1,2,2,-2,-2
20627,20627,1503612623539,5,-5,0,2,2,-1,2,3
20628,20628,1503612623540,2,-3,-3,-1,-4,0,-4,-6
20629,20629,1503612623556,-1,-2,0,-3,-1,-2,-3,-1
20630,20630,1503612623569,-4,0,0,0,0,-3,1,-1
20631,20631,1503612623571,0,-2,-1,1,0,1,3,2
20632,20632,1503612623584,5,5,-2,-2,-1,1,0,1
20633,20633,1503612623592,6,-6,-8,-6,-7,-4,-8,-4
20634,20634,1503612623599,-1,2,0,2,1,1,2,2
20635,20635,1503612623614,0,-2,0,2,1,-1,2,1
20636,20636,1503612623623,-5,-1,-2,0,0,0,0,2
20637,20637,1503612623631,0,-1,-2,-2,-4,-4,-4,-5
20638,20638,1503612623645,-1,-2,1,0,-2,2,2,-1
20639,20639,1503612623653,-2,-5,-5,-2,-2,-2,5,-2
20640,20640,1503612623660,4,7,0,-2,-2,-3,-4,0
20641,20641,1503612623674,-3,0,-1,-2,0,0,0,0
20642,20642,1503612623682,5,4,-1,-4,-4,-4,-2,-3
20643,20643,1503612623690,-19,-4,0,-2,-5,-1,-5,-3
20644,20644,1503612623705,-11,-7,3,0,0,2,1,4
20645,20645,1503612623713,6,7,-1,-1,2,-2,-4,3
20646,20646,1503612623720,-3,1,-4,-3,0,-2,-2,-5
20647,20647,1503612623735,-12,13,7,2,1,2,0,-3
20648,20648,1503612623742,3,-2,-2,2,1,-1,-5,-2
20649,20649,1503612623750,10,4,1,-1,-4,-2,-1,0
20650,20650,1503612623766,2,9,1,-1,2,0,3,-3
20651,20651,1503612623772,4,6,4,2,0,1,-2,-2
20652,20652,1503612623780,5,-16,-7,-1,-4,-4,1,8
20653,20653,1503612623795,-1,-6,0,0,0,1,3,-1
20654,20654,1503612623802,0,-9,-3,0,1,1,0,4
20655,20655,1503612623810,1,-4,-1,2,2,-1,1,5
20656,20656,1503612623825,-3,-2,-4,-2,-3,-2,-3,-5
20657,20657,1503612623832,0,-1,-4,-3,-2,-9,0,-2
20658,20658,1503612623839,-7,11,2,0,1,5,-4,-4
20659,20659,1503612623855,2,-6,-3,-2,-2,22,3,-3
20660,20660,1503612623862,9,25,8,3,3,-5,-1,-2
20661,20661,1503612623870,-2,-5,-3,-4,0,3,1,0
20662,20662,1503612623884,7,-6,-2,-1,-3,2,5,-1
20663,20663,1503612623885,-11,-8,-2,-3,-2,-9,-7,-2
20664,20664,1503612623892,2,0,1,3,3,-6,-5,-5
20665,20665,1503612623900,-9,0,0,0,4,-8,-3,-2
20666,20666,1503612623914,-5,10,1,-1,-1,-8,-8,-3
20667,20667,1503612623923,9,2,3,0,0,3,0,-2
20668,20668,1503612623930,-3,-10,-3,1,-2,-1,2,-2
20669,20669,1503612623944,-2,-8,-5,-1,-1,0,1,-3
20670,20670,1503612623952,-6,-1,-2,-2,1,-1,-3,-1
20671,20671,1503612623953,7,0,0,-2,-2,-3,-5,-4
20672,20672,1503612623960,3,-12,-5,-4,-6,1,4,1
20673,20673,1503612623974,-5,5,3,2,-1,-2,1,3
20674,20674,1503612623982,-2,-4,-3,-1,-2,0,2,1
20675,20675,1503612623992,3,1,-3,-3,-2,-2,0,-1
20676,20676,1503612624005,-6,-2,-2,1,1,3,-1,-6
20677,20677,1503612624012,2,-5,-2,0,-8,-3,0,3
20678,20678,1503612624026,8,2,1,-1,0,4,1,4
20679,20679,1503612624035,-7,-1,-1,-1,-5,-4,-1,-4
20680,20680,1503612624043,3,-5,-1,-1,-2,2,3,3
20681,20681,1503612624059,3,-6,-1,-1,3,-3,-3,5
20682,20682,1503612624065,-3,0,-2,-2,0,1,2,5
20683,20683,1503612624080,10,-7,-5,0,-1,1,0,-5
20684,20684,1503612624086,2,13,4,1,-3,-4,-2,0
20685,20685,1503612624095,-1,-8,-2,-3,2,1,-5,-6
20686,20686,1503612624103,-2,-5,-2,-2,0,0,0,-1
20687,20687,1503612624117,-2,11,2,3,3,-2,-4,0
20688,20688,1503612624126,3,-3,-2,-4,-4,-1,-5,-3
20689,20689,1503612624132,-1,8,1,1,0,-1,-2,0
20690,20690,1503612624146,1,-2,-1,1,8,-2,2,2
20691,20691,1503612624155,0,-2,-1,-2,-4,-1,3,-2
20692,20692,1503612624162,-2,9,1,0,-5,-3,-4,-4
20693,20693,1503612624177,3,-5,-4,-1,2,0,3,3
20694,20694,1503612624184,4,2,2,1,0,0,0,5
20695,20695,1503612624193,-2,0,0,0,0,1,2,2
20696,20696,1503612624206,2,2,2,1,0,-1,-3,-2
20697,20697,1503612624214,-1,-8,1,2,-4,-4,-5,-2
20698,20698,1503612624222,-18,-12,-2,-2,2,0,-5,-3
20699,20699,1503612624237,-10,7,4,-1,1,1,-1,-1
20700,20700,1503612624244,2,7,-1,0,-2,-3,-2,0
20701,20701,1503612624252,0,-1,1,1,3,0,1,-2
20702,20702,1503612624266,5,4,1,0,-3,-2,0,-1
20703,20703,1503612624274,4,0,-1,-3,-3,-4,-7,-5
20704,20704,1503612624282,1,5,0,-2,0,-1,2,-5
20705,20705,1503612624297,0,18,1,0,-1,1,1,3
20706,20706,1503612624304,-6,-12,-4,-1,0,-1,-4,-3
20707,20707,1503612624305,4,-1,0,-1,-1,-1,1,0
20708,20708,1503612624312,2,-3,-3,-5,-2,0,2,3
20709,20709,1503612624329,-2,-9,-3,1,-2,-1,-6,-4
20710,20710,1503612624335,7,7,-2,-2,-1,-2,-2,1
20711,20711,1503612624342,4,-11,-4,-3,-4,-2,-3,-3
20712,20712,1503612624357,-2,-2,-1,1,0,-1,-1,-4
20713,20713,1503612624365,2,3,0,-3,-4,-2,-4,0
20714,20714,1503612624372,-5,-3,-1,2,4,-1,5,1
20715,20715,1503612624386,-3,-9,-3,1,1,1,7,2
20716,20716,1503612624396,3,-3,-4,0,0,0,-2,-6
20717,20717,1503612624403,-17,5,-1,-1,-1,2,1,-5
20718,20718,1503612624417,-1,5,-2,-3,-1,-1,-5,-14
20719,20719,1503612624424,8,7,0,-1,0,0,-5,0
20720,20720,1503612624432,-10,-15,-1,3,3,-1,-15,-53
20721,20721,1503612624446,-8,2,0,1,-1,-1,-2,-2
20722,20722,1503612624454,-9,-6,-4,-4,-1,2,5,17
20723,20723,1503612624462,0,-3,4,3,2,-1,-4,-17
20724,20724,1503612624477,-9,-4,-2,-4,-4,-1,1,12
20725,20725,1503612624484,1,-9,-3,-4,0,-1,3,17
20726,20726,1503612624493,-8,-2,-3,-2,-1,-1,1,20
20727,20727,1503612624514,-1,-19,-10,-3,1,0,9,0
20728,20728,1503612624515,6,23,12,6,4,0,-6,-3
20729,20729,1503612624516,3,19,5,2,0,1,1,-1
20730,20730,1503612624522,-3,0,-3,0,1,-1,-3,0
20731,20731,1503612624538,3,-11,-2,-3,-2,0,-4,8
20732,20732,1503612624544,5,5,2,1,-2,-3,-2,-1
20733,20733,1503612624553,-2,-11,0,0,-2,-1,2,3
20734,20734,1503612624566,-22,21,7,2,3,1,-7,-21
20735,20735,1503612624574,-1,1,-3,-1,-1,0,1,3
20736,20736,1503612624575,-7,-2,-3,-3,-1,-3,-5,-2
20737,20737,1503612624582,10,3,3,1,-3,-2,1,19
20738,20738,1503612624598,0,-2,-5,-1,1,0,-2,-5
20739,20739,1503612624605,8,3,1,1,0,2,-2,-18
20740,20740,1503612624612,8,0,-1,-3,-1,-1,-4,-3
20741,20741,1503612624626,-2,-6,0,-1,-5,-4,-3,-1
20742,20742,1503612624634,1,0,-2,-4,-5,-3,0,-1
20743,20743,1503612624642,-29,-1,7,1,2,1,-3,-36
20744,20744,1503612624657,18,-17,-4,-2,0,-1,-11,-5
20745,20745,1503612624665,-3,-13,-7,-4,-3,-3,3,9
20746,20746,1503612624673,-13,-9,-4,-1,-1,1,10,10
20747,20747,1503612624686,9,0,0,0,-1,-1,-3,10
20748,20748,1503612624696,15,3,-4,-1,-1,-1,2,9
20749,20749,1503612624705,9,4,-6,-4,0,0,1,12
20750,20750,1503612624717,6,6,7,6,0,-2,-7,-7
20751,20751,1503612624724,0,-13,-3,0,2,1,8,-1
20752,20752,1503612624733,4,16,1,-3,-5,-1,3,8
20753,20753,1503612624746,10,-11,-6,-4,-3,-3,-3,18
20754,20754,1503612624754,-11,2,-1,-2,-1,-2,7,-1
20755,20755,1503612624765,5,-1,-5,-5,-3,-4,-1,-1
20756,20756,1503612624777,-7,-13,-5,-2,-2,-2,-5,-10
20757,20757,1503612624785,0,13,-3,-1,-1,-2,-10,-2
20758,20758,1503612624792,10,2,5,4,2,-3,-6,-31
20759,20759,1503612624806,4,-21,-10,-4,-2,0,2,-2
20760,20760,1503612624815,-5,-1,0,-2,0,-1,0,7
20761,20761,1503612624822,-3,1,1,-1,-3,-1,-2,-1
20762,20762,1503612624841,1,-12,-4,-3,-1,1,6,13
20763,20763,1503612624844,-5,-5,2,4,2,0,0,-22
20764,20764,1503612624852,1,19,2,-1,2,4,6,-7
20765,20765,1503612624867,-11,2,9,5,3,2,2,7
20766,20766,1503612624874,6,3,-2,-1,-2,-1,-1,-18
20767,20767,1503612624875,-7,-9,1,2,2,0,1,-5
20768,20768,1503612624882,9,4,-2,1,1,1,0,-1
20769,20769,1503612624898,-27,-8,-3,-1,-1,-1,-3,-15
20770,20770,1503612624906,-2,9,3,0,-1,-1,-8,8
20771,20771,1503612624913,-16,2,-3,-1,-2,-1,-5,-23
20772,20772,1503612624926,0,-9,-4,-1,0,-2,-7,-4
20773,20773,1503612624936,2,-4,-3,-3,-2,-3,3,14
20774,20774,1503612624949,-9,7,1,-3,1,1,5,2
20775,20775,1503612624957,3,2,-1,1,-1,-3,-5,15
20776,20776,1503612624966,23,20,3,2,1,-1,0,8
20777,20777,1503612624979,2,13,4,0,-1,-2,-3,-6
20778,20778,1503612624986,10,-7,-3,-1,-5,-3,2,34
20779,20779,1503612624994,18,21,10,4,1,3,1,38
20780,20780,1503612625009,-20,-9,-4,-5,-5,-2,-2,-9
20781,20781,1503612625017,11,9,3,2,0,2,3,5
20782,20782,1503612625024,-8,20,6,1,0,-1,0,-17
20783,20783,1503612625041,9,4,0,-1,-2,-2,-5,-13
20784,20784,1503612625046,1,-6,-1,0,-1,1,5,12
20785,20785,1503612625054,-14,-8,-7,-4,-1,-3,6,5
20786,20786,1503612625069,-7,-7,-4,-2,-2,-1,1,-1
20787,20787,1503612625077,-12,4,2,0,-3,-3,-7,-17
20788,20788,1503612625084,-3,-14,-4,-6,-1,0,0,-17
20789,20789,1503612625100,5,-19,-11,-6,-2,-2,-2,4
20790,20790,1503612625107,-7,4,5,4,3,2,-7,-7
20791,20791,1503612625114,-20,-11,-9,-8,-4,-3,6,10
20792,20792,1503612625129,2,20,3,0,1,1,3,0
20793,20793,1503612625137,-7,-10,-3,-1,1,2,6,0
20794,20794,1503612625144,-4,-2,0,0,0,-3,-1,-5
20795,20795,1503612625159,11,-2,-3,-3,-3,0,-7,0
20796,20796,1503612625167,8,-5,-5,-3,0,-1,1,15
20797,20797,1503612625175,7,0,3,4,2,2,-3,-1
20798,20798,1503612625189,-2,15,-1,-2,-5,-4,-6,-26
20799,20799,1503612625197,1,-5,1,1,0,-1,-1,4
20800,20800,1503612625205,-1,-12,-5,-1,-2,-4,-7,-11
20801,20801,1503612625219,0,21,12,6,1,0,-2,-10
20802,20802,1503612625226,16,-2,7,5,0,-2,-1,4
20803,20803,1503612625235,-11,-13,-3,-1,1,-1,-5,-7
20804,20804,1503612625249,-6,-8,2,3,0,-1,6,7
20805,20805,1503612625257,0,-6,-5,-6,-5,-3,2,3
20806,20806,1503612625264,-5,-1,-5,-5,0,1,0,0
20807,20807,1503612625279,1,-1,-1,-3,-1,-2,5,6
20808,20808,1503612625286,-1,-2,-3,-2,0,3,6,2
20809,20809,1503612625294,10,0,-9,-4,-3,-3,-2,-5
20810,20810,1503612625310,8,-16,-3,1,-1,-2,-11,0
20811,20811,1503612625317,0,-17,-6,-3,0,-1,-2,-6
20812,20812,1503612625324,-13,17,2,-2,-2,-1,5,2
20813,20813,1503612625340,9,15,10,6,0,-2,-3,4
20814,20814,1503612625346,0,-16,-5,-3,-1,-2,-3,-5
20815,20815,1503612625354,-10,9,4,1,0,2,3,-11
20816,20816,1503612625369,-4,-8,-4,-3,-2,-2,-4,-5
20817,20817,1503612625377,-6,-3,-4,-3,-4,-2,-3,12
20818,20818,1503612625384,-1,-8,-4,-2,0,2,12,43
20819,20819,1503612625401,-35,-2,3,3,1,0,-9,-27
20820,20820,1503612625406,19,19,8,4,1,1,-4,-13
20821,20821,1503612625414,12,21,-3,-1,0,-1,3,16
20822,20822,1503612625429,-12,-15,-5,-3,-2,-3,-5,-10
20823,20823,1503612625437,3,-9,-1,-1,1,-3,-11,-8
20824,20824,1503612625445,8,1,0,1,1,0,2,8
20825,20825,1503612625459,4,-6,-2,2,-1,0,-5,3
20826,20826,1503612625470,-1,-5,-2,-4,-1,0,0,-3
20827,20827,1503612625482,7,-8,-1,-1,-1,-1,6,12
20828,20828,1503612625489,-7,-6,-2,-1,-1,-2,-1,-9
20829,20829,1503612625497,1,4,-1,0,-1,0,-1,8
20830,20830,1503612625505,-13,-5,1,0,-1,-1,2,-7
20831,20831,1503612625519,1,-5,-1,0,0,0,-1,9
20832,20832,1503612625526,-10,1,-4,-1,-2,0,-1,11
20833,20833,1503612625536,-6,-5,-1,-3,-2,-2,3,-7
20834,20834,1503612625549,11,4,-1,-2,-3,-3,-2,4
20835,20835,1503612625557,1,-3,-1,-2,-1,-1,5,-4
20836,20836,1503612625564,4,5,-3,-1,0,2,4,12
20837,20837,1503612625580,13,4,2,1,1,2,7,14
20838,20838,1503612625586,-3,-4,0,-1,0,-2,-6,-14
20839,20839,1503612625594,-12,-6,-4,-1,-1,0,3,17
20840,20840,1503612625609,10,3,-2,-2,-1,-2,-4,-17
20841,20841,1503612625617,-1,-4,-3,-1,-1,-3,-1,-6
20842,20842,1503612625624,-5,-2,0,-1,0,0,1,-5
20843,20843,1503612625640,-4,0,-2,-1,1,-1,2,-2
20844,20844,1503612625646,-11,7,3,-1,-1,-1,-2,-7
20845,20845,1503612625654,10,-2,-1,-3,-2,-1,-7,-15
20846,20846,1503612625671,27,12,2,-1,-2,-2,-2,10
20847,20847,1503612625678,-8,0,1,-2,-1,0,1,3
20848,20848,1503612625684,-13,-3,0,0,0,1,1,-10
20849,20849,1503612625699,-9,-2,2,0,1,1,2,-4
20850,20850,1503612625708,-4,-2,-4,0,0,0,0,7
20851,20851,1503612625715,6,4,0,1,-2,-1,1,-1
20852,20852,1503612625729,-8,-6,-1,0,-1,0,-1,-12
20853,20853,1503612625738,-5,-4,-2,-1,0,-1,-2,-12
20854,20854,1503612625744,-7,-4,0,-2,0,-3,-2,-4
20855,20855,1503612625759,0,-1,-1,-2,0,1,0,-2
20856,20856,1503612625766,-1,0,-5,-5,-1,-1,0,2
20857,20857,1503612625775,15,-1,0,0,-1,0,-4,-7
20858,20858,1503612625789,1,1,0,0,-1,-1,-2,-1
20859,20859,1503612625797,-6,1,-2,-1,-1,-3,-2,-3
20860,20860,1503612625805,-3,1,-1,-2,0,-2,-3,0
20985,20985,1503612627050,4,3,0,-1,0,0,-1,-6
20986,20986,1503612627064,-10,14,11,2,1,0,2,9
20987,20987,1503612627073,-8,-2,-4,-3,-1,-1,-5,-11
20988,20988,1503612627080,-14,-15,-8,-3,-3,-3,-1,4
20989,20989,1503612627095,-10,-6,-3,0,0,-1,-3,-1
20990,20990,1503612627102,-3,2,-3,-2,-2,-1,-9,-2
20991,20991,1503612627110,-32,-8,-3,0,-1,-1,-3,-15
20992,20992,1503612627124,10,2,3,1,-1,1,3,27
20993,20993,1503612627132,1,-1,-3,-1,2,-5,-6,-5
20994,20994,1503612627139,-8,-7,0,0,1,0,-5,-4
20995,20995,1503612627156,11,3,3,0,-2,0,0,-10
20996,20996,1503612627162,-14,-5,-5,-4,-2,-1,1,-10
20997,20997,1503612627170,5,-19,-5,0,0,1,2,17
20998,20998,1503612627184,11,28,10,1,2,0,2,5
20999,20999,1503612627185,-8,-1,-5,-2,-2,1,1,-7
21000,21000,1503612627192,-1,-3,-6,-4,-3,-1,-1,-2
21001,21001,1503612627199,7,6,1,1,2,2,7,14
21002,21002,1503612627215,-29,2,0,-1,-4,-1,2,-3
21003,21003,1503612627229,-8,0,-2,-1,-1,-4,4,-3
21004,21004,1503612627230,-12,3,1,-3,-7,-2,8,2
21005,21005,1503612627244,1,-6,-1,-2,-2,-1,-1,-3
21006,21006,1503612627252,7,5,0,2,7,3,-1,6
21007,21007,1503612627259,17,2,-1,-4,3,-4,-4,0
21008,21008,1503612627275,24,-2,-1,0,3,-2,-8,11
21009,21009,1503612627282,-4,-1,-1,0,1,-2,-3,6
21010,21010,1503612627291,0,-3,-2,2,4,3,4,-9
21011,21011,1503612627312,-9,-2,-1,1,-5,-4,-4,-7
21012,21012,1503612627316,2,2,0,-2,-3,0,-9,-6
21013,21013,1503612627319,-9,0,-1,-2,-5,2,2,-12
21014,21014,1503612627335,-1,1,0,-1,-1,-4,-4,-10
21015,21015,1503612627342,11,0,0,-1,0,3,-1,-5
21016,21016,1503612627350,-5,-3,-6,-4,-5,-1,10,23
21017,21017,1503612627372,-4,-4,-1,0,-1,-4,-5,-4
21018,21018,1503612627373,-21,-6,-3,-1,-1,2,-2,10
21019,21019,1503612627387,-7,3,3,1,2,7,4,-9
21020,21020,1503612627395,-6,3,2,0,-1,-2,-2,-25
21021,21021,1503612627402,-1,-5,-5,-1,-1,-1,3,40
21022,21022,1503612627410,-5,-1,-1,-3,-4,-5,-5,-1
21023,21023,1503612627425,21,7,2,0,0,1,0,-1
21024,21024,1503612627433,6,-1,0,0,-3,-4,-5,-18
21025,21025,1503612627439,-15,0,-1,-1,0,0,-1,-20
21026,21026,1503612627456,3,3,2,-1,0,0,-4,-12
21027,21027,1503612627462,-13,-5,-3,-2,0,-7,-4,-5
21028,21028,1503612627470,7,6,2,1,-6,-3,1,2
21029,21029,1503612627484,-11,-2,-3,2,6,2,4,12
21030,21030,1503612627485,0,-1,-2,1,-1,-3,-2,-4
21031,21031,1503612627492,3,-1,0,-2,-1,3,3,-5
21032,21032,1503612627499,13,0,-3,-2,0,0,-2,18
21033,21033,1503612627516,-6,-1,-2,-1,1,0,-7,2
21034,21034,1503612627522,-4,-4,-1,-1,0,-3,-7,16
21035,21035,1503612627530,13,4,0,1,1,-10,3,21
21036,21036,1503612627544,3,-2,-1,-2,-6,-5,-5,-15
21037,21037,1503612627553,-2,33,13,3,2,3,0,-14
21038,21038,1503612627559,-16,-1,5,2,1,2,8,-11
21039,21039,1503612627575,0,-11,-5,-2,-1,0,0,-10
21040,21040,1503612627584,7,-1,-1,0,4,6,-2,2
21041,21041,1503612627590,8,-7,-3,-1,1,1,-1,14
21042,21042,1503612627604,-12,-9,-6,-3,-6,-3,3,-4
21043,21043,1503612627612,-20,-10,-2,-1,-2,0,-1,-18
21044,21044,1503612627620,-1,-3,-5,0,-2,1,5,-6
21045,21045,1503612627635,-5,3,-3,-3,-4,-1,2,3
21046,21046,1503612627642,0,5,1,0,-2,-4,-12,2
21047,21047,1503612627651,-5,-8,-5,-1,1,1,2,15
21048,21048,1503612627664,9,0,-1,-2,-1,-1,0,4
21049,21049,1503612627672,7,2,-1,-1,-3,1,2,20
21050,21050,1503612627679,-19,-11,-5,-4,-1,2,0,-61
21051,21051,1503612627695,24,-4,3,1,1,-1,2,-6
21052,21052,1503612627702,-2,7,6,1,-1,-3,-9,3
21053,21053,1503612627710,15,27,7,-1,-3,0,2,-13
21054,21054,1503612627725,2,-5,-3,0,3,-3,-12,-5
21055,21055,1503612627732,14,-8,-3,-3,-4,-1,-2,41
21056,21056,1503612627739,0,6,2,0,-4,-1,3,7
21057,21057,1503612627755,-12,-4,-3,1,2,0,-1,-3
21058,21058,1503612627768,-13,-5,-1,-3,-4,0,4,15
21059,21059,1503612627777,-18,-12,-7,-3,0,0,3,-26
21060,21060,1503612627785,-2,25,11,4,2,-1,1,-2
21061,21061,1503612627793,-5,-11,-4,-2,-1,0,-5,-2
21062,21062,1503612627807,-8,-9,-3,-1,2,3,-3,9
21063,21063,1503612627815,-6,-3,-1,0,2,0,1,-4
21064,21064,1503612627822,8,-4,-4,-2,2,0,5,-2
21065,21065,1503612627837,-1,-4,0,-2,-4,-2,3,-7
21066,21066,1503612627855,10,4,0,-3,-8,0,-4,-2
21067,21067,1503612627867,-3,-1,-4,-3,-4,1,4,1
21068,21068,1503612627875,-4,-2,-1,0,4,0,-9,-12
21069,21069,1503612627882,-7,-21,-9,-5,-6,-2,2,-7
21070,21070,1503612627897,0,14,8,0,-9,-1,4,2
21071,21071,1503612627904,1,-2,0,-1,-3,13,8,10
21072,21072,1503612627912,-2,-8,-5,-1,3,-2,-1,0
21073,21073,1503612627928,3,-2,-1,-1,1,-1,-1,3
21074,21074,1503612627936,7,0,-1,3,5,2,-4,1
21075,21075,1503612627942,4,12,4,0,-4,-5,-9,-3
21076,21076,1503612627957,-3,0,0,2,-3,-1,-1,-2
21077,21077,1503612627965,-3,1,-2,-3,-1,-4,4,2
21078,21078,1503612627972,-4,-3,-1,1,3,0,-2,-2
21079,21079,1503612627987,11,-2,-2,-1,-1,-3,-2,2
21080,21080,1503612627996,-10,-4,-2,-1,4,1,-1,-1
21081,21081,1503612628002,-4,-6,-3,-1,3,-3,0,-1
21082,21082,1503612628017,-6,2,0,-1,-3,-16,-13,-13
21083,21083,1503612628026,5,-5,-3,-3,-3,-5,-6,-15
21084,21084,1503612628032,-1,-1,-1,-2,-2,2,6,2
21085,21085,1503612628047,-3,1,3,1,0,3,-2,-7
21086,21086,1503612628055,-2,0,-1,-3,-3,0,3,14
21087,21087,1503612628062,-16,-1,-2,-2,-2,-3,-3,8
21088,21088,1503612628063,22,4,2,1,0,1,-2,-17
21089,21089,1503612628077,-7,1,-1,-2,-3,2,2,-12
21090,21090,1503612628085,-5,-1,-2,-2,-3,-12,-6,-4
21091,21091,1503612628092,3,3,-1,-2,0,1,2,-7
21092,21092,1503612628107,2,-9,-5,-2,-1,0,-4,3
21093,21093,1503612628115,7,-26,-13,-4,1,2,9,22
21094,21094,1503612628122,-14,-3,0,-1,0,0,1,0
21095,21095,1503612628137,7,0,0,0,3,2,2,5
21096,21096,1503612628144,-7,-5,-5,0,0,-1,-6,-11
21097,21097,1503612628155,1,7,4,2,1,-5,-9,-18
21098,21098,1503612628167,2,5,0,-2,-2,-1,7,18
21099,21099,1503612628175,-11,5,0,-1,-6,-3,1,-31
21100,21100,1503612628182,5,1,-1,1,-1,1,0,18
21101,21101,1503612628197,3,0,1,2,0,0,-6,-15
21102,21102,1503612628204,-13,6,2,-2,-2,-1,1,-22
21103,21103,1503612628212,11,2,2,0,2,4,2,14
21104,21104,1503612628227,1,-6,-3,-4,-2,1,-6,-35
21105,21105,1503612628235,-4,-7,-1,-1,-2,-1,-2,11
21106,21106,1503612628242,-17,0,0,2,6,4,6,-11
21107,21107,1503612628257,-10,1,1,-2,2,0,3,0
21108,21108,1503612628265,-8,-2,0,0,-1,-1,2,14
21109,21109,1503612628272,16,1,-1,0,2,2,-3,29
21110,21110,1503612628289,4,7,3,2,1,1,0,17
21111,21111,1503612628295,-17,0,-4,-3,-6,-6,-3,-23
21112,21112,1503612628302,0,-3,-2,1,-1,-2,-1,3
21113,21113,1503612628317,-7,-1,1,1,2,0,0,13
21114,21114,1503612628324,8,-7,-9,-2,-1,-1,-5,-6
21115,21115,1503612628325,4,10,4,0,-1,0,1,21
21116,21116,1503612628332,-3,-5,2,0,-2,-1,-2,-1
21117,21117,1503612628347,6,-5,-3,-3,-6,-4,-1,9
21118,21118,1503612628358,3,-7,-3,-2,-1,-1,-4,-2
21119,21119,1503612628362,10,-7,-4,-3,-3,-3,-4,1
21120,21120,1503612628377,14,2,-3,1,-2,-1,-9,-13
21121,21121,1503612628384,-11,1,3,0,0,0,3,-6
21122,21122,1503612628392,0,4,1,-2,-5,-2,0,-7
21123,21123,1503612628407,15,2,2,1,1,7,2,1
21124,21124,1503612628415,-1,0,-3,-1,-2,0,4,15
21125,21125,1503612628425,-3,-10,-6,-3,-3,-2,5,-3
21126,21126,1503612628437,-7,2,1,-1,1,0,0,-1
21127,21127,1503612628444,-3,13,5,2,2,0,0,6
21128,21128,1503612628453,0,-5,-2,1,2,2,-1,-5
21129,21129,1503612628467,2,-7,-3,-2,1,-2,-7,-5
21130,21130,1503612628475,-1,0,0,1,2,0,0,24
21131,21131,1503612628482,-7,2,0,-2,-3,0,7,2
21132,21132,1503612628497,1,-4,-1,1,-2,-1,1,-2
21133,21133,1503612628504,10,-6,-1,-1,-1,-5,-11,7
21134,21134,1503612628513,-2,4,1,-1,0,0,4,9
21135,21135,1503612628527,-4,-2,1,0,1,2,-1,-3
21136,21136,1503612628535,-7,-2,-1,-1,-1,-2,-2,6
21137,21137,1503612628549,-8,-1,0,1,3,0,1,3
21138,21138,1503612628561,6,6,1,1,-2,-2,-1,-10
21139,21139,1503612628565,1,1,-1,-2,-4,-3,-4,-5
21140,21140,1503612628572,-17,3,-1,-1,-1,-1,-1,-13
21141,21141,1503612628587,-3,-2,-2,0,-1,-4,-2,-4
21142,21142,1503612628595,-2,-4,-3,0,5,-5,-9,-6
21143,21143,1503612628602,-2,1,-3,-2,0,-1,-4,1
21144,21144,1503612628617,-2,-2,-1,1,-7,-14,-7,-28
21145,21145,1503612628625,3,2,-1,0,-1,-1,2,5
21146,21146,1503612628632,4,-1,-1,-2,-1,4,-1,1
21147,21147,1503612628647,-9,-4,-2,-2,-2,-3,-6,-23
21148,21148,1503612628667,-2,-2,-1,-1,-3,-1,1,1
21149,21149,1503612628677,-2,-3,-1,-2,0,-1,-12,-7
21150,21150,1503612628684,2,1,1,0,0,5,3,1
21151,21151,1503612628699,4,-3,1,-2,-1,3,8,7
21152,21152,1503612628707,-20,-3,2,-3,-3,-1,-3,9
21153,21153,1503612628715,-2,-2,-1,-1,5,3,4,5
21154,21154,1503612628729,3,5,2,2,0,-2,3,-2
21155,21155,1503612628737,4,-3,-3,-2,-8,-3,3,6
21156,21156,1503612628744,4,1,-2,-1,0,-2,-4,-1
21157,21157,1503612628760,3,2,-1,-1,-6,-7,-4,-4
21158,21158,1503612628767,-11,-4,-5,-1,-1,-8,1,-13
21159,21159,1503612628775,-2,-8,0,-1,3,1,1,-1
21160,21160,1503612628788,-5,7,-1,0,-2,-3,2,8
21161,21161,1503612628789,10,-12,-4,1,-2,-7,-3,2
21162,21162,1503612628798,-2,-5,-1,0,1,2,-3,-12
21163,21163,1503612628804,-2,9,3,-2,0,4,7,9
21164,21164,1503612628819,26,27,6,1,-1,-1,-7,-6
21165,21165,1503612628827,3,24,5,1,-1,0,-2,1
21166,21166,1503612628835,-7,6,-1,-3,-1,-2,-1,13
21167,21167,1503612628848,5,0,0,0,-2,1,1,-3
21168,21168,1503612628849,-2,-8,-2,-2,1,-1,-3,-13
21169,21169,1503612628859,-8,-2,-6,0,0,2,2,-8
21170,21170,1503612628864,17,-5,-2,0,-1,2,-2,1
21171,21171,1503612628879,3,-5,1,1,-1,-2,4,7
21172,21172,1503612628887,-20,-4,2,0,-2,0,-6,-19
21173,21173,1503612628895,-1,-3,-2,0,0,3,3,10
21174,21174,1503612628909,17,5,-2,-2,0,0,-1,9
21175,21175,1503612628917,-5,37,14,3,2,2,-1,-22
21176,21176,1503612628926,-3,6,2,1,2,1,0,0
21177,21177,1503612628939,-6,-12,-7,-4,-1,-2,0,4
21178,21178,1503612628947,7,-5,-1,-1,0,1,1,22
21179,21179,1503612628955,2,-8,0,0,0,-3,-1,15
21180,21180,1503612628969,-5,-12,-7,-3,1,1,-1,-15
21181,21181,1503612628977,7,2,-1,-1,1,0,1,21
21182,21182,1503612628984,3,3,-3,0,-2,-3,-2,-15
21183,21183,1503612629000,3,-2,-2,-1,-3,-1,-3,-11
21184,21184,1503612629007,24,3,0,-2,-3,2,10,46
21185,21185,1503612629015,4,13,7,0,-2,-1,2,17
21186,21186,1503612629029,-4,-3,0,0,0,0,-2,1
21187,21187,1503612629037,-4,-4,-5,-3,-1,0,1,-6
21188,21188,1503612629044,-6,-8,0,-2,-1,-2,-3,-8
21189,21189,1503612629060,-8,-6,-3,-1,0,0,-5,-18
21190,21190,1503612629068,-12,-7,-2,-2,-2,-1,-3,-5
21191,21191,1503612629075,-6,-15,-3,0,1,0,5,6
21192,21192,1503612629089,-12,1,-2,1,-3,-3,4,4
21193,21193,1503612629097,-15,-6,-2,-1,-2,-2,-7,10
21194,21194,1503612629104,5,-1,0,0,-1,0,-2,-3
21195,21195,1503612629119,12,-7,-6,-3,-2,-2,-3,-19
21196,21196,1503612629128,-11,-13,-3,-2,0,-4,-8,3
21197,21197,1503612629135,-2,-4,-4,-3,-1,-1,1,-1
21198,21198,1503612629149,3,8,1,-1,-1,-1,-1,3
21199,21199,1503612629157,-2,-4,-2,-1,-1,0,0,-9
21200,21200,1503612629165,-11,3,-2,-1,0,-1,1,-14
21201,21201,1503612629179,-10,3,5,3,3,1,0,-5
21202,21202,1503612629187,0,2,-1,-1,-2,-1,-2,18
21203,21203,1503612629196,-2,-1,1,-2,-3,-3,1,2
21204,21204,1503612629209,-6,-2,-3,0,-2,-2,-4,-14
21205,21205,1503612629217,3,-7,-2,-1,-2,-2,-1,5
21206,21206,1503612629224,22,3,-1,-1,3,1,0,-1
21207,21207,1503612629239,-5,2,-1,1,-2,-1,-1,-5
21208,21208,1503612629247,-2,-3,0,-2,1,0,2,-31
21209,21209,1503612629255,7,0,1,-1,-2,-4,0,1
21210,21210,1503612629270,-5,-2,0,1,-3,-2,-2,-12
21211,21211,1503612629277,12,-1,-2,-1,1,-2,0,5
21212,21212,1503612629284,-1,-1,-2,0,1,3,3,10
21213,21213,1503612629299,0,-7,-3,0,-1,-2,-6,20
21214,21214,1503612629313,2,12,3,1,-3,-1,-1,7
21215,21215,1503612629315,-3,5,2,-2,1,1,0,-13
21216,21216,1503612629329,-2,-6,-5,-1,-1,-1,-2,5
21217,21217,1503612629337,-7,-2,-1,0,-3,-1,0,-7
21218,21218,1503612629344,2,-4,1,-1,-1,2,-1,4
21219,21219,1503612629359,-3,-3,0,0,0,0,-4,-9
21220,21220,1503612629367,7,-2,0,-1,-2,-3,-2,1
21221,21221,1503612629375,8,-1,-5,-5,-2,-2,-1,-7
21222,21222,1503612629388,-9,0,-1,0,0,-3,-3,-4
21223,21223,1503612629397,-5,-1,-1,2,-1,-1,-4,-19
21224,21224,1503612629404,0,-4,-2,-2,1,0,2,-3
21225,21225,1503612629419,-2,0,0,-1,0,-1,-2,4
21226,21226,1503612629427,-2,0,-1,-1,-1,-1,0,5
21227,21227,1503612629435,10,6,0,-4,-2,2,-6,-8
21228,21228,1503612629448,-1,0,1,-2,-2,-1,1,-2
21229,21229,1503612629457,-5,-5,-2,0,-3,-2,3,0
21230,21230,1503612629467,-2,-3,0,0,-5,-1,-5,-25
21231,21231,1503612629479,5,-5,3,1,0,0,0,1
21232,21232,1503612629487,0,-3,1,-1,-3,9,3,4
21233,21233,1503612629500,-3,-5,-2,-1,-1,-4,-1,10
21234,21234,1503612629509,-1,0,-3,-2,-1,-2,-2,-1
21235,21235,1503612629517,-6,0,-4,-2,-2,-4,-6,-9
21236,21236,1503612629524,-3,1,-1,-2,-1,-3,2,-4
21237,21237,1503612629540,18,2,0,-3,0,-2,7,21
21238,21238,1503612629547,7,4,1,1,1,-7,-6,-12
21239,21239,1503612629555,-7,-4,-6,0,0,2,-5,-21
21240,21240,1503612629569,-2,-4,-3,-4,-1,-3,2,9
21241,21241,1503612629577,-8,5,0,0,-2,-3,1,15
21242,21242,1503612629584,2,4,3,1,1,2,5,7
21243,21243,1503612629599,3,-9,-6,-2,0,-1,2,24
21244,21244,1503612629600,-3,-11,-6,-4,-2,1,0,-28
21245,21245,1503612629607,4,-10,-3,-3,0,-1,1,56
21246,21246,1503612629622,-4,-8,0,1,0,2,2,2
21247,21247,1503612629632,2,5,2,2,-2,-1,0,-8
21248,21248,1503612629637,-18,-6,3,-1,-1,0,6,43
21249,21249,1503612629651,-5,12,4,2,2,0,1,28
21250,21250,1503612629659,-3,0,-3,-1,-2,-2,0,-4
21251,21251,1503612629667,8,3,0,1,-1,-2,-1,1
21252,21252,1503612629682,7,14,5,1,-1,1,1,4
21253,21253,1503612629689,-9,-2,-1,0,1,0,-6,-26
21254,21254,1503612629699,1,-1,-1,1,0,0,-2,-10
21255,21255,1503612629711,-4,0,-2,-1,2,1,-4,-17
21256,21256,1503612629719,11,15,7,3,3,1,1,0
21257,21257,1503612629727,-6,-13,-6,-3,-3,-1,-4,-16
21258,21258,1503612629742,-5,-8,-4,-1,0,1,0,-6
21259,21259,1503612629749,9,4,0,-1,-2,-2,-6,3
21260,21260,1503612629757,-3,-2,-1,-1,0,1,1,-3
21261,21261,1503612629773,-8,-10,0,1,-3,-2,1,22
21262,21262,1503612629779,-4,-3,-2,-2,-2,-2,1,-14
21263,21263,1503612629787,1,8,5,4,3,1,3,-13
21264,21264,1503612629802,-1,-1,-2,-2,-1,-1,-7,-1
21265,21265,1503612629809,-4,0,-1,-2,1,0,3,13
21266,21266,1503612629817,1,-2,-2,-2,-2,1,-2,-4
21267,21267,1503612629833,-1,-3,-2,-1,0,-2,3,-29
21268,21268,1503612629839,-1,-2,-1,0,-1,-1,0,0
21269,21269,1503612629847,-9,0,-3,-2,-3,-1,-1,-11
21270,21270,1503612629862,-2,3,-1,-1,0,-1,-6,10
21271,21271,1503612629869,-7,-4,-2,-2,-2,-2,-2,-33
21272,21272,1503612629877,6,0,-1,-2,0,-3,0,11
21273,21273,1503612629891,3,-3,-3,-1,-1,0,-2,7
21274,21274,1503612629900,-5,-5,2,1,-2,-1,6,9
21275,21275,1503612629907,5,0,2,1,-1,-2,-4,6
21276,21276,1503612629908,-3,-7,-4,-1,-1,-1,0,4
21277,21277,1503612629929,6,-5,-1,0,2,0,-7,10
21278,21278,1503612629952,-12,-7,-3,-3,-1,-1,2,-10
21279,21279,1503612629959,-8,3,-1,0,-1,-3,-3,-9
21280,21280,1503612629968,12,-14,-1,-3,-2,-1,-3,1
21281,21281,1503612629969,2,19,4,0,1,0,1,13
21282,21282,1503612629982,0,4,-1,-2,-3,-3,-7,-22
21283,21283,1503612629988,9,-5,-3,-2,-2,-2,-4,-9
21284,21284,1503612629997,3,4,-1,-3,-4,1,0,1
21285,21285,1503612630011,0,-7,-2,-2,0,0,-3,-2
21286,21286,1503612630019,5,2,3,0,-1,-1,2,7
21287,21287,1503612630027,9,9,4,3,2,-1,-1,9
21288,21288,1503612630049,11,-5,-1,-1,-2,0,-2,9
21289,21289,1503612630057,3,2,-6,0,0,-1,-1,0
21290,21290,1503612630072,-5,7,-2,0,1,-2,-2,5
21291,21291,1503612630080,2,0,6,1,2,2,2,11
21292,21292,1503612630087,-2,-4,1,0,0,3,3,3
21293,21293,1503612630103,19,7,5,1,1,0,-5,9
21294,21294,1503612630109,2,-4,3,-2,-4,-5,1,6
21295,21295,1503612630110,-2,1,3,-1,-3,0,4,5
21296,21296,1503612630117,-7,-9,-6,-2,-1,0,-5,-4
21297,21297,1503612630131,5,0,0,-1,0,-1,0,-7
21298,21298,1503612630140,-8,-2,-1,0,1,-2,-1,-9
21299,21299,1503612630154,-13,-10,-4,-2,-1,1,3,11
21300,21300,1503612630162,-3,9,1,-1,-1,-3,-1,-29
21301,21301,1503612630170,2,2,-1,-2,-4,-2,-4,14
21302,21302,1503612630177,-3,3,0,3,2,2,6,15
21303,21303,1503612630191,-22,0,0,0,1,0,-2,-20
21304,21304,1503612630202,-10,-4,-1,-1,-3,-2,-5,-36
21305,21305,1503612630207,-7,0,1,0,-2,-1,5,-23
21306,21306,1503612630222,-10,-7,-3,-1,2,-2,-3,10
21307,21307,1503612630229,-2,-11,-3,-1,-3,-1,-4,-2
21308,21308,1503612630237,1,-12,-4,-4,-3,-1,-4,-1
21309,21309,1503612630251,6,4,0,-2,-4,-2,-1,0
21310,21310,1503612630259,6,4,-2,-1,-1,-1,2,10
21311,21311,1503612630269,6,0,-1,0,-1,-2,4,7
21312,21312,1503612630282,1,3,-1,-3,0,-1,-4,-2
21313,21313,1503612630288,-8,-4,-5,-4,-2,0,-5,5
21314,21314,1503612630297,2,-1,1,1,-1,-2,-4,4
21315,21315,1503612630311,-1,-1,-1,-1,1,-1,-4,-10
21316,21316,1503612630319,21,25,4,0,-1,0,3,6
21317,21317,1503612630327,19,-5,-1,-1,-1,-2,-4,3
21318,21318,1503612630343,-3,-8,-4,-2,0,2,7,-5
21319,21319,1503612630349,-2,4,1,0,0,0,2,-1
21320,21320,1503612630357,-7,2,1,-1,-4,-2,-2,-6
21321,21321,1503612630371,0,5,1,-2,0,0,-2,-1
21322,21322,1503612630379,-3,-3,-1,0,0,0,-4,5
21323,21323,1503612630387,16,-1,-3,-1,-2,-2,0,2
21324,21324,1503612630403,-2,1,0,2,1,1,3,5
21325,21325,1503612630409,-6,-4,-4,-3,-1,-3,-4,-4
21326,21326,1503612630417,-3,0,1,0,-1,1,3,7
21327,21327,1503612630431,4,2,1,1,-4,-4,-1,7
21328,21328,1503612630439,-3,-7,-3,-2,-2,-1,2,6
21329,21329,1503612630447,-6,17,3,-1,-2,2,-6,-4
21330,21330,1503612630462,4,-10,-6,-5,-5,-3,-2,-11
21331,21331,1503612630470,0,-8,-3,-1,-1,-2,-3,9
21332,21332,1503612630477,0,7,3,0,2,0,0,0
21333,21333,1503612630491,-5,-9,-4,0,-2,-4,1,3
21334,21334,1503612630499,-1,1,-1,1,2,-2,0,6
21335,21335,1503612630507,5,-3,-2,0,1,-2,2,-5
21336,21336,1503612630522,2,-2,0,1,-1,-1,-2,5
21337,21337,1503612630528,-5,2,-1,0,2,2,3,-6
21338,21338,1503612630545,9,4,0,-1,0,0,-1,-3
21339,21339,1503612630551,2,-4,1,1,0,-1,-1,-8
21340,21340,1503612630559,-6,-6,-1,0,1,-2,-4,3
21341,21341,1503612630574,-1,1,1,0,0,0,0,-6
21342,21342,1503612630582,-6,-3,2,-2,-1,1,-2,-10
21343,21343,1503612630588,-3,-3,0,0,2,2,2,6
21344,21344,1503612630605,-1,-3,-1,-1,-3,-1,4,9
21345,21345,1503612630611,-3,-1,0,-1,2,1,4,8
21346,21346,1503612630619,-9,-2,-1,0,-2,0,0,-10
21347,21347,1503612630633,-5,0,-2,0,-1,-1,-1,-5
21348,21348,1503612630642,5,-1,-2,0,-1,-2,-1,27
21349,21349,1503612630648,-7,-2,1,-1,-2,-1,1,-3
21350,21350,1503612630664,-15,-2,1,-1,0,-3,-5,-45
21351,21351,1503612630674,5,-2,-2,-2,-2,-2,2,16
21352,21352,1503612630680,3,-1,-1,0,0,1,1,1
21353,21353,1503612630694,-4,-2,0,0,-2,-3,-4,-8
21354,21354,1503612630706,-8,2,2,3,1,0,-4,-8
21355,21355,1503612630707,24,1,0,-2,-1,-2,5,54
21356,21356,1503612630710,-1,-1,-2,-1,0,3,3,2
21357,21357,1503612630724,0,-3,-3,-3,0,3,0,-2
21358,21358,1503612630731,3,-1,-4,-3,-1,-4,-6,25
21359,21359,1503612630739,3,0,1,-1,-1,1,-2,-22
21360,21360,1503612630754,-11,2,2,0,0,1,2,-60
21361,21361,1503612630767,-6,-2,-3,-1,-2,-3,-1,3
21362,21362,1503612630769,0,-2,1,-1,-1,-1,-3,3
21363,21363,1503612630784,-15,-2,-1,-1,0,-3,-3,-23
21364,21364,1503612630791,3,-3,-1,2,0,1,-2,2
21365,21365,1503612630799,-4,2,0,-1,1,-2,-2,0
21366,21366,1503612630815,-5,-4,-1,0,-2,0,0,0
21367,21367,1503612630822,18,-1,0,0,-2,1,2,24
21368,21368,1503612630829,-1,3,0,-1,-1,0,0,-4
21369,21369,1503612630844,-7,-2,-3,0,-1,-2,1,-5
21370,21370,1503612630851,-2,-6,-3,-3,-1,-3,-2,7
21371,21371,1503612630859,-4,-3,-1,-3,-3,-1,-3,-6
21372,21372,1503612630874,-7,1,0,-2,-1,-2,-6,-20
21373,21373,1503612630883,-5,1,-1,0,0,-1,-5,-13
21374,21374,1503612630889,3,-1,-1,-1,-1,0,-1,8
21375,21375,1503612630908,-8,-3,0,-2,-1,-1,-4,-7
21376,21376,1503612630911,13,2,1,-2,0,-1,8,6
21377,21377,1503612630919,-3,-1,-2,-1,-2,1,-2,-4
21378,21378,1503612630933,-4,2,1,0,0,-1,-3,-2
21379,21379,1503612630934,-6,-7,0,1,-1,1,-3,-16
21380,21380,1503612630942,12,5,0,-1,-1,2,4,3
21381,21381,1503612630949,1,-4,-5,-1,0,0,1,0
21382,21382,1503612630965,0,-3,0,1,0,0,1,12
21383,21383,1503612630975,-7,2,-1,0,1,1,1,1
21384,21384,1503612630979,-1,2,0,-2,0,-1,0,0
21385,21385,1503612630994,0,1,1,0,0,-2,-1,8
21386,21386,1503612631002,13,2,-2,-1,0,1,-2,-2
21387,21387,1503612631009,2,3,-1,-2,-4,-2,-5,-4
21388,21388,1503612631024,-6,-1,1,1,2,0,0,-6
21389,21389,1503612631031,-2,-2,-1,0,-2,-1,-2,4
21390,21390,1503612631041,2,0,-2,-2,0,-2,2,13
21391,21391,1503612631053,-3,-3,-5,-3,-2,1,8,16
21392,21392,1503612631061,2,1,1,-3,-2,-1,-5,3
21393,21393,1503612631062,-5,-3,-3,-3,0,-1,-5,1
21394,21394,1503612631069,0,1,2,-1,1,-1,-5,-7
21395,21395,1503612631085,-13,-1,-2,-3,-2,-4,-4,-31
21396,21396,1503612631091,-4,-1,-1,-2,-2,-1,1,0
21397,21397,1503612631099,2,-4,0,1,0,2,-6,12
21398,21398,1503612631114,-3,8,0,-1,1,1,1,-6
21399,21399,1503612631122,-7,-1,1,0,-2,-2,-5,16
21400,21400,1503612631129,-12,-8,0,-1,0,-1,-1,10
21401,21401,1503612631147,15,-3,0,-1,-1,0,2,-8
21402,21402,1503612631148,-15,2,-3,1,2,-2,5,-23
21403,21403,1503612631151,0,-2,0,0,-2,0,-1,-7
21404,21404,1503612631159,3,-9,-2,-1,-2,1,4,6
21405,21405,1503612631177,6,-1,0,1,0,0,-2,1
21406,21406,1503612631182,8,4,1,0,-3,-2,1,16
21407,21407,1503612631189,0,-6,-2,-1,1,1,3,-1
21408,21408,1503612631212,2,1,-1,-1,0,-1,-5,-9
21409,21409,1503612631214,-1,-7,-2,0,0,-1,-5,-28
21410,21410,1503612631227,-13,17,4,1,0,0,1,-54
21411,21411,1503612631235,10,10,-4,-2,-2,-2,1,12
21412,21412,1503612631243,11,-2,-2,-3,-1,-1,1,29
21413,21413,1503612631257,1,-3,-2,-1,1,1,0,-4
21414,21414,1503612631264,-1,-5,-1,-4,-5,-3,-6,-7
21415,21415,1503612631272,0,-1,1,0,-2,-3,-1,19
21416,21416,1503612631279,-4,-4,-1,-1,-2,0,1,7
21417,21417,1503612631295,-14,-3,4,1,-1,-2,-6,-19
21418,21418,1503612631302,1,0,-2,-2,-2,-1,3,1
21419,21419,1503612631318,3,-1,-2,-1,0,-1,0,8
21420,21420,1503612631324,13,-6,-1,0,2,0,0,-18
21421,21421,1503612631332,-2,4,2,-1,0,-2,-3,1
21422,21422,1503612631339,-7,-2,-1,1,0,0,-2,-1
21423,21423,1503612631357,11,0,-2,0,-2,-2,-2,3
21424,21424,1503612631362,2,2,1,-2,-2,-2,-1,17
21425,21425,1503612631379,1,8,1,-3,0,-2,-5,-3
21426,21426,1503612631385,-22,-4,-3,-2,0,1,-3,-16
21427,21427,1503612631392,-1,5,-1,0,-3,-3,3,4
21428,21428,1503612631399,2,0,-2,0,-1,-1,1,0
21429,21429,1503612631416,0,-2,-2,-2,0,1,-5,-5
21430,21430,1503612631422,6,-1,-2,0,2,1,9,7
21431,21431,1503612631437,3,-6,0,0,2,0,2,6
21432,21432,1503612631447,7,7,1,-1,-2,-1,-6,0
21433,21433,1503612631453,1,0,-2,0,0,0,2,3
21434,21434,1503612631459,-8,-6,-1,1,1,0,2,8
21435,21435,1503612631486,8,2,0,1,0,0,-2,2
21436,21436,1503612631500,-2,-6,-1,1,-1,0,-1,-6
21437,21437,1503612631515,-1,-2,-2,1,1,1,0,7
21438,21438,1503612631520,-1,4,1,2,-1,0,1,-13
21439,21439,1503612631530,-6,3,3,-1,-9,-6,-5,-7
21440,21440,1503612631535,2,0,0,0,0,1,0,4
21441,21441,1503612631542,-16,-4,-2,-1,-1,-1,-3,1
21442,21442,1503612631543,15,-5,-3,-3,0,-1,-4,-9
21443,21443,1503612631557,-6,-6,-6,-6,-6,-2,-1,-9
21444,21444,1503612631564,-1,3,-1,0,1,0,3,12
21445,21445,1503612631573,0,7,5,1,1,0,-3,-3
21446,21446,1503612631587,-3,-6,-2,-4,-2,-1,-2,2
21447,21447,1503612631595,-2,-3,-1,1,-1,-3,-4,-9
21448,21448,1503612631602,-3,4,3,2,2,2,5,-8
21449,21449,1503612631622,-1,-2,-2,-4,-4,-3,-3,-8
21450,21450,1503612631624,-4,-3,-3,-2,2,0,-3,-8
21451,21451,1503612631632,9,4,-1,-2,-1,2,3,14
21452,21452,1503612631647,-3,-3,-3,-3,-5,-2,0,7
21453,21453,1503612631655,-7,-1,-3,-3,0,-1,-1,0
21454,21454,1503612631661,7,1,-1,-2,-2,-4,-2,0
21455,21455,1503612631662,-4,2,2,3,0,-1,-2,-11
21456,21456,1503612631678,-4,-3,0,0,2,-1,-2,-3
21457,21457,1503612631679,4,-3,1,-1,0,-1,-2,7
21458,21458,1503612631684,-3,-3,-3,-3,0,-1,-2,-4
21459,21459,1503612631700,-3,-3,3,2,-1,-1,0,1
21460,21460,1503612631706,4,-12,-4,0,0,0,1,4
21461,21461,1503612631715,-3,-5,-6,-4,-1,-1,-2,-1
21462,21462,1503612631722,-4,3,-1,-3,-11,0,1,0
21463,21463,1503612631737,-2,-4,-2,-1,-4,0,-3,-3
21464,21464,1503612631746,1,-1,-1,-1,2,0,1,-1
21465,21465,1503612631753,-6,-9,-3,-1,-2,0,0,-10
21466,21466,1503612631767,-5,-8,-2,-1,-3,-3,-5,-10
21467,21467,1503612631775,0,27,9,4,6,2,5,3
21468,21468,1503612631782,-2,-3,0,0,-3,0,-1,2
21469,21469,1503612631797,-5,3,1,0,1,2,1,4
21470,21470,1503612631798,0,-10,-5,-5,-6,-3,-4,3
21622,21622,1503612633282,-13,6,1,1,-1,-1,-5,-7
21623,21623,1503612633290,0,-1,-2,-2,-2,-3,0,-3
21624,21624,1503612633298,-2,1,-2,0,-1,1,1,6
21625,21625,1503612633304,-1,-10,-2,-1,0,-1,1,5
21626,21626,1503612633320,-5,-7,-2,-1,-3,-1,-3,-3
21627,21627,1503612633327,-1,-1,-1,-2,-1,0,1,-1
21628,21628,1503612633335,6,0,-2,-1,-1,-3,0,-1
21629,21629,1503612633349,6,-1,-3,0,-2,-1,-3,-1
21630,21630,1503612633357,-1,3,1,-3,0,-1,0,0
21631,21631,1503612633372,-2,9,3,3,0,0,-3,-1
21632,21632,1503612633380,2,14,2,0,-1,-1,-1,1
21633,21633,1503612633386,26,-5,-4,-3,-1,-2,0,3
21634,21634,1503612633401,14,-2,-3,-2,-2,-1,-1,2
21635,21635,1503612633409,-18,-4,-1,0,0,0,1,-1
21636,21636,1503612633417,-12,-1,0,-1,0,0,0,-3
21637,21637,1503612633433,-8,1,3,1,1,-1,-1,-1
21638,21638,1503612633440,-17,0,-1,1,1,0,-1,-3
21639,21639,1503612633447,0,-1,0,-2,-2,-2,-2,-5
21640,21640,1503612633462,-7,0,-1,-2,1,0,3,5
21641,21641,1503612633469,-12,0,0,0,0,0,0,-1
21642,21642,1503612633477,7,-1,0,-2,-1,-1,-1,0
21643,21643,1503612633492,-1,-4,-1,-2,-1,0,-1,-1
21644,21644,1503612633501,-5,-4,0,0,-1,0,-1,-1
21645,21645,1503612633507,6,-1,-2,-3,-1,-2,-1,-1
21646,21646,1503612633522,6,-2,-1,0,-1,1,0,1
21647,21647,1503612633529,4,1,-4,0,1,0,-1,2
21648,21648,1503612633537,2,1,0,-1,-1,-3,-2,-3
21649,21649,1503612633552,2,-3,0,-1,-1,0,-2,-4
21650,21650,1503612633560,9,0,0,0,0,-2,-4,-4
21651,21651,1503612633567,-7,2,-1,-1,0,-1,0,0
21652,21652,1503612633582,5,3,2,0,-2,0,0,1
21653,21653,1503612633596,-1,-2,-3,0,-1,-3,0,1
21654,21654,1503612633597,-5,2,1,2,1,-1,-2,-2
21655,21655,1503612633599,-8,-3,-1,0,0,-2,2,-1
21656,21656,1503612633612,-1,-4,-2,-1,-2,0,1,0
21657,21657,1503612633620,0,-2,-4,-2,-2,-1,-3,0
21658,21658,1503612633627,1,-1,1,0,-1,-2,0,-1
21659,21659,1503612633641,-8,-1,-2,0,0,0,-3,-4
21660,21660,1503612633649,11,2,0,0,-2,0,-1,0
21661,21661,1503612633660,-10,-6,-3,-3,-1,2,-2,-3
21662,21662,1503612633672,-6,11,3,0,0,0,1,0
21663,21663,1503612633679,-4,-5,-1,-1,-1,-2,-3,-4
21664,21664,1503612633680,-6,-4,-1,1,0,-2,-1,3
21665,21665,1503612633686,-4,-6,-6,-2,-2,0,1,-1
21666,21666,1503612633703,-6,5,-1,-1,0,-1,0,-1
21667,21667,1503612633709,-1,-3,-2,0,1,-1,-2,2
21668,21668,1503612633717,2,-3,-1,-1,-1,-2,-1,-2
21669,21669,1503612633732,0,0,-3,-2,-1,0,-2,-2
21670,21670,1503612633740,22,6,-5,-1,-1,0,2,7
21671,21671,1503612633746,-2,-17,-5,-1,-1,-1,-1,-2
21672,21672,1503612633771,-6,-4,-1,1,-1,1,0,3
21673,21673,1503612633777,-2,-5,-2,-1,-3,0,1,2
21674,21674,1503612633794,-9,4,3,0,-1,-1,-3,-5
21675,21675,1503612633802,-1,4,2,3,1,0,3,4
21676,21676,1503612633809,4,2,-1,-3,-1,1,2,2
21677,21677,1503612633823,-3,-7,-4,-2,0,0,-3,-2
21678,21678,1503612633829,-4,-6,0,-1,0,0,2,2
21679,21679,1503612633838,-13,-2,-1,-2,-3,-1,-1,-4
21680,21680,1503612633852,3,3,1,2,1,1,1,1
21681,21681,1503612633861,-2,-5,-1,1,-1,-2,-4,-4
21682,21682,1503612633869,3,-6,-1,-2,-1,-2,-1,38
21683,21683,1503612633882,9,8,8,2,1,0,-2,-1
21684,21684,1503612633889,2,2,-1,-1,0,-1,-1,0
21685,21685,1503612633898,-6,4,2,-1,0,0,0,1
21686,21686,1503612633912,-4,0,-1,1,0,-2,0,-4
21687,21687,1503612633919,-10,-10,-4,-5,0,0,-1,-10
21688,21688,1503612633929,2,-5,-5,-2,0,-1,0,4
21689,21689,1503612633941,1,0,-2,0,0,2,2,8
21690,21690,1503612633949,-1,4,0,-1,-4,-1,-1,-5
21691,21691,1503612633957,-17,-7,-5,-1,1,0,3,0
21692,21692,1503612633972,2,21,4,-2,-1,0,-2,-16
21693,21693,1503612633982,-3,-3,-3,-3,-2,-3,-7,-5
21694,21694,1503612633987,-8,-3,0,0,0,0,-5,-7
21695,21695,1503612634003,1,1,3,1,1,1,0,2
21696,21696,1503612634009,18,0,1,-2,-1,-1,1,-5
21697,21697,1503612634018,13,-2,0,-1,-2,-3,-2,-2
21698,21698,1503612634033,28,8,-4,-1,-2,-2,-1,-16
21699,21699,1503612634040,6,4,-1,-2,-1,0,-1,1
21700,21700,1503612634046,-7,-1,-1,0,1,-1,-5,-6
21701,21701,1503612634063,1,10,4,-2,-1,-2,-6,1
21702,21702,1503612634070,-3,-3,0,0,-2,0,2,-13
21703,21703,1503612634071,-7,-8,-1,0,-2,-1,-3,-2
21704,21704,1503612634077,14,6,2,0,-1,-1,2,4
21705,21705,1503612634092,-12,-8,-1,0,-2,-3,1,6
21706,21706,1503612634107,-15,-2,-5,-2,-3,-3,3,-13
21707,21707,1503612634121,3,-8,-1,0,-1,-3,-7,-15
21708,21708,1503612634122,0,3,-4,-1,0,-1,2,2
21709,21709,1503612634129,-5,-3,-1,-3,-1,0,-3,1
21710,21710,1503612634137,-1,-13,-9,-2,-1,-2,-4,-3
21711,21711,1503612634152,-18,-4,5,2,1,-1,-3,1
21712,21712,1503612634160,0,1,-2,0,-2,-1,1,6
21713,21713,1503612634168,4,2,0,-3,0,-2,1,4
21714,21714,1503612634181,-8,-2,1,1,0,1,-1,1
21715,21715,1503612634189,10,4,0,0,0,-2,-2,-4
21716,21716,1503612634200,10,1,2,2,-1,0,8,72
21717,21717,1503612634212,0,-11,-6,-1,0,-1,-12,-9
21718,21718,1503612634226,-21,2,5,0,-1,-1,3,-16
21719,21719,1503612634228,2,2,3,1,0,1,0,9
21720,21720,1503612634242,2,7,2,-2,-1,-2,-6,-17
21721,21721,1503612634249,1,-4,-4,-2,-1,0,1,-9
21722,21722,1503612634257,-1,-3,-1,-1,0,0,-2,-14
21723,21723,1503612634272,-5,-1,0,-1,0,0,0,-10
21724,21724,1503612634279,5,-3,0,-3,-2,-3,1,14
21725,21725,1503612634280,-4,-6,-5,-3,-2,-3,-1,7
21726,21726,1503612634293,-2,-1,-1,-1,-2,0,2,-3
21727,21727,1503612634302,-14,-4,-1,0,0,-1,-5,-22
21728,21728,1503612634309,8,3,3,-1,0,-1,0,9
21729,21729,1503612634324,3,-4,-2,-1,-1,-3,-6,-9
21730,21730,1503612634334,10,-2,0,-1,-1,0,3,3
21731,21731,1503612634339,0,-5,-2,-1,-1,2,1,-12
21732,21732,1503612634353,-1,-1,-2,-2,-1,0,-2,-4
21733,21733,1503612634364,-11,3,2,1,-4,0,3,-2
21734,21734,1503612634369,8,-1,-2,-2,-2,-3,1,-4
21735,21735,1503612634370,-2,-1,0,-1,1,-1,-3,-3
21736,21736,1503612634384,0,3,1,-1,2,-1,0,-4
21737,21737,1503612634391,-14,2,1,1,-1,-2,-4,0
21738,21738,1503612634401,-4,0,0,-1,-2,-1,-10,-18
21739,21739,1503612634413,3,1,-1,-1,-1,0,6,9
21740,21740,1503612634421,13,1,-2,-1,1,0,2,7
21741,21741,1503612634436,-6,-3,-2,-2,-1,-1,-1,-1
21742,21742,1503612634444,1,0,-2,-2,-4,-1,0,-1
21743,21743,1503612634451,-7,-1,1,0,0,0,2,5
21744,21744,1503612634459,10,4,2,0,1,-1,-2,2
21745,21745,1503612634473,5,4,3,0,0,-1,-1,2
21746,21746,1503612634482,-13,-4,-2,-1,-1,0,1,-9
21747,21747,1503612634489,-3,-2,-1,2,6,0,-5,-6
21748,21748,1503612634504,-8,0,-1,-1,0,-1,2,-30
21749,21749,1503612634512,4,0,-1,-2,-3,-1,-5,0
21750,21750,1503612634519,5,-1,0,-1,0,-1,3,16
21751,21751,1503612634534,11,-4,-3,-3,-2,0,4,1
21752,21752,1503612634542,13,0,-1,-2,-3,0,-2,6
21753,21753,1503612634549,-8,0,-1,0,1,-2,-2,2
21754,21754,1503612634566,-10,-3,-3,-1,1,-2,0,2
21755,21755,1503612634572,3,3,2,-1,-1,-1,2,5
21756,21756,1503612634580,-2,5,3,1,2,-3,-3,4
21757,21757,1503612634593,-7,-1,-2,-3,-4,1,-1,-5
21758,21758,1503612634602,-6,-5,-2,0,1,3,-2,-2
21759,21759,1503612634609,7,-3,-3,0,-3,-1,2,1
21760,21760,1503612634624,4,1,-1,0,0,-4,-5,2
21761,21761,1503612634632,21,0,-2,-2,-4,-3,-5,6
21762,21762,1503612634641,9,4,2,1,4,0,-2,-4
21763,21763,1503612634653,0,1,0,-1,2,-1,1,41
21764,21764,1503612634661,1,0,-2,-3,-4,-2,3,1
21765,21765,1503612634670,0,-5,-4,-3,-4,-5,-6,-1
21766,21766,1503612634684,-1,-1,0,-1,-11,-3,5,1
21767,21767,1503612634691,-2,-1,-3,-4,-4,-3,-5,-5
21768,21768,1503612634692,-17,-7,-3,-1,0,-1,-1,-21
21769,21769,1503612634700,-2,-4,-1,0,7,1,4,7
21770,21770,1503612634714,-4,5,3,3,4,1,4,-4
21771,21771,1503612634722,5,7,7,6,9,1,3,1
21772,21772,1503612634729,-2,1,2,1,3,2,-3,9
21773,21773,1503612634744,5,-7,-9,-5,-5,0,-4,6
21774,21774,1503612634752,10,0,-2,-4,-3,0,9,32
21775,21775,1503612634759,-4,-3,-3,-3,-2,-1,-3,-18
21776,21776,1503612634774,-8,-4,-2,-2,1,-1,-4,-23
21777,21777,1503612634781,0,2,1,0,0,0,-6,0
21778,21778,1503612634789,-4,-2,1,1,-2,1,-5,-13
21779,21779,1503612634805,0,4,-6,-2,-3,-1,-5,-3
21780,21780,1503612634812,-9,-8,-1,1,-1,0,1,-2
21781,21781,1503612634819,7,-8,-4,-1,0,0,-1,-1
21782,21782,1503612634834,2,15,9,1,1,-1,1,-41
21783,21783,1503612634842,-2,33,15,2,-4,-2,-4,-6
21784,21784,1503612634849,-3,-7,-6,-3,-2,-2,1,1
21785,21785,1503612634864,9,-12,-6,-1,0,-1,1,-12
21786,21786,1503612634872,0,5,0,0,-1,-3,-4,-1
21787,21787,1503612634879,-7,-7,-3,-1,-1,0,2,17
21788,21788,1503612634893,1,-6,-4,-3,0,0,-4,17
21789,21789,1503612634902,-7,-4,0,-2,1,0,3,0
21790,21790,1503612634909,17,3,-5,-1,-1,1,-1,2
21791,21791,1503612634924,-1,-1,-1,-1,1,-3,2,-3
21792,21792,1503612634931,6,-4,-4,0,0,-1,1,11
21793,21793,1503612634933,-7,-3,0,-1,-2,-4,-10,-14
21794,21794,1503612634940,-5,-8,-4,0,0,1,6,6
21795,21795,1503612634953,-1,-2,-1,-1,0,2,4,-5
21796,21796,1503612634961,-4,-3,0,-2,-2,0,-5,-4
21797,21797,1503612634969,5,1,-5,-2,0,1,2,6
21798,21798,1503612634984,-10,-5,-3,-5,-11,-3,-6,-11
21799,21799,1503612634991,-14,-6,-6,-3,-2,-2,9,27
21800,21800,1503612635002,10,25,11,1,1,-1,-2,-4
21801,21801,1503612635013,-7,-1,0,-1,-2,-2,-8,-14
21802,21802,1503612635021,0,-10,-7,-2,-1,-2,-3,34
21803,21803,1503612635029,11,6,2,-1,0,2,2,-5
21804,21804,1503612635051,0,-7,-1,1,2,2,0,-6
21805,21805,1503612635052,-5,-7,-2,1,6,-1,-2,-8
21806,21806,1503612635059,-3,-3,-3,-1,-2,-3,-1,-12
21807,21807,1503612635074,-1,3,1,-2,-7,2,-5,-2
21808,21808,1503612635081,-1,4,0,4,7,1,-1,3
21809,21809,1503612635082,-1,-3,1,0,3,2,0,-3
21810,21810,1503612635089,3,3,2,3,3,-2,3,4
21811,21811,1503612635106,-1,-6,-2,-2,-6,-3,-6,-5
21812,21812,1503612635112,-1,0,-3,-3,-4,-3,-8,-13
21813,21813,1503612635119,-5,0,-2,1,2,2,12,4
21814,21814,1503612635139,-10,-4,0,1,-2,-1,7,-48
21815,21815,1503612635142,1,-1,0,-3,0,-1,1,7
21816,21816,1503612635149,-1,-3,-3,-2,-3,1,4,18
21817,21817,1503612635164,-3,-1,-1,-1,-5,-4,-8,-10
21818,21818,1503612635172,-5,5,6,1,2,1,2,14
21819,21819,1503612635179,-9,9,2,1,2,-1,-2,-31
21820,21820,1503612635193,-7,-5,1,-2,-3,-5,-7,17
21821,21821,1503612635205,-2,-2,0,-1,1,1,3,26
21822,21822,1503612635216,0,-3,-2,0,-1,0,2,-3
21823,21823,1503612635224,2,0,-1,1,-1,-1,0,2
21824,21824,1503612635232,3,3,0,0,-1,0,2,10
21825,21825,1503612635247,0,-1,-1,-1,-1,0,-3,-4
21826,21826,1503612635253,10,-3,-2,-1,-2,-1,-2,-12
21827,21827,1503612635262,0,-4,-1,3,9,4,10,6
21828,21828,1503612635276,-7,1,2,0,-1,1,-7,-7
21829,21829,1503612635284,3,-3,-2,-2,-6,-3,-8,2
21830,21830,1503612635291,2,-3,-3,-2,-7,1,2,-3
21831,21831,1503612635307,-7,-7,-3,-2,-2,0,-4,-7
21832,21832,1503612635314,1,-1,-2,1,-2,-1,-3,-6
21833,21833,1503612635321,-6,47,18,4,0,-1,2,2
21834,21834,1503612635339,4,-2,-1,-2,2,-2,1,11
21835,21835,1503612635344,4,-20,-9,-4,-3,-4,-6,-1
21836,21836,1503612635352,0,4,0,-2,0,0,-2,-3
21837,21837,1503612635366,-1,-7,-2,-2,-3,1,-1,-2
21838,21838,1503612635377,-4,-12,-8,-3,-1,-3,-5,-1
21839,21839,1503612635382,8,22,11,2,0,-1,3,3
21840,21840,1503612635396,-3,-2,-1,0,3,-1,-4,0
21841,21841,1503612635405,3,-11,-4,-2,0,-1,-1,4
21842,21842,1503612635412,-1,-1,2,0,1,0,1,1
21843,21843,1503612635426,0,-13,-7,-1,3,3,1,0
21844,21844,1503612635433,-7,0,-2,1,9,0,1,0
21845,21845,1503612635442,6,-1,-3,-1,-4,-1,-1,2
21846,21846,1503612635456,2,0,0,0,-2,-2,-6,-5
21847,21847,1503612635464,-6,-9,-7,-7,-3,-3,-2,-5
21848,21848,1503612635472,-1,-2,-4,-3,-5,-1,2,0
21849,21849,1503612635486,-1,-5,-1,5,3,4,2,2
21850,21850,1503612635493,4,4,1,1,1,0,0,-4
21851,21851,1503612635505,-1,4,0,-1,1,-1,-5,-69
21852,21852,1503612635517,-2,20,16,4,0,-1,-6,2
21853,21853,1503612635524,-12,-12,-8,-8,-11,-4,-5,11
21854,21854,1503612635532,6,1,-2,-2,1,-4,0,-12
21855,21855,1503612635547,-1,-4,0,0,-5,-1,0,10
21856,21856,1503612635553,-1,-6,-4,-2,-1,-5,0,7
21857,21857,1503612635561,4,-3,-2,-2,3,0,3,-4
21858,21858,1503612635576,0,-2,-2,2,0,2,10,3
21859,21859,1503612635584,4,4,3,1,-2,-1,-12,1
21860,21860,1503612635591,-2,-3,-4,-5,-8,0,-2,9
21861,21861,1503612635607,-13,-2,-1,-1,1,0,0,-30
21862,21862,1503612635614,7,12,3,2,1,-1,0,-24
21863,21863,1503612635621,3,14,4,2,4,-2,10,13
21864,21864,1503612635636,3,-7,-6,-2,0,2,2,4
21865,21865,1503612635644,-3,-9,-1,-1,-1,-2,-9,4
21866,21866,1503612635652,-2,-1,-4,-1,-2,-2,3,11
21867,21867,1503612635666,-1,3,1,-1,-1,2,7,-20
21868,21868,1503612635667,-2,-4,-6,-5,-1,2,8,36
21869,21869,1503612635674,-5,-7,1,0,0,-3,-5,1
21870,21870,1503612635682,-4,-1,-2,-2,-5,-1,4,9
21871,21871,1503612635696,-1,-3,-3,-4,-4,-1,0,-17
21872,21872,1503612635706,2,-12,-4,-1,-2,-3,-9,-14
21873,21873,1503612635711,2,0,0,1,0,2,3,10
21874,21874,1503612635712,-7,8,2,2,1,3,-1,41
21875,21875,1503612635726,2,2,2,1,2,-2,0,10
21876,21876,1503612635733,-2,-3,-3,0,-2,2,0,-65
21877,21877,1503612635742,-1,-1,-3,-1,1,2,9,1
21878,21878,1503612635756,-4,-1,-2,-1,-1,-1,0,13
21879,21879,1503612635766,2,0,-1,0,-2,-1,-3,2
21880,21880,1503612635774,1,-4,-1,0,-1,-2,1,0
21881,21881,1503612635793,3,2,2,1,0,1,-5,1
21882,21882,1503612635794,1,-2,-1,0,-3,-4,-9,2
21883,21883,1503612635801,0,1,-1,0,-3,1,2,8
21884,21884,1503612635817,3,-5,-1,1,5,0,1,8
21885,21885,1503612635824,-4,-2,1,-3,-10,-4,2,-34
21886,21886,1503612635831,4,-1,1,-1,-2,-4,-9,3
21887,21887,1503612635846,2,25,10,2,3,1,0,4
21888,21888,1503612635853,-6,-4,-1,-3,-1,-1,0,-11
21889,21889,1503612635861,3,-3,-4,-1,1,-1,-1,4
21890,21890,1503612635877,16,5,1,-2,2,1,1,5
21891,21891,1503612635884,0,-6,-4,-2,-1,1,-5,1
21892,21892,1503612635898,-15,-9,-3,-2,-5,1,-4,-46
21893,21893,1503612635908,0,-2,-2,-3,-1,-11,-14,-11
21894,21894,1503612635913,5,-1,-4,-3,-1,0,11,58
21895,21895,1503612635922,-36,-7,2,2,1,4,3,-6
21896,21896,1503612635936,-15,-24,-7,-3,-3,-6,-14,-72
21897,21897,1503612635944,-2,-18,-5,0,1,3,3,17
21898,21898,1503612635952,-1,-11,-5,-2,-5,0,-1,32
21899,21899,1503612635966,10,7,0,-1,-2,-1,-7,-18
21900,21900,1503612635976,-4,1,0,1,2,0,-6,-18
21901,21901,1503612635982,7,3,0,-1,-1,-1,3,24
21902,21902,1503612635996,2,8,2,1,0,1,1,13
21903,21903,1503612636004,0,-4,-3,0,-1,0,-1,-3
21904,21904,1503612636012,6,7,1,0,-2,-2,0,-4
21905,21905,1503612636026,4,-1,1,1,0,1,-1,1
21906,21906,1503612636037,6,9,4,0,2,0,-1,19
21907,21907,1503612636043,5,-11,-8,-4,-2,-4,0,-19
21908,21908,1503612636056,-3,18,7,2,0,0,3,1
21909,21909,1503612636064,-5,-2,1,0,-1,-2,-1,44
21910,21910,1503612636071,-5,-6,-3,0,1,0,2,2
21911,21911,1503612636086,5,9,2,2,1,0,6,13
21912,21912,1503612636094,-4,1,1,2,-1,-1,0,-9
21913,21913,1503612636102,4,2,0,-2,-2,-1,1,-5
21914,21914,1503612636116,0,-1,-1,0,-1,1,1,8
21915,21915,1503612636124,-2,0,1,3,2,0,0,-7
21916,21916,1503612636133,4,-5,-2,0,-2,-1,-2,9
21917,21917,1503612636147,5,13,-1,-2,-9,-7,-4,-6
21918,21918,1503612636154,11,4,2,1,1,-1,2,7
21919,21919,1503612636169,5,-2,-2,-1,1,0,-6,-10
21920,21920,1503612636177,-6,-3,-4,-3,-2,0,3,3
21921,21921,1503612636185,-2,-7,-3,-1,1,2,1,5
21922,21922,1503612636198,1,0,0,-1,-1,1,-2,22
21923,21923,1503612636206,-6,-3,-3,0,-1,-1,2,-3
21924,21924,1503612636216,-8,-11,-3,-2,0,0,2,-1
21925,21925,1503612636229,-5,18,4,-1,-2,0,-6,-4
21926,21926,1503612636236,0,-2,-4,-4,-3,-2,-6,-6
21927,21927,1503612636244,-2,-4,0,-1,4,0,1,-1
21928,21928,1503612636258,0,2,-2,-1,1,-2,-1,-6
21929,21929,1503612636267,0,-4,0,-2,1,2,0,-15
21930,21930,1503612636273,1,-4,-3,-2,-2,0,4,15
21931,21931,1503612636289,2,-3,-1,1,-2,-2,-4,2
21932,21932,1503612636296,-12,13,4,1,0,0,-2,-4
21933,21933,1503612636304,4,-13,-3,-2,-2,-1,-1,17
21934,21934,1503612636320,3,-10,-5,-1,0,-2,-2,-9
21935,21935,1503612636326,-5,-6,-4,-2,-2,-2,-1,-9
21936,21936,1503612636341,3,1,1,0,1,0,3,-2
21937,21937,1503612636349,4,-1,0,-2,1,-1,1,45
21938,21938,1503612636363,-1,1,2,1,1,-1,2,0
21939,21939,1503612636365,0,1,-2,-5,2,0,-5,9
21940,21940,1503612636378,-3,0,1,0,-2,-3,-6,-1
21941,21941,1503612636379,-3,-3,-1,-1,-1,1,1,-9
21942,21942,1503612636387,-8,-1,0,0,-2,-1,0,-17
21943,21943,1503612636393,1,1,-1,-1,0,-1,-2,-11
21944,21944,1503612636411,-1,2,1,1,-2,-1,1,0
21945,21945,1503612636412,-2,-3,0,-2,0,2,5,30
21946,21946,1503612636417,4,1,-1,-1,-1,-2,-6,9
21947,21947,1503612636424,0,-2,-1,-1,-2,0,7,29
21948,21948,1503612636438,-2,-1,0,-2,-2,0,-8,-6
21949,21949,1503612636447,-1,-2,-3,-2,-4,-2,-8,-36
21950,21950,1503612636454,-1,-9,-4,-2,-1,1,5,-1
21951,21951,1503612636469,-8,26,11,2,0,-2,7,41
21952,21952,1503612636479,-2,1,0,0,-1,-2,-4,2
21953,21953,1503612636484,2,-7,-3,-1,-1,-1,-5,-11
21954,21954,1503612636499,-2,-1,-2,-1,-3,0,1,3
21955,21955,1503612636506,-2,-2,0,2,1,-2,-4,-34
21956,21956,1503612636522,2,-1,-2,0,0,-1,-8,-25
21957,21957,1503612636529,-3,5,0,0,-1,-1,4,-15
21958,21958,1503612636537,7,33,12,2,2,1,2,10
21959,21959,1503612636546,2,-5,-2,0,1,1,-4,-11
21960,21960,1503612636559,15,-16,-10,-5,-3,-3,-3,7
21961,21961,1503612636566,4,-2,-2,0,1,1,2,-9
21962,21962,1503612636584,3,0,2,3,1,-1,-2,-2
21963,21963,1503612636589,-2,-8,-3,-3,-1,-1,2,-11
21964,21964,1503612636597,-5,-6,-2,0,2,2,5,3
21965,21965,1503612636604,-4,-4,-1,-2,-2,-3,-8,-11
21966,21966,1503612636619,6,5,1,0,0,0,-5,-3
22172,22172,1503612638629,-9,7,-1,-2,-3,-3,-5,-1
22173,22173,1503612638630,-8,-13,-5,-3,-3,-2,-3,-5
22174,22174,1503612638644,1,-6,-3,-2,-1,0,1,-13
22175,22175,1503612638651,0,-4,1,2,2,2,6,4
22176,22176,1503612638661,-3,7,5,-1,-4,-1,-2,-17
22177,22177,1503612638674,-6,-11,0,1,-3,-4,-10,-2
22178,22178,1503612638682,2,-2,-2,-2,0,0,1,8
22179,22179,1503612638689,1,-1,-3,-2,0,2,-2,2
22180,22180,1503612638704,2,-7,-2,0,0,1,-4,-11
22181,22181,1503612638718,-18,-7,-2,-2,3,-2,2,-3
22182,22182,1503612638720,-6,11,0,0,0,-2,1,4
22183,22183,1503612638734,4,7,0,-1,-2,-3,0,-2
22184,22184,1503612638742,-5,-9,-4,-5,-4,-3,-1,14
22185,22185,1503612638749,9,9,9,4,0,-2,-5,-12
22186,22186,1503612638765,3,-13,-3,-2,0,2,1,-1
22187,22187,1503612638771,-1,15,2,-2,-3,1,0,7
22188,22188,1503612638779,-9,0,0,-2,3,-2,4,-40
22189,22189,1503612638795,-3,-3,-1,0,-1,0,-1,-9
22190,22190,1503612638804,7,4,3,0,-2,-2,-8,-8
22191,22191,1503612638809,3,-13,-7,-2,-2,-2,-6,-18
22192,22192,1503612638824,6,7,4,3,3,-1,-6,-4
22193,22193,1503612638832,6,-3,-2,1,0,0,0,12
22194,22194,1503612638840,2,-5,-5,-2,-4,-1,0,17
22195,22195,1503612638854,5,-1,3,1,-1,-2,-5,7
22196,22196,1503612638864,-6,1,-3,-2,-1,0,0,1
22197,22197,1503612638869,6,8,2,2,4,3,-5,-4
22198,22198,1503612638891,-1,1,2,1,-2,1,-1,6
22199,22199,1503612638892,12,-10,-1,1,-1,0,-2,-16
22200,22200,1503612638901,-4,-8,-5,-3,-2,-1,6,9
22201,22201,1503612638914,-6,-5,-2,-4,-1,-1,1,2
22202,22202,1503612638922,-7,-10,-8,-5,-5,-2,6,10
22203,22203,1503612638929,-9,2,0,-1,-3,-3,-1,24
22204,22204,1503612638944,-3,5,4,3,0,-2,-5,-5
22205,22205,1503612638951,0,3,-2,1,1,-1,-1,3
22206,22206,1503612638967,4,-1,2,3,3,1,-2,-6
22207,22207,1503612638974,-2,0,-3,-2,-1,1,2,-8
22208,22208,1503612638982,5,10,3,3,2,0,-1,5
22209,22209,1503612638998,-13,-1,-3,-4,-3,-1,5,-13
22210,22210,1503612639005,-3,2,-1,0,1,-2,-4,5
22211,22211,1503612639011,-1,-7,0,1,-2,-4,-8,0
22212,22212,1503612639027,4,10,7,-1,-3,0,1,-6
22213,22213,1503612639034,-1,4,1,-1,-1,0,-11,-11
22214,22214,1503612639042,-10,-9,-7,-6,-3,-1,-1,-34
22215,22215,1503612639056,6,-1,2,1,2,2,3,2
22216,22216,1503612639064,7,-5,-5,-4,-2,-1,-4,-9
22217,22217,1503612639072,-8,-10,-6,-5,-2,-2,5,8
22218,22218,1503612639086,4,-6,-4,-2,0,-2,1,5
22219,22219,1503612639094,-2,9,-2,-1,-1,0,5,-17
22220,22220,1503612639102,10,5,8,7,2,-4,-7,2
22221,22221,1503612639116,-1,-1,-1,-1,-1,0,1,8
22222,22222,1503612639124,2,-7,-12,-4,-3,1,6,3
22223,22223,1503612639132,-2,0,8,6,1,-1,-2,4
22224,22224,1503612639146,-1,-9,-4,-4,-2,-1,4,-1
22225,22225,1503612639147,-5,-25,-3,-2,0,-1,-3,6
22226,22226,1503612639154,0,-1,-8,-7,-4,-1,0,0
22227,22227,1503612639164,4,8,7,3,1,1,-2,4
22228,22228,1503612639165,-6,-5,-2,-1,-2,-1,1,11
22229,22229,1503612639176,0,2,0,0,2,-2,-3,-1
22230,22230,1503612639184,2,12,5,1,0,-3,-9,-8
22231,22231,1503612639191,-9,-5,-5,-4,0,2,9,-6
22232,22232,1503612639207,-6,12,5,4,2,0,6,2
22233,22233,1503612639214,1,-8,-2,-1,-3,-3,-2,5
22234,22234,1503612639222,-4,9,1,-2,-2,0,1,-7
22235,22235,1503612639236,6,-8,-6,-3,-2,0,2,11
22236,22236,1503612639244,1,0,1,-1,-1,1,-1,2
22237,22237,1503612639251,9,8,2,1,0,-1,-5,-5
22238,22238,1503612639269,-2,0,-3,-3,-3,-1,-2,-1
22239,22239,1503612639274,13,-4,-1,0,0,0,0,1
22240,22240,1503612639282,8,20,4,2,0,-2,-1,0
22241,22241,1503612639299,-4,-41,-10,-2,-2,-4,1,7
22242,22242,1503612639304,8,-10,-7,-4,-1,-1,2,8
22243,22243,1503612639311,7,-15,-7,-4,-3,-1,-1,-15
22244,22244,1503612639326,-10,6,2,0,1,2,3,-4
22245,22245,1503612639341,-6,16,5,2,0,-1,-4,-7
22246,22246,1503612639343,-5,3,0,1,-1,-1,0,1
22247,22247,1503612639355,-6,6,3,-1,-2,-2,-7,-2
22248,22248,1503612639365,3,-15,-8,-1,0,0,6,1
22249,22249,1503612639366,14,22,7,1,-1,-2,0,-2
22250,22250,1503612639371,1,13,-2,-2,-1,-2,-3,11
22251,22251,1503612639386,-5,-11,-6,0,-1,0,-4,-4
22252,22252,1503612639394,-5,9,6,2,1,0,-2,0
22253,22253,1503612639404,-2,-10,-5,-2,-1,-1,-1,8
22254,22254,1503612639416,-5,-3,-2,-1,-3,-1,1,1
22255,22255,1503612639424,-6,-7,-3,-2,-2,1,1,-4
22256,22256,1503612639433,-3,5,-1,1,1,0,2,-4
22257,22257,1503612639446,-8,1,-1,1,0,-2,-5,-34
22258,22258,1503612639454,-3,9,4,0,2,-1,-1,5
22259,22259,1503612639462,-10,-2,-3,-4,-1,-1,-4,5
22260,22260,1503612639476,4,17,4,1,-1,1,3,-4
22261,22261,1503612639484,2,-9,-4,-2,0,-3,-3,-2
22262,22262,1503612639491,2,2,-3,-1,-1,0,-4,-8
22263,22263,1503612639506,8,1,3,-1,0,0,4,11
22264,22264,1503612639514,0,-10,-2,-1,0,-2,2,15
22265,22265,1503612639522,12,-3,-5,-5,-5,0,1,18
22266,22266,1503612639537,1,-7,-1,-1,0,0,-1,0
22267,22267,1503612639545,-10,-4,-3,-3,0,0,-2,-4
22268,22268,1503612639551,-4,4,-1,-3,-2,-2,3,3
22269,22269,1503612639567,-8,7,2,0,0,-1,2,-5
22270,22270,1503612639578,-4,-5,-2,-2,-1,-2,-1,-6
22271,22271,1503612639582,-1,-5,2,1,-1,0,-5,0
22272,22272,1503612639596,2,-5,-3,-1,0,0,-3,-2
22273,22273,1503612639604,3,-8,-4,-2,-2,-2,-5,-6
22274,22274,1503612639611,-6,9,2,0,-1,-1,0,-7
22275,22275,1503612639626,-2,2,-1,0,-1,-1,-2,-8
22276,22276,1503612639637,-2,-6,-1,-1,0,0,-4,-1
22277,22277,1503612639643,-7,2,0,-1,-2,1,1,3
22278,22278,1503612639657,-12,27,5,1,-1,0,-4,-4
22279,22279,1503612639664,-1,-7,-2,-1,1,-1,-2,-5
22280,22280,1503612639674,3,-5,-3,-2,-3,-2,-1,-1
22281,22281,1503612639686,-25,6,3,0,1,1,-1,-4
22282,22282,1503612639694,0,-1,0,-2,0,0,1,2
22283,22283,1503612639702,-12,-7,-2,-2,-1,1,2,3
22284,22284,1503612639716,4,-7,-2,-1,0,0,-2,-3
22285,22285,1503612639724,11,-1,-1,2,0,0,2,-1
22286,22286,1503612639731,9,-4,0,0,0,-2,0,3
22287,22287,1503612639746,-8,3,1,1,0,0,0,0
22288,22288,1503612639747,3,-1,-2,-1,-1,-1,-1,-1
22289,22289,1503612639754,-4,-4,-1,-2,0,-2,-1,0
22290,22290,1503612639764,-7,-1,-1,-1,0,-1,-1,-2
22291,22291,1503612639777,-9,2,0,-1,0,1,-1,-3
22292,22292,1503612639784,10,5,1,1,1,0,0,6
22293,22293,1503612639791,-1,-3,-4,-3,-1,-3,-2,-2
22294,22294,1503612639810,0,-5,-1,-1,-1,0,-1,-3
22295,22295,1503612639814,8,-2,-1,-1,-2,2,2,4
22296,22296,1503612639822,9,0,-3,-2,-2,-1,-2,0
22297,22297,1503612639838,-1,0,2,1,1,-1,1,2
22298,22298,1503612639845,5,3,0,0,-1,0,-2,-1
22299,22299,1503612639851,-2,1,-1,0,-2,0,-5,-8
22300,22300,1503612639866,-8,-1,1,2,0,-1,-2,-6
22301,22301,1503612639874,13,-2,1,-1,0,0,4,2
22302,22302,1503612639889,-1,-2,-3,-2,-1,0,0,2
22303,22303,1503612639896,-5,-4,-3,0,0,1,1,-2
22304,22304,1503612639905,4,-4,-1,0,-1,-1,0,-3
22305,22305,1503612639918,-13,-1,0,2,-1,-1,-2,-5
22306,22306,1503612639926,-13,-3,-2,-1,-1,-1,-1,-1
22307,22307,1503612639936,-5,-2,-1,-1,-1,-1,-2,-1
22308,22308,1503612639949,-11,4,-1,-2,-1,-2,0,-2
22309,22309,1503612639956,0,-1,1,1,-1,-2,-4,-3
22310,22310,1503612639972,-12,-7,-1,-1,-1,0,0,0
22311,22311,1503612639978,5,6,3,-1,1,0,2,3
22312,22312,1503612639986,11,-2,-3,0,0,-3,-1,-2
22313,22313,1503612639994,-3,-1,-2,-1,0,-1,1,2
22314,22314,1503612640009,6,-3,-5,-3,-1,-3,-2,0
22315,22315,1503612640017,1,-3,-2,-1,1,-2,-1,1
22316,22316,1503612640024,-1,-1,-2,-4,-2,-2,-5,-5
22317,22317,1503612640038,2,-1,0,-2,-3,-1,-1,4
22318,22318,1503612640039,-2,-2,-1,-1,-2,-2,-3,-9
22319,22319,1503612640046,2,5,3,0,0,-1,1,2
22320,22320,1503612640054,-2,15,4,2,0,1,2,4
22321,22321,1503612640070,4,2,-1,0,-1,-2,-2,-7
22322,22322,1503612640077,-1,-4,-6,-2,0,0,0,-1
22323,22323,1503612640084,2,-5,-2,0,1,0,0,1
22324,22324,1503612640098,-13,-12,-4,-3,-1,-1,-2,-4
22325,22325,1503612640107,-1,0,-1,-3,0,1,1,3
22326,22326,1503612640114,1,-2,-1,-1,-3,-1,0,3
22327,22327,1503612640129,8,-2,-1,0,-1,-1,1,1
22328,22328,1503612640138,1,-4,-6,-3,-3,0,-2,-1
22329,22329,1503612640144,5,2,0,1,0,0,-2,2
22330,22330,1503612640158,-3,-6,-2,-1,0,-1,-1,0
22331,22331,1503612640166,-27,4,3,0,-1,0,-2,-5
22332,22332,1503612640181,5,-9,-5,-2,-1,-2,0,0
22333,22333,1503612640188,4,1,0,3,-1,0,4,5
22334,22334,1503612640206,-2,-2,-3,-1,-1,-1,-3,-1
22335,22335,1503612640218,-15,-5,-3,-2,-3,-2,-1,-3
22336,22336,1503612640226,7,-2,-1,-1,-1,2,-1,-2
22337,22337,1503612640234,12,4,3,2,1,1,2,4
22338,22338,1503612640249,-3,-4,0,-1,-3,-2,-2,-7
22339,22339,1503612640256,-2,-4,-5,-2,-1,-1,-1,-3
22340,22340,1503612640264,4,0,-2,0,1,2,3,3
22341,22341,1503612640279,5,7,3,1,-1,-1,-1,0
22342,22342,1503612640286,-2,-2,-3,-2,-4,-3,-2,-2
22343,22343,1503612640294,26,2,0,-1,2,-1,2,6
22344,22344,1503612640310,14,-2,0,-1,0,-2,-1,-1
22345,22345,1503612640316,9,6,6,0,1,0,-2,-2
22346,22346,1503612640324,-2,3,-1,-1,1,-2,2,7
22347,22347,1503612640339,-6,-7,-5,-1,1,-2,2,-1
22348,22348,1503612640347,-4,0,0,-2,-1,-2,-3,-4
22349,22349,1503612640354,-10,-5,0,1,1,-2,-9,-6
22350,22350,1503612640369,16,-2,-1,0,-3,4,1,2
22351,22351,1503612640377,-1,0,-1,-2,-3,-2,1,1
22352,22352,1503612640384,4,1,2,0,1,0,-2,52
22353,22353,1503612640398,-8,-3,-1,3,2,-2,2,-6
22354,22354,1503612640406,-17,-4,-2,0,-1,-3,3,-4
22355,22355,1503612640414,-14,-3,-2,1,5,0,-4,1
22356,22356,1503612640429,-2,-1,4,3,2,-1,1,-15
22357,22357,1503612640436,-1,1,-3,-2,0,3,2,-5
22358,22358,1503612640444,17,3,-1,1,-1,0,-7,-18
22359,22359,1503612640458,-6,-5,-1,-3,-2,-1,-1,8
22360,22360,1503612640466,-14,-4,-1,-3,-8,-1,-1,5
22361,22361,1503612640474,4,2,-1,-1,-2,0,3,-1
22362,22362,1503612640489,-2,1,0,-3,-1,-1,3,-7
22363,22363,1503612640496,-2,-1,1,1,3,1,-3,-8
22364,22364,1503612640508,-9,2,-1,-5,-5,-2,4,1
22365,22365,1503612640518,-10,-4,-1,-2,-6,-4,-2,-4
22366,22366,1503612640526,-5,0,-4,-1,2,-1,-2,-4
22367,22367,1503612640534,2,1,0,-1,-3,0,-3,7
22368,22368,1503612640549,-10,-6,-4,-1,2,-2,-4,-14
22369,22369,1503612640556,2,-5,-3,-1,-6,-2,-8,-11
22370,22370,1503612640564,9,-9,-3,-1,1,-1,-4,44
22371,22371,1503612640578,16,9,2,-3,-2,0,4,2
22372,22372,1503612640586,4,2,0,-3,-1,-2,0,3
22373,22373,1503612640594,-7,-5,-3,0,4,-1,-6,-8
22374,22374,1503612640609,-2,-2,-2,-2,-3,-4,-5,-17
22375,22375,1503612640616,-2,2,0,-2,-1,-1,9,-5
22376,22376,1503612640625,-8,-1,-2,5,6,1,-6,-24
22377,22377,1503612640643,6,-4,-3,-1,1,1,0,9
22378,22378,1503612640646,-3,-6,-3,-3,-4,-1,-1,-5
22379,22379,1503612640654,-13,-9,-4,-2,1,-1,0,-1
22380,22380,1503612640669,-4,8,4,0,-1,1,-5,-11
22381,22381,1503612640678,1,-1,0,-1,-1,0,2,4
22382,22382,1503612640684,-5,-1,-1,1,-1,0,-1,-3
22383,22383,1503612640698,-1,8,3,1,-5,-2,-1,46
22384,22384,1503612640711,2,-2,-2,-3,-2,0,0,-2
22385,22385,1503612640714,-4,-13,-4,-1,-2,-2,-5,-1
22386,22386,1503612640729,-4,-11,-3,-3,0,-2,5,3
22387,22387,1503612640736,-5,-2,-2,-2,-1,-2,0,-10
22388,22388,1503612640745,-4,1,-1,-2,-2,0,4,-7
22389,22389,1503612640758,4,9,5,0,-1,-3,-7,-22
22390,22390,1503612640766,31,13,2,-2,-1,-2,3,14
22391,22391,1503612640777,-2,3,-3,-2,-2,-1,-1,-5
22392,22392,1503612640789,1,-2,-3,-3,-8,-1,-4,-8
22393,22393,1503612640796,-3,-6,-3,-2,-1,-1,-5,-20
22394,22394,1503612640812,-16,-11,-2,1,0,-1,2,1
22395,22395,1503612640818,-4,0,2,0,-1,2,1,1
22396,22396,1503612640827,-4,-1,-1,-2,0,-1,-2,1
22397,22397,1503612640842,-1,-3,-3,1,3,0,-1,0
22398,22398,1503612640849,1,0,0,2,-1,0,3,-3
22399,22399,1503612640856,5,-1,-4,-2,-2,-1,-3,-3
22400,22400,1503612640871,0,5,3,4,10,-1,-1,-2
22401,22401,1503612640878,-5,-1,-1,-1,-7,-2,-6,-10
22402,22402,1503612640886,-1,-2,-5,-4,-5,-2,-6,-5
22403,22403,1503612640900,3,0,3,4,0,0,3,8
22404,22404,1503612640909,-12,-1,-3,-2,0,1,1,-9
22405,22405,1503612640910,18,11,1,0,-1,0,6,47
22406,22406,1503612640916,-2,1,3,-1,1,0,5,11
22407,22407,1503612640931,-3,-5,-4,-2,-3,0,-2,-8
22408,22408,1503612640938,-11,0,-1,-1,1,0,1,-61
22409,22409,1503612640947,-3,-10,-2,1,0,-2,-2,0
22410,22410,1503612640961,-1,-3,-4,-3,-3,-2,-12,-2
22411,22411,1503612640969,-6,-9,-3,-4,-2,-1,-1,4
22412,22412,1503612640977,18,6,1,-2,0,-3,4,6
22413,22413,1503612640991,-9,2,-1,-2,-1,0,-2,-15
22414,22414,1503612640998,-4,-9,-5,-3,-1,0,-2,-6
22415,22415,1503612641006,3,5,-4,-2,0,1,4,1
22416,22416,1503612641020,7,5,4,-1,-2,-3,-11,-5
22417,22417,1503612641021,-5,-5,-5,-1,-1,1,2,-19
22418,22418,1503612641029,8,-1,-1,-2,-1,0,-3,-6
22419,22419,1503612641036,-16,5,2,-2,1,-3,-3,15
22420,22420,1503612641051,20,14,3,1,-1,0,-1,-7
22421,22421,1503612641058,0,-2,-1,2,2,1,-1,14
22422,22422,1503612641067,-10,-16,-8,-3,-3,0,-2,-11
22423,22423,1503612641081,7,15,6,4,3,4,7,19
22424,22424,1503612641089,5,2,5,3,0,0,1,1
22425,22425,1503612641096,8,5,3,0,-1,-1,-1,0
22426,22426,1503612641113,-9,-6,-1,-1,0,-4,-10,-8
22427,22427,1503612641119,10,-6,-4,-4,-5,-1,0,-1
22428,22428,1503612641126,-7,-4,1,0,1,-1,1,-1
22429,22429,1503612641140,14,0,-6,1,-1,-1,-4,11
22430,22430,1503612641149,0,5,0,-2,-1,1,1,2
22431,22431,1503612641156,5,-2,-2,-1,0,-1,-3,-4
22432,22432,1503612641157,-7,-4,-3,-1,-1,-2,0,1
22433,22433,1503612641171,-1,4,3,0,0,0,-5,-2
22434,22434,1503612641180,-7,-4,-1,-1,-1,0,4,7
22435,22435,1503612641187,-11,1,-2,-2,-2,-2,8,-2
22436,22436,1503612641201,4,6,0,-1,0,0,-2,-4
22437,22437,1503612641212,-3,-3,-1,1,-1,-1,-4,-4
22438,22438,1503612641216,-5,0,-1,-3,0,-1,2,0
22439,22439,1503612641231,6,6,3,2,-3,-1,-3,1
22440,22440,1503612641238,-5,-6,-1,0,1,-2,-1,-1
22441,22441,1503612641247,-11,-6,-3,-3,-2,0,-1,-3
22442,22442,1503612641261,7,5,-2,-3,-1,-2,-4,4
22443,22443,1503612641269,2,10,6,2,5,-1,-2,-5
22444,22444,1503612641278,-14,-6,-2,0,-2,2,4,0
22445,22445,1503612641291,-5,-7,-2,-2,0,3,1,4
22446,22446,1503612641298,3,-5,-4,-1,-1,2,10,-3
22447,22447,1503612641306,4,-1,-4,-1,-2,-2,4,-7
22448,22448,1503612641321,-19,3,-1,-3,-1,-3,-8,-10
22449,22449,1503612641328,-2,0,3,5,10,3,-2,-2
22450,22450,1503612641329,7,-2,-2,-2,-3,-1,2,3
22451,22451,1503612641336,6,0,1,1,0,-2,-5,-10
22452,22452,1503612641351,-17,1,0,0,4,1,-3,-55
22453,22453,1503612641358,-4,-1,-1,2,1,-3,-9,-5
22454,22454,1503612641366,11,-2,-3,-2,-8,-1,4,14
22455,22455,1503612641381,4,1,6,0,-8,-2,-2,-1
22456,22456,1503612641389,0,-4,-3,-1,0,-1,-9,8
22457,22457,1503612641396,-5,2,10,1,0,-1,0,13
22458,22458,1503612641413,0,1,1,-2,-9,0,-1,7
22459,22459,1503612641418,7,-8,-8,-2,-2,-1,3,2
22460,22460,1503612641426,3,7,-1,-2,2,-2,1,2
22461,22461,1503612641440,3,-2,-5,-2,0,0,1,-7
22462,22462,1503612641449,1,-2,-3,1,1,-1,-1,6
22463,22463,1503612641456,-11,-4,-5,-3,1,-3,-3,-39
22464,22464,1503612641472,-9,-1,1,0,3,-4,-4,-3
22465,22465,1503612641481,2,-3,-4,-1,-5,-1,-8,-1
22466,22466,1503612641486,7,19,10,3,0,1,-1,4
22467,22467,1503612641501,4,1,-1,0,3,0,-1,9
22468,22468,1503612641509,-1,-4,-3,-1,1,0,-3,-14
22469,22469,1503612641517,-8,-4,3,1,1,1,-6,-27
22470,22470,1503612641538,-8,-4,-7,-2,-1,-2,-2,13
22471,22471,1503612641539,-3,-5,5,1,2,1,2,56
22472,22472,1503612641550,4,-6,-3,-1,-1,2,7,57
22473,22473,1503612641561,-2,5,0,-1,-2,0,0,17
22474,22474,1503612641568,7,-5,-4,-3,0,0,4,35
22475,22475,1503612641569,-22,0,-1,0,-5,-3,-8,-93
22476,22476,1503612641576,-2,3,-1,0,-1,-1,-1,-21
22477,22477,1503612641591,8,-5,-1,0,6,0,0,-2
22478,22478,1503612641598,5,7,1,0,1,0,3,-11
22479,22479,1503612641606,-2,-1,0,0,1,0,6,12
22480,22480,1503612641621,3,-2,-5,-3,-6,1,5,16
22481,22481,1503612641629,1,-5,-2,-1,-1,-6,-4,5
22482,22482,1503612641636,1,-11,-5,-2,-3,0,1,-3
22483,22483,1503612641652,13,9,4,-1,-4,0,3,-1
22484,22484,1503612641658,-6,-4,-1,0,1,-3,1,2
22485,22485,1503612641666,-4,-5,-1,1,0,0,-7,6
22486,22486,1503612641682,1,-3,-1,-2,-3,-3,-6,26
22487,22487,1503612641683,-2,3,-4,-1,-1,1,-1,-37
22488,22488,1503612641689,0,-3,0,0,-3,0,4,14
22489,22489,1503612641696,1,-6,-1,1,4,1,-3,7
22490,22490,1503612641711,1,-2,-2,-3,-4,-1,-1,4
22491,22491,1503612641718,-4,-4,-1,2,4,1,2,-6
22492,22492,1503612641719,1,3,1,0,1,-1,4,14
22493,22493,1503612641726,1,-1,3,4,5,0,-6,-8
22494,22494,1503612641742,5,5,2,0,-3,-1,-1,43
22495,22495,1503612641752,-1,-3,-2,-1,0,1,3,-1
22496,22496,1503612641768,1,-1,3,1,-1,-3,-7,-2
22497,22497,1503612641771,2,13,6,0,0,0,4,8
22498,22498,1503612641787,2,-3,-2,1,3,3,7,18
22499,22499,1503612641793,2,-4,-2,-2,-2,-2,0,5
22500,22500,1503612641794,-6,-6,-5,-1,0,-2,-3,-14
22501,22501,1503612641802,-3,0,-4,-4,-5,-3,0,-19
22502,22502,1503612641808,1,-1,0,1,2,1,-2,2
22503,22503,1503612641809,0,-5,-3,-1,-2,-2,3,4
22504,22504,1503612641826,-4,-10,-5,-4,-2,-3,-4,-7
22505,22505,1503612641831,-14,2,2,0,0,1,-2,-38
22506,22506,1503612641847,7,-1,-3,-1,-2,0,4,10
22507,22507,1503612641854,3,5,0,-2,-3,-2,-1,20
22508,22508,1503612641862,-2,0,0,1,3,1,-19,-2
22509,22509,1503612641868,-4,-6,-5,-2,0,0,-5,-22
22510,22510,1503612641888,6,3,4,1,1,-2,-1,42
22511,22511,1503612641892,3,-7,-2,-1,-1,0,-5,19
22512,22512,1503612641907,0,5,1,-1,-1,0,1,25
22513,22513,1503612641914,-1,-3,-2,-2,-1,-1,-2,4
22514,22514,1503612641922,-3,2,2,0,-4,-1,9,12
22515,22515,1503612641928,1,-1,-1,1,-2,0,0,7
22516,22516,1503612641944,-13,-5,0,0,-2,-1,-4,-60
22517,22517,1503612641952,5,-3,-2,-1,2,0,6,36
22518,22518,1503612641967,-3,-4,-3,-3,-2,-2,0,-20
22519,22519,1503612641973,-1,-5,-1,-2,-1,-2,1,2
22520,22520,1503612641984,-2,9,1,-3,-3,-2,0,5
22521,22521,1503612641989,0,7,3,0,-7,2,1,-5
22522,22522,1503612642004,3,-2,1,1,3,-1,-9,-23
22523,22523,1503612642011,3,0,2,2,1,-3,-4,-10
22524,22524,1503612642027,3,5,1,1,-1,0,-1,-49
22525,22525,1503612642033,6,-1,0,1,0,-2,-8,-8
22526,22526,1503612642042,-4,0,-2,0,-1,-2,1,-15
22527,22527,1503612642050,-1,-2,-4,-3,-1,-2,-3,12
22528,22528,1503612642064,6,16,1,-1,-1,0,0,0
22529,22529,1503612642071,-2,0,-2,1,1,0,-1,2
22530,22530,1503612642087,3,-9,-3,-2,-4,-2,1,25
22531,22531,1503612642094,0,2,1,1,1,0,-1,-18
22532,22532,1503612642102,-2,-5,-3,-1,-1,-4,-5,-11
22533,22533,1503612642109,-4,-5,-5,-5,0,-2,3,29
22534,22534,1503612642124,5,-8,-2,2,2,1,1,21
22535,22535,1503612642131,-5,-6,-1,-1,1,-1,-1,-13
22536,22536,1503612642147,11,6,0,-1,0,1,0,2
22537,22537,1503612642154,4,19,2,0,-1,1,3,-6
22538,22538,1503612642162,-9,-17,-2,1,0,1,12,2
22539,22539,1503612642169,1,-9,-4,-3,-2,-1,-4,-31
22540,22540,1503612642185,0,1,0,0,0,0,3,18
22541,22541,1503612642191,0,-6,0,-1,-1,-2,-3,-20
22542,22542,1503612642199,-3,-3,-2,-3,0,-1,5,10
22543,22543,1503612642214,-1,-5,-3,-1,-1,-2,-2,2
22544,22544,1503612642223,-6,-3,-2,-2,-4,-5,-8,-13
22545,22545,1503612642229,-3,3,0,0,-1,0,2,10
22546,22546,1503612642244,-4,-1,-3,0,-2,-2,1,0
22547,22547,1503612642252,-17,11,10,2,1,1,1,7
22548,22548,1503612642260,-1,2,1,0,1,1,-5,-16
22549,22549,1503612642273,1,-3,0,-1,-1,0,-2,0
22550,22550,1503612642274,3,-23,-10,-2,-2,-2,-2,2
22551,22551,1503612642282,-1,6,1,-2,-1,-3,-7,-8
22552,22552,1503612642289,2,4,3,2,-1,-2,-10,-7
22553,22553,1503612642304,5,-2,0,-1,3,-1,-3,18
22554,22554,1503612642311,5,6,-1,-5,-6,-4,-1,11
22555,22555,1503612642321,-4,-8,-2,0,-3,-1,-7,-12
22556,22556,1503612642334,-3,-6,-3,0,1,2,1,-22
22557,22557,1503612642342,-2,1,-3,-4,-1,-2,-1,6
22558,22558,1503612642349,3,-3,1,-2,0,1,4,1
22559,22559,1503612642364,-6,-3,-1,0,2,2,3,-3
22560,22560,1503612642371,11,-5,-6,-2,-3,0,2,9
22561,22561,1503612642379,0,2,2,0,0,0,2,1
22562,22562,1503612642394,2,11,0,0,2,-1,2,19
22563,22563,1503612642402,18,8,-1,0,-1,1,9,-2
22564,22564,1503612642408,-5,-5,-1,2,0,1,4,2
22565,22565,1503612642425,-3,-3,-3,-3,-2,-3,0,0
22566,22566,1503612642431,8,-5,-2,0,0,1,2,4
22567,22567,1503612642432,-2,3,0,2,1,1,-2,3
22568,22568,1503612642447,-6,2,-2,1,-1,-1,-7,-22
22569,22569,1503612642454,-1,-1,0,0,-1,-2,-6,-13
22570,22570,1503612642462,-1,10,4,1,0,0,-1,12
22571,22571,1503612642469,-6,9,2,-1,-2,-1,-3,3
22572,22572,1503612642484,-6,-11,-5,-1,0,0,2,4
22573,22573,1503612642491,0,0,-3,-2,-1,-4,-2,-1
22574,22574,1503612642499,1,-4,-1,1,0,-1,-2,9
22575,22575,1503612642500,-1,4,4,1,-1,0,0,-11
22576,22576,1503612642514,-4,-10,-5,-2,-2,-2,-2,3
22577,22577,1503612642522,-4,-7,-3,-3,0,-4,1,7
22578,22578,1503612642529,2,-1,-1,2,0,-1,2,1
22579,22579,1503612642530,-2,-3,-2,-4,-2,-1,1,-5
22580,22580,1503612642544,1,3,-2,-3,-6,-1,-2,2
22581,22581,1503612642551,-3,-2,-2,-2,-2,-1,6,2
22582,22582,1503612642560,-2,-6,-4,-2,-2,-1,1,8
22583,22583,1503612642574,-5,1,3,4,4,1,8,3
22584,22584,1503612642582,1,-3,0,0,3,-1,-3,-1
22585,22585,1503612642590,-2,-15,-5,-3,-2,-3,3,11
22586,22586,1503612642604,-3,-1,0,0,-2,-1,0,-12
22587,22587,1503612642611,3,3,-1,-3,-4,-2,-1,-7
22588,22588,1503612642622,2,6,2,-2,-1,0,-3,-3
22589,22589,1503612642634,3,0,-3,-1,0,-1,1,2
22590,22590,1503612642642,-2,2,1,1,3,0,4,-4
22591,22591,1503612642649,-8,0,2,0,-2,-1,-9,-13
22592,22592,1503612642665,-1,-4,-5,-2,-2,0,2,23
22593,22593,1503612642671,4,7,3,4,1,0,-4,-3
22594,22594,1503612642688,0,-1,0,1,0,1,5,0
22595,22595,1503612642694,0,-4,-3,-1,-1,-1,-8,2
22596,22596,1503612642702,-5,-7,-4,-1,-2,0,-3,-13
22597,22597,1503612642716,-5,1,3,-1,0,1,-1,-8
22598,22598,1503612642731,1,-1,-2,0,0,-3,-5,-8
22599,22599,1503612642732,-1,-2,-2,-1,-2,-2,-3,-3
22600,22600,1503612642747,0,-4,0,-2,-3,-2,-4,3
22601,22601,1503612642756,1,2,-2,-1,1,-1,0,-1
22602,22602,1503612642763,-1,1,-1,-1,-1,0,1,-1
22603,22603,1503612642776,-4,-3,-5,-4,-1,-2,13,6
22604,22604,1503612642784,3,6,2,-1,-2,-1,-5,1
22605,22605,1503612642791,-4,-4,0,1,-1,0,2,12
22606,22606,1503612642806,-3,-1,-3,-1,1,-3,-3,-6
22607,22607,1503612642813,-2,-14,-6,-3,-1,-1,-3,-8
22608,22608,1503612642824,-17,-8,-3,-1,-2,-1,-9,-85
22609,22609,1503612642836,-3,0,0,1,-1,-2,-2,0
22610,22610,1503612642844,3,1,-2,-3,-1,-1,-1,10
22611,22611,1503612642851,-1,-4,-2,-1,0,0,-5,-20
22612,22612,1503612642866,2,9,7,0,2,3,4,48
22613,22613,1503612642873,2,4,1,1,-1,-2,-9,6
22614,22614,1503612642882,4,-4,-5,-4,-5,-1,1,24
22615,22615,1503612642897,-3,-7,-3,-2,-1,-1,5,3
22616,22616,1503612642904,17,-2,-2,2,0,0,0,-5
22617,22617,1503612642911,-3,10,4,1,-2,0,-2,-13
22618,22618,1503612642928,1,-1,0,-1,-1,-1,1,-3
22619,22619,1503612642934,5,7,-4,-2,-3,-3,-10,5
22620,22620,1503612642942,-7,-3,-4,1,-1,-3,-1,0
22621,22621,1503612642957,4,-3,-3,-1,0,-1,-3,-3
22622,22622,1503612642958,2,-1,1,2,1,0,3,-1
22623,22623,1503612642965,-5,-4,-2,-2,0,0,-1,-9
22624,22624,1503612642971,-2,-1,-1,-2,-4,1,2,2
22625,22625,1503612642986,-13,5,-1,-1,-2,-1,1,-18
22626,22626,1503612643001,1,-2,1,0,-1,-1,-3,-7
22627,22627,1503612643002,-2,-3,-2,-3,-1,0,0,18
22628,22628,1503612643017,-2,3,1,-1,1,0,-3,-8
22629,22629,1503612643025,3,-1,-1,1,3,0,1,6
22630,22630,1503612643032,1,-5,-3,-3,0,-2,2,7
22631,22631,1503612643046,-1,4,2,0,0,-1,-2,3
22632,22632,1503612643054,-5,-8,-2,-1,0,-1,3,2
22633,22633,1503612643062,0,12,4,0,0,0,0,-9
22634,22634,1503612643076,-2,-2,0,-1,-1,0,0,1
22635,22635,1503612643084,3,-10,-3,-1,-2,-3,-4,-3
22636,22636,1503612643091,0,6,3,1,-2,-2,-4,0
22769,22769,1503612644314,5,19,5,4,1,1,1,-2
22770,22770,1503612644328,0,-15,-5,-4,-3,0,0,0
22771,22771,1503612644338,-2,-1,0,-1,1,1,1,2
22772,22772,1503612644344,6,11,0,-1,2,1,3,4
22773,22773,1503612644359,2,-5,-1,0,1,-2,-3,-6
22774,22774,1503612644367,9,3,1,3,3,0,4,27
22775,22775,1503612644368,-1,-4,-4,-5,-4,0,-3,-10
22776,22776,1503612644375,-7,7,6,-1,-5,-3,-6,-18
22777,22777,1503612644388,-9,-1,-2,0,-1,-2,-1,-2
22778,22778,1503612644397,2,-2,-2,-3,-4,0,-2,16
22779,22779,1503612644405,-5,-7,-2,-2,0,0,0,-5
22780,22780,1503612644418,0,-4,-1,-2,-1,-1,2,2
22781,22781,1503612644426,-1,5,2,2,-1,-1,-1,4
22782,22782,1503612644434,8,24,6,2,-3,-2,0,-1
22783,22783,1503612644449,-5,-15,-1,3,2,0,-5,-6
22784,22784,1503612644457,-28,5,-2,-3,-2,-2,-5,-4
22785,22785,1503612644465,-3,0,3,0,-1,-2,0,-7
22786,22786,1503612644479,1,-14,-6,-1,1,4,0,-1
22787,22787,1503612644486,-8,-6,-5,-7,-11,-1,-1,9
22788,22788,1503612644493,-4,-19,-5,-2,1,0,1,-1
22789,22789,1503612644509,27,-4,-2,2,1,0,-2,26
22790,22790,1503612644516,-10,-1,4,2,0,0,3,-2
22791,22791,1503612644524,4,15,6,0,2,-2,1,-3
22792,22792,1503612644539,2,1,0,2,2,0,2,3
22793,22793,1503612644546,4,10,4,0,2,1,2,6
22794,22794,1503612644560,5,-3,-5,-3,-3,-2,-5,-15
22795,22795,1503612644569,-4,0,1,0,3,-2,-1,-11
22796,22796,1503612644577,3,-9,-4,-3,-1,-1,-4,5
22797,22797,1503612644591,-16,20,7,2,-1,0,0,-5
22798,22798,1503612644599,-5,-12,-7,-2,-3,-2,-2,-11
22799,22799,1503612644607,-15,6,-2,-4,-1,-3,-6,-30
22800,22800,1503612644620,10,10,0,2,0,-1,2,16
22801,22801,1503612644628,8,-45,-14,-5,-3,-4,-4,1
22802,22802,1503612644636,-1,4,1,1,0,1,-4,-10
22803,22803,1503612644651,3,-16,-7,-5,-4,0,4,-5
22804,22804,1503612644659,-11,-3,-2,-4,-1,-2,-4,-6
22805,22805,1503612644670,1,-5,-2,1,0,1,-4,7
22806,22806,1503612644680,5,6,3,0,-1,-1,2,11
22807,22807,1503612644688,-7,6,1,-1,-1,-1,0,-2
22808,22808,1503612644696,8,2,1,2,0,1,-2,12
22809,22809,1503612644712,26,-1,-1,3,1,1,-2,17
22810,22810,1503612644718,-1,-15,-11,-9,-7,-3,4,10
22811,22811,1503612644727,-21,41,18,4,2,2,11,7
22812,22812,1503612644741,-5,9,3,3,2,-2,-5,-5
22813,22813,1503612644749,-10,-8,-5,1,0,-3,6,-18
22814,22814,1503612644756,1,8,1,-1,-1,0,5,6
22815,22815,1503612644772,-2,-7,-8,-4,-3,-1,0,-1
22816,22816,1503612644779,8,-15,-9,-4,-3,-2,-5,16
22817,22817,1503612644786,2,6,-2,-4,-5,-7,-1,11
22818,22818,1503612644800,2,-5,-2,-3,-4,-2,-5,-5
22819,22819,1503612644809,1,7,5,3,3,-1,3,13
22820,22820,1503612644816,13,3,1,3,0,0,1,12
22821,22821,1503612644831,3,-28,-10,-4,-3,0,-1,-16
22822,22822,1503612644839,2,3,12,8,4,-2,-2,-4
22823,22823,1503612644847,-6,-12,-6,-4,-3,0,-3,7
22824,22824,1503612644860,12,17,0,-1,1,2,1,-7
22825,22825,1503612644870,-2,10,7,2,0,-2,-7,3
22826,22826,1503612644871,3,5,3,1,-2,-1,-5,-2
22827,22827,1503612644876,-9,-4,-1,1,1,-1,-3,-20
22828,22828,1503612644891,7,12,1,0,-2,-2,-1,7
22829,22829,1503612644899,-7,-4,-3,-3,0,0,3,-5
22830,22830,1503612644906,-2,3,-3,-1,1,0,-1,-3
22831,22831,1503612644920,-30,-4,6,4,2,-1,-2,-10
22832,22832,1503612644928,-15,0,-3,-2,0,0,0,-9
22833,22833,1503612644939,-20,14,6,1,0,-1,3,-5
22834,22834,1503612644951,-2,-2,-2,-7,-2,0,-7,-9
22835,22835,1503612644958,11,4,-3,-5,-4,-2,0,1
22836,22836,1503612644966,-16,18,5,4,2,-1,0,2
22837,22837,1503612644980,2,-5,-7,-3,-2,0,-4,-5
22838,22838,1503612644988,-14,-15,-1,2,-1,1,0,-2
22839,22839,1503612644996,-12,-21,-8,-3,-3,0,-1,-1
22840,22840,1503612645011,-24,-15,-5,-4,-2,-3,0,-1
22841,22841,1503612645018,20,-1,-1,0,-3,-2,0,-5
22842,22842,1503612645026,13,3,-1,1,-1,2,7,8
22843,22843,1503612645040,17,-16,-6,-3,0,-1,-1,3
22844,22844,1503612645049,9,-3,-2,1,0,-2,0,0
22845,22845,1503612645056,-13,-1,1,-1,-3,0,-2,-2
22846,22846,1503612645072,-8,-3,1,0,-1,-2,-1,-2
22847,22847,1503612645073,18,-2,-1,-2,-1,2,-4,-7
22848,22848,1503612645079,-11,-4,-4,-2,-1,-3,1,-23
22849,22849,1503612645087,10,-17,-2,1,-1,-2,0,2
22850,22850,1503612645100,5,22,7,3,-1,1,-4,1
22851,22851,1503612645109,2,4,0,-2,1,-1,1,-11
22852,22852,1503612645116,1,15,5,3,3,3,2,12
22853,22853,1503612645131,3,2,-1,-1,-1,-1,-10,-5
22854,22854,1503612645139,2,-11,-6,-5,-1,-1,2,6
22855,22855,1503612645147,-3,0,-1,-2,0,-2,-6,-6
22856,22856,1503612645160,12,11,3,3,3,-1,-2,-3
22857,22857,1503612645168,2,2,0,2,1,3,-2,1
22858,22858,1503612645176,-6,-7,-2,-1,-2,-1,1,3
22859,22859,1503612645191,8,4,-2,-1,-3,-3,0,19
22860,22860,1503612645199,11,6,-2,-2,-1,0,-2,-5
22861,22861,1503612645207,-8,0,-1,-3,-3,-3,0,-23
22862,22862,1503612645220,2,-4,-2,-2,0,0,4,10
22863,22863,1503612645228,0,8,3,1,-2,-2,0,7
22864,22864,1503612645236,-5,-6,-1,0,-1,-3,-1,-6
22865,22865,1503612645251,-3,0,-3,-1,-1,-2,-1,11
22866,22866,1503612645259,-2,-6,-3,-3,-4,-3,-2,3
22867,22867,1503612645267,-2,-1,-1,-1,-1,0,3,7
22868,22868,1503612645281,-7,-11,-2,-1,-2,-2,-1,26
22869,22869,1503612645288,2,14,4,1,-1,-1,-9,-12
22870,22870,1503612645296,-18,-9,-2,-3,-3,-1,-5,-10
22871,22871,1503612645312,-1,-7,-3,-4,-1,-1,6,1
22872,22872,1503612645319,1,3,-1,0,0,-1,-1,-21
22873,22873,1503612645326,8,-8,-2,-2,-1,2,7,19
22874,22874,1503612645340,-11,-6,1,1,-2,-3,-11,-11
22875,22875,1503612645341,6,18,9,2,2,-1,-7,5
22876,22876,1503612645349,1,-3,-1,0,-1,2,-1,-5
22877,22877,1503612645356,-2,-11,-7,-3,-2,0,-1,-4
22878,22878,1503612645371,-11,8,3,-1,0,1,-1,-10
22879,22879,1503612645379,-5,0,2,1,1,1,-4,-12
22880,22880,1503612645386,0,-12,-2,-2,-1,-1,-1,-3
22881,22881,1503612645400,23,28,6,1,1,0,2,4
22882,22882,1503612645416,-9,-12,-4,-2,-1,1,2,-7
22883,22883,1503612645431,-4,0,-2,-2,-2,-2,-2,-6
22884,22884,1503612645440,-5,-6,-4,-3,-4,-2,1,-5
22885,22885,1503612645447,-18,-10,-3,-2,-2,0,0,3
22886,22886,1503612645461,-1,-10,-5,-1,-1,-2,-2,6
22887,22887,1503612645468,0,0,0,0,4,0,-3,-7
22888,22888,1503612645484,-2,-2,0,0,-1,2,0,0
22889,22889,1503612645491,-1,-3,-2,0,0,1,0,-3
22890,22890,1503612645498,-4,-5,-2,-1,1,0,1,1
22891,22891,1503612645514,-3,-3,0,-2,-1,-1,0,0
22892,22892,1503612645520,-4,-2,-1,1,0,0,1,-3
22893,22893,1503612645528,4,1,0,-1,-1,-2,-1,-1
22894,22894,1503612645543,-1,-2,0,0,-2,0,-1,-2
22895,22895,1503612645551,-7,-5,-5,0,-1,-2,-3,-3
22896,22896,1503612645558,2,-4,-3,-2,-2,-2,-2,-1
22897,22897,1503612645575,34,1,2,0,0,1,2,9
22898,22898,1503612645581,14,-1,1,-1,-2,-3,1,4
22899,22899,1503612645589,-6,-3,-2,-1,-1,-1,-1,-2
22900,22900,1503612645603,-9,1,3,2,1,-1,1,-4
22901,22901,1503612645611,-15,-2,-2,-1,0,0,2,-1
22902,22902,1503612645619,-7,-3,-3,-3,-1,-1,-2,-5
22903,22903,1503612645633,3,3,-1,1,-1,1,-1,2
22904,22904,1503612645643,-7,-2,1,-1,-8,-2,-1,-3
22905,22905,1503612645644,-4,-4,-1,0,5,0,-2,-1
22906,22906,1503612645649,1,-2,-1,1,3,0,2,3
22907,22907,1503612645663,4,-1,-3,-1,-2,0,0,2
22908,22908,1503612645671,-3,-3,-1,-1,-1,-2,-1,0
22909,22909,1503612645679,-4,-1,1,-2,0,1,0,-1
22910,22910,1503612645694,-1,0,-2,-1,-1,-3,-1,-6
22911,22911,1503612645701,-5,-1,-2,-2,-2,-3,-4,-1
22912,22912,1503612645711,7,2,-2,-2,0,0,2,4
22913,22913,1503612645723,-3,0,-1,-2,-3,-1,-1,-1
22914,22914,1503612645731,9,1,0,-1,-3,-1,1,5
22915,22915,1503612645739,1,-2,-2,-2,-2,-3,-5,-9
22916,22916,1503612645753,0,-1,-2,-1,-1,4,2,0
22917,22917,1503612645754,-9,-6,-3,-2,-1,-11,-6,-5
22918,22918,1503612645761,0,1,-1,-1,0,-2,3,2
22919,22919,1503612645770,-8,-2,0,0,-4,1,-3,-4
22920,22920,1503612645784,1,6,4,1,-2,-4,-3,-4
22921,22921,1503612645791,5,2,0,0,-1,-1,1,-2
22922,22922,1503612645798,0,-1,-1,0,-3,1,1,3
22923,22923,1503612645820,-5,-1,-1,-3,-2,1,-4,-3
22924,22924,1503612645822,-3,-2,1,1,-1,-2,0,-4
22925,22925,1503612645829,-8,-1,-1,0,-3,0,1,-2
22926,22926,1503612645845,27,0,-2,-6,-6,-2,1,9
22927,22927,1503612645853,-3,-2,-2,-3,-1,-11,-11,-7
22928,22928,1503612645859,-10,-2,-1,0,1,-1,-5,-8
22929,22929,1503612645874,7,4,1,1,5,6,9,8
22930,22930,1503612645881,-19,-2,-3,-4,-3,-4,-5,-8
22931,22931,1503612645889,-5,-3,3,3,1,4,6,9
22932,22932,1503612645903,-3,-1,3,2,3,4,2,3
22933,22933,1503612645911,6,3,0,2,0,6,6,2
22934,22934,1503612645926,-3,-6,-4,-1,-1,0,-2,0
22935,22935,1503612645934,-14,-4,-2,-2,0,-4,-2,-3
22936,22936,1503612645941,5,-4,-5,1,1,2,4,7
22937,22937,1503612645949,2,-3,-3,-2,-1,0,7,11
22938,22938,1503612645963,3,-3,-1,1,2,1,1,0
22939,22939,1503612645971,-4,0,4,1,0,2,-1,-1
22940,22940,1503612645983,35,3,4,-1,-2,-1,-1,5
22941,22941,1503612645993,3,6,4,2,0,1,-2,-5
22942,22942,1503612646001,-21,1,-1,-4,-4,-4,-9,-17
22943,22943,1503612646011,-10,-7,-3,1,4,-4,-7,-13
22944,22944,1503612646023,-5,4,0,-1,-3,0,4,5
22945,22945,1503612646031,4,-1,-4,0,-1,1,4,7
22946,22946,1503612646038,17,-5,-2,2,0,2,6,8
22947,22947,1503612646054,-2,2,2,1,0,-1,-1,-3
22948,22948,1503612646061,-13,-7,-4,-1,-1,1,-4,-4
22949,22949,1503612646069,7,0,1,3,3,4,5,5
22950,22950,1503612646070,12,2,-2,-4,-8,-3,-7,-4
22951,22951,1503612646085,-6,1,1,1,3,2,3,-1
22952,22952,1503612646091,5,-3,-2,-3,-11,0,0,-3
22953,22953,1503612646098,-4,2,1,-1,0,-2,1,6
22954,22954,1503612646114,1,5,1,-3,0,-4,-4,-4
22955,22955,1503612646121,3,-3,-2,-3,-3,-1,-2,0
22956,22956,1503612646122,-6,0,0,1,0,-1,1,1
22957,22957,1503612646129,-7,-1,-1,-3,-3,-3,3,5
22958,22958,1503612646143,-5,1,1,-1,3,-4,0,-7
22959,22959,1503612646151,0,-1,0,2,9,2,4,3
22960,22960,1503612646158,-6,-2,-2,-1,-1,-1,-7,-3
22961,22961,1503612646173,2,-3,-2,-1,2,0,-2,-6
22962,22962,1503612646181,8,0,-2,-1,-3,-3,-2,0
22963,22963,1503612646189,6,-1,0,-1,0,0,-3,-3
22964,22964,1503612646203,-3,-1,-2,-2,-4,-1,0,-2
22965,22965,1503612646213,-4,-2,0,-1,-4,0,-1,-3
22966,22966,1503612646219,-2,-3,-3,1,7,2,4,6
22967,22967,1503612646233,-10,-5,-5,-3,-4,-4,-7,-7
22968,22968,1503612646241,-2,-1,1,4,2,3,2,-1
22969,22969,1503612646249,-2,-1,-2,0,3,1,2,3
22970,22970,1503612646250,3,-1,0,-1,-1,-1,-4,-2
22971,22971,1503612646263,2,-1,-1,-2,-2,0,1,2
22972,22972,1503612646271,0,-2,-1,2,1,-1,-1,-5
22973,22973,1503612646280,8,2,0,-2,-4,1,0,0
22974,22974,1503612646281,-3,3,0,-3,-3,-1,-3,-3
22975,22975,1503612646293,-12,-2,-1,1,0,0,1,2
22976,22976,1503612646301,-2,5,8,0,1,1,4,4
22977,22977,1503612646309,6,4,0,-1,-2,1,1,3
22978,22978,1503612646324,5,-7,-5,-3,-2,-1,-3,-2
22979,22979,1503612646331,-1,-1,1,1,-2,1,3,1
22980,22980,1503612646338,-2,-6,-1,-1,-8,-2,-2,-6
22981,22981,1503612646353,-1,1,1,0,-3,-1,3,3
22982,22982,1503612646354,2,2,-1,-1,2,1,1,2
22983,22983,1503612646361,20,8,1,0,1,0,0,1
22984,22984,1503612646369,-7,-3,-3,-4,-5,-12,-11,-12
22985,22985,1503612646383,-8,-2,-2,-3,1,-3,-7,-6
22986,22986,1503612646391,5,0,1,1,2,2,1,0
22987,22987,1503612646398,-3,1,0,-2,-7,-5,0,-1
22988,22988,1503612646419,-4,-1,0,-2,4,1,3,-1
22989,22989,1503612646421,1,-1,3,1,5,2,-6,0
22990,22990,1503612646437,-7,1,-3,-2,-3,-1,-3,-2
22991,22991,1503612646443,-2,-2,-5,-2,0,1,0,-5
22992,22992,1503612646452,3,0,1,1,0,0,0,1
22993,22993,1503612646465,-3,0,-3,-2,-3,1,1,0
22994,22994,1503612646473,-1,-4,-2,2,4,4,-1,1
22995,22995,1503612646482,3,1,5,1,4,0,-1,-2
22996,22996,1503612646496,3,0,-2,-3,-1,-2,-3,-2
22997,22997,1503612646503,-2,-1,-2,-3,-1,-5,-8,1
22998,22998,1503612646511,-4,-4,0,0,3,2,1,-1
22999,22999,1503612646525,-5,-4,-2,-3,-1,-1,1,-1
23000,23000,1503612646533,2,5,4,-2,-4,-2,1,0
23001,23001,1503612646541,-3,-3,-2,2,4,2,1,0
23002,23002,1503612646556,1,1,-6,-3,-5,-4,0,1
23003,23003,1503612646557,-1,-4,-3,-3,-5,-4,-3,-2
23004,23004,1503612646570,-2,0,-1,0,-1,1,3,1
23005,23005,1503612646572,-13,-7,-3,-3,-1,-1,-6,-3
23006,23006,1503612646585,0,-4,-4,-1,-4,1,2,0
23007,23007,1503612646594,3,-1,-1,-2,-5,-3,-6,-4
23008,23008,1503612646601,-4,0,-1,-1,-2,-1,4,-2
23009,23009,1503612646617,-5,3,5,1,-1,-1,-4,-3
23010,23010,1503612646618,3,-2,-4,-1,0,2,9,8
23011,23011,1503612646623,3,9,4,1,1,0,6,6
23012,23012,1503612646631,-2,0,-4,-7,-13,-3,-2,-3
23013,23013,1503612646645,-7,-7,-5,-4,-4,-7,-3,-1
23014,23014,1503612646654,6,1,3,2,4,1,3,5
23015,23015,1503612646661,-2,-2,-2,-1,-1,1,-3,-4
23016,23016,1503612646676,23,1,0,2,6,0,1,5
23017,23017,1503612646685,0,2,2,0,1,0,2,3
23018,23018,1503612646692,-14,-1,-3,0,-1,-3,-4,-4
23019,23019,1503612646706,1,-2,-2,-1,-3,0,1,4
23020,23020,1503612646713,5,2,1,-1,-4,3,1,4
23021,23021,1503612646721,-6,-3,-2,-3,-4,-7,-5,-14
23022,23022,1503612646736,-5,0,-1,1,3,-1,-3,-5
23023,23023,1503612646743,22,-2,-2,-2,-4,-1,-6,0
23024,23024,1503612646752,-4,-1,-1,-2,3,0,-2,-7
23025,23025,1503612646765,-11,-6,-3,-3,-2,-2,-8,-5
23026,23026,1503612646773,-5,-5,-1,-1,1,-1,-2,1
23027,23027,1503612646781,-4,-1,0,0,1,-1,0,-1
23028,23028,1503612646796,-6,-1,1,0,-6,1,-4,-3
23029,23029,1503612646803,-14,1,0,1,2,-8,2,2
23030,23030,1503612646811,-7,-1,-1,1,0,-2,1,1
23031,23031,1503612646826,-1,2,1,0,-1,4,4,2
23032,23032,1503612646833,4,1,-3,-3,-3,-8,-9,-13
23033,23033,1503612646841,5,-4,-1,4,3,6,2,-2
23034,23034,1503612646858,3,-3,-4,-3,0,-1,2,1
23035,23035,1503612646863,7,7,1,-1,0,14,-4,4
23036,23036,1503612646871,-3,0,-2,-3,-1,-3,5,4
23212,23212,1503612648581,-2,0,0,0,-3,-6,-7,-2
23213,23213,1503612648589,-5,-2,-4,-3,-2,-2,0,3
23214,23214,1503612648597,-4,0,-1,0,-7,-5,-2,-7
23215,23215,1503612648611,4,0,-3,-2,-7,1,6,-1
23216,23216,1503612648618,-6,-2,2,1,1,2,-6,-3
23217,23217,1503612648626,3,2,1,0,-12,-7,9,-3
23218,23218,1503612648641,-5,-5,-3,-5,11,9,7,0
23219,23219,1503612648649,-4,1,1,2,9,-1,-9,-1
23220,23220,1503612648656,-1,-3,-2,-4,-33,-12,-3,-6
23221,23221,1503612648672,0,4,-1,-2,-1,1,-5,-2
23222,23222,1503612648678,-8,-16,-4,-2,2,-1,-3,0
23223,23223,1503612648687,-4,-2,-1,-3,12,2,-1,1
23224,23224,1503612648701,6,1,1,-2,-2,-1,-3,3
23225,23225,1503612648709,-2,0,2,4,0,-1,-2,3
23226,23226,1503612648716,0,2,1,1,4,0,-3,-8
23227,23227,1503612648731,2,3,0,1,0,1,1,56
23228,23228,1503612648747,-1,-3,-2,0,0,-2,0,4
23229,23229,1503612648761,3,2,0,2,5,0,-9,-7
23230,23230,1503612648772,-2,0,0,-2,-10,-6,-8,-21
23231,23231,1503612648776,-1,-4,0,0,2,-1,2,-3
23232,23232,1503612648791,4,9,4,4,6,3,2,-12
23233,23233,1503612648798,-3,-1,1,-2,-27,-7,-1,9
23234,23234,1503612648808,-1,-2,-1,-1,2,7,-2,-12
23235,23235,1503612648821,0,-2,2,1,3,2,-2,-4
23236,23236,1503612648833,-1,-10,-7,-3,-7,-4,1,-6
23237,23237,1503612648837,-3,-5,-2,-2,6,0,2,1
23238,23238,1503612648851,-3,-1,-1,1,4,-1,9,-1
23239,23239,1503612648858,2,-2,-2,0,2,-1,4,8
23240,23240,1503612648867,4,-4,-2,-2,-9,-8,-11,-6
23241,23241,1503612648881,0,1,-2,0,-3,-2,0,-1
23242,23242,1503612648889,-5,-3,-1,-2,-2,-2,1,-8
23243,23243,1503612648899,-3,-4,-4,-4,-1,-1,-6,-5
23244,23244,1503612648911,0,-1,3,1,4,3,7,0
23245,23245,1503612648918,-1,0,-1,-2,-3,0,1,3
23246,23246,1503612648926,1,5,-1,-2,0,0,-5,-4
23247,23247,1503612648941,-2,-4,-3,-1,0,-1,-1,2
23248,23248,1503612648942,1,-3,-2,0,2,1,-2,-2
23249,23249,1503612648949,-5,-1,-1,-4,-1,-2,-2,0
23250,23250,1503612648956,1,2,-2,1,3,-1,6,8
23251,23251,1503612648971,-1,-2,-2,1,1,1,2,-2
23252,23252,1503612648978,-1,1,-1,0,0,-2,-5,-4
23253,23253,1503612648986,1,6,2,0,0,-1,-5,1
23254,23254,1503612649001,0,3,0,0,7,2,2,-4
23255,23255,1503612649009,1,-2,-1,0,9,-1,1,-1
23256,23256,1503612649016,6,1,1,0,5,0,3,4
23257,23257,1503612649033,0,-5,-1,-3,-7,-2,0,-4
23258,23258,1503612649039,-2,7,1,1,-4,-3,-8,-4
23259,23259,1503612649046,-3,-4,0,-2,-4,-2,-2,2
23260,23260,1503612649061,-2,-3,1,0,-2,0,1,-1
23261,23261,1503612649072,3,1,0,0,3,1,-2,-3
23262,23262,1503612649076,-1,3,1,-3,1,2,0,-2
23263,23263,1503612649091,-1,0,-2,-2,-2,0,-2,-1
23264,23264,1503612649100,-2,-9,-4,-1,-1,-3,-4,-5
23265,23265,1503612649106,1,6,1,-1,1,-3,-3,0
23266,23266,1503612649107,2,-4,-4,-4,-11,-4,-1,1
23267,23267,1503612649121,-4,-5,-2,-3,-4,-1,1,-1
23268,23268,1503612649136,-2,2,0,1,1,-2,-5,-1
23269,23269,1503612649137,1,-1,2,3,2,3,3,3
23270,23270,1503612649152,-1,3,2,-2,-2,-1,-2,-3
23271,23271,1503612649158,-3,-2,0,-2,1,-2,-3,-3
23272,23272,1503612649168,1,1,0,2,1,0,1,1
23273,23273,1503612649181,-6,9,-4,-4,-5,-1,2,4
23274,23274,1503612649189,-8,-8,-4,-3,-1,-1,-1,0
23275,23275,1503612649196,-1,-7,-2,1,1,-1,-1,-3
23276,23276,1503612649211,-1,-1,-3,-1,1,0,2,1
23277,23277,1503612649218,0,-1,-2,1,1,1,1,0
23278,23278,1503612649234,2,1,1,2,-1,0,1,4
23279,23279,1503612649241,-3,-1,0,0,0,-1,-2,-3
23280,23280,1503612649242,1,3,2,0,1,-1,1,0
23281,23281,1503612649249,-1,-5,-2,-1,-1,-1,0,1
23282,23282,1503612649263,0,0,-2,-1,-4,-1,-1,0
23283,23283,1503612649271,0,4,1,3,1,0,-1,-6
23284,23284,1503612649278,-1,-3,-2,-3,-4,-4,-4,-3
23285,23285,1503612649293,1,-11,-5,-3,4,1,0,1
23286,23286,1503612649302,-5,-4,1,-2,-1,1,1,-1
23287,23287,1503612649309,-3,-3,0,-2,-4,-4,-8,-14
23288,23288,1503612649323,0,-1,-3,-2,2,-1,3,4
23289,23289,1503612649331,1,-1,-2,-1,-3,-3,1,10
23290,23290,1503612649342,-2,0,2,1,-2,0,1,-1
23291,23291,1503612649353,0,4,-2,-1,2,2,2,-1
23292,23292,1503612649370,-2,1,1,3,1,-1,-1,6
23293,23293,1503612649383,3,0,-1,0,1,-2,-3,-2
23294,23294,1503612649391,-2,7,2,1,0,-1,-3,-9
23295,23295,1503612649398,-1,-3,-2,0,1,1,2,1
23296,23296,1503612649413,1,0,-1,0,0,-1,-7,-17
23297,23297,1503612649421,1,2,-2,-2,1,1,-3,-4
23298,23298,1503612649429,-3,-7,-2,-2,-3,0,1,5
23299,23299,1503612649443,0,-1,-1,0,-5,-2,-4,-7
23300,23300,1503612649451,1,7,-1,-2,5,3,4,1
23301,23301,1503612649458,1,-2,-2,0,1,-2,2,3
23302,23302,1503612649473,2,1,1,-4,-7,-5,-2,-1
23303,23303,1503612649481,0,3,0,-2,0,-1,-1,-1
23304,23304,1503612649489,2,-5,-2,-2,-3,-2,-2,-1
23305,23305,1503612649505,-12,9,3,2,-1,-1,-2,-2
23306,23306,1503612649512,0,4,2,-1,-4,-1,0,4
23307,23307,1503612649518,3,-3,-4,0,4,-1,3,1
23308,23308,1503612649533,-1,-5,-1,0,-4,-1,-2,-3
23309,23309,1503612649541,0,-4,-4,-3,-1,3,1,3
23310,23310,1503612649549,0,-1,1,-2,-3,-3,-1,0
23311,23311,1503612649563,-2,-3,-1,-2,-1,-1,-6,-5
23312,23312,1503612649571,2,3,-1,1,2,0,3,2
23313,23313,1503612649572,-4,-10,-2,2,4,2,-5,-1
23314,23314,1503612649578,1,9,2,-1,1,-1,1,-1
23315,23315,1503612649593,15,0,-1,-1,3,-1,-2,-6
23316,23316,1503612649604,0,-2,0,0,0,0,-2,1
23317,23317,1503612649609,-7,-4,-2,-1,4,3,3,-5
23318,23318,1503612649623,3,-6,-2,0,-1,1,2,68
23319,23319,1503612649631,-1,0,-2,-1,-3,-3,1,1
23320,23320,1503612649639,-4,-4,-3,-3,-3,-4,-2,-2
23321,23321,1503612649653,-5,-3,-2,-2,-5,-1,0,4
23322,23322,1503612649661,0,0,0,-1,-3,-4,-7,-24
23323,23323,1503612649673,0,7,2,3,-1,-2,1,-7
23324,23324,1503612649683,3,5,1,-1,-1,0,0,-11
23325,23325,1503612649691,1,-3,-1,-1,-2,-1,5,17
23326,23326,1503612649698,-8,23,8,2,4,1,3,-10
23327,23327,1503612649713,-4,4,-1,-1,-3,0,5,7
23328,23328,1503612649721,-4,-15,-5,-3,-7,-2,-2,-14
23329,23329,1503612649729,-3,-7,0,-1,7,6,-8,-4
23330,23330,1503612649743,3,0,-3,-3,-6,-2,0,1
23331,23331,1503612649751,-1,-2,-3,-3,-5,-2,0,-4
23332,23332,1503612649759,2,-10,-3,-2,-2,-1,-2,-6
23333,23333,1503612649774,-9,12,-2,-4,-1,-2,-5,-12
23334,23334,1503612649781,5,-1,-1,3,11,4,-1,-1
23335,23335,1503612649789,2,0,2,1,10,2,0,2
23336,23336,1503612649807,11,5,-2,0,-1,0,-3,44
23337,23337,1503612649811,-5,-13,-4,2,-4,-3,-5,1
23338,23338,1503612649818,-4,-11,-3,-3,-1,0,3,1
23339,23339,1503612649833,3,-10,1,2,0,-2,4,2
23340,23340,1503612649841,-26,-13,-4,0,-6,-3,-4,-17
23341,23341,1503612649849,-4,-8,-4,-3,-5,0,3,-6
23342,23342,1503612649863,-4,4,3,0,2,0,-7,-19
23343,23343,1503612649872,0,1,-2,-1,13,2,1,6
23344,23344,1503612649878,-9,-4,-2,-2,-5,-1,0,0
23345,23345,1503612649879,3,3,1,0,1,-1,8,-4
23346,23346,1503612649893,2,1,0,-4,-9,-5,0,-2
23347,23347,1503612649901,-6,11,3,1,0,-1,1,-8
23348,23348,1503612649909,0,9,4,1,-3,0,4,-1
23349,23349,1503612649923,-7,-4,-2,-1,-5,-3,-3,-61
23350,23350,1503612649931,-5,-2,-2,0,-5,0,-8,-5
23351,23351,1503612649939,4,-6,-2,0,-4,0,0,13
23352,23352,1503612649953,-18,-1,0,0,-5,-4,-3,-3
23353,23353,1503612649961,3,-12,-2,-2,2,0,0,1
23354,23354,1503612649969,7,-4,-2,0,-1,-1,-3,7
23355,23355,1503612649983,5,1,-3,-5,-2,0,-3,17
23356,23356,1503612649998,-1,4,-3,-4,-5,-2,2,4
23357,23357,1503612649999,7,8,0,-1,2,3,-3,-2
23358,23358,1503612650014,-8,5,0,2,11,-2,3,48
23359,23359,1503612650021,2,-3,0,0,3,-1,3,12
23360,23360,1503612650029,8,15,4,3,-4,-4,-1,5
23361,23361,1503612650044,6,-2,-2,2,4,2,-1,2
23362,23362,1503612650051,3,-12,-6,-5,-3,0,-7,-22
23363,23363,1503612650058,3,1,-1,-2,-5,-2,0,-13
23364,23364,1503612650074,1,-6,-3,0,-1,1,-2,-12
23365,23365,1503612650082,3,0,1,1,2,0,5,16
23366,23366,1503612650089,0,-5,-2,0,2,2,0,-13
23367,23367,1503612650103,-13,-13,-5,0,9,2,-1,-58
23368,23368,1503612650112,1,3,3,-1,0,0,0,-6
23369,23369,1503612650118,5,16,-2,-2,-5,-3,-3,16
23370,23370,1503612650133,2,4,2,-2,-1,-1,-1,0
23371,23371,1503612650141,1,-3,-2,-3,-1,-1,-7,7
23372,23372,1503612650156,2,1,1,3,-1,0,1,38
23373,23373,1503612650163,2,-3,0,-2,-4,-1,-3,4
23374,23374,1503612650174,0,-12,-8,-7,-3,0,-1,2
23375,23375,1503612650185,-2,-7,-2,0,0,-1,-4,3
23376,23376,1503612650193,3,-1,0,2,3,1,4,-11
23377,23377,1503612650208,-7,-7,0,1,-2,-4,-4,1
23378,23378,1503612650217,-10,2,-2,-3,0,-1,-2,-57
23379,23379,1503612650223,-1,3,8,6,3,-2,2,10
23380,23380,1503612650231,3,-12,-4,-5,-3,-4,-4,2
23381,23381,1503612650232,-5,-3,-3,-3,-4,-1,-2,0
23382,23382,1503612650246,-5,-11,-4,-4,-6,2,0,-6
23383,23383,1503612650253,-6,-2,0,-1,-1,-2,-1,0
23384,23384,1503612650261,3,-2,-7,-8,-4,-2,-7,-2
23385,23385,1503612650276,3,5,4,1,2,-2,0,8
23386,23386,1503612650284,-10,-4,-2,-2,-2,3,4,-25
23387,23387,1503612650291,5,3,-1,-1,-2,-1,-7,6
23388,23388,1503612650309,3,12,-1,0,-1,-2,2,18
23389,23389,1503612650313,1,-1,-2,3,-1,-2,-1,-3
23390,23390,1503612650321,-3,12,-1,-1,-1,-1,1,4
23391,23391,1503612650336,-3,-19,-2,-3,-2,-1,6,5
23392,23392,1503612650343,-13,-19,-5,-3,-1,0,-4,-28
23393,23393,1503612650352,-8,-3,1,-2,-3,1,-2,-33
23394,23394,1503612650365,6,3,1,4,4,0,0,25
23395,23395,1503612650377,6,-6,-6,-2,-1,-2,-6,-17
23396,23396,1503612650381,-1,-2,0,0,0,0,2,16
23397,23397,1503612650396,-6,17,6,2,2,2,1,12
23398,23398,1503612650411,-4,19,10,3,-2,-4,-3,-3
23399,23399,1503612650413,-9,8,3,3,4,-2,-5,13
23400,23400,1503612650425,11,-9,-7,-5,-3,-1,0,9
23401,23401,1503612650433,8,-1,-1,-2,0,-1,-1,-1
23402,23402,1503612650444,3,-11,-5,-2,-2,-1,1,-8
23403,23403,1503612650456,-18,5,4,1,-1,-1,-3,9
23404,23404,1503612650463,4,7,1,-1,-3,-1,4,-19
23405,23405,1503612650471,7,-4,-4,-5,-4,-2,0,1
23406,23406,1503612650485,-5,-2,-8,-5,-3,-3,-6,1
23407,23407,1503612650493,10,9,3,4,-1,2,4,-24
23408,23408,1503612650501,8,30,7,1,0,-1,1,-2
23409,23409,1503612650516,-11,5,6,1,0,-1,-4,36
23410,23410,1503612650523,6,-12,1,2,3,-1,3,11
23411,23411,1503612650531,23,-14,-7,1,1,-1,-11,-5
23412,23412,1503612650545,-19,-8,-2,-2,1,-2,-2,-4
23413,23413,1503612650553,0,-14,-3,-1,-2,-1,1,-18
23414,23414,1503612650561,-8,2,-3,-3,0,0,-5,-24
23415,23415,1503612650578,-7,-5,-4,-1,1,1,2,1
23416,23416,1503612650583,17,8,10,9,6,1,-11,-3
23417,23417,1503612650591,0,-6,-5,-4,-3,-2,-1,-13
23418,23418,1503612650605,5,-2,1,0,0,1,8,30
23419,23419,1503612650614,-21,-5,-4,-1,-1,-1,3,-8
23420,23420,1503612650621,-2,-13,-4,-3,-4,-3,-1,-2
23421,23421,1503612650636,-15,2,2,1,1,2,7,-7
23422,23422,1503612650637,1,-8,-10,-9,-7,-4,-5,-43
23423,23423,1503612650646,-6,2,1,0,-2,-3,-1,5
23424,23424,1503612650652,1,2,2,4,1,0,-5,13
23425,23425,1503612650665,8,15,5,3,-1,0,-2,-13
23426,23426,1503612650673,12,-8,-4,-2,-1,-1,4,21
23427,23427,1503612650683,-11,-7,1,-2,1,3,7,16
23428,23428,1503612650696,3,8,2,-4,-2,1,7,18
23429,23429,1503612650703,-5,-12,-5,-3,-3,-2,1,2
23430,23430,1503612650713,3,12,3,1,-2,-3,-4,-2
23431,23431,1503612650725,-7,0,-2,-3,-3,-1,-6,-4
23432,23432,1503612650733,-8,6,0,-2,-1,1,-1,5
23433,23433,1503612650741,0,-8,-5,0,-1,-1,-8,-17
23434,23434,1503612650756,2,-3,0,2,1,-3,2,2
23435,23435,1503612650763,-11,-9,-3,1,-1,1,4,-5
23436,23436,1503612650771,9,23,4,2,0,0,0,-3
23437,23437,1503612650786,7,17,1,1,1,0,-1,0
23438,23438,1503612650793,2,13,6,1,0,-2,1,6
23439,23439,1503612650801,3,-4,-5,-2,-2,1,4,8
23440,23440,1503612650816,7,-9,-4,-4,0,0,-1,-1
23441,23441,1503612650823,2,2,2,-1,0,-3,-6,20
23442,23442,1503612650831,8,-14,-3,-1,-3,-2,-4,6
23443,23443,1503612650845,-4,-12,-5,-2,-2,-2,-1,3
23444,23444,1503612650854,-8,-2,0,-1,0,-2,-1,-6
23445,23445,1503612650861,-6,-5,2,1,-1,0,-3,-19
23446,23446,1503612650876,2,-10,-2,1,-1,-1,4,-4
23447,23447,1503612650883,8,18,6,3,1,0,-3,3
23448,23448,1503612650891,-15,-17,-5,-3,-3,-1,2,19
23449,23449,1503612650905,-24,-11,-4,-4,-3,0,3,7
23450,23450,1503612650914,1,25,4,-1,-1,-3,-8,-20
23451,23451,1503612650921,0,-9,-3,1,1,1,3,-6
23452,23452,1503612650936,-23,-20,-4,1,2,0,0,4
23453,23453,1503612650943,-2,4,1,-4,0,-2,-2,-9
23454,23454,1503612650951,-3,2,1,2,-1,0,-1,49
23455,23455,1503612650965,7,-3,-4,-3,-1,-1,-2,13
23456,23456,1503612650973,8,7,3,-2,0,0,-5,2
23457,23457,1503612650981,2,-1,0,-1,-3,-3,-3,0
23458,23458,1503612650996,5,7,-2,0,1,0,0,25
23459,23459,1503612651003,-3,-7,-6,-4,-3,-3,-3,-17
23460,23460,1503612651013,2,5,0,-3,2,-1,-1,-18
23461,23461,1503612651025,9,-9,-2,1,0,0,5,6
23462,23462,1503612651033,-10,-10,-4,-3,-3,-1,4,-15
23463,23463,1503612651041,-1,-3,-1,-3,-1,-3,0,6
23464,23464,1503612651057,1,-6,-2,-1,-2,1,2,6
23465,23465,1503612651063,-5,-6,-3,-3,-2,1,2,-14
23466,23466,1503612651082,-3,6,1,-3,-2,-1,-2,-12
23467,23467,1503612651085,-2,4,2,1,1,-3,1,-3
23468,23468,1503612651093,4,7,-1,1,-1,-1,-2,-16
23469,23469,1503612651108,4,9,2,2,2,2,2,-10
23470,23470,1503612651116,2,-11,-5,-4,-4,-2,4,-7
23471,23471,1503612651123,1,2,-3,-2,0,0,5,3
23472,23472,1503612651138,1,0,-1,0,-2,-1,-2,5
23473,23473,1503612651147,3,32,8,3,-1,-1,-9,10
23474,23474,1503612651153,20,-9,-4,-1,0,-4,0,-6
23475,23475,1503612651168,1,-4,-4,-6,-2,-4,-3,4
23476,23476,1503612651176,-1,4,4,1,1,2,2,5
23477,23477,1503612651184,2,-5,-1,0,-1,1,-4,-3
23478,23478,1503612651198,-1,-4,0,3,1,-1,-2,-9
23479,23479,1503612651205,-4,-8,-1,0,0,-1,-3,-9
23480,23480,1503612651215,-3,0,2,2,0,0,-2,-6
23481,23481,1503612651228,-3,-4,-1,1,1,0,-1,-3
23482,23482,1503612651236,-6,0,-1,-1,-1,-2,-6,1
23483,23483,1503612651243,14,-2,-1,0,-2,0,0,0
23484,23484,1503612651258,-13,4,3,0,-1,1,-2,-11
23485,23485,1503612651265,-37,-3,1,-1,-1,1,3,-5
23486,23486,1503612651273,-9,-1,-1,0,1,0,-2,-13
23487,23487,1503612651288,-2,-5,-3,-1,0,-1,-2,3
23488,23488,1503612651296,0,-1,-2,-1,-2,0,1,5
23489,23489,1503612651303,3,-5,-3,-1,-1,0,0,-1
23490,23490,1503612651319,6,-1,0,0,1,-1,-1,-6
23491,23491,1503612651325,-19,-4,-3,-3,-3,-3,-1,-7
23492,23492,1503612651333,-9,-5,2,2,-1,0,-2,-4
23493,23493,1503612651350,-5,6,5,0,-1,-1,-2,22
23494,23494,1503612651356,11,8,-3,-3,1,0,1,-7
23495,23495,1503612651363,11,-4,-5,-3,-1,1,-1,-7
23496,23496,1503612651378,10,-5,-3,-3,-1,-3,-6,-9
23497,23497,1503612651385,9,2,-1,-2,0,0,-1,-6
23498,23498,1503612651393,-6,-1,-3,-1,-2,-1,0,-8
23499,23499,1503612651408,-2,0,1,1,-1,1,1,-4
23500,23500,1503612651416,-4,-4,-2,0,-1,0,-4,-2
23501,23501,1503612651417,12,-2,-1,-1,-2,0,2,7
23502,23502,1503612651425,7,1,3,2,-1,1,0,5
23503,23503,1503612651438,-4,5,1,-1,1,1,-1,2
23504,23504,1503612651445,-2,-6,-5,-3,-1,-2,-5,-5
23505,23505,1503612651453,-4,5,0,-3,0,0,0,-7
23506,23506,1503612651454,-3,-8,-2,-1,0,-2,3,4
23507,23507,1503612651467,-17,16,4,1,1,-1,0,-2
23508,23508,1503612651476,-2,-4,-5,-1,-2,-4,-4,-2
23509,23509,1503612651484,-5,-10,-2,0,0,0,3,3
23510,23510,1503612651498,-7,-4,-2,-3,-3,2,0,-3
23511,23511,1503612651505,1,0,1,-1,-1,-1,-4,8
23512,23512,1503612651513,3,-1,-2,-1,0,0,1,1
23513,23513,1503612651528,-3,17,0,-1,-2,-2,-2,-1
23514,23514,1503612651536,-13,-8,0,-1,-2,1,0,1
23515,23515,1503612651543,6,2,0,-1,0,-1,-2,-10
23516,23516,1503612651565,-4,-2,-1,0,-1,0,-4,-1
23517,23517,1503612651566,2,-11,-5,0,-1,0,3,2
23518,23518,1503612651573,3,2,1,1,2,-2,-2,-5
23519,23519,1503612651588,3,-5,0,-1,0,0,-2,-11
23520,23520,1503612651596,1,4,0,-2,-2,0,0,6
23521,23521,1503612651603,9,10,5,2,-1,0,1,-6
23522,23522,1503612651619,0,0,0,1,-1,0,2,-1
23523,23523,1503612651626,-3,-14,-4,-3,-2,-1,0,3
23524,23524,1503612651633,-2,2,-1,-2,-4,-1,1,-3
23525,23525,1503612651647,5,-10,-4,-3,-1,-2,2,2
23526,23526,1503612651657,-1,1,-1,0,-3,-2,0,1
23527,23527,1503612651663,11,2,3,4,0,-1,1,-3
23528,23528,1503612651686,-5,-7,-4,-2,0,1,1,3
23529,23529,1503612651701,3,13,16,5,1,-1,-7,-7
23530,23530,1503612651707,-6,1,-4,-4,-1,-3,-6,-5
23531,23531,1503612651719,0,-8,-6,-2,-1,-3,2,4
23532,23532,1503612651724,-4,-3,-1,-2,-1,-2,1,1
23533,23533,1503612651738,2,-4,-5,-2,-1,0,1,-1
23534,23534,1503612651745,2,-1,-3,-1,-1,-1,-2,1
23535,23535,1503612651753,3,2,-3,-3,-7,-1,-1,1
23536,23536,1503612651768,-17,-13,-7,-1,0,1,-1,-4
23537,23537,1503612651776,-8,0,6,0,0,2,-2,-2
23538,23538,1503612651785,-5,-1,-4,0,-1,0,4,-2
23539,23539,1503612651798,1,-2,-5,-4,0,-3,-1,0
23540,23540,1503612651806,4,1,1,2,4,0,-2,-2
23541,23541,1503612651814,3,0,0,0,1,-2,-3,-1
23542,23542,1503612651828,6,0,1,0,4,0,-1,-1
23543,23543,1503612651836,-4,0,-3,-5,-8,-2,-5,-2
23544,23544,1503612651843,5,-2,-4,-3,-6,-4,-4,-1
23545,23545,1503612651858,-1,-3,-2,1,4,0,-2,-1
23546,23546,1503612651865,-3,0,-2,-3,-10,-2,-4,-25
23547,23547,1503612651873,4,2,-2,0,-1,-2,2,-3
23548,23548,1503612651888,-1,1,1,0,2,0,3,8
23549,23549,1503612651896,-8,-6,-2,-2,0,1,3,-6
23550,23550,1503612651903,6,4,0,0,-3,-1,2,3
23551,23551,1503612651920,1,-2,-2,-1,4,-1,0,5
23552,23552,1503612651926,-3,-3,-1,-4,-8,0,2,8
23553,23553,1503612651927,1,-1,4,0,1,0,-2,4
23554,23554,1503612651933,1,-4,-2,1,2,-1,1,3
23555,23555,1503612651947,-1,-2,-2,-3,-2,-2,-3,2
23556,23556,1503612651959,-1,-1,-2,-2,-8,-1,1,2
23557,23557,1503612651963,0,1,-1,-1,0,-2,-5,-8
23558,23558,1503612651978,4,0,-1,-2,-1,0,-1,3
23559,23559,1503612651989,2,1,0,1,2,0,0,1
23560,23560,1503612651994,3,-2,-2,-1,1,-1,-1,5
23561,23561,1503612652007,-6,-4,3,-1,-6,-1,-1,-1
23562,23562,1503612652016,-14,-3,-6,-1,1,0,0,-18
23563,23563,1503612652030,20,-1,-2,0,-1,-3,-5,-6
23564,23564,1503612652038,7,-8,-2,1,1,-2,-5,-6
23565,23565,1503612652045,-3,-9,-4,-2,0,-1,-1,-6
23566,23566,1503612652061,-1,-7,-3,-1,0,2,6,-1
23567,23567,1503612652062,-3,2,1,1,-1,-2,-9,-4
23568,23568,1503612652067,-1,5,2,-1,-3,0,0,11
23569,23569,1503612652076,13,5,2,0,0,1,2,3
23570,23570,1503612652090,-8,3,0,-2,2,1,0,3
23571,23571,1503612652098,-4,-1,1,2,-1,1,1,-3
23572,23572,1503612652107,-4,1,-2,-2,0,-4,-6,1
23573,23573,1503612652122,4,-3,-2,-4,-2,0,8,12
23805,23805,1503612654401,-8,1,0,-1,-2,-2,0,1
23806,23806,1503612654415,13,14,2,0,0,-1,-2,0
23807,23807,1503612654423,-1,-1,3,2,0,-2,-1,3
23808,23808,1503612654431,0,-15,-6,-2,-3,-4,-3,-4
23809,23809,1503612654446,-6,-4,-4,-2,0,1,3,3
23810,23810,1503612654453,4,2,-3,0,1,0,-1,1
23811,23811,1503612654454,2,2,2,2,2,0,3,3
23812,23812,1503612654461,-6,5,-2,-2,-1,-1,-4,-4
23813,23813,1503612654476,3,-1,-3,-2,-3,0,1,3
23814,23814,1503612654490,6,7,4,3,2,0,0,-3
23815,23815,1503612654492,-6,2,3,1,1,-1,0,-1
23816,23816,1503612654506,8,-4,-3,-2,-3,1,-1,-1
23817,23817,1503612654514,-14,-7,-3,-3,-2,-3,-1,-1
23818,23818,1503612654521,14,19,4,2,0,-1,-1,-3
23819,23819,1503612654538,4,1,0,0,-1,-2,-5,-7
23820,23820,1503612654543,-3,1,-2,-3,0,-2,-1,-1
23821,23821,1503612654551,-8,-2,-2,2,0,-1,-5,-7
23822,23822,1503612654566,-2,-7,-4,-4,-3,-1,1,6
23823,23823,1503612654574,8,-3,-1,0,1,1,2,10
23824,23824,1503612654581,-2,-15,-7,-5,-5,0,-8,11
23825,23825,1503612654595,-4,6,1,-2,-1,-2,2,7
23826,23826,1503612654596,13,11,1,3,-1,1,3,6
23827,23827,1503612654605,15,0,2,1,0,-1,-3,5
23828,23828,1503612654612,-16,-12,-2,-3,-2,-1,-2,-7
23829,23829,1503612654625,2,7,-1,0,1,1,3,18
23830,23830,1503612654626,-9,-12,-6,-2,-1,-1,3,-24
23831,23831,1503612654634,0,4,5,-1,0,1,1,-5
23832,23832,1503612654642,-6,-2,-4,-5,-3,-1,1,1
23833,23833,1503612654656,-1,4,2,1,-1,-2,1,0
23834,23834,1503612654663,1,5,-1,-2,-2,0,0,-2
23835,23835,1503612654673,11,-10,-6,-5,-5,-2,-2,5
23836,23836,1503612654674,-6,-3,3,4,0,2,0,7
23837,23837,1503612654686,-5,-5,-2,-2,0,-1,-6,9
23838,23838,1503612654694,8,0,-1,2,1,-2,2,17
23839,23839,1503612654700,-2,4,3,2,-2,-2,-1,4
23840,23840,1503612654716,0,-10,-7,-6,-3,-2,-1,3
23841,23841,1503612654723,-1,9,0,-4,-3,-1,-1,-3
23842,23842,1503612654731,0,14,1,0,0,-2,0,-6
23843,23843,1503612654746,-2,-11,-4,-1,-3,0,0,-4
23844,23844,1503612654754,0,-7,-5,-2,-3,-3,-5,-18
23845,23845,1503612654760,-6,1,2,3,0,1,-2,-8
23846,23846,1503612654776,14,-12,-4,-3,-1,-2,-1,-1
23847,23847,1503612654783,-7,-12,-2,-1,-2,-3,-4,5
23848,23848,1503612654799,-3,-5,-2,-4,-2,-1,-2,-14
23849,23849,1503612654809,-3,-4,2,2,2,-1,4,-11
23850,23850,1503612654814,1,5,2,1,1,0,-5,1
23851,23851,1503612654827,1,4,2,1,2,1,3,5
23852,23852,1503612654835,-5,4,0,1,1,1,3,2
23853,23853,1503612654843,-4,2,0,1,0,0,1,-6
23854,23854,1503612654858,-1,17,2,-5,-3,-1,-8,4
23855,23855,1503612654865,7,6,6,6,1,-1,1,7
23856,23856,1503612654876,0,-2,0,0,1,1,1,-4
23857,23857,1503612654887,-6,-10,-7,-4,-1,-1,0,-9
23858,23858,1503612654896,12,-12,-2,1,1,1,4,1
23859,23859,1503612654903,-5,-4,-2,-1,-3,-2,-1,-23
23860,23860,1503612654918,3,-2,1,1,0,-3,0,2
23861,23861,1503612654925,5,19,3,-4,-4,-3,-1,10
23862,23862,1503612654934,-9,-7,-5,-3,-1,2,6,4
23863,23863,1503612654948,2,-5,-3,-1,-1,-2,-2,1
23864,23864,1503612654956,-2,-3,-3,-2,0,-1,-1,7
23865,23865,1503612654963,-11,9,0,1,2,0,-6,6
23866,23866,1503612654978,-6,-6,-2,-2,-5,-2,-6,-12
23867,23867,1503612654986,14,7,6,4,4,1,-2,-5
23868,23868,1503612654993,-10,-1,-5,-3,-3,-1,0,-2
23869,23869,1503612655007,9,6,6,4,1,1,-1,7
23870,23870,1503612655008,6,-9,-4,-2,-3,0,3,13
23871,23871,1503612655016,-6,9,6,2,2,-2,-1,-4
23872,23872,1503612655023,13,-7,-2,0,0,0,-3,9
23873,23873,1503612655038,-12,-6,-2,-1,-1,-3,0,0
23874,23874,1503612655046,-12,-3,-4,-4,-4,0,0,-17
23875,23875,1503612655054,-11,-2,-1,-2,-2,-3,-3,-13
23876,23876,1503612655067,-1,-7,-6,-3,-4,-3,3,6
23877,23877,1503612655077,3,-4,-1,0,-1,0,5,9
23878,23878,1503612655083,4,4,2,1,1,-1,-3,-16
23879,23879,1503612655084,-8,-4,-4,-4,-1,1,-2,2
23880,23880,1503612655098,17,34,11,5,1,0,1,3
23881,23881,1503612655108,-7,-13,-8,-6,-4,-2,5,41
23882,23882,1503612655115,6,1,-4,-2,-2,1,0,0
23883,23883,1503612655128,-1,1,2,3,1,-2,-4,-13
23884,23884,1503612655136,1,-16,-6,-2,0,-4,-11,4
23885,23885,1503612655144,7,3,3,2,0,0,5,-16
23886,23886,1503612655158,5,5,-2,2,1,1,1,-5
23887,23887,1503612655165,0,-4,-3,-3,-1,-2,-1,-5
23888,23888,1503612655176,4,-8,-3,-3,-2,-1,1,-4
23889,23889,1503612655187,0,4,3,5,4,0,-7,4
23890,23890,1503612655196,1,-7,-2,-2,-1,-1,-4,-3
23891,23891,1503612655203,-7,-5,0,-1,0,-1,-4,-3
23892,23892,1503612655218,6,8,0,-1,1,0,0,1
23893,23893,1503612655225,-5,-2,-1,0,-1,-3,3,-4
23894,23894,1503612655233,3,-5,-1,0,0,1,5,-7
23895,23895,1503612655249,7,8,1,-1,0,-1,0,-9
23896,23896,1503612655256,-11,-9,-4,-2,-2,-1,1,-4
23897,23897,1503612655264,8,8,3,-2,-2,-1,-4,-5
23898,23898,1503612655279,10,8,-1,-2,-2,-1,1,10
23899,23899,1503612655286,3,8,3,0,0,1,-1,-12
23900,23900,1503612655293,-2,6,2,-2,-2,-3,-3,2
23901,23901,1503612655310,-6,-9,-4,-2,1,1,1,-3
23902,23902,1503612655316,-17,4,2,0,0,-2,-1,9
23903,23903,1503612655323,6,41,9,2,0,1,0,14
23904,23904,1503612655338,9,-5,-2,0,-1,1,6,-24
23905,23905,1503612655347,-4,-25,-9,-2,-2,2,5,9
23906,23906,1503612655353,3,8,5,4,3,0,-7,3
23907,23907,1503612655368,4,-12,-3,-1,1,-1,1,-4
23908,23908,1503612655377,-9,-13,-2,-2,-3,-1,-3,-23
23909,23909,1503612655385,-5,5,2,1,-1,-2,-1,1
23910,23910,1503612655398,-6,-8,-1,-1,-1,-2,0,4
23911,23911,1503612655405,-13,7,0,-3,-4,-2,-3,-10
23912,23912,1503612655415,0,7,1,0,-1,0,2,24
23913,23913,1503612655428,7,-12,-2,-3,-1,-2,0,-3
23914,23914,1503612655436,-2,-3,-2,-2,-2,-1,-1,7
23915,23915,1503612655444,1,-3,-1,0,-1,-2,-6,-16
23916,23916,1503612655458,1,-4,-1,-1,0,0,-1,-5
23917,23917,1503612655465,2,-4,-3,-5,-2,-1,-2,-5
23918,23918,1503612655473,-3,-2,-3,-2,0,-4,-3,-1
23919,23919,1503612655488,-7,2,-2,-2,-2,-1,-1,4
23920,23920,1503612655496,3,-1,-2,-3,-3,-2,-4,-13
23921,23921,1503612655503,3,-3,-2,-1,0,-1,0,1
23922,23922,1503612655525,8,-13,0,1,0,0,-1,3
23923,23923,1503612655526,-4,-8,-2,0,-1,-1,-2,5
23924,23924,1503612655533,0,0,-2,2,-1,-1,-6,-22
23925,23925,1503612655548,-3,-4,0,0,0,1,-1,-12
23926,23926,1503612655556,-5,2,-2,0,0,-1,2,-1
23927,23927,1503612655563,0,2,2,1,0,2,2,-4
23928,23928,1503612655578,-2,3,1,0,-1,1,-3,6
23929,23929,1503612655586,2,-2,-2,-2,-1,-2,-4,7
23930,23930,1503612655593,0,0,0,-1,1,0,-4,-1
23931,23931,1503612655608,1,4,4,1,0,-1,3,-5
23932,23932,1503612655616,0,-7,-4,-3,-1,-1,3,-3
23933,23933,1503612655623,10,-5,-3,-1,-2,-2,-1,7
23934,23934,1503612655638,-2,29,4,1,0,1,2,9
23935,23935,1503612655647,-3,1,-1,-2,-2,-1,-1,2
23936,23936,1503612655662,-4,-7,4,0,0,0,0,-12
23937,23937,1503612655668,-1,1,1,3,1,-1,4,14
23938,23938,1503612655680,11,0,-1,-2,-2,-4,3,7
23939,23939,1503612655683,-20,-8,-2,-2,-1,0,-2,-7
23940,23940,1503612655698,-9,-5,1,-1,-2,0,-2,5
23941,23941,1503612655706,19,3,-2,-2,-2,-2,0,5
23942,23942,1503612655714,5,-3,-2,0,0,-1,-2,-6
23943,23943,1503612655728,-3,1,-1,0,0,-1,-4,-7
23944,23944,1503612655743,-2,2,0,1,-1,-1,-1,0
23945,23945,1503612655744,0,-4,-2,-2,0,-1,-1,2
23946,23946,1503612655750,-22,-3,-2,1,-1,-3,-2,-3
23947,23947,1503612655758,3,2,-1,-1,-2,-2,-1,4
23948,23948,1503612655766,-12,-2,-1,-3,0,-1,2,-2
23949,23949,1503612655781,-6,-2,-2,0,-2,-1,-4,-3
23950,23950,1503612655789,4,-2,-4,-1,-2,-2,-2,-5
23951,23951,1503612655796,1,-3,-2,-1,-1,-2,-1,-2
23952,23952,1503612655810,-4,3,2,1,0,1,-1,-1
23953,23953,1503612655818,-2,1,1,-1,3,0,-1,-1
23954,23954,1503612655825,15,-1,0,-4,-1,0,0,2
23955,23955,1503612655840,-1,-1,-2,-1,-1,-1,0,3
23956,23956,1503612655841,-6,0,1,0,-2,0,0,0
23957,23957,1503612655848,-4,0,-3,1,-1,-1,0,-1
23958,23958,1503612655856,-4,0,0,-1,0,0,0,1
23959,23959,1503612655870,5,-3,-1,-1,0,-2,-2,1
23960,23960,1503612655880,-8,-4,-2,-2,1,-2,1,-2
23961,23961,1503612655886,-7,-4,-5,-2,-2,0,-3,-4
23962,23962,1503612655900,19,-1,2,-2,-1,-1,-3,2
23963,23963,1503612655908,4,12,2,-1,-1,1,0,0
23964,23964,1503612655916,-7,0,-1,-2,-1,-1,0,-1
23965,23965,1503612655930,-6,-2,-1,0,-1,-2,-1,-4
23966,23966,1503612655938,-7,-3,-3,-2,-1,1,-2,-2
23967,23967,1503612655948,0,-1,-1,0,0,0,1,3
23968,23968,1503612655967,13,1,-1,0,0,-1,4,7
23969,23969,1503612655968,-8,-1,2,0,-2,-1,-2,0
23970,23970,1503612655976,-3,-2,-3,-2,0,0,-2,-3
23971,23971,1503612655990,5,-3,-2,-2,1,-1,1,0
23972,23972,1503612655998,0,2,1,0,-1,0,2,-2
23973,23973,1503612656005,2,-3,-1,-1,1,-2,-2,-5
23974,23974,1503612656020,3,-1,-1,-1,0,0,3,7
23975,23975,1503612656021,-9,-2,-2,1,-2,-1,-5,-3
23976,23976,1503612656028,-6,-3,-3,-2,-3,-1,-1,0
23977,23977,1503612656036,-3,9,2,0,1,0,2,4
23978,23978,1503612656053,-1,0,2,1,1,0,-2,-1
23979,23979,1503612656058,-1,-5,-1,-1,-1,-3,-3,-6
23980,23980,1503612656066,14,-1,-1,-2,-1,0,0,3
23981,23981,1503612656082,-3,-3,-6,-2,-1,-1,-5,-4
23982,23982,1503612656088,-6,-2,0,-1,-1,0,0,1
23983,23983,1503612656096,-2,-3,0,-1,-2,-4,-4,-3
23984,23984,1503612656110,-3,-1,-1,-2,-1,-1,-2,-1
23985,23985,1503612656118,0,-1,-1,1,-1,0,-1,5
23986,23986,1503612656126,-1,7,4,0,-1,0,-5,-4
23987,23987,1503612656140,5,-4,0,2,0,-2,-2,0
23988,23988,1503612656150,-3,-1,-1,-1,-1,-2,-3,-4
23989,23989,1503612656157,-5,-1,-1,0,1,0,1,4
23990,23990,1503612656170,25,-8,-7,-4,-2,-1,2,6
23991,23991,1503612656178,-1,-2,1,0,4,2,4,-1
23992,23992,1503612656187,-6,-3,-3,-1,1,-1,1,0
23993,23993,1503612656200,2,6,-2,-2,-1,-2,1,22
23994,23994,1503612656208,-18,-9,-2,1,-1,1,-1,3
23995,23995,1503612656220,-2,-3,0,0,0,1,3,3
23996,23996,1503612656230,-4,3,0,0,-2,-2,-3,-4
23997,23997,1503612656238,-16,-5,-2,-3,-4,-2,-3,-14
23998,23998,1503612656245,3,14,4,1,-2,0,2,0
23999,23999,1503612656261,0,-3,-3,-4,-4,-3,-7,-14
24000,24000,1503612656268,-6,-7,-3,-1,1,-2,-5,-4
24001,24001,1503612656276,-9,9,-2,-1,0,1,0,-7
24002,24002,1503612656290,2,0,-5,-4,0,1,1,3
24003,24003,1503612656298,9,-6,-3,-1,-2,0,0,23
24004,24004,1503612656305,-1,0,1,2,1,0,3,0
24005,24005,1503612656321,4,0,0,0,-3,-5,-10,-4
24006,24006,1503612656328,-2,-2,0,-2,-1,-1,4,-1
24007,24007,1503612656337,-18,3,1,0,-1,-1,1,-9
24008,24008,1503612656352,6,3,-2,-2,-1,-2,-2,-3
24009,24009,1503612656359,3,2,2,2,3,3,6,-1
24010,24010,1503612656365,0,-1,-1,-1,-2,0,1,5
24011,24011,1503612656381,0,-4,0,1,0,-3,-3,-7
24012,24012,1503612656388,3,-1,0,-2,-7,-2,-7,2
24013,24013,1503612656396,6,-4,-2,-1,-3,0,3,-8
24014,24014,1503612656410,3,2,1,-2,0,-2,0,-11
24015,24015,1503612656419,5,-2,-2,-3,-2,-3,-7,1
24016,24016,1503612656426,-5,-4,-3,-2,-2,0,-11,-8
24017,24017,1503612656440,10,5,-1,-1,1,-3,0,-8
24018,24018,1503612656448,-10,-5,-5,-3,-2,-1,1,-55
24019,24019,1503612656457,-6,-2,-3,0,1,2,6,9
24020,24020,1503612656470,9,8,2,3,3,2,4,21
24021,24021,1503612656478,-3,17,4,1,-1,0,-1,-5
24022,24022,1503612656486,-1,-5,-4,-1,-1,-5,-11,10
24023,24023,1503612656500,2,-6,-3,-2,-1,-1,2,16
24024,24024,1503612656508,-12,10,3,0,-1,-2,1,5
24025,24025,1503612656519,1,-21,-4,0,0,-1,0,2
24026,24026,1503612656530,-12,-12,-2,0,1,2,9,3
24027,24027,1503612656538,-7,-4,-3,-1,-1,-2,-9,-17
24028,24028,1503612656545,5,-3,-4,-2,-1,-1,-1,7
24029,24029,1503612656561,13,9,5,-1,2,0,4,12
24030,24030,1503612656568,-6,-4,-3,-3,-6,-2,-5,-4
24031,24031,1503612656576,4,5,3,-1,-1,0,3,-8
24032,24032,1503612656595,0,0,0,0,0,-2,-4,-6
24033,24033,1503612656598,25,1,-1,0,-1,-1,-3,34
24034,24034,1503612656605,-2,-10,-3,1,1,2,3,10
24035,24035,1503612656621,-11,-21,-10,-1,1,0,1,1
24036,24036,1503612656628,5,24,20,5,2,2,2,7
24037,24037,1503612656636,-15,2,-2,-4,-4,1,-1,-12
24038,24038,1503612656651,-6,-1,-1,-1,-2,-1,2,3
24039,24039,1503612656658,-2,14,6,0,1,-3,4,-6
24040,24040,1503612656672,-2,4,4,0,0,-1,-1,-4
24041,24041,1503612656673,1,-5,-3,-1,1,1,3,5
24042,24042,1503612656681,2,-5,-6,-4,-2,0,-3,-14
24043,24043,1503612656689,25,17,5,2,2,3,5,4
24044,24044,1503612656703,-9,-1,0,-1,-1,-3,-4,-10
24045,24045,1503612656710,-15,-4,0,-2,-2,-4,-9,-14
24046,24046,1503612656726,5,1,0,-1,-2,0,1,4
24047,24047,1503612656732,5,-7,-5,-3,-2,2,-2,-48
24048,24048,1503612656740,-3,6,2,2,1,0,2,7
24049,24049,1503612656748,-1,-6,-5,-1,-1,-1,-2,12
24050,24050,1503612656769,-7,-8,-3,-2,-2,-1,-9,-18
24051,24051,1503612656770,1,-2,-1,0,-1,-2,2,8
24052,24052,1503612656778,-5,0,2,1,-1,-2,-2,8
24053,24053,1503612656793,0,-2,1,0,0,-1,-3,-2
24054,24054,1503612656796,5,-4,-1,-2,-1,-3,-4,3
24055,24055,1503612656800,0,-4,-1,-2,-1,2,0,-2
24056,24056,1503612656815,3,9,-3,-3,-1,0,-3,-5
24057,24057,1503612656816,-11,0,5,2,0,-1,0,-1
24058,24058,1503612656823,-11,-4,-4,-4,-2,-3,-3,-5
24059,24059,1503612656838,-6,-8,-9,-5,-6,-5,-7,1
24060,24060,1503612656839,4,0,2,-1,-8,0,3,-2
24061,24061,1503612656856,13,1,-4,-1,-3,-2,1,5
24062,24062,1503612656862,-4,1,-1,-3,0,-1,2,1
24063,24063,1503612656868,-9,-3,-2,-4,-7,1,2,5
24064,24064,1503612656883,3,1,1,-1,1,-7,-1,-2
24065,24065,1503612656890,1,1,-1,0,-2,-3,-6,-3
24066,24066,1503612656891,1,-3,-4,0,3,-1,1,0
24067,24067,1503612656898,-4,1,0,1,5,3,4,3
24068,24068,1503612656912,8,-1,5,4,5,1,-1,0
24069,24069,1503612656921,-8,-2,3,2,2,2,-8,-9
24070,24070,1503612656928,-11,-5,-2,-1,1,1,4,4
24071,24071,1503612656929,7,-2,-5,-2,-1,-2,-1,3
24072,24072,1503612656943,1,1,-1,0,3,-4,-1,-5
24073,24073,1503612656950,-3,-1,-1,1,3,0,-4,3
24074,24074,1503612656958,4,-2,-5,-1,1,-3,1,-2
24075,24075,1503612656972,7,2,1,0,-1,-2,2,3
24076,24076,1503612656980,-10,-4,-5,-3,-6,-8,-12,-7
24077,24077,1503612656981,-1,0,0,0,-3,1,-4,-1
24078,24078,1503612656988,-2,1,3,0,-1,2,5,5
24079,24079,1503612657003,8,-5,-4,-1,-2,-4,-12,3
24080,24080,1503612657009,1,1,1,2,1,-2,-5,-5
24081,24081,1503612657010,-4,5,3,1,3,3,4,-2
24082,24082,1503612657018,3,0,1,3,6,3,3,8
24083,24083,1503612657032,4,15,5,-1,-3,-2,-6,-12
24084,24084,1503612657040,0,-3,-2,0,-3,-1,-2,-14
24085,24085,1503612657048,-3,-14,-10,-4,-1,0,5,26
24086,24086,1503612657064,26,5,3,-1,-1,2,4,-2
24087,24087,1503612657070,2,-39,-19,-5,-3,-3,-4,-4
24088,24088,1503612657078,-9,-11,-4,-3,-4,-4,-1,-1
24089,24089,1503612657092,2,-1,-2,-2,0,1,-3,-2
24090,24090,1503612657100,-9,-4,1,-1,-4,-2,-1,5
24091,24091,1503612657108,-8,3,1,-1,-2,-2,0,-8
24092,24092,1503612657123,0,10,3,0,0,0,3,6
24093,24093,1503612657131,11,2,1,-1,-2,-2,-2,-3
24094,24094,1503612657138,-2,-3,-2,0,-3,1,3,-1
24095,24095,1503612657152,-12,6,3,2,0,0,2,-1
24096,24096,1503612657153,-9,4,3,0,0,-1,0,-4
24097,24097,1503612657161,18,7,-3,-3,-1,-1,-1,1
24098,24098,1503612657168,-1,5,3,0,1,-1,-1,0
24099,24099,1503612657183,-6,-5,-4,-3,-4,-1,2,1
24100,24100,1503612657190,-3,3,-1,0,-1,-2,1,-4
24101,24101,1503612657198,-4,0,-2,-3,-1,-2,-3,-1
24102,24102,1503612657212,-10,3,4,2,0,-2,-5,-1
24103,24103,1503612657221,-4,4,3,2,3,1,1,0
24104,24104,1503612657228,-13,-4,-4,-2,-1,0,-2,-4
24105,24105,1503612657243,0,-3,-3,-1,-4,-2,-5,-6
24106,24106,1503612657250,2,0,0,1,-1,-1,0,-3
24107,24107,1503612657258,3,2,-1,-3,-1,-3,-11,-4
24108,24108,1503612657272,-2,-2,-3,-4,-3,-2,-5,-8
24109,24109,1503612657281,-6,-3,1,-2,0,0,11,-5
24110,24110,1503612657290,-9,-1,-1,1,0,-3,-2,-57
24111,24111,1503612657310,-39,-6,-1,-1,-1,-1,-6,10
24112,24112,1503612657318,-11,25,14,5,3,1,0,-8
24113,24113,1503612657333,5,1,1,1,1,0,5,17
24369,24369,1503612659785,-3,-5,-1,-1,2,0,-2,-9
24370,24370,1503612659802,-10,-3,-1,-6,-11,-5,-4,-17
24371,24371,1503612659808,-2,5,1,2,-2,-4,-4,-15
24372,24372,1503612659816,12,3,-4,0,-1,-1,4,8
24373,24373,1503612659830,-2,-1,0,-3,0,0,-2,-1
24374,24374,1503612659838,-2,2,1,1,2,1,3,1
24375,24375,1503612659846,4,1,-1,0,1,-2,-1,2
24376,24376,1503612659860,2,-5,-2,1,0,0,-5,-4
24377,24377,1503612659868,-2,2,1,-3,0,0,-1,-3
24378,24378,1503612659876,2,0,-1,-1,0,-1,3,15
24379,24379,1503612659890,-4,1,3,1,-1,0,3,-2
24380,24380,1503612659891,-3,0,0,1,-1,-1,1,4
24381,24381,1503612659898,6,-7,-4,-2,-3,-3,-5,45
24382,24382,1503612659905,-1,-1,-2,-1,2,1,0,-4
24383,24383,1503612659920,-4,-1,0,-1,-2,-2,-1,7
24384,24384,1503612659928,5,1,-3,-2,0,-1,4,5
24385,24385,1503612659937,0,4,0,1,3,2,3,-15
24386,24386,1503612659951,-2,-7,-5,-4,-3,0,-5,-4
24387,24387,1503612659958,-4,15,3,1,1,-1,-2,-15
24388,24388,1503612659965,-2,-4,-2,-3,-5,-5,-10,-2
24389,24389,1503612659980,-1,-6,-2,0,2,2,1,-8
24390,24390,1503612659988,3,-5,-3,1,0,0,1,-3
24391,24391,1503612659996,-2,-1,0,0,-1,0,2,-6
24392,24392,1503612660010,6,2,1,0,3,0,2,-2
24393,24393,1503612660011,-5,-3,0,1,-1,-1,0,8
24394,24394,1503612660018,-2,-6,-2,-4,0,0,-2,-8
24395,24395,1503612660026,-19,2,5,2,1,-2,-2,-22
24396,24396,1503612660044,1,-4,-3,-3,-4,-3,-6,-11
24397,24397,1503612660049,3,0,-1,-2,1,0,4,5
24398,24398,1503612660056,-6,-9,-2,-1,0,-3,-11,-13
24399,24399,1503612660070,7,2,0,0,-1,0,0,7
24400,24400,1503612660078,-1,-5,-1,-1,0,-1,0,0
24401,24401,1503612660086,-4,1,-2,-1,-1,0,1,-3
24402,24402,1503612660100,-7,12,4,1,1,-2,2,-1
24403,24403,1503612660111,8,4,2,-1,0,2,0,-2
24404,24404,1503612660116,-2,-9,-6,-4,-6,-4,-3,-5
24405,24405,1503612660130,-10,-4,1,-1,-2,-1,0,1
24406,24406,1503612660138,7,-5,-1,1,2,0,2,16
24407,24407,1503612660145,0,-4,-2,-2,-2,-2,0,-2
24408,24408,1503612660160,2,0,-1,-2,-3,-1,-1,-6
24409,24409,1503612660168,8,2,-1,0,-1,0,-1,-1
24410,24410,1503612660179,0,7,-1,0,0,0,3,-6
24411,24411,1503612660190,2,-4,2,1,1,0,0,8
24412,24412,1503612660198,3,11,3,0,1,0,-1,-1
24413,24413,1503612660205,9,8,-2,-2,-1,0,2,0
24414,24414,1503612660220,2,-3,-3,-1,1,0,-1,-3
24415,24415,1503612660236,-6,3,-3,-3,-3,-1,-3,-3
24416,24416,1503612660237,-7,0,3,1,0,0,1,1
24417,24417,1503612660250,3,-9,-4,-1,-1,-2,-3,41
24418,24418,1503612660258,0,-6,-3,1,1,-2,-5,-2
24419,24419,1503612660265,-1,7,2,3,2,-2,2,-1
24420,24420,1503612660281,6,-9,-4,-2,-2,0,3,2
24421,24421,1503612660288,2,-3,-5,-4,-3,-2,-6,-11
24422,24422,1503612660296,1,7,3,2,2,0,1,-9
24423,24423,1503612660311,-2,-9,-5,-3,-3,-1,-1,-6
24424,24424,1503612660319,2,-4,-7,-3,-4,-2,-4,3
24425,24425,1503612660325,-12,-11,-3,-1,-2,-2,0,-7
24426,24426,1503612660340,0,1,3,2,3,3,1,3
24427,24427,1503612660348,-6,0,0,-1,0,-1,-4,-10
24428,24428,1503612660356,-3,-7,-3,-3,-3,-3,3,-3
24429,24429,1503612660370,4,2,0,-1,-3,-1,1,1
24430,24430,1503612660379,-6,0,1,-2,-2,-5,-5,0
24431,24431,1503612660386,7,7,4,3,1,0,-1,-6
24432,24432,1503612660400,-3,-7,-2,-3,-6,1,1,-1
24433,24433,1503612660408,-8,3,3,-1,-3,-2,1,-4
24434,24434,1503612660423,-5,-1,-1,0,2,-1,0,-2
24435,24435,1503612660430,1,10,-3,-4,-2,-1,-4,-2
24436,24436,1503612660438,-4,-3,-2,1,1,0,-6,-3
24437,24437,1503612660454,2,2,0,1,1,0,1,1
24438,24438,1503612660460,-5,1,-1,-2,-2,0,-2,-1
24439,24439,1503612660468,-12,4,1,3,4,2,0,-3
24440,24440,1503612660483,0,0,-1,-1,-1,0,2,-1
24441,24441,1503612660490,2,-13,-5,-4,-2,-2,-1,4
24442,24442,1503612660498,7,15,5,2,3,-1,-4,-3
24443,24443,1503612660513,-5,-10,-3,-3,-1,-3,5,-1
24444,24444,1503612660521,-24,-6,0,2,1,-2,-2,-2
24445,24445,1503612660528,2,2,3,3,4,6,2,0
24446,24446,1503612660547,15,13,3,1,3,3,-1,-3
24447,24447,1503612660550,-3,-4,-2,-2,-2,0,-1,-2
24448,24448,1503612660558,-6,-6,-3,-3,-3,-1,1,5
24449,24449,1503612660572,10,10,5,2,1,0,-1,2
24450,24450,1503612660581,-11,-7,1,-1,-1,0,-1,-4
24451,24451,1503612660588,1,-10,-5,-1,1,-2,2,6
24452,24452,1503612660589,-11,13,-2,-4,-3,-2,0,-1
24453,24453,1503612660603,-2,0,-3,0,-1,-2,6,0
24454,24454,1503612660610,0,-13,-3,-2,0,-3,-1,-41
24455,24455,1503612660619,5,-4,-3,-4,-3,-1,3,4
24456,24456,1503612660632,-5,-9,0,0,1,1,-4,7
24457,24457,1503612660640,-7,-5,-1,-1,-2,-2,0,-6
24458,24458,1503612660656,13,7,6,3,2,-3,-5,11
24459,24459,1503612660663,4,-2,-1,-4,-3,-1,0,-1
24460,24460,1503612660677,1,-1,-3,1,3,1,1,6
24461,24461,1503612660681,18,-2,5,5,3,2,-1,1
24462,24462,1503612660693,2,11,0,1,-1,2,4,6
24463,24463,1503612660701,2,-3,-5,-3,-3,0,-1,0
24464,24464,1503612660709,-6,0,1,-1,-1,-2,1,19
24465,24465,1503612660723,1,11,2,2,-1,-2,-6,-3
24466,24466,1503612660730,13,-24,-11,-3,-3,-2,-7,-7
24467,24467,1503612660738,-6,-6,-5,-1,2,3,3,6
24468,24468,1503612660755,0,-7,-4,-2,-3,-1,1,-4
24469,24469,1503612660760,5,10,4,1,-1,-2,-3,-5
24470,24470,1503612660768,-4,10,-2,-5,-3,-1,-3,-7
24471,24471,1503612660784,-13,-5,-6,-5,-7,-4,-7,2
24472,24472,1503612660790,-3,-2,3,4,1,-2,1,-3
24473,24473,1503612660798,16,-2,-1,0,3,0,-1,1
24474,24474,1503612660816,-1,1,0,0,4,-2,2,15
24475,24475,1503612660825,-2,-1,-1,3,-1,-2,2,-14
24476,24476,1503612660828,-7,-9,2,2,0,-1,0,-3
24477,24477,1503612660843,0,0,-6,-6,-4,-1,2,19
24478,24478,1503612660851,3,2,2,5,2,1,8,6
24479,24479,1503612660852,-5,-7,-1,-2,-3,1,-4,-12
24480,24480,1503612660858,-12,-5,-2,-5,-4,-1,-5,-3
24481,24481,1503612660872,9,6,1,-1,0,0,4,4
24482,24482,1503612660882,3,2,4,3,-1,-2,-7,-25
24483,24483,1503612660888,0,8,-5,-6,-7,-6,-2,-1
24484,24484,1503612660903,5,-4,-1,-2,-4,-1,-1,25
24485,24485,1503612660910,3,-5,-1,1,0,-2,-6,0
24486,24486,1503612660921,-6,-2,0,-1,2,-2,4,-33
24487,24487,1503612660932,23,-4,-4,-2,0,0,-7,-3
24488,24488,1503612660933,-12,15,3,0,0,0,0,2
24489,24489,1503612660940,-4,10,0,-5,-6,-4,-3,-23
24490,24490,1503612660949,-2,-1,-5,-4,-5,-5,4,3
24491,24491,1503612660963,-3,-6,-4,-2,0,2,3,12
24492,24492,1503612660970,-10,-5,-2,-4,-2,0,0,5
24493,24493,1503612660978,12,-8,-5,-4,-2,-1,4,3
24494,24494,1503612660992,7,10,4,2,3,4,5,4
24495,24495,1503612661000,-6,-3,-1,2,1,2,3,-8
24496,24496,1503612661008,-2,-6,2,2,3,1,-3,-12
24497,24497,1503612661024,1,2,0,1,0,-3,0,12
24498,24498,1503612661030,3,4,4,2,1,-3,2,6
24499,24499,1503612661038,-10,-4,0,-1,-3,-2,-5,-45
24500,24500,1503612661054,2,-1,-7,-6,-4,1,-5,-13
24501,24501,1503612661060,8,7,-1,2,2,-1,-3,19
24502,24502,1503612661068,12,-8,-2,0,-3,-3,-14,-16
24503,24503,1503612661084,2,4,-4,-1,-2,-2,-1,1
24504,24504,1503612661085,-6,3,5,6,6,1,2,11
24505,24505,1503612661091,5,-8,-7,-2,-1,-2,0,-19
24506,24506,1503612661098,-5,6,2,0,0,2,0,9
24507,24507,1503612661112,-4,-2,2,3,1,-3,4,6
24508,24508,1503612661121,-3,-4,-2,-3,-2,0,0,-2
24509,24509,1503612661128,0,4,1,0,-2,-2,-6,4
24510,24510,1503612661143,9,-5,0,2,3,-1,0,18
24511,24511,1503612661150,-4,-9,-3,-3,0,1,3,9
24512,24512,1503612661160,-5,-10,-7,-5,-3,1,2,0
24513,24513,1503612661173,3,-8,0,0,-1,-1,-4,-12
24514,24514,1503612661174,-11,20,7,1,-1,1,2,-3
24515,24515,1503612661181,-3,0,-3,-1,1,-2,-4,-15
24516,24516,1503612661189,-1,-9,-5,-2,-3,-1,1,10
24517,24517,1503612661203,2,-3,0,-1,-2,-2,-3,4
24518,24518,1503612661210,-6,7,2,-1,-3,-1,-2,-7
24519,24519,1503612661218,-1,6,2,4,0,0,1,-1
24520,24520,1503612661233,2,11,-2,-5,-4,-2,6,6
24521,24521,1503612661240,7,18,7,7,3,0,-3,1
24522,24522,1503612661248,7,-9,-5,-1,-1,-1,0,3
24523,24523,1503612661263,-2,-15,-3,-4,1,-1,0,3
24524,24524,1503612661270,-5,-10,-4,-1,-1,-2,-5,-9
24525,24525,1503612661279,-17,-11,2,0,-1,0,3,22
24526,24526,1503612661294,3,-6,-3,-3,-1,-3,-2,8
24527,24527,1503612661300,-7,-7,-5,-1,-4,-2,-2,1
24528,24528,1503612661301,3,6,-4,-3,-3,-1,1,-3
24529,24529,1503612661308,-2,-5,1,1,1,1,3,5
24530,24530,1503612661323,-5,-6,-3,-4,-4,1,-7,-5
24531,24531,1503612661330,-4,7,2,1,-1,-1,-3,7
24532,24532,1503612661345,2,6,-3,-3,-6,-1,-1,8
24533,24533,1503612661354,0,7,4,1,0,2,4,18
24534,24534,1503612661361,0,-1,-2,1,-1,-4,-1,-5
24535,24535,1503612661377,-4,-3,-3,1,2,-1,-1,-6
24536,24536,1503612661385,4,2,-2,-3,-3,-3,-2,-11
24537,24537,1503612661390,-10,-4,-1,-1,0,-2,3,-10
24538,24538,1503612661405,-2,-7,-1,-1,0,-1,-8,-16
24539,24539,1503612661412,7,5,0,0,-2,-1,-2,-4
24540,24540,1503612661421,-14,-5,0,-1,-2,-2,0,2
24541,24541,1503612661422,1,-4,-2,-2,-4,0,-1,5
24542,24542,1503612661435,2,5,4,2,3,0,-3,-12
24543,24543,1503612661443,-3,-1,-2,-5,-2,-1,2,4
24544,24544,1503612661458,0,-11,-4,-1,0,-2,1,0
24545,24545,1503612661465,1,4,-1,3,3,0,1,-1
24546,24546,1503612661472,0,0,-1,-1,-2,1,-4,-5
24547,24547,1503612661480,3,-1,0,0,0,1,2,11
24548,24548,1503612661495,-5,-7,-3,-1,-3,0,1,2
24549,24549,1503612661503,12,1,5,1,1,0,-1,7
24550,24550,1503612661510,-5,-14,-10,-5,-4,-2,-3,-29
24551,24551,1503612661525,-9,12,7,0,-1,0,-3,-6
24552,24552,1503612661526,3,2,0,1,1,0,1,-4
24553,24553,1503612661532,5,-8,-3,-3,-1,-3,-4,7
24554,24554,1503612661540,-1,-1,-3,-3,-1,-1,-2,-14
24555,24555,1503612661555,-1,3,0,0,1,-1,-2,4
24556,24556,1503612661563,-4,-1,0,-1,-1,0,-1,9
24557,24557,1503612661570,3,4,1,0,1,0,2,4
24558,24558,1503612661592,-7,-15,-8,-3,0,0,-2,-3
24559,24559,1503612661593,16,25,9,3,1,2,1,2
24560,24560,1503612661600,-1,-6,-1,-2,-3,-2,1,1
24561,24561,1503612661614,1,-15,-1,-2,-1,-1,1,4
24562,24562,1503612661623,-8,8,1,-1,-2,-2,-2,-7
24563,24563,1503612661630,-5,-5,-3,-1,-2,-3,-1,-1
24564,24564,1503612661645,-4,-3,-3,0,-1,-2,-4,-7
24565,24565,1503612661656,-6,-1,-2,-4,-1,-2,-1,0
24566,24566,1503612661661,3,2,0,0,-2,-1,-1,-1
24567,24567,1503612661674,0,0,-2,0,1,0,-1,2
24568,24568,1503612661683,2,-1,-2,-2,0,0,0,1
24569,24569,1503612661691,-6,-2,-3,-2,-1,-3,-4,-5
24570,24570,1503612661705,0,0,2,2,-1,0,-3,-2
24571,24571,1503612661714,21,12,3,1,-1,0,2,5
24572,24572,1503612661724,-4,-9,-4,-3,0,0,-1,-1
24573,24573,1503612661735,-5,0,-2,-1,-1,-1,-4,-4
24574,24574,1503612661743,-3,4,-1,1,-1,-2,1,2
24575,24575,1503612661750,-4,-3,-1,0,-2,-1,0,-1
24576,24576,1503612661769,1,2,3,3,-1,1,-1,-2
24577,24577,1503612661773,1,2,0,0,-2,0,-2,-1
24578,24578,1503612661782,-1,-1,-1,-1,0,-2,0,-4
24579,24579,1503612661795,-4,-2,0,0,0,-1,0,-1
24580,24580,1503612661803,-4,-2,-1,-2,0,-2,-2,-5
24581,24581,1503612661810,2,-1,1,0,-2,-2,-4,-1
24582,24582,1503612661825,-1,0,0,-2,-2,0,1,3
24583,24583,1503612661833,-4,-3,-2,-2,0,1,-1,-2
24584,24584,1503612661841,5,1,-1,0,0,1,0,3
24585,24585,1503612661858,-6,2,0,0,-1,-2,-3,-1
24586,24586,1503612661864,9,3,-1,-1,-2,-1,-2,-4
24587,24587,1503612661870,-2,-1,-3,-2,1,0,-2,-3
24588,24588,1503612661885,-1,-2,0,2,-2,1,1,1
24589,24589,1503612661886,1,-2,-3,-3,-1,-2,1,0
24590,24590,1503612661893,0,-2,-2,-1,-2,-1,-2,-9
24591,24591,1503612661901,-9,-2,0,0,1,-1,2,1
24592,24592,1503612661914,1,-3,-1,0,-1,-2,0,1
24593,24593,1503612661923,-3,-2,-1,0,-1,-2,-1,1
24594,24594,1503612661937,-5,-4,0,-2,-2,0,-3,1
24595,24595,1503612661945,-1,0,-4,-3,0,1,0,-1
24596,24596,1503612661960,13,24,7,2,-1,-2,1,-1
24597,24597,1503612661962,-5,-5,-1,-1,-1,-1,-3,-3
24598,24598,1503612661975,-11,-6,-5,-3,0,-2,-1,-5
24599,24599,1503612661983,-7,-9,-4,-1,-1,-2,-4,-1
24600,24600,1503612661991,-13,0,0,2,0,1,2,3
24601,24601,1503612662006,0,-6,-1,-1,-1,-3,-1,-3
24602,24602,1503612662013,6,-5,-1,-1,0,0,1,4
24603,24603,1503612662024,4,5,1,1,-1,1,-1,-4
24604,24604,1503612662034,3,5,0,-2,1,0,-1,2
24605,24605,1503612662035,-2,-2,-1,-2,1,-1,1,-2
24606,24606,1503612662043,1,0,1,-1,0,1,3,4
24607,24607,1503612662050,-4,-7,-3,0,-3,-1,-2,-3
24608,24608,1503612662065,-2,7,0,0,0,-1,0,-4
24609,24609,1503612662072,-6,0,-4,-2,0,-1,0,1
24610,24610,1503612662081,3,5,1,1,-2,0,-1,-3
24611,24611,1503612662097,-6,2,2,-1,0,1,-3,-1
24612,24612,1503612662103,5,1,-1,0,1,0,2,8
24613,24613,1503612662110,4,-9,-2,1,-1,0,2,5
24614,24614,1503612662126,7,-4,-1,-1,-4,-1,2,-1
24615,24615,1503612662133,14,0,-1,0,0,-1,-1,0
24616,24616,1503612662141,-3,-2,-2,-3,1,-2,-3,-4
24617,24617,1503612662154,-2,-7,-1,0,0,1,-1,-1
24618,24618,1503612662163,-9,8,6,1,1,0,-2,-1
24619,24619,1503612662170,12,13,3,0,1,0,0,1
24620,24620,1503612662185,-10,0,0,-1,-2,-1,-5,-4
24621,24621,1503612662193,-1,-4,-3,-1,0,0,3,4
24622,24622,1503612662201,4,-1,-2,-1,-1,-2,-1,1
24623,24623,1503612662214,5,5,1,-2,3,0,4,7
24624,24624,1503612662225,0,-4,-2,2,2,0,0,-3
24625,24625,1503612662230,-8,-4,-5,-2,-4,-3,-10,-13
24626,24626,1503612662245,-3,-4,-4,0,-1,-1,-2,-1
24627,24627,1503612662252,3,7,2,-3,-4,-1,0,-1
24628,24628,1503612662253,-5,-3,-3,1,4,-2,0,-2
24629,24629,1503612662268,-3,0,-1,-1,-1,0,1,5
24630,24630,1503612662274,-5,-10,-4,-5,-5,-3,-6,-5
24631,24631,1503612662283,9,13,3,1,0,-2,1,2
24632,24632,1503612662297,-10,-3,1,-3,-4,0,0,-3
24633,24633,1503612662305,2,-9,-5,-3,-1,-3,0,-2
24634,24634,1503612662312,6,0,0,-6,-16,-3,-2,0
24635,24635,1503612662328,1,-4,-2,-1,-2,2,-6,-2
24636,24636,1503612662334,2,2,0,0,2,0,-7,0
24637,24637,1503612662343,-2,-2,-1,-1,0,-2,2,-1
24638,24638,1503612662360,0,0,-1,3,3,1,2,-2
24639,24639,1503612662365,2,1,1,0,2,-1,1,2
24640,24640,1503612662366,2,-4,-3,-3,-6,-1,-3,-1
24641,24641,1503612662373,9,2,-5,0,-2,-1,3,-2
24642,24642,1503612662388,5,5,2,0,0,2,3,1
24643,24643,1503612662396,-4,3,-2,-5,-6,-4,-7,-8
24644,24644,1503612662403,-12,11,7,0,2,-1,-1,-1
24645,24645,1503612662417,2,0,3,5,8,5,7,7
24646,24646,1503612662426,-10,-10,-4,0,1,1,-2,-4
24647,24647,1503612662433,-1,-2,0,-4,-4,-2,-4,-6
24648,24648,1503612662448,4,-2,-3,-1,1,0,1,1
24649,24649,1503612662456,11,4,2,3,7,0,-1,-1
24650,24650,1503612662463,22,10,3,1,-2,0,2,61
24651,24651,1503612662477,-14,-5,-4,-3,-3,-3,-5,-1
24652,24652,1503612662485,-5,-13,-3,-1,-1,-1,1,2
24653,24653,1503612662494,-9,3,-1,1,0,-1,3,2
24654,24654,1503612662508,-3,-2,-2,-2,-2,-2,-3,-16
24655,24655,1503612662514,-5,-7,-2,-2,1,1,2,-5
24656,24656,1503612662523,-6,-6,-4,-4,0,-2,-5,-20
24657,24657,1503612662537,-1,-11,-3,-1,-2,-2,1,9
24658,24658,1503612662545,-2,-5,-3,-1,-1,-3,0,-9
24659,24659,1503612662553,-1,12,8,1,0,1,3,3
24660,24660,1503612662569,-5,-6,-3,-2,-3,-1,0,-13
24661,24661,1503612662574,-3,-4,-2,-1,1,-1,-4,-7
24662,24662,1503612662583,-9,3,1,-1,-1,-1,-1,-6
24663,24663,1503612662598,-1,2,-1,-1,-1,0,0,-2
24664,24664,1503612662605,-13,-1,-3,-3,0,0,4,3
24665,24665,1503612662613,-4,-2,-1,3,2,-1,-4,-6
24666,24666,1503612662628,2,0,-1,-1,1,0,-4,-4
24667,24667,1503612662636,-1,-2,-2,-1,0,-2,-3,-4
24668,24668,1503612662643,2,0,-1,2,3,-2,-1,-1
24669,24669,1503612662657,11,0,-1,-1,1,-1,-1,-2
24670,24670,1503612662665,12,0,-2,-3,-1,0,-2,-2
24671,24671,1503612662672,-6,-3,-2,-2,-2,0,-1,1
24672,24672,1503612662688,-7,-1,-1,-1,-3,-1,-1,-2
24673,24673,1503612662696,5,3,3,1,-2,0,5,5
24674,24674,1503612662704,-8,-2,0,0,0,0,-1,-2
24675,24675,1503612662717,3,-1,-1,-2,-2,0,2,2
24676,24676,1503612662725,-3,-3,-1,-1,-4,-2,-4,-1
24677,24677,1503612662733,-27,-15,0,0,-2,0,-3,-1
24678,24678,1503612662748,4,2,4,-1,-1,-1,-4,0
24679,24679,1503612662754,-14,-1,-3,-3,-5,0,-5,-4
24680,24680,1503612662763,-1,21,6,2,-1,1,4,5
24681,24681,1503612662778,-4,-3,-1,0,3,-1,-1,-2
24682,24682,1503612662785,5,-8,-5,-4,-6,-1,2,-3
24683,24683,1503612662801,10,9,-2,-1,-3,-4,-2,-2
24684,24684,1503612662808,0,-2,1,2,5,1,-2,-5
24685,24685,1503612662816,4,1,-2,-2,-4,0,0,0
24686,24686,1503612662823,-1,-11,-14,-3,-4,-4,-1,0
24687,24687,1503612662838,9,-3,-3,-3,0,0,1,-7
24688,24688,1503612662845,1,-18,-5,-3,-1,-1,0,-1
24689,24689,1503612662862,1,8,2,0,-1,-2,-2,-3
24690,24690,1503612662868,1,-3,0,1,0,1,4,1
24691,24691,1503612662876,15,0,2,1,1,0,1,5
24692,24692,1503612662883,3,12,6,2,-2,0,-1,2
24693,24693,1503612662898,1,-4,-2,0,0,-1,-2,1
24694,24694,1503612662906,6,-5,-4,-2,-1,-2,-4,-6
24695,24695,1503612662921,-1,6,3,0,-2,1,-4,-2
24696,24696,1503612662930,-5,-2,-6,-10,-14,-5,-3,-1
24697,24697,1503612662936,-3,-5,-4,-5,-7,-3,-6,-3
24698,24698,1503612662943,-8,2,2,0,3,-1,0,-6
24699,24699,1503612662959,8,2,-1,2,2,1,2,6
24700,24700,1503612662965,-3,1,0,3,4,1,-4,-2
24701,24701,1503612662981,-6,-2,-2,-1,3,0,1,0
24702,24702,1503612662988,22,5,1,2,0,0,-6,-2
24703,24703,1503612662997,-7,-2,-1,-3,-7,-3,-3,-5
24704,24704,1503612663003,-13,2,0,1,5,-2,-2,-3
24705,24705,1503612663018,-12,2,-3,-3,2,-1,0,-3
24706,24706,1503612663025,-6,-4,1,-1,0,2,3,3
24707,24707,1503612663041,-20,-10,-3,0,-5,-2,1,-7
24708,24708,1503612663054,5,4,-3,-1,1,-1,0,1
24709,24709,1503612663056,-10,2,0,1,0,0,0,1
24710,24710,1503612663064,68,-12,-5,-1,-1,-1,3,12
24711,24711,1503612663078,20,0,0,1,7,1,1,4
24712,24712,1503612663085,-22,-4,-1,0,-3,4,3,-6
24713,24713,1503612663101,0,-4,-2,-2,-4,0,-4,-1
24714,24714,1503612663108,-6,4,2,-1,0,-2,-2,-3
24715,24715,1503612663116,-6,2,-1,-1,-5,-1,-3,-1
24716,24716,1503612663123,-10,5,5,5,14,3,9,5
24717,24717,1503612663139,8,-5,0,5,14,3,1,4
24718,24718,1503612663145,-18,2,-4,-8,-10,-6,-21,-65
24719,24719,1503612663161,-2,23,11,1,-2,0,3,-23
24720,24720,1503612663169,-3,-6,-5,-3,-5,-4,-14,12
24721,24721,1503612663176,8,-2,-5,-2,0,-3,1,-2
24722,24722,1503612663182,-1,1,1,0,-3,-2,2,11
24723,24723,1503612663199,1,-5,-3,-1,-2,-2,-4,10
24724,24724,1503612663206,0,-4,-5,-3,-4,-3,3,8
24725,24725,1503612663221,2,0,-4,-5,4,-3,3,2
24726,24726,1503612663227,3,-7,0,-1,-8,-1,-5,3
24727,24727,1503612663228,-9,1,2,3,-2,0,8,5
24728,24728,1503612663243,1,2,-5,-1,-2,0,-8,11
24729,24729,1503612663250,15,-6,-3,2,3,2,4,41
24730,24730,1503612663258,-8,-12,-1,-1,-4,-2,-5,-3
24731,24731,1503612663267,-12,0,-1,-4,-3,0,5,3
24732,24732,1503612663281,-11,-5,-3,-4,-5,-2,0,-1
24733,24733,1503612663288,-6,-3,2,0,0,-1,-5,-18
24734,24734,1503612663297,-20,-1,1,-1,0,1,7,-33
24735,24735,1503612663310,-6,4,0,-2,1,-2,0,-10
24736,24736,1503612663318,6,-1,-2,2,6,-1,-6,12
24737,24737,1503612663325,3,3,2,1,3,-3,-1,-6
24738,24738,1503612663341,2,-3,1,-2,1,-3,2,-1
24739,24739,1503612663347,-7,0,-4,-4,-1,-1,-1,-13
24740,24740,1503612663348,-3,-2,0,0,1,-1,-6,-4
24741,24741,1503612663363,-1,-2,-1,1,3,0,4,-2
24742,24742,1503612663365,5,-3,-4,-1,-1,0,-1,1
24743,24743,1503612663370,0,0,-1,1,2,0,-6,2
24744,24744,1503612663378,-7,0,2,2,0,1,-2,-63
24745,24745,1503612663385,-6,-11,-4,-2,-4,-5,-9,-7
24746,24746,1503612663401,7,-4,-2,1,1,2,0,26
24747,24747,1503612663408,0,-1,-4,-2,-2,1,4,-6
24748,24748,1503612663416,17,-12,-4,0,-2,-2,0,20
24749,24749,1503612663430,3,3,1,2,-3,0,-1,1
24750,24750,1503612663442,-2,4,1,-3,-4,-1,3,12
24751,24751,1503612663445,0,1,1,1,0,0,1,1
24752,24752,1503612663461,-9,-1,1,-1,3,-2,2,1
24753,24753,1503612663468,-3,3,1,4,10,2,1,-1
24754,24754,1503612663476,3,6,-1,-1,-6,-2,-2,6
24755,24755,1503612663490,2,2,2,0,1,0,4,1
24756,24756,1503612663500,-5,-7,-1,-1,3,-3,2,-2
24757,24757,1503612663506,-3,1,-1,-2,-3,0,2,1
24758,24758,1503612663521,-1,-2,-1,-3,-5,0,0,12
24759,24759,1503612663527,2,-1,-2,-3,-3,-1,0,1
24760,24760,1503612663536,4,12,4,2,-2,0,-4,0
24761,24761,1503612663550,-1,-2,-2,-3,-4,-2,-4,-4
24762,24762,1503612663558,2,-5,-4,-3,-3,0,-2,-3
24763,24763,1503612663567,-18,-8,0,-3,-2,0,-1,5
24764,24764,1503612663581,0,-1,-1,0,-1,0,-1,2
24765,24765,1503612663587,-4,-19,-6,-2,0,0,0,-70
24766,24766,1503612663588,6,17,3,0,-1,0,2,20
24767,24767,1503612663596,-6,-6,-1,1,-1,-1,0,-8
24768,24768,1503612663610,0,-9,-4,-1,0,-1,6,8
24769,24769,1503612663618,7,8,0,-2,0,0,1,2
24770,24770,1503612663625,-1,0,-1,-2,-3,-3,0,-6
24771,24771,1503612663641,1,10,0,1,0,-1,-3,-1
24772,24772,1503612663648,1,0,-2,-1,0,-3,1,-11
24773,24773,1503612663656,3,-2,0,-1,-2,1,1,16
24774,24774,1503612663678,3,9,0,-1,-2,-1,-4,-1
24775,24775,1503612663679,0,-3,1,0,0,-2,-3,7
24776,24776,1503612663685,8,-6,-1,0,0,-1,0,-2
24777,24777,1503612663702,0,-2,-3,-2,-1,-4,-6,-5
24778,24778,1503612663708,9,5,1,1,-1,-2,-5,0
24779,24779,1503612663716,-2,-2,0,0,-1,1,-1,-9
24780,24780,1503612663730,-7,-4,-2,0,-2,-1,-8,0
24781,24781,1503612663740,-11,19,5,0,0,4,2,-5
24782,24782,1503612663745,-3,-7,-2,-3,-2,-1,0,-9
24783,24783,1503612663772,-1,-1,-1,-1,-2,0,-2,-8
24784,24784,1503612663777,3,-2,-1,-2,-1,-2,1,-11
24785,24785,1503612663790,-8,-4,1,0,0,-1,1,-41
24786,24786,1503612663798,5,-1,-1,0,-1,-4,1,14
24787,24787,1503612663806,5,6,3,2,2,3,2,15
24788,24788,1503612663821,-6,2,-1,1,-2,0,1,-8
24789,24789,1503612663828,-2,-4,-1,-1,-2,-1,-2,2
24790,24790,1503612663837,3,-11,-3,0,0,0,0,-1
24791,24791,1503612663850,-5,10,1,0,2,-1,-4,-4
24792,24792,1503612663858,-1,-6,-2,-3,0,-1,-3,-5
24793,24793,1503612663865,2,-7,-3,0,-1,-2,-2,-1
24794,24794,1503612663881,0,1,-1,0,-2,-4,-12,-6
24795,24795,1503612663888,2,-5,-3,-1,-2,0,-5,1
24796,24796,1503612663896,1,0,-1,-1,0,0,2,3
24797,24797,1503612663911,-2,-5,-5,-5,-3,-4,0,4
24798,24798,1503612663918,-7,-8,-3,-3,-3,0,-2,-19
24799,24799,1503612663926,0,3,1,2,0,0,1,5
24800,24800,1503612663942,0,-2,0,-2,0,-1,-1,-1
24801,24801,1503612663948,0,3,-1,-1,-1,-1,2,5
24802,24802,1503612663956,-18,-2,-1,-1,-2,-1,1,-25
24803,24803,1503612663971,1,6,1,0,-1,0,-2,-10
24804,24804,1503612663979,-3,13,1,-1,0,0,0,-5
24805,24805,1503612663985,-2,-4,-2,-1,0,1,3,-6
24806,24806,1503612664003,7,-5,-1,-1,-2,-1,0,5
24807,24807,1503612664008,-10,-2,-1,-1,1,1,4,-43
24808,24808,1503612664016,3,-3,-1,2,0,0,1,13
24809,24809,1503612664030,2,-7,-1,-3,-2,0,1,20
24810,24810,1503612664039,4,18,3,-1,1,-1,0,-10
24811,24811,1503612664046,-4,-1,-1,-1,-2,-4,-4,-6
24812,24812,1503612664061,2,-7,1,-1,-2,0,2,11
24813,24813,1503612664068,5,15,6,2,1,1,-2,7
24814,24814,1503612664077,-2,-7,-4,-2,1,1,1,-15
24815,24815,1503612664090,1,-8,-4,-1,2,-1,1,11
24816,24816,1503612664098,1,-4,-4,-2,-1,0,-1,7
24817,24817,1503612664105,-1,-3,-3,-1,-2,-1,-1,-14
24818,24818,1503612664121,4,-1,-1,-2,-3,-3,-3,6
24819,24819,1503612664127,0,0,-2,0,-1,-1,-1,4
24820,24820,1503612664128,1,-2,-3,0,0,0,1,9
24821,24821,1503612664143,-5,-6,-2,1,-1,1,2,-1
24822,24822,1503612664150,-2,-2,-5,-2,0,0,-1,8
24823,24823,1503612664158,0,2,1,-1,-2,-3,-3,11
24824,24824,1503612664173,-1,4,-1,-2,-1,-2,2,10
24825,24825,1503612664181,13,-10,-4,-1,-2,-1,-2,9
24826,24826,1503612664188,-5,-2,1,1,-1,-2,-2,-1
24827,24827,1503612664204,-6,4,1,0,2,-1,0,-3
24828,24828,1503612664210,5,5,0,0,0,1,2,7
24829,24829,1503612664218,-1,-4,1,0,1,2,3,3
24830,24830,1503612664233,2,-6,-3,-4,-1,-3,3,12
24831,24831,1503612664241,0,0,-1,0,0,0,-4,0
24832,24832,1503612664248,0,-6,-3,1,-1,-1,-1,-15
24833,24833,1503612664262,-11,4,3,0,-1,-3,-10,-5
24834,24834,1503612664274,-1,0,1,1,0,0,-5,9
24835,24835,1503612664278,4,-11,-5,-3,-1,-2,-2,-6
24836,24836,1503612664292,-13,-16,-4,-2,-3,-2,-8,-16
24837,24837,1503612664301,-5,-5,-2,-2,-4,-1,-2,-5
24838,24838,1503612664308,0,-1,-1,1,-1,-2,-1,3
24839,24839,1503612664323,5,3,1,-1,0,0,2,8
24840,24840,1503612664330,2,2,1,1,0,0,-3,-2
24841,24841,1503612664342,1,6,-1,-2,1,0,1,0
24842,24842,1503612664353,-2,-1,0,-3,-1,-1,-2,-4
24843,24843,1503612664361,-2,1,0,-1,1,0,-1,-4
24844,24844,1503612664367,0,1,-3,-2,1,0,3,6
24845,24845,1503612664383,-1,-3,-3,-2,-1,-3,5,7
24846,24846,1503612664390,3,-1,-1,1,-1,2,-3,-9
24847,24847,1503612664398,1,5,0,0,0,-2,1,9
24848,24848,1503612664413,-1,2,3,-1,-3,-3,-1,3
24849,24849,1503612664421,10,19,2,0,-1,0,-2,-7
24850,24850,1503612664427,-1,-2,-3,-1,2,-1,-4,1
24851,24851,1503612664444,-3,-11,-4,0,-2,0,-1,0
24852,24852,1503612664450,-2,2,1,-1,-3,-1,1,4
24853,24853,1503612664458,-4,-3,-3,-3,-2,-3,0,-3
24854,24854,1503612664474,-3,0,-2,-1,-1,-1,1,2
24855,24855,1503612664488,0,-2,-2,-1,-1,-3,-1,-3
24856,24856,1503612664489,5,6,2,-1,-1,1,1,-1
24857,24857,1503612664503,2,-5,-4,-1,1,2,3,5
24858,24858,1503612664511,5,1,0,1,0,2,-1,-1
24859,24859,1503612664518,6,-3,1,0,0,0,-3,-3
24860,24860,1503612664532,-1,-1,-4,1,0,2,4,3
24861,24861,1503612664543,-3,-3,0,0,0,0,0,-1
24862,24862,1503612664548,-4,-3,-1,-2,-1,1,-3,-3
24863,24863,1503612664562,-3,1,-1,-1,-3,-1,-1,3
24864,24864,1503612664570,-3,-2,-1,-2,-1,-5,-4,-4
24865,24865,1503612664580,-4,-2,-1,-2,-2,-3,1,2
24866,24866,1503612664593,-1,7,1,-1,0,-2,-1,0
24867,24867,1503612664601,-4,-1,0,1,1,-1,1,1
24868,24868,1503612664608,-2,-3,0,1,0,-1,2,-3
24869,24869,1503612664609,1,-7,-2,-1,-1,-1,-1,1
24870,24870,1503612664622,0,-1,-1,0,0,1,0,-2
24871,24871,1503612664630,-1,-8,-2,-1,-1,-1,-1,1
24872,24872,1503612664638,-3,-2,-2,0,0,-2,-1,3
24873,24873,1503612664653,4,-2,-3,-1,-2,-3,-6,-3
24874,24874,1503612664660,0,0,0,-1,-2,-1,-3,-4
24875,24875,1503612664667,-1,-3,-1,-1,-1,0,1,1
24876,24876,1503612664683,-2,0,1,-2,-1,0,-2,-6
24877,24877,1503612664690,0,-5,1,-1,-2,0,5,5
24878,24878,1503612664698,-11,-6,-2,-3,-3,-2,-5,-11
24879,24879,1503612664713,-1,8,3,0,-3,-3,-1,0
24880,24880,1503612664720,-1,-7,-6,-1,0,-2,0,2
24881,24881,1503612664721,1,0,-1,0,-1,1,1,3
24882,24882,1503612664727,-1,-2,0,-2,0,-2,0,-3
24883,24883,1503612664744,3,0,-2,0,0,0,-1,-1
24884,24884,1503612664751,-2,0,-1,-3,-1,-2,-2,-4
24885,24885,1503612664758,-1,1,0,0,0,-1,-1,-2
24886,24886,1503612664773,-1,-1,-1,0,2,2,2,3
24887,24887,1503612664781,1,2,-2,-1,-1,0,0,-1
24888,24888,1503612664788,-4,-1,0,-1,0,-1,-4,-5
24889,24889,1503612664803,-6,-1,1,-2,-1,-2,-1,4
24890,24890,1503612664811,0,-1,-4,1,2,1,-2,4
24891,24891,1503612664825,4,3,0,-1,-3,-2,-4,-8
24892,24892,1503612664832,-1,1,-1,1,-1,-1,-2,2
24893,24893,1503612664833,-2,-4,-2,0,-1,1,2,2
24894,24894,1503612664844,2,-2,-1,-1,-1,2,-1,3
24895,24895,1503612664848,-1,2,0,0,-2,0,0,-2
24896,24896,1503612664862,2,0,0,-1,-2,-1,1,-2
24897,24897,1503612664870,-2,0,-1,-1,0,-2,-1,-7
24898,24898,1503612664879,0,-4,-2,-1,-1,-1,2,6
24899,24899,1503612664893,0,1,-1,-1,0,-3,-4,-4
24900,24900,1503612664901,-6,-8,-5,-1,-1,-1,-4,-9
24901,24901,1503612664910,1,0,1,-1,0,-1,-3,-1
24902,24902,1503612664923,3,-5,-3,0,0,-1,2,6
24903,24903,1503612664930,0,-5,-1,-3,2,-1,-1,0
24904,24904,1503612664938,-1,1,0,-1,-1,-4,-3,-3
24905,24905,1503612664953,-2,-7,-4,-1,0,0,-1,1
24906,24906,1503612664960,2,2,2,0,-1,1,3,7
24907,24907,1503612664967,-4,10,4,1,-4,-1,-5,-7
24908,24908,1503612664983,-1,0,-1,-2,0,-2,-3,-1
24909,24909,1503612664990,4,0,-1,-1,-1,-1,0,1
24910,24910,1503612664998,-1,3,2,0,0,0,-1,-4
24911,24911,1503612665013,-10,-5,-3,-2,-1,-1,-2,-2
24912,24912,1503612665020,2,17,6,1,0,0,1,0
24913,24913,1503612665021,-1,1,0,0,0,-3,1,-3
24914,24914,1503612665028,3,1,-2,-1,1,0,2,3
24915,24915,1503612665045,-4,-1,1,-1,-1,0,1,-7
24916,24916,1503612665050,0,5,1,-1,0,-1,-2,-3
24917,24917,1503612665051,1,-6,0,1,-1,-1,3,5
24918,24918,1503612665065,4,3,-3,-1,-1,-2,0,1
24919,24919,1503612665072,0,1,-2,1,-1,0,1,-3
24920,24920,1503612665081,-1,1,-1,-3,-1,0,-3,-2
24921,24921,1503612665094,-1,1,-2,1,-2,-1,-2,0
24922,24922,1503612665102,1,1,-1,-1,-2,0,0,-7
24923,24923,1503612665103,-2,-3,-2,0,1,1,-2,0
24924,24924,1503612665112,2,0,-3,-4,-3,-3,-2,1
24925,24925,1503612665125,-5,-5,-1,-2,-1,-2,-3,0
24926,24926,1503612665132,3,10,1,0,1,-1,0,0
24927,24927,1503612665140,0,0,1,1,-1,0,-3,-3
24928,24928,1503612665155,-4,-5,0,-2,-2,0,0,0
24929,24929,1503612665162,4,2,-1,-1,-1,-1,1,2
24930,24930,1503612665170,0,-3,0,1,2,0,1,-4
24931,24931,1503612665185,1,-4,-2,-2,-1,-1,0,0
24932,24932,1503612665186,-1,2,0,-3,-4,-3,-3,-3
24933,24933,1503612665192,0,0,1,0,0,0,0,-2
24934,24934,1503612665201,-2,-1,-1,0,-2,-1,4,2
24935,24935,1503612665216,1,3,1,-1,-1,-1,-3,-7
24936,24936,1503612665223,4,7,-1,-2,-2,0,-1,-1
24937,24937,1503612665230,-5,-8,-2,-1,0,-1,-3,-3
24938,24938,1503612665246,-1,-3,0,0,1,1,-1,-2
24939,24939,1503612665253,-8,-5,-2,-2,-2,-2,1,3
24940,24940,1503612665260,1,7,2,0,0,0,-2,-3
24941,24941,1503612665261,-4,-8,-2,0,0,-3,-2,-1
24942,24942,1503612665275,2,-1,-1,-1,-2,0,-1,-1
24943,24943,1503612665276,0,-2,1,0,-2,0,-1,-3
24944,24944,1503612665283,-4,-3,-3,-2,0,0,4,2
24945,24945,1503612665290,-1,-2,-1,-1,-1,-2,0,6
24946,24946,1503612665305,-3,-2,1,2,0,1,2,-2
24947,24947,1503612665313,3,0,-2,-2,-1,-2,-2,-1
24948,24948,1503612665321,-2,-4,-1,-1,-2,0,0,0
24949,24949,1503612665336,3,13,8,3,2,1,1,-2
24950,24950,1503612665343,1,1,1,-1,-1,-2,-6,-4
24951,24951,1503612665350,-1,-6,-4,-1,-1,0,-1,-2
24952,24952,1503612665365,-1,-2,0,-2,0,-1,0,-3
24953,24953,1503612665372,0,-3,-3,-1,-1,-2,-1,-2
24954,24954,1503612665381,0,1,-1,-2,-1,-1,2,4
24955,24955,1503612665394,2,2,-1,-2,-2,-3,-3,-2
24956,24956,1503612665403,2,3,-2,-5,-4,-1,-1,-3
24957,24957,1503612665410,-2,-2,-3,-1,0,0,-2,-4
24958,24958,1503612665425,-1,-1,-2,2,2,1,-1,0
24959,24959,1503612665432,-2,-3,-1,-2,-1,-1,1,4
24960,24960,1503612665440,2,4,-2,1,1,1,-4,-5
24961,24961,1503612665456,1,4,0,0,0,0,0,3
24962,24962,1503612665463,-5,-7,-1,1,-1,-1,-1,0
24963,24963,1503612665470,0,0,1,-1,-1,-1,-1,-3
24964,24964,1503612665485,1,1,0,-2,-1,0,-3,0
24965,24965,1503612665492,-2,0,-3,0,-2,1,-1,-2
24966,24966,1503612665501,2,-5,-2,1,2,-1,0,2
24967,24967,1503612665514,-3,-7,-2,-1,0,0,4,2
24968,24968,1503612665523,3,3,0,-3,-5,-3,-3,1
24969,24969,1503612665530,1,-2,-3,-1,-3,-1,-3,1
24970,24970,1503612665545,-1,1,0,0,1,0,1,1
24971,24971,1503612665554,-1,0,0,-1,-1,-1,-2,-2
24972,24972,1503612665560,-2,-2,-3,-1,-1,-3,-2,-1
24973,24973,1503612665574,0,0,-1,0,1,0,0,-2
24974,24974,1503612665584,3,-2,-2,0,0,-1,-2,-1
24975,24975,1503612665585,-2,-2,-2,1,1,0,-2,1
24976,24976,1503612665590,-1,1,-1,1,-1,-1,0,3
24977,24977,1503612665605,-4,2,-1,0,-1,2,-2,-4
24978,24978,1503612665615,-5,1,0,-2,-1,-2,-3,-6
24979,24979,1503612665620,1,2,1,0,-1,-1,2,-1
24980,24980,1503612665634,0,-11,-3,-1,-1,-1,-1,-1
24981,24981,1503612665643,0,1,0,1,0,-2,-1,-2
24982,24982,1503612665650,-3,0,0,-1,-2,-2,-1,-2
24983,24983,1503612665665,0,-6,-2,1,0,0,3,1
24984,24984,1503612665672,4,1,1,2,0,0,0,2
24985,24985,1503612665682,-2,-3,-3,-1,0,0,-2,0
24986,24986,1503612665694,2,1,1,-1,1,0,1,-1
24987,24987,1503612665703,-1,-1,-2,-6,-5,-2,1,0
24988,24988,1503612665710,-2,4,-4,-3,2,-2,-5,-8
24989,24989,1503612665725,-7,-1,2,1,-1,0,0,-2
24990,24990,1503612665733,-1,0,-2,-2,-3,-1,2,-3
24991,24991,1503612665740,7,2,0,-2,-2,-3,-4,-2
24992,24992,1503612665756,0,5,2,1,-1,-1,-4,1
24993,24993,1503612665762,2,2,-2,1,-3,-1,3,0
24994,24994,1503612665777,0,-6,-5,-1,0,-2,-2,0
24995,24995,1503612665785,-5,-5,-1,-3,2,0,-1,1
24996,24996,1503612665800,-3,-8,-4,3,5,0,0,-5
24997,24997,1503612665801,3,5,0,0,0,-2,-2,-2
24998,24998,1503612665816,-1,1,0,-1,-1,-3,-2,-4
24999,24999,1503612665818,0,0,-1,-2,-2,0,-1,1
25000,25000,1503612665823,-2,-7,-2,0,1,-2,-2,-2
25001,25001,1503612665830,-1,1,-2,-2,-4,-2,-2,2
25002,25002,1503612665845,-2,3,1,-1,-7,0,1,-1
25003,25003,1503612665854,1,-3,-1,-3,-3,-1,0,3
25004,25004,1503612665860,-5,-4,-1,-4,-5,-2,-3,-2
25005,25005,1503612665875,0,6,5,2,1,-1,1,-1
25006,25006,1503612665885,-1,-3,-1,1,7,1,-2,-1
25007,25007,1503612665890,0,19,6,-1,-4,0,-4,-7
25008,25008,1503612665905,0,-1,0,-1,-3,0,1,1
25009,25009,1503612665912,-7,-3,-1,-1,1,-1,-1,0
25010,25010,1503612665913,7,-8,-6,0,0,-2,-1,2
25011,25011,1503612665921,-15,-2,1,0,-2,-2,-2,-4
25012,25012,1503612665935,-2,-5,-5,-2,1,-1,4,4
25013,25013,1503612665944,-2,2,0,-1,2,0,0,-4
25014,25014,1503612665951,0,-1,-1,-2,-6,0,1,0
25015,25015,1503612665965,5,-2,0,0,-1,0,-1,0
25016,25016,1503612665973,-2,-4,-3,-3,-2,0,3,-1
25017,25017,1503612665981,3,-3,-4,1,1,1,-1,1
25018,25018,1503612665995,-2,-3,0,-2,-1,-1,-5,-2
25019,25019,1503612666003,-5,11,3,1,1,-1,-1,-3
25020,25020,1503612666020,-12,-13,-4,-2,1,-1,-3,-2
25021,25021,1503612666026,2,-2,-1,-2,-2,0,-3,1
25022,25022,1503612666032,3,6,4,1,1,0,1,-3
25023,25023,1503612666047,-6,-4,-5,-4,-5,-2,-2,-1
25024,25024,1503612666057,0,-9,-1,1,3,0,1,3
25025,25025,1503612666063,0,0,-1,-1,0,-1,4,1
25026,25026,1503612666077,0,4,0,-1,-3,-1,-8,-4
25027,25027,1503612666085,4,-4,-1,-1,-1,-1,0,0
25028,25028,1503612666093,0,4,1,-3,-1,-1,-5,-6
25029,25029,1503612666107,-4,-6,0,1,-5,1,6,3
25030,25030,1503612666115,0,8,2,1,-2,-1,2,1
25031,25031,1503612666123,-9,-3,0,-2,1,-3,-6,-3
25032,25032,1503612666137,0,-7,-6,-3,-1,-2,-1,2
25033,25033,1503612666145,-3,5,4,1,1,0,2,0
25034,25034,1503612666154,1,-1,-1,0,2,1,1,-1
25035,25035,1503612666167,-6,-6,-6,-2,1,2,-3,-3
25036,25036,1503612666175,5,10,1,1,-3,-1,5,4
25037,25037,1503612666185,5,-2,-5,-3,-1,-2,-1,-1
25038,25038,1503612666197,-4,-10,-2,-1,1,-2,2,1
25039,25039,1503612666205,11,5,-4,-1,0,-2,0,2
25040,25040,1503612666213,0,2,-1,1,-1,0,0,1
25041,25041,1503612666228,1,-7,-1,-1,-1,0,-1,-4
25042,25042,1503612666235,3,5,0,-1,-3,-3,-6,-4
25043,25043,1503612666243,9,-7,-5,0,-2,-1,-1,0
25044,25044,1503612666257,3,-2,-1,-3,-3,-3,-2,-2
25045,25045,1503612666265,2,2,6,9,4,0,-5,-7
25046,25046,1503612666272,-2,-10,-4,-2,-1,-2,-3,1
25047,25047,1503612666289,-11,8,0,0,0,-1,2,5
25048,25048,1503612666295,-2,-4,-2,-1,0,2,-4,-2
25049,25049,1503612666303,-1,-6,-5,-3,0,-1,4,1
25050,25050,1503612666317,-13,-11,-7,-5,-2,-3,-1,-40
25051,25051,1503612666325,-7,3,-2,-4,-2,-1,-4,0
25052,25052,1503612666333,-2,10,4,2,1,-1,-1,12
25053,25053,1503612666348,7,-2,0,-1,-2,-1,-3,-11
25054,25054,1503612666356,4,-2,-4,-2,-1,2,0,12
25055,25055,1503612666363,-1,-3,-1,-2,-2,-2,-6,-10
25056,25056,1503612666377,-12,-3,-3,-2,-2,0,-1,2
25057,25057,1503612666387,-7,19,4,0,0,0,-2,6
25058,25058,1503612666393,6,8,2,-1,-1,-2,-2,0
25059,25059,1503612666408,10,3,-3,-3,-2,0,1,5
25060,25060,1503612666415,2,-5,2,1,1,0,2,12
25061,25061,1503612666423,1,-6,1,0,-1,-1,1,7
25062,25062,1503612666437,1,5,-2,-2,1,2,5,8
25063,25063,1503612666445,-9,8,6,3,2,1,2,7
25064,25064,1503612666454,0,-2,0,0,-1,-2,-2,-2
25065,25065,1503612666468,6,0,-1,-1,-2,1,0,-4
25066,25066,1503612666475,0,3,3,2,0,1,2,-4
25067,25067,1503612666483,0,-9,-2,-2,-1,-1,-2,2
25068,25068,1503612666504,11,5,3,5,5,-1,5,14
25069,25069,1503612666505,-5,4,0,-1,1,-3,-4,-9
25070,25070,1503612666506,5,21,2,-1,0,-2,-5,-10
25071,25071,1503612666512,-3,-7,0,-1,-5,-2,0,-5
25072,25072,1503612666528,0,9,0,0,-1,-3,-2,-9
25073,25073,1503612666529,-2,-18,-8,-6,-2,-1,-1,-7
25074,25074,1503612666535,3,2,2,1,1,-2,0,0
25075,25075,1503612666543,0,-7,-2,1,-1,-1,1,9
25076,25076,1503612666558,1,1,-4,-2,-3,0,5,-9
25077,25077,1503612666565,-9,-6,0,3,3,-1,-6,-20
25078,25078,1503612666572,-4,-2,-1,0,2,0,0,-5
25079,25079,1503612666589,7,-1,3,4,2,0,-2,4
25080,25080,1503612666597,6,2,1,-2,-2,-1,-3,12
25081,25081,1503612666603,-1,-12,-8,-7,-4,-2,0,10
25082,25082,1503612666617,1,-6,-3,0,2,0,0,2
25083,25083,1503612666625,-10,-10,-2,-3,0,1,4,9
25084,25084,1503612666632,-3,-2,0,-1,-2,-1,-4,1
25085,25085,1503612666647,1,11,2,-3,-2,-1,3,0
25086,25086,1503612666657,2,-4,-2,-1,-2,-2,-3,23
25087,25087,1503612666664,0,-2,3,4,2,0,-2,-8
25088,25088,1503612666677,-4,-7,-1,2,-3,-1,-3,-4
25089,25089,1503612666685,-23,3,4,5,3,1,-3,-11
25090,25090,1503612666693,-2,-4,0,-3,-3,-1,-3,-11
25091,25091,1503612666707,6,-4,-5,-4,-7,-5,-7,-9
25092,25092,1503612666715,-3,0,0,1,0,-1,1,-3
25093,25093,1503612666723,4,-5,-2,-2,-2,0,-5,-1
25094,25094,1503612666737,1,-7,-2,0,0,-1,-2,5
25095,25095,1503612666745,-3,-3,-1,-1,-2,-1,9,11
25096,25096,1503612666752,3,6,1,-1,0,0,4,-3
25097,25097,1503612666768,5,1,0,1,0,2,3,-3
25098,25098,1503612666775,1,4,-3,-3,-1,0,1,-5
25099,25099,1503612666783,9,5,4,4,2,0,5,4
25100,25100,1503612666798,-2,-7,-1,0,1,-1,-4,10
25101,25101,1503612666805,-19,-1,-3,-4,-1,0,0,-5
25102,25102,1503612666812,2,3,4,1,-1,-3,-8,-1
25103,25103,1503612666828,7,-4,-7,-5,-2,1,6,-1
25104,25104,1503612666835,-1,-5,-3,-3,-4,-3,-5,-8
25105,25105,1503612666843,5,1,0,-2,-3,-2,-1,9
25106,25106,1503612666858,9,18,8,5,4,4,3,2
25107,25107,1503612666866,-4,-7,-2,-6,-4,-1,0,-1
25108,25108,1503612666873,5,-4,-1,-1,-4,0,-3,-9
25109,25109,1503612666887,-3,1,-3,-2,-5,-4,-5,-23
25110,25110,1503612666895,-4,-4,-6,-3,-1,-2,4,-7
25111,25111,1503612666903,12,-1,0,3,3,-1,-7,-3
25112,25112,1503612666917,-3,-7,-4,-1,1,2,5,-5
25113,25113,1503612666925,11,23,7,2,2,0,0,13
25114,25114,1503612666939,-8,-3,0,-1,1,1,3,-2
25115,25115,1503612666947,-4,-8,-4,-1,-3,-3,-2,-2
25116,25116,1503612666957,-10,-8,-8,-8,-4,1,0,-20
25117,25117,1503612666970,-3,-3,-3,-3,-3,-2,-2,4
25118,25118,1503612666977,10,18,8,3,0,-2,-6,-3
25119,25119,1503612666985,-15,-4,-3,-4,-1,-1,1,1
25120,25120,1503612666999,2,-8,-6,-4,-4,-3,-7,1
25121,25121,1503612667007,1,-3,0,3,1,-1,-3,2
25122,25122,1503612667015,-3,3,-1,1,1,0,1,2
25123,25123,1503612667030,0,-3,-3,-2,-1,1,-1,0
25124,25124,1503612667044,-4,-4,-4,-2,-1,-2,-2,3
25125,25125,1503612667046,5,8,2,-1,1,0,-4,-7
25126,25126,1503612667059,-4,-11,-8,-4,-2,-3,4,15
25127,25127,1503612667068,-1,-9,-5,-4,-4,-1,0,2
25128,25128,1503612667075,-7,-3,-2,-1,0,1,2,4
25129,25129,1503612667093,8,11,5,0,0,1,3,-1
25130,25130,1503612667097,5,6,2,-1,-1,0,-1,-8
25131,25131,1503612667105,-2,-5,-4,-2,0,1,-5,-16
25132,25132,1503612667119,-15,-4,1,-1,-2,-2,-8,-23
25133,25133,1503612667128,3,-2,-4,-2,-2,-3,-7,-4
25134,25134,1503612667136,0,21,5,0,-1,1,4,11
25135,25135,1503612667150,18,-1,-4,1,0,-1,1,5
25136,25136,1503612667159,12,13,2,0,0,-2,-3,12
25137,25137,1503612667165,0,-7,-2,-2,-1,-1,2,9
25138,25138,1503612667179,-2,-3,-3,1,0,0,0,-6
25139,25139,1503612667187,-10,-1,0,-2,0,0,3,0
25140,25140,1503612667196,0,-4,0,1,-1,0,-2,2
25141,25141,1503612667210,8,1,0,2,-2,-2,3,4
25142,25142,1503612667217,-9,-12,-1,0,1,-1,6,8
25143,25143,1503612667226,3,1,3,2,1,1,-3,8
25144,25144,1503612667239,0,-10,-5,-3,0,-2,-2,-1
25145,25145,1503612667247,-12,10,3,1,1,0,4,6
25146,25146,1503612667255,-2,-1,2,-2,0,-3,-2,-3
25147,25147,1503612667270,-3,-1,-3,-1,0,0,1,-2
25148,25148,1503612667277,-4,1,0,-1,-1,-1,-2,-2
25149,25149,1503612667285,-7,-8,-2,-2,-2,0,0,-3
25150,25150,1503612667300,-2,2,-4,-1,-2,0,-1,3
25151,25151,1503612667307,-4,3,1,0,-1,0,-6,-9
25152,25152,1503612667315,7,-6,-3,-1,0,1,4,2
25153,25153,1503612667333,-6,-3,-3,-1,-2,1,1,-1
25154,25154,1503612667334,3,-6,-1,-1,0,-2,-3,0
25155,25155,1503612667339,1,-5,-1,1,0,0,-5,-3
25156,25156,1503612667345,-2,-3,-3,0,0,-1,0,1
25157,25157,1503612667361,0,2,2,2,1,-1,0,-4
25158,25158,1503612667368,-2,1,-1,1,-1,-2,-1,-1
25159,25159,1503612667375,-1,-3,0,-1,1,-2,-5,-6
25160,25160,1503612667390,-4,1,0,-1,-1,0,-2,-8
25161,25161,1503612667399,2,-3,0,0,0,1,4,7
25162,25162,1503612667405,2,7,3,-2,-1,-4,-3,-3
25163,25163,1503612667419,-6,0,0,-2,-1,-2,-6,-6
25164,25164,1503612667429,-6,-7,-3,-2,-3,0,3,10
25165,25165,1503612667436,-2,0,-3,-2,0,0,2,4
25166,25166,1503612667450,1,-1,0,0,1,-2,-2,-4
25167,25167,1503612667457,-10,-1,-2,-3,-2,1,-1,-2
25168,25168,1503612667466,-1,0,2,0,0,-1,-3,-1
25169,25169,1503612667479,-1,1,1,1,0,-1,-3,0
25170,25170,1503612667487,-8,-1,-3,-1,-2,1,0,-4
25171,25171,1503612667496,6,-1,-3,0,-1,-1,-4,0
25172,25172,1503612667510,-4,-2,-2,-1,0,0,-2,-4
25173,25173,1503612667517,17,0,0,2,0,1,-1,3
25174,25174,1503612667525,17,3,1,-1,-1,-1,0,2
25175,25175,1503612667539,-2,2,-1,-1,1,0,2,0
25176,25176,1503612667547,-4,-1,-1,0,0,-1,0,-4
25177,25177,1503612667555,-23,-4,1,0,-1,0,-2,-6
25178,25178,1503612667571,-6,2,0,1,0,0,1,2
25179,25179,1503612667577,-10,-2,-1,-1,-3,-1,-4,-7
25180,25180,1503612667585,0,-1,-2,-2,-2,-1,-2,1
25181,25181,1503612667599,6,0,0,0,0,-1,2,0
25182,25182,1503612667608,5,-2,-3,-3,0,0,1,3
25183,25183,1503612667615,5,-4,-5,-4,-2,0,0,6
25184,25184,1503612667631,-2,-1,1,0,0,-1,0,-2
25185,25185,1503612667638,4,0,2,-1,-1,-2,0,3
25186,25186,1503612667645,-1,-4,-4,-6,-6,-2,-2,-8
25187,25187,1503612667659,-2,5,9,34,14,3,3,-2
25188,25188,1503612667668,-1,1,-2,3,0,-1,0,-4
25189,25189,1503612667675,-10,-3,-4,-11,-6,-3,-3,-13
25190,25190,1503612667690,-1,2,0,1,0,-1,0,1
25191,25191,1503612667698,19,-1,-2,-7,-2,-2,-2,9
25192,25192,1503612667705,-6,0,-4,-8,-3,-4,-6,-4
25193,25193,1503612667719,-19,-2,-2,-5,-2,-1,-2,-8
25194,25194,1503612667732,-3,1,1,3,-1,-1,-1,3
25195,25195,1503612667735,-2,-4,-2,-6,-5,-4,-1,-1
25196,25196,1503612667750,10,-2,-3,-1,0,-1,-2,-4
25197,25197,1503612667757,9,-1,-2,-7,-3,-3,-2,1
25198,25198,1503612667772,2,-4,2,1,1,3,6,9
25199,25199,1503612667779,11,0,-1,-2,-2,0,-2,-1
25200,25200,1503612667787,0,-3,-2,1,-1,-2,-4,-6
25201,25201,1503612667798,-9,-3,-3,-1,-1,0,1,-3
25202,25202,1503612667810,-10,-2,-2,-3,0,0,-1,-7
25203,25203,1503612667817,5,-2,-2,-2,-2,-1,-1,-1
25204,25204,1503612667825,-2,-2,-1,0,-2,-1,0,0
25205,25205,1503612667839,6,7,3,3,3,3,5,3
25206,25206,1503612667847,-16,-7,-4,-4,-3,-3,-6,-12
25207,25207,1503612667866,-6,-1,2,-1,-1,0,0,4
25208,25208,1503612667870,-4,1,2,7,2,0,0,-3
25209,25209,1503612667877,-5,0,-1,-1,1,-3,0,-3
25210,25210,1503612667892,14,3,-1,-1,-2,0,1,6
25211,25211,1503612667901,-2,0,0,-1,-1,-2,-5,-8
25212,25212,1503612667907,1,-1,0,-2,-1,-1,0,2
25213,25213,1503612667922,7,-1,-4,-1,0,0,-1,1
25214,25214,1503612667931,4,1,0,1,1,1,0,4
25215,25215,1503612667937,1,-3,-3,-5,-3,-2,-3,0
25216,25216,1503612667952,2,0,-2,-2,0,0,0,0
25217,25217,1503612667953,-4,-2,-1,-1,0,-1,0,2
25218,25218,1503612667959,12,3,-1,-2,-1,-1,-1,-1
25219,25219,1503612667968,-14,-3,-1,-3,-1,-2,-4,-11
25220,25220,1503612667982,-10,-5,-2,-2,-3,-3,-6,-7
25221,25221,1503612667990,-9,0,-2,0,-2,0,1,-4
25222,25222,1503612667998,-2,-2,-2,-1,0,0,2,3
25223,25223,1503612668012,8,-4,-3,-2,-1,0,-1,6
25224,25224,1503612668019,-14,-5,-4,-5,-4,-3,-5,-9
25225,25225,1503612668027,2,4,1,1,0,0,1,1
25226,25226,1503612668043,4,0,-2,1,2,1,3,4
25227,25227,1503612668050,5,2,-1,-1,0,0,-1,4
25228,25228,1503612668058,-2,0,-1,-1,-2,1,0,0
25229,25229,1503612668073,6,2,0,0,-1,-2,0,3
25230,25230,1503612668080,1,1,-1,1,1,1,0,-2
25231,25231,1503612668087,-9,-3,-3,-2,-2,-2,-4,-5
25232,25232,1503612668103,-3,-2,0,1,0,-1,0,2
25233,25233,1503612668110,10,1,1,1,0,1,1,0
25234,25234,1503612668118,0,4,3,-1,0,2,-1,2
25235,25235,1503612668133,-1,-1,-2,-2,-1,-2,-4,-2
25236,25236,1503612668141,-3,-4,-4,-1,-1,1,-3,-3
25237,25237,1503612668142,3,7,2,0,-1,-3,0,-3
25238,25238,1503612668147,-12,-8,-4,-1,-2,-2,-2,-4
25239,25239,1503612668164,-3,-2,0,0,0,1,1,4
25240,25240,1503612668170,-15,-1,-1,0,0,2,-1,-2
25241,25241,1503612668178,0,-2,-1,0,0,-1,0,1
25242,25242,1503612668200,12,1,1,-2,0,-1,-5,-3
25243,25243,1503612668201,-1,-3,-1,-1,-1,0,-1,-4
25244,25244,1503612668208,0,2,2,0,0,2,2,1
25245,25245,1503612668223,6,-1,-1,0,-1,-1,-1,0
25246,25246,1503612668230,2,1,-1,-1,0,-2,1,0
25247,25247,1503612668239,1,-1,0,2,5,2,3,2
25248,25248,1503612668252,6,2,0,0,-2,0,2,3
25249,25249,1503612668261,-7,-3,-1,-2,-5,-2,-3,1
25250,25250,1503612668267,3,-1,1,1,1,-3,-1,-3
25251,25251,1503612668283,-4,0,0,-1,-1,-3,-2,-4
25252,25252,1503612668290,6,1,0,0,-4,-3,-1,3
25253,25253,1503612668300,-2,-3,0,1,0,-2,-2,-1
25254,25254,1503612668312,-6,-3,-2,0,0,0,0,-5
25255,25255,1503612668327,6,1,-2,0,0,-9,-3,-1
25256,25256,1503612668328,-10,-4,-2,1,3,-2,-2,-3
25257,25257,1503612668343,0,2,0,1,2,-1,-1,1
25258,25258,1503612668344,-1,0,-2,-2,-2,4,2,3
25259,25259,1503612668350,-2,-2,-1,-2,-2,0,-3,0
25260,25260,1503612668367,-2,1,-2,-1,0,1,0,1
25261,25261,1503612668373,-4,2,1,-1,-2,1,-2,-1
25262,25262,1503612668380,4,-3,-1,-2,-5,-2,-2,-2
25263,25263,1503612668387,0,0,-1,-1,1,1,-1,0
25264,25264,1503612668403,-4,-2,-1,1,1,2,0,-2
25265,25265,1503612668410,2,-1,-1,0,-4,7,6,-1
25266,25266,1503612668425,-3,-3,0,-1,-1,0,-1,-2
25267,25267,1503612668435,2,1,-2,-1,-1,0,2,4
25268,25268,1503612668440,-4,1,1,-2,-2,1,0,-3
25269,25269,1503612668448,0,-1,1,0,2,1,-2,-2
25270,25270,1503612668463,-5,-1,-2,-3,-1,-3,0,-5
25271,25271,1503612668470,2,1,0,-1,-3,-4,-2,0
25272,25272,1503612668485,-3,-1,-4,-2,0,1,-4,0
25273,25273,1503612668492,0,-2,-2,-1,0,2,0,1
25274,25274,1503612668493,-1,2,1,0,-2,-5,-1,-3
25275,25275,1503612668503,0,2,0,-1,-2,0,-4,-5
25276,25276,1503612668508,-3,-1,0,-2,-1,-2,-1,0
25277,25277,1503612668523,1,0,2,0,0,1,-1,2
25278,25278,1503612668530,1,-2,-3,-1,-3,-1,-2,0
25279,25279,1503612668545,-2,-3,-5,-3,-2,-1,0,1
25280,25280,1503612668552,-2,-4,-2,-2,0,-3,0,-2
25281,25281,1503612668560,-2,-1,-1,0,-1,-7,-1,-1
25282,25282,1503612668570,5,21,9,1,1,-2,0,1
25283,25283,1503612668583,1,2,1,2,-1,0,1,1
25284,25284,1503612668590,-8,-10,-4,-2,-1,-6,-3,-5
25285,25285,1503612668606,2,1,0,0,1,1,0,1
25286,25286,1503612668612,-3,-5,0,0,-1,6,1,-1
25287,25287,1503612668620,0,-4,-2,-2,-1,-3,-4,-2
25288,25288,1503612668627,2,-1,0,-2,-1,-1,-3,-1
25289,25289,1503612668643,-6,-3,-1,0,0,-7,-1,-4
25290,25290,1503612668650,-3,-2,-4,1,1,2,-2,-1
25291,25291,1503612668665,0,-1,1,0,-3,2,0,1
25292,25292,1503612668674,1,-3,-3,-1,-1,-3,1,3
25293,25293,1503612668680,2,0,0,0,1,2,0,1
25294,25294,1503612668687,-1,-2,-1,-1,0,0,2,1
25295,25295,1503612668706,2,-1,0,-2,-2,-1,1,1
25296,25296,1503612668710,8,1,-4,-2,0,-7,-5,-3
25297,25297,1503612668725,-9,-1,0,0,-1,0,0,-6
25298,25298,1503612668726,15,1,1,0,-1,1,1,4
25299,25299,1503612668732,-3,-1,-1,-1,-2,1,2,-1
25300,25300,1503612668740,-3,2,1,1,1,5,1,6
25301,25301,1503612668747,-7,-3,-3,-1,-1,-2,0,5
25302,25302,1503612668748,12,-2,-2,0,-5,-7,-4,-41
25303,25303,1503612668763,0,2,-4,-1,-1,0,-1,-2
25304,25304,1503612668771,-5,-1,1,-2,0,8,0,6
25305,25305,1503612668785,-5,1,1,0,-1,4,7,-8
25306,25306,1503612668792,-1,-3,-1,-1,-4,1,0,13
25307,25307,1503612668800,-10,0,-1,-2,0,-6,-6,-3
25308,25308,1503612668815,-1,0,-2,1,-1,2,1,-12
25309,25309,1503612668823,-32,-6,-2,0,0,-9,-4,-7
25310,25310,1503612668830,-13,-4,-4,0,3,-13,-7,15
25311,25311,1503612668846,19,1,-2,-2,-2,5,3,5
25312,25312,1503612668852,-4,0,-1,-1,0,-4,2,6
25313,25313,1503612668861,4,-2,-1,0,-1,2,-1,46
25314,25314,1503612668875,4,0,-1,-1,-1,1,-3,-1
25315,25315,1503612668884,1,0,-1,-1,-2,15,1,5
25316,25316,1503612668890,-14,-1,2,0,-2,0,-2,-4
25317,25317,1503612668905,-13,-2,0,0,-1,-2,0,-12
25318,25318,1503612668913,-5,1,0,1,2,2,-1,-12
25319,25319,1503612668921,2,6,0,-2,-1,-6,-3,-13
25320,25320,1503612668937,-1,0,-3,-1,0,0,1,13
25321,25321,1503612668943,4,-2,-1,-3,-1,-2,-1,-6
25322,25322,1503612668950,7,0,-2,-2,-2,0,0,3
25323,25323,1503612668965,0,-3,-2,-1,-4,-15,-3,42
25324,25324,1503612668973,-1,0,0,-1,-2,2,-5,-10
25325,25325,1503612668980,-4,-1,-2,-1,1,-6,-3,-11
25326,25326,1503612668981,2,-1,0,-1,-2,-2,1,7
25327,25327,1503612668995,-11,2,1,2,1,-1,-2,2
25328,25328,1503612669004,1,-3,-1,-1,2,8,2,-23
25329,25329,1503612669010,-6,1,0,1,2,2,3,-7
25330,25330,1503612669025,1,-2,0,-1,-1,1,-1,-14
25331,25331,1503612669033,-3,-2,-1,-1,-2,1,1,-62
25332,25332,1503612669041,2,-2,-3,1,-2,-9,-6,-8
25333,25333,1503612669055,5,-4,1,-2,-3,-4,0,26
25334,25334,1503612669063,-8,-6,-3,-1,-2,-2,-1,-29
25335,25335,1503612669072,3,0,-2,-3,-1,-7,-3,15
25336,25336,1503612669085,-5,-2,-2,-1,0,3,5,18
25337,25337,1503612669092,0,-2,-2,-1,-1,-9,-3,5
25338,25338,1503612669108,8,0,-1,-1,-3,-3,0,57
25339,25339,1503612669117,2,1,-1,0,0,4,7,6
25340,25340,1503612669124,2,0,0,-2,0,2,0,-3
25341,25341,1503612669131,1,-1,-1,-2,-3,-3,-1,4
25342,25342,1503612669132,-4,-1,0,1,0,4,0,12
25343,25343,1503612669148,0,2,-1,0,1,2,-6,-26
25344,25344,1503612669153,-5,-1,0,-2,0,-2,-1,-6
25345,25345,1503612669160,-7,-3,-7,-3,1,11,8,0
25346,25346,1503612669161,-2,-1,-1,-2,-4,-16,-14,-19
25347,25347,1503612669179,1,-1,-1,0,-4,4,-1,0
25348,25348,1503612669183,0,2,1,0,-1,2,2,3
25349,25349,1503612669190,32,3,0,-1,-4,-13,-9,-3
25350,25350,1503612669207,2,1,0,0,2,3,0,-16
25351,25351,1503612669213,-18,-6,-3,0,-2,6,-1,-4
25352,25352,1503612669220,-6,1,-1,-1,-3,-7,-5,-9
25353,25353,1503612669236,-2,-1,-2,-2,0,5,2,-28
25354,25354,1503612669245,-1,0,2,0,-2,7,5,-6
25355,25355,1503612669253,1,-1,-1,-2,1,10,-1,23
25356,25356,1503612669266,23,-1,-1,0,1,2,-3,26
25357,25357,1503612669274,-6,1,1,1,2,0,3,13
25358,25358,1503612669280,-8,-2,-2,-5,-2,0,1,-2
