,SampleNumber,TimeStamp,EMG1,EMG2,EMG3,EMG4,EMG5,EMG6,EMG7,EMG8
1011,1011,1503958523945,0,-8,-11,-1,-3,-1,-1,19
1012,1012,1503958523959,-10,7,-2,0,3,1,-3,2
1013,1013,1503958523967,6,2,15,-2,8,1,5,7
1014,1014,1503958523974,-1,5,-5,-4,-12,0,-5,-4
1015,1015,1503958523989,-7,0,-1,6,0,-13,-27,-14
1016,1016,1503958523997,0,4,14,4,2,-4,-3,5
1017,1017,1503958524005,15,12,8,-7,-7,1,0,-4
1018,1018,1503958524020,-2,15,18,-5,1,-4,0,-4
1019,1019,1503958524027,5,17,7,-10,5,4,4,1
1020,1020,1503958524034,21,-8,-1,-13,-5,1,6,4
1021,1021,1503958524051,3,-3,4,-11,-2,2,1,-10
1022,1022,1503958524057,-14,-5,-1,-2,5,3,8,-2
1023,1023,1503958524065,-9,-5,-10,-2,-11,1,3,-4
1024,1024,1503958524079,-5,0,-6,4,2,-1,-6,-7
1025,1025,1503958524089,7,1,0,-4,0,-2,5,1
1026,1026,1503958524094,-3,-4,-3,0,-2,0,-2,-1
1027,1027,1503958524109,15,-13,-2,-13,-7,-5,-8,-3
1028,1028,1503958524117,8,2,3,2,-8,-3,1,6
1029,1029,1503958524125,-13,-5,0,-6,-12,-1,-5,5
1030,1030,1503958524140,-12,1,16,1,1,0,-6,-8
1031,1031,1503958524148,-5,-8,-7,13,0,-1,6,2
1032,1032,1503958524156,-6,-1,12,5,3,0,-3,-2
1033,1033,1503958524172,11,4,0,2,6,1,1,6
1034,1034,1503958524181,-3,-3,-2,1,8,-1,-2,3
1035,1035,1503958524186,-4,-6,3,-3,-2,3,3,-10
1036,1036,1503958524200,-3,-7,-11,2,-5,0,-13,-4
1037,1037,1503958524208,-14,0,8,-3,5,3,0,6
1038,1038,1503958524215,6,4,-7,-11,-5,-4,-9,-4
1039,1039,1503958524230,-1,-5,-2,-3,1,-4,2,-4
1040,1040,1503958524239,-7,-6,-7,5,0,2,7,3
1041,1041,1503958524249,22,6,8,4,5,1,2,10
1042,1042,1503958524259,-4,-5,-1,-6,1,-1,-1,-16
1043,1043,1503958524267,-9,0,-8,7,-2,-1,-1,3
1044,1044,1503958524275,-3,12,10,-3,-3,-3,2,1
1045,1045,1503958524289,-3,10,4,0,-4,1,0,-22
1046,1046,1503958524297,-2,-18,2,-6,1,1,2,-1
1047,1047,1503958524305,-8,-14,-10,1,-6,-1,-2,-4
1048,1048,1503958524319,-6,-5,-2,7,3,1,3,16
1049,1049,1503958524327,-1,5,14,5,6,-2,-1,-20
1050,1050,1503958524334,1,25,10,9,4,-2,-1,-3
1051,1051,1503958524349,-12,-17,-7,-9,3,-3,-12,-12
1052,1052,1503958524357,23,-9,-24,13,-3,-3,-1,-8
1053,1053,1503958524365,0,10,4,-14,-21,1,0,2
1054,1054,1503958524381,-5,-10,-3,-6,2,1,9,-1
1055,1055,1503958524387,4,1,8,-8,9,2,1,-1
1056,1056,1503958524394,-21,-14,-8,-4,-7,1,1,-6
1057,1057,1503958524409,-5,-4,0,-6,-3,-4,-5,-3
1058,1058,1503958524418,17,-11,-5,-5,0,-2,2,-5
1059,1059,1503958524425,6,-5,-6,-1,3,1,4,14
1060,1060,1503958524439,17,7,6,-16,-6,-6,-2,-2
1061,1061,1503958524448,-6,-10,-13,6,0,-2,0,7
1062,1062,1503958524454,-7,4,8,-11,-4,-1,-2,19
1063,1063,1503958524469,3,11,1,-2,-4,-4,-4,10
1064,1064,1503958524477,-29,-5,3,10,5,4,-3,-1
1065,1065,1503958524485,-5,-8,3,-6,-4,0,-10,-16
1066,1066,1503958524499,2,14,1,8,3,1,-6,0
1067,1067,1503958524507,0,8,12,-1,5,-1,1,6
1068,1068,1503958524515,1,14,11,11,4,-1,4,-6
1069,1069,1503958524529,2,4,-1,-1,-2,0,-3,0
1070,1070,1503958524537,1,-8,-8,-5,-2,-1,2,14
1071,1071,1503958524545,8,-1,-3,-5,-10,-6,-2,-1
1072,1072,1503958524559,-16,1,-7,0,-1,-3,-2,-8
1073,1073,1503958524567,-15,1,-6,6,5,0,2,3
1074,1074,1503958524574,6,0,7,-10,-1,-3,-6,-11
1075,1075,1503958524593,3,2,-5,6,-1,1,4,-9
1076,1076,1503958524597,3,7,17,-13,-2,1,-7,-3
1077,1077,1503958524605,-6,-10,-3,14,9,2,1,3
1078,1078,1503958524619,7,-17,-19,6,-4,-2,-5,1
1079,1079,1503958524627,1,0,-3,8,3,-1,18,4
1080,1080,1503958524634,2,-1,4,-3,-10,-2,1,2
1081,1081,1503958524650,-19,-3,5,1,2,-2,-4,-6
1082,1082,1503958524657,4,11,5,-2,7,0,2,3
1083,1083,1503958524665,-3,-7,-7,-6,-6,0,1,-2
1084,1084,1503958524679,0,2,-4,-12,-2,0,-3,5
1085,1085,1503958524690,2,2,3,-2,-9,-1,-1,2
1086,1086,1503958524695,-4,0,-11,8,-1,2,0,-1
1087,1087,1503958524709,2,-4,-1,-3,-1,-1,-4,-2
1088,1088,1503958524717,-2,1,5,-6,-4,0,1,-6
1089,1089,1503958524725,2,6,5,2,6,1,-3,-4
1090,1090,1503958524739,-1,-9,-6,1,0,-1,3,-5
1091,1091,1503958524747,-7,1,-6,-6,3,-1,-2,-3
1092,1092,1503958524754,-2,17,0,11,-2,-3,-1,-1
1093,1093,1503958524769,-1,0,-10,-4,-7,-1,-4,-4
1094,1094,1503958524770,-2,2,6,-3,6,0,-1,0
1095,1095,1503958524776,10,6,-8,-7,3,0,3,0
1096,1096,1503958524792,2,10,1,10,1,1,5,5
1097,1097,1503958524799,5,-4,-5,0,2,-1,1,-6
1098,1098,1503958524807,17,-12,-9,-1,-7,-3,0,3
1099,1099,1503958524814,-11,-19,7,10,10,3,3,6
1100,1100,1503958524829,7,27,1,5,1,0,-1,3
1101,1101,1503958524836,-1,-4,1,-1,2,1,2,-3
1102,1102,1503958524837,-2,-3,-2,-4,-7,-3,0,1
1103,1103,1503958524845,1,-12,-2,-1,-1,0,4,0
1104,1104,1503958524859,-2,3,-3,1,-1,2,6,0
1105,1105,1503958524867,3,-6,5,-10,-4,-4,-8,-7
1106,1106,1503958524881,0,-3,2,-7,-3,-2,-5,1
1107,1107,1503958524890,-31,-10,-4,-1,-5,1,-1,-2
1108,1108,1503958524897,11,-2,0,-3,-3,-1,-1,14
1109,1109,1503958524912,4,-4,6,-26,-13,-4,-4,2
1110,1110,1503958524919,-5,4,7,-3,-8,-1,2,-7
1111,1111,1503958524927,2,-8,-13,1,-6,0,1,1
1112,1112,1503958524941,-3,-13,-6,-2,1,-2,-5,-7
1113,1113,1503958524949,4,-7,16,-3,7,-1,-4,-4
1114,1114,1503958524957,8,2,-8,-2,-3,-4,-1,-7
1115,1115,1503958524972,-1,3,-12,8,-2,0,-1,1
1116,1116,1503958524979,-3,2,11,-10,-1,-2,-5,-1
1117,1117,1503958524987,-3,2,17,-8,2,-2,-5,-9
1118,1118,1503958525001,-25,-5,0,11,12,-1,-3,-3
1119,1119,1503958525009,0,5,-11,-7,0,3,2,3
1120,1120,1503958525019,-5,2,-9,4,-5,1,5,4
1121,1121,1503958525032,3,-6,-1,8,1,-4,-1,-2
1122,1122,1503958525039,4,-8,-7,-2,-3,-2,-2,-1
1123,1123,1503958525047,11,3,1,-3,-5,-3,-1,1
1124,1124,1503958525061,-1,12,5,1,1,-1,-2,-4
1125,1125,1503958525070,-9,1,6,-7,5,1,-3,1
1126,1126,1503958525077,3,-3,-7,-7,-1,-2,-4,0
1127,1127,1503958525092,-14,-6,1,5,5,2,-1,0
1128,1128,1503958525099,25,5,0,-5,-5,0,0,-1
1129,1129,1503958525107,3,7,-2,-3,-4,0,1,6
1130,1130,1503958525121,12,21,12,3,-3,-2,1,-2
1131,1131,1503958525129,-3,-1,-7,2,-1,1,0,-5
1132,1132,1503958525137,-10,-17,-4,-7,-9,-2,-6,2
1133,1133,1503958525153,4,6,-6,12,-2,-4,1,-10
1134,1134,1503958525159,0,-4,6,-3,1,0,1,-3
1135,1135,1503958525167,3,-27,-4,-4,-2,-3,-2,7
1136,1136,1503958525181,-1,17,6,-4,-2,-1,0,-7
1137,1137,1503958525189,4,-4,10,-1,1,1,0,0
1138,1138,1503958525197,-2,-10,0,0,-2,-2,-1,-3
1139,1139,1503958525212,-5,7,-1,9,-1,-1,-1,-1
1140,1140,1503958525221,-11,-3,-2,-2,-1,3,1,3
1141,1141,1503958525227,-30,-6,-1,-3,-3,-2,1,-9
2014,2014,1503958533814,6,0,9,-2,1,0,-5,6
2015,2015,1503958533822,-4,-11,-1,-4,-1,-3,2,-9
2016,2016,1503958533829,5,11,26,-11,5,0,2,3
2017,2017,1503958533844,-9,-12,-12,8,3,-3,15,-3
2018,2018,1503958533852,-11,11,-5,8,4,0,0,-3
2019,2019,1503958533859,-9,3,6,-9,2,-1,-2,-1
2020,2020,1503958533874,-1,9,-3,6,-1,-2,-7,-2
2021,2021,1503958533882,10,-3,-3,-8,-3,-4,-4,1
2022,2022,1503958533890,-17,-11,-5,3,3,0,-3,-1
2023,2023,1503958533904,4,12,12,-1,7,1,0,-7
2024,2024,1503958533913,-7,-2,-1,-6,-4,0,6,1
2025,2025,1503958533919,-5,9,0,-4,-3,1,-1,8
2026,2026,1503958533934,3,1,-9,8,-4,0,12,-1
2027,2027,1503958533941,-3,-10,-8,0,-4,-2,2,9
2028,2028,1503958533949,0,-6,-13,-9,-7,-2,-6,9
2029,2029,1503958533964,11,9,2,-3,-1,-2,-7,1
2030,2030,1503958533972,2,2,3,-11,-15,-5,-10,-8
2031,2031,1503958533979,-5,-5,-3,-11,-4,-4,-5,-11
2032,2032,1503958533994,8,-8,-8,-7,-16,-4,1,5
2033,2033,1503958534001,0,2,7,4,2,-1,-6,5
2034,2034,1503958534009,-13,26,2,17,7,-2,3,5
2035,2035,1503958534024,-2,-5,0,4,-2,1,5,-4
2036,2036,1503958534032,-29,-23,20,-21,-1,-2,-9,-49
2037,2037,1503958534039,-6,-9,-15,10,3,-3,7,-1
2038,2038,1503958534055,-15,-18,-10,0,1,-2,0,5
2039,2039,1503958534061,2,1,4,-4,-4,-3,-3,-13
2040,2040,1503958534075,0,-9,-3,6,6,4,6,22
2041,2041,1503958534084,-39,-8,-25,33,1,1,-6,-19
2042,2042,1503958534092,14,12,8,-8,5,0,0,9
2043,2043,1503958534099,11,-1,1,-4,1,3,4,-2
2044,2044,1503958534123,9,7,3,-21,-2,-1,-4,1
2045,2045,1503958534129,-11,-6,-17,16,7,4,11,-8
2046,2046,1503958534144,18,22,3,15,3,-3,-1,-6
2047,2047,1503958534152,11,18,17,-3,5,4,-1,1
2048,2048,1503958534159,12,-13,-2,-6,-1,-1,-4,26
2049,2049,1503958534174,-9,-5,5,-4,-1,-3,-10,-25
2050,2050,1503958534183,-4,0,-1,-7,-1,2,-8,6
2051,2051,1503958534189,7,4,3,7,16,2,-1,16
2052,2052,1503958534204,1,24,12,7,2,4,8,-4
2053,2053,1503958534212,-61,-10,-20,13,1,-4,-6,-27
2054,2054,1503958534226,9,0,16,3,0,0,2,-2
2055,2055,1503958534240,26,3,7,-5,0,-1,-2,13
2056,2056,1503958534242,-1,-6,-3,-11,-4,-8,-12,-33
2057,2057,1503958534256,11,0,17,-14,-2,-2,-2,11
2058,2058,1503958534264,-2,-21,-10,-9,-1,-3,6,11
2059,2059,1503958534272,19,11,7,5,-4,0,1,9
2060,2060,1503958534287,8,5,6,-7,4,2,2,13
2061,2061,1503958534294,10,-2,-3,-7,-13,-2,1,-7
2062,2062,1503958534302,-1,-2,3,2,12,0,-1,-6
2063,2063,1503958534317,3,4,1,0,-1,6,6,7
2064,2064,1503958534324,-2,-1,1,4,-7,0,-11,-18
2065,2065,1503958534332,1,-12,-1,-8,3,-5,-1,-9
2066,2066,1503958534346,-7,-10,14,-8,11,2,-2,3
2067,2067,1503958534357,1,-12,-11,-16,-20,-4,-5,4
2068,2068,1503958534362,3,23,-10,-2,-13,1,2,0
2069,2069,1503958534376,-3,-2,-5,4,4,-4,2,16
2070,2070,1503958534385,-16,-21,-8,-2,-3,-5,-4,-2
2071,2071,1503958534393,3,15,8,3,4,-1,-4,9
2072,2072,1503958534406,10,0,3,-7,-3,-4,-6,-13
2073,2073,1503958534414,8,-2,-13,8,0,-5,2,3
2074,2074,1503958534423,-8,-3,5,-10,-6,-1,0,-9
2075,2075,1503958534436,-11,5,-5,6,5,1,0,-18
2076,2076,1503958534444,-7,-15,1,-5,-1,0,-5,2
2077,2077,1503958534455,-7,8,9,-1,9,-1,-7,-7
2078,2078,1503958534466,-9,-7,-3,2,-2,-1,5,2
2079,2079,1503958534475,-9,-12,-17,5,-5,-2,-2,-16
2080,2080,1503958534482,-26,3,3,7,0,-1,0,1
2081,2081,1503958534497,20,13,3,-4,-4,2,1,9
2082,2082,1503958534504,-11,-12,4,-4,4,1,-5,-30
2083,2083,1503958534512,17,-10,6,-21,0,3,0,-14
2084,2084,1503958534527,-5,-9,5,-11,-3,-1,1,-11
2085,2085,1503958534534,-4,-11,-1,-3,2,2,2,10
2086,2086,1503958534542,0,-13,-13,8,-3,-3,-5,13
2087,2087,1503958534557,-9,12,16,2,-2,-3,-1,-8
2088,2088,1503958534564,7,8,-7,5,-3,0,7,11
2089,2089,1503958534572,6,-11,-22,24,1,-5,-10,-7
2090,2090,1503958534587,13,10,13,-14,0,1,-3,7
2091,2091,1503958534595,-1,-1,8,-10,1,0,3,2
2092,2092,1503958534602,9,16,7,-3,-1,2,5,5
2093,2093,1503958534616,-15,-22,15,-19,-6,-3,-4,2
2094,2094,1503958534625,55,9,-15,-1,-6,-3,7,22
2095,2095,1503958534632,-12,28,5,-1,4,3,-2,3
2096,2096,1503958534646,-16,0,-13,11,-4,-2,1,5
2097,2097,1503958534656,-6,2,-2,-5,-4,-2,1,-4
2098,2098,1503958534662,-3,-6,4,6,11,5,15,8
2099,2099,1503958534676,3,11,10,-5,2,2,6,-3
2100,2100,1503958534687,-3,8,4,-4,-3,2,-4,-7
2101,2101,1503958534692,18,15,-14,3,-4,-1,-2,2
2102,2102,1503958534706,-24,-22,-9,0,0,-3,-3,0
2103,2103,1503958534714,-10,-15,2,-9,-3,-2,-7,-18
2104,2104,1503958534722,15,-1,-12,0,-4,-2,-2,9
2105,2105,1503958534736,-17,-4,5,5,3,1,-1,-9
2106,2106,1503958534744,5,5,-2,-7,-2,0,-2,3
2107,2107,1503958534759,11,-12,6,2,13,1,4,6
2108,2108,1503958534766,-3,20,12,12,7,1,-4,-23
2109,2109,1503958534774,-6,12,1,-5,-7,0,-1,5
2110,2110,1503958534781,-9,7,5,-1,-5,-3,-2,0
2111,2111,1503958534796,10,-22,-3,-8,-4,0,3,8
2112,2112,1503958534804,-2,-13,1,-5,-3,-2,-6,-8
2113,2113,1503958534812,-1,-10,-2,-4,-5,-3,-3,16
2114,2114,1503958534826,11,-23,-13,1,-2,-3,5,0
2115,2115,1503958534834,0,-7,-13,2,-4,-3,-2,-9
2116,2116,1503958534841,2,5,9,-11,-3,-3,-2,-1
2117,2117,1503958534856,5,-3,-2,0,1,-3,-2,13
2118,2118,1503958534864,-1,46,17,3,3,0,-3,-5
2119,2119,1503958534879,12,17,10,4,3,5,6,1
2120,2120,1503958534888,-12,-16,-16,0,-5,-3,0,16
2121,2121,1503958534894,-9,11,2,2,0,-1,-2,-3
2122,2122,1503958534901,24,-5,-3,0,0,-3,-4,9
2123,2123,1503958534916,4,-14,-15,-1,-2,-3,-4,-6
2124,2124,1503958534924,-10,-6,15,-13,-3,1,-6,-3
2125,2125,1503958534932,-11,-26,-12,2,-5,1,2,-1
2126,2126,1503958534946,-4,-19,-1,1,1,2,-4,-9
2127,2127,1503958534956,-18,5,-2,-2,-5,-4,1,5
2128,2128,1503958534961,-8,3,-8,1,1,1,0,-1
2129,2129,1503958534976,-14,-7,-6,0,-1,-2,-1,-3
2130,2130,1503958534984,14,-6,-8,-5,-1,-1,-1,-5
2131,2131,1503958534999,4,16,5,-1,2,2,5,1
2132,2132,1503958535006,-5,29,18,3,6,5,6,0
2133,2133,1503958535023,-3,7,5,-7,4,-1,-1,16
2134,2134,1503958535036,2,11,-5,7,-4,-1,1,13
2135,2135,1503958535044,-27,-3,-10,3,-2,-5,-6,-10
2136,2136,1503958535052,-2,-6,0,2,-7,-2,-2,2
2137,2137,1503958535066,3,22,9,-2,0,0,2,0
2138,2138,1503958535075,-10,23,3,2,0,0,-6,-9
2139,2139,1503958535081,1,-12,-7,0,-2,-1,1,-8
2140,2140,1503958535096,-3,3,3,-2,4,1,-2,-6
2141,2141,1503958535104,-3,-22,-5,-7,-9,-4,-2,5
2142,2142,1503958535112,0,-4,-1,-3,1,-1,-2,-8
2143,2143,1503958535126,2,28,17,3,4,2,3,-2
2144,2144,1503958535134,7,-2,4,-13,-8,-4,-1,-6
2145,2145,1503958535148,10,-7,-2,-4,-2,-2,-2,1
2146,2146,1503958535161,-1,6,3,1,4,-1,-2,-4
2147,2147,1503958535164,-22,-5,-11,8,-4,-2,0,-3
2148,2148,1503958535179,-6,-7,-4,2,-3,0,3,7
2149,2149,1503958535188,-5,-22,-12,4,-2,-2,0,2
2150,2150,1503958535194,3,13,6,-2,-1,0,-2,-2
2151,2151,1503958535208,0,-7,-2,-2,-2,1,-2,-1
2152,2152,1503958535216,4,-5,-8,-4,-2,0,2,-9
2153,2153,1503958535224,7,5,5,0,-3,-3,-2,-4
2154,2154,1503958535239,4,0,5,-2,0,1,2,-1
2155,2155,1503958535246,0,-5,-3,-6,1,1,6,-6
2156,2156,1503958535257,5,4,2,-6,1,-1,-4,-4
2157,2157,1503958535268,1,-26,-6,0,-3,-2,-2,14
2158,2158,1503958535276,0,-17,1,0,1,-2,-2,-10
2159,2159,1503958535284,2,-19,-1,-1,-2,-3,-3,-4
2160,2160,1503958535299,-3,-20,-2,4,-1,1,-4,6
2161,2161,1503958535306,-13,0,-2,3,-1,-1,0,-4
2162,2162,1503958535314,-4,19,-3,0,-1,-1,1,0
2163,2163,1503958535328,4,2,1,-6,3,0,0,-7
2164,2164,1503958535336,-4,-2,1,3,0,-3,0,5
2165,2165,1503958535344,0,20,11,1,1,0,-3,-5
2166,2166,1503958535359,-3,-9,-2,0,-2,0,3,4
2167,2167,1503958535366,2,-35,-8,-8,-5,-1,1,-7
2168,2168,1503958535374,-8,2,-2,1,-1,-2,4,-12
2169,2169,1503958535388,-7,-9,-1,2,-2,-2,1,6
2170,2170,1503958535397,-2,-8,-4,-4,-2,0,0,4
2171,2171,1503958535404,3,8,-3,2,0,1,-1,-3
2172,2172,1503958535419,1,5,4,-3,2,-1,-4,2
2173,2173,1503958535426,-4,4,-1,2,-2,-2,-2,1
2174,2174,1503958535434,-21,-8,4,-4,-2,0,-7,-10
2175,2175,1503958535448,0,7,2,-2,-1,0,-2,-4
2176,2176,1503958535460,16,0,-3,-2,-2,-4,-2,0
2177,2177,1503958535464,-3,12,7,-4,2,-1,-4,5
2178,2178,1503958535479,7,-4,2,-6,-1,2,3,4
2179,2179,1503958535487,8,-5,-4,-1,-4,-1,3,-18
2180,2180,1503958535496,5,-5,-2,3,3,-3,-3,-1
2181,2181,1503958535508,-4,4,-1,-7,0,-1,-4,4
2182,2182,1503958535516,6,13,-3,-3,-3,1,-1,-1
2183,2183,1503958535526,8,5,-3,3,-5,0,-2,-3
2184,2184,1503958535539,-7,31,16,5,2,2,1,7
2185,2185,1503958535546,-2,16,-5,4,-2,-2,1,-5
2186,2186,1503958535554,-3,-12,-3,-7,2,-1,-2,-1
2187,2187,1503958535568,2,4,12,-12,7,0,-2,-5
2188,2188,1503958535576,5,-5,-11,2,-7,-1,0,-4
2189,2189,1503958535584,-2,-22,-6,0,-5,1,-3,-3
2190,2190,1503958535599,1,-16,-6,-1,-3,1,1,4
2191,2191,1503958535606,12,7,-2,-5,0,0,-1,5
2192,2192,1503958535614,3,6,8,1,0,-1,0,1
2193,2193,1503958535629,-6,3,-5,4,0,-3,-1,-1
2194,2194,1503958535636,-3,3,8,-7,1,-1,-3,0
2195,2195,1503958535644,0,3,8,1,2,0,1,4
2196,2196,1503958535660,0,-8,1,-1,-1,0,-4,0
2197,2197,1503958535666,-5,-5,-2,1,0,1,1,-1
2198,2198,1503958535674,-15,-30,-1,3,0,-2,-3,3
2199,2199,1503958535689,-1,-9,-1,2,1,-1,1,5
2200,2200,1503958535697,1,1,-9,7,-4,0,3,2
2201,2201,1503958535704,-8,-1,12,-5,0,-1,-6,-11
2202,2202,1503958535719,-5,-2,-10,2,-2,-2,-2,-6
2203,2203,1503958535728,0,7,-2,-1,1,0,1,4
2204,2204,1503958535736,1,-6,-9,-2,-10,-2,-2,-6
3547,3547,1503958548829,-14,13,14,1,-3,-4,-2,-7
3548,3548,1503958548843,-30,-18,5,-4,-6,-6,-5,-19
3549,3549,1503958548852,-7,-2,2,10,-23,-2,9,35
3550,3550,1503958548859,0,-2,-1,-3,-6,0,15,1
3551,3551,1503958548873,-2,-4,-4,2,3,5,5,1
3552,3552,1503958548881,14,9,-5,10,9,-1,-18,-37
3553,3553,1503958548888,6,1,-4,-3,11,-5,-4,-10
3554,3554,1503958548903,2,1,4,-8,-2,-2,-9,4
3555,3555,1503958548911,-3,-6,1,-1,13,0,-7,-11
3556,3556,1503958548919,-4,7,13,-7,6,-3,-1,-7
3557,3557,1503958548920,3,7,-6,-2,-7,-4,1,17
3558,3558,1503958548933,2,16,3,11,2,0,12,0
3559,3559,1503958548941,-4,-4,-1,-13,4,-1,-1,-13
3560,3560,1503958548948,0,-3,-8,-2,-11,1,1,8
3561,3561,1503958548963,2,6,6,-1,-18,-4,-1,10
3562,3562,1503958548970,4,1,-6,3,-6,-7,1,-17
3563,3563,1503958548979,-13,-9,-2,4,20,5,5,5
3564,3564,1503958548994,3,12,16,0,15,4,-7,-4
3565,3565,1503958549001,3,-1,1,-5,-10,-3,-8,10
3566,3566,1503958549008,-2,-6,-7,1,9,-3,-11,5
3567,3567,1503958549023,4,4,-12,0,3,1,5,1
3568,3568,1503958549030,0,-11,-3,-7,-3,-2,-1,1
3569,3569,1503958549038,-6,-7,4,-7,2,-2,-1,0
3570,3570,1503958549039,12,4,-2,5,5,4,1,-39
3571,3571,1503958549053,4,3,-3,7,6,17,21,-3
3572,3572,1503958549068,-12,-27,-18,1,-2,-2,0,7
3573,3573,1503958549069,-8,-6,16,-6,5,-3,-2,15
3574,3574,1503958549083,-57,-20,7,7,9,-2,-3,29
3575,3575,1503958549091,-2,-20,-21,5,-3,-5,0,2
3576,3576,1503958549106,5,11,14,3,13,1,-3,-14
3577,3577,1503958549113,3,7,-1,-9,-10,-3,-3,0
3578,3578,1503958549121,16,6,1,-8,-16,-6,0,-3
3579,3579,1503958549135,-1,7,4,1,23,0,-2,-24
3580,3580,1503958549143,-9,6,6,-5,-11,2,-6,-12
3581,3581,1503958549150,-27,-7,-3,-7,-26,-6,-9,12
3582,3582,1503958549166,7,25,22,-1,-1,1,-20,6
3583,3583,1503958549173,8,2,-1,5,8,6,8,-4
3584,3584,1503958549181,8,-3,-6,5,-4,-1,8,14
3585,3585,1503958549196,4,1,2,-4,-2,-5,-5,7
3586,3586,1503958549204,1,24,0,7,6,-2,8,-1
3587,3587,1503958549210,11,-10,-2,2,1,-2,5,27
3588,3588,1503958549226,14,1,-9,-20,-1,5,2,-9
3589,3589,1503958549233,-50,1,10,23,7,1,6,-25
3590,3590,1503958549241,-1,-16,-9,-2,16,2,3,5
3591,3591,1503958549256,11,2,17,1,-3,-4,-3,16
3592,3592,1503958549264,-1,-4,-11,12,10,-1,12,5
3593,3593,1503958549270,5,-1,3,-14,-6,-8,-12,-12
3594,3594,1503958549271,-4,0,16,-10,6,1,-9,-25
3595,3595,1503958549288,28,-4,4,-11,-7,-3,-5,-24
3596,3596,1503958549293,-12,-15,-5,-4,14,2,3,3
3597,3597,1503958549294,18,26,10,-19,-13,-6,-10,-29
3598,3598,1503958549301,-20,-22,11,-2,-9,0,-2,5
3599,3599,1503958549316,6,-8,-15,-19,-11,-7,-10,-12
3600,3600,1503958549325,13,4,5,-3,-1,0,-2,-13
3601,3601,1503958549331,10,3,-1,7,27,6,-1,0
3602,3602,1503958549346,4,-9,-16,-6,26,5,6,16
3603,3603,1503958549354,0,-5,4,-4,0,1,5,-17
3604,3604,1503958549361,-1,-13,10,-31,-14,0,-2,-2
3605,3605,1503958549382,-11,-12,18,9,0,-1,4,9
3606,3606,1503958549384,-3,15,6,2,-10,-7,-14,-1
3607,3607,1503958549396,14,15,-12,-5,-15,1,-3,4
3608,3608,1503958549406,-10,2,1,1,7,1,0,2
3609,3609,1503958549413,-10,-6,-6,0,-14,2,8,28
3610,3610,1503958549425,-2,6,-2,13,-3,-3,-5,18
3611,3611,1503958549436,9,5,-13,2,-1,-2,-24,-14
3612,3612,1503958549443,-10,-39,-41,-2,-4,2,3,2
3613,3613,1503958549450,16,65,96,8,3,-2,-8,-3
3614,3614,1503958549451,-21,-25,-13,-12,-6,-5,-4,-16
3615,3615,1503958549466,-14,-14,-10,14,9,-4,2,3
3616,3616,1503958549473,13,9,-11,-13,-33,18,3,9
3617,3617,1503958549481,-2,12,8,-10,-22,0,7,-11
3618,3618,1503958549496,2,5,10,11,13,-7,-3,14
3619,3619,1503958549504,-7,6,23,1,3,-2,-6,-31
3620,3620,1503958549510,-5,-14,-3,-3,4,-4,3,-5
3621,3621,1503958549526,6,4,22,11,7,2,8,-7
3622,3622,1503958549533,2,-1,-18,15,8,0,7,10
3623,3623,1503958549542,-6,3,4,-6,-7,-5,-24,-5
3624,3624,1503958549558,1,-8,-12,7,-2,-5,10,36
3625,3625,1503958549564,6,-1,2,-10,-7,-3,-2,-35
3626,3626,1503958549571,5,-1,12,1,9,-1,2,-11
3627,3627,1503958549586,-23,7,21,9,2,0,3,15
3628,3628,1503958549594,-13,-3,16,-3,2,0,-5,-34
3629,3629,1503958549601,6,0,-20,11,35,1,-3,9
3630,3630,1503958549615,0,6,7,-19,-12,4,0,14
3631,3631,1503958549625,1,3,-24,15,-2,7,-7,13
3632,3632,1503958549631,5,3,-5,-2,-5,3,4,3
3633,3633,1503958549645,3,8,6,-5,6,1,11,7
3634,3634,1503958549653,-7,-5,2,-1,-2,-5,-9,-14
3635,3635,1503958549661,-1,35,21,10,-12,-2,8,0
3636,3636,1503958549676,-11,-6,17,-3,6,-5,2,-27
3637,3637,1503958549683,9,2,-15,-16,-17,-6,-7,3
3638,3638,1503958549692,-7,20,-4,4,1,-4,-1,16
3639,3639,1503958549705,9,-6,-1,-11,-13,-2,-1,3
3640,3640,1503958549713,5,-47,-13,-22,-3,3,3,-5
3641,3641,1503958549721,19,-9,14,9,2,1,-7,15
3642,3642,1503958549736,-3,-6,-5,3,6,-2,7,6
3643,3643,1503958549743,14,-14,-7,0,-4,-1,26,20
3644,3644,1503958549750,-3,-6,-1,12,-3,-4,-7,-4
3645,3645,1503958549766,6,5,-10,-6,-13,-4,1,-2
3646,3646,1503958549774,4,26,-6,1,-16,-3,4,-1
3647,3647,1503958549781,-8,-11,2,-9,-3,0,-4,-7
3648,3648,1503958549796,-5,-14,5,4,9,0,-5,-6
3649,3649,1503958549803,-19,-10,-8,-4,-9,0,-2,-6
3650,3650,1503958549810,2,6,-2,12,7,-5,2,20
3651,3651,1503958549826,6,-2,0,-5,6,-2,-23,4
3652,3652,1503958549834,-10,10,8,-2,6,-3,-5,2
3653,3653,1503958549842,-14,1,-1,0,1,-2,1,0
3654,3654,1503958549855,-2,5,-2,0,-2,-1,5,5
3655,3655,1503958549864,3,15,-4,12,3,2,5,2
3656,3656,1503958549870,32,12,-1,-6,1,3,1,-16
3657,3657,1503958549885,15,2,-4,-4,0,-4,7,5
3658,3658,1503958549893,-3,2,27,-11,1,-2,-8,-3
3659,3659,1503958549901,9,-6,2,-10,-4,2,5,3
3660,3660,1503958549915,8,1,1,-6,-4,4,11,4
3661,3661,1503958549926,-24,-5,7,-8,0,2,7,-14
3662,3662,1503958549930,-2,5,-6,1,-1,0,-3,4
3663,3663,1503958549946,2,1,-5,-2,1,0,1,17
3664,3664,1503958549953,12,5,9,-9,-3,-4,-9,-24
3665,3665,1503958549962,18,3,8,-11,2,0,-6,-13
3666,3666,1503958549975,-5,-9,-21,13,0,1,8,5
3667,3667,1503958549983,-2,10,8,7,6,1,-3,-5
3668,3668,1503958549992,-6,-11,-7,1,2,1,0,6
3669,3669,1503958550006,5,-2,-1,9,5,9,2,-19
3670,3670,1503958550013,-13,0,2,-1,5,6,-2,3
3671,3671,1503958550021,4,-8,-4,-6,-5,-4,2,-4
3672,3672,1503958550036,3,0,6,-2,1,2,3,9
3673,3673,1503958550044,-5,2,6,-10,0,-2,-6,-29
3674,3674,1503958550061,-18,2,-13,10,-6,-5,-13,-12
3675,3675,1503958550066,-5,3,11,-4,1,-5,-18,-23
3676,3676,1503958550075,4,2,2,-7,0,-3,-3,-3
3677,3677,1503958550088,-29,-18,-18,9,-5,-1,8,-4
3678,3678,1503958550096,-33,-9,-4,-2,-4,-5,-1,-2
3679,3679,1503958550104,-7,-2,-8,3,-1,3,6,23
3680,3680,1503958550117,7,7,18,-11,2,-1,-4,-14
3681,3681,1503958550128,23,-2,-5,0,8,2,-7,6
3682,3682,1503958550133,31,2,7,-6,2,0,-2,9
3683,3683,1503958550148,-9,2,15,-20,-17,-4,-1,-12
3684,3684,1503958550155,-8,-1,4,-15,-9,-3,4,-5
3685,3685,1503958550164,1,-3,-8,0,-1,-2,2,19
3686,3686,1503958550177,-13,-7,0,13,-2,1,3,-2
3687,3687,1503958550186,-7,-1,-22,4,0,-2,-1,-4
3688,3688,1503958550195,10,6,-8,3,0,-2,-6,6
3689,3689,1503958550208,-1,0,-8,4,-8,-2,-2,-14
3690,3690,1503958550222,13,3,-4,-5,-1,-1,-1,12
3691,3691,1503958550224,-4,2,3,7,-1,1,2,1
3692,3692,1503958550238,-3,-1,5,-5,-2,2,12,0
3693,3693,1503958550246,5,-4,0,4,2,0,10,7
3694,3694,1503958550253,-1,-5,-11,1,2,2,0,3
3695,3695,1503958550268,-8,3,-3,4,2,-2,0,5
3696,3696,1503958550276,0,-6,-10,-1,-3,-4,-5,-7
3697,3697,1503958550284,-5,3,4,-1,4,-3,-5,-8
3698,3698,1503958550297,1,9,-1,-11,-8,0,-1,-1
3699,3699,1503958550298,-1,-2,5,3,3,0,-1,-5
3700,3700,1503958550305,0,-1,5,2,1,1,0,10
3701,3701,1503958550314,8,4,0,2,7,1,-1,-3
3702,3702,1503958550329,-15,-4,-5,5,2,1,1,-12
3703,3703,1503958550337,0,-10,0,-11,-5,-1,-4,-3
3704,3704,1503958550344,0,-7,-5,-7,-4,-3,-3,-1
3705,3705,1503958550357,2,4,-6,4,-2,-1,0,0
3706,3706,1503958550366,12,-1,12,-2,0,-1,-4,5
3707,3707,1503958550373,-4,2,-9,0,-2,0,1,3
3708,3708,1503958550389,-10,0,0,-4,2,-1,-5,-10
3709,3709,1503958550397,-2,-3,0,-9,-1,-2,-8,-5
3710,3710,1503958550404,2,5,-4,-1,-5,-1,-1,5
3711,3711,1503958550417,-10,-15,0,2,0,-3,-1,2
3712,3712,1503958550426,2,-16,-1,0,9,-1,0,5
3713,3713,1503958550434,0,-2,-11,-12,-10,-4,-2,0
3714,3714,1503958550448,8,17,21,-13,1,0,-2,7
3715,3715,1503958550455,-4,0,4,10,2,0,2,0
3716,3716,1503958550468,-6,2,-12,3,-5,-4,-1,0
3717,3717,1503958550477,5,10,3,-7,-7,0,-1,6
3718,3718,1503958550486,-10,-2,-3,2,-1,0,-2,1
3719,3719,1503958550498,0,6,9,3,1,-2,0,-1
3720,3720,1503958550508,3,-11,-3,0,-11,-1,-3,7
3721,3721,1503958550515,-8,-9,5,9,2,2,-2,-3
4514,4514,1503958558375,1,12,15,0,3,3,-1,0
4515,4515,1503958558390,-7,-3,-1,-1,-4,-2,-2,-1
4516,4516,1503958558398,6,-2,-6,-2,-3,-2,-2,0
4517,4517,1503958558406,-1,2,8,-2,11,5,7,7
4518,4518,1503958558412,2,-1,-11,-3,-27,-4,-1,-9
4519,4519,1503958558428,-7,-5,1,-9,5,-2,-5,23
4520,4520,1503958558435,-19,-4,-3,0,0,0,3,0
4521,4521,1503958558456,11,-21,-7,-3,-8,-2,1,1
4522,4522,1503958558458,2,-15,-7,4,-1,-3,-4,4
4523,4523,1503958558466,3,6,6,0,3,3,-2,-5
4524,4524,1503958558480,2,7,-1,0,7,3,0,-2
4525,4525,1503958558489,-3,1,-6,2,-4,-2,-4,-15
4526,4526,1503958558495,-12,5,6,-4,7,2,0,-5
4527,4527,1503958558510,0,4,-4,-3,-9,-6,-11,-11
4528,4528,1503958558519,-31,-2,-3,2,0,-1,3,-21
4529,4529,1503958558526,-7,-7,-5,5,-3,3,3,-18
4530,4530,1503958558542,11,-1,2,0,2,-2,-1,15
4531,4531,1503958558548,0,14,2,-2,-6,-5,-2,-1
4532,4532,1503958558555,5,-2,1,0,6,-2,-3,1
4533,4533,1503958558570,4,-3,-1,2,0,2,1,10
4534,4534,1503958558578,10,14,5,1,-4,-2,-2,-3
4535,4535,1503958558588,4,7,13,-6,5,2,-2,-2
4536,4536,1503958558600,9,21,5,3,1,2,3,1
4537,4537,1503958558608,-13,-9,-6,-1,-4,-1,3,-3
4538,4538,1503958558615,9,-7,-2,-5,-6,-3,-12,-19
4539,4539,1503958558630,5,4,0,0,-1,-3,4,7
4540,4540,1503958558638,7,-11,-5,-7,1,-1,7,7
4541,4541,1503958558646,-10,-17,0,10,1,1,2,2
4542,4542,1503958558660,-5,-20,8,6,1,0,-3,-2
4543,4543,1503958558668,-1,-9,-8,-1,2,0,5,3
4544,4544,1503958558675,-11,-10,-13,-3,-1,0,0,-13
4545,4545,1503958558690,11,2,-5,2,-6,-5,-8,5
4546,4546,1503958558698,3,-10,4,4,1,2,0,8
4547,4547,1503958558706,1,5,-2,-19,-11,-4,0,-9
4548,4548,1503958558720,5,-2,-1,-2,5,2,-5,-9
4549,4549,1503958558721,1,-1,-8,0,-7,1,7,0
4550,4550,1503958558729,-11,-2,4,1,-3,-11,-3,-5
4551,4551,1503958558735,9,1,0,-7,-1,-6,-7,4
4552,4552,1503958558750,-8,2,0,-7,6,1,-7,-7
4553,4553,1503958558758,7,5,1,-2,0,-2,-3,3
4554,4554,1503958558766,-7,-18,1,-6,0,1,2,3
4555,4555,1503958558780,-2,10,-1,0,-1,2,-3,3
4556,4556,1503958558788,-2,6,14,2,3,5,-1,-3
4557,4557,1503958558796,0,4,-4,-7,4,-1,2,1
4558,4558,1503958558810,6,1,-2,1,-8,0,-2,-4
4559,4559,1503958558818,-5,-4,7,-2,4,-1,2,-1
4560,4560,1503958558825,3,-1,-4,1,4,0,7,5
4561,4561,1503958558840,-15,0,-3,1,4,4,4,-12
4562,4562,1503958558849,14,7,-4,-1,-1,5,0,-12
4563,4563,1503958558855,2,11,5,6,-4,-1,-2,-1
4564,4564,1503958558870,-6,-11,3,5,1,-2,-1,2
4565,4565,1503958558877,4,-9,-6,-17,-20,-3,2,5
4566,4566,1503958558888,2,9,0,4,3,1,-2,1
4567,4567,1503958558900,-8,-8,-5,2,1,-4,-1,-1
4568,4568,1503958558908,1,8,-1,1,-7,-2,-4,6
4569,4569,1503958558915,-3,-2,1,1,6,-1,-4,-2
4570,4570,1503958558930,20,9,7,-7,1,-1,2,6
4571,4571,1503958558938,8,1,-3,-1,0,-3,-3,6
4572,4572,1503958558946,-5,3,2,-8,2,0,0,1
4573,4573,1503958558960,-12,9,1,9,1,5,5,-10
4574,4574,1503958558968,2,-6,7,-2,1,-4,-3,0
4575,4575,1503958558975,1,0,4,-7,-19,2,4,1
4576,4576,1503958558994,-8,0,-2,1,-4,-2,-2,-15
4577,4577,1503958558998,-3,-7,0,3,9,-4,-7,7
4578,4578,1503958559006,-8,2,-11,3,-9,-2,-1,-4
4579,4579,1503958559024,5,8,5,-4,3,-2,0,1
4580,4580,1503958559028,-6,-5,-2,2,3,0,0,0
4581,4581,1503958559035,-3,-2,-1,0,0,-3,-6,-1
4582,4582,1503958559050,3,0,-6,0,-3,1,-1,-5
4583,4583,1503958559058,-3,-6,-1,-6,1,1,-1,-19
4584,4584,1503958559066,-5,-3,-15,5,-3,-3,-1,-11
4585,4585,1503958559080,9,5,4,-5,6,0,2,8
4586,4586,1503958559095,4,1,-7,-7,-1,1,3,8
4587,4587,1503958559096,-11,-4,-3,3,0,-1,-5,-4
4588,4588,1503958559110,-5,-2,2,-4,0,-2,8,12
4589,4589,1503958559118,9,-1,4,0,1,-2,-1,4
4590,4590,1503958559128,-7,14,12,-2,2,1,-2,5
4591,4591,1503958559148,-13,-1,8,-9,3,2,-12,-15
4592,4592,1503958559157,6,0,1,-10,0,1,-7,1
4593,4593,1503958559170,-1,-4,-6,5,-2,-1,2,-1
4594,4594,1503958559177,-2,-2,0,-6,-2,-3,1,-1
4595,4595,1503958559185,1,25,7,3,-3,-1,-1,-5
4596,4596,1503958559200,-10,11,-2,5,-1,-3,0,5
4597,4597,1503958559208,9,-3,-2,-4,-2,-2,0,-5
4598,4598,1503958559215,-7,-10,4,-7,-2,1,1,-16
4599,4599,1503958559230,13,-6,3,-5,0,-1,-2,-10
4600,4600,1503958559238,30,-2,4,-7,2,3,0,-1
4601,4601,1503958559245,2,-17,-2,3,-1,-1,5,13
4602,4602,1503958559261,-14,-5,-13,9,-2,0,4,-6
4603,4603,1503958559268,-9,-13,-3,1,0,-1,-2,1
4604,4604,1503958559275,-13,-3,1,3,0,2,4,0
4605,4605,1503958559291,-2,-6,-9,1,2,-1,5,1
4606,4606,1503958559298,12,0,-5,-7,-6,-3,-2,3
4607,4607,1503958559305,4,11,4,-4,1,1,6,13
4608,4608,1503958559320,0,-5,2,6,-1,-3,-4,-1
4609,4609,1503958559335,-1,2,-4,-3,-3,-2,-5,2
4610,4610,1503958559336,-11,2,-2,2,-3,-3,-1,-12
4611,4611,1503958559351,6,-4,4,-3,2,2,2,-4
4612,4612,1503958559358,6,-1,0,-1,6,2,4,1
4613,4613,1503958559373,-2,5,3,-6,-9,-4,-5,-6
4614,4614,1503958559380,1,0,-3,1,-3,-1,-1,5
4615,4615,1503958559388,5,-3,-4,-1,1,1,-13,3
4616,4616,1503958559403,-2,-2,0,-1,4,2,1,1
4617,4617,1503958559410,-7,-2,4,3,4,1,3,-3
4618,4618,1503958559418,-16,4,-6,5,0,-1,0,-5
4619,4619,1503958559433,0,-1,0,-2,0,-1,1,0
4620,4620,1503958559440,5,3,2,0,-9,-3,-3,1
4621,4621,1503958559448,1,0,8,-1,-7,-3,-4,-8
4622,4622,1503958559462,-1,-11,0,-12,-7,0,5,-1
4623,4623,1503958559470,-3,-2,6,-6,3,-2,-2,7
4624,4624,1503958559478,0,4,-5,4,-2,-2,1,-3
4625,4625,1503958559494,-1,-11,-5,-1,1,-1,2,6
4626,4626,1503958559501,-9,-12,2,2,5,0,-3,2
4627,4627,1503958559508,-4,0,-8,5,-5,0,3,0
4628,4628,1503958559522,6,4,-1,-5,-7,-3,0,4
4629,4629,1503958559530,1,-4,2,0,6,1,4,-6
4630,4630,1503958559538,-13,-4,6,-7,2,-2,-4,12
4631,4631,1503958559553,-10,18,11,-2,-4,-3,-4,-3
4632,4632,1503958559561,-3,-16,-6,0,3,4,3,1
4633,4633,1503958559568,-1,-7,-4,-5,0,-3,-4,0
4634,4634,1503958559582,1,-11,5,-4,-2,-3,-3,-9
4635,4635,1503958559590,-1,6,2,7,3,2,-2,-1
4636,4636,1503958559599,5,5,-10,1,-2,-1,-2,-4
4637,4637,1503958559613,3,-1,-3,-10,-7,0,0,1
4638,4638,1503958559620,-5,-7,-5,1,12,-2,-1,-12
4639,4639,1503958559630,-3,0,1,5,-1,-1,0,0
4640,4640,1503958559642,3,-4,-2,3,-2,0,4,4
4641,4641,1503958559650,3,-10,-1,-2,0,0,-3,-7
4642,4642,1503958559658,1,11,-6,11,0,-3,-8,3
4643,4643,1503958559673,-8,-4,-3,0,6,1,1,2
4644,4644,1503958559680,8,7,3,-1,-2,1,-4,4
4645,4645,1503958559688,2,-3,-6,-5,-2,-2,0,-2
4646,4646,1503958559703,-7,6,11,-3,-5,-1,0,-4
4647,4647,1503958559711,-9,3,3,-13,-6,-2,-3,0
4648,4648,1503958559717,-1,-2,-5,-2,3,-1,-2,-18
4649,4649,1503958559733,-7,-8,0,1,1,-2,-2,-4
4650,4650,1503958559740,2,-12,-5,-6,-4,-1,-2,2
4651,4651,1503958559748,2,0,7,-5,2,1,-5,-2
4652,4652,1503958559763,4,2,20,0,3,-1,4,5
4653,4653,1503958559771,-3,6,-1,4,1,-1,-2,-6
4654,4654,1503958559778,2,6,0,-5,-5,-3,0,-3
4655,4655,1503958559795,1,5,-4,3,-2,-1,3,4
4656,4656,1503958559800,-1,6,2,-1,-1,1,0,5
4657,4657,1503958559808,-5,2,-1,1,-2,-1,0,-1
4658,4658,1503958559822,-4,-3,-2,-3,-3,-3,-2,-2
4659,4659,1503958559830,-3,-2,-3,4,0,-1,-15,-3
4660,4660,1503958559838,0,4,0,-2,1,0,1,0
4661,4661,1503958559852,4,-3,-2,-3,-3,-2,2,-13
4662,4662,1503958559862,-6,4,-1,-1,-2,0,-3,-2
4663,4663,1503958559869,4,-2,-11,9,-3,0,-2,-9
4664,4664,1503958559882,9,5,-12,8,-4,-2,4,-3
4665,4665,1503958559890,11,-2,1,-7,-2,-3,1,5
4666,4666,1503958559898,-12,-13,-15,5,-1,-1,1,-5
4667,4667,1503958559912,20,8,11,-13,3,1,0,3
4668,4668,1503958559920,8,17,3,4,-1,-1,-1,-4
4669,4669,1503958559930,-11,2,1,2,1,0,4,1
4670,4670,1503958559942,-3,5,12,-15,2,2,-3,17
4671,4671,1503958559950,-10,-3,-9,2,-8,-3,0,4
4672,4672,1503958559957,-12,-14,-4,-4,1,-1,-2,-5
4673,4673,1503958559973,-1,6,8,2,0,1,3,12
4674,4674,1503958559980,-5,17,11,4,-3,1,0,-14
4675,4675,1503958559988,-4,-5,-7,-2,-2,-3,-3,6
4676,4676,1503958560002,4,-3,-6,1,-2,-3,0,0
4677,4677,1503958560011,-9,-10,12,-7,1,0,4,1
4678,4678,1503958560018,1,-11,-8,-3,-2,0,-3,4
4679,4679,1503958560033,1,0,-2,1,3,0,0,-5
4680,4680,1503958560040,2,-9,-2,-3,1,0,0,-5
4681,4681,1503958560048,3,4,3,5,-1,2,1,-1
5551,5551,1503958568560,-3,-1,-6,-3,-1,-1,1,8
5552,5552,1503958568575,4,-1,-11,6,-7,0,-2,4
5553,5553,1503958568582,-2,-5,1,-3,2,0,-2,-8
5554,5554,1503958568593,-5,5,-8,4,-3,-1,3,-4
5555,5555,1503958568605,1,0,-5,3,6,-1,4,3
5556,5556,1503958568613,-1,5,-13,-3,-2,-1,0,-6
5557,5557,1503958568619,8,-8,-3,-4,-3,-1,3,12
5558,5558,1503958568635,-4,-3,8,-2,2,-1,-3,0
5559,5559,1503958568643,5,-3,-1,-2,2,0,3,6
5560,5560,1503958568650,1,3,3,4,3,0,-1,-10
5561,5561,1503958568665,6,-3,-7,-8,-14,0,-2,-2
5562,5562,1503958568673,-1,1,-2,0,-5,-1,-3,-4
5563,5563,1503958568679,-1,3,0,2,-2,-1,-3,-8
5564,5564,1503958568695,1,-5,-6,5,-1,0,1,3
5565,5565,1503958568702,-6,0,10,-6,3,-1,-2,-19
5566,5566,1503958568717,-1,9,0,-3,0,-2,-4,-2
5567,5567,1503958568725,-5,-8,-4,3,2,0,-3,-5
5568,5568,1503958568733,3,-9,-4,-3,-1,0,3,6
5569,5569,1503958568747,-3,-2,-3,2,-1,0,0,-4
5570,5570,1503958568757,-8,4,9,-2,2,0,-2,-16
5571,5571,1503958568762,-4,1,8,-1,4,-1,5,0
5572,5572,1503958568777,0,-10,-2,-7,-4,-1,-1,-1
5573,5573,1503958568785,-4,31,8,5,1,1,2,-3
5574,5574,1503958568797,3,0,14,-13,-1,-1,-8,-3
5575,5575,1503958568815,3,-1,-3,-3,0,0,-1,5
5576,5576,1503958568816,5,15,9,-1,-2,0,1,4
5577,5577,1503958568825,5,-3,-3,1,5,-2,-3,2
5578,5578,1503958568838,6,0,2,-6,-2,-2,-2,3
5579,5579,1503958568845,-6,-5,6,11,7,2,-2,-4
5580,5580,1503958568853,1,4,-4,-9,13,0,-2,-14
5581,5581,1503958568867,0,-2,-6,1,-5,2,1,4
5582,5582,1503958568875,-7,-11,1,5,0,0,-1,-8
5583,5583,1503958568882,0,-1,3,-9,2,-1,-2,-2
5584,5584,1503958568897,-3,-14,-18,-7,-4,2,1,4
5585,5585,1503958568905,-4,-12,3,-5,-11,-1,1,3
5586,5586,1503958568913,11,0,4,-11,-14,0,0,-1
5587,5587,1503958568928,-2,2,-4,-1,-1,0,6,5
5588,5588,1503958568935,-7,-8,-8,7,-4,-1,3,6
5589,5589,1503958568943,-2,-1,4,-4,1,-1,-1,-4
5590,5590,1503958568960,-5,4,10,2,4,-1,-4,4
5591,5591,1503958568965,-3,2,1,8,2,-1,1,0
5592,5592,1503958568973,-1,-1,2,0,-4,-3,-1,-5
5593,5593,1503958568992,1,16,2,1,-3,-1,-2,-3
5594,5594,1503958568996,-1,0,-2,4,0,-2,0,1
5595,5595,1503958569002,5,-4,-5,-6,-3,-3,-6,1
5596,5596,1503958569017,-2,3,-2,3,-14,-3,1,0
5597,5597,1503958569027,-10,-5,-9,-5,0,-2,-7,-8
5598,5598,1503958569034,0,-4,0,0,9,0,1,5
5599,5599,1503958569047,-1,-7,3,-10,-1,-1,-1,-5
5600,5600,1503958569059,1,-7,0,0,2,1,-3,-1
5601,5601,1503958569062,-3,12,4,3,1,0,-2,4
5602,5602,1503958569063,1,-7,2,0,5,-2,-1,-2
5603,5603,1503958569077,-5,-4,-5,0,0,0,1,-2
5604,5604,1503958569085,2,-10,-14,3,-5,-3,1,1
5605,5605,1503958569095,-4,18,-1,3,-2,0,0,-3
5606,5606,1503958569107,-5,4,2,0,-3,0,-4,-7
5607,5607,1503958569122,-2,-6,-9,-2,1,-4,-4,2
5608,5608,1503958569123,5,0,-9,5,-6,-1,1,4
5609,5609,1503958569137,-1,-5,-2,-1,3,-2,-2,5
5610,5610,1503958569145,1,8,5,-2,-9,1,-1,1
5611,5611,1503958569153,-6,-4,6,4,4,-2,0,7
5612,5612,1503958569168,-3,-7,-4,-3,4,2,1,2
5613,5613,1503958569175,-3,4,0,-3,-3,-2,-1,-2
5614,5614,1503958569182,-2,6,5,-2,6,1,-1,-2
5615,5615,1503958569197,2,-4,-4,1,0,1,-3,-5
5616,5616,1503958569205,2,20,5,-2,5,1,1,-3
5617,5617,1503958569213,1,3,7,-5,-2,1,-3,1
5618,5618,1503958569228,3,-2,1,-3,-4,-2,-1,4
5619,5619,1503958569236,3,3,0,0,0,1,2,5
5620,5620,1503958569242,0,-8,-4,1,1,-1,4,-12
5621,5621,1503958569257,-8,-6,-3,-1,-2,-2,1,-4
5622,5622,1503958569265,3,-5,-1,-5,4,-2,0,4
5623,5623,1503958569273,0,8,11,-6,-1,-1,-4,-7
5624,5624,1503958569288,4,-13,-7,-6,-3,-1,-4,7
5625,5625,1503958569297,0,-32,-1,-7,-4,0,0,4
5626,5626,1503958569303,0,36,-10,1,-8,-5,-9,-6
5627,5627,1503958569317,-1,3,5,-4,-1,-1,-2,-7
5628,5628,1503958569325,-3,-16,5,5,2,-3,1,-3
5629,5629,1503958569334,-3,-6,-3,6,-3,-1,-1,2
5630,5630,1503958569347,-5,-9,0,-1,6,0,-2,0
5631,5631,1503958569355,1,-3,-3,-2,-1,1,-3,0
5632,5632,1503958569356,2,3,-1,2,1,-4,0,9
5633,5633,1503958569364,4,-27,3,-1,-1,1,1,6
5634,5634,1503958569377,-2,8,6,2,0,-2,0,-7
5635,5635,1503958569385,-3,2,-3,-5,-17,-2,0,-1
5636,5636,1503958569396,0,-4,-18,4,-6,2,6,6
5637,5637,1503958569407,-8,-2,2,5,4,0,11,-5
5638,5638,1503958569415,2,11,-4,-5,-5,1,7,-1
5639,5639,1503958569422,0,4,-1,-1,-2,0,-2,-2
5640,5640,1503958569438,2,3,-3,1,4,0,-2,1
5641,5641,1503958569445,4,21,6,-5,6,0,-4,2
5642,5642,1503958569453,-5,-14,1,-1,-3,-1,-4,3
5643,5643,1503958569467,-6,-3,-5,1,0,1,-2,8
5644,5644,1503958569475,-2,5,-4,-1,1,-2,3,0
5645,5645,1503958569482,-10,-2,-3,1,3,0,-3,-16
5646,5646,1503958569497,0,11,9,-4,0,-2,-5,-7
5647,5647,1503958569505,6,2,8,-6,1,0,-3,1
5648,5648,1503958569513,1,-10,-5,-1,-1,-1,-1,-5
5649,5649,1503958569530,-13,-8,-4,4,-1,-2,-2,-7
5650,5650,1503958569535,2,-9,-2,-4,2,-2,1,-2
5651,5651,1503958569542,-2,-5,-9,1,-5,0,2,18
5652,5652,1503958569558,-11,-1,-6,11,-1,-1,-5,-35
5653,5653,1503958569565,4,-7,1,-6,-2,-2,-1,1
5654,5654,1503958569580,1,8,10,-10,0,2,1,6
5655,5655,1503958569587,3,3,1,-1,-1,2,0,-5
5656,5656,1503958569598,2,0,8,-6,1,-2,-7,2
5657,5657,1503958569602,1,-8,1,-3,1,-4,-5,12
5658,5658,1503958569617,0,-7,2,0,1,0,-4,3
5659,5659,1503958569625,-5,-6,2,0,3,0,-2,0
5660,5660,1503958569640,8,1,0,-3,-2,0,-1,0
5661,5661,1503958569647,1,-3,-1,-1,-1,0,1,-4
5662,5662,1503958569656,-1,5,3,13,10,0,-8,3
5663,5663,1503958569672,6,5,4,-2,-9,-2,-1,5
5664,5664,1503958569677,-3,2,6,-8,-2,-1,1,1
5665,5665,1503958569685,-2,2,-1,-1,2,0,1,-5
5666,5666,1503958569700,3,5,3,-1,-3,-2,3,2
5667,5667,1503958569707,3,0,9,-4,-1,0,-1,-2
5668,5668,1503958569715,-7,-6,-14,-9,1,-2,2,2
5669,5669,1503958569735,-1,1,3,2,11,-2,-3,-5
5670,5670,1503958569737,-4,1,-3,3,-2,-2,2,4
5671,5671,1503958569745,-6,-2,-4,5,1,0,1,-6
5672,5672,1503958569760,3,-5,-1,-3,-5,-1,-1,-6
5673,5673,1503958569767,2,-1,-2,-2,-5,-2,-1,-1
5674,5674,1503958569775,1,-1,-1,-1,-3,-1,-4,-2
5675,5675,1503958569789,0,-1,0,-1,-2,1,-3,-1
5676,5676,1503958569798,-5,-1,-2,3,1,1,-1,-4
5677,5677,1503958569805,-1,2,-2,-6,-6,0,3,-3
5678,5678,1503958569820,0,-1,4,-1,-2,0,-4,-1
5679,5679,1503958569827,4,1,-2,-1,-1,0,-1,0
5680,5680,1503958569835,0,-1,0,1,11,1,4,-1
5681,5681,1503958569849,12,9,8,5,4,0,-2,-12
5682,5682,1503958569857,6,-8,-5,-8,-10,-2,8,2
5683,5683,1503958569865,-4,-10,0,2,-3,-3,-3,2
5684,5684,1503958569880,-3,2,3,2,0,1,0,-4
5685,5685,1503958569887,-1,5,3,-2,-1,-1,0,-2
5686,5686,1503958569895,-1,3,-4,-2,-3,-1,-1,1
5687,5687,1503958569909,-5,-1,-6,-7,-4,-1,-1,0
5688,5688,1503958569917,0,1,-1,1,-6,-3,-2,1
5689,5689,1503958569925,0,-2,2,-5,1,0,-1,1
5690,5690,1503958569940,0,2,-10,2,-4,-4,-1,8
5691,5691,1503958569941,-2,4,16,-4,-1,-1,-5,-6
5692,5692,1503958569947,-8,-8,-2,2,1,-1,-4,7
5693,5693,1503958569955,6,1,-2,2,-6,-2,-2,0
5694,5694,1503958569969,1,1,-3,2,-6,-1,1,-6
5695,5695,1503958569977,-7,1,-1,-7,4,-1,-4,-3
5696,5696,1503958569985,-3,-6,-2,2,-3,0,1,1
5697,5697,1503958570000,0,30,-1,2,-1,-1,4,0
5698,5698,1503958570007,0,-15,-5,-6,0,-3,0,-2
5699,5699,1503958570015,-7,-2,-9,7,1,-1,2,2
5700,5700,1503958570029,1,6,23,-13,8,0,-9,-10
5701,5701,1503958570037,-6,-5,-1,-3,-2,0,-1,-1
5702,5702,1503958570045,-6,1,-6,-1,-3,-2,-5,0
5703,5703,1503958570060,4,-2,9,-10,0,4,0,7
5704,5704,1503958570067,1,-8,-1,1,-2,-1,1,4
6694,6694,1503958579735,6,-5,-16,7,10,-3,3,8
6695,6695,1503958579742,-19,-16,-4,-3,-4,2,3,-9
6696,6696,1503958579749,5,-5,-12,-3,-7,-1,-1,-32
6697,6697,1503958579764,-1,9,-3,-1,0,-1,4,12
6698,6698,1503958579767,18,5,13,-3,-22,-1,-5,12
6699,6699,1503958579772,3,-13,-5,2,9,-8,-14,7
6700,6700,1503958579779,-10,4,-10,5,7,3,-7,-2
6701,6701,1503958579794,4,7,-1,-9,-1,3,0,8
6702,6702,1503958579812,-5,6,0,7,4,-1,1,4
6703,6703,1503958579825,2,-2,-2,7,4,1,-1,-2
6704,6704,1503958579834,0,9,13,-2,0,2,3,-4
6705,6705,1503958579840,3,-6,3,-5,-1,0,3,-6
6706,6706,1503958579854,8,-6,-7,0,16,7,6,4
6707,6707,1503958579862,3,2,-12,18,6,14,-1,3
6708,6708,1503958579869,-2,-9,-2,-5,5,0,4,6
6709,6709,1503958579884,4,-4,9,-21,-1,-3,-7,1
6710,6710,1503958579892,15,2,6,-1,0,0,-1,8
6711,6711,1503958579907,-10,-5,-7,2,5,-1,8,7
6712,6712,1503958579914,-29,2,-5,5,1,-3,-2,-18
6713,6713,1503958579922,-2,-7,-9,-1,-8,-5,-3,-16
6714,6714,1503958579936,3,-8,0,-6,-6,-1,-1,8
6715,6715,1503958579944,-2,8,5,-6,10,0,-1,9
6716,6716,1503958579951,-5,3,4,3,-4,-2,-4,-11
6717,6717,1503958579968,7,23,14,6,-1,-3,-5,4
6718,6718,1503958579974,4,1,2,-4,4,-3,-1,-8
6719,6719,1503958579982,-4,-16,-22,7,-7,-3,-13,-4
6720,6720,1503958579996,14,-10,-6,-9,-15,-4,5,9
6721,6721,1503958580004,-3,-1,-1,-9,-12,-5,4,-4
6722,6722,1503958580012,-4,-4,-1,-3,0,-5,-2,2
6723,6723,1503958580026,-1,0,2,5,1,5,5,4
6724,6724,1503958580036,-3,6,-3,2,9,6,4,4
6725,6725,1503958580042,7,-2,6,-18,20,3,3,-3
6726,6726,1503958580056,-2,-6,1,-3,-2,2,-3,-4
6727,6727,1503958580064,7,16,1,0,0,0,4,0
6728,6728,1503958580074,-15,-8,2,-4,0,0,1,-7
6729,6729,1503958580086,-13,-16,-6,-2,8,1,7,2
6730,6730,1503958580094,-2,-1,1,-2,-4,-5,1,-2
6731,6731,1503958580103,0,-3,1,2,-4,-2,-1,1
6732,6732,1503958580116,3,-2,-7,3,7,11,-3,-3
6733,6733,1503958580124,3,-2,15,-7,-3,-4,-8,0
6734,6734,1503958580131,-8,11,3,10,16,2,1,-11
6735,6735,1503958580132,1,-6,2,-8,-22,-4,-2,0
6736,6736,1503958580147,-2,-2,-9,9,-3,3,10,-7
6737,6737,1503958580154,-1,1,-2,6,9,0,3,5
6738,6738,1503958580162,-4,4,5,0,-3,-2,-4,-2
6739,6739,1503958580176,-1,-6,1,-1,4,-3,-3,2
6740,6740,1503958580184,1,-1,-3,-1,-2,-2,-4,-1
6741,6741,1503958580191,6,7,-4,-4,3,-5,-5,10
6742,6742,1503958580207,1,3,2,-1,-3,-3,-3,1
6743,6743,1503958580214,0,6,10,5,1,-2,-1,-4
6744,6744,1503958580222,-3,-8,-3,-1,-5,-4,-3,-1
6745,6745,1503958580237,1,0,-2,-4,-2,-1,1,-5
6746,6746,1503958580245,-2,0,-2,0,-3,-2,-2,6
6747,6747,1503958580252,-5,2,0,1,-7,-2,-2,-7
6748,6748,1503958580267,-4,17,0,-7,0,-2,-3,-2
6749,6749,1503958580276,-8,-16,0,-5,-7,1,3,-2
6750,6750,1503958580282,-3,-2,-7,-4,-5,0,-5,-5
6751,6751,1503958580296,-5,-4,3,-3,0,0,10,-11
6752,6752,1503958580304,2,-2,-4,-1,-5,-4,-2,0
6753,6753,1503958580312,-1,-3,-4,-9,-19,-2,-2,6
6754,6754,1503958580326,4,-3,0,1,5,0,-4,0
6755,6755,1503958580334,-5,1,11,3,9,3,0,-1
6756,6756,1503958580344,-2,3,0,5,-1,-1,-2,-2
6757,6757,1503958580356,-1,21,7,3,3,-1,-2,3
6758,6758,1503958580364,5,-4,-3,-2,1,-1,15,-1
6759,6759,1503958580372,-3,-11,-12,5,3,-4,-5,3
6760,6760,1503958580386,-6,-3,-2,-5,1,-5,-3,-1
6761,6761,1503958580394,6,-4,-12,10,-3,4,15,4
6762,6762,1503958580395,5,-1,-5,-2,-1,-2,-2,1
6763,6763,1503958580402,-4,-9,8,-7,2,2,-4,1
6764,6764,1503958580416,7,-14,1,-5,-3,-1,0,0
6765,6765,1503958580424,3,-12,-2,-3,-1,1,3,-1
6766,6766,1503958580432,5,8,2,8,3,-1,-3,1
6767,6767,1503958580447,-2,-7,-12,3,-3,-2,-3,-4
6768,6768,1503958580454,-2,7,8,-10,5,2,-1,-3
6769,6769,1503958580462,6,25,16,5,1,0,-2,-4
6770,6770,1503958580477,4,-1,-2,-3,-1,-1,-4,-3
6771,6771,1503958580484,-26,-28,-8,-6,-8,-3,-3,-26
6772,6772,1503958580491,-2,2,-1,0,-2,0,-9,-11
6773,6773,1503958580492,2,-5,-6,3,-2,0,13,8
6774,6774,1503958580507,0,-9,4,-7,0,2,1,8
6775,6775,1503958580514,-12,-48,-10,2,0,-3,-2,7
6776,6776,1503958580522,11,6,-1,-1,0,1,0,12
6777,6777,1503958580536,5,25,14,-6,0,0,-5,3
6778,6778,1503958580544,-5,-5,1,3,-1,-1,7,2
6779,6779,1503958580552,7,2,-3,2,1,1,3,-6
6780,6780,1503958580567,-7,-10,-3,-12,-2,-1,-11,-15
6781,6781,1503958580574,-15,15,5,-1,-10,-3,-6,-4
6782,6782,1503958580582,1,-13,-3,-1,-3,3,1,-11
6783,6783,1503958580596,6,-2,-6,-6,-1,-4,-5,-2
6784,6784,1503958580611,-1,52,-5,15,2,-2,-13,-2
6785,6785,1503958580612,1,17,3,-2,0,0,-2,-3
6786,6786,1503958580627,-3,-31,-6,-3,1,4,22,9
6787,6787,1503958580634,-19,1,1,-12,-5,0,-6,3
6788,6788,1503958580643,16,23,14,-4,3,-1,-10,10
6789,6789,1503958580656,-14,-42,-1,-7,-1,0,1,-8
6790,6790,1503958580664,-5,20,4,10,0,-2,-2,2
6791,6791,1503958580673,1,22,-3,12,-1,-2,-1,-4
6792,6792,1503958580687,10,-12,0,-11,-3,-2,-2,1
6793,6793,1503958580694,1,-21,-2,-1,-3,-2,1,-6
6794,6794,1503958580702,7,0,-5,12,1,-6,-17,-4
6795,6795,1503958580716,-8,16,-5,1,-4,-1,2,-2
6796,6796,1503958580724,-3,4,1,-2,6,1,3,3
6797,6797,1503958580732,15,1,-2,2,3,9,13,2
6798,6798,1503958580747,-25,-5,6,-1,0,1,0,-17
6799,6799,1503958580754,-3,-11,1,-8,3,-1,1,7
6800,6800,1503958580762,13,20,-9,7,1,1,3,4
6801,6801,1503958580776,11,-3,4,-2,-1,-2,-5,0
6802,6802,1503958580784,-6,0,1,7,-14,-9,-5,-2
6803,6803,1503958580792,15,16,2,-6,-10,-6,-13,-7
6804,6804,1503958580810,-14,6,12,-7,1,-1,1,3
6805,6805,1503958580814,7,16,-7,6,0,0,7,9
6806,6806,1503958580829,-14,-17,-6,-8,-1,1,0,3
6807,6807,1503958580836,-6,4,5,2,7,-2,7,4
6808,6808,1503958580845,-1,-13,-18,12,1,-4,-9,-10
6809,6809,1503958580858,-6,2,0,7,9,-10,-4,-9
6810,6810,1503958580867,10,-22,-3,-3,4,-1,6,4
6811,6811,1503958580875,-5,7,7,-1,-7,1,-6,-8
6812,6812,1503958580890,12,3,-5,-6,-7,1,3,-8
6813,6813,1503958580896,-10,-17,-4,-4,-1,0,4,-3
6814,6814,1503958580904,-8,-12,1,-8,-2,0,3,3
6815,6815,1503958580926,3,-7,5,-4,1,1,1,1
6816,6816,1503958580928,-21,-2,3,8,-1,-5,-11,3
6817,6817,1503958580934,10,-11,-11,8,-3,0,5,-1
6818,6818,1503958580954,11,27,17,-3,3,1,0,6
6819,6819,1503958580956,-3,-19,-4,-9,-3,-1,-6,5
6820,6820,1503958580964,6,41,5,-5,-9,-1,2,-3
6821,6821,1503958580979,-3,2,-3,-14,-5,-2,-7,-1
6822,6822,1503958580987,-10,-31,3,4,-1,1,-4,-7
6823,6823,1503958580994,3,-5,18,-13,3,1,-4,2
6824,6824,1503958581009,11,-6,-5,-6,2,-1,-1,5
6825,6825,1503958581016,-5,43,-10,13,0,0,0,-15
6826,6826,1503958581024,-3,-16,-10,-10,-6,-3,1,-16
6827,6827,1503958581038,5,-10,-20,9,13,7,-3,-7
6828,6828,1503958581047,-1,6,-6,-13,-11,-1,6,-7
6829,6829,1503958581054,-15,-19,7,-4,-6,-5,11,-3
6830,6830,1503958581076,-3,-6,-7,-7,-2,0,-1,3
6831,6831,1503958581092,3,39,2,4,-1,-3,-6,4
6832,6832,1503958581098,8,7,1,-1,1,1,-1,4
6833,6833,1503958581106,-4,21,10,-3,2,0,-3,-1
6834,6834,1503958581114,-3,-3,0,-6,-1,2,-4,7
6835,6835,1503958581129,-6,46,-20,14,7,4,5,-15
6836,6836,1503958581136,6,-5,9,-1,-17,-10,0,7
6837,6837,1503958581144,-2,-31,-12,12,16,-10,2,7
6838,6838,1503958581158,-16,1,-6,7,9,-1,-11,6
6839,6839,1503958581166,7,-16,11,-10,3,0,4,-16
6840,6840,1503958581174,-8,4,7,-1,-10,1,8,-14
6841,6841,1503958581189,-11,-26,0,-11,1,0,-12,10
6842,6842,1503958581196,8,9,-4,3,1,0,0,-12
6843,6843,1503958581204,12,-12,0,-4,-12,1,2,0
6844,6844,1503958581219,10,22,1,0,4,3,-10,-3
6845,6845,1503958581226,-11,-26,-12,-3,-4,0,0,8
6846,6846,1503958581234,-7,-5,3,2,2,-1,1,-1
6847,6847,1503958581249,31,-4,-27,4,-8,-1,-3,-15
6848,6848,1503958581256,-3,2,12,-9,5,5,2,6
6849,6849,1503958581264,-3,-22,6,-20,-3,1,0,13
6850,6850,1503958581278,-3,-6,-2,3,-3,-5,4,-5
6851,6851,1503958581287,-10,7,11,-10,4,0,-1,0
6852,6852,1503958581294,19,-12,9,-13,1,-2,-5,2
6853,6853,1503958581311,2,-19,0,6,-5,0,5,10
6854,6854,1503958581316,-19,-7,-10,6,1,-2,-6,-10
6855,6855,1503958581324,-4,-16,8,-17,-7,0,-2,6
6856,6856,1503958581340,-23,-13,-9,5,-2,-1,1,-10
6857,6857,1503958581349,-5,18,9,2,5,0,-1,5
6858,6858,1503958581354,2,-12,-1,3,-4,-1,-1,5
7861,7861,1503958591163,-4,-3,1,-3,1,4,4,-1
7862,7862,1503958591171,1,5,-8,1,-2,-2,-3,7
7863,7863,1503958591186,-9,-9,9,-4,3,-2,-12,-5
7864,7864,1503958591194,0,-3,-7,6,3,-2,8,-3
7865,7865,1503958591201,-1,-2,-5,-5,-8,0,9,1
7866,7866,1503958591216,-1,-15,-10,-3,-2,0,7,3
7867,7867,1503958591223,-5,16,15,2,1,-3,1,-7
7868,7868,1503958591231,4,-1,1,0,-9,3,3,1
7869,7869,1503958591247,-5,5,8,-7,-1,-2,-11,-4
7870,7870,1503958591254,-2,-9,-4,8,3,-3,-1,3
7871,7871,1503958591261,-2,-9,-9,1,-1,1,6,3
7872,7872,1503958591276,-4,5,-1,-5,3,0,3,-1
7873,7873,1503958591283,2,-4,-5,1,0,-1,2,17
7874,7874,1503958591291,0,3,-11,2,-3,-1,1,-17
7875,7875,1503958591305,2,5,-3,-2,1,0,-6,-1
7876,7876,1503958591314,0,-8,8,-3,-3,1,2,4
7877,7877,1503958591328,-1,-8,-7,0,-4,0,1,-7
7878,7878,1503958591336,2,4,-2,-7,-2,0,4,-4
7879,7879,1503958591350,-5,6,15,7,1,1,-1,3
7880,7880,1503958591351,4,-6,12,-7,3,1,0,0
7881,7881,1503958591352,13,4,-2,-8,0,1,-4,0
7882,7882,1503958591365,-4,3,4,-3,-4,-4,-11,-4
7883,7883,1503958591374,-1,3,-3,-4,3,-1,0,-2
7884,7884,1503958591382,-1,16,4,4,-1,-2,2,-7
7885,7885,1503958591396,-7,-17,-11,2,-1,-3,-5,-3
7886,7886,1503958591403,-3,2,13,-2,-1,-2,-2,5
7887,7887,1503958591411,0,4,-2,-1,-4,1,-4,-18
7888,7888,1503958591425,-1,-12,-11,-1,-2,-1,-6,-2
7889,7889,1503958591434,-8,-4,5,-2,3,1,1,1
7890,7890,1503958591441,-14,20,17,18,0,0,5,18
7891,7891,1503958591457,-3,-5,-4,2,0,-2,0,5
7892,7892,1503958591463,17,-5,-10,2,-1,-1,-3,15
7893,7893,1503958591472,-5,11,2,-2,-4,-5,9,5
7894,7894,1503958591486,25,-10,3,-19,-6,-9,-4,-18
7895,7895,1503958591494,-1,13,6,5,3,1,-4,0
7896,7896,1503958591501,-8,-16,-15,-6,-5,-2,-1,-2
7897,7897,1503958591517,2,-2,-8,-7,-6,-7,-1,-10
7898,7898,1503958591523,-10,-5,-3,-4,-12,1,4,0
7899,7899,1503958591531,-2,9,36,9,3,2,-2,-2
7900,7900,1503958591545,-5,18,-11,-8,3,0,-7,-12
7901,7901,1503958591554,6,-9,-10,-5,3,1,-2,-15
7902,7902,1503958591561,4,-3,3,-5,4,1,2,-26
7903,7903,1503958591576,10,1,4,-5,1,-2,-8,-14
7904,7904,1503958591584,3,-5,-4,-10,-1,7,-6,11
7905,7905,1503958591591,-3,0,4,-3,2,-1,-1,-1
7906,7906,1503958591606,-4,-1,8,4,8,0,4,-2
7907,7907,1503958591614,-2,0,-20,-30,-25,-3,-7,8
7908,7908,1503958591621,-2,-9,5,2,4,-2,5,8
7909,7909,1503958591636,4,2,-1,-8,7,2,3,-7
7910,7910,1503958591643,-30,5,3,16,-5,-3,-2,-9
7911,7911,1503958591652,-8,-4,-1,6,1,0,-1,11
7912,7912,1503958591665,0,-19,2,-3,2,-5,-11,-3
7913,7913,1503958591674,-4,1,2,2,5,-1,-6,9
7914,7914,1503958591684,0,-4,-22,13,-6,-5,4,-7
7915,7915,1503958591696,10,-21,0,-4,1,0,-25,2
7916,7916,1503958591703,3,-3,3,-3,4,3,4,1
7917,7917,1503958591711,-1,43,17,13,-2,0,4,18
7918,7918,1503958591726,1,11,3,-14,-4,-1,-6,-5
7919,7919,1503958591734,6,-10,-16,7,1,-2,7,8
7920,7920,1503958591742,5,-1,3,-3,6,2,8,15
7921,7921,1503958591756,-2,11,16,2,6,-2,1,-3
7922,7922,1503958591763,14,0,-2,-4,-14,1,5,-21
7923,7923,1503958591771,-5,-4,-8,1,-7,-1,0,-2
7924,7924,1503958591787,-11,21,3,-3,6,0,-8,15
7925,7925,1503958591794,18,-11,-10,-3,-8,-4,3,-7
7926,7926,1503958591801,4,1,-13,-1,-9,-1,11,2
7927,7927,1503958591818,-20,-12,2,-6,1,-2,6,0
7928,7928,1503958591823,6,-16,-9,0,-1,-3,-4,5
7929,7929,1503958591831,-15,-16,-14,8,3,3,6,-7
7930,7930,1503958591845,-2,-19,5,-1,5,0,-2,-2
7931,7931,1503958591854,-6,-17,4,7,-1,-3,-11,-14
7932,7932,1503958591861,-9,-2,-8,1,0,-3,0,-5
7933,7933,1503958591876,2,4,-2,-17,-20,-6,4,3
7934,7934,1503958591886,12,-1,2,1,8,-1,-5,-11
7935,7935,1503958591891,4,11,-6,5,-7,3,15,6
7936,7936,1503958591905,-7,4,3,10,18,3,-3,9
7937,7937,1503958591913,-4,-2,21,-17,-2,0,-16,-31
7938,7938,1503958591921,3,1,0,-3,-5,-2,-9,-11
7939,7939,1503958591938,7,-5,-7,4,-4,0,10,12
7940,7940,1503958591943,6,10,14,-6,-4,0,-6,-29
7941,7941,1503958591958,-5,-12,9,-1,2,0,-6,6
7942,7942,1503958591965,-14,3,-18,4,-5,1,5,6
7943,7943,1503958591974,0,13,-10,7,7,-1,0,6
7944,7944,1503958591981,4,-1,-6,6,-7,-1,1,10
7945,7945,1503958591996,2,1,0,-5,1,-1,-3,3
7946,7946,1503958592003,-5,10,-10,-1,-4,-2,4,16
7947,7947,1503958592020,-2,8,-4,-2,0,0,-1,-1
7948,7948,1503958592025,-4,-2,-8,-6,1,-1,2,15
7949,7949,1503958592033,-13,-7,-6,20,18,0,3,-8
7950,7950,1503958592048,-5,-11,-3,2,-8,-5,-2,0
7951,7951,1503958592056,-16,1,6,6,4,3,-1,14
7952,7952,1503958592063,3,-7,19,-6,-3,1,-8,-11
7953,7953,1503958592079,2,-11,13,1,-3,1,-1,-10
7954,7954,1503958592086,3,-12,4,-4,-2,-2,3,3
7955,7955,1503958592094,12,28,3,-9,-6,-2,-5,-1
7956,7956,1503958592108,-14,-2,-3,6,1,3,-1,-1
7957,7957,1503958592116,1,-2,6,-11,0,-4,-9,-8
7958,7958,1503958592123,2,-8,-10,-12,-22,-1,-4,3
7959,7959,1503958592139,0,9,-7,8,-7,-1,5,1
7960,7960,1503958592145,0,5,0,-3,0,-11,-10,-2
7961,7961,1503958592154,-4,20,-4,-6,-6,0,4,-6
7962,7962,1503958592168,2,2,21,12,10,3,1,2
7963,7963,1503958592176,0,-14,-20,-3,6,0,5,13
7964,7964,1503958592183,2,2,4,-5,1,1,3,-12
7965,7965,1503958592199,-6,-14,-6,-5,0,1,-6,14
7966,7966,1503958592207,-1,-6,-8,6,4,-2,5,18
7967,7967,1503958592214,-6,-12,5,-5,-10,-1,2,3
7968,7968,1503958592230,3,11,-6,15,16,3,-5,-3
7969,7969,1503958592236,-3,-1,13,10,7,-2,-5,-6
7970,7970,1503958592254,2,7,15,-12,-2,3,3,-15
7971,7971,1503958592259,6,28,33,-9,1,-1,-3,-20
7972,7972,1503958592267,-4,-7,-8,-8,-1,-2,-4,2
7973,7973,1503958592274,-2,-1,-9,2,-7,0,1,8
7974,7974,1503958592290,-14,-2,-5,-2,-1,-9,-11,8
7975,7975,1503958592296,-5,-6,-20,2,0,-2,0,3
7976,7976,1503958592312,-8,0,6,-2,4,-1,0,-4
7977,7977,1503958592322,0,-10,2,-5,2,1,-1,0
7978,7978,1503958592327,0,-8,-5,1,0,1,10,5
7979,7979,1503958592333,-2,-12,-1,-5,1,2,-4,-12
7980,7980,1503958592349,-1,13,6,-8,-1,0,-2,-8
7981,7981,1503958592356,-4,-10,-4,2,-1,-3,-3,14
7982,7982,1503958592372,4,-7,-1,-8,-3,3,-2,5
7983,7983,1503958592378,-14,6,0,-3,-1,-2,-2,-22
7984,7984,1503958592389,-5,0,9,7,-3,-2,-4,-17
7985,7985,1503958592394,6,-11,-8,-1,0,-3,-2,-4
7986,7986,1503958592409,7,-5,-1,-9,-12,-6,2,7
7987,7987,1503958592416,4,0,-6,3,-7,1,-2,4
7988,7988,1503958592426,-2,-2,0,5,-4,0,0,17
7989,7989,1503958592439,-3,-10,-13,4,-3,1,4,-28
7990,7990,1503958592447,-12,20,6,2,-2,0,1,-22
7991,7991,1503958592455,6,-8,4,-12,-4,-4,-4,8
8794,8794,1503958600336,-2,3,-7,1,0,-1,1,-1
8795,8795,1503958600344,-1,-1,4,6,16,1,-1,3
8796,8796,1503958600358,-5,-12,-4,-4,-1,-2,-3,-2
8797,8797,1503958600366,0,-3,-1,-3,0,0,0,0
8798,8798,1503958600374,0,-2,-4,1,-2,0,1,-1
8799,8799,1503958600388,2,2,2,-4,-2,1,-3,1
8800,8800,1503958600396,-2,-4,3,-1,1,-1,0,2
8801,8801,1503958600411,-10,-15,-3,0,-7,1,1,-3
8802,8802,1503958600418,-2,2,-3,2,0,2,-1,-4
8803,8803,1503958600426,1,4,2,-3,-1,-1,-2,-4
8804,8804,1503958600441,-1,-4,3,0,6,2,-2,-2
8805,8805,1503958600448,-2,7,-1,1,-3,0,-2,-1
8806,8806,1503958600456,2,0,-5,1,-2,-1,1,0
8807,8807,1503958600470,5,9,3,-2,6,-1,0,1
8808,8808,1503958600479,6,-3,1,-1,-1,-2,1,-1
8809,8809,1503958600486,-7,-6,-3,0,-4,-3,-3,6
8810,8810,1503958600501,0,-1,4,2,-3,-2,1,-2
8811,8811,1503958600508,1,6,-9,6,-1,1,3,-4
8812,8812,1503958600516,-2,1,1,-1,-8,-1,0,1
8813,8813,1503958600530,1,-6,-4,-1,-11,-1,-2,-3
8814,8814,1503958600538,-1,6,1,-2,-3,-1,0,1
8815,8815,1503958600546,-4,-2,0,-6,0,-3,-2,-2
8816,8816,1503958600561,-5,-11,-2,0,-1,-1,-2,-2
8817,8817,1503958600568,1,2,6,-7,3,-1,-3,-6
8818,8818,1503958600576,-7,0,1,-4,-1,0,0,2
8819,8819,1503958600590,4,2,2,4,0,-2,1,-1
8820,8820,1503958600598,0,1,-1,-2,-8,-2,-1,-2
8821,8821,1503958600606,-2,-4,-3,1,2,0,2,1
8822,8822,1503958600621,-4,3,-6,2,3,0,-2,1
8823,8823,1503958600627,5,0,2,-11,-5,1,-1,2
8824,8824,1503958600636,1,1,2,1,1,-2,0,-3
8825,8825,1503958600650,0,5,0,0,7,2,1,-4
8826,8826,1503958600665,2,-1,5,0,6,1,3,1
8827,8827,1503958600666,13,8,0,-1,-5,0,-3,3
8828,8828,1503958600683,-4,-7,-4,-1,-5,-1,-3,-1
8829,8829,1503958600689,0,-10,4,-16,-1,1,2,-4
8830,8830,1503958600696,-4,-2,-3,-14,5,-1,-6,-2
8831,8831,1503958600710,-6,-2,-4,9,-3,1,4,0
8832,8832,1503958600718,-1,0,-5,4,1,-2,-1,-3
8833,8833,1503958600726,-5,-4,5,-11,-11,-2,-4,2
8834,8834,1503958600741,4,2,-6,-4,0,0,-1,-2
8835,8835,1503958600748,-2,-2,-4,13,12,0,4,-4
8836,8836,1503958600756,0,-7,-3,-5,-4,1,-7,4
8837,8837,1503958600770,-15,-8,0,-8,-4,-1,0,4
8838,8838,1503958600780,-3,-3,4,-5,-3,-1,1,-3
8839,8839,1503958600786,-14,7,13,10,16,0,-5,-3
8840,8840,1503958600801,7,5,2,5,2,0,5,3
8841,8841,1503958600808,10,-2,-13,-15,-18,2,-7,-5
8842,8842,1503958600818,-7,-3,7,-10,-3,0,2,1
8843,8843,1503958600830,4,-3,0,7,-8,-4,-3,-14
8844,8844,1503958600838,-3,-3,2,3,-15,-5,-16,-6
8845,8845,1503958600846,7,0,-12,-7,5,4,-1,1
8846,8846,1503958600847,4,-5,3,1,-3,-6,-2,-1
8847,8847,1503958600860,-5,-5,-2,-2,4,3,3,0
8848,8848,1503958600868,-2,-3,-2,-2,-2,-1,-6,5
8849,8849,1503958600876,-23,-13,-4,4,5,0,3,-3
8850,8850,1503958600890,-5,4,4,1,6,0,-2,0
8851,8851,1503958600898,1,2,-1,4,-5,-1,-7,-5
8852,8852,1503958600905,5,7,-6,4,-2,-1,-10,0
8853,8853,1503958600921,-6,-4,-4,2,-7,-3,-6,4
8854,8854,1503958600922,6,-6,3,-7,-3,-3,0,-13
8855,8855,1503958600928,2,6,-1,2,5,0,-1,1
8856,8856,1503958600936,6,11,-3,8,2,-1,0,4
8857,8857,1503958600950,-4,7,7,-1,-1,1,3,2
8858,8858,1503958600958,5,-2,0,0,1,-1,2,1
8859,8859,1503958600965,-8,-8,-8,4,5,0,8,1
8860,8860,1503958600983,2,-5,-3,-11,-2,1,-1,2
8861,8861,1503958600988,-10,-3,5,-1,-5,-2,3,-8
8862,8862,1503958600996,6,2,2,-3,0,-4,0,8
8863,8863,1503958601010,5,-1,1,-7,4,-1,-2,7
8864,8864,1503958601018,-4,-5,2,2,3,4,5,3
8865,8865,1503958601026,-4,-7,-8,-2,-6,-2,-2,-11
8866,8866,1503958601041,-22,-6,2,-11,-3,-1,11,-8
8867,8867,1503958601050,0,-12,-3,-3,-1,0,10,4
8868,8868,1503958601057,10,1,-3,2,-6,0,-3,-3
8869,8869,1503958601071,6,2,0,-5,1,1,-2,-1
8870,8870,1503958601078,0,3,3,4,1,0,1,4
8871,8871,1503958601087,9,3,-3,0,0,1,-2,3
8872,8872,1503958601101,5,15,-4,7,2,-1,-6,-21
8873,8873,1503958601108,3,-1,9,-16,1,-4,-6,-2
8874,8874,1503958601118,6,0,9,-8,1,1,0,19
8875,8875,1503958601130,13,20,9,3,1,-2,3,3
8876,8876,1503958601138,0,10,2,2,1,-3,-4,-2
8877,8877,1503958601146,14,14,2,5,0,-1,5,8
8878,8878,1503958601161,-4,-10,-9,-1,-5,-1,3,6
8879,8879,1503958601168,-12,-17,-4,-2,-2,-2,-2,-5
8880,8880,1503958601176,-16,-10,-3,-4,-2,-3,-8,1
8881,8881,1503958601190,12,11,0,1,-1,2,1,1
8882,8882,1503958601198,4,-13,-1,1,-3,-4,1,3
8883,8883,1503958601206,-29,0,-1,-4,-5,-3,0,-6
8884,8884,1503958601221,1,12,4,4,-1,0,-3,-7
8885,8885,1503958601228,-22,-10,-12,6,-2,0,-3,19
8886,8886,1503958601236,-5,8,-2,2,5,0,-1,0
8887,8887,1503958601251,3,1,-3,1,-1,-2,-3,3
8888,8888,1503958601259,3,-1,11,-7,-2,2,-1,-2
8889,8889,1503958601265,16,-8,-2,5,-3,1,5,11
8890,8890,1503958601281,-8,-15,3,-6,-5,-2,1,4
8891,8891,1503958601288,-32,-8,-11,19,1,-2,-4,-14
8892,8892,1503958601296,0,-1,-7,-1,1,1,2,-2
8893,8893,1503958601310,17,10,12,-10,1,1,-4,0
8894,8894,1503958601318,9,-2,-3,-2,-1,2,0,-6
8895,8895,1503958601326,0,-1,-7,-2,-2,0,-2,-8
8896,8896,1503958601342,3,2,-5,1,1,-2,-4,-4
8897,8897,1503958601348,11,9,6,-6,8,7,3,3
8898,8898,1503958601363,11,16,-2,8,3,-1,-5,-19
8899,8899,1503958601370,-17,-8,-4,-6,-12,-4,9,-12
8900,8900,1503958601378,-2,15,9,-5,4,0,-1,4
8901,8901,1503958601393,-11,-9,5,-7,-1,-3,-7,-11
8902,8902,1503958601402,0,-6,-11,-2,-8,-2,3,8
8903,8903,1503958601408,1,-18,-7,2,0,-2,0,8
8904,8904,1503958601423,11,9,-5,5,-3,-3,-14,-1
8905,8905,1503958601430,0,-4,-9,-1,0,-1,-5,-18
8906,8906,1503958601439,21,16,6,-2,-5,-4,8,5
8907,8907,1503958601457,-3,1,-2,1,3,-2,-1,5
8908,8908,1503958601461,-14,-14,-12,6,-2,-2,7,-5
8909,8909,1503958601468,29,-2,5,-6,-3,0,-1,8
8910,8910,1503958601486,6,-5,2,-2,1,0,-7,2
8911,8911,1503958601500,4,2,6,-4,-1,-1,-1,0
9584,9584,1503958607970,0,2,0,-6,1,1,-1,0
9585,9585,1503958607985,2,13,5,4,2,1,-2,-1
9586,9586,1503958607987,0,2,2,-5,1,-1,-2,-2
9587,9587,1503958608007,0,0,-2,-4,-1,-2,0,1
9588,9588,1503958608008,-1,3,-3,3,0,-2,-2,-2
9589,9589,1503958608016,-4,-3,-7,2,-3,-2,1,-4
9590,9590,1503958608032,0,5,-4,-1,-4,-1,-1,-2
9591,9591,1503958608039,-9,-18,-5,-4,9,0,-1,-4
9592,9592,1503958608045,0,1,-4,-6,-7,0,-2,-3
9593,9593,1503958608061,0,2,3,2,3,0,1,0
9594,9594,1503958608072,-3,-9,2,2,3,-2,0,4
9595,9595,1503958608076,1,15,3,1,-3,0,1,1
9596,9596,1503958608090,-2,3,0,-1,-1,1,-1,-1
9597,9597,1503958608100,-4,-3,-7,6,-4,-1,3,0
9598,9598,1503958608106,-5,-10,1,0,-2,-1,-1,-1
9599,9599,1503958608121,1,-3,7,-3,-2,-1,-5,-2
9600,9600,1503958608128,-1,-6,-2,-3,10,-2,0,-2
9601,9601,1503958608138,2,-1,-7,5,2,-5,-4,-2
9602,9602,1503958608150,1,-2,-1,-2,-1,2,2,1
9603,9603,1503958608151,1,0,-2,9,4,0,2,-1
9604,9604,1503958608158,8,-5,-1,-10,0,2,-3,4
9605,9605,1503958608166,-8,-24,-1,2,0,0,0,-6
9606,9606,1503958608181,-3,-11,0,-4,-1,-1,2,-3
9607,9607,1503958608188,0,4,-3,2,-7,-1,0,4
9608,9608,1503958608199,-1,7,2,1,-6,-2,1,-7
9609,9609,1503958608210,-4,6,-2,-2,5,-1,3,-1
9610,9610,1503958608218,-4,0,-11,-6,-5,-1,-12,-4
9611,9611,1503958608225,-4,-17,0,-3,-1,2,-2,-1
9612,9612,1503958608241,-1,6,-7,-4,5,-1,-1,-2
9613,9613,1503958608248,-1,9,-1,2,1,-6,-4,-4
9614,9614,1503958608256,5,0,3,2,-3,-4,1,-10
9615,9615,1503958608270,2,3,1,-2,-2,-1,-4,0
9616,9616,1503958608279,-3,1,5,-3,2,1,2,9
9617,9617,1503958608290,-1,3,-2,2,-4,0,2,-7
9618,9618,1503958608301,-3,-14,8,-4,-2,3,0,-5
9619,9619,1503958608308,3,-1,3,-8,-4,2,17,7
9620,9620,1503958608316,7,2,-13,10,-3,2,13,4
9621,9621,1503958608338,-1,5,5,-6,3,1,-3,1
9622,9622,1503958608339,4,-1,1,21,15,-1,-3,-1
9623,9623,1503958608345,3,7,-8,0,1,0,1,5
9624,9624,1503958608363,-6,-12,9,-3,7,0,0,3
9625,9625,1503958608368,-7,10,-3,10,-8,-1,-4,-12
9626,9626,1503958608376,-1,10,12,-7,-1,-1,-3,-2
9627,9627,1503958608390,-8,-14,-5,-7,0,4,-1,-5
9628,9628,1503958608405,13,-6,-24,-44,-60,-4,-10,1
9629,9629,1503958608406,-2,0,-4,-6,-9,-1,-3,-1
9630,9630,1503958608421,-12,8,-6,-8,18,-1,-7,-5
9631,9631,1503958608428,13,-3,-5,6,-7,3,0,10
9632,9632,1503958608436,7,6,15,5,3,-15,-2,-11
9633,9633,1503958608450,-1,-22,-7,1,15,-5,-5,4
9634,9634,1503958608458,-8,18,13,4,4,3,0,3
9635,9635,1503958608467,6,12,-1,-5,-9,-2,-3,-7
9636,9636,1503958608481,7,-6,-4,18,4,3,8,8
9637,9637,1503958608489,-3,6,3,1,4,5,-5,-1
9638,9638,1503958608496,-11,-6,10,7,13,8,4,2
9639,9639,1503958608511,2,4,-1,-10,-1,-1,0,3
9640,9640,1503958608518,-6,-6,5,-3,7,0,-7,-10
9641,9641,1503958608525,-2,-6,-6,-6,-10,3,7,0
9642,9642,1503958608541,9,26,-12,11,3,3,3,15
9643,9643,1503958608548,-8,0,10,-8,-9,-5,-4,-2
9644,9644,1503958608556,-11,13,-8,-2,8,-6,1,-1
9645,9645,1503958608570,-8,-9,-1,7,32,0,-3,-5
9646,9646,1503958608578,9,-3,8,-9,-13,1,-6,-1
9647,9647,1503958608585,12,-4,2,-2,-10,-8,2,-4
9648,9648,1503958608605,7,-14,1,2,19,3,5,-1
9649,9649,1503958608608,-2,0,9,-1,-9,3,0,6
9650,9650,1503958608616,-15,-31,-2,-2,-9,-4,-23,1
9651,9651,1503958608631,-9,15,-2,6,3,-4,-2,-3
9652,9652,1503958608639,-2,-5,-1,-10,-9,1,5,-1
9653,9653,1503958608645,0,2,-2,6,-1,0,3,2
9654,9654,1503958608661,-8,-10,1,-5,-3,-4,2,2
9655,9655,1503958608669,6,5,0,-1,-4,-4,-7,0
9656,9656,1503958608677,3,-3,-9,-1,-3,0,2,-2
9657,9657,1503958608690,0,-5,-2,-6,0,-1,-2,4
9658,9658,1503958608698,9,6,-1,-3,2,-2,5,5
9659,9659,1503958608706,-22,6,-3,2,-2,-4,-3,3
9660,9660,1503958608721,-24,-13,0,-2,7,4,1,-1
9661,9661,1503958608728,8,-10,3,-4,5,0,-2,-7
9662,9662,1503958608736,4,11,8,-1,-10,-5,0,-4
9663,9663,1503958608750,-13,-5,-3,-2,-5,-3,-1,-11
9664,9664,1503958608758,0,-10,-7,-6,-10,-5,-8,-2
9665,9665,1503958608765,7,-7,6,1,-4,0,2,4
9666,9666,1503958608781,0,9,-4,12,5,5,7,12
9667,9667,1503958608788,1,10,7,-2,0,0,7,-6
9668,9668,1503958608803,-22,-4,-7,-1,-9,-3,-6,-7
9669,9669,1503958608811,-1,-6,-13,0,17,2,-13,-8
9670,9670,1503958608818,12,11,5,1,-1,6,3,-6
9671,9671,1503958608833,10,10,12,-7,2,0,3,2
9672,9672,1503958608841,1,-2,-7,-6,-4,-5,1,-9
9673,9673,1503958608848,4,-5,13,-2,-2,-2,-6,2
9674,9674,1503958608863,4,-7,-3,-9,-8,-4,-3,-1
9675,9675,1503958608870,9,11,-6,2,-3,0,-1,-3
9676,9676,1503958608879,10,17,5,-9,0,0,0,-2
9677,9677,1503958608893,-6,-2,-11,5,1,-1,8,0
9678,9678,1503958608902,-10,-36,-3,-7,-2,3,-5,9
9679,9679,1503958608909,8,20,9,-5,0,-7,4,0
9680,9680,1503958608910,13,6,-8,6,-9,0,-18,11
9681,9681,1503958608923,5,-7,12,1,20,1,-3,-4
9682,9682,1503958608930,-7,-24,4,-10,-9,-7,-7,-3
9683,9683,1503958608938,4,3,1,11,0,-1,6,7
9684,9684,1503958608953,-8,8,13,-3,5,-1,5,-4
9685,9685,1503958608961,6,-5,-1,2,-2,-1,7,-3
9686,9686,1503958608968,-2,-6,-13,1,-8,-2,4,-1
9687,9687,1503958608983,3,6,4,-4,0,0,-4,-7
9688,9688,1503958608990,1,3,11,0,-4,-1,-4,7
9689,9689,1503958608998,-5,21,5,-3,-2,-2,-1,-10
9690,9690,1503958609013,-9,-20,11,-11,-2,-1,-4,-9
9691,9691,1503958609021,-4,5,-1,-4,-11,-2,-9,-1
9692,9692,1503958609028,-15,3,-1,11,25,5,26,-9
9693,9693,1503958609043,2,6,-1,-5,-3,2,4,8
9694,9694,1503958609051,-5,-12,0,0,-3,2,-7,5
9695,9695,1503958609058,-6,-5,-11,5,1,-2,4,-2
9696,9696,1503958609075,-9,15,2,4,0,0,0,-7
9697,9697,1503958609081,-4,-10,-3,3,-5,-4,-5,-3
9698,9698,1503958609088,3,11,-8,4,-9,-2,2,-4
9699,9699,1503958609105,1,0,4,0,-1,1,-1,0
9700,9700,1503958609110,-8,-4,-5,-6,-5,-4,-4,3
9701,9701,1503958609125,6,-2,-10,-25,-12,-1,-2,11
10657,10657,1503958618478,7,-1,2,-12,-7,-1,0,-5
10658,10658,1503958618486,9,0,10,-4,15,2,-1,0
10659,10659,1503958618498,1,-2,13,-1,-2,-2,-1,0
10660,10660,1503958618509,-15,-25,2,-8,6,0,1,-4
10661,10661,1503958618515,-2,-1,-13,6,-12,-2,0,4
10662,10662,1503958618524,-6,-12,-5,-1,-16,-1,-1,1
10663,10663,1503958618540,1,-3,-9,-9,-17,0,-2,-8
10664,10664,1503958618545,2,22,6,10,-6,0,1,-6
10665,10665,1503958618552,-2,-4,5,-7,1,0,-1,-17
10666,10666,1503958618567,-13,-14,-7,-9,-11,-2,-1,1
10667,10667,1503958618575,-1,17,0,-7,-3,-1,-1,4
10668,10668,1503958618583,-1,-22,6,5,6,-1,-3,-3
10669,10669,1503958618597,4,-25,0,-17,-17,3,1,-2
10670,10670,1503958618606,4,11,4,2,15,2,1,-11
10671,10671,1503958618613,7,-11,-3,-2,-2,-3,4,-2
10672,10672,1503958618628,4,2,2,4,4,4,3,3
10673,10673,1503958618638,-6,2,-8,0,4,-5,-8,-5
10674,10674,1503958618643,6,-5,-9,0,7,-2,-1,0
10675,10675,1503958618657,21,-5,-1,-4,6,0,-1,14
10676,10676,1503958618666,-17,7,-6,5,-8,-1,-21,-6
10677,10677,1503958618672,-12,6,6,-1,5,-1,-4,-1
10678,10678,1503958618688,7,1,-10,-28,6,0,-5,4
10679,10679,1503958618695,1,6,-8,-4,-13,-1,4,5
10680,10680,1503958618705,-1,14,1,5,-3,-4,0,-6
10681,10681,1503958618717,-3,-12,6,1,7,1,-1,1
10682,10682,1503958618725,-5,-3,-9,-1,-9,-2,3,-2
10683,10683,1503958618732,1,17,7,6,-2,-2,1,-13
10684,10684,1503958618747,-8,-28,-6,-10,-7,-3,-1,-2
10685,10685,1503958618755,-18,0,-5,-6,19,-1,-18,-9
10686,10686,1503958618763,11,9,5,-5,-4,-3,4,13
10687,10687,1503958618777,-2,-14,-4,6,-12,2,3,2
10688,10688,1503958618785,-2,-4,1,0,3,-2,-2,3
10689,10689,1503958618792,-4,-12,-3,0,4,-3,0,1
10690,10690,1503958618808,4,-6,8,11,0,1,6,0
10691,10691,1503958618815,0,-13,17,-4,8,-1,0,0
10692,10692,1503958618823,-3,4,6,7,3,4,4,-2
10693,10693,1503958618839,5,6,-9,-6,-3,0,0,6
10694,10694,1503958618845,4,13,18,-11,-6,0,0,2
10695,10695,1503958618852,3,17,-4,-16,-14,0,0,3
10696,10696,1503958618867,4,4,-12,-7,3,0,-3,0
10697,10697,1503958618875,-6,1,-5,5,-9,-3,4,-2
10698,10698,1503958618883,2,3,-1,-2,9,0,8,3
10699,10699,1503958618897,4,-9,1,7,-3,2,2,1
10700,10700,1503958618906,-2,-5,0,-6,-2,0,-4,-3
10701,10701,1503958618912,4,0,-1,3,6,-1,-2,-2
10702,10702,1503958618927,6,2,-5,-8,6,-2,-3,7
10703,10703,1503958618935,-5,-12,-8,-2,-5,-4,-4,1
10704,10704,1503958618950,-5,-9,-3,7,27,-1,-2,-9
10705,10705,1503958618957,-1,0,-8,-5,9,-2,3,6
10706,10706,1503958618965,-1,-2,-6,-6,-3,-3,-1,-6
10707,10707,1503958618966,-6,-13,2,4,-11,-1,-2,-1
10708,10708,1503958618974,-2,-4,0,-12,-10,-2,-1,4
10709,10709,1503958618989,10,-13,-5,0,-10,-3,-12,1
10710,10710,1503958618995,-5,1,-7,1,-7,-3,-12,2
10711,10711,1503958619003,-9,-9,23,15,1,2,4,-8
10712,10712,1503958619018,3,6,0,-1,-9,1,1,2
10713,10713,1503958619025,-4,16,-4,7,1,1,2,-1
10714,10714,1503958619032,-5,5,-6,3,0,-1,-1,-10
10715,10715,1503958619048,-3,7,-7,-8,-12,-2,3,-3
10716,10716,1503958619055,-3,-15,2,-2,2,-2,-5,-8
10717,10717,1503958619070,-2,30,7,2,-4,-2,-2,0
10718,10718,1503958619081,5,7,14,4,11,1,2,-2
10719,10719,1503958619086,-10,-19,-2,-6,-3,0,-1,-7
10720,10720,1503958619100,-3,-3,1,6,1,1,-1,-4
10721,10721,1503958619109,8,8,-4,-16,-6,-3,-7,2
10722,10722,1503958619116,4,-2,1,-4,13,-3,6,7
10723,10723,1503958619130,-3,-2,-1,1,-6,-8,-5,-4
10724,10724,1503958619137,-5,8,-8,5,-13,1,2,-3
10725,10725,1503958619149,1,10,0,4,0,1,3,-2
10726,10726,1503958619160,-1,23,-6,8,9,0,3,-4
10727,10727,1503958619168,4,-3,8,5,5,3,4,-8
10728,10728,1503958619175,7,8,4,-3,-17,1,-1,7
10729,10729,1503958619190,-2,-4,1,-1,4,0,4,0
10730,10730,1503958619197,-7,-5,1,1,18,1,7,-7
10731,10731,1503958619205,-5,-6,4,-6,19,-1,8,-1
10732,10732,1503958619220,1,-20,-17,-13,-10,-1,5,3
10733,10733,1503958619228,1,3,-1,4,-10,-2,-5,-2
10734,10734,1503958619235,-6,5,8,8,18,0,1,-3
10735,10735,1503958619251,5,-2,-8,-4,-14,0,4,9
10736,10736,1503958619257,-18,3,17,27,8,-3,-6,-11
10737,10737,1503958619265,0,1,8,-4,-11,1,-8,-6
10738,10738,1503958619280,4,-3,3,8,-2,-2,-1,-16
10739,10739,1503958619288,-3,9,1,-2,2,0,-2,1
10740,10740,1503958619295,3,-7,0,-18,-12,-1,-9,5
10741,10741,1503958619310,-1,25,2,-9,-3,-3,-8,0
10742,10742,1503958619318,-3,10,12,-3,-30,-1,2,-4
10743,10743,1503958619325,8,1,0,6,-15,0,1,7
10744,10744,1503958619343,-3,-15,1,-11,-15,0,-1,6
10745,10745,1503958619349,-3,-10,-7,4,-5,-1,1,-4
10746,10746,1503958619355,-9,-22,-2,-13,-5,-2,-5,6
10747,10747,1503958619370,0,27,-9,-2,1,0,-2,2
10748,10748,1503958619378,-4,-7,4,15,4,0,4,-4
10749,10749,1503958619379,-3,10,-8,18,11,1,1,-6
10750,10750,1503958619386,-10,-13,6,11,-9,-3,4,-3
10751,10751,1503958619400,6,2,-2,1,-9,0,-1,1
10752,10752,1503958619410,-2,-13,7,4,11,1,1,-1
10753,10753,1503958619415,-5,-11,6,-5,10,-2,-5,-2
10754,10754,1503958619430,-6,-30,-12,-7,7,0,-3,-3
10755,10755,1503958619437,4,8,-6,-4,6,-4,-1,0
10756,10756,1503958619446,4,-3,2,-15,-18,-1,-2,11
10757,10757,1503958619460,2,6,0,0,8,-4,-3,-5
10758,10758,1503958619477,-1,-4,-1,-8,11,-2,-5,-2
10759,10759,1503958619478,1,4,7,-1,0,1,0,2
10760,10760,1503958619490,-5,-9,-10,1,-3,0,0,3
10761,10761,1503958619491,11,8,6,-7,1,0,2,-1
10762,10762,1503958619497,-16,-16,-9,-4,-1,-1,-1,1
10763,10763,1503958619505,-8,-9,7,26,-22,-2,6,-5
10764,10764,1503958619520,9,-3,-20,-22,-26,0,17,2
10765,10765,1503958619528,-8,-3,5,-1,-7,-1,5,4
10766,10766,1503958619535,3,5,-6,4,9,-2,-6,1
10767,10767,1503958619550,-2,31,7,1,9,1,-2,-9
10768,10768,1503958619558,9,9,1,-7,6,-1,-2,1
10769,10769,1503958619573,2,-8,-7,-6,10,-3,-7,2
10770,10770,1503958619580,2,-9,-3,-12,-6,0,7,18
10771,10771,1503958619581,-5,5,-9,14,-2,1,-5,-22
10772,10772,1503958619588,-6,-31,-4,3,13,0,2,3
10773,10773,1503958619602,17,6,11,-5,0,-2,0,13
10774,10774,1503958619612,-9,1,4,5,-4,2,-3,-5
10775,10775,1503958619618,1,6,8,-2,4,1,-2,1
10776,10776,1503958619625,3,4,1,3,-25,0,-2,-3
10777,10777,1503958619640,4,-2,-7,18,-1,1,-12,-5
10778,10778,1503958619650,7,-14,-17,-6,-1,0,1,7
10779,10779,1503958619655,-8,3,8,-7,-9,2,-1,-4
10780,10780,1503958619670,2,2,-2,-1,1,0,-3,1
10781,10781,1503958619679,11,7,-3,-9,-10,-2,3,-12
10782,10782,1503958619686,-4,-21,-1,-6,10,-2,1,1
10783,10783,1503958619700,-14,-24,-3,-4,5,0,1,5
10784,10784,1503958619708,-6,-8,-7,-8,18,0,-2,-10
10785,10785,1503958619716,-6,-21,-10,-7,6,-2,-4,5
10786,10786,1503958619730,3,22,6,-1,10,0,2,6
10787,10787,1503958619738,-5,12,6,-3,4,5,6,-6
10788,10788,1503958619746,-4,12,0,-10,-3,-1,5,-4
10789,10789,1503958619760,12,4,-4,-1,-2,-4,-1,2
10790,10790,1503958619768,-5,9,-5,6,-2,0,-9,-12
10791,10791,1503958619775,-4,-17,-9,1,-1,-2,-1,7
10792,10792,1503958619790,-2,-10,11,-6,-2,-3,0,1
10793,10793,1503958619797,2,-2,2,2,5,1,-2,5
10794,10794,1503958619805,21,12,-4,-9,-13,-1,-1,15
10795,10795,1503958619821,4,-8,0,7,-6,-3,0,17
10796,10796,1503958619828,-8,-5,-4,6,3,-1,0,-3
10797,10797,1503958619835,-4,-3,-2,-1,24,2,13,-2
10798,10798,1503958619850,3,-3,-14,-8,6,0,-4,-2
10799,10799,1503958619857,-10,10,-5,-4,-8,-3,-4,-9
10800,10800,1503958619865,5,-2,-6,2,-7,-1,2,-16
10801,10801,1503958619881,-3,-7,-16,-1,-10,-1,-2,-4
10802,10802,1503958619888,-2,1,18,-16,-2,-1,-10,0
10803,10803,1503958619895,-6,19,9,5,4,1,4,5
10804,10804,1503958619910,-3,-1,-1,4,10,-1,0,4
10805,10805,1503958619917,-2,4,17,-8,0,2,3,1
10806,10806,1503958619925,2,-16,-6,-1,-1,-3,3,0
10807,10807,1503958619940,1,7,-1,3,-4,-1,0,4
10808,10808,1503958619948,0,5,5,1,-11,-2,-1,1
10809,10809,1503958619955,-7,-15,-13,3,-5,-2,-8,-8
10810,10810,1503958619970,-9,14,13,21,11,0,6,-6
10811,10811,1503958619977,-4,-2,14,-10,-5,-5,-3,-4
10812,10812,1503958619992,-6,5,5,-6,6,2,-3,-1
10813,10813,1503958620000,5,11,5,2,0,-4,-4,-6
10814,10814,1503958620008,5,8,-9,-6,3,-1,3,10
10815,10815,1503958620022,4,11,-6,-5,1,-1,-6,7
10816,10816,1503958620030,2,1,6,9,29,-1,-2,-1
10817,10817,1503958620037,-6,-5,-4,2,-6,1,2,-2
10818,10818,1503958620057,4,-9,-9,-12,1,-4,-9,-2
10819,10819,1503958620060,3,5,8,7,2,0,-1,-8
10820,10820,1503958620069,-1,3,4,-5,-13,-1,0,-2
10821,10821,1503958620082,6,-1,5,-7,0,1,-17,-7
10822,10822,1503958620090,-5,-12,-10,-6,-13,-4,-4,-1
10823,10823,1503958620097,5,-8,-12,-17,7,-3,-2,8
10824,10824,1503958620114,-14,-9,-10,11,2,1,1,-6
12497,12497,1503958636529,6,7,3,24,14,-5,1,-11
12498,12498,1503958636544,12,7,-9,-12,-19,-2,2,20
12499,12499,1503958636551,13,-6,-7,-11,-4,-2,-2,12
12500,12500,1503958636561,-6,1,2,-2,-3,1,0,14
12501,12501,1503958636573,-2,13,-5,-9,0,1,2,-8
12502,12502,1503958636581,-9,-9,2,-4,-3,-3,-6,-12
12503,12503,1503958636589,14,1,21,-13,-1,1,-7,-18
12504,12504,1503958636605,14,-3,-11,-8,-5,0,5,16
12505,12505,1503958636612,8,-6,-5,14,5,-7,9,2
12506,12506,1503958636620,-2,-3,6,-8,-2,-9,-13,1
12507,12507,1503958636633,-9,-7,-4,-5,4,0,-14,0
12508,12508,1503958636642,-7,1,-7,-7,-2,-1,-3,-7
12509,12509,1503958636649,3,13,17,-5,-4,0,4,-17
12510,12510,1503958636664,7,-3,-1,-6,1,1,0,7
12511,12511,1503958636672,1,-6,-9,12,-3,1,2,9
12512,12512,1503958636679,-4,1,4,2,-3,-1,1,-7
12513,12513,1503958636693,-12,15,-10,16,-4,-2,-23,11
12514,12514,1503958636702,9,-8,-8,4,-7,-4,8,16
12515,12515,1503958636710,-9,-13,-11,-10,0,2,10,5
12516,12516,1503958636724,-5,15,50,15,7,5,-3,0
12517,12517,1503958636731,-29,-9,7,-9,-1,0,6,-18
12518,12518,1503958636740,-19,-11,-28,0,1,0,0,-45
12519,12519,1503958636754,18,5,5,-1,10,3,0,-7
12520,12520,1503958636764,18,1,2,-16,8,0,-6,20
12521,12521,1503958636776,-7,-8,-3,-9,2,-5,-9,-14
12522,12522,1503958636784,8,10,-1,-3,-3,1,-5,-15
12523,12523,1503958636791,13,4,10,-7,1,4,9,-2
12524,12524,1503958636807,-6,5,-19,4,-5,-1,0,-6
12525,12525,1503958636813,-13,-5,6,3,-2,0,-4,11
12526,12526,1503958636822,12,2,-19,-4,-4,1,12,9
12527,12527,1503958636836,1,3,6,-7,-20,-10,1,23
12528,12528,1503958636844,-2,-4,-2,0,-1,-2,15,26
12529,12529,1503958636851,0,-4,-13,-11,-6,-1,11,-4
12530,12530,1503958636867,-2,2,0,0,-2,0,-3,9
12531,12531,1503958636874,-3,-6,-5,13,-2,-5,-14,-2
12532,12532,1503958636882,-11,-21,-3,-1,2,0,-4,-6
12533,12533,1503958636901,-12,4,-14,12,4,2,4,-1
12534,12534,1503958636908,-9,-7,8,3,5,-3,-6,-4
12535,12535,1503958636912,2,6,1,-3,-11,0,8,1
12536,12536,1503958636927,11,0,-8,-3,5,6,5,2
12537,12537,1503958636934,-3,-6,1,3,3,4,3,1
12538,12538,1503958636942,7,-2,15,-17,0,1,-9,-13
12539,12539,1503958636956,4,5,-8,6,-2,-11,-7,1
12540,12540,1503958636966,1,-14,5,3,-4,-5,-12,-3
12541,12541,1503958636972,44,1,10,-20,0,1,0,-3
12542,12542,1503958636987,-26,-2,-3,1,4,-2,-4,-10
12543,12543,1503958636994,-10,-13,1,1,1,-2,0,-1
12544,12544,1503958637002,5,17,9,2,0,6,17,-14
12545,12545,1503958637017,-8,-3,-9,1,-7,-2,13,-1
12546,12546,1503958637024,-22,-8,-24,6,1,-8,0,-7
12547,12547,1503958637034,-3,-3,5,-2,6,-1,-21,-28
12548,12548,1503958637047,-1,-6,11,7,-2,2,-2,-3
12549,12549,1503958637053,-3,-11,-7,-2,-2,-2,-3,0
12550,12550,1503958637062,4,1,-5,-6,-8,-3,-3,2
12551,12551,1503958637077,8,8,-3,-6,-2,-1,4,-2
12552,12552,1503958637084,-8,4,8,-4,7,-3,-8,6
12553,12553,1503958637103,-20,-3,-18,15,-2,-3,1,29
12554,12554,1503958637107,8,0,9,1,-7,-5,-9,-12
12555,12555,1503958637113,3,-5,12,-28,20,14,-11,-3
12556,12556,1503958637122,10,2,-5,9,-1,3,1,10
12557,12557,1503958637136,-28,-7,15,0,0,3,6,3
12558,12558,1503958637144,34,4,-16,-9,-5,2,-7,-7
12559,12559,1503958637151,4,1,-12,4,-6,-1,0,-4
12560,12560,1503958637168,-7,8,14,-3,1,3,12,7
12561,12561,1503958637173,-12,-8,27,-7,-8,0,-12,-16
12562,12562,1503958637181,3,-2,-3,-6,18,6,1,-7
12563,12563,1503958637182,-2,-5,-12,-2,-38,-10,-20,5
12564,12564,1503958637196,3,11,-14,-9,-16,-5,-19,4
12565,12565,1503958637206,-24,-4,-3,-3,-3,-5,4,14
12566,12566,1503958637212,22,46,1,5,2,4,6,-22
12567,12567,1503958637227,-9,10,-6,6,2,1,8,-1
12568,12568,1503958637235,8,-3,-15,-39,-7,2,-3,8
12569,12569,1503958637242,9,-8,8,-24,-6,2,4,-1
12570,12570,1503958637256,-3,-11,2,8,-3,-5,-14,-6
12571,12571,1503958637264,-12,-2,-7,5,5,0,2,15
12572,12572,1503958637272,-4,-10,19,12,-7,-1,5,6
12573,12573,1503958637286,2,2,-17,-3,2,2,6,-3
12574,12574,1503958637293,-8,1,6,8,9,-3,10,11
12575,12575,1503958637301,-5,4,-1,19,17,2,-1,-13
12576,12576,1503958637316,10,-4,0,-8,-13,-7,-8,3
12577,12577,1503958637324,-4,3,15,4,8,3,-7,-7
12578,12578,1503958637331,4,41,-15,28,15,-3,9,0
12579,12579,1503958637346,2,-10,-3,-6,7,1,-1,-12
12580,12580,1503958637353,0,14,2,-4,4,-2,1,-7
12581,12581,1503958637362,-7,-3,2,-6,-44,-5,-6,-8
12582,12582,1503958637376,11,-25,-7,5,-34,-6,0,4
12583,12583,1503958637384,15,-7,-6,-24,3,0,2,-3
12584,12584,1503958637398,-25,-20,-14,7,9,1,3,-10
12585,12585,1503958637407,-3,5,9,-6,0,-5,-11,-25
12586,12586,1503958637421,-30,1,4,2,26,0,-4,-10
12587,12587,1503958637423,-4,-50,-19,8,8,-2,0,-1
12588,12588,1503958637438,15,-23,-4,-2,-7,0,-2,4
12589,12589,1503958637444,-7,10,-1,-15,14,0,1,8
12590,12590,1503958637459,5,-7,-1,-4,-32,-3,-2,14
12591,12591,1503958637469,-4,12,20,20,6,3,4,0
12592,12592,1503958637474,1,-19,-28,-15,8,-2,12,-15
12593,12593,1503958637481,-17,1,15,9,5,-1,3,8
12594,12594,1503958637497,-20,-6,11,-10,6,0,-7,-8
12595,12595,1503958637504,21,16,3,12,6,2,0,-5
12596,12596,1503958637519,26,0,-2,-4,-5,9,-6,0
12597,12597,1503958637527,9,10,-9,-4,36,5,0,21
12598,12598,1503958637536,-1,3,15,8,3,4,7,0
12599,12599,1503958637542,7,4,-11,-20,-43,-4,-5,-5
12600,12600,1503958637557,1,26,33,9,14,-8,-8,-2
12601,12601,1503958637564,-9,-19,-22,-17,-4,-4,4,-20
12602,12602,1503958637579,-5,-9,-7,12,-6,-5,5,10
12603,12603,1503958637586,1,-1,-1,5,-18,4,13,-14
12604,12604,1503958637595,30,12,5,-10,13,8,1,-5
12605,12605,1503958637604,10,0,-13,7,3,-4,2,14
12606,12606,1503958637617,3,-4,-6,-8,10,3,7,2
12607,12607,1503958637624,12,34,19,-38,-12,-6,-13,13
12608,12608,1503958637640,-9,20,-1,19,22,-3,7,-3
12609,12609,1503958637647,-6,-13,-3,-1,-5,1,-2,-1
12610,12610,1503958637655,-22,16,17,27,18,7,20,8
12611,12611,1503958637662,7,0,21,3,-2,-4,-12,-42
12612,12612,1503958637677,-25,-28,-7,0,-15,-12,3,12
12613,12613,1503958637684,-21,-4,-6,7,6,-5,-8,-23
12614,12614,1503958637700,-14,2,12,12,2,-3,-15,-18
12615,12615,1503958637707,-16,7,15,29,36,0,6,15
12616,12616,1503958637714,24,11,-31,-5,-22,-7,-17,25
12617,12617,1503958637729,6,-6,-11,1,-2,-7,19,23
12618,12618,1503958637739,12,-8,-17,-3,22,-5,8,7
12619,12619,1503958637744,-4,7,-7,8,-9,-2,-11,11
12620,12620,1503958637745,11,-11,9,0,-27,-4,1,1
12621,12621,1503958637759,8,1,10,-19,1,14,19,-10
12622,12622,1503958637766,-15,5,-15,20,5,1,-10,-7
12623,12623,1503958637775,24,-11,6,-15,3,4,-2,23
12624,12624,1503958637789,-33,-2,23,16,-6,-2,-14,-6
12625,12625,1503958637797,-5,-3,-11,-7,-3,-3,-9,-21
12626,12626,1503958637805,3,-23,-12,-5,-13,-7,3,7
12627,12627,1503958637819,-2,10,0,-10,-23,11,4,12
12628,12628,1503958637820,2,-16,-7,-5,46,3,-3,19
13431,13431,1503958645753,0,4,-3,-3,-6,-3,-2,2
13432,13432,1503958645769,-5,1,2,-4,-9,-3,-5,-10
13433,13433,1503958645776,-1,-19,-8,-1,-2,0,1,-4
13434,13434,1503958645784,1,0,-4,2,-8,-2,-2,-1
13435,13435,1503958645798,-7,1,5,1,-3,0,1,0
13436,13436,1503958645806,0,4,4,-2,-3,-1,3,2
13437,13437,1503958645813,-4,-1,1,11,10,1,-1,-1
13438,13438,1503958645829,0,6,0,-7,2,0,2,4
13439,13439,1503958645836,0,4,3,-4,17,0,-2,0
13440,13440,1503958645844,7,6,-1,-3,4,-1,-4,2
13441,13441,1503958645858,0,1,-5,-7,-4,0,-2,-4
13442,13442,1503958645867,-2,4,-1,-3,-3,-1,-1,3
13443,13443,1503958645874,5,0,-9,-29,-24,-4,-9,3
13444,13444,1503958645888,-1,-4,-2,0,13,0,-1,-2
13445,13445,1503958645896,0,0,-6,4,9,-2,2,-2
13446,13446,1503958645904,-8,-5,3,13,3,-1,2,-4
13447,13447,1503958645918,1,1,2,5,2,1,-2,-3
13448,13448,1503958645929,-2,0,7,4,-5,-1,0,-7
13449,13449,1503958645934,12,11,-2,-5,-12,-1,-1,-1
13450,13450,1503958645949,-4,-11,-1,-3,-8,-1,-1,-2
13451,13451,1503958645956,-3,-3,-1,-10,-7,-1,-2,2
13452,13452,1503958645965,-3,0,3,-6,16,-1,-2,3
13453,13453,1503958645978,1,-3,2,1,-1,3,4,-1
13454,13454,1503958645986,-2,1,-2,13,-9,-1,0,-5
13455,13455,1503958645995,-3,-4,-4,3,-5,-3,-6,-6
13456,13456,1503958646008,-1,1,-7,10,-5,2,3,1
13457,13457,1503958646016,-10,-5,14,12,0,1,5,-1
13458,13458,1503958646024,-9,2,-3,-1,-11,-5,-5,-4
13459,13459,1503958646039,-5,3,5,7,4,3,3,-1
13460,13460,1503958646046,4,-2,5,-9,-12,0,1,4
13461,13461,1503958646054,-7,-5,-1,1,3,-3,-1,-4
13462,13462,1503958646078,5,0,-6,-12,1,0,-5,-13
13463,13463,1503958646079,-3,-4,-2,0,-32,-3,-6,-6
13464,13464,1503958646084,2,1,-5,-2,3,5,0,5
13465,13465,1503958646085,-1,-3,2,-5,4,-2,-2,2
13466,13466,1503958646098,8,6,-1,-6,-4,-2,1,3
13467,13467,1503958646106,1,0,-7,-17,-35,-9,-7,5
13468,13468,1503958646120,-5,-3,2,-4,-3,-3,-4,3
13469,13469,1503958646133,-3,4,2,5,14,1,2,-2
13470,13470,1503958646136,1,4,0,1,7,-1,-4,-14
13471,13471,1503958646151,7,-4,0,3,28,1,0,0
13472,13472,1503958646158,4,17,8,6,23,0,-3,4
13473,13473,1503958646166,2,0,-3,-3,-23,3,-1,5
13474,13474,1503958646180,-5,-10,-5,1,-1,-4,0,8
13475,13475,1503958646189,-5,-1,-3,6,2,0,5,-16
13476,13476,1503958646197,1,2,0,-3,1,-1,4,-2
13477,13477,1503958646211,-4,13,6,-4,-7,-1,-2,2
13478,13478,1503958646218,5,5,7,-4,-3,-1,-2,4
13479,13479,1503958646219,1,-13,-22,-5,10,-2,-3,-16
13480,13480,1503958646226,-15,6,10,16,8,0,2,0
13481,13481,1503958646227,8,-4,-2,-10,3,-1,-6,-13
13482,13482,1503958646240,5,-1,0,-5,-13,0,-3,10
13483,13483,1503958646248,2,-1,3,4,-1,-1,-3,5
13484,13484,1503958646256,-4,5,0,-3,1,-2,2,3
13485,13485,1503958646272,3,-5,-2,-6,6,3,5,3
13486,13486,1503958646278,-5,5,-1,-3,26,-1,-2,-1
13487,13487,1503958646288,-6,-5,8,3,36,-1,0,10
13488,13488,1503958646300,-4,-2,-1,3,5,5,3,-5
13489,13489,1503958646308,-1,-4,0,-4,1,-1,2,8
13490,13490,1503958646316,0,11,13,-1,-7,0,0,1
13491,13491,1503958646331,-2,-12,-5,-3,2,-1,0,-4
13492,13492,1503958646339,-2,3,1,3,-9,-3,-3,-2
13493,13493,1503958646346,-3,-1,9,-4,-12,-2,-1,2
13494,13494,1503958646360,-1,0,0,13,33,1,5,-1
13495,13495,1503958646369,-3,-1,-8,0,-1,1,2,-10
13496,13496,1503958646383,-1,-3,7,4,-1,-1,1,1
13497,13497,1503958646391,2,-3,1,-4,-8,0,-3,5
13498,13498,1503958646399,-4,-7,0,-7,-18,0,-1,3
13499,13499,1503958646406,2,-1,2,2,11,-1,-3,-7
13500,13500,1503958646407,1,-5,-6,-1,1,-3,-1,-6
13501,13501,1503958646420,-3,18,19,6,5,0,-2,0
13502,13502,1503958646428,0,8,4,5,-6,-1,-2,1
13503,13503,1503958646436,3,-10,-18,-16,-23,-4,-6,-3
13504,13504,1503958646451,0,-3,-2,-4,1,-1,-3,7
13505,13505,1503958646458,1,-5,-6,3,6,1,-1,3
13506,13506,1503958646466,-3,7,1,4,-9,1,3,-6
13507,13507,1503958646480,1,-5,-2,-5,-2,0,-1,-4
13508,13508,1503958646488,-2,10,6,-4,-2,2,-1,-4
13509,13509,1503958646498,4,-11,-10,-9,-7,-2,-2,-1
13510,13510,1503958646518,-3,18,18,6,-8,-2,-3,6
13511,13511,1503958646526,-2,0,4,1,-6,0,1,-2
13512,13512,1503958646541,3,-4,-9,-10,-19,0,-1,-2
13513,13513,1503958646548,-7,-1,5,13,-10,-2,-2,-3
13514,13514,1503958646556,3,0,-2,-5,-7,-4,-1,3
13515,13515,1503958646571,-1,-22,-11,-4,3,-1,0,0
13516,13516,1503958646578,2,-3,4,2,0,-2,-1,-3
13517,13517,1503958646586,7,11,3,0,3,1,0,4
13518,13518,1503958646600,-9,-9,-8,-4,1,-1,2,-7
13519,13519,1503958646608,-3,-9,2,-9,3,0,-5,-2
13520,13520,1503958646616,5,-3,4,-4,10,2,1,0
13521,13521,1503958646634,1,5,-1,-5,-4,0,1,-4
13522,13522,1503958646638,-5,-5,2,2,-3,0,1,0
13523,13523,1503958646646,3,1,9,-9,1,0,-1,2
13524,13524,1503958646660,-1,-4,-5,5,-1,-2,-3,2
13525,13525,1503958646669,-7,-1,-8,-6,-5,-2,1,3
13526,13526,1503958646676,-2,1,-4,-5,-6,-2,-2,-13
13527,13527,1503958646691,3,1,3,-5,-8,1,0,-13
13528,13528,1503958646700,-6,3,2,-6,1,-2,-4,5
13529,13529,1503958646706,9,5,-9,-9,-11,2,-1,3
13530,13530,1503958646720,1,-3,4,9,3,-1,0,1
13531,13531,1503958646728,-1,-2,-5,7,17,1,2,10
13532,13532,1503958646737,2,4,0,6,-1,-1,-2,3
13533,13533,1503958646751,-2,-8,-1,3,1,-1,-2,-8
13534,13534,1503958646758,1,15,6,-4,1,1,3,2
13535,13535,1503958646768,4,5,1,0,-4,0,-4,-2
13536,13536,1503958646780,-5,-9,-4,-7,-2,0,0,-11
13537,13537,1503958646791,-7,-4,2,0,7,-1,-1,-2
13538,13538,1503958646796,9,7,-8,0,4,2,0,4
13539,13539,1503958646811,3,6,0,-4,-7,-3,3,4
13540,13540,1503958646818,-2,-15,0,-3,-4,-3,-1,1
13541,13541,1503958646834,0,17,-1,5,5,2,1,-5
13542,13542,1503958646835,-4,-4,-1,5,3,-3,-2,-4
13543,13543,1503958646840,-5,7,-1,-6,1,0,1,6
13544,13544,1503958646848,-1,1,5,0,-2,4,0,-6
13545,13545,1503958646856,-3,-11,-5,4,0,3,6,-7
13546,13546,1503958646872,-4,-2,0,-9,-8,-2,-2,6
13547,13547,1503958646878,1,0,-1,-5,-11,-1,-2,3
13548,13548,1503958646886,-7,-1,-7,7,-7,-3,-2,-4
13549,13549,1503958646903,-1,0,1,-7,3,-3,-3,-1
13550,13550,1503958646909,2,-6,-5,0,5,-3,0,3
13551,13551,1503958646916,2,4,-2,4,2,-2,-5,-6
13552,13552,1503958646931,-1,3,-8,-9,-3,-1,1,2
13553,13553,1503958646939,-7,-4,-2,-1,-4,2,-1,-7
13554,13554,1503958646946,-2,-1,-3,0,3,-1,-4,-2
13555,13555,1503958646960,2,1,6,-7,-1,-4,-3,10
13556,13556,1503958646969,-4,6,-3,7,3,-1,0,-5
13557,13557,1503958646977,-2,-6,-2,5,-2,-3,-1,4
13558,13558,1503958646991,-2,-2,5,8,9,2,-1,1
13559,13559,1503958646998,0,-24,-9,-6,-3,-2,0,-3
13560,13560,1503958647006,2,-20,-2,5,-3,-1,1,-1
13561,13561,1503958647020,-8,-3,7,-8,1,-1,-1,-2
14284,14284,1503958654229,-3,1,-3,1,3,-1,-1,-2
14285,14285,1503958654236,0,0,8,-3,0,-1,-3,-1
14286,14286,1503958654253,0,7,-1,-3,-1,1,-1,-2
14287,14287,1503958654258,0,11,-2,3,1,-2,2,3
14288,14288,1503958654266,1,0,3,-3,-2,0,-4,-2
14289,14289,1503958654281,-1,-3,-6,2,-1,-2,0,0
14290,14290,1503958654289,1,2,3,2,-3,-1,2,-9
14291,14291,1503958654290,-2,-2,-3,-4,2,-1,1,-2
14292,14292,1503958654296,0,0,2,-4,-6,-2,-1,-1
14293,14293,1503958654311,-3,0,0,9,8,0,0,-2
14294,14294,1503958654320,-2,-2,-1,-6,0,-1,-1,-3
14295,14295,1503958654326,-2,1,-2,-3,0,-1,-1,1
14296,14296,1503958654341,-2,-2,2,3,3,-1,-1,-1
14297,14297,1503958654349,1,1,-4,-7,-3,-2,0,1
14298,14298,1503958654356,0,-4,-6,2,-3,1,-1,4
14299,14299,1503958654371,0,0,3,-1,-5,-2,-1,2
14300,14300,1503958654378,-1,3,0,-3,-7,0,0,3
14301,14301,1503958654390,-2,5,9,0,11,1,-2,-9
14302,14302,1503958654401,-7,-13,14,-8,-2,0,-5,-4
14303,14303,1503958654409,1,-5,-3,3,-9,-3,0,1
14304,14304,1503958654416,0,3,-4,-1,2,-3,-1,2
14305,14305,1503958654431,0,0,4,-2,1,-1,-2,1
14306,14306,1503958654438,0,-3,-4,-1,-5,-2,0,-2
14307,14307,1503958654446,2,-1,-11,-2,-11,-1,-1,-1
14308,14308,1503958654461,3,5,-5,-4,1,-1,-1,0
14309,14309,1503958654469,0,8,3,1,-1,-2,-1,-1
14310,14310,1503958654475,-1,6,-3,9,1,0,2,-2
14311,14311,1503958654492,-3,-3,-1,-6,-3,0,-2,-2
14312,14312,1503958654498,0,12,11,-3,5,1,-4,-7
14313,14313,1503958654513,-2,-6,-3,1,2,-1,2,-3
14314,14314,1503958654522,0,-6,-5,-6,-2,0,0,1
14315,14315,1503958654531,-2,-4,0,-2,5,-1,-2,-3
14316,14316,1503958654543,1,-3,-5,6,0,1,2,-1
14317,14317,1503958654551,-2,-3,-6,4,3,0,2,-3
14318,14318,1503958654558,-1,0,2,2,-2,-1,-1,-1
14319,14319,1503958654573,-2,0,2,-2,-4,-1,0,1
14320,14320,1503958654581,-1,-6,-6,-3,3,-1,-1,1
14321,14321,1503958654602,-2,-8,-2,0,3,-1,0,-1
14322,14322,1503958654610,-1,13,5,-11,4,-2,-7,-1
14323,14323,1503958654618,-2,0,1,-3,0,-1,-2,-4
14324,14324,1503958654633,-1,-7,-5,11,-3,1,4,-1
14325,14325,1503958654640,0,1,3,-3,8,-1,1,0
14326,14326,1503958654641,-3,2,5,1,-10,-1,-1,-4
14327,14327,1503958654649,2,-2,-3,-8,0,-2,-1,-1
14328,14328,1503958654662,-2,-8,-7,4,-5,-1,1,1
14329,14329,1503958654671,-1,1,8,-4,-4,-1,-2,0
14330,14330,1503958654678,-1,-3,-1,-14,-9,-1,-4,1
14331,14331,1503958654693,0,1,1,3,-2,0,-1,-3
14332,14332,1503958654700,-2,0,-2,5,4,0,2,1
14333,14333,1503958654709,-1,-6,-7,6,-10,-1,1,1
14334,14334,1503958654726,-4,-6,-1,0,2,-1,-3,-1
14335,14335,1503958654731,-2,0,-1,0,0,0,-1,0
14336,14336,1503958654738,0,1,-3,-5,-1,-2,0,2
14337,14337,1503958654753,-2,-2,2,-2,1,0,-2,-3
14338,14338,1503958654761,-1,1,0,-1,-1,0,0,-4
14339,14339,1503958654776,1,-2,-4,-4,9,0,0,-1
14340,14340,1503958654783,3,2,2,-1,3,0,1,1
14341,14341,1503958654791,2,6,3,-4,4,0,0,1
14342,14342,1503958654798,-1,3,6,6,-2,0,1,-3
14343,14343,1503958654813,0,2,0,1,0,0,1,4
14344,14344,1503958654823,1,0,-3,0,-6,-1,-2,-1
14345,14345,1503958654829,-1,0,2,2,1,-4,-5,-4
14346,14346,1503958654843,0,1,10,-5,3,-2,-3,-2
14347,14347,1503958654851,-1,-5,-8,1,-7,0,0,-1
14348,14348,1503958654858,-1,2,4,-7,1,-1,-2,-3
14349,14349,1503958654873,-2,-4,0,-4,-5,0,-2,0
14350,14350,1503958654881,-3,1,-2,4,-1,-9,0,-7
14351,14351,1503958654891,-1,7,-2,2,-3,0,0,-2
14352,14352,1503958654903,0,1,-3,2,4,4,3,2
14353,14353,1503958654911,1,4,1,1,-4,-2,-1,-1
14354,14354,1503958654918,0,-3,-3,-3,4,-1,-3,0
14355,14355,1503958654933,0,-8,-9,-9,1,2,-1,13
14356,14356,1503958654940,-5,-4,-3,1,4,4,-3,-2
14357,14357,1503958654949,-2,-2,4,-4,-5,-5,-3,-5
14358,14358,1503958654963,0,0,-4,-1,-1,0,-2,-3
14359,14359,1503958654977,1,-5,3,-9,11,1,1,-2
14360,14360,1503958654978,-1,-2,3,-1,-1,1,0,0
14361,14361,1503958654993,-2,-1,-4,-5,-4,-2,-1,-2
14362,14362,1503958655001,-4,1,8,18,37,3,-2,-12
14363,14363,1503958655009,1,-2,-6,-10,-14,-2,-4,5
14364,14364,1503958655024,-4,-3,2,-3,-1,5,-1,-5
14365,14365,1503958655025,3,4,5,9,-1,-15,-1,-4
14366,14366,1503958655031,5,0,1,-6,-5,0,-8,-4
14367,14367,1503958655038,-5,-12,-14,-10,-32,-1,0,2
14368,14368,1503958655053,2,1,3,-2,-15,0,5,-1
14369,14369,1503958655061,-2,-4,3,-7,-5,1,0,0
14370,14370,1503958655078,4,-2,-14,-21,-9,0,10,2
14371,14371,1503958655083,-3,3,9,1,-1,0,-1,-2
14372,14372,1503958655092,-8,-3,7,27,8,1,1,-13
14373,14373,1503958655098,5,-4,-1,-7,-16,-1,-2,6
14374,14374,1503958655113,8,1,-6,-47,-21,0,1,13
14375,14375,1503958655121,7,11,0,3,26,9,6,4
14376,14376,1503958655129,-1,0,4,22,38,2,15,-12
14377,14377,1503958655143,11,8,-6,-13,5,4,3,4
14378,14378,1503958655151,3,-4,-8,-35,-24,4,-10,-1
14379,14379,1503958655159,-18,-20,11,8,4,6,-4,-13
14380,14380,1503958655173,-10,-3,2,34,21,1,10,0
14381,14381,1503958655180,-4,-2,-7,-7,-46,-1,6,6
14382,14382,1503958655189,10,5,-10,-1,-26,-2,1,4
14383,14383,1503958655203,-15,-9,-1,7,9,-1,14,8
14384,14384,1503958655211,-11,3,-2,-11,-6,-17,-30,-10
14385,14385,1503958655218,-3,-7,-6,-10,-13,-2,-15,-9
14386,14386,1503958655233,-8,-17,14,-4,13,4,1,9
14387,14387,1503958655240,3,6,-4,8,10,1,-12,-1
14388,14388,1503958655249,0,5,-2,24,1,-9,-3,-8
14389,14389,1503958655263,-4,2,8,2,2,-4,7,-1
14390,14390,1503958655271,5,8,2,0,2,-12,-8,14
14391,14391,1503958655278,16,11,-15,-6,-13,-5,-15,8
14392,14392,1503958655295,-5,-6,15,8,30,5,5,-8
14393,14393,1503958655301,-12,-10,-3,-6,1,-5,-31,-5
14394,14394,1503958655316,-12,-4,9,-3,-18,8,28,-1
14395,14395,1503958655323,4,-3,-11,2,7,3,20,7
14396,14396,1503958655339,1,5,-1,-7,-7,0,1,-1
14397,14397,1503958655353,-6,-14,-4,10,-22,1,1,7
14398,14398,1503958655361,2,7,2,-5,-9,-11,0,8
14399,14399,1503958655369,-5,-5,1,-7,-5,-14,-10,-19
14400,14400,1503958655383,1,-5,-4,-7,-13,2,1,2
14401,14401,1503958655392,-5,-3,-3,16,-17,1,-5,6
14402,14402,1503958655398,0,6,1,3,18,4,7,-11
14403,14403,1503958655413,5,5,1,0,-3,4,-2,7
14404,14404,1503958655421,6,5,-5,15,3,0,0,5
14405,14405,1503958655436,4,8,11,5,10,-1,3,-4
14406,14406,1503958655443,3,-9,9,0,3,1,10,9
14407,14407,1503958655451,2,1,-4,3,6,2,-7,-6
14408,14408,1503958655465,-9,-6,9,2,4,1,0,-9
14409,14409,1503958655473,-1,-2,-12,-18,-5,-3,-27,-3
14410,14410,1503958655480,-7,-5,7,-2,22,2,-1,-5
14411,14411,1503958655496,-1,-5,1,-5,6,1,3,14
14412,14412,1503958655503,10,13,-12,1,-20,-5,-8,-3
14413,14413,1503958655511,-3,-6,-1,6,22,7,8,1
14414,14414,1503958655525,-1,-9,10,-1,-11,4,2,1
14415,14415,1503958655533,-5,0,-5,1,-3,-3,0,-9
14416,14416,1503958655541,7,5,-3,-6,-17,-5,-1,-3
14417,14417,1503958655556,6,2,-3,-7,-22,-2,1,4
14418,14418,1503958655563,-1,2,-11,6,-2,-4,1,-2
14419,14419,1503958655571,2,4,2,-1,0,1,5,-11
14420,14420,1503958655585,-2,-6,10,-7,2,0,3,8
14421,14421,1503958655595,3,0,3,4,5,-3,-4,6
14422,14422,1503958655602,-2,0,4,-19,6,1,-4,-1
14423,14423,1503958655615,1,9,-8,-3,-6,-2,1,-12
14424,14424,1503958655623,5,0,23,-6,-7,-24,-4,-11
14425,14425,1503958655632,4,-7,4,-11,-18,-3,0,13
14426,14426,1503958655645,-9,-1,-7,4,-2,-1,-2,-6
14427,14427,1503958655653,-4,5,12,15,25,4,2,-5
14428,14428,1503958655663,-6,-6,-9,-10,19,-1,-2,1
14429,14429,1503958655676,-7,3,2,-6,4,1,-5,5
14430,14430,1503958655683,-7,-5,1,5,-15,12,2,-7
14431,14431,1503958655692,8,-9,-20,5,-3,-4,1,-18
14432,14432,1503958655705,-2,15,1,10,-2,2,-6,-19
14433,14433,1503958655713,-8,4,-6,-6,7,-2,1,-6
14434,14434,1503958655720,-2,-6,7,-8,-2,-11,1,9
15587,15587,1503958667105,-2,0,6,-1,5,-4,-1,-2
15588,15588,1503958667112,7,12,-1,5,-1,1,0,-14
15589,15589,1503958667120,-3,7,11,-9,-13,2,-1,2
15590,15590,1503958667134,-16,5,-3,12,-3,-3,0,-25
15591,15591,1503958667143,-2,4,7,-3,-4,-6,-2,10
15592,15592,1503958667151,3,-7,-5,3,5,-1,2,3
15593,15593,1503958667165,5,2,1,-2,-3,-2,-2,-7
15594,15594,1503958667172,-8,-3,-11,3,12,-3,-3,-9
15595,15595,1503958667180,-4,-13,-3,1,1,3,1,12
15596,15596,1503958667194,0,12,3,8,5,1,3,-2
15597,15597,1503958667203,9,17,10,-12,6,6,-1,7
15598,15598,1503958667210,12,34,-1,17,-6,3,8,-5
15599,15599,1503958667225,-9,-17,-8,0,6,2,-3,-11
15600,15600,1503958667232,-4,0,9,-12,2,-4,-7,-8
15601,15601,1503958667240,-2,5,-10,2,-7,-1,-1,-3
15602,15602,1503958667254,2,0,1,-17,-16,1,-1,9
15603,15603,1503958667262,-2,-2,-7,3,4,-10,-4,10
15604,15604,1503958667263,-7,3,1,4,-2,6,7,-11
15605,15605,1503958667270,1,-12,2,-12,21,-2,-4,-6
15606,15606,1503958667285,10,11,-5,6,-8,-5,-19,4
15607,15607,1503958667292,-2,-33,8,-9,-8,5,7,13
15608,15608,1503958667300,-5,11,-18,6,4,-7,7,-3
15609,15609,1503958667314,1,4,10,11,-2,-3,-5,0
15610,15610,1503958667322,-5,-12,4,-4,-1,0,3,-3
15611,15611,1503958667330,-5,3,4,-1,-3,1,5,1
15612,15612,1503958667345,-4,3,11,-9,-1,-2,-2,1
15613,15613,1503958667353,0,-3,-6,-3,7,-10,-16,-15
15614,15614,1503958667360,-29,-20,-15,9,-4,-4,-6,-16
15615,15615,1503958667374,-2,-8,2,-4,2,-6,2,4
15616,15616,1503958667383,6,-3,6,-15,-4,-5,-2,5
15617,15617,1503958667390,2,31,-2,-1,-7,4,0,-5
15618,15618,1503958667405,11,-12,6,4,3,-2,1,7
15619,15619,1503958667412,-7,-18,1,-5,-1,1,11,-3
15620,15620,1503958667420,11,15,-5,4,-1,0,7,-2
15621,15621,1503958667434,0,-8,-10,7,-3,3,-2,-8
15622,15622,1503958667445,4,-3,2,-23,-7,3,2,1
15623,15623,1503958667450,-4,-20,0,-12,-7,-1,-1,-1
15624,15624,1503958667465,5,-11,0,-7,7,1,-6,7
15625,15625,1503958667472,-7,-12,6,0,-5,-2,-4,2
15626,15626,1503958667480,3,6,-13,11,1,-1,4,0
15627,15627,1503958667494,3,4,0,-1,1,-2,1,-3
15628,15628,1503958667502,-6,9,3,11,4,-1,0,-2
15629,15629,1503958667512,8,22,6,-1,-1,2,0,8
15630,15630,1503958667525,-5,1,6,13,15,-2,-3,-5
15631,15631,1503958667532,0,-9,-14,-11,-19,-10,-8,5
15632,15632,1503958667540,7,15,1,-4,-1,-2,3,-10
15633,15633,1503958667554,-5,13,-4,7,9,0,-4,-6
15634,15634,1503958667562,-8,1,-5,-2,-3,-2,-3,-7
15635,15635,1503958667579,3,-5,-4,-3,-3,0,2,-7
15636,15636,1503958667585,-6,-15,-1,1,0,-2,14,-5
15637,15637,1503958667592,-2,-3,-4,12,5,-1,-18,-10
15638,15638,1503958667608,-2,-6,3,-5,-17,2,-8,-5
15639,15639,1503958667614,-2,-1,-3,-3,-9,-1,1,11
15640,15640,1503958667623,-2,4,1,2,-10,-2,1,7
15641,15641,1503958667637,1,-9,0,2,5,0,2,4
15642,15642,1503958667648,-2,-7,4,3,3,-1,3,-3
15643,15643,1503958667652,-1,-1,-7,-8,3,1,4,1
15644,15644,1503958667668,4,20,-4,0,4,-2,-3,-9
15645,15645,1503958667674,3,-5,0,-3,-5,0,1,7
15646,15646,1503958667684,0,-10,-5,-8,-2,8,-4,20
15647,15647,1503958667697,-6,2,-4,8,1,-7,-11,1
15648,15648,1503958667705,1,-1,0,-7,0,-2,-4,6
15649,15649,1503958667713,-3,-9,10,3,5,1,11,-12
15650,15650,1503958667727,1,13,-2,7,3,-1,-2,0
15651,15651,1503958667728,-7,-18,8,-10,-1,-3,-3,-2
15652,15652,1503958667734,1,31,-9,10,8,5,1,-6
15653,15653,1503958667742,7,14,5,5,8,0,1,-5
15654,15654,1503958667757,6,-10,-3,1,-8,-3,3,-6
15655,15655,1503958667767,-8,-16,-8,0,16,-2,0,-6
15656,15656,1503958667773,-6,5,-1,2,3,-2,0,-2
15657,15657,1503958667789,3,-2,7,-14,-2,-2,-1,5
15658,15658,1503958667795,3,-13,0,-14,11,4,1,16
15659,15659,1503958667803,4,-4,-8,2,0,1,0,0
15660,15660,1503958667819,-5,-4,9,11,-8,-5,-2,-8
15661,15661,1503958667825,1,1,-1,2,-10,0,0,0
15662,15662,1503958667833,-1,8,10,2,-12,2,-1,-3
15663,15663,1503958667848,-1,-4,-8,-2,-3,-2,-1,-4
15664,15664,1503958667856,-7,13,1,-9,-15,3,4,-8
15665,15665,1503958667862,-3,2,0,6,2,0,2,-2
15666,15666,1503958667880,1,-15,-11,2,-1,-3,-1,-4
15667,15667,1503958667885,-4,2,-2,-2,-5,-3,-6,-14
15668,15668,1503958667893,2,-9,-9,5,10,2,-2,-4
15669,15669,1503958667907,5,-9,4,-6,-2,-3,2,9
15670,15670,1503958667916,-1,-15,7,-9,-1,-2,5,0
15671,15671,1503958667923,-4,35,23,6,1,0,-6,-5
15672,15672,1503958667938,1,-3,6,-8,0,1,0,0
15673,15673,1503958667945,13,-11,-6,-6,-3,1,0,9
15674,15674,1503958667953,-4,6,4,-3,3,-2,-5,13
15675,15675,1503958667967,-8,-12,9,-3,-5,-1,0,0
15676,15676,1503958667968,5,-1,-8,1,1,0,3,7
15677,15677,1503958667976,-6,-11,-3,-7,-1,-5,-1,4
15678,15678,1503958667983,-2,20,12,-3,-3,-2,-2,-5
15679,15679,1503958667998,0,6,-3,-3,-2,0,4,-8
15680,15680,1503958668005,-3,-9,-5,0,0,1,2,0
15681,15681,1503958668015,-4,-8,3,-2,1,0,-1,-2
15682,15682,1503958668034,5,-1,-3,-2,-3,1,7,4
15683,15683,1503958668035,-1,-16,-6,-1,-5,-4,-4,-4
15684,15684,1503958668036,2,2,8,-12,2,4,-2,-2
15685,15685,1503958668043,-11,2,-6,11,-1,2,-2,-9
15686,15686,1503958668058,5,4,3,-2,1,-2,-21,2
15687,15687,1503958668065,-1,2,4,-9,-3,-2,0,0
15688,15688,1503958668083,0,7,1,-2,6,5,1,4
15689,15689,1503958668089,-1,2,-14,3,-2,0,-6,-2
15690,15690,1503958668096,-4,7,-6,1,-2,-4,8,-9
15691,15691,1503958668102,5,7,-4,4,-1,-1,-6,-4
15692,15692,1503958668103,12,10,8,-1,-2,-4,-20,-2
15693,15693,1503958668118,1,-5,-11,13,3,0,11,3
15694,15694,1503958668125,-13,-14,-2,6,5,-2,1,-3
15695,15695,1503958668141,-2,5,6,5,7,-1,-4,4
15696,15696,1503958668152,-5,-7,2,3,5,4,12,2
15697,15697,1503958668156,3,-13,-9,4,-9,-3,-13,-5
15698,15698,1503958668163,0,19,8,10,5,1,1,-3
15699,15699,1503958668178,-3,-21,-6,-4,-1,-2,6,1
15700,15700,1503958668186,6,5,-8,-6,-2,-1,5,2
15701,15701,1503958668201,-5,7,12,-5,-2,-2,2,-4
15702,15702,1503958668208,-7,-8,-1,-2,3,-3,9,0
15703,15703,1503958668228,5,-13,-18,-35,-17,0,5,7
15704,15704,1503958668240,4,2,-4,8,1,4,4,-2
16437,16437,1503958675496,0,-2,0,-7,-7,0,1,2
16438,16438,1503958675497,-2,-1,0,1,-3,-1,-2,-3
16439,16439,1503958675505,0,13,5,1,2,0,-1,-1
16440,16440,1503958675512,-5,-8,-10,0,-5,0,2,-1
16441,16441,1503958675527,1,-3,4,-8,-2,-1,-2,-2
16442,16442,1503958675535,2,0,1,0,-2,1,1,-1
16443,16443,1503958675544,-2,-2,2,0,4,0,-2,0
16444,16444,1503958675559,-1,0,3,5,6,0,-2,-2
16445,16445,1503958675565,1,3,3,-3,-1,-2,-2,-1
16446,16446,1503958675572,-5,-13,-2,-3,-4,-1,-1,-2
16447,16447,1503958675587,-2,1,-1,2,1,0,1,-1
16448,16448,1503958675595,4,8,-1,-9,-6,-1,0,-1
16449,16449,1503958675603,-6,-5,-4,-3,-5,-1,0,-2
16450,16450,1503958675616,0,8,0,1,4,1,2,-3
16451,16451,1503958675617,-2,4,0,0,0,-2,-2,-2
16452,16452,1503958675625,2,-2,-1,0,-3,2,0,-1
16453,16453,1503958675635,-1,-1,0,0,-3,-2,0,0
16454,16454,1503958675647,-1,-7,6,-3,2,0,-2,-3
16455,16455,1503958675655,1,0,2,-3,-1,-1,-1,2
16456,16456,1503958675663,0,-2,-2,2,-2,-1,0,0
16457,16457,1503958675677,-1,0,-2,4,-1,0,-3,-3
16458,16458,1503958675685,1,6,1,-3,3,0,0,0
16459,16459,1503958675692,0,-3,-1,-2,0,0,-1,-1
16460,16460,1503958675707,0,-5,-8,1,-1,-1,2,0
16461,16461,1503958675715,0,0,3,0,0,-1,-1,-3
16462,16462,1503958675723,-1,10,4,-4,-2,-2,-1,-2
16463,16463,1503958675737,-1,-4,0,2,2,0,0,0
16464,16464,1503958675745,1,8,-12,3,-1,-2,0,1
16465,16465,1503958675752,1,9,3,1,10,1,0,-2
16466,16466,1503958675769,0,5,4,-1,1,0,-2,-1
16467,16467,1503958675776,0,-1,1,-1,2,-1,0,0
16468,16468,1503958675790,-3,-4,-2,1,1,0,0,-5
16469,16469,1503958675796,-2,8,2,0,-2,-1,-1,-7
16470,16470,1503958675805,-2,-6,0,-2,-2,-1,-2,2
16471,16471,1503958675819,0,-2,-1,-5,-4,-1,-2,10
16472,16472,1503958675827,0,-5,2,-3,-1,0,-4,4
16473,16473,1503958675836,-1,-1,-3,-3,-3,-1,-2,-2
16474,16474,1503958675843,-2,-12,3,-1,-2,0,-1,-3
16475,16475,1503958675856,1,-6,-3,0,-2,-1,0,0
16476,16476,1503958675865,-1,-5,-1,-1,0,0,0,-2
16477,16477,1503958675872,-1,-1,5,4,0,-1,-1,-9
16478,16478,1503958675887,-2,-1,3,0,4,-1,2,3
16479,16479,1503958675895,0,-7,-9,-6,-1,0,0,5
16480,16480,1503958675904,0,-2,-5,-1,3,-1,-2,-2
16481,16481,1503958675916,0,-3,1,1,4,1,-1,-2
16482,16482,1503958675917,-2,-2,-1,-3,1,1,0,-2
16483,16483,1503958675925,0,-3,6,-5,3,0,-1,-1
16484,16484,1503958675932,-1,2,-6,4,-2,-2,1,-4
16485,16485,1503958675948,-1,8,-3,1,-4,-1,-2,-1
16486,16486,1503958675955,1,2,0,-1,1,0,1,0
16487,16487,1503958675971,-3,-6,-4,-2,-1,-3,-1,-10
16488,16488,1503958675977,2,1,5,-2,-2,-1,-2,0
16489,16489,1503958675985,-7,-21,0,-2,-4,0,-1,5
16490,16490,1503958675999,-6,-15,-4,6,-1,-1,-1,-1
16491,16491,1503958676007,3,4,-1,-8,-6,-3,-1,2
16492,16492,1503958676015,2,3,4,0,0,-1,-1,-1
16493,16493,1503958676030,-1,6,-3,1,0,0,1,-1
16494,16494,1503958676038,-2,-2,0,-1,-1,-2,-4,0
16495,16495,1503958676046,-1,6,-1,0,0,0,0,-2
16496,16496,1503958676059,-8,-1,-4,-5,-6,0,0,0
16497,16497,1503958676067,2,1,4,7,2,0,-2,-3
16498,16498,1503958676076,-1,-3,4,-1,-3,-2,-1,0
16499,16499,1503958676090,2,0,-3,0,-2,-1,0,-2
16500,16500,1503958676097,2,2,6,-2,1,-1,-2,-3
16501,16501,1503958676105,1,-1,-2,-1,0,-2,-2,1
16502,16502,1503958676119,-5,-16,-7,-1,-3,-2,0,-1
16503,16503,1503958676127,-6,4,-5,1,-4,1,-1,-6
16504,16504,1503958676134,2,1,-1,-10,-3,2,-1,0
16505,16505,1503958676135,1,-7,0,2,-1,-1,2,1
16506,16506,1503958676150,1,-6,-3,1,-2,-1,0,1
16507,16507,1503958676157,2,6,0,-1,0,-1,-1,-3
16508,16508,1503958676165,-4,-7,0,0,-4,-1,-1,-1
16509,16509,1503958676179,-5,-2,-9,-2,0,-1,0,-8
16510,16510,1503958676188,-1,-1,1,-7,-2,-1,-2,4
16511,16511,1503958676195,0,6,3,-3,-1,-1,-1,7
16512,16512,1503958676210,-1,-1,-3,-1,0,0,-1,0
16513,16513,1503958676217,3,3,-2,-2,-19,-1,0,0
16514,16514,1503958676225,6,8,0,-2,0,-1,2,-1
16515,16515,1503958676240,-1,6,3,0,4,0,0,-2
16516,16516,1503958676248,3,-3,2,-2,0,-1,-2,1
16517,16517,1503958676255,-4,-7,-2,2,5,0,0,-3
16518,16518,1503958676270,2,10,3,-12,-4,-1,-3,-2
16519,16519,1503958676277,0,2,-1,4,4,-1,-1,-4
16520,16520,1503958676285,-1,-4,0,-2,-2,-1,-1,-5
16521,16521,1503958676299,1,6,1,-3,-9,-2,-2,5
16522,16522,1503958676308,0,4,-4,4,-5,-1,2,5
16523,16523,1503958676315,4,11,8,-3,8,0,0,1
16524,16524,1503958676330,0,-2,3,-1,-3,-1,-2,-3
16525,16525,1503958676340,0,0,-2,3,1,-1,-3,-1
16526,16526,1503958676345,-2,1,-5,-1,-10,1,0,-4
16527,16527,1503958676359,-1,-2,-1,-10,5,0,-3,0
16528,16528,1503958676367,3,-1,6,12,10,0,0,-1
16529,16529,1503958676376,3,1,-2,-1,1,-1,1,-3
16530,16530,1503958676389,-1,-1,1,6,7,-1,-1,-6
16531,16531,1503958676390,-10,-6,1,0,5,0,1,-1
16532,16532,1503958676397,-10,-8,2,1,-2,-1,-1,1
16533,16533,1503958676407,-1,-8,6,7,4,1,1,-4
16534,16534,1503958676419,12,8,1,-16,-16,-1,0,2
16535,16535,1503958676427,2,6,0,6,3,-3,1,-1
16536,16536,1503958676434,-1,-2,-2,-1,1,1,-1,-2
16537,16537,1503958676450,7,1,-1,-7,2,0,-2,-3
16538,16538,1503958676457,-5,-3,-3,0,0,-1,-1,-1
16539,16539,1503958676465,2,-1,-7,-14,-14,-1,-1,9
16540,16540,1503958676479,5,-2,-3,-4,-8,-1,-1,3
16541,16541,1503958676487,3,-1,-4,-4,-6,0,-3,-5
16542,16542,1503958676495,5,4,2,-7,-1,-1,0,0
16543,16543,1503958676510,-5,-14,1,-25,-4,-4,-8,2
16544,16544,1503958676517,-9,-13,-4,-8,-17,-2,-2,-1
16545,16545,1503958676525,3,11,-5,7,-12,-3,0,-5
16546,16546,1503958676539,0,-2,1,6,4,0,3,-2
16547,16547,1503958676540,-4,-1,4,2,-1,-1,-1,-6
16548,16548,1503958676547,-7,-2,1,7,0,1,0,-7
16549,16549,1503958676555,2,2,-4,11,3,4,2,1
16550,16550,1503958676570,-4,3,0,0,6,-1,5,9
16551,16551,1503958676578,-1,-2,-3,9,5,-2,3,-2
16552,16552,1503958676585,-3,-3,0,-1,2,0,-1,1
16553,16553,1503958676599,1,3,3,2,1,-1,-2,-3
16554,16554,1503958676611,1,1,2,-2,6,-2,0,-2
16555,16555,1503958676615,-6,-2,1,8,12,-4,-3,-2
16556,16556,1503958676630,-5,-5,1,8,1,-1,1,-4
16557,16557,1503958676637,-7,-1,7,-1,1,1,-2,-6
16558,16558,1503958676645,3,2,-2,4,1,-1,1,-1
16559,16559,1503958676659,1,4,3,-3,2,-1,-3,2
16560,16560,1503958676667,-5,-5,-2,-4,4,1,-5,-8
16561,16561,1503958676676,3,-1,-6,5,1,0,-1,-3
16562,16562,1503958676690,-6,-2,-1,-14,-6,-5,0,-1
16563,16563,1503958676697,4,4,-5,-7,-10,-4,-11,-2
16564,16564,1503958676705,-2,-1,4,3,5,2,-1,-2
16565,16565,1503958676719,-3,2,3,-2,-4,-1,5,0
16566,16566,1503958676727,-9,-2,6,12,-1,6,9,2
16567,16567,1503958676735,-1,-3,4,7,5,3,3,4
16568,16568,1503958676751,4,-2,-4,0,-4,1,1,2
16569,16569,1503958676757,-2,-1,4,5,26,-8,-16,-8
16570,16570,1503958676765,5,0,3,5,18,-2,-2,0
16571,16571,1503958676779,28,11,-22,-62,-9,7,21,16
17481,17481,1503958685712,2,2,-2,3,1,-2,1,0
17482,17482,1503958685719,1,-3,4,-1,-5,-1,-1,2
17483,17483,1503958685734,-2,0,5,-4,-1,-1,-4,-2
17484,17484,1503958685742,-1,-8,0,-4,3,-1,-1,-3
17485,17485,1503958685750,0,-3,0,-1,-11,-3,-1,1
17486,17486,1503958685763,0,-1,-1,0,0,1,-1,-2
17487,17487,1503958685774,-3,1,5,-6,4,1,-1,0
17488,17488,1503958685779,-2,-8,4,-1,-1,-1,-3,0
17489,17489,1503958685780,-2,7,-3,-2,0,0,-1,0
17490,17490,1503958685795,-1,7,-5,-2,-1,0,0,-1
17491,17491,1503958685802,1,3,5,-7,2,0,-2,-1
17492,17492,1503958685810,-2,0,7,0,-3,-1,-3,-1
17493,17493,1503958685823,-1,0,-1,-2,-2,-2,-2,-3
17494,17494,1503958685824,1,-3,-7,-1,-4,-1,1,0
17495,17495,1503958685832,1,-5,-9,2,-5,-1,-1,-1
17496,17496,1503958685840,-2,-2,0,-2,0,0,0,-2
17497,17497,1503958685854,-1,-5,-5,-3,2,0,0,0
17498,17498,1503958685862,-1,-3,3,-2,-2,-1,-4,0
17499,17499,1503958685870,-1,0,-4,2,1,-1,0,-3
17500,17500,1503958685883,-1,3,0,-2,2,1,0,0
17501,17501,1503958685891,-1,-4,-5,1,0,-2,-2,-3
17502,17502,1503958685892,1,4,3,-7,0,-1,-2,-1
17503,17503,1503958685899,-1,9,1,1,-4,-1,-2,0
17504,17504,1503958685915,-3,3,3,5,4,-1,1,-3
17505,17505,1503958685922,-2,-10,-2,-4,0,0,2,-1
17506,17506,1503958685930,-1,3,0,-1,7,-3,1,0
17507,17507,1503958685944,0,1,1,1,-8,-2,-5,-1
17508,17508,1503958685945,-2,-3,0,-5,1,1,-2,1
17509,17509,1503958685952,-3,-7,2,-1,2,0,1,3
17510,17510,1503958685959,2,-1,0,1,0,-1,0,4
17511,17511,1503958685974,0,2,4,-8,-2,0,-1,1
17512,17512,1503958685982,0,1,-5,1,0,-2,0,-5
17513,17513,1503958685990,0,1,-5,2,-9,-2,0,-3
17514,17514,1503958686004,-2,7,-9,4,1,0,1,-2
17515,17515,1503958686012,-2,-2,4,-5,0,0,-2,-2
17516,17516,1503958686019,0,-9,0,1,0,-2,0,-2
17517,17517,1503958686035,-2,-1,-3,7,-1,-2,-1,-1
17518,17518,1503958686042,-1,-2,5,-4,-1,0,-3,-2
17519,17519,1503958686057,1,-3,-1,-1,-5,-1,-2,1
17520,17520,1503958686064,-1,1,-5,3,0,-3,0,0
17521,17521,1503958686075,0,-8,-2,-4,1,-1,1,0
17522,17522,1503958686081,-4,0,-2,0,0,-1,1,0
17523,17523,1503958686082,-2,-1,6,-3,-4,0,-4,-1
17524,17524,1503958686094,1,-6,-1,-3,-6,0,-1,2
17525,17525,1503958686102,-1,0,4,-4,-3,-1,-1,-1
17526,17526,1503958686110,0,-3,-3,4,0,0,0,0
17527,17527,1503958686124,-1,-5,7,-6,0,-1,-2,-1
17528,17528,1503958686132,-3,-1,-1,1,-2,-2,0,-2
17529,17529,1503958686142,1,1,-3,1,-3,0,-2,-2
17530,17530,1503958686154,-1,-1,1,0,2,-1,0,-3
17531,17531,1503958686162,-1,1,5,-1,-1,-1,0,0
17532,17532,1503958686170,0,6,-2,1,-2,-1,-2,1
17533,17533,1503958686184,-1,-4,2,-5,3,0,-3,-1
17534,17534,1503958686192,-2,2,-5,-1,-1,0,1,-3
17535,17535,1503958686209,-1,-9,-5,5,0,1,1,-2
17536,17536,1503958686214,1,-5,-1,-1,1,-2,-3,-2
17537,17537,1503958686222,-2,0,-4,4,3,-1,3,-1
17538,17538,1503958686237,-3,-1,-1,0,-1,-1,-2,-1
17539,17539,1503958686244,-2,0,3,-3,-1,-1,-2,-1
17540,17540,1503958686252,0,-8,-4,-2,-1,-2,1,-1
17541,17541,1503958686266,-1,-3,-1,1,1,0,-1,3
17542,17542,1503958686276,-1,-4,5,-2,-1,1,-3,-2
17543,17543,1503958686282,0,3,-3,-3,-5,-2,1,-1
17544,17544,1503958686297,-1,0,2,-3,-2,0,0,2
17545,17545,1503958686305,0,-6,-2,0,-2,0,0,0
17546,17546,1503958686319,0,20,1,1,0,-1,-1,-1
17547,17547,1503958686326,-2,2,-4,-1,-2,-1,0,-1
17548,17548,1503958686334,0,0,-2,1,2,-1,-1,-1
17549,17549,1503958686344,-3,7,6,-3,-5,-2,-4,-2
17550,17550,1503958686357,-2,-2,0,0,1,-1,0,-1
17551,17551,1503958686363,0,-12,-4,1,1,-1,0,1
17552,17552,1503958686372,-1,2,0,-3,-2,0,-1,2
17553,17553,1503958686386,1,3,-3,0,0,-2,0,-3
17554,17554,1503958686394,-2,-2,0,-4,1,-1,-1,0
17555,17555,1503958686402,3,1,-4,-4,-3,0,0,1
17556,17556,1503958686418,0,-3,-6,3,-7,-1,2,-3
17557,17557,1503958686424,0,-2,2,0,1,-1,0,-4
17558,17558,1503958686432,0,-3,0,-5,1,0,-3,-1
17559,17559,1503958686447,-1,0,-1,0,-1,-1,-1,0
17560,17560,1503958686454,-2,1,6,-1,1,-1,-2,-2
17561,17561,1503958686462,-1,7,0,4,-3,-1,0,-1
17562,17562,1503958686477,2,1,-5,-4,-5,0,1,2
17563,17563,1503958686484,-1,-1,0,-1,0,-1,1,1
17564,17564,1503958686492,0,-12,1,-2,2,-2,-1,-3
17565,17565,1503958686506,-2,2,-3,-1,1,-1,-3,-2
17566,17566,1503958686514,0,-2,-5,1,3,-1,-1,-1
17567,17567,1503958686522,0,-3,5,-8,-3,1,-2,3
17568,17568,1503958686537,-2,-2,1,0,-3,-1,1,1
17569,17569,1503958686545,1,3,-2,0,-1,0,-1,-2
17570,17570,1503958686552,-2,10,1,-2,-1,-1,0,0
17571,17571,1503958686566,-2,-5,3,-3,-3,-1,-2,-1
17572,17572,1503958686574,-2,-4,-4,0,-4,0,-3,0
17573,17573,1503958686582,-1,4,2,3,1,0,-1,-3
17574,17574,1503958686597,1,-6,-1,0,0,0,0,-3
17575,17575,1503958686604,-3,-5,-6,1,1,-2,0,0
17576,17576,1503958686612,-1,1,4,-2,0,1,-3,-1
17577,17577,1503958686626,-1,-1,3,-1,-1,-2,-1,-1
17578,17578,1503958686634,0,10,1,0,1,-2,1,-1
17579,17579,1503958686642,0,-1,1,-1,-1,-2,1,-3
17580,17580,1503958686656,-1,-1,2,-3,0,0,0,1
17581,17581,1503958686664,-1,-8,0,0,3,0,-2,-4
17582,17582,1503958686672,-2,-3,-2,0,-1,-2,-1,-1
17583,17583,1503958686687,0,-2,-6,3,-2,-2,2,-1
17584,17584,1503958686694,-1,15,2,1,1,-1,2,-3
17585,17585,1503958686702,-1,6,-4,-1,1,-2,-1,-1
17586,17586,1503958686717,0,-5,-2,1,-3,-2,-1,-2
17587,17587,1503958686724,1,0,5,-2,-1,0,-2,-1
17588,17588,1503958686732,-2,-3,2,1,3,0,-1,1
17589,17589,1503958686750,-2,-2,7,-4,-3,-1,-3,1
17590,17590,1503958686755,1,-2,-7,0,-3,-1,-2,-1
17591,17591,1503958686762,0,1,-5,0,-3,-1,2,1
17592,17592,1503958686777,0,-1,0,-3,1,-1,1,-1
17593,17593,1503958686784,-1,-7,-5,-3,2,1,-2,-3
17594,17594,1503958686792,0,-4,-1,-1,-2,-1,-1,-2
17595,17595,1503958686806,-2,0,2,-3,-3,-2,-1,-1
17596,17596,1503958686816,-2,2,2,2,5,0,1,-2
17597,17597,1503958686822,1,7,3,1,-3,-1,-1,0
17598,17598,1503958686837,-1,5,2,0,1,0,0,-1
17599,17599,1503958686847,0,-1,-5,-3,1,0,-1,-2
17600,17600,1503958686852,-2,-2,5,-2,0,-3,-2,-2
17601,17601,1503958686866,-1,0,-2,1,-4,-2,-3,-1
17602,17602,1503958686874,0,-2,-3,-3,-4,0,-1,0
17603,17603,1503958686882,0,10,-2,3,3,0,1,-1
17604,17604,1503958686897,2,-1,2,-4,-2,-2,1,-1
17605,17605,1503958686904,-1,-10,0,-2,2,-2,1,1
17606,17606,1503958686913,-1,-2,-1,-3,-9,-2,-4,1
17607,17607,1503958686926,-3,-1,-1,-1,-5,-1,0,1
17608,17608,1503958686941,-2,-17,-3,-1,-1,-1,0,0
17609,17609,1503958686942,-2,2,-1,3,1,-1,-1,-2
17610,17610,1503958686957,-1,0,-5,1,0,0,2,0
17611,17611,1503958686964,1,2,2,-3,1,0,-3,1
17612,17612,1503958686972,-1,-2,-2,-3,1,1,-2,-1
17613,17613,1503958686986,0,6,3,-1,-1,-3,1,-3
17614,17614,1503958686994,1,9,-2,-1,-1,-1,-1,-1
18421,18421,1503958694809,1,1,-2,-5,-3,-1,1,-1
18422,18422,1503958694817,-1,0,1,-1,0,0,0,-1
18423,18423,1503958694824,-1,-2,-1,-3,-1,-1,2,1
18424,18424,1503958694839,-3,-2,2,0,-2,0,-1,-2
18425,18425,1503958694846,-1,2,9,-4,2,0,-5,-3
18426,18426,1503958694854,-1,1,-5,1,0,-1,1,-2
18427,18427,1503958694869,-3,9,2,2,0,0,1,-2
18428,18428,1503958694877,2,-2,-1,1,1,-1,-2,2
18429,18429,1503958694884,-1,0,-5,1,1,0,2,-3
18430,18430,1503958694899,-2,-2,0,-3,0,-1,-2,-3
18431,18431,1503958694906,-3,-4,1,10,7,1,0,-2
18432,18432,1503958694914,-1,-7,6,-11,-3,-1,-4,0
18433,18433,1503958694929,-2,-3,-5,3,-5,-2,-1,-2
18434,18434,1503958694937,-2,1,-3,3,-2,-1,-1,1
18435,18435,1503958694944,1,-4,0,0,1,-1,-1,0
18436,18436,1503958694965,-1,0,0,-1,-2,-1,-1,-3
18437,18437,1503958694966,-3,-4,-5,-2,-4,-3,-3,0
18438,18438,1503958694974,-1,1,1,-4,-2,-2,1,1
18439,18439,1503958694989,4,7,4,-2,-3,0,-2,-1
18440,18440,1503958695004,-3,-6,-4,2,3,1,1,-2
18441,18441,1503958695005,-2,0,-1,-5,-4,0,-2,0
18442,18442,1503958695019,1,4,0,5,3,0,-1,2
18443,18443,1503958695031,-4,-8,-4,3,1,-1,-1,-2
18444,18444,1503958695034,1,-1,-2,-6,-3,-1,-1,2
18445,18445,1503958695049,-2,-1,0,1,1,-3,0,-8
18446,18446,1503958695057,0,1,-4,-2,-2,-2,1,1
18447,18447,1503958695076,-2,-7,5,-3,-1,-2,-4,6
18448,18448,1503958695079,-1,-3,-1,0,1,0,-1,0
18449,18449,1503958695086,1,-4,1,-1,-4,2,-2,-1
18450,18450,1503958695096,-1,5,-1,0,-4,-2,0,-4
18451,18451,1503958695109,0,0,-6,-3,-6,-1,1,1
18452,18452,1503958695117,2,2,2,1,-1,2,-1,-2
18453,18453,1503958695124,-1,5,7,-4,-1,-1,-2,-2
18454,18454,1503958695139,-3,-3,-2,1,-1,-1,2,-3
18455,18455,1503958695146,-1,-1,-2,0,-2,-2,0,0
18456,18456,1503958695154,-3,-3,0,-2,-1,0,0,-1
18457,18457,1503958695169,0,3,2,-1,-2,-1,-2,-1
18458,18458,1503958695177,-3,-3,1,-1,4,-1,1,2
18459,18459,1503958695184,-2,-1,-1,0,1,0,0,-4
18460,18460,1503958695199,-1,10,3,0,-1,0,-5,-4
18461,18461,1503958695206,2,6,2,-1,1,0,-3,-2
18462,18462,1503958695214,-1,1,0,-3,1,-3,0,1
18463,18463,1503958695229,0,-2,-5,1,0,-1,2,2
18464,18464,1503958695237,0,-4,-1,-2,-2,0,0,-1
18465,18465,1503958695244,-2,-2,-5,-2,-7,0,0,2
18466,18466,1503958695259,-1,-2,-4,1,0,0,0,-3
18467,18467,1503958695266,-3,0,0,-2,0,0,1,-1
18468,18468,1503958695274,0,8,3,-1,0,0,-2,-1
18469,18469,1503958695297,-6,-5,-2,-6,0,-1,-2,-2
18470,18470,1503958695299,0,-6,-1,0,-2,1,-2,-1
18471,18471,1503958695304,-1,0,-5,2,-5,-1,0,-2
18472,18472,1503958695305,0,0,-4,4,-1,-2,1,-6
18473,18473,1503958695319,-2,0,2,-6,0,-5,-1,3
18474,18474,1503958695326,1,1,-4,0,3,-1,2,5
18475,18475,1503958695334,2,-1,-5,-2,-3,0,2,3
18476,18476,1503958695349,-1,-2,2,0,-2,1,-2,0
18477,18477,1503958695357,-2,-4,3,-2,-1,-1,-1,0
18478,18478,1503958695364,-1,-11,-1,4,-3,-1,0,-2
18479,18479,1503958695379,-1,-10,-3,-5,-2,-2,-1,-1
18480,18480,1503958695386,1,4,1,-2,3,-1,-1,-2
18481,18481,1503958695402,-2,0,-3,0,0,-2,0,-4
18482,18482,1503958695409,-1,1,2,-1,0,-1,-3,-1
18483,18483,1503958695417,1,1,0,1,3,-1,-2,-3
18484,18484,1503958695424,3,-4,-1,-8,-2,3,0,0
18485,18485,1503958695439,1,0,0,-1,-1,-1,-3,-1
18486,18486,1503958695446,-2,-3,-3,3,4,-1,0,2
18487,18487,1503958695454,0,1,11,-5,-2,-1,-4,-1
18488,18488,1503958695469,-1,7,-2,-2,-2,-1,0,-1
18489,18489,1503958695477,-3,1,-5,-2,-2,-2,-3,-1
18490,18490,1503958695484,0,-2,0,0,1,-1,0,-3
18491,18491,1503958695499,0,-1,2,-1,0,-2,-3,-3
18492,18492,1503958695506,-2,1,-2,-4,-3,-2,0,5
18493,18493,1503958695514,1,0,0,0,-1,1,1,0
18494,18494,1503958695534,1,1,4,-5,0,-2,-3,0
18495,18495,1503958695537,-1,-5,-2,-5,-3,-2,0,-2
18496,18496,1503958695551,1,8,3,1,-9,-1,-1,0
18497,18497,1503958695559,-1,1,-6,2,1,0,3,-1
18498,18498,1503958695566,-1,-5,-5,2,2,-2,0,-3
18499,18499,1503958695582,1,1,-3,0,-6,1,-2,2
18500,18500,1503958695589,-2,-3,0,-1,0,-1,-1,-1
18501,18501,1503958695600,-2,2,2,2,1,-2,0,0
18502,18502,1503958695611,1,1,1,-2,1,1,-2,0
18503,18503,1503958695619,-3,-4,-8,0,-4,-1,2,2
18504,18504,1503958695626,-2,-3,3,-1,9,-1,-2,-3
18505,18505,1503958695642,1,0,-3,0,-2,-1,1,-2
18506,18506,1503958695649,-1,-4,-1,1,0,-2,2,-1
18507,18507,1503958695657,-2,-1,1,-4,2,0,-3,-2
18508,18508,1503958695671,-1,0,3,-2,1,-2,-2,0
18509,18509,1503958695679,0,1,2,0,-2,-2,-1,-2
18510,18510,1503958695686,1,10,3,-1,-2,-1,-1,0
18511,18511,1503958695702,0,-3,5,-4,3,-1,-4,1
18512,18512,1503958695709,0,-1,-2,-1,-2,-1,-1,-1
18513,18513,1503958695717,0,2,4,-2,0,0,0,0
18514,18514,1503958695731,-1,-8,-2,-3,-3,0,-1,1
18515,18515,1503958695739,-3,-4,-6,2,1,0,0,0
18516,18516,1503958695746,-1,1,1,0,-3,-1,-2,-2
18517,18517,1503958695762,-1,-2,0,-1,0,-1,-2,-2
18518,18518,1503958695769,-2,-3,-2,-3,1,1,-4,-6
18519,18519,1503958695777,-3,-1,3,-3,-4,0,-1,1
18520,18520,1503958695790,0,-4,-6,1,-4,0,1,1
18521,18521,1503958695799,0,-3,-1,-1,-1,-1,-1,-1
18522,18522,1503958695807,-1,1,-2,0,-1,-1,1,-1
18523,18523,1503958695822,0,-1,-1,0,1,0,-1,-2
18524,18524,1503958695829,-1,-2,-4,5,-1,-3,-1,-7
18525,18525,1503958695837,-4,-9,-3,0,-4,-1,1,3
18526,18526,1503958695851,0,0,2,0,4,-1,-1,2
18527,18527,1503958695859,2,0,-3,2,-7,-1,1,-1
18528,18528,1503958695866,0,0,2,0,2,-1,0,-2
18529,18529,1503958695881,0,-3,-6,1,0,-1,1,-2
18530,18530,1503958695889,0,-3,-4,-1,-2,-1,0,0
18531,18531,1503958695901,-2,5,0,1,1,-1,-2,-2
18532,18532,1503958695911,-1,-2,1,-7,-1,-1,-2,0
18533,18533,1503958695919,2,1,-1,0,-1,-1,-1,-5
18534,18534,1503958695926,-1,5,2,-3,-1,-2,0,0
18535,18535,1503958695942,-1,0,0,-1,-1,-2,0,-2
18536,18536,1503958695949,0,-3,-3,-1,-3,0,-1,0
18537,18537,1503958695957,0,-1,1,-2,3,1,0,1
18538,18538,1503958695971,1,2,0,1,-3,-1,1,0
18539,18539,1503958695979,-1,-3,0,-2,1,-1,1,0
18540,18540,1503958695986,-1,0,1,3,4,1,-1,-1
18541,18541,1503958696001,-1,1,1,-1,2,0,-2,-1
18542,18542,1503958696009,-2,-5,-2,-2,-2,-2,-1,0
18543,18543,1503958696017,-2,0,3,-4,0,-2,-2,-1
18544,18544,1503958696033,0,-4,-2,-2,-1,-2,-1,-1
18545,18545,1503958696039,-1,4,-6,2,0,0,1,-7
18546,18546,1503958696046,-2,1,2,-1,-6,-1,-1,3
18547,18547,1503958696061,-1,-2,-1,-2,-5,-2,-2,5
18548,18548,1503958696069,1,-2,0,-4,-1,0,0,2
18549,18549,1503958696079,-1,-8,-3,4,-5,0,2,1
18550,18550,1503958696091,-1,5,-1,3,0,-1,0,-5
18551,18551,1503958696101,0,-1,3,-1,3,-1,-2,-4
18552,18552,1503958696107,0,0,-2,1,-4,-1,-1,-1
18553,18553,1503958696122,-3,1,1,0,2,-1,-1,-1
18554,18554,1503958696129,-2,-3,-1,-2,7,-1,0,-3
18555,18555,1503958696137,-2,-4,1,-1,-1,0,0,0
18556,18556,1503958696151,-2,0,-3,-1,0,0,-1,-1
18557,18557,1503958696159,1,4,-4,-1,7,1,1,3
18558,18558,1503958696167,-3,-9,-2,-7,-3,-1,0,2
18559,18559,1503958696181,5,7,5,2,-1,-1,-2,-3
18560,18560,1503958696189,4,2,4,-1,-5,1,0,-1
18561,18561,1503958696198,0,3,1,-3,-1,0,1,0
18562,18562,1503958696199,-5,-8,-3,-1,1,-1,-2,-3
18563,18563,1503958696211,-2,5,2,-4,-10,-2,-4,-1
18564,18564,1503958696219,-1,5,4,4,0,-2,-1,-2
18565,18565,1503958696226,1,-1,6,-2,2,1,-1,1
18566,18566,1503958696242,-2,-4,-5,0,-3,0,-1,-3
18567,18567,1503958696249,2,3,1,3,-2,0,-2,-2
18568,18568,1503958696257,0,0,1,-4,2,0,0,-3
18569,18569,1503958696271,0,1,-2,-1,4,-1,1,-2
18570,18570,1503958696279,-5,4,-4,-4,-3,-2,-2,1
18571,18571,1503958696286,-1,-1,-2,0,-6,-2,-2,-3
18572,18572,1503958696302,4,6,0,-1,-1,0,-1,0
18573,18573,1503958696309,-3,-12,2,4,0,-2,0,-6
18574,18574,1503958696317,1,-5,-3,2,-1,-1,2,-2
18575,18575,1503958696330,-1,2,-3,2,1,0,1,6
18576,18576,1503958696339,2,-5,-1,-5,-4,-2,-2,2
18577,18577,1503958696346,-4,-12,3,-5,2,0,-4,-2
18578,18578,1503958696362,0,0,5,-2,0,-1,-2,-2
18579,18579,1503958696369,-4,4,-5,-2,1,-1,-1,-3
18580,18580,1503958696377,-1,-8,-4,-4,-1,0,-2,-2
18581,18581,1503958696391,1,1,1,-2,0,-1,0,0
18582,18582,1503958696401,0,-8,1,-3,-6,-3,-1,-3
18583,18583,1503958696406,-1,-1,-2,3,2,-1,0,-2
18584,18584,1503958696421,-1,0,7,-3,1,1,-4,-6
18585,18585,1503958696429,2,6,3,-4,1,0,-1,1
18586,18586,1503958696437,-4,2,-1,3,-2,1,-1,1
18587,18587,1503958696450,1,1,-2,0,-2,1,0,1
18588,18588,1503958696459,0,1,2,-1,0,-1,-1,0
18589,18589,1503958696473,-1,-1,-3,-2,-1,-1,1,-2
18590,18590,1503958696481,2,12,0,1,-2,0,0,2
18591,18591,1503958696489,0,3,-2,-1,-1,-1,-1,-2
18592,18592,1503958696506,0,-8,-6,-1,-1,-2,0,2
18593,18593,1503958696512,-1,0,-1,-2,1,-1,-1,2
18594,18594,1503958696519,-1,0,0,0,-1,-1,0,-1
18595,18595,1503958696536,-5,0,2,-3,0,-1,-4,-3
18596,18596,1503958696542,-1,1,-1,2,-9,1,2,-2
18597,18597,1503958696549,0,-1,-2,1,-4,-1,0,0
18598,18598,1503958696564,-2,7,5,0,3,-2,-2,0
18599,18599,1503958696571,-3,-4,-3,1,-3,1,-1,0
18600,18600,1503958696579,0,-5,-4,-6,-3,-2,-1,1
18601,18601,1503958696593,-2,-5,0,-3,-1,0,0,0
18602,18602,1503958696612,1,4,0,1,-2,-1,0,-1
18603,18603,1503958696624,0,2,2,-4,0,-3,0,-3
18604,18604,1503958696630,-2,-13,3,1,2,-3,0,-7
18605,18605,1503958696639,-3,1,1,0,-2,0,-4,-5
18606,18606,1503958696653,-1,4,-4,1,-3,0,1,6
18607,18607,1503958696661,-1,-4,-2,1,1,0,1,3
18608,18608,1503958696675,2,1,2,-3,-3,0,0,-2
19541,19541,1503958705774,-1,0,-3,-1,2,-2,-9,-5
19542,19542,1503958705783,-1,5,1,2,9,2,5,3
19543,19543,1503958705796,-1,6,3,3,5,1,2,0
19544,19544,1503958705804,-4,-6,-1,2,4,4,1,-2
19545,19545,1503958705818,0,1,4,1,-3,-2,-2,5
19546,19546,1503958705826,-1,0,-3,-4,-8,-3,-5,-7
19547,19547,1503958705833,15,4,-5,-7,-18,-8,-7,2
19548,19548,1503958705849,-1,8,4,-6,-8,0,3,3
19549,19549,1503958705856,1,7,7,0,9,-1,10,3
19550,19550,1503958705864,-4,0,3,-5,4,-4,-3,-8
19551,19551,1503958705878,13,3,-3,-5,8,3,9,3
19552,19552,1503958705887,4,16,10,11,-1,-1,2,4
19553,19553,1503958705894,-11,1,3,3,-3,-3,-9,6
19554,19554,1503958705910,-11,4,-15,12,-10,0,2,9
19555,19555,1503958705916,-14,-21,-2,2,-15,-4,0,-7
19556,19556,1503958705926,2,-5,4,1,22,6,16,5
19557,19557,1503958705938,7,0,-3,-10,3,2,-1,12
19558,19558,1503958705946,8,1,-5,-1,-7,-6,-21,-19
19559,19559,1503958705953,-12,-16,-9,-13,-24,-3,-7,-12
19560,19560,1503958705968,3,8,1,-5,-4,-1,2,2
19561,19561,1503958705976,2,-4,0,-6,8,1,-5,2
19562,19562,1503958705984,4,10,9,0,-6,0,-2,-3
19563,19563,1503958705998,-19,3,0,10,12,2,0,-14
19564,19564,1503958706006,-17,-31,-16,19,-1,1,4,-13
19565,19565,1503958706016,0,-3,2,-5,12,0,2,7
19566,19566,1503958706028,1,-6,-4,-8,-6,-3,-7,3
19567,19567,1503958706036,0,8,0,3,8,3,7,7
19568,19568,1503958706044,2,5,6,-26,-20,1,9,4
19569,19569,1503958706059,10,1,-11,4,-10,-3,0,-7
19570,19570,1503958706066,3,9,13,-2,15,0,-3,6
19571,19571,1503958706073,-5,-6,4,0,1,0,6,-2
19572,19572,1503958706088,6,-2,-4,-9,12,0,5,1
19573,19573,1503958706096,51,6,-10,6,-27,-4,-10,0
19574,19574,1503958706104,-11,-2,-3,-2,-8,-5,-6,-5
19575,19575,1503958706118,-4,-4,10,-6,12,1,1,4
19576,19576,1503958706126,-17,-1,1,-2,4,-7,-11,-2
19577,19577,1503958706133,-14,2,-2,4,16,-1,-1,-4
19578,19578,1503958706150,-4,-8,-4,-1,-1,0,0,3
19579,19579,1503958706156,-13,4,2,2,9,-2,-3,-3
19580,19580,1503958706164,13,0,-1,-3,7,1,-14,-2
19581,19581,1503958706178,-2,-4,10,-6,-6,-3,-10,0
19582,19582,1503958706186,-9,2,-6,-6,-25,-2,8,-3
19583,19583,1503958706194,1,0,0,-4,-7,0,2,-8
19584,19584,1503958706209,-10,0,3,9,21,1,7,-8
19585,19585,1503958706219,-7,-2,-9,5,3,1,5,-5
19586,19586,1503958706224,0,-8,-3,8,7,2,5,-1
19587,19587,1503958706238,-8,4,-1,-2,0,-2,-6,2
19588,19588,1503958706246,5,1,-2,-2,0,-2,-10,-4
19589,19589,1503958706254,-26,-9,22,-10,13,2,3,15
19590,19590,1503958706269,10,-10,2,-3,-4,-2,-3,-7
19591,19591,1503958706276,-1,12,-9,2,-17,-3,-13,-7
19592,19592,1503958706286,2,2,-6,-5,-6,-1,-1,11
19593,19593,1503958706299,3,-2,3,4,0,1,3,-6
19594,19594,1503958706306,1,-23,-2,5,1,2,3,-11
19595,19595,1503958706313,-20,-6,-8,-1,-1,0,5,-1
19596,19596,1503958706328,-7,5,-2,1,-3,-1,3,0
19597,19597,1503958706336,6,-3,-1,-6,-5,-1,-2,-1
19598,19598,1503958706344,-11,5,6,-10,-10,0,-1,14
19599,19599,1503958706358,-1,6,3,-3,-7,-2,-1,-4
19600,19600,1503958706373,7,12,2,1,-2,-3,-3,-3
19601,19601,1503958706374,10,7,-10,10,3,2,8,7
19602,19602,1503958706389,1,-2,5,-7,-5,-2,6,6
19603,19603,1503958706396,-10,-20,-4,-1,0,-6,-3,-6
19604,19604,1503958706404,4,3,-9,-2,-3,2,8,-5
19605,19605,1503958706419,8,11,6,6,-1,-2,1,-5
19606,19606,1503958706426,-16,-4,-12,7,-5,-4,-8,-7
19607,19607,1503958706433,-3,-13,-3,-5,3,1,-5,0
19608,19608,1503958706448,-4,-2,-1,2,7,0,-3,8
19609,19609,1503958706456,16,-2,0,-10,-3,2,-1,2
19610,19610,1503958706464,18,-8,-1,-1,4,1,5,-4
19611,19611,1503958706477,-9,-9,-6,7,-3,-8,-26,-8
19612,19612,1503958706486,0,10,7,-1,-1,0,-6,1
19613,19613,1503958706493,-2,8,-6,4,-5,-1,2,-8
19614,19614,1503958706509,23,-5,11,-4,-1,-2,-6,1
19615,19615,1503958706516,5,9,10,-8,-4,-1,2,8
19616,19616,1503958706531,-4,0,-3,-5,-3,1,0,5
19617,19617,1503958706537,-7,0,4,-1,0,2,-14,-4
19618,19618,1503958706546,-1,16,-2,2,-1,-3,-7,-4
19619,19619,1503958706553,0,2,-13,4,2,-1,8,7
19620,19620,1503958706568,2,-6,-3,5,-2,-1,2,-17
19621,19621,1503958706576,-9,-24,-7,-3,-4,1,11,1
19622,19622,1503958706587,5,12,2,10,-3,1,2,34
19623,19623,1503958706598,-26,9,-1,13,-2,-2,1,-24
19624,19624,1503958706606,-13,11,25,-3,-4,-1,-3,1
19625,19625,1503958706613,12,-10,-3,-9,0,2,-19,5
19626,19626,1503958706628,-4,-32,-12,-8,0,-1,-4,-8
19627,19627,1503958706636,27,2,-4,5,0,1,12,-3
19628,19628,1503958706644,15,3,5,-18,-2,-2,-2,15
19629,19629,1503958706659,16,19,-5,-2,1,-4,9,0
19630,19630,1503958706666,-7,8,-1,4,0,0,3,-3
19631,19631,1503958706680,0,5,23,2,1,1,3,3
19632,19632,1503958706689,0,-6,-7,-2,0,0,1,-14
19633,19633,1503958706696,19,-4,-4,-1,-3,-3,3,6
19634,19634,1503958706704,-18,-3,-6,-7,-4,-3,0,-4
19635,19635,1503958706720,-16,-6,3,-8,0,-1,-3,1
19636,19636,1503958706726,6,6,-9,-2,2,-1,0,-3
19637,19637,1503958706740,-18,-10,-12,-9,-2,1,4,-1
19638,19638,1503958706748,-48,-13,-11,15,0,-2,-7,-10
19639,19639,1503958706756,-1,-9,3,-3,-3,2,-2,-1
19640,19640,1503958706771,9,1,1,-13,-5,-1,-2,-3
19641,19641,1503958706777,-8,-3,-6,4,-1,1,10,2
19642,19642,1503958706787,8,-4,3,4,5,2,2,1
19643,19643,1503958706800,5,9,3,-5,-1,-2,-1,-1
19644,19644,1503958706808,2,-9,-14,4,-4,0,2,-8
19645,19645,1503958706816,7,11,18,-6,1,1,-3,1
19646,19646,1503958706831,3,-8,-4,-7,-4,-3,-4,0
19647,19647,1503958706837,-7,2,14,12,3,0,-2,0
19648,19648,1503958706846,-1,2,2,-1,0,0,1,-4
20781,20781,1503958717967,2,-2,4,-1,-5,-2,-2,-1
20782,20782,1503958717976,-3,-5,-4,-4,5,1,0,-3
20783,20783,1503958717989,0,-5,-6,3,0,5,5,-1
20784,20784,1503958717998,-4,-19,2,-10,-4,1,-5,-1
20785,20785,1503958718005,-4,0,-1,1,-1,0,0,0
20786,20786,1503958718027,2,-10,-4,-5,-3,-3,0,2
20787,20787,1503958718043,0,6,2,4,-6,-2,-1,-6
20788,20788,1503958718050,2,0,5,-5,1,0,1,3
20789,20789,1503958718058,-2,-9,-6,-1,-8,-3,2,-2
20790,20790,1503958718065,-4,-26,-1,2,0,-2,-4,0
20791,20791,1503958718080,-1,-4,-5,-2,0,-3,-2,0
20792,20792,1503958718087,-1,-4,-2,4,-6,-6,-2,-3
20793,20793,1503958718095,-3,-6,-3,-2,-2,5,-2,0
20794,20794,1503958718110,-1,10,3,-3,6,0,-4,-4
20795,20795,1503958718118,2,4,3,-2,5,-2,-1,2
20796,20796,1503958718125,1,-1,3,0,-2,1,2,-3
20797,20797,1503958718140,-2,-4,-4,7,-1,0,-2,-2
20798,20798,1503958718147,0,-6,-2,-7,-7,-1,-1,4
20799,20799,1503958718155,-1,-5,4,3,2,-1,5,-1
20800,20800,1503958718169,-2,4,-1,1,12,-2,-1,-4
20801,20801,1503958718178,-3,2,-1,-2,-7,1,-1,4
20802,20802,1503958718185,-2,4,-4,2,-4,4,3,6
20803,20803,1503958718200,-2,-1,3,-5,-5,-3,-2,-3
20804,20804,1503958718207,2,0,0,0,1,2,-2,-1
20805,20805,1503958718215,-2,-12,-7,-2,-12,1,0,-1
20806,20806,1503958718229,1,2,1,-3,-3,-4,-1,-3
20807,20807,1503958718238,5,-16,-4,0,3,-3,1,0
20808,20808,1503958718245,6,9,-1,-5,-8,-3,-2,-2
20809,20809,1503958718260,-8,11,9,-12,-6,-4,-6,5
20810,20810,1503958718267,-16,0,4,10,-1,-3,2,-18
20811,20811,1503958718277,2,1,-9,-1,-1,0,4,-1
20812,20812,1503958718290,-2,2,8,-2,5,1,0,2
20813,20813,1503958718298,4,7,0,9,8,1,3,3
20814,20814,1503958718305,1,0,-5,-1,4,4,-1,-1
20815,20815,1503958718320,0,-2,-1,-5,15,2,0,-6
20816,20816,1503958718327,-5,-7,-1,-12,-3,-1,-1,5
20817,20817,1503958718335,1,15,20,4,5,-3,-4,-5
20818,20818,1503958718350,6,3,-3,0,-2,-2,2,5
20819,20819,1503958718358,2,1,-1,-1,-7,1,3,-3
20820,20820,1503958718365,3,4,-2,2,-1,-2,-2,4
20821,20821,1503958718385,-1,-7,-10,0,-4,-2,1,-2
20822,20822,1503958718388,5,-11,-1,4,1,1,-2,-2
20823,20823,1503958718395,-7,-1,-1,-8,-6,-4,-2,3
20824,20824,1503958718413,-5,11,25,2,-5,-2,-6,-1
20825,20825,1503958718418,-4,15,-7,-3,-4,-1,-2,-2
20826,20826,1503958718425,-2,-17,-2,-7,1,1,-3,-6
20827,20827,1503958718440,-5,-14,-7,-7,-5,-2,-5,-2
20828,20828,1503958718447,3,0,-9,1,0,-3,-2,4
20829,20829,1503958718455,-7,-10,6,-6,10,1,1,-4
20830,20830,1503958718456,9,7,-4,-5,-7,0,2,0
20831,20831,1503958718469,-8,-15,1,-2,0,-2,1,-2
20832,20832,1503958718479,4,3,3,5,4,0,0,-8
20833,20833,1503958718486,1,6,1,4,-2,-2,-3,-2
20834,20834,1503958718500,-9,-20,-2,-6,-5,-6,-5,-1
20835,20835,1503958718507,1,6,-8,1,-3,-2,0,-1
20836,20836,1503958718515,0,3,1,4,2,0,0,-9
20837,20837,1503958718529,-6,-20,3,-5,-2,2,3,-2
20838,20838,1503958718530,-3,8,-6,-2,1,-1,-8,-3
20839,20839,1503958718538,3,-3,0,0,-2,1,1,8
20840,20840,1503958718554,-6,-35,-14,-1,9,-3,-17,-6
20841,20841,1503958718560,1,-5,-7,3,9,2,4,2
20842,20842,1503958718568,0,12,9,-8,-2,1,3,1
20843,20843,1503958718575,0,-5,0,2,-5,-2,1,4
20844,20844,1503958718591,5,10,-11,4,-1,1,4,-13
20845,20845,1503958718598,-2,9,7,-2,1,3,1,-2
20846,20846,1503958718614,-2,7,4,-7,-6,0,3,1
20847,20847,1503958718620,1,9,7,0,0,-5,-7,-2
20848,20848,1503958718628,-5,-21,-7,5,2,-2,3,0
20849,20849,1503958718635,-5,6,0,3,3,0,1,-4
20850,20850,1503958718651,9,3,23,-8,-6,2,5,-13
20851,20851,1503958718658,0,-3,-5,-1,-8,2,0,0
20852,20852,1503958718673,1,11,2,2,6,2,1,4
20853,20853,1503958718681,-1,-18,1,-6,16,0,-1,-3
20854,20854,1503958718688,-1,3,-3,4,-4,5,4,7
20855,20855,1503958718695,-2,-4,0,0,4,1,-1,2
20856,20856,1503958718713,-1,-19,-7,-6,-4,-2,-2,1
20857,20857,1503958718718,-7,-21,-5,-2,-10,-3,-29,-4
20858,20858,1503958718733,-21,3,2,-3,-1,-1,-4,-9
20859,20859,1503958718740,-1,1,-1,-1,-1,0,8,1
20860,20860,1503958718748,7,-19,-6,-1,0,-2,3,5
20861,20861,1503958718755,9,4,-4,7,-2,0,5,-10
20862,20862,1503958718771,11,13,-4,-1,-7,-3,2,11
20863,20863,1503958718780,-15,8,-3,3,-10,-7,-2,-3
20864,20864,1503958718793,12,12,1,-6,-9,-3,1,6
20865,20865,1503958718800,22,-5,6,-5,0,0,7,24
20866,20866,1503958718808,5,-2,2,4,0,-3,-3,7
20867,20867,1503958718815,-12,-7,-2,-3,2,3,5,-9
20868,20868,1503958718831,-17,-9,-5,-2,-16,2,8,0
20869,20869,1503958718838,3,10,-2,-1,-2,-2,-2,-3
20870,20870,1503958718855,2,18,8,-10,10,-2,-1,-3
20871,20871,1503958718860,-3,-14,3,6,4,-1,1,-1
20872,20872,1503958718868,-8,-22,-1,4,2,-3,-3,-9
20873,20873,1503958718884,-8,-2,-6,-7,-3,-2,-3,-5
20874,20874,1503958718891,-4,1,2,-7,4,-2,-5,-1
20875,20875,1503958718898,5,-16,-3,-11,-5,-1,-1,8
20876,20876,1503958718915,-26,-4,-12,6,5,0,-2,-18
20877,20877,1503958718920,5,11,-2,-6,2,3,-2,-3
20878,20878,1503958718928,8,-10,4,3,2,-1,-4,4
20879,20879,1503958718943,-11,-9,-5,1,-8,-2,-1,-8
20880,20880,1503958718951,9,17,-4,-4,1,-3,-17,-4
20881,20881,1503958718958,8,0,1,-3,7,-4,0,-1
20882,20882,1503958718973,0,6,4,1,2,8,3,4
20883,20883,1503958718974,0,-7,-16,4,-13,-6,3,5
20884,20884,1503958718982,4,5,5,-1,-5,-4,-7,1
20885,20885,1503958718989,5,2,-1,2,1,2,3,15
20886,20886,1503958719003,-17,4,13,-6,-7,-3,-1,-1
20887,20887,1503958719011,3,-15,1,0,5,2,2,-7
20888,20888,1503958719018,-8,-5,-3,-5,2,1,-1,0
20889,20889,1503958719033,-4,4,1,0,3,8,9,2
20890,20890,1503958719041,5,15,-2,17,7,1,2,3
20891,20891,1503958719049,13,-2,9,-6,-8,-5,-2,-9
20892,20892,1503958719063,2,2,-1,5,5,1,-4,-1
20893,20893,1503958719072,-3,7,10,-3,7,-5,-2,-1
20894,20894,1503958719078,-2,-16,-8,9,8,1,2,1
20895,20895,1503958719093,6,7,11,-1,-1,5,-1,10
20896,20896,1503958719100,-15,9,-12,7,6,1,5,-7
20897,20897,1503958719116,14,1,8,-8,7,0,2,4
20898,20898,1503958719124,-2,-15,-2,-5,-13,2,-4,-8
20899,20899,1503958719131,-7,9,3,0,-6,-3,-2,0
20900,20900,1503958719138,9,2,2,-11,-6,-1,-5,1
20901,20901,1503958719153,-23,-7,-11,0,-8,-12,1,-3
20902,20902,1503958719160,-5,-1,4,2,3,-9,2,12
20903,20903,1503958719168,-10,0,-2,2,-8,-1,4,-2
20904,20904,1503958719183,15,16,-4,-3,2,3,5,3
20905,20905,1503958719191,9,0,-2,7,6,-1,-5,8
20906,20906,1503958719198,2,-10,7,-20,7,2,3,3
20907,20907,1503958719216,13,-7,-18,11,0,0,-7,-1
20908,20908,1503958719220,13,23,0,0,-3,-2,-7,5
20909,20909,1503958719228,-4,-5,-18,10,1,2,-3,-15
20910,20910,1503958719243,-11,-5,4,-9,-18,-4,-1,-3
20911,20911,1503958719251,3,6,13,-16,-7,3,2,-9
20912,20912,1503958719258,-5,-14,-2,3,9,-2,-3,-4
20913,20913,1503958719273,-4,-2,9,-5,3,1,-5,0
20914,20914,1503958719283,2,2,7,-5,4,16,4,-6
20915,20915,1503958719288,6,3,-11,-1,19,18,11,-11
20916,20916,1503958719303,-10,-8,3,9,-4,-3,-4,-11
20917,20917,1503958719325,-19,-10,6,-14,-16,-2,13,2
20918,20918,1503958719326,7,8,-13,2,2,-6,4,12
20919,20919,1503958719340,-13,1,0,-3,18,-2,0,11
20920,20920,1503958719341,0,-14,-4,-1,-9,-8,-13,-8
20921,20921,1503958719351,-3,-9,6,2,1,-5,-2,-1
20922,20922,1503958719363,13,-3,1,-3,-1,2,-5,3
20923,20923,1503958719371,14,13,-2,4,-6,-4,-27,-8
20924,20924,1503958719378,18,7,8,2,-4,3,7,-4
20925,20925,1503958719393,-5,-18,7,-11,6,2,-2,3
20926,20926,1503958719400,-16,-11,-13,5,13,0,-7,-4
20927,20927,1503958719408,-13,5,-2,3,-26,15,3,-22
20928,20928,1503958719423,-31,-11,-2,-4,-12,-12,-18,-19
20929,20929,1503958719431,-11,-23,3,-2,-9,-15,-33,-5
20930,20930,1503958719438,4,27,2,0,9,4,4,21
20931,20931,1503958719453,-5,4,5,3,-2,-2,12,1
20932,20932,1503958719460,14,-9,2,-8,-17,-4,1,15
20933,20933,1503958719468,13,-4,-4,-13,-12,-3,14,18
20934,20934,1503958719484,-46,4,3,7,-2,1,12,-45
20935,20935,1503958719492,0,24,7,2,-3,-11,-8,11
20936,20936,1503958719498,20,18,0,-3,-17,-10,8,29
20937,20937,1503958719513,-2,-3,-28,17,4,-4,0,-21
20938,20938,1503958719520,19,22,-7,16,16,0,-42,-21
20939,20939,1503958719528,-11,-14,17,-33,-22,12,15,-11
20940,20940,1503958719543,0,19,7,-10,-21,-3,3,-3
20941,20941,1503958719551,83,34,-3,-16,1,-1,10,45
20942,20942,1503958719558,8,-49,-15,8,0,0,8,-4
20943,20943,1503958719573,-13,13,9,-18,-5,-4,-10,-2
20944,20944,1503958719574,-2,-29,8,1,-31,-3,16,7
20945,20945,1503958719580,19,-10,-2,11,-9,-4,0,-1
20946,20946,1503958719589,-19,-16,-13,20,4,-18,4,7
20947,20947,1503958719603,-48,-23,-4,-5,-13,15,26,24
20948,20948,1503958719611,13,-22,-9,-5,-35,7,-16,-35
20949,20949,1503958719618,20,11,13,-14,19,-5,0,21
20950,20950,1503958719619,-1,-13,-7,4,16,-3,-13,-19
20951,20951,1503958719633,-16,12,-1,12,21,-7,-9,1
20952,20952,1503958719640,10,47,21,-16,27,12,-3,-4
20953,20953,1503958719648,-15,35,8,20,34,18,5,-8
20954,20954,1503958719663,-3,7,26,9,23,1,8,4
20955,20955,1503958719671,-45,-10,1,-6,16,-5,4,-15
20956,20956,1503958719678,-2,-9,-23,-14,-5,16,-30,-11
20957,20957,1503958719693,-10,-4,1,10,-5,-28,-4,-26
20958,20958,1503958719700,2,-4,6,-2,20,-9,15,14
20959,20959,1503958719709,15,7,24,15,33,7,4,-11
20960,20960,1503958719724,-2,-32,-22,-10,-22,-8,5,2
20961,20961,1503958719731,-8,25,5,17,27,-3,0,16
20962,20962,1503958719738,15,4,5,-18,12,5,7,22
20963,20963,1503958719753,2,-19,-18,-23,-5,7,-1,-3
20964,20964,1503958719760,0,-10,9,5,-6,-2,5,2
20965,20965,1503958719768,-12,-23,-18,-15,-19,-4,1,5
20966,20966,1503958719785,-15,4,-16,-3,-5,-6,4,-20
20967,20967,1503958719791,11,-15,-12,-19,-8,2,-12,5
20968,20968,1503958719805,-8,21,11,4,3,-6,1,-10
20969,20969,1503958719813,5,-23,-11,-13,-22,5,-6,11
20970,20970,1503958719820,6,10,-3,-4,-37,-10,-4,-5
20971,20971,1503958719835,0,-15,-16,11,-1,-2,-3,4
20972,20972,1503958719843,0,-2,2,8,-12,-5,-5,3
20973,20973,1503958719853,28,27,1,-2,4,10,6,-4
20974,20974,1503958719865,1,-7,14,5,34,2,7,7
20975,20975,1503958719873,-11,9,-3,-8,-16,5,-9,5
20976,20976,1503958719880,-11,-12,-13,21,10,0,7,13
20977,20977,1503958719895,4,7,-1,4,-20,4,9,-5
20978,20978,1503958719902,-5,8,-13,-3,29,1,0,4
20979,20979,1503958719903,23,9,24,-3,-12,-1,-7,6
20980,20980,1503958719911,-3,14,11,7,2,-11,2,-17
20981,20981,1503958719926,-19,-22,-7,2,6,-6,2,-8
20982,20982,1503958719933,-3,-3,21,-1,27,3,-2,3
20983,20983,1503958719941,-13,-4,-4,-1,15,-3,-4,-3
20984,20984,1503958719956,4,6,-8,9,3,-2,7,13
20985,20985,1503958719963,12,-1,-15,-22,3,0,-11,-15
20986,20986,1503958719971,9,2,10,-2,3,6,2,23
20987,20987,1503958719986,-4,3,-11,-20,-27,7,-2,0
20988,20988,1503958719994,5,16,8,-20,-13,7,-14,-6
20989,20989,1503958720000,8,5,3,9,9,-3,2,4
20990,20990,1503958720015,-10,0,-8,-1,-3,-1,3,-1
20991,20991,1503958720023,5,19,-2,0,-3,2,-5,-6
20992,20992,1503958720031,6,-1,-6,-5,1,-5,1,-5
20993,20993,1503958720045,5,12,-12,-7,-1,10,-3,6
20994,20994,1503958720054,-29,-1,-3,17,-12,-26,1,-18
20995,20995,1503958720062,8,-12,-16,6,1,-10,1,16
20996,20996,1503958720075,-2,23,12,16,23,6,8,0
20997,20997,1503958720083,-14,6,3,-7,-16,-5,-3,-9
20998,20998,1503958720091,2,0,19,-1,-4,-6,3,7
20999,20999,1503958720105,-9,-26,19,8,-1,10,-5,-12
21000,21000,1503958720113,9,-21,3,-2,25,10,10,-1
21001,21001,1503958720120,16,1,-10,6,-14,6,9,6
21002,21002,1503958720135,16,-7,-12,-1,-9,-5,-10,8
21003,21003,1503958720143,-17,-5,11,5,-10,-6,7,-3
21004,21004,1503958720151,-1,3,17,3,25,-1,-5,20
21005,21005,1503958720153,-27,-3,-23,6,-11,-7,4,-29
21006,21006,1503958720165,7,-1,-12,-19,37,41,-3,7
21007,21007,1503958720173,-1,-5,0,-9,-10,0,-4,13
21008,21008,1503958720180,-6,7,11,9,-11,-12,2,-14
21009,21009,1503958720196,-9,-4,-13,-2,8,-6,-8,-1
21010,21010,1503958720203,22,39,33,-1,-10,-14,-13,16
21011,21011,1503958720211,8,3,14,-1,33,-4,-11,9
21012,21012,1503958720226,-8,-25,-15,-20,-1,6,14,8
21013,21013,1503958720227,-15,-9,-13,20,13,-10,-6,-24
21014,21014,1503958720233,1,-6,0,7,37,10,5,-7
21015,21015,1503958720240,-1,-15,7,-8,-7,3,-8,-26
21016,21016,1503958720258,-7,0,7,-5,1,3,-2,-5
21017,21017,1503958720263,-9,20,5,13,28,3,0,9
21018,21018,1503958720271,10,14,-14,-16,-5,21,5,4
21654,21654,1503958726398,1,-4,-2,10,18,2,1,-7
21655,21655,1503958726411,-3,4,3,-8,-2,-1,1,1
21656,21656,1503958726427,1,0,5,2,0,-1,0,-3
21657,21657,1503958726428,2,-11,-3,-1,0,0,-1,0
21658,21658,1503958726442,-1,-12,9,2,5,0,-3,0
21659,21659,1503958726452,-1,-3,-1,-10,-3,0,0,1
21660,21660,1503958726458,-7,-3,1,-2,-3,0,-2,-1
21661,21661,1503958726471,0,1,-1,4,6,1,1,-2
21662,21662,1503958726480,2,5,-7,-6,-4,0,0,-1
21663,21663,1503958726487,0,6,2,0,4,-1,-3,0
21664,21664,1503958726502,3,1,-5,-18,-25,-2,-4,3
21665,21665,1503958726510,-2,-5,-5,-4,-14,-2,0,-2
21666,21666,1503958726520,2,-2,-4,5,3,0,-1,-2
21667,21667,1503958726532,2,0,-2,-4,0,0,-2,2
21668,21668,1503958726540,-3,-3,-4,4,-1,-3,-1,-3
21669,21669,1503958726547,2,0,-1,-4,0,0,0,-1
21670,21670,1503958726563,18,3,3,2,7,-1,3,2
21671,21671,1503958726570,-3,-2,-7,7,-9,-1,0,-2
21672,21672,1503958726578,-5,3,3,5,8,0,2,-5
21673,21673,1503958726592,3,-2,8,-9,1,2,-3,0
21674,21674,1503958726600,-2,-3,1,1,4,1,-2,0
21675,21675,1503958726607,-5,-4,-6,-2,1,-3,-2,-1
21676,21676,1503958726623,-2,-4,2,4,0,-1,1,-2
21677,21677,1503958726630,4,1,0,-8,-10,-5,0,1
21678,21678,1503958726638,-5,-3,-6,2,-9,-1,-1,-7
21679,21679,1503958726653,-3,0,4,1,6,1,1,6
21680,21680,1503958726660,-3,1,0,6,10,-1,0,3
21681,21681,1503958726667,2,-2,-3,4,-3,-2,-3,-1
21682,21682,1503958726682,-4,0,5,-4,-6,0,-2,-1
21683,21683,1503958726690,-2,6,2,1,8,2,0,-3
21684,21684,1503958726698,-3,-4,-5,-8,-11,-2,-2,2
21685,21685,1503958726711,-3,-6,-6,4,2,-1,0,-4
21686,21686,1503958726721,-3,-2,2,-8,-4,-2,0,3
21687,21687,1503958726734,2,1,2,-4,1,-2,-1,-5
21688,21688,1503958726742,0,-1,-5,3,-1,-3,0,-5
21689,21689,1503958726750,-4,-3,-1,1,-2,-2,0,-4
21690,21690,1503958726758,0,-2,-1,-3,-2,-1,-2,-1
21691,21691,1503958726772,-3,-7,4,0,4,1,2,-1
21692,21692,1503958726781,0,5,5,3,3,0,-1,-2
21693,21693,1503958726788,-3,0,1,-1,2,-1,-2,0
21694,21694,1503958726802,-4,-4,-5,-3,-6,0,-1,2
21695,21695,1503958726810,1,0,1,-3,-3,1,0,-2
21696,21696,1503958726825,-1,8,-3,5,1,2,0,-6
21697,21697,1503958726832,1,0,-1,-1,2,0,-3,-1
21698,21698,1503958726840,-1,-12,-6,4,0,-3,0,0
21699,21699,1503958726847,-1,2,0,-1,-3,-1,2,1
21700,21700,1503958726863,-2,-1,-2,-3,-2,-2,-3,2
21701,21701,1503958726870,0,-4,7,-1,2,-1,-2,2
21702,21702,1503958726878,-1,4,-8,-1,-2,0,1,-1
21703,21703,1503958726892,-2,0,1,2,8,-1,-4,-2
21704,21704,1503958726900,1,1,3,-7,-2,-1,-1,4
21705,21705,1503958726907,-1,-3,-4,-2,-4,-1,-1,0
21706,21706,1503958726923,0,-4,0,-2,2,0,0,-3
21707,21707,1503958726930,0,-1,-2,-1,-6,-2,0,-7
21708,21708,1503958726938,0,-1,-2,5,0,-1,0,4
21709,21709,1503958726954,-2,0,1,-6,-6,1,-1,5
21710,21710,1503958726960,-2,0,3,0,3,-1,0,0
21711,21711,1503958726967,0,-2,-1,-3,1,0,-3,1
21712,21712,1503958726989,0,-4,-1,2,4,0,2,-4
21713,21713,1503958726990,2,-1,-6,-6,-8,-4,-4,-1
21714,21714,1503958726999,-1,-3,2,-4,-3,1,0,0
21715,21715,1503958727012,-2,-1,-6,4,1,0,1,-2
21716,21716,1503958727021,-1,-2,1,-2,-4,-3,-3,-2
21717,21717,1503958727027,-2,-2,1,0,-2,0,0,1
21718,21718,1503958727049,1,0,5,-3,-4,2,1,-4
21719,21719,1503958727050,-2,1,-1,-1,-2,-1,0,-1
21720,21720,1503958727058,-2,2,0,-3,0,-2,-3,-3
21721,21721,1503958727072,0,0,-1,-2,1,0,-1,-1
21722,21722,1503958727080,0,2,8,-5,2,-1,-5,-2
21723,21723,1503958727088,-1,-1,-7,5,-1,1,1,-1
21724,21724,1503958727102,0,-3,-5,0,-1,-2,0,2
21725,21725,1503958727110,0,2,2,-2,-3,1,0,-1
21726,21726,1503958727118,-1,1,-1,0,-2,-1,1,0
21727,21727,1503958727132,2,0,-2,0,4,-1,-1,1
21728,21728,1503958727140,0,-6,-1,0,-2,1,0,-1
21729,21729,1503958727147,-3,-5,0,1,0,-2,1,-2
21730,21730,1503958727163,-4,1,5,-3,-1,-2,-2,0
21731,21731,1503958727170,-1,0,7,-7,0,-1,-4,-2
21732,21732,1503958727178,-1,-1,-1,1,-5,1,-1,-2
21733,21733,1503958727192,1,-1,2,0,-4,1,-1,-1
21734,21734,1503958727200,0,-1,-1,-3,-2,-1,1,2
21735,21735,1503958727207,-1,-1,-1,0,2,-1,0,0
21736,21736,1503958727222,1,-1,-3,-1,0,-2,-2,-2
21737,21737,1503958727231,-2,-1,-1,0,-2,-2,-2,-2
21738,21738,1503958727238,0,0,0,1,-3,-1,0,-2
21739,21739,1503958727252,0,0,1,-4,-1,-1,-1,-1
21740,21740,1503958727260,-3,0,-4,1,-2,-3,-1,-2
21741,21741,1503958727274,0,0,2,-1,-3,-2,-3,-3
21742,21742,1503958727282,0,0,-10,0,-6,-1,-1,-2
21743,21743,1503958727290,-1,-2,-1,-1,-3,0,-1,2
21744,21744,1503958727305,-1,-4,4,-4,1,-1,1,0
21745,21745,1503958727312,-1,-2,-1,0,1,-1,0,-1
21746,21746,1503958727323,-2,9,3,-2,-2,-1,-1,2
21747,21747,1503958727334,0,-1,0,-2,-1,0,4,1
21748,21748,1503958727342,0,2,6,-2,1,0,-6,-5
21749,21749,1503958727350,-2,0,-3,1,1,-1,-1,-1
21750,21750,1503958727365,-4,0,1,6,12,0,1,0
21751,21751,1503958727371,-2,-2,-3,0,-1,-1,1,1
21752,21752,1503958727380,-3,-3,4,9,9,-1,0,-1
21753,21753,1503958727394,-1,1,-2,-5,-3,0,-1,0
21754,21754,1503958727402,1,-2,-5,1,-3,-1,0,0
21755,21755,1503958727410,-1,-2,-2,-3,-3,-1,-1,-2
21756,21756,1503958727425,0,-4,-5,-6,-5,-3,-1,-1
21757,21757,1503958727432,0,1,3,2,1,-1,-3,-4
21758,21758,1503958727440,0,-4,-6,-7,-7,0,1,1
21759,21759,1503958727457,-2,-2,-3,3,2,-2,1,-1
21760,21760,1503958727463,-2,-1,0,-12,-4,-1,-3,-3
21761,21761,1503958727470,-1,-5,-5,0,-1,-1,0,0
21762,21762,1503958727485,0,3,4,6,6,1,1,-1
21763,21763,1503958727494,-1,0,0,-4,-4,-2,0,-2
21764,21764,1503958727500,-2,2,0,1,-3,-1,1,2
21765,21765,1503958727514,0,1,4,-2,3,0,-2,1
21766,21766,1503958727524,1,1,3,-3,-3,0,-1,1
21767,21767,1503958727530,-2,0,2,2,2,0,-1,-9
21768,21768,1503958727545,0,-3,-7,0,-3,1,-1,-4
21769,21769,1503958727552,0,1,1,-1,-4,0,0,9
21770,21770,1503958727560,0,-1,-1,-7,-9,-2,-2,2
21771,21771,1503958727574,0,-3,3,-9,3,-2,-6,-3
21772,21772,1503958727583,1,0,-3,-5,-5,-1,-1,-3
21773,21773,1503958727591,-3,0,4,7,0,-2,-2,-4
21774,21774,1503958727605,0,-1,3,6,5,-1,1,-2
21775,21775,1503958727611,0,1,-4,2,-5,0,1,0
21776,21776,1503958727620,-2,-2,-1,0,2,-2,-1,0
21777,21777,1503958727634,-1,2,1,-1,6,-1,-2,-2
21778,21778,1503958727642,0,-3,-1,-2,0,0,1,1
21779,21779,1503958727650,-4,-2,1,-2,1,0,1,-2
21780,21780,1503958727665,1,0,0,-5,-7,-2,-3,-1
21781,21781,1503958727671,2,0,-4,-4,-6,0,0,1
21782,21782,1503958727680,-1,-2,3,3,6,-1,-1,1
21783,21783,1503958727694,0,-1,1,-5,-7,-1,1,-2
21784,21784,1503958727702,1,-1,-4,-9,1,0,-1,1
21785,21785,1503958727710,0,1,-2,5,5,0,0,-2
21786,21786,1503958727725,-2,0,-2,5,0,1,0,-2
21787,21787,1503958727733,2,2,7,-5,0,-1,-2,-5
21788,21788,1503958727740,0,0,5,-7,-4,-2,-2,-4
21789,21789,1503958727754,-2,-1,-3,-5,-10,-1,0,8
21790,21790,1503958727763,-1,0,-4,6,1,-1,2,2
21791,21791,1503958727770,-3,1,6,1,3,1,1,-1
22454,22454,1503958734287,0,-2,0,-3,1,0,-2,-1
22455,22455,1503958734303,1,-5,-4,-1,2,-1,-1,-4
22456,22456,1503958734309,-1,0,2,-8,-5,-2,-2,-1
22457,22457,1503958734325,-2,-3,-3,1,1,0,-1,1
22458,22458,1503958734332,-2,-1,2,2,0,0,-1,0
22459,22459,1503958734340,-1,-1,1,-4,-1,-3,-2,0
22460,22460,1503958734347,1,3,-3,0,3,-2,1,-2
22461,22461,1503958734362,1,-1,-6,3,-11,-1,0,-1
22462,22462,1503958734369,2,-1,1,-8,0,0,-2,3
22463,22463,1503958734385,-3,-4,-4,5,4,-1,1,-2
22464,22464,1503958734392,-2,0,4,3,0,0,0,-2
22465,22465,1503958734400,-3,0,3,7,-7,1,1,-1
22466,22466,1503958734407,1,-3,-4,-8,0,2,0,1
22467,22467,1503958734427,-1,-2,-2,-8,-5,0,-2,1
22468,22468,1503958734429,-4,0,-1,9,7,-3,-1,-4
22469,22469,1503958734445,-3,-2,0,3,5,-1,0,-2
22470,22470,1503958734452,0,-1,1,-4,-2,-1,-3,1
22471,22471,1503958734460,2,0,-6,-1,-1,-2,0,0
22472,22472,1503958734467,-2,-1,-4,3,-9,-3,-1,-3
22473,22473,1503958734482,-1,-1,0,0,14,1,-1,-1
22474,22474,1503958734494,-1,0,2,2,8,2,1,-1
22475,22475,1503958734505,1,0,-1,-9,-9,1,-1,1
22476,22476,1503958734512,-4,-3,-2,-1,-12,-3,-1,-1
22477,22477,1503958734520,-2,-3,-1,4,0,-2,-1,-4
22478,22478,1503958734529,-2,-2,-2,0,1,0,-1,-4
22479,22479,1503958734543,0,1,1,0,3,-1,-1,-1
22480,22480,1503958734550,-1,-2,1,-3,1,-2,-3,-3
22481,22481,1503958734566,0,-2,-4,-2,0,-1,0,0
22482,22482,1503958734572,0,-1,-6,1,-2,-1,1,-2
22483,22483,1503958734580,0,2,4,-12,-7,-1,-3,-2
22484,22484,1503958734587,1,0,-1,9,0,-1,-1,4
22485,22485,1503958734602,-1,-2,-1,2,-2,0,-2,-1
22486,22486,1503958734609,0,1,7,-4,-3,-1,-7,-6
22487,22487,1503958734627,0,-3,-6,-3,-7,-1,1,3
22488,22488,1503958734632,1,0,2,-1,0,-2,1,3
22489,22489,1503958734640,-2,-1,1,-8,1,-2,-2,-1
22490,22490,1503958734647,-2,-4,0,0,-1,-2,2,0
22491,22491,1503958734663,-3,1,-4,6,6,-2,2,-1
22492,22492,1503958734669,0,0,2,-4,-2,-1,2,2
22493,22493,1503958734685,0,-2,-2,-8,-7,-2,-4,-5
22494,22494,1503958734693,0,-1,-2,0,4,1,0,-2
22495,22495,1503958734700,-1,2,3,3,6,1,1,-1
22496,22496,1503958734714,-1,2,-5,-1,-3,-2,-8,-1
22497,22497,1503958734722,0,1,-2,-1,1,-1,-4,1
22498,22498,1503958734730,-3,-2,-2,-2,1,0,-2,-6
22499,22499,1503958734745,-1,-3,0,-2,0,0,-1,0
22500,22500,1503958734752,-2,-1,2,1,4,-1,-1,0
22501,22501,1503958734765,-1,-1,2,3,-2,-1,1,-1
22502,22502,1503958734774,1,0,-1,-4,-2,0,0,1
22503,22503,1503958734783,-1,-1,2,-4,3,-1,-5,1
22504,22504,1503958734790,1,-1,-2,-10,-9,-1,-4,3
22505,22505,1503958734805,5,1,-6,-16,-13,0,-1,0
22506,22506,1503958734812,-2,-2,-2,1,1,0,3,-1
22507,22507,1503958734820,-2,-1,0,7,6,0,2,0
22508,22508,1503958734835,1,0,2,3,0,0,2,1
22509,22509,1503958734842,-2,-2,3,3,-2,1,2,-1
22510,22510,1503958734850,-2,3,-4,-1,1,-2,-2,-2
22511,22511,1503958734865,0,-2,-3,3,-1,-1,0,-6
22512,22512,1503958734872,1,-1,-1,3,7,0,1,0
22513,22513,1503958734880,-1,0,0,-2,-1,-2,-2,-2
22514,22514,1503958734895,-1,1,4,-2,0,-1,-2,2
22515,22515,1503958734903,-3,2,5,4,4,1,-1,2
22516,22516,1503958734909,-3,-4,-8,0,-8,-1,0,-6
22517,22517,1503958734927,-2,0,1,1,1,-2,0,-4
22518,22518,1503958734932,1,0,0,2,2,-2,1,-3
22519,22519,1503958734940,-1,-6,-4,0,-3,-2,0,-3
22520,22520,1503958734954,0,0,17,-6,8,1,-4,2
22521,22521,1503958734963,2,-1,-7,-5,-5,0,-2,0
22522,22522,1503958734969,0,-2,-5,0,-6,0,-1,-4
22523,22523,1503958734994,-2,-1,-4,1,-2,-1,2,-1
22524,22524,1503958735000,0,1,-2,-5,-3,-1,-2,0
22525,22525,1503958735014,-1,0,-1,1,0,-1,-2,-1
22526,22526,1503958735023,0,-2,-4,2,-2,-1,-1,-3
22527,22527,1503958735030,1,7,13,-6,8,-1,-3,0
22528,22528,1503958735045,2,3,-7,4,3,-3,-4,14
22529,22529,1503958735052,-1,-3,0,-2,-9,3,3,-2
22530,22530,1503958735065,-2,-1,3,-5,15,2,1,-8
22531,22531,1503958735075,-1,-2,-9,-9,-5,-1,2,2
22532,22532,1503958735082,0,-2,-3,-1,-14,-2,-3,-2
22533,22533,1503958735089,-1,-4,-6,-2,-9,-1,-8,0
22534,22534,1503958735105,0,1,4,-7,1,-3,-2,0
22535,22535,1503958735112,-3,-6,-8,2,-1,-1,-1,-5
22536,22536,1503958735120,0,0,5,-1,-2,2,-3,5
22537,22537,1503958735135,0,5,-2,1,13,-3,-1,3
22538,22538,1503958735142,-2,-4,-3,2,-1,0,0,-1
22539,22539,1503958735149,0,3,2,1,-6,-1,0,-1
22540,22540,1503958735165,0,-2,-4,-1,-1,0,2,-3
22541,22541,1503958735172,-3,-3,4,9,8,0,0,-3
22542,22542,1503958735180,-2,-2,5,1,-3,-1,0,-3
22543,22543,1503958735204,-1,1,3,-5,2,1,-2,-1
22544,22544,1503958735209,0,0,0,-1,-1,0,-1,-1
22545,22545,1503958735225,-1,0,-4,-3,-1,0,1,0
22546,22546,1503958735232,-1,3,1,2,0,-1,-2,-2
22547,22547,1503958735240,0,-1,0,3,2,-1,0,-2
22548,22548,1503958735254,0,0,1,1,2,0,0,-1
22549,22549,1503958735272,0,-3,-3,-7,-5,-2,-2,4
22550,22550,1503958735284,1,-2,2,-8,1,0,-2,0
22551,22551,1503958735292,-1,-5,-3,-1,-3,0,3,-1
22552,22552,1503958735300,-2,0,2,0,1,-1,-1,-2
22553,22553,1503958735314,0,-2,1,-1,-4,-1,0,-3
22554,22554,1503958735322,-3,0,3,0,-4,-2,1,-1
22555,22555,1503958735333,-1,2,1,-3,-1,0,-1,1
22556,22556,1503958735345,-4,-2,1,3,2,0,-1,-3
22557,22557,1503958735352,0,2,-1,-3,-7,-1,-1,-2
22558,22558,1503958735360,-1,3,1,0,3,1,-2,0
22559,22559,1503958735374,-2,-5,0,3,3,1,1,-3
22560,22560,1503958735382,-1,-5,-2,-1,-4,0,-1,-2
22561,22561,1503958735391,0,-2,0,-6,-5,-1,-2,-1
22562,22562,1503958735405,2,2,0,1,3,-2,-3,1
22563,22563,1503958735412,0,3,4,-6,5,0,-4,-2
22564,22564,1503958735420,1,-4,0,-1,-3,-3,-1,1
22565,22565,1503958735434,-3,-2,5,-1,4,-2,-2,-9
22566,22566,1503958735442,-1,2,-1,-2,-1,1,2,1
22567,22567,1503958735449,-2,2,-10,0,-10,-3,1,-2
22568,22568,1503958735465,-2,1,-1,1,-5,0,0,-3
22569,22569,1503958735472,-2,-3,1,3,3,1,0,1
22570,22570,1503958735480,0,-2,-1,-1,-5,-2,-2,-1
22571,22571,1503958735497,0,1,-1,0,-2,-1,-1,-2
22572,22572,1503958735498,1,10,-1,1,3,-2,2,-2
22573,22573,1503958735509,-1,5,0,-2,2,-1,-2,-3
22574,22574,1503958735510,-1,-3,-3,-2,-1,0,0,2
22575,22575,1503958735524,-2,0,-4,0,-1,-1,0,0
22576,22576,1503958735532,-1,-3,-2,-5,-3,-2,-2,2
22577,22577,1503958735541,0,-1,1,-2,2,0,0,-1
22578,22578,1503958735554,1,-4,-2,-1,-4,-1,2,2
22579,22579,1503958735564,-2,1,-6,-2,-3,-2,-3,-3
22580,22580,1503958735569,-1,-2,-2,-6,-4,0,-2,0
22581,22581,1503958735584,-2,-4,0,2,3,-1,0,-1
22582,22582,1503958735592,0,-2,-1,-1,2,-1,-1,1
22583,22583,1503958735600,-1,-2,2,-8,-3,1,-1,0
22584,22584,1503958735614,-2,-3,0,1,-1,0,0,3
22585,22585,1503958735622,0,1,-3,0,-3,0,-1,-1
22586,22586,1503958735623,1,-3,3,-2,0,-1,-3,-1
22587,22587,1503958735632,-1,-1,-2,3,3,1,-1,0
22588,22588,1503958735645,-1,-11,2,-2,0,0,0,-1
22589,22589,1503958735652,1,-4,-2,-2,0,0,0,1
22590,22590,1503958735668,-1,1,2,-1,-1,-2,-1,-1
22591,22591,1503958735674,0,0,1,-1,-2,0,-3,-4
22592,22592,1503958735682,-2,3,-4,7,5,-1,2,-2
22593,22593,1503958735700,1,3,1,-6,-10,-1,0,-1
22594,22594,1503958735705,-1,1,-5,2,-6,1,2,0
22595,22595,1503958735719,-1,-2,3,-1,2,1,-1,-3
22596,22596,1503958735727,-2,1,2,-2,0,-2,-4,-6
22597,22597,1503958735734,-2,0,3,2,-1,-2,-3,1
22598,22598,1503958735742,1,1,-2,-9,-8,-1,0,4
22599,22599,1503958735757,-2,1,-1,3,-3,0,-1,-3
22600,22600,1503958735766,0,4,-3,2,-1,1,-1,1
22601,22601,1503958735773,0,-5,3,4,6,0,0,-3
22602,22602,1503958735787,-2,-2,-2,2,2,-2,2,0
22603,22603,1503958735794,-2,2,-4,-1,-2,-1,-1,-2
22604,22604,1503958735802,-1,0,2,3,4,0,-2,0
22605,22605,1503958735817,2,-1,0,-1,2,0,0,-2
22606,22606,1503958735826,0,0,-3,3,4,0,2,1
22607,22607,1503958735833,1,1,-4,-2,-3,-1,2,-3
22608,22608,1503958735847,0,-1,2,0,1,1,-1,1
22609,22609,1503958735854,-3,-1,-4,-5,-8,-2,0,-1
22610,22610,1503958735864,0,-8,-1,-8,-8,-3,-4,-1
22611,22611,1503958735877,0,4,3,1,1,-2,-4,0
22612,22612,1503958735885,-1,-1,1,-1,-2,-2,-1,-1
22613,22613,1503958735892,-1,-2,-6,2,1,-1,2,1
22614,22614,1503958735907,1,-1,1,0,4,1,-3,-5
22615,22615,1503958735914,-2,1,-3,-2,3,-1,-2,1
22616,22616,1503958735924,-1,1,0,1,-3,-1,3,1
22617,22617,1503958735937,-2,2,4,-3,-2,-1,-2,0
22618,22618,1503958735945,-2,-1,0,0,-2,-2,-1,-2
22619,22619,1503958735952,3,-4,-5,-11,-6,-1,-1,1
22620,22620,1503958735967,-1,1,-2,-3,-1,1,-3,0
22621,22621,1503958735974,-3,-3,1,0,1,0,1,-2
22622,22622,1503958735982,-1,0,-2,-1,-2,-1,0,0
22623,22623,1503958735999,0,0,3,1,3,-1,-2,-3
22624,22624,1503958736005,-2,-2,1,1,0,-2,-1,-3
22625,22625,1503958736012,0,-1,-4,4,-4,-1,0,1
22626,22626,1503958736027,-1,1,6,-3,1,-1,-1,0
22627,22627,1503958736035,-2,-3,5,2,0,0,1,-2
22628,22628,1503958736042,1,-3,-1,0,-2,-1,0,0
22629,22629,1503958736057,-2,1,-2,-1,2,0,1,3
22630,22630,1503958736069,-1,-1,-3,-3,-4,-2,-1,3
22631,22631,1503958736072,-1,-5,-2,-1,-4,-1,-1,2
22632,22632,1503958736087,1,3,2,5,-1,0,-2,-3
22633,22633,1503958736095,-1,0,2,-1,-2,-1,2,-2
22634,22634,1503958736102,-1,-1,3,-4,-3,-2,-1,-2
22635,22635,1503958736117,-1,-1,0,1,5,-1,-2,-2
22636,22636,1503958736125,-1,-3,-2,-2,0,-1,2,-1
22637,22637,1503958736133,1,3,-4,-1,-1,-1,-3,-3
22638,22638,1503958736147,-1,0,1,-4,2,-1,-3,0
22639,22639,1503958736154,-5,-6,-5,3,-6,-1,0,-2
22640,22640,1503958736163,3,1,6,-10,-4,1,-1,1
22641,22641,1503958736177,0,1,-3,0,-1,-1,0,-1
22642,22642,1503958736185,-1,-1,2,-2,3,-1,-4,-2
22643,22643,1503958736192,0,-3,0,-3,6,1,0,-1
22644,22644,1503958736207,-3,5,9,-3,-8,-1,-5,-4
22645,22645,1503958736214,-2,2,6,6,-5,0,-1,-1
22646,22646,1503958736223,0,-4,-5,-2,-1,1,0,1
22647,22647,1503958736238,-1,-5,-1,0,0,-2,1,2
22648,22648,1503958736245,-4,-3,-4,3,-6,-24,-2,-2
22649,22649,1503958736252,3,3,2,5,-1,-1,-2,2
22650,22650,1503958736268,-1,-1,-5,-2,7,6,1,-4
22651,22651,1503958736276,2,-1,0,-17,-17,1,-3,2
22652,22652,1503958736282,0,1,-1,4,-11,1,2,-2
22653,22653,1503958736297,-1,1,-2,-4,-3,2,-4,-2
22654,22654,1503958736306,0,-3,-3,2,3,2,1,1
22655,22655,1503958736312,2,-2,-1,-17,-2,-3,-3,-1
22656,22656,1503958736327,-2,1,1,2,-6,2,-1,-1
22657,22657,1503958736335,-5,-4,-9,-3,0,-4,-4,-3
22658,22658,1503958736346,-4,-2,-4,1,7,1,-3,-1
22659,22659,1503958736357,-1,0,-2,2,1,-1,1,-2
22660,22660,1503958736365,-1,0,-3,2,0,0,-1,2
22661,22661,1503958736372,-2,-5,5,3,5,-1,0,-1
22662,22662,1503958736387,-2,-1,0,-1,2,1,-4,-1
22663,22663,1503958736394,1,0,-3,4,4,0,6,0
22664,22664,1503958736404,1,3,9,-9,5,0,-1,-3
22665,22665,1503958736417,-1,-1,5,-3,0,1,1,-6
22666,22666,1503958736425,1,0,-7,-5,-7,3,-1,1
22667,22667,1503958736435,-1,1,-1,3,4,-1,0,2
22668,22668,1503958736454,-1,-3,0,-2,-4,1,1,-2
22669,22669,1503958736455,-1,0,1,-2,3,-1,0,-1
22670,22670,1503958736462,-1,-1,-2,1,3,0,-2,0
22671,22671,1503958736477,-1,-3,-7,1,-4,-1,0,-1
22672,22672,1503958736485,3,1,-4,2,0,1,3,-1
22673,22673,1503958736492,1,2,5,-1,-2,-1,-3,-5
22674,22674,1503958736508,1,1,-3,-2,-3,-3,-1,5
22675,22675,1503958736514,-3,0,-3,-1,-5,-3,-1,5
22676,22676,1503958736529,-2,-2,0,-2,-7,-1,0,4
22677,22677,1503958736537,0,2,-3,2,5,-1,1,4
22678,22678,1503958736545,-9,-17,-6,1,2,0,1,-7
22679,22679,1503958736552,2,4,-1,0,-1,1,2,3
22680,22680,1503958736570,-2,-1,-6,0,0,-1,1,-3
22681,22681,1503958736575,0,-3,6,-1,-3,-5,-4,-5
22682,22682,1503958736589,5,6,5,3,-2,2,-2,0
22683,22683,1503958736597,0,-6,1,-3,-1,3,-1,-4
22684,22684,1503958736606,0,0,-5,1,2,-2,1,1
22685,22685,1503958736619,1,5,0,4,2,1,-1,2
22686,22686,1503958736627,0,-1,3,-6,-2,0,-2,0
22687,22687,1503958736639,-5,0,1,2,-10,-1,-2,-3
22688,22688,1503958736649,3,-2,8,-4,6,1,-2,2
22689,22689,1503958736657,-3,-1,2,-3,3,-1,-1,-4
22690,22690,1503958736665,1,1,-1,-2,-4,-1,1,-2
22691,22691,1503958736679,-2,-4,0,-1,-1,0,-1,1
22692,22692,1503958736687,0,3,-3,-6,-3,-2,-3,-1
22693,22693,1503958736694,-3,-4,1,1,-3,-2,0,2
22694,22694,1503958736709,-5,-7,-3,5,-8,-2,-1,-4
23754,23754,1503958747053,0,-4,-3,0,-1,-1,-1,-2
23755,23755,1503958747066,0,-6,-1,-2,-5,-1,0,0
23756,23756,1503958747074,3,4,0,0,2,-1,0,1
23757,23757,1503958747082,1,2,2,-2,2,0,2,5
23758,23758,1503958747097,-1,1,0,2,2,-1,-1,-1
23759,23759,1503958747104,1,-2,-2,-1,0,0,-1,-2
23760,23760,1503958747112,-1,4,-3,-1,-3,-2,-1,-7
23761,23761,1503958747128,-4,-1,-4,1,-2,-2,1,-4
23762,23762,1503958747134,-2,-1,-1,-1,-1,-2,-2,0
23763,23763,1503958747141,-1,7,3,-1,2,0,-2,-1
23764,23764,1503958747159,1,4,6,5,5,-2,-2,-4
23765,23765,1503958747164,-2,-4,-3,-2,2,-2,-1,3
23766,23766,1503958747172,0,-8,-1,-4,-1,2,-1,3
23767,23767,1503958747186,0,1,-3,2,-5,-1,-2,-1
23768,23768,1503958747194,-4,-1,1,-1,-4,-3,-1,-4
23769,23769,1503958747201,-3,-6,0,4,1,0,-1,-5
23770,23770,1503958747216,1,-12,-1,-3,-1,0,1,0
23771,23771,1503958747224,0,-13,-3,-1,-3,-1,0,-2
23772,23772,1503958747232,0,-7,-2,-8,-3,1,-2,0
23773,23773,1503958747246,0,0,-2,1,2,-1,1,-9
23774,23774,1503958747256,1,3,-1,-3,-1,-1,0,1
23775,23775,1503958747262,-2,3,2,-5,-2,-2,0,5
23776,23776,1503958747276,-2,-4,-1,1,3,-1,1,9
23777,23777,1503958747284,-2,12,7,1,3,0,0,1
23778,23778,1503958747292,-3,3,-4,5,-3,0,1,-2
23779,23779,1503958747306,1,-4,-7,-1,-7,-1,1,-3
23780,23780,1503958747314,-3,-3,7,-1,-1,-3,-2,-2
23781,23781,1503958747328,1,-1,3,-2,-5,0,-1,0
23782,23782,1503958747336,0,3,-4,-3,-4,0,1,-3
23783,23783,1503958747344,-3,-1,-2,3,1,-2,-1,-2
23784,23784,1503958747352,1,7,2,-4,2,0,-1,0
23785,23785,1503958747366,0,-3,-3,-4,1,0,-4,-1
23786,23786,1503958747374,-2,-6,1,0,4,-1,1,-2
23787,23787,1503958747381,-2,6,2,0,2,-2,0,-2
23788,23788,1503958747397,0,2,2,-5,-9,0,-1,3
23789,23789,1503958747404,2,-1,0,3,0,1,0,-2
23790,23790,1503958747412,-3,3,-3,-5,-4,-2,-2,-9
23791,23791,1503958747426,0,13,2,-2,-3,1,3,-3
23792,23792,1503958747434,1,3,2,-3,1,-3,-1,7
23793,23793,1503958747441,1,-3,-3,-3,0,0,-2,0
23794,23794,1503958747459,-1,-7,-1,0,0,0,-2,-3
23795,23795,1503958747471,0,1,9,-4,0,-2,-3,1
23796,23796,1503958747472,-1,-4,-6,3,-1,-2,-1,-2
23797,23797,1503958747486,0,-8,-5,-1,-2,-1,0,4
23798,23798,1503958747494,-2,-8,-2,7,13,1,-1,-4
23799,23799,1503958747501,0,-1,-4,-11,-3,-3,-2,-1
23800,23800,1503958747516,-1,4,-3,1,-3,-1,0,-7
23801,23801,1503958747528,1,-2,-3,3,-2,-1,0,-9
23802,23802,1503958747532,1,0,0,-5,0,-1,1,2
23803,23803,1503958747533,-2,9,4,-2,-3,-1,-1,9
23804,23804,1503958747546,-3,-3,-4,-2,-1,-2,0,4
23805,23805,1503958747554,2,23,7,-3,-7,-1,-3,-1
23806,23806,1503958747562,-3,-13,-2,2,3,-1,0,1
23807,23807,1503958747576,2,-11,-4,-1,1,-1,2,-1
23808,23808,1503958747584,-1,-1,-3,3,1,0,1,-3
23809,23809,1503958747592,-2,-8,-2,-2,-5,0,-1,-3
23810,23810,1503958747606,-2,2,1,2,2,1,-1,1
23811,23811,1503958747614,0,-1,1,-1,-1,1,0,-1
23812,23812,1503958747627,-3,4,-8,0,-4,0,0,-4
23813,23813,1503958747628,-4,-7,7,7,6,-1,-1,-5
23814,23814,1503958747636,0,-5,-2,-5,-1,-1,-1,2
23815,23815,1503958747644,-1,-4,0,-7,-3,0,-1,9
23816,23816,1503958747652,-1,-1,-1,0,1,-1,-1,3
23817,23817,1503958747667,-1,3,-7,-3,-4,0,-1,0
23818,23818,1503958747674,-2,-2,-3,2,-4,-1,-1,-6
23819,23819,1503958747681,-2,2,-2,3,-7,-1,0,-6
23820,23820,1503958747696,-3,-6,-6,-6,-2,0,0,-3
23821,23821,1503958747704,2,-2,-5,-12,-17,-2,-4,-2
23822,23822,1503958747712,-1,-1,-2,5,5,0,0,-7
23823,23823,1503958747726,2,7,3,-1,5,-1,-1,4
23824,23824,1503958747734,-1,-4,1,-5,2,-3,1,-2
23825,23825,1503958747742,-2,6,5,3,2,-1,-2,-3
23826,23826,1503958747758,-1,3,-2,1,-3,-1,0,6
23827,23827,1503958747764,3,-3,0,-4,0,-2,1,3
23828,23828,1503958747779,-3,-3,-2,3,-1,0,1,0
23829,23829,1503958747786,-3,-12,2,-3,2,1,-2,-2
23830,23830,1503958747794,2,-2,2,0,1,-1,-1,0
23831,23831,1503958747808,-2,4,-1,-3,-5,0,-1,0
23832,23832,1503958747816,1,2,-1,1,-8,0,-1,-4
23833,23833,1503958747828,-1,-6,1,-3,1,0,-1,1
23834,23834,1503958747839,0,1,-1,0,1,-1,1,0
23835,23835,1503958747845,1,-5,-1,1,-2,-1,2,-3
23836,23836,1503958747854,0,-5,0,-2,0,-2,-4,-3
23837,23837,1503958747868,-2,4,3,4,3,-2,-1,-4
23838,23838,1503958747876,-1,1,0,-8,-1,0,0,0
23839,23839,1503958747884,0,2,2,-9,-1,0,-3,-1
23840,23840,1503958747899,-2,4,2,1,0,0,2,0
23841,23841,1503958747905,-1,0,-3,1,-1,0,2,0
23842,23842,1503958747914,0,2,1,-2,-4,-1,-3,-2
23843,23843,1503958747928,-2,-7,-2,2,-5,0,-1,-3
23844,23844,1503958747936,-4,-1,0,0,-1,-1,-3,0
23845,23845,1503958747944,-1,1,-5,-1,0,0,1,0
23846,23846,1503958747959,-1,0,-1,2,0,0,0,2
23847,23847,1503958747966,3,3,-1,-2,-3,-2,2,2
23848,23848,1503958747974,-1,-1,0,1,2,0,1,-4
23849,23849,1503958747988,0,7,-3,1,1,-2,-1,-3
23850,23850,1503958747998,2,-2,-4,-21,-7,0,-4,0
23851,23851,1503958748004,-2,1,-1,3,4,-1,-1,3
23852,23852,1503958748019,0,2,1,3,-2,-2,-4,-2
23853,23853,1503958748026,-1,0,1,2,-2,1,-3,-3
23854,23854,1503958748034,-4,0,-1,-1,2,1,0,-1
23855,23855,1503958748048,0,1,0,-3,-1,0,-1,1
23856,23856,1503958748056,2,-1,-1,2,-3,0,-1,0
23857,23857,1503958748066,-2,-1,-2,-3,0,-3,1,4
23858,23858,1503958748079,-2,-7,-1,8,12,0,1,-4
23859,23859,1503958748085,1,0,5,-2,2,-1,-3,-6
23860,23860,1503958748094,0,-3,0,7,5,-2,1,-5
23861,23861,1503958748108,-4,-9,-2,0,1,-1,-1,2
23862,23862,1503958748116,-1,2,1,-2,-7,0,0,6
23863,23863,1503958748124,-1,-17,0,-5,-6,-1,1,-1
23864,23864,1503958748139,0,-8,4,1,-3,-1,2,-2
23865,23865,1503958748145,0,-2,-2,-2,2,-1,-4,-4
23866,23866,1503958748154,-1,2,-1,-7,-4,-2,-3,1
23867,23867,1503958748168,1,1,3,-1,-6,0,-2,-2
23868,23868,1503958748176,1,1,-2,-1,2,-1,0,-4
23869,23869,1503958748184,-1,1,-3,2,-1,-1,0,-2
23870,23870,1503958748199,-4,-1,1,2,4,-1,-3,2
23871,23871,1503958748206,2,10,0,0,0,1,2,0
23872,23872,1503958748214,1,0,-1,4,0,2,2,-4
23873,23873,1503958748228,2,5,4,-2,3,1,-2,0
23874,23874,1503958748236,0,1,-8,-2,0,-2,1,0
23875,23875,1503958748250,-1,1,-2,0,7,1,-1,-1
23876,23876,1503958748260,-2,0,2,-1,-4,-1,-1,-3
23877,23877,1503958748265,-1,-2,2,-3,-6,-1,0,3
23878,23878,1503958748266,-2,2,1,2,-1,-3,-1,-3
23879,23879,1503958748274,-1,-8,1,-3,2,-1,-2,-6
23880,23880,1503958748288,-1,-1,-1,2,-5,0,-1,-5
23881,23881,1503958748297,-1,0,-1,-4,-5,-1,-1,-3
23882,23882,1503958748304,-2,10,0,1,-2,-2,-2,1
23883,23883,1503958748319,-1,2,-1,5,9,-3,-1,-5
23884,23884,1503958748327,-5,-9,-1,-5,-3,0,0,10
23885,23885,1503958748334,2,12,5,-3,-1,-2,-3,4
23886,23886,1503958748348,2,-2,-1,0,0,-1,1,-2
23887,23887,1503958748356,-1,-5,3,-8,-8,-23,-1,2
23888,23888,1503958748364,-1,3,-4,4,4,3,0,0
23889,23889,1503958748379,3,-2,0,-8,-7,4,0,6
23890,23890,1503958748385,0,-2,0,5,-3,-4,-1,-3
23891,23891,1503958748394,-4,-7,-5,-5,-4,-3,0,-7
23892,23892,1503958748408,2,-2,-1,2,-1,5,0,-1
23893,23893,1503958748416,-2,-1,0,0,3,6,0,1
23894,23894,1503958748424,-2,-1,-1,-3,-2,-1,-1,-5
23895,23895,1503958748439,-1,-2,-3,0,-4,2,-1,-1
23896,23896,1503958748445,-5,-3,-8,-13,-17,-4,-2,2
23897,23897,1503958748454,0,4,-5,-1,-2,2,1,1
23898,23898,1503958748468,-3,0,4,0,9,0,0,-1
23899,23899,1503958748476,-2,-4,3,4,1,12,0,3
23900,23900,1503958748484,-3,-2,-1,2,-3,1,-4,-2
23901,23901,1503958748499,2,0,0,-4,3,4,1,0
23902,23902,1503958748505,-3,-5,1,4,4,0,0,0
23903,23903,1503958748514,-2,0,-2,-1,-4,3,-1,-3
23904,23904,1503958748528,3,0,4,-2,1,-3,0,0
23905,23905,1503958748537,-3,-1,-6,5,2,-4,-2,-2
23906,23906,1503958748544,1,-9,3,-7,4,-3,1,-1
23907,23907,1503958748566,2,4,1,0,-2,-15,-4,-5
23908,23908,1503958748567,-1,9,4,-4,-1,-1,-1,8
23909,23909,1503958748574,0,-10,3,3,0,2,-1,-2
23910,23910,1503958748588,1,-4,-8,-2,-5,-4,-3,3
23911,23911,1503958748598,1,-1,-6,6,-1,-1,-1,7
23912,23912,1503958748604,-1,-3,-2,-5,-3,-1,3,-4
23913,23913,1503958748619,-5,-6,5,7,-2,2,0,4
23914,23914,1503958748626,-2,12,6,-28,4,4,-3,-2
23915,23915,1503958748634,4,2,2,-2,1,3,5,0
23916,23916,1503958748648,1,-1,1,9,-5,-2,-1,-3
23917,23917,1503958748656,0,-8,-4,-6,4,2,-2,-4
23918,23918,1503958748666,-9,0,-1,7,-6,-2,2,-8
23919,23919,1503958748679,-3,6,-4,-2,-5,-4,-4,1
23920,23920,1503958748686,1,-3,1,0,2,0,-1,-3
23921,23921,1503958748702,1,8,-1,-24,-8,-1,-1,-2
23922,23922,1503958748708,-1,-1,-1,0,0,-2,-3,-4
23923,23923,1503958748716,1,-5,-2,2,-1,-7,-2,2
23924,23924,1503958748731,-5,-14,-4,16,-4,-3,1,-3
23925,23925,1503958748739,1,2,-1,-15,1,10,4,0
23926,23926,1503958748753,3,13,-5,-2,-4,-2,-14,-1
23927,23927,1503958748764,-3,-5,-3,7,0,-2,-2,-5
23928,23928,1503958748776,2,0,1,-1,-1,5,2,2
23929,23929,1503958748777,-9,-7,3,2,1,-2,-8,-10
23930,23930,1503958748791,-1,-1,-6,-1,0,-3,2,-10
23931,23931,1503958748799,-3,-6,-2,-12,-13,-9,-1,-3
23932,23932,1503958748807,3,-1,1,-3,8,-6,1,4
23933,23933,1503958748822,5,14,6,2,2,2,0,4
23934,23934,1503958748831,0,0,0,2,-5,-1,4,5
23935,23935,1503958748836,-4,3,0,10,0,-3,-1,-6
23936,23936,1503958748851,0,5,11,-6,3,12,3,0
23937,23937,1503958748859,0,10,1,6,4,7,-1,5
23938,23938,1503958748868,-6,-18,2,-3,1,-6,-1,-1
23939,23939,1503958748882,1,-7,-4,4,0,-4,0,-6
23940,23940,1503958748888,-1,7,0,9,7,0,4,-2
23941,23941,1503958748899,5,-3,1,4,-1,8,3,-2
23942,23942,1503958748911,0,1,-3,8,2,3,-1,1
23943,23943,1503958748919,-2,7,3,-9,0,-1,-9,3
23944,23944,1503958748926,3,2,-4,0,-6,-3,3,-4
23945,23945,1503958748942,-2,2,6,-6,-2,-8,2,-2
23946,23946,1503958748948,0,-3,8,14,6,1,1,-4
23947,23947,1503958748949,-4,6,-2,-28,-7,-4,-10,0
23948,23948,1503958748956,-4,-11,-8,-6,-11,-8,-3,0
23949,23949,1503958748971,1,-15,-3,5,-2,-1,1,5
23950,23950,1503958748979,-4,-2,-1,2,-2,-8,3,-9
23951,23951,1503958748985,4,9,3,-6,-2,-3,-3,8
23952,23952,1503958749002,2,-1,0,9,4,2,-4,0
23953,23953,1503958749008,5,5,-3,-10,2,-1,-7,-1
23954,23954,1503958749016,4,0,-1,-29,4,2,-4,-5
23955,23955,1503958749031,-3,-1,3,-3,0,2,-6,-1
23956,23956,1503958749039,-7,3,-6,20,6,3,0,-6
23957,23957,1503958749045,2,0,8,-26,-9,-4,0,2
23958,23958,1503958749064,10,-6,-2,1,2,0,10,9
23959,23959,1503958749068,-6,-9,-4,29,19,0,-1,-10
23960,23960,1503958749077,4,2,6,-7,-8,-2,-1,12
23961,23961,1503958749090,8,6,4,7,-1,0,9,1
23962,23962,1503958749091,-4,-2,-7,-5,0,-6,-2,1
23963,23963,1503958749099,-3,6,0,-2,0,-2,0,-5
23964,23964,1503958749106,-3,4,1,5,-5,-4,2,-5
23965,23965,1503958749122,-7,-2,-1,-2,14,2,1,0
23966,23966,1503958749128,1,0,-5,-2,-6,0,4,3
23967,23967,1503958749137,4,-9,6,4,-5,-11,-4,5
23968,23968,1503958749150,-8,12,-11,4,4,8,0,-11
23969,23969,1503958749151,6,-1,16,-3,-5,0,-3,1
23970,23970,1503958749159,4,-5,-3,-14,-1,-8,-2,8
23971,23971,1503958749174,-7,0,-6,-6,-6,4,-2,-6
23972,23972,1503958749181,-12,-2,-2,2,-1,3,-1,-5
23973,23973,1503958749195,-4,6,3,6,0,-5,3,3
23974,23974,1503958749199,-1,10,1,2,-3,-1,-2,-4
23975,23975,1503958749212,2,-6,-6,2,-5,1,1,-1
23976,23976,1503958749219,-13,-6,-1,-7,-20,-9,-5,-5
23977,23977,1503958749235,0,-3,4,-1,-1,1,0,6
23978,23978,1503958749241,2,0,10,3,20,19,14,2
24734,24734,1503958756659,-2,-2,-2,1,-7,-1,2,-3
24735,24735,1503958756660,0,-3,-2,-1,3,1,0,-1
24736,24736,1503958756666,1,2,6,-2,-1,2,-1,0
24737,24737,1503958756681,-1,-2,-5,3,2,-1,0,2
24738,24738,1503958756688,-2,-2,-4,-3,-1,-3,0,0
24739,24739,1503958756697,-4,0,0,1,-1,0,0,-1
24740,24740,1503958756713,-1,-2,3,-4,-2,0,-3,-2
24741,24741,1503958756719,2,2,3,0,-1,0,0,-2
24742,24742,1503958756726,-1,-3,-1,-1,0,-2,1,-1
24743,24743,1503958756742,-1,-2,-1,-10,-1,-3,-2,1
24744,24744,1503958756748,-2,0,-4,0,-9,-3,-3,-2
24745,24745,1503958756756,-1,0,0,-5,-3,-3,-1,1
24746,24746,1503958756773,0,0,-2,2,2,-2,1,2
24747,24747,1503958756779,1,2,7,-1,1,2,-3,-1
24748,24748,1503958756786,-1,1,-3,1,-1,1,-2,-1
24749,24749,1503958756804,-3,-3,-1,0,-2,-2,0,-3
24750,24750,1503958756805,1,3,-3,-1,2,-1,0,-5
24751,24751,1503958756809,-1,0,-1,-1,2,1,0,-1
24752,24752,1503958756816,-3,-4,-3,-3,-2,-1,0,3
24753,24753,1503958756817,-2,0,1,0,1,-1,0,3
24754,24754,1503958756831,-2,1,-1,0,-1,-1,-1,-3
24755,24755,1503958756839,2,-1,-4,-4,-2,0,0,1
24756,24756,1503958756847,0,6,5,2,-12,-2,-2,-3
24757,24757,1503958756861,0,-1,0,-6,-3,0,-4,-1
24758,24758,1503958756870,2,-5,-3,-1,0,-2,0,-7
24759,24759,1503958756877,1,-6,1,-4,-4,-1,0,-3
24760,24760,1503958756891,-4,0,-4,0,3,1,0,4
24761,24761,1503958756899,-3,-3,-3,2,-6,-2,0,0
24762,24762,1503958756909,1,-2,2,0,2,-1,-2,2
24763,24763,1503958756921,-1,-1,0,-1,6,-1,-3,1
24764,24764,1503958756928,-1,-2,-5,-3,-4,-1,-2,-1
24765,24765,1503958756938,-2,3,8,4,4,-1,-2,-5
24766,24766,1503958756951,0,-3,0,-7,-7,0,-1,3
24767,24767,1503958756959,-2,1,-3,5,1,-1,0,-1
24768,24768,1503958756966,-2,-1,2,-1,5,0,-1,-3
24769,24769,1503958756982,-3,-3,-3,-2,-6,-1,1,0
24770,24770,1503958756988,1,-1,1,2,3,-1,-1,-1
24771,24771,1503958756996,-1,8,0,-6,-5,0,-2,-1
24772,24772,1503958757011,-2,-2,2,2,4,1,0,-1
24773,24773,1503958757019,0,-3,-8,0,1,0,0,0
24774,24774,1503958757026,0,0,-6,2,6,-1,1,1
24775,24775,1503958757041,-1,-2,4,-4,-2,0,-1,0
24776,24776,1503958757049,-2,-3,1,2,2,-1,1,-1
24777,24777,1503958757057,-1,-3,-1,-1,-5,0,-1,-1
24778,24778,1503958757078,-2,-1,1,0,1,0,-3,0
24779,24779,1503958757080,-1,1,1,3,2,0,-1,0
24780,24780,1503958757086,-1,1,0,-7,-6,-1,-1,0
24781,24781,1503958757101,-1,-5,-3,0,2,-1,-1,-1
24782,24782,1503958757110,-3,-1,-1,-2,-2,-2,1,-2
24783,24783,1503958757123,2,-2,4,0,-2,-2,-1,1
24784,24784,1503958757131,-2,5,-2,-6,-2,-1,-1,-1
24785,24785,1503958757141,0,-4,-3,4,-2,-1,1,-3
24786,24786,1503958757153,-1,-7,2,-2,-3,0,-2,0
24787,24787,1503958757162,-3,-2,-3,-2,-1,-2,-2,2
24788,24788,1503958757163,-2,3,-2,-2,-1,-2,-1,-2
24789,24789,1503958757168,-1,-1,2,-1,-1,-1,-2,-9
24790,24790,1503958757184,-1,-2,-1,-2,0,-2,1,-2
24791,24791,1503958757191,0,0,-3,6,-8,-1,1,1
24792,24792,1503958757199,1,-2,-4,-14,-16,-1,-3,2
24793,24793,1503958757213,0,-1,2,3,4,-1,0,3
24794,24794,1503958757221,-3,1,-5,4,3,0,1,1
24795,24795,1503958757228,-1,0,-1,0,-2,-2,0,-2
24796,24796,1503958757245,0,-3,4,-4,0,1,-1,0
24797,24797,1503958757251,-2,6,6,-3,3,-2,-2,0
24798,24798,1503958757259,-3,-1,0,3,2,-1,0,0
24799,24799,1503958757275,-1,-7,-7,-2,0,2,1,-1
24800,24800,1503958757281,-1,-3,-4,1,0,-1,-2,-4
24801,24801,1503958757288,-1,-4,-2,-4,-2,-1,-1,3
24802,24802,1503958757306,-1,-4,-1,-2,-5,0,-2,4
24803,24803,1503958757307,0,0,0,0,2,0,0,2
24804,24804,1503958757311,-1,2,0,0,-2,-1,-2,-1
24805,24805,1503958757320,-1,-1,6,0,3,0,-1,-2
24806,24806,1503958757333,1,2,0,-5,-7,0,0,-2
24807,24807,1503958757343,-1,0,-1,0,-6,0,0,0
24808,24808,1503958757350,-3,1,-1,1,4,1,-2,-1
24809,24809,1503958757364,-1,0,3,-1,2,-2,-1,3
24810,24810,1503958757374,1,0,-5,-3,-2,0,-1,2
24811,24811,1503958757380,-2,0,0,-3,0,-2,-1,-4
24812,24812,1503958757393,0,-3,1,-1,-1,-1,-3,-4
24813,24813,1503958757401,1,-2,-3,3,-6,0,-1,-3
24814,24814,1503958757409,1,-1,1,-4,2,-1,1,-1
24815,24815,1503958757423,0,-2,-3,-2,0,1,2,1
24816,24816,1503958757431,-3,-1,0,2,2,2,-1,-3
24817,24817,1503958757441,-1,2,1,-5,-1,-1,-2,0
24818,24818,1503958757453,2,-1,-2,-12,-17,-2,-2,-1
24819,24819,1503958757461,-3,0,-4,6,5,0,0,0
24820,24820,1503958757468,-2,-2,3,2,8,-1,0,-1
24821,24821,1503958757484,-1,-3,-2,-1,1,0,-1,-4
24822,24822,1503958757491,-1,0,3,3,1,0,-1,-2
24823,24823,1503958757499,-1,0,-2,3,-2,-2,-1,-1
24824,24824,1503958757514,-1,1,-1,-1,-3,-2,0,-3
24825,24825,1503958757521,-1,-1,-5,1,0,0,0,-1
24826,24826,1503958757528,-2,-1,-2,1,1,-2,0,0
24827,24827,1503958757544,0,-1,1,-2,-1,-1,-1,-1
24828,24828,1503958757551,-2,0,1,-1,2,1,1,-1
24829,24829,1503958757559,0,-1,-3,3,-2,-2,0,-1
24830,24830,1503958757574,0,-1,5,2,8,-1,-5,-1
24831,24831,1503958757582,-2,-1,1,-1,-1,-1,0,0
24832,24832,1503958757588,-3,0,2,1,1,-2,0,-4
24833,24833,1503958757603,-1,-3,-3,-2,-2,0,-3,2
24834,24834,1503958757611,-2,-3,-4,0,0,0,-3,0
24835,24835,1503958757619,1,4,8,-9,-1,0,-5,1
24836,24836,1503958757633,-1,-2,-5,0,-1,-1,0,0
24837,24837,1503958757646,1,1,3,1,-1,0,3,-4
24838,24838,1503958757650,0,0,-1,-4,-1,-1,2,-3
24839,24839,1503958757663,0,-1,2,-3,0,-2,-1,5
24840,24840,1503958757671,0,-1,-3,0,-3,-1,-1,7
24841,24841,1503958757679,-3,-1,-1,0,-1,-2,0,-1
24842,24842,1503958757693,0,1,3,-2,-4,-1,-1,-1
24843,24843,1503958757701,1,-1,-4,-3,-5,-1,0,-3
24844,24844,1503958757716,0,-3,0,-1,-1,-3,0,-3
24845,24845,1503958757717,-2,-3,-4,1,-3,0,1,-1
24846,24846,1503958757723,-4,-3,-1,2,5,0,0,-4
24847,24847,1503958757738,2,1,5,-5,-9,1,-1,1
24848,24848,1503958757744,0,1,0,-4,1,0,-1,-3
24849,24849,1503958757745,-1,1,-1,1,1,1,-1,-2
24850,24850,1503958757753,-1,-1,3,0,-3,1,0,0
24851,24851,1503958757761,1,-1,-1,-1,-1,-1,-1,1
24852,24852,1503958757768,-2,0,-2,-3,-4,-3,-5,-2
24853,24853,1503958757784,-3,-2,-3,0,-2,-2,-1,0
24854,24854,1503958757791,1,0,1,3,3,1,1,0
24855,24855,1503958757799,0,0,-2,-3,-9,-1,-3,-1
24856,24856,1503958757813,0,-1,2,-2,-3,-1,-3,1
24857,24857,1503958757821,-2,-3,-2,1,-1,0,3,-1
24858,24858,1503958757828,-1,-2,3,-7,3,0,-2,1
24859,24859,1503958757844,-2,-1,-5,-3,-2,-1,0,-2
24860,24860,1503958757852,0,1,4,-4,2,-2,-2,-3
24861,24861,1503958757859,0,0,-4,2,0,0,-1,-2
24862,24862,1503958757875,-2,-1,-1,-1,0,-2,-2,1
24863,24863,1503958757881,1,1,1,-3,-1,-1,0,-1
24864,24864,1503958757888,-2,-3,-5,6,0,-1,0,-3
24865,24865,1503958757904,0,3,8,-5,0,-2,-3,1
24866,24866,1503958757911,0,-1,-1,-1,-5,-1,1,-2
24867,24867,1503958757919,-1,-3,-3,1,-1,-1,2,-8
24868,24868,1503958757933,-2,0,4,-1,2,-1,-2,-2
24869,24869,1503958757944,-2,-1,4,-3,-1,0,-2,4
24870,24870,1503958757949,0,-1,-6,-1,-6,-1,0,1
24871,24871,1503958757979,0,1,5,2,0,1,0,0
24872,24872,1503958757980,-3,0,4,-3,5,-1,-2,0
24873,24873,1503958757993,-1,0,-3,-4,1,1,-1,-2
24874,24874,1503958758001,0,1,-2,1,-1,-2,0,-2
24875,24875,1503958758010,0,0,-3,2,0,-1,0,-3
24876,24876,1503958758023,-1,-2,0,1,0,-1,-1,-1
24877,24877,1503958758031,-2,-3,-6,-2,-2,0,2,0
24878,24878,1503958758047,0,-2,-5,2,0,-2,1,-2
24879,24879,1503958758053,0,1,1,2,0,1,0,-1
24880,24880,1503958758061,-1,-2,-5,-2,-4,-1,-1,-2
24881,24881,1503958758077,0,-4,-3,-1,-1,-1,-1,3
24882,24882,1503958758084,0,1,-2,1,-4,0,-2,-3
24883,24883,1503958758091,-1,-3,-2,7,2,0,1,-1
24884,24884,1503958758107,-3,0,2,-7,0,-1,-2,4
24885,24885,1503958758114,0,1,0,1,-1,-3,0,4
24886,24886,1503958758121,-2,0,0,4,6,2,2,-5
24887,24887,1503958758136,-1,0,2,-5,-3,-2,-3,-2
24888,24888,1503958758144,-1,-3,0,0,0,0,-1,-3
24889,24889,1503958758151,-1,-3,-2,-3,-2,-2,-4,-3
24890,24890,1503958758166,0,0,-2,-1,-2,-1,0,4
24891,24891,1503958758173,-1,0,-2,-1,5,0,0,1
24892,24892,1503958758181,-2,0,-3,-2,-1,-3,-2,-4
24893,24893,1503958758195,0,1,-2,-3,-6,1,-1,-3
24894,24894,1503958758204,-1,1,5,-3,1,0,-1,1
24895,24895,1503958758211,-1,-2,-4,-1,-10,-3,-1,-3
24896,24896,1503958758226,-1,1,3,-1,-6,0,-3,0
24897,24897,1503958758233,1,-1,0,1,0,-1,0,1
24898,24898,1503958758245,1,-1,0,-3,1,-2,0,-1
24899,24899,1503958758255,1,1,7,-5,2,1,-1,-1
24900,24900,1503958758263,0,1,-1,1,2,0,1,1
24901,24901,1503958758286,0,0,0,0,2,1,1,0
24902,24902,1503958758287,-1,-3,-1,-1,-1,1,0,-2
24903,24903,1503958758293,-2,-1,1,-3,2,-2,-2,-3
24904,24904,1503958758301,-1,0,0,-2,2,0,-2,-1
24905,24905,1503958758315,-3,-1,-1,-1,3,-2,-1,-1
24906,24906,1503958758324,1,-1,2,-2,-5,-2,-1,1
24907,24907,1503958758331,-1,-3,2,0,-3,-1,-1,0
24908,24908,1503958758346,-1,-2,-2,-5,-6,-1,-3,2
24909,24909,1503958758353,-1,1,-3,-5,-12,-3,-1,-1
24910,24910,1503958758361,-1,-1,-1,-1,-5,-2,-1,-2
24911,24911,1503958758378,1,0,-2,-1,-1,-3,-1,-3
24912,24912,1503958758384,-2,-1,-2,1,6,1,0,-3
24913,24913,1503958758391,1,0,-1,0,1,0,1,3
24914,24914,1503958758406,0,-1,-2,-1,-5,-1,1,-2
24915,24915,1503958758413,-2,1,5,-1,0,0,-3,-1
24916,24916,1503958758421,-1,-1,0,0,0,-1,0,-2
24917,24917,1503958758435,-2,-1,-3,1,-2,1,-1,-2
24918,24918,1503958758445,1,-2,-2,-2,1,0,-3,2
24919,24919,1503958758451,0,0,0,-1,1,-2,0,2
24920,24920,1503958758466,-1,-1,-4,2,1,-2,-1,1
24921,24921,1503958758473,-1,0,1,4,1,0,-1,-3
24922,24922,1503958758482,0,1,1,-1,-4,-1,-1,-1
24923,24923,1503958758495,-1,0,0,1,-3,0,-1,0
24924,24924,1503958758503,-1,-1,0,-3,3,0,-2,0
24925,24925,1503958758512,-1,0,5,-3,4,-2,-2,-2
24926,24926,1503958758526,0,1,1,-4,-3,-1,1,-1
24927,24927,1503958758533,0,-4,-6,-2,1,-2,0,0
24928,24928,1503958758541,-2,-2,1,0,3,-2,-1,-1
24929,24929,1503958758555,1,0,-5,-1,-2,0,0,0
24930,24930,1503958758563,0,-1,2,-2,2,-2,-3,0
24931,24931,1503958758571,0,-1,-2,-3,-2,-1,-3,-4
24932,24932,1503958758593,-1,0,4,-1,16,1,0,-2
24933,24933,1503958758594,0,-1,-9,-10,-18,-2,-1,-2
24934,24934,1503958758601,0,1,2,1,-2,0,0,-1
24935,24935,1503958758602,0,0,2,-3,-2,1,-1,0
24936,24936,1503958758616,-2,-1,-1,3,7,0,-1,-5
24937,24937,1503958758623,0,3,0,-1,-3,-1,1,-1
24938,24938,1503958758631,1,-2,1,-5,3,-1,0,2
24939,24939,1503958758649,0,-1,-2,0,2,1,0,-1
24940,24940,1503958758655,-1,0,2,-3,-1,1,-2,1
24941,24941,1503958758661,-1,0,6,3,4,1,0,1
24942,24942,1503958758675,0,-1,-1,2,1,-1,-1,-1
24943,24943,1503958758684,0,-2,-4,2,-2,-1,1,-1
24944,24944,1503958758691,-1,-1,2,1,-1,-1,0,0
24945,24945,1503958758706,-1,-1,-2,1,-12,-3,0,0
24946,24946,1503958758713,0,-1,-3,-2,-4,-1,0,-3
24947,24947,1503958758721,0,0,-1,-1,1,-2,0,-1
24948,24948,1503958758722,-1,0,-3,1,2,-2,-2,-3
24949,24949,1503958758736,-1,-1,2,1,3,-1,0,-2
24950,24950,1503958758744,0,-2,0,-9,-1,0,-3,-3
24951,24951,1503958758751,0,-1,1,-2,-3,0,-2,-1
24952,24952,1503958758766,-4,-6,-6,-6,-3,-2,-2,-2
24953,24953,1503958758773,2,5,-2,-4,-2,0,-1,-3
24954,24954,1503958758775,-4,-6,-5,1,-4,0,1,-3
24955,24955,1503958758781,1,1,5,-5,4,1,-1,2
24956,24956,1503958758795,-2,-2,1,-1,-6,-3,-2,0
24957,24957,1503958758803,-1,-1,-3,7,13,0,0,0
24958,24958,1503958758813,-1,1,-3,3,6,1,0,-4
24959,24959,1503958758826,0,3,-2,-3,-7,-4,0,-2
24960,24960,1503958758833,1,0,3,3,-3,-1,-2,-1
24961,24961,1503958758841,-3,-5,-1,-1,-1,-3,1,-3
24962,24962,1503958758855,0,-2,2,3,0,0,3,0
24963,24963,1503958758856,-4,-8,-2,-1,-9,-4,-3,-3
24964,24964,1503958758863,-1,6,0,-8,-13,0,3,3
24965,24965,1503958758871,-1,5,0,-5,0,1,0,0
24966,24966,1503958758886,0,1,-1,-3,3,0,-3,-1
24967,24967,1503958758893,1,1,2,-1,5,-1,0,1
24968,24968,1503958758904,-5,-8,-4,5,-2,-2,-1,-4
24969,24969,1503958758915,4,0,-6,-31,-14,-1,-6,4
24970,24970,1503958758924,0,-3,1,2,5,-1,-2,2
24971,24971,1503958758931,0,1,-3,9,0,-3,0,-4
24972,24972,1503958758952,0,-2,3,-4,-1,0,-2,0
24973,24973,1503958758954,-1,-2,0,3,3,-1,1,3
24974,24974,1503958758968,0,-1,1,0,2,0,1,4
24975,24975,1503958758976,-1,-11,-9,0,-3,-4,-15,-1
24976,24976,1503958758988,0,3,-1,0,-5,-3,0,-2
24977,24977,1503958759003,-2,0,4,-4,-8,-1,-3,-4
24978,24978,1503958759006,-3,7,2,5,0,2,2,-7
24979,24979,1503958759020,-2,1,6,6,6,1,4,-3
24980,24980,1503958759028,1,-2,4,-2,0,-2,-1,0
24981,24981,1503958759035,-6,-3,2,1,27,1,2,0
25967,25967,1503958768582,1,0,-5,-3,-5,-1,0,0
25968,25968,1503958768590,1,3,2,0,-1,-2,-2,1
25969,25969,1503958768599,3,1,0,0,-3,0,-2,0
25970,25970,1503958768620,1,-3,4,-1,-2,0,-2,-1
25971,25971,1503958768629,0,-14,-2,-2,-2,-1,-4,-4
25972,25972,1503958768642,-1,3,3,-3,12,1,-4,1
25973,25973,1503958768650,-1,2,5,-4,2,-2,-2,-1
25974,25974,1503958768658,-2,-2,-4,-3,-7,-1,1,-2
25975,25975,1503958768673,-1,0,-3,-3,-1,-2,0,-2
25976,25976,1503958768680,0,4,6,11,3,0,0,-1
25977,25977,1503958768688,-2,0,9,-6,-2,-1,0,0
25978,25978,1503958768704,-1,-4,-5,-7,-11,-2,-2,-4
25979,25979,1503958768710,-4,2,1,5,-5,-1,-2,-2
25980,25980,1503958768711,0,-2,-3,3,-3,-2,-1,0
25981,25981,1503958768718,-1,0,0,-1,-4,-2,0,2
25982,25982,1503958768733,0,1,-5,-1,3,-1,0,-2
25983,25983,1503958768740,-1,-1,3,-2,-1,-1,-1,-2
25984,25984,1503958768748,-1,-1,7,-3,-3,1,-1,-1
25985,25985,1503958768764,1,-2,-4,-2,0,-2,0,-1
25986,25986,1503958768770,1,-1,-6,-1,-1,-1,2,1
25987,25987,1503958768771,-1,0,2,1,1,0,0,-1
25988,25988,1503958768778,0,1,0,-2,-1,0,0,-2
25989,25989,1503958768793,1,-1,-6,0,-2,0,-2,-3
25990,25990,1503958768803,-1,2,4,0,-1,-1,-1,0
25991,25991,1503958768808,-1,1,3,-3,1,0,0,0
25992,25992,1503958768822,0,3,-1,-1,1,-2,1,-2
25993,25993,1503958768831,-2,1,1,0,-3,-1,0,0
25994,25994,1503958768838,1,0,1,1,-3,-1,0,1
25995,25995,1503958768839,-1,-5,-2,0,-2,-1,-1,1
25996,25996,1503958768853,-1,-2,0,-1,-1,-2,-1,0
25997,25997,1503958768860,-1,-3,-2,-2,-3,-2,-2,-3
25998,25998,1503958768868,-1,1,7,2,0,-1,-2,0
25999,25999,1503958768882,1,-2,-1,-1,-1,-3,0,1
26000,26000,1503958768891,0,0,1,1,0,0,-1,0
26001,26001,1503958768901,-3,-8,-2,-3,0,-1,0,-2
26002,26002,1503958768913,0,-4,-3,-1,0,0,-1,-2
26003,26003,1503958768920,0,3,3,-4,-2,2,-1,0
26004,26004,1503958768930,-2,-2,-3,-1,-2,-2,-1,-2
26005,26005,1503958768942,-2,0,-4,1,-2,0,0,-6
26006,26006,1503958768950,0,3,2,0,1,0,0,-1
26007,26007,1503958768958,0,1,2,-1,1,-1,-2,3
26008,26008,1503958768974,-2,1,0,0,-1,-1,-2,4
26009,26009,1503958768980,0,1,-1,1,-1,0,1,4
26010,26010,1503958768988,-2,-1,-2,-2,1,-1,0,0
26011,26011,1503958769003,-1,3,-2,-1,0,0,-2,-3
26012,26012,1503958769010,-2,4,-1,-2,-3,-2,-1,-5
26013,26013,1503958769018,-1,-4,-3,-1,-1,0,0,-2
26014,26014,1503958769033,0,-1,-1,0,-2,0,0,-2
26015,26015,1503958769040,-1,0,-1,2,-2,-1,-2,-3
26016,26016,1503958769041,0,2,2,-3,-3,-2,-2,-1
26017,26017,1503958769048,-1,-5,-1,-1,1,0,-2,0
26018,26018,1503958769066,-2,-3,-3,-2,-1,-1,-3,-2
26019,26019,1503958769071,0,0,-7,-1,-1,0,1,-1
26020,26020,1503958769078,-1,-3,0,-1,0,0,1,1
26021,26021,1503958769093,-1,-2,4,-3,-7,-1,-1,0
26022,26022,1503958769102,-1,2,1,1,1,-1,-1,-2
26023,26023,1503958769108,1,-2,-2,-2,3,-1,-1,0
26024,26024,1503958769123,0,0,-1,1,2,-2,1,-2
26025,26025,1503958769132,0,-5,-2,-2,-4,-1,-2,2
26026,26026,1503958769139,5,7,1,0,-1,-1,1,2
26027,26027,1503958769153,1,1,0,1,1,0,-1,-2
26028,26028,1503958769160,0,-4,-1,-5,-9,-1,-1,1
26029,26029,1503958769168,-2,-1,2,-1,-1,-1,0,-2
26030,26030,1503958769182,-1,-4,0,-1,3,-2,1,-3
26031,26031,1503958769183,1,2,0,0,4,1,0,-3
26032,26032,1503958769191,-1,0,-1,-1,0,-1,-1,-4
26033,26033,1503958769200,-4,-3,-3,0,-1,0,-2,-5
26034,26034,1503958769213,-2,0,4,-2,-1,1,-1,2
26035,26035,1503958769227,-1,-4,-1,-1,-2,-2,-1,0
26036,26036,1503958769235,-4,2,-3,-1,-1,-2,-1,0
26037,26037,1503958769251,-5,-3,1,-2,0,-1,-1,1
26038,26038,1503958769252,3,2,3,0,1,-1,1,-1
26039,26039,1503958769267,-6,-13,-3,-1,0,-1,0,-4
26040,26040,1503958769274,-2,-2,-3,0,-2,-1,-2,0
26041,26041,1503958769280,0,1,2,1,-1,0,-3,1
26042,26042,1503958769295,-1,-2,-2,1,-4,-1,-1,-3
26043,26043,1503958769305,1,3,1,-1,0,-1,-1,-1
26044,26044,1503958769311,0,0,0,-1,-1,0,0,0
26045,26045,1503958769325,-1,2,2,-1,0,-1,0,0
26046,26046,1503958769334,1,0,0,-3,1,-1,0,-2
26047,26047,1503958769340,1,1,-1,0,-5,-1,-1,0
26048,26048,1503958769356,0,0,-1,-3,0,-2,-1,0
26049,26049,1503958769362,-1,-4,-2,1,-1,-1,-2,-2
26050,26050,1503958769370,2,0,5,-2,-2,-1,0,-2
26051,26051,1503958769385,-5,-11,-7,0,2,0,1,-2
26052,26052,1503958769393,-2,-1,0,1,1,0,-4,0
26053,26053,1503958769402,0,3,-2,-1,-6,-1,0,1
26054,26054,1503958769416,-1,1,-3,1,-2,-1,0,-3
26055,26055,1503958769423,-1,3,-1,-2,5,0,1,-1
26056,26056,1503958769431,0,0,0,-2,2,-1,1,0
26057,26057,1503958769445,1,-1,2,-3,1,-1,-1,-1
26058,26058,1503958769453,0,-1,-3,-3,2,-1,-1,0
26059,26059,1503958769460,2,2,3,-1,0,-1,0,1
26060,26060,1503958769476,-1,-1,-1,-1,-1,-1,-1,-3
26061,26061,1503958769482,-2,-1,-1,-1,0,-1,-2,-2
26062,26062,1503958769490,-2,-3,-3,2,-3,1,-1,-2
26063,26063,1503958769506,1,8,5,-2,-2,2,-1,2
26064,26064,1503958769513,-1,1,-2,0,0,-4,0,-2
26065,26065,1503958769520,0,-3,-1,1,-2,-1,0,0
26066,26066,1503958769536,0,0,-1,1,1,-1,0,-2
26067,26067,1503958769543,-6,-16,-3,-1,-1,-1,-2,-2
26068,26068,1503958769550,-1,0,0,-1,-1,0,0,-2
26069,26069,1503958769568,1,1,-2,0,-2,-1,0,-5
26070,26070,1503958769573,0,-1,-1,-1,0,1,-1,-3
26071,26071,1503958769574,0,-3,-1,-2,-2,2,-2,1
26072,26072,1503958769580,-1,3,-1,1,3,0,0,-2
26073,26073,1503958769595,-2,1,0,-1,-3,-1,-1,0
26074,26074,1503958769603,0,2,0,-2,0,-1,1,1
26075,26075,1503958769611,-2,0,-1,-3,-1,0,-1,0
26076,26076,1503958769625,-2,0,1,-2,2,-2,0,0
26077,26077,1503958769635,0,10,0,-2,-4,-2,0,1
26078,26078,1503958769649,0,1,-2,0,-2,1,-2,-5
26079,26079,1503958769655,3,1,2,-2,2,-1,-1,1
26080,26080,1503958769663,0,-2,-1,-2,-3,-1,1,3
26081,26081,1503958769671,-3,-4,-3,1,2,-1,-1,-3
26082,26082,1503958769686,-1,-1,2,-2,-3,1,-1,-2
26083,26083,1503958769693,-1,-2,0,-1,-2,-2,-1,0
26084,26084,1503958769712,-2,2,2,0,-3,-3,-2,-1
26085,26085,1503958769716,-1,-4,-2,0,-1,0,-2,0
26086,26086,1503958769724,0,4,0,0,0,-2,0,-2
26087,26087,1503958769730,-3,-3,-1,-1,2,-2,0,0
26088,26088,1503958769746,-2,2,-2,1,-2,-1,0,1
26089,26089,1503958769753,-1,-1,-2,0,0,-2,1,-4
26090,26090,1503958769769,1,-5,-2,0,-2,0,0,-2
26091,26091,1503958769776,1,-2,0,-1,-1,1,1,-1
26092,26092,1503958769784,-1,-1,0,0,0,0,-3,-2
26093,26093,1503958769790,-1,-1,-1,-2,-1,-1,-2,1
26094,26094,1503958769806,-2,-4,2,-3,-1,0,0,1
26095,26095,1503958769813,-2,0,2,-1,-1,0,-1,-1
26096,26096,1503958769828,0,2,-2,-1,0,-2,0,-3
26097,26097,1503958769836,-1,-1,1,-2,-3,0,0,-1
26098,26098,1503958769844,1,3,1,-1,3,1,-1,0
26099,26099,1503958769851,-1,-1,0,0,0,-1,0,-2
26100,26100,1503958769868,0,-4,-1,1,1,-1,0,-1
26101,26101,1503958769873,-2,-1,-2,0,1,0,-2,-4
26102,26102,1503958769888,-3,-2,-2,-2,-2,-2,-1,-1
26103,26103,1503958769895,0,1,1,-1,0,0,0,0
26104,26104,1503958769904,0,-1,0,0,-1,-2,0,0
26974,26974,1503958778407,-1,-7,-2,-3,-3,-2,1,-3
26975,26975,1503958778416,1,5,9,1,1,-2,0,-1
26976,26976,1503958778423,-3,2,-1,-3,0,1,-2,-2
26977,26977,1503958778437,-3,-3,1,2,3,0,-1,-4
26978,26978,1503958778445,0,-7,0,-3,-7,-3,0,1
26979,26979,1503958778453,-1,-2,1,-2,2,-1,1,1
26980,26980,1503958778467,-1,-1,-4,1,-4,-1,-2,-2
26981,26981,1503958778475,0,2,4,3,0,-2,-2,0
26982,26982,1503958778484,0,-2,-2,0,-4,0,5,0
26983,26983,1503958778497,-1,14,-2,-1,-4,-1,-3,-2
26984,26984,1503958778506,-4,13,9,1,3,0,-2,-1
26985,26985,1503958778521,-3,-9,-8,0,3,0,1,-1
26986,26986,1503958778527,1,-3,7,-5,6,-1,-4,1
26987,26987,1503958778535,0,-4,5,-7,-10,-1,-2,2
26988,26988,1503958778543,1,-3,-3,-1,-2,-3,0,-4
26989,26989,1503958778558,-1,-7,-5,0,2,0,1,0
26990,26990,1503958778565,0,-2,3,-1,7,1,1,-3
26991,26991,1503958778580,0,0,3,0,-4,-1,-1,-1
26992,26992,1503958778587,-2,-1,-7,5,-4,-2,-3,1
26993,26993,1503958778595,-2,-7,1,-3,3,0,-1,-1
26994,26994,1503958778610,1,0,-4,0,5,0,0,1
26995,26995,1503958778618,-2,-2,-3,2,-2,0,2,-3
26996,26996,1503958778625,0,-4,-2,-3,-7,-2,-1,-5
26997,26997,1503958778640,1,12,5,-2,0,1,-1,1
26998,26998,1503958778647,-2,-5,-1,-3,-5,2,-1,6
26999,26999,1503958778655,-2,2,6,-6,4,0,-2,3
27000,27000,1503958778669,0,0,-7,-1,9,1,-2,2
27001,27001,1503958778679,-2,-6,-12,0,-2,0,0,-3
27002,27002,1503958778685,0,-5,1,-2,-6,-2,-2,-4
27003,27003,1503958778700,-1,-4,-4,0,0,-2,1,-1
27004,27004,1503958778707,0,3,10,-8,-10,-1,-5,-2
27005,27005,1503958778715,2,-1,3,-7,-6,-1,1,2
27006,27006,1503958778729,-2,2,-5,5,1,-3,1,-3
27007,27007,1503958778737,-2,-3,-10,-2,-2,-1,-2,-5
27008,27008,1503958778746,0,9,7,0,0,0,-2,0
27009,27009,1503958778760,1,1,-4,1,-5,0,1,-2
27010,27010,1503958778767,-1,-1,-6,0,1,-2,0,-2
27011,27011,1503958778775,1,-2,-1,4,-4,-4,-2,-1
27012,27012,1503958778789,0,8,3,-3,0,-1,2,-1
27013,27013,1503958778798,0,6,-6,-1,-3,-1,0,0
27014,27014,1503958778805,-3,7,-8,1,-1,-2,-1,-2
27015,27015,1503958778822,1,1,1,-2,6,0,-5,-5
27016,27016,1503958778827,-1,-8,0,-3,1,0,0,0
27017,27017,1503958778835,-1,-3,2,3,0,-2,0,0
27018,27018,1503958778852,-2,-5,0,1,-6,0,1,-3
27019,27019,1503958778857,-3,-4,2,1,-4,-1,1,0
27020,27020,1503958778865,-1,1,-4,-1,0,-1,2,1
27021,27021,1503958778880,-1,-5,0,-4,1,-2,-1,1
27022,27022,1503958778888,1,-5,4,1,1,0,-2,-2
27023,27023,1503958778895,0,-1,1,-3,1,0,-3,2
27024,27024,1503958778909,0,-12,-1,0,-1,0,-1,2
27025,27025,1503958778918,0,-3,1,-5,-1,-1,-1,-2
27026,27026,1503958778925,-1,-4,0,0,-6,-1,0,-2
27027,27027,1503958778940,-2,-3,-2,5,-3,-1,2,2
27028,27028,1503958778949,3,2,1,-7,-6,0,-2,1
27029,27029,1503958778956,0,-1,-1,0,0,0,0,-2
27030,27030,1503958778970,-3,1,6,-6,3,-2,-1,-2
27031,27031,1503958778977,-1,-1,-4,0,-3,0,1,-3
27032,27032,1503958778978,-2,0,-1,3,-2,0,0,-1
27033,27033,1503958778986,-1,0,2,-1,4,2,-2,0
27034,27034,1503958779000,0,-11,-6,-1,1,-1,2,0
27035,27035,1503958779008,0,8,2,-1,5,-1,-2,1
27036,27036,1503958779015,-1,1,0,-3,-6,-3,-1,-3
27037,27037,1503958779029,-2,-3,-1,-2,-3,-1,0,-1
27038,27038,1503958779037,-2,1,4,-1,-1,1,0,-2
27039,27039,1503958779048,1,-4,-1,-1,-2,1,0,-1
27040,27040,1503958779049,-1,-3,-10,6,-3,-1,2,-1
27041,27041,1503958779060,1,-1,11,-9,4,-1,-5,1
27042,27042,1503958779067,-1,-2,-5,6,2,0,0,-5
27043,27043,1503958779076,-2,1,-2,-2,-3,-1,-2,-1
27044,27044,1503958779090,-2,11,4,-3,-1,-2,0,0
27045,27045,1503958779098,-1,2,-5,1,0,-2,0,-1
27046,27046,1503958779105,0,-4,-3,-2,-3,-2,-2,0
27047,27047,1503958779120,0,3,2,0,-2,0,0,-1
27048,27048,1503958779127,1,-3,-1,-9,-12,-1,-1,1
27049,27049,1503958779135,0,-3,-6,-2,-1,1,-1,-1
27050,27050,1503958779149,-2,10,4,3,7,1,1,-3
27051,27051,1503958779158,-1,0,0,0,-2,0,0,2
27052,27052,1503958779165,-1,-5,-1,-1,2,1,1,4
27053,27053,1503958779184,-2,5,4,1,8,-2,-3,-2
27054,27054,1503958779188,0,1,0,-2,-3,-2,-1,-2
27055,27055,1503958779195,-1,-5,3,-2,-2,-1,1,0
27056,27056,1503958779209,-1,-10,-7,4,-3,-2,1,-4
27057,27057,1503958779218,1,2,0,2,1,-1,-1,0
27058,27058,1503958779225,-1,-3,0,2,3,-2,0,0
27059,27059,1503958779240,0,2,-4,-2,0,0,1,-2
27060,27060,1503958779250,-1,-2,-3,-2,-3,-3,-4,-2
27061,27061,1503958779255,0,-2,1,-4,-1,0,-1,1
27062,27062,1503958779269,-1,0,1,2,5,0,-1,-1
27063,27063,1503958779278,0,-1,-4,-3,-8,-2,-1,-2
27064,27064,1503958779285,-1,-7,-3,2,-2,-1,-1,-6
27065,27065,1503958779300,-1,-4,-2,-2,0,0,-1,-1
27066,27066,1503958779307,-2,-3,3,-1,-4,1,0,2
27067,27067,1503958779317,-1,-1,-2,1,-3,-3,-1,1
27068,27068,1503958779329,2,-1,9,-6,3,1,-3,0
27069,27069,1503958779337,-1,6,1,6,5,0,-1,-1
27070,27070,1503958779345,-2,1,0,0,10,-1,2,0
27071,27071,1503958779360,-3,-4,-4,-3,-4,-1,0,-4
27072,27072,1503958779367,0,0,0,-4,0,-1,-2,-1
27073,27073,1503958779375,-2,-5,-2,4,0,-2,1,1
27074,27074,1503958779389,-2,0,-2,-2,3,-2,-2,2
27075,27075,1503958779398,-1,-2,-1,-1,-1,0,-1,-3
27076,27076,1503958779405,-1,-2,-5,2,-1,-1,-1,-1
27077,27077,1503958779420,-1,-3,-5,2,4,1,-2,-2
27078,27078,1503958779421,2,-2,2,-6,-4,-1,-3,-1
27079,27079,1503958779427,0,4,0,-1,-6,-2,1,-2
27080,27080,1503958779435,-1,-3,-2,0,0,-2,0,-2
27081,27081,1503958779451,-1,2,6,-3,3,1,-1,1
27082,27082,1503958779458,0,5,1,-5,-10,-3,-2,1
27083,27083,1503958779472,-2,-3,-6,6,-13,-3,-1,-3
27084,27084,1503958779488,0,-1,5,-3,5,1,-2,-1
27085,27085,1503958779489,-2,-7,-8,-3,-4,-1,3,-2
27086,27086,1503958779503,-2,6,5,3,-1,0,-1,0
27087,27087,1503958779509,-1,0,1,-5,1,1,-2,2
27088,27088,1503958779518,-1,-2,-1,2,4,-2,0,-2
27089,27089,1503958779532,0,-4,-6,-1,-1,0,1,-1
27090,27090,1503958779540,3,-1,-2,-1,3,1,0,2
27091,27091,1503958779551,1,2,3,-7,-5,0,-2,1
27092,27092,1503958779563,-4,1,2,0,-2,0,0,-1
27093,27093,1503958779569,-1,-3,7,1,11,-1,-1,-1
27094,27094,1503958779578,-1,-1,-9,-7,-6,-1,-3,-2
27095,27095,1503958779592,0,1,4,-4,-1,0,-1,0
27096,27096,1503958779600,0,-4,2,-6,2,-3,-3,-2
27097,27097,1503958779607,-3,-1,2,1,0,-2,-1,-2
27098,27098,1503958779608,0,-2,-3,-2,-6,-2,-3,0
27099,27099,1503958779623,0,10,1,1,0,-3,-1,-1
27100,27100,1503958779629,1,-3,-4,4,-6,0,-1,-2
27101,27101,1503958779637,0,-5,3,-2,-2,-1,0,-2
27102,27102,1503958779653,-1,7,2,-4,-9,-1,-3,0
27103,27103,1503958779661,1,-1,1,-12,-3,0,-1,2
27104,27104,1503958779667,-4,-1,-1,5,1,-1,-1,-3
27105,27105,1503958779686,-2,-6,2,4,3,0,-1,0
27106,27106,1503958779689,-1,3,4,-4,-2,-1,0,-1
27107,27107,1503958779698,1,-1,1,-2,1,-1,-3,1
27108,27108,1503958779712,1,-1,-5,-7,-3,-2,1,0
27109,27109,1503958779720,-3,0,-5,4,-11,1,-1,-3
27110,27110,1503958779727,-1,0,3,0,0,-1,2,-2
27111,27111,1503958779742,-1,-1,-2,-1,3,0,0,-1
27112,27112,1503958779752,-2,-1,-4,6,4,0,0,-1
27113,27113,1503958779758,-3,-1,2,5,3,0,1,0
27114,27114,1503958779772,3,1,-1,-3,7,0,0,0
27115,27115,1503958779780,-5,-5,-3,-1,-7,-3,-1,0
27116,27116,1503958779788,-1,-3,-4,5,1,-1,-1,-4
27117,27117,1503958779802,0,1,1,-3,-3,-1,-1,-2
27118,27118,1503958779803,0,3,7,-6,9,-2,-2,-1
27119,27119,1503958779809,1,-2,0,-4,-4,0,-4,2
27120,27120,1503958779825,1,-4,3,-7,-3,-2,-1,0
27121,27121,1503958779832,-2,1,8,-1,7,1,-2,-3
27122,27122,1503958779840,-1,1,-3,3,1,0,1,-4
27123,27123,1503958779847,-3,-2,0,1,-3,-1,0,-1
27124,27124,1503958779863,1,2,0,-1,-1,1,-1,-1
27125,27125,1503958779869,-2,-1,0,-3,3,-2,-1,-2
27126,27126,1503958779877,-1,1,1,1,-3,0,-1,-3
27127,27127,1503958779895,-2,1,-1,-9,4,-1,0,2
27128,27128,1503958779900,-1,1,-7,4,-6,-2,-1,2
27129,27129,1503958779915,0,0,-8,3,-4,-2,1,1
27130,27130,1503958779923,-1,2,8,-5,-2,-1,-1,0
27131,27131,1503958779930,-5,-8,-3,-1,-1,-3,-1,-1
27132,27132,1503958779938,1,-2,2,-9,-8,-1,-2,-3
27133,27133,1503958779953,1,1,0,-3,-10,0,-3,0
27134,27134,1503958779960,-1,-1,-7,5,2,1,1,0
27135,27135,1503958779975,-1,-1,0,-2,-2,0,0,-1
27136,27136,1503958779982,-3,0,-2,7,7,0,1,1
27137,27137,1503958779991,1,16,9,-1,2,-1,0,1
27138,27138,1503958779997,-1,-11,-3,-5,-4,0,1,-1
27139,27139,1503958779998,-1,-5,-2,-5,-1,-1,-1,-2
27140,27140,1503958780013,0,-6,2,1,-6,-2,0,0
27141,27141,1503958780020,-2,3,-10,6,1,0,2,-2
27142,27142,1503958780035,4,2,8,-6,-3,0,-2,1
27143,27143,1503958780043,-1,-1,1,-4,-4,2,2,0
27144,27144,1503958780044,-1,-4,-2,-3,4,-2,0,0
27145,27145,1503958780054,-2,-2,-3,2,0,-1,0,-3
27146,27146,1503958780058,2,6,7,0,0,-1,-3,-2
27147,27147,1503958780073,-3,3,2,7,7,1,2,-1
27148,27148,1503958780080,0,1,0,-4,-4,-2,-2,0
27149,27149,1503958780096,-2,10,11,-3,2,0,-1,-2
27150,27150,1503958780103,4,12,-6,1,-2,-1,0,-1
27151,27151,1503958780110,-1,-8,5,-6,-1,0,-5,3
28024,28024,1503958788592,1,1,-1,-3,-2,0,1,3
28025,28025,1503958788600,-1,-1,-1,-2,-3,-1,-1,0
28026,28026,1503958788601,-1,-4,-5,1,-1,0,-1,0
28027,28027,1503958788614,1,-7,-5,2,7,-1,1,-3
28028,28028,1503958788622,2,13,8,-2,1,-1,1,-1
28029,28029,1503958788630,-6,2,2,-4,-4,-1,-2,-2
28030,28030,1503958788644,0,-3,-5,1,-8,-1,-1,0
28031,28031,1503958788652,1,-5,-5,1,1,-2,0,0
28032,28032,1503958788663,1,1,2,-4,-1,0,-1,0
28033,28033,1503958788674,0,2,12,-1,7,0,-4,-1
28034,28034,1503958788682,-2,-1,-6,4,-1,-2,0,-1
28035,28035,1503958788690,-3,4,-4,-5,-3,1,0,-1
28036,28036,1503958788706,0,6,10,-6,-1,-2,-4,-2
28037,28037,1503958788712,5,-6,4,1,-1,-3,0,1
28038,28038,1503958788720,-2,1,-1,5,3,-1,2,0
28039,28039,1503958788735,3,-6,-4,1,-1,0,-1,-1
28040,28040,1503958788742,4,-2,6,-9,-3,-1,0,-1
28041,28041,1503958788749,-2,2,0,5,2,2,1,1
28042,28042,1503958788765,-1,3,-3,-5,-10,0,-3,-1
28043,28043,1503958788773,-1,-3,-6,-2,-9,-2,-1,-4
28044,28044,1503958788780,-2,-4,1,0,3,0,-1,-1
28045,28045,1503958788799,-3,-1,3,0,3,-1,-1,-1
28046,28046,1503958788802,-8,-19,-8,1,4,-1,1,0
28047,28047,1503958788816,-1,2,4,-3,-2,1,-4,0
28048,28048,1503958788825,-2,2,-6,5,-6,-1,0,-2
28049,28049,1503958788833,-3,-1,-4,-1,0,-1,-2,-5
28050,28050,1503958788847,-1,2,-3,2,1,0,-1,-1
28051,28051,1503958788854,-2,7,1,-4,-8,-3,1,-2
28052,28052,1503958788864,0,1,-4,1,2,0,-1,-2
28053,28053,1503958788876,0,-19,-6,-3,-2,0,-1,1
28054,28054,1503958788884,-2,-3,3,-1,-1,-2,-1,-1
28055,28055,1503958788892,0,-3,0,-3,0,0,-2,0
28056,28056,1503958788907,0,-1,-5,0,-1,1,-2,1
28057,28057,1503958788914,-4,-3,3,-3,3,-2,1,-2
28058,28058,1503958788922,-2,0,-3,-6,-4,-2,0,1
28059,28059,1503958788937,-1,4,1,0,2,0,-3,2
28060,28060,1503958788945,-3,2,-1,-1,-2,-1,-1,-4
28061,28061,1503958788952,0,8,1,0,0,-2,-4,-1
28062,28062,1503958788968,0,-1,2,1,4,0,-3,2
28063,28063,1503958788974,-1,0,-3,4,-2,-2,2,-3
28064,28064,1503958788982,0,2,1,-3,0,0,1,-4
28065,28065,1503958788998,-2,-2,3,-2,0,-1,2,0
28066,28066,1503958789006,0,1,-2,8,-7,-3,-1,-3
28067,28067,1503958789012,-6,-22,-3,-9,-10,-3,-3,0
28068,28068,1503958789027,2,3,-2,-8,0,0,-4,2
28069,28069,1503958789035,4,5,-3,3,-4,1,1,-3
28070,28070,1503958789042,-2,-4,2,1,0,-2,0,-3
28071,28071,1503958789056,0,3,-6,0,-2,0,1,-1
28072,28072,1503958789065,1,1,4,-6,2,0,0,0
28073,28073,1503958789073,-3,2,-4,2,0,1,1,-1
28074,28074,1503958789087,0,1,6,-2,0,1,-1,-1
28075,28075,1503958789094,0,0,-1,4,1,-2,0,-4
28076,28076,1503958789103,-1,-3,-2,-3,1,-3,1,0
28077,28077,1503958789116,-6,-17,-2,-2,0,-2,-1,2
28078,28078,1503958789125,-2,-3,-1,-2,0,-2,-1,0
28079,28079,1503958789132,4,4,-2,-7,-3,0,-2,0
28080,28080,1503958789147,0,1,-3,2,-2,-1,-3,-2
28081,28081,1503958789154,0,0,1,-8,-1,0,-2,2
28082,28082,1503958789165,0,8,-2,1,1,-2,-1,-1
28083,28083,1503958789176,-1,1,2,1,-3,-2,0,-3
28084,28084,1503958789184,-4,-8,4,-2,-2,-1,-2,0
28085,28085,1503958789192,1,5,4,2,-1,1,0,-3
28086,28086,1503958789208,0,-4,-1,-2,-2,0,0,1
28087,28087,1503958789214,0,19,7,0,5,1,-1,1
28088,28088,1503958789222,-1,0,-2,-1,-1,2,0,-3
28089,28089,1503958789237,-1,8,0,5,2,-2,-1,-1
28090,28090,1503958789245,1,-3,4,-1,-2,-1,-3,-6
28091,28091,1503958789252,-1,-5,-2,1,1,0,0,1
28092,28092,1503958789267,-1,2,-2,0,0,-2,-1,8
28093,28093,1503958789275,-2,-7,-5,2,0,1,-1,1
28094,28094,1503958789282,-2,0,0,-1,-1,-1,2,0
28095,28095,1503958789299,-1,-7,-3,-2,1,-2,-1,-4
28096,28096,1503958789305,-1,2,-1,-2,0,1,-2,-2
28097,28097,1503958789312,-2,-1,-2,1,-2,-1,-1,-5
28098,28098,1503958789327,-1,0,-6,1,-4,0,0,0
28099,28099,1503958789334,0,2,2,-2,0,0,0,-2
28100,28100,1503958789342,-3,-8,-2,-4,-2,-1,0,-3
28101,28101,1503958789356,1,-3,-1,-2,-5,0,0,0
28102,28102,1503958789366,-2,-1,3,-2,10,-1,0,-3
28103,28103,1503958789372,-2,-1,-1,-5,-8,-2,-4,0
28104,28104,1503958789388,0,2,0,-1,0,0,-4,0
28105,28105,1503958789394,-3,-7,0,-3,2,0,0,1
28106,28106,1503958789402,-1,-2,-3,0,-5,-1,0,-2
28107,28107,1503958789416,-1,5,-3,2,1,1,-1,-1
28108,28108,1503958789417,3,0,1,-1,2,-1,0,2
28109,28109,1503958789425,1,-12,5,-2,-1,0,-3,-7
28110,28110,1503958789435,-2,17,3,-2,-3,0,-1,-4
28111,28111,1503958789436,-1,-1,1,-2,2,-1,0,-1
28112,28112,1503958789447,1,-9,-4,0,-5,-1,0,4
28113,28113,1503958789454,-4,0,4,-2,-1,-2,-2,6
28114,28114,1503958789462,1,5,-2,-5,-1,-2,0,3
28115,28115,1503958789477,1,1,-2,3,2,0,0,-5
28116,28116,1503958789485,-1,5,0,3,-1,0,0,-4
28117,28117,1503958789492,1,0,-3,-2,0,-2,0,-3
28118,28118,1503958789509,1,-1,3,3,-1,-1,1,1
28119,28119,1503958789515,-1,-5,-1,-2,3,0,1,-2
28120,28120,1503958789523,-4,2,-5,0,2,0,-1,0
28121,28121,1503958789536,-2,-6,-4,2,-4,-1,2,-1
28122,28122,1503958789537,-1,-2,3,2,6,-1,-2,-3
28123,28123,1503958789545,1,-6,-5,-2,-5,-2,1,-2
28124,28124,1503958789553,-2,3,-1,0,-3,0,-2,-1
29124,29124,1503958799249,-2,4,-3,1,3,-1,0,0
29125,29125,1503958799263,-2,0,-1,0,0,1,-1,-1
29126,29126,1503958799272,0,-1,1,1,3,0,-2,-1
29127,29127,1503958799282,-3,-6,-4,-2,2,1,-1,-3
29128,29128,1503958799294,1,-1,-2,-6,-2,-1,-2,-1
29129,29129,1503958799301,0,-2,-4,1,0,-2,-2,-3
29130,29130,1503958799309,-1,-11,1,-1,-2,-1,-1,0
29131,29131,1503958799324,-3,0,-5,-2,-3,-1,1,0
29132,29132,1503958799332,0,-2,-1,-1,0,0,1,2
29133,29133,1503958799339,1,7,2,3,-5,-1,-2,0
29134,29134,1503958799354,-2,8,1,-2,-1,-2,0,-2
29135,29135,1503958799361,-1,0,-1,-3,0,0,1,1
29136,29136,1503958799369,0,0,2,0,1,-1,-2,-3
29137,29137,1503958799383,0,-1,-3,0,-2,-2,0,-2
29138,29138,1503958799393,0,-8,-3,5,-4,-1,1,1
29139,29139,1503958799399,-2,2,5,4,0,-1,-1,0
29140,29140,1503958799416,-1,-4,5,-3,-3,1,-2,-3
29141,29141,1503958799422,1,-2,-1,0,-1,-1,-1,-4
29142,29142,1503958799429,-1,3,-5,2,-2,0,0,1
29143,29143,1503958799443,-1,4,5,-5,-5,-2,-1,1
29144,29144,1503958799452,1,3,-1,-2,2,-1,-1,-1
29145,29145,1503958799459,0,-2,0,-1,-1,0,0,0
29146,29146,1503958799474,-1,-3,-3,1,7,-1,-1,-2
29147,29147,1503958799484,0,-1,-5,-1,2,0,0,-2
29148,29148,1503958799489,-3,9,3,-4,2,-2,-1,0
29149,29149,1503958799503,-1,-6,2,-4,0,1,-3,-1
29150,29150,1503958799511,0,-4,-4,5,-7,0,1,-1
29151,29151,1503958799519,0,-1,3,-1,-1,0,-1,-2
29152,29152,1503958799535,-1,-3,-1,-2,4,-2,-1,-3
29153,29153,1503958799541,-1,6,1,-10,-2,-1,-2,1
29154,29154,1503958799551,-2,2,0,4,-1,-1,-1,-2
29155,29155,1503958799563,-3,-10,-4,-1,6,-1,0,1
29156,29156,1503958799571,1,-2,-2,-5,-1,-1,-2,1
29157,29157,1503958799579,-1,-3,-1,2,-2,-1,1,-3
29158,29158,1503958799594,-1,4,2,-4,1,-1,-2,-3
29159,29159,1503958799601,-2,1,0,2,4,-1,-1,1
29160,29160,1503958799609,-1,16,4,-1,-7,0,0,1
29161,29161,1503958799625,-2,0,-4,5,-3,-1,1,0
29162,29162,1503958799632,-2,-8,-6,-3,1,-2,0,3
29163,29163,1503958799639,0,-1,-2,1,-3,0,-1,-1
29164,29164,1503958799655,0,-6,-2,-4,-3,0,-1,-3
29165,29165,1503958799662,-2,-7,1,-3,-4,-1,0,-2
29166,29166,1503958799669,-1,-7,0,-2,-1,-1,0,-4
29167,29167,1503958799684,0,-5,-5,-1,-3,-1,0,1
29168,29168,1503958799692,-2,-5,-1,2,-1,-2,0,0
29169,29169,1503958799699,0,1,3,-6,-12,-2,-1,0
29170,29170,1503958799714,-2,-2,0,-1,-4,0,-1,1
29171,29171,1503958799721,-1,2,0,2,2,-3,0,-2
29172,29172,1503958799729,1,-1,-1,-4,-2,1,1,0
29173,29173,1503958799743,2,7,1,-2,0,1,-2,-1
29174,29174,1503958799752,0,4,3,-1,2,-1,0,-2
29175,29175,1503958799761,-1,8,4,4,4,-1,-1,-2
29176,29176,1503958799774,1,-5,-2,1,-3,-1,-2,-4
29177,29177,1503958799781,0,12,1,1,1,-2,2,-3
29178,29178,1503958799790,-1,-3,-4,-6,-3,0,-1,3
29179,29179,1503958799803,-2,-5,-2,-3,2,0,-2,0
29180,29180,1503958799811,0,-4,2,2,-2,-1,0,-1
29181,29181,1503958799819,2,-2,-3,-2,-1,1,-1,1
29182,29182,1503958799834,-1,2,0,0,1,-2,0,-3
29183,29183,1503958799841,-2,-2,0,-3,3,-1,-1,0
29184,29184,1503958799850,3,5,4,-1,-3,-2,-1,2
29185,29185,1503958799863,-1,-2,-2,1,0,0,0,-1
29186,29186,1503958799871,-2,-3,-2,1,-4,-3,0,1
29187,29187,1503958799879,-2,-4,2,-2,-3,-1,-2,-1
29188,29188,1503958799895,-2,-5,-1,2,2,-1,-2,-3
29189,29189,1503958799901,-1,-6,-1,-1,0,-1,0,-1
29190,29190,1503958799909,0,2,-3,0,-4,-1,1,-1
29191,29191,1503958799925,0,-4,-1,0,-4,0,0,-2
29192,29192,1503958799931,-1,2,0,1,0,-1,0,-1
29193,29193,1503958799961,-4,-10,3,0,2,0,-1,-2
29194,29194,1503958799962,-1,2,-2,0,2,1,-2,-2
29195,29195,1503958799963,0,6,0,5,-5,-2,-2,-1
29196,29196,1503958799969,-1,-5,0,-6,-3,-2,-2,1
29197,29197,1503958799986,-1,3,-2,16,1,0,1,-2
29198,29198,1503958799995,-1,-2,-1,10,5,0,1,-2
29199,29199,1503958799999,2,-1,5,-13,0,-1,-2,2
29200,29200,1503958800014,0,-1,2,-12,-2,-2,0,0
29201,29201,1503958800015,-3,-4,-6,-10,-1,-1,0,-1
29202,29202,1503958800021,-2,-2,0,-9,-2,1,-1,-1
29203,29203,1503958800037,-2,-1,0,-6,3,-1,1,-2
29204,29204,1503958800043,0,12,3,-4,1,-2,0,1
29205,29205,1503958800052,-1,0,-1,-1,-9,0,-3,0
29206,29206,1503958800067,2,-3,-3,0,-4,1,0,-1
29207,29207,1503958800076,-3,-1,3,2,2,-1,-1,-4
29208,29208,1503958800081,-1,-4,-2,-5,-2,-2,-2,2
29209,29209,1503958800097,0,-4,-3,-4,0,-1,-1,-3
29210,29210,1503958800103,-2,0,-4,-4,-2,-2,0,2
29211,29211,1503958800111,-1,2,-2,-4,3,0,0,1
29212,29212,1503958800128,-1,0,-2,-4,-4,-1,0,-3
29213,29213,1503958800134,0,1,0,-3,-2,1,-2,1
29214,29214,1503958800141,0,1,4,-2,-3,0,-1,-1
29215,29215,1503958800157,2,9,8,-3,-1,-2,-4,-2
29216,29216,1503958800163,0,-6,-3,-2,2,1,1,-1
29217,29217,1503958800171,-2,2,2,3,-1,-2,-1,-2
29218,29218,1503958800187,-9,-13,-5,-2,3,-1,-3,-4
29219,29219,1503958800195,0,-3,1,2,1,-1,0,-1
29220,29220,1503958800201,0,3,-1,-1,2,-3,-1,-2
29221,29221,1503958800216,0,-3,-3,-4,-6,-2,0,-1
29222,29222,1503958800224,0,0,4,-6,-3,0,-2,0
29223,29223,1503958800231,-1,-3,1,-2,0,-1,0,-2
29224,29224,1503958800246,-1,-4,-3,3,-2,-2,0,-1
29225,29225,1503958800254,1,-1,0,2,0,-1,0,-1
29226,29226,1503958800261,0,-1,2,0,0,-1,-1,-1
29227,29227,1503958800277,0,0,-3,-4,-8,-1,-1,0
29228,29228,1503958800283,1,14,3,-4,2,0,-1,2
29229,29229,1503958800292,-3,0,1,0,-2,0,-1,2
29230,29230,1503958800293,-1,-2,-3,-1,-8,1,-2,-1
29231,29231,1503958800306,-3,-4,-4,5,-2,-2,1,-2
29232,29232,1503958800314,-1,-3,1,-2,3,-1,0,-1
29233,29233,1503958800321,-2,-3,-2,1,2,-1,1,0
29234,29234,1503958800337,0,-3,0,-2,0,0,-1,-2
29235,29235,1503958800343,2,-4,2,-3,-6,-1,-1,-1
29236,29236,1503958800355,-1,0,-1,0,3,0,1,2
29237,29237,1503958800366,0,-2,1,-1,-2,0,-2,-3
29238,29238,1503958800374,0,5,-1,2,3,0,-1,-3
29239,29239,1503958800381,-3,-6,-2,-5,0,-2,-3,-2
29240,29240,1503958800397,0,-6,-1,-6,1,0,0,1
29241,29241,1503958800403,1,3,-3,2,-2,0,0,-2
29242,29242,1503958800411,-2,0,1,-1,-8,-2,-1,1
29243,29243,1503958800427,0,-8,-2,-1,-2,-1,-2,0
29244,29244,1503958800434,-2,2,2,0,2,-2,0,-2
29245,29245,1503958800450,-1,1,-2,-2,-2,0,0,-2
29246,29246,1503958800457,-1,-1,3,0,0,0,1,-3
29247,29247,1503958800465,1,5,-4,3,-4,3,0,0
29248,29248,1503958800471,0,-4,0,-2,1,-4,-1,1
29249,29249,1503958800489,1,-3,-2,4,2,-2,1,-2
29250,29250,1503958800495,1,2,3,-3,1,0,-3,0
29251,29251,1503958800509,-4,-3,-2,3,-6,0,1,1
29252,29252,1503958800516,3,-1,1,-2,5,0,1,-2
29253,29253,1503958800524,4,1,7,-3,3,-1,-3,-2
29254,29254,1503958800532,-1,-1,-9,2,-2,0,-1,0
29255,29255,1503958800547,1,3,1,-2,5,-3,1,2
29256,29256,1503958800556,-2,-1,1,-4,-1,-2,-1,0
29257,29257,1503958800569,-4,-11,-7,-4,-5,-1,1,-1
29258,29258,1503958800576,-2,-9,-4,-2,-4,1,1,0
29259,29259,1503958800584,-1,-1,4,-1,-1,-2,-2,-1
29260,29260,1503958800592,-1,1,0,3,-1,0,-3,-2
29261,29261,1503958800607,1,4,-2,1,2,-1,-1,-2
29262,29262,1503958800614,-1,-8,0,0,-4,-2,0,0
29263,29263,1503958800629,0,2,1,-2,-2,-2,-1,-1
29264,29264,1503958800636,-3,6,3,-3,1,-1,-2,0
29265,29265,1503958800645,0,3,0,-2,4,0,-2,0
29266,29266,1503958800651,1,-2,-3,0,-4,2,0,-1
29267,29267,1503958800667,1,-8,-2,-2,-3,-1,2,-3
29268,29268,1503958800674,-3,1,-1,2,0,0,0,-1
29269,29269,1503958800691,-1,-1,-1,1,-3,1,-1,2
29270,29270,1503958800697,-2,4,-4,-1,-1,-4,0,-1
29271,29271,1503958800705,-3,4,3,0,2,0,-4,-2
29272,29272,1503958800712,-1,5,3,1,-2,0,0,-3
29273,29273,1503958800729,-3,-3,-4,-3,-5,-2,0,-1
29274,29274,1503958800734,-2,-9,0,-1,3,-1,-1,-3
29275,29275,1503958800749,1,-5,0,-5,-2,-1,-3,-1
29276,29276,1503958800758,-2,-4,-4,5,1,-1,0,0
29277,29277,1503958800766,3,7,1,-6,-6,0,1,2
29278,29278,1503958800771,2,1,0,2,-6,-1,1,0
29279,29279,1503958800794,-1,-1,-2,-1,3,1,2,2
29280,29280,1503958800796,2,7,1,0,2,0,0,0
29281,29281,1503958800809,-2,-3,-3,2,0,-3,-1,-1
29282,29282,1503958800816,-1,-5,-2,1,0,-1,1,0
29283,29283,1503958800825,-2,-1,2,-3,4,1,-3,0
29284,29284,1503958800832,1,7,3,0,6,0,-3,-1
29285,29285,1503958800847,-7,-9,-1,2,-5,-3,-1,-4
29286,29286,1503958800854,0,-1,-1,-2,1,-2,0,-2
29287,29287,1503958800869,-4,-9,-2,-1,1,0,-1,-2
29288,29288,1503958800876,0,-7,-7,3,-2,0,1,0
29289,29289,1503958800884,3,8,-1,2,-3,-2,1,2
29290,29290,1503958800899,-1,1,1,-4,-2,-1,0,-2
29291,29291,1503958800907,-1,2,-1,-1,2,0,1,-1
29292,29292,1503958800914,-9,-13,-3,-2,-14,-3,-1,-1
29293,29293,1503958800931,1,13,8,-4,-1,-2,-5,-2
29294,29294,1503958800937,1,-2,0,-3,-1,-1,-1,-2
29295,29295,1503958800945,-2,-7,-1,1,1,0,1,-4
29296,29296,1503958800960,-1,0,4,-2,5,2,0,1
29297,29297,1503958800967,2,5,1,-1,1,0,-3,3
29298,29298,1503958800974,-4,-8,-3,0,-6,-2,0,-2
29299,29299,1503958800998,-2,15,2,-1,3,-1,-4,-3
29300,29300,1503958801004,0,-4,-3,-1,-2,-2,0,0
29301,29301,1503958801019,2,-1,0,-2,0,-1,-2,0
29302,29302,1503958801027,0,-3,-3,-2,-2,-1,-3,-3
29303,29303,1503958801034,0,-6,-3,4,1,-2,0,-3
29304,29304,1503958801049,-1,-4,-3,-2,2,-1,0,0
29305,29305,1503958801058,-2,4,0,1,3,1,1,0
29306,29306,1503958801065,-3,2,2,-2,1,0,0,2
29307,29307,1503958801079,0,1,-1,-2,-3,-3,0,-1
29308,29308,1503958801087,-2,-6,-5,0,-3,-1,0,-1
29309,29309,1503958801094,2,9,2,-3,-2,-1,-2,-3
29310,29310,1503958801110,0,5,-2,0,-5,0,1,-1
29311,29311,1503958801118,3,0,2,-2,-1,1,1,3
29312,29312,1503958801125,4,11,2,-1,-5,0,-1,1
29313,29313,1503958801139,-2,-5,2,1,4,-1,-2,-3
29314,29314,1503958801147,-2,-5,2,0,2,-1,1,-2
29315,29315,1503958801154,-1,-2,-1,0,-2,-1,0,2
29316,29316,1503958801170,-4,-12,-5,6,7,-1,1,-2
29317,29317,1503958801177,1,0,2,-3,0,0,0,0
29318,29318,1503958801184,-1,7,1,-4,2,-3,-1,1
29319,29319,1503958801200,-2,-3,-5,-2,-2,-2,1,1
29320,29320,1503958801207,0,-8,-3,0,-2,1,-3,-2
29321,29321,1503958801214,-1,0,3,-4,-4,-1,-2,-2
29322,29322,1503958801229,0,-2,0,-6,-6,-1,-2,1
29323,29323,1503958801236,0,1,-3,2,1,0,-2,-2
29324,29324,1503958801252,1,-1,0,1,0,-1,2,-1
30197,30197,1503958809726,1,-5,6,-5,-4,-2,-2,-2
30198,30198,1503958809742,0,-3,-6,4,-4,0,0,-3
30199,30199,1503958809748,-3,-1,-6,5,-1,-2,1,-1
30200,30200,1503958809756,-6,-1,2,-2,-4,-2,0,-1
30201,30201,1503958809771,3,4,3,-1,5,1,0,-4
30202,30202,1503958809779,-2,1,3,0,6,0,-1,-3
30203,30203,1503958809786,0,-3,0,3,6,-1,-4,-3
30204,30204,1503958809802,-14,-19,-9,13,-4,-2,0,-5
30205,30205,1503958809808,-1,4,4,-4,1,0,0,0
30206,30206,1503958809816,0,0,-1,-7,-1,-1,-1,-1
30207,30207,1503958809830,-1,-2,-3,0,-4,-4,0,1
30208,30208,1503958809839,1,4,2,-4,-3,-1,-1,2
30209,30209,1503958809846,-1,-1,-6,6,3,2,3,-1
30210,30210,1503958809861,5,4,5,-3,7,-1,-2,0
30211,30211,1503958809876,-3,-2,-5,-4,-10,-2,-2,-3
30212,30212,1503958809877,0,-4,1,-1,3,-2,0,-1
30213,30213,1503958809878,2,-1,-2,-4,-4,0,-1,1
30214,30214,1503958809890,1,4,8,-9,4,0,1,0
30215,30215,1503958809898,4,2,-1,-5,0,-1,1,1
30216,30216,1503958809907,-1,-2,-4,-13,-4,-2,-5,2
30217,30217,1503958809921,0,2,-3,-1,-3,-2,0,0
30218,30218,1503958809928,-2,2,2,5,2,0,1,-3
30219,30219,1503958809936,1,1,-4,3,-4,-1,-2,-2
30220,30220,1503958809950,-3,-1,-2,7,-1,-3,-1,-3
30221,30221,1503958809958,0,-1,0,1,0,-2,1,1
30222,30222,1503958809968,1,-6,-2,-9,-11,-1,-3,0
30223,30223,1503958809981,-1,-4,-3,2,4,-1,-2,-1
30224,30224,1503958809988,1,3,-5,2,11,-1,2,-1
30225,30225,1503958809996,-4,-5,-2,0,1,1,1,-4
30226,30226,1503958810011,1,2,3,-2,8,0,-4,1
30227,30227,1503958810018,3,-2,1,-8,-8,-2,1,3
30228,30228,1503958810026,5,2,0,3,-5,1,-1,0
30229,30229,1503958810043,-8,0,1,3,-3,0,0,-3
30230,30230,1503958810049,-7,-12,-2,-6,-2,-1,0,-1
30231,30231,1503958810056,4,-2,-3,-2,-1,0,1,-1
30232,30232,1503958810075,0,2,-6,5,12,0,-2,-3
30233,30233,1503958810079,-3,-2,1,5,-2,-2,0,-4
30234,30234,1503958810086,7,9,7,-7,-4,0,1,4
30235,30235,1503958810103,3,2,-1,-3,5,-2,-2,5
30236,30236,1503958810108,-4,0,-1,5,-8,-1,2,-3
30237,30237,1503958810116,-2,-1,-2,-9,-5,1,-4,-2
30238,30238,1503958810130,-1,1,4,-4,2,0,-1,-1
30239,30239,1503958810139,-4,-2,1,7,-4,-4,1,-1
30240,30240,1503958810146,1,0,1,-6,-6,-2,0,1
30241,30241,1503958810161,-3,4,-3,7,22,0,-1,-6
30242,30242,1503958810177,-1,-4,1,2,-9,0,1,-1
30243,30243,1503958810179,-8,-3,-3,-7,-19,-1,-2,-1
30244,30244,1503958810190,3,7,-7,5,5,0,-1,-2
30245,30245,1503958810198,-3,-15,-6,-4,-3,1,0,-3
30246,30246,1503958810207,-5,-7,2,-5,-11,-2,1,-2
30247,30247,1503958810221,2,-1,2,-2,11,-1,-1,-1
30248,30248,1503958810228,0,-6,-2,-2,-2,0,0,-1
30249,30249,1503958810237,1,1,5,-2,2,-1,-1,2
30250,30250,1503958810250,1,3,-6,1,0,-2,0,2
30251,30251,1503958810258,1,-6,-1,-3,-5,1,0,-2
30252,30252,1503958810273,-8,-17,-3,-1,-6,-2,-2,0
30253,30253,1503958810281,3,4,1,0,-1,0,1,1
30254,30254,1503958810288,-5,-3,-3,-2,-9,0,-2,-2
30255,30255,1503958810304,-5,4,13,-1,14,-1,-2,-1
30256,30256,1503958810312,0,-3,-3,-3,3,0,-1,-1
30257,30257,1503958810319,0,0,-1,0,-4,0,-1,0
30258,30258,1503958810333,0,8,6,0,4,1,0,-1
30259,30259,1503958810343,3,1,-6,-5,4,-3,-4,-3
30260,30260,1503958810348,-2,-6,-3,-4,-3,0,0,1
30261,30261,1503958810349,1,-1,-7,3,-5,-1,0,-4
30262,30262,1503958810363,-4,-5,15,2,10,1,-1,0
30263,30263,1503958810364,2,4,1,-10,-4,0,-2,1
30264,30264,1503958810371,-3,11,-7,-4,1,-2,-4,-2
30265,30265,1503958810380,0,-2,-2,2,-7,-1,0,-1
30266,30266,1503958810393,-1,0,6,9,14,0,2,-2
30267,30267,1503958810401,0,-1,2,-1,-11,-2,-2,-3
30268,30268,1503958810409,-1,-4,3,-3,-6,-1,0,-1
30269,30269,1503958810424,4,0,1,-1,1,1,2,4
30270,30270,1503958810431,-1,0,-3,0,-2,-2,0,-3
30271,30271,1503958810439,0,0,-6,4,-1,1,-1,0
30272,30272,1503958810453,1,-4,-1,-4,-3,0,-3,0
30273,30273,1503958810461,1,3,-6,2,1,-1,1,-1
30274,30274,1503958810470,-2,-12,5,-5,-4,-1,-1,2
30275,30275,1503958810483,-1,-4,2,-4,4,-1,-1,-2
30276,30276,1503958810490,0,2,8,0,0,-1,-3,-1
30277,30277,1503958810498,0,0,-11,0,-7,-1,0,-2
30278,30278,1503958810513,0,3,5,-5,2,0,-2,-1
30279,30279,1503958810521,-3,1,6,2,4,0,-1,-4
30280,30280,1503958810528,1,0,-3,1,0,-2,-3,0
30281,30281,1503958810544,-2,-2,0,-1,-2,0,0,-1
30282,30282,1503958810550,0,7,3,-2,1,0,1,2
30283,30283,1503958810560,-1,-8,1,-5,-5,1,-1,2
30284,30284,1503958810573,2,-1,-6,-1,-1,-1,0,-4
30285,30285,1503958810582,-1,4,-2,-1,1,-2,0,-2
30286,30286,1503958810588,1,4,0,0,2,1,0,-1
30287,30287,1503958810607,0,-3,3,-3,-1,0,-1,0
30288,30288,1503958810611,-2,-4,-5,-2,0,-1,-2,0
30289,30289,1503958810618,-1,1,-5,1,-3,0,-1,-3
30290,30290,1503958810633,-4,0,3,2,-4,-1,0,1
30291,30291,1503958810644,0,1,-3,-2,-11,-2,-1,2
30292,30292,1503958810649,1,0,-3,-1,-4,0,-2,-3
30293,30293,1503958810663,-1,2,3,-4,9,1,-1,2
30294,30294,1503958810673,-1,-3,-3,-1,-4,-2,0,-1
30295,30295,1503958810674,-2,-6,3,4,7,0,2,-1
30296,30296,1503958810679,0,-3,2,0,-3,-2,0,-4
30297,30297,1503958810693,-2,-5,2,0,0,1,-1,1
30298,30298,1503958810701,0,-6,-1,-1,0,-1,-3,0
30299,30299,1503958810716,0,7,2,-1,-1,-1,1,1
30300,30300,1503958810717,1,3,-1,-2,-3,-2,0,0
30301,30301,1503958810723,-3,-5,-3,-1,-1,-3,0,-1
30302,30302,1503958810731,1,0,-3,-3,0,-1,-1,-1
30303,30303,1503958810740,0,-1,-5,3,4,0,3,-2
30304,30304,1503958810754,-1,-2,0,-4,-2,-1,-1,1
30305,30305,1503958810761,-2,1,1,1,0,0,0,-2
30306,30306,1503958810776,-2,-3,-4,0,0,1,-1,-2
30307,30307,1503958810777,-2,0,-2,-3,-1,-2,-1,-3
30308,30308,1503958810784,0,2,1,-1,-3,-1,-1,-1
30309,30309,1503958810791,0,-3,-1,-1,-4,-1,-1,-1
30310,30310,1503958810798,-1,3,-1,-1,-2,0,0,-1
30311,30311,1503958810820,0,0,-9,1,-1,-1,1,-2
30312,30312,1503958810822,1,3,2,-2,0,-2,-2,-2
30313,30313,1503958810837,-2,-2,-1,-1,3,-1,0,-2
30314,30314,1503958810844,-1,1,0,-2,-3,-1,-2,5
30315,30315,1503958810852,-4,2,0,1,3,0,0,0
30316,30316,1503958810858,2,-3,-3,-9,-14,-1,-3,-1
30317,30317,1503958810876,0,-3,-3,-1,-6,-2,-1,1
30318,30318,1503958810883,-2,0,2,4,4,1,-1,-2
30319,30319,1503958810897,0,-1,3,-3,-2,0,-3,-2
30320,30320,1503958810904,-2,0,-1,1,2,0,-1,-1
30321,30321,1503958810913,1,-2,2,-2,0,-1,-1,2
30322,30322,1503958810926,-1,-1,2,-3,1,-1,0,-2
30323,30323,1503958810934,-4,-2,-1,-2,-2,-1,0,-2
30324,30324,1503958810943,0,1,0,0,1,0,-1,-2
30325,30325,1503958810956,0,1,-2,1,-4,-1,1,0
30326,30326,1503958810957,1,-2,-2,-2,-2,-1,-1,-1
30327,30327,1503958810964,0,0,-1,2,5,0,-2,-3
30328,30328,1503958810973,-1,3,0,-1,1,1,1,-2
30329,30329,1503958810979,-2,-3,0,1,-1,-1,-1,0
30330,30330,1503958810994,-1,-3,3,-2,-4,-1,-1,1
30331,30331,1503958811001,-1,0,4,-4,7,-1,-1,-1
31171,31171,1503958819244,-3,1,-3,5,0,0,-3,-1
31172,31172,1503958819251,-2,10,-9,1,-2,-1,-1,-2
31173,31173,1503958819266,-4,-3,2,1,-3,0,-2,1
31174,31174,1503958819273,-4,-2,14,-5,3,-1,-6,-5
31175,31175,1503958819284,-6,-7,-13,1,-5,-2,-1,1
31176,31176,1503958819295,5,-32,1,-8,0,-1,-1,-8
31177,31177,1503958819303,1,8,-4,-3,-1,0,-2,2
31178,31178,1503958819311,-3,-18,-10,4,-5,-3,3,10
31179,31179,1503958819326,-4,14,4,13,-2,-1,4,5
31180,31180,1503958819333,-1,9,0,1,5,1,-3,-15
31181,31181,1503958819341,-3,-16,14,-19,-1,0,-4,-12
31182,31182,1503958819355,2,5,16,1,7,0,-5,1
31183,31183,1503958819363,0,6,-1,0,-2,1,-3,-3
31184,31184,1503958819371,-3,4,-20,1,-9,-1,7,13
31185,31185,1503958819387,4,-16,2,-8,1,-1,1,7
31186,31186,1503958819393,-1,-28,-7,2,-4,-3,1,0
31187,31187,1503958819401,2,-26,0,-2,0,-2,0,2
31188,31188,1503958819417,1,10,5,-5,2,0,-2,-4
31189,31189,1503958819423,-1,8,-3,3,-1,-2,-1,4
31190,31190,1503958819431,4,0,16,-6,6,-1,-7,6
31191,31191,1503958819446,1,25,-7,3,4,-3,-1,-16
31192,31192,1503958819453,0,-11,-8,5,-4,-3,1,-7
31193,31193,1503958819454,-2,10,6,-2,-1,0,-1,-6
31194,31194,1503958819462,-1,14,1,6,-3,1,2,5
31195,31195,1503958819476,-3,-4,-10,3,-9,-1,4,11
31196,31196,1503958819483,-1,-17,7,-7,2,-1,-3,0
31197,31197,1503958819491,-2,2,-6,0,-3,-2,2,-4
31198,31198,1503958819506,2,-1,16,3,8,2,2,1
31199,31199,1503958819513,0,-5,-1,-3,-1,-1,2,4
31200,31200,1503958819522,0,-13,-16,6,-5,-2,1,-8
31201,31201,1503958819535,0,6,-4,2,-4,-3,-7,-18
31202,31202,1503958819543,1,-1,-12,-1,-8,0,1,17
31203,31203,1503958819551,-2,9,-3,0,-1,0,1,-2
31204,31204,1503958819566,-1,23,-7,-2,-2,-3,2,-9
31205,31205,1503958819573,-2,53,10,0,3,-1,-3,-5
31206,31206,1503958819584,-3,-18,-4,2,-1,-2,-2,1
31207,31207,1503958819595,-2,-10,-9,3,-3,0,4,-3
31208,31208,1503958819603,1,4,2,1,0,-1,-4,-13
31209,31209,1503958819618,-1,14,6,0,2,-1,0,1
31210,31210,1503958819627,-2,-14,-1,-4,-4,1,-3,-6
31211,31211,1503958819633,-1,-17,-10,2,-4,-1,0,-7
31212,31212,1503958819650,-1,2,-2,-4,-2,-2,0,3
31213,31213,1503958819655,-1,-4,-13,4,-7,-3,0,-4
31214,31214,1503958819663,1,-19,11,-12,6,2,-4,6
31215,31215,1503958819678,0,-19,1,-7,2,2,-1,3
31216,31216,1503958819694,-1,-7,2,-3,-1,0,-2,1
31217,31217,1503958819709,-1,8,0,2,-3,-3,1,0
31218,31218,1503958819717,2,-4,-3,-1,-3,-3,1,2
31219,31219,1503958819723,-3,2,-1,0,1,0,-1,-3
31220,31220,1503958819738,-2,-6,-2,-10,-5,0,-1,13
31221,31221,1503958819746,-3,23,-8,5,-5,-1,1,1
31222,31222,1503958819753,-1,15,-2,-1,1,-2,4,7
31223,31223,1503958819768,0,-4,-8,-1,-7,-1,-1,-1
31224,31224,1503958819775,-3,-18,7,-3,4,0,-4,-6
31225,31225,1503958819785,-1,4,1,-1,2,-1,4,6
31226,31226,1503958819798,-1,-1,4,0,2,0,-1,-6
31227,31227,1503958819806,-3,-13,-6,4,-1,-2,1,5
31228,31228,1503958819813,-1,-28,-12,4,-3,-2,2,-6
31229,31229,1503958819828,0,-7,-3,3,-2,-1,3,2
31230,31230,1503958819835,2,27,5,5,-1,0,-1,-12
31231,31231,1503958819843,0,-2,6,-5,-1,0,-3,-3
31232,31232,1503958819857,-3,0,0,-1,-2,0,-2,-8
31233,31233,1503958819858,1,0,10,-3,2,0,-5,4
31234,31234,1503958819866,1,-13,0,-2,1,-2,-4,-3
31235,31235,1503958819873,1,24,6,-3,2,1,2,-10
31236,31236,1503958819888,-1,-22,-2,-3,-1,-3,-1,-2
31237,31237,1503958819895,-4,-18,-2,-2,-3,-4,-6,12
31238,31238,1503958819903,1,8,0,-1,-2,0,-2,-3
31239,31239,1503958819920,-1,0,-6,2,-1,-1,-1,-5
31240,31240,1503958819926,-2,3,5,0,1,1,-3,-2
31241,31241,1503958819933,-2,-3,-4,-2,-3,-2,2,5
31242,31242,1503958819949,0,8,1,-6,-6,0,-2,-4
31243,31243,1503958819958,-3,-8,-8,-2,-7,-2,-2,-5
31244,31244,1503958819963,-2,2,-3,-2,2,-3,-2,1
31245,31245,1503958819978,1,25,3,0,0,0,3,-3
31246,31246,1503958819987,1,-18,1,-4,-1,-1,-2,-3
31247,31247,1503958819994,2,-1,4,-1,3,1,-2,-2
31248,31248,1503958820015,-1,3,7,-4,2,0,-2,3
31249,31249,1503958820023,-1,-3,-8,9,3,0,0,0
31250,31250,1503958820038,0,-7,3,-5,0,-2,-4,0
31251,31251,1503958820046,-2,1,2,3,0,-2,0,0
31252,31252,1503958820054,1,0,-8,5,-2,0,0,-1
31253,31253,1503958820070,0,-2,4,-3,3,0,-1,0
31254,31254,1503958820076,-1,-18,-3,1,0,0,0,-1
31255,31255,1503958820083,-2,7,3,2,-3,0,-2,-2
31256,31256,1503958820098,-1,3,-6,2,-3,-1,3,2
31257,31257,1503958820106,-1,4,-4,-8,-2,-2,3,-1
31258,31258,1503958820113,-1,0,3,-4,1,-1,-1,-2
31259,31259,1503958820128,0,-1,-2,-7,-4,-2,0,0
31260,31260,1503958820136,1,-3,3,-6,1,0,-1,-2
31261,31261,1503958820143,-1,4,3,8,1,1,1,-3
31262,31262,1503958820159,-3,0,8,12,6,0,1,-3
31263,31263,1503958820166,-2,-5,6,-3,-5,-3,-2,-1
31264,31264,1503958820173,-2,-4,-1,1,-9,-3,1,2
31265,31265,1503958820189,2,15,6,-1,-1,1,-4,0
31266,31266,1503958820196,1,1,1,-5,-1,-1,-1,0
31267,31267,1503958820203,1,-1,7,-6,-9,0,-3,-2
31268,31268,1503958820219,-2,-5,6,-7,-13,1,-1,-3
31269,31269,1503958820226,4,-2,-5,-19,-8,0,0,4
31270,31270,1503958820233,-1,0,-7,-1,-5,-2,0,-1
31271,31271,1503958820248,-1,15,-4,6,6,-1,-1,0
31272,31272,1503958820255,-4,3,1,2,2,0,-1,0
31273,31273,1503958820263,0,3,-4,7,3,-1,-2,-3
31274,31274,1503958820277,-1,3,-2,-7,13,0,-3,-4
31275,31275,1503958820287,5,0,-10,4,-9,0,0,-1
31276,31276,1503958820294,-1,-2,2,-3,1,-2,0,-1
31277,31277,1503958820308,-4,-6,-1,-3,5,-2,0,-3
31278,31278,1503958820315,1,-4,-3,3,3,0,0,1
31279,31279,1503958820324,-3,-6,5,1,-2,-1,0,-2
31280,31280,1503958820337,-3,0,-5,-6,-3,-1,-2,2
31281,31281,1503958820346,-2,-5,-4,4,8,0,-2,3
31282,31282,1503958820354,4,3,5,-10,-6,0,0,1
31283,31283,1503958820369,-1,-2,1,0,-13,-1,-3,-5
31284,31284,1503958820375,5,-15,-2,8,-3,-2,-2,-4
31285,31285,1503958820383,-2,-7,-4,0,7,-2,4,-1
31286,31286,1503958820398,0,1,-7,-5,-1,-1,-2,2
31287,31287,1503958820405,-2,0,0,1,7,-2,-1,1
31288,31288,1503958820422,-1,2,-4,-2,-1,0,1,-1
31289,31289,1503958820429,0,4,-3,2,-7,0,-2,-3
31290,31290,1503958820443,0,-1,-5,-3,-7,0,-2,2
31291,31291,1503958820444,-7,-10,4,5,4,-2,1,-1
31292,31292,1503958820460,0,3,-3,-5,-5,-2,-1,-1
31293,31293,1503958820466,2,0,3,-4,-2,1,1,1
31294,31294,1503958820473,-4,5,-1,5,2,-1,-1,-5
31295,31295,1503958820489,-2,0,-2,-3,-6,0,-2,-4
31296,31296,1503958820496,-4,11,6,0,-5,-1,0,-1
31297,31297,1503958820504,0,-3,-1,-4,-7,-2,-3,0
31298,31298,1503958820518,0,-16,-3,6,3,-1,-2,-3
31299,31299,1503958820526,0,3,8,-6,4,-1,-1,0
31300,31300,1503958820540,-2,-3,7,-6,6,-1,0,1
31301,31301,1503958820549,-1,5,-9,-5,1,0,0,1
31302,31302,1503958820556,-1,-6,3,2,0,0,-1,0
31303,31303,1503958820571,-3,-2,-1,3,4,-1,1,-1
31304,31304,1503958820578,4,8,1,-2,-4,0,2,1
31305,31305,1503958820590,2,-4,-1,8,-4,-1,-3,0
31306,31306,1503958820600,9,8,-2,-1,-1,-4,-2,-2
31307,31307,1503958820608,0,3,5,-6,3,1,-1,1
31308,31308,1503958820616,-3,3,-1,-1,-2,0,1,-2
32364,32364,1503958830935,2,3,-1,-2,0,0,-1,1
32365,32365,1503958830942,0,4,0,0,-3,-2,0,-1
32366,32366,1503958830958,0,-1,1,-2,0,0,-1,0
32367,32367,1503958830964,-2,9,-2,-3,2,0,-1,0
32368,32368,1503958830981,-1,0,0,-3,0,-1,0,2
32369,32369,1503958830987,1,-3,-1,-2,-3,-2,-1,1
32370,32370,1503958830995,-2,1,-1,-1,-3,-2,0,-3
32371,32371,1503958831002,-2,-3,-1,1,-1,0,0,1
32372,32372,1503958831018,0,-1,0,3,12,-1,1,-3
32373,32373,1503958831024,-2,-4,-2,-2,-6,-2,-2,-1
32374,32374,1503958831033,-1,1,-1,-2,-9,1,0,2
32375,32375,1503958831048,1,-4,-1,-1,0,0,2,1
32376,32376,1503958831055,-2,-5,-3,0,2,-1,1,-3
32377,32377,1503958831062,-4,-9,-3,-1,1,0,0,-2
32378,32378,1503958831085,-2,1,-2,0,3,-1,-1,-2
32379,32379,1503958831093,-2,-1,-1,-3,-1,-1,-1,-3
32380,32380,1503958831109,-1,1,1,-2,0,-1,-2,-2
32381,32381,1503958831122,0,0,-2,-2,0,0,0,-3
32382,32382,1503958831138,0,2,2,-1,5,-2,-3,-4
32383,32383,1503958831159,0,1,0,2,7,-2,-3,-2
32384,32384,1503958831167,1,0,0,-1,0,0,-3,1
32385,32385,1503958831176,2,-1,-1,0,-1,-1,1,-4
32386,32386,1503958831188,2,3,-1,-3,-3,-3,-2,0
32387,32387,1503958831198,0,0,1,-3,-4,-2,-3,2
32388,32388,1503958831204,-1,-2,1,1,2,-1,2,-1
32389,32389,1503958831213,-1,3,1,-6,-6,-3,-3,2
32390,32390,1503958831228,1,2,-2,-2,-7,-4,-3,0
32391,32391,1503958831235,0,-5,-3,-3,0,1,0,-1
32392,32392,1503958831242,1,0,2,1,3,0,0,0
32393,32393,1503958831258,-1,-1,-1,0,-4,-2,0,2
32394,32394,1503958831265,-3,-1,-2,0,-2,-1,0,-1
32395,32395,1503958831275,-3,4,-1,-2,0,0,-1,2
32396,32396,1503958831287,1,0,-2,1,-1,0,-1,-1
32397,32397,1503958831295,4,2,1,-1,-3,-1,-1,1
32398,32398,1503958831311,-1,-2,0,1,-3,-3,-2,-1
32399,32399,1503958831318,0,1,-2,1,-1,-2,1,-1
32400,32400,1503958831325,3,1,0,-1,2,1,0,-2
32401,32401,1503958831333,-3,-1,-1,-1,-2,-1,-1,0
32402,32402,1503958831350,-1,1,1,1,-1,-1,-1,-2
32403,32403,1503958831355,-1,0,0,-2,-7,0,1,-2
32404,32404,1503958831371,-2,-2,-1,-2,2,-1,0,-2
32405,32405,1503958831378,-3,-2,-1,-1,3,0,0,-2
32406,32406,1503958831385,-2,-3,1,-1,-3,-1,-1,0
32407,32407,1503958831392,-2,0,1,-1,1,-2,1,-2
32408,32408,1503958831409,0,0,-1,-4,-1,-1,-1,-1
32409,32409,1503958831415,0,0,1,-2,0,-1,-1,-2
32410,32410,1503958831431,-2,2,-1,0,1,-1,-3,-2
32411,32411,1503958831437,-2,-7,-1,1,1,0,-2,-4
32412,32412,1503958831446,-3,0,-1,-2,1,0,0,2
32413,32413,1503958831453,1,2,2,-2,0,0,-1,-1
32414,32414,1503958831468,-1,-2,-2,0,0,1,-1,-3
32415,32415,1503958831477,1,1,1,-1,-1,-1,-1,-1
32416,32416,1503958831497,-4,-13,-2,-1,-3,-1,2,-1
32417,32417,1503958831498,1,6,-4,0,-1,1,-1,1
32418,32418,1503958831506,3,1,1,3,1,0,0,1
32419,32419,1503958831513,-1,3,0,0,-2,-2,1,-2
32420,32420,1503958831514,-4,-3,0,-1,-3,0,0,-2
32421,32421,1503958831528,0,2,-2,-4,-8,-1,-2,-2
32422,32422,1503958831535,1,9,1,-1,-1,0,0,0
32423,32423,1503958831551,-3,3,2,0,3,0,-2,2
32424,32424,1503958831558,-1,-4,-3,-1,-4,-1,0,1
32425,32425,1503958831566,-3,0,0,-1,0,-1,0,-3
32426,32426,1503958831572,-1,-3,-1,0,0,0,-1,0
32427,32427,1503958831588,2,0,0,-3,-4,-2,0,-1
32428,32428,1503958831595,-3,-5,-1,0,0,-1,-1,-1
32429,32429,1503958831611,-4,-8,-1,-2,1,0,-2,-3
32430,32430,1503958831618,-3,-14,-2,-3,-2,-2,-2,0
32431,32431,1503958831626,-2,-2,0,2,0,-2,0,0
32432,32432,1503958831632,-3,-9,-3,-1,-1,-1,-2,-3
32433,32433,1503958831649,2,-1,-1,0,1,-2,-2,-1
32434,32434,1503958831655,2,15,0,1,-2,-1,-1,-1
32435,32435,1503958831671,2,1,-1,0,0,1,0,-1
32436,32436,1503958831678,-1,-5,0,0,0,0,-1,-2
32437,32437,1503958831686,-1,3,0,-5,-1,0,-1,-1
32438,32438,1503958831692,1,2,0,-1,-1,-2,-1,-3
32439,32439,1503958831710,1,-3,3,0,-1,0,1,1
32440,32440,1503958831715,-1,-1,1,-1,-2,-2,-1,-2
32441,32441,1503958831730,-4,3,0,-4,0,0,-1,0
32442,32442,1503958831738,0,0,-3,-3,4,1,-2,0
32443,32443,1503958831747,1,1,-3,2,-5,0,-1,-1
32444,32444,1503958831761,1,-3,1,-1,-4,-2,0,2
32445,32445,1503958831768,0,1,-1,0,-1,0,1,0
32446,32446,1503958831775,0,2,1,1,0,0,0,1
32447,32447,1503958831790,-2,0,-1,-1,-1,0,-1,-1
32448,32448,1503958831791,0,5,-1,1,-1,-1,-1,-1
32449,32449,1503958831802,-1,2,1,0,-2,0,0,-1
32450,32450,1503958831806,-1,-3,2,-2,-2,-1,0,1
32451,32451,1503958831820,-1,-2,-1,-1,0,-2,1,0
32452,32452,1503958831828,-1,8,0,1,1,-2,-1,-2
32453,32453,1503958831835,-6,-10,-2,0,2,-1,0,0
32454,32454,1503958831850,-2,4,0,-1,1,-2,0,1
32455,32455,1503958831851,0,-1,-2,-1,2,-1,-1,-1
32456,32456,1503958831857,3,2,-1,0,-3,0,0,1
32457,32457,1503958831865,-1,-5,2,-1,-3,0,-1,-1
32458,32458,1503958831880,-1,-5,-2,-1,-4,-2,-1,-4
32459,32459,1503958831888,0,-8,-2,-4,-3,-2,-1,0
32460,32460,1503958831895,-2,16,0,-3,1,-1,-2,-1
32461,32461,1503958831913,-3,-6,-1,-1,-2,0,-2,1
32462,32462,1503958831918,0,4,-1,1,0,1,-1,-1
32463,32463,1503958831933,-2,-5,-2,2,2,-1,-2,-4
32464,32464,1503958831940,-1,-14,-1,-4,-2,-1,-1,-1
33787,33787,1503958844689,1,-2,0,-6,-18,-3,0,1
33788,33788,1503958844698,1,3,-3,0,1,-1,0,1
33789,33789,1503958844712,1,1,2,4,8,1,0,0
33790,33790,1503958844719,0,-3,-1,-1,-8,-1,0,-2
33791,33791,1503958844734,-1,-2,-1,-1,-1,-2,0,-1
33792,33792,1503958844748,0,5,-1,0,1,0,-2,0
33793,33793,1503958844756,0,-2,-2,-1,-1,-1,-1,-1
33794,33794,1503958844758,2,-1,-1,2,1,0,-1,0
33795,33795,1503958844771,-4,-8,-2,0,1,-2,1,-3
33796,33796,1503958844780,-2,-1,2,-4,-4,1,-2,-2
33797,33797,1503958844794,-4,0,-8,3,3,-1,-1,-3
33798,33798,1503958844802,0,0,-5,-1,1,-1,1,0
33799,33799,1503958844810,-1,2,1,-5,0,0,0,2
33800,33800,1503958844824,-3,-2,0,0,-1,-1,0,-2
33801,33801,1503958844831,-1,-4,3,-3,-2,-1,-2,3
33802,33802,1503958844839,-2,0,0,2,2,-1,0,-1
33803,33803,1503958844854,0,-3,0,1,0,-2,-1,1
33804,33804,1503958844862,-1,3,1,0,-3,-1,-2,-1
33805,33805,1503958844869,-2,3,-5,3,-2,-2,0,-1
33806,33806,1503958844885,-3,-4,2,-1,2,-1,-2,-2
33807,33807,1503958844892,2,2,2,-1,7,2,1,-2
33808,33808,1503958844900,-2,8,2,-2,-1,0,0,-1
33809,33809,1503958844914,0,-1,1,5,-1,-1,0,-3
33810,33810,1503958844922,3,-1,-1,-3,-3,-2,-1,1
33811,33811,1503958844929,-1,0,6,-3,-2,0,-4,-4
33812,33812,1503958844945,-2,1,4,-4,-2,-1,-1,1
33813,33813,1503958844953,-4,-5,-4,3,-1,0,-1,-1
33814,33814,1503958844960,-1,-3,0,-7,-6,0,-2,0
33815,33815,1503958844974,0,-1,0,-3,-5,0,0,-1
33816,33816,1503958844983,-1,-1,0,1,3,0,-1,-3
33817,33817,1503958844989,-2,0,1,-5,0,-2,0,0
33818,33818,1503958845005,0,-5,-7,1,-1,-2,0,-1
33819,33819,1503958845012,0,-2,-1,-3,-1,0,-1,-3
33820,33820,1503958845020,-3,-2,1,-1,2,-1,-1,-3
33821,33821,1503958845034,-1,1,-4,0,-1,-1,2,0
33822,33822,1503958845044,-1,1,7,1,-6,-2,-3,-1
33823,33823,1503958845050,-2,-6,-1,-3,-3,-2,-2,-2
33824,33824,1503958845064,-1,-2,-3,0,0,-2,2,1
33825,33825,1503958845072,2,1,-2,-1,-1,-2,1,1
33826,33826,1503958845081,1,-1,0,1,0,1,-1,-1
33827,33827,1503958845094,0,2,3,-5,-2,0,-3,-1
33828,33828,1503958845102,-1,-2,-2,1,1,-1,-2,-2
33829,33829,1503958845111,-3,4,0,1,3,-1,-2,-1
33830,33830,1503958845124,-1,0,-3,-5,-6,-1,-2,0
33831,33831,1503958845132,-2,-1,0,-2,-2,0,1,0
33832,33832,1503958845140,-1,-1,0,1,3,0,-1,0
33833,33833,1503958845154,1,-1,-1,0,-1,0,-1,-1
33834,33834,1503958845162,0,3,-2,-2,0,-1,-1,-7
33835,33835,1503958845169,1,1,-2,-2,0,-2,0,-2
33836,33836,1503958845184,-2,-2,1,1,0,0,1,5
33837,33837,1503958845192,0,0,3,1,4,1,-3,3
33838,33838,1503958845200,-3,-5,-3,-1,3,0,1,-1
33839,33839,1503958845214,-2,-3,2,0,-2,-1,-1,1
33840,33840,1503958845223,0,-1,-1,-2,-2,1,-2,-2
33841,33841,1503958845229,0,2,-5,-3,-4,-4,-1,-2
33842,33842,1503958845247,-1,1,4,-2,-1,-1,-2,-3
33843,33843,1503958845252,-1,3,2,-2,-6,0,-1,-2
33844,33844,1503958845260,-3,-10,-1,-2,-2,-4,-1,-2
33845,33845,1503958845274,3,1,5,-1,6,1,-1,-3
33846,33846,1503958845283,0,3,0,-2,-3,1,-1,0
33847,33847,1503958845289,1,-1,0,0,0,-3,-2,-2
33848,33848,1503958845290,-1,-3,-1,1,-5,-1,1,-1
33849,33849,1503958845304,1,1,-2,2,0,-1,0,-1
33850,33850,1503958845312,0,-1,-7,1,-12,0,2,1
33851,33851,1503958845321,-1,1,-1,-2,0,-1,0,0
33852,33852,1503958845334,0,-6,2,-4,1,0,-1,2
33853,33853,1503958845342,0,-1,-4,-1,-2,-2,1,-2
33854,33854,1503958845350,0,0,0,-1,5,0,-2,-1
33855,33855,1503958845364,-1,2,1,-3,3,-1,-2,-1
33856,33856,1503958845372,-2,0,-4,2,2,-2,1,0
33857,33857,1503958845382,-1,-2,-4,0,-3,0,1,-1
33858,33858,1503958845394,-3,0,0,-4,-1,0,-2,-1
33859,33859,1503958845403,0,0,-1,1,0,0,-1,0
33860,33860,1503958845412,-1,2,-2,7,-1,-1,0,-1
33861,33861,1503958845425,0,0,5,-2,2,-1,-4,0
33862,33862,1503958845432,0,-3,-2,-1,1,0,-2,0
33863,33863,1503958845440,-1,-3,-3,2,-2,-1,1,-2
33864,33864,1503958845454,-3,-7,0,1,-3,-1,-1,-4
33865,33865,1503958845462,1,-4,0,-2,-3,-2,0,2
33866,33866,1503958845470,-2,-7,-3,-3,-3,-1,0,0
33867,33867,1503958845485,1,2,1,-3,0,-1,-1,-1
33868,33868,1503958845492,-1,-3,-3,-1,7,-2,1,-2
34674,34674,1503958853189,-7,-4,-10,-10,-37,-2,-6,-3
34675,34675,1503958853194,3,-14,-13,-12,-15,-4,-6,-5
34676,34676,1503958853203,-5,-9,-15,9,-7,13,6,0
34677,34677,1503958853218,5,30,19,4,9,9,5,-11
34678,34678,1503958853225,-7,3,2,2,20,2,-7,-22
34679,34679,1503958853232,-14,-7,-5,-3,-11,-6,0,-22
34680,34680,1503958853247,6,1,7,-1,24,3,1,8
34681,34681,1503958853254,0,-13,-2,-6,-21,5,3,17
34682,34682,1503958853262,-7,-11,-7,2,-12,7,14,-7
34683,34683,1503958853277,-3,-3,-12,2,-24,11,-25,24
34684,34684,1503958853287,-5,11,-1,0,-28,-1,-1,7
34685,34685,1503958853293,-14,-5,6,-1,4,-9,5,-7
34686,34686,1503958853307,-23,25,-5,20,20,-4,-3,-22
34687,34687,1503958853314,5,5,11,-16,28,2,-7,-22
34688,34688,1503958853329,20,3,-8,-23,-21,-10,4,24
34689,34689,1503958853337,2,27,15,14,8,-4,5,1
34690,34690,1503958853344,7,-9,2,-14,11,18,0,4
34691,34691,1503958853358,11,-11,-12,-11,-11,3,1,39
34692,34692,1503958853367,6,2,8,-1,-3,-6,-7,-11
34693,34693,1503958853375,-21,-11,17,-1,3,1,4,4
34694,34694,1503958853383,-6,-20,5,-3,6,-11,-3,-7
34695,34695,1503958853397,-6,-13,-44,25,-2,-7,8,-2
34696,34696,1503958853405,7,6,-4,4,-1,-3,7,1
34697,34697,1503958853411,-2,5,19,-1,-8,-4,-19,-11
34698,34698,1503958853412,8,3,-11,-2,-4,0,-1,1
34699,34699,1503958853427,-7,12,13,11,0,-6,11,0
34700,34700,1503958853434,-2,-14,0,-6,-13,-6,4,8
34701,34701,1503958853442,5,-6,0,-9,3,-9,-2,12
34702,34702,1503958853457,0,3,0,6,12,0,4,-2
34703,34703,1503958853464,-8,-4,-3,1,-1,-1,-4,-8
34704,34704,1503958853465,-4,-12,-5,5,-6,-2,-9,-1
34705,34705,1503958853471,5,9,1,-5,-4,-6,0,-5
34706,34706,1503958853487,-2,-5,-9,4,2,2,7,17
34707,34707,1503958853495,13,7,8,-4,-10,-12,-13,-5
34708,34708,1503958853502,11,5,-12,-1,33,28,22,2
34709,34709,1503958853516,0,-5,3,-7,-17,0,-12,-16
34710,34710,1503958853525,7,-10,-5,-10,13,0,2,12
34711,34711,1503958853532,-2,-1,-6,-7,24,23,11,-6
34712,34712,1503958853547,8,0,-1,-9,17,11,10,-11
34713,34713,1503958853554,-1,2,13,-12,-19,-7,-20,-12
34714,34714,1503958853563,-4,-8,14,-20,-12,-12,-26,-33
34715,34715,1503958853576,-1,2,2,-5,6,-5,-1,15
34716,34716,1503958853586,22,12,1,-3,-15,-10,-8,5
34717,34717,1503958853592,6,0,2,-19,-26,-6,15,11
34718,34718,1503958853608,-4,-9,4,8,-8,-10,-14,6
34719,34719,1503958853614,0,-1,-11,13,18,4,10,-9
34720,34720,1503958853625,-22,7,-6,11,-17,-5,5,8
34721,34721,1503958853637,-33,-12,-12,17,25,-3,0,-17
34722,34722,1503958853644,2,0,0,-1,14,9,1,6
34723,34723,1503958853654,9,3,14,-10,-7,-3,-15,-11
34724,34724,1503958853666,3,-4,-7,-10,-7,-6,9,-3
34725,34725,1503958853674,2,-5,7,5,3,9,9,14
34726,34726,1503958853689,-3,7,-10,2,9,-4,-15,7
34727,34727,1503958853690,0,-7,9,-4,-11,-6,-4,9
34728,34728,1503958853696,-5,-6,1,0,-15,-8,-7,-2
34729,34729,1503958853711,-11,-2,-6,6,-3,-6,-13,-3
34730,34730,1503958853713,21,16,-14,10,4,-3,-18,-15
34731,34731,1503958853727,4,19,14,12,-6,-5,-11,-11
34732,34732,1503958853734,-7,-2,0,-5,2,-1,3,11
34733,34733,1503958853742,9,-6,-14,-4,-4,4,5,1
34734,34734,1503958853757,7,4,-3,3,0,0,-1,-4
34735,34735,1503958853764,10,4,-3,1,-7,-1,-2,4
34736,34736,1503958853771,-9,-1,20,-10,7,-2,-9,-3
34737,34737,1503958853787,1,3,1,9,13,2,6,-21
34738,34738,1503958853788,1,-4,-8,1,-13,-3,-5,9
34739,34739,1503958853794,0,4,1,-2,-7,0,1,4
34740,34740,1503958853802,-20,-8,5,-9,6,-2,-6,-3
34741,34741,1503958853816,4,-3,-12,-1,-4,2,9,22
34742,34742,1503958853825,-4,-15,-2,9,-2,0,3,3
34743,34743,1503958853832,-1,11,17,5,5,3,10,-12
34744,34744,1503958853846,25,-7,-6,-5,3,1,7,-9
34745,34745,1503958853855,13,7,-14,4,-2,-5,-5,21
34746,34746,1503958853863,-31,-7,-5,3,4,-1,8,-10
34747,34747,1503958853877,-10,-8,-13,4,-1,-4,4,-6
34748,34748,1503958853884,6,5,11,-3,0,-3,-4,3
34749,34749,1503958853892,-6,-13,22,3,1,3,3,-1
34750,34750,1503958853906,5,-9,-3,-9,-11,-6,-2,-1
34751,34751,1503958853914,-19,15,2,9,13,-1,-4,-11
34752,34752,1503958853922,-19,-3,-5,-12,-3,-2,-2,-16
34753,34753,1503958853937,-16,-12,-3,5,2,3,1,-1
34754,34754,1503958853945,2,6,9,-3,0,-2,-2,-17
34755,34755,1503958853951,20,-2,-1,-6,-2,-4,2,-1
34756,34756,1503958853967,-8,5,-10,6,-1,-1,0,21
34757,34757,1503958853974,-23,-21,-5,8,-5,1,1,-26
34758,34758,1503958853982,18,29,13,3,3,2,0,6
34759,34759,1503958853997,-2,2,-3,-11,-7,-1,-1,5
34760,34760,1503958854004,-12,-8,-9,13,5,0,0,-5
34761,34761,1503958854011,11,0,-5,1,-4,2,-2,7
34762,34762,1503958854012,2,4,-3,-4,-3,-2,-6,3
34763,34763,1503958854027,0,-1,0,-12,-3,1,-1,-3
34764,34764,1503958854034,4,-2,5,-7,-4,-1,-4,3
34765,34765,1503958854042,-5,-13,-1,-1,-2,-3,2,-7
34766,34766,1503958854060,-1,-17,-2,-5,-1,1,2,-6
34767,34767,1503958854065,10,-1,-4,-9,-3,-3,-4,4
34768,34768,1503958854071,11,12,-17,4,-4,-2,-2,1
34769,34769,1503958854088,-4,-14,-4,4,-3,-3,-1,5
34770,34770,1503958854094,4,12,12,0,2,0,-6,-5
34771,34771,1503958854109,-11,1,-4,5,5,7,2,5
34772,34772,1503958854116,6,2,5,-11,-3,-4,-3,-2
34773,34773,1503958854124,10,8,0,1,-4,-1,-4,-17
34774,34774,1503958854125,0,-5,3,0,-2,-1,-3,3
34775,34775,1503958854139,11,6,8,0,-3,-5,7,3
34776,34776,1503958854147,10,8,-6,3,10,5,7,7
34777,34777,1503958854156,-5,-21,-1,7,5,-4,-4,1
34778,34778,1503958854157,2,2,3,-16,-10,-6,-7,2
34779,34779,1503958854169,-7,-2,2,-1,-1,-5,-3,-4
34780,34780,1503958854176,-6,-6,-6,4,10,1,7,4
34781,34781,1503958854184,5,2,6,-7,-7,-1,-6,0
34782,34782,1503958854200,6,1,-15,-1,-3,0,-2,2
34783,34783,1503958854206,-11,-18,-11,4,-6,-3,0,-4
34784,34784,1503958854207,-5,6,11,-7,4,0,-6,-22
34785,34785,1503958854214,-6,-2,-6,3,5,7,8,4
34786,34786,1503958854230,3,-4,0,-8,-4,-1,0,6
34787,34787,1503958854236,-6,-6,4,5,6,3,-2,-8
34788,34788,1503958854244,-8,-6,4,0,-9,-5,-4,-4
34789,34789,1503958854266,-1,-8,-6,5,-5,-1,6,2
34790,34790,1503958854268,-2,4,-1,5,4,1,-3,13
34791,34791,1503958854274,0,-6,-4,6,4,0,-3,-25
34792,34792,1503958854291,8,-2,-7,-6,-6,-1,0,-4
34793,34793,1503958854296,2,-5,-5,7,7,0,2,1
34794,34794,1503958854297,0,-1,12,-6,-5,-2,-1,-3
34795,34795,1503958854304,2,2,2,-5,-1,-2,-4,-13
34796,34796,1503958854318,2,-5,-2,2,-1,0,-1,5
34797,34797,1503958854328,2,0,0,7,-1,-2,0,2
34798,34798,1503958854334,-7,7,-13,-10,-2,2,-1,4
34799,34799,1503958854349,-7,-2,-9,16,24,-1,1,-1
34800,34800,1503958854369,-1,1,4,6,6,3,2,-9
34801,34801,1503958854379,-15,7,1,-2,1,-3,-3,0
35741,35741,1503958863521,0,-6,-1,-3,-9,-4,0,-5
35742,35742,1503958863529,6,3,4,5,4,-3,-1,-4
35743,35743,1503958863544,9,-2,4,-5,-6,-8,2,-6
35744,35744,1503958863552,-17,-3,0,1,1,0,-2,0
35745,35745,1503958863558,-5,4,-6,3,-3,-2,0,0
35746,35746,1503958863574,-6,-6,13,-6,-6,-3,0,-4
35747,35747,1503958863575,-4,2,2,2,4,1,-4,-4
35748,35748,1503958863582,-11,-4,-5,8,11,3,4,1
35749,35749,1503958863589,-12,-5,1,5,4,-2,0,-5
35750,35750,1503958863605,1,-4,-3,-8,0,6,0,4
35751,35751,1503958863612,-10,-7,-5,4,-2,2,2,-2
35752,35752,1503958863618,-2,-10,3,-2,-4,-7,-3,1
35753,35753,1503958863633,5,-2,1,3,-4,-4,-2,-10
35754,35754,1503958863644,0,9,2,-3,-9,-1,-4,-3
35755,35755,1503958863649,-2,7,7,-7,0,-1,-1,3
35756,35756,1503958863663,1,3,-4,6,-2,-4,0,-1
35757,35757,1503958863675,6,-1,-8,-1,-8,-4,-3,1
35758,35758,1503958863676,-5,9,5,3,3,1,2,4
35759,35759,1503958863680,-11,14,15,1,-1,-6,-4,4
35760,35760,1503958863693,-4,-7,-3,-5,-6,-1,2,1
35761,35761,1503958863704,3,-6,-6,-12,-6,-2,-5,2
35762,35762,1503958863712,2,-3,1,-3,-5,1,0,0
35763,35763,1503958863724,-1,-8,-4,13,2,-1,2,-5
35764,35764,1503958863732,-1,-12,-3,-12,-9,-3,-3,-13
35765,35765,1503958863742,-4,-7,4,-4,-2,1,1,0
35766,35766,1503958863754,1,2,-4,-2,2,-2,-3,-3
35767,35767,1503958863761,-2,-14,-1,2,-1,-2,-1,-2
35768,35768,1503958863771,1,2,6,3,1,-3,0,1
35769,35769,1503958863784,-3,12,-1,-4,1,-1,-2,-7
35770,35770,1503958863791,0,2,0,-1,-1,0,0,4
35771,35771,1503958863801,2,-1,-8,-8,-2,-3,-6,5
35772,35772,1503958863814,2,3,-2,-7,-5,-5,-4,2
35773,35773,1503958863821,-17,-5,1,2,5,0,0,-4
35774,35774,1503958863829,10,-2,1,1,3,2,1,9
35775,35775,1503958863846,5,-4,-8,4,0,1,5,3
35776,35776,1503958863851,6,19,-4,0,-3,-1,3,-4
35777,35777,1503958863858,-1,6,-10,1,-3,1,2,-5
35778,35778,1503958863874,3,-7,2,-2,4,-2,-1,2
35779,35779,1503958863881,3,-2,0,0,5,0,1,-2
35780,35780,1503958863889,-4,-1,6,1,1,1,0,-2
35781,35781,1503958863905,5,-8,6,-7,3,-1,0,1
35782,35782,1503958863919,-1,4,-11,6,-5,-1,3,-2
35783,35783,1503958863920,-10,-13,15,-2,-1,0,-3,-1
35784,35784,1503958863934,-26,-14,-6,7,5,2,6,-4
35785,35785,1503958863943,3,6,-4,-4,-3,-5,0,-3
35786,35786,1503958863950,9,-16,8,-6,5,-2,-8,1
35787,35787,1503958863963,-2,11,-8,2,-7,0,7,-1
35788,35788,1503958863964,3,-6,0,3,2,1,-2,1
35789,35789,1503958863972,-3,6,-1,5,-5,-2,0,1
35790,35790,1503958863979,3,8,2,-3,0,2,3,2
35791,35791,1503958863993,8,-16,-8,-8,0,-1,-3,-10
35792,35792,1503958864001,1,3,-8,3,-6,-1,-2,-1
35793,35793,1503958864009,-2,-15,-8,0,0,-1,-1,0
35794,35794,1503958864023,8,-3,3,-5,1,-2,0,-1
35795,35795,1503958864024,-10,1,-1,2,6,-1,-1,-2
35796,35796,1503958864031,-5,-9,-2,1,2,1,2,6
35797,35797,1503958864040,-4,14,-2,7,-3,-3,1,5
35798,35798,1503958864054,2,15,15,-2,-4,-2,-4,-6
35799,35799,1503958864061,10,-3,2,3,-3,-3,-2,-3
35800,35800,1503958864076,1,28,7,7,-2,1,1,5
35801,35801,1503958864084,1,-6,1,-4,-5,-1,-4,-1
35802,35802,1503958864091,-1,-9,7,-8,3,1,-2,-5
35803,35803,1503958864098,9,10,1,2,0,-1,1,-3
35804,35804,1503958864099,-5,-8,-11,-1,-4,-2,1,-2
35805,35805,1503958864114,3,2,-3,1,-4,-5,-2,8
35806,35806,1503958864115,-14,-3,2,-6,2,-2,-5,-12
35807,35807,1503958864121,-14,-4,-2,-1,0,-2,1,0
35808,35808,1503958864129,0,13,26,2,-2,-2,-3,7
35809,35809,1503958864144,-13,-31,-10,6,-2,-1,-4,-19
35810,35810,1503958864151,2,-17,-14,6,-7,-3,2,-10
35811,35811,1503958864158,28,14,27,-20,8,3,-1,20
35812,35812,1503958864176,-3,-7,-16,0,-3,-1,1,2
35813,35813,1503958864182,13,6,-12,5,-2,-2,-1,1
35814,35814,1503958864189,15,4,-16,1,-1,1,7,2
35815,35815,1503958864204,-6,-11,2,-6,-1,0,-2,-6
35816,35816,1503958864206,-6,3,4,8,-1,-1,2,-3
35817,35817,1503958864218,-15,0,-9,4,4,1,2,12
35818,35818,1503958864220,-4,25,0,4,-5,0,2,-4
35819,35819,1503958864234,-1,2,-3,3,1,0,2,-2
35820,35820,1503958864242,-1,21,8,-12,-4,-1,-1,0
35821,35821,1503958864249,-7,-5,10,-2,-2,-3,-2,-1
35822,35822,1503958864264,5,38,8,9,3,-1,-2,0
35823,35823,1503958864274,-4,4,-4,1,1,-1,-3,-10
35824,35824,1503958864279,-28,-19,-10,-4,-6,0,-5,-9
35825,35825,1503958864294,5,-3,0,-8,-4,-2,-4,-8
35826,35826,1503958864301,3,3,-4,0,-4,-1,-3,0
35827,35827,1503958864314,1,5,3,-4,1,0,-1,14
35828,35828,1503958864324,15,-1,-6,-4,-7,-1,3,4
35829,35829,1503958864332,7,-3,-10,1,3,2,-2,-8
35830,35830,1503958864341,7,-18,4,-10,-3,-1,-2,-21
35831,35831,1503958864354,5,-4,-9,2,2,-2,1,9
35832,35832,1503958864361,0,-4,-1,3,4,-1,-1,-2
35833,35833,1503958864377,9,1,7,1,-1,0,3,-1
35834,35834,1503958864384,3,-4,-6,-2,0,0,1,5
37127,37127,1503958876908,-1,2,1,2,5,-1,-1,2
37128,37128,1503958876915,-1,-1,-1,-3,3,0,0,1
37129,37129,1503958876923,0,-6,-5,-2,-1,-2,0,-7
37130,37130,1503958876938,0,1,-3,1,3,-3,-1,-5
37131,37131,1503958876946,1,12,3,-3,1,0,-1,3
37132,37132,1503958876953,3,4,-4,-3,-1,-2,1,0
37133,37133,1503958876970,-1,-6,1,-5,-2,-3,0,2
37134,37134,1503958876975,0,-1,2,-3,-2,-6,-1,0
37135,37135,1503958876983,-4,-3,-3,0,-3,0,-2,-3
37136,37136,1503958876997,3,5,-3,-1,-2,3,0,1
37137,37137,1503958877005,0,5,-7,1,4,4,0,-1
37138,37138,1503958877006,0,-1,4,0,-1,2,0,-1
37139,37139,1503958877013,-1,-3,-1,0,-1,2,1,-1
37140,37140,1503958877028,-4,2,1,3,6,0,-1,0
37141,37141,1503958877036,-4,4,-2,-2,2,3,-1,1
37142,37142,1503958877044,-2,-3,-1,-2,1,-1,-1,1
37143,37143,1503958877057,1,0,0,-1,-1,-3,0,-2
37144,37144,1503958877067,-1,-4,2,-1,-4,-1,0,0
37145,37145,1503958877074,-1,-2,-5,-2,-6,0,-3,-1
37146,37146,1503958877088,-2,3,0,3,-2,-1,1,3
37147,37147,1503958877095,1,-10,2,3,0,-1,2,-3
37148,37148,1503958877104,2,-1,-3,1,-1,0,2,-1
37149,37149,1503958877117,-2,-2,7,-3,2,-1,1,1
37150,37150,1503958877125,-1,-1,0,-1,-3,0,-2,-1
37151,37151,1503958877133,2,0,4,0,-1,-2,-3,2
37152,37152,1503958877149,1,-2,-3,-5,-7,-2,-4,-1
37153,37153,1503958877154,-1,-1,-3,1,-1,1,0,-2
37154,37154,1503958877163,-2,6,-3,-1,0,1,1,-1
37155,37155,1503958877177,-2,2,-1,-1,-2,0,-1,-3
37156,37156,1503958877185,0,1,-2,0,1,-1,-1,-1
37157,37157,1503958877193,-1,2,-1,3,-2,-1,1,0
37158,37158,1503958877208,-1,-5,2,-3,-2,-1,-2,-6
37159,37159,1503958877214,-3,-4,0,0,-1,-1,-4,-2
37160,37160,1503958877223,-3,-14,0,1,3,1,-2,-1
37161,37161,1503958877245,0,0,-4,-5,-1,-1,-1,0
37162,37162,1503958877248,-1,4,-3,1,0,-1,-3,0
37163,37163,1503958877253,-3,2,-1,6,1,-1,-1,-1
37164,37164,1503958877268,-1,-3,-2,1,-1,-2,2,-2
37165,37165,1503958877275,-3,-5,3,2,3,-1,0,-3
37166,37166,1503958877283,1,1,-2,-14,-7,-1,-2,2
37167,37167,1503958877297,3,0,0,-3,-2,1,-1,0
37168,37168,1503958877306,-2,-4,-1,-1,6,0,-2,0
37169,37169,1503958877314,-3,-2,0,-3,0,-1,-2,0
37170,37170,1503958877328,-2,4,6,-3,2,-1,-3,-1
37171,37171,1503958877335,1,-6,-5,-1,0,-1,-1,-2
37172,37172,1503958877343,0,4,-2,3,-4,-1,3,-1
37173,37173,1503958877357,-1,1,2,-7,-5,-2,-2,2
37174,37174,1503958877365,0,-4,-2,3,-6,-1,0,-4
37175,37175,1503958877366,-2,0,-2,4,-1,-1,2,-3
37176,37176,1503958877373,2,0,-3,5,4,0,2,-1
37177,37177,1503958877388,1,1,0,4,-1,0,-1,2
37178,37178,1503958877395,-2,-2,0,-1,1,-2,-2,0
37179,37179,1503958877405,-1,-8,-1,-3,2,0,-1,-4
37180,37180,1503958877417,0,-2,-2,2,0,-1,0,-1
37181,37181,1503958877425,0,4,-1,-5,-9,-2,-1,2
37182,37182,1503958877440,0,5,-2,-3,-4,-1,0,0
37183,37183,1503958877448,1,-3,-2,-5,-5,0,-1,1
37184,37184,1503958877449,1,9,5,0,3,-1,-4,0
37185,37185,1503958877455,0,9,1,-4,-2,0,-1,0
37186,37186,1503958877474,-2,2,-1,-2,2,0,-1,-3
37187,37187,1503958877477,2,-4,-3,3,0,-1,1,1
37188,37188,1503958877478,-1,2,0,0,-1,-1,-1,-1
37189,37189,1503958877485,-2,-7,2,0,-1,-1,0,-1
37190,37190,1503958877501,0,-4,1,-5,-4,-1,1,-4
37191,37191,1503958877508,1,-6,-4,-3,-2,-1,0,0
37192,37192,1503958877516,1,3,6,-5,-1,0,-3,1
37193,37193,1503958877530,-1,4,0,-2,-4,-2,-2,-1
37194,37194,1503958877541,-2,-5,-3,-1,0,-2,-1,-2
37195,37195,1503958877545,-2,12,0,1,2,-2,-1,-5
37196,37196,1503958877560,-1,0,-1,2,-2,-3,1,2
37197,37197,1503958877568,-3,-10,-1,1,0,-1,-1,-1
37198,37198,1503958877575,0,0,4,-2,1,0,-1,-2
37199,37199,1503958877590,2,4,-3,1,-3,-4,0,2
37200,37200,1503958877597,-4,-12,-2,-3,-2,0,-2,-1
37201,37201,1503958877608,0,-9,0,1,1,-1,1,2
37202,37202,1503958877620,-1,-5,-3,2,5,-3,1,-3
37203,37203,1503958877629,-1,-3,-1,-4,-3,1,-3,-1
37204,37204,1503958877635,-3,-5,-2,-2,-4,1,-1,0
37205,37205,1503958877664,2,6,0,-3,-1,0,0,-5
37206,37206,1503958877666,1,0,0,-3,3,-1,-1,1
37207,37207,1503958877680,-4,1,1,-1,-5,-1,-1,-3
37208,37208,1503958877688,0,-5,2,0,15,1,0,0
37209,37209,1503958877694,1,8,-6,3,9,1,1,2
37210,37210,1503958877695,-2,0,-1,0,9,0,1,4
37211,37211,1503958877711,0,5,-4,4,-3,-1,0,-4
37212,37212,1503958877717,-1,2,-3,2,-8,1,-2,-2
37213,37213,1503958877725,-3,-10,-2,0,-10,-1,0,-3
37214,37214,1503958877742,0,1,-2,0,-4,0,0,1
37215,37215,1503958877749,-3,1,-3,-2,-3,-1,-2,-1
37216,37216,1503958877755,-1,-1,1,-3,-2,-1,-2,1
37217,37217,1503958877770,-2,-7,-3,1,2,0,1,-3
37218,37218,1503958877771,4,2,-2,-3,-4,1,0,1
37219,37219,1503958877777,3,-3,1,2,3,-1,-2,-1
37220,37220,1503958877785,0,-3,0,-1,-5,1,1,3
37221,37221,1503958877801,-2,-7,-8,-2,-1,-1,1,0
37222,37222,1503958877809,1,2,5,-2,-1,0,-2,-3
37223,37223,1503958877823,-2,3,1,1,-2,-3,-1,-1
37224,37224,1503958877830,-4,0,0,-2,2,-2,0,-1
37225,37225,1503958877839,1,-4,1,-1,-2,0,0,3
37226,37226,1503958877845,-3,-1,-1,0,-1,-1,-1,0
37227,37227,1503958877861,2,0,-4,-3,-4,-2,0,-4
37228,37228,1503958877868,-1,-1,3,1,-2,-1,-3,-2
37229,37229,1503958877883,-1,1,-2,-2,1,-2,0,-3
37230,37230,1503958877890,1,-5,2,-3,-1,-1,-3,-1
37231,37231,1503958877898,1,-4,0,-2,1,0,-2,-2
38637,38637,1503958891584,-3,-3,-3,0,-1,0,-1,0
38638,38638,1503958891592,-1,3,2,-4,-1,-2,0,2
38639,38639,1503958891606,3,-2,-3,-3,-1,-1,-2,-4
38640,38640,1503958891615,-3,-4,-1,4,4,-1,2,-6
38641,38641,1503958891622,1,-3,-2,-11,-5,-1,-3,0
38642,38642,1503958891637,1,-2,-1,1,-9,-3,0,2
38643,38643,1503958891644,-1,1,-3,7,4,-2,2,0
38644,38644,1503958891653,-1,3,3,-4,-1,-2,-2,1
38645,38645,1503958891667,-2,0,-7,0,-4,0,-1,2
38646,38646,1503958891676,-2,-4,-4,0,0,0,-1,-5
38647,38647,1503958891683,2,-2,2,-4,-1,0,-1,8
38648,38648,1503958891697,0,2,4,1,-1,-1,-1,-1
38649,38649,1503958891704,-1,2,3,-5,1,-2,-2,-1
38650,38650,1503958891712,2,-2,2,-6,0,-1,0,-1
38651,38651,1503958891727,-4,-2,4,-2,-4,-2,1,-2
38652,38652,1503958891735,-5,-2,-1,6,3,1,0,-1
38653,38653,1503958891745,0,-2,4,-1,2,0,-3,-10
38654,38654,1503958891757,2,1,-4,-1,-7,-2,-1,3
38655,38655,1503958891765,2,-2,1,2,-2,0,-1,1
38656,38656,1503958891773,-5,-4,-3,-4,0,-1,-1,-2
38657,38657,1503958891787,-1,-2,1,-1,1,-2,1,7
38658,38658,1503958891795,1,3,0,2,-4,0,1,1
38659,38659,1503958891802,-2,1,-3,-1,-2,-1,-1,-3
38660,38660,1503958891820,0,2,-3,4,0,-1,1,-4
38661,38661,1503958891825,2,-2,-1,2,2,-2,-2,1
38662,38662,1503958891833,-9,-8,-4,1,2,-1,-2,-8
38663,38663,1503958891847,2,8,-3,-2,2,0,-1,-7
38664,38664,1503958891855,0,2,0,-1,-2,2,0,2
38665,38665,1503958891862,-3,-2,-4,0,0,1,0,1
38666,38666,1503958891882,2,-7,-2,-8,-3,0,-1,3
38667,38667,1503958891885,2,0,0,-1,-3,0,0,1
38668,38668,1503958891893,3,4,-1,-2,-1,-1,-2,-2
38669,38669,1503958891906,-2,-4,1,-1,-2,-1,-1,-3
38670,38670,1503958891916,2,1,3,0,2,0,-1,-6
38671,38671,1503958891922,-2,2,-1,-1,-2,0,-2,3
38672,38672,1503958891937,0,9,1,-2,0,-2,0,3
38673,38673,1503958891947,0,2,4,-4,0,-1,-1,2
38674,38674,1503958891953,0,-8,2,-8,-6,-1,-1,4
38675,38675,1503958891966,-1,-8,-1,0,-2,0,0,-5
38676,38676,1503958891975,-4,-5,-6,-4,-1,-3,-2,-3
38677,38677,1503958891983,-2,0,-3,-5,-4,-1,0,4
38678,38678,1503958891997,1,7,-4,2,2,-1,-1,-2
38679,38679,1503958892005,-6,-2,-2,-1,1,-2,-3,3
38680,38680,1503958892014,-1,-5,2,2,0,1,-1,4
38681,38681,1503958892027,-4,1,0,-2,0,-1,-2,-1
38682,38682,1503958892035,-3,8,2,-5,1,-1,2,-2
38683,38683,1503958892042,2,3,-2,2,0,-1,-1,-5
38684,38684,1503958892057,-2,-5,-1,0,-1,0,-1,-4
38685,38685,1503958892064,0,-5,-1,0,2,0,0,2
38686,38686,1503958892082,-1,-9,-4,2,-4,-1,-2,-2
38687,38687,1503958892087,-1,-7,1,2,2,-2,-2,2
38688,38688,1503958892094,-1,2,-3,-3,0,-2,0,4
38689,38689,1503958892112,2,-1,-3,1,-3,0,0,-2
38690,38690,1503958892117,-2,2,1,-3,-1,-1,0,-2
38691,38691,1503958892125,1,6,-5,-1,2,-1,0,-2
38692,38692,1503958892133,-1,-3,-1,-3,0,-1,0,-2
38693,38693,1503958892149,0,-3,0,1,3,-1,0,1
38694,38694,1503958892150,-6,7,2,-3,2,0,-1,-2
38695,38695,1503958892155,1,4,0,6,-1,0,-1,-1
38696,38696,1503958892162,0,2,0,-3,-4,0,-2,-3
38697,38697,1503958892180,-1,-5,1,4,2,0,2,-1
38698,38698,1503958892185,2,-4,-1,-2,-4,0,-1,-1
38699,38699,1503958892193,-4,0,1,-4,5,-1,-2,-1
38700,38700,1503958892206,-2,-4,-4,-7,-5,-1,-2,4
38701,38701,1503958892215,0,-3,1,-1,-1,1,-1,2
38702,38702,1503958892222,-1,-3,-2,3,-2,-1,2,-1
38703,38703,1503958892237,3,-3,1,-3,-1,0,-1,1
38704,38704,1503958892248,-1,-8,-3,1,-3,-1,0,-4
38705,38705,1503958892253,-5,-1,-1,-1,-6,-2,-1,-2
38706,38706,1503958892266,0,-4,-1,-7,-3,-2,-2,5
38707,38707,1503958892267,0,-3,1,2,-1,-1,0,4
38708,38708,1503958892275,3,2,2,0,0,-1,-1,-2
38709,38709,1503958892282,-2,-3,2,-1,0,-1,-1,-3
38710,38710,1503958892297,2,-1,-2,-4,-4,0,-2,0
38711,38711,1503958892305,0,-2,-2,-6,-1,0,-1,-4
38712,38712,1503958892315,-1,3,-2,-3,-2,-2,2,-2
38713,38713,1503958892327,-1,-1,0,1,-1,1,0,-1
38714,38714,1503958892334,0,0,1,1,-2,0,1,1
38715,38715,1503958892350,3,1,-4,-5,-1,-1,0,-2
38716,38716,1503958892357,-2,4,-3,2,1,-1,-1,-11
38717,38717,1503958892365,0,1,-2,-1,1,-1,1,3
38718,38718,1503958892381,0,-6,2,-3,1,-1,-1,6
38719,38719,1503958892387,-2,-7,-1,-1,-2,1,-1,2
38720,38720,1503958892395,-1,1,-5,3,0,-2,-1,-1
38721,38721,1503958892409,-2,-3,0,0,1,-1,0,-8
38722,38722,1503958892418,0,1,3,-4,-2,0,-2,2
38723,38723,1503958892425,1,5,1,-7,-3,-1,0,5
38724,38724,1503958892440,2,2,1,-3,-3,-1,-2,0
38725,38725,1503958892450,-1,3,2,7,-1,-3,-1,-5
38726,38726,1503958892455,-5,-15,-3,-4,-5,-1,1,-2
38727,38727,1503958892469,-3,-1,3,-2,0,1,-3,-4
38728,38728,1503958892477,1,4,-1,5,2,0,0,-2
38729,38729,1503958892486,-3,-1,-2,-1,1,-1,-3,-1
38730,38730,1503958892500,1,1,-3,1,-1,0,-1,6
38731,38731,1503958892506,2,3,-2,1,-1,-1,-1,0
39501,39501,1503958899879,4,10,12,5,12,-2,0,-2
39502,39502,1503958899880,5,2,3,-2,6,1,-2,-3
39503,39503,1503958899887,5,4,-3,-10,-4,3,-3,1
39504,39504,1503958899896,1,2,4,-5,-11,-6,-7,-5
39505,39505,1503958899909,-20,-4,0,3,4,7,-2,-15
39506,39506,1503958899920,-3,3,10,-3,2,-7,14,2
39507,39507,1503958899924,-1,-2,-9,-13,-23,-3,-10,8
39508,39508,1503958899925,-22,-11,-1,2,-11,2,0,3
39509,39509,1503958899939,-39,-26,-5,0,11,4,-7,-1
39510,39510,1503958899947,12,14,-1,13,9,0,0,-10
39511,39511,1503958899955,-2,-6,-6,4,-10,1,-1,-11
39512,39512,1503958899969,-3,-3,-1,3,-1,1,2,2
39513,39513,1503958899977,28,9,-21,9,-3,-1,4,6
39514,39514,1503958899986,0,8,4,4,44,2,-3,-10
39515,39515,1503958899999,-6,-7,-9,4,19,-3,-10,-14
39516,39516,1503958900007,2,2,12,-5,-7,2,6,1
39517,39517,1503958900015,-5,1,-3,0,-17,0,-12,15
39518,39518,1503958900029,0,-1,-2,6,16,2,1,-8
39519,39519,1503958900030,7,-3,-3,-6,-23,-7,-9,1
39520,39520,1503958900037,8,44,36,1,-15,-4,3,-9
39521,39521,1503958900044,-33,-44,-6,-8,-1,1,2,6
39522,39522,1503958900059,13,7,-7,-9,3,-1,1,-12
39523,39523,1503958900067,19,10,-6,1,11,-1,1,-17
39524,39524,1503958900075,-10,-24,-11,-8,10,5,0,2
39525,39525,1503958900089,-2,-1,-4,-7,-27,0,6,11
39526,39526,1503958900097,1,3,4,1,-9,-5,7,17
39527,39527,1503958900104,-14,-3,5,3,12,1,-2,0
39528,39528,1503958900121,7,14,3,-11,-12,-7,-3,-5
39529,39529,1503958900127,11,-7,-16,-5,-6,-3,-4,-6
39530,39530,1503958900135,12,-22,-4,7,0,-1,3,-5
39531,39531,1503958900149,0,4,12,-6,3,3,-3,-2
39532,39532,1503958900157,2,-1,6,3,16,14,18,-7
39533,39533,1503958900164,-12,-5,-1,9,-15,-7,2,-7
39534,39534,1503958900179,2,-2,6,-6,-32,-11,-3,2
39535,39535,1503958900187,3,10,-5,-1,-1,1,-3,-7
39536,39536,1503958900196,-10,0,7,8,-3,-3,-4,0
39537,39537,1503958900210,4,1,-10,2,-4,2,3,4
39538,39538,1503958900220,-5,-4,-11,-10,-3,-5,-6,-2
39539,39539,1503958900225,13,16,12,6,11,-11,0,3
39540,39540,1503958900239,12,9,-18,5,19,9,13,15
39541,39541,1503958900248,0,-7,-7,-5,18,4,-1,1
39542,39542,1503958900256,10,5,8,-5,-28,-18,-6,-4
39543,39543,1503958900269,2,-1,-2,9,14,0,4,12
39544,39544,1503958900277,-5,-2,6,-1,6,-1,-1,14
39545,39545,1503958900286,3,17,8,-12,-6,5,-7,-10
39546,39546,1503958900299,-20,-8,0,0,-2,3,-2,4
39547,39547,1503958900307,-16,-10,-2,10,20,2,-6,-4
39548,39548,1503958900315,0,0,4,-9,-14,-7,-5,-10
39549,39549,1503958900329,-13,-9,3,-4,-21,-4,0,-9
39550,39550,1503958900337,3,-3,-8,-3,15,0,1,2
39551,39551,1503958900344,4,-2,-13,-5,-37,-1,2,7
39552,39552,1503958900359,-4,-7,-8,-4,-9,-5,-7,2
39553,39553,1503958900367,3,1,-3,2,12,-10,-2,2
39554,39554,1503958900375,7,-5,4,-1,1,-3,-4,10
39555,39555,1503958900390,5,3,13,-12,18,9,-5,-4
39556,39556,1503958900397,-8,-7,0,0,-3,3,2,-15
39557,39557,1503958900404,-19,-9,-11,-11,-24,-1,14,0
39558,39558,1503958900420,24,-4,-4,0,11,9,11,17
39559,39559,1503958900428,21,4,2,-7,-3,6,-11,-12
39560,39560,1503958900435,-5,8,8,-11,-4,-2,-1,-4
39561,39561,1503958900449,-1,6,-7,10,-5,-7,11,12
39562,39562,1503958900458,5,-2,-2,-1,-15,-2,-4,-1
39563,39563,1503958900464,-20,-8,-8,-18,-42,-9,-13,-6
39564,39564,1503958900479,-24,-12,-3,1,27,6,-1,-8
39565,39565,1503958900488,7,17,31,-1,-11,-14,-4,-30
39566,39566,1503958900495,6,2,-7,-8,-20,-2,12,17
39567,39567,1503958900509,3,7,3,2,-32,-12,2,17
39568,39568,1503958900517,-31,-7,-9,14,12,4,5,-25
39569,39569,1503958900525,-4,-15,20,-9,-27,-24,10,-5
39570,39570,1503958900539,28,23,-5,18,9,-3,-7,-1
39571,39571,1503958900547,-9,8,-6,4,22,0,-3,28
39572,39572,1503958900555,14,9,17,-10,3,-3,-8,-15
39573,39573,1503958900569,7,-2,-3,2,7,6,-11,-8
39574,39574,1503958900577,-5,4,-2,-10,0,4,11,14
39575,39575,1503958900584,7,6,-20,17,17,9,-12,-26
39576,39576,1503958900599,1,-5,-19,18,30,-7,2,9
39577,39577,1503958900607,-1,-18,2,0,22,10,2,18
39578,39578,1503958900615,-8,5,3,10,4,5,-3,-11
39579,39579,1503958900631,-21,-10,11,-9,3,-12,-8,-22
39580,39580,1503958900637,5,25,0,-5,-2,-3,-26,10
39581,39581,1503958900645,10,1,-10,4,-16,-6,8,-16
39582,39582,1503958900660,-16,-4,1,-3,18,4,-2,1
39583,39583,1503958900667,-44,-14,-3,-6,4,2,-7,-6
39584,39584,1503958900675,-10,-18,5,-12,-15,-3,-9,-21
39585,39585,1503958900689,5,27,2,7,-3,2,8,-5
39586,39586,1503958900690,13,24,9,-7,9,-8,-2,11
39587,39587,1503958900698,-8,-13,-7,2,3,7,8,-3
39588,39588,1503958900704,37,23,-14,-9,13,13,5,10
39589,39589,1503958900720,22,-10,-1,-15,-30,-11,14,-8
39590,39590,1503958900727,-19,-14,-8,5,2,9,4,16
39591,39591,1503958900735,-1,4,5,-1,-3,2,-12,-5
39592,39592,1503958900750,-13,-2,11,-5,-1,4,-3,-14
39593,39593,1503958900757,6,-14,7,-5,-18,-16,-4,-20
39594,39594,1503958900771,14,0,-11,20,19,10,6,9
39595,39595,1503958900779,-13,7,-12,7,2,2,-7,0
39596,39596,1503958900791,-14,-3,-11,3,0,-1,13,0
39597,39597,1503958900802,6,-9,-7,2,-12,-9,4,17
39598,39598,1503958900809,5,-1,-10,3,-13,10,9,2
39599,39599,1503958900817,-14,-1,21,-9,-5,-1,-3,-12
39600,39600,1503958900832,5,-7,-16,7,5,14,7,7
39601,39601,1503958900833,2,4,1,-2,-3,-4,-13,-4
39602,39602,1503958900839,-29,-27,-3,-3,2,-6,3,-10
39603,39603,1503958900840,33,22,4,-6,-2,4,-7,9
39604,39604,1503958900847,8,-2,19,-13,2,-6,-7,5
39605,39605,1503958900862,-25,-40,-22,-14,4,-1,1,5
39606,39606,1503958900871,-20,9,13,5,1,-3,-14,-11
39607,39607,1503958900877,-6,-2,-18,6,-1,5,6,7
39608,39608,1503958900891,4,-12,-19,10,4,1,-21,15
39609,39609,1503958900900,5,4,-21,4,-4,2,-3,7
39610,39610,1503958900907,9,1,-5,10,4,-1,3,5
39611,39611,1503958900923,-1,10,8,8,4,1,1,-6
39612,39612,1503958900930,0,-8,3,2,3,-1,-1,-6
39613,39613,1503958900937,6,-1,15,-11,-8,-10,-4,-19
39614,39614,1503958900952,-15,-7,-7,-10,-3,1,10,-16
40291,40291,1503958907619,-1,-2,-2,3,-1,0,0,0
40292,40292,1503958907627,-1,-1,3,4,0,-1,2,-1
40293,40293,1503958907634,1,0,0,-4,-5,-2,-2,2
40294,40294,1503958907649,0,-3,0,1,1,-1,0,-3
40295,40295,1503958907657,-1,0,3,2,3,1,0,-3
40296,40296,1503958907664,-1,-3,-3,1,0,-1,-1,0
40297,40297,1503958907678,0,-1,-5,-3,1,0,-1,-3
40298,40298,1503958907686,-1,-4,2,-1,-1,0,-2,-1
40299,40299,1503958907694,-1,-1,2,-7,-1,-2,-1,-1
40300,40300,1503958907709,-1,3,-2,-1,-3,0,0,-2
40301,40301,1503958907716,1,0,1,6,1,-1,1,1
40302,40302,1503958907724,1,-4,2,-10,-7,-2,-3,0
40303,40303,1503958907738,0,1,2,-6,-4,0,-1,0
40304,40304,1503958907747,-2,4,-1,2,1,0,0,0
40305,40305,1503958907754,0,-1,-4,-3,0,-1,0,0
40306,40306,1503958907769,-3,0,1,-5,2,-1,-1,-2
40307,40307,1503958907776,-1,-1,-3,7,2,1,1,-2
40308,40308,1503958907784,-1,-1,-2,-2,-1,-2,0,-1
40309,40309,1503958907800,-2,-2,-1,2,-1,-1,-3,-1
40310,40310,1503958907806,-2,0,2,-1,8,0,0,-2
40311,40311,1503958907814,-4,-2,-2,-1,0,-3,-1,0
40312,40312,1503958907829,4,2,-1,2,-1,-1,-2,2
40313,40313,1503958907836,-1,-3,-2,-4,-2,1,0,-4
40314,40314,1503958907844,1,-1,0,-2,-3,-1,-3,-1
40315,40315,1503958907858,-2,0,1,3,3,0,-2,-2
40316,40316,1503958907868,-2,0,-1,-1,2,-2,1,-2
40317,40317,1503958907874,-1,-2,1,-4,-1,0,-1,1
40318,40318,1503958907892,-1,-1,-1,4,4,1,0,0
40319,40319,1503958907897,0,2,0,-4,-3,-2,1,1
40320,40320,1503958907904,0,-1,0,0,-4,0,-1,-1
40321,40321,1503958907918,0,3,1,0,-2,0,-1,1
40322,40322,1503958907927,0,-1,0,-5,1,-1,1,-1
40323,40323,1503958907935,-2,-8,-2,3,-1,-3,-1,-2
40324,40324,1503958907949,-5,-2,0,-1,-8,-1,-3,-2
40325,40325,1503958907959,-1,-1,-3,6,3,-1,1,0
40326,40326,1503958907960,1,1,-2,-13,-3,0,-2,-2
40327,40327,1503958907964,0,-2,-3,-5,-1,0,-1,-1
40328,40328,1503958907978,-1,0,1,5,3,-1,1,-3
40329,40329,1503958907986,1,-2,-3,3,-2,-1,1,0
40330,40330,1503958907994,0,-2,-1,2,-3,0,1,-1
40331,40331,1503958908009,-1,1,-3,1,-2,0,0,2
40332,40332,1503958908016,2,3,6,-6,4,0,-2,1
40333,40333,1503958908025,0,-6,-5,4,-1,-2,1,1
40334,40334,1503958908038,0,-6,-3,3,-2,-1,-1,0
40335,40335,1503958908046,-1,-1,3,-3,2,-2,-1,-5
40336,40336,1503958908054,-2,3,0,1,-2,-1,-1,0
40337,40337,1503958908072,-1,1,1,-2,-4,0,-1,-1
40338,40338,1503958908076,-1,-4,0,-2,-3,0,-1,1
40339,40339,1503958908084,0,1,-2,-4,-1,-1,-2,0
40340,40340,1503958908099,-2,-3,-1,-2,-2,1,-2,-4
40341,40341,1503958908106,-2,-3,1,-3,1,-1,-1,-1
40342,40342,1503958908114,-3,-7,-2,1,1,-1,2,-1
40343,40343,1503958908129,-1,3,1,1,-1,-2,-3,-1
40344,40344,1503958908136,1,5,2,-2,-2,-2,-3,-3
40345,40345,1503958908144,-5,-7,-2,3,-5,-1,2,-2
40346,40346,1503958908160,1,3,-1,-7,-2,-1,-2,-1
40347,40347,1503958908167,1,-1,-2,-2,-1,-1,-1,1
40348,40348,1503958908174,-2,-3,-2,-3,2,0,-2,-2
40349,40349,1503958908189,0,2,2,-6,-5,1,0,-2
40350,40350,1503958908196,0,1,-4,4,-1,-2,0,1
40351,40351,1503958908212,1,1,0,-1,1,-1,-1,2
40352,40352,1503958908218,2,-2,0,4,0,0,0,0
40353,40353,1503958908227,2,3,1,-5,1,-1,-1,-3
40354,40354,1503958908241,0,3,4,-4,-5,-1,-1,0
40355,40355,1503958908243,-2,-1,1,1,0,0,1,-5
40356,40356,1503958908249,-4,-3,2,-2,2,0,0,-3
40357,40357,1503958908255,-4,-7,-2,-1,-1,0,0,-2
40358,40358,1503958908272,-5,-2,0,2,1,-2,0,-3
40359,40359,1503958908278,3,6,-3,5,-4,-2,0,0
40360,40360,1503958908286,0,-2,-10,-2,-1,-1,0,2
40361,40361,1503958908301,4,3,0,-3,0,-1,-1,1
40362,40362,1503958908309,3,3,2,-1,-1,-2,0,0
40363,40363,1503958908316,2,3,1,5,9,-1,1,-1
40364,40364,1503958908332,-1,1,4,-2,0,1,-1,-1
40365,40365,1503958908338,-4,-5,0,-1,-2,0,-1,1
40366,40366,1503958908346,0,-1,-5,2,2,-2,-1,0
40367,40367,1503958908362,0,1,-1,-7,1,1,-2,0
40368,40368,1503958908376,-3,0,-2,0,-2,-1,-2,-1
40369,40369,1503958908394,1,0,-1,4,4,-1,0,4
40370,40370,1503958908399,0,3,-3,-2,-5,0,-2,1
40371,40371,1503958908407,-4,-7,-2,7,0,1,1,-4
40372,40372,1503958908421,-8,-13,-8,-4,-2,-1,-2,-3
40373,40373,1503958908429,-2,3,1,-10,-7,0,1,1
40374,40374,1503958908437,1,5,2,5,1,-1,1,3
40375,40375,1503958908451,-1,-1,3,0,0,-1,-2,-4
40376,40376,1503958908461,-1,3,1,-1,0,-2,-1,-2
40377,40377,1503958908467,-1,2,-3,-8,1,0,-3,-2
40378,40378,1503958908481,-1,0,1,-1,0,0,-1,-1
40379,40379,1503958908489,-3,-8,-1,-3,-2,0,-1,-1
40380,40380,1503958908497,-2,0,-3,-2,-1,-2,0,-3
40381,40381,1503958908511,0,-7,-5,-5,-1,-2,-4,3
40382,40382,1503958908518,-1,-4,-1,2,-4,0,0,-2
40383,40383,1503958908529,3,1,-1,5,-5,-3,0,-1
40384,40384,1503958908541,0,-4,0,8,2,0,1,0
40385,40385,1503958908549,3,1,3,-8,-1,0,-1,1
40386,40386,1503958908556,1,4,3,0,-3,-1,1,0
40387,40387,1503958908571,-2,2,1,-4,0,-1,0,0
40388,40388,1503958908578,-7,3,-3,1,2,0,-2,-4
40389,40389,1503958908586,3,4,0,3,3,0,1,0
40390,40390,1503958908602,1,-4,1,-3,-4,-1,-1,-1
40391,40391,1503958908609,-4,-3,-3,0,4,-1,-1,-3
40392,40392,1503958908616,1,-3,2,-2,1,-1,0,0
40393,40393,1503958908632,0,9,4,-2,-2,0,0,0
40394,40394,1503958908638,1,-6,1,-3,1,1,-1,3
40395,40395,1503958908646,-2,0,-1,1,0,-2,0,-1
40396,40396,1503958908663,-1,0,2,-5,0,-1,-3,-2
40397,40397,1503958908669,-1,-10,-1,3,-3,0,-1,-1
40398,40398,1503958908676,-6,8,-8,0,-2,0,-1,-4
40399,40399,1503958908677,2,-5,-1,1,2,-1,-1,-4
40400,40400,1503958908691,-5,0,5,-4,-9,-1,-3,-1
40401,40401,1503958908699,1,5,1,3,3,-1,-1,-1
40402,40402,1503958908706,0,-2,-4,1,1,1,2,0
40403,40403,1503958908721,-3,-1,-2,-1,0,0,-1,-4
40404,40404,1503958908729,2,-2,1,0,0,-1,-2,-1
40405,40405,1503958908743,-6,-5,-7,-3,0,0,0,-4
40406,40406,1503958908751,1,2,-1,-3,0,-2,-2,-4
40407,40407,1503958908758,2,-1,1,-2,-1,-1,-1,2
40408,40408,1503958908767,-3,-1,3,-1,7,1,0,-3
40409,40409,1503958908781,4,5,-2,0,-8,-3,-1,5
40410,40410,1503958908789,-4,-7,-6,-1,-3,0,-4,-4
40411,40411,1503958908797,0,1,-1,-6,0,-1,-1,-1
41317,41317,1503958917623,-1,-2,-9,1,-3,-1,0,1
41318,41318,1503958917631,-2,2,1,-4,-21,-3,-1,-2
41319,41319,1503958917645,3,6,-8,-1,-23,-6,-4,-5
41320,41320,1503958917653,-3,-2,3,4,17,1,-2,0
41321,41321,1503958917654,-2,-12,-2,-9,-15,-2,3,3
41322,41322,1503958917661,9,16,7,6,8,0,-2,1
41323,41323,1503958917677,-7,2,-3,4,1,-2,-1,-3
41324,41324,1503958917683,-2,6,0,-6,3,1,2,7
41325,41325,1503958917700,6,15,6,7,-30,0,0,-16
41326,41326,1503958917701,0,-11,-4,-9,38,3,-2,4
41327,41327,1503958917708,-5,-8,0,1,7,-2,-2,1
41328,41328,1503958917714,1,2,9,-3,-3,-3,-6,0
41329,41329,1503958917721,-1,-17,-6,-8,7,-2,0,-1
41330,41330,1503958917736,3,2,5,10,-2,6,7,-4
41331,41331,1503958917744,-7,-7,-4,2,2,-1,4,1
41332,41332,1503958917751,6,15,-5,-4,-7,-3,-1,-1
41333,41333,1503958917766,-2,0,5,-3,-2,-4,1,-1
41334,41334,1503958917774,-2,5,9,2,-10,-3,-8,-5
41335,41335,1503958917781,10,3,0,-9,-15,-6,-10,-2
41336,41336,1503958917796,-2,3,1,-2,4,-2,-2,-1
41337,41337,1503958917803,0,-2,-2,0,9,4,4,1
41338,41338,1503958917811,2,-5,-4,1,3,-1,-1,3
41339,41339,1503958917825,-2,36,23,11,3,3,5,-1
41340,41340,1503958917834,-3,6,-7,-8,14,0,0,3
41341,41341,1503958917842,-8,-16,-8,-7,8,4,1,-4
41342,41342,1503958917856,5,19,6,-1,-8,-1,-3,0
41343,41343,1503958917864,-17,-7,-3,-1,-18,-3,-18,-17
41344,41344,1503958917872,0,-20,-10,-3,-6,0,-1,-1
41345,41345,1503958917885,2,5,-2,2,-1,-2,1,0
41346,41346,1503958917893,-2,-17,-5,8,1,-4,-3,-3
41347,41347,1503958917901,-10,-17,-5,-3,11,2,-1,-8
41348,41348,1503958917917,-2,8,10,14,-20,7,12,-7
41349,41349,1503958917924,8,29,0,1,-4,-1,8,6
41350,41350,1503958917932,5,-5,-1,-4,-9,-1,-3,4
41351,41351,1503958917945,5,-14,-3,-3,-12,0,3,-3
41352,41352,1503958917954,-3,-5,-3,-5,46,1,3,1
41353,41353,1503958917961,10,-4,-7,1,-7,-3,2,2
41354,41354,1503958917977,-9,-11,2,-3,5,4,-4,-8
41355,41355,1503958917983,0,-12,-2,0,-19,1,0,1
41356,41356,1503958917991,2,11,3,-5,-10,5,3,6
41357,41357,1503958918009,-9,-27,-3,-9,2,-1,1,6
41358,41358,1503958918014,1,13,4,7,-2,-6,-1,-8
41359,41359,1503958918021,-6,-1,-8,5,13,-2,2,0
41360,41360,1503958918036,4,0,-12,2,-7,-3,-6,4
41361,41361,1503958918043,7,1,-16,-10,-35,5,-11,-1
41362,41362,1503958918051,-11,-24,-4,-12,-19,-4,-4,-17
41363,41363,1503958918065,18,57,10,2,36,-2,-4,3
41364,41364,1503958918076,-2,-5,-7,-2,14,-4,-4,3
41365,41365,1503958918082,-2,-1,11,6,19,2,5,-4
41366,41366,1503958918096,-1,1,-4,-6,1,3,8,7
41367,41367,1503958918103,-3,-14,0,-11,-8,-7,-7,6
41368,41368,1503958918104,-10,-19,-4,2,-16,-1,2,-8
41369,41369,1503958918115,5,-2,-1,9,-21,1,-3,0
41370,41370,1503958918125,-1,0,5,-4,9,-1,-6,1
41371,41371,1503958918133,1,-4,-1,-4,6,5,8,7
41372,41372,1503958918145,-12,-9,-4,2,-12,-2,0,-5
41373,41373,1503958918156,-7,-2,-1,-2,18,-2,3,0
41374,41374,1503958918163,-13,-11,0,-7,6,0,-3,3
41375,41375,1503958918171,4,21,13,6,-6,-2,-6,5
41376,41376,1503958918186,-1,-7,-9,-1,-7,-4,-2,-11
41377,41377,1503958918193,-3,-3,-7,2,5,-1,-19,-9
41378,41378,1503958918201,-3,-9,2,-2,-1,-3,-2,9
41379,41379,1503958918216,-9,-13,6,-12,-24,-9,-3,-2
41380,41380,1503958918223,-6,-4,5,2,-4,-7,-2,0
41381,41381,1503958918232,0,7,-6,3,1,1,5,-11
41382,41382,1503958918246,-3,-4,-6,-1,6,-2,-1,-4
41383,41383,1503958918254,0,8,9,-1,9,-2,-2,4
41384,41384,1503958918261,6,-5,-1,1,3,-2,-2,-6
41385,41385,1503958918278,3,-2,-1,2,-3,-4,0,6
41386,41386,1503958918285,-6,2,0,-2,-5,-5,1,7
41387,41387,1503958918299,9,5,11,4,-6,2,7,1
41388,41388,1503958918305,-6,-17,-9,-6,-8,1,1,-11
41389,41389,1503958918314,-2,2,-5,8,-13,-9,3,7
41390,41390,1503958918321,-6,2,3,2,3,0,2,-8
41391,41391,1503958918336,0,-7,-21,7,0,-5,2,-3
41392,41392,1503958918345,4,13,4,3,0,1,1,8
41393,41393,1503958918352,-6,-12,4,-16,-2,-2,-1,-2
41394,41394,1503958918365,5,10,-1,2,3,4,1,8
41395,41395,1503958918373,5,-7,1,-5,2,1,-3,-2
41396,41396,1503958918381,3,-13,2,1,2,0,-1,1
41397,41397,1503958918403,-8,-13,-11,-5,0,1,1,8
41398,41398,1503958918404,-1,8,10,-1,5,4,-9,-2
41399,41399,1503958918413,-8,-7,-7,-4,-2,0,0,-9
41400,41400,1503958918425,20,25,-9,8,0,3,-3,10
41401,41401,1503958918433,-4,-1,12,-6,1,1,4,-5
41402,41402,1503958918444,-7,-9,-6,4,-6,-1,6,-6
41403,41403,1503958918456,0,9,-14,-4,-2,-3,-5,-4
41404,41404,1503958918463,4,-2,8,-13,1,1,0,4
41405,41405,1503958918480,-3,-6,7,-8,0,-2,-7,-27
41406,41406,1503958918486,-3,-10,-3,0,-19,-16,-4,-8
41407,41407,1503958918493,11,33,22,7,30,6,3,-7
41408,41408,1503958918509,-4,-9,-3,8,-2,-2,0,1
41409,41409,1503958918517,-1,-4,-9,-1,-21,0,-2,5
41410,41410,1503958918523,-6,-3,0,-1,1,2,-3,-11
41411,41411,1503958918524,-1,8,5,-3,-2,-2,6,8
41412,41412,1503958918538,-3,3,-1,1,-1,-2,-6,5
41413,41413,1503958918545,-2,-2,3,-5,5,4,15,-4
41414,41414,1503958918554,3,-15,-2,1,-7,-4,-1,11
41415,41415,1503958918568,7,7,4,0,7,1,-1,6
41416,41416,1503958918578,-14,-21,-8,-2,-12,3,1,-1
41417,41417,1503958918584,6,10,6,5,6,4,0,-4
41418,41418,1503958918598,-6,-4,-5,5,10,2,5,-5
42321,42321,1503958927396,-4,-3,1,-2,-1,-4,0,-7
42322,42322,1503958927410,0,22,16,2,1,1,-4,-8
42323,42323,1503958927418,5,23,7,-2,2,-2,-6,5
42324,42324,1503958927426,-1,-6,-3,-1,0,2,1,3
42325,42325,1503958927441,4,0,2,1,0,0,-2,6
42326,42326,1503958927449,-2,0,2,-5,5,4,-6,-14
42327,42327,1503958927459,-6,-29,-10,0,-16,-3,-2,0
42328,42328,1503958927470,12,-2,15,5,2,5,21,6
42329,42329,1503958927478,6,8,9,-5,-1,-1,-6,-3
42330,42330,1503958927485,-8,-12,-25,0,-10,-8,-1,11
42331,42331,1503958927501,0,6,-3,7,8,4,2,10
42332,42332,1503958927508,-2,-5,-9,-4,-3,-1,-3,-12
42333,42333,1503958927516,-10,8,-1,2,0,-2,-1,5
42334,42334,1503958927530,-5,8,20,-3,1,-3,-9,0
42335,42335,1503958927538,3,1,-3,6,5,5,17,4
42336,42336,1503958927545,14,0,8,-6,2,3,-3,-9
42337,42337,1503958927562,-15,0,7,3,2,0,-6,-5
42338,42338,1503958927569,-4,8,1,1,-5,6,-1,0
42339,42339,1503958927576,-9,-2,-4,0,-1,-4,-4,-15
42340,42340,1503958927593,-14,-7,-5,-6,-3,-4,0,4
42341,42341,1503958927599,-1,-4,-3,0,-2,-3,2,-2
42342,42342,1503958927605,6,-14,-10,-1,-2,-1,5,2
42343,42343,1503958927623,3,1,2,-6,0,-1,-5,-2
42344,42344,1503958927628,-2,11,0,-1,-3,0,-2,3
42345,42345,1503958927636,2,33,31,-1,3,-3,-10,-5
42346,42346,1503958927650,-9,-5,-12,-4,-4,-21,1,-14
42347,42347,1503958927658,5,-6,-13,-4,-4,0,4,-4
42348,42348,1503958927666,-9,12,4,1,2,9,3,4
42349,42349,1503958927680,9,-5,-3,2,5,-5,-3,-13
42350,42350,1503958927690,1,-15,-12,-3,-1,-2,-5,5
42351,42351,1503958927696,-1,-12,-7,2,-2,1,2,1
42352,42352,1503958927710,1,-14,-7,0,-4,-2,-2,-1
42353,42353,1503958927718,-1,-18,-10,-1,-2,-1,-2,1
42354,42354,1503958927726,1,-5,-5,0,-3,-8,8,4
42355,42355,1503958927740,2,0,-1,-8,-15,-13,-9,-8
42356,42356,1503958927748,0,16,12,-6,0,10,-6,-18
42357,42357,1503958927758,-11,6,1,2,6,-4,-2,-2
42358,42358,1503958927770,5,22,9,-5,-1,0,-6,-17
42359,42359,1503958927778,-3,-7,2,-4,-2,2,-4,5
42360,42360,1503958927785,0,20,3,7,1,0,-4,3
42361,42361,1503958927801,1,4,1,-1,0,4,-1,-10
42362,42362,1503958927808,0,-14,-2,-5,1,-4,1,5
42363,42363,1503958927824,-4,-2,4,-1,-1,-2,8,6
42364,42364,1503958927832,2,-4,-1,3,-1,4,-6,-9
42365,42365,1503958927838,-2,2,-6,-10,-5,2,2,-3
42366,42366,1503958927839,-1,-8,7,3,10,8,2,4
42367,42367,1503958927852,-2,-4,4,2,-2,2,-1,5
42368,42368,1503958927862,-2,0,-3,4,3,-3,2,2
42369,42369,1503958927868,-1,-6,-2,-14,-14,-3,-3,8
42370,42370,1503958927883,-1,3,-2,-5,-6,1,-2,4
42371,42371,1503958927893,2,-2,-4,9,6,-4,0,-15
42372,42372,1503958927899,0,-10,-1,-3,0,3,2,4
42373,42373,1503958927912,-3,-14,1,-2,1,-1,-3,1
42374,42374,1503958927920,1,-1,2,-1,0,0,-2,1
42375,42375,1503958927928,0,-9,0,2,3,-2,-1,5
42376,42376,1503958927944,-3,-5,-2,2,5,-2,1,0
42377,42377,1503958927950,1,-2,-4,-12,-13,-3,-2,6
42378,42378,1503958927959,-3,25,18,3,-1,4,-1,-1
42379,42379,1503958927972,-2,-3,-8,4,3,1,-1,3
42380,42380,1503958927981,-1,-9,-10,-8,-3,-2,-6,-21
42381,42381,1503958927988,-2,-5,-4,4,-1,-4,0,-3
42382,42382,1503958928006,2,-13,-6,-9,-6,-1,-4,0
42383,42383,1503958928010,-1,-1,6,6,10,0,2,-1
42384,42384,1503958928018,0,-4,-6,5,-9,4,-2,-4
42385,42385,1503958928019,3,8,-2,-13,-4,-9,-2,1
42386,42386,1503958928034,2,0,1,-11,-10,-2,-4,-1
42387,42387,1503958928035,-1,0,-3,-1,-5,-3,-3,3
42388,42388,1503958928043,-3,-13,-6,1,-4,2,-1,1
42389,42389,1503958928049,-4,2,4,-5,0,0,-1,2
42390,42390,1503958928063,-3,-8,-9,2,-3,0,1,-1
42391,42391,1503958928070,0,-3,-2,0,-1,-1,2,1
42392,42392,1503958928078,-1,-2,2,1,-4,1,3,5
42393,42393,1503958928093,-1,5,-6,-4,-12,0,-5,-4
42394,42394,1503958928102,3,-1,-12,-18,-14,-6,-2,5
42395,42395,1503958928108,0,1,9,6,9,3,2,0
42396,42396,1503958928125,-3,4,0,11,9,2,2,-2
42397,42397,1503958928130,0,1,-3,-5,0,-1,-1,-1
42398,42398,1503958928138,1,24,2,3,0,-4,-1,-2
42399,42399,1503958928152,-4,-11,-1,2,0,4,9,0
42400,42400,1503958928161,7,1,-12,-19,-17,-2,-11,6
42401,42401,1503958928168,-1,-3,-3,3,0,-2,-1,-2
42402,42402,1503958928183,-12,-18,0,5,7,0,2,-6
42403,42403,1503958928196,3,11,3,-7,0,-1,3,-1
42404,42404,1503958928198,0,-8,9,7,-3,-3,-1,1
42405,42405,1503958928212,-2,-6,0,-2,17,-2,-1,-5
42406,42406,1503958928220,1,2,0,-10,-6,0,-3,4
42407,42407,1503958928228,3,-3,-5,-5,-4,0,-1,1
42408,42408,1503958928243,3,9,6,8,6,1,-1,-4
42409,42409,1503958928250,-5,23,12,2,-3,0,-2,0
42410,42410,1503958928262,4,1,-3,4,0,-1,4,-2
42411,42411,1503958928272,0,4,-4,-1,5,-1,-4,-1
42412,42412,1503958928273,0,-7,-1,-1,0,-1,0,2
42413,42413,1503958928280,-1,20,6,4,4,-1,0,-2
42414,42414,1503958928288,-2,-8,-4,0,-4,-1,1,-2
42415,42415,1503958928304,2,-18,-3,-16,-8,3,0,0
42416,42416,1503958928310,-3,-8,-6,-3,-7,-3,-5,-1
42417,42417,1503958928328,0,5,5,6,5,-1,1,-4
42418,42418,1503958928332,1,8,3,1,3,1,1,0
42419,42419,1503958928340,-1,2,7,3,5,-1,1,0
42420,42420,1503958928348,3,1,-2,0,0,-1,0,1
42421,42421,1503958928349,-1,-8,-3,1,1,0,-2,1
42422,42422,1503958928363,0,3,0,-6,-1,1,-2,-1
42423,42423,1503958928364,2,-3,-3,-1,-2,1,1,-1
42424,42424,1503958928371,-9,-4,-9,0,-5,-5,-3,-1
42425,42425,1503958928378,-8,-18,-4,-6,-3,0,-3,-2
42426,42426,1503958928379,-4,2,-5,-1,2,0,0,-3
42427,42427,1503958928395,5,5,1,-2,-4,-1,-1,0
42428,42428,1503958928401,-1,-5,-4,3,-1,-1,-1,0
42429,42429,1503958928408,-5,5,4,-3,0,-1,-4,-3
42430,42430,1503958928430,-1,-1,-4,-9,-10,-1,-2,1
42431,42431,1503958928431,-1,9,3,3,-1,-1,1,0
42432,42432,1503958928438,-2,5,2,4,6,0,1,2
42433,42433,1503958928452,-4,-19,1,-1,-2,-1,-2,2
42434,42434,1503958928462,-1,-13,-2,-11,-9,-1,-1,3
42435,42435,1503958928469,3,0,2,8,-2,1,1,0
42436,42436,1503958928483,0,5,-2,-8,-7,-1,-2,0
42437,42437,1503958928490,-1,9,-3,2,-1,0,-2,0
42438,42438,1503958928491,1,0,-5,-2,-4,-2,1,0
42439,42439,1503958928499,-3,-2,-5,8,6,0,0,-1
42440,42440,1503958928512,-7,6,-7,-1,1,-2,0,-1
42441,42441,1503958928520,1,-4,2,-6,2,0,-1,1
42442,42442,1503958928528,2,-11,-5,1,1,1,0,-4
42443,42443,1503958928543,-1,0,-1,3,-2,-1,-1,0
42444,42444,1503958928550,3,-1,-3,8,6,0,-3,-7
42445,42445,1503958928562,1,-3,-1,8,0,-1,-2,1
42446,42446,1503958928572,3,0,6,-5,-2,-1,0,2
42447,42447,1503958928580,-3,-5,1,1,4,-1,-1,-4
42448,42448,1503958928588,0,-18,-2,-3,0,0,0,1
42449,42449,1503958928603,1,12,-1,-2,1,-2,-1,-4
42450,42450,1503958928610,1,0,2,-3,-1,-3,-1,-2
42451,42451,1503958928619,-1,5,3,3,0,-1,0,-5
42452,42452,1503958928633,-3,6,-2,-4,-3,1,-1,-1
42453,42453,1503958928641,-3,0,2,8,7,-1,-1,-2
42454,42454,1503958928648,0,7,4,-19,-5,0,-3,-2
42455,42455,1503958928664,-1,-4,-4,-2,-4,-1,1,2
42456,42456,1503958928665,-1,-5,3,6,2,1,0,-1
42457,42457,1503958928671,-3,-6,3,0,-1,-1,-2,-2
42458,42458,1503958928678,0,-18,-8,-8,-2,-2,0,0
42459,42459,1503958928693,3,18,-1,1,0,-1,0,3
42460,42460,1503958928701,-4,1,3,0,-5,-1,0,2
42461,42461,1503958928708,-8,-11,-2,-2,-2,-2,-1,8
42462,42462,1503958928723,1,-2,-1,0,1,-2,0,-1
42463,42463,1503958928731,5,3,-1,1,1,0,2,3
42464,42464,1503958928745,2,9,1,-4,-5,-2,0,-2
42465,42465,1503958928752,-1,-1,-4,-7,-7,-1,-3,-1
42466,42466,1503958928763,-5,-16,3,-3,-1,0,-3,-7
42467,42467,1503958928775,-5,-6,5,0,2,1,-2,-1
42468,42468,1503958928783,-1,-22,-8,3,-1,0,0,-3
42469,42469,1503958928790,-3,-12,1,2,1,-3,-2,-7
42470,42470,1503958928805,-1,1,-5,0,1,-2,-1,0
42471,42471,1503958928812,-1,13,1,-1,0,-2,-4,-7
42472,42472,1503958928820,-2,-1,2,-3,-2,0,0,2
42473,42473,1503958928843,1,11,-3,7,3,-1,0,0
42474,42474,1503958928844,0,-8,3,1,0,-1,1,3
42475,42475,1503958928850,-2,-7,0,4,-3,1,-1,-6
42476,42476,1503958928867,-3,8,-1,2,-1,1,-1,-2
42477,42477,1503958928872,0,-5,-3,4,-1,-2,0,-2
42478,42478,1503958928880,2,5,-4,-2,-2,-1,0,1
42479,42479,1503958928896,0,7,-1,1,1,1,-1,-2
42480,42480,1503958928903,4,3,-2,-4,1,0,-2,0
42481,42481,1503958928911,5,-21,2,-12,-5,-1,-2,-5
42482,42482,1503958928926,-1,-9,-5,-5,-2,-1,-1,1
42483,42483,1503958928933,-3,6,0,0,-2,-1,1,4
42484,42484,1503958928941,-4,10,3,3,2,-1,-3,0
42485,42485,1503958928955,3,-3,-7,-7,2,0,-2,1
42486,42486,1503958928963,-2,4,4,0,3,0,0,-5
42487,42487,1503958928971,3,1,-9,7,-2,0,0,0
42488,42488,1503958928985,2,13,1,-4,0,-1,-1,-1
42489,42489,1503958928993,-3,-4,1,-8,-4,-1,0,0
42490,42490,1503958929002,0,-8,-2,-2,-1,-1,1,-2
42491,42491,1503958929015,-1,6,-2,10,4,0,4,-2
42492,42492,1503958929023,2,3,0,-11,1,-1,-3,1
42493,42493,1503958929031,-4,5,4,1,6,0,-5,-1
42494,42494,1503958929045,-3,4,2,-2,-2,-1,-3,0
42495,42495,1503958929052,-2,-8,-1,4,0,0,2,2
42496,42496,1503958929060,-5,-8,-1,2,-2,-1,-1,-1
42497,42497,1503958929075,-4,-11,-3,-4,-2,-3,-2,-4
42498,42498,1503958929083,-1,-3,-8,0,-2,-2,0,-2
42499,42499,1503958929091,0,-7,8,-7,-2,-2,-1,-9
42500,42500,1503958929106,-1,-6,2,4,0,-1,2,-2
42501,42501,1503958929112,1,9,-1,-13,-3,-2,-3,6
42502,42502,1503958929120,-1,-2,-1,-6,-2,-1,-2,-3
42503,42503,1503958929135,-1,2,0,1,-4,1,2,3
42504,42504,1503958929143,-1,9,1,2,1,1,-2,-2
42854,42854,1503958932533,-1,1,-1,-2,1,0,-2,1
42855,42855,1503958932541,1,-2,0,-1,-1,-2,-2,2
42856,42856,1503958932555,-3,-3,-1,0,0,-3,-3,0
42857,42857,1503958932563,0,1,-5,0,-2,-1,0,-1
42858,42858,1503958932570,-1,-4,1,-4,-2,-2,-2,-1
42859,42859,1503958932585,0,0,2,-4,-1,-1,-3,-7
42860,42860,1503958932593,1,0,-4,2,-5,-1,-1,-2
42861,42861,1503958932608,-1,-1,-6,1,0,0,0,4
42862,42862,1503958932615,0,-3,0,-7,-1,0,-1,3
42863,42863,1503958932623,0,-2,-4,1,-3,-1,0,1
42864,42864,1503958932630,-2,2,3,-1,0,-1,-4,-2
42865,42865,1503958932649,-3,0,1,0,1,-1,0,-1
42866,42866,1503958932653,-1,0,-1,2,0,0,-1,0
42867,42867,1503958932661,1,-6,0,-1,-3,-2,-2,-2
42868,42868,1503958932674,-2,10,3,-4,-2,0,-1,1
42869,42869,1503958932675,1,-2,-2,0,-1,-2,0,-1
42870,42870,1503958932683,-1,-1,5,0,2,-1,-1,-1
42871,42871,1503958932684,-1,1,1,1,-2,0,-1,1
42872,42872,1503958932691,2,-3,-2,-1,-1,-1,0,0
42873,42873,1503958932692,0,-1,-4,-1,-1,-1,1,-1
42874,42874,1503958932705,-1,-1,2,-1,4,-1,-1,-1
42875,42875,1503958932715,-2,0,-3,-1,-4,-2,1,6
42876,42876,1503958932722,1,-3,-1,0,0,0,1,3
42877,42877,1503958932723,1,5,-1,1,-2,-1,0,0
42878,42878,1503958932735,-1,1,0,-2,0,-1,-1,-4
42879,42879,1503958932743,0,-1,2,0,4,-2,-1,-5
42880,42880,1503958932751,0,1,2,-2,-2,-2,0,-3
42881,42881,1503958932765,-2,1,-4,-1,-3,-1,0,-3
42882,42882,1503958932773,-1,-3,-1,2,0,-1,1,-3
42883,42883,1503958932783,-2,-2,3,-4,-2,-2,0,0
42884,42884,1503958932796,1,0,2,-1,1,-1,-1,-2
42885,42885,1503958932803,-1,-2,1,3,3,-1,0,-1
42886,42886,1503958932810,-2,-2,-2,-6,-9,-1,0,1
42887,42887,1503958932825,-1,0,-1,-3,-4,0,-1,-1
42888,42888,1503958932833,-1,-1,-6,1,3,0,-1,1
42889,42889,1503958932841,-2,2,4,-1,0,2,-1,0
42890,42890,1503958932856,-1,0,0,1,0,1,0,-2
42891,42891,1503958932863,0,-1,-5,-1,-1,-2,-1,0
42892,42892,1503958932870,-2,-2,-4,1,-1,-1,3,1
42893,42893,1503958932886,0,0,5,-5,-2,-1,-4,0
42894,42894,1503958932893,0,-2,-1,2,4,-1,-1,-1
42895,42895,1503958932901,1,-1,-4,-11,-5,0,-1,2
42896,42896,1503958932916,-2,-2,-2,1,-1,-2,0,1
42897,42897,1503958932917,-1,-3,3,-2,1,-1,-4,-3
42898,42898,1503958932924,-2,-2,2,-2,-4,-2,-2,-2
42899,42899,1503958932930,-1,-3,-1,0,2,0,0,0
42900,42900,1503958932945,0,-1,-4,3,2,-1,2,0
42901,42901,1503958932954,0,2,4,-5,-3,1,-2,-2
42902,42902,1503958932961,1,0,2,2,2,-1,-1,-1
42903,42903,1503958932974,-1,-2,-1,0,-2,-1,0,-1
42904,42904,1503958932975,1,0,1,-4,1,-1,-2,1
42905,42905,1503958932985,0,-1,-2,0,2,0,-1,-2
42906,42906,1503958932991,0,-2,-4,-3,0,0,-3,-2
42907,42907,1503958933005,0,0,-3,3,-4,0,0,0
42908,42908,1503958933013,-1,1,-1,2,-1,0,1,-2
42909,42909,1503958933028,0,-3,-4,1,-2,-1,1,0
42910,42910,1503958933035,-1,-4,-4,1,-5,0,1,2
42911,42911,1503958933043,-2,-3,6,-2,6,-1,-1,-1
42912,42912,1503958933059,0,-3,1,-5,0,0,1,0
42913,42913,1503958933065,0,-3,-6,-8,-5,-1,-1,1
42914,42914,1503958933073,-1,1,3,-2,-1,-1,-2,-3
42915,42915,1503958933085,0,1,-2,2,1,-1,2,-2
42916,42916,1503958933095,1,-3,-2,4,0,-1,0,-2
42917,42917,1503958933103,-1,2,6,-1,0,-4,-5,-3
42918,42918,1503958933110,-1,0,-4,3,-1,-1,1,-5
42919,42919,1503958933126,0,-1,-2,2,3,0,2,-1
42920,42920,1503958933133,-1,-1,-1,-1,-1,-1,0,4
42921,42921,1503958933141,0,1,-1,-1,2,0,-2,2
42922,42922,1503958933155,-1,1,-1,0,0,-1,-1,1
42923,42923,1503958933163,-3,-4,2,-9,-4,-4,-4,1
42924,42924,1503958933170,-1,1,2,-3,-1,0,-1,-1
42925,42925,1503958933186,-2,1,-3,6,-1,-1,1,-2
42926,42926,1503958933193,1,2,-5,0,-3,-1,-1,0
42927,42927,1503958933201,-1,-2,-3,-1,0,2,1,-1
42928,42928,1503958933219,-1,-3,-1,1,0,0,-2,-1
42929,42929,1503958933223,0,-1,-4,3,-5,-1,1,-1
42930,42930,1503958933230,-1,-2,3,-1,2,-4,0,0
42931,42931,1503958933245,1,0,-4,-4,-8,1,-1,2
42932,42932,1503958933253,-1,0,2,-2,-3,-1,-2,0
42933,42933,1503958933261,0,-2,0,2,1,0,0,-2
42934,42934,1503958933275,-1,-1,0,1,1,-1,-1,-3
42935,42935,1503958933285,0,-1,-2,-1,0,-2,1,-5
42936,42936,1503958933291,-2,-2,2,1,-3,-2,-2,-1
42937,42937,1503958933305,0,0,6,-7,0,-2,-4,-1
42938,42938,1503958933313,0,1,3,-3,0,-1,0,-3
42939,42939,1503958933322,-1,0,-3,3,0,-1,-1,0
42940,42940,1503958933335,-1,-5,-9,2,-1,2,4,2
42941,42941,1503958933343,-1,1,7,-5,1,-2,-2,-1
42942,42942,1503958933353,-1,0,-3,-1,5,-1,-1,-1
42943,42943,1503958933365,0,1,-1,-3,-4,0,0,0
42944,42944,1503958933373,-2,2,-2,1,-1,-1,-1,-2
42945,42945,1503958933381,-3,2,1,0,2,-1,-1,-3
42946,42946,1503958933395,-1,0,1,-3,-1,-1,-2,1
42947,42947,1503958933404,0,-1,1,3,6,-1,-2,-2
42948,42948,1503958933420,1,0,-2,-5,-3,-1,-1,-1
42949,42949,1503958933426,1,-2,-3,2,-1,0,1,-1
42950,42950,1503958933433,0,-3,1,-1,-3,-1,-2,-4
42951,42951,1503958933448,0,-1,0,0,-2,-1,1,-1
42952,42952,1503958933455,0,-3,-4,6,0,-2,0,0
42953,42953,1503958933463,-2,-4,0,-9,-5,-2,-3,0
42954,42954,1503958933477,0,0,-1,-1,1,-1,-1,-2
42955,42955,1503958933488,2,1,-4,2,-5,-2,-1,-2
42956,42956,1503958933494,-3,0,1,-4,-1,-1,-1,-1
42957,42957,1503958933511,-1,-2,2,0,2,0,0,0
42958,42958,1503958933514,-1,-3,-1,0,0,1,1,-1
42959,42959,1503958933523,-1,0,-5,2,1,1,3,-1
42960,42960,1503958933537,0,-4,8,-9,-3,-1,-5,-3
42961,42961,1503958933545,-2,-1,3,-4,-1,-1,-2,0
42962,42962,1503958933554,-2,1,-4,2,-3,-1,1,-3
42963,42963,1503958933568,0,-4,1,-8,-9,-1,-1,3
42964,42964,1503958933574,-2,0,-1,-4,-3,-2,-1,0
42965,42965,1503958933583,-2,2,-2,7,1,0,-1,-3
42966,42966,1503958933597,-2,2,6,-1,0,-1,-3,-1
42967,42967,1503958933605,0,0,3,0,3,0,-1,-2
42968,42968,1503958933615,-2,-4,-10,1,-3,0,1,3
42969,42969,1503958933628,0,0,-3,2,0,0,-2,-1
42970,42970,1503958933635,2,3,-2,-3,-1,0,1,-1
42971,42971,1503958933643,0,2,-4,0,-3,1,1,-2
42972,42972,1503958933659,1,2,0,1,0,-2,-1,0
42973,42973,1503958933665,0,-2,-1,-3,0,-2,-2,0
42974,42974,1503958933673,1,0,2,-3,-4,-1,-1,1
42975,42975,1503958933689,-2,-3,-1,2,0,-4,0,-2
42976,42976,1503958933695,-3,-5,-1,0,0,0,0,-2
42977,42977,1503958933703,-1,-2,1,0,-2,0,-1,-1
42978,42978,1503958933720,1,-2,-2,4,0,0,-1,-2
