,SampleNumber,TimeStamp,EMG1,EMG2,EMG3,EMG4,EMG5,EMG6,EMG7,EMG8
1157,1157,1503696701255,6,-2,-5,-1,3,-1,-1,-2
1158,1158,1503696701256,-6,6,4,0,-1,-4,-3,-2
1159,1159,1503696701260,-6,-6,8,2,1,2,1,-2
1160,1160,1503696701267,14,25,5,0,-3,-1,3,4
1161,1161,1503696701274,10,6,-3,13,4,-5,-2,-3
1162,1162,1503696701291,3,2,3,1,0,-1,1,11
1163,1163,1503696701297,-2,-25,6,0,-1,0,-1,1
1164,1164,1503696701305,-1,10,17,0,-2,-2,-2,-2
1165,1165,1503696701319,2,12,4,1,-2,-3,-1,-3
1166,1166,1503696701328,-13,-5,-16,-7,-3,-1,-2,-1
1167,1167,1503696701335,0,7,-6,-6,0,0,-1,-3
1168,1168,1503696701350,-7,-6,-18,-1,0,-2,-4,0
1169,1169,1503696701358,-4,-2,-3,-2,0,0,1,2
1170,1170,1503696701368,0,4,-4,-1,1,0,-4,-7
1171,1171,1503696701380,12,7,-2,-11,-7,-1,-2,2
1172,1172,1503696701391,2,-8,2,8,3,0,-8,1
1173,1173,1503696701395,5,-8,-2,2,1,0,2,-1
1174,1174,1503696701410,1,6,-2,-3,-2,-1,2,-2
1175,1175,1503696701418,-3,-2,-3,-2,-2,-2,1,-3
1176,1176,1503696701425,13,-12,-1,-2,-3,-3,-4,-8
1177,1177,1503696701439,-8,-7,2,-3,-2,-1,0,5
1178,1178,1503696701440,6,9,4,0,-3,-3,-2,0
1179,1179,1503696701448,11,-21,-3,1,3,11,5,-2
1180,1180,1503696701456,-15,5,6,-2,-10,2,1,-6
1181,1181,1503696701470,-2,0,-5,-9,-9,-9,-6,-5
1182,1182,1503696701477,-4,-4,-2,0,-1,-4,-10,-9
1183,1183,1503696701486,0,3,0,-2,1,0,10,20
1184,1184,1503696701500,9,11,1,3,2,6,-12,-27
1185,1185,1503696701507,2,-11,-7,-9,-5,14,2,15
1186,1186,1503696701508,10,13,2,-3,-3,-11,4,-3
1187,1187,1503696701515,55,29,4,1,6,7,5,16
1188,1188,1503696701530,-24,21,2,4,-2,2,-15,-8
1189,1189,1503696701537,0,6,-3,0,-1,-6,-1,-1
1190,1190,1503696701545,-5,-1,-2,-5,-2,-1,4,5
1191,1191,1503696701560,2,-8,-4,-1,5,2,1,9
1192,1192,1503696701567,-30,-12,8,11,4,6,0,-5
1193,1193,1503696701574,17,-8,-23,-10,-5,-5,3,-4
1194,1194,1503696701591,2,13,-2,3,7,-12,-9,-15
1195,1195,1503696701597,-28,-2,-4,11,5,3,2,9
1196,1196,1503696701613,24,7,-3,-1,2,25,7,1
1197,1197,1503696701620,-21,-7,1,-5,-1,-3,3,1
1198,1198,1503696701628,-4,-4,5,-8,-3,3,-7,-5
1199,1199,1503696701635,0,-4,2,-3,-5,-5,-7,-4
1200,1200,1503696701650,-8,10,0,0,2,3,6,4
1201,1201,1503696701658,-12,5,-6,-4,-3,-4,-4,0
1202,1202,1503696701672,-6,-11,-4,-2,-8,-13,-15,0
1203,1203,1503696701679,-8,-3,9,7,7,7,2,4
1204,1204,1503696701687,-15,-9,-4,-5,-4,-7,-2,-10
1205,1205,1503696701694,30,-6,-4,-5,-3,-7,-1,14
1206,1206,1503696701710,-12,-7,-2,-4,-8,0,7,-1
1207,1207,1503696701717,-14,-7,0,-3,-2,0,-4,-10
1208,1208,1503696701733,51,3,3,-1,4,1,4,11
1209,1209,1503696701740,8,0,1,0,-3,-2,4,0
1210,1210,1503696701748,-36,-6,-7,-2,-1,2,-1,-6
1211,1211,1503696701754,-27,-9,-4,-3,-4,3,1,-9
1212,1212,1503696701770,10,-3,-1,1,2,-2,-5,-16
1213,1213,1503696701777,-14,-6,2,0,-4,-10,-3,-1
1214,1214,1503696701793,-4,-4,2,10,3,-3,3,-5
1215,1215,1503696701801,-41,0,-3,4,5,11,2,-11
1216,1216,1503696701814,1,-2,0,3,0,-5,1,5
1217,1217,1503696701815,2,-5,0,-1,-2,-6,-1,4
1218,1218,1503696701830,-9,2,-3,-7,0,-4,1,-2
1219,1219,1503696701837,6,-6,3,0,3,3,-5,0
1220,1220,1503696701852,31,5,-5,-6,-4,-6,-2,8
1221,1221,1503696701860,-4,-7,-7,-10,-7,2,-7,-2
1222,1222,1503696701868,-9,-5,-3,-4,-5,0,-6,-1
1223,1223,1503696701874,4,6,1,0,0,-1,3,7
1224,1224,1503696701890,19,2,-9,-1,0,-1,-6,3
1225,1225,1503696701897,-22,-11,-5,0,5,3,-5,-2
1226,1226,1503696701919,14,-1,-3,-1,3,1,5,4
1227,1227,1503696701920,4,1,-2,-1,-4,-7,4,-2
1228,1228,1503696701928,6,-4,-2,-1,-2,6,6,3
1229,1229,1503696701935,50,13,3,-2,-4,2,1,0
1230,1230,1503696701950,-11,4,5,-1,0,-8,-9,-8
1231,1231,1503696701957,-20,-4,0,-1,-3,-2,1,-4
1232,1232,1503696701972,6,2,2,0,1,2,7,5
1233,1233,1503696701979,2,-5,-6,0,-1,-2,-2,7
1234,1234,1503696701987,-11,6,-5,-4,-2,-9,-1,-6
1235,1235,1503696701988,14,-1,9,3,2,9,1,3
1236,1236,1503696702003,0,-7,-2,-1,2,-1,0,-1
1237,1237,1503696702010,0,3,-4,0,-3,-4,-5,-5
1238,1238,1503696702024,24,5,1,1,1,4,8,11
1239,1239,1503696702032,-27,-8,0,0,-2,-1,-8,-4
1240,1240,1503696702039,-11,-5,-5,-2,-4,-4,-2,2
1241,1241,1503696702047,-38,-8,-2,-6,3,2,4,-3
1242,1242,1503696702062,-4,5,2,1,1,-1,-3,-3
1243,1243,1503696702070,-22,2,-3,2,-2,-7,-6,-10
1244,1244,1503696702077,-6,3,-1,-1,2,4,1,2
1245,1245,1503696702095,42,2,-5,-1,-2,-3,2,2
1246,1246,1503696702100,3,2,6,-3,-2,-4,-3,-3
1247,1247,1503696702107,-16,-3,8,1,-2,0,0,1
1248,1248,1503696702122,-15,-8,-14,-5,-1,-1,-2,-4
1249,1249,1503696702130,11,14,25,6,-2,-2,-4,-1
1250,1250,1503696702137,2,3,-1,-3,-2,-3,1,0
1251,1251,1503696702153,12,2,-8,0,-4,-5,-1,-2
1252,1252,1503696702162,-31,-15,1,0,-6,-2,-6,-14
1253,1253,1503696702170,37,13,2,2,3,11,2,4
1254,1254,1503696702182,9,-4,6,3,3,1,9,5
1255,1255,1503696702190,0,-2,-5,-3,0,-6,-3,6
1256,1256,1503696702197,-2,2,-2,-1,-2,-5,-6,-5
1257,1257,1503696702213,-13,-6,-4,0,15,0,1,3
1258,1258,1503696702219,15,9,0,4,2,-1,2,1
1259,1259,1503696702230,-4,-4,3,-3,-8,2,-2,-8
1260,1260,1503696702242,-10,4,2,2,0,0,-1,-3
1261,1261,1503696702250,15,-10,-4,-3,-4,-7,1,-2
1262,1262,1503696702257,-11,-15,-3,-1,2,5,-1,1
1263,1263,1503696702272,-29,3,1,-3,-4,-2,-3,-3
1264,1264,1503696702279,28,-1,-8,-4,-2,-5,-4,-1
1691,1691,1503696706449,9,0,1,0,-2,-1,0,-2
1692,1692,1503696706458,13,-3,-1,-2,1,7,-2,0
1693,1693,1503696706472,17,4,3,2,0,0,0,1
1694,1694,1503696706479,3,-2,-4,-1,2,-3,-4,-3
1695,1695,1503696706496,13,-18,-1,-3,1,0,-2,-5
1696,1696,1503696706502,-27,-25,-4,-1,-3,-4,-2,-6
1697,1697,1503696706510,46,21,-3,3,1,-3,-2,0
1698,1698,1503696706517,4,15,7,2,2,2,4,3
1699,1699,1503696706532,-16,5,-1,-1,-3,-1,-1,-1
1700,1700,1503696706539,7,-1,-4,0,-2,-4,1,4
1701,1701,1503696706555,-3,3,-2,-3,-2,0,-1,1
1702,1702,1503696706564,-31,-12,-2,-3,-1,0,0,-3
1703,1703,1503696706570,-9,25,-3,0,-2,-4,-2,1
1704,1704,1503696706577,2,-5,-4,-5,-4,-8,-1,2
1705,1705,1503696706594,-20,-30,-1,-2,2,-4,-1,1
1706,1706,1503696706599,36,2,-2,-2,-1,3,3,14
1707,1707,1503696706615,6,4,4,0,-3,1,4,16
1708,1708,1503696706622,-18,-13,-1,1,1,0,-4,-10
1709,1709,1503696706632,-26,-21,-2,-2,-1,2,3,-3
1710,1710,1503696706637,-1,0,-4,-4,0,-5,-8,-7
1711,1711,1503696706652,11,31,-2,-1,1,4,-2,-3
1712,1712,1503696706660,17,11,1,1,0,-3,-4,2
1713,1713,1503696706675,16,-19,-3,-4,0,2,-5,-13
1714,1714,1503696706682,-17,-4,2,1,1,-2,0,-6
1715,1715,1503696706690,3,-1,3,-2,2,8,3,1
1716,1716,1503696706704,6,-2,-3,-1,-1,3,3,2
1717,1717,1503696706712,22,0,-4,-2,-3,9,-6,-4
1718,1718,1503696706719,-28,-8,2,0,-5,-1,3,3
1719,1719,1503696706736,2,10,-2,2,0,-10,-6,-6
1720,1720,1503696706742,15,11,0,-1,3,9,-5,13
1721,1721,1503696706751,-62,-26,-6,-8,-3,-15,-5,-4
1722,1722,1503696706765,7,-1,-3,0,3,-7,-3,-9
1723,1723,1503696706772,19,-6,3,1,-8,-5,-6,-3
1724,1724,1503696706779,2,3,-1,-2,-3,12,11,-12
1725,1725,1503696706795,9,-1,-2,3,3,-9,2,3
1726,1726,1503696706802,-9,-6,-4,-1,-2,-8,4,-4
1727,1727,1503696706810,-68,-1,6,2,-4,3,-1,-12
1728,1728,1503696706824,-12,-3,-6,-2,-1,-9,1,1
1729,1729,1503696706832,13,-9,-7,0,0,8,7,19
1730,1730,1503696706839,-21,-11,0,1,-1,5,-6,-13
1731,1731,1503696706855,28,9,-1,2,3,9,2,-1
1732,1732,1503696706863,24,5,0,2,1,6,6,38
1733,1733,1503696706870,10,-7,-5,-2,-4,-9,8,7
1734,1734,1503696706871,-51,-6,-8,-4,0,-3,-8,-29
1735,1735,1503696706884,-1,9,5,-1,-3,-26,-16,-18
1736,1736,1503696706895,22,2,4,-3,-9,-10,2,3
1737,1737,1503696706900,-25,-13,-5,-6,2,1,1,-9
1738,1738,1503696706915,23,2,-1,0,-1,1,-5,15
1739,1739,1503696706922,34,0,-7,-4,0,5,8,18
1740,1740,1503696706933,27,-13,-13,-4,1,-8,4,15
1741,1741,1503696706944,7,28,36,4,0,9,3,-7
1742,1742,1503696706952,-32,9,4,4,2,-4,-8,-8
1743,1743,1503696706962,20,0,-7,-1,-2,-4,-13,-16
1744,1744,1503696706975,-2,-4,0,-1,-7,0,3,3
1745,1745,1503696706982,-14,0,0,2,-1,-10,-4,-9
1746,1746,1503696706990,1,-6,-5,0,4,8,0,-21
1747,1747,1503696707004,3,-3,-7,-2,-3,-2,-6,-2
1748,1748,1503696707012,15,3,6,3,5,2,9,-6
1749,1749,1503696707019,-32,-13,-8,-4,-1,6,-2,7
1750,1750,1503696707041,-84,-23,-13,-7,-3,0,-3,2
1751,1751,1503696707043,16,-9,1,3,1,-12,0,-6
1752,1752,1503696707050,11,16,33,6,-6,-7,-6,-27
1753,1753,1503696707064,22,2,-8,-8,0,1,2,13
1754,1754,1503696707065,-17,-4,-2,-2,4,8,-18,13
1755,1755,1503696707072,-76,-18,-8,-6,-3,-2,-7,-13
1756,1756,1503696707079,8,1,-1,-1,-5,1,0,-10
1757,1757,1503696707097,65,15,-10,-5,-3,-11,-2,6
1758,1758,1503696707102,-3,18,12,-1,-4,3,2,0
1759,1759,1503696707110,58,6,-7,-1,-3,-1,0,18
1760,1760,1503696707124,-17,-14,-6,-3,-2,-9,-1,-23
1761,1761,1503696707132,-9,-4,6,-4,-3,-9,-9,-14
1762,1762,1503696707139,38,10,2,1,-5,0,8,10
1763,1763,1503696707155,58,25,-8,0,4,5,5,11
1764,1764,1503696707164,-24,1,5,0,-2,-5,-6,-14
1765,1765,1503696707170,21,-6,8,1,2,5,-1,16
1766,1766,1503696707184,-14,-1,-3,-3,-1,3,7,2
1767,1767,1503696707192,-43,-33,-22,1,4,-2,-5,-18
1768,1768,1503696707200,-5,-4,11,-1,-2,4,9,20
1769,1769,1503696707215,-2,4,-1,-1,-3,0,4,7
1770,1770,1503696707222,-18,-11,-13,1,-5,-3,-8,-21
1771,1771,1503696707231,-47,-13,-1,-3,-3,-6,-11,-25
1772,1772,1503696707244,44,13,0,4,2,-1,-11,8
1773,1773,1503696707252,29,2,-7,-3,-1,2,2,11
1774,1774,1503696707259,32,13,11,2,0,4,10,13
1775,1775,1503696707275,29,-25,-3,-1,0,-1,0,7
1776,1776,1503696707282,-27,1,-2,-2,1,-1,-1,6
1777,1777,1503696707290,-54,-5,11,1,-6,4,11,4
1778,1778,1503696707304,-5,-9,-5,0,5,-4,-2,5
1779,1779,1503696707312,3,3,-3,1,-2,-1,7,1
1780,1780,1503696707319,16,6,0,-4,-3,0,6,9
1781,1781,1503696707335,20,11,7,-2,-3,-2,-6,2
1782,1782,1503696707342,41,12,8,1,3,2,1,0
1783,1783,1503696707357,45,12,4,-2,-1,2,-2,6
1784,1784,1503696707368,-30,-6,2,2,2,1,-2,6
1785,1785,1503696707373,9,11,8,2,2,3,1,6
1786,1786,1503696707379,-35,-2,-16,-2,-1,1,1,1
1787,1787,1503696707395,-52,-9,-3,1,3,-9,4,2
1788,1788,1503696707402,0,-11,-4,-3,-3,0,3,-7
1789,1789,1503696707410,-9,7,13,5,4,1,-4,-10
1790,1790,1503696707424,-15,-8,-12,-2,-4,-2,-2,-9
1791,1791,1503696707436,0,-2,-10,-5,-5,1,-5,4
1792,1792,1503696707440,11,-6,-6,-1,2,1,1,3
1793,1793,1503696707455,4,5,4,2,-3,0,1,4
1794,1794,1503696707462,6,-3,-8,-2,0,0,-3,0
1795,1795,1503696707470,20,6,5,-4,0,3,5,9
1796,1796,1503696707484,12,-9,-6,0,4,-6,-5,-3
1797,1797,1503696707492,3,-6,-3,-2,-11,-6,0,9
1798,1798,1503696707499,35,8,-2,2,6,5,-2,-2
1799,1799,1503696707500,-13,10,2,-1,-5,1,2,-3
1800,1800,1503696707515,19,8,2,1,5,1,0,-2
1801,1801,1503696707522,-22,0,0,1,1,-1,-3,-12
1802,1802,1503696707534,11,3,1,3,-1,-3,0,-5
1803,1803,1503696707544,41,6,8,2,1,2,1,6
1804,1804,1503696707566,-22,-5,-6,-2,3,3,2,-2
1805,1805,1503696707567,-17,-9,1,-1,1,2,3,-2
1806,1806,1503696707575,22,-4,-5,-1,3,2,3,-3
1807,1807,1503696707581,-53,-10,6,-2,-4,-4,-4,-16
1808,1808,1503696707600,-37,0,7,1,2,0,-5,-8
1809,1809,1503696707604,0,-1,0,-1,-5,-2,-2,3
1810,1810,1503696707620,-3,-2,-7,-4,1,1,-2,-2
1811,1811,1503696707627,-8,-3,-3,-3,-1,6,-3,-4
2381,2381,1503696713109,-3,-7,-3,-5,-2,0,4,2
2382,2382,1503696713117,-10,-6,-6,-16,-8,1,-9,-8
2383,2383,1503696713124,5,-1,-4,-2,-3,-4,-2,-4
2384,2384,1503696713142,-9,-6,-2,-5,-3,-4,-1,0
2385,2385,1503696713147,-10,-2,1,-3,-1,1,-2,2
2386,2386,1503696713154,4,0,0,1,1,2,5,4
2387,2387,1503696713169,-2,-3,1,1,0,-2,-7,-4
2388,2388,1503696713177,7,4,2,3,-1,-1,-1,-3
2389,2389,1503696713192,8,4,-1,11,5,9,-3,2
2390,2390,1503696713200,0,3,3,2,-1,-13,0,0
2391,2391,1503696713207,-44,-8,0,-4,-3,-3,-4,-7
2392,2392,1503696713222,31,0,0,0,-2,2,-1,0
2393,2393,1503696713229,0,0,-2,2,2,0,-2,-4
2394,2394,1503696713241,-11,2,-3,1,3,2,-1,0
2395,2395,1503696713252,38,4,2,1,5,11,0,4
2396,2396,1503696713260,-3,3,-2,-5,-5,-8,-6,-4
2397,2397,1503696713267,22,4,2,0,-4,-9,0,1
2398,2398,1503696713282,-1,-1,-1,2,1,3,2,0
2399,2399,1503696713289,-9,-2,3,5,6,-5,0,2
2400,2400,1503696713306,-35,-16,-4,1,1,3,0,-5
2401,2401,1503696713311,1,-4,-4,-9,-10,-19,-4,0
2402,2402,1503696713319,-37,1,3,1,1,2,3,-5
2403,2403,1503696713326,-9,-2,-3,-8,-4,4,3,3
2404,2404,1503696713343,5,-4,-5,-9,-6,-9,-5,-3
2405,2405,1503696713349,-2,2,-1,4,0,1,5,-3
2406,2406,1503696713357,25,3,-1,5,2,5,0,5
2407,2407,1503696713374,-11,-6,-2,-5,-4,-3,-1,-1
2408,2408,1503696713379,5,2,-1,-3,-2,3,2,-3
2409,2409,1503696713386,-11,-2,-1,-7,-3,-8,0,-1
2410,2410,1503696713401,5,-2,-1,-3,0,-1,0,1
2411,2411,1503696713410,3,2,2,-2,-1,5,-6,-3
2412,2412,1503696713417,32,10,9,3,0,1,-3,3
2413,2413,1503696713431,-4,-5,0,-1,1,14,7,-1
2414,2414,1503696713442,-6,3,-4,3,2,9,-1,0
2415,2415,1503696713446,48,9,1,5,3,-6,-6,-5
2416,2416,1503696713461,13,2,-2,-6,-3,-7,-2,7
2417,2417,1503696713469,11,-1,-2,2,0,0,8,1
2418,2418,1503696713477,1,-4,-2,-4,-4,-6,-4,-6
2419,2419,1503696713491,-23,-2,-3,-1,-3,-3,-3,3
2420,2420,1503696713499,-14,-5,-5,0,-2,-11,-4,0
2421,2421,1503696713507,-19,-5,-1,0,0,-5,-6,-9
2422,2422,1503696713521,-3,-4,0,3,-2,-2,-2,3
2423,2423,1503696713529,26,1,2,0,-3,0,0,5
2424,2424,1503696713546,4,-7,3,-3,-6,-13,2,1
2425,2425,1503696713551,-35,-6,0,-1,-2,-2,-6,-13
2426,2426,1503696713560,39,9,1,0,2,-10,-20,2
2427,2427,1503696713566,12,3,-2,0,2,33,0,3
2428,2428,1503696713582,-41,-11,-3,-1,3,13,6,-3
2429,2429,1503696713589,1,-3,-4,-3,0,-8,-6,-3
2430,2430,1503696713597,7,5,7,0,-1,1,3,3
2431,2431,1503696713614,-22,-3,0,-3,0,-4,5,-3
2432,2432,1503696713620,5,-4,-5,0,1,6,1,4
2433,2433,1503696713626,-47,-8,-4,-4,-1,-3,-1,1
2434,2434,1503696713642,-24,2,-2,3,3,18,4,-4
2435,2435,1503696713650,26,3,-1,-2,-1,-4,-4,5
2436,2436,1503696713657,-15,-5,-6,-4,-1,3,-1,-10
2437,2437,1503696713671,-10,-1,-1,-2,-4,-6,4,2
2438,2438,1503696713680,-36,-5,-3,-4,-4,-9,-12,-13
2439,2439,1503696713686,29,6,1,3,4,-1,0,0
2440,2440,1503696713701,-13,6,3,3,2,1,5,2
2441,2441,1503696713712,6,-1,-4,-2,-4,-14,-5,2
2442,2442,1503696713724,1,2,3,4,-1,-11,2,-1
2443,2443,1503696713731,6,-1,2,3,-6,-6,0,-1
2444,2444,1503696713739,16,4,-3,-4,18,5,5,5
2445,2445,1503696713746,-11,-4,-5,-2,-2,5,-1,-3
2446,2446,1503696713761,-3,-9,-3,-4,-6,-2,-3,-3
2447,2447,1503696713769,-5,-3,5,1,-2,-4,-2,0
2448,2448,1503696713778,-18,0,4,-2,-5,14,3,-3
2449,2449,1503696713791,-21,-9,-7,-4,-2,-4,-6,-6
2450,2450,1503696713792,-13,1,-2,-1,-1,-1,1,-3
2451,2451,1503696713799,-15,0,1,-1,-4,-8,3,-2
2452,2452,1503696713806,-4,6,1,2,2,-2,-1,0
2453,2453,1503696713821,49,-1,-2,-2,-7,-4,-12,2
2454,2454,1503696713829,21,0,-7,-3,3,6,2,10
2455,2455,1503696713837,16,-1,-6,-2,-5,-10,0,4
2456,2456,1503696713852,-2,-8,-4,-4,2,-2,-5,-5
2457,2457,1503696713860,4,-3,-3,-1,-4,-12,-2,4
2458,2458,1503696713866,13,-4,-2,-1,0,-4,1,-1
2459,2459,1503696713882,20,2,1,-1,2,3,2,3
2460,2460,1503696713889,16,11,0,1,-1,-1,0,5
2461,2461,1503696713897,-2,-2,-1,2,4,4,-2,-4
2462,2462,1503696713912,-34,-11,-6,-3,-4,2,-6,-11
2463,2463,1503696713920,-2,3,-1,-1,2,6,9,5
2464,2464,1503696713926,-29,-4,2,-2,-3,-3,-5,-9
2465,2465,1503696713944,-32,-11,-15,-4,-3,9,-9,-3
2466,2466,1503696713949,2,7,11,2,1,3,6,4
2467,2467,1503696713957,-3,-1,0,-2,-2,-1,0,-8
2468,2468,1503696713971,27,1,-1,0,0,-1,1,10
2469,2469,1503696713980,19,0,-1,-1,0,2,4,1
2470,2470,1503696713987,-23,-5,-1,1,-1,-2,-7,-10
2471,2471,1503696714002,-14,-10,-3,0,0,-2,-3,-8
2472,2472,1503696714011,-3,0,6,-2,-1,0,2,0
2473,2473,1503696714024,1,-4,5,2,1,1,7,3
2474,2474,1503696714031,32,5,-1,1,-1,4,5,4
2475,2475,1503696714040,-28,-4,1,0,0,9,-5,-13
2476,2476,1503696714047,-13,-4,-1,-1,-5,-2,0,0
2477,2477,1503696714061,3,8,1,-2,-1,-4,0,8
2478,2478,1503696714069,-22,-14,-10,-2,2,1,3,6
2479,2479,1503696714078,-20,-11,-9,-1,1,-5,-6,-14
2480,2480,1503696714099,-1,7,6,-4,-3,-3,-1,-2
2481,2481,1503696714101,20,6,1,-2,0,-3,2,7
2482,2482,1503696714106,12,-4,-5,0,-1,-9,-8,-6
2483,2483,1503696714121,21,4,1,0,-2,-6,-1,1
2484,2484,1503696714129,22,20,9,3,7,9,3,3
2485,2485,1503696714146,-10,-6,-7,-3,-2,-5,2,2
2486,2486,1503696714151,16,-4,-3,3,0,2,4,0
2487,2487,1503696714159,-9,-4,2,-1,-1,-1,-4,-4
2488,2488,1503696714173,30,-2,-5,-1,0,3,3,5
2489,2489,1503696714181,2,-5,-3,0,-3,-1,-5,-3
2490,2490,1503696714189,-29,-4,3,-1,-1,-2,-1,-5
2491,2491,1503696714204,14,5,0,0,1,-1,-2,-8
2492,2492,1503696714213,1,0,-5,1,-4,-4,-2,-1
2493,2493,1503696714220,-45,-7,3,1,1,5,2,2
2494,2494,1503696714233,-11,-3,-9,-4,-2,-1,-5,-3
2495,2495,1503696714241,15,4,3,0,0,1,-2,3
2496,2496,1503696714249,-57,-13,-4,-2,-2,0,-7,-10
2497,2497,1503696714264,-4,5,2,0,-2,-2,-1,-2
2498,2498,1503696714271,16,6,-6,-4,1,0,-3,-2
3251,3251,1503696721703,-1,-3,1,1,-2,0,-2,0
3252,3252,1503696721711,38,2,-2,-1,-3,-1,-3,-1
3253,3253,1503696721719,63,0,-2,4,1,0,1,2
3254,3254,1503696721733,-24,-2,0,-3,-1,3,-2,-3
3255,3255,1503696721740,-20,1,0,-2,-1,-1,-3,0
3256,3256,1503696721750,-23,-4,-4,0,-1,-2,-2,4
3257,3257,1503696721763,-21,-4,-2,-3,-1,-3,-3,-3
3258,3258,1503696721771,-1,-4,-1,0,-1,-1,-2,-4
3259,3259,1503696721778,11,-3,-3,-2,-4,-1,-1,-2
3260,3260,1503696721794,-7,-7,-2,0,2,-1,0,0
3261,3261,1503696721800,-5,-5,-5,-2,-1,-2,2,-1
3262,3262,1503696721808,-21,-4,-5,-2,-2,-1,-5,-5
3263,3263,1503696721823,1,1,3,-2,-1,1,-2,-2
3264,3264,1503696721831,-5,-3,6,-1,0,-1,1,0
3265,3265,1503696721839,-13,5,0,-3,-2,-1,0,-3
3266,3266,1503696721854,5,2,5,6,2,0,1,0
3267,3267,1503696721860,21,6,0,2,0,1,0,2
3268,3268,1503696721868,-18,-5,-4,-3,-2,-2,3,-3
3269,3269,1503696721883,3,3,0,0,0,0,-2,-4
3270,3270,1503696721892,22,-2,-3,0,-1,1,-1,-2
3271,3271,1503696721898,3,-1,-2,-4,-2,-1,0,1
3272,3272,1503696721914,16,6,2,-2,1,2,2,1
3273,3273,1503696721920,17,-6,-2,0,-1,-2,-1,0
3274,3274,1503696721929,-18,-10,-3,-1,-6,-1,-1,1
3275,3275,1503696721943,-19,3,5,1,1,0,0,0
3276,3276,1503696721952,13,3,-2,-2,-2,0,-2,-1
3277,3277,1503696721959,-1,0,-2,-2,-3,-2,-2,-5
3278,3278,1503696721974,-18,-2,-5,-1,0,-2,-1,-3
3279,3279,1503696721981,-42,-1,4,-4,0,0,-3,-2
3280,3280,1503696721989,8,2,5,5,-1,1,0,-1
3281,3281,1503696722003,40,-7,-7,-3,0,0,2,-1
3282,3282,1503696722011,-5,-1,-1,-4,-2,-3,-5,-3
3283,3283,1503696722019,-2,2,8,-1,-1,0,-2,2
3284,3284,1503696722033,10,-3,-2,0,-1,-1,0,0
3285,3285,1503696722040,-44,-7,-4,0,-1,0,-1,-3
3286,3286,1503696722051,-2,-3,-3,-1,2,1,1,1
3287,3287,1503696722063,12,-5,-1,-1,0,0,0,1
3288,3288,1503696722071,-16,1,-6,-2,0,1,1,3
3289,3289,1503696722078,-24,-2,-8,3,-1,-3,-4,-3
3290,3290,1503696722093,-29,4,0,1,3,1,-1,-3
3291,3291,1503696722100,10,2,3,-1,-2,-3,-5,-1
3292,3292,1503696722108,3,1,-2,-1,-1,-1,-1,1
3293,3293,1503696722109,12,-3,-2,-1,-2,0,-1,0
3294,3294,1503696722123,-14,-7,-9,-1,-1,-1,-2,-4
3295,3295,1503696722131,-3,-2,-2,-1,0,1,1,-4
3296,3296,1503696722139,55,8,-1,0,0,1,1,6
3297,3297,1503696722154,-10,-19,-7,-1,1,-1,1,2
3298,3298,1503696722160,-24,-5,-6,-2,-2,0,0,-3
3299,3299,1503696722168,-17,2,2,-3,0,-1,-2,-1
3300,3300,1503696722169,-8,1,4,0,-5,-3,-4,-1
3301,3301,1503696722185,-52,-6,-4,-3,-1,0,0,-5
3302,3302,1503696722191,-13,-6,0,-4,-4,-1,0,1
3303,3303,1503696722199,27,9,-4,-2,-1,-1,3,2
3304,3304,1503696722214,14,1,-2,0,-1,0,-3,-3
3305,3305,1503696722221,3,1,1,1,1,0,0,3
3306,3306,1503696722228,3,3,2,2,-2,-3,-4,-3
3307,3307,1503696722243,-2,-5,0,0,3,1,1,0
3308,3308,1503696722257,-11,-1,-2,3,1,-2,-1,-4
3309,3309,1503696722259,-14,-5,-3,-4,-1,5,-1,-5
3310,3310,1503696722273,16,6,3,-4,-2,2,2,4
3311,3311,1503696722281,43,5,0,-1,-3,-2,0,2
3312,3312,1503696722289,7,1,-1,1,-1,1,-2,3
3313,3313,1503696722304,2,3,0,-5,-5,-6,-3,-2
3314,3314,1503696722311,-34,-13,-2,0,1,-2,-1,-3
3315,3315,1503696722327,-5,2,6,2,0,1,1,0
3316,3316,1503696722333,29,6,-3,2,0,-9,0,4
3317,3317,1503696722342,-15,0,-1,-2,-1,-1,-2,-3
3318,3318,1503696722348,28,13,2,-3,-3,4,-1,-1
3319,3319,1503696722364,-4,-8,-1,4,1,-4,-3,1
3320,3320,1503696722371,38,9,3,2,-1,-5,0,0
3321,3321,1503696722388,13,1,-2,-2,-1,-6,0,-2
3322,3322,1503696722394,-22,-9,-3,-1,4,1,-6,0
3323,3323,1503696722402,26,10,-1,2,1,2,-2,1
3324,3324,1503696722409,14,7,8,0,-2,-3,1,3
3325,3325,1503696722424,3,0,-2,-3,-3,0,5,4
3326,3326,1503696722431,-4,1,-2,-6,-2,3,-3,-5
3327,3327,1503696722446,32,5,0,10,6,5,4,5
3328,3328,1503696722447,-17,-5,-3,-2,-4,-2,-2,-6
3329,3329,1503696722454,-8,-1,-3,-4,1,3,1,-2
3330,3330,1503696722462,-47,-8,-4,2,2,-3,1,-3
3331,3331,1503696722468,-25,-12,0,-9,-10,-11,-3,-2
3332,3332,1503696722487,2,-3,3,-1,3,-1,-6,-1
3333,3333,1503696722491,47,7,-2,1,1,2,0,3
3334,3334,1503696722507,7,-4,-1,1,-2,2,7,3
3335,3335,1503696722513,4,2,0,2,0,-1,-1,-7
3336,3336,1503696722525,1,3,3,6,2,2,-2,2
3337,3337,1503696722536,-2,-6,-6,0,0,-2,1,-2
3338,3338,1503696722544,13,10,1,-3,-2,-1,-2,-4
3339,3339,1503696722555,45,-1,-5,3,4,13,-1,13
3340,3340,1503696722566,5,-4,-1,-1,-6,3,1,-1
3341,3341,1503696722573,-23,2,2,-1,0,-6,0,-7
3342,3342,1503696722582,-12,-6,-3,-7,11,-5,0,6
3343,3343,1503696722596,-30,-7,-3,-6,-9,6,3,5
3344,3344,1503696722604,-2,1,-1,-1,-7,-5,-3,-7
3345,3345,1503696722611,44,19,2,1,1,1,-1,-3
3346,3346,1503696722626,-54,-8,-2,-4,-2,2,-8,-6
3347,3347,1503696722633,-13,-5,-5,0,-5,-4,7,2
3348,3348,1503696722641,23,0,2,0,3,2,2,-1
3349,3349,1503696722656,-21,-2,0,-1,0,-1,-6,-9
3350,3350,1503696722664,11,0,3,4,0,-2,-1,-9
3351,3351,1503696722671,10,1,-4,-9,-6,-23,-7,1
3352,3352,1503696722690,-11,0,4,4,1,-2,-11,-2
3353,3353,1503696722694,-1,-2,1,0,4,6,8,3
3354,3354,1503696722702,4,2,-2,-3,0,3,4,4
3355,3355,1503696722716,-36,-9,-1,1,-1,-4,-5,-7
3356,3356,1503696722726,-30,-7,-4,-2,-4,2,-3,-1
3357,3357,1503696722731,-11,3,5,5,1,2,0,-2
3358,3358,1503696722747,27,3,-7,0,0,-1,1,10
3359,3359,1503696722756,9,-2,-2,-1,-1,-4,1,8
3360,3360,1503696722769,-13,2,-1,0,-4,-5,-3,-5
3361,3361,1503696722776,-33,1,4,1,1,6,-4,-14
3362,3362,1503696722784,-12,-7,-4,-1,-2,-2,-1,-7
3363,3363,1503696722791,26,4,0,-2,-1,-4,-6,-3
3364,3364,1503696722807,17,1,-4,-3,0,3,8,4
3921,3921,1503696728229,-8,6,5,-1,4,-2,-2,-2
3922,3922,1503696728236,-6,0,-1,-2,-1,-3,-1,-2
3923,3923,1503696728251,1,-2,-4,-4,-3,-3,0,-3
3924,3924,1503696728258,3,4,8,2,0,-1,3,5
3925,3925,1503696728266,9,4,0,4,3,0,-4,-4
3926,3926,1503696728282,6,5,4,9,1,-1,-2,-1
3927,3927,1503696728289,9,8,2,-4,-1,0,3,1
3928,3928,1503696728296,1,-3,-5,-2,0,-3,-2,-1
3929,3929,1503696728311,7,3,-1,-3,-5,-3,-3,1
3930,3930,1503696728318,-24,-1,-1,-4,0,0,1,0
3931,3931,1503696728319,1,-5,-1,0,-1,-1,-3,-4
3932,3932,1503696728326,-11,-7,1,-1,0,2,3,1
3933,3933,1503696728341,0,10,1,5,3,0,-1,1
3934,3934,1503696728349,-16,-10,-5,-1,-2,-1,-1,-2
3935,3935,1503696728356,-3,-5,-7,-4,-1,-1,-1,-2
3936,3936,1503696728371,4,2,0,-4,0,1,-2,-2
3937,3937,1503696728378,4,-3,0,5,2,1,2,1
3938,3938,1503696728393,-20,-11,-2,-1,-1,-1,-1,-4
3939,3939,1503696728401,-20,-4,0,-3,-1,2,-2,-3
3940,3940,1503696728409,5,8,10,-1,-1,-3,-2,2
3941,3941,1503696728416,-2,-3,-4,-3,-1,-2,-2,-2
3942,3942,1503696728431,-25,-12,-8,1,-3,-5,-3,-4
3943,3943,1503696728439,4,-4,-1,-2,0,-2,-4,-3
3944,3944,1503696728450,-6,1,0,0,-3,2,0,-1
3945,3945,1503696728451,7,1,-1,-3,0,-1,0,1
3946,3946,1503696728461,-10,2,-4,-8,-3,-3,-2,-1
3947,3947,1503696728469,-4,-8,-5,-2,-4,1,-4,-2
3948,3948,1503696728476,9,0,-2,-3,-4,-1,-4,0
3949,3949,1503696728491,-27,-4,0,4,2,3,6,4
3950,3950,1503696728498,-26,-19,-9,-3,-4,-3,-2,-4
3951,3951,1503696728506,14,-2,-6,5,3,2,-2,-2
3952,3952,1503696728521,7,2,4,11,3,1,4,1
3953,3953,1503696728529,15,4,-4,-3,2,1,3,5
3954,3954,1503696728536,21,-6,-3,-6,-3,1,4,4
3955,3955,1503696728551,5,7,1,0,-2,-2,-3,-1
3956,3956,1503696728559,-10,2,-3,-10,-7,-5,-5,-5
3957,3957,1503696728566,-8,-7,-2,-5,-5,-3,-5,-6
3958,3958,1503696728581,-6,-10,-3,-5,-3,-1,-3,-1
3959,3959,1503696728589,6,2,-4,-3,-3,-3,-1,-3
3960,3960,1503696728596,3,-1,-8,-1,0,0,0,0
3961,3961,1503696728611,-7,-6,-4,-4,-1,-2,-1,-3
3962,3962,1503696728612,-14,-4,6,5,0,-1,1,-1
3963,3963,1503696728620,-21,-2,4,1,2,0,-2,-3
3964,3964,1503696728627,2,-1,-3,-2,-3,-4,-2,-2
3965,3965,1503696728641,3,6,0,-3,-2,-3,0,1
3966,3966,1503696728651,-5,-4,-1,-6,-6,-3,-3,-3
3967,3967,1503696728657,2,13,2,-1,1,10,0,0
3968,3968,1503696728671,1,-1,-2,-5,4,3,4,5
3969,3969,1503696728680,8,5,4,-1,2,-4,-1,3
3970,3970,1503696728687,-38,-17,-7,9,6,2,0,-2
3971,3971,1503696728701,-7,-2,-2,-1,-5,-2,-1,3
3972,3972,1503696728709,16,4,-1,-1,-3,-2,-3,0
3973,3973,1503696728719,-1,3,1,-4,-1,8,5,7
3974,3974,1503696728731,8,11,6,-2,-4,-10,2,0
3975,3975,1503696728739,-7,7,1,-15,-11,1,0,-2
3976,3976,1503696728746,3,-5,-3,-1,-1,3,-5,-7
3977,3977,1503696728761,4,-5,1,2,-6,-3,-3,-1
3978,3978,1503696728769,-15,-5,-7,-6,-5,-5,-7,-8
3979,3979,1503696728776,2,0,2,3,3,-1,6,0
3980,3980,1503696728791,12,12,3,-3,-8,0,0,3
3981,3981,1503696728798,-8,-15,-4,5,7,-3,-6,-6
3982,3982,1503696728806,2,-3,2,-1,0,1,2,3
3983,3983,1503696728821,7,-1,2,4,3,-1,0,0
3984,3984,1503696728829,14,1,1,2,-3,5,1,2
3985,3985,1503696728836,8,5,2,6,9,2,0,-4
3986,3986,1503696728852,-9,0,0,0,0,-9,-6,-4
3987,3987,1503696728858,-3,-9,-4,10,10,1,0,-1
3988,3988,1503696728874,3,2,-3,-7,-2,-14,-3,1
3989,3989,1503696728881,-11,-14,-5,-2,0,0,-4,-3
3990,3990,1503696728890,-1,6,7,-7,-4,4,2,-1
3991,3991,1503696728896,-8,15,3,-5,-5,-6,-1,-1
3992,3992,1503696728912,-2,5,-2,2,1,0,-5,-8
3993,3993,1503696728919,1,-2,-2,2,1,0,-1,-2
3994,3994,1503696728927,7,-7,-1,2,5,6,10,11
3995,3995,1503696728941,6,1,-4,-9,2,-6,-7,-4
3996,3996,1503696728949,4,-1,0,4,6,13,3,0
3997,3997,1503696728957,8,8,0,-9,-16,-4,-2,1
3998,3998,1503696728971,-5,-2,1,0,-2,5,2,0
3999,3999,1503696728980,7,1,-2,-12,-14,-12,-1,2
4000,4000,1503696728988,-2,-6,-3,3,6,2,6,0
4001,4001,1503696729001,-5,-1,-3,1,1,2,6,-1
4002,4002,1503696729009,2,-1,2,1,-4,-4,-6,-1
4003,4003,1503696729016,-4,-4,3,13,8,-1,2,5
4004,4004,1503696729031,-6,-2,-1,-1,0,3,-6,-12
4005,4005,1503696729038,-10,-13,-6,-4,-7,5,0,-3
4006,4006,1503696729055,-4,9,5,3,9,-18,3,5
4007,4007,1503696729061,-12,-11,0,12,8,7,3,-1
4008,4008,1503696729069,-13,-2,-2,-2,-4,9,-1,-2
4009,4009,1503696729083,1,-11,0,12,16,10,-9,-8
4010,4010,1503696729091,-7,-4,-3,-2,-10,-8,-7,-9
4011,4011,1503696729098,11,7,0,-2,4,3,1,2
4012,4012,1503696729113,4,-5,4,2,-7,-8,-1,7
4013,4013,1503696729121,9,5,1,-7,-12,-6,-5,3
4014,4014,1503696729129,7,-2,-8,-8,-6,-2,0,10
4015,4015,1503696729143,-11,-8,-4,-6,3,-7,-6,-6
4016,4016,1503696729153,6,6,2,-1,-1,3,-3,0
4017,4017,1503696729158,-18,1,-5,-3,4,-2,-1,1
4018,4018,1503696729173,-1,-9,-6,-3,-5,-5,1,-9
4019,4019,1503696729181,18,-1,0,-5,-2,2,5,0
4020,4020,1503696729189,4,-1,1,-1,-9,-12,-14,-3
4021,4021,1503696729203,-14,-3,2,1,7,0,2,10
4022,4022,1503696729211,11,-6,-5,2,9,6,4,-1
4023,4023,1503696729220,8,2,-2,-4,-6,-7,-8,-12
4024,4024,1503696729233,-3,1,-3,-8,6,-1,8,12
4025,4025,1503696729241,5,-4,-2,0,0,-2,0,-6
4026,4026,1503696729249,2,-3,-4,-5,1,7,11,2
4027,4027,1503696729263,12,-2,-1,-1,-4,4,-1,2
4028,4028,1503696729271,-5,5,0,10,6,0,6,-4
4029,4029,1503696729278,1,4,3,1,-11,-5,-8,1
4030,4030,1503696729294,-23,7,0,1,6,3,10,9
4031,4031,1503696729301,-50,-1,-5,-8,3,0,-6,-27
4032,4032,1503696729309,4,4,1,-6,-11,-8,-14,-10
4033,4033,1503696729323,-20,-8,-3,-7,-10,-3,5,-2
4034,4034,1503696729324,5,4,6,7,6,7,3,3
4035,4035,1503696729331,6,2,2,-1,4,5,1,-3
4036,4036,1503696729338,30,6,1,-2,4,2,1,3
4037,4037,1503696729354,7,-3,-1,-1,-5,1,-9,-1
4038,4038,1503696729361,-10,-19,-7,-1,-13,-6,5,9
4039,4039,1503696729377,14,4,1,-8,4,-1,-3,-9
4040,4040,1503696729383,13,5,0,0,-2,0,2,3
4041,4041,1503696729392,-5,-1,0,-1,-3,-9,-12,-11
4042,4042,1503696729398,6,9,-1,-3,-11,-1,-5,2
4043,4043,1503696729413,-12,-5,1,3,17,6,1,4
4044,4044,1503696729414,-9,1,0,0,-9,-6,7,-7
4045,4045,1503696729421,11,8,2,-1,-8,0,11,14
4046,4046,1503696729430,13,3,-3,5,10,-5,-7,-2
4047,4047,1503696729443,-36,-2,4,3,-6,-3,-1,-10
4048,4048,1503696729444,-3,-10,-5,-6,7,3,1,-3
4049,4049,1503696729451,-16,-5,-4,-1,-6,1,3,6
4050,4050,1503696729458,-20,-3,4,-1,-3,-3,8,-11
4051,4051,1503696729473,-6,-2,-1,8,5,3,-3,3
4052,4052,1503696729481,8,5,-2,-1,2,-5,-11,-6
4053,4053,1503696729489,4,-1,-1,-4,-1,-7,-10,2
4054,4054,1503696729503,13,0,-2,-4,-10,4,1,7
4055,4055,1503696729511,-15,3,-2,-3,-5,1,-5,1
4056,4056,1503696729518,23,3,0,0,-5,-10,-10,1
4057,4057,1503696729533,-3,-11,1,1,2,-9,0,-3
4058,4058,1503696729541,-2,3,-2,-5,4,-10,-8,1
4059,4059,1503696729549,73,0,-1,-2,-3,2,6,17
4060,4060,1503696729564,-29,2,-1,-7,-13,-11,6,2
4061,4061,1503696729571,-13,2,-6,-3,4,4,-10,-6
4062,4062,1503696729578,4,-3,-1,1,21,8,0,-4
4063,4063,1503696729593,3,-5,-2,1,-3,11,7,0
4064,4064,1503696729601,-43,-3,1,1,-6,1,-2,-6
4065,4065,1503696729609,34,3,-2,-1,-2,-4,2,7
4066,4066,1503696729623,-8,-2,5,5,4,7,7,-5
4067,4067,1503696729631,-12,-1,-1,-2,-6,3,4,9
4068,4068,1503696729638,-11,-2,0,-3,-1,-4,-2,-1
4531,4531,1503696734184,6,-4,-6,-1,1,1,0,0
4532,4532,1503696734191,-8,4,5,0,1,-1,-6,-1
4533,4533,1503696734206,16,2,0,1,-1,-1,2,1
4534,4534,1503696734214,10,2,-2,-3,0,0,-1,-3
4535,4535,1503696734221,-8,2,1,-2,1,0,-1,3
4536,4536,1503696734236,-4,-3,-1,-2,-2,-2,-2,-3
4537,4537,1503696734247,3,-4,-2,-1,-2,-3,1,0
4538,4538,1503696734251,-8,-1,0,0,0,0,-1,-2
4539,4539,1503696734266,17,1,6,1,2,0,-3,-2
4540,4540,1503696734274,-2,-2,0,0,-1,0,4,4
4541,4541,1503696734281,-3,0,4,-4,1,0,-2,-1
4542,4542,1503696734295,10,3,6,1,1,0,0,2
4543,4543,1503696734304,14,1,-4,0,-1,-1,-3,0
4544,4544,1503696734314,-8,1,2,2,-2,0,1,0
4545,4545,1503696734326,29,8,-1,-3,-3,-3,-1,-1
4546,4546,1503696734334,-2,-4,-5,-3,0,-2,-2,-2
4547,4547,1503696734340,9,0,-1,-1,0,0,0,3
4548,4548,1503696734356,6,3,4,1,1,-1,-1,2
4549,4549,1503696734363,-10,-6,-2,3,0,-1,1,-2
4550,4550,1503696734371,-23,-6,-5,-1,-3,-1,-1,-1
4551,4551,1503696734386,1,0,1,1,-1,0,0,0
4552,4552,1503696734393,-12,-3,1,1,1,0,-2,-2
4553,4553,1503696734394,0,0,-2,-1,-4,-1,-1,-4
4554,4554,1503696734400,-9,-1,1,0,-2,-1,-4,-2
4555,4555,1503696734416,13,0,-1,1,0,0,-1,-3
4556,4556,1503696734423,-57,-12,-4,-3,-2,0,1,-6
4557,4557,1503696734431,29,0,0,-1,0,-1,-1,0
4558,4558,1503696734446,-6,-4,-4,0,-2,1,-1,-2
4559,4559,1503696734454,-7,1,-1,-2,-1,-2,2,3
4560,4560,1503696734460,0,-3,4,-1,-1,-2,-2,-3
4561,4561,1503696734476,-37,-7,0,-1,0,-2,-3,-6
4562,4562,1503696734483,8,-3,-2,1,-2,-1,1,1
4563,4563,1503696734499,9,1,-2,-1,-2,-1,-2,0
4564,4564,1503696734505,-2,6,-6,-3,0,0,0,0
4565,4565,1503696734514,6,1,-1,-1,2,1,2,0
4566,4566,1503696734521,14,1,-5,-2,-2,-1,-2,1
4567,4567,1503696734536,-25,-9,4,-2,-2,1,-1,-2
4568,4568,1503696734543,5,-4,-6,-2,1,-2,-4,-3
4569,4569,1503696734551,10,4,-4,-4,-2,-1,1,1
4570,4570,1503696734565,-17,-2,1,0,-2,0,-1,0
4571,4571,1503696734573,16,-1,-8,0,-1,0,-3,-2
4572,4572,1503696734581,18,7,4,1,1,0,2,4
4573,4573,1503696734596,-2,3,0,-1,1,-1,-2,1
4574,4574,1503696734603,19,-3,-4,-4,-4,0,-1,-1
4575,4575,1503696734614,1,3,9,0,-1,-4,-1,-1
4576,4576,1503696734626,-13,-2,5,-1,0,-2,1,2
4577,4577,1503696734633,-13,-6,0,3,1,-1,2,2
4578,4578,1503696734648,-1,-3,-7,-3,-1,-2,-2,6
4579,4579,1503696734656,-16,-2,-3,0,-2,-2,-4,-13
4580,4580,1503696734663,10,1,-4,-1,-1,-2,2,3
4581,4581,1503696734681,-11,2,0,1,-1,-1,-1,-1
4582,4582,1503696734686,-9,5,9,2,0,0,-4,-8
4583,4583,1503696734693,-3,-3,-6,-6,1,0,-3,-2
4584,4584,1503696734708,-15,1,-5,-1,-1,-2,0,-4
4585,4585,1503696734723,5,-8,-4,-3,-3,-1,-1,3
4586,4586,1503696734724,-14,-5,6,3,-3,-2,-2,-3
4587,4587,1503696734738,-3,4,-6,0,-1,-2,-3,-1
4588,4588,1503696734748,9,1,1,-2,0,1,4,-1
4589,4589,1503696734754,2,-2,8,2,0,-1,1,3
4590,4590,1503696734768,15,2,4,0,-2,0,-3,1
4591,4591,1503696734776,-15,-5,0,4,2,3,2,2
4592,4592,1503696734783,-8,0,-2,0,3,-3,-3,-2
4593,4593,1503696734798,-16,-4,-10,-5,-2,-2,-2,-7
4594,4594,1503696734805,5,7,-3,0,2,0,1,4
4595,4595,1503696734815,16,2,1,0,-1,-2,3,-1
4596,4596,1503696734828,9,-4,-6,-7,-4,-3,-4,-5
4597,4597,1503696734836,-22,-2,1,0,-4,-4,-3,-2
4598,4598,1503696734843,17,3,14,10,4,2,3,4
4599,4599,1503696734858,-36,-2,-2,1,1,-1,-1,-16
4600,4600,1503696734865,-19,2,-11,-3,0,1,-1,-4
4601,4601,1503696734873,34,5,-3,-4,0,0,2,6
4602,4602,1503696734888,-2,-10,-6,-3,-2,0,-2,-8
4603,4603,1503696734896,36,13,18,2,0,0,1,10
4604,4604,1503696734903,10,-7,-4,-4,-3,-3,5,9
4605,4605,1503696734919,21,3,-4,-2,-1,0,-2,-2
4606,4606,1503696734926,-9,4,1,-4,-1,-1,-4,-6
4607,4607,1503696734933,-4,-1,-4,-6,-3,-1,-5,-3
4608,4608,1503696734949,-38,-6,-10,-1,-1,0,1,-1
4609,4609,1503696734957,6,-2,1,2,0,0,-1,3
4610,4610,1503696734963,17,-6,-9,-2,-2,-2,-1,2
4611,4611,1503696734986,-2,-2,-8,-2,-1,1,-4,-12
4612,4612,1503696734987,24,5,10,1,-1,2,1,-3
4613,4613,1503696734993,-11,-10,-5,-2,-4,-3,-1,-3
4614,4614,1503696735008,23,15,20,2,-1,0,0,6
4615,4615,1503696735017,5,0,3,0,-2,-2,-1,1
4616,4616,1503696735023,-32,-17,-12,-3,-2,-6,-2,-5
4617,4617,1503696735038,10,3,5,0,2,3,5,7
4618,4618,1503696735046,18,13,6,3,-2,-1,-3,0
4619,4619,1503696735053,-18,-7,-5,-5,-2,-1,-1,-6
4620,4620,1503696735054,-11,-9,-11,-8,-2,-2,-1,9
4621,4621,1503696735068,-19,-18,-5,-1,1,2,-3,-5
4622,4622,1503696735076,-6,5,9,2,0,-1,-2,2
4623,4623,1503696735083,7,-1,-3,0,-1,-1,-6,-3
4624,4624,1503696735098,29,2,-3,2,2,-1,0,1
4625,4625,1503696735105,-11,-9,-3,-3,0,-2,-2,-7
4626,4626,1503696735113,12,5,-3,-1,0,-1,0,-2
4627,4627,1503696735128,-9,4,-4,-3,-5,-10,-9,2
4628,4628,1503696735136,-6,-3,-3,1,4,5,4,4
4629,4629,1503696735143,-8,2,0,1,0,0,1,3
4630,4630,1503696735159,10,9,0,1,2,1,2,-1
4631,4631,1503696735165,22,0,1,-2,-3,-3,2,14
4632,4632,1503696735173,11,-4,-2,-1,-3,2,-2,1
4633,4633,1503696735188,12,7,-1,-1,0,2,0,-10
4634,4634,1503696735196,3,-3,0,-4,-4,-4,-3,-4
4635,4635,1503696735203,0,-6,-2,-5,-2,-4,-6,-6
4636,4636,1503696735220,-15,-2,2,-2,-3,-2,-6,-5
4637,4637,1503696735225,18,6,0,2,0,-1,1,1
4638,4638,1503696735226,-9,-5,-3,0,1,0,0,3
4639,4639,1503696735241,-13,-1,-3,-1,-2,1,-1,-7
4640,4640,1503696735250,-4,5,2,1,-2,2,2,-2
4641,4641,1503696735256,-6,-1,-2,2,1,-2,1,0
4642,4642,1503696735263,-20,-4,-1,0,2,-1,-3,-8
4643,4643,1503696735279,19,4,1,2,-6,-5,0,3
4644,4644,1503696735286,-6,1,-1,-1,2,4,1,0
4645,4645,1503696735293,-26,-5,1,1,2,5,-2,-2
4646,4646,1503696735308,23,7,0,2,-1,-2,4,-1
4647,4647,1503696735319,1,4,-2,-3,-4,-2,-4,-3
4648,4648,1503696735323,-16,-1,-1,-2,1,1,6,3
4649,4649,1503696735338,-13,-3,4,-2,-1,-3,-3,-8
4650,4650,1503696735346,-25,-10,-2,2,0,7,0,-2
4651,4651,1503696735354,-7,-9,-4,-2,0,5,1,-4
5144,5144,1503696740310,-14,0,14,2,0,1,1,-2
5145,5145,1503696740318,6,0,1,2,-1,-2,-1,-2
5146,5146,1503696740332,-10,-2,-8,-1,-1,-3,-4,-3
5147,5147,1503696740342,7,2,-3,-3,-2,-2,1,3
5148,5148,1503696740348,13,3,-1,-7,-3,-2,-1,1
5149,5149,1503696740363,10,1,-2,0,0,0,-1,0
5150,5150,1503696740370,-5,-3,-1,0,-1,0,0,-2
5151,5151,1503696740380,-2,-3,-3,-6,-4,-1,-1,-1
5152,5152,1503696740393,-2,2,7,-3,0,0,-1,-1
5153,5153,1503696740401,2,2,3,1,-2,0,1,0
5154,5154,1503696740410,-72,-12,-8,-1,-4,-4,-4,-9
5155,5155,1503696740423,-20,-7,-1,14,4,2,0,-1
5156,5156,1503696740430,6,0,-2,16,10,1,2,1
5157,5157,1503696740440,-16,-3,-3,-7,-5,-3,-3,-4
5158,5158,1503696740453,23,5,-4,-8,12,0,-1,3
5159,5159,1503696740461,5,-4,-1,0,0,-1,2,-1
5160,5160,1503696740468,-15,-3,-3,-10,-10,-4,-1,-2
5161,5161,1503696740485,-9,1,-11,-1,1,-2,-2,-3
5162,5162,1503696740490,4,5,1,2,0,2,1,-1
5163,5163,1503696740498,-6,4,2,-1,-3,-2,-3,-2
5164,5164,1503696740513,17,1,0,11,-2,-1,-2,1
5165,5165,1503696740521,29,1,-1,-13,-5,-2,-3,1
5166,5166,1503696740528,12,1,0,-10,-2,-2,-3,-2
5167,5167,1503696740547,7,1,-4,4,3,1,-1,-1
5168,5168,1503696740550,3,-4,-3,8,6,1,-3,-1
5169,5169,1503696740559,6,-2,4,-1,1,1,3,0
5170,5170,1503696740573,7,0,-1,-13,-9,3,2,1
5171,5171,1503696740581,-7,0,-9,8,4,1,-2,0
5172,5172,1503696740588,15,-1,-6,-3,-2,-2,1,2
5173,5173,1503696740603,-4,-2,9,-10,-7,-2,-2,-2
5174,5174,1503696740615,-12,-8,-2,-1,1,-1,-2,-2
5175,5175,1503696740621,3,3,-4,-4,4,-1,2,3
5176,5176,1503696740633,1,-1,0,-2,-4,-1,0,0
5177,5177,1503696740644,-4,0,-2,3,-2,-1,-2,-1
5178,5178,1503696740648,-1,1,1,1,-3,-2,-2,-5
5179,5179,1503696740663,18,0,1,-2,-3,0,0,-1
5180,5180,1503696740670,-5,-1,5,-2,-1,-2,1,-1
5181,5181,1503696740680,4,-1,4,-2,-2,-1,-2,-4
5182,5182,1503696740693,-8,-2,-7,-7,-1,1,1,-1
5183,5183,1503696740701,0,4,0,4,-2,-2,-2,-4
5184,5184,1503696740708,22,2,-4,8,7,-4,-1,-4
5185,5185,1503696740723,1,-4,-2,-5,-5,0,6,1
5186,5186,1503696740730,1,3,2,-2,-2,0,0,3
5187,5187,1503696740738,-4,0,3,-4,-4,-2,-3,0
5188,5188,1503696740753,1,-1,3,2,0,1,1,0
5189,5189,1503696740761,-8,-2,-1,9,6,4,1,2
5190,5190,1503696740768,-5,1,0,-1,-2,-1,-1,-2
5191,5191,1503696740783,4,-1,-3,-8,0,-4,-3,1
5192,5192,1503696740790,0,2,3,9,4,0,-1,1
5193,5193,1503696740799,-22,-2,-3,-1,1,1,-3,-3
5194,5194,1503696740815,3,1,-3,-7,-6,-3,0,2
5195,5195,1503696740821,15,-4,1,2,0,7,-1,0
5196,5196,1503696740828,-5,-7,-8,-3,-8,0,5,9
5197,5197,1503696740846,-3,-1,3,-7,-6,-3,-5,-8
5198,5198,1503696740850,8,3,-1,0,-1,4,1,-3
5199,5199,1503696740859,-15,-2,-3,-4,7,-3,-2,-1
5200,5200,1503696740873,-6,-4,3,4,-3,-3,-2,0
5201,5201,1503696740889,-1,-2,-3,-6,3,-1,-2,-2
5202,5202,1503696740903,9,0,2,0,-4,-5,-2,-3
5203,5203,1503696740912,-25,-10,-3,-7,-5,0,-1,-2
5204,5204,1503696740919,-12,-3,0,4,1,-8,-7,-8
5205,5205,1503696740933,11,6,-1,0,4,0,-1,-1
5206,5206,1503696740941,-15,-1,-3,1,-5,-3,5,6
5207,5207,1503696740950,-10,-5,-1,3,2,-1,-6,-4
5208,5208,1503696740951,3,-3,2,-5,-4,-2,-2,0
5209,5209,1503696740963,-10,5,4,2,-3,0,1,2
5210,5210,1503696740970,-3,3,1,-4,-7,-2,0,-2
5211,5211,1503696740982,6,-3,-4,-3,2,2,-3,0
5212,5212,1503696740999,12,5,-1,10,1,2,2,2
5213,5213,1503696741001,-4,2,2,-1,-4,-10,-2,2
5214,5214,1503696741008,2,-3,-3,-6,7,0,2,1
5215,5215,1503696741023,13,-2,1,-2,2,3,-2,1
5216,5216,1503696741030,-7,0,-5,-7,-7,-4,-8,-12
5217,5217,1503696741039,-11,7,4,3,6,-3,5,-6
5218,5218,1503696741053,14,-1,-4,-4,1,-5,-2,4
5219,5219,1503696741061,-12,-10,-3,1,-2,1,-1,1
5220,5220,1503696741068,-8,-3,0,0,-5,3,10,3
5221,5221,1503696741083,18,2,-5,-13,-13,8,-1,-8
5222,5222,1503696741090,-50,3,0,7,1,0,-2,11
5223,5223,1503696741099,15,3,-3,4,2,-2,-1,-1
5224,5224,1503696741113,24,-2,-4,-4,0,-1,-7,-8
5225,5225,1503696741121,18,-4,-4,-3,6,-2,-1,5
5226,5226,1503696741128,-7,-3,0,2,-1,-6,4,8
5227,5227,1503696741143,4,0,2,1,-1,2,-2,-4
5228,5228,1503696741150,-13,-4,3,2,7,3,1,-6
5229,5229,1503696741165,2,1,3,12,7,0,-5,0
5230,5230,1503696741173,17,9,5,0,-2,-3,0,-3
5231,5231,1503696741182,44,5,-4,-3,-3,-3,-4,6
5232,5232,1503696741194,-5,-8,-3,-2,-3,6,6,-7
5233,5233,1503696741203,-15,1,-1,-4,-1,-6,-4,-11
5234,5234,1503696741210,-18,-16,-4,0,2,1,-4,-4
5235,5235,1503696741225,-6,2,4,8,5,-1,2,-1
5236,5236,1503696741232,1,0,-6,-4,-2,1,-4,-11
5237,5237,1503696741241,-21,-6,-6,-5,-2,15,8,6
5238,5238,1503696741255,8,4,3,1,-5,-1,-4,-2
5239,5239,1503696741263,-4,-3,-2,-1,-3,4,4,7
5240,5240,1503696741270,-3,-1,-1,0,-5,-10,-9,5
5241,5241,1503696741285,26,7,-1,-3,-1,0,8,8
5242,5242,1503696741293,15,1,0,-1,0,1,1,6
5243,5243,1503696741301,-13,-7,-2,-2,0,-1,-1,-4
5244,5244,1503696741315,-17,-1,-2,-3,4,8,2,-1
5245,5245,1503696741323,-33,-6,-3,-4,0,-8,-18,-11
5246,5246,1503696741330,13,10,4,0,1,-6,-3,0
5247,5247,1503696741354,11,5,-2,-2,-1,-2,-6,-6
5248,5248,1503696741361,-8,-4,0,2,-1,-2,-5,-8
5249,5249,1503696741374,16,2,1,-2,-2,2,-2,0
5250,5250,1503696741385,-21,-8,1,-2,-4,-15,-3,-3
5251,5251,1503696741390,23,3,0,-2,-3,-3,0,1
5252,5252,1503696741405,-1,6,1,2,-2,0,0,1
5253,5253,1503696741422,32,3,0,-4,-2,-6,2,14
5254,5254,1503696741434,-17,-11,-6,0,1,3,4,4
5255,5255,1503696741443,-15,1,-11,-1,1,5,0,-2
5256,5256,1503696741451,-6,-1,3,-3,-3,-2,2,1
5257,5257,1503696741465,-21,-3,2,0,2,4,1,-1
5258,5258,1503696741473,-62,-14,-13,-5,-3,-3,-3,-2
5864,5864,1503696747511,-2,-1,1,1,-1,-2,-2,-4
5865,5865,1503696747518,-13,-1,-2,-1,-1,2,3,1
5866,5866,1503696747525,2,-5,-1,-4,-2,-1,-3,0
5867,5867,1503696747541,-1,-10,0,1,0,0,2,0
5868,5868,1503696747548,-4,6,8,-1,1,-1,-1,-1
5869,5869,1503696747555,-12,-5,2,0,0,-1,-3,0
5870,5870,1503696747571,19,11,3,0,-2,-1,-2,0
5871,5871,1503696747579,-38,-17,-5,-2,-2,-2,-1,-5
5872,5872,1503696747586,-8,-2,1,-1,0,-1,-2,-2
5873,5873,1503696747599,34,9,3,2,-2,0,1,-2
5874,5874,1503696747607,-13,-4,9,0,1,1,1,-1
5875,5875,1503696747608,3,2,-5,-1,-2,-4,-4,0
5876,5876,1503696747615,-11,-6,-2,-5,2,0,1,0
5877,5877,1503696747630,-1,-1,-2,-1,0,-1,-1,-4
5878,5878,1503696747638,3,2,-5,-2,-2,-3,-4,-2
5879,5879,1503696747647,9,-1,-3,-1,-1,0,0,3
5880,5880,1503696747659,26,8,-1,-1,-2,-2,-1,-1
5881,5881,1503696747668,-17,-12,-16,-4,-1,0,-1,0
5882,5882,1503696747683,16,-2,-2,0,-2,-4,-2,2
5883,5883,1503696747690,12,4,2,0,1,2,3,1
5884,5884,1503696747697,-3,-4,-1,-1,-1,0,-1,-1
5885,5885,1503696747712,-8,-3,1,0,-1,-2,0,0
5886,5886,1503696747713,-9,0,-4,-1,-2,1,-1,-1
5887,5887,1503696747719,-45,-11,2,-1,-2,-6,-9,-9
5888,5888,1503696747727,-2,1,-1,0,0,0,2,-2
5889,5889,1503696747742,-20,5,-3,-2,0,-3,2,-2
5890,5890,1503696747750,-14,-12,-1,-2,-3,-1,-2,-3
5891,5891,1503696747757,21,6,-4,-3,0,-3,-2,-2
5892,5892,1503696747772,42,13,8,1,-1,0,1,2
5893,5893,1503696747781,-5,-5,-7,-1,-1,3,0,1
5894,5894,1503696747789,-13,0,-3,-1,-2,-1,-1,-2
5895,5895,1503696747802,11,8,6,1,0,-3,-1,-3
5896,5896,1503696747810,-7,2,-4,-3,-1,0,0,0
5897,5897,1503696747817,-2,-4,-2,-2,0,2,1,2
5898,5898,1503696747832,-5,-4,-4,0,-1,-2,-2,-3
5899,5899,1503696747839,-1,-8,-3,-1,-1,0,-1,0
5900,5900,1503696747853,-5,2,3,0,0,-1,-1,1
5901,5901,1503696747862,20,4,3,1,0,1,-1,1
5902,5902,1503696747877,-8,6,0,-3,-3,-4,-2,-2
5903,5903,1503696747880,-4,1,5,2,-1,1,1,0
5904,5904,1503696747892,22,-2,1,0,2,2,-2,-3
5905,5905,1503696747899,-12,-4,-1,1,0,1,1,-1
5906,5906,1503696747908,2,3,6,1,0,8,0,-1
5907,5907,1503696747922,0,-4,-1,2,1,0,-4,-4
5908,5908,1503696747930,-11,-10,-3,-1,-1,-4,-2,0
5909,5909,1503696747942,-73,-10,0,0,-2,-2,-4,-9
5910,5910,1503696747952,-21,-5,-5,-2,0,-2,-2,-4
5911,5911,1503696747959,28,2,-4,-3,0,-2,2,4
5912,5912,1503696747967,-1,-3,-4,1,0,-3,-2,-3
5913,5913,1503696747982,1,-1,-4,-3,0,-1,-1,1
5914,5914,1503696747991,14,5,0,3,1,-1,-2,-1
5915,5915,1503696747997,-24,-3,-6,-3,-2,0,-4,-2
5916,5916,1503696748014,9,-5,-4,1,-1,-2,4,5
5917,5917,1503696748019,-3,-1,1,0,-1,0,-2,-3
5918,5918,1503696748027,-18,-1,3,0,-1,-1,-2,2
5919,5919,1503696748042,20,1,-1,-4,-1,-1,-1,2
5920,5920,1503696748050,-10,-5,-2,-2,-2,1,-1,-1
5921,5921,1503696748058,-7,-6,-3,1,-1,0,1,-3
5922,5922,1503696748072,-5,1,7,3,1,-5,1,7
5923,5923,1503696748082,20,4,3,3,0,2,3,2
5924,5924,1503696748087,-8,1,7,-3,-3,0,-4,-6
5925,5925,1503696748101,9,-1,-3,-1,-5,-3,-2,4
5926,5926,1503696748102,-16,-2,-1,-5,1,-2,3,-1
5927,5927,1503696748110,17,4,-6,-5,-2,-1,-2,0
5928,5928,1503696748119,-4,1,3,1,-2,-5,-6,-5
5929,5929,1503696748132,-2,1,-4,-4,0,2,3,-1
5930,5930,1503696748139,24,7,-1,0,2,-2,0,4
5931,5931,1503696748148,2,-3,1,5,1,9,-3,-2
5932,5932,1503696748162,18,4,-1,1,-2,0,3,1
5933,5933,1503696748170,-12,-7,0,-2,0,-3,-5,-5
5934,5934,1503696748177,-20,-6,4,0,-1,-5,-4,-5
5935,5935,1503696748192,-4,-4,-5,-7,-1,-1,2,3
5936,5936,1503696748199,27,9,0,0,-1,-5,-3,-2
5937,5937,1503696748207,-13,-5,-4,-3,-1,-2,1,-3
5938,5938,1503696748222,1,-1,-4,3,-1,2,-2,4
5939,5939,1503696748230,11,-2,-5,-3,-5,-6,7,7
5940,5940,1503696748237,-18,-6,-1,1,2,-1,0,0
5941,5941,1503696748238,-2,-1,-1,-2,-6,4,-2,-2
5942,5942,1503696748253,-1,0,0,3,-2,-4,-4,-1
5943,5943,1503696748259,-8,0,-3,-3,-1,-2,2,6
5944,5944,1503696748267,14,-3,-2,-3,-1,-3,-3,-4
5945,5945,1503696748283,-18,-8,-1,-4,-1,-1,1,-2
5946,5946,1503696748290,-6,-2,-1,1,-1,-1,-4,-3
5947,5947,1503696748297,-9,-3,-3,-2,-1,-1,-1,1
5948,5948,1503696748313,-6,3,0,0,-1,1,0,-3
5949,5949,1503696748319,14,1,4,5,1,0,1,0
5950,5950,1503696748328,-13,-2,0,-2,0,-5,-3,-5
5951,5951,1503696748342,-1,3,1,1,3,9,2,3
5952,5952,1503696748351,5,6,1,-3,-1,-1,-6,-3
5953,5953,1503696748359,-13,-2,-5,-5,-1,-5,0,-6
5954,5954,1503696748372,-1,0,0,5,2,1,-3,-6
5955,5955,1503696748373,-9,4,6,1,2,0,-1,4
5956,5956,1503696748379,8,4,2,7,4,0,-5,-3
5957,5957,1503696748389,-6,-5,-3,1,-1,1,8,2
5958,5958,1503696748402,-12,-12,-1,-6,-2,-2,-1,-1
5959,5959,1503696748410,-21,-3,-1,-1,2,3,3,-4
5960,5960,1503696748418,5,-2,-2,-4,-3,5,2,1
5961,5961,1503696748432,-5,-2,1,-2,-1,-3,-2,-5
5962,5962,1503696748439,-27,-13,-2,0,0,-5,-10,-6
5963,5963,1503696748449,15,1,-3,-1,-3,0,7,5
5964,5964,1503696748462,-7,3,1,-1,-2,-6,-2,-1
5965,5965,1503696748470,-24,-7,5,1,0,5,-3,-3
5966,5966,1503696748477,28,9,-2,-2,0,-5,3,1
5967,5967,1503696748492,-1,-2,-3,-3,-1,-2,-4,-5
5968,5968,1503696748499,-12,4,0,1,-3,-1,-2,-3
5969,5969,1503696748507,32,6,2,2,-3,-5,-6,-1
5970,5970,1503696748522,39,13,0,1,1,4,2,4
5971,5971,1503696748530,8,5,0,0,-1,0,-3,-3
5972,5972,1503696748537,2,-3,1,2,1,-1,-2,-1
5973,5973,1503696748553,11,2,-3,-1,0,-9,-8,-1
5974,5974,1503696748559,13,0,-4,-3,0,6,4,4
6541,6541,1503696754028,-2,0,-2,-3,0,-2,1,0
6542,6542,1503696754034,-16,-6,-7,-3,-4,-3,-3,-4
6543,6543,1503696754050,-6,-8,-4,-1,0,-1,-5,-4
6544,6544,1503696754057,-5,-3,-3,-1,-4,-1,0,-4
6545,6545,1503696754065,2,5,1,-4,-1,-1,-1,-1
6546,6546,1503696754072,3,1,3,1,2,1,-1,-1
6547,6547,1503696754088,8,3,-2,-2,1,-2,3,1
6548,6548,1503696754095,-2,-4,-4,0,1,-6,-3,1
6549,6549,1503696754112,11,3,2,0,-2,-2,2,3
6550,6550,1503696754117,9,-3,0,-5,2,-1,0,2
6551,6551,1503696754126,8,1,-2,-5,-4,-2,-6,-3
6552,6552,1503696754132,12,4,3,-2,-5,-1,0,1
6553,6553,1503696754148,-5,-4,-8,-2,1,0,1,-3
6554,6554,1503696754155,-8,3,7,6,6,1,-2,0
6555,6555,1503696754170,-4,-6,-2,-5,-5,0,2,-1
6556,6556,1503696754183,-6,-3,-4,-2,-5,0,0,1
6557,6557,1503696754187,-12,-2,-3,0,3,-2,1,1
6558,6558,1503696754192,-3,-4,-1,0,-5,9,-4,-3
6559,6559,1503696754212,3,0,0,-6,-12,0,-3,-3
6560,6560,1503696754220,-10,-3,-1,-10,0,3,-1,0
6561,6561,1503696754221,7,4,3,5,8,-1,0,2
6562,6562,1503696754230,-6,-1,-2,1,0,-1,-3,-1
6563,6563,1503696754237,-13,-7,-6,-3,-4,-4,4,-1
6564,6564,1503696754247,7,7,10,6,6,-1,-1,2
6565,6565,1503696754260,10,2,-5,-1,1,1,1,0
6566,6566,1503696754268,-3,1,5,4,-1,-2,-2,0
6567,6567,1503696754275,-12,-2,-1,-3,4,1,1,0
6568,6568,1503696754291,9,4,0,-3,-8,-3,-3,-2
6569,6569,1503696754297,-1,-1,-1,-2,-3,-5,1,-1
6570,6570,1503696754305,-7,-7,-1,-3,4,3,-2,-6
6571,6571,1503696754320,-3,1,-1,-6,0,-1,-1,0
6572,6572,1503696754328,11,0,-1,-2,1,-1,-1,2
6573,6573,1503696754335,-10,-5,-2,1,-1,-6,-9,-6
6574,6574,1503696754351,-6,5,5,0,-2,-3,4,3
6575,6575,1503696754358,0,-2,-2,2,-3,-3,3,1
6576,6576,1503696754365,-8,-7,-8,-3,-2,-1,-3,-5
6577,6577,1503696754380,-1,3,0,-6,-5,-4,-4,-5
6578,6578,1503696754381,6,-4,-1,0,-2,1,1,3
6579,6579,1503696754389,-7,-2,-4,1,-10,-2,-5,-3
6580,6580,1503696754395,6,2,-1,-12,-8,0,4,-1
6581,6581,1503696754413,-1,-10,-6,-3,0,-4,2,1
6582,6582,1503696754418,-16,2,-2,-1,2,-6,-5,-3
6583,6583,1503696754425,-18,-2,-1,2,1,-3,-1,-5
6584,6584,1503696754440,11,2,11,4,2,0,0,-2
6585,6585,1503696754449,18,6,1,1,5,1,-3,4
6586,6586,1503696754455,-4,-1,-5,-3,-5,-1,2,2
6587,6587,1503696754470,-13,-1,0,-5,-4,-2,-8,0
6588,6588,1503696754478,5,-3,0,-3,-4,4,2,1
6589,6589,1503696754486,-8,-1,-3,-1,-5,0,-2,-2
6590,6590,1503696754500,22,2,-2,0,-2,0,0,5
6591,6591,1503696754508,-1,-1,-5,-3,-1,13,-2,-4
6592,6592,1503696754515,10,3,0,10,0,5,3,4
6593,6593,1503696754530,1,3,0,4,-2,-9,4,3
6594,6594,1503696754537,-11,1,1,5,5,5,-23,-15
6595,6595,1503696754547,-15,-2,8,3,-5,-3,4,0
6596,6596,1503696754560,12,-4,-3,-3,2,0,-4,-5
6597,6597,1503696754568,23,4,2,-6,-7,0,-5,-11
6598,6598,1503696754575,-10,-11,-6,-9,-5,2,6,10
6599,6599,1503696754590,18,0,-2,-1,-4,1,5,5
6600,6600,1503696754597,2,1,0,-3,-7,-3,-2,-6
6601,6601,1503696754605,-15,-6,-6,-1,12,4,3,1
6602,6602,1503696754620,-16,-2,-1,3,3,-7,1,-3
6603,6603,1503696754628,-19,-10,1,2,7,0,-1,-1
6604,6604,1503696754635,-6,-8,-6,-8,-3,-2,-1,9
6605,6605,1503696754651,-18,0,-1,0,6,-7,-2,-10
6606,6606,1503696754658,4,1,0,-3,-8,-5,1,4
6607,6607,1503696754673,21,7,1,-4,-8,-7,-6,4
6608,6608,1503696754680,-24,0,-1,-1,1,-2,0,-8
6609,6609,1503696754689,-1,-4,-4,-1,3,6,3,-3
6610,6610,1503696754695,18,3,-3,5,5,-3,1,3
6611,6611,1503696754710,-19,-4,-3,1,1,-5,3,7
6612,6612,1503696754719,-2,1,-1,-4,5,9,3,-3
6613,6613,1503696754725,26,3,0,5,-1,-2,-1,-3
6614,6614,1503696754740,-18,-1,3,-2,-12,-15,-3,-15
6615,6615,1503696754748,-21,-5,-3,-4,1,5,4,-5
6616,6616,1503696754755,-5,2,4,0,-4,1,3,0
6617,6617,1503696754770,5,-5,-2,1,5,-1,-5,4
6618,6618,1503696754777,1,-6,-5,-1,2,-6,-3,0
6619,6619,1503696754786,7,2,2,-4,-2,-1,-4,-1
6620,6620,1503696754800,21,5,-2,0,4,10,1,5
6621,6621,1503696754808,-9,2,2,2,-2,-1,-2,2
6622,6622,1503696754815,8,-3,-3,0,3,-6,4,2
6623,6623,1503696754830,6,-2,-2,-2,-12,-8,2,-3
6624,6624,1503696754837,-5,-7,-4,-4,6,1,-13,1
6625,6625,1503696754845,2,-1,-2,-2,-3,-1,-2,-4
6626,6626,1503696754860,10,-7,-1,-1,-1,0,-2,-8
6627,6627,1503696754868,-6,-2,0,0,0,0,4,-3
6628,6628,1503696754875,-6,4,3,-2,1,2,3,5
6629,6629,1503696754892,-8,4,7,2,3,8,0,3
6630,6630,1503696754897,-13,-3,-1,5,-2,-1,-3,-1
6631,6631,1503696754905,5,6,-4,4,-2,3,4,3
6632,6632,1503696754920,11,-5,2,-2,-4,0,-7,-2
6633,6633,1503696754928,28,-3,1,-4,-4,-8,-9,1
6634,6634,1503696754934,-3,0,-1,1,3,2,6,0
6635,6635,1503696754952,5,-5,-6,-9,-2,3,-4,-4
6636,6636,1503696754959,0,1,-1,0,-2,4,0,-8
6637,6637,1503696754965,-4,1,1,2,2,0,5,5
6638,6638,1503696754988,-2,4,-2,5,3,-2,-7,-6
6639,6639,1503696754995,-5,-10,-5,9,16,-4,3,1
6640,6640,1503696755010,10,10,12,-6,-1,-5,1,5
6641,6641,1503696755023,-1,5,2,1,4,4,-3,-3
6642,6642,1503696755027,-6,-8,-9,-3,5,3,-2,0
6643,6643,1503696755040,9,3,4,-4,-8,-1,10,6
6644,6644,1503696755052,-7,-10,-9,-5,-5,-7,0,-2
6645,6645,1503696755055,-12,6,17,3,-4,-3,3,2
6646,6646,1503696755070,-7,0,-9,6,3,0,-2,1
6647,6647,1503696755077,3,-6,-7,-3,-9,-4,-2,3
6648,6648,1503696755093,4,-7,0,-7,-1,-5,-7,-6
6649,6649,1503696755100,-27,1,-3,-8,-14,-15,-6,-6
6650,6650,1503696755108,-20,-10,-8,-2,6,9,-2,-1
6651,6651,1503696755118,2,3,0,-5,-6,4,-2,-4
6652,6652,1503696755130,1,2,4,2,3,3,6,1
6653,6653,1503696755137,7,-4,-8,5,6,0,-5,-1
6654,6654,1503696755152,10,11,7,3,-1,5,3,2
6655,6655,1503696755160,-1,-2,-4,1,3,-2,1,-5
6656,6656,1503696755168,-15,-7,-3,-2,-1,-8,-3,-11
6657,6657,1503696755183,6,5,-2,0,1,8,0,4
6658,6658,1503696755190,-35,-14,-5,1,-2,-3,4,2
7231,7231,1503696760725,10,4,2,0,-1,0,2,1
7232,7232,1503696760732,-20,-9,-8,-4,-1,-1,3,-2
7233,7233,1503696760740,-40,-20,0,-5,-3,-1,-2,-5
7234,7234,1503696760755,3,1,0,1,3,1,0,1
7235,7235,1503696760762,-17,-3,-8,-4,-4,-2,-5,-6
7236,7236,1503696760778,8,-6,1,-2,-1,3,2,8
7237,7237,1503696760779,-3,4,-2,-1,-2,-1,1,0
7238,7238,1503696760785,-16,-10,-5,-1,-1,-1,-2,-1
7239,7239,1503696760792,5,1,-1,-1,-1,0,0,-1
7240,7240,1503696760807,9,-3,-3,-1,2,-2,-3,-4
7241,7241,1503696760817,9,-5,-2,-1,-3,-2,0,2
7242,7242,1503696760822,37,24,3,-2,-2,0,2,7
7243,7243,1503696760837,-12,4,2,1,0,0,-1,-3
7244,7244,1503696760847,13,9,-3,-1,-1,-2,-1,-2
7245,7245,1503696760855,0,-5,1,-1,0,0,-1,-3
7246,7246,1503696760867,-8,-9,-3,-1,-1,-1,-1,-2
7247,7247,1503696760875,2,-4,-1,-1,0,-3,-1,0
7248,7248,1503696760884,-15,-6,-4,0,0,-2,-2,-4
7249,7249,1503696760897,-51,-10,-4,0,-1,-2,-4,-8
7250,7250,1503696760904,-11,-3,2,2,1,-2,-2,-2
7251,7251,1503696760914,50,20,3,-1,-1,0,-3,0
7252,7252,1503696760927,-11,-7,-1,0,-1,-2,0,-3
7253,7253,1503696760935,-26,-9,4,-1,-1,2,3,2
7254,7254,1503696760946,-16,7,0,0,0,2,2,2
7255,7255,1503696760957,20,4,-2,-4,-1,-2,-1,1
7256,7256,1503696760964,-6,-5,-1,-2,-2,-1,-1,-1
7257,7257,1503696760973,4,6,1,0,-6,-1,0,-2
7258,7258,1503696760989,13,-4,-1,-2,-2,-1,0,2
7259,7259,1503696760995,23,3,-2,-2,-1,-7,-3,-1
7260,7260,1503696761002,-9,5,-1,-2,1,6,3,2
7261,7261,1503696761017,12,8,4,1,0,0,-2,-1
7262,7262,1503696761026,11,-2,0,-1,0,-1,-1,2
7263,7263,1503696761033,-4,-10,-4,-2,-1,-1,-1,-1
7264,7264,1503696761052,9,10,3,0,-2,-2,-4,-2
7265,7265,1503696761056,-35,-7,-7,-1,1,-2,-2,-4
7266,7266,1503696761062,-2,5,4,1,0,-1,-3,-5
7267,7267,1503696761078,14,3,-4,-2,0,-2,-1,1
7268,7268,1503696761085,-12,-5,-4,-2,-2,-2,-1,-2
7269,7269,1503696761092,-2,2,1,1,1,2,1,-1
7270,7270,1503696761107,-7,-9,-2,-1,-3,-1,-2,-2
7271,7271,1503696761117,-13,0,1,0,-1,0,-2,-2
7272,7272,1503696761122,23,6,0,-1,-2,-1,2,4
7273,7273,1503696761137,39,17,8,0,1,1,1,1
7274,7274,1503696761147,-33,-15,-2,-2,1,0,1,-4
7275,7275,1503696761152,7,1,1,0,-2,-1,0,1
7276,7276,1503696761167,-11,0,-1,-1,-1,-2,-2,-3
7277,7277,1503696761175,-30,-13,-7,0,0,-1,-1,-3
7278,7278,1503696761182,-2,-21,-7,0,0,0,0,-1
7279,7279,1503696761197,-2,-10,-3,-1,-2,-2,-2,-2
7280,7280,1503696761204,6,7,0,-1,-2,-10,-3,2
7281,7281,1503696761214,7,-4,-2,0,1,1,3,1
7282,7282,1503696761227,-14,0,0,-2,-3,-5,-14,-1
7283,7283,1503696761235,-69,1,-2,-1,-2,-1,-2,-6
7284,7284,1503696761242,-14,-1,1,0,-1,-1,3,-1
7285,7285,1503696761257,18,1,0,-1,0,1,0,1
7286,7286,1503696761264,22,5,-5,-1,-1,0,1,-1
7287,7287,1503696761272,13,-7,-6,0,-1,1,7,2
7288,7288,1503696761288,24,10,9,2,1,3,3,5
7289,7289,1503696761295,-14,2,5,-1,-2,-4,-7,-4
7290,7290,1503696761302,-2,4,-2,-1,0,1,2,0
7291,7291,1503696761317,17,3,2,1,0,-4,-4,1
7292,7292,1503696761324,1,3,3,1,-1,1,0,-2
7293,7293,1503696761332,13,2,-4,-1,-2,-1,1,1
7294,7294,1503696761348,-8,-1,-1,-2,1,-1,1,-2
7295,7295,1503696761362,3,6,4,2,-2,-1,-1,-1
7296,7296,1503696761363,18,4,-2,-1,-2,-1,0,-1
7297,7297,1503696761377,-2,-5,-2,-1,-2,-1,-1,0
7298,7298,1503696761384,20,2,-1,-2,-2,0,-1,0
7299,7299,1503696761385,-32,-7,-5,-1,-3,-1,-5,-4
7300,7300,1503696761392,6,-3,-4,-1,0,-1,0,1
7301,7301,1503696761407,0,-7,3,0,3,0,1,0
7302,7302,1503696761415,-9,0,-3,0,-1,-1,-1,0
7303,7303,1503696761422,4,-4,-5,0,-1,-1,0,-1
7304,7304,1503696761437,7,2,2,-2,0,-1,0,1
7305,7305,1503696761444,-37,-11,-3,0,0,0,-5,-5
7306,7306,1503696761453,-3,1,-3,-2,0,1,0,0
7307,7307,1503696761467,9,4,4,-2,-1,1,4,1
7308,7308,1503696761475,3,3,0,-1,0,-1,-2,-2
7309,7309,1503696761482,7,0,-1,-1,-1,-2,-2,1
7310,7310,1503696761497,1,0,-1,-1,-2,-1,0,-1
7311,7311,1503696761504,-1,-6,-6,1,-1,-1,1,0
7312,7312,1503696761515,-30,-6,-3,1,0,-2,-4,-6
7313,7313,1503696761527,0,0,0,-2,-2,1,-1,1
7314,7314,1503696761535,-11,-13,-4,-1,-1,-1,0,-2
7315,7315,1503696761542,5,11,1,0,-1,-1,0,0
7316,7316,1503696761557,16,0,-2,-1,-1,1,0,3
7317,7317,1503696761564,7,-5,-9,-1,-1,-3,-1,-1
7318,7318,1503696761582,9,0,-1,1,-1,-1,-2,0
7319,7319,1503696761587,-1,-7,-1,-2,-1,0,-2,-5
7320,7320,1503696761595,0,0,4,-1,-1,-3,-2,-3
7321,7321,1503696761602,-9,-5,0,-3,-1,1,0,-1
7322,7322,1503696761617,31,1,-1,0,-2,-1,-2,1
7323,7323,1503696761624,-15,-9,-2,-1,-1,1,-1,-2
7324,7324,1503696761625,4,7,-1,0,0,-2,-2,-3
7325,7325,1503696761632,7,1,-3,-1,2,-1,-1,-3
7326,7326,1503696761649,-12,-9,-5,-3,-1,0,-3,2
7327,7327,1503696761656,-10,-3,-2,-1,-1,-1,-2,-1
7328,7328,1503696761662,1,2,1,0,0,0,0,1
7329,7329,1503696761677,-9,0,3,-2,-1,0,0,-2
7330,7330,1503696761685,5,-1,-4,1,0,0,5,1
7331,7331,1503696761699,-3,-1,-7,-1,-2,-1,-2,-1
7332,7332,1503696761707,-15,5,1,-2,-2,-3,-4,-4
7333,7333,1503696761716,15,3,-4,0,-4,-1,0,-3
7334,7334,1503696761729,-9,4,8,0,-1,1,0,3
7335,7335,1503696761737,15,-1,-2,-2,-1,-4,-1,2
7336,7336,1503696761744,20,2,-7,-5,0,0,0,-3
7337,7337,1503696761760,-14,-3,3,1,-2,0,-1,-2
7338,7338,1503696761774,1,-2,-3,-1,0,0,1,2
7339,7339,1503696761776,-9,-2,2,0,3,1,1,-2
7340,7340,1503696761790,1,6,4,3,-3,1,-2,-2
7341,7341,1503696761797,5,-4,2,-1,0,1,0,3
7342,7342,1503696761804,35,1,0,0,-1,-2,-3,2
7343,7343,1503696761820,1,4,-3,-1,-1,-1,-2,-1
7344,7344,1503696761827,-1,-11,-4,-1,0,-1,2,-1
7345,7345,1503696761835,4,1,0,1,1,-2,-3,1
7346,7346,1503696761850,-11,0,6,3,2,1,0,-1
7347,7347,1503696761860,6,6,-2,-1,1,1,0,-2
7348,7348,1503696761864,6,-6,-6,-4,-1,-1,-1,2
7349,7349,1503696761880,-19,0,-5,-6,-2,-2,-3,-2
7350,7350,1503696761887,-22,-7,-4,-3,-1,-2,2,-1
7351,7351,1503696761895,-1,1,1,3,-2,1,3,0
7352,7352,1503696761909,8,7,6,0,1,1,-2,0
7353,7353,1503696761918,-10,-3,0,-1,-1,0,-2,-2
7354,7354,1503696761925,1,-4,-4,2,0,1,0,-3
7355,7355,1503696761941,-5,-2,-1,2,4,1,1,0
7356,7356,1503696761947,-51,-13,-8,-3,-3,-3,-3,-8
7357,7357,1503696761955,-21,-5,2,1,-3,0,-2,-1
7358,7358,1503696761969,-13,-2,-1,3,3,-6,-5,-4
7359,7359,1503696761977,25,4,-3,-5,-4,0,-1,2
7360,7360,1503696761989,-44,-13,-3,1,-2,0,1,-5
7361,7361,1503696762001,0,-2,0,2,0,0,4,2
7362,7362,1503696762007,12,3,-1,-4,-1,-2,1,2
7363,7363,1503696762019,8,1,1,3,2,-1,-1,-2
7364,7364,1503696762029,17,5,-1,2,0,1,1,0
7365,7365,1503696762037,31,-1,-5,0,-3,-2,-2,1
7366,7366,1503696762044,-26,-3,6,5,3,2,1,1
7367,7367,1503696762045,11,-2,-1,-3,-4,-2,-4,-4
7368,7368,1503696762060,-12,1,2,-2,1,-2,0,0
7369,7369,1503696762067,-7,-3,-2,-4,-4,1,-1,2
7370,7370,1503696762075,-4,3,2,-2,-1,-1,-1,-4
7371,7371,1503696762089,-11,-3,3,0,-3,-5,-5,-3
7372,7372,1503696762097,-18,-6,-2,-3,-2,-2,-2,1
7373,7373,1503696762104,9,0,7,3,-1,-1,2,1
7374,7374,1503696762119,12,2,1,-1,-1,-1,0,3
7375,7375,1503696762128,10,4,0,3,3,0,0,0
7376,7376,1503696762135,-7,0,-1,-1,3,0,-2,-4
7377,7377,1503696762149,-4,-8,-8,-2,-1,0,1,0
7378,7378,1503696762150,13,3,2,-4,-4,0,-3,1
7379,7379,1503696762157,-11,-6,-2,-1,0,-2,-2,-2
7380,7380,1503696762164,9,6,6,2,-1,2,-1,4
7381,7381,1503696762179,-5,-6,-1,-2,-3,-1,-1,-2
7382,7382,1503696762187,-8,-2,-3,-3,-2,0,-2,-2
7383,7383,1503696762195,2,10,4,1,-1,0,2,6
7384,7384,1503696762209,-45,-7,-4,-1,1,1,0,-4
7385,7385,1503696762219,3,-3,-4,-2,-2,-2,-3,-3
7386,7386,1503696762225,28,6,3,2,1,-3,2,3
7387,7387,1503696762239,-16,-5,-3,-2,-3,-1,-3,-5
7388,7388,1503696762247,5,-1,-10,-2,-2,0,-1,-2
7389,7389,1503696762255,13,4,-2,2,1,-1,-2,-4
7390,7390,1503696762269,-19,2,-3,-3,-3,-4,-4,-5
7391,7391,1503696762277,16,4,0,-3,-3,-4,-1,-2
7392,7392,1503696762286,-5,-8,-2,-1,2,2,-3,-7
7393,7393,1503696762299,4,9,10,3,1,0,-2,-5
7394,7394,1503696762307,6,-2,-1,-3,0,-1,0,1
7395,7395,1503696762315,3,-6,-5,-1,0,0,1,3
7396,7396,1503696762330,32,6,-3,-3,-1,-1,1,3
7397,7397,1503696762338,-15,-1,-3,-2,-3,-3,-4,-3
7398,7398,1503696762344,8,-10,-8,-4,-1,-3,-1,0
7399,7399,1503696762360,36,3,-3,-4,-3,-2,1,2
7400,7400,1503696762367,-9,7,5,7,2,-4,-1,2
7401,7401,1503696762375,7,-8,1,-4,-2,4,0,2
7402,7402,1503696762389,-24,-7,-7,-2,-6,1,3,-4
7403,7403,1503696762390,24,6,1,-1,1,1,0,-1
7404,7404,1503696762398,-21,-8,-5,-1,0,-4,-1,-4
7961,7961,1503696767871,-4,-4,-3,-2,-1,-2,-2,-5
7962,7962,1503696767881,16,12,2,0,0,1,-1,-1
7963,7963,1503696767893,12,3,2,1,-2,-1,0,1
7964,7964,1503696767901,-12,2,1,-1,-1,-2,-2,-4
7965,7965,1503696767909,6,11,3,0,1,1,-2,-1
7966,7966,1503696767931,13,2,-5,-2,-2,0,-1,-1
7967,7967,1503696767932,-3,-6,-1,-1,-1,0,-1,-2
7968,7968,1503696767942,-22,-9,-1,-1,-1,-1,-1,-2
7969,7969,1503696767956,-5,-4,8,1,-1,-1,-3,-2
7970,7970,1503696767962,-2,-2,-2,0,0,0,-2,-2
7971,7971,1503696767969,2,1,-7,-3,-1,-1,-2,-3
7972,7972,1503696767993,-6,3,6,1,-1,0,0,-4
7973,7973,1503696767994,7,-2,-1,-3,-3,-2,1,1
7974,7974,1503696768000,-2,4,-1,-3,-1,-2,-3,-1
7975,7975,1503696768021,-12,-3,-4,-2,-2,1,0,1
7976,7976,1503696768024,20,9,1,0,0,0,1,1
7977,7977,1503696768029,-6,-4,2,0,1,-1,-2,-2
7978,7978,1503696768049,-12,-3,-5,-1,-1,-1,-1,-1
7979,7979,1503696768052,5,0,-1,-2,0,-1,1,1
7980,7980,1503696768060,3,-3,-4,0,-1,0,-1,-2
7981,7981,1503696768073,-14,-3,-3,-1,-2,0,-3,-2
7982,7982,1503696768082,-1,-7,1,-1,0,1,1,1
7983,7983,1503696768090,0,5,-2,0,-1,-1,-1,-2
7984,7984,1503696768104,-8,-3,-2,-1,-2,-2,1,-1
7985,7985,1503696768114,-7,-5,0,-1,-1,-1,0,-2
7986,7986,1503696768120,-10,-6,-9,-4,-1,-1,-4,-2
7987,7987,1503696768133,7,6,2,0,-2,0,0,-2
7988,7988,1503696768142,-15,-1,-5,-4,1,0,3,-1
7989,7989,1503696768149,-1,-2,2,-1,0,-1,-2,1
7990,7990,1503696768164,31,14,3,1,-3,-4,-4,-1
7991,7991,1503696768172,-11,-4,-2,-3,-1,-1,-1,-1
7992,7992,1503696768182,-8,0,4,2,-1,-1,-2,-1
7993,7993,1503696768193,-8,-3,-2,0,-1,0,-1,-1
7994,7994,1503696768201,-11,-5,2,0,1,2,2,1
7995,7995,1503696768216,12,9,11,1,0,-1,-1,-3
7996,7996,1503696768225,14,5,-1,0,1,-2,-3,-1
7997,7997,1503696768231,-3,-5,-8,-1,-1,-2,-3,-2
7998,7998,1503696768248,-4,0,3,0,-1,0,-1,0
7999,7999,1503696768249,2,-9,-4,-3,-2,-4,-5,-5
8000,8000,1503696768254,-13,-4,-3,-1,1,-1,-1,1
8001,8001,1503696768262,-37,0,3,2,-1,0,2,-2
8002,8002,1503696768276,5,2,-1,-1,0,0,1,1
8003,8003,1503696768284,-3,-8,-6,-2,-1,0,0,1
8004,8004,1503696768292,8,6,2,-1,0,-2,1,0
8005,8005,1503696768307,1,8,-1,-1,-2,-1,-3,-1
8006,8006,1503696768317,-21,-4,4,2,-1,-1,0,-2
8007,8007,1503696768322,3,3,3,-1,2,0,0,0
8008,8008,1503696768336,5,-3,-9,-1,0,1,4,3
8009,8009,1503696768344,-1,-4,-1,1,-3,-2,0,-2
8010,8010,1503696768352,1,-2,1,-2,-1,0,-2,0
8011,8011,1503696768366,7,-4,0,0,0,0,1,1
8012,8012,1503696768374,8,9,5,2,1,0,-3,0
8013,8013,1503696768383,-7,-1,0,-3,-1,-1,0,-1
8014,8014,1503696768396,8,0,-3,-2,-1,-1,0,-2
8015,8015,1503696768404,0,-5,-2,1,0,-1,-1,0
8016,8016,1503696768412,4,4,-4,-2,-3,-2,-1,-1
8017,8017,1503696768427,2,2,0,-1,-2,-3,-3,-3
8018,8018,1503696768433,-6,-9,-4,-2,-1,-1,-2,-1
8019,8019,1503696768442,-1,1,3,0,2,3,0,0
8020,8020,1503696768456,-2,0,0,-2,-1,-2,-3,-2
8021,8021,1503696768464,7,-1,-3,-1,-1,0,4,3
8022,8022,1503696768471,-3,-8,-4,-3,-2,-2,-1,-3
8023,8023,1503696768487,15,2,-3,-1,-1,-1,-2,0
8024,8024,1503696768493,-16,-2,0,1,-2,1,-3,-3
8025,8025,1503696768494,-3,-6,-2,-2,-3,-2,-2,-1
8026,8026,1503696768502,-3,-5,-11,-1,-1,0,-3,0
8027,8027,1503696768517,-17,-4,5,2,0,2,0,-1
8028,8028,1503696768524,0,0,2,-1,-1,0,1,3
8029,8029,1503696768531,4,-3,-1,1,-1,0,-1,-2
8030,8030,1503696768546,9,-4,-4,0,0,-3,-1,-3
8031,8031,1503696768557,-13,2,2,-1,0,-1,-5,-3
8032,8032,1503696768562,-26,-9,0,0,-2,0,-3,-3
8033,8033,1503696768576,-5,-4,3,2,-1,-1,-4,-2
8034,8034,1503696768585,9,10,9,1,0,-1,-2,-2
8035,8035,1503696768592,-3,-8,-5,-2,-1,-1,-1,0
8036,8036,1503696768606,5,-1,3,-1,-2,-1,1,0
8037,8037,1503696768613,28,10,-3,-1,-1,-2,2,0
8038,8038,1503696768622,-6,0,-6,0,1,0,-1,0
8039,8039,1503696768636,-25,-6,-5,-3,0,0,0,-1
8040,8040,1503696768644,-12,-6,-2,-4,-2,0,-3,-2
8041,8041,1503696768652,23,1,-1,5,1,1,3,3
8042,8042,1503696768666,2,-7,-5,-5,0,-2,-1,0
8043,8043,1503696768673,1,1,2,-2,-2,-1,-2,-2
8044,8044,1503696768684,12,2,-1,0,0,-1,1,1
8045,8045,1503696768696,-11,-1,4,0,0,0,-2,-1
8046,8046,1503696768704,9,6,0,-1,-2,-1,-2,-2
8047,8047,1503696768711,-9,-5,-6,-6,-1,-1,2,2
8048,8048,1503696768727,4,0,3,1,0,2,-2,-1
8049,8049,1503696768728,-6,-1,2,-2,-2,-3,-4,-6
8050,8050,1503696768733,2,1,10,2,0,-1,3,2
8051,8051,1503696768742,5,0,-7,1,-1,2,1,3
8052,8052,1503696768758,18,6,-4,-2,0,-1,-5,-2
8053,8053,1503696768764,-18,-4,-3,-4,1,-1,-3,-5
8054,8054,1503696768771,-12,-5,-3,-1,0,-1,-1,-2
8055,8055,1503696768787,2,3,1,1,2,-2,-2,0
8056,8056,1503696768794,12,4,-1,1,1,-1,1,-1
8057,8057,1503696768801,7,6,2,0,-2,0,-2,0
8058,8058,1503696768819,5,-5,0,0,1,2,1,1
8059,8059,1503696768825,-1,-3,-1,1,-5,-1,-1,-3
8060,8060,1503696768832,12,2,-4,0,-4,0,2,-1
8061,8061,1503696768847,-11,-5,0,0,-2,1,1,-2
8062,8062,1503696768854,20,7,-2,-4,0,-2,0,1
8063,8063,1503696768862,6,1,1,1,0,0,1,2
8064,8064,1503696768876,-35,-10,-3,-1,-3,-2,-5,-5
8065,8065,1503696768885,4,-1,0,0,0,0,-3,1
8066,8066,1503696768892,-3,-6,-2,-3,0,0,1,0
8067,8067,1503696768906,-21,-6,-3,0,0,-2,-1,-1
8068,8068,1503696768914,-21,-6,-7,-3,-4,-2,-2,-4
8069,8069,1503696768922,-6,1,-2,-4,-2,-2,2,-1
8070,8070,1503696768936,18,1,1,0,-1,-3,-2,-2
8071,8071,1503696768944,7,-1,-2,-3,1,1,1,0
8072,8072,1503696768952,7,2,0,-1,-2,-2,1,3
8073,8073,1503696768967,-1,-2,-3,1,0,0,-1,0
8074,8074,1503696768982,-8,-2,1,-1,0,0,1,0
8075,8075,1503696768983,11,-1,5,3,-2,-2,-1,1
8076,8076,1503696768996,-42,-5,-3,-2,-2,-2,-4,-6
8077,8077,1503696769004,9,2,-7,-4,0,-1,0,1
8078,8078,1503696769012,20,4,-1,-2,-2,-2,0,0
8079,8079,1503696769033,0,1,0,-1,-2,1,0,-2
8080,8080,1503696769034,-4,-3,-1,0,-2,-1,-3,-2
8081,8081,1503696769042,1,0,1,-2,-2,-1,2,-2
8082,8082,1503696769056,4,2,7,2,0,2,-5,0
8083,8083,1503696769064,-7,-3,1,-1,1,1,0,-1
8084,8084,1503696769071,9,0,-6,-3,0,-2,-1,2
8085,8085,1503696769087,-7,-1,0,-2,-2,-2,-3,-4
8086,8086,1503696769096,9,-2,1,0,1,-2,2,1
8087,8087,1503696769102,-12,-2,-3,0,0,-2,-2,-3
8088,8088,1503696769116,0,2,0,1,-1,-1,-1,1
8089,8089,1503696769124,14,3,-1,1,-1,-1,0,0
8090,8090,1503696769131,-3,3,2,0,0,0,2,-2
8091,8091,1503696769146,-1,0,0,0,-1,-2,-3,1
8092,8092,1503696769154,-7,-4,-8,-4,1,1,6,1
8093,8093,1503696769169,1,-3,-1,-1,-1,0,-1,-2
8094,8094,1503696769176,3,1,1,-1,-1,0,-4,-2
8095,8095,1503696769197,3,2,2,-1,-1,0,0,3
8096,8096,1503696769199,5,2,-2,-1,-1,-1,-3,-3
8097,8097,1503696769206,-4,-2,-2,-1,0,0,-1,-1
8098,8098,1503696769214,16,5,7,2,-1,0,0,2
8099,8099,1503696769230,-2,-3,0,-1,0,-1,-2,-1
8100,8100,1503696769236,-6,-5,-2,2,0,-1,1,1
8101,8101,1503696769244,14,3,-2,-3,-1,1,0,0
8102,8102,1503696769259,-20,-1,0,-2,-1,-1,-1,0
8103,8103,1503696769266,6,2,-1,0,-1,-2,-1,2
8104,8104,1503696769274,0,-1,-5,0,-1,0,-1,-2
8774,8774,1503696775928,19,1,-4,-2,-1,-3,-1,-2
8775,8775,1503696775935,-31,-20,-11,-3,-3,-1,0,-2
8776,8776,1503696775942,-11,6,10,0,-4,0,1,2
8777,8777,1503696775957,6,-2,-7,0,1,0,0,0
8778,8778,1503696775964,-6,-4,-2,0,-1,0,0,0
8779,8779,1503696775971,-22,-13,-5,-2,-2,-4,-5,-4
8780,8780,1503696775989,5,9,9,1,1,-1,1,3
8781,8781,1503696775996,12,-1,2,1,-2,0,0,0
8782,8782,1503696776002,5,6,-1,-1,-1,0,-1,0
8783,8783,1503696776016,3,1,-1,-3,0,1,1,1
8784,8784,1503696776024,-4,-6,-2,-1,-1,0,-3,-2
8785,8785,1503696776031,20,2,-1,0,-3,1,-1,1
8786,8786,1503696776047,-27,-15,-9,-2,0,0,-2,-1
8787,8787,1503696776054,-2,3,-6,-1,1,-2,-3,-2
8788,8788,1503696776063,-5,-6,-3,1,3,0,2,1
8789,8789,1503696776076,1,-1,-6,-4,-2,-4,-1,0
8790,8790,1503696776077,-1,-3,-1,-1,-1,-3,-3,-2
8791,8791,1503696776084,13,7,4,1,-1,-1,0,1
8792,8792,1503696776092,-24,-12,-4,-2,0,1,-1,-2
8793,8793,1503696776107,11,16,0,-1,-1,-2,0,-2
8794,8794,1503696776114,23,14,15,2,0,0,0,0
8795,8795,1503696776122,1,-5,-3,-1,1,1,0,-2
8796,8796,1503696776136,-39,-3,-4,-4,-2,-3,-3,-7
8797,8797,1503696776144,25,-2,-1,-1,-3,-1,-1,-1
8798,8798,1503696776151,13,2,1,-1,1,1,0,1
8799,8799,1503696776167,-6,-2,-6,-1,0,-2,-4,-1
8800,8800,1503696776174,6,-3,-4,-1,-2,1,1,2
8801,8801,1503696776182,11,-1,-3,-1,-2,0,0,2
8802,8802,1503696776197,9,10,6,0,0,-1,0,0
8803,8803,1503696776204,-35,-15,-9,0,0,-2,0,-1
8804,8804,1503696776211,6,2,-6,-2,-1,-2,0,-1
8805,8805,1503696776227,-7,-2,0,-3,0,1,-2,-2
8806,8806,1503696776234,-18,5,4,2,0,0,-2,-3
8807,8807,1503696776242,-8,-1,0,-1,-1,-1,-1,-3
8808,8808,1503696776257,-6,-5,-2,-1,-1,0,0,2
8809,8809,1503696776265,-1,-6,4,-2,-2,-3,-3,-2
8810,8810,1503696776271,9,1,3,-2,-1,-2,-1,0
8811,8811,1503696776287,-6,-1,-3,-1,-2,-2,0,-2
8812,8812,1503696776288,-4,3,-1,0,-1,0,-1,-2
8813,8813,1503696776295,5,1,5,1,-1,2,0,2
8814,8814,1503696776302,14,10,2,0,-2,-1,0,1
8815,8815,1503696776316,1,-2,-2,0,-1,0,-2,-1
8816,8816,1503696776324,14,10,8,0,-1,-3,3,4
8817,8817,1503696776331,-17,0,-7,-1,-2,-1,-3,-2
8818,8818,1503696776332,-10,-5,4,1,-2,-3,-1,0
8819,8819,1503696776347,-24,-14,-7,-1,-1,-1,-3,-5
8820,8820,1503696776356,-9,-5,-8,-1,0,0,-3,-2
8821,8821,1503696776362,-1,-5,1,-2,0,0,0,-2
8822,8822,1503696776376,-4,-7,-8,-2,0,-1,-1,-1
8823,8823,1503696776384,10,0,-5,0,-1,0,2,4
8824,8824,1503696776391,13,3,-2,-1,0,-1,2,2
8825,8825,1503696776407,5,-9,-8,-2,-2,-2,0,-1
8826,8826,1503696776414,20,5,-4,-4,-1,-2,-1,0
8827,8827,1503696776425,-27,-3,-1,-1,0,-1,-3,-7
8828,8828,1503696776436,-4,-3,-3,-1,-1,-1,-1,0
8829,8829,1503696776444,1,4,3,-2,-1,0,1,1
8830,8830,1503696776451,-1,-5,-2,1,2,0,-3,-2
8831,8831,1503696776467,-6,3,3,1,-1,-1,-3,-1
8832,8832,1503696776473,12,3,5,1,0,-2,-4,-1
8833,8833,1503696776474,9,6,9,1,1,1,2,1
8834,8834,1503696776482,-18,-11,-5,-4,0,-1,0,1
8835,8835,1503696776496,-4,3,-4,-3,-3,-3,-1,-1
8836,8836,1503696776504,-24,-6,-1,0,-1,-2,-3,-4
8837,8837,1503696776511,2,-2,-8,-3,-1,-2,-1,-2
8838,8838,1503696776527,25,7,-3,0,-2,1,-1,3
8839,8839,1503696776534,-22,-8,0,-3,-1,0,0,-4
8840,8840,1503696776542,35,7,1,1,2,-1,0,2
8841,8841,1503696776557,-29,-7,-2,-2,-2,-4,-3,-4
8842,8842,1503696776565,-5,-4,-4,-2,0,0,0,-2
8843,8843,1503696776571,12,5,7,2,1,1,2,1
8844,8844,1503696776587,3,6,3,2,-1,-2,-2,-1
8845,8845,1503696776595,-2,1,-1,0,0,1,1,2
8846,8846,1503696776608,-11,-6,-6,-2,-1,-2,-3,-4
8847,8847,1503696776609,10,2,2,-3,-1,1,0,1
8848,8848,1503696776616,-45,-11,-4,-3,-2,-2,-2,-4
8849,8849,1503696776625,-7,-5,-5,1,2,-1,-1,-4
8850,8850,1503696776639,-21,-7,-10,-2,-3,-2,-4,-4
8851,8851,1503696776647,6,-1,-4,-2,-1,-1,-1,-2
8852,8852,1503696776654,47,12,6,2,0,1,-2,3
8853,8853,1503696776669,5,3,-2,-1,-2,-2,0,1
8854,8854,1503696776676,29,5,2,-1,-1,-4,0,-1
8855,8855,1503696776684,-11,0,4,-1,-1,0,0,1
8856,8856,1503696776700,2,-3,-2,0,0,2,-1,2
8857,8857,1503696776715,-3,-1,0,0,0,0,1,-1
8858,8858,1503696776730,-17,-8,-9,-3,-2,0,1,0
8859,8859,1503696776737,13,7,3,0,-1,-1,1,0
8860,8860,1503696776744,-7,-4,-5,-2,-2,-2,-2,-1
8861,8861,1503696776759,-13,-4,-3,-1,-1,-1,-1,-1
8862,8862,1503696776767,11,9,2,-2,0,-2,-1,-3
8863,8863,1503696776774,-55,-7,-3,-3,-2,-2,-4,-4
8864,8864,1503696776791,-1,0,4,1,-1,2,2,-1
8865,8865,1503696776797,-5,-7,0,2,0,-1,-2,-4
8866,8866,1503696776804,2,8,0,-1,0,0,-2,-3
8867,8867,1503696776819,19,3,-2,0,-1,0,1,2
8868,8868,1503696776828,-14,-5,-1,-1,-3,-1,0,-4
8869,8869,1503696776834,8,11,8,2,1,0,-2,2
8870,8870,1503696776849,4,-1,4,1,0,-1,0,3
8871,8871,1503696776858,4,-9,-6,-3,-2,-2,-1,-1
8872,8872,1503696776864,17,6,-4,0,1,0,0,0
8873,8873,1503696776865,-43,-4,2,2,-1,-1,-3,-6
8874,8874,1503696776879,11,-2,-7,-6,-2,-2,0,1
8875,8875,1503696776887,22,-1,-2,-3,-1,1,1,1
8876,8876,1503696776894,0,1,-6,0,1,7,1,-2
8877,8877,1503696776908,-9,-4,-4,-4,-2,0,-1,-3
8878,8878,1503696776909,4,2,2,1,-2,-1,-3,0
8879,8879,1503696776916,4,-3,-4,-2,-2,-3,0,1
8880,8880,1503696776926,9,-5,-7,-2,-1,-3,1,-1
8881,8881,1503696776939,3,-1,5,2,1,-2,-1,-1
8882,8882,1503696776946,-1,-7,-4,-4,-1,0,2,4
8883,8883,1503696776947,5,11,-1,-1,-2,-4,-3,-5
8884,8884,1503696776954,0,1,1,1,0,0,0,-1
8885,8885,1503696776969,4,-8,-3,0,2,2,0,0
8886,8886,1503696776976,-7,-4,-2,-1,-1,-2,-2,-3
8887,8887,1503696776984,6,1,-4,-2,0,1,4,5
8888,8888,1503696777000,6,-6,2,1,1,0,0,0
8889,8889,1503696777007,-7,-3,-6,-3,-2,-2,-5,-2
8890,8890,1503696777014,1,-3,4,-1,-2,-2,-2,-1
8891,8891,1503696777029,-39,1,4,0,0,-1,-3,-3
8892,8892,1503696777037,-14,-8,-8,-1,-1,0,2,1
8893,8893,1503696777044,31,7,1,0,-1,2,1,2
8894,8894,1503696777061,-1,-1,-5,-1,-1,0,-1,-1
8895,8895,1503696777067,22,1,1,-1,1,-1,1,2
8896,8896,1503696777074,38,6,-1,-2,-1,-2,-1,0
8897,8897,1503696777089,15,-2,0,1,1,-2,-2,-1
8898,8898,1503696777096,22,5,-5,0,0,0,-1,3
8899,8899,1503696777104,-4,-4,6,0,-1,1,1,-1
8900,8900,1503696777119,-40,-5,0,-2,-1,-3,-2,-5
8901,8901,1503696777127,-3,0,-3,-1,0,1,-1,-1
8902,8902,1503696777134,-12,-2,0,0,0,0,-1,1
8903,8903,1503696777149,-20,-4,0,2,1,-1,0,-3
8904,8904,1503696777156,-7,-3,2,-1,-3,0,0,-1
9621,9621,1503696784063,5,3,1,0,-1,0,-1,0
9622,9622,1503696784064,-3,0,-1,0,1,2,1,-2
9623,9623,1503696784078,26,11,3,-1,1,0,-3,-1
9624,9624,1503696784085,-4,-3,-1,0,1,1,2,0
9625,9625,1503696784094,1,-1,-1,-1,0,-1,1,1
9626,9626,1503696784108,-6,-4,4,-1,-2,-3,-4,-1
9627,9627,1503696784116,-5,0,-1,-1,-3,0,-2,0
9628,9628,1503696784123,-5,7,0,-2,-2,0,-2,-2
9629,9629,1503696784138,-8,-2,1,1,0,-2,-2,-3
9630,9630,1503696784145,20,2,-1,-1,-1,-2,-1,0
9631,9631,1503696784153,9,-2,-2,1,-1,-1,0,1
9632,9632,1503696784169,-10,-20,-8,-1,-2,-3,-3,-4
9633,9633,1503696784176,-9,3,7,-3,-3,-1,-3,0
9634,9634,1503696784183,1,4,-5,0,-2,0,-1,1
9635,9635,1503696784199,-9,-11,-7,-2,1,0,-1,-1
9636,9636,1503696784205,32,9,3,1,1,-1,-4,-1
9637,9637,1503696784213,-13,1,1,-1,-3,0,-1,-2
9638,9638,1503696784229,-11,-9,-5,-2,-1,0,0,0
9639,9639,1503696784237,13,5,-1,1,-1,0,0,1
9640,9640,1503696784243,-10,3,10,0,-2,1,1,0
9641,9641,1503696784258,-9,-2,-3,-2,-1,-2,0,0
9642,9642,1503696784266,23,2,-4,-2,0,1,-2,-2
9643,9643,1503696784267,-11,-1,-2,-2,0,-2,-1,-3
9644,9644,1503696784273,-1,1,2,0,0,0,0,-1
9645,9645,1503696784287,6,8,5,0,-1,-1,0,-2
9646,9646,1503696784288,3,-7,-6,1,-1,0,0,0
9647,9647,1503696784296,-2,-3,-1,-1,-2,-1,3,0
9648,9648,1503696784304,18,4,0,-1,0,0,1,0
9649,9649,1503696784319,6,0,1,3,-1,-1,-2,-1
9650,9650,1503696784325,-17,0,7,1,1,0,0,0
9651,9651,1503696784334,13,-4,1,-1,-2,1,1,-1
9652,9652,1503696784348,-7,-1,-5,-1,0,-1,-2,-2
9653,9653,1503696784356,2,4,-2,0,2,-1,-2,-1
9654,9654,1503696784368,10,2,0,2,-1,0,-1,1
9655,9655,1503696784378,5,-2,-2,-1,-1,0,-2,-3
9656,9656,1503696784399,-48,-9,0,0,-1,-2,-3,-5
9657,9657,1503696784408,-3,6,0,0,-1,0,-1,-1
9658,9658,1503696784410,22,0,-8,-2,-4,-1,0,2
9659,9659,1503696784416,-5,0,-1,0,0,-1,1,-1
9660,9660,1503696784423,-6,-2,-6,-4,-1,-1,-1,-2
9661,9661,1503696784440,3,8,7,-2,-3,-1,-2,0
9662,9662,1503696784445,3,5,0,-1,0,-2,1,2
9663,9663,1503696784453,39,15,2,-1,0,-2,-1,-1
9664,9664,1503696784469,-6,-5,-1,-1,-1,-1,-3,-2
9665,9665,1503696784476,-9,-10,-13,-2,-2,-4,-2,-1
9666,9666,1503696784483,-8,-3,-1,0,1,1,1,-2
9667,9667,1503696784499,-9,2,-2,-1,-1,0,2,2
9668,9668,1503696784506,41,5,0,0,0,-1,0,3
9669,9669,1503696784513,3,-2,-3,-2,0,-1,0,-3
9670,9670,1503696784530,10,2,2,-2,-2,0,-1,0
9671,9671,1503696784536,-11,-2,1,0,-2,-3,-2,-2
9672,9672,1503696784543,-8,-4,-1,1,-1,1,-2,-1
9673,9673,1503696784558,-7,-4,1,-1,0,-1,-1,-2
9674,9674,1503696784566,0,-8,-3,-3,-3,-2,-1,-2
9675,9675,1503696784573,6,4,12,0,-1,1,0,2
9676,9676,1503696784588,-20,1,-2,-1,0,-3,-2,-6
9677,9677,1503696784597,-8,1,-2,-1,-1,-2,-3,-4
9678,9678,1503696784604,20,5,4,-1,-1,-1,2,2
9679,9679,1503696784618,-7,-15,-8,-2,-1,0,-2,-4
9680,9680,1503696784625,-1,-2,-2,-1,0,0,0,0
9681,9681,1503696784633,7,-4,-7,-1,-1,-1,-2,-1
9682,9682,1503696784648,13,3,1,0,-2,0,-2,0
9683,9683,1503696784656,-11,-4,-6,0,0,0,2,2
9684,9684,1503696784664,-7,7,2,2,-1,0,0,0
9685,9685,1503696784678,-17,-4,-3,0,0,1,-1,2
9686,9686,1503696784685,-16,-2,-1,-1,-1,-3,-2,-5
9687,9687,1503696784693,7,0,-2,-3,-4,-1,-2,1
9688,9688,1503696784711,-50,-15,-7,-2,0,-1,-1,-6
9689,9689,1503696784716,-12,1,-1,0,-1,-1,-2,-4
9690,9690,1503696784723,12,3,0,2,0,0,-1,2
9691,9691,1503696784738,6,-2,-3,-1,0,-1,1,-1
9692,9692,1503696784752,2,-1,0,-1,0,1,2,1
9693,9693,1503696784754,-2,-1,-2,-1,0,-2,-1,-1
9694,9694,1503696784768,12,5,1,0,-1,0,0,3
9695,9695,1503696784776,12,-2,0,0,-1,-2,-3,-2
9696,9696,1503696784783,-7,-2,0,2,0,0,-2,-2
9697,9697,1503696784800,2,-1,-4,0,2,0,-1,1
9698,9698,1503696784805,15,3,0,-3,-3,-1,-2,1
9699,9699,1503696784813,-18,-3,4,0,1,0,0,-1
9700,9700,1503696784827,18,10,-4,1,-1,-2,0,0
9701,9701,1503696784828,-6,-6,-1,-1,-1,-1,1,1
9702,9702,1503696784836,-28,-1,-2,-1,0,-2,0,-3
9703,9703,1503696784843,8,7,1,-2,-1,0,-2,-1
9704,9704,1503696784859,3,0,3,3,-1,-1,-2,-1
9705,9705,1503696784866,4,-7,-3,-3,0,0,0,-2
9706,9706,1503696784874,8,-3,-7,-3,1,0,1,0
9707,9707,1503696784888,-1,-2,1,-2,-1,-1,-1,-1
9708,9708,1503696784896,18,3,2,0,-1,0,-2,2
9709,9709,1503696784904,-11,-2,-5,-4,-3,-3,-2,-1
9710,9710,1503696784918,-19,-5,-2,-2,-2,1,-3,-3
9711,9711,1503696784925,2,-5,-3,1,-1,0,0,0
9712,9712,1503696784934,12,3,-1,0,0,-3,0,0
9713,9713,1503696784948,19,4,-1,-3,-1,-2,-5,-1
9714,9714,1503696784956,2,2,0,0,-2,0,0,0
9715,9715,1503696784966,-9,-3,-1,-2,-3,-1,-1,-1
9716,9716,1503696784978,8,-5,0,-1,-2,-1,-1,0
9717,9717,1503696784985,-6,-6,1,0,-1,-2,-1,-1
9718,9718,1503696785001,-25,0,1,-2,-2,-1,0,-3
9719,9719,1503696785008,-7,-5,0,3,0,1,1,-3
9720,9720,1503696785016,-15,-8,-4,-3,0,1,1,1
9721,9721,1503696785032,-14,-2,-3,0,2,-3,-1,-2
10367,10367,1503696791354,-9,-7,-3,-1,-1,-1,-2,-4
10368,10368,1503696791360,19,6,4,-2,-1,-1,1,0
10369,10369,1503696791376,-26,-7,-9,-1,-2,-1,-1,-3
10370,10370,1503696791383,-6,-4,-1,2,0,-2,-2,-1
10371,10371,1503696791399,-12,-13,-3,1,-1,0,-3,-2
10372,10372,1503696791406,4,1,-2,-2,-1,-3,0,0
10373,10373,1503696791413,12,4,-2,1,-1,-1,0,-2
10374,10374,1503696791421,3,-14,-3,1,1,-1,0,-2
10375,10375,1503696791436,10,8,1,-1,-2,0,-1,1
10376,10376,1503696791443,0,8,3,-1,0,0,1,1
10377,10377,1503696791458,-8,-6,-2,-1,-2,-3,-2,-4
10378,10378,1503696791466,-1,-1,0,-1,-1,-1,-1,1
10379,10379,1503696791474,-6,0,0,-1,-2,0,-1,1
10380,10380,1503696791481,-1,-4,-2,-1,-1,0,-2,-3
10381,10381,1503696791504,12,8,8,0,0,0,-5,-1
10382,10382,1503696791505,-7,-7,-2,-1,-1,1,2,2
10383,10383,1503696791518,6,0,3,0,0,-1,-2,2
10384,10384,1503696791525,14,4,2,-2,-2,-1,-3,-1
10385,10385,1503696791534,-12,-9,-7,-2,-3,-2,0,-2
10386,10386,1503696791548,5,5,4,0,1,-1,-1,-1
10387,10387,1503696791556,5,6,8,1,0,2,3,1
10388,10388,1503696791565,-3,-4,-6,1,-2,-2,-3,-2
10389,10389,1503696791579,-6,0,-3,-2,-2,-2,-2,0
10390,10390,1503696791585,3,1,-3,-2,-2,-1,-1,0
10391,10391,1503696791593,-3,4,-4,1,0,-1,2,-2
10392,10392,1503696791608,-11,-13,-10,-3,-1,-2,-4,-4
10393,10393,1503696791616,6,-9,-7,-3,-1,-2,0,-1
10394,10394,1503696791623,9,3,-1,-1,-1,1,1,-1
10395,10395,1503696791638,-11,-8,-1,-2,0,1,0,2
10396,10396,1503696791645,-12,-1,1,-1,0,-1,1,0
10397,10397,1503696791654,5,4,2,1,-2,-2,-2,-2
10398,10398,1503696791668,-33,3,4,1,1,1,0,-3
10399,10399,1503696791676,-14,-8,-1,-1,0,-3,-2,-2
10400,10400,1503696791683,2,-12,-9,-1,-2,-2,-2,-1
10401,10401,1503696791701,5,6,3,1,0,0,-3,-1
10402,10402,1503696791706,8,6,2,-1,-3,-4,-2,-1
10403,10403,1503696791713,5,-1,0,0,-1,1,-1,-2
10404,10404,1503696791728,-11,-16,-8,-1,1,1,2,-1
10405,10405,1503696791736,-16,0,5,-1,-3,-1,1,-2
10406,10406,1503696791743,9,7,5,1,-1,1,1,0
10407,10407,1503696791758,-7,-4,-8,1,-1,-1,0,1
10408,10408,1503696791767,2,9,4,-1,0,-1,0,0
10409,10409,1503696791774,1,0,-2,-2,0,-2,0,0
10410,10410,1503696791789,-1,-6,-1,-1,-3,0,-1,1
10411,10411,1503696791796,-7,-14,-8,-2,0,-2,-2,-3
10412,10412,1503696791803,-5,5,-1,-2,0,-2,-5,-2
10413,10413,1503696791818,-1,-2,2,-2,-2,0,1,2
10414,10414,1503696791825,7,10,11,2,-1,0,1,0
10415,10415,1503696791835,-12,-3,1,-1,-1,-1,1,-3
10416,10416,1503696791855,-12,-7,-2,-1,0,-1,-1,-2
10417,10417,1503696791857,7,-7,-7,-1,0,0,-1,-1
10418,10418,1503696791863,6,4,0,0,0,0,0,0
10419,10419,1503696791878,0,1,3,-1,0,-2,-1,-3
10420,10420,1503696791885,9,2,-4,0,-2,-1,0,0
10421,10421,1503696791893,11,11,2,-1,0,-1,-1,3
10422,10422,1503696791909,2,-3,-6,-2,-1,-1,0,-2
10423,10423,1503696791916,-11,-7,-5,-2,0,-2,-1,-1
10424,10424,1503696791923,1,-5,-1,0,1,-2,0,1
10425,10425,1503696791942,3,5,5,-1,0,-1,1,2
10426,10426,1503696791946,9,-4,-1,1,-1,1,1,1
10427,10427,1503696791961,19,4,4,1,0,3,0,1
10428,10428,1503696791969,15,4,-1,-1,0,-3,0,-2
10429,10429,1503696791976,12,-2,-4,-1,0,-2,-4,-2
10430,10430,1503696791977,5,8,-4,0,-1,-1,-1,-1
10431,10431,1503696791984,8,2,11,2,0,1,0,-1
10432,10432,1503696792001,3,3,-3,-3,0,-2,-1,-1
10433,10433,1503696792006,-18,-6,-4,-2,0,-2,-2,-1
10434,10434,1503696792013,-15,-1,-1,0,0,-1,-2,-2
10435,10435,1503696792028,10,4,2,-1,-1,-2,-3,-1
10436,10436,1503696792038,1,-3,-1,-1,-1,0,-1,0
10437,10437,1503696792044,-11,-2,-5,-1,0,-2,1,-2
10438,10438,1503696792058,5,-5,-8,-1,0,0,-2,-4
10439,10439,1503696792068,13,4,-1,-2,-1,-2,-2,-2
10440,10440,1503696792081,-19,-3,3,0,-1,-2,-1,-3
10441,10441,1503696792088,14,11,1,1,-2,0,-1,0
10442,10442,1503696792104,-12,-11,-1,-1,-1,0,0,-1
10443,10443,1503696792118,-8,1,2,-1,1,-1,-2,0
10444,10444,1503696792125,-6,0,-4,-1,-1,0,0,1
10445,10445,1503696792135,5,-1,3,-1,0,0,1,1
10446,10446,1503696792148,-38,-8,6,-1,-3,-2,-5,-4
10447,10447,1503696792156,1,-4,-5,-2,-1,-3,-4,-3
10448,10448,1503696792163,-12,-3,-2,-2,-1,-1,1,2
10449,10449,1503696792178,0,4,9,1,-2,-3,-1,-3
10450,10450,1503696792186,0,-4,-4,-2,0,-2,-1,-1
10451,10451,1503696792194,-26,-3,5,1,0,1,-1,-2
10452,10452,1503696792208,3,7,6,1,1,-2,0,-2
10453,10453,1503696792216,18,-6,-7,-3,-2,-1,-1,0
10454,10454,1503696792223,4,-2,-7,-1,-3,-2,-2,-1
10455,10455,1503696792240,4,-7,-6,-2,-1,-1,-1,-2
10456,10456,1503696792245,-20,-6,0,2,-1,1,1,1
10457,10457,1503696792246,17,4,0,0,-1,1,1,0
10458,10458,1503696792253,9,5,-4,-3,0,0,0,2
10459,10459,1503696792272,-8,-5,-2,-1,-2,-2,-2,-4
10460,10460,1503696792277,19,9,6,0,0,2,3,5
10461,10461,1503696792283,4,-1,11,2,2,1,0,2
10462,10462,1503696792301,5,-3,-8,0,-2,0,-1,0
10463,10463,1503696792306,-9,-3,-6,1,-2,-1,-3,-3
10464,10464,1503696792313,11,-3,-4,-2,0,-3,0,-3
10465,10465,1503696792328,10,3,-5,-3,1,1,0,0
10466,10466,1503696792337,-2,6,-1,-1,-1,-1,-4,0
10467,10467,1503696792344,-8,2,-1,-1,-2,1,0,1
10468,10468,1503696792358,-16,-6,-6,0,-1,-1,-1,-3
10469,10469,1503696792365,13,0,-3,-1,0,-1,0,0
10470,10470,1503696792373,-28,-4,-7,-1,-2,-1,0,-1
10471,10471,1503696792388,-7,-10,-3,-2,-3,-3,-1,-2
10472,10472,1503696792396,-2,-3,-1,-1,-1,-2,-3,-3
10473,10473,1503696792403,0,3,3,-1,1,2,1,2
10474,10474,1503696792419,4,3,-2,-1,0,-1,-1,-1
11191,11191,1503696799377,-3,-4,-4,0,-2,0,1,-2
11192,11192,1503696799385,32,13,1,-2,-2,0,1,2
11193,11193,1503696799393,-1,-1,0,0,1,1,2,1
11194,11194,1503696799409,-11,-10,5,0,2,0,1,-1
11195,11195,1503696799415,-14,-16,-3,-1,-1,-2,-2,-1
11196,11196,1503696799423,-20,-7,-2,0,-2,0,-1,-4
11197,11197,1503696799440,-15,-5,-6,0,-2,-3,-2,-2
11198,11198,1503696799446,8,10,1,-1,0,3,2,3
11199,11199,1503696799453,-7,0,11,3,1,1,0,1
11200,11200,1503696799467,16,4,1,-3,-2,-3,-2,1
11201,11201,1503696799475,4,-1,-4,-1,-1,0,1,-2
11202,11202,1503696799483,16,1,2,-3,0,0,-2,1
11203,11203,1503696799497,8,8,5,0,0,0,0,1
11204,11204,1503696799506,5,-1,-3,-1,-2,-2,-1,1
11205,11205,1503696799513,-1,-2,-1,0,-1,-2,-2,-4
11206,11206,1503696799528,-22,-6,-8,-2,-2,-2,-3,-4
11207,11207,1503696799539,8,0,-2,0,0,0,-1,-1
11208,11208,1503696799543,-1,4,0,1,0,0,0,1
11209,11209,1503696799557,40,7,-6,-2,-1,-2,0,2
11210,11210,1503696799565,-26,-16,-3,1,0,0,-1,0
11211,11211,1503696799573,-2,-11,-7,-3,-2,-2,0,1
11212,11212,1503696799587,-1,-18,-8,-1,-1,-2,-2,-4
11213,11213,1503696799595,-48,-9,1,-3,0,-1,0,-4
11214,11214,1503696799608,-9,0,3,-2,-2,0,-1,-3
11215,11215,1503696799617,32,6,0,0,0,-1,0,3
11216,11216,1503696799625,-17,-1,-3,-3,0,0,-3,-4
11217,11217,1503696799632,-5,0,-4,-2,-1,-1,-2,-1
11218,11218,1503696799648,33,8,1,0,1,-1,-3,2
11219,11219,1503696799656,-34,1,-2,-3,-2,-2,-3,-3
11220,11220,1503696799663,-7,-15,-2,2,0,0,-1,-1
11221,11221,1503696799685,14,0,11,2,-1,0,0,1
11222,11222,1503696799687,-8,4,-2,-4,-3,-1,0,-2
11223,11223,1503696799692,4,-2,-1,2,1,1,-1,-2
11224,11224,1503696799708,-32,2,0,-1,1,-1,1,-4
11225,11225,1503696799715,8,4,-3,-3,-3,-2,-3,-4
11226,11226,1503696799723,5,3,4,1,-2,0,0,0
11227,11227,1503696799741,1,11,9,2,0,-2,0,-1
11228,11228,1503696799745,-18,0,2,0,-2,0,-1,-4
11229,11229,1503696799759,24,2,-2,-1,1,1,1,3
11230,11230,1503696799767,-3,6,-5,-2,-1,0,-2,0
11231,11231,1503696799782,-12,-1,-7,-2,-2,1,0,-2
11232,11232,1503696799784,-5,-13,-12,-4,-4,-4,-2,-3
11233,11233,1503696799797,9,-3,3,-1,-1,0,1,0
11234,11234,1503696799807,22,6,3,0,0,1,1,0
11235,11235,1503696799813,-15,-3,-1,-1,-2,0,1,0
11236,11236,1503696799827,16,9,-2,1,1,0,1,0
11237,11237,1503696799835,-40,-6,-2,-2,-1,0,-2,-2
11238,11238,1503696799843,4,6,1,-2,-2,1,1,0
11239,11239,1503696799857,15,-2,-3,0,0,-3,-3,-2
11240,11240,1503696799865,45,6,4,-1,0,0,0,3
11241,11241,1503696799873,-13,0,-5,-1,-1,-2,0,-1
11242,11242,1503696799887,4,0,-4,0,-1,-1,-3,-1
11243,11243,1503696799895,11,-4,-1,-2,0,1,-1,1
11244,11244,1503696799903,-22,-17,-3,-1,-3,-1,-2,-5
11245,11245,1503696799917,-7,-10,-6,1,0,-1,-3,-1
11246,11246,1503696799925,10,7,0,0,0,-1,0,1
11247,11247,1503696799943,4,1,-4,-1,-3,-1,0,1
11248,11248,1503696799948,21,1,-2,-2,1,-1,1,0
11249,11249,1503696799955,-23,-9,-3,-2,-1,-4,-1,-3
11250,11250,1503696799970,-13,0,-3,-2,-3,-2,0,-1
11251,11251,1503696799977,-36,-9,-3,-3,0,0,-2,-5
11252,11252,1503696799987,0,0,6,1,-1,1,0,0
11253,11253,1503696799999,-38,2,7,0,-1,1,-2,-5
11254,11254,1503696800010,-13,2,3,0,1,1,2,1
11255,11255,1503696800015,14,2,3,0,0,-2,0,1
11256,11256,1503696800030,-3,-5,-5,1,0,-1,-1,-2
11257,11257,1503696800037,-14,-10,-7,-1,-2,-2,-2,-4
11258,11258,1503696800045,-4,0,-6,-2,-2,-4,-4,-2
11259,11259,1503696800059,33,3,1,0,0,0,1,1
11260,11260,1503696800067,-15,-7,-8,-2,0,0,-1,-2
11261,11261,1503696800075,35,8,9,1,0,0,1,1
11262,11262,1503696800090,-10,-5,0,-1,0,0,0,-1
11263,11263,1503696800097,6,-5,-4,-2,0,0,0,1
11264,11264,1503696800107,4,2,3,1,0,-1,1,0
11265,11265,1503696800119,-14,7,0,-3,-2,-1,-1,-1
11266,11266,1503696800127,-12,1,6,2,-2,-2,-2,-2
11267,11267,1503696800135,23,5,0,2,0,0,2,3
11268,11268,1503696800150,4,-4,-6,-3,0,-1,-1,0
11269,11269,1503696800157,-16,5,3,-1,-2,-3,-1,0
11270,11270,1503696800165,22,7,-1,0,1,-1,0,-1
11271,11271,1503696800180,22,18,2,0,-1,1,3,4
11272,11272,1503696800188,11,7,12,2,0,-2,-1,0
11273,11273,1503696800195,8,-7,0,2,1,0,-2,0
11274,11274,1503696800211,14,16,5,-1,1,1,3,1
11275,11275,1503696800217,-15,-10,4,2,1,-2,-3,-5
11276,11276,1503696800225,20,6,-3,-1,-2,-2,-3,-2
11277,11277,1503696800244,4,-2,-6,-3,-3,-2,-3,-3
11278,11278,1503696800248,-17,-4,3,-1,1,1,0,2
11279,11279,1503696800255,-25,-9,-6,-2,-1,-1,-1,-3
11280,11280,1503696800270,-11,-12,-5,-2,-1,-3,-2,-4
11281,11281,1503696800277,-11,-3,-1,0,-3,1,1,-1
11282,11282,1503696800285,-4,-5,8,1,-2,-1,-2,-3
11283,11283,1503696800299,17,8,-1,0,-1,0,0,2
11284,11284,1503696800309,4,2,-3,-2,-3,-1,0,-1
11285,11285,1503696800316,13,4,0,-2,0,0,0,0
11286,11286,1503696800330,-5,-4,-3,1,-2,1,1,2
11287,11287,1503696800337,-4,-9,-9,-2,0,-2,0,-2
11288,11288,1503696800345,15,-4,-7,-3,-1,0,0,3
11289,11289,1503696800359,22,2,3,1,-1,0,0,3
11290,11290,1503696800367,-42,4,1,2,0,-2,-1,-7
11291,11291,1503696800376,4,-7,-2,-1,0,2,1,1
11292,11292,1503696800390,17,-1,-2,-1,-1,-1,0,3
11293,11293,1503696800397,17,3,-5,-4,-2,-3,-2,-2
11294,11294,1503696800405,12,-8,-10,-3,-1,-1,-3,-3
11295,11295,1503696800419,-8,3,1,1,-1,0,0,0
11296,11296,1503696800427,-4,-4,-1,-2,-2,-2,-3,1
11297,11297,1503696800435,11,17,8,2,-1,0,0,1
11298,11298,1503696800452,-14,2,1,2,0,0,-1,1
11299,11299,1503696800457,-9,-7,-7,-2,0,-1,0,-2
11300,11300,1503696800465,-17,-12,-11,-3,-3,0,-2,0
11301,11301,1503696800480,-20,-4,-5,-4,-2,-4,-3,-5
11302,11302,1503696800487,10,-1,-3,-2,0,1,1,1
11303,11303,1503696800495,-25,-10,-3,-2,0,-1,-1,-3
11304,11304,1503696800511,-13,0,-3,1,0,-2,-2,-2
11305,11305,1503696800518,-28,-6,2,-1,0,0,-1,-2
11306,11306,1503696800525,-5,-4,-3,-2,0,-3,-1,-4
11307,11307,1503696800539,10,4,-1,-2,-1,-2,-1,0
11308,11308,1503696800540,11,-2,-2,0,-3,-2,-4,-1
11309,11309,1503696800548,7,-4,-3,1,0,-1,-1,-2
11310,11310,1503696800555,9,3,2,1,1,0,-1,2
11311,11311,1503696800570,16,6,12,3,2,0,0,1
11312,11312,1503696800577,23,6,-1,2,2,0,-1,-2
11313,11313,1503696800586,13,9,1,-4,-2,-1,1,3
11314,11314,1503696800600,7,3,9,-1,0,2,-1,1
11315,11315,1503696800610,-11,0,4,2,-1,0,3,-1
11316,11316,1503696800615,5,-5,-7,-2,-3,-1,-2,-4
11317,11317,1503696800630,-13,-3,3,-3,-3,-3,-1,-3
11318,11318,1503696800631,39,8,-2,-3,-1,-2,3,4
11319,11319,1503696800638,-4,-3,3,5,1,-1,-1,0
11320,11320,1503696800655,-9,-5,-2,-1,1,1,-3,-4
11321,11321,1503696800659,-2,4,3,-1,-3,-2,-1,-3
11322,11322,1503696800667,8,0,1,-1,0,0,-1,-1
11323,11323,1503696800679,-11,-2,-2,-3,0,0,0,0
11324,11324,1503696800690,-1,4,1,-1,0,-1,-2,0
11325,11325,1503696800701,11,3,-2,-4,-1,-1,-2,2
11326,11326,1503696800705,1,2,0,-1,1,1,4,0
11327,11327,1503696800720,16,0,-3,-1,-4,-2,2,3
11328,11328,1503696800727,-22,-8,-1,2,-1,-1,-5,-5
11329,11329,1503696800735,11,-3,-8,-2,-2,-2,0,1
11330,11330,1503696800753,18,3,3,-1,-2,-2,-2,0
11331,11331,1503696800757,-13,-2,3,0,2,0,-1,0
11332,11332,1503696800765,-15,-6,-1,0,0,0,-1,-1
11333,11333,1503696800783,-3,-2,-2,0,0,0,2,-1
11334,11334,1503696800789,-7,-3,0,0,0,-2,-2,-1
11335,11335,1503696800795,-13,-5,-5,-2,0,0,0,1
11336,11336,1503696800814,-30,-5,-5,-3,-4,-3,-4,-4
11337,11337,1503696800817,-8,5,6,1,-3,-3,-4,-4
11338,11338,1503696800832,-3,-11,-9,-3,0,0,-1,-1
12114,12114,1503696808453,3,3,4,0,0,-1,1,-1
12115,12115,1503696808460,4,-4,-10,-1,-2,0,-4,-3
12116,12116,1503696808468,-3,-3,-2,-1,1,0,3,0
12117,12117,1503696808483,-23,-5,-1,-1,-1,-1,-1,-2
12118,12118,1503696808491,5,1,-2,-3,0,-3,-4,-1
12119,12119,1503696808497,0,-7,-2,0,-2,-1,-2,-3
12120,12120,1503696808512,-8,-5,-5,-1,-1,0,-3,0
12121,12121,1503696808520,10,5,4,-1,0,-1,0,0
12122,12122,1503696808528,7,4,0,1,-2,1,-1,-1
12123,12123,1503696808545,4,9,13,2,-1,0,0,1
12124,12124,1503696808559,39,-4,-13,-3,-2,-2,-1,1
12125,12125,1503696808560,13,2,9,1,-2,-1,-2,-3
12126,12126,1503696808572,-18,-9,3,-1,-1,-1,-1,-2
12127,12127,1503696808580,14,-1,-4,1,2,0,2,1
12128,12128,1503696808589,-2,6,4,0,1,-1,0,0
12129,12129,1503696808602,-2,-1,-6,-4,-4,-3,-2,-1
12130,12130,1503696808611,12,6,2,-1,2,1,1,0
12131,12131,1503696808618,10,-2,-3,-2,0,1,0,0
12132,12132,1503696808632,-18,-8,-7,-1,-3,-2,-2,-2
12133,12133,1503696808640,2,-6,-11,-2,1,0,-1,1
12134,12134,1503696808649,2,3,4,1,0,-1,-1,-2
12135,12135,1503696808662,-6,-6,0,-2,-2,-2,-1,-2
12136,12136,1503696808670,-12,4,0,-1,0,1,0,0
12137,12137,1503696808677,-3,5,-3,0,0,-1,-1,0
12138,12138,1503696808693,-8,-1,2,-1,-3,-2,-1,-1
12139,12139,1503696808703,0,2,-6,-2,-2,1,0,1
12140,12140,1503696808718,-9,-5,-8,-1,-1,-1,0,-1
12141,12141,1503696808723,5,2,-1,-3,-3,-4,-1,1
12142,12142,1503696808737,-7,-5,-4,-2,-2,-2,-1,-3
12143,12143,1503696808739,-4,8,4,1,0,1,3,-1
12144,12144,1503696808752,12,7,5,0,-1,-2,1,0
12145,12145,1503696808760,-11,1,-3,2,-1,0,-1,-2
12146,12146,1503696808768,-5,-4,3,0,1,3,-1,-1
12147,12147,1503696808784,11,3,5,-2,1,0,1,1
12148,12148,1503696808791,1,4,3,2,0,1,-1,2
12149,12149,1503696808797,8,-3,-1,-1,-4,-2,-2,-1
12150,12150,1503696808812,10,-1,-2,-1,-3,0,0,1
12151,12151,1503696808820,-17,-6,-2,0,-1,-2,-4,0
12152,12152,1503696808828,7,5,-1,0,-3,0,-1,0
12153,12153,1503696808842,2,-9,1,1,-1,-2,-2,-2
12154,12154,1503696808854,6,-6,-1,0,1,0,-1,0
12155,12155,1503696808858,-18,-1,-1,-3,-1,-1,-3,-4
12156,12156,1503696808872,-2,0,10,0,1,-1,-1,-1
12157,12157,1503696808880,10,4,-2,-1,0,-1,-1,0
12158,12158,1503696808888,-16,-6,-6,0,1,0,1,-2
12159,12159,1503696808902,-9,-3,0,-2,-2,-2,-1,-2
12160,12160,1503696808910,-3,-4,-6,-2,-1,-1,-1,-3
12161,12161,1503696808918,-4,0,4,1,0,-2,0,-1
12162,12162,1503696808919,3,1,0,0,-2,-1,1,-1
12163,12163,1503696808932,26,6,2,-1,-2,-2,-1,3
12164,12164,1503696808939,-30,-11,-1,1,1,1,-1,-4
12165,12165,1503696808940,5,1,-1,-2,-2,-2,-1,-1
12166,12166,1503696808947,-3,-1,1,0,-1,-1,1,-1
12167,12167,1503696808962,-1,-6,-6,-3,0,-1,-1,0
12168,12168,1503696808970,8,-4,-9,-2,-2,-4,-4,-6
12169,12169,1503696808977,3,-1,0,-1,-1,1,2,1
12170,12170,1503696808993,-15,-1,-1,1,0,0,-1,2
12171,12171,1503696809000,8,-8,2,1,1,2,-1,-2
12172,12172,1503696809008,-31,-8,-2,0,-1,-2,-3,-1
12173,12173,1503696809023,18,2,-1,1,-1,-1,-1,1
12174,12174,1503696809030,13,1,2,-2,2,-1,-2,-1
12175,12175,1503696809037,-27,0,2,1,0,-1,2,-1
12176,12176,1503696809053,6,3,2,1,-1,-1,1,1
12177,12177,1503696809060,-4,0,-2,0,0,-1,-1,1
12178,12178,1503696809068,-4,-3,-1,-2,-2,-1,-1,-2
12179,12179,1503696809090,3,2,8,0,1,-2,-3,0
12180,12180,1503696809091,-4,-1,1,-1,0,2,4,2
12181,12181,1503696809099,-1,-7,-6,-3,0,-2,-2,-2
12182,12182,1503696809112,-7,-3,-2,-1,-2,-1,-3,-2
12183,12183,1503696809121,1,-3,-8,-4,0,-1,-2,-2
12184,12184,1503696809129,-4,2,-1,-3,-4,-4,-2,-4
12185,12185,1503696809142,11,6,-1,1,-1,0,-3,-2
12186,12186,1503696809153,-11,-7,-4,-1,0,-1,-1,0
12187,12187,1503696809157,-1,1,-2,-3,-1,-2,-1,0
12188,12188,1503696809162,10,1,0,-1,-1,-1,0,1
12189,12189,1503696809172,-2,0,1,1,-1,1,-2,-2
12190,12190,1503696809180,-11,-3,-2,-1,1,1,1,-1
12191,12191,1503696809189,2,6,1,-1,-1,-2,0,-2
12192,12192,1503696809202,3,-1,5,1,-1,-1,0,-1
12193,12193,1503696809210,15,0,-3,-4,-1,-4,-5,-2
12194,12194,1503696809220,-9,-12,-8,0,-1,-2,0,-3
12195,12195,1503696809232,-8,-10,2,0,-2,-3,-2,-1
12196,12196,1503696809240,22,5,-3,-1,-3,-1,-2,1
12197,12197,1503696809255,-7,2,-2,-1,1,0,-2,-2
12198,12198,1503696809263,-5,0,-1,-1,0,0,0,1
12199,12199,1503696809271,11,2,-2,-2,-1,0,1,2
12200,12200,1503696809287,-15,-10,-3,-3,1,-1,0,-2
12201,12201,1503696809294,-5,-2,-4,-1,0,1,0,0
12202,12202,1503696809300,-22,9,12,1,0,2,2,-1
12203,12203,1503696809314,12,16,12,1,2,0,1,1
12204,12204,1503696809322,4,-7,-8,-1,-1,-3,-2,-1
12205,12205,1503696809330,-17,-8,-4,-1,0,-1,-1,-4
12206,12206,1503696809331,2,2,-3,0,-3,-2,0,2
12207,12207,1503696809344,-33,-10,-7,-2,1,-2,-1,-2
12208,12208,1503696809354,2,-7,-7,-2,-1,1,-1,0
12209,12209,1503696809361,4,5,2,-1,-3,-1,0,0
12210,12210,1503696809374,-3,1,-2,-1,-2,-3,-4,-5
12211,12211,1503696809382,16,5,-6,0,-1,-1,2,2
12212,12212,1503696809398,-21,-9,1,-1,-1,0,-1,-3
12213,12213,1503696809404,77,28,3,0,-2,-2,1,3
12214,12214,1503696809412,5,-8,-4,0,-2,0,1,1
12215,12215,1503696809421,-22,-16,-7,-2,0,1,-3,-2
12216,12216,1503696809435,1,4,2,-2,-2,-2,-1,0
12217,12217,1503696809442,18,-1,8,2,2,-1,0,2
12218,12218,1503696809450,1,-4,-2,-2,0,-1,0,-4
12219,12219,1503696809464,1,6,0,1,-2,-1,0,-2
12220,12220,1503696809472,9,0,-1,-2,3,1,0,-2
12221,12221,1503696809480,2,-7,-4,-4,-1,-2,-2,-4
12222,12222,1503696809496,12,6,1,0,-1,0,-2,-4
12223,12223,1503696809502,-21,8,6,1,0,1,0,-2
12224,12224,1503696809511,5,10,6,-1,-1,1,1,0
12225,12225,1503696809524,-22,-12,-1,0,-1,0,-3,-4
12226,12226,1503696809532,5,0,-5,1,-1,0,0,0
12227,12227,1503696809540,-6,-2,-3,-4,0,-1,-1,0
12228,12228,1503696809555,-20,-16,-7,-1,0,-2,-2,-3
12229,12229,1503696809564,4,1,0,1,0,-1,0,-2
12230,12230,1503696809570,12,-4,-7,0,1,0,-2,0
12231,12231,1503696809584,-8,-3,-2,-1,0,0,-3,-1
12661,12661,1503696813770,6,-4,1,0,0,-12,-5,-3
12662,12662,1503696813784,-7,-3,-1,-3,0,10,2,-3
12663,12663,1503696813785,-57,-6,-1,-3,-3,-2,2,-2
12664,12664,1503696813793,9,3,-4,-3,-5,-2,4,2
12665,12665,1503696813799,47,7,4,2,-3,-2,-3,9
12666,12666,1503696813815,-1,-2,2,7,6,2,-2,0
12667,12667,1503696813822,5,5,1,2,2,3,2,6
12668,12668,1503696813837,17,0,2,-2,-1,6,-7,-11
12669,12669,1503696813844,3,1,3,2,0,-3,-3,-3
12670,12670,1503696813845,-6,-3,-2,-1,-1,-2,-4,-1
12671,12671,1503696813859,2,1,-3,-2,-2,-2,-3,2
12672,12672,1503696813861,6,-4,-2,-4,-1,-2,2,-2
12673,12673,1503696813878,-1,-2,-1,-3,-4,3,4,5
12674,12674,1503696813882,-11,-6,-4,-2,1,9,5,1
12675,12675,1503696813890,-18,-3,-1,-1,0,0,0,-4
12676,12676,1503696813904,-6,1,1,0,-2,-4,-1,-1
12677,12677,1503696813912,-8,-1,-2,-1,1,2,6,2
12678,12678,1503696813927,-14,-2,-2,2,-1,-2,-2,-4
12679,12679,1503696813935,-44,-7,-3,-1,-1,-1,-2,-1
12680,12680,1503696813944,7,0,-2,-4,-3,0,0,2
12681,12681,1503696813957,7,0,-1,-1,-2,-2,-1,1
12682,12682,1503696813964,6,2,1,0,-3,-3,-4,-2
12683,12683,1503696813973,31,5,4,0,4,6,2,6
12684,12684,1503696813994,5,1,0,0,3,11,1,1
12685,12685,1503696813996,6,0,3,1,0,0,-3,-4
12686,12686,1503696814002,9,2,-2,-1,-1,-4,-1,0
12687,12687,1503696814017,-32,-10,-5,-2,-1,-3,-2,-8
12688,12688,1503696814024,-9,3,0,-2,0,-4,0,1
12689,12689,1503696814032,34,4,0,0,-2,-4,-1,2
12690,12690,1503696814047,4,0,-2,-2,-1,-9,-4,1
12691,12691,1503696814055,-6,-1,1,0,0,-3,4,3
12692,12692,1503696814062,35,4,0,-1,-2,1,-1,-1
12693,12693,1503696814080,3,-2,-1,0,-1,-2,-4,-1
12694,12694,1503696814085,-6,-3,1,-2,0,-6,-2,-3
12695,12695,1503696814092,4,0,-3,-4,-5,3,1,2
12696,12696,1503696814108,-30,-11,-4,-3,-2,1,-4,-12
12697,12697,1503696814115,-25,1,2,-2,0,-1,0,-2
12698,12698,1503696814123,4,-3,-4,-5,-4,-9,-1,2
12699,12699,1503696814137,4,2,0,-1,-3,-6,1,0
12700,12700,1503696814145,0,0,-1,3,5,3,1,1
12701,12701,1503696814153,-4,-4,-2,-2,0,6,2,-1
12702,12702,1503696814167,3,1,-1,-2,0,1,-3,1
12703,12703,1503696814177,7,0,-5,-3,-3,-3,-5,0
12704,12704,1503696814183,26,3,3,7,2,2,3,2
12705,12705,1503696814197,3,3,0,0,2,0,1,3
12706,12706,1503696814204,-22,-2,-1,-3,-2,-1,-3,-4
12707,12707,1503696814213,1,0,1,-1,-2,-3,-4,-3
12708,12708,1503696814227,19,2,3,3,-1,-5,1,6
12709,12709,1503696814235,8,-4,1,10,8,0,-1,-2
12710,12710,1503696814243,-6,-6,-2,-2,1,-1,2,-2
12711,12711,1503696814257,10,-1,0,1,0,2,0,-1
12712,12712,1503696814264,4,1,-3,7,1,17,1,8
12713,12713,1503696814272,-15,-1,1,19,13,3,0,-2
12714,12714,1503696814287,-9,0,-3,-1,0,-5,-3,-6
12715,12715,1503696814295,-6,2,0,-7,-4,-4,-5,-6
12716,12716,1503696814302,2,-7,-4,-5,-3,-4,1,2
12717,12717,1503696814319,-8,-2,-3,-8,-8,1,1,-2
12718,12718,1503696814324,29,-1,-3,1,2,-4,-2,0
12719,12719,1503696814325,-21,2,2,-5,0,8,-1,-6
12720,12720,1503696814332,-20,-5,-5,-4,-3,6,-4,0
12721,12721,1503696814347,-13,-2,4,9,5,0,-1,-2
12722,12722,1503696814355,-11,-1,-3,-3,-3,-14,-4,-3
12723,12723,1503696814362,-1,0,0,-6,-4,0,0,2
12724,12724,1503696814379,6,0,-1,-6,-3,-3,0,-3
12725,12725,1503696814385,3,1,0,6,-1,-2,-2,-3
12726,12726,1503696814392,-11,-3,-2,-9,-2,-2,-2,-2
12727,12727,1503696814407,12,6,3,-8,-3,6,2,1
12728,12728,1503696814415,8,4,1,1,-2,5,2,2
12729,12729,1503696814423,9,-2,0,13,8,-6,-3,0
12730,12730,1503696814437,-6,-5,-1,-3,-1,-4,-3,-4
12731,12731,1503696814453,19,2,1,2,-4,-2,0,0
12732,12732,1503696814467,-1,-1,-1,2,6,-2,0,0
12733,12733,1503696814475,11,1,0,-5,-3,-1,-1,2
12734,12734,1503696814482,-8,0,0,-3,-7,-6,-1,-2
12735,12735,1503696814497,-2,-2,1,2,1,2,0,0
12736,12736,1503696814505,-9,-3,-1,0,-1,-1,0,-3
12737,12737,1503696814517,-1,-4,-1,-1,1,11,1,4
12738,12738,1503696814527,-5,-4,-1,-2,0,8,-2,-2
12739,12739,1503696814535,8,0,-2,-6,-4,-5,-2,-1
12740,12740,1503696814542,13,8,-1,-3,1,-5,0,3
12741,12741,1503696814557,-9,-1,-1,4,1,-1,1,1
12742,12742,1503696814564,4,-2,-1,-12,-5,-6,-2,-4
12743,12743,1503696814572,4,4,0,-3,0,-2,-1,-1
12744,12744,1503696814588,-5,0,-5,-8,-5,-4,1,-2
12745,12745,1503696814595,-3,0,0,4,2,1,-1,-1
12746,12746,1503696814602,2,-3,-2,6,4,-6,-4,-2
12747,12747,1503696814617,-8,1,1,-1,-7,-5,-4,-2
12748,12748,1503696814624,8,0,-1,7,-2,-9,-1,0
12749,12749,1503696814632,-14,-2,-2,2,1,-1,-2,-4
12750,12750,1503696814647,3,2,1,2,-6,2,1,1
12751,12751,1503696814656,44,4,1,-1,-3,0,1,-1
12752,12752,1503696814662,-7,-8,-5,-12,-5,-2,-1,-1
12753,12753,1503696814677,-9,-10,-2,-4,-4,-4,-3,-3
12754,12754,1503696814685,-2,-4,1,0,0,3,1,2
12755,12755,1503696814692,-9,-2,-4,-6,-3,-10,-3,-1
12756,12756,1503696814707,-12,-7,-6,-6,1,-1,0,-2
12757,12757,1503696814715,-4,3,0,3,4,-2,2,1
12758,12758,1503696814722,5,3,3,-8,-11,1,-2,-3
12759,12759,1503696814737,1,-2,-1,2,1,1,-2,0
12760,12760,1503696814744,-1,1,2,15,12,3,0,-4
12761,12761,1503696814752,-2,0,0,5,4,-1,2,-1
12762,12762,1503696814767,-3,-6,-4,-9,-3,1,-1,-1
12763,12763,1503696814775,-2,1,0,-4,-2,-3,-3,2
12764,12764,1503696814782,0,0,2,3,1,-2,1,2
12765,12765,1503696814797,-1,3,0,9,-1,-1,1,0
12766,12766,1503696814804,5,4,-2,1,3,1,0,2
12767,12767,1503696814815,4,-5,-5,-8,4,0,-1,1
12768,12768,1503696814834,-12,-1,-2,-3,-3,1,1,-1
12769,12769,1503696814836,-7,-12,-5,5,9,3,1,-2
12770,12770,1503696814849,7,1,-1,-2,-3,-1,-3,-3
12771,12771,1503696814858,-5,3,2,11,0,1,-1,-1
12772,12772,1503696814866,3,5,5,12,3,-2,0,-1
12773,12773,1503696814882,8,4,-1,-3,-3,0,-2,0
12774,12774,1503696814887,-16,-3,-4,-5,-2,1,1,-1
12775,12775,1503696814895,-1,-4,3,-3,-6,0,-3,-3
12776,12776,1503696814909,-6,3,0,-3,0,-2,0,-1
12777,12777,1503696814917,-4,-2,-4,-4,-2,0,0,0
12778,12778,1503696814925,9,3,6,2,3,3,0,1
12779,12779,1503696814939,-13,-1,-1,-5,-4,-2,-5,-6
12780,12780,1503696814940,12,6,-4,-5,2,-3,-1,1
12781,12781,1503696814948,6,1,-5,-2,2,-1,0,0
12782,12782,1503696814955,-6,-4,-2,-12,-9,-1,-3,-4
12783,12783,1503696814969,-3,0,2,6,0,-3,0,2
12784,12784,1503696814977,-9,6,3,-2,-2,-1,-1,-5
12785,12785,1503696814990,-7,-7,-3,-4,-3,0,-1,1
12786,12786,1503696815000,-15,-6,-1,2,2,0,-1,-1
12787,12787,1503696815007,-12,-3,-4,-9,5,-2,-6,-6
12788,12788,1503696815016,3,7,0,0,3,1,2,1
12789,12789,1503696815017,4,-4,0,2,-7,-1,0,-1
12790,12790,1503696815029,12,0,-1,11,-3,-1,0,0
12791,12791,1503696815037,-1,-5,1,8,8,2,1,0
12792,12792,1503696815044,2,4,1,4,-3,-1,-1,-3
12793,12793,1503696815059,-2,-1,-2,-1,-3,-2,-1,-2
12794,12794,1503696815067,-6,-4,-3,-12,0,-2,-3,-1
12795,12795,1503696815075,-10,-5,-6,-12,-2,-2,-1,-1
12796,12796,1503696815089,5,-3,0,-3,-1,-2,-3,-1
12797,12797,1503696815097,-1,-3,-1,3,7,3,2,2
12798,12798,1503696815111,9,8,4,-8,-9,-2,1,2
12799,12799,1503696815119,1,-1,-2,7,0,0,-2,-3
12800,12800,1503696815142,4,-8,-6,-1,-3,-1,1,-1
12801,12801,1503696815143,-1,-1,-1,-9,-3,-1,-1,0
12802,12802,1503696815149,4,-2,-5,2,-2,0,-2,0
12803,12803,1503696815157,15,5,1,4,1,-1,0,3
12804,12804,1503696815158,-36,-7,-6,-8,-8,-3,-4,-6
12805,12805,1503696815164,0,10,3,0,-3,1,0,1
12806,12806,1503696815179,18,5,4,6,7,2,1,3
12807,12807,1503696815187,-12,-4,-3,3,4,-2,-1,-3
12808,12808,1503696815195,13,6,-1,4,2,-1,1,1
12809,12809,1503696815209,0,0,2,-1,-4,-2,-3,-3
12810,12810,1503696815218,1,-4,-1,-2,-1,0,1,1
12811,12811,1503696815225,11,4,3,1,-1,0,0,4
13424,13424,1503696821171,1,1,-3,-1,-1,-1,2,4
13425,13425,1503696821182,-10,2,-8,0,-1,-2,-2,-4
13426,13426,1503696821201,-21,-13,-3,-3,-2,-1,1,-4
13427,13427,1503696821203,9,-6,-4,-1,0,-1,-1,-1
13428,13428,1503696821209,24,10,3,-1,2,-1,0,-1
13429,13429,1503696821225,2,-5,-3,-1,0,0,-2,1
13430,13430,1503696821231,-10,-9,-6,-3,-3,-1,-1,-1
13431,13431,1503696821240,-5,4,-4,-2,-3,-2,1,0
13432,13432,1503696821255,24,4,-2,-2,-1,-1,0,0
13433,13433,1503696821261,-4,-6,-4,-3,-1,1,1,3
13434,13434,1503696821269,2,-5,-4,-3,-4,-1,-3,-4
13435,13435,1503696821286,5,-2,-2,1,0,0,0,2
13436,13436,1503696821292,-9,-8,0,1,1,-2,0,0
13437,13437,1503696821299,17,1,-5,-3,0,-3,0,1
13438,13438,1503696821300,0,-4,-4,-2,-2,-2,-1,0
13439,13439,1503696821315,14,4,0,1,0,-1,-2,0
13440,13440,1503696821322,-5,-7,-1,0,-1,-1,0,-1
13441,13441,1503696821329,-5,-1,-2,-1,-1,0,-2,1
13442,13442,1503696821346,8,-13,-9,-2,-1,-2,-2,-1
13443,13443,1503696821352,-12,-2,-5,-3,-1,0,2,0
13444,13444,1503696821366,-9,5,2,-1,0,-1,1,-1
13445,13445,1503696821373,-7,0,0,4,1,1,0,-2
13446,13446,1503696821382,0,4,-2,-1,-4,0,-3,-2
13447,13447,1503696821396,-9,-5,1,-2,2,-3,-1,0
13448,13448,1503696821404,1,-2,-7,-1,0,-1,1,0
13449,13449,1503696821413,9,1,0,-1,-4,1,0,-2
13450,13450,1503696821427,-7,5,6,0,0,0,0,-2
13451,13451,1503696821433,-34,-12,-4,0,0,1,-2,-2
13452,13452,1503696821442,2,9,3,1,0,0,-1,-1
13453,13453,1503696821456,27,8,-1,0,-1,-2,1,0
13454,13454,1503696821464,-7,-4,-1,-1,-2,-1,-1,-2
13455,13455,1503696821471,-2,5,0,-2,-4,-1,-1,0
13456,13456,1503696821487,3,2,10,3,3,-2,-1,-4
13457,13457,1503696821493,-7,-2,-4,-2,-2,0,2,-1
13458,13458,1503696821501,-9,2,2,-1,-3,0,-1,-1
13459,13459,1503696821517,3,-7,-4,-1,1,-2,-3,0
13460,13460,1503696821524,-6,5,-3,0,-1,0,-4,-3
13461,13461,1503696821538,12,-3,-3,0,-1,-1,0,-3
13462,13462,1503696821548,13,-4,1,-2,0,0,2,2
13463,13463,1503696821553,-15,0,-1,-3,-1,0,0,0
13464,13464,1503696821562,-11,-7,0,0,0,-1,-1,-1
13465,13465,1503696821576,-4,-5,2,0,1,-1,-5,-3
13466,13466,1503696821584,-4,-8,-4,-3,-3,-1,0,-1
13467,13467,1503696821591,-1,4,1,0,-1,0,-3,-2
13468,13468,1503696821606,8,-1,0,-1,-1,-2,-2,-6
13469,13469,1503696821607,-1,3,1,-1,0,-1,-1,2
13470,13470,1503696821615,-22,-8,-2,-3,-1,-1,-1,0
13471,13471,1503696821622,-2,-3,5,1,0,-1,0,-1
13472,13472,1503696821637,-3,2,1,0,-4,-2,1,0
13473,13473,1503696821644,-13,-1,-8,-2,1,-1,-6,-4
13474,13474,1503696821652,-10,-9,-3,-1,-1,0,-2,-1
13475,13475,1503696821666,4,7,0,0,-1,-1,0,0
13476,13476,1503696821673,4,-6,-4,-1,-1,0,2,-1
13477,13477,1503696821682,1,-7,-2,1,1,-1,-2,1
13478,13478,1503696821696,15,-3,2,-3,-2,-2,-4,-1
13479,13479,1503696821704,-23,-3,0,-2,-2,0,1,-2
13480,13480,1503696821711,6,-3,-5,-3,-2,-2,-1,-2
13481,13481,1503696821712,-1,1,-2,0,0,1,-1,-2
13482,13482,1503696821726,-11,-1,2,-1,-1,-2,-1,-1
13483,13483,1503696821733,5,3,7,-1,2,-1,-1,0
13484,13484,1503696821742,-2,-5,2,2,0,0,0,-3
13485,13485,1503696821757,9,2,-3,-2,-2,0,-1,0
13486,13486,1503696821764,-15,-4,-1,-2,-1,0,-2,-4
13487,13487,1503696821772,-4,-3,-1,1,-1,-2,0,1
13488,13488,1503696821787,14,4,-3,-2,0,-1,-2,0
13489,13489,1503696821793,3,8,-2,0,-2,-2,-2,-3
13490,13490,1503696821801,13,-1,-1,0,2,1,0,1
13491,13491,1503696821816,-14,1,3,-1,1,-2,0,0
13492,13492,1503696821825,4,-4,-8,-2,-2,0,1,1
13493,13493,1503696821831,5,11,3,-1,-2,0,1,-2
13494,13494,1503696821847,-1,-7,-1,-2,-1,-1,0,-2
13495,13495,1503696821854,7,7,6,0,-1,0,-2,-1
13496,13496,1503696821862,6,1,2,0,-1,0,-1,3
13497,13497,1503696821876,9,1,-2,-3,-1,-1,-2,-2
13498,13498,1503696821887,1,0,3,0,-2,-1,-1,-3
13499,13499,1503696821892,-7,-5,-3,0,5,1,0,1
13500,13500,1503696821907,0,2,-2,-2,-1,-2,1,0
13501,13501,1503696821915,10,4,-1,0,-2,0,-1,0
13502,13502,1503696821922,13,11,1,-1,-3,-2,-4,2
13503,13503,1503696821936,-27,-5,-1,3,2,1,4,1
13504,13504,1503696821944,-10,6,-2,-2,-3,-2,0,-1
13505,13505,1503696821952,-8,-1,-4,-1,-3,-1,-2,-1
13506,13506,1503696821967,1,-9,-4,1,1,0,1,-1
13507,13507,1503696821974,-7,-8,-5,-2,-4,-1,-1,-1
13508,13508,1503696821984,8,3,0,-2,-1,-2,-2,-1
13509,13509,1503696821996,-4,-3,1,-1,-3,0,-1,-2
13510,13510,1503696822004,0,-2,-1,-1,1,1,-1,-1
13511,13511,1503696822012,16,1,-1,-2,1,-2,0,1
13512,13512,1503696822027,0,1,-1,-1,-3,-1,-2,-4
13513,13513,1503696822034,-7,-4,-6,-2,-3,-2,-4,-1
13514,13514,1503696822041,-1,3,4,1,1,-3,-1,-2
14201,14201,1503696828731,6,9,1,-3,-2,0,-1,0
14202,14202,1503696828739,-3,-3,-5,-1,1,0,-2,-1
14203,14203,1503696828754,-7,-6,-5,-2,0,-2,-3,-1
14204,14204,1503696828762,-2,-4,0,-1,-3,-1,0,-1
14205,14205,1503696828769,-5,-1,0,1,0,0,0,-3
14206,14206,1503696828785,6,0,-3,0,-1,0,0,-1
14207,14207,1503696828792,-10,-3,-2,-1,-1,0,0,-1
14208,14208,1503696828793,14,1,0,0,-2,-1,-3,-1
14209,14209,1503696828799,-5,-2,1,-2,-1,-3,-1,0
14210,14210,1503696828814,-1,-4,-1,0,0,1,4,2
14211,14211,1503696828823,-12,-9,7,0,-2,2,-2,-1
14212,14212,1503696828836,0,-2,-2,-2,0,-3,-1,0
14213,14213,1503696828844,7,6,13,1,1,1,-1,1
14214,14214,1503696828851,-1,0,0,1,-2,0,-1,-3
14215,14215,1503696828866,-3,0,-7,-2,0,0,0,0
14216,14216,1503696828874,-1,6,6,1,-1,-3,0,1
14217,14217,1503696828884,6,2,1,-1,0,-2,-2,-2
14218,14218,1503696828885,-12,-7,-8,-2,-1,-2,2,-1
14219,14219,1503696828896,-1,-13,-10,-1,-1,-3,1,0
14220,14220,1503696828904,8,3,-1,-1,-1,0,-2,1
14221,14221,1503696828911,-2,0,-3,-3,0,0,-2,1
14222,14222,1503696828928,1,-5,4,1,0,-3,-2,-2
14223,14223,1503696828933,-2,2,1,-1,-1,-2,-2,0
14224,14224,1503696828942,0,0,-7,-3,-1,-3,-3,-2
14225,14225,1503696828957,-7,2,-3,0,-2,0,0,-2
14226,14226,1503696828964,4,3,0,0,-1,0,1,2
14227,14227,1503696828971,-6,-1,-4,-1,0,0,0,0
14228,14228,1503696828990,-6,1,-5,0,0,-1,0,-1
14229,14229,1503696828994,18,1,-1,0,0,1,-2,-2
14230,14230,1503696829002,-1,-7,-4,-2,-1,-1,-2,-4
14231,14231,1503696829018,-4,9,13,1,-1,-1,1,1
14232,14232,1503696829024,-11,0,0,0,-1,-1,1,-1
14233,14233,1503696829031,2,-5,-3,-2,-1,-2,0,0
14234,14234,1503696829046,-4,7,10,0,0,0,-2,-1
14235,14235,1503696829054,-2,-1,-4,-2,0,-2,-3,-3
14236,14236,1503696829062,7,-1,-7,-3,-1,1,0,-1
14237,14237,1503696829076,1,-3,0,-2,-1,-1,-1,-1
14238,14238,1503696829088,-2,2,-1,0,-1,-2,-2,-1
14239,14239,1503696829091,2,-1,-1,-1,-1,0,0,0
14240,14240,1503696829107,-1,-1,3,-1,-3,0,0,-1
14241,14241,1503696829114,-2,6,1,2,1,1,-1,-1
14242,14242,1503696829122,1,5,6,1,-1,-2,-3,1
14243,14243,1503696829143,4,2,-3,-2,0,-1,0,0
14244,14244,1503696829145,16,2,-4,-1,-1,0,-1,-2
14245,14245,1503696829153,-13,-3,-4,-1,-1,-2,-3,-2
14246,14246,1503696829166,7,2,-1,0,-2,-2,0,1
14247,14247,1503696829173,-8,-3,-3,0,0,1,1,-2
14248,14248,1503696829189,-12,-13,-2,0,1,0,-2,-3
14249,14249,1503696829196,4,-4,-2,-1,-1,0,1,0
14250,14250,1503696829211,-4,9,-1,-1,-1,-1,0,1
14251,14251,1503696829212,-4,-4,1,-2,-1,-1,-1,0
14252,14252,1503696829227,-7,4,10,2,2,1,1,0
14253,14253,1503696829233,9,10,10,2,0,0,-1,0
14254,14254,1503696829234,1,0,0,-1,-3,-2,-2,-1
14255,14255,1503696829243,4,2,-9,-1,0,-1,-2,-2
14256,14256,1503696829257,10,3,1,-1,0,-2,-1,-1
14257,14257,1503696829264,-1,-5,-3,-3,-1,-1,-2,-2
14258,14258,1503696829271,-1,-4,-5,0,-1,-1,-2,-1
14259,14259,1503696829288,-19,1,-1,0,0,-3,0,-3
14260,14260,1503696829294,-8,-1,-3,-2,1,-1,-1,1
14261,14261,1503696829302,-3,-7,-1,-2,-1,0,1,1
14262,14262,1503696829316,1,5,1,1,-1,-2,-2,-1
14263,14263,1503696829324,-3,-4,-5,-3,0,0,0,0
14264,14264,1503696829331,-1,-3,0,-1,0,1,1,-1
14265,14265,1503696829347,11,1,-6,-1,-1,-1,0,0
14266,14266,1503696829354,1,1,9,0,-1,-1,-1,-2
14267,14267,1503696829362,3,-8,-6,-2,-2,-1,0,0
14268,14268,1503696829376,-8,-3,-1,1,0,-1,0,-2
14269,14269,1503696829384,-3,-10,0,0,-2,-1,-2,-1
14270,14270,1503696829391,-8,-5,0,0,-1,0,0,-2
14271,14271,1503696829406,-20,-4,-5,0,0,2,1,1
14272,14272,1503696829414,-7,-3,2,-4,-2,0,-2,-1
14273,14273,1503696829422,7,-2,-1,-1,-2,0,-1,-1
14274,14274,1503696829436,1,5,-1,0,0,1,2,1
14275,14275,1503696829451,-4,-6,-1,0,0,-2,-2,-2
14276,14276,1503696829454,1,5,-3,0,-1,-2,-1,1
14277,14277,1503696829466,-3,0,-1,-2,-2,1,-2,-1
14278,14278,1503696829473,9,0,-3,-1,-2,0,-1,0
14279,14279,1503696829482,3,-7,4,-1,-2,0,3,1
14280,14280,1503696829497,13,-8,-20,-3,-2,-1,-4,-3
14281,14281,1503696829504,11,0,-1,-1,0,-1,-3,-1
14282,14282,1503696829511,-7,-5,0,-1,-1,0,0,0
14283,14283,1503696829526,1,-3,-7,-3,-1,-1,-2,0
14284,14284,1503696829527,-4,-3,-2,0,1,-2,-1,0
14285,14285,1503696829534,-15,-11,-1,0,-1,-2,0,-1
14286,14286,1503696829542,-2,3,4,0,-1,0,-1,-3
14287,14287,1503696829557,-4,4,7,0,-1,1,2,1
14288,14288,1503696829565,-9,2,-3,-1,0,0,-1,0
14289,14289,1503696829571,-6,-2,-1,0,0,1,-1,0
14290,14290,1503696829588,6,9,1,1,-1,-3,-2,0
14291,14291,1503696829594,0,-4,1,-1,0,-2,0,-2
14292,14292,1503696829602,18,5,7,-1,1,1,0,1
14293,14293,1503696829616,-10,-6,0,-2,0,1,-3,-2
14294,14294,1503696829626,-5,-1,-2,1,0,1,1,3
14295,14295,1503696829631,0,-2,0,-1,0,0,-2,0
14296,14296,1503696829646,-1,1,-2,-1,-2,-1,-1,0
14297,14297,1503696829655,7,10,13,1,-1,0,-1,1
14298,14298,1503696829663,3,9,5,1,-1,-2,0,-1
14299,14299,1503696829676,-4,-9,-3,2,0,0,-1,-1
14300,14300,1503696829684,2,-4,-6,-1,0,-1,-1,0
14301,14301,1503696829693,-2,1,-3,-3,-2,-2,-1,-1
14302,14302,1503696829706,-6,-8,-1,-1,0,-2,-2,-6
14303,14303,1503696829714,4,1,-1,0,-1,-1,-3,-2
14304,14304,1503696829724,-5,-2,-3,-2,-3,-1,-2,-2
14305,14305,1503696829736,4,-1,-6,-2,0,1,0,-1
14306,14306,1503696829745,-13,4,-2,-3,-2,-2,-3,-2
14307,14307,1503696829751,5,3,1,-1,-2,-2,-3,-1
14308,14308,1503696829767,1,0,3,0,-1,0,1,0
14309,14309,1503696829773,1,4,-1,-2,-1,-3,0,0
14310,14310,1503696829789,2,-2,-7,-3,-1,-1,0,0
14311,14311,1503696829798,-1,-5,-7,-2,-1,0,1,-3
14312,14312,1503696829804,-17,-5,-5,-2,-2,-1,-2,-4
14313,14313,1503696829818,-9,-2,3,0,0,0,1,2
14314,14314,1503696829826,6,3,0,-1,0,-2,-1,-1
14857,14857,1503696835121,24,1,-3,-3,-1,-2,0,2
14858,14858,1503696835129,-42,-6,-5,0,0,-1,-2,-8
14859,14859,1503696835136,2,-2,-3,-1,-2,1,-2,-2
14860,14860,1503696835151,40,5,2,1,1,0,0,4
14861,14861,1503696835159,-11,-1,2,1,-3,-1,-1,1
14862,14862,1503696835166,-2,-3,-2,-2,0,1,-3,-1
14863,14863,1503696835183,-7,-6,-4,-2,-2,-2,1,0
14864,14864,1503696835196,-4,3,2,-1,-1,1,1,1
14865,14865,1503696835197,5,2,1,0,-1,0,-1,0
14866,14866,1503696835211,-12,-1,-2,-1,0,0,0,2
14867,14867,1503696835219,-1,2,5,-3,0,-1,0,-1
14868,14868,1503696835226,5,3,-3,-1,-1,0,-1,-3
14869,14869,1503696835241,-30,-7,-6,-2,-2,-2,-5,-12
14870,14870,1503696835250,-8,-4,-2,-1,-1,0,-2,-1
14871,14871,1503696835256,-3,-2,1,-1,0,-1,-2,0
14872,14872,1503696835271,37,2,-1,0,-2,-3,-3,1
14873,14873,1503696835278,3,-4,-2,0,-1,-1,-1,2
14874,14874,1503696835287,-5,-3,-2,0,-1,0,-2,-2
14875,14875,1503696835301,-3,3,-2,-2,0,0,0,2
14876,14876,1503696835309,7,-3,2,-1,-1,-1,-3,-2
14877,14877,1503696835317,6,0,-2,0,-1,1,4,2
14878,14878,1503696835331,-8,-2,-1,-2,0,-2,1,-2
14879,14879,1503696835338,-16,-4,-1,-1,-1,-2,-2,-2
14880,14880,1503696835346,2,3,-2,0,1,-3,0,0
14881,14881,1503696835361,23,6,3,0,1,-1,-1,1
14882,14882,1503696835369,-5,-4,-4,-3,-2,-1,-3,-2
14883,14883,1503696835384,24,1,-2,0,-1,0,-2,2
14884,14884,1503696835391,-14,-3,1,0,-1,1,-1,-1
14885,14885,1503696835399,1,-2,-2,0,-2,-2,0,1
14886,14886,1503696835413,-12,0,2,2,-1,1,2,-1
14887,14887,1503696835421,-7,2,4,1,0,0,-2,-2
14888,14888,1503696835429,10,1,11,2,0,2,2,4
14889,14889,1503696835443,4,7,3,1,1,0,0,1
14890,14890,1503696835451,17,4,3,-1,-2,-3,-2,-1
14891,14891,1503696835458,-19,-6,3,-1,-1,-1,-2,-1
14892,14892,1503696835459,-23,-6,-1,-3,1,0,-2,-2
14893,14893,1503696835474,-14,-6,-7,-2,-1,0,0,0
14894,14894,1503696835481,-22,-6,-7,-2,-1,-2,-2,-4
14895,14895,1503696835490,-25,-1,-2,-1,1,-2,-2,-3
14896,14896,1503696835510,-1,-1,5,2,-1,1,-1,-1
14897,14897,1503696835512,19,11,4,1,0,-2,-3,0
14898,14898,1503696835520,4,-5,-5,-3,-2,-2,0,-4
14899,14899,1503696835533,0,0,1,-1,-2,-5,-1,0
14900,14900,1503696835541,34,9,-2,0,2,16,5,2
14901,14901,1503696835552,-2,-6,-14,0,1,-2,-12,-3
14902,14902,1503696835564,6,-6,-7,-3,-3,-8,-5,-1
14903,14903,1503696835571,0,-3,3,-1,-1,1,6,4
14904,14904,1503696835578,-32,-10,-3,-1,0,-3,-3,-2
14905,14905,1503696835594,-9,2,-3,-2,-3,-2,3,1
14906,14906,1503696835601,-12,-8,0,-2,-2,-2,-2,-4
14907,14907,1503696835618,-59,-12,2,-2,0,-1,1,-8
14908,14908,1503696835623,5,6,4,0,0,1,-1,1
14909,14909,1503696835631,27,2,-2,0,1,3,3,1
14910,14910,1503696835638,-3,-8,-3,1,-3,-6,-4,-2
14911,14911,1503696835654,-6,0,2,1,3,23,3,0
14912,14912,1503696835662,46,6,-1,1,0,5,-2,5
14913,14913,1503696835669,3,0,-4,-4,-3,0,1,1
14914,14914,1503696835685,-16,1,0,0,-1,-4,-2,-1
14915,14915,1503696835691,10,-5,1,-2,-2,-8,-2,1
14916,14916,1503696835699,-9,-4,-4,-3,-1,-1,2,1
14917,14917,1503696835713,9,13,18,5,-1,-2,4,2
14918,14918,1503696835722,-14,-4,2,0,0,-3,-2,-3
14919,14919,1503696835729,-13,-8,-10,-3,-2,-3,-4,-7
14920,14920,1503696835743,9,4,3,0,1,-1,-1,-3
14921,14921,1503696835753,17,2,-1,-2,-1,-3,-1,0
14922,14922,1503696835759,-4,-4,-7,-3,-2,-1,1,2
14923,14923,1503696835773,3,13,10,0,0,-4,-1,-1
14924,14924,1503696835781,18,1,3,-1,0,-1,0,0
14925,14925,1503696835789,-10,-11,-10,-2,-1,-1,-1,-2
14926,14926,1503696835803,8,6,3,2,-1,-2,2,1
14927,14927,1503696835811,-12,-5,-3,0,-2,-2,-5,-7
14928,14928,1503696835820,-6,-5,-10,-2,1,0,0,1
14929,14929,1503696835834,2,6,-4,-2,0,-2,-3,0
14930,14930,1503696835841,-20,-14,-4,-2,1,-2,0,-2
14931,14931,1503696835849,21,11,-2,-3,-1,-2,1,3
14932,14932,1503696835864,-54,-3,-2,-2,-2,-2,-5,-4
14933,14933,1503696835871,-7,-12,-2,-1,1,-1,-1,-1
14934,14934,1503696835878,8,10,6,-1,-2,0,-1,-3
14935,14935,1503696835894,3,0,-1,1,0,-1,-1,4
14936,14936,1503696835901,13,4,3,0,-2,-3,-3,-2
14937,14937,1503696835909,14,-6,-6,-2,-3,0,0,-2
14938,14938,1503696835924,11,10,0,0,-1,0,1,-1
14939,14939,1503696835931,0,1,-4,-2,0,0,1,0
14940,14940,1503696835938,-12,-7,-9,-1,0,0,0,-3
14941,14941,1503696835963,-8,-11,0,0,-1,-2,-1,-4
14942,14942,1503696835969,-15,-4,5,1,-1,-3,-1,-1
14943,14943,1503696835983,14,3,-1,-2,-2,-1,1,2
14944,14944,1503696835992,-16,-3,-2,-2,-1,0,-3,-3
14945,14945,1503696835998,5,1,-8,0,0,-1,-1,2
14946,14946,1503696835999,6,3,5,-1,-1,-1,-1,-1
14947,14947,1503696836013,-20,-3,-2,0,-1,-1,1,10
14948,14948,1503696836022,11,1,-6,-2,0,-1,1,9
14949,14949,1503696836030,-29,-17,-2,0,-1,-2,-6,-18
14950,14950,1503696836044,7,5,2,2,0,0,-2,9
14951,14951,1503696836053,15,19,0,0,0,0,1,2
14952,14952,1503696836059,1,-6,-3,-1,1,-1,0,-3
14953,14953,1503696836073,10,-3,-1,-2,-1,1,0,0
14954,14954,1503696836081,-4,3,11,-1,-1,-1,-1,-2
14955,14955,1503696836089,-24,-16,-4,1,0,-1,-2,-2
14956,14956,1503696836103,15,-10,-9,-1,-1,1,-1,-4
14957,14957,1503696836112,9,-3,-4,-2,-1,0,-1,4
14958,14958,1503696836122,-5,-8,-3,-1,0,-1,0,-4
14959,14959,1503696836133,0,5,4,-1,-2,2,0,3
14960,14960,1503696836141,42,13,4,2,-1,1,-1,2
14961,14961,1503696836149,3,0,10,1,0,-1,-3,-3
14962,14962,1503696836164,13,4,-2,-1,-1,-1,-1,-1
14963,14963,1503696836171,15,4,-5,-1,-1,-2,0,1
14964,14964,1503696836178,-18,-6,-3,-2,-2,-1,-3,-4
14965,14965,1503696836193,-3,0,6,1,0,0,-1,-2
14966,14966,1503696836194,-4,-5,-12,-5,-2,-4,-3,-5
14967,14967,1503696836201,-16,7,0,0,1,-1,-2,-2
14968,14968,1503696836209,5,-7,-2,0,0,-3,-1,-1
14969,14969,1503696836226,1,7,2,-1,-1,-1,1,2
14970,14970,1503696836231,-29,-2,9,0,1,1,-2,-3
14971,14971,1503696836232,14,15,-1,2,1,0,1,-3
14972,14972,1503696836238,-8,-8,-6,-2,-2,0,1,-2
14973,14973,1503696836255,23,7,0,-1,0,0,1,1
14974,14974,1503696836263,-4,3,-4,-4,-3,-1,0,-1
14975,14975,1503696836269,-13,-4,17,2,1,-1,0,0
14976,14976,1503696836283,-1,3,4,-1,-2,-2,-3,2
14977,14977,1503696836291,15,13,7,0,-1,-2,-1,1
14978,14978,1503696836305,-10,-3,3,0,1,-2,2,-2
14979,14979,1503696836313,-5,-17,-10,-3,-1,0,2,1
14980,14980,1503696836322,-6,23,-1,-1,-4,-2,0,-1
14981,14981,1503696836323,-11,-16,-16,-6,-3,-1,-3,-5
14982,14982,1503696836336,-4,-4,7,0,-1,0,-1,0
14983,14983,1503696836343,-19,1,5,1,-1,1,-2,-2
14984,14984,1503696836351,22,11,-8,-2,0,1,2,1
14985,14985,1503696836365,-15,-9,-6,-1,0,0,-2,-3
14986,14986,1503696836373,0,7,6,2,0,1,3,1
14987,14987,1503696836381,-6,2,5,2,-1,0,1,0
14988,14988,1503696836397,20,10,2,0,-2,-2,-3,1
14989,14989,1503696836403,-10,-7,-5,0,0,-1,-3,-5
14990,14990,1503696836412,-26,-13,-17,-4,-3,-1,-1,-5
14991,14991,1503696836429,6,2,-2,1,0,0,4,5
15664,15664,1503696842972,-11,-6,1,0,-3,-1,0,-1
15665,15665,1503696842981,7,-1,-3,0,1,-1,0,3
15666,15666,1503696842995,-3,-3,0,3,0,0,0,-1
15667,15667,1503696842997,-6,-5,-4,-6,1,-1,-1,-4
15668,15668,1503696843003,-15,-12,0,-2,-2,-1,0,-1
15669,15669,1503696843010,-11,-2,2,0,-2,0,-1,0
15670,15670,1503696843018,-7,1,-5,-1,1,0,1,2
15671,15671,1503696843032,-62,-7,-1,-2,0,1,-1,-4
15672,15672,1503696843040,-54,-5,-10,-5,-3,-3,-5,-8
15673,15673,1503696843048,-17,3,-1,5,3,0,-1,1
15674,15674,1503696843064,-6,7,4,0,0,0,0,0
15675,15675,1503696843070,2,-2,-3,-1,-1,-2,-3,-2
15676,15676,1503696843078,2,1,0,-3,0,-2,0,1
15677,15677,1503696843079,11,3,0,1,0,0,0,0
15678,15678,1503696843092,12,0,-1,-1,1,-2,0,-1
15679,15679,1503696843094,9,5,0,0,-2,-3,1,1
15680,15680,1503696843101,28,1,0,-2,0,1,2,2
15681,15681,1503696843108,25,2,-2,-1,-2,-3,-1,-3
15682,15682,1503696843126,-4,-5,2,1,0,-2,-1,-2
15683,15683,1503696843132,32,3,2,0,0,1,0,2
15684,15684,1503696843138,29,-2,-4,0,-2,-2,1,-1
15685,15685,1503696843152,20,-1,0,2,2,-1,-2,-1
15686,15686,1503696843161,19,1,-4,-1,0,0,-1,1
15687,15687,1503696843168,-5,-7,-4,-4,-4,-4,0,-4
15688,15688,1503696843183,17,9,3,1,0,-1,0,-1
15689,15689,1503696843196,16,-1,2,0,-1,-2,-1,0
15690,15690,1503696843199,10,-6,-3,-2,-2,-1,-3,-3
15691,15691,1503696843212,11,0,-2,0,0,-2,1,3
15692,15692,1503696843223,-6,0,4,0,-1,0,0,1
15693,15693,1503696843228,1,-2,0,-1,-1,0,-2,0
15694,15694,1503696843243,-31,-4,0,-3,-6,-3,-3,-6
15695,15695,1503696843250,-7,3,14,3,-2,-1,-1,0
15696,15696,1503696843258,-12,-1,-1,2,3,0,0,-1
15697,15697,1503696843272,0,1,-7,-4,-3,0,-2,-1
15698,15698,1503696843280,12,-3,-2,-3,-1,-3,-3,-3
15699,15699,1503696843295,5,3,-1,-1,-1,0,2,2
15700,15700,1503696843303,-12,-2,-7,-3,0,-1,1,0
15701,15701,1503696843310,3,-5,-5,-1,-1,-2,-2,-3
15702,15702,1503696843318,8,-2,0,-1,1,0,-2,-2
15703,15703,1503696843333,17,4,2,-2,-1,0,2,0
15704,15704,1503696843340,-1,1,-1,-2,-2,1,0,2
15705,15705,1503696843348,-18,-4,-1,-1,2,0,-1,-1
15706,15706,1503696843363,0,2,2,2,1,0,-1,1
15707,15707,1503696843370,-4,-4,-1,-1,-3,0,0,0
15708,15708,1503696843378,17,-1,1,-2,-4,-2,-2,-1
15709,15709,1503696843398,1,8,-1,1,-1,0,0,-1
15710,15710,1503696843401,1,-1,-1,0,0,1,1,0
15711,15711,1503696843408,-16,-6,6,0,0,0,-3,-1
15712,15712,1503696843424,-13,-3,0,0,2,-1,1,1
15713,15713,1503696843430,-4,2,-2,-2,0,-1,0,0
15714,15714,1503696843438,-21,-2,1,0,0,0,-3,-4
15715,15715,1503696843453,5,0,-4,-2,-1,-1,-1,1
15716,15716,1503696843461,-1,4,1,0,-1,0,0,-1
15717,15717,1503696843468,-9,-1,-2,-1,0,2,1,0
15718,15718,1503696843483,3,2,1,-1,0,-2,-4,-1
15719,15719,1503696843491,0,3,-1,-2,-1,0,-1,-1
15720,15720,1503696843499,-14,-1,1,-1,-1,0,-1,-1
15721,15721,1503696843512,-9,-4,-1,1,1,2,0,0
15722,15722,1503696843520,-37,-9,0,-1,0,0,1,-3
15723,15723,1503696843531,-4,-1,-3,-2,-1,-2,-3,-5
15724,15724,1503696843543,-2,5,-1,-1,-1,0,-2,-1
15725,15725,1503696843550,-4,-2,-3,1,0,-1,0,0
15726,15726,1503696843558,-4,3,1,-1,-1,0,-1,1
15727,15727,1503696843572,-15,-7,-2,-3,-2,-2,-3,-5
15728,15728,1503696843580,-12,0,-3,-1,-4,-2,-1,-3
15729,15729,1503696843588,-15,-2,-2,0,-1,-2,0,0
15730,15730,1503696843603,-15,2,-4,-2,-2,-2,0,-2
15731,15731,1503696843610,-17,1,-3,0,0,0,-3,-1
15732,15732,1503696843618,-13,-5,-5,-2,-3,-2,-4,-6
15733,15733,1503696843632,6,-5,-1,-1,-2,-2,-1,-1
15734,15734,1503696843640,20,-3,-4,0,1,0,2,4
15735,15735,1503696843658,32,5,0,-1,-1,-2,-2,-1
15736,15736,1503696843663,0,-4,2,-2,0,1,-1,-1
15737,15737,1503696843671,-10,-4,2,-1,2,1,2,2
15738,15738,1503696843678,16,-2,0,-1,1,0,2,3
15739,15739,1503696843694,10,-3,0,-1,-2,-2,0,2
15740,15740,1503696843701,11,1,-3,-2,-1,-1,-1,2
15741,15741,1503696843716,1,4,1,1,0,-1,-2,-4
15742,15742,1503696843725,9,2,1,1,0,-2,-2,-1
15743,15743,1503696843735,-3,-4,-4,0,-2,-1,0,-4
15744,15744,1503696843738,15,1,1,3,0,-2,-2,-4
15745,15745,1503696843753,-26,-10,-5,0,2,0,1,0
15746,15746,1503696843761,13,-2,1,-2,0,0,0,0
15747,15747,1503696843776,26,7,2,-1,-1,0,-1,1
15748,15748,1503696843783,8,-2,-3,-1,-1,1,1,1
15749,15749,1503696843793,5,1,2,-1,-4,-1,0,-1
15750,15750,1503696843806,8,0,-1,0,0,-1,-2,0
15751,15751,1503696843813,12,1,-1,-1,-4,0,-1,1
15752,15752,1503696843814,8,-1,4,0,-1,-3,-3,-2
15753,15753,1503696843820,-4,-3,-4,-2,0,-1,-3,-2
15754,15754,1503696843836,2,-4,-8,-1,-3,-3,1,0
15755,15755,1503696843843,0,-1,-2,-3,-3,-3,-2,-4
15756,15756,1503696843851,13,8,4,-2,2,1,0,4
15757,15757,1503696843866,-14,-3,-1,-2,-3,-1,-1,1
15758,15758,1503696843873,-15,1,0,-2,0,-2,0,-6
15759,15759,1503696843880,2,-2,0,0,1,-1,0,2
15760,15760,1503696843896,10,-1,-1,-2,-2,1,-1,1
15761,15761,1503696843903,-18,-2,2,-1,2,-4,-1,-6
15762,15762,1503696843911,-2,-5,-1,-1,-1,0,-1,-1
15763,15763,1503696843927,2,-1,0,-2,0,0,0,0
15764,15764,1503696843935,-10,2,-3,0,2,0,-2,-1
15765,15765,1503696843941,1,-1,-1,-1,-1,1,1,2
15766,15766,1503696843956,0,-1,-1,-2,-2,1,1,0
15767,15767,1503696843963,-5,-2,-6,-1,0,-1,-2,-2
15768,15768,1503696843971,10,1,3,0,-1,-3,-2,1
16531,16531,1503696851485,-5,-15,-5,-1,-2,0,-2,-1
16532,16532,1503696851493,-2,-2,-2,-3,0,1,1,-1
16533,16533,1503696851504,18,3,-1,0,-1,-1,0,0
16534,16534,1503696851514,-5,3,3,-2,-2,0,0,-1
16535,16535,1503696851515,-2,2,1,1,0,-1,0,0
16536,16536,1503696851523,6,-9,-2,1,1,-1,-2,0
16537,16537,1503696851531,-8,-8,-4,-2,-2,-2,-1,0
16538,16538,1503696851545,3,-1,3,-2,-2,-1,0,0
16539,16539,1503696851552,-3,-5,0,1,0,-1,-2,-1
16540,16540,1503696851561,-19,-1,-2,1,0,-2,-1,0
16541,16541,1503696851575,-8,6,9,0,2,0,1,2
16542,16542,1503696851582,15,0,-8,-2,-1,1,-2,0
16543,16543,1503696851583,-5,-3,-1,0,-2,-2,1,-1
16544,16544,1503696851590,10,-1,-5,-3,-1,-2,-2,-3
16545,16545,1503696851606,12,12,1,0,-1,1,0,1
16546,16546,1503696851612,-11,-15,-9,0,-1,-1,-1,-2
16547,16547,1503696851621,-4,4,0,-2,-2,-2,-1,-1
16548,16548,1503696851635,16,13,15,1,0,0,0,2
16549,16549,1503696851643,-9,-2,-4,-2,-1,-1,-4,-4
16550,16550,1503696851650,-19,1,-5,0,-1,-1,1,-2
16551,16551,1503696851666,1,1,9,1,-2,0,-1,0
16552,16552,1503696851673,20,12,0,0,0,-1,-1,0
16553,16553,1503696851681,-5,-7,-7,-3,-2,-2,-2,-4
16554,16554,1503696851694,-23,-14,2,1,-3,0,-1,-2
16555,16555,1503696851703,21,4,0,0,-1,1,2,3
16556,16556,1503696851710,-20,-8,-6,-2,0,-3,-2,-5
16557,16557,1503696851725,-10,-14,-8,0,1,-2,-1,-2
16558,16558,1503696851734,4,5,-4,-2,-2,-1,-2,0
16559,16559,1503696851741,-7,1,-2,3,1,0,2,2
16560,16560,1503696851755,3,2,-1,-1,0,-1,0,1
16561,16561,1503696851765,-4,-11,-5,-3,-1,0,-2,-4
16562,16562,1503696851770,10,10,5,0,-2,3,0,2
16563,16563,1503696851785,-3,14,-3,0,-1,-3,-3,-4
16564,16564,1503696851793,-1,-1,2,1,0,1,0,1
16565,16565,1503696851803,0,-5,-7,-2,1,0,-1,-1
16566,16566,1503696851814,-4,5,-1,-3,-1,-1,-1,-2
16567,16567,1503696851815,13,-1,0,0,-3,-3,-4,-3
16568,16568,1503696851823,2,-5,1,1,-2,0,-3,-1
16569,16569,1503696851833,-1,-3,-5,-2,-1,0,2,0
16570,16570,1503696851845,6,3,0,-2,-2,-2,-3,-1
16571,16571,1503696851852,9,4,0,-2,0,-2,1,1
16572,16572,1503696851861,2,0,-1,-1,0,-1,2,1
16573,16573,1503696851876,-4,6,-6,0,1,0,-3,-1
16574,16574,1503696851882,-2,-3,3,0,0,0,1,-1
16575,16575,1503696851890,19,0,0,-1,-3,-1,-1,0
16576,16576,1503696851905,-39,1,4,1,1,-1,0,-3
16577,16577,1503696851913,4,-9,-7,-2,0,0,1,1
16578,16578,1503696851921,4,-1,2,-1,1,1,2,0
16579,16579,1503696851935,-2,-2,-1,-3,-2,-1,-1,-3
16580,16580,1503696851943,0,-1,0,-3,-1,-2,-3,-3
16581,16581,1503696851950,-16,-7,-1,1,2,-2,1,-2
16582,16582,1503696851966,-11,-4,-3,0,-2,0,0,-1
16583,16583,1503696851967,10,4,-1,1,-1,0,-1,0
16584,16584,1503696851974,17,9,9,0,-1,0,-4,-2
16585,16585,1503696851981,0,2,2,1,0,1,0,-1
16586,16586,1503696851995,-9,-1,2,1,0,-2,-3,0
16587,16587,1503696852005,13,15,6,0,-1,1,-1,2
16588,16588,1503696852010,-9,-2,-5,-3,-2,-3,-4,-4
16589,16589,1503696852025,-13,-8,-3,-2,-1,-1,0,1
16590,16590,1503696852034,6,-1,-5,-1,-1,0,0,0
16591,16591,1503696852042,7,3,-1,-3,-1,1,-1,0
16592,16592,1503696852054,-5,-11,-2,1,-1,0,0,-2
16593,16593,1503696852063,0,-1,-4,-1,-2,-2,0,2
16594,16594,1503696852072,0,3,-2,-3,-1,0,1,2
16595,16595,1503696852085,29,2,-1,-2,-1,-1,-1,-2
16596,16596,1503696852092,13,12,-6,-1,0,0,0,1
16597,16597,1503696852102,-3,-1,-2,1,-1,-1,-3,-3
16598,16598,1503696852115,-3,-8,-1,0,-1,0,-1,-2
16599,16599,1503696852123,-10,-3,-6,-2,0,0,-1,-2
16600,16600,1503696852130,6,2,-3,-2,-1,-4,-1,-2
16601,16601,1503696852145,3,-3,-2,-2,-1,-1,-1,-2
16602,16602,1503696852152,-5,3,4,0,0,-1,-1,-2
16603,16603,1503696852168,-7,-8,-3,-2,-1,-2,-1,-3
16604,16604,1503696852175,0,5,1,-1,-1,0,-3,0
16605,16605,1503696852183,-23,0,-3,0,-1,-3,-2,-3
16606,16606,1503696852197,-22,-10,-3,-1,0,-1,-2,-4
16607,16607,1503696852206,4,6,7,-1,-1,-1,-2,0
16608,16608,1503696852219,-6,-1,-4,-2,-2,-1,0,-1
16609,16609,1503696852227,28,2,2,1,0,-3,-3,-2
16610,16610,1503696852243,-3,10,2,0,0,0,-2,-1
16611,16611,1503696852245,4,-2,5,-1,0,1,1,3
16612,16612,1503696852257,3,-5,-3,-1,-1,0,1,2
16613,16613,1503696852265,-1,4,-1,-1,-2,-2,-2,-1
16614,16614,1503696852273,-16,-3,1,-1,0,0,0,0
16615,16615,1503696852287,-2,1,-3,1,0,0,0,0
16616,16616,1503696852295,0,-6,-1,0,-2,-2,-2,-1
16617,16617,1503696852305,-11,-5,4,2,1,2,0,0
16618,16618,1503696852317,11,-3,-3,-2,-1,1,2,4
16619,16619,1503696852325,1,-7,-8,-1,-4,-1,-1,-2
16620,16620,1503696852333,-4,-7,0,-2,0,-1,2,-1
16621,16621,1503696852348,-2,6,2,-2,-1,0,0,2
16622,16622,1503696852355,5,4,2,-1,-2,-2,-1,-4
16623,16623,1503696852363,-6,-13,-10,-2,0,1,1,1
16624,16624,1503696852377,2,-3,-8,-1,-1,0,0,-1
16625,16625,1503696852385,-5,-2,0,-2,-2,-1,-2,0
16626,16626,1503696852392,0,0,-1,0,0,-2,2,-1
16627,16627,1503696852408,4,0,3,1,0,0,0,1
16628,16628,1503696852415,7,11,5,-1,-2,-1,-1,1
16629,16629,1503696852431,-9,1,0,-1,0,-3,-2,-4
16630,16630,1503696852443,-7,1,0,-1,-1,1,1,1
16631,16631,1503696852446,-8,-8,-8,-3,-2,-2,0,-1
16632,16632,1503696852453,-4,-8,-2,0,0,-2,-1,0
16633,16633,1503696852470,-6,-3,-5,0,0,-2,-1,-2
16634,16634,1503696852475,6,-2,-1,0,0,-2,-1,0
16635,16635,1503696852483,-27,3,3,1,2,-1,-1,-2
16636,16636,1503696852484,25,9,-1,0,-2,-1,0,-1
16637,16637,1503696852508,-5,-7,-6,-2,-1,0,-3,0
16638,16638,1503696852510,-8,-4,-2,-1,-1,0,-1,-1
16639,16639,1503696852514,-5,0,4,0,1,0,0,-2
16640,16640,1503696852528,13,2,1,-1,0,0,0,-1
16641,16641,1503696852538,-19,-7,3,0,-1,-1,-1,-3
16642,16642,1503696852543,6,1,-2,-1,0,-1,-1,0
16643,16643,1503696852558,2,1,-4,-2,-2,-1,-2,0
16644,16644,1503696852565,-10,-5,0,0,0,0,0,-1
16645,16645,1503696852573,-1,0,-4,0,-2,0,-4,-3
16646,16646,1503696852588,-1,6,6,0,-2,-2,-1,1
16647,16647,1503696852595,10,-1,-3,0,-1,-2,-2,-1
16648,16648,1503696852604,-16,3,-1,-1,-2,-1,-2,-4
16649,16649,1503696852617,-5,-5,-2,-2,-1,0,0,0
16650,16650,1503696852626,-14,-4,0,-1,-2,0,-1,-2
16651,16651,1503696852633,30,15,5,-1,0,1,0,-1
16652,16652,1503696852648,12,4,-1,0,0,-1,1,1
16653,16653,1503696852655,14,-2,-1,1,-1,-1,-2,2
16654,16654,1503696852663,3,0,3,1,-1,-1,0,1
16655,16655,1503696852679,3,3,3,0,-1,-2,-3,-2
16656,16656,1503696852686,-15,-4,-1,0,0,1,-3,-2
16657,16657,1503696852693,2,0,-7,-2,-1,-2,-1,-2
16658,16658,1503696852709,-4,0,8,-3,-3,-2,-1,1
16659,16659,1503696852715,-13,-10,-6,-1,-1,-1,0,-1
16660,16660,1503696852731,34,2,-4,-2,-1,-3,-2,0
16661,16661,1503696852738,-5,-4,2,-2,0,-1,0,0
16662,16662,1503696852745,-2,-14,-14,-1,-2,1,-2,-2
16663,16663,1503696852752,-4,2,-1,1,0,-1,1,-2
16664,16664,1503696852770,-10,4,-3,-2,-1,-2,-3,-3
16665,16665,1503696852777,-6,0,0,0,0,0,0,-1
16666,16666,1503696852783,14,6,0,0,0,-1,-1,-2
16667,16667,1503696852797,11,5,2,-2,0,1,-1,2
16668,16668,1503696852807,-16,-2,-2,-1,0,1,0,0
16669,16669,1503696852813,-15,-4,0,0,-2,-1,-1,-3
16670,16670,1503696852828,-3,-2,-3,-2,1,-1,-1,0
16671,16671,1503696852835,-7,-4,-1,0,-1,0,-1,-1
16672,16672,1503696852843,10,-5,-4,-1,-1,0,1,1
16673,16673,1503696852857,-38,1,14,0,0,-3,-2,-5
16674,16674,1503696852865,-13,-12,-1,1,2,1,1,-1
16675,16675,1503696852873,5,-6,-7,-2,0,1,0,0
16676,16676,1503696852887,3,8,11,2,-1,1,0,-1
16677,16677,1503696852888,-5,1,1,-2,-1,0,-1,0
16678,16678,1503696852895,3,-1,-5,-1,-1,0,0,-1
16679,16679,1503696852906,-6,3,2,1,-1,-1,-1,-2
16680,16680,1503696852917,2,-4,-6,-2,-1,1,0,4
16681,16681,1503696852925,0,0,7,0,0,-2,-2,-3
16682,16682,1503696852932,4,-2,0,-1,-1,-1,-2,-3
16683,16683,1503696852948,-3,-1,-3,-3,0,-2,-2,-1
16684,16684,1503696852955,-4,-4,-2,1,-1,-1,-1,0
16685,16685,1503696852963,18,2,-4,-2,-1,-2,1,0
16686,16686,1503696852977,-10,2,4,1,1,0,1,-1
16687,16687,1503696852988,1,-6,-1,0,-2,-1,-3,1
16688,16688,1503696852989,-1,1,-2,0,-1,0,-1,-1
16689,16689,1503696852999,9,1,2,-2,-1,0,0,1
16690,16690,1503696853008,-3,4,-6,-2,-2,0,-1,-2
16691,16691,1503696853015,3,6,0,0,0,-1,0,0
16692,16692,1503696853023,2,5,0,-1,0,0,0,1
16693,16693,1503696853041,10,4,1,-1,-2,0,0,1
16694,16694,1503696853045,13,2,0,0,-1,0,0,2
16695,16695,1503696853053,-7,-2,0,-2,-1,-1,1,-3
16696,16696,1503696853067,-10,0,2,0,-2,-1,-1,-2
16697,16697,1503696853075,2,-4,-4,0,-1,-2,-2,1
16698,16698,1503696853090,-18,-7,-3,-1,-1,0,1,0
16699,16699,1503696853097,-5,-1,-2,-2,-3,0,-3,0
16700,16700,1503696853106,13,2,2,-1,-1,-2,-1,-2
16701,16701,1503696853120,5,6,3,1,1,0,0,-2
17354,17354,1503696859390,10,0,0,-1,0,0,-2,2
17355,17355,1503696859407,0,-4,-10,0,0,0,0,0
17356,17356,1503696859413,-19,7,-6,-2,-3,-1,-2,-3
17357,17357,1503696859420,-1,-7,-3,-2,0,0,-1,0
17358,17358,1503696859439,-14,-12,-6,0,1,1,0,-3
17359,17359,1503696859443,29,7,-1,-1,0,-1,1,2
17360,17360,1503696859450,-11,-5,4,-2,-1,-1,1,-1
17361,17361,1503696859464,-11,-11,4,-2,-1,-1,2,4
17362,17362,1503696859472,11,5,3,1,0,1,0,-1
17363,17363,1503696859480,6,-4,2,0,-3,-2,-1,0
17364,17364,1503696859495,-7,-5,-6,-1,-2,-2,-2,-1
17365,17365,1503696859504,2,0,1,0,-1,0,0,1
17366,17366,1503696859510,8,12,-3,1,0,1,-1,0
17367,17367,1503696859525,-13,-12,-9,-1,-2,-2,-2,-2
17368,17368,1503696859532,-7,2,2,-2,0,-2,-1,-1
17369,17369,1503696859548,-15,-2,-1,-1,-1,-1,-1,-6
17370,17370,1503696859555,-8,-4,-4,-3,-2,-1,-2,-3
17371,17371,1503696859563,1,-2,2,1,0,-3,-3,0
17372,17372,1503696859571,-3,-1,-2,1,-2,-1,2,0
17373,17373,1503696859585,2,1,10,1,0,-1,-2,-3
17374,17374,1503696859592,0,-8,-3,-1,-2,-2,0,0
17375,17375,1503696859608,-7,4,6,-1,-3,0,1,-1
17376,17376,1503696859615,1,-8,15,3,-1,0,-3,-1
17377,17377,1503696859623,9,1,-3,1,-1,0,-3,-3
17378,17378,1503696859638,8,-2,-4,-3,-1,-1,1,1
17379,17379,1503696859646,-32,-12,0,0,0,-1,-2,-6
17380,17380,1503696859652,10,1,-9,-3,-2,-3,-1,-1
17381,17381,1503696859668,-13,0,-4,-2,1,0,2,3
17382,17382,1503696859675,7,5,5,-2,0,-1,0,1
17383,17383,1503696859683,-3,9,10,3,0,0,-1,0
17384,17384,1503696859697,10,9,1,1,-1,2,0,2
17385,17385,1503696859707,1,-7,-8,-2,-1,1,-2,-2
17386,17386,1503696859713,2,3,2,0,1,0,2,2
17387,17387,1503696859728,6,13,3,-1,-2,-1,1,0
17388,17388,1503696859735,-13,-5,-4,0,-1,-2,0,-3
17389,17389,1503696859743,21,5,1,1,2,-2,-1,0
17390,17390,1503696859757,-41,-13,1,-1,-3,-1,-2,-7
17391,17391,1503696859766,-10,-14,-12,-3,-1,-1,-1,-3
17392,17392,1503696859773,-1,2,-7,-1,0,-2,-3,-2
17393,17393,1503696859774,0,-1,-8,0,0,-3,0,-1
17394,17394,1503696859788,-6,-3,-2,-4,-1,-1,0,0
17395,17395,1503696859795,-5,-8,-12,-3,-1,-2,-3,0
17396,17396,1503696859803,7,4,-2,3,1,0,1,2
17397,17397,1503696859818,-6,6,4,-1,0,-3,-5,-4
17398,17398,1503696859825,13,-1,-1,0,0,1,1,2
17399,17399,1503696859832,-4,-6,-12,-4,-2,2,2,2
17400,17400,1503696859848,-11,-6,-11,-1,0,0,-2,0
17401,17401,1503696859855,15,-11,-5,-3,-2,0,-1,0
17402,17402,1503696859863,12,23,13,4,-1,1,0,1
17403,17403,1503696859878,-4,2,3,0,2,-1,0,0
17404,17404,1503696859886,-23,-7,-2,-2,-1,-2,0,-2
17405,17405,1503696859892,-37,-2,10,2,-1,-2,-4,-7
17406,17406,1503696859908,18,5,3,-3,-1,0,-1,-1
17407,17407,1503696859915,11,17,-2,1,0,0,1,1
17408,17408,1503696859930,-21,-7,-8,-3,-2,-1,-2,-3
17409,17409,1503696859946,13,1,17,2,0,-1,-2,0
17410,17410,1503696859952,6,6,-2,0,-1,1,0,-1
17411,17411,1503696859968,13,-11,-11,0,-2,0,6,7
17412,17412,1503696859975,-2,0,9,1,0,2,1,1
17413,17413,1503696859983,15,-10,-5,3,2,-2,-5,-4
17414,17414,1503696859997,6,10,3,0,1,-1,0,1
17415,17415,1503696859998,10,1,1,0,-1,1,3,3
17416,17416,1503696860012,-4,1,-5,-5,-4,-2,0,-1
17417,17417,1503696860028,7,-2,-3,1,0,-1,-2,-3
17418,17418,1503696860035,-12,-9,-7,-1,-1,-1,-4,0
17419,17419,1503696860043,7,5,-4,-4,-4,-3,-1,0
17420,17420,1503696860057,-4,-5,-1,-2,-1,0,1,1
17421,17421,1503696860058,7,0,3,0,0,2,0,2
17422,17422,1503696860066,-38,-8,-4,-2,0,1,1,1
17423,17423,1503696860074,14,1,-6,-4,-1,-2,-2,-3
17424,17424,1503696860088,-4,4,19,0,-1,-3,-4,-5
17425,17425,1503696860095,4,5,0,-1,-2,-2,-2,-4
17426,17426,1503696860103,-2,-8,-16,-4,-2,-2,0,-2
17427,17427,1503696860118,1,2,10,-1,0,-3,-1,-1
17428,17428,1503696860125,4,9,-2,0,0,2,-2,2
17429,17429,1503696860132,-1,1,-13,0,-1,-2,0,1
17430,17430,1503696860148,6,1,1,0,1,-1,0,-1
17431,17431,1503696860155,17,3,-1,2,1,0,1,4
17432,17432,1503696860163,1,7,-4,0,0,-1,-1,-1
17433,17433,1503696860178,-10,0,5,-2,-2,-2,-3,-4
17434,17434,1503696860185,-3,-2,0,2,0,0,1,-1
17435,17435,1503696860192,-4,5,18,4,0,-1,-2,-8
17436,17436,1503696860209,-12,-13,-10,-6,-2,-3,-2,-2
17437,17437,1503696860217,-30,-7,-6,-1,0,-3,0,1
17438,17438,1503696860223,15,6,2,-1,-1,1,-1,0
17439,17439,1503696860237,4,3,2,0,-1,2,1,2
17440,17440,1503696860245,-34,-6,-6,-2,-1,-1,-1,0
17441,17441,1503696860252,-5,-6,2,1,0,0,0,0
17442,17442,1503696860268,57,11,3,0,-2,1,0,4
17443,17443,1503696860275,-5,-1,-3,-4,0,0,1,0
17444,17444,1503696860290,-3,-2,-10,-3,-2,-4,-2,-2
17445,17445,1503696860297,4,-3,-10,-4,0,-2,-1,-1
17446,17446,1503696860310,-22,11,7,1,0,0,0,-4
17447,17447,1503696860313,14,2,-6,-2,-1,-2,-4,-4
17448,17448,1503696860328,4,1,-1,2,0,0,0,2
17449,17449,1503696860334,9,11,0,-3,-1,-1,0,0
17450,17450,1503696860335,-44,-28,-11,-1,-2,-2,-5,-7
17451,17451,1503696860351,6,-19,-17,-5,-1,0,3,3
17452,17452,1503696860357,12,-7,-5,-2,-2,0,-1,0
17453,17453,1503696860365,-20,-5,1,-1,-2,-1,-2,-3
17454,17454,1503696860372,21,0,-9,-3,-2,-3,-1,-2
17455,17455,1503696860376,-13,-4,-4,-3,1,-1,0,-2
17456,17456,1503696860388,17,14,4,-2,-2,-1,-3,1
17457,17457,1503696860394,-5,-18,-15,-2,0,-1,0,-2
17458,17458,1503696860395,8,7,5,1,-2,-1,-1,-2
17459,17459,1503696860403,-11,-14,-4,0,1,2,2,-3
17460,17460,1503696860420,-16,4,25,5,0,1,1,2
17461,17461,1503696860425,-4,-11,5,-2,-2,-2,-2,-2
17462,17462,1503696860432,4,-1,-5,-4,-2,-1,-1,2
17463,17463,1503696860448,-17,-1,7,1,-2,0,0,0
17464,17464,1503696860455,4,-7,-10,-2,0,-1,-4,-3
17465,17465,1503696860463,16,-2,-8,-2,0,-2,0,3
17466,17466,1503696860483,11,-1,-8,-1,0,-1,0,-1
17467,17467,1503696860486,-13,-5,-8,-1,1,-1,-1,0
17468,17468,1503696860492,1,9,9,1,0,-1,0,2
17469,17469,1503696860511,8,3,3,-2,-2,-2,-3,-6
17470,17470,1503696860515,47,7,-7,-2,-2,-2,-1,1
17471,17471,1503696860523,6,4,-1,-1,1,0,0,-2
17472,17472,1503696860537,3,3,-1,0,1,1,0,-1
17473,17473,1503696860552,16,-2,-5,-3,-1,0,-2,1
17474,17474,1503696860560,0,2,-9,0,-1,-1,0,-1
17475,17475,1503696860568,-12,5,-3,-2,0,0,0,-2
17476,17476,1503696860579,8,-2,1,-1,0,-1,0,2
17477,17477,1503696860590,21,1,1,0,-1,0,1,2
17478,17478,1503696860597,-31,-14,-7,-2,-1,-2,2,-1
17479,17479,1503696860605,3,13,17,2,-1,0,-2,1
17480,17480,1503696860620,-5,-3,9,1,0,1,1,0
17481,17481,1503696860628,15,0,1,2,-1,-1,-1,0
18054,18054,1503696866171,-40,-8,-10,-3,-3,-2,-1,-13
18055,18055,1503696866184,25,7,9,3,2,3,0,3
18056,18056,1503696866185,7,16,16,2,-2,-3,-2,-1
18057,18057,1503696866192,21,-2,-1,-2,-2,-1,0,8
18058,18058,1503696866199,-3,-5,-6,-4,0,-2,0,-6
18059,18059,1503696866215,-34,-6,0,-1,1,2,0,-7
18060,18060,1503696866222,-30,-5,4,0,-2,-2,-7,0
18061,18061,1503696866230,-5,4,1,3,3,-1,-5,1
18062,18062,1503696866245,18,0,-4,0,-1,0,2,6
18063,18063,1503696866252,3,4,1,0,1,2,-5,3
18064,18064,1503696866259,-12,-7,-2,-1,-1,1,2,-4
18065,18065,1503696866260,1,-10,-9,-3,-4,-1,4,5
18066,18066,1503696866275,0,-3,-2,0,0,-4,-7,-12
18067,18067,1503696866282,-31,0,-1,-1,-5,-3,3,-4
18068,18068,1503696866298,9,2,1,1,2,3,6,11
18069,18069,1503696866311,11,1,1,6,3,0,-5,-11
18070,18070,1503696866319,40,3,-4,-5,-6,-5,1,4
18071,18071,1503696866320,-9,-5,-4,-4,-3,0,7,8
18072,18072,1503696866334,-4,1,-1,1,1,1,4,5
18073,18073,1503696866342,4,18,-2,-2,-2,-1,-4,-2
18074,18074,1503696866350,-11,0,-2,-1,-2,-2,0,2
18075,18075,1503696866364,28,-4,-3,-2,-4,-2,-5,5
18076,18076,1503696866373,10,6,2,2,0,-1,-4,-1
18077,18077,1503696866380,0,-7,-2,0,0,-2,0,4
18078,18078,1503696866394,-33,-14,-9,-1,0,-1,0,-5
18079,18079,1503696866402,-31,-8,-3,-2,1,0,-3,-10
18080,18080,1503696866410,-14,-4,-1,-2,0,1,-5,-13
18081,18081,1503696866431,-24,-9,-1,-2,1,2,0,-6
18082,18082,1503696866433,21,1,-5,-5,-6,-1,-1,1
18083,18083,1503696866440,-6,-2,3,0,2,-1,6,2
18084,18084,1503696866454,-5,-5,-1,0,2,0,4,11
18085,18085,1503696866462,-11,2,-1,-2,-4,-2,-5,4
18086,18086,1503696866473,-10,1,4,0,-2,-1,3,-4
18087,18087,1503696866484,15,2,-2,2,2,-1,2,-3
18088,18088,1503696866485,11,1,-2,-2,-3,-2,-5,-8
18089,18089,1503696866492,31,10,1,1,0,-2,-1,1
18090,18090,1503696866499,10,6,8,0,0,-2,-3,-6
18091,18091,1503696866515,16,19,1,0,0,0,-2,-4
18092,18092,1503696866522,10,-3,-3,-1,1,0,0,-1
18093,18093,1503696866530,-4,-13,-8,-2,0,-1,-2,1
18094,18094,1503696866544,40,16,13,2,-1,0,-1,1
18095,18095,1503696866545,-16,-6,-6,-4,-1,0,-2,-1
18096,18096,1503696866552,-11,-6,-3,-2,1,1,-1,-2
18097,18097,1503696866559,27,5,3,0,0,-1,-2,0
18098,18098,1503696866575,-5,-3,0,-1,-2,-2,0,0
18099,18099,1503696866582,-10,-3,-2,3,1,-2,-3,-7
18100,18100,1503696866590,18,7,8,-1,-2,-3,-3,-1
18101,18101,1503696866607,19,-1,0,-1,-1,1,2,4
18102,18102,1503696866613,-30,-11,-6,1,1,0,1,1
18103,18103,1503696866619,-41,-2,-3,-1,0,2,-3,-9
18104,18104,1503696866636,22,5,4,-1,0,0,1,1
18105,18105,1503696866643,9,0,-2,0,0,-3,-5,-1
18106,18106,1503696866650,-15,-3,0,-2,-3,-1,-1,1
18107,18107,1503696866651,-7,-5,-5,-1,1,1,0,1
18108,18108,1503696866664,-7,-17,-2,0,0,-2,1,-2
18109,18109,1503696866676,-25,-2,3,0,0,-1,-2,-7
18110,18110,1503696866680,8,-2,-4,0,-1,-1,0,2
18111,18111,1503696866694,10,-3,0,-1,-2,-2,1,1
18112,18112,1503696866702,5,5,3,-1,-1,-1,2,2
18113,18113,1503696866710,-7,-6,2,-1,-1,-1,-1,3
18114,18114,1503696866724,-10,6,-5,1,-1,-3,-1,-1
18115,18115,1503696866741,8,-1,-2,0,-1,0,0,2
18116,18116,1503696866742,1,1,-1,-3,-2,-1,2,1
18117,18117,1503696866755,-7,-7,-3,1,0,0,0,-2
18118,18118,1503696866762,20,6,2,-1,-1,1,2,-2
18119,18119,1503696866770,17,-3,-2,-2,-2,-2,-4,-1
18120,18120,1503696866784,-5,4,10,2,1,0,0,-2
18121,18121,1503696866785,-20,-16,-9,-4,-2,1,2,1
18122,18122,1503696866793,3,5,7,0,-2,-1,-1,-2
18123,18123,1503696866799,-53,-3,0,-1,1,-1,-2,-4
18124,18124,1503696866815,-16,5,-1,-2,-1,0,0,1
18125,18125,1503696866822,19,-4,-2,1,-2,1,1,-2
18126,18126,1503696866830,-48,0,2,1,2,2,-1,-10
18127,18127,1503696866845,32,3,3,1,-2,0,-1,1
18128,18128,1503696866853,6,-6,-6,-3,-2,-1,0,1
18129,18129,1503696866859,-12,7,13,1,1,-1,0,-1
18130,18130,1503696866876,-26,-4,-4,-1,-4,-2,2,-1
18131,18131,1503696866882,-3,0,-5,0,2,1,1,-1
18132,18132,1503696866890,7,-5,-1,-1,-2,-2,-2,-1
18133,18133,1503696866904,11,13,10,0,0,-1,-2,2
18134,18134,1503696866915,0,1,2,1,-2,-2,0,-1
18135,18135,1503696866919,-1,0,-8,-3,-1,-3,-4,0
18136,18136,1503696866935,20,5,12,-2,1,-1,0,-2
18137,18137,1503696866943,-19,-14,-10,-3,-1,-1,1,-1
18138,18138,1503696866950,2,3,-8,0,1,-3,-1,1
18139,18139,1503696866964,8,-4,-5,-3,-2,0,0,1
18140,18140,1503696866977,6,0,-2,-1,-2,0,-2,-1
18141,18141,1503696866980,-7,-7,-6,-1,-3,-3,-3,-2
18142,18142,1503696866995,-1,16,4,0,2,1,-1,-2
18143,18143,1503696867002,8,3,0,-1,-1,0,-3,-3
18144,18144,1503696867010,3,-11,-8,-2,-1,-1,-1,-2
18145,18145,1503696867024,1,2,6,0,0,-1,-5,-4
18146,18146,1503696867032,-4,-5,-5,-2,0,1,1,2
18147,18147,1503696867041,21,2,1,0,-3,-5,-1,0
18148,18148,1503696867055,21,-1,-1,-1,-1,-1,-2,-1
18149,18149,1503696867062,17,0,-3,-3,0,0,-2,1
18150,18150,1503696867078,25,0,-3,-1,-1,0,1,3
18151,18151,1503696867085,-16,-2,4,1,-1,-1,0,-4
18152,18152,1503696867092,-24,-4,-7,-2,-2,-2,-4,-3
18153,18153,1503696867111,-11,-2,-4,-3,0,0,-2,0
18154,18154,1503696867115,-14,-6,1,0,0,1,-1,0
18155,18155,1503696867122,-3,3,-4,1,1,-1,1,1
18156,18156,1503696867137,-8,-7,-3,0,-1,-2,0,-5
18157,18157,1503696867145,10,0,2,2,-1,-1,1,0
18158,18158,1503696867152,-3,-8,-5,-1,0,1,0,0
18159,18159,1503696867166,10,6,2,0,-1,1,-1,2
18160,18160,1503696867176,13,9,1,0,0,-1,0,1
18161,18161,1503696867182,-4,0,0,-1,0,-1,-2,-1
18162,18162,1503696867183,14,5,2,-1,0,0,0,4
18163,18163,1503696867197,8,-2,-2,0,-1,1,2,4
18164,18164,1503696867204,-30,-7,-6,-2,0,-2,-2,-7
18165,18165,1503696867214,-25,0,2,-1,-2,-1,-1,-4
18166,18166,1503696867227,10,10,2,-1,-2,0,1,4
18167,18167,1503696867235,1,9,2,1,-2,-2,-2,-1
18168,18168,1503696867243,-2,-2,1,1,1,2,3,-2
18169,18169,1503696867257,-10,-5,2,0,-1,1,-1,-3
18170,18170,1503696867264,-2,2,-8,-2,-3,-3,-3,-2
18171,18171,1503696867272,0,0,7,1,1,-1,-3,-4
18172,18172,1503696867287,-4,-4,-2,-1,-2,-2,-1,-3
18173,18173,1503696867295,40,13,2,0,0,-2,-1,3
18174,18174,1503696867302,-9,-1,2,0,0,0,-1,-2
18175,18175,1503696867318,-10,-3,6,-1,-3,-1,-1,1
18176,18176,1503696867324,-12,-4,4,2,2,2,1,1
18177,18177,1503696867332,-74,-15,-6,-3,-1,-2,-5,-9
18178,18178,1503696867347,-11,-3,-1,-2,-3,0,-2,-1
18179,18179,1503696867355,13,-5,-4,-1,1,-2,-1,-2
18180,18180,1503696867362,-4,-1,0,1,1,0,2,1
18181,18181,1503696867379,5,-5,-1,0,-1,-2,0,1
18182,18182,1503696867386,22,2,6,1,0,-1,-3,-1
18183,18183,1503696867392,7,-1,-1,0,-2,0,-1,-1
18184,18184,1503696867407,-17,-7,-9,-2,-2,-1,-1,-1
18185,18185,1503696867415,-4,-2,-5,0,-1,1,0,2
18186,18186,1503696867422,10,-1,3,2,2,-2,1,-2
18187,18187,1503696867437,9,10,-1,-3,-2,0,1,4
18188,18188,1503696867445,-19,-6,-1,-2,-1,-2,-4,-4
18189,18189,1503696867454,6,0,11,-1,-2,-4,-2,-5
18190,18190,1503696867467,-22,-7,-1,-1,-2,-1,-3,-5
18191,18191,1503696867477,2,1,-12,-2,-2,1,-2,0
18192,18192,1503696867482,15,20,5,-1,-1,1,1,4
18193,18193,1503696867497,2,6,-7,-2,-1,0,0,-1
18194,18194,1503696867504,2,-10,-10,-2,-1,-1,-1,3
18195,18195,1503696867513,2,-6,3,1,2,3,2,1
18196,18196,1503696867527,-2,6,6,-2,-2,-2,0,-1
18197,18197,1503696867535,22,0,8,0,-1,-1,-2,-3
18198,18198,1503696867545,-17,7,-1,0,0,-2,0,-2
18199,18199,1503696867557,25,10,-5,-1,-2,-1,0,3
18200,18200,1503696867571,13,-4,-2,-3,-3,-2,-1,-2
18201,18201,1503696867588,-12,-6,-2,0,-1,-1,-3,-2
18202,18202,1503696867595,11,2,-1,-1,-4,-1,0,-1
18203,18203,1503696867602,17,2,-4,1,3,-2,1,1
18204,18204,1503696867617,-1,-2,-5,-3,0,-2,-1,1
18205,18205,1503696867624,6,0,-2,-1,-3,-1,-3,-2
18206,18206,1503696867632,-4,-2,-4,-3,-1,-1,-2,0
18207,18207,1503696867647,-15,-12,-2,-3,-1,0,0,-3
18208,18208,1503696867655,3,9,0,0,0,-1,1,0
18209,18209,1503696867662,1,-2,1,-1,0,0,3,1
18210,18210,1503696867679,-33,-8,5,2,-1,-3,-1,-3
18211,18211,1503696867684,2,7,0,-1,0,0,-1,-2
18837,18837,1503696873782,-11,5,0,2,2,-2,-7,-6
18838,18838,1503696873789,-13,-3,-2,0,0,0,-1,-2
18839,18839,1503696873804,5,-1,-2,-1,-2,-1,-2,-3
18840,18840,1503696873812,-5,-2,2,0,1,0,-1,-3
18841,18841,1503696873820,29,0,-4,-3,-3,1,4,7
18842,18842,1503696873833,-20,-6,-4,-2,0,0,-2,-5
18843,18843,1503696873844,9,-14,-9,-5,-2,-1,3,-2
18844,18844,1503696873849,-12,-4,4,2,1,0,5,10
18845,18845,1503696873864,-10,-3,-2,0,0,-1,-1,-4
18846,18846,1503696873872,-13,0,0,-1,-2,-1,2,-5
18847,18847,1503696873882,0,2,4,-2,1,0,-4,-3
18848,18848,1503696873894,-4,-4,-3,-3,-3,-2,-2,1
18849,18849,1503696873901,-3,-3,-6,-3,-1,2,2,0
18850,18850,1503696873902,-6,4,-1,2,2,0,0,0
18851,18851,1503696873911,23,3,4,0,-2,-1,-1,4
18852,18852,1503696873924,-10,-3,-2,-3,-2,-3,-2,-5
18853,18853,1503696873932,13,2,1,0,-3,-1,-2,0
18854,18854,1503696873940,17,0,0,1,-2,-2,-3,-1
18855,18855,1503696873954,12,1,-3,0,0,-1,-1,1
18856,18856,1503696873961,-68,-8,0,1,1,0,-2,-12
18857,18857,1503696873980,-22,-1,4,1,2,1,1,-6
18858,18858,1503696873986,30,-4,-1,-1,-1,0,3,5
18859,18859,1503696873999,-7,1,5,-1,0,-1,0,0
18860,18860,1503696874001,10,2,-1,0,-2,-1,1,2
18861,18861,1503696874014,5,3,0,2,0,-1,-1,0
18862,18862,1503696874022,-1,-1,-2,-3,-1,-4,1,4
18863,18863,1503696874029,-9,3,0,2,-5,-2,-4,-7
18864,18864,1503696874046,33,10,-1,-4,-1,1,1,4
18865,18865,1503696874052,3,-5,-3,-2,-1,-2,-3,-2
18866,18866,1503696874059,-1,-3,-3,-1,0,1,-2,-3
18867,18867,1503696874073,-12,-6,-5,-4,-1,-1,-1,-1
18868,18868,1503696874081,4,-5,-2,0,-1,0,-1,0
18869,18869,1503696874089,-3,-1,-2,-2,-1,-1,-3,-3
18870,18870,1503696874104,4,8,0,-2,-3,0,-6,-4
18871,18871,1503696874113,8,-1,-4,-1,0,2,1,4
18872,18872,1503696874120,-40,-8,1,-1,1,0,1,-5
18873,18873,1503696874133,2,0,-3,0,0,-2,-1,0
18874,18874,1503696874144,4,2,-1,-1,-2,-1,1,3
18875,18875,1503696874149,-4,-4,-2,-3,-2,0,0,1
18876,18876,1503696874164,1,0,1,0,-1,-4,-3,-2
18877,18877,1503696874171,-8,-3,-1,0,-1,0,0,-3
18878,18878,1503696874181,4,1,2,2,2,-1,-2,-3
18879,18879,1503696874193,-10,8,1,2,1,-3,-4,-5
18880,18880,1503696874201,-3,3,0,0,-1,-2,0,-1
18881,18881,1503696874213,-4,-6,-4,-1,0,0,-1,-2
18882,18882,1503696874224,-1,-8,-2,-2,-2,-2,-1,2
18883,18883,1503696874231,21,-2,-2,1,1,0,-1,2
18884,18884,1503696874240,18,-1,-7,-2,-1,1,-1,-1
18885,18885,1503696874255,6,-3,0,-2,1,0,-1,-3
18886,18886,1503696874261,-37,-1,3,-1,1,0,-2,-2
18887,18887,1503696874269,-2,1,1,0,-3,-5,-4,-7
18888,18888,1503696874285,17,4,-1,-4,-2,1,1,2
18889,18889,1503696874292,12,5,2,0,-1,2,0,7
18890,18890,1503696874300,-4,-2,12,2,0,1,2,2
18891,18891,1503696874314,-41,-5,-2,-3,-2,-2,-2,-6
18892,18892,1503696874322,0,1,1,0,-1,0,0,-1
18893,18893,1503696874329,5,-5,-3,-2,0,-1,2,3
18894,18894,1503696874348,6,-6,-6,-1,1,0,-2,0
18895,18895,1503696874354,-2,-5,-2,-1,-1,-2,-1,-1
18896,18896,1503696874359,14,7,2,-2,-2,1,2,2
18897,18897,1503696874373,11,3,0,-1,-1,0,-1,0
18898,18898,1503696874382,-2,1,-7,0,1,0,-3,-4
18899,18899,1503696874389,-39,-7,2,-2,-2,0,-3,-7
18900,18900,1503696874404,0,1,13,0,-3,-3,-1,-3
18901,18901,1503696874413,17,0,-5,-4,-1,1,1,2
18902,18902,1503696874420,1,-6,-6,0,1,-3,-1,1
18903,18903,1503696874433,-1,2,3,0,-1,0,-2,-1
18904,18904,1503696874441,-5,-3,-5,-1,1,0,0,-2
18905,18905,1503696874449,-14,-2,-6,-4,-2,-2,0,0
18906,18906,1503696874464,-9,2,6,2,-3,0,1,-1
18907,18907,1503696874471,-5,1,-1,1,0,0,0,0
18908,18908,1503696874487,-6,-3,-3,0,-1,0,-3,-3
18909,18909,1503696874494,0,3,0,2,1,-2,0,2
18910,18910,1503696874502,0,3,-3,-1,-1,1,0,0
18911,18911,1503696874509,5,-4,-2,-1,0,1,-1,2
18912,18912,1503696874524,15,6,-4,0,0,-3,-2,-1
18913,18913,1503696874531,11,4,6,-2,-2,1,3,1
18914,18914,1503696874548,14,-3,0,-4,-2,-1,-2,1
18915,18915,1503696874556,14,1,0,3,0,0,-2,2
18916,18916,1503696874562,-7,-4,-2,-10,1,-3,-1,-1
18917,18917,1503696874576,3,-1,-1,-1,-1,-1,-1,-3
18918,18918,1503696874590,-4,-2,-1,2,-4,-2,-1,0
18919,18919,1503696874592,9,8,-1,1,2,0,0,2
18920,18920,1503696874607,-16,-4,-2,-4,0,1,2,-2
18921,18921,1503696874623,0,3,-3,-2,-1,-1,0,0
18922,18922,1503696874626,30,8,0,2,-2,0,2,1
18923,18923,1503696874636,-3,3,-5,0,-4,-1,-1,-1
18924,18924,1503696874647,-3,-5,-3,8,1,1,-2,-3
18925,18925,1503696874652,2,-2,-4,-10,-6,-4,-3,-4
18926,18926,1503696874666,-17,-9,2,9,1,1,2,2
18927,18927,1503696874673,-14,-7,-1,2,1,-2,-2,-4
18928,18928,1503696874685,8,7,1,-5,0,0,0,3
18929,18929,1503696874696,-10,-8,0,-2,1,-1,0,1
18930,18930,1503696874704,-10,-19,-13,-4,-2,-3,-1,-2
18931,18931,1503696874715,5,-2,-1,0,-1,-1,-2,-2
18932,18932,1503696874726,-32,-2,1,-1,-1,-2,-1,-5
18933,18933,1503696874733,10,1,2,0,-1,-1,-1,0
18934,18934,1503696874741,9,0,0,-2,-4,-1,1,0
18935,18935,1503696874756,-2,1,3,3,-1,0,-1,-1
18936,18936,1503696874764,-2,3,1,0,0,0,-4,-3
18937,18937,1503696874771,4,-1,-3,2,1,0,0,0
18938,18938,1503696874787,3,5,1,0,-1,0,0,0
18939,18939,1503696874793,10,2,-3,-2,-3,-1,-1,-4
18940,18940,1503696874801,-5,0,-3,-3,-2,0,0,-2
18941,18941,1503696874816,5,6,0,-3,-3,0,0,1
18942,18942,1503696874824,-15,-3,2,0,2,1,-2,-1
18943,18943,1503696874831,7,2,2,0,1,-1,0,-1
18944,18944,1503696874848,-11,-9,-3,-4,-1,-1,-2,-1
18945,18945,1503696874853,2,3,1,0,1,2,3,0
18946,18946,1503696874861,-1,13,3,0,-2,-1,0,-1
18947,18947,1503696874862,7,-9,-2,1,0,-1,-3,0
18948,18948,1503696874876,-14,-13,-3,6,3,-2,-1,-7
18949,18949,1503696874884,18,19,3,-2,-2,1,1,3
18950,18950,1503696874892,-10,-10,-1,-5,-3,-2,-2,2
18951,18951,1503696874906,9,2,-2,-2,0,0,2,0
18952,18952,1503696874915,8,-2,-2,-2,-2,-1,-1,-3
18953,18953,1503696874922,-1,-2,2,-1,-2,-3,-2,0
18954,18954,1503696874936,-14,-6,0,0,0,1,-2,0
18955,18955,1503696874944,9,3,1,-3,-1,-1,0,0
18956,18956,1503696874952,-7,-1,1,-1,-1,-1,-2,-2
18957,18957,1503696874966,-43,-3,-4,0,1,0,-1,-4
18958,18958,1503696874973,6,-5,-8,-2,-1,-2,-2,-2
18959,18959,1503696874983,4,-4,1,1,0,-1,2,-1
18960,18960,1503696874997,-13,-8,-8,-2,2,2,1,1
18961,18961,1503696875004,15,2,-7,-3,0,-2,-2,-1
18962,18962,1503696875005,4,3,6,1,-2,-1,-4,-2
18963,18963,1503696875012,2,0,3,-1,-2,-1,-2,1
18964,18964,1503696875027,14,2,1,0,0,-2,-2,0
18965,18965,1503696875033,21,6,2,-1,-1,0,0,1
18966,18966,1503696875042,23,2,-3,0,-1,-1,-1,-1
18967,18967,1503696875057,0,5,1,0,1,-1,1,0
18968,18968,1503696875064,-8,-2,-3,0,-1,0,1,-1
18969,18969,1503696875071,0,2,0,-3,-2,-2,-1,-1
18970,18970,1503696875087,-14,-8,4,-1,2,1,-1,-1
18971,18971,1503696875093,-9,2,2,0,0,0,1,0
18972,18972,1503696875101,32,-6,-1,0,-1,-2,-1,0
18973,18973,1503696875118,-1,-2,-1,0,-1,-1,-2,-2
18974,18974,1503696875124,-2,4,-1,-2,-2,-1,-1,-2
18975,18975,1503696875131,-14,-6,-1,1,1,0,1,-2
18976,18976,1503696875149,-12,2,-3,-1,0,0,0,-2
18977,18977,1503696875153,1,-1,-4,-3,-2,-2,2,3
18978,18978,1503696875162,-13,-4,-6,-1,-1,1,-3,0
18979,18979,1503696875176,6,5,3,-1,-1,-2,-1,-1
18980,18980,1503696875184,-4,2,-4,-3,0,0,0,0
18981,18981,1503696875192,-3,-5,2,0,-3,0,-1,-2
18982,18982,1503696875206,1,1,1,-1,-2,-2,-2,-1
18983,18983,1503696875213,17,4,-8,-1,0,-1,-1,1
18984,18984,1503696875222,24,0,-1,3,0,-1,1,2
18985,18985,1503696875236,-5,-4,-6,-3,-1,-1,-2,-2
18986,18986,1503696875244,2,1,-3,0,0,2,0,0
18987,18987,1503696875252,-12,10,9,1,1,2,3,0
18988,18988,1503696875266,-22,-15,2,0,-1,-2,0,-5
19637,19637,1503696881574,2,1,5,13,5,2,3,25
19638,19638,1503696881582,44,5,4,6,-1,-2,1,11
19639,19639,1503696881590,18,1,-2,-10,-8,-8,-1,7
19640,19640,1503696881604,-7,-7,-1,1,-1,-3,-6,-9
19641,19641,1503696881611,-44,-6,-5,-1,-2,-3,-2,-28
19642,19642,1503696881619,-5,0,-4,-3,1,-2,-4,-74
19643,19643,1503696881634,-14,7,4,-5,-1,0,4,-115
19644,19644,1503696881650,5,-3,-5,-2,1,2,0,103
19645,19645,1503696881664,-39,-18,-4,2,1,1,-4,22
19646,19646,1503696881671,19,-2,-1,-6,-11,-1,-2,23
19647,19647,1503696881683,15,2,0,-4,5,1,5,-87
19648,19648,1503696881694,-4,5,-2,-4,-4,-4,0,-11
19649,19649,1503696881702,19,3,-3,-6,-6,-4,0,-25
19650,19650,1503696881709,-7,-8,-2,-1,0,-4,-3,-20
19651,19651,1503696881725,-11,5,-2,-3,3,1,4,57
19652,19652,1503696881731,11,-7,-6,-4,-2,-2,-3,45
19653,19653,1503696881739,28,-3,0,-4,-16,-1,-2,80
19654,19654,1503696881754,7,11,8,5,9,12,1,20
19655,19655,1503696881762,-9,-3,-4,0,-1,-4,-2,25
19656,19656,1503696881769,-8,-5,6,10,3,2,3,8
19657,19657,1503696881785,13,9,6,-2,1,0,1,43
19658,19658,1503696881792,-36,-9,-7,-4,-2,-5,-6,8
19659,19659,1503696881799,6,10,2,2,-1,-4,0,3
19660,19660,1503696881816,4,3,5,14,7,14,1,-8
19661,19661,1503696881822,-8,0,-2,-11,-3,-4,-6,-1
19662,19662,1503696881829,14,3,-2,3,-1,-1,3,5
19663,19663,1503696881844,4,3,-1,4,3,4,6,1
19664,19664,1503696881851,-12,-3,3,6,0,-4,0,-2
19665,19665,1503696881859,8,3,0,-2,1,8,-1,0
19666,19666,1503696881874,-2,-1,-3,2,3,0,0,3
19667,19667,1503696881883,-14,-3,-1,-3,-5,-6,-1,-8
19668,19668,1503696881889,7,0,-5,-11,-12,-5,-1,-1
19669,19669,1503696881904,-5,-7,1,0,3,1,-1,-15
19670,19670,1503696881911,17,18,5,-5,-1,-4,3,-8
19671,19671,1503696881919,-26,-5,2,3,-4,-1,0,-13
19672,19672,1503696881934,-1,-7,-6,-10,-2,-2,-2,16
19673,19673,1503696881942,2,5,-1,4,4,1,-2,-8
19674,19674,1503696881951,2,-10,-6,-3,-5,-2,-2,-16
19675,19675,1503696881964,-6,-7,-3,-2,-1,-4,-2,-9
19676,19676,1503696881971,-31,1,6,1,3,0,1,-21
19677,19677,1503696881988,-37,-6,-3,-9,-3,-1,0,-19
19678,19678,1503696881994,18,1,-1,8,3,0,-2,-5
19679,19679,1503696882002,1,1,-2,-6,-3,-3,-6,-6
19680,19680,1503696882019,-4,-16,-15,-5,-3,-1,1,-1
19681,19681,1503696882025,11,6,-1,0,-2,-1,0,2
19682,19682,1503696882031,9,-3,3,-3,0,-2,0,1
19683,19683,1503696882046,-12,0,3,3,6,-1,-1,4
19684,19684,1503696882054,8,-2,-2,3,5,0,-2,-2
19685,19685,1503696882062,4,4,-1,4,-2,-2,0,5
19686,19686,1503696882076,-14,-2,-4,-8,-1,-2,-3,-6
19687,19687,1503696882086,20,0,5,7,4,-2,-1,-1
19688,19688,1503696882092,-3,1,-4,0,-1,0,-4,1
19689,19689,1503696882106,16,-1,-5,-6,-3,-1,0,3
19690,19690,1503696882114,-4,3,0,-6,-9,-4,-4,-6
19691,19691,1503696882122,-9,12,10,4,1,-2,-4,2
19692,19692,1503696882136,14,5,2,0,2,-2,-3,-1
19693,19693,1503696882144,-25,-24,-10,-2,-1,0,1,-1
19694,19694,1503696882152,-11,2,12,2,-1,1,3,2
19695,19695,1503696882166,-25,-5,-4,-8,-8,-1,-4,-8
19696,19696,1503696882174,9,-10,-10,-6,-3,1,1,-3
19697,19697,1503696882184,19,2,0,3,0,1,1,4
19698,19698,1503696882196,-5,6,-4,-2,-7,-5,-6,-5
19699,19699,1503696882204,5,4,5,2,7,3,0,0
19700,19700,1503696882211,6,-4,1,1,-4,-1,0,-2
19701,19701,1503696882226,0,-1,-2,4,2,1,0,0
19702,19702,1503696882234,-36,2,-8,-3,-2,-2,0,-4
19703,19703,1503696882242,7,-1,-1,-3,-4,-1,0,1
19704,19704,1503696882256,8,-10,-3,-2,1,-1,2,2
19705,19705,1503696882264,5,6,3,-3,-1,-2,0,-2
19706,19706,1503696882271,-17,-4,-3,0,-1,0,1,-1
19707,19707,1503696882287,-10,-9,-3,-2,-3,-3,-2,-4
19708,19708,1503696882288,0,5,1,0,-3,-3,-3,1
19709,19709,1503696882294,1,-8,-6,0,3,0,-4,-4
19710,19710,1503696882302,-4,-16,-10,-3,-2,-2,-1,-2
19711,19711,1503696882318,7,17,11,0,-1,0,-3,-1
19712,19712,1503696882326,10,3,-1,-7,-10,-3,-4,-2
19713,19713,1503696882331,-4,6,5,1,-1,-1,1,-1
19714,19714,1503696882346,5,5,-2,4,3,0,0,1
19715,19715,1503696882354,-25,-5,-4,-3,-2,-2,-3,-8
19716,19716,1503696882362,34,6,-3,1,-2,3,-1,4
19717,19717,1503696882376,-31,-8,7,1,3,-2,-3,-7
19718,19718,1503696882386,2,-7,-1,-1,-1,-4,0,-4
19719,19719,1503696882392,48,4,-1,5,2,1,3,7
19720,19720,1503696882406,-10,-4,-4,-3,1,-1,-5,-7
19721,19721,1503696882414,-2,-8,-2,2,2,-3,0,-1
19722,19722,1503696882423,1,-4,-6,-1,1,0,0,-1
19723,19723,1503696882437,8,-2,-5,-4,0,-1,-1,1
19724,19724,1503696882444,36,17,3,-4,4,-2,2,1
19725,19725,1503696882452,22,6,-2,-6,-7,-2,-1,1
19726,19726,1503696882466,-27,-16,-3,4,-1,-2,-2,-2
19727,19727,1503696882474,2,2,4,1,0,-3,-3,-5
19728,19728,1503696882482,4,3,5,0,-1,-1,-1,1
19729,19729,1503696882496,-10,-3,1,1,-1,2,2,-2
19730,19730,1503696882512,6,-5,1,1,0,1,0,-1
19731,19731,1503696882513,-1,-6,-7,-3,-1,-2,0,-1
19732,19732,1503696882526,-21,-6,8,1,-3,0,1,2
19733,19733,1503696882534,-4,-8,0,-2,-1,-1,-2,-1
19734,19734,1503696882542,9,-3,0,-1,-4,-2,0,-2
19735,19735,1503696882556,-13,-3,-5,6,10,2,1,1
19736,19736,1503696882564,-7,3,0,-6,-4,-2,-1,-3
19737,19737,1503696882571,16,1,-3,0,0,-2,-4,-2
19738,19738,1503696882587,-10,-3,-4,0,3,2,2,-1
19739,19739,1503696882595,53,9,-1,0,-3,-1,-1,0
19740,19740,1503696882602,19,4,-5,0,-1,0,-1,4
19741,19741,1503696882621,-11,1,18,-1,1,1,0,-1
19742,19742,1503696882624,-16,2,9,2,-2,-1,-2,-2
19743,19743,1503696882631,20,22,8,2,-1,-2,1,2
19744,19744,1503696882646,-15,-3,-3,6,8,0,0,4
19745,19745,1503696882654,-15,-12,-9,-1,-3,-1,-3,-4
19746,19746,1503696882663,-13,-5,-9,-6,-8,-4,-3,-5
19747,19747,1503696882676,-17,-3,-1,0,-2,4,0,-1
19748,19748,1503696882687,24,4,5,-1,-5,-3,-1,-2
19749,19749,1503696882691,-28,-17,-17,-5,-2,-2,0,0
19750,19750,1503696882706,-9,-5,-10,-3,1,-1,-1,-1
19751,19751,1503696882714,8,1,3,0,-1,-1,-1,0
19752,19752,1503696882722,5,3,10,-1,-2,-1,1,1
19753,19753,1503696882736,12,-2,-6,-2,-3,-3,-3,-2
19754,19754,1503696882745,-5,-1,-6,-7,3,0,-2,-4
19755,19755,1503696882753,-4,8,2,-1,-1,-2,-1,0
19756,19756,1503696882766,4,-1,9,1,1,-1,0,-1
19757,19757,1503696882773,-19,4,-3,0,0,-1,0,-3
19758,19758,1503696882783,-5,-7,-10,0,10,1,-1,-1
19759,19759,1503696882797,2,-8,-3,-1,-1,-1,1,2
19760,19760,1503696882804,-17,-7,-12,2,-3,-2,-5,-5
19761,19761,1503696882811,-6,5,1,1,2,1,4,1
19762,19762,1503696882826,6,-1,-5,-4,-6,-4,0,1
19763,19763,1503696882834,-4,8,4,0,-4,-2,-2,-1
19764,19764,1503696882842,-1,12,9,3,-1,1,-2,1
19765,19765,1503696882856,2,-1,-2,-4,-4,-1,0,0
19766,19766,1503696882864,-1,1,-4,2,2,1,-1,-2
19767,19767,1503696882871,9,2,4,-1,-3,-2,0,3
19768,19768,1503696882888,27,0,-3,-5,-1,-2,0,-3
19769,19769,1503696882894,-7,9,-7,-4,1,-2,-1,-5
19770,19770,1503696882902,-18,-13,0,0,-3,-1,-1,-1
19771,19771,1503696882916,3,-17,-9,-2,0,1,0,1
19772,19772,1503696882932,-9,-15,-8,0,-4,-2,0,-3
19773,19773,1503696882938,-3,3,-1,0,1,2,2,2
19774,19774,1503696882946,21,14,8,3,-2,0,-2,1
20441,20441,1503696889411,-3,-13,-6,-1,-3,0,4,1
20442,20442,1503696889423,-6,10,4,1,-2,0,3,0
20443,20443,1503696889433,1,-2,-3,-1,-1,-1,-5,-4
20444,20444,1503696889441,21,6,1,1,1,1,-1,3
20445,20445,1503696889456,-21,-2,7,-1,1,2,2,0
20446,20446,1503696889463,-19,-11,-6,-3,-1,-4,-6,-6
20447,20447,1503696889471,7,-4,-7,-1,-1,-2,-4,-4
20448,20448,1503696889490,-21,-4,-1,1,0,-1,2,1
20449,20449,1503696889495,-28,-1,-1,-1,0,-1,0,-8
20450,20450,1503696889501,26,-5,-1,-1,-1,-8,-1,-3
20451,20451,1503696889516,14,-2,-1,0,1,6,4,2
20452,20452,1503696889525,-2,-4,1,-1,2,4,-4,0
20453,20453,1503696889531,11,-1,-3,-4,0,-1,-4,0
20454,20454,1503696889545,-17,-4,-3,-2,-2,-2,-2,-4
20455,20455,1503696889554,-2,5,0,4,4,-1,-6,-2
20456,20456,1503696889562,-13,-1,0,-1,-1,-1,-1,-2
20457,20457,1503696889576,14,12,2,2,2,-1,-3,-4
20458,20458,1503696889583,20,5,2,1,0,1,-2,-3
20459,20459,1503696889592,-25,-8,-6,-5,-6,-2,5,6
20460,20460,1503696889605,-20,0,8,1,-2,1,-4,-6
20461,20461,1503696889614,20,7,4,-2,-2,-2,0,3
20462,20462,1503696889621,6,-5,-5,-1,-1,0,-2,3
20463,20463,1503696889636,7,-3,-1,0,-2,-2,3,3
20464,20464,1503696889643,7,6,1,1,0,3,4,4
20465,20465,1503696889651,7,-5,-5,-3,-3,1,0,-2
20466,20466,1503696889666,-15,-3,-3,0,-1,-1,1,3
20467,20467,1503696889673,12,1,1,2,2,19,1,1
20468,20468,1503696889681,3,0,-4,-2,1,3,0,0
20469,20469,1503696889697,-5,-5,0,-3,-1,-7,-2,-7
20470,20470,1503696889703,12,0,-1,3,1,-1,1,3
20471,20471,1503696889712,5,3,-2,0,-1,-3,-4,-4
20472,20472,1503696889725,-2,-6,-4,-4,-3,-5,-2,1
20473,20473,1503696889733,-5,-6,3,1,0,-2,-1,0
20474,20474,1503696889741,14,13,0,-1,0,-1,-1,-1
20475,20475,1503696889756,10,0,-4,-1,-1,-6,-1,-2
20476,20476,1503696889764,1,-9,-8,-3,-2,-1,2,0
20477,20477,1503696889772,-16,1,0,0,-2,-5,-1,1
20478,20478,1503696889786,-5,0,-3,-2,-2,-1,-3,-5
20479,20479,1503696889794,-4,-2,-2,-1,0,-1,-1,2
20480,20480,1503696889801,8,1,0,-2,-1,-1,-1,0
20481,20481,1503696889816,-6,-5,-6,-2,-1,-2,-2,-1
20482,20482,1503696889824,-12,-5,2,0,1,-2,-1,0
20483,20483,1503696889832,24,2,-2,-2,-1,-2,1,4
20484,20484,1503696889845,-3,-1,2,1,1,0,0,0
20485,20485,1503696889855,-6,15,10,1,-1,1,0,4
20486,20486,1503696889861,-20,-2,1,0,-1,-1,-4,-5
20487,20487,1503696889876,-2,-2,0,0,-1,-3,-2,-2
20488,20488,1503696889883,0,-1,-2,-1,0,0,-1,-1
20489,20489,1503696889893,-2,1,0,0,-1,0,3,1
20490,20490,1503696889905,-3,-2,1,-1,-2,0,-2,-2
20491,20491,1503696889913,7,-1,-4,0,-2,-3,-6,-5
20492,20492,1503696889923,6,1,0,3,0,2,2,2
20493,20493,1503696889936,-9,-6,-2,0,0,0,-3,0
20494,20494,1503696889943,-12,-4,0,0,-2,-1,-1,-1
20495,20495,1503696889951,-1,-3,0,-1,-1,0,1,-2
20496,20496,1503696889966,-14,-1,0,1,1,-1,0,0
20497,20497,1503696889973,18,2,-5,-3,-2,0,0,0
20498,20498,1503696889981,8,0,-2,-1,1,0,1,-1
20499,20499,1503696889996,-3,-7,-6,-1,1,-1,-3,0
20500,20500,1503696890005,2,-10,-5,-3,-3,-2,-4,0
20501,20501,1503696890011,-7,0,-1,0,0,0,2,1
20502,20502,1503696890025,20,5,0,-1,-2,-2,3,2
20503,20503,1503696890033,-5,2,1,-2,-2,0,-2,-3
20504,20504,1503696890041,-2,-2,-5,-2,-1,0,-1,2
20505,20505,1503696890058,-15,2,2,1,0,-2,0,-1
20506,20506,1503696890063,-11,-5,-1,-1,-2,1,-1,2
20507,20507,1503696890064,-5,0,-4,-2,0,1,-2,-2
20508,20508,1503696890071,-18,-5,10,1,-1,-1,-1,-2
20509,20509,1503696890085,-19,1,0,-1,-1,-2,1,-3
20510,20510,1503696890095,0,-13,-6,-2,-1,-1,-1,-2
20511,20511,1503696890101,-7,-3,0,-2,-2,0,-2,-2
20512,20512,1503696890116,-18,-7,0,1,-2,0,-1,-3
20513,20513,1503696890124,3,1,0,-2,-1,1,-1,2
20514,20514,1503696890132,11,13,3,0,-1,-2,-2,2
20515,20515,1503696890145,16,0,-5,-1,-2,-3,0,-1
20516,20516,1503696890153,17,14,14,3,0,1,-1,0
20517,20517,1503696890161,-7,-1,1,-2,-1,-2,-2,-4
20518,20518,1503696890176,-29,-5,-10,-3,-2,-3,-3,-5
20519,20519,1503696890183,11,7,4,-1,-1,1,-2,0
20520,20520,1503696890192,9,5,-5,-1,-2,0,-1,-1
20521,20521,1503696890205,-7,-4,2,1,0,0,1,-1
20522,20522,1503696890213,23,3,1,0,0,1,-1,1
20523,20523,1503696890223,6,10,-6,-1,-2,0,0,1
20524,20524,1503696890236,-32,-5,-1,-2,-1,-1,2,0
20525,20525,1503696890243,1,-3,1,0,0,-2,-3,-1
20526,20526,1503696890251,6,-5,-5,-3,-2,-2,-1,1
20527,20527,1503696890266,0,4,2,0,0,1,0,-1
20528,20528,1503696890273,-6,-5,-1,1,1,-2,-1,-1
20529,20529,1503696890281,-6,-6,2,-2,1,1,1,1
20530,20530,1503696890296,-7,-5,-4,-4,-3,0,1,3
20531,20531,1503696890303,5,-1,-1,0,-1,-2,-1,-2
20532,20532,1503696890311,5,-2,-6,-3,1,-1,-2,-8
20533,20533,1503696890328,5,-1,1,2,-1,1,2,1
20534,20534,1503696890334,4,-6,-8,0,0,1,-1,0
20535,20535,1503696890348,9,-1,-5,2,2,-1,0,1
20536,20536,1503696890358,9,6,4,1,2,0,1,1
20537,20537,1503696890364,-10,-4,-3,-3,-2,0,0,-1
20538,20538,1503696890378,5,-3,-5,-2,-1,0,1,3
20539,20539,1503696890385,15,7,1,-2,-2,-2,-3,-3
20540,20540,1503696890394,-21,-1,2,0,-1,-1,-2,-3
20541,20541,1503696890408,5,0,19,4,1,0,1,1
20542,20542,1503696890416,13,-5,0,-2,0,-2,-1,-3
20543,20543,1503696890426,-9,-1,-7,-1,-3,-2,-3,-2
20544,20544,1503696890439,-15,3,0,0,0,0,0,-2
20545,20545,1503696890445,-7,-4,-6,-3,0,-2,0,-1
20546,20546,1503696890456,-20,-17,-7,-4,-2,0,-2,-1
20547,20547,1503696890460,24,18,-2,-5,-2,-3,-1,0
20548,20548,1503696890468,-3,6,2,2,2,0,0,0
20549,20549,1503696890476,-1,-6,-3,-3,-3,1,0,2
20550,20550,1503696890483,-3,2,-3,-2,-2,-2,-4,-3
20551,20551,1503696890499,-6,6,7,-1,-1,1,0,-1
20552,20552,1503696890505,-13,-13,-8,-2,-2,0,0,-2
20553,20553,1503696890513,10,-1,12,0,-3,0,0,1
20554,20554,1503696890528,-2,-1,-3,-2,-3,-1,-1,3
20555,20555,1503696890536,3,-12,-7,1,0,0,-2,-1
20556,20556,1503696890543,-18,-2,3,-2,2,1,0,-2
20557,20557,1503696890559,10,9,3,-2,-4,-2,-2,0
20558,20558,1503696890560,3,-7,-9,-1,-1,-2,-3,-2
20559,20559,1503696890565,-3,-11,-2,1,-1,-3,-4,-2
20560,20560,1503696890573,-34,-9,-2,-1,-1,-3,-3,-6
20561,20561,1503696890588,4,2,1,3,0,2,2,0
20994,20994,1503696894796,-14,-3,-7,-2,2,-1,3,-5
20995,20995,1503696894803,0,-5,-3,1,-3,-2,4,14
20996,20996,1503696894819,-15,-7,-4,-1,-2,9,5,-1
20997,20997,1503696894826,-8,1,-3,-7,0,-3,2,8
20998,20998,1503696894833,-6,-2,-4,-9,-15,-11,-4,-5
20999,20999,1503696894848,0,-3,-3,-1,-1,1,1,1
21000,21000,1503696894856,17,-1,1,1,3,-1,-11,2
21001,21001,1503696894863,-13,2,-6,-2,1,1,5,-3
21002,21002,1503696894878,2,4,-1,7,-1,0,1,-1
21003,21003,1503696894886,-7,-7,-5,-1,4,9,-4,-1
21004,21004,1503696894893,-25,-3,0,-1,-4,-2,-9,-6
21005,21005,1503696894907,-7,7,2,0,-3,-1,2,-7
21006,21006,1503696894916,6,-2,3,-1,-1,-3,-9,-4
21007,21007,1503696894923,7,0,3,0,2,-4,-2,-3
21008,21008,1503696894939,15,-1,-8,-1,-8,-12,5,2
21009,21009,1503696894948,-5,-6,-1,-7,8,9,8,3
21010,21010,1503696894953,14,3,1,9,10,5,4,7
21011,21011,1503696894954,-19,2,2,-6,-1,-8,0,-5
21012,21012,1503696894967,-8,-5,-7,-6,-8,-14,-6,-5
21013,21013,1503696894981,61,8,-2,-1,2,-2,10,32
21014,21014,1503696894983,18,7,-1,5,1,4,-5,-2
21015,21015,1503696894999,12,-1,1,0,0,0,4,-2
21016,21016,1503696895006,27,1,4,-2,-6,-2,1,-2
21017,21017,1503696895015,-16,-1,1,-1,2,6,1,-4
21018,21018,1503696895027,-10,-2,-1,0,1,-4,-9,-4
21019,21019,1503696895035,8,0,-8,-3,1,4,-7,-11
21020,21020,1503696895050,15,7,-2,1,7,-4,-2,4
21021,21021,1503696895059,-9,1,8,2,1,13,1,9
21022,21022,1503696895065,-13,-11,-3,2,3,2,0,-2
21023,21023,1503696895082,-4,0,0,0,-4,-5,-6,-6
21024,21024,1503696895087,18,5,3,4,-3,4,1,9
21025,21025,1503696895095,-2,2,0,0,-2,-5,7,-6
21026,21026,1503696895110,-7,-9,-4,-5,-4,-4,1,-3
21027,21027,1503696895119,-38,-10,-8,-7,-3,-2,-6,-5
21028,21028,1503696895126,-11,12,24,5,0,-2,1,-1
21029,21029,1503696895141,9,1,-2,-2,-8,-3,-1,-1
21030,21030,1503696895149,-18,-4,-1,1,7,9,-5,-2
21031,21031,1503696895156,5,1,2,-1,-6,-4,2,-5
21032,21032,1503696895170,8,4,-3,-1,-6,-6,-8,-12
21033,21033,1503696895179,-17,-5,-3,0,-2,-3,0,-2
21034,21034,1503696895186,12,-6,-6,-4,-3,7,6,3
21035,21035,1503696895200,-25,0,4,2,3,1,-2,-4
21036,21036,1503696895207,-29,-13,-7,-3,-9,-10,-1,-7
21037,21037,1503696895216,-22,-9,-2,-1,5,1,2,3
21038,21038,1503696895230,-1,3,-4,-1,-1,-6,1,0
21039,21039,1503696895239,-4,0,0,-1,-10,-2,-3,-1
21040,21040,1503696895246,3,3,-2,0,-2,-4,2,2
21041,21041,1503696895261,30,12,0,2,0,2,5,-5
21042,21042,1503696895267,19,1,-5,-5,1,2,9,7
21043,21043,1503696895275,3,3,0,0,9,5,0,1
21044,21044,1503696895291,5,3,-2,-2,1,-4,-2,-3
21045,21045,1503696895299,21,1,-3,-1,1,-2,-4,0
21046,21046,1503696895306,-36,-8,-1,0,1,-8,-3,-3
21047,21047,1503696895321,10,0,2,-3,5,10,-4,0
21048,21048,1503696895327,3,1,1,-4,-2,0,0,0
21049,21049,1503696895335,-24,-8,-4,-4,3,0,-1,-4
21050,21050,1503696895352,20,6,2,1,-4,-9,-7,9
21051,21051,1503696895359,-10,-3,-1,3,0,-2,-4,-1
21052,21052,1503696895365,6,-1,-2,0,0,3,1,11
21053,21053,1503696895381,3,-5,-1,3,-4,-5,2,0
21054,21054,1503696895387,-20,-1,1,-2,1,-4,-4,-3
21055,21055,1503696895388,-1,0,-1,0,-1,8,-1,-2
21056,21056,1503696895396,2,-1,-2,1,12,1,4,-3
21057,21057,1503696895410,-11,-7,-4,-2,16,4,3,-4
21058,21058,1503696895419,-27,8,2,-2,-5,-7,-7,-6
21059,21059,1503696895426,-19,-4,3,1,-6,1,-3,-7
21060,21060,1503696895441,50,-1,-8,-6,-4,-2,-3,3
21061,21061,1503696895447,11,-1,-1,0,-6,2,-3,4
21062,21062,1503696895463,14,-4,0,1,-1,-2,-1,-1
21063,21063,1503696895470,-1,-1,0,1,-5,0,1,-7
21064,21064,1503696895478,8,6,-2,-2,-2,-1,0,0
21065,21065,1503696895486,-5,2,12,1,-1,-1,-3,1
21066,21066,1503696895500,-10,-2,-1,1,0,1,-3,-2
21067,21067,1503696895501,-20,-6,-2,-2,0,0,2,0
21068,21068,1503696895508,32,3,-3,-3,-12,-2,5,11
21069,21069,1503696895518,-24,-11,-3,-2,-1,0,-3,3
21070,21070,1503696895530,-4,2,1,2,-1,-2,-6,-16
21071,21071,1503696895538,3,-1,-13,-2,-4,-2,-4,-2
21072,21072,1503696895546,14,12,13,1,1,-2,2,1
21073,21073,1503696895561,14,0,-1,-2,2,-1,-4,-2
21074,21074,1503696895567,-19,4,13,2,3,-8,0,-2
21075,21075,1503696895575,20,1,3,1,1,5,12,4
21076,21076,1503696895590,-1,-10,-16,-4,3,-2,-2,-4
21077,21077,1503696895599,-3,-3,0,0,-2,-1,-3,2
21078,21078,1503696895605,9,0,-4,-2,1,-1,4,6
21079,21079,1503696895622,-17,-8,-6,-1,-3,-1,-7,-3
21080,21080,1503696895628,18,-2,-5,-1,-1,1,-1,-1
21081,21081,1503696895636,-32,4,-1,1,-1,1,-3,-6
21082,21082,1503696895654,20,9,9,-1,-1,0,-3,-1
21083,21083,1503696895659,-4,-1,-1,-2,-2,-4,2,-1
21084,21084,1503696895672,11,2,-6,-2,-3,-3,-6,0
21085,21085,1503696895673,2,-8,-13,-3,0,-1,-3,-4
21086,21086,1503696895680,-31,4,11,2,1,0,-3,-4
21087,21087,1503696895689,-1,-1,-4,-1,0,0,-1,-5
21088,21088,1503696895696,24,6,0,0,-1,-1,3,7
21089,21089,1503696895710,0,-2,-4,0,-2,0,-6,0
21090,21090,1503696895721,7,-1,4,-1,-1,1,1,1
21091,21091,1503696895732,-11,-6,-6,-4,-1,0,1,1
21092,21092,1503696895741,-34,1,4,1,-1,-2,-3,-3
21093,21093,1503696895756,-25,-6,-2,-1,0,0,-2,-3
21094,21094,1503696895757,7,3,14,3,-1,-3,0,-1
21095,21095,1503696895770,-15,-2,-5,-1,-1,-2,-2,-1
21096,21096,1503696895778,13,-8,-6,-3,-1,-1,-1,-1
21097,21097,1503696895786,-11,5,3,-1,-3,-5,-1,-3
21098,21098,1503696895787,-1,-3,-5,-2,-2,0,-4,4
21099,21099,1503696895801,14,-2,-6,0,1,0,-2,-4
21100,21100,1503696895808,-67,-3,2,1,0,-3,2,-2
21101,21101,1503696895818,-7,-2,7,5,1,1,-1,1
21102,21102,1503696895831,23,-3,-2,-2,5,3,-7,-7
21103,21103,1503696895838,8,-6,1,1,1,-1,1,2
21104,21104,1503696895845,0,3,5,1,-2,-3,-4,-3
21105,21105,1503696895846,7,-11,-4,-1,-2,-3,-7,-7
21106,21106,1503696895861,15,7,-2,-3,-2,-2,0,-6
21107,21107,1503696895868,-64,-10,-5,0,-3,1,-2,-5
21108,21108,1503696895876,-36,-9,-1,1,-2,3,2,-1
21109,21109,1503696895890,24,-5,-4,1,2,-2,-2,-4
21110,21110,1503696895898,16,1,-3,-1,0,-15,-2,5
21111,21111,1503696895905,9,2,1,-3,-2,-3,3,1
21551,21551,1503696900218,23,10,3,0,1,0,0,0
21552,21552,1503696900219,-15,-10,-4,-1,3,-2,2,-1
21553,21553,1503696900232,5,-5,-2,-2,3,-3,-2,-3
21554,21554,1503696900241,13,7,2,2,6,4,6,3
21555,21555,1503696900249,-21,-3,4,-2,-2,-2,-6,-2
21556,21556,1503696900263,-14,-6,8,0,6,3,10,7
21557,21557,1503696900270,3,2,-1,-7,-2,0,0,3
21558,21558,1503696900279,-8,-3,-3,-2,-5,-2,-10,-7
21559,21559,1503696900292,26,9,0,-1,-1,1,6,6
21560,21560,1503696900300,26,12,1,3,-1,-1,-3,0
21561,21561,1503696900308,-1,4,0,1,-3,0,2,4
21562,21562,1503696900323,-5,-4,-1,-9,-7,6,0,0
21563,21563,1503696900330,-6,-4,2,7,6,-2,-1,-1
21564,21564,1503696900341,-14,-5,2,2,-7,-7,0,-4
21565,21565,1503696900352,-6,-3,-3,2,8,1,-2,-3
21566,21566,1503696900360,-12,-1,7,-1,-2,-1,-2,0
21567,21567,1503696900368,5,0,-2,-3,0,-3,1,4
21568,21568,1503696900384,17,17,-3,3,7,-6,-5,-3
21569,21569,1503696900390,2,-5,-3,-4,4,0,-4,-5
21570,21570,1503696900399,-15,-11,-11,-14,-16,-4,-5,-2
21571,21571,1503696900413,-11,-9,2,-8,-11,-1,4,5
21572,21572,1503696900420,-1,-4,-5,7,-5,4,-1,0
21573,21573,1503696900428,-15,-1,-5,-1,-11,1,-4,-4
21574,21574,1503696900444,-23,12,15,-3,-3,-6,-5,-4
21575,21575,1503696900453,33,15,2,8,17,-1,1,-1
21576,21576,1503696900466,9,0,-3,-4,10,6,3,4
21577,21577,1503696900472,-29,-10,0,-4,-21,-4,-6,-8
21578,21578,1503696900481,-20,-13,-5,-17,-26,-4,-3,0
21579,21579,1503696900488,41,11,-4,2,14,-1,0,3
21580,21580,1503696900503,6,0,-6,0,6,3,-1,-3
21581,21581,1503696900511,-2,-2,5,5,16,1,2,5
21582,21582,1503696900521,0,-1,10,5,9,-1,0,4
21583,21583,1503696900533,-17,4,-9,-2,-8,-6,-8,-10
21584,21584,1503696900553,-2,-4,-6,-13,-20,-7,-6,2
21585,21585,1503696900563,24,10,7,-3,-11,-3,-4,1
21586,21586,1503696900570,-8,-6,2,-5,4,-5,-2,-8
21587,21587,1503696900581,-15,-8,-2,10,3,9,17,1
21588,21588,1503696900592,-21,-11,-8,7,5,3,6,5
21589,21589,1503696900600,29,10,-7,-1,3,-10,-11,0
21590,21590,1503696900610,-47,-26,-13,-10,-13,-5,-6,-19
21591,21591,1503696900623,-19,-6,-3,14,14,1,0,-9
21592,21592,1503696900630,29,9,6,8,-1,6,6,10
21593,21593,1503696900646,4,-1,-4,-1,5,0,11,8
21594,21594,1503696900653,15,5,4,-19,-15,-15,-11,2
21595,21595,1503696900660,8,-8,1,4,3,-3,-3,-5
21596,21596,1503696900677,-8,4,9,10,7,11,3,-1
21597,21597,1503696900683,-8,5,-5,1,-1,-7,-2,1
21598,21598,1503696900690,9,3,1,0,-9,-1,2,2
21599,21599,1503696900705,13,5,4,-4,-2,-2,4,-2
21600,21600,1503696900706,-16,2,2,-1,-3,-3,-3,-1
21601,21601,1503696900714,-18,-7,2,3,5,2,7,10
21602,21602,1503696900720,-3,-3,-1,-3,-6,2,-4,-1
21603,21603,1503696900735,71,19,8,5,9,6,-1,3
21604,21604,1503696900744,-35,-4,3,-3,-2,-5,-5,-16
21605,21605,1503696900751,8,3,-2,-2,5,1,-2,-4
21606,21606,1503696900765,13,-1,-2,1,6,-3,-10,-1
21607,21607,1503696900772,-20,-8,-1,-2,2,-1,-6,-7
21608,21608,1503696900781,2,-6,-10,-10,-9,-2,-6,-2
21609,21609,1503696900795,-2,2,3,-4,-4,-7,5,6
21610,21610,1503696900803,4,2,-3,3,-1,1,2,14
21611,21611,1503696900811,-14,-3,-2,4,3,0,-2,-5
21612,21612,1503696900825,6,3,-5,-2,-5,3,6,1
21613,21613,1503696900832,5,-4,-3,-5,-6,-4,0,-7
21614,21614,1503696900840,-3,-9,-2,-3,-1,2,3,-2
21615,21615,1503696900855,6,0,-4,-2,-8,5,2,-3
21616,21616,1503696900862,12,5,2,-2,3,2,2,1
21617,21617,1503696900877,2,-2,3,-2,-1,1,0,8
21618,21618,1503696900886,4,-4,-2,-3,-2,19,0,-7
21619,21619,1503696900892,-19,1,-2,-2,-10,-2,1,-1
21620,21620,1503696900900,-5,-5,2,1,-7,-23,-7,-10
21621,21621,1503696900915,-20,-7,-3,0,-1,-2,-16,2
21622,21622,1503696900923,23,15,12,9,12,4,0,4
21623,21623,1503696900930,19,6,-3,0,-5,-6,1,1
21624,21624,1503696900945,1,-5,-5,-2,-3,-4,-6,-6
21625,21625,1503696900953,-4,2,16,2,5,4,2,-2
21626,21626,1503696900960,2,1,0,-6,-10,-14,-1,0
21627,21627,1503696900974,-6,-13,-11,-4,-1,-2,-4,-5
21628,21628,1503696900985,-10,-6,-2,-6,-2,-1,2,-2
21629,21629,1503696900990,-2,-8,-4,-3,1,0,0,-1
21630,21630,1503696901005,-9,-3,-4,0,-3,-1,-3,-5
21631,21631,1503696901012,-24,0,0,1,-3,-3,5,-1
21632,21632,1503696901022,17,1,1,5,6,2,1,0
21633,21633,1503696901035,-8,-4,-4,-3,-6,-12,-4,0
21634,21634,1503696901045,-9,-1,-4,-5,-4,-5,-7,-3
21635,21635,1503696901050,-12,-5,-3,-2,-2,-9,-2,-4
21636,21636,1503696901051,-6,-1,-5,2,6,13,10,2
21637,21637,1503696901065,-10,0,2,3,0,4,2,4
21638,21638,1503696901072,33,4,0,-4,-2,-2,-4,-5
21639,21639,1503696901080,5,-1,-3,-1,-2,1,0,7
21640,21640,1503696901095,-29,-8,-1,2,3,1,0,-4
21641,21641,1503696901103,-25,-15,-8,-3,-6,-4,1,-4
21642,21642,1503696901113,29,13,4,3,3,3,4,8
21643,21643,1503696901125,17,4,0,3,-1,4,7,10
21644,21644,1503696901132,5,1,-8,-6,-7,1,2,5
21645,21645,1503696901140,6,-1,4,0,0,-10,-7,-2
21646,21646,1503696901156,-12,-1,4,0,-1,-3,-3,-2
21647,21647,1503696901163,-23,-8,-4,-3,4,4,1,-1
21648,21648,1503696901170,-6,-6,-1,-1,-6,0,-2,-2
21649,21649,1503696901186,-22,0,2,0,0,-2,8,-1
21650,21650,1503696901192,29,8,2,0,2,-8,-8,-9
21651,21651,1503696901200,14,2,7,1,-1,0,-1,-4
21652,21652,1503696901215,29,-3,-6,3,1,2,4,9
21653,21653,1503696901223,6,-6,-3,-2,-3,1,-3,-5
21654,21654,1503696901230,-7,-2,-1,1,3,4,2,2
21655,21655,1503696901247,37,9,-1,0,0,3,1,1
21656,21656,1503696901253,5,4,5,-3,-4,-2,-5,-4
21657,21657,1503696901260,7,8,1,2,1,5,7,16
21658,21658,1503696901274,-7,-9,2,4,4,-1,-5,-9
21659,21659,1503696901283,-14,-1,-4,-4,-1,-3,-5,-2
21660,21660,1503696901290,2,1,-2,4,1,-2,-7,-5
21661,21661,1503696901305,26,7,-4,0,0,-4,-5,2
21662,21662,1503696901313,-19,-1,0,-2,-4,-2,-1,1
21663,21663,1503696901321,-17,-3,-5,-4,-1,-1,-1,-1
21664,21664,1503696901334,-54,-9,-4,-1,-2,-2,-3,-8
21665,21665,1503696901343,-46,-10,-1,-2,-2,0,-2,-10
21666,21666,1503696901352,-9,-6,-3,-5,-3,5,10,4
21667,21667,1503696901365,44,-5,-2,0,2,-5,-2,0
21668,21668,1503696901372,-7,-1,-8,-3,-2,1,1,3
21669,21669,1503696901381,1,13,17,2,2,2,-4,-5
21670,21670,1503696901395,32,0,-3,-1,0,9,1,1
21671,21671,1503696901403,-13,-8,-10,-3,-4,-1,-4,-6
21672,21672,1503696901417,-3,1,0,-3,3,-5,-3,-1
21673,21673,1503696901425,12,1,2,-1,-2,-2,-3,-3
21674,21674,1503696901432,-5,-7,-3,-2,-2,-3,-4,0
21675,21675,1503696901440,-18,-7,-3,-1,-1,-2,1,1
21676,21676,1503696901455,-4,0,1,-1,0,1,0,2
21677,21677,1503696901463,24,8,-2,-1,0,0,2,10
21678,21678,1503696901470,-20,4,1,1,0,-11,-4,-6
21679,21679,1503696901485,-18,-13,-4,0,-1,14,1,-2
21680,21680,1503696901486,24,9,0,0,0,-2,-7,-9
21681,21681,1503696901492,10,3,1,3,-2,-7,-5,-3
21682,21682,1503696901500,-17,-8,5,1,-1,2,6,4
21683,21683,1503696901515,25,10,2,0,2,-1,1,-1
21684,21684,1503696901523,-11,-2,0,2,-2,1,-3,0
21685,21685,1503696901530,12,0,1,-1,7,5,-1,4
21686,21686,1503696901548,3,4,6,3,1,0,2,-3
21687,21687,1503696901552,9,-1,-7,-2,-4,-13,-4,-2
21688,21688,1503696901568,-16,-4,-4,-2,-1,0,3,0
21689,21689,1503696901574,18,1,-4,2,1,6,1,5
21690,21690,1503696901583,-26,-4,-3,-1,-2,-1,-4,-3
21691,21691,1503696901597,-18,-6,-8,-3,-4,-1,-3,-3
21692,21692,1503696901605,-7,-4,-2,-2,-4,-2,-3,-2
21693,21693,1503696901615,8,-1,2,-1,0,2,-1,0
21694,21694,1503696901628,0,-3,-3,-1,-2,-7,-1,1
22124,22124,1503696905776,10,-7,-6,-14,-4,-2,1,0
22125,22125,1503696905783,-24,-7,-2,7,-2,-1,0,-1
22126,22126,1503696905797,-1,1,1,-3,3,0,1,0
22127,22127,1503696905805,16,1,-2,-1,2,-1,0,1
22128,22128,1503696905813,6,-3,-6,-11,-12,6,-4,-4
22129,22129,1503696905827,1,-1,-3,-6,5,1,4,1
22130,22130,1503696905828,-3,-3,0,-4,-1,0,-2,-4
22131,22131,1503696905836,0,-1,-7,-8,-6,-2,-2,-1
22132,22132,1503696905844,2,-10,-3,7,13,-4,0,1
22133,22133,1503696905857,-1,4,2,0,-2,-5,-1,-2
22134,22134,1503696905865,-14,1,0,-6,-12,-3,0,1
22135,22135,1503696905873,-6,4,1,-1,2,-2,0,-3
22136,22136,1503696905887,5,-7,9,2,-1,-1,1,2
22137,22137,1503696905895,-2,-4,0,4,2,0,5,3
22138,22138,1503696905903,-4,-12,-10,-3,-3,0,-2,-6
22139,22139,1503696905917,-9,2,-1,4,0,-2,-1,-3
22140,22140,1503696905925,-20,-13,-4,-7,18,1,-2,1
22141,22141,1503696905933,0,5,-1,-3,-4,-2,-1,1
22142,22142,1503696905947,-21,0,-3,-6,-10,3,-4,-6
22143,22143,1503696905962,2,-3,-2,-4,-4,2,3,-1
22144,22144,1503696905964,5,3,-2,-1,0,-2,-3,0
22145,22145,1503696905980,8,-7,-6,-7,-6,-5,-7,-5
22146,22146,1503696905986,21,10,-8,5,7,0,0,4
22147,22147,1503696905993,-3,-9,-3,-6,-4,-4,-3,0
22148,22148,1503696906008,22,2,3,10,5,0,2,-2
22149,22149,1503696906015,18,8,2,8,12,2,0,4
22150,22150,1503696906023,12,7,5,0,2,2,0,-1
22151,22151,1503696906039,-13,-18,-8,-8,-13,-7,-6,1
22152,22152,1503696906046,-1,-10,2,-4,-7,2,1,0
22153,22153,1503696906053,3,7,2,-10,-5,-3,-2,-2
22154,22154,1503696906071,-10,-18,-4,-7,-11,-4,-5,-1
22155,22155,1503696906075,26,4,4,5,3,1,1,-2
22156,22156,1503696906086,-1,19,4,-9,-18,-5,-1,-1
22157,22157,1503696906097,-30,-16,-4,-3,0,2,6,-2
22158,22158,1503696906105,-1,-4,-4,-6,-12,-5,-2,-1
22159,22159,1503696906113,-23,-2,0,13,28,3,-1,3
22160,22160,1503696906128,-5,17,24,0,-5,-2,-4,-1
22161,22161,1503696906139,6,-4,-2,-8,-11,-2,-8,-3
22162,22162,1503696906143,-6,5,-5,6,3,-2,1,1
22163,22163,1503696906157,0,2,0,-6,-8,0,3,2
22164,22164,1503696906166,13,-6,-6,-8,-7,1,4,2
22165,22165,1503696906173,-5,9,-2,-4,-5,-7,-6,-5
22166,22166,1503696906187,18,6,3,2,-2,0,-3,1
22167,22167,1503696906188,-1,-8,-7,-2,-9,-4,3,-2
22168,22168,1503696906195,4,2,-3,-7,-10,1,3,1
22169,22169,1503696906205,8,3,-4,5,9,3,6,6
22170,22170,1503696906206,4,-1,1,2,4,-1,-7,-6
22171,22171,1503696906217,-7,8,4,6,-1,-4,0,-5
22172,22172,1503696906225,38,-9,-8,-4,0,1,-3,9
22173,22173,1503696906240,-24,-12,4,2,-1,4,-2,-6
22174,22174,1503696906248,0,-13,1,7,3,2,2,4
22175,22175,1503696906255,-2,-4,-2,3,-7,-2,-1,3
22176,22176,1503696906271,19,11,-3,-1,0,0,-1,-3
22177,22177,1503696906277,-6,6,0,2,-2,2,2,0
22178,22178,1503696906285,-38,-3,-3,-6,0,-2,-4,-9
22179,22179,1503696906299,-4,-6,0,0,8,-1,-1,-1
22180,22180,1503696906308,-11,4,6,16,-3,2,8,-1
22181,22181,1503696906315,-20,-18,-3,-3,27,4,2,1
22182,22182,1503696906330,4,2,2,1,2,-1,-11,-3
22183,22183,1503696906340,16,7,-10,-4,-13,-4,-1,3
22184,22184,1503696906345,-1,16,4,-1,3,-3,-3,2
22185,22185,1503696906359,5,-7,-8,-5,-7,-1,-3,0
22186,22186,1503696906368,-6,-6,-9,-7,-2,-3,0,-3
22187,22187,1503696906376,7,4,2,4,0,-2,-2,0
22188,22188,1503696906390,-10,1,-4,5,8,-2,-4,5
22189,22189,1503696906397,23,10,7,3,6,0,0,5
22190,22190,1503696906405,-3,-7,-3,-3,-3,-2,3,0
22191,22191,1503696906419,12,4,3,-2,-7,0,4,3
22192,22192,1503696906427,-27,-16,-2,1,3,-3,-5,-2
22193,22193,1503696906435,33,11,6,0,4,2,-11,-7
22194,22194,1503696906451,-25,-14,-6,-8,5,-1,-5,-7
22195,22195,1503696906457,-57,6,8,0,-7,-3,-1,-21
22196,22196,1503696906466,17,0,-2,20,6,2,4,2
22197,22197,1503696906479,-19,-9,0,-3,-1,-4,-5,-1
22198,22198,1503696906480,5,4,-10,-4,-6,-5,-6,-3
22199,22199,1503696906487,1,4,-3,-4,-9,-1,4,-5
22200,22200,1503696906495,-5,-13,-7,-1,-1,1,5,5
22201,22201,1503696906511,9,9,-7,-11,-9,0,3,4
22202,22202,1503696906517,-49,-8,-3,2,-1,-5,2,-1
22203,22203,1503696906525,-8,-1,3,-2,-3,3,-2,-11
22204,22204,1503696906540,16,2,1,0,19,6,2,5
22205,22205,1503696906549,-17,-2,0,-3,0,0,-6,-15
22206,22206,1503696906555,19,-7,-5,-5,-9,-5,0,7
22207,22207,1503696906572,66,18,8,-1,3,-2,2,3
22208,22208,1503696906577,8,13,-2,0,0,2,5,3
22209,22209,1503696906585,-6,-6,1,-4,-6,-3,0,-1
22210,22210,1503696906599,-5,-7,-1,-7,-1,3,-3,-11
22211,22211,1503696906608,-1,-1,3,10,4,3,3,1
22212,22212,1503696906616,38,6,-3,-3,1,-1,0,3
22213,22213,1503696906630,-13,-8,-4,-3,-1,-1,-4,6
22214,22214,1503696906643,-3,-4,1,-1,-7,-2,-1,-6
22215,22215,1503696906645,6,3,-3,-5,-1,-2,1,20
22216,22216,1503696906660,-7,3,3,4,2,-5,0,20
22217,22217,1503696906670,11,-12,-7,-4,-4,9,-1,-7
22218,22218,1503696906676,-8,2,4,8,-4,0,-9,-22
22219,22219,1503696906690,7,6,2,-3,5,1,11,4
22220,22220,1503696906697,-17,-9,-4,1,-1,-2,-1,-3
22221,22221,1503696906707,-12,6,10,3,-2,-2,-1,1
22222,22222,1503696906719,-24,-7,0,-2,-4,-4,2,1
22223,22223,1503696906727,-14,-15,-9,-2,3,-2,-8,0
22224,22224,1503696906735,62,14,6,1,-10,-1,1,17
22225,22225,1503696906750,6,7,3,-2,-9,-5,-4,-4
22226,22226,1503696906757,11,-4,0,2,11,7,3,1
22227,22227,1503696906765,27,3,1,0,-3,-1,2,16
22228,22228,1503696906782,-22,-4,-2,-6,-6,-10,-4,-4
22817,22817,1503696912510,10,1,-10,-3,0,0,2,-3
22818,22818,1503696912536,-25,-5,-6,-3,0,-6,-8,-16
22819,22819,1503696912554,-22,-10,-3,-2,1,-1,1,0
22820,22820,1503696912556,17,-2,0,-2,-2,-3,-1,3
22821,22821,1503696912563,34,6,3,0,-1,9,-1,-7
22822,22822,1503696912580,-5,-1,3,-1,-3,0,-3,-7
22823,22823,1503696912587,15,12,9,3,1,-6,-2,-5
22824,22824,1503696912596,-3,-8,-4,-1,1,0,5,5
22825,22825,1503696912611,2,0,10,-2,-2,0,0,-4
22826,22826,1503696912615,11,4,8,3,2,2,1,2
22827,22827,1503696912623,19,-5,-5,0,-1,1,2,10
22828,22828,1503696912630,-15,-3,0,-2,-1,1,4,2
22829,22829,1503696912645,6,-7,-6,0,-2,-1,-2,-3
22830,22830,1503696912653,39,7,-3,2,1,1,1,1
22831,22831,1503696912671,-2,-10,-9,-1,-3,-5,-5,-5
22832,22832,1503696912675,1,-6,-2,-1,-1,3,1,1
22833,22833,1503696912684,-48,-10,-6,-4,-4,-1,-1,0
22834,22834,1503696912690,7,2,0,-1,-3,0,0,1
22835,22835,1503696912711,-13,-4,-2,-3,-2,4,-4,-9
22836,22836,1503696912713,20,10,3,2,-1,-4,-3,-2
22837,22837,1503696912729,25,5,3,2,0,-4,2,6
22838,22838,1503696912746,5,8,14,1,2,-3,-2,-3
22839,22839,1503696912750,13,1,-2,-2,-2,-2,-1,-1
22840,22840,1503696912767,-51,-5,-4,-1,-1,-1,0,-9
22841,22841,1503696912776,27,16,6,0,1,0,0,9
22842,22842,1503696912789,16,4,1,2,-4,1,2,6
22843,22843,1503696912795,-33,-8,0,2,1,0,-5,-10
22844,22844,1503696912806,-17,-5,-21,-3,-1,-6,-4,1
22845,22845,1503696912817,-14,3,13,1,-1,0,-4,-4
22846,22846,1503696912818,5,4,5,-3,0,-6,0,1
22847,22847,1503696912825,10,-6,-3,-3,2,-3,0,1
22848,22848,1503696912832,-17,-5,-6,-2,-2,-3,-1,0
22849,22849,1503696912848,24,5,3,-1,0,2,0,8
22850,22850,1503696912855,-23,-4,4,2,4,3,2,-1
22851,22851,1503696912863,4,5,8,-1,-1,-1,2,-7
22852,22852,1503696912878,-48,-8,-5,-3,0,-1,-2,-10
22853,22853,1503696912885,9,-3,-2,1,0,0,-2,-6
22854,22854,1503696912892,10,7,4,-2,-3,1,-1,0
22855,22855,1503696912908,7,-2,2,-2,-3,-3,-1,2
22856,22856,1503696912915,-6,-11,-10,-1,5,-1,-2,-3
22857,22857,1503696912923,-7,2,-2,-2,-4,-10,-1,-1
22858,22858,1503696912939,10,-4,-2,-5,-2,-2,2,3
22859,22859,1503696912947,-13,-2,0,1,-1,-3,-5,-2
22860,22860,1503696912952,-43,-6,1,2,-2,4,0,-2
22861,22861,1503696912971,5,-6,-7,-2,-3,-2,-1,0
22862,22862,1503696912975,-16,-8,-3,-1,-2,1,0,0
22863,22863,1503696912983,3,0,1,-2,-2,-1,-2,-7
22864,22864,1503696912998,-11,3,-1,-2,0,-2,-2,-6
22865,22865,1503696913005,25,4,-3,3,1,2,-2,2
22866,22866,1503696913013,18,-1,-4,-1,-4,-4,-1,3
22867,22867,1503696913028,7,3,1,-4,-2,3,2,-1
22868,22868,1503696913035,-8,2,1,2,-2,0,2,4
22869,22869,1503696913043,-5,-5,-4,-2,-2,-4,-5,-1
22870,22870,1503696913058,20,1,1,-1,-2,-9,-3,-1
22871,22871,1503696913066,-9,0,5,0,2,1,2,-1
22872,22872,1503696913074,53,8,-5,-2,-1,-2,-2,-4
22873,22873,1503696913088,10,-4,-8,0,2,-1,2,1
22874,22874,1503696913095,18,1,-4,-1,0,2,-2,1
22875,22875,1503696913106,-4,-5,0,0,0,3,0,-2
22876,22876,1503696913117,-3,-4,1,0,2,2,0,-1
22877,22877,1503696913125,-7,1,2,-1,-2,0,3,7
22878,22878,1503696913132,-2,-4,-2,-1,-7,2,1,1
22879,22879,1503696913148,-12,1,-2,-2,-2,-7,-4,-4
22880,22880,1503696913157,7,-1,-3,-2,0,-1,-1,0
22881,22881,1503696913163,-19,-5,-7,-5,-6,-3,2,-2
22882,22882,1503696913181,7,0,10,0,-2,0,0,-2
22883,22883,1503696913185,25,6,6,2,-1,-2,-3,0
22884,22884,1503696913192,-6,2,0,1,-1,0,-5,-3
22885,22885,1503696913210,-7,-4,0,1,5,4,3,-1
22886,22886,1503696913215,-15,-3,-3,-2,1,-5,0,-1
22887,22887,1503696913223,-10,0,-2,2,3,-2,-5,-6
22888,22888,1503696913240,-4,0,0,2,-1,-8,-3,0
22889,22889,1503696913246,3,-3,-5,-3,0,1,-2,-1
22890,22890,1503696913252,-13,-3,-5,-2,-4,-2,-1,-4
22891,22891,1503696913268,-35,-8,-3,-3,-1,2,-2,-8
22892,22892,1503696913275,46,6,5,2,-1,1,-3,5
22893,22893,1503696913283,2,2,4,1,-2,-1,2,1
22894,22894,1503696913297,3,7,1,0,-1,3,1,-1
22895,22895,1503696913308,17,2,4,0,-2,-1,2,5
22896,22896,1503696913312,-23,-5,-1,2,4,14,1,-4
22897,22897,1503696913328,2,3,4,3,0,1,-3,-1
22898,22898,1503696913335,-8,-7,-9,-6,-2,-3,-2,-4
22899,22899,1503696913343,5,4,1,3,2,2,2,3
22900,22900,1503696913358,-3,-3,-1,0,-2,-2,2,0
22901,22901,1503696913365,33,5,0,-2,-1,1,-3,0
22902,22902,1503696913374,16,-2,-9,0,0,-1,-2,3
22903,22903,1503696913388,-20,-2,0,-2,-3,-2,-1,-3
22904,22904,1503696913395,10,0,0,-3,2,1,2,1
22905,22905,1503696913403,-9,-2,-2,-2,-3,-3,-2,-2
22906,22906,1503696913418,-4,2,1,2,2,0,2,1
22907,22907,1503696913425,-41,-1,1,2,0,0,-2,-3
22908,22908,1503696913432,-6,-5,1,0,-2,-2,-4,-2
22909,22909,1503696913449,21,1,-1,-3,-1,-2,-2,3
22910,22910,1503696913455,-13,0,0,-2,2,0,-1,-2
22911,22911,1503696913463,44,-1,-2,-2,1,-2,1,11
22912,22912,1503696913478,-29,-5,-4,-3,-5,-7,-4,-5
22913,22913,1503696913485,-6,2,-1,-2,-1,2,-4,-3
22914,22914,1503696913492,-26,0,-1,0,-2,-2,-1,0
22915,22915,1503696913509,8,-5,-7,-4,-1,-1,2,-1
22916,22916,1503696913515,10,0,1,-2,-1,0,2,-1
22917,22917,1503696913523,-6,-2,1,1,-4,-2,-3,-6
22918,22918,1503696913537,0,-6,-4,-3,1,2,-1,-2
22919,22919,1503696913545,-25,-6,1,2,-1,0,1,-1
22920,22920,1503696913552,35,14,7,2,1,0,0,8
22921,22921,1503696913568,2,-1,-1,0,-2,-1,1,1
22922,22922,1503696913575,12,0,4,1,3,-1,1,2
22923,22923,1503696913583,4,-2,-2,-6,1,-2,2,-1
22924,22924,1503696913597,11,2,-3,-3,-5,-5,-4,-6
23317,23317,1503696917384,-15,-3,-1,-2,-1,-8,-5,-6
23318,23318,1503696917393,-10,0,5,-3,-1,3,5,-1
23319,23319,1503696917406,17,4,-1,-5,-2,0,-3,-1
23320,23320,1503696917414,-27,-5,-5,-1,2,-1,-2,-1
23321,23321,1503696917429,-8,-3,-5,-5,-2,-1,3,-4
23322,23322,1503696917437,26,6,2,0,-3,-1,-4,-3
23323,23323,1503696917444,-5,-2,1,2,-2,0,0,1
23324,23324,1503696917462,1,2,3,11,7,1,-3,2
23325,23325,1503696917467,8,1,-1,2,1,0,0,1
23326,23326,1503696917475,0,0,1,5,4,2,-1,1
23327,23327,1503696917489,-3,-1,0,2,1,0,3,0
23328,23328,1503696917497,5,4,1,-12,-11,2,-3,-2
23329,23329,1503696917511,12,3,-2,4,-1,3,1,3
23330,23330,1503696917519,-11,-4,-2,-3,1,-7,-1,-3
23331,23331,1503696917529,-19,-7,-1,4,14,6,1,2
23332,23332,1503696917535,28,-1,-7,-7,-8,-3,5,4
23333,23333,1503696917549,5,2,-1,-8,5,-6,3,-1
23334,23334,1503696917557,4,-3,-6,-2,-5,0,-6,-8
23335,23335,1503696917564,1,1,-3,-4,-9,2,5,3
23336,23336,1503696917580,-11,-4,-2,-2,3,-1,4,-4
23337,23337,1503696917587,-4,-6,1,-1,2,5,-6,1
23338,23338,1503696917597,2,-1,-2,3,5,-1,-2,-1
23339,23339,1503696917609,-9,-1,-1,-6,-8,-11,-5,-8
23340,23340,1503696917617,19,-8,-1,-3,-2,2,2,2
23341,23341,1503696917624,-19,-5,-1,11,6,-1,-9,-3
23342,23342,1503696917640,-34,-7,1,6,8,-2,0,5
23343,23343,1503696917646,12,8,1,-3,0,-4,-3,1
23344,23344,1503696917654,11,6,3,1,-2,0,-7,-10
23345,23345,1503696917670,-3,3,5,-3,-8,-3,3,7
23346,23346,1503696917677,25,6,-2,-6,-3,-4,-3,0
23347,23347,1503696917699,21,7,11,-2,4,1,1,-6
23348,23348,1503696917701,-39,-13,-3,-1,-2,-5,0,-1
23349,23349,1503696917707,16,3,-2,-3,-1,-2,-5,-8
23350,23350,1503696917708,-14,-3,-7,2,5,1,-1,2
23351,23351,1503696917714,20,2,-1,-1,-4,0,5,-1
23352,23352,1503696917732,-9,-4,-3,-5,-11,-4,-5,-8
23353,23353,1503696917737,-12,1,-3,-3,7,0,0,-4
23354,23354,1503696917752,2,-1,-4,1,-2,0,4,11
23355,23355,1503696917753,17,6,7,-2,-13,-2,2,0
23356,23356,1503696917762,-8,-6,-1,-5,-4,3,7,-2
23357,23357,1503696917768,7,-2,-5,3,-8,3,-11,-8
23358,23358,1503696917775,-5,1,2,2,1,-3,3,3
23359,23359,1503696917790,9,-1,-4,-16,-9,-5,0,1
23360,23360,1503696917798,2,-2,-6,6,2,-1,-2,3
23361,23361,1503696917819,-9,-4,-3,-6,-10,-3,-1,3
23362,23362,1503696917820,-6,0,4,6,7,1,0,1
23363,23363,1503696917829,33,4,-3,1,15,4,0,2
23364,23364,1503696917835,1,3,3,0,1,0,5,3
23365,23365,1503696917850,2,18,0,-1,1,-4,2,6
23366,23366,1503696917857,5,2,-4,-6,-7,1,-1,-1
23367,23367,1503696917872,-21,-17,-8,2,12,-3,-2,-6
23368,23368,1503696917880,-5,1,-2,-3,-1,3,0,-3
23369,23369,1503696917888,-11,-5,-1,-1,1,8,-4,-4
23370,23370,1503696917896,2,0,1,-5,3,-8,-12,4
23371,23371,1503696917910,-19,-3,-5,-1,-3,-5,4,12
23372,23372,1503696917917,-40,-8,6,8,0,0,-6,-5
23373,23373,1503696917933,6,-5,5,0,0,0,-5,-9
23374,23374,1503696917940,-11,4,-1,-11,-15,-5,1,8
23375,23375,1503696917948,-6,-3,1,5,4,4,-2,-16
23376,23376,1503696917954,19,3,2,2,-1,-7,-19,8
23377,23377,1503696917971,-21,1,-1,-3,-1,-1,-4,-1
23378,23378,1503696917977,-16,-2,-3,3,10,17,6,-11
23379,23379,1503696917992,1,-2,-4,-6,3,5,0,-2
23380,23380,1503696917993,-3,2,-2,3,-4,-4,3,12
23381,23381,1503696918001,7,-2,-7,-5,-3,-1,-6,-1
23382,23382,1503696918008,17,3,3,-3,-6,-1,4,0
23383,23383,1503696918014,36,2,-6,-5,-10,-4,2,13
23384,23384,1503696918030,-4,-10,-6,8,4,-1,-2,-3
23385,23385,1503696918038,7,2,0,2,4,-3,4,2
23386,23386,1503696918053,-10,-3,1,-4,7,-1,-4,-6
23387,23387,1503696918067,-26,-11,-2,-1,-7,-6,-4,-2
23388,23388,1503696918069,-18,-6,-6,-5,-12,-12,-19,0
23389,23389,1503696918074,28,3,-2,3,5,3,4,-5
23390,23390,1503696918090,4,-1,-1,3,-1,4,3,1
23391,23391,1503696918097,12,10,7,-1,-6,-2,-3,-2
23392,23392,1503696918113,-30,-15,-3,-2,1,0,9,-9
23393,23393,1503696918120,-2,2,0,-5,-15,2,2,-4
23394,23394,1503696918133,41,2,-2,-6,-1,-1,1,-3
23395,23395,1503696918142,8,-2,1,-2,-3,-9,-8,-1
23396,23396,1503696918150,8,4,0,-2,-6,4,2,-1
23397,23397,1503696918157,-41,-8,-2,0,4,-3,-3,-16
23398,23398,1503696918173,-22,-1,3,2,4,7,3,-1
23399,23399,1503696918179,-6,0,1,0,0,2,-3,1
23400,23400,1503696918188,-14,-3,-4,-6,-7,-12,-8,-9
23401,23401,1503696918195,9,2,0,1,0,3,3,-2
23402,23402,1503696918210,11,6,0,1,0,3,7,9
23403,23403,1503696918217,2,-3,0,-2,2,1,4,5
23404,23404,1503696918237,2,3,1,1,0,-2,1,-2
23405,23405,1503696918240,7,-3,3,-3,-3,-4,13,2
23406,23406,1503696918247,8,-5,1,-4,-3,-2,-6,8
23407,23407,1503696918254,-4,-3,-4,-5,-11,2,2,-2
23408,23408,1503696918270,-19,0,1,2,2,-1,-1,-6
23409,23409,1503696918277,-16,3,-3,-2,2,0,2,0
23410,23410,1503696918292,-4,1,2,1,-2,0,3,4
23411,23411,1503696918300,-17,-3,-3,0,5,0,-4,-1
23412,23412,1503696918308,5,-1,-6,-3,1,0,-2,-1
23413,23413,1503696918314,22,11,10,3,0,-7,-6,4
23414,23414,1503696918334,-3,-9,-5,-2,-2,-2,-2,-6
23415,23415,1503696918337,4,-2,-3,3,2,-1,-5,0
23416,23416,1503696918352,18,6,3,-1,-2,-1,6,12
23417,23417,1503696918359,-3,0,-2,3,7,-1,-7,-8
23418,23418,1503696918367,-3,1,-2,-2,0,-3,-2,-3
23419,23419,1503696918382,-10,-5,-1,-3,-1,3,-4,4
23420,23420,1503696918391,6,2,-2,-1,-4,-20,-6,-2
23421,23421,1503696918405,11,10,0,3,1,-2,2,-5
23422,23422,1503696918412,1,0,2,0,-1,2,2,1
23423,23423,1503696918419,-2,-7,-4,-2,-1,2,-1,0
23424,23424,1503696918427,-5,-1,-2,0,2,2,-2,-1
23425,23425,1503696918443,12,-4,-4,-4,-2,0,0,3
23426,23426,1503696918450,-7,1,4,2,1,4,-1,-6
23427,23427,1503696918458,-40,-6,0,-2,-2,-4,-4,-12
23428,23428,1503696918472,4,-4,-3,0,0,-1,2,1
23429,23429,1503696918473,23,2,-3,-1,-2,2,-4,4
23430,23430,1503696918480,12,5,-1,-2,-2,1,2,0
23431,23431,1503696918488,-13,-4,-1,-1,-1,2,-3,-3
23432,23432,1503696918507,-14,-5,-1,2,3,9,1,-7
23433,23433,1503696918510,13,5,0,2,-2,0,4,4
23434,23434,1503696918517,-28,-9,-5,-6,0,-6,-2,-8
23435,23435,1503696918535,3,1,2,0,-2,0,-2,-4
23436,23436,1503696918540,14,3,0,2,0,0,-2,3
23437,23437,1503696918547,-37,-1,-2,-2,1,-1,4,3
23438,23438,1503696918562,-19,-3,9,0,1,0,5,6
23439,23439,1503696918570,4,-2,10,2,2,3,-1,2
23440,23440,1503696918579,3,1,-3,-1,-2,-1,-2,0
23441,23441,1503696918580,33,-2,-3,0,-2,-2,2,4
23442,23442,1503696918597,5,5,-1,0,0,1,-3,-7
23443,23443,1503696918600,31,2,-5,-4,-4,-14,-8,6
23444,23444,1503696918607,10,-1,-7,-2,1,0,1,2
23445,23445,1503696918622,-4,-5,-9,0,0,0,-5,-5
23446,23446,1503696918632,33,-1,0,-2,-3,-2,1,3
23447,23447,1503696918637,-5,-3,0,1,1,1,2,-1
23448,23448,1503696918652,-13,-3,2,1,1,1,-3,0
23449,23449,1503696918660,19,7,-2,-2,-1,2,-1,-1
23450,23450,1503696918669,15,-2,3,-1,-3,0,0,-4
23451,23451,1503696918682,-24,3,4,1,1,0,-1,0
23452,23452,1503696918690,12,6,-9,1,2,-3,-2,-4
23453,23453,1503696918697,-15,-1,-2,0,0,-2,1,8
23454,23454,1503696918712,-25,-11,-11,-4,-1,3,-2,3
23455,23455,1503696918720,14,6,3,-1,-3,0,1,2
23456,23456,1503696918727,19,1,-2,-2,-2,-6,-5,4
23457,23457,1503696918742,-22,-6,0,-2,-2,-1,-1,-6
23458,23458,1503696918750,-14,-4,4,-2,-1,2,-3,-5
23459,23459,1503696918757,6,-3,-3,0,1,-6,-3,1
23460,23460,1503696918773,5,0,1,-1,-3,1,3,-3
23461,23461,1503696918780,-4,-2,2,-1,2,1,0,-12
23462,23462,1503696918795,37,8,0,-1,-3,-3,-2,2
23463,23463,1503696918802,5,3,0,0,-4,0,0,2
23464,23464,1503696918810,-1,1,4,-2,0,-3,-3,-2
23465,23465,1503696918817,17,-1,1,2,0,12,-2,-2
23466,23466,1503696918834,-11,-4,-4,0,4,3,0,3
23467,23467,1503696918842,1,-2,-3,-1,-2,-2,-2,-3
23468,23468,1503696918847,11,-2,0,1,1,-4,2,1
23469,23469,1503696918862,7,-6,-7,-5,-2,-2,1,4
23470,23470,1503696918870,-10,-3,2,0,-1,0,2,-5
23471,23471,1503696918877,-8,2,0,-1,-2,-2,-1,-3
23472,23472,1503696918892,7,-3,2,1,0,-1,0,5
23473,23473,1503696918893,-15,-12,-7,-4,-3,-1,-3,-5
23474,23474,1503696918901,-6,2,1,-1,-1,-3,-2,6
23475,23475,1503696918908,0,4,21,3,2,1,-1,-6
23476,23476,1503696918922,22,15,13,4,1,-1,-2,1
23477,23477,1503696918930,1,3,-10,1,0,12,3,18
23478,23478,1503696918938,-4,-4,0,-4,1,2,4,5
23479,23479,1503696918952,-4,-6,-10,0,-2,-4,-2,-8
23480,23480,1503696918959,-15,-13,-9,0,-1,-2,-2,-8
23481,23481,1503696918970,7,13,0,-3,-1,-4,-4,-2
23482,23482,1503696918982,-10,-5,-2,1,-3,-4,-1,-8
23483,23483,1503696918990,16,4,-1,-2,-1,-2,-3,1
23484,23484,1503696919004,-9,-4,-4,-2,-2,-1,-7,-7
23485,23485,1503696919012,21,10,6,-1,0,1,4,1
23486,23486,1503696919013,-43,-9,-6,0,0,-3,-2,-8
23487,23487,1503696919019,-2,-7,-4,-1,1,-2,-1,2
23488,23488,1503696919027,6,3,-6,0,-1,-3,-3,-5
23489,23489,1503696919047,1,-4,-1,-1,-2,-9,1,4
23490,23490,1503696919051,25,-6,-5,-3,-4,-4,1,5
23491,23491,1503696919057,1,6,-1,-1,0,-1,0,-2
23492,23492,1503696919072,-9,1,2,0,-1,-4,-2,0
23493,23493,1503696919073,6,-4,-1,-4,-3,-3,0,1
23494,23494,1503696919079,14,3,2,-2,-1,5,-3,-2
23495,23495,1503696919088,-31,2,3,1,1,11,0,-12
23496,23496,1503696919103,-4,1,0,-1,-1,-2,-3,-5
23497,23497,1503696919111,1,-3,-3,0,0,-3,-11,2
23498,23498,1503696919117,43,7,0,0,0,2,2,15
23499,23499,1503696919135,-4,7,8,0,-1,-4,4,7
23500,23500,1503696919140,-23,2,9,4,1,-3,-2,-5
23501,23501,1503696919147,-26,-7,3,-1,0,-2,-2,-14
23502,23502,1503696919162,-5,-4,-8,-2,-3,0,1,-2
23503,23503,1503696919170,-10,-3,-5,-4,-1,1,6,2
23504,23504,1503696919178,25,2,-1,-3,-3,0,0,1
23505,23505,1503696919193,30,0,-2,1,-2,-4,-1,4
23506,23506,1503696919200,-6,7,11,0,0,1,2,12
23507,23507,1503696919207,10,1,-3,1,1,1,-1,-6
23508,23508,1503696919222,7,8,-4,2,2,10,-1,-3
23509,23509,1503696919230,-18,1,8,-2,-1,0,-3,1
23510,23510,1503696919237,-19,-13,-10,-4,0,-2,1,4
23511,23511,1503696919252,-66,-10,2,1,-1,-1,-2,-4
23512,23512,1503696919259,-25,-4,0,-2,0,-3,-2,-1
23513,23513,1503696919270,5,-6,-9,-1,-1,-5,-3,3
23514,23514,1503696919282,4,4,3,1,0,1,1,-6
23515,23515,1503696919290,6,-2,-2,-2,-4,0,3,0
23516,23516,1503696919305,7,23,-1,4,0,-2,-3,-10
23517,23517,1503696919313,16,0,-7,-2,-2,2,2,-9
23518,23518,1503696919319,-24,-10,-1,-2,-5,-9,-5,-13
24011,24011,1503696924166,2,-6,2,-2,-2,-4,2,18
24012,24012,1503696924172,-6,-5,-12,-6,-3,-4,-1,-6
24013,24013,1503696924187,11,13,37,8,2,4,5,5
24014,24014,1503696924195,19,-9,-19,-5,-5,-3,-4,-8
24015,24015,1503696924196,-21,16,9,2,2,4,7,20
24016,24016,1503696924203,18,-12,-19,-2,1,-4,-3,8
24017,24017,1503696924217,26,16,-7,-4,-1,1,-1,5
24018,24018,1503696924224,-35,-3,-3,1,0,0,-6,-17
24019,24019,1503696924233,5,-4,-5,-1,-2,-3,1,15
24020,24020,1503696924234,10,-5,-5,-2,-2,1,4,4
24021,24021,1503696924247,20,8,6,-5,2,0,3,6
24022,24022,1503696924255,-26,-7,-7,-4,-3,-2,-3,-7
24023,24023,1503696924262,9,-2,-4,0,-2,-1,-5,-9
24024,24024,1503696924277,-29,-14,-9,-4,-2,-1,3,7
24025,24025,1503696924278,15,-1,-1,1,1,-2,2,14
24026,24026,1503696924286,-13,-10,-17,-6,-4,-4,-1,-7
24027,24027,1503696924296,-4,0,-1,1,1,1,6,13
24028,24028,1503696924307,-26,12,0,2,0,1,0,-8
24029,24029,1503696924315,-13,-13,3,0,1,1,3,5
24030,24030,1503696924322,0,-15,-7,-4,-1,2,5,20
24031,24031,1503696924339,18,3,1,-2,0,-3,-5,-14
24032,24032,1503696924344,-20,-6,-5,-4,-3,-5,-2,-13
24033,24033,1503696924352,20,-8,-3,0,-3,-1,-2,3
24034,24034,1503696924367,30,22,15,3,1,1,2,12
24035,24035,1503696924375,-25,-10,0,1,1,-1,-2,-14
24036,24036,1503696924382,-10,-4,15,3,2,1,0,-13
24037,24037,1503696924397,-28,-19,-17,-2,-1,-6,-9,-17
24038,24038,1503696924404,35,7,-8,-2,-3,-1,-1,7
24039,24039,1503696924412,17,5,7,1,0,1,6,23
24040,24040,1503696924429,13,12,0,0,0,0,6,6
24041,24041,1503696924430,32,0,3,0,-1,-2,1,7
24042,24042,1503696924435,14,0,12,-1,0,2,3,12
24043,24043,1503696924442,-7,-7,-7,-2,1,-2,-3,12
24044,24044,1503696924457,-19,-21,-9,-2,-2,2,-2,-14
24045,24045,1503696924465,-2,6,-5,0,0,-1,-3,-7
24046,24046,1503696924472,49,4,-6,1,1,0,3,9
24047,24047,1503696924487,-6,-5,-13,-3,-1,-1,-4,-4
24048,24048,1503696924496,15,6,-5,-6,-3,-3,-9,-6
24049,24049,1503696924502,-22,-2,-2,-1,-2,1,4,0
24050,24050,1503696924517,8,13,3,4,0,0,-6,-20
24051,24051,1503696924524,9,-16,-16,-1,1,-5,-3,6
24052,24052,1503696924536,-25,1,0,1,-2,0,-3,1
24053,24053,1503696924547,-21,4,5,-1,-2,1,-4,-11
24054,24054,1503696924555,27,8,0,-4,0,-2,2,7
24055,24055,1503696924563,-7,5,13,0,-3,1,-3,-11
24056,24056,1503696924577,23,4,3,-2,-1,-1,-3,6
24057,24057,1503696924586,53,3,-10,-4,-2,1,4,20
24058,24058,1503696924592,-9,-10,-12,-1,0,-1,-6,-14
24059,24059,1503696924607,0,10,8,1,-3,0,-5,-1
24060,24060,1503696924616,7,0,-3,-1,-4,-3,3,6
24061,24061,1503696924622,-20,2,-5,-2,-3,1,-1,-6
24062,24062,1503696924637,-32,25,24,6,2,0,-3,-17
24063,24063,1503696924644,36,-15,-9,-3,0,-1,1,7
24064,24064,1503696924652,39,12,5,-2,-2,-2,6,18
24065,24065,1503696924668,-85,-12,0,0,1,-1,-7,-29
24066,24066,1503696924675,-1,0,-6,-3,-1,-2,0,0
24067,24067,1503696924682,16,0,1,-1,5,-1,7,-5
24068,24068,1503696924697,-36,-10,-9,-4,-1,-1,-3,-14
24069,24069,1503696924704,0,-12,-13,-3,-5,-1,-6,-7
24070,24070,1503696924712,-8,-24,2,1,1,0,0,11
24071,24071,1503696924727,1,-3,-2,1,0,-5,-4,-3
24072,24072,1503696924735,-69,-9,-6,-1,0,1,-4,-4
24073,24073,1503696924742,0,16,4,-1,0,-1,-4,-8
24074,24074,1503696924757,25,7,2,4,1,-1,1,-2
24075,24075,1503696924764,-31,-3,-4,-2,-2,-1,-4,6
24076,24076,1503696924765,11,-7,-3,-3,0,0,-3,-12
24077,24077,1503696924773,29,13,2,-4,-2,-1,-1,0
24078,24078,1503696924787,11,0,17,8,0,2,10,8
24079,24079,1503696924797,-24,2,5,2,2,1,-3,-12
24080,24080,1503696924802,-1,6,-5,-3,-1,0,-6,2
24081,24081,1503696924816,4,-16,-15,-3,-4,-3,-3,-2
24082,24082,1503696924824,-78,-3,5,-1,0,-3,-1,-5
24083,24083,1503696924832,-14,-5,-7,-2,1,-2,2,-5
24084,24084,1503696924847,-21,-3,-5,-2,0,0,1,1
24085,24085,1503696924855,23,4,-1,-4,0,-2,-7,-5
24086,24086,1503696924864,2,-4,-3,-2,0,1,1,1
24087,24087,1503696924877,12,3,-1,1,-4,1,2,15
24088,24088,1503696924884,32,-2,-1,1,-2,-1,6,16
24089,24089,1503696924901,16,32,23,10,6,5,4,0
24090,24090,1503696924908,5,-6,-12,-2,-2,0,-1,-5
24091,24091,1503696924915,-52,-15,-6,-6,-4,-4,-6,-14
24092,24092,1503696924932,-9,-1,2,0,0,-3,-4,-11
24093,24093,1503696924937,2,-8,-8,-3,-2,0,5,34
24094,24094,1503696924944,24,-7,-2,0,-7,2,-1,0
24095,24095,1503696924959,19,0,-1,-1,0,-2,-7,-3
24096,24096,1503696924960,-10,13,12,-4,-2,-1,-2,-10
24097,24097,1503696924968,-9,-7,10,1,2,-2,-1,7
24098,24098,1503696924975,10,-14,-9,-4,-2,-2,-5,-23
24099,24099,1503696924989,8,4,8,1,5,2,4,-7
24100,24100,1503696924999,3,-4,5,1,0,0,0,-4
24101,24101,1503696925004,12,15,-4,-3,-2,-1,-4,2
24102,24102,1503696925019,-16,1,-4,-1,-2,0,0,1
24103,24103,1503696925026,36,-7,-9,-7,-2,-5,-6,-15
24104,24104,1503696925027,9,0,7,5,1,1,2,6
24105,24105,1503696925036,36,-4,-2,1,1,1,1,5
24106,24106,1503696925049,-12,-14,-17,-4,-3,-3,-9,-9
24107,24107,1503696925057,-5,-3,-1,-1,0,-2,0,7
24108,24108,1503696925065,-13,5,0,-3,0,-2,-7,-8
24109,24109,1503696925079,8,13,15,3,-4,-1,1,1
24110,24110,1503696925087,8,10,14,0,-2,-4,-1,-5
24111,24111,1503696925095,-14,-11,-10,-4,-1,-1,1,-10
24112,24112,1503696925109,39,-2,0,-4,-7,-1,1,4
24113,24113,1503696925117,28,2,-6,0,0,-2,-3,11
24114,24114,1503696925132,-16,-3,-9,-3,-2,-3,-1,3
24115,24115,1503696925139,-3,3,-5,0,-1,2,-1,-3
24116,24116,1503696925147,36,9,-1,1,-1,-3,2,2
24117,24117,1503696925162,-18,-3,7,-2,-3,-5,-8,-2
24118,24118,1503696925163,-2,-4,-10,0,0,-1,-3,-7
24119,24119,1503696925170,-9,12,2,1,-1,2,1,-1
24120,24120,1503696925185,-12,0,2,0,2,4,5,1
24121,24121,1503696925199,-4,-6,-8,-2,-2,-1,-4,0
24122,24122,1503696925200,-21,-4,4,-1,-1,-3,3,1
24123,24123,1503696925208,-26,-3,2,-3,1,-1,-5,-3
24124,24124,1503696925215,21,3,2,-2,0,1,0,40
24125,24125,1503696925229,2,-1,-1,2,-1,0,2,-4
24126,24126,1503696925237,3,0,-3,1,1,2,1,-17
24127,24127,1503696925244,8,1,6,0,0,-1,-2,5
24128,24128,1503696925259,7,-7,-9,-1,1,-1,-2,-10
24129,24129,1503696925267,8,2,4,-2,-2,-4,-3,-18
24130,24130,1503696925275,5,4,1,2,1,-2,0,-3
24131,24131,1503696925290,-10,-9,-10,-1,-2,2,-1,4
24132,24132,1503696925304,4,-14,-9,-2,0,-2,-3,-9
24133,24133,1503696925319,2,-1,-3,-3,-5,-6,-3,7
24134,24134,1503696925327,-29,-10,-14,-5,0,0,-4,-4
24135,24135,1503696925340,13,8,3,1,-1,3,2,-4
24136,24136,1503696925349,-15,-25,-8,-4,-4,-1,-1,4
24137,24137,1503696925357,-6,-2,-1,-6,-4,-1,-4,-6
24138,24138,1503696925368,10,8,4,10,3,-2,4,5
24139,24139,1503696925379,-34,-5,1,1,0,0,-2,-6
24140,24140,1503696925387,-1,3,1,-5,-1,-1,1,4
24141,24141,1503696925395,35,6,9,2,0,3,1,-6
24142,24142,1503696925409,5,7,-1,-2,0,0,1,4
24143,24143,1503696925417,13,3,-5,1,0,-3,-1,0
24144,24144,1503696925418,-30,-3,0,0,-2,0,-2,-6
24145,24145,1503696925424,2,3,0,2,-1,0,-1,0
24146,24146,1503696925439,-14,-2,-2,-3,-3,-3,-2,-1
24147,24147,1503696925440,-3,-6,0,-3,-1,-4,-2,-5
24148,24148,1503696925447,-26,6,16,0,-1,1,0,-1
24149,24149,1503696925455,-6,-2,3,0,1,-1,0,-1
24150,24150,1503696925470,24,5,-4,-3,-3,-1,4,3
24151,24151,1503696925477,22,0,-5,-1,1,2,0,2
24152,24152,1503696925484,9,2,-1,2,2,-1,0,1
24153,24153,1503696925503,-1,5,5,0,0,-1,1,1
24154,24154,1503696925507,-7,3,-2,-6,-5,-2,-5,-3
24155,24155,1503696925515,3,-3,-1,-1,1,-1,0,4
24156,24156,1503696925529,7,1,2,3,1,1,0,3
24157,24157,1503696925544,5,0,-5,0,-1,0,-7,-5
24158,24158,1503696925545,-9,14,-5,-2,1,-2,-4,-10
24159,24159,1503696925559,-2,-1,-4,-1,0,-1,3,1
24160,24160,1503696925568,-4,-10,0,2,-3,-1,-2,1
24161,24161,1503696925574,-14,3,-5,-3,-6,-1,-3,-5
24162,24162,1503696925589,9,-1,-1,-3,-2,-2,0,1
24163,24163,1503696925597,5,-2,-4,-4,-1,-1,0,4
24164,24164,1503696925604,41,0,-8,-4,-1,-1,-4,3
24165,24165,1503696925619,1,3,1,0,3,0,0,-2
24166,24166,1503696925627,-13,-8,-3,-3,-1,-1,-2,-2
24167,24167,1503696925638,-13,-5,1,0,2,1,0,-6
24168,24168,1503696925649,-40,-7,1,-2,-3,0,-2,-4
24169,24169,1503696925657,-8,-3,0,0,-2,0,-1,-2
24170,24170,1503696925664,5,-2,-4,-2,-2,-1,2,3
24171,24171,1503696925679,7,0,2,1,-1,-2,-1,-1
24172,24172,1503696925686,10,2,2,3,0,1,1,4
24173,24173,1503696925695,-7,3,-5,1,-1,1,3,4
24174,24174,1503696925710,-14,-7,-5,0,3,0,-2,-7
24175,24175,1503696925717,6,-5,-10,-1,-2,-4,-4,-1
24176,24176,1503696925724,1,1,1,-4,-3,-4,0,1
24177,24177,1503696925739,-11,-4,-2,3,2,-2,-1,-2
24178,24178,1503696925740,-12,-7,-2,-2,-1,-1,-2,1
24179,24179,1503696925754,34,5,4,3,-1,-1,0,7
24180,24180,1503696925755,-11,-3,-2,-1,1,1,0,0
24181,24181,1503696925770,-12,0,3,-1,2,1,-2,-3
24182,24182,1503696925779,31,8,3,-1,-3,-3,-2,-1
24183,24183,1503696925784,-3,-6,5,3,-1,-1,-2,-2
24184,24184,1503696925802,-23,-3,0,-2,-1,0,0,0
24185,24185,1503696925807,-15,-1,-4,-2,-1,-1,-2,-4
24186,24186,1503696925821,-25,-5,-2,-1,-7,0,6,-1
24187,24187,1503696925829,-12,-4,2,-3,1,0,2,-4
24188,24188,1503696925841,10,2,9,3,4,0,0,1
24189,24189,1503696925853,7,2,-2,1,2,-2,0,-2
24190,24190,1503696925859,1,5,-4,-1,-2,1,-1,-1
24191,24191,1503696925869,6,-4,-6,-2,0,-1,-2,2
24664,24664,1503696930472,0,2,-3,1,2,-3,3,2
24665,24665,1503696930480,2,6,1,4,10,0,-2,-3
24666,24666,1503696930493,-12,2,1,-3,-11,0,7,9
24667,24667,1503696930502,14,1,0,5,6,1,-1,-1
24668,24668,1503696930509,2,1,2,2,-4,2,3,1
24669,24669,1503696930526,13,-4,-3,-2,-7,3,2,3
24670,24670,1503696930532,9,11,3,5,6,-3,-5,-2
24671,24671,1503696930539,-16,-3,-5,-5,-4,-8,0,-1
24672,24672,1503696930553,6,6,3,-1,-3,-1,-3,-5
24673,24673,1503696930562,5,-5,-3,0,9,3,-3,-3
24674,24674,1503696930569,-8,-4,-1,-16,-16,1,6,-1
24675,24675,1503696930584,-4,-3,-2,-4,1,-1,1,0
24676,24676,1503696930593,-6,1,2,4,8,0,-6,-6
24677,24677,1503696930599,18,7,1,-5,-9,-1,5,2
24678,24678,1503696930600,-2,1,-5,-2,-5,-4,-3,-2
24679,24679,1503696930614,-6,1,-1,14,9,-2,1,-3
24680,24680,1503696930622,-10,-1,2,-13,-18,13,-1,1
24681,24681,1503696930630,-12,-2,-4,-3,-8,2,7,7
24682,24682,1503696930644,-11,-12,-1,8,0,-6,1,-2
24683,24683,1503696930651,22,-3,2,-3,4,1,-1,-5
24684,24684,1503696930665,9,4,-1,-5,-5,-5,-5,8
24685,24685,1503696930674,1,-4,-3,19,19,0,-2,2
24686,24686,1503696930683,-4,-1,-4,-6,-2,-1,0,-2
24687,24687,1503696930689,-7,-2,-1,-6,-1,-4,-3,1
24688,24688,1503696930704,-5,5,0,1,12,-3,0,-2
24689,24689,1503696930711,-3,0,0,-3,-6,4,4,-1
24690,24690,1503696930720,15,2,-2,0,4,-5,-6,-1
24691,24691,1503696930734,12,1,5,0,5,-1,-5,-3
24692,24692,1503696930742,9,7,-4,1,11,14,6,0
24693,24693,1503696930749,7,0,-3,-6,4,0,-1,4
24694,24694,1503696930764,-7,-3,0,-2,-5,-3,-2,-16
24695,24695,1503696930771,-14,-4,0,-3,2,-4,2,1
24696,24696,1503696930779,1,1,2,13,12,1,7,6
24697,24697,1503696930795,-8,-4,-1,1,3,3,3,1
24698,24698,1503696930803,-6,-3,2,-8,-11,-4,-10,-3
24699,24699,1503696930809,-9,0,-2,3,2,4,0,-3
24700,24700,1503696930824,14,-2,-1,3,0,-3,-2,1
24701,24701,1503696930832,-35,-2,-3,-5,-8,-3,-5,-6
24702,24702,1503696930839,2,-2,0,0,-6,-5,-3,-1
24703,24703,1503696930854,-4,4,-3,-2,-4,-6,-1,-1
24704,24704,1503696930863,-2,-4,0,10,2,2,8,2
24705,24705,1503696930876,9,-2,0,-6,-3,-1,-5,-2
24706,24706,1503696930885,20,6,1,-11,-7,9,5,15
24707,24707,1503696930894,0,-1,3,8,12,-2,-5,-8
24708,24708,1503696930901,-4,-2,-6,-5,-7,-8,-8,-10
24709,24709,1503696930914,4,-3,-2,-6,-8,1,-2,0
24710,24710,1503696930922,-22,-9,-5,2,3,-4,-5,-4
24711,24711,1503696930929,10,4,3,-3,-2,-1,0,-4
24712,24712,1503696930944,-14,-3,-1,-2,-3,-1,-1,3
24713,24713,1503696930951,0,-2,-1,-1,-6,-3,-9,0
24714,24714,1503696930967,-15,-2,0,-2,-10,-4,-3,-2
24715,24715,1503696930974,4,-9,-10,-6,-6,-3,3,5
24716,24716,1503696930982,3,4,11,2,-2,-2,0,3
24717,24717,1503696930989,1,1,6,0,-2,-4,4,-3
24718,24718,1503696931004,-20,-5,-2,1,11,0,1,-6
24719,24719,1503696931011,-9,-3,-6,-5,9,6,3,-1
24720,24720,1503696931019,18,-2,-1,4,-1,-1,2,2
24721,24721,1503696931020,5,-4,-1,-2,-5,-1,-1,-2
24722,24722,1503696931034,-13,-4,-5,1,1,-4,-5,-4
24723,24723,1503696931042,28,-9,-9,-8,-3,-3,-1,3
24724,24724,1503696931049,-13,5,6,4,1,1,0,1
24725,24725,1503696931064,-17,20,18,-3,0,-3,-4,-12
24726,24726,1503696931071,26,14,18,7,0,5,2,5
24727,24727,1503696931087,-19,-12,-8,1,0,3,0,0
24728,24728,1503696931095,6,1,-2,3,0,-1,3,2
24729,24729,1503696931102,4,-1,4,4,-1,0,4,-7
24730,24730,1503696931109,-11,-8,-8,-5,-1,-3,-3,-4
24731,24731,1503696931124,5,0,-6,-6,-2,0,2,6
24732,24732,1503696931132,0,-9,-4,-3,-4,-3,-3,8
24733,24733,1503696931140,10,1,2,7,10,1,-2,2
24734,24734,1503696931154,-17,-11,-3,0,-2,-1,1,-8
24735,24735,1503696931163,-17,9,-3,7,1,-2,-4,-1
24736,24736,1503696931170,12,7,-9,-1,-1,-1,-3,15
24737,24737,1503696931185,-24,-16,-12,-6,-7,-5,-5,-10
24738,24738,1503696931191,11,2,-1,0,2,0,0,-7
24739,24739,1503696931199,28,9,5,-4,1,1,2,10
24740,24740,1503696931214,-6,-3,0,1,0,0,-5,-7
24741,24741,1503696931222,-10,-6,-9,-5,-6,-3,-1,-5
24742,24742,1503696931229,4,10,4,-1,-3,-4,-1,-6
24743,24743,1503696931246,-3,-4,-2,-2,0,0,0,-6
24744,24744,1503696931252,38,2,1,2,3,0,-1,-5
24745,24745,1503696931263,8,-7,-3,-3,0,1,2,5
24746,24746,1503696931274,18,8,6,2,-1,0,-1,2
24747,24747,1503696931282,-50,-2,6,3,-2,-6,-3,4
24748,24748,1503696931289,-32,-9,-9,-2,-1,-1,3,3
24749,24749,1503696931305,6,0,1,1,-1,-3,-5,-5
24750,24750,1503696931311,32,6,-3,-9,-7,-3,1,22
24751,24751,1503696931320,23,2,-1,1,2,12,2,-8
24752,24752,1503696931334,-28,-7,-4,0,3,2,-5,-14
24753,24753,1503696931342,-7,2,5,-2,-1,-4,3,6
24754,24754,1503696931349,-37,-15,-10,-6,1,3,2,-4
24755,24755,1503696931364,-13,1,9,5,1,0,0,0
24756,24756,1503696931372,12,7,-7,1,-2,-3,1,-5
24757,24757,1503696931380,0,-4,-9,-7,-5,-4,-2,-5
24758,24758,1503696931396,-15,3,-1,-1,-2,-2,2,3
24759,24759,1503696931397,11,0,0,1,-2,-3,0,-1
24760,24760,1503696931403,-7,-8,-7,-1,4,1,1,6
24761,24761,1503696931409,15,5,0,-1,-3,0,-2,-3
24762,24762,1503696931424,16,-4,-1,1,-3,-2,-1,-2
24763,24763,1503696931431,24,7,-7,-5,-5,-4,-4,-12
24764,24764,1503696931432,-19,-3,2,-1,1,-2,-5,0
24765,24765,1503696931446,36,12,-1,-2,-2,-4,-3,8
24766,24766,1503696931454,18,4,3,0,-1,0,1,-3
24767,24767,1503696931466,12,0,-1,-1,1,1,2,2
24768,24768,1503696931476,1,-8,2,-3,-1,0,3,1
24769,24769,1503696931484,26,1,-6,-1,4,-2,0,-5
24770,24770,1503696931499,2,6,1,0,-1,1,-1,6
24771,24771,1503696931507,7,15,-1,-2,-10,-4,1,0
24772,24772,1503696931514,-28,-11,9,2,3,0,-7,-14
24773,24773,1503696931522,-26,-7,5,1,-4,-2,0,-7
24774,24774,1503696931536,9,1,3,-5,-2,1,6,2
24775,24775,1503696931544,-1,-3,-5,-5,2,-1,0,-2
24776,24776,1503696931551,-32,1,3,7,9,1,-3,-4
24777,24777,1503696931567,-21,-11,-6,-7,2,1,-5,-2
24778,24778,1503696931574,-9,1,-6,-5,-3,0,-3,-13
24779,24779,1503696931590,20,2,1,6,9,3,5,0
24780,24780,1503696931601,-36,-11,-5,-3,-5,-2,0,-4
24781,24781,1503696931604,16,12,11,-2,-7,-4,-6,-6
24782,24782,1503696931611,4,-5,-6,3,-1,-4,-3,2
24783,24783,1503696931626,1,9,10,-2,-3,0,-2,-6
24784,24784,1503696931627,6,3,-1,2,2,0,3,3
24785,24785,1503696931634,13,-2,0,1,-2,-1,-2,-1
24786,24786,1503696931642,-14,-6,0,-6,0,-1,0,-1
24787,24787,1503696931656,-15,-3,-5,-3,-3,-3,-3,-1
24788,24788,1503696931665,-3,-3,-1,-2,-8,1,2,3
24789,24789,1503696931672,19,6,0,0,6,0,2,11
24790,24790,1503696931686,-16,-4,-2,1,-6,0,-5,-2
24791,24791,1503696931694,47,10,-3,-3,-7,3,2,13
25317,25317,1503696936726,1,-4,-7,1,-2,-2,-1,-1
25318,25318,1503696936734,3,10,9,3,0,1,-1,0
25319,25319,1503696936748,13,6,5,0,-1,1,2,4
25320,25320,1503696936749,-5,7,-1,1,-4,-2,-2,-5
25321,25321,1503696936758,-1,-1,-3,-2,3,-1,1,1
25322,25322,1503696936764,-6,-1,6,-1,1,1,3,1
25323,25323,1503696936778,12,4,0,0,-1,-3,0,-3
25324,25324,1503696936786,16,4,-6,-1,0,0,-2,4
25325,25325,1503696936794,-3,-3,-2,-4,-2,-2,-2,0
25326,25326,1503696936808,4,-1,-5,-2,-3,-2,-1,-1
25327,25327,1503696936809,-4,-5,-2,0,1,0,1,0
25328,25328,1503696936816,-22,-13,-4,-1,-1,1,-2,-6
25329,25329,1503696936825,1,4,8,2,-1,-2,0,2
25330,25330,1503696936838,6,2,1,1,2,-1,-2,-2
25331,25331,1503696936846,-5,7,-7,-3,1,-1,-4,-3
25332,25332,1503696936854,1,-3,-2,3,-3,0,3,5
25333,25333,1503696936869,7,-2,-4,0,-1,-1,2,6
25334,25334,1503696936876,21,8,-5,0,1,-1,-6,-5
25335,25335,1503696936884,0,-4,-2,-2,-3,-3,-1,-3
25336,25336,1503696936898,9,7,-3,-1,-1,-1,-2,5
25337,25337,1503696936899,-2,-10,0,-1,-1,-2,1,-5
25338,25338,1503696936906,-7,-5,0,-2,-1,0,0,-7
25339,25339,1503696936914,2,1,-1,-1,-4,-1,-3,0
25340,25340,1503696936930,-15,-10,-4,0,2,2,0,0
25341,25341,1503696936936,-12,-8,0,0,-2,-3,-3,-1
25342,25342,1503696936944,-19,-19,-4,-1,-1,0,-4,-2
25343,25343,1503696936960,-11,1,-3,-3,-1,-2,0,2
25344,25344,1503696936967,16,7,-3,-2,0,1,-1,-2
25345,25345,1503696936974,-18,0,2,0,-3,0,-2,-1
25346,25346,1503696936994,18,9,1,0,-1,-3,0,-5
25347,25347,1503696936999,12,6,0,-2,-4,-1,0,2
25348,25348,1503696937004,-1,1,5,0,-2,0,-3,0
25349,25349,1503696937019,-6,-8,8,1,3,1,-2,-1
25350,25350,1503696937027,-22,-4,4,2,2,-1,2,0
25351,25351,1503696937041,38,0,-4,-1,1,2,3,7
25352,25352,1503696937049,9,0,4,0,-2,-3,-1,1
25353,25353,1503696937058,5,1,20,4,2,2,-1,-7
25354,25354,1503696937071,-20,4,4,1,-1,-1,0,-3
25355,25355,1503696937078,-19,-3,-12,-4,-1,-2,0,2
25356,25356,1503696937087,16,3,-6,-5,-4,-2,-3,2
25357,25357,1503696937102,-7,7,2,-1,0,-1,-2,-5
25358,25358,1503696937109,9,3,-8,0,-2,-1,1,0
25359,25359,1503696937116,-5,-11,-8,-3,-3,-1,1,5
25360,25360,1503696937135,-9,-4,-6,-4,1,-1,-3,-1
25361,25361,1503696937138,2,1,0,2,2,0,-2,-4
25362,25362,1503696937146,-25,-11,-10,-3,-1,-2,-3,-5
25363,25363,1503696937161,-2,11,-7,-2,0,-1,-1,-1
25364,25364,1503696937169,-7,0,0,0,0,-1,-1,-6
25365,25365,1503696937176,0,-4,-1,-2,-2,-2,-4,6
25366,25366,1503696937193,55,9,2,-2,-2,-1,0,1
25367,25367,1503696937199,-47,-7,-2,0,-1,-2,-1,-6
25368,25368,1503696937201,19,5,2,-2,-3,-2,-8,-2
25369,25369,1503696937206,9,6,-2,-4,-2,2,2,5
25370,25370,1503696937220,-9,3,6,3,0,-1,1,-6
25371,25371,1503696937229,-15,9,15,6,-1,-1,-3,-3
25372,25372,1503696937243,18,12,-4,-3,-1,-3,2,16
25373,25373,1503696937251,-22,-13,-8,-2,-1,0,1,-2
25374,25374,1503696937260,-8,-12,-4,-2,2,2,3,-4
25375,25375,1503696937267,-5,-7,-5,-1,0,-2,-4,0
25376,25376,1503696937280,-21,-5,-5,-1,0,-1,-3,-8
25377,25377,1503696937288,-23,-10,-3,1,1,-1,-1,-2
25378,25378,1503696937296,44,16,-4,-1,-2,-3,1,-4
25379,25379,1503696937311,7,-16,-4,0,-2,-1,-4,-3
25380,25380,1503696937318,-13,-4,-1,0,-1,2,2,-1
25381,25381,1503696937326,-8,3,3,-2,-1,-1,-2,-2
25382,25382,1503696937340,-12,-8,2,-1,-3,1,1,3
25383,25383,1503696937349,3,0,-1,-1,0,1,4,12
25384,25384,1503696937356,-8,-4,-2,0,2,-3,-3,-3
25385,25385,1503696937371,-8,4,5,1,-3,0,3,2
25386,25386,1503696937378,-17,-18,-10,-6,-2,0,-1,-1
25387,25387,1503696937386,-11,-1,3,2,0,-2,-4,-4
25388,25388,1503696937402,11,-2,-2,-2,-1,1,0,0
25389,25389,1503696937409,6,0,-8,-4,-2,-2,2,1
25390,25390,1503696937416,9,3,0,1,2,0,0,-1
25391,25391,1503696937431,12,6,0,-2,-2,-1,3,2
25392,25392,1503696937438,12,10,1,-6,-6,-3,-1,3
25393,25393,1503696937446,23,-4,-2,-4,1,0,-2,-4
25394,25394,1503696937461,0,-2,5,2,-2,0,-2,0
25395,25395,1503696937469,15,0,-3,-2,-2,-2,3,4
25396,25396,1503696937476,-26,-5,-4,-3,-2,-1,3,0
25397,25397,1503696937493,-36,-12,-1,0,2,-1,-3,-3
25398,25398,1503696937499,7,9,1,2,-2,-4,-4,-2
25399,25399,1503696937506,-2,6,0,1,0,1,-1,-3
25400,25400,1503696937520,3,0,0,0,-5,-5,-7,-6
25401,25401,1503696937529,4,-1,-3,0,1,1,0,-4
25402,25402,1503696937538,-17,-5,-2,-1,1,-6,-2,-6
25403,25403,1503696937551,6,1,-2,1,0,-2,1,1
25404,25404,1503696937559,-7,6,2,1,0,-1,-3,-16
25405,25405,1503696937566,12,8,-5,-1,-3,-5,-4,-5
25406,25406,1503696937580,-32,-13,-7,-5,-1,1,1,-4
25407,25407,1503696937588,-12,0,2,-2,0,2,-1,-9
25408,25408,1503696937597,31,-4,-5,0,-3,1,0,16
25409,25409,1503696937611,7,-5,0,-4,-4,-3,-3,-3
25410,25410,1503696937618,7,-1,-3,-1,-3,-5,-3,-6
25411,25411,1503696937619,-34,-4,2,4,4,-3,2,-9
25412,25412,1503696937629,9,9,6,4,0,2,0,-5
25413,25413,1503696937640,21,-1,-2,-1,-1,2,5,10
25414,25414,1503696937648,-36,-4,-3,-2,-1,-7,-4,1
25415,25415,1503696937656,-3,0,1,0,1,0,-2,-8
25416,25416,1503696937671,-13,-2,1,1,0,0,-1,-8
25417,25417,1503696937679,2,-1,-3,-1,0,-2,-3,2
25418,25418,1503696937686,-6,4,-3,-2,-2,-3,-2,-18
25419,25419,1503696937687,-7,-6,1,0,-3,-2,-2,1
25420,25420,1503696937702,30,-4,-3,-2,-1,1,1,6
25421,25421,1503696937708,-18,-6,2,1,0,-5,-5,-19
25422,25422,1503696937716,-5,-1,-1,-2,0,4,3,4
25423,25423,1503696937731,19,0,-3,-4,0,-12,-9,6
25424,25424,1503696937739,-19,1,-3,0,3,0,4,-16
25425,25425,1503696937747,-71,-14,-3,-3,-2,5,7,4
25426,25426,1503696937763,-20,-15,-6,-4,-3,-5,-2,2
25427,25427,1503696937769,1,17,11,3,1,1,-5,-8
25428,25428,1503696937776,-21,-9,0,1,4,0,-1,0
25429,25429,1503696937791,54,8,-7,-4,-3,1,0,15
25430,25430,1503696937801,41,19,3,-1,-3,1,2,9
25431,25431,1503696937807,-12,-13,-5,0,-3,-1,-1,6
25874,25874,1503696942073,14,-3,-4,-2,-1,-1,0,2
25875,25875,1503696942083,-3,0,2,0,-1,1,-1,0
25876,25876,1503696942089,15,0,-7,-3,-2,-2,-3,-1
25877,25877,1503696942103,1,4,7,-1,-1,0,2,0
25878,25878,1503696942111,8,14,5,0,-1,1,0,0
25879,25879,1503696942119,-1,-2,-2,-2,0,-1,-1,-1
25880,25880,1503696942133,-15,-15,-5,-1,0,-3,-2,-3
25881,25881,1503696942141,1,-5,-6,-1,0,-1,-2,-3
25882,25882,1503696942155,-2,-6,-6,-2,-1,0,0,0
25883,25883,1503696942163,-6,-3,-4,1,0,-1,-2,0
25884,25884,1503696942171,-4,-3,2,1,1,-2,0,0
25885,25885,1503696942178,-6,-5,-1,-2,-3,-2,-3,-1
25886,25886,1503696942193,-5,0,5,-3,-2,-2,0,-1
25887,25887,1503696942201,-6,3,-1,-1,-1,-1,-1,-1
25888,25888,1503696942209,5,0,0,0,-1,-1,-1,-1
25889,25889,1503696942224,-7,0,11,3,0,0,0,-3
25890,25890,1503696942231,24,11,10,0,0,-1,1,1
25891,25891,1503696942238,12,-4,-9,-1,-1,-3,-2,0
25892,25892,1503696942254,-4,9,-1,0,-2,-2,0,-1
25893,25893,1503696942261,2,12,-4,-3,-1,-1,1,-2
25894,25894,1503696942269,-6,3,-1,0,-1,2,0,1
25895,25895,1503696942285,1,-5,-5,-1,1,-1,1,1
25896,25896,1503696942292,11,0,-4,-2,-1,0,0,1
25897,25897,1503696942299,-3,-9,-4,-3,-2,-3,-1,-1
25898,25898,1503696942313,14,24,12,1,-2,-2,-1,-1
25899,25899,1503696942321,-5,-3,-2,-1,-1,0,-1,-2
25900,25900,1503696942329,2,7,1,0,0,-3,-2,-2
25901,25901,1503696942343,3,3,3,-1,-2,-1,1,0
25902,25902,1503696942352,-12,-8,0,1,1,0,0,-1
25903,25903,1503696942360,6,-1,-2,-1,1,0,-1,1
25904,25904,1503696942374,-6,-19,-11,-2,1,0,-1,-2
25905,25905,1503696942382,3,7,7,2,-1,2,1,1
25906,25906,1503696942390,-10,-7,-7,-1,-1,-1,-1,-1
25907,25907,1503696942403,-10,-7,-9,-3,-1,-2,-3,-5
25908,25908,1503696942411,-11,-9,2,-3,-2,-2,0,-2
25909,25909,1503696942419,-4,6,-3,-1,-1,0,0,1
25910,25910,1503696942433,-8,-19,-11,-2,-2,-1,-2,-1
25911,25911,1503696942441,-10,-1,11,0,1,1,-1,0
25912,25912,1503696942451,8,4,12,1,0,-1,3,2
25913,25913,1503696942463,3,9,-2,-1,-1,0,-1,2
25914,25914,1503696942471,-4,1,-2,-1,-1,0,-1,-1
25915,25915,1503696942478,-1,2,3,0,1,-3,-1,-2
25916,25916,1503696942494,18,3,-5,-1,-2,-1,-1,-1
25917,25917,1503696942501,-4,-7,3,0,1,-1,-1,0
25918,25918,1503696942509,7,-3,-11,-1,1,-1,0,-1
25919,25919,1503696942523,-11,-8,-3,0,-4,-2,-2,-3
25920,25920,1503696942532,2,12,-9,-4,-1,0,0,-1
25921,25921,1503696942538,-4,-9,-3,0,-1,-2,1,0
25922,25922,1503696942556,-2,3,2,-1,-2,-2,-2,-1
25923,25923,1503696942561,-2,-15,-4,-1,0,1,0,-2
25924,25924,1503696942569,-25,-20,-1,0,0,1,-1,0
25925,25925,1503696942587,5,0,0,1,1,-1,0,1
25926,25926,1503696942591,2,4,-3,0,-2,1,-1,1
25927,25927,1503696942601,12,5,1,1,1,-1,-1,1
25928,25928,1503696942614,-2,4,5,-1,1,-1,-1,-2
25929,25929,1503696942621,22,9,-2,-2,-1,0,-2,-2
25930,25930,1503696942636,2,1,-11,-2,-2,-3,0,-2
25931,25931,1503696942643,6,6,14,-3,-4,-1,0,-2
25932,25932,1503696942654,-18,-8,-2,-2,-2,-2,-2,-3
25933,25933,1503696942673,13,15,-7,-1,-1,0,-2,0
25934,25934,1503696942675,-4,0,-1,-2,-1,1,0,-2
25935,25935,1503696942681,-35,-6,-6,-3,-1,-1,-3,-4
25936,25936,1503696942697,-4,-7,1,1,1,1,2,0
25937,25937,1503696942703,3,-10,-2,0,0,-1,-1,1
25938,25938,1503696942711,6,-2,-8,-3,-4,-1,-1,0
25939,25939,1503696942725,0,4,3,0,1,0,1,-1
25940,25940,1503696942733,9,1,2,0,-1,-1,0,1
25941,25941,1503696942741,13,-7,-9,-2,-1,-3,-1,-1
25942,25942,1503696942760,13,10,13,2,1,-1,0,2
25943,25943,1503696942763,-6,-11,-9,-2,-1,-2,-3,-5
25944,25944,1503696942771,29,-2,6,1,-2,0,-1,0
25945,25945,1503696942788,-21,-4,0,-2,-2,1,1,0
25946,25946,1503696942794,-14,-7,0,2,3,-2,2,-1
25947,25947,1503696942801,-5,-2,-4,0,-1,-1,-1,-2
25948,25948,1503696942816,0,6,-2,0,-2,-1,-1,0
25949,25949,1503696942827,-7,2,5,2,-1,-2,0,-1
25950,25950,1503696942831,-15,-3,4,-2,-2,-2,-3,-2
25951,25951,1503696942845,-3,0,-6,-1,-1,0,-3,-1
25952,25952,1503696942855,-37,-4,0,-3,1,-1,-2,-3
25953,25953,1503696942861,-1,0,10,0,-1,-2,0,-1
25954,25954,1503696942876,19,14,4,0,0,0,-1,0
25955,25955,1503696942883,2,3,0,0,1,2,1,1
25956,25956,1503696942891,2,1,-6,-4,-2,-1,0,-2
25957,25957,1503696942905,11,19,13,2,-1,0,1,3
25958,25958,1503696942913,6,-2,-7,-1,-1,-1,-3,0
25959,25959,1503696942922,-24,1,-2,-3,-2,0,-1,-2
25960,25960,1503696942936,16,0,10,1,-1,0,-1,-1
25961,25961,1503696942943,8,-5,1,-1,-2,-2,-1,-1
25962,25962,1503696942951,19,-4,-9,-3,-3,-1,-1,2
25963,25963,1503696942965,-9,-8,-5,-2,-1,-1,-1,0
25964,25964,1503696942973,-9,-9,-7,-1,-2,-1,0,-2
25965,25965,1503696942974,6,1,1,-1,0,0,0,0
25966,25966,1503696942981,2,-7,-13,0,-1,-2,-1,-2
25967,25967,1503696942996,13,5,-1,-1,2,-1,-1,-2
25968,25968,1503696943003,9,9,2,-2,-1,0,-1,0
25969,25969,1503696943011,-12,-9,-13,0,-1,-2,0,-1
25970,25970,1503696943026,18,9,5,5,1,1,-1,-1
25971,25971,1503696943033,-6,-1,0,1,0,1,-2,-2
25972,25972,1503696943041,-19,-11,7,0,1,0,-1,-2
25973,25973,1503696943057,-4,13,12,2,-1,-1,1,1
25974,25974,1503696943063,-7,-3,-2,-1,0,-1,-1,-2
25975,25975,1503696943071,-38,-15,-5,-1,-1,-2,-3,-3
25976,25976,1503696943088,7,3,-8,-2,-1,-1,-1,0
25977,25977,1503696943093,2,15,1,-2,-2,-2,-1,-1
25978,25978,1503696943108,12,0,-8,-1,0,-1,2,2
25979,25979,1503696943116,-5,-16,-14,-1,3,0,-1,-1
25980,25980,1503696943123,14,9,1,-2,0,-4,-1,1
25981,25981,1503696943131,-11,-8,-2,0,-1,-1,-1,-1
25982,25982,1503696943145,13,0,8,0,-1,1,-1,-2
25983,25983,1503696943155,1,2,3,-2,-2,0,0,-2
25984,25984,1503696943161,13,3,0,0,-1,-2,0,-1
25985,25985,1503696943176,3,-3,-6,-1,-3,-1,-1,1
25986,25986,1503696943183,-13,-2,-5,-3,-2,-1,-1,1
25987,25987,1503696943191,-11,-7,-3,0,2,-2,-1,-3
25988,25988,1503696943205,-28,7,18,2,-1,0,-2,-4
26397,26397,1503696947195,5,0,-7,-2,-3,-1,-2,0
26398,26398,1503696947203,-6,-2,2,1,-1,-1,0,-2
26399,26399,1503696947213,-1,2,-1,2,2,2,4,3
26400,26400,1503696947226,-2,-5,1,2,-1,-1,-4,-1
26401,26401,1503696947234,-8,-12,-6,-4,-2,-2,-1,-1
26402,26402,1503696947242,-6,-5,-1,-1,1,1,2,-3
26403,26403,1503696947256,7,12,4,-1,-2,-1,1,0
26404,26404,1503696947270,-1,-4,-4,-2,-2,-1,-2,0
26405,26405,1503696947279,5,-4,-5,1,0,-1,-2,-2
26406,26406,1503696947286,0,0,1,-2,0,-1,-1,-3
26407,26407,1503696947294,-5,-9,-5,-3,-3,0,0,-1
26408,26408,1503696947310,0,6,0,-2,-1,-1,-1,1
26409,26409,1503696947316,-16,-10,-4,-1,-1,-2,-4,-5
26410,26410,1503696947323,0,-7,-5,-2,-3,-1,4,1
26411,26411,1503696947338,8,14,4,0,0,2,1,0
26412,26412,1503696947346,-5,-4,-4,0,-1,0,-3,-3
26413,26413,1503696947354,-7,0,1,-2,-3,-2,-2,-2
26414,26414,1503696947367,5,15,2,-3,-3,-1,0,1
26415,26415,1503696947378,-2,6,1,1,0,-1,0,1
26416,26416,1503696947383,-3,-7,1,-1,0,0,0,-1
26417,26417,1503696947399,1,-2,1,-1,-1,-2,0,0
26418,26418,1503696947406,2,0,-1,-2,-2,-2,-2,0
26419,26419,1503696947414,-2,0,1,-2,0,0,-1,1
26420,26420,1503696947427,7,8,-1,0,-1,0,1,1
26421,26421,1503696947428,-11,-14,-9,-3,-1,-1,-4,-5
26422,26422,1503696947436,-10,-14,-3,-3,-1,-1,1,-1
26423,26423,1503696947444,0,1,1,3,1,-1,-2,0
26424,26424,1503696947458,-4,-2,-1,0,-1,1,5,4
26425,26425,1503696947459,6,2,-1,2,1,-1,-1,-1
26426,26426,1503696947466,6,14,4,-3,0,0,1,0
26427,26427,1503696947474,2,-3,-1,-3,-1,0,0,-2
26428,26428,1503696947488,0,4,1,2,-2,-1,2,2
26429,26429,1503696947496,10,8,0,-1,1,-1,0,0
26430,26430,1503696947503,3,0,-2,-3,0,0,0,1
26431,26431,1503696947519,0,-12,-5,-2,0,-2,-1,-2
26432,26432,1503696947526,11,6,3,1,0,2,2,2
26433,26433,1503696947534,12,12,2,0,0,-1,-2,-1
26434,26434,1503696947548,2,0,-5,0,2,0,-1,-2
26435,26435,1503696947555,2,-8,1,-2,-3,-5,-4,-3
26436,26436,1503696947563,-2,-6,-1,-1,-3,-1,0,-3
26437,26437,1503696947580,-1,2,-1,6,2,2,0,1
26438,26438,1503696947587,-6,-5,-1,-1,-2,0,-2,-4
26439,26439,1503696947594,-3,7,2,-1,-1,2,1,-1
26440,26440,1503696947607,0,10,3,0,-2,0,-1,2
26441,26441,1503696947616,-9,3,1,-1,-2,-4,-4,-5
26442,26442,1503696947623,-3,-5,0,1,1,-1,-2,-1
26443,26443,1503696947638,-7,-3,-1,0,-2,0,3,2
26444,26444,1503696947646,-6,-3,-2,-3,-2,-2,-1,2
26445,26445,1503696947654,-4,-6,-2,-1,-1,-1,1,1
26446,26446,1503696947667,-2,-4,-2,0,0,0,0,0
26447,26447,1503696947678,1,2,0,-2,-1,2,1,3
26448,26448,1503696947683,-2,-4,-3,0,-1,-1,-1,-1
26449,26449,1503696947698,6,4,1,-2,-2,-1,-1,1
26450,26450,1503696947706,5,2,10,3,0,-1,-1,0
26451,26451,1503696947714,5,-5,-4,-2,-2,0,-3,-3
26452,26452,1503696947727,-16,4,-2,-3,-1,-2,3,3
26453,26453,1503696947728,5,-5,-10,-3,-1,-2,-1,-3
26454,26454,1503696947736,-2,4,0,0,0,0,0,-1
26455,26455,1503696947745,-6,-1,0,-1,-1,0,-1,0
26456,26456,1503696947758,-3,-11,-4,-2,-1,-3,-3,-1
26457,26457,1503696947766,-3,4,0,-1,-3,-2,0,-2
26458,26458,1503696947774,-3,-4,-3,1,1,0,1,0
26459,26459,1503696947788,6,10,2,-4,-4,0,-5,-1
26460,26460,1503696947795,-4,6,-4,-2,-3,-3,-2,-2
26461,26461,1503696947803,16,-3,1,-2,0,-2,0,-1
26462,26462,1503696947818,0,4,1,-2,-1,0,0,0
26463,26463,1503696947825,3,-4,3,0,2,-1,-2,-3
26464,26464,1503696947833,-2,-8,-2,-2,-2,1,-1,-1
26465,26465,1503696947848,-3,4,0,-1,-2,0,-3,-1
26466,26466,1503696947856,4,-1,-5,0,0,-1,1,-1
26467,26467,1503696947864,-5,-2,-4,-1,-1,-1,0,-1
26468,26468,1503696947880,-6,4,3,-1,-2,-1,-1,0
26469,26469,1503696947886,-11,-7,-3,1,1,-1,-1,-1
26470,26470,1503696947894,1,-11,-9,0,-1,1,-1,-4
26471,26471,1503696947908,1,-3,-2,0,1,1,1,-1
26472,26472,1503696947916,-1,-4,1,0,-1,-2,2,0
26473,26473,1503696947924,-7,-3,-3,0,1,0,-1,-1
26474,26474,1503696947938,1,5,7,-2,-3,-2,-3,-3
26475,26475,1503696947947,0,5,-1,-1,-2,-2,-2,1
26476,26476,1503696947955,0,3,1,0,1,-1,-1,-1
26477,26477,1503696947968,-8,-7,-2,1,-1,-1,0,-1
26478,26478,1503696947976,-1,-9,-6,-1,0,-2,-3,-1
26479,26479,1503696947986,-1,-2,-1,-1,-2,0,0,1
26480,26480,1503696947999,2,8,5,-1,-1,1,0,1
26481,26481,1503696948006,-2,-4,-1,-2,-1,-1,-1,-1
26482,26482,1503696948016,-6,-8,-2,0,1,0,-2,-2
26483,26483,1503696948027,-6,-3,-5,-1,-3,-2,-2,-2
26484,26484,1503696948035,5,-1,-3,-1,3,-2,0,0
26485,26485,1503696948036,0,5,12,-1,-3,-2,-2,-3
26486,26486,1503696948046,3,-1,4,2,2,-1,1,3
26487,26487,1503696948059,-5,-4,-3,1,1,-1,0,-2
26488,26488,1503696948066,-4,7,9,-3,-1,-2,-2,-1
26489,26489,1503696948074,-6,-10,-1,0,-2,-2,-4,-4
26490,26490,1503696948088,0,0,-4,-1,-2,-1,0,-2
26491,26491,1503696948095,1,5,-2,-2,-2,-1,-1,0
26492,26492,1503696948104,-3,-2,-1,1,-1,0,0,-1
26493,26493,1503696948118,1,9,4,-1,-1,-1,-3,-2
26494,26494,1503696948119,1,-8,-6,-2,-2,0,1,-1
26495,26495,1503696948126,2,-6,-4,-1,1,1,-1,-1
26496,26496,1503696948134,4,-2,-5,0,0,0,1,1
26497,26497,1503696948148,9,5,-5,-2,-2,-1,-2,-1
26498,26498,1503696948156,2,0,-2,-2,-2,0,-3,2
26499,26499,1503696948163,15,3,2,1,0,-1,-1,-2
26500,26500,1503696948181,3,6,5,2,1,-1,0,0
26501,26501,1503696948186,-4,-3,0,-1,-2,1,-1,0
26502,26502,1503696948201,-7,1,-2,-3,-1,0,-2,-4
26503,26503,1503696948207,-5,-10,-2,2,2,0,1,-1
26504,26504,1503696948216,-2,2,-3,-1,-1,-1,-1,2
26505,26505,1503696948230,-3,0,-3,-4,-1,0,-2,1
26506,26506,1503696948238,-1,-1,-4,1,1,-1,0,-1
26507,26507,1503696948247,4,2,2,0,-1,-1,-2,-2
26508,26508,1503696948261,-1,0,2,-2,1,1,2,1
26509,26509,1503696948267,-9,-1,1,-2,-2,-1,-1,-2
26510,26510,1503696948275,2,3,4,-1,0,-2,-2,-1
26511,26511,1503696948276,3,-1,-3,1,0,-1,0,0
26512,26512,1503696948290,-2,3,-2,-1,0,-1,0,0
26513,26513,1503696948298,-11,-9,17,1,1,-2,-2,-5
26514,26514,1503696948306,-2,-1,0,0,0,-2,-1,-1
26977,26977,1503696952760,-6,-1,-2,4,1,-1,-2,-2
26978,26978,1503696952770,10,4,-1,-2,-2,-2,-1,-1
26979,26979,1503696952776,-8,-8,-9,-4,-3,-3,-4,-6
26980,26980,1503696952790,-19,1,3,1,0,-3,-3,-2
26981,26981,1503696952798,16,3,3,-2,0,1,-2,-3
26982,26982,1503696952806,9,-1,-1,-1,1,-1,2,1
26983,26983,1503696952821,-6,2,1,0,-2,-1,1,1
26984,26984,1503696952828,-3,-8,-3,-4,-3,0,-2,-2
26985,26985,1503696952838,8,7,3,1,0,-1,1,0
26986,26986,1503696952851,-27,-7,0,-2,-1,0,-1,0
26987,26987,1503696952858,-3,-2,-2,-1,-1,1,-2,-1
26988,26988,1503696952865,2,-2,-6,-3,-2,-1,0,-2
26989,26989,1503696952881,21,14,3,0,2,1,2,4
26990,26990,1503696952888,2,5,2,0,-1,1,0,1
26991,26991,1503696952904,-11,-11,-5,-2,-1,-1,1,-1
26992,26992,1503696952911,11,-2,-2,-1,-3,-2,0,0
26993,26993,1503696952918,-20,-19,-7,0,2,-2,-3,-3
26994,26994,1503696952932,6,10,2,2,0,-1,0,2
26995,26995,1503696952942,9,4,1,-1,3,-2,0,1
26996,26996,1503696952943,12,-3,4,1,-2,-2,-1,-2
26997,26997,1503696952948,-4,-6,-3,-1,0,-1,-2,-4
26998,26998,1503696952963,6,2,4,-2,0,0,1,4
26999,26999,1503696952971,30,24,15,0,-2,-2,-2,-3
27000,27000,1503696952980,-47,-5,2,-1,0,-1,2,-3
27001,27001,1503696952992,-5,-3,-8,-2,-1,-4,-3,-4
27002,27002,1503696953000,18,12,7,0,-3,-2,-3,-1
27003,27003,1503696953009,-16,-5,2,4,1,-1,0,-1
27004,27004,1503696953023,11,-1,-8,-2,1,0,0,0
27005,27005,1503696953030,-8,-12,-8,-4,-2,-1,-2,-2
27006,27006,1503696953044,0,-5,4,-1,2,0,0,1
27007,27007,1503696953052,-10,-7,-4,-3,-1,0,1,1
27008,27008,1503696953060,20,15,-5,-3,-3,-2,-2,-1
27009,27009,1503696953061,-20,-3,13,1,-2,-1,-2,-2
27010,27010,1503696953068,-34,-4,-3,1,3,1,-1,-2
27011,27011,1503696953083,7,-9,-11,-3,0,-4,-1,-2
27012,27012,1503696953090,8,-9,-7,-1,-2,1,2,0
27013,27013,1503696953098,-1,-6,-10,-6,-3,1,-4,-3
27014,27014,1503696953113,4,4,1,1,1,-2,-2,0
27015,27015,1503696953120,8,1,1,1,4,1,0,0
27016,27016,1503696953128,4,-8,-3,-5,-3,-1,-1,1
27017,27017,1503696953143,-2,-1,-3,1,-6,-3,-2,-1
27018,27018,1503696953150,7,5,4,0,0,-2,-1,2
27019,27019,1503696953158,-5,-1,1,-1,-1,0,0,-2
27020,27020,1503696953159,4,0,-7,-4,-2,-1,-1,3
27021,27021,1503696953173,0,4,-1,-3,-2,-1,3,-1
27022,27022,1503696953180,-1,-7,-2,0,0,-2,1,1
27023,27023,1503696953181,-6,5,5,1,-1,1,3,4
27024,27024,1503696953188,-1,-2,-4,0,0,0,-1,-1
27025,27025,1503696953205,-12,-15,-8,-1,-2,-3,-3,-4
27026,27026,1503696953211,3,-1,2,-1,-3,-1,-2,-1
27027,27027,1503696953218,22,0,-3,0,-4,-3,-5,-2
27028,27028,1503696953232,-5,-6,1,1,-2,1,0,-1
27029,27029,1503696953241,-8,4,1,-2,4,2,1,-1
27030,27030,1503696953248,1,-14,-6,1,1,-1,-3,-3
27031,27031,1503696953263,10,13,-4,-2,-1,-1,2,3
27032,27032,1503696953270,2,7,0,-1,1,-1,-2,-2
27033,27033,1503696953279,-4,-3,0,0,0,-2,-2,-2
27034,27034,1503696953292,-13,-2,-1,-1,-3,-1,0,-1
27035,27035,1503696953300,9,2,-5,-1,-2,-3,-3,-3
27036,27036,1503696953308,4,4,-1,-1,1,-1,-4,-3
27037,27037,1503696953323,1,-5,1,0,-1,0,0,0
27038,27038,1503696953329,-5,-13,-4,-1,0,-1,0,-1
27039,27039,1503696953345,-3,2,4,-1,-2,0,-1,-3
27040,27040,1503696953352,-9,4,4,1,0,2,2,3
27041,27041,1503696953360,-3,4,3,4,1,1,0,-1
27042,27042,1503696953368,22,9,2,-1,0,-2,-1,0
27043,27043,1503696953383,-5,-4,-3,-3,-1,-4,-6,-5
27044,27044,1503696953390,-4,-3,-4,-1,3,-1,-3,-6
27045,27045,1503696953399,-13,2,1,-1,0,1,1,0
27046,27046,1503696953416,3,3,2,0,-3,-1,-1,2
27047,27047,1503696953420,-3,-5,-4,-3,0,2,-1,0
27048,27048,1503696953428,-4,3,2,1,0,0,0,1
27049,27049,1503696953443,-1,-4,0,0,-3,-2,0,0
27050,27050,1503696953450,7,1,-1,2,-1,-1,0,1
27051,27051,1503696953458,6,12,13,0,0,2,2,2
27052,27052,1503696953474,-2,1,-3,-1,-2,-2,-1,0
27053,27053,1503696953482,1,-8,-9,-2,0,-1,-1,0
27054,27054,1503696953488,-12,-8,-7,-3,-2,-2,-1,-2
27055,27055,1503696953503,-4,-10,-4,-3,1,1,-2,-1
27056,27056,1503696953511,0,-4,-1,-3,-3,-2,-3,-2
27057,27057,1503696953519,-3,-11,-4,2,-3,-2,-4,-4
27058,27058,1503696953532,-8,-5,4,2,1,1,1,-1
27059,27059,1503696953541,1,2,0,-1,0,-1,-1,0
27060,27060,1503696953549,8,6,2,-3,-2,-1,-1,0
27061,27061,1503696953563,-24,0,-2,0,-2,0,-1,-1
27062,27062,1503696953570,3,-7,-3,0,1,1,0,1
27063,27063,1503696953579,5,6,-5,0,-1,-1,-1,0
27064,27064,1503696953592,-2,12,5,-1,-2,1,-3,-2
27065,27065,1503696953600,2,4,1,-1,0,-4,1,0
27066,27066,1503696953608,-10,-9,-4,-2,-1,-2,-3,-1
27067,27067,1503696953623,-11,-1,3,-2,0,-1,-1,-3
27068,27068,1503696953630,-2,6,0,0,1,-2,0,-1
27069,27069,1503696953646,9,-1,2,-1,0,1,4,1
27070,27070,1503696953652,-4,-4,-2,1,-1,1,2,0
27071,27071,1503696953660,9,1,8,-1,-2,-2,-3,-1
27072,27072,1503696953668,5,-2,-2,-3,-1,0,1,1
27073,27073,1503696953684,2,1,1,-3,-2,-1,0,-1
27074,27074,1503696953690,0,-8,-7,-1,-2,-3,-3,-2
27075,27075,1503696953698,-5,-4,-2,-1,0,-1,0,-1
27076,27076,1503696953712,9,4,-1,-1,0,1,0,0
27077,27077,1503696953720,12,-1,-5,0,0,1,3,3
27078,27078,1503696953728,3,-2,-1,-1,-1,-1,-1,0
27079,27079,1503696953743,-14,-5,1,0,-1,-3,-4,-4
27080,27080,1503696953751,-5,-2,-2,-3,-1,1,0,2
27081,27081,1503696953758,-4,-7,-3,0,1,-1,0,-1
27082,27082,1503696953772,-1,-4,2,0,0,0,0,-1
27083,27083,1503696953781,2,5,-6,-1,-3,-1,-2,-1
27084,27084,1503696953788,-1,2,5,-1,-2,-1,2,1
27085,27085,1503696953803,-11,-8,-4,0,0,-1,-1,0
27086,27086,1503696953810,-5,0,0,1,0,0,-2,-1
27087,27087,1503696953825,5,3,-2,-1,-1,-1,-1,1
27088,27088,1503696953832,-1,1,-4,0,0,-2,-2,-4
27089,27089,1503696953843,6,0,2,0,0,1,-1,0
27090,27090,1503696953855,-2,-3,-1,0,-1,-2,-2,-2
27091,27091,1503696953863,2,1,-9,-4,-3,-5,-3,-3
27092,27092,1503696953870,-4,-9,-2,0,1,-1,-1,-3
27093,27093,1503696953886,-1,-6,-5,-1,-2,0,-1,1
27094,27094,1503696953892,-3,1,2,0,-1,-2,2,0
27095,27095,1503696953900,-2,-7,1,0,1,0,0,-1
27096,27096,1503696953916,12,1,-2,0,-2,-2,1,3
27097,27097,1503696953923,10,7,3,0,-1,-2,-2,-2
27098,27098,1503696953930,4,4,9,0,-1,0,-1,-2
27694,27694,1503696959783,-16,-3,-1,-2,2,-3,-1,-2
27695,27695,1503696959788,13,3,3,0,1,-1,2,1
27696,27696,1503696959795,-16,-2,2,-2,-1,0,1,-2
27697,27697,1503696959810,3,3,3,0,-2,-1,-1,-1
27698,27698,1503696959817,8,7,3,1,-1,1,0,1
27699,27699,1503696959825,2,-3,0,0,-2,0,-2,-1
27700,27700,1503696959840,-22,-3,-2,-2,-1,-1,-2,-3
27701,27701,1503696959849,6,14,2,-1,0,1,0,0
27702,27702,1503696959855,7,-3,0,-1,0,0,0,-1
27703,27703,1503696959872,-5,2,-2,-2,-2,-2,0,1
27704,27704,1503696959877,1,4,1,-2,-1,-2,-2,0
27705,27705,1503696959878,-4,-1,-7,-1,-1,0,0,-1
27706,27706,1503696959885,-28,-9,-2,-1,-1,-2,-1,-3
27707,27707,1503696959899,5,-8,0,1,-1,-1,-1,0
27708,27708,1503696959908,8,-7,-1,-1,-1,0,0,1
27709,27709,1503696959915,2,-4,-4,-2,-2,-2,-1,-2
27710,27710,1503696959930,11,4,1,0,-1,0,-1,-1
27711,27711,1503696959942,8,2,-1,-1,-1,-1,-2,1
27712,27712,1503696959945,7,10,15,1,1,0,1,2
27713,27713,1503696959959,10,6,-1,1,1,2,2,-1
27714,27714,1503696959967,0,-7,-12,-2,-1,-1,-2,0
27715,27715,1503696959978,-12,-16,-3,0,0,0,-5,-6
27716,27716,1503696959990,9,-1,-5,-2,0,0,-3,-1
27717,27717,1503696959997,13,7,1,-2,-2,-3,0,-1
27718,27718,1503696960007,3,-3,-5,0,0,-1,-1,0
27719,27719,1503696960024,2,1,-3,-2,-2,0,-1,-1
27720,27720,1503696960028,0,2,8,0,0,-2,-1,-1
27721,27721,1503696960036,-6,-4,-4,-2,-2,-2,-1,0
27722,27722,1503696960037,11,6,6,2,1,1,1,2
27723,27723,1503696960051,0,-7,-9,-3,-2,-1,1,0
27724,27724,1503696960058,6,6,3,-2,-1,0,1,2
27725,27725,1503696960068,-6,0,1,0,0,0,-1,-2
27726,27726,1503696960082,-4,0,-1,0,0,-1,0,1
27727,27727,1503696960096,1,-5,-9,-3,-1,-2,0,-1
27728,27728,1503696960103,-10,1,-1,-1,-1,-1,-2,-1
27729,27729,1503696960110,5,-2,-1,0,0,-1,0,-2
27730,27730,1503696960118,-11,-6,-2,-1,0,-2,0,-2
27731,27731,1503696960125,16,12,2,0,-2,-1,-3,-2
27732,27732,1503696960141,-7,4,-6,1,1,0,3,-1
27733,27733,1503696960148,-6,-8,-3,-2,-1,-1,0,0
27734,27734,1503696960163,-2,-4,-5,-3,-1,0,-1,1
27735,27735,1503696960170,-2,5,-2,1,-2,-1,-1,1
27736,27736,1503696960178,0,-11,-3,-2,-3,-2,-3,-4
27737,27737,1503696960185,3,-3,1,-2,-2,0,-1,-4
27738,27738,1503696960200,5,-3,-5,0,-1,-2,1,2
27739,27739,1503696960201,-6,10,2,0,0,-2,0,0
27740,27740,1503696960208,-6,0,13,3,0,-1,-1,-1
27741,27741,1503696960223,-7,-5,-1,-2,-1,1,-1,1
27742,27742,1503696960231,11,0,-2,-2,0,0,1,2
27743,27743,1503696960241,0,-1,2,-1,1,-1,-2,0
27744,27744,1503696960246,-4,0,-6,0,0,-1,-4,-1
27745,27745,1503696960260,6,-3,-5,1,-2,0,3,3
27746,27746,1503696960268,2,-4,-1,-1,-1,-1,1,1
27747,27747,1503696960283,-1,-8,-2,-2,0,-1,0,-1
27748,27748,1503696960290,-13,-5,1,4,0,0,1,-4
27749,27749,1503696960298,-5,-8,5,0,-1,0,-3,-1
27750,27750,1503696960307,-2,13,12,-1,-1,-2,-2,-4
27751,27751,1503696960321,-6,2,1,-2,-3,0,4,2
27752,27752,1503696960327,-4,-9,-8,-4,-2,-2,-3,-3
27753,27753,1503696960343,-2,-4,-1,-3,1,0,0,0
27754,27754,1503696960350,6,-1,-1,-6,2,0,1,2
27755,27755,1503696960365,12,3,1,-1,-2,-2,-2,-2
27756,27756,1503696960375,1,1,-1,-4,-3,-1,-2,-1
27757,27757,1503696960384,-3,-1,0,1,0,0,-2,-3
27758,27758,1503696960388,18,-2,-1,4,0,1,-1,2
27759,27759,1503696960403,9,7,-7,-1,0,-3,1,2
27760,27760,1503696960410,-9,-6,4,-1,0,0,-1,-2
27761,27761,1503696960418,-6,3,0,-2,-3,-3,-4,-5
27762,27762,1503696960432,1,-1,-4,5,-1,0,1,1
27763,27763,1503696960442,-6,-2,5,8,2,-1,0,1
27764,27764,1503696960448,3,1,0,3,2,1,2,0
27765,27765,1503696960463,4,0,-1,2,-1,0,-2,-2
27766,27766,1503696960470,-6,-1,-5,-3,-2,1,-1,0
27767,27767,1503696960480,-3,-4,-2,-4,-3,-1,1,0
27768,27768,1503696960493,-4,0,-2,-2,-2,-1,2,-1
27769,27769,1503696960500,21,2,-1,3,-1,-2,0,0
27770,27770,1503696960501,-28,-6,-2,-1,-1,-2,-3,-6
27771,27771,1503696960509,-1,1,-3,-3,-3,-1,-2,-2
27772,27772,1503696960523,16,2,7,1,1,3,2,2
27773,27773,1503696960530,4,3,-4,-5,-2,-4,-1,-1
27774,27774,1503696960541,9,0,-3,-2,-1,-1,-3,0
27775,27775,1503696960552,15,1,0,2,1,-2,-2,-2
27776,27776,1503696960553,-26,-5,-3,-1,-3,2,-3,1
27777,27777,1503696960560,-11,-5,-3,-2,-3,2,0,1
27778,27778,1503696960567,12,0,-6,-1,0,-2,-3,-5
27779,27779,1503696960584,2,7,13,2,1,0,4,3
27780,27780,1503696960590,1,-1,-6,-2,0,0,-1,1
27781,27781,1503696960598,4,-5,-4,-2,-1,-2,-5,-4
27782,27782,1503696960613,-14,-5,1,-1,0,-1,0,1
27783,27783,1503696960621,-11,-1,-6,-1,1,1,-3,-2
27784,27784,1503696960627,1,-2,2,5,1,0,-3,-3
27785,27785,1503696960643,5,-3,-2,-1,-3,-2,-2,-3
27786,27786,1503696960651,11,0,-9,0,-2,-2,1,1
27787,27787,1503696960658,8,-2,-4,-4,0,-3,-2,-2
27788,27788,1503696960672,3,3,-2,0,-1,1,-2,-2
27789,27789,1503696960673,-25,-8,-2,-3,-2,-2,-2,-2
27790,27790,1503696960681,26,8,-1,-2,-1,-1,0,6
27791,27791,1503696960687,11,-1,1,0,0,-1,0,2
28251,28251,1503696965172,5,-1,-4,-1,-2,0,1,1
28252,28252,1503696965179,0,-6,-3,-3,-2,-1,-2,-1
28253,28253,1503696965195,19,6,-2,-1,-1,-2,1,1
28254,28254,1503696965202,-2,2,1,0,-1,0,2,1
28255,28255,1503696965210,15,-8,-1,0,-1,-2,-5,-3
28256,28256,1503696965224,-6,-12,-9,-2,0,-3,0,0
28257,28257,1503696965240,4,6,3,0,0,1,2,0
28258,28258,1503696965255,4,-1,-2,1,4,0,0,-1
28259,28259,1503696965262,-15,-3,4,-1,0,1,4,2
28260,28260,1503696965270,-9,-1,3,-1,-2,-1,-1,-2
28261,28261,1503696965284,8,6,0,-1,-2,-3,-5,-1
28262,28262,1503696965292,1,-3,0,-1,-1,0,0,1
28263,28263,1503696965299,2,-2,-2,1,0,1,-1,1
28264,28264,1503696965300,-13,8,-3,-2,-3,-1,-3,-4
28265,28265,1503696965315,11,2,-2,0,0,-2,-1,-3
28266,28266,1503696965322,4,-4,-6,-2,-2,-2,-1,-2
28267,28267,1503696965332,5,2,3,-1,-2,0,-1,4
28268,28268,1503696965344,1,-3,-2,0,0,-1,-1,-4
28269,28269,1503696965352,-11,-6,-1,-1,-2,-1,0,-1
28270,28270,1503696965368,-5,-11,-4,-1,-1,-1,-4,-2
28271,28271,1503696965375,2,5,-1,0,-1,1,1,3
28272,28272,1503696965383,5,12,5,1,0,1,2,1
28273,28273,1503696965390,-2,-8,-7,0,3,0,-2,-2
28274,28274,1503696965405,7,-8,-4,-3,0,-2,-1,2
28275,28275,1503696965412,-4,1,5,-1,-2,-1,0,-1
28276,28276,1503696965428,-10,-18,-7,-2,0,-2,-1,-3
28277,28277,1503696965435,-5,0,-1,-2,0,-1,1,-1
28278,28278,1503696965443,-1,5,1,-1,-1,1,-1,0
28279,28279,1503696965450,4,6,0,0,-1,-2,0,0
28280,28280,1503696965467,8,-1,-1,-2,0,-1,-1,-2
28281,28281,1503696965472,-42,-10,-4,-3,-1,-1,-2,-2
28282,28282,1503696965488,-6,-3,2,1,0,1,-1,-2
28283,28283,1503696965495,7,-1,-3,-2,0,0,-1,0
28284,28284,1503696965503,0,3,4,-2,-2,2,0,0
28285,28285,1503696965510,-3,1,-1,-2,-1,-1,-1,-1
28286,28286,1503696965525,14,-1,1,0,-1,-2,-3,-3
28287,28287,1503696965534,5,-3,2,-1,-2,-1,-1,1
28288,28288,1503696965548,15,16,4,1,1,1,2,5
28289,28289,1503696965555,-32,-7,-2,-2,-2,-2,-2,-4
28290,28290,1503696965563,-6,-1,-1,-2,-1,-3,-3,-1
28291,28291,1503696965570,24,6,-3,0,0,1,0,1
28292,28292,1503696965585,-16,-14,-6,-2,-2,-1,-1,-2
28293,28293,1503696965592,3,-6,0,-1,-1,-2,-1,-2
28294,28294,1503696965608,10,5,-2,-2,0,-3,-1,1
28295,28295,1503696965615,0,3,6,1,0,0,0,-2
28296,28296,1503696965623,2,2,-3,0,-2,0,0,1
28297,28297,1503696965630,-2,1,0,0,-1,-1,-2,0
28298,28298,1503696965645,-5,-1,1,-1,0,-1,-2,-2
28299,28299,1503696965652,1,4,-2,1,1,0,0,0
28300,28300,1503696965669,-1,-4,-2,-2,-1,0,-1,1
28301,28301,1503696965675,14,-1,-3,-2,-2,0,0,-2
28302,28302,1503696965683,-8,-6,-3,0,-1,2,-1,-1
28303,28303,1503696965690,0,-10,-8,-3,-3,-2,-3,-1
28304,28304,1503696965705,-10,-1,-2,1,-1,-1,1,-3
28305,28305,1503696965712,14,2,1,0,0,0,0,2
28306,28306,1503696965728,9,3,-1,-2,-2,-1,0,4
28307,28307,1503696965735,1,0,8,-1,-2,1,-1,1
28308,28308,1503696965744,-2,3,2,-1,-1,0,-1,-2
28309,28309,1503696965750,5,2,-4,0,0,-2,0,0
28310,28310,1503696965765,1,2,-2,-1,0,-2,-1,-3
28311,28311,1503696965773,9,3,0,-2,-2,-3,-4,-3
28312,28312,1503696965788,-2,11,15,2,1,2,6,0
28313,28313,1503696965795,4,2,-1,-1,0,-1,-2,-2
28314,28314,1503696965803,-2,-8,-2,0,0,-2,-2,-2
28315,28315,1503696965810,-10,1,4,0,-1,-1,0,1
28316,28316,1503696965825,-3,-7,-5,-2,-1,-3,-2,-2
28317,28317,1503696965832,1,-1,-5,-1,-1,-2,0,1
28318,28318,1503696965833,-9,-1,3,1,2,2,1,-2
28319,28319,1503696965848,-28,-2,-4,-1,-3,-2,-1,-4
28320,28320,1503696965855,0,5,6,1,-3,0,0,-4
28321,28321,1503696965863,15,3,-2,0,1,-1,-3,-2
28322,28322,1503696965870,-6,-1,1,1,0,-1,0,1
28323,28323,1503696965885,0,-3,0,-3,-4,0,-2,4
28324,28324,1503696965892,4,6,5,1,1,0,0,1
28325,28325,1503696965908,-5,-9,-5,-1,-3,0,0,-1
28326,28326,1503696965909,-1,-5,-1,1,3,-2,-1,-1
28327,28327,1503696965915,-36,-19,-11,-3,0,0,-1,-2
28328,28328,1503696965923,6,0,1,1,0,-2,-4,-1
28329,28329,1503696965930,-1,-5,-6,-1,-2,-2,-2,-1
28330,28330,1503696965945,7,-4,-10,-1,-1,0,2,2
28331,28331,1503696965952,2,-6,-7,-2,-2,-3,-4,-2
28332,28332,1503696965970,-4,-4,0,-2,-1,-1,0,-4
28333,28333,1503696965975,-4,-10,-4,-3,-2,0,-1,-1
28334,28334,1503696965983,0,14,13,2,-1,0,-1,2
28335,28335,1503696965998,-24,1,5,0,0,0,2,-2
28336,28336,1503696966005,4,-1,-2,-1,-1,0,-1,-2
28337,28337,1503696966013,14,2,-5,-3,-2,-2,-1,3
28338,28338,1503696966028,-6,-10,-4,-1,0,-3,0,-1
28339,28339,1503696966036,7,-3,-5,-1,-1,-1,1,-1
28340,28340,1503696966046,2,5,-2,-1,-2,-1,1,-1
28341,28341,1503696966058,-4,-6,-4,-1,-2,-2,-4,-3
28342,28342,1503696966065,25,2,5,1,-1,-1,1,1
28343,28343,1503696966075,-26,-10,-4,-1,0,0,-1,-2
28344,28344,1503696966088,-12,1,5,-1,-2,1,-2,1
28345,28345,1503696966095,18,8,-3,-2,-2,1,-2,2
28346,28346,1503696966104,-4,1,-2,0,-2,-2,-3,-1
28347,28347,1503696966118,18,3,1,3,-1,0,-1,-1
28348,28348,1503696966133,-10,-2,-2,-3,0,0,-1,1
28349,28349,1503696966137,-8,-6,-5,1,0,-2,-1,-1
28350,28350,1503696966148,-6,-9,-4,-2,-2,0,-3,-2
28351,28351,1503696966155,8,0,-5,-2,-1,-2,2,0
28352,28352,1503696966163,0,-2,-3,-3,-1,-1,0,-2
28353,28353,1503696966177,-1,2,1,-2,-1,-2,0,-1
28354,28354,1503696966185,2,2,1,0,3,0,-1,-2
28355,28355,1503696966192,5,-4,-5,-3,-2,-3,-3,-4
28356,28356,1503696966208,1,-1,-2,0,0,0,1,1
28357,28357,1503696966215,-29,-2,4,-2,1,-2,-2,-4
28358,28358,1503696966223,1,5,-3,1,-2,-1,0,-1
28359,28359,1503696966238,3,0,-2,1,-2,1,0,0
28360,28360,1503696966246,-10,-4,-7,-3,0,1,0,1
28361,28361,1503696966252,3,0,0,-2,0,0,0,1
28362,28362,1503696966268,7,-2,1,-2,-2,-1,-2,-1
28363,28363,1503696966276,0,0,1,0,0,1,3,2
28364,28364,1503696966283,-38,-13,-6,-1,0,-2,-3,-4
28365,28365,1503696966297,9,7,5,-1,-1,-3,-1,0
28366,28366,1503696966305,10,2,2,-1,2,0,1,2
28367,28367,1503696966313,-2,-1,-4,-2,-2,-1,-1,-1
28368,28368,1503696966328,8,-2,-1,-4,-2,-3,-4,-1
28369,28369,1503696966336,4,9,6,0,-1,0,0,0
28370,28370,1503696966343,15,6,6,2,0,0,-1,-3
28371,28371,1503696966357,13,9,-2,-1,0,-1,-2,0
28372,28372,1503696966365,0,3,3,0,-1,-2,-1,0
28373,28373,1503696966372,0,-6,-3,0,-1,0,0,-3
28374,28374,1503696966373,-5,-6,0,-1,0,-1,-2,-2
28375,28375,1503696966388,11,0,-9,0,1,0,2,-1
28376,28376,1503696966395,-13,-21,-8,-2,-4,-2,-4,-4
28377,28377,1503696966405,0,-3,-7,-2,-2,-1,0,-2
28378,28378,1503696966417,-4,0,4,1,-2,0,0,1
28379,28379,1503696966418,2,0,-1,1,0,2,1,0
28380,28380,1503696966425,7,-2,0,-1,-1,-2,-2,-1
28381,28381,1503696966432,-2,7,4,0,0,0,-1,-2
28382,28382,1503696966448,-7,-8,-4,-1,-3,-4,-3,-1
28383,28383,1503696966455,2,0,11,0,-2,0,1,1
28384,28384,1503696966463,-1,4,0,1,1,2,2,0
28385,28385,1503696966478,-3,1,-3,-1,-2,-2,-2,-3
28386,28386,1503696966485,-2,0,2,-1,-1,0,-4,-2
28387,28387,1503696966492,-1,-5,-8,-3,0,0,1,2
28388,28388,1503696966508,-16,-10,-1,1,-2,0,2,-2
