,SampleNumber,TimeStamp,EMG1,EMG2,EMG3,EMG4,EMG5,EMG6,EMG7,EMG8
987,987,1503699300721,-4,-5,2,2,-1,-1,0,6
988,988,1503699300735,2,2,0,0,0,-2,3,9
989,989,1503699300743,8,-6,-4,0,0,-1,2,1
990,990,1503699300750,5,3,-1,0,1,1,1,1
991,991,1503699300765,22,1,-2,-5,-4,-4,-5,-9
992,992,1503699300772,-9,-13,-6,-2,-3,-3,-4,-12
993,993,1503699300780,-3,-1,3,2,1,0,0,-5
994,994,1503699300781,8,10,-2,-2,-2,-1,-3,-4
995,995,1503699300795,-5,3,3,1,-1,-1,-2,-2
996,996,1503699300803,-1,4,-5,-2,0,2,3,8
997,997,1503699300818,-1,21,-4,-3,-2,0,-3,-10
998,998,1503699300826,14,-2,1,2,0,0,1,7
999,999,1503699300832,14,-11,-8,-3,-2,-1,1,4
1000,1000,1503699300840,-6,0,-6,-2,-1,0,-3,-8
1001,1001,1503699300855,-5,2,9,3,0,-1,0,-5
1002,1002,1503699300864,-8,-4,7,2,2,0,2,10
1003,1003,1503699300870,-2,3,0,-1,-1,-1,-3,-2
1004,1004,1503699300889,-13,-8,-4,-4,-3,-3,-1,-2
1005,1005,1503699300893,-16,3,1,-4,-3,-3,-1,-9
1006,1006,1503699300900,-7,-2,4,5,1,-1,-3,-18
1007,1007,1503699300918,-3,-28,-6,-3,-3,-1,0,5
1008,1008,1503699300923,7,3,3,2,1,-2,0,3
1009,1009,1503699300930,2,-8,-7,-2,0,1,1,-3
1010,1010,1503699300945,2,4,2,2,3,1,0,5
1011,1011,1503699300955,12,10,7,8,10,1,2,3
1012,1012,1503699300961,-6,1,1,-2,-2,0,0,2
1013,1013,1503699300975,-8,-8,-4,-6,-5,-1,-5,-7
1014,1014,1503699300989,-1,-5,-4,-3,-1,2,-1,-1
1015,1015,1503699300997,-1,2,-1,0,-1,-1,1,2
1016,1016,1503699301005,1,0,-3,-5,-5,-3,-3,-2
1017,1017,1503699301012,-1,1,-1,-1,0,1,-2,1
1018,1018,1503699301029,-6,-8,-3,-2,-2,-1,-1,-2
1019,1019,1503699301036,31,19,6,4,-1,-1,1,0
1020,1020,1503699301043,-8,-5,-1,0,1,2,-2,1
1021,1021,1503699301057,2,0,4,1,-2,1,2,14
1022,1022,1503699301065,17,4,0,0,0,-3,-8,-6
1023,1023,1503699301072,3,12,3,0,0,-1,-1,2
1024,1024,1503699301088,-5,-4,2,3,2,0,4,4
1025,1025,1503699301095,-12,4,4,-1,-2,-3,-3,-9
1026,1026,1503699301103,2,1,-2,-2,0,-1,0,6
1027,1027,1503699301120,-9,-7,-5,-4,-3,-5,-5,-15
1028,1028,1503699301125,-7,-2,-1,-2,0,-2,0,-5
1029,1029,1503699301132,-1,-5,2,0,1,2,2,7
1030,1030,1503699301147,6,-1,-1,1,1,0,0,1
1031,1031,1503699301155,8,1,-10,-2,1,0,0,-1
1032,1032,1503699301163,-4,38,26,7,2,4,5,11
1033,1033,1503699301177,-13,-11,-1,0,0,-2,1,2
1034,1034,1503699301186,3,-11,-13,-5,-5,-3,-3,-16
1035,1035,1503699301193,-24,-9,5,1,0,-1,-4,-17
1036,1036,1503699301207,-14,-3,-5,-3,-3,-3,-1,3
1037,1037,1503699301215,12,0,-3,-1,0,1,0,19
1038,1038,1503699301223,-22,-11,-8,-5,-1,-1,0,-10
1039,1039,1503699301237,-9,5,0,-1,0,0,-1,-6
1040,1040,1503699301245,9,0,-3,0,-1,-1,0,-1
1041,1041,1503699301256,-2,-4,-7,-3,-4,-2,-1,-3
1042,1042,1503699301267,-2,-26,-13,-2,-2,-1,-3,-6
1043,1043,1503699301275,-7,-9,-9,-4,-2,-1,1,-2
1044,1044,1503699301284,3,-6,-3,-3,-3,0,-1,6
1045,1045,1503699301297,-9,-2,4,3,1,1,2,18
1046,1046,1503699301305,7,3,1,-1,1,-1,-1,2
1047,1047,1503699301312,0,-5,-1,0,-2,0,0,7
1048,1048,1503699301327,5,4,3,1,1,-1,-3,-1
1049,1049,1503699301337,-3,-8,-1,2,0,-2,-1,-9
1050,1050,1503699301343,1,2,0,0,-1,-2,-1,1
1051,1051,1503699301357,-4,-2,0,-3,-3,0,-1,-2
1052,1052,1503699301365,-1,-4,1,0,1,0,3,0
1053,1053,1503699301372,3,4,3,-1,1,0,0,-4
1054,1054,1503699301388,-5,-6,-3,-3,-3,-1,-1,-4
1055,1055,1503699301396,1,1,-3,-3,-3,-2,-5,-25
1056,1056,1503699301403,-1,3,2,-2,-1,1,2,4
1057,1057,1503699301417,19,7,-3,-4,-2,-3,-1,3
1058,1058,1503699301425,-3,2,-1,-1,0,-2,-2,-2
1059,1059,1503699301433,-1,2,1,2,0,-1,-2,2
1060,1060,1503699301447,-1,2,-2,-3,-1,-2,-2,0
1061,1061,1503699301455,1,-2,-4,0,1,-1,1,4
1062,1062,1503699301463,2,-1,-2,0,-1,0,-2,-3
1063,1063,1503699301477,7,2,0,0,0,-1,-2,-4
1064,1064,1503699301485,0,-7,-2,0,-1,0,1,1
1065,1065,1503699301492,16,11,0,-4,-2,-1,-1,4
1066,1066,1503699301493,-2,-3,-2,-2,-2,0,-1,-7
1067,1067,1503699301507,2,4,2,3,3,-2,-4,-11
1068,1068,1503699301515,-14,-2,1,0,-1,-1,1,5
1069,1069,1503699301524,19,5,-2,-3,-3,-4,-9,-2
1070,1070,1503699301525,1,1,-2,0,-4,1,6,-1
1071,1071,1503699301537,6,2,-1,-3,-1,-1,-4,-2
1072,1072,1503699301545,5,7,-1,-4,-5,-2,-3,6
1073,1073,1503699301552,-1,-3,1,1,-3,0,-1,-1
1074,1074,1503699301567,-3,1,3,1,1,0,-1,-1
1075,1075,1503699301575,3,6,6,1,0,0,1,0
1076,1076,1503699301583,-2,-4,-3,0,-2,-1,-1,1
1077,1077,1503699301598,3,-2,-1,-2,-1,-1,-1,1
1078,1078,1503699301605,-6,-1,2,-2,0,-1,-1,-4
1079,1079,1503699301612,-14,-10,-6,-2,-2,0,2,0
1080,1080,1503699301627,-15,-7,-6,0,1,-1,-3,-2
1081,1081,1503699301635,-1,4,0,0,0,-1,-1,1
1082,1082,1503699301643,7,2,2,-2,-1,-1,-1,-2
1083,1083,1503699301659,0,-1,-1,3,2,-1,-2,-3
1084,1084,1503699301665,7,3,1,0,0,-2,-2,-2
1085,1085,1503699301672,7,-1,-4,-4,-3,1,-3,-1
1086,1086,1503699301691,2,7,5,2,-1,1,-1,6
1087,1087,1503699301695,-3,-1,-1,-3,-1,-1,-1,0
1088,1088,1503699301703,2,0,0,-2,-2,1,-2,2
1504,1504,1503699305911,-4,-4,4,3,4,5,12,28
1505,1505,1503699305919,-14,-9,2,0,-1,0,-3,-8
1506,1506,1503699305932,-2,-1,-3,-2,-2,1,5,40
1507,1507,1503699305939,-12,0,2,1,-1,-5,-5,-18
1508,1508,1503699305947,13,11,5,2,3,-5,-13,-13
1509,1509,1503699305955,-5,-9,-3,-1,-1,0,1,-1
1510,1510,1503699305969,-12,-11,-5,-4,-2,-1,-4,-14
1511,1511,1503699305977,0,-8,-7,-3,-2,4,10,17
1512,1512,1503699305987,8,3,3,-1,-2,-8,-8,-15
1513,1513,1503699305999,-8,7,0,-2,-4,-4,-4,11
1514,1514,1503699306007,3,3,-1,-1,-4,9,2,8
1515,1515,1503699306020,4,0,-1,-6,-16,1,8,3
1516,1516,1503699306030,25,11,4,1,-5,-14,-4,-2
1517,1517,1503699306037,14,12,0,-2,0,-4,-1,4
1518,1518,1503699306045,3,2,-4,-3,-6,-2,-3,-4
1519,1519,1503699306061,0,-2,4,4,6,-3,-1,-2
1520,1520,1503699306067,-27,-17,-7,-5,1,1,10,2
1521,1521,1503699306074,-23,-9,2,3,-2,3,7,-1
1522,1522,1503699306090,-7,0,-2,-3,0,6,5,-14
1523,1523,1503699306097,0,-1,-7,-5,-2,2,4,8
1524,1524,1503699306098,13,5,-2,-1,4,3,-8,-3
1525,1525,1503699306105,13,1,-1,-1,2,-4,3,45
1526,1526,1503699306121,-12,-7,-4,-3,-1,-2,5,-2
1527,1527,1503699306127,6,-8,-5,-1,-3,0,-12,2
1528,1528,1503699306135,-8,-10,-2,-1,1,0,-8,-18
1529,1529,1503699306150,26,16,1,-3,-2,-3,0,-9
1530,1530,1503699306158,8,5,1,1,2,-1,-2,-11
1531,1531,1503699306165,-2,0,1,1,-1,1,2,-5
1532,1532,1503699306179,4,0,-3,-1,-2,-5,0,-5
1533,1533,1503699306187,-11,0,1,2,0,2,2,-5
1534,1534,1503699306196,-7,-6,0,0,4,1,-5,6
1535,1535,1503699306209,-18,-4,-1,1,3,5,6,-31
1536,1536,1503699306217,25,2,0,0,1,0,7,51
1537,1537,1503699306225,-2,12,3,-1,0,-2,-5,-21
1538,1538,1503699306226,-20,-8,-4,-3,-3,-3,-5,-10
1539,1539,1503699306239,25,1,-2,-2,-2,-4,-3,15
1540,1540,1503699306247,1,2,3,2,3,1,-3,-26
1541,1541,1503699306255,-8,-2,-4,-4,-2,-1,0,-12
1542,1542,1503699306270,-12,3,1,0,-1,0,1,-4
1543,1543,1503699306277,-10,-3,0,0,4,4,3,-10
1544,1544,1503699306285,-5,-1,-1,-1,0,-1,3,8
1545,1545,1503699306300,-2,-1,-2,-1,-2,0,-1,-3
1546,1546,1503699306308,3,7,2,0,-1,-4,-7,-2
1547,1547,1503699306315,-8,4,0,-2,-2,-1,-1,-11
1548,1548,1503699306330,14,-2,-9,-5,-5,-6,-11,-8
1549,1549,1503699306337,-4,-3,-1,-2,-1,-3,6,0
1550,1550,1503699306345,7,1,1,2,-1,-6,1,13
1551,1551,1503699306360,12,1,-1,1,-2,-5,5,12
1552,1552,1503699306368,-10,-3,1,-1,-2,-3,-4,1
1553,1553,1503699306374,-9,-5,-2,2,-1,-1,1,21
1554,1554,1503699306390,4,8,-1,-3,-3,1,2,-7
1555,1555,1503699306398,-2,-12,-4,-3,-1,0,-1,-7
1556,1556,1503699306405,1,-8,0,1,1,2,3,0
1557,1557,1503699306420,-2,3,-1,1,0,0,-7,-19
1558,1558,1503699306428,5,1,-1,-2,-1,0,6,2
1559,1559,1503699306435,-21,-8,-2,-1,-2,-1,4,0
1560,1560,1503699306450,-2,3,4,3,1,2,0,7
1561,1561,1503699306457,7,-5,-7,-4,-4,-5,-3,-1
1562,1562,1503699306458,-4,1,4,0,-1,-2,-2,-7
1563,1563,1503699306465,6,0,1,-1,1,2,0,1
1564,1564,1503699306480,-2,-2,-4,-2,-2,0,-5,-9
1565,1565,1503699306489,3,4,2,2,1,0,-2,13
1566,1566,1503699306495,5,4,-2,-2,-1,0,-4,-1
1567,1567,1503699306509,3,2,-2,0,-2,3,-1,5
1568,1568,1503699306517,4,5,3,4,1,-3,-8,-13
1569,1569,1503699306526,3,5,1,-2,0,-4,-2,-4
1570,1570,1503699306540,14,5,0,-1,-1,0,1,2
1571,1571,1503699306548,-6,-7,-5,-2,-2,-3,-2,-1
1572,1572,1503699306558,-6,-4,1,-4,-1,0,2,0
1573,1573,1503699306569,-8,17,19,5,3,-1,-2,-13
1574,1574,1503699306578,-7,4,2,2,-1,0,0,5
1575,1575,1503699306585,-5,-13,-12,-8,-4,-1,4,-1
1576,1576,1503699306600,9,4,3,3,3,0,0,-1
1577,1577,1503699306608,1,-4,-4,-2,-1,0,-1,-6
1578,1578,1503699306624,-3,-5,-2,-1,-1,-2,-2,-4
1579,1579,1503699306630,-6,-6,-4,-2,0,-1,-2,-2
1580,1580,1503699306637,1,2,3,1,1,-1,-8,-8
1581,1581,1503699306652,7,-5,-7,-2,-1,-1,0,8
1582,1582,1503699306661,5,2,-3,-2,-4,-5,1,4
1583,1583,1503699306668,-3,-8,-5,0,-1,0,-1,-5
1584,1584,1503699306681,12,5,0,0,2,-4,-3,4
1585,1585,1503699306691,0,1,1,1,-1,-1,-2,3
1586,1586,1503699306699,-7,-5,-5,-3,-1,1,-2,-6
1587,1587,1503699306712,1,-3,-2,-1,0,0,1,-2
1588,1588,1503699306720,7,-1,8,2,1,0,3,3
1589,1589,1503699306728,4,-1,-2,-1,-2,-2,-2,-1
1590,1590,1503699306742,-9,-9,-10,-8,-4,0,-3,-11
1591,1591,1503699306750,-8,-7,-2,-3,-2,-2,-2,-4
1592,1592,1503699306760,-8,-6,-2,0,-1,1,3,1
1593,1593,1503699306773,4,6,11,4,0,0,1,10
1594,1594,1503699306780,-13,-7,-4,-2,-1,-1,-8,-4
2211,2211,1503699312775,23,7,4,1,1,-2,-3,4
2212,2212,1503699312787,-6,-6,0,-1,3,11,0,-7
2213,2213,1503699312795,-18,-9,-2,-1,1,0,3,-3
2214,2214,1503699312802,7,10,5,-2,-2,-2,-4,5
2215,2215,1503699312817,-10,-7,-2,2,2,1,0,-6
2216,2216,1503699312824,-4,-2,0,0,1,0,-3,-20
2217,2217,1503699312835,-12,-8,-1,-1,0,4,-7,-1
2218,2218,1503699312846,2,-2,-3,-2,-3,-5,2,10
2219,2219,1503699312854,0,10,10,5,0,-3,1,-3
2220,2220,1503699312862,-5,-4,-4,-1,-3,-2,-2,0
2221,2221,1503699312877,3,3,-3,-3,-3,-1,-2,-11
2222,2222,1503699312884,6,2,4,2,2,1,0,2
2223,2223,1503699312892,-1,-4,-5,-3,0,-2,2,-5
2224,2224,1503699312907,-21,-10,-5,0,-3,2,3,-23
2225,2225,1503699312915,6,4,2,2,0,0,-3,-1
2226,2226,1503699312922,-6,-8,-1,1,0,1,-3,11
2227,2227,1503699312937,-3,0,2,0,-2,-2,-1,1
2228,2228,1503699312945,-7,-2,1,0,0,-2,-1,6
2229,2229,1503699312953,-7,-11,-9,-3,-2,0,3,5
2230,2230,1503699312968,5,-4,-6,-4,-3,-6,-1,0
2231,2231,1503699312975,-6,-8,-3,-1,-2,-2,1,1
2232,2232,1503699312982,-1,7,3,1,-1,2,1,1
2233,2233,1503699312997,-2,-4,0,-2,-3,0,-1,2
2234,2234,1503699313005,2,-2,1,2,2,-3,-2,1
2235,2235,1503699313013,-2,-1,-2,-3,-1,0,0,0
2236,2236,1503699313026,6,1,0,-2,2,-1,0,2
2237,2237,1503699313036,9,4,2,1,1,3,2,0
2238,2238,1503699313043,-4,-5,2,0,-2,-3,-2,-4
2239,2239,1503699313057,-9,-11,-11,-3,-1,-4,-3,-2
2240,2240,1503699313065,5,-5,-9,-5,-5,0,-4,-5
2241,2241,1503699313072,-7,-4,-1,0,0,0,-1,0
2242,2242,1503699313086,5,0,-3,-2,-2,-4,-2,-2
2243,2243,1503699313094,2,2,-1,-1,-4,-5,0,1
2244,2244,1503699313103,4,1,-2,1,0,2,-1,2
2245,2245,1503699313117,-8,-5,-1,-1,-2,0,-3,-1
2246,2246,1503699313125,-5,-4,-1,0,-2,-1,2,5
2247,2247,1503699313141,-2,0,2,-1,0,-2,-4,3
2248,2248,1503699313146,19,14,10,3,2,1,-2,-1
2249,2249,1503699313154,-2,7,1,0,0,-1,1,2
2250,2250,1503699313162,-7,-5,-5,-4,-1,-1,0,-2
2251,2251,1503699313178,2,-2,3,-2,-3,2,1,-1
2252,2252,1503699313184,-11,2,4,4,0,-1,1,-2
2253,2253,1503699313199,-8,-2,0,0,6,4,-7,5
2254,2254,1503699313206,-14,-8,-7,-3,-5,-5,2,2
2255,2255,1503699313214,-4,5,1,-1,-1,1,-1,0
2256,2256,1503699313215,17,9,4,4,3,1,5,-2
2257,2257,1503699313229,-12,-10,-2,1,1,-1,-1,0
2258,2258,1503699313237,2,-2,-2,-1,-1,1,-1,-7
2259,2259,1503699313238,-2,-5,-7,-6,-4,-4,-1,1
2260,2260,1503699313246,0,-3,-2,-3,-3,1,1,-1
2261,2261,1503699313260,8,0,-6,-4,-2,-3,1,-5
2262,2262,1503699313266,2,0,1,-1,0,1,0,-3
2263,2263,1503699313275,-7,-6,-4,-1,0,-2,-5,-4
2264,2264,1503699313289,7,4,-2,-3,-2,1,0,8
2265,2265,1503699313297,-5,-1,3,5,0,-5,4,0
2266,2266,1503699313305,-18,-4,-1,-1,-2,-6,-1,-7
2267,2267,1503699313319,-7,-4,-1,-1,-1,2,-2,-3
2268,2268,1503699313328,-5,-1,0,0,0,-1,2,7
2269,2269,1503699313329,-2,-6,-5,-3,-1,0,0,1
2270,2270,1503699313335,9,8,5,3,0,-1,4,4
2271,2271,1503699313353,13,-6,-10,-4,0,0,-2,3
2272,2272,1503699313357,12,3,1,-2,-2,1,2,1
2273,2273,1503699313382,10,7,1,2,0,0,-2,-4
2274,2274,1503699313388,-2,5,5,1,-2,0,0,2
2275,2275,1503699313395,4,0,1,1,-1,-2,-6,-4
2276,2276,1503699313433,15,3,-1,-1,1,-1,-1,10
2277,2277,1503699313436,-17,-15,-10,-3,-3,-1,-3,-18
2278,2278,1503699313444,-1,2,2,-1,-1,-1,-2,0
2279,2279,1503699313448,-6,0,2,2,0,0,-2,-6
2280,2280,1503699313460,-1,-6,-5,-1,-2,-5,-1,1
2281,2281,1503699313471,-2,-7,-4,-3,-3,0,4,8
2282,2282,1503699313477,0,-4,-4,-4,-2,-3,-5,-12
2283,2283,1503699313491,1,0,1,1,0,-2,0,9
2284,2284,1503699313492,-8,7,3,2,0,0,-1,-2
2285,2285,1503699313500,-7,7,3,0,0,2,4,-13
2286,2286,1503699313515,14,11,8,3,0,1,-7,-9
2287,2287,1503699313516,6,3,1,1,-1,3,2,3
2288,2288,1503699313529,7,0,3,2,1,2,-2,-3
2289,2289,1503699313540,0,8,1,-3,0,-1,-2,-10
2290,2290,1503699313545,19,14,-1,-4,-4,-4,-3,7
2291,2291,1503699313560,-9,-12,-3,0,0,0,-1,-2
2292,2292,1503699313566,-10,-3,-3,-3,0,-2,3,-3
2293,2293,1503699313575,7,4,0,-1,-10,-7,-2,3
2294,2294,1503699313589,-6,1,-3,-3,-1,-2,0,13
2295,2295,1503699313597,-18,-11,2,1,4,1,6,-1
2296,2296,1503699313607,-14,-5,2,2,-1,1,-8,-23
2297,2297,1503699313619,-16,2,2,-2,-5,-3,1,-5
2298,2298,1503699313620,21,6,-3,-3,-2,-2,-1,-5
2299,2299,1503699313626,8,2,2,4,3,0,3,-2
2300,2300,1503699313634,-14,2,10,3,1,-1,1,3
2301,2301,1503699313635,-8,-9,-3,-1,0,-1,-4,0
2302,2302,1503699313649,-4,-10,-5,-3,-3,-3,-4,-5
2303,2303,1503699313657,2,-2,-2,-1,-1,0,1,10
2304,2304,1503699313665,-9,-3,3,-1,-1,1,-1,6
2305,2305,1503699313680,-2,-1,-1,0,0,3,-1,7
2306,2306,1503699313686,-7,1,1,-1,-1,0,-3,-11
2307,2307,1503699313695,-2,-1,3,0,3,0,-5,-17
2308,2308,1503699313711,6,8,4,-1,-1,-1,8,5
2309,2309,1503699313717,4,1,-3,-1,-1,-4,8,11
2310,2310,1503699313725,4,-3,0,-1,-2,-1,3,10
2311,2311,1503699313740,6,3,-2,-1,-1,0,-2,6
2312,2312,1503699313746,10,3,-1,-1,-2,-3,-3,-5
2313,2313,1503699313754,4,-2,-3,-2,-4,0,-2,-3
2314,2314,1503699313769,-4,2,4,1,-1,1,-2,7
2315,2315,1503699313778,-8,0,-2,-3,-1,1,-3,-1
2316,2316,1503699313785,-7,-5,-5,0,1,-1,1,-6
2317,2317,1503699313800,-1,0,3,2,2,0,5,15
2318,2318,1503699313808,-6,-2,-1,0,-1,0,3,-2
2319,2319,1503699313821,0,-5,-3,-2,-2,-1,-1,-9
2320,2320,1503699313829,1,-5,0,1,2,-3,-8,-18
2321,2321,1503699313837,-12,-2,4,3,0,-2,0,7
2821,2821,1503699318802,-10,0,0,-1,1,2,3,5
2822,2822,1503699318810,3,0,1,7,3,1,0,-1
2823,2823,1503699318824,6,2,0,-2,-2,-2,-4,3
2824,2824,1503699318838,0,-2,0,-2,-1,0,-1,0
2825,2825,1503699318843,12,4,-1,-1,1,-1,1,7
2826,2826,1503699318854,9,2,-2,-3,-4,-1,-5,-10
2827,2827,1503699318862,-9,-8,-5,-4,-3,-2,1,-1
2828,2828,1503699318869,9,1,-1,0,1,1,4,9
2829,2829,1503699318885,5,-3,-6,-4,-3,-1,-4,0
2830,2830,1503699318891,-1,1,-2,-3,0,0,3,7
2831,2831,1503699318899,-11,0,0,0,0,1,5,3
2832,2832,1503699318914,-16,-4,1,-3,0,0,-6,-2
2833,2833,1503699318923,13,0,-2,-1,-2,-1,0,0
2834,2834,1503699318929,2,0,0,-2,-3,-3,-5,-15
2835,2835,1503699318964,-5,-2,1,1,0,1,5,16
2836,2836,1503699318973,3,-5,-6,-1,-1,-1,-3,-3
2837,2837,1503699318974,-12,6,3,0,-1,-1,1,0
2838,2838,1503699318982,6,15,7,0,1,-1,0,-5
2839,2839,1503699318989,-3,-4,0,0,-1,0,-4,-13
2840,2840,1503699319028,2,9,8,1,2,2,3,4
2841,2841,1503699319030,-10,-3,0,0,0,0,-1,3
2842,2842,1503699319034,8,3,0,2,-1,-1,-3,-20
2843,2843,1503699319044,-5,4,1,1,0,-1,-2,6
2844,2844,1503699319050,2,-6,-6,-3,-1,-2,-1,1
2845,2845,1503699319065,1,-4,-4,0,-2,-3,-10,3
2846,2846,1503699319071,-1,2,2,0,0,0,1,-5
2847,2847,1503699319079,10,1,-2,-2,-3,-2,2,5
2848,2848,1503699319094,-11,-5,-4,0,0,6,1,2
2849,2849,1503699319102,-10,-9,2,0,0,-1,-3,-11
2850,2850,1503699319112,1,0,-5,-3,-2,-5,-1,-9
2851,2851,1503699319124,-5,-4,-1,-2,-1,3,1,0
2852,2852,1503699319131,8,-2,-4,-1,-2,-2,0,4
2853,2853,1503699319140,0,11,8,3,0,-1,-4,-7
2854,2854,1503699319154,-1,0,-4,-3,-2,-2,0,6
2855,2855,1503699319163,6,-9,-13,-4,-3,-1,3,3
2856,2856,1503699319169,12,-5,0,-1,-1,-2,3,10
2857,2857,1503699319189,-2,10,9,1,0,0,6,9
2858,2858,1503699319193,-6,-4,-2,-1,0,6,-1,-1
2859,2859,1503699319199,-8,-8,-2,-2,0,-2,-2,-8
2860,2860,1503699319214,1,2,2,1,0,-1,2,1
2861,2861,1503699319222,11,4,4,11,4,3,-2,-2
2862,2862,1503699319231,-10,-8,-4,-2,-3,-2,0,4
2863,2863,1503699319245,-4,-2,-4,-4,-3,-3,-8,-1
2864,2864,1503699319254,5,0,0,1,0,-1,-1,-2
2865,2865,1503699319260,14,4,-2,-5,-1,0,6,8
2866,2866,1503699319301,-9,1,0,-3,-2,-3,-1,-2
2867,2867,1503699319305,-1,5,7,3,1,0,-6,-20
2868,2868,1503699319309,-9,-9,-5,-4,-2,-4,-7,-3
2869,2869,1503699319315,1,8,2,0,0,-1,-6,-15
2870,2870,1503699319323,-10,-3,0,-1,-2,0,-7,-10
2871,2871,1503699319338,-14,-11,-7,-2,0,1,5,10
2872,2872,1503699319349,9,13,18,7,2,2,0,5
2873,2873,1503699319366,5,-3,-5,-1,-1,-2,-1,-1
2874,2874,1503699319371,3,-6,-12,-4,-3,-2,1,10
2875,2875,1503699319382,-7,2,3,3,1,1,2,-12
2876,2876,1503699319395,2,-9,-6,-3,-1,-4,0,7
2877,2877,1503699319402,7,-6,-5,-2,-2,0,4,8
2878,2878,1503699319413,3,-1,-3,-2,-1,-2,-3,-2
2879,2879,1503699319426,-7,3,8,2,-1,0,-3,4
2880,2880,1503699319431,-10,0,-1,1,0,0,-1,-2
2881,2881,1503699319439,-8,-5,1,0,-1,-2,0,14
2882,2882,1503699319463,0,-6,-7,-4,-1,-2,1,10
2883,2883,1503699319473,10,5,0,-2,-1,-3,-5,-6
2884,2884,1503699319485,-8,0,0,0,0,-1,-3,-4
2885,2885,1503699319491,-3,0,-4,-1,1,7,-2,-12
2886,2886,1503699319499,0,-1,-4,-3,-1,-1,-7,-3
2887,2887,1503699319515,-9,-3,0,1,-2,-2,-1,-3
2888,2888,1503699319523,1,-1,-1,0,-3,1,2,-2
2889,2889,1503699319532,-6,-1,0,-2,-2,-3,1,5
2890,2890,1503699319548,-3,-5,-3,-4,1,-3,-1,-9
2891,2891,1503699319551,20,-1,-1,-1,-2,-2,0,-1
2892,2892,1503699319559,9,1,0,0,0,-1,1,0
2893,2893,1503699319574,-5,-10,-5,-2,0,0,1,6
2894,2894,1503699319583,-5,-4,-4,0,-2,0,-4,1
2895,2895,1503699319589,0,6,9,1,-1,-1,-1,0
2896,2896,1503699319604,-5,2,-1,-3,-2,0,2,0
2897,2897,1503699319611,0,1,0,0,0,-3,-6,-7
2898,2898,1503699319619,-4,-3,0,0,-1,0,-3,-3
2899,2899,1503699319634,-5,-5,-1,-1,-1,-3,5,-2
2900,2900,1503699319642,-7,1,-4,0,-1,0,0,-3
2901,2901,1503699319643,-5,0,0,2,0,-1,-3,1
2902,2902,1503699319661,9,-3,-4,-3,-1,-1,-1,4
2903,2903,1503699319664,6,1,4,-2,1,0,3,1
2904,2904,1503699319672,-7,1,-2,-2,-1,-1,-2,-5
2905,2905,1503699319683,-5,-12,-9,-1,-4,-3,-4,-1
2906,2906,1503699319733,8,1,-1,-1,0,-3,0,2
2907,2907,1503699319735,-4,1,3,0,-2,1,0,-4
2908,2908,1503699319736,0,-1,-3,-2,0,-1,-2,0
2909,2909,1503699319752,2,8,1,-2,-1,0,2,-6
2910,2910,1503699319755,-5,-5,-4,-1,-2,-6,-2,-2
2911,2911,1503699319762,8,-1,-4,-3,-1,0,0,3
2912,2912,1503699319778,9,9,1,-1,-1,1,-2,-17
2913,2913,1503699319787,3,-2,-3,-3,0,-2,2,2
2914,2914,1503699319793,6,5,0,-2,0,-1,3,8
2915,2915,1503699319807,-3,-2,-4,1,-2,1,0,0
2916,2916,1503699319816,-9,2,4,1,0,0,2,5
2917,2917,1503699319838,-6,-8,-5,0,-1,-2,-4,-13
2918,2918,1503699319840,0,-1,-2,1,1,1,2,-1
2919,2919,1503699319844,0,-2,1,-1,1,-2,0,16
2920,2920,1503699319853,4,1,2,2,-1,1,-6,-8
2921,2921,1503699319867,-8,-1,4,1,0,0,0,0
2922,2922,1503699319893,-5,0,7,2,1,1,0,4
2923,2923,1503699319898,-1,-8,-8,-3,-3,-1,-3,1
2924,2924,1503699319904,-9,-8,-2,0,0,0,3,8
2925,2925,1503699319912,-4,-7,-8,-4,-1,0,-1,3
2926,2926,1503699319929,16,7,1,-1,-1,-1,-4,-4
2927,2927,1503699319935,-6,-2,0,-2,0,-1,0,-4
2928,2928,1503699319942,-2,0,0,0,1,2,-11,-30
2929,2929,1503699319958,-7,-4,-4,-1,-3,-2,-5,-15
2930,2930,1503699319964,2,-1,-3,-1,-2,-3,0,6
2931,2931,1503699319972,-8,0,1,0,-2,0,-8,-5
3601,3601,1503699326535,3,0,0,-1,-1,-2,-4,-6
3602,3602,1503699326542,-4,-4,-3,0,-1,-2,0,-2
3603,3603,1503699326543,3,2,-3,-2,-1,-1,2,0
3604,3604,1503699326549,-8,-5,-3,-11,-10,-3,-1,4
3605,3605,1503699326564,0,-5,-1,0,2,5,0,0
3606,3606,1503699326572,7,0,-4,-3,-3,-2,0,6
3607,3607,1503699326580,-1,4,7,2,-1,-1,1,3
3608,3608,1503699326599,-9,9,10,5,4,1,1,-4
3609,3609,1503699326604,2,-3,-6,0,-2,-3,-4,5
3610,3610,1503699326609,1,12,10,5,1,-1,1,4
3611,3611,1503699326624,3,6,3,0,-1,1,2,-3
3612,3612,1503699326632,-4,-6,-7,-1,-1,1,0,-3
3613,3613,1503699326639,5,-3,-10,-4,-3,-2,-2,-4
3614,3614,1503699326654,-6,-2,-4,-1,-2,-1,4,3
3615,3615,1503699326663,-3,-7,-6,-2,-1,-2,2,1
3616,3616,1503699326669,-4,-4,-4,-1,-2,-4,-3,-8
3617,3617,1503699326684,-6,1,1,2,1,-2,-5,-14
3618,3618,1503699326692,-5,-3,-2,2,3,0,0,-7
3619,3619,1503699326703,-2,2,8,4,-1,-1,-2,1
3620,3620,1503699326714,-6,-15,-12,-5,-1,0,-6,3
3621,3621,1503699326722,-3,-7,-7,-3,0,0,-2,-8
3622,3622,1503699326731,-7,-1,7,2,3,1,0,4
3623,3623,1503699326744,2,20,17,4,2,0,2,3
3624,3624,1503699326751,6,-1,-4,-1,-1,0,-5,-19
3625,3625,1503699326760,1,1,-1,-3,-1,-1,1,4
3626,3626,1503699326774,-9,7,5,3,1,-2,-4,-18
3627,3627,1503699326782,5,-6,-5,0,-1,-1,-1,0
3628,3628,1503699326789,8,-10,-7,-4,-2,-4,-1,1
3629,3629,1503699326804,-9,-9,0,4,3,-1,-2,-4
3630,3630,1503699326811,-8,-1,-1,-3,-4,1,3,10
3631,3631,1503699326827,11,13,4,-1,1,2,4,8
3632,3632,1503699326835,10,6,0,-3,-16,0,-2,4
3633,3633,1503699326842,20,-2,-9,-3,0,-2,-9,-24
3634,3634,1503699326849,5,0,-1,0,-4,-8,1,5
3635,3635,1503699326865,-13,-5,1,0,3,1,0,-2
3636,3636,1503699326872,-1,1,3,2,8,1,-1,-1
3637,3637,1503699326880,-8,2,4,1,2,1,4,10
3638,3638,1503699326894,-6,3,0,-2,2,2,3,1
3639,3639,1503699326902,-20,-8,-5,-7,-5,-5,0,3
3640,3640,1503699326909,2,-6,-5,-5,2,7,3,4
3641,3641,1503699326924,11,5,2,9,0,3,0,0
3642,3642,1503699326933,-2,-1,-2,-1,4,-4,-8,-7
3643,3643,1503699326940,-3,-5,-3,-5,-2,-1,-5,11
3644,3644,1503699326954,3,-1,0,0,0,-1,6,1
3645,3645,1503699326962,-1,-2,-2,5,-1,-4,-2,-5
3646,3646,1503699326969,2,-4,2,-1,-3,1,5,6
3647,3647,1503699326984,12,1,2,-2,-2,-1,1,-5
3648,3648,1503699326991,10,8,5,4,0,-5,-5,-1
3649,3649,1503699327002,6,3,1,-3,-4,0,-1,-1
3650,3650,1503699327014,6,-3,-7,-5,-3,-3,-5,5
3651,3651,1503699327028,-6,5,3,-3,-1,-2,-2,1
3652,3652,1503699327029,-3,-5,-1,-2,-2,2,7,4
3653,3653,1503699327044,-3,-8,-8,-2,-2,0,5,6
3654,3654,1503699327051,-3,1,6,1,1,0,-2,-6
3655,3655,1503699327059,-5,-2,-3,-4,-1,0,-3,-4
3656,3656,1503699327075,-3,1,3,1,-1,0,-3,-8
3657,3657,1503699327082,2,1,0,1,2,0,-5,-6
3658,3658,1503699327089,-6,-5,-4,-1,-1,1,-3,-12
3659,3659,1503699327104,-8,-4,-5,0,-2,-3,0,-16
3660,3660,1503699327111,-2,1,-5,0,1,1,0,0
3661,3661,1503699327119,18,1,-4,-10,-14,-7,-3,3
3662,3662,1503699327134,-3,-2,-2,-4,-3,-3,-3,5
3663,3663,1503699327142,-3,-6,-4,0,1,0,0,4
3664,3664,1503699327149,-10,-6,-2,1,-1,-2,-2,-1
3665,3665,1503699327164,-4,-1,11,11,4,3,4,13
3666,3666,1503699327172,-3,-1,-1,3,3,2,3,6
3667,3667,1503699327179,-8,-4,-4,-7,-6,-2,-2,-4
3668,3668,1503699327194,3,8,1,-9,-7,-9,-5,1
3669,3669,1503699327210,0,1,-3,-9,-5,-3,-3,-16
3670,3670,1503699327216,-2,-3,-3,-1,-1,1,5,-2
3671,3671,1503699327231,-9,0,1,1,4,2,4,2
3672,3672,1503699327234,0,-2,-3,-1,0,-3,0,8
3673,3673,1503699327246,-5,-3,-2,0,0,-3,0,8
3674,3674,1503699327254,-1,2,1,-2,-2,1,0,-3
3675,3675,1503699327263,11,5,-2,3,2,2,0,1
3676,3676,1503699327276,8,2,-3,-1,0,0,-1,-1
3677,3677,1503699327284,-8,-8,-2,-1,0,-1,4,1
3678,3678,1503699327291,3,1,0,1,-1,0,-1,10
3679,3679,1503699327306,-14,-4,-4,-1,-2,-4,-4,-26
3680,3680,1503699327307,1,-6,-3,-2,0,5,-4,5
3681,3681,1503699327314,0,0,2,-1,-1,-2,0,15
3682,3682,1503699327322,-6,-2,0,-2,1,-1,-5,0
3683,3683,1503699327339,0,1,2,3,1,-1,2,-2
3684,3684,1503699327345,5,-1,-4,-4,-2,-3,2,-14
3685,3685,1503699327351,-7,-5,-1,0,0,0,-5,-18
3686,3686,1503699327369,-12,-5,-1,0,-2,-2,-4,-9
3687,3687,1503699327374,-23,-4,1,2,0,-1,-6,-20
3688,3688,1503699327382,7,9,-2,-2,-2,-2,0,3
3689,3689,1503699327396,24,10,-3,-2,-2,-3,0,1
3690,3690,1503699327404,-4,-2,1,0,0,-1,2,-4
3691,3691,1503699327412,0,-4,-1,-3,-2,-1,-7,-3
3692,3692,1503699327426,5,0,-1,1,1,0,-8,-7
3693,3693,1503699327438,5,0,4,3,0,1,1,3
3694,3694,1503699327449,-8,-4,-5,-2,-3,-4,-2,-3
3695,3695,1503699327456,-1,-6,-10,-3,-2,0,3,-1
3696,3696,1503699327464,6,1,2,1,0,1,2,6
3697,3697,1503699327471,-4,2,-4,-1,-1,-5,-8,-18
3698,3698,1503699327472,-5,1,5,0,-1,-5,0,5
3699,3699,1503699327486,11,9,2,-1,0,-1,-3,9
3700,3700,1503699327494,-6,-1,2,0,3,4,0,-3
3701,3701,1503699327504,5,12,17,4,2,0,-3,-14
3702,3702,1503699327517,1,-4,-4,-1,-1,-3,-3,3
3703,3703,1503699327524,8,-2,-2,1,-1,1,1,5
3704,3704,1503699327531,-12,-4,-2,-1,0,0,0,0
4344,4344,1503699333780,12,0,-3,-2,1,0,-1,-3
4345,4345,1503699333787,-6,-5,-2,-3,0,2,-1,-3
4346,4346,1503699333801,2,-1,-3,-2,-3,1,-6,5
4347,4347,1503699333809,-3,-2,0,1,1,1,-7,-1
4348,4348,1503699333824,-8,-7,-2,-2,-1,2,4,3
4349,4349,1503699333831,1,-9,-8,-2,-3,-4,-1,-5
4350,4350,1503699333839,4,-2,-3,0,1,-2,-1,-4
4351,4351,1503699333855,-7,3,2,1,0,0,3,11
4352,4352,1503699333861,4,3,0,-2,-2,-4,-4,-3
4353,4353,1503699333869,1,0,-1,-2,0,-1,2,9
4354,4354,1503699333885,2,-3,0,0,-1,1,0,4
4355,4355,1503699333891,-8,-1,-3,-3,-2,-3,-2,-1
4356,4356,1503699333899,7,7,3,0,2,-2,-6,-4
4357,4357,1503699333916,5,2,0,0,-1,-2,2,-4
4358,4358,1503699333929,-2,2,1,0,-2,-2,2,2
4359,4359,1503699333930,2,-3,2,1,1,0,-1,0
4360,4360,1503699333943,-2,-2,-1,0,-2,-1,-1,2
4361,4361,1503699333952,11,3,0,-3,-2,-4,1,-6
4362,4362,1503699333966,-15,-6,-2,-1,0,0,-3,-9
4363,4363,1503699333974,-3,2,1,-1,-1,-3,-7,-1
4364,4364,1503699333990,3,-3,0,0,-1,0,6,6
4365,4365,1503699334004,-6,-3,-2,-3,-1,2,-1,5
4366,4366,1503699334011,-3,-1,1,1,0,2,5,-3
4367,4367,1503699334019,6,5,0,-2,1,-2,4,3
4368,4368,1503699334034,-5,1,1,-1,-2,0,-12,-11
4369,4369,1503699334041,29,15,5,0,-3,-3,-3,0
4370,4370,1503699334052,5,-1,-7,-4,-3,-2,-2,1
4371,4371,1503699334063,2,1,1,3,2,0,-7,-19
4372,4372,1503699334071,5,5,4,3,1,-4,2,6
4373,4373,1503699334079,11,10,0,0,-3,-5,-5,4
4374,4374,1503699334094,-12,-6,-2,0,6,11,5,-3
4375,4375,1503699334100,-7,-3,-1,0,-2,2,3,-3
4376,4376,1503699334109,10,4,0,-3,-6,1,1,3
4377,4377,1503699334124,-17,-9,-2,-1,0,1,-4,-4
4378,4378,1503699334132,-10,-3,-2,-2,1,-4,-2,-11
4379,4379,1503699334139,-6,-3,-1,-2,-2,-5,-1,0
4380,4380,1503699334154,8,1,1,0,0,-3,-7,2
4381,4381,1503699334161,9,14,6,-1,0,0,2,8
4382,4382,1503699334169,7,7,2,1,-1,0,-1,-1
4383,4383,1503699334184,-7,-2,-2,-4,-1,-1,2,5
4384,4384,1503699334192,-3,-5,-1,-2,-2,-2,3,9
4385,4385,1503699334199,0,-6,-3,-1,0,-1,-3,-6
4386,4386,1503699334215,-11,-5,-3,-1,-8,-3,4,9
4387,4387,1503699334221,-14,-12,-4,-3,-1,-2,-20,-8
4388,4388,1503699334237,-7,-2,0,-1,1,2,7,-5
4389,4389,1503699334243,-7,-5,-3,-1,-4,-5,8,1
4390,4390,1503699334252,11,5,-3,-2,-2,-4,-2,2
4391,4391,1503699334260,2,1,-1,0,2,0,-2,4
4392,4392,1503699334274,-7,-5,-4,-4,-5,1,-5,-19
4393,4393,1503699334286,-18,-12,-5,-3,-8,-9,-3,-6
4394,4394,1503699334289,-15,-8,0,3,1,0,-11,-13
4395,4395,1503699334303,5,4,0,-2,-1,1,2,1
4396,4396,1503699334311,8,6,3,2,4,-2,-7,8
4397,4397,1503699334319,4,0,2,2,1,19,8,0
4398,4398,1503699334334,-10,-1,3,2,-1,-3,-7,-11
4399,4399,1503699334341,-2,-5,-6,-2,0,4,-6,-2
4400,4400,1503699334350,-4,-2,-4,-1,1,-1,5,6
4401,4401,1503699334363,-2,-7,-3,-1,-1,-3,8,5
4402,4402,1503699334371,16,6,-5,-5,-3,-6,-4,-8
4403,4403,1503699334379,21,13,0,-1,1,-3,2,7
4404,4404,1503699334394,-5,-2,8,2,0,4,5,9
4405,4405,1503699334401,-6,-11,-2,-1,0,-2,-5,0
4406,4406,1503699334409,10,10,-2,-3,-1,-2,1,-1
4407,4407,1503699334423,6,11,4,-1,0,-6,-1,1
4408,4408,1503699334431,-29,-22,-7,-1,0,1,4,4
4409,4409,1503699334439,-14,-6,-4,-1,-2,2,-1,-15
4410,4410,1503699334454,-21,-7,-2,1,3,2,1,-7
4411,4411,1503699334461,-5,6,4,-1,0,-1,8,1
4412,4412,1503699334471,-11,-7,3,4,2,0,1,-1
4413,4413,1503699334487,-12,-5,1,2,3,2,4,8
4414,4414,1503699334491,8,2,-5,-5,-5,-3,1,5
4415,4415,1503699334499,-1,-16,-5,-2,-3,-6,-1,-3
4416,4416,1503699334514,-2,6,3,0,-1,-2,1,5
4417,4417,1503699334523,4,9,-2,-2,-2,-3,1,0
4418,4418,1503699334530,21,1,-5,-2,-3,-1,0,-1
4419,4419,1503699334555,0,-2,1,-1,1,-1,-1,2
4420,4420,1503699334556,10,6,-2,-3,-3,-2,-5,-15
4421,4421,1503699334559,-5,2,-1,-2,-1,3,5,-4
4422,4422,1503699334574,-10,3,10,3,-1,-1,4,1
4423,4423,1503699334581,-4,-6,-4,-1,0,-1,5,-7
4424,4424,1503699334590,-12,-13,-3,0,1,-1,-1,6
4425,4425,1503699334603,5,6,8,2,0,-1,-3,10
4426,4426,1503699334611,13,-2,-3,-2,-4,-4,-16,-9
4427,4427,1503699334620,14,11,3,-1,0,1,1,-1
4428,4428,1503699334634,12,1,-3,-3,-2,-2,1,-1
4429,4429,1503699334644,-8,-2,-2,0,0,0,-5,-6
4430,4430,1503699334650,-1,5,1,0,0,3,7,-9
4431,4431,1503699334663,-2,0,-5,-4,0,0,0,-6
4432,4432,1503699334671,-3,-6,-2,-2,-1,-10,0,-3
4433,4433,1503699334679,-19,-11,-8,-2,-5,-3,-8,-18
4434,4434,1503699334694,-8,5,-2,-3,-2,-1,-10,5
4435,4435,1503699334701,-2,-4,0,2,1,-5,-4,8
4436,4436,1503699334709,-2,-4,-3,1,2,-3,3,4
4437,4437,1503699334723,20,14,6,1,-1,-2,-14,3
4438,4438,1503699334731,-5,-12,-1,1,0,7,14,6
4439,4439,1503699334739,9,-4,-6,-3,-4,-2,-4,-10
4440,4440,1503699334755,-7,2,-2,1,-1,-1,6,5
4441,4441,1503699334762,5,0,-1,-1,0,-4,6,16
4442,4442,1503699334776,6,4,1,-2,-1,-2,-5,1
4443,4443,1503699334783,-2,-3,-6,-5,0,0,-5,0
4444,4444,1503699334791,4,-1,-3,-6,-7,-2,-12,4
4445,4445,1503699334806,-11,-11,-5,-1,2,5,1,-2
4446,4446,1503699334814,1,7,5,3,0,2,-3,0
4447,4447,1503699334822,-3,-5,-5,-1,-2,-2,-13,-15
4448,4448,1503699334836,-11,-14,-7,-2,2,-1,1,5
4449,4449,1503699334843,-5,-1,2,2,-1,-1,9,13
4450,4450,1503699334854,-3,-4,3,1,-2,-10,-5,-4
4451,4451,1503699334866,-8,0,4,1,6,2,2,0
4452,4452,1503699334874,-1,-2,0,1,0,-6,3,-6
4453,4453,1503699334881,5,-2,-1,-3,-3,-2,1,11
4454,4454,1503699334896,32,18,3,1,-1,3,-1,3
4455,4455,1503699334903,-1,4,4,3,2,8,-2,-1
4456,4456,1503699334911,8,-1,-3,-3,2,1,-6,17
4457,4457,1503699334926,-5,-2,-1,1,2,1,7,-2
4458,4458,1503699334934,-9,-3,-3,-2,-3,0,1,-11
4459,4459,1503699334941,-4,1,2,3,-5,-5,0,2
4460,4460,1503699334956,-6,5,8,-1,0,0,4,-4
4461,4461,1503699334963,-10,-5,0,0,2,1,2,-3
4462,4462,1503699334971,-7,-3,-4,-2,-4,2,-4,-10
4463,4463,1503699334988,-3,-5,-1,-2,0,-1,2,-7
4464,4464,1503699334996,3,5,2,1,3,4,1,-3
4465,4465,1503699335001,3,0,0,0,-3,-1,7,5
4466,4466,1503699335016,-1,-4,-4,-2,-3,1,-4,-13
4467,4467,1503699335025,4,-1,-3,-1,-3,-3,-5,-3
4468,4468,1503699335035,1,-1,-2,-1,1,0,-2,6
4469,4469,1503699335046,-19,-6,-3,-3,0,-4,-3,-7
4470,4470,1503699335055,-3,-6,-3,0,-4,2,3,-6
4471,4471,1503699335061,9,4,0,-1,-5,-4,-3,-11
4472,4472,1503699335076,-4,0,-3,-1,-3,0,11,3
4473,4473,1503699335085,11,4,-1,0,1,3,-6,-4
4474,4474,1503699335092,-8,-6,-1,-2,1,0,1,-2
4475,4475,1503699335106,4,0,-1,-2,-2,-3,0,-3
4476,4476,1503699335114,6,4,-1,-2,-2,0,-1,5
4477,4477,1503699335122,4,3,-1,-4,-4,-2,0,-3
4478,4478,1503699335136,-13,-2,7,3,1,0,-2,2
4479,4479,1503699335143,12,0,-4,-1,0,-3,-3,3
4480,4480,1503699335151,-1,-4,-2,-2,1,-1,-5,-7
4481,4481,1503699335166,-18,-7,-1,-2,-1,0,-1,6
4482,4482,1503699335174,3,4,-1,1,2,0,7,3
4483,4483,1503699335181,-15,-4,-1,1,-3,-4,-2,3
4484,4484,1503699335197,12,5,-3,-4,-3,1,3,-7
4485,4485,1503699335204,12,18,10,1,0,-4,-2,-3
4486,4486,1503699335211,4,5,5,2,0,-1,-13,-11
4487,4487,1503699335226,14,6,4,-1,-4,2,-1,5
4488,4488,1503699335234,-5,-14,-5,1,1,-1,1,8
4489,4489,1503699335248,9,-5,-5,0,0,0,-3,-8
4490,4490,1503699335258,-2,0,2,-3,-1,-2,3,2
4491,4491,1503699335271,16,6,-4,-1,0,0,4,3
4492,4492,1503699335272,-7,-4,-4,-1,1,-2,-1,-1
4493,4493,1503699335286,-8,-1,-1,-1,0,3,2,-2
4494,4494,1503699335295,-4,-2,-2,-1,-2,-2,-5,6
4495,4495,1503699335301,-6,-5,-7,-4,-2,-2,-2,-2
4496,4496,1503699335316,5,3,0,-2,-1,-1,-5,0
4497,4497,1503699335325,-14,-13,0,0,1,1,3,6
4498,4498,1503699335332,-19,-8,0,-1,-1,-2,-2,-2
4499,4499,1503699335346,-9,-7,0,-1,0,5,4,-2
4500,4500,1503699335354,10,-1,-4,-2,-3,3,0,1
4501,4501,1503699335363,-1,-5,-5,-1,-2,-2,-3,-1
4502,4502,1503699335376,6,2,-5,-2,-1,-1,4,-11
4503,4503,1503699335384,8,7,3,-1,-3,0,0,6
4504,4504,1503699335391,-10,3,4,1,-1,-2,-2,1
4505,4505,1503699335406,-6,-3,-1,-1,0,-2,-3,-1
4506,4506,1503699335414,-3,0,3,0,0,1,-9,2
4507,4507,1503699335421,-3,0,-2,1,-1,-4,-5,-4
4508,4508,1503699335436,-7,-6,-3,1,1,-2,1,1
4509,4509,1503699335444,-16,-6,1,1,0,-1,-1,-6
4510,4510,1503699335452,1,-5,4,1,-1,0,-1,2
4511,4511,1503699335467,5,-7,-4,-1,-1,-2,-1,-2
5061,5061,1503699341040,16,10,1,-3,-2,0,2,6
5062,5062,1503699341046,-18,-12,-3,-1,0,1,6,-11
5063,5063,1503699341065,-9,-7,0,-1,0,2,-2,-7
5064,5064,1503699341069,-11,-6,-7,-3,-1,-1,-6,5
5065,5065,1503699341076,-11,-15,-7,-3,-2,-1,1,5
5066,5066,1503699341092,1,2,4,1,1,-2,-4,-5
5067,5067,1503699341102,4,-1,-1,-2,0,0,-1,1
5068,5068,1503699341107,8,5,5,0,1,0,-1,1
5069,5069,1503699341122,-19,-1,5,2,1,-2,-1,-4
5070,5070,1503699341128,6,5,-3,-3,-3,-6,-12,-2
5071,5071,1503699341137,4,3,2,0,-2,1,3,1
5072,5072,1503699341150,3,-1,-4,-2,-2,-3,-3,0
5073,5073,1503699341159,-9,1,-1,2,2,-2,-7,-8
5074,5074,1503699341174,7,4,-2,2,1,1,2,3
5075,5075,1503699341181,13,6,2,0,-1,-2,2,10
5076,5076,1503699341189,-12,-4,0,0,1,1,3,-2
5077,5077,1503699341200,-8,-4,-2,-2,-3,-3,-5,-4
5078,5078,1503699341212,10,4,1,-1,0,6,3,-6
5079,5079,1503699341218,-1,-6,-2,0,0,0,0,-2
5080,5080,1503699341235,11,13,17,8,2,2,0,-2
5081,5081,1503699341241,-11,-13,-8,-4,-3,-2,-1,4
5082,5082,1503699341253,-8,-9,-5,-3,-1,-2,-6,-8
5083,5083,1503699341256,-1,5,3,-1,-2,0,1,-2
5084,5084,1503699341272,0,-1,-5,-4,-3,-3,-12,3
5085,5085,1503699341279,-6,-6,-2,1,0,1,2,-2
5086,5086,1503699341294,4,2,-1,-4,-3,2,8,-1
5087,5087,1503699341301,16,16,0,-2,1,-1,-9,-3
5088,5088,1503699341309,-4,-7,-2,2,-1,0,-14,-1
5089,5089,1503699341323,0,3,2,0,-5,-4,-1,-7
5090,5090,1503699341333,-14,-11,-2,0,-1,-7,-5,3
5091,5091,1503699341334,21,12,-1,-2,0,-3,11,7
5092,5092,1503699341339,1,-2,-1,-3,-1,-7,4,-4
5093,5093,1503699341355,19,5,-4,-2,2,-2,2,1
5094,5094,1503699341361,-8,-2,1,-1,-1,1,-1,-9
5095,5095,1503699341374,-10,-8,0,0,2,1,-3,-9
5096,5096,1503699341384,3,0,2,2,3,1,-12,-19
5097,5097,1503699341391,-14,-1,0,0,1,0,8,1
5098,5098,1503699341401,-4,-2,0,-1,1,4,7,5
5099,5099,1503699341415,8,7,-3,-3,-5,-3,-7,-24
5100,5100,1503699341421,0,3,-5,-4,-3,-5,1,9
5101,5101,1503699341429,-4,-10,-4,-1,-4,-2,5,5
5102,5102,1503699341443,-6,4,4,5,4,1,3,-4
5103,5103,1503699341444,-6,-9,-7,-1,-7,-5,2,-3
5104,5104,1503699341452,-11,-13,-4,2,-2,-1,-2,8
5105,5105,1503699341460,13,13,8,2,4,4,-1,9
5106,5106,1503699341475,0,-2,0,-1,-1,3,-1,6
5107,5107,1503699341481,-6,-3,0,-1,1,2,0,6
5108,5108,1503699341489,-25,-4,4,1,0,1,0,-5
5109,5109,1503699341504,-21,-11,1,1,0,5,2,4
5110,5110,1503699341512,5,-11,-3,-1,-5,-8,4,15
5111,5111,1503699341523,18,3,-8,-4,-4,-3,-2,-4
5112,5112,1503699341537,21,11,-6,-3,0,0,-3,2
5113,5113,1503699341541,-7,-10,-7,-2,-3,5,-1,9
5114,5114,1503699341549,1,3,1,-1,1,3,-6,-2
5115,5115,1503699341564,7,5,4,2,2,6,3,6
5116,5116,1503699341572,-1,1,2,2,0,-3,-2,5
5117,5117,1503699341579,12,11,1,-2,-5,-10,-6,3
5118,5118,1503699341594,-5,-1,1,-1,-2,-3,-1,-5
5119,5119,1503699341601,-5,-1,0,1,3,1,-4,-4
5120,5120,1503699341611,5,4,-1,-1,1,1,2,-3
5121,5121,1503699341624,-3,2,9,2,3,0,2,-8
5122,5122,1503699341639,9,6,-2,0,1,1,-16,3
5123,5123,1503699341641,8,2,-6,0,-1,-5,-4,-8
5124,5124,1503699341683,-11,-6,-1,-1,1,6,7,10
5125,5125,1503699341685,-13,-11,-1,-1,-6,-10,1,-6
5126,5126,1503699341691,-17,-1,1,0,0,-6,1,-8
5127,5127,1503699341699,5,1,-2,-1,1,1,-1,9
5128,5128,1503699341701,-10,-6,0,0,2,0,-3,-1
5129,5129,1503699341717,-2,6,8,1,-3,-5,-5,-6
5130,5130,1503699341721,-19,-11,-1,-1,2,2,-1,-2
5131,5131,1503699341729,-5,-1,-3,-3,-2,-1,3,1
5132,5132,1503699341744,1,0,0,2,1,0,-1,1
5133,5133,1503699341752,-3,-5,-2,-1,-1,-4,-5,-12
5134,5134,1503699341759,-13,-10,-5,-3,-2,0,10,-4
5135,5135,1503699341775,4,-3,-4,-3,-4,-2,-3,-4
5136,5136,1503699341781,-5,1,0,-2,-4,-8,1,10
5137,5137,1503699341789,0,-2,-6,-2,-2,-3,1,5
5138,5138,1503699341804,7,-10,-13,-3,-2,3,1,8
5139,5139,1503699341812,-3,-2,-2,-2,1,3,1,3
5140,5140,1503699341819,-22,-10,0,-3,1,0,-2,-1
5141,5141,1503699341837,-18,-11,-4,-1,-1,1,4,-12
5142,5142,1503699341842,23,0,0,-1,-2,-4,-3,9
5143,5143,1503699341843,-9,0,-1,-1,-1,0,1,-9
5144,5144,1503699341849,-1,2,0,-1,0,-2,-6,13
5145,5145,1503699341864,-9,-7,-1,-1,-7,-3,-7,-5
5146,5146,1503699341872,-1,-5,-1,-1,2,7,5,17
5147,5147,1503699341879,4,9,10,3,5,4,-4,-6
5148,5148,1503699341894,3,-4,-7,-2,-6,-5,-1,5
5149,5149,1503699341904,-4,-1,0,-2,-3,-1,-1,-20
5150,5150,1503699341909,5,-10,-2,3,3,-1,-1,2
5151,5151,1503699341924,10,4,0,-3,-3,-3,0,1
5152,5152,1503699341931,-15,7,4,-1,-2,-3,-2,-28
5153,5153,1503699341939,4,5,-3,-2,0,-5,-3,-3
5154,5154,1503699341954,-2,-1,2,-1,0,-1,4,7
5155,5155,1503699341961,3,0,-1,1,1,6,3,-4
5156,5156,1503699341972,-8,3,4,2,1,-1,-7,8
5157,5157,1503699341984,19,5,-5,0,-1,-1,3,15
5158,5158,1503699341992,13,11,5,1,-4,-13,-1,3
5159,5159,1503699341999,-2,3,-1,1,2,1,-1,3
5160,5160,1503699342014,13,2,-4,-2,0,-1,0,-4
5161,5161,1503699342021,-2,-4,4,3,2,5,2,5
5162,5162,1503699342029,6,7,2,-1,-1,0,-5,-27
5163,5163,1503699342045,-9,-5,-3,0,1,-1,-1,-6
5164,5164,1503699342051,-13,-3,-3,-2,-3,2,0,-1
5165,5165,1503699342059,3,0,-4,-2,0,-2,0,-1
5166,5166,1503699342075,23,4,-3,-3,0,0,4,6
5167,5167,1503699342081,-7,-5,-2,-2,-1,-3,-2,13
5168,5168,1503699342090,4,6,0,0,1,3,6,23
5169,5169,1503699342105,3,2,-1,-1,0,-2,-9,7
5170,5170,1503699342112,4,1,2,1,2,19,-1,3
5171,5171,1503699342119,10,4,1,-2,-1,-3,-1,0
5172,5172,1503699342134,-2,-3,-1,-2,-4,-8,-3,-17
5173,5173,1503699342141,2,-2,-3,-3,-2,3,-3,-15
5174,5174,1503699342149,12,-2,0,0,2,-6,-6,27
5175,5175,1503699342163,-12,-3,3,2,-2,-5,0,-17
5176,5176,1503699342172,-8,3,6,4,1,-3,1,11
5177,5177,1503699342180,20,4,-3,-3,-3,-2,-2,11
5178,5178,1503699342194,-3,4,-5,-5,-3,-1,4,-8
5179,5179,1503699342201,-1,-1,-2,-4,-6,-1,1,-25
5180,5180,1503699342216,-5,-11,-9,-2,-5,-5,-4,-23
5181,5181,1503699342224,-7,1,-5,-1,-1,3,0,2
5182,5182,1503699342231,-15,-8,-2,-2,3,1,1,-2
5183,5183,1503699342247,2,0,5,2,3,-1,-4,0
5184,5184,1503699342255,7,9,3,-1,-3,-6,-3,-1
5185,5185,1503699342261,4,2,0,0,1,1,3,6
5186,5186,1503699342276,5,-5,-2,-2,1,0,6,6
5187,5187,1503699342284,-10,-1,1,0,-1,-2,-2,-22
5188,5188,1503699342291,-1,-9,1,3,1,2,0,9
5189,5189,1503699342306,-3,1,1,0,0,-2,0,4
5190,5190,1503699342317,-2,-2,-5,-2,-2,-2,-5,-6
5191,5191,1503699342321,-15,-6,8,2,0,0,2,16
5192,5192,1503699342336,-5,-1,-3,-1,-2,0,-4,-8
5193,5193,1503699342344,2,1,1,-4,-1,-4,-6,-3
5194,5194,1503699342351,1,-3,-3,-1,-2,-12,4,2
5195,5195,1503699342366,3,-10,-4,0,-1,-1,0,3
5196,5196,1503699342375,4,2,1,0,0,0,-1,0
5197,5197,1503699342382,0,-8,-4,0,1,1,0,6
5198,5198,1503699342396,1,13,-1,-1,1,7,2,-4
5199,5199,1503699342405,-1,7,0,1,-1,2,3,9
5200,5200,1503699342411,2,2,3,-1,-1,0,-1,0
5201,5201,1503699342426,3,14,0,-3,-1,-3,0,-2
5202,5202,1503699342434,4,-6,-4,0,-1,-1,-5,-7
5203,5203,1503699342441,-12,-7,-2,-1,-2,-2,-5,-15
5204,5204,1503699342456,-15,-8,0,-1,0,2,-2,-3
5205,5205,1503699342463,2,6,2,0,-1,-2,1,1
5206,5206,1503699342474,-2,-4,-2,-2,0,-2,1,5
5207,5207,1503699342495,2,8,9,3,2,-1,-2,7
5208,5208,1503699342501,-4,-3,-6,-2,-2,-1,1,5
5209,5209,1503699342517,5,-6,-3,-1,0,4,4,8
5210,5210,1503699342523,-5,0,3,2,0,0,2,0
5211,5211,1503699342531,-8,-4,0,2,-1,-4,-11,-24
5212,5212,1503699342547,-1,-5,-3,-2,-1,6,3,6
5213,5213,1503699342554,-1,1,-1,0,0,-3,1,-2
5214,5214,1503699342561,12,6,-2,-3,-1,-5,-9,-17
5215,5215,1503699342576,3,2,-3,0,0,-1,1,8
5216,5216,1503699342584,-2,-3,-1,-2,-1,-1,3,8
5217,5217,1503699342591,-8,-2,0,2,-3,-3,-1,1
5218,5218,1503699342608,-10,-11,-2,1,1,0,-1,-1
5219,5219,1503699342614,2,-1,-2,-2,-1,-1,1,3
5220,5220,1503699342621,11,7,5,1,0,-1,-1,-17
5221,5221,1503699342636,-7,-2,6,0,1,2,3,8
5222,5222,1503699342644,-12,-10,-5,1,0,0,0,8
5223,5223,1503699342652,11,1,-8,-3,-2,-1,-4,-3
5224,5224,1503699342666,2,7,3,-1,-2,-3,-3,-4
5225,5225,1503699342678,-2,-4,-3,-2,-3,-3,-6,-3
5226,5226,1503699342681,1,1,-2,0,-1,0,-1,1
5227,5227,1503699342696,-9,-6,-3,-1,0,0,1,-14
5228,5228,1503699342704,7,3,6,1,3,0,0,7
5229,5229,1503699342712,-1,0,-2,-3,-1,-1,-6,-10
5230,5230,1503699342726,-1,4,-1,-1,-2,-2,-2,-1
5231,5231,1503699342734,-1,-3,-4,-3,-1,-1,2,3
5861,5861,1503699348973,6,20,17,3,-4,-1,-3,-7
5862,5862,1503699348981,-2,-2,-4,-5,-3,0,-3,-3
5863,5863,1503699348988,0,10,8,4,0,1,8,6
5864,5864,1503699348989,-9,-8,-5,1,2,2,0,-10
5865,5865,1503699349003,2,-6,-7,-2,-5,-4,-4,3
5866,5866,1503699349011,-6,-12,-6,-4,-2,1,2,6
5867,5867,1503699349022,-4,6,-4,-3,-6,4,0,-7
5868,5868,1503699349033,-10,-5,-1,3,1,0,-7,-15
5869,5869,1503699349042,3,-6,-8,-3,-4,-3,-2,6
5870,5870,1503699349048,-2,0,0,1,-1,-1,-1,7
5871,5871,1503699349063,5,4,3,-1,-1,-5,-2,8
5872,5872,1503699349071,19,4,-1,-1,-1,-5,-5,-3
5873,5873,1503699349079,-4,0,-7,-3,-2,0,9,10
5874,5874,1503699349093,8,7,3,-3,-2,-4,0,6
5875,5875,1503699349101,-7,4,9,2,1,1,7,21
5876,5876,1503699349108,-23,-5,-3,-1,-2,0,2,13
5877,5877,1503699349124,9,-4,1,2,-2,-1,-1,18
5878,5878,1503699349131,2,-2,-2,-1,0,3,3,-6
5879,5879,1503699349139,-12,-6,-1,1,0,0,-6,-14
5880,5880,1503699349154,-4,2,1,2,0,-2,1,-5
5881,5881,1503699349155,-4,2,-3,-1,1,3,-3,-11
5882,5882,1503699349161,5,2,1,-3,-2,-3,-6,-17
5883,5883,1503699349168,1,-6,-5,-4,-3,-1,0,5
5884,5884,1503699349184,5,-2,-2,-2,-1,-4,-3,-5
5885,5885,1503699349191,0,8,2,-1,-4,1,5,4
5886,5886,1503699349199,14,-3,-3,-1,0,-2,-4,1
5887,5887,1503699349212,11,-3,7,2,1,1,-2,-19
5888,5888,1503699349221,4,-3,-4,-2,0,4,5,14
5889,5889,1503699349229,11,-7,-7,-3,-1,-1,0,9
5890,5890,1503699349243,-12,-6,-1,0,-2,0,-3,-5
5891,5891,1503699349251,-5,1,-1,-2,0,2,-1,-8
5892,5892,1503699349259,-9,4,-2,-1,0,-1,0,2
5893,5893,1503699349273,-2,-7,0,1,-3,-3,-5,5
5894,5894,1503699349281,1,11,17,4,-1,0,1,7
5895,5895,1503699349288,25,4,-4,-1,0,-8,-3,10
5896,5896,1503699349310,-3,13,14,4,0,-1,3,0
5897,5897,1503699349311,-20,-9,-7,-4,-4,-1,1,1
5898,5898,1503699349321,3,-6,-13,-4,-3,-3,-3,-6
5899,5899,1503699349333,-1,3,0,1,0,1,3,0
5900,5900,1503699349341,-3,-2,4,2,1,0,-4,-9
5901,5901,1503699349348,-5,0,-2,0,2,10,-1,-14
5902,5902,1503699349364,2,-5,-4,-1,-2,-9,-4,-3
5903,5903,1503699349370,-4,0,1,-5,-3,-2,-2,-3
5904,5904,1503699349379,-3,-7,-8,-5,-3,2,2,-4
5905,5905,1503699349393,-6,-1,1,-3,-3,3,9,23
5906,5906,1503699349401,2,-9,-9,-3,-4,-7,-5,-4
5907,5907,1503699349408,4,-2,-2,1,0,-2,1,16
5908,5908,1503699349424,-8,-6,-6,-2,-2,0,-9,-4
5909,5909,1503699349431,-19,-2,-2,4,1,-1,-7,-16
5910,5910,1503699349439,-4,-3,-3,-3,0,-3,-4,-5
5911,5911,1503699349455,6,-1,-1,0,-1,-4,-5,-4
5912,5912,1503699349461,-13,-7,-3,-2,-1,-1,-3,-26
5913,5913,1503699349468,-3,-3,1,2,2,5,1,-6
5914,5914,1503699349483,13,1,-4,-2,0,2,5,14
5915,5915,1503699349491,7,1,0,-1,-2,-2,1,-5
5916,5916,1503699349499,10,6,2,1,1,3,4,11
5917,5917,1503699349513,-13,2,3,3,4,0,0,-4
5918,5918,1503699349523,-1,-6,-3,-2,1,-1,-4,6
5919,5919,1503699349524,0,6,4,0,1,-1,3,-11
5920,5920,1503699349529,5,3,2,0,1,-2,-4,-2
5921,5921,1503699349543,-7,-3,-2,-1,-1,1,-1,1
5922,5922,1503699349550,-1,-2,-2,0,1,-4,-2,-17
5923,5923,1503699349551,-2,0,-1,-2,-2,-4,-2,5
5924,5924,1503699349559,11,1,0,2,1,6,14,14
5925,5925,1503699349573,-12,-5,-5,-4,-2,-2,5,-5
5926,5926,1503699349582,19,14,8,-1,-4,-3,-1,8
5927,5927,1503699349591,4,-4,-5,-3,-2,0,-2,-3
5928,5928,1503699349604,-7,-8,-8,-2,1,0,-3,6
5929,5929,1503699349610,-9,-1,-1,-1,-2,0,-1,2
5930,5930,1503699349620,0,-5,-1,-2,-2,-4,-4,-16
5931,5931,1503699349634,15,-2,-5,-1,0,-2,1,-4
5932,5932,1503699349641,-4,-5,0,-1,-1,0,0,3
5933,5933,1503699349648,-14,2,6,0,0,10,0,5
5934,5934,1503699349665,-11,0,-1,2,-1,-2,-3,14
5935,5935,1503699349670,-9,0,-1,-1,-3,-3,1,-3
5936,5936,1503699349686,0,6,9,2,1,3,1,5
5937,5937,1503699349701,15,2,-4,-2,-2,-7,-11,-15
5938,5938,1503699349702,-1,16,16,2,2,-1,-2,-25
5939,5939,1503699349715,1,1,1,1,1,-3,1,-1
5940,5940,1503699349725,-9,-8,-8,-2,-1,-2,-6,-16
5941,5941,1503699349731,-10,-8,-4,-3,-1,1,-3,-11
5942,5942,1503699349746,-14,-11,-5,-1,-1,1,3,-12
5943,5943,1503699349753,0,-1,-4,-2,-1,-1,0,6
5944,5944,1503699349763,1,-1,-1,-2,1,-2,-4,1
5945,5945,1503699349775,1,1,1,-1,-2,-3,-8,1
5946,5946,1503699349783,19,2,-6,-3,-1,-1,0,12
5947,5947,1503699349792,-6,0,2,0,0,0,-2,-9
5948,5948,1503699349806,-5,-4,-6,-1,-2,-4,0,10
5949,5949,1503699349813,2,6,2,0,-3,0,3,4
5950,5950,1503699349825,-1,1,1,0,-2,-1,0,-7
5951,5951,1503699349835,1,-6,-2,0,-2,-2,0,-1
5952,5952,1503699349844,1,-2,-3,-1,-1,-2,-10,0
5953,5953,1503699349850,-12,-4,-3,-1,-2,-3,-1,-2
5954,5954,1503699349851,-3,-2,-2,0,2,0,-7,-16
5955,5955,1503699349867,-1,-4,-1,-1,1,-1,-2,-16
5956,5956,1503699349873,32,6,-5,-3,-2,-3,1,10
5957,5957,1503699349882,1,-1,-3,0,-1,0,-2,1
5958,5958,1503699349897,-3,-2,1,0,-1,0,4,3
5959,5959,1503699349904,-1,-1,-2,-3,-1,-1,3,6
5960,5960,1503699349910,7,2,0,2,0,-2,-2,-8
5961,5961,1503699349911,-4,-1,0,0,-1,-5,-6,4
6494,6494,1503699355145,3,-5,-5,-1,-2,2,-2,2
6495,6495,1503699355153,-12,-7,-3,-1,-1,-3,-1,0
6496,6496,1503699355168,-5,-15,-11,-6,-4,-1,2,-1
6497,6497,1503699355175,0,-2,-4,0,1,1,-3,-10
6498,6498,1503699355183,-5,-8,-2,0,-2,-3,-3,-5
6499,6499,1503699355184,5,10,7,2,0,-3,-3,1
6500,6500,1503699355198,0,1,1,-3,-2,-2,0,1
6501,6501,1503699355206,-8,-6,-8,-4,-2,-2,2,0
6502,6502,1503699355213,5,9,10,4,3,2,2,5
6503,6503,1503699355230,-6,0,1,2,1,2,-1,-1
6504,6504,1503699355236,4,0,1,-2,0,-1,-2,2
6505,6505,1503699355243,4,-2,2,-2,1,0,0,2
6506,6506,1503699355257,-2,-4,-7,-4,-4,-2,0,-2
6507,6507,1503699355265,13,3,1,-2,-2,0,0,-4
6508,6508,1503699355280,-2,-5,-2,-3,-2,-2,-1,2
6509,6509,1503699355288,2,3,4,2,-2,-2,-3,-3
6510,6510,1503699355297,-5,8,-2,-5,-5,-2,-3,-7
6511,6511,1503699355310,3,6,1,2,1,-2,-6,1
6512,6512,1503699355318,8,0,-6,-8,-11,-7,-5,-2
6513,6513,1503699355325,-9,1,3,3,4,2,0,-2
6514,6514,1503699355340,-11,-4,3,10,-2,0,0,0
6515,6515,1503699355348,5,4,3,-1,-6,-3,-1,-5
6516,6516,1503699355355,-4,-4,0,-2,2,-1,1,0
6517,6517,1503699355371,3,4,-3,1,0,-3,-5,-20
6518,6518,1503699355377,-2,-1,-5,1,4,5,8,-1
6519,6519,1503699355385,1,1,2,1,-2,-4,-4,-1
6520,6520,1503699355386,1,3,8,2,-1,0,1,2
6521,6521,1503699355400,-1,-8,-4,2,3,0,-3,-1
6522,6522,1503699355408,3,-2,-6,-5,-3,0,1,5
6523,6523,1503699355416,-1,-5,-2,-2,-1,-2,3,-2
6524,6524,1503699355417,-1,-2,1,2,0,1,2,9
6525,6525,1503699355431,-12,-5,-3,-2,-3,-4,-2,4
6526,6526,1503699355438,3,9,2,4,3,2,-4,-8
6527,6527,1503699355445,-6,-3,-11,-5,-1,0,-1,-6
6528,6528,1503699355460,3,-4,-3,-3,1,-1,-1,-1
6529,6529,1503699355468,23,13,-2,-2,-2,-3,-3,5
6530,6530,1503699355475,6,6,4,-2,-1,-2,-2,0
6531,6531,1503699355490,-14,-10,-1,-1,-1,-1,1,-2
6532,6532,1503699355499,2,3,3,0,-3,-3,-1,-4
6533,6533,1503699355506,-3,8,6,3,8,0,2,3
6534,6534,1503699355520,3,1,-2,-4,-2,-2,0,1
6535,6535,1503699355528,9,-1,-4,-6,-4,-2,-4,-12
6536,6536,1503699355536,-6,-6,-5,-4,-3,-4,1,0
6537,6537,1503699355550,-3,0,4,2,-1,6,1,-3
6538,6538,1503699355558,2,0,-1,4,-2,1,-2,-3
6539,6539,1503699355569,-5,-5,-1,-1,-2,-1,5,2
6540,6540,1503699355580,-8,-3,-4,-3,-2,2,1,3
6541,6541,1503699355588,0,1,4,3,1,-2,-9,2
6542,6542,1503699355595,-1,-2,-6,-5,0,-2,-3,2
6543,6543,1503699355610,-7,-14,-13,-4,0,-3,0,4
6544,6544,1503699355618,-8,-11,-11,-7,-6,-7,-5,-11
6545,6545,1503699355626,-3,-1,-4,0,-1,0,4,6
6546,6546,1503699355640,-3,-2,0,0,-3,-2,-3,-1
6547,6547,1503699355648,-3,-2,-4,-2,0,0,0,-5
6548,6548,1503699355655,0,1,2,2,6,3,2,1
6549,6549,1503699355671,0,2,3,-1,-2,0,-2,-1
6550,6550,1503699355678,5,3,4,0,-1,5,8,4
6551,6551,1503699355686,-3,-4,-2,-3,-5,-4,-6,-11
6552,6552,1503699355701,-6,1,6,3,0,-4,-1,1
6553,6553,1503699355708,-3,-1,-3,-3,-5,-4,0,6
6554,6554,1503699355722,17,6,-1,-1,3,0,-5,-1
6555,6555,1503699355734,-1,3,3,1,0,0,-1,-1
6556,6556,1503699355746,-4,-4,-2,-3,-5,-2,-2,1
6557,6557,1503699355747,0,-2,-4,-3,-5,-4,0,-2
6558,6558,1503699355760,-6,-2,2,1,-3,-1,2,-7
6559,6559,1503699355768,4,2,-1,-4,-10,2,6,-3
6560,6560,1503699355776,-10,-11,3,1,1,1,-1,2
6561,6561,1503699355790,-2,-6,-2,-2,0,4,3,2
6562,6562,1503699355800,2,3,1,1,-3,-3,-1,2
6563,6563,1503699355806,-1,-3,-4,2,4,1,0,6
6564,6564,1503699355820,-5,0,-1,1,5,3,1,1
6565,6565,1503699355828,-6,-3,-6,-4,-4,-6,-1,-18
6566,6566,1503699355842,11,4,-4,-2,-1,-1,0,-1
6567,6567,1503699355850,2,7,2,0,2,0,-4,1
6568,6568,1503699355858,-4,1,-4,0,0,1,-3,-6
6569,6569,1503699355876,-5,4,6,3,6,3,-1,1
6570,6570,1503699355880,2,0,2,0,-3,3,7,5
6571,6571,1503699355888,24,12,5,2,0,-4,-2,8
6572,6572,1503699355895,0,1,-3,-2,-1,-3,-3,-2
6573,6573,1503699355910,4,1,4,2,3,3,-3,-17
6574,6574,1503699355918,3,-1,-1,-2,2,-3,-4,-3
6575,6575,1503699355926,0,-10,-6,-2,-1,-2,-2,4
6576,6576,1503699355940,11,9,16,5,1,-3,-5,-6
6577,6577,1503699355948,4,-8,-7,-3,-3,-2,-5,1
6578,6578,1503699355955,-5,-14,-12,-4,-8,-9,-8,-1
6579,6579,1503699355977,-10,-11,-4,-1,0,0,0,-1
6580,6580,1503699355978,10,4,-3,-1,0,-2,-5,-9
6581,6581,1503699355986,-1,-1,-1,-1,-2,0,2,4
6582,6582,1503699356001,0,3,1,2,4,3,4,7
6583,6583,1503699356009,-5,0,0,-3,-1,-1,-1,-10
6584,6584,1503699356017,1,-8,-3,0,-1,6,4,4
6585,6585,1503699356030,-5,3,3,0,-1,-2,-3,9
6586,6586,1503699356038,-1,3,2,-3,-2,-2,-2,5
6587,6587,1503699356046,1,2,3,2,2,0,1,3
6588,6588,1503699356069,7,8,4,2,-4,0,5,4
6589,6589,1503699356077,-11,-5,-3,0,0,-2,0,-3
6590,6590,1503699356090,8,-1,-6,-5,-2,-8,-5,-5
6591,6591,1503699356098,-18,2,7,3,1,0,0,-2
7131,7131,1503699361453,22,6,-5,-4,-4,-10,-4,0
7132,7132,1503699361460,-5,-6,-3,-2,-2,-2,0,4
7133,7133,1503699361476,-20,-4,-1,-1,-2,1,2,0
7134,7134,1503699361482,-3,1,-2,-1,-1,-5,-2,-10
7135,7135,1503699361498,2,3,1,3,4,2,1,-3
7136,7136,1503699361507,-18,-5,-4,-5,-5,-2,-2,-10
7137,7137,1503699361508,9,3,-1,-1,1,1,0,1
7138,7138,1503699361514,-1,1,2,-1,-1,0,-1,1
7139,7139,1503699361520,-5,-3,-2,0,2,4,0,-2
7140,7140,1503699361535,1,-5,-2,-2,-2,-1,-3,-3
7141,7141,1503699361543,3,-4,-3,-1,-3,-5,-3,-4
7142,7142,1503699361550,7,19,4,1,0,2,0,-1
7143,7143,1503699361564,-10,-7,-5,-2,-3,-2,0,1
7144,7144,1503699361574,-11,-5,-7,0,0,-3,-1,3
7145,7145,1503699361580,-1,-2,-2,-1,0,1,-1,0
7146,7146,1503699361595,0,-3,-4,-4,-1,-4,-3,-4
7147,7147,1503699361602,9,6,2,2,0,1,-2,-3
7148,7148,1503699361610,8,1,1,1,-2,-7,-2,0
7149,7149,1503699361624,-2,-5,1,-1,0,-1,1,4
7150,7150,1503699361633,-10,-4,2,0,0,2,1,-1
7151,7151,1503699361641,4,-3,-4,-4,-3,-2,0,-3
7152,7152,1503699361655,-10,-5,3,0,0,1,1,-1
7153,7153,1503699361662,18,3,-6,-1,-2,-4,-3,-2
7154,7154,1503699361663,-6,-3,0,-2,0,0,-2,0
7155,7155,1503699361670,18,12,6,0,0,0,1,9
7156,7156,1503699361684,-7,-9,-5,1,0,0,4,9
7157,7157,1503699361692,19,2,-5,-1,-1,-1,-2,4
7158,7158,1503699361700,10,4,-2,-3,-4,-5,-2,1
7159,7159,1503699361717,-11,-11,-5,0,0,2,2,7
7160,7160,1503699361723,2,5,2,-1,-2,0,-2,2
7161,7161,1503699361731,-16,-3,0,1,1,-2,-1,-11
7162,7162,1503699361746,2,3,1,-1,-1,-1,-4,-22
7163,7163,1503699361752,-4,-2,-1,0,-2,0,-1,2
7164,7164,1503699361753,9,2,-1,-1,0,2,0,-5
7165,7165,1503699361760,-11,0,0,-1,-1,-1,0,1
7166,7166,1503699361775,-5,-4,-2,-3,-2,0,-2,-12
7167,7167,1503699361784,11,10,1,-1,-1,-4,-3,-2
7168,7168,1503699361798,-7,-9,-7,-3,-3,1,1,9
7169,7169,1503699361806,5,11,16,6,2,2,4,3
7170,7170,1503699361813,-12,-9,-5,-3,-2,0,0,9
7171,7171,1503699361827,-25,-18,-8,-2,-4,-1,-7,-22
7172,7172,1503699361835,3,-3,-2,1,0,0,-3,-1
7173,7173,1503699361843,-1,-4,-7,-4,-9,-6,-2,9
7174,7174,1503699361858,-8,7,5,1,0,1,2,-6
7175,7175,1503699361865,18,8,2,-1,2,4,-4,5
7176,7176,1503699361873,-2,4,2,-1,-3,0,-3,3
7177,7177,1503699361887,-4,-12,-9,-5,-3,-2,3,7
7178,7178,1503699361895,-19,2,7,2,4,1,-3,-21
7179,7179,1503699361903,-5,-7,-8,-2,2,-1,-2,2
7180,7180,1503699361919,18,5,-2,-2,0,-2,0,1
7181,7181,1503699361924,-9,-9,-1,-2,2,-2,0,-2
7182,7182,1503699361933,2,-3,-2,0,3,-3,-6,16
7183,7183,1503699361947,9,4,-2,0,-3,-6,-7,3
7184,7184,1503699361955,-10,-3,1,0,-2,-4,0,-8
7185,7185,1503699361962,-9,-3,2,1,4,1,2,-5
7186,7186,1503699361978,4,6,-3,-1,-3,-3,-12,-9
7187,7187,1503699361984,-1,6,0,-3,0,1,2,1
7188,7188,1503699361992,-5,-6,-3,0,-1,1,9,-1
7189,7189,1503699362009,3,7,3,1,2,5,-3,1
7190,7190,1503699362015,5,-5,-4,-3,-3,-3,-1,11
7191,7191,1503699362023,-10,-8,-2,-1,-2,0,4,7
7192,7192,1503699362037,11,5,1,-1,-2,-4,-7,-12
7193,7193,1503699362038,-6,-1,1,-1,-3,3,1,-2
7194,7194,1503699362044,5,7,-1,-1,0,-2,-5,-3
7195,7195,1503699362053,-9,-4,0,1,1,0,-2,-1
7196,7196,1503699362067,-8,-5,-1,0,-1,0,1,-5
7197,7197,1503699362077,23,4,-2,-2,1,-2,-1,6
7198,7198,1503699362085,2,-4,-4,-2,-1,1,-1,-14
7199,7199,1503699362097,4,-3,-1,-3,-4,0,0,-5
7200,7200,1503699362112,8,4,-5,-3,-4,-2,0,2
7201,7201,1503699362114,-6,4,-6,-5,-2,-2,-3,-3
7202,7202,1503699362127,-19,-10,3,2,1,-2,-2,1
7203,7203,1503699362135,-3,0,2,-1,-1,2,2,1
7204,7204,1503699362144,-5,2,1,-1,-1,-2,1,-3
7205,7205,1503699362157,10,1,2,2,2,4,5,6
7206,7206,1503699362164,-5,-2,1,0,1,2,-3,5
7207,7207,1503699362173,-14,-9,-3,-1,0,-1,-1,-14
7208,7208,1503699362187,15,3,-1,0,1,-1,0,8
7209,7209,1503699362195,-13,0,1,0,1,-2,-3,-5
7210,7210,1503699362203,5,-1,-11,-5,-2,-1,0,-2
7211,7211,1503699362219,12,-4,-6,-1,-1,-4,1,2
7212,7212,1503699362224,-21,-11,-6,-3,-1,1,-3,-8
7213,7213,1503699362235,-7,0,7,3,1,1,0,7
7214,7214,1503699362249,3,-2,1,1,-1,1,0,-2
7215,7215,1503699362255,9,3,3,1,2,-1,0,-1
7216,7216,1503699362263,7,4,3,0,0,0,-2,-8
7217,7217,1503699362280,9,3,-3,0,-1,3,6,-4
7218,7218,1503699362284,-7,1,4,1,-2,-4,2,3
7219,7219,1503699362292,9,-8,-6,-2,-3,-4,-5,-2
7220,7220,1503699362307,5,4,6,2,1,0,-1,-1
7221,7221,1503699362315,-13,-13,-6,-3,-4,-2,3,1
7222,7222,1503699362323,1,-3,-6,-5,-3,-2,-1,4
7223,7223,1503699362338,3,7,2,1,2,5,-4,1
7224,7224,1503699362345,-1,1,2,1,0,-2,0,-6
7225,7225,1503699362354,-7,-4,-1,-3,-2,-6,-14,-2
7226,7226,1503699362367,19,-1,-2,-4,-4,0,2,22
7227,7227,1503699362375,2,4,3,0,-2,-1,2,8
7228,7228,1503699362383,8,0,-3,-1,0,-2,-4,-2
7229,7229,1503699362397,-7,-1,-1,0,0,-2,-1,-8
7230,7230,1503699362404,-12,-5,-1,1,-1,-2,1,-8
7231,7231,1503699362413,-2,8,10,2,1,0,-1,-4
7232,7232,1503699362427,7,-3,-6,-3,-1,0,-2,-1
7233,7233,1503699362435,-9,-2,-10,-4,-4,2,2,-1
7234,7234,1503699362442,-12,1,2,1,1,0,1,-12
7235,7235,1503699362458,7,1,-4,-2,-2,-4,-1,11
7236,7236,1503699362464,-2,2,1,0,0,0,-1,-5
7237,7237,1503699362472,12,-1,-4,-4,-2,-2,-8,-10
7238,7238,1503699362488,26,8,-1,0,-1,-2,0,7
7239,7239,1503699362495,-4,4,1,0,0,2,1,0
7240,7240,1503699362503,-13,-5,-1,-1,1,-1,-1,-10
7241,7241,1503699362518,4,-3,3,2,1,-3,-2,-6
7242,7242,1503699362524,13,7,2,0,0,1,2,8
7243,7243,1503699362532,-15,-1,-1,1,-1,-4,-2,-17
7244,7244,1503699362547,9,3,4,2,1,1,6,12
7245,7245,1503699362555,-4,-5,-2,-2,0,2,9,12
7246,7246,1503699362563,-13,-5,-3,-1,-3,-2,-1,-3
7247,7247,1503699362579,-12,-5,2,1,-1,-2,5,2
7248,7248,1503699362585,2,-2,-1,-2,-1,0,-3,-2
7249,7249,1503699362593,-6,-2,-1,-2,-2,2,-6,1
7250,7250,1503699362607,1,0,0,2,0,-2,-5,-1
7251,7251,1503699362616,22,5,-4,-2,-3,-5,-6,-16
7252,7252,1503699362623,-19,-8,-2,0,-1,1,5,18
7253,7253,1503699362638,-4,1,4,0,0,0,4,4
7254,7254,1503699362647,3,-4,-4,-2,-2,-3,-7,-6
7255,7255,1503699362654,-9,10,5,-2,-2,2,-1,-3
7256,7256,1503699362668,10,5,0,-2,-2,-2,1,-2
7257,7257,1503699362675,9,-5,-4,-2,-1,-1,2,2
7258,7258,1503699362690,-14,-8,3,-1,0,6,3,-3
7259,7259,1503699362697,8,1,2,2,1,-2,-3,0
7260,7260,1503699362705,13,-2,-9,-4,-2,-1,6,3
7261,7261,1503699362715,3,1,-1,-1,0,0,1,5
7262,7262,1503699362728,-14,14,9,1,0,-2,-4,-7
7263,7263,1503699362735,-7,-6,-4,-1,-2,-1,-4,-5
7264,7264,1503699362751,-5,-3,-2,-1,0,1,-1,1
7265,7265,1503699362758,-1,-2,-2,-3,0,0,-2,5
7266,7266,1503699362765,1,-2,-5,-3,-3,1,2,0
7267,7267,1503699362766,-18,-4,2,1,-2,-2,-4,-12
7268,7268,1503699362782,0,-2,-7,-1,0,0,-8,-17
7269,7269,1503699362790,-11,-2,2,0,-1,-6,-4,-13
7270,7270,1503699362795,-25,-2,1,1,1,-2,4,-17
7271,7271,1503699362811,6,-5,-6,-1,0,-2,-8,2
7272,7272,1503699362818,-13,-4,3,-1,-1,1,2,12
7273,7273,1503699362825,6,-2,-3,0,1,-1,3,23
7274,7274,1503699362840,-3,-4,0,0,-2,1,0,5
7275,7275,1503699362849,-2,-1,1,-2,-3,0,-2,-6
7276,7276,1503699362855,10,4,5,2,0,-5,-5,3
7277,7277,1503699362870,-3,-3,-3,-3,-3,-5,-4,-6
7278,7278,1503699362877,4,-2,-4,-2,-1,-3,0,-6
7279,7279,1503699362886,0,-2,0,-3,-1,0,1,-1
7280,7280,1503699362900,-2,-6,-3,-3,-2,-1,0,6
7281,7281,1503699362908,-6,-2,-1,-1,0,2,3,-2
7282,7282,1503699362916,3,-1,-3,-2,-1,0,0,1
7283,7283,1503699362930,-5,0,2,0,1,-1,1,0
7284,7284,1503699362938,-4,0,2,-1,1,-1,0,-1
7285,7285,1503699362945,7,4,0,-2,-1,6,6,4
7286,7286,1503699362960,3,-2,-2,1,0,0,1,-8
7287,7287,1503699362968,-1,1,0,4,2,-4,-4,-5
7288,7288,1503699362975,10,2,-2,-2,0,0,-8,13
7289,7289,1503699362993,1,0,-3,0,-3,-1,-3,-1
7290,7290,1503699362998,9,5,1,1,-1,-1,2,5
7291,7291,1503699363006,8,-3,-4,-2,-1,-2,-3,-5
7292,7292,1503699363020,-2,11,17,4,1,0,0,1
7293,7293,1503699363028,-4,0,-5,-2,-2,-2,-2,-7
7294,7294,1503699363035,5,-1,-2,-1,-1,0,2,-4
7295,7295,1503699363051,0,-1,1,0,1,0,1,5
7296,7296,1503699363058,7,-4,-4,-1,1,-2,-4,-7
7297,7297,1503699363059,-17,-1,-2,-2,-1,-1,0,-1
7298,7298,1503699363066,13,-1,-3,-4,-3,-1,-2,6
7299,7299,1503699363080,-3,-3,-1,2,3,5,3,0
7300,7300,1503699363088,-9,-6,-2,-2,0,-1,-3,-1
7301,7301,1503699363095,-16,-9,-9,-4,-3,-4,-5,1
7302,7302,1503699363110,0,-1,-1,-1,1,0,0,1
7303,7303,1503699363118,5,-6,-6,-4,-3,-3,0,5
7304,7304,1503699363126,-12,0,5,0,-1,-2,-3,-3
7305,7305,1503699363141,8,-4,-4,0,-2,2,-1,-4
7306,7306,1503699363150,6,-4,-6,-3,-2,-2,0,-1
7307,7307,1503699363155,4,-3,-4,-1,0,-2,0,-8
7308,7308,1503699363171,6,6,0,1,0,6,-1,-9
7309,7309,1503699363177,-7,-7,-4,-1,-1,-2,3,1
7310,7310,1503699363187,-6,-3,-2,0,-1,-5,-1,2
7311,7311,1503699363200,-5,1,1,1,1,-1,-1,-1
7312,7312,1503699363208,-16,-2,1,0,-1,-1,-1,0
7313,7313,1503699363215,-5,0,1,-1,3,-3,0,4
7314,7314,1503699363231,3,-1,-1,-1,0,2,2,2
7971,7971,1503699369598,-1,-3,0,-3,-4,-2,1,7
7972,7972,1503699369605,-8,-6,-2,0,-4,-6,3,4
7973,7973,1503699369613,-10,-3,0,0,1,2,-1,2
7974,7974,1503699369629,-3,-1,-2,-1,3,2,2,10
7975,7975,1503699369636,2,-13,-15,-8,-4,-3,-1,-2
7976,7976,1503699369638,6,15,19,5,0,-4,-1,8
7977,7977,1503699369642,9,0,-3,-1,-2,3,-2,-4
7978,7978,1503699369658,7,7,-6,-1,-1,2,-2,2
7979,7979,1503699369666,9,9,2,-2,-1,-2,0,-13
7980,7980,1503699369673,-3,-7,-1,2,4,3,1,1
7981,7981,1503699369687,-10,-5,-3,-3,-2,-2,-1,4
7982,7982,1503699369698,2,-11,-10,-5,-2,-3,-1,-5
7983,7983,1503699369705,3,6,1,-2,2,2,-1,-8
7984,7984,1503699369718,0,-2,-7,-4,-1,-2,-2,-5
7985,7985,1503699369725,1,-3,-1,-1,1,1,-1,3
7986,7986,1503699369734,-1,-3,-2,-1,-3,1,2,8
7987,7987,1503699369755,4,4,0,0,-1,1,-1,2
7988,7988,1503699369756,0,3,0,-2,-1,0,-1,-2
7989,7989,1503699369764,-5,-4,3,2,0,2,1,4
7990,7990,1503699369778,-1,-6,-6,-3,-4,-3,-3,-5
7991,7991,1503699369792,-9,-7,0,0,0,-2,-3,-1
7992,7992,1503699369793,0,-7,-3,-3,-1,0,0,-3
7993,7993,1503699369807,-3,-8,-1,-1,-1,-1,-1,2
7994,7994,1503699369815,0,4,4,-1,-1,-3,2,6
7995,7995,1503699369823,-4,-5,-4,-1,-2,0,1,0
7996,7996,1503699369839,-19,-11,-2,1,0,0,0,-3
7997,7997,1503699369845,1,9,-1,-1,-1,0,0,12
7998,7998,1503699369853,8,7,2,1,3,-1,-4,3
7999,7999,1503699369868,-6,-4,0,-1,-1,-2,-3,-4
8000,8000,1503699369875,16,2,-2,-3,-2,-3,-4,-15
8001,8001,1503699369882,5,1,0,-1,0,-4,0,0
8002,8002,1503699369898,-3,-5,-5,-2,-1,0,-1,2
8003,8003,1503699369905,3,-4,0,0,-2,-3,1,-1
8004,8004,1503699369906,-2,7,0,1,-1,-3,-2,-4
8005,8005,1503699369913,-3,-4,0,0,-1,-1,0,-1
8006,8006,1503699369927,-1,-5,-5,-2,-3,0,1,0
8007,8007,1503699369936,-9,-7,-7,-3,-2,1,3,-2
8008,8008,1503699369942,-4,0,3,0,1,3,5,-3
8009,8009,1503699369958,6,2,0,2,-1,3,-7,-9
8010,8010,1503699369965,-1,2,0,0,0,-1,-7,-18
8011,8011,1503699369975,-6,-3,-2,0,-1,1,2,6
8012,8012,1503699369987,2,-3,2,-1,1,0,-2,3
8013,8013,1503699369995,3,5,8,1,0,-1,-2,-2
8014,8014,1503699370003,6,0,0,-1,-2,-2,-3,10
8015,8015,1503699370017,-1,1,-1,-1,-2,-3,0,-5
8016,8016,1503699370025,-5,-6,-2,-1,-1,-4,-6,13
8017,8017,1503699370033,-3,2,0,0,1,-2,-4,9
8018,8018,1503699370047,7,1,-3,0,-1,-1,4,2
8019,8019,1503699370055,-1,-2,-2,-3,0,2,0,3
8020,8020,1503699370062,-6,-3,0,1,0,0,2,-2
8021,8021,1503699370077,-1,-3,-5,-2,-1,-1,0,-6
8022,8022,1503699370084,-13,-3,4,0,-3,1,-4,-27
8023,8023,1503699370093,1,2,-8,-2,-1,-4,-3,1
8024,8024,1503699370107,2,-7,-6,-4,-1,3,3,21
8025,8025,1503699370115,24,7,-3,-1,-4,-2,3,3
8026,8026,1503699370122,16,5,-1,-1,0,-3,-3,0
8027,8027,1503699370138,-7,-5,0,1,0,6,0,-10
8028,8028,1503699370145,0,-1,0,1,-1,-5,-4,-3
8029,8029,1503699370153,-8,-4,1,1,1,3,-1,-1
8030,8030,1503699370167,-8,0,1,0,1,-1,-4,-7
8031,8031,1503699370177,-1,1,1,1,0,-4,-5,5
8032,8032,1503699370189,0,-1,-3,-2,-1,2,3,2
8033,8033,1503699370197,5,21,20,5,1,-1,3,7
8034,8034,1503699370205,4,5,7,2,-1,-1,-1,0
8035,8035,1503699370220,3,-4,-7,-4,-2,0,5,-4
8036,8036,1503699370227,-2,0,-4,-2,0,0,1,-4
8037,8037,1503699370235,-5,-10,-9,-3,-3,-1,-1,-2
8038,8038,1503699370249,-9,-9,-7,-3,-2,1,0,-4
8039,8039,1503699370258,4,0,0,-2,-1,-4,-2,1
8040,8040,1503699370267,-6,1,-4,0,-1,0,-1,6
8041,8041,1503699370280,-11,-10,-5,-2,-1,-1,-1,1
8042,8042,1503699370287,5,-5,-7,-3,-1,-2,2,0
8043,8043,1503699370295,16,9,1,-1,0,-2,0,-1
8044,8044,1503699370310,2,11,17,5,1,0,-2,-5
8045,8045,1503699370317,-17,-17,-4,0,0,-1,2,-2
8046,8046,1503699370325,-9,-13,2,0,-1,-2,-1,-2
8047,8047,1503699370340,-13,-7,1,2,-1,0,1,-5
8048,8048,1503699370347,-9,-2,1,1,0,3,1,1
8049,8049,1503699370355,2,-2,-2,-3,-1,1,3,5
8050,8050,1503699370378,-9,0,-1,-2,1,-2,-4,-5
8051,8051,1503699370385,10,-5,-14,-7,-5,-3,-5,-9
8052,8052,1503699370401,6,9,13,2,-1,0,-2,-5
8053,8053,1503699370408,-4,-7,-9,-2,-1,-2,-1,3
8054,8054,1503699370415,14,11,-2,-4,-3,-3,-2,-7
8055,8055,1503699370429,5,-1,-5,-3,-1,-7,-5,-5
8056,8056,1503699370437,0,-5,-2,-1,1,4,7,1
8057,8057,1503699370445,-2,1,-3,-2,-1,-2,0,-4
8058,8058,1503699370460,15,1,-3,-1,-2,-4,-9,11
8059,8059,1503699370468,-8,-2,1,0,-2,1,1,-2
8060,8060,1503699370476,-10,-8,-3,0,0,0,0,4
8061,8061,1503699370489,22,11,6,-2,-1,1,-3,5
8062,8062,1503699370498,-22,-6,-1,4,-1,3,6,-10
8063,8063,1503699370506,-9,10,5,-1,-2,-1,3,-15
8064,8064,1503699370520,-6,-3,-1,-2,-1,-2,-6,-8
8065,8065,1503699370527,2,-3,-3,-1,1,-4,0,5
8066,8066,1503699370536,3,3,-3,-2,0,0,1,1
8067,8067,1503699370549,-1,-2,1,0,0,0,-1,0
8068,8068,1503699370557,-5,-2,2,1,1,-2,0,3
8069,8069,1503699370564,-8,-4,-1,0,-1,1,-2,2
8070,8070,1503699370580,3,-2,-4,-3,-3,0,2,4
8071,8071,1503699370587,2,-5,1,0,1,1,-4,-14
8072,8072,1503699370597,3,-3,0,-1,0,-3,-3,6
8073,8073,1503699370609,4,1,-3,-2,0,5,4,3
8074,8074,1503699370619,10,7,3,1,0,-3,-10,-23
8075,8075,1503699370625,5,-3,-4,-3,-4,-5,0,7
8076,8076,1503699370641,0,-2,-3,-2,-2,-1,-3,-2
8077,8077,1503699370647,4,2,0,1,-1,-2,-4,-5
8078,8078,1503699370655,-14,-5,1,0,-1,-1,-5,-7
8079,8079,1503699370671,-11,-5,0,-2,1,0,0,0
8080,8080,1503699370679,-7,2,0,0,1,5,3,1
8081,8081,1503699370685,-5,1,5,-1,-1,-1,2,4
8082,8082,1503699370700,7,-12,-11,-5,-4,-4,0,16
8083,8083,1503699370707,-8,-4,5,4,1,-1,0,-4
8084,8084,1503699370716,-23,-5,-2,2,0,-1,0,-5
8085,8085,1503699370729,-6,-4,-6,-3,0,2,1,-2
8086,8086,1503699370740,5,1,0,-1,-2,3,6,-2
8087,8087,1503699370746,-4,2,1,0,-1,-3,-4,0
8088,8088,1503699370760,28,17,1,-1,0,-1,-1,6
8089,8089,1503699370767,8,18,9,2,0,0,-1,-1
8090,8090,1503699370779,-14,-3,-1,0,-1,-3,-1,4
8091,8091,1503699370789,12,-2,-2,-2,-2,2,2,2
8092,8092,1503699370798,-2,4,-2,-2,-2,-1,-1,-9
8093,8093,1503699370805,-3,-8,-7,-6,-2,-2,-2,-5
8094,8094,1503699370820,-7,-2,0,0,0,-3,1,-1
8677,8677,1503699376543,-2,-14,-16,-5,-2,-1,1,4
8678,8678,1503699376549,-1,-2,4,3,1,-1,-3,-3
8679,8679,1503699376564,-3,-10,-7,-2,0,0,-2,5
8680,8680,1503699376572,-4,-1,1,-1,0,0,0,6
8681,8681,1503699376580,0,8,5,1,0,-2,0,3
8682,8682,1503699376594,-1,-2,-1,-1,-1,-1,0,2
8683,8683,1503699376602,4,-2,2,-1,-1,2,-2,0
8684,8684,1503699376612,6,-1,2,-1,-1,-1,0,0
8685,8685,1503699376624,7,5,3,2,1,-1,-4,-7
8686,8686,1503699376632,-2,-4,-3,0,0,0,1,4
8687,8687,1503699376640,-11,-11,-3,-1,-1,-1,-1,-2
8688,8688,1503699376654,3,-2,-6,-4,-2,0,-2,-3
8689,8689,1503699376662,2,0,1,0,0,1,4,11
8690,8690,1503699376669,13,7,-2,-4,-2,-3,-1,3
8691,8691,1503699376685,-8,1,-1,0,-1,9,6,5
8692,8692,1503699376692,1,0,0,2,0,0,-4,-8
8693,8693,1503699376700,-3,1,0,0,-2,-3,3,5
8694,8694,1503699376714,4,2,3,-1,1,4,-3,5
8695,8695,1503699376722,-5,0,1,-1,-1,0,6,-3
8696,8696,1503699376736,-5,-1,0,0,-1,-3,1,-4
8697,8697,1503699376746,-5,-1,-5,-3,-2,-5,-8,-14
8698,8698,1503699376752,-9,-1,3,2,1,1,-3,-3
8699,8699,1503699376767,-6,2,-1,-1,-1,-2,-2,-8
8700,8700,1503699376774,-2,-5,-2,-2,-1,-2,-1,-6
8701,8701,1503699376782,10,-6,-6,-5,-3,-2,-2,6
8702,8702,1503699376796,0,8,5,1,0,0,0,6
8703,8703,1503699376804,2,0,-2,0,-2,-3,0,-1
8704,8704,1503699376813,-22,-6,-1,1,0,-1,-3,-15
8705,8705,1503699376827,-3,2,-2,1,1,-3,-3,-1
8706,8706,1503699376833,0,-1,-2,-2,-2,-3,1,-6
8707,8707,1503699376842,2,0,-3,-2,-2,5,-4,-4
8708,8708,1503699376856,0,-3,-2,-2,-2,-1,-2,1
8709,8709,1503699376864,1,-1,1,1,0,-1,3,-1
8710,8710,1503699376872,-5,-1,-3,-3,0,2,1,6
8711,8711,1503699376888,-16,-3,1,1,0,-2,0,1
8712,8712,1503699376894,18,5,-3,-1,-3,-4,-1,9
8713,8713,1503699376910,-11,-10,0,1,1,2,-1,-3
8714,8714,1503699376917,3,-7,0,-1,-2,0,1,-2
8715,8715,1503699376924,10,2,-2,-2,0,-1,-2,1
8716,8716,1503699376932,35,12,-4,0,-2,-4,-5,-1
8717,8717,1503699376953,2,-1,1,1,1,-2,-2,7
8718,8718,1503699376956,-16,0,1,0,0,0,-2,-17
8719,8719,1503699376962,8,3,0,-3,0,5,-5,-1
8720,8720,1503699376976,-14,-4,0,1,0,-1,1,2
8721,8721,1503699376985,-7,2,2,2,1,-5,3,1
8722,8722,1503699376992,-9,-3,-1,-2,-1,1,0,-7
8723,8723,1503699377007,10,6,0,-1,-2,-2,1,-2
8724,8724,1503699377021,6,7,-3,-3,-2,-4,-4,-3
8725,8725,1503699377024,-3,4,5,3,-1,-3,-4,-15
8726,8726,1503699377036,-7,-9,-5,-3,-2,-7,-2,3
8727,8727,1503699377044,-8,-5,-3,-2,-1,-3,1,0
8728,8728,1503699377052,10,8,2,0,0,1,-3,1
8729,8729,1503699377067,1,-5,-4,-2,0,-2,2,-1
8730,8730,1503699377074,8,1,-1,0,-1,2,7,-8
8731,8731,1503699377085,0,0,-1,0,-1,-2,-4,3
8732,8732,1503699377096,-5,-2,2,1,-1,0,-3,1
8733,8733,1503699377104,3,1,-3,-2,-1,0,2,3
8734,8734,1503699377112,-5,-1,3,2,2,1,7,5
8735,8735,1503699377127,-7,-4,-1,-3,-1,1,-1,2
8736,8736,1503699377134,-2,-6,-2,-2,0,12,1,4
8737,8737,1503699377143,-15,-1,0,-3,-1,-3,0,2
8738,8738,1503699377157,-10,-5,-3,-1,-1,-7,-7,2
8739,8739,1503699377164,20,8,2,1,-1,1,2,20
8740,8740,1503699377172,2,6,1,-1,0,-1,-1,9
8741,8741,1503699377187,4,0,1,0,0,-3,-3,-4
8742,8742,1503699377194,-5,-5,0,1,-1,0,1,8
8743,8743,1503699377202,13,4,-4,-1,-2,-2,-9,-12
8744,8744,1503699377216,-3,-4,-1,-2,0,-6,-2,-4
8745,8745,1503699377225,-4,-1,0,0,-2,-2,2,-12
8746,8746,1503699377232,1,-1,-2,-2,-2,-4,-2,1
8747,8747,1503699377250,-17,-15,-6,-2,-1,-1,-2,-13
8748,8748,1503699377254,-1,-6,-6,-3,-1,1,2,-7
8749,8749,1503699377262,-18,-13,-3,0,-1,1,1,8
8750,8750,1503699377276,-7,-3,-3,-2,1,0,-4,-8
8751,8751,1503699377284,11,7,3,1,0,-1,-5,2
8752,8752,1503699377293,1,1,4,1,-1,-1,6,14
8753,8753,1503699377307,1,3,1,-1,0,-2,1,-18
8754,8754,1503699377317,-10,-1,1,0,0,2,6,1
8755,8755,1503699377322,3,2,1,-1,-2,-2,3,-1
8756,8756,1503699377336,3,-6,-8,-3,-2,-2,-5,-5
8757,8757,1503699377344,11,5,-2,-2,-2,0,1,11
8758,8758,1503699377355,2,1,-1,0,-3,-1,-1,-7
8759,8759,1503699377367,-2,-2,0,-1,-2,1,-1,0
8760,8760,1503699377374,0,2,4,-1,-1,1,-1,-19
8761,8761,1503699377384,-8,0,4,1,2,0,-6,0
8762,8762,1503699377396,0,-1,0,-1,0,-3,2,11
8763,8763,1503699377404,-2,4,6,0,-2,1,1,-7
8764,8764,1503699377412,-4,0,3,4,-1,-1,-16,-9
8765,8765,1503699377427,-9,1,-3,0,-1,-1,0,-9
8766,8766,1503699377434,-2,-3,-1,0,0,-1,2,-1
8767,8767,1503699377442,-4,-1,4,2,0,1,-3,-6
8768,8768,1503699377456,7,3,2,-3,0,0,2,7
8769,8769,1503699377464,1,3,-2,-2,-2,2,2,9
8770,8770,1503699377479,7,1,0,0,-2,-7,-1,8
8771,8771,1503699377487,-4,-3,-2,-1,1,-3,-10,5
8772,8772,1503699377501,-1,1,-2,-3,-2,0,10,0
8773,8773,1503699377503,2,-3,-2,-1,-3,-1,-2,2
8774,8774,1503699377519,-12,-2,-2,-1,-1,-1,-7,-26
8775,8775,1503699377524,5,-4,-3,-3,-2,0,2,9
8776,8776,1503699377532,-9,1,-1,-1,-1,2,1,-1
8777,8777,1503699377547,-4,-2,-3,-1,-1,-2,-3,-14
8778,8778,1503699377555,0,-5,-1,-1,0,-1,-2,7
8779,8779,1503699377562,-2,-1,0,0,0,1,6,3
8780,8780,1503699377576,-2,-2,-2,-2,0,2,0,1
8781,8781,1503699377585,1,1,-1,-2,-1,-1,4,-1
8782,8782,1503699377592,-4,1,-1,2,-1,0,5,-4
8783,8783,1503699377607,3,-2,-2,-1,0,-1,-2,-5
8784,8784,1503699377614,8,4,-1,-1,-1,0,-4,5
8785,8785,1503699377623,-2,-3,-2,-1,-1,-2,1,2
8786,8786,1503699377636,2,0,0,-1,-2,-6,4,3
8787,8787,1503699377644,2,-2,-5,-2,-2,-4,-5,-4
8788,8788,1503699377659,-2,-1,0,-1,-1,0,-2,0
8789,8789,1503699377667,-4,-4,-4,-3,-1,0,-3,-5
8790,8790,1503699377674,-4,4,-4,-3,-1,-1,0,0
8791,8791,1503699377689,-2,-1,1,-1,0,-5,-3,0
8792,8792,1503699377690,-2,-1,4,1,0,0,4,9
8793,8793,1503699377696,-5,9,14,5,0,4,-2,5
8794,8794,1503699377704,0,2,-4,-3,-1,0,4,18
8795,8795,1503699377720,-8,-9,-7,-2,1,-1,-4,-3
8796,8796,1503699377727,4,-4,0,0,-2,-2,1,-2
8797,8797,1503699377734,-2,-6,-3,-1,-1,1,-2,-9
8798,8798,1503699377749,-6,0,-4,-1,-2,0,-1,-6
8799,8799,1503699377756,0,-1,-4,-1,-1,-1,-2,-1
8800,8800,1503699377764,0,-3,-1,-3,-2,-2,-2,0
8801,8801,1503699377779,-2,-4,-6,-3,-1,-2,-5,-3
8802,8802,1503699377788,1,2,2,-1,1,-2,0,1
8803,8803,1503699377795,9,3,-1,-4,-4,-3,-4,0
8804,8804,1503699377809,-11,-2,-1,0,0,-1,-3,-4
8805,8805,1503699377816,0,-1,-3,0,-1,1,2,1
8806,8806,1503699377825,-2,-2,-1,0,0,-1,-3,-3
8807,8807,1503699377839,-5,2,0,-2,0,-1,-1,-11
8808,8808,1503699377848,2,1,2,0,-1,-2,1,2
8809,8809,1503699377856,11,3,1,1,0,1,-4,3
8810,8810,1503699377869,2,-2,-2,0,0,1,-1,-2
8811,8811,1503699377876,-6,-5,-2,-1,-1,-3,0,3
8812,8812,1503699377898,-1,0,1,0,-1,0,-4,-10
8813,8813,1503699377899,3,-7,-2,-1,-2,-10,1,14
8814,8814,1503699377907,-6,1,1,1,1,0,4,2
8815,8815,1503699377914,4,0,-1,1,-2,0,-4,-1
8816,8816,1503699377930,4,2,-1,-2,-1,0,0,-3
8817,8817,1503699377936,1,-2,-1,-3,-2,1,1,8
8818,8818,1503699377944,-3,-3,-2,-1,-2,1,-1,-14
8819,8819,1503699377960,-7,-1,-1,-1,1,1,0,-13
8820,8820,1503699377967,9,0,-4,-2,-2,5,0,2
8821,8821,1503699377974,-1,-1,0,2,0,1,-1,1
9431,9431,1503699383832,-10,-4,-2,-2,-1,-2,-2,-4
9432,9432,1503699383839,0,17,15,3,0,-1,1,0
9433,9433,1503699383854,-3,-9,-4,-1,1,2,0,-1
9434,9434,1503699383869,-3,-3,-2,-1,-3,0,-2,2
9435,9435,1503699383871,14,21,7,2,0,-4,-1,-2
9436,9436,1503699383883,1,-4,-2,0,-1,1,1,-3
9437,9437,1503699383891,-9,-6,-1,0,-1,1,2,1
9438,9438,1503699383900,0,-1,0,1,2,0,0,-1
9439,9439,1503699383914,6,0,-5,-2,0,0,-1,-2
9440,9440,1503699383921,13,3,1,2,1,1,0,1
9441,9441,1503699383930,-4,-5,-3,-1,-2,-1,-3,0
9442,9442,1503699383944,3,2,-3,-3,-2,-1,-2,-2
9443,9443,1503699383951,-10,-3,0,-2,-3,-2,-2,-3
9444,9444,1503699383962,-8,-2,-3,-1,-1,-2,0,-1
9445,9445,1503699383974,16,13,5,3,4,1,0,-2
9446,9446,1503699383981,-6,-5,-1,3,-1,0,1,-2
9447,9447,1503699383989,-6,-2,-2,-4,-5,-4,-2,-4
9448,9448,1503699384005,3,3,-1,-3,-4,-5,-2,-4
9449,9449,1503699384011,-4,-3,-2,-1,-4,-4,-1,10
9450,9450,1503699384022,-10,-9,-4,-4,-4,0,2,5
9451,9451,1503699384035,-6,-3,1,2,1,0,1,1
9452,9452,1503699384041,6,3,-1,0,3,-3,-11,1
9453,9453,1503699384049,-13,-7,-5,-2,-3,-5,-4,-12
9454,9454,1503699384064,-1,-3,-2,0,0,2,1,-2
9455,9455,1503699384072,8,3,-1,2,1,-2,-3,-4
9456,9456,1503699384087,-5,0,1,1,0,-3,-2,-1
9457,9457,1503699384095,4,2,-4,-7,-9,-6,-3,-2
9458,9458,1503699384096,7,2,4,3,2,4,-1,-3
9459,9459,1503699384102,2,-4,0,-2,-3,-1,-2,-6
9460,9460,1503699384109,-5,-6,-2,0,2,2,4,1
9461,9461,1503699384124,6,5,0,-2,-2,1,-1,-6
9462,9462,1503699384132,6,4,-3,-5,-7,-3,5,2
9463,9463,1503699384147,-4,-2,0,-1,0,3,1,-1
9464,9464,1503699384154,-7,-7,-3,-3,-1,-1,-3,0
9465,9465,1503699384165,-13,-2,2,3,-1,-2,-2,-1
9466,9466,1503699384166,22,9,-3,-9,-12,-11,-3,2
9467,9467,1503699384169,-14,-13,-5,-5,2,-1,-2,9
9468,9468,1503699384184,-1,-5,-1,-2,-1,-2,-2,1
9469,9469,1503699384191,11,11,0,-1,-1,-1,-3,2
9470,9470,1503699384208,-1,-3,-3,1,1,1,3,-5
9471,9471,1503699384215,-14,-8,-2,0,0,2,-3,-4
9472,9472,1503699384222,-11,-3,2,2,3,-1,-10,-9
9473,9473,1503699384237,-7,-8,-3,-4,-4,0,1,-1
9474,9474,1503699384244,-12,-3,-1,0,2,0,1,9
9475,9475,1503699384251,4,-3,-2,3,2,3,4,0
9476,9476,1503699384269,0,3,1,3,3,1,-1,-1
9477,9477,1503699384274,-5,0,1,-1,-2,-3,4,13
9478,9478,1503699384282,-3,-4,-2,-2,-1,5,4,-9
9479,9479,1503699384300,4,2,1,0,-1,-3,-3,-2
9480,9480,1503699384305,-8,-6,-1,1,1,-2,1,0
9481,9481,1503699384311,8,5,5,4,3,0,-6,-14
9482,9482,1503699384327,-6,-9,-5,-1,1,0,2,0
9483,9483,1503699384334,4,4,3,0,1,0,-1,2
9484,9484,1503699384335,-6,3,3,1,-1,-2,-1,-5
9485,9485,1503699384342,-5,-4,-5,-2,-3,-4,-5,0
9486,9486,1503699384356,-4,-2,-5,-3,-4,0,-3,-9
9487,9487,1503699384371,-8,-5,-4,-2,-1,0,1,1
9488,9488,1503699384373,-5,0,8,2,-1,-2,3,-21
9489,9489,1503699384387,2,5,9,5,-2,-2,-1,-4
9490,9490,1503699384394,1,3,-2,-4,0,0,-1,5
9491,9491,1503699384409,17,4,-2,-3,-2,-1,1,2
9492,9492,1503699384416,10,-3,-8,-2,-2,-2,-2,4
9493,9493,1503699384424,-3,-3,-4,-3,-2,-1,-1,0
9494,9494,1503699384433,-5,-1,0,-3,1,-1,2,2
9495,9495,1503699384447,-3,2,-6,-2,-1,-1,1,1
9496,9496,1503699384454,12,9,1,-1,-1,2,0,7
9497,9497,1503699384477,3,3,2,-2,-1,-2,0,2
9498,9498,1503699384478,5,-4,-5,-2,-2,-3,-3,0
9499,9499,1503699384484,3,7,2,-1,-1,2,2,-1
9500,9500,1503699384491,-5,-1,1,-1,0,-1,0,-3
9501,9501,1503699384492,-10,-7,-1,0,-1,-2,2,1
9502,9502,1503699384508,-3,3,2,-1,1,-1,-2,2
9503,9503,1503699384514,-4,-3,-1,-1,-2,0,1,1
9504,9504,1503699384530,-2,-1,2,-2,-2,-3,-3,0
9505,9505,1503699384537,-7,-9,-2,0,2,-1,-7,-12
9506,9506,1503699384545,-9,-6,0,-1,-1,0,-4,-7
9507,9507,1503699384551,2,4,2,-1,-2,-3,-3,8
9508,9508,1503699384569,4,0,-1,0,-1,-1,5,-2
9509,9509,1503699384575,5,4,-1,0,1,2,2,2
9510,9510,1503699384590,5,0,-4,0,0,-2,-1,1
9511,9511,1503699384598,-11,-10,-2,0,-2,-1,-1,0
9512,9512,1503699384606,-10,-14,-4,1,2,0,-1,-1
9513,9513,1503699384612,-10,-7,-5,-1,-1,0,1,-1
9514,9514,1503699384627,0,-1,-2,-3,-3,-2,-1,1
9515,9515,1503699384634,1,1,-1,-2,-2,-1,0,-1
9516,9516,1503699384642,3,1,-1,-2,-3,-3,-2,1
9517,9517,1503699384656,0,-2,-2,-2,-3,0,2,0
9518,9518,1503699384664,1,3,4,-2,-5,-2,0,-3
9519,9519,1503699384673,-5,-5,-4,-3,0,6,2,0
9520,9520,1503699384674,2,2,2,8,8,-2,-1,2
9521,9521,1503699384687,16,11,3,0,-4,-1,1,3
9522,9522,1503699384694,6,2,1,-5,-5,-2,-4,-8
9523,9523,1503699384709,-5,-6,-3,0,4,0,-1,2
9524,9524,1503699384716,7,12,2,-3,1,2,-1,-3
9525,9525,1503699384724,-9,-5,0,1,0,0,1,2
9526,9526,1503699384732,-14,-4,3,0,-6,-3,2,2
9527,9527,1503699384747,-16,-5,1,3,0,-3,-4,-23
9528,9528,1503699384754,-7,-6,-6,-1,1,-1,-4,-2
9529,9529,1503699384770,11,4,-1,1,1,0,-2,6
9530,9530,1503699384777,1,-3,-4,0,2,0,-2,1
9531,9531,1503699384784,-8,-6,-4,-6,-4,2,-2,-2
9532,9532,1503699384791,1,1,1,-3,-4,-4,1,-2
9533,9533,1503699384807,1,1,0,-3,2,-3,-1,-3
9534,9534,1503699384814,10,3,1,0,-3,1,1,4
9535,9535,1503699384822,-5,-3,2,12,6,-1,-2,3
9536,9536,1503699384837,-1,-4,-1,11,10,4,2,5
9537,9537,1503699384845,-2,0,-1,-4,2,5,5,6
9538,9538,1503699384851,4,4,-3,-4,-7,-3,0,-1
9539,9539,1503699384871,-12,-3,-3,-3,-2,0,-2,2
9540,9540,1503699384874,-7,-2,-1,-5,-4,-4,0,2
9541,9541,1503699384889,12,5,3,-1,-5,-6,-5,-4
9542,9542,1503699384896,0,2,3,0,-3,2,2,6
9543,9543,1503699384907,-2,-4,-4,-3,0,0,-2,-7
9544,9544,1503699384919,15,3,0,-6,-15,-14,-5,-4
9545,9545,1503699384927,8,0,-2,1,1,-3,-3,0
9546,9546,1503699384936,-9,-3,7,28,25,11,8,-5
9547,9547,1503699384937,0,0,-5,-9,-5,-2,-1,-2
9548,9548,1503699384950,0,-1,-3,-3,3,3,1,4
9549,9549,1503699384956,-16,-8,-1,-1,-1,0,-1,-5
9550,9550,1503699384966,-16,-7,-1,-5,-6,-3,-1,-2
9551,9551,1503699384972,-3,1,2,2,5,3,-1,-3
9552,9552,1503699384987,0,-3,-7,1,0,-1,1,-3
9553,9553,1503699384994,5,-2,-1,-1,2,0,-1,4
9554,9554,1503699385010,4,4,-1,-2,-8,0,-2,-5
9555,9555,1503699385016,-7,-5,-3,-1,-2,-2,-5,-12
9556,9556,1503699385025,1,-1,2,2,1,0,2,2
9557,9557,1503699385032,12,7,2,-1,0,4,8,4
9558,9558,1503699385047,-4,-2,-2,-1,-13,4,1,-2
9559,9559,1503699385054,-8,-5,-4,-1,0,-2,-1,1
9560,9560,1503699385071,11,13,2,-3,-4,-5,-6,-3
9561,9561,1503699385078,4,2,1,0,1,1,-3,0
9562,9562,1503699385084,-4,0,2,0,1,0,-1,3
9563,9563,1503699385091,-3,2,2,0,3,1,-2,8
9564,9564,1503699385108,10,1,-3,-4,0,0,2,3
9565,9565,1503699385114,-5,-8,-6,-2,-2,-3,-1,-3
9566,9566,1503699385129,3,-1,3,-2,0,-2,0,-1
9567,9567,1503699385138,-3,-2,-1,1,1,2,4,-6
9568,9568,1503699385152,-8,1,1,2,1,0,-1,-5
9569,9569,1503699385159,8,0,-1,-1,-1,-2,-5,-5
9570,9570,1503699385175,-5,-6,0,1,0,-2,2,8
9571,9571,1503699385176,9,3,7,6,3,2,-1,5
9572,9572,1503699385189,2,12,16,5,0,-1,-4,-9
9573,9573,1503699385197,-12,-7,-4,-1,1,5,1,-8
9574,9574,1503699385205,3,-5,-7,-5,-2,-1,1,12
10254,10254,1503699391826,0,3,5,1,1,1,-1,-2
10255,10255,1503699391833,7,7,6,1,1,-1,1,5
10256,10256,1503699391841,-3,-4,0,0,0,1,0,-2
10257,10257,1503699391857,6,-4,-4,-2,-1,0,-1,13
10258,10258,1503699391864,10,5,-3,-3,-3,-2,-2,0
10259,10259,1503699391872,0,-1,-1,0,-1,1,-2,-3
10260,10260,1503699391886,-5,2,1,-2,-2,-1,-1,-5
10261,10261,1503699391894,-5,-5,4,1,2,2,1,1
10262,10262,1503699391901,19,1,-3,1,2,-1,-5,-1
10263,10263,1503699391918,-14,-3,0,-1,1,0,-1,-8
10264,10264,1503699391924,1,2,-2,-1,-1,-1,0,-1
10265,10265,1503699391932,9,3,-2,-2,-2,0,-1,-3
10266,10266,1503699391953,13,5,0,0,-2,-2,-2,-2
10267,10267,1503699391955,6,9,3,-3,-1,-1,0,-1
10268,10268,1503699391961,-26,-3,-1,1,0,-1,-3,-10
10269,10269,1503699391976,-10,-4,-6,-1,-2,-3,-3,-5
10270,10270,1503699391985,-7,2,1,-1,-1,-2,1,1
10271,10271,1503699391993,-2,-1,3,1,1,-1,-1,-5
10272,10272,1503699392006,1,-9,-7,-4,-3,-2,0,-1
10273,10273,1503699392014,4,2,1,1,-2,-1,0,0
10274,10274,1503699392022,15,10,3,-1,-2,-4,-4,5
10275,10275,1503699392036,-4,-1,2,1,-1,0,0,-1
10276,10276,1503699392045,17,6,0,1,1,-2,-1,0
10277,10277,1503699392062,-1,-1,-1,1,1,-1,-2,1
10278,10278,1503699392065,1,-6,-7,-3,-2,2,1,0
10279,10279,1503699392073,-16,-9,-4,0,1,0,-2,-4
10280,10280,1503699392081,-13,-7,0,-1,0,2,1,-1
10281,10281,1503699392096,3,5,-1,-2,-1,3,0,0
10282,10282,1503699392103,-1,-2,1,0,-1,0,1,1
10283,10283,1503699392112,-8,-4,-1,-1,-1,-1,6,0
10284,10284,1503699392126,-1,-5,0,-1,-1,1,0,-2
10285,10285,1503699392134,7,2,-2,-3,0,-2,-2,0
10286,10286,1503699392141,-13,1,3,2,0,0,0,-1
10287,10287,1503699392156,-10,-2,0,-2,0,-3,-2,0
10288,10288,1503699392164,-12,-3,-2,-3,-3,-3,-2,-3
10289,10289,1503699392172,6,1,3,1,-1,4,-2,-2
10290,10290,1503699392187,24,12,-1,-5,-2,-5,-2,3
10291,10291,1503699392195,-1,-2,-2,0,-2,-2,-1,-1
10292,10292,1503699392201,-7,-5,-1,1,0,4,2,-1
10293,10293,1503699392216,-3,-1,1,0,0,-2,-4,-5
10294,10294,1503699392225,-18,-7,-2,0,-2,-2,-2,-5
10295,10295,1503699392231,8,0,-1,-1,-1,2,3,3
10296,10296,1503699392232,-10,-4,-4,-2,-1,-4,-3,1
10297,10297,1503699392245,-23,-5,4,3,1,2,0,-3
10298,10298,1503699392254,-1,0,-4,-2,-4,-4,-3,-3
10299,10299,1503699392261,7,-1,-5,-3,0,1,0,3
10300,10300,1503699392276,-1,-4,-5,-4,-3,3,5,10
10301,10301,1503699392284,-9,-6,-1,0,0,-2,-2,-5
10302,10302,1503699392292,16,5,-2,-3,-2,-5,-4,2
10303,10303,1503699392306,16,0,-1,-1,0,0,1,-7
10304,10304,1503699392314,-8,1,0,-1,-1,0,0,-1
10305,10305,1503699392321,8,4,-1,-1,0,-1,2,9
10306,10306,1503699392336,29,8,-3,-2,0,0,0,-1
10307,10307,1503699392344,-1,-10,-10,-5,-2,-1,-2,-1
10308,10308,1503699392354,-12,0,4,4,3,3,0,-3
10309,10309,1503699392366,7,-1,-5,-2,-3,-3,-3,0
10310,10310,1503699392374,-1,-2,-3,-2,0,-3,0,2
10311,10311,1503699392381,-14,5,9,3,0,0,-1,-6
10312,10312,1503699392397,-7,9,24,10,2,0,-1,-4
10313,10313,1503699392403,4,-7,-5,-3,-2,-2,-1,2
10314,10314,1503699392404,-4,4,-10,-2,-1,0,-3,1
10315,10315,1503699392412,3,-5,-8,-3,-1,0,1,-4
10316,10316,1503699392426,-2,-6,-3,-2,0,1,-1,0
10317,10317,1503699392434,3,-1,0,-1,-2,-1,-1,-1
10318,10318,1503699392441,1,2,3,1,0,4,-2,0
10319,10319,1503699392461,-10,-6,-3,-3,-3,-1,-2,-1
10320,10320,1503699392464,2,-2,4,0,0,-6,-2,0
10321,10321,1503699392472,9,1,-4,-3,-2,-1,-1,-2
10322,10322,1503699392490,10,14,12,3,0,-1,-1,3
10323,10323,1503699392494,-13,-9,-7,-2,1,-1,-2,-9
10324,10324,1503699392501,-4,-4,-7,-3,-3,-2,2,-1
10325,10325,1503699392516,10,1,1,-1,-1,4,-3,8
10326,10326,1503699392524,1,0,-2,-3,-1,1,-1,-2
10327,10327,1503699392532,0,-3,-5,-1,0,-6,-2,2
10328,10328,1503699392546,-4,-1,1,-1,0,-2,1,-1
10329,10329,1503699392559,1,0,0,-1,-1,-3,-8,-11
10330,10330,1503699392561,-6,-5,-3,-1,-1,-1,-11,-11
10331,10331,1503699392576,3,3,5,3,3,-6,0,-8
10332,10332,1503699392584,-5,-6,-5,-3,-4,2,6,1
10333,10333,1503699392599,8,0,-5,-3,-3,1,1,5
10334,10334,1503699392606,15,3,-1,0,0,-3,-2,2
10335,10335,1503699392614,-12,3,5,2,0,-1,1,5
10336,10336,1503699392628,10,-1,-4,-3,-2,0,2,-2
10337,10337,1503699392636,-8,-11,-2,-2,-2,0,0,6
10338,10338,1503699392643,0,-6,-5,-2,0,-2,-6,-7
10339,10339,1503699392659,3,-3,-7,-2,-1,2,2,8
10340,10340,1503699392666,-17,-5,0,0,0,-1,2,2
10341,10341,1503699392675,0,0,-5,-3,-3,-2,-4,-4
10342,10342,1503699392691,-11,-1,1,0,0,-2,1,3
10343,10343,1503699392696,-4,2,1,0,-2,4,0,0
10344,10344,1503699392704,-2,1,2,1,-2,0,6,0
10345,10345,1503699392720,-3,-1,-2,-1,-1,-3,1,-2
10346,10346,1503699392728,14,4,-1,-2,0,1,-2,-4
10347,10347,1503699392738,-1,-3,-2,-2,-2,1,0,-2
10348,10348,1503699392748,4,0,1,1,0,-1,-4,-1
10349,10349,1503699392760,-8,-11,-3,1,0,-1,2,-5
10350,10350,1503699392765,14,5,2,0,-1,-2,-2,0
10351,10351,1503699392779,-20,-5,5,0,1,1,-1,4
10352,10352,1503699392787,-6,-5,-2,-4,-2,0,-2,9
10353,10353,1503699392797,22,5,-2,-1,0,2,-1,-2
10354,10354,1503699392808,-8,-2,0,-2,-1,-1,-4,-2
10355,10355,1503699392817,4,-2,-4,-2,-3,-3,-1,-4
10356,10356,1503699392833,2,-1,1,1,-1,-1,-1,0
10357,10357,1503699392839,-6,2,5,-1,0,-2,-3,-4
10358,10358,1503699392858,-2,-2,0,0,0,0,1,-2
10359,10359,1503699392868,9,6,12,4,1,2,-3,-1
10360,10360,1503699392876,4,5,-4,-2,-2,-1,0,6
10361,10361,1503699392884,-11,-9,-7,-4,-2,-2,-1,-5
10362,10362,1503699392899,-10,2,8,1,0,0,1,-4
10363,10363,1503699392906,10,11,-3,-4,-1,3,2,-1
10364,10364,1503699392915,-2,-4,-6,0,-1,0,-3,-10
10365,10365,1503699392928,-1,-7,-8,-1,-1,-3,-2,4
10366,10366,1503699392937,4,1,-6,-2,-1,-3,-3,-3
10367,10367,1503699392943,9,-5,-5,-2,-1,-1,-1,-8
10368,10368,1503699392959,4,-2,-2,0,0,1,-5,-14
10369,10369,1503699392967,-8,-5,0,2,-1,-1,2,20
10370,10370,1503699392974,13,4,-3,-4,-3,-3,1,5
10371,10371,1503699392988,-7,-1,2,1,2,-1,1,-11
10372,10372,1503699392996,-28,-8,0,0,0,0,-1,-2
10373,10373,1503699393004,-13,-5,-3,-2,-2,-2,0,5
10374,10374,1503699393019,-2,-3,1,2,-1,-2,1,11
10375,10375,1503699393027,-3,4,5,2,-1,-1,-1,-5
10376,10376,1503699393034,4,1,0,0,0,-3,0,8
10377,10377,1503699393048,8,-3,-7,-3,-3,-1,-3,-15
10378,10378,1503699393056,-11,-4,0,-1,-1,0,-2,-7
10379,10379,1503699393064,4,2,-1,-2,-2,-4,-2,-5
10380,10380,1503699393078,4,3,-2,-1,-2,1,4,4
10381,10381,1503699393086,-17,-1,2,1,0,2,7,-8
10382,10382,1503699393094,11,5,0,0,1,-1,-3,2
10383,10383,1503699393108,5,-1,-1,-3,-3,-5,-1,3
10384,10384,1503699393116,10,1,-2,-2,1,0,1,-4
10385,10385,1503699393124,-5,-6,0,1,2,-3,-3,-3
10386,10386,1503699393139,-1,-2,-1,-1,-1,1,-1,4
10387,10387,1503699393146,7,1,2,-2,0,2,0,9
10388,10388,1503699393154,-10,-11,-3,0,1,-3,-6,-4
10389,10389,1503699393169,1,2,2,2,0,3,-5,-4
10390,10390,1503699393176,10,3,-1,-3,-1,-3,-1,-2
10391,10391,1503699393183,-2,0,-12,-5,-1,-2,-1,0
10392,10392,1503699393199,18,16,6,1,0,0,0,3
10393,10393,1503699393206,0,1,-3,-1,-2,1,0,8
10394,10394,1503699393214,-8,-5,-5,-3,-1,0,0,-3
10395,10395,1503699393228,-24,-3,3,1,0,-2,-4,-11
10396,10396,1503699393237,9,5,4,-2,-1,-2,1,8
10397,10397,1503699393243,-2,-6,-4,-3,-2,3,1,-1
10398,10398,1503699393261,-12,-8,-4,-1,-1,0,1,1
10399,10399,1503699393266,11,8,11,4,1,-3,1,12
10400,10400,1503699393274,7,-3,-6,-2,-2,0,-2,1
10401,10401,1503699393288,-2,-1,4,4,1,0,1,8
10402,10402,1503699393296,-14,-14,-4,0,-1,-2,-1,-9
10403,10403,1503699393304,2,-1,3,-1,0,0,0,-4
10404,10404,1503699393319,-9,0,0,1,0,-1,-3,-8
10405,10405,1503699393328,-7,-4,-6,-3,-2,-2,-3,-12
10406,10406,1503699393334,2,3,3,0,-1,7,4,7
10407,10407,1503699393348,-14,-6,-4,-1,-1,-2,-2,0
10408,10408,1503699393356,-8,-2,-2,-2,-2,-4,-3,2
10409,10409,1503699393364,5,-1,-4,-2,-2,-2,-3,-5
10410,10410,1503699393379,12,6,0,-1,-2,-3,-1,-1
10411,10411,1503699393386,1,-5,-3,-2,-2,-5,-9,-2
10412,10412,1503699393399,-4,1,2,0,-1,-4,-2,-6
10413,10413,1503699393410,-6,-4,-1,0,-2,0,3,1
10414,10414,1503699393416,5,1,-2,1,-2,0,-1,-11
10415,10415,1503699393424,2,2,2,0,-1,1,-2,1
10416,10416,1503699393439,-6,-4,-2,-1,-2,0,1,-8
10417,10417,1503699393446,15,6,0,2,1,8,2,2
10418,10418,1503699393454,4,1,0,0,-2,-2,7,7
10419,10419,1503699393469,0,-3,-2,-3,-2,-3,5,7
10420,10420,1503699393476,6,5,4,3,2,0,-3,-2
10421,10421,1503699393483,2,0,-3,-1,0,0,3,-2
10422,10422,1503699393499,-8,-1,-1,-1,1,2,-7,-30
10423,10423,1503699393506,10,2,-1,-1,-2,-2,0,-17
10424,10424,1503699393521,-1,-5,-2,-1,-1,-2,-1,8
10425,10425,1503699393530,-12,-5,-3,-2,-2,-5,-11,4
10426,10426,1503699393536,5,6,-2,-3,-6,-5,-4,-7
10427,10427,1503699393550,-15,-3,0,0,2,1,3,2
10428,10428,1503699393558,-9,-5,-3,0,1,0,0,12
10429,10429,1503699393566,4,-1,-8,-2,-3,-3,-3,4
10430,10430,1503699393581,-13,-4,-4,-2,-1,0,2,5
10431,10431,1503699393588,9,1,0,0,-3,1,7,4
10432,10432,1503699393597,1,-2,1,0,1,-5,-11,-9
10433,10433,1503699393610,3,1,-1,-1,0,-1,-16,-8
10434,10434,1503699393618,2,-6,-3,-3,-2,1,3,15
10435,10435,1503699393626,17,21,14,4,2,0,2,-3
10436,10436,1503699393641,20,5,-6,-4,-2,-2,-2,6
10437,10437,1503699393648,-2,-2,-1,1,-2,-1,4,8
10438,10438,1503699393656,-1,0,-3,-1,-2,-2,-1,-2
10439,10439,1503699393674,21,1,-4,-2,-1,-2,-2,-3
10440,10440,1503699393679,-9,-6,-2,-2,-1,-1,2,0
10441,10441,1503699393686,-13,-5,0,-1,1,0,-3,0
10442,10442,1503699393701,-6,1,1,2,1,-1,2,-10
10443,10443,1503699393708,-5,-6,-2,-2,-2,1,-3,-5
10444,10444,1503699393716,-3,0,2,-1,-1,-1,-1,-3
10445,10445,1503699393731,-5,-11,-4,-1,0,2,7,2
10446,10446,1503699393739,-10,-1,4,1,1,2,-1,-4
10447,10447,1503699393746,-8,2,2,3,1,1,0,-7
10448,10448,1503699393761,-4,-1,-2,0,-3,-3,-5,-2
10449,10449,1503699393768,-10,-4,-3,-2,-2,-4,-2,0
10450,10450,1503699393776,20,4,2,2,-1,0,-2,-1
10451,10451,1503699393790,4,1,-2,-1,-1,-1,2,22
10452,10452,1503699393799,-11,-7,-2,-1,0,2,4,6
10453,10453,1503699393807,8,0,-2,-2,-4,-8,1,11
10454,10454,1503699393821,-1,-1,-2,-1,-4,-2,3,-3
10455,10455,1503699393828,-1,3,0,1,2,0,0,-6
10456,10456,1503699393837,-15,-7,0,0,-6,-5,-3,-3
10457,10457,1503699393850,-16,-7,-2,-2,-1,1,0,-7
10458,10458,1503699393858,14,1,-2,-1,-1,-3,3,9
10459,10459,1503699393859,1,-2,0,0,6,4,2,9
10460,10460,1503699393867,2,0,-5,-2,-3,-2,-3,-14
10461,10461,1503699393881,4,-4,-1,-3,0,3,4,4
11161,11161,1503699400587,2,0,-1,-3,-2,0,0,-4
11162,11162,1503699400594,-2,3,-1,0,-1,0,-1,1
11163,11163,1503699400608,-4,-1,1,2,1,-1,-2,0
11164,11164,1503699400617,4,-2,-4,1,0,0,-1,1
11165,11165,1503699400623,-1,-6,-4,-3,-4,-3,-4,-8
11166,11166,1503699400639,-1,-5,-4,0,-2,-5,-5,-4
11167,11167,1503699400646,-11,-5,-1,0,-1,-1,1,4
11168,11168,1503699400661,-5,-3,-2,-3,-1,-3,-1,2
11169,11169,1503699400669,6,3,0,2,0,-2,-3,0
11170,11170,1503699400678,-6,0,-3,-3,-1,0,0,-1
11171,11171,1503699400683,0,-2,0,-1,-1,-1,1,0
11172,11172,1503699400699,7,-2,-3,-3,-2,0,0,-1
11173,11173,1503699400706,-3,2,5,1,-1,-3,-1,0
11174,11174,1503699400721,-12,0,1,1,2,0,1,1
11175,11175,1503699400728,-3,1,0,0,1,3,1,0
11176,11176,1503699400738,2,0,-2,-2,-2,-2,-1,-1
11177,11177,1503699400739,-1,0,2,2,1,0,-3,-1
11178,11178,1503699400745,-18,-9,-5,0,0,0,-2,-2
11179,11179,1503699400759,12,9,0,-5,-4,-5,-1,0
11180,11180,1503699400766,-8,-5,1,-1,-1,0,0,0
11181,11181,1503699400781,7,-2,-1,-2,-3,-2,-2,-2
11182,11182,1503699400789,5,3,-2,-2,-3,-1,-1,-1
11183,11183,1503699400796,0,0,8,9,7,2,0,1
11184,11184,1503699400803,19,6,-1,-6,-3,-5,-3,-1
11185,11185,1503699400820,-2,2,0,-3,-1,0,0,-3
11186,11186,1503699400826,14,9,2,3,1,2,6,2
11187,11187,1503699400841,1,-1,-2,0,-2,1,1,2
11188,11188,1503699400848,-2,-9,-6,-4,-3,-2,-3,-6
11189,11189,1503699400857,-15,-10,-4,2,3,1,-2,-2
11190,11190,1503699400863,5,3,-1,-1,-4,0,-2,-2
11191,11191,1503699400883,1,-5,-6,-5,-5,1,0,-1
11192,11192,1503699400886,-4,0,6,1,-1,0,0,0
11193,11193,1503699400901,-5,-2,3,0,0,1,2,0
11194,11194,1503699400908,-7,-2,-3,5,10,3,1,1
11195,11195,1503699400917,-8,-5,0,12,5,2,0,-2
11196,11196,1503699400923,-3,-4,0,-3,1,-2,-3,-2
11197,11197,1503699400939,-4,-3,-2,-3,0,-1,-1,-2
11198,11198,1503699400948,-4,-3,-2,0,-1,-2,0,0
11199,11199,1503699400961,16,9,0,-3,-5,-2,-1,-1
11200,11200,1503699400968,-9,6,7,1,0,0,1,1
11201,11201,1503699400976,2,1,-2,-4,-2,-3,-5,-1
11202,11202,1503699400991,1,-1,-7,-3,-2,0,0,-3
11203,11203,1503699400999,28,12,-4,-5,-5,-1,-2,2
11204,11204,1503699401006,-9,-9,-2,-3,-3,-2,-3,-1
11205,11205,1503699401021,-13,6,13,0,-2,-3,0,0
11206,11206,1503699401028,8,8,3,3,2,6,4,1
11207,11207,1503699401036,2,-3,-8,-5,-1,-2,-1,-1
11208,11208,1503699401051,14,2,-5,-3,-4,-4,-4,0
11209,11209,1503699401059,-8,-1,0,0,0,-1,-1,0
11210,11210,1503699401066,-4,-8,-7,-3,-2,-2,0,1
11211,11211,1503699401083,-10,-7,-4,0,2,-2,0,0
11212,11212,1503699401088,2,-2,1,0,-3,0,-2,-1
11213,11213,1503699401089,6,9,-1,-3,-2,-2,-2,2
11214,11214,1503699401096,-1,1,2,0,0,-1,-1,-2
11215,11215,1503699401111,-4,-1,11,3,0,0,0,-15
11216,11216,1503699401119,-14,-4,-2,0,-1,1,1,-3
11217,11217,1503699401126,8,-9,-9,-5,-5,-3,-2,1
11218,11218,1503699401141,-6,-1,0,0,0,1,1,0
11219,11219,1503699401149,-14,-11,-2,-1,-1,-2,-2,-2
11220,11220,1503699401158,-11,-8,-8,-4,-6,-3,-4,0
11221,11221,1503699401171,11,9,-2,-3,-1,2,4,3
11222,11222,1503699401179,-4,-3,-3,0,-2,-2,-1,-2
11223,11223,1503699401186,1,-1,0,0,-2,-2,-1,1
11224,11224,1503699401201,10,4,-2,-3,-2,-1,-2,-1
11225,11225,1503699401208,-13,-5,-1,1,2,1,-3,-2
11226,11226,1503699401217,2,-4,-2,-2,-2,-2,0,2
11227,11227,1503699401231,14,13,4,2,5,-1,-4,-2
11228,11228,1503699401239,1,6,-2,-1,-2,1,2,-2
11229,11229,1503699401246,-22,-8,-6,-4,-1,1,1,1
11230,11230,1503699401261,-11,-6,2,5,3,-1,-5,0
11231,11231,1503699401268,5,2,-4,-3,-4,-4,-4,-1
11232,11232,1503699401276,-4,-8,-1,-2,-1,-1,-2,-6
11233,11233,1503699401291,-1,-5,0,-2,-1,-1,-1,-1
11234,11234,1503699401299,8,1,0,2,1,0,1,0
11235,11235,1503699401306,-2,0,0,0,-1,0,-1,2
11236,11236,1503699401325,1,-1,-4,-3,-1,4,-2,-1
11237,11237,1503699401328,-9,6,7,5,1,-1,1,0
11238,11238,1503699401336,19,7,1,-4,-1,0,-2,-1
11239,11239,1503699401353,-6,-4,-2,7,5,-2,-2,-1
11240,11240,1503699401359,5,-1,-3,-1,-2,-1,1,-3
11241,11241,1503699401366,14,1,-2,-4,-6,-1,1,0
11242,11242,1503699401381,8,10,-3,-3,-2,-4,-4,1
11243,11243,1503699401390,9,2,-1,2,6,1,-2,1
11244,11244,1503699401397,-7,-5,2,-1,0,0,3,0
11245,11245,1503699401411,-5,-4,-7,-4,-5,-1,-1,-4
11246,11246,1503699401419,-7,-5,-1,2,0,-2,0,1
11247,11247,1503699401426,-2,-8,-4,-2,-3,-1,0,-2
11248,11248,1503699401441,-5,-6,-6,-4,-3,-1,-2,-2
11249,11249,1503699401451,-7,0,3,1,-1,0,-1,0
11250,11250,1503699401457,-3,-6,-8,-5,-3,-1,-1,-4
11251,11251,1503699401459,1,1,2,2,-1,0,1,0
11252,11252,1503699401471,11,2,-7,-4,-3,-3,-3,-4
11253,11253,1503699401479,-16,-5,1,2,1,1,2,3
11254,11254,1503699401486,-11,3,3,-2,-1,-1,-1,-1
11255,11255,1503699401501,4,4,0,0,-1,2,-1,1
11256,11256,1503699401508,-7,-12,-9,-5,-3,-3,-1,1
11257,11257,1503699401518,2,2,4,2,1,-1,0,-1
11258,11258,1503699401531,0,5,1,1,-1,-2,-1,-13
11259,11259,1503699401539,8,1,0,-2,-1,-1,1,-6
11260,11260,1503699401546,-7,-10,-4,-2,-1,1,2,5
11261,11261,1503699401561,-2,-1,-3,-2,0,-1,-4,-6
11262,11262,1503699401568,8,5,0,1,0,-1,-1,1
11263,11263,1503699401576,-9,-6,0,-2,1,-1,-1,2
11264,11264,1503699401593,-6,0,3,-2,-2,-1,-3,0
11265,11265,1503699401606,-1,-1,0,2,-2,0,1,-3
11266,11266,1503699401607,-2,-3,-2,-1,0,0,-4,-10
11267,11267,1503699401621,-14,-6,-5,-1,-2,0,2,-2
11268,11268,1503699401628,-5,-5,-3,-1,-4,-1,-2,-15
11269,11269,1503699401636,5,8,1,-3,-3,0,-2,-1
11270,11270,1503699401653,2,4,5,-1,-3,-1,0,8
11271,11271,1503699401659,5,0,-1,2,0,0,-3,0
11272,11272,1503699401666,-2,-4,-1,-2,1,0,1,5
11273,11273,1503699401682,-3,-4,1,-1,-1,3,5,5
11274,11274,1503699401688,-1,1,-1,-2,-2,-1,-1,0
11275,11275,1503699401696,-1,-3,-3,-1,-2,-5,-2,-1
11276,11276,1503699401711,-2,-1,1,0,1,-2,-5,-4
11277,11277,1503699401722,5,8,0,-2,0,-1,2,-1
11278,11278,1503699401727,12,1,-1,0,0,-1,1,5
11279,11279,1503699401741,-14,-5,0,1,2,0,-8,-28
11280,11280,1503699401748,-3,-6,-1,1,0,0,2,2
11281,11281,1503699401757,-11,-9,-4,-4,-1,-2,1,10
11282,11282,1503699401771,1,0,4,3,1,0,1,1
11283,11283,1503699401788,-7,-4,-3,-2,-1,0,-1,-6
11284,11284,1503699401801,-9,-2,3,-1,0,-4,0,3
11285,11285,1503699401808,-2,-1,-5,-2,-2,-3,-1,0
11286,11286,1503699401816,1,1,1,0,1,-1,-2,2
11287,11287,1503699401833,-2,-1,-1,1,-1,-1,-1,4
11288,11288,1503699401839,1,2,-1,-1,-3,-2,2,10
11289,11289,1503699401846,3,2,0,0,-1,-1,-2,-4
11290,11290,1503699401862,-5,9,-3,-2,-3,-1,0,8
11291,11291,1503699401868,4,-2,3,3,1,-1,-5,2
11292,11292,1503699401877,7,-5,-7,-4,-2,-1,-3,-1
11293,11293,1503699401891,4,4,5,0,-1,0,3,-1
11294,11294,1503699401899,10,2,3,0,0,1,-2,1
11295,11295,1503699401913,-7,-6,-7,-5,-1,-1,1,4
11296,11296,1503699401923,3,8,4,0,0,0,-2,-2
11297,11297,1503699401929,-3,-3,-6,-4,-2,-1,2,-1
11298,11298,1503699401943,3,-5,-7,0,-1,-1,-2,-1
11299,11299,1503699401951,-6,0,1,-1,-1,0,2,-1
11300,11300,1503699401959,-14,-7,-1,-2,-3,-3,-7,-27
11301,11301,1503699401973,-1,6,3,0,2,1,-5,-4
11302,11302,1503699401981,-13,-7,-4,-4,0,1,5,10
11303,11303,1503699401989,4,-2,-3,-2,-1,0,0,1
11304,11304,1503699402003,-2,-4,-4,-1,-1,1,1,-1
11305,11305,1503699402011,19,17,5,3,1,-1,0,6
11306,11306,1503699402019,-7,1,5,0,1,0,3,3
11307,11307,1503699402033,-14,-7,-3,-1,1,-2,-4,-14
11308,11308,1503699402041,19,8,5,0,-1,-2,-3,3
11309,11309,1503699402048,3,-1,-3,0,-1,-2,-1,7
11310,11310,1503699402064,-2,-7,-3,-1,-1,0,0,2
11311,11311,1503699402071,-18,-10,-3,-1,-2,0,1,-5
11312,11312,1503699402079,17,4,-2,-1,-1,-4,-5,0
11313,11313,1503699402095,-6,-3,-2,-1,-2,0,-4,-22
11314,11314,1503699402101,2,-3,-1,1,-1,-4,-5,3
11315,11315,1503699402108,7,-1,0,1,-1,-1,-1,10
11316,11316,1503699402126,-2,0,-2,0,0,1,1,-3
11317,11317,1503699402131,5,4,2,-1,0,-1,2,6
11318,11318,1503699402139,-5,1,-3,-1,0,0,3,4
11319,11319,1503699402156,3,2,-1,-2,-3,1,-1,-5
11320,11320,1503699402161,2,1,10,4,0,0,3,4
11321,11321,1503699402168,-2,6,0,-3,-3,-4,-4,2
11322,11322,1503699402183,0,4,3,-1,0,0,0,-4
11323,11323,1503699402191,-20,-12,-5,-1,-2,-1,-1,3
11324,11324,1503699402199,-5,3,2,-1,-2,-1,1,-3
11325,11325,1503699402213,-1,-4,-3,-2,-1,-3,0,3
11326,11326,1503699402225,-12,-1,0,2,-1,-1,-2,-1
11327,11327,1503699402228,13,0,1,1,-1,-2,-1,2
11328,11328,1503699402243,-2,-8,-8,-5,-3,-2,-3,-3
11329,11329,1503699402251,6,6,-1,-3,-1,0,0,1
11330,11330,1503699402259,-1,-7,-7,-4,-1,-1,0,-3
11331,11331,1503699402273,-8,-4,-2,1,1,-1,1,-2
11332,11332,1503699402281,-2,-3,7,5,2,2,0,1
11333,11333,1503699402292,-7,-5,1,-1,-1,0,2,1
11334,11334,1503699402303,-9,-14,-4,-2,0,2,0,4
11335,11335,1503699402310,3,1,1,-1,0,-1,-1,-2
11336,11336,1503699402319,1,-2,-2,-2,-2,-2,1,3
11337,11337,1503699402334,-8,-4,-5,-2,-1,0,1,4
11338,11338,1503699402341,17,16,4,1,-2,-2,-1,2
11339,11339,1503699402348,-6,-4,0,0,-2,-2,1,-1
11340,11340,1503699402363,-1,-2,-4,-3,-3,-2,-1,-6
11341,11341,1503699402371,-4,-7,1,1,1,-1,-1,-12
11342,11342,1503699402381,1,8,9,4,0,0,-1,-5
11343,11343,1503699402394,10,-5,-8,-5,-3,-2,-3,-3
11344,11344,1503699402404,-4,-1,-5,-2,-1,0,-3,-18
11345,11345,1503699402408,-5,0,3,-1,-1,-1,0,5
11346,11346,1503699402425,-23,-8,-3,-1,-3,-2,-5,-15
11347,11347,1503699402435,0,1,-2,-2,0,3,5,3
11348,11348,1503699402441,8,-1,-4,-1,-1,0,-2,-4
11349,11349,1503699402453,-1,0,-1,1,-1,3,-1,4
11350,11350,1503699402463,1,2,0,-2,1,0,3,10
11351,11351,1503699402468,6,5,0,-1,-2,-2,-2,0
11352,11352,1503699402483,12,3,-4,-2,-2,-4,-5,6
11353,11353,1503699402494,4,3,3,-1,2,-1,-2,-2
11354,11354,1503699402499,1,-3,-2,0,-1,1,-6,-5
11355,11355,1503699402515,1,2,-2,-2,-3,0,-12,-3
11356,11356,1503699402521,-9,-6,-3,-1,0,0,8,14
11357,11357,1503699402528,2,1,2,1,-1,-2,4,-2
11358,11358,1503699402544,0,-1,-2,-2,1,1,4,5
11359,11359,1503699402551,15,4,-2,-3,-2,-5,-1,2
11360,11360,1503699402561,-7,0,5,1,2,0,-1,0
11361,11361,1503699402573,-1,0,-1,-1,-1,1,-3,4
11362,11362,1503699402581,7,16,10,3,-1,-1,5,-13
11363,11363,1503699402588,-3,-5,-4,-2,0,-1,4,8
11364,11364,1503699402604,8,-4,-9,-3,0,-2,-1,-8
12064,12064,1503699409419,-6,-2,1,1,0,0,-1,-6
12065,12065,1503699409420,10,3,-2,1,1,-1,-5,-2
12066,12066,1503699409428,2,8,2,1,-3,-2,-4,-1
12067,12067,1503699409445,-8,-4,0,1,0,1,5,6
12068,12068,1503699409451,-8,-12,-7,-4,-2,-1,0,3
12069,12069,1503699409465,0,6,5,0,0,1,-1,0
12070,12070,1503699409475,-12,-6,-3,-1,2,-2,4,-6
12071,12071,1503699409488,4,4,3,0,-1,0,0,4
12072,12072,1503699409489,1,-1,-3,-3,0,0,0,4
12073,12073,1503699409503,3,0,-4,-4,-4,-1,0,3
12074,12074,1503699409513,-2,-1,1,3,2,0,3,2
12075,12075,1503699409518,2,-5,-3,-3,-2,-2,-3,-4
12076,12076,1503699409533,5,2,1,1,1,-1,-5,-6
12077,12077,1503699409542,0,1,0,1,4,4,0,2
12078,12078,1503699409549,6,2,1,-4,-4,1,-1,0
12079,12079,1503699409562,-8,-5,-3,-1,-1,-2,0,-3
12080,12080,1503699409570,-2,-1,1,-1,-1,-1,-1,3
12081,12081,1503699409578,2,-2,-6,-4,-4,-5,-2,11
12082,12082,1503699409602,-5,-1,-1,0,-2,-2,-3,-4
12083,12083,1503699409603,-1,-4,-4,-2,-1,0,1,-3
12084,12084,1503699409610,-2,-3,-2,-1,-2,-2,-4,6
12085,12085,1503699409622,-2,0,2,1,-1,0,-1,0
12086,12086,1503699409631,-1,1,0,0,0,0,0,-3
12087,12087,1503699409638,-9,0,6,3,2,-1,1,9
12088,12088,1503699409653,-4,-3,-1,-1,1,0,0,0
12089,12089,1503699409659,0,-5,-2,-3,-2,-3,-1,-6
12090,12090,1503699409668,10,9,10,2,0,-1,0,2
12091,12091,1503699409683,-4,-1,1,0,-1,-2,-2,-8
12092,12092,1503699409690,-3,-1,-2,-3,0,-1,-1,-6
12093,12093,1503699409698,2,2,3,1,-1,0,0,0
12094,12094,1503699409713,2,-2,-4,-2,-1,0,-2,-2
12095,12095,1503699409720,0,-2,-5,-2,-2,0,1,13
12096,12096,1503699409728,1,0,3,2,1,0,-2,1
12097,12097,1503699409742,-2,-3,-2,-3,-3,-2,-5,-9
12098,12098,1503699409751,-2,0,-1,-1,-5,-1,-1,1
12099,12099,1503699409758,5,0,-2,-1,0,-1,1,0
12100,12100,1503699409773,-9,-7,-8,-1,0,-1,-4,-14
12101,12101,1503699409780,-6,-6,-2,-1,-1,-1,0,-9
12102,12102,1503699409788,-4,-9,-9,-5,-1,-1,-1,3
12103,12103,1503699409802,2,6,4,-1,1,-2,-1,-6
12104,12104,1503699409811,-1,-3,2,1,-1,-1,4,9
12105,12105,1503699409818,-3,-9,-10,-4,-3,-1,3,12
12106,12106,1503699409833,14,2,-3,-2,-1,-3,0,-2
12107,12107,1503699409840,-6,7,-2,-1,-3,-3,-7,-9
12108,12108,1503699409848,-1,-2,2,0,1,0,0,4
12109,12109,1503699409862,-1,-1,-1,-1,-1,-1,-1,-2
12110,12110,1503699409870,-8,2,1,-1,-3,-1,-2,-7
12111,12111,1503699409879,12,10,5,2,0,0,0,-6
12112,12112,1503699409893,-11,0,-1,-2,-1,-1,1,-1
12113,12113,1503699409900,-9,-5,8,3,1,0,1,6
12114,12114,1503699409911,4,-2,-5,0,-5,-3,-3,-4
12115,12115,1503699409922,1,-6,-3,-1,-1,-2,-5,-8
12116,12116,1503699409930,-13,-8,-2,-2,0,-1,-6,-16
12117,12117,1503699409938,-9,2,1,1,0,-1,-5,-5
12118,12118,1503699409953,7,2,-4,-1,1,0,1,11
12119,12119,1503699409960,3,-38,-19,-7,-4,-3,-1,-8
12120,12120,1503699409969,11,1,-2,1,1,-1,-1,-3
12121,12121,1503699409984,5,-2,5,4,2,3,3,11
12122,12122,1503699409990,-15,-7,2,1,0,0,2,0
12123,12123,1503699409998,1,14,0,-2,1,-2,-2,0
12124,12124,1503699410015,-8,8,6,-1,-1,1,0,-3
12125,12125,1503699410022,-2,6,3,0,1,8,1,-1
12126,12126,1503699410028,9,-2,-1,-1,0,0,0,2
12127,12127,1503699410046,-6,6,-4,-3,-3,-3,-1,-5
12128,12128,1503699410051,1,-3,-3,1,1,1,0,2
12129,12129,1503699410058,-1,0,-4,-4,0,-2,2,7
12130,12130,1503699410073,5,1,-2,-2,-4,-4,-10,-3
12131,12131,1503699410081,0,-7,-3,-1,-2,-2,3,12
12132,12132,1503699410088,-4,3,3,-1,-1,1,1,2
12133,12133,1503699410102,2,-4,-3,2,-1,0,0,6
12134,12134,1503699410113,10,-8,-7,-4,-3,-4,-4,-9
12135,12135,1503699410118,1,0,0,-1,-1,0,1,4
12136,12136,1503699410133,9,11,8,4,2,1,-7,-8
12137,12137,1503699410139,4,12,10,2,-1,-2,-3,1
12138,12138,1503699410149,-13,-7,-5,-2,1,-4,1,4
12139,12139,1503699410170,-3,-1,-1,-1,1,-3,0,-4
12140,12140,1503699410171,-2,6,6,-1,0,1,4,3
12141,12141,1503699410179,-4,-2,-4,-2,-2,2,3,1
12142,12142,1503699410193,-1,-2,1,-1,-1,-4,2,-1
12143,12143,1503699410199,-3,-3,-3,0,-1,-2,-12,-9
12144,12144,1503699410208,3,1,-3,2,0,-13,-16,1
12145,12145,1503699410222,-9,-1,1,-1,1,-3,-2,-12
12146,12146,1503699410230,-9,-5,-5,-1,-2,-1,5,4
12147,12147,1503699410239,6,-1,-2,-2,0,-1,0,-2
12148,12148,1503699410253,-5,-2,0,-2,-1,2,3,11
12149,12149,1503699410260,0,-2,-2,1,1,4,3,-2
12150,12150,1503699410268,-1,0,-1,0,-1,4,5,-1
12151,12151,1503699410284,5,10,1,-3,-3,-3,-2,-4
12152,12152,1503699410290,5,6,2,-1,-3,0,-1,-3
12153,12153,1503699410305,-13,-4,2,-2,-2,-3,-3,-17
12154,12154,1503699410314,-5,-3,-4,-2,-1,2,1,-2
12155,12155,1503699410321,0,-3,-2,0,0,-2,1,-2
12156,12156,1503699410335,6,-3,-1,-2,-1,-1,-5,-7
12157,12157,1503699410342,7,5,0,3,-1,1,-8,-8
12158,12158,1503699410350,-2,-7,1,-1,-1,-9,0,6
12159,12159,1503699410351,6,7,2,1,0,8,7,5
12160,12160,1503699410364,-5,-11,-7,-3,-1,0,4,7
12161,12161,1503699410373,12,15,12,2,0,-2,3,8
12162,12162,1503699410382,5,-3,1,2,0,-2,1,3
12163,12163,1503699410395,-3,0,0,0,-1,-1,1,-3
12164,12164,1503699410402,4,-3,-5,-3,-1,-4,-3,4
12165,12165,1503699410410,-8,-11,-4,-1,0,-1,1,0
12166,12166,1503699410425,-1,2,4,0,0,1,5,6
12167,12167,1503699410433,-2,19,12,2,-2,-2,-2,-6
12168,12168,1503699410439,-15,0,-3,-1,0,0,-1,5
12169,12169,1503699410456,-8,-26,-25,-7,-4,-6,-8,-30
12170,12170,1503699410462,15,21,12,2,-1,1,-3,-6
12171,12171,1503699410471,-14,-13,-1,2,-1,0,-3,-2
12172,12172,1503699410485,-7,-7,-4,-2,-1,-1,-2,-2
12173,12173,1503699410493,-7,-1,-1,0,0,1,3,4
12174,12174,1503699410499,1,4,8,2,1,0,0,8
12934,12934,1503699417873,3,5,4,2,0,-2,-2,1
12935,12935,1503699417880,-7,-4,-3,-3,0,-1,-1,-3
12936,12936,1503699417895,3,-5,-4,0,-2,-1,-1,2
12937,12937,1503699417903,-3,-5,-5,-2,-1,0,0,1
12938,12938,1503699417910,6,2,0,-1,0,-1,0,2
12939,12939,1503699417925,-5,-2,0,1,-1,0,0,0
12940,12940,1503699417934,2,2,5,1,0,0,0,5
12941,12941,1503699417941,7,2,-1,-1,0,0,-1,0
12942,12942,1503699417955,-6,-7,-6,-2,1,-2,-1,-3
12943,12943,1503699417962,-4,4,3,1,0,-2,-1,-4
12944,12944,1503699417971,-5,-6,-5,-2,0,-1,-1,-2
12945,12945,1503699417986,-5,4,2,-1,1,0,-1,0
12946,12946,1503699417993,1,-6,-5,-3,-2,-2,-1,-4
12947,12947,1503699418002,6,10,8,4,-2,0,-1,0
12948,12948,1503699418015,-3,-6,-3,-2,-2,-1,-1,-4
12949,12949,1503699418023,-11,-8,-6,-2,-2,-1,0,-2
12950,12950,1503699418030,1,-2,-1,0,-1,-2,-1,-1
12951,12951,1503699418031,-9,0,2,1,1,2,0,-1
12952,12952,1503699418045,6,1,3,1,-1,-1,-1,-1
12953,12953,1503699418053,6,-4,-4,-3,-4,0,-3,3
12954,12954,1503699418060,0,-6,-4,-2,1,0,0,-2
12955,12955,1503699418075,-2,-1,0,0,0,0,1,-4
12956,12956,1503699418082,8,-1,-2,0,-1,0,-2,0
12957,12957,1503699418090,-2,-3,-4,-1,-2,-1,-2,-1
12958,12958,1503699418105,1,-2,-9,-2,0,-1,0,-2
12959,12959,1503699418113,10,3,-1,0,-2,-2,-2,-4
12960,12960,1503699418120,-5,-2,-1,-2,-1,0,-1,2
12961,12961,1503699418135,-5,1,2,1,-1,-2,-2,-8
12962,12962,1503699418144,-5,-1,0,0,1,0,-1,-3
12963,12963,1503699418150,-4,0,6,1,1,2,1,1
12964,12964,1503699418166,-6,-4,0,-2,-2,0,0,-3
12965,12965,1503699418174,-2,5,2,-3,-3,-3,-2,-2
12966,12966,1503699418180,-15,-5,10,2,1,-1,-4,-12
12967,12967,1503699418195,-7,6,1,1,1,0,-3,-1
12968,12968,1503699418203,-7,-5,-3,-3,-1,-2,0,0
12969,12969,1503699418210,-17,-6,-3,-1,0,0,0,-2
12970,12970,1503699418211,10,0,-2,0,0,-2,-1,0
12971,12971,1503699418225,4,3,-3,-1,-1,1,-1,0
12972,12972,1503699418235,1,0,-3,-2,0,-1,-1,0
12973,12973,1503699418240,11,1,-3,-1,-3,-2,-1,2
12974,12974,1503699418255,0,1,6,2,-1,0,-1,-1
12975,12975,1503699418262,-8,2,-1,-2,-1,-2,-4,-5
12976,12976,1503699418271,1,7,11,4,1,1,1,8
12977,12977,1503699418285,8,-1,-4,-2,-1,-1,0,10
12978,12978,1503699418293,-8,-7,-5,-5,-3,-1,-1,0
12979,12979,1503699418302,7,2,0,0,-2,0,-1,5
12980,12980,1503699418303,2,-3,-2,1,-2,-2,-2,1
12981,12981,1503699418315,-3,-3,1,0,0,-1,1,-1
12982,12982,1503699418322,1,6,-1,1,1,-1,-2,-4
12983,12983,1503699418330,-3,-6,-6,-2,-1,-1,-2,1
12984,12984,1503699418345,-2,1,0,-2,-3,1,1,0
12985,12985,1503699418353,-9,-5,-3,-1,2,-1,1,-5
12986,12986,1503699418360,-3,-1,4,1,0,-2,0,-6
12987,12987,1503699418376,-6,-1,-2,0,1,-1,-2,-14
12988,12988,1503699418382,5,0,-1,-2,-2,1,0,4
12989,12989,1503699418390,0,-3,-4,-1,-1,-1,-2,-1
12990,12990,1503699418405,-13,-2,-4,-3,0,-2,-1,-6
12991,12991,1503699418413,2,6,9,0,1,0,2,4
12992,12992,1503699418420,16,4,-4,-3,-1,-1,-2,5
12993,12993,1503699418437,3,-4,-5,-1,0,0,1,11
12994,12994,1503699418444,3,-4,1,0,-2,1,1,0
12995,12995,1503699418458,5,0,3,1,-3,-1,2,4
12996,12996,1503699418465,4,-3,-4,1,-1,-1,1,0
12997,12997,1503699418473,-4,-3,-3,0,-2,-1,0,-1
12998,12998,1503699418480,-6,-4,-1,-3,-1,-1,2,-3
12999,12999,1503699418495,-3,14,10,3,2,1,-3,-3
13000,13000,1503699418504,-11,-1,-2,-1,-1,0,-1,3
13001,13001,1503699418513,7,-6,-8,-3,-2,-1,-1,2
13002,13002,1503699418526,-2,-5,-2,2,2,0,0,8
13003,13003,1503699418537,-3,-7,-6,-2,-1,0,-1,-5
13004,13004,1503699418541,-3,-5,-6,-3,-3,-2,-1,-4
13005,13005,1503699418555,-5,3,2,1,-1,0,-1,-3
13006,13006,1503699418563,3,-1,-1,1,-1,-1,-2,-4
13007,13007,1503699418571,1,-6,-7,-3,-1,-2,-2,-1
13008,13008,1503699418585,-2,3,5,4,1,-1,-1,-4
13009,13009,1503699418593,7,-1,-4,-1,-2,-4,0,-1
13010,13010,1503699418600,0,3,2,-1,-1,-2,0,-1
13011,13011,1503699418615,-6,-2,1,0,1,0,-2,-4
13012,13012,1503699418622,-10,-5,0,0,1,-1,0,0
13013,13013,1503699418630,-3,-4,-3,-1,0,-3,-2,0
13014,13014,1503699418646,1,-2,0,-3,-2,2,-2,0
13015,13015,1503699418653,2,2,-1,-2,-2,0,1,0
13016,13016,1503699418660,-5,-2,-2,-2,-3,-2,-2,-3
13017,13017,1503699418675,-1,-4,-3,-1,-1,0,0,-2
13018,13018,1503699418682,7,5,3,5,3,-1,0,0
13019,13019,1503699418697,0,-4,-1,-3,0,-2,-2,-1
13020,13020,1503699418709,-1,-2,-2,-3,-2,0,0,-1
13021,13021,1503699418715,-4,1,1,1,1,1,0,0
13022,13022,1503699418727,-2,0,-1,-3,0,2,5,1
13023,13023,1503699418735,-3,-4,-4,-5,-4,0,0,-1
13024,13024,1503699418743,11,5,4,6,9,0,-2,1
13025,13025,1503699418758,2,1,-3,-2,-3,-7,-2,-1
13026,13026,1503699418765,-9,-7,-4,-2,-7,-3,-3,-4
13027,13027,1503699418780,1,1,-1,0,-1,-2,0,-1
13028,13028,1503699418787,3,-3,-3,0,0,-1,-2,0
13029,13029,1503699418795,1,5,1,1,-2,1,-2,-2
13030,13030,1503699418804,9,5,-4,-5,-4,-1,-1,-2
13031,13031,1503699418817,-5,-3,-3,-3,0,1,-3,-2
13032,13032,1503699418825,25,8,0,-1,0,-4,-3,1
13033,13033,1503699418833,-3,-3,-1,-4,-2,0,1,-1
13034,13034,1503699418848,-14,-6,-10,-2,0,-2,0,-1
13035,13035,1503699418855,5,0,2,3,1,2,0,0
13036,13036,1503699418862,-15,-4,0,-4,-5,-2,-1,0
13037,13037,1503699418877,-4,-9,-5,3,3,0,-1,-1
13038,13038,1503699418878,20,11,-2,-3,-2,-1,0,4
13039,13039,1503699418885,-4,-4,1,-1,3,1,1,0
13040,13040,1503699418893,-22,-10,2,2,0,-1,-1,0
13041,13041,1503699418908,-10,-4,-4,-6,-7,-2,1,0
13042,13042,1503699418915,7,-4,-4,-2,1,-1,-2,-1
13043,13043,1503699418922,-1,8,2,0,-1,0,-2,-2
13044,13044,1503699418942,2,-1,-2,0,-1,0,0,-2
13045,13045,1503699418945,-4,-1,3,2,2,0,0,1
13046,13046,1503699418953,1,-2,-5,-3,-2,0,-1,-4
13047,13047,1503699418967,7,-2,4,0,0,-1,-2,-3
13048,13048,1503699418975,2,2,2,-2,-1,-1,-3,-2
13049,13049,1503699418982,-8,-6,-1,0,-1,0,-3,1
13050,13050,1503699418997,7,6,3,2,0,-2,-1,0
13051,13051,1503699419008,-5,3,7,3,2,1,1,-1
13052,13052,1503699419013,5,5,2,-3,-3,-1,-2,2
13053,13053,1503699419027,-2,0,2,1,2,0,-2,-1
13054,13054,1503699419028,5,0,-5,-2,0,-2,1,-4
13787,13787,1503699426100,5,4,2,-1,-1,-2,-2,-3
13788,13788,1503699426101,-4,-4,-1,-4,-5,0,-2,-2
13789,13789,1503699426114,5,-1,-1,-2,-3,-2,-2,-1
13790,13790,1503699426124,0,3,1,-2,-1,-1,-2,0
13791,13791,1503699426130,-18,-5,-2,0,-1,0,1,0
13792,13792,1503699426144,-2,-5,0,-2,-1,-4,-3,2
13793,13793,1503699426152,-5,-3,-1,2,-1,2,1,0
13794,13794,1503699426167,6,1,-1,-2,0,0,0,-1
13795,13795,1503699426174,3,2,0,-3,-5,-1,-2,-1
13796,13796,1503699426182,-13,-5,-3,-3,-1,-2,1,-2
13797,13797,1503699426196,0,3,0,-1,0,-1,-1,2
13798,13798,1503699426204,9,3,-1,-2,-3,-2,-2,0
13799,13799,1503699426205,-4,-2,1,3,1,1,0,-2
13800,13800,1503699426212,-2,-3,0,-2,-2,0,0,-2
13801,13801,1503699426227,-9,-3,3,3,0,1,1,1
13802,13802,1503699426235,18,7,-2,-1,0,-3,-4,0
13803,13803,1503699426242,2,-1,-4,-1,0,-2,-2,-2
13804,13804,1503699426258,-3,5,0,2,0,0,0,-1
13805,13805,1503699426264,1,1,0,-2,-3,-1,-1,-1
13806,13806,1503699426265,-2,-3,-4,-1,0,0,-1,1
13807,13807,1503699426272,4,1,0,-2,-2,1,0,-1
13808,13808,1503699426287,7,2,-1,-3,0,1,-1,-1
13809,13809,1503699426294,-1,-2,-3,-1,0,1,-1,-1
13810,13810,1503699426302,-9,-6,-1,1,0,1,1,-1
13811,13811,1503699426316,-12,-9,0,1,0,0,-1,0
13812,13812,1503699426325,-6,-1,1,-1,0,-1,-1,-1
13813,13813,1503699426333,-7,0,3,2,0,-3,-2,-3
13814,13814,1503699426347,-5,-12,-4,-2,-2,-2,-1,-3
13815,13815,1503699426354,0,0,-2,-4,-1,-1,0,0
13816,13816,1503699426362,8,1,-2,-1,-3,0,-2,0
13817,13817,1503699426376,1,-2,-1,-2,0,-1,-1,-1
13818,13818,1503699426384,-4,0,1,0,-1,0,0,-1
13819,13819,1503699426385,5,3,-3,-2,-2,0,0,-1
13820,13820,1503699426393,1,2,1,1,-1,1,0,0
13821,13821,1503699426407,9,11,0,-5,-2,-4,-3,-3
13822,13822,1503699426414,-3,-5,0,0,1,-1,0,-1
13823,13823,1503699426422,4,1,0,-1,-1,-1,1,1
13824,13824,1503699426436,10,5,-1,1,1,0,-1,0
13825,13825,1503699426444,5,2,2,0,0,0,0,0
13826,13826,1503699426452,-2,-3,-2,0,-1,-1,-2,-2
13827,13827,1503699426467,2,0,4,0,1,1,-1,0
13828,13828,1503699426474,-2,-2,-3,0,-1,-1,-2,-2
13829,13829,1503699426482,-6,-4,-1,0,-1,-1,-1,-1
13830,13830,1503699426497,4,1,-1,0,1,0,-1,1
13831,13831,1503699426505,2,-4,-1,2,0,-1,0,0
13832,13832,1503699426512,-6,-2,-1,-2,-2,-1,0,-3
13833,13833,1503699426527,-4,-6,-2,-1,0,0,2,-1
13834,13834,1503699426534,-1,-4,-3,-2,-2,-1,0,2
13835,13835,1503699426542,-5,-4,-4,-1,-3,-1,-1,-3
13836,13836,1503699426560,-11,-6,-3,-1,0,-2,-3,-4
13837,13837,1503699426565,-2,3,-1,-3,-1,-1,-1,0
13838,13838,1503699426572,2,-3,-1,-2,-2,1,0,-2
13839,13839,1503699426587,-9,0,2,1,1,-1,-1,-2
13840,13840,1503699426594,-9,-4,-3,-2,-1,-1,-1,-2
13841,13841,1503699426602,-4,2,0,0,-2,0,0,-1
13842,13842,1503699426616,7,6,0,-1,-3,-2,-1,1
13843,13843,1503699426626,-8,-5,-2,-1,0,0,-1,2
13844,13844,1503699426627,3,0,-3,-2,-1,-3,-1,1
13845,13845,1503699426632,3,-2,1,-2,0,-1,1,-2
13846,13846,1503699426647,1,1,3,1,1,0,0,0
13847,13847,1503699426654,3,-1,3,1,-1,-1,0,0
13848,13848,1503699426662,-2,1,-2,0,-2,-2,-1,-1
13849,13849,1503699426676,-8,-3,-4,-2,-3,-1,0,-1
13850,13850,1503699426684,-5,3,3,1,0,1,0,0
13851,13851,1503699426693,3,2,0,-1,1,-2,0,0
13852,13852,1503699426707,-7,-8,-4,-3,0,-1,-1,2
13853,13853,1503699426714,0,-8,-5,-2,0,-2,-3,-2
13854,13854,1503699426722,-3,-5,-4,-1,0,-1,-2,-3
13855,13855,1503699426736,-3,-2,-5,-1,0,0,0,-2
13856,13856,1503699426744,1,0,-1,0,-1,-2,-1,-1
13857,13857,1503699426752,3,8,1,-1,-2,-1,0,1
13858,13858,1503699426767,11,5,0,-2,-1,-2,-2,-3
13859,13859,1503699426774,2,8,6,0,-1,-1,-1,-1
13860,13860,1503699426782,3,-2,-4,-2,-2,-1,-1,2
13861,13861,1503699426797,7,1,-4,0,-1,-1,-2,-3
13862,13862,1503699426804,-6,-2,-2,0,-1,1,0,-2
13863,13863,1503699426812,-12,-3,2,1,-1,1,1,0
13864,13864,1503699426828,-6,-3,2,0,-1,0,0,-2
13865,13865,1503699426834,-5,2,2,0,-1,1,0,-1
13866,13866,1503699426842,-1,0,-2,-3,-1,-3,-2,-1
13867,13867,1503699426856,1,-2,-1,0,2,-2,-1,0
13868,13868,1503699426867,-1,1,0,-1,-1,1,1,0
13869,13869,1503699426872,-1,-2,0,0,0,0,-2,1
13870,13870,1503699426888,4,1,-2,-1,-2,-2,0,1
13871,13871,1503699426895,-7,0,3,6,4,1,3,-1
13872,13872,1503699426903,-4,-4,-3,-1,-2,0,-3,-1
13873,13873,1503699426916,-4,-7,-5,-4,-3,-1,0,-1
13874,13874,1503699426924,-13,-8,0,1,-1,0,0,-2
13875,13875,1503699426925,17,2,-5,-3,-1,-2,-3,-3
13876,13876,1503699426940,4,-1,-1,-2,-2,1,-1,1
13877,13877,1503699426947,6,8,5,1,0,1,2,1
13878,13878,1503699426955,0,-2,-4,-2,0,-1,-1,0
14461,14461,1503699432572,-7,6,-2,0,-1,2,1,-3
14462,14462,1503699432580,-7,0,-2,-2,0,-1,-1,-1
14463,14463,1503699432587,4,2,-3,-2,-2,1,-3,0
14464,14464,1503699432603,-5,-4,2,1,0,1,0,3
14465,14465,1503699432610,12,7,-2,-2,-2,-3,-1,-4
14466,14466,1503699432626,-2,-5,-1,-1,0,-2,1,0
14467,14467,1503699432632,1,1,-2,-3,-2,1,0,1
14468,14468,1503699432641,-8,4,5,3,1,-2,-2,-4
14469,14469,1503699432647,-7,-2,8,2,0,-1,-1,1
14470,14470,1503699432662,11,2,-6,-3,-2,-1,-2,-2
14471,14471,1503699432670,3,3,6,2,0,1,0,4
14472,14472,1503699432685,-2,2,4,1,-1,0,-1,-9
14473,14473,1503699432692,3,-2,-3,-2,0,-1,-1,-1
14474,14474,1503699432704,4,7,1,-2,0,0,-1,-1
14475,14475,1503699432714,-6,-3,2,0,0,-2,1,-5
14476,14476,1503699432722,-6,-3,-1,-3,-1,-2,-2,-1
14477,14477,1503699432729,-2,1,-1,0,1,1,0,2
14478,14478,1503699432746,-6,-4,-4,-1,-3,0,0,0
14479,14479,1503699432752,-1,-6,1,-1,0,-1,0,1
14480,14480,1503699432760,12,2,-4,-1,-2,-2,-2,-2
14481,14481,1503699432774,-3,0,-4,-2,-3,-2,-1,-3
14482,14482,1503699432782,1,0,3,0,0,0,-1,0
14483,14483,1503699432789,3,0,1,0,1,1,1,0
14484,14484,1503699432805,0,-3,-1,-1,0,2,1,2
14485,14485,1503699432812,-4,0,4,1,0,-1,-1,0
14486,14486,1503699432820,8,-3,-3,-3,0,0,-2,-2
14487,14487,1503699432837,7,1,-6,-2,-2,-3,-2,0
14488,14488,1503699432842,-9,1,0,-2,0,-2,0,3
14489,14489,1503699432849,-5,-8,-2,1,-2,0,0,-2
14490,14490,1503699432866,-3,-1,3,1,0,-2,0,-2
14491,14491,1503699432872,4,2,-4,-2,-1,-1,0,0
14492,14492,1503699432873,-6,-4,-2,-3,-1,-2,-2,-1
14493,14493,1503699432880,8,1,-2,1,-2,-2,-2,0
14494,14494,1503699432894,0,2,-3,-2,-3,-4,-3,-4
14495,14495,1503699432905,-3,-1,-3,-2,-2,-2,-2,-2
14496,14496,1503699432909,-4,-3,3,1,1,1,-2,-1
14497,14497,1503699432925,-7,-2,0,0,-1,0,1,-1
14498,14498,1503699432932,-7,-2,-2,-1,-2,-1,0,-2
14499,14499,1503699432943,1,-4,-3,1,2,1,-1,0
14500,14500,1503699432954,0,1,0,-2,-2,-2,-1,-1
14501,14501,1503699432962,-5,1,1,0,-2,0,1,2
14502,14502,1503699432971,7,4,0,1,0,-3,-1,-2
14503,14503,1503699432985,-7,-15,-4,-2,-1,-1,1,0
14504,14504,1503699432992,8,2,2,0,1,2,-1,1
14505,14505,1503699433000,-6,-3,1,-1,-1,0,0,-1
14506,14506,1503699433014,3,-3,-5,-2,-1,-2,-1,-2
14507,14507,1503699433023,6,6,-3,-4,-3,-1,-4,-2
14508,14508,1503699433029,-5,6,5,2,1,1,2,1
14509,14509,1503699433045,-12,-4,-3,-1,0,-1,1,0
14510,14510,1503699433052,-5,-4,-6,-2,-3,1,1,-1
14511,14511,1503699433060,5,3,0,-1,0,-1,-3,-1
14512,14512,1503699433075,0,-3,0,1,0,0,0,0
14513,14513,1503699433082,3,4,0,-1,-1,-1,-1,2
14514,14514,1503699433089,-7,-9,0,-1,0,0,-2,-1
14515,14515,1503699433107,0,0,-1,-2,-1,-1,0,1
14516,14516,1503699433112,-4,-3,-4,-2,-2,0,-1,0
14517,14517,1503699433120,-5,-6,-2,-1,-1,-2,-1,-3
14518,14518,1503699433134,7,2,-1,-2,-2,-2,-4,-2
14519,14519,1503699433144,-2,-1,-3,0,0,-2,0,-3
14520,14520,1503699433149,2,-5,-3,-1,0,-1,-1,-2
14521,14521,1503699433165,2,-3,-3,-1,-2,-2,-1,-2
14522,14522,1503699433174,-6,-1,6,1,1,-1,0,0
14523,14523,1503699433180,-2,1,0,0,0,-1,0,-2
14524,14524,1503699433195,-2,-1,-2,-3,0,-1,0,-2
14525,14525,1503699433202,11,2,2,-1,-1,0,0,-1
14526,14526,1503699433209,-4,-6,-4,-3,0,-1,1,0
14527,14527,1503699433225,-3,-5,-3,1,0,0,-2,-1
14528,14528,1503699433232,7,4,-1,0,-1,0,-2,2
14529,14529,1503699433243,5,5,3,3,-2,0,-1,-1
14530,14530,1503699433254,7,0,-2,0,-1,-1,-1,0
14531,14531,1503699433263,3,8,2,0,-1,-2,-1,0
14532,14532,1503699433269,-1,2,2,1,0,-2,-1,-2
14533,14533,1503699433285,-2,-4,-5,-3,-1,-1,0,0
14534,14534,1503699433292,-6,6,6,1,-1,0,-1,0
14535,14535,1503699433309,8,-1,-5,-3,-1,-1,-2,-3
14536,14536,1503699433315,-2,-2,-2,-3,-1,-1,0,-2
14537,14537,1503699433323,-7,-2,1,2,1,1,0,5
14538,14538,1503699433329,-2,-1,-1,0,0,-1,-2,-1
14539,14539,1503699433349,-6,-4,0,-1,-1,0,1,6
14540,14540,1503699433352,-3,-1,-5,-2,-1,-3,0,-1
14541,14541,1503699433367,3,0,-3,-3,0,-1,-1,-2
14542,14542,1503699433375,-3,6,3,0,0,-1,-3,-2
14543,14543,1503699433382,-5,-6,-4,-3,0,-3,-2,-3
14544,14544,1503699433389,7,-6,-5,1,-1,1,0,-1
14545,14545,1503699433407,0,4,4,1,-1,0,0,1
14546,14546,1503699433412,-3,-6,-3,-1,-2,-2,0,4
14547,14547,1503699433427,0,-3,-2,-2,1,1,0,-3
14548,14548,1503699433434,-4,0,0,0,0,-2,-3,-15
14549,14549,1503699433443,-6,-1,0,1,0,-1,0,-3
14550,14550,1503699433450,-4,-4,-5,-3,0,1,0,-2
14551,14551,1503699433465,1,5,2,0,-1,-1,-1,-5
14552,14552,1503699433475,-2,0,-1,0,-3,0,0,1
14553,14553,1503699433487,0,-5,-2,-1,-2,1,0,1
14554,14554,1503699433495,1,3,4,-1,-2,-1,-1,9
14555,14555,1503699433502,-3,-3,-6,-1,0,0,0,2
14556,14556,1503699433510,-3,-4,-5,-2,1,-1,-1,-8
14557,14557,1503699433525,-4,-8,-2,1,0,-1,-2,0
14558,14558,1503699433532,-5,1,-4,-2,-3,-1,-1,-16
14559,14559,1503699433547,-2,-2,-3,0,0,-1,-1,-3
14560,14560,1503699433555,-1,11,6,1,-1,0,-2,5
14561,14561,1503699433562,-2,-7,-7,-4,-2,-1,-2,1
14562,14562,1503699433569,1,-4,-11,-4,-2,-3,-1,1
14563,14563,1503699433585,1,-1,1,-2,-1,1,-1,0
14564,14564,1503699433592,12,6,12,2,1,1,1,4
14565,14565,1503699433610,-1,2,1,0,-1,0,0,-1
14566,14566,1503699433615,-10,-8,-6,-2,-1,-2,1,-1
14567,14567,1503699433622,6,4,4,1,-1,-1,1,8
14568,14568,1503699433637,2,-1,-2,-3,0,-2,-1,1
14569,14569,1503699433645,-5,-1,-3,-2,-1,-2,-3,1
14570,14570,1503699433652,-6,3,0,-1,-1,0,-2,-2
14571,14571,1503699433667,-2,2,1,-1,1,-2,-2,-6
14572,14572,1503699433676,1,-4,1,2,-1,0,-1,1
14573,14573,1503699433683,-4,-6,-3,-1,-1,-2,-2,-2
14574,14574,1503699433697,0,-5,1,1,0,0,0,4
14575,14575,1503699433705,16,10,-2,-1,-1,-1,0,-2
14576,14576,1503699433712,-1,-6,-7,0,-1,0,-1,-2
14577,14577,1503699433727,-6,-6,1,-1,0,0,-2,-5
14578,14578,1503699433734,-1,-5,-1,0,-2,-2,-1,0
14579,14579,1503699433743,1,1,-2,-2,-1,-2,0,-3
14580,14580,1503699433757,11,1,-1,-1,0,0,-1,-2
14581,14581,1503699433764,-5,-5,-6,-3,0,-1,0,3
14582,14582,1503699433765,2,6,8,1,-2,2,-1,-2
14583,14583,1503699433771,3,3,2,0,-1,0,0,0
14584,14584,1503699433787,6,-2,-4,-2,-1,-1,-1,-1
14585,14585,1503699433794,-1,-4,-5,-2,-1,-2,-1,-1
14586,14586,1503699433810,-11,-7,1,1,-1,-1,-1,0
14587,14587,1503699433818,-2,1,0,-2,-1,-1,0,1
14588,14588,1503699433825,-12,-3,2,3,1,-1,0,-3
14589,14589,1503699433832,9,4,3,-1,0,-2,-1,-1
14590,14590,1503699433847,-5,-1,-3,-2,-2,-1,-1,-1
14591,14591,1503699433854,-9,-7,-10,-4,-2,-1,0,1
14592,14592,1503699433862,1,-1,4,1,0,-2,-2,-2
14593,14593,1503699433877,2,3,-6,-2,-2,-1,-2,-2
14594,14594,1503699433885,-4,-3,0,0,-3,0,-1,-1
14595,14595,1503699433892,-2,1,-1,0,-1,2,0,0
14596,14596,1503699433907,-3,-1,-4,-3,0,0,0,-1
14597,14597,1503699433915,-8,-3,2,0,-1,0,0,0
14598,14598,1503699433922,-1,1,-3,-2,-2,0,-2,-2
14599,14599,1503699433937,-7,-6,4,1,1,0,1,1
14600,14600,1503699433945,-4,1,-9,-3,-3,-3,-1,0
14601,14601,1503699433953,3,-1,-4,-2,-3,-1,-3,-1
14602,14602,1503699433967,0,5,10,0,1,1,1,1
14603,14603,1503699433974,-1,-1,4,3,0,-1,0,1
14604,14604,1503699433982,15,4,-2,-1,-1,-1,0,1
14605,14605,1503699433997,0,-1,1,1,-1,-2,0,-2
14606,14606,1503699434005,2,3,-4,-3,-2,-1,-2,-1
14607,14607,1503699434012,-2,-4,-2,-4,1,0,-1,-1
14608,14608,1503699434027,0,-3,-3,-1,-1,-1,-1,1
14609,14609,1503699434034,-3,-1,-2,-1,-3,0,1,0
14610,14610,1503699434043,-4,-8,-4,-2,-1,-1,-4,-3
14611,14611,1503699434057,4,5,3,1,0,-3,-1,-1
14612,14612,1503699434065,0,1,-2,-1,-1,0,0,1
14613,14613,1503699434072,4,2,-4,-4,-1,-1,-2,-2
14614,14614,1503699434087,6,-4,-6,-3,-1,-2,-1,2
14615,14615,1503699434094,-3,-5,3,0,-1,0,-2,0
14616,14616,1503699434102,-3,-5,0,2,-1,1,-1,0
14617,14617,1503699434117,-2,-1,1,1,1,-2,1,-1
14618,14618,1503699434125,-4,-3,4,3,-1,-1,1,-3
14619,14619,1503699434131,4,-2,-7,-3,-2,-1,0,0
14620,14620,1503699434132,-3,-3,0,2,-3,-2,-1,-2
14621,14621,1503699434147,-5,2,0,0,-1,0,1,-1
14622,14622,1503699434155,-4,-2,-3,-1,0,1,0,-1
14623,14623,1503699434162,-3,-6,-2,-1,-2,-1,-1,-3
14624,14624,1503699434179,-1,-4,-7,-3,-2,-2,-2,-4
14625,14625,1503699434185,4,4,2,-1,3,-1,0,3
14626,14626,1503699434198,3,-6,-7,-1,-1,-2,-2,0
14627,14627,1503699434207,0,-4,0,-2,0,-1,2,5
14628,14628,1503699434214,8,2,4,2,-2,-1,-1,8
14629,14629,1503699434223,-1,-1,-2,-2,0,-2,-3,-3
14630,14630,1503699434237,-1,5,0,-1,2,1,0,-2
14631,14631,1503699434248,1,0,-1,-1,-4,-1,-1,1
14632,14632,1503699434252,3,10,3,-1,-1,-1,-1,-3
14633,14633,1503699434267,-3,0,0,-1,-1,1,0,-3
14634,14634,1503699434276,-3,-3,-2,-1,2,1,-1,-3
14635,14635,1503699434282,8,3,-1,-3,-1,-1,-1,-3
14636,14636,1503699434297,5,5,-9,-5,-1,-2,0,1
14637,14637,1503699434305,1,2,1,0,0,0,-1,-1
14638,14638,1503699434314,-7,-1,-1,-2,-2,0,-1,0
14639,14639,1503699434327,-4,3,1,-2,-3,-1,0,-2
14640,14640,1503699434334,-8,-7,-2,-2,-1,1,0,-1
14641,14641,1503699434343,3,1,7,5,4,1,0,0
14642,14642,1503699434358,4,1,-2,-1,-4,-2,-2,-4
14643,14643,1503699434365,-1,1,-1,0,1,0,-1,-1
14644,14644,1503699434372,-9,-5,3,0,-2,0,0,0
14645,14645,1503699434394,-9,-7,-2,-1,-1,-1,0,-1
14646,14646,1503699434395,-4,-3,1,-1,-2,-2,-4,-1
14647,14647,1503699434402,-5,-4,-1,0,1,0,1,0
14648,14648,1503699434417,0,-1,0,2,4,2,-1,-2
14649,14649,1503699434425,-10,-6,-9,-5,-2,-1,-3,-5
14650,14650,1503699434431,-3,-3,-4,1,0,0,0,2
14651,14651,1503699434448,0,-4,1,2,-1,-1,-1,-1
14652,14652,1503699434455,-4,1,10,4,1,-1,0,-4
14653,14653,1503699434462,-8,-3,-2,-1,-2,-1,-1,-1
14654,14654,1503699434477,5,0,-2,1,1,-1,-4,-2
14655,14655,1503699434485,1,6,0,-3,-3,0,-2,-2
14656,14656,1503699434492,-4,-5,-4,-5,-1,-2,-1,-1
14657,14657,1503699434507,5,0,-4,-1,-2,-2,-3,-1
14658,14658,1503699434516,-1,-2,0,-3,-2,0,0,0
14659,14659,1503699434522,0,-3,-3,-1,-2,0,0,1
14660,14660,1503699434537,3,-1,-1,0,0,-1,2,-1
14661,14661,1503699434545,1,0,3,0,1,-1,-1,-1
14662,14662,1503699434559,-5,3,4,-1,-3,-1,-3,-4
14663,14663,1503699434566,-3,1,2,2,2,-1,-4,-17
14664,14664,1503699434574,14,3,-7,-4,-4,0,-2,2
14665,14665,1503699434590,-1,-3,-4,-2,-2,-1,0,4
14666,14666,1503699434596,-3,4,3,0,1,1,1,-2
14667,14667,1503699434612,-5,-2,0,0,0,1,0,2
14668,14668,1503699434620,-3,0,1,0,0,0,2,1
14669,14669,1503699434627,-2,0,-1,0,-2,-1,1,2
14670,14670,1503699434634,-4,-3,-1,0,0,0,0,-3
14671,14671,1503699434649,6,3,-1,-2,-2,0,-2,3
14672,14672,1503699434658,-2,-5,-1,-2,-2,-2,-1,5
14673,14673,1503699434665,0,0,0,-1,-1,-1,-1,1
14674,14674,1503699434679,3,-1,-2,-3,-1,-1,-4,-8
14675,14675,1503699434687,-2,-4,-3,0,0,-1,-1,0
14676,14676,1503699434694,0,1,-1,0,-2,-2,-1,0
14677,14677,1503699434709,-4,-4,-2,-3,1,-1,0,-4
14678,14678,1503699434717,-2,-1,1,-1,-1,0,-1,0
15411,15411,1503699441781,6,6,4,-1,-1,-1,-1,2
15412,15412,1503699441803,1,1,0,-2,-1,-1,-2,1
15413,15413,1503699441804,0,-2,-2,-1,-1,-1,-1,4
15414,15414,1503699441812,-3,3,7,1,0,1,-2,1
15415,15415,1503699441826,0,-4,-3,-2,-1,-2,0,3
15416,15416,1503699441834,4,-3,-5,-2,0,0,1,-4
15417,15417,1503699441841,-2,3,-1,0,0,-1,-1,0
15418,15418,1503699441856,3,2,3,1,1,-1,-2,2
15419,15419,1503699441867,0,-3,-5,-1,-1,-2,-2,-2
15420,15420,1503699441872,-3,-2,-1,-1,1,0,-1,-3
15421,15421,1503699441886,-5,-6,-4,-3,-2,-2,-1,-1
15422,15422,1503699441894,2,4,5,2,1,0,0,2
15423,15423,1503699441902,1,-4,-3,-1,-2,-1,0,-1
15424,15424,1503699441916,-2,3,-5,-2,-3,-3,0,-1
15425,15425,1503699441924,1,-1,0,0,0,1,-1,-3
15426,15426,1503699441934,-3,-7,-2,0,-2,1,-2,-2
15427,15427,1503699441946,0,1,1,-1,1,0,-1,-1
15428,15428,1503699441954,-7,-5,1,-1,0,-2,-1,-1
15429,15429,1503699441961,-1,-7,0,-2,-1,-2,0,-2
15430,15430,1503699441976,0,-2,-3,-2,0,1,0,-2
15431,15431,1503699441984,0,0,1,0,-1,-1,-1,2
15432,15432,1503699441992,0,3,-3,-2,-2,-1,-1,0
15433,15433,1503699442006,0,-2,-3,0,-1,1,0,-1
15434,15434,1503699442014,1,0,-2,-1,-1,-2,0,1
15435,15435,1503699442031,1,1,-1,-1,-2,-2,-2,-1
15436,15436,1503699442036,-2,-1,-3,-2,-1,0,0,-1
15437,15437,1503699442044,-2,0,1,0,1,-2,-1,-2
15438,15438,1503699442059,-2,-3,-2,1,0,-2,-1,-4
15439,15439,1503699442067,-2,-4,-2,-1,-2,-2,-1,-3
15440,15440,1503699442074,2,-6,-3,-3,-2,0,1,4
15441,15441,1503699442088,-1,2,-1,1,1,0,1,0
15442,15442,1503699442096,1,8,5,2,1,1,0,-1
15443,15443,1503699442104,0,1,2,1,-1,-1,-2,-1
15444,15444,1503699442119,-3,-1,-7,-2,0,-1,-1,-1
15445,15445,1503699442125,-4,-1,0,-1,0,0,-2,-8
15446,15446,1503699442134,-4,-3,-3,0,-1,-1,0,1
15447,15447,1503699442135,1,-3,-2,-3,-2,-2,-1,0
15448,15448,1503699442148,-1,0,-1,-1,-1,-1,-2,1
15449,15449,1503699442156,1,-4,1,1,1,1,-2,5
15450,15450,1503699442164,1,0,0,1,0,0,0,3
15451,15451,1503699442179,3,4,0,-1,-2,-1,-1,0
15452,15452,1503699442185,0,0,0,-1,0,0,-1,0
15453,15453,1503699442194,-4,-7,-2,-3,-3,-2,0,-6
15454,15454,1503699442208,-1,0,0,-2,-2,-1,-1,-2
15455,15455,1503699442216,-2,2,1,-2,1,0,-3,-1
15456,15456,1503699442224,-3,-2,-4,-3,-2,0,-2,1
15457,15457,1503699442239,-2,0,-3,0,0,-2,-3,-3
15458,15458,1503699442245,-1,0,-2,0,0,-2,0,-4
15459,15459,1503699442254,-2,4,-3,-3,-2,-2,-1,-2
15460,15460,1503699442269,2,7,5,2,1,-1,-1,1
15461,15461,1503699442277,-2,-6,-1,1,0,0,0,0
15462,15462,1503699442284,0,-1,0,-1,-3,-2,-1,-2
15463,15463,1503699442299,-1,-1,1,1,-1,-2,0,-3
15464,15464,1503699442306,0,-2,0,1,0,2,-1,-1
15465,15465,1503699442314,-1,-1,1,1,-1,-1,0,-1
15466,15466,1503699442328,-3,5,3,-1,-1,-3,-1,-1
15467,15467,1503699442336,1,-7,-8,-1,-1,0,-1,0
15468,15468,1503699442337,1,0,-1,-2,0,1,0,1
15469,15469,1503699442344,-2,-10,-8,-2,-1,0,-1,-3
15470,15470,1503699442359,-1,2,3,1,-1,0,0,1
15471,15471,1503699442365,1,-4,-6,-3,-1,-2,1,0
15472,15472,1503699442374,0,-3,-2,-2,-1,0,-2,2
15473,15473,1503699442388,2,25,25,7,-1,1,-1,1
15474,15474,1503699442397,-2,7,6,1,0,-1,-1,-1
15475,15475,1503699442404,-1,-3,-5,-2,0,1,0,-2
15476,15476,1503699442419,0,-3,-4,-2,-2,-1,-3,-2
15477,15477,1503699442426,2,7,5,0,0,-1,1,5
15478,15478,1503699442434,3,9,15,5,1,0,0,-3
15479,15479,1503699442448,-3,-10,-10,-6,-1,-1,-2,-8
15480,15480,1503699442457,-4,-7,-7,-3,-1,-2,-1,0
15481,15481,1503699442464,3,-6,2,2,0,0,0,6
15482,15482,1503699442479,-3,-7,-8,-3,-2,-2,0,-3
15483,15483,1503699442485,-4,-9,-10,-3,0,-1,-1,-4
15484,15484,1503699442494,-3,0,-2,-1,-1,0,-2,-4
15485,15485,1503699442508,-1,-2,-2,-1,-1,-1,0,0
15486,15486,1503699442516,3,0,0,0,-1,-2,0,2
15487,15487,1503699442524,-2,-6,-5,-3,-1,-1,-1,3
15488,15488,1503699442539,-2,1,-2,-3,-1,-2,-3,5
15489,15489,1503699442546,-3,3,-6,-4,-1,0,-1,-4
15490,15490,1503699442554,-3,-12,-12,-5,-1,-2,-2,-3
15491,15491,1503699442568,1,-6,-3,-2,-2,-2,-1,2
15492,15492,1503699442576,1,0,3,2,0,1,-1,-3
15493,15493,1503699442584,0,-4,-2,-2,-2,-2,-2,0
15494,15494,1503699442599,-1,4,8,3,0,0,1,-1
15495,15495,1503699442606,-1,7,-1,0,0,-1,-2,-2
15496,15496,1503699442614,0,-5,-5,-4,-2,0,0,1
15497,15497,1503699442628,7,-6,-5,-1,0,-1,-2,-1
15498,15498,1503699442639,0,-3,-1,-1,0,-1,-1,1
15499,15499,1503699442644,1,-1,0,2,0,-2,0,1
15500,15500,1503699442659,-1,0,0,0,1,0,1,5
15501,15501,1503699442666,1,2,8,2,0,1,0,4
15502,15502,1503699442679,-2,4,2,1,-2,0,-1,-2
15503,15503,1503699442689,-4,3,6,2,2,1,0,-4
15504,15504,1503699442697,-1,8,8,4,1,0,-3,-3
15505,15505,1503699442707,0,5,-2,-2,-3,-2,-1,2
15506,15506,1503699442719,-2,-6,-11,-7,-4,-1,-1,-2
15507,15507,1503699442725,-5,-6,-4,-2,-1,-1,-1,0
15508,15508,1503699442734,-2,2,-4,-3,-1,-2,0,-5
15509,15509,1503699442748,-3,-5,-1,-2,-1,-1,-1,0
15510,15510,1503699442756,0,3,4,0,0,1,-1,-8
15511,15511,1503699442772,-4,-6,-5,-1,0,1,-2,-6
15512,15512,1503699442779,0,0,0,-2,0,-1,0,1
15513,15513,1503699442785,-3,-8,-8,-3,-3,-2,-4,-3
15514,15514,1503699442794,-1,-7,-6,-1,-2,-1,-1,3
15515,15515,1503699442808,1,4,3,-1,1,1,1,1
15516,15516,1503699442816,1,6,8,3,0,0,0,-1
15517,15517,1503699442824,2,-2,1,0,-1,-2,-1,0
15518,15518,1503699442841,-2,-3,-3,-3,-1,-3,-1,1
15519,15519,1503699442846,1,10,6,1,-1,0,0,2
15520,15520,1503699442854,-2,-5,-3,0,-1,0,-1,-2
15521,15521,1503699442868,1,4,1,0,0,0,0,6
15522,15522,1503699442876,0,5,1,-1,-1,-3,-2,-1
15523,15523,1503699442884,-2,-6,-4,-3,-1,-1,-2,-5
15524,15524,1503699442899,1,-5,-5,-2,-1,-2,-1,0
15525,15525,1503699442908,1,2,2,-1,-1,2,1,-3
15526,15526,1503699442909,0,3,-1,-2,-1,-4,-1,-3
15527,15527,1503699442916,-1,-6,-4,1,-1,0,-2,-1
15528,15528,1503699442928,-3,8,7,1,-1,-1,0,-16
15529,15529,1503699442936,3,4,8,4,-1,0,-1,3
15530,15530,1503699442951,2,-4,-4,-2,-2,-1,1,5
15531,15531,1503699442959,1,-1,-5,-3,-1,0,0,-3
15532,15532,1503699442966,-4,-5,-6,-2,-1,-1,-2,-6
15533,15533,1503699442982,-4,-2,0,-1,-1,-2,-2,-5
15534,15534,1503699442989,0,-7,-2,2,2,-1,-1,3
16427,16427,1503699451651,-2,-4,-3,-1,0,-2,-4,-2
16428,16428,1503699451659,-4,-7,-6,0,0,-1,-1,-2
16429,16429,1503699451673,2,1,-1,0,0,-1,-1,-1
16430,16430,1503699451681,0,2,-2,-2,-2,-3,-6,-1
16431,16431,1503699451696,2,-3,-3,-2,-2,-2,-2,-2
16432,16432,1503699451706,-1,-3,2,-1,0,1,-1,0
16433,16433,1503699451718,1,1,-1,0,0,7,0,1
16434,16434,1503699451720,-1,-1,0,-1,0,0,1,1
16435,16435,1503699451741,7,-1,-1,-4,-2,-1,-1,0
16436,16436,1503699451747,-5,-2,-1,2,1,1,1,0
16437,16437,1503699451748,1,9,2,1,1,0,-1,-2
16438,16438,1503699451749,1,-1,2,0,-1,-2,-2,-1
16439,16439,1503699451763,-3,-3,-2,-1,-4,0,1,0
16440,16440,1503699451772,1,-1,-4,-1,0,-4,-3,-4
16441,16441,1503699451779,-4,-1,2,0,0,2,2,-1
16442,16442,1503699451793,-12,-8,-2,1,-1,3,1,-1
16443,16443,1503699451802,2,1,1,-1,-1,1,-1,0
16444,16444,1503699451809,-3,1,-2,-1,0,-2,-2,-1
16445,16445,1503699451823,1,2,0,1,0,-2,-1,0
16446,16446,1503699451831,0,0,1,0,0,2,-3,3
16447,16447,1503699451839,-2,-1,-2,-4,-2,0,0,0
16448,16448,1503699451853,2,0,-1,-2,-1,-1,0,-1
16449,16449,1503699451861,10,2,1,1,0,-2,-1,0
16450,16450,1503699451869,-4,-1,0,-1,-1,-4,-4,-3
16451,16451,1503699451883,-9,-9,-1,0,0,-4,-2,-4
16452,16452,1503699451891,-4,-10,-5,-5,-3,-7,-4,2
16453,16453,1503699451899,-9,-1,1,0,-1,-4,0,-1
16454,16454,1503699451913,3,3,0,1,-3,-1,1,2
16455,16455,1503699451921,-5,-2,0,-2,0,1,-1,-2
16456,16456,1503699451928,6,3,-1,-1,-2,1,1,-2
16457,16457,1503699451944,4,0,-3,1,1,-1,-1,0
16458,16458,1503699451951,-7,1,1,2,-1,0,1,0
16459,16459,1503699451959,4,-2,-3,-3,-1,-2,-4,-1
16460,16460,1503699451973,-3,-3,-2,-2,-3,5,2,0
16461,16461,1503699451981,9,0,-5,-2,-2,2,2,0
16462,16462,1503699451988,-8,-3,7,3,1,-2,-2,-3
16463,16463,1503699452004,-1,-1,1,0,0,-2,-1,-1
16464,16464,1503699452011,1,-7,0,-2,-2,-1,1,-1
16465,16465,1503699452019,-4,4,3,1,-1,-2,0,0
16466,16466,1503699452033,-1,1,-3,0,0,-1,0,-2
16467,16467,1503699452041,-4,-2,-1,-3,-3,1,-1,0
16468,16468,1503699452055,-4,0,-5,-2,0,2,3,2
16469,16469,1503699452063,2,-2,-2,-1,-1,-2,0,0
16470,16470,1503699452072,4,4,0,-1,1,2,-1,-1
16471,16471,1503699452079,13,4,1,-1,-1,0,-1,0
16472,16472,1503699452094,24,10,0,-2,-1,-4,0,3
16473,16473,1503699452101,-14,-8,2,1,0,-6,-5,-4
16474,16474,1503699452108,-1,-2,-3,-2,-2,-3,-3,-3
16475,16475,1503699452123,0,-3,-4,-2,-3,-2,-2,-1
16476,16476,1503699452131,-4,-2,-3,-2,-2,0,-3,-1
16477,16477,1503699452139,-3,4,5,0,1,-1,-1,-2
16478,16478,1503699452153,-2,-6,-5,-3,-4,-1,0,2
16479,16479,1503699452161,0,-10,-4,-2,2,0,0,-2
16480,16480,1503699452168,-7,-2,-3,-2,0,-8,-3,-2
16481,16481,1503699452183,-3,-2,-2,-1,-1,0,-1,-1
16482,16482,1503699452191,-3,3,-2,1,1,-1,-2,-2
16483,16483,1503699452200,-2,2,2,-1,1,-1,-5,-2
16484,16484,1503699452214,-5,-2,2,-1,0,2,0,-3
16485,16485,1503699452221,1,2,-4,-2,-2,0,-2,-3
16486,16486,1503699452228,-1,0,2,1,-1,1,-1,-1
16487,16487,1503699452244,-9,-6,-8,-3,-1,6,2,0
16488,16488,1503699452251,-9,-6,1,0,-1,-1,0,-2
16489,16489,1503699452259,-4,3,1,0,-2,-3,1,0
16490,16490,1503699452273,6,0,-2,-1,0,1,0,2
16491,16491,1503699452281,1,0,-1,1,-1,0,0,-1
16492,16492,1503699452295,8,5,1,-1,-1,-2,-2,0
16493,16493,1503699452305,1,-1,3,0,0,0,0,1
16494,16494,1503699452311,-6,-3,0,0,1,-7,-2,1
16495,16495,1503699452326,2,4,3,2,-1,0,-1,-1
16496,16496,1503699452333,0,5,-3,-3,-1,-1,-2,-3
16497,16497,1503699452341,-2,-9,-4,-3,-2,-2,-1,-1
16498,16498,1503699452355,2,0,-1,0,1,1,-3,0
16499,16499,1503699452363,-1,-1,-4,-2,-1,0,0,-2
16500,16500,1503699452375,-3,-4,-3,-1,-2,2,1,-2
16501,16501,1503699452386,0,-2,-2,-1,-1,-2,-3,-4
16502,16502,1503699452392,1,-2,0,-1,-1,0,0,0
16503,16503,1503699452401,2,2,0,1,2,4,4,1
16504,16504,1503699452415,-4,-2,0,1,-1,3,0,-1
16505,16505,1503699452423,8,5,-1,0,-3,-3,-2,-2
16506,16506,1503699452431,-1,-1,0,1,-2,0,0,-1
16507,16507,1503699452446,-1,0,0,1,0,-2,-1,0
16508,16508,1503699452452,-5,4,-2,-1,1,0,0,-2
16509,16509,1503699452453,2,-5,-2,-3,-2,-2,-1,-1
16510,16510,1503699452461,3,-2,-3,-1,-1,-1,-2,-1
16511,16511,1503699452475,-3,-2,-1,0,-1,-1,-1,0
16512,16512,1503699452483,-3,-5,1,-1,1,-5,0,0
16513,16513,1503699452491,1,-1,-1,-2,-1,-2,0,-2
16514,16514,1503699452507,-3,3,2,-1,1,-3,-3,0
16515,16515,1503699452513,0,-13,-5,-2,0,1,1,0
16516,16516,1503699452521,-5,-7,-7,-3,-4,-1,0,-2
16517,16517,1503699452535,0,1,-1,-1,0,0,-1,-2
16518,16518,1503699452545,-4,-4,1,0,-1,-1,-2,-1
16519,16519,1503699452551,3,5,1,-2,-2,-6,-2,-2
16520,16520,1503699452566,-18,-5,3,2,1,5,4,-1
16521,16521,1503699452574,-4,2,0,-2,-1,-2,-2,-1
16522,16522,1503699452581,-5,-3,-1,0,0,0,-1,0
16523,16523,1503699452595,-1,1,0,-2,-2,1,0,-1
16524,16524,1503699452603,-6,3,0,1,2,0,1,-1
16525,16525,1503699452612,-2,-2,1,0,0,1,-2,-3
16526,16526,1503699452626,1,5,2,1,-1,-1,0,0
16527,16527,1503699452632,13,2,-5,-3,-5,-4,-4,-3
16528,16528,1503699452633,-11,-15,-9,-3,0,-1,0,-1
16529,16529,1503699452643,-6,-7,-2,0,1,-1,0,-1
16530,16530,1503699452655,4,1,1,1,-1,0,-1,0
16531,16531,1503699452663,8,5,0,-2,-3,-1,-4,-1
16532,16532,1503699452671,4,6,0,2,-1,-2,0,0
16533,16533,1503699452686,7,2,2,0,0,-1,-1,1
16534,16534,1503699452692,-5,-5,-3,1,3,-3,-2,-2
16535,16535,1503699452693,0,6,4,-3,3,4,-1,0
16536,16536,1503699452701,0,-3,-4,-1,-1,0,-1,-1
16537,16537,1503699452715,2,-1,1,1,-1,-3,0,1
16538,16538,1503699452723,-10,-10,-1,-2,-2,3,-1,-2
16539,16539,1503699452731,-3,2,2,4,6,1,1,-1
16540,16540,1503699452746,2,13,12,3,-1,-3,1,0
16541,16541,1503699452753,-5,-6,-2,-3,-4,0,-1,0
17251,17251,1503699459631,7,2,-4,-2,-1,0,-2,-2
17252,17252,1503699459646,-2,0,2,1,2,-1,-1,1
17253,17253,1503699459653,3,-1,-2,-2,-2,-3,-2,-1
17254,17254,1503699459664,2,-1,-4,-4,-2,1,0,-1
17255,17255,1503699459668,-9,-4,1,2,1,1,1,-2
17256,17256,1503699459684,-3,0,1,-2,-2,-1,-1,1
17257,17257,1503699459691,7,-2,-4,0,0,0,1,2
17258,17258,1503699459706,-10,-4,-1,0,0,-1,-1,-1
17259,17259,1503699459713,-10,-1,4,1,1,-1,0,-1
17260,17260,1503699459721,3,-1,-2,0,-2,-1,-2,0
17261,17261,1503699459728,-2,0,-1,0,-2,-1,-2,2
17262,17262,1503699459743,-8,1,-1,-1,-1,-1,1,0
17263,17263,1503699459751,1,2,-6,-2,-2,-1,-1,4
17264,17264,1503699459767,0,3,7,0,2,1,-2,-17
17265,17265,1503699459768,-7,-5,-3,-1,-1,-1,0,0
17266,17266,1503699459773,-2,-2,-4,-4,0,-2,-1,0
17267,17267,1503699459781,1,0,-4,-3,-1,0,-1,-1
17268,17268,1503699459797,-5,-7,-1,0,-2,-2,-2,1
17269,17269,1503699459805,4,3,4,2,-1,0,-2,-2
17270,17270,1503699459810,-3,2,5,2,-1,-1,0,3
17271,17271,1503699459811,-1,1,4,1,-1,-1,0,-4
17272,17272,1503699459827,1,0,1,0,0,1,-1,0
17273,17273,1503699459833,-2,1,0,-1,2,-1,-2,-2
17274,17274,1503699459841,1,-2,-5,-2,-1,0,-1,1
17275,17275,1503699459858,-4,-1,3,-1,-2,1,-1,-4
17276,17276,1503699459867,-2,0,2,-2,1,-2,-1,-4
17277,17277,1503699459870,-5,-1,-3,-1,-1,0,-1,-2
17278,17278,1503699459896,9,2,-2,-1,0,0,0,-2
17279,17279,1503699459901,5,-7,-7,-4,-4,0,-2,-2
17280,17280,1503699459915,-3,7,0,0,-1,1,0,7
17281,17281,1503699459929,-4,2,8,2,1,-1,1,0
17282,17282,1503699459931,-2,-10,-4,0,0,0,-2,-3
17283,17283,1503699459946,0,0,-5,-2,-3,-3,-1,-4
17284,17284,1503699459953,3,0,1,-1,-1,-2,-1,-4
17285,17285,1503699459962,-6,-2,-3,-3,-2,-1,-1,-4
17286,17286,1503699459975,0,2,0,-1,1,0,-3,0
17287,17287,1503699459976,-3,-5,-4,-2,-4,-1,-1,-2
17288,17288,1503699459983,-1,0,3,1,2,0,-2,1
17289,17289,1503699460000,0,-1,-1,-2,-1,0,0,0
17290,17290,1503699460005,5,-1,-6,-3,-1,-2,-1,1
17291,17291,1503699460006,-2,4,13,5,2,0,0,1
17292,17292,1503699460014,-1,4,3,0,0,-1,0,-5
17293,17293,1503699460021,6,8,3,0,-2,0,-1,0
17294,17294,1503699460035,6,0,-4,-1,-1,-2,-1,2
17295,17295,1503699460043,-4,-3,-1,-1,0,-1,0,-1
17296,17296,1503699460050,-3,1,2,-1,0,-2,-1,-2
17297,17297,1503699460066,2,-5,-8,-3,-2,-1,-1,-1
17298,17298,1503699460073,2,0,-1,-2,0,1,-3,0
17299,17299,1503699460081,-6,-3,-7,-3,-3,-3,0,-3
17300,17300,1503699460096,-6,-5,-2,-1,-2,-1,-2,-1
17301,17301,1503699460103,7,1,-2,1,-1,-2,-2,2
17302,17302,1503699460110,-1,0,6,2,0,-1,-1,-1
17303,17303,1503699460127,-5,-6,-1,1,-1,0,-1,3
17304,17304,1503699460133,-5,-1,1,-1,-1,1,0,-2
17305,17305,1503699460141,8,0,-3,-1,-1,-2,-4,1
17306,17306,1503699460155,-8,7,3,1,-1,-2,-1,-4
17307,17307,1503699460164,-6,-3,-2,-1,-1,-1,-2,-1
17308,17308,1503699460170,4,-3,-2,-1,0,1,-2,-2
17309,17309,1503699460186,2,0,-2,-5,-2,0,-1,-3
17310,17310,1503699460195,-2,-9,-10,-5,-2,-3,0,5
17311,17311,1503699460202,0,-2,-3,-1,-1,-1,0,1
17312,17312,1503699460216,4,-1,-4,-1,-2,-1,0,2
17313,17313,1503699460223,-2,6,5,1,0,-1,0,-6
17314,17314,1503699460231,-4,-5,-4,-2,-2,0,-2,-4
17315,17315,1503699460246,1,0,1,-1,-1,-1,-2,0
17316,17316,1503699460253,2,-1,1,1,1,-1,-1,-1
17317,17317,1503699460262,-3,-1,-1,-1,-1,0,0,4
17318,17318,1503699460276,9,0,-1,0,0,0,-3,3
17319,17319,1503699460283,-8,-7,-3,-3,-2,-2,-3,-9
17320,17320,1503699460290,-8,-4,-4,-2,0,-2,-2,0
17321,17321,1503699460306,-5,1,-4,-2,0,2,0,1
17322,17322,1503699460313,-5,4,2,1,0,1,0,-1
17323,17323,1503699460321,8,-1,-4,-1,1,-1,0,1
17324,17324,1503699460336,-4,0,-2,-2,-1,1,0,-2
17325,17325,1503699460343,-4,0,7,3,0,-1,-1,3
17326,17326,1503699460350,0,2,1,-1,-2,-3,0,-1
17327,17327,1503699460366,-4,-2,-3,-1,-1,-2,-2,-2
17328,17328,1503699460373,9,1,3,1,-1,-1,-1,-1
17329,17329,1503699460381,5,4,-1,-3,0,-2,-1,-1
17330,17330,1503699460396,-12,-5,2,1,1,1,0,1
17331,17331,1503699460397,2,-1,-1,0,1,0,2,-5
17332,17332,1503699460404,-3,-4,-2,-1,-4,-2,-1,0
17333,17333,1503699460411,-3,-6,-6,-3,-3,-2,-1,-1
17334,17334,1503699460428,-2,-5,0,1,1,2,1,6
17335,17335,1503699460433,7,7,1,-3,0,-2,-1,6
17336,17336,1503699460441,1,-1,0,1,1,-3,-1,-1
17337,17337,1503699460455,-3,-1,-1,0,-2,-1,-2,-7
17338,17338,1503699460466,2,4,-2,-2,0,0,0,-3
17339,17339,1503699460470,1,7,5,1,1,-1,0,-2
17340,17340,1503699460486,-12,-4,1,1,-1,0,0,-4
17341,17341,1503699460493,-2,-2,-4,-2,-1,1,-2,3
17342,17342,1503699460501,2,-1,-1,-1,0,-1,2,-1
17343,17343,1503699460515,-2,-4,0,-1,0,-1,1,0
17344,17344,1503699460523,-14,-3,-2,0,-1,-2,-2,-3
17345,17345,1503699460536,-9,-5,0,0,-1,-1,-1,0
17346,17346,1503699460550,-2,-5,-3,-1,0,-1,-1,-2
17347,17347,1503699460553,-2,2,5,4,2,-2,0,4
17348,17348,1503699460569,10,2,-5,-1,0,-1,-2,-1
17349,17349,1503699460575,-4,2,3,2,1,-2,0,1
17350,17350,1503699460576,-2,-3,-3,-2,-3,-1,-1,-3
17351,17351,1503699460583,3,1,0,-1,-2,-1,0,-1
17352,17352,1503699460590,2,-5,-5,-3,-3,-1,0,-2
17353,17353,1503699460607,-1,1,2,-2,-2,-1,-2,0
17354,17354,1503699460620,0,-5,-1,0,0,1,0,-1
17355,17355,1503699460622,-2,-1,-2,-2,0,-2,0,-2
17356,17356,1503699460635,0,0,0,0,-1,0,-1,-1
17357,17357,1503699460636,-5,-1,-3,-1,-2,-2,-3,-3
17358,17358,1503699460644,0,0,5,0,0,1,0,-1
18114,18114,1503699467956,-3,-1,-3,-2,-1,-4,-4,0
18115,18115,1503699467962,2,-4,-5,-3,-1,-1,0,1
18116,18116,1503699467963,-2,-1,-2,-3,-1,-1,-3,-3
18117,18117,1503699467971,13,-2,-3,-2,-1,-1,-1,0
18118,18118,1503699467987,-2,-4,-3,0,-1,-3,0,0
18119,18119,1503699467993,0,-7,-9,-2,-1,-1,-1,-1
18120,18120,1503699468000,4,-1,-6,-2,-2,-1,-2,-1
18121,18121,1503699468020,-20,-9,-4,-3,-1,-1,0,-2
18122,18122,1503699468024,2,11,8,1,-2,-3,0,-1
18123,18123,1503699468031,-8,0,5,3,0,5,0,1
18124,18124,1503699468045,-6,-2,4,7,5,2,0,-1
18125,18125,1503699468053,8,4,4,0,0,1,4,0
18126,18126,1503699468060,1,-5,-3,-2,-1,-1,-2,-1
18127,18127,1503699468075,15,5,2,3,0,-1,-2,0
18128,18128,1503699468083,7,1,-2,-2,-2,-2,0,-1
18129,18129,1503699468091,-8,1,4,-1,-1,-2,-4,-4
18130,18130,1503699468105,6,3,5,17,8,2,-1,0
18131,18131,1503699468116,-1,0,-4,-1,3,-4,-1,0
18132,18132,1503699468120,-10,-4,-1,-7,-2,1,-2,0
18133,18133,1503699468135,4,-5,-4,-2,-4,-3,-3,-3
18134,18134,1503699468143,7,-1,-3,-9,-4,-6,-3,-1
18135,18135,1503699468158,-5,-3,-2,-5,-4,-3,-2,-1
18136,18136,1503699468164,-12,-6,-3,-5,-7,-2,0,-4
18137,18137,1503699468172,9,1,-1,0,-1,-1,0,-1
18138,18138,1503699468187,1,11,6,1,1,0,0,1
18139,18139,1503699468195,-7,-4,-2,0,-1,1,0,-4
18140,18140,1503699468202,11,1,-5,-2,-1,0,-2,0
18141,18141,1503699468218,-8,1,6,2,-2,0,1,2
18142,18142,1503699468225,1,5,0,-3,-5,-2,0,0
18143,18143,1503699468233,-12,-4,4,4,8,2,0,2
18144,18144,1503699468247,-4,3,3,-2,-2,0,0,1
18145,18145,1503699468256,-3,-1,1,-1,-5,-3,-4,-1
18146,18146,1503699468263,15,1,-3,0,-1,1,0,2
18147,18147,1503699468277,2,2,-2,1,-1,-3,-1,-1
18148,18148,1503699468278,0,-2,-2,0,0,-2,0,1
18149,18149,1503699468286,-13,-5,1,0,-1,0,-1,-2
18150,18150,1503699468293,7,2,-2,-2,-3,-1,-3,-1
18151,18151,1503699468307,-8,-8,0,-3,1,-1,0,0
18152,18152,1503699468317,2,2,0,1,0,0,-3,-1
18153,18153,1503699468323,-7,-7,-4,-2,0,0,-1,-2
18154,18154,1503699468339,-1,0,0,5,4,2,2,3
18155,18155,1503699468346,1,-4,-1,-1,-2,-1,0,-1
18156,18156,1503699468353,5,13,3,-3,-1,-2,-1,-2
18157,18157,1503699468367,0,6,3,-1,-2,0,-1,-4
18158,18158,1503699468376,-10,-6,-2,-4,-3,-1,2,-3
18159,18159,1503699468384,7,3,-4,-2,-2,-1,-2,-1
18160,18160,1503699468398,-4,-5,-7,-6,-3,-1,-3,-2
18161,18161,1503699468404,11,-2,-6,-1,-3,-1,-1,0
18162,18162,1503699468413,-2,-3,2,4,0,0,-1,0
18163,18163,1503699468427,19,6,-5,4,7,-1,0,0
18164,18164,1503699468435,0,-1,-1,-4,-2,-3,-3,-2
18165,18165,1503699468443,6,-2,-3,-3,-3,-1,0,-1
18166,18166,1503699468459,9,11,7,1,-1,1,-1,1
18167,18167,1503699468464,2,0,-1,0,0,-2,0,-1
18168,18168,1503699468472,4,0,-3,-3,-4,-4,-1,0
18169,18169,1503699468487,-13,-2,2,0,0,1,0,2
18170,18170,1503699468495,5,3,-6,-9,-5,1,-1,-1
18171,18171,1503699468503,-17,-5,1,0,-2,-1,0,0
18172,18172,1503699468519,-2,-7,-4,-2,-2,-3,-2,-1
18173,18173,1503699468525,-12,-5,1,-1,0,0,-1,-2
18174,18174,1503699468533,-8,-4,-6,-2,0,1,1,-3
18175,18175,1503699468547,-8,-6,0,0,2,0,0,-1
18176,18176,1503699468555,-5,-8,-7,1,1,0,0,1
18177,18177,1503699468563,2,4,-2,-4,-4,0,0,0
18178,18178,1503699468578,-16,-2,-2,0,1,-2,-1,1
18179,18179,1503699468586,8,6,2,2,0,-1,-1,-2
18180,18180,1503699468594,-4,1,-1,0,-1,-1,0,-1
18181,18181,1503699468607,-12,-8,-1,-1,0,1,0,-1
18182,18182,1503699468615,3,-2,-1,-2,-19,-6,-2,-5
18183,18183,1503699468623,5,3,1,-3,-4,-1,-1,0
18184,18184,1503699468638,-5,-5,3,1,0,-2,0,-4
18185,18185,1503699468644,1,0,0,0,1,0,0,1
18186,18186,1503699468653,3,-2,4,1,0,0,0,1
18187,18187,1503699468667,-2,3,5,3,31,5,0,-1
18188,18188,1503699468675,8,11,5,2,7,4,-2,1
18189,18189,1503699468683,-3,-3,-4,-2,-11,-4,-2,-2
18190,18190,1503699468698,-9,-7,-2,0,4,0,0,0
18191,18191,1503699468704,0,-3,0,-1,-7,-1,0,-1
18192,18192,1503699468713,-8,1,2,1,5,0,1,-1
18193,18193,1503699468714,4,-4,-4,-3,-3,-2,-2,2
18194,18194,1503699468728,-4,1,0,-1,-3,-1,0,-1
18195,18195,1503699468735,10,1,-3,-2,-1,1,-9,-1
18196,18196,1503699468743,-7,-5,-5,-3,-6,-3,-2,-1
18197,18197,1503699468758,0,-1,5,1,0,-1,1,-3
18198,18198,1503699468764,13,0,-9,-5,-6,-2,-3,-2
18199,18199,1503699468772,-11,-3,1,1,4,2,0,-3
18200,18200,1503699468787,0,-9,-1,-2,-2,-2,-1,0
18201,18201,1503699468796,3,1,-1,-2,0,-1,0,0
18202,18202,1503699468803,3,1,-4,-1,-6,-3,-1,1
18203,18203,1503699468819,2,0,3,1,0,0,0,2
18204,18204,1503699468820,-2,-5,-4,-3,-2,-1,1,1
18205,18205,1503699468826,4,1,2,1,-1,0,-3,0
18206,18206,1503699468833,-2,-2,-3,-1,-3,0,1,3
18207,18207,1503699468847,3,2,1,0,0,-4,-1,0
18208,18208,1503699468861,5,-3,-2,-2,1,-1,-3,0
18209,18209,1503699468863,-10,1,4,3,1,2,0,-1
18210,18210,1503699468878,8,6,0,-1,-1,-3,-1,1
18211,18211,1503699468884,-12,-5,-3,-3,-1,0,0,-2
18212,18212,1503699468893,9,15,5,-1,2,-2,0,-2
18213,18213,1503699468907,1,-1,-2,-2,-2,-1,-1,0
18214,18214,1503699468915,-9,-7,0,3,1,2,0,-2
18215,18215,1503699468925,0,0,2,-1,0,0,1,-3
18216,18216,1503699468938,-9,-2,2,-2,-3,-3,-2,-2
18217,18217,1503699468945,-7,-7,-1,0,-1,-1,-5,-1
18218,18218,1503699468955,-3,2,5,1,1,1,-1,1
18219,18219,1503699468967,-9,-4,-2,-1,-5,-2,0,3
18220,18220,1503699468975,-1,-8,-7,-1,-1,-1,-1,-4
18221,18221,1503699468983,-6,1,8,3,2,0,1,1
18222,18222,1503699468998,10,1,-5,-1,-2,-1,-2,0
18223,18223,1503699469004,-5,-1,-6,-5,-3,-1,1,0
18224,18224,1503699469013,-11,-10,-4,0,-1,2,0,0
18225,18225,1503699469027,11,1,-4,-2,-1,-1,0,-3
18226,18226,1503699469035,-7,-5,-5,-2,0,0,0,2
18227,18227,1503699469042,2,-2,0,-1,-1,0,-1,-3
18228,18228,1503699469058,1,2,2,-2,-1,-2,-4,0
18229,18229,1503699469065,6,2,-1,-1,1,-1,0,1
18230,18230,1503699469080,0,-1,-1,-1,-2,-1,0,-1
18231,18231,1503699469089,4,5,-3,-2,-1,-1,-2,-2
18232,18232,1503699469095,-11,-4,0,2,-2,0,-1,0
18233,18233,1503699469109,5,-3,-5,-1,0,-2,-4,-4
18234,18234,1503699469118,3,0,-2,-2,0,-2,-1,-2
18235,18235,1503699469125,-11,-9,-3,-2,-3,-1,-2,-4
18236,18236,1503699469142,2,4,-1,-2,-1,0,1,-1
18237,18237,1503699469147,-3,0,-1,-1,1,0,1,0
18238,18238,1503699469156,5,0,1,-2,0,-1,1,1
18239,18239,1503699469169,-2,-4,-2,1,0,0,0,2
18240,18240,1503699469178,0,1,0,1,-1,0,-1,-3
18241,18241,1503699469184,-15,0,0,0,-1,1,0,-4
18242,18242,1503699469200,-5,-5,-3,-3,0,1,0,0
18243,18243,1503699469207,18,9,1,-2,-3,-2,-1,0
18244,18244,1503699469215,3,3,-2,-1,0,-1,0,-3
18245,18245,1503699469229,-7,-8,-2,-3,-1,-2,-2,-1
18246,18246,1503699469237,-1,-7,-3,-3,0,-1,0,-1
18247,18247,1503699469244,0,8,7,5,1,0,0,-1
18248,18248,1503699469261,-8,-1,3,2,-1,0,-1,1
18249,18249,1503699469267,-7,-6,-4,1,1,0,0,0
18250,18250,1503699469275,-6,2,-3,-3,-1,0,-2,-5
18251,18251,1503699469292,7,5,2,-1,-2,0,-1,-1
18252,18252,1503699469299,0,-3,-2,-2,-4,-1,0,-1
18253,18253,1503699469304,1,-1,-3,-3,-2,0,1,2
18254,18254,1503699469320,1,-1,3,2,0,-1,1,4
18255,18255,1503699469332,-4,-2,1,2,0,-1,1,5
18256,18256,1503699469335,-4,-9,-9,-3,-2,-2,-4,-3
18257,18257,1503699469349,19,-1,2,0,1,-1,-2,0
18258,18258,1503699469358,-8,1,-2,-2,-1,1,-3,-7
18259,18259,1503699469359,0,-2,-1,1,1,0,-2,7
18260,18260,1503699469366,21,12,2,-2,-3,-3,-1,-1
18261,18261,1503699469380,8,-9,-14,-5,-4,-1,-3,-16
18262,18262,1503699469387,1,-3,-3,-1,0,-1,-2,2
18263,18263,1503699469396,-15,-14,-5,-4,-1,-1,2,-5
18264,18264,1503699469409,0,3,5,0,0,-1,-3,-11
18265,18265,1503699469417,9,9,2,0,2,2,1,1
18266,18266,1503699469427,0,-5,-1,-2,-1,1,-1,7
18267,18267,1503699469440,6,8,10,3,1,3,6,20
18268,18268,1503699469447,-1,-13,-18,-7,-2,-1,2,4
18269,18269,1503699469455,-8,0,-8,-6,-6,-4,-4,-4
18270,18270,1503699469470,0,66,76,21,7,3,0,1
18271,18271,1503699469478,9,6,2,0,2,0,3,8
18272,18272,1503699469485,1,-19,-24,-10,-4,-3,1,-7
18273,18273,1503699469500,2,-1,7,1,-1,0,2,-2
18274,18274,1503699469507,-17,-9,-12,-5,-3,-4,-5,-2
18275,18275,1503699469515,-2,-7,-11,-4,-3,2,-4,-3
18276,18276,1503699469530,0,-1,-7,-1,-1,0,3,-3
18277,18277,1503699469538,1,-13,-9,-3,-4,1,-3,3
18278,18278,1503699469539,5,12,13,2,2,-3,-2,-6
18279,18279,1503699469545,1,-5,-3,-2,-1,-1,-1,-2
18280,18280,1503699469560,4,-11,-11,-5,-5,-4,-3,8
18281,18281,1503699469569,1,-25,-26,-5,-3,-2,2,1
18282,18282,1503699469575,-2,-1,-3,-3,-3,0,-2,-3
18283,18283,1503699469592,-6,-10,-11,-2,0,0,-4,0
18284,18284,1503699469599,3,1,2,0,-4,-5,-3,-8
19114,19114,1503699477667,8,8,-5,-4,-4,-2,-1,1
19115,19115,1503699477683,5,0,-3,-2,-1,-1,-2,-2
19116,19116,1503699477692,-13,-5,1,1,-1,0,0,-2
19117,19117,1503699477698,-7,2,0,0,-2,-3,-2,-3
19118,19118,1503699477712,-4,-1,-2,1,0,0,-1,-1
19119,19119,1503699477720,-5,1,3,-2,0,-1,0,-1
19120,19120,1503699477727,-1,0,0,-1,-3,3,4,-1
19121,19121,1503699477742,0,2,2,-4,-4,-1,-6,-2
19122,19122,1503699477750,-2,-5,-4,1,1,-3,-3,-1
19123,19123,1503699477759,1,0,0,-2,-14,-11,1,1
19124,19124,1503699477773,-4,-3,-3,-5,-37,-4,-8,-5
19125,19125,1503699477782,0,0,2,2,-11,-1,-1,1
19126,19126,1503699477787,0,-13,-16,-3,22,0,-2,2
19127,19127,1503699477802,0,-19,-18,-5,-6,2,-2,-6
19128,19128,1503699477809,0,25,25,7,0,-7,2,-1
19129,19129,1503699477810,-1,6,13,2,-4,-3,-4,1
19130,19130,1503699477820,-4,-8,-3,-2,13,-4,0,0
19131,19131,1503699477832,-3,-6,-9,-1,35,7,1,-2
19132,19132,1503699477841,9,9,6,1,0,10,6,2
19133,19133,1503699477862,0,5,4,1,-11,0,-3,-10
19134,19134,1503699477863,-3,-1,-4,-1,7,-2,-2,0
19135,19135,1503699477869,3,-5,-9,-2,-2,0,6,7
19136,19136,1503699477878,1,23,20,8,-2,0,-4,-13
19137,19137,1503699477892,3,-12,-7,-1,0,2,3,9
19138,19138,1503699477893,-23,-1,0,-3,-4,-4,-10,-17
19139,19139,1503699477900,0,-3,-8,-3,0,0,1,9
19140,19140,1503699477907,-2,0,-3,-3,-1,-3,-1,1
19141,19141,1503699477923,1,-1,1,0,-4,1,-3,4
19142,19142,1503699477924,0,2,1,-1,1,0,1,1
19143,19143,1503699477930,7,1,2,0,-6,-3,3,3
19144,19144,1503699477938,-2,0,1,2,1,-4,-7,-8
19145,19145,1503699477953,8,1,2,-3,-15,-3,-7,-2
19146,19146,1503699477960,-7,-3,-4,-6,-26,-6,0,2
19147,19147,1503699477967,-2,-2,1,1,2,-2,0,5
19148,19148,1503699477984,-5,-4,-1,1,0,-2,0,0
19149,19149,1503699477991,7,4,5,1,1,-2,3,3
19150,19150,1503699477998,12,8,-2,-1,5,3,2,1
19151,19151,1503699478012,-3,1,-2,0,5,-1,-4,-4
19152,19152,1503699478026,-7,4,14,8,7,2,1,0
19153,19153,1503699478027,-1,-3,-1,-2,-1,-3,0,3
19154,19154,1503699478042,6,-5,-7,-4,3,3,2,8
19155,19155,1503699478051,-24,-13,-5,-8,-6,-3,-2,-18
19156,19156,1503699478058,0,-1,-4,0,6,1,-1,-1
19157,19157,1503699478072,0,-6,0,-2,-2,0,0,-4
19158,19158,1503699478080,3,-2,-3,-4,-3,-4,-5,0
19159,19159,1503699478088,2,3,1,2,3,3,2,7
19160,19160,1503699478102,-1,-3,-5,-2,-1,-4,-4,-5
19161,19161,1503699478109,7,11,0,-2,0,-1,-1,4
19162,19162,1503699478120,5,7,-7,-4,-1,-1,-2,2
19163,19163,1503699478132,6,-2,-5,1,-2,-1,-1,4
19164,19164,1503699478140,-11,-9,1,2,1,0,0,-1
19165,19165,1503699478147,3,6,1,1,-1,2,2,-1
19166,19166,1503699478162,-2,-6,-4,-4,-3,-4,-4,-3
19167,19167,1503699478169,-2,3,4,1,1,-1,0,7
19168,19168,1503699478178,-6,1,5,2,2,1,0,-2
19169,19169,1503699478192,0,-6,-1,0,1,-1,0,8
19170,19170,1503699478200,9,2,1,-1,-2,1,0,3
19171,19171,1503699478207,3,2,2,2,3,3,2,0
19172,19172,1503699478223,0,-3,-1,1,3,0,1,-4
19173,19173,1503699478230,2,6,-2,-2,-2,-7,-4,-3
19174,19174,1503699478246,-5,-7,-7,-3,0,-1,1,-3
19175,19175,1503699478253,-1,-4,-4,-4,-1,-3,-2,-3
19176,19176,1503699478260,-3,-4,-1,-1,-1,-1,-2,-5
19177,19177,1503699478267,-4,-2,-1,0,-2,2,-1,-6
19178,19178,1503699478282,-2,2,4,0,0,1,0,1
19179,19179,1503699478291,2,-2,-1,-2,-4,2,7,0
19180,19180,1503699478298,-7,-2,1,-2,0,-2,-3,0
19181,19181,1503699478311,0,-3,0,0,-2,0,-2,0
19182,19182,1503699478322,-1,1,-2,-1,-1,-5,0,6
19183,19183,1503699478328,-5,-2,0,0,2,-1,-3,-1
19184,19184,1503699478342,-6,-3,-1,-2,0,-2,-4,-5
19185,19185,1503699478350,-1,-6,-9,-3,0,-1,0,-1
19186,19186,1503699478358,9,3,-1,-2,-1,1,2,3
19187,19187,1503699478371,-4,-8,-1,0,0,0,-2,-3
19188,19188,1503699478379,2,6,9,1,0,-3,0,1
19189,19189,1503699478380,-6,-4,-2,0,-2,1,-1,-4
19190,19190,1503699478394,1,2,0,-1,0,0,-2,1
19191,19191,1503699478402,-1,-4,0,2,0,1,1,0
19192,19192,1503699478410,4,-1,-3,-2,-3,0,3,-1
19193,19193,1503699478425,4,5,2,1,-1,4,2,1
19194,19194,1503699478431,-2,2,3,2,0,1,-2,-3
19195,19195,1503699478439,-4,-6,-5,-2,-2,-5,-3,1
19196,19196,1503699478440,0,0,-1,0,-1,-3,-4,-3
19197,19197,1503699478455,-7,0,1,0,0,-2,-1,-4
19198,19198,1503699478463,0,-10,-8,-3,-2,-3,-4,-7
19199,19199,1503699478470,10,6,-1,-3,-3,-3,-4,-1
19200,19200,1503699478485,-6,3,4,-1,-1,-1,1,4
19201,19201,1503699478492,-2,-3,-4,-2,-1,-1,0,6
19202,19202,1503699478500,-1,-4,-3,0,0,-1,2,0
19203,19203,1503699478514,5,11,7,2,2,0,1,7
19204,19204,1503699478523,-2,0,3,-1,0,0,-1,0
19205,19205,1503699478530,-2,-4,-3,0,-1,-1,-2,1
19206,19206,1503699478544,0,0,-1,-2,0,3,5,-1
19207,19207,1503699478545,-4,-2,0,0,-2,-1,-3,-6
19208,19208,1503699478551,-6,-7,-2,1,0,-3,-3,-8
19209,19209,1503699478560,-1,1,-1,0,-1,-2,-1,-2
19210,19210,1503699478574,-5,-3,-2,-2,-1,0,-2,-3
19211,19211,1503699478582,0,3,-3,-3,-2,0,0,1
19212,19212,1503699478598,-11,-4,-5,-2,-1,0,-2,-7
19213,19213,1503699478604,2,9,10,1,0,0,2,3
19214,19214,1503699478605,2,-5,-4,-1,-1,0,0,0
19215,19215,1503699478612,2,0,-4,-3,2,0,-2,-5
19216,19216,1503699478623,-4,9,13,3,2,-6,-5,-4
19217,19217,1503699478634,-4,-2,0,-1,-3,0,1,-1
19218,19218,1503699478642,2,-1,-1,-2,1,3,4,3
19219,19219,1503699478649,-2,8,5,2,-1,0,0,-1
19220,19220,1503699478665,1,6,10,0,-2,-1,0,-2
19221,19221,1503699478672,-11,-11,-3,2,-1,-1,-1,0
19222,19222,1503699478680,-4,-5,-1,2,0,-1,0,-1
19223,19223,1503699478694,1,5,9,1,0,-2,-2,1
19224,19224,1503699478702,-1,-3,-5,-3,0,-2,-3,-2
19225,19225,1503699478709,1,-10,-10,-3,-1,0,-1,-2
19226,19226,1503699478725,4,0,-4,-2,-1,4,6,1
19227,19227,1503699478732,5,3,0,0,0,-2,1,-3
19228,19228,1503699478740,-1,-4,-4,-3,-2,-1,-2,2
19229,19229,1503699478760,2,1,-1,-1,0,-2,1,4
19230,19230,1503699478762,1,-2,-4,2,1,-1,0,4
19231,19231,1503699478769,1,2,-1,1,2,1,0,4
19232,19232,1503699478785,1,0,-5,-4,-2,-1,-5,-1
19233,19233,1503699478792,-2,-3,-3,-3,-1,-1,2,2
19234,19234,1503699478800,-6,-3,-3,-1,-2,1,-2,-4
19235,19235,1503699478814,-2,-3,0,-1,0,0,-2,-4
19236,19236,1503699478824,0,-2,-1,-2,-3,-1,-2,-1
19237,19237,1503699478830,-1,-2,2,1,-1,0,0,-1
19238,19238,1503699478844,1,3,1,-1,3,2,1,1
19239,19239,1503699478852,0,-1,1,-2,-1,-1,-2,-4
19240,19240,1503699478863,-3,-6,0,2,-1,-1,1,0
19241,19241,1503699478874,3,-2,-4,-3,-1,-2,-1,1
19242,19242,1503699478882,-4,-4,3,3,-1,-1,0,-3
19243,19243,1503699478891,9,0,-1,2,-3,-1,0,0
19244,19244,1503699478905,-5,-6,-7,-4,-2,-3,-9,-9
19245,19245,1503699478912,3,2,-2,0,1,0,-2,-2
19246,19246,1503699478920,0,-1,2,-1,-2,-1,1,1
19247,19247,1503699478935,-6,-2,-2,-4,-1,1,-2,-4
19248,19248,1503699478942,6,4,1,-1,-3,-2,-1,3
19249,19249,1503699478950,8,-5,-3,0,-2,-3,0,-2
19250,19250,1503699478965,-4,0,-2,0,0,0,-2,-2
19251,19251,1503699478972,-7,1,2,0,0,-2,-2,0
20034,20034,1503699486600,15,4,3,-1,-3,-5,-2,7
20035,20035,1503699486614,-2,0,-4,-4,-1,-1,-2,0
20036,20036,1503699486622,-5,-1,-1,1,0,-1,2,1
20037,20037,1503699486629,-7,-2,-5,-2,-4,-2,-3,-4
20038,20038,1503699486646,-1,1,0,-2,1,-1,-1,-6
20039,20039,1503699486653,-2,-10,-13,-5,-3,-2,-2,-4
20040,20040,1503699486660,0,1,3,0,-1,-1,4,0
20041,20041,1503699486674,-2,-3,-4,-3,-7,-2,-4,1
20042,20042,1503699486683,-4,0,0,-2,-6,-9,-4,0
20043,20043,1503699486689,-3,-2,-5,-4,-3,-3,1,-4
20044,20044,1503699486705,7,-3,-3,1,2,0,-2,-2
20045,20045,1503699486712,-1,-2,-2,0,19,5,0,-1
20046,20046,1503699486721,-4,-2,-2,-2,-1,13,-3,0
20047,20047,1503699486734,-6,-3,-1,-2,-7,-2,-1,-11
20048,20048,1503699486744,6,6,1,0,4,-1,0,3
20049,20049,1503699486751,-2,-5,-7,-1,-1,2,-1,-1
20050,20050,1503699486765,-15,12,14,0,-2,0,0,-7
20051,20051,1503699486772,9,22,27,13,0,0,1,-21
20052,20052,1503699486780,4,-4,-5,0,2,0,1,-1
20053,20053,1503699486794,3,-9,-4,-1,-3,0,2,8
20054,20054,1503699486802,-14,-1,-13,-5,-1,-3,-1,-4
20055,20055,1503699486817,3,-7,-15,-7,-3,-3,-1,1
20056,20056,1503699486825,2,-15,-5,-1,0,-1,-3,4
20057,20057,1503699486832,-9,0,0,-4,-1,-1,0,1
20058,20058,1503699486847,3,5,5,0,-2,-1,-2,-5
20059,20059,1503699486854,-1,-2,-5,-5,-2,-1,1,4
20060,20060,1503699486862,0,-3,1,1,0,1,2,5
20061,20061,1503699486877,-3,-6,-5,-1,-4,0,3,4
20062,20062,1503699486885,2,6,4,0,-8,-1,-1,-3
20063,20063,1503699486886,-1,-1,-1,2,7,-2,0,-4
20064,20064,1503699486892,0,3,2,-4,20,21,4,3
20065,20065,1503699486907,0,-1,-3,-3,-1,-1,1,1
20066,20066,1503699486914,-2,-2,-2,-1,-5,-20,-4,5
20067,20067,1503699486923,-3,-3,-2,-2,-3,-3,-4,-2
20068,20068,1503699486937,-3,-1,-1,-2,-8,-9,1,4
20069,20069,1503699486947,6,0,1,-1,-5,-5,2,4
20070,20070,1503699486957,-3,-5,0,0,-1,3,-4,-11
20071,20071,1503699486966,-6,0,-2,-2,-1,-1,-4,-5
20072,20072,1503699486974,-9,1,0,1,-1,1,-4,-10
20073,20073,1503699486983,-11,3,8,0,-1,-3,-4,-1
20074,20074,1503699486997,-3,-5,-11,-1,-4,-4,-2,-3
20075,20075,1503699487005,10,-13,-14,-4,-1,3,3,13
20076,20076,1503699487014,1,20,42,17,3,1,-2,6
20077,20077,1503699487027,10,8,6,3,2,3,2,2
20078,20078,1503699487034,-1,7,3,-3,-6,-2,-3,1
20079,20079,1503699487042,0,-14,-6,-2,-2,-2,-3,-6
20080,20080,1503699487057,4,-10,-13,-4,-4,1,1,4
20081,20081,1503699487065,-10,3,-1,-2,-1,-1,-2,-11
20082,20082,1503699487072,-3,-10,-7,-2,-1,-1,-2,-1
20083,20083,1503699487087,-1,-1,-2,-1,-1,-2,-5,-2
20084,20084,1503699487094,0,-3,-6,-6,-4,-2,2,0
20085,20085,1503699487102,-3,-1,-2,-1,-3,1,-14,-4
20086,20086,1503699487117,2,-2,-6,-2,3,8,3,4
20087,20087,1503699487125,0,1,2,0,8,-9,8,2
20088,20088,1503699487131,0,-5,-7,-5,-7,-14,0,1
20089,20089,1503699487149,1,1,2,1,32,5,1,2
20090,20090,1503699487154,-2,-1,-2,1,6,-9,-11,0
20091,20091,1503699487162,-2,-1,-2,-2,-20,-2,0,1
20092,20092,1503699487177,10,-2,-2,-1,-6,0,-1,7
20093,20093,1503699487185,5,-1,-8,-5,-8,5,-4,-9
20094,20094,1503699487192,3,-5,-14,-5,-3,2,0,5
20095,20095,1503699487207,-2,-6,2,-4,-1,-3,0,6
20096,20096,1503699487215,9,5,0,0,1,4,5,15
20097,20097,1503699487223,-18,-17,-16,-4,-6,-3,-3,-22
20098,20098,1503699487237,1,-17,-13,-8,-1,2,-4,-6
20099,20099,1503699487245,-4,14,32,15,0,3,3,3
20100,20100,1503699487253,-1,-3,-8,-1,2,0,1,-5
20101,20101,1503699487266,-4,-5,-5,-4,-3,-2,-2,-2
20102,20102,1503699487267,-6,-1,0,-3,-5,-3,1,2
20103,20103,1503699487274,-3,5,6,0,-1,0,-1,-6
20104,20104,1503699487283,3,2,-1,1,2,2,0,0
20105,20105,1503699487297,-3,4,8,2,0,0,2,-5
20106,20106,1503699487305,4,3,-5,-1,1,-1,-3,4
20107,20107,1503699487312,-5,0,3,-3,-6,-4,-3,-4
20108,20108,1503699487327,3,-1,-4,-2,1,0,-9,1
20109,20109,1503699487334,-5,-1,3,4,2,-1,-9,-6
20110,20110,1503699487343,2,2,0,-1,-2,-3,-4,0
20111,20111,1503699487358,-3,1,1,0,2,-8,-3,0
20112,20112,1503699487365,-2,-1,-3,-2,-5,-1,5,-1
20113,20113,1503699487373,-12,-1,-2,-3,-1,-2,-2,-9
20114,20114,1503699487387,4,1,-1,-1,-1,-1,3,7
20115,20115,1503699487394,5,4,-2,-2,2,2,4,4
20116,20116,1503699487402,-3,-18,-22,-7,-5,2,1,0
20117,20117,1503699487419,-1,-5,5,7,1,4,2,1
20118,20118,1503699487426,-10,-8,-11,-1,-2,-6,-3,5
20119,20119,1503699487432,2,8,2,-3,-3,-1,-2,-11
20120,20120,1503699487447,1,17,13,5,0,0,1,0
20121,20121,1503699487454,-5,0,-1,1,-1,2,0,1
20122,20122,1503699487462,1,-10,0,0,0,0,3,5
20123,20123,1503699487477,1,-2,4,-1,0,1,0,4
20124,20124,1503699487487,-7,0,5,0,0,3,1,-9
20125,20125,1503699487492,2,-4,-7,-3,-1,1,-1,-1
20126,20126,1503699487507,2,3,3,1,-2,-3,-6,-3
20127,20127,1503699487514,-1,2,-1,-1,-2,-1,0,1
20128,20128,1503699487530,3,1,2,4,1,-10,-4,-2
20129,20129,1503699487536,-3,-2,1,0,4,-1,-9,-2
20130,20130,1503699487553,0,-3,-4,-3,-7,-2,2,0
20131,20131,1503699487567,2,4,3,-1,-6,-5,-1,1
20132,20132,1503699487574,0,-2,-1,-4,-5,-1,5,2
20133,20133,1503699487585,0,0,-1,-4,-6,5,1,3
20134,20134,1503699487597,0,-2,-3,-2,0,-3,-2,-9
20135,20135,1503699487605,1,7,0,0,-2,-1,3,3
20136,20136,1503699487612,-5,3,2,1,-1,2,-1,1
20137,20137,1503699487627,-4,-8,-6,-4,-3,-2,0,-3
20138,20138,1503699487634,-14,15,11,1,1,-1,-2,-12
20139,20139,1503699487642,1,7,-6,-8,-3,-6,-4,-12
20140,20140,1503699487657,0,-24,-18,-6,-1,-1,-2,-14
20141,20141,1503699487665,3,-7,-11,-1,-1,0,0,2
20142,20142,1503699487671,2,5,7,5,2,0,0,5
20143,20143,1503699487687,-5,6,9,3,1,-1,1,-4
20144,20144,1503699487694,-1,-2,-8,-4,-2,-2,1,5
20145,20145,1503699487702,-5,5,9,1,-2,-3,-2,-1
20146,20146,1503699487720,4,-5,-5,-2,-2,-2,0,4
20147,20147,1503699487725,2,4,4,2,-1,3,6,5
20148,20148,1503699487738,2,1,3,0,0,-2,1,2
20149,20149,1503699487747,1,-8,-5,2,4,0,-2,-3
20150,20150,1503699487755,0,1,3,-5,-12,-6,3,3
20151,20151,1503699487769,-1,-6,-4,-1,22,20,-2,0
20152,20152,1503699487778,5,3,2,1,5,2,-1,4
20153,20153,1503699487786,3,-2,1,-3,-13,-7,-1,-1
20154,20154,1503699487799,-2,-5,-3,1,1,1,-1,-2
20155,20155,1503699487806,2,2,1,2,-4,4,3,4
20156,20156,1503699487807,-2,-2,1,-3,-4,-7,-2,-3
20157,20157,1503699487814,6,0,0,1,-2,0,0,0
20158,20158,1503699487829,-3,-3,-1,0,-6,-2,-3,-13
20159,20159,1503699487836,-2,-3,-6,-3,0,-5,-2,1
20160,20160,1503699487837,-1,-5,-4,0,0,3,1,5
20161,20161,1503699487847,-8,-5,-12,-5,-6,-5,-2,-1
20162,20162,1503699487861,2,3,5,2,-1,-3,0,-2
20163,20163,1503699487862,-4,-4,10,3,3,0,-3,-1
20164,20164,1503699487867,-8,5,7,0,-4,-4,-1,-1
20165,20165,1503699487874,10,11,-5,-1,0,4,0,5
20166,20166,1503699487889,9,2,7,-1,0,-1,1,5
20167,20167,1503699487897,1,6,7,4,0,0,1,4
20168,20168,1503699487905,0,-2,-6,-1,-3,-2,-3,0
20169,20169,1503699487928,0,-4,-7,-2,-1,3,-1,-3
20170,20170,1503699487930,1,0,-2,-1,-3,-1,-1,4
20171,20171,1503699487934,2,3,2,-1,0,-5,-2,-4
20172,20172,1503699487954,-2,-2,-2,1,-2,0,4,-5
20173,20173,1503699487957,-4,-1,-4,-2,-1,0,-1,-4
20174,20174,1503699487965,0,-1,-2,-1,-1,0,0,1
20175,20175,1503699487979,-3,-4,-3,-1,0,0,-1,-3
20176,20176,1503699487989,1,-1,2,0,-7,7,6,1
20177,20177,1503699487995,-2,-1,-2,1,4,-1,-2,-1
20178,20178,1503699488009,0,0,-2,-1,-6,-6,-2,1
20179,20179,1503699488018,-1,-1,1,0,-1,1,-1,0
20180,20180,1503699488025,1,-1,-1,-1,1,-3,-4,3
20181,20181,1503699488039,-11,-2,-3,-4,-2,-5,-1,0
20182,20182,1503699488062,-3,-10,-14,-6,-6,-5,-6,-24
20183,20183,1503699488069,11,-11,-24,-7,-1,-3,-1,6
20184,20184,1503699488076,1,-4,1,0,0,-1,1,5
20185,20185,1503699488092,7,5,-6,-2,0,-3,-3,-4
20186,20186,1503699488099,-11,3,0,3,-2,-1,0,-2
20187,20187,1503699488107,-4,3,6,-1,0,3,-1,-3
20188,20188,1503699488114,-1,-4,7,3,0,1,-2,-5
20189,20189,1503699488130,-3,-2,-4,-2,-1,0,-1,-1
20190,20190,1503699488136,0,5,-2,-1,0,0,-1,-7
20191,20191,1503699488137,4,-4,2,-3,-2,0,1,3
20192,20192,1503699488146,-7,-5,0,-1,0,4,1,-1
20193,20193,1503699488159,3,0,-3,-2,-2,-1,0,3
20194,20194,1503699488167,-4,2,5,2,0,0,1,-2
20195,20195,1503699488174,-1,0,0,-3,0,1,-5,3
20196,20196,1503699488189,0,0,6,2,-2,-6,7,-2
20197,20197,1503699488198,-1,0,-4,-4,0,7,14,1
20198,20198,1503699488205,-2,-2,-1,0,-4,12,2,0
20199,20199,1503699488219,1,2,1,1,0,0,-4,-1
20200,20200,1503699488227,-3,-1,-1,0,4,-2,-1,-3
20201,20201,1503699488234,2,1,2,1,2,-2,-6,0
20921,20921,1503699495164,-2,0,-1,0,-1,-1,-2,-2
20922,20922,1503699495175,-7,0,3,0,2,0,0,-2
20923,20923,1503699495186,0,-2,-2,0,0,-1,-3,-2
20924,20924,1503699495194,-6,-1,-3,-3,-4,1,-2,-1
20925,20925,1503699495209,7,-3,-3,-3,-2,-1,0,-1
20926,20926,1503699495216,0,5,2,0,0,-2,-2,-1
20927,20927,1503699495231,0,0,0,-1,-1,0,-2,0
20928,20928,1503699495240,-1,0,-2,-3,-3,1,-1,0
20929,20929,1503699495247,-1,2,3,0,-3,-1,0,1
20930,20930,1503699495254,0,-2,-1,-2,0,-1,-1,0
20931,20931,1503699495268,14,9,3,0,-1,-2,0,1
20932,20932,1503699495276,-2,-1,5,2,-1,1,0,2
20933,20933,1503699495284,-2,-7,-5,-2,1,-2,-1,-3
20934,20934,1503699495299,1,2,-2,-1,1,-5,-2,-2
20935,20935,1503699495306,-6,-3,-2,-2,-2,0,-1,-1
20936,20936,1503699495314,1,-1,1,1,1,0,-1,-2
20937,20937,1503699495328,3,0,-1,0,0,0,-1,-1
20938,20938,1503699495343,-2,-2,-3,-2,-2,0,-1,0
20939,20939,1503699495344,-3,-4,-2,-3,-2,0,0,-2
20940,20940,1503699495359,-9,-1,0,0,1,0,0,2
20941,20941,1503699495366,7,6,5,2,-1,0,-1,0
20942,20942,1503699495375,-9,-1,-1,-2,-3,-1,1,-2
20943,20943,1503699495388,-12,-13,-3,-2,-1,-1,1,-1
20944,20944,1503699495398,-3,-8,-5,-4,-2,-2,-2,-2
20945,20945,1503699495408,7,0,1,-1,0,-1,-1,-1
20946,20946,1503699495419,31,8,-2,-2,-1,-2,-2,0
20947,20947,1503699495426,-6,-3,0,-1,1,0,2,-1
20948,20948,1503699495434,-1,14,15,3,0,2,1,3
20949,20949,1503699495448,7,16,5,0,-2,-1,-1,2
20950,20950,1503699495456,-13,-8,-8,-1,-1,-1,-1,0
20951,20951,1503699495464,-11,-6,-5,-1,-1,-1,-1,-2
20952,20952,1503699495479,0,-3,-1,-1,-2,-1,-2,-1
20953,20953,1503699495486,-7,-4,-1,0,0,-2,-1,-1
20954,20954,1503699495494,2,0,-2,-2,0,0,-1,-1
20955,20955,1503699495508,2,2,0,0,-2,0,-1,0
20956,20956,1503699495516,2,1,0,1,1,-1,-1,-2
20957,20957,1503699495517,-5,-3,-1,1,-2,-2,-2,-3
20958,20958,1503699495524,-1,0,-2,-2,-1,-2,-2,0
20959,20959,1503699495542,0,-3,-3,-1,-2,-2,-1,-1
20960,20960,1503699495547,1,-2,-4,-2,1,-1,-1,-1
20961,20961,1503699495554,0,1,2,2,1,4,-1,-2
20962,20962,1503699495568,-7,-5,-3,-2,-1,-1,-2,-2
20963,20963,1503699495576,-2,-2,0,-1,0,0,-1,-1
20964,20964,1503699495584,-10,-4,1,0,1,1,1,0
20965,20965,1503699495600,3,6,0,1,-2,-3,-2,-2
20966,20966,1503699495608,2,-6,-5,-3,-2,-2,-2,-1
20967,20967,1503699495615,-4,-2,-7,0,1,-2,1,0
20968,20968,1503699495629,-1,-4,-6,0,-2,0,0,-2
20969,20969,1503699495636,0,3,-2,-4,-3,-1,0,-3
20970,20970,1503699495644,0,2,1,0,-1,1,1,-1
20971,20971,1503699495659,3,17,12,-1,-1,0,0,-1
20972,20972,1503699495666,13,0,0,-1,-1,-1,-3,-2
20973,20973,1503699495675,-10,-15,-5,-2,0,-1,-1,0
20974,20974,1503699495688,-2,1,1,-1,-1,0,-1,-2
20975,20975,1503699495696,9,0,-2,1,1,-2,-3,2
20976,20976,1503699495704,-4,-2,-2,-1,-1,-1,0,-1
20977,20977,1503699495719,-6,-8,-4,0,-2,0,0,-2
20978,20978,1503699495725,5,1,-4,-2,0,0,6,-1
20979,20979,1503699495734,1,-2,-1,0,0,-3,-3,-1
20980,20980,1503699495749,-3,-1,0,-2,-1,-1,-3,0
20981,20981,1503699495756,-1,-3,-1,-1,-1,-4,0,1
20982,20982,1503699495764,-2,2,0,-2,-1,-1,-1,1
20983,20983,1503699495779,-2,-2,-3,0,-1,-1,0,-2
20984,20984,1503699495786,-1,2,2,1,-1,0,0,-2
20985,20985,1503699495794,-2,-4,-2,-2,-2,0,-1,-1
20986,20986,1503699495809,-1,-1,-3,-2,-2,-3,-2,0
20987,20987,1503699495823,-1,-1,-2,-1,0,-2,0,-3
20988,20988,1503699495824,-1,0,2,0,0,0,-2,0
20989,20989,1503699495842,1,-1,1,2,3,3,0,-1
20990,20990,1503699495846,-2,-2,-3,-2,-3,-1,0,0
20991,20991,1503699495854,-2,-2,-3,-1,-3,-2,1,-2
20992,20992,1503699495868,-1,1,1,1,-1,-2,-2,0
20993,20993,1503699495876,-1,-1,0,-3,-2,-1,-1,2
20994,20994,1503699495891,0,-1,-2,0,-1,-1,-1,-2
20995,20995,1503699495899,1,1,-5,-4,-1,-2,-2,-2
20996,20996,1503699495906,-1,-1,-6,-4,-1,-1,-1,-2
20997,20997,1503699495914,-3,-5,3,-1,-1,-1,0,-1
20998,20998,1503699495928,-1,-5,-4,0,0,-2,-1,2
20999,20999,1503699495936,-3,-2,-3,-1,-2,-2,-1,1
21000,21000,1503699495944,0,0,2,-1,-1,-1,-2,0
21001,21001,1503699495959,2,1,0,-1,0,-1,-2,-3
21002,21002,1503699495966,-1,0,-1,1,0,1,0,-1
21003,21003,1503699495976,0,-1,1,-1,0,0,-1,0
21004,21004,1503699495988,-1,-1,0,1,1,0,1,0
21005,21005,1503699495996,0,1,-2,0,0,-2,-1,-1
21006,21006,1503699496004,-1,1,1,1,0,-2,-1,0
21007,21007,1503699496020,-1,1,1,2,0,0,-3,-3
21008,21008,1503699496026,-1,2,1,0,0,-2,-2,-2
21009,21009,1503699496034,-2,-3,-3,-4,-4,0,0,1
21010,21010,1503699496048,-1,4,1,1,0,0,-2,-1
21011,21011,1503699496057,-2,-2,1,0,2,-1,-1,0
21012,21012,1503699496064,-1,-4,4,0,-1,-1,1,-1
21013,21013,1503699496079,-1,4,-1,0,0,-2,1,-2
21014,21014,1503699496086,-2,-3,-1,0,1,1,0,1
21015,21015,1503699496094,-2,-5,-2,-1,-1,0,-1,-2
21016,21016,1503699496111,2,4,8,3,-1,0,-2,0
21017,21017,1503699496116,-1,-2,-3,-2,0,-1,-3,-13
21018,21018,1503699496131,1,-1,-6,-5,-2,-1,-2,0
21019,21019,1503699496139,0,-1,3,0,0,0,1,1
21020,21020,1503699496146,-7,-5,-6,-3,-2,-2,-3,-7
21021,21021,1503699496161,3,-2,-4,-3,-1,-1,1,5
21022,21022,1503699496168,-2,-7,-10,-2,-1,-2,0,3
21023,21023,1503699496178,-4,-1,-2,0,0,0,-1,0
21024,21024,1503699496191,-1,-4,-2,0,0,0,-2,-2
21025,21025,1503699496199,2,2,2,0,-1,-1,2,3
21026,21026,1503699496206,-1,2,-1,-2,-2,0,-1,-1
21027,21027,1503699496221,-1,1,0,-1,0,-1,0,4
21028,21028,1503699496228,0,1,1,0,-2,-2,1,6
21029,21029,1503699496236,0,-2,-3,-2,-2,-1,0,-3
21030,21030,1503699496251,2,2,3,-2,-1,-1,1,2
21031,21031,1503699496259,0,0,0,-1,0,-2,-1,-1
21032,21032,1503699496266,0,2,2,-1,-1,-1,0,-2
21033,21033,1503699496282,-2,2,3,0,0,-1,-2,-2
21034,21034,1503699496288,-1,0,0,0,1,-1,-1,-3
21035,21035,1503699496297,-3,0,-1,0,-2,-1,-1,-1
21036,21036,1503699496312,0,1,3,2,1,0,1,-2
21037,21037,1503699496321,-1,-4,-5,-1,-2,0,-1,-1
21038,21038,1503699496326,-3,-4,0,0,-2,1,0,0
21039,21039,1503699496341,-1,1,0,-1,0,-1,-2,-1
21040,21040,1503699496348,1,-1,-1,1,0,-1,-3,-1
21041,21041,1503699496356,-1,-2,-2,-1,-1,-2,0,-1
21042,21042,1503699496371,-2,-3,-4,-2,-1,-2,-1,-1
21043,21043,1503699496380,-1,-2,-1,0,-1,1,0,0
21044,21044,1503699496387,0,0,0,-1,-1,-2,0,-2
21045,21045,1503699496402,-1,-9,-6,-3,-2,0,-1,-1
21046,21046,1503699496408,1,9,10,1,0,0,0,-1
21047,21047,1503699496416,3,7,2,1,0,-1,-2,0
21048,21048,1503699496430,-2,2,0,-1,-2,-2,-1,0
21049,21049,1503699496439,0,-3,-3,-1,-1,-2,0,3
21050,21050,1503699496446,-2,-3,-3,0,0,-1,-2,-1
21051,21051,1503699496461,-2,-1,0,-1,1,-2,-1,-1
21052,21052,1503699496469,0,-2,-3,-2,-2,-1,-1,-1
21053,21053,1503699496476,-3,0,0,0,-1,1,-1,-3
21054,21054,1503699496492,0,-4,-4,-1,0,-1,-1,-2
21055,21055,1503699496499,-1,0,1,0,-1,0,-2,-2
21056,21056,1503699496514,2,6,3,-1,-1,0,-1,0
21057,21057,1503699496522,0,2,0,-1,-1,-1,-1,-1
21058,21058,1503699496529,0,-12,-8,-2,1,-2,-2,0
21059,21059,1503699496536,-3,-7,-3,-1,-1,-1,-1,0
21060,21060,1503699496554,0,-4,-6,-3,-2,-1,1,-2
21061,21061,1503699496559,-3,-2,-2,0,-1,0,-1,-2
21062,21062,1503699496575,-1,1,-2,-1,-2,0,0,1
21063,21063,1503699496581,-1,8,1,-2,-2,0,-1,-2
21064,21064,1503699496589,-1,-3,-1,-2,-2,-1,-3,-3
21065,21065,1503699496596,-2,-1,0,0,0,-1,-2,-4
21066,21066,1503699496614,-1,-9,-4,0,0,2,-2,-2
21067,21067,1503699496619,1,-1,-3,-2,-2,-2,1,1
21068,21068,1503699496634,-2,-2,-5,-1,1,-1,0,-2
21069,21069,1503699496641,1,-2,5,2,0,-1,1,1
21070,21070,1503699496649,0,-3,-2,-3,-3,0,0,-2
21071,21071,1503699496657,2,5,1,-2,-1,0,-1,2
21072,21072,1503699496672,0,3,2,1,1,1,-1,1
21073,21073,1503699496681,2,-2,2,0,0,0,0,0
21074,21074,1503699496694,-4,0,1,2,-1,-1,0,-2
21075,21075,1503699496701,-1,-4,-2,-1,0,0,-1,1
21076,21076,1503699496709,-5,0,1,-1,-2,-3,-1,-5
21077,21077,1503699496718,-1,-2,-1,-1,0,-1,-2,-2
21078,21078,1503699496732,1,2,0,0,0,-2,-2,1
21079,21079,1503699496739,0,-3,-5,-3,-3,-1,1,-1
21080,21080,1503699496754,2,5,1,0,-1,-1,0,0
21081,21081,1503699496761,-1,8,1,0,0,-2,0,0
21082,21082,1503699496769,-1,-1,4,0,2,-1,-2,-1
21083,21083,1503699496776,-2,-4,-6,-2,-2,-2,-2,-1
21084,21084,1503699496792,-1,-1,-5,-2,-2,-1,-1,0
21085,21085,1503699496799,-1,-5,-3,-3,-1,-1,-1,-1
21086,21086,1503699496820,-1,0,-1,0,-1,0,-2,-1
21087,21087,1503699496821,-1,-2,-1,0,0,-1,-1,0
21088,21088,1503699496829,1,4,2,1,0,0,-1,-1
21951,21951,1503699505259,-3,-2,-2,-1,-1,-2,0,-2
21952,21952,1503699505276,1,-2,1,2,-2,-1,0,-2
21953,21953,1503699505281,0,-2,-1,0,-1,1,-2,-2
21954,21954,1503699505288,3,1,-2,-3,-1,-1,-4,-11
21955,21955,1503699505303,8,17,30,11,4,1,0,-9
21956,21956,1503699505311,-6,-1,-9,-4,-1,1,0,3
21957,21957,1503699505319,1,-29,-24,-10,-4,-2,-1,8
21958,21958,1503699505333,1,-1,6,4,-1,-1,2,11
21959,21959,1503699505341,3,2,9,5,1,2,1,15
21960,21960,1503699505349,8,3,-11,-5,-2,-2,1,11
21961,21961,1503699505363,-6,2,3,0,-3,-1,1,1
21962,21962,1503699505371,-10,-1,8,2,0,-2,-1,-11
21963,21963,1503699505381,-3,3,-3,-4,0,-2,-2,-7
21964,21964,1503699505393,-4,-6,2,0,-1,1,1,-2
21965,21965,1503699505401,-3,-4,-11,-6,-5,-2,-4,-5
21966,21966,1503699505410,5,1,2,2,-1,1,-1,1
21967,21967,1503699505423,-2,4,-3,-1,-1,-2,-1,-2
21968,21968,1503699505438,0,1,0,0,-1,0,0,-4
21969,21969,1503699505446,-2,-1,-4,-4,-1,-1,0,-1
21970,21970,1503699505460,-3,0,1,0,-1,-1,0,0
21971,21971,1503699505461,-3,-2,-2,-5,-2,-1,-1,-2
21972,21972,1503699505462,0,-1,-4,-2,-1,-1,0,-1
21973,21973,1503699505480,1,2,-1,-1,-1,1,-1,-1
21974,21974,1503699505484,0,0,1,1,0,-1,0,-4
21975,21975,1503699505491,0,-4,-3,-3,-1,-3,1,0
21976,21976,1503699505506,-3,-1,-3,0,0,-2,0,0
21977,21977,1503699505516,0,-6,-4,-2,-1,-1,-2,-1
21978,21978,1503699505521,-3,-3,-3,0,1,-1,0,-3
21979,21979,1503699505535,8,15,6,1,1,0,0,3
21980,21980,1503699505544,-5,3,6,3,-1,1,1,0
21981,21981,1503699505551,-2,-1,-3,-2,-1,1,1,7
21982,21982,1503699505566,-3,-10,-16,-7,-4,-2,0,4
21983,21983,1503699505572,0,-8,-5,-2,-1,0,-1,-3
21984,21984,1503699505582,4,-15,-16,-7,-2,0,-1,8
21985,21985,1503699505595,-11,17,11,3,-1,-1,-1,0
21986,21986,1503699505603,7,-2,-7,-3,-1,0,-1,-5
21987,21987,1503699505611,-9,-13,1,1,0,-1,-1,-6
21988,21988,1503699505626,-3,11,4,-1,-2,1,-3,1
21989,21989,1503699505633,7,-3,-3,-1,-1,-1,-2,1
21990,21990,1503699505641,2,1,-1,-2,-2,-3,-3,-4
21991,21991,1503699505655,-3,-7,-3,-1,-2,0,-2,-5
21992,21992,1503699505663,-2,5,8,0,-1,0,0,-3
21993,21993,1503699505671,-1,0,0,-1,0,0,0,2
21994,21994,1503699505686,-8,0,5,2,1,0,1,-4
21995,21995,1503699505693,-3,-4,-3,0,0,0,-1,-2
21996,21996,1503699505701,-4,-2,-1,0,0,-1,-1,-3
21997,21997,1503699505715,-1,2,1,0,-3,-1,-1,-2
21998,21998,1503699505723,-2,-7,-1,0,1,0,-1,-1
21999,21999,1503699505724,0,7,2,0,0,-2,0,-3
22000,22000,1503699505731,0,-3,-3,-1,1,0,1,-1
22001,22001,1503699505747,1,3,8,1,0,0,0,-1
22002,22002,1503699505753,-2,2,-7,-2,0,-2,0,-2
22003,22003,1503699505761,2,-1,2,3,0,2,0,15
22004,22004,1503699505781,1,4,12,3,0,0,-1,-5
22005,22005,1503699505784,-4,5,1,0,0,1,-1,-4
22006,22006,1503699505791,-2,5,1,-3,-1,-2,-3,-9
22007,22007,1503699505806,14,11,10,3,0,-3,0,5
22008,22008,1503699505815,-1,-2,-7,-3,-2,-1,0,1
22009,22009,1503699505821,-7,-11,-16,-6,-1,-2,-1,-2
22010,22010,1503699505835,9,2,0,-1,-2,-2,0,5
22011,22011,1503699505851,-1,-2,-3,-2,0,-1,-1,-11
22012,22012,1503699505852,-1,2,6,1,1,0,0,2
22013,22013,1503699505866,3,-1,0,2,1,-3,-1,-2
22014,22014,1503699505872,0,1,1,-1,-2,0,0,-2
22015,22015,1503699505873,0,-5,-3,-1,-1,-1,-1,1
22016,22016,1503699505881,-9,-5,-2,-1,-1,0,-1,-5
22017,22017,1503699505895,-16,-6,-5,-1,-1,-2,-2,-9
22018,22018,1503699505903,2,0,-2,-2,-2,-1,-2,-15
22019,22019,1503699505912,1,-3,-2,-3,1,-2,-1,3
22020,22020,1503699505926,-2,-8,-6,-3,-2,-1,0,-1
22021,22021,1503699505932,10,15,10,1,-2,0,-1,1
22022,22022,1503699505941,5,-4,-3,-2,1,-1,0,8
22023,22023,1503699505955,-5,-10,-5,-1,-1,-1,-4,-7
22024,22024,1503699505963,8,4,1,2,2,1,0,5
22025,22025,1503699505971,-2,-13,-6,-2,-1,-2,-4,-6
22026,22026,1503699505987,-12,4,2,1,0,-1,-4,-12
22027,22027,1503699505993,1,2,2,1,-1,0,3,7
22028,22028,1503699506001,-1,-3,-3,-2,-3,-5,0,2
22029,22029,1503699506019,4,-4,-11,-5,-2,-1,-2,-1
22030,22030,1503699506023,-1,-1,2,2,1,-1,-3,-7
22031,22031,1503699506024,5,4,4,-2,-1,-1,-2,3
22032,22032,1503699506031,5,-2,-7,-4,-2,-1,1,4
22033,22033,1503699506047,-15,-1,-4,-2,0,0,-1,2
22034,22034,1503699506053,1,9,1,-1,0,0,0,2
22035,22035,1503699506061,-15,-1,1,0,1,1,-1,-6
22036,22036,1503699506075,-2,4,2,-1,-1,-1,-3,-9
22037,22037,1503699506084,1,1,4,3,0,-1,-3,-4
22038,22038,1503699506091,1,-8,-5,0,-1,2,1,17
22039,22039,1503699506106,-6,-9,-2,1,-2,0,0,2
22040,22040,1503699506114,27,7,-2,-3,-2,-1,-2,-1
22041,22041,1503699506122,7,-3,-5,-1,0,0,0,0
22042,22042,1503699506135,-17,-10,1,0,1,0,1,3
22043,22043,1503699506143,-4,-5,-5,-3,-2,-1,-1,-2
22044,22044,1503699506159,-11,-6,2,0,-1,-1,1,0
22045,22045,1503699506166,-17,-7,-3,-1,1,-1,-1,-1
22046,22046,1503699506173,-2,6,0,-2,0,-7,-4,-10
22047,22047,1503699506183,4,-8,-3,0,0,0,0,-2
22048,22048,1503699506196,-5,-9,-6,-2,-2,-3,0,-3
22049,22049,1503699506203,4,2,1,-1,-1,1,0,-3
22050,22050,1503699506213,-15,-3,2,2,1,0,-1,-3
22051,22051,1503699506226,17,17,4,-1,-2,-1,-2,1
22052,22052,1503699506233,4,8,5,1,1,0,-1,-2
22053,22053,1503699506241,12,4,1,2,0,-2,-1,5
22054,22054,1503699506256,-3,-4,-1,0,-1,0,-2,-4
22055,22055,1503699506263,0,-1,0,-2,0,3,0,4
22056,22056,1503699506271,-4,-2,-3,2,-1,1,1,-5
22057,22057,1503699506286,-5,-4,4,2,2,0,2,-2
22058,22058,1503699506293,3,3,0,0,0,-1,0,0
22727,22727,1503699512834,0,0,2,3,0,0,-3,1
22728,22728,1503699512841,-5,1,6,-1,-1,0,0,-1
22729,22729,1503699512848,0,-3,-5,-2,-3,-2,1,1
22730,22730,1503699512864,-1,-7,-8,-2,0,0,0,-1
22731,22731,1503699512870,-1,-1,2,-1,-2,-5,1,-1
22732,22732,1503699512886,-5,2,2,0,-2,0,-1,-4
22733,22733,1503699512894,-1,-4,-8,-6,-2,0,-1,-2
22734,22734,1503699512902,-1,2,4,1,2,-2,-3,0
22735,22735,1503699512915,-2,-3,0,1,1,-2,-4,-3
22736,22736,1503699512923,0,-2,-2,-4,-2,0,0,-2
22737,22737,1503699512931,-3,5,3,0,-1,0,-1,0
22738,22738,1503699512946,5,0,-3,-2,-1,-2,-1,0
22739,22739,1503699512953,0,-2,-1,0,-3,-1,1,0
22740,22740,1503699512961,-1,-4,-1,-1,-1,-1,0,-1
22741,22741,1503699512976,2,-1,2,1,0,0,-2,-2
22742,22742,1503699512984,-2,-3,-4,-2,-2,6,1,-2
22743,22743,1503699512990,-2,-1,0,-1,2,1,-1,0
22744,22744,1503699513006,-6,-3,0,3,1,-2,-1,-1
22745,22745,1503699513013,0,-1,-1,0,-2,0,-1,0
22746,22746,1503699513021,-3,0,0,-1,-1,-1,0,-1
22747,22747,1503699513036,0,0,0,1,2,-1,-1,-1
22748,22748,1503699513043,-3,1,1,1,-3,-2,-2,0
22749,22749,1503699513050,14,9,0,-1,0,-1,-1,-1
22750,22750,1503699513066,-8,-3,-2,-2,-3,-1,-1,-2
22751,22751,1503699513073,-7,-10,-7,-2,-4,-1,-1,-5
22752,22752,1503699513088,4,2,-1,-2,-1,-4,-2,-2
22753,22753,1503699513096,-3,2,2,1,0,0,-1,-2
22754,22754,1503699513105,-4,3,3,2,-1,-4,-1,0
22755,22755,1503699513110,-6,3,0,-2,0,0,-1,2
22756,22756,1503699513128,12,2,0,-1,2,-1,-2,1
22757,22757,1503699513133,-8,-1,-1,-1,-3,-1,0,0
22758,22758,1503699513134,-1,-3,0,1,-1,1,1,0
22759,22759,1503699513148,2,1,4,4,5,1,-1,0
22760,22760,1503699513155,5,-3,-4,-4,-3,-1,0,-3
22761,22761,1503699513164,-3,7,2,1,-1,-1,-1,2
22762,22762,1503699513172,-4,-3,-6,-3,-1,-2,0,0
22763,22763,1503699513187,-1,-5,-3,-1,-2,-1,-1,-3
22764,22764,1503699513194,-2,1,0,4,-1,3,3,3
22765,22765,1503699513203,-8,-2,-1,1,0,-1,-2,0
22766,22766,1503699513215,-4,-5,-1,-1,-3,-3,1,5
22767,22767,1503699513223,-3,-4,-2,-2,-4,0,0,-1
22768,22768,1503699513231,2,0,2,0,1,0,-1,0
22769,22769,1503699513246,-1,-1,-3,-3,-2,-2,0,-1
22770,22770,1503699513253,0,-6,-3,-1,-1,-1,1,-5
22771,22771,1503699513263,4,-4,-2,0,1,0,-3,-1
22772,22772,1503699513275,-2,2,3,-1,0,0,-1,2
22773,22773,1503699513276,5,-2,-2,-1,-3,-2,0,-2
22774,22774,1503699513283,-8,0,-1,1,1,0,-2,-4
22775,22775,1503699513290,-6,1,2,0,-2,-2,-4,-2
22776,22776,1503699513306,6,8,2,-2,0,1,-1,2
22777,22777,1503699513313,4,-5,-10,-4,0,-2,-2,0
22778,22778,1503699513321,1,-3,-4,-2,-2,-1,-3,-2
22779,22779,1503699513336,-4,-3,-4,-1,1,-1,-2,4
22780,22780,1503699513344,3,13,3,-1,-3,-2,-2,2
22781,22781,1503699513350,-3,1,2,3,4,8,-3,-2
22782,22782,1503699513368,-4,-9,-5,-4,-5,-2,-2,-4
22783,22783,1503699513373,0,9,7,0,0,-3,-1,-1
22784,22784,1503699513381,0,-8,-4,-2,-2,0,2,0
22785,22785,1503699513396,-5,0,4,-1,-1,-2,0,-2
22786,22786,1503699513404,0,11,2,1,1,-1,0,0
22787,22787,1503699513410,-1,-3,-2,-1,0,-2,0,-2
22788,22788,1503699513426,13,-7,-10,-6,-3,-2,1,3
22789,22789,1503699513434,8,9,2,0,-1,0,-1,-2
22790,22790,1503699513441,-11,-9,-4,-3,-4,0,4,2
22791,22791,1503699513455,-5,-7,-5,-1,-2,6,2,-1
22792,22792,1503699513467,-6,-2,3,2,2,0,0,-1
22793,22793,1503699513471,28,8,-4,-6,-5,-4,-1,1
22794,22794,1503699513486,6,4,3,1,1,2,0,-3
22795,22795,1503699513493,-12,-9,-5,-4,-4,-1,0,-4
22796,22796,1503699513503,2,-4,2,1,1,-3,-1,-2
22797,22797,1503699513516,2,2,2,2,1,-3,-2,-3
22798,22798,1503699513523,-5,-3,1,3,1,0,-3,-3
22799,22799,1503699513532,-9,2,5,2,0,-1,-1,0
22800,22800,1503699513546,4,-4,-5,-4,-1,0,0,3
22801,22801,1503699513553,7,1,-2,-3,-2,-2,-2,3
22802,22802,1503699513561,-7,-3,-1,1,0,1,-3,-5
22803,22803,1503699513576,-14,-4,3,2,0,0,-1,0
22804,22804,1503699513583,-7,-2,4,2,-1,6,0,1
22805,22805,1503699513590,-3,6,14,6,4,1,1,-3
22806,22806,1503699513606,1,-5,-5,-4,-5,-3,1,0
22807,22807,1503699513613,-3,2,-4,-3,-3,-1,1,-3
22808,22808,1503699513621,1,-1,-2,0,-1,-1,-2,-3
22809,22809,1503699513637,-1,-5,-5,-1,0,-5,-1,-1
22810,22810,1503699513643,8,-1,-4,-3,0,-3,-3,-2
22811,22811,1503699513650,4,4,-3,-2,-4,0,-2,0
22812,22812,1503699513668,-4,-2,-2,0,0,0,-1,-1
22813,22813,1503699513673,-6,-5,-5,-5,-4,0,1,0
22814,22814,1503699513689,0,3,1,0,1,-2,-2,-2
22815,22815,1503699513695,-4,-9,-8,-6,-3,-1,1,0
22816,22816,1503699513704,-3,1,0,1,-1,-3,0,0
22817,22817,1503699513710,-2,-5,-5,-2,-5,0,1,-2
22818,22818,1503699513711,-2,3,1,2,1,-1,-3,-1
22819,22819,1503699513726,-6,7,3,1,0,-1,2,-2
22820,22820,1503699513733,6,-2,-2,-1,-1,-1,-1,-1
22821,22821,1503699513735,-3,-4,-5,-2,1,-1,-1,-1
22822,22822,1503699513748,-3,-3,-3,-5,-3,-1,-1,-4
22823,22823,1503699513755,-3,-4,-2,-1,-2,-1,1,0
22824,22824,1503699513763,1,-7,-2,-3,-3,0,0,1
22825,22825,1503699513771,3,-2,-3,1,-1,1,-5,-3
22826,22826,1503699513786,6,3,6,2,1,-2,-2,0
22827,22827,1503699513793,-1,-2,1,0,-1,-2,-1,0
22828,22828,1503699513801,2,4,-1,0,-3,-2,-2,2
22829,22829,1503699513816,6,2,-1,-1,-1,-1,-1,0
22830,22830,1503699513825,-4,-4,-2,-4,1,-1,3,0
22831,22831,1503699513830,-3,7,0,-1,-2,-2,-2,-2
22832,22832,1503699513846,4,4,-2,0,-2,-2,-2,2
22833,22833,1503699513853,16,-2,-4,1,0,0,0,0
22834,22834,1503699513869,3,-8,-5,0,2,1,-1,-4
22835,22835,1503699513877,-5,-6,-3,-3,-3,-1,0,1
22836,22836,1503699513883,-2,0,2,1,-1,0,-2,1
22837,22837,1503699513901,-4,0,3,1,0,-1,0,0
22838,22838,1503699513907,2,0,1,-3,-2,-1,-2,0
22839,22839,1503699513913,3,-4,-5,-3,-2,-4,-2,0
22840,22840,1503699513928,3,-1,0,0,0,-2,0,-3
22841,22841,1503699513940,-7,-4,-3,-1,-1,0,-2,-3
23504,23504,1503699520423,-1,-1,0,0,-1,-1,-4,-2
23505,23505,1503699520431,1,2,1,1,1,8,-3,-3
23506,23506,1503699520450,-2,1,1,-1,-2,-1,-2,-1
23507,23507,1503699520453,-3,-1,1,1,0,-4,-1,-1
23508,23508,1503699520460,-3,-2,-3,-2,0,2,1,-1
23509,23509,1503699520475,-3,0,0,1,-1,-2,1,-2
23510,23510,1503699520483,-1,0,0,-1,1,-3,-1,-3
23511,23511,1503699520491,-1,-2,0,-2,-1,0,0,-1
23512,23512,1503699520504,0,1,-3,-3,-3,-2,-3,0
23513,23513,1503699520515,6,1,-1,0,-2,0,-2,-2
23514,23514,1503699520520,1,-1,0,1,0,-1,1,2
23515,23515,1503699520535,-11,-5,-2,-1,1,0,1,0
23516,23516,1503699520543,1,-3,-2,0,0,-1,0,3
23517,23517,1503699520552,-3,-1,-2,-2,-2,-3,0,-4
23518,23518,1503699520565,-1,-1,0,-2,-2,-4,-4,-3
23519,23519,1503699520573,-2,-1,0,-1,-1,-2,1,0
23520,23520,1503699520581,11,3,0,-1,0,-4,-3,-2
23521,23521,1503699520595,-1,-1,0,2,-1,1,-2,-2
23522,23522,1503699520602,-6,-5,-2,-1,-1,-3,-1,0
23523,23523,1503699520603,0,0,-3,-1,-1,0,-1,-1
23524,23524,1503699520611,7,4,-1,-1,0,0,-1,-1
23525,23525,1503699520625,-8,3,1,0,0,2,-3,-6
23526,23526,1503699520633,-4,-3,-3,0,-2,-3,-1,1
23527,23527,1503699520640,-2,-3,-2,-3,-1,-1,2,1
23528,23528,1503699520655,-4,-6,-2,-4,0,5,1,-2
23529,23529,1503699520663,-2,6,1,-1,-2,1,2,3
23530,23530,1503699520678,0,2,2,-2,-2,-3,-1,-3
23531,23531,1503699520685,-5,0,-1,0,0,-2,-1,-3
23532,23532,1503699520693,1,-1,-3,-3,-1,-1,-2,4
23533,23533,1503699520700,6,4,3,2,1,-2,-1,2
23534,23534,1503699520716,6,0,0,-1,-1,-1,-2,0
23535,23535,1503699520723,-4,-5,-1,0,0,-1,-4,-3
23536,23536,1503699520730,-3,-6,-5,1,1,-3,-1,-1
23537,23537,1503699520745,4,2,-1,-1,-2,1,1,2
23538,23538,1503699520756,-1,-4,-3,-3,0,-1,-1,1
23539,23539,1503699520760,-6,9,9,1,0,1,0,-2
23540,23540,1503699520784,14,-4,-3,-2,-1,0,-3,-1
23541,23541,1503699520791,-1,1,1,1,0,-5,-1,0
23542,23542,1503699520805,-18,-11,-5,-1,-1,2,0,-5
23543,23543,1503699520813,-12,-2,-1,1,-2,-2,-1,-4
23544,23544,1503699520823,-6,-11,-6,-1,0,-2,-2,-2
23545,23545,1503699520836,-4,0,-4,-4,-4,-1,0,-4
23546,23546,1503699520843,-7,-7,-1,-2,-1,0,-2,-2
23547,23547,1503699520851,-3,0,3,3,0,-3,-3,0
23548,23548,1503699520865,-1,-6,-6,-2,0,5,4,2
23549,23549,1503699520873,14,8,7,1,1,1,-1,1
23550,23550,1503699520880,2,8,-1,-3,-2,-5,-2,2
23551,23551,1503699520895,5,-4,-8,-4,-1,-3,0,2
23552,23552,1503699520902,0,10,7,3,0,-1,0,-2
23553,23553,1503699520911,-7,-7,-4,-1,1,0,-1,3
23554,23554,1503699520925,-4,-4,-4,-4,-3,-1,-3,-4
23555,23555,1503699520933,2,7,7,1,-1,-1,1,0
23556,23556,1503699520940,9,0,-1,-2,-2,3,0,2
23557,23557,1503699520955,-16,-5,2,0,0,1,2,-1
23558,23558,1503699520963,-9,-4,-1,-3,-2,1,-4,-4
23559,23559,1503699520970,0,-2,-1,-1,-1,-1,-2,-1
23560,23560,1503699520986,9,2,0,2,0,-4,-2,2
23561,23561,1503699520993,2,2,2,1,0,-1,-1,0
23562,23562,1503699521000,-1,-1,0,-2,-1,-1,0,0
23563,23563,1503699521017,-6,-1,-6,0,-1,-1,-1,-2
23564,23564,1503699521023,-13,-1,1,-2,-2,-1,-1,1
23565,23565,1503699521032,-6,-3,0,-4,-2,-1,1,3
23566,23566,1503699521045,6,13,8,3,4,1,0,0
23567,23567,1503699521054,-4,-2,1,-1,1,-1,-1,1
23568,23568,1503699521060,4,0,-2,-5,-4,-3,0,-2
23569,23569,1503699521075,17,7,1,2,1,0,-1,-1
23570,23570,1503699521084,2,-14,-12,-3,-3,-3,-4,-2
23571,23571,1503699521092,-2,11,2,2,-1,0,1,-1
23572,23572,1503699521105,-4,-3,-2,-1,0,-1,0,1
23573,23573,1503699521113,-1,-7,-5,-3,-2,-1,-1,0
23574,23574,1503699521120,-15,-4,3,3,2,-5,0,2
23575,23575,1503699521135,-4,-3,-3,-4,0,-2,0,-5
23576,23576,1503699521143,23,11,-2,-2,-5,-1,-2,0
23577,23577,1503699521152,-5,-6,-4,-2,-1,-1,-2,-2
23578,23578,1503699521165,-2,-1,-10,-1,0,3,1,-1
23579,23579,1503699521173,1,1,-1,-2,-3,2,-3,-6
23580,23580,1503699521180,-7,-8,3,0,-1,2,0,0
23581,23581,1503699521195,2,4,3,0,1,-1,0,1
23582,23582,1503699521202,12,0,-1,2,2,-1,-1,0
23583,23583,1503699521203,-1,-2,0,0,-2,0,0,-3
23584,23584,1503699521211,-7,-7,-2,-4,-2,5,0,0
23585,23585,1503699521225,16,8,8,5,3,-2,-6,2
23586,23586,1503699521233,-1,-4,-3,-1,-2,-3,-2,1
23587,23587,1503699521242,-6,-3,-1,-1,-1,1,1,3
23588,23588,1503699521255,10,5,5,3,1,-1,-1,0
23589,23589,1503699521263,-4,-5,-3,-6,-5,-2,0,-3
23590,23590,1503699521271,2,1,4,2,1,-1,-1,-2
23591,23591,1503699521289,1,-3,-5,-2,-1,3,0,-4
23592,23592,1503699521294,-10,3,6,3,3,1,-1,0
23593,23593,1503699521307,-11,-5,-3,1,-2,-3,0,-2
23594,23594,1503699521315,-2,-6,-5,-3,-3,-3,-1,0
23595,23595,1503699521323,2,-4,-3,-2,0,1,2,1
23596,23596,1503699521337,1,0,-3,-2,-3,-3,-1,-3
23597,23597,1503699521344,-5,-1,-2,-4,-1,0,-2,0
23598,23598,1503699521353,10,-2,-1,0,-1,-2,-2,-3
23599,23599,1503699521367,-7,1,-2,0,-2,-4,0,-3
23600,23600,1503699521375,6,9,9,8,5,2,-4,-3
23601,23601,1503699521383,-3,-1,-2,-2,-1,0,-2,0
23602,23602,1503699521398,-2,-3,-5,-4,-3,1,3,4
23603,23603,1503699521404,-1,1,2,1,0,1,-1,1
23604,23604,1503699521413,-3,-6,-3,-6,-4,-3,-1,0
23605,23605,1503699521427,6,1,-2,-2,-2,-1,-3,-4
23606,23606,1503699521435,-4,-2,-9,-2,-3,-1,-2,-1
23607,23607,1503699521443,0,7,6,4,-1,-1,-2,0
23608,23608,1503699521464,-1,-1,-1,0,0,-3,-2,-1
23609,23609,1503699521465,-3,-5,-8,-5,-2,-3,1,1
23610,23610,1503699521472,1,2,7,6,3,-1,-2,-3
23611,23611,1503699521473,4,0,-3,-4,-4,-1,-2,-3
24284,24284,1503699527932,6,0,5,4,3,1,2,10
24285,24285,1503699527945,-4,-2,1,0,0,-1,1,4
24286,24286,1503699527951,-2,0,-3,-3,-2,-1,0,-6
24287,24287,1503699527960,0,-2,0,3,0,0,1,5
24288,24288,1503699527975,-3,0,-3,-3,-3,-2,2,2
24289,24289,1503699527982,13,4,-5,-4,-3,-3,0,-2
24290,24290,1503699527990,-3,6,4,5,1,0,-2,-1
24291,24291,1503699528005,-16,-13,-1,1,0,0,0,-2
24292,24292,1503699528012,-2,-3,-1,-2,-2,-2,-2,0
24293,24293,1503699528020,0,5,-1,-2,0,0,1,9
24294,24294,1503699528034,-4,-8,-12,-3,-1,0,-2,-4
24295,24295,1503699528043,3,3,0,1,-2,-2,1,-3
24296,24296,1503699528050,-1,-2,-2,-3,-1,0,1,3
24297,24297,1503699528066,-4,-1,-2,1,0,0,-2,-4
24298,24298,1503699528072,-1,2,2,0,-1,-2,-1,-2
24299,24299,1503699528080,1,0,2,-2,0,-2,-4,-2
24300,24300,1503699528094,7,1,2,1,2,-1,-2,1
24301,24301,1503699528103,0,0,-4,-2,-1,0,0,3
24302,24302,1503699528110,-2,0,2,-1,0,0,-1,2
24303,24303,1503699528125,0,0,2,2,1,-2,-1,-4
24304,24304,1503699528134,-11,-6,-2,-2,-2,-1,0,-2
24305,24305,1503699528140,-4,-8,-5,-3,-1,-1,-1,-2
24306,24306,1503699528154,-8,-8,-1,-1,-2,-1,0,-2
24307,24307,1503699528162,2,-2,2,1,-1,0,0,-1
24308,24308,1503699528170,-6,-4,0,0,-2,1,-1,-2
24309,24309,1503699528185,-3,2,-1,-1,0,-2,0,-1
24310,24310,1503699528191,-10,-5,-4,-2,1,-1,-1,0
24311,24311,1503699528208,-6,1,2,2,2,2,0,-2
24312,24312,1503699528214,9,-3,-5,-2,-1,0,0,1
24313,24313,1503699528222,1,2,1,-2,-3,-2,-1,-1
24314,24314,1503699528230,4,4,0,2,-1,-1,0,-3
24315,24315,1503699528245,0,0,-1,-3,-2,-2,-1,-1
24316,24316,1503699528252,6,4,1,-4,-2,-1,-1,0
24317,24317,1503699528260,-3,-4,0,0,1,-1,-1,-1
24318,24318,1503699528275,0,7,0,0,-1,0,0,-2
24319,24319,1503699528289,3,-7,-5,0,-3,-1,-1,-2
24320,24320,1503699528290,-2,-4,-4,-3,-2,-1,0,0
24321,24321,1503699528305,-5,0,2,-2,-1,0,-1,1
24322,24322,1503699528312,-7,-3,-1,-1,-1,0,0,-2
24323,24323,1503699528320,4,3,1,2,2,0,-2,-2
24324,24324,1503699528336,5,-1,-1,-1,0,-2,-4,0
24325,24325,1503699528344,6,0,-4,-3,-3,-1,1,0
24326,24326,1503699528350,-2,-2,1,0,0,0,2,-2
24327,24327,1503699528365,-6,-1,6,3,-1,-2,-1,1
24328,24328,1503699528372,-12,-7,-2,-3,-3,1,0,0
24329,24329,1503699528380,3,3,-2,0,0,0,0,0
24330,24330,1503699528394,-7,-4,2,4,4,-2,-2,-1
24331,24331,1503699528403,-2,-2,-2,-3,-2,-1,-2,-2
24332,24332,1503699528411,5,2,-1,0,-1,1,0,0
24333,24333,1503699528425,5,-3,-7,-2,0,-3,-1,-3
24334,24334,1503699528431,4,3,-2,0,-1,-2,0,1
24335,24335,1503699528432,2,0,2,0,-1,-2,-3,-1
24336,24336,1503699528440,7,4,-4,-2,0,1,-2,-3
24337,24337,1503699528454,6,12,10,3,0,-2,1,0
24338,24338,1503699528462,-7,-6,-3,-4,-1,-2,0,1
24339,24339,1503699528477,-5,-2,-2,-1,2,-1,-1,-1
24340,24340,1503699528484,-1,6,5,3,2,-1,-1,1
24341,24341,1503699528499,-4,-1,-5,-3,-4,-2,1,1
24342,24342,1503699528503,-1,-4,-6,-3,0,-1,-1,1
24343,24343,1503699528514,0,-1,-2,-1,1,0,-1,-1
24344,24344,1503699528522,5,-3,-1,1,-2,0,-2,0
24345,24345,1503699528530,1,-2,-1,-2,1,0,-2,-2
24346,24346,1503699528546,8,3,3,2,2,1,-1,-1
24347,24347,1503699528553,1,-4,-3,-1,-2,0,-2,-3
24348,24348,1503699528560,6,-2,-7,-3,-4,-1,1,-1
24349,24349,1503699528577,12,6,1,-1,0,0,-2,0
24350,24350,1503699528582,-7,-3,1,0,-1,-2,0,0
24351,24351,1503699528598,-12,-7,-2,-1,0,-2,1,0
24352,24352,1503699528605,-6,-6,1,2,-1,0,-1,0
24353,24353,1503699528619,5,5,-2,-2,-4,-1,-1,-1
24354,24354,1503699528620,-8,1,2,-1,-1,0,-1,-3
24355,24355,1503699528637,10,6,2,3,-1,1,-3,-1
24356,24356,1503699528643,-3,-1,4,0,1,0,-1,-1
24357,24357,1503699528658,10,4,-1,0,0,0,2,0
24358,24358,1503699528665,-5,0,-2,-4,-1,-1,-2,-7
24359,24359,1503699528673,-9,-5,-2,-2,-3,-1,0,0
24360,24360,1503699528680,-1,0,3,2,1,2,-1,3
24361,24361,1503699528696,-21,-10,-7,-5,-3,0,1,-1
24362,24362,1503699528704,-10,-2,2,2,1,-1,-1,-1
24363,24363,1503699528725,-7,-12,-7,-3,-1,0,-2,0
24364,24364,1503699528726,-7,-5,-6,-4,-1,-2,0,-4
24365,24365,1503699528733,2,2,2,-1,0,-1,0,-3
24366,24366,1503699528740,15,-1,-7,-3,-3,0,-3,-3
24367,24367,1503699528755,5,-2,-1,2,-2,0,-4,0
24368,24368,1503699528762,-10,0,0,2,2,1,1,3
24369,24369,1503699528779,-8,-12,-7,-5,-4,-2,0,0
24370,24370,1503699528785,18,3,2,-4,-4,-2,1,5
24371,24371,1503699528793,1,-4,-6,-5,-3,0,0,-2
24372,24372,1503699528807,-1,-1,3,3,0,-2,-2,-2
24373,24373,1503699528815,2,5,8,4,2,0,0,-2
24374,24374,1503699528822,-1,3,-1,-1,0,-1,-1,-2
24375,24375,1503699528839,0,4,1,1,-1,-1,0,1
24376,24376,1503699528845,-9,-13,-10,-5,-5,-2,-1,-4
24377,24377,1503699528853,-2,1,6,5,5,-1,-4,-3
24378,24378,1503699528867,-3,1,1,2,1,1,0,2
24379,24379,1503699528875,3,3,2,1,2,0,-2,-2
24380,24380,1503699528883,0,3,3,-2,-2,0,0,-1
24381,24381,1503699528898,-2,-5,-7,-8,-4,-2,1,1
24382,24382,1503699528907,-4,-9,-6,-3,-1,0,0,0
24383,24383,1503699528914,7,1,-1,-2,-2,-2,-2,0
24384,24384,1503699528927,5,1,2,1,0,-2,-3,-1
24385,24385,1503699528935,-4,-1,-4,0,-1,-1,-1,-2
24386,24386,1503699528944,-1,7,5,3,4,1,-1,1
24387,24387,1503699528958,0,-5,-5,-6,-5,-1,2,2
24388,24388,1503699528965,0,-4,-3,-4,-5,-1,3,-1
24389,24389,1503699528974,-2,-4,-7,-3,-1,-1,-4,-6
24390,24390,1503699528988,-4,4,3,-1,0,0,-2,2
24391,24391,1503699528995,-2,3,9,5,3,0,0,2
24392,24392,1503699529002,-8,-9,-10,-6,-4,-3,0,-1
24393,24393,1503699529020,8,8,12,4,4,0,-4,-2
24394,24394,1503699529026,-2,-6,-3,1,-1,0,-1,-1
24395,24395,1503699529040,-8,-6,-4,-1,-2,1,-1,-3
24396,24396,1503699529041,-2,-5,-5,-8,-4,0,0,-1
24397,24397,1503699529048,-4,-5,-7,-4,-4,-1,1,-2
24398,24398,1503699529055,6,0,-3,0,-3,0,-1,-2
24399,24399,1503699529063,5,5,6,10,7,-2,-2,-3
24400,24400,1503699529078,-2,-2,-3,0,-1,0,1,0
24401,24401,1503699529085,3,-3,-1,-3,-1,-1,0,1
24402,24402,1503699529093,-5,-1,-3,3,-2,-2,-2,0
24403,24403,1503699529108,1,3,-4,-2,-3,0,-3,-1
24404,24404,1503699529116,-2,7,3,0,-1,-2,-2,-1
24405,24405,1503699529122,3,6,6,0,-2,1,0,-2
24406,24406,1503699529138,5,1,1,-1,-1,0,1,1
24407,24407,1503699529145,-8,-2,-9,-4,-3,1,0,0
24408,24408,1503699529153,-5,-6,-3,-1,0,-2,-1,-1
24409,24409,1503699529167,0,-5,-5,-4,-3,0,1,2
24410,24410,1503699529176,2,-2,-3,1,1,-1,-1,1
24411,24411,1503699529183,1,1,0,2,4,-2,-2,-3
24412,24412,1503699529198,-8,-7,0,0,-1,0,0,-2
24413,24413,1503699529205,0,4,4,1,3,-1,-1,-1
24414,24414,1503699529220,0,1,-3,-3,-3,-1,-1,0
24415,24415,1503699529227,1,1,-1,-2,-2,-1,-1,-2
24416,24416,1503699529244,0,1,5,3,2,-1,-4,1
24417,24417,1503699529258,6,7,7,7,3,0,-2,1
24418,24418,1503699529265,-2,-2,-2,-1,-1,-3,-2,-1
24419,24419,1503699529281,3,0,-1,-1,1,-1,-1,2
24420,24420,1503699529287,8,4,-1,-3,-1,1,1,-2
24421,24421,1503699529295,-8,-3,0,0,1,-1,-2,-3
24422,24422,1503699529302,-7,-5,-3,-2,-3,-1,3,-1
24423,24423,1503699529318,-1,-1,2,1,0,-1,-1,5
24424,24424,1503699529325,-8,-10,-9,-1,-3,-2,-3,1
24425,24425,1503699529342,-3,5,10,7,5,1,-1,-4
24426,24426,1503699529350,-1,-2,2,-1,1,-1,-2,-2
24427,24427,1503699529355,-1,-6,-8,-7,-4,0,1,1
24428,24428,1503699529362,0,-7,-2,2,-2,0,-2,-4
24429,24429,1503699529378,-1,-6,-5,-4,-4,-2,-1,0
24430,24430,1503699529385,-1,5,4,3,-1,-2,-1,-1
24431,24431,1503699529401,0,-3,-5,-2,-1,-1,-1,-2
24432,24432,1503699529409,-5,-5,-4,-6,-5,-2,0,0
24433,24433,1503699529410,6,5,2,1,1,0,0,2
24434,24434,1503699529415,0,3,-3,1,-1,-1,0,-2
25021,25021,1503699535160,0,-5,-3,-1,-1,0,-2,1
25022,25022,1503699535167,14,1,-5,-4,-1,-1,-1,3
25023,25023,1503699535183,9,4,7,3,-1,-4,-3,-8
25024,25024,1503699535190,-2,1,6,2,4,1,0,-1
25025,25025,1503699535198,12,7,-1,-1,-2,-2,-2,-3
25026,25026,1503699535212,-1,0,-3,-1,-1,-3,-3,1
25027,25027,1503699535221,13,13,6,1,-2,-1,-3,4
25028,25028,1503699535227,-2,14,5,2,-1,1,4,8
25029,25029,1503699535243,6,1,-2,-1,1,0,2,4
25030,25030,1503699535250,-8,-7,-8,-4,-3,1,-1,-1
25031,25031,1503699535259,-6,6,1,0,-1,0,-2,-2
25032,25032,1503699535272,-8,-8,-6,-3,-2,-1,-4,-12
25033,25033,1503699535280,5,5,-1,0,-1,-3,1,3
25034,25034,1503699535287,-2,-3,-2,-2,-4,0,0,-2
25035,25035,1503699535303,-1,-4,-1,-1,0,1,-1,-1
25036,25036,1503699535309,-5,0,1,-1,2,-1,0,2
25037,25037,1503699535326,1,-5,-4,-3,-4,1,1,-4
25038,25038,1503699535332,-2,-7,0,2,0,0,-1,-1
25039,25039,1503699535340,-8,-7,-3,-2,-1,-1,-1,7
25040,25040,1503699535355,2,0,1,1,-2,-3,-1,-14
25041,25041,1503699535362,1,11,9,4,3,-1,-1,-8
25042,25042,1503699535369,19,8,3,-1,-1,0,-2,7
25043,25043,1503699535385,0,-7,-4,-2,-2,0,-1,1
25044,25044,1503699535392,2,4,0,-2,-3,-1,0,-9
25045,25045,1503699535393,-9,-8,-5,-3,-1,0,-1,0
25046,25046,1503699535400,-3,-4,-1,-3,-1,-1,-1,-2
25047,25047,1503699535414,2,-4,-1,-1,0,-3,1,2
25048,25048,1503699535423,-8,-5,-4,-3,-1,0,-1,8
25049,25049,1503699535429,-2,-2,-2,1,2,3,0,-1
25050,25050,1503699535444,-1,-4,1,0,0,0,1,3
25051,25051,1503699535453,7,-2,-5,-3,-4,-5,-2,-4
25052,25052,1503699535460,3,-2,-1,-1,-1,-2,-2,-5
25053,25053,1503699535474,-9,-2,-3,-2,-2,-1,-2,-8
25054,25054,1503699535486,-3,0,3,2,1,-2,-2,-5
25055,25055,1503699535489,9,4,0,0,-1,-2,1,5
25056,25056,1503699535504,1,2,0,0,-1,0,-3,-17
25057,25057,1503699535512,-2,-3,-3,-1,-2,5,8,5
25058,25058,1503699535520,2,0,0,2,0,0,-2,1
25059,25059,1503699535534,2,-7,-3,-1,1,-1,-6,-4
25060,25060,1503699535542,9,14,16,2,-1,1,0,8
25061,25061,1503699535551,2,0,-2,2,-3,-2,0,6
25062,25062,1503699535564,-7,-10,-8,-3,0,-2,-1,-3
25063,25063,1503699535572,-5,-4,-1,-2,-2,-2,-3,-4
25064,25064,1503699535580,-3,-3,-6,-2,-2,-2,2,4
25065,25065,1503699535595,-5,0,2,2,2,-1,-1,-4
25066,25066,1503699535602,1,-1,6,2,2,-2,-1,3
25067,25067,1503699535603,-2,0,-2,0,0,-1,-1,-3
25068,25068,1503699535609,1,4,-1,-4,-2,-6,-7,-8
25069,25069,1503699535624,12,-1,-1,-4,-3,2,6,-1
25070,25070,1503699535625,-4,4,5,5,2,2,5,21
25071,25071,1503699535632,-4,4,4,4,1,1,0,-10
25072,25072,1503699535640,1,-7,-5,-5,-2,0,-7,2
25073,25073,1503699535658,8,6,1,-2,-2,-1,0,-2
25074,25074,1503699535663,3,-3,-4,-1,-1,0,1,-6
25075,25075,1503699535669,19,5,-2,-2,-4,-2,-1,6
25076,25076,1503699535687,0,-3,-5,-6,-2,0,-1,-1
25077,25077,1503699535692,-5,-1,-1,2,1,0,-1,1
25078,25078,1503699535700,0,-1,-5,-2,-4,-4,-5,-7
25079,25079,1503699535714,-17,-5,4,1,3,2,-1,1
25080,25080,1503699535723,-6,-6,-7,-2,-2,-1,0,-8
25081,25081,1503699535729,2,-5,-5,-3,-1,-1,0,2
25082,25082,1503699535730,-9,3,3,-1,0,1,0,2
25083,25083,1503699535744,3,0,-3,-3,-3,0,4,2
25084,25084,1503699535754,-6,-2,-1,-1,-2,-1,-1,-3
25085,25085,1503699535761,-8,2,3,1,0,-1,-2,-6
25086,25086,1503699535774,1,-5,-5,-4,-1,0,-1,1
25087,25087,1503699535783,-5,0,2,2,2,-2,-4,-6
25088,25088,1503699535790,1,3,1,0,-1,-1,0,3
25089,25089,1503699535804,0,-2,-1,-3,0,-1,1,13
25090,25090,1503699535812,-1,-6,-3,-2,0,-1,2,2
25091,25091,1503699535828,5,16,-1,-2,-1,-1,-2,1
25092,25092,1503699535834,9,10,5,1,0,1,-1,-3
25093,25093,1503699535843,2,-11,-12,-4,-1,-1,0,1
25094,25094,1503699535849,7,11,4,0,-2,-1,-1,-2
25095,25095,1503699535865,9,0,-1,-3,-2,0,-2,-17
25096,25096,1503699535872,-15,-14,2,5,2,0,-1,4
25097,25097,1503699535880,-2,0,0,1,-1,-1,-1,-1
25098,25098,1503699535895,-9,-10,-7,-5,-3,-1,-1,-4
25099,25099,1503699535902,-11,-11,2,0,0,1,2,-1
25100,25100,1503699535909,1,-8,-4,-1,-1,-1,1,4
25101,25101,1503699535931,6,4,7,4,1,-3,-3,2
25102,25102,1503699535932,-4,-6,-5,-3,-1,-2,-2,6
25103,25103,1503699535940,11,1,-2,-4,-2,-1,-1,8
25104,25104,1503699535955,-12,0,0,3,1,-2,-4,-6
25105,25105,1503699535963,-14,9,7,1,1,0,2,4
25106,25106,1503699535969,9,-4,-5,-4,-3,0,-1,5
25107,25107,1503699535985,-6,-4,-9,-3,-2,0,1,-2
25108,25108,1503699535992,13,5,-2,-3,-2,0,2,-1
25109,25109,1503699536000,0,-3,0,1,0,-3,0,1
25110,25110,1503699536016,-3,-5,2,2,2,-1,-2,-8
25111,25111,1503699536025,-3,-7,-2,-2,-2,-1,-2,-7
25112,25112,1503699536030,-8,-4,-3,-1,-1,-1,0,-3
25113,25113,1503699536045,19,12,1,-2,-2,0,-3,-3
25114,25114,1503699536052,-4,-2,-1,-3,0,-1,0,0
25115,25115,1503699536063,7,-3,9,5,2,-1,-4,-4
25116,25116,1503699536075,1,2,6,0,0,2,4,10
25117,25117,1503699536083,-3,-4,-6,-3,-3,0,1,1
25118,25118,1503699536090,-5,-3,-3,0,0,-2,-2,-3
25119,25119,1503699536104,1,-5,-4,-2,-2,-2,-5,-7
25120,25120,1503699536112,-6,-4,-1,-3,-3,-1,0,-5
25121,25121,1503699536122,0,1,1,1,-1,0,-1,-4
25122,25122,1503699536135,-3,-2,1,0,-2,1,-2,2
25123,25123,1503699536142,3,0,-1,-3,0,-1,-1,-1
25124,25124,1503699536149,2,1,-4,-1,1,-1,-1,-2
25125,25125,1503699536165,-9,-2,0,-2,0,-3,-1,0
25126,25126,1503699536172,10,5,0,-1,-1,0,1,2
25127,25127,1503699536189,-14,-6,-1,0,1,2,1,3
25128,25128,1503699536194,2,1,0,1,-1,-3,-3,0
25129,25129,1503699536203,-3,3,6,3,2,0,12,4
25130,25130,1503699536209,0,-1,-3,-1,-1,0,-2,-4
25131,25131,1503699536225,2,3,-7,-7,-3,2,-3,-1
25132,25132,1503699536239,-1,2,-1,0,-1,-1,-3,-4
25133,25133,1503699536247,-4,-3,0,-1,-3,-1,-1,0
25134,25134,1503699536261,-2,-3,4,-1,0,-1,-3,-1
25135,25135,1503699536264,-1,-13,-10,-4,-3,-1,0,1
25136,25136,1503699536276,-5,-12,-8,-3,-2,-1,-1,0
25137,25137,1503699536284,-2,-1,4,4,-1,-2,-2,-3
25138,25138,1503699536292,10,9,6,4,0,1,-3,-3
25139,25139,1503699536307,-2,-3,-4,-2,-1,-2,-2,4
25140,25140,1503699536314,-2,8,4,2,1,0,0,-2
25141,25141,1503699536324,-2,1,-1,0,1,-1,-2,-2
25142,25142,1503699536336,0,-4,-4,-1,0,2,3,-1
25143,25143,1503699536345,-1,1,2,1,2,4,-1,-3
25144,25144,1503699536352,1,-1,-4,-2,-2,-3,-1,-1
25145,25145,1503699536367,1,4,5,4,0,-3,-4,-3
25146,25146,1503699536374,-2,-1,0,2,1,0,-2,1
25147,25147,1503699536382,-9,-8,-7,-3,-3,-1,-1,-3
25148,25148,1503699536397,12,10,1,-3,-3,0,0,1
25149,25149,1503699536398,-1,0,-1,-4,-2,-2,-1,-1
25150,25150,1503699536405,-3,-4,-5,-4,-2,-2,-1,-3
25151,25151,1503699536412,3,-2,-3,-4,-2,-3,-2,1
25152,25152,1503699536427,9,3,1,-2,-4,-1,-2,0
25153,25153,1503699536435,-7,1,3,3,1,2,0,-1
25154,25154,1503699536449,-6,-4,1,3,1,0,0,-1
25155,25155,1503699536458,-6,-4,-4,-4,-6,-2,0,-4
25156,25156,1503699536466,7,4,0,0,0,-1,-1,-2
25157,25157,1503699536472,-4,-8,-1,0,3,3,3,-2
25158,25158,1503699536487,1,1,4,-2,-1,1,1,-1
25159,25159,1503699536495,0,-1,0,0,-1,-1,-2,0
25160,25160,1503699536502,0,-3,-6,-2,-2,0,-1,2
25161,25161,1503699536516,1,2,5,1,0,-1,-6,-2
25162,25162,1503699536525,-2,0,1,-1,-2,-3,-2,-1
25163,25163,1503699536532,7,9,-1,0,0,-2,-3,1
25164,25164,1503699536554,-5,-3,-3,-2,-2,-1,-1,-1
25165,25165,1503699536555,-3,-4,1,0,-1,-2,1,0
25166,25166,1503699536562,-7,-4,-1,-2,-1,0,2,-3
25167,25167,1503699536576,7,-1,-5,-2,-1,-3,-2,0
25168,25168,1503699536584,16,8,-3,-4,-1,-1,-3,2
25804,25804,1503699542823,-3,-6,-3,0,1,-4,6,4
25805,25805,1503699542831,1,-3,-4,-1,7,5,1,-2
25806,25806,1503699542840,-4,-1,-1,-3,-3,0,-2,-7
25807,25807,1503699542854,-8,-2,1,-1,1,6,3,-3
25808,25808,1503699542861,8,3,2,1,-1,-2,-13,1
25809,25809,1503699542870,-2,-1,0,-2,-1,-5,-2,-1
25810,25810,1503699542883,2,3,-3,0,0,2,-2,3
25811,25811,1503699542891,-1,-2,0,1,-1,-2,-5,-11
25812,25812,1503699542892,9,5,-1,-1,-3,-3,-1,0
25813,25813,1503699542899,-10,-6,-1,-1,-1,-3,0,-2
25814,25814,1503699542914,27,8,-3,-3,-4,0,5,0
25815,25815,1503699542921,-5,-3,1,1,-1,1,1,-16
25816,25816,1503699542930,-10,-17,-9,-3,-4,-1,0,4
25817,25817,1503699542943,-9,22,33,10,4,3,-1,7
25818,25818,1503699542944,18,4,-1,-1,-1,-2,-5,-5
25819,25819,1503699542951,-13,-12,-6,-2,-1,-1,-2,2
25820,25820,1503699542959,-21,-4,2,-1,1,0,4,5
25821,25821,1503699542976,2,6,3,0,-1,-6,-6,-7
25822,25822,1503699542981,2,2,0,2,0,1,1,3
25823,25823,1503699542989,12,8,0,0,-1,-2,-1,8
25824,25824,1503699543006,-1,-13,-12,-2,-1,-1,0,2
25825,25825,1503699543013,-5,14,13,4,-1,2,2,3
25826,25826,1503699543019,15,5,-4,-3,0,1,3,4
25827,25827,1503699543045,-10,0,3,0,-1,-3,-1,2
25828,25828,1503699543050,-4,-3,1,0,-1,0,-1,-7
25829,25829,1503699543063,-5,0,1,-1,1,2,2,2
25830,25830,1503699543072,-4,0,-2,0,-1,1,-3,-2
25831,25831,1503699543079,-7,0,2,0,0,-2,4,1
25832,25832,1503699543095,11,0,-4,-2,-3,-2,0,8
25833,25833,1503699543101,9,5,2,-2,0,0,-3,5
25834,25834,1503699543110,-6,-5,-2,-1,-1,-1,3,-3
25835,25835,1503699543124,-2,-2,-1,-1,-4,-2,-3,-3
25836,25836,1503699543131,6,3,-2,-3,-1,-6,-6,-3
25837,25837,1503699543140,3,0,0,3,0,0,-2,-5
25838,25838,1503699543154,-3,-6,-2,-1,-1,-3,-5,0
25839,25839,1503699543161,-3,-1,3,1,1,-3,-6,-4
25840,25840,1503699543180,-14,-5,0,0,1,1,3,0
25841,25841,1503699543183,0,-1,-3,-1,-1,-1,-3,-4
25842,25842,1503699543184,-1,-2,-2,-2,-2,-1,0,-3
25843,25843,1503699543191,-2,-3,-3,-1,0,-1,-2,-5
25844,25844,1503699543199,0,-1,-1,-3,-1,0,0,5
25845,25845,1503699543215,-3,-1,0,0,2,4,-1,-3
25846,25846,1503699543221,0,0,1,0,0,-3,-3,0
25847,25847,1503699543229,3,2,1,-1,-4,-1,2,1
25848,25848,1503699543244,3,2,-2,0,-1,-2,0,-2
25849,25849,1503699543252,-2,-2,0,1,0,-1,-1,2
25850,25850,1503699543259,2,1,-2,-1,0,-1,-1,-2
25851,25851,1503699543275,4,-1,-2,-2,0,-3,-4,-5
25852,25852,1503699543276,-1,-2,1,0,0,0,0,0
25853,25853,1503699543281,1,0,1,0,0,0,0,-4
25854,25854,1503699543289,3,5,4,1,0,0,-3,-2
25855,25855,1503699543306,-9,1,-2,-4,-3,-3,-1,-2
25856,25856,1503699543312,-4,-5,-3,1,-1,-2,0,2
25857,25857,1503699543319,-2,-2,-2,0,0,0,-1,-4
25858,25858,1503699543334,-4,-2,0,0,0,-2,0,0
25859,25859,1503699543341,-1,-1,0,1,0,0,-4,-2
25860,25860,1503699543349,-7,-3,-2,-3,-2,-2,0,1
25861,25861,1503699543363,3,-1,-1,-2,-1,0,3,5
25862,25862,1503699543373,-3,1,0,0,0,-2,1,2
25863,25863,1503699543381,-4,0,-2,-3,-3,-2,-1,2
25864,25864,1503699543394,-6,-1,1,1,2,1,3,4
25865,25865,1503699543402,3,-4,-1,-1,1,0,2,2
25866,25866,1503699543410,-2,-3,-3,-1,0,0,-1,-6
25867,25867,1503699543423,-1,-3,-3,0,-2,0,-1,-2
25868,25868,1503699543431,1,10,17,2,0,-1,-2,-2
25869,25869,1503699543446,-2,-8,-4,-1,-1,0,2,3
25870,25870,1503699543454,-1,-1,-10,-4,-3,-2,-1,0
25871,25871,1503699543461,-1,-1,-1,2,0,0,-2,-2
25872,25872,1503699543469,-3,-3,0,1,-1,1,0,2
25873,25873,1503699543470,6,5,3,2,0,-4,0,-4
25874,25874,1503699543484,-5,-3,-2,-3,-2,1,-2,0
25875,25875,1503699543491,12,0,-3,-3,-2,-2,-1,-3
25876,25876,1503699543499,-2,1,2,1,0,-2,-2,-2
25877,25877,1503699543515,-1,-2,-4,-3,-3,-3,-4,-6
25878,25878,1503699543522,2,2,0,0,0,0,1,-2
25879,25879,1503699543530,-15,-7,-4,-1,-1,6,1,-4
25880,25880,1503699543544,-12,-3,2,2,1,-1,3,0
25881,25881,1503699543551,-5,-5,-3,-3,0,-1,-2,2
25882,25882,1503699543559,-2,0,0,-2,-2,-2,0,-2
25883,25883,1503699543575,1,-3,-3,-2,-1,5,-1,2
25884,25884,1503699543582,0,-2,-2,-2,-1,0,0,-3
25885,25885,1503699543590,0,-2,-2,-3,-1,-2,0,-2
25886,25886,1503699543607,3,5,-1,-2,-1,-1,-6,-5
25887,25887,1503699543612,3,-3,-3,0,-1,0,-2,-2
25888,25888,1503699543619,0,0,0,0,-1,-5,-4,-1
25889,25889,1503699543634,0,-1,-3,-1,-1,-3,1,0
25890,25890,1503699543642,11,-3,-12,-3,-1,-1,-2,-2
25891,25891,1503699543651,-4,2,5,3,0,-1,-1,1
25892,25892,1503699543664,-7,-6,-3,-2,-1,0,-2,1
25893,25893,1503699543672,1,-1,-2,-2,-1,-1,0,-1
25894,25894,1503699543679,1,0,2,1,0,0,-2,-1
25895,25895,1503699543694,0,-1,1,-2,-2,-7,-5,-11
25896,25896,1503699543701,-1,-3,-2,-1,0,4,9,1
25897,25897,1503699543718,0,-2,-2,1,0,-1,2,0
25898,25898,1503699543723,-3,-2,-4,-3,-2,-4,-5,-2
25899,25899,1503699543724,-4,3,4,1,-2,-1,1,1
25900,25900,1503699543732,-1,-1,-5,-2,-1,3,2,-2
25901,25901,1503699543746,4,4,1,0,0,-1,-1,0
25902,25902,1503699543754,2,-1,0,0,0,0,-2,2
25903,25903,1503699543761,-2,-1,0,0,1,5,1,-1
25904,25904,1503699543777,-7,-6,-1,0,-1,0,-1,-1
25905,25905,1503699543785,-2,1,0,-2,-2,0,-2,1
25906,25906,1503699543792,4,2,-1,1,-2,1,-1,0
25907,25907,1503699543806,-1,-3,-2,0,-1,-5,-7,-4
25908,25908,1503699543814,4,4,1,0,-1,-2,-1,3
25909,25909,1503699543821,-6,-6,0,0,-1,-2,-4,-7
25910,25910,1503699543837,-1,1,1,0,-1,-3,-2,-2
25911,25911,1503699543844,-3,-2,0,-1,-2,-5,-2,-2
25912,25912,1503699543852,7,0,-3,-3,-1,-2,-1,3
25913,25913,1503699543866,-9,0,1,1,-2,-1,1,-4
25914,25914,1503699543876,-4,1,-1,-2,-2,-1,-2,3
25915,25915,1503699543882,-5,-5,-2,-2,-2,3,3,0
25916,25916,1503699543896,0,1,3,1,4,1,-1,1
25917,25917,1503699543903,-1,1,1,1,0,4,2,1
25918,25918,1503699543912,-5,-3,-4,-2,-3,1,2,-7
25919,25919,1503699543926,14,4,1,1,1,-3,-3,1
25920,25920,1503699543934,3,-5,-5,-2,-1,-1,-1,-3
25921,25921,1503699543943,-6,-5,-4,-5,-1,-1,-1,-3
25922,25922,1503699543956,1,2,-2,-2,-3,-1,-2,2
25923,25923,1503699543963,19,7,-1,-2,-2,-5,-4,-1
25924,25924,1503699543972,-1,0,2,1,2,0,-1,-5
25925,25925,1503699543987,8,6,2,-1,-1,-3,-1,1
25926,25926,1503699543994,-7,-5,1,1,1,3,0,1
25927,25927,1503699544001,-20,-8,-1,-2,-1,0,2,-1
25928,25928,1503699544017,-5,-3,0,0,0,-2,-2,1
25929,25929,1503699544025,5,-2,-1,0,-1,-1,-4,1
25930,25930,1503699544032,1,-1,-4,-3,-1,-1,0,-1
25931,25931,1503699544046,9,-1,-1,0,-1,-3,-4,-1
25932,25932,1503699544054,-8,-6,1,1,0,-1,0,-1
25933,25933,1503699544061,-1,-2,-2,-3,-1,0,2,2
25934,25934,1503699544079,4,2,1,3,1,-1,-1,0
25935,25935,1503699544085,17,7,-2,0,-1,1,-2,2
25936,25936,1503699544092,-1,0,1,-2,1,-1,-2,0
25937,25937,1503699544106,-2,0,-1,1,1,-2,-2,-2
25938,25938,1503699544114,-3,2,1,-2,-2,-1,-1,2
25939,25939,1503699544122,-1,2,-2,1,0,3,0,0
25940,25940,1503699544136,-5,0,3,2,-1,-2,-3,0
25941,25941,1503699544146,-10,-7,-1,1,2,-1,-1,-1
25942,25942,1503699544152,7,1,-3,-1,-3,1,-5,-2
25943,25943,1503699544166,-9,0,2,0,0,-1,-1,-2
25944,25944,1503699544174,7,-2,-3,-2,-1,-2,0,1
25945,25945,1503699544182,-10,-1,-1,1,0,-6,-2,-1
25946,25946,1503699544197,-11,-6,-4,-5,-2,-1,2,-7
25947,25947,1503699544203,15,9,1,-1,-2,-2,1,3
25948,25948,1503699544213,-3,-3,-4,-3,-3,0,-1,2
25949,25949,1503699544226,-8,-4,0,1,-3,1,-1,-1
25950,25950,1503699544234,5,0,-4,-1,-2,1,-1,-1
25951,25951,1503699544242,3,-1,-1,-1,0,-2,-3,-2
25952,25952,1503699544258,13,6,-2,0,-1,1,0,0
25953,25953,1503699544263,0,-1,-1,-1,-1,1,-1,-4
25954,25954,1503699544272,-8,0,4,3,2,-2,-2,0
25955,25955,1503699544286,-8,-3,-3,-4,-1,0,3,-2
25956,25956,1503699544294,-1,2,0,-1,-2,0,2,-1
25957,25957,1503699544301,0,-1,-2,-3,0,3,0,-1
25958,25958,1503699544317,20,8,1,-1,-1,-1,-1,-2
26627,26627,1503699550901,-9,-8,-4,-1,1,-1,0,-1
26628,26628,1503699550909,15,0,-1,0,-2,-2,1,10
26629,26629,1503699550926,-7,-4,-1,0,-1,-2,-2,-7
26630,26630,1503699550932,-9,-3,-4,-2,-2,-1,0,-1
26631,26631,1503699550939,7,3,1,0,1,-1,0,10
26632,26632,1503699550954,4,7,6,1,2,0,-1,-2
26633,26633,1503699550961,1,2,-1,-3,-2,-1,0,2
26634,26634,1503699550977,-11,-5,-1,0,1,-1,0,-3
26635,26635,1503699550984,4,1,3,1,-1,0,-2,2
26636,26636,1503699550993,-1,-5,-3,-3,-2,-1,1,2
26637,26637,1503699550994,-6,-2,-1,0,0,-1,0,-4
26638,26638,1503699550999,-4,-3,-6,-5,-2,0,0,-4
26639,26639,1503699551014,7,-3,-3,-1,-2,-2,-2,-4
26640,26640,1503699551021,-4,-2,1,0,-1,-2,-1,-2
26641,26641,1503699551032,-5,2,3,0,-1,0,-2,-3
26642,26642,1503699551044,1,-3,-3,-2,-1,-1,-3,-2
26643,26643,1503699551052,4,3,1,1,1,-2,-1,-3
26644,26644,1503699551060,0,0,-1,0,0,1,-2,0
26645,26645,1503699551061,-3,-3,-2,0,0,1,0,-3
26646,26646,1503699551075,-2,-1,-3,-1,-2,0,-1,1
26647,26647,1503699551081,3,0,-1,0,-1,-1,-1,-1
26648,26648,1503699551090,-7,0,0,-2,-2,0,0,-1
26649,26649,1503699551104,5,1,-1,0,-1,0,-2,1
26650,26650,1503699551112,-6,-4,-1,0,-3,0,-3,-1
26651,26651,1503699551119,6,-1,-2,-1,-3,-1,0,0
26652,26652,1503699551135,4,-1,-1,-2,-3,-3,-2,0
26653,26653,1503699551141,-3,1,1,-1,0,-1,-2,0
26654,26654,1503699551149,-1,-1,0,-1,1,0,-2,-1
26655,26655,1503699551164,-9,-2,-2,-1,-2,-2,0,-3
26656,26656,1503699551172,-1,-2,-1,-1,0,0,-2,-2
26657,26657,1503699551186,-2,-3,0,1,0,1,-1,-3
26658,26658,1503699551199,0,0,-1,-2,0,-2,1,1
26659,26659,1503699551203,2,1,0,-2,-2,0,0,1
26660,26660,1503699551216,4,0,-1,1,1,0,-1,0
26661,26661,1503699551224,-1,0,-2,-3,-1,-1,0,0
26662,26662,1503699551232,12,5,-4,-3,-2,-2,0,-2
26663,26663,1503699551246,-3,0,0,0,-2,0,-2,-1
26664,26664,1503699551254,-3,0,0,-1,0,1,1,0
26665,26665,1503699551264,-2,-4,0,-1,1,-1,0,-1
26666,26666,1503699551277,-6,2,0,-1,-1,0,0,-3
26667,26667,1503699551284,-4,7,3,-1,2,-1,0,-1
26668,26668,1503699551292,-3,-13,-8,-4,-2,-2,0,-2
26669,26669,1503699551306,-5,-9,-5,-2,-1,-2,0,-1
26670,26670,1503699551315,34,12,4,3,-1,-2,-1,0
26671,26671,1503699551322,-5,-5,-2,2,0,-1,-2,-2
26672,26672,1503699551337,0,4,1,-1,0,-3,0,-2
26673,26673,1503699551338,-16,-6,-2,-2,-2,1,0,1
26674,26674,1503699551344,13,7,0,1,-1,-2,-1,-1
26675,26675,1503699551352,-7,-3,-1,1,1,-2,-2,-1
26676,26676,1503699551367,-9,0,3,-1,1,-1,1,-1
26677,26677,1503699551381,-9,-2,1,0,0,-2,-2,1
26678,26678,1503699551388,4,-2,-3,-1,0,0,-1,0
26679,26679,1503699551398,-5,-2,1,0,-2,0,-2,-1
26680,26680,1503699551404,-8,-2,-3,-2,-1,-1,-1,-2
26681,26681,1503699551412,-2,1,-1,0,0,-1,-1,-3
26682,26682,1503699551429,-5,-1,3,0,1,2,1,3
26683,26683,1503699551437,-5,-3,-1,0,0,0,0,-1
26684,26684,1503699551441,4,0,-4,-4,-5,-1,-1,-2
26685,26685,1503699551456,-5,-1,2,1,-1,1,-1,-1
26686,26686,1503699551465,-6,-2,-3,-1,-3,-2,-1,-2
26687,26687,1503699551472,-17,-5,0,-2,-1,-1,1,1
26688,26688,1503699551486,3,-3,-1,-2,-1,-1,-4,-1
26689,26689,1503699551497,-1,-1,0,1,0,1,0,0
26690,26690,1503699551501,3,2,-1,0,0,-1,-1,0
26691,26691,1503699551517,5,3,-1,-1,-1,-1,-1,0
26692,26692,1503699551524,6,0,0,2,-1,0,0,-2
26693,26693,1503699551540,4,0,-1,-3,-1,0,0,-1
26694,26694,1503699551546,-2,-5,0,0,-1,-1,-3,-1
26695,26695,1503699551554,7,5,-1,-1,-1,1,0,0
26696,26696,1503699551564,-3,-1,2,0,0,0,-2,-3
26697,26697,1503699551577,0,-3,-3,-1,-1,-1,-2,0
26698,26698,1503699551584,2,1,0,-1,-3,-2,1,2
26699,26699,1503699551592,-1,1,-2,0,-3,0,1,-1
26700,26700,1503699551606,-2,-4,-2,1,1,-1,0,0
26701,26701,1503699551614,0,-2,2,0,0,-1,1,0
26702,26702,1503699551621,-2,-1,-5,0,0,-2,0,-3
26703,26703,1503699551637,0,-3,-3,-4,-1,-1,-1,-1
26704,26704,1503699551644,2,-6,-4,-2,-4,0,-2,0
26705,26705,1503699551652,3,3,5,5,3,-1,-2,0
26706,26706,1503699551667,-8,-2,-1,-2,-2,0,-1,-1
26707,26707,1503699551675,-3,-1,-2,-2,-3,-2,0,-2
26708,26708,1503699551681,7,4,1,1,0,-2,-1,0
26709,26709,1503699551701,17,11,-4,-5,-4,-2,-2,0
26710,26710,1503699551704,7,1,-3,-2,-1,0,-3,1
26711,26711,1503699551712,-11,-12,-4,-1,1,0,-8,0
26712,26712,1503699551726,-13,8,4,-2,0,-1,-6,-3
26713,26713,1503699551734,-4,-5,-3,-1,-1,-1,-5,-2
26714,26714,1503699551741,0,-5,-2,-1,0,0,-2,0
26715,26715,1503699551757,2,2,0,0,0,-2,-3,-1
26716,26716,1503699551766,-2,-2,1,0,1,1,2,-2
26717,26717,1503699551773,-6,-2,3,1,0,0,5,-1
26718,26718,1503699551786,5,2,1,-3,-4,-1,4,0
26719,26719,1503699551794,-4,-2,1,-1,-1,0,3,-1
26720,26720,1503699551802,-4,-1,3,1,2,0,2,-1
26721,26721,1503699551817,2,1,-1,2,1,-2,3,0
26722,26722,1503699551824,12,3,0,2,0,0,1,1
26723,26723,1503699551833,-8,-3,2,-2,0,0,4,-1
26724,26724,1503699551846,-5,-3,1,-1,-1,-1,2,0
26725,26725,1503699551854,8,2,-4,-3,-3,-2,0,4
26726,26726,1503699551861,2,4,2,2,1,-1,-2,-1
26727,26727,1503699551876,-4,-7,-4,-3,-4,-2,-1,-3
26728,26728,1503699551884,0,4,0,-4,0,-1,-2,1
26729,26729,1503699551892,-2,0,1,0,0,0,-1,-3
26730,26730,1503699551907,-6,-5,-4,-3,-3,-1,-2,0
26731,26731,1503699551914,32,10,-2,-1,-3,0,-1,-1
26732,26732,1503699551922,-3,-6,-6,-2,-2,0,0,1
26733,26733,1503699551937,-11,-1,4,1,-1,0,-1,0
26734,26734,1503699551944,4,6,-3,-1,-1,0,-1,-2
26735,26735,1503699551952,-16,2,10,2,1,2,-1,-2
26736,26736,1503699551966,-5,-5,2,2,1,-1,-1,-2
26737,26737,1503699551976,-11,-4,-3,-2,1,-1,-1,-1
26738,26738,1503699551981,-5,-4,-1,1,-1,0,1,-2
26739,26739,1503699552000,-1,-2,-3,0,-1,-2,-3,-1
26740,26740,1503699552011,-6,-4,-2,0,0,-1,-1,2
26741,26741,1503699552012,24,4,-5,-1,-2,-2,-4,1
26742,26742,1503699552026,-7,-6,-2,-1,-2,-1,-1,-2
26743,26743,1503699552036,-3,2,-3,-2,-2,-1,-1,-4
26744,26744,1503699552043,3,0,2,0,-2,-1,-1,-2
26745,26745,1503699552057,-1,4,6,4,1,0,0,2
26746,26746,1503699552064,2,-4,-4,-4,-2,-2,0,0
26747,26747,1503699552066,-20,-8,-4,-4,-2,-1,-2,-1
26748,26748,1503699552072,-8,-5,2,2,1,1,-2,-2
26749,26749,1503699552086,1,3,1,0,-3,1,1,-1
26750,26750,1503699552094,-11,-8,-3,1,1,0,-3,-3
26751,26751,1503699552109,13,9,-2,-4,-3,-3,-2,-1
26752,26752,1503699552117,-10,-6,-3,-3,0,-1,0,0
26753,26753,1503699552124,11,0,1,1,0,-2,-2,1
26754,26754,1503699552139,4,-2,-1,0,-1,-3,-1,-5
26755,26755,1503699552146,-2,-6,-3,-2,-1,1,0,-2
26756,26756,1503699552154,-9,-2,2,-3,0,-1,-1,1
26757,26757,1503699552169,-2,-1,-3,-1,-3,-2,-1,-3
26758,26758,1503699552178,11,2,2,0,0,-1,-3,-2
26759,26759,1503699552184,-3,-5,-2,0,0,-1,1,-1
26760,26760,1503699552200,6,3,-4,-3,-2,1,-1,0
26761,26761,1503699552207,-10,-7,-3,-2,-1,-1,-3,-3
26762,26762,1503699552214,-2,-3,-1,-2,-2,-1,1,2
26763,26763,1503699552229,-1,1,-1,-1,0,0,1,4
26764,26764,1503699552237,4,2,3,2,1,-1,-1,1
27501,27501,1503699559361,-11,-2,1,0,1,-1,0,0
27502,27502,1503699559375,-12,1,1,-2,0,-1,0,1
27503,27503,1503699559386,-3,-5,-3,-2,1,0,-2,0
27504,27504,1503699559387,-15,-11,-2,1,-1,1,-1,-1
27505,27505,1503699559391,1,-3,-6,-4,-1,-3,-2,-1
27506,27506,1503699559406,5,-1,-4,-2,-2,0,0,-1
27507,27507,1503699559413,6,0,0,0,1,0,-3,-6
27508,27508,1503699559421,10,1,-1,-2,-4,-1,-1,0
27509,27509,1503699559435,-2,1,3,0,0,-1,1,1
27510,27510,1503699559443,4,3,1,0,1,-2,-1,-1
27511,27511,1503699559453,1,-2,-1,-1,-2,-1,-1,-1
27512,27512,1503699559466,19,4,-2,-3,-1,-1,-2,-1
27513,27513,1503699559473,7,-1,-3,-1,-3,-3,-1,-3
27514,27514,1503699559481,2,3,3,4,2,0,-2,-4
27515,27515,1503699559495,-1,-2,-1,-1,-2,-1,-1,2
27516,27516,1503699559503,6,-1,-4,-5,-5,-2,1,0
27517,27517,1503699559511,-6,0,1,-1,1,0,0,-1
27518,27518,1503699559527,-5,-3,-2,0,0,0,-1,0
27519,27519,1503699559533,-9,-5,-3,-2,-2,-1,0,1
27520,27520,1503699559541,-1,-2,0,-1,-1,-3,0,0
27521,27521,1503699559555,-6,-1,-1,0,-4,-2,-1,-1
27522,27522,1503699559556,-3,-4,-4,-1,-1,-2,-1,0
27523,27523,1503699559563,-3,-6,-12,-6,-3,-1,0,-4
27524,27524,1503699559564,-3,12,23,7,2,2,1,1
27525,27525,1503699559578,2,3,3,2,0,-1,0,-2
27526,27526,1503699559588,-20,-12,-14,-7,-2,-2,0,-3
27527,27527,1503699559594,7,-4,-5,-6,-7,-2,0,-2
27528,27528,1503699559609,2,-2,-2,3,0,-1,-1,-2
27529,27529,1503699559615,20,5,-5,-4,0,0,0,1
27530,27530,1503699559624,1,3,-1,-1,-1,-1,-1,-1
27531,27531,1503699559638,-8,-2,-1,2,1,-1,0,-2
27532,27532,1503699559646,-4,-3,-3,-2,-2,-1,-1,-2
27533,27533,1503699559655,-4,0,0,1,0,-3,-3,-2
27534,27534,1503699559668,8,1,-2,5,5,0,0,1
27535,27535,1503699559675,-5,0,4,2,1,1,-1,1
27536,27536,1503699559683,-11,-3,-3,-7,-3,-2,-1,-2
27537,27537,1503699559698,0,0,1,-1,1,2,-1,0
27538,27538,1503699559706,5,1,-1,-2,-1,-3,-3,-2
27539,27539,1503699559713,-4,-3,-4,0,-1,-1,0,-2
27540,27540,1503699559729,-4,-4,-4,-4,-2,-1,-1,0
27541,27541,1503699559735,-7,-1,1,-2,0,0,0,-1
27542,27542,1503699559743,0,-1,-1,-1,-2,0,-1,0
27543,27543,1503699559758,-6,-4,-3,-4,-3,-2,0,-1
27544,27544,1503699559759,-2,1,2,5,2,0,-1,0
27545,27545,1503699559766,-1,0,0,-2,0,0,-1,-2
27546,27546,1503699559773,-1,-1,-2,-3,-2,-2,-1,-1
27547,27547,1503699559789,-3,-3,-3,-1,-1,-3,0,-4
27548,27548,1503699559797,-1,-1,-1,0,-1,-2,-1,-1
27549,27549,1503699559803,1,-3,-3,0,-1,1,0,-2
27550,27550,1503699559818,-3,-10,-11,-6,-4,-2,0,0
27551,27551,1503699559826,8,-2,-4,-1,-3,-1,-1,-1
27552,27552,1503699559833,4,-2,4,1,1,0,-2,1
27553,27553,1503699559848,-2,-6,-6,-6,0,-2,0,-3
27554,27554,1503699559849,-3,-1,-2,-1,-2,-2,-2,1
27555,27555,1503699559856,-8,0,-1,0,-2,0,-1,-1
27556,27556,1503699559864,-3,1,4,0,-1,-1,-2,-1
27557,27557,1503699559878,0,0,0,-2,0,-2,-1,-1
27558,27558,1503699559888,2,4,6,4,-1,0,1,0
27559,27559,1503699559894,-2,1,-3,-1,0,0,0,0
27560,27560,1503699559908,7,1,-5,-3,-2,-2,0,1
27561,27561,1503699559915,2,1,1,-1,0,0,1,-3
27562,27562,1503699559924,0,2,9,1,1,0,-1,0
27563,27563,1503699559938,-2,-2,2,-1,-2,-2,-2,-1
27564,27564,1503699559946,1,-2,-6,-2,0,-1,-1,-2
27565,27565,1503699559955,-1,1,-2,1,0,-2,-2,-2
27566,27566,1503699559968,-4,-3,-3,-2,-2,0,-2,-2
27567,27567,1503699559975,-5,5,-2,-1,-1,-1,-2,-2
27568,27568,1503699559983,6,2,2,2,1,0,-2,-1
27569,27569,1503699559998,-4,-3,-2,0,-1,-1,-1,-2
27570,27570,1503699560006,-7,-1,-4,-4,-1,0,2,-1
27571,27571,1503699560013,-3,-2,-1,1,0,0,0,0
27572,27572,1503699560028,7,3,1,-2,-1,-1,0,-2
27573,27573,1503699560029,0,-2,-1,0,-1,0,-1,-1
27574,27574,1503699560035,11,2,-4,-1,-1,-1,1,1
27575,27575,1503699560043,-7,-3,0,2,-1,0,-1,0
27576,27576,1503699560058,-1,-6,-5,-5,-3,-2,-1,-1
27577,27577,1503699560066,3,0,0,-4,0,-3,-1,2
27578,27578,1503699560073,2,7,1,-3,-1,0,1,0
27579,27579,1503699560090,-4,-4,-8,-6,-3,-2,-1,-3
27580,27580,1503699560095,-2,-4,1,1,0,-1,0,-1
27581,27581,1503699560103,-7,11,12,2,0,-1,0,1
27582,27582,1503699560118,-1,3,2,2,1,0,-1,0
27583,27583,1503699560127,1,-4,-3,0,1,-2,-2,0
27584,27584,1503699560129,-4,-9,-6,-2,-2,-1,-1,0
27585,27585,1503699560133,-2,4,4,2,2,0,-2,-1
27586,27586,1503699560148,-10,-4,-3,1,0,0,-1,-2
27587,27587,1503699560156,-1,-2,1,-2,-1,1,-1,0
27588,27588,1503699560165,-3,-2,-2,-1,0,-1,-1,-1
27589,27589,1503699560178,2,-2,-2,3,2,-1,-3,-2
27590,27590,1503699560186,16,-1,-2,-1,-1,-1,0,1
27591,27591,1503699560194,-4,-2,-3,-2,-1,-1,-2,-2
27592,27592,1503699560208,-6,-2,-2,0,-1,-1,0,1
27593,27593,1503699560216,-1,-9,-6,-5,-4,-1,1,1
27594,27594,1503699560225,-7,-1,1,1,-1,-2,-2,-2
27595,27595,1503699560238,-8,-7,-1,-1,-1,-1,0,1
27596,27596,1503699560246,0,1,4,4,1,1,0,0
27597,27597,1503699560253,-8,-3,-5,0,-3,-1,0,0
27598,27598,1503699560269,2,1,3,1,1,-1,-1,-2
27599,27599,1503699560275,2,6,2,-1,0,0,-1,-2
27600,27600,1503699560283,8,-2,-6,-4,-2,-3,1,-2
27601,27601,1503699560299,25,11,1,-1,-1,-1,-2,0
27602,27602,1503699560306,-6,2,3,0,-1,0,1,1
27603,27603,1503699560314,1,-3,-1,-1,-1,-2,-2,-2
27604,27604,1503699560328,1,-7,-8,-4,-2,-2,0,-1
27605,27605,1503699560336,1,-5,-3,-3,-4,-2,-1,-1
27606,27606,1503699560344,-2,1,-2,-1,-2,1,-3,0
27607,27607,1503699560359,-8,-5,-5,-2,0,-1,1,-2
27608,27608,1503699560366,-6,2,5,3,2,0,-1,-2
27609,27609,1503699560373,-4,3,2,0,2,0,-1,0
27610,27610,1503699560388,-4,7,5,-1,-2,1,0,0
27611,27611,1503699560395,0,-3,-1,-2,-2,-1,1,-2
27612,27612,1503699560403,0,-2,-6,-3,-2,1,0,0
27613,27613,1503699560418,-8,-4,3,2,-3,-2,1,0
27614,27614,1503699560431,11,2,-3,-1,-2,-1,-2,0
27615,27615,1503699560434,-1,0,-3,-2,-3,-1,-1,1
27616,27616,1503699560448,-5,0,1,1,0,-1,-2,-2
27617,27617,1503699560455,-9,-4,-4,-2,-1,-3,0,-1
27618,27618,1503699560463,-10,-1,1,-1,-1,0,0,0
27619,27619,1503699560477,-4,0,-1,-1,-2,0,-1,-2
27620,27620,1503699560486,7,-2,-1,1,1,-1,0,0
27621,27621,1503699560501,-5,1,2,2,2,-2,-1,0
27622,27622,1503699560508,4,1,-2,-4,-3,-1,-2,1
27623,27623,1503699560515,1,-3,-1,-3,-2,0,0,-2
27624,27624,1503699560531,1,-7,-6,-1,0,-2,-2,0
27625,27625,1503699560537,8,3,-1,-4,-4,1,0,2
27626,27626,1503699560546,-2,1,4,3,2,0,-1,-2
27627,27627,1503699560560,7,1,-1,1,1,1,-5,-3
27628,27628,1503699560569,13,1,0,1,2,-2,-3,1
27629,27629,1503699560575,-2,-4,-5,-2,0,-1,-1,1
27630,27630,1503699560593,1,18,12,7,4,0,-1,-1
27631,27631,1503699560598,-7,1,4,1,-1,0,0,6
27632,27632,1503699560606,-4,-4,-9,-4,-4,-1,0,-3
27633,27633,1503699560620,-6,-5,-4,0,0,-1,0,-2
27634,27634,1503699560628,-4,5,7,4,4,0,-2,-3
27635,27635,1503699560635,-1,-4,-3,-1,-3,0,0,-3
27636,27636,1503699560651,-13,-9,-7,-5,-3,0,0,-3
27637,27637,1503699560662,9,4,2,0,1,0,-3,-3
27638,27638,1503699560666,3,-4,-6,-7,-5,-2,1,0
27639,27639,1503699560681,9,8,5,2,5,1,-2,-2
27640,27640,1503699560688,-12,-21,-18,-9,-8,-2,2,1
27641,27641,1503699560704,-6,0,1,0,0,0,-3,0
27642,27642,1503699560711,-10,-10,-9,-5,-4,-2,-1,-2
27643,27643,1503699560719,-3,4,2,1,1,-2,-3,-3
27644,27644,1503699560728,-6,-2,1,-2,-1,-2,0,-3
27645,27645,1503699560741,-1,0,-3,0,0,-2,1,4
27646,27646,1503699560748,0,6,10,6,5,1,-2,2
27647,27647,1503699560765,-8,-10,-9,-5,-3,-2,2,2
27648,27648,1503699560771,7,12,15,6,4,1,-2,-2
27649,27649,1503699560785,1,-2,-2,1,-2,0,1,-2
27650,27650,1503699560786,3,-7,-5,-2,-4,-2,0,0
27651,27651,1503699560803,-7,3,1,-5,-2,-3,-3,-10
27652,27652,1503699560809,-6,-6,-7,-4,-5,-1,-1,0
27653,27653,1503699560824,13,-6,-5,-2,-5,1,0,1
27654,27654,1503699560831,6,8,2,4,1,-1,-3,-3
27655,27655,1503699560839,-6,-5,-2,-1,-2,-1,-1,-1
27656,27656,1503699560846,-6,-7,-7,-2,1,-1,1,0
27657,27657,1503699560862,-1,0,-2,-4,-3,-1,-1,-1
27658,27658,1503699560870,1,-7,-4,-2,-3,-1,-1,2
27659,27659,1503699560876,12,10,9,9,5,-2,-4,4
27660,27660,1503699560891,4,-1,-2,-2,-1,-1,-2,-2
27661,27661,1503699560899,-5,-7,-7,-3,-3,0,2,0
27662,27662,1503699560906,-5,3,3,2,0,-1,-3,-1
27663,27663,1503699560922,22,-1,-4,-4,-4,-2,-3,-3
27664,27664,1503699560929,-1,11,15,10,8,1,-2,-3
27665,27665,1503699560939,-17,-4,3,-1,-1,1,1,0
27666,27666,1503699560951,0,2,1,-5,-3,-1,1,2
27667,27667,1503699560959,6,2,2,2,1,-1,-2,-1
27668,27668,1503699560966,-6,-7,-8,-6,-4,0,0,1
27669,27669,1503699560981,-6,1,4,5,4,-1,-3,-3
27670,27670,1503699560988,5,10,0,-2,0,0,0,-4
27671,27671,1503699560999,-4,-6,-3,-2,-1,0,1,0
27672,27672,1503699561011,1,2,4,3,3,-1,-2,-2
27673,27673,1503699561020,-10,1,1,-1,-2,-2,1,0
27674,27674,1503699561026,2,-3,-5,-6,-4,0,0,0
27675,27675,1503699561041,1,0,1,-1,-1,0,0,0
27676,27676,1503699561048,-1,-5,-6,-3,-4,-1,-1,-8
27677,27677,1503699561064,1,1,0,0,0,-2,-2,-2
27678,27678,1503699561072,-3,-2,-1,0,0,0,-1,2
27679,27679,1503699561080,-3,0,-1,-1,-3,0,0,-3
27680,27680,1503699561086,1,-4,-1,-1,-1,-1,1,2
27681,27681,1503699561102,-3,-1,-2,-2,0,-1,-1,1
27682,27682,1503699561108,0,-5,-5,-1,-3,-1,-1,-1
27683,27683,1503699561124,11,7,5,2,1,0,-2,0
27684,27684,1503699561131,8,-3,-3,-2,1,0,-2,0
27685,27685,1503699561140,-2,3,0,-1,0,0,-1,-2
27686,27686,1503699561146,-4,-4,-6,-5,-2,-2,0,1
27687,27687,1503699561164,-7,0,3,3,1,0,-3,-4
27688,27688,1503699561169,-6,-4,-3,-4,-4,-1,0,2
27689,27689,1503699561184,-4,-3,-4,-3,0,-1,-1,0
27690,27690,1503699561191,-1,-1,0,-1,-1,-3,1,-1
27691,27691,1503699561201,-5,-4,-4,-1,-1,0,0,1
27692,27692,1503699561206,1,4,4,1,-1,-1,1,0
27693,27693,1503699561221,2,-2,-3,-4,-1,0,0,2
27694,27694,1503699561231,-2,0,1,2,0,1,-3,-3
27695,27695,1503699561244,-7,2,3,4,1,0,-2,0
27696,27696,1503699561250,9,4,-1,-4,-1,1,0,-1
27697,27697,1503699561251,-1,3,2,0,4,0,-3,-1
27698,27698,1503699561259,-5,-3,-9,-5,-4,-1,2,-1
27699,27699,1503699561266,2,2,2,1,-2,-2,-3,-2
27700,27700,1503699561282,2,-2,-3,-1,-3,-2,-3,-4
27701,27701,1503699561288,0,-1,-2,-1,-2,-2,-1,-1
27702,27702,1503699561304,-3,-3,-1,-2,-3,-2,-1,-2
27703,27703,1503699561311,2,0,2,2,0,0,-1,0
27704,27704,1503699561319,0,1,1,1,1,-1,-1,1
27705,27705,1503699561326,0,6,2,-1,1,1,0,1
27706,27706,1503699561341,5,1,-3,-6,-2,-1,0,1
27707,27707,1503699561348,-2,-1,-5,-3,-2,-1,1,-2
27708,27708,1503699561365,-6,-6,-5,-4,-1,-1,2,2
27709,27709,1503699561373,-2,-6,-3,-1,-2,-1,-1,-1
27710,27710,1503699561379,0,-2,1,-1,0,1,-1,-1
27711,27711,1503699561386,-2,-1,0,-1,1,0,-2,0
27712,27712,1503699561403,0,1,4,1,0,0,0,1
27713,27713,1503699561408,1,1,2,2,2,-1,-2,-1
27714,27714,1503699561424,-2,-2,-2,-2,-2,-1,-3,-2
27715,27715,1503699561432,1,0,1,0,-1,-1,1,1
27716,27716,1503699561439,1,1,-2,1,1,-2,-2,-3
27717,27717,1503699561453,2,2,3,3,0,1,-2,-1
27718,27718,1503699561461,7,11,14,2,0,0,0,0
27719,27719,1503699561469,1,-3,-2,-3,-2,-1,-3,-2
27720,27720,1503699561484,-4,-7,-7,0,2,1,0,-2
27721,27721,1503699561491,-6,-2,4,3,2,-1,-1,-1
27722,27722,1503699561503,-7,-3,-3,0,1,-1,0,-1
27723,27723,1503699561513,3,-3,-7,-1,-1,-2,-1,0
27724,27724,1503699561521,-4,-2,2,2,-1,-1,-1,2
27725,27725,1503699561528,-5,-4,-4,-5,-5,-2,-1,-3
27726,27726,1503699561544,2,19,10,2,0,2,1,-2
27727,27727,1503699561551,-2,0,-1,-5,-2,-1,0,1
27728,27728,1503699561559,-9,-14,-8,-5,-1,1,0,-2
27729,27729,1503699561574,-6,-1,-1,-1,-1,1,1,-2
27730,27730,1503699561581,7,-2,-4,-2,-1,-1,-1,-1
27731,27731,1503699561588,5,-3,-5,-2,-2,-2,-2,-2
27732,27732,1503699561604,-1,-1,-2,-3,-2,-2,-2,-2
27733,27733,1503699561611,-14,-6,-2,0,-1,-1,1,0
27734,27734,1503699561619,12,-1,-7,-3,-2,-2,-3,-2
27735,27735,1503699561634,-5,0,0,0,0,-1,0,0
27736,27736,1503699561642,-6,-5,-5,-2,-2,-1,-1,1
27737,27737,1503699561648,3,6,4,2,4,1,-2,0
27738,27738,1503699561664,-5,-4,-1,-1,-2,-2,-1,0
27739,27739,1503699561671,-1,-3,-2,-2,-1,-2,2,-3
27740,27740,1503699561679,-2,-2,1,1,0,0,-1,-3
27741,27741,1503699561693,3,1,-3,-1,0,-1,-3,0
27742,27742,1503699561707,1,1,-2,2,-1,-2,1,0
27743,27743,1503699561709,3,1,-3,-1,-2,-1,-1,-1
27744,27744,1503699561731,8,-1,-1,2,1,0,0,-1
27745,27745,1503699561734,11,0,-5,0,-2,-1,-2,-2
27746,27746,1503699561739,-16,-15,0,-1,0,0,-4,-16
27747,27747,1503699561753,6,1,6,-1,-1,0,2,11
27748,27748,1503699561761,-4,-11,-12,-2,-1,-1,-1,3
27749,27749,1503699561771,-7,-10,-7,-3,-3,-1,-1,-5
27750,27750,1503699561784,-3,-5,-13,-5,-2,0,0,2
27751,27751,1503699561791,-1,3,13,7,5,0,2,3
27752,27752,1503699561800,4,8,5,3,-1,1,-2,-3
27753,27753,1503699561814,2,3,-3,-3,-3,-2,-1,-3
27754,27754,1503699561821,-2,2,3,0,-1,-1,-1,2
27755,27755,1503699561828,6,-2,-3,-2,-2,-3,-1,-7
27756,27756,1503699561844,-2,4,4,1,1,-1,1,4
27757,27757,1503699561851,-10,-4,0,1,0,0,-1,-1
27758,27758,1503699561859,-6,3,2,-1,-1,-2,-1,-1
27759,27759,1503699561874,-1,-1,-4,-1,-2,0,-1,-1
27760,27760,1503699561881,19,-2,-6,-5,-5,-3,-2,-3
27761,27761,1503699561888,-6,0,0,2,3,0,-1,0
27762,27762,1503699561905,-9,-7,-1,-3,-1,1,2,1
27763,27763,1503699561906,2,5,-1,-1,1,2,1,0
27764,27764,1503699561911,-3,-1,-2,-3,-3,-1,-1,0
27765,27765,1503699561919,1,1,2,2,2,0,0,1
27766,27766,1503699561937,-5,-2,1,0,1,-1,1,7
27767,27767,1503699561941,4,-4,-7,-6,-5,-4,-3,-17
27768,27768,1503699561942,-10,0,8,3,0,-3,1,1
27769,27769,1503699561948,7,8,7,0,-1,0,2,10
27770,27770,1503699561964,-2,29,26,8,5,2,0,-3
27771,27771,1503699561973,12,-8,-15,-8,-3,1,0,2
27772,27772,1503699561979,-6,-10,-7,-6,-4,-2,0,-3
27773,27773,1503699561994,24,-10,-27,-10,-3,-2,-2,1
27774,27774,1503699562004,-2,41,53,16,3,3,1,-7
27775,27775,1503699562005,2,-19,-20,-6,-3,-2,-1,1
27776,27776,1503699562009,-13,-14,-3,-2,0,-3,-1,-8
27777,27777,1503699562024,-3,-2,-6,-3,-2,-2,-1,0
27778,27778,1503699562038,-9,6,8,3,0,-1,-1,-4
27779,27779,1503699562041,-13,-5,1,1,0,0,0,1
27780,27780,1503699562053,7,-1,-6,-5,0,-1,0,2
27781,27781,1503699562054,2,9,9,3,0,0,-3,-4
28477,28477,1503699568810,-4,1,1,0,1,-2,-3,-2
28478,28478,1503699568818,1,6,1,-1,-1,-3,0,-4
28479,28479,1503699568826,-5,-7,-1,1,1,1,4,-1
28480,28480,1503699568841,1,1,-1,0,1,-1,0,1
28481,28481,1503699568850,-2,-7,-5,-4,-3,1,-2,-1
28482,28482,1503699568855,-1,5,4,3,2,-3,-3,-4
28483,28483,1503699568856,3,7,3,-2,0,-1,1,1
28484,28484,1503699568870,-7,-7,-3,0,0,3,1,-2
28485,28485,1503699568878,2,1,-2,0,-3,1,-1,-2
28486,28486,1503699568886,-3,3,11,2,2,0,-2,-2
28487,28487,1503699568900,0,0,3,1,0,-1,1,2
28488,28488,1503699568901,-4,-6,-4,-2,-1,-7,-1,-3
28489,28489,1503699568909,12,8,-11,-5,-3,0,-2,2
28490,28490,1503699568923,-2,-6,2,0,0,0,-2,-1
28491,28491,1503699568930,-2,-6,-5,-3,-2,-4,-2,-1
28492,28492,1503699568938,-2,-4,-6,-3,-2,1,2,-2
28493,28493,1503699568953,-1,3,3,2,0,1,-2,-1
28494,28494,1503699568961,-4,2,1,1,-1,3,6,0
28495,28495,1503699568968,3,2,-3,-2,-1,-3,-2,0
28496,28496,1503699568984,-1,-3,-3,-1,-2,-1,-3,-2
28497,28497,1503699568985,-7,0,4,2,0,0,-3,-1
28498,28498,1503699568990,-14,-7,0,0,1,2,0,0
28499,28499,1503699568991,2,-8,-6,-2,-3,1,1,-3
28500,28500,1503699568998,-2,-4,-2,0,0,-1,-4,-5
28501,28501,1503699569013,-19,-13,-4,-2,1,0,-2,-3
28502,28502,1503699569024,6,2,-1,-1,0,0,-1,-5
28503,28503,1503699569029,-2,1,0,0,0,0,0,2
28504,28504,1503699569042,6,-2,-4,-2,-1,-3,-4,1
28505,28505,1503699569052,-2,-1,-1,-2,-2,-2,0,-3
28506,28506,1503699569059,2,0,0,1,-2,-1,-3,1
28507,28507,1503699569073,-1,1,1,0,-1,0,-1,1
28508,28508,1503699569080,1,-1,-3,-2,-3,-1,-1,-2
28509,28509,1503699569089,-3,4,2,0,0,1,0,-1
28510,28510,1503699569102,-2,-7,-8,-3,-1,1,0,0
28511,28511,1503699569103,-12,-1,7,4,4,0,-1,-3
28512,28512,1503699569110,-2,-2,2,1,-1,-2,-2,-2
28513,28513,1503699569120,1,-4,-7,-1,1,0,0,0
28514,28514,1503699569133,-2,-4,-4,-10,-4,0,-1,-1
28515,28515,1503699569140,-3,-4,-3,-7,-9,-2,-3,-1
28516,28516,1503699569148,0,2,0,-1,0,-1,-2,0
28517,28517,1503699569162,-5,0,0,-1,2,-1,-1,-1
28518,28518,1503699569170,1,-2,-3,-1,-3,-1,1,2
28519,28519,1503699569178,-6,-2,-1,0,4,1,-1,-1
28520,28520,1503699569194,2,1,1,1,0,0,0,-1
28521,28521,1503699569200,-1,-2,0,0,-2,0,-1,-3
28522,28522,1503699569208,-3,-1,-1,1,-1,0,-1,-1
28523,28523,1503699569222,2,3,0,-2,0,-1,1,1
28524,28524,1503699569230,10,4,2,2,0,1,-1,0
28525,28525,1503699569238,1,-1,-3,-2,-1,-2,0,-4
28526,28526,1503699569254,-7,-4,-1,-1,-1,1,1,1
28527,28527,1503699569261,7,10,6,2,0,1,1,2
28528,28528,1503699569268,-8,1,-1,-1,1,-2,0,-1
28529,28529,1503699569282,1,0,-2,-1,-1,-2,-2,2
28530,28530,1503699569291,-10,-4,0,2,0,1,-1,-1
28531,28531,1503699569298,-14,-7,-1,-1,-1,-1,0,0
28532,28532,1503699569313,-3,-2,0,0,-2,-1,-3,-2
28533,28533,1503699569321,13,1,-1,-1,-1,0,1,2
28534,28534,1503699569328,-4,-1,-3,-3,-1,-3,-1,-4
28535,28535,1503699569342,0,-2,-4,-1,-1,-1,-3,-1
28536,28536,1503699569351,17,2,0,0,1,-1,0,1
28537,28537,1503699569360,-2,-4,-3,0,1,-2,1,0
28538,28538,1503699569373,-10,-5,-2,-2,-2,0,0,-5
28539,28539,1503699569380,-2,-3,-2,-3,-2,-1,-2,-1
28540,28540,1503699569388,11,3,-1,0,-2,-1,-1,3
28541,28541,1503699569402,1,1,-3,-1,-2,-2,0,-2
28542,28542,1503699569411,3,0,-2,0,-1,-2,-1,-3
28543,28543,1503699569418,-8,-3,-2,0,-2,1,-2,-4
28544,28544,1503699569433,-2,0,2,2,0,-1,-3,3
28545,28545,1503699569440,3,1,1,1,1,1,1,3
28546,28546,1503699569458,-1,-3,-2,-2,-2,-1,-2,-2
28547,28547,1503699569463,3,1,0,-1,-2,0,-1,3
28548,28548,1503699569470,-6,-3,-3,-3,1,0,0,2
28549,28549,1503699569478,0,-2,0,-3,-2,-3,-1,-1
28550,28550,1503699569496,1,2,2,5,3,-1,1,-2
28551,28551,1503699569500,3,-1,-3,-1,-1,0,-2,-2
28552,28552,1503699569508,-3,-4,-1,-2,-2,-1,-2,-3
28553,28553,1503699569523,13,7,-3,-3,-3,-1,0,1
28554,28554,1503699569524,-14,-2,0,2,-2,-1,0,0
28555,28555,1503699569531,-3,-2,-1,-1,-1,0,-1,2
28556,28556,1503699569538,-2,-2,0,-2,-1,-2,-1,-3
28557,28557,1503699569555,-5,-1,0,0,-1,0,-1,-2
28558,28558,1503699569563,4,2,2,2,2,-1,-1,-3
28559,28559,1503699569568,4,1,0,-1,-3,2,2,-4
28560,28560,1503699569582,-1,1,3,1,1,2,0,1
28561,28561,1503699569591,-3,-2,-3,-1,0,-2,-2,1
28562,28562,1503699569599,9,-1,-1,0,1,-2,0,0
28563,28563,1503699569613,4,6,-2,-2,-4,-1,-1,1
28564,28564,1503699569623,-2,-1,-1,-1,0,-1,0,0
28565,28565,1503699569631,-3,-11,-10,-4,-2,-2,-1,-1
28566,28566,1503699569642,0,-3,-6,-3,-2,-1,-1,-1
28567,28567,1503699569650,-2,3,1,1,0,0,0,0
28568,28568,1503699569658,2,8,7,-1,-2,-2,2,2
28569,28569,1503699569673,-1,-8,-9,-4,-2,-3,-1,-1
28570,28570,1503699569680,-5,-3,-2,0,0,0,-2,-3
28571,28571,1503699569690,9,-2,1,-3,-1,-2,-3,0
28572,28572,1503699569703,19,4,1,-1,-3,-3,-3,-1
28573,28573,1503699569711,-3,10,15,4,0,-1,0,-3
28574,28574,1503699569718,-12,-5,-10,-2,-2,-2,-3,-3
28575,28575,1503699569733,2,8,6,2,1,-1,-2,2
28576,28576,1503699569740,5,-2,-1,-2,1,-1,-1,2
28577,28577,1503699569748,-6,-3,-2,-1,-1,1,0,-2
28578,28578,1503699569762,-7,-3,-1,2,1,7,3,0
28579,28579,1503699569770,15,5,3,6,4,1,-2,-2
28580,28580,1503699569778,-3,-2,0,2,31,6,-1,-3
28581,28581,1503699569794,-3,-5,-2,-1,1,2,1,-2
28582,28582,1503699569800,3,-3,-5,-1,-2,0,2,-2
28583,28583,1503699569801,-1,1,-1,-4,-9,-4,-5,-3
28584,28584,1503699569808,-9,-4,-3,-4,-1,-3,-2,-2
28585,28585,1503699569824,9,3,4,1,-5,-3,-2,2
28586,28586,1503699569830,8,-8,-9,-3,-6,-2,0,0
28587,28587,1503699569845,-14,-7,-4,-2,-5,0,1,-1
28588,28588,1503699569853,-4,1,-5,-3,-1,0,2,-2
28589,28589,1503699569862,7,1,-1,0,-4,-2,-1,-2
28590,28590,1503699569875,-10,-7,-4,-4,0,-5,-3,-2
28591,28591,1503699569882,-3,1,0,-3,-8,-2,1,-1
28592,28592,1503699569892,-2,-1,0,-1,-1,-1,0,0
28593,28593,1503699569905,12,2,0,0,-2,-2,-1,1
28594,28594,1503699569913,-2,-2,0,0,-1,1,-1,-1
28595,28595,1503699569920,0,2,0,0,-1,-1,1,-2
28596,28596,1503699569921,-3,-2,-3,-4,-5,-1,0,-4
28597,28597,1503699569935,-1,5,8,5,2,0,-1,1
28598,28598,1503699569942,17,10,1,-1,-2,0,-1,3
28599,28599,1503699569950,3,4,-3,-1,0,0,0,-3
28600,28600,1503699569965,-15,-11,-4,-2,-2,-2,1,-1
28601,28601,1503699569973,-2,5,5,-2,-3,-1,0,0
28602,28602,1503699569981,-2,-1,-1,-1,-2,3,3,0
28603,28603,1503699569996,-5,-7,-7,-4,-3,1,-1,-1
28604,28604,1503699570002,-10,-4,1,3,2,-1,0,-3
28605,28605,1503699570010,8,1,3,3,2,-1,-1,-2
28606,28606,1503699570031,-2,0,1,-1,-1,-3,-1,-1
28607,28607,1503699570034,-8,-4,-2,0,0,1,-1,0
28608,28608,1503699570040,-5,-2,0,1,-1,0,-3,-5
28609,28609,1503699570055,-6,-4,-2,-2,-2,-3,-1,2
28610,28610,1503699570063,-9,-3,-4,-3,-2,-1,0,-1
28611,28611,1503699570070,4,4,-4,-3,-2,-2,-1,-2
28612,28612,1503699570085,-1,-5,-6,-1,-2,-3,-2,-2
28613,28613,1503699570093,6,6,3,0,0,0,-2,2
28614,28614,1503699570101,-4,-1,0,-2,-1,-3,-1,2
29191,29191,1503699575778,2,-3,-1,-3,-2,1,1,4
29192,29192,1503699575785,-7,7,15,6,0,-2,-1,2
29193,29193,1503699575801,-3,-1,3,1,0,2,1,3
29194,29194,1503699575808,-1,-7,-9,-4,-1,0,-1,0
29195,29195,1503699575815,1,7,2,1,-2,1,0,0
29196,29196,1503699575829,-4,0,-5,-1,-1,-2,-1,-2
29197,29197,1503699575838,20,6,2,1,0,0,-4,2
29198,29198,1503699575852,-1,-6,-4,-3,-1,0,0,-2
29199,29199,1503699575860,-5,7,2,0,-2,-3,0,-6
29200,29200,1503699575867,-12,4,0,0,-1,-1,-3,-17
29201,29201,1503699575875,0,-7,-4,-4,-2,1,2,3
29202,29202,1503699575889,-13,-7,-1,1,2,7,3,1
29203,29203,1503699575900,0,-4,1,0,2,3,2,6
29204,29204,1503699575905,-1,-6,-3,-2,-4,-14,-6,6
29205,29205,1503699575920,-7,-2,-2,-2,-1,1,-3,-1
29206,29206,1503699575927,6,0,0,0,0,-5,-5,5
29207,29207,1503699575935,-7,0,3,0,2,-1,-2,-3
29208,29208,1503699575949,-4,0,-1,0,-2,-3,0,-6
29209,29209,1503699575950,1,-3,-4,-3,-2,4,3,-1
29210,29210,1503699575957,-4,-1,1,-1,0,-2,-3,-3
29211,29211,1503699575958,0,-4,-3,-2,-2,-1,1,-1
29212,29212,1503699575967,4,-2,0,0,1,1,-1,1
29213,29213,1503699575980,12,4,-1,-1,0,-4,-3,-6
29214,29214,1503699575987,2,0,-2,-2,-2,0,2,-2
29215,29215,1503699575995,5,2,-2,-1,-1,-2,0,-2
29216,29216,1503699576010,-29,-8,-3,-2,-2,1,-2,-11
29217,29217,1503699576019,-10,-6,0,-2,-1,-3,0,2
29218,29218,1503699576025,5,0,4,1,-1,-1,-1,0
29219,29219,1503699576041,-12,-2,13,3,0,3,2,-4
29220,29220,1503699576047,22,6,-8,-4,-1,-1,-2,-3
29221,29221,1503699576055,-5,2,0,-1,0,-1,0,-6
29222,29222,1503699576070,-7,-10,2,2,2,1,1,-3
29223,29223,1503699576078,-9,-3,-1,0,-1,-1,0,3
29224,29224,1503699576085,5,6,-1,-4,-2,-1,-3,-6
29225,29225,1503699576102,3,-2,-3,1,-3,0,1,3
29226,29226,1503699576107,10,6,0,-2,-2,-2,-5,-5
29227,29227,1503699576115,12,-7,-10,-3,1,-2,-4,-5
29228,29228,1503699576129,-8,-9,3,0,-2,-2,3,9
29229,29229,1503699576140,-16,2,8,5,1,1,6,2
29230,29230,1503699576145,-3,-16,-11,-3,-4,0,0,2
29231,29231,1503699576160,21,7,3,-2,-1,0,2,3
29232,29232,1503699576169,-7,8,2,1,1,-1,-1,13
29233,29233,1503699576175,28,13,-1,-3,-4,-2,-1,13
29234,29234,1503699576189,-12,-5,-9,-4,-1,-1,1,9
29235,29235,1503699576198,-13,6,7,1,1,-1,-2,-6
29236,29236,1503699576206,12,-1,-1,-1,0,0,0,-11
29237,29237,1503699576220,-12,-18,-6,-1,-1,-1,-4,-14
29238,29238,1503699576227,-11,-15,-9,-2,0,0,3,10
29239,29239,1503699576243,-12,-9,-13,-8,-5,-2,-3,6
29240,29240,1503699576249,-8,3,5,2,0,0,1,-2
29241,29241,1503699576258,-7,-2,-4,-1,-3,0,1,-12
29242,29242,1503699576272,14,11,0,-3,-3,-5,-14,-20
29243,29243,1503699576280,-16,8,5,4,2,5,1,2
29244,29244,1503699576287,-11,1,3,2,0,-1,5,2
29245,29245,1503699576296,12,3,-4,-3,-2,-4,0,4
29246,29246,1503699576310,-4,-5,0,1,-1,0,0,3
29247,29247,1503699576317,-4,-2,-2,-1,0,0,-3,-2
29248,29248,1503699576325,2,1,1,1,0,0,-3,-2
29249,29249,1503699576340,-3,0,8,3,1,1,-1,-2
29250,29250,1503699576347,1,1,3,-2,-2,-3,1,7
29251,29251,1503699576363,17,0,-7,-2,0,-3,-5,-3
29252,29252,1503699576370,3,3,2,2,1,-3,-5,3
29253,29253,1503699576378,1,0,0,-2,-3,-1,-2,2
29254,29254,1503699576392,4,3,-1,0,-1,-1,2,0
29255,29255,1503699576400,-11,-7,-2,-1,0,2,0,0
29256,29256,1503699576409,0,0,1,-2,-1,-1,-2,-3
29257,29257,1503699576423,0,-1,0,1,0,1,0,0
29258,29258,1503699576429,7,9,8,2,0,2,0,-6
29259,29259,1503699576438,-5,-1,-4,-2,-1,-1,-3,1
29260,29260,1503699576452,-11,-5,-4,-3,-1,-1,2,1
29261,29261,1503699576460,2,-3,-3,-1,-2,0,0,-3
29262,29262,1503699576467,-9,-7,-2,-1,2,2,3,3
29263,29263,1503699576483,9,3,0,0,1,-4,-5,-1
29264,29264,1503699576489,-5,-2,-1,1,2,-1,1,-1
29265,29265,1503699576498,-4,-6,-4,-3,-2,-4,-4,-7
29266,29266,1503699576513,-1,-1,-5,-2,-1,0,0,-8
29267,29267,1503699576520,3,-4,-1,-2,-2,0,2,1
29268,29268,1503699576527,6,-1,-3,-3,-2,-1,-5,-2
29269,29269,1503699576546,-5,-3,-1,0,-2,-2,1,3
29270,29270,1503699576549,1,0,-2,-2,-3,-1,-1,-6
29271,29271,1503699576559,-17,-4,0,1,3,2,6,8
29272,29272,1503699576573,-6,-1,-1,0,-1,2,2,1
29273,29273,1503699576580,-5,-1,-2,-3,-4,-2,-7,-5
29274,29274,1503699576587,18,11,1,-1,-5,-4,-5,-12
29275,29275,1503699576606,16,-1,-10,-5,-5,-3,1,1
29276,29276,1503699576609,-16,-4,-6,-4,-1,10,-3,8
29277,29277,1503699576618,4,4,-1,-1,0,0,-2,0
29278,29278,1503699576632,-15,-13,-2,2,5,-1,2,-1
29279,29279,1503699576641,-2,0,3,1,1,10,5,6
29280,29280,1503699576647,-3,1,2,1,-1,-2,-2,6
29281,29281,1503699576662,-1,-1,2,3,3,0,-3,-8
29282,29282,1503699576671,-8,-17,-8,-3,-5,-5,3,10
29283,29283,1503699576678,-10,-3,-2,-2,-4,-1,1,-7
29284,29284,1503699576697,-3,-12,-1,-2,1,0,0,6
29285,29285,1503699576700,2,-3,-1,1,7,-7,-6,-5
29286,29286,1503699576707,17,5,-2,-4,-11,3,0,-2
29287,29287,1503699576723,10,6,6,0,0,-6,3,-7
29288,29288,1503699576731,-9,1,4,4,3,-1,1,4
29289,29289,1503699576739,-3,-2,-10,-2,-3,-1,-1,-4
29290,29290,1503699576753,12,6,1,2,1,-3,4,11
29291,29291,1503699576760,-30,-10,-4,-3,1,0,0,-1
29292,29292,1503699576776,-7,-4,0,-1,1,4,-3,-15
29293,29293,1503699576783,-4,-4,-1,-1,-2,0,0,10
29294,29294,1503699576790,16,4,-4,-3,-1,-3,0,1
29295,29295,1503699576798,-13,-13,-6,-4,-5,2,1,1
29296,29296,1503699576814,0,8,-6,-4,-2,-1,-3,-14
29297,29297,1503699576820,14,10,5,1,2,6,1,1
29298,29298,1503699576836,-14,4,4,-1,1,7,1,0
29299,29299,1503699576843,-16,-8,1,4,0,-5,-3,-4
29300,29300,1503699576851,14,1,-1,0,-1,0,-1,16
29301,29301,1503699576858,0,-1,1,0,-3,-4,-2,11
29302,29302,1503699576874,-16,-5,0,2,1,-6,2,-6
29303,29303,1503699576881,11,4,0,-2,-1,-4,0,-6
29304,29304,1503699576896,7,-1,0,-1,0,-1,-7,-17
29305,29305,1503699576903,-8,3,3,-2,-3,5,0,-8
29306,29306,1503699576911,5,-5,0,0,1,-3,-4,-10
29307,29307,1503699576918,9,2,-1,1,-1,-6,-6,-11
29308,29308,1503699576933,19,12,-4,-2,-2,-5,-5,1
29309,29309,1503699576940,-3,4,-1,0,1,-6,-2,-2
29310,29310,1503699576956,-11,-1,5,1,1,1,2,-9
29311,29311,1503699576962,5,-5,-4,0,-4,-1,2,14
29312,29312,1503699576970,-6,-9,-8,-1,0,-2,-4,-14
29313,29313,1503699576971,5,-2,-2,0,1,0,1,3
29314,29314,1503699576978,0,2,2,-1,-3,0,-1,3
29315,29315,1503699576993,-16,-9,3,2,0,-1,-6,-25
29316,29316,1503699577000,8,0,-2,-2,0,0,1,-3
29317,29317,1503699577016,-5,-1,-2,-3,3,2,-5,-21
29318,29318,1503699577023,11,1,-2,-2,-1,-9,0,4
29319,29319,1503699577031,-9,-8,0,0,1,4,5,16
29320,29320,1503699577041,-13,-7,2,1,3,5,2,-2
29321,29321,1503699577053,-5,-9,-7,-3,-3,-8,-5,-5
29322,29322,1503699577060,-9,-3,0,2,-1,3,0,-2
29323,29323,1503699577076,2,-1,2,1,-3,1,4,19
29324,29324,1503699577084,-12,-4,-6,-2,0,0,-4,3
29325,29325,1503699577091,1,1,-3,-1,-3,1,6,14
29326,29326,1503699577098,7,5,0,-5,-3,2,-5,14
29327,29327,1503699577113,9,6,4,1,-2,0,-8,1
29328,29328,1503699577120,13,10,0,-2,-5,0,0,0
29329,29329,1503699577135,-17,-5,-2,-2,0,1,-2,9
29330,29330,1503699577136,17,0,-7,-3,-3,-8,-1,11
29331,29331,1503699577143,5,2,0,-1,2,0,-5,-23
29332,29332,1503699577151,-7,-2,-3,-3,-4,-4,0,22
29333,29333,1503699577158,6,-3,-1,0,-1,-3,-3,-22
29334,29334,1503699577175,4,5,4,4,3,-2,5,0
29335,29335,1503699577181,-9,-6,-1,-1,-1,-4,1,16
29336,29336,1503699577195,5,2,3,1,2,4,1,-6
29337,29337,1503699577202,-10,-2,0,0,0,-1,-3,-15
29338,29338,1503699577210,-9,0,0,-1,1,3,1,5
29339,29339,1503699577211,-11,-7,-3,-2,-2,-1,-3,8
29340,29340,1503699577218,7,0,4,1,2,-2,-4,4
29341,29341,1503699577233,-29,-9,0,-2,0,1,-2,-6
29342,29342,1503699577243,-9,-2,-1,1,2,-1,-1,11
29343,29343,1503699577255,3,-3,-2,1,0,-3,0,-2
29344,29344,1503699577262,-1,1,6,4,3,0,1,2
29345,29345,1503699577271,-2,-1,0,-3,-3,1,-2,-3
29346,29346,1503699577278,-2,-4,-6,-5,-4,9,9,-4
29347,29347,1503699577293,26,12,-1,-1,1,-2,-4,-2
29348,29348,1503699577300,4,0,-1,0,0,-2,0,2
29349,29349,1503699577316,1,2,-1,-4,-5,-2,-6,3
29350,29350,1503699577323,4,0,1,1,1,-3,-2,-1
29351,29351,1503699577331,-6,-4,-10,-2,0,-3,1,-3
29352,29352,1503699577345,0,1,1,-2,-2,1,-8,-13
29353,29353,1503699577353,-11,-6,-3,-3,-3,-4,-4,-3
29354,29354,1503699577360,-4,-4,-4,0,0,-1,0,-8
29355,29355,1503699577382,4,-3,-8,-4,-2,-3,-2,-11
29356,29356,1503699577383,-3,9,-4,-4,-3,-6,-1,2
29357,29357,1503699577398,17,9,1,-1,1,-2,0,-13
29358,29358,1503699577405,-9,-5,3,0,2,2,-7,-1
29359,29359,1503699577413,-5,-2,0,1,-1,1,0,0
29360,29360,1503699577420,15,4,-3,-5,-3,-1,8,19
29361,29361,1503699577436,6,2,5,2,2,1,1,9
29362,29362,1503699577444,2,6,11,3,-2,-1,2,-3
29363,29363,1503699577451,1,-4,-3,-3,0,-1,3,2
29364,29364,1503699577465,11,-7,-9,-5,-2,-2,-5,9
29365,29365,1503699577473,4,-3,0,1,2,2,4,6
29366,29366,1503699577481,-9,-5,-1,-1,-3,-4,1,-9
29367,29367,1503699577496,-1,4,-3,-5,-2,-1,-3,-11
29368,29368,1503699577502,4,0,0,0,-1,-3,0,-28
29369,29369,1503699577513,-14,-7,-2,-2,-1,1,1,3
29370,29370,1503699577525,3,2,0,0,-1,1,-3,9
29371,29371,1503699577533,-19,2,7,2,-1,-1,-3,-2
29372,29372,1503699577540,-6,-2,-2,2,2,1,4,0
29373,29373,1503699577556,-15,-4,1,0,-1,-2,-6,-24
29374,29374,1503699577562,-24,-13,-6,-5,-4,-2,-3,-20
29375,29375,1503699577570,-1,30,17,5,1,0,0,-4
29376,29376,1503699577585,-14,-10,-16,-7,-2,-1,0,8
29377,29377,1503699577593,-15,-19,-8,-3,-3,-3,-2,-4
29378,29378,1503699577600,12,6,1,-1,-3,-5,-2,25
29379,29379,1503699577616,-14,-2,-3,-1,0,4,4,-12
29380,29380,1503699577617,1,-1,-2,-1,-1,-3,-4,-16
29381,29381,1503699577623,-8,1,1,3,0,-2,-8,-23
29977,29977,1503699583461,13,8,3,-1,0,0,0,-4
29978,29978,1503699583462,12,5,-1,-1,0,-2,-2,-2
29979,29979,1503699583465,-12,-10,-5,-3,-1,0,-2,-4
29980,29980,1503699583480,-6,-5,-4,-2,-2,0,0,-4
29981,29981,1503699583488,2,5,0,-2,-2,-2,1,0
29982,29982,1503699583495,1,4,6,-1,-3,-1,-1,2
29983,29983,1503699583510,10,-3,-3,-2,-4,-2,-3,6
29984,29984,1503699583527,-3,4,3,0,1,1,0,-4
29985,29985,1503699583540,-2,1,2,4,2,-1,0,3
29986,29986,1503699583547,-5,-3,-1,2,2,1,1,-4
29987,29987,1503699583555,-5,-4,0,-2,-1,0,0,0
29988,29988,1503699583570,6,0,3,0,-1,-2,-1,-5
29989,29989,1503699583578,-5,0,-3,-1,3,-3,0,-3
29990,29990,1503699583586,-1,15,11,6,1,0,1,3
29991,29991,1503699583601,-6,-6,-2,0,1,-1,-2,-2
29992,29992,1503699583607,-5,-2,-2,-1,0,0,1,4
29993,29993,1503699583615,-1,0,-1,-1,-1,-1,-3,-11
29994,29994,1503699583616,8,4,3,0,0,0,-1,2
29995,29995,1503699583630,6,-6,-7,-4,-4,-3,-4,0
29996,29996,1503699583638,-16,-7,-3,-2,0,-1,-1,-4
29997,29997,1503699583645,1,0,1,-1,0,0,-1,-5
29998,29998,1503699583661,-5,-4,-2,0,-1,0,-1,-3
29999,29999,1503699583667,-11,-5,-3,-3,-1,0,1,-1
30000,30000,1503699583675,11,0,-1,-1,-2,1,0,18
30001,30001,1503699583690,-1,-3,-1,-3,-2,0,0,-6
30002,30002,1503699583698,-13,-5,7,2,1,0,0,-2
30003,30003,1503699583705,-4,0,-2,-1,-2,-2,-1,1
30004,30004,1503699583721,4,-3,-5,-1,-1,0,-2,2
30005,30005,1503699583727,-23,-8,-4,0,1,-1,-1,-8
30006,30006,1503699583728,13,4,0,-1,0,0,0,5
30007,30007,1503699583736,-4,-4,0,-2,-3,-3,-1,4
30008,30008,1503699583751,-5,-5,0,-2,0,-1,-1,6
30009,30009,1503699583759,-10,-4,-10,-3,-2,-2,-5,-14
30010,30010,1503699583765,-4,1,6,4,2,1,3,2
30011,30011,1503699583780,0,3,-2,-2,-1,-1,0,-5
30012,30012,1503699583789,-5,3,-2,-2,-2,-1,-4,-7
30013,30013,1503699583796,2,-1,-3,-1,-1,0,1,-4
30014,30014,1503699583810,-3,-11,-9,-3,-3,0,-2,3
30015,30015,1503699583818,14,12,1,0,-1,0,-2,3
30016,30016,1503699583832,9,2,-4,-2,0,0,0,-10
30017,30017,1503699583840,-3,-8,-2,0,2,0,4,5
30018,30018,1503699583848,4,9,0,-2,0,-5,-6,-7
30019,30019,1503699583863,-4,-7,1,1,0,0,-1,4
30020,30020,1503699583864,7,5,2,-1,0,-1,1,4
30021,30021,1503699583870,7,-6,-4,-1,-1,2,4,12
30022,30022,1503699583878,-8,4,4,0,-1,0,-1,-4
30023,30023,1503699583893,-11,-7,-4,-2,-1,-2,-1,-5
30024,30024,1503699583900,-2,15,6,-1,-2,0,-4,-9
30025,30025,1503699583907,-5,0,-2,2,-1,-1,-2,-16
30026,30026,1503699583923,-16,0,1,0,-1,-2,-3,-13
30027,30027,1503699583931,-8,-3,3,0,0,1,0,-1
30028,30028,1503699583938,3,-3,-2,-1,-1,-2,-2,-5
30029,30029,1503699583952,-2,4,4,1,-1,0,-1,-7
30030,30030,1503699583962,11,5,-2,-2,-1,0,1,12
30031,30031,1503699583967,1,-4,3,1,0,1,-11,-9
30032,30032,1503699583982,-8,-5,-1,0,-1,1,-2,4
30033,30033,1503699583990,-8,-3,-3,-3,1,-1,4,3
30034,30034,1503699583998,-7,-20,-8,-6,-4,-3,-2,-1
30035,30035,1503699584012,-6,-7,-5,-2,-1,-2,3,3
30036,30036,1503699584024,1,0,3,-1,-1,-4,1,-6
30037,30037,1503699584028,-3,-3,-2,0,-2,-3,-3,1
30038,30038,1503699584042,-9,-9,2,0,0,1,0,-4
30039,30039,1503699584050,-3,0,1,0,-1,-1,1,3
30040,30040,1503699584058,-10,-6,-3,-2,-1,1,-1,-3
30041,30041,1503699584072,3,1,1,0,-3,-1,-1,4
30042,30042,1503699584080,-2,-6,-5,2,0,-1,1,3
30043,30043,1503699584089,-3,-3,1,0,0,0,0,3
30044,30044,1503699584102,11,7,2,1,2,1,0,2
30045,30045,1503699584110,8,-1,-4,-3,-1,0,-1,0
30046,30046,1503699584119,19,5,-4,-2,-1,-2,-1,-1
30047,30047,1503699584132,-3,-3,0,-1,0,0,0,3
30048,30048,1503699584140,-10,-6,-3,-2,0,-1,-2,2
30049,30049,1503699584147,13,9,0,2,1,0,-1,1
30050,30050,1503699584162,-10,-11,-9,-1,-1,-1,-3,-3
30051,30051,1503699584170,-10,-7,-5,-2,-2,0,3,11
30052,30052,1503699584178,-6,-4,-5,-3,0,0,1,-2
30053,30053,1503699584195,2,5,0,-2,-1,-2,-1,1
30054,30054,1503699584201,2,8,5,1,-1,0,-1,-3
30055,30055,1503699584207,9,1,-2,-2,-1,-2,-2,0
30056,30056,1503699584225,2,2,0,1,-1,-1,0,4
30057,30057,1503699584230,-9,-8,-2,1,0,1,-3,2
30058,30058,1503699584238,-2,-1,0,-1,-3,-1,1,9
30059,30059,1503699584252,-7,-1,0,-2,0,-1,0,-6
30060,30060,1503699584261,6,5,2,0,-1,-2,0,-7
30061,30061,1503699584268,5,14,7,-3,-2,-1,-1,0
30062,30062,1503699584282,-3,11,13,3,2,0,-1,-10
30063,30063,1503699584292,-7,0,5,1,0,-1,0,-2
30064,30064,1503699584300,-3,-3,-6,-3,0,-2,-5,-20
30065,30065,1503699584312,-10,1,0,0,0,-1,0,-9
30066,30066,1503699584320,-3,-7,-7,-3,-4,0,-1,0
30067,30067,1503699584327,4,0,3,0,-1,0,-1,-4
30068,30068,1503699584342,4,2,2,0,0,-2,0,4
30069,30069,1503699584350,-5,-6,-1,-1,-1,-2,-3,1
30070,30070,1503699584359,4,4,-1,-2,0,-2,-2,2
30071,30071,1503699584372,1,-2,-6,-2,-2,-3,-3,-7
30072,30072,1503699584380,2,-5,-2,-1,0,0,0,3
30073,30073,1503699584387,3,-1,-3,-2,-1,0,1,1
30074,30074,1503699584402,-1,-2,0,-3,-2,-1,0,6
30075,30075,1503699584409,-1,-4,-3,0,-2,-2,-1,-2
30076,30076,1503699584419,-2,1,4,5,2,1,0,-1
30077,30077,1503699584432,1,-2,-1,-1,0,1,1,6
30078,30078,1503699584440,-1,-3,-6,-4,-2,-1,1,1
30631,30631,1503699589787,-2,1,-2,1,3,2,0,-3
30632,30632,1503699589797,2,-1,-3,-4,-2,-1,-3,-1
30633,30633,1503699589805,-1,-8,-8,-4,0,-1,1,-3
30634,30634,1503699589817,2,-4,-4,0,0,1,1,3
30635,30635,1503699589825,1,15,9,3,-2,-1,-2,0
30636,30636,1503699589832,-2,-2,-5,-1,-2,-1,-2,-4
30637,30637,1503699589847,0,-2,2,2,0,0,-1,-10
30638,30638,1503699589854,1,-4,-2,-3,-2,-2,-3,-4
30639,30639,1503699589866,-9,-2,0,-1,1,0,0,-6
30640,30640,1503699589877,-1,-9,-3,-3,-2,0,2,6
30641,30641,1503699589885,4,-2,-2,-3,-2,-2,-1,5
30642,30642,1503699589892,0,7,-1,0,-1,-1,2,2
30643,30643,1503699589914,1,0,-2,0,-3,-1,-2,2
30644,30644,1503699589915,1,-1,-3,-1,0,-1,2,4
30645,30645,1503699589922,2,12,7,0,-1,-2,-5,-1
30646,30646,1503699589937,0,1,4,-1,0,0,0,1
30647,30647,1503699589945,0,-9,-12,-4,-2,-4,-1,2
30648,30648,1503699589952,-1,8,9,5,4,2,1,1
30649,30649,1503699589967,0,-2,-2,-1,1,0,-1,-1
30650,30650,1503699589974,3,6,1,-1,0,-1,-2,-4
30651,30651,1503699589975,0,-4,-5,-2,-3,-1,2,-1
30652,30652,1503699589982,-3,-4,-3,1,-1,-2,-9,-9
30653,30653,1503699589999,0,0,-2,-3,-2,-2,-2,-4
30654,30654,1503699590005,-5,-7,-4,-4,0,1,-2,-3
30655,30655,1503699590006,-1,3,4,-1,-1,-1,4,0
30656,30656,1503699590012,0,-1,-2,0,-1,-2,-1,2
30657,30657,1503699590027,-11,-7,-2,-1,-3,0,1,-1
30658,30658,1503699590035,-2,-1,-2,0,0,0,0,-2
30659,30659,1503699590042,0,-3,-7,-4,-2,-1,-1,0
30660,30660,1503699590057,-1,-3,-2,1,2,1,-1,-1
30661,30661,1503699590065,6,3,5,0,0,-1,-1,4
30662,30662,1503699590073,-1,-1,2,0,-4,-4,-8,-1
30663,30663,1503699590087,5,2,1,3,2,2,4,11
30664,30664,1503699590095,-3,-2,1,-1,1,2,2,-2
30665,30665,1503699590104,-8,-2,0,0,0,-1,0,-7
30666,30666,1503699590117,0,0,-2,-1,-1,-2,-4,1
30667,30667,1503699590125,0,-1,-4,-5,-3,-2,-7,-5
30668,30668,1503699590132,-4,-2,7,1,0,-1,-3,3
30669,30669,1503699590147,3,35,33,9,6,1,-10,-5
30670,30670,1503699590154,0,-1,-6,-3,-1,-2,1,-14
30671,30671,1503699590162,-11,-13,-11,-6,-3,-1,-4,-22
30672,30672,1503699590177,1,5,3,1,-1,1,-1,2
30673,30673,1503699590185,3,-6,-5,0,-1,-2,2,9
30674,30674,1503699590192,-2,-19,-14,-3,-1,-1,1,-1
30675,30675,1503699590207,2,3,17,5,1,1,6,11
30676,30676,1503699590214,5,3,3,2,0,0,3,14
30677,30677,1503699590222,9,2,-5,-3,1,2,2,3
30678,30678,1503699590238,-2,-1,0,-2,-3,-1,-4,-9
30679,30679,1503699590245,-3,-10,-10,-2,-1,0,1,1
30680,30680,1503699590252,-1,2,-2,-4,0,1,1,5
30681,30681,1503699590269,-11,-5,2,-1,-8,-6,-10,-23
30682,30682,1503699590270,2,-1,-5,-3,-2,-1,0,3
30683,30683,1503699590275,-3,1,2,-1,1,0,0,3
30684,30684,1503699590282,-2,-7,-9,-6,-3,4,2,-1
30685,30685,1503699590300,1,-1,-3,-2,-4,-1,-2,-2
30686,30686,1503699590306,6,-1,-3,0,0,-2,5,10
30687,30687,1503699590312,10,-2,-1,0,2,1,5,9
30688,30688,1503699590327,2,-7,-5,-3,-2,-3,1,7
30689,30689,1503699590335,-5,-6,4,0,-1,-3,-2,-10
30690,30690,1503699590349,-1,9,7,0,1,0,-1,3
30691,30691,1503699590357,1,5,-2,0,1,-1,1,-3
30692,30692,1503699590367,-3,-7,-8,-4,-3,-3,-9,-20
30693,30693,1503699590379,5,3,-3,-3,-3,-2,-4,1
30694,30694,1503699590387,-4,1,-2,-1,-2,-10,-5,0
30695,30695,1503699590394,-5,-2,-1,0,0,1,0,4
30696,30696,1503699590409,-2,0,-3,-1,-3,-4,-4,0
30697,30697,1503699590418,-2,2,1,0,-2,-1,-7,-4
30698,30698,1503699590425,-4,-1,0,0,-2,0,0,-9
30699,30699,1503699590439,-4,-5,-6,-3,-3,0,1,-2
30700,30700,1503699590447,-10,-4,-3,-2,-1,-1,-5,-9
30701,30701,1503699590454,-10,-1,-1,1,1,0,-3,-25
30702,30702,1503699590470,-4,-3,-3,-2,-1,2,9,2
30703,30703,1503699590477,-12,-4,-1,-1,-1,-11,0,0
30704,30704,1503699590485,1,-1,0,1,-5,-3,-22,-12
30705,30705,1503699590501,-1,-2,-1,-1,2,9,8,10
30706,30706,1503699590507,10,4,-1,0,2,3,8,5
30707,30707,1503699590514,-2,1,-1,-3,-5,0,-1,3
30708,30708,1503699590529,2,-5,2,3,-1,-3,-2,-1
30709,30709,1503699590538,-24,-16,-4,0,0,1,7,6
30710,30710,1503699590545,-1,-2,-1,0,1,-1,-2,0
30711,30711,1503699590559,2,0,-5,-1,2,-1,-2,1
30712,30712,1503699590568,5,1,2,2,-3,-5,4,3
30713,30713,1503699590575,2,-2,-5,0,-2,-2,-6,-2
30714,30714,1503699590589,0,2,-2,0,3,3,5,5
30715,30715,1503699590597,9,5,2,0,0,-1,-3,-2
30716,30716,1503699590605,-1,-12,-6,-2,-1,1,0,0
30717,30717,1503699590619,3,2,4,3,1,0,-2,-5
30718,30718,1503699590627,-2,0,-2,-2,1,0,-1,-3
30719,30719,1503699590635,-6,-6,0,-2,-3,-4,-4,-5
30720,30720,1503699590649,-13,-5,-4,-2,0,-1,-2,5
30721,30721,1503699590657,10,7,2,-2,-2,-1,1,15
30722,30722,1503699590665,-1,2,2,2,-1,-2,-2,8
30723,30723,1503699590679,2,3,-1,1,-1,9,-1,-5
30724,30724,1503699590687,13,6,4,0,-2,-2,2,4
30725,30725,1503699590694,5,-2,-2,-5,-3,-4,-3,3
30726,30726,1503699590711,-3,1,1,-1,0,2,-1,-6
30727,30727,1503699590717,0,1,-1,0,1,-1,1,-6
30728,30728,1503699590725,0,-2,-1,-1,1,0,-1,-5
30729,30729,1503699590739,-3,2,0,0,0,-3,-6,-4
30730,30730,1503699590747,-6,-3,-1,-2,0,-2,-3,-7
30731,30731,1503699590761,-1,2,0,-1,0,-2,3,0
30732,30732,1503699590771,4,0,-2,-4,-2,0,1,8
30733,30733,1503699590777,-5,-12,-7,-4,-3,-3,-3,-10
30734,30734,1503699590785,-17,3,2,2,0,2,3,-1
30735,30735,1503699590799,0,3,2,1,1,0,-1,-4
30736,30736,1503699590807,1,-7,-7,-2,-1,0,1,6
30737,30737,1503699590814,-3,-7,-7,-3,-3,-2,-3,7
30738,30738,1503699590829,4,0,-3,-1,4,0,-1,1
30739,30739,1503699590840,-2,-8,-6,-3,-6,-2,-1,4
30740,30740,1503699590841,4,5,3,2,-1,0,6,6
30741,30741,1503699590845,4,-1,-2,0,-4,-1,1,-4
30742,30742,1503699590866,4,5,3,1,0,-7,-1,3
30743,30743,1503699590871,0,-1,-2,-2,-4,-6,-4,-4
30744,30744,1503699590874,4,2,3,0,1,0,-2,5
30745,30745,1503699590875,1,1,0,-2,-3,-5,-4,0
30746,30746,1503699590889,-6,-3,-1,-1,-2,-1,-6,-6
30747,30747,1503699590897,4,1,1,0,0,2,-7,-8
30748,30748,1503699590905,-17,-7,0,0,1,3,4,-8
30749,30749,1503699590919,8,4,0,-2,-1,0,2,2
30750,30750,1503699590927,-1,-2,-1,0,1,7,-1,0
30751,30751,1503699590934,-4,-5,-5,-1,-1,0,4,2
30752,30752,1503699590949,-18,0,0,2,0,-6,-9,-7
30753,30753,1503699590957,0,-3,1,0,1,3,3,0
30754,30754,1503699590974,15,6,-3,-3,-4,1,0,5
30755,30755,1503699590975,1,-1,0,-2,-2,-1,6,10
30756,30756,1503699590980,-6,-2,-4,-3,-3,-5,4,1
30757,30757,1503699590987,1,3,1,-1,4,0,-10,-2
30758,30758,1503699590994,9,0,-1,1,1,8,4,10
30759,30759,1503699591009,1,0,-1,-3,-2,-3,3,-6
30760,30760,1503699591017,-12,-7,-3,-2,-1,-2,-4,-1
30761,30761,1503699591025,9,0,-2,0,-1,1,-3,-2
30762,30762,1503699591039,6,9,15,2,0,-1,-4,-4
30763,30763,1503699591047,8,-2,-2,-1,-3,-3,0,7
30764,30764,1503699591054,-9,-5,-8,-4,0,5,-10,-11
30765,30765,1503699591074,4,2,2,0,-2,20,-2,-7
30766,30766,1503699591077,1,-4,-4,-3,-2,-2,-1,-6
30767,30767,1503699591085,7,-1,-3,0,-3,-8,-1,-3
30768,30768,1503699591099,-2,0,-2,-1,1,0,-7,-6
30769,30769,1503699591108,0,-3,-2,-1,0,0,8,20
30770,30770,1503699591115,-1,5,5,1,-1,-6,1,-7
30771,30771,1503699591129,-6,0,-3,-1,-2,-6,-3,-6
30772,30772,1503699591139,4,-4,-3,-1,-1,-1,3,3
30773,30773,1503699591145,0,-3,0,-1,-1,3,-1,-24
30774,30774,1503699591159,-8,-1,-1,-1,-1,0,-5,-10
30775,30775,1503699591167,5,2,1,-1,-3,-5,3,5
30776,30776,1503699591175,-4,-2,-1,0,0,-2,0,-1
30777,30777,1503699591190,-3,0,-3,-3,-1,-6,-4,-3
30778,30778,1503699591197,9,6,-2,-2,-1,0,3,6
30779,30779,1503699591212,-6,-3,-2,1,-1,0,1,-5
30780,30780,1503699591219,-2,-3,-1,0,-3,0,7,-3
30781,30781,1503699591227,5,1,0,-3,1,11,3,4
30782,30782,1503699591234,-7,-6,-4,0,0,1,-3,3
30783,30783,1503699591249,6,0,0,1,0,-7,-7,2
30784,30784,1503699591257,2,-2,-4,-2,-3,0,9,15
30785,30785,1503699591265,-5,-2,0,0,1,-4,-4,-16
30786,30786,1503699591279,3,-1,-1,0,-1,-5,-4,10
30787,30787,1503699591287,-8,-2,-2,-1,-2,-5,0,5
30788,30788,1503699591301,-1,1,-1,0,-1,1,0,-5
30789,30789,1503699591311,8,3,2,3,2,-2,0,-8
30790,30790,1503699591317,1,-3,-1,0,-2,0,-3,-3
30791,30791,1503699591332,-8,-2,-3,-2,-1,-2,-5,-9
30792,30792,1503699591343,2,2,7,1,0,-2,7,12
30793,30793,1503699591344,-7,-3,-3,-1,2,9,-4,-9
30794,30794,1503699591347,2,-2,-3,-2,-1,1,9,10
30795,30795,1503699591361,1,10,7,-2,0,-4,1,-4
30796,30796,1503699591369,1,-2,-1,-1,-5,-6,-3,9
30797,30797,1503699591378,-6,-6,-2,-4,3,25,8,6
30798,30798,1503699591392,5,6,3,2,4,8,5,1
30799,30799,1503699591399,0,1,-1,1,0,-1,0,-15
30800,30800,1503699591409,-4,-5,-1,-5,-1,-6,-6,6
30801,30801,1503699591421,0,-2,-4,-3,-2,-11,1,-1
30802,30802,1503699591429,4,2,2,2,10,-8,-2,-6
30803,30803,1503699591437,3,0,-2,1,-1,-15,1,4
30804,30804,1503699591452,-1,-1,0,-3,-12,-1,3,5
30805,30805,1503699591459,-3,-1,2,1,-1,1,-3,-6
30806,30806,1503699591467,-13,-8,-4,-1,0,2,-2,-6
30807,30807,1503699591481,10,0,0,-1,-5,-8,-1,15
30808,30808,1503699591489,-9,-3,0,0,0,1,-3,0
30809,30809,1503699591498,-13,-1,3,1,0,-3,-5,-8
30810,30810,1503699591513,-11,3,-2,-1,-2,-4,-1,0
30811,30811,1503699591520,5,1,0,-3,-3,-3,-5,-6
30812,30812,1503699591527,-9,-4,0,1,-2,-6,2,-7
30813,30813,1503699591543,2,-1,-1,-3,-2,-9,-2,6
30814,30814,1503699591550,0,0,-1,2,10,7,-3,-6
30815,30815,1503699591557,0,-3,-2,0,0,29,5,-6
30816,30816,1503699591572,24,11,3,1,-1,32,-4,7
30817,30817,1503699591579,-4,-1,0,1,8,11,-10,-12
30818,30818,1503699591587,2,-3,-3,0,-4,-6,0,-1
30819,30819,1503699591601,-5,-2,0,0,-1,-4,5,-11
30820,30820,1503699591610,-9,-9,-4,-1,-1,-6,5,11
30821,30821,1503699591617,5,-10,-9,-5,-4,-19,-8,4
30822,30822,1503699591633,8,-2,-2,0,-2,-3,3,15
30823,30823,1503699591638,14,8,-2,1,0,2,-1,5
30824,30824,1503699591647,2,-4,-5,-5,-3,0,-3,-10
30825,30825,1503699591661,-9,-4,0,-1,1,-4,-2,-9
30826,30826,1503699591669,-2,6,2,-1,-7,-10,-5,-7
30827,30827,1503699591678,-7,0,3,0,-4,-7,1,-3
30828,30828,1503699591692,-3,-1,1,-1,-3,-8,-1,6
30829,30829,1503699591699,3,3,0,0,-9,-3,-1,-4
30830,30830,1503699591709,3,0,2,1,1,-3,5,-2
30831,30831,1503699591721,-11,-9,-2,-1,0,-7,1,6
30832,30832,1503699591729,27,25,19,2,0,-1,-4,-10
30833,30833,1503699591737,3,3,1,0,1,0,-3,1
30834,30834,1503699591752,-13,-13,-9,-5,-5,-2,1,-2
30835,30835,1503699591758,3,2,1,1,4,4,-1,-6
30836,30836,1503699591767,-4,-3,-2,-3,0,6,6,7
30837,30837,1503699591781,-5,-2,-1,0,0,21,-2,-2
30838,30838,1503699591789,-5,-4,-2,0,1,-5,-5,-1
30839,30839,1503699591798,-7,1,2,2,1,-11,0,-2
30840,30840,1503699591812,-2,-5,-2,1,-1,0,-5,-2
30841,30841,1503699591819,3,3,-1,-1,-2,-10,2,5
30842,30842,1503699591827,-1,-4,-4,-2,-5,-3,1,-3
30843,30843,1503699591844,-8,-2,3,0,0,1,4,-1
30844,30844,1503699591850,-2,-3,-3,-2,1,-2,-3,-3
30845,30845,1503699591857,5,-2,-1,-1,0,-5,2,2
30846,30846,1503699591872,13,10,4,2,5,3,1,10
30847,30847,1503699591879,-6,-1,-1,-1,-2,3,2,-3
30848,30848,1503699591887,-7,-4,-3,0,-1,5,-6,-1
30849,30849,1503699591901,3,1,-2,-2,6,17,-4,6
30850,30850,1503699591911,-3,-4,-3,-1,-1,-1,-9,-5
30851,30851,1503699591917,-3,-3,1,0,-2,17,5,3
30852,30852,1503699591932,-4,0,-2,0,-3,-6,1,-2
30853,30853,1503699591939,-3,-1,-1,-3,-2,-12,-7,-2
30854,30854,1503699591948,-12,-3,-4,1,2,2,5,-5
30855,30855,1503699591961,-2,1,6,2,0,-4,-12,-10
30856,30856,1503699591969,4,-5,-5,-2,-4,-3,0,4
30857,30857,1503699591978,5,-3,-5,-5,-9,-15,1,1
30858,30858,1503699591992,-1,-1,0,2,2,8,-3,-4
30859,30859,1503699591999,-2,-2,-3,-1,-3,-12,5,-5
30860,30860,1503699592007,-6,1,-1,-4,-6,-2,6,-6
30861,30861,1503699592022,1,-5,-2,-3,2,-3,-2,8
30862,30862,1503699592029,-6,1,1,-2,-2,4,0,-1
30863,30863,1503699592037,0,-2,-3,0,-1,-3,-1,-4
30864,30864,1503699592053,-9,-9,-1,-3,-2,-5,-3,3
30865,30865,1503699592059,-1,0,0,2,2,-1,0,7
30866,30866,1503699592067,-1,-3,-6,-4,-4,-7,-2,-2
30867,30867,1503699592082,-1,-1,-2,-4,-5,-2,-3,-1
30868,30868,1503699592089,2,1,-1,-1,2,1,-1,0
30869,30869,1503699592097,9,0,-2,1,-1,-1,-5,1
30870,30870,1503699592113,-3,-1,0,4,6,-2,0,-9
30871,30871,1503699592119,-10,0,-2,-3,2,2,-6,-20
31387,31387,1503699597084,4,-1,-2,-5,-10,-1,2,6
31388,31388,1503699597092,-4,-5,-3,-2,1,1,-1,0
31389,31389,1503699597106,12,0,-4,-1,-4,-3,-3,-4
31390,31390,1503699597115,2,-5,-3,-2,4,1,1,6
31391,31391,1503699597122,21,1,-11,-8,-6,-5,-3,1
31392,31392,1503699597136,-1,-7,-3,-2,1,-1,-4,6
31393,31393,1503699597137,-1,14,13,3,0,-1,-3,-12
31394,31394,1503699597143,-16,-4,6,5,-2,-2,2,-2
31395,31395,1503699597152,-2,-5,-2,0,0,-1,1,4
31396,31396,1503699597166,2,-4,-4,-3,-2,-1,-2,-1
31397,31397,1503699597174,-1,-6,-2,2,3,0,2,0
31398,31398,1503699597182,-8,-6,-3,-4,-5,-1,2,3
31399,31399,1503699597196,-3,0,-3,-2,0,0,0,-1
31400,31400,1503699597203,8,-5,-7,-3,-3,-2,-2,-1
31401,31401,1503699597204,-9,1,3,-1,1,-1,-2,0
31402,31402,1503699597212,11,2,-1,-2,0,-3,-4,-3
31403,31403,1503699597226,-5,1,2,5,1,1,0,-1
31404,31404,1503699597234,5,0,0,-1,-1,-1,1,4
31405,31405,1503699597242,1,2,-3,-1,-4,-1,0,-1
31406,31406,1503699597258,-4,3,1,-2,-1,-2,-2,-4
31407,31407,1503699597263,11,9,7,-1,0,0,0,4
31408,31408,1503699597271,-18,-8,-5,-3,1,0,0,2
31409,31409,1503699597288,1,-8,-12,-8,-4,-2,-2,-1
31410,31410,1503699597294,-11,-11,-5,-5,-1,1,0,0
31411,31411,1503699597301,-8,-8,-3,-1,0,-1,-3,-9
31412,31412,1503699597317,3,1,2,2,0,-1,2,2
31413,31413,1503699597325,4,-3,-4,-2,-2,0,0,2
31414,31414,1503699597331,-3,-4,-2,-1,-1,-1,-1,1
31415,31415,1503699597346,2,3,-5,-3,-4,-5,0,-2
31416,31416,1503699597354,-3,-6,-1,-1,-1,0,1,0
31417,31417,1503699597362,1,-1,2,-1,-1,2,-1,0
31418,31418,1503699597377,-7,-4,-6,-4,-2,1,-1,-2
31419,31419,1503699597385,-4,1,3,3,2,0,-2,0
31420,31420,1503699597392,1,8,4,-2,-2,-3,-2,-8
31421,31421,1503699597406,4,-1,4,-1,-2,-1,2,-1
31422,31422,1503699597417,-3,-3,-1,0,-3,-2,-2,4
31423,31423,1503699597422,-7,-3,1,1,1,0,-4,-2
31424,31424,1503699597436,3,1,-4,1,1,2,-1,1
31425,31425,1503699597443,-5,-3,1,-1,0,-1,-1,-5
31426,31426,1503699597444,-1,-3,-2,-2,0,-1,1,5
31427,31427,1503699597452,1,-2,-2,-1,-2,0,-2,-1
31428,31428,1503699597466,-5,0,-2,-1,0,-1,-2,-8
31429,31429,1503699597474,4,2,0,-3,-2,-2,-4,-1
31430,31430,1503699597488,-1,-1,1,0,-1,0,4,4
31431,31431,1503699597497,-5,-5,1,2,3,0,-3,-12
31432,31432,1503699597503,-12,-7,-8,-5,-4,-5,0,-1
31433,31433,1503699597511,25,5,-2,-2,1,-2,1,3
31434,31434,1503699597526,5,1,4,1,-1,0,-1,-1
31435,31435,1503699597534,-6,-2,8,1,0,-2,-1,-4
31436,31436,1503699597541,3,1,-2,0,2,-1,-4,1
31437,31437,1503699597559,14,11,6,3,-2,0,3,15
31438,31438,1503699597563,3,5,4,2,0,0,-1,-7
31439,31439,1503699597571,-6,0,0,0,0,1,1,-5
31440,31440,1503699597587,0,-6,-2,-2,-2,1,0,3
31441,31441,1503699597594,-1,12,9,0,-1,-1,-1,-10
31442,31442,1503699597608,0,8,13,4,2,3,1,-3
31443,31443,1503699597627,-16,-16,-8,-3,-2,-1,-2,-5
31444,31444,1503699597632,-2,-6,-5,-2,2,0,-2,-4
31445,31445,1503699597646,-14,-7,-4,-3,-1,-2,-3,-6
31446,31446,1503699597655,-9,-7,-10,-3,-2,-2,-1,3
31447,31447,1503699597662,-2,-3,-2,0,-1,-1,-1,-4
31448,31448,1503699597677,-11,-12,-9,-6,-2,-3,0,3
31449,31449,1503699597685,-9,0,-7,-2,-1,-1,-4,-5
31450,31450,1503699597693,-6,-2,-4,0,0,1,-1,2
31451,31451,1503699597706,13,8,-4,-4,-3,0,-2,7
31452,31452,1503699597714,-24,-8,2,-1,0,0,1,-1
31453,31453,1503699597722,-2,0,-2,-3,2,0,0,1
31454,31454,1503699597736,-8,-3,3,2,1,-1,0,2
31455,31455,1503699597744,2,-7,-4,1,0,-1,3,6
31456,31456,1503699597754,-4,-5,-2,-5,-2,0,0,-1
31457,31457,1503699597769,0,3,3,1,-2,0,-1,3
31458,31458,1503699597774,-1,1,-1,0,0,1,-4,-6
31459,31459,1503699597782,7,3,2,0,1,-2,0,-2
31460,31460,1503699597797,-2,-2,0,1,4,2,8,2
31461,31461,1503699597804,-1,-2,3,-1,1,0,1,0
31462,31462,1503699597819,10,7,4,2,0,-2,-1,4
31463,31463,1503699597827,4,4,-1,-1,-1,0,-1,-1
31464,31464,1503699597834,-6,0,-4,-2,-1,-3,-12,-38
31465,31465,1503699597848,-1,-2,-3,-1,0,-1,2,-2
31466,31466,1503699597864,-6,-2,-1,-1,-2,-1,-2,-6
31467,31467,1503699597879,-4,-5,-1,0,-1,-1,4,7
31468,31468,1503699597886,11,8,-2,-6,-4,-6,-5,12
31469,31469,1503699597895,-3,-2,-1,-1,-4,-2,-1,5
31470,31470,1503699597909,-7,-3,3,3,1,1,-1,-4
31471,31471,1503699597916,1,-1,-3,-4,-2,-2,0,4
31472,31472,1503699597926,6,7,-4,-6,-5,-1,0,-6
31473,31473,1503699597939,-14,-9,-3,0,-2,1,0,0
31474,31474,1503699597946,0,-4,-3,0,-1,1,3,-5
31475,31475,1503699597955,12,10,7,3,2,3,0,7
31476,31476,1503699597968,0,-1,3,3,0,0,0,-2
31477,31477,1503699597976,30,9,-2,-1,1,-3,-1,7
31478,31478,1503699597986,-7,3,5,4,3,0,-1,-3
31479,31479,1503699597999,-1,-11,-6,-4,-1,0,2,6
31480,31480,1503699598006,-13,-3,4,1,1,-3,-7,-13
31481,31481,1503699598014,-9,-2,0,0,-2,-5,-2,2
31482,31482,1503699598029,4,-1,-6,-4,-4,-2,2,12
31483,31483,1503699598036,-15,-5,-3,-3,-1,0,0,-2
31484,31484,1503699598044,-13,-12,-8,-3,-1,0,2,-10
31485,31485,1503699598059,-3,-7,-5,-4,-5,0,3,0
31486,31486,1503699598066,-4,-5,1,-2,-4,-2,-1,4
31487,31487,1503699598074,-5,-3,-3,-1,1,0,3,5
31488,31488,1503699598090,0,1,-4,-3,-3,-2,-2,-6
31489,31489,1503699598097,-2,11,12,5,4,2,-2,-1
31490,31490,1503699598103,-3,-1,-1,1,2,3,-2,-2
31491,31491,1503699598120,9,6,5,0,0,-1,-5,-6
31492,31492,1503699598126,5,0,-1,-1,0,1,4,8
31493,31493,1503699598134,-9,-5,1,0,-1,-2,0,-4
31494,31494,1503699598150,2,4,4,1,0,1,2,11
31495,31495,1503699598160,-2,4,-6,-4,0,-1,0,-8
31496,31496,1503699598179,4,-4,-7,-2,-1,0,-1,-6
31497,31497,1503699598180,1,-5,-4,-1,-2,1,-1,-5
31498,31498,1503699598189,9,9,5,5,0,-1,-1,19
31499,31499,1503699598194,-2,0,-2,-2,-4,-2,0,-2
31500,31500,1503699598209,2,-3,1,-1,0,-1,-3,1
31501,31501,1503699598216,12,0,-3,-2,-1,-1,-4,1
31502,31502,1503699598232,8,7,4,0,-1,-2,1,2
31503,31503,1503699598239,-5,-1,-1,1,1,-2,-6,-6
31504,31504,1503699598247,0,-4,-2,-1,-3,2,-2,-11
31505,31505,1503699598255,11,0,-2,-1,-1,0,1,-6
31506,31506,1503699598270,2,-1,-3,-3,0,-1,2,1
31507,31507,1503699598276,0,4,4,2,-1,0,0,-12
31508,31508,1503699598292,-6,-4,-3,-2,-1,-2,-3,-2
31509,31509,1503699598299,-1,-1,-3,-2,-2,0,3,15
31510,31510,1503699598307,-16,-6,-3,0,0,-2,-5,-11
31511,31511,1503699598314,12,1,0,-3,-3,-5,-5,15
31512,31512,1503699598329,-9,3,2,-3,0,0,10,19
31513,31513,1503699598336,-7,-4,-3,0,0,4,0,-1
31514,31514,1503699598352,3,14,5,1,-2,1,6,3
31515,31515,1503699598361,6,3,1,1,0,-4,-6,9
31516,31516,1503699598367,-15,-13,-5,-4,-3,-1,-3,-18
31517,31517,1503699598374,4,-2,-3,-3,-1,0,0,-5
31518,31518,1503699598390,2,-1,2,1,0,-3,-3,0
31519,31519,1503699598397,-23,-6,-4,-3,-3,0,-1,-12
31520,31520,1503699598412,-14,4,2,2,2,2,0,-7
31521,31521,1503699598419,-6,2,-1,-2,0,4,1,6
31522,31522,1503699598428,9,-9,-7,-4,-3,-3,0,6
31523,31523,1503699598434,-9,-1,6,3,-1,-2,-1,-20
31524,31524,1503699598450,-10,-12,-5,-1,-3,-2,-10,-6
31525,31525,1503699598457,2,-6,-7,-2,-2,-5,-3,7
31526,31526,1503699598472,7,3,0,0,-1,0,-1,8
31527,31527,1503699598479,-15,-5,2,4,6,2,0,-8
31528,31528,1503699598487,15,7,-2,-1,-1,-1,0,4
31529,31529,1503699598494,7,0,-2,-3,-2,-2,-3,-20
31530,31530,1503699598495,-16,-16,-8,-4,-2,2,2,3
31531,31531,1503699598510,-11,-6,-2,-1,0,1,-4,2
31532,31532,1503699598516,11,8,1,0,0,-4,-8,-38
31533,31533,1503699598532,-9,-4,-1,1,-2,2,-3,-3
31534,31534,1503699598539,13,4,-2,0,-1,-1,6,24
31535,31535,1503699598547,13,5,-4,-4,-6,3,2,0
31536,31536,1503699598562,20,16,6,1,-1,-3,4,14
31537,31537,1503699598571,13,2,1,1,4,2,-6,-13
31538,31538,1503699598576,3,0,1,0,-2,2,-5,-22
31539,31539,1503699598592,-12,-7,-1,-1,-2,0,1,-4
31540,31540,1503699598600,-8,0,4,-2,-1,-6,-1,-7
31541,31541,1503699598607,15,0,-3,-2,2,-2,-2,4
31542,31542,1503699598614,-11,-9,-6,-2,-2,2,-1,-1
31543,31543,1503699598630,-2,31,28,9,-1,-4,-3,1
31544,31544,1503699598637,-3,-1,-1,-1,1,2,0,23
31545,31545,1503699598652,-19,-10,-12,-6,-2,-3,-1,-10
31546,31546,1503699598660,-3,-2,-1,0,1,0,-4,7
31547,31547,1503699598668,28,8,-4,-3,-1,-6,-3,-4
31548,31548,1503699598674,-7,-5,-2,1,-1,-1,-13,0
31549,31549,1503699598692,-7,-27,-7,-4,-2,12,4,-6
31550,31550,1503699598698,73,41,16,0,-4,-4,3,19
31551,31551,1503699598712,-13,-16,-4,3,4,0,-1,-6
31552,31552,1503699598719,9,4,-4,-3,-2,1,3,-8
31553,31553,1503699598728,0,-1,-2,-1,4,-1,-3,0
31554,31554,1503699598734,-16,-6,0,2,-1,-3,1,4
32274,32274,1503699605829,-18,-7,-7,-4,-5,-5,-37,-23
32275,32275,1503699605837,5,-2,-4,-2,-1,-1,-5,-14
32276,32276,1503699605845,6,-8,-2,-1,1,0,4,0
32277,32277,1503699605859,10,-3,-8,-2,0,-1,-1,5
32278,32278,1503699605868,6,-2,-10,-3,0,0,5,8
32279,32279,1503699605875,10,9,2,-1,1,0,5,6
32280,32280,1503699605889,-4,-7,-7,-5,-3,-1,-1,3
32281,32281,1503699605897,9,1,0,0,-2,-3,-4,5
32282,32282,1503699605904,-5,-2,-2,1,0,0,7,5
32283,32283,1503699605919,2,1,3,0,-1,-1,0,-5
32284,32284,1503699605926,0,-1,-1,-1,-1,-2,6,11
32285,32285,1503699605934,1,2,-2,-1,0,-2,-4,-4
32286,32286,1503699605949,-6,3,3,3,1,1,1,-11
32287,32287,1503699605957,3,3,4,1,1,2,1,5
32288,32288,1503699605963,2,-6,-7,-2,-3,1,5,3
32289,32289,1503699605964,-13,-6,-2,-3,-2,-3,-6,1
32290,32290,1503699605979,-10,-2,-3,-2,-1,-4,-10,-9
32291,32291,1503699605986,11,1,-6,-1,1,-3,2,2
32292,32292,1503699605994,5,11,20,5,2,0,0,0
32293,32293,1503699606016,-2,-4,-3,-6,-4,-3,0,-1
32294,32294,1503699606019,-4,-6,-9,-5,-3,-2,1,-2
32295,32295,1503699606020,2,-1,-6,-3,-1,1,5,-3
32296,32296,1503699606025,-9,0,5,-1,-1,0,4,-2
32297,32297,1503699606039,-16,-4,-5,-6,-1,1,2,7
32298,32298,1503699606046,-2,-5,-5,-1,-1,0,-1,-4
32299,32299,1503699606054,0,-3,0,-1,-1,0,4,0
32300,32300,1503699606069,5,8,5,2,1,2,3,-4
32301,32301,1503699606086,1,0,0,2,0,-3,-5,-8
32302,32302,1503699606099,-4,0,-5,2,2,-2,-3,-5
32303,32303,1503699606106,14,2,1,-1,-1,1,1,-7
32304,32304,1503699606122,-2,-3,0,0,-3,-1,-8,1
32305,32305,1503699606128,-2,4,1,0,0,-1,1,7
32306,32306,1503699606137,-1,-2,-6,-4,-4,-4,-12,-11
32307,32307,1503699606144,0,7,6,2,2,0,-2,3
32308,32308,1503699606159,4,-7,-7,-4,-5,-3,-9,13
32309,32309,1503699606166,-4,-1,-2,-3,-3,-2,-3,-14
32310,32310,1503699606174,9,6,3,1,2,-1,3,-14
32311,32311,1503699606189,1,12,6,0,-4,0,3,11
32312,32312,1503699606197,4,-2,-3,-1,-1,0,7,6
32313,32313,1503699606211,-10,-6,0,2,0,1,0,-9
32314,32314,1503699606219,-1,6,8,5,2,1,-6,14
32315,32315,1503699606226,5,-2,1,2,1,1,-2,0
32316,32316,1503699606244,0,-3,-4,-2,-3,-1,7,5
32317,32317,1503699606249,0,2,1,1,1,-2,-4,-4
32318,32318,1503699606257,-1,7,5,0,-2,-1,6,3
32319,32319,1503699606270,0,-11,-10,-4,-2,-2,1,6
32320,32320,1503699606279,-4,-7,-5,-4,-4,-2,-1,-2
32321,32321,1503699606287,-2,-4,-3,-1,-2,-1,0,8
32322,32322,1503699606301,-4,-2,-1,1,1,0,-2,-10
32323,32323,1503699606309,-12,-5,-2,0,1,-1,-1,10
32324,32324,1503699606324,-13,-9,-5,-4,-1,-2,1,-11
32325,32325,1503699606330,13,7,5,3,0,-2,0,-1
32326,32326,1503699606338,1,-9,-3,0,0,-1,0,2
32327,32327,1503699606346,8,0,1,-3,-2,-1,0,1
32328,32328,1503699606361,-1,1,-3,-3,-1,1,2,-3
32329,32329,1503699606368,-3,-3,-2,2,1,-2,-4,-8
32330,32330,1503699606369,-2,-4,-3,-2,-2,0,3,2
32331,32331,1503699606380,-2,1,-5,-4,-5,-3,-1,-3
32332,32332,1503699606390,-1,2,0,1,1,0,0,-1
32333,32333,1503699606399,-1,-5,-5,-1,-2,-1,0,0
32334,32334,1503699606406,7,-2,-2,-2,-1,-1,-1,0
32335,32335,1503699606428,1,1,0,0,2,-1,4,3
32336,32336,1503699606429,-4,-5,-3,-3,-1,-1,-4,-8
32337,32337,1503699606437,-1,2,1,0,-2,-1,-5,-6
32338,32338,1503699606451,-6,-3,-3,0,-1,-1,-1,0
32339,32339,1503699606459,-3,0,-1,-1,0,0,0,5
32340,32340,1503699606466,-4,-1,-1,-2,-1,-1,-1,-7
32341,32341,1503699606481,0,-3,-1,-1,-1,-2,-8,9
32342,32342,1503699606489,2,1,-2,1,1,2,3,2
32343,32343,1503699606497,8,3,1,-1,2,1,-1,-8
32344,32344,1503699606513,-1,-1,-2,-1,-2,-4,-4,-10
32345,32345,1503699606519,0,1,1,1,-1,-3,0,0
32346,32346,1503699606526,-4,-2,-1,-1,0,1,-5,-14
32347,32347,1503699606541,-2,-1,-1,-2,-2,-3,0,-1
32348,32348,1503699606549,-8,-6,-4,-4,-2,-2,0,7
32349,32349,1503699606557,-1,-4,-4,-2,-1,-1,2,-6
32350,32350,1503699606570,0,1,-1,-2,-1,-1,-5,-16
32351,32351,1503699606586,2,-1,-5,-2,-2,-2,3,-1
32352,32352,1503699606601,-1,-7,-4,-2,-2,-1,0,-20
32353,32353,1503699606609,-6,6,4,0,-4,-3,-1,1
32354,32354,1503699606618,12,3,2,0,-1,-1,0,12
32355,32355,1503699606630,3,-8,-5,-3,-1,0,3,6
32356,32356,1503699606639,-17,-15,-6,-2,-1,0,-2,-1
32357,32357,1503699606647,5,-2,0,1,-1,-2,-1,15
32358,32358,1503699606661,-8,5,4,1,-1,0,-1,6
32359,32359,1503699606669,11,-1,-2,-2,0,0,4,16
32360,32360,1503699606676,-12,-8,-6,-4,-1,-2,-2,-14
32361,32361,1503699606677,27,0,-5,-4,-2,-1,-1,-2
32362,32362,1503699606690,10,0,8,1,1,3,4,4
32363,32363,1503699606699,9,1,0,-1,-1,-1,-2,-6
32364,32364,1503699606706,-9,3,0,1,0,0,-1,-8
32365,32365,1503699606721,1,1,6,2,3,2,2,3
32366,32366,1503699606722,-1,-1,-1,0,-3,-3,0,0
32367,32367,1503699606728,-11,-4,-1,-2,3,1,-6,3
32368,32368,1503699606744,-9,-2,2,0,0,-1,0,8
32369,32369,1503699606752,-10,1,2,2,1,0,1,-8
32370,32370,1503699606759,1,7,5,2,2,2,5,2
32371,32371,1503699606766,-4,0,-5,-2,-2,-1,-4,-7
