,SampleNumber,TimeStamp,EMG1,EMG2,EMG3,EMG4,EMG5,EMG6,EMG7,EMG8
914,914,1503705478656,-9,-1,4,-1,1,3,-1,-6
915,915,1503705478672,-22,-17,-15,-5,3,6,-1,-3
916,916,1503705478679,-3,-8,7,1,2,-4,3,1
917,917,1503705478687,21,3,1,-2,2,-1,2,-9
918,918,1503705478703,8,-11,-8,-5,-3,-1,1,-3
919,919,1503705478709,11,2,1,1,2,2,0,0
920,920,1503705478716,3,7,7,-1,-1,-4,-13,2
921,921,1503705478731,12,1,-1,2,1,1,4,5
922,922,1503705478732,-3,7,2,-2,-1,-1,2,-10
923,923,1503705478739,-7,-1,6,9,9,3,2,-6
924,924,1503705478747,9,4,-1,-3,-4,5,0,-4
925,925,1503705478761,-20,5,17,1,9,10,1,6
926,926,1503705478770,-18,-8,1,3,4,5,1,0
927,927,1503705478776,13,10,-16,-7,-7,-6,1,-9
928,928,1503705478792,3,2,6,0,-2,-9,-2,-7
929,929,1503705478799,1,5,5,-3,-5,-4,-4,-3
930,930,1503705478807,-11,9,13,3,-2,1,-6,2
931,931,1503705478821,2,-7,-2,3,1,-2,4,28
932,932,1503705478829,-18,-4,-4,0,-2,0,-1,7
933,933,1503705478837,3,-26,-20,-9,-6,-2,4,22
934,934,1503705478851,-2,1,10,0,3,0,1,-1
935,935,1503705478859,-1,-2,-6,1,2,-1,0,-15
936,936,1503705478867,-8,-14,-10,-5,0,1,-2,-5
937,937,1503705478881,8,1,1,0,0,-1,-3,-8
938,938,1503705478889,-6,-3,0,5,6,2,-1,10
939,939,1503705478896,-10,6,-5,0,2,-1,-5,-6
940,940,1503705478912,-1,-19,-17,-9,-5,0,1,2
941,941,1503705478919,6,16,12,3,-1,-4,-9,-10
942,942,1503705478927,-5,2,-5,0,-3,-2,-3,-9
943,943,1503705478941,3,-5,-7,-2,-5,-3,11,15
944,944,1503705478949,8,6,1,-1,-1,-3,2,-6
945,945,1503705478956,-31,-10,-5,-1,-2,0,0,2
946,946,1503705478972,4,2,0,-3,-2,2,2,5
947,947,1503705478979,5,-3,-3,-2,-2,-3,-3,-5
948,948,1503705478987,3,1,-8,-3,-3,-2,-1,1
949,949,1503705479001,1,0,14,7,3,0,-13,-27
950,950,1503705479009,11,4,4,-1,-4,-2,3,16
951,951,1503705479016,-2,0,-5,-1,2,-2,3,-14
952,952,1503705479031,-3,-5,-2,2,5,2,-3,0
953,953,1503705479041,10,-3,-5,-6,-7,-1,2,0
954,954,1503705479047,-1,-5,-3,-2,-3,-1,4,-15
955,955,1503705479061,18,0,-2,2,-2,2,-2,1
956,956,1503705479072,-4,-1,2,-1,-1,-1,2,36
957,957,1503705479077,0,1,-6,-5,1,-2,-2,6
958,958,1503705479092,3,7,9,4,1,-1,-3,-16
959,959,1503705479099,-8,-9,-9,-3,-4,0,5,10
960,960,1503705479108,5,18,19,3,-1,0,2,-12
961,961,1503705479121,1,-3,-3,-1,-4,-1,-3,0
962,962,1503705479129,13,3,-3,-4,-1,-2,0,34
963,963,1503705479142,18,1,1,1,-2,-2,0,-21
964,964,1503705479152,4,-2,-8,-3,-2,-1,2,39
965,965,1503705479159,1,22,11,0,-2,0,-3,-57
966,966,1503705479167,-8,1,-4,-5,-3,-3,-5,-15
967,967,1503705479181,-4,-12,-14,-4,-1,0,4,1
968,968,1503705479189,-5,-7,1,4,1,2,3,-16
969,969,1503705479196,25,51,49,8,-1,0,1,25
970,970,1503705479212,-18,-10,-15,-2,3,0,2,-4
971,971,1503705479219,0,-3,-2,0,0,-5,-6,6
972,972,1503705479227,5,1,-3,-4,-7,-3,-2,-39
973,973,1503705479243,-16,-8,-4,-5,-2,-1,2,-21
974,974,1503705479249,-23,3,-1,-1,2,0,-1,-19
975,975,1503705479256,-9,-3,-1,-1,0,0,-8,12
976,976,1503705479273,1,-2,-1,-2,1,5,0,-8
977,977,1503705479279,0,-18,-12,-1,-2,1,1,29
978,978,1503705479287,-20,-3,-7,-4,1,-5,-5,-40
979,979,1503705479301,10,20,-14,-1,-1,-2,3,34
980,980,1503705479309,5,-18,-8,-1,-2,0,1,11
981,981,1503705479324,-17,-19,-3,-1,-1,-1,-1,1
982,982,1503705479331,5,-5,-3,-4,-3,1,0,9
983,983,1503705479346,-15,-17,-5,-1,2,-2,2,-25
984,984,1503705479354,15,-1,-3,0,-3,-1,-1,26
985,985,1503705479361,-11,-3,2,-3,-1,1,2,-10
986,986,1503705479369,9,-1,-1,3,-1,-3,-3,-4
987,987,1503705479383,13,0,-2,-2,0,-2,1,20
988,988,1503705479392,2,5,3,0,0,-1,-6,15
989,989,1503705479399,-4,-11,4,4,1,4,5,13
990,990,1503705479415,3,8,4,0,0,0,-2,0
991,991,1503705479421,1,26,14,2,-1,-2,-7,11
992,992,1503705479429,14,8,14,4,3,1,2,-8
993,993,1503705479444,0,10,17,2,-1,-1,-3,14
994,994,1503705479452,8,21,6,4,5,0,-4,-7
995,995,1503705479459,-9,6,-2,0,2,-1,1,-17
996,996,1503705479477,-13,-9,-1,-4,-3,-2,-1,-2
997,997,1503705479483,-5,-21,-18,-8,-6,-1,0,-9
998,998,1503705479489,1,2,6,5,4,0,-6,-8
999,999,1503705479503,-2,5,1,2,2,-1,2,-4
1000,1000,1503705479515,-8,-18,-4,-5,-5,-1,2,14
1001,1001,1503705479519,0,-10,-12,-4,-1,-3,0,-3
1002,1002,1503705479534,-7,-10,-1,3,1,0,1,-9
1003,1003,1503705479551,-3,-9,-10,-3,-2,-2,3,-16
1004,1004,1503705479563,4,15,0,-5,-2,-4,-4,-2
1481,1481,1503705484298,20,-4,-6,-2,-5,-5,-8,-56
1482,1482,1503705484304,-13,-7,-5,2,2,-2,-6,-2
1483,1483,1503705484312,-13,-6,-6,-4,-4,-2,2,1
1484,1484,1503705484325,13,3,-2,-2,0,-1,-6,-21
1485,1485,1503705484335,-52,-26,-1,2,0,0,-2,-3
1486,1486,1503705484341,12,-2,-3,0,0,2,1,17
1487,1487,1503705484356,11,5,-4,-2,1,-2,-5,23
1488,1488,1503705484365,0,0,-2,-6,-5,-9,3,9
1489,1489,1503705484379,3,8,7,6,1,2,0,1
1490,1490,1503705484385,-8,-1,-1,-5,-5,0,-1,0
1491,1491,1503705484394,-2,0,0,1,-2,-6,-3,-8
1492,1492,1503705484402,9,4,7,1,-1,2,-2,-4
1493,1493,1503705484416,-1,-2,-4,-3,0,1,-8,-17
1494,1494,1503705484424,7,6,0,1,2,-1,-3,15
1495,1495,1503705484440,-18,-16,-21,-11,-3,-3,2,-7
1496,1496,1503705484445,-9,0,0,3,3,1,-1,10
1497,1497,1503705484453,-5,2,6,1,1,0,0,-14
1498,1498,1503705484468,7,-6,-2,-3,-1,3,4,-3
1499,1499,1503705484476,30,15,9,-1,0,2,1,18
1500,1500,1503705484484,3,2,-6,-5,-4,-1,-2,21
1501,1501,1503705484492,22,0,-8,-1,-4,-1,5,-19
1502,1502,1503705484505,8,5,0,-2,-1,1,1,28
1503,1503,1503705484506,-16,-4,1,-2,-2,-3,-4,-28
1504,1504,1503705484514,-8,-4,6,-4,-3,3,6,9
1505,1505,1503705484521,-11,-15,-5,-2,-2,-1,-4,-22
1506,1506,1503705484536,-15,-3,-6,0,-2,-2,0,-8
1507,1507,1503705484544,7,-10,-6,-4,-5,0,2,32
1508,1508,1503705484552,-2,5,0,2,0,1,2,6
1509,1509,1503705484566,-9,4,5,5,3,-3,0,-1
1510,1510,1503705484574,-7,3,1,0,2,-1,-4,-20
1511,1511,1503705484582,6,8,0,4,1,0,-5,-7
1512,1512,1503705484599,0,0,1,-2,0,-2,1,3
1513,1513,1503705484604,-20,-7,-5,-1,0,1,0,3
1514,1514,1503705484612,4,-4,2,-1,-1,-2,-5,-9
1515,1515,1503705484625,-10,-3,-3,1,1,-3,-9,-33
1516,1516,1503705484634,-4,5,10,2,2,0,0,-11
1517,1517,1503705484641,-8,-3,-2,-5,-3,2,4,-2
1518,1518,1503705484656,9,1,-11,-3,-2,-1,-1,11
1519,1519,1503705484666,14,11,7,3,2,1,2,4
1520,1520,1503705484672,-1,-4,-2,0,-1,-1,-2,-9
1521,1521,1503705484685,6,3,1,2,0,2,4,9
1522,1522,1503705484694,-9,-2,3,1,2,-1,-4,11
1523,1523,1503705484701,0,15,2,-3,-4,-2,-1,-15
1524,1524,1503705484741,-37,-8,-9,-2,1,-1,0,-12
1525,1525,1503705484742,13,3,-6,1,0,-1,-7,0
1526,1526,1503705484745,7,-7,-5,-1,-3,2,2,-11
1527,1527,1503705484746,4,11,5,-1,0,0,-1,-20
1528,1528,1503705484754,3,0,2,6,3,1,-8,15
1529,1529,1503705484761,23,11,3,-4,-2,-5,4,-12
1530,1530,1503705484776,-7,14,7,1,-1,-1,-1,-20
1531,1531,1503705484784,1,-11,-9,-4,-4,0,-4,15
1532,1532,1503705484792,10,37,15,2,1,0,2,-2
1533,1533,1503705484805,-19,10,32,8,4,1,7,25
1534,1534,1503705484806,-8,0,-1,-2,-4,-3,-6,8
1535,1535,1503705484814,10,-19,-20,-3,0,-2,0,-22
1536,1536,1503705484821,5,1,5,0,-1,2,0,13
1537,1537,1503705484836,-1,-18,-13,-1,-1,-1,-1,28
1538,1538,1503705484837,-7,0,-7,-6,-4,-1,-4,-5
1539,1539,1503705484844,19,-7,0,-5,-4,-1,8,46
1540,1540,1503705484852,16,-8,-4,7,7,-1,-2,16
1541,1541,1503705484867,32,3,-9,-1,-1,1,6,21
1542,1542,1503705484874,2,-2,4,-4,-2,-1,-2,-4
1543,1543,1503705484881,-12,-17,3,2,1,-5,-10,-62
1544,1544,1503705484903,-8,-18,-4,-6,-6,-2,3,38
1545,1545,1503705484904,-4,-17,-11,-2,1,-1,-4,2
1546,1546,1503705484912,-5,13,11,1,0,0,2,2
1547,1547,1503705484926,4,-1,14,3,3,0,-1,30
1548,1548,1503705484934,22,-11,-7,-2,-2,-3,-8,0
1549,1549,1503705484935,-13,4,-15,-6,-3,-1,1,-29
1550,1550,1503705484948,-7,-9,-8,-6,-4,-1,-3,-38
1551,1551,1503705484956,-7,-27,-11,2,3,-3,-13,-14
1552,1552,1503705484964,-1,-7,-10,-4,-6,-3,-10,46
1553,1553,1503705484979,2,-11,-4,-3,-5,-1,-1,5
1554,1554,1503705484985,6,24,11,3,7,2,2,-19
1555,1555,1503705484994,9,7,1,0,-3,0,8,-12
1556,1556,1503705485008,-6,-5,-7,-3,-1,-1,1,-3
1557,1557,1503705485016,19,28,11,-1,0,2,13,6
1558,1558,1503705485023,-11,-7,3,7,4,-3,2,10
1559,1559,1503705485039,1,-5,8,2,-3,-1,-7,22
1560,1560,1503705485046,5,-4,5,-2,0,4,4,-3
1561,1561,1503705485054,4,-16,-10,2,2,0,4,21
1562,1562,1503705485068,15,21,16,8,2,0,-2,6
1563,1563,1503705485076,17,-5,-4,-3,-3,-2,2,12
1564,1564,1503705485084,0,-5,-11,-6,-5,-3,5,14
1565,1565,1503705485099,-6,-6,-4,-4,0,-2,0,-2
1566,1566,1503705485105,-8,-4,-5,-3,-1,0,2,-18
1567,1567,1503705485113,9,11,9,4,2,1,-4,-17
1568,1568,1503705485114,-8,3,3,-2,-3,-1,1,5
1569,1569,1503705485128,-8,-20,-22,-6,-5,-2,-8,11
1570,1570,1503705485136,-7,-12,-7,0,-1,1,3,27
1571,1571,1503705485144,-3,10,12,-1,-2,1,-1,3
1572,1572,1503705485159,-9,-4,3,-5,0,2,0,-15
1573,1573,1503705485165,1,10,-4,3,0,0,-3,1
1574,1574,1503705485174,-4,6,27,3,0,0,-2,-20
1575,1575,1503705485188,8,-7,-2,-2,-1,0,-7,7
1576,1576,1503705485196,1,5,-9,-2,0,0,6,12
1577,1577,1503705485204,-6,-1,0,-1,-1,-2,-5,-13
1578,1578,1503705485219,-4,-10,-11,-4,-2,-2,-4,61
2094,2094,1503705490221,5,-10,-1,-3,-1,-3,2,28
2095,2095,1503705490228,0,17,11,3,6,2,-1,-3
2096,2096,1503705490236,-1,-1,-3,-1,0,-3,-5,-4
2097,2097,1503705490250,-10,-9,-6,1,3,3,2,28
2098,2098,1503705490262,-5,-1,2,-4,0,0,5,3
2099,2099,1503705490266,-9,-2,-3,-3,2,-4,-5,-8
2100,2100,1503705490282,-12,-5,-6,0,-4,-4,-5,-18
2101,2101,1503705490288,2,0,-2,-6,-2,2,1,-7
2102,2102,1503705490296,6,6,8,3,-2,0,-8,-2
2103,2103,1503705490310,-9,-14,-9,-4,-1,-2,0,0
2104,2104,1503705490318,6,-3,-4,-7,-1,-1,5,19
2105,2105,1503705490328,6,-8,23,12,1,-1,-1,6
2106,2106,1503705490341,-21,6,8,1,-1,-2,-6,-31
2107,2107,1503705490348,-1,2,-3,-1,2,1,-12,-3
2108,2108,1503705490356,8,4,5,1,0,1,4,-7
2109,2109,1503705490370,-8,1,-3,2,0,1,1,-26
2110,2110,1503705490378,-1,1,-4,3,3,-5,-1,26
2111,2111,1503705490386,-6,-19,-6,-6,-6,-3,-9,6
2112,2112,1503705490401,-1,1,-8,3,4,-4,1,0
2113,2113,1503705490408,-15,-28,-8,-5,-2,-3,-1,-37
2114,2114,1503705490416,-5,6,-2,-4,-3,3,3,-15
2115,2115,1503705490430,1,10,-4,0,-4,-3,1,-31
2116,2116,1503705490439,-7,-1,0,-2,-2,-1,-9,-3
2117,2117,1503705490446,1,6,-3,-5,-5,-2,3,18
2118,2118,1503705490462,6,1,0,-2,0,4,4,4
2119,2119,1503705490468,7,9,6,0,-2,-2,0,2
2120,2120,1503705490476,-2,-3,2,-1,0,0,2,-3
2121,2121,1503705490490,-4,17,5,-3,-4,0,3,-3
2122,2122,1503705490499,-16,-28,0,0,-1,-2,2,-5
2123,2123,1503705490506,3,12,-4,1,3,0,-3,-2
2124,2124,1503705490521,12,2,-4,-2,0,-2,-2,7
2125,2125,1503705490529,-6,-29,-5,-1,-1,0,-2,-18
2126,2126,1503705490530,-4,9,-12,-5,-2,0,1,-3
2127,2127,1503705490544,1,-14,-4,-3,-1,-1,-1,-20
2128,2128,1503705490550,-1,-13,-4,-1,1,0,-6,-15
2129,2129,1503705490558,-13,6,-1,-3,-3,-3,-2,8
2130,2130,1503705490573,13,-1,4,3,2,0,-9,-21
2131,2131,1503705490581,-2,3,-5,-6,-4,1,2,-4
2132,2132,1503705490588,-5,2,10,5,-2,1,3,12
2133,2133,1503705490604,5,-8,-8,-4,-4,-1,2,10
2134,2134,1503705490610,2,5,-5,-3,1,-1,2,8
2135,2135,1503705490618,-2,-9,-4,-1,-1,-1,-4,-5
2136,2136,1503705490635,2,-14,-2,1,2,0,4,6
2137,2137,1503705490641,-5,18,12,3,2,-2,-4,12
2138,2138,1503705490648,-2,21,-1,0,-3,-2,5,-3
2139,2139,1503705490664,4,0,7,5,3,2,-3,24
2140,2140,1503705490671,0,-7,-1,-2,-2,-3,0,8
2141,2141,1503705490678,4,-1,-4,0,-2,1,-2,-14
2142,2142,1503705490693,13,0,-4,-5,1,-1,-2,10
2143,2143,1503705490701,17,4,2,0,0,-1,-2,28
2144,2144,1503705490708,-7,-7,-7,-2,0,0,-2,0
2145,2145,1503705490723,20,5,2,0,2,0,5,-5
2146,2146,1503705490731,2,-9,-7,-5,-5,-2,-4,-4
2147,2147,1503705490738,6,3,14,6,0,2,5,-25
2148,2148,1503705490753,-4,-6,5,0,1,0,3,12
2149,2149,1503705490763,-7,0,-4,2,0,-2,-2,-10
2150,2150,1503705490768,-11,3,11,4,2,3,2,-3
2151,2151,1503705490783,-13,-12,-7,-5,-2,0,-2,-9
2152,2152,1503705490790,-25,11,3,-4,1,3,1,3
2153,2153,1503705490799,-5,1,-7,-5,-5,-2,0,20
2154,2154,1503705490813,5,8,7,1,-4,-3,-7,-11
2155,2155,1503705490821,-15,-5,-7,-6,-3,-2,-10,8
2156,2156,1503705490835,2,-3,2,7,3,0,-6,-14
2157,2157,1503705490843,2,10,-1,0,2,1,6,2
2158,2158,1503705490858,1,-3,-1,-1,3,3,0,3
3017,3017,1503705499265,50,-3,1,0,-1,-5,3,-6
3018,3018,1503705499273,-2,2,9,6,4,7,0,33
3019,3019,1503705499281,10,-5,-2,-2,1,1,-3,11
3020,3020,1503705499295,20,-7,-13,0,4,2,11,20
3021,3021,1503705499303,-9,-1,-1,0,2,0,-6,-104
3022,3022,1503705499311,2,-1,-5,-4,-3,-6,-1,-1
3023,3023,1503705499326,-18,9,-6,-2,-1,-3,-6,-13
3024,3024,1503705499333,-7,20,-1,-1,-1,-2,-4,-49
3025,3025,1503705499341,19,-3,1,0,1,-2,-7,8
3026,3026,1503705499355,-31,-42,-1,-3,2,2,3,-1
3027,3027,1503705499363,24,25,14,5,-1,0,1,24
3028,3028,1503705499373,-6,5,10,4,0,-2,-8,-29
3029,3029,1503705499385,-4,1,-10,-7,-4,-3,2,7
3030,3030,1503705499393,16,3,3,5,-1,-5,1,-6
3031,3031,1503705499401,-15,-6,-1,5,3,0,-2,12
3032,3032,1503705499415,-11,-11,-4,-4,-7,-2,-1,-9
3033,3033,1503705499423,11,-6,0,2,-1,-1,-1,1
3034,3034,1503705499430,-12,-5,-1,-4,-2,13,-1,-10
3035,3035,1503705499446,-8,-6,-4,0,1,-2,-2,25
3036,3036,1503705499453,-10,29,13,0,-2,-6,-3,13
3037,3037,1503705499461,-18,-13,-11,-4,-2,-1,-2,-26
3038,3038,1503705499475,-9,-22,-13,-6,-8,-8,-1,-22
3039,3039,1503705499483,24,5,-3,-3,-1,-4,-3,-19
3040,3040,1503705499490,3,5,-8,-3,-1,-3,-2,-14
3041,3041,1503705499507,12,-6,-1,1,-13,-18,-1,5
3042,3042,1503705499513,-10,10,-7,-4,4,1,1,2
3043,3043,1503705499521,2,7,3,-4,11,7,1,3
3044,3044,1503705499536,-2,-7,-5,2,2,-2,-4,1
3045,3045,1503705499543,-3,5,-1,3,-4,-2,-1,-2
3046,3046,1503705499551,-4,4,2,0,3,-1,2,-12
3047,3047,1503705499565,-3,-3,-3,-5,-4,1,-3,3
3048,3048,1503705499573,-19,-6,-2,0,-5,-1,-1,2
3049,3049,1503705499582,18,-8,-7,-3,2,2,1,4
3050,3050,1503705499596,-13,17,8,1,-3,-2,0,0
3051,3051,1503705499603,-14,-4,-2,-2,-1,0,0,-7
3052,3052,1503705499604,21,2,8,2,1,3,-1,-14
3053,3053,1503705499611,11,-1,-1,-2,-9,4,3,-3
3054,3054,1503705499625,-1,-2,1,0,-2,-7,0,6
3055,3055,1503705499633,2,-5,-2,-3,-7,-13,-3,-2
3056,3056,1503705499642,-23,0,6,2,-2,1,-1,8
3057,3057,1503705499656,-2,-6,-6,-3,4,2,2,5
3058,3058,1503705499664,25,20,-9,-1,1,-1,-2,-3
3059,3059,1503705499670,28,1,-15,-7,-2,-2,0,-11
3060,3060,1503705499686,-33,-10,0,-2,-4,-3,1,13
3061,3061,1503705499693,-35,-17,-6,-4,4,2,-2,3
3062,3062,1503705499701,-2,-10,0,0,-1,2,-3,-27
3063,3063,1503705499716,15,10,16,7,4,1,0,16
3064,3064,1503705499723,1,1,1,1,2,4,1,7
3065,3065,1503705499730,-2,-6,-8,-3,-5,-2,-1,-4
3066,3066,1503705499731,13,3,0,-7,-5,-4,-1,-4
3067,3067,1503705499746,2,-4,1,-3,5,0,0,8
3068,3068,1503705499753,-7,3,2,2,6,3,-2,-3
3069,3069,1503705499762,-16,-12,-4,-8,-8,-4,1,0
3070,3070,1503705499776,6,3,4,1,-9,-17,-1,2
3071,3071,1503705499784,4,3,1,2,-2,-5,-2,5
3072,3072,1503705499790,1,-16,-13,-7,-4,-1,-2,1
3073,3073,1503705499813,-29,-1,13,0,0,-11,-2,-4
3074,3074,1503705499817,11,-4,-5,-3,-2,1,-2,16
3075,3075,1503705499828,6,-6,-5,-5,-7,-3,3,-2
3076,3076,1503705499829,21,10,-1,-1,3,3,5,44
3077,3077,1503705499836,-15,-8,-8,4,3,-4,-3,2
3078,3078,1503705499844,-7,-1,2,-1,17,23,4,1
3079,3079,1503705499851,0,7,5,1,-1,2,-6,-12
3080,3080,1503705499865,-10,-3,0,3,1,-4,-2,-7
3081,3081,1503705499875,6,-2,-4,-6,-9,-12,1,11
3082,3082,1503705499876,-9,5,9,2,4,3,6,-9
3083,3083,1503705499888,-6,-11,-11,-8,-16,-7,2,-6
3084,3084,1503705499895,13,13,12,2,1,4,3,4
3085,3085,1503705499904,-6,-4,2,5,-1,-6,-6,-9
3086,3086,1503705499917,-10,-7,1,1,8,17,-4,16
3087,3087,1503705499925,7,7,4,3,3,-1,2,-40
3088,3088,1503705499933,9,22,9,-2,-8,-8,-2,2
3089,3089,1503705499948,-5,2,6,8,16,16,3,-8
3090,3090,1503705499955,-7,-14,-8,-3,1,1,-2,-11
3091,3091,1503705499963,18,0,0,-1,-9,-12,-3,23
3092,3092,1503705499978,-21,-15,-2,-3,-12,-12,-2,-3
3093,3093,1503705499985,9,-1,-1,-1,11,3,5,3
3094,3094,1503705499993,21,2,1,3,-2,8,10,35
3095,3095,1503705500009,-9,12,9,7,9,16,2,19
3096,3096,1503705500016,18,2,-3,-1,2,-10,4,12
3097,3097,1503705500023,-19,-11,0,-1,0,-5,0,7
3098,3098,1503705500037,-15,-9,-5,-1,3,8,-1,-10
3099,3099,1503705500046,19,-1,-6,-8,-18,-11,0,18
3100,3100,1503705500053,2,0,-4,-3,0,3,0,10
3101,3101,1503705500068,-32,-18,-8,-9,-20,-12,-26,-20
3102,3102,1503705500077,-10,-1,0,1,2,-4,4,-11
3103,3103,1503705500085,-37,-11,1,-1,-4,-5,-4,-28
3104,3104,1503705500097,-5,8,0,3,6,13,-5,-22
3105,3105,1503705500106,-24,-2,-4,3,4,0,-2,60
3106,3106,1503705500113,2,-9,-4,-1,6,9,-9,-24
3107,3107,1503705500128,18,-1,-6,-8,-9,-6,-5,-12
3108,3108,1503705500136,20,6,0,1,-2,-4,5,29
3109,3109,1503705500151,-1,-2,0,-1,-1,0,3,-51
3110,3110,1503705500157,10,2,1,5,4,1,0,22
3111,3111,1503705500165,-32,-31,-11,-10,-6,-10,4,17
3112,3112,1503705500173,-44,-2,4,-1,-1,-5,-5,-36
3113,3113,1503705500188,14,12,7,6,3,1,10,0
3114,3114,1503705500195,14,6,-11,-8,-6,-7,-3,5
3115,3115,1503705500203,-18,-3,-7,-4,-7,4,14,-11
3116,3116,1503705500217,3,39,24,2,-3,-5,-1,-26
3117,3117,1503705500225,-6,-1,-1,6,13,7,-5,-2
3118,3118,1503705500233,-25,-5,6,10,9,3,-3,22
3119,3119,1503705500248,20,30,-3,-3,-5,-2,-1,1
3120,3120,1503705500255,7,-14,-11,-4,-2,-6,-12,-64
3121,3121,1503705500263,2,-5,-1,1,1,-5,-10,-14
3122,3122,1503705500278,11,-8,-2,-3,-4,-3,13,-21
3123,3123,1503705500286,-7,-7,-7,-4,-6,-2,6,-9
3124,3124,1503705500293,2,-7,-7,1,1,0,-1,14
3125,3125,1503705500310,43,3,-1,1,0,-1,-9,-25
3126,3126,1503705500316,-8,6,11,3,-1,0,0,-29
3127,3127,1503705500324,35,-2,-1,-2,-1,1,5,52
3128,3128,1503705500337,35,18,4,-3,-3,-3,1,43
4137,4137,1503705510215,-5,-2,-1,-2,-3,-2,-1,-11
4138,4138,1503705510222,10,-14,-2,-1,-2,-1,1,-3
4139,4139,1503705510231,21,-20,-2,-1,-2,1,1,5
4140,4140,1503705510245,-16,7,-5,-4,-6,-3,-3,-7
4141,4141,1503705510246,9,17,10,3,2,0,-4,-25
4142,4142,1503705510253,-12,1,-3,-4,-2,-1,-2,5
4143,4143,1503705510264,3,0,-2,1,0,0,3,35
4144,4144,1503705510265,6,24,1,-4,-2,-1,-5,-6
4145,4145,1503705510275,7,-7,-1,4,2,-2,-2,-5
4146,4146,1503705510283,-16,-1,2,2,1,-1,2,13
4147,4147,1503705510291,9,-11,0,-3,-3,2,4,43
4148,4148,1503705510305,3,7,1,1,1,0,2,14
4149,4149,1503705510313,-9,5,6,1,0,-2,0,14
4150,4150,1503705510314,-3,-4,1,-1,0,1,2,-3
4151,4151,1503705510321,-2,0,-7,-7,-4,-1,-2,6
4152,4152,1503705510335,0,11,-2,4,2,0,-6,-20
4153,4153,1503705510343,-9,-5,-13,-3,-3,-2,-4,9
4154,4154,1503705510351,2,14,8,-1,1,-1,-8,-17
4155,4155,1503705510364,2,-28,-12,-5,-1,-1,3,6
4156,4156,1503705510373,3,-13,-5,-3,-1,1,3,-59
4157,4157,1503705510380,-6,-4,1,1,-1,-1,-2,-3
4158,4158,1503705510395,27,-8,-2,0,1,-2,4,32
4159,4159,1503705510403,4,-14,0,1,3,2,-1,-1
4160,4160,1503705510411,-9,0,-8,-1,-2,0,0,9
4161,4161,1503705510424,6,0,8,5,-6,-1,1,-2
4162,4162,1503705510425,-5,6,-1,-2,-7,-8,-6,6
4163,4163,1503705510433,-39,-7,4,-11,-8,3,-2,3
4164,4164,1503705510440,-6,4,2,0,-29,5,1,-3
4165,4165,1503705510455,12,-12,-10,-8,-6,-3,0,17
4166,4166,1503705510463,-14,32,17,1,-5,-9,-8,32
4167,4167,1503705510472,-4,1,0,0,1,2,1,20
4168,4168,1503705510485,5,6,4,-1,12,0,3,-10
4169,4169,1503705510493,-6,12,12,5,11,0,-1,-16
4170,4170,1503705510500,-1,10,8,1,7,2,1,-14
4171,4171,1503705510515,11,-10,-10,-3,-21,-9,-1,-7
4172,4172,1503705510523,-27,-18,-10,-4,5,3,-1,-1
4173,4173,1503705510531,-13,22,19,3,3,-2,1,-3
4174,4174,1503705510544,11,6,10,2,2,1,0,10
4175,4175,1503705510552,0,-12,-10,-3,3,1,-3,3
4176,4176,1503705510563,-4,-20,-11,-1,2,1,2,0
4177,4177,1503705510575,10,10,13,4,1,2,1,11
4178,4178,1503705510583,37,-12,-14,0,-4,-4,-2,5
4179,4179,1503705510590,-17,14,4,0,3,-1,-1,-13
4180,4180,1503705510604,-13,-14,-2,-2,0,-4,-11,-15
4181,4181,1503705510613,13,6,-3,0,1,0,5,6
4182,4182,1503705510621,1,3,-4,-3,-3,2,7,4
4183,4183,1503705510635,-3,-11,-7,-4,-7,-4,-1,6
4184,4184,1503705510642,0,1,2,0,-5,-4,3,5
4185,4185,1503705510651,-2,-16,-8,-3,-4,-4,-7,-3
4186,4186,1503705510664,-2,6,4,3,1,-1,-1,-3
4187,4187,1503705510673,7,-8,-7,-5,-1,-1,0,-3
4188,4188,1503705510682,-7,-1,3,1,8,11,-8,-10
4189,4189,1503705510695,2,-13,-10,-2,4,1,-1,-3
4190,4190,1503705510703,-23,4,2,-2,1,0,-1,-18
4191,4191,1503705510711,-7,-3,2,-1,4,4,4,-2
4192,4192,1503705510724,3,14,-9,-4,-6,-4,0,26
4193,4193,1503705510733,-9,-1,-5,3,-1,-5,-4,6
4194,4194,1503705510740,3,-7,-7,-4,0,1,-1,6
4195,4195,1503705510756,4,-7,-6,-1,2,0,2,46
4196,4196,1503705510763,2,0,3,2,4,-3,0,-6
4197,4197,1503705510771,-2,0,4,2,-4,-1,-5,-13
4198,4198,1503705510784,-7,-6,14,1,-6,-6,-1,10
5231,5231,1503705520887,9,-5,-2,-1,-1,0,1,-1
5232,5232,1503705520904,2,2,-3,-2,-2,-2,-2,-2
5233,5233,1503705520914,-15,-13,-7,-5,-6,-4,-3,-3
5234,5234,1503705520920,15,8,6,6,-3,-7,-2,0
5235,5235,1503705520932,-1,-2,3,0,13,8,1,0
5236,5236,1503705520940,-6,-1,-1,-1,-3,0,1,1
5237,5237,1503705520947,0,-1,-1,1,3,7,0,3
5238,5238,1503705520962,-10,-4,-2,1,3,3,-2,-1
5239,5239,1503705520970,1,-3,1,-2,-5,-4,-1,-4
5240,5240,1503705520978,4,1,0,3,3,0,0,-1
5241,5241,1503705520991,7,14,13,3,-1,-3,1,0
5242,5242,1503705520999,-15,-6,-4,-4,5,2,-1,0
5243,5243,1503705521007,-6,-13,-11,-5,-2,-2,-3,-1
5244,5244,1503705521022,-4,-2,-2,-4,-4,-2,1,8
5245,5245,1503705521029,-4,-4,-6,-1,-4,-3,-1,0
5246,5246,1503705521037,1,-1,-6,-2,-2,-1,-2,0
5247,5247,1503705521038,10,1,1,4,3,-1,-1,-3
5248,5248,1503705521052,2,11,27,9,2,0,1,0
5249,5249,1503705521060,10,13,6,-1,-3,0,-1,-1
5250,5250,1503705521067,-2,-7,-13,-3,-3,-3,-1,-2
5251,5251,1503705521082,-6,-1,-11,-4,-2,-1,0,-1
5252,5252,1503705521090,-3,-6,-3,1,-2,-2,-4,-8
5253,5253,1503705521097,0,1,4,3,-2,-1,0,-10
5254,5254,1503705521112,-11,10,7,-1,-2,-2,0,-2
5255,5255,1503705521126,-11,-21,-11,-9,-6,-4,-3,-19
5256,5256,1503705521127,10,-37,-22,-8,-3,0,2,-1
5257,5257,1503705521142,-22,1,8,3,2,-1,-1,-1
5258,5258,1503705521150,-18,-7,-9,-5,-4,1,1,3
5259,5259,1503705521157,-10,-16,-14,-6,-4,-4,-1,2
5260,5260,1503705521172,0,4,3,4,2,-1,-2,5
5261,5261,1503705521182,9,9,7,5,3,1,1,5
5262,5262,1503705521187,-1,3,-2,-6,-1,-3,1,-4
5263,5263,1503705521202,10,6,2,-1,-2,-4,-1,1
5264,5264,1503705521209,6,4,1,-1,-2,0,-1,1
5265,5265,1503705521218,5,-2,-3,-2,-1,-2,-2,1
5266,5266,1503705521232,-3,9,5,3,2,0,0,0
5267,5267,1503705521240,-7,13,14,2,-2,-1,-1,5
5268,5268,1503705521248,3,2,0,-1,0,-3,-2,-2
5269,5269,1503705521262,4,-1,-12,-4,-1,0,-2,2
5270,5270,1503705521269,-7,3,-3,1,0,-2,-2,-1
5271,5271,1503705521277,1,-14,-4,-8,-3,-2,-3,-7
5272,5272,1503705521278,7,2,3,5,0,0,0,-1
5273,5273,1503705521292,2,-1,2,1,-9,-11,-3,-2
5274,5274,1503705521300,-3,-5,-6,-2,9,-3,-1,-1
5275,5275,1503705521307,-21,-7,-4,-2,-1,-1,-1,1
5276,5276,1503705521322,0,-9,-7,-5,-2,-1,-1,0
5277,5277,1503705521330,14,5,-1,-1,0,2,0,9
5278,5278,1503705521344,-4,-8,-4,2,-3,-4,-2,5
5279,5279,1503705521345,-29,0,8,-1,-3,1,-1,-14
5280,5280,1503705521352,3,-6,-4,0,-2,-2,1,9
5281,5281,1503705521353,-12,-16,-6,-2,-2,0,-3,-5
5282,5282,1503705521360,5,-1,-5,-2,-3,0,0,2
5283,5283,1503705521374,19,7,6,0,2,0,-1,-3
5284,5284,1503705521382,-33,0,2,1,-3,-4,-2,-2
5285,5285,1503705521383,1,-4,-1,-2,2,5,2,2
5286,5286,1503705521390,7,0,1,0,0,2,-1,2
5287,5287,1503705521404,8,15,11,6,1,-1,-1,1
5288,5288,1503705521412,4,3,-15,-7,-5,-2,0,-5
5289,5289,1503705521420,-5,-2,3,-1,-2,-2,0,2
5290,5290,1503705521434,-3,3,4,4,1,2,-1,1
5291,5291,1503705521442,0,2,-7,-5,-8,-5,-3,0
5292,5292,1503705521450,-2,-5,2,-1,-1,-1,0,-2
5293,5293,1503705521465,-41,-24,-4,-1,-2,-1,-1,-1
5294,5294,1503705521472,14,3,2,2,3,1,1,2
5295,5295,1503705521480,19,11,-10,-6,-1,-3,-1,-2
5296,5296,1503705521494,-2,1,2,-1,-1,-1,-2,2
5297,5297,1503705521502,1,-6,-10,-7,-3,2,-1,-4
5298,5298,1503705521510,7,0,3,-2,-1,-3,-2,-1
5299,5299,1503705521525,5,1,-3,-2,0,0,-1,2
5300,5300,1503705521532,-18,-11,7,-2,0,0,0,-3
5301,5301,1503705521550,11,-2,-1,1,1,0,2,15
5302,5302,1503705521554,-2,-5,-5,-1,-6,-8,-4,-9
5303,5303,1503705521562,6,25,4,1,-2,0,-4,-8
5304,5304,1503705521576,-4,1,-8,-3,0,-2,-1,2
5305,5305,1503705521586,12,13,10,0,-1,-1,0,0
5306,5306,1503705521593,-8,-17,-9,-5,-1,3,1,-1
5307,5307,1503705521600,-16,5,18,5,0,0,0,8
5308,5308,1503705521614,17,-5,3,-1,1,1,3,20
5309,5309,1503705521622,5,-8,0,-1,-1,-1,-2,-6
5310,5310,1503705521629,16,13,0,3,0,2,1,-16
5311,5311,1503705521644,22,8,-8,-1,-2,-2,-2,-5
5312,5312,1503705521652,2,-2,-6,0,1,0,-2,-1
5313,5313,1503705521667,-7,-16,-1,-2,1,-2,-1,-2
5314,5314,1503705521674,12,4,-6,-2,-3,-1,0,11
5315,5315,1503705521687,-18,-12,-14,-4,-4,-3,1,10
5316,5316,1503705521689,-13,1,10,4,2,-1,-3,3
5317,5317,1503705521704,13,0,-4,0,0,0,-3,-26
5318,5318,1503705521712,-6,2,1,0,0,0,-1,-5
5319,5319,1503705521722,16,-8,-2,2,1,-1,0,9
5320,5320,1503705521734,-6,-1,-3,-4,-2,-2,-2,-8
5321,5321,1503705521742,-13,2,8,4,4,-1,-3,-9
5322,5322,1503705521752,4,4,-3,-3,-1,1,-4,-2
5323,5323,1503705521771,-10,-4,-1,-3,-5,1,0,1
5324,5324,1503705521772,-6,-1,0,-2,-2,1,2,-4
5325,5325,1503705521780,-2,-2,3,3,3,-1,-1,1
5326,5326,1503705521794,-6,0,2,-3,-5,0,2,-14
5327,5327,1503705521802,-10,13,18,7,3,-1,3,-5
5328,5328,1503705521809,10,14,23,9,4,1,1,7
5329,5329,1503705521825,-14,-22,-19,-2,-2,0,-6,-1
5330,5330,1503705521832,-32,-19,-10,-4,-2,-3,-1,6
5331,5331,1503705521840,18,-7,-7,-3,-3,-1,-3,7
6421,6421,1503705532594,-11,-10,2,2,-1,-2,1,-1
6422,6422,1503705532601,-13,-2,-4,-3,-1,1,1,-5
6423,6423,1503705532609,-11,-9,-5,-2,-2,0,-5,-3
6424,6424,1503705532623,13,13,0,0,-2,-1,0,3
6425,6425,1503705532624,-1,-7,-3,-2,2,0,-3,1
6426,6426,1503705532632,-13,-14,-4,-2,0,-1,-2,-14
6427,6427,1503705532640,-11,-4,-3,-4,-2,-1,-5,-11
6428,6428,1503705532654,6,5,0,0,1,2,2,2
6429,6429,1503705532661,3,-5,-2,1,-2,0,-6,-6
6430,6430,1503705532669,-2,1,0,-2,-2,-1,0,4
6431,6431,1503705532683,0,2,0,-1,0,0,0,0
6432,6432,1503705532692,-10,12,5,0,-3,0,6,-1
6433,6433,1503705532699,13,-8,-3,-2,-4,-1,0,-2
6434,6434,1503705532715,4,0,0,-2,0,0,1,-1
6435,6435,1503705532721,8,-1,-14,-3,-3,-2,1,6
6436,6436,1503705532729,-1,14,6,1,1,-1,-2,6
6437,6437,1503705532744,22,-4,0,1,-1,-1,-1,1
6438,6438,1503705532752,-5,-7,-7,-6,-4,-1,-3,-4
6439,6439,1503705532759,-21,-5,-1,-3,0,4,-4,-1
6440,6440,1503705532774,3,-2,2,2,0,-1,-5,-2
6441,6441,1503705532782,-6,-4,1,-2,0,-2,2,0
6442,6442,1503705532789,0,14,4,-2,0,-3,-2,-10
6443,6443,1503705532803,-7,1,4,4,1,2,0,2
6444,6444,1503705532812,-11,-7,-10,-4,2,-1,0,-4
6445,6445,1503705532819,5,6,5,0,-1,0,5,10
6446,6446,1503705532834,-11,-10,-2,1,-2,1,-4,-9
6447,6447,1503705532841,-39,-3,-3,-3,1,-1,1,16
6448,6448,1503705532850,3,-6,0,2,1,0,1,13
6449,6449,1503705532863,5,8,-5,-3,0,-2,-3,-22
6450,6450,1503705532873,34,9,10,4,-1,-1,0,9
6451,6451,1503705532874,-32,-6,-3,-3,-3,-1,-1,-5
6452,6452,1503705532879,-3,-2,6,5,1,-1,-2,2
6453,6453,1503705532895,-7,-5,-6,-7,-3,-3,-1,-3
6454,6454,1503705532896,11,2,-4,-4,-1,0,2,0
6455,6455,1503705532901,6,-2,-1,-1,0,-1,-3,-12
6456,6456,1503705532909,10,-5,0,-1,-3,-2,-3,-5
6457,6457,1503705532923,2,-1,2,1,-3,1,-3,-9
6458,6458,1503705532932,0,5,10,2,3,-4,0,-5
6459,6459,1503705532946,-8,-3,0,-2,0,-2,-2,-13
6460,6460,1503705532954,-13,5,-12,-8,-4,-1,-2,-9
6461,6461,1503705532961,-1,7,22,5,0,0,3,8
6462,6462,1503705532969,1,-10,-4,1,-1,2,-1,-28
6463,6463,1503705532984,-2,-7,-8,0,-1,-2,-2,3
6464,6464,1503705532992,7,1,10,4,2,-1,0,9
6465,6465,1503705532999,4,-3,-7,-4,1,-1,-1,1
6466,6466,1503705533014,-7,-14,-2,3,-1,-3,1,12
6467,6467,1503705533021,6,-2,1,-1,-2,-1,1,-4
6468,6468,1503705533029,10,5,0,-3,11,14,-3,0
6469,6469,1503705533043,3,0,-6,-1,-1,2,0,-3
6470,6470,1503705533052,14,3,1,0,-7,-8,0,-8
6471,6471,1503705533066,-1,3,-2,1,0,-4,-2,-4
6472,6472,1503705533075,0,-6,-4,-2,1,-2,0,3
6473,6473,1503705533088,-1,-3,-1,0,-1,-2,-3,-8
6474,6474,1503705533090,-2,-7,-3,-4,-3,-1,7,10
6475,6475,1503705533103,-2,-5,-4,-4,-3,-1,1,11
6476,6476,1503705533112,-23,-7,-2,-4,-5,-4,0,3
6477,6477,1503705533119,1,17,2,1,0,-2,-1,-3
6478,6478,1503705533134,10,-7,16,9,-3,-4,-3,-3
6479,6479,1503705533143,-13,-14,-7,0,0,-2,-5,-5
6480,6480,1503705533150,12,-2,-9,-7,-5,0,2,12
6481,6481,1503705533163,5,1,-4,-4,0,0,2,5
6482,6482,1503705533171,-11,-10,10,2,1,1,-3,1
6483,6483,1503705533182,-1,-4,-13,-6,-2,-2,1,13
6484,6484,1503705533194,11,-6,-15,-3,-1,1,-9,11
6485,6485,1503705533202,-4,5,17,5,3,0,-2,-8
6486,6486,1503705533210,8,16,5,-1,0,-2,3,-8
6487,6487,1503705533223,10,-1,-5,-2,-1,-1,-4,-26
6488,6488,1503705533232,31,27,2,0,0,-2,3,1
6489,6489,1503705533239,2,-5,4,1,1,-1,2,1
6490,6490,1503705533254,-8,17,11,7,3,0,-2,1
6491,6491,1503705533261,4,-9,-2,-4,-3,-2,0,12
6492,6492,1503705533269,-46,-11,-10,-4,0,-1,-1,-4
6493,6493,1503705533284,-4,-2,-1,-5,-3,1,0,2
6494,6494,1503705533292,-7,-7,-9,-7,-3,0,0,-2
7604,7604,1503705544083,-12,8,-5,-4,0,2,3,1
7605,7605,1503705544084,9,3,9,0,-5,-7,-5,5
7606,7606,1503705544090,0,-11,-9,-8,-10,-11,-1,-7
7607,7607,1503705544099,6,5,-3,0,-3,-3,2,-6
7608,7608,1503705544113,-13,-18,-14,-2,-10,-5,-2,5
7609,7609,1503705544121,-36,9,10,3,3,3,-2,-21
7610,7610,1503705544130,-23,-5,0,3,5,0,1,14
7611,7611,1503705544144,10,-7,-3,1,-1,-1,-1,2
7612,7612,1503705544150,20,-7,-9,-4,-1,2,3,-1
7613,7613,1503705544158,-42,-7,10,0,0,0,-5,-3
7614,7614,1503705544159,33,6,2,-1,-2,0,-3,23
7615,7615,1503705544173,21,9,7,-3,2,1,1,14
7616,7616,1503705544181,9,4,-10,-5,-4,-4,-9,8
7617,7617,1503705544189,23,9,21,8,3,4,0,2
7618,7618,1503705544205,7,31,12,4,6,5,4,-20
7619,7619,1503705544211,-1,-21,-11,-2,9,13,-1,-2
7620,7620,1503705544218,-6,26,23,1,-7,-9,-3,11
7621,7621,1503705544219,-2,-14,-6,-3,-3,0,3,-11
7622,7622,1503705544238,-35,-1,0,0,-1,-2,-2,-6
7623,7623,1503705544242,-7,-22,-15,-2,0,-2,-1,-2
7624,7624,1503705544248,4,6,-1,0,1,-2,3,15
7625,7625,1503705544264,19,13,6,3,1,4,1,3
7626,7626,1503705544265,-21,11,7,-2,-4,-3,0,-13
7627,7627,1503705544271,12,0,-1,2,0,-2,-2,4
7628,7628,1503705544278,0,-7,-10,-4,-4,-4,-5,21
7629,7629,1503705544293,10,-4,-15,-4,-2,-3,3,26
7630,7630,1503705544303,0,-10,6,4,4,4,6,17
7631,7631,1503705544309,-5,-19,9,-2,-2,-2,-3,-23
7632,7632,1503705544324,-4,-29,-5,-2,-2,-2,1,-7
7633,7633,1503705544339,-78,-13,-6,-1,1,-1,2,-15
7634,7634,1503705544340,9,-1,1,-2,2,-1,-3,7
7635,7635,1503705544353,14,3,-9,-4,-2,0,-7,-14
7636,7636,1503705544361,-4,2,-6,1,-2,-3,-2,14
7637,7637,1503705544369,21,20,6,-1,-1,-1,1,9
7638,7638,1503705544383,12,6,0,-1,1,-1,-8,-9
7639,7639,1503705544390,18,-3,-3,-4,-6,-4,-2,-12
7640,7640,1503705544400,8,27,-2,-4,0,2,10,32
7641,7641,1503705544413,3,-10,-12,-2,0,-6,-7,31
7642,7642,1503705544421,3,-6,0,-3,-4,-1,-2,-12
7643,7643,1503705544431,16,9,10,6,2,4,0,-31
7644,7644,1503705544444,29,19,28,7,3,5,22,30
7645,7645,1503705544450,-20,1,-9,-9,-11,-5,1,4
7646,7646,1503705544458,-4,13,11,4,7,1,2,9
7647,7647,1503705544459,5,-20,-12,2,4,-1,-10,-10
7648,7648,1503705544473,7,21,17,0,-3,0,5,5
7649,7649,1503705544481,-14,2,-15,-7,-1,5,-9,-19
7650,7650,1503705544488,-5,-2,-7,0,11,1,-11,-33
7651,7651,1503705544504,6,-12,-12,-8,-11,-3,-6,-22
7652,7652,1503705544510,16,17,-2,4,0,-3,-2,5
7653,7653,1503705544518,-5,-10,0,-1,-3,-6,-2,-2
7654,7654,1503705544533,-52,-41,-11,6,4,0,-11,-25
7655,7655,1503705544542,-22,19,16,9,1,-1,-3,13
7656,7656,1503705544549,28,-3,-1,-2,-1,-1,5,-8
7657,7657,1503705544565,-8,-14,-9,-2,0,-5,-5,-20
7658,7658,1503705544578,32,2,-3,3,0,1,8,37
7659,7659,1503705544580,53,10,-4,0,3,4,6,24
7660,7660,1503705544593,0,4,7,-5,-1,1,-7,-17
7661,7661,1503705544602,17,10,7,-1,-3,-3,-4,-58
7662,7662,1503705544609,-3,2,3,-6,-4,2,18,22
7663,7663,1503705544623,-26,2,-12,-6,-6,-4,2,-25
7664,7664,1503705544634,4,-13,-8,-8,-9,-9,-6,8
7665,7665,1503705544646,-22,-23,-20,-5,-3,-4,5,-35
7666,7666,1503705544653,-1,10,15,6,2,3,15,14
7667,7667,1503705544661,2,13,5,2,7,2,1,34
7668,7668,1503705544676,-18,15,9,2,3,3,-3,-9
7669,7669,1503705544683,-15,-10,14,6,3,0,-2,14
7670,7670,1503705544690,-9,-16,-15,-2,3,7,7,-27
7671,7671,1503705544706,-7,-9,-6,-5,-5,-3,-9,-17
7672,7672,1503705544713,-4,-10,-12,-6,-8,-6,-14,-43
7673,7673,1503705544721,12,4,-6,-5,0,-2,-7,17
7674,7674,1503705544736,6,12,21,7,3,0,3,9
7675,7675,1503705544744,7,4,0,4,-1,2,-1,27
7676,7676,1503705544752,-34,-11,-13,0,2,-2,-9,-36
7677,7677,1503705544766,30,18,16,2,-1,-1,4,56
7678,7678,1503705544767,-18,-11,2,-4,-4,-4,-4,-3
7679,7679,1503705544776,5,-14,-11,-7,-6,-3,-3,-35
7680,7680,1503705544781,-1,-19,-9,-8,-4,0,8,35
7681,7681,1503705544797,69,34,18,6,3,-2,-9,33
7682,7682,1503705544804,-12,8,-7,-5,-5,-4,5,102
7683,7683,1503705544811,18,26,24,3,3,1,-1,74
7684,7684,1503705544812,-11,-3,5,2,1,-1,0,52
7685,7685,1503705544826,17,4,0,1,-1,0,8,-1
7686,7686,1503705544834,-19,7,7,-1,-3,0,-1,-29
7687,7687,1503705544842,-2,7,-1,5,4,-4,-9,-98
7688,7688,1503705544857,17,-4,-6,-5,-3,-2,1,-15
7689,7689,1503705544864,-2,2,7,2,1,3,2,7
7690,7690,1503705544872,-6,-20,3,4,2,1,1,11
7691,7691,1503705544886,4,-1,-2,-4,-7,-5,-6,-19
7692,7692,1503705544894,7,18,0,-5,-3,1,-1,12
7693,7693,1503705544901,2,-7,-4,1,-2,-2,-3,-16
7694,7694,1503705544917,-3,-2,-4,1,0,0,-1,14
7695,7695,1503705544924,-6,7,5,6,7,1,0,-11
7696,7696,1503705544939,5,0,-3,-1,-3,-3,-1,2
7697,7697,1503705544946,8,-9,-8,-1,6,5,-2,-15
7698,7698,1503705544954,-6,-4,-8,-2,-1,1,-2,-39
7699,7699,1503705544961,-5,38,19,1,-1,-1,4,17
7700,7700,1503705544977,-8,5,7,7,2,-4,-3,12
7701,7701,1503705544983,-4,1,1,5,4,-1,0,-3
7702,7702,1503705544984,-1,-19,-7,-2,8,8,1,-3
7703,7703,1503705545001,-11,-7,-10,-10,-6,-3,-1,15
7704,7704,1503705545006,-3,1,5,1,-10,-4,-1,-6
7705,7705,1503705545014,-3,-4,4,4,49,28,0,-44
7706,7706,1503705545021,-6,2,2,-1,0,2,-4,-16
7707,7707,1503705545037,7,0,5,0,-20,-14,0,63
7708,7708,1503705545044,-10,-5,3,1,-14,-12,-4,39
7709,7709,1503705545069,-42,-13,-6,-7,-8,1,-2,-8
7710,7710,1503705545074,4,8,4,7,9,8,-2,0
7711,7711,1503705545081,-10,-2,-3,1,-2,0,-1,-16
8604,8604,1503705553687,-4,-9,-2,1,-2,-3,-4,-1
8605,8605,1503705553700,-15,-6,-1,-2,-1,-1,-2,-9
8606,8606,1503705553706,7,3,-3,-4,-4,0,-2,4
8607,8607,1503705553720,-2,-6,-5,0,-4,-4,-2,0
8608,8608,1503705553728,5,19,10,1,2,-2,1,-2
8609,8609,1503705553736,3,0,-2,1,-1,-1,-1,7
8610,8610,1503705553745,-2,0,0,1,3,0,-2,-5
8611,8611,1503705553758,-1,6,-7,-4,-1,0,1,-1
8612,8612,1503705553765,-4,-12,-3,-3,-3,-1,1,-2
8613,8613,1503705553773,14,8,-6,-3,-1,-2,-3,-8
8614,8614,1503705553788,3,36,28,4,0,-1,1,2
8615,8615,1503705553796,3,0,-2,0,0,9,0,-2
8616,8616,1503705553804,4,-4,-9,-2,-1,-1,-2,3
8617,8617,1503705553818,0,-4,3,0,-9,-13,-1,-2
8618,8618,1503705553826,-9,-6,1,-2,-2,1,0,0
8619,8619,1503705553833,-31,-7,-2,0,4,-9,-1,-1
8620,8620,1503705553849,1,-9,-8,-2,1,1,1,0
8621,8621,1503705553856,9,2,1,0,17,9,-1,0
8622,8622,1503705553864,4,6,-4,-1,-5,-5,-1,-1
8623,8623,1503705553879,2,-3,-3,2,-2,-3,-1,-1
8624,8624,1503705553887,-2,-2,-2,-2,0,-2,-5,-3
8625,8625,1503705553893,2,14,7,2,-2,-1,-2,-4
8626,8626,1503705553908,-41,-20,-10,-2,-4,0,-1,-15
8627,8627,1503705553916,6,4,2,1,-4,1,-2,-4
8628,8628,1503705553924,0,-4,1,1,3,1,3,3
8629,8629,1503705553937,8,6,1,-3,-1,0,1,2
8630,8630,1503705553947,22,0,-2,-3,-1,-1,1,20
8631,8631,1503705553953,13,-6,-9,-4,-3,-2,1,12
8632,8632,1503705553968,4,2,-3,-4,-1,0,1,0
8633,8633,1503705553975,-4,-7,-3,1,1,-1,2,3
8634,8634,1503705553991,0,11,13,6,5,2,-2,4
8635,8635,1503705553997,-6,-15,-6,-5,-2,-5,-2,4
8636,8636,1503705554006,10,-6,-12,-4,-5,-2,-1,-7
8637,8637,1503705554021,0,8,5,1,1,4,0,-4
8638,8638,1503705554028,-2,-9,-17,-7,-3,-1,-3,-4
8639,8639,1503705554035,3,18,12,4,2,-1,-2,-4
8640,8640,1503705554051,6,-13,2,-2,0,1,-1,-9
8641,8641,1503705554057,0,0,-3,-4,-3,-4,-4,-8
8642,8642,1503705554066,-8,-2,0,-3,-4,0,-1,-4
8643,8643,1503705554080,-4,-6,3,2,0,0,-1,-1
8644,8644,1503705554089,-3,4,10,5,4,-2,0,0
8645,8645,1503705554096,2,-5,-1,4,1,0,-2,-1
8646,8646,1503705554113,-6,3,0,-4,-7,-3,-2,-1
8647,8647,1503705554118,-2,14,12,-8,-2,0,-1,-5
8648,8648,1503705554126,1,0,3,2,3,0,0,1
8649,8649,1503705554140,0,-13,-9,-8,-13,1,0,-1
8650,8650,1503705554148,7,1,2,11,1,-5,2,1
8651,8651,1503705554156,-8,1,5,2,6,0,0,-1
8652,8652,1503705554171,-9,-2,-3,-1,0,4,0,12
8653,8653,1503705554179,-1,-13,-10,-2,-3,-3,-1,0
8654,8654,1503705554186,13,-10,2,-1,-3,-2,-2,-2
8655,8655,1503705554200,3,-8,-9,0,4,0,-1,-2
8656,8656,1503705554208,-2,-1,-14,-4,1,-2,-3,-12
8657,8657,1503705554216,1,-6,-1,1,-2,-2,1,0
8658,8658,1503705554230,-7,9,1,-1,-3,1,0,-24
8659,8659,1503705554237,-7,7,4,2,-1,0,0,1
8660,8660,1503705554247,4,-4,-5,0,-3,-1,-2,-2
8661,8661,1503705554248,-7,-4,-1,-2,0,1,-3,7
8662,8662,1503705554260,-4,-2,-3,0,0,0,-1,-6
8663,8663,1503705554268,2,12,3,1,0,-1,0,-17
8664,8664,1503705554276,2,-5,-5,-5,0,2,2,29
8665,8665,1503705554291,-6,-5,6,2,1,-2,-2,2
8666,8666,1503705554297,-3,1,-6,-1,-2,0,-2,-9
8667,8667,1503705554306,-5,-2,0,2,2,-3,-3,-9
8668,8668,1503705554320,-5,-4,-1,-4,-2,-2,-3,-7
8669,8669,1503705554328,-1,-12,-16,-6,-3,-1,-1,1
8670,8670,1503705554336,-1,10,7,2,-3,1,-1,1
8671,8671,1503705554351,0,3,0,-1,-3,-2,-1,9
8672,8672,1503705554357,-7,-17,-15,-6,-4,-2,-2,-4
8673,8673,1503705554358,-8,-2,-7,-3,-2,0,-1,-15
8674,8674,1503705554365,0,4,-1,-1,-2,-3,-2,-4
8675,8675,1503705554382,-3,3,9,4,-1,0,0,3
8676,8676,1503705554389,-4,3,0,0,-1,-2,-1,10
8677,8677,1503705554395,-18,-9,-5,-3,1,-2,0,-1
8678,8678,1503705554410,10,4,6,1,-1,-1,-3,-9
8679,8679,1503705554418,39,9,-3,-4,-3,-2,-2,-12
8680,8680,1503705554426,3,-5,0,0,0,1,1,0
8681,8681,1503705554440,-8,-8,-3,-1,0,-1,-1,0
8682,8682,1503705554449,1,-12,-7,-1,-2,1,1,5
8683,8683,1503705554456,8,2,-5,0,-1,-1,-2,-2
8684,8684,1503705554471,-56,-6,2,-2,-2,-1,1,7
8685,8685,1503705554477,-16,-7,1,4,3,-1,-2,0
8686,8686,1503705554486,5,4,-1,-4,-3,-1,2,5
8687,8687,1503705554500,-6,1,1,2,-2,0,0,1
8688,8688,1503705554508,5,0,4,5,0,-5,-1,2
8689,8689,1503705554516,9,-1,0,0,-4,-8,-1,3
8690,8690,1503705554531,2,-14,-17,-12,-9,-3,-2,-4
8691,8691,1503705554537,-1,0,2,1,1,5,-2,-2
8692,8692,1503705554547,4,-14,4,3,10,3,-3,-5
8693,8693,1503705554560,0,4,7,-3,-3,-1,-1,3
8694,8694,1503705554568,10,-3,-3,9,3,-3,-4,-3
8695,8695,1503705554575,12,-4,-7,-5,2,-2,-1,-4
8696,8696,1503705554591,-5,-14,2,-1,2,0,2,7
8697,8697,1503705554598,-16,-20,-15,-8,-4,-1,-1,-7
8698,8698,1503705554606,-3,-13,-9,-5,-2,0,-3,-11
8699,8699,1503705554620,38,1,3,-1,0,-1,-2,5
8700,8700,1503705554628,-18,10,-4,-5,-2,2,0,0
8701,8701,1503705554635,38,33,8,-3,-1,-3,0,2
8702,8702,1503705554651,-7,10,1,-1,-1,-1,0,5
8703,8703,1503705554659,-18,-13,-6,0,1,2,1,2
8704,8704,1503705554666,15,9,3,-1,-1,0,0,4
8705,8705,1503705554683,-9,-5,0,1,-1,0,-1,4
8706,8706,1503705554688,0,-3,-2,-3,-5,0,-2,-4
8707,8707,1503705554696,-13,4,1,0,-10,-10,-1,-2
8708,8708,1503705554711,8,7,4,1,2,-1,0,0
9667,9667,1503705564084,-9,1,-2,0,-2,1,-2,-2
9668,9668,1503705564093,0,0,1,1,-1,-4,-2,-2
9669,9669,1503705564100,8,0,-2,0,2,-2,-2,1
9670,9670,1503705564115,6,2,-2,-2,-2,-1,0,0
9671,9671,1503705564123,-3,-2,-3,0,-1,-2,-1,-3
9672,9672,1503705564131,-4,1,0,0,-1,0,-2,0
9673,9673,1503705564145,1,3,2,-1,0,-1,-1,0
9674,9674,1503705564153,-2,-3,-6,-4,-2,-1,-1,0
9675,9675,1503705564161,11,-6,-3,-3,0,2,1,-1
9676,9676,1503705564175,-4,5,0,-1,0,0,-1,0
9677,9677,1503705564183,-5,20,2,0,-1,0,1,-2
9678,9678,1503705564191,-9,-3,-1,0,-1,0,-3,-6
9679,9679,1503705564205,-1,1,-2,-1,-1,-1,1,0
9680,9680,1503705564212,4,10,0,-4,-2,1,-2,-2
9681,9681,1503705564213,-6,-6,-1,1,0,0,-2,-3
9682,9682,1503705564227,0,-10,-3,-1,-1,0,1,-4
9683,9683,1503705564235,10,2,-1,-1,0,1,0,0
9684,9684,1503705564245,4,-8,-3,-2,0,-1,-2,1
9685,9685,1503705564258,6,4,1,-1,0,0,1,-1
9686,9686,1503705564265,-9,-7,-2,0,-1,-1,-3,-1
9687,9687,1503705564273,3,7,2,0,-1,-1,-2,1
9688,9688,1503705564287,-16,0,-3,-2,-1,0,-1,-2
9689,9689,1503705564298,2,2,-2,-1,-1,-1,-1,-1
9690,9690,1503705564303,-7,5,-2,-1,-3,-1,0,2
9691,9691,1503705564318,5,-4,-3,0,-1,-2,-2,-2
9692,9692,1503705564324,2,-2,-2,-2,0,0,1,0
9693,9693,1503705564333,2,-4,0,-2,-3,0,1,-1
9694,9694,1503705564347,3,0,2,-2,-1,-2,-1,1
9695,9695,1503705564355,4,8,5,0,-1,-1,0,0
9696,9696,1503705564365,4,6,2,-1,-1,0,-2,-2
9697,9697,1503705564378,-3,-3,-4,0,-1,0,-1,-1
9698,9698,1503705564384,-24,-6,3,2,-1,-1,0,-1
9699,9699,1503705564393,0,8,4,1,-1,0,1,1
9700,9700,1503705564407,-2,1,-4,-2,-1,-1,-1,1
9701,9701,1503705564415,-5,-13,-9,-3,-1,-1,-1,0
9702,9702,1503705564423,2,-13,-3,-1,0,0,0,-2
9703,9703,1503705564438,1,-4,4,1,0,-2,-2,1
9704,9704,1503705564444,-9,3,-2,-2,-1,-2,0,-4
9705,9705,1503705564445,15,4,-1,-1,-2,-1,-3,-2
9706,9706,1503705564453,-1,-3,-3,-2,-1,0,1,0
9707,9707,1503705564467,-1,1,0,-1,-1,1,0,-1
9708,9708,1503705564475,-5,-19,-5,-2,0,-2,-5,-2
9709,9709,1503705564483,4,2,-2,-2,-2,-1,-2,-2
9710,9710,1503705564498,0,-5,-3,-1,-1,1,-3,-2
9711,9711,1503705564499,-1,-3,-3,-2,-1,1,0,-2
9712,9712,1503705564505,3,3,-1,-1,1,0,0,0
9713,9713,1503705564513,-3,13,3,0,0,-1,-1,-1
9714,9714,1503705564527,25,7,2,3,0,0,0,2
9715,9715,1503705564535,9,-5,-1,0,-1,-3,-2,-2
9716,9716,1503705564543,-9,-4,1,-2,-1,-1,-1,-2
9717,9717,1503705564558,-9,9,0,0,0,-1,0,1
9718,9718,1503705564567,-20,-7,4,2,-1,0,-2,-2
9719,9719,1503705564573,-3,1,6,0,1,1,1,2
9720,9720,1503705564587,-18,-6,-5,-3,-1,0,1,-1
9721,9721,1503705564595,2,-7,-3,-2,0,-1,0,-4
9722,9722,1503705564603,6,-2,0,-1,2,-1,-5,-2
9723,9723,1503705564617,-1,1,-4,-3,-1,-1,-1,-3
9724,9724,1503705564625,-1,-1,0,1,0,0,1,-2
9725,9725,1503705564633,3,-10,-1,-1,-1,0,1,1
9726,9726,1503705564647,0,-7,-6,0,-2,-1,0,0
9727,9727,1503705564655,14,12,4,1,-2,-1,-1,2
9728,9728,1503705564666,4,0,-1,-1,-1,0,-2,0
9729,9729,1503705564678,-2,-6,-5,0,0,1,-2,-2
9730,9730,1503705564685,2,5,1,-2,-1,-1,0,-1
9731,9731,1503705564693,-5,9,0,-1,-2,0,3,3
9732,9732,1503705564708,-8,-11,-2,-1,0,-1,0,-1
9733,9733,1503705564715,-3,0,-1,0,0,-1,-1,-1
9734,9734,1503705564723,15,26,9,1,-1,-1,0,2
9735,9735,1503705564738,-4,-1,-2,0,-2,-1,-3,-3
9736,9736,1503705564745,10,-8,-5,-3,-3,-1,-1,0
9737,9737,1503705564753,3,-1,0,1,1,-1,0,-1
9738,9738,1503705564775,2,-5,-5,-1,-1,-1,-3,-2
9739,9739,1503705564776,-9,-11,-5,-2,1,0,-2,-1
9740,9740,1503705564783,-3,-3,-2,-1,-2,-2,0,-2
9741,9741,1503705564800,-6,5,0,-2,-1,-1,-2,-3
9742,9742,1503705564805,-8,-13,-4,-3,1,-1,-2,0
9743,9743,1503705564813,-2,-4,0,-1,-2,-2,0,0
9744,9744,1503705564827,-2,-3,-3,-2,-2,-1,0,-1
10261,10261,1503705569807,-20,3,6,1,1,0,-2,-4
10262,10262,1503705569824,8,-17,-2,-2,0,-2,-2,-1
10263,10263,1503705569829,-1,-3,-5,-2,-2,0,0,0
10264,10264,1503705569838,-40,-3,1,0,-2,0,-1,-3
10265,10265,1503705569852,-12,-1,-4,-4,-2,-1,-1,0
10266,10266,1503705569860,-10,3,-4,-1,-1,-1,0,1
10267,10267,1503705569868,-17,-2,1,1,-1,-2,-1,-2
10268,10268,1503705569882,13,1,-1,-1,1,-1,-2,-3
10269,10269,1503705569891,7,-12,-5,-4,-2,0,-1,-1
10270,10270,1503705569898,4,1,0,0,1,0,0,2
10271,10271,1503705569912,-1,-8,0,-1,-1,-1,0,-2
10272,10272,1503705569920,-1,-12,-5,-4,-1,-1,-2,-3
10273,10273,1503705569928,15,-8,-2,0,-2,-2,0,-1
10274,10274,1503705569929,-12,-10,-4,-1,-1,-1,-1,-2
10275,10275,1503705569942,7,5,4,-1,0,0,-3,0
10276,10276,1503705569949,12,-6,-14,-2,-3,-2,-3,-1
10277,10277,1503705569959,8,0,10,1,0,0,1,0
10278,10278,1503705569972,-4,10,-4,-1,-1,-2,-1,-2
10279,10279,1503705569980,23,-4,-3,-2,-2,-1,-1,-1
10280,10280,1503705569987,-5,-3,5,-2,0,0,1,0
10281,10281,1503705570002,-7,14,5,1,-2,-1,0,-1
10282,10282,1503705570009,-8,7,0,0,0,-1,1,-1
10283,10283,1503705570017,-2,-1,-2,0,-2,-1,-1,-5
10284,10284,1503705570032,13,-1,0,-1,-2,1,-3,-4
10285,10285,1503705570040,9,2,-4,-3,-1,-2,1,2
10286,10286,1503705570047,13,2,3,-1,0,1,-1,1
10287,10287,1503705570063,-3,2,4,1,0,0,2,1
10288,10288,1503705570069,-3,1,-10,-4,-2,0,-1,0
10289,10289,1503705570077,-7,14,-2,0,0,0,1,1
10290,10290,1503705570094,-39,-15,-2,-1,-1,-2,0,-5
10291,10291,1503705570102,-17,-12,4,-1,-2,0,-2,-2
10292,10292,1503705570108,-18,7,-1,-2,0,0,-1,-2
10293,10293,1503705570123,-2,-1,-2,0,-2,-1,-2,0
10294,10294,1503705570129,-10,-5,-4,-2,-2,0,-2,0
10295,10295,1503705570130,12,16,4,1,-1,1,2,3
10296,10296,1503705570137,0,-10,-10,-2,-1,-1,-1,1
10297,10297,1503705570152,-1,7,-1,0,0,-1,0,2
10298,10298,1503705570160,3,-6,1,-2,-1,1,-2,-2
10299,10299,1503705570174,33,-1,4,1,0,0,0,3
10300,10300,1503705570182,7,3,-3,-2,-2,-1,-2,-1
10301,10301,1503705570197,-1,-7,-3,-3,-1,-3,-1,-1
10302,10302,1503705570199,-4,-1,-4,0,0,1,-1,-1
10303,10303,1503705570212,-3,-1,1,-1,-1,0,-1,0
10304,10304,1503705570220,3,-3,0,0,0,-1,0,-4
10305,10305,1503705570228,-11,-28,-6,0,0,-1,0,-1
10306,10306,1503705570243,3,19,-2,-1,-1,-1,-1,0
10307,10307,1503705570249,4,-1,-6,-2,-2,1,-2,0
10308,10308,1503705570257,-10,-6,-4,0,0,-2,-1,-1
10309,10309,1503705570272,3,6,1,-2,-1,-2,-1,-3
10310,10310,1503705570280,15,0,2,-3,-1,0,0,0
10311,10311,1503705570287,2,1,4,-2,-1,-1,-1,0
10312,10312,1503705570303,15,-3,1,0,-2,-1,-1,1
10313,10313,1503705570309,-9,1,1,-1,0,0,-2,-2
10314,10314,1503705570318,1,4,1,0,0,-2,1,3
10315,10315,1503705570332,-10,1,2,1,-1,-1,-1,0
10316,10316,1503705570340,-34,-1,0,0,0,1,-2,-5
10317,10317,1503705570347,2,-2,-3,2,1,-1,0,0
10318,10318,1503705570362,9,2,-1,-2,-1,-2,-1,0
10319,10319,1503705570370,-61,-20,-5,-2,-1,1,-1,-6
10320,10320,1503705570377,4,-3,9,0,1,0,-2,1
10321,10321,1503705570394,29,-2,-4,0,1,-1,1,2
10322,10322,1503705570401,6,-3,-5,-2,-1,-2,-2,-1
10323,10323,1503705570407,4,-7,1,-1,-2,-2,0,0
10324,10324,1503705570422,-5,-6,-1,0,-1,1,-1,-2
11174,11174,1503705578612,24,6,-3,-6,-1,-1,-2,0
11175,11175,1503705578620,-5,3,-4,-3,-1,-1,0,-1
11176,11176,1503705578636,-3,-5,-4,-1,0,-4,-1,-1
11177,11177,1503705578643,-3,-3,-3,0,-1,1,-2,-1
11178,11178,1503705578649,0,16,9,4,-3,-4,-1,0
11179,11179,1503705578665,-7,-5,-3,-4,-2,-5,-1,-1
11180,11180,1503705578672,11,-3,-5,-3,-3,-1,-1,-1
11181,11181,1503705578687,-30,-9,2,1,2,0,-3,-6
11182,11182,1503705578694,-1,-3,-4,-2,11,11,1,1
11183,11183,1503705578703,2,-3,-2,-3,-2,-1,0,1
11184,11184,1503705578710,-9,0,1,-2,-3,-1,0,-2
11185,11185,1503705578725,3,-2,-6,-4,-2,1,1,0
11186,11186,1503705578732,-5,-10,-8,-1,-2,-5,-1,-1
11187,11187,1503705578742,0,8,19,5,1,-1,-1,0
11188,11188,1503705578755,-12,-13,1,1,1,0,-1,-3
11189,11189,1503705578762,13,7,3,1,-3,-1,0,2
11190,11190,1503705578763,-1,-9,-8,-4,-2,1,-1,-2
11191,11191,1503705578770,8,4,3,4,1,-3,-1,-2
11192,11192,1503705578784,-7,2,-1,-1,1,1,-2,0
11193,11193,1503705578792,-5,-3,-7,-3,-6,3,0,0
11194,11194,1503705578808,4,-2,-2,2,1,-2,-1,-4
11195,11195,1503705578815,13,4,6,4,-2,-4,-1,-3
11196,11196,1503705578822,-33,-29,-16,-7,-4,-1,2,0
11197,11197,1503705578829,8,-5,-2,-1,-3,-2,-3,0
11198,11198,1503705578845,13,9,2,3,1,-2,1,0
11199,11199,1503705578852,-26,-1,-5,-5,-2,-2,1,-1
11200,11200,1503705578860,2,-8,-8,-6,-3,1,-1,0
11201,11201,1503705578875,5,15,28,12,1,-2,-3,-3
11202,11202,1503705578883,17,10,-9,-5,-3,-2,-2,1
11203,11203,1503705578889,-3,-11,-17,-3,-2,-4,0,-3
11204,11204,1503705578906,4,10,14,4,-1,0,-1,2
11205,11205,1503705578913,-6,-2,-7,-6,-7,2,1,2
11206,11206,1503705578920,4,9,1,0,1,0,-1,-3
11207,11207,1503705578938,-1,-2,-5,-5,-4,-2,0,0
11208,11208,1503705578943,-8,-15,-13,-3,-4,-2,-1,-3
11209,11209,1503705578950,15,3,25,3,5,0,0,-1
11210,11210,1503705578965,2,2,4,1,0,-2,2,1
11211,11211,1503705578973,20,0,-4,-1,-1,-1,0,2
11212,11212,1503705578980,7,12,6,3,3,0,-2,-2
11213,11213,1503705578994,-23,-6,-11,-5,-4,-1,-2,-6
11214,11214,1503705579004,3,-7,-10,-4,-5,-2,0,3
11215,11215,1503705579010,-4,-1,2,-3,1,2,0,-2
11216,11216,1503705579024,-18,-25,-10,-2,-2,-1,0,-6
11217,11217,1503705579032,5,3,-3,-2,-1,-2,1,5
11218,11218,1503705579042,0,5,-2,-5,0,-1,-2,-1
11219,11219,1503705579054,-8,-16,-18,-3,-1,-3,-1,0
11220,11220,1503705579062,3,1,6,4,-1,-3,-1,0
11221,11221,1503705579071,-1,17,16,15,8,8,-6,-6
11222,11222,1503705579085,21,26,15,0,-2,2,2,5
11223,11223,1503705579092,1,-18,-7,-4,-5,-1,-3,-5
11224,11224,1503705579100,-19,-9,-1,2,1,2,0,-11
11225,11225,1503705579114,36,25,10,9,3,-5,-3,3
11226,11226,1503705579115,-15,-5,-6,-7,-4,-2,2,1
11227,11227,1503705579129,11,7,-2,0,-1,0,1,24
11228,11228,1503705579130,3,1,-5,0,0,-4,-1,4
11229,11229,1503705579145,-1,2,6,3,3,0,-4,-10
11230,11230,1503705579152,0,5,1,1,2,-2,-4,-3
11231,11231,1503705579167,-4,-3,1,1,-1,-2,0,2
11232,11232,1503705579175,5,-1,1,-3,-3,-4,1,-4
11233,11233,1503705579182,-8,-7,-2,1,-1,-2,-3,-17
11234,11234,1503705579197,2,10,12,5,-1,-1,2,9
11235,11235,1503705579205,7,-9,-2,1,0,-2,-2,5
11236,11236,1503705579213,2,-7,-8,-3,-2,-3,-4,-22
11237,11237,1503705579227,7,-10,-4,-4,-4,-3,-1,13
11238,11238,1503705579234,-26,-5,2,-3,0,-1,1,4
11239,11239,1503705579243,3,1,-2,-4,-3,-1,-1,-23
11240,11240,1503705579257,-1,4,-2,1,0,-2,2,6
11241,11241,1503705579265,-3,25,11,10,6,0,0,-3
11242,11242,1503705579272,-22,-13,-8,-6,-2,0,0,-34
11243,11243,1503705579287,-26,-16,-5,-7,-2,2,3,1
11244,11244,1503705579295,16,12,-1,-3,-1,-1,-1,10
11245,11245,1503705579302,-8,2,0,1,0,-4,-5,-28
11246,11246,1503705579303,-5,-1,8,3,2,-1,-1,-8
11247,11247,1503705579318,5,5,3,0,1,0,-1,5
11248,11248,1503705579326,20,-1,-1,-7,-5,-3,-2,-3
11249,11249,1503705579332,-1,-2,2,-1,1,-1,-1,16
11250,11250,1503705579348,14,-1,8,2,0,-1,-1,-4
11251,11251,1503705579355,11,1,-6,3,-1,0,-3,-13
11252,11252,1503705579362,4,8,-5,-4,-1,0,1,6
11253,11253,1503705579377,-2,1,0,1,-4,-1,2,0
11254,11254,1503705579385,-4,-9,-12,-5,-3,0,0,9
11255,11255,1503705579392,14,6,9,2,3,1,-2,-3
11256,11256,1503705579407,-10,-3,-6,0,-4,-2,-3,3
11257,11257,1503705579415,-8,-11,-10,-3,-4,-1,1,10
11258,11258,1503705579423,-10,2,0,-1,0,0,-6,-30
11259,11259,1503705579439,-5,-3,-3,-6,-4,-2,-1,-18
11260,11260,1503705579445,-9,-2,-1,-2,1,0,-2,-17
11261,11261,1503705579452,2,6,-4,-3,-1,1,0,12
11262,11262,1503705579467,-2,-2,-3,-3,1,-2,1,10
11263,11263,1503705579475,-3,8,1,-2,-1,-3,-2,-2
11264,11264,1503705579482,-1,-1,-1,-2,-2,-1,1,14
12221,12221,1503705588753,-8,-2,-5,-2,0,-1,-1,0
12222,12222,1503705588760,-8,-6,-1,-1,-1,1,-2,0
12223,12223,1503705588767,-9,-3,-4,-1,-2,-1,0,-3
12224,12224,1503705588782,-5,-1,1,-1,1,-1,-1,0
12225,12225,1503705588790,-27,-4,0,-1,0,-1,-2,-2
12226,12226,1503705588797,-49,13,12,2,-1,0,1,-2
12227,12227,1503705588812,4,3,1,0,-4,-1,-1,0
12228,12228,1503705588820,-11,-17,-5,-2,0,-2,-4,-3
12229,12229,1503705588828,-2,5,1,2,1,1,1,-1
12230,12230,1503705588842,9,4,6,2,-1,0,0,-1
12231,12231,1503705588850,1,1,-3,-3,0,-3,-5,-2
12232,12232,1503705588860,-20,-23,-9,-1,-1,1,1,-3
12233,12233,1503705588871,-1,2,1,1,1,0,1,-1
12234,12234,1503705588879,5,0,-2,-3,-1,-1,2,0
12235,12235,1503705588888,14,12,-1,-1,-3,-2,0,1
12236,12236,1503705588902,1,4,1,-2,0,-1,-1,-1
12237,12237,1503705588910,-1,-8,-2,-1,0,-1,-2,-3
12238,12238,1503705588917,-39,-10,-1,1,-1,-1,-3,-4
12239,12239,1503705588932,7,2,4,1,1,0,2,5
12240,12240,1503705588939,17,10,-4,-2,-1,-2,-1,0
12241,12241,1503705588947,-21,-5,-4,1,0,-1,0,-2
12242,12242,1503705588962,17,0,-5,-1,0,0,0,-2
12243,12243,1503705588969,-25,-10,-4,-3,0,-1,-1,-2
12244,12244,1503705588976,-19,-15,-5,-3,0,-1,-4,-5
12245,12245,1503705588992,8,-3,1,0,-2,-1,-1,-2
12246,12246,1503705588999,-2,3,2,-1,-3,1,1,1
12247,12247,1503705589007,-26,-7,-1,-1,0,-2,-2,-3
12248,12248,1503705589022,-40,-3,1,1,-2,-1,1,1
12249,12249,1503705589030,21,4,2,-1,-2,0,-1,0
12250,12250,1503705589036,8,-2,-3,0,-2,-1,1,0
12251,12251,1503705589054,-5,2,1,-1,-4,-3,-1,1
12252,12252,1503705589061,16,7,0,1,1,1,-1,5
12253,12253,1503705589067,50,13,1,0,-1,0,-2,0
12254,12254,1503705589082,29,6,-2,0,0,-1,-1,1
12255,12255,1503705589090,-45,-7,-3,-1,0,0,-4,-7
12256,12256,1503705589097,7,-6,0,0,12,10,1,0
12257,12257,1503705589112,10,1,0,-1,-1,-1,1,0
12258,12258,1503705589122,2,-6,-3,-3,-5,-2,0,-5
12259,12259,1503705589129,-3,-3,-2,-2,0,0,2,2
12260,12260,1503705589142,-12,3,0,-3,-3,-4,-3,-2
12261,12261,1503705589149,-13,-3,0,-1,-1,-2,0,-4
12262,12262,1503705589157,18,-1,1,0,-3,-4,-2,1
12263,12263,1503705589172,37,6,-3,-1,-1,0,-1,2
12264,12264,1503705589179,-18,-7,0,-2,-1,-1,-3,-9
12265,12265,1503705589189,-7,-11,1,-2,0,0,0,0
12266,12266,1503705589202,25,-8,-7,-1,-2,-1,-2,-2
12267,12267,1503705589209,14,3,-2,-1,-3,-3,0,-1
12268,12268,1503705589216,-18,-7,-2,0,-1,-3,1,0
12269,12269,1503705589232,7,-15,-1,0,-2,0,0,-2
12270,12270,1503705589239,-4,3,-3,-2,0,0,-1,-1
12271,12271,1503705589247,2,-1,-1,0,-1,3,-2,-1
12272,12272,1503705589262,20,5,-1,-1,-1,-2,-5,-2
12273,12273,1503705589269,-7,4,4,1,0,-2,-1,-1
12274,12274,1503705589276,5,0,2,0,-1,-4,-1,-2
12275,12275,1503705589294,8,-6,-2,0,-1,-4,-3,-4
12276,12276,1503705589299,8,-3,-1,-3,-4,-1,3,4
12277,12277,1503705589307,8,-16,-5,-1,-1,1,3,3
12278,12278,1503705589323,6,23,4,1,0,0,1,0
12279,12279,1503705589330,-18,4,-2,-2,-1,-1,-2,0
12280,12280,1503705589336,1,-4,4,1,0,-1,1,2
12281,12281,1503705589352,0,5,0,-1,-1,1,-1,-3
12282,12282,1503705589359,8,-2,-2,-2,-1,0,0,0
12283,12283,1503705589374,-3,7,2,-1,0,0,0,0
12284,12284,1503705589382,1,-3,-3,0,-1,-1,2,-2
12285,12285,1503705589397,5,10,2,0,-1,0,1,1
12286,12286,1503705589399,-2,-7,-4,-1,-1,-1,-2,-2
12287,12287,1503705589412,1,7,3,4,1,-1,-2,0
12288,12288,1503705589419,-50,-4,2,0,-1,-1,-4,-3
12289,12289,1503705589434,19,9,0,-1,2,1,-2,0
12290,12290,1503705589438,-15,-1,-2,-1,0,0,-2,-2
12291,12291,1503705589442,-12,6,-3,-1,0,0,-3,-2
12292,12292,1503705589449,-12,1,-2,-4,1,0,0,-1
12293,12293,1503705589464,21,2,5,0,-2,-1,-2,2
12294,12294,1503705589472,-68,-12,10,3,1,0,-1,-8
12295,12295,1503705589479,35,0,-3,-3,-1,0,1,-1
12296,12296,1503705589495,29,1,-4,-4,-1,0,0,6
12297,12297,1503705589501,4,2,4,4,1,0,-1,-4
12298,12298,1503705589509,7,0,0,-1,-1,-3,-4,0
12299,12299,1503705589524,17,-3,-8,-3,-2,2,2,-1
12300,12300,1503705589532,-2,1,-2,-2,-1,-2,0,-1
12301,12301,1503705589539,0,-4,0,-2,-1,-2,-1,0
12302,12302,1503705589556,21,-8,-2,0,1,0,0,-2
12303,12303,1503705589561,-24,-5,0,-2,-1,-2,-1,-1
12304,12304,1503705589562,2,-5,-4,-3,-1,-1,-1,1
12305,12305,1503705589569,2,-14,-9,-3,-3,0,-1,1
12306,12306,1503705589584,-15,-5,-2,-1,-2,0,0,-1
12307,12307,1503705589593,2,6,1,-2,-2,-3,0,1
12308,12308,1503705589599,-4,8,2,0,-2,-1,-1,-1
12309,12309,1503705589614,29,-2,-4,-3,-1,-1,2,-3
12310,12310,1503705589623,6,-3,0,-1,-1,-1,-1,0
12311,12311,1503705589630,-17,4,-6,-3,-1,0,-1,-1
12312,12312,1503705589644,-48,-5,-1,-2,-3,-4,-4,-5
12313,12313,1503705589652,-36,15,2,0,0,-2,-1,-1
12314,12314,1503705589659,34,0,-5,-3,0,-1,-2,0
12315,12315,1503705589674,-17,-15,-4,1,-2,0,-1,1
12316,12316,1503705589681,3,7,0,-1,-1,0,-1,-2
12317,12317,1503705589682,-11,-13,-3,0,1,-1,-1,0
12318,12318,1503705589691,24,5,8,4,1,0,-2,2
13267,13267,1503705598907,-12,-3,0,0,-1,-1,-3,-2
13268,13268,1503705598914,-3,-5,-6,-2,-2,-1,0,-2
13269,13269,1503705598928,0,-1,-3,-5,-1,-1,1,1
13270,13270,1503705598937,-9,-7,-6,-1,-1,-1,0,-2
13271,13271,1503705598944,-16,-6,-1,-2,0,0,-1,-4
13272,13272,1503705598959,8,-1,-1,0,0,-2,-2,0
13273,13273,1503705598966,11,-1,-2,-1,0,-1,-2,1
13274,13274,1503705598974,-5,-2,1,1,-1,-1,-3,-4
13275,13275,1503705598989,1,-1,-4,-2,-1,-1,-2,-1
13276,13276,1503705598996,-2,-4,-4,-3,-2,-1,0,-2
13277,13277,1503705599004,13,5,11,2,0,-1,0,0
13278,13278,1503705599019,-1,-1,-3,2,1,1,-3,-1
13279,13279,1503705599026,-4,-4,-7,1,0,-1,1,1
13280,13280,1503705599038,0,3,-1,-6,-2,-1,0,1
13281,13281,1503705599049,3,-2,-1,-3,0,-1,0,-1
13282,13282,1503705599056,-14,-6,-3,-3,-3,-2,-1,-4
13283,13283,1503705599063,2,2,1,3,1,0,-1,-1
13284,13284,1503705599064,-8,-5,-4,-2,-1,-3,-1,-2
13285,13285,1503705599079,-8,0,5,2,0,-1,-1,0
13286,13286,1503705599086,10,2,-2,-1,0,1,-2,-1
13287,13287,1503705599095,9,0,0,-3,0,1,0,1
13288,13288,1503705599109,5,-6,-4,0,-2,1,-3,-2
13289,13289,1503705599117,10,-1,-1,-1,0,-1,0,-1
13290,13290,1503705599123,4,6,3,3,0,-2,-1,1
13291,13291,1503705599141,1,-1,-3,-2,-2,1,5,0
13292,13292,1503705599146,-4,-2,-3,-1,-1,-6,-3,-3
13293,13293,1503705599154,4,2,3,2,1,0,10,1
13294,13294,1503705599171,-9,0,-1,-1,-2,2,3,-2
13295,13295,1503705599177,-3,-3,-2,-3,-3,-3,-3,-1
13296,13296,1503705599184,18,4,-2,0,-3,-2,1,-1
13297,13297,1503705599199,-20,0,-5,-5,-1,-1,-3,-1
13298,13298,1503705599207,3,-2,1,5,0,2,0,-3
13299,13299,1503705599214,7,-4,-3,-1,-2,-2,-2,6
13300,13300,1503705599229,-12,9,3,-2,-1,-1,-1,4
13301,13301,1503705599247,-26,-9,-7,-2,-1,-2,-2,0
13302,13302,1503705599260,-7,-3,1,2,0,1,-4,0
13303,13303,1503705599266,-2,-13,-8,-5,-1,-2,-3,-6
13304,13304,1503705599275,11,1,-1,0,2,-1,-2,-4
13305,13305,1503705599289,11,5,-2,-2,1,-1,-1,2
13306,13306,1503705599296,1,1,1,-1,0,0,1,2
13307,13307,1503705599314,-5,-1,-1,-2,-1,-2,-1,-2
13308,13308,1503705599319,-13,16,12,3,0,-1,-1,0
13309,13309,1503705599326,-16,3,5,4,1,0,0,0
13310,13310,1503705599344,-11,-6,-2,4,2,0,-3,-2
13311,13311,1503705599349,10,10,0,-3,-1,1,-5,-10
13312,13312,1503705599356,1,9,1,-5,-4,-1,0,-4
13313,13313,1503705599364,-1,-13,-9,-4,-3,-1,3,2
13314,13314,1503705599380,2,-10,-4,-5,-2,0,0,0
13315,13315,1503705599386,5,-1,-2,-4,-5,0,-1,6
13316,13316,1503705599395,2,6,5,4,1,-4,0,-2
13317,13317,1503705599410,4,-1,0,0,-2,-2,-2,-2
13318,13318,1503705599416,-23,-9,-6,-2,-2,0,0,-4
13319,13319,1503705599423,-1,1,3,3,-1,-1,-1,0
13320,13320,1503705599440,1,-2,-5,-1,-3,-1,-1,-2
13321,13321,1503705599447,-13,2,3,0,1,0,1,-3
13322,13322,1503705599454,8,1,-3,-2,-1,-2,-5,7
13323,13323,1503705599468,2,-5,-3,-3,0,0,-1,-5
13324,13324,1503705599477,-7,-11,-5,-3,-1,0,-1,-6
13325,13325,1503705599483,3,-1,14,5,3,-1,0,5
13326,13326,1503705599499,3,3,-1,-1,-2,0,-2,-7
13327,13327,1503705599507,4,-4,-3,0,-2,-2,-1,1
13328,13328,1503705599515,9,-2,2,2,-3,-2,-1,0
13329,13329,1503705599528,0,-1,-5,-6,0,1,0,1
13330,13330,1503705599537,7,0,-4,-3,3,0,1,3
13331,13331,1503705599545,-11,-9,-3,-3,-2,-2,1,0
13332,13332,1503705599559,16,4,1,6,0,-2,-4,-2
13333,13333,1503705599566,5,1,2,2,0,1,0,-2
13334,13334,1503705599574,-3,-3,-6,-5,-6,-2,0,2
13335,13335,1503705599589,1,7,6,4,-5,-3,-1,-5
13336,13336,1503705599596,5,0,4,7,4,-1,-3,-4
13337,13337,1503705599604,3,-1,-8,-7,-2,-1,-2,1
13338,13338,1503705599619,2,-13,-3,-4,0,0,0,-1
13339,13339,1503705599626,12,17,25,3,0,-4,-2,-2
13340,13340,1503705599634,9,8,0,-2,0,0,0,2
13341,13341,1503705599650,28,-1,-10,-2,-1,-1,-2,-1
13342,13342,1503705599656,-3,-3,1,-1,-1,-1,-1,1
13343,13343,1503705599673,8,-2,-5,-1,1,1,2,3
13344,13344,1503705599680,7,1,-2,1,-7,-14,-2,0
13345,13345,1503705599686,-18,-6,-3,1,-4,-13,-8,-2
13346,13346,1503705599701,-7,-3,-4,-4,2,19,-4,1
13347,13347,1503705599709,-9,-2,-1,2,-1,2,27,9
13348,13348,1503705599716,3,-3,-2,-1,1,1,-32,-2
13349,13349,1503705599717,-2,4,5,2,-4,-12,-4,-3
13350,13350,1503705599731,0,5,6,16,12,15,3,-2
13351,13351,1503705599742,-9,-8,-8,-2,2,1,3,0
13352,13352,1503705599746,-10,-3,-2,-7,-2,-8,-7,-1
13353,13353,1503705599761,9,-5,-13,-4,1,-1,-4,2
13354,13354,1503705599768,0,15,14,0,-3,-5,4,11
13355,13355,1503705599769,-8,-13,-9,-5,-3,1,-6,-28
13356,13356,1503705599776,-12,-31,-23,-7,3,0,4,-5
13357,13357,1503705599792,-46,-10,-4,0,-1,-1,-6,0
13358,13358,1503705599799,-16,-4,1,-2,-3,-3,0,2
13359,13359,1503705599809,23,7,0,-5,-4,-5,-5,14
13360,13360,1503705599821,2,7,-4,-3,-2,0,-1,2
13361,13361,1503705599828,0,-10,-4,3,-1,-6,-2,-4
13362,13362,1503705599829,22,17,20,-1,-3,4,3,1
13363,13363,1503705599836,9,10,11,3,1,-1,0,-14
13364,13364,1503705599851,-7,-4,-8,-4,-2,-3,-4,-7
14241,14241,1503705608400,-4,-7,-5,-2,-1,0,-1,-2
14242,14242,1503705608408,-6,0,-4,-1,-2,-2,-3,-1
14243,14243,1503705608422,-6,-10,-7,-2,-2,1,-1,-2
14244,14244,1503705608423,0,-1,2,-2,-1,-1,-1,-2
14245,14245,1503705608431,-4,-1,5,-1,0,-1,2,-2
14246,14246,1503705608438,-11,-11,0,-1,0,0,-3,5
14247,14247,1503705608453,9,4,0,0,-1,0,-1,-2
14248,14248,1503705608460,2,3,-4,-3,0,-1,0,-2
14249,14249,1503705608468,-14,0,0,0,-2,-2,-1,-2
14250,14250,1503705608486,-6,-1,1,0,-1,1,1,-1
14251,14251,1503705608492,-1,-22,-5,0,-1,0,2,2
14252,14252,1503705608493,15,38,9,0,-2,-2,-1,2
14253,14253,1503705608498,-2,-3,-6,-2,0,-1,-1,-3
14254,14254,1503705608513,-5,-3,1,0,-1,-2,0,2
14255,14255,1503705608521,5,2,3,2,0,-3,-1,-1
14256,14256,1503705608528,-5,1,-6,-2,-1,-2,0,-2
14257,14257,1503705608546,-4,3,-2,0,0,0,-1,-1
14258,14258,1503705608552,-4,11,0,0,1,0,-1,0
14259,14259,1503705608565,2,-2,-1,-1,-2,-2,0,-3
14260,14260,1503705608573,6,13,-2,-1,-2,1,-3,0
14261,14261,1503705608588,-4,6,11,2,0,0,-2,0
14262,14262,1503705608589,-4,-16,0,2,0,-1,-4,-3
14263,14263,1503705608602,7,7,10,2,-2,-1,2,1
14264,14264,1503705608610,3,4,0,-1,-2,-3,-3,1
14265,14265,1503705608611,-5,-7,6,1,0,-1,1,-3
14266,14266,1503705608619,4,0,-9,-3,-1,-2,-2,-1
14267,14267,1503705608633,11,-3,-6,-4,0,-1,-1,0
14268,14268,1503705608640,9,20,-1,-1,1,-1,-3,-2
14269,14269,1503705608648,-3,-11,-10,-1,0,0,-1,-2
14270,14270,1503705608662,-7,-7,-12,-2,-1,-1,-1,1
14271,14271,1503705608670,-5,7,13,1,0,-1,0,2
14272,14272,1503705608678,-6,-6,-1,0,0,-1,2,0
14273,14273,1503705608694,-8,3,-5,-1,-3,-2,1,3
14274,14274,1503705608700,3,-13,-7,-3,-1,-2,-1,-2
14275,14275,1503705608708,6,3,3,-1,-1,0,-1,-3
14276,14276,1503705608722,3,24,8,1,-1,1,-2,-4
14277,14277,1503705608731,-8,-1,1,1,1,0,-1,-1
14278,14278,1503705608738,1,-11,-9,-4,1,-2,0,0
14279,14279,1503705608753,-6,8,-1,-2,0,-1,-1,0
14280,14280,1503705608762,0,-7,0,-1,0,-1,-1,-4
14281,14281,1503705608768,-1,-6,-5,-1,-1,-2,-1,-1
14282,14282,1503705608782,-2,4,-1,-1,-2,-1,-1,1
14283,14283,1503705608791,21,2,-2,-2,-3,-1,-1,0
14284,14284,1503705608798,-4,-1,1,-1,-2,0,-2,-3
14285,14285,1503705608813,-12,-23,0,-2,0,1,1,0
14286,14286,1503705608820,2,23,3,-2,-1,-1,-1,-2
14287,14287,1503705608821,-2,-6,-4,-1,-3,0,0,-2
14288,14288,1503705608828,-14,-4,-1,0,1,0,1,5
14289,14289,1503705608843,5,5,25,4,2,0,-1,0
14290,14290,1503705608853,2,-1,-5,-3,-1,-1,0,-2
14291,14291,1503705608858,17,13,2,-1,0,-1,-1,0
14292,14292,1503705608873,2,3,1,-1,0,-1,0,-1
14293,14293,1503705608880,2,-13,-5,-1,-2,-1,-2,-3
14294,14294,1503705608889,5,10,-1,0,-1,-2,-1,-3
15317,15317,1503705619462,-11,-3,4,-1,-1,-2,-1,0
15318,15318,1503705619463,4,9,-3,-2,-3,0,0,2
15319,15319,1503705619469,1,1,2,1,0,-1,1,-1
15320,15320,1503705619478,-4,1,2,-1,-1,-2,-1,0
15321,15321,1503705619492,-8,-3,0,0,-1,0,0,-1
15322,15322,1503705619500,-8,9,-3,0,-1,-1,1,0
15323,15323,1503705619507,-4,-7,-4,-2,0,0,1,0
15324,15324,1503705619523,1,-8,-2,-1,0,-2,-4,-3
15325,15325,1503705619529,-13,-16,2,2,-1,-3,-2,-1
15326,15326,1503705619540,7,1,-1,-1,0,0,-1,-5
15327,15327,1503705619552,-2,0,-3,-1,-1,-1,-1,-2
15328,15328,1503705619560,0,3,4,1,-2,-2,1,1
15329,15329,1503705619567,1,5,-2,-2,0,0,0,2
15330,15330,1503705619583,-3,1,-4,0,0,-2,0,1
15331,15331,1503705619589,-5,5,5,1,-1,-1,0,0
15332,15332,1503705619598,5,12,-1,1,-1,1,-2,-1
15333,15333,1503705619613,3,15,-4,-3,-1,-1,-2,-1
15334,15334,1503705619620,4,-4,2,-2,-1,1,0,1
15335,15335,1503705619627,3,-12,-2,0,-1,1,1,0
15336,15336,1503705619643,10,2,5,1,0,-1,-1,-2
15337,15337,1503705619644,-12,12,-1,0,0,-2,0,-1
15338,15338,1503705619650,0,-4,-3,-3,-1,-3,-2,-1
15339,15339,1503705619657,4,-7,0,-1,-1,-1,-1,0
15340,15340,1503705619674,13,18,-1,-2,-1,-2,-1,-3
15341,15341,1503705619680,7,1,-1,-1,0,-1,-2,0
15342,15342,1503705619687,-15,-9,2,1,-2,0,-2,-1
15343,15343,1503705619703,3,-2,-1,0,-1,0,1,0
15344,15344,1503705619710,20,8,-2,0,-1,1,0,-1
15345,15345,1503705619718,-6,-3,-2,-2,-1,-2,-4,-3
15346,15346,1503705619732,4,-2,-2,-1,1,-1,-4,-2
15347,15347,1503705619742,4,-16,-1,0,2,2,1,-1
15348,15348,1503705619755,4,-6,0,-1,0,0,0,0
15349,15349,1503705619762,-2,-2,-6,-3,-1,-1,-1,1
15350,15350,1503705619770,-14,-13,-2,0,-1,-1,-2,-1
15351,15351,1503705619778,-11,0,2,2,0,-1,2,-2
15352,15352,1503705619793,-27,5,-1,-3,0,-4,-1,0
15353,15353,1503705619800,-5,10,-1,0,1,-1,-1,0
15354,15354,1503705619816,10,-12,-1,0,-1,-1,0,0
15355,15355,1503705619822,-28,2,0,-3,0,-3,1,-2
15356,15356,1503705619823,8,-3,6,2,-1,0,-1,1
15357,15357,1503705619830,-13,6,0,-3,0,1,0,-1
15358,15358,1503705619831,22,14,2,-1,-1,-2,-4,-4
15359,15359,1503705619838,5,-5,-3,-1,-3,0,1,3
15360,15360,1503705619853,-3,-16,-1,0,0,-1,-3,0
15361,15361,1503705619860,-12,-1,-2,-4,-2,0,-1,-4
15362,15362,1503705619876,-4,1,-4,-1,-1,2,2,0
15363,15363,1503705619883,-3,-6,-4,-1,0,0,2,-1
15364,15364,1503705619891,1,4,-1,-1,-3,-2,0,-1
15365,15365,1503705619898,-7,0,-2,0,0,-1,-1,0
15366,15366,1503705619913,-5,0,-3,-1,-1,-3,-2,0
15367,15367,1503705619920,5,-4,-2,-5,-2,-2,1,0
15368,15368,1503705619936,6,-1,-3,-3,-3,0,1,-2
15369,15369,1503705619944,-4,-13,1,0,1,0,-2,-4
15370,15370,1503705619952,15,5,8,2,-1,0,2,3
15371,15371,1503705619957,2,-14,-6,-1,-2,-1,-2,-1
15372,15372,1503705619976,-3,0,-9,-4,-3,-1,-1,3
15373,15373,1503705619980,-1,-11,-6,-1,0,-1,0,-2
15374,15374,1503705619995,6,17,2,0,0,-1,0,0
15375,15375,1503705619996,-10,-2,2,0,-2,0,2,1
15376,15376,1503705620003,-1,3,1,-1,0,-4,-3,0
15377,15377,1503705620011,-13,-15,-6,0,1,-1,-3,-4
15378,15378,1503705620018,6,9,2,2,-1,-1,-1,-1
15379,15379,1503705620033,-4,3,0,-1,-1,-1,-1,-3
15380,15380,1503705620043,2,13,0,-1,-1,-1,-1,-1
15381,15381,1503705620056,21,8,1,-1,-1,-2,-1,0
15382,15382,1503705620082,7,-8,-5,-1,1,-1,1,3
15383,15383,1503705620083,-4,4,-1,0,-1,0,0,0
15384,15384,1503705620089,7,-12,-3,-1,-3,-2,-3,0
15385,15385,1503705620093,3,2,4,1,1,1,-5,-3
15386,15386,1503705620101,-9,-7,-1,0,1,0,1,0
15387,15387,1503705620116,7,4,-1,-3,-2,0,1,-2
15388,15388,1503705620122,-3,5,0,-2,-1,0,-1,-1
15389,15389,1503705620130,-10,0,3,-1,-1,-2,0,-1
15390,15390,1503705620137,6,5,0,-1,-1,-2,-1,-2
15391,15391,1503705620153,-7,4,0,-1,-1,-1,1,0
15392,15392,1503705620160,21,14,-1,0,-2,-2,-1,0
15393,15393,1503705620177,-23,6,5,0,-1,-1,-3,-2
15394,15394,1503705620183,-1,-7,-3,-1,0,1,0,-1
15395,15395,1503705620190,8,-4,-6,-2,0,-2,0,1
15396,15396,1503705620205,-19,11,3,1,-2,0,-1,-3
15397,15397,1503705620213,1,0,-4,-1,0,-1,0,1
15398,15398,1503705620220,-3,0,-2,-2,1,-2,-2,-1
15399,15399,1503705620235,3,2,2,-1,-1,1,1,0
15400,15400,1503705620245,18,3,2,0,1,-1,0,-2
15401,15401,1503705620250,12,2,-4,-2,-2,-3,-5,-4
15402,15402,1503705620265,-12,-9,1,-3,-1,0,0,1
15403,15403,1503705620273,-16,-4,0,1,-1,0,-1,-1
15404,15404,1503705620280,6,4,0,0,0,0,0,-1
15405,15405,1503705620296,16,12,2,2,0,-3,0,1
15406,15406,1503705620303,14,27,-1,-1,0,0,-1,3
15407,15407,1503705620311,-14,9,0,1,-1,2,1,-2
15408,15408,1503705620325,-4,-6,-3,-1,-2,-1,0,-1
15409,15409,1503705620333,-25,-16,-5,-2,-2,0,-2,-3
15410,15410,1503705620340,-12,-11,-1,-2,0,-1,-1,-5
15411,15411,1503705620355,13,10,-3,0,0,-1,-4,-1
15412,15412,1503705620356,7,-8,-2,-2,-1,-3,1,2
15413,15413,1503705620362,9,2,2,-2,-1,-3,-3,-2
15414,15414,1503705620370,8,4,1,-1,1,-1,0,-1
15415,15415,1503705620385,1,-4,2,-1,-2,1,1,2
15416,15416,1503705620393,-1,5,0,-2,-3,0,-2,-1
15417,15417,1503705620400,-10,-14,-4,0,-2,0,-1,-3
15418,15418,1503705620416,-6,-14,1,-1,0,0,-1,-3
15419,15419,1503705620423,4,-9,2,-1,-1,-3,1,0
15420,15420,1503705620430,-21,-19,-1,0,1,-1,1,-3
15421,15421,1503705620445,-4,7,2,1,-2,-2,-3,0
15422,15422,1503705620453,15,24,3,0,-1,0,1,4
15423,15423,1503705620460,-17,-1,-1,1,-1,0,-2,-1
15424,15424,1503705620477,-3,-9,-3,-2,0,-3,1,-2
15425,15425,1503705620484,7,8,-1,1,-1,0,1,-1
15426,15426,1503705620490,11,-1,-1,-2,0,0,1,-1
15427,15427,1503705620505,24,-1,-2,-3,-1,-3,1,-1
15428,15428,1503705620514,4,0,-1,-4,-2,0,-3,0
15429,15429,1503705620520,5,-8,-4,-1,1,0,-1,1
15430,15430,1503705620535,1,-7,-2,1,1,-2,-1,-2
15431,15431,1503705620545,-18,-6,-2,-1,0,0,1,-1
15432,15432,1503705620552,4,-18,-7,0,0,0,-3,-1
15433,15433,1503705620565,-11,-9,-4,-4,-3,-1,-2,-2
15434,15434,1503705620573,-6,1,-6,-1,0,-3,-1,-1
15435,15435,1503705620581,-2,2,-1,-2,-1,0,0,2
15436,15436,1503705620595,6,-1,-7,-1,-2,1,-2,0
15437,15437,1503705620602,-23,4,1,-1,-3,2,0,-2
15438,15438,1503705620612,-2,19,8,1,-2,-2,0,0
15439,15439,1503705620625,15,4,3,2,0,0,-1,-1
15440,15440,1503705620633,-3,-16,1,1,-1,1,0,-3
15441,15441,1503705620640,-15,1,-2,-3,0,-2,-1,-2
15442,15442,1503705620655,-6,5,1,0,2,0,3,2
15443,15443,1503705620662,5,0,0,0,1,-1,0,0
15444,15444,1503705620670,0,2,0,0,1,0,-4,-1
15445,15445,1503705620687,1,7,3,0,0,0,-2,-1
15446,15446,1503705620693,8,-4,1,-3,-1,-1,0,-2
15447,15447,1503705620700,-32,-27,-7,-2,-1,-3,0,-3
15448,15448,1503705620716,-7,2,-5,-1,-2,-3,-1,-1
15449,15449,1503705620722,15,1,7,0,0,2,1,1
15450,15450,1503705620723,-2,-3,1,-2,-1,1,-1,2
15451,15451,1503705620730,-9,-4,-3,0,0,-1,-1,0
15452,15452,1503705620746,9,-1,-2,1,1,-1,-1,-3
15453,15453,1503705620754,13,0,0,0,0,0,-1,-3
15454,15454,1503705620760,-10,11,-2,0,-3,-3,-1,-4
15455,15455,1503705620775,10,0,0,-4,-1,-1,-1,-1
15456,15456,1503705620783,13,-4,-3,-2,-1,-1,-1,-3
15457,15457,1503705620790,-3,9,4,3,-2,0,1,-1
15458,15458,1503705620805,-4,-1,2,1,0,1,-1,2
15459,15459,1503705620813,12,16,7,-1,-1,-1,2,2
15460,15460,1503705620821,11,-2,5,3,1,0,-1,-3
15461,15461,1503705620836,8,8,0,-2,-2,-1,-1,2
15462,15462,1503705620842,-5,-5,-6,-2,-2,0,0,0
15463,15463,1503705620843,37,19,7,-1,0,-2,0,1
15464,15464,1503705620852,-29,-7,-2,-1,0,-2,0,-2
16834,16834,1503705634229,27,7,0,0,0,1,1,1
16835,16835,1503705634237,4,-5,0,-3,-2,-2,-1,0
16836,16836,1503705634252,-11,-5,0,-1,-2,-2,-2,-4
16837,16837,1503705634259,1,10,11,2,0,1,1,1
16838,16838,1503705634267,-14,-5,0,-1,-1,-1,-1,-3
16839,16839,1503705634281,-6,0,-5,-1,-1,0,-2,1
16840,16840,1503705634290,1,7,3,0,0,0,-1,0
16841,16841,1503705634297,-3,-2,0,-2,1,-1,0,-1
16842,16842,1503705634313,-1,-8,-5,-1,-1,-1,-3,-2
16843,16843,1503705634319,3,-1,-2,-1,-2,-2,-2,-1
16844,16844,1503705634327,-10,-4,-2,-1,-1,-3,0,-2
16845,16845,1503705634341,3,6,-5,-2,-2,-2,0,-4
16846,16846,1503705634350,-5,-3,-2,1,0,0,-2,0
16847,16847,1503705634357,-1,2,-4,-1,-1,-1,-2,-1
16848,16848,1503705634372,0,-8,2,1,0,-1,0,-1
16849,16849,1503705634382,1,-11,-6,-2,0,0,0,0
16850,16850,1503705634387,-6,7,0,1,1,-1,-1,-2
16851,16851,1503705634401,-13,-6,3,0,-1,0,-1,-4
16852,16852,1503705634409,-3,-1,-1,-2,-2,0,-1,0
16853,16853,1503705634417,2,2,5,1,1,0,1,0
16854,16854,1503705634432,-4,-5,-4,-3,0,-1,0,-3
16855,16855,1503705634439,1,1,-1,0,-1,-1,-1,0
16856,16856,1503705634448,-1,4,3,0,0,-2,1,0
16857,16857,1503705634461,-2,-2,-1,-2,-1,0,-1,0
16858,16858,1503705634469,9,2,-4,0,-1,-2,-2,1
16859,16859,1503705634477,2,-2,-1,-2,-2,-1,0,-3
16860,16860,1503705634494,0,-6,0,-3,-1,0,2,-1
16861,16861,1503705634499,3,-3,-3,-2,0,0,0,-3
16862,16862,1503705634507,2,-4,-2,-1,-1,-1,-2,-5
16863,16863,1503705634521,-8,8,5,1,-2,-1,-1,1
16864,16864,1503705634529,-6,-14,-4,0,0,-1,-2,-2
16865,16865,1503705634537,-4,3,2,0,-2,0,-2,0
16866,16866,1503705634554,4,4,-1,-1,-2,-1,-2,2
16867,16867,1503705634559,5,-3,-3,-1,0,-3,-2,0
16868,16868,1503705634567,4,5,1,0,1,0,0,1
16869,16869,1503705634582,-5,-5,-1,-2,0,0,-1,-5
16870,16870,1503705634583,1,3,4,0,0,0,-2,0
16871,16871,1503705634589,-1,-4,0,1,-3,0,-1,0
16872,16872,1503705634597,-1,2,-3,-2,0,-2,0,-1
16873,16873,1503705634612,-2,2,0,-1,-1,0,0,-2
16874,16874,1503705634619,-2,-5,-5,-1,0,0,-1,-2
16875,16875,1503705634627,3,0,-2,-3,-1,-1,0,2
16876,16876,1503705634641,-4,-7,-7,-4,-1,-1,-3,0
16877,16877,1503705634650,-3,-4,0,1,-2,0,-1,0
16878,16878,1503705634657,4,-2,-3,-1,-1,-3,-2,-2
16879,16879,1503705634658,-6,-18,-3,0,0,-1,-2,-2
16880,16880,1503705634672,-6,3,-2,0,-2,-1,-2,-2
16881,16881,1503705634679,3,-3,0,0,0,-1,0,-3
16882,16882,1503705634682,-1,0,0,0,-1,-1,1,-1
16883,16883,1503705634687,-3,-2,-3,-3,-1,1,-2,-2
16884,16884,1503705634701,2,1,-3,-1,-1,1,-1,0
16885,16885,1503705634709,6,3,3,-1,2,-2,1,-1
16886,16886,1503705634719,0,-2,0,-1,-1,-1,1,0
16887,16887,1503705634732,7,3,0,-1,-1,-2,1,0
16888,16888,1503705634738,-5,6,2,0,-1,0,-1,2
16889,16889,1503705634739,3,4,1,-1,-1,1,1,-2
16890,16890,1503705634749,-3,-1,-2,0,0,0,-2,-4
16891,16891,1503705634761,3,-4,1,0,-2,0,-2,1
16892,16892,1503705634769,2,-10,-6,-2,-2,1,-2,-2
16893,16893,1503705634777,0,-5,-7,-1,1,1,0,-3
16894,16894,1503705634792,3,4,1,-1,-2,-1,0,0
16895,16895,1503705634799,-2,0,-1,-1,-2,-1,0,0
16896,16896,1503705634807,-4,-1,-1,-1,-1,-1,-2,-1
16897,16897,1503705634821,0,6,2,1,0,0,-2,-2
16898,16898,1503705634829,0,3,0,0,-1,-1,-2,1
16899,16899,1503705634837,-4,3,-3,-1,-1,-2,-3,-2
16900,16900,1503705634852,1,-4,-2,0,0,-1,1,1
16901,16901,1503705634859,0,-3,-1,-1,-1,0,-1,-3
16902,16902,1503705634867,16,-4,-3,-3,-1,-2,0,-1
16903,16903,1503705634884,1,1,1,-3,-1,-1,1,0
16904,16904,1503705634890,8,-8,1,1,1,-2,0,0
18227,18227,1503705647766,1,-6,-1,-1,1,1,-1,1
18228,18228,1503705647774,-3,0,-5,0,-2,0,-3,0
18229,18229,1503705647783,-10,2,-2,-2,-1,-3,-1,-2
18230,18230,1503705647797,2,0,-5,0,-1,0,0,-2
18231,18231,1503705647804,-6,-2,0,-2,0,0,-3,-1
18232,18232,1503705647814,3,0,-1,-1,-3,-2,1,1
18233,18233,1503705647826,-3,-7,-1,1,-2,-1,0,0
18234,18234,1503705647841,3,-2,3,1,0,-1,-2,-2
18235,18235,1503705647842,-11,1,-2,-2,-4,-1,0,-1
18236,18236,1503705647857,2,0,-4,-1,-2,0,-2,1
18237,18237,1503705647864,5,5,0,-1,1,-1,-1,-3
18238,18238,1503705647872,-6,0,-1,-1,0,-3,-1,0
18239,18239,1503705647886,-7,-5,-1,-1,-1,0,1,0
18240,18240,1503705647887,14,3,-2,-1,-2,-4,-1,0
18241,18241,1503705647894,-12,-4,-1,-1,-1,0,2,-3
18242,18242,1503705647901,-4,-1,1,2,1,-1,0,1
18243,18243,1503705647917,-3,-5,0,0,0,0,0,0
18244,18244,1503705647925,-4,-4,0,-2,0,-2,-2,-3
18245,18245,1503705647932,0,-2,-3,-3,-3,0,-1,-2
18246,18246,1503705647949,-2,11,4,1,-3,0,-2,1
18247,18247,1503705647954,-3,-1,-1,-4,0,0,1,-1
18248,18248,1503705647962,-4,-3,-1,-1,-1,0,1,-1
18249,18249,1503705647977,1,4,3,2,0,-1,-2,-1
18250,18250,1503705647985,-1,-4,-3,1,1,0,-1,-1
18251,18251,1503705647992,4,-3,-2,-1,-2,0,0,0
18252,18252,1503705648006,4,-6,-2,-2,1,0,-2,-3
18253,18253,1503705648016,-11,-2,1,-1,0,0,-1,-1
18254,18254,1503705648021,3,8,2,1,-1,-1,-4,1
18255,18255,1503705648022,-7,-9,-4,-1,-3,-2,1,1
18256,18256,1503705648037,-5,-12,-2,1,1,-1,1,-1
18257,18257,1503705648044,5,10,0,0,-1,-1,-1,1
18258,18258,1503705648053,4,2,-3,-1,-1,0,-2,-1
18259,18259,1503705648066,-7,1,0,1,-1,-1,0,1
18260,18260,1503705648074,-1,-1,-2,-3,-1,-1,0,0
18261,18261,1503705648083,2,8,11,-1,0,0,0,0
18262,18262,1503705648097,5,3,-1,-1,0,-1,1,0
18263,18263,1503705648104,-2,-6,-4,-3,-1,0,-1,-4
18264,18264,1503705648112,-5,1,-2,-1,-1,0,-2,-3
18265,18265,1503705648126,8,0,-1,-2,0,-1,0,-1
18266,18266,1503705648134,-7,2,-1,0,0,-2,-3,-2
18267,18267,1503705648141,-2,-5,-2,1,-1,0,0,1
18268,18268,1503705648158,2,-1,3,-1,-2,-1,0,1
18269,18269,1503705648164,3,-3,-2,-3,-1,-2,-3,-2
18270,18270,1503705648179,1,-5,-1,-2,-1,-1,-1,-5
18271,18271,1503705648186,-1,5,-4,-1,1,-1,0,0
18272,18272,1503705648187,17,10,11,3,1,0,1,2
18273,18273,1503705648194,16,5,-1,-2,-1,0,-1,3
18274,18274,1503705648209,-4,-17,-5,-1,0,-1,1,-1
18275,18275,1503705648217,-8,4,5,1,-1,1,0,1
18276,18276,1503705648224,-2,-3,-2,-1,0,-1,-1,-2
18277,18277,1503705648225,-15,0,-3,-1,0,0,-2,-2
18278,18278,1503705648239,-2,-6,-4,-1,0,-1,-2,-2
18279,18279,1503705648246,-8,-4,-2,-1,-1,0,3,0
18280,18280,1503705648262,5,9,1,-1,-1,-2,0,0
18281,18281,1503705648269,3,-5,-4,0,-1,-2,1,-2
18282,18282,1503705648277,3,-8,-2,-2,-1,0,-1,0
18283,18283,1503705648285,-10,-1,-2,-1,-1,-2,-3,-4
18284,18284,1503705648299,-1,-8,-3,0,2,-1,-3,-2
18285,18285,1503705648306,1,-4,-3,-2,-2,1,0,-2
18286,18286,1503705648318,-23,0,-2,-2,-2,0,1,2
18287,18287,1503705648329,-2,0,1,0,0,0,-3,-1
18288,18288,1503705648337,11,5,-2,-1,-1,0,-2,-1
18289,18289,1503705648344,1,-2,-2,-1,-2,-3,-1,0
18290,18290,1503705648359,10,2,-1,0,0,0,2,-1
18291,18291,1503705648366,-3,4,0,-2,-2,0,-4,-3
18292,18292,1503705648374,-4,0,-1,-2,-1,-1,0,-3
18293,18293,1503705648389,8,-1,-1,0,0,0,0,0
18294,18294,1503705648397,-3,-2,2,0,1,-1,-2,-1
18295,18295,1503705648404,1,-2,3,1,0,-2,0,0
18296,18296,1503705648419,9,-2,-3,0,-3,0,3,2
18297,18297,1503705648427,4,-4,-5,-2,0,-1,0,-2
18298,18298,1503705648434,-1,-5,-2,-3,0,-1,-1,-2
18299,18299,1503705648450,4,-9,-5,0,0,-1,0,-2
18300,18300,1503705648457,-2,-4,0,-1,1,2,-1,-3
18301,18301,1503705648464,-6,0,1,-1,-1,0,-1,0
18302,18302,1503705648479,-2,-2,0,0,-2,-1,-1,-1
18303,18303,1503705648486,11,10,0,-1,-1,-1,1,2
18304,18304,1503705648494,-3,-3,-2,0,-1,0,-2,-1
18305,18305,1503705648509,-12,-3,-2,-2,-1,0,-3,-2
18306,18306,1503705648519,-1,-1,5,0,0,-1,-1,-3
18307,18307,1503705648524,-3,-7,0,0,1,0,0,-1
18308,18308,1503705648539,-10,-1,-4,-2,-1,-2,-1,-1
19141,19141,1503705656615,1,28,8,0,-1,-1,-1,-1
19142,19142,1503705656631,9,6,8,2,-2,-1,0,-2
19143,19143,1503705656638,32,27,12,3,-1,0,-1,1
19144,19144,1503705656646,0,15,-6,-1,-1,-1,0,-3
19145,19145,1503705656660,-1,-6,-3,-3,-2,-1,0,1
19146,19146,1503705656669,-47,-24,-1,-1,0,0,0,-3
19147,19147,1503705656675,8,6,-7,-2,-2,0,3,2
19148,19148,1503705656692,4,-6,-6,-3,-2,-1,-1,-1
19149,19149,1503705656698,2,-2,-2,-2,0,-4,-4,-1
19150,19150,1503705656699,-8,-8,-2,-2,-1,-1,0,0
19151,19151,1503705656706,5,11,1,0,-2,-3,-1,-3
19152,19152,1503705656720,-6,-19,-2,0,-2,0,-1,-4
19153,19153,1503705656729,9,-1,0,0,0,1,-1,-2
19154,19154,1503705656736,-9,-2,-4,0,0,-2,-2,-1
19155,19155,1503705656751,-4,4,9,1,1,-1,-2,1
19156,19156,1503705656759,-7,-16,-1,0,1,-2,-3,-2
19157,19157,1503705656766,-1,4,-9,-1,-1,-1,1,-2
19158,19158,1503705656767,9,8,9,1,-1,-1,-1,0
19159,19159,1503705656780,-37,-11,-2,-4,-1,-1,-4,-6
19160,19160,1503705656788,9,4,21,6,0,-1,-1,-1
19161,19161,1503705656795,7,-8,-2,-1,-1,-1,1,0
19162,19162,1503705656811,-3,4,-7,-2,-2,-1,-2,-2
19163,19163,1503705656817,13,3,0,0,-2,0,-1,2
19164,19164,1503705656826,-9,-11,-10,-4,-2,0,2,-1
19165,19165,1503705656840,2,-2,-1,-1,-1,0,1,1
19166,19166,1503705656848,6,2,-3,-3,1,-1,-1,-1
19167,19167,1503705656856,2,1,0,1,-1,-1,-2,-2
19168,19168,1503705656871,5,1,-5,-1,-1,-1,1,1
19169,19169,1503705656877,-5,-12,-7,-1,-3,-2,0,0
19170,19170,1503705656886,1,-21,-11,-1,-2,-1,-1,1
19171,19171,1503705656900,5,20,3,-2,1,-2,1,1
19172,19172,1503705656909,0,-11,0,-2,0,-2,-3,-2
19173,19173,1503705656916,11,-4,0,0,0,0,-2,-3
19174,19174,1503705656931,4,3,-3,-1,0,1,1,0
19175,19175,1503705656938,2,12,7,3,1,0,-5,-3
19176,19176,1503705656946,11,4,-1,-1,-3,-1,-2,1
19177,19177,1503705656961,-8,-7,-3,-1,-1,0,0,0
19178,19178,1503705656968,-1,7,0,-2,1,-1,-2,-1
19179,19179,1503705656976,5,1,-2,-1,-1,0,-1,1
19180,19180,1503705656993,-12,2,-2,0,-2,-2,0,-2
19181,19181,1503705656998,-1,-5,-1,0,-2,-1,2,0
19182,19182,1503705657006,-6,-3,-4,-2,0,0,0,-1
19183,19183,1503705657020,6,5,2,-2,-1,0,-2,0
19184,19184,1503705657021,-5,-14,0,0,-1,0,0,0
19185,19185,1503705657029,-5,-4,-5,-2,-3,-2,-2,1
19186,19186,1503705657036,-2,-2,-1,-2,0,-1,-3,1
19187,19187,1503705657051,-10,3,-8,-2,0,0,-1,0
19188,19188,1503705657058,-1,19,12,2,1,-1,3,0
19189,19189,1503705657066,1,-3,-1,-1,0,0,-2,-3
19190,19190,1503705657080,9,-9,-7,-1,0,-2,-4,-2
19191,19191,1503705657088,5,3,1,0,1,-1,3,0
19192,19192,1503705657096,6,6,-1,-3,0,-1,1,-2
19193,19193,1503705657111,-2,10,4,0,1,1,-1,-2
19194,19194,1503705657117,-13,-3,-3,-1,-2,1,0,-2
19195,19195,1503705657118,20,12,1,1,-1,-1,-2,1
19196,19196,1503705657128,4,4,2,1,-2,-2,-1,-2
19197,19197,1503705657140,-9,-7,-4,-2,-1,0,-1,-2
19198,19198,1503705657148,0,-1,-1,1,0,1,-1,1
19199,19199,1503705657156,-11,-4,3,-1,-1,-1,0,-1
19200,19200,1503705657171,-1,-5,1,-1,-2,2,0,-2
19201,19201,1503705657177,10,-8,-7,-2,-3,-3,-1,-4
19202,19202,1503705657186,-1,-3,4,0,1,-1,0,-2
19203,19203,1503705657203,4,8,4,0,1,0,0,2
19204,19204,1503705657204,-12,-9,-3,0,0,-1,-1,-3
19205,19205,1503705657208,2,9,-5,-3,-3,-1,-1,-1
19206,19206,1503705657224,-24,-5,5,-1,-1,0,2,-1
19207,19207,1503705657231,-7,1,2,0,-1,-1,-1,0
19208,19208,1503705657239,4,-16,-7,-1,-1,0,0,1
19209,19209,1503705657246,-18,-16,0,-1,0,0,-3,-5
19210,19210,1503705657263,-4,1,0,-2,0,0,0,0
19211,19211,1503705657268,-2,3,10,3,-1,1,1,-1
19212,19212,1503705657269,12,0,-3,-1,-1,-2,0,2
19213,19213,1503705657284,-4,10,-3,-2,-1,-1,-1,1
19214,19214,1503705657291,1,3,0,0,1,-3,0,1
20261,20261,1503705667447,-2,-7,-2,-1,-1,0,-1,-1
20262,20262,1503705667453,-5,4,-3,-2,-2,1,2,-1
20263,20263,1503705667467,23,13,10,2,-2,0,0,1
20264,20264,1503705667475,-5,1,2,1,0,-1,-2,1
20265,20265,1503705667484,1,0,-1,0,0,-2,-1,-1
20266,20266,1503705667498,5,-5,2,0,1,-2,-1,-2
20267,20267,1503705667505,-13,-5,1,0,-1,-2,0,0
20268,20268,1503705667513,3,-6,-2,0,-2,-3,2,-2
20269,20269,1503705667527,-14,0,-1,-5,-19,-2,0,-2
20270,20270,1503705667535,-3,-8,-10,-2,-2,0,-1,-1
20271,20271,1503705667543,-3,-1,0,-2,0,-1,-1,-2
20272,20272,1503705667558,0,1,2,-1,-3,-1,1,0
20273,20273,1503705667564,-10,-12,-2,-1,1,-1,0,-1
20274,20274,1503705667565,16,3,-1,0,-1,-1,1,2
20275,20275,1503705667573,-6,11,6,1,3,2,-1,0
20276,20276,1503705667587,-8,0,3,1,5,0,-2,-3
20277,20277,1503705667595,-2,-4,-3,-3,-1,-1,-1,1
20278,20278,1503705667603,-1,-12,-6,1,0,0,-1,0
20279,20279,1503705667618,9,2,0,-1,-2,-4,-3,-1
20280,20280,1503705667625,12,-2,0,0,5,0,-1,-4
20281,20281,1503705667633,-3,6,-1,-3,-2,1,-1,-2
20282,20282,1503705667647,-9,0,-7,-1,0,-3,-2,-1
20283,20283,1503705667656,3,1,8,1,0,0,1,3
20284,20284,1503705667663,0,8,16,2,0,2,0,-1
20285,20285,1503705667680,4,-13,-7,-4,0,-2,-1,-3
20286,20286,1503705667685,1,-5,0,-2,2,0,-2,-2
20287,20287,1503705667693,0,3,-4,1,0,-1,-1,-2
20288,20288,1503705667707,2,3,-1,-1,0,0,-1,-2
20289,20289,1503705667716,9,8,9,1,1,1,-1,0
20290,20290,1503705667723,15,14,-4,-1,0,-1,1,0
20291,20291,1503705667738,-3,1,-3,0,-1,0,-1,-2
20292,20292,1503705667749,-15,-3,-5,0,0,-1,-1,-1
20293,20293,1503705667760,0,24,9,2,-2,-1,0,-1
20294,20294,1503705667767,1,2,-4,-1,1,-3,-1,2
20295,20295,1503705667775,-10,-16,-7,-2,0,0,1,1
20296,20296,1503705667790,-1,9,5,0,-1,1,-1,1
20297,20297,1503705667798,-6,-9,2,1,0,0,-2,1
20298,20298,1503705667805,-7,-8,-2,-1,-1,-1,0,-2
20299,20299,1503705667822,-7,-17,-9,-2,-2,0,-1,-1
20300,20300,1503705667827,-11,-4,2,-1,0,-2,-1,-3
20301,20301,1503705667835,1,3,-6,-2,-1,-2,-1,-2
20302,20302,1503705667850,17,5,-5,-2,-4,0,0,3
20303,20303,1503705667858,3,-4,7,3,2,1,-2,0
20304,20304,1503705667865,-12,-26,-8,-1,0,-2,2,-1
20305,20305,1503705667883,3,15,-4,-1,-1,-1,0,0
20306,20306,1503705667887,-4,-6,0,-1,-2,1,1,-1
20307,20307,1503705667895,2,3,1,-1,0,-2,-1,-2
20308,20308,1503705667909,0,1,-3,-2,-2,-1,0,1
20309,20309,1503705667921,2,5,5,1,0,-1,-1,-2
20310,20310,1503705667926,13,1,0,-2,-1,-2,-3,0
20311,20311,1503705667940,4,-10,0,0,-2,0,2,-1
20312,20312,1503705667949,-17,-13,-3,1,2,-1,-1,-2
20313,20313,1503705667956,-40,0,9,-2,-2,0,0,-2
20314,20314,1503705667971,-6,10,-7,-2,-1,0,-1,3
20315,20315,1503705667978,5,-12,-7,-1,-1,-1,-2,-3
20316,20316,1503705667987,5,9,4,-1,0,-1,-1,-1
20317,20317,1503705668000,17,14,-6,-2,-2,-2,-1,4
20318,20318,1503705668008,17,-13,-13,-2,-1,-1,-1,-6
20319,20319,1503705668017,16,-1,-10,-3,1,0,-2,-1
20320,20320,1503705668031,-43,-5,0,-1,-1,1,0,-3
20321,20321,1503705668038,29,21,3,0,-2,-1,-1,3
20322,20322,1503705668048,6,-1,1,1,0,0,0,-2
20323,20323,1503705668060,-6,-11,-4,-4,-1,-2,-1,-4
20324,20324,1503705668061,-2,-12,-3,-2,-1,-3,-1,-2
20325,20325,1503705668068,19,13,9,2,0,0,-1,1
20326,20326,1503705668075,-28,-17,-6,0,2,-2,-2,-4
20327,20327,1503705668092,-40,-13,-3,2,-2,-2,-1,-1
20328,20328,1503705668098,-21,-3,8,1,1,0,2,-3
20329,20329,1503705668106,6,16,-5,-2,1,-1,-2,-1
20330,20330,1503705668121,-6,-13,-7,-2,-1,0,-4,-3
20331,20331,1503705668128,-15,-10,3,0,1,0,0,-1
20332,20332,1503705668135,4,0,-3,-2,-2,1,-1,-3
20333,20333,1503705668151,7,-4,-4,-1,-2,-1,-2,-5
20334,20334,1503705668159,-2,-2,-3,-1,0,-1,1,1
20335,20335,1503705668166,30,20,5,-2,-1,-1,-1,1
20336,20336,1503705668183,-3,-6,-9,-2,-2,-2,-4,-3
20337,20337,1503705668189,6,-13,-2,0,-2,-2,-2,-2
20338,20338,1503705668195,-5,10,2,-1,-1,0,-2,3
20339,20339,1503705668211,-1,-4,-2,-2,1,-1,-6,-3
20340,20340,1503705668218,14,17,0,-1,-2,-2,-1,-2
20341,20341,1503705668226,-11,-7,-2,-1,-1,0,1,1
20342,20342,1503705668240,11,-10,-6,-2,0,-3,-1,-1
20343,20343,1503705668250,-1,-2,-1,-1,-1,0,-1,-2
20344,20344,1503705668256,13,9,-2,-2,-2,0,-1,-1
20345,20345,1503705668271,-21,-4,1,-3,0,-1,1,-1
20346,20346,1503705668278,-6,-2,-4,-1,-1,0,1,-1
20347,20347,1503705668293,16,17,1,0,-1,-1,-1,-1
20348,20348,1503705668300,4,4,2,1,1,2,3,4
20349,20349,1503705668308,15,-3,-5,-2,0,-2,0,1
20350,20350,1503705668317,0,-15,1,-2,-1,-4,-3,-3
20351,20351,1503705668331,1,4,0,0,-1,-2,0,-2
20352,20352,1503705668338,-4,-2,1,0,0,0,-1,1
20353,20353,1503705668353,-3,-11,-4,-2,-1,-1,-1,-1
20354,20354,1503705668360,-4,-12,-4,-1,-1,-1,0,0
20355,20355,1503705668368,13,-6,1,0,0,-1,1,1
20356,20356,1503705668375,-21,-6,2,-1,0,0,1,2
20357,20357,1503705668391,2,6,0,-2,0,-1,0,1
20358,20358,1503705668398,-13,-2,0,0,0,1,-1,-6
21447,21447,1503705678876,19,8,2,-1,-2,1,-3,1
21448,21448,1503705678882,-7,-3,1,-2,-1,-1,-1,0
21449,21449,1503705678898,0,0,-1,2,0,0,0,-2
21450,21450,1503705678905,-6,-3,-4,0,-3,2,-1,1
21451,21451,1503705678920,-1,-3,3,-1,0,1,-1,1
21452,21452,1503705678927,4,-8,-3,-2,-1,-2,-1,-3
21453,21453,1503705678938,16,9,3,0,-1,-1,0,1
21454,21454,1503705678942,-4,-12,-1,2,0,0,-2,-3
21455,21455,1503705678943,-6,13,-2,-1,1,-2,0,-1
21456,21456,1503705678958,2,-1,-4,-2,-2,-2,0,-1
21457,21457,1503705678965,-8,2,-1,-2,0,0,1,2
21458,21458,1503705678980,-2,-3,-2,-2,0,-1,-4,0
21459,21459,1503705678987,5,2,1,1,-1,-2,0,-2
21460,21460,1503705678995,-11,-7,-1,-2,0,-1,1,-2
21461,21461,1503705679011,5,-8,-2,-1,-2,-1,-4,-3
21462,21462,1503705679018,0,3,-1,-1,1,1,1,-2
21463,21463,1503705679025,-5,0,1,-1,0,0,-2,-3
21464,21464,1503705679040,1,-6,-2,1,1,-2,-1,-2
21465,21465,1503705679047,-15,3,1,-2,-1,-2,-2,-4
21466,21466,1503705679048,14,0,-1,0,-1,-2,1,1
21467,21467,1503705679055,-10,8,11,3,0,0,2,0
21468,21468,1503705679070,-8,-5,4,-1,-1,0,0,2
21469,21469,1503705679078,2,8,-5,-3,-4,0,0,1
21470,21470,1503705679085,-1,-2,-3,-1,-2,-1,0,0
21471,21471,1503705679100,2,-6,-2,0,0,-1,-1,-1
21472,21472,1503705679101,-17,-8,-2,0,-2,2,0,-3
21473,21473,1503705679107,4,0,-3,-3,1,1,-2,-1
21474,21474,1503705679115,7,-3,1,-2,-1,-2,-2,0
21475,21475,1503705679130,-5,4,0,0,-1,-2,-2,-5
21476,21476,1503705679138,-9,-5,7,1,0,0,-3,-2
21477,21477,1503705679146,-23,-7,-1,-1,-1,-1,0,0
21478,21478,1503705679161,3,-9,-7,-1,-1,-4,-2,-1
21479,21479,1503705679167,-5,3,0,0,0,0,-1,-2
21480,21480,1503705679175,-2,-9,-2,-2,-1,0,-2,-2
21481,21481,1503705679190,2,-4,-1,0,-1,0,1,0
21482,21482,1503705679198,4,-13,-5,-1,-1,1,0,-1
21483,21483,1503705679205,9,-1,-2,-2,-2,0,0,0
21484,21484,1503705679220,-32,5,-1,-1,-1,-1,1,-2
21485,21485,1503705679227,16,5,8,3,1,-2,-1,2
21486,21486,1503705679238,9,4,-3,-2,-1,-2,0,0
21487,21487,1503705679250,-15,-10,-3,-2,-1,-1,0,-5
21488,21488,1503705679258,8,1,-3,-3,-1,-1,0,0
21489,21489,1503705679265,8,-1,-2,0,-1,1,-1,-1
21490,21490,1503705679281,1,2,-1,0,0,-1,-1,1
21491,21491,1503705679287,12,7,0,0,-1,0,2,2
21492,21492,1503705679295,1,9,0,0,1,-1,-1,-2
21493,21493,1503705679311,6,2,-2,-1,-1,-1,0,-1
21494,21494,1503705679318,11,9,0,-1,0,-1,-1,0
21495,21495,1503705679325,1,11,-1,0,-2,-1,-1,-1
21496,21496,1503705679343,-3,-10,-3,-3,-2,-1,-1,0
21497,21497,1503705679347,-3,-5,-1,-1,0,-2,0,-1
21498,21498,1503705679355,3,-5,-2,0,0,-1,-1,0
21499,21499,1503705679372,-8,-10,-1,-2,-1,0,-2,-2
21500,21500,1503705679385,9,5,-2,-1,0,-2,1,3
21501,21501,1503705679386,-19,-4,-2,-2,-1,-1,-3,-1
21502,21502,1503705679400,-3,-7,-1,0,0,1,-1,-3
21503,21503,1503705679408,4,4,1,-1,0,-1,2,0
21504,21504,1503705679416,-15,-4,-5,-3,-2,1,-1,-1
21505,21505,1503705679430,-2,-3,-2,-3,-2,0,0,1
21506,21506,1503705679440,2,-4,2,-2,1,-2,-1,-4
21507,21507,1503705679446,0,-2,3,0,0,0,-2,0
21508,21508,1503705679460,-4,-3,0,2,0,1,0,-1
21509,21509,1503705679467,-5,5,-2,-1,-1,-2,0,-2
21510,21510,1503705679475,2,1,0,-1,-2,-2,0,-1
21511,21511,1503705679490,17,-9,-7,-1,0,1,-2,-1
21512,21512,1503705679498,-18,3,0,0,-1,-1,-2,0
21513,21513,1503705679506,3,6,-1,-2,-1,-3,1,-4
21514,21514,1503705679520,7,-2,-1,0,0,0,-2,-4
21515,21515,1503705679527,-17,-2,2,2,-1,2,0,1
21516,21516,1503705679535,1,-5,0,-2,-1,-2,-2,1
21517,21517,1503705679550,10,-1,-4,0,-1,-1,-1,-1
21518,21518,1503705679558,1,12,-6,-3,0,0,-1,-2
21519,21519,1503705679565,-2,-3,0,1,-2,-2,0,0
21520,21520,1503705679582,3,-7,-5,-2,-3,-1,-2,-4
21521,21521,1503705679583,-8,-4,0,0,-2,0,0,-1
21522,21522,1503705679587,-1,9,3,1,1,0,-1,3
21523,21523,1503705679596,2,-6,-1,-2,0,-2,-5,-4
21524,21524,1503705679610,4,-9,-9,-3,-3,-1,-2,2
22631,22631,1503705690367,-8,0,1,0,-1,-3,-1,-3
22632,22632,1503705690380,9,1,2,-2,-1,-1,0,0
22633,22633,1503705690387,10,27,-5,-2,-1,-2,-3,-4
22634,22634,1503705690395,-16,-8,-10,-3,-2,-2,-1,-1
22635,22635,1503705690409,16,2,3,-1,-1,0,-1,-3
22636,22636,1503705690417,-11,-2,-1,0,-1,0,-1,-2
22637,22637,1503705690427,-4,-1,2,2,1,0,-1,0
22638,22638,1503705690439,-8,-3,-3,-3,-1,-1,0,2
22639,22639,1503705690440,1,3,5,1,0,-1,-2,-1
22640,22640,1503705690454,-4,-7,-8,-2,-2,-2,0,3
22641,22641,1503705690455,5,-8,-11,-3,-1,-1,-2,-1
22642,22642,1503705690476,21,-9,-3,-2,0,-3,-3,1
22643,22643,1503705690477,17,24,9,-1,0,-1,0,3
22644,22644,1503705690485,9,9,4,-1,-2,-1,-7,-5
22645,22645,1503705690501,-5,7,3,1,-1,-1,-2,-2
22646,22646,1503705690508,-5,3,0,-3,-1,-1,0,-5
22647,22647,1503705690515,-5,0,15,2,1,1,-1,-1
22648,22648,1503705690529,-22,-5,-1,0,0,-1,1,1
22649,22649,1503705690538,1,3,-4,-2,-2,1,1,-1
22650,22650,1503705690545,-9,-7,5,3,-1,0,2,1
22651,22651,1503705690567,-8,-6,4,1,-1,1,0,2
22652,22652,1503705690568,-2,-11,-13,-4,0,-1,-1,-1
22653,22653,1503705690574,-11,2,-4,-2,2,-1,-1,-6
22654,22654,1503705690590,-9,4,1,-1,-1,1,1,-1
22655,22655,1503705690597,-23,-12,-5,-3,-1,-1,0,0
22656,22656,1503705690605,0,23,3,-1,0,-3,-3,-1
22657,22657,1503705690619,6,-11,-2,0,0,-1,1,0
22658,22658,1503705690630,-5,-2,1,-1,-1,1,1,-1
22659,22659,1503705690635,0,15,7,1,-2,-3,0,1
22660,22660,1503705690649,-7,0,-9,-3,-5,-1,1,-1
22661,22661,1503705690657,12,3,-4,-1,-1,1,-1,-1
22662,22662,1503705690665,-3,-23,-1,0,1,0,1,0
22663,22663,1503705690679,9,-2,1,0,0,-2,-1,-2
22664,22664,1503705690688,9,-21,-6,0,-1,-1,-3,0
22665,22665,1503705690695,2,-8,-8,-3,-2,-1,0,0
22666,22666,1503705690710,5,6,21,2,1,0,0,1
22667,22667,1503705690717,-2,-3,-13,-4,-2,-1,-3,-3
22668,22668,1503705690725,-4,-4,-6,0,-2,-3,-3,-6
22669,22669,1503705690739,4,16,2,-2,-2,-1,0,2
22670,22670,1503705690747,3,10,3,2,1,2,-3,-1
22671,22671,1503705690754,5,26,7,1,-1,-1,0,1
22672,22672,1503705690770,-10,10,-6,-2,0,-1,0,-1
22673,22673,1503705690777,6,-12,1,0,0,-1,-3,-3
22674,22674,1503705690785,2,9,20,3,1,1,1,3
22675,22675,1503705690801,-9,-15,-5,0,-1,-1,1,-1
22676,22676,1503705690807,-4,-13,-12,-3,-2,-1,-1,-3
22677,22677,1503705690814,-6,-28,0,-1,1,-1,-1,0
22678,22678,1503705690830,8,-1,1,-1,-2,0,1,0
22679,22679,1503705690838,-9,-7,-3,0,1,-2,-2,-1
22680,22680,1503705690845,-1,8,3,-1,0,-1,-3,-3
22681,22681,1503705690862,2,-13,-2,-1,0,-2,-1,-5
22682,22682,1503705690867,3,-2,2,2,-1,1,1,1
22683,22683,1503705690874,-8,9,7,0,-2,0,0,1
22684,22684,1503705690891,-5,-8,-15,-4,-1,-2,-2,-2
22685,22685,1503705690897,1,-2,-8,-2,-2,0,-1,-2
22686,22686,1503705690905,5,6,4,0,-1,-1,-1,-3
22687,22687,1503705690920,0,1,-1,0,-1,0,-1,-4
22688,22688,1503705690930,3,30,-3,-4,-3,-1,1,1
22689,22689,1503705690935,3,-4,0,-1,-2,-3,-1,-4
22690,22690,1503705690950,-9,-17,-2,0,-1,0,0,-4
22691,22691,1503705690957,-1,0,-8,-3,-1,-1,-3,0
22692,22692,1503705690965,4,0,-3,0,0,-3,-5,0
22693,22693,1503705690979,-3,-3,-7,-2,-1,-1,-2,0
22694,22694,1503705690987,-1,-1,9,1,0,0,1,0
22695,22695,1503705690997,1,-10,2,1,1,0,1,0
22696,22696,1503705691010,-3,-1,-4,-1,-1,-2,-1,1
22697,22697,1503705691017,2,8,-3,-2,-1,-2,1,-3
22698,22698,1503705691025,-3,-30,-7,-3,-2,-2,-1,-5
22699,22699,1503705691040,1,4,2,-1,0,2,0,1
22700,22700,1503705691047,-2,-8,-8,-1,-1,-1,-1,1
22701,22701,1503705691054,1,-6,-10,-2,-1,-1,-2,-2
22702,22702,1503705691070,-7,-29,-5,-3,-1,-2,-1,-1
22703,22703,1503705691077,-6,3,0,-1,-1,-2,-2,-2
22704,22704,1503705691092,-1,6,12,2,-1,1,1,1
22705,22705,1503705691100,0,11,8,1,-1,-3,-2,-1
22706,22706,1503705691107,0,11,-7,-1,-1,-2,1,0
22707,22707,1503705691122,0,-7,0,-1,0,0,1,0
22708,22708,1503705691131,1,11,2,-1,-2,1,0,-1
22709,22709,1503705691137,-3,-15,7,1,0,1,1,-1
22710,22710,1503705691152,4,-1,-9,-3,-3,-1,-6,-2
22711,22711,1503705691159,-8,-19,0,0,-2,0,-2,0
22712,22712,1503705691168,4,-7,0,0,0,0,0,-3
22713,22713,1503705691189,-1,9,8,2,0,-1,-1,0
22714,22714,1503705691190,0,3,4,0,0,-2,-1,2
22715,22715,1503705691197,-2,-14,-5,-2,-2,-2,1,-2
22716,22716,1503705691198,-1,24,-2,-1,-1,-1,0,-2
22717,22717,1503705691212,5,13,1,-1,-2,-1,-2,-1
22718,22718,1503705691219,2,-13,-4,-2,-2,-2,-2,-1
22719,22719,1503705691227,-11,8,-2,0,-1,-1,-1,-1
22720,22720,1503705691242,1,1,-12,-3,-2,-3,-2,-3
22721,22721,1503705691250,1,-3,0,0,1,-1,4,2
22722,22722,1503705691257,1,-8,-12,-2,-2,1,0,2
22723,22723,1503705691272,-6,-10,5,-1,-1,-1,1,0
22724,22724,1503705691280,-3,-2,-7,-1,0,-3,1,-1
23744,23744,1503705701141,-6,-17,-8,-2,-1,-2,-2,-2
23745,23745,1503705701157,3,-1,0,-1,1,0,0,-1
23746,23746,1503705701164,-3,-2,-4,-1,1,-1,0,-1
23747,23747,1503705701172,8,-6,1,1,-2,-2,-3,0
23748,23748,1503705701187,1,-3,-1,-1,0,-1,1,-2
23749,23749,1503705701194,2,0,-8,-3,-1,-3,1,-1
23750,23750,1503705701201,-8,-9,-2,-2,0,-1,0,-1
23751,23751,1503705701217,13,-6,1,1,0,-1,-2,0
23752,23752,1503705701224,1,-9,-3,-2,0,-1,0,-1
23753,23753,1503705701232,1,-7,1,-2,-2,-2,-2,1
23754,23754,1503705701247,-4,-4,3,1,0,-1,-1,-2
23755,23755,1503705701254,-11,6,8,3,-1,-1,1,-1
23756,23756,1503705701261,-6,-6,-2,-2,0,-1,-1,-3
23757,23757,1503705701277,-3,2,-5,-4,-1,-1,-1,3
23758,23758,1503705701285,-7,-3,-4,1,-1,1,0,-1
23759,23759,1503705701292,-3,0,-2,1,0,0,0,-3
23760,23760,1503705701306,3,0,-3,-2,-1,-1,0,1
23761,23761,1503705701316,5,10,-5,-2,-1,-2,-1,-2
23762,23762,1503705701321,4,3,-3,0,-1,-3,-3,-2
23763,23763,1503705701337,-5,-1,-2,-1,-1,-1,-1,-2
23764,23764,1503705701344,3,7,5,1,-1,0,-1,0
23765,23765,1503705701359,-2,11,11,2,0,0,0,-1
23766,23766,1503705701366,-4,9,-1,-1,-1,0,-3,-3
23767,23767,1503705701374,-13,-6,-9,-3,-2,-1,-1,-2
23768,23768,1503705701389,0,-8,-4,-3,-2,-1,-2,-1
23769,23769,1503705701397,3,-2,-2,0,0,-1,0,-3
23770,23770,1503705701404,-3,-6,-3,0,-1,0,1,0
23771,23771,1503705701419,1,6,1,1,0,0,-2,-2
23772,23772,1503705701426,7,5,5,0,0,-1,-1,-2
23773,23773,1503705701434,-4,-9,-3,-2,-2,1,-1,1
23774,23774,1503705701449,-1,0,-2,-1,-1,-1,0,0
23775,23775,1503705701457,0,-17,-2,1,-1,1,0,-3
23776,23776,1503705701464,-10,9,-7,-4,-2,-1,0,2
23777,23777,1503705701479,8,-2,-1,0,0,-2,-3,0
23778,23778,1503705701488,9,2,10,2,0,0,-1,0
23779,23779,1503705701494,-1,-6,4,-1,1,-2,0,-1
23780,23780,1503705701509,-4,-12,2,0,1,-2,1,-4
23781,23781,1503705701518,2,-1,0,-2,-2,-2,-1,-1
23782,23782,1503705701524,-3,0,-3,-2,-2,-1,0,0
23783,23783,1503705701539,-2,4,-3,-3,-2,-1,-1,0
23784,23784,1503705701546,-2,-8,-5,0,-3,1,0,1
23785,23785,1503705701554,-5,-1,-4,-1,-1,-3,4,1
23786,23786,1503705701569,0,-5,-2,1,1,0,-1,-2
23787,23787,1503705701577,-19,2,-3,-1,-1,-1,-2,1
23788,23788,1503705701585,-4,7,1,0,1,2,1,-3
23789,23789,1503705701599,0,-5,10,2,0,0,-2,-1
23790,23790,1503705701606,-5,-8,-10,-2,-3,-3,-4,-2
23791,23791,1503705701616,-4,1,-3,-2,-2,1,0,-3
23792,23792,1503705701629,9,3,2,-1,0,0,0,-1
23793,23793,1503705701637,-5,11,0,0,-1,0,1,-2
23794,23794,1503705701645,1,4,2,-2,-3,-2,-1,1
23795,23795,1503705701659,3,1,0,1,1,0,-2,-3
23796,23796,1503705701666,3,0,1,-2,-1,-2,0,1
23797,23797,1503705701675,6,9,7,1,0,0,-2,-2
23798,23798,1503705701689,-1,-1,-4,-1,1,-1,-2,1
23799,23799,1503705701697,11,-4,-8,-2,-1,-2,-1,-3
23800,23800,1503705701704,-1,6,-2,0,0,0,-2,-3
23801,23801,1503705701719,0,-6,-6,0,-1,-2,0,-1
23802,23802,1503705701726,-1,5,8,1,0,-2,0,-1
23803,23803,1503705701735,-8,-13,-1,-2,-1,0,0,-1
23804,23804,1503705701753,3,-2,-4,-1,-1,-1,-2,-2
23805,23805,1503705701757,3,8,2,-2,0,-3,-1,0
23806,23806,1503705701764,-1,-1,-1,-1,-3,-1,-1,-1
23807,23807,1503705701779,-2,-3,-3,-1,-1,-1,-1,-1
23808,23808,1503705701787,-1,-5,-2,0,-1,-1,-5,-3
23809,23809,1503705701795,-3,-4,2,0,1,-1,-2,-1
23810,23810,1503705701809,-14,-8,-3,-1,0,1,0,-2
23811,23811,1503705701819,-3,1,-2,0,1,-1,0,-2
23812,23812,1503705701824,-3,-2,-3,-2,-1,0,2,1
23813,23813,1503705701839,4,6,1,0,-1,0,-3,-3
23814,23814,1503705701846,6,17,6,0,-1,0,1,-1
23815,23815,1503705701854,-10,-3,1,-1,0,-3,-2,1
23816,23816,1503705701855,-4,4,1,-2,0,0,0,-2
23817,23817,1503705701869,-3,-6,-8,-4,0,1,-1,-2
23818,23818,1503705701877,-8,-16,-8,-2,-1,2,3,0
24957,24957,1503705713014,-2,-1,0,-1,-1,-1,0,1
24958,24958,1503705713028,-1,-2,-3,-2,0,-3,0,-1
24959,24959,1503705713036,-1,-1,-2,-2,0,0,1,-2
24960,24960,1503705713044,-3,0,-1,1,0,-1,-2,0
24961,24961,1503705713058,-8,-1,0,0,0,-1,0,-2
24962,24962,1503705713066,-6,-1,-2,-1,0,-1,-1,1
24963,24963,1503705713074,-1,4,0,0,0,-1,-4,0
24964,24964,1503705713088,8,2,-1,0,-1,1,-2,1
24965,24965,1503705713096,1,0,-3,0,-2,-1,-1,-2
24966,24966,1503705713104,-15,-7,-1,-1,0,-2,-2,-4
24967,24967,1503705713118,-18,-4,0,1,-2,-2,0,-2
24968,24968,1503705713126,-3,4,0,-1,-1,-1,1,1
24969,24969,1503705713133,16,2,-1,0,0,1,0,0
24970,24970,1503705713148,0,-4,1,-1,0,-2,-3,-1
24971,24971,1503705713156,-3,-2,-3,-2,-3,-2,-2,-2
24972,24972,1503705713164,6,-1,-2,-2,-2,-2,-3,-1
24973,24973,1503705713179,2,0,1,0,0,0,0,0
24974,24974,1503705713186,-8,-4,-1,-1,-1,-1,1,-2
24975,24975,1503705713193,-1,-2,-2,-1,0,-1,1,-4
24976,24976,1503705713210,6,6,1,-1,-3,-1,-3,-2
24977,24977,1503705713217,3,-7,-3,-2,0,-1,0,-2
24978,24978,1503705713224,1,-3,-1,0,1,-2,0,-1
24979,24979,1503705713240,-7,2,0,-2,0,0,-2,1
24980,24980,1503705713246,1,0,-1,0,-2,0,1,0
24981,24981,1503705713260,-2,-2,-2,-1,0,0,-2,-1
24982,24982,1503705713268,-16,1,0,-1,-2,1,-2,-3
24983,24983,1503705713276,-18,10,0,-2,-2,0,1,2
24984,24984,1503705713284,20,-5,1,-2,0,0,0,-1
24985,24985,1503705713285,-18,-4,-1,0,-2,0,-2,0
24986,24986,1503705713298,3,-4,-2,0,-1,-1,0,0
24987,24987,1503705713308,15,-3,-2,-1,-1,0,1,0
24988,24988,1503705713313,3,0,-2,-1,0,-2,-2,-1
24989,24989,1503705713328,9,1,-2,-2,-2,-1,-1,1
24990,24990,1503705713336,4,-2,0,0,-2,-2,-1,0
24991,24991,1503705713344,0,2,-2,0,0,-2,1,-4
24992,24992,1503705713358,4,1,-1,-1,-2,-2,-2,0
24993,24993,1503705713366,-1,-6,0,-1,0,-2,-3,0
24994,24994,1503705713376,-2,-6,-1,-1,0,-1,0,-3
24995,24995,1503705713388,5,1,-1,-1,-2,-1,1,2
24996,24996,1503705713395,5,-1,-2,1,0,-1,-1,-1
24997,24997,1503705713396,-11,-5,-2,0,-1,-1,-1,0
24998,24998,1503705713404,2,8,5,-1,0,1,1,-2
24999,24999,1503705713418,28,12,0,-1,-1,-1,-2,3
25000,25000,1503705713426,13,2,-2,-1,0,-1,-2,1
25001,25001,1503705713433,-12,-7,-1,-2,-1,0,-1,-3
25002,25002,1503705713449,-27,-11,-2,0,-1,-1,-4,-3
25003,25003,1503705713456,14,-2,0,-1,-2,0,0,-1
25004,25004,1503705713471,19,12,1,-1,-1,0,0,1
25005,25005,1503705713478,17,-4,-1,-3,-1,-2,-1,-2
25006,25006,1503705713486,12,0,-1,-1,-2,-2,-1,0
25007,25007,1503705713504,-27,-21,-1,2,-1,-1,0,-4
25008,25008,1503705713509,22,-6,-1,-1,1,2,-2,-3
25009,25009,1503705713523,-48,-4,-1,-3,-2,-1,-1,-7
25010,25010,1503705713530,-3,-9,-1,0,0,-2,0,-1
25011,25011,1503705713531,-8,-2,-2,-1,1,-1,0,0
25012,25012,1503705713538,18,4,1,0,1,-1,-1,0
25013,25013,1503705713546,7,-2,-2,-2,-2,-2,-2,-2
25014,25014,1503705713562,5,2,0,0,-3,1,0,1
25015,25015,1503705713568,-12,-2,-2,0,0,0,-1,-3
25016,25016,1503705713576,-23,-2,-3,-2,-1,-1,-5,-3
25017,25017,1503705713591,7,6,-1,-2,-1,-1,-1,1
25018,25018,1503705713598,3,8,1,-1,-1,-1,1,3
25019,25019,1503705713606,-23,-5,0,1,0,-1,-2,-5
25020,25020,1503705713620,23,5,1,0,-1,-1,-1,1
25021,25021,1503705713628,0,-1,0,1,-1,-1,-2,-3
25022,25022,1503705713636,16,-3,-1,0,0,-1,0,-1
25023,25023,1503705713652,8,-2,-1,0,-1,-1,0,2
25024,25024,1503705713658,18,8,-1,-3,-3,-1,0,0
25025,25025,1503705713666,-46,-2,-3,-2,-2,0,1,3
25026,25026,1503705713680,13,6,2,-2,-1,-1,-2,-1
25027,25027,1503705713688,-15,-14,-3,-2,-1,-1,-1,-4
25028,25028,1503705713695,-15,-1,-3,0,-1,1,0,-1
25029,25029,1503705713711,-51,-9,3,1,1,-2,1,1
25030,25030,1503705713718,10,7,-1,-1,1,-1,-3,-3
25031,25031,1503705713726,49,14,0,-1,-2,0,1,4
25032,25032,1503705713740,-14,-5,2,-1,-1,-1,0,2
25033,25033,1503705713748,6,-3,-2,-1,-2,-1,-1,-4
25034,25034,1503705713756,1,-2,-1,0,0,-2,-2,-1
25035,25035,1503705713771,4,-1,0,-1,-2,-3,-4,-5
25036,25036,1503705713778,-9,9,6,1,-1,1,0,-4
25037,25037,1503705713786,-17,-1,-4,-2,-1,-2,0,-5
25038,25038,1503705713800,-9,-10,-6,0,1,-1,-1,0
25039,25039,1503705713810,6,1,2,1,-1,-1,-1,1
25040,25040,1503705713816,0,-14,-2,-2,-1,-3,-4,-5
25041,25041,1503705713830,13,3,-4,-3,0,-1,0,0
25042,25042,1503705713838,4,7,4,1,2,0,-4,0
25043,25043,1503705713846,-20,-4,-3,1,-1,-3,0,-2
25044,25044,1503705713847,-16,-15,-3,-2,0,-1,-2,-5
25045,25045,1503705713860,-11,-9,-3,-2,-2,-1,2,-1
25046,25046,1503705713868,7,4,1,0,0,1,0,1
25047,25047,1503705713878,10,1,-4,0,-2,-3,1,0
25048,25048,1503705713891,8,4,2,-1,-1,-2,0,2
25049,25049,1503705713899,-6,3,-2,-2,0,1,-2,0
25050,25050,1503705713906,1,-5,1,1,-1,0,-1,-6
25051,25051,1503705713920,1,0,-3,0,-1,1,1,2
25052,25052,1503705713928,-21,-10,2,-1,0,-2,-1,-2
25053,25053,1503705713936,-4,-7,0,0,0,-1,1,-1
25054,25054,1503705713951,2,-2,-2,2,-1,-1,0,3
25055,25055,1503705713958,-15,-18,1,-1,1,-1,-1,-3
25056,25056,1503705713966,31,0,-2,-1,0,-1,-1,0
25057,25057,1503705713980,-18,1,-5,-4,-3,-1,-2,-6
25058,25058,1503705713988,3,4,1,-1,-2,-1,0,1
25059,25059,1503705713995,-35,6,2,0,-2,-4,-2,-1
25060,25060,1503705714012,-4,5,4,-1,-2,2,0,0
25061,25061,1503705714018,-21,-13,-3,-1,0,-1,-1,-3
25062,25062,1503705714019,44,18,2,-1,-1,1,1,2
25063,25063,1503705714026,-46,10,-2,-2,2,-2,-4,-6
25064,25064,1503705714040,9,0,-3,-1,-2,1,2,-2
25065,25065,1503705714048,12,-6,-4,-2,0,-1,-1,0
25066,25066,1503705714062,7,-5,-3,-2,0,-3,0,0
25067,25067,1503705714071,-2,1,0,-1,-2,2,1,2
25068,25068,1503705714079,16,-1,2,1,0,1,-1,3
25069,25069,1503705714087,-8,-6,-3,-1,0,-2,-2,-3
25070,25070,1503705714102,-3,-10,-1,1,0,0,0,-2
25071,25071,1503705714108,11,-6,1,0,-1,0,0,2
25072,25072,1503705714116,-2,-12,-6,-4,-1,-3,-5,-2
25073,25073,1503705714131,1,-2,-1,-1,1,-2,-3,0
25074,25074,1503705714138,-6,-2,-5,0,0,0,-1,-2
25075,25075,1503705714146,1,6,0,-1,-1,-2,-4,-2
25076,25076,1503705714160,11,3,0,-1,-1,-2,0,2
25077,25077,1503705714168,9,5,1,0,-1,-1,0,-2
25078,25078,1503705714176,3,3,0,-1,0,0,0,-2
25079,25079,1503705714191,-2,-5,-3,0,-2,0,-1,0
25080,25080,1503705714198,-9,1,1,0,0,0,-2,-2
25081,25081,1503705714206,11,0,-4,-1,-1,0,0,1
25082,25082,1503705714221,-31,-1,1,0,0,-1,-2,-2
25083,25083,1503705714228,25,-3,-1,0,0,-2,1,-2
25084,25084,1503705714236,-13,1,3,1,0,-2,0,-1
25085,25085,1503705714251,6,6,-2,-1,-1,0,-2,-2
25086,25086,1503705714258,-6,0,0,-1,-1,-2,2,0
25087,25087,1503705714266,-5,-1,0,-1,-4,1,-1,0
25088,25088,1503705714280,21,3,0,0,0,1,-2,1
25089,25089,1503705714288,-5,-10,-3,-1,0,-1,1,1
25090,25090,1503705714295,4,3,0,0,-1,-2,0,-2
25091,25091,1503705714313,-3,6,-1,-1,1,0,0,-2
26901,26901,1503705731837,1,0,0,0,0,-2,-2,1
26902,26902,1503705731845,-2,-2,-2,-1,0,-1,-2,-1
26903,26903,1503705731852,-3,2,-4,-3,-1,-1,-2,1
26904,26904,1503705731868,-6,-4,2,0,0,1,1,3
26905,26905,1503705731874,0,-7,0,0,-1,-3,0,-3
26906,26906,1503705731882,-3,-5,0,-1,-1,1,-1,-1
26907,26907,1503705731897,-10,0,-1,-1,-3,0,-2,2
26908,26908,1503705731905,16,6,-1,0,-2,0,-1,-1
26909,26909,1503705731913,-3,-2,-3,-1,-1,0,-1,-3
26910,26910,1503705731927,3,-3,1,0,0,-1,-1,-2
26911,26911,1503705731935,-3,-3,0,-2,-1,0,4,2
26912,26912,1503705731943,-1,0,-2,-1,-2,-1,-1,1
26913,26913,1503705731957,7,5,0,1,-2,-2,2,0
26914,26914,1503705731967,1,-3,0,1,-1,0,-2,0
26915,26915,1503705731973,2,2,-1,-1,0,0,-3,-2
26916,26916,1503705731987,1,0,-1,0,-1,-1,-1,-2
26917,26917,1503705731994,-2,1,-1,-2,0,-1,-2,-5
26918,26918,1503705732003,-11,-1,1,-1,1,-1,0,0
26919,26919,1503705732017,-2,1,0,0,0,-1,-1,-2
26920,26920,1503705732032,2,9,1,0,-1,-1,-2,-2
26921,26921,1503705732035,-3,-6,0,-2,-1,-1,-3,0
26922,26922,1503705732047,-5,-10,-5,-2,0,-3,-2,-3
26923,26923,1503705732054,5,6,0,0,-3,-1,-2,0
26924,26924,1503705732062,-1,-1,-2,0,1,1,-2,1
26925,26925,1503705732077,4,-1,-1,-1,0,-1,0,-1
26926,26926,1503705732085,2,3,-1,-1,-1,-2,0,-1
26927,26927,1503705732092,9,-2,-3,-1,-1,-1,-2,1
26928,26928,1503705732107,-5,-5,-1,-3,-2,-1,0,-4
26929,26929,1503705732114,-5,-3,-1,-1,0,0,1,0
26930,26930,1503705732130,1,-2,-1,1,-1,-2,0,-1
26931,26931,1503705732138,-6,2,2,1,0,-1,0,0
26932,26932,1503705732145,6,14,-1,1,-1,-2,-2,1
26933,26933,1503705732159,0,-1,-3,-2,-1,-1,1,-1
26934,26934,1503705732169,-18,-3,1,-1,-1,0,1,-2
26935,26935,1503705732176,-4,-8,-2,0,0,0,-2,-2
26936,26936,1503705732190,5,-4,0,2,0,0,0,0
26937,26937,1503705732198,0,-2,3,-2,0,-1,1,-3
26938,26938,1503705732205,0,-6,-2,-2,-2,1,0,-2
26939,26939,1503705732220,2,-1,-2,-1,-1,0,-1,0
26940,26940,1503705732227,0,-5,1,0,-2,-2,2,2
26941,26941,1503705732237,2,2,1,0,1,0,-2,-2
26942,26942,1503705732250,5,1,-1,-2,-2,-1,-1,-1
26943,26943,1503705732258,-3,6,1,-1,-2,-1,1,2
26944,26944,1503705732265,-1,8,-1,-2,1,-1,-1,-2
26945,26945,1503705732280,-9,1,-1,0,0,-2,-1,-1
26946,26946,1503705732287,3,-3,0,-1,1,1,-1,0
26947,26947,1503705732288,0,-5,-1,0,-1,-2,-4,-2
26948,26948,1503705732295,-2,1,-1,0,-2,-3,-3,-1
26949,26949,1503705732310,4,0,-2,-1,0,1,0,-1
26950,26950,1503705732318,3,-2,2,1,-2,0,1,0
26951,26951,1503705732325,-1,8,1,0,-1,-1,-2,-3
26952,26952,1503705732340,6,-6,-4,-1,-2,-3,-4,-3
26953,26953,1503705732347,-6,-1,1,1,0,0,-2,-1
26954,26954,1503705732355,7,1,-3,-1,-1,0,0,0
26955,26955,1503705732370,-8,-1,2,0,-2,-1,-2,1
26956,26956,1503705732379,-24,-9,0,-1,1,0,-1,-3
26957,26957,1503705732385,7,-1,-2,-3,-1,-1,-3,-2
26958,26958,1503705732401,-4,2,1,-2,0,0,1,0
26959,26959,1503705732408,-1,-3,3,1,-2,-2,-2,0
26960,26960,1503705732415,8,12,1,-1,-2,-1,-2,0
26961,26961,1503705732430,1,-8,-5,-3,-1,-1,2,-1
26962,26962,1503705732438,-9,-8,-2,-2,-1,1,0,1
26963,26963,1503705732445,6,2,0,-2,0,0,0,1
26964,26964,1503705732460,2,-7,-4,0,-2,-2,-1,-3
26965,26965,1503705732467,6,-1,-1,-1,0,0,1,0
26966,26966,1503705732475,5,2,-2,1,-3,0,-1,0
26967,26967,1503705732490,-6,-1,-2,0,-1,-1,0,-1
26968,26968,1503705732498,-9,0,-3,-2,0,-1,-1,-2
26969,26969,1503705732505,-1,-3,-2,-2,-1,1,0,3
26970,26970,1503705732520,11,-6,-2,-1,-1,-2,-2,-2
26971,26971,1503705732527,-6,-6,2,-1,-2,1,1,-3
26972,26972,1503705732538,-1,2,-1,0,-1,-1,-1,1
26973,26973,1503705732550,4,-4,-4,-1,-1,-3,0,-2
26974,26974,1503705732558,1,9,1,0,-1,1,0,-1
26975,26975,1503705732565,-2,1,0,1,-2,0,-3,1
26976,26976,1503705732580,1,-1,1,-1,2,-2,-3,-3
26977,26977,1503705732587,-13,-5,-3,0,0,-2,0,-2
26978,26978,1503705732595,-1,-1,-2,-3,0,0,0,0
26979,26979,1503705732610,4,4,0,-1,1,-1,-1,-1
26980,26980,1503705732618,0,-4,2,0,-1,0,-1,1
26981,26981,1503705732625,4,0,0,0,-1,-1,-3,1
26982,26982,1503705732640,11,-2,-2,-2,-1,-3,-1,-4
26983,26983,1503705732654,-3,0,-2,-2,0,-1,1,-2
26984,26984,1503705732656,-8,-6,-4,0,-1,0,-1,0
26985,26985,1503705732671,0,-9,1,-4,-2,0,0,-1
26986,26986,1503705732672,7,33,5,0,1,0,-3,0
26987,26987,1503705732678,-1,0,-1,0,-1,-1,0,0
26988,26988,1503705732685,-9,-9,-4,-2,0,0,0,1
26989,26989,1503705732700,-1,2,0,-1,-1,1,0,1
26990,26990,1503705732707,-2,-4,2,0,-1,-2,-1,-3
26991,26991,1503705732723,-4,-7,-3,-3,-2,0,4,1
26992,26992,1503705732730,0,-2,-4,-2,0,-1,-1,0
26993,26993,1503705732745,-5,5,-1,-1,-1,-2,-2,-2
26994,26994,1503705732746,-1,-4,-2,-1,-1,0,1,-2
26995,26995,1503705732760,10,2,1,1,1,0,-1,2
26996,26996,1503705732767,8,-12,-1,-3,-2,0,-2,2
26997,26997,1503705732775,1,2,1,0,-2,0,-1,-1
26998,26998,1503705732790,-4,0,-2,-1,-4,-1,-2,-1
26999,26999,1503705732798,-3,3,5,-1,0,-1,-2,-1
27000,27000,1503705732805,-16,0,-1,-2,1,0,-2,-2
27001,27001,1503705732821,-2,0,-2,-1,-1,-1,1,0
27002,27002,1503705732827,-11,-8,-2,1,0,0,-2,-3
27003,27003,1503705732836,-10,0,-1,-2,0,0,-3,0
27004,27004,1503705732838,7,-2,1,-2,0,0,0,-1
27005,27005,1503705732850,8,3,0,0,-1,0,0,0
27006,27006,1503705732858,-9,-1,0,2,-1,-2,-4,-3
27007,27007,1503705732865,3,-1,-2,0,0,0,0,-1
27008,27008,1503705732882,9,2,-3,-1,-1,-2,-1,1
28471,28471,1503705747129,3,1,0,0,-1,0,0,10
28472,28472,1503705747136,-1,-1,-1,-1,-2,-3,0,6
28473,28473,1503705747137,-2,-2,-1,0,0,-8,0,-9
28474,28474,1503705747144,-1,-3,1,-3,-1,-3,-1,-13
28475,28475,1503705747159,-6,-3,0,-1,-2,-2,-4,-19
28476,28476,1503705747166,-2,0,-1,-2,2,1,2,-4
28477,28477,1503705747177,-2,0,-3,0,-1,1,1,-6
28478,28478,1503705747189,-3,-3,0,-4,-2,-1,0,-6
28479,28479,1503705747197,1,-1,-2,-1,-2,1,2,2
28480,28480,1503705747204,0,-1,-1,-1,0,-3,-2,10
28481,28481,1503705747220,0,-2,0,-2,0,-1,-1,10
28482,28482,1503705747226,-1,0,-1,-3,-1,0,2,5
28483,28483,1503705747234,-3,0,0,1,-1,4,-2,-2
28484,28484,1503705747249,-1,1,-1,0,0,0,-1,-1
28485,28485,1503705747257,-1,1,-1,1,1,-2,-4,0
28486,28486,1503705747264,-5,-2,0,0,0,0,2,-11
28487,28487,1503705747279,2,-1,0,-2,0,0,1,-7
28488,28488,1503705747286,2,0,-2,0,1,-1,-1,-3
28489,28489,1503705747294,-3,-4,-1,-2,-1,0,1,-3
28490,28490,1503705747309,-4,-4,-1,1,-3,-2,-2,-12
28491,28491,1503705747317,2,-1,-1,-1,-2,-2,-3,-10
28492,28492,1503705747324,-2,0,1,0,-2,-1,-1,1
28493,28493,1503705747339,-4,-2,0,0,-2,1,0,1
28494,28494,1503705747346,-2,0,-1,-1,0,-2,0,-3
28495,28495,1503705747354,0,1,-2,-3,0,-2,-1,-8
28496,28496,1503705747368,1,2,0,-1,0,0,-2,6
28497,28497,1503705747378,0,-1,-1,1,0,-4,2,-11
28498,28498,1503705747384,3,-2,-2,1,-1,-1,1,8
28499,28499,1503705747399,-3,-3,-4,-1,-1,-1,-1,0
28500,28500,1503705747406,0,1,-1,-3,-1,1,-4,-25
28501,28501,1503705747414,-2,-2,-2,0,0,1,1,3
28502,28502,1503705747428,0,1,-1,-2,-1,-2,0,-1
28503,28503,1503705747437,1,2,0,0,0,1,1,9
28504,28504,1503705747445,1,-1,0,1,-1,-2,5,5
28505,28505,1503705747459,1,-3,-2,-1,-2,-2,2,15
28506,28506,1503705747466,-2,0,0,-1,1,0,-5,3
28507,28507,1503705747474,-2,-2,-1,-3,-3,0,2,4
28508,28508,1503705747488,0,-2,0,0,-2,4,-4,-5
28509,28509,1503705747496,1,1,0,-2,0,-3,-4,-9
28510,28510,1503705747504,-5,-3,-1,-1,-1,-1,-2,1
28511,28511,1503705747520,-2,1,-1,1,-1,-1,-3,-10
28512,28512,1503705747527,1,0,0,0,0,-2,-3,-5
28513,28513,1503705747534,-1,-2,0,-1,-2,-1,-1,0
28514,28514,1503705747549,-5,-3,-3,0,-2,-3,1,2
28515,28515,1503705747556,-2,0,1,0,1,-3,-3,0
28516,28516,1503705747564,3,-1,-4,-2,-2,1,11,13
28517,28517,1503705747579,-2,-1,1,-1,0,-4,0,-5
28518,28518,1503705747580,-3,-1,0,-1,-1,0,0,-2
28519,28519,1503705747588,0,-1,0,-2,0,-2,-2,13
28520,28520,1503705747594,0,-1,0,-1,-1,-5,3,6
28521,28521,1503705747608,4,1,1,1,-1,-2,-2,0
28522,28522,1503705747617,-3,1,-2,-1,0,1,-1,-15
28523,28523,1503705747624,2,-1,0,0,-1,1,-2,-12
28524,28524,1503705747639,2,-1,-1,-2,-1,-1,-2,-1
28525,28525,1503705747646,-7,-3,-1,-2,0,1,-4,-17
28526,28526,1503705747655,-3,-1,1,1,1,-1,0,-4
28527,28527,1503705747668,2,1,-3,-1,-1,-3,-2,8
28528,28528,1503705747677,7,0,0,-1,0,-1,2,12
28529,28529,1503705747684,0,0,-2,0,0,0,1,15
28530,28530,1503705747699,3,2,0,0,-1,0,-6,12
28531,28531,1503705747706,-2,0,2,1,1,0,1,-11
28532,28532,1503705747714,-4,-3,-1,0,-2,1,-1,1
28533,28533,1503705747728,2,-2,-2,-2,-2,-4,-5,9
28534,28534,1503705747729,0,-1,0,0,-2,4,1,-22
28535,28535,1503705747736,-6,-1,-1,-2,-1,-7,-2,-16
28536,28536,1503705747737,1,-2,-2,-1,-2,-1,1,11
28537,28537,1503705747746,-2,0,-1,-2,-1,1,-2,-1
28538,28538,1503705747759,1,-1,-3,-2,-1,0,-1,8
28539,28539,1503705747766,0,0,-1,-3,-1,0,1,5
28540,28540,1503705747774,-5,2,-1,0,-1,-2,-2,-12
28541,28541,1503705747790,0,-3,-1,-1,-1,-4,-2,-1
28542,28542,1503705747804,-1,-5,-2,-2,0,1,2,-9
28543,28543,1503705747805,0,-1,0,1,-2,1,-1,11
28544,28544,1503705747819,-1,-3,-1,-1,2,3,-1,2
28545,28545,1503705747826,-7,-3,-1,-3,2,3,-1,-3
28546,28546,1503705747834,0,-4,-2,-1,-2,0,1,-3
28547,28547,1503705747848,-2,-1,-2,-1,0,-2,-3,2
28548,28548,1503705747857,2,1,2,-2,-1,-2,1,4
28549,28549,1503705747864,-1,1,0,0,0,-3,0,-9
28550,28550,1503705747881,-2,-1,0,0,-1,-2,-4,-4
28551,28551,1503705747886,0,1,0,-1,-1,0,-2,-4
28552,28552,1503705747894,-1,0,-1,-1,-1,-9,-4,-2
28553,28553,1503705747909,1,-2,0,1,-3,-2,0,4
28554,28554,1503705747917,1,-2,-3,-1,-1,1,0,-8
28555,28555,1503705747924,2,-1,0,-2,-1,-8,-6,9
28556,28556,1503705747939,3,-2,0,0,-1,-1,1,15
28557,28557,1503705747947,-7,-1,-1,-1,0,-1,-3,-31
28558,28558,1503705747948,-2,-3,-3,-2,-1,-1,-1,-5
28559,28559,1503705747955,-3,1,0,0,-2,1,2,9
28560,28560,1503705747968,-1,-1,0,-1,0,1,0,-16
28561,28561,1503705747977,-3,-1,-1,0,0,0,-3,-9
28562,28562,1503705747991,-2,-1,0,0,0,0,3,11
28563,28563,1503705747999,0,-3,-1,0,-2,-1,-2,2
28564,28564,1503705748006,-2,-4,-1,-1,1,-1,0,2
28565,28565,1503705748022,1,1,0,-2,-1,0,-2,9
28566,28566,1503705748028,3,1,-1,-1,-2,-5,-1,3
28567,28567,1503705748037,-3,-2,-1,0,-2,1,-3,-9
28568,28568,1503705748051,2,0,-2,0,-1,-2,0,11
28569,28569,1503705748059,-2,2,2,0,0,0,0,-10
28570,28570,1503705748074,1,0,-2,0,-1,0,-3,5
28571,28571,1503705748083,-3,-2,-1,-2,-1,-1,2,13
28572,28572,1503705748096,-3,-1,-1,0,-2,1,-3,-11
28573,28573,1503705748098,1,-1,-1,-1,1,-1,-1,-9
28574,28574,1503705748111,4,-1,0,-1,-1,7,-1,10
28575,28575,1503705748119,-7,1,-1,0,0,-1,-3,-12
28576,28576,1503705748126,-2,-2,-1,-1,-3,-4,-4,-5
28577,28577,1503705748142,-1,-4,-2,-1,0,-1,0,2
28578,28578,1503705748149,-9,-2,-2,-3,0,-3,-5,-34
28579,28579,1503705748157,0,1,-1,0,-1,-1,0,-10
28580,28580,1503705748171,-2,-1,2,-1,-2,-2,-2,-8
28581,28581,1503705748182,-4,-1,0,-1,-2,-1,-1,-9
28582,28582,1503705748186,0,0,-1,0,1,4,0,-3
28583,28583,1503705748202,0,0,-1,0,0,0,-1,-14
28584,28584,1503705748208,3,1,-2,0,1,0,2,5
28585,28585,1503705748217,1,0,0,0,-1,-8,-3,4
28586,28586,1503705748231,0,1,0,-1,-1,-4,-2,-6
28587,28587,1503705748239,-1,-1,-1,-1,-1,0,-2,-2
28588,28588,1503705748249,-1,0,1,0,-1,-3,1,16
28589,28589,1503705748262,-3,1,-1,1,0,1,-6,4
28590,28590,1503705748269,-3,-2,0,0,-2,-5,-2,-1
28591,28591,1503705748277,-1,-1,-3,-1,-1,0,1,6
28592,28592,1503705748292,-6,-2,-1,0,-1,-1,2,2
28593,28593,1503705748299,-1,3,-1,1,-1,5,0,-8
28594,28594,1503705748316,0,-1,-2,-1,0,2,-3,-5
29591,29591,1503705758055,-6,-3,4,4,-1,-2,-5,0
29592,29592,1503705758065,1,-5,0,-1,0,-1,-3,1
29593,29593,1503705758071,-1,2,2,1,3,1,-6,15
29594,29594,1503705758086,3,-3,1,-2,4,1,0,13
29595,29595,1503705758093,5,6,3,1,-4,-2,3,9
29596,29596,1503705758103,1,-13,-5,-1,-3,-2,1,22
29597,29597,1503705758115,2,6,2,-1,-2,-3,2,-12
29598,29598,1503705758124,9,-1,-4,-11,-4,-3,8,16
29599,29599,1503705758132,4,-6,-3,-3,-5,-2,1,6
29600,29600,1503705758146,-2,4,-1,-4,-7,-1,0,-31
29601,29601,1503705758154,-9,-4,-1,5,4,0,-2,-19
29602,29602,1503705758162,10,3,-1,1,-1,-1,-3,30
29603,29603,1503705758176,-2,6,4,-2,-3,-1,-3,17
29604,29604,1503705758183,-11,-13,-7,-3,-2,-1,-4,-20
29605,29605,1503705758191,0,5,0,-1,1,0,5,9
29606,29606,1503705758206,-12,8,-2,0,-2,-1,-1,-28
29607,29607,1503705758213,-5,-7,2,2,1,-4,-7,26
29608,29608,1503705758214,0,-3,-7,-4,0,-2,1,6
29609,29609,1503705758222,1,-12,-8,-4,-1,0,-2,14
29610,29610,1503705758235,-4,1,2,3,0,0,6,-14
29611,29611,1503705758244,0,16,11,12,6,-1,-7,-16
29612,29612,1503705758258,11,-3,2,-1,-1,-3,-3,-30
29613,29613,1503705758267,-7,2,2,0,-1,-1,-3,-14
29614,29614,1503705758274,1,14,1,-2,-2,2,2,14
29615,29615,1503705758289,-6,-1,0,6,1,0,1,47
29616,29616,1503705758295,5,-7,-4,-2,1,-1,-5,-95
29617,29617,1503705758304,14,5,7,0,0,-1,2,-22
29618,29618,1503705758318,-7,-6,-5,-7,-4,0,-1,4
29619,29619,1503705758326,-8,-7,-12,-14,-6,-2,-1,-19
29620,29620,1503705758334,5,0,0,4,3,0,1,9
29621,29621,1503705758348,3,6,-2,0,-1,2,0,-10
29622,29622,1503705758355,-2,9,13,10,7,0,-7,-3
29623,29623,1503705758367,8,-9,-4,-6,-4,-2,1,-37
29624,29624,1503705758385,-13,-12,-10,-3,-9,-4,-2,-9
29625,29625,1503705758386,0,14,4,2,1,-4,-8,-38
29626,29626,1503705758387,9,23,2,4,2,-2,-2,37
29627,29627,1503705758393,0,2,1,-4,0,1,0,-1
29628,29628,1503705758409,-19,-39,-16,-9,-6,-6,-8,26
29629,29629,1503705758415,-2,-10,-5,-3,-3,-3,-3,47
29630,29630,1503705758424,-7,-17,-5,0,-1,-5,-8,-16
29631,29631,1503705758438,10,-4,-3,-1,-4,-1,10,96
29632,29632,1503705758453,-1,15,13,7,5,-2,0,-36
29633,29633,1503705758454,-8,-21,-11,-2,-4,-1,-3,-40
29634,29634,1503705758469,7,16,10,3,4,3,4,18
29635,29635,1503705758476,-4,-8,-2,4,-1,-1,-1,53
29636,29636,1503705758484,-12,15,-1,-2,-2,1,-2,-16
29637,29637,1503705758501,-4,11,9,-7,-5,-2,0,24
29638,29638,1503705758506,1,21,2,0,-4,0,2,15
29639,29639,1503705758514,7,6,-3,1,3,0,4,-20
29640,29640,1503705758528,-4,-13,0,5,7,-1,-3,-19
29641,29641,1503705758536,-12,-12,-5,1,2,2,-3,-12
29642,29642,1503705758544,0,-13,-10,-9,-5,-3,5,24
29643,29643,1503705758558,3,-18,-4,-1,-3,-1,3,4
29644,29644,1503705758567,12,11,7,0,-2,0,0,4
29645,29645,1503705758574,-14,-6,-4,-10,1,-1,-4,-20
29646,29646,1503705758588,21,24,12,-3,-3,2,3,36
29647,29647,1503705758595,7,0,-1,1,-2,-3,-7,-19
29648,29648,1503705758604,-16,-8,4,-1,0,1,-3,-2
29649,29649,1503705758618,-2,4,-1,0,-1,0,3,24
29650,29650,1503705758626,-1,4,-3,3,0,0,6,-25
29651,29651,1503705758634,-9,2,-3,-1,0,-1,-13,-55
29652,29652,1503705758649,-1,-16,-5,-2,1,-3,-7,-15
29653,29653,1503705758655,-10,12,-2,-2,-3,-3,-4,-34
29654,29654,1503705758663,-2,-7,-5,-2,3,-2,-5,42
29655,29655,1503705758678,-14,-7,-5,-1,-3,-4,1,-32
29656,29656,1503705758686,-1,-23,-9,-4,-2,0,1,10
29657,29657,1503705758693,3,5,2,0,2,1,2,9
29658,29658,1503705758709,-1,-2,-1,1,-4,-1,0,12
29659,29659,1503705758715,4,2,0,-4,-1,-1,-2,-14
29660,29660,1503705758724,-2,-4,-4,-3,-3,0,-4,-30
29661,29661,1503705758738,14,5,1,1,-4,-3,-1,-3
29662,29662,1503705758746,-1,-10,0,2,4,-4,-2,-32
29663,29663,1503705758753,-4,-5,2,1,0,0,3,38
29664,29664,1503705758769,-10,-2,-4,0,-5,-2,-3,32
31137,31137,1503705773041,-11,-6,-3,0,-1,-1,1,-3
31138,31138,1503705773055,-8,-9,3,1,1,0,0,-2
31139,31139,1503705773063,-8,0,-3,0,-2,-2,0,-1
31140,31140,1503705773074,12,3,-2,1,0,-1,-1,-1
31141,31141,1503705773085,-2,-1,-1,-3,1,-1,-2,-1
31142,31142,1503705773093,8,3,1,-2,0,-1,-1,0
31143,31143,1503705773101,-22,-1,-4,0,-2,0,-2,-5
31144,31144,1503705773116,-2,2,-1,-1,0,-1,-1,-1
31145,31145,1503705773123,-32,-11,-1,-2,-1,-1,-2,-4
31146,31146,1503705773131,1,-8,2,0,-1,0,1,-3
31147,31147,1503705773145,-4,-3,0,0,-1,-1,0,-1
31148,31148,1503705773153,16,5,0,-1,-1,0,0,0
31149,31149,1503705773167,-7,-2,-2,-3,0,-1,-1,1
31150,31150,1503705773175,18,-9,-5,-1,0,-1,-1,-1
31151,31151,1503705773176,0,-3,-1,0,-1,0,-1,-2
31152,31152,1503705773184,18,6,-4,0,-2,-1,-2,-2
31153,31153,1503705773198,-3,-2,-2,-2,-1,-1,-1,-1
31154,31154,1503705773208,-3,4,3,0,-1,-2,0,0
31155,31155,1503705773213,-8,-3,-1,-1,-1,-2,-1,-1
31156,31156,1503705773227,8,-3,-5,0,-1,-2,-2,-1
31157,31157,1503705773235,2,3,-2,-2,1,-2,-2,2
31158,31158,1503705773243,-12,6,2,-1,0,0,-1,1
31159,31159,1503705773258,9,-2,-3,-3,1,-2,0,-2
31160,31160,1503705773265,10,-4,2,-1,1,0,2,1
31161,31161,1503705773275,1,0,-4,-1,-3,-1,-2,-1
31162,31162,1503705773287,27,12,1,-3,0,1,-2,1
31163,31163,1503705773295,-12,-6,1,-1,-1,-1,0,-3
31164,31164,1503705773303,16,3,0,1,-1,-2,-1,0
31165,31165,1503705773318,-38,-14,-2,0,-1,-1,0,-1
31166,31166,1503705773325,-9,-5,-2,-1,-2,-1,0,-2
31167,31167,1503705773333,12,10,2,0,-1,0,-1,0
31168,31168,1503705773347,-3,-6,0,-1,-1,-1,-2,-3
31169,31169,1503705773355,9,6,5,0,1,0,1,1
31170,31170,1503705773363,-6,-11,-6,-1,-2,0,-1,-1
31171,31171,1503705773378,7,-3,-3,-2,-1,-3,-1,0
31172,31172,1503705773385,-2,-13,-2,-3,0,-1,0,-3
31173,31173,1503705773393,13,-5,-5,0,-2,0,-1,2
31174,31174,1503705773409,15,1,0,0,0,0,0,-1
31175,31175,1503705773415,-28,-9,0,-1,-2,-2,-3,-4
31176,31176,1503705773423,-11,-2,-2,-2,-2,0,-2,-3
31177,31177,1503705773438,5,14,1,0,0,0,0,-1
31178,31178,1503705773445,14,3,3,0,-1,-3,1,0
31179,31179,1503705773453,9,4,-5,-2,-1,-2,-1,0
31180,31180,1503705773467,-5,-7,-2,0,2,1,-2,0
31181,31181,1503705773476,1,6,3,1,0,1,-1,-2
31182,31182,1503705773483,-11,6,0,-1,0,-1,0,-2
31183,31183,1503705773498,5,8,2,-1,-2,-1,-1,0
31184,31184,1503705773504,11,-6,-1,-2,0,0,0,2
31185,31185,1503705773505,-12,-8,-1,-2,-1,-1,-1,-1
31186,31186,1503705773513,-17,-8,1,-1,-2,0,-1,-2
31187,31187,1503705773527,3,-1,-4,0,-1,-2,1,0
31188,31188,1503705773535,4,-16,-6,-2,-1,-1,-1,0
31189,31189,1503705773544,-1,-3,-5,0,-2,1,1,1
31190,31190,1503705773558,-8,4,5,2,1,-1,1,-1
31191,31191,1503705773565,-10,0,2,2,1,-2,-2,-1
31192,31192,1503705773575,-6,-4,-4,-1,-1,0,-1,1
31193,31193,1503705773587,17,10,3,-1,-1,-1,-2,0
31194,31194,1503705773602,-3,-4,-5,-4,-1,-1,-2,0
31195,31195,1503705773603,-7,7,0,0,-4,0,0,-1
31196,31196,1503705773618,8,-4,1,0,-1,-1,-1,0
31197,31197,1503705773625,-46,-33,-13,-5,-3,-3,-4,-6
31198,31198,1503705773633,1,-15,-1,-1,-2,0,-1,0
31199,31199,1503705773647,5,-11,-4,-1,1,0,1,-1
31200,31200,1503705773655,-29,-1,0,2,0,-2,-3,-4
31201,31201,1503705773670,-22,13,8,2,-2,0,0,-2
31202,31202,1503705773678,11,9,1,-1,0,0,1,0
31203,31203,1503705773692,8,1,-5,-1,0,-1,-1,0
31204,31204,1503705773700,-19,-2,1,0,-1,-1,2,1
31205,31205,1503705773710,13,2,-2,-1,-1,-1,-1,0
31206,31206,1503705773715,-14,-11,-9,-3,-2,1,1,0
31207,31207,1503705773716,19,7,-1,-1,-2,-1,-1,-2
31208,31208,1503705773723,6,-8,0,-1,0,-1,-2,0
31209,31209,1503705773738,5,3,6,0,1,0,-2,-1
31210,31210,1503705773745,21,0,1,0,1,0,-1,2
31211,31211,1503705773753,-4,-1,-5,-2,-1,0,0,-1
31212,31212,1503705773767,10,2,-3,-2,0,0,1,-1
31213,31213,1503705773777,4,6,8,1,0,0,0,0
31214,31214,1503705773783,-2,-9,4,-1,-1,-1,-1,-3
31215,31215,1503705773798,0,-5,-3,-1,-2,0,-1,-3
31216,31216,1503705773805,-1,-5,8,0,0,-1,0,-2
31217,31217,1503705773814,2,-5,-6,-2,-1,-2,-1,-3
31218,31218,1503705773827,15,13,0,1,-2,-2,-3,2
31219,31219,1503705773835,1,-6,-5,-1,-2,-1,-1,-1
31220,31220,1503705773844,-40,-1,-2,-2,-2,-2,1,-5
31221,31221,1503705773858,8,1,-3,-1,-1,-1,-1,-1
31222,31222,1503705773865,-6,4,2,-1,-2,1,2,0
31223,31223,1503705773873,7,-5,-4,-3,-2,-2,-2,-4
31224,31224,1503705773874,-6,-1,-4,-1,0,0,0,2
31225,31225,1503705773887,6,4,1,1,0,0,0,0
31226,31226,1503705773895,0,-2,-2,-3,-1,-2,0,0
31227,31227,1503705773904,5,27,1,1,-2,1,0,0
31228,31228,1503705773918,-34,-24,-2,-1,1,0,-3,-2
31229,31229,1503705773925,41,-8,-3,-1,-1,0,-1,0
31230,31230,1503705773933,-17,1,5,0,-1,0,0,-2
31231,31231,1503705773947,-18,-6,-3,-3,-1,-2,-2,-1
31232,31232,1503705773955,14,1,1,0,-1,0,-1,-1
31233,31233,1503705773963,1,4,0,0,0,-2,-2,0
31234,31234,1503705773978,15,15,0,-1,-1,-1,-1,0
31235,31235,1503705773986,-7,32,3,-2,0,-1,-3,-3
31236,31236,1503705773993,-2,1,-1,-1,-1,1,-1,-1
31237,31237,1503705774007,-13,-18,-5,-2,0,-1,0,-1
31238,31238,1503705774016,-36,-4,-1,0,-1,-2,-1,-3
31239,31239,1503705774023,11,-8,1,0,-1,0,-2,-1
31240,31240,1503705774038,-7,0,-1,-2,-1,0,-2,1
31241,31241,1503705774046,10,2,0,0,0,-1,0,0
31242,31242,1503705774054,12,0,-2,0,0,0,-3,-1
31243,31243,1503705774067,9,-2,-2,-2,-2,0,-2,3
31244,31244,1503705774077,9,-4,-5,-3,-1,-1,0,-1
31245,31245,1503705774090,-32,-28,-4,-2,-2,-2,-1,-5
31246,31246,1503705774098,-7,11,4,0,-2,-1,-2,2
31247,31247,1503705774105,2,-2,-3,-1,1,-1,0,-3
31248,31248,1503705774121,13,3,-2,0,1,-1,0,-3
31249,31249,1503705774127,2,-1,-4,-3,-2,-1,0,1
31250,31250,1503705774135,25,5,-5,0,0,0,-1,-3
31251,31251,1503705774150,-2,4,1,-1,0,0,0,0
31252,31252,1503705774158,4,-5,2,0,0,-1,1,-1
31253,31253,1503705774165,-7,5,-2,-1,-1,-2,-1,-1
31254,31254,1503705774180,-7,-1,4,-1,-1,0,0,-1
31255,31255,1503705774187,-4,-6,-3,-1,-1,1,0,-1
31256,31256,1503705774195,-5,-8,-8,-2,1,-1,1,1
31257,31257,1503705774213,23,-1,0,0,0,-1,-2,-3
31258,31258,1503705774225,-27,-12,6,2,-1,-2,0,0
31259,31259,1503705774226,-12,-6,1,-2,0,0,-1,-3
31260,31260,1503705774240,5,10,-1,-2,-1,0,1,1
31261,31261,1503705774247,-41,-14,-1,-1,-2,-1,0,-2
31262,31262,1503705774256,12,-6,-2,-1,-1,1,-1,-2
31263,31263,1503705774269,-23,-10,-6,-2,1,-1,0,-4
31264,31264,1503705774270,12,7,7,1,1,0,1,5
31265,31265,1503705774279,-12,-3,-4,0,-3,-1,-2,-2
31266,31266,1503705774285,0,-1,-7,-1,-2,-2,-2,1
31267,31267,1503705774300,9,13,-3,-1,0,-1,-2,0
31268,31268,1503705774307,-29,-1,-1,0,-1,0,0,-1
31269,31269,1503705774316,5,-1,-2,-2,-1,-2,-1,-1
31270,31270,1503705774330,1,6,-1,-2,-1,-3,-1,-1
31271,31271,1503705774338,1,-7,-1,-1,1,-1,-1,-5
31272,31272,1503705774346,20,-3,0,0,-1,-1,-2,1
31273,31273,1503705774360,15,-2,-2,-2,0,1,0,0
31274,31274,1503705774367,5,-2,-2,0,0,1,-2,-2
33071,33071,1503705791867,-2,0,-3,-2,-1,1,-2,-8
33072,33072,1503705791868,-2,-4,-1,-1,-2,1,-1,-2
33073,33073,1503705791871,2,-1,1,-2,-2,-1,-6,-18
33074,33074,1503705791879,-3,1,-1,-2,-1,-1,0,-3
33075,33075,1503705791880,-2,-1,-1,0,0,1,3,1
33076,33076,1503705791887,-5,-3,-1,-3,-2,-3,-1,7
33077,33077,1503705791895,2,0,-2,0,0,-3,2,11
33078,33078,1503705791903,-2,-2,1,1,2,4,0,1
33079,33079,1503705791917,-1,-2,-2,0,0,1,1,11
33080,33080,1503705791926,-1,-2,-2,-1,0,-2,-3,-10
33081,33081,1503705791934,-4,-2,-1,-2,-2,-3,-4,-13
33082,33082,1503705791947,3,1,1,0,1,0,-2,9
33083,33083,1503705791954,1,-1,-1,-2,-3,-1,0,4
33084,33084,1503705791962,-1,-1,1,0,-2,-1,2,13
33085,33085,1503705791977,0,2,0,-1,-2,1,0,-1
33086,33086,1503705791985,2,0,-1,-1,-1,0,3,19
33087,33087,1503705791992,0,-4,-1,-2,-2,-3,-2,3
33088,33088,1503705792007,-2,-1,-2,-1,-2,-1,-4,-19
33089,33089,1503705792015,-2,0,0,0,1,0,-1,-10
33090,33090,1503705792022,0,-2,-2,0,0,-2,-2,-22
33091,33091,1503705792037,2,2,-2,0,-1,2,2,6
33092,33092,1503705792045,-1,-1,0,-2,-3,0,-1,-14
33093,33093,1503705792052,-2,-2,0,-1,-1,0,-2,-1
33094,33094,1503705792068,1,-1,0,-2,0,0,0,3
33095,33095,1503705792076,-1,-1,-1,-1,-1,1,1,1
33096,33096,1503705792082,-20,-5,-4,-2,-1,-8,-6,-19
33097,33097,1503705792097,9,-4,-3,-1,-2,-3,-2,-7
33098,33098,1503705792106,11,4,1,0,-2,-6,-2,-3
33099,33099,1503705792107,2,0,0,1,1,2,1,9
33100,33100,1503705792112,-2,-1,-2,1,1,0,-1,-2
33101,33101,1503705792127,-19,0,2,1,-4,1,-1,2
33102,33102,1503705792135,-12,0,0,-1,-2,-3,-1,4
33103,33103,1503705792143,0,1,-1,1,2,7,3,14
33104,33104,1503705792157,2,1,-1,-3,-2,-2,0,-2
33105,33105,1503705792165,1,-1,0,0,-4,-4,-3,-1
33106,33106,1503705792172,1,-1,-1,-3,-1,-1,0,-7
33107,33107,1503705792194,9,-1,-4,-1,-1,-2,-2,-2
33108,33108,1503705792195,-5,2,2,0,0,-3,1,-1
33109,33109,1503705792204,7,-1,-1,-3,0,2,0,3
33110,33110,1503705792217,0,-1,-2,1,-1,-2,0,4
33111,33111,1503705792225,10,-1,-2,-1,0,-2,0,11
33112,33112,1503705792232,4,-2,-2,-1,0,-1,-2,-4
33113,33113,1503705792247,-18,1,-2,0,1,0,-2,-17
33114,33114,1503705792254,-3,-3,-2,-1,0,-1,-2,0
33115,33115,1503705792262,7,-3,-2,-1,-1,-5,5,27
33116,33116,1503705792278,-6,-1,0,-1,-3,-3,-2,2
33117,33117,1503705792285,5,-1,0,-1,-1,-1,-1,-4
33118,33118,1503705792292,3,1,1,-2,-2,0,0,1
33119,33119,1503705792309,1,0,0,-2,-2,3,-2,-5
33120,33120,1503705792314,-2,0,0,0,-1,0,0,0
33121,33121,1503705792315,1,0,-2,-1,1,-2,-1,-1
33122,33122,1503705792322,-5,-1,-1,1,-2,-5,-3,-8
33123,33123,1503705792339,0,1,1,-1,-1,3,0,7
33124,33124,1503705792345,2,-2,-2,-2,1,3,0,7
33125,33125,1503705792352,-1,-2,-1,1,-1,0,0,-1
33126,33126,1503705792371,0,1,1,-1,-1,-2,-2,-5
33127,33127,1503705792375,0,0,0,0,0,-1,0,5
33128,33128,1503705792382,0,-1,-1,0,0,1,0,-3
33129,33129,1503705792397,-1,0,-3,0,-1,-3,-3,-4
33130,33130,1503705792405,1,-1,0,-1,0,0,-3,0
33131,33131,1503705792414,-2,-2,0,-3,0,0,-1,-2
33132,33132,1503705792428,3,-3,-1,-2,-2,-2,0,-5
33133,33133,1503705792437,-2,-2,-3,-1,-2,-1,-2,-3
33134,33134,1503705792443,-1,-1,0,0,0,-1,-2,-2
34371,34371,1503705804554,0,-1,-4,5,10,0,-3,8
34372,34372,1503705804569,4,14,12,6,8,1,3,-17
34373,34373,1503705804577,-2,-3,-1,-1,-6,1,-1,-1
34374,34374,1503705804584,-1,1,2,-1,0,-1,-8,16
34375,34375,1503705804599,-4,-5,-3,-3,-1,3,2,-1
34376,34376,1503705804607,0,1,0,-3,-5,-4,2,-9
34377,34377,1503705804614,3,10,6,5,8,1,-7,-11
34378,34378,1503705804632,-4,-5,-4,0,-4,-3,-8,-5
34379,34379,1503705804637,1,-2,0,1,4,1,0,26
34380,34380,1503705804644,-5,-24,-9,-3,-6,-3,1,38
34381,34381,1503705804659,-2,17,8,3,-5,1,3,73
34382,34382,1503705804670,0,-4,-1,2,0,-1,0,-96
34383,34383,1503705804675,-1,-6,-4,-5,-2,-1,1,-13
34384,34384,1503705804689,-2,15,9,5,3,-2,1,13
34385,34385,1503705804700,4,-9,-6,0,-1,-1,-1,-21
34386,34386,1503705804704,7,10,3,-1,0,0,-2,-13
34387,34387,1503705804719,4,-4,-1,-1,1,1,2,-15
34388,34388,1503705804726,6,0,-6,-3,-1,-3,2,8
34389,34389,1503705804734,-10,-8,-5,-6,-6,1,4,1
34390,34390,1503705804749,-10,-7,-1,0,0,1,-7,8
34391,34391,1503705804757,8,-6,-10,-3,-2,-1,-5,-38
34392,34392,1503705804764,-4,0,9,1,-1,2,6,-6
34393,34393,1503705804765,-4,18,8,-2,-1,-1,1,1
34394,34394,1503705804779,-1,6,7,3,4,-2,-3,-14
34395,34395,1503705804786,1,-6,-7,-3,-4,-1,3,7
34396,34396,1503705804795,-4,0,-3,0,-1,-1,-1,-3
34397,34397,1503705804809,-2,-4,-4,2,-1,-3,2,6
34398,34398,1503705804817,-1,-5,-1,-3,-2,-1,4,4
34399,34399,1503705804824,2,-3,-5,-3,-1,-2,-10,-7
34400,34400,1503705804840,-2,-3,-2,-1,-2,-2,-1,2
34401,34401,1503705804846,-3,-5,0,-2,0,1,2,-7
34402,34402,1503705804854,2,1,-3,-3,0,-2,2,-5
34403,34403,1503705804855,1,7,5,3,3,0,-1,5
34404,34404,1503705804870,23,45,22,2,0,-1,-3,1
34405,34405,1503705804877,3,11,0,1,2,1,1,3
34406,34406,1503705804891,-7,-17,-12,-2,-1,0,0,9
34407,34407,1503705804900,-1,-1,-1,0,0,0,-3,0
34408,34408,1503705804908,-6,-6,-2,0,-4,-5,-9,-4
34409,34409,1503705804922,0,-9,-7,-4,-5,-1,0,-3
34410,34410,1503705804929,-1,-6,-1,-1,0,2,2,2
34411,34411,1503705804937,-6,-2,2,0,1,-2,-2,-6
34412,34412,1503705804951,0,0,2,0,2,0,-1,-3
34413,34413,1503705804959,1,0,-1,-3,-3,-1,-4,5
34414,34414,1503705804967,-13,-9,-5,-3,1,-1,-1,-14
34415,34415,1503705804981,8,3,1,0,-1,1,5,11
34416,34416,1503705804989,-16,-17,-2,0,3,0,5,-3
34417,34417,1503705804999,-6,-2,-3,-3,-3,0,-1,-10
34418,34418,1503705805000,4,3,2,1,-5,-2,-5,-1
34419,34419,1503705805011,7,13,8,4,-1,0,1,2
34420,34420,1503705805019,8,7,5,1,-1,1,4,19
34421,34421,1503705805026,-2,-19,-8,-1,-1,-2,-8,10
34422,34422,1503705805041,-8,-4,-3,-3,-3,1,2,-28
34423,34423,1503705805049,9,6,-4,-2,-1,2,5,30
34424,34424,1503705805057,-3,-1,1,1,2,-3,-1,-3
34425,34425,1503705805071,-12,-5,-4,-3,-1,0,-1,-20
34426,34426,1503705805079,2,-8,-6,-1,6,-2,-1,23
34427,34427,1503705805086,5,5,0,3,-5,0,3,6
34428,34428,1503705805102,-10,-1,1,-1,-28,-1,3,-15
34429,34429,1503705805109,-9,-8,-6,-6,-6,0,4,-3
34430,34430,1503705805117,2,-3,-5,-7,2,-4,-16,16
34431,34431,1503705805133,5,-8,-5,0,2,-1,-6,-6
34432,34432,1503705805139,-14,-7,-6,-3,4,0,-1,-27
34433,34433,1503705805147,13,23,16,4,3,-6,0,19
34434,34434,1503705805161,-1,-8,-3,-1,-7,-3,0,19
34435,34435,1503705805169,-23,-21,-14,-10,-30,-6,2,-44
34436,34436,1503705805177,-9,5,8,4,9,3,0,-27
34437,34437,1503705805191,54,9,2,0,10,2,20,93
34438,34438,1503705805201,-8,-13,-13,-7,2,-7,1,-15
34439,34439,1503705805207,-5,2,-2,2,4,7,1,-17
34440,34440,1503705805221,10,-7,-3,0,-2,-2,2,18
34441,34441,1503705805229,-9,-3,-8,-3,-3,-4,-3,-19
34442,34442,1503705805237,-8,-4,0,2,6,2,-8,-11
34443,34443,1503705805251,-8,-13,-3,-1,4,0,-3,-3
34444,34444,1503705805259,2,8,-1,0,1,-2,2,8
34445,34445,1503705805267,3,9,4,-4,0,-1,-15,-1
34446,34446,1503705805281,0,3,-3,2,-2,-1,-3,-3
34447,34447,1503705805289,-2,6,3,6,5,-2,-6,12
34448,34448,1503705805297,-2,-1,-4,-5,1,4,0,-2
34449,34449,1503705805311,-6,12,-5,-3,0,-1,-3,-14
34450,34450,1503705805319,2,-2,2,0,-1,0,1,-6
34451,34451,1503705805326,-9,-3,-8,-4,0,-3,-2,-10
34452,34452,1503705805342,-1,1,3,3,0,-4,-9,-13
34453,34453,1503705805349,-5,-9,-4,2,0,1,-1,-2
34454,34454,1503705805357,5,19,17,3,0,2,2,1
34455,34455,1503705805371,-3,-3,4,1,1,1,1,-5
34456,34456,1503705805379,4,0,-7,-4,-3,-2,-2,25
34457,34457,1503705805386,-3,-6,-4,-2,-3,0,1,7
34458,34458,1503705805402,-4,-16,-6,-2,-1,-1,1,-6
34459,34459,1503705805409,-1,0,-4,1,0,0,-4,-5
34460,34460,1503705805410,4,10,13,7,4,0,-3,-11
34461,34461,1503705805417,7,0,-1,-1,-2,0,2,-8
34462,34462,1503705805431,-23,-3,1,1,-1,0,-2,-8
34463,34463,1503705805440,-5,1,-3,-10,-6,2,4,0
34464,34464,1503705805446,-17,-8,-6,-5,-2,1,0,-3
34465,34465,1503705805462,-41,-11,0,3,2,0,-2,-4
34466,34466,1503705805469,9,0,-1,-2,-4,-4,-1,-4
34467,34467,1503705805480,20,5,-2,-1,2,-3,-3,-3
34468,34468,1503705805491,9,-3,-5,-5,19,10,0,1
34469,34469,1503705805502,7,1,-2,-5,-10,-7,0,0
34470,34470,1503705805508,53,10,-2,-2,-9,-1,1,1
34471,34471,1503705805521,31,-6,-2,12,7,-3,0,5
35474,35474,1503705815113,-43,-1,13,1,-6,-6,-8,-14
35475,35475,1503705815129,12,3,-1,0,-2,-3,-2,2
35476,35476,1503705815136,3,0,-2,1,-2,-2,5,8
35477,35477,1503705815144,-18,-21,-7,-1,2,-1,-2,-1
35478,35478,1503705815158,12,12,5,-1,-3,-4,-1,5
35479,35479,1503705815166,1,4,0,-1,2,0,-1,0
35480,35480,1503705815173,-6,-5,-6,-4,-2,-2,-2,-2
35481,35481,1503705815189,-4,-6,-6,-3,-2,-2,-2,1
35482,35482,1503705815196,-1,-3,2,1,-1,-1,2,1
35483,35483,1503705815204,-11,5,2,1,-3,-3,-5,-3
35484,35484,1503705815218,-18,3,-2,0,0,1,-1,0
35485,35485,1503705815226,-4,-12,-15,-4,-1,-2,1,0
35486,35486,1503705815233,27,0,-9,-3,0,-2,-4,-2
35487,35487,1503705815250,-9,2,2,-4,-1,-2,0,-8
35488,35488,1503705815256,1,-4,2,0,-2,-1,1,2
35489,35489,1503705815264,-18,8,7,4,2,0,-3,-2
35490,35490,1503705815278,-6,-9,-2,-1,0,-4,-5,-5
35491,35491,1503705815286,5,2,1,-1,0,-2,-3,-1
35492,35492,1503705815294,0,5,3,2,1,1,2,-4
35493,35493,1503705815308,12,-11,-5,-4,-3,-2,-4,-1
35494,35494,1503705815318,15,10,15,2,0,2,5,0
35495,35495,1503705815325,2,-3,4,-2,-2,-1,2,4
35496,35496,1503705815338,20,2,-2,6,3,-2,-3,4
35497,35497,1503705815346,7,12,3,0,0,0,-5,-5
35498,35498,1503705815354,3,10,5,1,0,0,-2,-1
35499,35499,1503705815368,-3,-2,-2,0,1,1,0,4
35500,35500,1503705815376,-3,-5,0,-1,-1,-4,-3,-3
35501,35501,1503705815385,-4,5,-2,-1,-5,-5,-6,-3
35502,35502,1503705815398,2,-2,-8,-6,-4,-2,1,-14
35503,35503,1503705815406,9,-5,-1,3,3,2,0,-2
35504,35504,1503705815413,-18,-11,-5,-2,-1,2,-1,3
35505,35505,1503705815428,9,2,6,4,2,1,5,4
35506,35506,1503705815436,-10,0,0,0,1,1,-3,-2
35507,35507,1503705815444,-72,-2,14,3,0,-2,-3,-5
35508,35508,1503705815458,-3,3,-3,-1,0,0,4,6
35509,35509,1503705815466,21,-13,-10,-1,0,1,7,4
35510,35510,1503705815473,14,-4,5,3,2,0,-2,3
35511,35511,1503705815489,13,-2,-2,-3,-3,1,3,3
35512,35512,1503705815496,9,6,-5,-3,-1,-3,-3,-3
35513,35513,1503705815505,12,-2,2,-1,0,0,-2,-4
35514,35514,1503705815520,-8,-10,-1,-1,0,0,-4,0
35515,35515,1503705815527,-3,2,-4,-3,-1,-2,-3,-1
35516,35516,1503705815534,-8,-1,-2,-3,-2,2,3,0
35517,35517,1503705815549,0,0,-3,-1,0,-1,-1,-31
35518,35518,1503705815556,1,1,1,-1,-1,-3,-10,-6
35519,35519,1503705815557,-18,-5,1,2,0,-2,3,-6
35520,35520,1503705815564,12,1,-1,-2,-2,0,0,18
35521,35521,1503705815578,-10,-6,-1,-1,-2,-1,-1,0
35522,35522,1503705815586,-1,-2,-2,-3,-2,-1,-4,-2
35523,35523,1503705815594,-5,-11,-2,-4,-3,0,-2,1
35524,35524,1503705815608,-3,-2,-3,0,2,0,1,-3
35525,35525,1503705815616,-2,1,-6,-5,-1,-1,6,2
35526,35526,1503705815624,-3,14,-2,1,0,-1,0,3
35527,35527,1503705815638,-2,-8,-4,1,-2,-1,1,8
35528,35528,1503705815646,10,-19,-6,-2,-4,-1,-4,-4
35529,35529,1503705815654,18,26,18,4,4,1,1,14
35530,35530,1503705815668,-10,-1,-5,-3,-3,-1,1,14
35531,35531,1503705815676,-2,4,1,1,0,-4,-5,8
35532,35532,1503705815687,-1,-9,-2,-1,0,-1,-5,-1
35533,35533,1503705815705,9,-2,-5,-4,-2,0,6,6
35534,35534,1503705815706,-14,-2,-7,-2,-1,0,7,-2
35535,35535,1503705815707,8,-2,-3,-2,-2,-3,-13,-13
35536,35536,1503705815713,9,-11,-14,-4,-3,-2,-4,-27
35537,35537,1503705815729,11,14,4,2,0,1,5,2
35538,35538,1503705815736,-2,-3,-1,1,0,0,-1,15
35539,35539,1503705815744,2,-3,0,0,-1,-3,2,6
35540,35540,1503705815758,-5,-7,-3,-5,-4,-2,-4,-9
35541,35541,1503705815766,3,1,3,2,3,0,1,1
35542,35542,1503705815773,-11,-17,-4,0,-1,0,-3,0
35543,35543,1503705815789,-7,-7,3,5,0,0,-2,6
35544,35544,1503705815796,0,11,6,-2,-2,0,0,-15
35545,35545,1503705815804,-12,-6,-3,-5,-1,1,4,5
35546,35546,1503705815820,1,-3,-5,3,4,-1,-3,-3
35547,35547,1503705815827,1,12,5,-1,-1,-1,-2,-14
35548,35548,1503705815833,5,-2,0,-2,-2,-3,-3,2
35549,35549,1503705815848,4,17,0,-2,-2,-2,3,21
35550,35550,1503705815856,-3,18,3,1,1,1,0,-13
35551,35551,1503705815864,-4,-9,-10,-4,-1,-1,-4,-22
36981,36981,1503705829836,-26,-22,-6,-4,-2,0,-2,-1
36982,36982,1503705829843,-3,16,5,0,-1,-2,-2,-1
36983,36983,1503705829851,-12,22,21,4,0,-1,-1,-2
36984,36984,1503705829866,2,-8,-10,-3,-3,0,-3,-2
36985,36985,1503705829873,-5,46,5,0,-2,-1,2,-1
36986,36986,1503705829880,-22,-2,2,2,-2,0,3,3
36987,36987,1503705829896,-16,-39,-13,-4,2,-2,-5,-4
36988,36988,1503705829903,10,15,-10,-3,-1,-2,-1,3
36989,36989,1503705829911,13,-10,2,-2,-1,0,-1,-1
36990,36990,1503705829925,-2,-13,-5,-1,-3,-1,-1,-1
36991,36991,1503705829933,0,-11,-10,-2,0,-3,-2,-3
36992,36992,1503705829940,1,19,2,-1,-2,-1,0,-1
36993,36993,1503705829959,8,-9,2,1,0,2,-2,0
36994,36994,1503705829963,-22,-7,-6,-2,1,0,1,-5
36995,36995,1503705829971,20,17,-2,1,0,-4,-1,1
36996,36996,1503705829985,10,28,6,0,0,-2,1,-1
36997,36997,1503705829993,-46,-22,-4,-1,0,0,-1,-3
36998,36998,1503705830001,2,-7,-6,-2,0,0,-3,0
36999,36999,1503705830016,16,20,7,-1,-1,-2,1,-4
37000,37000,1503705830025,-14,-2,-1,-1,1,0,-1,0
37001,37001,1503705830032,3,-23,-6,1,-2,0,-2,-4
37002,37002,1503705830045,-3,21,4,1,0,-2,-2,-3
37003,37003,1503705830053,-2,3,-9,-5,-2,-3,0,-2
37004,37004,1503705830068,7,-15,20,5,0,-1,1,3
37005,37005,1503705830076,4,-6,8,1,0,0,0,-2
37006,37006,1503705830083,4,-8,-7,-4,-2,-1,-4,0
37007,37007,1503705830098,-6,-28,-6,-3,-2,-1,0,-1
37008,37008,1503705830105,-2,2,5,1,-1,1,1,-4
37009,37009,1503705830113,30,-4,-1,-2,-1,-1,0,5
37010,37010,1503705830114,7,4,-13,-5,-2,-1,-2,-4
37011,37011,1503705830128,1,-12,-14,-4,-1,-2,-1,-6
37012,37012,1503705830136,8,9,-1,0,-1,-1,0,2
37013,37013,1503705830143,2,-17,0,0,0,-2,-3,-1
37014,37014,1503705830158,-3,6,-2,-2,0,0,-4,1
37015,37015,1503705830166,9,8,-6,-3,0,-1,-2,-1
37016,37016,1503705830173,-6,7,0,1,0,-1,-2,-1
37017,37017,1503705830188,-2,2,3,-1,-2,-1,-1,1
37018,37018,1503705830196,0,11,1,1,0,-1,-1,1
37019,37019,1503705830203,0,-5,0,2,1,0,0,-1
37020,37020,1503705830232,-5,-4,-4,-1,-1,2,-1,-1
37021,37021,1503705830235,-1,-8,-4,-1,-3,-2,-4,-1
37022,37022,1503705830248,6,5,12,1,0,-1,2,1
37023,37023,1503705830256,3,1,13,3,2,1,2,2
37024,37024,1503705830264,3,16,0,-1,-2,-2,-3,1
37025,37025,1503705830278,-15,-17,0,0,0,0,-1,-1
37026,37026,1503705830285,3,15,12,1,0,0,2,-1
37027,37027,1503705830293,3,9,-6,-3,-1,-1,1,1
37028,37028,1503705830308,-3,-11,-8,-3,-2,0,-2,-3
37029,37029,1503705830316,3,18,10,-2,-1,-1,-1,0
37030,37030,1503705830323,6,-7,0,-1,0,-1,0,0
37031,37031,1503705830338,-3,-20,-10,0,-2,-1,-1,0
37032,37032,1503705830345,-12,-15,-10,-4,1,-2,-2,-1
37033,37033,1503705830353,-11,4,-3,-3,-1,-1,1,-3
37034,37034,1503705830368,-29,-42,-7,-2,-2,-1,1,-2
37035,37035,1503705830376,-5,6,1,0,-1,-1,0,-1
37036,37036,1503705830383,9,11,9,2,1,-1,0,0
37037,37037,1503705830398,4,5,2,1,-1,-1,-4,-3
37038,37038,1503705830405,3,1,-7,-4,-2,-2,-3,0
37039,37039,1503705830413,-5,0,5,1,1,-1,2,-1
37040,37040,1503705830428,14,15,-11,-4,0,-2,-1,0
37041,37041,1503705830436,1,-6,-4,-1,-1,-1,-3,0
37042,37042,1503705830443,6,6,-1,-2,-1,0,-1,-1
37043,37043,1503705830460,-2,-3,-1,-1,-1,1,-2,2
37044,37044,1503705830466,-1,15,6,0,-2,-3,0,-2
37045,37045,1503705830473,-7,2,0,-1,0,-2,0,-4
37046,37046,1503705830488,-6,-6,4,1,-2,0,1,0
37047,37047,1503705830496,14,0,7,2,0,0,-1,-1
37048,37048,1503705830503,-1,5,11,5,-1,-1,-1,-2
37049,37049,1503705830518,-7,-9,5,0,1,2,0,1
37050,37050,1503705830527,9,-6,-6,-1,0,0,-2,-2
37051,37051,1503705830533,-2,-15,5,0,1,-1,-1,-3
37052,37052,1503705830534,0,6,-7,-3,-2,-3,2,2
37053,37053,1503705830548,-2,-11,-1,1,0,0,-1,0
37054,37054,1503705830556,4,-5,-1,-1,-1,-1,-1,0
37055,37055,1503705830563,-1,5,0,-1,0,0,-1,-1
37056,37056,1503705830578,-4,-7,-4,-5,-2,0,0,1
37057,37057,1503705830585,-5,1,-3,2,-1,0,-1,0
37058,37058,1503705830594,0,0,2,0,-1,0,2,1
37059,37059,1503705830609,-4,7,-5,-2,-2,0,-1,-2
37060,37060,1503705830616,1,5,-2,1,0,-1,-4,-1
37061,37061,1503705830623,-6,6,10,5,3,-1,0,-2
37062,37062,1503705830638,9,5,-1,-1,0,0,-1,2
37063,37063,1503705830645,-8,-21,-3,-4,-2,-2,-2,-2
37064,37064,1503705830653,3,16,8,1,0,-3,-1,-1
38191,38191,1503705841543,0,5,4,1,2,0,-2,-1
38192,38192,1503705841557,-3,-6,-11,-4,-3,-3,-1,-7
38193,38193,1503705841565,-3,-1,0,-5,-4,-3,-2,1
38194,38194,1503705841572,2,1,-2,0,3,0,2,-2
38195,38195,1503705841587,2,-12,-5,-2,-3,-1,0,6
38196,38196,1503705841595,0,5,0,-2,-3,-1,-3,-4
38197,38197,1503705841604,-3,-10,0,2,2,1,1,1
38198,38198,1503705841617,2,6,-4,-2,-1,-1,-3,3
38199,38199,1503705841618,-1,-9,-3,-1,-3,1,1,-24
38200,38200,1503705841625,1,3,0,0,1,-1,-1,-9
38201,38201,1503705841633,0,-3,-2,-2,-3,-4,-1,16
38202,38202,1503705841651,-3,6,6,2,-1,-1,0,-1
38203,38203,1503705841656,-1,0,-2,-1,1,-1,0,0
38204,38204,1503705841663,-5,-1,-2,0,2,0,-4,-3
38205,38205,1503705841678,-4,0,-1,-5,-2,0,2,-1
38206,38206,1503705841685,1,9,1,2,1,-3,-11,-4
38207,38207,1503705841692,2,2,2,-1,-1,0,0,-2
38208,38208,1503705841707,2,-2,-2,-3,0,0,1,0
38209,38209,1503705841716,0,-2,-1,0,0,0,5,8
38210,38210,1503705841730,-4,6,-7,-4,-4,-3,0,-9
38211,38211,1503705841737,-5,2,-2,0,1,0,1,-1
38212,38212,1503705841745,-1,-1,1,3,2,0,0,4
38213,38213,1503705841753,3,-2,-2,0,-1,0,-2,-6
38214,38214,1503705841767,-1,-11,-6,-3,-3,-1,4,-6
38215,38215,1503705841775,2,15,3,1,0,-1,-2,2
38216,38216,1503705841783,3,4,0,-2,-2,-1,0,5
38217,38217,1503705841797,-3,-1,0,-1,-2,-1,-4,-6
38218,38218,1503705841805,3,0,0,0,-4,0,5,12
38219,38219,1503705841812,-1,-3,-4,-4,-1,-2,-2,-6
38220,38220,1503705841834,-3,-2,-2,0,1,0,-1,-6
38221,38221,1503705841835,-1,3,4,2,0,1,0,23
38222,38222,1503705841843,8,25,6,1,-1,0,-7,4
38223,38223,1503705841857,-4,-7,-4,-2,-2,-2,-1,-12
38224,38224,1503705841865,-4,-7,-1,1,1,0,7,0
38225,38225,1503705841872,-2,-5,-6,-4,-3,-2,-3,1
38226,38226,1503705841887,-1,1,0,-1,2,-1,-2,-6
38227,38227,1503705841895,1,-2,1,1,0,-1,1,-8
38228,38228,1503705841903,-2,-7,-2,-2,-4,-1,0,0
38229,38229,1503705841917,2,-3,2,2,6,-2,-4,-6
38230,38230,1503705841926,-3,-2,1,0,2,-1,-1,-2
38231,38231,1503705841932,0,0,1,5,0,1,0,-3
38232,38232,1503705841947,-2,-7,-4,-2,-2,-1,-1,-1
38233,38233,1503705841955,-4,12,1,-3,0,0,2,1
38234,38234,1503705841963,-2,-11,-2,1,0,-2,6,-8
38235,38235,1503705841977,-5,-7,-2,0,-2,-1,-2,-3
38236,38236,1503705841986,-5,-5,3,-1,-2,-1,4,-12
38237,38237,1503705841992,1,-6,-1,-2,0,1,-1,1
38238,38238,1503705842007,0,-5,-3,0,0,0,-6,1
38239,38239,1503705842016,2,7,0,-3,-5,-1,-1,-6
38240,38240,1503705842024,-1,3,2,3,1,0,-4,-1
38241,38241,1503705842037,-3,1,11,3,1,1,2,-6
38242,38242,1503705842045,-1,0,3,-1,-3,-3,-9,-9
38243,38243,1503705842056,-2,-8,-5,-1,-2,-2,-4,-2
38244,38244,1503705842067,0,-3,-4,-8,-4,1,-1,0
38245,38245,1503705842075,-2,-1,-6,-2,-3,-3,-8,-2
38246,38246,1503705842086,3,6,0,1,1,-1,-1,4
38247,38247,1503705842097,-1,-2,0,-1,-1,-1,-1,0
38248,38248,1503705842105,-1,7,5,3,2,-3,-9,-14
38249,38249,1503705842112,-1,-6,-5,-1,-1,-1,1,-4
38250,38250,1503705842128,0,1,5,0,-1,1,0,1
38251,38251,1503705842135,3,-5,-3,1,1,1,1,-1
38252,38252,1503705842143,-2,-5,-3,0,0,-3,0,4
38253,38253,1503705842158,-1,-7,-1,0,0,-2,-3,0
38254,38254,1503705842165,2,11,3,-2,-3,1,3,3
38255,38255,1503705842179,2,3,-1,-4,0,0,-9,-1
38256,38256,1503705842187,1,-4,-3,1,4,-2,3,-1
38257,38257,1503705842195,0,-1,-5,-4,-2,-1,7,2
38258,38258,1503705842210,-3,-1,-4,-6,-5,-2,-2,3
38259,38259,1503705842218,0,-2,1,1,2,-3,-2,0
38260,38260,1503705842226,-1,-8,-3,-1,2,-3,-1,2
38261,38261,1503705842239,1,1,-1,-3,-3,-2,2,-2
38262,38262,1503705842247,-6,-10,-6,-4,-3,1,0,7
38263,38263,1503705842255,-2,4,1,0,0,-1,-2,-1
38264,38264,1503705842270,-1,3,-1,2,0,-1,2,1
38265,38265,1503705842277,-2,1,4,-1,0,2,-1,-4
38266,38266,1503705842286,3,-5,-6,-6,-2,0,0,2
38267,38267,1503705842299,2,-4,1,0,-2,1,2,3
38268,38268,1503705842307,-2,0,-3,-1,-3,-2,-5,-2
39801,39801,1503705857044,7,-2,-8,-4,-2,-1,-1,-2
39802,39802,1503705857052,-3,-3,-3,1,0,-1,0,0
39803,39803,1503705857074,-1,-18,-1,-1,-3,0,-1,0
39804,39804,1503705857075,11,0,-3,-1,-2,-3,-1,-1
39805,39805,1503705857081,-5,0,-1,1,-1,-1,-1,0
39806,39806,1503705857098,-2,0,-3,-1,-1,0,-1,-1
39807,39807,1503705857104,-1,5,9,0,1,-1,1,3
39808,39808,1503705857112,9,10,0,-3,-1,-1,-4,2
39809,39809,1503705857127,-3,-11,-6,-2,0,0,-3,-5
39810,39810,1503705857135,12,4,-2,-1,-1,0,-1,0
39811,39811,1503705857149,2,2,-1,-2,-1,-1,-2,1
39812,39812,1503705857160,1,8,10,1,0,0,0,0
39813,39813,1503705857164,0,-4,-2,0,0,-1,-1,-2
39814,39814,1503705857179,7,3,2,0,-1,-3,-1,-1
39815,39815,1503705857186,-5,2,5,-1,0,0,-1,0
39816,39816,1503705857195,0,1,-1,0,0,1,-1,-1
39817,39817,1503705857209,5,-7,-7,-1,0,-3,0,-3
39818,39818,1503705857217,-10,-5,-5,-1,-1,0,-1,-1
39819,39819,1503705857226,-2,-1,-4,-3,-1,1,1,1
39820,39820,1503705857239,-7,-7,-3,-1,0,-1,-1,1
39821,39821,1503705857246,-5,-5,-2,0,-1,-2,-1,-2
39822,39822,1503705857255,-3,-7,5,0,-1,0,0,-2
39823,39823,1503705857270,1,12,9,2,1,0,0,0
39824,39824,1503705857277,-5,0,10,0,-2,-2,0,-1
39825,39825,1503705857284,4,16,0,-2,-2,-2,-1,-2
39826,39826,1503705857299,-7,-16,-7,-1,0,0,0,2
39827,39827,1503705857306,4,-13,2,1,-1,0,-1,-4
39828,39828,1503705857314,-6,1,-7,-2,-1,-1,-1,-2
39829,39829,1503705857329,-3,-4,-6,-1,0,-1,-2,-1
39830,39830,1503705857337,7,0,0,-1,-1,1,1,-1
39831,39831,1503705857344,-4,-1,2,-1,-2,1,1,-3
39832,39832,1503705857361,1,2,-5,-2,0,-1,-2,-2
39833,39833,1503705857367,-5,-13,-4,-2,0,0,0,0
39834,39834,1503705857388,0,0,-3,0,1,-1,-1,-1
39835,39835,1503705857389,-5,16,0,-1,-2,-1,-1,3
39836,39836,1503705857397,-2,2,1,0,-2,0,-1,0
39837,39837,1503705857404,-3,-8,-1,0,-2,-1,1,-1
39838,39838,1503705857419,-1,8,1,-2,0,-2,-3,-1
39839,39839,1503705857429,0,-5,0,-1,-1,-1,-2,0
39840,39840,1503705857434,-3,-7,0,1,0,-2,-3,0
39841,39841,1503705857449,2,2,-3,-2,1,-2,2,2
39842,39842,1503705857457,2,-5,-2,-2,0,-1,-1,-2
39843,39843,1503705857466,1,6,-6,0,-1,-1,-1,-4
39844,39844,1503705857480,-4,-4,0,1,-2,0,0,-2
39845,39845,1503705857486,-3,-11,0,-1,0,0,0,-1
39846,39846,1503705857496,-1,2,-3,-2,-1,-1,-2,-2
39847,39847,1503705857509,-2,-4,-4,-1,0,-1,-3,-3
39848,39848,1503705857517,-3,-5,-4,-2,-1,0,1,-1
39849,39849,1503705857524,-15,-5,-1,-2,-1,-2,1,0
39850,39850,1503705857539,-3,-3,0,0,0,1,0,1
39851,39851,1503705857546,8,1,1,-1,-1,0,-1,0
39852,39852,1503705857554,-1,-3,-3,-1,-1,-1,1,-2
39853,39853,1503705857569,7,-3,-3,-2,-1,0,-1,0
39854,39854,1503705857577,-1,4,2,0,1,-2,-2,-3
39855,39855,1503705857591,-3,-4,1,0,-3,-2,-1,-1
39856,39856,1503705857599,1,6,0,1,-1,-2,0,-1
39857,39857,1503705857600,2,8,0,-1,0,-1,0,0
39858,39858,1503705857607,-4,-1,-1,0,1,-2,-2,-2
39859,39859,1503705857614,-7,-1,-2,-2,0,0,0,3
39860,39860,1503705857629,-1,6,0,0,-1,1,-3,-2
39861,39861,1503705857638,-1,-4,-3,1,-1,-1,-1,-1
39862,39862,1503705857644,-1,11,0,-2,-1,-2,0,-1
39863,39863,1503705857659,5,-3,-1,-3,-3,0,1,-1
39864,39864,1503705857667,5,-4,2,0,-2,0,-2,0
39865,39865,1503705857674,11,1,-1,-2,-1,0,-1,1
39866,39866,1503705857696,-1,4,0,-1,-1,0,-1,-2
39867,39867,1503705857697,2,4,2,1,-1,-2,-1,-2
39868,39868,1503705857698,-2,1,-1,0,-1,-1,-1,-2
39869,39869,1503705857705,0,1,-1,1,0,-1,1,0
39870,39870,1503705857719,-1,15,1,0,-1,-3,-2,-4
39871,39871,1503705857728,-3,-9,-4,-3,-1,0,-1,-3
39872,39872,1503705857735,-4,-10,-2,-2,-1,-1,-1,-2
39873,39873,1503705857749,-6,-1,0,-3,0,-1,0,1
39874,39874,1503705857757,-5,-28,-8,-1,-2,-3,-3,-2
40757,40757,1503705866262,-29,-19,-9,-4,0,-1,-4,-9
40758,40758,1503705866268,-2,-9,-8,-5,-2,-3,-4,-15
40759,40759,1503705866285,5,-4,-4,0,-2,-2,1,15
40760,40760,1503705866291,1,-6,-3,-4,-3,-1,3,12
40761,40761,1503705866299,18,18,7,6,4,2,-3,1
40762,40762,1503705866307,8,0,2,0,-1,0,1,-31
40763,40763,1503705866322,-4,12,1,-1,-19,-6,-1,5
40764,40764,1503705866329,-7,-9,-11,-4,-3,2,-3,-1
40765,40765,1503705866344,16,1,-2,2,-18,-11,-5,1
40766,40766,1503705866351,-2,-11,-4,0,-7,-1,-2,-12
40767,40767,1503705866359,8,-1,-2,0,4,9,2,-2
40768,40768,1503705866366,7,3,3,2,25,13,-11,7
40769,40769,1503705866383,6,-1,0,-3,7,1,-3,-34
40770,40770,1503705866388,-5,-12,-10,-1,-10,-11,0,-4
40771,40771,1503705866407,-18,-18,-10,-5,4,-1,-4,-2
40772,40772,1503705866411,-5,15,-1,-3,-5,-4,-1,27
40773,40773,1503705866419,-32,-20,-4,0,3,-2,8,7
40774,40774,1503705866426,20,19,1,1,4,1,3,0
40775,40775,1503705866443,8,25,21,8,10,-1,3,-19
40776,40776,1503705866449,-8,-8,-5,-2,-2,-1,-2,-6
40777,40777,1503705866464,14,-4,2,-1,-1,-3,-4,-1
40778,40778,1503705866474,-6,2,7,2,2,-1,1,0
40779,40779,1503705866479,-8,7,11,-2,-12,3,0,26
40780,40780,1503705866494,-2,-10,-6,-1,-5,-6,7,43
40781,40781,1503705866502,3,2,-12,-4,5,0,-4,-13
40782,40782,1503705866509,-10,-3,7,2,2,2,-1,-12
40783,40783,1503705866524,-7,1,1,-2,-3,-3,-10,-10
40784,40784,1503705866531,9,-3,-8,-4,-7,-5,-4,-25
40785,40785,1503705866540,4,3,1,-2,-1,-9,3,38
40786,40786,1503705866554,4,7,3,-1,12,5,2,40
40787,40787,1503705866562,16,-12,-9,-2,-2,1,3,22
40788,40788,1503705866569,-13,0,-1,-2,-7,-4,-3,-2
40789,40789,1503705866585,14,35,21,7,7,5,4,44
40790,40790,1503705866591,-43,-3,11,1,-3,-4,-13,-67
40791,40791,1503705866599,-5,-18,-7,-2,2,3,2,-11
40792,40792,1503705866614,20,3,0,-2,-1,-1,4,13
40793,40793,1503705866622,-21,3,-7,-3,-1,-1,-4,-17
40794,40794,1503705866628,13,-16,-1,-2,-1,3,0,11
40795,40795,1503705866645,2,4,1,-1,-1,-1,-3,5
40796,40796,1503705866651,-6,1,-7,-3,-5,-2,1,30
40797,40797,1503705866659,3,-3,5,-1,1,2,4,14
40798,40798,1503705866675,8,7,4,0,-3,-1,2,17
40799,40799,1503705866682,4,-9,-8,-2,0,0,5,49
40800,40800,1503705866688,21,-6,-4,-2,-6,-1,2,29
40801,40801,1503705866704,4,3,-3,-2,-4,-1,2,-27
40802,40802,1503705866711,-8,-4,-5,-2,2,-2,-8,-50
40803,40803,1503705866720,-5,-13,-7,-2,-1,-1,-2,-24
40804,40804,1503705866733,-8,-7,-3,3,1,-1,0,-30
40805,40805,1503705866742,-6,3,7,4,4,1,-2,-25
40806,40806,1503705866749,-1,1,-1,-4,-3,-1,2,-13
40807,40807,1503705866764,9,3,-2,-3,-2,0,-2,-8
40808,40808,1503705866771,7,-2,2,-1,1,1,-4,-20
40809,40809,1503705866779,-1,-3,-4,-4,0,-2,-2,-9
40810,40810,1503705866794,-5,16,7,1,-1,1,0,-41
40811,40811,1503705866802,-6,-4,-4,2,1,0,-1,-11
40812,40812,1503705866809,0,0,-1,-1,7,-4,1,12
40813,40813,1503705866824,-4,-5,-2,-1,-3,-2,-1,9
40814,40814,1503705866831,-3,-1,-2,-1,1,1,-1,5
40815,40815,1503705866841,0,3,3,2,-3,-3,-1,-6
40816,40816,1503705866854,-2,0,-1,-1,-3,-1,2,7
40817,40817,1503705866863,-2,3,4,0,-1,0,1,1
40818,40818,1503705866868,2,18,3,1,0,-2,-12,-12
40819,40819,1503705866884,-5,7,4,1,2,-2,-6,-11
40820,40820,1503705866891,1,-10,-7,-3,-6,-2,4,-9
40821,40821,1503705866899,-5,-5,-4,-3,0,-3,3,29
40822,40822,1503705866915,1,0,-3,1,-1,2,-2,24
40823,40823,1503705866922,0,-10,-8,-6,-2,0,2,-3
40824,40824,1503705866929,2,5,3,1,0,-2,0,4
40825,40825,1503705866944,2,-1,2,0,-2,-1,0,-8
40826,40826,1503705866952,-1,-11,-3,0,0,0,4,7
40827,40827,1503705866959,3,9,4,-1,0,-1,-7,-6
40828,40828,1503705866975,-7,-7,-5,-3,0,0,1,-3
40829,40829,1503705866982,0,4,-2,1,0,-1,0,-3
40830,40830,1503705866989,-1,-5,-3,-4,-1,0,0,1
40831,40831,1503705867004,-1,-16,-6,0,1,-2,0,16
40832,40832,1503705867011,5,7,7,1,-1,-1,2,-9
40833,40833,1503705867019,1,-3,2,2,1,-1,-1,-10
40834,40834,1503705867034,-3,-4,-6,-3,-3,-1,0,1
40835,40835,1503705867043,-6,-15,-11,-2,0,-3,-11,-5
40836,40836,1503705867049,1,0,-2,-1,-4,-1,-2,5
40837,40837,1503705867064,-4,6,6,5,3,1,2,-5
40838,40838,1503705867071,1,0,5,2,1,-1,0,9
40839,40839,1503705867086,-1,-3,-4,-3,-1,0,0,-1
40840,40840,1503705867093,2,1,-1,0,-1,-1,-2,-1
40841,40841,1503705867110,-2,-5,-4,3,1,0,-1,-4
40842,40842,1503705867124,0,9,3,-3,-2,0,3,1
40843,40843,1503705867131,-3,-14,-10,-3,-2,-3,-4,-3
40844,40844,1503705867140,3,12,3,2,-1,-1,3,-2
40845,40845,1503705867154,-5,1,1,-2,0,0,-2,-3
40846,40846,1503705867162,-6,-10,-6,-4,-4,-1,0,-2
40847,40847,1503705867168,8,10,9,3,0,1,1,3
40848,40848,1503705867184,0,-8,2,2,-1,0,-3,-1
40849,40849,1503705867191,-4,-12,-11,-4,0,-1,1,-1
40850,40850,1503705867199,-11,-20,-6,-1,0,-1,3,-1
40851,40851,1503705867214,5,36,17,3,2,-1,-7,-2
40852,40852,1503705867221,-3,-6,-7,-5,-3,-1,-5,-2
40853,40853,1503705867228,-4,-4,-5,-4,-2,-1,1,-3
40854,40854,1503705867244,4,13,4,1,0,-1,-1,0
40855,40855,1503705867252,-2,-8,0,0,-1,-1,2,1
40856,40856,1503705867259,4,4,-1,-2,-2,-2,0,-2
40857,40857,1503705867274,-5,-11,-8,-2,-1,1,-1,1
40858,40858,1503705867282,7,8,11,3,0,0,-2,-2
40859,40859,1503705867288,-4,-1,-1,0,-1,-1,1,-1
40860,40860,1503705867289,-2,-6,-4,-1,-2,-2,-1,0
40861,40861,1503705867304,-4,-10,-2,-3,-1,1,2,-1
40862,40862,1503705867311,0,-5,-1,0,1,-2,1,0
40863,40863,1503705867320,4,19,5,2,-1,-1,1,3
40864,40864,1503705867333,-3,-15,-7,-4,-1,-1,-1,0
40865,40865,1503705867334,1,-2,1,-1,-4,-2,0,0
40866,40866,1503705867344,-2,-6,-3,-2,0,-2,-6,-5
40867,40867,1503705867349,-1,-2,0,-1,-2,0,0,-3
40868,40868,1503705867364,2,-1,-3,2,1,0,1,1
40869,40869,1503705867371,2,9,-1,-1,-2,1,0,-1
40870,40870,1503705867379,-1,-5,-6,-3,-3,-2,0,-1
40871,40871,1503705867394,0,14,3,0,0,-1,0,-3
42414,42414,1503705882363,-17,-8,1,-3,0,-1,2,-6
42415,42415,1503705882371,0,-4,-4,-4,-1,-1,1,4
42416,42416,1503705882387,4,-1,-4,-2,-2,0,-2,14
42417,42417,1503705882394,0,20,5,-1,1,0,0,3
42418,42418,1503705882401,-1,4,1,0,0,1,3,8
42419,42419,1503705882416,5,12,10,1,1,-1,-6,-39
42420,42420,1503705882424,3,-6,4,8,4,-1,-2,-29
42421,42421,1503705882438,-9,-19,-13,-8,-5,-3,1,-11
42422,42422,1503705882445,-3,12,5,0,-2,0,-2,-2
42423,42423,1503705882462,-5,-27,-10,-3,-1,-3,-1,-2
42424,42424,1503705882476,-47,-2,-5,-1,1,-3,1,5
42425,42425,1503705882483,-9,-10,-10,-10,-5,-2,-1,-8
42426,42426,1503705882491,19,5,-4,-1,-1,-1,-2,-2
42427,42427,1503705882505,-9,11,6,-1,-2,-2,0,-15
42428,42428,1503705882513,0,-14,-1,-4,-1,0,1,-3
42429,42429,1503705882520,-21,-7,-8,-2,1,-2,-1,-11
42430,42430,1503705882521,35,19,12,7,1,1,-1,-3
42431,42431,1503705882536,32,39,14,4,1,1,0,3
42432,42432,1503705882543,8,-14,-4,-2,0,-1,0,2
42433,42433,1503705882554,8,0,-8,-4,-1,-1,1,0
42434,42434,1503705882565,16,10,-17,-3,-4,0,-3,-3
42435,42435,1503705882573,15,-19,-5,-6,-4,-1,-1,-7
42436,42436,1503705882580,2,22,9,3,1,-1,-1,-6
42437,42437,1503705882596,-4,22,11,3,3,1,0,5
42438,42438,1503705882603,-27,-9,2,1,1,0,-1,-5
42439,42439,1503705882611,15,-7,-8,1,0,-3,0,2
42440,42440,1503705882625,-22,-34,-18,-6,-2,-1,-2,0
42441,42441,1503705882626,-2,17,8,0,0,0,-2,-1
42442,42442,1503705882633,-7,-5,-16,-3,-3,1,0,0
42443,42443,1503705882640,6,-7,-1,1,-1,-2,-1,3
42444,42444,1503705882657,-22,1,-1,4,2,0,-2,0
42445,42445,1503705882663,-18,-18,-7,-2,-1,-2,1,6
42446,42446,1503705882671,-4,3,8,0,0,0,-1,-3
42447,42447,1503705882687,18,-32,-17,-4,-1,-2,-1,0
42448,42448,1503705882693,-15,-16,-2,-3,-2,0,0,0
42449,42449,1503705882700,-8,-1,-2,-2,0,-2,-1,-2
42450,42450,1503705882716,11,4,-3,1,1,0,-3,-2
42451,42451,1503705882724,10,27,-1,-4,-3,-3,-3,-1
42452,42452,1503705882731,-12,-3,9,3,1,-1,0,0
42453,42453,1503705882745,6,10,8,3,1,-1,0,3
42454,42454,1503705882755,-15,-15,-6,-2,1,-3,-4,-5
42455,42455,1503705882756,-31,-10,0,0,-1,-1,0,-2
42456,42456,1503705882760,-9,-5,-2,-1,-4,0,1,1
42457,42457,1503705882776,26,-37,-11,0,1,-1,-1,0
42458,42458,1503705882783,-2,-10,-2,0,-1,-1,-3,-5
42459,42459,1503705882791,16,11,-5,-4,-3,-3,-1,-2
42460,42460,1503705882805,-9,-25,-11,-3,0,-1,0,1
42461,42461,1503705882813,-5,-13,5,1,-1,-1,0,3
42462,42462,1503705882823,-8,13,4,0,-2,0,-2,-2
42463,42463,1503705882836,-1,0,-4,-1,0,1,-2,-1
42464,42464,1503705882843,-2,-4,-4,-2,-1,0,1,0
42465,42465,1503705882851,-16,-9,6,0,-1,0,-2,-2
42466,42466,1503705882873,3,-12,-1,-1,2,1,-3,-4
42467,42467,1503705882874,-50,-1,9,-1,-3,-3,-1,-5
42468,42468,1503705882880,2,9,18,2,0,-1,0,-2
42469,42469,1503705882896,25,15,-4,-1,-2,-1,-1,2
42470,42470,1503705882909,-4,4,4,1,1,0,-1,0
42471,42471,1503705882912,-1,9,-3,-1,-1,-1,-3,0
42472,42472,1503705882927,5,-5,-7,4,-1,-1,-1,-3
42473,42473,1503705882933,16,4,-3,-4,0,0,1,2
42474,42474,1503705882941,6,-9,-3,-3,-2,-2,-1,0
42475,42475,1503705882956,39,-2,-2,0,-1,-2,0,5
42476,42476,1503705882963,-36,-15,5,1,-1,-2,1,0
42477,42477,1503705882964,21,19,-8,-3,0,0,0,0
42478,42478,1503705882971,8,22,2,0,-1,-1,-2,-4
42479,42479,1503705882988,-14,-11,-1,-2,0,-1,2,-1
42480,42480,1503705882994,17,13,-1,-1,0,1,1,4
42481,42481,1503705883000,-1,-1,4,2,1,2,0,1
42482,42482,1503705883016,-10,-9,0,-1,-1,1,1,1
42483,42483,1503705883024,-3,-7,8,1,-1,-1,0,-3
42484,42484,1503705883031,-29,-8,2,2,2,-1,-1,-2
42485,42485,1503705883045,-9,-22,-7,-1,-3,-1,-2,0
42486,42486,1503705883058,-2,-8,-3,1,-1,-1,-1,-2
42487,42487,1503705883060,8,14,-2,0,-1,-2,-1,-1
42488,42488,1503705883076,-7,-16,5,3,1,1,0,0
43781,43781,1503705895674,29,3,1,1,1,0,-3,-7
43782,43782,1503705895675,0,9,1,-4,-2,0,-1,-9
43783,43783,1503705895690,-11,-6,-10,-1,-2,-1,1,-5
43784,43784,1503705895691,4,-7,11,1,-2,-2,0,5
43785,43785,1503705895698,-11,2,-9,-4,-3,-2,-6,0
43786,43786,1503705895706,-7,8,9,3,0,-1,3,4
43787,43787,1503705895720,2,1,3,1,1,-1,-2,-15
43788,43788,1503705895727,-29,-17,-2,-3,-2,1,-2,7
43789,43789,1503705895728,5,11,-7,-2,-2,0,-1,2
43790,43790,1503705895735,4,53,13,3,2,-1,4,1
43791,43791,1503705895750,-13,8,3,0,-1,3,0,-16
43792,43792,1503705895758,-1,-4,-10,-4,-5,-1,3,17
43793,43793,1503705895759,13,-17,-4,-1,-1,-1,-5,5
43794,43794,1503705895765,-11,-12,-18,-6,-2,2,6,-14
43795,43795,1503705895779,20,1,0,-1,-1,-2,0,6
43796,43796,1503705895787,-5,-17,-10,-2,2,0,-2,4
43797,43797,1503705895795,-13,-2,-1,-2,-4,0,0,-8
43798,43798,1503705895810,8,2,0,1,4,-2,-4,11
43799,43799,1503705895817,8,-11,-8,0,3,0,-7,0
43800,43800,1503705895826,-3,-7,-3,-3,-4,0,0,-8
43801,43801,1503705895839,19,-16,-4,-5,-2,-2,-7,-7
43802,43802,1503705895847,0,-3,1,-1,1,-2,-1,-2
43803,43803,1503705895855,-2,-9,-3,-2,-1,-1,0,6
43804,43804,1503705895870,4,-11,12,2,0,0,3,0
43805,43805,1503705895878,0,-5,-9,-4,-4,-3,4,0
43806,43806,1503705895885,-18,15,-2,-4,-3,0,1,2
43807,43807,1503705895900,-4,6,3,2,3,1,0,5
43808,43808,1503705895907,-13,-9,-8,-3,-3,-3,-6,-14
43809,43809,1503705895915,-21,2,7,-1,-2,-1,-2,-19
43810,43810,1503705895930,11,0,-3,4,3,-2,3,-7
43811,43811,1503705895937,-10,-8,3,0,-1,-1,-1,-6
43812,43812,1503705895945,12,-3,-7,-3,3,9,5,32
43813,43813,1503705895962,3,3,2,5,2,-1,-9,9
43814,43814,1503705895967,-1,-3,2,3,-9,-11,-4,-2
43815,43815,1503705895974,-2,-18,-12,-6,-4,-4,2,16
43816,43816,1503705895975,-2,18,-3,-4,-1,1,5,-19
43817,43817,1503705895992,-9,-17,-4,-4,-1,-4,-2,-3
43818,43818,1503705895997,-12,14,4,1,2,0,-2,5
43819,43819,1503705896005,0,-3,-8,-5,-4,0,3,14
43820,43820,1503705896019,-9,-5,1,3,1,-2,3,1
43821,43821,1503705896027,10,2,-4,-2,1,3,2,10
43822,43822,1503705896028,15,6,8,2,1,2,-2,-7
43823,43823,1503705896035,-1,-9,-7,-5,-1,-1,-3,-13
43824,43824,1503705896050,-1,-6,-3,-1,-2,-1,-1,12
43825,43825,1503705896059,-11,2,2,1,2,7,2,11
43826,43826,1503705896066,6,-2,-5,-4,-4,-2,5,47
43827,43827,1503705896079,1,3,-4,-1,1,-2,2,-9
43828,43828,1503705896087,3,73,35,4,5,1,-2,-14
43829,43829,1503705896095,-2,-5,0,-2,-3,-3,3,1
43830,43830,1503705896109,0,6,-1,-3,-1,1,-1,1
43831,43831,1503705896110,3,-18,-15,0,0,-3,-3,-13
43832,43832,1503705896117,-5,-3,1,1,0,-2,-4,-3
43833,43833,1503705896127,-7,-10,-3,-3,-1,-3,-2,-8
43834,43834,1503705896139,9,-24,-8,-1,1,-1,-1,7
43835,43835,1503705896148,-1,35,23,4,-1,-1,1,-8
43836,43836,1503705896155,5,0,-3,-1,0,-3,-15,1
43837,43837,1503705896170,-2,-36,-24,-7,-4,-1,-3,-7
43838,43838,1503705896177,-6,5,5,7,6,0,3,-1
43839,43839,1503705896185,7,1,-13,-5,-6,1,-2,-9
43840,43840,1503705896200,12,-21,-8,-3,1,-2,2,7
43841,43841,1503705896207,-42,31,20,4,0,-4,-3,-6
43842,43842,1503705896214,1,10,-4,0,2,1,-1,9
43843,43843,1503705896215,-14,-21,-6,-1,-3,-1,1,5
43844,43844,1503705896230,6,-22,4,1,1,4,1,-2
43845,43845,1503705896237,-37,12,7,-5,-6,-2,-8,-13
43846,43846,1503705896245,-6,-23,-19,-6,-1,-1,-2,-1
43847,43847,1503705896261,20,19,9,-2,-1,0,1,7
43848,43848,1503705896268,0,-9,-3,1,16,7,1,1
43849,43849,1503705896275,18,-17,-14,-6,-5,-1,2,-3
43850,43850,1503705896290,43,26,9,2,-3,-2,-2,2
43851,43851,1503705896298,10,0,-3,1,-2,-3,4,8
45527,45527,1503705912662,-5,-9,-7,-5,-6,-2,2,-1
45528,45528,1503705912669,-5,10,-1,3,3,-2,-4,-1
45529,45529,1503705912684,-8,-1,0,-1,-1,1,-2,-3
45530,45530,1503705912691,1,-7,-4,-3,-7,0,0,-2
45531,45531,1503705912699,1,9,6,4,6,-2,-4,-2
45532,45532,1503705912713,2,0,-2,-1,-1,0,0,-1
45533,45533,1503705912721,7,-5,-10,-6,-3,0,0,0
45534,45534,1503705912722,-14,8,6,0,2,-1,-1,-2
45535,45535,1503705912729,-4,-1,-1,1,-2,-2,0,0
45536,45536,1503705912744,14,3,-4,-3,0,0,-2,0
45537,45537,1503705912751,11,-2,-1,4,1,2,1,-1
45538,45538,1503705912752,-5,-1,8,1,-1,0,0,3
45539,45539,1503705912759,-6,-18,-2,-1,-3,0,1,-2
45540,45540,1503705912776,15,5,2,-1,-1,0,1,0
45541,45541,1503705912782,-24,-4,-8,-1,1,-1,0,-1
45542,45542,1503705912789,-13,0,-3,-2,0,-1,-1,0
45543,45543,1503705912804,8,11,1,-1,-2,-1,-2,-2
45544,45544,1503705912812,-2,-6,-6,-3,0,0,0,-4
45545,45545,1503705912819,-14,-7,-4,1,1,-3,-4,-5
45546,45546,1503705912833,-8,-14,-6,-1,0,-3,-4,-2
45547,45547,1503705912842,1,0,-1,0,0,-1,-1,-4
45548,45548,1503705912843,13,-1,-4,-2,-1,1,3,-1
45549,45549,1503705912849,9,11,10,5,0,-2,-3,0
45550,45550,1503705912864,7,16,11,0,-1,0,-1,0
45551,45551,1503705912871,-3,-14,-11,-2,0,0,0,2
45552,45552,1503705912872,-4,-3,-1,-2,-1,-1,0,-3
45553,45553,1503705912880,6,-14,-14,-6,-3,-3,-1,0
45554,45554,1503705912893,-5,-20,-3,0,-1,0,2,2
45555,45555,1503705912902,-4,-8,4,-1,-1,-1,0,0
45556,45556,1503705912923,13,2,3,1,1,0,1,-1
45557,45557,1503705912924,2,14,7,0,0,0,1,-1
45558,45558,1503705912932,16,-13,-19,-1,-2,-3,-2,-1
45559,45559,1503705912939,32,14,-1,-3,-3,1,-1,-1
45560,45560,1503705912954,13,37,20,5,2,2,-2,2
45561,45561,1503705912962,6,6,-10,-2,-2,-3,-2,-1
45562,45562,1503705912969,-5,1,0,-2,-4,0,0,0
45563,45563,1503705912986,16,-8,-2,-1,-3,-3,0,1
45564,45564,1503705912991,-12,10,-10,-6,-2,-2,-3,-5
45565,45565,1503705913000,-14,-11,11,-1,-1,0,0,2
45566,45566,1503705913014,7,16,-1,-1,-2,2,2,4
45567,45567,1503705913021,-1,5,9,1,0,1,-1,-2
45568,45568,1503705913022,1,6,-7,-1,0,-1,-1,1
45569,45569,1503705913029,9,-6,6,1,1,0,-1,0
45570,45570,1503705913044,-54,-24,-6,-1,-1,0,1,-3
45571,45571,1503705913052,-11,-13,-2,-1,-2,0,-1,-6
45572,45572,1503705913059,9,41,-7,-1,0,0,0,-1
45573,45573,1503705913074,-38,-15,-13,-5,-1,-1,-2,-6
45574,45574,1503705913082,11,-8,6,1,-1,0,1,2
45575,45575,1503705913096,0,-18,-2,1,1,-1,1,-1
45576,45576,1503705913104,3,-1,1,3,2,-2,-3,-3
45577,45577,1503705913112,16,-2,5,1,-2,-2,1,3
45578,45578,1503705913126,0,-3,3,-3,-5,-1,-3,-1
45579,45579,1503705913133,8,13,-4,-5,-3,0,-1,-4
45580,45580,1503705913141,34,7,-3,-4,1,0,0,-2
45581,45581,1503705913156,5,-14,-3,0,-1,-2,0,1
45582,45582,1503705913164,5,1,13,2,0,-2,-1,-1
45583,45583,1503705913178,2,-5,-9,-3,0,0,0,1
45584,45584,1503705913187,-21,-18,-10,-2,-2,0,0,0
45585,45585,1503705913193,7,-2,0,2,-2,-2,-2,-4
45586,45586,1503705913201,-8,7,6,2,0,-1,1,-1
45587,45587,1503705913216,-3,-1,2,-1,-1,-1,-2,2
45588,45588,1503705913224,1,-9,-9,-3,-2,-1,0,-5
45589,45589,1503705913232,9,-1,-3,-2,0,0,-1,0
45590,45590,1503705913247,-12,-4,-12,-1,-2,-1,-1,0
45591,45591,1503705913254,-10,-6,0,-1,0,-1,0,3
45592,45592,1503705913261,-14,-15,-7,-3,-1,0,-4,-1
45593,45593,1503705913276,-16,3,4,1,1,1,-1,-1
45594,45594,1503705913284,1,11,9,2,-1,0,-3,-2
45595,45595,1503705913291,-21,-4,3,-1,-3,-2,2,-2
45596,45596,1503705913306,4,11,2,-2,-1,0,-3,-1
45597,45597,1503705913313,-3,-10,-7,-2,0,-1,-1,-3
45598,45598,1503705913322,-1,2,2,1,0,-1,0,1
45599,45599,1503705913336,6,2,-8,-3,1,-3,-2,-2
45600,45600,1503705913346,-3,-4,0,0,0,-1,2,0
45601,45601,1503705913352,2,-13,-5,-1,-2,0,2,3
45602,45602,1503705913366,-1,-4,-7,-2,-1,0,-7,-8
45603,45603,1503705913373,3,1,7,-1,-2,0,-1,-2
45604,45604,1503705913382,-3,9,13,1,0,-2,1,0
46811,46811,1503705925074,7,-1,2,6,1,-1,-1,2
46812,46812,1503705925089,-2,1,-1,-4,0,-3,-1,1
46813,46813,1503705925096,1,-1,-3,-4,-2,-2,-1,4
46814,46814,1503705925104,-11,0,4,2,2,2,0,-12
46815,46815,1503705925111,0,-1,1,1,1,-1,0,3
46816,46816,1503705925129,6,0,-2,-3,-3,-2,-1,-1
46817,46817,1503705925133,-7,-1,0,0,-5,0,-1,4
46818,46818,1503705925149,-9,0,3,0,-1,-1,-2,-5
46819,46819,1503705925156,1,3,-3,-1,-1,1,-1,16
46820,46820,1503705925167,-2,-3,-2,0,1,1,0,2
46821,46821,1503705925171,-4,-6,-4,-2,-1,-3,-1,7
46822,46822,1503705925186,-2,-7,-6,-1,-3,-2,-1,2
46823,46823,1503705925196,-3,0,-6,-4,-2,1,-1,1
46824,46824,1503705925209,-7,9,2,1,-3,-1,-1,4
46825,46825,1503705925216,3,1,1,5,1,-1,1,1
46826,46826,1503705925224,-3,-1,2,3,1,-2,-1,-16
46827,46827,1503705925239,-2,-8,-3,-4,-2,-1,1,-1
46828,46828,1503705925246,4,2,0,1,0,-2,-2,-1
46829,46829,1503705925253,-2,-3,-3,-3,-2,0,0,-16
46830,46830,1503705925271,5,0,1,-2,-1,-2,0,7
46831,46831,1503705925276,10,0,2,2,0,0,-2,28
46832,46832,1503705925284,4,-3,-4,-1,0,-1,-1,1
46833,46833,1503705925299,-3,3,3,-1,-1,1,-4,-22
46834,46834,1503705925306,-1,-4,-5,-5,-2,0,0,5
46835,46835,1503705925313,-1,0,1,3,1,-2,-2,-9
46836,46836,1503705925332,-5,-4,-3,0,-1,0,-1,-1
46837,46837,1503705925338,-2,-1,-2,-2,-2,-1,1,-7
46838,46838,1503705925344,-3,-2,0,0,-2,-1,1,-2
46839,46839,1503705925358,18,-1,-6,-5,-3,-1,-2,19
46840,46840,1503705925368,1,1,4,0,0,0,-3,2
46841,46841,1503705925373,-8,-11,-4,-1,-1,-2,0,-2
46842,46842,1503705925388,-1,-6,-4,-1,-2,0,0,-4
46843,46843,1503705925397,-6,3,4,2,-2,-1,1,2
46844,46844,1503705925405,-2,0,2,1,-2,-1,-1,-8
46845,46845,1503705925418,-4,1,-1,-1,0,0,-2,-5
46846,46846,1503705925426,2,-1,-3,-2,-3,-2,0,4
46847,46847,1503705925434,-4,1,0,-3,0,0,-1,-23
46848,46848,1503705925449,7,-1,1,-1,3,1,-2,2
46849,46849,1503705925456,-4,3,0,2,0,0,-1,-4
46850,46850,1503705925465,-7,-3,-2,0,-1,-3,-1,-23
46851,46851,1503705925479,3,7,6,1,0,0,-3,-17
46852,46852,1503705925486,5,2,-3,2,1,-1,-2,6
46853,46853,1503705925493,-8,-8,-5,-3,-1,-1,0,9
46854,46854,1503705925516,0,-5,-5,-4,-3,-3,1,-1
46855,46855,1503705925517,-2,-5,-3,-2,-2,-1,-1,-9
46856,46856,1503705925524,0,0,1,1,1,1,2,5
46857,46857,1503705925539,-3,-5,-1,-1,0,0,1,0
46858,46858,1503705925547,3,4,2,-2,-2,0,-1,2
46859,46859,1503705925553,2,1,-2,-3,-1,-2,0,4
46860,46860,1503705925569,3,-1,2,1,2,-1,0,4
46861,46861,1503705925576,-1,1,3,4,2,-1,0,4
46862,46862,1503705925584,-16,-2,1,0,-2,0,-2,-6
46863,46863,1503705925599,-2,1,-2,-1,-1,-2,-1,4
46864,46864,1503705925607,4,-2,-1,-3,-3,0,0,-2
46865,46865,1503705925613,-2,1,4,1,1,-1,-1,5
46866,46866,1503705925631,5,-1,-2,-2,-1,-1,1,5
46867,46867,1503705925636,1,-1,-3,-3,-3,-1,-1,-3
46868,46868,1503705925644,-1,-1,1,-1,0,-1,-1,-3
46869,46869,1503705925658,0,1,1,0,-1,-2,-4,0
46870,46870,1503705925676,6,2,-3,-4,-3,-1,-1,2
46871,46871,1503705925678,1,6,-3,-2,-2,0,1,2
46872,46872,1503705925689,-12,1,1,0,1,-2,-1,-3
46873,46873,1503705925696,0,-6,-2,-4,-1,1,0,-2
46874,46874,1503705925704,-7,-1,-2,-2,-2,-1,1,-3
46875,46875,1503705925718,0,-2,-2,-2,-2,-2,1,10
46876,46876,1503705925726,5,-3,-4,0,-1,0,-3,0
46877,46877,1503705925737,0,-1,1,1,0,0,-2,-1
46878,46878,1503705925749,-1,-1,3,2,1,-1,1,1
46879,46879,1503705925756,-4,-3,-3,-2,0,0,-1,-4
46880,46880,1503705925766,-7,-5,0,-1,0,-1,-1,-3
46881,46881,1503705925778,7,-1,-2,-1,0,-2,0,-3
46882,46882,1503705925786,-2,-1,0,3,1,-1,-3,-2
46883,46883,1503705925793,-4,-1,-1,0,0,-3,0,0
46884,46884,1503705925809,-14,-1,-2,-3,-1,-1,1,0
46885,46885,1503705925816,-1,1,3,0,0,0,-1,-4
46886,46886,1503705925824,-2,0,0,1,-1,0,-1,-1
46887,46887,1503705925839,3,-2,-2,-3,-3,-1,-1,-5
46888,46888,1503705925846,3,0,1,-2,-1,-1,0,1
46889,46889,1503705925853,1,-2,0,2,1,-1,-1,0
46890,46890,1503705925869,3,3,2,6,2,-3,-4,0
46891,46891,1503705925876,-1,1,-2,-5,-2,0,1,3
46892,46892,1503705925884,3,-2,-1,1,-2,0,1,3
46893,46893,1503705925901,-4,-1,0,-2,-2,-1,-1,-1
46894,46894,1503705925907,-5,-1,-3,-2,-2,-1,-2,-2
46895,46895,1503705925916,-1,-3,-3,-2,-2,0,-1,-1
46896,46896,1503705925929,-7,0,-1,-1,-2,-1,-3,-12
46897,46897,1503705925938,-6,-3,-1,1,-1,-1,-2,-3
46898,46898,1503705925952,11,2,-1,-2,1,-2,-2,-1
47864,47864,1503705935356,-2,7,6,10,4,-2,-1,-2
47865,47865,1503705935363,0,6,-1,-5,-1,0,-2,-8
47866,47866,1503705935371,-8,-9,-3,-1,-1,-1,-3,-1
47867,47867,1503705935378,-3,-3,1,-1,0,-1,-2,-5
47868,47868,1503705935393,0,-1,-2,0,-3,-4,-1,-2
47869,47869,1503705935400,13,0,-1,-3,1,0,-2,-2
47870,47870,1503705935416,5,-2,-4,-1,-1,0,1,-4
47871,47871,1503705935423,-14,0,2,2,3,-2,0,-5
47872,47872,1503705935436,-4,-2,-2,-2,-1,2,-1,-1
47873,47873,1503705935438,4,3,3,2,-1,-2,-4,1
47874,47874,1503705935454,-1,-5,-5,-40,-54,-10,0,0
47875,47875,1503705935460,-3,-4,-3,-16,-20,-7,-2,-8
47876,47876,1503705935477,8,3,5,21,30,-2,21,0
47877,47877,1503705935483,3,0,-3,2,-7,16,5,0
47878,47878,1503705935491,-24,-2,-4,-11,-2,22,5,-16
47879,47879,1503705935505,10,-6,-4,-5,-7,-13,-5,7
47880,47880,1503705935513,0,-7,1,14,12,-5,-11,5
47881,47881,1503705935520,-12,-4,0,0,-4,-4,0,-6
47882,47882,1503705935537,11,-6,-5,6,9,-2,-6,-13
47883,47883,1503705935544,-10,-4,-4,-2,0,3,3,-1
47884,47884,1503705935551,-6,-7,-3,3,1,-4,-5,-10
47885,47885,1503705935568,6,1,-1,5,13,3,2,-28
47886,47886,1503705935573,12,3,-1,-1,-7,-4,-4,7
47887,47887,1503705935580,-7,0,3,8,10,-1,1,6
47888,47888,1503705935596,-6,0,-4,-7,-7,0,-2,-1
47889,47889,1503705935603,-1,0,1,4,6,-2,-5,6
47890,47890,1503705935611,28,4,2,-1,1,-1,-3,6
47891,47891,1503705935625,-12,-5,0,0,-3,1,-2,2
47892,47892,1503705935635,-25,-4,-2,0,0,-3,-3,6
47893,47893,1503705935640,4,2,1,-1,0,-4,-2,-5
47894,47894,1503705935656,-8,15,10,2,1,-3,-4,-5
47895,47895,1503705935663,25,5,4,-1,6,-2,-3,1
47896,47896,1503705935671,-1,-6,-6,0,5,6,1,2
47897,47897,1503705935685,-18,-4,-5,-2,-1,1,1,-4
47898,47898,1503705935694,-5,-5,0,-2,1,-1,1,0
47899,47899,1503705935703,2,-3,-4,-3,-3,-1,1,2
47900,47900,1503705935716,16,1,-1,1,0,0,-1,5
47901,47901,1503705935723,3,0,0,0,-2,-1,-1,4
47902,47902,1503705935731,-1,2,1,-3,-2,-1,0,4
47903,47903,1503705935745,-4,2,0,-2,-2,0,-1,-1
47904,47904,1503705935753,0,-1,0,0,0,-1,-1,-1
47905,47905,1503705935760,-33,14,6,-1,-2,-2,-2,4
47906,47906,1503705935776,7,8,-2,1,-4,-3,0,1
47907,47907,1503705935783,2,-10,-3,-2,0,-1,-2,-6
47908,47908,1503705935791,-3,-4,-3,0,-1,0,1,-1
47909,47909,1503705935806,8,-5,-5,-2,2,0,1,15
47910,47910,1503705935813,-12,-2,-4,-2,-2,-1,-1,-2
47911,47911,1503705935820,-1,-3,-1,-1,0,0,0,8
47912,47912,1503705935838,-8,-4,1,0,1,-1,-4,-3
47913,47913,1503705935843,-4,-1,-2,-3,-3,-1,-2,-7
47914,47914,1503705935858,2,-1,0,-1,0,-2,0,-2
47915,47915,1503705935865,20,-4,-3,-4,-1,-1,-1,-3
47916,47916,1503705935874,-17,-4,0,4,1,1,1,-1
47917,47917,1503705935880,5,3,-1,-1,1,0,1,-6
47918,47918,1503705935896,-3,-4,-2,-4,-2,-1,-2,-6
47919,47919,1503705935904,3,-1,-2,0,0,1,0,5
47920,47920,1503705935911,10,0,0,-3,-1,1,2,11
47921,47921,1503705935925,3,0,1,-2,-4,-1,-4,-13
47922,47922,1503705935933,3,2,2,5,1,-1,-2,-8
47923,47923,1503705935941,-6,-4,-3,-6,-7,0,1,-6
47924,47924,1503705935956,8,-2,-3,-8,-7,-4,-4,-17
47925,47925,1503705935963,3,2,6,31,20,1,4,22
47926,47926,1503705935971,2,-4,-3,13,5,-4,-6,-21
47927,47927,1503705935985,9,-1,2,-3,-4,-1,0,-9
47928,47928,1503705935993,-5,7,-2,-4,-2,-1,-4,15
47929,47929,1503705936002,-8,3,-4,-3,-3,-2,-4,-2
47930,47930,1503705936016,0,0,0,-6,-5,2,2,10
47931,47931,1503705936023,-5,-3,-3,-6,-2,-1,1,8
47932,47932,1503705936031,9,-8,1,1,1,0,2,9
47933,47933,1503705936046,-2,4,3,-1,1,-1,-1,-14
47934,47934,1503705936054,-21,-5,-1,-5,0,-1,-1,-8
47935,47935,1503705936060,-2,-4,-2,-3,-4,-1,-2,-6
47936,47936,1503705936076,7,1,-2,-2,-2,-1,0,-7
47937,47937,1503705936083,-5,-4,-4,-3,-4,-3,-4,-5
47938,47938,1503705936091,2,0,-1,-3,-3,-1,-1,-9
47939,47939,1503705936106,-10,2,1,-2,3,-1,-3,1
47940,47940,1503705936107,1,-7,-2,-4,0,1,-4,-37
47941,47941,1503705936113,0,0,-3,-3,1,-2,0,5
47942,47942,1503705936120,2,1,2,1,0,-1,3,18
47943,47943,1503705936138,1,-4,2,-3,1,1,2,3
47944,47944,1503705936143,3,-1,-2,2,2,-1,-1,-2
47945,47945,1503705936151,-10,-9,-5,2,1,-2,1,3
47946,47946,1503705936165,10,5,0,-3,-1,0,1,7
47947,47947,1503705936173,-4,-1,-1,2,0,0,-1,10
47948,47948,1503705936180,-25,2,-2,-2,-1,-2,-1,2
47949,47949,1503705936196,-10,2,-1,-2,-1,1,-1,-4
47950,47950,1503705936205,8,2,1,-3,-2,-2,-2,1
47951,47951,1503705936218,-12,-2,-1,-1,-1,-2,-3,-3
47952,47952,1503705936225,4,-5,-5,-5,-3,-2,0,2
47953,47953,1503705936233,14,7,2,5,0,-2,-1,1
47954,47954,1503705936242,-2,1,-2,-1,-1,-1,-1,-2
47955,47955,1503705936256,1,-1,-1,-4,-3,-2,0,7
47956,47956,1503705936263,-3,-2,-2,-3,-1,-1,1,11
47957,47957,1503705936272,-1,-2,-2,-1,0,-1,-3,-27
47958,47958,1503705936285,2,0,1,-1,-2,0,1,-10
47959,47959,1503705936293,1,2,2,1,0,0,0,-2
47960,47960,1503705936300,-2,-2,-1,0,1,-1,-3,-4
47961,47961,1503705936316,27,7,1,-1,0,1,0,1
47962,47962,1503705936323,3,-2,-1,-1,-1,1,-3,7
47963,47963,1503705936331,2,-2,-7,-3,-2,-2,-3,2
47964,47964,1503705936345,-18,-3,-1,2,-2,1,-1,0
47965,47965,1503705936353,-5,-5,0,0,-1,-1,-2,2
47966,47966,1503705936360,-2,1,-3,-3,-4,0,-1,-6
47967,47967,1503705936376,-5,-1,0,-2,-1,-1,2,8
47968,47968,1503705936383,4,-2,0,-2,-2,-2,-1,-8
47969,47969,1503705936391,-4,4,3,1,-1,1,-1,-2
47970,47970,1503705936407,3,-3,-1,-2,-2,-2,-1,-6
47971,47971,1503705936414,-7,-1,0,1,1,0,1,17
47972,47972,1503705936428,-2,-3,-1,1,1,-1,0,12
47973,47973,1503705936436,1,-1,-2,-2,-4,-2,1,-4
47974,47974,1503705936443,-2,4,2,1,1,2,-1,-3
47975,47975,1503705936458,4,-6,-2,-1,-1,-1,0,-3
47976,47976,1503705936465,-6,0,0,-2,0,0,1,-6
47977,47977,1503705936474,-12,2,2,2,0,1,-1,-5
47978,47978,1503705936488,4,0,0,-1,-1,-1,-1,3
47979,47979,1503705936496,2,-2,-2,-3,-2,-1,-3,-6
47980,47980,1503705936503,-3,-4,-3,1,0,-1,1,0
47981,47981,1503705936518,3,0,-1,-1,1,-1,-1,-3
47982,47982,1503705936525,-1,-1,-1,-1,-1,-3,-2,-1
47983,47983,1503705936533,-2,0,-1,-2,-2,0,-1,-2
47984,47984,1503705936549,-6,1,0,0,0,-1,-1,2
47985,47985,1503705936556,-10,-4,-4,0,-2,-2,-3,23
47986,47986,1503705936563,11,1,-1,-2,-2,0,0,-1
47987,47987,1503705936578,-4,0,-1,0,-2,-2,-4,-25
47988,47988,1503705936585,-2,-2,1,-1,-1,-1,-3,6
47989,47989,1503705936593,9,-4,-2,-3,-1,-1,0,0
47990,47990,1503705936609,-9,-4,-3,-3,-2,2,2,-1
47991,47991,1503705936617,-2,-3,-2,-1,0,0,0,0
47992,47992,1503705936623,12,12,4,2,0,-1,-2,6
47993,47993,1503705936638,-9,-4,1,1,1,0,-1,12
47994,47994,1503705936646,-5,-10,-4,0,-2,-2,-3,-5
47995,47995,1503705936653,3,3,1,0,-1,2,2,1
47996,47996,1503705936668,1,1,3,3,1,-2,-3,-8
47997,47997,1503705936676,-1,1,-1,-2,0,-2,-5,-19
47998,47998,1503705936683,-7,0,0,0,-1,-1,-2,-8
47999,47999,1503705936698,1,0,-2,0,-1,-1,2,-2
48000,48000,1503705936705,2,-4,-2,-4,0,0,0,2
48001,48001,1503705936713,-9,-4,0,-4,-1,-2,-3,-1
48002,48002,1503705936728,0,-2,-2,-3,-2,-1,0,4
48003,48003,1503705936736,1,3,-1,1,0,1,2,-14
48004,48004,1503705936743,-1,-3,-3,-2,-3,0,1,3
